event,app_present_seq,elapsed_us,present_hr,requested_buffer_index,current_backbuffer_index_before,current_backbuffer_index_after,current_index_query_hr,buffer0_query_hr,color_id,static_texture_mode,window_visible,window_iconic,window_foreground
present,1,707738,0x00000000,0,0,0,0x00000000,0x00000000,0,0,1,0,1
present,2,720366,0x00000000,0,0,0,0x00000000,0x00000000,0,0,1,0,1
present,3,722501,0x00000000,0,0,0,0x00000000,0x00000000,0,0,1,0,1
present,4,724097,0x00000000,0,0,0,0x00000000,0x00000000,0,0,1,0,1
present,5,724871,0x00000000,0,0,0,0x00000000,0x00000000,0,0,1,0,1
present,6,725546,0x00000000,0,0,0,0x00000000,0x00000000,0,0,1,0,1
present,7,726252,0x00000000,0,0,0,0x00000000,0x00000000,0,0,1,0,1
present,8,726631,0x00000000,0,0,0,0x00000000,0x00000000,0,0,1,0,1
present,9,727388,0x00000000,0,0,0,0x00000000,0x00000000,0,0,1,0,1
present,10,727832,0x00000000,0,0,0,0x00000000,0x00000000,0,0,1,0,1
present,11,728498,0x00000000,0,0,0,0x00000000,0x00000000,0,0,1,0,1
present,12,729060,0x00000000,0,0,0,0x00000000,0x00000000,0,0,1,0,1
present,13,729593,0x00000000,0,0,0,0x00000000,0x00000000,0,0,1,0,1
present,14,730123,0x00000000,0,0,0,0x00000000,0x00000000,0,0,1,0,1
present,15,730657,0x00000000,0,0,0,0x00000000,0x00000000,0,0,1,0,1
present,16,731169,0x00000000,0,0,0,0x00000000,0x00000000,0,0,1,0,1
present,17,731642,0x00000000,0,0,0,0x00000000,0x00000000,0,0,1,0,1
present,18,732121,0x00000000,0,0,0,0x00000000,0x00000000,0,0,1,0,1
present,19,732568,0x00000000,0,0,0,0x00000000,0x00000000,0,0,1,0,1
present,20,733042,0x00000000,0,0,0,0x00000000,0x00000000,0,0,1,0,1
present,21,733533,0x00000000,0,0,0,0x00000000,0x00000000,0,0,1,0,1
present,22,733972,0x00000000,0,0,0,0x00000000,0x00000000,0,0,1,0,1
present,23,734391,0x00000000,0,0,0,0x00000000,0x00000000,0,0,1,0,1
present,24,770349,0x00000000,0,0,0,0x00000000,0x00000000,0,0,1,0,1
present,25,803450,0x00000000,0,0,0,0x00000000,0x00000000,0,0,1,0,1
present,26,834546,0x00000000,0,0,0,0x00000000,0x00000000,0,0,1,0,1
present,27,870717,0x00000000,0,0,0,0x00000000,0x00000000,0,0,1,0,1
present,28,903896,0x00000000,0,0,0,0x00000000,0x00000000,0,0,1,0,1
present,29,935254,0x00000000,0,0,0,0x00000000,0x00000000,0,0,1,0,1
present,30,968896,0x00000000,0,0,0,0x00000000,0x00000000,0,0,1,0,1
present,31,1002685,0x00000000,0,0,0,0x00000000,0x00000000,1,0,1,0,1
present,32,1037952,0x00000000,0,0,0,0x00000000,0x00000000,1,0,1,0,1
present,33,1071431,0x00000000,0,0,0,0x00000000,0x00000000,1,0,1,0,1
present,34,1104582,0x00000000,0,0,0,0x00000000,0x00000000,1,0,1,0,1
present,35,1134470,0x00000000,0,0,0,0x00000000,0x00000000,1,0,1,0,1
present,36,1170727,0x00000000,0,0,0,0x00000000,0x00000000,1,0,1,0,1
present,37,1202601,0x00000000,0,0,0,0x00000000,0x00000000,1,0,1,0,1
present,38,1237788,0x00000000,0,0,0,0x00000000,0x00000000,1,0,1,0,1
present,39,1269689,0x00000000,0,0,0,0x00000000,0x00000000,1,0,1,0,1
present,40,1302039,0x00000000,0,0,0,0x00000000,0x00000000,1,0,1,0,1
present,41,1335359,0x00000000,0,0,0,0x00000000,0x00000000,1,0,1,0,1
present,42,1368546,0x00000000,0,0,0,0x00000000,0x00000000,1,0,1,0,1
present,43,1404795,0x00000000,0,0,0,0x00000000,0x00000000,1,0,1,0,1
present,44,1437938,0x00000000,0,0,0,0x00000000,0x00000000,1,0,1,0,1
present,45,1469672,0x00000000,0,0,0,0x00000000,0x00000000,1,0,1,0,1
present,46,1500600,0x00000000,0,0,0,0x00000000,0x00000000,1,0,1,0,1
present,47,1534007,0x00000000,0,0,0,0x00000000,0x00000000,1,0,1,0,1
present,48,1567383,0x00000000,0,0,0,0x00000000,0x00000000,1,0,1,0,1
present,49,1602768,0x00000000,0,0,0,0x00000000,0x00000000,1,0,1,0,1
present,50,1634051,0x00000000,0,0,0,0x00000000,0x00000000,1,0,1,0,1
present,51,1667613,0x00000000,0,0,0,0x00000000,0x00000000,1,0,1,0,1
present,52,1703843,0x00000000,0,0,0,0x00000000,0x00000000,1,0,1,0,1
present,53,1737012,0x00000000,0,0,0,0x00000000,0x00000000,1,0,1,0,1
present,54,1770219,0x00000000,0,0,0,0x00000000,0x00000000,1,0,1,0,1
present,55,1803688,0x00000000,0,0,0,0x00000000,0x00000000,1,0,1,0,1
present,56,1837650,0x00000000,0,0,0,0x00000000,0x00000000,1,0,1,0,1
present,57,1868653,0x00000000,0,0,0,0x00000000,0x00000000,1,0,1,0,1
present,58,1900539,0x00000000,0,0,0,0x00000000,0x00000000,1,0,1,0,1
present,59,1938206,0x00000000,0,0,0,0x00000000,0x00000000,1,0,1,0,1
present,60,1967380,0x00000000,0,0,0,0x00000000,0x00000000,1,0,1,0,1
present,61,2003794,0x00000000,0,0,0,0x00000000,0x00000000,2,0,1,0,1
present,62,2037270,0x00000000,0,0,0,0x00000000,0x00000000,2,0,1,0,1
present,63,2071767,0x00000000,0,0,0,0x00000000,0x00000000,2,0,1,0,1
present,64,2100560,0x00000000,0,0,0,0x00000000,0x00000000,2,0,1,0,1
present,65,2137888,0x00000000,0,0,0,0x00000000,0x00000000,2,0,1,0,1
present,66,2170834,0x00000000,0,0,0,0x00000000,0x00000000,2,0,1,0,1
present,67,2203881,0x00000000,0,0,0,0x00000000,0x00000000,2,0,1,0,1
present,68,2233462,0x00000000,0,0,0,0x00000000,0x00000000,2,0,1,0,1
present,69,2269723,0x00000000,0,0,0,0x00000000,0x00000000,2,0,1,0,1
present,70,2301943,0x00000000,0,0,0,0x00000000,0x00000000,2,0,1,0,1
present,71,2338829,0x00000000,0,0,0,0x00000000,0x00000000,2,0,1,0,1
present,72,2370654,0x00000000,0,0,0,0x00000000,0x00000000,2,0,1,0,1
present,73,2400490,0x00000000,0,0,0,0x00000000,0x00000000,2,0,1,0,1
present,74,2433864,0x00000000,0,0,0,0x00000000,0x00000000,2,0,1,0,1
present,75,2470892,0x00000000,0,0,0,0x00000000,0x00000000,2,0,1,0,1
present,76,2504192,0x00000000,0,0,0,0x00000000,0x00000000,2,0,1,0,1
present,77,2537692,0x00000000,0,0,0,0x00000000,0x00000000,2,0,1,0,1
present,78,2570303,0x00000000,0,0,0,0x00000000,0x00000000,2,0,1,0,1
present,79,2600741,0x00000000,0,0,0,0x00000000,0x00000000,2,0,1,0,1
present,80,2636078,0x00000000,0,0,0,0x00000000,0x00000000,2,0,1,0,1
present,81,2670211,0x00000000,0,0,0,0x00000000,0x00000000,2,0,1,0,1
present,82,2703507,0x00000000,0,0,0,0x00000000,0x00000000,2,0,1,0,1
present,83,2736838,0x00000000,0,0,0,0x00000000,0x00000000,2,0,1,0,1
present,84,2770080,0x00000000,0,0,0,0x00000000,0x00000000,2,0,1,0,1
present,85,2803292,0x00000000,0,0,0,0x00000000,0x00000000,2,0,1,0,1
present,86,2837022,0x00000000,0,0,0,0x00000000,0x00000000,2,0,1,0,1
present,87,2870979,0x00000000,0,0,0,0x00000000,0x00000000,2,0,1,0,1
present,88,2901949,0x00000000,0,0,0,0x00000000,0x00000000,2,0,1,0,1
present,89,2938110,0x00000000,0,0,0,0x00000000,0x00000000,2,0,1,0,1
present,90,2969555,0x00000000,0,0,0,0x00000000,0x00000000,2,0,1,0,1
present,91,3004665,0x00000000,0,0,0,0x00000000,0x00000000,3,0,1,0,1
present,92,3034799,0x00000000,0,0,0,0x00000000,0x00000000,3,0,1,0,1
present,93,3067200,0x00000000,0,0,0,0x00000000,0x00000000,3,0,1,0,1
present,94,3101987,0x00000000,0,0,0,0x00000000,0x00000000,3,0,1,0,1
present,95,3133858,0x00000000,0,0,0,0x00000000,0x00000000,3,0,1,0,1
present,96,3170646,0x00000000,0,0,0,0x00000000,0x00000000,3,0,1,0,1
present,97,3200205,0x00000000,0,0,0,0x00000000,0x00000000,3,0,1,0,1
present,98,3237544,0x00000000,0,0,0,0x00000000,0x00000000,3,0,1,0,1
present,99,3270866,0x00000000,0,0,0,0x00000000,0x00000000,3,0,1,0,1
present,100,3304645,0x00000000,0,0,0,0x00000000,0x00000000,3,0,1,0,1
present,101,3338201,0x00000000,0,0,0,0x00000000,0x00000000,3,0,1,0,1
present,102,3371779,0x00000000,0,0,0,0x00000000,0x00000000,3,0,1,0,1
present,103,3401849,0x00000000,0,0,0,0x00000000,0x00000000,3,0,1,0,1
present,104,3435180,0x00000000,0,0,0,0x00000000,0x00000000,3,0,1,0,1
present,105,3471454,0x00000000,0,0,0,0x00000000,0x00000000,3,0,1,0,1
present,106,3501905,0x00000000,0,0,0,0x00000000,0x00000000,3,0,1,0,1
present,107,3537452,0x00000000,0,0,0,0x00000000,0x00000000,3,0,1,0,1
present,108,3568500,0x00000000,0,0,0,0x00000000,0x00000000,3,0,1,0,1
present,109,3600529,0x00000000,0,0,0,0x00000000,0x00000000,3,0,1,0,1
present,110,3634818,0x00000000,0,0,0,0x00000000,0x00000000,3,0,1,0,1
present,111,3670130,0x00000000,0,0,0,0x00000000,0x00000000,3,0,1,0,1
present,112,3703314,0x00000000,0,0,0,0x00000000,0x00000000,3,0,1,0,1
present,113,3736582,0x00000000,0,0,0,0x00000000,0x00000000,3,0,1,0,1
present,114,3770828,0x00000000,0,0,0,0x00000000,0x00000000,3,0,1,0,1
present,115,3804409,0x00000000,0,0,0,0x00000000,0x00000000,3,0,1,0,1
present,116,3835251,0x00000000,0,0,0,0x00000000,0x00000000,3,0,1,0,1
present,117,3868445,0x00000000,0,0,0,0x00000000,0x00000000,3,0,1,0,1
present,118,3902231,0x00000000,0,0,0,0x00000000,0x00000000,3,0,1,0,1
present,119,3937208,0x00000000,0,0,0,0x00000000,0x00000000,3,0,1,0,1
present,120,3971536,0x00000000,0,0,0,0x00000000,0x00000000,3,0,1,0,1
present,121,4001893,0x00000000,0,0,0,0x00000000,0x00000000,0,0,1,0,1
present,122,4038246,0x00000000,0,0,0,0x00000000,0x00000000,0,0,1,0,1
present,123,4069611,0x00000000,0,0,0,0x00000000,0x00000000,0,0,1,0,1
present,124,4103029,0x00000000,0,0,0,0x00000000,0x00000000,0,0,1,0,1
present,125,4133971,0x00000000,0,0,0,0x00000000,0x00000000,0,0,1,0,1
present,126,4168869,0x00000000,0,0,0,0x00000000,0x00000000,0,0,1,0,1
present,127,4202214,0x00000000,0,0,0,0x00000000,0x00000000,0,0,1,0,1
present,128,4237150,0x00000000,0,0,0,0x00000000,0x00000000,0,0,1,0,1
present,129,4268516,0x00000000,0,0,0,0x00000000,0x00000000,0,0,1,0,1
present,130,4301223,0x00000000,0,0,0,0x00000000,0x00000000,0,0,1,0,1
present,131,4336441,0x00000000,0,0,0,0x00000000,0x00000000,0,0,1,0,1
present,132,4367189,0x00000000,0,0,0,0x00000000,0x00000000,0,0,1,0,1
present,133,4403007,0x00000000,0,0,0,0x00000000,0x00000000,0,0,1,0,1
present,134,4434963,0x00000000,0,0,0,0x00000000,0x00000000,0,0,1,0,1
present,135,4468485,0x00000000,0,0,0,0x00000000,0x00000000,0,0,1,0,1
present,136,4503772,0x00000000,0,0,0,0x00000000,0x00000000,0,0,1,0,1
present,137,4537016,0x00000000,0,0,0,0x00000000,0x00000000,0,0,1,0,1
present,138,4570997,0x00000000,0,0,0,0x00000000,0x00000000,0,0,1,0,1
present,139,4601975,0x00000000,0,0,0,0x00000000,0x00000000,0,0,1,0,1
present,140,4634217,0x00000000,0,0,0,0x00000000,0x00000000,0,0,1,0,1
present,141,4668129,0x00000000,0,0,0,0x00000000,0x00000000,0,0,1,0,1
present,142,4703525,0x00000000,0,0,0,0x00000000,0x00000000,0,0,1,0,1
present,143,4736700,0x00000000,0,0,0,0x00000000,0x00000000,0,0,1,0,1
present,144,4769873,0x00000000,0,0,0,0x00000000,0x00000000,0,0,1,0,1
present,145,4802764,0x00000000,0,0,0,0x00000000,0x00000000,0,0,1,0,1
present,146,4837142,0x00000000,0,0,0,0x00000000,0x00000000,0,0,1,0,1
present,147,4868051,0x00000000,0,0,0,0x00000000,0x00000000,0,0,1,0,1
present,148,4901806,0x00000000,0,0,0,0x00000000,0x00000000,0,0,1,0,1
present,149,4934955,0x00000000,0,0,0,0x00000000,0x00000000,0,0,1,0,1
present,150,4968907,0x00000000,0,0,0,0x00000000,0x00000000,0,0,1,0,1
present,151,5003970,0x00000000,0,0,0,0x00000000,0x00000000,1,0,1,0,1
present,152,5037450,0x00000000,0,0,0,0x00000000,0x00000000,1,0,1,0,1
present,153,5070750,0x00000000,0,0,0,0x00000000,0x00000000,1,0,1,0,1
present,154,5104362,0x00000000,0,0,0,0x00000000,0x00000000,1,0,1,0,1
present,155,5138637,0x00000000,0,0,0,0x00000000,0x00000000,1,0,1,0,1
present,156,5167171,0x00000000,0,0,0,0x00000000,0x00000000,1,0,1,0,1
present,157,5204049,0x00000000,0,0,0,0x00000000,0x00000000,1,0,1,0,1
present,158,5237446,0x00000000,0,0,0,0x00000000,0x00000000,1,0,1,0,1
present,159,5268515,0x00000000,0,0,0,0x00000000,0x00000000,1,0,1,0,1
present,160,5304724,0x00000000,0,0,0,0x00000000,0x00000000,1,0,1,0,1
present,161,5336599,0x00000000,0,0,0,0x00000000,0x00000000,1,0,1,0,1
present,162,5370694,0x00000000,0,0,0,0x00000000,0x00000000,1,0,1,0,1
present,163,5404000,0x00000000,0,0,0,0x00000000,0x00000000,1,0,1,0,1
present,164,5433858,0x00000000,0,0,0,0x00000000,0x00000000,1,0,1,0,1
present,165,5469815,0x00000000,0,0,0,0x00000000,0x00000000,1,0,1,0,1
present,166,5505878,0x00000000,0,0,0,0x00000000,0x00000000,1,0,1,0,1
present,167,5535144,0x00000000,0,0,0,0x00000000,0x00000000,1,0,1,0,1
present,168,5571613,0x00000000,0,0,0,0x00000000,0x00000000,1,0,1,0,1
present,169,5603506,0x00000000,0,0,0,0x00000000,0x00000000,1,0,1,0,1
present,170,5634749,0x00000000,0,0,0,0x00000000,0x00000000,1,0,1,0,1
present,171,5670092,0x00000000,0,0,0,0x00000000,0x00000000,1,0,1,0,1
present,172,5703341,0x00000000,0,0,0,0x00000000,0x00000000,1,0,1,0,1
present,173,5736506,0x00000000,0,0,0,0x00000000,0x00000000,1,0,1,0,1
present,174,5770659,0x00000000,0,0,0,0x00000000,0x00000000,1,0,1,0,1
present,175,5802079,0x00000000,0,0,0,0x00000000,0x00000000,1,0,1,0,1
present,176,5835365,0x00000000,0,0,0,0x00000000,0x00000000,1,0,1,0,1
present,177,5871663,0x00000000,0,0,0,0x00000000,0x00000000,1,0,1,0,1
present,178,5904044,0x00000000,0,0,0,0x00000000,0x00000000,1,0,1,0,1
present,179,5934111,0x00000000,0,0,0,0x00000000,0x00000000,1,0,1,0,1
present,180,5968823,0x00000000,0,0,0,0x00000000,0x00000000,1,0,1,0,1
present,181,6003102,0x00000000,0,0,0,0x00000000,0x00000000,2,0,1,0,1
present,182,6037283,0x00000000,0,0,0,0x00000000,0x00000000,2,0,1,0,1
present,183,6069397,0x00000000,0,0,0,0x00000000,0x00000000,2,0,1,0,1
present,184,6101816,0x00000000,0,0,0,0x00000000,0x00000000,2,0,1,0,1
present,185,6135459,0x00000000,0,0,0,0x00000000,0x00000000,2,0,1,0,1
present,186,6169065,0x00000000,0,0,0,0x00000000,0x00000000,2,0,1,0,1
present,187,6203196,0x00000000,0,0,0,0x00000000,0x00000000,2,0,1,0,1
present,188,6238218,0x00000000,0,0,0,0x00000000,0x00000000,2,0,1,0,1
present,189,6268467,0x00000000,0,0,0,0x00000000,0x00000000,2,0,1,0,1
present,190,6301796,0x00000000,0,0,0,0x00000000,0x00000000,2,0,1,0,1
present,191,6336640,0x00000000,0,0,0,0x00000000,0x00000000,2,0,1,0,1
present,192,6370733,0x00000000,0,0,0,0x00000000,0x00000000,2,0,1,0,1
present,193,6404150,0x00000000,0,0,0,0x00000000,0x00000000,2,0,1,0,1
present,194,6433828,0x00000000,0,0,0,0x00000000,0x00000000,2,0,1,0,1
present,195,6468325,0x00000000,0,0,0,0x00000000,0x00000000,2,0,1,0,1
present,196,6504616,0x00000000,0,0,0,0x00000000,0x00000000,2,0,1,0,1
present,197,6536341,0x00000000,0,0,0,0x00000000,0x00000000,2,0,1,0,1
present,198,6568355,0x00000000,0,0,0,0x00000000,0x00000000,2,0,1,0,1
present,199,6602008,0x00000000,0,0,0,0x00000000,0x00000000,2,0,1,0,1
present,200,6635569,0x00000000,0,0,0,0x00000000,0x00000000,2,0,1,0,1
present,201,6668550,0x00000000,0,0,0,0x00000000,0x00000000,2,0,1,0,1
present,202,6703784,0x00000000,0,0,0,0x00000000,0x00000000,2,0,1,0,1
present,203,6737088,0x00000000,0,0,0,0x00000000,0x00000000,2,0,1,0,1
present,204,6770344,0x00000000,0,0,0,0x00000000,0x00000000,2,0,1,0,1
present,205,6803633,0x00000000,0,0,0,0x00000000,0x00000000,2,0,1,0,1
present,206,6837466,0x00000000,0,0,0,0x00000000,0x00000000,2,0,1,0,1
present,207,6868636,0x00000000,0,0,0,0x00000000,0x00000000,2,0,1,0,1
present,208,6900529,0x00000000,0,0,0,0x00000000,0x00000000,2,0,1,0,1
present,209,6937372,0x00000000,0,0,0,0x00000000,0x00000000,2,0,1,0,1
present,210,6970192,0x00000000,0,0,0,0x00000000,0x00000000,2,0,1,0,1
present,211,7002724,0x00000000,0,0,0,0x00000000,0x00000000,3,0,1,0,1
present,212,7035101,0x00000000,0,0,0,0x00000000,0x00000000,3,0,1,0,1
present,213,7067483,0x00000000,0,0,0,0x00000000,0x00000000,3,0,1,0,1
present,214,7103897,0x00000000,0,0,0,0x00000000,0x00000000,3,0,1,0,1
present,215,7138000,0x00000000,0,0,0,0x00000000,0x00000000,3,0,1,0,1
present,216,7167399,0x00000000,0,0,0,0x00000000,0x00000000,3,0,1,0,1
present,217,7200179,0x00000000,0,0,0,0x00000000,0x00000000,3,0,1,0,1
present,218,7237974,0x00000000,0,0,0,0x00000000,0x00000000,3,0,1,0,1
present,219,7270831,0x00000000,0,0,0,0x00000000,0x00000000,3,0,1,0,1
present,220,7301393,0x00000000,0,0,0,0x00000000,0x00000000,3,0,1,0,1
present,221,7337142,0x00000000,0,0,0,0x00000000,0x00000000,3,0,1,0,1
present,222,7368634,0x00000000,0,0,0,0x00000000,0x00000000,3,0,1,0,1
present,223,7401756,0x00000000,0,0,0,0x00000000,0x00000000,3,0,1,0,1
present,224,7435204,0x00000000,0,0,0,0x00000000,0x00000000,3,0,1,0,1
present,225,7468781,0x00000000,0,0,0,0x00000000,0x00000000,3,0,1,0,1
present,226,7501906,0x00000000,0,0,0,0x00000000,0x00000000,3,0,1,0,1
present,227,7535296,0x00000000,0,0,0,0x00000000,0x00000000,3,0,1,0,1
present,228,7568416,0x00000000,0,0,0,0x00000000,0x00000000,3,0,1,0,1
present,229,7603054,0x00000000,0,0,0,0x00000000,0x00000000,3,0,1,0,1
present,230,7636594,0x00000000,0,0,0,0x00000000,0x00000000,3,0,1,0,1
present,231,7670019,0x00000000,0,0,0,0x00000000,0x00000000,3,0,1,0,1
present,232,7703235,0x00000000,0,0,0,0x00000000,0x00000000,3,0,1,0,1
present,233,7737484,0x00000000,0,0,0,0x00000000,0x00000000,3,0,1,0,1
present,234,7770680,0x00000000,0,0,0,0x00000000,0x00000000,3,0,1,0,1
present,235,7804113,0x00000000,0,0,0,0x00000000,0x00000000,3,0,1,0,1
present,236,7838206,0x00000000,0,0,0,0x00000000,0x00000000,3,0,1,0,1
present,237,7870793,0x00000000,0,0,0,0x00000000,0x00000000,3,0,1,0,1
present,238,7904136,0x00000000,0,0,0,0x00000000,0x00000000,3,0,1,0,1
present,239,7937276,0x00000000,0,0,0,0x00000000,0x00000000,3,0,1,0,1
present,240,7969404,0x00000000,0,0,0,0x00000000,0x00000000,3,0,1,0,1
present,241,8003654,0x00000000,0,0,0,0x00000000,0x00000000,0,0,1,0,1
present,242,8035828,0x00000000,0,0,0,0x00000000,0x00000000,0,0,1,0,1
present,243,8067250,0x00000000,0,0,0,0x00000000,0x00000000,0,0,1,0,1
present,244,8100539,0x00000000,0,0,0,0x00000000,0x00000000,0,0,1,0,1
present,245,8136355,0x00000000,0,0,0,0x00000000,0x00000000,0,0,1,0,1
present,246,8167179,0x00000000,0,0,0,0x00000000,0x00000000,0,0,1,0,1
present,247,8200518,0x00000000,0,0,0,0x00000000,0x00000000,0,0,1,0,1
present,248,8238013,0x00000000,0,0,0,0x00000000,0x00000000,0,0,1,0,1
present,249,8270889,0x00000000,0,0,0,0x00000000,0x00000000,0,0,1,0,1
present,250,8304255,0x00000000,0,0,0,0x00000000,0x00000000,0,0,1,0,1
present,251,8333837,0x00000000,0,0,0,0x00000000,0x00000000,0,0,1,0,1
present,252,8370604,0x00000000,0,0,0,0x00000000,0x00000000,0,0,1,0,1
present,253,8400892,0x00000000,0,0,0,0x00000000,0x00000000,0,0,1,0,1
present,254,8433904,0x00000000,0,0,0,0x00000000,0x00000000,0,0,1,0,1
present,255,8469384,0x00000000,0,0,0,0x00000000,0x00000000,0,0,1,0,1
present,256,8505044,0x00000000,0,0,0,0x00000000,0x00000000,0,0,1,0,1
present,257,8533860,0x00000000,0,0,0,0x00000000,0x00000000,0,0,1,0,1
present,258,8568588,0x00000000,0,0,0,0x00000000,0x00000000,0,0,1,0,1
present,259,8603905,0x00000000,0,0,0,0x00000000,0x00000000,0,0,1,0,1
present,260,8638846,0x00000000,0,0,0,0x00000000,0x00000000,0,0,1,0,1
present,261,8669888,0x00000000,0,0,0,0x00000000,0x00000000,0,0,1,0,1
present,262,8701793,0x00000000,0,0,0,0x00000000,0x00000000,0,0,1,0,1
present,263,8737008,0x00000000,0,0,0,0x00000000,0x00000000,0,0,1,0,1
present,264,8770186,0x00000000,0,0,0,0x00000000,0x00000000,0,0,1,0,1
present,265,8803842,0x00000000,0,0,0,0x00000000,0x00000000,0,0,1,0,1
present,266,8838190,0x00000000,0,0,0,0x00000000,0x00000000,0,0,1,0,1
present,267,8870677,0x00000000,0,0,0,0x00000000,0x00000000,0,0,1,0,1
present,268,8901065,0x00000000,0,0,0,0x00000000,0x00000000,0,0,1,0,1
present,269,8936283,0x00000000,0,0,0,0x00000000,0x00000000,0,0,1,0,1
present,270,8968530,0x00000000,0,0,0,0x00000000,0x00000000,0,0,1,0,1
present,271,9000508,0x00000000,0,0,0,0x00000000,0x00000000,1,0,1,0,1
present,272,9033898,0x00000000,0,0,0,0x00000000,0x00000000,1,0,1,0,1
present,273,9071503,0x00000000,0,0,0,0x00000000,0x00000000,1,0,1,0,1
present,274,9103346,0x00000000,0,0,0,0x00000000,0x00000000,1,0,1,0,1
present,275,9137817,0x00000000,0,0,0,0x00000000,0x00000000,1,0,1,0,1
present,276,9171189,0x00000000,0,0,0,0x00000000,0x00000000,1,0,1,0,1
present,277,9200582,0x00000000,0,0,0,0x00000000,0x00000000,1,0,1,0,1
present,278,9238115,0x00000000,0,0,0,0x00000000,0x00000000,1,0,1,0,1
present,279,9270984,0x00000000,0,0,0,0x00000000,0x00000000,1,0,1,0,1
present,280,9304490,0x00000000,0,0,0,0x00000000,0x00000000,1,0,1,0,1
present,281,9336579,0x00000000,0,0,0,0x00000000,0x00000000,1,0,1,0,1
present,282,9370691,0x00000000,0,0,0,0x00000000,0x00000000,1,0,1,0,1
present,283,9403925,0x00000000,0,0,0,0x00000000,0x00000000,1,0,1,0,1
present,284,9433863,0x00000000,0,0,0,0x00000000,0x00000000,1,0,1,0,1
present,285,9469576,0x00000000,0,0,0,0x00000000,0x00000000,1,0,1,0,1
present,286,9501995,0x00000000,0,0,0,0x00000000,0x00000000,1,0,1,0,1
present,287,9535203,0x00000000,0,0,0,0x00000000,0x00000000,1,0,1,0,1
present,288,9570724,0x00000000,0,0,0,0x00000000,0x00000000,1,0,1,0,1
present,289,9600848,0x00000000,0,0,0,0x00000000,0x00000000,1,0,1,0,1
present,290,9637441,0x00000000,0,0,0,0x00000000,0x00000000,1,0,1,0,1
present,291,9668025,0x00000000,0,0,0,0x00000000,0x00000000,1,0,1,0,1
present,292,9703252,0x00000000,0,0,0,0x00000000,0x00000000,1,0,1,0,1
present,293,9737445,0x00000000,0,0,0,0x00000000,0x00000000,1,0,1,0,1
present,294,9770632,0x00000000,0,0,0,0x00000000,0x00000000,1,0,1,0,1
present,295,9801683,0x00000000,0,0,0,0x00000000,0x00000000,1,0,1,0,1
present,296,9838083,0x00000000,0,0,0,0x00000000,0x00000000,1,0,1,0,1
present,297,9871608,0x00000000,0,0,0,0x00000000,0x00000000,1,0,1,0,1
present,298,9900520,0x00000000,0,0,0,0x00000000,0x00000000,1,0,1,0,1
present,299,9936069,0x00000000,0,0,0,0x00000000,0x00000000,1,0,1,0,1
present,300,9971453,0x00000000,0,0,0,0x00000000,0x00000000,1,0,1,0,1
present,301,10004349,0x00000000,0,0,0,0x00000000,0x00000000,2,0,1,0,1
present,302,10038121,0x00000000,0,0,0,0x00000000,0x00000000,2,0,1,0,1
present,303,10067184,0x00000000,0,0,0,0x00000000,0x00000000,2,0,1,0,1
present,304,10104584,0x00000000,0,0,0,0x00000000,0x00000000,2,0,1,0,1
present,305,10138081,0x00000000,0,0,0,0x00000000,0x00000000,2,0,1,0,1
present,306,10171084,0x00000000,0,0,0,0x00000000,0x00000000,2,0,1,0,1
present,307,10204547,0x00000000,0,0,0,0x00000000,0x00000000,2,0,1,0,1
present,308,10237783,0x00000000,0,0,0,0x00000000,0x00000000,2,0,1,0,1
present,309,10271595,0x00000000,0,0,0,0x00000000,0x00000000,2,0,1,0,1
present,310,10304019,0x00000000,0,0,0,0x00000000,0x00000000,2,0,1,0,1
present,311,10334017,0x00000000,0,0,0,0x00000000,0x00000000,2,0,1,0,1
present,312,10371118,0x00000000,0,0,0,0x00000000,0x00000000,2,0,1,0,1
present,313,10401853,0x00000000,0,0,0,0x00000000,0x00000000,2,0,1,0,1
present,314,10433923,0x00000000,0,0,0,0x00000000,0x00000000,2,0,1,0,1
present,315,10468924,0x00000000,0,0,0,0x00000000,0x00000000,2,0,1,0,1
present,316,10502006,0x00000000,0,0,0,0x00000000,0x00000000,2,0,1,0,1
present,317,10538194,0x00000000,0,0,0,0x00000000,0x00000000,2,0,1,0,1
present,318,10568613,0x00000000,0,0,0,0x00000000,0x00000000,2,0,1,0,1
present,319,10602197,0x00000000,0,0,0,0x00000000,0x00000000,2,0,1,0,1
present,320,10635788,0x00000000,0,0,0,0x00000000,0x00000000,2,0,1,0,1
present,321,10670176,0x00000000,0,0,0,0x00000000,0x00000000,2,0,1,0,1
present,322,10703455,0x00000000,0,0,0,0x00000000,0x00000000,2,0,1,0,1
present,323,10736704,0x00000000,0,0,0,0x00000000,0x00000000,2,0,1,0,1
present,324,10769913,0x00000000,0,0,0,0x00000000,0x00000000,2,0,1,0,1
present,325,10804130,0x00000000,0,0,0,0x00000000,0x00000000,2,0,1,0,1
present,326,10837871,0x00000000,0,0,0,0x00000000,0x00000000,2,0,1,0,1
present,327,10868715,0x00000000,0,0,0,0x00000000,0x00000000,2,0,1,0,1
present,328,10904888,0x00000000,0,0,0,0x00000000,0x00000000,2,0,1,0,1
present,329,10936969,0x00000000,0,0,0,0x00000000,0x00000000,2,0,1,0,1
present,330,10970644,0x00000000,0,0,0,0x00000000,0x00000000,2,0,1,0,1
present,331,11004381,0x00000000,0,0,0,0x00000000,0x00000000,3,0,1,0,1
present,332,11033532,0x00000000,0,0,0,0x00000000,0x00000000,3,0,1,0,1
present,333,11071633,0x00000000,0,0,0,0x00000000,0x00000000,3,0,1,0,1
present,334,11103182,0x00000000,0,0,0,0x00000000,0x00000000,3,0,1,0,1
present,335,11134809,0x00000000,0,0,0,0x00000000,0x00000000,3,0,1,0,1
present,336,11170943,0x00000000,0,0,0,0x00000000,0x00000000,3,0,1,0,1
present,337,11203474,0x00000000,0,0,0,0x00000000,0x00000000,3,0,1,0,1
present,338,11237462,0x00000000,0,0,0,0x00000000,0x00000000,3,0,1,0,1
present,339,11270414,0x00000000,0,0,0,0x00000000,0x00000000,3,0,1,0,1
present,340,11304288,0x00000000,0,0,0,0x00000000,0x00000000,3,0,1,0,1
present,341,11336499,0x00000000,0,0,0,0x00000000,0x00000000,3,0,1,0,1
present,342,11370227,0x00000000,0,0,0,0x00000000,0x00000000,3,0,1,0,1
present,343,11404323,0x00000000,0,0,0,0x00000000,0x00000000,3,0,1,0,1
present,344,11436697,0x00000000,0,0,0,0x00000000,0x00000000,3,0,1,0,1
present,345,11470514,0x00000000,0,0,0,0x00000000,0x00000000,3,0,1,0,1
present,346,11504520,0x00000000,0,0,0,0x00000000,0x00000000,3,0,1,0,1
present,347,11535312,0x00000000,0,0,0,0x00000000,0x00000000,3,0,1,0,1
present,348,11566916,0x00000000,0,0,0,0x00000000,0x00000000,3,0,1,0,1
present,349,11601049,0x00000000,0,0,0,0x00000000,0x00000000,3,0,1,0,1
present,350,11633878,0x00000000,0,0,0,0x00000000,0x00000000,3,0,1,0,1
present,351,11670292,0x00000000,0,0,0,0x00000000,0x00000000,3,0,1,0,1
present,352,11703472,0x00000000,0,0,0,0x00000000,0x00000000,3,0,1,0,1
present,353,11736788,0x00000000,0,0,0,0x00000000,0x00000000,3,0,1,0,1
present,354,11770013,0x00000000,0,0,0,0x00000000,0x00000000,3,0,1,0,1
present,355,11803529,0x00000000,0,0,0,0x00000000,0x00000000,3,0,1,0,1
present,356,11837571,0x00000000,0,0,0,0x00000000,0x00000000,3,0,1,0,1
present,357,11871239,0x00000000,0,0,0,0x00000000,0x00000000,3,0,1,0,1
present,358,11903987,0x00000000,0,0,0,0x00000000,0x00000000,3,0,1,0,1
present,359,11936576,0x00000000,0,0,0,0x00000000,0x00000000,3,0,1,0,1
present,360,11968612,0x00000000,0,0,0,0x00000000,0x00000000,3,0,1,0,1
present,361,12005043,0x00000000,0,0,0,0x00000000,0x00000000,0,0,1,0,1
present,362,12037949,0x00000000,0,0,0,0x00000000,0x00000000,0,0,1,0,1
present,363,12071513,0x00000000,0,0,0,0x00000000,0x00000000,0,0,1,0,1
present,364,12101879,0x00000000,0,0,0,0x00000000,0x00000000,0,0,1,0,1
present,365,12136288,0x00000000,0,0,0,0x00000000,0x00000000,0,0,1,0,1
present,366,12168553,0x00000000,0,0,0,0x00000000,0x00000000,0,0,1,0,1
present,367,12200539,0x00000000,0,0,0,0x00000000,0x00000000,0,0,1,0,1
present,368,12237138,0x00000000,0,0,0,0x00000000,0x00000000,0,0,1,0,1
present,369,12271102,0x00000000,0,0,0,0x00000000,0x00000000,0,0,1,0,1
present,370,12301662,0x00000000,0,0,0,0x00000000,0x00000000,0,0,1,0,1
present,371,12333967,0x00000000,0,0,0,0x00000000,0x00000000,0,0,1,0,1
present,372,12370935,0x00000000,0,0,0,0x00000000,0x00000000,0,0,1,0,1
present,373,12404886,0x00000000,0,0,0,0x00000000,0x00000000,0,0,1,0,1
present,374,12435123,0x00000000,0,0,0,0x00000000,0x00000000,0,0,1,0,1
present,375,12467178,0x00000000,0,0,0,0x00000000,0x00000000,0,0,1,0,1
present,376,12504085,0x00000000,0,0,0,0x00000000,0x00000000,0,0,1,0,1
present,377,12535202,0x00000000,0,0,0,0x00000000,0x00000000,0,0,1,0,1
present,378,12568436,0x00000000,0,0,0,0x00000000,0x00000000,0,0,1,0,1
present,379,12601901,0x00000000,0,0,0,0x00000000,0x00000000,0,0,1,0,1
present,380,12635810,0x00000000,0,0,0,0x00000000,0x00000000,0,0,1,0,1
present,381,12667578,0x00000000,0,0,0,0x00000000,0x00000000,0,0,1,0,1
present,382,12703847,0x00000000,0,0,0,0x00000000,0x00000000,0,0,1,0,1
present,383,12737095,0x00000000,0,0,0,0x00000000,0x00000000,0,0,1,0,1
present,384,12770291,0x00000000,0,0,0,0x00000000,0x00000000,0,0,1,0,1
present,385,12803944,0x00000000,0,0,0,0x00000000,0x00000000,0,0,1,0,1
present,386,12838011,0x00000000,0,0,0,0x00000000,0x00000000,0,0,1,0,1
present,387,12871474,0x00000000,0,0,0,0x00000000,0x00000000,0,0,1,0,1
present,388,12905284,0x00000000,0,0,0,0x00000000,0x00000000,0,0,1,0,1
present,389,12937276,0x00000000,0,0,0,0x00000000,0x00000000,0,0,1,0,1
present,390,12969016,0x00000000,0,0,0,0x00000000,0x00000000,0,0,1,0,1
present,391,13004079,0x00000000,0,0,0,0x00000000,0x00000000,1,0,1,0,1
present,392,13071560,0x00000000,0,0,0,0x00000000,0x00000000,1,0,1,0,1
present,393,13072081,0x00000000,0,0,0,0x00000000,0x00000000,1,0,1,0,1
present,394,13103180,0x00000000,0,0,0,0x00000000,0x00000000,1,0,1,0,1
present,395,13135681,0x00000000,0,0,0,0x00000000,0x00000000,1,0,1,0,1
present,396,13169874,0x00000000,0,0,0,0x00000000,0x00000000,1,0,1,0,1
present,397,13204565,0x00000000,0,0,0,0x00000000,0x00000000,1,0,1,0,1
present,398,13237478,0x00000000,0,0,0,0x00000000,0x00000000,1,0,1,0,1
present,399,13270507,0x00000000,0,0,0,0x00000000,0x00000000,1,0,1,0,1
present,400,13304789,0x00000000,0,0,0,0x00000000,0x00000000,1,0,1,0,1
present,401,13334142,0x00000000,0,0,0,0x00000000,0x00000000,1,0,1,0,1
present,402,13367468,0x00000000,0,0,0,0x00000000,0x00000000,1,0,1,0,1
present,403,13404259,0x00000000,0,0,0,0x00000000,0x00000000,1,0,1,0,1
present,404,13435132,0x00000000,0,0,0,0x00000000,0x00000000,1,0,1,0,1
present,405,13472039,0x00000000,0,0,0,0x00000000,0x00000000,1,0,1,0,1
present,406,13502892,0x00000000,0,0,0,0x00000000,0x00000000,1,0,1,0,1
present,407,13537368,0x00000000,0,0,0,0x00000000,0x00000000,1,0,1,0,1
present,408,13569331,0x00000000,0,0,0,0x00000000,0x00000000,1,0,1,0,1
present,409,13600548,0x00000000,0,0,0,0x00000000,0x00000000,1,0,1,0,1
present,410,13637699,0x00000000,0,0,0,0x00000000,0x00000000,1,0,1,0,1
present,411,13667402,0x00000000,0,0,0,0x00000000,0x00000000,1,0,1,0,1
present,412,13703676,0x00000000,0,0,0,0x00000000,0x00000000,1,0,1,0,1
present,413,13736930,0x00000000,0,0,0,0x00000000,0x00000000,1,0,1,0,1
present,414,13770116,0x00000000,0,0,0,0x00000000,0x00000000,1,0,1,0,1
present,415,13803653,0x00000000,0,0,0,0x00000000,0x00000000,1,0,1,0,1
present,416,13837811,0x00000000,0,0,0,0x00000000,0x00000000,1,0,1,0,1
present,417,13867206,0x00000000,0,0,0,0x00000000,0x00000000,1,0,1,0,1
present,418,13902221,0x00000000,0,0,0,0x00000000,0x00000000,1,0,1,0,1
present,419,13937273,0x00000000,0,0,0,0x00000000,0x00000000,1,0,1,0,1
present,420,13969100,0x00000000,0,0,0,0x00000000,0x00000000,1,0,1,0,1
present,421,14000500,0x00000000,0,0,0,0x00000000,0x00000000,2,0,1,0,1
present,422,14037556,0x00000000,0,0,0,0x00000000,0x00000000,2,0,1,0,1
present,423,14067267,0x00000000,0,0,0,0x00000000,0x00000000,2,0,1,0,1
present,424,14100717,0x00000000,0,0,0,0x00000000,0x00000000,2,0,1,0,1
present,425,14133825,0x00000000,0,0,0,0x00000000,0x00000000,2,0,1,0,1
present,426,14168459,0x00000000,0,0,0,0x00000000,0x00000000,2,0,1,0,1
present,427,14200488,0x00000000,0,0,0,0x00000000,0x00000000,2,0,1,0,1
present,428,14237865,0x00000000,0,0,0,0x00000000,0x00000000,2,0,1,0,1
present,429,14270918,0x00000000,0,0,0,0x00000000,0x00000000,2,0,1,0,1
present,430,14301623,0x00000000,0,0,0,0x00000000,0x00000000,2,0,1,0,1
present,431,14333840,0x00000000,0,0,0,0x00000000,0x00000000,2,0,1,0,1
present,432,14370996,0x00000000,0,0,0,0x00000000,0x00000000,2,0,1,0,1
present,433,14404352,0x00000000,0,0,0,0x00000000,0x00000000,2,0,1,0,1
present,434,14437456,0x00000000,0,0,0,0x00000000,0x00000000,2,0,1,0,1
present,435,14471341,0x00000000,0,0,0,0x00000000,0x00000000,2,0,1,0,1
present,436,14505617,0x00000000,0,0,0,0x00000000,0x00000000,2,0,1,0,1
present,437,14533768,0x00000000,0,0,0,0x00000000,0x00000000,2,0,1,0,1
present,438,14568417,0x00000000,0,0,0,0x00000000,0x00000000,2,0,1,0,1
present,439,14600591,0x00000000,0,0,0,0x00000000,0x00000000,2,0,1,0,1
present,440,14635074,0x00000000,0,0,0,0x00000000,0x00000000,2,0,1,0,1
present,441,14670185,0x00000000,0,0,0,0x00000000,0x00000000,2,0,1,0,1
present,442,14703373,0x00000000,0,0,0,0x00000000,0x00000000,2,0,1,0,1
present,443,14736627,0x00000000,0,0,0,0x00000000,0x00000000,2,0,1,0,1
present,444,14769869,0x00000000,0,0,0,0x00000000,0x00000000,2,0,1,0,1
present,445,14802533,0x00000000,0,0,0,0x00000000,0x00000000,2,0,1,0,1
present,446,14837351,0x00000000,0,0,0,0x00000000,0x00000000,2,0,1,0,1
present,447,14870733,0x00000000,0,0,0,0x00000000,0x00000000,2,0,1,0,1
present,448,14900434,0x00000000,0,0,0,0x00000000,0x00000000,2,0,1,0,1
present,449,14933834,0x00000000,0,0,0,0x00000000,0x00000000,2,0,1,0,1
present,450,14969435,0x00000000,0,0,0,0x00000000,0x00000000,2,0,1,0,1
present,451,15004215,0x00000000,0,0,0,0x00000000,0x00000000,3,0,1,0,1
present,452,15037691,0x00000000,0,0,0,0x00000000,0x00000000,3,0,1,0,1
present,453,15066814,0x00000000,0,0,0,0x00000000,0x00000000,3,0,1,0,1
present,454,15103691,0x00000000,0,0,0,0x00000000,0x00000000,3,0,1,0,1
present,455,15137956,0x00000000,0,0,0,0x00000000,0x00000000,3,0,1,0,1
present,456,15171081,0x00000000,0,0,0,0x00000000,0x00000000,3,0,1,0,1
present,457,15201729,0x00000000,0,0,0,0x00000000,0x00000000,3,0,1,0,1
present,458,15237230,0x00000000,0,0,0,0x00000000,0x00000000,3,0,1,0,1
present,459,15271021,0x00000000,0,0,0,0x00000000,0x00000000,3,0,1,0,1
present,460,15301607,0x00000000,0,0,0,0x00000000,0x00000000,3,0,1,0,1
present,461,15338289,0x00000000,0,0,0,0x00000000,0x00000000,3,0,1,0,1
present,462,15371420,0x00000000,0,0,0,0x00000000,0x00000000,3,0,1,0,1
present,463,15400515,0x00000000,0,0,0,0x00000000,0x00000000,3,0,1,0,1
present,464,15435284,0x00000000,0,0,0,0x00000000,0x00000000,3,0,1,0,1
present,465,15469014,0x00000000,0,0,0,0x00000000,0x00000000,3,0,1,0,1
present,466,15503778,0x00000000,0,0,0,0x00000000,0x00000000,3,0,1,0,1
present,467,15535112,0x00000000,0,0,0,0x00000000,0x00000000,3,0,1,0,1
present,468,15571189,0x00000000,0,0,0,0x00000000,0x00000000,3,0,1,0,1
present,469,15603087,0x00000000,0,0,0,0x00000000,0x00000000,3,0,1,0,1
present,470,15633716,0x00000000,0,0,0,0x00000000,0x00000000,3,0,1,0,1
present,471,15670069,0x00000000,0,0,0,0x00000000,0x00000000,3,0,1,0,1
present,472,15703258,0x00000000,0,0,0,0x00000000,0x00000000,3,0,1,0,1
present,473,15736521,0x00000000,0,0,0,0x00000000,0x00000000,3,0,1,0,1
present,474,15770729,0x00000000,0,0,0,0x00000000,0x00000000,3,0,1,0,1
present,475,15803965,0x00000000,0,0,0,0x00000000,0x00000000,3,0,1,0,1
present,476,15838075,0x00000000,0,0,0,0x00000000,0x00000000,3,0,1,0,1
present,477,15868523,0x00000000,0,0,0,0x00000000,0x00000000,3,0,1,0,1
present,478,15902157,0x00000000,0,0,0,0x00000000,0x00000000,3,0,1,0,1
present,479,15937549,0x00000000,0,0,0,0x00000000,0x00000000,3,0,1,0,1
present,480,15970717,0x00000000,0,0,0,0x00000000,0x00000000,3,0,1,0,1
present,481,16004556,0x00000000,0,0,0,0x00000000,0x00000000,0,0,1,0,1
present,482,16038692,0x00000000,0,0,0,0x00000000,0x00000000,0,0,1,0,1
present,483,16071124,0x00000000,0,0,0,0x00000000,0x00000000,0,0,1,0,1
present,484,16104553,0x00000000,0,0,0,0x00000000,0x00000000,0,0,1,0,1
present,485,16137361,0x00000000,0,0,0,0x00000000,0x00000000,0,0,1,0,1
present,486,16171068,0x00000000,0,0,0,0x00000000,0x00000000,0,0,1,0,1
present,487,16200468,0x00000000,0,0,0,0x00000000,0x00000000,0,0,1,0,1
present,488,16235303,0x00000000,0,0,0,0x00000000,0x00000000,0,0,1,0,1
present,489,16269778,0x00000000,0,0,0,0x00000000,0x00000000,0,0,1,0,1
present,490,16301714,0x00000000,0,0,0,0x00000000,0x00000000,0,0,1,0,1
present,491,16337840,0x00000000,0,0,0,0x00000000,0x00000000,0,0,1,0,1
present,492,16371129,0x00000000,0,0,0,0x00000000,0x00000000,0,0,1,0,1
present,493,16403648,0x00000000,0,0,0,0x00000000,0x00000000,0,0,1,0,1
present,494,16437149,0x00000000,0,0,0,0x00000000,0x00000000,0,0,1,0,1
present,495,16468368,0x00000000,0,0,0,0x00000000,0x00000000,0,0,1,0,1
present,496,16504215,0x00000000,0,0,0,0x00000000,0x00000000,0,0,1,0,1
present,497,16533804,0x00000000,0,0,0,0x00000000,0x00000000,0,0,1,0,1
present,498,16570841,0x00000000,0,0,0,0x00000000,0x00000000,0,0,1,0,1
present,499,16600562,0x00000000,0,0,0,0x00000000,0x00000000,0,0,1,0,1
present,500,16635571,0x00000000,0,0,0,0x00000000,0x00000000,0,0,1,0,1
present,501,16666802,0x00000000,0,0,0,0x00000000,0x00000000,0,0,1,0,1
present,502,16702717,0x00000000,0,0,0,0x00000000,0x00000000,0,0,1,0,1
present,503,16736922,0x00000000,0,0,0,0x00000000,0x00000000,0,0,1,0,1
present,504,16770146,0x00000000,0,0,0,0x00000000,0x00000000,0,0,1,0,1
present,505,16803760,0x00000000,0,0,0,0x00000000,0x00000000,0,0,1,0,1
present,506,16838072,0x00000000,0,0,0,0x00000000,0x00000000,0,0,1,0,1
present,507,16871621,0x00000000,0,0,0,0x00000000,0x00000000,0,0,1,0,1
present,508,16904686,0x00000000,0,0,0,0x00000000,0x00000000,0,0,1,0,1
present,509,16936259,0x00000000,0,0,0,0x00000000,0x00000000,0,0,1,0,1
present,510,16969306,0x00000000,0,0,0,0x00000000,0x00000000,0,0,1,0,1
present,511,17001744,0x00000000,0,0,0,0x00000000,0x00000000,1,0,1,0,1
present,512,17039389,0x00000000,0,0,0,0x00000000,0x00000000,1,0,1,0,1
present,513,17070972,0x00000000,0,0,0,0x00000000,0x00000000,1,0,1,0,1
present,514,17105400,0x00000000,0,0,0,0x00000000,0x00000000,1,0,1,0,1
present,515,17137903,0x00000000,0,0,0,0x00000000,0x00000000,1,0,1,0,1
present,516,17171481,0x00000000,0,0,0,0x00000000,0x00000000,1,0,1,0,1
present,517,17200671,0x00000000,0,0,0,0x00000000,0x00000000,1,0,1,0,1
present,518,17237705,0x00000000,0,0,0,0x00000000,0x00000000,1,0,1,0,1
present,519,17268484,0x00000000,0,0,0,0x00000000,0x00000000,1,0,1,0,1
present,520,17300604,0x00000000,0,0,0,0x00000000,0x00000000,1,0,1,0,1
present,521,17338410,0x00000000,0,0,0,0x00000000,0x00000000,1,0,1,0,1
present,522,17368545,0x00000000,0,0,0,0x00000000,0x00000000,1,0,1,0,1
present,523,17405341,0x00000000,0,0,0,0x00000000,0x00000000,1,0,1,0,1
present,524,17433775,0x00000000,0,0,0,0x00000000,0x00000000,1,0,1,0,1
present,525,17468878,0x00000000,0,0,0,0x00000000,0x00000000,1,0,1,0,1
present,526,17501413,0x00000000,0,0,0,0x00000000,0x00000000,1,0,1,0,1
present,527,17536902,0x00000000,0,0,0,0x00000000,0x00000000,1,0,1,0,1
present,528,17570247,0x00000000,0,0,0,0x00000000,0x00000000,1,0,1,0,1
present,529,17603869,0x00000000,0,0,0,0x00000000,0x00000000,1,0,1,0,1
present,530,17637392,0x00000000,0,0,0,0x00000000,0x00000000,1,0,1,0,1
present,531,17670507,0x00000000,0,0,0,0x00000000,0x00000000,1,0,1,0,1
present,532,17703753,0x00000000,0,0,0,0x00000000,0x00000000,1,0,1,0,1
present,533,17737006,0x00000000,0,0,0,0x00000000,0x00000000,1,0,1,0,1
present,534,17770182,0x00000000,0,0,0,0x00000000,0x00000000,1,0,1,0,1
present,535,17803906,0x00000000,0,0,0,0x00000000,0x00000000,1,0,1,0,1
present,536,17838365,0x00000000,0,0,0,0x00000000,0x00000000,1,0,1,0,1
present,537,17871456,0x00000000,0,0,0,0x00000000,0x00000000,1,0,1,0,1
present,538,17901630,0x00000000,0,0,0,0x00000000,0x00000000,1,0,1,0,1
present,539,17938485,0x00000000,0,0,0,0x00000000,0x00000000,1,0,1,0,1
present,540,17968335,0x00000000,0,0,0,0x00000000,0x00000000,1,0,1,0,1
present,541,18000572,0x00000000,0,0,0,0x00000000,0x00000000,2,0,1,0,1
present,542,18036485,0x00000000,0,0,0,0x00000000,0x00000000,2,0,1,0,1
present,543,18069146,0x00000000,0,0,0,0x00000000,0x00000000,2,0,1,0,1
present,544,18104933,0x00000000,0,0,0,0x00000000,0x00000000,2,0,1,0,1
present,545,18135072,0x00000000,0,0,0,0x00000000,0x00000000,2,0,1,0,1
present,546,18171373,0x00000000,0,0,0,0x00000000,0x00000000,2,0,1,0,1
present,547,18204425,0x00000000,0,0,0,0x00000000,0x00000000,2,0,1,0,1
present,548,18236281,0x00000000,0,0,0,0x00000000,0x00000000,2,0,1,0,1
present,549,18269601,0x00000000,0,0,0,0x00000000,0x00000000,2,0,1,0,1
present,550,18301711,0x00000000,0,0,0,0x00000000,0x00000000,2,0,1,0,1
present,551,18333905,0x00000000,0,0,0,0x00000000,0x00000000,2,0,1,0,1
present,552,18367252,0x00000000,0,0,0,0x00000000,0x00000000,2,0,1,0,1
present,553,18404336,0x00000000,0,0,0,0x00000000,0x00000000,2,0,1,0,1
present,554,18435053,0x00000000,0,0,0,0x00000000,0x00000000,2,0,1,0,1
present,555,18468984,0x00000000,0,0,0,0x00000000,0x00000000,2,0,1,0,1
present,556,18501772,0x00000000,0,0,0,0x00000000,0x00000000,2,0,1,0,1
present,557,18534879,0x00000000,0,0,0,0x00000000,0x00000000,2,0,1,0,1
present,558,18568289,0x00000000,0,0,0,0x00000000,0x00000000,2,0,1,0,1
present,559,18601683,0x00000000,0,0,0,0x00000000,0x00000000,2,0,1,0,1
present,560,18635134,0x00000000,0,0,0,0x00000000,0x00000000,2,0,1,0,1
present,561,18667876,0x00000000,0,0,0,0x00000000,0x00000000,2,0,1,0,1
present,562,18704108,0x00000000,0,0,0,0x00000000,0x00000000,2,0,1,0,1
present,563,18737412,0x00000000,0,0,0,0x00000000,0x00000000,2,0,1,0,1
present,564,18769761,0x00000000,0,0,0,0x00000000,0x00000000,2,0,1,0,1
present,565,18803966,0x00000000,0,0,0,0x00000000,0x00000000,2,0,1,0,1
present,566,18837531,0x00000000,0,0,0,0x00000000,0x00000000,2,0,1,0,1
present,567,18867019,0x00000000,0,0,0,0x00000000,0x00000000,2,0,1,0,1
present,568,18900619,0x00000000,0,0,0,0x00000000,0x00000000,2,0,1,0,1
present,569,18937350,0x00000000,0,0,0,0x00000000,0x00000000,2,0,1,0,1
present,570,18969567,0x00000000,0,0,0,0x00000000,0x00000000,2,0,1,0,1
present,571,19004785,0x00000000,0,0,0,0x00000000,0x00000000,3,0,1,0,1
present,572,19037992,0x00000000,0,0,0,0x00000000,0x00000000,3,0,1,0,1
present,573,19071240,0x00000000,0,0,0,0x00000000,0x00000000,3,0,1,0,1
present,574,19103554,0x00000000,0,0,0,0x00000000,0x00000000,3,0,1,0,1
present,575,19133862,0x00000000,0,0,0,0x00000000,0x00000000,3,0,1,0,1
present,576,19171071,0x00000000,0,0,0,0x00000000,0x00000000,3,0,1,0,1
present,577,19200464,0x00000000,0,0,0,0x00000000,0x00000000,3,0,1,0,1
present,578,19236542,0x00000000,0,0,0,0x00000000,0x00000000,3,0,1,0,1
present,579,19271294,0x00000000,0,0,0,0x00000000,0x00000000,3,0,1,0,1
present,580,19304319,0x00000000,0,0,0,0x00000000,0x00000000,3,0,1,0,1
present,581,19336657,0x00000000,0,0,0,0x00000000,0x00000000,3,0,1,0,1
present,582,19369525,0x00000000,0,0,0,0x00000000,0x00000000,3,0,1,0,1
present,583,19401658,0x00000000,0,0,0,0x00000000,0x00000000,3,0,1,0,1
present,584,19434127,0x00000000,0,0,0,0x00000000,0x00000000,3,0,1,0,1
present,585,19468625,0x00000000,0,0,0,0x00000000,0x00000000,3,0,1,0,1
present,586,19501694,0x00000000,0,0,0,0x00000000,0x00000000,3,0,1,0,1
present,587,19537559,0x00000000,0,0,0,0x00000000,0x00000000,3,0,1,0,1
present,588,19570599,0x00000000,0,0,0,0x00000000,0x00000000,3,0,1,0,1
present,589,19604886,0x00000000,0,0,0,0x00000000,0x00000000,3,0,1,0,1
present,590,19636633,0x00000000,0,0,0,0x00000000,0x00000000,3,0,1,0,1
present,591,19669956,0x00000000,0,0,0,0x00000000,0x00000000,3,0,1,0,1
present,592,19703159,0x00000000,0,0,0,0x00000000,0x00000000,3,0,1,0,1
present,593,19737408,0x00000000,0,0,0,0x00000000,0x00000000,3,0,1,0,1
present,594,19770620,0x00000000,0,0,0,0x00000000,0x00000000,3,0,1,0,1
present,595,19804107,0x00000000,0,0,0,0x00000000,0x00000000,3,0,1,0,1
present,596,19838384,0x00000000,0,0,0,0x00000000,0x00000000,3,0,1,0,1
present,597,19869150,0x00000000,0,0,0,0x00000000,0x00000000,3,0,1,0,1
present,598,19904695,0x00000000,0,0,0,0x00000000,0x00000000,3,0,1,0,1
present,599,19937187,0x00000000,0,0,0,0x00000000,0x00000000,3,0,1,0,1
present,600,19967730,0x00000000,0,0,0,0x00000000,0x00000000,3,0,1,0,1
present,601,20003861,0x00000000,0,0,0,0x00000000,0x00000000,0,0,1,0,1
present,602,20037264,0x00000000,0,0,0,0x00000000,0x00000000,0,0,1,0,1
present,603,20068492,0x00000000,0,0,0,0x00000000,0x00000000,0,0,1,0,1
present,604,20101642,0x00000000,0,0,0,0x00000000,0x00000000,0,0,1,0,1
present,605,20134102,0x00000000,0,0,0,0x00000000,0x00000000,0,0,1,0,1
present,606,20171342,0x00000000,0,0,0,0x00000000,0x00000000,0,0,1,0,1
present,607,20202306,0x00000000,0,0,0,0x00000000,0x00000000,0,0,1,0,1
present,608,20233822,0x00000000,0,0,0,0x00000000,0x00000000,0,0,1,0,1
present,609,20270753,0x00000000,0,0,0,0x00000000,0x00000000,0,0,1,0,1
present,610,20300440,0x00000000,0,0,0,0x00000000,0x00000000,0,0,1,0,1
present,611,20337497,0x00000000,0,0,0,0x00000000,0x00000000,0,0,1,0,1
present,612,20368444,0x00000000,0,0,0,0x00000000,0x00000000,0,0,1,0,1
present,613,20402945,0x00000000,0,0,0,0x00000000,0x00000000,0,0,1,0,1
present,614,20434998,0x00000000,0,0,0,0x00000000,0x00000000,0,0,1,0,1
present,615,20467149,0x00000000,0,0,0,0x00000000,0x00000000,0,0,1,0,1
present,616,20500749,0x00000000,0,0,0,0x00000000,0x00000000,0,0,1,0,1
present,617,20536521,0x00000000,0,0,0,0x00000000,0x00000000,0,0,1,0,1
present,618,20568431,0x00000000,0,0,0,0x00000000,0x00000000,0,0,1,0,1
present,619,20600755,0x00000000,0,0,0,0x00000000,0x00000000,0,0,1,0,1
present,620,20637735,0x00000000,0,0,0,0x00000000,0x00000000,0,0,1,0,1
present,621,20669385,0x00000000,0,0,0,0x00000000,0x00000000,0,0,1,0,1
present,622,20703602,0x00000000,0,0,0,0x00000000,0x00000000,0,0,1,0,1
present,623,20736832,0x00000000,0,0,0,0x00000000,0x00000000,0,0,1,0,1
present,624,20770037,0x00000000,0,0,0,0x00000000,0x00000000,0,0,1,0,1
present,625,20803596,0x00000000,0,0,0,0x00000000,0x00000000,0,0,1,0,1
present,626,20835010,0x00000000,0,0,0,0x00000000,0x00000000,0,0,1,0,1
present,627,20867372,0x00000000,0,0,0,0x00000000,0x00000000,0,0,1,0,1
present,628,20904500,0x00000000,0,0,0,0x00000000,0x00000000,0,0,1,0,1
present,629,20937082,0x00000000,0,0,0,0x00000000,0x00000000,0,0,1,0,1
present,630,20971635,0x00000000,0,0,0,0x00000000,0x00000000,0,0,1,0,1
present,631,21001007,0x00000000,0,0,0,0x00000000,0x00000000,1,0,1,0,1
present,632,21037214,0x00000000,0,0,0,0x00000000,0x00000000,1,0,1,0,1
present,633,21070336,0x00000000,0,0,0,0x00000000,0x00000000,1,0,1,0,1
present,634,21100499,0x00000000,0,0,0,0x00000000,0x00000000,1,0,1,0,1
present,635,21136952,0x00000000,0,0,0,0x00000000,0x00000000,1,0,1,0,1
present,636,21171352,0x00000000,0,0,0,0x00000000,0x00000000,1,0,1,0,1
present,637,21203104,0x00000000,0,0,0,0x00000000,0x00000000,1,0,1,0,1
present,638,21237794,0x00000000,0,0,0,0x00000000,0x00000000,1,0,1,0,1
present,639,21270573,0x00000000,0,0,0,0x00000000,0x00000000,1,0,1,0,1
present,640,21301745,0x00000000,0,0,0,0x00000000,0x00000000,1,0,1,0,1
present,641,21337532,0x00000000,0,0,0,0x00000000,0x00000000,1,0,1,0,1
present,642,21368367,0x00000000,0,0,0,0x00000000,0x00000000,1,0,1,0,1
present,643,21400462,0x00000000,0,0,0,0x00000000,0x00000000,1,0,1,0,1
present,644,21433840,0x00000000,0,0,0,0x00000000,0x00000000,1,0,1,0,1
present,645,21468760,0x00000000,0,0,0,0x00000000,0x00000000,1,0,1,0,1
present,646,21504010,0x00000000,0,0,0,0x00000000,0x00000000,1,0,1,0,1
present,647,21533777,0x00000000,0,0,0,0x00000000,0x00000000,1,0,1,0,1
present,648,21571025,0x00000000,0,0,0,0x00000000,0x00000000,1,0,1,0,1
present,649,21600546,0x00000000,0,0,0,0x00000000,0x00000000,1,0,1,0,1
present,650,21635239,0x00000000,0,0,0,0x00000000,0x00000000,1,0,1,0,1
present,651,21666798,0x00000000,0,0,0,0x00000000,0x00000000,1,0,1,0,1
present,652,21704072,0x00000000,0,0,0,0x00000000,0x00000000,1,0,1,0,1
present,653,21737237,0x00000000,0,0,0,0x00000000,0x00000000,1,0,1,0,1
present,654,21770484,0x00000000,0,0,0,0x00000000,0x00000000,1,0,1,0,1
present,655,21804111,0x00000000,0,0,0,0x00000000,0x00000000,1,0,1,0,1
present,656,21836428,0x00000000,0,0,0,0x00000000,0x00000000,1,0,1,0,1
present,657,21870715,0x00000000,0,0,0,0x00000000,0x00000000,1,0,1,0,1
present,658,21904273,0x00000000,0,0,0,0x00000000,0x00000000,1,0,1,0,1
present,659,21935137,0x00000000,0,0,0,0x00000000,0x00000000,1,0,1,0,1
present,660,21971415,0x00000000,0,0,0,0x00000000,0x00000000,1,0,1,0,1
present,661,22001911,0x00000000,0,0,0,0x00000000,0x00000000,2,0,1,0,1
present,662,22038619,0x00000000,0,0,0,0x00000000,0x00000000,2,0,1,0,1
present,663,22068718,0x00000000,0,0,0,0x00000000,0x00000000,2,0,1,0,1
present,664,22103686,0x00000000,0,0,0,0x00000000,0x00000000,2,0,1,0,1
present,665,22133897,0x00000000,0,0,0,0x00000000,0x00000000,2,0,1,0,1
present,666,22171082,0x00000000,0,0,0,0x00000000,0x00000000,2,0,1,0,1
present,667,22203463,0x00000000,0,0,0,0x00000000,0x00000000,2,0,1,0,1
present,668,22235017,0x00000000,0,0,0,0x00000000,0x00000000,2,0,1,0,1
present,669,22269721,0x00000000,0,0,0,0x00000000,0x00000000,2,0,1,0,1
present,670,22304746,0x00000000,0,0,0,0x00000000,0x00000000,2,0,1,0,1
present,671,22333782,0x00000000,0,0,0,0x00000000,0x00000000,2,0,1,0,1
present,672,22370977,0x00000000,0,0,0,0x00000000,0x00000000,2,0,1,0,1
present,673,22404640,0x00000000,0,0,0,0x00000000,0x00000000,2,0,1,0,1
present,674,22434943,0x00000000,0,0,0,0x00000000,0x00000000,2,0,1,0,1
present,675,22469004,0x00000000,0,0,0,0x00000000,0x00000000,2,0,1,0,1
present,676,22501834,0x00000000,0,0,0,0x00000000,0x00000000,2,0,1,0,1
present,677,22537452,0x00000000,0,0,0,0x00000000,0x00000000,2,0,1,0,1
present,678,22570759,0x00000000,0,0,0,0x00000000,0x00000000,2,0,1,0,1
present,679,22600578,0x00000000,0,0,0,0x00000000,0x00000000,2,0,1,0,1
present,680,22634769,0x00000000,0,0,0,0x00000000,0x00000000,2,0,1,0,1
present,681,22670630,0x00000000,0,0,0,0x00000000,0x00000000,2,0,1,0,1
present,682,22704055,0x00000000,0,0,0,0x00000000,0x00000000,2,0,1,0,1
present,683,22737320,0x00000000,0,0,0,0x00000000,0x00000000,2,0,1,0,1
present,684,22770551,0x00000000,0,0,0,0x00000000,0x00000000,2,0,1,0,1
present,685,22803798,0x00000000,0,0,0,0x00000000,0x00000000,2,0,1,0,1
present,686,22837468,0x00000000,0,0,0,0x00000000,0x00000000,2,0,1,0,1
present,687,22867018,0x00000000,0,0,0,0x00000000,0x00000000,2,0,1,0,1
present,688,22900417,0x00000000,0,0,0,0x00000000,0x00000000,2,0,1,0,1
present,689,22937447,0x00000000,0,0,0,0x00000000,0x00000000,2,0,1,0,1
present,690,22967818,0x00000000,0,0,0,0x00000000,0x00000000,2,0,1,0,1
present,691,23004924,0x00000000,0,0,0,0x00000000,0x00000000,3,0,1,0,1
present,692,23037595,0x00000000,0,0,0,0x00000000,0x00000000,3,0,1,0,1
present,693,23070416,0x00000000,0,0,0,0x00000000,0x00000000,3,0,1,0,1
present,694,23103284,0x00000000,0,0,0,0x00000000,0x00000000,3,0,1,0,1
present,695,23137268,0x00000000,0,0,0,0x00000000,0x00000000,3,0,1,0,1
present,696,23171522,0x00000000,0,0,0,0x00000000,0x00000000,3,0,1,0,1
present,697,23202761,0x00000000,0,0,0,0x00000000,0x00000000,3,0,1,0,1
present,698,23235214,0x00000000,0,0,0,0x00000000,0x00000000,3,0,1,0,1
present,699,23271034,0x00000000,0,0,0,0x00000000,0x00000000,3,0,1,0,1
present,700,23304027,0x00000000,0,0,0,0x00000000,0x00000000,3,0,1,0,1
present,701,23336875,0x00000000,0,0,0,0x00000000,0x00000000,3,0,1,0,1
present,702,23368457,0x00000000,0,0,0,0x00000000,0x00000000,3,0,1,0,1
present,703,23403194,0x00000000,0,0,0,0x00000000,0x00000000,3,0,1,0,1
present,704,23438383,0x00000000,0,0,0,0x00000000,0x00000000,3,0,1,0,1
present,705,23468886,0x00000000,0,0,0,0x00000000,0x00000000,3,0,1,0,1
present,706,23500619,0x00000000,0,0,0,0x00000000,0x00000000,3,0,1,0,1
present,707,23534310,0x00000000,0,0,0,0x00000000,0x00000000,3,0,1,0,1
present,708,23568429,0x00000000,0,0,0,0x00000000,0x00000000,3,0,1,0,1
present,709,23604823,0x00000000,0,0,0,0x00000000,0x00000000,3,0,1,0,1
present,710,23635092,0x00000000,0,0,0,0x00000000,0x00000000,3,0,1,0,1
present,711,23670820,0x00000000,0,0,0,0x00000000,0x00000000,3,0,1,0,1
present,712,23704081,0x00000000,0,0,0,0x00000000,0x00000000,3,0,1,0,1
present,713,23737348,0x00000000,0,0,0,0x00000000,0x00000000,3,0,1,0,1
present,714,23770614,0x00000000,0,0,0,0x00000000,0x00000000,3,0,1,0,1
present,715,23804178,0x00000000,0,0,0,0x00000000,0x00000000,3,0,1,0,1
present,716,23837231,0x00000000,0,0,0,0x00000000,0x00000000,3,0,1,0,1
present,717,23871094,0x00000000,0,0,0,0x00000000,0x00000000,3,0,1,0,1
present,718,23901998,0x00000000,0,0,0,0x00000000,0x00000000,3,0,1,0,1
present,719,23935069,0x00000000,0,0,0,0x00000000,0x00000000,3,0,1,0,1
present,720,23967382,0x00000000,0,0,0,0x00000000,0x00000000,3,0,1,0,1
present,721,24004238,0x00000000,0,0,0,0x00000000,0x00000000,0,0,1,0,1
present,722,24034946,0x00000000,0,0,0,0x00000000,0x00000000,0,0,1,0,1
present,723,24067414,0x00000000,0,0,0,0x00000000,0x00000000,0,0,1,0,1
present,724,24103918,0x00000000,0,0,0,0x00000000,0x00000000,0,0,1,0,1
present,725,24135207,0x00000000,0,0,0,0x00000000,0x00000000,0,0,1,0,1
present,726,24171326,0x00000000,0,0,0,0x00000000,0x00000000,0,0,1,0,1
present,727,24204683,0x00000000,0,0,0,0x00000000,0x00000000,0,0,1,0,1
present,728,24237633,0x00000000,0,0,0,0x00000000,0x00000000,0,0,1,0,1
present,729,24268403,0x00000000,0,0,0,0x00000000,0x00000000,0,0,1,0,1
present,730,24301741,0x00000000,0,0,0,0x00000000,0x00000000,0,0,1,0,1
present,731,24335119,0x00000000,0,0,0,0x00000000,0x00000000,0,0,1,0,1
present,732,24371438,0x00000000,0,0,0,0x00000000,0x00000000,0,0,1,0,1
present,733,24400527,0x00000000,0,0,0,0x00000000,0x00000000,0,0,1,0,1
present,734,24434973,0x00000000,0,0,0,0x00000000,0x00000000,0,0,1,0,1
present,735,24468683,0x00000000,0,0,0,0x00000000,0x00000000,0,0,1,0,1
present,736,24500719,0x00000000,0,0,0,0x00000000,0x00000000,0,0,1,0,1
present,737,24538651,0x00000000,0,0,0,0x00000000,0x00000000,0,0,1,0,1
present,738,24567113,0x00000000,0,0,0,0x00000000,0x00000000,0,0,1,0,1
present,739,24604577,0x00000000,0,0,0,0x00000000,0x00000000,0,0,1,0,1
present,740,24633853,0x00000000,0,0,0,0x00000000,0x00000000,0,0,1,0,1
present,741,24669850,0x00000000,0,0,0,0x00000000,0x00000000,0,0,1,0,1
present,742,24704084,0x00000000,0,0,0,0x00000000,0x00000000,0,0,1,0,1
present,743,24737279,0x00000000,0,0,0,0x00000000,0x00000000,0,0,1,0,1
present,744,24766790,0x00000000,0,0,0,0x00000000,0x00000000,0,0,1,0,1
present,745,24804282,0x00000000,0,0,0,0x00000000,0x00000000,0,0,1,0,1
present,746,24836260,0x00000000,0,0,0,0x00000000,0x00000000,0,0,1,0,1
present,747,24871496,0x00000000,0,0,0,0x00000000,0x00000000,0,0,1,0,1
present,748,24904041,0x00000000,0,0,0,0x00000000,0x00000000,0,0,1,0,1
present,749,24935072,0x00000000,0,0,0,0x00000000,0x00000000,0,0,1,0,1
present,750,24971373,0x00000000,0,0,0,0x00000000,0x00000000,0,0,1,0,1
present,751,25001976,0x00000000,0,0,0,0x00000000,0x00000000,1,0,1,0,1
present,752,25038111,0x00000000,0,0,0,0x00000000,0x00000000,1,0,1,0,1
present,753,25071554,0x00000000,0,0,0,0x00000000,0x00000000,1,0,1,0,1
present,754,25100699,0x00000000,0,0,0,0x00000000,0x00000000,1,0,1,0,1
present,755,25135053,0x00000000,0,0,0,0x00000000,0x00000000,1,0,1,0,1
present,756,25171331,0x00000000,0,0,0,0x00000000,0x00000000,1,0,1,0,1
present,757,25202164,0x00000000,0,0,0,0x00000000,0x00000000,1,0,1,0,1
present,758,25237144,0x00000000,0,0,0,0x00000000,0x00000000,1,0,1,0,1
present,759,25268372,0x00000000,0,0,0,0x00000000,0x00000000,1,0,1,0,1
present,760,25304681,0x00000000,0,0,0,0x00000000,0x00000000,1,0,1,0,1
present,761,25336389,0x00000000,0,0,0,0x00000000,0x00000000,1,0,1,0,1
present,762,25371374,0x00000000,0,0,0,0x00000000,0x00000000,1,0,1,0,1
present,763,25400621,0x00000000,0,0,0,0x00000000,0x00000000,1,0,1,0,1
present,764,25437863,0x00000000,0,0,0,0x00000000,0x00000000,1,0,1,0,1
present,765,25470754,0x00000000,0,0,0,0x00000000,0x00000000,1,0,1,0,1
present,766,25500563,0x00000000,0,0,0,0x00000000,0x00000000,1,0,1,0,1
present,767,25535646,0x00000000,0,0,0,0x00000000,0x00000000,1,0,1,0,1
present,768,25567561,0x00000000,0,0,0,0x00000000,0x00000000,1,0,1,0,1
present,769,25605143,0x00000000,0,0,0,0x00000000,0x00000000,1,0,1,0,1
present,770,25634889,0x00000000,0,0,0,0x00000000,0x00000000,1,0,1,0,1
present,771,25668862,0x00000000,0,0,0,0x00000000,0x00000000,1,0,1,0,1
present,772,25704122,0x00000000,0,0,0,0x00000000,0x00000000,1,0,1,0,1
present,773,25737318,0x00000000,0,0,0,0x00000000,0x00000000,1,0,1,0,1
present,774,25769505,0x00000000,0,0,0,0x00000000,0x00000000,1,0,1,0,1
present,775,25804030,0x00000000,0,0,0,0x00000000,0x00000000,1,0,1,0,1
present,776,25836269,0x00000000,0,0,0,0x00000000,0x00000000,1,0,1,0,1
present,777,25868378,0x00000000,0,0,0,0x00000000,0x00000000,1,0,1,0,1
present,778,25901754,0x00000000,0,0,0,0x00000000,0x00000000,1,0,1,0,1
present,779,25938294,0x00000000,0,0,0,0x00000000,0x00000000,1,0,1,0,1
present,780,25971134,0x00000000,0,0,0,0x00000000,0x00000000,1,0,1,0,1
present,781,26004779,0x00000000,0,0,0,0x00000000,0x00000000,2,0,1,0,1
present,782,26038477,0x00000000,0,0,0,0x00000000,0x00000000,2,0,1,0,1
present,783,26070641,0x00000000,0,0,0,0x00000000,0x00000000,2,0,1,0,1
present,784,26101591,0x00000000,0,0,0,0x00000000,0x00000000,2,0,1,0,1
present,785,26135324,0x00000000,0,0,0,0x00000000,0x00000000,2,0,1,0,1
present,786,26167203,0x00000000,0,0,0,0x00000000,0x00000000,2,0,1,0,1
present,787,26201843,0x00000000,0,0,0,0x00000000,0x00000000,2,0,1,0,1
present,788,26237883,0x00000000,0,0,0,0x00000000,0x00000000,2,0,1,0,1
present,789,26269599,0x00000000,0,0,0,0x00000000,0x00000000,2,0,1,0,1
present,790,26302047,0x00000000,0,0,0,0x00000000,0x00000000,2,0,1,0,1
present,791,26333905,0x00000000,0,0,0,0x00000000,0x00000000,2,0,1,0,1
present,792,26370885,0x00000000,0,0,0,0x00000000,0x00000000,2,0,1,0,1
present,793,26405267,0x00000000,0,0,0,0x00000000,0x00000000,2,0,1,0,1
present,794,26433757,0x00000000,0,0,0,0x00000000,0x00000000,2,0,1,0,1
present,795,26471267,0x00000000,0,0,0,0x00000000,0x00000000,2,0,1,0,1
present,796,26500944,0x00000000,0,0,0,0x00000000,0x00000000,2,0,1,0,1
present,797,26536473,0x00000000,0,0,0,0x00000000,0x00000000,2,0,1,0,1
present,798,26568440,0x00000000,0,0,0,0x00000000,0x00000000,2,0,1,0,1
present,799,26602853,0x00000000,0,0,0,0x00000000,0x00000000,2,0,1,0,1
present,800,26637587,0x00000000,0,0,0,0x00000000,0x00000000,2,0,1,0,1
present,801,26666779,0x00000000,0,0,0,0x00000000,0x00000000,2,0,1,0,1
present,802,26700996,0x00000000,0,0,0,0x00000000,0x00000000,2,0,1,0,1
present,803,26743635,0x00000000,0,0,0,0x00000000,0x00000000,2,0,1,0,1
present,804,26777594,0x00000000,0,0,0,0x00000000,0x00000000,2,0,1,0,1
present,805,26803948,0x00000000,0,0,0,0x00000000,0x00000000,2,0,1,0,1
present,806,26837281,0x00000000,0,0,0,0x00000000,0x00000000,2,0,1,0,1
present,807,26870505,0x00000000,0,0,0,0x00000000,0x00000000,2,0,1,0,1
present,808,26903684,0x00000000,0,0,0,0x00000000,0x00000000,2,0,1,0,1
present,809,26936904,0x00000000,0,0,0,0x00000000,0x00000000,2,0,1,0,1
present,810,26970100,0x00000000,0,0,0,0x00000000,0x00000000,2,0,1,0,1
present,811,27003312,0x00000000,0,0,0,0x00000000,0x00000000,3,0,1,0,1
present,812,27037249,0x00000000,0,0,0,0x00000000,0x00000000,3,0,1,0,1
present,813,27067709,0x00000000,0,0,0,0x00000000,0x00000000,3,0,1,0,1
present,814,27103843,0x00000000,0,0,0,0x00000000,0x00000000,3,0,1,0,1
present,815,27136491,0x00000000,0,0,0,0x00000000,0x00000000,3,0,1,0,1
present,816,27171326,0x00000000,0,0,0,0x00000000,0x00000000,3,0,1,0,1
present,817,27204789,0x00000000,0,0,0,0x00000000,0x00000000,3,0,1,0,1
present,818,27235823,0x00000000,0,0,0,0x00000000,0x00000000,3,0,1,0,1
present,819,27270170,0x00000000,0,0,0,0x00000000,0x00000000,3,0,1,0,1
present,820,27303754,0x00000000,0,0,0,0x00000000,0x00000000,3,0,1,0,1
present,821,27336374,0x00000000,0,0,0,0x00000000,0x00000000,3,0,1,0,1
present,822,27368490,0x00000000,0,0,0,0x00000000,0x00000000,3,0,1,0,1
present,823,27403566,0x00000000,0,0,0,0x00000000,0x00000000,3,0,1,0,1
present,824,27433876,0x00000000,0,0,0,0x00000000,0x00000000,3,0,1,0,1
present,825,27468679,0x00000000,0,0,0,0x00000000,0x00000000,3,0,1,0,1
present,826,27501547,0x00000000,0,0,0,0x00000000,0x00000000,3,0,1,0,1
present,827,27537026,0x00000000,0,0,0,0x00000000,0x00000000,3,0,1,0,1
present,828,27571294,0x00000000,0,0,0,0x00000000,0x00000000,3,0,1,0,1
present,829,27603968,0x00000000,0,0,0,0x00000000,0x00000000,3,0,1,0,1
present,830,27635871,0x00000000,0,0,0,0x00000000,0x00000000,3,0,1,0,1
present,831,27670201,0x00000000,0,0,0,0x00000000,0x00000000,3,0,1,0,1
present,832,27703382,0x00000000,0,0,0,0x00000000,0x00000000,3,0,1,0,1
present,833,27736633,0x00000000,0,0,0,0x00000000,0x00000000,3,0,1,0,1
present,834,27769830,0x00000000,0,0,0,0x00000000,0x00000000,3,0,1,0,1
present,835,27804022,0x00000000,0,0,0,0x00000000,0x00000000,3,0,1,0,1
present,836,27838139,0x00000000,0,0,0,0x00000000,0x00000000,3,0,1,0,1
present,837,27868355,0x00000000,0,0,0,0x00000000,0x00000000,3,0,1,0,1
present,838,27902773,0x00000000,0,0,0,0x00000000,0x00000000,3,0,1,0,1
present,839,27938384,0x00000000,0,0,0,0x00000000,0x00000000,3,0,1,0,1
present,840,27970735,0x00000000,0,0,0,0x00000000,0x00000000,3,0,1,0,1
present,841,28004087,0x00000000,0,0,0,0x00000000,0x00000000,0,0,1,0,1
present,842,28037972,0x00000000,0,0,0,0x00000000,0x00000000,0,0,1,0,1
present,843,28071447,0x00000000,0,0,0,0x00000000,0x00000000,0,0,1,0,1
present,844,28104915,0x00000000,0,0,0,0x00000000,0x00000000,0,0,1,0,1
present,845,28135041,0x00000000,0,0,0,0x00000000,0x00000000,0,0,1,0,1
present,846,28171307,0x00000000,0,0,0,0x00000000,0x00000000,0,0,1,0,1
present,847,28200876,0x00000000,0,0,0,0x00000000,0x00000000,0,0,1,0,1
present,848,28237722,0x00000000,0,0,0,0x00000000,0x00000000,0,0,1,0,1
present,849,28267241,0x00000000,0,0,0,0x00000000,0x00000000,0,0,1,0,1
present,850,28301613,0x00000000,0,0,0,0x00000000,0x00000000,0,0,1,0,1
present,851,28337932,0x00000000,0,0,0,0x00000000,0x00000000,0,0,1,0,1
present,852,28371125,0x00000000,0,0,0,0x00000000,0x00000000,0,0,1,0,1
present,853,28404527,0x00000000,0,0,0,0x00000000,0x00000000,0,0,1,0,1
present,854,28436866,0x00000000,0,0,0,0x00000000,0x00000000,0,0,1,0,1
present,855,28470637,0x00000000,0,0,0,0x00000000,0x00000000,0,0,1,0,1
present,856,28501521,0x00000000,0,0,0,0x00000000,0x00000000,0,0,1,0,1
present,857,28536826,0x00000000,0,0,0,0x00000000,0x00000000,0,0,1,0,1
present,858,28570655,0x00000000,0,0,0,0x00000000,0x00000000,0,0,1,0,1
present,859,28603485,0x00000000,0,0,0,0x00000000,0x00000000,0,0,1,0,1
present,860,28636332,0x00000000,0,0,0,0x00000000,0x00000000,0,0,1,0,1
present,861,28668720,0x00000000,0,0,0,0x00000000,0x00000000,0,0,1,0,1
present,862,28703813,0x00000000,0,0,0,0x00000000,0x00000000,0,0,1,0,1
present,863,28737025,0x00000000,0,0,0,0x00000000,0x00000000,0,0,1,0,1
present,864,28768928,0x00000000,0,0,0,0x00000000,0x00000000,0,0,1,0,1
present,865,28804459,0x00000000,0,0,0,0x00000000,0x00000000,0,0,1,0,1
present,866,28837723,0x00000000,0,0,0,0x00000000,0x00000000,0,0,1,0,1
present,867,28871041,0x00000000,0,0,0,0x00000000,0x00000000,0,0,1,0,1
present,868,28900542,0x00000000,0,0,0,0x00000000,0x00000000,0,0,1,0,1
present,869,28938598,0x00000000,0,0,0,0x00000000,0x00000000,0,0,1,0,1
present,870,28969204,0x00000000,0,0,0,0x00000000,0x00000000,0,0,1,0,1
present,871,29004922,0x00000000,0,0,0,0x00000000,0x00000000,1,0,1,0,1
present,872,29038452,0x00000000,0,0,0,0x00000000,0x00000000,1,0,1,0,1
present,873,29067189,0x00000000,0,0,0,0x00000000,0x00000000,1,0,1,0,1
present,874,29100561,0x00000000,0,0,0,0x00000000,0x00000000,1,0,1,0,1
present,875,29137950,0x00000000,0,0,0,0x00000000,0x00000000,1,0,1,0,1
present,876,29171134,0x00000000,0,0,0,0x00000000,0x00000000,1,0,1,0,1
present,877,29204606,0x00000000,0,0,0,0x00000000,0x00000000,1,0,1,0,1
present,878,29238100,0x00000000,0,0,0,0x00000000,0x00000000,1,0,1,0,1
present,879,29268205,0x00000000,0,0,0,0x00000000,0x00000000,1,0,1,0,1
present,880,29301631,0x00000000,0,0,0,0x00000000,0x00000000,1,0,1,0,1
present,881,29337963,0x00000000,0,0,0,0x00000000,0x00000000,1,0,1,0,1
present,882,29368183,0x00000000,0,0,0,0x00000000,0x00000000,1,0,1,0,1
present,883,29404401,0x00000000,0,0,0,0x00000000,0x00000000,1,0,1,0,1
present,884,29438026,0x00000000,0,0,0,0x00000000,0x00000000,1,0,1,0,1
present,885,29471232,0x00000000,0,0,0,0x00000000,0x00000000,1,0,1,0,1
present,886,29501646,0x00000000,0,0,0,0x00000000,0x00000000,1,0,1,0,1
present,887,29537784,0x00000000,0,0,0,0x00000000,0x00000000,1,0,1,0,1
present,888,29568266,0x00000000,0,0,0,0x00000000,0x00000000,1,0,1,0,1
present,889,29601768,0x00000000,0,0,0,0x00000000,0x00000000,1,0,1,0,1
present,890,29634828,0x00000000,0,0,0,0x00000000,0x00000000,1,0,1,0,1
present,891,29667938,0x00000000,0,0,0,0x00000000,0x00000000,1,0,1,0,1
present,892,29703229,0x00000000,0,0,0,0x00000000,0x00000000,1,0,1,0,1
present,893,29737431,0x00000000,0,0,0,0x00000000,0x00000000,1,0,1,0,1
present,894,29770725,0x00000000,0,0,0,0x00000000,0x00000000,1,0,1,0,1
present,895,29804210,0x00000000,0,0,0,0x00000000,0x00000000,1,0,1,0,1
present,896,29837222,0x00000000,0,0,0,0x00000000,0x00000000,1,0,1,0,1
present,897,29868226,0x00000000,0,0,0,0x00000000,0x00000000,1,0,1,0,1
present,898,29901698,0x00000000,0,0,0,0x00000000,0x00000000,1,0,1,0,1
present,899,29937906,0x00000000,0,0,0,0x00000000,0x00000000,1,0,1,0,1
present,900,29968259,0x00000000,0,0,0,0x00000000,0x00000000,1,0,1,0,1
present,901,30004832,0x00000000,0,0,0,0x00000000,0x00000000,2,0,1,0,1
present,902,30033878,0x00000000,0,0,0,0x00000000,0x00000000,2,0,1,0,1
present,903,30068451,0x00000000,0,0,0,0x00000000,0x00000000,2,0,1,0,1
present,904,30100646,0x00000000,0,0,0,0x00000000,0x00000000,2,0,1,0,1
present,905,30138018,0x00000000,0,0,0,0x00000000,0x00000000,2,0,1,0,1
present,906,30169693,0x00000000,0,0,0,0x00000000,0x00000000,2,0,1,0,1
present,907,30201318,0x00000000,0,0,0,0x00000000,0x00000000,2,0,1,0,1
present,908,30236564,0x00000000,0,0,0,0x00000000,0x00000000,2,0,1,0,1
present,909,30267196,0x00000000,0,0,0,0x00000000,0x00000000,2,0,1,0,1
present,910,30304376,0x00000000,0,0,0,0x00000000,0x00000000,2,0,1,0,1
present,911,30337592,0x00000000,0,0,0,0x00000000,0x00000000,2,0,1,0,1
present,912,30368274,0x00000000,0,0,0,0x00000000,0x00000000,2,0,1,0,1
present,913,30404671,0x00000000,0,0,0,0x00000000,0x00000000,2,0,1,0,1
present,914,30438413,0x00000000,0,0,0,0x00000000,0x00000000,2,0,1,0,1
present,915,30468499,0x00000000,0,0,0,0x00000000,0x00000000,2,0,1,0,1
present,916,30504096,0x00000000,0,0,0,0x00000000,0x00000000,2,0,1,0,1
present,917,30537517,0x00000000,0,0,0,0x00000000,0x00000000,2,0,1,0,1
present,918,30570821,0x00000000,0,0,0,0x00000000,0x00000000,2,0,1,0,1
present,919,30603734,0x00000000,0,0,0,0x00000000,0x00000000,2,0,1,0,1
present,920,30636286,0x00000000,0,0,0,0x00000000,0x00000000,2,0,1,0,1
present,921,30666842,0x00000000,0,0,0,0x00000000,0x00000000,2,0,1,0,1
present,922,30704102,0x00000000,0,0,0,0x00000000,0x00000000,2,0,1,0,1
present,923,30737376,0x00000000,0,0,0,0x00000000,0x00000000,2,0,1,0,1
present,924,30770682,0x00000000,0,0,0,0x00000000,0x00000000,2,0,1,0,1
present,925,30800970,0x00000000,0,0,0,0x00000000,0x00000000,2,0,1,0,1
present,926,30837685,0x00000000,0,0,0,0x00000000,0x00000000,2,0,1,0,1
present,927,30868492,0x00000000,0,0,0,0x00000000,0x00000000,2,0,1,0,1
present,928,30901701,0x00000000,0,0,0,0x00000000,0x00000000,2,0,1,0,1
present,929,30934877,0x00000000,0,0,0,0x00000000,0x00000000,2,0,1,0,1
present,930,30969352,0x00000000,0,0,0,0x00000000,0x00000000,2,0,1,0,1
present,931,31001652,0x00000000,0,0,0,0x00000000,0x00000000,3,0,1,0,1
present,932,31033887,0x00000000,0,0,0,0x00000000,0x00000000,3,0,1,0,1
present,933,31071078,0x00000000,0,0,0,0x00000000,0x00000000,3,0,1,0,1
present,934,31101543,0x00000000,0,0,0,0x00000000,0x00000000,3,0,1,0,1
present,935,31137652,0x00000000,0,0,0,0x00000000,0x00000000,3,0,1,0,1
present,936,31170679,0x00000000,0,0,0,0x00000000,0x00000000,3,0,1,0,1
present,937,31200572,0x00000000,0,0,0,0x00000000,0x00000000,3,0,1,0,1
present,938,31236756,0x00000000,0,0,0,0x00000000,0x00000000,3,0,1,0,1
present,939,31270758,0x00000000,0,0,0,0x00000000,0x00000000,3,0,1,0,1
present,940,31304836,0x00000000,0,0,0,0x00000000,0x00000000,3,0,1,0,1
present,941,31333840,0x00000000,0,0,0,0x00000000,0x00000000,3,0,1,0,1
present,942,31371754,0x00000000,0,0,0,0x00000000,0x00000000,3,0,1,0,1
present,943,31400252,0x00000000,0,0,0,0x00000000,0x00000000,3,0,1,0,1
present,944,31437852,0x00000000,0,0,0,0x00000000,0x00000000,3,0,1,0,1
present,945,31466912,0x00000000,0,0,0,0x00000000,0x00000000,3,0,1,0,1
present,946,31504330,0x00000000,0,0,0,0x00000000,0x00000000,3,0,1,0,1
present,947,31534740,0x00000000,0,0,0,0x00000000,0x00000000,3,0,1,0,1
present,948,31570526,0x00000000,0,0,0,0x00000000,0x00000000,3,0,1,0,1
present,949,31603578,0x00000000,0,0,0,0x00000000,0x00000000,3,0,1,0,1
present,950,31637221,0x00000000,0,0,0,0x00000000,0x00000000,3,0,1,0,1
present,951,31667848,0x00000000,0,0,0,0x00000000,0x00000000,3,0,1,0,1
present,952,31704090,0x00000000,0,0,0,0x00000000,0x00000000,3,0,1,0,1
present,953,31735914,0x00000000,0,0,0,0x00000000,0x00000000,3,0,1,0,1
present,954,31771116,0x00000000,0,0,0,0x00000000,0x00000000,3,0,1,0,1
present,955,31803528,0x00000000,0,0,0,0x00000000,0x00000000,3,0,1,0,1
present,956,31837599,0x00000000,0,0,0,0x00000000,0x00000000,3,0,1,0,1
present,957,31869481,0x00000000,0,0,0,0x00000000,0x00000000,3,0,1,0,1
present,958,31901799,0x00000000,0,0,0,0x00000000,0x00000000,3,0,1,0,1
present,959,31936057,0x00000000,0,0,0,0x00000000,0x00000000,3,0,1,0,1
present,960,31970943,0x00000000,0,0,0,0x00000000,0x00000000,3,0,1,0,1
present,961,32004330,0x00000000,0,0,0,0x00000000,0x00000000,0,0,1,0,1
present,962,32034504,0x00000000,0,0,0,0x00000000,0x00000000,0,0,1,0,1
present,963,32071686,0x00000000,0,0,0,0x00000000,0x00000000,0,0,1,0,1
present,964,32104455,0x00000000,0,0,0,0x00000000,0x00000000,0,0,1,0,1
present,965,32134108,0x00000000,0,0,0,0x00000000,0x00000000,0,0,1,0,1
present,966,32167442,0x00000000,0,0,0,0x00000000,0x00000000,0,0,1,0,1
present,967,32204992,0x00000000,0,0,0,0x00000000,0x00000000,0,0,1,0,1
present,968,32233882,0x00000000,0,0,0,0x00000000,0x00000000,0,0,1,0,1
present,969,32271370,0x00000000,0,0,0,0x00000000,0x00000000,0,0,1,0,1
present,970,32304345,0x00000000,0,0,0,0x00000000,0x00000000,0,0,1,0,1
present,971,32337054,0x00000000,0,0,0,0x00000000,0x00000000,0,0,1,0,1
present,972,32368230,0x00000000,0,0,0,0x00000000,0x00000000,0,0,1,0,1
present,973,32401770,0x00000000,0,0,0,0x00000000,0x00000000,0,0,1,0,1
present,974,32434967,0x00000000,0,0,0,0x00000000,0x00000000,0,0,1,0,1
present,975,32468807,0x00000000,0,0,0,0x00000000,0x00000000,0,0,1,0,1
present,976,32501627,0x00000000,0,0,0,0x00000000,0x00000000,0,0,1,0,1
present,977,32535103,0x00000000,0,0,0,0x00000000,0x00000000,0,0,1,0,1
present,978,32570242,0x00000000,0,0,0,0x00000000,0x00000000,0,0,1,0,1
present,979,32607755,0x00000000,0,0,0,0x00000000,0x00000000,0,0,1,0,1
present,980,32635310,0x00000000,0,0,0,0x00000000,0x00000000,0,0,1,0,1
present,981,32670565,0x00000000,0,0,0,0x00000000,0x00000000,0,0,1,0,1
present,982,32703797,0x00000000,0,0,0,0x00000000,0x00000000,0,0,1,0,1
present,983,32737052,0x00000000,0,0,0,0x00000000,0x00000000,0,0,1,0,1
present,984,32769391,0x00000000,0,0,0,0x00000000,0x00000000,0,0,1,0,1
present,985,32803987,0x00000000,0,0,0,0x00000000,0x00000000,0,0,1,0,1
present,986,32837934,0x00000000,0,0,0,0x00000000,0x00000000,0,0,1,0,1
present,987,32868331,0x00000000,0,0,0,0x00000000,0x00000000,0,0,1,0,1
present,988,32904766,0x00000000,0,0,0,0x00000000,0x00000000,0,0,1,0,1
present,989,32936924,0x00000000,0,0,0,0x00000000,0x00000000,0,0,1,0,1
present,990,32969248,0x00000000,0,0,0,0x00000000,0x00000000,0,0,1,0,1
present,991,33003126,0x00000000,0,0,0,0x00000000,0x00000000,1,0,1,0,1
present,992,33034882,0x00000000,0,0,0,0x00000000,0x00000000,1,0,1,0,1
present,993,33069625,0x00000000,0,0,0,0x00000000,0x00000000,1,0,1,0,1
present,994,33104709,0x00000000,0,0,0,0x00000000,0x00000000,1,0,1,0,1
present,995,33136937,0x00000000,0,0,0,0x00000000,0x00000000,1,0,1,0,1
present,996,33171305,0x00000000,0,0,0,0x00000000,0x00000000,1,0,1,0,1
present,997,33202650,0x00000000,0,0,0,0x00000000,0x00000000,1,0,1,0,1
present,998,33236842,0x00000000,0,0,0,0x00000000,0x00000000,1,0,1,0,1
present,999,33270922,0x00000000,0,0,0,0x00000000,0x00000000,1,0,1,0,1
present,1000,33300497,0x00000000,0,0,0,0x00000000,0x00000000,1,0,1,0,1
present,1001,33337567,0x00000000,0,0,0,0x00000000,0x00000000,1,0,1,0,1
present,1002,33368159,0x00000000,0,0,0,0x00000000,0x00000000,1,0,1,0,1
present,1003,33401358,0x00000000,0,0,0,0x00000000,0x00000000,1,0,1,0,1
present,1004,33434802,0x00000000,0,0,0,0x00000000,0x00000000,1,0,1,0,1
present,1005,33468814,0x00000000,0,0,0,0x00000000,0x00000000,1,0,1,0,1
present,1006,33501579,0x00000000,0,0,0,0x00000000,0x00000000,1,0,1,0,1
present,1007,33537951,0x00000000,0,0,0,0x00000000,0x00000000,1,0,1,0,1
present,1008,33568665,0x00000000,0,0,0,0x00000000,0x00000000,1,0,1,0,1
present,1009,33603125,0x00000000,0,0,0,0x00000000,0x00000000,1,0,1,0,1
present,1010,33637475,0x00000000,0,0,0,0x00000000,0x00000000,1,0,1,0,1
present,1011,33670149,0x00000000,0,0,0,0x00000000,0x00000000,1,0,1,0,1
present,1012,33703432,0x00000000,0,0,0,0x00000000,0x00000000,1,0,1,0,1
present,1013,33736653,0x00000000,0,0,0,0x00000000,0x00000000,1,0,1,0,1
present,1014,33769830,0x00000000,0,0,0,0x00000000,0x00000000,1,0,1,0,1
present,1015,33804501,0x00000000,0,0,0,0x00000000,0x00000000,1,0,1,0,1
present,1016,33835490,0x00000000,0,0,0,0x00000000,0x00000000,1,0,1,0,1
present,1017,33867291,0x00000000,0,0,0,0x00000000,0x00000000,1,0,1,0,1
present,1018,33904280,0x00000000,0,0,0,0x00000000,0x00000000,1,0,1,0,1
present,1019,33934590,0x00000000,0,0,0,0x00000000,0x00000000,1,0,1,0,1
present,1020,33971343,0x00000000,0,0,0,0x00000000,0x00000000,1,0,1,0,1
present,1021,34005742,0x00000000,0,0,0,0x00000000,0x00000000,2,0,1,0,1
present,1022,34038136,0x00000000,0,0,0,0x00000000,0x00000000,2,0,1,0,1
present,1023,34067628,0x00000000,0,0,0,0x00000000,0x00000000,2,0,1,0,1
present,1024,34103963,0x00000000,0,0,0,0x00000000,0x00000000,2,0,1,0,1
present,1025,34138203,0x00000000,0,0,0,0x00000000,0x00000000,2,0,1,0,1
present,1026,34167185,0x00000000,0,0,0,0x00000000,0x00000000,2,0,1,0,1
present,1027,34204943,0x00000000,0,0,0,0x00000000,0x00000000,2,0,1,0,1
present,1028,34234792,0x00000000,0,0,0,0x00000000,0x00000000,2,0,1,0,1
present,1029,34271214,0x00000000,0,0,0,0x00000000,0x00000000,2,0,1,0,1
present,1030,34302112,0x00000000,0,0,0,0x00000000,0x00000000,2,0,1,0,1
present,1031,34337284,0x00000000,0,0,0,0x00000000,0x00000000,2,0,1,0,1
present,1032,34367234,0x00000000,0,0,0,0x00000000,0x00000000,2,0,1,0,1
present,1033,34404229,0x00000000,0,0,0,0x00000000,0x00000000,2,0,1,0,1
present,1034,34437611,0x00000000,0,0,0,0x00000000,0x00000000,2,0,1,0,1
present,1035,34470763,0x00000000,0,0,0,0x00000000,0x00000000,2,0,1,0,1
present,1036,34504608,0x00000000,0,0,0,0x00000000,0x00000000,2,0,1,0,1
present,1037,34538127,0x00000000,0,0,0,0x00000000,0x00000000,2,0,1,0,1
present,1038,34571849,0x00000000,0,0,0,0x00000000,0x00000000,2,0,1,0,1
present,1039,34601887,0x00000000,0,0,0,0x00000000,0x00000000,2,0,1,0,1
present,1040,34637308,0x00000000,0,0,0,0x00000000,0x00000000,2,0,1,0,1
present,1041,34667691,0x00000000,0,0,0,0x00000000,0x00000000,2,0,1,0,1
present,1042,34703933,0x00000000,0,0,0,0x00000000,0x00000000,2,0,1,0,1
present,1043,34737239,0x00000000,0,0,0,0x00000000,0x00000000,2,0,1,0,1
present,1044,34770479,0x00000000,0,0,0,0x00000000,0x00000000,2,0,1,0,1
present,1045,34803763,0x00000000,0,0,0,0x00000000,0x00000000,2,0,1,0,1
present,1046,34834007,0x00000000,0,0,0,0x00000000,0x00000000,2,0,1,0,1
present,1047,34871241,0x00000000,0,0,0,0x00000000,0x00000000,2,0,1,0,1
present,1048,34904535,0x00000000,0,0,0,0x00000000,0x00000000,2,0,1,0,1
present,1049,34934926,0x00000000,0,0,0,0x00000000,0x00000000,2,0,1,0,1
present,1050,34970917,0x00000000,0,0,0,0x00000000,0x00000000,2,0,1,0,1
present,1051,35004232,0x00000000,0,0,0,0x00000000,0x00000000,3,0,1,0,1
present,1052,35034778,0x00000000,0,0,0,0x00000000,0x00000000,3,0,1,0,1
present,1053,35070826,0x00000000,0,0,0,0x00000000,0x00000000,3,0,1,0,1
present,1054,35101831,0x00000000,0,0,0,0x00000000,0x00000000,3,0,1,0,1
present,1055,35134025,0x00000000,0,0,0,0x00000000,0x00000000,3,0,1,0,1
present,1056,35171521,0x00000000,0,0,0,0x00000000,0x00000000,3,0,1,0,1
present,1057,35204410,0x00000000,0,0,0,0x00000000,0x00000000,3,0,1,0,1
present,1058,35235044,0x00000000,0,0,0,0x00000000,0x00000000,3,0,1,0,1
present,1059,35271316,0x00000000,0,0,0,0x00000000,0x00000000,3,0,1,0,1
present,1060,35300492,0x00000000,0,0,0,0x00000000,0x00000000,3,0,1,0,1
present,1061,35337164,0x00000000,0,0,0,0x00000000,0x00000000,3,0,1,0,1
present,1062,35368350,0x00000000,0,0,0,0x00000000,0x00000000,3,0,1,0,1
present,1063,35400398,0x00000000,0,0,0,0x00000000,0x00000000,3,0,1,0,1
present,1064,35437482,0x00000000,0,0,0,0x00000000,0x00000000,3,0,1,0,1
present,1065,35468588,0x00000000,0,0,0,0x00000000,0x00000000,3,0,1,0,1
present,1066,35504695,0x00000000,0,0,0,0x00000000,0x00000000,3,0,1,0,1
present,1067,35538014,0x00000000,0,0,0,0x00000000,0x00000000,3,0,1,0,1
present,1068,35571101,0x00000000,0,0,0,0x00000000,0x00000000,3,0,1,0,1
present,1069,35603217,0x00000000,0,0,0,0x00000000,0x00000000,3,0,1,0,1
present,1070,35633559,0x00000000,0,0,0,0x00000000,0x00000000,3,0,1,0,1
present,1071,35669214,0x00000000,0,0,0,0x00000000,0x00000000,3,0,1,0,1
present,1072,35703428,0x00000000,0,0,0,0x00000000,0x00000000,3,0,1,0,1
present,1073,35736661,0x00000000,0,0,0,0x00000000,0x00000000,3,0,1,0,1
present,1074,35769867,0x00000000,0,0,0,0x00000000,0x00000000,3,0,1,0,1
present,1075,35804403,0x00000000,0,0,0,0x00000000,0x00000000,3,0,1,0,1
present,1076,35838020,0x00000000,0,0,0,0x00000000,0x00000000,3,0,1,0,1
present,1077,35869674,0x00000000,0,0,0,0x00000000,0x00000000,3,0,1,0,1
present,1078,35902068,0x00000000,0,0,0,0x00000000,0x00000000,3,0,1,0,1
present,1079,35937734,0x00000000,0,0,0,0x00000000,0x00000000,3,0,1,0,1
present,1080,35971532,0x00000000,0,0,0,0x00000000,0x00000000,3,0,1,0,1
present,1081,36001462,0x00000000,0,0,0,0x00000000,0x00000000,0,0,1,0,1
present,1082,36038010,0x00000000,0,0,0,0x00000000,0x00000000,0,0,1,0,1
present,1083,36067149,0x00000000,0,0,0,0x00000000,0x00000000,0,0,1,0,1
present,1084,36100558,0x00000000,0,0,0,0x00000000,0x00000000,0,0,1,0,1
present,1085,36137750,0x00000000,0,0,0,0x00000000,0x00000000,0,0,1,0,1
present,1086,36168962,0x00000000,0,0,0,0x00000000,0x00000000,0,0,1,0,1
present,1087,36202049,0x00000000,0,0,0,0x00000000,0x00000000,0,0,1,0,1
present,1088,36234835,0x00000000,0,0,0,0x00000000,0x00000000,0,0,1,0,1
present,1089,36271047,0x00000000,0,0,0,0x00000000,0x00000000,0,0,1,0,1
present,1090,36301770,0x00000000,0,0,0,0x00000000,0x00000000,0,0,1,0,1
present,1091,36336894,0x00000000,0,0,0,0x00000000,0x00000000,0,0,1,0,1
present,1092,36368190,0x00000000,0,0,0,0x00000000,0x00000000,0,0,1,0,1
present,1093,36403194,0x00000000,0,0,0,0x00000000,0x00000000,0,0,1,0,1
present,1094,36435999,0x00000000,0,0,0,0x00000000,0x00000000,0,0,1,0,1
present,1095,36471312,0x00000000,0,0,0,0x00000000,0x00000000,0,0,1,0,1
present,1096,36500695,0x00000000,0,0,0,0x00000000,0x00000000,0,0,1,0,1
present,1097,36537088,0x00000000,0,0,0,0x00000000,0x00000000,0,0,1,0,1
present,1098,36571413,0x00000000,0,0,0,0x00000000,0x00000000,0,0,1,0,1
present,1099,36602543,0x00000000,0,0,0,0x00000000,0x00000000,0,0,1,0,1
present,1100,36637654,0x00000000,0,0,0,0x00000000,0x00000000,0,0,1,0,1
present,1101,36669108,0x00000000,0,0,0,0x00000000,0x00000000,0,0,1,0,1
present,1102,36703395,0x00000000,0,0,0,0x00000000,0x00000000,0,0,1,0,1
present,1103,36736660,0x00000000,0,0,0,0x00000000,0x00000000,0,0,1,0,1
present,1104,36767650,0x00000000,0,0,0,0x00000000,0x00000000,0,0,1,0,1
present,1105,36801369,0x00000000,0,0,0,0x00000000,0x00000000,0,0,1,0,1
present,1106,36837355,0x00000000,0,0,0,0x00000000,0x00000000,0,0,1,0,1
present,1107,36867479,0x00000000,0,0,0,0x00000000,0x00000000,0,0,1,0,1
present,1108,36904791,0x00000000,0,0,0,0x00000000,0x00000000,0,0,1,0,1
present,1109,36936291,0x00000000,0,0,0,0x00000000,0x00000000,0,0,1,0,1
present,1110,36969246,0x00000000,0,0,0,0x00000000,0x00000000,0,0,1,0,1
present,1111,37005085,0x00000000,0,0,0,0x00000000,0x00000000,1,0,1,0,1
present,1112,37037621,0x00000000,0,0,0,0x00000000,0x00000000,1,0,1,0,1
present,1113,37067212,0x00000000,0,0,0,0x00000000,0x00000000,1,0,1,0,1
present,1114,37104988,0x00000000,0,0,0,0x00000000,0x00000000,1,0,1,0,1
present,1115,37138283,0x00000000,0,0,0,0x00000000,0x00000000,1,0,1,0,1
present,1116,37167971,0x00000000,0,0,0,0x00000000,0x00000000,1,0,1,0,1
present,1117,37201882,0x00000000,0,0,0,0x00000000,0x00000000,1,0,1,0,1
present,1118,37234803,0x00000000,0,0,0,0x00000000,0x00000000,1,0,1,0,1
present,1119,37267158,0x00000000,0,0,0,0x00000000,0x00000000,1,0,1,0,1
present,1120,37304264,0x00000000,0,0,0,0x00000000,0x00000000,1,0,1,0,1
present,1121,37336725,0x00000000,0,0,0,0x00000000,0x00000000,1,0,1,0,1
present,1122,37368309,0x00000000,0,0,0,0x00000000,0x00000000,1,0,1,0,1
present,1123,37404564,0x00000000,0,0,0,0x00000000,0x00000000,1,0,1,0,1
present,1124,37434814,0x00000000,0,0,0,0x00000000,0x00000000,1,0,1,0,1
present,1125,37469602,0x00000000,0,0,0,0x00000000,0x00000000,1,0,1,0,1
present,1126,37501599,0x00000000,0,0,0,0x00000000,0x00000000,1,0,1,0,1
present,1127,37537356,0x00000000,0,0,0,0x00000000,0x00000000,1,0,1,0,1
present,1128,37567449,0x00000000,0,0,0,0x00000000,0x00000000,1,0,1,0,1
present,1129,37601607,0x00000000,0,0,0,0x00000000,0x00000000,1,0,1,0,1
present,1130,37638240,0x00000000,0,0,0,0x00000000,0x00000000,1,0,1,0,1
present,1131,37666837,0x00000000,0,0,0,0x00000000,0x00000000,1,0,1,0,1
present,1132,37704145,0x00000000,0,0,0,0x00000000,0x00000000,1,0,1,0,1
present,1133,37737385,0x00000000,0,0,0,0x00000000,0x00000000,1,0,1,0,1
present,1134,37770594,0x00000000,0,0,0,0x00000000,0x00000000,1,0,1,0,1
present,1135,37804068,0x00000000,0,0,0,0x00000000,0x00000000,1,0,1,0,1
present,1136,37837972,0x00000000,0,0,0,0x00000000,0x00000000,1,0,1,0,1
present,1137,37871206,0x00000000,0,0,0,0x00000000,0x00000000,1,0,1,0,1
present,1138,37904324,0x00000000,0,0,0,0x00000000,0x00000000,1,0,1,0,1
present,1139,37934947,0x00000000,0,0,0,0x00000000,0x00000000,1,0,1,0,1
present,1140,37971299,0x00000000,0,0,0,0x00000000,0x00000000,1,0,1,0,1
present,1141,38003015,0x00000000,0,0,0,0x00000000,0x00000000,2,0,1,0,1
present,1142,38033867,0x00000000,0,0,0,0x00000000,0x00000000,2,0,1,0,1
present,1143,38071170,0x00000000,0,0,0,0x00000000,0x00000000,2,0,1,0,1
present,1144,38104127,0x00000000,0,0,0,0x00000000,0x00000000,2,0,1,0,1
present,1145,38137103,0x00000000,0,0,0,0x00000000,0x00000000,2,0,1,0,1
present,1146,38167907,0x00000000,0,0,0,0x00000000,0x00000000,2,0,1,0,1
present,1147,38202458,0x00000000,0,0,0,0x00000000,0x00000000,2,0,1,0,1
present,1148,38235495,0x00000000,0,0,0,0x00000000,0x00000000,2,0,1,0,1
present,1149,38269622,0x00000000,0,0,0,0x00000000,0x00000000,2,0,1,0,1
present,1150,38303665,0x00000000,0,0,0,0x00000000,0x00000000,2,0,1,0,1
present,1151,38337926,0x00000000,0,0,0,0x00000000,0x00000000,2,0,1,0,1
present,1152,38371426,0x00000000,0,0,0,0x00000000,0x00000000,2,0,1,0,1
present,1153,38405482,0x00000000,0,0,0,0x00000000,0x00000000,2,0,1,0,1
present,1154,38434115,0x00000000,0,0,0,0x00000000,0x00000000,2,0,1,0,1
present,1155,38469030,0x00000000,0,0,0,0x00000000,0x00000000,2,0,1,0,1
present,1156,38503946,0x00000000,0,0,0,0x00000000,0x00000000,2,0,1,0,1
present,1157,38536622,0x00000000,0,0,0,0x00000000,0x00000000,2,0,1,0,1
present,1158,38568309,0x00000000,0,0,0,0x00000000,0x00000000,2,0,1,0,1
present,1159,38600998,0x00000000,0,0,0,0x00000000,0x00000000,2,0,1,0,1
present,1160,38634848,0x00000000,0,0,0,0x00000000,0x00000000,2,0,1,0,1
present,1161,38669006,0x00000000,0,0,0,0x00000000,0x00000000,2,0,1,0,1
present,1162,38703259,0x00000000,0,0,0,0x00000000,0x00000000,2,0,1,0,1
present,1163,38737536,0x00000000,0,0,0,0x00000000,0x00000000,2,0,1,0,1
present,1164,38770841,0x00000000,0,0,0,0x00000000,0x00000000,2,0,1,0,1
present,1165,38804078,0x00000000,0,0,0,0x00000000,0x00000000,2,0,1,0,1
present,1166,38837653,0x00000000,0,0,0,0x00000000,0x00000000,2,0,1,0,1
present,1167,38867995,0x00000000,0,0,0,0x00000000,0x00000000,2,0,1,0,1
present,1168,38901572,0x00000000,0,0,0,0x00000000,0x00000000,2,0,1,0,1
present,1169,38936788,0x00000000,0,0,0,0x00000000,0x00000000,2,0,1,0,1
present,1170,38968591,0x00000000,0,0,0,0x00000000,0x00000000,2,0,1,0,1
present,1171,39003759,0x00000000,0,0,0,0x00000000,0x00000000,3,0,1,0,1
present,1172,39034967,0x00000000,0,0,0,0x00000000,0x00000000,3,0,1,0,1
present,1173,39068336,0x00000000,0,0,0,0x00000000,0x00000000,3,0,1,0,1
present,1174,39101726,0x00000000,0,0,0,0x00000000,0x00000000,3,0,1,0,1
present,1175,39136783,0x00000000,0,0,0,0x00000000,0x00000000,3,0,1,0,1
present,1176,39171130,0x00000000,0,0,0,0x00000000,0x00000000,3,0,1,0,1
present,1177,39200533,0x00000000,0,0,0,0x00000000,0x00000000,3,0,1,0,1
present,1178,39233483,0x00000000,0,0,0,0x00000000,0x00000000,3,0,1,0,1
present,1179,39271434,0x00000000,0,0,0,0x00000000,0x00000000,3,0,1,0,1
present,1180,39304862,0x00000000,0,0,0,0x00000000,0x00000000,3,0,1,0,1
present,1181,39336765,0x00000000,0,0,0,0x00000000,0x00000000,3,0,1,0,1
present,1182,39367221,0x00000000,0,0,0,0x00000000,0x00000000,3,0,1,0,1
present,1183,39400259,0x00000000,0,0,0,0x00000000,0x00000000,3,0,1,0,1
present,1184,39433902,0x00000000,0,0,0,0x00000000,0x00000000,3,0,1,0,1
present,1185,39466793,0x00000000,0,0,0,0x00000000,0x00000000,3,0,1,0,1
present,1186,39504821,0x00000000,0,0,0,0x00000000,0x00000000,3,0,1,0,1
present,1187,39537936,0x00000000,0,0,0,0x00000000,0x00000000,3,0,1,0,1
present,1188,39571204,0x00000000,0,0,0,0x00000000,0x00000000,3,0,1,0,1
present,1189,39601436,0x00000000,0,0,0,0x00000000,0x00000000,3,0,1,0,1
present,1190,39635207,0x00000000,0,0,0,0x00000000,0x00000000,3,0,1,0,1
present,1191,39667170,0x00000000,0,0,0,0x00000000,0x00000000,3,0,1,0,1
present,1192,39703449,0x00000000,0,0,0,0x00000000,0x00000000,3,0,1,0,1
present,1193,39736682,0x00000000,0,0,0,0x00000000,0x00000000,3,0,1,0,1
present,1194,39769881,0x00000000,0,0,0,0x00000000,0x00000000,3,0,1,0,1
present,1195,39804502,0x00000000,0,0,0,0x00000000,0x00000000,3,0,1,0,1
present,1196,39834807,0x00000000,0,0,0,0x00000000,0x00000000,3,0,1,0,1
present,1197,39867830,0x00000000,0,0,0,0x00000000,0x00000000,3,0,1,0,1
present,1198,39903701,0x00000000,0,0,0,0x00000000,0x00000000,3,0,1,0,1
present,1199,39934568,0x00000000,0,0,0,0x00000000,0x00000000,3,0,1,0,1
present,1200,39968423,0x00000000,0,0,0,0x00000000,0x00000000,3,0,1,0,1
present,1201,40000420,0x00000000,0,0,0,0x00000000,0x00000000,0,0,1,0,1
present,1202,40034957,0x00000000,0,0,0,0x00000000,0x00000000,0,0,1,0,1
present,1203,40071068,0x00000000,0,0,0,0x00000000,0x00000000,0,0,1,0,1
present,1204,40104244,0x00000000,0,0,0,0x00000000,0x00000000,0,0,1,0,1
present,1205,40137720,0x00000000,0,0,0,0x00000000,0x00000000,0,0,1,0,1
present,1206,40171184,0x00000000,0,0,0,0x00000000,0x00000000,0,0,1,0,1
present,1207,40202169,0x00000000,0,0,0,0x00000000,0x00000000,0,0,1,0,1
present,1208,40234881,0x00000000,0,0,0,0x00000000,0x00000000,0,0,1,0,1
present,1209,40270835,0x00000000,0,0,0,0x00000000,0x00000000,0,0,1,0,1
present,1210,40302131,0x00000000,0,0,0,0x00000000,0x00000000,0,0,1,0,1
present,1211,40337222,0x00000000,0,0,0,0x00000000,0x00000000,0,0,1,0,1
present,1212,40368298,0x00000000,0,0,0,0x00000000,0x00000000,0,0,1,0,1
present,1213,40404781,0x00000000,0,0,0,0x00000000,0x00000000,0,0,1,0,1
present,1214,40433824,0x00000000,0,0,0,0x00000000,0x00000000,0,0,1,0,1
present,1215,40467937,0x00000000,0,0,0,0x00000000,0x00000000,0,0,1,0,1
present,1216,40504919,0x00000000,0,0,0,0x00000000,0x00000000,0,0,1,0,1
present,1217,40538188,0x00000000,0,0,0,0x00000000,0x00000000,0,0,1,0,1
present,1218,40571109,0x00000000,0,0,0,0x00000000,0x00000000,0,0,1,0,1
present,1219,40604389,0x00000000,0,0,0,0x00000000,0x00000000,0,0,1,0,1
present,1220,40633687,0x00000000,0,0,0,0x00000000,0x00000000,0,0,1,0,1
present,1221,40670081,0x00000000,0,0,0,0x00000000,0x00000000,0,0,1,0,1
present,1222,40703316,0x00000000,0,0,0,0x00000000,0x00000000,0,0,1,0,1
present,1223,40736540,0x00000000,0,0,0,0x00000000,0x00000000,0,0,1,0,1
present,1224,40771077,0x00000000,0,0,0,0x00000000,0x00000000,0,0,1,0,1
present,1225,40803979,0x00000000,0,0,0,0x00000000,0x00000000,0,0,1,0,1
present,1226,40837206,0x00000000,0,0,0,0x00000000,0x00000000,0,0,1,0,1
present,1227,40868229,0x00000000,0,0,0,0x00000000,0x00000000,0,0,1,0,1
present,1228,40904782,0x00000000,0,0,0,0x00000000,0x00000000,0,0,1,0,1
present,1229,40936305,0x00000000,0,0,0,0x00000000,0x00000000,0,0,1,0,1
present,1230,40968823,0x00000000,0,0,0,0x00000000,0x00000000,0,0,1,0,1
present,1231,41002154,0x00000000,0,0,0,0x00000000,0x00000000,1,0,1,0,1
present,1232,41037706,0x00000000,0,0,0,0x00000000,0x00000000,1,0,1,0,1
present,1233,41068350,0x00000000,0,0,0,0x00000000,0x00000000,1,0,1,0,1
present,1234,41103312,0x00000000,0,0,0,0x00000000,0x00000000,1,0,1,0,1
present,1235,41138804,0x00000000,0,0,0,0x00000000,0x00000000,1,0,1,0,1
present,1236,41171488,0x00000000,0,0,0,0x00000000,0x00000000,1,0,1,0,1
present,1237,41204709,0x00000000,0,0,0,0x00000000,0x00000000,1,0,1,0,1
present,1238,41237153,0x00000000,0,0,0,0x00000000,0x00000000,1,0,1,0,1
present,1239,41270352,0x00000000,0,0,0,0x00000000,0x00000000,1,0,1,0,1
present,1240,41301026,0x00000000,0,0,0,0x00000000,0x00000000,1,0,1,0,1
present,1241,41337536,0x00000000,0,0,0,0x00000000,0x00000000,1,0,1,0,1
present,1242,41371142,0x00000000,0,0,0,0x00000000,0x00000000,1,0,1,0,1
present,1243,41403017,0x00000000,0,0,0,0x00000000,0x00000000,1,0,1,0,1
present,1244,41434374,0x00000000,0,0,0,0x00000000,0x00000000,1,0,1,0,1
present,1245,41470711,0x00000000,0,0,0,0x00000000,0x00000000,1,0,1,0,1
present,1246,41503286,0x00000000,0,0,0,0x00000000,0x00000000,1,0,1,0,1
present,1247,41536467,0x00000000,0,0,0,0x00000000,0x00000000,1,0,1,0,1
present,1248,41570973,0x00000000,0,0,0,0x00000000,0x00000000,1,0,1,0,1
present,1249,41603883,0x00000000,0,0,0,0x00000000,0x00000000,1,0,1,0,1
present,1250,41638186,0x00000000,0,0,0,0x00000000,0x00000000,1,0,1,0,1
present,1251,41669370,0x00000000,0,0,0,0x00000000,0x00000000,1,0,1,0,1
present,1252,41703612,0x00000000,0,0,0,0x00000000,0x00000000,1,0,1,0,1
present,1253,41736836,0x00000000,0,0,0,0x00000000,0x00000000,1,0,1,0,1
present,1254,41770097,0x00000000,0,0,0,0x00000000,0x00000000,1,0,1,0,1
present,1255,41803608,0x00000000,0,0,0,0x00000000,0x00000000,1,0,1,0,1
present,1256,41834829,0x00000000,0,0,0,0x00000000,0x00000000,1,0,1,0,1
present,1257,41869401,0x00000000,0,0,0,0x00000000,0x00000000,1,0,1,0,1
present,1258,41904779,0x00000000,0,0,0,0x00000000,0x00000000,1,0,1,0,1
present,1259,41936961,0x00000000,0,0,0,0x00000000,0x00000000,1,0,1,0,1
present,1260,41967853,0x00000000,0,0,0,0x00000000,0x00000000,1,0,1,0,1
present,1261,42000652,0x00000000,0,0,0,0x00000000,0x00000000,2,0,1,0,1
present,1262,42037761,0x00000000,0,0,0,0x00000000,0x00000000,2,0,1,0,1
present,1263,42067364,0x00000000,0,0,0,0x00000000,0x00000000,2,0,1,0,1
present,1264,42100664,0x00000000,0,0,0,0x00000000,0x00000000,2,0,1,0,1
present,1265,42137973,0x00000000,0,0,0,0x00000000,0x00000000,2,0,1,0,1
present,1266,42171649,0x00000000,0,0,0,0x00000000,0x00000000,2,0,1,0,1
present,1267,42203805,0x00000000,0,0,0,0x00000000,0x00000000,2,0,1,0,1
present,1268,42234664,0x00000000,0,0,0,0x00000000,0x00000000,2,0,1,0,1
present,1269,42268150,0x00000000,0,0,0,0x00000000,0x00000000,2,0,1,0,1
present,1270,42304631,0x00000000,0,0,0,0x00000000,0x00000000,2,0,1,0,1
present,1271,42334105,0x00000000,0,0,0,0x00000000,0x00000000,2,0,1,0,1
present,1272,42368464,0x00000000,0,0,0,0x00000000,0x00000000,2,0,1,0,1
present,1273,42404335,0x00000000,0,0,0,0x00000000,0x00000000,2,0,1,0,1
present,1274,42437789,0x00000000,0,0,0,0x00000000,0x00000000,2,0,1,0,1
present,1275,42471491,0x00000000,0,0,0,0x00000000,0x00000000,2,0,1,0,1
present,1276,42503924,0x00000000,0,0,0,0x00000000,0x00000000,2,0,1,0,1
present,1277,42537367,0x00000000,0,0,0,0x00000000,0x00000000,2,0,1,0,1
present,1278,42570254,0x00000000,0,0,0,0x00000000,0x00000000,2,0,1,0,1
present,1279,42601065,0x00000000,0,0,0,0x00000000,0x00000000,2,0,1,0,1
present,1280,42633491,0x00000000,0,0,0,0x00000000,0x00000000,2,0,1,0,1
present,1281,42670026,0x00000000,0,0,0,0x00000000,0x00000000,2,0,1,0,1
present,1282,42703187,0x00000000,0,0,0,0x00000000,0x00000000,2,0,1,0,1
present,1283,42737496,0x00000000,0,0,0,0x00000000,0x00000000,2,0,1,0,1
present,1284,42770739,0x00000000,0,0,0,0x00000000,0x00000000,2,0,1,0,1
present,1285,42803296,0x00000000,0,0,0,0x00000000,0x00000000,2,0,1,0,1
present,1286,42836913,0x00000000,0,0,0,0x00000000,0x00000000,2,0,1,0,1
present,1287,42867834,0x00000000,0,0,0,0x00000000,0x00000000,2,0,1,0,1
present,1288,42903987,0x00000000,0,0,0,0x00000000,0x00000000,2,0,1,0,1
present,1289,42938007,0x00000000,0,0,0,0x00000000,0x00000000,2,0,1,0,1
present,1290,42968050,0x00000000,0,0,0,0x00000000,0x00000000,2,0,1,0,1
present,1291,43004428,0x00000000,0,0,0,0x00000000,0x00000000,3,0,1,0,1
present,1292,43037732,0x00000000,0,0,0,0x00000000,0x00000000,3,0,1,0,1
present,1293,43068175,0x00000000,0,0,0,0x00000000,0x00000000,3,0,1,0,1
present,1294,43101532,0x00000000,0,0,0,0x00000000,0x00000000,3,0,1,0,1
present,1295,43134624,0x00000000,0,0,0,0x00000000,0x00000000,3,0,1,0,1
present,1296,43167293,0x00000000,0,0,0,0x00000000,0x00000000,3,0,1,0,1
present,1297,43204939,0x00000000,0,0,0,0x00000000,0x00000000,3,0,1,0,1
present,1298,43237552,0x00000000,0,0,0,0x00000000,0x00000000,3,0,1,0,1
present,1299,43271377,0x00000000,0,0,0,0x00000000,0x00000000,3,0,1,0,1
present,1300,43304545,0x00000000,0,0,0,0x00000000,0x00000000,3,0,1,0,1
present,1301,43333807,0x00000000,0,0,0,0x00000000,0x00000000,3,0,1,0,1
present,1302,43371123,0x00000000,0,0,0,0x00000000,0x00000000,3,0,1,0,1
present,1303,43401955,0x00000000,0,0,0,0x00000000,0x00000000,3,0,1,0,1
present,1304,43437471,0x00000000,0,0,0,0x00000000,0x00000000,3,0,1,0,1
present,1305,43468797,0x00000000,0,0,0,0x00000000,0x00000000,3,0,1,0,1
present,1306,43504598,0x00000000,0,0,0,0x00000000,0x00000000,3,0,1,0,1
present,1307,43536990,0x00000000,0,0,0,0x00000000,0x00000000,3,0,1,0,1
present,1308,43568190,0x00000000,0,0,0,0x00000000,0x00000000,3,0,1,0,1
present,1309,43600766,0x00000000,0,0,0,0x00000000,0x00000000,3,0,1,0,1
present,1310,43634528,0x00000000,0,0,0,0x00000000,0x00000000,3,0,1,0,1
present,1311,43670817,0x00000000,0,0,0,0x00000000,0x00000000,3,0,1,0,1
present,1312,43704021,0x00000000,0,0,0,0x00000000,0x00000000,3,0,1,0,1
present,1313,43737234,0x00000000,0,0,0,0x00000000,0x00000000,3,0,1,0,1
present,1314,43770443,0x00000000,0,0,0,0x00000000,0x00000000,3,0,1,0,1
present,1315,43803990,0x00000000,0,0,0,0x00000000,0x00000000,3,0,1,0,1
present,1316,43837879,0x00000000,0,0,0,0x00000000,0x00000000,3,0,1,0,1
present,1317,43870733,0x00000000,0,0,0,0x00000000,0x00000000,3,0,1,0,1
present,1318,43901993,0x00000000,0,0,0,0x00000000,0x00000000,3,0,1,0,1
present,1319,43937701,0x00000000,0,0,0,0x00000000,0x00000000,3,0,1,0,1
present,1320,43968531,0x00000000,0,0,0,0x00000000,0x00000000,3,0,1,0,1
present,1321,44001472,0x00000000,0,0,0,0x00000000,0x00000000,0,0,1,0,1
present,1322,44037714,0x00000000,0,0,0,0x00000000,0x00000000,0,0,1,0,1
present,1323,44067993,0x00000000,0,0,0,0x00000000,0x00000000,0,0,1,0,1
present,1324,44103967,0x00000000,0,0,0,0x00000000,0x00000000,0,0,1,0,1
present,1325,44135351,0x00000000,0,0,0,0x00000000,0x00000000,0,0,1,0,1
present,1326,44168293,0x00000000,0,0,0,0x00000000,0x00000000,0,0,1,0,1
present,1327,44204642,0x00000000,0,0,0,0x00000000,0x00000000,0,0,1,0,1
present,1328,44238161,0x00000000,0,0,0,0x00000000,0x00000000,0,0,1,0,1
present,1329,44271138,0x00000000,0,0,0,0x00000000,0x00000000,0,0,1,0,1
present,1330,44300704,0x00000000,0,0,0,0x00000000,0x00000000,0,0,1,0,1
present,1331,44334883,0x00000000,0,0,0,0x00000000,0x00000000,0,0,1,0,1
present,1332,44371346,0x00000000,0,0,0,0x00000000,0x00000000,0,0,1,0,1
present,1333,44403229,0x00000000,0,0,0,0x00000000,0x00000000,0,0,1,0,1
present,1334,44435092,0x00000000,0,0,0,0x00000000,0x00000000,0,0,1,0,1
present,1335,44470138,0x00000000,0,0,0,0x00000000,0x00000000,0,0,1,0,1
present,1336,44501567,0x00000000,0,0,0,0x00000000,0x00000000,0,0,1,0,1
present,1337,44537960,0x00000000,0,0,0,0x00000000,0x00000000,0,0,1,0,1
present,1338,44571411,0x00000000,0,0,0,0x00000000,0x00000000,0,0,1,0,1
present,1339,44601512,0x00000000,0,0,0,0x00000000,0x00000000,0,0,1,0,1
present,1340,44634778,0x00000000,0,0,0,0x00000000,0x00000000,0,0,1,0,1
present,1341,44669114,0x00000000,0,0,0,0x00000000,0x00000000,0,0,1,0,1
present,1342,44703333,0x00000000,0,0,0,0x00000000,0x00000000,0,0,1,0,1
present,1343,44736572,0x00000000,0,0,0,0x00000000,0x00000000,0,0,1,0,1
present,1344,44770764,0x00000000,0,0,0,0x00000000,0x00000000,0,0,1,0,1
present,1345,44801226,0x00000000,0,0,0,0x00000000,0x00000000,0,0,1,0,1
present,1346,44837569,0x00000000,0,0,0,0x00000000,0x00000000,0,0,1,0,1
present,1347,44870700,0x00000000,0,0,0,0x00000000,0x00000000,0,0,1,0,1
present,1348,44904484,0x00000000,0,0,0,0x00000000,0x00000000,0,0,1,0,1
present,1349,44934857,0x00000000,0,0,0,0x00000000,0x00000000,0,0,1,0,1
present,1350,44971400,0x00000000,0,0,0,0x00000000,0x00000000,0,0,1,0,1
present,1351,45004708,0x00000000,0,0,0,0x00000000,0x00000000,1,0,1,0,1
present,1352,45033908,0x00000000,0,0,0,0x00000000,0x00000000,1,0,1,0,1
present,1353,45071388,0x00000000,0,0,0,0x00000000,0x00000000,1,0,1,0,1
present,1354,45102574,0x00000000,0,0,0,0x00000000,0x00000000,1,0,1,0,1
present,1355,45134013,0x00000000,0,0,0,0x00000000,0x00000000,1,0,1,0,1
present,1356,45167584,0x00000000,0,0,0,0x00000000,0x00000000,1,0,1,0,1
present,1357,45203531,0x00000000,0,0,0,0x00000000,0x00000000,1,0,1,0,1
present,1358,45234761,0x00000000,0,0,0,0x00000000,0x00000000,1,0,1,0,1
present,1359,45270318,0x00000000,0,0,0,0x00000000,0x00000000,1,0,1,0,1
present,1360,45304575,0x00000000,0,0,0,0x00000000,0x00000000,1,0,1,0,1
present,1361,45334204,0x00000000,0,0,0,0x00000000,0x00000000,1,0,1,0,1
present,1362,45367722,0x00000000,0,0,0,0x00000000,0x00000000,1,0,1,0,1
present,1363,45401181,0x00000000,0,0,0,0x00000000,0x00000000,1,0,1,0,1
present,1364,45436326,0x00000000,0,0,0,0x00000000,0x00000000,1,0,1,0,1
present,1365,45470585,0x00000000,0,0,0,0x00000000,0x00000000,1,0,1,0,1
present,1366,45504009,0x00000000,0,0,0,0x00000000,0x00000000,1,0,1,0,1
present,1367,45537046,0x00000000,0,0,0,0x00000000,0x00000000,1,0,1,0,1
present,1368,45568124,0x00000000,0,0,0,0x00000000,0x00000000,1,0,1,0,1
present,1369,45604243,0x00000000,0,0,0,0x00000000,0x00000000,1,0,1,0,1
present,1370,45634759,0x00000000,0,0,0,0x00000000,0x00000000,1,0,1,0,1
present,1371,45669980,0x00000000,0,0,0,0x00000000,0x00000000,1,0,1,0,1
present,1372,45703247,0x00000000,0,0,0,0x00000000,0x00000000,1,0,1,0,1
present,1373,45737414,0x00000000,0,0,0,0x00000000,0x00000000,1,0,1,0,1
present,1374,45770687,0x00000000,0,0,0,0x00000000,0x00000000,1,0,1,0,1
present,1375,45804217,0x00000000,0,0,0,0x00000000,0x00000000,1,0,1,0,1
present,1376,45837326,0x00000000,0,0,0,0x00000000,0x00000000,1,0,1,0,1
present,1377,45870913,0x00000000,0,0,0,0x00000000,0x00000000,1,0,1,0,1
present,1378,45904507,0x00000000,0,0,0,0x00000000,0x00000000,1,0,1,0,1
present,1379,45933919,0x00000000,0,0,0,0x00000000,0x00000000,1,0,1,0,1
present,1380,45968744,0x00000000,0,0,0,0x00000000,0x00000000,1,0,1,0,1
present,1381,46000559,0x00000000,0,0,0,0x00000000,0x00000000,2,0,1,0,1
present,1382,46035079,0x00000000,0,0,0,0x00000000,0x00000000,2,0,1,0,1
present,1383,46068028,0x00000000,0,0,0,0x00000000,0x00000000,2,0,1,0,1
present,1384,46101542,0x00000000,0,0,0,0x00000000,0x00000000,2,0,1,0,1
present,1385,46136634,0x00000000,0,0,0,0x00000000,0x00000000,2,0,1,0,1
present,1386,46170976,0x00000000,0,0,0,0x00000000,0x00000000,2,0,1,0,1
present,1387,46204383,0x00000000,0,0,0,0x00000000,0x00000000,2,0,1,0,1
present,1388,46237555,0x00000000,0,0,0,0x00000000,0x00000000,2,0,1,0,1
present,1389,46269712,0x00000000,0,0,0,0x00000000,0x00000000,2,0,1,0,1
present,1390,46304697,0x00000000,0,0,0,0x00000000,0x00000000,2,0,1,0,1
present,1391,46338077,0x00000000,0,0,0,0x00000000,0x00000000,2,0,1,0,1
present,1392,46370881,0x00000000,0,0,0,0x00000000,0x00000000,2,0,1,0,1
present,1393,46404197,0x00000000,0,0,0,0x00000000,0x00000000,2,0,1,0,1
present,1394,46437845,0x00000000,0,0,0,0x00000000,0x00000000,2,0,1,0,1
present,1395,46468821,0x00000000,0,0,0,0x00000000,0x00000000,2,0,1,0,1
present,1396,46501860,0x00000000,0,0,0,0x00000000,0x00000000,2,0,1,0,1
present,1397,46537723,0x00000000,0,0,0,0x00000000,0x00000000,2,0,1,0,1
present,1398,46570794,0x00000000,0,0,0,0x00000000,0x00000000,2,0,1,0,1
present,1399,46601501,0x00000000,0,0,0,0x00000000,0x00000000,2,0,1,0,1
present,1400,46635190,0x00000000,0,0,0,0x00000000,0x00000000,2,0,1,0,1
present,1401,46667562,0x00000000,0,0,0,0x00000000,0x00000000,2,0,1,0,1
present,1402,46701982,0x00000000,0,0,0,0x00000000,0x00000000,2,0,1,0,1
present,1403,46737256,0x00000000,0,0,0,0x00000000,0x00000000,2,0,1,0,1
present,1404,46770039,0x00000000,0,0,0,0x00000000,0x00000000,2,0,1,0,1
present,1405,46803299,0x00000000,0,0,0,0x00000000,0x00000000,2,0,1,0,1
present,1406,46837164,0x00000000,0,0,0,0x00000000,0x00000000,2,0,1,0,1
present,1407,46871524,0x00000000,0,0,0,0x00000000,0x00000000,2,0,1,0,1
present,1408,46901435,0x00000000,0,0,0,0x00000000,0x00000000,2,0,1,0,1
present,1409,46938868,0x00000000,0,0,0,0x00000000,0x00000000,2,0,1,0,1
present,1410,46967291,0x00000000,0,0,0,0x00000000,0x00000000,2,0,1,0,1
present,1411,47001150,0x00000000,0,0,0,0x00000000,0x00000000,3,0,1,0,1
present,1412,47037293,0x00000000,0,0,0,0x00000000,0x00000000,3,0,1,0,1
present,1413,47071382,0x00000000,0,0,0,0x00000000,0x00000000,3,0,1,0,1
present,1414,47104745,0x00000000,0,0,0,0x00000000,0x00000000,3,0,1,0,1
present,1415,47137193,0x00000000,0,0,0,0x00000000,0x00000000,3,0,1,0,1
present,1416,47167666,0x00000000,0,0,0,0x00000000,0x00000000,3,0,1,0,1
present,1417,47204767,0x00000000,0,0,0,0x00000000,0x00000000,3,0,1,0,1
present,1418,47233560,0x00000000,0,0,0,0x00000000,0x00000000,3,0,1,0,1
present,1419,47270469,0x00000000,0,0,0,0x00000000,0x00000000,3,0,1,0,1
present,1420,47303709,0x00000000,0,0,0,0x00000000,0x00000000,3,0,1,0,1
present,1421,47337864,0x00000000,0,0,0,0x00000000,0x00000000,3,0,1,0,1
present,1422,47368404,0x00000000,0,0,0,0x00000000,0x00000000,3,0,1,0,1
present,1423,47404464,0x00000000,0,0,0,0x00000000,0x00000000,3,0,1,0,1
present,1424,47436764,0x00000000,0,0,0,0x00000000,0x00000000,3,0,1,0,1
present,1425,47470333,0x00000000,0,0,0,0x00000000,0x00000000,3,0,1,0,1
present,1426,47503710,0x00000000,0,0,0,0x00000000,0x00000000,3,0,1,0,1
present,1427,47537569,0x00000000,0,0,0,0x00000000,0x00000000,3,0,1,0,1
present,1428,47567360,0x00000000,0,0,0,0x00000000,0x00000000,3,0,1,0,1
present,1429,47602364,0x00000000,0,0,0,0x00000000,0x00000000,3,0,1,0,1
present,1430,47636791,0x00000000,0,0,0,0x00000000,0x00000000,3,0,1,0,1
present,1431,47670154,0x00000000,0,0,0,0x00000000,0x00000000,3,0,1,0,1
present,1432,47703317,0x00000000,0,0,0,0x00000000,0x00000000,3,0,1,0,1
present,1433,47736566,0x00000000,0,0,0,0x00000000,0x00000000,3,0,1,0,1
present,1434,47770771,0x00000000,0,0,0,0x00000000,0x00000000,3,0,1,0,1
present,1435,47804375,0x00000000,0,0,0,0x00000000,0x00000000,3,0,1,0,1
present,1436,47837993,0x00000000,0,0,0,0x00000000,0x00000000,3,0,1,0,1
present,1437,47871087,0x00000000,0,0,0,0x00000000,0x00000000,3,0,1,0,1
present,1438,47903662,0x00000000,0,0,0,0x00000000,0x00000000,3,0,1,0,1
present,1439,47937622,0x00000000,0,0,0,0x00000000,0x00000000,3,0,1,0,1
present,1440,47970799,0x00000000,0,0,0,0x00000000,0x00000000,3,0,1,0,1
present,1441,48001507,0x00000000,0,0,0,0x00000000,0x00000000,0,0,1,0,1
present,1442,48034726,0x00000000,0,0,0,0x00000000,0x00000000,0,0,1,0,1
present,1443,48070249,0x00000000,0,0,0,0x00000000,0x00000000,0,0,1,0,1
present,1444,48104564,0x00000000,0,0,0,0x00000000,0x00000000,0,0,1,0,1
present,1445,48136260,0x00000000,0,0,0,0x00000000,0x00000000,0,0,1,0,1
present,1446,48170773,0x00000000,0,0,0,0x00000000,0x00000000,0,0,1,0,1
present,1447,48202415,0x00000000,0,0,0,0x00000000,0x00000000,0,0,1,0,1
present,1448,48237556,0x00000000,0,0,0,0x00000000,0x00000000,0,0,1,0,1
present,1449,48269707,0x00000000,0,0,0,0x00000000,0x00000000,0,0,1,0,1
present,1450,48301984,0x00000000,0,0,0,0x00000000,0x00000000,0,0,1,0,1
present,1451,48337091,0x00000000,0,0,0,0x00000000,0x00000000,0,0,1,0,1
present,1452,48371986,0x00000000,0,0,0,0x00000000,0x00000000,0,0,1,0,1
present,1453,48402963,0x00000000,0,0,0,0x00000000,0x00000000,0,0,1,0,1
present,1454,48437457,0x00000000,0,0,0,0x00000000,0x00000000,0,0,1,0,1
present,1455,48468530,0x00000000,0,0,0,0x00000000,0x00000000,0,0,1,0,1
present,1456,48504590,0x00000000,0,0,0,0x00000000,0x00000000,0,0,1,0,1
present,1457,48535077,0x00000000,0,0,0,0x00000000,0x00000000,0,0,1,0,1
present,1458,48568258,0x00000000,0,0,0,0x00000000,0x00000000,0,0,1,0,1
present,1459,48601181,0x00000000,0,0,0,0x00000000,0x00000000,0,0,1,0,1
present,1460,48634476,0x00000000,0,0,0,0x00000000,0x00000000,0,0,1,0,1
present,1461,48673261,0x00000000,0,0,0,0x00000000,0x00000000,0,0,1,0,1
present,1462,48708535,0x00000000,0,0,0,0x00000000,0x00000000,0,0,1,0,1
present,1463,48733439,0x00000000,0,0,0,0x00000000,0x00000000,0,0,1,0,1
present,1464,48767724,0x00000000,0,0,0,0x00000000,0x00000000,0,0,1,0,1
present,1465,48808919,0x00000000,0,0,0,0x00000000,0x00000000,0,0,1,0,1
present,1466,48840305,0x00000000,0,0,0,0x00000000,0x00000000,0,0,1,0,1
present,1467,48872465,0x00000000,0,0,0,0x00000000,0x00000000,0,0,1,0,1
present,1468,48909359,0x00000000,0,0,0,0x00000000,0x00000000,0,0,1,0,1
present,1469,48938676,0x00000000,0,0,0,0x00000000,0x00000000,0,0,1,0,1
present,1470,48974787,0x00000000,0,0,0,0x00000000,0x00000000,0,0,1,0,1
present,1471,49008865,0x00000000,0,0,0,0x00000000,0x00000000,1,0,1,0,1
present,1472,49036000,0x00000000,0,0,0,0x00000000,0x00000000,1,0,1,0,1
present,1473,49075958,0x00000000,0,0,0,0x00000000,0x00000000,1,0,1,0,1
present,1474,49104239,0x00000000,0,0,0,0x00000000,0x00000000,1,0,1,0,1
present,1475,49138774,0x00000000,0,0,0,0x00000000,0x00000000,1,0,1,0,1
present,1476,49175069,0x00000000,0,0,0,0x00000000,0x00000000,1,0,1,0,1
present,1477,49206916,0x00000000,0,0,0,0x00000000,0x00000000,1,0,1,0,1
present,1478,49234860,0x00000000,0,0,0,0x00000000,0x00000000,1,0,1,0,1
present,1479,49267488,0x00000000,0,0,0,0x00000000,0x00000000,1,0,1,0,1
present,1480,49304878,0x00000000,0,0,0,0x00000000,0x00000000,1,0,1,0,1
present,1481,49342879,0x00000000,0,0,0,0x00000000,0x00000000,1,0,1,0,1
present,1482,49373513,0x00000000,0,0,0,0x00000000,0x00000000,1,0,1,0,1
present,1483,49401296,0x00000000,0,0,0,0x00000000,0x00000000,1,0,1,0,1
present,1484,49434021,0x00000000,0,0,0,0x00000000,0x00000000,1,0,1,0,1
present,1485,49475819,0x00000000,0,0,0,0x00000000,0x00000000,1,0,1,0,1
present,1486,49502177,0x00000000,0,0,0,0x00000000,0x00000000,1,0,1,0,1
present,1487,49542415,0x00000000,0,0,0,0x00000000,0x00000000,1,0,1,0,1
present,1488,49572917,0x00000000,0,0,0,0x00000000,0x00000000,1,0,1,0,1
present,1489,49608967,0x00000000,0,0,0,0x00000000,0x00000000,1,0,1,0,1
present,1490,49642862,0x00000000,0,0,0,0x00000000,0x00000000,1,0,1,0,1
present,1491,49671779,0x00000000,0,0,0,0x00000000,0x00000000,1,0,1,0,1
present,1492,49709062,0x00000000,0,0,0,0x00000000,0x00000000,1,0,1,0,1
present,1493,49742314,0x00000000,0,0,0,0x00000000,0x00000000,1,0,1,0,1
present,1494,49775533,0x00000000,0,0,0,0x00000000,0x00000000,1,0,1,0,1
present,1495,49809030,0x00000000,0,0,0,0x00000000,0x00000000,1,0,1,0,1
present,1496,49842718,0x00000000,0,0,0,0x00000000,0x00000000,1,0,1,0,1
present,1497,49874862,0x00000000,0,0,0,0x00000000,0x00000000,1,0,1,0,1
present,1498,49908084,0x00000000,0,0,0,0x00000000,0x00000000,1,0,1,0,1
present,1499,49943089,0x00000000,0,0,0,0x00000000,0x00000000,1,0,1,0,1
present,1500,49971454,0x00000000,0,0,0,0x00000000,0x00000000,1,0,1,0,1
present,1501,50001009,0x00000000,0,0,0,0x00000000,0x00000000,2,0,1,0,1
present,1502,50035520,0x00000000,0,0,0,0x00000000,0x00000000,2,0,1,0,1
present,1503,50073021,0x00000000,0,0,0,0x00000000,0x00000000,2,0,1,0,1
present,1504,50101209,0x00000000,0,0,0,0x00000000,0x00000000,2,0,1,0,1
present,1505,50138906,0x00000000,0,0,0,0x00000000,0x00000000,2,0,1,0,1
present,1506,50167593,0x00000000,0,0,0,0x00000000,0x00000000,2,0,1,0,1
present,1507,50208864,0x00000000,0,0,0,0x00000000,0x00000000,2,0,1,0,1
present,1508,50242352,0x00000000,0,0,0,0x00000000,0x00000000,2,0,1,0,1
present,1509,50276207,0x00000000,0,0,0,0x00000000,0x00000000,2,0,1,0,1
present,1510,50301501,0x00000000,0,0,0,0x00000000,0x00000000,2,0,1,0,1
present,1511,50333946,0x00000000,0,0,0,0x00000000,0x00000000,2,0,1,0,1
present,1512,50376156,0x00000000,0,0,0,0x00000000,0x00000000,2,0,1,0,1
present,1513,50405209,0x00000000,0,0,0,0x00000000,0x00000000,2,0,1,0,1
present,1514,50442244,0x00000000,0,0,0,0x00000000,0x00000000,2,0,1,0,1
present,1515,50468948,0x00000000,0,0,0,0x00000000,0x00000000,2,0,1,0,1
present,1516,50504520,0x00000000,0,0,0,0x00000000,0x00000000,2,0,1,0,1
present,1517,50542223,0x00000000,0,0,0,0x00000000,0x00000000,2,0,1,0,1
present,1518,50572116,0x00000000,0,0,0,0x00000000,0x00000000,2,0,1,0,1
present,1519,50607508,0x00000000,0,0,0,0x00000000,0x00000000,2,0,1,0,1
present,1520,50636285,0x00000000,0,0,0,0x00000000,0x00000000,2,0,1,0,1
present,1521,50669365,0x00000000,0,0,0,0x00000000,0x00000000,2,0,1,0,1
present,1522,50708608,0x00000000,0,0,0,0x00000000,0x00000000,2,0,1,0,1
present,1523,50741861,0x00000000,0,0,0,0x00000000,0x00000000,2,0,1,0,1
present,1524,50775085,0x00000000,0,0,0,0x00000000,0x00000000,2,0,1,0,1
present,1525,50802769,0x00000000,0,0,0,0x00000000,0x00000000,2,0,1,0,1
present,1526,50842349,0x00000000,0,0,0,0x00000000,0x00000000,2,0,1,0,1
present,1527,50868797,0x00000000,0,0,0,0x00000000,0x00000000,2,0,1,0,1
present,1528,50900888,0x00000000,0,0,0,0x00000000,0x00000000,2,0,1,0,1
present,1529,50941596,0x00000000,0,0,0,0x00000000,0x00000000,2,0,1,0,1
present,1530,50975474,0x00000000,0,0,0,0x00000000,0x00000000,2,0,1,0,1
present,1531,51009290,0x00000000,0,0,0,0x00000000,0x00000000,3,0,1,0,1
present,1532,51036750,0x00000000,0,0,0,0x00000000,0x00000000,3,0,1,0,1
present,1533,51066882,0x00000000,0,0,0,0x00000000,0x00000000,3,0,1,0,1
present,1534,51108220,0x00000000,0,0,0,0x00000000,0x00000000,3,0,1,0,1
present,1535,51136451,0x00000000,0,0,0,0x00000000,0x00000000,3,0,1,0,1
present,1536,51175420,0x00000000,0,0,0,0x00000000,0x00000000,3,0,1,0,1
present,1537,51203232,0x00000000,0,0,0,0x00000000,0x00000000,3,0,1,0,1
present,1538,51243037,0x00000000,0,0,0,0x00000000,0x00000000,3,0,1,0,1
present,1539,51273989,0x00000000,0,0,0,0x00000000,0x00000000,3,0,1,0,1
present,1540,51308985,0x00000000,0,0,0,0x00000000,0x00000000,3,0,1,0,1
present,1541,51340499,0x00000000,0,0,0,0x00000000,0x00000000,3,0,1,0,1
present,1542,51376349,0x00000000,0,0,0,0x00000000,0x00000000,3,0,1,0,1
present,1543,51409207,0x00000000,0,0,0,0x00000000,0x00000000,3,0,1,0,1
present,1544,51442733,0x00000000,0,0,0,0x00000000,0x00000000,3,0,1,0,1
present,1545,51471986,0x00000000,0,0,0,0x00000000,0x00000000,3,0,1,0,1
present,1546,51501652,0x00000000,0,0,0,0x00000000,0x00000000,3,0,1,0,1
present,1547,51542291,0x00000000,0,0,0,0x00000000,0x00000000,3,0,1,0,1
present,1548,51567333,0x00000000,0,0,0,0x00000000,0x00000000,3,0,1,0,1
present,1549,51609125,0x00000000,0,0,0,0x00000000,0x00000000,3,0,1,0,1
present,1550,51634567,0x00000000,0,0,0,0x00000000,0x00000000,3,0,1,0,1
present,1551,51667771,0x00000000,0,0,0,0x00000000,0x00000000,3,0,1,0,1
present,1552,51708206,0x00000000,0,0,0,0x00000000,0x00000000,3,0,1,0,1
present,1553,51742425,0x00000000,0,0,0,0x00000000,0x00000000,3,0,1,0,1
present,1554,51775696,0x00000000,0,0,0,0x00000000,0x00000000,3,0,1,0,1
present,1555,51808561,0x00000000,0,0,0,0x00000000,0x00000000,3,0,1,0,1
present,1556,51838855,0x00000000,0,0,0,0x00000000,0x00000000,3,0,1,0,1
present,1557,51876080,0x00000000,0,0,0,0x00000000,0x00000000,3,0,1,0,1
present,1558,51902865,0x00000000,0,0,0,0x00000000,0x00000000,3,0,1,0,1
present,1559,51935631,0x00000000,0,0,0,0x00000000,0x00000000,3,0,1,0,1
present,1560,51972634,0x00000000,0,0,0,0x00000000,0x00000000,3,0,1,0,1
present,1561,52003861,0x00000000,0,0,0,0x00000000,0x00000000,0,0,1,0,1
present,1562,52039509,0x00000000,0,0,0,0x00000000,0x00000000,0,0,1,0,1
present,1563,52075669,0x00000000,0,0,0,0x00000000,0x00000000,0,0,1,0,1
present,1564,52109372,0x00000000,0,0,0,0x00000000,0x00000000,0,0,1,0,1
present,1565,52138342,0x00000000,0,0,0,0x00000000,0x00000000,0,0,1,0,1
present,1566,52172264,0x00000000,0,0,0,0x00000000,0x00000000,0,0,1,0,1
present,1567,52205215,0x00000000,0,0,0,0x00000000,0x00000000,0,0,1,0,1
present,1568,52238833,0x00000000,0,0,0,0x00000000,0x00000000,0,0,1,0,1
present,1569,52267956,0x00000000,0,0,0,0x00000000,0x00000000,0,0,1,0,1
present,1570,52308903,0x00000000,0,0,0,0x00000000,0x00000000,0,0,1,0,1
present,1571,52342841,0x00000000,0,0,0,0x00000000,0x00000000,0,0,1,0,1
present,1572,52376034,0x00000000,0,0,0,0x00000000,0x00000000,0,0,1,0,1
present,1573,52405258,0x00000000,0,0,0,0x00000000,0x00000000,0,0,1,0,1
present,1574,52434575,0x00000000,0,0,0,0x00000000,0x00000000,0,0,1,0,1
present,1575,52475934,0x00000000,0,0,0,0x00000000,0x00000000,0,0,1,0,1
present,1576,52505717,0x00000000,0,0,0,0x00000000,0x00000000,0,0,1,0,1
present,1577,52538926,0x00000000,0,0,0,0x00000000,0x00000000,0,0,1,0,1
present,1578,52576161,0x00000000,0,0,0,0x00000000,0x00000000,0,0,1,0,1
present,1579,52605182,0x00000000,0,0,0,0x00000000,0x00000000,0,0,1,0,1
present,1580,52639428,0x00000000,0,0,0,0x00000000,0x00000000,0,0,1,0,1
present,1581,52672627,0x00000000,0,0,0,0x00000000,0x00000000,0,0,1,0,1
present,1582,52708931,0x00000000,0,0,0,0x00000000,0x00000000,0,0,1,0,1
present,1583,52742149,0x00000000,0,0,0,0x00000000,0x00000000,0,0,1,0,1
present,1584,52775354,0x00000000,0,0,0,0x00000000,0x00000000,0,0,1,0,1
present,1585,52808831,0x00000000,0,0,0,0x00000000,0x00000000,0,0,1,0,1
present,1586,52835840,0x00000000,0,0,0,0x00000000,0x00000000,0,0,1,0,1
present,1587,52875951,0x00000000,0,0,0,0x00000000,0x00000000,0,0,1,0,1
present,1588,52905988,0x00000000,0,0,0,0x00000000,0x00000000,0,0,1,0,1
present,1589,52937903,0x00000000,0,0,0,0x00000000,0x00000000,0,0,1,0,1
present,1590,52969897,0x00000000,0,0,0,0x00000000,0x00000000,0,0,1,0,1
present,1591,53009413,0x00000000,0,0,0,0x00000000,0x00000000,1,0,1,0,1
present,1592,53039235,0x00000000,0,0,0,0x00000000,0x00000000,1,0,1,0,1
present,1593,53075834,0x00000000,0,0,0,0x00000000,0x00000000,1,0,1,0,1
present,1594,53105602,0x00000000,0,0,0,0x00000000,0x00000000,1,0,1,0,1
present,1595,53140597,0x00000000,0,0,0,0x00000000,0x00000000,1,0,1,0,1
present,1596,53173836,0x00000000,0,0,0,0x00000000,0x00000000,1,0,1,0,1
present,1597,53202633,0x00000000,0,0,0,0x00000000,0x00000000,1,0,1,0,1
present,1598,53235398,0x00000000,0,0,0,0x00000000,0x00000000,1,0,1,0,1
present,1599,53270945,0x00000000,0,0,0,0x00000000,0x00000000,1,0,1,0,1
present,1600,53301296,0x00000000,0,0,0,0x00000000,0x00000000,1,0,1,0,1
present,1601,53342746,0x00000000,0,0,0,0x00000000,0x00000000,1,0,1,0,1
present,1602,53368193,0x00000000,0,0,0,0x00000000,0x00000000,1,0,1,0,1
present,1603,53409352,0x00000000,0,0,0,0x00000000,0x00000000,1,0,1,0,1
present,1604,53442306,0x00000000,0,0,0,0x00000000,0x00000000,1,0,1,0,1
present,1605,53469401,0x00000000,0,0,0,0x00000000,0x00000000,1,0,1,0,1
present,1606,53502619,0x00000000,0,0,0,0x00000000,0x00000000,1,0,1,0,1
present,1607,53538834,0x00000000,0,0,0,0x00000000,0x00000000,1,0,1,0,1
present,1608,53575731,0x00000000,0,0,0,0x00000000,0x00000000,1,0,1,0,1
present,1609,53601736,0x00000000,0,0,0,0x00000000,0x00000000,1,0,1,0,1
present,1610,53640226,0x00000000,0,0,0,0x00000000,0x00000000,1,0,1,0,1
present,1611,53672100,0x00000000,0,0,0,0x00000000,0x00000000,1,0,1,0,1
present,1612,53708381,0x00000000,0,0,0,0x00000000,0x00000000,1,0,1,0,1
present,1613,53741605,0x00000000,0,0,0,0x00000000,0x00000000,1,0,1,0,1
present,1614,53774852,0x00000000,0,0,0,0x00000000,0x00000000,1,0,1,0,1
present,1615,53809373,0x00000000,0,0,0,0x00000000,0x00000000,1,0,1,0,1
present,1616,53842254,0x00000000,0,0,0,0x00000000,0x00000000,1,0,1,0,1
present,1617,53868313,0x00000000,0,0,0,0x00000000,0x00000000,1,0,1,0,1
present,1618,53907537,0x00000000,0,0,0,0x00000000,0x00000000,1,0,1,0,1
present,1619,53938798,0x00000000,0,0,0,0x00000000,0x00000000,1,0,1,0,1
present,1620,53973124,0x00000000,0,0,0,0x00000000,0x00000000,1,0,1,0,1
present,1621,54004008,0x00000000,0,0,0,0x00000000,0x00000000,2,0,1,0,1
present,1622,54042281,0x00000000,0,0,0,0x00000000,0x00000000,2,0,1,0,1
present,1623,54076396,0x00000000,0,0,0,0x00000000,0x00000000,2,0,1,0,1
present,1624,54104559,0x00000000,0,0,0,0x00000000,0x00000000,2,0,1,0,1
present,1625,54142565,0x00000000,0,0,0,0x00000000,0x00000000,2,0,1,0,1
present,1626,54175713,0x00000000,0,0,0,0x00000000,0x00000000,2,0,1,0,1
present,1627,54209550,0x00000000,0,0,0,0x00000000,0x00000000,2,0,1,0,1
present,1628,54234236,0x00000000,0,0,0,0x00000000,0x00000000,2,0,1,0,1
present,1629,54275687,0x00000000,0,0,0,0x00000000,0x00000000,2,0,1,0,1
present,1630,54303057,0x00000000,0,0,0,0x00000000,0x00000000,2,0,1,0,1
present,1631,54343077,0x00000000,0,0,0,0x00000000,0x00000000,2,0,1,0,1
present,1632,54376137,0x00000000,0,0,0,0x00000000,0x00000000,2,0,1,0,1
present,1633,54408289,0x00000000,0,0,0,0x00000000,0x00000000,2,0,1,0,1
present,1634,54434150,0x00000000,0,0,0,0x00000000,0x00000000,2,0,1,0,1
present,1635,54475466,0x00000000,0,0,0,0x00000000,0x00000000,2,0,1,0,1
present,1636,54508988,0x00000000,0,0,0,0x00000000,0x00000000,2,0,1,0,1
present,1637,54542451,0x00000000,0,0,0,0x00000000,0x00000000,2,0,1,0,1
present,1638,54571847,0x00000000,0,0,0,0x00000000,0x00000000,2,0,1,0,1
present,1639,54602576,0x00000000,0,0,0,0x00000000,0x00000000,2,0,1,0,1
present,1640,54642524,0x00000000,0,0,0,0x00000000,0x00000000,2,0,1,0,1
present,1641,54674424,0x00000000,0,0,0,0x00000000,0x00000000,2,0,1,0,1
present,1642,54708705,0x00000000,0,0,0,0x00000000,0x00000000,2,0,1,0,1
present,1643,54741987,0x00000000,0,0,0,0x00000000,0x00000000,2,0,1,0,1
present,1644,54775257,0x00000000,0,0,0,0x00000000,0x00000000,2,0,1,0,1
present,1645,54808497,0x00000000,0,0,0,0x00000000,0x00000000,2,0,1,0,1
present,1646,54842357,0x00000000,0,0,0,0x00000000,0x00000000,2,0,1,0,1
present,1647,54871026,0x00000000,0,0,0,0x00000000,0x00000000,2,0,1,0,1
present,1648,54909211,0x00000000,0,0,0,0x00000000,0x00000000,2,0,1,0,1
present,1649,54937042,0x00000000,0,0,0,0x00000000,0x00000000,2,0,1,0,1
present,1650,54971663,0x00000000,0,0,0,0x00000000,0x00000000,2,0,1,0,1
present,1651,55001956,0x00000000,0,0,0,0x00000000,0x00000000,3,0,1,0,1
present,1652,55034910,0x00000000,0,0,0,0x00000000,0x00000000,3,0,1,0,1
present,1653,55070137,0x00000000,0,0,0,0x00000000,0x00000000,3,0,1,0,1
present,1654,55109285,0x00000000,0,0,0,0x00000000,0x00000000,3,0,1,0,1
present,1655,55134467,0x00000000,0,0,0,0x00000000,0x00000000,3,0,1,0,1
present,1656,55173506,0x00000000,0,0,0,0x00000000,0x00000000,3,0,1,0,1
present,1657,55200187,0x00000000,0,0,0,0x00000000,0x00000000,3,0,1,0,1
present,1658,55242099,0x00000000,0,0,0,0x00000000,0x00000000,3,0,1,0,1
present,1659,55275954,0x00000000,0,0,0,0x00000000,0x00000000,3,0,1,0,1
present,1660,55308846,0x00000000,0,0,0,0x00000000,0x00000000,3,0,1,0,1
present,1661,55336557,0x00000000,0,0,0,0x00000000,0x00000000,3,0,1,0,1
present,1662,55371770,0x00000000,0,0,0,0x00000000,0x00000000,3,0,1,0,1
present,1663,55407314,0x00000000,0,0,0,0x00000000,0x00000000,3,0,1,0,1
present,1664,55442579,0x00000000,0,0,0,0x00000000,0x00000000,3,0,1,0,1
present,1665,55468301,0x00000000,0,0,0,0x00000000,0x00000000,3,0,1,0,1
present,1666,55509006,0x00000000,0,0,0,0x00000000,0x00000000,3,0,1,0,1
present,1667,55541363,0x00000000,0,0,0,0x00000000,0x00000000,3,0,1,0,1
present,1668,55567354,0x00000000,0,0,0,0x00000000,0x00000000,3,0,1,0,1
present,1669,55600838,0x00000000,0,0,0,0x00000000,0x00000000,3,0,1,0,1
present,1670,55642478,0x00000000,0,0,0,0x00000000,0x00000000,3,0,1,0,1
present,1671,55675774,0x00000000,0,0,0,0x00000000,0x00000000,3,0,1,0,1
present,1672,55709003,0x00000000,0,0,0,0x00000000,0x00000000,3,0,1,0,1
present,1673,55742273,0x00000000,0,0,0,0x00000000,0x00000000,3,0,1,0,1
present,1674,55775535,0x00000000,0,0,0,0x00000000,0x00000000,3,0,1,0,1
present,1675,55808924,0x00000000,0,0,0,0x00000000,0x00000000,3,0,1,0,1
present,1676,55842770,0x00000000,0,0,0,0x00000000,0x00000000,3,0,1,0,1
present,1677,55875757,0x00000000,0,0,0,0x00000000,0x00000000,3,0,1,0,1
present,1678,55907924,0x00000000,0,0,0,0x00000000,0x00000000,3,0,1,0,1
present,1679,55940595,0x00000000,0,0,0,0x00000000,0x00000000,3,0,1,0,1
present,1680,55967846,0x00000000,0,0,0,0x00000000,0x00000000,3,0,1,0,1
present,1681,56005351,0x00000000,0,0,0,0x00000000,0x00000000,0,0,1,0,1
present,1682,56034661,0x00000000,0,0,0,0x00000000,0x00000000,0,0,1,0,1
present,1683,56075735,0x00000000,0,0,0,0x00000000,0x00000000,0,0,1,0,1
present,1684,56106725,0x00000000,0,0,0,0x00000000,0x00000000,0,0,1,0,1
present,1685,56142550,0x00000000,0,0,0,0x00000000,0x00000000,0,0,1,0,1
present,1686,56173620,0x00000000,0,0,0,0x00000000,0x00000000,0,0,1,0,1
present,1687,56201633,0x00000000,0,0,0,0x00000000,0x00000000,0,0,1,0,1
present,1688,56234075,0x00000000,0,0,0,0x00000000,0x00000000,0,0,1,0,1
present,1689,56270310,0x00000000,0,0,0,0x00000000,0x00000000,0,0,1,0,1
present,1690,56306929,0x00000000,0,0,0,0x00000000,0x00000000,0,0,1,0,1
present,1691,56336723,0x00000000,0,0,0,0x00000000,0x00000000,0,0,1,0,1
present,1692,56375746,0x00000000,0,0,0,0x00000000,0x00000000,0,0,1,0,1
present,1693,56408686,0x00000000,0,0,0,0x00000000,0x00000000,0,0,1,0,1
present,1694,56434454,0x00000000,0,0,0,0x00000000,0x00000000,0,0,1,0,1
present,1695,56472602,0x00000000,0,0,0,0x00000000,0x00000000,0,0,1,0,1
present,1696,56509382,0x00000000,0,0,0,0x00000000,0x00000000,0,0,1,0,1
present,1697,56541735,0x00000000,0,0,0,0x00000000,0x00000000,0,0,1,0,1
present,1698,56567467,0x00000000,0,0,0,0x00000000,0x00000000,0,0,1,0,1
present,1699,56606020,0x00000000,0,0,0,0x00000000,0x00000000,0,0,1,0,1
present,1700,56637815,0x00000000,0,0,0,0x00000000,0x00000000,0,0,1,0,1
present,1701,56675717,0x00000000,0,0,0,0x00000000,0x00000000,0,0,1,0,1
present,1702,56709024,0x00000000,0,0,0,0x00000000,0x00000000,0,0,1,0,1
present,1703,56735292,0x00000000,0,0,0,0x00000000,0x00000000,0,0,1,0,1
present,1704,56770695,0x00000000,0,0,0,0x00000000,0x00000000,0,0,1,0,1
present,1705,56809237,0x00000000,0,0,0,0x00000000,0x00000000,0,0,1,0,1
present,1706,56836582,0x00000000,0,0,0,0x00000000,0x00000000,0,0,1,0,1
present,1707,56876172,0x00000000,0,0,0,0x00000000,0x00000000,0,0,1,0,1
present,1708,56909311,0x00000000,0,0,0,0x00000000,0x00000000,0,0,1,0,1
present,1709,56938623,0x00000000,0,0,0,0x00000000,0x00000000,0,0,1,0,1
present,1710,56990821,0x00000000,0,0,0,0x00000000,0x00000000,0,0,1,0,1
present,1711,57002976,0x00000000,0,0,0,0x00000000,0x00000000,1,0,1,0,1
present,1712,57042801,0x00000000,0,0,0,0x00000000,0x00000000,1,0,1,0,1
present,1713,57074950,0x00000000,0,0,0,0x00000000,0x00000000,1,0,1,0,1
present,1714,57109057,0x00000000,0,0,0,0x00000000,0x00000000,1,0,1,0,1
present,1715,57138675,0x00000000,0,0,0,0x00000000,0x00000000,1,0,1,0,1
present,1716,57175112,0x00000000,0,0,0,0x00000000,0x00000000,1,0,1,0,1
present,1717,57208987,0x00000000,0,0,0,0x00000000,0x00000000,1,0,1,0,1
present,1718,57242272,0x00000000,0,0,0,0x00000000,0x00000000,1,0,1,0,1
present,1719,57267987,0x00000000,0,0,0,0x00000000,0x00000000,1,0,1,0,1
present,1720,57308832,0x00000000,0,0,0,0x00000000,0x00000000,1,0,1,0,1
present,1721,57342262,0x00000000,0,0,0,0x00000000,0x00000000,1,0,1,0,1
present,1722,57371698,0x00000000,0,0,0,0x00000000,0x00000000,1,0,1,0,1
present,1723,57406423,0x00000000,0,0,0,0x00000000,0x00000000,1,0,1,0,1
present,1724,57442382,0x00000000,0,0,0,0x00000000,0x00000000,1,0,1,0,1
present,1725,57469257,0x00000000,0,0,0,0x00000000,0x00000000,1,0,1,0,1
present,1726,57504603,0x00000000,0,0,0,0x00000000,0x00000000,1,0,1,0,1
present,1727,57542928,0x00000000,0,0,0,0x00000000,0x00000000,1,0,1,0,1
present,1728,57567467,0x00000000,0,0,0,0x00000000,0x00000000,1,0,1,0,1
present,1729,57609042,0x00000000,0,0,0,0x00000000,0x00000000,1,0,1,0,1
present,1730,57637888,0x00000000,0,0,0,0x00000000,0x00000000,1,0,1,0,1
present,1731,57675132,0x00000000,0,0,0,0x00000000,0x00000000,1,0,1,0,1
present,1732,57708410,0x00000000,0,0,0,0x00000000,0x00000000,1,0,1,0,1
present,1733,57741587,0x00000000,0,0,0,0x00000000,0x00000000,1,0,1,0,1
present,1734,57775755,0x00000000,0,0,0,0x00000000,0x00000000,1,0,1,0,1
present,1735,57809353,0x00000000,0,0,0,0x00000000,0x00000000,1,0,1,0,1
present,1736,57837438,0x00000000,0,0,0,0x00000000,0x00000000,1,0,1,0,1
present,1737,57876249,0x00000000,0,0,0,0x00000000,0x00000000,1,0,1,0,1
present,1738,57908927,0x00000000,0,0,0,0x00000000,0x00000000,1,0,1,0,1
present,1739,57939294,0x00000000,0,0,0,0x00000000,0x00000000,1,0,1,0,1
present,1740,57976416,0x00000000,0,0,0,0x00000000,0x00000000,1,0,1,0,1
present,1741,58009032,0x00000000,0,0,0,0x00000000,0x00000000,2,0,1,0,1
present,1742,58036262,0x00000000,0,0,0,0x00000000,0x00000000,2,0,1,0,1
present,1743,58075878,0x00000000,0,0,0,0x00000000,0x00000000,2,0,1,0,1
present,1744,58102305,0x00000000,0,0,0,0x00000000,0x00000000,2,0,1,0,1
present,1745,58141613,0x00000000,0,0,0,0x00000000,0x00000000,2,0,1,0,1
present,1746,58174452,0x00000000,0,0,0,0x00000000,0x00000000,2,0,1,0,1
present,1747,58204609,0x00000000,0,0,0,0x00000000,0x00000000,2,0,1,0,1
present,1748,58238014,0x00000000,0,0,0,0x00000000,0x00000000,2,0,1,0,1
present,1749,58274995,0x00000000,0,0,0,0x00000000,0x00000000,2,0,1,0,1
present,1750,58306369,0x00000000,0,0,0,0x00000000,0x00000000,2,0,1,0,1
present,1751,58334597,0x00000000,0,0,0,0x00000000,0x00000000,2,0,1,0,1
present,1752,58375939,0x00000000,0,0,0,0x00000000,0x00000000,2,0,1,0,1
present,1753,58405666,0x00000000,0,0,0,0x00000000,0x00000000,2,0,1,0,1
present,1754,58442671,0x00000000,0,0,0,0x00000000,0x00000000,2,0,1,0,1
present,1755,58469099,0x00000000,0,0,0,0x00000000,0x00000000,2,0,1,0,1
present,1756,58503963,0x00000000,0,0,0,0x00000000,0x00000000,2,0,1,0,1
present,1757,58539511,0x00000000,0,0,0,0x00000000,0x00000000,2,0,1,0,1
present,1758,58568438,0x00000000,0,0,0,0x00000000,0x00000000,2,0,1,0,1
present,1759,58609099,0x00000000,0,0,0,0x00000000,0x00000000,2,0,1,0,1
present,1760,58638352,0x00000000,0,0,0,0x00000000,0x00000000,2,0,1,0,1
present,1761,58670469,0x00000000,0,0,0,0x00000000,0x00000000,2,0,1,0,1
present,1762,58708836,0x00000000,0,0,0,0x00000000,0x00000000,2,0,1,0,1
present,1763,58742144,0x00000000,0,0,0,0x00000000,0x00000000,2,0,1,0,1
present,1764,58775409,0x00000000,0,0,0,0x00000000,0x00000000,2,0,1,0,1
present,1765,58808661,0x00000000,0,0,0,0x00000000,0x00000000,2,0,1,0,1
present,1766,58842342,0x00000000,0,0,0,0x00000000,0x00000000,2,0,1,0,1
present,1767,58874371,0x00000000,0,0,0,0x00000000,0x00000000,2,0,1,0,1
present,1768,58902734,0x00000000,0,0,0,0x00000000,0x00000000,2,0,1,0,1
present,1769,58942543,0x00000000,0,0,0,0x00000000,0x00000000,2,0,1,0,1
present,1770,58969595,0x00000000,0,0,0,0x00000000,0x00000000,2,0,1,0,1
present,1771,59009658,0x00000000,0,0,0,0x00000000,0x00000000,3,0,1,0,1
present,1772,59043162,0x00000000,0,0,0,0x00000000,0x00000000,3,0,1,0,1
present,1773,59075701,0x00000000,0,0,0,0x00000000,0x00000000,3,0,1,0,1
present,1774,59106746,0x00000000,0,0,0,0x00000000,0x00000000,3,0,1,0,1
present,1775,59141713,0x00000000,0,0,0,0x00000000,0x00000000,3,0,1,0,1
present,1776,59170298,0x00000000,0,0,0,0x00000000,0x00000000,3,0,1,0,1
present,1777,59209547,0x00000000,0,0,0,0x00000000,0x00000000,3,0,1,0,1
present,1778,59242278,0x00000000,0,0,0,0x00000000,0x00000000,3,0,1,0,1
present,1779,59275988,0x00000000,0,0,0,0x00000000,0x00000000,3,0,1,0,1
present,1780,59304553,0x00000000,0,0,0,0x00000000,0x00000000,3,0,1,0,1
present,1781,59334199,0x00000000,0,0,0,0x00000000,0x00000000,3,0,1,0,1
present,1782,59371904,0x00000000,0,0,0,0x00000000,0x00000000,3,0,1,0,1
present,1783,59403310,0x00000000,0,0,0,0x00000000,0x00000000,3,0,1,0,1
present,1784,59438472,0x00000000,0,0,0,0x00000000,0x00000000,3,0,1,0,1
present,1785,59475503,0x00000000,0,0,0,0x00000000,0x00000000,3,0,1,0,1
present,1786,59508877,0x00000000,0,0,0,0x00000000,0x00000000,3,0,1,0,1
present,1787,59539604,0x00000000,0,0,0,0x00000000,0x00000000,3,0,1,0,1
present,1788,59575644,0x00000000,0,0,0,0x00000000,0x00000000,3,0,1,0,1
present,1789,59602302,0x00000000,0,0,0,0x00000000,0x00000000,3,0,1,0,1
present,1790,59634474,0x00000000,0,0,0,0x00000000,0x00000000,3,0,1,0,1
present,1791,59669466,0x00000000,0,0,0,0x00000000,0x00000000,3,0,1,0,1
present,1792,59708742,0x00000000,0,0,0,0x00000000,0x00000000,3,0,1,0,1
present,1793,59741980,0x00000000,0,0,0,0x00000000,0x00000000,3,0,1,0,1
present,1794,59775144,0x00000000,0,0,0,0x00000000,0x00000000,3,0,1,0,1
present,1795,59808683,0x00000000,0,0,0,0x00000000,0x00000000,3,0,1,0,1
present,1796,59838553,0x00000000,0,0,0,0x00000000,0x00000000,3,0,1,0,1
present,1797,59869943,0x00000000,0,0,0,0x00000000,0x00000000,3,0,1,0,1
present,1798,59909003,0x00000000,0,0,0,0x00000000,0x00000000,3,0,1,0,1
present,1799,59939838,0x00000000,0,0,0,0x00000000,0x00000000,3,0,1,0,1
present,1800,59970335,0x00000000,0,0,0,0x00000000,0x00000000,3,0,1,0,1
present,1801,60008173,0x00000000,0,0,0,0x00000000,0x00000000,0,0,1,0,1
present,1802,60034833,0x00000000,0,0,0,0x00000000,0x00000000,0,0,1,0,1
present,1803,60075735,0x00000000,0,0,0,0x00000000,0x00000000,0,0,1,0,1
present,1804,60104375,0x00000000,0,0,0,0x00000000,0x00000000,0,0,1,0,1
present,1805,60140295,0x00000000,0,0,0,0x00000000,0x00000000,0,0,1,0,1
present,1806,60168406,0x00000000,0,0,0,0x00000000,0x00000000,0,0,1,0,1
present,1807,60209079,0x00000000,0,0,0,0x00000000,0x00000000,0,0,1,0,1
present,1808,60238036,0x00000000,0,0,0,0x00000000,0x00000000,0,0,1,0,1
present,1809,60275678,0x00000000,0,0,0,0x00000000,0x00000000,0,0,1,0,1
present,1810,60309472,0x00000000,0,0,0,0x00000000,0x00000000,0,0,1,0,1
present,1811,60342277,0x00000000,0,0,0,0x00000000,0x00000000,0,0,1,0,1
present,1812,60375803,0x00000000,0,0,0,0x00000000,0x00000000,0,0,1,0,1
present,1813,60407176,0x00000000,0,0,0,0x00000000,0x00000000,0,0,1,0,1
present,1814,60439042,0x00000000,0,0,0,0x00000000,0x00000000,0,0,1,0,1
present,1815,60470313,0x00000000,0,0,0,0x00000000,0x00000000,0,0,1,0,1
present,1816,60509064,0x00000000,0,0,0,0x00000000,0x00000000,0,0,1,0,1
present,1817,60535807,0x00000000,0,0,0,0x00000000,0x00000000,0,0,1,0,1
present,1818,60571455,0x00000000,0,0,0,0x00000000,0x00000000,0,0,1,0,1
present,1819,60609011,0x00000000,0,0,0,0x00000000,0x00000000,0,0,1,0,1
present,1820,60636749,0x00000000,0,0,0,0x00000000,0x00000000,0,0,1,0,1
present,1821,60675458,0x00000000,0,0,0,0x00000000,0x00000000,0,0,1,0,1
present,1822,60708816,0x00000000,0,0,0,0x00000000,0x00000000,0,0,1,0,1
present,1823,60742135,0x00000000,0,0,0,0x00000000,0x00000000,0,0,1,0,1
present,1824,60775352,0x00000000,0,0,0,0x00000000,0x00000000,0,0,1,0,1
present,1825,60808946,0x00000000,0,0,0,0x00000000,0x00000000,0,0,1,0,1
present,1826,60840922,0x00000000,0,0,0,0x00000000,0x00000000,0,0,1,0,1
present,1827,60876056,0x00000000,0,0,0,0x00000000,0x00000000,0,0,1,0,1
present,1828,60908975,0x00000000,0,0,0,0x00000000,0x00000000,0,0,1,0,1
present,1829,60938473,0x00000000,0,0,0,0x00000000,0x00000000,0,0,1,0,1
present,1830,60969302,0x00000000,0,0,0,0x00000000,0x00000000,0,0,1,0,1
present,1831,61001106,0x00000000,0,0,0,0x00000000,0x00000000,1,0,1,0,1
present,1832,61034200,0x00000000,0,0,0,0x00000000,0x00000000,1,0,1,0,1
present,1833,61075991,0x00000000,0,0,0,0x00000000,0x00000000,1,0,1,0,1
present,1834,61101094,0x00000000,0,0,0,0x00000000,0x00000000,1,0,1,0,1
present,1835,61142514,0x00000000,0,0,0,0x00000000,0x00000000,1,0,1,0,1
present,1836,61175318,0x00000000,0,0,0,0x00000000,0x00000000,1,0,1,0,1
present,1837,61208917,0x00000000,0,0,0,0x00000000,0x00000000,1,0,1,0,1
present,1838,61237273,0x00000000,0,0,0,0x00000000,0x00000000,1,0,1,0,1
present,1839,61266792,0x00000000,0,0,0,0x00000000,0x00000000,1,0,1,0,1
present,1840,61309611,0x00000000,0,0,0,0x00000000,0x00000000,1,0,1,0,1
present,1841,61339089,0x00000000,0,0,0,0x00000000,0x00000000,1,0,1,0,1
present,1842,61375739,0x00000000,0,0,0,0x00000000,0x00000000,1,0,1,0,1
present,1843,61401741,0x00000000,0,0,0,0x00000000,0x00000000,1,0,1,0,1
present,1844,61442261,0x00000000,0,0,0,0x00000000,0x00000000,1,0,1,0,1
present,1845,61468141,0x00000000,0,0,0,0x00000000,0x00000000,1,0,1,0,1
present,1846,61508955,0x00000000,0,0,0,0x00000000,0x00000000,1,0,1,0,1
present,1847,61538150,0x00000000,0,0,0,0x00000000,0x00000000,1,0,1,0,1
present,1848,61576255,0x00000000,0,0,0,0x00000000,0x00000000,1,0,1,0,1
present,1849,61608135,0x00000000,0,0,0,0x00000000,0x00000000,1,0,1,0,1
present,1850,61636460,0x00000000,0,0,0,0x00000000,0x00000000,1,0,1,0,1
present,1851,61666965,0x00000000,0,0,0,0x00000000,0x00000000,1,0,1,0,1
present,1852,61701826,0x00000000,0,0,0,0x00000000,0x00000000,1,0,1,0,1
present,1853,61742048,0x00000000,0,0,0,0x00000000,0x00000000,1,0,1,0,1
present,1854,61766787,0x00000000,0,0,0,0x00000000,0x00000000,1,0,1,0,1
present,1855,61809324,0x00000000,0,0,0,0x00000000,0x00000000,1,0,1,0,1
present,1856,61834824,0x00000000,0,0,0,0x00000000,0x00000000,1,0,1,0,1
present,1857,61872022,0x00000000,0,0,0,0x00000000,0x00000000,1,0,1,0,1
present,1858,61907035,0x00000000,0,0,0,0x00000000,0x00000000,1,0,1,0,1
present,1859,61934380,0x00000000,0,0,0,0x00000000,0x00000000,1,0,1,0,1
present,1860,61967401,0x00000000,0,0,0,0x00000000,0x00000000,1,0,1,0,1
present,1861,62007334,0x00000000,0,0,0,0x00000000,0x00000000,2,0,1,0,1
present,1862,62035351,0x00000000,0,0,0,0x00000000,0x00000000,2,0,1,0,1
present,1863,62067470,0x00000000,0,0,0,0x00000000,0x00000000,2,0,1,0,1
present,1864,62105737,0x00000000,0,0,0,0x00000000,0x00000000,2,0,1,0,1
present,1865,62142351,0x00000000,0,0,0,0x00000000,0x00000000,2,0,1,0,1
present,1866,62176256,0x00000000,0,0,0,0x00000000,0x00000000,2,0,1,0,1
present,1867,62201553,0x00000000,0,0,0,0x00000000,0x00000000,2,0,1,0,1
present,1868,62238053,0x00000000,0,0,0,0x00000000,0x00000000,2,0,1,0,1
present,1869,62270134,0x00000000,0,0,0,0x00000000,0x00000000,2,0,1,0,1
present,1870,62308767,0x00000000,0,0,0,0x00000000,0x00000000,2,0,1,0,1
present,1871,62334365,0x00000000,0,0,0,0x00000000,0x00000000,2,0,1,0,1
present,1872,62375639,0x00000000,0,0,0,0x00000000,0x00000000,2,0,1,0,1
present,1873,62400741,0x00000000,0,0,0,0x00000000,0x00000000,2,0,1,0,1
present,1874,62442184,0x00000000,0,0,0,0x00000000,0x00000000,2,0,1,0,1
present,1875,62468809,0x00000000,0,0,0,0x00000000,0x00000000,2,0,1,0,1
present,1876,62508611,0x00000000,0,0,0,0x00000000,0x00000000,2,0,1,0,1
present,1877,62535119,0x00000000,0,0,0,0x00000000,0x00000000,2,0,1,0,1
present,1878,62567965,0x00000000,0,0,0,0x00000000,0x00000000,2,0,1,0,1
present,1879,62608788,0x00000000,0,0,0,0x00000000,0x00000000,2,0,1,0,1
present,1880,62636137,0x00000000,0,0,0,0x00000000,0x00000000,2,0,1,0,1
present,1881,62675551,0x00000000,0,0,0,0x00000000,0x00000000,2,0,1,0,1
present,1882,62708790,0x00000000,0,0,0,0x00000000,0x00000000,2,0,1,0,1
present,1883,62737365,0x00000000,0,0,0,0x00000000,0x00000000,2,0,1,0,1
present,1884,62772835,0x00000000,0,0,0,0x00000000,0x00000000,2,0,1,0,1
present,1885,62808894,0x00000000,0,0,0,0x00000000,0x00000000,2,0,1,0,1
present,1886,62838462,0x00000000,0,0,0,0x00000000,0x00000000,2,0,1,0,1
present,1887,62868825,0x00000000,0,0,0,0x00000000,0x00000000,2,0,1,0,1
present,1888,62906769,0x00000000,0,0,0,0x00000000,0x00000000,2,0,1,0,1
present,1889,62941624,0x00000000,0,0,0,0x00000000,0x00000000,2,0,1,0,1
present,1890,62969320,0x00000000,0,0,0,0x00000000,0x00000000,2,0,1,0,1
present,1891,63005666,0x00000000,0,0,0,0x00000000,0x00000000,3,0,1,0,1
present,1892,63038208,0x00000000,0,0,0,0x00000000,0x00000000,3,0,1,0,1
present,1893,63067382,0x00000000,0,0,0,0x00000000,0x00000000,3,0,1,0,1
present,1894,63109552,0x00000000,0,0,0,0x00000000,0x00000000,3,0,1,0,1
present,1895,63142730,0x00000000,0,0,0,0x00000000,0x00000000,3,0,1,0,1
present,1896,63173646,0x00000000,0,0,0,0x00000000,0x00000000,3,0,1,0,1
present,1897,63208575,0x00000000,0,0,0,0x00000000,0x00000000,3,0,1,0,1
present,1898,63242715,0x00000000,0,0,0,0x00000000,0x00000000,3,0,1,0,1
present,1899,63273799,0x00000000,0,0,0,0x00000000,0x00000000,3,0,1,0,1
present,1900,63304629,0x00000000,0,0,0,0x00000000,0x00000000,3,0,1,0,1
present,1901,63338418,0x00000000,0,0,0,0x00000000,0x00000000,3,0,1,0,1
present,1902,63370941,0x00000000,0,0,0,0x00000000,0x00000000,3,0,1,0,1
present,1903,63408787,0x00000000,0,0,0,0x00000000,0x00000000,3,0,1,0,1
present,1904,63442673,0x00000000,0,0,0,0x00000000,0x00000000,3,0,1,0,1
present,1905,63475235,0x00000000,0,0,0,0x00000000,0x00000000,3,0,1,0,1
present,1906,63509232,0x00000000,0,0,0,0x00000000,0x00000000,3,0,1,0,1
present,1907,63534676,0x00000000,0,0,0,0x00000000,0x00000000,3,0,1,0,1
present,1908,63567949,0x00000000,0,0,0,0x00000000,0x00000000,3,0,1,0,1
present,1909,63608992,0x00000000,0,0,0,0x00000000,0x00000000,3,0,1,0,1
present,1910,63642228,0x00000000,0,0,0,0x00000000,0x00000000,3,0,1,0,1
present,1911,63667194,0x00000000,0,0,0,0x00000000,0x00000000,3,0,1,0,1
present,1912,63708470,0x00000000,0,0,0,0x00000000,0x00000000,3,0,1,0,1
present,1913,63733430,0x00000000,0,0,0,0x00000000,0x00000000,3,0,1,0,1
present,1914,63775683,0x00000000,0,0,0,0x00000000,0x00000000,3,0,1,0,1
present,1915,63809224,0x00000000,0,0,0,0x00000000,0x00000000,3,0,1,0,1
present,1916,63840349,0x00000000,0,0,0,0x00000000,0x00000000,3,0,1,0,1
present,1917,63871938,0x00000000,0,0,0,0x00000000,0x00000000,3,0,1,0,1
present,1918,63902000,0x00000000,0,0,0,0x00000000,0x00000000,3,0,1,0,1
present,1919,63943274,0x00000000,0,0,0,0x00000000,0x00000000,3,0,1,0,1
present,1920,63976014,0x00000000,0,0,0,0x00000000,0x00000000,3,0,1,0,1
present,1921,64008214,0x00000000,0,0,0,0x00000000,0x00000000,0,0,1,0,1
present,1922,64034148,0x00000000,0,0,0,0x00000000,0x00000000,0,0,1,0,1
present,1923,64072193,0x00000000,0,0,0,0x00000000,0x00000000,0,0,1,0,1
present,1924,64104777,0x00000000,0,0,0,0x00000000,0x00000000,0,0,1,0,1
present,1925,64138666,0x00000000,0,0,0,0x00000000,0x00000000,0,0,1,0,1
present,1926,64171983,0x00000000,0,0,0,0x00000000,0x00000000,0,0,1,0,1
present,1927,64201412,0x00000000,0,0,0,0x00000000,0x00000000,0,0,1,0,1
present,1928,64242421,0x00000000,0,0,0,0x00000000,0x00000000,0,0,1,0,1
present,1929,64274860,0x00000000,0,0,0,0x00000000,0x00000000,0,0,1,0,1
present,1930,64302827,0x00000000,0,0,0,0x00000000,0x00000000,0,0,1,0,1
present,1931,64339077,0x00000000,0,0,0,0x00000000,0x00000000,0,0,1,0,1
present,1932,64375652,0x00000000,0,0,0,0x00000000,0x00000000,0,0,1,0,1
present,1933,64401519,0x00000000,0,0,0,0x00000000,0x00000000,0,0,1,0,1
present,1934,64442074,0x00000000,0,0,0,0x00000000,0x00000000,0,0,1,0,1
present,1935,64475610,0x00000000,0,0,0,0x00000000,0x00000000,0,0,1,0,1
present,1936,64508805,0x00000000,0,0,0,0x00000000,0x00000000,0,0,1,0,1
present,1937,64542822,0x00000000,0,0,0,0x00000000,0x00000000,0,0,1,0,1
present,1938,64573488,0x00000000,0,0,0,0x00000000,0x00000000,0,0,1,0,1
present,1939,64600846,0x00000000,0,0,0,0x00000000,0x00000000,0,0,1,0,1
present,1940,64637660,0x00000000,0,0,0,0x00000000,0x00000000,0,0,1,0,1
present,1941,64675215,0x00000000,0,0,0,0x00000000,0x00000000,0,0,1,0,1
present,1942,64708449,0x00000000,0,0,0,0x00000000,0x00000000,0,0,1,0,1
present,1943,64741684,0x00000000,0,0,0,0x00000000,0x00000000,0,0,1,0,1
present,1944,64774923,0x00000000,0,0,0,0x00000000,0x00000000,0,0,1,0,1
present,1945,64808487,0x00000000,0,0,0,0x00000000,0x00000000,0,0,1,0,1
present,1946,64842570,0x00000000,0,0,0,0x00000000,0x00000000,0,0,1,0,1
present,1947,64867909,0x00000000,0,0,0,0x00000000,0x00000000,0,0,1,0,1
present,1948,64904714,0x00000000,0,0,0,0x00000000,0x00000000,0,0,1,0,1
present,1949,64942499,0x00000000,0,0,0,0x00000000,0x00000000,0,0,1,0,1
present,1950,64975446,0x00000000,0,0,0,0x00000000,0x00000000,0,0,1,0,1
present,1951,65007960,0x00000000,0,0,0,0x00000000,0x00000000,1,0,1,0,1
present,1952,65042722,0x00000000,0,0,0,0x00000000,0x00000000,1,0,1,0,1
present,1953,65075613,0x00000000,0,0,0,0x00000000,0x00000000,1,0,1,0,1
present,1954,65106906,0x00000000,0,0,0,0x00000000,0x00000000,1,0,1,0,1
present,1955,65135847,0x00000000,0,0,0,0x00000000,0x00000000,1,0,1,0,1
present,1956,65171333,0x00000000,0,0,0,0x00000000,0x00000000,1,0,1,0,1
present,1957,65202827,0x00000000,0,0,0,0x00000000,0x00000000,1,0,1,0,1
present,1958,65237546,0x00000000,0,0,0,0x00000000,0x00000000,1,0,1,0,1
present,1959,65275504,0x00000000,0,0,0,0x00000000,0x00000000,1,0,1,0,1
present,1960,65308618,0x00000000,0,0,0,0x00000000,0x00000000,1,0,1,0,1
present,1961,65341613,0x00000000,0,0,0,0x00000000,0x00000000,1,0,1,0,1
present,1962,65371147,0x00000000,0,0,0,0x00000000,0x00000000,1,0,1,0,1
present,1963,65409274,0x00000000,0,0,0,0x00000000,0x00000000,1,0,1,0,1
present,1964,65442085,0x00000000,0,0,0,0x00000000,0x00000000,1,0,1,0,1
present,1965,65469638,0x00000000,0,0,0,0x00000000,0x00000000,1,0,1,0,1
present,1966,65504110,0x00000000,0,0,0,0x00000000,0x00000000,1,0,1,0,1
present,1967,65536510,0x00000000,0,0,0,0x00000000,0x00000000,1,0,1,0,1
present,1968,65573054,0x00000000,0,0,0,0x00000000,0x00000000,1,0,1,0,1
present,1969,65609105,0x00000000,0,0,0,0x00000000,0x00000000,1,0,1,0,1
present,1970,65640190,0x00000000,0,0,0,0x00000000,0x00000000,1,0,1,0,1
present,1971,65668986,0x00000000,0,0,0,0x00000000,0x00000000,1,0,1,0,1
present,1972,65708288,0x00000000,0,0,0,0x00000000,0x00000000,1,0,1,0,1
present,1973,65741517,0x00000000,0,0,0,0x00000000,0x00000000,1,0,1,0,1
present,1974,65775785,0x00000000,0,0,0,0x00000000,0x00000000,1,0,1,0,1
present,1975,65809283,0x00000000,0,0,0,0x00000000,0x00000000,1,0,1,0,1
present,1976,65835532,0x00000000,0,0,0,0x00000000,0x00000000,1,0,1,0,1
present,1977,65876189,0x00000000,0,0,0,0x00000000,0x00000000,1,0,1,0,1
present,1978,65907241,0x00000000,0,0,0,0x00000000,0x00000000,1,0,1,0,1
present,1979,65937572,0x00000000,0,0,0,0x00000000,0x00000000,1,0,1,0,1
present,1980,65972963,0x00000000,0,0,0,0x00000000,0x00000000,1,0,1,0,1
present,1981,66002852,0x00000000,0,0,0,0x00000000,0x00000000,2,0,1,0,1
present,1982,66042362,0x00000000,0,0,0,0x00000000,0x00000000,2,0,1,0,1
present,1983,66069224,0x00000000,0,0,0,0x00000000,0x00000000,2,0,1,0,1
present,1984,66108832,0x00000000,0,0,0,0x00000000,0x00000000,2,0,1,0,1
present,1985,66141447,0x00000000,0,0,0,0x00000000,0x00000000,2,0,1,0,1
present,1986,66176405,0x00000000,0,0,0,0x00000000,0x00000000,2,0,1,0,1
present,1987,66204542,0x00000000,0,0,0,0x00000000,0x00000000,2,0,1,0,1
present,1988,66242414,0x00000000,0,0,0,0x00000000,0x00000000,2,0,1,0,1
present,1989,66276319,0x00000000,0,0,0,0x00000000,0x00000000,2,0,1,0,1
present,1990,66309051,0x00000000,0,0,0,0x00000000,0x00000000,2,0,1,0,1
present,1991,66342485,0x00000000,0,0,0,0x00000000,0x00000000,2,0,1,0,1
present,1992,66368013,0x00000000,0,0,0,0x00000000,0x00000000,2,0,1,0,1
present,1993,66408396,0x00000000,0,0,0,0x00000000,0x00000000,2,0,1,0,1
present,1994,66442158,0x00000000,0,0,0,0x00000000,0x00000000,2,0,1,0,1
present,1995,66475172,0x00000000,0,0,0,0x00000000,0x00000000,2,0,1,0,1
present,1996,66509181,0x00000000,0,0,0,0x00000000,0x00000000,2,0,1,0,1
present,1997,66537984,0x00000000,0,0,0,0x00000000,0x00000000,2,0,1,0,1
present,1998,66575876,0x00000000,0,0,0,0x00000000,0x00000000,2,0,1,0,1
present,1999,66602297,0x00000000,0,0,0,0x00000000,0x00000000,2,0,1,0,1
present,2000,66642659,0x00000000,0,0,0,0x00000000,0x00000000,2,0,1,0,1
present,2001,66667499,0x00000000,0,0,0,0x00000000,0x00000000,2,0,1,0,1
present,2002,66701664,0x00000000,0,0,0,0x00000000,0x00000000,2,0,1,0,1
present,2003,66739549,0x00000000,0,0,0,0x00000000,0x00000000,2,0,1,0,1
present,2004,66775803,0x00000000,0,0,0,0x00000000,0x00000000,2,0,1,0,1
present,2005,66809172,0x00000000,0,0,0,0x00000000,0x00000000,2,0,1,0,1
present,2006,66843517,0x00000000,0,0,0,0x00000000,0x00000000,2,0,1,0,1
present,2007,66875498,0x00000000,0,0,0,0x00000000,0x00000000,2,0,1,0,1
present,2008,66900119,0x00000000,0,0,0,0x00000000,0x00000000,2,0,1,0,1
present,2009,66943099,0x00000000,0,0,0,0x00000000,0x00000000,2,0,1,0,1
present,2010,66967649,0x00000000,0,0,0,0x00000000,0x00000000,2,0,1,0,1
present,2011,67009626,0x00000000,0,0,0,0x00000000,0x00000000,3,0,1,0,1
present,2012,67042204,0x00000000,0,0,0,0x00000000,0x00000000,3,0,1,0,1
present,2013,67071171,0x00000000,0,0,0,0x00000000,0x00000000,3,0,1,0,1
present,2014,67101146,0x00000000,0,0,0,0x00000000,0x00000000,3,0,1,0,1
present,2015,67143044,0x00000000,0,0,0,0x00000000,0x00000000,3,0,1,0,1
present,2016,67167515,0x00000000,0,0,0,0x00000000,0x00000000,3,0,1,0,1
present,2017,67202148,0x00000000,0,0,0,0x00000000,0x00000000,3,0,1,0,1
present,2018,67233560,0x00000000,0,0,0,0x00000000,0x00000000,3,0,1,0,1
present,2019,67275508,0x00000000,0,0,0,0x00000000,0x00000000,3,0,1,0,1
present,2020,67300750,0x00000000,0,0,0,0x00000000,0x00000000,3,0,1,0,1
present,2021,67338258,0x00000000,0,0,0,0x00000000,0x00000000,3,0,1,0,1
present,2022,67367848,0x00000000,0,0,0,0x00000000,0x00000000,3,0,1,0,1
present,2023,67409692,0x00000000,0,0,0,0x00000000,0x00000000,3,0,1,0,1
present,2024,67438462,0x00000000,0,0,0,0x00000000,0x00000000,3,0,1,0,1
present,2025,67475664,0x00000000,0,0,0,0x00000000,0x00000000,3,0,1,0,1
present,2026,67508599,0x00000000,0,0,0,0x00000000,0x00000000,3,0,1,0,1
present,2027,67539051,0x00000000,0,0,0,0x00000000,0x00000000,3,0,1,0,1
present,2028,67576200,0x00000000,0,0,0,0x00000000,0x00000000,3,0,1,0,1
present,2029,67601387,0x00000000,0,0,0,0x00000000,0x00000000,3,0,1,0,1
present,2030,67642181,0x00000000,0,0,0,0x00000000,0x00000000,3,0,1,0,1
present,2031,67669902,0x00000000,0,0,0,0x00000000,0x00000000,3,0,1,0,1
present,2032,67708212,0x00000000,0,0,0,0x00000000,0x00000000,3,0,1,0,1
present,2033,67742477,0x00000000,0,0,0,0x00000000,0x00000000,3,0,1,0,1
present,2034,67768595,0x00000000,0,0,0,0x00000000,0x00000000,3,0,1,0,1
present,2035,67804167,0x00000000,0,0,0,0x00000000,0x00000000,3,0,1,0,1
present,2036,67842764,0x00000000,0,0,0,0x00000000,0x00000000,3,0,1,0,1
present,2037,67870625,0x00000000,0,0,0,0x00000000,0x00000000,3,0,1,0,1
present,2038,67905258,0x00000000,0,0,0,0x00000000,0x00000000,3,0,1,0,1
present,2039,67934310,0x00000000,0,0,0,0x00000000,0x00000000,3,0,1,0,1
present,2040,67968385,0x00000000,0,0,0,0x00000000,0x00000000,3,0,1,0,1
present,2041,68005214,0x00000000,0,0,0,0x00000000,0x00000000,0,0,1,0,1
present,2042,68040755,0x00000000,0,0,0,0x00000000,0x00000000,0,0,1,0,1
present,2043,68067548,0x00000000,0,0,0,0x00000000,0x00000000,0,0,1,0,1
present,2044,68109421,0x00000000,0,0,0,0x00000000,0x00000000,0,0,1,0,1
present,2045,68137534,0x00000000,0,0,0,0x00000000,0x00000000,0,0,1,0,1
present,2046,68175516,0x00000000,0,0,0,0x00000000,0x00000000,0,0,1,0,1
present,2047,68208815,0x00000000,0,0,0,0x00000000,0x00000000,0,0,1,0,1
present,2048,68235834,0x00000000,0,0,0,0x00000000,0x00000000,0,0,1,0,1
present,2049,68275640,0x00000000,0,0,0,0x00000000,0x00000000,0,0,1,0,1
present,2050,68308821,0x00000000,0,0,0,0x00000000,0x00000000,0,0,1,0,1
present,2051,68339812,0x00000000,0,0,0,0x00000000,0x00000000,0,0,1,0,1
present,2052,68367899,0x00000000,0,0,0,0x00000000,0x00000000,0,0,1,0,1
present,2053,68408827,0x00000000,0,0,0,0x00000000,0x00000000,0,0,1,0,1
present,2054,68442160,0x00000000,0,0,0,0x00000000,0x00000000,0,0,1,0,1
present,2055,68475462,0x00000000,0,0,0,0x00000000,0x00000000,0,0,1,0,1
present,2056,68502374,0x00000000,0,0,0,0x00000000,0x00000000,0,0,1,0,1
present,2057,68538164,0x00000000,0,0,0,0x00000000,0x00000000,0,0,1,0,1
present,2058,68567475,0x00000000,0,0,0,0x00000000,0x00000000,0,0,1,0,1
present,2059,68609112,0x00000000,0,0,0,0x00000000,0x00000000,0,0,1,0,1
present,2060,68638068,0x00000000,0,0,0,0x00000000,0x00000000,0,0,1,0,1
present,2061,68675248,0x00000000,0,0,0,0x00000000,0x00000000,0,0,1,0,1
present,2062,68708501,0x00000000,0,0,0,0x00000000,0x00000000,0,0,1,0,1
present,2063,68741723,0x00000000,0,0,0,0x00000000,0x00000000,0,0,1,0,1
present,2064,68774909,0x00000000,0,0,0,0x00000000,0x00000000,0,0,1,0,1
present,2065,68808489,0x00000000,0,0,0,0x00000000,0x00000000,0,0,1,0,1
present,2066,68842302,0x00000000,0,0,0,0x00000000,0x00000000,0,0,1,0,1
present,2067,68871589,0x00000000,0,0,0,0x00000000,0x00000000,0,0,1,0,1
present,2068,68908945,0x00000000,0,0,0,0x00000000,0x00000000,0,0,1,0,1
present,2069,68937207,0x00000000,0,0,0,0x00000000,0x00000000,0,0,1,0,1
present,2070,68976261,0x00000000,0,0,0,0x00000000,0x00000000,0,0,1,0,1
present,2071,69008770,0x00000000,0,0,0,0x00000000,0x00000000,1,0,1,0,1
present,2072,69042580,0x00000000,0,0,0,0x00000000,0x00000000,1,0,1,0,1
present,2073,69069598,0x00000000,0,0,0,0x00000000,0x00000000,1,0,1,0,1
present,2074,69107240,0x00000000,0,0,0,0x00000000,0x00000000,1,0,1,0,1
present,2075,69138949,0x00000000,0,0,0,0x00000000,0x00000000,1,0,1,0,1
present,2076,69175912,0x00000000,0,0,0,0x00000000,0x00000000,1,0,1,0,1
present,2077,69205523,0x00000000,0,0,0,0x00000000,0x00000000,1,0,1,0,1
present,2078,69242219,0x00000000,0,0,0,0x00000000,0x00000000,1,0,1,0,1
present,2079,69267659,0x00000000,0,0,0,0x00000000,0x00000000,1,0,1,0,1
present,2080,69303062,0x00000000,0,0,0,0x00000000,0x00000000,1,0,1,0,1
present,2081,69338519,0x00000000,0,0,0,0x00000000,0x00000000,1,0,1,0,1
present,2082,69369677,0x00000000,0,0,0,0x00000000,0x00000000,1,0,1,0,1
present,2083,69409175,0x00000000,0,0,0,0x00000000,0x00000000,1,0,1,0,1
present,2084,69438231,0x00000000,0,0,0,0x00000000,0x00000000,1,0,1,0,1
present,2085,69471194,0x00000000,0,0,0,0x00000000,0x00000000,1,0,1,0,1
present,2086,69509263,0x00000000,0,0,0,0x00000000,0x00000000,1,0,1,0,1
present,2087,69537294,0x00000000,0,0,0,0x00000000,0x00000000,1,0,1,0,1
present,2088,69570824,0x00000000,0,0,0,0x00000000,0x00000000,1,0,1,0,1
present,2089,69606216,0x00000000,0,0,0,0x00000000,0x00000000,1,0,1,0,1
present,2090,69634130,0x00000000,0,0,0,0x00000000,0x00000000,1,0,1,0,1
present,2091,69666987,0x00000000,0,0,0,0x00000000,0x00000000,1,0,1,0,1
present,2092,69704653,0x00000000,0,0,0,0x00000000,0x00000000,1,0,1,0,1
present,2093,69741832,0x00000000,0,0,0,0x00000000,0x00000000,1,0,1,0,1
present,2094,69775053,0x00000000,0,0,0,0x00000000,0x00000000,1,0,1,0,1
present,2095,69803897,0x00000000,0,0,0,0x00000000,0x00000000,1,0,1,0,1
present,2096,69842357,0x00000000,0,0,0,0x00000000,0x00000000,1,0,1,0,1
present,2097,69868168,0x00000000,0,0,0,0x00000000,0x00000000,1,0,1,0,1
present,2098,69907430,0x00000000,0,0,0,0x00000000,0x00000000,1,0,1,0,1
present,2099,69942621,0x00000000,0,0,0,0x00000000,0x00000000,1,0,1,0,1
present,2100,69975597,0x00000000,0,0,0,0x00000000,0x00000000,1,0,1,0,1
present,2101,70005261,0x00000000,0,0,0,0x00000000,0x00000000,2,0,1,0,1
present,2102,70035260,0x00000000,0,0,0,0x00000000,0x00000000,2,0,1,0,1
present,2103,70071136,0x00000000,0,0,0,0x00000000,0x00000000,2,0,1,0,1
present,2104,70104809,0x00000000,0,0,0,0x00000000,0x00000000,2,0,1,0,1
present,2105,70141848,0x00000000,0,0,0,0x00000000,0x00000000,2,0,1,0,1
present,2106,70174389,0x00000000,0,0,0,0x00000000,0x00000000,2,0,1,0,1
present,2107,70201425,0x00000000,0,0,0,0x00000000,0x00000000,2,0,1,0,1
present,2108,70242227,0x00000000,0,0,0,0x00000000,0x00000000,2,0,1,0,1
present,2109,70268312,0x00000000,0,0,0,0x00000000,0x00000000,2,0,1,0,1
present,2110,70303676,0x00000000,0,0,0,0x00000000,0x00000000,2,0,1,0,1
present,2111,70342134,0x00000000,0,0,0,0x00000000,0x00000000,2,0,1,0,1
present,2112,70372203,0x00000000,0,0,0,0x00000000,0x00000000,2,0,1,0,1
present,2113,70408601,0x00000000,0,0,0,0x00000000,0x00000000,2,0,1,0,1
present,2114,70441415,0x00000000,0,0,0,0x00000000,0x00000000,2,0,1,0,1
present,2115,70468270,0x00000000,0,0,0,0x00000000,0x00000000,2,0,1,0,1
present,2116,70509205,0x00000000,0,0,0,0x00000000,0x00000000,2,0,1,0,1
present,2117,70536088,0x00000000,0,0,0,0x00000000,0x00000000,2,0,1,0,1
present,2118,70570635,0x00000000,0,0,0,0x00000000,0x00000000,2,0,1,0,1
present,2119,70607072,0x00000000,0,0,0,0x00000000,0x00000000,2,0,1,0,1
present,2120,70635589,0x00000000,0,0,0,0x00000000,0x00000000,2,0,1,0,1
present,2121,70672258,0x00000000,0,0,0,0x00000000,0x00000000,2,0,1,0,1
present,2122,70708498,0x00000000,0,0,0,0x00000000,0x00000000,2,0,1,0,1
present,2123,70741768,0x00000000,0,0,0,0x00000000,0x00000000,2,0,1,0,1
present,2124,70774984,0x00000000,0,0,0,0x00000000,0x00000000,2,0,1,0,1
present,2125,70808281,0x00000000,0,0,0,0x00000000,0x00000000,2,0,1,0,1
present,2126,70833480,0x00000000,0,0,0,0x00000000,0x00000000,2,0,1,0,1
present,2127,70876051,0x00000000,0,0,0,0x00000000,0x00000000,2,0,1,0,1
present,2128,70907474,0x00000000,0,0,0,0x00000000,0x00000000,2,0,1,0,1
present,2129,70942477,0x00000000,0,0,0,0x00000000,0x00000000,2,0,1,0,1
present,2130,70973572,0x00000000,0,0,0,0x00000000,0x00000000,2,0,1,0,1
present,2131,71005049,0x00000000,0,0,0,0x00000000,0x00000000,3,0,1,0,1
present,2132,71042678,0x00000000,0,0,0,0x00000000,0x00000000,3,0,1,0,1
present,2133,71075540,0x00000000,0,0,0,0x00000000,0x00000000,3,0,1,0,1
present,2134,71102992,0x00000000,0,0,0,0x00000000,0x00000000,3,0,1,0,1
present,2135,71138129,0x00000000,0,0,0,0x00000000,0x00000000,3,0,1,0,1
present,2136,71175082,0x00000000,0,0,0,0x00000000,0x00000000,3,0,1,0,1
present,2137,71202372,0x00000000,0,0,0,0x00000000,0x00000000,3,0,1,0,1
present,2138,71242488,0x00000000,0,0,0,0x00000000,0x00000000,3,0,1,0,1
present,2139,71275396,0x00000000,0,0,0,0x00000000,0x00000000,3,0,1,0,1
present,2140,71301381,0x00000000,0,0,0,0x00000000,0x00000000,3,0,1,0,1
present,2141,71342627,0x00000000,0,0,0,0x00000000,0x00000000,3,0,1,0,1
present,2142,71372167,0x00000000,0,0,0,0x00000000,0x00000000,3,0,1,0,1
present,2143,71409546,0x00000000,0,0,0,0x00000000,0x00000000,3,0,1,0,1
present,2144,71435199,0x00000000,0,0,0,0x00000000,0x00000000,3,0,1,0,1
present,2145,71467855,0x00000000,0,0,0,0x00000000,0x00000000,3,0,1,0,1
present,2146,71507413,0x00000000,0,0,0,0x00000000,0x00000000,3,0,1,0,1
present,2147,71534853,0x00000000,0,0,0,0x00000000,0x00000000,3,0,1,0,1
present,2148,71575545,0x00000000,0,0,0,0x00000000,0x00000000,3,0,1,0,1
present,2149,71606082,0x00000000,0,0,0,0x00000000,0x00000000,3,0,1,0,1
present,2150,71642600,0x00000000,0,0,0,0x00000000,0x00000000,3,0,1,0,1
present,2151,71674935,0x00000000,0,0,0,0x00000000,0x00000000,3,0,1,0,1
present,2152,71708195,0x00000000,0,0,0,0x00000000,0x00000000,3,0,1,0,1
present,2153,71742495,0x00000000,0,0,0,0x00000000,0x00000000,3,0,1,0,1
present,2154,71775780,0x00000000,0,0,0,0x00000000,0x00000000,3,0,1,0,1
present,2155,71809292,0x00000000,0,0,0,0x00000000,0x00000000,3,0,1,0,1
present,2156,71833962,0x00000000,0,0,0,0x00000000,0x00000000,3,0,1,0,1
present,2157,71873295,0x00000000,0,0,0,0x00000000,0x00000000,3,0,1,0,1
present,2158,71903012,0x00000000,0,0,0,0x00000000,0x00000000,3,0,1,0,1
present,2159,71939174,0x00000000,0,0,0,0x00000000,0x00000000,3,0,1,0,1
present,2160,71973896,0x00000000,0,0,0,0x00000000,0x00000000,3,0,1,0,1
present,2161,72009863,0x00000000,0,0,0,0x00000000,0x00000000,0,0,1,0,1
present,2162,72042793,0x00000000,0,0,0,0x00000000,0x00000000,0,0,1,0,1
present,2163,72075920,0x00000000,0,0,0,0x00000000,0x00000000,0,0,1,0,1
present,2164,72103194,0x00000000,0,0,0,0x00000000,0x00000000,0,0,1,0,1
present,2165,72138609,0x00000000,0,0,0,0x00000000,0x00000000,0,0,1,0,1
present,2166,72175487,0x00000000,0,0,0,0x00000000,0x00000000,0,0,1,0,1
present,2167,72208742,0x00000000,0,0,0,0x00000000,0x00000000,0,0,1,0,1
present,2168,72233615,0x00000000,0,0,0,0x00000000,0x00000000,0,0,1,0,1
present,2169,72275569,0x00000000,0,0,0,0x00000000,0x00000000,0,0,1,0,1
present,2170,72309090,0x00000000,0,0,0,0x00000000,0x00000000,0,0,1,0,1
present,2171,72334842,0x00000000,0,0,0,0x00000000,0x00000000,0,0,1,0,1
present,2172,72375517,0x00000000,0,0,0,0x00000000,0x00000000,0,0,1,0,1
present,2173,72406279,0x00000000,0,0,0,0x00000000,0x00000000,0,0,1,0,1
present,2174,72442256,0x00000000,0,0,0,0x00000000,0x00000000,0,0,1,0,1
present,2175,72471923,0x00000000,0,0,0,0x00000000,0x00000000,0,0,1,0,1
present,2176,72508674,0x00000000,0,0,0,0x00000000,0x00000000,0,0,1,0,1
present,2177,72542250,0x00000000,0,0,0,0x00000000,0x00000000,0,0,1,0,1
present,2178,72575437,0x00000000,0,0,0,0x00000000,0x00000000,0,0,1,0,1
present,2179,72608992,0x00000000,0,0,0,0x00000000,0x00000000,0,0,1,0,1
present,2180,72638086,0x00000000,0,0,0,0x00000000,0x00000000,0,0,1,0,1
present,2181,72675111,0x00000000,0,0,0,0x00000000,0x00000000,0,0,1,0,1
present,2182,72708371,0x00000000,0,0,0,0x00000000,0x00000000,0,0,1,0,1
present,2183,72733411,0x00000000,0,0,0,0x00000000,0x00000000,0,0,1,0,1
present,2184,72774256,0x00000000,0,0,0,0x00000000,0x00000000,0,0,1,0,1
present,2185,72808757,0x00000000,0,0,0,0x00000000,0x00000000,0,0,1,0,1
present,2186,72834144,0x00000000,0,0,0,0x00000000,0x00000000,0,0,1,0,1
present,2187,72875564,0x00000000,0,0,0,0x00000000,0x00000000,0,0,1,0,1
present,2188,72908778,0x00000000,0,0,0,0x00000000,0x00000000,0,0,1,0,1
present,2189,72937730,0x00000000,0,0,0,0x00000000,0x00000000,0,0,1,0,1
present,2190,72969360,0x00000000,0,0,0,0x00000000,0x00000000,0,0,1,0,1
present,2191,73008967,0x00000000,0,0,0,0x00000000,0x00000000,1,0,1,0,1
present,2192,73042294,0x00000000,0,0,0,0x00000000,0x00000000,1,0,1,0,1
present,2193,73070856,0x00000000,0,0,0,0x00000000,0x00000000,1,0,1,0,1
present,2194,73107022,0x00000000,0,0,0,0x00000000,0x00000000,1,0,1,0,1
present,2195,73136897,0x00000000,0,0,0,0x00000000,0x00000000,1,0,1,0,1
present,2196,73170937,0x00000000,0,0,0,0x00000000,0x00000000,1,0,1,0,1
present,2197,73209027,0x00000000,0,0,0,0x00000000,0x00000000,1,0,1,0,1
present,2198,73242324,0x00000000,0,0,0,0x00000000,0x00000000,1,0,1,0,1
present,2199,73275573,0x00000000,0,0,0,0x00000000,0x00000000,1,0,1,0,1
present,2200,73308869,0x00000000,0,0,0,0x00000000,0x00000000,1,0,1,0,1
present,2201,73338446,0x00000000,0,0,0,0x00000000,0x00000000,1,0,1,0,1
present,2202,73373565,0x00000000,0,0,0,0x00000000,0x00000000,1,0,1,0,1
present,2203,73400916,0x00000000,0,0,0,0x00000000,0x00000000,1,0,1,0,1
present,2204,73442296,0x00000000,0,0,0,0x00000000,0x00000000,1,0,1,0,1
present,2205,73475342,0x00000000,0,0,0,0x00000000,0x00000000,1,0,1,0,1
present,2206,73509397,0x00000000,0,0,0,0x00000000,0x00000000,1,0,1,0,1
present,2207,73542188,0x00000000,0,0,0,0x00000000,0x00000000,1,0,1,0,1
present,2208,73576051,0x00000000,0,0,0,0x00000000,0x00000000,1,0,1,0,1
present,2209,73608865,0x00000000,0,0,0,0x00000000,0x00000000,1,0,1,0,1
present,2210,73637045,0x00000000,0,0,0,0x00000000,0x00000000,1,0,1,0,1
present,2211,73675271,0x00000000,0,0,0,0x00000000,0x00000000,1,0,1,0,1
present,2212,73708666,0x00000000,0,0,0,0x00000000,0x00000000,1,0,1,0,1
present,2213,73741856,0x00000000,0,0,0,0x00000000,0x00000000,1,0,1,0,1
present,2214,73775071,0x00000000,0,0,0,0x00000000,0x00000000,1,0,1,0,1
present,2215,73808648,0x00000000,0,0,0,0x00000000,0x00000000,1,0,1,0,1
present,2216,73833993,0x00000000,0,0,0,0x00000000,0x00000000,1,0,1,0,1
present,2217,73875073,0x00000000,0,0,0,0x00000000,0x00000000,1,0,1,0,1
present,2218,73902522,0x00000000,0,0,0,0x00000000,0x00000000,1,0,1,0,1
present,2219,73938915,0x00000000,0,0,0,0x00000000,0x00000000,1,0,1,0,1
present,2220,73975558,0x00000000,0,0,0,0x00000000,0x00000000,1,0,1,0,1
present,2221,74005550,0x00000000,0,0,0,0x00000000,0x00000000,2,0,1,0,1
present,2222,74040466,0x00000000,0,0,0,0x00000000,0x00000000,2,0,1,0,1
present,2223,74074519,0x00000000,0,0,0,0x00000000,0x00000000,2,0,1,0,1
present,2224,74109323,0x00000000,0,0,0,0x00000000,0x00000000,2,0,1,0,1
present,2225,74138647,0x00000000,0,0,0,0x00000000,0x00000000,2,0,1,0,1
present,2226,74167365,0x00000000,0,0,0,0x00000000,0x00000000,2,0,1,0,1
present,2227,74206219,0x00000000,0,0,0,0x00000000,0x00000000,2,0,1,0,1
present,2228,74237656,0x00000000,0,0,0,0x00000000,0x00000000,2,0,1,0,1
present,2229,74273047,0x00000000,0,0,0,0x00000000,0x00000000,2,0,1,0,1
present,2230,74305228,0x00000000,0,0,0,0x00000000,0x00000000,2,0,1,0,1
present,2231,74337552,0x00000000,0,0,0,0x00000000,0x00000000,2,0,1,0,1
present,2232,74376085,0x00000000,0,0,0,0x00000000,0x00000000,2,0,1,0,1
present,2233,74408909,0x00000000,0,0,0,0x00000000,0x00000000,2,0,1,0,1
present,2234,74442327,0x00000000,0,0,0,0x00000000,0x00000000,2,0,1,0,1
present,2235,74469342,0x00000000,0,0,0,0x00000000,0x00000000,2,0,1,0,1
present,2236,74509671,0x00000000,0,0,0,0x00000000,0x00000000,2,0,1,0,1
present,2237,74536192,0x00000000,0,0,0,0x00000000,0x00000000,2,0,1,0,1
present,2238,74575524,0x00000000,0,0,0,0x00000000,0x00000000,2,0,1,0,1
present,2239,74601375,0x00000000,0,0,0,0x00000000,0x00000000,2,0,1,0,1
present,2240,74639777,0x00000000,0,0,0,0x00000000,0x00000000,2,0,1,0,1
present,2241,74666811,0x00000000,0,0,0,0x00000000,0x00000000,2,0,1,0,1
present,2242,74708193,0x00000000,0,0,0,0x00000000,0x00000000,2,0,1,0,1
present,2243,74742415,0x00000000,0,0,0,0x00000000,0x00000000,2,0,1,0,1
present,2244,74775694,0x00000000,0,0,0,0x00000000,0x00000000,2,0,1,0,1
present,2245,74809295,0x00000000,0,0,0,0x00000000,0x00000000,2,0,1,0,1
present,2246,74835559,0x00000000,0,0,0,0x00000000,0x00000000,2,0,1,0,1
present,2247,74873055,0x00000000,0,0,0,0x00000000,0x00000000,2,0,1,0,1
present,2248,74909202,0x00000000,0,0,0,0x00000000,0x00000000,2,0,1,0,1
present,2249,74936942,0x00000000,0,0,0,0x00000000,0x00000000,2,0,1,0,1
present,2250,74972379,0x00000000,0,0,0,0x00000000,0x00000000,2,0,1,0,1
present,2251,75004433,0x00000000,0,0,0,0x00000000,0x00000000,3,0,1,0,1
present,2252,75042614,0x00000000,0,0,0,0x00000000,0x00000000,3,0,1,0,1
present,2253,75075443,0x00000000,0,0,0,0x00000000,0x00000000,3,0,1,0,1
present,2254,75109190,0x00000000,0,0,0,0x00000000,0x00000000,3,0,1,0,1
present,2255,75135316,0x00000000,0,0,0,0x00000000,0x00000000,3,0,1,0,1
present,2256,75167547,0x00000000,0,0,0,0x00000000,0x00000000,3,0,1,0,1
present,2257,75208306,0x00000000,0,0,0,0x00000000,0x00000000,3,0,1,0,1
present,2258,75239816,0x00000000,0,0,0,0x00000000,0x00000000,3,0,1,0,1
present,2259,75275667,0x00000000,0,0,0,0x00000000,0x00000000,3,0,1,0,1
present,2260,75308562,0x00000000,0,0,0,0x00000000,0x00000000,3,0,1,0,1
present,2261,75339393,0x00000000,0,0,0,0x00000000,0x00000000,3,0,1,0,1
present,2262,75376274,0x00000000,0,0,0,0x00000000,0x00000000,3,0,1,0,1
present,2263,75407996,0x00000000,0,0,0,0x00000000,0x00000000,3,0,1,0,1
present,2264,75436155,0x00000000,0,0,0,0x00000000,0x00000000,3,0,1,0,1
present,2265,75468313,0x00000000,0,0,0,0x00000000,0x00000000,3,0,1,0,1
present,2266,75504486,0x00000000,0,0,0,0x00000000,0x00000000,3,0,1,0,1
present,2267,75539064,0x00000000,0,0,0,0x00000000,0x00000000,3,0,1,0,1
present,2268,75574405,0x00000000,0,0,0,0x00000000,0x00000000,3,0,1,0,1
present,2269,75607814,0x00000000,0,0,0,0x00000000,0x00000000,3,0,1,0,1
present,2270,75642485,0x00000000,0,0,0,0x00000000,0x00000000,3,0,1,0,1
present,2271,75675781,0x00000000,0,0,0,0x00000000,0x00000000,3,0,1,0,1
present,2272,75703075,0x00000000,0,0,0,0x00000000,0x00000000,3,0,1,0,1
present,2273,75738400,0x00000000,0,0,0,0x00000000,0x00000000,3,0,1,0,1
present,2274,75770429,0x00000000,0,0,0,0x00000000,0x00000000,3,0,1,0,1
present,2275,75808998,0x00000000,0,0,0,0x00000000,0x00000000,3,0,1,0,1
present,2276,75835972,0x00000000,0,0,0,0x00000000,0x00000000,3,0,1,0,1
present,2277,75876238,0x00000000,0,0,0,0x00000000,0x00000000,3,0,1,0,1
present,2278,75908676,0x00000000,0,0,0,0x00000000,0x00000000,3,0,1,0,1
present,2279,75933959,0x00000000,0,0,0,0x00000000,0x00000000,3,0,1,0,1
present,2280,75967719,0x00000000,0,0,0,0x00000000,0x00000000,3,0,1,0,1
present,2281,76004302,0x00000000,0,0,0,0x00000000,0x00000000,0,0,1,0,1
present,2282,76033947,0x00000000,0,0,0,0x00000000,0x00000000,0,0,1,0,1
present,2283,76071780,0x00000000,0,0,0,0x00000000,0x00000000,0,0,1,0,1
present,2284,76108874,0x00000000,0,0,0,0x00000000,0x00000000,0,0,1,0,1
present,2285,76134586,0x00000000,0,0,0,0x00000000,0x00000000,0,0,1,0,1
present,2286,76175465,0x00000000,0,0,0,0x00000000,0x00000000,0,0,1,0,1
present,2287,76203955,0x00000000,0,0,0,0x00000000,0x00000000,0,0,1,0,1
present,2288,76242929,0x00000000,0,0,0,0x00000000,0x00000000,0,0,1,0,1
present,2289,76272664,0x00000000,0,0,0,0x00000000,0x00000000,0,0,1,0,1
present,2290,76303519,0x00000000,0,0,0,0x00000000,0x00000000,0,0,1,0,1
present,2291,76339030,0x00000000,0,0,0,0x00000000,0x00000000,0,0,1,0,1
present,2292,76375568,0x00000000,0,0,0,0x00000000,0x00000000,0,0,1,0,1
present,2293,76408926,0x00000000,0,0,0,0x00000000,0x00000000,0,0,1,0,1
present,2294,76442858,0x00000000,0,0,0,0x00000000,0x00000000,0,0,1,0,1
present,2295,76475790,0x00000000,0,0,0,0x00000000,0x00000000,0,0,1,0,1
present,2296,76502581,0x00000000,0,0,0,0x00000000,0x00000000,0,0,1,0,1
present,2297,76534859,0x00000000,0,0,0,0x00000000,0x00000000,0,0,1,0,1
present,2298,76573604,0x00000000,0,0,0,0x00000000,0x00000000,0,0,1,0,1
present,2299,76609538,0x00000000,0,0,0,0x00000000,0x00000000,0,0,1,0,1
present,2300,76642140,0x00000000,0,0,0,0x00000000,0x00000000,0,0,1,0,1
present,2301,76666862,0x00000000,0,0,0,0x00000000,0x00000000,0,0,1,0,1
present,2302,76702727,0x00000000,0,0,0,0x00000000,0x00000000,0,0,1,0,1
present,2303,76741925,0x00000000,0,0,0,0x00000000,0x00000000,0,0,1,0,1
present,2304,76775229,0x00000000,0,0,0,0x00000000,0x00000000,0,0,1,0,1
present,2305,76808765,0x00000000,0,0,0,0x00000000,0x00000000,0,0,1,0,1
present,2306,76842807,0x00000000,0,0,0,0x00000000,0x00000000,0,0,1,0,1
present,2307,76875342,0x00000000,0,0,0,0x00000000,0x00000000,0,0,1,0,1
present,2308,76902623,0x00000000,0,0,0,0x00000000,0x00000000,0,0,1,0,1
present,2309,76938105,0x00000000,0,0,0,0x00000000,0x00000000,0,0,1,0,1
present,2310,76968686,0x00000000,0,0,0,0x00000000,0x00000000,0,0,1,0,1
present,2311,77001039,0x00000000,0,0,0,0x00000000,0x00000000,1,0,1,0,1
present,2312,77035867,0x00000000,0,0,0,0x00000000,0x00000000,1,0,1,0,1
present,2313,77075106,0x00000000,0,0,0,0x00000000,0x00000000,1,0,1,0,1
present,2314,77109212,0x00000000,0,0,0,0x00000000,0x00000000,1,0,1,0,1
present,2315,77135060,0x00000000,0,0,0,0x00000000,0x00000000,1,0,1,0,1
present,2316,77170847,0x00000000,0,0,0,0x00000000,0x00000000,1,0,1,0,1
present,2317,77208807,0x00000000,0,0,0,0x00000000,0x00000000,1,0,1,0,1
present,2318,77234475,0x00000000,0,0,0,0x00000000,0x00000000,1,0,1,0,1
present,2319,77273183,0x00000000,0,0,0,0x00000000,0x00000000,1,0,1,0,1
present,2320,77309155,0x00000000,0,0,0,0x00000000,0x00000000,1,0,1,0,1
present,2321,77342365,0x00000000,0,0,0,0x00000000,0x00000000,1,0,1,0,1
present,2322,77367723,0x00000000,0,0,0,0x00000000,0x00000000,1,0,1,0,1
present,2323,77400740,0x00000000,0,0,0,0x00000000,0x00000000,1,0,1,0,1
present,2324,77442378,0x00000000,0,0,0,0x00000000,0x00000000,1,0,1,0,1
present,2325,77473635,0x00000000,0,0,0,0x00000000,0x00000000,1,0,1,0,1
present,2326,77509135,0x00000000,0,0,0,0x00000000,0x00000000,1,0,1,0,1
present,2327,77542411,0x00000000,0,0,0,0x00000000,0x00000000,1,0,1,0,1
present,2328,77575030,0x00000000,0,0,0,0x00000000,0x00000000,1,0,1,0,1
present,2329,77608232,0x00000000,0,0,0,0x00000000,0x00000000,1,0,1,0,1
present,2330,77642512,0x00000000,0,0,0,0x00000000,0x00000000,1,0,1,0,1
present,2331,77675803,0x00000000,0,0,0,0x00000000,0x00000000,1,0,1,0,1
present,2332,77709020,0x00000000,0,0,0,0x00000000,0x00000000,1,0,1,0,1
present,2333,77742275,0x00000000,0,0,0,0x00000000,0x00000000,1,0,1,0,1
present,2334,77768989,0x00000000,0,0,0,0x00000000,0x00000000,1,0,1,0,1
present,2335,77804569,0x00000000,0,0,0,0x00000000,0x00000000,1,0,1,0,1
present,2336,77842503,0x00000000,0,0,0,0x00000000,0x00000000,1,0,1,0,1
present,2337,77871686,0x00000000,0,0,0,0x00000000,0x00000000,1,0,1,0,1
present,2338,77909737,0x00000000,0,0,0,0x00000000,0x00000000,1,0,1,0,1
present,2339,77938608,0x00000000,0,0,0,0x00000000,0x00000000,1,0,1,0,1
present,2340,77975669,0x00000000,0,0,0,0x00000000,0x00000000,1,0,1,0,1
present,2341,78008628,0x00000000,0,0,0,0x00000000,0x00000000,2,0,1,0,1
present,2342,78037997,0x00000000,0,0,0,0x00000000,0x00000000,2,0,1,0,1
present,2343,78075453,0x00000000,0,0,0,0x00000000,0x00000000,2,0,1,0,1
present,2344,78100987,0x00000000,0,0,0,0x00000000,0x00000000,2,0,1,0,1
present,2345,78142450,0x00000000,0,0,0,0x00000000,0x00000000,2,0,1,0,1
present,2346,78167650,0x00000000,0,0,0,0x00000000,0x00000000,2,0,1,0,1
present,2347,78208642,0x00000000,0,0,0,0x00000000,0x00000000,2,0,1,0,1
present,2348,78237335,0x00000000,0,0,0,0x00000000,0x00000000,2,0,1,0,1
present,2349,78270537,0x00000000,0,0,0,0x00000000,0x00000000,2,0,1,0,1
present,2350,78301615,0x00000000,0,0,0,0x00000000,0x00000000,2,0,1,0,1
present,2351,78336896,0x00000000,0,0,0,0x00000000,0x00000000,2,0,1,0,1
present,2352,78376703,0x00000000,0,0,0,0x00000000,0x00000000,2,0,1,0,1
present,2353,78408427,0x00000000,0,0,0,0x00000000,0x00000000,2,0,1,0,1
present,2354,78442495,0x00000000,0,0,0,0x00000000,0x00000000,2,0,1,0,1
present,2355,78475380,0x00000000,0,0,0,0x00000000,0x00000000,2,0,1,0,1
present,2356,78502796,0x00000000,0,0,0,0x00000000,0x00000000,2,0,1,0,1
present,2357,78542283,0x00000000,0,0,0,0x00000000,0x00000000,2,0,1,0,1
present,2358,78569423,0x00000000,0,0,0,0x00000000,0x00000000,2,0,1,0,1
present,2359,78603048,0x00000000,0,0,0,0x00000000,0x00000000,2,0,1,0,1
present,2360,78638482,0x00000000,0,0,0,0x00000000,0x00000000,2,0,1,0,1
present,2361,78674540,0x00000000,0,0,0,0x00000000,0x00000000,2,0,1,0,1
present,2362,78708774,0x00000000,0,0,0,0x00000000,0x00000000,2,0,1,0,1
present,2363,78742136,0x00000000,0,0,0,0x00000000,0x00000000,2,0,1,0,1
present,2364,78775397,0x00000000,0,0,0,0x00000000,0x00000000,2,0,1,0,1
present,2365,78808629,0x00000000,0,0,0,0x00000000,0x00000000,2,0,1,0,1
present,2366,78842152,0x00000000,0,0,0,0x00000000,0x00000000,2,0,1,0,1
present,2367,78867201,0x00000000,0,0,0,0x00000000,0x00000000,2,0,1,0,1
present,2368,78907306,0x00000000,0,0,0,0x00000000,0x00000000,2,0,1,0,1
present,2369,78938407,0x00000000,0,0,0,0x00000000,0x00000000,2,0,1,0,1
present,2370,78975908,0x00000000,0,0,0,0x00000000,0x00000000,2,0,1,0,1
present,2371,79003766,0x00000000,0,0,0,0x00000000,0x00000000,3,0,1,0,1
present,2372,79037964,0x00000000,0,0,0,0x00000000,0x00000000,3,0,1,0,1
present,2373,79075852,0x00000000,0,0,0,0x00000000,0x00000000,3,0,1,0,1
present,2374,79104498,0x00000000,0,0,0,0x00000000,0x00000000,3,0,1,0,1
present,2375,79142140,0x00000000,0,0,0,0x00000000,0x00000000,3,0,1,0,1
present,2376,79167214,0x00000000,0,0,0,0x00000000,0x00000000,3,0,1,0,1
present,2377,79208815,0x00000000,0,0,0,0x00000000,0x00000000,3,0,1,0,1
present,2378,79241171,0x00000000,0,0,0,0x00000000,0x00000000,3,0,1,0,1
present,2379,79275997,0x00000000,0,0,0,0x00000000,0x00000000,3,0,1,0,1
present,2380,79304781,0x00000000,0,0,0,0x00000000,0x00000000,3,0,1,0,1
present,2381,79336414,0x00000000,0,0,0,0x00000000,0x00000000,3,0,1,0,1
present,2382,79375411,0x00000000,0,0,0,0x00000000,0x00000000,3,0,1,0,1
present,2383,79405067,0x00000000,0,0,0,0x00000000,0x00000000,3,0,1,0,1
present,2384,79442208,0x00000000,0,0,0,0x00000000,0x00000000,3,0,1,0,1
present,2385,79475782,0x00000000,0,0,0,0x00000000,0x00000000,3,0,1,0,1
present,2386,79509495,0x00000000,0,0,0,0x00000000,0x00000000,3,0,1,0,1
present,2387,79538847,0x00000000,0,0,0,0x00000000,0x00000000,3,0,1,0,1
present,2388,79570495,0x00000000,0,0,0,0x00000000,0x00000000,3,0,1,0,1
present,2389,79601722,0x00000000,0,0,0,0x00000000,0x00000000,3,0,1,0,1
present,2390,79634288,0x00000000,0,0,0,0x00000000,0x00000000,3,0,1,0,1
present,2391,79675789,0x00000000,0,0,0,0x00000000,0x00000000,3,0,1,0,1
present,2392,79708985,0x00000000,0,0,0,0x00000000,0x00000000,3,0,1,0,1
present,2393,79742259,0x00000000,0,0,0,0x00000000,0x00000000,3,0,1,0,1
present,2394,79775037,0x00000000,0,0,0,0x00000000,0x00000000,3,0,1,0,1
present,2395,79808537,0x00000000,0,0,0,0x00000000,0x00000000,3,0,1,0,1
present,2396,79838302,0x00000000,0,0,0,0x00000000,0x00000000,3,0,1,0,1
present,2397,79875628,0x00000000,0,0,0,0x00000000,0x00000000,3,0,1,0,1
present,2398,79908644,0x00000000,0,0,0,0x00000000,0x00000000,3,0,1,0,1
present,2399,79942248,0x00000000,0,0,0,0x00000000,0x00000000,3,0,1,0,1
present,2400,79975552,0x00000000,0,0,0,0x00000000,0x00000000,3,0,1,0,1
present,2401,80008836,0x00000000,0,0,0,0x00000000,0x00000000,0,0,1,0,1
present,2402,80043002,0x00000000,0,0,0,0x00000000,0x00000000,0,0,1,0,1
present,2403,80075348,0x00000000,0,0,0,0x00000000,0x00000000,0,0,1,0,1
present,2404,80108728,0x00000000,0,0,0,0x00000000,0x00000000,0,0,1,0,1
present,2405,80142508,0x00000000,0,0,0,0x00000000,0x00000000,0,0,1,0,1
present,2406,80170542,0x00000000,0,0,0,0x00000000,0x00000000,0,0,1,0,1
present,2407,80207064,0x00000000,0,0,0,0x00000000,0x00000000,0,0,1,0,1
present,2408,80242912,0x00000000,0,0,0,0x00000000,0x00000000,0,0,1,0,1
present,2409,80275572,0x00000000,0,0,0,0x00000000,0x00000000,0,0,1,0,1
present,2410,80309805,0x00000000,0,0,0,0x00000000,0x00000000,0,0,1,0,1
present,2411,80337098,0x00000000,0,0,0,0x00000000,0x00000000,0,0,1,0,1
present,2412,80375899,0x00000000,0,0,0,0x00000000,0x00000000,0,0,1,0,1
present,2413,80402996,0x00000000,0,0,0,0x00000000,0x00000000,0,0,1,0,1
present,2414,80437682,0x00000000,0,0,0,0x00000000,0x00000000,0,0,1,0,1
present,2415,80474997,0x00000000,0,0,0,0x00000000,0x00000000,0,0,1,0,1
present,2416,80508706,0x00000000,0,0,0,0x00000000,0x00000000,0,0,1,0,1
present,2417,80542163,0x00000000,0,0,0,0x00000000,0x00000000,0,0,1,0,1
present,2418,80570711,0x00000000,0,0,0,0x00000000,0x00000000,0,0,1,0,1
present,2419,80608711,0x00000000,0,0,0,0x00000000,0x00000000,0,0,1,0,1
present,2420,80634727,0x00000000,0,0,0,0x00000000,0x00000000,0,0,1,0,1
present,2421,80669382,0x00000000,0,0,0,0x00000000,0x00000000,0,0,1,0,1
present,2422,80708673,0x00000000,0,0,0,0x00000000,0x00000000,0,0,1,0,1
present,2423,80738716,0x00000000,0,0,0,0x00000000,0x00000000,0,0,1,0,1
present,2424,80774967,0x00000000,0,0,0,0x00000000,0x00000000,0,0,1,0,1
present,2425,80808637,0x00000000,0,0,0,0x00000000,0x00000000,0,0,1,0,1
present,2426,80835847,0x00000000,0,0,0,0x00000000,0x00000000,0,0,1,0,1
present,2427,80875936,0x00000000,0,0,0,0x00000000,0x00000000,0,0,1,0,1
present,2428,80903792,0x00000000,0,0,0,0x00000000,0x00000000,0,0,1,0,1
present,2429,80938511,0x00000000,0,0,0,0x00000000,0x00000000,0,0,1,0,1
present,2430,80970860,0x00000000,0,0,0,0x00000000,0x00000000,0,0,1,0,1
present,2431,81008767,0x00000000,0,0,0,0x00000000,0x00000000,1,0,1,0,1
present,2432,81042295,0x00000000,0,0,0,0x00000000,0x00000000,1,0,1,0,1
present,2433,81075655,0x00000000,0,0,0,0x00000000,0x00000000,1,0,1,0,1
present,2434,81108916,0x00000000,0,0,0,0x00000000,0x00000000,1,0,1,0,1
present,2435,81142408,0x00000000,0,0,0,0x00000000,0x00000000,1,0,1,0,1
present,2436,81170850,0x00000000,0,0,0,0x00000000,0x00000000,1,0,1,0,1
present,2437,81204427,0x00000000,0,0,0,0x00000000,0x00000000,1,0,1,0,1
present,2438,81233877,0x00000000,0,0,0,0x00000000,0x00000000,1,0,1,0,1
present,2439,81276201,0x00000000,0,0,0,0x00000000,0x00000000,1,0,1,0,1
present,2440,81308280,0x00000000,0,0,0,0x00000000,0x00000000,1,0,1,0,1
present,2441,81341643,0x00000000,0,0,0,0x00000000,0x00000000,1,0,1,0,1
present,2442,81375773,0x00000000,0,0,0,0x00000000,0x00000000,1,0,1,0,1
present,2443,81401852,0x00000000,0,0,0,0x00000000,0x00000000,1,0,1,0,1
present,2444,81442364,0x00000000,0,0,0,0x00000000,0x00000000,1,0,1,0,1
present,2445,81471784,0x00000000,0,0,0,0x00000000,0x00000000,1,0,1,0,1
present,2446,81505616,0x00000000,0,0,0,0x00000000,0x00000000,1,0,1,0,1
present,2447,81538387,0x00000000,0,0,0,0x00000000,0x00000000,1,0,1,0,1
present,2448,81567451,0x00000000,0,0,0,0x00000000,0x00000000,1,0,1,0,1
present,2449,81609750,0x00000000,0,0,0,0x00000000,0x00000000,1,0,1,0,1
present,2450,81635835,0x00000000,0,0,0,0x00000000,0x00000000,1,0,1,0,1
present,2451,81668568,0x00000000,0,0,0,0x00000000,0x00000000,1,0,1,0,1
present,2452,81708882,0x00000000,0,0,0,0x00000000,0x00000000,1,0,1,0,1
present,2453,81742106,0x00000000,0,0,0,0x00000000,0x00000000,1,0,1,0,1
present,2454,81775309,0x00000000,0,0,0,0x00000000,0x00000000,1,0,1,0,1
present,2455,81808843,0x00000000,0,0,0,0x00000000,0x00000000,1,0,1,0,1
present,2456,81843618,0x00000000,0,0,0,0x00000000,0x00000000,1,0,1,0,1
present,2457,81875407,0x00000000,0,0,0,0x00000000,0x00000000,1,0,1,0,1
present,2458,81904351,0x00000000,0,0,0,0x00000000,0x00000000,1,0,1,0,1
present,2459,81941480,0x00000000,0,0,0,0x00000000,0x00000000,1,0,1,0,1
present,2460,81976091,0x00000000,0,0,0,0x00000000,0x00000000,1,0,1,0,1
present,2461,82003519,0x00000000,0,0,0,0x00000000,0x00000000,2,0,1,0,1
present,2462,82034001,0x00000000,0,0,0,0x00000000,0x00000000,2,0,1,0,1
present,2463,82076077,0x00000000,0,0,0,0x00000000,0x00000000,2,0,1,0,1
present,2464,82108600,0x00000000,0,0,0,0x00000000,0x00000000,2,0,1,0,1
present,2465,82142142,0x00000000,0,0,0,0x00000000,0x00000000,2,0,1,0,1
present,2466,82175488,0x00000000,0,0,0,0x00000000,0x00000000,2,0,1,0,1
present,2467,82204442,0x00000000,0,0,0,0x00000000,0x00000000,2,0,1,0,1
present,2468,82242326,0x00000000,0,0,0,0x00000000,0x00000000,2,0,1,0,1
present,2469,82268576,0x00000000,0,0,0,0x00000000,0x00000000,2,0,1,0,1
present,2470,82301200,0x00000000,0,0,0,0x00000000,0x00000000,2,0,1,0,1
present,2471,82341621,0x00000000,0,0,0,0x00000000,0x00000000,2,0,1,0,1
present,2472,82374957,0x00000000,0,0,0,0x00000000,0x00000000,2,0,1,0,1
present,2473,82405439,0x00000000,0,0,0,0x00000000,0x00000000,2,0,1,0,1
present,2474,82438372,0x00000000,0,0,0,0x00000000,0x00000000,2,0,1,0,1
present,2475,82475731,0x00000000,0,0,0,0x00000000,0x00000000,2,0,1,0,1
present,2476,82506742,0x00000000,0,0,0,0x00000000,0x00000000,2,0,1,0,1
present,2477,82542057,0x00000000,0,0,0,0x00000000,0x00000000,2,0,1,0,1
present,2478,82575517,0x00000000,0,0,0,0x00000000,0x00000000,2,0,1,0,1
present,2479,82608873,0x00000000,0,0,0,0x00000000,0x00000000,2,0,1,0,1
present,2480,82642261,0x00000000,0,0,0,0x00000000,0x00000000,2,0,1,0,1
present,2481,82667173,0x00000000,0,0,0,0x00000000,0x00000000,2,0,1,0,1
present,2482,82708512,0x00000000,0,0,0,0x00000000,0x00000000,2,0,1,0,1
present,2483,82733680,0x00000000,0,0,0,0x00000000,0x00000000,2,0,1,0,1
present,2484,82770603,0x00000000,0,0,0,0x00000000,0x00000000,2,0,1,0,1
present,2485,82804064,0x00000000,0,0,0,0x00000000,0x00000000,2,0,1,0,1
present,2486,82842452,0x00000000,0,0,0,0x00000000,0x00000000,2,0,1,0,1
present,2487,82875759,0x00000000,0,0,0,0x00000000,0x00000000,2,0,1,0,1
present,2488,82909088,0x00000000,0,0,0,0x00000000,0x00000000,2,0,1,0,1
present,2489,82942514,0x00000000,0,0,0,0x00000000,0x00000000,2,0,1,0,1
present,2490,82975879,0x00000000,0,0,0,0x00000000,0x00000000,2,0,1,0,1
present,2491,83003477,0x00000000,0,0,0,0x00000000,0x00000000,3,0,1,0,1
present,2492,83041883,0x00000000,0,0,0,0x00000000,0x00000000,3,0,1,0,1
present,2493,83075235,0x00000000,0,0,0,0x00000000,0x00000000,3,0,1,0,1
present,2494,83108565,0x00000000,0,0,0,0x00000000,0x00000000,3,0,1,0,1
present,2495,83141820,0x00000000,0,0,0,0x00000000,0x00000000,3,0,1,0,1
present,2496,83174606,0x00000000,0,0,0,0x00000000,0x00000000,3,0,1,0,1
present,2497,83209050,0x00000000,0,0,0,0x00000000,0x00000000,3,0,1,0,1
present,2498,83242455,0x00000000,0,0,0,0x00000000,0x00000000,3,0,1,0,1
present,2499,83275802,0x00000000,0,0,0,0x00000000,0x00000000,3,0,1,0,1
present,2500,83307161,0x00000000,0,0,0,0x00000000,0x00000000,3,0,1,0,1
present,2501,83336377,0x00000000,0,0,0,0x00000000,0x00000000,3,0,1,0,1
present,2502,83375696,0x00000000,0,0,0,0x00000000,0x00000000,3,0,1,0,1
present,2503,83409027,0x00000000,0,0,0,0x00000000,0x00000000,3,0,1,0,1
present,2504,83442267,0x00000000,0,0,0,0x00000000,0x00000000,3,0,1,0,1
present,2505,83475595,0x00000000,0,0,0,0x00000000,0x00000000,3,0,1,0,1
present,2506,83508838,0x00000000,0,0,0,0x00000000,0x00000000,3,0,1,0,1
present,2507,83542182,0x00000000,0,0,0,0x00000000,0x00000000,3,0,1,0,1
present,2508,83575467,0x00000000,0,0,0,0x00000000,0x00000000,3,0,1,0,1
present,2509,83603731,0x00000000,0,0,0,0x00000000,0x00000000,3,0,1,0,1
present,2510,83642182,0x00000000,0,0,0,0x00000000,0x00000000,3,0,1,0,1
present,2511,83675518,0x00000000,0,0,0,0x00000000,0x00000000,3,0,1,0,1
present,2512,83708809,0x00000000,0,0,0,0x00000000,0x00000000,3,0,1,0,1
present,2513,83742061,0x00000000,0,0,0,0x00000000,0x00000000,3,0,1,0,1
present,2514,83774958,0x00000000,0,0,0,0x00000000,0x00000000,3,0,1,0,1
present,2515,83808201,0x00000000,0,0,0,0x00000000,0x00000000,3,0,1,0,1
present,2516,83842846,0x00000000,0,0,0,0x00000000,0x00000000,3,0,1,0,1
present,2517,83874027,0x00000000,0,0,0,0x00000000,0x00000000,3,0,1,0,1
present,2518,83909090,0x00000000,0,0,0,0x00000000,0x00000000,3,0,1,0,1
present,2519,83933496,0x00000000,0,0,0,0x00000000,0x00000000,3,0,1,0,1
present,2520,83975531,0x00000000,0,0,0,0x00000000,0x00000000,3,0,1,0,1
present,2521,84000625,0x00000000,0,0,0,0x00000000,0x00000000,0,0,1,0,1
present,2522,84043179,0x00000000,0,0,0,0x00000000,0x00000000,0,0,1,0,1
present,2523,84072252,0x00000000,0,0,0,0x00000000,0x00000000,0,0,1,0,1
present,2524,84106474,0x00000000,0,0,0,0x00000000,0x00000000,0,0,1,0,1
present,2525,84142602,0x00000000,0,0,0,0x00000000,0x00000000,0,0,1,0,1
present,2526,84169374,0x00000000,0,0,0,0x00000000,0x00000000,0,0,1,0,1
present,2527,84201575,0x00000000,0,0,0,0x00000000,0x00000000,0,0,1,0,1
present,2528,84242189,0x00000000,0,0,0,0x00000000,0x00000000,0,0,1,0,1
present,2529,84267229,0x00000000,0,0,0,0x00000000,0x00000000,0,0,1,0,1
present,2530,84303329,0x00000000,0,0,0,0x00000000,0x00000000,0,0,1,0,1
present,2531,84342169,0x00000000,0,0,0,0x00000000,0x00000000,0,0,1,0,1
present,2532,84370228,0x00000000,0,0,0,0x00000000,0x00000000,0,0,1,0,1
present,2533,84402979,0x00000000,0,0,0,0x00000000,0x00000000,0,0,1,0,1
present,2534,84437654,0x00000000,0,0,0,0x00000000,0x00000000,0,0,1,0,1
present,2535,84468786,0x00000000,0,0,0,0x00000000,0x00000000,0,0,1,0,1
present,2536,84508720,0x00000000,0,0,0,0x00000000,0x00000000,0,0,1,0,1
present,2537,84542785,0x00000000,0,0,0,0x00000000,0x00000000,0,0,1,0,1
present,2538,84573586,0x00000000,0,0,0,0x00000000,0x00000000,0,0,1,0,1
present,2539,84605958,0x00000000,0,0,0,0x00000000,0x00000000,0,0,1,0,1
present,2540,84638476,0x00000000,0,0,0,0x00000000,0x00000000,0,0,1,0,1
present,2541,84674524,0x00000000,0,0,0,0x00000000,0x00000000,0,0,1,0,1
present,2542,84708802,0x00000000,0,0,0,0x00000000,0x00000000,0,0,1,0,1
present,2543,84742042,0x00000000,0,0,0,0x00000000,0x00000000,0,0,1,0,1
present,2544,84775298,0x00000000,0,0,0,0x00000000,0x00000000,0,0,1,0,1
present,2545,84803895,0x00000000,0,0,0,0x00000000,0x00000000,0,0,1,0,1
present,2546,84839761,0x00000000,0,0,0,0x00000000,0x00000000,0,0,1,0,1
present,2547,84873864,0x00000000,0,0,0,0x00000000,0x00000000,0,0,1,0,1
present,2548,84907931,0x00000000,0,0,0,0x00000000,0x00000000,0,0,1,0,1
present,2549,84939311,0x00000000,0,0,0,0x00000000,0x00000000,0,0,1,0,1
present,2550,84976422,0x00000000,0,0,0,0x00000000,0x00000000,0,0,1,0,1
present,2551,85001024,0x00000000,0,0,0,0x00000000,0x00000000,1,0,1,0,1
present,2552,85038123,0x00000000,0,0,0,0x00000000,0x00000000,1,0,1,0,1
present,2553,85067569,0x00000000,0,0,0,0x00000000,0x00000000,1,0,1,0,1
present,2554,85109461,0x00000000,0,0,0,0x00000000,0x00000000,1,0,1,0,1
present,2555,85141890,0x00000000,0,0,0,0x00000000,0x00000000,1,0,1,0,1
present,2556,85167209,0x00000000,0,0,0,0x00000000,0x00000000,1,0,1,0,1
present,2557,85209845,0x00000000,0,0,0,0x00000000,0x00000000,1,0,1,0,1
present,2558,85234847,0x00000000,0,0,0,0x00000000,0x00000000,1,0,1,0,1
present,2559,85275398,0x00000000,0,0,0,0x00000000,0x00000000,1,0,1,0,1
present,2560,85307723,0x00000000,0,0,0,0x00000000,0x00000000,1,0,1,0,1
present,2561,85338287,0x00000000,0,0,0,0x00000000,0x00000000,1,0,1,0,1
present,2562,85373540,0x00000000,0,0,0,0x00000000,0x00000000,1,0,1,0,1
present,2563,85400932,0x00000000,0,0,0,0x00000000,0x00000000,1,0,1,0,1
present,2564,85441254,0x00000000,0,0,0,0x00000000,0x00000000,1,0,1,0,1
present,2565,85475189,0x00000000,0,0,0,0x00000000,0x00000000,1,0,1,0,1
present,2566,85504069,0x00000000,0,0,0,0x00000000,0x00000000,1,0,1,0,1
present,2567,85534128,0x00000000,0,0,0,0x00000000,0x00000000,1,0,1,0,1
present,2568,85575823,0x00000000,0,0,0,0x00000000,0x00000000,1,0,1,0,1
present,2569,85608304,0x00000000,0,0,0,0x00000000,0x00000000,1,0,1,0,1
present,2570,85640165,0x00000000,0,0,0,0x00000000,0x00000000,1,0,1,0,1
present,2571,85666820,0x00000000,0,0,0,0x00000000,0x00000000,1,0,1,0,1
present,2572,85709177,0x00000000,0,0,0,0x00000000,0x00000000,1,0,1,0,1
present,2573,85742449,0x00000000,0,0,0,0x00000000,0x00000000,1,0,1,0,1
present,2574,85775704,0x00000000,0,0,0,0x00000000,0x00000000,1,0,1,0,1
present,2575,85809211,0x00000000,0,0,0,0x00000000,0x00000000,1,0,1,0,1
present,2576,85835193,0x00000000,0,0,0,0x00000000,0x00000000,1,0,1,0,1
present,2577,85874114,0x00000000,0,0,0,0x00000000,0x00000000,1,0,1,0,1
present,2578,85902019,0x00000000,0,0,0,0x00000000,0x00000000,1,0,1,0,1
present,2579,85942028,0x00000000,0,0,0,0x00000000,0x00000000,1,0,1,0,1
present,2580,85972173,0x00000000,0,0,0,0x00000000,0x00000000,1,0,1,0,1
present,2581,86002222,0x00000000,0,0,0,0x00000000,0x00000000,2,0,1,0,1
present,2582,86036691,0x00000000,0,0,0,0x00000000,0x00000000,2,0,1,0,1
present,2583,86075902,0x00000000,0,0,0,0x00000000,0x00000000,2,0,1,0,1
present,2584,86108568,0x00000000,0,0,0,0x00000000,0x00000000,2,0,1,0,1
present,2585,86134330,0x00000000,0,0,0,0x00000000,0x00000000,2,0,1,0,1
present,2586,86172424,0x00000000,0,0,0,0x00000000,0x00000000,2,0,1,0,1
present,2587,86201316,0x00000000,0,0,0,0x00000000,0x00000000,2,0,1,0,1
present,2588,86242141,0x00000000,0,0,0,0x00000000,0x00000000,2,0,1,0,1
present,2589,86267479,0x00000000,0,0,0,0x00000000,0x00000000,2,0,1,0,1
present,2590,86301472,0x00000000,0,0,0,0x00000000,0x00000000,2,0,1,0,1
present,2591,86338308,0x00000000,0,0,0,0x00000000,0x00000000,2,0,1,0,1
present,2592,86375266,0x00000000,0,0,0,0x00000000,0x00000000,2,0,1,0,1
present,2593,86408789,0x00000000,0,0,0,0x00000000,0x00000000,2,0,1,0,1
present,2594,86442564,0x00000000,0,0,0,0x00000000,0x00000000,2,0,1,0,1
present,2595,86469682,0x00000000,0,0,0,0x00000000,0x00000000,2,0,1,0,1
present,2596,86508951,0x00000000,0,0,0,0x00000000,0x00000000,2,0,1,0,1
present,2597,86538093,0x00000000,0,0,0,0x00000000,0x00000000,2,0,1,0,1
present,2598,86576096,0x00000000,0,0,0,0x00000000,0x00000000,2,0,1,0,1
present,2599,86603534,0x00000000,0,0,0,0x00000000,0x00000000,2,0,1,0,1
present,2600,86637582,0x00000000,0,0,0,0x00000000,0x00000000,2,0,1,0,1
present,2601,86674843,0x00000000,0,0,0,0x00000000,0x00000000,2,0,1,0,1
present,2602,86709094,0x00000000,0,0,0,0x00000000,0x00000000,2,0,1,0,1
present,2603,86740135,0x00000000,0,0,0,0x00000000,0x00000000,2,0,1,0,1
present,2604,86775393,0x00000000,0,0,0,0x00000000,0x00000000,2,0,1,0,1
present,2605,86808661,0x00000000,0,0,0,0x00000000,0x00000000,2,0,1,0,1
present,2606,86842491,0x00000000,0,0,0,0x00000000,0x00000000,2,0,1,0,1
present,2607,86871029,0x00000000,0,0,0,0x00000000,0x00000000,2,0,1,0,1
present,2608,86906673,0x00000000,0,0,0,0x00000000,0x00000000,2,0,1,0,1
present,2609,86937851,0x00000000,0,0,0,0x00000000,0x00000000,2,0,1,0,1
present,2610,86975888,0x00000000,0,0,0,0x00000000,0x00000000,2,0,1,0,1
present,2611,87008892,0x00000000,0,0,0,0x00000000,0x00000000,3,0,1,0,1
present,2612,87042678,0x00000000,0,0,0,0x00000000,0x00000000,3,0,1,0,1
present,2613,87067358,0x00000000,0,0,0,0x00000000,0x00000000,3,0,1,0,1
present,2614,87108246,0x00000000,0,0,0,0x00000000,0x00000000,3,0,1,0,1
present,2615,87142074,0x00000000,0,0,0,0x00000000,0x00000000,3,0,1,0,1
present,2616,87171397,0x00000000,0,0,0,0x00000000,0x00000000,3,0,1,0,1
present,2617,87208316,0x00000000,0,0,0,0x00000000,0x00000000,3,0,1,0,1
present,2618,87241744,0x00000000,0,0,0,0x00000000,0x00000000,3,0,1,0,1
present,2619,87275580,0x00000000,0,0,0,0x00000000,0x00000000,3,0,1,0,1
present,2620,87303903,0x00000000,0,0,0,0x00000000,0x00000000,3,0,1,0,1
present,2621,87342849,0x00000000,0,0,0,0x00000000,0x00000000,3,0,1,0,1
present,2622,87375594,0x00000000,0,0,0,0x00000000,0x00000000,3,0,1,0,1
present,2623,87408672,0x00000000,0,0,0,0x00000000,0x00000000,3,0,1,0,1
present,2624,87437691,0x00000000,0,0,0,0x00000000,0x00000000,3,0,1,0,1
present,2625,87475479,0x00000000,0,0,0,0x00000000,0x00000000,3,0,1,0,1
present,2626,87509268,0x00000000,0,0,0,0x00000000,0x00000000,3,0,1,0,1
present,2627,87534501,0x00000000,0,0,0,0x00000000,0x00000000,3,0,1,0,1
present,2628,87576308,0x00000000,0,0,0,0x00000000,0x00000000,3,0,1,0,1
present,2629,87608998,0x00000000,0,0,0,0x00000000,0x00000000,3,0,1,0,1
present,2630,87638001,0x00000000,0,0,0,0x00000000,0x00000000,3,0,1,0,1
present,2631,87675285,0x00000000,0,0,0,0x00000000,0x00000000,3,0,1,0,1
present,2632,87708558,0x00000000,0,0,0,0x00000000,0x00000000,3,0,1,0,1
present,2633,87741846,0x00000000,0,0,0,0x00000000,0x00000000,3,0,1,0,1
present,2634,87775082,0x00000000,0,0,0,0x00000000,0x00000000,3,0,1,0,1
present,2635,87808317,0x00000000,0,0,0,0x00000000,0x00000000,3,0,1,0,1
present,2636,87841930,0x00000000,0,0,0,0x00000000,0x00000000,3,0,1,0,1
present,2637,87867552,0x00000000,0,0,0,0x00000000,0x00000000,3,0,1,0,1
present,2638,87909646,0x00000000,0,0,0,0x00000000,0x00000000,3,0,1,0,1
present,2639,87938697,0x00000000,0,0,0,0x00000000,0x00000000,3,0,1,0,1
present,2640,87967466,0x00000000,0,0,0,0x00000000,0x00000000,3,0,1,0,1
present,2641,88008451,0x00000000,0,0,0,0x00000000,0x00000000,0,0,1,0,1
present,2642,88042627,0x00000000,0,0,0,0x00000000,0x00000000,0,0,1,0,1
present,2643,88073584,0x00000000,0,0,0,0x00000000,0x00000000,0,0,1,0,1
present,2644,88100756,0x00000000,0,0,0,0x00000000,0x00000000,0,0,1,0,1
present,2645,88138060,0x00000000,0,0,0,0x00000000,0x00000000,0,0,1,0,1
present,2646,88167389,0x00000000,0,0,0,0x00000000,0x00000000,0,0,1,0,1
present,2647,88208730,0x00000000,0,0,0,0x00000000,0x00000000,0,0,1,0,1
present,2648,88242778,0x00000000,0,0,0,0x00000000,0x00000000,0,0,1,0,1
present,2649,88275014,0x00000000,0,0,0,0x00000000,0x00000000,0,0,1,0,1
present,2650,88309064,0x00000000,0,0,0,0x00000000,0x00000000,0,0,1,0,1
present,2651,88342099,0x00000000,0,0,0,0x00000000,0x00000000,0,0,1,0,1
present,2652,88375292,0x00000000,0,0,0,0x00000000,0x00000000,0,0,1,0,1
present,2653,88409176,0x00000000,0,0,0,0x00000000,0x00000000,0,0,1,0,1
present,2654,88437110,0x00000000,0,0,0,0x00000000,0x00000000,0,0,1,0,1
present,2655,88472184,0x00000000,0,0,0,0x00000000,0x00000000,0,0,1,0,1
present,2656,88508787,0x00000000,0,0,0,0x00000000,0x00000000,0,0,1,0,1
present,2657,88542834,0x00000000,0,0,0,0x00000000,0x00000000,0,0,1,0,1
present,2658,88570430,0x00000000,0,0,0,0x00000000,0x00000000,0,0,1,0,1
present,2659,88600890,0x00000000,0,0,0,0x00000000,0x00000000,0,0,1,0,1
present,2660,88639433,0x00000000,0,0,0,0x00000000,0x00000000,0,0,1,0,1
present,2661,88669069,0x00000000,0,0,0,0x00000000,0x00000000,0,0,1,0,1
present,2662,88704232,0x00000000,0,0,0,0x00000000,0x00000000,0,0,1,0,1
present,2663,88742464,0x00000000,0,0,0,0x00000000,0x00000000,0,0,1,0,1
present,2664,88775772,0x00000000,0,0,0,0x00000000,0x00000000,0,0,1,0,1
present,2665,88802752,0x00000000,0,0,0,0x00000000,0x00000000,0,0,1,0,1
present,2666,88833817,0x00000000,0,0,0,0x00000000,0x00000000,0,0,1,0,1
present,2667,88867647,0x00000000,0,0,0,0x00000000,0x00000000,0,0,1,0,1
present,2668,88904579,0x00000000,0,0,0,0x00000000,0x00000000,0,0,1,0,1
present,2669,88936521,0x00000000,0,0,0,0x00000000,0x00000000,0,0,1,0,1
present,2670,88970968,0x00000000,0,0,0,0x00000000,0x00000000,0,0,1,0,1
present,2671,89008695,0x00000000,0,0,0,0x00000000,0x00000000,1,0,1,0,1
present,2672,89037053,0x00000000,0,0,0,0x00000000,0x00000000,1,0,1,0,1
present,2673,89075145,0x00000000,0,0,0,0x00000000,0x00000000,1,0,1,0,1
present,2674,89108629,0x00000000,0,0,0,0x00000000,0x00000000,1,0,1,0,1
present,2675,89142244,0x00000000,0,0,0,0x00000000,0x00000000,1,0,1,0,1
present,2676,89174351,0x00000000,0,0,0,0x00000000,0x00000000,1,0,1,0,1
present,2677,89210117,0x00000000,0,0,0,0x00000000,0x00000000,1,0,1,0,1
present,2678,89238257,0x00000000,0,0,0,0x00000000,0x00000000,1,0,1,0,1
present,2679,89276022,0x00000000,0,0,0,0x00000000,0x00000000,1,0,1,0,1
present,2680,89300672,0x00000000,0,0,0,0x00000000,0x00000000,1,0,1,0,1
present,2681,89342211,0x00000000,0,0,0,0x00000000,0x00000000,1,0,1,0,1
present,2682,89375242,0x00000000,0,0,0,0x00000000,0x00000000,1,0,1,0,1
present,2683,89405610,0x00000000,0,0,0,0x00000000,0x00000000,1,0,1,0,1
present,2684,89442617,0x00000000,0,0,0,0x00000000,0x00000000,1,0,1,0,1
present,2685,89472131,0x00000000,0,0,0,0x00000000,0x00000000,1,0,1,0,1
present,2686,89508690,0x00000000,0,0,0,0x00000000,0x00000000,1,0,1,0,1
present,2687,89535164,0x00000000,0,0,0,0x00000000,0x00000000,1,0,1,0,1
present,2688,89573392,0x00000000,0,0,0,0x00000000,0x00000000,1,0,1,0,1
present,2689,89602539,0x00000000,0,0,0,0x00000000,0x00000000,1,0,1,0,1
present,2690,89633980,0x00000000,0,0,0,0x00000000,0x00000000,1,0,1,0,1
present,2691,89675731,0x00000000,0,0,0,0x00000000,0x00000000,1,0,1,0,1
present,2692,89708990,0x00000000,0,0,0,0x00000000,0x00000000,1,0,1,0,1
present,2693,89742216,0x00000000,0,0,0,0x00000000,0x00000000,1,0,1,0,1
present,2694,89775460,0x00000000,0,0,0,0x00000000,0x00000000,1,0,1,0,1
present,2695,89808961,0x00000000,0,0,0,0x00000000,0x00000000,1,0,1,0,1
present,2696,89833829,0x00000000,0,0,0,0x00000000,0x00000000,1,0,1,0,1
present,2697,89875339,0x00000000,0,0,0,0x00000000,0x00000000,1,0,1,0,1
present,2698,89908525,0x00000000,0,0,0,0x00000000,0x00000000,1,0,1,0,1
present,2699,89941873,0x00000000,0,0,0,0x00000000,0x00000000,1,0,1,0,1
present,2700,89973456,0x00000000,0,0,0,0x00000000,0x00000000,1,0,1,0,1
present,2701,90009600,0x00000000,0,0,0,0x00000000,0x00000000,2,0,1,0,1
present,2702,90042534,0x00000000,0,0,0,0x00000000,0x00000000,2,0,1,0,1
present,2703,90075256,0x00000000,0,0,0,0x00000000,0x00000000,2,0,1,0,1
present,2704,90105611,0x00000000,0,0,0,0x00000000,0x00000000,2,0,1,0,1
present,2705,90142418,0x00000000,0,0,0,0x00000000,0x00000000,2,0,1,0,1
present,2706,90175232,0x00000000,0,0,0,0x00000000,0x00000000,2,0,1,0,1
present,2707,90202732,0x00000000,0,0,0,0x00000000,0x00000000,2,0,1,0,1
present,2708,90237606,0x00000000,0,0,0,0x00000000,0x00000000,2,0,1,0,1
present,2709,90270715,0x00000000,0,0,0,0x00000000,0x00000000,2,0,1,0,1
present,2710,90308623,0x00000000,0,0,0,0x00000000,0x00000000,2,0,1,0,1
present,2711,90335793,0x00000000,0,0,0,0x00000000,0x00000000,2,0,1,0,1
present,2712,90368697,0x00000000,0,0,0,0x00000000,0x00000000,2,0,1,0,1
present,2713,90408881,0x00000000,0,0,0,0x00000000,0x00000000,2,0,1,0,1
present,2714,90442832,0x00000000,0,0,0,0x00000000,0x00000000,2,0,1,0,1
present,2715,90470196,0x00000000,0,0,0,0x00000000,0x00000000,2,0,1,0,1
present,2716,90503846,0x00000000,0,0,0,0x00000000,0x00000000,2,0,1,0,1
present,2717,90537985,0x00000000,0,0,0,0x00000000,0x00000000,2,0,1,0,1
present,2718,90575324,0x00000000,0,0,0,0x00000000,0x00000000,2,0,1,0,1
present,2719,90608706,0x00000000,0,0,0,0x00000000,0x00000000,2,0,1,0,1
present,2720,90642184,0x00000000,0,0,0,0x00000000,0x00000000,2,0,1,0,1
present,2721,90674709,0x00000000,0,0,0,0x00000000,0x00000000,2,0,1,0,1
present,2722,90709042,0x00000000,0,0,0,0x00000000,0x00000000,2,0,1,0,1
present,2723,90742302,0x00000000,0,0,0,0x00000000,0x00000000,2,0,1,0,1
present,2724,90777019,0x00000000,0,0,0,0x00000000,0x00000000,2,0,1,0,1
present,2725,90800983,0x00000000,0,0,0,0x00000000,0x00000000,2,0,1,0,1
present,2726,90842452,0x00000000,0,0,0,0x00000000,0x00000000,2,0,1,0,1
present,2727,90875665,0x00000000,0,0,0,0x00000000,0x00000000,2,0,1,0,1
present,2728,90908854,0x00000000,0,0,0,0x00000000,0x00000000,2,0,1,0,1
present,2729,90942064,0x00000000,0,0,0,0x00000000,0x00000000,2,0,1,0,1
present,2730,90975309,0x00000000,0,0,0,0x00000000,0x00000000,2,0,1,0,1
present,2731,91008560,0x00000000,0,0,0,0x00000000,0x00000000,3,0,1,0,1
present,2732,91042271,0x00000000,0,0,0,0x00000000,0x00000000,3,0,1,0,1
present,2733,91075284,0x00000000,0,0,0,0x00000000,0x00000000,3,0,1,0,1
present,2734,91108512,0x00000000,0,0,0,0x00000000,0x00000000,3,0,1,0,1
present,2735,91139774,0x00000000,0,0,0,0x00000000,0x00000000,3,0,1,0,1
present,2736,91175502,0x00000000,0,0,0,0x00000000,0x00000000,3,0,1,0,1
present,2737,91208536,0x00000000,0,0,0,0x00000000,0x00000000,3,0,1,0,1
present,2738,91237633,0x00000000,0,0,0,0x00000000,0x00000000,3,0,1,0,1
present,2739,91275381,0x00000000,0,0,0,0x00000000,0x00000000,3,0,1,0,1
present,2740,91304685,0x00000000,0,0,0,0x00000000,0x00000000,3,0,1,0,1
present,2741,91339150,0x00000000,0,0,0,0x00000000,0x00000000,3,0,1,0,1
present,2742,91375913,0x00000000,0,0,0,0x00000000,0x00000000,3,0,1,0,1
present,2743,91401461,0x00000000,0,0,0,0x00000000,0x00000000,3,0,1,0,1
present,2744,91442129,0x00000000,0,0,0,0x00000000,0x00000000,3,0,1,0,1
present,2745,91474809,0x00000000,0,0,0,0x00000000,0x00000000,3,0,1,0,1
present,2746,91509520,0x00000000,0,0,0,0x00000000,0x00000000,3,0,1,0,1
present,2747,91540512,0x00000000,0,0,0,0x00000000,0x00000000,3,0,1,0,1
present,2748,91571348,0x00000000,0,0,0,0x00000000,0x00000000,3,0,1,0,1
present,2749,91606298,0x00000000,0,0,0,0x00000000,0x00000000,3,0,1,0,1
present,2750,91638943,0x00000000,0,0,0,0x00000000,0x00000000,3,0,1,0,1
present,2751,91675417,0x00000000,0,0,0,0x00000000,0x00000000,3,0,1,0,1
present,2752,91708636,0x00000000,0,0,0,0x00000000,0x00000000,3,0,1,0,1
present,2753,91741915,0x00000000,0,0,0,0x00000000,0x00000000,3,0,1,0,1
present,2754,91775176,0x00000000,0,0,0,0x00000000,0x00000000,3,0,1,0,1
present,2755,91808778,0x00000000,0,0,0,0x00000000,0x00000000,3,0,1,0,1
present,2756,91838306,0x00000000,0,0,0,0x00000000,0x00000000,3,0,1,0,1
present,2757,91873568,0x00000000,0,0,0,0x00000000,0x00000000,3,0,1,0,1
present,2758,91908020,0x00000000,0,0,0,0x00000000,0x00000000,3,0,1,0,1
present,2759,91934698,0x00000000,0,0,0,0x00000000,0x00000000,3,0,1,0,1
present,2760,91975068,0x00000000,0,0,0,0x00000000,0x00000000,3,0,1,0,1
present,2761,92004456,0x00000000,0,0,0,0x00000000,0x00000000,0,0,1,0,1
present,2762,92040280,0x00000000,0,0,0,0x00000000,0x00000000,0,0,1,0,1
present,2763,92072283,0x00000000,0,0,0,0x00000000,0x00000000,0,0,1,0,1
present,2764,92105334,0x00000000,0,0,0,0x00000000,0x00000000,0,0,1,0,1
present,2765,92137681,0x00000000,0,0,0,0x00000000,0x00000000,0,0,1,0,1
present,2766,92173819,0x00000000,0,0,0,0x00000000,0x00000000,0,0,1,0,1
present,2767,92204767,0x00000000,0,0,0,0x00000000,0x00000000,0,0,1,0,1
present,2768,92242702,0x00000000,0,0,0,0x00000000,0x00000000,0,0,1,0,1
present,2769,92270711,0x00000000,0,0,0,0x00000000,0x00000000,0,0,1,0,1
present,2770,92303877,0x00000000,0,0,0,0x00000000,0x00000000,0,0,1,0,1
present,2771,92342282,0x00000000,0,0,0,0x00000000,0x00000000,0,0,1,0,1
present,2772,92376246,0x00000000,0,0,0,0x00000000,0x00000000,0,0,1,0,1
present,2773,92402802,0x00000000,0,0,0,0x00000000,0x00000000,0,0,1,0,1
present,2774,92433969,0x00000000,0,0,0,0x00000000,0x00000000,0,0,1,0,1
present,2775,92473921,0x00000000,0,0,0,0x00000000,0x00000000,0,0,1,0,1
present,2776,92508444,0x00000000,0,0,0,0x00000000,0x00000000,0,0,1,0,1
present,2777,92535548,0x00000000,0,0,0,0x00000000,0x00000000,0,0,1,0,1
present,2778,92575604,0x00000000,0,0,0,0x00000000,0x00000000,0,0,1,0,1
present,2779,92607766,0x00000000,0,0,0,0x00000000,0x00000000,0,0,1,0,1
present,2780,92639278,0x00000000,0,0,0,0x00000000,0x00000000,0,0,1,0,1
present,2781,92674853,0x00000000,0,0,0,0x00000000,0x00000000,0,0,1,0,1
present,2782,92709187,0x00000000,0,0,0,0x00000000,0x00000000,0,0,1,0,1
present,2783,92742415,0x00000000,0,0,0,0x00000000,0x00000000,0,0,1,0,1
present,2784,92774902,0x00000000,0,0,0,0x00000000,0x00000000,0,0,1,0,1
present,2785,92809488,0x00000000,0,0,0,0x00000000,0x00000000,0,0,1,0,1
present,2786,92834925,0x00000000,0,0,0,0x00000000,0x00000000,0,0,1,0,1
present,2787,92873765,0x00000000,0,0,0,0x00000000,0x00000000,0,0,1,0,1
present,2788,92908866,0x00000000,0,0,0,0x00000000,0x00000000,0,0,1,0,1
present,2789,92942981,0x00000000,0,0,0,0x00000000,0x00000000,0,0,1,0,1
present,2790,92970767,0x00000000,0,0,0,0x00000000,0x00000000,0,0,1,0,1
present,2791,93006562,0x00000000,0,0,0,0x00000000,0x00000000,1,0,1,0,1
present,2792,93042015,0x00000000,0,0,0,0x00000000,0x00000000,1,0,1,0,1
present,2793,93074942,0x00000000,0,0,0,0x00000000,0x00000000,1,0,1,0,1
present,2794,93108621,0x00000000,0,0,0,0x00000000,0x00000000,1,0,1,0,1
present,2795,93139131,0x00000000,0,0,0,0x00000000,0x00000000,1,0,1,0,1
present,2796,93173499,0x00000000,0,0,0,0x00000000,0x00000000,1,0,1,0,1
present,2797,93201066,0x00000000,0,0,0,0x00000000,0x00000000,1,0,1,0,1
present,2798,93242095,0x00000000,0,0,0,0x00000000,0x00000000,1,0,1,0,1
present,2799,93275968,0x00000000,0,0,0,0x00000000,0x00000000,1,0,1,0,1
present,2800,93302753,0x00000000,0,0,0,0x00000000,0x00000000,1,0,1,0,1
present,2801,93342077,0x00000000,0,0,0,0x00000000,0x00000000,1,0,1,0,1
present,2802,93369673,0x00000000,0,0,0,0x00000000,0x00000000,1,0,1,0,1
present,2803,93408584,0x00000000,0,0,0,0x00000000,0x00000000,1,0,1,0,1
present,2804,93441826,0x00000000,0,0,0,0x00000000,0x00000000,1,0,1,0,1
present,2805,93476059,0x00000000,0,0,0,0x00000000,0x00000000,1,0,1,0,1
present,2806,93509120,0x00000000,0,0,0,0x00000000,0x00000000,1,0,1,0,1
present,2807,93542612,0x00000000,0,0,0,0x00000000,0x00000000,1,0,1,0,1
present,2808,93575117,0x00000000,0,0,0,0x00000000,0x00000000,1,0,1,0,1
present,2809,93608587,0x00000000,0,0,0,0x00000000,0x00000000,1,0,1,0,1
present,2810,93635937,0x00000000,0,0,0,0x00000000,0x00000000,1,0,1,0,1
present,2811,93672383,0x00000000,0,0,0,0x00000000,0x00000000,1,0,1,0,1
present,2812,93707775,0x00000000,0,0,0,0x00000000,0x00000000,1,0,1,0,1
present,2813,93741984,0x00000000,0,0,0,0x00000000,0x00000000,1,0,1,0,1
present,2814,93775191,0x00000000,0,0,0,0x00000000,0x00000000,1,0,1,0,1
present,2815,93808733,0x00000000,0,0,0,0x00000000,0x00000000,1,0,1,0,1
present,2816,93841955,0x00000000,0,0,0,0x00000000,0x00000000,1,0,1,0,1
present,2817,93874968,0x00000000,0,0,0,0x00000000,0x00000000,1,0,1,0,1
present,2818,93901503,0x00000000,0,0,0,0x00000000,0x00000000,1,0,1,0,1
present,2819,93941787,0x00000000,0,0,0,0x00000000,0x00000000,1,0,1,0,1
present,2820,93975469,0x00000000,0,0,0,0x00000000,0x00000000,1,0,1,0,1
present,2821,94010132,0x00000000,0,0,0,0x00000000,0x00000000,2,0,1,0,1
present,2822,94038259,0x00000000,0,0,0,0x00000000,0x00000000,2,0,1,0,1
present,2823,94067407,0x00000000,0,0,0,0x00000000,0x00000000,2,0,1,0,1
present,2824,94108760,0x00000000,0,0,0,0x00000000,0x00000000,2,0,1,0,1
present,2825,94141502,0x00000000,0,0,0,0x00000000,0x00000000,2,0,1,0,1
present,2826,94175294,0x00000000,0,0,0,0x00000000,0x00000000,2,0,1,0,1
present,2827,94208861,0x00000000,0,0,0,0x00000000,0x00000000,2,0,1,0,1
present,2828,94239787,0x00000000,0,0,0,0x00000000,0x00000000,2,0,1,0,1
present,2829,94275240,0x00000000,0,0,0,0x00000000,0x00000000,2,0,1,0,1
present,2830,94302857,0x00000000,0,0,0,0x00000000,0x00000000,2,0,1,0,1
present,2831,94341336,0x00000000,0,0,0,0x00000000,0x00000000,2,0,1,0,1
present,2832,94375115,0x00000000,0,0,0,0x00000000,0x00000000,2,0,1,0,1
present,2833,94408634,0x00000000,0,0,0,0x00000000,0x00000000,2,0,1,0,1
present,2834,94437052,0x00000000,0,0,0,0x00000000,0x00000000,2,0,1,0,1
present,2835,94472490,0x00000000,0,0,0,0x00000000,0x00000000,2,0,1,0,1
present,2836,94508670,0x00000000,0,0,0,0x00000000,0x00000000,2,0,1,0,1
present,2837,94542442,0x00000000,0,0,0,0x00000000,0x00000000,2,0,1,0,1
present,2838,94569268,0x00000000,0,0,0,0x00000000,0x00000000,2,0,1,0,1
present,2839,94605087,0x00000000,0,0,0,0x00000000,0x00000000,2,0,1,0,1
present,2840,94637411,0x00000000,0,0,0,0x00000000,0x00000000,2,0,1,0,1
present,2841,94675007,0x00000000,0,0,0,0x00000000,0x00000000,2,0,1,0,1
present,2842,94708343,0x00000000,0,0,0,0x00000000,0x00000000,2,0,1,0,1
present,2843,94741620,0x00000000,0,0,0,0x00000000,0x00000000,2,0,1,0,1
present,2844,94774895,0x00000000,0,0,0,0x00000000,0x00000000,2,0,1,0,1
present,2845,94809190,0x00000000,0,0,0,0x00000000,0x00000000,2,0,1,0,1
present,2846,94842782,0x00000000,0,0,0,0x00000000,0x00000000,2,0,1,0,1
present,2847,94875364,0x00000000,0,0,0,0x00000000,0x00000000,2,0,1,0,1
present,2848,94909410,0x00000000,0,0,0,0x00000000,0x00000000,2,0,1,0,1
present,2849,94941968,0x00000000,0,0,0,0x00000000,0x00000000,2,0,1,0,1
present,2850,94975319,0x00000000,0,0,0,0x00000000,0x00000000,2,0,1,0,1
present,2851,95009240,0x00000000,0,0,0,0x00000000,0x00000000,3,0,1,0,1
present,2852,95038651,0x00000000,0,0,0,0x00000000,0x00000000,3,0,1,0,1
present,2853,95075513,0x00000000,0,0,0,0x00000000,0x00000000,3,0,1,0,1
present,2854,95101933,0x00000000,0,0,0,0x00000000,0x00000000,3,0,1,0,1
present,2855,95141855,0x00000000,0,0,0,0x00000000,0x00000000,3,0,1,0,1
present,2856,95172050,0x00000000,0,0,0,0x00000000,0x00000000,3,0,1,0,1
present,2857,95206367,0x00000000,0,0,0,0x00000000,0x00000000,3,0,1,0,1
present,2858,95242306,0x00000000,0,0,0,0x00000000,0x00000000,3,0,1,0,1
present,2859,95268858,0x00000000,0,0,0,0x00000000,0x00000000,3,0,1,0,1
present,2860,95306122,0x00000000,0,0,0,0x00000000,0x00000000,3,0,1,0,1
present,2861,95337893,0x00000000,0,0,0,0x00000000,0x00000000,3,0,1,0,1
present,2862,95368417,0x00000000,0,0,0,0x00000000,0x00000000,3,0,1,0,1
present,2863,95402448,0x00000000,0,0,0,0x00000000,0x00000000,3,0,1,0,1
present,2864,95437220,0x00000000,0,0,0,0x00000000,0x00000000,3,0,1,0,1
present,2865,95467536,0x00000000,0,0,0,0x00000000,0x00000000,3,0,1,0,1
present,2866,95506850,0x00000000,0,0,0,0x00000000,0x00000000,3,0,1,0,1
present,2867,95541960,0x00000000,0,0,0,0x00000000,0x00000000,3,0,1,0,1
present,2868,95575801,0x00000000,0,0,0,0x00000000,0x00000000,3,0,1,0,1
present,2869,95606060,0x00000000,0,0,0,0x00000000,0x00000000,3,0,1,0,1
present,2870,95642350,0x00000000,0,0,0,0x00000000,0x00000000,3,0,1,0,1
present,2871,95675742,0x00000000,0,0,0,0x00000000,0x00000000,3,0,1,0,1
present,2872,95708975,0x00000000,0,0,0,0x00000000,0x00000000,3,0,1,0,1
present,2873,95742241,0x00000000,0,0,0,0x00000000,0x00000000,3,0,1,0,1
present,2874,95775542,0x00000000,0,0,0,0x00000000,0x00000000,3,0,1,0,1
present,2875,95809055,0x00000000,0,0,0,0x00000000,0x00000000,3,0,1,0,1
present,2876,95837753,0x00000000,0,0,0,0x00000000,0x00000000,3,0,1,0,1
present,2877,95875493,0x00000000,0,0,0,0x00000000,0x00000000,3,0,1,0,1
present,2878,95902990,0x00000000,0,0,0,0x00000000,0x00000000,3,0,1,0,1
present,2879,95939522,0x00000000,0,0,0,0x00000000,0x00000000,3,0,1,0,1
present,2880,95975121,0x00000000,0,0,0,0x00000000,0x00000000,3,0,1,0,1
present,2881,96008197,0x00000000,0,0,0,0x00000000,0x00000000,0,0,1,0,1
present,2882,96041006,0x00000000,0,0,0,0x00000000,0x00000000,0,0,1,0,1
present,2883,96076129,0x00000000,0,0,0,0x00000000,0x00000000,0,0,1,0,1
present,2884,96109016,0x00000000,0,0,0,0x00000000,0x00000000,0,0,1,0,1
present,2885,96137429,0x00000000,0,0,0,0x00000000,0x00000000,0,0,1,0,1
present,2886,96168747,0x00000000,0,0,0,0x00000000,0x00000000,0,0,1,0,1
present,2887,96204669,0x00000000,0,0,0,0x00000000,0x00000000,0,0,1,0,1
present,2888,96238447,0x00000000,0,0,0,0x00000000,0x00000000,0,0,1,0,1
present,2889,96275301,0x00000000,0,0,0,0x00000000,0x00000000,0,0,1,0,1
present,2890,96309483,0x00000000,0,0,0,0x00000000,0x00000000,0,0,1,0,1
present,2891,96341779,0x00000000,0,0,0,0x00000000,0x00000000,0,0,1,0,1
present,2892,96370931,0x00000000,0,0,0,0x00000000,0x00000000,0,0,1,0,1
present,2893,96406975,0x00000000,0,0,0,0x00000000,0x00000000,0,0,1,0,1
present,2894,96435752,0x00000000,0,0,0,0x00000000,0x00000000,0,0,1,0,1
present,2895,96469333,0x00000000,0,0,0,0x00000000,0x00000000,0,0,1,0,1
present,2896,96509522,0x00000000,0,0,0,0x00000000,0x00000000,0,0,1,0,1
present,2897,96541888,0x00000000,0,0,0,0x00000000,0x00000000,0,0,1,0,1
present,2898,96575787,0x00000000,0,0,0,0x00000000,0x00000000,0,0,1,0,1
present,2899,96608646,0x00000000,0,0,0,0x00000000,0x00000000,0,0,1,0,1
present,2900,96635949,0x00000000,0,0,0,0x00000000,0x00000000,0,0,1,0,1
present,2901,96668647,0x00000000,0,0,0,0x00000000,0x00000000,0,0,1,0,1
present,2902,96708977,0x00000000,0,0,0,0x00000000,0x00000000,0,0,1,0,1
present,2903,96742198,0x00000000,0,0,0,0x00000000,0x00000000,0,0,1,0,1
present,2904,96775406,0x00000000,0,0,0,0x00000000,0x00000000,0,0,1,0,1
present,2905,96808378,0x00000000,0,0,0,0x00000000,0x00000000,0,0,1,0,1
present,2906,96834000,0x00000000,0,0,0,0x00000000,0x00000000,0,0,1,0,1
present,2907,96870165,0x00000000,0,0,0,0x00000000,0x00000000,0,0,1,0,1
present,2908,96909754,0x00000000,0,0,0,0x00000000,0x00000000,0,0,1,0,1
present,2909,96937860,0x00000000,0,0,0,0x00000000,0x00000000,0,0,1,0,1
present,2910,96976326,0x00000000,0,0,0,0x00000000,0x00000000,0,0,1,0,1
present,2911,97009290,0x00000000,0,0,0,0x00000000,0x00000000,1,0,1,0,1
present,2912,97036451,0x00000000,0,0,0,0x00000000,0x00000000,1,0,1,0,1
present,2913,97073413,0x00000000,0,0,0,0x00000000,0x00000000,1,0,1,0,1
present,2914,97102525,0x00000000,0,0,0,0x00000000,0x00000000,1,0,1,0,1
present,2915,97142204,0x00000000,0,0,0,0x00000000,0x00000000,1,0,1,0,1
present,2916,97173926,0x00000000,0,0,0,0x00000000,0x00000000,1,0,1,0,1
present,2917,97202042,0x00000000,0,0,0,0x00000000,0x00000000,1,0,1,0,1
present,2918,97238215,0x00000000,0,0,0,0x00000000,0x00000000,1,0,1,0,1
present,2919,97275991,0x00000000,0,0,0,0x00000000,0x00000000,1,0,1,0,1
present,2920,97308731,0x00000000,0,0,0,0x00000000,0x00000000,1,0,1,0,1
present,2921,97337109,0x00000000,0,0,0,0x00000000,0x00000000,1,0,1,0,1
present,2922,97376291,0x00000000,0,0,0,0x00000000,0x00000000,1,0,1,0,1
present,2923,97409656,0x00000000,0,0,0,0x00000000,0x00000000,1,0,1,0,1
present,2924,97437558,0x00000000,0,0,0,0x00000000,0x00000000,1,0,1,0,1
present,2925,97474879,0x00000000,0,0,0,0x00000000,0x00000000,1,0,1,0,1
present,2926,97501560,0x00000000,0,0,0,0x00000000,0x00000000,1,0,1,0,1
present,2927,97537424,0x00000000,0,0,0,0x00000000,0x00000000,1,0,1,0,1
present,2928,97568622,0x00000000,0,0,0,0x00000000,0x00000000,1,0,1,0,1
present,2929,97608537,0x00000000,0,0,0,0x00000000,0x00000000,1,0,1,0,1
present,2930,97636036,0x00000000,0,0,0,0x00000000,0x00000000,1,0,1,0,1
present,2931,97674872,0x00000000,0,0,0,0x00000000,0x00000000,1,0,1,0,1
present,2932,97709232,0x00000000,0,0,0,0x00000000,0x00000000,1,0,1,0,1
present,2933,97742450,0x00000000,0,0,0,0x00000000,0x00000000,1,0,1,0,1
present,2934,97775694,0x00000000,0,0,0,0x00000000,0x00000000,1,0,1,0,1
present,2935,97804125,0x00000000,0,0,0,0x00000000,0x00000000,1,0,1,0,1
present,2936,97842845,0x00000000,0,0,0,0x00000000,0x00000000,1,0,1,0,1
present,2937,97875529,0x00000000,0,0,0,0x00000000,0x00000000,1,0,1,0,1
present,2938,97908753,0x00000000,0,0,0,0x00000000,0x00000000,1,0,1,0,1
present,2939,97942775,0x00000000,0,0,0,0x00000000,0x00000000,1,0,1,0,1
present,2940,97973288,0x00000000,0,0,0,0x00000000,0x00000000,1,0,1,0,1
present,2941,98009299,0x00000000,0,0,0,0x00000000,0x00000000,2,0,1,0,1
present,2942,98042450,0x00000000,0,0,0,0x00000000,0x00000000,2,0,1,0,1
present,2943,98067601,0x00000000,0,0,0,0x00000000,0x00000000,2,0,1,0,1
present,2944,98101513,0x00000000,0,0,0,0x00000000,0x00000000,2,0,1,0,1
present,2945,98134172,0x00000000,0,0,0,0x00000000,0x00000000,2,0,1,0,1
present,2946,98176286,0x00000000,0,0,0,0x00000000,0x00000000,2,0,1,0,1
present,2947,98205901,0x00000000,0,0,0,0x00000000,0x00000000,2,0,1,0,1
present,2948,98237515,0x00000000,0,0,0,0x00000000,0x00000000,2,0,1,0,1
present,2949,98270701,0x00000000,0,0,0,0x00000000,0x00000000,2,0,1,0,1
present,2950,98305027,0x00000000,0,0,0,0x00000000,0x00000000,2,0,1,0,1
present,2951,98335731,0x00000000,0,0,0,0x00000000,0x00000000,2,0,1,0,1
present,2952,98373021,0x00000000,0,0,0,0x00000000,0x00000000,2,0,1,0,1
present,2953,98408676,0x00000000,0,0,0,0x00000000,0x00000000,2,0,1,0,1
present,2954,98436400,0x00000000,0,0,0,0x00000000,0x00000000,2,0,1,0,1
present,2955,98467891,0x00000000,0,0,0,0x00000000,0x00000000,2,0,1,0,1
present,2956,98504503,0x00000000,0,0,0,0x00000000,0x00000000,2,0,1,0,1
present,2957,98538457,0x00000000,0,0,0,0x00000000,0x00000000,2,0,1,0,1
present,2958,98570425,0x00000000,0,0,0,0x00000000,0x00000000,2,0,1,0,1
present,2959,98606903,0x00000000,0,0,0,0x00000000,0x00000000,2,0,1,0,1
present,2960,98634152,0x00000000,0,0,0,0x00000000,0x00000000,2,0,1,0,1
present,2961,98675305,0x00000000,0,0,0,0x00000000,0x00000000,2,0,1,0,1
present,2962,98708530,0x00000000,0,0,0,0x00000000,0x00000000,2,0,1,0,1
present,2963,98741857,0x00000000,0,0,0,0x00000000,0x00000000,2,0,1,0,1
present,2964,98774141,0x00000000,0,0,0,0x00000000,0x00000000,2,0,1,0,1
present,2965,98808735,0x00000000,0,0,0,0x00000000,0x00000000,2,0,1,0,1
present,2966,98839299,0x00000000,0,0,0,0x00000000,0x00000000,2,0,1,0,1
present,2967,98876389,0x00000000,0,0,0,0x00000000,0x00000000,2,0,1,0,1
present,2968,98909460,0x00000000,0,0,0,0x00000000,0x00000000,2,0,1,0,1
present,2969,98941899,0x00000000,0,0,0,0x00000000,0x00000000,2,0,1,0,1
present,2970,98968885,0x00000000,0,0,0,0x00000000,0x00000000,2,0,1,0,1
present,2971,99006012,0x00000000,0,0,0,0x00000000,0x00000000,3,0,1,0,1
present,2972,99042088,0x00000000,0,0,0,0x00000000,0x00000000,3,0,1,0,1
present,2973,99071312,0x00000000,0,0,0,0x00000000,0x00000000,3,0,1,0,1
present,2974,99108672,0x00000000,0,0,0,0x00000000,0x00000000,3,0,1,0,1
present,2975,99141847,0x00000000,0,0,0,0x00000000,0x00000000,3,0,1,0,1
present,2976,99175805,0x00000000,0,0,0,0x00000000,0x00000000,3,0,1,0,1
present,2977,99208399,0x00000000,0,0,0,0x00000000,0x00000000,3,0,1,0,1
present,2978,99242251,0x00000000,0,0,0,0x00000000,0x00000000,3,0,1,0,1
present,2979,99275254,0x00000000,0,0,0,0x00000000,0x00000000,3,0,1,0,1
present,2980,99308534,0x00000000,0,0,0,0x00000000,0x00000000,3,0,1,0,1
present,2981,99337746,0x00000000,0,0,0,0x00000000,0x00000000,3,0,1,0,1
present,2982,99371133,0x00000000,0,0,0,0x00000000,0x00000000,3,0,1,0,1
present,2983,99408098,0x00000000,0,0,0,0x00000000,0x00000000,3,0,1,0,1
present,2984,99433964,0x00000000,0,0,0,0x00000000,0x00000000,3,0,1,0,1
present,2985,99475113,0x00000000,0,0,0,0x00000000,0x00000000,3,0,1,0,1
present,2986,99508358,0x00000000,0,0,0,0x00000000,0x00000000,3,0,1,0,1
present,2987,99537377,0x00000000,0,0,0,0x00000000,0x00000000,3,0,1,0,1
present,2988,99569685,0x00000000,0,0,0,0x00000000,0x00000000,3,0,1,0,1
present,2989,99600204,0x00000000,0,0,0,0x00000000,0x00000000,3,0,1,0,1
present,2990,99633511,0x00000000,0,0,0,0x00000000,0x00000000,3,0,1,0,1
present,2991,99668015,0x00000000,0,0,0,0x00000000,0x00000000,3,0,1,0,1
present,2992,99705455,0x00000000,0,0,0,0x00000000,0x00000000,3,0,1,0,1
present,2993,99741685,0x00000000,0,0,0,0x00000000,0x00000000,3,0,1,0,1
present,2994,99768518,0x00000000,0,0,0,0x00000000,0x00000000,3,0,1,0,1
present,2995,99808474,0x00000000,0,0,0,0x00000000,0x00000000,3,0,1,0,1
present,2996,99838017,0x00000000,0,0,0,0x00000000,0x00000000,3,0,1,0,1
present,2997,99875988,0x00000000,0,0,0,0x00000000,0x00000000,3,0,1,0,1
present,2998,99908975,0x00000000,0,0,0,0x00000000,0x00000000,3,0,1,0,1
present,2999,99937059,0x00000000,0,0,0,0x00000000,0x00000000,3,0,1,0,1
present,3000,99975292,0x00000000,0,0,0,0x00000000,0x00000000,3,0,1,0,1
present,3001,100009308,0x00000000,0,0,0,0x00000000,0x00000000,0,0,1,0,1
present,3002,100035766,0x00000000,0,0,0,0x00000000,0x00000000,0,0,1,0,1
present,3003,100067324,0x00000000,0,0,0,0x00000000,0x00000000,0,0,1,0,1
present,3004,100104334,0x00000000,0,0,0,0x00000000,0x00000000,0,0,1,0,1
present,3005,100141959,0x00000000,0,0,0,0x00000000,0x00000000,0,0,1,0,1
present,3006,100169057,0x00000000,0,0,0,0x00000000,0x00000000,0,0,1,0,1
present,3007,100202968,0x00000000,0,0,0,0x00000000,0x00000000,0,0,1,0,1
present,3008,100242610,0x00000000,0,0,0,0x00000000,0x00000000,0,0,1,0,1
present,3009,100275363,0x00000000,0,0,0,0x00000000,0x00000000,0,0,1,0,1
present,3010,100306907,0x00000000,0,0,0,0x00000000,0x00000000,0,0,1,0,1
present,3011,100338377,0x00000000,0,0,0,0x00000000,0x00000000,0,0,1,0,1
present,3012,100367213,0x00000000,0,0,0,0x00000000,0x00000000,0,0,1,0,1
present,3013,100404742,0x00000000,0,0,0,0x00000000,0x00000000,0,0,1,0,1
present,3014,100441965,0x00000000,0,0,0,0x00000000,0x00000000,0,0,1,0,1
present,3015,100475084,0x00000000,0,0,0,0x00000000,0x00000000,0,0,1,0,1
present,3016,100508905,0x00000000,0,0,0,0x00000000,0x00000000,0,0,1,0,1
present,3017,100541777,0x00000000,0,0,0,0x00000000,0x00000000,0,0,1,0,1
present,3018,100575422,0x00000000,0,0,0,0x00000000,0x00000000,0,0,1,0,1
present,3019,100606671,0x00000000,0,0,0,0x00000000,0x00000000,0,0,1,0,1
present,3020,100633937,0x00000000,0,0,0,0x00000000,0x00000000,0,0,1,0,1
present,3021,100666869,0x00000000,0,0,0,0x00000000,0x00000000,0,0,1,0,1
present,3022,100709167,0x00000000,0,0,0,0x00000000,0x00000000,0,0,1,0,1
present,3023,100742411,0x00000000,0,0,0,0x00000000,0x00000000,0,0,1,0,1
present,3024,100775651,0x00000000,0,0,0,0x00000000,0x00000000,0,0,1,0,1
present,3025,100809214,0x00000000,0,0,0,0x00000000,0x00000000,0,0,1,0,1
present,3026,100840516,0x00000000,0,0,0,0x00000000,0x00000000,0,0,1,0,1
present,3027,100872254,0x00000000,0,0,0,0x00000000,0x00000000,0,0,1,0,1
present,3028,100908659,0x00000000,0,0,0,0x00000000,0x00000000,0,0,1,0,1
present,3029,100941752,0x00000000,0,0,0,0x00000000,0x00000000,0,0,1,0,1
present,3030,100969907,0x00000000,0,0,0,0x00000000,0x00000000,0,0,1,0,1
present,3031,101001119,0x00000000,0,0,0,0x00000000,0x00000000,1,0,1,0,1
present,3032,101037355,0x00000000,0,0,0,0x00000000,0x00000000,1,0,1,0,1
present,3033,101075298,0x00000000,0,0,0,0x00000000,0x00000000,1,0,1,0,1
present,3034,101108826,0x00000000,0,0,0,0x00000000,0x00000000,1,0,1,0,1
present,3035,101138942,0x00000000,0,0,0,0x00000000,0x00000000,1,0,1,0,1
present,3036,101175257,0x00000000,0,0,0,0x00000000,0x00000000,1,0,1,0,1
present,3037,101208465,0x00000000,0,0,0,0x00000000,0x00000000,1,0,1,0,1
present,3038,101235116,0x00000000,0,0,0,0x00000000,0x00000000,1,0,1,0,1
present,3039,101267270,0x00000000,0,0,0,0x00000000,0x00000000,1,0,1,0,1
present,3040,101303972,0x00000000,0,0,0,0x00000000,0x00000000,1,0,1,0,1
present,3041,101342899,0x00000000,0,0,0,0x00000000,0x00000000,1,0,1,0,1
present,3042,101375853,0x00000000,0,0,0,0x00000000,0x00000000,1,0,1,0,1
present,3043,101408740,0x00000000,0,0,0,0x00000000,0x00000000,1,0,1,0,1
present,3044,101440374,0x00000000,0,0,0,0x00000000,0x00000000,1,0,1,0,1
present,3045,101469870,0x00000000,0,0,0,0x00000000,0x00000000,1,0,1,0,1
present,3046,101500858,0x00000000,0,0,0,0x00000000,0x00000000,1,0,1,0,1
present,3047,101541937,0x00000000,0,0,0,0x00000000,0x00000000,1,0,1,0,1
present,3048,101571147,0x00000000,0,0,0,0x00000000,0x00000000,1,0,1,0,1
present,3049,101608480,0x00000000,0,0,0,0x00000000,0x00000000,1,0,1,0,1
present,3050,101640249,0x00000000,0,0,0,0x00000000,0x00000000,1,0,1,0,1
present,3051,101666821,0x00000000,0,0,0,0x00000000,0x00000000,1,0,1,0,1
present,3052,101709161,0x00000000,0,0,0,0x00000000,0x00000000,1,0,1,0,1
present,3053,101742411,0x00000000,0,0,0,0x00000000,0x00000000,1,0,1,0,1
present,3054,101775825,0x00000000,0,0,0,0x00000000,0x00000000,1,0,1,0,1
present,3055,101809309,0x00000000,0,0,0,0x00000000,0x00000000,1,0,1,0,1
present,3056,101836042,0x00000000,0,0,0,0x00000000,0x00000000,1,0,1,0,1
present,3057,101875329,0x00000000,0,0,0,0x00000000,0x00000000,1,0,1,0,1
present,3058,101907066,0x00000000,0,0,0,0x00000000,0x00000000,1,0,1,0,1
present,3059,101938003,0x00000000,0,0,0,0x00000000,0x00000000,1,0,1,0,1
present,3060,101975300,0x00000000,0,0,0,0x00000000,0x00000000,1,0,1,0,1
present,3061,102009347,0x00000000,0,0,0,0x00000000,0x00000000,2,0,1,0,1
present,3062,102035814,0x00000000,0,0,0,0x00000000,0x00000000,2,0,1,0,1
present,3063,102075185,0x00000000,0,0,0,0x00000000,0x00000000,2,0,1,0,1
present,3064,102103201,0x00000000,0,0,0,0x00000000,0x00000000,2,0,1,0,1
present,3065,102137327,0x00000000,0,0,0,0x00000000,0x00000000,2,0,1,0,1
present,3066,102173618,0x00000000,0,0,0,0x00000000,0x00000000,2,0,1,0,1
present,3067,102205579,0x00000000,0,0,0,0x00000000,0x00000000,2,0,1,0,1
present,3068,102233954,0x00000000,0,0,0,0x00000000,0x00000000,2,0,1,0,1
present,3069,102276029,0x00000000,0,0,0,0x00000000,0x00000000,2,0,1,0,1
present,3070,102301609,0x00000000,0,0,0,0x00000000,0x00000000,2,0,1,0,1
present,3071,102335910,0x00000000,0,0,0,0x00000000,0x00000000,2,0,1,0,1
present,3072,102375183,0x00000000,0,0,0,0x00000000,0x00000000,2,0,1,0,1
present,3073,102408156,0x00000000,0,0,0,0x00000000,0x00000000,2,0,1,0,1
present,3074,102438555,0x00000000,0,0,0,0x00000000,0x00000000,2,0,1,0,1
present,3075,102473570,0x00000000,0,0,0,0x00000000,0x00000000,2,0,1,0,1
present,3076,102507734,0x00000000,0,0,0,0x00000000,0x00000000,2,0,1,0,1
present,3077,102541836,0x00000000,0,0,0,0x00000000,0x00000000,2,0,1,0,1
present,3078,102576111,0x00000000,0,0,0,0x00000000,0x00000000,2,0,1,0,1
present,3079,102608500,0x00000000,0,0,0,0x00000000,0x00000000,2,0,1,0,1
present,3080,102636064,0x00000000,0,0,0,0x00000000,0x00000000,2,0,1,0,1
present,3081,102666853,0x00000000,0,0,0,0x00000000,0x00000000,2,0,1,0,1
present,3082,102702786,0x00000000,0,0,0,0x00000000,0x00000000,2,0,1,0,1
present,3083,102742078,0x00000000,0,0,0,0x00000000,0x00000000,2,0,1,0,1
present,3084,102775364,0x00000000,0,0,0,0x00000000,0x00000000,2,0,1,0,1
present,3085,102808648,0x00000000,0,0,0,0x00000000,0x00000000,2,0,1,0,1
present,3086,102842217,0x00000000,0,0,0,0x00000000,0x00000000,2,0,1,0,1
present,3087,102868435,0x00000000,0,0,0,0x00000000,0x00000000,2,0,1,0,1
present,3088,102909236,0x00000000,0,0,0,0x00000000,0x00000000,2,0,1,0,1
present,3089,102936681,0x00000000,0,0,0,0x00000000,0x00000000,2,0,1,0,1
present,3090,102975121,0x00000000,0,0,0,0x00000000,0x00000000,2,0,1,0,1
present,3091,103008856,0x00000000,0,0,0,0x00000000,0x00000000,3,0,1,0,1
present,3092,103035555,0x00000000,0,0,0,0x00000000,0x00000000,3,0,1,0,1
present,3093,103072603,0x00000000,0,0,0,0x00000000,0x00000000,3,0,1,0,1
present,3094,103109434,0x00000000,0,0,0,0x00000000,0x00000000,3,0,1,0,1
present,3095,103134274,0x00000000,0,0,0,0x00000000,0x00000000,3,0,1,0,1
present,3096,103175141,0x00000000,0,0,0,0x00000000,0x00000000,3,0,1,0,1
present,3097,103205760,0x00000000,0,0,0,0x00000000,0x00000000,3,0,1,0,1
present,3098,103240363,0x00000000,0,0,0,0x00000000,0x00000000,3,0,1,0,1
present,3099,103276094,0x00000000,0,0,0,0x00000000,0x00000000,3,0,1,0,1
present,3100,103308793,0x00000000,0,0,0,0x00000000,0x00000000,3,0,1,0,1
present,3101,103341928,0x00000000,0,0,0,0x00000000,0x00000000,3,0,1,0,1
present,3102,103375789,0x00000000,0,0,0,0x00000000,0x00000000,3,0,1,0,1
present,3103,103400121,0x00000000,0,0,0,0x00000000,0x00000000,3,0,1,0,1
present,3104,103434868,0x00000000,0,0,0,0x00000000,0x00000000,3,0,1,0,1
present,3105,103475210,0x00000000,0,0,0,0x00000000,0x00000000,3,0,1,0,1
present,3106,103505145,0x00000000,0,0,0,0x00000000,0x00000000,3,0,1,0,1
present,3107,103541880,0x00000000,0,0,0,0x00000000,0x00000000,3,0,1,0,1
present,3108,103575080,0x00000000,0,0,0,0x00000000,0x00000000,3,0,1,0,1
present,3109,103601142,0x00000000,0,0,0,0x00000000,0x00000000,3,0,1,0,1
present,3110,103634508,0x00000000,0,0,0,0x00000000,0x00000000,3,0,1,0,1
present,3111,103675890,0x00000000,0,0,0,0x00000000,0x00000000,3,0,1,0,1
present,3112,103700187,0x00000000,0,0,0,0x00000000,0x00000000,3,0,1,0,1
present,3113,103742408,0x00000000,0,0,0,0x00000000,0x00000000,3,0,1,0,1
present,3114,103775624,0x00000000,0,0,0,0x00000000,0x00000000,3,0,1,0,1
present,3115,103808427,0x00000000,0,0,0,0x00000000,0x00000000,3,0,1,0,1
present,3116,103842940,0x00000000,0,0,0,0x00000000,0x00000000,3,0,1,0,1
present,3117,103870674,0x00000000,0,0,0,0x00000000,0x00000000,3,0,1,0,1
present,3118,103909709,0x00000000,0,0,0,0x00000000,0x00000000,3,0,1,0,1
present,3119,103936025,0x00000000,0,0,0,0x00000000,0x00000000,3,0,1,0,1
present,3120,103970835,0x00000000,0,0,0,0x00000000,0x00000000,3,0,1,0,1
present,3121,104008405,0x00000000,0,0,0,0x00000000,0x00000000,0,0,1,0,1
present,3122,104035111,0x00000000,0,0,0,0x00000000,0x00000000,0,0,1,0,1
present,3123,104067388,0x00000000,0,0,0,0x00000000,0x00000000,0,0,1,0,1
present,3124,104109656,0x00000000,0,0,0,0x00000000,0x00000000,0,0,1,0,1
present,3125,104139667,0x00000000,0,0,0,0x00000000,0x00000000,0,0,1,0,1
present,3126,104168079,0x00000000,0,0,0,0x00000000,0x00000000,0,0,1,0,1
present,3127,104206095,0x00000000,0,0,0,0x00000000,0x00000000,0,0,1,0,1
present,3128,104241910,0x00000000,0,0,0,0x00000000,0x00000000,0,0,1,0,1
present,3129,104274857,0x00000000,0,0,0,0x00000000,0x00000000,0,0,1,0,1
present,3130,104308655,0x00000000,0,0,0,0x00000000,0x00000000,0,0,1,0,1
present,3131,104334830,0x00000000,0,0,0,0x00000000,0x00000000,0,0,1,0,1
present,3132,104367315,0x00000000,0,0,0,0x00000000,0x00000000,0,0,1,0,1
present,3133,104403034,0x00000000,0,0,0,0x00000000,0x00000000,0,0,1,0,1
present,3134,104437746,0x00000000,0,0,0,0x00000000,0x00000000,0,0,1,0,1
present,3135,104475394,0x00000000,0,0,0,0x00000000,0x00000000,0,0,1,0,1
present,3136,104504091,0x00000000,0,0,0,0x00000000,0x00000000,0,0,1,0,1
present,3137,104542130,0x00000000,0,0,0,0x00000000,0x00000000,0,0,1,0,1
present,3138,104573189,0x00000000,0,0,0,0x00000000,0x00000000,0,0,1,0,1
present,3139,104600750,0x00000000,0,0,0,0x00000000,0x00000000,0,0,1,0,1
present,3140,104635942,0x00000000,0,0,0,0x00000000,0x00000000,0,0,1,0,1
present,3141,104675755,0x00000000,0,0,0,0x00000000,0x00000000,0,0,1,0,1
present,3142,104709060,0x00000000,0,0,0,0x00000000,0x00000000,0,0,1,0,1
present,3143,104742259,0x00000000,0,0,0,0x00000000,0x00000000,0,0,1,0,1
present,3144,104775532,0x00000000,0,0,0,0x00000000,0x00000000,0,0,1,0,1
present,3145,104809174,0x00000000,0,0,0,0x00000000,0x00000000,0,0,1,0,1
present,3146,104841315,0x00000000,0,0,0,0x00000000,0x00000000,0,0,1,0,1
present,3147,104876180,0x00000000,0,0,0,0x00000000,0x00000000,0,0,1,0,1
present,3148,104902330,0x00000000,0,0,0,0x00000000,0x00000000,0,0,1,0,1
present,3149,104941815,0x00000000,0,0,0,0x00000000,0x00000000,0,0,1,0,1
present,3150,104971444,0x00000000,0,0,0,0x00000000,0x00000000,0,0,1,0,1
present,3151,105008516,0x00000000,0,0,0,0x00000000,0x00000000,1,0,1,0,1
present,3152,105042580,0x00000000,0,0,0,0x00000000,0x00000000,1,0,1,0,1
present,3153,105069259,0x00000000,0,0,0,0x00000000,0x00000000,1,0,1,0,1
present,3154,105109651,0x00000000,0,0,0,0x00000000,0x00000000,1,0,1,0,1
present,3155,105138886,0x00000000,0,0,0,0x00000000,0x00000000,1,0,1,0,1
present,3156,105167561,0x00000000,0,0,0,0x00000000,0x00000000,1,0,1,0,1
present,3157,105208598,0x00000000,0,0,0,0x00000000,0x00000000,1,0,1,0,1
present,3158,105237876,0x00000000,0,0,0,0x00000000,0x00000000,1,0,1,0,1
present,3159,105270597,0x00000000,0,0,0,0x00000000,0x00000000,1,0,1,0,1
present,3160,105308815,0x00000000,0,0,0,0x00000000,0x00000000,1,0,1,0,1
present,3161,105340269,0x00000000,0,0,0,0x00000000,0x00000000,1,0,1,0,1
present,3162,105367299,0x00000000,0,0,0,0x00000000,0x00000000,1,0,1,0,1
present,3163,105400651,0x00000000,0,0,0,0x00000000,0x00000000,1,0,1,0,1
present,3164,105438415,0x00000000,0,0,0,0x00000000,0x00000000,1,0,1,0,1
present,3165,105475109,0x00000000,0,0,0,0x00000000,0x00000000,1,0,1,0,1
present,3166,105503898,0x00000000,0,0,0,0x00000000,0x00000000,1,0,1,0,1
present,3167,105538413,0x00000000,0,0,0,0x00000000,0x00000000,1,0,1,0,1
present,3168,105575245,0x00000000,0,0,0,0x00000000,0x00000000,1,0,1,0,1
present,3169,105605818,0x00000000,0,0,0,0x00000000,0x00000000,1,0,1,0,1
present,3170,105635844,0x00000000,0,0,0,0x00000000,0x00000000,1,0,1,0,1
present,3171,105666943,0x00000000,0,0,0,0x00000000,0x00000000,1,0,1,0,1
present,3172,105704169,0x00000000,0,0,0,0x00000000,0x00000000,1,0,1,0,1
present,3173,105742399,0x00000000,0,0,0,0x00000000,0x00000000,1,0,1,0,1
present,3174,105775629,0x00000000,0,0,0,0x00000000,0x00000000,1,0,1,0,1
present,3175,105809248,0x00000000,0,0,0,0x00000000,0x00000000,1,0,1,0,1
present,3176,105836959,0x00000000,0,0,0,0x00000000,0x00000000,1,0,1,0,1
present,3177,105875557,0x00000000,0,0,0,0x00000000,0x00000000,1,0,1,0,1
present,3178,105904295,0x00000000,0,0,0,0x00000000,0x00000000,1,0,1,0,1
present,3179,105939110,0x00000000,0,0,0,0x00000000,0x00000000,1,0,1,0,1
present,3180,105971435,0x00000000,0,0,0,0x00000000,0x00000000,1,0,1,0,1
present,3181,106008630,0x00000000,0,0,0,0x00000000,0x00000000,2,0,1,0,1
present,3182,106038558,0x00000000,0,0,0,0x00000000,0x00000000,2,0,1,0,1
present,3183,106072207,0x00000000,0,0,0,0x00000000,0x00000000,2,0,1,0,1
present,3184,106100540,0x00000000,0,0,0,0x00000000,0x00000000,2,0,1,0,1
present,3185,106141622,0x00000000,0,0,0,0x00000000,0x00000000,2,0,1,0,1
present,3186,106173934,0x00000000,0,0,0,0x00000000,0x00000000,2,0,1,0,1
present,3187,106206730,0x00000000,0,0,0,0x00000000,0x00000000,2,0,1,0,1
present,3188,106237276,0x00000000,0,0,0,0x00000000,0x00000000,2,0,1,0,1
present,3189,106275234,0x00000000,0,0,0,0x00000000,0x00000000,2,0,1,0,1
present,3190,106308526,0x00000000,0,0,0,0x00000000,0x00000000,2,0,1,0,1
present,3191,106341837,0x00000000,0,0,0,0x00000000,0x00000000,2,0,1,0,1
present,3192,106374069,0x00000000,0,0,0,0x00000000,0x00000000,2,0,1,0,1
present,3193,106409189,0x00000000,0,0,0,0x00000000,0x00000000,2,0,1,0,1
present,3194,106442060,0x00000000,0,0,0,0x00000000,0x00000000,2,0,1,0,1
present,3195,106475129,0x00000000,0,0,0,0x00000000,0x00000000,2,0,1,0,1
present,3196,106504273,0x00000000,0,0,0,0x00000000,0x00000000,2,0,1,0,1
present,3197,106537969,0x00000000,0,0,0,0x00000000,0x00000000,2,0,1,0,1
present,3198,106571315,0x00000000,0,0,0,0x00000000,0x00000000,2,0,1,0,1
present,3199,106609598,0x00000000,0,0,0,0x00000000,0x00000000,2,0,1,0,1
present,3200,106641796,0x00000000,0,0,0,0x00000000,0x00000000,2,0,1,0,1
present,3201,106675155,0x00000000,0,0,0,0x00000000,0x00000000,2,0,1,0,1
present,3202,106708488,0x00000000,0,0,0,0x00000000,0x00000000,2,0,1,0,1
present,3203,106741770,0x00000000,0,0,0,0x00000000,0x00000000,2,0,1,0,1
present,3204,106775031,0x00000000,0,0,0,0x00000000,0x00000000,2,0,1,0,1
present,3205,106808308,0x00000000,0,0,0,0x00000000,0x00000000,2,0,1,0,1
present,3206,106842657,0x00000000,0,0,0,0x00000000,0x00000000,2,0,1,0,1
present,3207,106867725,0x00000000,0,0,0,0x00000000,0x00000000,2,0,1,0,1
present,3208,106905228,0x00000000,0,0,0,0x00000000,0x00000000,2,0,1,0,1
present,3209,106937778,0x00000000,0,0,0,0x00000000,0x00000000,2,0,1,0,1
present,3210,106969617,0x00000000,0,0,0,0x00000000,0x00000000,2,0,1,0,1
present,3211,107008638,0x00000000,0,0,0,0x00000000,0x00000000,3,0,1,0,1
present,3212,107034544,0x00000000,0,0,0,0x00000000,0x00000000,3,0,1,0,1
present,3213,107073127,0x00000000,0,0,0,0x00000000,0x00000000,3,0,1,0,1
present,3214,107106746,0x00000000,0,0,0,0x00000000,0x00000000,3,0,1,0,1
present,3215,107135442,0x00000000,0,0,0,0x00000000,0x00000000,3,0,1,0,1
present,3216,107176619,0x00000000,0,0,0,0x00000000,0x00000000,3,0,1,0,1
present,3217,107209050,0x00000000,0,0,0,0x00000000,0x00000000,3,0,1,0,1
present,3218,107240200,0x00000000,0,0,0,0x00000000,0x00000000,3,0,1,0,1
present,3219,107272183,0x00000000,0,0,0,0x00000000,0x00000000,3,0,1,0,1
present,3220,107300800,0x00000000,0,0,0,0x00000000,0x00000000,3,0,1,0,1
present,3221,107340696,0x00000000,0,0,0,0x00000000,0x00000000,3,0,1,0,1
present,3222,107372236,0x00000000,0,0,0,0x00000000,0x00000000,3,0,1,0,1
present,3223,107409196,0x00000000,0,0,0,0x00000000,0x00000000,3,0,1,0,1
present,3224,107435463,0x00000000,0,0,0,0x00000000,0x00000000,3,0,1,0,1
present,3225,107470495,0x00000000,0,0,0,0x00000000,0x00000000,3,0,1,0,1
present,3226,107508533,0x00000000,0,0,0,0x00000000,0x00000000,3,0,1,0,1
present,3227,107541782,0x00000000,0,0,0,0x00000000,0x00000000,3,0,1,0,1
present,3228,107575156,0x00000000,0,0,0,0x00000000,0x00000000,3,0,1,0,1
present,3229,107601987,0x00000000,0,0,0,0x00000000,0x00000000,3,0,1,0,1
present,3230,107640750,0x00000000,0,0,0,0x00000000,0x00000000,3,0,1,0,1
present,3231,107675050,0x00000000,0,0,0,0x00000000,0x00000000,3,0,1,0,1
present,3232,107708226,0x00000000,0,0,0,0x00000000,0x00000000,3,0,1,0,1
present,3233,107741539,0x00000000,0,0,0,0x00000000,0x00000000,3,0,1,0,1
present,3234,107775922,0x00000000,0,0,0,0x00000000,0x00000000,3,0,1,0,1
present,3235,107809084,0x00000000,0,0,0,0x00000000,0x00000000,3,0,1,0,1
present,3236,107837415,0x00000000,0,0,0,0x00000000,0x00000000,3,0,1,0,1
present,3237,107869928,0x00000000,0,0,0,0x00000000,0x00000000,3,0,1,0,1
present,3238,107908606,0x00000000,0,0,0,0x00000000,0x00000000,3,0,1,0,1
present,3239,107941037,0x00000000,0,0,0,0x00000000,0x00000000,3,0,1,0,1
present,3240,107969868,0x00000000,0,0,0,0x00000000,0x00000000,3,0,1,0,1
present,3241,108009010,0x00000000,0,0,0,0x00000000,0x00000000,0,0,1,0,1
present,3242,108040247,0x00000000,0,0,0,0x00000000,0x00000000,0,0,1,0,1
present,3243,108071611,0x00000000,0,0,0,0x00000000,0x00000000,0,0,1,0,1
present,3244,108108736,0x00000000,0,0,0,0x00000000,0x00000000,0,0,1,0,1
present,3245,108142683,0x00000000,0,0,0,0x00000000,0x00000000,0,0,1,0,1
present,3246,108175653,0x00000000,0,0,0,0x00000000,0x00000000,0,0,1,0,1
present,3247,108202811,0x00000000,0,0,0,0x00000000,0x00000000,0,0,1,0,1
present,3248,108241861,0x00000000,0,0,0,0x00000000,0x00000000,0,0,1,0,1
present,3249,108274794,0x00000000,0,0,0,0x00000000,0x00000000,0,0,1,0,1
present,3250,108302291,0x00000000,0,0,0,0x00000000,0x00000000,0,0,1,0,1
present,3251,108333974,0x00000000,0,0,0,0x00000000,0x00000000,0,0,1,0,1
present,3252,108375577,0x00000000,0,0,0,0x00000000,0x00000000,0,0,1,0,1
present,3253,108408435,0x00000000,0,0,0,0x00000000,0x00000000,0,0,1,0,1
present,3254,108434106,0x00000000,0,0,0,0x00000000,0x00000000,0,0,1,0,1
present,3255,108475491,0x00000000,0,0,0,0x00000000,0x00000000,0,0,1,0,1
present,3256,108503761,0x00000000,0,0,0,0x00000000,0x00000000,0,0,1,0,1
present,3257,108541915,0x00000000,0,0,0,0x00000000,0x00000000,0,0,1,0,1
present,3258,108573522,0x00000000,0,0,0,0x00000000,0x00000000,0,0,1,0,1
present,3259,108605187,0x00000000,0,0,0,0x00000000,0x00000000,0,0,1,0,1
present,3260,108635976,0x00000000,0,0,0,0x00000000,0x00000000,0,0,1,0,1
present,3261,108674767,0x00000000,0,0,0,0x00000000,0x00000000,0,0,1,0,1
present,3262,108709004,0x00000000,0,0,0,0x00000000,0x00000000,0,0,1,0,1
present,3263,108742265,0x00000000,0,0,0,0x00000000,0x00000000,0,0,1,0,1
present,3264,108774655,0x00000000,0,0,0,0x00000000,0x00000000,0,0,1,0,1
present,3265,108809230,0x00000000,0,0,0,0x00000000,0x00000000,0,0,1,0,1
present,3266,108834420,0x00000000,0,0,0,0x00000000,0x00000000,0,0,1,0,1
present,3267,108875562,0x00000000,0,0,0,0x00000000,0x00000000,0,0,1,0,1
present,3268,108904585,0x00000000,0,0,0,0x00000000,0x00000000,0,0,1,0,1
present,3269,108938234,0x00000000,0,0,0,0x00000000,0x00000000,0,0,1,0,1
present,3270,108973223,0x00000000,0,0,0,0x00000000,0x00000000,0,0,1,0,1
present,3271,109008541,0x00000000,0,0,0,0x00000000,0x00000000,1,0,1,0,1
present,3272,109042906,0x00000000,0,0,0,0x00000000,0x00000000,1,0,1,0,1
present,3273,109074915,0x00000000,0,0,0,0x00000000,0x00000000,1,0,1,0,1
present,3274,109100563,0x00000000,0,0,0,0x00000000,0x00000000,1,0,1,0,1
present,3275,109138492,0x00000000,0,0,0,0x00000000,0x00000000,1,0,1,0,1
present,3276,109167390,0x00000000,0,0,0,0x00000000,0x00000000,1,0,1,0,1
present,3277,109208025,0x00000000,0,0,0,0x00000000,0x00000000,1,0,1,0,1
present,3278,109241837,0x00000000,0,0,0,0x00000000,0x00000000,1,0,1,0,1
present,3279,109276170,0x00000000,0,0,0,0x00000000,0x00000000,1,0,1,0,1
present,3280,109301707,0x00000000,0,0,0,0x00000000,0x00000000,1,0,1,0,1
present,3281,109341877,0x00000000,0,0,0,0x00000000,0x00000000,1,0,1,0,1
present,3282,109370970,0x00000000,0,0,0,0x00000000,0x00000000,1,0,1,0,1
present,3283,109408503,0x00000000,0,0,0,0x00000000,0x00000000,1,0,1,0,1
present,3284,109440128,0x00000000,0,0,0,0x00000000,0x00000000,1,0,1,0,1
present,3285,109475410,0x00000000,0,0,0,0x00000000,0x00000000,1,0,1,0,1
present,3286,109508465,0x00000000,0,0,0,0x00000000,0x00000000,1,0,1,0,1
present,3287,109537704,0x00000000,0,0,0,0x00000000,0x00000000,1,0,1,0,1
present,3288,109575892,0x00000000,0,0,0,0x00000000,0x00000000,1,0,1,0,1
present,3289,109608389,0x00000000,0,0,0,0x00000000,0x00000000,1,0,1,0,1
present,3290,109641787,0x00000000,0,0,0,0x00000000,0x00000000,1,0,1,0,1
present,3291,109675293,0x00000000,0,0,0,0x00000000,0x00000000,1,0,1,0,1
present,3292,109708588,0x00000000,0,0,0,0x00000000,0x00000000,1,0,1,0,1
present,3293,109741828,0x00000000,0,0,0,0x00000000,0x00000000,1,0,1,0,1
present,3294,109775063,0x00000000,0,0,0,0x00000000,0x00000000,1,0,1,0,1
present,3295,109808562,0x00000000,0,0,0,0x00000000,0x00000000,1,0,1,0,1
present,3296,109841778,0x00000000,0,0,0,0x00000000,0x00000000,1,0,1,0,1
present,3297,109875063,0x00000000,0,0,0,0x00000000,0x00000000,1,0,1,0,1
present,3298,109909112,0x00000000,0,0,0,0x00000000,0x00000000,1,0,1,0,1
present,3299,109941919,0x00000000,0,0,0,0x00000000,0x00000000,1,0,1,0,1
present,3300,109970343,0x00000000,0,0,0,0x00000000,0x00000000,1,0,1,0,1
present,3301,110007762,0x00000000,0,0,0,0x00000000,0x00000000,2,0,1,0,1
present,3302,110037567,0x00000000,0,0,0,0x00000000,0x00000000,2,0,1,0,1
present,3303,110067374,0x00000000,0,0,0,0x00000000,0x00000000,2,0,1,0,1
present,3304,110109013,0x00000000,0,0,0,0x00000000,0x00000000,2,0,1,0,1
present,3305,110141692,0x00000000,0,0,0,0x00000000,0x00000000,2,0,1,0,1
present,3306,110175684,0x00000000,0,0,0,0x00000000,0x00000000,2,0,1,0,1
present,3307,110208617,0x00000000,0,0,0,0x00000000,0x00000000,2,0,1,0,1
present,3308,110239864,0x00000000,0,0,0,0x00000000,0x00000000,2,0,1,0,1
present,3309,110275915,0x00000000,0,0,0,0x00000000,0x00000000,2,0,1,0,1
present,3310,110308946,0x00000000,0,0,0,0x00000000,0x00000000,2,0,1,0,1
present,3311,110342126,0x00000000,0,0,0,0x00000000,0x00000000,2,0,1,0,1
present,3312,110369846,0x00000000,0,0,0,0x00000000,0x00000000,2,0,1,0,1
present,3313,110408936,0x00000000,0,0,0,0x00000000,0x00000000,2,0,1,0,1
present,3314,110440172,0x00000000,0,0,0,0x00000000,0x00000000,2,0,1,0,1
present,3315,110475481,0x00000000,0,0,0,0x00000000,0x00000000,2,0,1,0,1
present,3316,110508828,0x00000000,0,0,0,0x00000000,0x00000000,2,0,1,0,1
present,3317,110541548,0x00000000,0,0,0,0x00000000,0x00000000,2,0,1,0,1
present,3318,110575586,0x00000000,0,0,0,0x00000000,0x00000000,2,0,1,0,1
present,3319,110609070,0x00000000,0,0,0,0x00000000,0x00000000,2,0,1,0,1
present,3320,110641765,0x00000000,0,0,0,0x00000000,0x00000000,2,0,1,0,1
present,3321,110672399,0x00000000,0,0,0,0x00000000,0x00000000,2,0,1,0,1
present,3322,110700154,0x00000000,0,0,0,0x00000000,0x00000000,2,0,1,0,1
present,3323,110742447,0x00000000,0,0,0,0x00000000,0x00000000,2,0,1,0,1
present,3324,110775723,0x00000000,0,0,0,0x00000000,0x00000000,2,0,1,0,1
present,3325,110806178,0x00000000,0,0,0,0x00000000,0x00000000,2,0,1,0,1
present,3326,110842743,0x00000000,0,0,0,0x00000000,0x00000000,2,0,1,0,1
present,3327,110869691,0x00000000,0,0,0,0x00000000,0x00000000,2,0,1,0,1
present,3328,110908686,0x00000000,0,0,0,0x00000000,0x00000000,2,0,1,0,1
present,3329,110941859,0x00000000,0,0,0,0x00000000,0x00000000,2,0,1,0,1
present,3330,110969266,0x00000000,0,0,0,0x00000000,0x00000000,2,0,1,0,1
present,3331,111009525,0x00000000,0,0,0,0x00000000,0x00000000,3,0,1,0,1
present,3332,111040927,0x00000000,0,0,0,0x00000000,0x00000000,3,0,1,0,1
present,3333,111068031,0x00000000,0,0,0,0x00000000,0x00000000,3,0,1,0,1
present,3334,111104349,0x00000000,0,0,0,0x00000000,0x00000000,3,0,1,0,1
present,3335,111133950,0x00000000,0,0,0,0x00000000,0x00000000,3,0,1,0,1
present,3336,111175196,0x00000000,0,0,0,0x00000000,0x00000000,3,0,1,0,1
present,3337,111200984,0x00000000,0,0,0,0x00000000,0x00000000,3,0,1,0,1
present,3338,111240359,0x00000000,0,0,0,0x00000000,0x00000000,3,0,1,0,1
present,3339,111275693,0x00000000,0,0,0,0x00000000,0x00000000,3,0,1,0,1
present,3340,111304355,0x00000000,0,0,0,0x00000000,0x00000000,3,0,1,0,1
present,3341,111342312,0x00000000,0,0,0,0x00000000,0x00000000,3,0,1,0,1
present,3342,111375127,0x00000000,0,0,0,0x00000000,0x00000000,3,0,1,0,1
present,3343,111404281,0x00000000,0,0,0,0x00000000,0x00000000,3,0,1,0,1
present,3344,111442041,0x00000000,0,0,0,0x00000000,0x00000000,3,0,1,0,1
present,3345,111467280,0x00000000,0,0,0,0x00000000,0x00000000,3,0,1,0,1
present,3346,111501808,0x00000000,0,0,0,0x00000000,0x00000000,3,0,1,0,1
present,3347,111540305,0x00000000,0,0,0,0x00000000,0x00000000,3,0,1,0,1
present,3348,111567591,0x00000000,0,0,0,0x00000000,0x00000000,3,0,1,0,1
present,3349,111606827,0x00000000,0,0,0,0x00000000,0x00000000,3,0,1,0,1
present,3350,111635671,0x00000000,0,0,0,0x00000000,0x00000000,3,0,1,0,1
present,3351,111675007,0x00000000,0,0,0,0x00000000,0x00000000,3,0,1,0,1
present,3352,111708259,0x00000000,0,0,0,0x00000000,0x00000000,3,0,1,0,1
present,3353,111742522,0x00000000,0,0,0,0x00000000,0x00000000,3,0,1,0,1
present,3354,111774677,0x00000000,0,0,0,0x00000000,0x00000000,3,0,1,0,1
present,3355,111808981,0x00000000,0,0,0,0x00000000,0x00000000,3,0,1,0,1
present,3356,111842700,0x00000000,0,0,0,0x00000000,0x00000000,3,0,1,0,1
present,3357,111870792,0x00000000,0,0,0,0x00000000,0x00000000,3,0,1,0,1
present,3358,111908863,0x00000000,0,0,0,0x00000000,0x00000000,3,0,1,0,1
present,3359,111942456,0x00000000,0,0,0,0x00000000,0x00000000,3,0,1,0,1
present,3360,111975177,0x00000000,0,0,0,0x00000000,0x00000000,3,0,1,0,1
present,3361,112008473,0x00000000,0,0,0,0x00000000,0x00000000,0,0,1,0,1
present,3362,112036519,0x00000000,0,0,0,0x00000000,0x00000000,0,0,1,0,1
present,3363,112072395,0x00000000,0,0,0,0x00000000,0x00000000,0,0,1,0,1
present,3364,112109187,0x00000000,0,0,0,0x00000000,0x00000000,0,0,1,0,1
present,3365,112138073,0x00000000,0,0,0,0x00000000,0x00000000,0,0,1,0,1
present,3366,112168768,0x00000000,0,0,0,0x00000000,0x00000000,0,0,1,0,1
present,3367,112208526,0x00000000,0,0,0,0x00000000,0x00000000,0,0,1,0,1
present,3368,112238011,0x00000000,0,0,0,0x00000000,0x00000000,0,0,1,0,1
present,3369,112270391,0x00000000,0,0,0,0x00000000,0x00000000,0,0,1,0,1
present,3370,112307036,0x00000000,0,0,0,0x00000000,0x00000000,0,0,1,0,1
present,3371,112336231,0x00000000,0,0,0,0x00000000,0x00000000,0,0,1,0,1
present,3372,112375191,0x00000000,0,0,0,0x00000000,0x00000000,0,0,1,0,1
present,3373,112401598,0x00000000,0,0,0,0x00000000,0x00000000,0,0,1,0,1
present,3374,112433887,0x00000000,0,0,0,0x00000000,0x00000000,0,0,1,0,1
present,3375,112475356,0x00000000,0,0,0,0x00000000,0x00000000,0,0,1,0,1
present,3376,112509503,0x00000000,0,0,0,0x00000000,0x00000000,0,0,1,0,1
present,3377,112542222,0x00000000,0,0,0,0x00000000,0x00000000,0,0,1,0,1
present,3378,112573596,0x00000000,0,0,0,0x00000000,0x00000000,0,0,1,0,1
present,3379,112605861,0x00000000,0,0,0,0x00000000,0x00000000,0,0,1,0,1
present,3380,112642030,0x00000000,0,0,0,0x00000000,0x00000000,0,0,1,0,1
present,3381,112673347,0x00000000,0,0,0,0x00000000,0x00000000,0,0,1,0,1
present,3382,112708598,0x00000000,0,0,0,0x00000000,0x00000000,0,0,1,0,1
present,3383,112733564,0x00000000,0,0,0,0x00000000,0x00000000,0,0,1,0,1
present,3384,112775796,0x00000000,0,0,0,0x00000000,0x00000000,0,0,1,0,1
present,3385,112809338,0x00000000,0,0,0,0x00000000,0x00000000,0,0,1,0,1
present,3386,112842219,0x00000000,0,0,0,0x00000000,0x00000000,0,0,1,0,1
present,3387,112875683,0x00000000,0,0,0,0x00000000,0x00000000,0,0,1,0,1
present,3388,112909255,0x00000000,0,0,0,0x00000000,0x00000000,0,0,1,0,1
present,3389,112941792,0x00000000,0,0,0,0x00000000,0x00000000,0,0,1,0,1
present,3390,112975904,0x00000000,0,0,0,0x00000000,0x00000000,0,0,1,0,1
present,3391,113008498,0x00000000,0,0,0,0x00000000,0x00000000,1,0,1,0,1
present,3392,113041777,0x00000000,0,0,0,0x00000000,0x00000000,1,0,1,0,1
present,3393,113071421,0x00000000,0,0,0,0x00000000,0x00000000,1,0,1,0,1
present,3394,113108656,0x00000000,0,0,0,0x00000000,0x00000000,1,0,1,0,1
present,3395,113138252,0x00000000,0,0,0,0x00000000,0x00000000,1,0,1,0,1
present,3396,113173188,0x00000000,0,0,0,0x00000000,0x00000000,1,0,1,0,1
present,3397,113201861,0x00000000,0,0,0,0x00000000,0x00000000,1,0,1,0,1
present,3398,113234036,0x00000000,0,0,0,0x00000000,0x00000000,1,0,1,0,1
present,3399,113275887,0x00000000,0,0,0,0x00000000,0x00000000,1,0,1,0,1
present,3400,113304880,0x00000000,0,0,0,0x00000000,0x00000000,1,0,1,0,1
present,3401,113341569,0x00000000,0,0,0,0x00000000,0x00000000,1,0,1,0,1
present,3402,113373516,0x00000000,0,0,0,0x00000000,0x00000000,1,0,1,0,1
present,3403,113405129,0x00000000,0,0,0,0x00000000,0x00000000,1,0,1,0,1
present,3404,113434022,0x00000000,0,0,0,0x00000000,0x00000000,1,0,1,0,1
present,3405,113476227,0x00000000,0,0,0,0x00000000,0x00000000,1,0,1,0,1
present,3406,113508328,0x00000000,0,0,0,0x00000000,0x00000000,1,0,1,0,1
present,3407,113542326,0x00000000,0,0,0,0x00000000,0x00000000,1,0,1,0,1
present,3408,113572093,0x00000000,0,0,0,0x00000000,0x00000000,1,0,1,0,1
present,3409,113600709,0x00000000,0,0,0,0x00000000,0x00000000,1,0,1,0,1
present,3410,113641868,0x00000000,0,0,0,0x00000000,0x00000000,1,0,1,0,1
present,3411,113673120,0x00000000,0,0,0,0x00000000,0x00000000,1,0,1,0,1
present,3412,113708422,0x00000000,0,0,0,0x00000000,0x00000000,1,0,1,0,1
present,3413,113741668,0x00000000,0,0,0,0x00000000,0x00000000,1,0,1,0,1
present,3414,113774915,0x00000000,0,0,0,0x00000000,0x00000000,1,0,1,0,1
present,3415,113808533,0x00000000,0,0,0,0x00000000,0x00000000,1,0,1,0,1
present,3416,113834334,0x00000000,0,0,0,0x00000000,0x00000000,1,0,1,0,1
present,3417,113870651,0x00000000,0,0,0,0x00000000,0x00000000,1,0,1,0,1
present,3418,113900662,0x00000000,0,0,0,0x00000000,0x00000000,1,0,1,0,1
present,3419,113942120,0x00000000,0,0,0,0x00000000,0x00000000,1,0,1,0,1
present,3420,113975956,0x00000000,0,0,0,0x00000000,0x00000000,1,0,1,0,1
present,3421,114001600,0x00000000,0,0,0,0x00000000,0x00000000,2,0,1,0,1
present,3422,114041879,0x00000000,0,0,0,0x00000000,0x00000000,2,0,1,0,1
present,3423,114075065,0x00000000,0,0,0,0x00000000,0x00000000,2,0,1,0,1
present,3424,114109144,0x00000000,0,0,0,0x00000000,0x00000000,2,0,1,0,1
present,3425,114141995,0x00000000,0,0,0,0x00000000,0x00000000,2,0,1,0,1
present,3426,114173992,0x00000000,0,0,0,0x00000000,0x00000000,2,0,1,0,1
present,3427,114208588,0x00000000,0,0,0,0x00000000,0x00000000,2,0,1,0,1
present,3428,114242488,0x00000000,0,0,0,0x00000000,0x00000000,2,0,1,0,1
present,3429,114268867,0x00000000,0,0,0,0x00000000,0x00000000,2,0,1,0,1
present,3430,114309256,0x00000000,0,0,0,0x00000000,0x00000000,2,0,1,0,1
present,3431,114338476,0x00000000,0,0,0,0x00000000,0x00000000,2,0,1,0,1
present,3432,114375092,0x00000000,0,0,0,0x00000000,0x00000000,2,0,1,0,1
present,3433,114401109,0x00000000,0,0,0,0x00000000,0x00000000,2,0,1,0,1
present,3434,114442950,0x00000000,0,0,0,0x00000000,0x00000000,2,0,1,0,1
present,3435,114476090,0x00000000,0,0,0,0x00000000,0x00000000,2,0,1,0,1
present,3436,114506395,0x00000000,0,0,0,0x00000000,0x00000000,2,0,1,0,1
present,3437,114541893,0x00000000,0,0,0,0x00000000,0x00000000,2,0,1,0,1
present,3438,114575134,0x00000000,0,0,0,0x00000000,0x00000000,2,0,1,0,1
present,3439,114608436,0x00000000,0,0,0,0x00000000,0x00000000,2,0,1,0,1
present,3440,114638894,0x00000000,0,0,0,0x00000000,0x00000000,2,0,1,0,1
present,3441,114674671,0x00000000,0,0,0,0x00000000,0x00000000,2,0,1,0,1
present,3442,114708935,0x00000000,0,0,0,0x00000000,0x00000000,2,0,1,0,1
present,3443,114742168,0x00000000,0,0,0,0x00000000,0x00000000,2,0,1,0,1
present,3444,114771485,0x00000000,0,0,0,0x00000000,0x00000000,2,0,1,0,1
present,3445,114801472,0x00000000,0,0,0,0x00000000,0x00000000,2,0,1,0,1
present,3446,114841782,0x00000000,0,0,0,0x00000000,0x00000000,2,0,1,0,1
present,3447,114874629,0x00000000,0,0,0,0x00000000,0x00000000,2,0,1,0,1
present,3448,114908889,0x00000000,0,0,0,0x00000000,0x00000000,2,0,1,0,1
present,3449,114942138,0x00000000,0,0,0,0x00000000,0x00000000,2,0,1,0,1
present,3450,114975459,0x00000000,0,0,0,0x00000000,0x00000000,2,0,1,0,1
present,3451,115009017,0x00000000,0,0,0,0x00000000,0x00000000,3,0,1,0,1
present,3452,115036094,0x00000000,0,0,0,0x00000000,0x00000000,3,0,1,0,1
present,3453,115070833,0x00000000,0,0,0,0x00000000,0x00000000,3,0,1,0,1
present,3454,115108003,0x00000000,0,0,0,0x00000000,0x00000000,3,0,1,0,1
present,3455,115142714,0x00000000,0,0,0,0x00000000,0x00000000,3,0,1,0,1
present,3456,115173345,0x00000000,0,0,0,0x00000000,0x00000000,3,0,1,0,1
present,3457,115202865,0x00000000,0,0,0,0x00000000,0x00000000,3,0,1,0,1
present,3458,115240305,0x00000000,0,0,0,0x00000000,0x00000000,3,0,1,0,1
present,3459,115272319,0x00000000,0,0,0,0x00000000,0x00000000,3,0,1,0,1
present,3460,115304490,0x00000000,0,0,0,0x00000000,0x00000000,3,0,1,0,1
present,3461,115338747,0x00000000,0,0,0,0x00000000,0x00000000,3,0,1,0,1
present,3462,115372490,0x00000000,0,0,0,0x00000000,0x00000000,3,0,1,0,1
present,3463,115406909,0x00000000,0,0,0,0x00000000,0x00000000,3,0,1,0,1
present,3464,115435625,0x00000000,0,0,0,0x00000000,0x00000000,3,0,1,0,1
present,3465,115475713,0x00000000,0,0,0,0x00000000,0x00000000,3,0,1,0,1
present,3466,115503982,0x00000000,0,0,0,0x00000000,0x00000000,3,0,1,0,1
present,3467,115533945,0x00000000,0,0,0,0x00000000,0x00000000,3,0,1,0,1
present,3468,115570647,0x00000000,0,0,0,0x00000000,0x00000000,3,0,1,0,1
present,3469,115608450,0x00000000,0,0,0,0x00000000,0x00000000,3,0,1,0,1
present,3470,115635435,0x00000000,0,0,0,0x00000000,0x00000000,3,0,1,0,1
present,3471,115675673,0x00000000,0,0,0,0x00000000,0x00000000,3,0,1,0,1
present,3472,115709087,0x00000000,0,0,0,0x00000000,0x00000000,3,0,1,0,1
present,3473,115742344,0x00000000,0,0,0,0x00000000,0x00000000,3,0,1,0,1
present,3474,115775603,0x00000000,0,0,0,0x00000000,0x00000000,3,0,1,0,1
present,3475,115803741,0x00000000,0,0,0,0x00000000,0x00000000,3,0,1,0,1
present,3476,115842512,0x00000000,0,0,0,0x00000000,0x00000000,3,0,1,0,1
present,3477,115875533,0x00000000,0,0,0,0x00000000,0x00000000,3,0,1,0,1
present,3478,115902080,0x00000000,0,0,0,0x00000000,0x00000000,3,0,1,0,1
present,3479,115942200,0x00000000,0,0,0,0x00000000,0x00000000,3,0,1,0,1
present,3480,115971195,0x00000000,0,0,0,0x00000000,0x00000000,3,0,1,0,1
present,3481,116003956,0x00000000,0,0,0,0x00000000,0x00000000,0,0,1,0,1
present,3482,116037928,0x00000000,0,0,0,0x00000000,0x00000000,0,0,1,0,1
present,3483,116072182,0x00000000,0,0,0,0x00000000,0x00000000,0,0,1,0,1
present,3484,116104455,0x00000000,0,0,0,0x00000000,0x00000000,0,0,1,0,1
present,3485,116133966,0x00000000,0,0,0,0x00000000,0x00000000,0,0,1,0,1
present,3486,116170222,0x00000000,0,0,0,0x00000000,0x00000000,0,0,1,0,1
present,3487,116206368,0x00000000,0,0,0,0x00000000,0x00000000,0,0,1,0,1
present,3488,116242114,0x00000000,0,0,0,0x00000000,0x00000000,0,0,1,0,1
present,3489,116275887,0x00000000,0,0,0,0x00000000,0x00000000,0,0,1,0,1
present,3490,116304265,0x00000000,0,0,0,0x00000000,0x00000000,0,0,1,0,1
present,3491,116341783,0x00000000,0,0,0,0x00000000,0x00000000,0,0,1,0,1
present,3492,116368303,0x00000000,0,0,0,0x00000000,0x00000000,0,0,1,0,1
present,3493,116403594,0x00000000,0,0,0,0x00000000,0x00000000,0,0,1,0,1
present,3494,116433991,0x00000000,0,0,0,0x00000000,0x00000000,0,0,1,0,1
present,3495,116475314,0x00000000,0,0,0,0x00000000,0x00000000,0,0,1,0,1
present,3496,116508344,0x00000000,0,0,0,0x00000000,0x00000000,0,0,1,0,1
present,3497,116537808,0x00000000,0,0,0,0x00000000,0x00000000,0,0,1,0,1
present,3498,116571241,0x00000000,0,0,0,0x00000000,0x00000000,0,0,1,0,1
present,3499,116604090,0x00000000,0,0,0,0x00000000,0x00000000,0,0,1,0,1
present,3500,116642054,0x00000000,0,0,0,0x00000000,0x00000000,0,0,1,0,1
present,3501,116667250,0x00000000,0,0,0,0x00000000,0x00000000,0,0,1,0,1
present,3502,116708559,0x00000000,0,0,0,0x00000000,0x00000000,0,0,1,0,1
present,3503,116741835,0x00000000,0,0,0,0x00000000,0x00000000,0,0,1,0,1
present,3504,116775076,0x00000000,0,0,0,0x00000000,0x00000000,0,0,1,0,1
present,3505,116808767,0x00000000,0,0,0,0x00000000,0x00000000,0,0,1,0,1
present,3506,116841737,0x00000000,0,0,0,0x00000000,0x00000000,0,0,1,0,1
present,3507,116872318,0x00000000,0,0,0,0x00000000,0x00000000,0,0,1,0,1
present,3508,116904789,0x00000000,0,0,0,0x00000000,0x00000000,0,0,1,0,1
present,3509,116938023,0x00000000,0,0,0,0x00000000,0x00000000,0,0,1,0,1
present,3510,116973716,0x00000000,0,0,0,0x00000000,0x00000000,0,0,1,0,1
present,3511,117008948,0x00000000,0,0,0,0x00000000,0x00000000,1,0,1,0,1
present,3512,117041941,0x00000000,0,0,0,0x00000000,0x00000000,1,0,1,0,1
present,3513,117075112,0x00000000,0,0,0,0x00000000,0x00000000,1,0,1,0,1
present,3514,117108378,0x00000000,0,0,0,0x00000000,0x00000000,1,0,1,0,1
present,3515,117139988,0x00000000,0,0,0,0x00000000,0x00000000,1,0,1,0,1
present,3516,117175345,0x00000000,0,0,0,0x00000000,0x00000000,1,0,1,0,1
present,3517,117204685,0x00000000,0,0,0,0x00000000,0x00000000,1,0,1,0,1
present,3518,117233940,0x00000000,0,0,0,0x00000000,0x00000000,1,0,1,0,1
present,3519,117275357,0x00000000,0,0,0,0x00000000,0x00000000,1,0,1,0,1
present,3520,117304013,0x00000000,0,0,0,0x00000000,0x00000000,1,0,1,0,1
present,3521,117337199,0x00000000,0,0,0,0x00000000,0x00000000,1,0,1,0,1
present,3522,117376100,0x00000000,0,0,0,0x00000000,0x00000000,1,0,1,0,1
present,3523,117408302,0x00000000,0,0,0,0x00000000,0x00000000,1,0,1,0,1
present,3524,117437658,0x00000000,0,0,0,0x00000000,0x00000000,1,0,1,0,1
present,3525,117471330,0x00000000,0,0,0,0x00000000,0x00000000,1,0,1,0,1
present,3526,117500676,0x00000000,0,0,0,0x00000000,0x00000000,1,0,1,0,1
present,3527,117542740,0x00000000,0,0,0,0x00000000,0x00000000,1,0,1,0,1
present,3528,117575251,0x00000000,0,0,0,0x00000000,0x00000000,1,0,1,0,1
present,3529,117608478,0x00000000,0,0,0,0x00000000,0x00000000,1,0,1,0,1
present,3530,117635626,0x00000000,0,0,0,0x00000000,0x00000000,1,0,1,0,1
present,3531,117671827,0x00000000,0,0,0,0x00000000,0x00000000,1,0,1,0,1
present,3532,117709127,0x00000000,0,0,0,0x00000000,0x00000000,1,0,1,0,1
present,3533,117742302,0x00000000,0,0,0,0x00000000,0x00000000,1,0,1,0,1
present,3534,117775502,0x00000000,0,0,0,0x00000000,0x00000000,1,0,1,0,1
present,3535,117809158,0x00000000,0,0,0,0x00000000,0x00000000,1,0,1,0,1
present,3536,117838194,0x00000000,0,0,0,0x00000000,0x00000000,1,0,1,0,1
present,3537,117875113,0x00000000,0,0,0,0x00000000,0x00000000,1,0,1,0,1
present,3538,117901310,0x00000000,0,0,0,0x00000000,0x00000000,1,0,1,0,1
present,3539,117934329,0x00000000,0,0,0,0x00000000,0x00000000,1,0,1,0,1
present,3540,117969752,0x00000000,0,0,0,0x00000000,0x00000000,1,0,1,0,1
present,3541,118005091,0x00000000,0,0,0,0x00000000,0x00000000,2,0,1,0,1
present,3542,118041923,0x00000000,0,0,0,0x00000000,0x00000000,2,0,1,0,1
present,3543,118075078,0x00000000,0,0,0,0x00000000,0x00000000,2,0,1,0,1
present,3544,118106205,0x00000000,0,0,0,0x00000000,0x00000000,2,0,1,0,1
present,3545,118133871,0x00000000,0,0,0,0x00000000,0x00000000,2,0,1,0,1
present,3546,118175467,0x00000000,0,0,0,0x00000000,0x00000000,2,0,1,0,1
present,3547,118206970,0x00000000,0,0,0,0x00000000,0x00000000,2,0,1,0,1
present,3548,118242861,0x00000000,0,0,0,0x00000000,0x00000000,2,0,1,0,1
present,3549,118269966,0x00000000,0,0,0,0x00000000,0x00000000,2,0,1,0,1
present,3550,118308809,0x00000000,0,0,0,0x00000000,0x00000000,2,0,1,0,1
present,3551,118334897,0x00000000,0,0,0,0x00000000,0x00000000,2,0,1,0,1
present,3552,118367268,0x00000000,0,0,0,0x00000000,0x00000000,2,0,1,0,1
present,3553,118408444,0x00000000,0,0,0,0x00000000,0x00000000,2,0,1,0,1
present,3554,118441760,0x00000000,0,0,0,0x00000000,0x00000000,2,0,1,0,1
present,3555,118473261,0x00000000,0,0,0,0x00000000,0x00000000,2,0,1,0,1
present,3556,118504514,0x00000000,0,0,0,0x00000000,0x00000000,2,0,1,0,1
present,3557,118534152,0x00000000,0,0,0,0x00000000,0x00000000,2,0,1,0,1
present,3558,118568460,0x00000000,0,0,0,0x00000000,0x00000000,2,0,1,0,1
present,3559,118600659,0x00000000,0,0,0,0x00000000,0x00000000,2,0,1,0,1
present,3560,118641824,0x00000000,0,0,0,0x00000000,0x00000000,2,0,1,0,1
present,3561,118674557,0x00000000,0,0,0,0x00000000,0x00000000,2,0,1,0,1
present,3562,118704224,0x00000000,0,0,0,0x00000000,0x00000000,2,0,1,0,1
present,3563,118740669,0x00000000,0,0,0,0x00000000,0x00000000,2,0,1,0,1
present,3564,118774883,0x00000000,0,0,0,0x00000000,0x00000000,2,0,1,0,1
present,3565,118809160,0x00000000,0,0,0,0x00000000,0x00000000,2,0,1,0,1
present,3566,118842826,0x00000000,0,0,0,0x00000000,0x00000000,2,0,1,0,1
present,3567,118875711,0x00000000,0,0,0,0x00000000,0x00000000,2,0,1,0,1
present,3568,118909311,0x00000000,0,0,0,0x00000000,0x00000000,2,0,1,0,1
present,3569,118935625,0x00000000,0,0,0,0x00000000,0x00000000,2,0,1,0,1
present,3570,118974869,0x00000000,0,0,0,0x00000000,0x00000000,2,0,1,0,1
present,3571,119007911,0x00000000,0,0,0,0x00000000,0x00000000,3,0,1,0,1
present,3572,119042178,0x00000000,0,0,0,0x00000000,0x00000000,3,0,1,0,1
present,3573,119069309,0x00000000,0,0,0,0x00000000,0x00000000,3,0,1,0,1
present,3574,119104341,0x00000000,0,0,0,0x00000000,0x00000000,3,0,1,0,1
present,3575,119139595,0x00000000,0,0,0,0x00000000,0x00000000,3,0,1,0,1
present,3576,119175027,0x00000000,0,0,0,0x00000000,0x00000000,3,0,1,0,1
present,3577,119208344,0x00000000,0,0,0,0x00000000,0x00000000,3,0,1,0,1
present,3578,119240315,0x00000000,0,0,0,0x00000000,0x00000000,3,0,1,0,1
present,3579,119275028,0x00000000,0,0,0,0x00000000,0x00000000,3,0,1,0,1
present,3580,119308504,0x00000000,0,0,0,0x00000000,0x00000000,3,0,1,0,1
present,3581,119342089,0x00000000,0,0,0,0x00000000,0x00000000,3,0,1,0,1
present,3582,119368208,0x00000000,0,0,0,0x00000000,0x00000000,3,0,1,0,1
present,3583,119400203,0x00000000,0,0,0,0x00000000,0x00000000,3,0,1,0,1
present,3584,119443130,0x00000000,0,0,0,0x00000000,0x00000000,3,0,1,0,1
present,3585,119473985,0x00000000,0,0,0,0x00000000,0x00000000,3,0,1,0,1
present,3586,119507678,0x00000000,0,0,0,0x00000000,0x00000000,3,0,1,0,1
present,3587,119537606,0x00000000,0,0,0,0x00000000,0x00000000,3,0,1,0,1
present,3588,119574652,0x00000000,0,0,0,0x00000000,0x00000000,3,0,1,0,1
present,3589,119603564,0x00000000,0,0,0,0x00000000,0x00000000,3,0,1,0,1
present,3590,119638412,0x00000000,0,0,0,0x00000000,0x00000000,3,0,1,0,1
present,3591,119666835,0x00000000,0,0,0,0x00000000,0x00000000,3,0,1,0,1
present,3592,119703294,0x00000000,0,0,0,0x00000000,0x00000000,3,0,1,0,1
present,3593,119741588,0x00000000,0,0,0,0x00000000,0x00000000,3,0,1,0,1
present,3594,119774840,0x00000000,0,0,0,0x00000000,0x00000000,3,0,1,0,1
present,3595,119809435,0x00000000,0,0,0,0x00000000,0x00000000,3,0,1,0,1
present,3596,119842001,0x00000000,0,0,0,0x00000000,0x00000000,3,0,1,0,1
present,3597,119870787,0x00000000,0,0,0,0x00000000,0x00000000,3,0,1,0,1
present,3598,119909750,0x00000000,0,0,0,0x00000000,0x00000000,3,0,1,0,1
present,3599,119933714,0x00000000,0,0,0,0x00000000,0x00000000,3,0,1,0,1
present,3600,119975602,0x00000000,0,0,0,0x00000000,0x00000000,3,0,1,0,1
present,3601,120008142,0x00000000,0,0,0,0x00000000,0x00000000,0,0,1,0,1
present,3602,120036629,0x00000000,0,0,0,0x00000000,0x00000000,0,0,1,0,1
present,3603,120066847,0x00000000,0,0,0,0x00000000,0x00000000,0,0,1,0,1
present,3604,120109249,0x00000000,0,0,0,0x00000000,0x00000000,0,0,1,0,1
present,3605,120141637,0x00000000,0,0,0,0x00000000,0x00000000,0,0,1,0,1
present,3606,120175246,0x00000000,0,0,0,0x00000000,0x00000000,0,0,1,0,1
present,3607,120206211,0x00000000,0,0,0,0x00000000,0x00000000,0,0,1,0,1
present,3608,120241804,0x00000000,0,0,0,0x00000000,0x00000000,0,0,1,0,1
present,3609,120275627,0x00000000,0,0,0,0x00000000,0x00000000,0,0,1,0,1
present,3610,120306382,0x00000000,0,0,0,0x00000000,0x00000000,0,0,1,0,1
present,3611,120341884,0x00000000,0,0,0,0x00000000,0x00000000,0,0,1,0,1
present,3612,120375334,0x00000000,0,0,0,0x00000000,0x00000000,0,0,1,0,1
present,3613,120409389,0x00000000,0,0,0,0x00000000,0x00000000,0,0,1,0,1
present,3614,120435593,0x00000000,0,0,0,0x00000000,0x00000000,0,0,1,0,1
present,3615,120475093,0x00000000,0,0,0,0x00000000,0x00000000,0,0,1,0,1
present,3616,120504513,0x00000000,0,0,0,0x00000000,0x00000000,0,0,1,0,1
present,3617,120542205,0x00000000,0,0,0,0x00000000,0x00000000,0,0,1,0,1
present,3618,120573584,0x00000000,0,0,0,0x00000000,0x00000000,0,0,1,0,1
present,3619,120608424,0x00000000,0,0,0,0x00000000,0x00000000,0,0,1,0,1
present,3620,120641807,0x00000000,0,0,0,0x00000000,0x00000000,0,0,1,0,1
present,3621,120675451,0x00000000,0,0,0,0x00000000,0x00000000,0,0,1,0,1
present,3622,120708737,0x00000000,0,0,0,0x00000000,0x00000000,0,0,1,0,1
present,3623,120742061,0x00000000,0,0,0,0x00000000,0x00000000,0,0,1,0,1
present,3624,120775285,0x00000000,0,0,0,0x00000000,0x00000000,0,0,1,0,1
present,3625,120808782,0x00000000,0,0,0,0x00000000,0x00000000,0,0,1,0,1
present,3626,120833985,0x00000000,0,0,0,0x00000000,0x00000000,0,0,1,0,1
present,3627,120870758,0x00000000,0,0,0,0x00000000,0x00000000,0,0,1,0,1
present,3628,120904844,0x00000000,0,0,0,0x00000000,0x00000000,0,0,1,0,1
present,3629,120941648,0x00000000,0,0,0,0x00000000,0x00000000,0,0,1,0,1
present,3630,120970838,0x00000000,0,0,0,0x00000000,0x00000000,0,0,1,0,1
present,3631,121002401,0x00000000,0,0,0,0x00000000,0x00000000,1,0,1,0,1
present,3632,121042924,0x00000000,0,0,0,0x00000000,0x00000000,1,0,1,0,1
present,3633,121075007,0x00000000,0,0,0,0x00000000,0x00000000,1,0,1,0,1
present,3634,121108921,0x00000000,0,0,0,0x00000000,0x00000000,1,0,1,0,1
present,3635,121142995,0x00000000,0,0,0,0x00000000,0x00000000,1,0,1,0,1
present,3636,121168834,0x00000000,0,0,0,0x00000000,0x00000000,1,0,1,0,1
present,3637,121208436,0x00000000,0,0,0,0x00000000,0x00000000,1,0,1,0,1
present,3638,121241641,0x00000000,0,0,0,0x00000000,0x00000000,1,0,1,0,1
present,3639,121269738,0x00000000,0,0,0,0x00000000,0x00000000,1,0,1,0,1
present,3640,121308579,0x00000000,0,0,0,0x00000000,0x00000000,1,0,1,0,1
present,3641,121337878,0x00000000,0,0,0,0x00000000,0x00000000,1,0,1,0,1
present,3642,121373852,0x00000000,0,0,0,0x00000000,0x00000000,1,0,1,0,1
present,3643,121402072,0x00000000,0,0,0,0x00000000,0x00000000,1,0,1,0,1
present,3644,121433920,0x00000000,0,0,0,0x00000000,0x00000000,1,0,1,0,1
present,3645,121470487,0x00000000,0,0,0,0x00000000,0x00000000,1,0,1,0,1
present,3646,121501703,0x00000000,0,0,0,0x00000000,0x00000000,1,0,1,0,1
present,3647,121542098,0x00000000,0,0,0,0x00000000,0x00000000,1,0,1,0,1
present,3648,121574177,0x00000000,0,0,0,0x00000000,0x00000000,1,0,1,0,1
present,3649,121606661,0x00000000,0,0,0,0x00000000,0x00000000,1,0,1,0,1
present,3650,121640184,0x00000000,0,0,0,0x00000000,0x00000000,1,0,1,0,1
present,3651,121675124,0x00000000,0,0,0,0x00000000,0x00000000,1,0,1,0,1
present,3652,121708415,0x00000000,0,0,0,0x00000000,0x00000000,1,0,1,0,1
present,3653,121741615,0x00000000,0,0,0,0x00000000,0x00000000,1,0,1,0,1
present,3654,121774890,0x00000000,0,0,0,0x00000000,0x00000000,1,0,1,0,1
present,3655,121808468,0x00000000,0,0,0,0x00000000,0x00000000,1,0,1,0,1
present,3656,121836868,0x00000000,0,0,0,0x00000000,0x00000000,1,0,1,0,1
present,3657,121875132,0x00000000,0,0,0,0x00000000,0x00000000,1,0,1,0,1
present,3658,121908456,0x00000000,0,0,0,0x00000000,0x00000000,1,0,1,0,1
present,3659,121941689,0x00000000,0,0,0,0x00000000,0x00000000,1,0,1,0,1
present,3660,121970967,0x00000000,0,0,0,0x00000000,0x00000000,1,0,1,0,1
present,3661,122000546,0x00000000,0,0,0,0x00000000,0x00000000,2,0,1,0,1
present,3662,122034104,0x00000000,0,0,0,0x00000000,0x00000000,2,0,1,0,1
present,3663,122075824,0x00000000,0,0,0,0x00000000,0x00000000,2,0,1,0,1
present,3664,122108746,0x00000000,0,0,0,0x00000000,0x00000000,2,0,1,0,1
present,3665,122135253,0x00000000,0,0,0,0x00000000,0x00000000,2,0,1,0,1
present,3666,122175594,0x00000000,0,0,0,0x00000000,0x00000000,2,0,1,0,1
present,3667,122201109,0x00000000,0,0,0,0x00000000,0x00000000,2,0,1,0,1
present,3668,122241729,0x00000000,0,0,0,0x00000000,0x00000000,2,0,1,0,1
present,3669,122268795,0x00000000,0,0,0,0x00000000,0x00000000,2,0,1,0,1
present,3670,122304088,0x00000000,0,0,0,0x00000000,0x00000000,2,0,1,0,1
present,3671,122338667,0x00000000,0,0,0,0x00000000,0x00000000,2,0,1,0,1
present,3672,122371418,0x00000000,0,0,0,0x00000000,0x00000000,2,0,1,0,1
present,3673,122400617,0x00000000,0,0,0,0x00000000,0x00000000,2,0,1,0,1
present,3674,122440253,0x00000000,0,0,0,0x00000000,0x00000000,2,0,1,0,1
present,3675,122471077,0x00000000,0,0,0,0x00000000,0x00000000,2,0,1,0,1
present,3676,122501730,0x00000000,0,0,0,0x00000000,0x00000000,2,0,1,0,1
present,3677,122541720,0x00000000,0,0,0,0x00000000,0x00000000,2,0,1,0,1
present,3678,122568320,0x00000000,0,0,0,0x00000000,0x00000000,2,0,1,0,1
present,3679,122608999,0x00000000,0,0,0,0x00000000,0x00000000,2,0,1,0,1
present,3680,122642920,0x00000000,0,0,0,0x00000000,0x00000000,2,0,1,0,1
present,3681,122670678,0x00000000,0,0,0,0x00000000,0x00000000,2,0,1,0,1
present,3682,122708973,0x00000000,0,0,0,0x00000000,0x00000000,2,0,1,0,1
present,3683,122734208,0x00000000,0,0,0,0x00000000,0x00000000,2,0,1,0,1
present,3684,122769025,0x00000000,0,0,0,0x00000000,0x00000000,2,0,1,0,1
present,3685,122808306,0x00000000,0,0,0,0x00000000,0x00000000,2,0,1,0,1
present,3686,122841838,0x00000000,0,0,0,0x00000000,0x00000000,2,0,1,0,1
present,3687,122867973,0x00000000,0,0,0,0x00000000,0x00000000,2,0,1,0,1
present,3688,122901073,0x00000000,0,0,0,0x00000000,0x00000000,2,0,1,0,1
present,3689,122938131,0x00000000,0,0,0,0x00000000,0x00000000,2,0,1,0,1
present,3690,122969623,0x00000000,0,0,0,0x00000000,0x00000000,2,0,1,0,1
present,3691,123005677,0x00000000,0,0,0,0x00000000,0x00000000,3,0,1,0,1
present,3692,123033884,0x00000000,0,0,0,0x00000000,0x00000000,3,0,1,0,1
present,3693,123074988,0x00000000,0,0,0,0x00000000,0x00000000,3,0,1,0,1
present,3694,123108399,0x00000000,0,0,0,0x00000000,0x00000000,3,0,1,0,1
present,3695,123139787,0x00000000,0,0,0,0x00000000,0x00000000,3,0,1,0,1
present,3696,123175040,0x00000000,0,0,0,0x00000000,0x00000000,3,0,1,0,1
present,3697,123208378,0x00000000,0,0,0,0x00000000,0x00000000,3,0,1,0,1
present,3698,123241268,0x00000000,0,0,0,0x00000000,0x00000000,3,0,1,0,1
present,3699,123275940,0x00000000,0,0,0,0x00000000,0x00000000,3,0,1,0,1
present,3700,123304763,0x00000000,0,0,0,0x00000000,0x00000000,3,0,1,0,1
present,3701,123337224,0x00000000,0,0,0,0x00000000,0x00000000,3,0,1,0,1
present,3702,123375405,0x00000000,0,0,0,0x00000000,0x00000000,3,0,1,0,1
present,3703,123408466,0x00000000,0,0,0,0x00000000,0x00000000,3,0,1,0,1
present,3704,123439240,0x00000000,0,0,0,0x00000000,0x00000000,3,0,1,0,1
present,3705,123476010,0x00000000,0,0,0,0x00000000,0x00000000,3,0,1,0,1
present,3706,123501087,0x00000000,0,0,0,0x00000000,0x00000000,3,0,1,0,1
present,3707,123541693,0x00000000,0,0,0,0x00000000,0x00000000,3,0,1,0,1
present,3708,123567223,0x00000000,0,0,0,0x00000000,0x00000000,3,0,1,0,1
present,3709,123607265,0x00000000,0,0,0,0x00000000,0x00000000,3,0,1,0,1
present,3710,123637440,0x00000000,0,0,0,0x00000000,0x00000000,3,0,1,0,1
present,3711,123675849,0x00000000,0,0,0,0x00000000,0x00000000,3,0,1,0,1
present,3712,123709124,0x00000000,0,0,0,0x00000000,0x00000000,3,0,1,0,1
present,3713,123742387,0x00000000,0,0,0,0x00000000,0x00000000,3,0,1,0,1
present,3714,123775612,0x00000000,0,0,0,0x00000000,0x00000000,3,0,1,0,1
present,3715,123809171,0x00000000,0,0,0,0x00000000,0x00000000,3,0,1,0,1
present,3716,123841861,0x00000000,0,0,0,0x00000000,0x00000000,3,0,1,0,1
present,3717,123870180,0x00000000,0,0,0,0x00000000,0x00000000,3,0,1,0,1
present,3718,123908413,0x00000000,0,0,0,0x00000000,0x00000000,3,0,1,0,1
present,3719,123934983,0x00000000,0,0,0,0x00000000,0x00000000,3,0,1,0,1
present,3720,123970196,0x00000000,0,0,0,0x00000000,0x00000000,3,0,1,0,1
present,3721,124000641,0x00000000,0,0,0,0x00000000,0x00000000,0,0,1,0,1
present,3722,124041705,0x00000000,0,0,0,0x00000000,0x00000000,0,0,1,0,1
present,3723,124070580,0x00000000,0,0,0,0x00000000,0x00000000,0,0,1,0,1
present,3724,124101243,0x00000000,0,0,0,0x00000000,0x00000000,0,0,1,0,1
present,3725,124137679,0x00000000,0,0,0,0x00000000,0x00000000,0,0,1,0,1
present,3726,124175173,0x00000000,0,0,0,0x00000000,0x00000000,0,0,1,0,1
present,3727,124208319,0x00000000,0,0,0,0x00000000,0x00000000,0,0,1,0,1
present,3728,124242251,0x00000000,0,0,0,0x00000000,0x00000000,0,0,1,0,1
present,3729,124273064,0x00000000,0,0,0,0x00000000,0x00000000,0,0,1,0,1
present,3730,124304959,0x00000000,0,0,0,0x00000000,0x00000000,0,0,1,0,1
present,3731,124341768,0x00000000,0,0,0,0x00000000,0x00000000,0,0,1,0,1
present,3732,124368407,0x00000000,0,0,0,0x00000000,0x00000000,0,0,1,0,1
present,3733,124409007,0x00000000,0,0,0,0x00000000,0x00000000,0,0,1,0,1
present,3734,124441739,0x00000000,0,0,0,0x00000000,0x00000000,0,0,1,0,1
present,3735,124469879,0x00000000,0,0,0,0x00000000,0x00000000,0,0,1,0,1
present,3736,124508407,0x00000000,0,0,0,0x00000000,0x00000000,0,0,1,0,1
present,3737,124542466,0x00000000,0,0,0,0x00000000,0x00000000,0,0,1,0,1
present,3738,124572990,0x00000000,0,0,0,0x00000000,0x00000000,0,0,1,0,1
present,3739,124601990,0x00000000,0,0,0,0x00000000,0x00000000,0,0,1,0,1
present,3740,124641204,0x00000000,0,0,0,0x00000000,0x00000000,0,0,1,0,1
present,3741,124675540,0x00000000,0,0,0,0x00000000,0x00000000,0,0,1,0,1
present,3742,124708790,0x00000000,0,0,0,0x00000000,0x00000000,0,0,1,0,1
present,3743,124733430,0x00000000,0,0,0,0x00000000,0x00000000,0,0,1,0,1
present,3744,124774504,0x00000000,0,0,0,0x00000000,0x00000000,0,0,1,0,1
present,3745,124808964,0x00000000,0,0,0,0x00000000,0x00000000,0,0,1,0,1
present,3746,124835510,0x00000000,0,0,0,0x00000000,0x00000000,0,0,1,0,1
present,3747,124875306,0x00000000,0,0,0,0x00000000,0x00000000,0,0,1,0,1
present,3748,124909195,0x00000000,0,0,0,0x00000000,0x00000000,0,0,1,0,1
present,3749,124936615,0x00000000,0,0,0,0x00000000,0x00000000,0,0,1,0,1
present,3750,124974035,0x00000000,0,0,0,0x00000000,0x00000000,0,0,1,0,1
present,3751,125008907,0x00000000,0,0,0,0x00000000,0x00000000,1,0,1,0,1
present,3752,125043084,0x00000000,0,0,0,0x00000000,0x00000000,1,0,1,0,1
present,3753,125075104,0x00000000,0,0,0,0x00000000,0x00000000,1,0,1,0,1
present,3754,125108717,0x00000000,0,0,0,0x00000000,0x00000000,1,0,1,0,1
present,3755,125138086,0x00000000,0,0,0,0x00000000,0x00000000,1,0,1,0,1
present,3756,125175437,0x00000000,0,0,0,0x00000000,0x00000000,1,0,1,0,1
present,3757,125204916,0x00000000,0,0,0,0x00000000,0x00000000,1,0,1,0,1
present,3758,125242823,0x00000000,0,0,0,0x00000000,0x00000000,1,0,1,0,1
present,3759,125274939,0x00000000,0,0,0,0x00000000,0x00000000,1,0,1,0,1
present,3760,125308277,0x00000000,0,0,0,0x00000000,0x00000000,1,0,1,0,1
present,3761,125341757,0x00000000,0,0,0,0x00000000,0x00000000,1,0,1,0,1
present,3762,125370543,0x00000000,0,0,0,0x00000000,0x00000000,1,0,1,0,1
present,3763,125409531,0x00000000,0,0,0,0x00000000,0x00000000,1,0,1,0,1
present,3764,125436519,0x00000000,0,0,0,0x00000000,0x00000000,1,0,1,0,1
present,3765,125470377,0x00000000,0,0,0,0x00000000,0x00000000,1,0,1,0,1
present,3766,125508477,0x00000000,0,0,0,0x00000000,0x00000000,1,0,1,0,1
present,3767,125541755,0x00000000,0,0,0,0x00000000,0x00000000,1,0,1,0,1
present,3768,125568851,0x00000000,0,0,0,0x00000000,0x00000000,1,0,1,0,1
present,3769,125608859,0x00000000,0,0,0,0x00000000,0x00000000,1,0,1,0,1
present,3770,125636105,0x00000000,0,0,0,0x00000000,0x00000000,1,0,1,0,1
present,3771,125671943,0x00000000,0,0,0,0x00000000,0x00000000,1,0,1,0,1
present,3772,125708260,0x00000000,0,0,0,0x00000000,0x00000000,1,0,1,0,1
present,3773,125742473,0x00000000,0,0,0,0x00000000,0x00000000,1,0,1,0,1
present,3774,125772724,0x00000000,0,0,0,0x00000000,0x00000000,1,0,1,0,1
present,3775,125809235,0x00000000,0,0,0,0x00000000,0x00000000,1,0,1,0,1
present,3776,125839706,0x00000000,0,0,0,0x00000000,0x00000000,1,0,1,0,1
present,3777,125875235,0x00000000,0,0,0,0x00000000,0x00000000,1,0,1,0,1
present,3778,125906917,0x00000000,0,0,0,0x00000000,0x00000000,1,0,1,0,1
present,3779,125941744,0x00000000,0,0,0,0x00000000,0x00000000,1,0,1,0,1
present,3780,125975243,0x00000000,0,0,0,0x00000000,0x00000000,1,0,1,0,1
present,3781,126004511,0x00000000,0,0,0,0x00000000,0x00000000,2,0,1,0,1
present,3782,126035375,0x00000000,0,0,0,0x00000000,0x00000000,2,0,1,0,1
present,3783,126075165,0x00000000,0,0,0,0x00000000,0x00000000,2,0,1,0,1
present,3784,126109534,0x00000000,0,0,0,0x00000000,0x00000000,2,0,1,0,1
present,3785,126137891,0x00000000,0,0,0,0x00000000,0x00000000,2,0,1,0,1
present,3786,126170174,0x00000000,0,0,0,0x00000000,0x00000000,2,0,1,0,1
present,3787,126205628,0x00000000,0,0,0,0x00000000,0x00000000,2,0,1,0,1
present,3788,126235828,0x00000000,0,0,0,0x00000000,0x00000000,2,0,1,0,1
present,3789,126274890,0x00000000,0,0,0,0x00000000,0x00000000,2,0,1,0,1
present,3790,126308925,0x00000000,0,0,0,0x00000000,0x00000000,2,0,1,0,1
present,3791,126336608,0x00000000,0,0,0,0x00000000,0x00000000,2,0,1,0,1
present,3792,126375064,0x00000000,0,0,0,0x00000000,0x00000000,2,0,1,0,1
present,3793,126401215,0x00000000,0,0,0,0x00000000,0x00000000,2,0,1,0,1
present,3794,126441586,0x00000000,0,0,0,0x00000000,0x00000000,2,0,1,0,1
present,3795,126472254,0x00000000,0,0,0,0x00000000,0x00000000,2,0,1,0,1
present,3796,126508166,0x00000000,0,0,0,0x00000000,0x00000000,2,0,1,0,1
present,3797,126541625,0x00000000,0,0,0,0x00000000,0x00000000,2,0,1,0,1
present,3798,126575121,0x00000000,0,0,0,0x00000000,0x00000000,2,0,1,0,1
present,3799,126600591,0x00000000,0,0,0,0x00000000,0x00000000,2,0,1,0,1
present,3800,126639702,0x00000000,0,0,0,0x00000000,0x00000000,2,0,1,0,1
present,3801,126674494,0x00000000,0,0,0,0x00000000,0x00000000,2,0,1,0,1
present,3802,126708781,0x00000000,0,0,0,0x00000000,0x00000000,2,0,1,0,1
present,3803,126733476,0x00000000,0,0,0,0x00000000,0x00000000,2,0,1,0,1
present,3804,126768977,0x00000000,0,0,0,0x00000000,0x00000000,2,0,1,0,1
present,3805,126808287,0x00000000,0,0,0,0x00000000,0x00000000,2,0,1,0,1
present,3806,126841939,0x00000000,0,0,0,0x00000000,0x00000000,2,0,1,0,1
present,3807,126867776,0x00000000,0,0,0,0x00000000,0x00000000,2,0,1,0,1
present,3808,126909179,0x00000000,0,0,0,0x00000000,0x00000000,2,0,1,0,1
present,3809,126941652,0x00000000,0,0,0,0x00000000,0x00000000,2,0,1,0,1
present,3810,126973139,0x00000000,0,0,0,0x00000000,0x00000000,2,0,1,0,1
present,3811,127008878,0x00000000,0,0,0,0x00000000,0x00000000,3,0,1,0,1
present,3812,127039533,0x00000000,0,0,0,0x00000000,0x00000000,3,0,1,0,1
present,3813,127075059,0x00000000,0,0,0,0x00000000,0x00000000,3,0,1,0,1
present,3814,127108233,0x00000000,0,0,0,0x00000000,0x00000000,3,0,1,0,1
present,3815,127141697,0x00000000,0,0,0,0x00000000,0x00000000,3,0,1,0,1
present,3816,127172371,0x00000000,0,0,0,0x00000000,0x00000000,3,0,1,0,1
present,3817,127208411,0x00000000,0,0,0,0x00000000,0x00000000,3,0,1,0,1
present,3818,127239833,0x00000000,0,0,0,0x00000000,0x00000000,3,0,1,0,1
present,3819,127275845,0x00000000,0,0,0,0x00000000,0x00000000,3,0,1,0,1
present,3820,127305586,0x00000000,0,0,0,0x00000000,0x00000000,3,0,1,0,1
present,3821,127342005,0x00000000,0,0,0,0x00000000,0x00000000,3,0,1,0,1
present,3822,127368634,0x00000000,0,0,0,0x00000000,0x00000000,3,0,1,0,1
present,3823,127406968,0x00000000,0,0,0,0x00000000,0x00000000,3,0,1,0,1
present,3824,127443197,0x00000000,0,0,0,0x00000000,0x00000000,3,0,1,0,1
present,3825,127472366,0x00000000,0,0,0,0x00000000,0x00000000,3,0,1,0,1
present,3826,127506891,0x00000000,0,0,0,0x00000000,0x00000000,3,0,1,0,1
present,3827,127539302,0x00000000,0,0,0,0x00000000,0x00000000,3,0,1,0,1
present,3828,127576177,0x00000000,0,0,0,0x00000000,0x00000000,3,0,1,0,1
present,3829,127608580,0x00000000,0,0,0,0x00000000,0x00000000,3,0,1,0,1
present,3830,127636282,0x00000000,0,0,0,0x00000000,0x00000000,3,0,1,0,1
present,3831,127674562,0x00000000,0,0,0,0x00000000,0x00000000,3,0,1,0,1
present,3832,127708793,0x00000000,0,0,0,0x00000000,0x00000000,3,0,1,0,1
present,3833,127742055,0x00000000,0,0,0,0x00000000,0x00000000,3,0,1,0,1
present,3834,127774479,0x00000000,0,0,0,0x00000000,0x00000000,3,0,1,0,1
present,3835,127809057,0x00000000,0,0,0,0x00000000,0x00000000,3,0,1,0,1
present,3836,127842785,0x00000000,0,0,0,0x00000000,0x00000000,3,0,1,0,1
present,3837,127874969,0x00000000,0,0,0,0x00000000,0x00000000,3,0,1,0,1
present,3838,127908330,0x00000000,0,0,0,0x00000000,0x00000000,3,0,1,0,1
present,3839,127942277,0x00000000,0,0,0,0x00000000,0x00000000,3,0,1,0,1
present,3840,127969984,0x00000000,0,0,0,0x00000000,0x00000000,3,0,1,0,1
present,3841,128003923,0x00000000,0,0,0,0x00000000,0x00000000,0,0,1,0,1
present,3842,128040284,0x00000000,0,0,0,0x00000000,0x00000000,0,0,1,0,1
present,3843,128076372,0x00000000,0,0,0,0x00000000,0x00000000,0,0,1,0,1
present,3844,128108383,0x00000000,0,0,0,0x00000000,0x00000000,0,0,1,0,1
present,3845,128142353,0x00000000,0,0,0,0x00000000,0x00000000,0,0,1,0,1
present,3846,128175086,0x00000000,0,0,0,0x00000000,0x00000000,0,0,1,0,1
present,3847,128203650,0x00000000,0,0,0,0x00000000,0x00000000,0,0,1,0,1
present,3848,128236612,0x00000000,0,0,0,0x00000000,0x00000000,0,0,1,0,1
present,3849,128275125,0x00000000,0,0,0,0x00000000,0x00000000,0,0,1,0,1
present,3850,128304423,0x00000000,0,0,0,0x00000000,0x00000000,0,0,1,0,1
present,3851,128333923,0x00000000,0,0,0,0x00000000,0x00000000,0,0,1,0,1
present,3852,128375444,0x00000000,0,0,0,0x00000000,0x00000000,0,0,1,0,1
present,3853,128403817,0x00000000,0,0,0,0x00000000,0x00000000,0,0,1,0,1
present,3854,128441551,0x00000000,0,0,0,0x00000000,0x00000000,0,0,1,0,1
present,3855,128474879,0x00000000,0,0,0,0x00000000,0x00000000,0,0,1,0,1
present,3856,128500631,0x00000000,0,0,0,0x00000000,0x00000000,0,0,1,0,1
present,3857,128537922,0x00000000,0,0,0,0x00000000,0x00000000,0,0,1,0,1
present,3858,128571931,0x00000000,0,0,0,0x00000000,0x00000000,0,0,1,0,1
present,3859,128604328,0x00000000,0,0,0,0x00000000,0x00000000,0,0,1,0,1
present,3860,128634248,0x00000000,0,0,0,0x00000000,0x00000000,0,0,1,0,1
present,3861,128667021,0x00000000,0,0,0,0x00000000,0x00000000,0,0,1,0,1
present,3862,128708332,0x00000000,0,0,0,0x00000000,0x00000000,0,0,1,0,1
present,3863,128733429,0x00000000,0,0,0,0x00000000,0x00000000,0,0,1,0,1
present,3864,128775638,0x00000000,0,0,0,0x00000000,0x00000000,0,0,1,0,1
present,3865,128809080,0x00000000,0,0,0,0x00000000,0x00000000,0,0,1,0,1
present,3866,128840203,0x00000000,0,0,0,0x00000000,0x00000000,0,0,1,0,1
present,3867,128875171,0x00000000,0,0,0,0x00000000,0x00000000,0,0,1,0,1
present,3868,128908247,0x00000000,0,0,0,0x00000000,0x00000000,0,0,1,0,1
present,3869,128941568,0x00000000,0,0,0,0x00000000,0x00000000,0,0,1,0,1
present,3870,128969490,0x00000000,0,0,0,0x00000000,0x00000000,0,0,1,0,1
present,3871,129005160,0x00000000,0,0,0,0x00000000,0x00000000,1,0,1,0,1
present,3872,129041868,0x00000000,0,0,0,0x00000000,0x00000000,1,0,1,0,1
present,3873,129075064,0x00000000,0,0,0,0x00000000,0x00000000,1,0,1,0,1
present,3874,129102884,0x00000000,0,0,0,0x00000000,0x00000000,1,0,1,0,1
present,3875,129138562,0x00000000,0,0,0,0x00000000,0x00000000,1,0,1,0,1
present,3876,129170874,0x00000000,0,0,0,0x00000000,0x00000000,1,0,1,0,1
present,3877,129202944,0x00000000,0,0,0,0x00000000,0x00000000,1,0,1,0,1
present,3878,129237060,0x00000000,0,0,0,0x00000000,0x00000000,1,0,1,0,1
present,3879,129276088,0x00000000,0,0,0,0x00000000,0x00000000,1,0,1,0,1
present,3880,129304837,0x00000000,0,0,0,0x00000000,0x00000000,1,0,1,0,1
present,3881,129338385,0x00000000,0,0,0,0x00000000,0x00000000,1,0,1,0,1
present,3882,129368490,0x00000000,0,0,0,0x00000000,0x00000000,1,0,1,0,1
present,3883,129402155,0x00000000,0,0,0,0x00000000,0x00000000,1,0,1,0,1
present,3884,129443090,0x00000000,0,0,0,0x00000000,0x00000000,1,0,1,0,1
present,3885,129471494,0x00000000,0,0,0,0x00000000,0x00000000,1,0,1,0,1
present,3886,129505035,0x00000000,0,0,0,0x00000000,0x00000000,1,0,1,0,1
present,3887,129537965,0x00000000,0,0,0,0x00000000,0x00000000,1,0,1,0,1
present,3888,129574226,0x00000000,0,0,0,0x00000000,0x00000000,1,0,1,0,1
present,3889,129606796,0x00000000,0,0,0,0x00000000,0x00000000,1,0,1,0,1
present,3890,129642673,0x00000000,0,0,0,0x00000000,0x00000000,1,0,1,0,1
present,3891,129669784,0x00000000,0,0,0,0x00000000,0x00000000,1,0,1,0,1
present,3892,129709091,0x00000000,0,0,0,0x00000000,0x00000000,1,0,1,0,1
present,3893,129742294,0x00000000,0,0,0,0x00000000,0x00000000,1,0,1,0,1
present,3894,129775559,0x00000000,0,0,0,0x00000000,0x00000000,1,0,1,0,1
present,3895,129809098,0x00000000,0,0,0,0x00000000,0x00000000,1,0,1,0,1
present,3896,129835746,0x00000000,0,0,0,0x00000000,0x00000000,1,0,1,0,1
present,3897,129873287,0x00000000,0,0,0,0x00000000,0x00000000,1,0,1,0,1
present,3898,129908196,0x00000000,0,0,0,0x00000000,0x00000000,1,0,1,0,1
present,3899,129938910,0x00000000,0,0,0,0x00000000,0x00000000,1,0,1,0,1
present,3900,129971254,0x00000000,0,0,0,0x00000000,0x00000000,1,0,1,0,1
present,3901,130007588,0x00000000,0,0,0,0x00000000,0x00000000,2,0,1,0,1
present,3902,130041807,0x00000000,0,0,0,0x00000000,0x00000000,2,0,1,0,1
present,3903,130071201,0x00000000,0,0,0,0x00000000,0x00000000,2,0,1,0,1
present,3904,130101044,0x00000000,0,0,0,0x00000000,0x00000000,2,0,1,0,1
present,3905,130140367,0x00000000,0,0,0,0x00000000,0x00000000,2,0,1,0,1
present,3906,130170813,0x00000000,0,0,0,0x00000000,0x00000000,2,0,1,0,1
present,3907,130205520,0x00000000,0,0,0,0x00000000,0x00000000,2,0,1,0,1
present,3908,130233907,0x00000000,0,0,0,0x00000000,0x00000000,2,0,1,0,1
present,3909,130275255,0x00000000,0,0,0,0x00000000,0x00000000,2,0,1,0,1
present,3910,130308209,0x00000000,0,0,0,0x00000000,0x00000000,2,0,1,0,1
present,3911,130334882,0x00000000,0,0,0,0x00000000,0x00000000,2,0,1,0,1
present,3912,130375087,0x00000000,0,0,0,0x00000000,0x00000000,2,0,1,0,1
present,3913,130401076,0x00000000,0,0,0,0x00000000,0x00000000,2,0,1,0,1
present,3914,130436676,0x00000000,0,0,0,0x00000000,0x00000000,2,0,1,0,1
present,3915,130474945,0x00000000,0,0,0,0x00000000,0x00000000,2,0,1,0,1
present,3916,130508911,0x00000000,0,0,0,0x00000000,0x00000000,2,0,1,0,1
present,3917,130535123,0x00000000,0,0,0,0x00000000,0x00000000,2,0,1,0,1
present,3918,130570048,0x00000000,0,0,0,0x00000000,0x00000000,2,0,1,0,1
present,3919,130604623,0x00000000,0,0,0,0x00000000,0x00000000,2,0,1,0,1
present,3920,130633849,0x00000000,0,0,0,0x00000000,0x00000000,2,0,1,0,1
present,3921,130672023,0x00000000,0,0,0,0x00000000,0x00000000,2,0,1,0,1
present,3922,130708252,0x00000000,0,0,0,0x00000000,0x00000000,2,0,1,0,1
present,3923,130742515,0x00000000,0,0,0,0x00000000,0x00000000,2,0,1,0,1
present,3924,130775777,0x00000000,0,0,0,0x00000000,0x00000000,2,0,1,0,1
present,3925,130809033,0x00000000,0,0,0,0x00000000,0x00000000,2,0,1,0,1
present,3926,130841579,0x00000000,0,0,0,0x00000000,0x00000000,2,0,1,0,1
present,3927,130868179,0x00000000,0,0,0,0x00000000,0x00000000,2,0,1,0,1
present,3928,130903483,0x00000000,0,0,0,0x00000000,0x00000000,2,0,1,0,1
present,3929,130941922,0x00000000,0,0,0,0x00000000,0x00000000,2,0,1,0,1
present,3930,130970240,0x00000000,0,0,0,0x00000000,0x00000000,2,0,1,0,1
present,3931,131008982,0x00000000,0,0,0,0x00000000,0x00000000,3,0,1,0,1
present,3932,131043061,0x00000000,0,0,0,0x00000000,0x00000000,3,0,1,0,1
present,3933,131067528,0x00000000,0,0,0,0x00000000,0x00000000,3,0,1,0,1
present,3934,131109332,0x00000000,0,0,0,0x00000000,0x00000000,3,0,1,0,1
present,3935,131139232,0x00000000,0,0,0,0x00000000,0x00000000,3,0,1,0,1
present,3936,131176007,0x00000000,0,0,0,0x00000000,0x00000000,3,0,1,0,1
present,3937,131207787,0x00000000,0,0,0,0x00000000,0x00000000,3,0,1,0,1
present,3938,131242207,0x00000000,0,0,0,0x00000000,0x00000000,3,0,1,0,1
present,3939,131276093,0x00000000,0,0,0,0x00000000,0x00000000,3,0,1,0,1
present,3940,131306471,0x00000000,0,0,0,0x00000000,0x00000000,3,0,1,0,1
present,3941,131342522,0x00000000,0,0,0,0x00000000,0x00000000,3,0,1,0,1
present,3942,131368307,0x00000000,0,0,0,0x00000000,0x00000000,3,0,1,0,1
present,3943,131407099,0x00000000,0,0,0,0x00000000,0x00000000,3,0,1,0,1
present,3944,131434732,0x00000000,0,0,0,0x00000000,0x00000000,3,0,1,0,1
present,3945,131472497,0x00000000,0,0,0,0x00000000,0x00000000,3,0,1,0,1
present,3946,131509461,0x00000000,0,0,0,0x00000000,0x00000000,3,0,1,0,1
present,3947,131538795,0x00000000,0,0,0,0x00000000,0x00000000,3,0,1,0,1
present,3948,131573101,0x00000000,0,0,0,0x00000000,0x00000000,3,0,1,0,1
present,3949,131607345,0x00000000,0,0,0,0x00000000,0x00000000,3,0,1,0,1
present,3950,131635335,0x00000000,0,0,0,0x00000000,0x00000000,3,0,1,0,1
present,3951,131675654,0x00000000,0,0,0,0x00000000,0x00000000,3,0,1,0,1
present,3952,131708852,0x00000000,0,0,0,0x00000000,0x00000000,3,0,1,0,1
present,3953,131742058,0x00000000,0,0,0,0x00000000,0x00000000,3,0,1,0,1
present,3954,131775300,0x00000000,0,0,0,0x00000000,0x00000000,3,0,1,0,1
present,3955,131808895,0x00000000,0,0,0,0x00000000,0x00000000,3,0,1,0,1
present,3956,131842719,0x00000000,0,0,0,0x00000000,0x00000000,3,0,1,0,1
present,3957,131874854,0x00000000,0,0,0,0x00000000,0x00000000,3,0,1,0,1
present,3958,131906745,0x00000000,0,0,0,0x00000000,0x00000000,3,0,1,0,1
present,3959,131941652,0x00000000,0,0,0,0x00000000,0x00000000,3,0,1,0,1
present,3960,131975146,0x00000000,0,0,0,0x00000000,0x00000000,3,0,1,0,1
present,3961,132008398,0x00000000,0,0,0,0x00000000,0x00000000,0,0,1,0,1
present,3962,132043220,0x00000000,0,0,0,0x00000000,0x00000000,0,0,1,0,1
present,3963,132071375,0x00000000,0,0,0,0x00000000,0x00000000,0,0,1,0,1
present,3964,132102913,0x00000000,0,0,0,0x00000000,0x00000000,0,0,1,0,1
present,3965,132138305,0x00000000,0,0,0,0x00000000,0x00000000,0,0,1,0,1
present,3966,132167185,0x00000000,0,0,0,0x00000000,0x00000000,0,0,1,0,1
present,3967,132208349,0x00000000,0,0,0,0x00000000,0x00000000,0,0,1,0,1
present,3968,132238950,0x00000000,0,0,0,0x00000000,0x00000000,0,0,1,0,1
present,3969,132273037,0x00000000,0,0,0,0x00000000,0x00000000,0,0,1,0,1
present,3970,132300958,0x00000000,0,0,0,0x00000000,0x00000000,0,0,1,0,1
present,3971,132338487,0x00000000,0,0,0,0x00000000,0x00000000,0,0,1,0,1
present,3972,132374926,0x00000000,0,0,0,0x00000000,0x00000000,0,0,1,0,1
present,3973,132408793,0x00000000,0,0,0,0x00000000,0x00000000,0,0,1,0,1
present,3974,132435575,0x00000000,0,0,0,0x00000000,0x00000000,0,0,1,0,1
present,3975,132475590,0x00000000,0,0,0,0x00000000,0x00000000,0,0,1,0,1
present,3976,132505242,0x00000000,0,0,0,0x00000000,0x00000000,0,0,1,0,1
present,3977,132534390,0x00000000,0,0,0,0x00000000,0x00000000,0,0,1,0,1
present,3978,132571166,0x00000000,0,0,0,0x00000000,0x00000000,0,0,1,0,1
present,3979,132608545,0x00000000,0,0,0,0x00000000,0x00000000,0,0,1,0,1
present,3980,132640041,0x00000000,0,0,0,0x00000000,0x00000000,0,0,1,0,1
present,3981,132670406,0x00000000,0,0,0,0x00000000,0x00000000,0,0,1,0,1
present,3982,132708692,0x00000000,0,0,0,0x00000000,0x00000000,0,0,1,0,1
present,3983,132741984,0x00000000,0,0,0,0x00000000,0x00000000,0,0,1,0,1
present,3984,132775248,0x00000000,0,0,0,0x00000000,0x00000000,0,0,1,0,1
present,3985,132808745,0x00000000,0,0,0,0x00000000,0x00000000,0,0,1,0,1
present,3986,132841575,0x00000000,0,0,0,0x00000000,0x00000000,0,0,1,0,1
present,3987,132872361,0x00000000,0,0,0,0x00000000,0x00000000,0,0,1,0,1
present,3988,132908471,0x00000000,0,0,0,0x00000000,0x00000000,0,0,1,0,1
present,3989,132938602,0x00000000,0,0,0,0x00000000,0x00000000,0,0,1,0,1
present,3990,132975090,0x00000000,0,0,0,0x00000000,0x00000000,0,0,1,0,1
present,3991,133009280,0x00000000,0,0,0,0x00000000,0x00000000,1,0,1,0,1
present,3992,133036136,0x00000000,0,0,0,0x00000000,0x00000000,1,0,1,0,1
present,3993,133075011,0x00000000,0,0,0,0x00000000,0x00000000,1,0,1,0,1
present,3994,133108198,0x00000000,0,0,0,0x00000000,0x00000000,1,0,1,0,1
present,3995,133135723,0x00000000,0,0,0,0x00000000,0x00000000,1,0,1,0,1
present,3996,133175028,0x00000000,0,0,0,0x00000000,0x00000000,1,0,1,0,1
present,3997,133204676,0x00000000,0,0,0,0x00000000,0x00000000,1,0,1,0,1
present,3998,133234051,0x00000000,0,0,0,0x00000000,0x00000000,1,0,1,0,1
present,3999,133267551,0x00000000,0,0,0,0x00000000,0x00000000,1,0,1,0,1
present,4000,133308294,0x00000000,0,0,0,0x00000000,0x00000000,1,0,1,0,1
present,4001,133337698,0x00000000,0,0,0,0x00000000,0x00000000,1,0,1,0,1
present,4002,133368128,0x00000000,0,0,0,0x00000000,0x00000000,1,0,1,0,1
present,4003,133408235,0x00000000,0,0,0,0x00000000,0x00000000,1,0,1,0,1
present,4004,133438293,0x00000000,0,0,0,0x00000000,0x00000000,1,0,1,0,1
present,4005,133473245,0x00000000,0,0,0,0x00000000,0x00000000,1,0,1,0,1
present,4006,133500501,0x00000000,0,0,0,0x00000000,0x00000000,1,0,1,0,1
present,4007,133534602,0x00000000,0,0,0,0x00000000,0x00000000,1,0,1,0,1
present,4008,133574946,0x00000000,0,0,0,0x00000000,0x00000000,1,0,1,0,1
present,4009,133608893,0x00000000,0,0,0,0x00000000,0x00000000,1,0,1,0,1
present,4010,133641827,0x00000000,0,0,0,0x00000000,0x00000000,1,0,1,0,1
present,4011,133667439,0x00000000,0,0,0,0x00000000,0x00000000,1,0,1,0,1
present,4012,133708788,0x00000000,0,0,0,0x00000000,0x00000000,1,0,1,0,1
present,4013,133742038,0x00000000,0,0,0,0x00000000,0x00000000,1,0,1,0,1
present,4014,133775370,0x00000000,0,0,0,0x00000000,0x00000000,1,0,1,0,1
present,4015,133808986,0x00000000,0,0,0,0x00000000,0x00000000,1,0,1,0,1
present,4016,133843366,0x00000000,0,0,0,0x00000000,0x00000000,1,0,1,0,1
present,4017,133875155,0x00000000,0,0,0,0x00000000,0x00000000,1,0,1,0,1
present,4018,133901101,0x00000000,0,0,0,0x00000000,0x00000000,1,0,1,0,1
present,4019,133940211,0x00000000,0,0,0,0x00000000,0x00000000,1,0,1,0,1
present,4020,133971692,0x00000000,0,0,0,0x00000000,0x00000000,1,0,1,0,1
present,4021,134008645,0x00000000,0,0,0,0x00000000,0x00000000,2,0,1,0,1
present,4022,134041554,0x00000000,0,0,0,0x00000000,0x00000000,2,0,1,0,1
present,4023,134074999,0x00000000,0,0,0,0x00000000,0x00000000,2,0,1,0,1
present,4024,134105733,0x00000000,0,0,0,0x00000000,0x00000000,2,0,1,0,1
present,4025,134141593,0x00000000,0,0,0,0x00000000,0x00000000,2,0,1,0,1
present,4026,134174830,0x00000000,0,0,0,0x00000000,0x00000000,2,0,1,0,1
present,4027,134206439,0x00000000,0,0,0,0x00000000,0x00000000,2,0,1,0,1
present,4028,134236971,0x00000000,0,0,0,0x00000000,0x00000000,2,0,1,0,1
present,4029,134267589,0x00000000,0,0,0,0x00000000,0x00000000,2,0,1,0,1
present,4030,134303076,0x00000000,0,0,0,0x00000000,0x00000000,2,0,1,0,1
present,4031,134333860,0x00000000,0,0,0,0x00000000,0x00000000,2,0,1,0,1
present,4032,134374784,0x00000000,0,0,0,0x00000000,0x00000000,2,0,1,0,1
present,4033,134408358,0x00000000,0,0,0,0x00000000,0x00000000,2,0,1,0,1
present,4034,134437249,0x00000000,0,0,0,0x00000000,0x00000000,2,0,1,0,1
present,4035,134471347,0x00000000,0,0,0,0x00000000,0x00000000,2,0,1,0,1
present,4036,134502654,0x00000000,0,0,0,0x00000000,0x00000000,2,0,1,0,1
present,4037,134542953,0x00000000,0,0,0,0x00000000,0x00000000,2,0,1,0,1
present,4038,134567146,0x00000000,0,0,0,0x00000000,0x00000000,2,0,1,0,1
present,4039,134607066,0x00000000,0,0,0,0x00000000,0x00000000,2,0,1,0,1
present,4040,134641795,0x00000000,0,0,0,0x00000000,0x00000000,2,0,1,0,1
present,4041,134674487,0x00000000,0,0,0,0x00000000,0x00000000,2,0,1,0,1
present,4042,134708911,0x00000000,0,0,0,0x00000000,0x00000000,2,0,1,0,1
present,4043,134742129,0x00000000,0,0,0,0x00000000,0x00000000,2,0,1,0,1
present,4044,134775351,0x00000000,0,0,0,0x00000000,0x00000000,2,0,1,0,1
present,4045,134808624,0x00000000,0,0,0,0x00000000,0x00000000,2,0,1,0,1
present,4046,134842126,0x00000000,0,0,0,0x00000000,0x00000000,2,0,1,0,1
present,4047,134875891,0x00000000,0,0,0,0x00000000,0x00000000,2,0,1,0,1
present,4048,134903228,0x00000000,0,0,0,0x00000000,0x00000000,2,0,1,0,1
present,4049,134934478,0x00000000,0,0,0,0x00000000,0x00000000,2,0,1,0,1
present,4050,134974934,0x00000000,0,0,0,0x00000000,0x00000000,2,0,1,0,1
present,4051,135005735,0x00000000,0,0,0,0x00000000,0x00000000,3,0,1,0,1
present,4052,135037787,0x00000000,0,0,0,0x00000000,0x00000000,3,0,1,0,1
present,4053,135070738,0x00000000,0,0,0,0x00000000,0x00000000,3,0,1,0,1
present,4054,135106752,0x00000000,0,0,0,0x00000000,0x00000000,3,0,1,0,1
present,4055,135141800,0x00000000,0,0,0,0x00000000,0x00000000,3,0,1,0,1
present,4056,135174141,0x00000000,0,0,0,0x00000000,0x00000000,3,0,1,0,1
present,4057,135202566,0x00000000,0,0,0,0x00000000,0x00000000,3,0,1,0,1
present,4058,135241602,0x00000000,0,0,0,0x00000000,0x00000000,3,0,1,0,1
present,4059,135274831,0x00000000,0,0,0,0x00000000,0x00000000,3,0,1,0,1
present,4060,135307733,0x00000000,0,0,0,0x00000000,0x00000000,3,0,1,0,1
present,4061,135337930,0x00000000,0,0,0,0x00000000,0x00000000,3,0,1,0,1
present,4062,135368356,0x00000000,0,0,0,0x00000000,0x00000000,3,0,1,0,1
present,4063,135407237,0x00000000,0,0,0,0x00000000,0x00000000,3,0,1,0,1
present,4064,135435607,0x00000000,0,0,0,0x00000000,0x00000000,3,0,1,0,1
present,4065,135475062,0x00000000,0,0,0,0x00000000,0x00000000,3,0,1,0,1
present,4066,135501223,0x00000000,0,0,0,0x00000000,0x00000000,3,0,1,0,1
present,4067,135537726,0x00000000,0,0,0,0x00000000,0x00000000,3,0,1,0,1
present,4068,135575533,0x00000000,0,0,0,0x00000000,0x00000000,3,0,1,0,1
present,4069,135603843,0x00000000,0,0,0,0x00000000,0x00000000,3,0,1,0,1
present,4070,135641927,0x00000000,0,0,0,0x00000000,0x00000000,3,0,1,0,1
present,4071,135675275,0x00000000,0,0,0,0x00000000,0x00000000,3,0,1,0,1
present,4072,135708512,0x00000000,0,0,0,0x00000000,0x00000000,3,0,1,0,1
present,4073,135741717,0x00000000,0,0,0,0x00000000,0x00000000,3,0,1,0,1
present,4074,135773928,0x00000000,0,0,0,0x00000000,0x00000000,3,0,1,0,1
present,4075,135805289,0x00000000,0,0,0,0x00000000,0x00000000,3,0,1,0,1
present,4076,135841361,0x00000000,0,0,0,0x00000000,0x00000000,3,0,1,0,1
present,4077,135872291,0x00000000,0,0,0,0x00000000,0x00000000,3,0,1,0,1
present,4078,135909163,0x00000000,0,0,0,0x00000000,0x00000000,3,0,1,0,1
present,4079,135941546,0x00000000,0,0,0,0x00000000,0x00000000,3,0,1,0,1
present,4080,135974858,0x00000000,0,0,0,0x00000000,0x00000000,3,0,1,0,1
present,4081,136001022,0x00000000,0,0,0,0x00000000,0x00000000,0,0,1,0,1
present,4082,136040255,0x00000000,0,0,0,0x00000000,0x00000000,0,0,1,0,1
present,4083,136070229,0x00000000,0,0,0,0x00000000,0x00000000,0,0,1,0,1
present,4084,136106653,0x00000000,0,0,0,0x00000000,0x00000000,0,0,1,0,1
present,4085,136133995,0x00000000,0,0,0,0x00000000,0x00000000,0,0,1,0,1
present,4086,136176246,0x00000000,0,0,0,0x00000000,0x00000000,0,0,1,0,1
present,4087,136208120,0x00000000,0,0,0,0x00000000,0x00000000,0,0,1,0,1
present,4088,136233981,0x00000000,0,0,0,0x00000000,0x00000000,0,0,1,0,1
present,4089,136274960,0x00000000,0,0,0,0x00000000,0x00000000,0,0,1,0,1
present,4090,136305549,0x00000000,0,0,0,0x00000000,0x00000000,0,0,1,0,1
present,4091,136341689,0x00000000,0,0,0,0x00000000,0x00000000,0,0,1,0,1
present,4092,136375241,0x00000000,0,0,0,0x00000000,0x00000000,0,0,1,0,1
present,4093,136408287,0x00000000,0,0,0,0x00000000,0x00000000,0,0,1,0,1
present,4094,136442325,0x00000000,0,0,0,0x00000000,0x00000000,0,0,1,0,1
present,4095,136467975,0x00000000,0,0,0,0x00000000,0x00000000,0,0,1,0,1
present,4096,136508170,0x00000000,0,0,0,0x00000000,0x00000000,0,0,1,0,1
present,4097,136541744,0x00000000,0,0,0,0x00000000,0x00000000,0,0,1,0,1
present,4098,136574871,0x00000000,0,0,0,0x00000000,0x00000000,0,0,1,0,1
present,4099,136606010,0x00000000,0,0,0,0x00000000,0x00000000,0,0,1,0,1
present,4100,136639223,0x00000000,0,0,0,0x00000000,0x00000000,0,0,1,0,1
present,4101,136674392,0x00000000,0,0,0,0x00000000,0x00000000,0,0,1,0,1
present,4102,136701068,0x00000000,0,0,0,0x00000000,0x00000000,0,0,1,0,1
present,4103,136736260,0x00000000,0,0,0,0x00000000,0x00000000,0,0,1,0,1
present,4104,136767857,0x00000000,0,0,0,0x00000000,0x00000000,0,0,1,0,1
present,4105,136809357,0x00000000,0,0,0,0x00000000,0x00000000,0,0,1,0,1
present,4106,136841497,0x00000000,0,0,0,0x00000000,0x00000000,0,0,1,0,1
present,4107,136872378,0x00000000,0,0,0,0x00000000,0x00000000,0,0,1,0,1
present,4108,136908346,0x00000000,0,0,0,0x00000000,0x00000000,0,0,1,0,1
present,4109,136938037,0x00000000,0,0,0,0x00000000,0x00000000,0,0,1,0,1
present,4110,136970254,0x00000000,0,0,0,0x00000000,0x00000000,0,0,1,0,1
present,4111,137008364,0x00000000,0,0,0,0x00000000,0x00000000,1,0,1,0,1
present,4112,137041481,0x00000000,0,0,0,0x00000000,0x00000000,1,0,1,0,1
present,4113,137075469,0x00000000,0,0,0,0x00000000,0x00000000,1,0,1,0,1
present,4114,137106843,0x00000000,0,0,0,0x00000000,0x00000000,1,0,1,0,1
present,4115,137142846,0x00000000,0,0,0,0x00000000,0x00000000,1,0,1,0,1
present,4116,137168078,0x00000000,0,0,0,0x00000000,0x00000000,1,0,1,0,1
present,4117,137206318,0x00000000,0,0,0,0x00000000,0x00000000,1,0,1,0,1
present,4118,137234343,0x00000000,0,0,0,0x00000000,0x00000000,1,0,1,0,1
present,4119,137276140,0x00000000,0,0,0,0x00000000,0x00000000,1,0,1,0,1
present,4120,137308401,0x00000000,0,0,0,0x00000000,0x00000000,1,0,1,0,1
present,4121,137341714,0x00000000,0,0,0,0x00000000,0x00000000,1,0,1,0,1
present,4122,137370560,0x00000000,0,0,0,0x00000000,0x00000000,1,0,1,0,1
present,4123,137405301,0x00000000,0,0,0,0x00000000,0x00000000,1,0,1,0,1
present,4124,137442003,0x00000000,0,0,0,0x00000000,0x00000000,1,0,1,0,1
present,4125,137471073,0x00000000,0,0,0,0x00000000,0x00000000,1,0,1,0,1
present,4126,137503460,0x00000000,0,0,0,0x00000000,0x00000000,1,0,1,0,1
present,4127,137537558,0x00000000,0,0,0,0x00000000,0x00000000,1,0,1,0,1
present,4128,137575017,0x00000000,0,0,0,0x00000000,0x00000000,1,0,1,0,1
present,4129,137608787,0x00000000,0,0,0,0x00000000,0x00000000,1,0,1,0,1
present,4130,137642173,0x00000000,0,0,0,0x00000000,0x00000000,1,0,1,0,1
present,4131,137674415,0x00000000,0,0,0,0x00000000,0x00000000,1,0,1,0,1
present,4132,137708707,0x00000000,0,0,0,0x00000000,0x00000000,1,0,1,0,1
present,4133,137737463,0x00000000,0,0,0,0x00000000,0x00000000,1,0,1,0,1
present,4134,137775673,0x00000000,0,0,0,0x00000000,0x00000000,1,0,1,0,1
present,4135,137809176,0x00000000,0,0,0,0x00000000,0x00000000,1,0,1,0,1
present,4136,137835772,0x00000000,0,0,0,0x00000000,0x00000000,1,0,1,0,1
present,4137,137876104,0x00000000,0,0,0,0x00000000,0x00000000,1,0,1,0,1
present,4138,137908728,0x00000000,0,0,0,0x00000000,0x00000000,1,0,1,0,1
present,4139,137941786,0x00000000,0,0,0,0x00000000,0x00000000,1,0,1,0,1
present,4140,137975955,0x00000000,0,0,0,0x00000000,0x00000000,1,0,1,0,1
present,4141,138009393,0x00000000,0,0,0,0x00000000,0x00000000,2,0,1,0,1
present,4142,138036366,0x00000000,0,0,0,0x00000000,0x00000000,2,0,1,0,1
present,4143,138075832,0x00000000,0,0,0,0x00000000,0x00000000,2,0,1,0,1
present,4144,138105339,0x00000000,0,0,0,0x00000000,0x00000000,2,0,1,0,1
present,4145,138141600,0x00000000,0,0,0,0x00000000,0x00000000,2,0,1,0,1
present,4146,138170943,0x00000000,0,0,0,0x00000000,0x00000000,2,0,1,0,1
present,4147,138208270,0x00000000,0,0,0,0x00000000,0x00000000,2,0,1,0,1
present,4148,138238120,0x00000000,0,0,0,0x00000000,0x00000000,2,0,1,0,1
present,4149,138275073,0x00000000,0,0,0,0x00000000,0x00000000,2,0,1,0,1
present,4150,138308860,0x00000000,0,0,0,0x00000000,0x00000000,2,0,1,0,1
present,4151,138334693,0x00000000,0,0,0,0x00000000,0x00000000,2,0,1,0,1
present,4152,138370971,0x00000000,0,0,0,0x00000000,0x00000000,2,0,1,0,1
present,4153,138408642,0x00000000,0,0,0,0x00000000,0x00000000,2,0,1,0,1
present,4154,138440216,0x00000000,0,0,0,0x00000000,0x00000000,2,0,1,0,1
present,4155,138467531,0x00000000,0,0,0,0x00000000,0x00000000,2,0,1,0,1
present,4156,138505787,0x00000000,0,0,0,0x00000000,0x00000000,2,0,1,0,1
present,4157,138535670,0x00000000,0,0,0,0x00000000,0x00000000,2,0,1,0,1
present,4158,138567301,0x00000000,0,0,0,0x00000000,0x00000000,2,0,1,0,1
present,4159,138602565,0x00000000,0,0,0,0x00000000,0x00000000,2,0,1,0,1
present,4160,138640331,0x00000000,0,0,0,0x00000000,0x00000000,2,0,1,0,1
present,4161,138674557,0x00000000,0,0,0,0x00000000,0x00000000,2,0,1,0,1
present,4162,138708817,0x00000000,0,0,0,0x00000000,0x00000000,2,0,1,0,1
present,4163,138742063,0x00000000,0,0,0,0x00000000,0x00000000,2,0,1,0,1
present,4164,138775281,0x00000000,0,0,0,0x00000000,0x00000000,2,0,1,0,1
present,4165,138808548,0x00000000,0,0,0,0x00000000,0x00000000,2,0,1,0,1
present,4166,138842066,0x00000000,0,0,0,0x00000000,0x00000000,2,0,1,0,1
present,4167,138868343,0x00000000,0,0,0,0x00000000,0x00000000,2,0,1,0,1
present,4168,138907399,0x00000000,0,0,0,0x00000000,0x00000000,2,0,1,0,1
present,4169,138941577,0x00000000,0,0,0,0x00000000,0x00000000,2,0,1,0,1
present,4170,138973077,0x00000000,0,0,0,0x00000000,0x00000000,2,0,1,0,1
present,4171,139008883,0x00000000,0,0,0,0x00000000,0x00000000,3,0,1,0,1
present,4172,139041739,0x00000000,0,0,0,0x00000000,0x00000000,3,0,1,0,1
present,4173,139069376,0x00000000,0,0,0,0x00000000,0x00000000,3,0,1,0,1
present,4174,139108395,0x00000000,0,0,0,0x00000000,0x00000000,3,0,1,0,1
present,4175,139141466,0x00000000,0,0,0,0x00000000,0x00000000,3,0,1,0,1
present,4176,139174893,0x00000000,0,0,0,0x00000000,0x00000000,3,0,1,0,1
present,4177,139202005,0x00000000,0,0,0,0x00000000,0x00000000,3,0,1,0,1
present,4178,139241542,0x00000000,0,0,0,0x00000000,0x00000000,3,0,1,0,1
present,4179,139270784,0x00000000,0,0,0,0x00000000,0x00000000,3,0,1,0,1
present,4180,139308629,0x00000000,0,0,0,0x00000000,0x00000000,3,0,1,0,1
present,4181,139341468,0x00000000,0,0,0,0x00000000,0x00000000,3,0,1,0,1
present,4182,139374840,0x00000000,0,0,0,0x00000000,0x00000000,3,0,1,0,1
present,4183,139403409,0x00000000,0,0,0,0x00000000,0x00000000,3,0,1,0,1
present,4184,139442185,0x00000000,0,0,0,0x00000000,0x00000000,3,0,1,0,1
present,4185,139470899,0x00000000,0,0,0,0x00000000,0x00000000,3,0,1,0,1
present,4186,139509008,0x00000000,0,0,0,0x00000000,0x00000000,3,0,1,0,1
present,4187,139540425,0x00000000,0,0,0,0x00000000,0x00000000,3,0,1,0,1
present,4188,139573043,0x00000000,0,0,0,0x00000000,0x00000000,3,0,1,0,1
present,4189,139604150,0x00000000,0,0,0,0x00000000,0x00000000,3,0,1,0,1
present,4190,139636873,0x00000000,0,0,0,0x00000000,0x00000000,3,0,1,0,1
present,4191,139670400,0x00000000,0,0,0,0x00000000,0x00000000,3,0,1,0,1
present,4192,139707363,0x00000000,0,0,0,0x00000000,0x00000000,3,0,1,0,1
present,4193,139741579,0x00000000,0,0,0,0x00000000,0x00000000,3,0,1,0,1
present,4194,139774335,0x00000000,0,0,0,0x00000000,0x00000000,3,0,1,0,1
present,4195,139808917,0x00000000,0,0,0,0x00000000,0x00000000,3,0,1,0,1
present,4196,139841477,0x00000000,0,0,0,0x00000000,0x00000000,3,0,1,0,1
present,4197,139870871,0x00000000,0,0,0,0x00000000,0x00000000,3,0,1,0,1
present,4198,139903550,0x00000000,0,0,0,0x00000000,0x00000000,3,0,1,0,1
present,4199,139937999,0x00000000,0,0,0,0x00000000,0x00000000,3,0,1,0,1
present,4200,139970175,0x00000000,0,0,0,0x00000000,0x00000000,3,0,1,0,1
present,4201,140000672,0x00000000,0,0,0,0x00000000,0x00000000,0,0,1,0,1
present,4202,140042557,0x00000000,0,0,0,0x00000000,0x00000000,0,0,1,0,1
present,4203,140075523,0x00000000,0,0,0,0x00000000,0x00000000,0,0,1,0,1
present,4204,140108560,0x00000000,0,0,0,0x00000000,0x00000000,0,0,1,0,1
present,4205,140142503,0x00000000,0,0,0,0x00000000,0x00000000,0,0,1,0,1
present,4206,140170869,0x00000000,0,0,0,0x00000000,0x00000000,0,0,1,0,1
present,4207,140201021,0x00000000,0,0,0,0x00000000,0x00000000,0,0,1,0,1
present,4208,140236931,0x00000000,0,0,0,0x00000000,0x00000000,0,0,1,0,1
present,4209,140274768,0x00000000,0,0,0,0x00000000,0x00000000,0,0,1,0,1
present,4210,140308249,0x00000000,0,0,0,0x00000000,0x00000000,0,0,1,0,1
present,4211,140342041,0x00000000,0,0,0,0x00000000,0x00000000,0,0,1,0,1
present,4212,140374838,0x00000000,0,0,0,0x00000000,0x00000000,0,0,1,0,1
present,4213,140408792,0x00000000,0,0,0,0x00000000,0x00000000,0,0,1,0,1
present,4214,140434068,0x00000000,0,0,0,0x00000000,0x00000000,0,0,1,0,1
present,4215,140469395,0x00000000,0,0,0,0x00000000,0x00000000,0,0,1,0,1
present,4216,140503667,0x00000000,0,0,0,0x00000000,0x00000000,0,0,1,0,1
present,4217,140538232,0x00000000,0,0,0,0x00000000,0x00000000,0,0,1,0,1
present,4218,140575517,0x00000000,0,0,0,0x00000000,0x00000000,0,0,1,0,1
present,4219,140608289,0x00000000,0,0,0,0x00000000,0x00000000,0,0,1,0,1
present,4220,140638149,0x00000000,0,0,0,0x00000000,0x00000000,0,0,1,0,1
present,4221,140672606,0x00000000,0,0,0,0x00000000,0x00000000,0,0,1,0,1
present,4222,140708882,0x00000000,0,0,0,0x00000000,0x00000000,0,0,1,0,1
present,4223,140742106,0x00000000,0,0,0,0x00000000,0x00000000,0,0,1,0,1
present,4224,140775310,0x00000000,0,0,0,0x00000000,0x00000000,0,0,1,0,1
present,4225,140808864,0x00000000,0,0,0,0x00000000,0x00000000,0,0,1,0,1
present,4226,140840240,0x00000000,0,0,0,0x00000000,0x00000000,0,0,1,0,1
present,4227,140874872,0x00000000,0,0,0,0x00000000,0x00000000,0,0,1,0,1
present,4228,140903995,0x00000000,0,0,0,0x00000000,0x00000000,0,0,1,0,1
present,4229,140936749,0x00000000,0,0,0,0x00000000,0x00000000,0,0,1,0,1
present,4230,140970043,0x00000000,0,0,0,0x00000000,0x00000000,0,0,1,0,1
present,4231,141009149,0x00000000,0,0,0,0x00000000,0x00000000,1,0,1,0,1
present,4232,141042415,0x00000000,0,0,0,0x00000000,0x00000000,1,0,1,0,1
present,4233,141075338,0x00000000,0,0,0,0x00000000,0x00000000,1,0,1,0,1
present,4234,141108429,0x00000000,0,0,0,0x00000000,0x00000000,1,0,1,0,1
present,4235,141142294,0x00000000,0,0,0,0x00000000,0x00000000,1,0,1,0,1
present,4236,141170695,0x00000000,0,0,0,0x00000000,0x00000000,1,0,1,0,1
present,4237,141203842,0x00000000,0,0,0,0x00000000,0x00000000,1,0,1,0,1
present,4238,141241575,0x00000000,0,0,0,0x00000000,0x00000000,1,0,1,0,1
present,4239,141268364,0x00000000,0,0,0,0x00000000,0x00000000,1,0,1,0,1
present,4240,141308445,0x00000000,0,0,0,0x00000000,0x00000000,1,0,1,0,1
present,4241,141339470,0x00000000,0,0,0,0x00000000,0x00000000,1,0,1,0,1
present,4242,141374907,0x00000000,0,0,0,0x00000000,0x00000000,1,0,1,0,1
present,4243,141408357,0x00000000,0,0,0,0x00000000,0x00000000,1,0,1,0,1
present,4244,141436031,0x00000000,0,0,0,0x00000000,0x00000000,1,0,1,0,1
present,4245,141475120,0x00000000,0,0,0,0x00000000,0x00000000,1,0,1,0,1
present,4246,141509037,0x00000000,0,0,0,0x00000000,0x00000000,1,0,1,0,1
present,4247,141541465,0x00000000,0,0,0,0x00000000,0x00000000,1,0,1,0,1
present,4248,141576478,0x00000000,0,0,0,0x00000000,0x00000000,1,0,1,0,1
present,4249,141608572,0x00000000,0,0,0,0x00000000,0x00000000,1,0,1,0,1
present,4250,141640168,0x00000000,0,0,0,0x00000000,0x00000000,1,0,1,0,1
present,4251,141674801,0x00000000,0,0,0,0x00000000,0x00000000,1,0,1,0,1
present,4252,141709052,0x00000000,0,0,0,0x00000000,0x00000000,1,0,1,0,1
present,4253,141741641,0x00000000,0,0,0,0x00000000,0x00000000,1,0,1,0,1
present,4254,141774862,0x00000000,0,0,0,0x00000000,0x00000000,1,0,1,0,1
present,4255,141800403,0x00000000,0,0,0,0x00000000,0x00000000,1,0,1,0,1
present,4256,141838639,0x00000000,0,0,0,0x00000000,0x00000000,1,0,1,0,1
present,4257,141874853,0x00000000,0,0,0,0x00000000,0x00000000,1,0,1,0,1
present,4258,141907075,0x00000000,0,0,0,0x00000000,0x00000000,1,0,1,0,1
present,4259,141937555,0x00000000,0,0,0,0x00000000,0x00000000,1,0,1,0,1
present,4260,141975089,0x00000000,0,0,0,0x00000000,0x00000000,1,0,1,0,1
present,4261,142006566,0x00000000,0,0,0,0x00000000,0x00000000,2,0,1,0,1
present,4262,142042508,0x00000000,0,0,0,0x00000000,0x00000000,2,0,1,0,1
present,4263,142074816,0x00000000,0,0,0,0x00000000,0x00000000,2,0,1,0,1
present,4264,142108168,0x00000000,0,0,0,0x00000000,0x00000000,2,0,1,0,1
present,4265,142141612,0x00000000,0,0,0,0x00000000,0x00000000,2,0,1,0,1
present,4266,142175775,0x00000000,0,0,0,0x00000000,0x00000000,2,0,1,0,1
present,4267,142204042,0x00000000,0,0,0,0x00000000,0x00000000,2,0,1,0,1
present,4268,142238724,0x00000000,0,0,0,0x00000000,0x00000000,2,0,1,0,1
present,4269,142267527,0x00000000,0,0,0,0x00000000,0x00000000,2,0,1,0,1
present,4270,142308145,0x00000000,0,0,0,0x00000000,0x00000000,2,0,1,0,1
present,4271,142341641,0x00000000,0,0,0,0x00000000,0x00000000,2,0,1,0,1
present,4272,142376607,0x00000000,0,0,0,0x00000000,0x00000000,2,0,1,0,1
present,4273,142408333,0x00000000,0,0,0,0x00000000,0x00000000,2,0,1,0,1
present,4274,142436003,0x00000000,0,0,0,0x00000000,0x00000000,2,0,1,0,1
present,4275,142475110,0x00000000,0,0,0,0x00000000,0x00000000,2,0,1,0,1
present,4276,142504989,0x00000000,0,0,0,0x00000000,0x00000000,2,0,1,0,1
present,4277,142538442,0x00000000,0,0,0,0x00000000,0x00000000,2,0,1,0,1
present,4278,142575010,0x00000000,0,0,0,0x00000000,0x00000000,2,0,1,0,1
present,4279,142608428,0x00000000,0,0,0,0x00000000,0x00000000,2,0,1,0,1
present,4280,142634294,0x00000000,0,0,0,0x00000000,0x00000000,2,0,1,0,1
present,4281,142674691,0x00000000,0,0,0,0x00000000,0x00000000,2,0,1,0,1
present,4282,142709010,0x00000000,0,0,0,0x00000000,0x00000000,2,0,1,0,1
present,4283,142742268,0x00000000,0,0,0,0x00000000,0x00000000,2,0,1,0,1
present,4284,142775535,0x00000000,0,0,0,0x00000000,0x00000000,2,0,1,0,1
present,4285,142800481,0x00000000,0,0,0,0x00000000,0x00000000,2,0,1,0,1
present,4286,142835778,0x00000000,0,0,0,0x00000000,0x00000000,2,0,1,0,1
present,4287,142875963,0x00000000,0,0,0,0x00000000,0x00000000,2,0,1,0,1
present,4288,142900529,0x00000000,0,0,0,0x00000000,0x00000000,2,0,1,0,1
present,4289,142941582,0x00000000,0,0,0,0x00000000,0x00000000,2,0,1,0,1
present,4290,142970582,0x00000000,0,0,0,0x00000000,0x00000000,2,0,1,0,1
present,4291,143003616,0x00000000,0,0,0,0x00000000,0x00000000,3,0,1,0,1
present,4292,143042952,0x00000000,0,0,0,0x00000000,0x00000000,3,0,1,0,1
present,4293,143070314,0x00000000,0,0,0,0x00000000,0x00000000,3,0,1,0,1
present,4294,143109225,0x00000000,0,0,0,0x00000000,0x00000000,3,0,1,0,1
present,4295,143142817,0x00000000,0,0,0,0x00000000,0x00000000,3,0,1,0,1
present,4296,143174655,0x00000000,0,0,0,0x00000000,0x00000000,3,0,1,0,1
present,4297,143203897,0x00000000,0,0,0,0x00000000,0x00000000,3,0,1,0,1
present,4298,143240968,0x00000000,0,0,0,0x00000000,0x00000000,3,0,1,0,1
present,4299,143275801,0x00000000,0,0,0,0x00000000,0x00000000,3,0,1,0,1
present,4300,143308065,0x00000000,0,0,0,0x00000000,0x00000000,3,0,1,0,1
present,4301,143341504,0x00000000,0,0,0,0x00000000,0x00000000,3,0,1,0,1
present,4302,143370475,0x00000000,0,0,0,0x00000000,0x00000000,3,0,1,0,1
present,4303,143409529,0x00000000,0,0,0,0x00000000,0x00000000,3,0,1,0,1
present,4304,143442553,0x00000000,0,0,0,0x00000000,0x00000000,3,0,1,0,1
present,4305,143474997,0x00000000,0,0,0,0x00000000,0x00000000,3,0,1,0,1
present,4306,143506964,0x00000000,0,0,0,0x00000000,0x00000000,3,0,1,0,1
present,4307,143538955,0x00000000,0,0,0,0x00000000,0x00000000,3,0,1,0,1
present,4308,143574998,0x00000000,0,0,0,0x00000000,0x00000000,3,0,1,0,1
present,4309,143606602,0x00000000,0,0,0,0x00000000,0x00000000,3,0,1,0,1
present,4310,143641165,0x00000000,0,0,0,0x00000000,0x00000000,3,0,1,0,1
present,4311,143675470,0x00000000,0,0,0,0x00000000,0x00000000,3,0,1,0,1
present,4312,143708716,0x00000000,0,0,0,0x00000000,0x00000000,3,0,1,0,1
present,4313,143741981,0x00000000,0,0,0,0x00000000,0x00000000,3,0,1,0,1
present,4314,143775260,0x00000000,0,0,0,0x00000000,0x00000000,3,0,1,0,1
present,4315,143808520,0x00000000,0,0,0,0x00000000,0x00000000,3,0,1,0,1
present,4316,143842133,0x00000000,0,0,0,0x00000000,0x00000000,3,0,1,0,1
present,4317,143873755,0x00000000,0,0,0,0x00000000,0x00000000,3,0,1,0,1
present,4318,143908097,0x00000000,0,0,0,0x00000000,0x00000000,3,0,1,0,1
present,4319,143937009,0x00000000,0,0,0,0x00000000,0x00000000,3,0,1,0,1
present,4320,143974924,0x00000000,0,0,0,0x00000000,0x00000000,3,0,1,0,1
present,4321,144008217,0x00000000,0,0,0,0x00000000,0x00000000,0,0,1,0,1
present,4322,144034019,0x00000000,0,0,0,0x00000000,0x00000000,0,0,1,0,1
present,4323,144072399,0x00000000,0,0,0,0x00000000,0x00000000,0,0,1,0,1
present,4324,144102705,0x00000000,0,0,0,0x00000000,0x00000000,0,0,1,0,1
present,4325,144141534,0x00000000,0,0,0,0x00000000,0x00000000,0,0,1,0,1
present,4326,144167542,0x00000000,0,0,0,0x00000000,0x00000000,0,0,1,0,1
present,4327,144200798,0x00000000,0,0,0,0x00000000,0x00000000,0,0,1,0,1
present,4328,144236409,0x00000000,0,0,0,0x00000000,0x00000000,0,0,1,0,1
present,4329,144276246,0x00000000,0,0,0,0x00000000,0x00000000,0,0,1,0,1
present,4330,144300672,0x00000000,0,0,0,0x00000000,0x00000000,0,0,1,0,1
present,4331,144339010,0x00000000,0,0,0,0x00000000,0x00000000,0,0,1,0,1
present,4332,144372900,0x00000000,0,0,0,0x00000000,0x00000000,0,0,1,0,1
present,4333,144408902,0x00000000,0,0,0,0x00000000,0x00000000,0,0,1,0,1
present,4334,144442627,0x00000000,0,0,0,0x00000000,0x00000000,0,0,1,0,1
present,4335,144474722,0x00000000,0,0,0,0x00000000,0x00000000,0,0,1,0,1
present,4336,144510043,0x00000000,0,0,0,0x00000000,0x00000000,0,0,1,0,1
present,4337,144538713,0x00000000,0,0,0,0x00000000,0x00000000,0,0,1,0,1
present,4338,144575183,0x00000000,0,0,0,0x00000000,0x00000000,0,0,1,0,1
present,4339,144604408,0x00000000,0,0,0,0x00000000,0x00000000,0,0,1,0,1
present,4340,144638141,0x00000000,0,0,0,0x00000000,0x00000000,0,0,1,0,1
present,4341,144674380,0x00000000,0,0,0,0x00000000,0x00000000,0,0,1,0,1
present,4342,144708663,0x00000000,0,0,0,0x00000000,0x00000000,0,0,1,0,1
present,4343,144741882,0x00000000,0,0,0,0x00000000,0x00000000,0,0,1,0,1
present,4344,144775113,0x00000000,0,0,0,0x00000000,0x00000000,0,0,1,0,1
present,4345,144808649,0x00000000,0,0,0,0x00000000,0x00000000,0,0,1,0,1
present,4346,144840243,0x00000000,0,0,0,0x00000000,0x00000000,0,0,1,0,1
present,4347,144874851,0x00000000,0,0,0,0x00000000,0x00000000,0,0,1,0,1
present,4348,144907007,0x00000000,0,0,0,0x00000000,0x00000000,0,0,1,0,1
present,4349,144939737,0x00000000,0,0,0,0x00000000,0x00000000,0,0,1,0,1
present,4350,144975027,0x00000000,0,0,0,0x00000000,0x00000000,0,0,1,0,1
present,4351,145002953,0x00000000,0,0,0,0x00000000,0x00000000,1,0,1,0,1
present,4352,145043283,0x00000000,0,0,0,0x00000000,0x00000000,1,0,1,0,1
present,4353,145076200,0x00000000,0,0,0,0x00000000,0x00000000,1,0,1,0,1
present,4354,145109176,0x00000000,0,0,0,0x00000000,0x00000000,1,0,1,0,1
present,4355,145141382,0x00000000,0,0,0,0x00000000,0x00000000,1,0,1,0,1
present,4356,145174416,0x00000000,0,0,0,0x00000000,0x00000000,1,0,1,0,1
present,4357,145201960,0x00000000,0,0,0,0x00000000,0x00000000,1,0,1,0,1
present,4358,145241455,0x00000000,0,0,0,0x00000000,0x00000000,1,0,1,0,1
present,4359,145270726,0x00000000,0,0,0,0x00000000,0x00000000,1,0,1,0,1
present,4360,145309902,0x00000000,0,0,0,0x00000000,0x00000000,1,0,1,0,1
present,4361,145338597,0x00000000,0,0,0,0x00000000,0x00000000,1,0,1,0,1
present,4362,145370432,0x00000000,0,0,0,0x00000000,0x00000000,1,0,1,0,1
present,4363,145405515,0x00000000,0,0,0,0x00000000,0x00000000,1,0,1,0,1
present,4364,145437496,0x00000000,0,0,0,0x00000000,0x00000000,1,0,1,0,1
present,4365,145469942,0x00000000,0,0,0,0x00000000,0x00000000,1,0,1,0,1
present,4366,145508231,0x00000000,0,0,0,0x00000000,0x00000000,1,0,1,0,1
present,4367,145542267,0x00000000,0,0,0,0x00000000,0x00000000,1,0,1,0,1
present,4368,145567556,0x00000000,0,0,0,0x00000000,0x00000000,1,0,1,0,1
present,4369,145603611,0x00000000,0,0,0,0x00000000,0x00000000,1,0,1,0,1
present,4370,145642909,0x00000000,0,0,0,0x00000000,0x00000000,1,0,1,0,1
present,4371,145666821,0x00000000,0,0,0,0x00000000,0x00000000,1,0,1,0,1
present,4372,145701924,0x00000000,0,0,0,0x00000000,0x00000000,1,0,1,0,1
present,4373,145740029,0x00000000,0,0,0,0x00000000,0x00000000,1,0,1,0,1
present,4374,145775243,0x00000000,0,0,0,0x00000000,0x00000000,1,0,1,0,1
present,4375,145808837,0x00000000,0,0,0,0x00000000,0x00000000,1,0,1,0,1
present,4376,145834052,0x00000000,0,0,0,0x00000000,0x00000000,1,0,1,0,1
present,4377,145870740,0x00000000,0,0,0,0x00000000,0x00000000,1,0,1,0,1
present,4378,145908108,0x00000000,0,0,0,0x00000000,0x00000000,1,0,1,0,1
present,4379,145941404,0x00000000,0,0,0,0x00000000,0x00000000,1,0,1,0,1
present,4380,145976354,0x00000000,0,0,0,0x00000000,0x00000000,1,0,1,0,1
present,4381,146004344,0x00000000,0,0,0,0x00000000,0x00000000,2,0,1,0,1
present,4382,146037154,0x00000000,0,0,0,0x00000000,0x00000000,2,0,1,0,1
present,4383,146069638,0x00000000,0,0,0,0x00000000,0x00000000,2,0,1,0,1
present,4384,146109685,0x00000000,0,0,0,0x00000000,0x00000000,2,0,1,0,1
present,4385,146137802,0x00000000,0,0,0,0x00000000,0x00000000,2,0,1,0,1
present,4386,146175759,0x00000000,0,0,0,0x00000000,0x00000000,2,0,1,0,1
present,4387,146203902,0x00000000,0,0,0,0x00000000,0x00000000,2,0,1,0,1
present,4388,146233930,0x00000000,0,0,0,0x00000000,0x00000000,2,0,1,0,1
present,4389,146269659,0x00000000,0,0,0,0x00000000,0x00000000,2,0,1,0,1
present,4390,146308075,0x00000000,0,0,0,0x00000000,0x00000000,2,0,1,0,1
present,4391,146336370,0x00000000,0,0,0,0x00000000,0x00000000,2,0,1,0,1
present,4392,146370693,0x00000000,0,0,0,0x00000000,0x00000000,2,0,1,0,1
present,4393,146406032,0x00000000,0,0,0,0x00000000,0x00000000,2,0,1,0,1
present,4394,146441584,0x00000000,0,0,0,0x00000000,0x00000000,2,0,1,0,1
present,4395,146472351,0x00000000,0,0,0,0x00000000,0x00000000,2,0,1,0,1
present,4396,146509490,0x00000000,0,0,0,0x00000000,0x00000000,2,0,1,0,1
present,4397,146536526,0x00000000,0,0,0,0x00000000,0x00000000,2,0,1,0,1
present,4398,146568483,0x00000000,0,0,0,0x00000000,0x00000000,2,0,1,0,1
present,4399,146608225,0x00000000,0,0,0,0x00000000,0x00000000,2,0,1,0,1
present,4400,146634074,0x00000000,0,0,0,0x00000000,0x00000000,2,0,1,0,1
present,4401,146674540,0x00000000,0,0,0,0x00000000,0x00000000,2,0,1,0,1
present,4402,146708925,0x00000000,0,0,0,0x00000000,0x00000000,2,0,1,0,1
present,4403,146742207,0x00000000,0,0,0,0x00000000,0x00000000,2,0,1,0,1
present,4404,146770122,0x00000000,0,0,0,0x00000000,0x00000000,2,0,1,0,1
present,4405,146803359,0x00000000,0,0,0,0x00000000,0x00000000,2,0,1,0,1
present,4406,146841956,0x00000000,0,0,0,0x00000000,0x00000000,2,0,1,0,1
present,4407,146871397,0x00000000,0,0,0,0x00000000,0x00000000,2,0,1,0,1
present,4408,146908223,0x00000000,0,0,0,0x00000000,0x00000000,2,0,1,0,1
present,4409,146934937,0x00000000,0,0,0,0x00000000,0x00000000,2,0,1,0,1
present,4410,146969622,0x00000000,0,0,0,0x00000000,0x00000000,2,0,1,0,1
present,4411,147000571,0x00000000,0,0,0,0x00000000,0x00000000,3,0,1,0,1
present,4412,147041451,0x00000000,0,0,0,0x00000000,0x00000000,3,0,1,0,1
present,4413,147070402,0x00000000,0,0,0,0x00000000,0x00000000,3,0,1,0,1
present,4414,147106036,0x00000000,0,0,0,0x00000000,0x00000000,3,0,1,0,1
present,4415,147141672,0x00000000,0,0,0,0x00000000,0x00000000,3,0,1,0,1
present,4416,147174838,0x00000000,0,0,0,0x00000000,0x00000000,3,0,1,0,1
present,4417,147208338,0x00000000,0,0,0,0x00000000,0x00000000,3,0,1,0,1
present,4418,147241374,0x00000000,0,0,0,0x00000000,0x00000000,3,0,1,0,1
present,4419,147270996,0x00000000,0,0,0,0x00000000,0x00000000,3,0,1,0,1
present,4420,147308287,0x00000000,0,0,0,0x00000000,0x00000000,3,0,1,0,1
present,4421,147336821,0x00000000,0,0,0,0x00000000,0x00000000,3,0,1,0,1
present,4422,147367274,0x00000000,0,0,0,0x00000000,0x00000000,3,0,1,0,1
present,4423,147400214,0x00000000,0,0,0,0x00000000,0x00000000,3,0,1,0,1
present,4424,147441990,0x00000000,0,0,0,0x00000000,0x00000000,3,0,1,0,1
present,4425,147475099,0x00000000,0,0,0,0x00000000,0x00000000,3,0,1,0,1
present,4426,147508147,0x00000000,0,0,0,0x00000000,0x00000000,3,0,1,0,1
present,4427,147541392,0x00000000,0,0,0,0x00000000,0x00000000,3,0,1,0,1
present,4428,147576417,0x00000000,0,0,0,0x00000000,0x00000000,3,0,1,0,1
present,4429,147601309,0x00000000,0,0,0,0x00000000,0x00000000,3,0,1,0,1
present,4430,147635000,0x00000000,0,0,0,0x00000000,0x00000000,3,0,1,0,1
present,4431,147673787,0x00000000,0,0,0,0x00000000,0x00000000,3,0,1,0,1
present,4432,147709020,0x00000000,0,0,0,0x00000000,0x00000000,3,0,1,0,1
present,4433,147742308,0x00000000,0,0,0,0x00000000,0x00000000,3,0,1,0,1
present,4434,147775552,0x00000000,0,0,0,0x00000000,0x00000000,3,0,1,0,1
present,4435,147808798,0x00000000,0,0,0,0x00000000,0x00000000,3,0,1,0,1
present,4436,147842291,0x00000000,0,0,0,0x00000000,0x00000000,3,0,1,0,1
present,4437,147869367,0x00000000,0,0,0,0x00000000,0x00000000,3,0,1,0,1
present,4438,147905053,0x00000000,0,0,0,0x00000000,0x00000000,3,0,1,0,1
present,4439,147941612,0x00000000,0,0,0,0x00000000,0x00000000,3,0,1,0,1
present,4440,147974755,0x00000000,0,0,0,0x00000000,0x00000000,3,0,1,0,1
present,4441,148008840,0x00000000,0,0,0,0x00000000,0x00000000,0,0,1,0,1
present,4442,148041878,0x00000000,0,0,0,0x00000000,0x00000000,0,0,1,0,1
present,4443,148074727,0x00000000,0,0,0,0x00000000,0x00000000,0,0,1,0,1
present,4444,148108628,0x00000000,0,0,0,0x00000000,0x00000000,0,0,1,0,1
present,4445,148142059,0x00000000,0,0,0,0x00000000,0x00000000,0,0,1,0,1
present,4446,148174690,0x00000000,0,0,0,0x00000000,0x00000000,0,0,1,0,1
present,4447,148203751,0x00000000,0,0,0,0x00000000,0x00000000,0,0,1,0,1
present,4448,148243003,0x00000000,0,0,0,0x00000000,0x00000000,0,0,1,0,1
present,4449,148275835,0x00000000,0,0,0,0x00000000,0x00000000,0,0,1,0,1
present,4450,148308741,0x00000000,0,0,0,0x00000000,0x00000000,0,0,1,0,1
present,4451,148337246,0x00000000,0,0,0,0x00000000,0x00000000,0,0,1,0,1
present,4452,148374927,0x00000000,0,0,0,0x00000000,0x00000000,0,0,1,0,1
present,4453,148408533,0x00000000,0,0,0,0x00000000,0x00000000,0,0,1,0,1
present,4454,148434989,0x00000000,0,0,0,0x00000000,0x00000000,0,0,1,0,1
present,4455,148469859,0x00000000,0,0,0,0x00000000,0x00000000,0,0,1,0,1
present,4456,148508920,0x00000000,0,0,0,0x00000000,0x00000000,0,0,1,0,1
present,4457,148540788,0x00000000,0,0,0,0x00000000,0x00000000,0,0,1,0,1
present,4458,148567220,0x00000000,0,0,0,0x00000000,0x00000000,0,0,1,0,1
present,4459,148607421,0x00000000,0,0,0,0x00000000,0x00000000,0,0,1,0,1
present,4460,148637704,0x00000000,0,0,0,0x00000000,0x00000000,0,0,1,0,1
present,4461,148671327,0x00000000,0,0,0,0x00000000,0x00000000,0,0,1,0,1
present,4462,148708611,0x00000000,0,0,0,0x00000000,0x00000000,0,0,1,0,1
present,4463,148741882,0x00000000,0,0,0,0x00000000,0x00000000,0,0,1,0,1
present,4464,148766782,0x00000000,0,0,0,0x00000000,0x00000000,0,0,1,0,1
present,4465,148809304,0x00000000,0,0,0,0x00000000,0x00000000,0,0,1,0,1
present,4466,148833944,0x00000000,0,0,0,0x00000000,0x00000000,0,0,1,0,1
present,4467,148876204,0x00000000,0,0,0,0x00000000,0x00000000,0,0,1,0,1
present,4468,148904465,0x00000000,0,0,0,0x00000000,0x00000000,0,0,1,0,1
present,4469,148936654,0x00000000,0,0,0,0x00000000,0x00000000,0,0,1,0,1
present,4470,148974881,0x00000000,0,0,0,0x00000000,0x00000000,0,0,1,0,1
present,4471,149003566,0x00000000,0,0,0,0x00000000,0x00000000,1,0,1,0,1
present,4472,149041562,0x00000000,0,0,0,0x00000000,0x00000000,1,0,1,0,1
present,4473,149075085,0x00000000,0,0,0,0x00000000,0x00000000,1,0,1,0,1
present,4474,149106875,0x00000000,0,0,0,0x00000000,0x00000000,1,0,1,0,1
present,4475,149136123,0x00000000,0,0,0,0x00000000,0x00000000,1,0,1,0,1
present,4476,149176421,0x00000000,0,0,0,0x00000000,0x00000000,1,0,1,0,1
present,4477,149200623,0x00000000,0,0,0,0x00000000,0x00000000,1,0,1,0,1
present,4478,149236780,0x00000000,0,0,0,0x00000000,0x00000000,1,0,1,0,1
present,4479,149267302,0x00000000,0,0,0,0x00000000,0x00000000,1,0,1,0,1
present,4480,149303544,0x00000000,0,0,0,0x00000000,0x00000000,1,0,1,0,1
present,4481,149342278,0x00000000,0,0,0,0x00000000,0x00000000,1,0,1,0,1
present,4482,149372772,0x00000000,0,0,0,0x00000000,0x00000000,1,0,1,0,1
present,4483,149400582,0x00000000,0,0,0,0x00000000,0x00000000,1,0,1,0,1
present,4484,149433941,0x00000000,0,0,0,0x00000000,0x00000000,1,0,1,0,1
present,4485,149471063,0x00000000,0,0,0,0x00000000,0x00000000,1,0,1,0,1
present,4486,149504585,0x00000000,0,0,0,0x00000000,0x00000000,1,0,1,0,1
present,4487,149542826,0x00000000,0,0,0,0x00000000,0x00000000,1,0,1,0,1
present,4488,149574805,0x00000000,0,0,0,0x00000000,0x00000000,1,0,1,0,1
present,4489,149608655,0x00000000,0,0,0,0x00000000,0x00000000,1,0,1,0,1
present,4490,149636314,0x00000000,0,0,0,0x00000000,0x00000000,1,0,1,0,1
present,4491,149674606,0x00000000,0,0,0,0x00000000,0x00000000,1,0,1,0,1
present,4492,149708871,0x00000000,0,0,0,0x00000000,0x00000000,1,0,1,0,1
present,4493,149742100,0x00000000,0,0,0,0x00000000,0x00000000,1,0,1,0,1
present,4494,149770931,0x00000000,0,0,0,0x00000000,0x00000000,1,0,1,0,1
present,4495,149808509,0x00000000,0,0,0,0x00000000,0x00000000,1,0,1,0,1
present,4496,149835899,0x00000000,0,0,0,0x00000000,0x00000000,1,0,1,0,1
present,4497,149867344,0x00000000,0,0,0,0x00000000,0x00000000,1,0,1,0,1
present,4498,149909726,0x00000000,0,0,0,0x00000000,0x00000000,1,0,1,0,1
present,4499,149941443,0x00000000,0,0,0,0x00000000,0x00000000,1,0,1,0,1
present,4500,149972696,0x00000000,0,0,0,0x00000000,0x00000000,1,0,1,0,1
present,4501,150007748,0x00000000,0,0,0,0x00000000,0x00000000,2,0,1,0,1
present,4502,150041983,0x00000000,0,0,0,0x00000000,0x00000000,2,0,1,0,1
present,4503,150068604,0x00000000,0,0,0,0x00000000,0x00000000,2,0,1,0,1
present,4504,150103801,0x00000000,0,0,0,0x00000000,0x00000000,2,0,1,0,1
present,4505,150142198,0x00000000,0,0,0,0x00000000,0x00000000,2,0,1,0,1
present,4506,150170408,0x00000000,0,0,0,0x00000000,0x00000000,2,0,1,0,1
present,4507,150207551,0x00000000,0,0,0,0x00000000,0x00000000,2,0,1,0,1
present,4508,150240950,0x00000000,0,0,0,0x00000000,0x00000000,2,0,1,0,1
present,4509,150275659,0x00000000,0,0,0,0x00000000,0x00000000,2,0,1,0,1
present,4510,150305543,0x00000000,0,0,0,0x00000000,0x00000000,2,0,1,0,1
present,4511,150341892,0x00000000,0,0,0,0x00000000,0x00000000,2,0,1,0,1
present,4512,150375304,0x00000000,0,0,0,0x00000000,0x00000000,2,0,1,0,1
present,4513,150409923,0x00000000,0,0,0,0x00000000,0x00000000,2,0,1,0,1
present,4514,150441278,0x00000000,0,0,0,0x00000000,0x00000000,2,0,1,0,1
present,4515,150474782,0x00000000,0,0,0,0x00000000,0x00000000,2,0,1,0,1
present,4516,150500675,0x00000000,0,0,0,0x00000000,0x00000000,2,0,1,0,1
present,4517,150541686,0x00000000,0,0,0,0x00000000,0x00000000,2,0,1,0,1
present,4518,150572940,0x00000000,0,0,0,0x00000000,0x00000000,2,0,1,0,1
present,4519,150608645,0x00000000,0,0,0,0x00000000,0x00000000,2,0,1,0,1
present,4520,150640923,0x00000000,0,0,0,0x00000000,0x00000000,2,0,1,0,1
present,4521,150675342,0x00000000,0,0,0,0x00000000,0x00000000,2,0,1,0,1
present,4522,150708666,0x00000000,0,0,0,0x00000000,0x00000000,2,0,1,0,1
present,4523,150741919,0x00000000,0,0,0,0x00000000,0x00000000,2,0,1,0,1
present,4524,150775178,0x00000000,0,0,0,0x00000000,0x00000000,2,0,1,0,1
present,4525,150808505,0x00000000,0,0,0,0x00000000,0x00000000,2,0,1,0,1
present,4526,150839446,0x00000000,0,0,0,0x00000000,0x00000000,2,0,1,0,1
present,4527,150867704,0x00000000,0,0,0,0x00000000,0x00000000,2,0,1,0,1
present,4528,150909747,0x00000000,0,0,0,0x00000000,0x00000000,2,0,1,0,1
present,4529,150934042,0x00000000,0,0,0,0x00000000,0x00000000,2,0,1,0,1
present,4530,150973317,0x00000000,0,0,0,0x00000000,0x00000000,2,0,1,0,1
present,4531,151008090,0x00000000,0,0,0,0x00000000,0x00000000,3,0,1,0,1
present,4532,151037620,0x00000000,0,0,0,0x00000000,0x00000000,3,0,1,0,1
present,4533,151075176,0x00000000,0,0,0,0x00000000,0x00000000,3,0,1,0,1
present,4534,151102668,0x00000000,0,0,0,0x00000000,0x00000000,3,0,1,0,1
present,4535,151141612,0x00000000,0,0,0,0x00000000,0x00000000,3,0,1,0,1
present,4536,151173564,0x00000000,0,0,0,0x00000000,0x00000000,3,0,1,0,1
present,4537,151208299,0x00000000,0,0,0,0x00000000,0x00000000,3,0,1,0,1
present,4538,151241001,0x00000000,0,0,0,0x00000000,0x00000000,3,0,1,0,1
present,4539,151271070,0x00000000,0,0,0,0x00000000,0x00000000,3,0,1,0,1
present,4540,151303166,0x00000000,0,0,0,0x00000000,0x00000000,3,0,1,0,1
present,4541,151342052,0x00000000,0,0,0,0x00000000,0x00000000,3,0,1,0,1
present,4542,151367344,0x00000000,0,0,0,0x00000000,0x00000000,3,0,1,0,1
present,4543,151409373,0x00000000,0,0,0,0x00000000,0x00000000,3,0,1,0,1
present,4544,151441272,0x00000000,0,0,0,0x00000000,0x00000000,3,0,1,0,1
present,4545,151468815,0x00000000,0,0,0,0x00000000,0x00000000,3,0,1,0,1
present,4546,151509732,0x00000000,0,0,0,0x00000000,0x00000000,3,0,1,0,1
present,4547,151540644,0x00000000,0,0,0,0x00000000,0x00000000,3,0,1,0,1
present,4548,151574678,0x00000000,0,0,0,0x00000000,0x00000000,3,0,1,0,1
present,4549,151607509,0x00000000,0,0,0,0x00000000,0x00000000,3,0,1,0,1
present,4550,151640007,0x00000000,0,0,0,0x00000000,0x00000000,3,0,1,0,1
present,4551,151675292,0x00000000,0,0,0,0x00000000,0x00000000,3,0,1,0,1
present,4552,151700193,0x00000000,0,0,0,0x00000000,0x00000000,3,0,1,0,1
present,4553,151742481,0x00000000,0,0,0,0x00000000,0x00000000,3,0,1,0,1
present,4554,151775721,0x00000000,0,0,0,0x00000000,0x00000000,3,0,1,0,1
present,4555,151809277,0x00000000,0,0,0,0x00000000,0x00000000,3,0,1,0,1
present,4556,151838126,0x00000000,0,0,0,0x00000000,0x00000000,3,0,1,0,1
present,4557,151869847,0x00000000,0,0,0,0x00000000,0x00000000,3,0,1,0,1
present,4558,151903431,0x00000000,0,0,0,0x00000000,0x00000000,3,0,1,0,1
present,4559,151934348,0x00000000,0,0,0,0x00000000,0x00000000,3,0,1,0,1
present,4560,151975356,0x00000000,0,0,0,0x00000000,0x00000000,3,0,1,0,1
present,4561,152002200,0x00000000,0,0,0,0x00000000,0x00000000,0,0,1,0,1
present,4562,152040540,0x00000000,0,0,0,0x00000000,0x00000000,0,0,1,0,1
present,4563,152072709,0x00000000,0,0,0,0x00000000,0x00000000,0,0,1,0,1
present,4564,152109675,0x00000000,0,0,0,0x00000000,0x00000000,0,0,1,0,1
present,4565,152139901,0x00000000,0,0,0,0x00000000,0x00000000,0,0,1,0,1
present,4566,152175878,0x00000000,0,0,0,0x00000000,0x00000000,0,0,1,0,1
present,4567,152201881,0x00000000,0,0,0,0x00000000,0x00000000,0,0,1,0,1
present,4568,152241889,0x00000000,0,0,0,0x00000000,0x00000000,0,0,1,0,1
present,4569,152274542,0x00000000,0,0,0,0x00000000,0x00000000,0,0,1,0,1
present,4570,152306755,0x00000000,0,0,0,0x00000000,0x00000000,0,0,1,0,1
present,4571,152342462,0x00000000,0,0,0,0x00000000,0x00000000,0,0,1,0,1
present,4572,152368200,0x00000000,0,0,0,0x00000000,0x00000000,0,0,1,0,1
present,4573,152406284,0x00000000,0,0,0,0x00000000,0x00000000,0,0,1,0,1
present,4574,152441725,0x00000000,0,0,0,0x00000000,0x00000000,0,0,1,0,1
present,4575,152474540,0x00000000,0,0,0,0x00000000,0x00000000,0,0,1,0,1
present,4576,152509519,0x00000000,0,0,0,0x00000000,0x00000000,0,0,1,0,1
present,4577,152541661,0x00000000,0,0,0,0x00000000,0x00000000,0,0,1,0,1
present,4578,152567214,0x00000000,0,0,0,0x00000000,0x00000000,0,0,1,0,1
present,4579,152608062,0x00000000,0,0,0,0x00000000,0x00000000,0,0,1,0,1
present,4580,152642359,0x00000000,0,0,0,0x00000000,0x00000000,0,0,1,0,1
present,4581,152674700,0x00000000,0,0,0,0x00000000,0x00000000,0,0,1,0,1
present,4582,152702313,0x00000000,0,0,0,0x00000000,0x00000000,0,0,1,0,1
present,4583,152741589,0x00000000,0,0,0,0x00000000,0x00000000,0,0,1,0,1
present,4584,152766777,0x00000000,0,0,0,0x00000000,0x00000000,0,0,1,0,1
present,4585,152809121,0x00000000,0,0,0,0x00000000,0x00000000,0,0,1,0,1
present,4586,152842342,0x00000000,0,0,0,0x00000000,0x00000000,0,0,1,0,1
present,4587,152871748,0x00000000,0,0,0,0x00000000,0x00000000,0,0,1,0,1
present,4588,152909105,0x00000000,0,0,0,0x00000000,0x00000000,0,0,1,0,1
present,4589,152942926,0x00000000,0,0,0,0x00000000,0x00000000,0,0,1,0,1
present,4590,152975978,0x00000000,0,0,0,0x00000000,0x00000000,0,0,1,0,1
present,4591,153003556,0x00000000,0,0,0,0x00000000,0x00000000,1,0,1,0,1
present,4592,153034008,0x00000000,0,0,0,0x00000000,0x00000000,1,0,1,0,1
present,4593,153074936,0x00000000,0,0,0,0x00000000,0x00000000,1,0,1,0,1
present,4594,153103708,0x00000000,0,0,0,0x00000000,0x00000000,1,0,1,0,1
present,4595,153141411,0x00000000,0,0,0,0x00000000,0x00000000,1,0,1,0,1
present,4596,153167624,0x00000000,0,0,0,0x00000000,0x00000000,1,0,1,0,1
present,4597,153209087,0x00000000,0,0,0,0x00000000,0x00000000,1,0,1,0,1
present,4598,153241311,0x00000000,0,0,0,0x00000000,0x00000000,1,0,1,0,1
present,4599,153269955,0x00000000,0,0,0,0x00000000,0x00000000,1,0,1,0,1
present,4600,153302026,0x00000000,0,0,0,0x00000000,0x00000000,1,0,1,0,1
present,4601,153341362,0x00000000,0,0,0,0x00000000,0x00000000,1,0,1,0,1
present,4602,153374549,0x00000000,0,0,0,0x00000000,0x00000000,1,0,1,0,1
present,4603,153407208,0x00000000,0,0,0,0x00000000,0x00000000,1,0,1,0,1
present,4604,153442153,0x00000000,0,0,0,0x00000000,0x00000000,1,0,1,0,1
present,4605,153468260,0x00000000,0,0,0,0x00000000,0x00000000,1,0,1,0,1
present,4606,153508663,0x00000000,0,0,0,0x00000000,0x00000000,1,0,1,0,1
present,4607,153537970,0x00000000,0,0,0,0x00000000,0x00000000,1,0,1,0,1
present,4608,153570136,0x00000000,0,0,0,0x00000000,0x00000000,1,0,1,0,1
present,4609,153608474,0x00000000,0,0,0,0x00000000,0x00000000,1,0,1,0,1
present,4610,153641344,0x00000000,0,0,0,0x00000000,0x00000000,1,0,1,0,1
present,4611,153672846,0x00000000,0,0,0,0x00000000,0x00000000,1,0,1,0,1
present,4612,153709116,0x00000000,0,0,0,0x00000000,0x00000000,1,0,1,0,1
present,4613,153742366,0x00000000,0,0,0,0x00000000,0x00000000,1,0,1,0,1
present,4614,153775622,0x00000000,0,0,0,0x00000000,0x00000000,1,0,1,0,1
present,4615,153809200,0x00000000,0,0,0,0x00000000,0x00000000,1,0,1,0,1
present,4616,153841426,0x00000000,0,0,0,0x00000000,0x00000000,1,0,1,0,1
present,4617,153868534,0x00000000,0,0,0,0x00000000,0x00000000,1,0,1,0,1
present,4618,153904473,0x00000000,0,0,0,0x00000000,0x00000000,1,0,1,0,1
present,4619,153941362,0x00000000,0,0,0,0x00000000,0x00000000,1,0,1,0,1
present,4620,153976235,0x00000000,0,0,0,0x00000000,0x00000000,1,0,1,0,1
present,4621,154009102,0x00000000,0,0,0,0x00000000,0x00000000,2,0,1,0,1
present,4622,154035502,0x00000000,0,0,0,0x00000000,0x00000000,2,0,1,0,1
present,4623,154067245,0x00000000,0,0,0,0x00000000,0x00000000,2,0,1,0,1
present,4624,154103513,0x00000000,0,0,0,0x00000000,0x00000000,2,0,1,0,1
present,4625,154142448,0x00000000,0,0,0,0x00000000,0x00000000,2,0,1,0,1
present,4626,154173566,0x00000000,0,0,0,0x00000000,0x00000000,2,0,1,0,1
present,4627,154209255,0x00000000,0,0,0,0x00000000,0x00000000,2,0,1,0,1
present,4628,154241386,0x00000000,0,0,0,0x00000000,0x00000000,2,0,1,0,1
present,4629,154269033,0x00000000,0,0,0,0x00000000,0x00000000,2,0,1,0,1
present,4630,154309284,0x00000000,0,0,0,0x00000000,0x00000000,2,0,1,0,1
present,4631,154342218,0x00000000,0,0,0,0x00000000,0x00000000,2,0,1,0,1
present,4632,154369100,0x00000000,0,0,0,0x00000000,0x00000000,2,0,1,0,1
present,4633,154408147,0x00000000,0,0,0,0x00000000,0x00000000,2,0,1,0,1
present,4634,154437046,0x00000000,0,0,0,0x00000000,0x00000000,2,0,1,0,1
present,4635,154476038,0x00000000,0,0,0,0x00000000,0x00000000,2,0,1,0,1
present,4636,154508998,0x00000000,0,0,0,0x00000000,0x00000000,2,0,1,0,1
present,4637,154537005,0x00000000,0,0,0,0x00000000,0x00000000,2,0,1,0,1
present,4638,154576115,0x00000000,0,0,0,0x00000000,0x00000000,2,0,1,0,1
present,4639,154608148,0x00000000,0,0,0,0x00000000,0x00000000,2,0,1,0,1
present,4640,154634634,0x00000000,0,0,0,0x00000000,0x00000000,2,0,1,0,1
present,4641,154670548,0x00000000,0,0,0,0x00000000,0x00000000,2,0,1,0,1
present,4642,154708831,0x00000000,0,0,0,0x00000000,0x00000000,2,0,1,0,1
present,4643,154742172,0x00000000,0,0,0,0x00000000,0x00000000,2,0,1,0,1
present,4644,154775402,0x00000000,0,0,0,0x00000000,0x00000000,2,0,1,0,1
present,4645,154808714,0x00000000,0,0,0,0x00000000,0x00000000,2,0,1,0,1
present,4646,154839372,0x00000000,0,0,0,0x00000000,0x00000000,2,0,1,0,1
present,4647,154871878,0x00000000,0,0,0,0x00000000,0x00000000,2,0,1,0,1
present,4648,154908734,0x00000000,0,0,0,0x00000000,0x00000000,2,0,1,0,1
present,4649,154940014,0x00000000,0,0,0,0x00000000,0x00000000,2,0,1,0,1
present,4650,154973648,0x00000000,0,0,0,0x00000000,0x00000000,2,0,1,0,1
present,4651,155008104,0x00000000,0,0,0,0x00000000,0x00000000,3,0,1,0,1
present,4652,155041520,0x00000000,0,0,0,0x00000000,0x00000000,3,0,1,0,1
present,4653,155070066,0x00000000,0,0,0,0x00000000,0x00000000,3,0,1,0,1
present,4654,155105175,0x00000000,0,0,0,0x00000000,0x00000000,3,0,1,0,1
present,4655,155137236,0x00000000,0,0,0,0x00000000,0x00000000,3,0,1,0,1
present,4656,155170555,0x00000000,0,0,0,0x00000000,0x00000000,3,0,1,0,1
present,4657,155200571,0x00000000,0,0,0,0x00000000,0x00000000,3,0,1,0,1
present,4658,155240383,0x00000000,0,0,0,0x00000000,0x00000000,3,0,1,0,1
present,4659,155274720,0x00000000,0,0,0,0x00000000,0x00000000,3,0,1,0,1
present,4660,155304174,0x00000000,0,0,0,0x00000000,0x00000000,3,0,1,0,1
present,4661,155343320,0x00000000,0,0,0,0x00000000,0x00000000,3,0,1,0,1
present,4662,155374939,0x00000000,0,0,0,0x00000000,0x00000000,3,0,1,0,1
present,4663,155408863,0x00000000,0,0,0,0x00000000,0x00000000,3,0,1,0,1
present,4664,155438813,0x00000000,0,0,0,0x00000000,0x00000000,3,0,1,0,1
present,4665,155475627,0x00000000,0,0,0,0x00000000,0x00000000,3,0,1,0,1
present,4666,155502814,0x00000000,0,0,0,0x00000000,0x00000000,3,0,1,0,1
present,4667,155541479,0x00000000,0,0,0,0x00000000,0x00000000,3,0,1,0,1
present,4668,155569226,0x00000000,0,0,0,0x00000000,0x00000000,3,0,1,0,1
present,4669,155603961,0x00000000,0,0,0,0x00000000,0x00000000,3,0,1,0,1
present,4670,155642616,0x00000000,0,0,0,0x00000000,0x00000000,3,0,1,0,1
present,4671,155674947,0x00000000,0,0,0,0x00000000,0x00000000,3,0,1,0,1
present,4672,155708165,0x00000000,0,0,0,0x00000000,0x00000000,3,0,1,0,1
present,4673,155742417,0x00000000,0,0,0,0x00000000,0x00000000,3,0,1,0,1
present,4674,155775766,0x00000000,0,0,0,0x00000000,0x00000000,3,0,1,0,1
present,4675,155809518,0x00000000,0,0,0,0x00000000,0x00000000,3,0,1,0,1
present,4676,155835836,0x00000000,0,0,0,0x00000000,0x00000000,3,0,1,0,1
present,4677,155875450,0x00000000,0,0,0,0x00000000,0x00000000,3,0,1,0,1
present,4678,155903281,0x00000000,0,0,0,0x00000000,0x00000000,3,0,1,0,1
present,4679,155938473,0x00000000,0,0,0,0x00000000,0x00000000,3,0,1,0,1
present,4680,155975421,0x00000000,0,0,0,0x00000000,0x00000000,3,0,1,0,1
present,4681,156009326,0x00000000,0,0,0,0x00000000,0x00000000,0,0,1,0,1
present,4682,156042317,0x00000000,0,0,0,0x00000000,0x00000000,0,0,1,0,1
present,4683,156076524,0x00000000,0,0,0,0x00000000,0x00000000,0,0,1,0,1
present,4684,156108494,0x00000000,0,0,0,0x00000000,0x00000000,0,0,1,0,1
present,4685,156139655,0x00000000,0,0,0,0x00000000,0x00000000,0,0,1,0,1
present,4686,156168920,0x00000000,0,0,0,0x00000000,0x00000000,0,0,1,0,1
present,4687,156208231,0x00000000,0,0,0,0x00000000,0x00000000,0,0,1,0,1
present,4688,156242419,0x00000000,0,0,0,0x00000000,0x00000000,0,0,1,0,1
present,4689,156274922,0x00000000,0,0,0,0x00000000,0x00000000,0,0,1,0,1
present,4690,156308328,0x00000000,0,0,0,0x00000000,0x00000000,0,0,1,0,1
present,4691,156343435,0x00000000,0,0,0,0x00000000,0x00000000,0,0,1,0,1
present,4692,156369694,0x00000000,0,0,0,0x00000000,0x00000000,0,0,1,0,1
present,4693,156409041,0x00000000,0,0,0,0x00000000,0x00000000,0,0,1,0,1
present,4694,156437596,0x00000000,0,0,0,0x00000000,0x00000000,0,0,1,0,1
present,4695,156470720,0x00000000,0,0,0,0x00000000,0x00000000,0,0,1,0,1
present,4696,156507994,0x00000000,0,0,0,0x00000000,0x00000000,0,0,1,0,1
present,4697,156541831,0x00000000,0,0,0,0x00000000,0x00000000,0,0,1,0,1
present,4698,156574887,0x00000000,0,0,0,0x00000000,0x00000000,0,0,1,0,1
present,4699,156608152,0x00000000,0,0,0,0x00000000,0x00000000,0,0,1,0,1
present,4700,156637582,0x00000000,0,0,0,0x00000000,0x00000000,0,0,1,0,1
present,4701,156667764,0x00000000,0,0,0,0x00000000,0x00000000,0,0,1,0,1
present,4702,156709026,0x00000000,0,0,0,0x00000000,0x00000000,0,0,1,0,1
present,4703,156733482,0x00000000,0,0,0,0x00000000,0x00000000,0,0,1,0,1
present,4704,156769461,0x00000000,0,0,0,0x00000000,0x00000000,0,0,1,0,1
present,4705,156809175,0x00000000,0,0,0,0x00000000,0x00000000,0,0,1,0,1
present,4706,156841812,0x00000000,0,0,0,0x00000000,0x00000000,0,0,1,0,1
present,4707,156870530,0x00000000,0,0,0,0x00000000,0x00000000,0,0,1,0,1
present,4708,156908063,0x00000000,0,0,0,0x00000000,0x00000000,0,0,1,0,1
present,4709,156937735,0x00000000,0,0,0,0x00000000,0x00000000,0,0,1,0,1
present,4710,156971766,0x00000000,0,0,0,0x00000000,0x00000000,0,0,1,0,1
present,4711,157004388,0x00000000,0,0,0,0x00000000,0x00000000,1,0,1,0,1
present,4712,157039440,0x00000000,0,0,0,0x00000000,0x00000000,1,0,1,0,1
present,4713,157067270,0x00000000,0,0,0,0x00000000,0x00000000,1,0,1,0,1
present,4714,157106956,0x00000000,0,0,0,0x00000000,0x00000000,1,0,1,0,1
present,4715,157136775,0x00000000,0,0,0,0x00000000,0x00000000,1,0,1,0,1
present,4716,157170065,0x00000000,0,0,0,0x00000000,0x00000000,1,0,1,0,1
present,4717,157203866,0x00000000,0,0,0,0x00000000,0x00000000,1,0,1,0,1
present,4718,157237992,0x00000000,0,0,0,0x00000000,0x00000000,1,0,1,0,1
present,4719,157269944,0x00000000,0,0,0,0x00000000,0x00000000,1,0,1,0,1
present,4720,157308075,0x00000000,0,0,0,0x00000000,0x00000000,1,0,1,0,1
present,4721,157338007,0x00000000,0,0,0,0x00000000,0x00000000,1,0,1,0,1
present,4722,157375263,0x00000000,0,0,0,0x00000000,0x00000000,1,0,1,0,1
present,4723,157401321,0x00000000,0,0,0,0x00000000,0x00000000,1,0,1,0,1
present,4724,157441516,0x00000000,0,0,0,0x00000000,0x00000000,1,0,1,0,1
present,4725,157474817,0x00000000,0,0,0,0x00000000,0x00000000,1,0,1,0,1
present,4726,157503769,0x00000000,0,0,0,0x00000000,0x00000000,1,0,1,0,1
present,4727,157538048,0x00000000,0,0,0,0x00000000,0x00000000,1,0,1,0,1
present,4728,157572362,0x00000000,0,0,0,0x00000000,0x00000000,1,0,1,0,1
present,4729,157608631,0x00000000,0,0,0,0x00000000,0x00000000,1,0,1,0,1
present,4730,157641255,0x00000000,0,0,0,0x00000000,0x00000000,1,0,1,0,1
present,4731,157674169,0x00000000,0,0,0,0x00000000,0x00000000,1,0,1,0,1
present,4732,157708390,0x00000000,0,0,0,0x00000000,0x00000000,1,0,1,0,1
present,4733,157741583,0x00000000,0,0,0,0x00000000,0x00000000,1,0,1,0,1
present,4734,157775774,0x00000000,0,0,0,0x00000000,0x00000000,1,0,1,0,1
present,4735,157809339,0x00000000,0,0,0,0x00000000,0x00000000,1,0,1,0,1
present,4736,157841322,0x00000000,0,0,0,0x00000000,0x00000000,1,0,1,0,1
present,4737,157874899,0x00000000,0,0,0,0x00000000,0x00000000,1,0,1,0,1
present,4738,157908068,0x00000000,0,0,0,0x00000000,0x00000000,1,0,1,0,1
present,4739,157938885,0x00000000,0,0,0,0x00000000,0x00000000,1,0,1,0,1
present,4740,157970929,0x00000000,0,0,0,0x00000000,0x00000000,1,0,1,0,1
present,4741,158008396,0x00000000,0,0,0,0x00000000,0x00000000,2,0,1,0,1
present,4742,158037100,0x00000000,0,0,0,0x00000000,0x00000000,2,0,1,0,1
present,4743,158071811,0x00000000,0,0,0,0x00000000,0x00000000,2,0,1,0,1
present,4744,158100595,0x00000000,0,0,0,0x00000000,0x00000000,2,0,1,0,1
present,4745,158142004,0x00000000,0,0,0,0x00000000,0x00000000,2,0,1,0,1
present,4746,158174745,0x00000000,0,0,0,0x00000000,0x00000000,2,0,1,0,1
present,4747,158207915,0x00000000,0,0,0,0x00000000,0x00000000,2,0,1,0,1
present,4748,158236733,0x00000000,0,0,0,0x00000000,0x00000000,2,0,1,0,1
present,4749,158269601,0x00000000,0,0,0,0x00000000,0x00000000,2,0,1,0,1
present,4750,158303757,0x00000000,0,0,0,0x00000000,0x00000000,2,0,1,0,1
present,4751,158342864,0x00000000,0,0,0,0x00000000,0x00000000,2,0,1,0,1
present,4752,158375263,0x00000000,0,0,0,0x00000000,0x00000000,2,0,1,0,1
present,4753,158408173,0x00000000,0,0,0,0x00000000,0x00000000,2,0,1,0,1
present,4754,158441787,0x00000000,0,0,0,0x00000000,0x00000000,2,0,1,0,1
present,4755,158474678,0x00000000,0,0,0,0x00000000,0x00000000,2,0,1,0,1
present,4756,158507926,0x00000000,0,0,0,0x00000000,0x00000000,2,0,1,0,1
present,4757,158541705,0x00000000,0,0,0,0x00000000,0x00000000,2,0,1,0,1
present,4758,158575549,0x00000000,0,0,0,0x00000000,0x00000000,2,0,1,0,1
present,4759,158608177,0x00000000,0,0,0,0x00000000,0x00000000,2,0,1,0,1
present,4760,158635346,0x00000000,0,0,0,0x00000000,0x00000000,2,0,1,0,1
present,4761,158672412,0x00000000,0,0,0,0x00000000,0x00000000,2,0,1,0,1
present,4762,158708761,0x00000000,0,0,0,0x00000000,0x00000000,2,0,1,0,1
present,4763,158741983,0x00000000,0,0,0,0x00000000,0x00000000,2,0,1,0,1
present,4764,158769646,0x00000000,0,0,0,0x00000000,0x00000000,2,0,1,0,1
present,4765,158808918,0x00000000,0,0,0,0x00000000,0x00000000,2,0,1,0,1
present,4766,158842444,0x00000000,0,0,0,0x00000000,0x00000000,2,0,1,0,1
present,4767,158869236,0x00000000,0,0,0,0x00000000,0x00000000,2,0,1,0,1
present,4768,158903667,0x00000000,0,0,0,0x00000000,0x00000000,2,0,1,0,1
present,4769,158937183,0x00000000,0,0,0,0x00000000,0x00000000,2,0,1,0,1
present,4770,158976300,0x00000000,0,0,0,0x00000000,0x00000000,2,0,1,0,1
present,4771,159003164,0x00000000,0,0,0,0x00000000,0x00000000,3,0,1,0,1
present,4772,159039367,0x00000000,0,0,0,0x00000000,0x00000000,3,0,1,0,1
present,4773,159074719,0x00000000,0,0,0,0x00000000,0x00000000,3,0,1,0,1
present,4774,159105300,0x00000000,0,0,0,0x00000000,0x00000000,3,0,1,0,1
present,4775,159142150,0x00000000,0,0,0,0x00000000,0x00000000,3,0,1,0,1
present,4776,159168213,0x00000000,0,0,0,0x00000000,0x00000000,3,0,1,0,1
present,4777,159205322,0x00000000,0,0,0,0x00000000,0x00000000,3,0,1,0,1
present,4778,159239025,0x00000000,0,0,0,0x00000000,0x00000000,3,0,1,0,1
present,4779,159275727,0x00000000,0,0,0,0x00000000,0x00000000,3,0,1,0,1
present,4780,159304954,0x00000000,0,0,0,0x00000000,0x00000000,3,0,1,0,1
present,4781,159341361,0x00000000,0,0,0,0x00000000,0x00000000,3,0,1,0,1
present,4782,159374547,0x00000000,0,0,0,0x00000000,0x00000000,3,0,1,0,1
present,4783,159409689,0x00000000,0,0,0,0x00000000,0x00000000,3,0,1,0,1
present,4784,159442616,0x00000000,0,0,0,0x00000000,0x00000000,3,0,1,0,1
present,4785,159474614,0x00000000,0,0,0,0x00000000,0x00000000,3,0,1,0,1
present,4786,159504311,0x00000000,0,0,0,0x00000000,0x00000000,3,0,1,0,1
present,4787,159534981,0x00000000,0,0,0,0x00000000,0x00000000,3,0,1,0,1
present,4788,159567569,0x00000000,0,0,0,0x00000000,0x00000000,3,0,1,0,1
present,4789,159603703,0x00000000,0,0,0,0x00000000,0x00000000,3,0,1,0,1
present,4790,159634650,0x00000000,0,0,0,0x00000000,0x00000000,3,0,1,0,1
present,4791,159674277,0x00000000,0,0,0,0x00000000,0x00000000,3,0,1,0,1
present,4792,159708514,0x00000000,0,0,0,0x00000000,0x00000000,3,0,1,0,1
present,4793,159741807,0x00000000,0,0,0,0x00000000,0x00000000,3,0,1,0,1
present,4794,159775014,0x00000000,0,0,0,0x00000000,0x00000000,3,0,1,0,1
present,4795,159808587,0x00000000,0,0,0,0x00000000,0x00000000,3,0,1,0,1
present,4796,159839566,0x00000000,0,0,0,0x00000000,0x00000000,3,0,1,0,1
present,4797,159875477,0x00000000,0,0,0,0x00000000,0x00000000,3,0,1,0,1
present,4798,159909349,0x00000000,0,0,0,0x00000000,0x00000000,3,0,1,0,1
present,4799,159935855,0x00000000,0,0,0,0x00000000,0x00000000,3,0,1,0,1
present,4800,159974287,0x00000000,0,0,0,0x00000000,0x00000000,3,0,1,0,1
present,4801,160004022,0x00000000,0,0,0,0x00000000,0x00000000,0,0,1,0,1
present,4802,160035354,0x00000000,0,0,0,0x00000000,0x00000000,0,0,1,0,1
present,4803,160071843,0x00000000,0,0,0,0x00000000,0x00000000,0,0,1,0,1
present,4804,160109901,0x00000000,0,0,0,0x00000000,0x00000000,0,0,1,0,1
present,4805,160139039,0x00000000,0,0,0,0x00000000,0x00000000,0,0,1,0,1
present,4806,160174867,0x00000000,0,0,0,0x00000000,0x00000000,0,0,1,0,1
present,4807,160208698,0x00000000,0,0,0,0x00000000,0x00000000,0,0,1,0,1
present,4808,160236906,0x00000000,0,0,0,0x00000000,0x00000000,0,0,1,0,1
present,4809,160269807,0x00000000,0,0,0,0x00000000,0x00000000,0,0,1,0,1
present,4810,160306970,0x00000000,0,0,0,0x00000000,0x00000000,0,0,1,0,1
present,4811,160339625,0x00000000,0,0,0,0x00000000,0x00000000,0,0,1,0,1
present,4812,160371127,0x00000000,0,0,0,0x00000000,0x00000000,0,0,1,0,1
present,4813,160400613,0x00000000,0,0,0,0x00000000,0x00000000,0,0,1,0,1
present,4814,160436663,0x00000000,0,0,0,0x00000000,0x00000000,0,0,1,0,1
present,4815,160475872,0x00000000,0,0,0,0x00000000,0x00000000,0,0,1,0,1
present,4816,160504333,0x00000000,0,0,0,0x00000000,0x00000000,0,0,1,0,1
present,4817,160538815,0x00000000,0,0,0,0x00000000,0x00000000,0,0,1,0,1
present,4818,160575988,0x00000000,0,0,0,0x00000000,0x00000000,0,0,1,0,1
present,4819,160605042,0x00000000,0,0,0,0x00000000,0x00000000,0,0,1,0,1
present,4820,160640152,0x00000000,0,0,0,0x00000000,0x00000000,0,0,1,0,1
present,4821,160670526,0x00000000,0,0,0,0x00000000,0x00000000,0,0,1,0,1
present,4822,160708821,0x00000000,0,0,0,0x00000000,0x00000000,0,0,1,0,1
present,4823,160742043,0x00000000,0,0,0,0x00000000,0x00000000,0,0,1,0,1
present,4824,160775347,0x00000000,0,0,0,0x00000000,0x00000000,0,0,1,0,1
present,4825,160808944,0x00000000,0,0,0,0x00000000,0x00000000,0,0,1,0,1
present,4826,160836382,0x00000000,0,0,0,0x00000000,0x00000000,0,0,1,0,1
present,4827,160875528,0x00000000,0,0,0,0x00000000,0x00000000,0,0,1,0,1
present,4828,160905274,0x00000000,0,0,0,0x00000000,0x00000000,0,0,1,0,1
present,4829,160936795,0x00000000,0,0,0,0x00000000,0x00000000,0,0,1,0,1
present,4830,160970499,0x00000000,0,0,0,0x00000000,0x00000000,0,0,1,0,1
present,4831,161008239,0x00000000,0,0,0,0x00000000,0x00000000,1,0,1,0,1
present,4832,161034449,0x00000000,0,0,0,0x00000000,0x00000000,1,0,1,0,1
present,4833,161075251,0x00000000,0,0,0,0x00000000,0x00000000,1,0,1,0,1
present,4834,161108934,0x00000000,0,0,0,0x00000000,0x00000000,1,0,1,0,1
present,4835,161142992,0x00000000,0,0,0,0x00000000,0x00000000,1,0,1,0,1
present,4836,161170922,0x00000000,0,0,0,0x00000000,0x00000000,1,0,1,0,1
present,4837,161203791,0x00000000,0,0,0,0x00000000,0x00000000,1,0,1,0,1
present,4838,161236410,0x00000000,0,0,0,0x00000000,0x00000000,1,0,1,0,1
present,4839,161275885,0x00000000,0,0,0,0x00000000,0x00000000,1,0,1,0,1
present,4840,161303670,0x00000000,0,0,0,0x00000000,0x00000000,1,0,1,0,1
present,4841,161342712,0x00000000,0,0,0,0x00000000,0x00000000,1,0,1,0,1
present,4842,161374559,0x00000000,0,0,0,0x00000000,0x00000000,1,0,1,0,1
present,4843,161408096,0x00000000,0,0,0,0x00000000,0x00000000,1,0,1,0,1
present,4844,161440925,0x00000000,0,0,0,0x00000000,0x00000000,1,0,1,0,1
present,4845,161474758,0x00000000,0,0,0,0x00000000,0x00000000,1,0,1,0,1
present,4846,161507972,0x00000000,0,0,0,0x00000000,0x00000000,1,0,1,0,1
present,4847,161541255,0x00000000,0,0,0,0x00000000,0x00000000,1,0,1,0,1
present,4848,161568481,0x00000000,0,0,0,0x00000000,0x00000000,1,0,1,0,1
present,4849,161608327,0x00000000,0,0,0,0x00000000,0x00000000,1,0,1,0,1
present,4850,161640267,0x00000000,0,0,0,0x00000000,0x00000000,1,0,1,0,1
present,4851,161674300,0x00000000,0,0,0,0x00000000,0x00000000,1,0,1,0,1
present,4852,161708622,0x00000000,0,0,0,0x00000000,0x00000000,1,0,1,0,1
present,4853,161741902,0x00000000,0,0,0,0x00000000,0x00000000,1,0,1,0,1
present,4854,161775135,0x00000000,0,0,0,0x00000000,0x00000000,1,0,1,0,1
present,4855,161808697,0x00000000,0,0,0,0x00000000,0x00000000,1,0,1,0,1
present,4856,161842691,0x00000000,0,0,0,0x00000000,0x00000000,1,0,1,0,1
present,4857,161875081,0x00000000,0,0,0,0x00000000,0x00000000,1,0,1,0,1
present,4858,161907924,0x00000000,0,0,0,0x00000000,0x00000000,1,0,1,0,1
present,4859,161941542,0x00000000,0,0,0,0x00000000,0x00000000,1,0,1,0,1
present,4860,161968872,0x00000000,0,0,0,0x00000000,0x00000000,1,0,1,0,1
present,4861,162008829,0x00000000,0,0,0,0x00000000,0x00000000,2,0,1,0,1
present,4862,162036812,0x00000000,0,0,0,0x00000000,0x00000000,2,0,1,0,1
present,4863,162075933,0x00000000,0,0,0,0x00000000,0x00000000,2,0,1,0,1
present,4864,162106649,0x00000000,0,0,0,0x00000000,0x00000000,2,0,1,0,1
present,4865,162141637,0x00000000,0,0,0,0x00000000,0x00000000,2,0,1,0,1
present,4866,162174863,0x00000000,0,0,0,0x00000000,0x00000000,2,0,1,0,1
present,4867,162202486,0x00000000,0,0,0,0x00000000,0x00000000,2,0,1,0,1
present,4868,162241862,0x00000000,0,0,0,0x00000000,0x00000000,2,0,1,0,1
present,4869,162275354,0x00000000,0,0,0,0x00000000,0x00000000,2,0,1,0,1
present,4870,162303713,0x00000000,0,0,0,0x00000000,0x00000000,2,0,1,0,1
present,4871,162341463,0x00000000,0,0,0,0x00000000,0x00000000,2,0,1,0,1
present,4872,162370568,0x00000000,0,0,0,0x00000000,0x00000000,2,0,1,0,1
present,4873,162408076,0x00000000,0,0,0,0x00000000,0x00000000,2,0,1,0,1
present,4874,162434140,0x00000000,0,0,0,0x00000000,0x00000000,2,0,1,0,1
present,4875,162474739,0x00000000,0,0,0,0x00000000,0x00000000,2,0,1,0,1
present,4876,162509014,0x00000000,0,0,0,0x00000000,0x00000000,2,0,1,0,1
present,4877,162539280,0x00000000,0,0,0,0x00000000,0x00000000,2,0,1,0,1
present,4878,162574671,0x00000000,0,0,0,0x00000000,0x00000000,2,0,1,0,1
present,4879,162605019,0x00000000,0,0,0,0x00000000,0x00000000,2,0,1,0,1
present,4880,162637260,0x00000000,0,0,0,0x00000000,0x00000000,2,0,1,0,1
present,4881,162669670,0x00000000,0,0,0,0x00000000,0x00000000,2,0,1,0,1
present,4882,162707225,0x00000000,0,0,0,0x00000000,0x00000000,2,0,1,0,1
present,4883,162742476,0x00000000,0,0,0,0x00000000,0x00000000,2,0,1,0,1
present,4884,162775697,0x00000000,0,0,0,0x00000000,0x00000000,2,0,1,0,1
present,4885,162808969,0x00000000,0,0,0,0x00000000,0x00000000,2,0,1,0,1
present,4886,162842481,0x00000000,0,0,0,0x00000000,0x00000000,2,0,1,0,1
present,4887,162867714,0x00000000,0,0,0,0x00000000,0x00000000,2,0,1,0,1
present,4888,162909798,0x00000000,0,0,0,0x00000000,0x00000000,2,0,1,0,1
present,4889,162941341,0x00000000,0,0,0,0x00000000,0x00000000,2,0,1,0,1
present,4890,162976321,0x00000000,0,0,0,0x00000000,0x00000000,2,0,1,0,1
present,4891,163008003,0x00000000,0,0,0,0x00000000,0x00000000,3,0,1,0,1
present,4892,163043252,0x00000000,0,0,0,0x00000000,0x00000000,3,0,1,0,1
present,4893,163071500,0x00000000,0,0,0,0x00000000,0x00000000,3,0,1,0,1
present,4894,163109472,0x00000000,0,0,0,0x00000000,0x00000000,3,0,1,0,1
present,4895,163134124,0x00000000,0,0,0,0x00000000,0x00000000,3,0,1,0,1
present,4896,163173349,0x00000000,0,0,0,0x00000000,0x00000000,3,0,1,0,1
present,4897,163208252,0x00000000,0,0,0,0x00000000,0x00000000,3,0,1,0,1
present,4898,163235508,0x00000000,0,0,0,0x00000000,0x00000000,3,0,1,0,1
present,4899,163273515,0x00000000,0,0,0,0x00000000,0x00000000,3,0,1,0,1
present,4900,163301608,0x00000000,0,0,0,0x00000000,0x00000000,3,0,1,0,1
present,4901,163342437,0x00000000,0,0,0,0x00000000,0x00000000,3,0,1,0,1
present,4902,163376269,0x00000000,0,0,0,0x00000000,0x00000000,3,0,1,0,1
present,4903,163401041,0x00000000,0,0,0,0x00000000,0x00000000,3,0,1,0,1
present,4904,163433992,0x00000000,0,0,0,0x00000000,0x00000000,3,0,1,0,1
present,4905,163475110,0x00000000,0,0,0,0x00000000,0x00000000,3,0,1,0,1
present,4906,163509054,0x00000000,0,0,0,0x00000000,0x00000000,3,0,1,0,1
present,4907,163534859,0x00000000,0,0,0,0x00000000,0x00000000,3,0,1,0,1
present,4908,163573726,0x00000000,0,0,0,0x00000000,0x00000000,3,0,1,0,1
present,4909,163603334,0x00000000,0,0,0,0x00000000,0x00000000,3,0,1,0,1
present,4910,163636907,0x00000000,0,0,0,0x00000000,0x00000000,3,0,1,0,1
present,4911,163675257,0x00000000,0,0,0,0x00000000,0x00000000,3,0,1,0,1
present,4912,163708467,0x00000000,0,0,0,0x00000000,0x00000000,3,0,1,0,1
present,4913,163741733,0x00000000,0,0,0,0x00000000,0x00000000,3,0,1,0,1
present,4914,163772781,0x00000000,0,0,0,0x00000000,0x00000000,3,0,1,0,1
present,4915,163809543,0x00000000,0,0,0,0x00000000,0x00000000,3,0,1,0,1
present,4916,163836439,0x00000000,0,0,0,0x00000000,0x00000000,3,0,1,0,1
present,4917,163876361,0x00000000,0,0,0,0x00000000,0x00000000,3,0,1,0,1
present,4918,163908013,0x00000000,0,0,0,0x00000000,0x00000000,3,0,1,0,1
present,4919,163934130,0x00000000,0,0,0,0x00000000,0x00000000,3,0,1,0,1
present,4920,163970744,0x00000000,0,0,0,0x00000000,0x00000000,3,0,1,0,1
present,4921,164008458,0x00000000,0,0,0,0x00000000,0x00000000,0,0,1,0,1
present,4922,164041422,0x00000000,0,0,0,0x00000000,0x00000000,0,0,1,0,1
present,4923,164075466,0x00000000,0,0,0,0x00000000,0x00000000,0,0,1,0,1
present,4924,164101758,0x00000000,0,0,0,0x00000000,0x00000000,0,0,1,0,1
present,4925,164139226,0x00000000,0,0,0,0x00000000,0x00000000,0,0,1,0,1
present,4926,164167606,0x00000000,0,0,0,0x00000000,0x00000000,0,0,1,0,1
present,4927,164205199,0x00000000,0,0,0,0x00000000,0x00000000,0,0,1,0,1
present,4928,164237579,0x00000000,0,0,0,0x00000000,0x00000000,0,0,1,0,1
present,4929,164275365,0x00000000,0,0,0,0x00000000,0x00000000,0,0,1,0,1
present,4930,164304855,0x00000000,0,0,0,0x00000000,0x00000000,0,0,1,0,1
present,4931,164341244,0x00000000,0,0,0,0x00000000,0x00000000,0,0,1,0,1
present,4932,164370867,0x00000000,0,0,0,0x00000000,0x00000000,0,0,1,0,1
present,4933,164404787,0x00000000,0,0,0,0x00000000,0x00000000,0,0,1,0,1
present,4934,164438048,0x00000000,0,0,0,0x00000000,0x00000000,0,0,1,0,1
present,4935,164475727,0x00000000,0,0,0,0x00000000,0x00000000,0,0,1,0,1
present,4936,164503400,0x00000000,0,0,0,0x00000000,0x00000000,0,0,1,0,1
present,4937,164534010,0x00000000,0,0,0,0x00000000,0x00000000,0,0,1,0,1
present,4938,164574679,0x00000000,0,0,0,0x00000000,0x00000000,0,0,1,0,1
present,4939,164607947,0x00000000,0,0,0,0x00000000,0x00000000,0,0,1,0,1
present,4940,164636976,0x00000000,0,0,0,0x00000000,0x00000000,0,0,1,0,1
present,4941,164669811,0x00000000,0,0,0,0x00000000,0x00000000,0,0,1,0,1
present,4942,164709140,0x00000000,0,0,0,0x00000000,0x00000000,0,0,1,0,1
present,4943,164742414,0x00000000,0,0,0,0x00000000,0x00000000,0,0,1,0,1
present,4944,164775637,0x00000000,0,0,0,0x00000000,0x00000000,0,0,1,0,1
present,4945,164809307,0x00000000,0,0,0,0x00000000,0x00000000,0,0,1,0,1
present,4946,164840217,0x00000000,0,0,0,0x00000000,0x00000000,0,0,1,0,1
present,4947,164872226,0x00000000,0,0,0,0x00000000,0x00000000,0,0,1,0,1
present,4948,164908233,0x00000000,0,0,0,0x00000000,0x00000000,0,0,1,0,1
present,4949,164941524,0x00000000,0,0,0,0x00000000,0x00000000,0,0,1,0,1
present,4950,164974719,0x00000000,0,0,0,0x00000000,0x00000000,0,0,1,0,1
present,4951,165003954,0x00000000,0,0,0,0x00000000,0x00000000,1,0,1,0,1
present,4952,165038475,0x00000000,0,0,0,0x00000000,0x00000000,1,0,1,0,1
present,4953,165075492,0x00000000,0,0,0,0x00000000,0x00000000,1,0,1,0,1
present,4954,165102442,0x00000000,0,0,0,0x00000000,0x00000000,1,0,1,0,1
present,4955,165141277,0x00000000,0,0,0,0x00000000,0x00000000,1,0,1,0,1
present,4956,165170283,0x00000000,0,0,0,0x00000000,0x00000000,1,0,1,0,1
present,4957,165208128,0x00000000,0,0,0,0x00000000,0x00000000,1,0,1,0,1
present,4958,165234064,0x00000000,0,0,0,0x00000000,0x00000000,1,0,1,0,1
present,4959,165273212,0x00000000,0,0,0,0x00000000,0x00000000,1,0,1,0,1
present,4960,165305426,0x00000000,0,0,0,0x00000000,0x00000000,1,0,1,0,1
present,4961,165339417,0x00000000,0,0,0,0x00000000,0x00000000,1,0,1,0,1
present,4962,165367468,0x00000000,0,0,0,0x00000000,0x00000000,1,0,1,0,1
present,4963,165407979,0x00000000,0,0,0,0x00000000,0x00000000,1,0,1,0,1
present,4964,165441195,0x00000000,0,0,0,0x00000000,0x00000000,1,0,1,0,1
present,4965,165470318,0x00000000,0,0,0,0x00000000,0x00000000,1,0,1,0,1
present,4966,165509339,0x00000000,0,0,0,0x00000000,0x00000000,1,0,1,0,1
present,4967,165538624,0x00000000,0,0,0,0x00000000,0x00000000,1,0,1,0,1
present,4968,165570775,0x00000000,0,0,0,0x00000000,0x00000000,1,0,1,0,1
present,4969,165601645,0x00000000,0,0,0,0x00000000,0x00000000,1,0,1,0,1
present,4970,165642112,0x00000000,0,0,0,0x00000000,0x00000000,1,0,1,0,1
present,4971,165673593,0x00000000,0,0,0,0x00000000,0x00000000,1,0,1,0,1
present,4972,165708826,0x00000000,0,0,0,0x00000000,0x00000000,1,0,1,0,1
present,4973,165742053,0x00000000,0,0,0,0x00000000,0x00000000,1,0,1,0,1
present,4974,165774251,0x00000000,0,0,0,0x00000000,0x00000000,1,0,1,0,1
present,4975,165808609,0x00000000,0,0,0,0x00000000,0x00000000,1,0,1,0,1
present,4976,165842259,0x00000000,0,0,0,0x00000000,0x00000000,1,0,1,0,1
present,4977,165873949,0x00000000,0,0,0,0x00000000,0x00000000,1,0,1,0,1
present,4978,165907026,0x00000000,0,0,0,0x00000000,0x00000000,1,0,1,0,1
present,4979,165941254,0x00000000,0,0,0,0x00000000,0x00000000,1,0,1,0,1
present,4980,165969683,0x00000000,0,0,0,0x00000000,0x00000000,1,0,1,0,1
present,4981,166000785,0x00000000,0,0,0,0x00000000,0x00000000,2,0,1,0,1
present,4982,166038156,0x00000000,0,0,0,0x00000000,0x00000000,2,0,1,0,1
present,4983,166074679,0x00000000,0,0,0,0x00000000,0x00000000,2,0,1,0,1
present,4984,166101140,0x00000000,0,0,0,0x00000000,0x00000000,2,0,1,0,1
present,4985,166134172,0x00000000,0,0,0,0x00000000,0x00000000,2,0,1,0,1
present,4986,166169842,0x00000000,0,0,0,0x00000000,0x00000000,2,0,1,0,1
present,4987,166201046,0x00000000,0,0,0,0x00000000,0x00000000,2,0,1,0,1
present,4988,166237518,0x00000000,0,0,0,0x00000000,0x00000000,2,0,1,0,1
present,4989,166267427,0x00000000,0,0,0,0x00000000,0x00000000,2,0,1,0,1
present,4990,166303871,0x00000000,0,0,0,0x00000000,0x00000000,2,0,1,0,1
present,4991,166341289,0x00000000,0,0,0,0x00000000,0x00000000,2,0,1,0,1
present,4992,166376340,0x00000000,0,0,0,0x00000000,0x00000000,2,0,1,0,1
present,4993,166409238,0x00000000,0,0,0,0x00000000,0x00000000,2,0,1,0,1
present,4994,166442151,0x00000000,0,0,0,0x00000000,0x00000000,2,0,1,0,1
present,4995,166472364,0x00000000,0,0,0,0x00000000,0x00000000,2,0,1,0,1
present,4996,166508208,0x00000000,0,0,0,0x00000000,0x00000000,2,0,1,0,1
present,4997,166541248,0x00000000,0,0,0,0x00000000,0x00000000,2,0,1,0,1
present,4998,166574613,0x00000000,0,0,0,0x00000000,0x00000000,2,0,1,0,1
present,4999,166608016,0x00000000,0,0,0,0x00000000,0x00000000,2,0,1,0,1
present,5000,166635114,0x00000000,0,0,0,0x00000000,0x00000000,2,0,1,0,1
present,5001,166674940,0x00000000,0,0,0,0x00000000,0x00000000,2,0,1,0,1
present,5002,166708242,0x00000000,0,0,0,0x00000000,0x00000000,2,0,1,0,1
present,5003,166742576,0x00000000,0,0,0,0x00000000,0x00000000,2,0,1,0,1
present,5004,166775806,0x00000000,0,0,0,0x00000000,0x00000000,2,0,1,0,1
present,5005,166805271,0x00000000,0,0,0,0x00000000,0x00000000,2,0,1,0,1
present,5006,166842093,0x00000000,0,0,0,0x00000000,0x00000000,2,0,1,0,1
present,5007,166875846,0x00000000,0,0,0,0x00000000,0x00000000,2,0,1,0,1
present,5008,166902183,0x00000000,0,0,0,0x00000000,0x00000000,2,0,1,0,1
present,5009,166941481,0x00000000,0,0,0,0x00000000,0x00000000,2,0,1,0,1
present,5010,166974203,0x00000000,0,0,0,0x00000000,0x00000000,2,0,1,0,1
present,5011,167007569,0x00000000,0,0,0,0x00000000,0x00000000,3,0,1,0,1
present,5012,167042459,0x00000000,0,0,0,0x00000000,0x00000000,3,0,1,0,1
present,5013,167074317,0x00000000,0,0,0,0x00000000,0x00000000,3,0,1,0,1
present,5014,167108112,0x00000000,0,0,0,0x00000000,0x00000000,3,0,1,0,1
present,5015,167136905,0x00000000,0,0,0,0x00000000,0x00000000,3,0,1,0,1
present,5016,167175391,0x00000000,0,0,0,0x00000000,0x00000000,3,0,1,0,1
present,5017,167201070,0x00000000,0,0,0,0x00000000,0x00000000,3,0,1,0,1
present,5018,167236545,0x00000000,0,0,0,0x00000000,0x00000000,3,0,1,0,1
present,5019,167275774,0x00000000,0,0,0,0x00000000,0x00000000,3,0,1,0,1
present,5020,167305160,0x00000000,0,0,0,0x00000000,0x00000000,3,0,1,0,1
present,5021,167342144,0x00000000,0,0,0,0x00000000,0x00000000,3,0,1,0,1
present,5022,167370738,0x00000000,0,0,0,0x00000000,0x00000000,3,0,1,0,1
present,5023,167407951,0x00000000,0,0,0,0x00000000,0x00000000,3,0,1,0,1
present,5024,167441666,0x00000000,0,0,0,0x00000000,0x00000000,3,0,1,0,1
present,5025,167469229,0x00000000,0,0,0,0x00000000,0x00000000,3,0,1,0,1
present,5026,167506663,0x00000000,0,0,0,0x00000000,0x00000000,3,0,1,0,1
present,5027,167542429,0x00000000,0,0,0,0x00000000,0x00000000,3,0,1,0,1
present,5028,167567661,0x00000000,0,0,0,0x00000000,0x00000000,3,0,1,0,1
present,5029,167607915,0x00000000,0,0,0,0x00000000,0x00000000,3,0,1,0,1
present,5030,167636643,0x00000000,0,0,0,0x00000000,0x00000000,3,0,1,0,1
present,5031,167666949,0x00000000,0,0,0,0x00000000,0x00000000,3,0,1,0,1
present,5032,167708250,0x00000000,0,0,0,0x00000000,0x00000000,3,0,1,0,1
present,5033,167741510,0x00000000,0,0,0,0x00000000,0x00000000,3,0,1,0,1
present,5034,167769302,0x00000000,0,0,0,0x00000000,0x00000000,3,0,1,0,1
present,5035,167800353,0x00000000,0,0,0,0x00000000,0x00000000,3,0,1,0,1
present,5036,167842037,0x00000000,0,0,0,0x00000000,0x00000000,3,0,1,0,1
present,5037,167867533,0x00000000,0,0,0,0x00000000,0x00000000,3,0,1,0,1
present,5038,167902007,0x00000000,0,0,0,0x00000000,0x00000000,3,0,1,0,1
present,5039,167940986,0x00000000,0,0,0,0x00000000,0x00000000,3,0,1,0,1
present,5040,167969941,0x00000000,0,0,0,0x00000000,0x00000000,3,0,1,0,1
present,5041,168008295,0x00000000,0,0,0,0x00000000,0x00000000,0,0,1,0,1
present,5042,168041308,0x00000000,0,0,0,0x00000000,0x00000000,0,0,1,0,1
present,5043,168068158,0x00000000,0,0,0,0x00000000,0x00000000,0,0,1,0,1
present,5044,168109022,0x00000000,0,0,0,0x00000000,0x00000000,0,0,1,0,1
present,5045,168142214,0x00000000,0,0,0,0x00000000,0x00000000,0,0,1,0,1
present,5046,168168859,0x00000000,0,0,0,0x00000000,0x00000000,0,0,1,0,1
present,5047,168208073,0x00000000,0,0,0,0x00000000,0x00000000,0,0,1,0,1
present,5048,168234633,0x00000000,0,0,0,0x00000000,0x00000000,0,0,1,0,1
present,5049,168274205,0x00000000,0,0,0,0x00000000,0x00000000,0,0,1,0,1
present,5050,168305152,0x00000000,0,0,0,0x00000000,0x00000000,0,0,1,0,1
present,5051,168341261,0x00000000,0,0,0,0x00000000,0x00000000,0,0,1,0,1
present,5052,168372037,0x00000000,0,0,0,0x00000000,0x00000000,0,0,1,0,1
present,5053,168409231,0x00000000,0,0,0,0x00000000,0x00000000,0,0,1,0,1
present,5054,168436181,0x00000000,0,0,0,0x00000000,0x00000000,0,0,1,0,1
present,5055,168474938,0x00000000,0,0,0,0x00000000,0x00000000,0,0,1,0,1
present,5056,168508636,0x00000000,0,0,0,0x00000000,0x00000000,0,0,1,0,1
present,5057,168533962,0x00000000,0,0,0,0x00000000,0x00000000,0,0,1,0,1
present,5058,168576275,0x00000000,0,0,0,0x00000000,0x00000000,0,0,1,0,1
present,5059,168603625,0x00000000,0,0,0,0x00000000,0x00000000,0,0,1,0,1
present,5060,168642070,0x00000000,0,0,0,0x00000000,0x00000000,0,0,1,0,1
present,5061,168671770,0x00000000,0,0,0,0x00000000,0x00000000,0,0,1,0,1
present,5062,168709007,0x00000000,0,0,0,0x00000000,0x00000000,0,0,1,0,1
present,5063,168742300,0x00000000,0,0,0,0x00000000,0x00000000,0,0,1,0,1
present,5064,168775576,0x00000000,0,0,0,0x00000000,0x00000000,0,0,1,0,1
present,5065,168809055,0x00000000,0,0,0,0x00000000,0x00000000,0,0,1,0,1
present,5066,168840225,0x00000000,0,0,0,0x00000000,0x00000000,0,0,1,0,1
present,5067,168868874,0x00000000,0,0,0,0x00000000,0x00000000,0,0,1,0,1
present,5068,168907838,0x00000000,0,0,0,0x00000000,0x00000000,0,0,1,0,1
present,5069,168941144,0x00000000,0,0,0,0x00000000,0x00000000,0,0,1,0,1
present,5070,168972626,0x00000000,0,0,0,0x00000000,0x00000000,0,0,1,0,1
present,5071,169001985,0x00000000,0,0,0,0x00000000,0x00000000,1,0,1,0,1
present,5072,169041307,0x00000000,0,0,0,0x00000000,0x00000000,1,0,1,0,1
present,5073,169067361,0x00000000,0,0,0,0x00000000,0x00000000,1,0,1,0,1
present,5074,169104782,0x00000000,0,0,0,0x00000000,0x00000000,1,0,1,0,1
present,5075,169142408,0x00000000,0,0,0,0x00000000,0x00000000,1,0,1,0,1
present,5076,169171454,0x00000000,0,0,0,0x00000000,0x00000000,1,0,1,0,1
present,5077,169206043,0x00000000,0,0,0,0x00000000,0x00000000,1,0,1,0,1
present,5078,169234385,0x00000000,0,0,0,0x00000000,0x00000000,1,0,1,0,1
present,5079,169271263,0x00000000,0,0,0,0x00000000,0x00000000,1,0,1,0,1
present,5080,169309339,0x00000000,0,0,0,0x00000000,0x00000000,1,0,1,0,1
present,5081,169341354,0x00000000,0,0,0,0x00000000,0x00000000,1,0,1,0,1
present,5082,169373575,0x00000000,0,0,0,0x00000000,0x00000000,1,0,1,0,1
present,5083,169405638,0x00000000,0,0,0,0x00000000,0x00000000,1,0,1,0,1
present,5084,169439885,0x00000000,0,0,0,0x00000000,0x00000000,1,0,1,0,1
present,5085,169474489,0x00000000,0,0,0,0x00000000,0x00000000,1,0,1,0,1
present,5086,169509463,0x00000000,0,0,0,0x00000000,0x00000000,1,0,1,0,1
present,5087,169534553,0x00000000,0,0,0,0x00000000,0x00000000,1,0,1,0,1
present,5088,169567373,0x00000000,0,0,0,0x00000000,0x00000000,1,0,1,0,1
present,5089,169606088,0x00000000,0,0,0,0x00000000,0x00000000,1,0,1,0,1
present,5090,169637199,0x00000000,0,0,0,0x00000000,0x00000000,1,0,1,0,1
present,5091,169669485,0x00000000,0,0,0,0x00000000,0x00000000,1,0,1,0,1
present,5092,169707316,0x00000000,0,0,0,0x00000000,0x00000000,1,0,1,0,1
present,5093,169741532,0x00000000,0,0,0,0x00000000,0x00000000,1,0,1,0,1
present,5094,169775802,0x00000000,0,0,0,0x00000000,0x00000000,1,0,1,0,1
present,5095,169809315,0x00000000,0,0,0,0x00000000,0x00000000,1,0,1,0,1
present,5096,169837865,0x00000000,0,0,0,0x00000000,0x00000000,1,0,1,0,1
present,5097,169875234,0x00000000,0,0,0,0x00000000,0x00000000,1,0,1,0,1
present,5098,169909459,0x00000000,0,0,0,0x00000000,0x00000000,1,0,1,0,1
present,5099,169936675,0x00000000,0,0,0,0x00000000,0x00000000,1,0,1,0,1
present,5100,169975546,0x00000000,0,0,0,0x00000000,0x00000000,1,0,1,0,1
present,5101,170004889,0x00000000,0,0,0,0x00000000,0x00000000,2,0,1,0,1
present,5102,170042705,0x00000000,0,0,0,0x00000000,0x00000000,2,0,1,0,1
present,5103,170071176,0x00000000,0,0,0,0x00000000,0x00000000,2,0,1,0,1
present,5104,170107906,0x00000000,0,0,0,0x00000000,0x00000000,2,0,1,0,1
present,5105,170141274,0x00000000,0,0,0,0x00000000,0x00000000,2,0,1,0,1
present,5106,170173600,0x00000000,0,0,0,0x00000000,0x00000000,2,0,1,0,1
present,5107,170208139,0x00000000,0,0,0,0x00000000,0x00000000,2,0,1,0,1
present,5108,170234997,0x00000000,0,0,0,0x00000000,0x00000000,2,0,1,0,1
present,5109,170274166,0x00000000,0,0,0,0x00000000,0x00000000,2,0,1,0,1
present,5110,170308924,0x00000000,0,0,0,0x00000000,0x00000000,2,0,1,0,1
present,5111,170341320,0x00000000,0,0,0,0x00000000,0x00000000,2,0,1,0,1
present,5112,170376322,0x00000000,0,0,0,0x00000000,0x00000000,2,0,1,0,1
present,5113,170404132,0x00000000,0,0,0,0x00000000,0x00000000,2,0,1,0,1
present,5114,170441473,0x00000000,0,0,0,0x00000000,0x00000000,2,0,1,0,1
present,5115,170472427,0x00000000,0,0,0,0x00000000,0x00000000,2,0,1,0,1
present,5116,170501394,0x00000000,0,0,0,0x00000000,0x00000000,2,0,1,0,1
present,5117,170536976,0x00000000,0,0,0,0x00000000,0x00000000,2,0,1,0,1
present,5118,170570283,0x00000000,0,0,0,0x00000000,0x00000000,2,0,1,0,1
present,5119,170600649,0x00000000,0,0,0,0x00000000,0x00000000,2,0,1,0,1
present,5120,170640758,0x00000000,0,0,0,0x00000000,0x00000000,2,0,1,0,1
present,5121,170675087,0x00000000,0,0,0,0x00000000,0x00000000,2,0,1,0,1
present,5122,170708310,0x00000000,0,0,0,0x00000000,0x00000000,2,0,1,0,1
present,5123,170741618,0x00000000,0,0,0,0x00000000,0x00000000,2,0,1,0,1
present,5124,170774896,0x00000000,0,0,0,0x00000000,0x00000000,2,0,1,0,1
present,5125,170809284,0x00000000,0,0,0,0x00000000,0x00000000,2,0,1,0,1
present,5126,170841935,0x00000000,0,0,0,0x00000000,0x00000000,2,0,1,0,1
present,5127,170867903,0x00000000,0,0,0,0x00000000,0x00000000,2,0,1,0,1
present,5128,170908721,0x00000000,0,0,0,0x00000000,0x00000000,2,0,1,0,1
present,5129,170941414,0x00000000,0,0,0,0x00000000,0x00000000,2,0,1,0,1
present,5130,170973601,0x00000000,0,0,0,0x00000000,0x00000000,2,0,1,0,1
present,5131,171007895,0x00000000,0,0,0,0x00000000,0x00000000,3,0,1,0,1
present,5132,171033478,0x00000000,0,0,0,0x00000000,0x00000000,3,0,1,0,1
present,5133,171076497,0x00000000,0,0,0,0x00000000,0x00000000,3,0,1,0,1
present,5134,171106526,0x00000000,0,0,0,0x00000000,0x00000000,3,0,1,0,1
present,5135,171141196,0x00000000,0,0,0,0x00000000,0x00000000,3,0,1,0,1
present,5136,171171206,0x00000000,0,0,0,0x00000000,0x00000000,3,0,1,0,1
present,5137,171209098,0x00000000,0,0,0,0x00000000,0x00000000,3,0,1,0,1
present,5138,171241865,0x00000000,0,0,0,0x00000000,0x00000000,3,0,1,0,1
present,5139,171274619,0x00000000,0,0,0,0x00000000,0x00000000,3,0,1,0,1
present,5140,171307841,0x00000000,0,0,0,0x00000000,0x00000000,3,0,1,0,1
present,5141,171336316,0x00000000,0,0,0,0x00000000,0x00000000,3,0,1,0,1
present,5142,171369726,0x00000000,0,0,0,0x00000000,0x00000000,3,0,1,0,1
present,5143,171400632,0x00000000,0,0,0,0x00000000,0x00000000,3,0,1,0,1
present,5144,171441805,0x00000000,0,0,0,0x00000000,0x00000000,3,0,1,0,1
present,5145,171469916,0x00000000,0,0,0,0x00000000,0x00000000,3,0,1,0,1
present,5146,171509552,0x00000000,0,0,0,0x00000000,0x00000000,3,0,1,0,1
present,5147,171536977,0x00000000,0,0,0,0x00000000,0x00000000,3,0,1,0,1
present,5148,171567219,0x00000000,0,0,0,0x00000000,0x00000000,3,0,1,0,1
present,5149,171601772,0x00000000,0,0,0,0x00000000,0x00000000,3,0,1,0,1
present,5150,171642194,0x00000000,0,0,0,0x00000000,0x00000000,3,0,1,0,1
present,5151,171675470,0x00000000,0,0,0,0x00000000,0x00000000,3,0,1,0,1
present,5152,171708658,0x00000000,0,0,0,0x00000000,0x00000000,3,0,1,0,1
present,5153,171742000,0x00000000,0,0,0,0x00000000,0x00000000,3,0,1,0,1
present,5154,171775216,0x00000000,0,0,0,0x00000000,0x00000000,3,0,1,0,1
present,5155,171808667,0x00000000,0,0,0,0x00000000,0x00000000,3,0,1,0,1
present,5156,171837053,0x00000000,0,0,0,0x00000000,0x00000000,3,0,1,0,1
present,5157,171874573,0x00000000,0,0,0,0x00000000,0x00000000,3,0,1,0,1
present,5158,171903542,0x00000000,0,0,0,0x00000000,0x00000000,3,0,1,0,1
present,5159,171941385,0x00000000,0,0,0,0x00000000,0x00000000,3,0,1,0,1
present,5160,171975533,0x00000000,0,0,0,0x00000000,0x00000000,3,0,1,0,1
present,5161,172009731,0x00000000,0,0,0,0x00000000,0x00000000,0,0,1,0,1
present,5162,172040189,0x00000000,0,0,0,0x00000000,0x00000000,0,0,1,0,1
present,5163,172074022,0x00000000,0,0,0,0x00000000,0x00000000,0,0,1,0,1
present,5164,172109296,0x00000000,0,0,0,0x00000000,0x00000000,0,0,1,0,1
present,5165,172138319,0x00000000,0,0,0,0x00000000,0x00000000,0,0,1,0,1
present,5166,172176461,0x00000000,0,0,0,0x00000000,0x00000000,0,0,1,0,1
present,5167,172203628,0x00000000,0,0,0,0x00000000,0x00000000,0,0,1,0,1
present,5168,172237477,0x00000000,0,0,0,0x00000000,0x00000000,0,0,1,0,1
present,5169,172275390,0x00000000,0,0,0,0x00000000,0x00000000,0,0,1,0,1
present,5170,172306968,0x00000000,0,0,0,0x00000000,0x00000000,0,0,1,0,1
present,5171,172341356,0x00000000,0,0,0,0x00000000,0x00000000,0,0,1,0,1
present,5172,172373901,0x00000000,0,0,0,0x00000000,0x00000000,0,0,1,0,1
present,5173,172405719,0x00000000,0,0,0,0x00000000,0x00000000,0,0,1,0,1
present,5174,172435123,0x00000000,0,0,0,0x00000000,0x00000000,0,0,1,0,1
present,5175,172470402,0x00000000,0,0,0,0x00000000,0x00000000,0,0,1,0,1
present,5176,172500669,0x00000000,0,0,0,0x00000000,0x00000000,0,0,1,0,1
present,5177,172542937,0x00000000,0,0,0,0x00000000,0x00000000,0,0,1,0,1
present,5178,172570555,0x00000000,0,0,0,0x00000000,0x00000000,0,0,1,0,1
present,5179,172608549,0x00000000,0,0,0,0x00000000,0x00000000,0,0,1,0,1
present,5180,172641176,0x00000000,0,0,0,0x00000000,0x00000000,0,0,1,0,1
present,5181,172674028,0x00000000,0,0,0,0x00000000,0x00000000,0,0,1,0,1
present,5182,172708296,0x00000000,0,0,0,0x00000000,0x00000000,0,0,1,0,1
present,5183,172741543,0x00000000,0,0,0,0x00000000,0x00000000,0,0,1,0,1
present,5184,172775903,0x00000000,0,0,0,0x00000000,0x00000000,0,0,1,0,1
present,5185,172809567,0x00000000,0,0,0,0x00000000,0x00000000,0,0,1,0,1
present,5186,172842410,0x00000000,0,0,0,0x00000000,0x00000000,0,0,1,0,1
present,5187,172875192,0x00000000,0,0,0,0x00000000,0x00000000,0,0,1,0,1
present,5188,172901664,0x00000000,0,0,0,0x00000000,0x00000000,0,0,1,0,1
present,5189,172941170,0x00000000,0,0,0,0x00000000,0x00000000,0,0,1,0,1
present,5190,172974709,0x00000000,0,0,0,0x00000000,0x00000000,0,0,1,0,1
present,5191,173004068,0x00000000,0,0,0,0x00000000,0x00000000,1,0,1,0,1
present,5192,173034230,0x00000000,0,0,0,0x00000000,0x00000000,1,0,1,0,1
present,5193,173067477,0x00000000,0,0,0,0x00000000,0x00000000,1,0,1,0,1
present,5194,173107416,0x00000000,0,0,0,0x00000000,0x00000000,1,0,1,0,1
present,5195,173135010,0x00000000,0,0,0,0x00000000,0x00000000,1,0,1,0,1
present,5196,173171425,0x00000000,0,0,0,0x00000000,0x00000000,1,0,1,0,1
present,5197,173201045,0x00000000,0,0,0,0x00000000,0x00000000,1,0,1,0,1
present,5198,173236154,0x00000000,0,0,0,0x00000000,0x00000000,1,0,1,0,1
present,5199,173269908,0x00000000,0,0,0,0x00000000,0x00000000,1,0,1,0,1
present,5200,173303281,0x00000000,0,0,0,0x00000000,0x00000000,1,0,1,0,1
present,5201,173341701,0x00000000,0,0,0,0x00000000,0x00000000,1,0,1,0,1
present,5202,173375577,0x00000000,0,0,0,0x00000000,0x00000000,1,0,1,0,1
present,5203,173407893,0x00000000,0,0,0,0x00000000,0x00000000,1,0,1,0,1
present,5204,173441294,0x00000000,0,0,0,0x00000000,0x00000000,1,0,1,0,1
present,5205,173474805,0x00000000,0,0,0,0x00000000,0x00000000,1,0,1,0,1
present,5206,173502621,0x00000000,0,0,0,0x00000000,0x00000000,1,0,1,0,1
present,5207,173541239,0x00000000,0,0,0,0x00000000,0x00000000,1,0,1,0,1
present,5208,173568736,0x00000000,0,0,0,0x00000000,0x00000000,1,0,1,0,1
present,5209,173602693,0x00000000,0,0,0,0x00000000,0x00000000,1,0,1,0,1
present,5210,173639386,0x00000000,0,0,0,0x00000000,0x00000000,1,0,1,0,1
present,5211,173674394,0x00000000,0,0,0,0x00000000,0x00000000,1,0,1,0,1
present,5212,173708651,0x00000000,0,0,0,0x00000000,0x00000000,1,0,1,0,1
present,5213,173741854,0x00000000,0,0,0,0x00000000,0x00000000,1,0,1,0,1
present,5214,173771322,0x00000000,0,0,0,0x00000000,0x00000000,1,0,1,0,1
present,5215,173808960,0x00000000,0,0,0,0x00000000,0x00000000,1,0,1,0,1
present,5216,173837195,0x00000000,0,0,0,0x00000000,0x00000000,1,0,1,0,1
present,5217,173875530,0x00000000,0,0,0,0x00000000,0x00000000,1,0,1,0,1
present,5218,173908245,0x00000000,0,0,0,0x00000000,0x00000000,1,0,1,0,1
present,5219,173939063,0x00000000,0,0,0,0x00000000,0x00000000,1,0,1,0,1
present,5220,173976052,0x00000000,0,0,0,0x00000000,0x00000000,1,0,1,0,1
present,5221,174003018,0x00000000,0,0,0,0x00000000,0x00000000,2,0,1,0,1
present,5222,174035313,0x00000000,0,0,0,0x00000000,0x00000000,2,0,1,0,1
present,5223,174071065,0x00000000,0,0,0,0x00000000,0x00000000,2,0,1,0,1
present,5224,174107804,0x00000000,0,0,0,0x00000000,0x00000000,2,0,1,0,1
present,5225,174141798,0x00000000,0,0,0,0x00000000,0x00000000,2,0,1,0,1
present,5226,174174529,0x00000000,0,0,0,0x00000000,0x00000000,2,0,1,0,1
present,5227,174209724,0x00000000,0,0,0,0x00000000,0x00000000,2,0,1,0,1
present,5228,174242069,0x00000000,0,0,0,0x00000000,0x00000000,2,0,1,0,1
present,5229,174268175,0x00000000,0,0,0,0x00000000,0x00000000,2,0,1,0,1
present,5230,174307939,0x00000000,0,0,0,0x00000000,0x00000000,2,0,1,0,1
present,5231,174335061,0x00000000,0,0,0,0x00000000,0x00000000,2,0,1,0,1
present,5232,174368176,0x00000000,0,0,0,0x00000000,0x00000000,2,0,1,0,1
present,5233,174408441,0x00000000,0,0,0,0x00000000,0x00000000,2,0,1,0,1
present,5234,174438560,0x00000000,0,0,0,0x00000000,0x00000000,2,0,1,0,1
present,5235,174470651,0x00000000,0,0,0,0x00000000,0x00000000,2,0,1,0,1
present,5236,174509616,0x00000000,0,0,0,0x00000000,0x00000000,2,0,1,0,1
present,5237,174542736,0x00000000,0,0,0,0x00000000,0x00000000,2,0,1,0,1
present,5238,174571793,0x00000000,0,0,0,0x00000000,0x00000000,2,0,1,0,1
present,5239,174608863,0x00000000,0,0,0,0x00000000,0x00000000,2,0,1,0,1
present,5240,174641274,0x00000000,0,0,0,0x00000000,0x00000000,2,0,1,0,1
present,5241,174674453,0x00000000,0,0,0,0x00000000,0x00000000,2,0,1,0,1
present,5242,174708728,0x00000000,0,0,0,0x00000000,0x00000000,2,0,1,0,1
present,5243,174741947,0x00000000,0,0,0,0x00000000,0x00000000,2,0,1,0,1
present,5244,174775221,0x00000000,0,0,0,0x00000000,0x00000000,2,0,1,0,1
present,5245,174808498,0x00000000,0,0,0,0x00000000,0x00000000,2,0,1,0,1
present,5246,174839546,0x00000000,0,0,0,0x00000000,0x00000000,2,0,1,0,1
present,5247,174874801,0x00000000,0,0,0,0x00000000,0x00000000,2,0,1,0,1
present,5248,174903180,0x00000000,0,0,0,0x00000000,0x00000000,2,0,1,0,1
present,5249,174942044,0x00000000,0,0,0,0x00000000,0x00000000,2,0,1,0,1
present,5250,174974461,0x00000000,0,0,0,0x00000000,0x00000000,2,0,1,0,1
present,5251,175007093,0x00000000,0,0,0,0x00000000,0x00000000,3,0,1,0,1
present,5252,175036841,0x00000000,0,0,0,0x00000000,0x00000000,3,0,1,0,1
present,5253,175070390,0x00000000,0,0,0,0x00000000,0x00000000,3,0,1,0,1
present,5254,175107960,0x00000000,0,0,0,0x00000000,0x00000000,3,0,1,0,1
present,5255,175141114,0x00000000,0,0,0,0x00000000,0x00000000,3,0,1,0,1
present,5256,175174692,0x00000000,0,0,0,0x00000000,0x00000000,3,0,1,0,1
present,5257,175208393,0x00000000,0,0,0,0x00000000,0x00000000,3,0,1,0,1
present,5258,175240322,0x00000000,0,0,0,0x00000000,0x00000000,3,0,1,0,1
present,5259,175274457,0x00000000,0,0,0,0x00000000,0x00000000,3,0,1,0,1
present,5260,175308528,0x00000000,0,0,0,0x00000000,0x00000000,3,0,1,0,1
present,5261,175337279,0x00000000,0,0,0,0x00000000,0x00000000,3,0,1,0,1
present,5262,175367863,0x00000000,0,0,0,0x00000000,0x00000000,3,0,1,0,1
present,5263,175409740,0x00000000,0,0,0,0x00000000,0x00000000,3,0,1,0,1
present,5264,175440120,0x00000000,0,0,0,0x00000000,0x00000000,3,0,1,0,1
present,5265,175473733,0x00000000,0,0,0,0x00000000,0x00000000,3,0,1,0,1
present,5266,175506851,0x00000000,0,0,0,0x00000000,0x00000000,3,0,1,0,1
present,5267,175538926,0x00000000,0,0,0,0x00000000,0x00000000,3,0,1,0,1
present,5268,175571042,0x00000000,0,0,0,0x00000000,0x00000000,3,0,1,0,1
present,5269,175609157,0x00000000,0,0,0,0x00000000,0x00000000,3,0,1,0,1
present,5270,175639367,0x00000000,0,0,0,0x00000000,0x00000000,3,0,1,0,1
present,5271,175666946,0x00000000,0,0,0,0x00000000,0x00000000,3,0,1,0,1
present,5272,175701613,0x00000000,0,0,0,0x00000000,0x00000000,3,0,1,0,1
present,5273,175741001,0x00000000,0,0,0,0x00000000,0x00000000,3,0,1,0,1
present,5274,175768823,0x00000000,0,0,0,0x00000000,0x00000000,3,0,1,0,1
present,5275,175809509,0x00000000,0,0,0,0x00000000,0x00000000,3,0,1,0,1
present,5276,175837047,0x00000000,0,0,0,0x00000000,0x00000000,3,0,1,0,1
present,5277,175874447,0x00000000,0,0,0,0x00000000,0x00000000,3,0,1,0,1
present,5278,175903157,0x00000000,0,0,0,0x00000000,0x00000000,3,0,1,0,1
present,5279,175933969,0x00000000,0,0,0,0x00000000,0x00000000,3,0,1,0,1
present,5280,175976404,0x00000000,0,0,0,0x00000000,0x00000000,3,0,1,0,1
present,5281,176008137,0x00000000,0,0,0,0x00000000,0x00000000,0,0,1,0,1
present,5282,176042270,0x00000000,0,0,0,0x00000000,0x00000000,0,0,1,0,1
present,5283,176074568,0x00000000,0,0,0,0x00000000,0x00000000,0,0,1,0,1
present,5284,176104259,0x00000000,0,0,0,0x00000000,0x00000000,0,0,1,0,1
present,5285,176133904,0x00000000,0,0,0,0x00000000,0x00000000,0,0,1,0,1
present,5286,176168285,0x00000000,0,0,0,0x00000000,0x00000000,0,0,1,0,1
present,5287,176200970,0x00000000,0,0,0,0x00000000,0x00000000,0,0,1,0,1
present,5288,176236067,0x00000000,0,0,0,0x00000000,0x00000000,0,0,1,0,1
present,5289,176269587,0x00000000,0,0,0,0x00000000,0x00000000,0,0,1,0,1
present,5290,176308208,0x00000000,0,0,0,0x00000000,0x00000000,0,0,1,0,1
present,5291,176341163,0x00000000,0,0,0,0x00000000,0x00000000,0,0,1,0,1
present,5292,176371102,0x00000000,0,0,0,0x00000000,0x00000000,0,0,1,0,1
present,5293,176404541,0x00000000,0,0,0,0x00000000,0x00000000,0,0,1,0,1
present,5294,176441318,0x00000000,0,0,0,0x00000000,0x00000000,0,0,1,0,1
present,5295,176469735,0x00000000,0,0,0,0x00000000,0x00000000,0,0,1,0,1
present,5296,176500570,0x00000000,0,0,0,0x00000000,0x00000000,0,0,1,0,1
present,5297,176541792,0x00000000,0,0,0,0x00000000,0x00000000,0,0,1,0,1
present,5298,176572992,0x00000000,0,0,0,0x00000000,0x00000000,0,0,1,0,1
present,5299,176606047,0x00000000,0,0,0,0x00000000,0x00000000,0,0,1,0,1
present,5300,176639364,0x00000000,0,0,0,0x00000000,0x00000000,0,0,1,0,1
present,5301,176666833,0x00000000,0,0,0,0x00000000,0x00000000,0,0,1,0,1
present,5302,176709234,0x00000000,0,0,0,0x00000000,0x00000000,0,0,1,0,1
present,5303,176742470,0x00000000,0,0,0,0x00000000,0x00000000,0,0,1,0,1
present,5304,176775728,0x00000000,0,0,0,0x00000000,0x00000000,0,0,1,0,1
present,5305,176809297,0x00000000,0,0,0,0x00000000,0x00000000,0,0,1,0,1
present,5306,176835991,0x00000000,0,0,0,0x00000000,0x00000000,0,0,1,0,1
present,5307,176871813,0x00000000,0,0,0,0x00000000,0x00000000,0,0,1,0,1
present,5308,176907765,0x00000000,0,0,0,0x00000000,0x00000000,0,0,1,0,1
present,5309,176938541,0x00000000,0,0,0,0x00000000,0x00000000,0,0,1,0,1
present,5310,176974931,0x00000000,0,0,0,0x00000000,0x00000000,0,0,1,0,1
present,5311,177002856,0x00000000,0,0,0,0x00000000,0x00000000,1,0,1,0,1
present,5312,177041218,0x00000000,0,0,0,0x00000000,0x00000000,1,0,1,0,1
present,5313,177076236,0x00000000,0,0,0,0x00000000,0x00000000,1,0,1,0,1
present,5314,177107896,0x00000000,0,0,0,0x00000000,0x00000000,1,0,1,0,1
present,5315,177139334,0x00000000,0,0,0,0x00000000,0x00000000,1,0,1,0,1
present,5316,177175152,0x00000000,0,0,0,0x00000000,0x00000000,1,0,1,0,1
present,5317,177209213,0x00000000,0,0,0,0x00000000,0x00000000,1,0,1,0,1
present,5318,177241241,0x00000000,0,0,0,0x00000000,0x00000000,1,0,1,0,1
present,5319,177274548,0x00000000,0,0,0,0x00000000,0x00000000,1,0,1,0,1
present,5320,177308908,0x00000000,0,0,0,0x00000000,0x00000000,1,0,1,0,1
present,5321,177341686,0x00000000,0,0,0,0x00000000,0x00000000,1,0,1,0,1
present,5322,177374638,0x00000000,0,0,0,0x00000000,0x00000000,1,0,1,0,1
present,5323,177405757,0x00000000,0,0,0,0x00000000,0x00000000,1,0,1,0,1
present,5324,177437627,0x00000000,0,0,0,0x00000000,0x00000000,1,0,1,0,1
present,5325,177468969,0x00000000,0,0,0,0x00000000,0x00000000,1,0,1,0,1
present,5326,177500657,0x00000000,0,0,0,0x00000000,0x00000000,1,0,1,0,1
present,5327,177538075,0x00000000,0,0,0,0x00000000,0x00000000,1,0,1,0,1
present,5328,177576036,0x00000000,0,0,0,0x00000000,0x00000000,1,0,1,0,1
present,5329,177603443,0x00000000,0,0,0,0x00000000,0x00000000,1,0,1,0,1
present,5330,177638058,0x00000000,0,0,0,0x00000000,0x00000000,1,0,1,0,1
present,5331,177675593,0x00000000,0,0,0,0x00000000,0x00000000,1,0,1,0,1
present,5332,177703784,0x00000000,0,0,0,0x00000000,0x00000000,1,0,1,0,1
present,5333,177740130,0x00000000,0,0,0,0x00000000,0x00000000,1,0,1,0,1
present,5334,177775409,0x00000000,0,0,0,0x00000000,0x00000000,1,0,1,0,1
present,5335,177806672,0x00000000,0,0,0,0x00000000,0x00000000,1,0,1,0,1
present,5336,177836398,0x00000000,0,0,0,0x00000000,0x00000000,1,0,1,0,1
present,5337,177875335,0x00000000,0,0,0,0x00000000,0x00000000,1,0,1,0,1
present,5338,177905545,0x00000000,0,0,0,0x00000000,0x00000000,1,0,1,0,1
present,5339,177938889,0x00000000,0,0,0,0x00000000,0x00000000,1,0,1,0,1
present,5340,177972822,0x00000000,0,0,0,0x00000000,0x00000000,1,0,1,0,1
present,5341,178007791,0x00000000,0,0,0,0x00000000,0x00000000,2,0,1,0,1
present,5342,178037520,0x00000000,0,0,0,0x00000000,0x00000000,2,0,1,0,1
present,5343,178069320,0x00000000,0,0,0,0x00000000,0x00000000,2,0,1,0,1
present,5344,178107890,0x00000000,0,0,0,0x00000000,0x00000000,2,0,1,0,1
present,5345,178141101,0x00000000,0,0,0,0x00000000,0x00000000,2,0,1,0,1
present,5346,178176592,0x00000000,0,0,0,0x00000000,0x00000000,2,0,1,0,1
present,5347,178205441,0x00000000,0,0,0,0x00000000,0x00000000,2,0,1,0,1
present,5348,178238800,0x00000000,0,0,0,0x00000000,0x00000000,2,0,1,0,1
present,5349,178269805,0x00000000,0,0,0,0x00000000,0x00000000,2,0,1,0,1
present,5350,178308873,0x00000000,0,0,0,0x00000000,0x00000000,2,0,1,0,1
present,5351,178337555,0x00000000,0,0,0,0x00000000,0x00000000,2,0,1,0,1
present,5352,178367287,0x00000000,0,0,0,0x00000000,0x00000000,2,0,1,0,1
present,5353,178402082,0x00000000,0,0,0,0x00000000,0x00000000,2,0,1,0,1
present,5354,178442194,0x00000000,0,0,0,0x00000000,0x00000000,2,0,1,0,1
present,5355,178470946,0x00000000,0,0,0,0x00000000,0x00000000,2,0,1,0,1
present,5356,178509525,0x00000000,0,0,0,0x00000000,0x00000000,2,0,1,0,1
present,5357,178542589,0x00000000,0,0,0,0x00000000,0x00000000,2,0,1,0,1
present,5358,178568478,0x00000000,0,0,0,0x00000000,0x00000000,2,0,1,0,1
present,5359,178607476,0x00000000,0,0,0,0x00000000,0x00000000,2,0,1,0,1
present,5360,178638283,0x00000000,0,0,0,0x00000000,0x00000000,2,0,1,0,1
present,5361,178666876,0x00000000,0,0,0,0x00000000,0x00000000,2,0,1,0,1
present,5362,178709184,0x00000000,0,0,0,0x00000000,0x00000000,2,0,1,0,1
present,5363,178734312,0x00000000,0,0,0,0x00000000,0x00000000,2,0,1,0,1
present,5364,178775539,0x00000000,0,0,0,0x00000000,0x00000000,2,0,1,0,1
present,5365,178801226,0x00000000,0,0,0,0x00000000,0x00000000,2,0,1,0,1
present,5366,178842045,0x00000000,0,0,0,0x00000000,0x00000000,2,0,1,0,1
present,5367,178870296,0x00000000,0,0,0,0x00000000,0x00000000,2,0,1,0,1
present,5368,178901962,0x00000000,0,0,0,0x00000000,0x00000000,2,0,1,0,1
present,5369,178943077,0x00000000,0,0,0,0x00000000,0x00000000,2,0,1,0,1
present,5370,178976176,0x00000000,0,0,0,0x00000000,0x00000000,2,0,1,0,1
present,5371,179009290,0x00000000,0,0,0,0x00000000,0x00000000,3,0,1,0,1
present,5372,179039813,0x00000000,0,0,0,0x00000000,0x00000000,3,0,1,0,1
present,5373,179070042,0x00000000,0,0,0,0x00000000,0x00000000,3,0,1,0,1
present,5374,179100848,0x00000000,0,0,0,0x00000000,0x00000000,3,0,1,0,1
present,5375,179142668,0x00000000,0,0,0,0x00000000,0x00000000,3,0,1,0,1
present,5376,179167658,0x00000000,0,0,0,0x00000000,0x00000000,3,0,1,0,1
present,5377,179207794,0x00000000,0,0,0,0x00000000,0x00000000,3,0,1,0,1
present,5378,179242752,0x00000000,0,0,0,0x00000000,0x00000000,3,0,1,0,1
present,5379,179272091,0x00000000,0,0,0,0x00000000,0x00000000,3,0,1,0,1
present,5380,179309550,0x00000000,0,0,0,0x00000000,0x00000000,3,0,1,0,1
present,5381,179340875,0x00000000,0,0,0,0x00000000,0x00000000,3,0,1,0,1
present,5382,179374391,0x00000000,0,0,0,0x00000000,0x00000000,3,0,1,0,1
present,5383,179407675,0x00000000,0,0,0,0x00000000,0x00000000,3,0,1,0,1
present,5384,179442631,0x00000000,0,0,0,0x00000000,0x00000000,3,0,1,0,1
present,5385,179474621,0x00000000,0,0,0,0x00000000,0x00000000,3,0,1,0,1
present,5386,179509594,0x00000000,0,0,0,0x00000000,0x00000000,3,0,1,0,1
present,5387,179534648,0x00000000,0,0,0,0x00000000,0x00000000,3,0,1,0,1
present,5388,179575644,0x00000000,0,0,0,0x00000000,0x00000000,3,0,1,0,1
present,5389,179607589,0x00000000,0,0,0,0x00000000,0x00000000,3,0,1,0,1
present,5390,179634617,0x00000000,0,0,0,0x00000000,0x00000000,3,0,1,0,1
present,5391,179670145,0x00000000,0,0,0,0x00000000,0x00000000,3,0,1,0,1
present,5392,179708442,0x00000000,0,0,0,0x00000000,0x00000000,3,0,1,0,1
present,5393,179741659,0x00000000,0,0,0,0x00000000,0x00000000,3,0,1,0,1
present,5394,179774930,0x00000000,0,0,0,0x00000000,0x00000000,3,0,1,0,1
present,5395,179808506,0x00000000,0,0,0,0x00000000,0x00000000,3,0,1,0,1
present,5396,179840971,0x00000000,0,0,0,0x00000000,0x00000000,3,0,1,0,1
present,5397,179869376,0x00000000,0,0,0,0x00000000,0x00000000,3,0,1,0,1
present,5398,179909555,0x00000000,0,0,0,0x00000000,0x00000000,3,0,1,0,1
present,5399,179935298,0x00000000,0,0,0,0x00000000,0x00000000,3,0,1,0,1
present,5400,179976331,0x00000000,0,0,0,0x00000000,0x00000000,3,0,1,0,1
present,5401,180008962,0x00000000,0,0,0,0x00000000,0x00000000,0,0,1,0,1
present,5402,180036425,0x00000000,0,0,0,0x00000000,0x00000000,0,0,1,0,1
present,5403,180069535,0x00000000,0,0,0,0x00000000,0x00000000,0,0,1,0,1
present,5404,180108070,0x00000000,0,0,0,0x00000000,0x00000000,0,0,1,0,1
present,5405,180140939,0x00000000,0,0,0,0x00000000,0x00000000,0,0,1,0,1
present,5406,180168859,0x00000000,0,0,0,0x00000000,0x00000000,0,0,1,0,1
present,5407,180200687,0x00000000,0,0,0,0x00000000,0x00000000,0,0,1,0,1
present,5408,180241009,0x00000000,0,0,0,0x00000000,0x00000000,0,0,1,0,1
present,5409,180269788,0x00000000,0,0,0,0x00000000,0x00000000,0,0,1,0,1
present,5410,180302728,0x00000000,0,0,0,0x00000000,0x00000000,0,0,1,0,1
present,5411,180341210,0x00000000,0,0,0,0x00000000,0x00000000,0,0,1,0,1
present,5412,180375076,0x00000000,0,0,0,0x00000000,0x00000000,0,0,1,0,1
present,5413,180403376,0x00000000,0,0,0,0x00000000,0x00000000,0,0,1,0,1
present,5414,180442600,0x00000000,0,0,0,0x00000000,0x00000000,0,0,1,0,1
present,5415,180473338,0x00000000,0,0,0,0x00000000,0x00000000,0,0,1,0,1
present,5416,180507647,0x00000000,0,0,0,0x00000000,0x00000000,0,0,1,0,1
present,5417,180541665,0x00000000,0,0,0,0x00000000,0x00000000,0,0,1,0,1
present,5418,180569466,0x00000000,0,0,0,0x00000000,0x00000000,0,0,1,0,1
present,5419,180607835,0x00000000,0,0,0,0x00000000,0x00000000,0,0,1,0,1
present,5420,180637537,0x00000000,0,0,0,0x00000000,0x00000000,0,0,1,0,1
present,5421,180669359,0x00000000,0,0,0,0x00000000,0x00000000,0,0,1,0,1
present,5422,180707420,0x00000000,0,0,0,0x00000000,0x00000000,0,0,1,0,1
present,5423,180741672,0x00000000,0,0,0,0x00000000,0x00000000,0,0,1,0,1
present,5424,180774917,0x00000000,0,0,0,0x00000000,0x00000000,0,0,1,0,1
present,5425,180808528,0x00000000,0,0,0,0x00000000,0x00000000,0,0,1,0,1
present,5426,180835805,0x00000000,0,0,0,0x00000000,0x00000000,0,0,1,0,1
present,5427,180874516,0x00000000,0,0,0,0x00000000,0x00000000,0,0,1,0,1
present,5428,180907598,0x00000000,0,0,0,0x00000000,0x00000000,0,0,1,0,1
present,5429,180936638,0x00000000,0,0,0,0x00000000,0x00000000,0,0,1,0,1
present,5430,180975559,0x00000000,0,0,0,0x00000000,0x00000000,0,0,1,0,1
present,5431,181007602,0x00000000,0,0,0,0x00000000,0x00000000,1,0,1,0,1
present,5432,181041173,0x00000000,0,0,0,0x00000000,0x00000000,1,0,1,0,1
present,5433,181068605,0x00000000,0,0,0,0x00000000,0x00000000,1,0,1,0,1
present,5434,181109723,0x00000000,0,0,0,0x00000000,0x00000000,1,0,1,0,1
present,5435,181137260,0x00000000,0,0,0,0x00000000,0x00000000,1,0,1,0,1
present,5436,181176487,0x00000000,0,0,0,0x00000000,0x00000000,1,0,1,0,1
present,5437,181203875,0x00000000,0,0,0,0x00000000,0x00000000,1,0,1,0,1
present,5438,181241445,0x00000000,0,0,0,0x00000000,0x00000000,1,0,1,0,1
present,5439,181274861,0x00000000,0,0,0,0x00000000,0x00000000,1,0,1,0,1
present,5440,181308890,0x00000000,0,0,0,0x00000000,0x00000000,1,0,1,0,1
present,5441,181337885,0x00000000,0,0,0,0x00000000,0x00000000,1,0,1,0,1
present,5442,181373918,0x00000000,0,0,0,0x00000000,0x00000000,1,0,1,0,1
present,5443,181408910,0x00000000,0,0,0,0x00000000,0x00000000,1,0,1,0,1
present,5444,181441016,0x00000000,0,0,0,0x00000000,0x00000000,1,0,1,0,1
present,5445,181470025,0x00000000,0,0,0,0x00000000,0x00000000,1,0,1,0,1
present,5446,181501968,0x00000000,0,0,0,0x00000000,0x00000000,1,0,1,0,1
present,5447,181541149,0x00000000,0,0,0,0x00000000,0x00000000,1,0,1,0,1
present,5448,181571951,0x00000000,0,0,0,0x00000000,0x00000000,1,0,1,0,1
present,5449,181604249,0x00000000,0,0,0,0x00000000,0x00000000,1,0,1,0,1
present,5450,181635251,0x00000000,0,0,0,0x00000000,0x00000000,1,0,1,0,1
present,5451,181673852,0x00000000,0,0,0,0x00000000,0x00000000,1,0,1,0,1
present,5452,181709141,0x00000000,0,0,0,0x00000000,0x00000000,1,0,1,0,1
present,5453,181742450,0x00000000,0,0,0,0x00000000,0x00000000,1,0,1,0,1
present,5454,181768518,0x00000000,0,0,0,0x00000000,0x00000000,1,0,1,0,1
present,5455,181808788,0x00000000,0,0,0,0x00000000,0x00000000,1,0,1,0,1
present,5456,181842258,0x00000000,0,0,0,0x00000000,0x00000000,1,0,1,0,1
present,5457,181874220,0x00000000,0,0,0,0x00000000,0x00000000,1,0,1,0,1
present,5458,181907676,0x00000000,0,0,0,0x00000000,0x00000000,1,0,1,0,1
present,5459,181940932,0x00000000,0,0,0,0x00000000,0x00000000,1,0,1,0,1
present,5460,181974408,0x00000000,0,0,0,0x00000000,0x00000000,1,0,1,0,1
present,5461,182000970,0x00000000,0,0,0,0x00000000,0x00000000,2,0,1,0,1
present,5462,182039709,0x00000000,0,0,0,0x00000000,0x00000000,2,0,1,0,1
present,5463,182070561,0x00000000,0,0,0,0x00000000,0x00000000,2,0,1,0,1
present,5464,182109765,0x00000000,0,0,0,0x00000000,0x00000000,2,0,1,0,1
present,5465,182141710,0x00000000,0,0,0,0x00000000,0x00000000,2,0,1,0,1
present,5466,182174413,0x00000000,0,0,0,0x00000000,0x00000000,2,0,1,0,1
present,5467,182204855,0x00000000,0,0,0,0x00000000,0x00000000,2,0,1,0,1
present,5468,182234441,0x00000000,0,0,0,0x00000000,0x00000000,2,0,1,0,1
present,5469,182268195,0x00000000,0,0,0,0x00000000,0x00000000,2,0,1,0,1
present,5470,182309512,0x00000000,0,0,0,0x00000000,0x00000000,2,0,1,0,1
present,5471,182337715,0x00000000,0,0,0,0x00000000,0x00000000,2,0,1,0,1
present,5472,182371941,0x00000000,0,0,0,0x00000000,0x00000000,2,0,1,0,1
present,5473,182407593,0x00000000,0,0,0,0x00000000,0x00000000,2,0,1,0,1
present,5474,182441626,0x00000000,0,0,0,0x00000000,0x00000000,2,0,1,0,1
present,5475,182472191,0x00000000,0,0,0,0x00000000,0x00000000,2,0,1,0,1
present,5476,182507710,0x00000000,0,0,0,0x00000000,0x00000000,2,0,1,0,1
present,5477,182536381,0x00000000,0,0,0,0x00000000,0x00000000,2,0,1,0,1
present,5478,182576669,0x00000000,0,0,0,0x00000000,0x00000000,2,0,1,0,1
present,5479,182606959,0x00000000,0,0,0,0x00000000,0x00000000,2,0,1,0,1
present,5480,182633845,0x00000000,0,0,0,0x00000000,0x00000000,2,0,1,0,1
present,5481,182674627,0x00000000,0,0,0,0x00000000,0x00000000,2,0,1,0,1
present,5482,182708883,0x00000000,0,0,0,0x00000000,0x00000000,2,0,1,0,1
present,5483,182742117,0x00000000,0,0,0,0x00000000,0x00000000,2,0,1,0,1
present,5484,182775351,0x00000000,0,0,0,0x00000000,0x00000000,2,0,1,0,1
present,5485,182808620,0x00000000,0,0,0,0x00000000,0x00000000,2,0,1,0,1
present,5486,182842176,0x00000000,0,0,0,0x00000000,0x00000000,2,0,1,0,1
present,5487,182871049,0x00000000,0,0,0,0x00000000,0x00000000,2,0,1,0,1
present,5488,182905830,0x00000000,0,0,0,0x00000000,0x00000000,2,0,1,0,1
present,5489,182941777,0x00000000,0,0,0,0x00000000,0x00000000,2,0,1,0,1
present,5490,182969992,0x00000000,0,0,0,0x00000000,0x00000000,2,0,1,0,1
present,5491,183009307,0x00000000,0,0,0,0x00000000,0x00000000,3,0,1,0,1
present,5492,183038296,0x00000000,0,0,0,0x00000000,0x00000000,3,0,1,0,1
present,5493,183072512,0x00000000,0,0,0,0x00000000,0x00000000,3,0,1,0,1
present,5494,183105587,0x00000000,0,0,0,0x00000000,0x00000000,3,0,1,0,1
present,5495,183138274,0x00000000,0,0,0,0x00000000,0x00000000,3,0,1,0,1
present,5496,183174301,0x00000000,0,0,0,0x00000000,0x00000000,3,0,1,0,1
present,5497,183209323,0x00000000,0,0,0,0x00000000,0x00000000,3,0,1,0,1
present,5498,183242848,0x00000000,0,0,0,0x00000000,0x00000000,3,0,1,0,1
present,5499,183276110,0x00000000,0,0,0,0x00000000,0x00000000,3,0,1,0,1
present,5500,183304101,0x00000000,0,0,0,0x00000000,0x00000000,3,0,1,0,1
present,5501,183342390,0x00000000,0,0,0,0x00000000,0x00000000,3,0,1,0,1
present,5502,183375749,0x00000000,0,0,0,0x00000000,0x00000000,3,0,1,0,1
present,5503,183408972,0x00000000,0,0,0,0x00000000,0x00000000,3,0,1,0,1
present,5504,183441500,0x00000000,0,0,0,0x00000000,0x00000000,3,0,1,0,1
present,5505,183475847,0x00000000,0,0,0,0x00000000,0x00000000,3,0,1,0,1
present,5506,183509674,0x00000000,0,0,0,0x00000000,0x00000000,3,0,1,0,1
present,5507,183533882,0x00000000,0,0,0,0x00000000,0x00000000,3,0,1,0,1
present,5508,183572466,0x00000000,0,0,0,0x00000000,0x00000000,3,0,1,0,1
present,5509,183603152,0x00000000,0,0,0,0x00000000,0x00000000,3,0,1,0,1
present,5510,183633910,0x00000000,0,0,0,0x00000000,0x00000000,3,0,1,0,1
present,5511,183668473,0x00000000,0,0,0,0x00000000,0x00000000,3,0,1,0,1
present,5512,183706933,0x00000000,0,0,0,0x00000000,0x00000000,3,0,1,0,1
present,5513,183742183,0x00000000,0,0,0,0x00000000,0x00000000,3,0,1,0,1
present,5514,183775401,0x00000000,0,0,0,0x00000000,0x00000000,3,0,1,0,1
present,5515,183808662,0x00000000,0,0,0,0x00000000,0x00000000,3,0,1,0,1
present,5516,183842316,0x00000000,0,0,0,0x00000000,0x00000000,3,0,1,0,1
present,5517,183874256,0x00000000,0,0,0,0x00000000,0x00000000,3,0,1,0,1
present,5518,183905676,0x00000000,0,0,0,0x00000000,0x00000000,3,0,1,0,1
present,5519,183939817,0x00000000,0,0,0,0x00000000,0x00000000,3,0,1,0,1
present,5520,183969537,0x00000000,0,0,0,0x00000000,0x00000000,3,0,1,0,1
present,5521,184003890,0x00000000,0,0,0,0x00000000,0x00000000,0,0,1,0,1
present,5522,184033912,0x00000000,0,0,0,0x00000000,0x00000000,0,0,1,0,1
present,5523,184074472,0x00000000,0,0,0,0x00000000,0x00000000,0,0,1,0,1
present,5524,184107867,0x00000000,0,0,0,0x00000000,0x00000000,0,0,1,0,1
present,5525,184143425,0x00000000,0,0,0,0x00000000,0x00000000,0,0,1,0,1
present,5526,184172429,0x00000000,0,0,0,0x00000000,0x00000000,0,0,1,0,1
present,5527,184207747,0x00000000,0,0,0,0x00000000,0x00000000,0,0,1,0,1
present,5528,184240896,0x00000000,0,0,0,0x00000000,0x00000000,0,0,1,0,1
present,5529,184274638,0x00000000,0,0,0,0x00000000,0x00000000,0,0,1,0,1
present,5530,184300900,0x00000000,0,0,0,0x00000000,0x00000000,0,0,1,0,1
present,5531,184342926,0x00000000,0,0,0,0x00000000,0x00000000,0,0,1,0,1
present,5532,184371210,0x00000000,0,0,0,0x00000000,0x00000000,0,0,1,0,1
present,5533,184407626,0x00000000,0,0,0,0x00000000,0x00000000,0,0,1,0,1
present,5534,184442379,0x00000000,0,0,0,0x00000000,0x00000000,0,0,1,0,1
present,5535,184474336,0x00000000,0,0,0,0x00000000,0x00000000,0,0,1,0,1
present,5536,184504033,0x00000000,0,0,0,0x00000000,0x00000000,0,0,1,0,1
present,5537,184541049,0x00000000,0,0,0,0x00000000,0x00000000,0,0,1,0,1
present,5538,184573507,0x00000000,0,0,0,0x00000000,0x00000000,0,0,1,0,1
present,5539,184609693,0x00000000,0,0,0,0x00000000,0x00000000,0,0,1,0,1
present,5540,184637533,0x00000000,0,0,0,0x00000000,0x00000000,0,0,1,0,1
present,5541,184669393,0x00000000,0,0,0,0x00000000,0x00000000,0,0,1,0,1
present,5542,184708740,0x00000000,0,0,0,0x00000000,0x00000000,0,0,1,0,1
present,5543,184742032,0x00000000,0,0,0,0x00000000,0x00000000,0,0,1,0,1
present,5544,184775282,0x00000000,0,0,0,0x00000000,0x00000000,0,0,1,0,1
present,5545,184808902,0x00000000,0,0,0,0x00000000,0x00000000,0,0,1,0,1
present,5546,184840235,0x00000000,0,0,0,0x00000000,0x00000000,0,0,1,0,1
present,5547,184868572,0x00000000,0,0,0,0x00000000,0x00000000,0,0,1,0,1
present,5548,184909714,0x00000000,0,0,0,0x00000000,0x00000000,0,0,1,0,1
present,5549,184939913,0x00000000,0,0,0,0x00000000,0x00000000,0,0,1,0,1
present,5550,184974300,0x00000000,0,0,0,0x00000000,0x00000000,0,0,1,0,1
present,5551,185009522,0x00000000,0,0,0,0x00000000,0x00000000,1,0,1,0,1
present,5552,185041747,0x00000000,0,0,0,0x00000000,0x00000000,1,0,1,0,1
present,5553,185074572,0x00000000,0,0,0,0x00000000,0x00000000,1,0,1,0,1
present,5554,185107633,0x00000000,0,0,0,0x00000000,0x00000000,1,0,1,0,1
present,5555,185141210,0x00000000,0,0,0,0x00000000,0x00000000,1,0,1,0,1
present,5556,185174499,0x00000000,0,0,0,0x00000000,0x00000000,1,0,1,0,1
present,5557,185207985,0x00000000,0,0,0,0x00000000,0x00000000,1,0,1,0,1
present,5558,185240914,0x00000000,0,0,0,0x00000000,0x00000000,1,0,1,0,1
present,5559,185274384,0x00000000,0,0,0,0x00000000,0x00000000,1,0,1,0,1
present,5560,185309959,0x00000000,0,0,0,0x00000000,0x00000000,1,0,1,0,1
present,5561,185341523,0x00000000,0,0,0,0x00000000,0x00000000,1,0,1,0,1
present,5562,185375357,0x00000000,0,0,0,0x00000000,0x00000000,1,0,1,0,1
present,5563,185405468,0x00000000,0,0,0,0x00000000,0x00000000,1,0,1,0,1
present,5564,185442636,0x00000000,0,0,0,0x00000000,0x00000000,1,0,1,0,1
present,5565,185475589,0x00000000,0,0,0,0x00000000,0x00000000,1,0,1,0,1
present,5566,185506580,0x00000000,0,0,0,0x00000000,0x00000000,1,0,1,0,1
present,5567,185536106,0x00000000,0,0,0,0x00000000,0x00000000,1,0,1,0,1
present,5568,185567371,0x00000000,0,0,0,0x00000000,0x00000000,1,0,1,0,1
present,5569,185608866,0x00000000,0,0,0,0x00000000,0x00000000,1,0,1,0,1
present,5570,185640908,0x00000000,0,0,0,0x00000000,0x00000000,1,0,1,0,1
present,5571,185671992,0x00000000,0,0,0,0x00000000,0x00000000,1,0,1,0,1
present,5572,185708258,0x00000000,0,0,0,0x00000000,0x00000000,1,0,1,0,1
present,5573,185741491,0x00000000,0,0,0,0x00000000,0x00000000,1,0,1,0,1
present,5574,185775768,0x00000000,0,0,0,0x00000000,0x00000000,1,0,1,0,1
present,5575,185804548,0x00000000,0,0,0,0x00000000,0x00000000,1,0,1,0,1
present,5576,185833784,0x00000000,0,0,0,0x00000000,0x00000000,1,0,1,0,1
present,5577,185870599,0x00000000,0,0,0,0x00000000,0x00000000,1,0,1,0,1
present,5578,185908137,0x00000000,0,0,0,0x00000000,0x00000000,1,0,1,0,1
present,5579,185941014,0x00000000,0,0,0,0x00000000,0x00000000,1,0,1,0,1
present,5580,185974313,0x00000000,0,0,0,0x00000000,0x00000000,1,0,1,0,1
present,5581,186003212,0x00000000,0,0,0,0x00000000,0x00000000,2,0,1,0,1
present,5582,186040940,0x00000000,0,0,0,0x00000000,0x00000000,2,0,1,0,1
present,5583,186075454,0x00000000,0,0,0,0x00000000,0x00000000,2,0,1,0,1
present,5584,186107720,0x00000000,0,0,0,0x00000000,0x00000000,2,0,1,0,1
present,5585,186141048,0x00000000,0,0,0,0x00000000,0x00000000,2,0,1,0,1
present,5586,186168463,0x00000000,0,0,0,0x00000000,0x00000000,2,0,1,0,1
present,5587,186208436,0x00000000,0,0,0,0x00000000,0x00000000,2,0,1,0,1
present,5588,186236615,0x00000000,0,0,0,0x00000000,0x00000000,2,0,1,0,1
present,5589,186274440,0x00000000,0,0,0,0x00000000,0x00000000,2,0,1,0,1
present,5590,186307452,0x00000000,0,0,0,0x00000000,0x00000000,2,0,1,0,1
present,5591,186340987,0x00000000,0,0,0,0x00000000,0x00000000,2,0,1,0,1
present,5592,186374310,0x00000000,0,0,0,0x00000000,0x00000000,2,0,1,0,1
present,5593,186400532,0x00000000,0,0,0,0x00000000,0x00000000,2,0,1,0,1
present,5594,186441441,0x00000000,0,0,0,0x00000000,0x00000000,2,0,1,0,1
present,5595,186470862,0x00000000,0,0,0,0x00000000,0x00000000,2,0,1,0,1
present,5596,186505641,0x00000000,0,0,0,0x00000000,0x00000000,2,0,1,0,1
present,5597,186540910,0x00000000,0,0,0,0x00000000,0x00000000,2,0,1,0,1
present,5598,186576041,0x00000000,0,0,0,0x00000000,0x00000000,2,0,1,0,1
present,5599,186607469,0x00000000,0,0,0,0x00000000,0x00000000,2,0,1,0,1
present,5600,186641421,0x00000000,0,0,0,0x00000000,0x00000000,2,0,1,0,1
present,5601,186669545,0x00000000,0,0,0,0x00000000,0x00000000,2,0,1,0,1
present,5602,186708834,0x00000000,0,0,0,0x00000000,0x00000000,2,0,1,0,1
present,5603,186742208,0x00000000,0,0,0,0x00000000,0x00000000,2,0,1,0,1
present,5604,186769135,0x00000000,0,0,0,0x00000000,0x00000000,2,0,1,0,1
present,5605,186804716,0x00000000,0,0,0,0x00000000,0x00000000,2,0,1,0,1
present,5606,186842636,0x00000000,0,0,0,0x00000000,0x00000000,2,0,1,0,1
present,5607,186867188,0x00000000,0,0,0,0x00000000,0x00000000,2,0,1,0,1
present,5608,186907539,0x00000000,0,0,0,0x00000000,0x00000000,2,0,1,0,1
present,5609,186941491,0x00000000,0,0,0,0x00000000,0x00000000,2,0,1,0,1
present,5610,186969009,0x00000000,0,0,0,0x00000000,0x00000000,2,0,1,0,1
present,5611,187008790,0x00000000,0,0,0,0x00000000,0x00000000,3,0,1,0,1
present,5612,187042921,0x00000000,0,0,0,0x00000000,0x00000000,3,0,1,0,1
present,5613,187076180,0x00000000,0,0,0,0x00000000,0x00000000,3,0,1,0,1
present,5614,187109170,0x00000000,0,0,0,0x00000000,0x00000000,3,0,1,0,1
present,5615,187136051,0x00000000,0,0,0,0x00000000,0x00000000,3,0,1,0,1
present,5616,187174413,0x00000000,0,0,0,0x00000000,0x00000000,3,0,1,0,1
present,5617,187200964,0x00000000,0,0,0,0x00000000,0x00000000,3,0,1,0,1
present,5618,187242214,0x00000000,0,0,0,0x00000000,0x00000000,3,0,1,0,1
present,5619,187276355,0x00000000,0,0,0,0x00000000,0x00000000,3,0,1,0,1
present,5620,187307759,0x00000000,0,0,0,0x00000000,0x00000000,3,0,1,0,1
present,5621,187336536,0x00000000,0,0,0,0x00000000,0x00000000,3,0,1,0,1
present,5622,187374191,0x00000000,0,0,0,0x00000000,0x00000000,3,0,1,0,1
present,5623,187408592,0x00000000,0,0,0,0x00000000,0x00000000,3,0,1,0,1
present,5624,187442337,0x00000000,0,0,0,0x00000000,0x00000000,3,0,1,0,1
present,5625,187474435,0x00000000,0,0,0,0x00000000,0x00000000,3,0,1,0,1
present,5626,187509234,0x00000000,0,0,0,0x00000000,0x00000000,3,0,1,0,1
present,5627,187538141,0x00000000,0,0,0,0x00000000,0x00000000,3,0,1,0,1
present,5628,187573809,0x00000000,0,0,0,0x00000000,0x00000000,3,0,1,0,1
present,5629,187609190,0x00000000,0,0,0,0x00000000,0x00000000,3,0,1,0,1
present,5630,187642487,0x00000000,0,0,0,0x00000000,0x00000000,3,0,1,0,1
present,5631,187675794,0x00000000,0,0,0,0x00000000,0x00000000,3,0,1,0,1
present,5632,187709036,0x00000000,0,0,0,0x00000000,0x00000000,3,0,1,0,1
present,5633,187742343,0x00000000,0,0,0,0x00000000,0x00000000,3,0,1,0,1
present,5634,187775612,0x00000000,0,0,0,0x00000000,0x00000000,3,0,1,0,1
present,5635,187807687,0x00000000,0,0,0,0x00000000,0x00000000,3,0,1,0,1
present,5636,187840876,0x00000000,0,0,0,0x00000000,0x00000000,3,0,1,0,1
present,5637,187875890,0x00000000,0,0,0,0x00000000,0x00000000,3,0,1,0,1
present,5638,187907554,0x00000000,0,0,0,0x00000000,0x00000000,3,0,1,0,1
present,5639,187941382,0x00000000,0,0,0,0x00000000,0x00000000,3,0,1,0,1
present,5640,187974221,0x00000000,0,0,0,0x00000000,0x00000000,3,0,1,0,1
present,5641,188001075,0x00000000,0,0,0,0x00000000,0x00000000,0,0,1,0,1
present,5642,188037435,0x00000000,0,0,0,0x00000000,0x00000000,0,0,1,0,1
present,5643,188072314,0x00000000,0,0,0,0x00000000,0x00000000,0,0,1,0,1
present,5644,188110104,0x00000000,0,0,0,0x00000000,0x00000000,0,0,1,0,1
present,5645,188142081,0x00000000,0,0,0,0x00000000,0x00000000,0,0,1,0,1
present,5646,188168284,0x00000000,0,0,0,0x00000000,0x00000000,0,0,1,0,1
present,5647,188200972,0x00000000,0,0,0,0x00000000,0x00000000,0,0,1,0,1
present,5648,188235610,0x00000000,0,0,0,0x00000000,0x00000000,0,0,1,0,1
present,5649,188272088,0x00000000,0,0,0,0x00000000,0x00000000,0,0,1,0,1
present,5650,188307723,0x00000000,0,0,0,0x00000000,0x00000000,0,0,1,0,1
present,5651,188334759,0x00000000,0,0,0,0x00000000,0x00000000,0,0,1,0,1
present,5652,188375501,0x00000000,0,0,0,0x00000000,0x00000000,0,0,1,0,1
present,5653,188407454,0x00000000,0,0,0,0x00000000,0x00000000,0,0,1,0,1
present,5654,188434233,0x00000000,0,0,0,0x00000000,0x00000000,0,0,1,0,1
present,5655,188468353,0x00000000,0,0,0,0x00000000,0x00000000,0,0,1,0,1
present,5656,188508740,0x00000000,0,0,0,0x00000000,0x00000000,0,0,1,0,1
present,5657,188542035,0x00000000,0,0,0,0x00000000,0x00000000,0,0,1,0,1
present,5658,188573815,0x00000000,0,0,0,0x00000000,0x00000000,0,0,1,0,1
present,5659,188609069,0x00000000,0,0,0,0x00000000,0x00000000,0,0,1,0,1
present,5660,188642420,0x00000000,0,0,0,0x00000000,0x00000000,0,0,1,0,1
present,5661,188675812,0x00000000,0,0,0,0x00000000,0x00000000,0,0,1,0,1
present,5662,188709125,0x00000000,0,0,0,0x00000000,0x00000000,0,0,1,0,1
present,5663,188742494,0x00000000,0,0,0,0x00000000,0x00000000,0,0,1,0,1
present,5664,188775822,0x00000000,0,0,0,0x00000000,0x00000000,0,0,1,0,1
present,5665,188809215,0x00000000,0,0,0,0x00000000,0x00000000,0,0,1,0,1
present,5666,188841582,0x00000000,0,0,0,0x00000000,0x00000000,0,0,1,0,1
present,5667,188874853,0x00000000,0,0,0,0x00000000,0x00000000,0,0,1,0,1
present,5668,188909209,0x00000000,0,0,0,0x00000000,0x00000000,0,0,1,0,1
present,5669,188941157,0x00000000,0,0,0,0x00000000,0x00000000,0,0,1,0,1
present,5670,188975562,0x00000000,0,0,0,0x00000000,0x00000000,0,0,1,0,1
present,5671,189009086,0x00000000,0,0,0,0x00000000,0x00000000,1,0,1,0,1
present,5672,189042436,0x00000000,0,0,0,0x00000000,0x00000000,1,0,1,0,1
present,5673,189074543,0x00000000,0,0,0,0x00000000,0x00000000,1,0,1,0,1
present,5674,189108933,0x00000000,0,0,0,0x00000000,0x00000000,1,0,1,0,1
present,5675,189142256,0x00000000,0,0,0,0x00000000,0x00000000,1,0,1,0,1
present,5676,189175589,0x00000000,0,0,0,0x00000000,0x00000000,1,0,1,0,1
present,5677,189208845,0x00000000,0,0,0,0x00000000,0x00000000,1,0,1,0,1
present,5678,189242196,0x00000000,0,0,0,0x00000000,0x00000000,1,0,1,0,1
present,5679,189275492,0x00000000,0,0,0,0x00000000,0x00000000,1,0,1,0,1
present,5680,189308706,0x00000000,0,0,0,0x00000000,0x00000000,1,0,1,0,1
present,5681,189339246,0x00000000,0,0,0,0x00000000,0x00000000,1,0,1,0,1
present,5682,189375497,0x00000000,0,0,0,0x00000000,0x00000000,1,0,1,0,1
present,5683,189407319,0x00000000,0,0,0,0x00000000,0x00000000,1,0,1,0,1
present,5684,189441735,0x00000000,0,0,0,0x00000000,0x00000000,1,0,1,0,1
present,5685,189475004,0x00000000,0,0,0,0x00000000,0x00000000,1,0,1,0,1
present,5686,189508208,0x00000000,0,0,0,0x00000000,0x00000000,1,0,1,0,1
present,5687,189542420,0x00000000,0,0,0,0x00000000,0x00000000,1,0,1,0,1
present,5688,189576261,0x00000000,0,0,0,0x00000000,0x00000000,1,0,1,0,1
present,5689,189603752,0x00000000,0,0,0,0x00000000,0x00000000,1,0,1,0,1
present,5690,189639598,0x00000000,0,0,0,0x00000000,0x00000000,1,0,1,0,1
present,5691,189666877,0x00000000,0,0,0,0x00000000,0x00000000,1,0,1,0,1
present,5692,189709146,0x00000000,0,0,0,0x00000000,0x00000000,1,0,1,0,1
present,5693,189734096,0x00000000,0,0,0,0x00000000,0x00000000,1,0,1,0,1
present,5694,189775296,0x00000000,0,0,0,0x00000000,0x00000000,1,0,1,0,1
present,5695,189808778,0x00000000,0,0,0,0x00000000,0x00000000,1,0,1,0,1
present,5696,189833856,0x00000000,0,0,0,0x00000000,0x00000000,1,0,1,0,1
present,5697,189874275,0x00000000,0,0,0,0x00000000,0x00000000,1,0,1,0,1
present,5698,189908115,0x00000000,0,0,0,0x00000000,0x00000000,1,0,1,0,1
present,5699,189941421,0x00000000,0,0,0,0x00000000,0x00000000,1,0,1,0,1
present,5700,189969436,0x00000000,0,0,0,0x00000000,0x00000000,1,0,1,0,1
present,5701,190006110,0x00000000,0,0,0,0x00000000,0x00000000,2,0,1,0,1
present,5702,190037148,0x00000000,0,0,0,0x00000000,0x00000000,2,0,1,0,1
present,5703,190074309,0x00000000,0,0,0,0x00000000,0x00000000,2,0,1,0,1
present,5704,190108865,0x00000000,0,0,0,0x00000000,0x00000000,2,0,1,0,1
present,5705,190142645,0x00000000,0,0,0,0x00000000,0x00000000,2,0,1,0,1
present,5706,190167739,0x00000000,0,0,0,0x00000000,0x00000000,2,0,1,0,1
present,5707,190208630,0x00000000,0,0,0,0x00000000,0x00000000,2,0,1,0,1
present,5708,190237345,0x00000000,0,0,0,0x00000000,0x00000000,2,0,1,0,1
present,5709,190276212,0x00000000,0,0,0,0x00000000,0x00000000,2,0,1,0,1
present,5710,190303211,0x00000000,0,0,0,0x00000000,0x00000000,2,0,1,0,1
present,5711,190337912,0x00000000,0,0,0,0x00000000,0x00000000,2,0,1,0,1
present,5712,190372466,0x00000000,0,0,0,0x00000000,0x00000000,2,0,1,0,1
present,5713,190409368,0x00000000,0,0,0,0x00000000,0x00000000,2,0,1,0,1
present,5714,190441575,0x00000000,0,0,0,0x00000000,0x00000000,2,0,1,0,1
present,5715,190468896,0x00000000,0,0,0,0x00000000,0x00000000,2,0,1,0,1
present,5716,190506329,0x00000000,0,0,0,0x00000000,0x00000000,2,0,1,0,1
present,5717,190535107,0x00000000,0,0,0,0x00000000,0x00000000,2,0,1,0,1
present,5718,190569384,0x00000000,0,0,0,0x00000000,0x00000000,2,0,1,0,1
present,5719,190608566,0x00000000,0,0,0,0x00000000,0x00000000,2,0,1,0,1
present,5720,190636293,0x00000000,0,0,0,0x00000000,0x00000000,2,0,1,0,1
present,5721,190675601,0x00000000,0,0,0,0x00000000,0x00000000,2,0,1,0,1
present,5722,190708797,0x00000000,0,0,0,0x00000000,0x00000000,2,0,1,0,1
present,5723,190735862,0x00000000,0,0,0,0x00000000,0x00000000,2,0,1,0,1
present,5724,190771688,0x00000000,0,0,0,0x00000000,0x00000000,2,0,1,0,1
present,5725,190808976,0x00000000,0,0,0,0x00000000,0x00000000,2,0,1,0,1
present,5726,190842746,0x00000000,0,0,0,0x00000000,0x00000000,2,0,1,0,1
present,5727,190870291,0x00000000,0,0,0,0x00000000,0x00000000,2,0,1,0,1
present,5728,190907707,0x00000000,0,0,0,0x00000000,0x00000000,2,0,1,0,1
present,5729,190941627,0x00000000,0,0,0,0x00000000,0x00000000,2,0,1,0,1
present,5730,190974174,0x00000000,0,0,0,0x00000000,0x00000000,2,0,1,0,1
present,5731,191004706,0x00000000,0,0,0,0x00000000,0x00000000,3,0,1,0,1
present,5732,191033959,0x00000000,0,0,0,0x00000000,0x00000000,3,0,1,0,1
present,5733,191072932,0x00000000,0,0,0,0x00000000,0x00000000,3,0,1,0,1
present,5734,191103132,0x00000000,0,0,0,0x00000000,0x00000000,3,0,1,0,1
present,5735,191137235,0x00000000,0,0,0,0x00000000,0x00000000,3,0,1,0,1
present,5736,191176165,0x00000000,0,0,0,0x00000000,0x00000000,3,0,1,0,1
present,5737,191207763,0x00000000,0,0,0,0x00000000,0x00000000,3,0,1,0,1
present,5738,191242185,0x00000000,0,0,0,0x00000000,0x00000000,3,0,1,0,1
present,5739,191275276,0x00000000,0,0,0,0x00000000,0x00000000,3,0,1,0,1
present,5740,191308606,0x00000000,0,0,0,0x00000000,0x00000000,3,0,1,0,1
present,5741,191341819,0x00000000,0,0,0,0x00000000,0x00000000,3,0,1,0,1
present,5742,191375012,0x00000000,0,0,0,0x00000000,0x00000000,3,0,1,0,1
present,5743,191408240,0x00000000,0,0,0,0x00000000,0x00000000,3,0,1,0,1
present,5744,191442547,0x00000000,0,0,0,0x00000000,0x00000000,3,0,1,0,1
present,5745,191475808,0x00000000,0,0,0,0x00000000,0x00000000,3,0,1,0,1
present,5746,191507108,0x00000000,0,0,0,0x00000000,0x00000000,3,0,1,0,1
present,5747,191540989,0x00000000,0,0,0,0x00000000,0x00000000,3,0,1,0,1
present,5748,191574212,0x00000000,0,0,0,0x00000000,0x00000000,3,0,1,0,1
present,5749,191607563,0x00000000,0,0,0,0x00000000,0x00000000,3,0,1,0,1
present,5750,191640474,0x00000000,0,0,0,0x00000000,0x00000000,3,0,1,0,1
present,5751,191675758,0x00000000,0,0,0,0x00000000,0x00000000,3,0,1,0,1
present,5752,191709022,0x00000000,0,0,0,0x00000000,0x00000000,3,0,1,0,1
present,5753,191742294,0x00000000,0,0,0,0x00000000,0x00000000,3,0,1,0,1
present,5754,191775587,0x00000000,0,0,0,0x00000000,0x00000000,3,0,1,0,1
present,5755,191809273,0x00000000,0,0,0,0x00000000,0x00000000,3,0,1,0,1
present,5756,191836858,0x00000000,0,0,0,0x00000000,0x00000000,3,0,1,0,1
present,5757,191874187,0x00000000,0,0,0,0x00000000,0x00000000,3,0,1,0,1
present,5758,191907431,0x00000000,0,0,0,0x00000000,0x00000000,3,0,1,0,1
present,5759,191938488,0x00000000,0,0,0,0x00000000,0x00000000,3,0,1,0,1
present,5760,191970450,0x00000000,0,0,0,0x00000000,0x00000000,3,0,1,0,1
present,5761,192007880,0x00000000,0,0,0,0x00000000,0x00000000,0,0,1,0,1
present,5762,192034353,0x00000000,0,0,0,0x00000000,0x00000000,0,0,1,0,1
present,5763,192075599,0x00000000,0,0,0,0x00000000,0x00000000,0,0,1,0,1
present,5764,192108283,0x00000000,0,0,0,0x00000000,0x00000000,0,0,1,0,1
present,5765,192137621,0x00000000,0,0,0,0x00000000,0x00000000,0,0,1,0,1
present,5766,192170619,0x00000000,0,0,0,0x00000000,0x00000000,0,0,1,0,1
present,5767,192207748,0x00000000,0,0,0,0x00000000,0x00000000,0,0,1,0,1
present,5768,192239099,0x00000000,0,0,0,0x00000000,0x00000000,0,0,1,0,1
present,5769,192276008,0x00000000,0,0,0,0x00000000,0x00000000,0,0,1,0,1
present,5770,192304502,0x00000000,0,0,0,0x00000000,0x00000000,0,0,1,0,1
present,5771,192336429,0x00000000,0,0,0,0x00000000,0x00000000,0,0,1,0,1
present,5772,192367273,0x00000000,0,0,0,0x00000000,0x00000000,0,0,1,0,1
present,5773,192409669,0x00000000,0,0,0,0x00000000,0x00000000,0,0,1,0,1
present,5774,192440741,0x00000000,0,0,0,0x00000000,0x00000000,0,0,1,0,1
present,5775,192475611,0x00000000,0,0,0,0x00000000,0x00000000,0,0,1,0,1
present,5776,192509863,0x00000000,0,0,0,0x00000000,0x00000000,0,0,1,0,1
present,5777,192541834,0x00000000,0,0,0,0x00000000,0x00000000,0,0,1,0,1
present,5778,192573534,0x00000000,0,0,0,0x00000000,0x00000000,0,0,1,0,1
present,5779,192609390,0x00000000,0,0,0,0x00000000,0x00000000,0,0,1,0,1
present,5780,192639672,0x00000000,0,0,0,0x00000000,0x00000000,0,0,1,0,1
present,5781,192669375,0x00000000,0,0,0,0x00000000,0x00000000,0,0,1,0,1
present,5782,192708651,0x00000000,0,0,0,0x00000000,0x00000000,0,0,1,0,1
present,5783,192741917,0x00000000,0,0,0,0x00000000,0x00000000,0,0,1,0,1
present,5784,192775135,0x00000000,0,0,0,0x00000000,0x00000000,0,0,1,0,1
present,5785,192808820,0x00000000,0,0,0,0x00000000,0x00000000,0,0,1,0,1
present,5786,192840820,0x00000000,0,0,0,0x00000000,0x00000000,0,0,1,0,1
present,5787,192869765,0x00000000,0,0,0,0x00000000,0x00000000,0,0,1,0,1
present,5788,192902995,0x00000000,0,0,0,0x00000000,0x00000000,0,0,1,0,1
present,5789,192934122,0x00000000,0,0,0,0x00000000,0x00000000,0,0,1,0,1
present,5790,192969521,0x00000000,0,0,0,0x00000000,0x00000000,0,0,1,0,1
present,5791,193007732,0x00000000,0,0,0,0x00000000,0x00000000,1,0,1,0,1
present,5792,193040687,0x00000000,0,0,0,0x00000000,0x00000000,1,0,1,0,1
present,5793,193074929,0x00000000,0,0,0,0x00000000,0x00000000,1,0,1,0,1
present,5794,193107806,0x00000000,0,0,0,0x00000000,0x00000000,1,0,1,0,1
present,5795,193140785,0x00000000,0,0,0,0x00000000,0x00000000,1,0,1,0,1
present,5796,193168318,0x00000000,0,0,0,0x00000000,0x00000000,1,0,1,0,1
present,5797,193207684,0x00000000,0,0,0,0x00000000,0x00000000,1,0,1,0,1
present,5798,193240764,0x00000000,0,0,0,0x00000000,0x00000000,1,0,1,0,1
present,5799,193274353,0x00000000,0,0,0,0x00000000,0x00000000,1,0,1,0,1
present,5800,193307446,0x00000000,0,0,0,0x00000000,0x00000000,1,0,1,0,1
present,5801,193341639,0x00000000,0,0,0,0x00000000,0x00000000,1,0,1,0,1
present,5802,193373558,0x00000000,0,0,0,0x00000000,0x00000000,1,0,1,0,1
present,5803,193409588,0x00000000,0,0,0,0x00000000,0x00000000,1,0,1,0,1
present,5804,193442692,0x00000000,0,0,0,0x00000000,0x00000000,1,0,1,0,1
present,5805,193474155,0x00000000,0,0,0,0x00000000,0x00000000,1,0,1,0,1
present,5806,193505070,0x00000000,0,0,0,0x00000000,0x00000000,1,0,1,0,1
present,5807,193540971,0x00000000,0,0,0,0x00000000,0x00000000,1,0,1,0,1
present,5808,193567170,0x00000000,0,0,0,0x00000000,0x00000000,1,0,1,0,1
present,5809,193607750,0x00000000,0,0,0,0x00000000,0x00000000,1,0,1,0,1
present,5810,193637401,0x00000000,0,0,0,0x00000000,0x00000000,1,0,1,0,1
present,5811,193669863,0x00000000,0,0,0,0x00000000,0x00000000,1,0,1,0,1
present,5812,193709149,0x00000000,0,0,0,0x00000000,0x00000000,1,0,1,0,1
present,5813,193742335,0x00000000,0,0,0,0x00000000,0x00000000,1,0,1,0,1
present,5814,193775535,0x00000000,0,0,0,0x00000000,0x00000000,1,0,1,0,1
present,5815,193804169,0x00000000,0,0,0,0x00000000,0x00000000,1,0,1,0,1
present,5816,193833744,0x00000000,0,0,0,0x00000000,0x00000000,1,0,1,0,1
present,5817,193876277,0x00000000,0,0,0,0x00000000,0x00000000,1,0,1,0,1
present,5818,193905066,0x00000000,0,0,0,0x00000000,0x00000000,1,0,1,0,1
present,5819,193938188,0x00000000,0,0,0,0x00000000,0x00000000,1,0,1,0,1
present,5820,193969124,0x00000000,0,0,0,0x00000000,0x00000000,1,0,1,0,1
present,5821,194000651,0x00000000,0,0,0,0x00000000,0x00000000,2,0,1,0,1
present,5822,194040857,0x00000000,0,0,0,0x00000000,0x00000000,2,0,1,0,1
present,5823,194067674,0x00000000,0,0,0,0x00000000,0x00000000,2,0,1,0,1
present,5824,194103614,0x00000000,0,0,0,0x00000000,0x00000000,2,0,1,0,1
present,5825,194138260,0x00000000,0,0,0,0x00000000,0x00000000,2,0,1,0,1
present,5826,194176495,0x00000000,0,0,0,0x00000000,0x00000000,2,0,1,0,1
present,5827,194206244,0x00000000,0,0,0,0x00000000,0x00000000,2,0,1,0,1
present,5828,194233872,0x00000000,0,0,0,0x00000000,0x00000000,2,0,1,0,1
present,5829,194267750,0x00000000,0,0,0,0x00000000,0x00000000,2,0,1,0,1
present,5830,194307136,0x00000000,0,0,0,0x00000000,0x00000000,2,0,1,0,1
present,5831,194341798,0x00000000,0,0,0,0x00000000,0x00000000,2,0,1,0,1
present,5832,194368791,0x00000000,0,0,0,0x00000000,0x00000000,2,0,1,0,1
present,5833,194408340,0x00000000,0,0,0,0x00000000,0x00000000,2,0,1,0,1
present,5834,194440296,0x00000000,0,0,0,0x00000000,0x00000000,2,0,1,0,1
present,5835,194476249,0x00000000,0,0,0,0x00000000,0x00000000,2,0,1,0,1
present,5836,194504333,0x00000000,0,0,0,0x00000000,0x00000000,2,0,1,0,1
present,5837,194540849,0x00000000,0,0,0,0x00000000,0x00000000,2,0,1,0,1
present,5838,194574757,0x00000000,0,0,0,0x00000000,0x00000000,2,0,1,0,1
present,5839,194600667,0x00000000,0,0,0,0x00000000,0x00000000,2,0,1,0,1
present,5840,194637937,0x00000000,0,0,0,0x00000000,0x00000000,2,0,1,0,1
present,5841,194675373,0x00000000,0,0,0,0x00000000,0x00000000,2,0,1,0,1
present,5842,194708619,0x00000000,0,0,0,0x00000000,0x00000000,2,0,1,0,1
present,5843,194741877,0x00000000,0,0,0,0x00000000,0x00000000,2,0,1,0,1
present,5844,194775147,0x00000000,0,0,0,0x00000000,0x00000000,2,0,1,0,1
present,5845,194808404,0x00000000,0,0,0,0x00000000,0x00000000,2,0,1,0,1
present,5846,194842036,0x00000000,0,0,0,0x00000000,0x00000000,2,0,1,0,1
present,5847,194875259,0x00000000,0,0,0,0x00000000,0x00000000,2,0,1,0,1
present,5848,194907610,0x00000000,0,0,0,0x00000000,0x00000000,2,0,1,0,1
present,5849,194941189,0x00000000,0,0,0,0x00000000,0x00000000,2,0,1,0,1
present,5850,194974750,0x00000000,0,0,0,0x00000000,0x00000000,2,0,1,0,1
present,5851,195005673,0x00000000,0,0,0,0x00000000,0x00000000,3,0,1,0,1
present,5852,195042974,0x00000000,0,0,0,0x00000000,0x00000000,3,0,1,0,1
present,5853,195073113,0x00000000,0,0,0,0x00000000,0x00000000,3,0,1,0,1
present,5854,195100554,0x00000000,0,0,0,0x00000000,0x00000000,3,0,1,0,1
present,5855,195138752,0x00000000,0,0,0,0x00000000,0x00000000,3,0,1,0,1
present,5856,195174774,0x00000000,0,0,0,0x00000000,0x00000000,3,0,1,0,1
present,5857,195203927,0x00000000,0,0,0,0x00000000,0x00000000,3,0,1,0,1
present,5858,195240336,0x00000000,0,0,0,0x00000000,0x00000000,3,0,1,0,1
present,5859,195274135,0x00000000,0,0,0,0x00000000,0x00000000,3,0,1,0,1
present,5860,195306118,0x00000000,0,0,0,0x00000000,0x00000000,3,0,1,0,1
present,5861,195336706,0x00000000,0,0,0,0x00000000,0x00000000,3,0,1,0,1
present,5862,195375017,0x00000000,0,0,0,0x00000000,0x00000000,3,0,1,0,1
present,5863,195408502,0x00000000,0,0,0,0x00000000,0x00000000,3,0,1,0,1
present,5864,195436519,0x00000000,0,0,0,0x00000000,0x00000000,3,0,1,0,1
present,5865,195474109,0x00000000,0,0,0,0x00000000,0x00000000,3,0,1,0,1
present,5866,195507311,0x00000000,0,0,0,0x00000000,0x00000000,3,0,1,0,1
present,5867,195536455,0x00000000,0,0,0,0x00000000,0x00000000,3,0,1,0,1
present,5868,195576333,0x00000000,0,0,0,0x00000000,0x00000000,3,0,1,0,1
present,5869,195607117,0x00000000,0,0,0,0x00000000,0x00000000,3,0,1,0,1
present,5870,195633874,0x00000000,0,0,0,0x00000000,0x00000000,3,0,1,0,1
present,5871,195666819,0x00000000,0,0,0,0x00000000,0x00000000,3,0,1,0,1
present,5872,195709051,0x00000000,0,0,0,0x00000000,0x00000000,3,0,1,0,1
present,5873,195742347,0x00000000,0,0,0,0x00000000,0x00000000,3,0,1,0,1
present,5874,195775597,0x00000000,0,0,0,0x00000000,0x00000000,3,0,1,0,1
present,5875,195803083,0x00000000,0,0,0,0x00000000,0x00000000,3,0,1,0,1
present,5876,195837962,0x00000000,0,0,0,0x00000000,0x00000000,3,0,1,0,1
present,5877,195867826,0x00000000,0,0,0,0x00000000,0x00000000,3,0,1,0,1
present,5878,195908492,0x00000000,0,0,0,0x00000000,0x00000000,3,0,1,0,1
present,5879,195942586,0x00000000,0,0,0,0x00000000,0x00000000,3,0,1,0,1
present,5880,195970301,0x00000000,0,0,0,0x00000000,0x00000000,3,0,1,0,1
present,5881,196009429,0x00000000,0,0,0,0x00000000,0x00000000,0,0,1,0,1
present,5882,196037993,0x00000000,0,0,0,0x00000000,0x00000000,0,0,1,0,1
present,5883,196072556,0x00000000,0,0,0,0x00000000,0x00000000,0,0,1,0,1
present,5884,196109585,0x00000000,0,0,0,0x00000000,0x00000000,0,0,1,0,1
present,5885,196135173,0x00000000,0,0,0,0x00000000,0x00000000,0,0,1,0,1
present,5886,196174154,0x00000000,0,0,0,0x00000000,0x00000000,0,0,1,0,1
present,5887,196201933,0x00000000,0,0,0,0x00000000,0x00000000,0,0,1,0,1
present,5888,196241996,0x00000000,0,0,0,0x00000000,0x00000000,0,0,1,0,1
present,5889,196274796,0x00000000,0,0,0,0x00000000,0x00000000,0,0,1,0,1
present,5890,196307629,0x00000000,0,0,0,0x00000000,0x00000000,0,0,1,0,1
present,5891,196342958,0x00000000,0,0,0,0x00000000,0x00000000,0,0,1,0,1
present,5892,196370313,0x00000000,0,0,0,0x00000000,0x00000000,0,0,1,0,1
present,5893,196408370,0x00000000,0,0,0,0x00000000,0x00000000,0,0,1,0,1
present,5894,196441071,0x00000000,0,0,0,0x00000000,0x00000000,0,0,1,0,1
present,5895,196474189,0x00000000,0,0,0,0x00000000,0x00000000,0,0,1,0,1
present,5896,196501400,0x00000000,0,0,0,0x00000000,0x00000000,0,0,1,0,1
present,5897,196541695,0x00000000,0,0,0,0x00000000,0x00000000,0,0,1,0,1
present,5898,196573967,0x00000000,0,0,0,0x00000000,0x00000000,0,0,1,0,1
present,5899,196605898,0x00000000,0,0,0,0x00000000,0x00000000,0,0,1,0,1
present,5900,196642367,0x00000000,0,0,0,0x00000000,0x00000000,0,0,1,0,1
present,5901,196675659,0x00000000,0,0,0,0x00000000,0x00000000,0,0,1,0,1
present,5902,196702551,0x00000000,0,0,0,0x00000000,0x00000000,0,0,1,0,1
present,5903,196741819,0x00000000,0,0,0,0x00000000,0x00000000,0,0,1,0,1
present,5904,196775087,0x00000000,0,0,0,0x00000000,0x00000000,0,0,1,0,1
present,5905,196808619,0x00000000,0,0,0,0x00000000,0x00000000,0,0,1,0,1
present,5906,196837958,0x00000000,0,0,0,0x00000000,0x00000000,0,0,1,0,1
present,5907,196872440,0x00000000,0,0,0,0x00000000,0x00000000,0,0,1,0,1
present,5908,196909668,0x00000000,0,0,0,0x00000000,0x00000000,0,0,1,0,1
present,5909,196942508,0x00000000,0,0,0,0x00000000,0x00000000,0,0,1,0,1
present,5910,196974257,0x00000000,0,0,0,0x00000000,0x00000000,0,0,1,0,1
present,5911,197009225,0x00000000,0,0,0,0x00000000,0x00000000,1,0,1,0,1
present,5912,197041356,0x00000000,0,0,0,0x00000000,0x00000000,1,0,1,0,1
present,5913,197068324,0x00000000,0,0,0,0x00000000,0x00000000,1,0,1,0,1
present,5914,197107532,0x00000000,0,0,0,0x00000000,0x00000000,1,0,1,0,1
present,5915,197140925,0x00000000,0,0,0,0x00000000,0x00000000,1,0,1,0,1
present,5916,197172452,0x00000000,0,0,0,0x00000000,0x00000000,1,0,1,0,1
present,5917,197207568,0x00000000,0,0,0,0x00000000,0x00000000,1,0,1,0,1
present,5918,197235670,0x00000000,0,0,0,0x00000000,0x00000000,1,0,1,0,1
present,5919,197269035,0x00000000,0,0,0,0x00000000,0x00000000,1,0,1,0,1
present,5920,197307429,0x00000000,0,0,0,0x00000000,0x00000000,1,0,1,0,1
present,5921,197334337,0x00000000,0,0,0,0x00000000,0x00000000,1,0,1,0,1
present,5922,197374614,0x00000000,0,0,0,0x00000000,0x00000000,1,0,1,0,1
present,5923,197409402,0x00000000,0,0,0,0x00000000,0x00000000,1,0,1,0,1
present,5924,197440851,0x00000000,0,0,0,0x00000000,0x00000000,1,0,1,0,1
present,5925,197474275,0x00000000,0,0,0,0x00000000,0x00000000,1,0,1,0,1
present,5926,197503455,0x00000000,0,0,0,0x00000000,0x00000000,1,0,1,0,1
present,5927,197534669,0x00000000,0,0,0,0x00000000,0x00000000,1,0,1,0,1
present,5928,197570722,0x00000000,0,0,0,0x00000000,0x00000000,1,0,1,0,1
present,5929,197608936,0x00000000,0,0,0,0x00000000,0x00000000,1,0,1,0,1
present,5930,197640307,0x00000000,0,0,0,0x00000000,0x00000000,1,0,1,0,1
present,5931,197675700,0x00000000,0,0,0,0x00000000,0x00000000,1,0,1,0,1
present,5932,197708973,0x00000000,0,0,0,0x00000000,0x00000000,1,0,1,0,1
present,5933,197742224,0x00000000,0,0,0,0x00000000,0x00000000,1,0,1,0,1
present,5934,197775453,0x00000000,0,0,0,0x00000000,0x00000000,1,0,1,0,1
present,5935,197809102,0x00000000,0,0,0,0x00000000,0x00000000,1,0,1,0,1
present,5936,197843479,0x00000000,0,0,0,0x00000000,0x00000000,1,0,1,0,1
present,5937,197875528,0x00000000,0,0,0,0x00000000,0x00000000,1,0,1,0,1
present,5938,197900863,0x00000000,0,0,0,0x00000000,0x00000000,1,0,1,0,1
present,5939,197943061,0x00000000,0,0,0,0x00000000,0x00000000,1,0,1,0,1
present,5940,197973970,0x00000000,0,0,0,0x00000000,0x00000000,1,0,1,0,1
present,5941,198001823,0x00000000,0,0,0,0x00000000,0x00000000,2,0,1,0,1
present,5942,198041139,0x00000000,0,0,0,0x00000000,0x00000000,2,0,1,0,1
present,5943,198076049,0x00000000,0,0,0,0x00000000,0x00000000,2,0,1,0,1
present,5944,198103070,0x00000000,0,0,0,0x00000000,0x00000000,2,0,1,0,1
present,5945,198140873,0x00000000,0,0,0,0x00000000,0x00000000,2,0,1,0,1
present,5946,198170480,0x00000000,0,0,0,0x00000000,0x00000000,2,0,1,0,1
present,5947,198207651,0x00000000,0,0,0,0x00000000,0x00000000,2,0,1,0,1
present,5948,198238516,0x00000000,0,0,0,0x00000000,0x00000000,2,0,1,0,1
present,5949,198269669,0x00000000,0,0,0,0x00000000,0x00000000,2,0,1,0,1
present,5950,198309580,0x00000000,0,0,0,0x00000000,0x00000000,2,0,1,0,1
present,5951,198340563,0x00000000,0,0,0,0x00000000,0x00000000,2,0,1,0,1
present,5952,198374110,0x00000000,0,0,0,0x00000000,0x00000000,2,0,1,0,1
present,5953,198409032,0x00000000,0,0,0,0x00000000,0x00000000,2,0,1,0,1
present,5954,198441519,0x00000000,0,0,0,0x00000000,0x00000000,2,0,1,0,1
present,5955,198472239,0x00000000,0,0,0,0x00000000,0x00000000,2,0,1,0,1
present,5956,198500567,0x00000000,0,0,0,0x00000000,0x00000000,2,0,1,0,1
present,5957,198536460,0x00000000,0,0,0,0x00000000,0x00000000,2,0,1,0,1
present,5958,198574361,0x00000000,0,0,0,0x00000000,0x00000000,2,0,1,0,1
present,5959,198607364,0x00000000,0,0,0,0x00000000,0x00000000,2,0,1,0,1
present,5960,198642604,0x00000000,0,0,0,0x00000000,0x00000000,2,0,1,0,1
present,5961,198669230,0x00000000,0,0,0,0x00000000,0x00000000,2,0,1,0,1
present,5962,198708463,0x00000000,0,0,0,0x00000000,0x00000000,2,0,1,0,1
present,5963,198741702,0x00000000,0,0,0,0x00000000,0x00000000,2,0,1,0,1
present,5964,198774985,0x00000000,0,0,0,0x00000000,0x00000000,2,0,1,0,1
present,5965,198808275,0x00000000,0,0,0,0x00000000,0x00000000,2,0,1,0,1
present,5966,198841923,0x00000000,0,0,0,0x00000000,0x00000000,2,0,1,0,1
present,5967,198870352,0x00000000,0,0,0,0x00000000,0x00000000,2,0,1,0,1
present,5968,198904036,0x00000000,0,0,0,0x00000000,0x00000000,2,0,1,0,1
present,5969,198933839,0x00000000,0,0,0,0x00000000,0x00000000,2,0,1,0,1
present,5970,198974106,0x00000000,0,0,0,0x00000000,0x00000000,2,0,1,0,1
present,5971,199005118,0x00000000,0,0,0,0x00000000,0x00000000,3,0,1,0,1
present,5972,199042977,0x00000000,0,0,0,0x00000000,0x00000000,3,0,1,0,1
present,5973,199075361,0x00000000,0,0,0,0x00000000,0x00000000,3,0,1,0,1
present,5974,199101113,0x00000000,0,0,0,0x00000000,0x00000000,3,0,1,0,1
present,5975,199142941,0x00000000,0,0,0,0x00000000,0x00000000,3,0,1,0,1
present,5976,199174514,0x00000000,0,0,0,0x00000000,0x00000000,3,0,1,0,1
present,5977,199200911,0x00000000,0,0,0,0x00000000,0x00000000,3,0,1,0,1
present,5978,199241290,0x00000000,0,0,0,0x00000000,0x00000000,3,0,1,0,1
present,5979,199274636,0x00000000,0,0,0,0x00000000,0x00000000,3,0,1,0,1
present,5980,199309503,0x00000000,0,0,0,0x00000000,0x00000000,3,0,1,0,1
present,5981,199340436,0x00000000,0,0,0,0x00000000,0x00000000,3,0,1,0,1
present,5982,199369461,0x00000000,0,0,0,0x00000000,0x00000000,3,0,1,0,1
present,5983,199403695,0x00000000,0,0,0,0x00000000,0x00000000,3,0,1,0,1
present,5984,199433877,0x00000000,0,0,0,0x00000000,0x00000000,3,0,1,0,1
present,5985,199476001,0x00000000,0,0,0,0x00000000,0x00000000,3,0,1,0,1
present,5986,199509303,0x00000000,0,0,0,0x00000000,0x00000000,3,0,1,0,1
present,5987,199542919,0x00000000,0,0,0,0x00000000,0x00000000,3,0,1,0,1
present,5988,199574049,0x00000000,0,0,0,0x00000000,0x00000000,3,0,1,0,1
present,5989,199603605,0x00000000,0,0,0,0x00000000,0x00000000,3,0,1,0,1
present,5990,199635473,0x00000000,0,0,0,0x00000000,0x00000000,3,0,1,0,1
present,5991,199675657,0x00000000,0,0,0,0x00000000,0x00000000,3,0,1,0,1
present,5992,199709003,0x00000000,0,0,0,0x00000000,0x00000000,3,0,1,0,1
present,5993,199742283,0x00000000,0,0,0,0x00000000,0x00000000,3,0,1,0,1
present,5994,199775574,0x00000000,0,0,0,0x00000000,0x00000000,3,0,1,0,1
present,5995,199809143,0x00000000,0,0,0,0x00000000,0x00000000,3,0,1,0,1
present,5996,199834905,0x00000000,0,0,0,0x00000000,0x00000000,3,0,1,0,1
present,5997,199871539,0x00000000,0,0,0,0x00000000,0x00000000,3,0,1,0,1
present,5998,199909590,0x00000000,0,0,0,0x00000000,0x00000000,3,0,1,0,1
present,5999,199936448,0x00000000,0,0,0,0x00000000,0x00000000,3,0,1,0,1
present,6000,199970435,0x00000000,0,0,0,0x00000000,0x00000000,3,0,1,0,1
present,6001,200001542,0x00000000,0,0,0,0x00000000,0x00000000,0,0,1,0,1
present,6002,200043389,0x00000000,0,0,0,0x00000000,0x00000000,0,0,1,0,1
present,6003,200071262,0x00000000,0,0,0,0x00000000,0x00000000,0,0,1,0,1
present,6004,200101056,0x00000000,0,0,0,0x00000000,0x00000000,0,0,1,0,1
present,6005,200134014,0x00000000,0,0,0,0x00000000,0x00000000,0,0,1,0,1
present,6006,200167272,0x00000000,0,0,0,0x00000000,0x00000000,0,0,1,0,1
present,6007,200207435,0x00000000,0,0,0,0x00000000,0x00000000,0,0,1,0,1
present,6008,200236514,0x00000000,0,0,0,0x00000000,0x00000000,0,0,1,0,1
present,6009,200274588,0x00000000,0,0,0,0x00000000,0x00000000,0,0,1,0,1
present,6010,200309106,0x00000000,0,0,0,0x00000000,0x00000000,0,0,1,0,1
present,6011,200336763,0x00000000,0,0,0,0x00000000,0x00000000,0,0,1,0,1
present,6012,200375846,0x00000000,0,0,0,0x00000000,0x00000000,0,0,1,0,1
present,6013,200407282,0x00000000,0,0,0,0x00000000,0x00000000,0,0,1,0,1
present,6014,200442283,0x00000000,0,0,0,0x00000000,0x00000000,0,0,1,0,1
present,6015,200471019,0x00000000,0,0,0,0x00000000,0x00000000,0,0,1,0,1
present,6016,200500538,0x00000000,0,0,0,0x00000000,0x00000000,0,0,1,0,1
present,6017,200535946,0x00000000,0,0,0,0x00000000,0x00000000,0,0,1,0,1
present,6018,200573777,0x00000000,0,0,0,0x00000000,0x00000000,0,0,1,0,1
present,6019,200602107,0x00000000,0,0,0,0x00000000,0x00000000,0,0,1,0,1
present,6020,200635819,0x00000000,0,0,0,0x00000000,0x00000000,0,0,1,0,1
present,6021,200673641,0x00000000,0,0,0,0x00000000,0x00000000,0,0,1,0,1
present,6022,200708947,0x00000000,0,0,0,0x00000000,0x00000000,0,0,1,0,1
present,6023,200742251,0x00000000,0,0,0,0x00000000,0x00000000,0,0,1,0,1
present,6024,200775496,0x00000000,0,0,0,0x00000000,0x00000000,0,0,1,0,1
present,6025,200809049,0x00000000,0,0,0,0x00000000,0x00000000,0,0,1,0,1
present,6026,200843014,0x00000000,0,0,0,0x00000000,0x00000000,0,0,1,0,1
present,6027,200868605,0x00000000,0,0,0,0x00000000,0x00000000,0,0,1,0,1
present,6028,200901933,0x00000000,0,0,0,0x00000000,0x00000000,0,0,1,0,1
present,6029,200942892,0x00000000,0,0,0,0x00000000,0x00000000,0,0,1,0,1
present,6030,200970647,0x00000000,0,0,0,0x00000000,0x00000000,0,0,1,0,1
present,6031,201009342,0x00000000,0,0,0,0x00000000,0x00000000,1,0,1,0,1
present,6032,201042004,0x00000000,0,0,0,0x00000000,0x00000000,1,0,1,0,1
present,6033,201075678,0x00000000,0,0,0,0x00000000,0x00000000,1,0,1,0,1
present,6034,201102520,0x00000000,0,0,0,0x00000000,0x00000000,1,0,1,0,1
present,6035,201138223,0x00000000,0,0,0,0x00000000,0x00000000,1,0,1,0,1
present,6036,201170543,0x00000000,0,0,0,0x00000000,0x00000000,1,0,1,0,1
present,6037,201209700,0x00000000,0,0,0,0x00000000,0x00000000,1,0,1,0,1
present,6038,201242484,0x00000000,0,0,0,0x00000000,0x00000000,1,0,1,0,1
present,6039,201275372,0x00000000,0,0,0,0x00000000,0x00000000,1,0,1,0,1
present,6040,201309347,0x00000000,0,0,0,0x00000000,0x00000000,1,0,1,0,1
present,6041,201343507,0x00000000,0,0,0,0x00000000,0x00000000,1,0,1,0,1
present,6042,201374676,0x00000000,0,0,0,0x00000000,0x00000000,1,0,1,0,1
present,6043,201409493,0x00000000,0,0,0,0x00000000,0x00000000,1,0,1,0,1
present,6044,201436779,0x00000000,0,0,0,0x00000000,0x00000000,1,0,1,0,1
present,6045,201474203,0x00000000,0,0,0,0x00000000,0x00000000,1,0,1,0,1
present,6046,201509241,0x00000000,0,0,0,0x00000000,0x00000000,1,0,1,0,1
present,6047,201541402,0x00000000,0,0,0,0x00000000,0x00000000,1,0,1,0,1
present,6048,201576275,0x00000000,0,0,0,0x00000000,0x00000000,1,0,1,0,1
present,6049,201609291,0x00000000,0,0,0,0x00000000,0x00000000,1,0,1,0,1
present,6050,201640307,0x00000000,0,0,0,0x00000000,0x00000000,1,0,1,0,1
present,6051,201669010,0x00000000,0,0,0,0x00000000,0x00000000,1,0,1,0,1
present,6052,201707486,0x00000000,0,0,0,0x00000000,0x00000000,1,0,1,0,1
present,6053,201741693,0x00000000,0,0,0,0x00000000,0x00000000,1,0,1,0,1
present,6054,201774919,0x00000000,0,0,0,0x00000000,0x00000000,1,0,1,0,1
present,6055,201808439,0x00000000,0,0,0,0x00000000,0x00000000,1,0,1,0,1
present,6056,201841717,0x00000000,0,0,0,0x00000000,0x00000000,1,0,1,0,1
present,6057,201870176,0x00000000,0,0,0,0x00000000,0x00000000,1,0,1,0,1
present,6058,201900582,0x00000000,0,0,0,0x00000000,0x00000000,1,0,1,0,1
present,6059,201939079,0x00000000,0,0,0,0x00000000,0x00000000,1,0,1,0,1
present,6060,201970980,0x00000000,0,0,0,0x00000000,0x00000000,1,0,1,0,1
present,6061,202000824,0x00000000,0,0,0,0x00000000,0x00000000,2,0,1,0,1
present,6062,202042383,0x00000000,0,0,0,0x00000000,0x00000000,2,0,1,0,1
present,6063,202074210,0x00000000,0,0,0,0x00000000,0x00000000,2,0,1,0,1
present,6064,202109011,0x00000000,0,0,0,0x00000000,0x00000000,2,0,1,0,1
present,6065,202140810,0x00000000,0,0,0,0x00000000,0x00000000,2,0,1,0,1
present,6066,202169923,0x00000000,0,0,0,0x00000000,0x00000000,2,0,1,0,1
present,6067,202209315,0x00000000,0,0,0,0x00000000,0x00000000,2,0,1,0,1
present,6068,202240232,0x00000000,0,0,0,0x00000000,0x00000000,2,0,1,0,1
present,6069,202276121,0x00000000,0,0,0,0x00000000,0x00000000,2,0,1,0,1
present,6070,202306005,0x00000000,0,0,0,0x00000000,0x00000000,2,0,1,0,1
present,6071,202341307,0x00000000,0,0,0,0x00000000,0x00000000,2,0,1,0,1
present,6072,202376289,0x00000000,0,0,0,0x00000000,0x00000000,2,0,1,0,1
present,6073,202407901,0x00000000,0,0,0,0x00000000,0x00000000,2,0,1,0,1
present,6074,202442830,0x00000000,0,0,0,0x00000000,0x00000000,2,0,1,0,1
present,6075,202470950,0x00000000,0,0,0,0x00000000,0x00000000,2,0,1,0,1
present,6076,202500575,0x00000000,0,0,0,0x00000000,0x00000000,2,0,1,0,1
present,6077,202542928,0x00000000,0,0,0,0x00000000,0x00000000,2,0,1,0,1
present,6078,202574077,0x00000000,0,0,0,0x00000000,0x00000000,2,0,1,0,1
present,6079,202602697,0x00000000,0,0,0,0x00000000,0x00000000,2,0,1,0,1
present,6080,202643083,0x00000000,0,0,0,0x00000000,0x00000000,2,0,1,0,1
present,6081,202669453,0x00000000,0,0,0,0x00000000,0x00000000,2,0,1,0,1
present,6082,202704112,0x00000000,0,0,0,0x00000000,0x00000000,2,0,1,0,1
present,6083,202742319,0x00000000,0,0,0,0x00000000,0x00000000,2,0,1,0,1
present,6084,202775594,0x00000000,0,0,0,0x00000000,0x00000000,2,0,1,0,1
present,6085,202809092,0x00000000,0,0,0,0x00000000,0x00000000,2,0,1,0,1
present,6086,202842693,0x00000000,0,0,0,0x00000000,0x00000000,2,0,1,0,1
present,6087,202875498,0x00000000,0,0,0,0x00000000,0x00000000,2,0,1,0,1
present,6088,202907377,0x00000000,0,0,0,0x00000000,0x00000000,2,0,1,0,1
present,6089,202942599,0x00000000,0,0,0,0x00000000,0x00000000,2,0,1,0,1
present,6090,202970841,0x00000000,0,0,0,0x00000000,0x00000000,2,0,1,0,1
present,6091,203009069,0x00000000,0,0,0,0x00000000,0x00000000,3,0,1,0,1
present,6092,203042843,0x00000000,0,0,0,0x00000000,0x00000000,3,0,1,0,1
present,6093,203068406,0x00000000,0,0,0,0x00000000,0x00000000,3,0,1,0,1
present,6094,203107246,0x00000000,0,0,0,0x00000000,0x00000000,3,0,1,0,1
present,6095,203137192,0x00000000,0,0,0,0x00000000,0x00000000,3,0,1,0,1
present,6096,203176521,0x00000000,0,0,0,0x00000000,0x00000000,3,0,1,0,1
present,6097,203208219,0x00000000,0,0,0,0x00000000,0x00000000,3,0,1,0,1
present,6098,203239105,0x00000000,0,0,0,0x00000000,0x00000000,3,0,1,0,1
present,6099,203267403,0x00000000,0,0,0,0x00000000,0x00000000,3,0,1,0,1
present,6100,203309356,0x00000000,0,0,0,0x00000000,0x00000000,3,0,1,0,1
present,6101,203339951,0x00000000,0,0,0,0x00000000,0x00000000,3,0,1,0,1
present,6102,203370074,0x00000000,0,0,0,0x00000000,0x00000000,3,0,1,0,1
present,6103,203401785,0x00000000,0,0,0,0x00000000,0x00000000,3,0,1,0,1
present,6104,203443213,0x00000000,0,0,0,0x00000000,0x00000000,3,0,1,0,1
present,6105,203471466,0x00000000,0,0,0,0x00000000,0x00000000,3,0,1,0,1
present,6106,203507361,0x00000000,0,0,0,0x00000000,0x00000000,3,0,1,0,1
present,6107,203542336,0x00000000,0,0,0,0x00000000,0x00000000,3,0,1,0,1
present,6108,203570863,0x00000000,0,0,0,0x00000000,0x00000000,3,0,1,0,1
present,6109,203600658,0x00000000,0,0,0,0x00000000,0x00000000,3,0,1,0,1
present,6110,203635523,0x00000000,0,0,0,0x00000000,0x00000000,3,0,1,0,1
present,6111,203674942,0x00000000,0,0,0,0x00000000,0x00000000,3,0,1,0,1
present,6112,203708137,0x00000000,0,0,0,0x00000000,0x00000000,3,0,1,0,1
present,6113,203742499,0x00000000,0,0,0,0x00000000,0x00000000,3,0,1,0,1
present,6114,203773547,0x00000000,0,0,0,0x00000000,0x00000000,3,0,1,0,1
present,6115,203807287,0x00000000,0,0,0,0x00000000,0x00000000,3,0,1,0,1
present,6116,203837447,0x00000000,0,0,0,0x00000000,0x00000000,3,0,1,0,1
present,6117,203867463,0x00000000,0,0,0,0x00000000,0x00000000,3,0,1,0,1
present,6118,203908451,0x00000000,0,0,0,0x00000000,0x00000000,3,0,1,0,1
present,6119,203940337,0x00000000,0,0,0,0x00000000,0x00000000,3,0,1,0,1
present,6120,203970472,0x00000000,0,0,0,0x00000000,0x00000000,3,0,1,0,1
present,6121,204009361,0x00000000,0,0,0,0x00000000,0x00000000,0,0,1,0,1
present,6122,204038476,0x00000000,0,0,0,0x00000000,0x00000000,0,0,1,0,1
present,6123,204072404,0x00000000,0,0,0,0x00000000,0x00000000,0,0,1,0,1
present,6124,204101599,0x00000000,0,0,0,0x00000000,0x00000000,0,0,1,0,1
present,6125,204136570,0x00000000,0,0,0,0x00000000,0x00000000,0,0,1,0,1
present,6126,204175522,0x00000000,0,0,0,0x00000000,0x00000000,0,0,1,0,1
present,6127,204200620,0x00000000,0,0,0,0x00000000,0x00000000,0,0,1,0,1
present,6128,204235751,0x00000000,0,0,0,0x00000000,0x00000000,0,0,1,0,1
present,6129,204271052,0x00000000,0,0,0,0x00000000,0x00000000,0,0,1,0,1
present,6130,204303078,0x00000000,0,0,0,0x00000000,0x00000000,0,0,1,0,1
present,6131,204338556,0x00000000,0,0,0,0x00000000,0x00000000,0,0,1,0,1
present,6132,204374017,0x00000000,0,0,0,0x00000000,0x00000000,0,0,1,0,1
present,6133,204407715,0x00000000,0,0,0,0x00000000,0x00000000,0,0,1,0,1
present,6134,204440638,0x00000000,0,0,0,0x00000000,0x00000000,0,0,1,0,1
present,6135,204469498,0x00000000,0,0,0,0x00000000,0x00000000,0,0,1,0,1
present,6136,204509828,0x00000000,0,0,0,0x00000000,0x00000000,0,0,1,0,1
present,6137,204542668,0x00000000,0,0,0,0x00000000,0x00000000,0,0,1,0,1
present,6138,204570066,0x00000000,0,0,0,0x00000000,0x00000000,0,0,1,0,1
present,6139,204603713,0x00000000,0,0,0,0x00000000,0x00000000,0,0,1,0,1
present,6140,204634792,0x00000000,0,0,0,0x00000000,0x00000000,0,0,1,0,1
present,6141,204668726,0x00000000,0,0,0,0x00000000,0x00000000,0,0,1,0,1
present,6142,204708919,0x00000000,0,0,0,0x00000000,0x00000000,0,0,1,0,1
present,6143,204742164,0x00000000,0,0,0,0x00000000,0x00000000,0,0,1,0,1
present,6144,204769031,0x00000000,0,0,0,0x00000000,0x00000000,0,0,1,0,1
present,6145,204808575,0x00000000,0,0,0,0x00000000,0x00000000,0,0,1,0,1
present,6146,204840614,0x00000000,0,0,0,0x00000000,0x00000000,0,0,1,0,1
present,6147,204868282,0x00000000,0,0,0,0x00000000,0x00000000,0,0,1,0,1
present,6148,204907032,0x00000000,0,0,0,0x00000000,0x00000000,0,0,1,0,1
present,6149,204942438,0x00000000,0,0,0,0x00000000,0x00000000,0,0,1,0,1
present,6150,204968582,0x00000000,0,0,0,0x00000000,0x00000000,0,0,1,0,1
present,6151,205007491,0x00000000,0,0,0,0x00000000,0x00000000,1,0,1,0,1
present,6152,205037218,0x00000000,0,0,0,0x00000000,0x00000000,1,0,1,0,1
present,6153,205070232,0x00000000,0,0,0,0x00000000,0x00000000,1,0,1,0,1
present,6154,205109249,0x00000000,0,0,0,0x00000000,0x00000000,1,0,1,0,1
present,6155,205140716,0x00000000,0,0,0,0x00000000,0x00000000,1,0,1,0,1
present,6156,205173782,0x00000000,0,0,0,0x00000000,0x00000000,1,0,1,0,1
present,6157,205207411,0x00000000,0,0,0,0x00000000,0x00000000,1,0,1,0,1
present,6158,205240710,0x00000000,0,0,0,0x00000000,0x00000000,1,0,1,0,1
present,6159,205274118,0x00000000,0,0,0,0x00000000,0x00000000,1,0,1,0,1
present,6160,205300543,0x00000000,0,0,0,0x00000000,0x00000000,1,0,1,0,1
present,6161,205341742,0x00000000,0,0,0,0x00000000,0x00000000,1,0,1,0,1
present,6162,205370696,0x00000000,0,0,0,0x00000000,0x00000000,1,0,1,0,1
present,6163,205407404,0x00000000,0,0,0,0x00000000,0x00000000,1,0,1,0,1
present,6164,205437066,0x00000000,0,0,0,0x00000000,0x00000000,1,0,1,0,1
present,6165,205476138,0x00000000,0,0,0,0x00000000,0x00000000,1,0,1,0,1
present,6166,205507938,0x00000000,0,0,0,0x00000000,0x00000000,1,0,1,0,1
present,6167,205538911,0x00000000,0,0,0,0x00000000,0x00000000,1,0,1,0,1
present,6168,205569458,0x00000000,0,0,0,0x00000000,0x00000000,1,0,1,0,1
present,6169,205609511,0x00000000,0,0,0,0x00000000,0x00000000,1,0,1,0,1
present,6170,205638465,0x00000000,0,0,0,0x00000000,0x00000000,1,0,1,0,1
present,6171,205671390,0x00000000,0,0,0,0x00000000,0x00000000,1,0,1,0,1
present,6172,205708734,0x00000000,0,0,0,0x00000000,0x00000000,1,0,1,0,1
present,6173,205741985,0x00000000,0,0,0,0x00000000,0x00000000,1,0,1,0,1
present,6174,205775202,0x00000000,0,0,0,0x00000000,0x00000000,1,0,1,0,1
present,6175,205808913,0x00000000,0,0,0,0x00000000,0x00000000,1,0,1,0,1
present,6176,205843471,0x00000000,0,0,0,0x00000000,0x00000000,1,0,1,0,1
present,6177,205873949,0x00000000,0,0,0,0x00000000,0x00000000,1,0,1,0,1
present,6178,205907102,0x00000000,0,0,0,0x00000000,0x00000000,1,0,1,0,1
present,6179,205942144,0x00000000,0,0,0,0x00000000,0x00000000,1,0,1,0,1
present,6180,205976151,0x00000000,0,0,0,0x00000000,0x00000000,1,0,1,0,1
present,6181,206009511,0x00000000,0,0,0,0x00000000,0x00000000,2,0,1,0,1
present,6182,206035456,0x00000000,0,0,0,0x00000000,0x00000000,2,0,1,0,1
present,6183,206067590,0x00000000,0,0,0,0x00000000,0x00000000,2,0,1,0,1
present,6184,206103162,0x00000000,0,0,0,0x00000000,0x00000000,2,0,1,0,1
present,6185,206135715,0x00000000,0,0,0,0x00000000,0x00000000,2,0,1,0,1
present,6186,206176104,0x00000000,0,0,0,0x00000000,0x00000000,2,0,1,0,1
present,6187,206201630,0x00000000,0,0,0,0x00000000,0x00000000,2,0,1,0,1
present,6188,206237654,0x00000000,0,0,0,0x00000000,0x00000000,2,0,1,0,1
present,6189,206272085,0x00000000,0,0,0,0x00000000,0x00000000,2,0,1,0,1
present,6190,206304191,0x00000000,0,0,0,0x00000000,0x00000000,2,0,1,0,1
present,6191,206341754,0x00000000,0,0,0,0x00000000,0x00000000,2,0,1,0,1
present,6192,206376541,0x00000000,0,0,0,0x00000000,0x00000000,2,0,1,0,1
present,6193,206408444,0x00000000,0,0,0,0x00000000,0x00000000,2,0,1,0,1
present,6194,206433856,0x00000000,0,0,0,0x00000000,0x00000000,2,0,1,0,1
present,6195,206470268,0x00000000,0,0,0,0x00000000,0x00000000,2,0,1,0,1
present,6196,206509467,0x00000000,0,0,0,0x00000000,0x00000000,2,0,1,0,1
present,6197,206537204,0x00000000,0,0,0,0x00000000,0x00000000,2,0,1,0,1
present,6198,206574077,0x00000000,0,0,0,0x00000000,0x00000000,2,0,1,0,1
present,6199,206604596,0x00000000,0,0,0,0x00000000,0x00000000,2,0,1,0,1
present,6200,206633993,0x00000000,0,0,0,0x00000000,0x00000000,2,0,1,0,1
present,6201,206673796,0x00000000,0,0,0,0x00000000,0x00000000,2,0,1,0,1
present,6202,206709177,0x00000000,0,0,0,0x00000000,0x00000000,2,0,1,0,1
present,6203,206742354,0x00000000,0,0,0,0x00000000,0x00000000,2,0,1,0,1
present,6204,206775637,0x00000000,0,0,0,0x00000000,0x00000000,2,0,1,0,1
present,6205,206808988,0x00000000,0,0,0,0x00000000,0x00000000,2,0,1,0,1
present,6206,206842740,0x00000000,0,0,0,0x00000000,0x00000000,2,0,1,0,1
present,6207,206873941,0x00000000,0,0,0,0x00000000,0x00000000,2,0,1,0,1
present,6208,206907387,0x00000000,0,0,0,0x00000000,0x00000000,2,0,1,0,1
present,6209,206938387,0x00000000,0,0,0,0x00000000,0x00000000,2,0,1,0,1
present,6210,206973660,0x00000000,0,0,0,0x00000000,0x00000000,2,0,1,0,1
present,6211,207007264,0x00000000,0,0,0,0x00000000,0x00000000,3,0,1,0,1
present,6212,207034845,0x00000000,0,0,0,0x00000000,0x00000000,3,0,1,0,1
present,6213,207070049,0x00000000,0,0,0,0x00000000,0x00000000,3,0,1,0,1
present,6214,207109327,0x00000000,0,0,0,0x00000000,0x00000000,3,0,1,0,1
present,6215,207138774,0x00000000,0,0,0,0x00000000,0x00000000,3,0,1,0,1
present,6216,207174126,0x00000000,0,0,0,0x00000000,0x00000000,3,0,1,0,1
present,6217,207205341,0x00000000,0,0,0,0x00000000,0x00000000,3,0,1,0,1
present,6218,207240800,0x00000000,0,0,0,0x00000000,0x00000000,3,0,1,0,1
present,6219,207272212,0x00000000,0,0,0,0x00000000,0x00000000,3,0,1,0,1
present,6220,207304232,0x00000000,0,0,0,0x00000000,0x00000000,3,0,1,0,1
present,6221,207340619,0x00000000,0,0,0,0x00000000,0x00000000,3,0,1,0,1
present,6222,207369327,0x00000000,0,0,0,0x00000000,0x00000000,3,0,1,0,1
present,6223,207404341,0x00000000,0,0,0,0x00000000,0x00000000,3,0,1,0,1
present,6224,207439694,0x00000000,0,0,0,0x00000000,0x00000000,3,0,1,0,1
present,6225,207474734,0x00000000,0,0,0,0x00000000,0x00000000,3,0,1,0,1
present,6226,207509531,0x00000000,0,0,0,0x00000000,0x00000000,3,0,1,0,1
present,6227,207540611,0x00000000,0,0,0,0x00000000,0x00000000,3,0,1,0,1
present,6228,207575428,0x00000000,0,0,0,0x00000000,0x00000000,3,0,1,0,1
present,6229,207609460,0x00000000,0,0,0,0x00000000,0x00000000,3,0,1,0,1
present,6230,207637348,0x00000000,0,0,0,0x00000000,0x00000000,3,0,1,0,1
present,6231,207675782,0x00000000,0,0,0,0x00000000,0x00000000,3,0,1,0,1
present,6232,207708906,0x00000000,0,0,0,0x00000000,0x00000000,3,0,1,0,1
present,6233,207742192,0x00000000,0,0,0,0x00000000,0x00000000,3,0,1,0,1
present,6234,207773529,0x00000000,0,0,0,0x00000000,0x00000000,3,0,1,0,1
present,6235,207802183,0x00000000,0,0,0,0x00000000,0x00000000,3,0,1,0,1
present,6236,207835102,0x00000000,0,0,0,0x00000000,0x00000000,3,0,1,0,1
present,6237,207875843,0x00000000,0,0,0,0x00000000,0x00000000,3,0,1,0,1
present,6238,207908676,0x00000000,0,0,0,0x00000000,0x00000000,3,0,1,0,1
present,6239,207942967,0x00000000,0,0,0,0x00000000,0x00000000,3,0,1,0,1
present,6240,207969516,0x00000000,0,0,0,0x00000000,0x00000000,3,0,1,0,1
present,6241,208009612,0x00000000,0,0,0,0x00000000,0x00000000,0,0,1,0,1
present,6242,208041473,0x00000000,0,0,0,0x00000000,0x00000000,0,0,1,0,1
present,6243,208075299,0x00000000,0,0,0,0x00000000,0x00000000,0,0,1,0,1
present,6244,208105322,0x00000000,0,0,0,0x00000000,0x00000000,0,0,1,0,1
present,6245,208138613,0x00000000,0,0,0,0x00000000,0x00000000,0,0,1,0,1
present,6246,208171458,0x00000000,0,0,0,0x00000000,0x00000000,0,0,1,0,1
present,6247,208201294,0x00000000,0,0,0,0x00000000,0x00000000,0,0,1,0,1
present,6248,208235748,0x00000000,0,0,0,0x00000000,0x00000000,0,0,1,0,1
present,6249,208275834,0x00000000,0,0,0,0x00000000,0x00000000,0,0,1,0,1
present,6250,208302530,0x00000000,0,0,0,0x00000000,0x00000000,0,0,1,0,1
present,6251,208337553,0x00000000,0,0,0,0x00000000,0x00000000,0,0,1,0,1
present,6252,208375030,0x00000000,0,0,0,0x00000000,0x00000000,0,0,1,0,1
present,6253,208408745,0x00000000,0,0,0,0x00000000,0x00000000,0,0,1,0,1
present,6254,208436632,0x00000000,0,0,0,0x00000000,0x00000000,0,0,1,0,1
present,6255,208471955,0x00000000,0,0,0,0x00000000,0x00000000,0,0,1,0,1
present,6256,208500676,0x00000000,0,0,0,0x00000000,0x00000000,0,0,1,0,1
present,6257,208542973,0x00000000,0,0,0,0x00000000,0x00000000,0,0,1,0,1
present,6258,208571335,0x00000000,0,0,0,0x00000000,0x00000000,0,0,1,0,1
present,6259,208609306,0x00000000,0,0,0,0x00000000,0x00000000,0,0,1,0,1
present,6260,208635794,0x00000000,0,0,0,0x00000000,0x00000000,0,0,1,0,1
present,6261,208673191,0x00000000,0,0,0,0x00000000,0x00000000,0,0,1,0,1
present,6262,208708476,0x00000000,0,0,0,0x00000000,0x00000000,0,0,1,0,1
present,6263,208741693,0x00000000,0,0,0,0x00000000,0x00000000,0,0,1,0,1
present,6264,208773477,0x00000000,0,0,0,0x00000000,0x00000000,0,0,1,0,1
present,6265,208809234,0x00000000,0,0,0,0x00000000,0x00000000,0,0,1,0,1
present,6266,208836695,0x00000000,0,0,0,0x00000000,0x00000000,0,0,1,0,1
present,6267,208874769,0x00000000,0,0,0,0x00000000,0x00000000,0,0,1,0,1
present,6268,208904236,0x00000000,0,0,0,0x00000000,0x00000000,0,0,1,0,1
present,6269,208938032,0x00000000,0,0,0,0x00000000,0x00000000,0,0,1,0,1
present,6270,208976435,0x00000000,0,0,0,0x00000000,0x00000000,0,0,1,0,1
present,6271,209009434,0x00000000,0,0,0,0x00000000,0x00000000,1,0,1,0,1
present,6272,209042642,0x00000000,0,0,0,0x00000000,0x00000000,1,0,1,0,1
present,6273,209068513,0x00000000,0,0,0,0x00000000,0x00000000,1,0,1,0,1
present,6274,209105454,0x00000000,0,0,0,0x00000000,0x00000000,1,0,1,0,1
present,6275,209134929,0x00000000,0,0,0,0x00000000,0x00000000,1,0,1,0,1
present,6276,209175491,0x00000000,0,0,0,0x00000000,0x00000000,1,0,1,0,1
present,6277,209208240,0x00000000,0,0,0,0x00000000,0x00000000,1,0,1,0,1
present,6278,209240704,0x00000000,0,0,0,0x00000000,0x00000000,1,0,1,0,1
present,6279,209267253,0x00000000,0,0,0,0x00000000,0x00000000,1,0,1,0,1
present,6280,209307126,0x00000000,0,0,0,0x00000000,0x00000000,1,0,1,0,1
present,6281,209342348,0x00000000,0,0,0,0x00000000,0x00000000,1,0,1,0,1
present,6282,209376294,0x00000000,0,0,0,0x00000000,0x00000000,1,0,1,0,1
present,6283,209405307,0x00000000,0,0,0,0x00000000,0x00000000,1,0,1,0,1
present,6284,209437607,0x00000000,0,0,0,0x00000000,0x00000000,1,0,1,0,1
present,6285,209469753,0x00000000,0,0,0,0x00000000,0x00000000,1,0,1,0,1
present,6286,209504289,0x00000000,0,0,0,0x00000000,0x00000000,1,0,1,0,1
present,6287,209534478,0x00000000,0,0,0,0x00000000,0x00000000,1,0,1,0,1
present,6288,209576152,0x00000000,0,0,0,0x00000000,0x00000000,1,0,1,0,1
present,6289,209607192,0x00000000,0,0,0,0x00000000,0x00000000,1,0,1,0,1
present,6290,209641088,0x00000000,0,0,0,0x00000000,0x00000000,1,0,1,0,1
present,6291,209673468,0x00000000,0,0,0,0x00000000,0x00000000,1,0,1,0,1
present,6292,209708727,0x00000000,0,0,0,0x00000000,0x00000000,1,0,1,0,1
present,6293,209742056,0x00000000,0,0,0,0x00000000,0x00000000,1,0,1,0,1
present,6294,209775341,0x00000000,0,0,0,0x00000000,0x00000000,1,0,1,0,1
present,6295,209809081,0x00000000,0,0,0,0x00000000,0x00000000,1,0,1,0,1
present,6296,209843261,0x00000000,0,0,0,0x00000000,0x00000000,1,0,1,0,1
present,6297,209876721,0x00000000,0,0,0,0x00000000,0x00000000,1,0,1,0,1
present,6298,209908791,0x00000000,0,0,0,0x00000000,0x00000000,1,0,1,0,1
present,6299,209942975,0x00000000,0,0,0,0x00000000,0x00000000,1,0,1,0,1
present,6300,209970757,0x00000000,0,0,0,0x00000000,0x00000000,1,0,1,0,1
present,6301,210008583,0x00000000,0,0,0,0x00000000,0x00000000,2,0,1,0,1
present,6302,210034884,0x00000000,0,0,0,0x00000000,0x00000000,2,0,1,0,1
present,6303,210069094,0x00000000,0,0,0,0x00000000,0x00000000,2,0,1,0,1
present,6304,210104282,0x00000000,0,0,0,0x00000000,0x00000000,2,0,1,0,1
present,6305,210134063,0x00000000,0,0,0,0x00000000,0x00000000,2,0,1,0,1
present,6306,210176124,0x00000000,0,0,0,0x00000000,0x00000000,2,0,1,0,1
present,6307,210209166,0x00000000,0,0,0,0x00000000,0x00000000,2,0,1,0,1
present,6308,210240518,0x00000000,0,0,0,0x00000000,0x00000000,2,0,1,0,1
present,6309,210270442,0x00000000,0,0,0,0x00000000,0x00000000,2,0,1,0,1
present,6310,210304400,0x00000000,0,0,0,0x00000000,0x00000000,2,0,1,0,1
present,6311,210341136,0x00000000,0,0,0,0x00000000,0x00000000,2,0,1,0,1
present,6312,210376331,0x00000000,0,0,0,0x00000000,0x00000000,2,0,1,0,1
present,6313,210401848,0x00000000,0,0,0,0x00000000,0x00000000,2,0,1,0,1
present,6314,210440277,0x00000000,0,0,0,0x00000000,0x00000000,2,0,1,0,1
present,6315,210470291,0x00000000,0,0,0,0x00000000,0x00000000,2,0,1,0,1
present,6316,210503477,0x00000000,0,0,0,0x00000000,0x00000000,2,0,1,0,1
present,6317,210542907,0x00000000,0,0,0,0x00000000,0x00000000,2,0,1,0,1
present,6318,210574517,0x00000000,0,0,0,0x00000000,0x00000000,2,0,1,0,1
present,6319,210609769,0x00000000,0,0,0,0x00000000,0x00000000,2,0,1,0,1
present,6320,210642639,0x00000000,0,0,0,0x00000000,0x00000000,2,0,1,0,1
present,6321,210674408,0x00000000,0,0,0,0x00000000,0x00000000,2,0,1,0,1
present,6322,210708696,0x00000000,0,0,0,0x00000000,0x00000000,2,0,1,0,1
present,6323,210741973,0x00000000,0,0,0,0x00000000,0x00000000,2,0,1,0,1
present,6324,210775305,0x00000000,0,0,0,0x00000000,0x00000000,2,0,1,0,1
present,6325,210808571,0x00000000,0,0,0,0x00000000,0x00000000,2,0,1,0,1
present,6326,210833658,0x00000000,0,0,0,0x00000000,0x00000000,2,0,1,0,1
present,6327,210875613,0x00000000,0,0,0,0x00000000,0x00000000,2,0,1,0,1
present,6328,210904652,0x00000000,0,0,0,0x00000000,0x00000000,2,0,1,0,1
present,6329,210937856,0x00000000,0,0,0,0x00000000,0x00000000,2,0,1,0,1
present,6330,210970269,0x00000000,0,0,0,0x00000000,0x00000000,2,0,1,0,1
present,6331,211005772,0x00000000,0,0,0,0x00000000,0x00000000,3,0,1,0,1
present,6332,211040659,0x00000000,0,0,0,0x00000000,0x00000000,3,0,1,0,1
present,6333,211075802,0x00000000,0,0,0,0x00000000,0x00000000,3,0,1,0,1
present,6334,211106165,0x00000000,0,0,0,0x00000000,0x00000000,3,0,1,0,1
present,6335,211142921,0x00000000,0,0,0,0x00000000,0x00000000,3,0,1,0,1
present,6336,211176149,0x00000000,0,0,0,0x00000000,0x00000000,3,0,1,0,1
present,6337,211202038,0x00000000,0,0,0,0x00000000,0x00000000,3,0,1,0,1
present,6338,211240298,0x00000000,0,0,0,0x00000000,0x00000000,3,0,1,0,1
present,6339,211274231,0x00000000,0,0,0,0x00000000,0x00000000,3,0,1,0,1
present,6340,211309008,0x00000000,0,0,0,0x00000000,0x00000000,3,0,1,0,1
present,6341,211342651,0x00000000,0,0,0,0x00000000,0x00000000,3,0,1,0,1
present,6342,211372909,0x00000000,0,0,0,0x00000000,0x00000000,3,0,1,0,1
present,6343,211409056,0x00000000,0,0,0,0x00000000,0x00000000,3,0,1,0,1
present,6344,211438783,0x00000000,0,0,0,0x00000000,0x00000000,3,0,1,0,1
present,6345,211468348,0x00000000,0,0,0,0x00000000,0x00000000,3,0,1,0,1
present,6346,211507062,0x00000000,0,0,0,0x00000000,0x00000000,3,0,1,0,1
present,6347,211542743,0x00000000,0,0,0,0x00000000,0x00000000,3,0,1,0,1
present,6348,211573586,0x00000000,0,0,0,0x00000000,0x00000000,3,0,1,0,1
present,6349,211606359,0x00000000,0,0,0,0x00000000,0x00000000,3,0,1,0,1
present,6350,211634450,0x00000000,0,0,0,0x00000000,0x00000000,3,0,1,0,1
present,6351,211673541,0x00000000,0,0,0,0x00000000,0x00000000,3,0,1,0,1
present,6352,211708780,0x00000000,0,0,0,0x00000000,0x00000000,3,0,1,0,1
present,6353,211742040,0x00000000,0,0,0,0x00000000,0x00000000,3,0,1,0,1
present,6354,211773475,0x00000000,0,0,0,0x00000000,0x00000000,3,0,1,0,1
present,6355,211809179,0x00000000,0,0,0,0x00000000,0x00000000,3,0,1,0,1
present,6356,211835717,0x00000000,0,0,0,0x00000000,0x00000000,3,0,1,0,1
present,6357,211875735,0x00000000,0,0,0,0x00000000,0x00000000,3,0,1,0,1
present,6358,211908948,0x00000000,0,0,0,0x00000000,0x00000000,3,0,1,0,1
present,6359,211942899,0x00000000,0,0,0,0x00000000,0x00000000,3,0,1,0,1
present,6360,211969982,0x00000000,0,0,0,0x00000000,0x00000000,3,0,1,0,1
present,6361,212009025,0x00000000,0,0,0,0x00000000,0x00000000,0,0,1,0,1
present,6362,212041749,0x00000000,0,0,0,0x00000000,0x00000000,0,0,1,0,1
present,6363,212075882,0x00000000,0,0,0,0x00000000,0x00000000,0,0,1,0,1
present,6364,212104813,0x00000000,0,0,0,0x00000000,0x00000000,0,0,1,0,1
present,6365,212139778,0x00000000,0,0,0,0x00000000,0x00000000,0,0,1,0,1
present,6366,212175072,0x00000000,0,0,0,0x00000000,0x00000000,0,0,1,0,1
present,6367,212202963,0x00000000,0,0,0,0x00000000,0x00000000,0,0,1,0,1
present,6368,212234036,0x00000000,0,0,0,0x00000000,0x00000000,0,0,1,0,1
present,6369,212274954,0x00000000,0,0,0,0x00000000,0x00000000,0,0,1,0,1
present,6370,212303957,0x00000000,0,0,0,0x00000000,0x00000000,0,0,1,0,1
present,6371,212343285,0x00000000,0,0,0,0x00000000,0x00000000,0,0,1,0,1
present,6372,212376108,0x00000000,0,0,0,0x00000000,0x00000000,0,0,1,0,1
present,6373,212407306,0x00000000,0,0,0,0x00000000,0x00000000,0,0,1,0,1
present,6374,212442589,0x00000000,0,0,0,0x00000000,0x00000000,0,0,1,0,1
present,6375,212469204,0x00000000,0,0,0,0x00000000,0x00000000,0,0,1,0,1
present,6376,212506046,0x00000000,0,0,0,0x00000000,0x00000000,0,0,1,0,1
present,6377,212540492,0x00000000,0,0,0,0x00000000,0x00000000,0,0,1,0,1
present,6378,212575543,0x00000000,0,0,0,0x00000000,0x00000000,0,0,1,0,1
present,6379,212608015,0x00000000,0,0,0,0x00000000,0x00000000,0,0,1,0,1
present,6380,212637508,0x00000000,0,0,0,0x00000000,0x00000000,0,0,1,0,1
present,6381,212671280,0x00000000,0,0,0,0x00000000,0x00000000,0,0,1,0,1
present,6382,212706179,0x00000000,0,0,0,0x00000000,0x00000000,0,0,1,0,1
present,6383,212742173,0x00000000,0,0,0,0x00000000,0x00000000,0,0,1,0,1
present,6384,212770861,0x00000000,0,0,0,0x00000000,0x00000000,0,0,1,0,1
present,6385,212807965,0x00000000,0,0,0,0x00000000,0x00000000,0,0,1,0,1
present,6386,212836572,0x00000000,0,0,0,0x00000000,0x00000000,0,0,1,0,1
present,6387,212873988,0x00000000,0,0,0,0x00000000,0x00000000,0,0,1,0,1
present,6388,212908293,0x00000000,0,0,0,0x00000000,0x00000000,0,0,1,0,1
present,6389,212936816,0x00000000,0,0,0,0x00000000,0x00000000,0,0,1,0,1
present,6390,212974816,0x00000000,0,0,0,0x00000000,0x00000000,0,0,1,0,1
present,6391,213007373,0x00000000,0,0,0,0x00000000,0x00000000,1,0,1,0,1
present,6392,213036949,0x00000000,0,0,0,0x00000000,0x00000000,1,0,1,0,1
present,6393,213075112,0x00000000,0,0,0,0x00000000,0x00000000,1,0,1,0,1
present,6394,213109843,0x00000000,0,0,0,0x00000000,0x00000000,1,0,1,0,1
present,6395,213136782,0x00000000,0,0,0,0x00000000,0x00000000,1,0,1,0,1
present,6396,213175326,0x00000000,0,0,0,0x00000000,0x00000000,1,0,1,0,1
present,6397,213208129,0x00000000,0,0,0,0x00000000,0x00000000,1,0,1,0,1
present,6398,213242457,0x00000000,0,0,0,0x00000000,0x00000000,1,0,1,0,1
present,6399,213273862,0x00000000,0,0,0,0x00000000,0x00000000,1,0,1,0,1
present,6400,213307765,0x00000000,0,0,0,0x00000000,0x00000000,1,0,1,0,1
present,6401,213343046,0x00000000,0,0,0,0x00000000,0x00000000,1,0,1,0,1
present,6402,213371056,0x00000000,0,0,0,0x00000000,0x00000000,1,0,1,0,1
present,6403,213403041,0x00000000,0,0,0,0x00000000,0x00000000,1,0,1,0,1
present,6404,213440661,0x00000000,0,0,0,0x00000000,0x00000000,1,0,1,0,1
present,6405,213473836,0x00000000,0,0,0,0x00000000,0x00000000,1,0,1,0,1
present,6406,213501696,0x00000000,0,0,0,0x00000000,0x00000000,1,0,1,0,1
present,6407,213542860,0x00000000,0,0,0,0x00000000,0x00000000,1,0,1,0,1
present,6408,213570319,0x00000000,0,0,0,0x00000000,0x00000000,1,0,1,0,1
present,6409,213608880,0x00000000,0,0,0,0x00000000,0x00000000,1,0,1,0,1
present,6410,213640904,0x00000000,0,0,0,0x00000000,0x00000000,1,0,1,0,1
present,6411,213669193,0x00000000,0,0,0,0x00000000,0x00000000,1,0,1,0,1
present,6412,213708521,0x00000000,0,0,0,0x00000000,0x00000000,1,0,1,0,1
present,6413,213741730,0x00000000,0,0,0,0x00000000,0x00000000,1,0,1,0,1
present,6414,213774935,0x00000000,0,0,0,0x00000000,0x00000000,1,0,1,0,1
present,6415,213808561,0x00000000,0,0,0,0x00000000,0x00000000,1,0,1,0,1
present,6416,213843273,0x00000000,0,0,0,0x00000000,0x00000000,1,0,1,0,1
present,6417,213874958,0x00000000,0,0,0,0x00000000,0x00000000,1,0,1,0,1
present,6418,213907131,0x00000000,0,0,0,0x00000000,0x00000000,1,0,1,0,1
present,6419,213940578,0x00000000,0,0,0,0x00000000,0x00000000,1,0,1,0,1
present,6420,213971162,0x00000000,0,0,0,0x00000000,0x00000000,1,0,1,0,1
present,6421,214008971,0x00000000,0,0,0,0x00000000,0x00000000,2,0,1,0,1
present,6422,214038780,0x00000000,0,0,0,0x00000000,0x00000000,2,0,1,0,1
present,6423,214067251,0x00000000,0,0,0,0x00000000,0x00000000,2,0,1,0,1
present,6424,214109078,0x00000000,0,0,0,0x00000000,0x00000000,2,0,1,0,1
present,6425,214139503,0x00000000,0,0,0,0x00000000,0x00000000,2,0,1,0,1
present,6426,214173844,0x00000000,0,0,0,0x00000000,0x00000000,2,0,1,0,1
present,6427,214207368,0x00000000,0,0,0,0x00000000,0x00000000,2,0,1,0,1
present,6428,214234189,0x00000000,0,0,0,0x00000000,0x00000000,2,0,1,0,1
present,6429,214276284,0x00000000,0,0,0,0x00000000,0x00000000,2,0,1,0,1
present,6430,214306214,0x00000000,0,0,0,0x00000000,0x00000000,2,0,1,0,1
present,6431,214342502,0x00000000,0,0,0,0x00000000,0x00000000,2,0,1,0,1
present,6432,214367658,0x00000000,0,0,0,0x00000000,0x00000000,2,0,1,0,1
present,6433,214400618,0x00000000,0,0,0,0x00000000,0x00000000,2,0,1,0,1
present,6434,214440361,0x00000000,0,0,0,0x00000000,0x00000000,2,0,1,0,1
present,6435,214472102,0x00000000,0,0,0,0x00000000,0x00000000,2,0,1,0,1
present,6436,214507673,0x00000000,0,0,0,0x00000000,0x00000000,2,0,1,0,1
present,6437,214542739,0x00000000,0,0,0,0x00000000,0x00000000,2,0,1,0,1
present,6438,214573891,0x00000000,0,0,0,0x00000000,0x00000000,2,0,1,0,1
present,6439,214607392,0x00000000,0,0,0,0x00000000,0x00000000,2,0,1,0,1
present,6440,214638795,0x00000000,0,0,0,0x00000000,0x00000000,2,0,1,0,1
present,6441,214670821,0x00000000,0,0,0,0x00000000,0x00000000,2,0,1,0,1
present,6442,214708772,0x00000000,0,0,0,0x00000000,0x00000000,2,0,1,0,1
present,6443,214742099,0x00000000,0,0,0,0x00000000,0x00000000,2,0,1,0,1
present,6444,214775367,0x00000000,0,0,0,0x00000000,0x00000000,2,0,1,0,1
present,6445,214808590,0x00000000,0,0,0,0x00000000,0x00000000,2,0,1,0,1
present,6446,214842319,0x00000000,0,0,0,0x00000000,0x00000000,2,0,1,0,1
present,6447,214875890,0x00000000,0,0,0,0x00000000,0x00000000,2,0,1,0,1
present,6448,214904282,0x00000000,0,0,0,0x00000000,0x00000000,2,0,1,0,1
present,6449,214942492,0x00000000,0,0,0,0x00000000,0x00000000,2,0,1,0,1
present,6450,214973934,0x00000000,0,0,0,0x00000000,0x00000000,2,0,1,0,1
present,6451,215007862,0x00000000,0,0,0,0x00000000,0x00000000,3,0,1,0,1
present,6452,215040542,0x00000000,0,0,0,0x00000000,0x00000000,3,0,1,0,1
present,6453,215069086,0x00000000,0,0,0,0x00000000,0x00000000,3,0,1,0,1
present,6454,215109108,0x00000000,0,0,0,0x00000000,0x00000000,3,0,1,0,1
present,6455,215140730,0x00000000,0,0,0,0x00000000,0x00000000,3,0,1,0,1
present,6456,215175201,0x00000000,0,0,0,0x00000000,0x00000000,3,0,1,0,1
present,6457,215207155,0x00000000,0,0,0,0x00000000,0x00000000,3,0,1,0,1
present,6458,215240651,0x00000000,0,0,0,0x00000000,0x00000000,3,0,1,0,1
present,6459,215275643,0x00000000,0,0,0,0x00000000,0x00000000,3,0,1,0,1
present,6460,215309412,0x00000000,0,0,0,0x00000000,0x00000000,3,0,1,0,1
present,6461,215343129,0x00000000,0,0,0,0x00000000,0x00000000,3,0,1,0,1
present,6462,215369343,0x00000000,0,0,0,0x00000000,0x00000000,3,0,1,0,1
present,6463,215409380,0x00000000,0,0,0,0x00000000,0x00000000,3,0,1,0,1
present,6464,215439559,0x00000000,0,0,0,0x00000000,0x00000000,3,0,1,0,1
present,6465,215473938,0x00000000,0,0,0,0x00000000,0x00000000,3,0,1,0,1
present,6466,215509003,0x00000000,0,0,0,0x00000000,0x00000000,3,0,1,0,1
present,6467,215537510,0x00000000,0,0,0,0x00000000,0x00000000,3,0,1,0,1
present,6468,215569770,0x00000000,0,0,0,0x00000000,0x00000000,3,0,1,0,1
present,6469,215605053,0x00000000,0,0,0,0x00000000,0x00000000,3,0,1,0,1
present,6470,215635778,0x00000000,0,0,0,0x00000000,0x00000000,3,0,1,0,1
present,6471,215673437,0x00000000,0,0,0,0x00000000,0x00000000,3,0,1,0,1
present,6472,215706747,0x00000000,0,0,0,0x00000000,0x00000000,3,0,1,0,1
present,6473,215742041,0x00000000,0,0,0,0x00000000,0x00000000,3,0,1,0,1
present,6474,215775391,0x00000000,0,0,0,0x00000000,0x00000000,3,0,1,0,1
present,6475,215809070,0x00000000,0,0,0,0x00000000,0x00000000,3,0,1,0,1
present,6476,215837584,0x00000000,0,0,0,0x00000000,0x00000000,3,0,1,0,1
present,6477,215874197,0x00000000,0,0,0,0x00000000,0x00000000,3,0,1,0,1
present,6478,215902459,0x00000000,0,0,0,0x00000000,0x00000000,3,0,1,0,1
present,6479,215936949,0x00000000,0,0,0,0x00000000,0x00000000,3,0,1,0,1
present,6480,215972151,0x00000000,0,0,0,0x00000000,0x00000000,3,0,1,0,1
present,6481,216009049,0x00000000,0,0,0,0x00000000,0x00000000,0,0,1,0,1
present,6482,216040816,0x00000000,0,0,0,0x00000000,0x00000000,0,0,1,0,1
present,6483,216074432,0x00000000,0,0,0,0x00000000,0x00000000,0,0,1,0,1
present,6484,216102546,0x00000000,0,0,0,0x00000000,0x00000000,0,0,1,0,1
present,6485,216140590,0x00000000,0,0,0,0x00000000,0x00000000,0,0,1,0,1
present,6486,216173753,0x00000000,0,0,0,0x00000000,0x00000000,0,0,1,0,1
present,6487,216200577,0x00000000,0,0,0,0x00000000,0x00000000,0,0,1,0,1
present,6488,216235105,0x00000000,0,0,0,0x00000000,0x00000000,0,0,1,0,1
present,6489,216268241,0x00000000,0,0,0,0x00000000,0x00000000,0,0,1,0,1
present,6490,216307564,0x00000000,0,0,0,0x00000000,0x00000000,0,0,1,0,1
present,6491,216338936,0x00000000,0,0,0,0x00000000,0x00000000,0,0,1,0,1
present,6492,216373918,0x00000000,0,0,0,0x00000000,0x00000000,0,0,1,0,1
present,6493,216409658,0x00000000,0,0,0,0x00000000,0x00000000,0,0,1,0,1
present,6494,216441907,0x00000000,0,0,0,0x00000000,0x00000000,0,0,1,0,1
present,6495,216473849,0x00000000,0,0,0,0x00000000,0x00000000,0,0,1,0,1
present,6496,216509135,0x00000000,0,0,0,0x00000000,0x00000000,0,0,1,0,1
present,6497,216533850,0x00000000,0,0,0,0x00000000,0x00000000,0,0,1,0,1
present,6498,216573822,0x00000000,0,0,0,0x00000000,0x00000000,0,0,1,0,1
present,6499,216603207,0x00000000,0,0,0,0x00000000,0x00000000,0,0,1,0,1
present,6500,216640426,0x00000000,0,0,0,0x00000000,0x00000000,0,0,1,0,1
present,6501,216666928,0x00000000,0,0,0,0x00000000,0x00000000,0,0,1,0,1
present,6502,216700170,0x00000000,0,0,0,0x00000000,0x00000000,0,0,1,0,1
present,6503,216736326,0x00000000,0,0,0,0x00000000,0x00000000,0,0,1,0,1
present,6504,216770559,0x00000000,0,0,0,0x00000000,0x00000000,0,0,1,0,1
present,6505,216803407,0x00000000,0,0,0,0x00000000,0x00000000,0,0,1,0,1
present,6506,216836603,0x00000000,0,0,0,0x00000000,0x00000000,0,0,1,0,1
present,6507,216869822,0x00000000,0,0,0,0x00000000,0x00000000,0,0,1,0,1
present,6508,216904527,0x00000000,0,0,0,0x00000000,0x00000000,0,0,1,0,1
present,6509,216936190,0x00000000,0,0,0,0x00000000,0x00000000,0,0,1,0,1
present,6510,216969780,0x00000000,0,0,0,0x00000000,0x00000000,0,0,1,0,1
present,6511,217001540,0x00000000,0,0,0,0x00000000,0x00000000,1,0,1,0,1
present,6512,217036639,0x00000000,0,0,0,0x00000000,0x00000000,1,0,1,0,1
present,6513,217069482,0x00000000,0,0,0,0x00000000,0x00000000,1,0,1,0,1
present,6514,217100740,0x00000000,0,0,0,0x00000000,0x00000000,1,0,1,0,1
present,6515,217136457,0x00000000,0,0,0,0x00000000,0x00000000,1,0,1,0,1
present,6516,217168593,0x00000000,0,0,0,0x00000000,0x00000000,1,0,1,0,1
present,6517,217203913,0x00000000,0,0,0,0x00000000,0x00000000,1,0,1,0,1
present,6518,217237226,0x00000000,0,0,0,0x00000000,0x00000000,1,0,1,0,1
present,6519,217270482,0x00000000,0,0,0,0x00000000,0x00000000,1,0,1,0,1
present,6520,217304159,0x00000000,0,0,0,0x00000000,0x00000000,1,0,1,0,1
present,6521,217335510,0x00000000,0,0,0,0x00000000,0x00000000,1,0,1,0,1
present,6522,217370410,0x00000000,0,0,0,0x00000000,0x00000000,1,0,1,0,1
present,6523,217403055,0x00000000,0,0,0,0x00000000,0x00000000,1,0,1,0,1
present,6524,217433949,0x00000000,0,0,0,0x00000000,0x00000000,1,0,1,0,1
present,6525,217469437,0x00000000,0,0,0,0x00000000,0x00000000,1,0,1,0,1
present,6526,217504487,0x00000000,0,0,0,0x00000000,0x00000000,1,0,1,0,1
present,6527,217536055,0x00000000,0,0,0,0x00000000,0x00000000,1,0,1,0,1
present,6528,217570343,0x00000000,0,0,0,0x00000000,0x00000000,1,0,1,0,1
present,6529,217603640,0x00000000,0,0,0,0x00000000,0x00000000,1,0,1,0,1
present,6530,217636938,0x00000000,0,0,0,0x00000000,0x00000000,1,0,1,0,1
present,6531,217670268,0x00000000,0,0,0,0x00000000,0x00000000,1,0,1,0,1
present,6532,217703466,0x00000000,0,0,0,0x00000000,0x00000000,1,0,1,0,1
present,6533,217736667,0x00000000,0,0,0,0x00000000,0x00000000,1,0,1,0,1
present,6534,217766771,0x00000000,0,0,0,0x00000000,0x00000000,1,0,1,0,1
present,6535,217804262,0x00000000,0,0,0,0x00000000,0x00000000,1,0,1,0,1
present,6536,217837022,0x00000000,0,0,0,0x00000000,0x00000000,1,0,1,0,1
present,6537,217870998,0x00000000,0,0,0,0x00000000,0x00000000,1,0,1,0,1
present,6538,217904549,0x00000000,0,0,0,0x00000000,0x00000000,1,0,1,0,1
present,6539,217937332,0x00000000,0,0,0,0x00000000,0x00000000,1,0,1,0,1
present,6540,217969331,0x00000000,0,0,0,0x00000000,0x00000000,1,0,1,0,1
present,6541,218003556,0x00000000,0,0,0,0x00000000,0x00000000,2,0,1,0,1
present,6542,218036867,0x00000000,0,0,0,0x00000000,0x00000000,2,0,1,0,1
present,6543,218070159,0x00000000,0,0,0,0x00000000,0x00000000,2,0,1,0,1
present,6544,218103424,0x00000000,0,0,0,0x00000000,0x00000000,2,0,1,0,1
present,6545,218136640,0x00000000,0,0,0,0x00000000,0x00000000,2,0,1,0,1
present,6546,218169837,0x00000000,0,0,0,0x00000000,0x00000000,2,0,1,0,1
present,6547,218200143,0x00000000,0,0,0,0x00000000,0x00000000,2,0,1,0,1
present,6548,218237547,0x00000000,0,0,0,0x00000000,0x00000000,2,0,1,0,1
present,6549,218270840,0x00000000,0,0,0,0x00000000,0x00000000,2,0,1,0,1
present,6550,218304069,0x00000000,0,0,0,0x00000000,0x00000000,2,0,1,0,1
present,6551,218337306,0x00000000,0,0,0,0x00000000,0x00000000,2,0,1,0,1
present,6552,218368585,0x00000000,0,0,0,0x00000000,0x00000000,2,0,1,0,1
present,6553,218403425,0x00000000,0,0,0,0x00000000,0x00000000,2,0,1,0,1
present,6554,218436747,0x00000000,0,0,0,0x00000000,0x00000000,2,0,1,0,1
present,6555,218469947,0x00000000,0,0,0,0x00000000,0x00000000,2,0,1,0,1
present,6556,218503168,0x00000000,0,0,0,0x00000000,0x00000000,2,0,1,0,1
present,6557,218537456,0x00000000,0,0,0,0x00000000,0x00000000,2,0,1,0,1
present,6558,218570672,0x00000000,0,0,0,0x00000000,0x00000000,2,0,1,0,1
present,6559,218600111,0x00000000,0,0,0,0x00000000,0x00000000,2,0,1,0,1
present,6560,218637326,0x00000000,0,0,0,0x00000000,0x00000000,2,0,1,0,1
present,6561,218670619,0x00000000,0,0,0,0x00000000,0x00000000,2,0,1,0,1
present,6562,218703883,0x00000000,0,0,0,0x00000000,0x00000000,2,0,1,0,1
present,6563,218737127,0x00000000,0,0,0,0x00000000,0x00000000,2,0,1,0,1
present,6564,218770356,0x00000000,0,0,0,0x00000000,0x00000000,2,0,1,0,1
present,6565,218803636,0x00000000,0,0,0,0x00000000,0x00000000,2,0,1,0,1
present,6566,218836826,0x00000000,0,0,0,0x00000000,0x00000000,2,0,1,0,1
present,6567,218870079,0x00000000,0,0,0,0x00000000,0x00000000,2,0,1,0,1
present,6568,218900121,0x00000000,0,0,0,0x00000000,0x00000000,2,0,1,0,1
present,6569,218937382,0x00000000,0,0,0,0x00000000,0x00000000,2,0,1,0,1
present,6570,218970647,0x00000000,0,0,0,0x00000000,0x00000000,2,0,1,0,1
present,6571,219004490,0x00000000,0,0,0,0x00000000,0x00000000,3,0,1,0,1
present,6572,219037386,0x00000000,0,0,0,0x00000000,0x00000000,3,0,1,0,1
present,6573,219070686,0x00000000,0,0,0,0x00000000,0x00000000,3,0,1,0,1
present,6574,219100616,0x00000000,0,0,0,0x00000000,0x00000000,3,0,1,0,1
present,6575,219133935,0x00000000,0,0,0,0x00000000,0x00000000,3,0,1,0,1
present,6576,219170541,0x00000000,0,0,0,0x00000000,0x00000000,3,0,1,0,1
present,6577,219203850,0x00000000,0,0,0,0x00000000,0x00000000,3,0,1,0,1
present,6578,219237188,0x00000000,0,0,0,0x00000000,0x00000000,3,0,1,0,1
present,6579,219270469,0x00000000,0,0,0,0x00000000,0x00000000,3,0,1,0,1
present,6580,219303730,0x00000000,0,0,0,0x00000000,0x00000000,3,0,1,0,1
present,6581,219337043,0x00000000,0,0,0,0x00000000,0x00000000,3,0,1,0,1
present,6582,219370255,0x00000000,0,0,0,0x00000000,0x00000000,3,0,1,0,1
present,6583,219400147,0x00000000,0,0,0,0x00000000,0x00000000,3,0,1,0,1
present,6584,219437823,0x00000000,0,0,0,0x00000000,0x00000000,3,0,1,0,1
present,6585,219468559,0x00000000,0,0,0,0x00000000,0x00000000,3,0,1,0,1
present,6586,219504303,0x00000000,0,0,0,0x00000000,0x00000000,3,0,1,0,1
present,6587,219537109,0x00000000,0,0,0,0x00000000,0x00000000,3,0,1,0,1
present,6588,219570739,0x00000000,0,0,0,0x00000000,0x00000000,3,0,1,0,1
present,6589,219604143,0x00000000,0,0,0,0x00000000,0x00000000,3,0,1,0,1
present,6590,219637550,0x00000000,0,0,0,0x00000000,0x00000000,3,0,1,0,1
present,6591,219669918,0x00000000,0,0,0,0x00000000,0x00000000,3,0,1,0,1
present,6592,219703162,0x00000000,0,0,0,0x00000000,0x00000000,3,0,1,0,1
present,6593,219737406,0x00000000,0,0,0,0x00000000,0x00000000,3,0,1,0,1
present,6594,219770585,0x00000000,0,0,0,0x00000000,0x00000000,3,0,1,0,1
present,6595,219803801,0x00000000,0,0,0,0x00000000,0x00000000,3,0,1,0,1
present,6596,219837014,0x00000000,0,0,0,0x00000000,0x00000000,3,0,1,0,1
present,6597,219870510,0x00000000,0,0,0,0x00000000,0x00000000,3,0,1,0,1
present,6598,219904082,0x00000000,0,0,0,0x00000000,0x00000000,3,0,1,0,1
present,6599,219934018,0x00000000,0,0,0,0x00000000,0x00000000,3,0,1,0,1
present,6600,219967453,0x00000000,0,0,0,0x00000000,0x00000000,3,0,1,0,1
present,6601,220003936,0x00000000,0,0,0,0x00000000,0x00000000,0,0,1,0,1
present,6602,220037206,0x00000000,0,0,0,0x00000000,0x00000000,0,0,1,0,1
present,6603,220070423,0x00000000,0,0,0,0x00000000,0x00000000,0,0,1,0,1
present,6604,220103671,0x00000000,0,0,0,0x00000000,0x00000000,0,0,1,0,1
present,6605,220137359,0x00000000,0,0,0,0x00000000,0x00000000,0,0,1,0,1
present,6606,220169204,0x00000000,0,0,0,0x00000000,0x00000000,0,0,1,0,1
present,6607,220201873,0x00000000,0,0,0,0x00000000,0x00000000,0,0,1,0,1
present,6608,220237168,0x00000000,0,0,0,0x00000000,0x00000000,0,0,1,0,1
present,6609,220270404,0x00000000,0,0,0,0x00000000,0x00000000,0,0,1,0,1
present,6610,220303774,0x00000000,0,0,0,0x00000000,0x00000000,0,0,1,0,1
present,6611,220336988,0x00000000,0,0,0,0x00000000,0x00000000,0,0,1,0,1
present,6612,220370305,0x00000000,0,0,0,0x00000000,0x00000000,0,0,1,0,1
present,6613,220404112,0x00000000,0,0,0,0x00000000,0x00000000,0,0,1,0,1
present,6614,220437915,0x00000000,0,0,0,0x00000000,0x00000000,0,0,1,0,1
present,6615,220469209,0x00000000,0,0,0,0x00000000,0x00000000,0,0,1,0,1
present,6616,220503006,0x00000000,0,0,0,0x00000000,0x00000000,0,0,1,0,1
present,6617,220537290,0x00000000,0,0,0,0x00000000,0x00000000,0,0,1,0,1
present,6618,220572079,0x00000000,0,0,0,0x00000000,0x00000000,0,0,1,0,1
present,6619,220600605,0x00000000,0,0,0,0x00000000,0x00000000,0,0,1,0,1
present,6620,220637378,0x00000000,0,0,0,0x00000000,0x00000000,0,0,1,0,1
present,6621,220670714,0x00000000,0,0,0,0x00000000,0x00000000,0,0,1,0,1
present,6622,220703982,0x00000000,0,0,0,0x00000000,0x00000000,0,0,1,0,1
present,6623,220737199,0x00000000,0,0,0,0x00000000,0x00000000,0,0,1,0,1
present,6624,220770398,0x00000000,0,0,0,0x00000000,0x00000000,0,0,1,0,1
present,6625,220803639,0x00000000,0,0,0,0x00000000,0x00000000,0,0,1,0,1
present,6626,220837275,0x00000000,0,0,0,0x00000000,0x00000000,0,0,1,0,1
present,6627,220871168,0x00000000,0,0,0,0x00000000,0x00000000,0,0,1,0,1
present,6628,220903581,0x00000000,0,0,0,0x00000000,0x00000000,0,0,1,0,1
present,6629,220937291,0x00000000,0,0,0,0x00000000,0x00000000,0,0,1,0,1
present,6630,220968492,0x00000000,0,0,0,0x00000000,0x00000000,0,0,1,0,1
present,6631,221003272,0x00000000,0,0,0,0x00000000,0x00000000,1,0,1,0,1
present,6632,221036507,0x00000000,0,0,0,0x00000000,0x00000000,1,0,1,0,1
present,6633,221068552,0x00000000,0,0,0,0x00000000,0x00000000,1,0,1,0,1
present,6634,221103808,0x00000000,0,0,0,0x00000000,0x00000000,1,0,1,0,1
present,6635,221137110,0x00000000,0,0,0,0x00000000,0x00000000,1,0,1,0,1
present,6636,221170866,0x00000000,0,0,0,0x00000000,0x00000000,1,0,1,0,1
present,6637,221203787,0x00000000,0,0,0,0x00000000,0x00000000,1,0,1,0,1
present,6638,221234466,0x00000000,0,0,0,0x00000000,0x00000000,1,0,1,0,1
present,6639,221271293,0x00000000,0,0,0,0x00000000,0x00000000,1,0,1,0,1
present,6640,221301437,0x00000000,0,0,0,0x00000000,0x00000000,1,0,1,0,1
present,6641,221336303,0x00000000,0,0,0,0x00000000,0x00000000,1,0,1,0,1
present,6642,221370641,0x00000000,0,0,0,0x00000000,0x00000000,1,0,1,0,1
present,6643,221403966,0x00000000,0,0,0,0x00000000,0x00000000,1,0,1,0,1
present,6644,221437225,0x00000000,0,0,0,0x00000000,0x00000000,1,0,1,0,1
present,6645,221470522,0x00000000,0,0,0,0x00000000,0x00000000,1,0,1,0,1
present,6646,221503817,0x00000000,0,0,0,0x00000000,0x00000000,1,0,1,0,1
present,6647,221537114,0x00000000,0,0,0,0x00000000,0x00000000,1,0,1,0,1
present,6648,221570916,0x00000000,0,0,0,0x00000000,0x00000000,1,0,1,0,1
present,6649,221601855,0x00000000,0,0,0,0x00000000,0x00000000,1,0,1,0,1
present,6650,221637265,0x00000000,0,0,0,0x00000000,0x00000000,1,0,1,0,1
present,6651,221670614,0x00000000,0,0,0,0x00000000,0x00000000,1,0,1,0,1
present,6652,221703819,0x00000000,0,0,0,0x00000000,0x00000000,1,0,1,0,1
present,6653,221737032,0x00000000,0,0,0,0x00000000,0x00000000,1,0,1,0,1
present,6654,221770224,0x00000000,0,0,0,0x00000000,0x00000000,1,0,1,0,1
present,6655,221804096,0x00000000,0,0,0,0x00000000,0x00000000,1,0,1,0,1
present,6656,221835957,0x00000000,0,0,0,0x00000000,0x00000000,1,0,1,0,1
present,6657,221871084,0x00000000,0,0,0,0x00000000,0x00000000,1,0,1,0,1
present,6658,221908056,0x00000000,0,0,0,0x00000000,0x00000000,1,0,1,0,0
present,6659,221937882,0x00000000,0,0,0,0x00000000,0x00000000,1,0,1,0,0
present,6660,221968512,0x00000000,0,0,0,0x00000000,0x00000000,1,0,1,0,0
present,6661,222003140,0x00000000,0,0,0,0x00000000,0x00000000,2,0,1,0,0
present,6662,222033440,0x00000000,0,0,0,0x00000000,0x00000000,2,0,1,0,0
present,6663,222068716,0x00000000,0,0,0,0x00000000,0x00000000,2,0,1,0,0
present,6664,222103988,0x00000000,0,0,0,0x00000000,0x00000000,2,0,1,0,0
present,6665,222137225,0x00000000,0,0,0,0x00000000,0x00000000,2,0,1,0,0
present,6666,222170413,0x00000000,0,0,0,0x00000000,0x00000000,2,0,1,0,0
present,6667,222203597,0x00000000,0,0,0,0x00000000,0x00000000,2,0,1,0,0
present,6668,222236819,0x00000000,0,0,0,0x00000000,0x00000000,2,0,1,0,0
present,6669,222267606,0x00000000,0,0,0,0x00000000,0x00000000,2,0,1,0,0
present,6670,222303872,0x00000000,0,0,0,0x00000000,0x00000000,2,0,1,0,0
present,6671,222337134,0x00000000,0,0,0,0x00000000,0x00000000,2,0,1,0,0
present,6672,222370674,0x00000000,0,0,0,0x00000000,0x00000000,2,0,1,0,0
present,6673,222404566,0x00000000,0,0,0,0x00000000,0x00000000,2,0,1,0,0
present,6674,222437202,0x00000000,0,0,0,0x00000000,0x00000000,2,0,1,0,0
present,6675,222470659,0x00000000,0,0,0,0x00000000,0x00000000,2,0,1,0,0
present,6676,222503974,0x00000000,0,0,0,0x00000000,0x00000000,2,0,1,0,0
present,6677,222537184,0x00000000,0,0,0,0x00000000,0x00000000,2,0,1,0,0
present,6678,222570371,0x00000000,0,0,0,0x00000000,0x00000000,2,0,1,0,0
present,6679,222603631,0x00000000,0,0,0,0x00000000,0x00000000,2,0,1,0,0
present,6680,222636986,0x00000000,0,0,0,0x00000000,0x00000000,2,0,1,0,0
present,6681,222670292,0x00000000,0,0,0,0x00000000,0x00000000,2,0,1,0,0
present,6682,222703500,0x00000000,0,0,0,0x00000000,0x00000000,2,0,1,0,0
present,6683,222736841,0x00000000,0,0,0,0x00000000,0x00000000,2,0,1,0,0
present,6684,222770145,0x00000000,0,0,0,0x00000000,0x00000000,2,0,1,0,0
present,6685,222803399,0x00000000,0,0,0,0x00000000,0x00000000,2,0,1,0,0
present,6686,222836702,0x00000000,0,0,0,0x00000000,0x00000000,2,0,1,0,0
present,6687,222870004,0x00000000,0,0,0,0x00000000,0x00000000,2,0,1,0,0
present,6688,222900091,0x00000000,0,0,0,0x00000000,0x00000000,2,0,1,0,0
present,6689,222937316,0x00000000,0,0,0,0x00000000,0x00000000,2,0,1,0,0
present,6690,222970698,0x00000000,0,0,0,0x00000000,0x00000000,2,0,1,0,0
present,6691,223001706,0x00000000,0,0,0,0x00000000,0x00000000,3,0,1,0,0
present,6692,223037029,0x00000000,0,0,0,0x00000000,0x00000000,3,0,1,0,0
present,6693,223070457,0x00000000,0,0,0,0x00000000,0x00000000,3,0,1,0,0
present,6694,223103805,0x00000000,0,0,0,0x00000000,0x00000000,3,0,1,0,0
present,6695,223133686,0x00000000,0,0,0,0x00000000,0x00000000,3,0,1,0,0
present,6696,223170152,0x00000000,0,0,0,0x00000000,0x00000000,3,0,1,0,0
present,6697,223203446,0x00000000,0,0,0,0x00000000,0x00000000,3,0,1,0,0
present,6698,223236740,0x00000000,0,0,0,0x00000000,0x00000000,3,0,1,0,0
present,6699,223269631,0x00000000,0,0,0,0x00000000,0x00000000,3,0,1,0,0
present,6700,223304122,0x00000000,0,0,0,0x00000000,0x00000000,3,0,1,0,0
present,6701,223337768,0x00000000,0,0,0,0x00000000,0x00000000,3,0,1,0,0
present,6702,223367125,0x00000000,0,0,0,0x00000000,0x00000000,3,0,1,0,0
present,6703,223400210,0x00000000,0,0,0,0x00000000,0x00000000,3,0,1,0,0
present,6704,223436544,0x00000000,0,0,0,0x00000000,0x00000000,3,0,1,0,0
present,6705,223467208,0x00000000,0,0,0,0x00000000,0x00000000,3,0,1,0,0
present,6706,223504278,0x00000000,0,0,0,0x00000000,0x00000000,3,0,1,0,0
present,6707,223533526,0x00000000,0,0,0,0x00000000,0x00000000,3,0,1,0,0
present,6708,223567699,0x00000000,0,0,0,0x00000000,0x00000000,3,0,1,0,0
present,6709,223600176,0x00000000,0,0,0,0x00000000,0x00000000,3,0,1,0,0
present,6710,223637697,0x00000000,0,0,0,0x00000000,0x00000000,3,0,1,0,0
present,6711,223670049,0x00000000,0,0,0,0x00000000,0x00000000,3,0,1,0,0
present,6712,223703286,0x00000000,0,0,0,0x00000000,0x00000000,3,0,1,0,0
present,6713,223736487,0x00000000,0,0,0,0x00000000,0x00000000,3,0,1,0,0
present,6714,223766775,0x00000000,0,0,0,0x00000000,0x00000000,3,0,1,0,0
present,6715,223804101,0x00000000,0,0,0,0x00000000,0x00000000,3,0,1,0,0
present,6716,223837344,0x00000000,0,0,0,0x00000000,0x00000000,3,0,1,0,0
present,6717,223870541,0x00000000,0,0,0,0x00000000,0x00000000,3,0,1,0,0
present,6718,223903740,0x00000000,0,0,0,0x00000000,0x00000000,3,0,1,0,0
present,6719,223937080,0x00000000,0,0,0,0x00000000,0x00000000,3,0,1,0,0
present,6720,223970564,0x00000000,0,0,0,0x00000000,0x00000000,3,0,1,0,0
present,6721,224002332,0x00000000,0,0,0,0x00000000,0x00000000,0,0,1,0,0
present,6722,224033806,0x00000000,0,0,0,0x00000000,0x00000000,0,0,1,0,0
present,6723,224066881,0x00000000,0,0,0,0x00000000,0x00000000,0,0,1,0,0
present,6724,224104182,0x00000000,0,0,0,0x00000000,0x00000000,0,0,1,0,0
present,6725,224137486,0x00000000,0,0,0,0x00000000,0x00000000,0,0,1,0,0
present,6726,224169909,0x00000000,0,0,0,0x00000000,0x00000000,0,0,1,0,0
present,6727,224200225,0x00000000,0,0,0,0x00000000,0x00000000,0,0,1,0,0
present,6728,224236627,0x00000000,0,0,0,0x00000000,0x00000000,0,0,1,0,0
present,6729,224269869,0x00000000,0,0,0,0x00000000,0x00000000,0,0,1,0,0
present,6730,224304489,0x00000000,0,0,0,0x00000000,0x00000000,0,0,1,0,0
present,6731,224337367,0x00000000,0,0,0,0x00000000,0x00000000,0,0,1,0,0
present,6732,224369609,0x00000000,0,0,0,0x00000000,0x00000000,0,0,1,0,0
present,6733,224403632,0x00000000,0,0,0,0x00000000,0x00000000,0,0,1,0,0
present,6734,224437419,0x00000000,0,0,0,0x00000000,0x00000000,0,0,1,0,0
present,6735,224470807,0x00000000,0,0,0,0x00000000,0x00000000,0,0,1,0,0
present,6736,224503710,0x00000000,0,0,0,0x00000000,0x00000000,0,0,1,0,0
present,6737,224533518,0x00000000,0,0,0,0x00000000,0x00000000,0,0,1,0,0
present,6738,224569544,0x00000000,0,0,0,0x00000000,0x00000000,0,0,1,0,0
present,6739,224603925,0x00000000,0,0,0,0x00000000,0x00000000,0,0,1,0,0
present,6740,224637228,0x00000000,0,0,0,0x00000000,0x00000000,0,0,1,0,0
present,6741,224670606,0x00000000,0,0,0,0x00000000,0x00000000,0,0,1,0,0
present,6742,224703863,0x00000000,0,0,0,0x00000000,0x00000000,0,0,1,0,0
present,6743,224737086,0x00000000,0,0,0,0x00000000,0x00000000,0,0,1,0,0
present,6744,224768411,0x00000000,0,0,0,0x00000000,0x00000000,0,0,1,0,0
present,6745,224803592,0x00000000,0,0,0,0x00000000,0x00000000,0,0,1,0,0
present,6746,224836802,0x00000000,0,0,0,0x00000000,0x00000000,0,0,1,0,0
present,6747,224870487,0x00000000,0,0,0,0x00000000,0x00000000,0,0,1,0,0
present,6748,224904519,0x00000000,0,0,0,0x00000000,0x00000000,0,0,1,0,0
present,6749,224937335,0x00000000,0,0,0,0x00000000,0x00000000,0,0,1,0,0
present,6750,224971043,0x00000000,0,0,0,0x00000000,0x00000000,0,0,1,0,0
present,6751,225002979,0x00000000,0,0,0,0x00000000,0x00000000,1,0,1,0,0
present,6752,225037789,0x00000000,0,0,0,0x00000000,0x00000000,1,0,1,0,0
present,6753,225067832,0x00000000,0,0,0,0x00000000,0x00000000,1,0,1,0,0
present,6754,225103308,0x00000000,0,0,0,0x00000000,0x00000000,1,0,1,0,0
present,6755,225137434,0x00000000,0,0,0,0x00000000,0x00000000,1,0,1,0,0
present,6756,225170381,0x00000000,0,0,0,0x00000000,0x00000000,1,0,1,0,0
present,6757,225204227,0x00000000,0,0,0,0x00000000,0x00000000,1,0,1,0,0
present,6758,225234525,0x00000000,0,0,0,0x00000000,0x00000000,1,0,1,0,0
present,6759,225268458,0x00000000,0,0,0,0x00000000,0x00000000,1,0,1,0,0
present,6760,225301583,0x00000000,0,0,0,0x00000000,0x00000000,1,0,1,0,0
present,6761,225334218,0x00000000,0,0,0,0x00000000,0x00000000,1,0,1,0,0
present,6762,225370480,0x00000000,0,0,0,0x00000000,0x00000000,1,0,1,0,0
present,6763,225404220,0x00000000,0,0,0,0x00000000,0x00000000,1,0,1,0,0
present,6764,225435266,0x00000000,0,0,0,0x00000000,0x00000000,1,0,1,0,0
present,6765,225469573,0x00000000,0,0,0,0x00000000,0x00000000,1,0,1,0,0
present,6766,225504217,0x00000000,0,0,0,0x00000000,0x00000000,1,0,1,0,0
present,6767,225536519,0x00000000,0,0,0,0x00000000,0x00000000,1,0,1,0,0
present,6768,225570303,0x00000000,0,0,0,0x00000000,0x00000000,1,0,1,0,0
present,6769,225600600,0x00000000,0,0,0,0x00000000,0x00000000,1,0,1,0,0
present,6770,225633548,0x00000000,0,0,0,0x00000000,0x00000000,1,0,1,0,0
present,6771,225667647,0x00000000,0,0,0,0x00000000,0x00000000,1,0,1,0,0
present,6772,225703959,0x00000000,0,0,0,0x00000000,0x00000000,1,0,1,0,0
present,6773,225737197,0x00000000,0,0,0,0x00000000,0x00000000,1,0,1,0,0
present,6774,225770407,0x00000000,0,0,0,0x00000000,0x00000000,1,0,1,0,0
present,6775,225803723,0x00000000,0,0,0,0x00000000,0x00000000,1,0,1,0,0
present,6776,225837102,0x00000000,0,0,0,0x00000000,0x00000000,1,0,1,0,0
present,6777,225870365,0x00000000,0,0,0,0x00000000,0x00000000,1,0,1,0,0
present,6778,225903776,0x00000000,0,0,0,0x00000000,0x00000000,1,0,1,0,0
present,6779,225937206,0x00000000,0,0,0,0x00000000,0x00000000,1,0,1,0,0
present,6780,225970527,0x00000000,0,0,0,0x00000000,0x00000000,1,0,1,0,0
present,6781,226004199,0x00000000,0,0,0,0x00000000,0x00000000,2,0,1,0,0
present,6782,226036310,0x00000000,0,0,0,0x00000000,0x00000000,2,0,1,0,0
present,6783,226070645,0x00000000,0,0,0,0x00000000,0x00000000,2,0,1,0,0
present,6784,226104188,0x00000000,0,0,0,0x00000000,0x00000000,2,0,1,0,0
present,6785,226133473,0x00000000,0,0,0,0x00000000,0x00000000,2,0,1,0,0
present,6786,226170001,0x00000000,0,0,0,0x00000000,0x00000000,2,0,1,0,0
present,6787,226203439,0x00000000,0,0,0,0x00000000,0x00000000,2,0,1,0,0
present,6788,226236854,0x00000000,0,0,0,0x00000000,0x00000000,2,0,1,0,0
present,6789,226270201,0x00000000,0,0,0,0x00000000,0x00000000,2,0,1,0,0
present,6790,226300229,0x00000000,0,0,0,0x00000000,0x00000000,2,0,1,0,0
present,6791,226337500,0x00000000,0,0,0,0x00000000,0x00000000,2,0,1,0,0
present,6792,226371063,0x00000000,0,0,0,0x00000000,0x00000000,2,0,1,0,0
present,6793,226400863,0x00000000,0,0,0,0x00000000,0x00000000,2,0,1,0,0
present,6794,226437898,0x00000000,0,0,0,0x00000000,0x00000000,2,0,1,0,0
present,6795,226467146,0x00000000,0,0,0,0x00000000,0x00000000,2,0,1,0,0
present,6796,226501156,0x00000000,0,0,0,0x00000000,0x00000000,2,0,1,0,0
present,6797,226536646,0x00000000,0,0,0,0x00000000,0x00000000,2,0,1,0,0
present,6798,226567398,0x00000000,0,0,0,0x00000000,0x00000000,2,0,1,0,0
present,6799,226602258,0x00000000,0,0,0,0x00000000,0x00000000,2,0,1,0,0
present,6800,226635478,0x00000000,0,0,0,0x00000000,0x00000000,2,0,1,0,0
present,6801,226666818,0x00000000,0,0,0,0x00000000,0x00000000,2,0,1,0,0
present,6802,226704082,0x00000000,0,0,0,0x00000000,0x00000000,2,0,1,0,0
present,6803,226737009,0x00000000,0,0,0,0x00000000,0x00000000,2,0,1,0,0
present,6804,226769889,0x00000000,0,0,0,0x00000000,0x00000000,2,0,1,0,0
present,6805,226804158,0x00000000,0,0,0,0x00000000,0x00000000,2,0,1,0,0
present,6806,226835126,0x00000000,0,0,0,0x00000000,0x00000000,2,0,1,0,0
present,6807,226870387,0x00000000,0,0,0,0x00000000,0x00000000,2,0,1,0,0
present,6808,226903683,0x00000000,0,0,0,0x00000000,0x00000000,2,0,1,0,0
present,6809,226936978,0x00000000,0,0,0,0x00000000,0x00000000,2,0,1,0,0
present,6810,226970207,0x00000000,0,0,0,0x00000000,0x00000000,2,0,1,0,0
present,6811,227003482,0x00000000,0,0,0,0x00000000,0x00000000,3,0,1,0,0
present,6812,227037055,0x00000000,0,0,0,0x00000000,0x00000000,3,0,1,0,0
present,6813,227069377,0x00000000,0,0,0,0x00000000,0x00000000,3,0,1,0,0
present,6814,227104418,0x00000000,0,0,0,0x00000000,0x00000000,3,0,1,0,0
present,6815,227136074,0x00000000,0,0,0,0x00000000,0x00000000,3,0,1,0,0
present,6816,227169563,0x00000000,0,0,0,0x00000000,0x00000000,3,0,1,0,0
present,6817,227202569,0x00000000,0,0,0,0x00000000,0x00000000,3,0,1,0,0
present,6818,227236656,0x00000000,0,0,0,0x00000000,0x00000000,3,0,1,0,0
present,6819,227270045,0x00000000,0,0,0,0x00000000,0x00000000,3,0,1,0,0
present,6820,227303372,0x00000000,0,0,0,0x00000000,0x00000000,3,0,1,0,0
present,6821,227337929,0x00000000,0,0,0,0x00000000,0x00000000,3,0,1,0,0
present,6822,227367782,0x00000000,0,0,0,0x00000000,0x00000000,3,0,1,0,0
present,6823,227404530,0x00000000,0,0,0,0x00000000,0x00000000,3,0,1,0,0
present,6824,227437342,0x00000000,0,0,0,0x00000000,0x00000000,3,0,1,0,0
present,6825,227468595,0x00000000,0,0,0,0x00000000,0x00000000,3,0,1,0,0
present,6826,227504093,0x00000000,0,0,0,0x00000000,0x00000000,3,0,1,0,0
present,6827,227537344,0x00000000,0,0,0,0x00000000,0x00000000,3,0,1,0,0
present,6828,227570571,0x00000000,0,0,0,0x00000000,0x00000000,3,0,1,0,0
present,6829,227603847,0x00000000,0,0,0,0x00000000,0x00000000,3,0,1,0,0
present,6830,227637173,0x00000000,0,0,0,0x00000000,0x00000000,3,0,1,0,0
present,6831,227669864,0x00000000,0,0,0,0x00000000,0x00000000,3,0,1,0,0
present,6832,227704101,0x00000000,0,0,0,0x00000000,0x00000000,3,0,1,0,0
present,6833,227737383,0x00000000,0,0,0,0x00000000,0x00000000,3,0,1,0,0
present,6834,227770625,0x00000000,0,0,0,0x00000000,0x00000000,3,0,1,0,0
present,6835,227804129,0x00000000,0,0,0,0x00000000,0x00000000,3,0,1,0,0
present,6836,227836021,0x00000000,0,0,0,0x00000000,0x00000000,3,0,1,0,0
present,6837,227870733,0x00000000,0,0,0,0x00000000,0x00000000,3,0,1,0,0
present,6838,227902431,0x00000000,0,0,0,0x00000000,0x00000000,3,0,1,0,0
present,6839,227937108,0x00000000,0,0,0,0x00000000,0x00000000,3,0,1,0,0
present,6840,227970326,0x00000000,0,0,0,0x00000000,0x00000000,3,0,1,0,0
present,6841,228003741,0x00000000,0,0,0,0x00000000,0x00000000,0,0,1,0,0
present,6842,228033944,0x00000000,0,0,0,0x00000000,0x00000000,0,0,1,0,0
present,6843,228070633,0x00000000,0,0,0,0x00000000,0x00000000,0,0,1,0,0
present,6844,228104401,0x00000000,0,0,0,0x00000000,0x00000000,0,0,1,0,0
present,6845,228136548,0x00000000,0,0,0,0x00000000,0x00000000,0,0,1,0,0
present,6846,228170869,0x00000000,0,0,0,0x00000000,0x00000000,0,0,1,0,0
present,6847,228200853,0x00000000,0,0,0,0x00000000,0x00000000,0,0,1,0,0
present,6848,228236234,0x00000000,0,0,0,0x00000000,0x00000000,0,0,1,0,0
present,6849,228271044,0x00000000,0,0,0,0x00000000,0x00000000,0,0,1,0,0
present,6850,228303877,0x00000000,0,0,0,0x00000000,0x00000000,0,0,1,0,0
present,6851,228337074,0x00000000,0,0,0,0x00000000,0x00000000,0,0,1,0,0
present,6852,228369730,0x00000000,0,0,0,0x00000000,0x00000000,0,0,1,0,0
present,6853,228404515,0x00000000,0,0,0,0x00000000,0x00000000,0,0,1,0,0
present,6854,228434960,0x00000000,0,0,0,0x00000000,0x00000000,0,0,1,0,0
present,6855,228467876,0x00000000,0,0,0,0x00000000,0x00000000,0,0,1,0,0
present,6856,228504157,0x00000000,0,0,0,0x00000000,0x00000000,0,0,1,0,0
present,6857,228533839,0x00000000,0,0,0,0x00000000,0x00000000,0,0,1,0,0
present,6858,228570087,0x00000000,0,0,0,0x00000000,0x00000000,0,0,1,0,0
present,6859,228603441,0x00000000,0,0,0,0x00000000,0x00000000,0,0,1,0,0
present,6860,228636896,0x00000000,0,0,0,0x00000000,0x00000000,0,0,1,0,0
present,6861,228670219,0x00000000,0,0,0,0x00000000,0x00000000,0,0,1,0,0
present,6862,228703421,0x00000000,0,0,0,0x00000000,0x00000000,0,0,1,0,0
present,6863,228736659,0x00000000,0,0,0,0x00000000,0x00000000,0,0,1,0,0
present,6864,228766758,0x00000000,0,0,0,0x00000000,0x00000000,0,0,1,0,0
present,6865,228800976,0x00000000,0,0,0,0x00000000,0x00000000,0,0,1,0,0
present,6866,228833436,0x00000000,0,0,0,0x00000000,0x00000000,0,0,1,0,0
present,6867,228870566,0x00000000,0,0,0,0x00000000,0x00000000,0,0,1,0,0
present,6868,228904314,0x00000000,0,0,0,0x00000000,0x00000000,0,0,1,0,0
present,6869,228936434,0x00000000,0,0,0,0x00000000,0x00000000,0,0,1,0,0
present,6870,228969135,0x00000000,0,0,0,0x00000000,0x00000000,0,0,1,0,0
present,6871,229004173,0x00000000,0,0,0,0x00000000,0x00000000,1,0,1,0,0
present,6872,229036467,0x00000000,0,0,0,0x00000000,0x00000000,1,0,1,0,0
present,6873,229067895,0x00000000,0,0,0,0x00000000,0x00000000,1,0,1,0,0
present,6874,229103249,0x00000000,0,0,0,0x00000000,0x00000000,1,0,1,0,0
present,6875,229133490,0x00000000,0,0,0,0x00000000,0x00000000,1,0,1,0,0
present,6876,229170725,0x00000000,0,0,0,0x00000000,0x00000000,1,0,1,0,0
present,6877,229200104,0x00000000,0,0,0,0x00000000,0x00000000,1,0,1,0,0
present,6878,229234673,0x00000000,0,0,0,0x00000000,0x00000000,1,0,1,0,0
present,6879,229270143,0x00000000,0,0,0,0x00000000,0x00000000,1,0,1,0,0
present,6880,229303495,0x00000000,0,0,0,0x00000000,0x00000000,1,0,1,0,0
present,6881,229337329,0x00000000,0,0,0,0x00000000,0x00000000,1,0,1,0,0
present,6882,229368530,0x00000000,0,0,0,0x00000000,0x00000000,1,0,1,0,0
present,6883,229403823,0x00000000,0,0,0,0x00000000,0x00000000,1,0,1,0,0
present,6884,229437300,0x00000000,0,0,0,0x00000000,0x00000000,1,0,1,0,0
present,6885,229470650,0x00000000,0,0,0,0x00000000,0x00000000,1,0,1,0,0
present,6886,229503932,0x00000000,0,0,0,0x00000000,0x00000000,1,0,1,0,0
present,6887,229537213,0x00000000,0,0,0,0x00000000,0x00000000,1,0,1,0,0
present,6888,229570882,0x00000000,0,0,0,0x00000000,0x00000000,1,0,1,0,0
present,6889,229600183,0x00000000,0,0,0,0x00000000,0x00000000,1,0,1,0,0
present,6890,229637538,0x00000000,0,0,0,0x00000000,0x00000000,1,0,1,0,0
present,6891,229669837,0x00000000,0,0,0,0x00000000,0x00000000,1,0,1,0,0
present,6892,229703997,0x00000000,0,0,0,0x00000000,0x00000000,1,0,1,0,0
present,6893,229737175,0x00000000,0,0,0,0x00000000,0x00000000,1,0,1,0,0
present,6894,229770371,0x00000000,0,0,0,0x00000000,0x00000000,1,0,1,0,0
present,6895,229803859,0x00000000,0,0,0,0x00000000,0x00000000,1,0,1,0,0
present,6896,229834628,0x00000000,0,0,0,0x00000000,0x00000000,1,0,1,0,0
present,6897,229870505,0x00000000,0,0,0,0x00000000,0x00000000,1,0,1,0,0
present,6898,229903950,0x00000000,0,0,0,0x00000000,0x00000000,1,0,1,0,0
present,6899,229934572,0x00000000,0,0,0,0x00000000,0x00000000,1,0,1,0,0
present,6900,229969979,0x00000000,0,0,0,0x00000000,0x00000000,1,0,1,0,0
present,6901,230002603,0x00000000,0,0,0,0x00000000,0x00000000,2,0,1,0,0
present,6902,230036968,0x00000000,0,0,0,0x00000000,0x00000000,2,0,1,0,0
present,6903,230070206,0x00000000,0,0,0,0x00000000,0x00000000,2,0,1,0,0
present,6904,230103613,0x00000000,0,0,0,0x00000000,0x00000000,2,0,1,0,0
present,6905,230136958,0x00000000,0,0,0,0x00000000,0x00000000,2,0,1,0,0
present,6906,230170204,0x00000000,0,0,0,0x00000000,0x00000000,2,0,1,0,0
present,6907,230203478,0x00000000,0,0,0,0x00000000,0x00000000,2,0,1,0,0
present,6908,230236727,0x00000000,0,0,0,0x00000000,0x00000000,2,0,1,0,0
present,6909,230270030,0x00000000,0,0,0,0x00000000,0x00000000,2,0,1,0,0
present,6910,230303267,0x00000000,0,0,0,0x00000000,0x00000000,2,0,1,0,0
present,6911,230336748,0x00000000,0,0,0,0x00000000,0x00000000,2,0,1,0,0
present,6912,230370488,0x00000000,0,0,0,0x00000000,0x00000000,2,0,1,0,0
present,6913,230404313,0x00000000,0,0,0,0x00000000,0x00000000,2,0,1,0,0
present,6914,230436752,0x00000000,0,0,0,0x00000000,0x00000000,2,0,1,0,0
present,6915,230470562,0x00000000,0,0,0,0x00000000,0x00000000,2,0,1,0,0
present,6916,230504101,0x00000000,0,0,0,0x00000000,0x00000000,2,0,1,0,0
present,6917,230537420,0x00000000,0,0,0,0x00000000,0x00000000,2,0,1,0,0
present,6918,230571000,0x00000000,0,0,0,0x00000000,0x00000000,2,0,1,0,0
present,6919,230600302,0x00000000,0,0,0,0x00000000,0x00000000,2,0,1,0,0
present,6920,230633654,0x00000000,0,0,0,0x00000000,0x00000000,2,0,1,0,0
present,6921,230669659,0x00000000,0,0,0,0x00000000,0x00000000,2,0,1,0,0
present,6922,230700636,0x00000000,0,0,0,0x00000000,0x00000000,2,0,1,0,0
present,6923,230735636,0x00000000,0,0,0,0x00000000,0x00000000,2,0,1,0,0
present,6924,230769935,0x00000000,0,0,0,0x00000000,0x00000000,2,0,1,0,0
present,6925,230803187,0x00000000,0,0,0,0x00000000,0x00000000,2,0,1,0,0
present,6926,230837447,0x00000000,0,0,0,0x00000000,0x00000000,2,0,1,0,0
present,6927,230871038,0x00000000,0,0,0,0x00000000,0x00000000,2,0,1,0,0
present,6928,230903998,0x00000000,0,0,0,0x00000000,0x00000000,2,0,1,0,0
present,6929,230937800,0x00000000,0,0,0,0x00000000,0x00000000,2,0,1,0,0
present,6930,230969471,0x00000000,0,0,0,0x00000000,0x00000000,2,0,1,0,0
present,6931,231000261,0x00000000,0,0,0,0x00000000,0x00000000,3,0,1,0,0
present,6932,231033571,0x00000000,0,0,0,0x00000000,0x00000000,3,0,1,0,0
present,6933,231069895,0x00000000,0,0,0,0x00000000,0x00000000,3,0,1,0,0
present,6934,231103559,0x00000000,0,0,0,0x00000000,0x00000000,3,0,1,0,0
present,6935,231135298,0x00000000,0,0,0,0x00000000,0x00000000,3,0,1,0,0
present,6936,231170997,0x00000000,0,0,0,0x00000000,0x00000000,3,0,1,0,0
present,6937,231202614,0x00000000,0,0,0,0x00000000,0x00000000,3,0,1,0,0
present,6938,231237226,0x00000000,0,0,0,0x00000000,0x00000000,3,0,1,0,0
present,6939,231270464,0x00000000,0,0,0,0x00000000,0x00000000,3,0,1,0,0
present,6940,231303730,0x00000000,0,0,0,0x00000000,0x00000000,3,0,1,0,0
present,6941,231337022,0x00000000,0,0,0,0x00000000,0x00000000,3,0,1,0,0
present,6942,231370278,0x00000000,0,0,0,0x00000000,0x00000000,3,0,1,0,0
present,6943,231403534,0x00000000,0,0,0,0x00000000,0x00000000,3,0,1,0,0
present,6944,231434869,0x00000000,0,0,0,0x00000000,0x00000000,3,0,1,0,0
present,6945,231470714,0x00000000,0,0,0,0x00000000,0x00000000,3,0,1,0,0
present,6946,231503594,0x00000000,0,0,0,0x00000000,0x00000000,3,0,1,0,0
present,6947,231533736,0x00000000,0,0,0,0x00000000,0x00000000,3,0,1,0,0
present,6948,231570383,0x00000000,0,0,0,0x00000000,0x00000000,3,0,1,0,0
present,6949,231603980,0x00000000,0,0,0,0x00000000,0x00000000,3,0,1,0,0
present,6950,231637647,0x00000000,0,0,0,0x00000000,0x00000000,3,0,1,0,0
present,6951,231669914,0x00000000,0,0,0,0x00000000,0x00000000,3,0,1,0,0
present,6952,231704171,0x00000000,0,0,0,0x00000000,0x00000000,3,0,1,0,0
present,6953,231737445,0x00000000,0,0,0,0x00000000,0x00000000,3,0,1,0,0
present,6954,231770660,0x00000000,0,0,0,0x00000000,0x00000000,3,0,1,0,0
present,6955,231801156,0x00000000,0,0,0,0x00000000,0x00000000,3,0,1,0,0
present,6956,231837599,0x00000000,0,0,0,0x00000000,0x00000000,3,0,1,0,0
present,6957,231869890,0x00000000,0,0,0,0x00000000,0x00000000,3,0,1,0,0
present,6958,231904530,0x00000000,0,0,0,0x00000000,0x00000000,3,0,1,0,0
present,6959,231937127,0x00000000,0,0,0,0x00000000,0x00000000,3,0,1,0,0
present,6960,231970874,0x00000000,0,0,0,0x00000000,0x00000000,3,0,1,0,0
present,6961,232001551,0x00000000,0,0,0,0x00000000,0x00000000,0,0,1,0,0
present,6962,232033569,0x00000000,0,0,0,0x00000000,0x00000000,0,0,1,0,0
present,6963,232070249,0x00000000,0,0,0,0x00000000,0x00000000,0,0,1,0,0
present,6964,232101044,0x00000000,0,0,0,0x00000000,0x00000000,0,0,1,0,0
present,6965,232137685,0x00000000,0,0,0,0x00000000,0x00000000,0,0,1,0,0
present,6966,232169455,0x00000000,0,0,0,0x00000000,0x00000000,0,0,1,0,0
present,6967,232203937,0x00000000,0,0,0,0x00000000,0x00000000,0,0,1,0,0
present,6968,232237347,0x00000000,0,0,0,0x00000000,0x00000000,0,0,1,0,0
present,6969,232270765,0x00000000,0,0,0,0x00000000,0x00000000,0,0,1,0,0
present,6970,232304040,0x00000000,0,0,0,0x00000000,0x00000000,0,0,1,0,0
present,6971,232337342,0x00000000,0,0,0,0x00000000,0x00000000,0,0,1,0,0
present,6972,232371005,0x00000000,0,0,0,0x00000000,0x00000000,0,0,1,0,0
present,6973,232403782,0x00000000,0,0,0,0x00000000,0x00000000,0,0,1,0,0
present,6974,232435164,0x00000000,0,0,0,0x00000000,0x00000000,0,0,1,0,0
present,6975,232467159,0x00000000,0,0,0,0x00000000,0x00000000,0,0,1,0,0
present,6976,232502941,0x00000000,0,0,0,0x00000000,0x00000000,0,0,1,0,0
present,6977,232537466,0x00000000,0,0,0,0x00000000,0x00000000,0,0,1,0,0
present,6978,232568710,0x00000000,0,0,0,0x00000000,0x00000000,0,0,1,0,0
present,6979,232614264,0x00000000,0,0,0,0x00000000,0x00000000,0,0,1,0,0
present,6980,232634599,0x00000000,0,0,0,0x00000000,0x00000000,0,0,1,0,0
present,6981,232666839,0x00000000,0,0,0,0x00000000,0x00000000,0,0,1,0,0
present,6982,232704072,0x00000000,0,0,0,0x00000000,0x00000000,0,0,1,0,0
present,6983,232737337,0x00000000,0,0,0,0x00000000,0x00000000,0,0,1,0,0
present,6984,232769440,0x00000000,0,0,0,0x00000000,0x00000000,0,0,1,0,0
present,6985,232812364,0x00000000,0,0,0,0x00000000,0x00000000,0,0,1,0,0
present,6986,232836940,0x00000000,0,0,0,0x00000000,0x00000000,0,0,1,0,0
present,6987,232869755,0x00000000,0,0,0,0x00000000,0x00000000,0,0,1,0,0
present,6988,232902543,0x00000000,0,0,0,0x00000000,0x00000000,0,0,1,0,0
present,6989,232937661,0x00000000,0,0,0,0x00000000,0x00000000,0,0,1,0,0
present,6990,232970202,0x00000000,0,0,0,0x00000000,0x00000000,0,0,1,0,0
present,6991,233004537,0x00000000,0,0,0,0x00000000,0x00000000,1,0,1,0,0
present,6992,233037702,0x00000000,0,0,0,0x00000000,0x00000000,1,0,1,0,0
present,6993,233070557,0x00000000,0,0,0,0x00000000,0x00000000,1,0,1,0,0
present,6994,233104225,0x00000000,0,0,0,0x00000000,0x00000000,1,0,1,0,0
present,6995,233136493,0x00000000,0,0,0,0x00000000,0x00000000,1,0,1,0,0
present,6996,233169640,0x00000000,0,0,0,0x00000000,0x00000000,1,0,1,0,0
present,6997,233204256,0x00000000,0,0,0,0x00000000,0x00000000,1,0,1,0,0
present,6998,233235157,0x00000000,0,0,0,0x00000000,0x00000000,1,0,1,0,0
present,6999,233270537,0x00000000,0,0,0,0x00000000,0x00000000,1,0,1,0,0
present,7000,233303821,0x00000000,0,0,0,0x00000000,0x00000000,1,0,1,0,0
present,7001,233337241,0x00000000,0,0,0,0x00000000,0x00000000,1,0,1,0,0
present,7002,233370572,0x00000000,0,0,0,0x00000000,0x00000000,1,0,1,0,0
present,7003,233404008,0x00000000,0,0,0,0x00000000,0x00000000,1,0,1,0,0
present,7004,233433745,0x00000000,0,0,0,0x00000000,0x00000000,1,0,1,0,0
present,7005,233469226,0x00000000,0,0,0,0x00000000,0x00000000,1,0,1,0,0
present,7006,233502829,0x00000000,0,0,0,0x00000000,0x00000000,1,0,1,0,0
present,7007,233533627,0x00000000,0,0,0,0x00000000,0x00000000,1,0,1,0,0
present,7008,233570046,0x00000000,0,0,0,0x00000000,0x00000000,1,0,1,0,0
present,7009,233603377,0x00000000,0,0,0,0x00000000,0x00000000,1,0,1,0,0
present,7010,233636825,0x00000000,0,0,0,0x00000000,0x00000000,1,0,1,0,0
present,7011,233670219,0x00000000,0,0,0,0x00000000,0x00000000,1,0,1,0,0
present,7012,233703521,0x00000000,0,0,0,0x00000000,0x00000000,1,0,1,0,0
present,7013,233736744,0x00000000,0,0,0,0x00000000,0x00000000,1,0,1,0,0
present,7014,233769935,0x00000000,0,0,0,0x00000000,0x00000000,1,0,1,0,0
present,7015,233803253,0x00000000,0,0,0,0x00000000,0x00000000,1,0,1,0,0
present,7016,233836791,0x00000000,0,0,0,0x00000000,0x00000000,1,0,1,0,0
present,7017,233870557,0x00000000,0,0,0,0x00000000,0x00000000,1,0,1,0,0
present,7018,233900705,0x00000000,0,0,0,0x00000000,0x00000000,1,0,1,0,0
present,7019,233934365,0x00000000,0,0,0,0x00000000,0x00000000,1,0,1,0,0
present,7020,233967952,0x00000000,0,0,0,0x00000000,0x00000000,1,0,1,0,0
present,7021,234003300,0x00000000,0,0,0,0x00000000,0x00000000,2,0,1,0,0
present,7022,234037123,0x00000000,0,0,0,0x00000000,0x00000000,2,0,1,0,0
present,7023,234071093,0x00000000,0,0,0,0x00000000,0x00000000,2,0,1,0,0
present,7024,234101487,0x00000000,0,0,0,0x00000000,0x00000000,2,0,1,0,0
present,7025,234137481,0x00000000,0,0,0,0x00000000,0x00000000,2,0,1,0,0
present,7026,234170281,0x00000000,0,0,0,0x00000000,0x00000000,2,0,1,0,0
present,7027,234201079,0x00000000,0,0,0,0x00000000,0x00000000,2,0,1,0,0
present,7028,234237548,0x00000000,0,0,0,0x00000000,0x00000000,2,0,1,0,0
present,7029,234270175,0x00000000,0,0,0,0x00000000,0x00000000,2,0,1,0,0
present,7030,234303948,0x00000000,0,0,0,0x00000000,0x00000000,2,0,1,0,0
present,7031,234337684,0x00000000,0,0,0,0x00000000,0x00000000,2,0,1,0,0
present,7032,234370287,0x00000000,0,0,0,0x00000000,0x00000000,2,0,1,0,0
present,7033,234400639,0x00000000,0,0,0,0x00000000,0x00000000,2,0,1,0,0
present,7034,234437007,0x00000000,0,0,0,0x00000000,0x00000000,2,0,1,0,0
present,7035,234471077,0x00000000,0,0,0,0x00000000,0x00000000,2,0,1,0,0
present,7036,234500642,0x00000000,0,0,0,0x00000000,0x00000000,2,0,1,0,0
present,7037,234536448,0x00000000,0,0,0,0x00000000,0x00000000,2,0,1,0,0
present,7038,234570920,0x00000000,0,0,0,0x00000000,0x00000000,2,0,1,0,0
present,7039,234603716,0x00000000,0,0,0,0x00000000,0x00000000,2,0,1,0,0
present,7040,234635683,0x00000000,0,0,0,0x00000000,0x00000000,2,0,1,0,0
present,7041,234668426,0x00000000,0,0,0,0x00000000,0x00000000,2,0,1,0,0
present,7042,234703681,0x00000000,0,0,0,0x00000000,0x00000000,2,0,1,0,0
present,7043,234735071,0x00000000,0,0,0,0x00000000,0x00000000,2,0,1,0,0
present,7044,234766873,0x00000000,0,0,0,0x00000000,0x00000000,2,0,1,0,0
present,7045,234804093,0x00000000,0,0,0,0x00000000,0x00000000,2,0,1,0,0
present,7046,234837292,0x00000000,0,0,0,0x00000000,0x00000000,2,0,1,0,0
present,7047,234870555,0x00000000,0,0,0,0x00000000,0x00000000,2,0,1,0,0
present,7048,234903919,0x00000000,0,0,0,0x00000000,0x00000000,2,0,1,0,0
present,7049,234937329,0x00000000,0,0,0,0x00000000,0x00000000,2,0,1,0,0
present,7050,234970703,0x00000000,0,0,0,0x00000000,0x00000000,2,0,1,0,0
present,7051,235004009,0x00000000,0,0,0,0x00000000,0x00000000,3,0,1,0,0
present,7052,235037933,0x00000000,0,0,0,0x00000000,0x00000000,3,0,1,0,0
present,7053,235070482,0x00000000,0,0,0,0x00000000,0x00000000,3,0,1,0,0
present,7054,235104116,0x00000000,0,0,0,0x00000000,0x00000000,3,0,1,0,0
present,7055,235135733,0x00000000,0,0,0,0x00000000,0x00000000,3,0,1,0,0
present,7056,235168427,0x00000000,0,0,0,0x00000000,0x00000000,3,0,1,0,0
present,7057,235204226,0x00000000,0,0,0,0x00000000,0x00000000,3,0,1,0,0
present,7058,235236592,0x00000000,0,0,0,0x00000000,0x00000000,3,0,1,0,0
present,7059,235269849,0x00000000,0,0,0,0x00000000,0x00000000,3,0,1,0,0
present,7060,235304121,0x00000000,0,0,0,0x00000000,0x00000000,3,0,1,0,0
present,7061,235337442,0x00000000,0,0,0,0x00000000,0x00000000,3,0,1,0,0
present,7062,235371142,0x00000000,0,0,0,0x00000000,0x00000000,3,0,1,0,0
present,7063,235400573,0x00000000,0,0,0,0x00000000,0x00000000,3,0,1,0,0
present,7064,235437521,0x00000000,0,0,0,0x00000000,0x00000000,3,0,1,0,0
present,7065,235468549,0x00000000,0,0,0,0x00000000,0x00000000,3,0,1,0,0
present,7066,235504255,0x00000000,0,0,0,0x00000000,0x00000000,3,0,1,0,0
present,7067,235536715,0x00000000,0,0,0,0x00000000,0x00000000,3,0,1,0,0
present,7068,235569626,0x00000000,0,0,0,0x00000000,0x00000000,3,0,1,0,0
present,7069,235600901,0x00000000,0,0,0,0x00000000,0x00000000,3,0,1,0,0
present,7070,235637418,0x00000000,0,0,0,0x00000000,0x00000000,3,0,1,0,0
present,7071,235670748,0x00000000,0,0,0,0x00000000,0x00000000,3,0,1,0,0
present,7072,235703795,0x00000000,0,0,0,0x00000000,0x00000000,3,0,1,0,0
present,7073,235737020,0x00000000,0,0,0,0x00000000,0x00000000,3,0,1,0,0
present,7074,235768849,0x00000000,0,0,0,0x00000000,0x00000000,3,0,1,0,0
present,7075,235804272,0x00000000,0,0,0,0x00000000,0x00000000,3,0,1,0,0
present,7076,235836548,0x00000000,0,0,0,0x00000000,0x00000000,3,0,1,0,0
present,7077,235871168,0x00000000,0,0,0,0x00000000,0x00000000,3,0,1,0,0
present,7078,235903548,0x00000000,0,0,0,0x00000000,0x00000000,3,0,1,0,0
present,7079,235937178,0x00000000,0,0,0,0x00000000,0x00000000,3,0,1,0,0
present,7080,235969542,0x00000000,0,0,0,0x00000000,0x00000000,3,0,1,0,0
present,7081,236000174,0x00000000,0,0,0,0x00000000,0x00000000,0,0,1,0,0
present,7082,236033978,0x00000000,0,0,0,0x00000000,0x00000000,0,0,1,0,0
present,7083,236070259,0x00000000,0,0,0,0x00000000,0x00000000,0,0,1,0,0
present,7084,236103505,0x00000000,0,0,0,0x00000000,0x00000000,0,0,1,0,0
present,7085,236136779,0x00000000,0,0,0,0x00000000,0x00000000,0,0,1,0,0
present,7086,236170470,0x00000000,0,0,0,0x00000000,0x00000000,0,0,1,0,0
present,7087,236201971,0x00000000,0,0,0,0x00000000,0x00000000,0,0,1,0,0
present,7088,236233544,0x00000000,0,0,0,0x00000000,0x00000000,0,0,1,0,0
present,7089,236266891,0x00000000,0,0,0,0x00000000,0x00000000,0,0,1,0,0
present,7090,236304261,0x00000000,0,0,0,0x00000000,0x00000000,0,0,1,0,0
present,7091,236336854,0x00000000,0,0,0,0x00000000,0x00000000,0,0,1,0,0
present,7092,236370234,0x00000000,0,0,0,0x00000000,0x00000000,0,0,1,0,0
present,7093,236403092,0x00000000,0,0,0,0x00000000,0x00000000,0,0,1,0,0
present,7094,236433885,0x00000000,0,0,0,0x00000000,0x00000000,0,0,1,0,0
present,7095,236470908,0x00000000,0,0,0,0x00000000,0x00000000,0,0,1,0,0
present,7096,236503782,0x00000000,0,0,0,0x00000000,0x00000000,0,0,1,0,0
present,7097,236537709,0x00000000,0,0,0,0x00000000,0x00000000,0,0,1,0,0
present,7098,236570474,0x00000000,0,0,0,0x00000000,0x00000000,0,0,1,0,0
present,7099,236604411,0x00000000,0,0,0,0x00000000,0x00000000,0,0,1,0,0
present,7100,236636371,0x00000000,0,0,0,0x00000000,0x00000000,0,0,1,0,0
present,7101,236666819,0x00000000,0,0,0,0x00000000,0x00000000,0,0,1,0,0
present,7102,236704095,0x00000000,0,0,0,0x00000000,0x00000000,0,0,1,0,0
present,7103,236737335,0x00000000,0,0,0,0x00000000,0x00000000,0,0,1,0,0
present,7104,236770591,0x00000000,0,0,0,0x00000000,0x00000000,0,0,1,0,0
present,7105,236803871,0x00000000,0,0,0,0x00000000,0x00000000,0,0,1,0,0
present,7106,236837614,0x00000000,0,0,0,0x00000000,0x00000000,0,0,1,0,0
present,7107,236870416,0x00000000,0,0,0,0x00000000,0x00000000,0,0,1,0,0
present,7108,236905074,0x00000000,0,0,0,0x00000000,0x00000000,0,0,1,0,0
present,7109,236936408,0x00000000,0,0,0,0x00000000,0x00000000,0,0,1,0,0
present,7110,236967210,0x00000000,0,0,0,0x00000000,0x00000000,0,0,1,0,0
present,7111,237003860,0x00000000,0,0,0,0x00000000,0x00000000,1,0,1,0,0
present,7112,237037113,0x00000000,0,0,0,0x00000000,0x00000000,1,0,1,0,0
present,7113,237070423,0x00000000,0,0,0,0x00000000,0x00000000,1,0,1,0,0
present,7114,237103770,0x00000000,0,0,0,0x00000000,0x00000000,1,0,1,0,0
present,7115,237137351,0x00000000,0,0,0,0x00000000,0x00000000,1,0,1,0,0
present,7116,237171097,0x00000000,0,0,0,0x00000000,0x00000000,1,0,1,0,0
present,7117,237230083,0x00000000,0,0,0,0x00000000,0x00000000,1,0,1,0,0
present,7118,237233528,0x00000000,0,0,0,0x00000000,0x00000000,1,0,1,0,0
present,7119,237270863,0x00000000,0,0,0,0x00000000,0x00000000,1,0,1,0,0
present,7120,237303243,0x00000000,0,0,0,0x00000000,0x00000000,1,0,1,0,0
present,7121,237333523,0x00000000,0,0,0,0x00000000,0x00000000,1,0,1,0,0
present,7122,237369869,0x00000000,0,0,0,0x00000000,0x00000000,1,0,1,0,0
present,7123,237404169,0x00000000,0,0,0,0x00000000,0x00000000,1,0,1,0,0
present,7124,237437539,0x00000000,0,0,0,0x00000000,0x00000000,1,0,1,0,0
present,7125,237470782,0x00000000,0,0,0,0x00000000,0x00000000,1,0,1,0,0
present,7126,237504014,0x00000000,0,0,0,0x00000000,0x00000000,1,0,1,0,0
present,7127,237537255,0x00000000,0,0,0,0x00000000,0x00000000,1,0,1,0,0
present,7128,237570434,0x00000000,0,0,0,0x00000000,0x00000000,1,0,1,0,0
present,7129,237600096,0x00000000,0,0,0,0x00000000,0x00000000,1,0,1,0,0
present,7130,237634706,0x00000000,0,0,0,0x00000000,0x00000000,1,0,1,0,0
present,7131,237669956,0x00000000,0,0,0,0x00000000,0x00000000,1,0,1,0,0
present,7132,237703175,0x00000000,0,0,0,0x00000000,0x00000000,1,0,1,0,0
present,7133,237737436,0x00000000,0,0,0,0x00000000,0x00000000,1,0,1,0,0
present,7134,237766785,0x00000000,0,0,0,0x00000000,0x00000000,1,0,1,0,0
present,7135,237801338,0x00000000,0,0,0,0x00000000,0x00000000,1,0,1,0,0
present,7136,237836566,0x00000000,0,0,0,0x00000000,0x00000000,1,0,1,0,0
present,7137,237869548,0x00000000,0,0,0,0x00000000,0x00000000,1,0,1,0,0
present,7138,237903838,0x00000000,0,0,0,0x00000000,0x00000000,1,0,1,0,0
present,7139,237937144,0x00000000,0,0,0,0x00000000,0x00000000,1,0,1,0,0
present,7140,237969853,0x00000000,0,0,0,0x00000000,0x00000000,1,0,1,0,0
present,7141,238001926,0x00000000,0,0,0,0x00000000,0x00000000,2,0,1,0,0
present,7142,238037212,0x00000000,0,0,0,0x00000000,0x00000000,2,0,1,0,0
present,7143,238070695,0x00000000,0,0,0,0x00000000,0x00000000,2,0,1,0,0
present,7144,238104629,0x00000000,0,0,0,0x00000000,0x00000000,2,0,1,0,0
present,7145,238134023,0x00000000,0,0,0,0x00000000,0x00000000,2,0,1,0,0
present,7146,238168995,0x00000000,0,0,0,0x00000000,0x00000000,2,0,1,0,0
present,7147,238203477,0x00000000,0,0,0,0x00000000,0x00000000,2,0,1,0,0
present,7148,238236818,0x00000000,0,0,0,0x00000000,0x00000000,2,0,1,0,0
present,7149,238268657,0x00000000,0,0,0,0x00000000,0x00000000,2,0,1,0,0
present,7150,238302444,0x00000000,0,0,0,0x00000000,0x00000000,2,0,1,0,0
present,7151,238336966,0x00000000,0,0,0,0x00000000,0x00000000,2,0,1,0,0
present,7152,238370882,0x00000000,0,0,0,0x00000000,0x00000000,2,0,1,0,0
present,7153,238401008,0x00000000,0,0,0,0x00000000,0x00000000,2,0,1,0,0
present,7154,238435458,0x00000000,0,0,0,0x00000000,0x00000000,2,0,1,0,0
present,7155,238470647,0x00000000,0,0,0,0x00000000,0x00000000,2,0,1,0,0
present,7156,238503801,0x00000000,0,0,0,0x00000000,0x00000000,2,0,1,0,0
present,7157,238537144,0x00000000,0,0,0,0x00000000,0x00000000,2,0,1,0,0
present,7158,238570601,0x00000000,0,0,0,0x00000000,0x00000000,2,0,1,0,0
present,7159,238600751,0x00000000,0,0,0,0x00000000,0x00000000,2,0,1,0,0
present,7160,238636181,0x00000000,0,0,0,0x00000000,0x00000000,2,0,1,0,0
present,7161,238670553,0x00000000,0,0,0,0x00000000,0x00000000,2,0,1,0,0
present,7162,238702468,0x00000000,0,0,0,0x00000000,0x00000000,2,0,1,0,0
present,7163,238736743,0x00000000,0,0,0,0x00000000,0x00000000,2,0,1,0,0
present,7164,238770002,0x00000000,0,0,0,0x00000000,0x00000000,2,0,1,0,0
present,7165,238801235,0x00000000,0,0,0,0x00000000,0x00000000,2,0,1,0,0
present,7166,238836532,0x00000000,0,0,0,0x00000000,0x00000000,2,0,1,0,0
present,7167,238870821,0x00000000,0,0,0,0x00000000,0x00000000,2,0,1,0,0
present,7168,238904574,0x00000000,0,0,0,0x00000000,0x00000000,2,0,1,0,0
present,7169,238937558,0x00000000,0,0,0,0x00000000,0x00000000,2,0,1,0,0
present,7170,238970584,0x00000000,0,0,0,0x00000000,0x00000000,2,0,1,0,0
present,7171,239003859,0x00000000,0,0,0,0x00000000,0x00000000,3,0,1,0,0
present,7172,239037612,0x00000000,0,0,0,0x00000000,0x00000000,3,0,1,0,0
present,7173,239066905,0x00000000,0,0,0,0x00000000,0x00000000,3,0,1,0,0
present,7174,239102040,0x00000000,0,0,0,0x00000000,0x00000000,3,0,1,0,0
present,7175,239137523,0x00000000,0,0,0,0x00000000,0x00000000,3,0,1,0,0
present,7176,239170910,0x00000000,0,0,0,0x00000000,0x00000000,3,0,1,0,0
present,7177,239203530,0x00000000,0,0,0,0x00000000,0x00000000,3,0,1,0,0
present,7178,239235825,0x00000000,0,0,0,0x00000000,0x00000000,3,0,1,0,0
present,7179,239270219,0x00000000,0,0,0,0x00000000,0x00000000,3,0,1,0,0
present,7180,239303557,0x00000000,0,0,0,0x00000000,0x00000000,3,0,1,0,0
present,7181,239335193,0x00000000,0,0,0,0x00000000,0x00000000,3,0,1,0,0
present,7182,239368754,0x00000000,0,0,0,0x00000000,0x00000000,3,0,1,0,0
present,7183,239404074,0x00000000,0,0,0,0x00000000,0x00000000,3,0,1,0,0
present,7184,239435575,0x00000000,0,0,0,0x00000000,0x00000000,3,0,1,0,0
present,7185,239467430,0x00000000,0,0,0,0x00000000,0x00000000,3,0,1,0,0
present,7186,239500622,0x00000000,0,0,0,0x00000000,0x00000000,3,0,1,0,0
present,7187,239535913,0x00000000,0,0,0,0x00000000,0x00000000,3,0,1,0,0
present,7188,239569405,0x00000000,0,0,0,0x00000000,0x00000000,3,0,1,0,0
present,7189,239604391,0x00000000,0,0,0,0x00000000,0x00000000,3,0,1,0,0
present,7190,239637566,0x00000000,0,0,0,0x00000000,0x00000000,3,0,1,0,0
present,7191,239666820,0x00000000,0,0,0,0x00000000,0x00000000,3,0,1,0,0
present,7192,239704096,0x00000000,0,0,0,0x00000000,0x00000000,3,0,1,0,0
present,7193,239747936,0x00000000,0,0,0,0x00000000,0x00000000,3,0,1,0,1
present,7194,239769564,0x00000000,0,0,0,0x00000000,0x00000000,3,0,1,0,1
present,7195,239801930,0x00000000,0,0,0,0x00000000,0x00000000,3,0,1,0,1
present,7196,239837149,0x00000000,0,0,0,0x00000000,0x00000000,3,0,1,0,1
present,7197,239868669,0x00000000,0,0,0,0x00000000,0x00000000,3,0,1,0,1
present,7198,239904190,0x00000000,0,0,0,0x00000000,0x00000000,3,0,1,0,1
present,7199,239934418,0x00000000,0,0,0,0x00000000,0x00000000,3,0,1,0,1
present,7200,239970912,0x00000000,0,0,0,0x00000000,0x00000000,3,0,1,0,1
present,7201,240000863,0x00000000,0,0,0,0x00000000,0x00000000,0,0,1,0,1
present,7202,240038038,0x00000000,0,0,0,0x00000000,0x00000000,0,0,1,0,1
present,7203,240071195,0x00000000,0,0,0,0x00000000,0x00000000,0,0,1,0,1
present,7204,240103471,0x00000000,0,0,0,0x00000000,0x00000000,0,0,1,0,1
present,7205,240136812,0x00000000,0,0,0,0x00000000,0x00000000,0,0,1,0,1
present,7206,240170079,0x00000000,0,0,0,0x00000000,0x00000000,0,0,1,0,1
present,7207,240203331,0x00000000,0,0,0,0x00000000,0x00000000,0,0,1,0,1
present,7208,240236682,0x00000000,0,0,0,0x00000000,0x00000000,0,0,1,0,1
present,7209,240269904,0x00000000,0,0,0,0x00000000,0x00000000,0,0,1,0,1
present,7210,240304123,0x00000000,0,0,0,0x00000000,0x00000000,0,0,1,0,1
present,7211,240337735,0x00000000,0,0,0,0x00000000,0x00000000,0,0,1,0,1
present,7212,240367386,0x00000000,0,0,0,0x00000000,0x00000000,0,0,1,0,1
present,7213,240403815,0x00000000,0,0,0,0x00000000,0x00000000,0,0,1,0,1
present,7214,240437132,0x00000000,0,0,0,0x00000000,0x00000000,0,0,1,0,1
present,7215,240470484,0x00000000,0,0,0,0x00000000,0x00000000,0,0,1,0,1
present,7216,240504302,0x00000000,0,0,0,0x00000000,0x00000000,0,0,1,0,1
present,7217,240536614,0x00000000,0,0,0,0x00000000,0x00000000,0,0,1,0,1
present,7218,240567358,0x00000000,0,0,0,0x00000000,0x00000000,0,0,1,0,1
present,7219,240604511,0x00000000,0,0,0,0x00000000,0x00000000,0,0,1,0,1
present,7220,240636012,0x00000000,0,0,0,0x00000000,0x00000000,0,0,1,0,1
present,7221,240669144,0x00000000,0,0,0,0x00000000,0x00000000,0,0,1,0,1
present,7222,240703443,0x00000000,0,0,0,0x00000000,0x00000000,0,0,1,0,1
present,7223,240736679,0x00000000,0,0,0,0x00000000,0x00000000,0,0,1,0,1
present,7224,240769898,0x00000000,0,0,0,0x00000000,0x00000000,0,0,1,0,1
present,7225,240804415,0x00000000,0,0,0,0x00000000,0x00000000,0,0,1,0,1
present,7226,240837379,0x00000000,0,0,0,0x00000000,0x00000000,0,0,1,0,1
present,7227,240871359,0x00000000,0,0,0,0x00000000,0x00000000,0,0,1,0,1
present,7228,240902527,0x00000000,0,0,0,0x00000000,0x00000000,0,0,1,0,1
present,7229,240937427,0x00000000,0,0,0,0x00000000,0x00000000,0,0,1,0,1
present,7230,240969401,0x00000000,0,0,0,0x00000000,0x00000000,0,0,1,0,1
present,7231,241002464,0x00000000,0,0,0,0x00000000,0x00000000,1,0,1,0,1
present,7232,241037732,0x00000000,0,0,0,0x00000000,0x00000000,1,0,1,0,1
present,7233,241069196,0x00000000,0,0,0,0x00000000,0x00000000,1,0,1,0,1
present,7234,241100820,0x00000000,0,0,0,0x00000000,0x00000000,1,0,1,0,1
present,7235,241136995,0x00000000,0,0,0,0x00000000,0x00000000,1,0,1,0,1
present,7236,241170965,0x00000000,0,0,0,0x00000000,0x00000000,1,0,1,0,1
present,7237,241200689,0x00000000,0,0,0,0x00000000,0x00000000,1,0,1,0,1
present,7238,241235901,0x00000000,0,0,0,0x00000000,0x00000000,1,0,1,0,1
present,7239,241270777,0x00000000,0,0,0,0x00000000,0x00000000,1,0,1,0,1
present,7240,241304620,0x00000000,0,0,0,0x00000000,0x00000000,1,0,1,0,1
present,7241,241337495,0x00000000,0,0,0,0x00000000,0x00000000,1,0,1,0,1
present,7242,241368458,0x00000000,0,0,0,0x00000000,0x00000000,1,0,1,0,1
present,7243,241404378,0x00000000,0,0,0,0x00000000,0x00000000,1,0,1,0,1
present,7244,241437203,0x00000000,0,0,0,0x00000000,0x00000000,1,0,1,0,1
present,7245,241471060,0x00000000,0,0,0,0x00000000,0x00000000,1,0,1,0,1
present,7246,241502223,0x00000000,0,0,0,0x00000000,0x00000000,1,0,1,0,1
present,7247,241537232,0x00000000,0,0,0,0x00000000,0x00000000,1,0,1,0,1
present,7248,241571218,0x00000000,0,0,0,0x00000000,0x00000000,1,0,1,0,1
present,7249,241603147,0x00000000,0,0,0,0x00000000,0x00000000,1,0,1,0,1
present,7250,241633967,0x00000000,0,0,0,0x00000000,0x00000000,1,0,1,0,1
present,7251,241666896,0x00000000,0,0,0,0x00000000,0x00000000,1,0,1,0,1
present,7252,241704166,0x00000000,0,0,0,0x00000000,0x00000000,1,0,1,0,1
present,7253,241737422,0x00000000,0,0,0,0x00000000,0x00000000,1,0,1,0,1
present,7254,241770670,0x00000000,0,0,0,0x00000000,0x00000000,1,0,1,0,1
present,7255,241804209,0x00000000,0,0,0,0x00000000,0x00000000,1,0,1,0,1
present,7256,241833982,0x00000000,0,0,0,0x00000000,0x00000000,1,0,1,0,1
present,7257,241867208,0x00000000,0,0,0,0x00000000,0x00000000,1,0,1,0,1
present,7258,241904471,0x00000000,0,0,0,0x00000000,0x00000000,1,0,1,0,1
present,7259,241937408,0x00000000,0,0,0,0x00000000,0x00000000,1,0,1,0,1
present,7260,241969100,0x00000000,0,0,0,0x00000000,0x00000000,1,0,1,0,1
present,7261,242001135,0x00000000,0,0,0,0x00000000,0x00000000,2,0,1,0,1
present,7262,242037152,0x00000000,0,0,0,0x00000000,0x00000000,2,0,1,0,1
present,7263,242069759,0x00000000,0,0,0,0x00000000,0x00000000,2,0,1,0,1
present,7264,242103304,0x00000000,0,0,0,0x00000000,0x00000000,2,0,1,0,1
present,7265,242136557,0x00000000,0,0,0,0x00000000,0x00000000,2,0,1,0,1
present,7266,242169566,0x00000000,0,0,0,0x00000000,0x00000000,2,0,1,0,1
present,7267,242202998,0x00000000,0,0,0,0x00000000,0x00000000,2,0,1,0,1
present,7268,242236756,0x00000000,0,0,0,0x00000000,0x00000000,2,0,1,0,1
present,7269,242270268,0x00000000,0,0,0,0x00000000,0x00000000,2,0,1,0,1
present,7270,242303751,0x00000000,0,0,0,0x00000000,0x00000000,2,0,1,0,1
present,7271,242335387,0x00000000,0,0,0,0x00000000,0x00000000,2,0,1,0,1
present,7272,242370106,0x00000000,0,0,0,0x00000000,0x00000000,2,0,1,0,1
present,7273,242403830,0x00000000,0,0,0,0x00000000,0x00000000,2,0,1,0,1
present,7274,242437553,0x00000000,0,0,0,0x00000000,0x00000000,2,0,1,0,1
present,7275,242469077,0x00000000,0,0,0,0x00000000,0x00000000,2,0,1,0,1
present,7276,242502612,0x00000000,0,0,0,0x00000000,0x00000000,2,0,1,0,1
present,7277,242537886,0x00000000,0,0,0,0x00000000,0x00000000,2,0,1,0,1
present,7278,242569591,0x00000000,0,0,0,0x00000000,0x00000000,2,0,1,0,1
present,7279,242604540,0x00000000,0,0,0,0x00000000,0x00000000,2,0,1,0,1
present,7280,242637527,0x00000000,0,0,0,0x00000000,0x00000000,2,0,1,0,1
present,7281,242666914,0x00000000,0,0,0,0x00000000,0x00000000,2,0,1,0,1
present,7282,242704138,0x00000000,0,0,0,0x00000000,0x00000000,2,0,1,0,1
present,7283,242737418,0x00000000,0,0,0,0x00000000,0x00000000,2,0,1,0,1
present,7284,242770690,0x00000000,0,0,0,0x00000000,0x00000000,2,0,1,0,1
present,7285,242800133,0x00000000,0,0,0,0x00000000,0x00000000,2,0,1,0,1
present,7286,242837632,0x00000000,0,0,0,0x00000000,0x00000000,2,0,1,0,1
present,7287,242867134,0x00000000,0,0,0,0x00000000,0x00000000,2,0,1,0,1
present,7288,242904074,0x00000000,0,0,0,0x00000000,0x00000000,2,0,1,0,1
present,7289,242937930,0x00000000,0,0,0,0x00000000,0x00000000,2,0,1,0,1
present,7290,242970786,0x00000000,0,0,0,0x00000000,0x00000000,2,0,1,0,1
present,7291,243002864,0x00000000,0,0,0,0x00000000,0x00000000,3,0,1,0,1
present,7292,243037575,0x00000000,0,0,0,0x00000000,0x00000000,3,0,1,0,1
present,7293,243066850,0x00000000,0,0,0,0x00000000,0x00000000,3,0,1,0,1
present,7294,243104754,0x00000000,0,0,0,0x00000000,0x00000000,3,0,1,0,1
present,7295,243136282,0x00000000,0,0,0,0x00000000,0x00000000,3,0,1,0,1
present,7296,243166818,0x00000000,0,0,0,0x00000000,0x00000000,3,0,1,0,1
present,7297,243200712,0x00000000,0,0,0,0x00000000,0x00000000,3,0,1,0,1
present,7298,243237160,0x00000000,0,0,0,0x00000000,0x00000000,3,0,1,0,1
present,7299,243270964,0x00000000,0,0,0,0x00000000,0x00000000,3,0,1,0,1
present,7300,243300505,0x00000000,0,0,0,0x00000000,0x00000000,3,0,1,0,1
present,7301,243337760,0x00000000,0,0,0,0x00000000,0x00000000,3,0,1,0,1
present,7302,243370688,0x00000000,0,0,0,0x00000000,0x00000000,3,0,1,0,1
present,7303,243404653,0x00000000,0,0,0,0x00000000,0x00000000,3,0,1,0,1
present,7304,243433990,0x00000000,0,0,0,0x00000000,0x00000000,3,0,1,0,1
present,7305,243468729,0x00000000,0,0,0,0x00000000,0x00000000,3,0,1,0,1
present,7306,243502410,0x00000000,0,0,0,0x00000000,0x00000000,3,0,1,0,1
present,7307,243536428,0x00000000,0,0,0,0x00000000,0x00000000,3,0,1,0,1
present,7308,243567765,0x00000000,0,0,0,0x00000000,0x00000000,3,0,1,0,1
present,7309,243603656,0x00000000,0,0,0,0x00000000,0x00000000,3,0,1,0,1
present,7310,243637139,0x00000000,0,0,0,0x00000000,0x00000000,3,0,1,0,1
present,7311,243670463,0x00000000,0,0,0,0x00000000,0x00000000,3,0,1,0,1
present,7312,243703769,0x00000000,0,0,0,0x00000000,0x00000000,3,0,1,0,1
present,7313,243737050,0x00000000,0,0,0,0x00000000,0x00000000,3,0,1,0,1
present,7314,243770331,0x00000000,0,0,0,0x00000000,0x00000000,3,0,1,0,1
present,7315,243803838,0x00000000,0,0,0,0x00000000,0x00000000,3,0,1,0,1
present,7316,243835336,0x00000000,0,0,0,0x00000000,0x00000000,3,0,1,0,1
present,7317,243870333,0x00000000,0,0,0,0x00000000,0x00000000,3,0,1,0,1
present,7318,243904253,0x00000000,0,0,0,0x00000000,0x00000000,3,0,1,0,1
present,7319,243935558,0x00000000,0,0,0,0x00000000,0x00000000,3,0,1,0,1
present,7320,243969943,0x00000000,0,0,0,0x00000000,0x00000000,3,0,1,0,1
present,7321,244003013,0x00000000,0,0,0,0x00000000,0x00000000,0,0,1,0,1
present,7322,244036380,0x00000000,0,0,0,0x00000000,0x00000000,0,0,1,0,1
present,7323,244069760,0x00000000,0,0,0,0x00000000,0x00000000,0,0,1,0,1
present,7324,244101928,0x00000000,0,0,0,0x00000000,0x00000000,0,0,1,0,1
present,7325,244136205,0x00000000,0,0,0,0x00000000,0x00000000,0,0,1,0,1
present,7326,244170360,0x00000000,0,0,0,0x00000000,0x00000000,0,0,1,0,1
present,7327,244202671,0x00000000,0,0,0,0x00000000,0x00000000,0,0,1,0,1
present,7328,244235468,0x00000000,0,0,0,0x00000000,0x00000000,0,0,1,0,1
present,7329,244271195,0x00000000,0,0,0,0x00000000,0x00000000,0,0,1,0,1
present,7330,244304106,0x00000000,0,0,0,0x00000000,0x00000000,0,0,1,0,1
present,7331,244337120,0x00000000,0,0,0,0x00000000,0x00000000,0,0,1,0,1
present,7332,244369345,0x00000000,0,0,0,0x00000000,0x00000000,0,0,1,0,1
present,7333,244401464,0x00000000,0,0,0,0x00000000,0x00000000,0,0,1,0,1
present,7334,244435268,0x00000000,0,0,0,0x00000000,0x00000000,0,0,1,0,1
present,7335,244467433,0x00000000,0,0,0,0x00000000,0x00000000,0,0,1,0,1
present,7336,244504339,0x00000000,0,0,0,0x00000000,0x00000000,0,0,1,0,1
present,7337,244537330,0x00000000,0,0,0,0x00000000,0x00000000,0,0,1,0,1
present,7338,244571242,0x00000000,0,0,0,0x00000000,0x00000000,0,0,1,0,1
present,7339,244601226,0x00000000,0,0,0,0x00000000,0x00000000,0,0,1,0,1
present,7340,244635846,0x00000000,0,0,0,0x00000000,0x00000000,0,0,1,0,1
present,7341,244670003,0x00000000,0,0,0,0x00000000,0x00000000,0,0,1,0,1
present,7342,244703269,0x00000000,0,0,0,0x00000000,0x00000000,0,0,1,0,1
present,7343,244737490,0x00000000,0,0,0,0x00000000,0x00000000,0,0,1,0,1
present,7344,244770786,0x00000000,0,0,0,0x00000000,0x00000000,0,0,1,0,1
present,7345,244804299,0x00000000,0,0,0,0x00000000,0x00000000,0,0,1,0,1
present,7346,244835577,0x00000000,0,0,0,0x00000000,0x00000000,0,0,1,0,1
present,7347,244868868,0x00000000,0,0,0,0x00000000,0x00000000,0,0,1,0,1
present,7348,244904129,0x00000000,0,0,0,0x00000000,0x00000000,0,0,1,0,1
present,7349,244934889,0x00000000,0,0,0,0x00000000,0x00000000,0,0,1,0,1
present,7350,244969734,0x00000000,0,0,0,0x00000000,0x00000000,0,0,1,0,1
present,7351,245003028,0x00000000,0,0,0,0x00000000,0x00000000,1,0,1,0,1
present,7352,245036641,0x00000000,0,0,0,0x00000000,0x00000000,1,0,1,0,1
present,7353,245067507,0x00000000,0,0,0,0x00000000,0x00000000,1,0,1,0,1
present,7354,245100643,0x00000000,0,0,0,0x00000000,0x00000000,1,0,1,0,1
present,7355,245137998,0x00000000,0,0,0,0x00000000,0x00000000,1,0,1,0,1
present,7356,245170917,0x00000000,0,0,0,0x00000000,0x00000000,1,0,1,0,1
present,7357,245200577,0x00000000,0,0,0,0x00000000,0x00000000,1,0,1,0,1
present,7358,245237002,0x00000000,0,0,0,0x00000000,0x00000000,1,0,1,0,1
present,7359,245269181,0x00000000,0,0,0,0x00000000,0x00000000,1,0,1,0,1
present,7360,245303163,0x00000000,0,0,0,0x00000000,0x00000000,1,0,1,0,1
present,7361,245333908,0x00000000,0,0,0,0x00000000,0x00000000,1,0,1,0,1
present,7362,245371289,0x00000000,0,0,0,0x00000000,0x00000000,1,0,1,0,1
present,7363,245402955,0x00000000,0,0,0,0x00000000,0x00000000,1,0,1,0,1
present,7364,245437830,0x00000000,0,0,0,0x00000000,0x00000000,1,0,1,0,1
present,7365,245469502,0x00000000,0,0,0,0x00000000,0x00000000,1,0,1,0,1
present,7366,245502084,0x00000000,0,0,0,0x00000000,0x00000000,1,0,1,0,1
present,7367,245534040,0x00000000,0,0,0,0x00000000,0x00000000,1,0,1,0,1
present,7368,245569486,0x00000000,0,0,0,0x00000000,0x00000000,1,0,1,0,1
present,7369,245603090,0x00000000,0,0,0,0x00000000,0x00000000,1,0,1,0,1
present,7370,245634031,0x00000000,0,0,0,0x00000000,0x00000000,1,0,1,0,1
present,7371,245669531,0x00000000,0,0,0,0x00000000,0x00000000,1,0,1,0,1
present,7372,245703824,0x00000000,0,0,0,0x00000000,0x00000000,1,0,1,0,1
present,7373,245737034,0x00000000,0,0,0,0x00000000,0x00000000,1,0,1,0,1
present,7374,245770262,0x00000000,0,0,0,0x00000000,0x00000000,1,0,1,0,1
present,7375,245803934,0x00000000,0,0,0,0x00000000,0x00000000,1,0,1,0,1
present,7376,245835488,0x00000000,0,0,0,0x00000000,0x00000000,1,0,1,0,1
present,7377,245868843,0x00000000,0,0,0,0x00000000,0x00000000,1,0,1,0,1
present,7378,245901106,0x00000000,0,0,0,0x00000000,0x00000000,1,0,1,0,1
present,7379,245936566,0x00000000,0,0,0,0x00000000,0x00000000,1,0,1,0,1
present,7380,245969499,0x00000000,0,0,0,0x00000000,0x00000000,1,0,1,0,1
present,7381,246002715,0x00000000,0,0,0,0x00000000,0x00000000,2,0,1,0,1
present,7382,246035817,0x00000000,0,0,0,0x00000000,0x00000000,2,0,1,0,1
present,7383,246069743,0x00000000,0,0,0,0x00000000,0x00000000,2,0,1,0,1
present,7384,246103737,0x00000000,0,0,0,0x00000000,0x00000000,2,0,1,0,1
present,7385,246134023,0x00000000,0,0,0,0x00000000,0x00000000,2,0,1,0,1
present,7386,246167960,0x00000000,0,0,0,0x00000000,0x00000000,2,0,1,0,1
present,7387,246200980,0x00000000,0,0,0,0x00000000,0x00000000,2,0,1,0,1
present,7388,246236388,0x00000000,0,0,0,0x00000000,0x00000000,2,0,1,0,1
present,7389,246271263,0x00000000,0,0,0,0x00000000,0x00000000,2,0,1,0,1
present,7390,246304151,0x00000000,0,0,0,0x00000000,0x00000000,2,0,1,0,1
present,7391,246334152,0x00000000,0,0,0,0x00000000,0x00000000,2,0,1,0,1
present,7392,246371174,0x00000000,0,0,0,0x00000000,0x00000000,2,0,1,0,1
present,7393,246400609,0x00000000,0,0,0,0x00000000,0x00000000,2,0,1,0,1
present,7394,246437853,0x00000000,0,0,0,0x00000000,0x00000000,2,0,1,0,1
present,7395,246470055,0x00000000,0,0,0,0x00000000,0x00000000,2,0,1,0,1
present,7396,246504147,0x00000000,0,0,0,0x00000000,0x00000000,2,0,1,0,1
present,7397,246536949,0x00000000,0,0,0,0x00000000,0x00000000,2,0,1,0,1
present,7398,246568204,0x00000000,0,0,0,0x00000000,0x00000000,2,0,1,0,1
present,7399,246602175,0x00000000,0,0,0,0x00000000,0x00000000,2,0,1,0,1
present,7400,246633953,0x00000000,0,0,0,0x00000000,0x00000000,2,0,1,0,1
present,7401,246668435,0x00000000,0,0,0,0x00000000,0x00000000,2,0,1,0,1
present,7402,246703558,0x00000000,0,0,0,0x00000000,0x00000000,2,0,1,0,1
present,7403,246736906,0x00000000,0,0,0,0x00000000,0x00000000,2,0,1,0,1
present,7404,246770143,0x00000000,0,0,0,0x00000000,0x00000000,2,0,1,0,1
present,7405,246803384,0x00000000,0,0,0,0x00000000,0x00000000,2,0,1,0,1
present,7406,246836995,0x00000000,0,0,0,0x00000000,0x00000000,2,0,1,0,1
present,7407,246870695,0x00000000,0,0,0,0x00000000,0x00000000,2,0,1,0,1
present,7408,246903055,0x00000000,0,0,0,0x00000000,0x00000000,2,0,1,0,1
present,7409,246937130,0x00000000,0,0,0,0x00000000,0x00000000,2,0,1,0,1
present,7410,246970633,0x00000000,0,0,0,0x00000000,0x00000000,2,0,1,0,1
present,7411,247004594,0x00000000,0,0,0,0x00000000,0x00000000,3,0,1,0,1
present,7412,247037672,0x00000000,0,0,0,0x00000000,0x00000000,3,0,1,0,1
present,7413,247069917,0x00000000,0,0,0,0x00000000,0x00000000,3,0,1,0,1
present,7414,247100674,0x00000000,0,0,0,0x00000000,0x00000000,3,0,1,0,1
present,7415,247134073,0x00000000,0,0,0,0x00000000,0x00000000,3,0,1,0,1
present,7416,247167555,0x00000000,0,0,0,0x00000000,0x00000000,3,0,1,0,1
present,7417,247202839,0x00000000,0,0,0,0x00000000,0x00000000,3,0,1,0,1
present,7418,247236298,0x00000000,0,0,0,0x00000000,0x00000000,3,0,1,0,1
present,7419,247271121,0x00000000,0,0,0,0x00000000,0x00000000,3,0,1,0,1
present,7420,247301197,0x00000000,0,0,0,0x00000000,0x00000000,3,0,1,0,1
present,7421,247338184,0x00000000,0,0,0,0x00000000,0x00000000,3,0,1,0,1
present,7422,247368392,0x00000000,0,0,0,0x00000000,0x00000000,3,0,1,0,1
present,7423,247404331,0x00000000,0,0,0,0x00000000,0x00000000,3,0,1,0,1
present,7424,247437301,0x00000000,0,0,0,0x00000000,0x00000000,3,0,1,0,1
present,7425,247469158,0x00000000,0,0,0,0x00000000,0x00000000,3,0,1,0,1
present,7426,247504321,0x00000000,0,0,0,0x00000000,0x00000000,3,0,1,0,1
present,7427,247536239,0x00000000,0,0,0,0x00000000,0x00000000,3,0,1,0,1
present,7428,247569626,0x00000000,0,0,0,0x00000000,0x00000000,3,0,1,0,1
present,7429,247604432,0x00000000,0,0,0,0x00000000,0x00000000,3,0,1,0,1
present,7430,247633595,0x00000000,0,0,0,0x00000000,0x00000000,3,0,1,0,1
present,7431,247669907,0x00000000,0,0,0,0x00000000,0x00000000,3,0,1,0,1
present,7432,247703161,0x00000000,0,0,0,0x00000000,0x00000000,3,0,1,0,1
present,7433,247737421,0x00000000,0,0,0,0x00000000,0x00000000,3,0,1,0,1
present,7434,247769355,0x00000000,0,0,0,0x00000000,0x00000000,3,0,1,0,1
present,7435,247803893,0x00000000,0,0,0,0x00000000,0x00000000,3,0,1,0,1
present,7436,247837097,0x00000000,0,0,0,0x00000000,0x00000000,3,0,1,0,1
present,7437,247871175,0x00000000,0,0,0,0x00000000,0x00000000,3,0,1,0,1
present,7438,247902034,0x00000000,0,0,0,0x00000000,0x00000000,3,0,1,0,1
present,7439,247936597,0x00000000,0,0,0,0x00000000,0x00000000,3,0,1,0,1
present,7440,247968581,0x00000000,0,0,0,0x00000000,0x00000000,3,0,1,0,1
present,7441,248003915,0x00000000,0,0,0,0x00000000,0x00000000,0,0,1,0,1
present,7442,248037275,0x00000000,0,0,0,0x00000000,0x00000000,0,0,1,0,1
present,7443,248069795,0x00000000,0,0,0,0x00000000,0x00000000,0,0,1,0,1
present,7444,248102501,0x00000000,0,0,0,0x00000000,0x00000000,0,0,1,0,1
present,7445,248137444,0x00000000,0,0,0,0x00000000,0x00000000,0,0,1,0,1
present,7446,248170578,0x00000000,0,0,0,0x00000000,0x00000000,0,0,1,0,1
present,7447,248201433,0x00000000,0,0,0,0x00000000,0x00000000,0,0,1,0,1
present,7448,248233902,0x00000000,0,0,0,0x00000000,0x00000000,0,0,1,0,1
present,7449,248270633,0x00000000,0,0,0,0x00000000,0x00000000,0,0,1,0,1
present,7450,248304310,0x00000000,0,0,0,0x00000000,0x00000000,0,0,1,0,1
present,7451,248336256,0x00000000,0,0,0,0x00000000,0x00000000,0,0,1,0,1
present,7452,248371130,0x00000000,0,0,0,0x00000000,0x00000000,0,0,1,0,1
present,7453,248404020,0x00000000,0,0,0,0x00000000,0x00000000,0,0,1,0,1
present,7454,248434590,0x00000000,0,0,0,0x00000000,0x00000000,0,0,1,0,1
present,7455,248470968,0x00000000,0,0,0,0x00000000,0x00000000,0,0,1,0,1
present,7456,248500736,0x00000000,0,0,0,0x00000000,0x00000000,0,0,1,0,1
present,7457,248536068,0x00000000,0,0,0,0x00000000,0x00000000,0,0,1,0,1
present,7458,248571012,0x00000000,0,0,0,0x00000000,0x00000000,0,0,1,0,1
present,7459,248604196,0x00000000,0,0,0,0x00000000,0x00000000,0,0,1,0,1
present,7460,248637240,0x00000000,0,0,0,0x00000000,0x00000000,0,0,1,0,1
present,7461,248669088,0x00000000,0,0,0,0x00000000,0x00000000,0,0,1,0,1
present,7462,248703322,0x00000000,0,0,0,0x00000000,0x00000000,0,0,1,0,1
present,7463,248736570,0x00000000,0,0,0,0x00000000,0x00000000,0,0,1,0,1
present,7464,248770764,0x00000000,0,0,0,0x00000000,0x00000000,0,0,1,0,1
present,7465,248804271,0x00000000,0,0,0,0x00000000,0x00000000,0,0,1,0,1
present,7466,248837094,0x00000000,0,0,0,0x00000000,0x00000000,0,0,1,0,1
present,7467,248871025,0x00000000,0,0,0,0x00000000,0x00000000,0,0,1,0,1
present,7468,248903259,0x00000000,0,0,0,0x00000000,0x00000000,0,0,1,0,1
present,7469,248936685,0x00000000,0,0,0,0x00000000,0x00000000,0,0,1,0,1
present,7470,248969582,0x00000000,0,0,0,0x00000000,0x00000000,0,0,1,0,1
present,7471,249003444,0x00000000,0,0,0,0x00000000,0x00000000,1,0,1,0,1
present,7472,249037494,0x00000000,0,0,0,0x00000000,0x00000000,1,0,1,0,1
present,7473,249067507,0x00000000,0,0,0,0x00000000,0x00000000,1,0,1,0,1
present,7474,249104681,0x00000000,0,0,0,0x00000000,0x00000000,1,0,1,0,1
present,7475,249137773,0x00000000,0,0,0,0x00000000,0x00000000,1,0,1,0,1
present,7476,249170662,0x00000000,0,0,0,0x00000000,0x00000000,1,0,1,0,1
present,7477,249202971,0x00000000,0,0,0,0x00000000,0x00000000,1,0,1,0,1
present,7478,249237971,0x00000000,0,0,0,0x00000000,0x00000000,1,0,1,0,1
present,7479,249268829,0x00000000,0,0,0,0x00000000,0x00000000,1,0,1,0,1
present,7480,249303592,0x00000000,0,0,0,0x00000000,0x00000000,1,0,1,0,1
present,7481,249337618,0x00000000,0,0,0,0x00000000,0x00000000,1,0,1,0,1
present,7482,249370602,0x00000000,0,0,0,0x00000000,0x00000000,1,0,1,0,1
present,7483,249400572,0x00000000,0,0,0,0x00000000,0x00000000,1,0,1,0,1
present,7484,249437671,0x00000000,0,0,0,0x00000000,0x00000000,1,0,1,0,1
present,7485,249469139,0x00000000,0,0,0,0x00000000,0x00000000,1,0,1,0,1
present,7486,249504159,0x00000000,0,0,0,0x00000000,0x00000000,1,0,1,0,1
present,7487,249534173,0x00000000,0,0,0,0x00000000,0x00000000,1,0,1,0,1
present,7488,249568358,0x00000000,0,0,0,0x00000000,0x00000000,1,0,1,0,1
present,7489,249602919,0x00000000,0,0,0,0x00000000,0x00000000,1,0,1,0,1
present,7490,249633497,0x00000000,0,0,0,0x00000000,0x00000000,1,0,1,0,1
present,7491,249667806,0x00000000,0,0,0,0x00000000,0x00000000,1,0,1,0,1
present,7492,249704073,0x00000000,0,0,0,0x00000000,0x00000000,1,0,1,0,1
present,7493,249737267,0x00000000,0,0,0,0x00000000,0x00000000,1,0,1,0,1
present,7494,249770454,0x00000000,0,0,0,0x00000000,0x00000000,1,0,1,0,1
present,7495,249803997,0x00000000,0,0,0,0x00000000,0x00000000,1,0,1,0,1
present,7496,249835442,0x00000000,0,0,0,0x00000000,0x00000000,1,0,1,0,1
present,7497,249868008,0x00000000,0,0,0,0x00000000,0x00000000,1,0,1,0,1
present,7498,249902674,0x00000000,0,0,0,0x00000000,0x00000000,1,0,1,0,1
present,7499,249934074,0x00000000,0,0,0,0x00000000,0x00000000,1,0,1,0,1
present,7500,249971397,0x00000000,0,0,0,0x00000000,0x00000000,1,0,1,0,1
present,7501,250000741,0x00000000,0,0,0,0x00000000,0x00000000,2,0,1,0,1
present,7502,250036130,0x00000000,0,0,0,0x00000000,0x00000000,2,0,1,0,1
present,7503,250069468,0x00000000,0,0,0,0x00000000,0x00000000,2,0,1,0,1
present,7504,250102433,0x00000000,0,0,0,0x00000000,0x00000000,2,0,1,0,1
present,7505,250137564,0x00000000,0,0,0,0x00000000,0x00000000,2,0,1,0,1
present,7506,250170374,0x00000000,0,0,0,0x00000000,0x00000000,2,0,1,0,1
present,7507,250203569,0x00000000,0,0,0,0x00000000,0x00000000,2,0,1,0,1
present,7508,250236355,0x00000000,0,0,0,0x00000000,0x00000000,2,0,1,0,1
present,7509,250271623,0x00000000,0,0,0,0x00000000,0x00000000,2,0,1,0,1
present,7510,250302294,0x00000000,0,0,0,0x00000000,0x00000000,2,0,1,0,1
present,7511,250335790,0x00000000,0,0,0,0x00000000,0x00000000,2,0,1,0,1
present,7512,250367284,0x00000000,0,0,0,0x00000000,0x00000000,2,0,1,0,1
present,7513,250404423,0x00000000,0,0,0,0x00000000,0x00000000,2,0,1,0,1
present,7514,250435959,0x00000000,0,0,0,0x00000000,0x00000000,2,0,1,0,1
present,7515,250470841,0x00000000,0,0,0,0x00000000,0x00000000,2,0,1,0,1
present,7516,250500749,0x00000000,0,0,0,0x00000000,0x00000000,2,0,1,0,1
present,7517,250537419,0x00000000,0,0,0,0x00000000,0x00000000,2,0,1,0,1
present,7518,250570545,0x00000000,0,0,0,0x00000000,0x00000000,2,0,1,0,1
present,7519,250604473,0x00000000,0,0,0,0x00000000,0x00000000,2,0,1,0,1
present,7520,250637806,0x00000000,0,0,0,0x00000000,0x00000000,2,0,1,0,1
present,7521,250670448,0x00000000,0,0,0,0x00000000,0x00000000,2,0,1,0,1
present,7522,250703689,0x00000000,0,0,0,0x00000000,0x00000000,2,0,1,0,1
present,7523,250737036,0x00000000,0,0,0,0x00000000,0x00000000,2,0,1,0,1
present,7524,250770274,0x00000000,0,0,0,0x00000000,0x00000000,2,0,1,0,1
present,7525,250803556,0x00000000,0,0,0,0x00000000,0x00000000,2,0,1,0,1
present,7526,250837359,0x00000000,0,0,0,0x00000000,0x00000000,2,0,1,0,1
present,7527,250870472,0x00000000,0,0,0,0x00000000,0x00000000,2,0,1,0,1
present,7528,250904368,0x00000000,0,0,0,0x00000000,0x00000000,2,0,1,0,1
present,7529,250937126,0x00000000,0,0,0,0x00000000,0x00000000,2,0,1,0,1
present,7530,250970654,0x00000000,0,0,0,0x00000000,0x00000000,2,0,1,0,1
present,7531,251003135,0x00000000,0,0,0,0x00000000,0x00000000,3,0,1,0,1
present,7532,251033871,0x00000000,0,0,0,0x00000000,0x00000000,3,0,1,0,1
present,7533,251070675,0x00000000,0,0,0,0x00000000,0x00000000,3,0,1,0,1
present,7534,251102158,0x00000000,0,0,0,0x00000000,0x00000000,3,0,1,0,1
present,7535,251136255,0x00000000,0,0,0,0x00000000,0x00000000,3,0,1,0,1
present,7536,251169403,0x00000000,0,0,0,0x00000000,0x00000000,3,0,1,0,1
present,7537,251200530,0x00000000,0,0,0,0x00000000,0x00000000,3,0,1,0,1
present,7538,251236939,0x00000000,0,0,0,0x00000000,0x00000000,3,0,1,0,1
present,7539,251270580,0x00000000,0,0,0,0x00000000,0x00000000,3,0,1,0,1
present,7540,251304257,0x00000000,0,0,0,0x00000000,0x00000000,3,0,1,0,1
present,7541,251334032,0x00000000,0,0,0,0x00000000,0x00000000,3,0,1,0,1
present,7542,251370612,0x00000000,0,0,0,0x00000000,0x00000000,3,0,1,0,1
present,7543,251400766,0x00000000,0,0,0,0x00000000,0x00000000,3,0,1,0,1
present,7544,251435734,0x00000000,0,0,0,0x00000000,0x00000000,3,0,1,0,1
present,7545,251470738,0x00000000,0,0,0,0x00000000,0x00000000,3,0,1,0,1
present,7546,251504458,0x00000000,0,0,0,0x00000000,0x00000000,3,0,1,0,1
present,7547,251536466,0x00000000,0,0,0,0x00000000,0x00000000,3,0,1,0,1
present,7548,251567972,0x00000000,0,0,0,0x00000000,0x00000000,3,0,1,0,1
present,7549,251603180,0x00000000,0,0,0,0x00000000,0x00000000,3,0,1,0,1
present,7550,251636669,0x00000000,0,0,0,0x00000000,0x00000000,3,0,1,0,1
present,7551,251669968,0x00000000,0,0,0,0x00000000,0x00000000,3,0,1,0,1
present,7552,251703220,0x00000000,0,0,0,0x00000000,0x00000000,3,0,1,0,1
present,7553,251737421,0x00000000,0,0,0,0x00000000,0x00000000,3,0,1,0,1
present,7554,251770645,0x00000000,0,0,0,0x00000000,0x00000000,3,0,1,0,1
present,7555,251803886,0x00000000,0,0,0,0x00000000,0x00000000,3,0,1,0,1
present,7556,251837692,0x00000000,0,0,0,0x00000000,0x00000000,3,0,1,0,1
present,7557,251868923,0x00000000,0,0,0,0x00000000,0x00000000,3,0,1,0,1
present,7558,251902041,0x00000000,0,0,0,0x00000000,0x00000000,3,0,1,0,1
present,7559,251935625,0x00000000,0,0,0,0x00000000,0x00000000,3,0,1,0,1
present,7560,251970911,0x00000000,0,0,0,0x00000000,0x00000000,3,0,1,0,1
present,7561,252002022,0x00000000,0,0,0,0x00000000,0x00000000,0,0,1,0,1
present,7562,252036320,0x00000000,0,0,0,0x00000000,0x00000000,0,0,1,0,1
present,7563,252071338,0x00000000,0,0,0,0x00000000,0x00000000,0,0,1,0,1
present,7564,252103084,0x00000000,0,0,0,0x00000000,0x00000000,0,0,1,0,1
present,7565,252137656,0x00000000,0,0,0,0x00000000,0x00000000,0,0,1,0,1
present,7566,252171447,0x00000000,0,0,0,0x00000000,0x00000000,0,0,1,0,1
present,7567,252202043,0x00000000,0,0,0,0x00000000,0x00000000,0,0,1,0,1
present,7568,252237470,0x00000000,0,0,0,0x00000000,0x00000000,0,0,1,0,1
present,7569,252268462,0x00000000,0,0,0,0x00000000,0x00000000,0,0,1,0,1
present,7570,252302294,0x00000000,0,0,0,0x00000000,0x00000000,0,0,1,0,1
present,7571,252337201,0x00000000,0,0,0,0x00000000,0x00000000,0,0,1,0,1
present,7572,252371163,0x00000000,0,0,0,0x00000000,0x00000000,0,0,1,0,1
present,7573,252403209,0x00000000,0,0,0,0x00000000,0x00000000,0,0,1,0,1
present,7574,252437448,0x00000000,0,0,0,0x00000000,0x00000000,0,0,1,0,1
present,7575,252467290,0x00000000,0,0,0,0x00000000,0x00000000,0,0,1,0,1
present,7576,252502823,0x00000000,0,0,0,0x00000000,0x00000000,0,0,1,0,1
present,7577,252537706,0x00000000,0,0,0,0x00000000,0x00000000,0,0,1,0,1
present,7578,252568098,0x00000000,0,0,0,0x00000000,0x00000000,0,0,1,0,1
present,7579,252604345,0x00000000,0,0,0,0x00000000,0x00000000,0,0,1,0,1
present,7580,252633864,0x00000000,0,0,0,0x00000000,0x00000000,0,0,1,0,1
present,7581,252669135,0x00000000,0,0,0,0x00000000,0x00000000,0,0,1,0,1
present,7582,252703410,0x00000000,0,0,0,0x00000000,0x00000000,0,0,1,0,1
present,7583,252736729,0x00000000,0,0,0,0x00000000,0x00000000,0,0,1,0,1
present,7584,252769945,0x00000000,0,0,0,0x00000000,0x00000000,0,0,1,0,1
present,7585,252800477,0x00000000,0,0,0,0x00000000,0x00000000,0,0,1,0,1
present,7586,252835308,0x00000000,0,0,0,0x00000000,0x00000000,0,0,1,0,1
present,7587,252871123,0x00000000,0,0,0,0x00000000,0x00000000,0,0,1,0,1
present,7588,252900517,0x00000000,0,0,0,0x00000000,0x00000000,0,0,1,0,1
present,7589,252937071,0x00000000,0,0,0,0x00000000,0x00000000,0,0,1,0,1
present,7590,252969384,0x00000000,0,0,0,0x00000000,0x00000000,0,0,1,0,1
present,7591,253004393,0x00000000,0,0,0,0x00000000,0x00000000,1,0,1,0,1
present,7592,253076296,0x00000000,0,0,0,0x00000000,0x00000000,1,0,1,0,1
present,7593,253076857,0x00000000,0,0,0,0x00000000,0x00000000,1,0,1,0,1
present,7594,253100274,0x00000000,0,0,0,0x00000000,0x00000000,1,0,1,0,1
present,7595,253133408,0x00000000,0,0,0,0x00000000,0x00000000,1,0,1,0,1
present,7596,253170607,0x00000000,0,0,0,0x00000000,0x00000000,1,0,1,0,1
present,7597,253203876,0x00000000,0,0,0,0x00000000,0x00000000,1,0,1,0,1
present,7598,253237642,0x00000000,0,0,0,0x00000000,0x00000000,1,0,1,0,1
present,7599,253269708,0x00000000,0,0,0,0x00000000,0x00000000,1,0,1,0,1
present,7600,253302875,0x00000000,0,0,0,0x00000000,0x00000000,1,0,1,0,1
present,7601,253335438,0x00000000,0,0,0,0x00000000,0x00000000,1,0,1,0,1
present,7602,253369864,0x00000000,0,0,0,0x00000000,0x00000000,1,0,1,0,1
present,7603,253400670,0x00000000,0,0,0,0x00000000,0x00000000,1,0,1,0,1
present,7604,253436059,0x00000000,0,0,0,0x00000000,0x00000000,1,0,1,0,1
present,7605,253469948,0x00000000,0,0,0,0x00000000,0x00000000,1,0,1,0,1
present,7606,253500807,0x00000000,0,0,0,0x00000000,0x00000000,1,0,1,0,1
present,7607,253536248,0x00000000,0,0,0,0x00000000,0x00000000,1,0,1,0,1
present,7608,253567785,0x00000000,0,0,0,0x00000000,0x00000000,1,0,1,0,1
present,7609,253601625,0x00000000,0,0,0,0x00000000,0x00000000,1,0,1,0,1
present,7610,253636496,0x00000000,0,0,0,0x00000000,0x00000000,1,0,1,0,1
present,7611,253666790,0x00000000,0,0,0,0x00000000,0x00000000,1,0,1,0,1
present,7612,253704051,0x00000000,0,0,0,0x00000000,0x00000000,1,0,1,0,1
present,7613,253737296,0x00000000,0,0,0,0x00000000,0x00000000,1,0,1,0,1
present,7614,253770513,0x00000000,0,0,0,0x00000000,0x00000000,1,0,1,0,1
present,7615,253804125,0x00000000,0,0,0,0x00000000,0x00000000,1,0,1,0,1
present,7616,253835527,0x00000000,0,0,0,0x00000000,0x00000000,1,0,1,0,1
present,7617,253870447,0x00000000,0,0,0,0x00000000,0x00000000,1,0,1,0,1
present,7618,253902122,0x00000000,0,0,0,0x00000000,0x00000000,1,0,1,0,1
present,7619,253935396,0x00000000,0,0,0,0x00000000,0x00000000,1,0,1,0,1
present,7620,253967558,0x00000000,0,0,0,0x00000000,0x00000000,1,0,1,0,1
present,7621,254001180,0x00000000,0,0,0,0x00000000,0x00000000,2,0,1,0,1
present,7622,254035936,0x00000000,0,0,0,0x00000000,0x00000000,2,0,1,0,1
present,7623,254071428,0x00000000,0,0,0,0x00000000,0x00000000,2,0,1,0,1
present,7624,254104347,0x00000000,0,0,0,0x00000000,0x00000000,2,0,1,0,1
present,7625,254134658,0x00000000,0,0,0,0x00000000,0x00000000,2,0,1,0,1
present,7626,254167503,0x00000000,0,0,0,0x00000000,0x00000000,2,0,1,0,1
present,7627,254203953,0x00000000,0,0,0,0x00000000,0x00000000,2,0,1,0,1
present,7628,254237864,0x00000000,0,0,0,0x00000000,0x00000000,2,0,1,0,1
present,7629,254269592,0x00000000,0,0,0,0x00000000,0x00000000,2,0,1,0,1
present,7630,254301731,0x00000000,0,0,0,0x00000000,0x00000000,2,0,1,0,1
present,7631,254337783,0x00000000,0,0,0,0x00000000,0x00000000,2,0,1,0,1
present,7632,254370629,0x00000000,0,0,0,0x00000000,0x00000000,2,0,1,0,1
present,7633,254404609,0x00000000,0,0,0,0x00000000,0x00000000,2,0,1,0,1
present,7634,254436840,0x00000000,0,0,0,0x00000000,0x00000000,2,0,1,0,1
present,7635,254467415,0x00000000,0,0,0,0x00000000,0x00000000,2,0,1,0,1
present,7636,254504280,0x00000000,0,0,0,0x00000000,0x00000000,2,0,1,0,1
present,7637,254537296,0x00000000,0,0,0,0x00000000,0x00000000,2,0,1,0,1
present,7638,254567921,0x00000000,0,0,0,0x00000000,0x00000000,2,0,1,0,1
present,7639,254602126,0x00000000,0,0,0,0x00000000,0x00000000,2,0,1,0,1
present,7640,254634424,0x00000000,0,0,0,0x00000000,0x00000000,2,0,1,0,1
present,7641,254666900,0x00000000,0,0,0,0x00000000,0x00000000,2,0,1,0,1
present,7642,254702590,0x00000000,0,0,0,0x00000000,0x00000000,2,0,1,0,1
present,7643,254736861,0x00000000,0,0,0,0x00000000,0x00000000,2,0,1,0,1
present,7644,254769805,0x00000000,0,0,0,0x00000000,0x00000000,2,0,1,0,1
present,7645,254804068,0x00000000,0,0,0,0x00000000,0x00000000,2,0,1,0,1
present,7646,254837820,0x00000000,0,0,0,0x00000000,0x00000000,2,0,1,0,1
present,7647,254870690,0x00000000,0,0,0,0x00000000,0x00000000,2,0,1,0,1
present,7648,254903195,0x00000000,0,0,0,0x00000000,0x00000000,2,0,1,0,1
present,7649,254936505,0x00000000,0,0,0,0x00000000,0x00000000,2,0,1,0,1
present,7650,254968751,0x00000000,0,0,0,0x00000000,0x00000000,2,0,1,0,1
present,7651,255003620,0x00000000,0,0,0,0x00000000,0x00000000,3,0,1,0,1
present,7652,255036284,0x00000000,0,0,0,0x00000000,0x00000000,3,0,1,0,1
present,7653,255070531,0x00000000,0,0,0,0x00000000,0x00000000,3,0,1,0,1
present,7654,255103749,0x00000000,0,0,0,0x00000000,0x00000000,3,0,1,0,1
present,7655,255137034,0x00000000,0,0,0,0x00000000,0x00000000,3,0,1,0,1
present,7656,255170569,0x00000000,0,0,0,0x00000000,0x00000000,3,0,1,0,1
present,7657,255200633,0x00000000,0,0,0,0x00000000,0x00000000,3,0,1,0,1
present,7658,255233543,0x00000000,0,0,0,0x00000000,0x00000000,3,0,1,0,1
present,7659,255270436,0x00000000,0,0,0,0x00000000,0x00000000,3,0,1,0,1
present,7660,255304106,0x00000000,0,0,0,0x00000000,0x00000000,3,0,1,0,1
present,7661,255337902,0x00000000,0,0,0,0x00000000,0x00000000,3,0,1,0,1
present,7662,255369727,0x00000000,0,0,0,0x00000000,0x00000000,3,0,1,0,1
present,7663,255400735,0x00000000,0,0,0,0x00000000,0x00000000,3,0,1,0,1
present,7664,255436433,0x00000000,0,0,0,0x00000000,0x00000000,3,0,1,0,1
present,7665,255470257,0x00000000,0,0,0,0x00000000,0x00000000,3,0,1,0,1
present,7666,255502662,0x00000000,0,0,0,0x00000000,0x00000000,3,0,1,0,1
present,7667,255533753,0x00000000,0,0,0,0x00000000,0x00000000,3,0,1,0,1
present,7668,255570427,0x00000000,0,0,0,0x00000000,0x00000000,3,0,1,0,1
present,7669,255602768,0x00000000,0,0,0,0x00000000,0x00000000,3,0,1,0,1
present,7670,255637335,0x00000000,0,0,0,0x00000000,0x00000000,3,0,1,0,1
present,7671,255667570,0x00000000,0,0,0,0x00000000,0x00000000,3,0,1,0,1
present,7672,255703836,0x00000000,0,0,0,0x00000000,0x00000000,3,0,1,0,1
present,7673,255735862,0x00000000,0,0,0,0x00000000,0x00000000,3,0,1,0,1
present,7674,255770295,0x00000000,0,0,0,0x00000000,0x00000000,3,0,1,0,1
present,7675,255803402,0x00000000,0,0,0,0x00000000,0x00000000,3,0,1,0,1
present,7676,255833804,0x00000000,0,0,0,0x00000000,0x00000000,3,0,1,0,1
present,7677,255870180,0x00000000,0,0,0,0x00000000,0x00000000,3,0,1,0,1
present,7678,255903943,0x00000000,0,0,0,0x00000000,0x00000000,3,0,1,0,1
present,7679,255933841,0x00000000,0,0,0,0x00000000,0x00000000,3,0,1,0,1
present,7680,255970800,0x00000000,0,0,0,0x00000000,0x00000000,3,0,1,0,1
present,7681,256003617,0x00000000,0,0,0,0x00000000,0x00000000,0,0,1,0,1
present,7682,256035062,0x00000000,0,0,0,0x00000000,0x00000000,0,0,1,0,1
present,7683,256070763,0x00000000,0,0,0,0x00000000,0x00000000,0,0,1,0,1
present,7684,256104438,0x00000000,0,0,0,0x00000000,0x00000000,0,0,1,0,1
present,7685,256136159,0x00000000,0,0,0,0x00000000,0x00000000,0,0,1,0,1
present,7686,256171153,0x00000000,0,0,0,0x00000000,0x00000000,0,0,1,0,1
present,7687,256200885,0x00000000,0,0,0,0x00000000,0x00000000,0,0,1,0,1
present,7688,256233981,0x00000000,0,0,0,0x00000000,0x00000000,0,0,1,0,1
present,7689,256271040,0x00000000,0,0,0,0x00000000,0x00000000,0,0,1,0,1
present,7690,256301836,0x00000000,0,0,0,0x00000000,0x00000000,0,0,1,0,1
present,7691,256336165,0x00000000,0,0,0,0x00000000,0x00000000,0,0,1,0,1
present,7692,256370988,0x00000000,0,0,0,0x00000000,0x00000000,0,0,1,0,1
present,7693,256402925,0x00000000,0,0,0,0x00000000,0x00000000,0,0,1,0,1
present,7694,256437860,0x00000000,0,0,0,0x00000000,0x00000000,0,0,1,0,1
present,7695,256468253,0x00000000,0,0,0,0x00000000,0x00000000,0,0,1,0,1
present,7696,256502362,0x00000000,0,0,0,0x00000000,0x00000000,0,0,1,0,1
present,7697,256536870,0x00000000,0,0,0,0x00000000,0x00000000,0,0,1,0,1
present,7698,256570783,0x00000000,0,0,0,0x00000000,0x00000000,0,0,1,0,1
present,7699,256603733,0x00000000,0,0,0,0x00000000,0x00000000,0,0,1,0,1
present,7700,256637302,0x00000000,0,0,0,0x00000000,0x00000000,0,0,1,0,1
present,7701,256670427,0x00000000,0,0,0,0x00000000,0x00000000,0,0,1,0,1
present,7702,256703725,0x00000000,0,0,0,0x00000000,0x00000000,0,0,1,0,1
present,7703,256737015,0x00000000,0,0,0,0x00000000,0x00000000,0,0,1,0,1
present,7704,256770489,0x00000000,0,0,0,0x00000000,0x00000000,0,0,1,0,1
present,7705,256804093,0x00000000,0,0,0,0x00000000,0x00000000,0,0,1,0,1
present,7706,256837660,0x00000000,0,0,0,0x00000000,0x00000000,0,0,1,0,1
present,7707,256867604,0x00000000,0,0,0,0x00000000,0x00000000,0,0,1,0,1
present,7708,256903886,0x00000000,0,0,0,0x00000000,0x00000000,0,0,1,0,1
present,7709,256936408,0x00000000,0,0,0,0x00000000,0x00000000,0,0,1,0,1
present,7710,256968116,0x00000000,0,0,0,0x00000000,0x00000000,0,0,1,0,1
present,7711,257001377,0x00000000,0,0,0,0x00000000,0x00000000,1,0,1,0,1
present,7712,257036550,0x00000000,0,0,0,0x00000000,0x00000000,1,0,1,0,1
present,7713,257067440,0x00000000,0,0,0,0x00000000,0x00000000,1,0,1,0,1
present,7714,257103360,0x00000000,0,0,0,0x00000000,0x00000000,1,0,1,0,1
present,7715,257137038,0x00000000,0,0,0,0x00000000,0x00000000,1,0,1,0,1
present,7716,257169911,0x00000000,0,0,0,0x00000000,0x00000000,1,0,1,0,1
present,7717,257203141,0x00000000,0,0,0,0x00000000,0x00000000,1,0,1,0,1
present,7718,257234079,0x00000000,0,0,0,0x00000000,0x00000000,1,0,1,0,1
present,7719,257268621,0x00000000,0,0,0,0x00000000,0x00000000,1,0,1,0,1
present,7720,257302761,0x00000000,0,0,0,0x00000000,0x00000000,1,0,1,0,1
present,7721,257336790,0x00000000,0,0,0,0x00000000,0x00000000,1,0,1,0,1
present,7722,257369457,0x00000000,0,0,0,0x00000000,0x00000000,1,0,1,0,1
present,7723,257402265,0x00000000,0,0,0,0x00000000,0x00000000,1,0,1,0,1
present,7724,257437301,0x00000000,0,0,0,0x00000000,0x00000000,1,0,1,0,1
present,7725,257469569,0x00000000,0,0,0,0x00000000,0x00000000,1,0,1,0,1
present,7726,257504467,0x00000000,0,0,0,0x00000000,0x00000000,1,0,1,0,1
present,7727,257536623,0x00000000,0,0,0,0x00000000,0x00000000,1,0,1,0,1
present,7728,257570578,0x00000000,0,0,0,0x00000000,0x00000000,1,0,1,0,1
present,7729,257604110,0x00000000,0,0,0,0x00000000,0x00000000,1,0,1,0,1
present,7730,257633935,0x00000000,0,0,0,0x00000000,0x00000000,1,0,1,0,1
present,7731,257666997,0x00000000,0,0,0,0x00000000,0x00000000,1,0,1,0,1
present,7732,257703290,0x00000000,0,0,0,0x00000000,0x00000000,1,0,1,0,1
present,7733,257736528,0x00000000,0,0,0,0x00000000,0x00000000,1,0,1,0,1
present,7734,257770741,0x00000000,0,0,0,0x00000000,0x00000000,1,0,1,0,1
present,7735,257804276,0x00000000,0,0,0,0x00000000,0x00000000,1,0,1,0,1
present,7736,257836012,0x00000000,0,0,0,0x00000000,0x00000000,1,0,1,0,1
present,7737,257868718,0x00000000,0,0,0,0x00000000,0x00000000,1,0,1,0,1
present,7738,257902148,0x00000000,0,0,0,0x00000000,0x00000000,1,0,1,0,1
present,7739,257935531,0x00000000,0,0,0,0x00000000,0x00000000,1,0,1,0,1
present,7740,257969068,0x00000000,0,0,0,0x00000000,0x00000000,1,0,1,0,1
present,7741,258004301,0x00000000,0,0,0,0x00000000,0x00000000,2,0,1,0,1
present,7742,258035177,0x00000000,0,0,0,0x00000000,0x00000000,2,0,1,0,1
present,7743,258069020,0x00000000,0,0,0,0x00000000,0x00000000,2,0,1,0,1
present,7744,258102454,0x00000000,0,0,0,0x00000000,0x00000000,2,0,1,0,1
present,7745,258135816,0x00000000,0,0,0,0x00000000,0x00000000,2,0,1,0,1
present,7746,258169897,0x00000000,0,0,0,0x00000000,0x00000000,2,0,1,0,1
present,7747,258201424,0x00000000,0,0,0,0x00000000,0x00000000,2,0,1,0,1
present,7748,258237710,0x00000000,0,0,0,0x00000000,0x00000000,2,0,1,0,1
present,7749,258270506,0x00000000,0,0,0,0x00000000,0x00000000,2,0,1,0,1
present,7750,258301999,0x00000000,0,0,0,0x00000000,0x00000000,2,0,1,0,1
present,7751,258334035,0x00000000,0,0,0,0x00000000,0x00000000,2,0,1,0,1
present,7752,258367828,0x00000000,0,0,0,0x00000000,0x00000000,2,0,1,0,1
present,7753,258403777,0x00000000,0,0,0,0x00000000,0x00000000,2,0,1,0,1
present,7754,258437611,0x00000000,0,0,0,0x00000000,0x00000000,2,0,1,0,1
present,7755,258467184,0x00000000,0,0,0,0x00000000,0x00000000,2,0,1,0,1
present,7756,258504244,0x00000000,0,0,0,0x00000000,0x00000000,2,0,1,0,1
present,7757,258537092,0x00000000,0,0,0,0x00000000,0x00000000,2,0,1,0,1
present,7758,258569403,0x00000000,0,0,0,0x00000000,0x00000000,2,0,1,0,1
present,7759,258603154,0x00000000,0,0,0,0x00000000,0x00000000,2,0,1,0,1
present,7760,258637021,0x00000000,0,0,0,0x00000000,0x00000000,2,0,1,0,1
present,7761,258666806,0x00000000,0,0,0,0x00000000,0x00000000,2,0,1,0,1
present,7762,258700470,0x00000000,0,0,0,0x00000000,0x00000000,2,0,1,0,1
present,7763,258736754,0x00000000,0,0,0,0x00000000,0x00000000,2,0,1,0,1
present,7764,258770008,0x00000000,0,0,0,0x00000000,0x00000000,2,0,1,0,1
present,7765,258803286,0x00000000,0,0,0,0x00000000,0x00000000,2,0,1,0,1
present,7766,258837065,0x00000000,0,0,0,0x00000000,0x00000000,2,0,1,0,1
present,7767,258869842,0x00000000,0,0,0,0x00000000,0x00000000,2,0,1,0,1
present,7768,258900528,0x00000000,0,0,0,0x00000000,0x00000000,2,0,1,0,1
present,7769,258937526,0x00000000,0,0,0,0x00000000,0x00000000,2,0,1,0,1
present,7770,258968925,0x00000000,0,0,0,0x00000000,0x00000000,2,0,1,0,1
present,7771,259002186,0x00000000,0,0,0,0x00000000,0x00000000,3,0,1,0,1
present,7772,259036254,0x00000000,0,0,0,0x00000000,0x00000000,3,0,1,0,1
present,7773,259069808,0x00000000,0,0,0,0x00000000,0x00000000,3,0,1,0,1
present,7774,259103689,0x00000000,0,0,0,0x00000000,0x00000000,3,0,1,0,1
present,7775,259137716,0x00000000,0,0,0,0x00000000,0x00000000,3,0,1,0,1
present,7776,259170561,0x00000000,0,0,0,0x00000000,0x00000000,3,0,1,0,1
present,7777,259204446,0x00000000,0,0,0,0x00000000,0x00000000,3,0,1,0,1
present,7778,259236932,0x00000000,0,0,0,0x00000000,0x00000000,3,0,1,0,1
present,7779,259270281,0x00000000,0,0,0,0x00000000,0x00000000,3,0,1,0,1
present,7780,259304049,0x00000000,0,0,0,0x00000000,0x00000000,3,0,1,0,1
present,7781,259337992,0x00000000,0,0,0,0x00000000,0x00000000,3,0,1,0,1
present,7782,259370823,0x00000000,0,0,0,0x00000000,0x00000000,3,0,1,0,1
present,7783,259403826,0x00000000,0,0,0,0x00000000,0x00000000,3,0,1,0,1
present,7784,259437863,0x00000000,0,0,0,0x00000000,0x00000000,3,0,1,0,1
present,7785,259468598,0x00000000,0,0,0,0x00000000,0x00000000,3,0,1,0,1
present,7786,259502360,0x00000000,0,0,0,0x00000000,0x00000000,3,0,1,0,1
present,7787,259536915,0x00000000,0,0,0,0x00000000,0x00000000,3,0,1,0,1
present,7788,259566876,0x00000000,0,0,0,0x00000000,0x00000000,3,0,1,0,1
present,7789,259604656,0x00000000,0,0,0,0x00000000,0x00000000,3,0,1,0,1
present,7790,259635148,0x00000000,0,0,0,0x00000000,0x00000000,3,0,1,0,1
present,7791,259670590,0x00000000,0,0,0,0x00000000,0x00000000,3,0,1,0,1
present,7792,259703802,0x00000000,0,0,0,0x00000000,0x00000000,3,0,1,0,1
present,7793,259737081,0x00000000,0,0,0,0x00000000,0x00000000,3,0,1,0,1
present,7794,259770301,0x00000000,0,0,0,0x00000000,0x00000000,3,0,1,0,1
present,7795,259803572,0x00000000,0,0,0,0x00000000,0x00000000,3,0,1,0,1
present,7796,259837467,0x00000000,0,0,0,0x00000000,0x00000000,3,0,1,0,1
present,7797,259870856,0x00000000,0,0,0,0x00000000,0x00000000,3,0,1,0,1
present,7798,259902111,0x00000000,0,0,0,0x00000000,0x00000000,3,0,1,0,1
present,7799,259937374,0x00000000,0,0,0,0x00000000,0x00000000,3,0,1,0,1
present,7800,259970676,0x00000000,0,0,0,0x00000000,0x00000000,3,0,1,0,1
present,7801,260003911,0x00000000,0,0,0,0x00000000,0x00000000,0,0,1,0,1
present,7802,260037470,0x00000000,0,0,0,0x00000000,0x00000000,0,0,1,0,1
present,7803,260068742,0x00000000,0,0,0,0x00000000,0x00000000,0,0,1,0,1
present,7804,260101964,0x00000000,0,0,0,0x00000000,0x00000000,0,0,1,0,1
present,7805,260134695,0x00000000,0,0,0,0x00000000,0x00000000,0,0,1,0,1
present,7806,260171085,0x00000000,0,0,0,0x00000000,0x00000000,0,0,1,0,1
present,7807,260200923,0x00000000,0,0,0,0x00000000,0x00000000,0,0,1,0,1
present,7808,260237901,0x00000000,0,0,0,0x00000000,0x00000000,0,0,1,0,1
present,7809,260270641,0x00000000,0,0,0,0x00000000,0x00000000,0,0,1,0,1
present,7810,260301994,0x00000000,0,0,0,0x00000000,0x00000000,0,0,1,0,1
present,7811,260338054,0x00000000,0,0,0,0x00000000,0x00000000,0,0,1,0,1
present,7812,260367686,0x00000000,0,0,0,0x00000000,0x00000000,0,0,1,0,1
present,7813,260403826,0x00000000,0,0,0,0x00000000,0x00000000,0,0,1,0,1
present,7814,260435365,0x00000000,0,0,0,0x00000000,0x00000000,0,0,1,0,1
present,7815,260468805,0x00000000,0,0,0,0x00000000,0x00000000,0,0,1,0,1
present,7816,260500851,0x00000000,0,0,0,0x00000000,0x00000000,0,0,1,0,1
present,7817,260536603,0x00000000,0,0,0,0x00000000,0x00000000,0,0,1,0,1
present,7818,260567383,0x00000000,0,0,0,0x00000000,0x00000000,0,0,1,0,1
present,7819,260604588,0x00000000,0,0,0,0x00000000,0x00000000,0,0,1,0,1
present,7820,260635194,0x00000000,0,0,0,0x00000000,0x00000000,0,0,1,0,1
present,7821,260670534,0x00000000,0,0,0,0x00000000,0x00000000,0,0,1,0,1
present,7822,260703829,0x00000000,0,0,0,0x00000000,0x00000000,0,0,1,0,1
present,7823,260737074,0x00000000,0,0,0,0x00000000,0x00000000,0,0,1,0,1
present,7824,260769700,0x00000000,0,0,0,0x00000000,0x00000000,0,0,1,0,1
present,7825,260804234,0x00000000,0,0,0,0x00000000,0x00000000,0,0,1,0,1
present,7826,260834007,0x00000000,0,0,0,0x00000000,0x00000000,0,0,1,0,1
present,7827,260869668,0x00000000,0,0,0,0x00000000,0x00000000,0,0,1,0,1
present,7828,260901928,0x00000000,0,0,0,0x00000000,0x00000000,0,0,1,0,1
present,7829,260936354,0x00000000,0,0,0,0x00000000,0x00000000,0,0,1,0,1
present,7830,260969640,0x00000000,0,0,0,0x00000000,0x00000000,0,0,1,0,1
present,7831,261004306,0x00000000,0,0,0,0x00000000,0x00000000,1,0,1,0,1
present,7832,261037406,0x00000000,0,0,0,0x00000000,0x00000000,1,0,1,0,1
present,7833,261068807,0x00000000,0,0,0,0x00000000,0x00000000,1,0,1,0,1
present,7834,261102876,0x00000000,0,0,0,0x00000000,0x00000000,1,0,1,0,1
present,7835,261136713,0x00000000,0,0,0,0x00000000,0x00000000,1,0,1,0,1
present,7836,261169353,0x00000000,0,0,0,0x00000000,0x00000000,1,0,1,0,1
present,7837,261202936,0x00000000,0,0,0,0x00000000,0x00000000,1,0,1,0,1
present,7838,261237926,0x00000000,0,0,0,0x00000000,0x00000000,1,0,1,0,1
present,7839,261268021,0x00000000,0,0,0,0x00000000,0x00000000,1,0,1,0,1
present,7840,261304064,0x00000000,0,0,0,0x00000000,0x00000000,1,0,1,0,1
present,7841,261336209,0x00000000,0,0,0,0x00000000,0x00000000,1,0,1,0,1
present,7842,261371238,0x00000000,0,0,0,0x00000000,0x00000000,1,0,1,0,1
present,7843,261402243,0x00000000,0,0,0,0x00000000,0x00000000,1,0,1,0,1
present,7844,261433863,0x00000000,0,0,0,0x00000000,0x00000000,1,0,1,0,1
present,7845,261469521,0x00000000,0,0,0,0x00000000,0x00000000,1,0,1,0,1
present,7846,261502363,0x00000000,0,0,0,0x00000000,0x00000000,1,0,1,0,1
present,7847,261534017,0x00000000,0,0,0,0x00000000,0x00000000,1,0,1,0,1
present,7848,261572409,0x00000000,0,0,0,0x00000000,0x00000000,1,0,1,0,1
present,7849,261602771,0x00000000,0,0,0,0x00000000,0x00000000,1,0,1,0,1
present,7850,261636929,0x00000000,0,0,0,0x00000000,0x00000000,1,0,1,0,1
present,7851,261670240,0x00000000,0,0,0,0x00000000,0x00000000,1,0,1,0,1
present,7852,261703451,0x00000000,0,0,0,0x00000000,0x00000000,1,0,1,0,1
present,7853,261736682,0x00000000,0,0,0,0x00000000,0x00000000,1,0,1,0,1
present,7854,261769895,0x00000000,0,0,0,0x00000000,0x00000000,1,0,1,0,1
present,7855,261804414,0x00000000,0,0,0,0x00000000,0x00000000,1,0,1,0,1
present,7856,261835289,0x00000000,0,0,0,0x00000000,0x00000000,1,0,1,0,1
present,7857,261871266,0x00000000,0,0,0,0x00000000,0x00000000,1,0,1,0,1
present,7858,261900859,0x00000000,0,0,0,0x00000000,0x00000000,1,0,1,0,1
present,7859,261936087,0x00000000,0,0,0,0x00000000,0x00000000,1,0,1,0,1
present,7860,261969753,0x00000000,0,0,0,0x00000000,0x00000000,1,0,1,0,1
present,7861,262001463,0x00000000,0,0,0,0x00000000,0x00000000,2,0,1,0,1
present,7862,262035787,0x00000000,0,0,0,0x00000000,0x00000000,2,0,1,0,1
present,7863,262070403,0x00000000,0,0,0,0x00000000,0x00000000,2,0,1,0,1
present,7864,262104234,0x00000000,0,0,0,0x00000000,0x00000000,2,0,1,0,1
present,7865,262137096,0x00000000,0,0,0,0x00000000,0x00000000,2,0,1,0,1
present,7866,262171003,0x00000000,0,0,0,0x00000000,0x00000000,2,0,1,0,1
present,7867,262200720,0x00000000,0,0,0,0x00000000,0x00000000,2,0,1,0,1
present,7868,262236099,0x00000000,0,0,0,0x00000000,0x00000000,2,0,1,0,1
present,7869,262267627,0x00000000,0,0,0,0x00000000,0x00000000,2,0,1,0,1
present,7870,262301136,0x00000000,0,0,0,0x00000000,0x00000000,2,0,1,0,1
present,7871,262335689,0x00000000,0,0,0,0x00000000,0x00000000,2,0,1,0,1
present,7872,262370550,0x00000000,0,0,0,0x00000000,0x00000000,2,0,1,0,1
present,7873,262404477,0x00000000,0,0,0,0x00000000,0x00000000,2,0,1,0,1
present,7874,262434073,0x00000000,0,0,0,0x00000000,0x00000000,2,0,1,0,1
present,7875,262470763,0x00000000,0,0,0,0x00000000,0x00000000,2,0,1,0,1
present,7876,262500610,0x00000000,0,0,0,0x00000000,0x00000000,2,0,1,0,1
present,7877,262535896,0x00000000,0,0,0,0x00000000,0x00000000,2,0,1,0,1
present,7878,262570892,0x00000000,0,0,0,0x00000000,0x00000000,2,0,1,0,1
present,7879,262600875,0x00000000,0,0,0,0x00000000,0x00000000,2,0,1,0,1
present,7880,262636224,0x00000000,0,0,0,0x00000000,0x00000000,2,0,1,0,1
present,7881,262670611,0x00000000,0,0,0,0x00000000,0x00000000,2,0,1,0,1
present,7882,262703381,0x00000000,0,0,0,0x00000000,0x00000000,2,0,1,0,1
present,7883,262736664,0x00000000,0,0,0,0x00000000,0x00000000,2,0,1,0,1
present,7884,262769925,0x00000000,0,0,0,0x00000000,0x00000000,2,0,1,0,1
present,7885,262804279,0x00000000,0,0,0,0x00000000,0x00000000,2,0,1,0,1
present,7886,262834443,0x00000000,0,0,0,0x00000000,0x00000000,2,0,1,0,1
present,7887,262870828,0x00000000,0,0,0,0x00000000,0x00000000,2,0,1,0,1
present,7888,262904096,0x00000000,0,0,0,0x00000000,0x00000000,2,0,1,0,1
present,7889,262937474,0x00000000,0,0,0,0x00000000,0x00000000,2,0,1,0,1
present,7890,262970756,0x00000000,0,0,0,0x00000000,0x00000000,2,0,1,0,1
present,7891,263004123,0x00000000,0,0,0,0x00000000,0x00000000,3,0,1,0,1
present,7892,263037481,0x00000000,0,0,0,0x00000000,0x00000000,3,0,1,0,1
present,7893,263066817,0x00000000,0,0,0,0x00000000,0x00000000,3,0,1,0,1
present,7894,263104053,0x00000000,0,0,0,0x00000000,0x00000000,3,0,1,0,1
present,7895,263137274,0x00000000,0,0,0,0x00000000,0x00000000,3,0,1,0,1
present,7896,263166917,0x00000000,0,0,0,0x00000000,0x00000000,3,0,1,0,1
present,7897,263202216,0x00000000,0,0,0,0x00000000,0x00000000,3,0,1,0,1
present,7898,263237587,0x00000000,0,0,0,0x00000000,0x00000000,3,0,1,0,1
present,7899,263270294,0x00000000,0,0,0,0x00000000,0x00000000,3,0,1,0,1
present,7900,263302348,0x00000000,0,0,0,0x00000000,0x00000000,3,0,1,0,1
present,7901,263336474,0x00000000,0,0,0,0x00000000,0x00000000,3,0,1,0,1
present,7902,263370094,0x00000000,0,0,0,0x00000000,0x00000000,3,0,1,0,1
present,7903,263403535,0x00000000,0,0,0,0x00000000,0x00000000,3,0,1,0,1
present,7904,263436987,0x00000000,0,0,0,0x00000000,0x00000000,3,0,1,0,1
present,7905,263470403,0x00000000,0,0,0,0x00000000,0x00000000,3,0,1,0,1
present,7906,263503827,0x00000000,0,0,0,0x00000000,0x00000000,3,0,1,0,1
present,7907,263537150,0x00000000,0,0,0,0x00000000,0x00000000,3,0,1,0,1
present,7908,263570440,0x00000000,0,0,0,0x00000000,0x00000000,3,0,1,0,1
present,7909,263600503,0x00000000,0,0,0,0x00000000,0x00000000,3,0,1,0,1
present,7910,263635596,0x00000000,0,0,0,0x00000000,0x00000000,3,0,1,0,1
present,7911,263669963,0x00000000,0,0,0,0x00000000,0x00000000,3,0,1,0,1
present,7912,263703365,0x00000000,0,0,0,0x00000000,0x00000000,3,0,1,0,1
present,7913,263736647,0x00000000,0,0,0,0x00000000,0x00000000,3,0,1,0,1
present,7914,263770066,0x00000000,0,0,0,0x00000000,0x00000000,3,0,1,0,1
present,7915,263803455,0x00000000,0,0,0,0x00000000,0x00000000,3,0,1,0,1
present,7916,263836782,0x00000000,0,0,0,0x00000000,0x00000000,3,0,1,0,1
present,7917,263870162,0x00000000,0,0,0,0x00000000,0x00000000,3,0,1,0,1
present,7918,263903127,0x00000000,0,0,0,0x00000000,0x00000000,3,0,1,0,1
present,7919,263937461,0x00000000,0,0,0,0x00000000,0x00000000,3,0,1,0,1
present,7920,263970704,0x00000000,0,0,0,0x00000000,0x00000000,3,0,1,0,1
present,7921,264003949,0x00000000,0,0,0,0x00000000,0x00000000,0,0,1,0,1
present,7922,264037175,0x00000000,0,0,0,0x00000000,0x00000000,0,0,1,0,1
present,7923,264070907,0x00000000,0,0,0,0x00000000,0x00000000,0,0,1,0,1
present,7924,264100881,0x00000000,0,0,0,0x00000000,0x00000000,0,0,1,0,1
present,7925,264137537,0x00000000,0,0,0,0x00000000,0x00000000,0,0,1,0,1
present,7926,264168173,0x00000000,0,0,0,0x00000000,0x00000000,0,0,1,0,1
present,7927,264203950,0x00000000,0,0,0,0x00000000,0x00000000,0,0,1,0,1
present,7928,264234507,0x00000000,0,0,0,0x00000000,0x00000000,0,0,1,0,1
present,7929,264271252,0x00000000,0,0,0,0x00000000,0x00000000,0,0,1,0,1
present,7930,264300755,0x00000000,0,0,0,0x00000000,0x00000000,0,0,1,0,1
present,7931,264334293,0x00000000,0,0,0,0x00000000,0x00000000,0,0,1,0,1
present,7932,264367519,0x00000000,0,0,0,0x00000000,0x00000000,0,0,1,0,1
present,7933,264402750,0x00000000,0,0,0,0x00000000,0x00000000,0,0,1,0,1
present,7934,264437791,0x00000000,0,0,0,0x00000000,0x00000000,0,0,1,0,1
present,7935,264470784,0x00000000,0,0,0,0x00000000,0x00000000,0,0,1,0,1
present,7936,264502069,0x00000000,0,0,0,0x00000000,0x00000000,0,0,1,0,1
present,7937,264537844,0x00000000,0,0,0,0x00000000,0x00000000,0,0,1,0,1
present,7938,264569941,0x00000000,0,0,0,0x00000000,0x00000000,0,0,1,0,1
present,7939,264600748,0x00000000,0,0,0,0x00000000,0x00000000,0,0,1,0,1
present,7940,264633952,0x00000000,0,0,0,0x00000000,0x00000000,0,0,1,0,1
present,7941,264667192,0x00000000,0,0,0,0x00000000,0x00000000,0,0,1,0,1
present,7942,264702589,0x00000000,0,0,0,0x00000000,0x00000000,0,0,1,0,1
present,7943,264736797,0x00000000,0,0,0,0x00000000,0x00000000,0,0,1,0,1
present,7944,264770057,0x00000000,0,0,0,0x00000000,0x00000000,0,0,1,0,1
present,7945,264801132,0x00000000,0,0,0,0x00000000,0x00000000,0,0,1,0,1
present,7946,264836110,0x00000000,0,0,0,0x00000000,0x00000000,0,0,1,0,1
present,7947,264867416,0x00000000,0,0,0,0x00000000,0x00000000,0,0,1,0,1
present,7948,264904649,0x00000000,0,0,0,0x00000000,0x00000000,0,0,1,0,1
present,7949,264936335,0x00000000,0,0,0,0x00000000,0x00000000,0,0,1,0,1
present,7950,264969271,0x00000000,0,0,0,0x00000000,0x00000000,0,0,1,0,1
present,7951,265004218,0x00000000,0,0,0,0x00000000,0x00000000,1,0,1,0,1
present,7952,265036008,0x00000000,0,0,0,0x00000000,0x00000000,1,0,1,0,1
present,7953,265070869,0x00000000,0,0,0,0x00000000,0x00000000,1,0,1,0,1
present,7954,265103827,0x00000000,0,0,0,0x00000000,0x00000000,1,0,1,0,1
present,7955,265137096,0x00000000,0,0,0,0x00000000,0x00000000,1,0,1,0,1
present,7956,265170523,0x00000000,0,0,0,0x00000000,0x00000000,1,0,1,0,1
present,7957,265200569,0x00000000,0,0,0,0x00000000,0x00000000,1,0,1,0,1
present,7958,265237309,0x00000000,0,0,0,0x00000000,0x00000000,1,0,1,0,1
present,7959,265267449,0x00000000,0,0,0,0x00000000,0x00000000,1,0,1,0,1
present,7960,265304371,0x00000000,0,0,0,0x00000000,0x00000000,1,0,1,0,1
present,7961,265335200,0x00000000,0,0,0,0x00000000,0x00000000,1,0,1,0,1
present,7962,265370950,0x00000000,0,0,0,0x00000000,0x00000000,1,0,1,0,1
present,7963,265400844,0x00000000,0,0,0,0x00000000,0x00000000,1,0,1,0,1
present,7964,265434445,0x00000000,0,0,0,0x00000000,0x00000000,1,0,1,0,1
present,7965,265469617,0x00000000,0,0,0,0x00000000,0x00000000,1,0,1,0,1
present,7966,265501628,0x00000000,0,0,0,0x00000000,0x00000000,1,0,1,0,1
present,7967,265535391,0x00000000,0,0,0,0x00000000,0x00000000,1,0,1,0,1
present,7968,265570762,0x00000000,0,0,0,0x00000000,0x00000000,1,0,1,0,1
present,7969,265600992,0x00000000,0,0,0,0x00000000,0x00000000,1,0,1,0,1
present,7970,265637907,0x00000000,0,0,0,0x00000000,0x00000000,1,0,1,0,1
present,7971,265666784,0x00000000,0,0,0,0x00000000,0x00000000,1,0,1,0,1
present,7972,265704019,0x00000000,0,0,0,0x00000000,0x00000000,1,0,1,0,1
present,7973,265737266,0x00000000,0,0,0,0x00000000,0x00000000,1,0,1,0,1
present,7974,265769845,0x00000000,0,0,0,0x00000000,0x00000000,1,0,1,0,1
present,7975,265804415,0x00000000,0,0,0,0x00000000,0x00000000,1,0,1,0,1
present,7976,265837289,0x00000000,0,0,0,0x00000000,0x00000000,1,0,1,0,1
present,7977,265868436,0x00000000,0,0,0,0x00000000,0x00000000,1,0,1,0,1
present,7978,265900767,0x00000000,0,0,0,0x00000000,0x00000000,1,0,1,0,1
present,7979,265936640,0x00000000,0,0,0,0x00000000,0x00000000,1,0,1,0,1
present,7980,265970802,0x00000000,0,0,0,0x00000000,0x00000000,1,0,1,0,1
present,7981,266000797,0x00000000,0,0,0,0x00000000,0x00000000,2,0,1,0,1
present,7982,266036767,0x00000000,0,0,0,0x00000000,0x00000000,2,0,1,0,1
present,7983,266068070,0x00000000,0,0,0,0x00000000,0x00000000,2,0,1,0,1
present,7984,266102539,0x00000000,0,0,0,0x00000000,0x00000000,2,0,1,0,1
present,7985,266136290,0x00000000,0,0,0,0x00000000,0x00000000,2,0,1,0,1
present,7986,266168744,0x00000000,0,0,0,0x00000000,0x00000000,2,0,1,0,1
present,7987,266202094,0x00000000,0,0,0,0x00000000,0x00000000,2,0,1,0,1
present,7988,266237452,0x00000000,0,0,0,0x00000000,0x00000000,2,0,1,0,1
present,7989,266269553,0x00000000,0,0,0,0x00000000,0x00000000,2,0,1,0,1
present,7990,266301328,0x00000000,0,0,0,0x00000000,0x00000000,2,0,1,0,1
present,7991,266337674,0x00000000,0,0,0,0x00000000,0x00000000,2,0,1,0,1
present,7992,266368833,0x00000000,0,0,0,0x00000000,0x00000000,2,0,1,0,1
present,7993,266402191,0x00000000,0,0,0,0x00000000,0x00000000,2,0,1,0,1
present,7994,266436068,0x00000000,0,0,0,0x00000000,0x00000000,2,0,1,0,1
present,7995,266468689,0x00000000,0,0,0,0x00000000,0x00000000,2,0,1,0,1
present,7996,266503844,0x00000000,0,0,0,0x00000000,0x00000000,2,0,1,0,1
present,7997,266534220,0x00000000,0,0,0,0x00000000,0x00000000,2,0,1,0,1
present,7998,266567627,0x00000000,0,0,0,0x00000000,0x00000000,2,0,1,0,1
present,7999,266602468,0x00000000,0,0,0,0x00000000,0x00000000,2,0,1,0,1
present,8000,266636209,0x00000000,0,0,0,0x00000000,0x00000000,2,0,1,0,1
present,8001,266667402,0x00000000,0,0,0,0x00000000,0x00000000,2,0,1,0,1
present,8002,266702092,0x00000000,0,0,0,0x00000000,0x00000000,2,0,1,0,1
present,8003,266737325,0x00000000,0,0,0,0x00000000,0x00000000,2,0,1,0,1
present,8004,266770582,0x00000000,0,0,0,0x00000000,0x00000000,2,0,1,0,1
present,8005,266803898,0x00000000,0,0,0,0x00000000,0x00000000,2,0,1,0,1
present,8006,266837596,0x00000000,0,0,0,0x00000000,0x00000000,2,0,1,0,1
present,8007,266868019,0x00000000,0,0,0,0x00000000,0x00000000,2,0,1,0,1
present,8008,266903930,0x00000000,0,0,0,0x00000000,0x00000000,2,0,1,0,1
present,8009,266936692,0x00000000,0,0,0,0x00000000,0x00000000,2,0,1,0,1
present,8010,266968441,0x00000000,0,0,0,0x00000000,0x00000000,2,0,1,0,1
present,8011,267002800,0x00000000,0,0,0,0x00000000,0x00000000,3,0,1,0,1
present,8012,267036066,0x00000000,0,0,0,0x00000000,0x00000000,3,0,1,0,1
present,8013,267069768,0x00000000,0,0,0,0x00000000,0x00000000,3,0,1,0,1
present,8014,267101692,0x00000000,0,0,0,0x00000000,0x00000000,3,0,1,0,1
present,8015,267136872,0x00000000,0,0,0,0x00000000,0x00000000,3,0,1,0,1
present,8016,267169318,0x00000000,0,0,0,0x00000000,0x00000000,3,0,1,0,1
present,8017,267204058,0x00000000,0,0,0,0x00000000,0x00000000,3,0,1,0,1
present,8018,267237546,0x00000000,0,0,0,0x00000000,0x00000000,3,0,1,0,1
present,8019,267270296,0x00000000,0,0,0,0x00000000,0x00000000,3,0,1,0,1
present,8020,267302622,0x00000000,0,0,0,0x00000000,0x00000000,3,0,1,0,1
present,8021,267334014,0x00000000,0,0,0,0x00000000,0x00000000,3,0,1,0,1
present,8022,267369576,0x00000000,0,0,0,0x00000000,0x00000000,3,0,1,0,1
present,8023,267403036,0x00000000,0,0,0,0x00000000,0x00000000,3,0,1,0,1
present,8024,267436619,0x00000000,0,0,0,0x00000000,0x00000000,3,0,1,0,1
present,8025,267470400,0x00000000,0,0,0,0x00000000,0x00000000,3,0,1,0,1
present,8026,267503852,0x00000000,0,0,0,0x00000000,0x00000000,3,0,1,0,1
present,8027,267536877,0x00000000,0,0,0,0x00000000,0x00000000,3,0,1,0,1
present,8028,267570854,0x00000000,0,0,0,0x00000000,0x00000000,3,0,1,0,1
present,8029,267601020,0x00000000,0,0,0,0x00000000,0x00000000,3,0,1,0,1
present,8030,267636714,0x00000000,0,0,0,0x00000000,0x00000000,3,0,1,0,1
present,8031,267670107,0x00000000,0,0,0,0x00000000,0x00000000,3,0,1,0,1
present,8032,267703310,0x00000000,0,0,0,0x00000000,0x00000000,3,0,1,0,1
present,8033,267736558,0x00000000,0,0,0,0x00000000,0x00000000,3,0,1,0,1
present,8034,267770773,0x00000000,0,0,0,0x00000000,0x00000000,3,0,1,0,1
present,8035,267804035,0x00000000,0,0,0,0x00000000,0x00000000,3,0,1,0,1
present,8036,267837748,0x00000000,0,0,0,0x00000000,0x00000000,3,0,1,0,1
present,8037,267868037,0x00000000,0,0,0,0x00000000,0x00000000,3,0,1,0,1
present,8038,267904121,0x00000000,0,0,0,0x00000000,0x00000000,3,0,1,0,1
present,8039,267936618,0x00000000,0,0,0,0x00000000,0x00000000,3,0,1,0,1
present,8040,267969052,0x00000000,0,0,0,0x00000000,0x00000000,3,0,1,0,1
present,8041,268002627,0x00000000,0,0,0,0x00000000,0x00000000,0,0,1,0,1
present,8042,268037849,0x00000000,0,0,0,0x00000000,0x00000000,0,0,1,0,1
present,8043,268070804,0x00000000,0,0,0,0x00000000,0x00000000,0,0,1,0,1
present,8044,268102976,0x00000000,0,0,0,0x00000000,0x00000000,0,0,1,0,1
present,8045,268137847,0x00000000,0,0,0,0x00000000,0x00000000,0,0,1,0,1
present,8046,268170005,0x00000000,0,0,0,0x00000000,0x00000000,0,0,1,0,1
present,8047,268202195,0x00000000,0,0,0,0x00000000,0x00000000,0,0,1,0,1
present,8048,268237284,0x00000000,0,0,0,0x00000000,0x00000000,0,0,1,0,1
present,8049,268271147,0x00000000,0,0,0,0x00000000,0x00000000,0,0,1,0,1
present,8050,268301863,0x00000000,0,0,0,0x00000000,0x00000000,0,0,1,0,1
present,8051,268337732,0x00000000,0,0,0,0x00000000,0x00000000,0,0,1,0,1
present,8052,268370592,0x00000000,0,0,0,0x00000000,0x00000000,0,0,1,0,1
present,8053,268402925,0x00000000,0,0,0,0x00000000,0x00000000,0,0,1,0,1
present,8054,268437999,0x00000000,0,0,0,0x00000000,0x00000000,0,0,1,0,1
present,8055,268469571,0x00000000,0,0,0,0x00000000,0x00000000,0,0,1,0,1
present,8056,268504597,0x00000000,0,0,0,0x00000000,0x00000000,0,0,1,0,1
present,8057,268534404,0x00000000,0,0,0,0x00000000,0x00000000,0,0,1,0,1
present,8058,268570496,0x00000000,0,0,0,0x00000000,0x00000000,0,0,1,0,1
present,8059,268600950,0x00000000,0,0,0,0x00000000,0x00000000,0,0,1,0,1
present,8060,268635621,0x00000000,0,0,0,0x00000000,0x00000000,0,0,1,0,1
present,8061,268669117,0x00000000,0,0,0,0x00000000,0x00000000,0,0,1,0,1
present,8062,268703437,0x00000000,0,0,0,0x00000000,0x00000000,0,0,1,0,1
present,8063,268736665,0x00000000,0,0,0,0x00000000,0x00000000,0,0,1,0,1
present,8064,268766789,0x00000000,0,0,0,0x00000000,0x00000000,0,0,1,0,1
present,8065,268802721,0x00000000,0,0,0,0x00000000,0x00000000,0,0,1,0,1
present,8066,268837449,0x00000000,0,0,0,0x00000000,0x00000000,0,0,1,0,1
present,8067,268868776,0x00000000,0,0,0,0x00000000,0x00000000,0,0,1,0,1
present,8068,268901120,0x00000000,0,0,0,0x00000000,0x00000000,0,0,1,0,1
present,8069,268935935,0x00000000,0,0,0,0x00000000,0x00000000,0,0,1,0,1
present,8070,268970766,0x00000000,0,0,0,0x00000000,0x00000000,0,0,1,0,1
present,8071,269004690,0x00000000,0,0,0,0x00000000,0x00000000,1,0,1,0,1
present,8072,269036133,0x00000000,0,0,0,0x00000000,0x00000000,1,0,1,0,1
present,8073,269068406,0x00000000,0,0,0,0x00000000,0x00000000,1,0,1,0,1
present,8074,269103053,0x00000000,0,0,0,0x00000000,0x00000000,1,0,1,0,1
present,8075,269137912,0x00000000,0,0,0,0x00000000,0x00000000,1,0,1,0,1
present,8076,269170541,0x00000000,0,0,0,0x00000000,0x00000000,1,0,1,0,1
present,8077,269202952,0x00000000,0,0,0,0x00000000,0x00000000,1,0,1,0,1
present,8078,269237211,0x00000000,0,0,0,0x00000000,0x00000000,1,0,1,0,1
present,8079,269270992,0x00000000,0,0,0,0x00000000,0x00000000,1,0,1,0,1
present,8080,269301881,0x00000000,0,0,0,0x00000000,0x00000000,1,0,1,0,1
present,8081,269337741,0x00000000,0,0,0,0x00000000,0x00000000,1,0,1,0,1
present,8082,269367443,0x00000000,0,0,0,0x00000000,0x00000000,1,0,1,0,1
present,8083,269403190,0x00000000,0,0,0,0x00000000,0x00000000,1,0,1,0,1
present,8084,269435885,0x00000000,0,0,0,0x00000000,0x00000000,1,0,1,0,1
present,8085,269469577,0x00000000,0,0,0,0x00000000,0x00000000,1,0,1,0,1
present,8086,269504958,0x00000000,0,0,0,0x00000000,0x00000000,1,0,1,0,1
present,8087,269534006,0x00000000,0,0,0,0x00000000,0x00000000,1,0,1,0,1
present,8088,269568645,0x00000000,0,0,0,0x00000000,0x00000000,1,0,1,0,1
present,8089,269600772,0x00000000,0,0,0,0x00000000,0x00000000,1,0,1,0,1
present,8090,269637384,0x00000000,0,0,0,0x00000000,0x00000000,1,0,1,0,1
present,8091,269668210,0x00000000,0,0,0,0x00000000,0x00000000,1,0,1,0,1
present,8092,269703541,0x00000000,0,0,0,0x00000000,0x00000000,1,0,1,0,1
present,8093,269736852,0x00000000,0,0,0,0x00000000,0x00000000,1,0,1,0,1
present,8094,269770202,0x00000000,0,0,0,0x00000000,0x00000000,1,0,1,0,1
present,8095,269803552,0x00000000,0,0,0,0x00000000,0x00000000,1,0,1,0,1
present,8096,269833621,0x00000000,0,0,0,0x00000000,0x00000000,1,0,1,0,1
present,8097,269869874,0x00000000,0,0,0,0x00000000,0x00000000,1,0,1,0,1
present,8098,269904093,0x00000000,0,0,0,0x00000000,0x00000000,1,0,1,0,1
present,8099,269937415,0x00000000,0,0,0,0x00000000,0x00000000,1,0,1,0,1
present,8100,269970788,0x00000000,0,0,0,0x00000000,0x00000000,1,0,1,0,1
present,8101,270004116,0x00000000,0,0,0,0x00000000,0x00000000,2,0,1,0,1
present,8102,270036929,0x00000000,0,0,0,0x00000000,0x00000000,2,0,1,0,1
present,8103,270070390,0x00000000,0,0,0,0x00000000,0x00000000,2,0,1,0,1
present,8104,270103704,0x00000000,0,0,0,0x00000000,0x00000000,2,0,1,0,1
present,8105,270137014,0x00000000,0,0,0,0x00000000,0x00000000,2,0,1,0,1
present,8106,270170306,0x00000000,0,0,0,0x00000000,0x00000000,2,0,1,0,1
present,8107,270203613,0x00000000,0,0,0,0x00000000,0x00000000,2,0,1,0,1
present,8108,270236873,0x00000000,0,0,0,0x00000000,0x00000000,2,0,1,0,1
present,8109,270270227,0x00000000,0,0,0,0x00000000,0x00000000,2,0,1,0,1
present,8110,270302912,0x00000000,0,0,0,0x00000000,0x00000000,2,0,1,0,1
present,8111,270337171,0x00000000,0,0,0,0x00000000,0x00000000,2,0,1,0,1
present,8112,270370729,0x00000000,0,0,0,0x00000000,0x00000000,2,0,1,0,1
present,8113,270402515,0x00000000,0,0,0,0x00000000,0x00000000,2,0,1,0,1
present,8114,270434275,0x00000000,0,0,0,0x00000000,0x00000000,2,0,1,0,1
present,8115,270469453,0x00000000,0,0,0,0x00000000,0x00000000,2,0,1,0,1
present,8116,270504452,0x00000000,0,0,0,0x00000000,0x00000000,2,0,1,0,1
present,8117,270537231,0x00000000,0,0,0,0x00000000,0x00000000,2,0,1,0,1
present,8118,270567803,0x00000000,0,0,0,0x00000000,0x00000000,2,0,1,0,1
present,8119,270603785,0x00000000,0,0,0,0x00000000,0x00000000,2,0,1,0,1
present,8120,270633565,0x00000000,0,0,0,0x00000000,0x00000000,2,0,1,0,1
present,8121,270670849,0x00000000,0,0,0,0x00000000,0x00000000,2,0,1,0,1
present,8122,270704116,0x00000000,0,0,0,0x00000000,0x00000000,2,0,1,0,1
present,8123,270737383,0x00000000,0,0,0,0x00000000,0x00000000,2,0,1,0,1
present,8124,270770629,0x00000000,0,0,0,0x00000000,0x00000000,2,0,1,0,1
present,8125,270804228,0x00000000,0,0,0,0x00000000,0x00000000,2,0,1,0,1
present,8126,270833899,0x00000000,0,0,0,0x00000000,0x00000000,2,0,1,0,1
present,8127,270868849,0x00000000,0,0,0,0x00000000,0x00000000,2,0,1,0,1
present,8128,270902834,0x00000000,0,0,0,0x00000000,0x00000000,2,0,1,0,1
present,8129,270936007,0x00000000,0,0,0,0x00000000,0x00000000,2,0,1,0,1
present,8130,270967242,0x00000000,0,0,0,0x00000000,0x00000000,2,0,1,0,1
present,8131,271000894,0x00000000,0,0,0,0x00000000,0x00000000,3,0,1,0,1
present,8132,271035224,0x00000000,0,0,0,0x00000000,0x00000000,3,0,1,0,1
present,8133,271067408,0x00000000,0,0,0,0x00000000,0x00000000,3,0,1,0,1
present,8134,271103859,0x00000000,0,0,0,0x00000000,0x00000000,3,0,1,0,1
present,8135,271137172,0x00000000,0,0,0,0x00000000,0x00000000,3,0,1,0,1
present,8136,271170388,0x00000000,0,0,0,0x00000000,0x00000000,3,0,1,0,1
present,8137,271203625,0x00000000,0,0,0,0x00000000,0x00000000,3,0,1,0,1
present,8138,271236904,0x00000000,0,0,0,0x00000000,0x00000000,3,0,1,0,1
present,8139,271270213,0x00000000,0,0,0,0x00000000,0x00000000,3,0,1,0,1
present,8140,271303438,0x00000000,0,0,0,0x00000000,0x00000000,3,0,1,0,1
present,8141,271336663,0x00000000,0,0,0,0x00000000,0x00000000,3,0,1,0,1
present,8142,271369888,0x00000000,0,0,0,0x00000000,0x00000000,3,0,1,0,1
present,8143,271404057,0x00000000,0,0,0,0x00000000,0x00000000,3,0,1,0,1
present,8144,271437257,0x00000000,0,0,0,0x00000000,0x00000000,3,0,1,0,1
present,8145,271470441,0x00000000,0,0,0,0x00000000,0x00000000,3,0,1,0,1
present,8146,271503686,0x00000000,0,0,0,0x00000000,0x00000000,3,0,1,0,1
present,8147,271537361,0x00000000,0,0,0,0x00000000,0x00000000,3,0,1,0,1
present,8148,271568221,0x00000000,0,0,0,0x00000000,0x00000000,3,0,1,0,1
present,8149,271603715,0x00000000,0,0,0,0x00000000,0x00000000,3,0,1,0,1
present,8150,271637067,0x00000000,0,0,0,0x00000000,0x00000000,3,0,1,0,1
present,8151,271670413,0x00000000,0,0,0,0x00000000,0x00000000,3,0,1,0,1
present,8152,271703594,0x00000000,0,0,0,0x00000000,0x00000000,3,0,1,0,1
present,8153,271734219,0x00000000,0,0,0,0x00000000,0x00000000,3,0,1,0,1
present,8154,271766779,0x00000000,0,0,0,0x00000000,0x00000000,3,0,1,0,1
present,8155,271803418,0x00000000,0,0,0,0x00000000,0x00000000,3,0,1,0,1
present,8156,271837290,0x00000000,0,0,0,0x00000000,0x00000000,3,0,1,0,1
present,8157,271867474,0x00000000,0,0,0,0x00000000,0x00000000,3,0,1,0,1
present,8158,271900968,0x00000000,0,0,0,0x00000000,0x00000000,3,0,1,0,1
present,8159,271937584,0x00000000,0,0,0,0x00000000,0x00000000,3,0,1,0,1
present,8160,271969898,0x00000000,0,0,0,0x00000000,0x00000000,3,0,1,0,1
present,8161,272001057,0x00000000,0,0,0,0x00000000,0x00000000,0,0,1,0,1
present,8162,272035094,0x00000000,0,0,0,0x00000000,0x00000000,0,0,1,0,1
present,8163,272069176,0x00000000,0,0,0,0x00000000,0x00000000,0,0,1,0,1
present,8164,272103273,0x00000000,0,0,0,0x00000000,0x00000000,0,0,1,0,1
present,8165,272135236,0x00000000,0,0,0,0x00000000,0x00000000,0,0,1,0,1
present,8166,272171189,0x00000000,0,0,0,0x00000000,0x00000000,0,0,1,0,1
present,8167,272202932,0x00000000,0,0,0,0x00000000,0x00000000,0,0,1,0,1
present,8168,272237812,0x00000000,0,0,0,0x00000000,0x00000000,0,0,1,0,1
present,8169,272268199,0x00000000,0,0,0,0x00000000,0x00000000,0,0,1,0,1
present,8170,272304183,0x00000000,0,0,0,0x00000000,0x00000000,0,0,1,0,1
present,8171,272334143,0x00000000,0,0,0,0x00000000,0x00000000,0,0,1,0,1
present,8172,272369036,0x00000000,0,0,0,0x00000000,0x00000000,0,0,1,0,1
present,8173,272404225,0x00000000,0,0,0,0x00000000,0x00000000,0,0,1,0,1
present,8174,272436517,0x00000000,0,0,0,0x00000000,0x00000000,0,0,1,0,1
present,8175,272468531,0x00000000,0,0,0,0x00000000,0x00000000,0,0,1,0,1
present,8176,272502837,0x00000000,0,0,0,0x00000000,0x00000000,0,0,1,0,1
present,8177,272537080,0x00000000,0,0,0,0x00000000,0x00000000,0,0,1,0,1
present,8178,272571252,0x00000000,0,0,0,0x00000000,0x00000000,0,0,1,0,1
present,8179,272600832,0x00000000,0,0,0,0x00000000,0x00000000,0,0,1,0,1
present,8180,272637125,0x00000000,0,0,0,0x00000000,0x00000000,0,0,1,0,1
present,8181,272666820,0x00000000,0,0,0,0x00000000,0x00000000,0,0,1,0,1
present,8182,272704079,0x00000000,0,0,0,0x00000000,0x00000000,0,0,1,0,1
present,8183,272737305,0x00000000,0,0,0,0x00000000,0x00000000,0,0,1,0,1
present,8184,272770563,0x00000000,0,0,0,0x00000000,0x00000000,0,0,1,0,1
present,8185,272804100,0x00000000,0,0,0,0x00000000,0x00000000,0,0,1,0,1
present,8186,272835930,0x00000000,0,0,0,0x00000000,0x00000000,0,0,1,0,1
present,8187,272868546,0x00000000,0,0,0,0x00000000,0x00000000,0,0,1,0,1
present,8188,272904572,0x00000000,0,0,0,0x00000000,0x00000000,0,0,1,0,1
present,8189,272933973,0x00000000,0,0,0,0x00000000,0x00000000,0,0,1,0,1
present,8190,272969446,0x00000000,0,0,0,0x00000000,0x00000000,0,0,1,0,1
present,8191,273004440,0x00000000,0,0,0,0x00000000,0x00000000,1,0,1,0,1
present,8192,273036172,0x00000000,0,0,0,0x00000000,0x00000000,1,0,1,0,1
present,8193,273069340,0x00000000,0,0,0,0x00000000,0x00000000,1,0,1,0,1
present,8194,273104521,0x00000000,0,0,0,0x00000000,0x00000000,1,0,1,0,1
present,8195,273134945,0x00000000,0,0,0,0x00000000,0x00000000,1,0,1,0,1
present,8196,273170981,0x00000000,0,0,0,0x00000000,0x00000000,1,0,1,0,1
present,8197,273201060,0x00000000,0,0,0,0x00000000,0x00000000,1,0,1,0,1
present,8198,273235004,0x00000000,0,0,0,0x00000000,0x00000000,1,0,1,0,1
present,8199,273271000,0x00000000,0,0,0,0x00000000,0x00000000,1,0,1,0,1
present,8200,273303916,0x00000000,0,0,0,0x00000000,0x00000000,1,0,1,0,1
present,8201,273337845,0x00000000,0,0,0,0x00000000,0x00000000,1,0,1,0,1
present,8202,273367558,0x00000000,0,0,0,0x00000000,0x00000000,1,0,1,0,1
present,8203,273403778,0x00000000,0,0,0,0x00000000,0x00000000,1,0,1,0,1
present,8204,273437648,0x00000000,0,0,0,0x00000000,0x00000000,1,0,1,0,1
present,8205,273469971,0x00000000,0,0,0,0x00000000,0x00000000,1,0,1,0,1
present,8206,273502077,0x00000000,0,0,0,0x00000000,0x00000000,1,0,1,0,1
present,8207,273534201,0x00000000,0,0,0,0x00000000,0x00000000,1,0,1,0,1
present,8208,273569062,0x00000000,0,0,0,0x00000000,0x00000000,1,0,1,0,1
present,8209,273602693,0x00000000,0,0,0,0x00000000,0x00000000,1,0,1,0,1
present,8210,273637705,0x00000000,0,0,0,0x00000000,0x00000000,1,0,1,0,1
present,8211,273667435,0x00000000,0,0,0,0x00000000,0x00000000,1,0,1,0,1
present,8212,273703701,0x00000000,0,0,0,0x00000000,0x00000000,1,0,1,0,1
present,8213,273736912,0x00000000,0,0,0,0x00000000,0x00000000,1,0,1,0,1
present,8214,273770136,0x00000000,0,0,0,0x00000000,0x00000000,1,0,1,0,1
present,8215,273803679,0x00000000,0,0,0,0x00000000,0x00000000,1,0,1,0,1
present,8216,273836589,0x00000000,0,0,0,0x00000000,0x00000000,1,0,1,0,1
present,8217,273869334,0x00000000,0,0,0,0x00000000,0x00000000,1,0,1,0,1
present,8218,273904468,0x00000000,0,0,0,0x00000000,0x00000000,1,0,1,0,1
present,8219,273934276,0x00000000,0,0,0,0x00000000,0x00000000,1,0,1,0,1
present,8220,273968918,0x00000000,0,0,0,0x00000000,0x00000000,1,0,1,0,1
present,8221,274003815,0x00000000,0,0,0,0x00000000,0x00000000,2,0,1,0,1
present,8222,274037785,0x00000000,0,0,0,0x00000000,0x00000000,2,0,1,0,1
present,8223,274068161,0x00000000,0,0,0,0x00000000,0x00000000,2,0,1,0,1
present,8224,274101486,0x00000000,0,0,0,0x00000000,0x00000000,2,0,1,0,1
present,8225,274136768,0x00000000,0,0,0,0x00000000,0x00000000,2,0,1,0,1
present,8226,274169961,0x00000000,0,0,0,0x00000000,0x00000000,2,0,1,0,1
present,8227,274203244,0x00000000,0,0,0,0x00000000,0x00000000,2,0,1,0,1
present,8228,274236809,0x00000000,0,0,0,0x00000000,0x00000000,2,0,1,0,1
present,8229,274270567,0x00000000,0,0,0,0x00000000,0x00000000,2,0,1,0,1
present,8230,274304476,0x00000000,0,0,0,0x00000000,0x00000000,2,0,1,0,1
present,8231,274337379,0x00000000,0,0,0,0x00000000,0x00000000,2,0,1,0,1
present,8232,274369251,0x00000000,0,0,0,0x00000000,0x00000000,2,0,1,0,1
present,8233,274401069,0x00000000,0,0,0,0x00000000,0x00000000,2,0,1,0,1
present,8234,274436815,0x00000000,0,0,0,0x00000000,0x00000000,2,0,1,0,1
present,8235,274468705,0x00000000,0,0,0,0x00000000,0x00000000,2,0,1,0,1
present,8236,274503797,0x00000000,0,0,0,0x00000000,0x00000000,2,0,1,0,1
present,8237,274536045,0x00000000,0,0,0,0x00000000,0x00000000,2,0,1,0,1
present,8238,274569111,0x00000000,0,0,0,0x00000000,0x00000000,2,0,1,0,1
present,8239,274602831,0x00000000,0,0,0,0x00000000,0x00000000,2,0,1,0,1
present,8240,274633976,0x00000000,0,0,0,0x00000000,0x00000000,2,0,1,0,1
present,8241,274669818,0x00000000,0,0,0,0x00000000,0x00000000,2,0,1,0,1
present,8242,274704147,0x00000000,0,0,0,0x00000000,0x00000000,2,0,1,0,1
present,8243,274737390,0x00000000,0,0,0,0x00000000,0x00000000,2,0,1,0,1
present,8244,274770655,0x00000000,0,0,0,0x00000000,0x00000000,2,0,1,0,1
present,8245,274803948,0x00000000,0,0,0,0x00000000,0x00000000,2,0,1,0,1
present,8246,274837686,0x00000000,0,0,0,0x00000000,0x00000000,2,0,1,0,1
present,8247,274868725,0x00000000,0,0,0,0x00000000,0x00000000,2,0,1,0,1
present,8248,274900608,0x00000000,0,0,0,0x00000000,0x00000000,2,0,1,0,1
present,8249,274936538,0x00000000,0,0,0,0x00000000,0x00000000,2,0,1,0,1
present,8250,274968535,0x00000000,0,0,0,0x00000000,0x00000000,2,0,1,0,1
present,8251,275004061,0x00000000,0,0,0,0x00000000,0x00000000,3,0,1,0,1
present,8252,275037405,0x00000000,0,0,0,0x00000000,0x00000000,3,0,1,0,1
present,8253,275071114,0x00000000,0,0,0,0x00000000,0x00000000,3,0,1,0,1
present,8254,275103891,0x00000000,0,0,0,0x00000000,0x00000000,3,0,1,0,1
present,8255,275137029,0x00000000,0,0,0,0x00000000,0x00000000,3,0,1,0,1
present,8256,275170911,0x00000000,0,0,0,0x00000000,0x00000000,3,0,1,0,1
present,8257,275201223,0x00000000,0,0,0,0x00000000,0x00000000,3,0,1,0,1
present,8258,275236617,0x00000000,0,0,0,0x00000000,0x00000000,3,0,1,0,1
present,8259,275270354,0x00000000,0,0,0,0x00000000,0x00000000,3,0,1,0,1
present,8260,275304294,0x00000000,0,0,0,0x00000000,0x00000000,3,0,1,0,1
present,8261,275336476,0x00000000,0,0,0,0x00000000,0x00000000,3,0,1,0,1
present,8262,275370159,0x00000000,0,0,0,0x00000000,0x00000000,3,0,1,0,1
present,8263,275402348,0x00000000,0,0,0,0x00000000,0x00000000,3,0,1,0,1
present,8264,275436772,0x00000000,0,0,0,0x00000000,0x00000000,3,0,1,0,1
present,8265,275470528,0x00000000,0,0,0,0x00000000,0x00000000,3,0,1,0,1
present,8266,275504335,0x00000000,0,0,0,0x00000000,0x00000000,3,0,1,0,1
present,8267,275537086,0x00000000,0,0,0,0x00000000,0x00000000,3,0,1,0,1
present,8268,275570972,0x00000000,0,0,0,0x00000000,0x00000000,3,0,1,0,1
present,8269,275603837,0x00000000,0,0,0,0x00000000,0x00000000,3,0,1,0,1
present,8270,275634528,0x00000000,0,0,0,0x00000000,0x00000000,3,0,1,0,1
present,8271,275666880,0x00000000,0,0,0,0x00000000,0x00000000,3,0,1,0,1
present,8272,275704116,0x00000000,0,0,0,0x00000000,0x00000000,3,0,1,0,1
present,8273,275737361,0x00000000,0,0,0,0x00000000,0x00000000,3,0,1,0,1
present,8274,275767112,0x00000000,0,0,0,0x00000000,0x00000000,3,0,1,0,1
present,8275,275803700,0x00000000,0,0,0,0x00000000,0x00000000,3,0,1,0,1
present,8276,275835571,0x00000000,0,0,0,0x00000000,0x00000000,3,0,1,0,1
present,8277,275870389,0x00000000,0,0,0,0x00000000,0x00000000,3,0,1,0,1
present,8278,275901125,0x00000000,0,0,0,0x00000000,0x00000000,3,0,1,0,1
present,8279,275934038,0x00000000,0,0,0,0x00000000,0x00000000,3,0,1,0,1
present,8280,275968797,0x00000000,0,0,0,0x00000000,0x00000000,3,0,1,0,1
present,8281,276004083,0x00000000,0,0,0,0x00000000,0x00000000,0,0,1,0,1
present,8282,276034034,0x00000000,0,0,0,0x00000000,0x00000000,0,0,1,0,1
present,8283,276071003,0x00000000,0,0,0,0x00000000,0x00000000,0,0,1,0,1
present,8284,276101927,0x00000000,0,0,0,0x00000000,0x00000000,0,0,1,0,1
present,8285,276137830,0x00000000,0,0,0,0x00000000,0x00000000,0,0,1,0,1
present,8286,276169854,0x00000000,0,0,0,0x00000000,0x00000000,0,0,1,0,1
present,8287,276203870,0x00000000,0,0,0,0x00000000,0x00000000,0,0,1,0,1
present,8288,276237686,0x00000000,0,0,0,0x00000000,0x00000000,0,0,1,0,1
present,8289,276270456,0x00000000,0,0,0,0x00000000,0x00000000,0,0,1,0,1
present,8290,276304256,0x00000000,0,0,0,0x00000000,0x00000000,0,0,1,0,1
present,8291,276335312,0x00000000,0,0,0,0x00000000,0x00000000,0,0,1,0,1
present,8292,276371222,0x00000000,0,0,0,0x00000000,0x00000000,0,0,1,0,1
present,8293,276401824,0x00000000,0,0,0,0x00000000,0x00000000,0,0,1,0,1
present,8294,276437885,0x00000000,0,0,0,0x00000000,0x00000000,0,0,1,0,1
present,8295,276470851,0x00000000,0,0,0,0x00000000,0x00000000,0,0,1,0,1
present,8296,276503736,0x00000000,0,0,0,0x00000000,0x00000000,0,0,1,0,1
present,8297,276534873,0x00000000,0,0,0,0x00000000,0x00000000,0,0,1,0,1
present,8298,276570859,0x00000000,0,0,0,0x00000000,0x00000000,0,0,1,0,1
present,8299,276601407,0x00000000,0,0,0,0x00000000,0x00000000,0,0,1,0,1
present,8300,276637144,0x00000000,0,0,0,0x00000000,0x00000000,0,0,1,0,1
present,8301,276670597,0x00000000,0,0,0,0x00000000,0x00000000,0,0,1,0,1
present,8302,276703931,0x00000000,0,0,0,0x00000000,0x00000000,0,0,1,0,1
present,8303,276737142,0x00000000,0,0,0,0x00000000,0x00000000,0,0,1,0,1
present,8304,276770378,0x00000000,0,0,0,0x00000000,0x00000000,0,0,1,0,1
present,8305,276803606,0x00000000,0,0,0,0x00000000,0x00000000,0,0,1,0,1
present,8306,276837339,0x00000000,0,0,0,0x00000000,0x00000000,0,0,1,0,1
present,8307,276869286,0x00000000,0,0,0,0x00000000,0x00000000,0,0,1,0,1
present,8308,276900838,0x00000000,0,0,0,0x00000000,0x00000000,0,0,1,0,1
present,8309,276935897,0x00000000,0,0,0,0x00000000,0x00000000,0,0,1,0,1
present,8310,276969210,0x00000000,0,0,0,0x00000000,0x00000000,0,0,1,0,1
present,8311,277004004,0x00000000,0,0,0,0x00000000,0x00000000,1,0,1,0,1
present,8312,277034183,0x00000000,0,0,0,0x00000000,0x00000000,1,0,1,0,1
present,8313,277071247,0x00000000,0,0,0,0x00000000,0x00000000,1,0,1,0,1
present,8314,277102025,0x00000000,0,0,0,0x00000000,0x00000000,1,0,1,0,1
present,8315,277136221,0x00000000,0,0,0,0x00000000,0x00000000,1,0,1,0,1
present,8316,277168858,0x00000000,0,0,0,0x00000000,0x00000000,1,0,1,0,1
present,8317,277200744,0x00000000,0,0,0,0x00000000,0x00000000,1,0,1,0,1
present,8318,277237467,0x00000000,0,0,0,0x00000000,0x00000000,1,0,1,0,1
present,8319,277270881,0x00000000,0,0,0,0x00000000,0x00000000,1,0,1,0,1
present,8320,277302338,0x00000000,0,0,0,0x00000000,0x00000000,1,0,1,0,1
present,8321,277337391,0x00000000,0,0,0,0x00000000,0x00000000,1,0,1,0,1
present,8322,277369500,0x00000000,0,0,0,0x00000000,0x00000000,1,0,1,0,1
present,8323,277404537,0x00000000,0,0,0,0x00000000,0x00000000,1,0,1,0,1
present,8324,277437376,0x00000000,0,0,0,0x00000000,0x00000000,1,0,1,0,1
present,8325,277470483,0x00000000,0,0,0,0x00000000,0x00000000,1,0,1,0,1
present,8326,277504462,0x00000000,0,0,0,0x00000000,0x00000000,1,0,1,0,1
present,8327,277535469,0x00000000,0,0,0,0x00000000,0x00000000,1,0,1,0,1
present,8328,277570405,0x00000000,0,0,0,0x00000000,0x00000000,1,0,1,0,1
present,8329,277600729,0x00000000,0,0,0,0x00000000,0x00000000,1,0,1,0,1
present,8330,277633944,0x00000000,0,0,0,0x00000000,0x00000000,1,0,1,0,1
present,8331,277666824,0x00000000,0,0,0,0x00000000,0x00000000,1,0,1,0,1
present,8332,277704136,0x00000000,0,0,0,0x00000000,0x00000000,1,0,1,0,1
present,8333,277737331,0x00000000,0,0,0,0x00000000,0x00000000,1,0,1,0,1
present,8334,277770550,0x00000000,0,0,0,0x00000000,0x00000000,1,0,1,0,1
present,8335,277804048,0x00000000,0,0,0,0x00000000,0x00000000,1,0,1,0,1
present,8336,277834918,0x00000000,0,0,0,0x00000000,0x00000000,1,0,1,0,1
present,8337,277869811,0x00000000,0,0,0,0x00000000,0x00000000,1,0,1,0,1
present,8338,277901200,0x00000000,0,0,0,0x00000000,0x00000000,1,0,1,0,1
present,8339,277936309,0x00000000,0,0,0,0x00000000,0x00000000,1,0,1,0,1
present,8340,277971429,0x00000000,0,0,0,0x00000000,0x00000000,1,0,1,0,1
present,8341,278004311,0x00000000,0,0,0,0x00000000,0x00000000,2,0,1,0,1
present,8342,278034178,0x00000000,0,0,0,0x00000000,0x00000000,2,0,1,0,1
present,8343,278067389,0x00000000,0,0,0,0x00000000,0x00000000,2,0,1,0,1
present,8344,278100893,0x00000000,0,0,0,0x00000000,0x00000000,2,0,1,0,1
present,8345,278137993,0x00000000,0,0,0,0x00000000,0x00000000,2,0,1,0,1
present,8346,278171000,0x00000000,0,0,0,0x00000000,0x00000000,2,0,1,0,1
present,8347,278201696,0x00000000,0,0,0,0x00000000,0x00000000,2,0,1,0,1
present,8348,278237138,0x00000000,0,0,0,0x00000000,0x00000000,2,0,1,0,1
present,8349,278270897,0x00000000,0,0,0,0x00000000,0x00000000,2,0,1,0,1
present,8350,278303783,0x00000000,0,0,0,0x00000000,0x00000000,2,0,1,0,1
present,8351,278337860,0x00000000,0,0,0,0x00000000,0x00000000,2,0,1,0,1
present,8352,278370717,0x00000000,0,0,0,0x00000000,0x00000000,2,0,1,0,1
present,8353,278402740,0x00000000,0,0,0,0x00000000,0x00000000,2,0,1,0,1
present,8354,278437735,0x00000000,0,0,0,0x00000000,0x00000000,2,0,1,0,1
present,8355,278470741,0x00000000,0,0,0,0x00000000,0x00000000,2,0,1,0,1
present,8356,278500600,0x00000000,0,0,0,0x00000000,0x00000000,2,0,1,0,1
present,8357,278534313,0x00000000,0,0,0,0x00000000,0x00000000,2,0,1,0,1
present,8358,278568773,0x00000000,0,0,0,0x00000000,0x00000000,2,0,1,0,1
present,8359,278603847,0x00000000,0,0,0,0x00000000,0x00000000,2,0,1,0,1
present,8360,278637716,0x00000000,0,0,0,0x00000000,0x00000000,2,0,1,0,1
present,8361,278667470,0x00000000,0,0,0,0x00000000,0x00000000,2,0,1,0,1
present,8362,278701007,0x00000000,0,0,0,0x00000000,0x00000000,2,0,1,0,1
present,8363,278737238,0x00000000,0,0,0,0x00000000,0x00000000,2,0,1,0,1
present,8364,278770534,0x00000000,0,0,0,0x00000000,0x00000000,2,0,1,0,1
present,8365,278803760,0x00000000,0,0,0,0x00000000,0x00000000,2,0,1,0,1
present,8366,278834195,0x00000000,0,0,0,0x00000000,0x00000000,2,0,1,0,1
present,8367,278871072,0x00000000,0,0,0,0x00000000,0x00000000,2,0,1,0,1
present,8368,278901019,0x00000000,0,0,0,0x00000000,0x00000000,2,0,1,0,1
present,8369,278937047,0x00000000,0,0,0,0x00000000,0x00000000,2,0,1,0,1
present,8370,278970962,0x00000000,0,0,0,0x00000000,0x00000000,2,0,1,0,1
present,8371,279000818,0x00000000,0,0,0,0x00000000,0x00000000,3,0,1,0,1
present,8372,279037625,0x00000000,0,0,0,0x00000000,0x00000000,3,0,1,0,1
present,8373,279070329,0x00000000,0,0,0,0x00000000,0x00000000,3,0,1,0,1
present,8374,279102023,0x00000000,0,0,0,0x00000000,0x00000000,3,0,1,0,1
present,8375,279137142,0x00000000,0,0,0,0x00000000,0x00000000,3,0,1,0,1
present,8376,279168157,0x00000000,0,0,0,0x00000000,0x00000000,3,0,1,0,1
present,8377,279200737,0x00000000,0,0,0,0x00000000,0x00000000,3,0,1,0,1
present,8378,279233565,0x00000000,0,0,0,0x00000000,0x00000000,3,0,1,0,1
present,8379,279270366,0x00000000,0,0,0,0x00000000,0x00000000,3,0,1,0,1
present,8380,279304155,0x00000000,0,0,0,0x00000000,0x00000000,3,0,1,0,1
present,8381,279336617,0x00000000,0,0,0,0x00000000,0x00000000,3,0,1,0,1
present,8382,279368428,0x00000000,0,0,0,0x00000000,0x00000000,3,0,1,0,1
present,8383,279404519,0x00000000,0,0,0,0x00000000,0x00000000,3,0,1,0,1
present,8384,279433800,0x00000000,0,0,0,0x00000000,0x00000000,3,0,1,0,1
present,8385,279470538,0x00000000,0,0,0,0x00000000,0x00000000,3,0,1,0,1
present,8386,279500750,0x00000000,0,0,0,0x00000000,0x00000000,3,0,1,0,1
present,8387,279535028,0x00000000,0,0,0,0x00000000,0x00000000,3,0,1,0,1
present,8388,279580883,0x00000000,0,0,0,0x00000000,0x00000000,3,0,1,0,1
present,8389,279604267,0x00000000,0,0,0,0x00000000,0x00000000,3,0,1,0,1
present,8390,279637065,0x00000000,0,0,0,0x00000000,0x00000000,3,0,1,0,1
present,8391,279666961,0x00000000,0,0,0,0x00000000,0x00000000,3,0,1,0,1
present,8392,279703329,0x00000000,0,0,0,0x00000000,0x00000000,3,0,1,0,1
present,8393,279736573,0x00000000,0,0,0,0x00000000,0x00000000,3,0,1,0,1
present,8394,279769808,0x00000000,0,0,0,0x00000000,0x00000000,3,0,1,0,1
present,8395,279804039,0x00000000,0,0,0,0x00000000,0x00000000,3,0,1,0,1
present,8396,279837817,0x00000000,0,0,0,0x00000000,0x00000000,3,0,1,0,1
present,8397,279869949,0x00000000,0,0,0,0x00000000,0x00000000,3,0,1,0,1
present,8398,279903948,0x00000000,0,0,0,0x00000000,0x00000000,3,0,1,0,1
present,8399,279937847,0x00000000,0,0,0,0x00000000,0x00000000,3,0,1,0,1
present,8400,279969028,0x00000000,0,0,0,0x00000000,0x00000000,3,0,1,0,1
present,8401,280002626,0x00000000,0,0,0,0x00000000,0x00000000,0,0,1,0,1
present,8402,280035731,0x00000000,0,0,0,0x00000000,0x00000000,0,0,1,0,1
present,8403,280069868,0x00000000,0,0,0,0x00000000,0x00000000,0,0,1,0,1
present,8404,280103866,0x00000000,0,0,0,0x00000000,0x00000000,0,0,1,0,1
present,8405,280137207,0x00000000,0,0,0,0x00000000,0x00000000,0,0,1,0,1
present,8406,280171146,0x00000000,0,0,0,0x00000000,0x00000000,0,0,1,0,1
present,8407,280200786,0x00000000,0,0,0,0x00000000,0x00000000,0,0,1,0,1
present,8408,280237692,0x00000000,0,0,0,0x00000000,0x00000000,0,0,1,0,1
present,8409,280267350,0x00000000,0,0,0,0x00000000,0x00000000,0,0,1,0,1
present,8410,280304375,0x00000000,0,0,0,0x00000000,0x00000000,0,0,1,0,1
present,8411,280335229,0x00000000,0,0,0,0x00000000,0x00000000,0,0,1,0,1
present,8412,280371210,0x00000000,0,0,0,0x00000000,0x00000000,0,0,1,0,1
present,8413,280402346,0x00000000,0,0,0,0x00000000,0x00000000,0,0,1,0,1
present,8414,280435151,0x00000000,0,0,0,0x00000000,0x00000000,0,0,1,0,1
present,8415,280467364,0x00000000,0,0,0,0x00000000,0x00000000,0,0,1,0,1
present,8416,280504044,0x00000000,0,0,0,0x00000000,0x00000000,0,0,1,0,1
present,8417,280537160,0x00000000,0,0,0,0x00000000,0x00000000,0,0,1,0,1
present,8418,280571062,0x00000000,0,0,0,0x00000000,0x00000000,0,0,1,0,1
present,8419,280603812,0x00000000,0,0,0,0x00000000,0x00000000,0,0,1,0,1
present,8420,280638192,0x00000000,0,0,0,0x00000000,0x00000000,0,0,1,0,1
present,8421,280668739,0x00000000,0,0,0,0x00000000,0x00000000,0,0,1,0,1
present,8422,280703981,0x00000000,0,0,0,0x00000000,0x00000000,0,0,1,0,1
present,8423,280737204,0x00000000,0,0,0,0x00000000,0x00000000,0,0,1,0,1
present,8424,280770450,0x00000000,0,0,0,0x00000000,0x00000000,0,0,1,0,1
present,8425,280803986,0x00000000,0,0,0,0x00000000,0x00000000,0,0,1,0,1
present,8426,280837382,0x00000000,0,0,0,0x00000000,0x00000000,0,0,1,0,1
present,8427,280867522,0x00000000,0,0,0,0x00000000,0x00000000,0,0,1,0,1
present,8428,280904962,0x00000000,0,0,0,0x00000000,0x00000000,0,0,1,0,1
present,8429,280936421,0x00000000,0,0,0,0x00000000,0x00000000,0,0,1,0,1
present,8430,280970892,0x00000000,0,0,0,0x00000000,0x00000000,0,0,1,0,1
present,8431,281004257,0x00000000,0,0,0,0x00000000,0x00000000,1,0,1,0,1
present,8432,281034116,0x00000000,0,0,0,0x00000000,0x00000000,1,0,1,0,1
present,8433,281069523,0x00000000,0,0,0,0x00000000,0x00000000,1,0,1,0,1
present,8434,281100727,0x00000000,0,0,0,0x00000000,0x00000000,1,0,1,0,1
present,8435,281137075,0x00000000,0,0,0,0x00000000,0x00000000,1,0,1,0,1
present,8436,281168891,0x00000000,0,0,0,0x00000000,0x00000000,1,0,1,0,1
present,8437,281202951,0x00000000,0,0,0,0x00000000,0x00000000,1,0,1,0,1
present,8438,281236529,0x00000000,0,0,0,0x00000000,0x00000000,1,0,1,0,1
present,8439,281270480,0x00000000,0,0,0,0x00000000,0x00000000,1,0,1,0,1
present,8440,281304406,0x00000000,0,0,0,0x00000000,0x00000000,1,0,1,0,1
present,8441,281334377,0x00000000,0,0,0,0x00000000,0x00000000,1,0,1,0,1
present,8442,281367501,0x00000000,0,0,0,0x00000000,0x00000000,1,0,1,0,1
present,8443,281404482,0x00000000,0,0,0,0x00000000,0x00000000,1,0,1,0,1
present,8444,281437565,0x00000000,0,0,0,0x00000000,0x00000000,1,0,1,0,1
present,8445,281469566,0x00000000,0,0,0,0x00000000,0x00000000,1,0,1,0,1
present,8446,281504716,0x00000000,0,0,0,0x00000000,0x00000000,1,0,1,0,1
present,8447,281537667,0x00000000,0,0,0,0x00000000,0x00000000,1,0,1,0,1
present,8448,281570687,0x00000000,0,0,0,0x00000000,0x00000000,1,0,1,0,1
present,8449,281603713,0x00000000,0,0,0,0x00000000,0x00000000,1,0,1,0,1
present,8450,281634468,0x00000000,0,0,0,0x00000000,0x00000000,1,0,1,0,1
present,8451,281667184,0x00000000,0,0,0,0x00000000,0x00000000,1,0,1,0,1
present,8452,281703444,0x00000000,0,0,0,0x00000000,0x00000000,1,0,1,0,1
present,8453,281736692,0x00000000,0,0,0,0x00000000,0x00000000,1,0,1,0,1
present,8454,281769919,0x00000000,0,0,0,0x00000000,0x00000000,1,0,1,0,1
present,8455,281803503,0x00000000,0,0,0,0x00000000,0x00000000,1,0,1,0,1
present,8456,281835060,0x00000000,0,0,0,0x00000000,0x00000000,1,0,1,0,1
present,8457,281868570,0x00000000,0,0,0,0x00000000,0x00000000,1,0,1,0,1
present,8458,281901811,0x00000000,0,0,0,0x00000000,0x00000000,1,0,1,0,1
present,8459,281933974,0x00000000,0,0,0,0x00000000,0x00000000,1,0,1,0,1
present,8460,281968702,0x00000000,0,0,0,0x00000000,0x00000000,1,0,1,0,1
present,8461,282003820,0x00000000,0,0,0,0x00000000,0x00000000,2,0,1,0,1
present,8462,282037732,0x00000000,0,0,0,0x00000000,0x00000000,2,0,1,0,1
present,8463,282068655,0x00000000,0,0,0,0x00000000,0x00000000,2,0,1,0,1
present,8464,282104190,0x00000000,0,0,0,0x00000000,0x00000000,2,0,1,0,1
present,8465,282136768,0x00000000,0,0,0,0x00000000,0x00000000,2,0,1,0,1
present,8466,282168402,0x00000000,0,0,0,0x00000000,0x00000000,2,0,1,0,1
present,8467,282201898,0x00000000,0,0,0,0x00000000,0x00000000,2,0,1,0,1
present,8468,282237793,0x00000000,0,0,0,0x00000000,0x00000000,2,0,1,0,1
present,8469,282270240,0x00000000,0,0,0,0x00000000,0x00000000,2,0,1,0,1
present,8470,282301428,0x00000000,0,0,0,0x00000000,0x00000000,2,0,1,0,1
present,8471,282334240,0x00000000,0,0,0,0x00000000,0x00000000,2,0,1,0,1
present,8472,282368473,0x00000000,0,0,0,0x00000000,0x00000000,2,0,1,0,1
present,8473,282402839,0x00000000,0,0,0,0x00000000,0x00000000,2,0,1,0,1
present,8474,282437200,0x00000000,0,0,0,0x00000000,0x00000000,2,0,1,0,1
present,8475,282468738,0x00000000,0,0,0,0x00000000,0x00000000,2,0,1,0,1
present,8476,282504291,0x00000000,0,0,0,0x00000000,0x00000000,2,0,1,0,1
present,8477,282534001,0x00000000,0,0,0,0x00000000,0x00000000,2,0,1,0,1
present,8478,282571129,0x00000000,0,0,0,0x00000000,0x00000000,2,0,1,0,1
present,8479,282600995,0x00000000,0,0,0,0x00000000,0x00000000,2,0,1,0,1
present,8480,282633512,0x00000000,0,0,0,0x00000000,0x00000000,2,0,1,0,1
present,8481,282669991,0x00000000,0,0,0,0x00000000,0x00000000,2,0,1,0,1
present,8482,282722396,0x00000000,0,0,0,0x00000000,0x00000000,2,0,1,0,1
present,8483,282751968,0x00000000,0,0,0,0x00000000,0x00000000,2,0,1,0,1
present,8484,282769103,0x00000000,0,0,0,0x00000000,0x00000000,2,0,1,0,1
present,8485,282803366,0x00000000,0,0,0,0x00000000,0x00000000,2,0,1,0,1
present,8486,282836560,0x00000000,0,0,0,0x00000000,0x00000000,2,0,1,0,1
present,8487,282870762,0x00000000,0,0,0,0x00000000,0x00000000,2,0,1,0,1
present,8488,282903965,0x00000000,0,0,0,0x00000000,0x00000000,2,0,1,0,1
present,8489,282937224,0x00000000,0,0,0,0x00000000,0x00000000,2,0,1,0,1
present,8490,282970492,0x00000000,0,0,0,0x00000000,0x00000000,2,0,1,0,1
present,8491,283004183,0x00000000,0,0,0,0x00000000,0x00000000,3,0,1,0,1
present,8492,283035832,0x00000000,0,0,0,0x00000000,0x00000000,3,0,1,0,1
present,8493,283070710,0x00000000,0,0,0,0x00000000,0x00000000,3,0,1,0,1
present,8494,283101975,0x00000000,0,0,0,0x00000000,0x00000000,3,0,1,0,1
present,8495,283134058,0x00000000,0,0,0,0x00000000,0x00000000,3,0,1,0,1
present,8496,283171144,0x00000000,0,0,0,0x00000000,0x00000000,3,0,1,0,1
present,8497,283202128,0x00000000,0,0,0,0x00000000,0x00000000,3,0,1,0,1
present,8498,283237555,0x00000000,0,0,0,0x00000000,0x00000000,3,0,1,0,1
present,8499,283271287,0x00000000,0,0,0,0x00000000,0x00000000,3,0,1,0,1
present,8500,283300157,0x00000000,0,0,0,0x00000000,0x00000000,3,0,1,0,1
present,8501,283334284,0x00000000,0,0,0,0x00000000,0x00000000,3,0,1,0,1
present,8502,283371107,0x00000000,0,0,0,0x00000000,0x00000000,3,0,1,0,1
present,8503,283401113,0x00000000,0,0,0,0x00000000,0x00000000,3,0,1,0,1
present,8504,283433599,0x00000000,0,0,0,0x00000000,0x00000000,3,0,1,0,1
present,8505,283470346,0x00000000,0,0,0,0x00000000,0x00000000,3,0,1,0,1
present,8506,283504212,0x00000000,0,0,0,0x00000000,0x00000000,3,0,1,0,1
present,8507,283535682,0x00000000,0,0,0,0x00000000,0x00000000,3,0,1,0,1
present,8508,283568890,0x00000000,0,0,0,0x00000000,0x00000000,3,0,1,0,1
present,8509,283603425,0x00000000,0,0,0,0x00000000,0x00000000,3,0,1,0,1
present,8510,283633561,0x00000000,0,0,0,0x00000000,0x00000000,3,0,1,0,1
present,8511,283670002,0x00000000,0,0,0,0x00000000,0x00000000,3,0,1,0,1
present,8512,283703238,0x00000000,0,0,0,0x00000000,0x00000000,3,0,1,0,1
present,8513,283737501,0x00000000,0,0,0,0x00000000,0x00000000,3,0,1,0,1
present,8514,283770777,0x00000000,0,0,0,0x00000000,0x00000000,3,0,1,0,1
present,8515,283804332,0x00000000,0,0,0,0x00000000,0x00000000,3,0,1,0,1
present,8516,283837294,0x00000000,0,0,0,0x00000000,0x00000000,3,0,1,0,1
present,8517,283869621,0x00000000,0,0,0,0x00000000,0x00000000,3,0,1,0,1
present,8518,283901957,0x00000000,0,0,0,0x00000000,0x00000000,3,0,1,0,1
present,8519,283937017,0x00000000,0,0,0,0x00000000,0x00000000,3,0,1,0,1
present,8520,283971237,0x00000000,0,0,0,0x00000000,0x00000000,3,0,1,0,1
present,8521,284000945,0x00000000,0,0,0,0x00000000,0x00000000,0,0,1,0,1
present,8522,284037550,0x00000000,0,0,0,0x00000000,0x00000000,0,0,1,0,1
present,8523,284070380,0x00000000,0,0,0,0x00000000,0x00000000,0,0,1,0,1
present,8524,284104266,0x00000000,0,0,0,0x00000000,0x00000000,0,0,1,0,1
present,8525,284136187,0x00000000,0,0,0,0x00000000,0x00000000,0,0,1,0,1
present,8526,284168555,0x00000000,0,0,0,0x00000000,0x00000000,0,0,1,0,1
present,8527,284203795,0x00000000,0,0,0,0x00000000,0x00000000,0,0,1,0,1
present,8528,284236080,0x00000000,0,0,0,0x00000000,0x00000000,0,0,1,0,1
present,8529,284270945,0x00000000,0,0,0,0x00000000,0x00000000,0,0,1,0,1
present,8530,284303533,0x00000000,0,0,0,0x00000000,0x00000000,0,0,1,0,1
present,8531,284336298,0x00000000,0,0,0,0x00000000,0x00000000,0,0,1,0,1
present,8532,284370967,0x00000000,0,0,0,0x00000000,0x00000000,0,0,1,0,1
present,8533,284403976,0x00000000,0,0,0,0x00000000,0x00000000,0,0,1,0,1
present,8534,284435194,0x00000000,0,0,0,0x00000000,0x00000000,0,0,1,0,1
present,8535,284468833,0x00000000,0,0,0,0x00000000,0x00000000,0,0,1,0,1
present,8536,284503974,0x00000000,0,0,0,0x00000000,0x00000000,0,0,1,0,1
present,8537,284536577,0x00000000,0,0,0,0x00000000,0x00000000,0,0,1,0,1
present,8538,284567409,0x00000000,0,0,0,0x00000000,0x00000000,0,0,1,0,1
present,8539,284604543,0x00000000,0,0,0,0x00000000,0x00000000,0,0,1,0,1
present,8540,284637204,0x00000000,0,0,0,0x00000000,0x00000000,0,0,1,0,1
present,8541,284670493,0x00000000,0,0,0,0x00000000,0x00000000,0,0,1,0,1
present,8542,284703726,0x00000000,0,0,0,0x00000000,0x00000000,0,0,1,0,1
present,8543,284736980,0x00000000,0,0,0,0x00000000,0x00000000,0,0,1,0,1
present,8544,284770187,0x00000000,0,0,0,0x00000000,0x00000000,0,0,1,0,1
present,8545,284802694,0x00000000,0,0,0,0x00000000,0x00000000,0,0,1,0,1
present,8546,284835364,0x00000000,0,0,0,0x00000000,0x00000000,0,0,1,0,1
present,8547,284871202,0x00000000,0,0,0,0x00000000,0x00000000,0,0,1,0,1
present,8548,284904224,0x00000000,0,0,0,0x00000000,0x00000000,0,0,1,0,1
present,8549,284936714,0x00000000,0,0,0,0x00000000,0x00000000,0,0,1,0,1
present,8550,284969763,0x00000000,0,0,0,0x00000000,0x00000000,0,0,1,0,1
present,8551,285003846,0x00000000,0,0,0,0x00000000,0x00000000,1,0,1,0,1
present,8552,285034884,0x00000000,0,0,0,0x00000000,0x00000000,1,0,1,0,1
present,8553,285069271,0x00000000,0,0,0,0x00000000,0x00000000,1,0,1,0,1
present,8554,285104162,0x00000000,0,0,0,0x00000000,0x00000000,1,0,1,0,1
present,8555,285137178,0x00000000,0,0,0,0x00000000,0x00000000,1,0,1,0,1
present,8556,285170882,0x00000000,0,0,0,0x00000000,0x00000000,1,0,1,0,1
present,8557,285201941,0x00000000,0,0,0,0x00000000,0x00000000,1,0,1,0,1
present,8558,285237978,0x00000000,0,0,0,0x00000000,0x00000000,1,0,1,0,1
present,8559,285270052,0x00000000,0,0,0,0x00000000,0x00000000,1,0,1,0,1
present,8560,285303776,0x00000000,0,0,0,0x00000000,0x00000000,1,0,1,0,1
present,8561,285337061,0x00000000,0,0,0,0x00000000,0x00000000,1,0,1,0,1
present,8562,285368377,0x00000000,0,0,0,0x00000000,0x00000000,1,0,1,0,1
present,8563,285402494,0x00000000,0,0,0,0x00000000,0x00000000,1,0,1,0,1
present,8564,285437539,0x00000000,0,0,0,0x00000000,0x00000000,1,0,1,0,1
present,8565,285469173,0x00000000,0,0,0,0x00000000,0x00000000,1,0,1,0,1
present,8566,285504240,0x00000000,0,0,0,0x00000000,0x00000000,1,0,1,0,1
present,8567,285537463,0x00000000,0,0,0,0x00000000,0x00000000,1,0,1,0,1
present,8568,285570448,0x00000000,0,0,0,0x00000000,0x00000000,1,0,1,0,1
present,8569,285600685,0x00000000,0,0,0,0x00000000,0x00000000,1,0,1,0,1
present,8570,285637265,0x00000000,0,0,0,0x00000000,0x00000000,1,0,1,0,1
present,8571,285670520,0x00000000,0,0,0,0x00000000,0x00000000,1,0,1,0,1
present,8572,285703765,0x00000000,0,0,0,0x00000000,0x00000000,1,0,1,0,1
present,8573,285736995,0x00000000,0,0,0,0x00000000,0x00000000,1,0,1,0,1
present,8574,285770241,0x00000000,0,0,0,0x00000000,0x00000000,1,0,1,0,1
present,8575,285803834,0x00000000,0,0,0,0x00000000,0x00000000,1,0,1,0,1
present,8576,285836484,0x00000000,0,0,0,0x00000000,0x00000000,1,0,1,0,1
present,8577,285868301,0x00000000,0,0,0,0x00000000,0x00000000,1,0,1,0,1
present,8578,285904437,0x00000000,0,0,0,0x00000000,0x00000000,1,0,1,0,1
present,8579,285937399,0x00000000,0,0,0,0x00000000,0x00000000,1,0,1,0,1
present,8580,285968597,0x00000000,0,0,0,0x00000000,0x00000000,1,0,1,0,1
present,8581,286002165,0x00000000,0,0,0,0x00000000,0x00000000,2,0,1,0,1
present,8582,286036973,0x00000000,0,0,0,0x00000000,0x00000000,2,0,1,0,1
present,8583,286071174,0x00000000,0,0,0,0x00000000,0x00000000,2,0,1,0,1
present,8584,286104009,0x00000000,0,0,0,0x00000000,0x00000000,2,0,1,0,1
present,8585,286137913,0x00000000,0,0,0,0x00000000,0x00000000,2,0,1,0,1
present,8586,286170871,0x00000000,0,0,0,0x00000000,0x00000000,2,0,1,0,1
present,8587,286202601,0x00000000,0,0,0,0x00000000,0x00000000,2,0,1,0,1
present,8588,286235366,0x00000000,0,0,0,0x00000000,0x00000000,2,0,1,0,1
present,8589,286270723,0x00000000,0,0,0,0x00000000,0x00000000,2,0,1,0,1
present,8590,286300733,0x00000000,0,0,0,0x00000000,0x00000000,2,0,1,0,1
present,8591,286337902,0x00000000,0,0,0,0x00000000,0x00000000,2,0,1,0,1
present,8592,286370808,0x00000000,0,0,0,0x00000000,0x00000000,2,0,1,0,1
present,8593,286402488,0x00000000,0,0,0,0x00000000,0x00000000,2,0,1,0,1
present,8594,286434064,0x00000000,0,0,0,0x00000000,0x00000000,2,0,1,0,1
present,8595,286469319,0x00000000,0,0,0,0x00000000,0x00000000,2,0,1,0,1
present,8596,286501649,0x00000000,0,0,0,0x00000000,0x00000000,2,0,1,0,1
present,8597,286537622,0x00000000,0,0,0,0x00000000,0x00000000,2,0,1,0,1
present,8598,286567538,0x00000000,0,0,0,0x00000000,0x00000000,2,0,1,0,1
present,8599,286600968,0x00000000,0,0,0,0x00000000,0x00000000,2,0,1,0,1
present,8600,286633931,0x00000000,0,0,0,0x00000000,0x00000000,2,0,1,0,1
present,8601,286667125,0x00000000,0,0,0,0x00000000,0x00000000,2,0,1,0,1
present,8602,286703364,0x00000000,0,0,0,0x00000000,0x00000000,2,0,1,0,1
present,8603,286736594,0x00000000,0,0,0,0x00000000,0x00000000,2,0,1,0,1
present,8604,286768200,0x00000000,0,0,0,0x00000000,0x00000000,2,0,1,0,1
present,8605,286803477,0x00000000,0,0,0,0x00000000,0x00000000,2,0,1,0,1
present,8606,286837334,0x00000000,0,0,0,0x00000000,0x00000000,2,0,1,0,1
present,8607,286867257,0x00000000,0,0,0,0x00000000,0x00000000,2,0,1,0,1
present,8608,286904025,0x00000000,0,0,0,0x00000000,0x00000000,2,0,1,0,1
present,8609,286934126,0x00000000,0,0,0,0x00000000,0x00000000,2,0,1,0,1
present,8610,286968822,0x00000000,0,0,0,0x00000000,0x00000000,2,0,1,0,1
present,8611,287000824,0x00000000,0,0,0,0x00000000,0x00000000,3,0,1,0,1
present,8612,287037522,0x00000000,0,0,0,0x00000000,0x00000000,3,0,1,0,1
present,8613,287067404,0x00000000,0,0,0,0x00000000,0x00000000,3,0,1,0,1
present,8614,287101994,0x00000000,0,0,0,0x00000000,0x00000000,3,0,1,0,1
present,8615,287133873,0x00000000,0,0,0,0x00000000,0x00000000,3,0,1,0,1
present,8616,287167314,0x00000000,0,0,0,0x00000000,0x00000000,3,0,1,0,1
present,8617,287204478,0x00000000,0,0,0,0x00000000,0x00000000,3,0,1,0,1
present,8618,287236978,0x00000000,0,0,0,0x00000000,0x00000000,3,0,1,0,1
present,8619,287270770,0x00000000,0,0,0,0x00000000,0x00000000,3,0,1,0,1
present,8620,287302272,0x00000000,0,0,0,0x00000000,0x00000000,3,0,1,0,1
present,8621,287333916,0x00000000,0,0,0,0x00000000,0x00000000,3,0,1,0,1
present,8622,287367419,0x00000000,0,0,0,0x00000000,0x00000000,3,0,1,0,1
present,8623,287400650,0x00000000,0,0,0,0x00000000,0x00000000,3,0,1,0,1
present,8624,287437343,0x00000000,0,0,0,0x00000000,0x00000000,3,0,1,0,1
present,8625,287469224,0x00000000,0,0,0,0x00000000,0x00000000,3,0,1,0,1
present,8626,287501418,0x00000000,0,0,0,0x00000000,0x00000000,3,0,1,0,1
present,8627,287535747,0x00000000,0,0,0,0x00000000,0x00000000,3,0,1,0,1
present,8628,287569443,0x00000000,0,0,0,0x00000000,0x00000000,3,0,1,0,1
present,8629,287604079,0x00000000,0,0,0,0x00000000,0x00000000,3,0,1,0,1
present,8630,287637554,0x00000000,0,0,0,0x00000000,0x00000000,3,0,1,0,1
present,8631,287669895,0x00000000,0,0,0,0x00000000,0x00000000,3,0,1,0,1
present,8632,287704136,0x00000000,0,0,0,0x00000000,0x00000000,3,0,1,0,1
present,8633,287737362,0x00000000,0,0,0,0x00000000,0x00000000,3,0,1,0,1
present,8634,287770614,0x00000000,0,0,0,0x00000000,0x00000000,3,0,1,0,1
present,8635,287804241,0x00000000,0,0,0,0x00000000,0x00000000,3,0,1,0,1
present,8636,287835858,0x00000000,0,0,0,0x00000000,0x00000000,3,0,1,0,1
present,8637,287868198,0x00000000,0,0,0,0x00000000,0x00000000,3,0,1,0,1
present,8638,287904083,0x00000000,0,0,0,0x00000000,0x00000000,3,0,1,0,1
present,8639,287934084,0x00000000,0,0,0,0x00000000,0x00000000,3,0,1,0,1
present,8640,287969204,0x00000000,0,0,0,0x00000000,0x00000000,3,0,1,0,1
present,8641,288002641,0x00000000,0,0,0,0x00000000,0x00000000,0,0,1,0,1
present,8642,288037788,0x00000000,0,0,0,0x00000000,0x00000000,0,0,1,0,1
present,8643,288068436,0x00000000,0,0,0,0x00000000,0x00000000,0,0,1,0,1
present,8644,288101848,0x00000000,0,0,0,0x00000000,0x00000000,0,0,1,0,1
present,8645,288136974,0x00000000,0,0,0,0x00000000,0x00000000,0,0,1,0,1
present,8646,288168463,0x00000000,0,0,0,0x00000000,0x00000000,0,0,1,0,1
present,8647,288202213,0x00000000,0,0,0,0x00000000,0x00000000,0,0,1,0,1
present,8648,288237328,0x00000000,0,0,0,0x00000000,0x00000000,0,0,1,0,1
present,8649,288271422,0x00000000,0,0,0,0x00000000,0x00000000,0,0,1,0,1
present,8650,288300711,0x00000000,0,0,0,0x00000000,0x00000000,0,0,1,0,1
present,8651,288335336,0x00000000,0,0,0,0x00000000,0x00000000,0,0,1,0,1
present,8652,288371249,0x00000000,0,0,0,0x00000000,0x00000000,0,0,1,0,1
present,8653,288402928,0x00000000,0,0,0,0x00000000,0x00000000,0,0,1,0,1
present,8654,288435461,0x00000000,0,0,0,0x00000000,0x00000000,0,0,1,0,1
present,8655,288470741,0x00000000,0,0,0,0x00000000,0x00000000,0,0,1,0,1
present,8656,288501003,0x00000000,0,0,0,0x00000000,0x00000000,0,0,1,0,1
present,8657,288537079,0x00000000,0,0,0,0x00000000,0x00000000,0,0,1,0,1
present,8658,288571015,0x00000000,0,0,0,0x00000000,0x00000000,0,0,1,0,1
present,8659,288600651,0x00000000,0,0,0,0x00000000,0x00000000,0,0,1,0,1
present,8660,288635229,0x00000000,0,0,0,0x00000000,0x00000000,0,0,1,0,1
present,8661,288669105,0x00000000,0,0,0,0x00000000,0x00000000,0,0,1,0,1
present,8662,288703372,0x00000000,0,0,0,0x00000000,0x00000000,0,0,1,0,1
present,8663,288736585,0x00000000,0,0,0,0x00000000,0x00000000,0,0,1,0,1
present,8664,288769818,0x00000000,0,0,0,0x00000000,0x00000000,0,0,1,0,1
present,8665,288804333,0x00000000,0,0,0,0x00000000,0x00000000,0,0,1,0,1
present,8666,288835050,0x00000000,0,0,0,0x00000000,0x00000000,0,0,1,0,1
present,8667,288869280,0x00000000,0,0,0,0x00000000,0x00000000,0,0,1,0,1
present,8668,288905060,0x00000000,0,0,0,0x00000000,0x00000000,0,0,1,0,1
present,8669,288936295,0x00000000,0,0,0,0x00000000,0x00000000,0,0,1,0,1
present,8670,288969205,0x00000000,0,0,0,0x00000000,0x00000000,0,0,1,0,1
present,8671,289001534,0x00000000,0,0,0,0x00000000,0x00000000,1,0,1,0,1
present,8672,289037508,0x00000000,0,0,0,0x00000000,0x00000000,1,0,1,0,1
present,8673,289070638,0x00000000,0,0,0,0x00000000,0x00000000,1,0,1,0,1
present,8674,289100822,0x00000000,0,0,0,0x00000000,0x00000000,1,0,1,0,1
present,8675,289135946,0x00000000,0,0,0,0x00000000,0x00000000,1,0,1,0,1
present,8676,289168353,0x00000000,0,0,0,0x00000000,0x00000000,1,0,1,0,1
present,8677,289202069,0x00000000,0,0,0,0x00000000,0x00000000,1,0,1,0,1
present,8678,289237463,0x00000000,0,0,0,0x00000000,0x00000000,1,0,1,0,1
present,8679,289270006,0x00000000,0,0,0,0x00000000,0x00000000,1,0,1,0,1
present,8680,289303722,0x00000000,0,0,0,0x00000000,0x00000000,1,0,1,0,1
present,8681,289337077,0x00000000,0,0,0,0x00000000,0x00000000,1,0,1,0,1
present,8682,289368692,0x00000000,0,0,0,0x00000000,0x00000000,1,0,1,0,1
present,8683,289404261,0x00000000,0,0,0,0x00000000,0x00000000,1,0,1,0,1
present,8684,289434035,0x00000000,0,0,0,0x00000000,0x00000000,1,0,1,0,1
present,8685,289468770,0x00000000,0,0,0,0x00000000,0x00000000,1,0,1,0,1
present,8686,289500764,0x00000000,0,0,0,0x00000000,0x00000000,1,0,1,0,1
present,8687,289537443,0x00000000,0,0,0,0x00000000,0x00000000,1,0,1,0,1
present,8688,289567444,0x00000000,0,0,0,0x00000000,0x00000000,1,0,1,0,1
present,8689,289601498,0x00000000,0,0,0,0x00000000,0x00000000,1,0,1,0,1
present,8690,289635206,0x00000000,0,0,0,0x00000000,0x00000000,1,0,1,0,1
present,8691,289669785,0x00000000,0,0,0,0x00000000,0x00000000,1,0,1,0,1
present,8692,289701753,0x00000000,0,0,0,0x00000000,0x00000000,1,0,1,0,1
present,8693,289736964,0x00000000,0,0,0,0x00000000,0x00000000,1,0,1,0,1
present,8694,289770187,0x00000000,0,0,0,0x00000000,0x00000000,1,0,1,0,1
present,8695,289803732,0x00000000,0,0,0,0x00000000,0x00000000,1,0,1,0,1
present,8696,289836607,0x00000000,0,0,0,0x00000000,0x00000000,1,0,1,0,1
present,8697,289868484,0x00000000,0,0,0,0x00000000,0x00000000,1,0,1,0,1
present,8698,289901635,0x00000000,0,0,0,0x00000000,0x00000000,1,0,1,0,1
present,8699,289937290,0x00000000,0,0,0,0x00000000,0x00000000,1,0,1,0,1
present,8700,289968421,0x00000000,0,0,0,0x00000000,0x00000000,1,0,1,0,1
present,8701,290003000,0x00000000,0,0,0,0x00000000,0x00000000,2,0,1,0,1
present,8702,290035690,0x00000000,0,0,0,0x00000000,0x00000000,2,0,1,0,1
present,8703,290068421,0x00000000,0,0,0,0x00000000,0x00000000,2,0,1,0,1
present,8704,290100818,0x00000000,0,0,0,0x00000000,0x00000000,2,0,1,0,1
present,8705,290135771,0x00000000,0,0,0,0x00000000,0x00000000,2,0,1,0,1
present,8706,290170687,0x00000000,0,0,0,0x00000000,0x00000000,2,0,1,0,1
present,8707,290204429,0x00000000,0,0,0,0x00000000,0x00000000,2,0,1,0,1
present,8708,290237321,0x00000000,0,0,0,0x00000000,0x00000000,2,0,1,0,1
present,8709,290270356,0x00000000,0,0,0,0x00000000,0x00000000,2,0,1,0,1
present,8710,290300696,0x00000000,0,0,0,0x00000000,0x00000000,2,0,1,0,1
present,8711,290335500,0x00000000,0,0,0,0x00000000,0x00000000,2,0,1,0,1
present,8712,290370531,0x00000000,0,0,0,0x00000000,0x00000000,2,0,1,0,1
present,8713,290401925,0x00000000,0,0,0,0x00000000,0x00000000,2,0,1,0,1
present,8714,290436436,0x00000000,0,0,0,0x00000000,0x00000000,2,0,1,0,1
present,8715,290468432,0x00000000,0,0,0,0x00000000,0x00000000,2,0,1,0,1
present,8716,290500674,0x00000000,0,0,0,0x00000000,0x00000000,2,0,1,0,1
present,8717,290537723,0x00000000,0,0,0,0x00000000,0x00000000,2,0,1,0,1
present,8718,290569993,0x00000000,0,0,0,0x00000000,0x00000000,2,0,1,0,1
present,8719,290603874,0x00000000,0,0,0,0x00000000,0x00000000,2,0,1,0,1
present,8720,290635914,0x00000000,0,0,0,0x00000000,0x00000000,2,0,1,0,1
present,8721,290669931,0x00000000,0,0,0,0x00000000,0x00000000,2,0,1,0,1
present,8722,290703190,0x00000000,0,0,0,0x00000000,0x00000000,2,0,1,0,1
present,8723,290737426,0x00000000,0,0,0,0x00000000,0x00000000,2,0,1,0,1
present,8724,290770695,0x00000000,0,0,0,0x00000000,0x00000000,2,0,1,0,1
present,8725,290804146,0x00000000,0,0,0,0x00000000,0x00000000,2,0,1,0,1
present,8726,290835338,0x00000000,0,0,0,0x00000000,0x00000000,2,0,1,0,1
present,8727,290871223,0x00000000,0,0,0,0x00000000,0x00000000,2,0,1,0,1
present,8728,290903705,0x00000000,0,0,0,0x00000000,0x00000000,2,0,1,0,1
present,8729,290937438,0x00000000,0,0,0,0x00000000,0x00000000,2,0,1,0,1
present,8730,290970510,0x00000000,0,0,0,0x00000000,0x00000000,2,0,1,0,1
present,8731,291004375,0x00000000,0,0,0,0x00000000,0x00000000,3,0,1,0,1
present,8732,291037317,0x00000000,0,0,0,0x00000000,0x00000000,3,0,1,0,1
present,8733,291071087,0x00000000,0,0,0,0x00000000,0x00000000,3,0,1,0,1
present,8734,291103989,0x00000000,0,0,0,0x00000000,0x00000000,3,0,1,0,1
present,8735,291137091,0x00000000,0,0,0,0x00000000,0x00000000,3,0,1,0,1
present,8736,291170911,0x00000000,0,0,0,0x00000000,0x00000000,3,0,1,0,1
present,8737,291201163,0x00000000,0,0,0,0x00000000,0x00000000,3,0,1,0,1
present,8738,291237503,0x00000000,0,0,0,0x00000000,0x00000000,3,0,1,0,1
present,8739,291270299,0x00000000,0,0,0,0x00000000,0x00000000,3,0,1,0,1
present,8740,291304192,0x00000000,0,0,0,0x00000000,0x00000000,3,0,1,0,1
present,8741,291336689,0x00000000,0,0,0,0x00000000,0x00000000,3,0,1,0,1
present,8742,291370651,0x00000000,0,0,0,0x00000000,0x00000000,3,0,1,0,1
present,8743,291401733,0x00000000,0,0,0,0x00000000,0x00000000,3,0,1,0,1
present,8744,291434686,0x00000000,0,0,0,0x00000000,0x00000000,3,0,1,0,1
present,8745,291470471,0x00000000,0,0,0,0x00000000,0x00000000,3,0,1,0,1
present,8746,291504071,0x00000000,0,0,0,0x00000000,0x00000000,3,0,1,0,1
present,8747,291537768,0x00000000,0,0,0,0x00000000,0x00000000,3,0,1,0,1
present,8748,291570679,0x00000000,0,0,0,0x00000000,0x00000000,3,0,1,0,1
present,8749,291604517,0x00000000,0,0,0,0x00000000,0x00000000,3,0,1,0,1
present,8750,291634392,0x00000000,0,0,0,0x00000000,0x00000000,3,0,1,0,1
present,8751,291670632,0x00000000,0,0,0,0x00000000,0x00000000,3,0,1,0,1
present,8752,291703863,0x00000000,0,0,0,0x00000000,0x00000000,3,0,1,0,1
present,8753,291737089,0x00000000,0,0,0,0x00000000,0x00000000,3,0,1,0,1
present,8754,291770330,0x00000000,0,0,0,0x00000000,0x00000000,3,0,1,0,1
present,8755,291803904,0x00000000,0,0,0,0x00000000,0x00000000,3,0,1,0,1
present,8756,291837831,0x00000000,0,0,0,0x00000000,0x00000000,3,0,1,0,1
present,8757,291870816,0x00000000,0,0,0,0x00000000,0x00000000,3,0,1,0,1
present,8758,291901560,0x00000000,0,0,0,0x00000000,0x00000000,3,0,1,0,1
present,8759,291936992,0x00000000,0,0,0,0x00000000,0x00000000,3,0,1,0,1
present,8760,291969487,0x00000000,0,0,0,0x00000000,0x00000000,3,0,1,0,1
present,8761,292003700,0x00000000,0,0,0,0x00000000,0x00000000,0,0,1,0,1
present,8762,292033870,0x00000000,0,0,0,0x00000000,0x00000000,0,0,1,0,1
present,8763,292070214,0x00000000,0,0,0,0x00000000,0x00000000,0,0,1,0,1
present,8764,292101589,0x00000000,0,0,0,0x00000000,0x00000000,0,0,1,0,1
present,8765,292136158,0x00000000,0,0,0,0x00000000,0x00000000,0,0,1,0,1
present,8766,292171159,0x00000000,0,0,0,0x00000000,0x00000000,0,0,1,0,1
present,8767,292202222,0x00000000,0,0,0,0x00000000,0x00000000,0,0,1,0,1
present,8768,292237221,0x00000000,0,0,0,0x00000000,0x00000000,0,0,1,0,1
present,8769,292269111,0x00000000,0,0,0,0x00000000,0x00000000,0,0,1,0,1
present,8770,292304461,0x00000000,0,0,0,0x00000000,0x00000000,0,0,1,0,1
present,8771,292336633,0x00000000,0,0,0,0x00000000,0x00000000,0,0,1,0,1
present,8772,292368232,0x00000000,0,0,0,0x00000000,0x00000000,0,0,1,0,1
present,8773,292404178,0x00000000,0,0,0,0x00000000,0x00000000,0,0,1,0,1
present,8774,292434940,0x00000000,0,0,0,0x00000000,0x00000000,0,0,1,0,1
present,8775,292471203,0x00000000,0,0,0,0x00000000,0x00000000,0,0,1,0,1
present,8776,292503622,0x00000000,0,0,0,0x00000000,0x00000000,0,0,1,0,1
present,8777,292536710,0x00000000,0,0,0,0x00000000,0x00000000,0,0,1,0,1
present,8778,292570653,0x00000000,0,0,0,0x00000000,0x00000000,0,0,1,0,1
present,8779,292604608,0x00000000,0,0,0,0x00000000,0x00000000,0,0,1,0,1
present,8780,292634794,0x00000000,0,0,0,0x00000000,0x00000000,0,0,1,0,1
present,8781,292670320,0x00000000,0,0,0,0x00000000,0x00000000,0,0,1,0,1
present,8782,292703578,0x00000000,0,0,0,0x00000000,0x00000000,0,0,1,0,1
present,8783,292736474,0x00000000,0,0,0,0x00000000,0x00000000,0,0,1,0,1
present,8784,292770718,0x00000000,0,0,0,0x00000000,0x00000000,0,0,1,0,1
present,8785,292804246,0x00000000,0,0,0,0x00000000,0x00000000,0,0,1,0,1
present,8786,292834570,0x00000000,0,0,0,0x00000000,0x00000000,0,0,1,0,1
present,8787,292870531,0x00000000,0,0,0,0x00000000,0x00000000,0,0,1,0,1
present,8788,292900815,0x00000000,0,0,0,0x00000000,0x00000000,0,0,1,0,1
present,8789,292934029,0x00000000,0,0,0,0x00000000,0x00000000,0,0,1,0,1
present,8790,292969098,0x00000000,0,0,0,0x00000000,0x00000000,0,0,1,0,1
present,8791,293002329,0x00000000,0,0,0,0x00000000,0x00000000,1,0,1,0,1
present,8792,293034190,0x00000000,0,0,0,0x00000000,0x00000000,1,0,1,0,1
present,8793,293069170,0x00000000,0,0,0,0x00000000,0x00000000,1,0,1,0,1
present,8794,293104101,0x00000000,0,0,0,0x00000000,0x00000000,1,0,1,0,1
present,8795,293136654,0x00000000,0,0,0,0x00000000,0x00000000,1,0,1,0,1
present,8796,293170854,0x00000000,0,0,0,0x00000000,0x00000000,1,0,1,0,1
present,8797,293202011,0x00000000,0,0,0,0x00000000,0x00000000,1,0,1,0,1
present,8798,293238023,0x00000000,0,0,0,0x00000000,0x00000000,1,0,1,0,1
present,8799,293269614,0x00000000,0,0,0,0x00000000,0x00000000,1,0,1,0,1
present,8800,293302568,0x00000000,0,0,0,0x00000000,0x00000000,1,0,1,0,1
present,8801,293337449,0x00000000,0,0,0,0x00000000,0x00000000,1,0,1,0,1
present,8802,293367537,0x00000000,0,0,0,0x00000000,0x00000000,1,0,1,0,1
present,8803,293403738,0x00000000,0,0,0,0x00000000,0x00000000,1,0,1,0,1
present,8804,293437529,0x00000000,0,0,0,0x00000000,0x00000000,1,0,1,0,1
present,8805,293468451,0x00000000,0,0,0,0x00000000,0x00000000,1,0,1,0,1
present,8806,293502434,0x00000000,0,0,0,0x00000000,0x00000000,1,0,1,0,1
present,8807,293537478,0x00000000,0,0,0,0x00000000,0x00000000,1,0,1,0,1
present,8808,293567435,0x00000000,0,0,0,0x00000000,0x00000000,1,0,1,0,1
present,8809,293604583,0x00000000,0,0,0,0x00000000,0x00000000,1,0,1,0,1
present,8810,293636191,0x00000000,0,0,0,0x00000000,0x00000000,1,0,1,0,1
present,8811,293666935,0x00000000,0,0,0,0x00000000,0x00000000,1,0,1,0,1
present,8812,293703201,0x00000000,0,0,0,0x00000000,0x00000000,1,0,1,0,1
present,8813,293737466,0x00000000,0,0,0,0x00000000,0x00000000,1,0,1,0,1
present,8814,293770670,0x00000000,0,0,0,0x00000000,0x00000000,1,0,1,0,1
present,8815,293804235,0x00000000,0,0,0,0x00000000,0x00000000,1,0,1,0,1
present,8816,293835834,0x00000000,0,0,0,0x00000000,0x00000000,1,0,1,0,1
present,8817,293869198,0x00000000,0,0,0,0x00000000,0x00000000,1,0,1,0,1
present,8818,293901158,0x00000000,0,0,0,0x00000000,0x00000000,1,0,1,0,1
present,8819,293937250,0x00000000,0,0,0,0x00000000,0x00000000,1,0,1,0,1
present,8820,293971351,0x00000000,0,0,0,0x00000000,0x00000000,1,0,1,0,1
present,8821,294001413,0x00000000,0,0,0,0x00000000,0x00000000,2,0,1,0,1
present,8822,294035546,0x00000000,0,0,0,0x00000000,0x00000000,2,0,1,0,1
present,8823,294068892,0x00000000,0,0,0,0x00000000,0x00000000,2,0,1,0,1
present,8824,294100776,0x00000000,0,0,0,0x00000000,0x00000000,2,0,1,0,1
present,8825,294137431,0x00000000,0,0,0,0x00000000,0x00000000,2,0,1,0,1
present,8826,294167449,0x00000000,0,0,0,0x00000000,0x00000000,2,0,1,0,1
present,8827,294204772,0x00000000,0,0,0,0x00000000,0x00000000,2,0,1,0,1
present,8828,294237554,0x00000000,0,0,0,0x00000000,0x00000000,2,0,1,0,1
present,8829,294270293,0x00000000,0,0,0,0x00000000,0x00000000,2,0,1,0,1
present,8830,294302616,0x00000000,0,0,0,0x00000000,0x00000000,2,0,1,0,1
present,8831,294337621,0x00000000,0,0,0,0x00000000,0x00000000,2,0,1,0,1
present,8832,294368028,0x00000000,0,0,0,0x00000000,0x00000000,2,0,1,0,1
present,8833,294404088,0x00000000,0,0,0,0x00000000,0x00000000,2,0,1,0,1
present,8834,294436868,0x00000000,0,0,0,0x00000000,0x00000000,2,0,1,0,1
present,8835,294468771,0x00000000,0,0,0,0x00000000,0x00000000,2,0,1,0,1
present,8836,294501324,0x00000000,0,0,0,0x00000000,0x00000000,2,0,1,0,1
present,8837,294536623,0x00000000,0,0,0,0x00000000,0x00000000,2,0,1,0,1
present,8838,294567563,0x00000000,0,0,0,0x00000000,0x00000000,2,0,1,0,1
present,8839,294603904,0x00000000,0,0,0,0x00000000,0x00000000,2,0,1,0,1
present,8840,294634369,0x00000000,0,0,0,0x00000000,0x00000000,2,0,1,0,1
present,8841,294667649,0x00000000,0,0,0,0x00000000,0x00000000,2,0,1,0,1
present,8842,294703290,0x00000000,0,0,0,0x00000000,0x00000000,2,0,1,0,1
present,8843,294736562,0x00000000,0,0,0,0x00000000,0x00000000,2,0,1,0,1
present,8844,294770824,0x00000000,0,0,0,0x00000000,0x00000000,2,0,1,0,1
present,8845,294804099,0x00000000,0,0,0,0x00000000,0x00000000,2,0,1,0,1
present,8846,294833807,0x00000000,0,0,0,0x00000000,0x00000000,2,0,1,0,1
present,8847,294870699,0x00000000,0,0,0,0x00000000,0x00000000,2,0,1,0,1
present,8848,294902258,0x00000000,0,0,0,0x00000000,0x00000000,2,0,1,0,1
present,8849,294937279,0x00000000,0,0,0,0x00000000,0x00000000,2,0,1,0,1
present,8850,294971226,0x00000000,0,0,0,0x00000000,0x00000000,2,0,1,0,1
present,8851,295000146,0x00000000,0,0,0,0x00000000,0x00000000,3,0,1,0,1
present,8852,295036138,0x00000000,0,0,0,0x00000000,0x00000000,3,0,1,0,1
present,8853,295069574,0x00000000,0,0,0,0x00000000,0x00000000,3,0,1,0,1
present,8854,295102006,0x00000000,0,0,0,0x00000000,0x00000000,3,0,1,0,1
present,8855,295136352,0x00000000,0,0,0,0x00000000,0x00000000,3,0,1,0,1
present,8856,295171307,0x00000000,0,0,0,0x00000000,0x00000000,3,0,1,0,1
present,8857,295203151,0x00000000,0,0,0,0x00000000,0x00000000,3,0,1,0,1
present,8858,295237523,0x00000000,0,0,0,0x00000000,0x00000000,3,0,1,0,1
present,8859,295271249,0x00000000,0,0,0,0x00000000,0x00000000,3,0,1,0,1
present,8860,295304093,0x00000000,0,0,0,0x00000000,0x00000000,3,0,1,0,1
present,8861,295335986,0x00000000,0,0,0,0x00000000,0x00000000,3,0,1,0,1
present,8862,295370677,0x00000000,0,0,0,0x00000000,0x00000000,3,0,1,0,1
present,8863,295400635,0x00000000,0,0,0,0x00000000,0x00000000,3,0,1,0,1
present,8864,295437622,0x00000000,0,0,0,0x00000000,0x00000000,3,0,1,0,1
present,8865,295470431,0x00000000,0,0,0,0x00000000,0x00000000,3,0,1,0,1
present,8866,295501306,0x00000000,0,0,0,0x00000000,0x00000000,3,0,1,0,1
present,8867,295537102,0x00000000,0,0,0,0x00000000,0x00000000,3,0,1,0,1
present,8868,295569017,0x00000000,0,0,0,0x00000000,0x00000000,3,0,1,0,1
present,8869,295603468,0x00000000,0,0,0,0x00000000,0x00000000,3,0,1,0,1
present,8870,295634528,0x00000000,0,0,0,0x00000000,0x00000000,3,0,1,0,1
present,8871,295670831,0x00000000,0,0,0,0x00000000,0x00000000,3,0,1,0,1
present,8872,295704062,0x00000000,0,0,0,0x00000000,0x00000000,3,0,1,0,1
present,8873,295737269,0x00000000,0,0,0,0x00000000,0x00000000,3,0,1,0,1
present,8874,295770485,0x00000000,0,0,0,0x00000000,0x00000000,3,0,1,0,1
present,8875,295804027,0x00000000,0,0,0,0x00000000,0x00000000,3,0,1,0,1
present,8876,295837848,0x00000000,0,0,0,0x00000000,0x00000000,3,0,1,0,1
present,8877,295869963,0x00000000,0,0,0,0x00000000,0x00000000,3,0,1,0,1
present,8878,295901729,0x00000000,0,0,0,0x00000000,0x00000000,3,0,1,0,1
present,8879,295937967,0x00000000,0,0,0,0x00000000,0x00000000,3,0,1,0,1
present,8880,295969415,0x00000000,0,0,0,0x00000000,0x00000000,3,0,1,0,1
present,8881,296004354,0x00000000,0,0,0,0x00000000,0x00000000,0,0,1,0,1
present,8882,296034108,0x00000000,0,0,0,0x00000000,0x00000000,0,0,1,0,1
present,8883,296067517,0x00000000,0,0,0,0x00000000,0x00000000,0,0,1,0,1
present,8884,296104185,0x00000000,0,0,0,0x00000000,0x00000000,0,0,1,0,1
present,8885,296136235,0x00000000,0,0,0,0x00000000,0x00000000,0,0,1,0,1
present,8886,296170331,0x00000000,0,0,0,0x00000000,0x00000000,0,0,1,0,1
present,8887,296202389,0x00000000,0,0,0,0x00000000,0x00000000,0,0,1,0,1
present,8888,296234595,0x00000000,0,0,0,0x00000000,0x00000000,0,0,1,0,1
present,8889,296269241,0x00000000,0,0,0,0x00000000,0x00000000,0,0,1,0,1
present,8890,296304158,0x00000000,0,0,0,0x00000000,0x00000000,0,0,1,0,1
present,8891,296335113,0x00000000,0,0,0,0x00000000,0x00000000,0,0,1,0,1
present,8892,296371045,0x00000000,0,0,0,0x00000000,0x00000000,0,0,1,0,1
present,8893,296401183,0x00000000,0,0,0,0x00000000,0x00000000,0,0,1,0,1
present,8894,296434868,0x00000000,0,0,0,0x00000000,0x00000000,0,0,1,0,1
present,8895,296468175,0x00000000,0,0,0,0x00000000,0x00000000,0,0,1,0,1
present,8896,296502806,0x00000000,0,0,0,0x00000000,0x00000000,0,0,1,0,1
present,8897,296536582,0x00000000,0,0,0,0x00000000,0x00000000,0,0,1,0,1
present,8898,296570477,0x00000000,0,0,0,0x00000000,0x00000000,0,0,1,0,1
present,8899,296604404,0x00000000,0,0,0,0x00000000,0x00000000,0,0,1,0,1
present,8900,296635199,0x00000000,0,0,0,0x00000000,0x00000000,0,0,1,0,1
present,8901,296667622,0x00000000,0,0,0,0x00000000,0x00000000,0,0,1,0,1
present,8902,296703847,0x00000000,0,0,0,0x00000000,0x00000000,0,0,1,0,1
present,8903,296737043,0x00000000,0,0,0,0x00000000,0x00000000,0,0,1,0,1
present,8904,296770308,0x00000000,0,0,0,0x00000000,0x00000000,0,0,1,0,1
present,8905,296803888,0x00000000,0,0,0,0x00000000,0x00000000,0,0,1,0,1
present,8906,296837639,0x00000000,0,0,0,0x00000000,0x00000000,0,0,1,0,1
present,8907,296867557,0x00000000,0,0,0,0x00000000,0x00000000,0,0,1,0,1
present,8908,296903876,0x00000000,0,0,0,0x00000000,0x00000000,0,0,1,0,1
present,8909,296937999,0x00000000,0,0,0,0x00000000,0x00000000,0,0,1,0,1
present,8910,296968904,0x00000000,0,0,0,0x00000000,0x00000000,0,0,1,0,1
present,8911,297002508,0x00000000,0,0,0,0x00000000,0x00000000,1,0,1,0,1
present,8912,297034874,0x00000000,0,0,0,0x00000000,0x00000000,1,0,1,0,1
present,8913,297070889,0x00000000,0,0,0,0x00000000,0x00000000,1,0,1,0,1
present,8914,297102170,0x00000000,0,0,0,0x00000000,0x00000000,1,0,1,0,1
present,8915,297137290,0x00000000,0,0,0,0x00000000,0x00000000,1,0,1,0,1
present,8916,297168060,0x00000000,0,0,0,0x00000000,0x00000000,1,0,1,0,1
present,8917,297201250,0x00000000,0,0,0,0x00000000,0x00000000,1,0,1,0,1
present,8918,297235557,0x00000000,0,0,0,0x00000000,0x00000000,1,0,1,0,1
present,8919,297270441,0x00000000,0,0,0,0x00000000,0x00000000,1,0,1,0,1
present,8920,297304282,0x00000000,0,0,0,0x00000000,0x00000000,1,0,1,0,1
present,8921,297337195,0x00000000,0,0,0,0x00000000,0x00000000,1,0,1,0,1
present,8922,297371309,0x00000000,0,0,0,0x00000000,0x00000000,1,0,1,0,1
present,8923,297404288,0x00000000,0,0,0,0x00000000,0x00000000,1,0,1,0,1
present,8924,297437217,0x00000000,0,0,0,0x00000000,0x00000000,1,0,1,0,1
present,8925,297471264,0x00000000,0,0,0,0x00000000,0x00000000,1,0,1,0,1
present,8926,297501874,0x00000000,0,0,0,0x00000000,0x00000000,1,0,1,0,1
present,8927,297536768,0x00000000,0,0,0,0x00000000,0x00000000,1,0,1,0,1
present,8928,297570602,0x00000000,0,0,0,0x00000000,0x00000000,1,0,1,0,1
present,8929,297601202,0x00000000,0,0,0,0x00000000,0x00000000,1,0,1,0,1
present,8930,297636823,0x00000000,0,0,0,0x00000000,0x00000000,1,0,1,0,1
present,8931,297666827,0x00000000,0,0,0,0x00000000,0x00000000,1,0,1,0,1
present,8932,297700465,0x00000000,0,0,0,0x00000000,0x00000000,1,0,1,0,1
present,8933,297736712,0x00000000,0,0,0,0x00000000,0x00000000,1,0,1,0,1
present,8934,297769938,0x00000000,0,0,0,0x00000000,0x00000000,1,0,1,0,1
present,8935,297803460,0x00000000,0,0,0,0x00000000,0x00000000,1,0,1,0,1
present,8936,297837252,0x00000000,0,0,0,0x00000000,0x00000000,1,0,1,0,1
present,8937,297871150,0x00000000,0,0,0,0x00000000,0x00000000,1,0,1,0,1
present,8938,297903020,0x00000000,0,0,0,0x00000000,0x00000000,1,0,1,0,1
present,8939,297937980,0x00000000,0,0,0,0x00000000,0x00000000,1,0,1,0,1
present,8940,297971404,0x00000000,0,0,0,0x00000000,0x00000000,1,0,1,0,1
present,8941,298001360,0x00000000,0,0,0,0x00000000,0x00000000,2,0,1,0,1
present,8942,298037318,0x00000000,0,0,0,0x00000000,0x00000000,2,0,1,0,1
present,8943,298070152,0x00000000,0,0,0,0x00000000,0x00000000,2,0,1,0,1
present,8944,298104139,0x00000000,0,0,0,0x00000000,0x00000000,2,0,1,0,1
present,8945,298137097,0x00000000,0,0,0,0x00000000,0x00000000,2,0,1,0,1
present,8946,298167922,0x00000000,0,0,0,0x00000000,0x00000000,2,0,1,0,1
present,8947,298202761,0x00000000,0,0,0,0x00000000,0x00000000,2,0,1,0,1
present,8948,298237556,0x00000000,0,0,0,0x00000000,0x00000000,2,0,1,0,1
present,8949,298270407,0x00000000,0,0,0,0x00000000,0x00000000,2,0,1,0,1
present,8950,298304330,0x00000000,0,0,0,0x00000000,0x00000000,2,0,1,0,1
present,8951,298334211,0x00000000,0,0,0,0x00000000,0x00000000,2,0,1,0,1
present,8952,298367585,0x00000000,0,0,0,0x00000000,0x00000000,2,0,1,0,1
present,8953,298403661,0x00000000,0,0,0,0x00000000,0x00000000,2,0,1,0,1
present,8954,298437616,0x00000000,0,0,0,0x00000000,0x00000000,2,0,1,0,1
present,8955,298470577,0x00000000,0,0,0,0x00000000,0x00000000,2,0,1,0,1
present,8956,298504457,0x00000000,0,0,0,0x00000000,0x00000000,2,0,1,0,1
present,8957,298536169,0x00000000,0,0,0,0x00000000,0x00000000,2,0,1,0,1
present,8958,298571438,0x00000000,0,0,0,0x00000000,0x00000000,2,0,1,0,1
present,8959,298600677,0x00000000,0,0,0,0x00000000,0x00000000,2,0,1,0,1
present,8960,298636954,0x00000000,0,0,0,0x00000000,0x00000000,2,0,1,0,1
present,8961,298667581,0x00000000,0,0,0,0x00000000,0x00000000,2,0,1,0,1
present,8962,298702110,0x00000000,0,0,0,0x00000000,0x00000000,2,0,1,0,1
present,8963,298737367,0x00000000,0,0,0,0x00000000,0x00000000,2,0,1,0,1
present,8964,298770620,0x00000000,0,0,0,0x00000000,0x00000000,2,0,1,0,1
present,8965,298804163,0x00000000,0,0,0,0x00000000,0x00000000,2,0,1,0,1
present,8966,298837751,0x00000000,0,0,0,0x00000000,0x00000000,2,0,1,0,1
present,8967,298867244,0x00000000,0,0,0,0x00000000,0x00000000,2,0,1,0,1
present,8968,298904668,0x00000000,0,0,0,0x00000000,0x00000000,2,0,1,0,1
present,8969,298934515,0x00000000,0,0,0,0x00000000,0x00000000,2,0,1,0,1
present,8970,298971271,0x00000000,0,0,0,0x00000000,0x00000000,2,0,1,0,1
present,8971,299004072,0x00000000,0,0,0,0x00000000,0x00000000,3,0,1,0,1
present,8972,299037007,0x00000000,0,0,0,0x00000000,0x00000000,3,0,1,0,1
present,8973,299070939,0x00000000,0,0,0,0x00000000,0x00000000,3,0,1,0,1
present,8974,299101592,0x00000000,0,0,0,0x00000000,0x00000000,3,0,1,0,1
present,8975,299136931,0x00000000,0,0,0,0x00000000,0x00000000,3,0,1,0,1
present,8976,299167245,0x00000000,0,0,0,0x00000000,0x00000000,3,0,1,0,1
present,8977,299203804,0x00000000,0,0,0,0x00000000,0x00000000,3,0,1,0,1
present,8978,299236375,0x00000000,0,0,0,0x00000000,0x00000000,3,0,1,0,1
present,8979,299271046,0x00000000,0,0,0,0x00000000,0x00000000,3,0,1,0,1
present,8980,299300172,0x00000000,0,0,0,0x00000000,0x00000000,3,0,1,0,1
present,8981,299337993,0x00000000,0,0,0,0x00000000,0x00000000,3,0,1,0,1
present,8982,299369062,0x00000000,0,0,0,0x00000000,0x00000000,3,0,1,0,1
present,8983,299404020,0x00000000,0,0,0,0x00000000,0x00000000,3,0,1,0,1
present,8984,299437943,0x00000000,0,0,0,0x00000000,0x00000000,3,0,1,0,1
present,8985,299469427,0x00000000,0,0,0,0x00000000,0x00000000,3,0,1,0,1
present,8986,299504007,0x00000000,0,0,0,0x00000000,0x00000000,3,0,1,0,1
present,8987,299536868,0x00000000,0,0,0,0x00000000,0x00000000,3,0,1,0,1
present,8988,299568955,0x00000000,0,0,0,0x00000000,0x00000000,3,0,1,0,1
present,8989,299603843,0x00000000,0,0,0,0x00000000,0x00000000,3,0,1,0,1
present,8990,299637220,0x00000000,0,0,0,0x00000000,0x00000000,3,0,1,0,1
present,8991,299670546,0x00000000,0,0,0,0x00000000,0x00000000,3,0,1,0,1
present,8992,299703774,0x00000000,0,0,0,0x00000000,0x00000000,3,0,1,0,1
present,8993,299737039,0x00000000,0,0,0,0x00000000,0x00000000,3,0,1,0,1
present,8994,299770298,0x00000000,0,0,0,0x00000000,0x00000000,3,0,1,0,1
present,8995,299803823,0x00000000,0,0,0,0x00000000,0x00000000,3,0,1,0,1
present,8996,299835457,0x00000000,0,0,0,0x00000000,0x00000000,3,0,1,0,1
present,8997,299869674,0x00000000,0,0,0,0x00000000,0x00000000,3,0,1,0,1
present,8998,299904573,0x00000000,0,0,0,0x00000000,0x00000000,3,0,1,0,1
present,8999,299936475,0x00000000,0,0,0,0x00000000,0x00000000,3,0,1,0,1
present,9000,299969600,0x00000000,0,0,0,0x00000000,0x00000000,3,0,1,0,1
present,9001,300004595,0x00000000,0,0,0,0x00000000,0x00000000,0,0,1,0,1
exit,9001,300037292,0x00000000,0,0
