[mvk-info] MoltenVK version 1.4.2, supporting Vulkan version 1.4.357.
	The following 154 Vulkan extensions are supported:
	VK_KHR_16bit_storage v1
	VK_KHR_8bit_storage v1
	VK_KHR_bind_memory2 v1
	VK_KHR_buffer_device_address v1
	VK_KHR_calibrated_timestamps v1
	VK_KHR_copy_commands2 v1
	VK_KHR_create_renderpass2 v1
	VK_KHR_dedicated_allocation v3
	VK_KHR_deferred_host_operations v4
	VK_KHR_depth_stencil_resolve v1
	VK_KHR_descriptor_update_template v1
	VK_KHR_device_group v4
	VK_KHR_device_group_creation v1
	VK_KHR_driver_properties v1
	VK_KHR_dynamic_rendering v1
	VK_KHR_dynamic_rendering_local_read v1
	VK_KHR_external_fence v1
	VK_KHR_external_fence_capabilities v1
	VK_KHR_external_memory v1
	VK_KHR_external_memory_capabilities v1
	VK_KHR_external_semaphore v1
	VK_KHR_external_semaphore_capabilities v1
	VK_KHR_format_feature_flags2 v2
	VK_KHR_fragment_shader_barycentric v1
	VK_KHR_get_memory_requirements2 v1
	VK_KHR_get_physical_device_properties2 v2
	VK_KHR_get_surface_capabilities2 v1
	VK_KHR_global_priority v1
	VK_KHR_image_format_list v1
	VK_KHR_imageless_framebuffer v1
	VK_KHR_incremental_present v2
	VK_KHR_index_type_uint8 v1
	VK_KHR_line_rasterization v1
	VK_KHR_load_store_op_none v1
	VK_KHR_maintenance1 v2
	VK_KHR_maintenance2 v1
	VK_KHR_maintenance3 v1
	VK_KHR_maintenance4 v2
	VK_KHR_maintenance5 v1
	VK_KHR_maintenance6 v1
	VK_KHR_maintenance7 v1
	VK_KHR_maintenance8 v1
	VK_KHR_maintenance9 v1
	VK_KHR_map_memory2 v1
	VK_KHR_multiview v1
	VK_KHR_portability_subset v1
	VK_KHR_present_id v1
	VK_KHR_present_id2 v1
	VK_KHR_present_wait v1
	VK_KHR_present_wait2 v1
	VK_KHR_push_descriptor v2
	VK_KHR_relaxed_block_layout v1
	VK_KHR_robustness2 v1
	VK_KHR_sampler_mirror_clamp_to_edge v3
	VK_KHR_sampler_ycbcr_conversion v14
	VK_KHR_separate_depth_stencil_layouts v1
	VK_KHR_shader_draw_parameters v1
	VK_KHR_shader_expect_assume v1
	VK_KHR_shader_float_controls v4
	VK_KHR_shader_float_controls2 v1
	VK_KHR_shader_float16_int8 v1
	VK_KHR_shader_fma v1
	VK_KHR_shader_integer_dot_product v1
	VK_KHR_shader_maximal_reconvergence v1
	VK_KHR_shader_non_semantic_info v1
	VK_KHR_shader_quad_control v1
	VK_KHR_shader_relaxed_extended_instruction v1
	VK_KHR_shader_subgroup_extended_types v1
	VK_KHR_shader_subgroup_rotate v2
	VK_KHR_shader_subgroup_uniform_control_flow v1
	VK_KHR_shader_terminate_invocation v1
	VK_KHR_spirv_1_4 v1
	VK_KHR_storage_buffer_storage_class v1
	VK_KHR_surface v25
	VK_KHR_surface_maintenance1 v1
	VK_KHR_surface_protected_capabilities v1
	VK_KHR_swapchain v70
	VK_KHR_swapchain_maintenance1 v1
	VK_KHR_swapchain_mutable_format v1
	VK_KHR_synchronization2 v1
	VK_KHR_timeline_semaphore v2
	VK_KHR_uniform_buffer_standard_layout v1
	VK_KHR_variable_pointers v1
	VK_KHR_vertex_attribute_divisor v1
	VK_KHR_vulkan_memory_model v3
	VK_KHR_zero_initialize_workgroup_memory v1
	VK_EXT_4444_formats v1
	VK_EXT_buffer_device_address v2
	VK_EXT_calibrated_timestamps v2
	VK_EXT_debug_marker v4
	VK_EXT_debug_report v10
	VK_EXT_debug_utils v2
	VK_EXT_depth_clip_control v1
	VK_EXT_descriptor_indexing v2
	VK_EXT_extended_dynamic_state v1
	VK_EXT_extended_dynamic_state2 v1
	VK_EXT_extended_dynamic_state3 v2
	VK_EXT_external_memory_host v1
	VK_EXT_external_memory_metal v1
	VK_EXT_fragment_shader_interlock v1
	VK_EXT_global_priority v2
	VK_EXT_global_priority_query v1
	VK_EXT_hdr_metadata v3
	VK_EXT_headless_surface v1
	VK_EXT_host_image_copy v1
	VK_EXT_host_query_reset v1
	VK_EXT_image_2d_view_of_3d v1
	VK_EXT_image_robustness v1
	VK_EXT_index_type_uint8 v1
	VK_EXT_inline_uniform_block v1
	VK_EXT_layer_settings v2
	VK_EXT_legacy_dithering v2
	VK_EXT_line_rasterization v1
	VK_EXT_load_store_op_none v1
	VK_EXT_memory_budget v1
	VK_EXT_metal_objects v2
	VK_EXT_metal_surface v1
	VK_EXT_non_seamless_cube_map v1
	VK_EXT_pipeline_creation_cache_control v3
	VK_EXT_pipeline_creation_feedback v1
	VK_EXT_pipeline_robustness v1
	VK_EXT_post_depth_coverage v1
	VK_EXT_primitive_topology_list_restart v1
	VK_EXT_private_data v1
	VK_EXT_provoking_vertex v1
	VK_EXT_robustness2 v1
	VK_EXT_sample_locations v1
	VK_EXT_sampler_filter_minmax v2
	VK_EXT_scalar_block_layout v1
	VK_EXT_separate_stencil_usage v1
	VK_EXT_shader_atomic_float v1
	VK_EXT_shader_demote_to_helper_invocation v1
	VK_EXT_shader_stencil_export v1
	VK_EXT_shader_subgroup_ballot v1
	VK_EXT_shader_subgroup_vote v1
	VK_EXT_shader_viewport_index_layer v1
	VK_EXT_subgroup_size_control v2
	VK_EXT_surface_maintenance1 v1
	VK_EXT_swapchain_colorspace v5
	VK_EXT_swapchain_maintenance1 v1
	VK_EXT_texel_buffer_alignment v1
	VK_EXT_texture_compression_astc_hdr v1
	VK_EXT_tooling_info v1
	VK_EXT_vertex_attribute_divisor v3
	VK_AMD_gpu_shader_half_float v2
	VK_AMD_negative_viewport_height v1
	VK_AMD_shader_image_load_store_lod v1
	VK_AMD_shader_trinary_minmax v1
	VK_GOOGLE_display_timing v1
	VK_IMG_format_pvrtc v1
	VK_INTEL_shader_integer_functions2 v1
	VK_MVK_macos_surface v3
	VK_MVK_moltenvk v37
	VK_NV_fragment_shader_barycentric v1
[mvk-info] GPU device:
	model: Apple M3
	type: Integrated
	vendorID: 0x106b
	deviceID: 0x1b000209
	pipelineCacheUUID: DB660224-1B00-0209-0000-000100000000
	GPU memory available: 12124 MB
	GPU memory used: 0 MB
	Metal Shading Language 4.0
	supports the following GPU Features:
		GPU Family Metal 4
		GPU Family Apple 9
		GPU Family Mac 1
		GPU Family Mac 2
		Read-Write Texture Tier 2
[mvk-info] Created VkInstance for Vulkan version 1.3.357, as requested by app, with the following 2 Vulkan extensions enabled:
	VK_KHR_surface v25
	VK_EXT_metal_surface v1
driver=MoltenVK 1.4.2 device=Apple M3 api=1.3.357
ext VK_KHR_swapchain 70
ext VK_KHR_present_id 1
ext VK_KHR_present_wait 1
ext VK_KHR_swapchain_maintenance1 1
ext VK_GOOGLE_display_timing 1
ext VK_KHR_portability_subset 1
features presentId=1 presentWait=1 maintenance1=1
[mvk-info] Vulkan semaphores using Metal implicit guarantees within a single queue.
[mvk-info] Descriptor sets binding resources using Metal3 argument buffers.
[mvk-info] Created VkDevice to run on GPU Apple M3 with the following 6 Vulkan extensions enabled:
	VK_KHR_portability_subset v1
	VK_KHR_present_id v1
	VK_KHR_present_wait v1
	VK_KHR_swapchain v70
	VK_KHR_swapchain_maintenance1 v1
	VK_GOOGLE_display_timing v1
[mvk-info] Created 3 swapchain images with size (640, 360) and contents scale 1.0 in layer (null) (0x7fc46cb36d90) on screen Built-in Retina Display.
surface=640x360 images=3 mode=FIFO refresh_query=0 refresh_ns=16666666 presentId=yes presentWait=yes google=yes
present id=1 class=source result=0 submit_ns=378724784351083 desired_ns=378724810706790 present_call_ns=65083 submit_fence=0 present_fence=-7 present_wait=-7 fence_elapsed_ns=0 wait_elapsed_ns=0
present id=2 class=source result=0 submit_ns=378724789358083 desired_ns=378724827373456 present_call_ns=7292 submit_fence=0 present_fence=-7 present_wait=-7 fence_elapsed_ns=0 wait_elapsed_ns=0
present id=3 class=source result=0 submit_ns=378724797413583 desired_ns=378724844040122 present_call_ns=5667 submit_fence=0 present_fence=-7 present_wait=-7 fence_elapsed_ns=0 wait_elapsed_ns=0
present id=4 class=source result=0 submit_ns=378724803646333 desired_ns=378724860706788 present_call_ns=19750 submit_fence=0 present_fence=-7 present_wait=-7 fence_elapsed_ns=0 wait_elapsed_ns=0
present id=5 class=source result=0 submit_ns=378724819195750 desired_ns=378724877373454 present_call_ns=13791 submit_fence=0 present_fence=-7 present_wait=-7 fence_elapsed_ns=0 wait_elapsed_ns=0
present id=6 class=source result=0 submit_ns=378724835537625 desired_ns=378724894040120 present_call_ns=10041 submit_fence=0 present_fence=-7 present_wait=-7 fence_elapsed_ns=0 wait_elapsed_ns=0
present id=7 class=source result=0 submit_ns=378724852214625 desired_ns=378724910706786 present_call_ns=10375 submit_fence=0 present_fence=-7 present_wait=-7 fence_elapsed_ns=0 wait_elapsed_ns=0
present id=8 class=source result=0 submit_ns=378724868852208 desired_ns=378724927373452 present_call_ns=8333 submit_fence=0 present_fence=-7 present_wait=-7 fence_elapsed_ns=0 wait_elapsed_ns=0
present id=9 class=source result=0 submit_ns=378724885536833 desired_ns=378724944040118 present_call_ns=8542 submit_fence=0 present_fence=-7 present_wait=-7 fence_elapsed_ns=0 wait_elapsed_ns=0
present id=10 class=source result=0 submit_ns=378724902383708 desired_ns=378724960706784 present_call_ns=9292 submit_fence=0 present_fence=-7 present_wait=-7 fence_elapsed_ns=0 wait_elapsed_ns=0
present id=11 class=source result=0 submit_ns=378724919070916 desired_ns=378724977373450 present_call_ns=22709 submit_fence=0 present_fence=-7 present_wait=-7 fence_elapsed_ns=0 wait_elapsed_ns=0
present id=12 class=source result=0 submit_ns=378724935573625 desired_ns=378724994040116 present_call_ns=18500 submit_fence=0 present_fence=-7 present_wait=-7 fence_elapsed_ns=0 wait_elapsed_ns=0
present id=13 class=source result=0 submit_ns=378724952733833 desired_ns=378725010706782 present_call_ns=92708 submit_fence=0 present_fence=-7 present_wait=-7 fence_elapsed_ns=0 wait_elapsed_ns=0
present id=14 class=source result=0 submit_ns=378724969673458 desired_ns=378725027373448 present_call_ns=40792 submit_fence=0 present_fence=-7 present_wait=-7 fence_elapsed_ns=0 wait_elapsed_ns=0
present id=15 class=source result=0 submit_ns=378724986736583 desired_ns=378725044040114 present_call_ns=68542 submit_fence=0 present_fence=-7 present_wait=-7 fence_elapsed_ns=0 wait_elapsed_ns=0
present id=16 class=source result=0 submit_ns=378725003383750 desired_ns=378725060706780 present_call_ns=55708 submit_fence=0 present_fence=-7 present_wait=-7 fence_elapsed_ns=0 wait_elapsed_ns=0
present id=17 class=source result=0 submit_ns=378725019878583 desired_ns=378725077373446 present_call_ns=70792 submit_fence=0 present_fence=-7 present_wait=-7 fence_elapsed_ns=0 wait_elapsed_ns=0
present id=18 class=source result=0 submit_ns=378725036790333 desired_ns=378725094040112 present_call_ns=84125 submit_fence=0 present_fence=-7 present_wait=-7 fence_elapsed_ns=0 wait_elapsed_ns=0
present id=19 class=source result=0 submit_ns=378725053248708 desired_ns=378725110706778 present_call_ns=55250 submit_fence=0 present_fence=-7 present_wait=-7 fence_elapsed_ns=0 wait_elapsed_ns=0
present id=20 class=source result=0 submit_ns=378725069614458 desired_ns=378725127373444 present_call_ns=45958 submit_fence=0 present_fence=-7 present_wait=-7 fence_elapsed_ns=0 wait_elapsed_ns=0
present id=21 class=source result=0 submit_ns=378725086444500 desired_ns=378725144040110 present_call_ns=60458 submit_fence=0 present_fence=-7 present_wait=-7 fence_elapsed_ns=0 wait_elapsed_ns=0
present id=22 class=source result=0 submit_ns=378725103073541 desired_ns=378725160706776 present_call_ns=52959 submit_fence=0 present_fence=-7 present_wait=-7 fence_elapsed_ns=0 wait_elapsed_ns=0
present id=23 class=source result=0 submit_ns=378725119893958 desired_ns=378725177373442 present_call_ns=48167 submit_fence=0 present_fence=-7 present_wait=-7 fence_elapsed_ns=0 wait_elapsed_ns=0
present id=24 class=source result=0 submit_ns=378725136431125 desired_ns=378725194040108 present_call_ns=67458 submit_fence=0 present_fence=-7 present_wait=-7 fence_elapsed_ns=0 wait_elapsed_ns=0
present id=25 class=source result=0 submit_ns=378725153055750 desired_ns=378725210706774 present_call_ns=100375 submit_fence=0 present_fence=-7 present_wait=-7 fence_elapsed_ns=0 wait_elapsed_ns=0
present id=26 class=source result=0 submit_ns=378725169820125 desired_ns=378725227373440 present_call_ns=50458 submit_fence=0 present_fence=-7 present_wait=-7 fence_elapsed_ns=0 wait_elapsed_ns=0
present id=27 class=source result=0 submit_ns=378725186975833 desired_ns=378725244040106 present_call_ns=53250 submit_fence=0 present_fence=-7 present_wait=-7 fence_elapsed_ns=0 wait_elapsed_ns=0
present id=28 class=source result=0 submit_ns=378725203050958 desired_ns=378725260706772 present_call_ns=48500 submit_fence=0 present_fence=-7 present_wait=-7 fence_elapsed_ns=0 wait_elapsed_ns=0
present id=29 class=source result=0 submit_ns=378725220258333 desired_ns=378725277373438 present_call_ns=50708 submit_fence=0 present_fence=-7 present_wait=-7 fence_elapsed_ns=0 wait_elapsed_ns=0
present id=30 class=source result=0 submit_ns=378725236402541 desired_ns=378725294040104 present_call_ns=47875 submit_fence=0 present_fence=-7 present_wait=-7 fence_elapsed_ns=0 wait_elapsed_ns=0
present id=31 class=source result=0 submit_ns=378725253186875 desired_ns=378725310706770 present_call_ns=170833 submit_fence=0 present_fence=-7 present_wait=-7 fence_elapsed_ns=0 wait_elapsed_ns=0
present id=32 class=source result=0 submit_ns=378725269826333 desired_ns=378725327373436 present_call_ns=62542 submit_fence=0 present_fence=-7 present_wait=-7 fence_elapsed_ns=0 wait_elapsed_ns=0
present id=33 class=source result=0 submit_ns=378725286722666 desired_ns=378725344040102 present_call_ns=66459 submit_fence=0 present_fence=-7 present_wait=-7 fence_elapsed_ns=0 wait_elapsed_ns=0
present id=34 class=source result=0 submit_ns=378725303083875 desired_ns=378725360706768 present_call_ns=46375 submit_fence=0 present_fence=-7 present_wait=-7 fence_elapsed_ns=0 wait_elapsed_ns=0
present id=35 class=source result=0 submit_ns=378725319935708 desired_ns=378725377373434 present_call_ns=49667 submit_fence=0 present_fence=-7 present_wait=-7 fence_elapsed_ns=0 wait_elapsed_ns=0
present id=36 class=source result=0 submit_ns=378725336553666 desired_ns=378725394040100 present_call_ns=61542 submit_fence=0 present_fence=-7 present_wait=-7 fence_elapsed_ns=0 wait_elapsed_ns=0
present id=37 class=source result=0 submit_ns=378725353155500 desired_ns=378725410706766 present_call_ns=221958 submit_fence=0 present_fence=-7 present_wait=-7 fence_elapsed_ns=0 wait_elapsed_ns=0
present id=38 class=source result=0 submit_ns=378725369733666 desired_ns=378725427373432 present_call_ns=44250 submit_fence=0 present_fence=-7 present_wait=-7 fence_elapsed_ns=0 wait_elapsed_ns=0
present id=39 class=source result=0 submit_ns=378725386480416 desired_ns=378725444040098 present_call_ns=50250 submit_fence=0 present_fence=-7 present_wait=-7 fence_elapsed_ns=0 wait_elapsed_ns=0
present id=40 class=source result=0 submit_ns=378725403183250 desired_ns=378725460706764 present_call_ns=64250 submit_fence=0 present_fence=-7 present_wait=-7 fence_elapsed_ns=0 wait_elapsed_ns=0
present id=41 class=source result=0 submit_ns=378725419770833 desired_ns=378725477373430 present_call_ns=78167 submit_fence=0 present_fence=-7 present_wait=-7 fence_elapsed_ns=0 wait_elapsed_ns=0
present id=42 class=source result=0 submit_ns=378725436534125 desired_ns=378725494040096 present_call_ns=56041 submit_fence=0 present_fence=-7 present_wait=-7 fence_elapsed_ns=0 wait_elapsed_ns=0
present id=43 class=source result=0 submit_ns=378725453093416 desired_ns=378725510706762 present_call_ns=49334 submit_fence=0 present_fence=-7 present_wait=-7 fence_elapsed_ns=0 wait_elapsed_ns=0
present id=44 class=source result=0 submit_ns=378725469771375 desired_ns=378725527373428 present_call_ns=48875 submit_fence=0 present_fence=-7 present_wait=-7 fence_elapsed_ns=0 wait_elapsed_ns=0
present id=45 class=source result=0 submit_ns=378725486211583 desired_ns=378725544040094 present_call_ns=46083 submit_fence=0 present_fence=-7 present_wait=-7 fence_elapsed_ns=0 wait_elapsed_ns=0
present id=46 class=source result=0 submit_ns=378725502921916 desired_ns=378725560706760 present_call_ns=56125 submit_fence=0 present_fence=-7 present_wait=-7 fence_elapsed_ns=0 wait_elapsed_ns=0
present id=47 class=source result=0 submit_ns=378725519893875 desired_ns=378725577373426 present_call_ns=57208 submit_fence=0 present_fence=-7 present_wait=-7 fence_elapsed_ns=0 wait_elapsed_ns=0
present id=48 class=source result=0 submit_ns=378725536481916 desired_ns=378725594040092 present_call_ns=138125 submit_fence=0 present_fence=-7 present_wait=-7 fence_elapsed_ns=0 wait_elapsed_ns=0
present id=49 class=source result=0 submit_ns=378725553302291 desired_ns=378725610706758 present_call_ns=53667 submit_fence=0 present_fence=-7 present_wait=-7 fence_elapsed_ns=0 wait_elapsed_ns=0
present id=50 class=source result=0 submit_ns=378725570470416 desired_ns=378725627373424 present_call_ns=64209 submit_fence=0 present_fence=-7 present_wait=-7 fence_elapsed_ns=0 wait_elapsed_ns=0
present id=51 class=source result=0 submit_ns=378725586415458 desired_ns=378725644040090 present_call_ns=41875 submit_fence=0 present_fence=-7 present_wait=-7 fence_elapsed_ns=0 wait_elapsed_ns=0
present id=52 class=source result=0 submit_ns=378725603085625 desired_ns=378725660706756 present_call_ns=48166 submit_fence=0 present_fence=-7 present_wait=-7 fence_elapsed_ns=0 wait_elapsed_ns=0
present id=53 class=source result=0 submit_ns=378725619623375 desired_ns=378725677373422 present_call_ns=53750 submit_fence=0 present_fence=-7 present_wait=-7 fence_elapsed_ns=0 wait_elapsed_ns=0
present id=54 class=source result=0 submit_ns=378725636529333 desired_ns=378725694040088 present_call_ns=54125 submit_fence=0 present_fence=-7 present_wait=-7 fence_elapsed_ns=0 wait_elapsed_ns=0
present id=55 class=source result=0 submit_ns=378725653195333 desired_ns=378725710706754 present_call_ns=45583 submit_fence=0 present_fence=-7 present_wait=-7 fence_elapsed_ns=0 wait_elapsed_ns=0
present id=56 class=source result=0 submit_ns=378725669795541 desired_ns=378725727373420 present_call_ns=156625 submit_fence=0 present_fence=-7 present_wait=-7 fence_elapsed_ns=0 wait_elapsed_ns=0
present id=57 class=source result=0 submit_ns=378725693408458 desired_ns=378725744040086 present_call_ns=57750 submit_fence=0 present_fence=-7 present_wait=-7 fence_elapsed_ns=0 wait_elapsed_ns=0
present id=58 class=source result=0 submit_ns=378725703754125 desired_ns=378725760706752 present_call_ns=52291 submit_fence=0 present_fence=-7 present_wait=-7 fence_elapsed_ns=0 wait_elapsed_ns=0
present id=59 class=source result=0 submit_ns=378725719740250 desired_ns=378725777373418 present_call_ns=58583 submit_fence=0 present_fence=-7 present_wait=-7 fence_elapsed_ns=0 wait_elapsed_ns=0
present id=60 class=source result=0 submit_ns=378725735685625 desired_ns=378725794040084 present_call_ns=34041 submit_fence=0 present_fence=-7 present_wait=-7 fence_elapsed_ns=0 wait_elapsed_ns=0
present id=61 class=source result=0 submit_ns=378725752534083 desired_ns=378725810706750 present_call_ns=59458 submit_fence=0 present_fence=-7 present_wait=-7 fence_elapsed_ns=0 wait_elapsed_ns=0
present id=62 class=source result=0 submit_ns=378725769627916 desired_ns=378725827373416 present_call_ns=53459 submit_fence=0 present_fence=-7 present_wait=-7 fence_elapsed_ns=0 wait_elapsed_ns=0
present id=63 class=source result=0 submit_ns=378725785969708 desired_ns=378725844040082 present_call_ns=53042 submit_fence=0 present_fence=-7 present_wait=-7 fence_elapsed_ns=0 wait_elapsed_ns=0
present id=64 class=source result=0 submit_ns=378725802520375 desired_ns=378725860706748 present_call_ns=49083 submit_fence=0 present_fence=-7 present_wait=-7 fence_elapsed_ns=0 wait_elapsed_ns=0
present id=65 class=source result=0 submit_ns=378725819462625 desired_ns=378725877373414 present_call_ns=72625 submit_fence=0 present_fence=-7 present_wait=-7 fence_elapsed_ns=0 wait_elapsed_ns=0
present id=66 class=source result=0 submit_ns=378725836125208 desired_ns=378725894040080 present_call_ns=44792 submit_fence=0 present_fence=-7 present_wait=-7 fence_elapsed_ns=0 wait_elapsed_ns=0
present id=67 class=source result=0 submit_ns=378725853049375 desired_ns=378725910706746 present_call_ns=51625 submit_fence=0 present_fence=-7 present_wait=-7 fence_elapsed_ns=0 wait_elapsed_ns=0
present id=68 class=source result=0 submit_ns=378725869858833 desired_ns=378725927373412 present_call_ns=55500 submit_fence=0 present_fence=-7 present_wait=-7 fence_elapsed_ns=0 wait_elapsed_ns=0
present id=69 class=source result=0 submit_ns=378725886255041 desired_ns=378725944040078 present_call_ns=39375 submit_fence=0 present_fence=-7 present_wait=-7 fence_elapsed_ns=0 wait_elapsed_ns=0
present id=70 class=source result=0 submit_ns=378725903050958 desired_ns=378725960706744 present_call_ns=55667 submit_fence=0 present_fence=-7 present_wait=-7 fence_elapsed_ns=0 wait_elapsed_ns=0
present id=71 class=source result=0 submit_ns=378725920033041 desired_ns=378725977373410 present_call_ns=54167 submit_fence=0 present_fence=-7 present_wait=-7 fence_elapsed_ns=0 wait_elapsed_ns=0
present id=72 class=source result=0 submit_ns=378725936328791 desired_ns=378725994040076 present_call_ns=60292 submit_fence=0 present_fence=-7 present_wait=-7 fence_elapsed_ns=0 wait_elapsed_ns=0
present id=73 class=source result=0 submit_ns=378725953205833 desired_ns=378726010706742 present_call_ns=50000 submit_fence=0 present_fence=-7 present_wait=-7 fence_elapsed_ns=0 wait_elapsed_ns=0
present id=74 class=source result=0 submit_ns=378725969697083 desired_ns=378726027373408 present_call_ns=48417 submit_fence=0 present_fence=-7 present_wait=-7 fence_elapsed_ns=0 wait_elapsed_ns=0
present id=75 class=source result=0 submit_ns=378725986311875 desired_ns=378726044040074 present_call_ns=56291 submit_fence=0 present_fence=-7 present_wait=-7 fence_elapsed_ns=0 wait_elapsed_ns=0
present id=76 class=source result=0 submit_ns=378726002882583 desired_ns=378726060706740 present_call_ns=43583 submit_fence=0 present_fence=-7 present_wait=-7 fence_elapsed_ns=0 wait_elapsed_ns=0
present id=77 class=source result=0 submit_ns=378726019752500 desired_ns=378726077373406 present_call_ns=123666 submit_fence=0 present_fence=-7 present_wait=-7 fence_elapsed_ns=0 wait_elapsed_ns=0
present id=78 class=source result=0 submit_ns=378726036475375 desired_ns=378726094040072 present_call_ns=175916 submit_fence=0 present_fence=-7 present_wait=-7 fence_elapsed_ns=0 wait_elapsed_ns=0
present id=79 class=source result=0 submit_ns=378726052912166 desired_ns=378726110706738 present_call_ns=58334 submit_fence=0 present_fence=-7 present_wait=-7 fence_elapsed_ns=0 wait_elapsed_ns=0
present id=80 class=source result=0 submit_ns=378726069743041 desired_ns=378726127373404 present_call_ns=98459 submit_fence=0 present_fence=-7 present_wait=-7 fence_elapsed_ns=0 wait_elapsed_ns=0
present id=81 class=source result=0 submit_ns=378726086418250 desired_ns=378726144040070 present_call_ns=52458 submit_fence=0 present_fence=-7 present_wait=-7 fence_elapsed_ns=0 wait_elapsed_ns=0
present id=82 class=source result=0 submit_ns=378726103078500 desired_ns=378726160706736 present_call_ns=50041 submit_fence=0 present_fence=-7 present_wait=-7 fence_elapsed_ns=0 wait_elapsed_ns=0
present id=83 class=source result=0 submit_ns=378726119602875 desired_ns=378726177373402 present_call_ns=46541 submit_fence=0 present_fence=-7 present_wait=-7 fence_elapsed_ns=0 wait_elapsed_ns=0
present id=84 class=source result=0 submit_ns=378726136356666 desired_ns=378726194040068 present_call_ns=48167 submit_fence=0 present_fence=-7 present_wait=-7 fence_elapsed_ns=0 wait_elapsed_ns=0
present id=85 class=source result=0 submit_ns=378726153049750 desired_ns=378726210706734 present_call_ns=59583 submit_fence=0 present_fence=-7 present_wait=-7 fence_elapsed_ns=0 wait_elapsed_ns=0
present id=86 class=source result=0 submit_ns=378726169705916 desired_ns=378726227373400 present_call_ns=49542 submit_fence=0 present_fence=-7 present_wait=-7 fence_elapsed_ns=0 wait_elapsed_ns=0
present id=87 class=source result=0 submit_ns=378726186374708 desired_ns=378726244040066 present_call_ns=238667 submit_fence=0 present_fence=-7 present_wait=-7 fence_elapsed_ns=0 wait_elapsed_ns=0
present id=88 class=source result=0 submit_ns=378726203136958 desired_ns=378726260706732 present_call_ns=50000 submit_fence=0 present_fence=-7 present_wait=-7 fence_elapsed_ns=0 wait_elapsed_ns=0
present id=89 class=source result=0 submit_ns=378726219668166 desired_ns=378726277373398 present_call_ns=47667 submit_fence=0 present_fence=-7 present_wait=-7 fence_elapsed_ns=0 wait_elapsed_ns=0
present id=90 class=source result=0 submit_ns=378726237549333 desired_ns=378726294040064 present_call_ns=59667 submit_fence=0 present_fence=-7 present_wait=-7 fence_elapsed_ns=0 wait_elapsed_ns=0
present id=91 class=source result=0 submit_ns=378726253310166 desired_ns=378726310706730 present_call_ns=49875 submit_fence=0 present_fence=-7 present_wait=-7 fence_elapsed_ns=0 wait_elapsed_ns=0
present id=92 class=source result=0 submit_ns=378726269691250 desired_ns=378726327373396 present_call_ns=71791 submit_fence=0 present_fence=-7 present_wait=-7 fence_elapsed_ns=0 wait_elapsed_ns=0
present id=93 class=source result=0 submit_ns=378726286311958 desired_ns=378726344040062 present_call_ns=100583 submit_fence=0 present_fence=-7 present_wait=-7 fence_elapsed_ns=0 wait_elapsed_ns=0
present id=94 class=source result=0 submit_ns=378726303068750 desired_ns=378726360706728 present_call_ns=63458 submit_fence=0 present_fence=-7 present_wait=-7 fence_elapsed_ns=0 wait_elapsed_ns=0
present id=95 class=source result=0 submit_ns=378726319681375 desired_ns=378726377373394 present_call_ns=61250 submit_fence=0 present_fence=-7 present_wait=-7 fence_elapsed_ns=0 wait_elapsed_ns=0
present id=96 class=source result=0 submit_ns=378726336455375 desired_ns=378726394040060 present_call_ns=51083 submit_fence=0 present_fence=-7 present_wait=-7 fence_elapsed_ns=0 wait_elapsed_ns=0
present id=97 class=source result=0 submit_ns=378726352987416 desired_ns=378726410706726 present_call_ns=106834 submit_fence=0 present_fence=-7 present_wait=-7 fence_elapsed_ns=0 wait_elapsed_ns=0
present id=98 class=source result=0 submit_ns=378726369716791 desired_ns=378726427373392 present_call_ns=55542 submit_fence=0 present_fence=-7 present_wait=-7 fence_elapsed_ns=0 wait_elapsed_ns=0
present id=99 class=source result=0 submit_ns=378726386318458 desired_ns=378726444040058 present_call_ns=48125 submit_fence=0 present_fence=-7 present_wait=-7 fence_elapsed_ns=0 wait_elapsed_ns=0
present id=100 class=source result=0 submit_ns=378726402989458 desired_ns=378726460706724 present_call_ns=51458 submit_fence=0 present_fence=-7 present_wait=-7 fence_elapsed_ns=0 wait_elapsed_ns=0
present id=101 class=source result=0 submit_ns=378726419496250 desired_ns=378726477373390 present_call_ns=36625 submit_fence=0 present_fence=-7 present_wait=-7 fence_elapsed_ns=0 wait_elapsed_ns=0
present id=102 class=source result=0 submit_ns=378726436523041 desired_ns=378726494040056 present_call_ns=36125 submit_fence=0 present_fence=-7 present_wait=-7 fence_elapsed_ns=0 wait_elapsed_ns=0
present id=103 class=source result=0 submit_ns=378726453076083 desired_ns=378726510706722 present_call_ns=62458 submit_fence=0 present_fence=-7 present_wait=-7 fence_elapsed_ns=0 wait_elapsed_ns=0
present id=104 class=source result=0 submit_ns=378726469834333 desired_ns=378726527373388 present_call_ns=60417 submit_fence=0 present_fence=-7 present_wait=-7 fence_elapsed_ns=0 wait_elapsed_ns=0
present id=105 class=source result=0 submit_ns=378726486394416 desired_ns=378726544040054 present_call_ns=43084 submit_fence=0 present_fence=-7 present_wait=-7 fence_elapsed_ns=0 wait_elapsed_ns=0
present id=106 class=source result=0 submit_ns=378726503014625 desired_ns=378726560706720 present_call_ns=141083 submit_fence=0 present_fence=-7 present_wait=-7 fence_elapsed_ns=0 wait_elapsed_ns=0
present id=107 class=source result=0 submit_ns=378726519690625 desired_ns=378726577373386 present_call_ns=55416 submit_fence=0 present_fence=-7 present_wait=-7 fence_elapsed_ns=0 wait_elapsed_ns=0
present id=108 class=source result=0 submit_ns=378726536369750 desired_ns=378726594040052 present_call_ns=46291 submit_fence=0 present_fence=-7 present_wait=-7 fence_elapsed_ns=0 wait_elapsed_ns=0
present id=109 class=source result=0 submit_ns=378726552895958 desired_ns=378726610706718 present_call_ns=112750 submit_fence=0 present_fence=-7 present_wait=-7 fence_elapsed_ns=0 wait_elapsed_ns=0
present id=110 class=source result=0 submit_ns=378726569661208 desired_ns=378726627373384 present_call_ns=130708 submit_fence=0 present_fence=-7 present_wait=-7 fence_elapsed_ns=0 wait_elapsed_ns=0
present id=111 class=source result=0 submit_ns=378726586231416 desired_ns=378726644040050 present_call_ns=71167 submit_fence=0 present_fence=-7 present_wait=-7 fence_elapsed_ns=0 wait_elapsed_ns=0
present id=112 class=source result=0 submit_ns=378726603031333 desired_ns=378726660706716 present_call_ns=144417 submit_fence=0 present_fence=-7 present_wait=-7 fence_elapsed_ns=0 wait_elapsed_ns=0
present id=113 class=source result=0 submit_ns=378726619635750 desired_ns=378726677373382 present_call_ns=46000 submit_fence=0 present_fence=-7 present_wait=-7 fence_elapsed_ns=0 wait_elapsed_ns=0
present id=114 class=source result=0 submit_ns=378726636560791 desired_ns=378726694040048 present_call_ns=58625 submit_fence=0 present_fence=-7 present_wait=-7 fence_elapsed_ns=0 wait_elapsed_ns=0
present id=115 class=source result=0 submit_ns=378726652973916 desired_ns=378726710706714 present_call_ns=46750 submit_fence=0 present_fence=-7 present_wait=-7 fence_elapsed_ns=0 wait_elapsed_ns=0
present id=116 class=source result=0 submit_ns=378726669614541 desired_ns=378726727373380 present_call_ns=121000 submit_fence=0 present_fence=-7 present_wait=-7 fence_elapsed_ns=0 wait_elapsed_ns=0
present id=117 class=source result=0 submit_ns=378726687643291 desired_ns=378726744040046 present_call_ns=243250 submit_fence=0 present_fence=-7 present_wait=-7 fence_elapsed_ns=0 wait_elapsed_ns=0
present id=118 class=source result=0 submit_ns=378726703381916 desired_ns=378726760706712 present_call_ns=72959 submit_fence=0 present_fence=-7 present_wait=-7 fence_elapsed_ns=0 wait_elapsed_ns=0
present id=119 class=source result=0 submit_ns=378726719778875 desired_ns=378726777373378 present_call_ns=59708 submit_fence=0 present_fence=-7 present_wait=-7 fence_elapsed_ns=0 wait_elapsed_ns=0
present id=120 class=source result=0 submit_ns=378726736412500 desired_ns=378726794040044 present_call_ns=72083 submit_fence=0 present_fence=-7 present_wait=-7 fence_elapsed_ns=0 wait_elapsed_ns=0
present id=121 class=synthetic result=0 submit_ns=378726753057291 desired_ns=378726810706710 present_call_ns=71834 submit_fence=0 present_fence=-7 present_wait=-7 fence_elapsed_ns=0 wait_elapsed_ns=0
present id=122 class=synthetic result=0 submit_ns=378726770013541 desired_ns=378726827373376 present_call_ns=67584 submit_fence=0 present_fence=-7 present_wait=-7 fence_elapsed_ns=0 wait_elapsed_ns=0
present id=123 class=synthetic result=0 submit_ns=378726786438000 desired_ns=378726844040042 present_call_ns=70125 submit_fence=0 present_fence=-7 present_wait=-7 fence_elapsed_ns=0 wait_elapsed_ns=0
present id=124 class=synthetic result=0 submit_ns=378726803053208 desired_ns=378726860706708 present_call_ns=52833 submit_fence=0 present_fence=-7 present_wait=-7 fence_elapsed_ns=0 wait_elapsed_ns=0
present id=125 class=synthetic result=0 submit_ns=378726819748416 desired_ns=378726877373374 present_call_ns=54167 submit_fence=0 present_fence=-7 present_wait=-7 fence_elapsed_ns=0 wait_elapsed_ns=0
present id=126 class=synthetic result=0 submit_ns=378726836605541 desired_ns=378726894040040 present_call_ns=61167 submit_fence=0 present_fence=-7 present_wait=-7 fence_elapsed_ns=0 wait_elapsed_ns=0
present id=127 class=synthetic result=0 submit_ns=378726853030833 desired_ns=378726910706706 present_call_ns=58000 submit_fence=0 present_fence=-7 present_wait=-7 fence_elapsed_ns=0 wait_elapsed_ns=0
present id=128 class=synthetic result=0 submit_ns=378726869662000 desired_ns=378726927373372 present_call_ns=43041 submit_fence=0 present_fence=-7 present_wait=-7 fence_elapsed_ns=0 wait_elapsed_ns=0
present id=129 class=synthetic result=0 submit_ns=378726885780000 desired_ns=378726944040038 present_call_ns=18208 submit_fence=0 present_fence=-7 present_wait=-7 fence_elapsed_ns=0 wait_elapsed_ns=0
present id=130 class=synthetic result=0 submit_ns=378726902378875 desired_ns=378726960706704 present_call_ns=8583 submit_fence=0 present_fence=-7 present_wait=-7 fence_elapsed_ns=0 wait_elapsed_ns=0
present id=131 class=synthetic result=0 submit_ns=378726918924583 desired_ns=378726977373370 present_call_ns=8458 submit_fence=0 present_fence=-7 present_wait=-7 fence_elapsed_ns=0 wait_elapsed_ns=0
present id=132 class=synthetic result=0 submit_ns=378726935877458 desired_ns=378726994040036 present_call_ns=18917 submit_fence=0 present_fence=-7 present_wait=-7 fence_elapsed_ns=0 wait_elapsed_ns=0
present id=133 class=synthetic result=0 submit_ns=378726952304125 desired_ns=378727010706702 present_call_ns=8291 submit_fence=0 present_fence=-7 present_wait=-7 fence_elapsed_ns=0 wait_elapsed_ns=0
present id=134 class=synthetic result=0 submit_ns=378726969062250 desired_ns=378727027373368 present_call_ns=18250 submit_fence=0 present_fence=-7 present_wait=-7 fence_elapsed_ns=0 wait_elapsed_ns=0
present id=135 class=synthetic result=0 submit_ns=378726985675833 desired_ns=378727044040034 present_call_ns=13208 submit_fence=0 present_fence=-7 present_wait=-7 fence_elapsed_ns=0 wait_elapsed_ns=0
present id=136 class=synthetic result=0 submit_ns=378727002412083 desired_ns=378727060706700 present_call_ns=15708 submit_fence=0 present_fence=-7 present_wait=-7 fence_elapsed_ns=0 wait_elapsed_ns=0
present id=137 class=synthetic result=0 submit_ns=378727019068500 desired_ns=378727077373366 present_call_ns=6250 submit_fence=0 present_fence=-7 present_wait=-7 fence_elapsed_ns=0 wait_elapsed_ns=0
present id=138 class=synthetic result=0 submit_ns=378727035887541 desired_ns=378727094040032 present_call_ns=17209 submit_fence=0 present_fence=-7 present_wait=-7 fence_elapsed_ns=0 wait_elapsed_ns=0
present id=139 class=synthetic result=0 submit_ns=378727052468333 desired_ns=378727110706698 present_call_ns=14417 submit_fence=0 present_fence=-7 present_wait=-7 fence_elapsed_ns=0 wait_elapsed_ns=0
present id=140 class=synthetic result=0 submit_ns=378727068958833 desired_ns=378727127373364 present_call_ns=10250 submit_fence=0 present_fence=-7 present_wait=-7 fence_elapsed_ns=0 wait_elapsed_ns=0
present id=141 class=synthetic result=0 submit_ns=378727085650000 desired_ns=378727144040030 present_call_ns=12041 submit_fence=0 present_fence=-7 present_wait=-7 fence_elapsed_ns=0 wait_elapsed_ns=0
present id=142 class=synthetic result=0 submit_ns=378727102290750 desired_ns=378727160706696 present_call_ns=9166 submit_fence=0 present_fence=-7 present_wait=-7 fence_elapsed_ns=0 wait_elapsed_ns=0
present id=143 class=synthetic result=0 submit_ns=378727119021625 desired_ns=378727177373362 present_call_ns=17250 submit_fence=0 present_fence=-7 present_wait=-7 fence_elapsed_ns=0 wait_elapsed_ns=0
present id=144 class=synthetic result=0 submit_ns=378727135744500 desired_ns=378727194040028 present_call_ns=13833 submit_fence=0 present_fence=-7 present_wait=-7 fence_elapsed_ns=0 wait_elapsed_ns=0
present id=145 class=synthetic result=0 submit_ns=378727152328708 desired_ns=378727210706694 present_call_ns=38708 submit_fence=0 present_fence=-7 present_wait=-7 fence_elapsed_ns=0 wait_elapsed_ns=0
present id=146 class=synthetic result=0 submit_ns=378727169182250 desired_ns=378727227373360 present_call_ns=46166 submit_fence=0 present_fence=-7 present_wait=-7 fence_elapsed_ns=0 wait_elapsed_ns=0
present id=147 class=synthetic result=0 submit_ns=378727186249666 desired_ns=378727244040026 present_call_ns=70917 submit_fence=0 present_fence=-7 present_wait=-7 fence_elapsed_ns=0 wait_elapsed_ns=0
present id=148 class=synthetic result=0 submit_ns=378727202853291 desired_ns=378727260706692 present_call_ns=50917 submit_fence=0 present_fence=-7 present_wait=-7 fence_elapsed_ns=0 wait_elapsed_ns=0
present id=149 class=synthetic result=0 submit_ns=378727219682041 desired_ns=378727277373358 present_call_ns=64667 submit_fence=0 present_fence=-7 present_wait=-7 fence_elapsed_ns=0 wait_elapsed_ns=0
present id=150 class=synthetic result=0 submit_ns=378727235826416 desired_ns=378727294040024 present_call_ns=12417 submit_fence=0 present_fence=-7 present_wait=-7 fence_elapsed_ns=0 wait_elapsed_ns=0
present id=151 class=synthetic result=0 submit_ns=378727252919708 desired_ns=378727310706690 present_call_ns=69208 submit_fence=0 present_fence=-7 present_wait=-7 fence_elapsed_ns=0 wait_elapsed_ns=0
present id=152 class=synthetic result=0 submit_ns=378727269392916 desired_ns=378727327373356 present_call_ns=53834 submit_fence=0 present_fence=-7 present_wait=-7 fence_elapsed_ns=0 wait_elapsed_ns=0
present id=153 class=synthetic result=0 submit_ns=378727286914708 desired_ns=378727344040022 present_call_ns=52792 submit_fence=0 present_fence=-7 present_wait=-7 fence_elapsed_ns=0 wait_elapsed_ns=0
present id=154 class=synthetic result=0 submit_ns=378727302973541 desired_ns=378727360706688 present_call_ns=92000 submit_fence=0 present_fence=-7 present_wait=-7 fence_elapsed_ns=0 wait_elapsed_ns=0
present id=155 class=synthetic result=0 submit_ns=378727319614791 desired_ns=378727377373354 present_call_ns=46959 submit_fence=0 present_fence=-7 present_wait=-7 fence_elapsed_ns=0 wait_elapsed_ns=0
present id=156 class=synthetic result=0 submit_ns=378727336372666 desired_ns=378727394040020 present_call_ns=64584 submit_fence=0 present_fence=-7 present_wait=-7 fence_elapsed_ns=0 wait_elapsed_ns=0
present id=157 class=synthetic result=0 submit_ns=378727353017375 desired_ns=378727410706686 present_call_ns=44041 submit_fence=0 present_fence=-7 present_wait=-7 fence_elapsed_ns=0 wait_elapsed_ns=0
present id=158 class=synthetic result=0 submit_ns=378727369878416 desired_ns=378727427373352 present_call_ns=49959 submit_fence=0 present_fence=-7 present_wait=-7 fence_elapsed_ns=0 wait_elapsed_ns=0
present id=159 class=synthetic result=0 submit_ns=378727386294708 desired_ns=378727444040018 present_call_ns=250208 submit_fence=0 present_fence=-7 present_wait=-7 fence_elapsed_ns=0 wait_elapsed_ns=0
present id=160 class=synthetic result=0 submit_ns=378727403051416 desired_ns=378727460706684 present_call_ns=57875 submit_fence=0 present_fence=-7 present_wait=-7 fence_elapsed_ns=0 wait_elapsed_ns=0
present id=161 class=synthetic result=0 submit_ns=378727419545833 desired_ns=378727477373350 present_call_ns=40500 submit_fence=0 present_fence=-7 present_wait=-7 fence_elapsed_ns=0 wait_elapsed_ns=0
present id=162 class=synthetic result=0 submit_ns=378727436299125 desired_ns=378727494040016 present_call_ns=43875 submit_fence=0 present_fence=-7 present_wait=-7 fence_elapsed_ns=0 wait_elapsed_ns=0
present id=163 class=synthetic result=0 submit_ns=378727452953833 desired_ns=378727510706682 present_call_ns=107042 submit_fence=0 present_fence=-7 present_wait=-7 fence_elapsed_ns=0 wait_elapsed_ns=0
present id=164 class=synthetic result=0 submit_ns=378727469623458 desired_ns=378727527373348 present_call_ns=51458 submit_fence=0 present_fence=-7 present_wait=-7 fence_elapsed_ns=0 wait_elapsed_ns=0
present id=165 class=synthetic result=0 submit_ns=378727486407833 desired_ns=378727544040014 present_call_ns=62542 submit_fence=0 present_fence=-7 present_wait=-7 fence_elapsed_ns=0 wait_elapsed_ns=0
present id=166 class=synthetic result=0 submit_ns=378727502954458 desired_ns=378727560706680 present_call_ns=38583 submit_fence=0 present_fence=-7 present_wait=-7 fence_elapsed_ns=0 wait_elapsed_ns=0
present id=167 class=synthetic result=0 submit_ns=378727520056541 desired_ns=378727577373346 present_call_ns=163125 submit_fence=0 present_fence=-7 present_wait=-7 fence_elapsed_ns=0 wait_elapsed_ns=0
present id=168 class=synthetic result=0 submit_ns=378727536330541 desired_ns=378727594040012 present_call_ns=56584 submit_fence=0 present_fence=-7 present_wait=-7 fence_elapsed_ns=0 wait_elapsed_ns=0
present id=169 class=synthetic result=0 submit_ns=378727552935250 desired_ns=378727610706678 present_call_ns=101250 submit_fence=0 present_fence=-7 present_wait=-7 fence_elapsed_ns=0 wait_elapsed_ns=0
present id=170 class=synthetic result=0 submit_ns=378727569749208 desired_ns=378727627373344 present_call_ns=47583 submit_fence=0 present_fence=-7 present_wait=-7 fence_elapsed_ns=0 wait_elapsed_ns=0
present id=171 class=synthetic result=0 submit_ns=378727586367708 desired_ns=378727644040010 present_call_ns=53167 submit_fence=0 present_fence=-7 present_wait=-7 fence_elapsed_ns=0 wait_elapsed_ns=0
present id=172 class=synthetic result=0 submit_ns=378727602987166 desired_ns=378727660706676 present_call_ns=51084 submit_fence=0 present_fence=-7 present_wait=-7 fence_elapsed_ns=0 wait_elapsed_ns=0
present id=173 class=synthetic result=0 submit_ns=378727619775708 desired_ns=378727677373342 present_call_ns=65792 submit_fence=0 present_fence=-7 present_wait=-7 fence_elapsed_ns=0 wait_elapsed_ns=0
present id=174 class=synthetic result=0 submit_ns=378727636352875 desired_ns=378727694040008 present_call_ns=52375 submit_fence=0 present_fence=-7 present_wait=-7 fence_elapsed_ns=0 wait_elapsed_ns=0
present id=175 class=synthetic result=0 submit_ns=378727652961791 desired_ns=378727710706674 present_call_ns=51667 submit_fence=0 present_fence=-7 present_wait=-7 fence_elapsed_ns=0 wait_elapsed_ns=0
present id=176 class=synthetic result=0 submit_ns=378727669691416 desired_ns=378727727373340 present_call_ns=62709 submit_fence=0 present_fence=-7 present_wait=-7 fence_elapsed_ns=0 wait_elapsed_ns=0
present id=177 class=synthetic result=0 submit_ns=378727694517750 desired_ns=378727744040006 present_call_ns=63541 submit_fence=0 present_fence=-7 present_wait=-7 fence_elapsed_ns=0 wait_elapsed_ns=0
present id=178 class=synthetic result=0 submit_ns=378727703213541 desired_ns=378727760706672 present_call_ns=60959 submit_fence=0 present_fence=-7 present_wait=-7 fence_elapsed_ns=0 wait_elapsed_ns=0
present id=179 class=synthetic result=0 submit_ns=378727719844916 desired_ns=378727777373338 present_call_ns=64209 submit_fence=0 present_fence=-7 present_wait=-7 fence_elapsed_ns=0 wait_elapsed_ns=0
present id=180 class=synthetic result=0 submit_ns=378727736426541 desired_ns=378727794040004 present_call_ns=83709 submit_fence=0 present_fence=-7 present_wait=-7 fence_elapsed_ns=0 wait_elapsed_ns=0
present id=181 class=synthetic result=0 submit_ns=378727753274875 desired_ns=378727810706670 present_call_ns=96416 submit_fence=0 present_fence=-7 present_wait=-7 fence_elapsed_ns=0 wait_elapsed_ns=0
present id=182 class=synthetic result=0 submit_ns=378727769933750 desired_ns=378727827373336 present_call_ns=81833 submit_fence=0 present_fence=-7 present_wait=-7 fence_elapsed_ns=0 wait_elapsed_ns=0
present id=183 class=synthetic result=0 submit_ns=378727786534958 desired_ns=378727844040002 present_call_ns=58833 submit_fence=0 present_fence=-7 present_wait=-7 fence_elapsed_ns=0 wait_elapsed_ns=0
present id=184 class=synthetic result=0 submit_ns=378727803138958 desired_ns=378727860706668 present_call_ns=70333 submit_fence=0 present_fence=-7 present_wait=-7 fence_elapsed_ns=0 wait_elapsed_ns=0
present id=185 class=synthetic result=0 submit_ns=378727819788916 desired_ns=378727877373334 present_call_ns=195459 submit_fence=0 present_fence=-7 present_wait=-7 fence_elapsed_ns=0 wait_elapsed_ns=0
present id=186 class=synthetic result=0 submit_ns=378727836489541 desired_ns=378727894040000 present_call_ns=52084 submit_fence=0 present_fence=-7 present_wait=-7 fence_elapsed_ns=0 wait_elapsed_ns=0
present id=187 class=synthetic result=0 submit_ns=378727853126041 desired_ns=378727910706666 present_call_ns=52000 submit_fence=0 present_fence=-7 present_wait=-7 fence_elapsed_ns=0 wait_elapsed_ns=0
present id=188 class=synthetic result=0 submit_ns=378727869643333 desired_ns=378727927373332 present_call_ns=72083 submit_fence=0 present_fence=-7 present_wait=-7 fence_elapsed_ns=0 wait_elapsed_ns=0
present id=189 class=synthetic result=0 submit_ns=378727886487416 desired_ns=378727944039998 present_call_ns=90959 submit_fence=0 present_fence=-7 present_wait=-7 fence_elapsed_ns=0 wait_elapsed_ns=0
present id=190 class=synthetic result=0 submit_ns=378727903160958 desired_ns=378727960706664 present_call_ns=96750 submit_fence=0 present_fence=-7 present_wait=-7 fence_elapsed_ns=0 wait_elapsed_ns=0
present id=191 class=synthetic result=0 submit_ns=378727919819416 desired_ns=378727977373330 present_call_ns=53542 submit_fence=0 present_fence=-7 present_wait=-7 fence_elapsed_ns=0 wait_elapsed_ns=0
present id=192 class=synthetic result=0 submit_ns=378727936695291 desired_ns=378727994039996 present_call_ns=46125 submit_fence=0 present_fence=-7 present_wait=-7 fence_elapsed_ns=0 wait_elapsed_ns=0
present id=193 class=synthetic result=0 submit_ns=378727953086083 desired_ns=378728010706662 present_call_ns=49917 submit_fence=0 present_fence=-7 present_wait=-7 fence_elapsed_ns=0 wait_elapsed_ns=0
present id=194 class=synthetic result=0 submit_ns=378727969811291 desired_ns=378728027373328 present_call_ns=64209 submit_fence=0 present_fence=-7 present_wait=-7 fence_elapsed_ns=0 wait_elapsed_ns=0
present id=195 class=synthetic result=0 submit_ns=378727986324041 desired_ns=378728044039994 present_call_ns=43334 submit_fence=0 present_fence=-7 present_wait=-7 fence_elapsed_ns=0 wait_elapsed_ns=0
present id=196 class=synthetic result=0 submit_ns=378728003366833 desired_ns=378728060706660 present_call_ns=387125 submit_fence=0 present_fence=-7 present_wait=-7 fence_elapsed_ns=0 wait_elapsed_ns=0
present id=197 class=synthetic result=0 submit_ns=378728019890458 desired_ns=378728077373326 present_call_ns=60000 submit_fence=0 present_fence=-7 present_wait=-7 fence_elapsed_ns=0 wait_elapsed_ns=0
present id=198 class=synthetic result=0 submit_ns=378728036399375 desired_ns=378728094039992 present_call_ns=53791 submit_fence=0 present_fence=-7 present_wait=-7 fence_elapsed_ns=0 wait_elapsed_ns=0
present id=199 class=synthetic result=0 submit_ns=378728053232791 desired_ns=378728110706658 present_call_ns=55792 submit_fence=0 present_fence=-7 present_wait=-7 fence_elapsed_ns=0 wait_elapsed_ns=0
present id=200 class=synthetic result=0 submit_ns=378728069752583 desired_ns=378728127373324 present_call_ns=103042 submit_fence=0 present_fence=-7 present_wait=-7 fence_elapsed_ns=0 wait_elapsed_ns=0
present id=201 class=synthetic result=0 submit_ns=378728086639708 desired_ns=378728144039990 present_call_ns=67542 submit_fence=0 present_fence=-7 present_wait=-7 fence_elapsed_ns=0 wait_elapsed_ns=0
present id=202 class=synthetic result=0 submit_ns=378728102886375 desired_ns=378728160706656 present_call_ns=65500 submit_fence=0 present_fence=-7 present_wait=-7 fence_elapsed_ns=0 wait_elapsed_ns=0
present id=203 class=synthetic result=0 submit_ns=378728119741250 desired_ns=378728177373322 present_call_ns=51208 submit_fence=0 present_fence=-7 present_wait=-7 fence_elapsed_ns=0 wait_elapsed_ns=0
present id=204 class=synthetic result=0 submit_ns=378728136662041 desired_ns=378728194039988 present_call_ns=51875 submit_fence=0 present_fence=-7 present_wait=-7 fence_elapsed_ns=0 wait_elapsed_ns=0
present id=205 class=synthetic result=0 submit_ns=378728153023458 desired_ns=378728210706654 present_call_ns=40708 submit_fence=0 present_fence=-7 present_wait=-7 fence_elapsed_ns=0 wait_elapsed_ns=0
present id=206 class=synthetic result=0 submit_ns=378728169945208 desired_ns=378728227373320 present_call_ns=47458 submit_fence=0 present_fence=-7 present_wait=-7 fence_elapsed_ns=0 wait_elapsed_ns=0
present id=207 class=synthetic result=0 submit_ns=378728186357083 desired_ns=378728244039986 present_call_ns=41917 submit_fence=0 present_fence=-7 present_wait=-7 fence_elapsed_ns=0 wait_elapsed_ns=0
present id=208 class=synthetic result=0 submit_ns=378728203161958 desired_ns=378728260706652 present_call_ns=112375 submit_fence=0 present_fence=-7 present_wait=-7 fence_elapsed_ns=0 wait_elapsed_ns=0
present id=209 class=synthetic result=0 submit_ns=378728219748750 desired_ns=378728277373318 present_call_ns=61958 submit_fence=0 present_fence=-7 present_wait=-7 fence_elapsed_ns=0 wait_elapsed_ns=0
present id=210 class=synthetic result=0 submit_ns=378728236804125 desired_ns=378728294039984 present_call_ns=42875 submit_fence=0 present_fence=-7 present_wait=-7 fence_elapsed_ns=0 wait_elapsed_ns=0
present id=211 class=synthetic result=0 submit_ns=378728253321750 desired_ns=378728310706650 present_call_ns=66125 submit_fence=0 present_fence=-7 present_wait=-7 fence_elapsed_ns=0 wait_elapsed_ns=0
present id=212 class=synthetic result=0 submit_ns=378728269887833 desired_ns=378728327373316 present_call_ns=69042 submit_fence=0 present_fence=-7 present_wait=-7 fence_elapsed_ns=0 wait_elapsed_ns=0
present id=213 class=synthetic result=0 submit_ns=378728286782041 desired_ns=378728344039982 present_call_ns=53625 submit_fence=0 present_fence=-7 present_wait=-7 fence_elapsed_ns=0 wait_elapsed_ns=0
present id=214 class=synthetic result=0 submit_ns=378728302982208 desired_ns=378728360706648 present_call_ns=81875 submit_fence=0 present_fence=-7 present_wait=-7 fence_elapsed_ns=0 wait_elapsed_ns=0
present id=215 class=synthetic result=0 submit_ns=378728320078833 desired_ns=378728377373314 present_call_ns=80958 submit_fence=0 present_fence=-7 present_wait=-7 fence_elapsed_ns=0 wait_elapsed_ns=0
present id=216 class=synthetic result=0 submit_ns=378728336663833 desired_ns=378728394039980 present_call_ns=153417 submit_fence=0 present_fence=-7 present_wait=-7 fence_elapsed_ns=0 wait_elapsed_ns=0
present id=217 class=synthetic result=0 submit_ns=378728353015166 desired_ns=378728410706646 present_call_ns=64792 submit_fence=0 present_fence=-7 present_wait=-7 fence_elapsed_ns=0 wait_elapsed_ns=0
present id=218 class=synthetic result=0 submit_ns=378728369674583 desired_ns=378728427373312 present_call_ns=49125 submit_fence=0 present_fence=-7 present_wait=-7 fence_elapsed_ns=0 wait_elapsed_ns=0
present id=219 class=synthetic result=0 submit_ns=378728386386875 desired_ns=378728444039978 present_call_ns=61000 submit_fence=0 present_fence=-7 present_wait=-7 fence_elapsed_ns=0 wait_elapsed_ns=0
present id=220 class=synthetic result=0 submit_ns=378728403264083 desired_ns=378728460706644 present_call_ns=58750 submit_fence=0 present_fence=-7 present_wait=-7 fence_elapsed_ns=0 wait_elapsed_ns=0
present id=221 class=synthetic result=0 submit_ns=378728419729916 desired_ns=378728477373310 present_call_ns=39792 submit_fence=0 present_fence=-7 present_wait=-7 fence_elapsed_ns=0 wait_elapsed_ns=0
present id=222 class=synthetic result=0 submit_ns=378728436334875 desired_ns=378728494039976 present_call_ns=48333 submit_fence=0 present_fence=-7 present_wait=-7 fence_elapsed_ns=0 wait_elapsed_ns=0
present id=223 class=synthetic result=0 submit_ns=378728453058166 desired_ns=378728510706642 present_call_ns=63875 submit_fence=0 present_fence=-7 present_wait=-7 fence_elapsed_ns=0 wait_elapsed_ns=0
present id=224 class=synthetic result=0 submit_ns=378728469698500 desired_ns=378728527373308 present_call_ns=63625 submit_fence=0 present_fence=-7 present_wait=-7 fence_elapsed_ns=0 wait_elapsed_ns=0
present id=225 class=synthetic result=0 submit_ns=378728486170291 desired_ns=378728544039974 present_call_ns=54250 submit_fence=0 present_fence=-7 present_wait=-7 fence_elapsed_ns=0 wait_elapsed_ns=0
present id=226 class=synthetic result=0 submit_ns=378728503146541 desired_ns=378728560706640 present_call_ns=61709 submit_fence=0 present_fence=-7 present_wait=-7 fence_elapsed_ns=0 wait_elapsed_ns=0
present id=227 class=synthetic result=0 submit_ns=378728519676708 desired_ns=378728577373306 present_call_ns=104667 submit_fence=0 present_fence=-7 present_wait=-7 fence_elapsed_ns=0 wait_elapsed_ns=0
present id=228 class=synthetic result=0 submit_ns=378728536308625 desired_ns=378728594039972 present_call_ns=65625 submit_fence=0 present_fence=-7 present_wait=-7 fence_elapsed_ns=0 wait_elapsed_ns=0
present id=229 class=synthetic result=0 submit_ns=378728552867291 desired_ns=378728610706638 present_call_ns=44792 submit_fence=0 present_fence=-7 present_wait=-7 fence_elapsed_ns=0 wait_elapsed_ns=0
present id=230 class=synthetic result=0 submit_ns=378728569587000 desired_ns=378728627373304 present_call_ns=36708 submit_fence=0 present_fence=-7 present_wait=-7 fence_elapsed_ns=0 wait_elapsed_ns=0
present id=231 class=synthetic result=0 submit_ns=378728586320375 desired_ns=378728644039970 present_call_ns=47208 submit_fence=0 present_fence=-7 present_wait=-7 fence_elapsed_ns=0 wait_elapsed_ns=0
present id=232 class=synthetic result=0 submit_ns=378728602943083 desired_ns=378728660706636 present_call_ns=57625 submit_fence=0 present_fence=-7 present_wait=-7 fence_elapsed_ns=0 wait_elapsed_ns=0
present id=233 class=synthetic result=0 submit_ns=378728619634500 desired_ns=378728677373302 present_call_ns=47541 submit_fence=0 present_fence=-7 present_wait=-7 fence_elapsed_ns=0 wait_elapsed_ns=0
present id=234 class=synthetic result=0 submit_ns=378728636294916 desired_ns=378728694039968 present_call_ns=268834 submit_fence=0 present_fence=-7 present_wait=-7 fence_elapsed_ns=0 wait_elapsed_ns=0
present id=235 class=synthetic result=0 submit_ns=378728653091208 desired_ns=378728710706634 present_call_ns=64708 submit_fence=0 present_fence=-7 present_wait=-7 fence_elapsed_ns=0 wait_elapsed_ns=0
present id=236 class=synthetic result=0 submit_ns=378728669910458 desired_ns=378728727373300 present_call_ns=39792 submit_fence=0 present_fence=-7 present_wait=-7 fence_elapsed_ns=0 wait_elapsed_ns=0
present id=237 class=synthetic result=0 submit_ns=378728693836583 desired_ns=378728744039966 present_call_ns=49083 submit_fence=0 present_fence=-7 present_wait=-7 fence_elapsed_ns=0 wait_elapsed_ns=0
present id=238 class=synthetic result=0 submit_ns=378728702966583 desired_ns=378728760706632 present_call_ns=47500 submit_fence=0 present_fence=-7 present_wait=-7 fence_elapsed_ns=0 wait_elapsed_ns=0
present id=239 class=synthetic result=0 submit_ns=378728719748166 desired_ns=378728777373298 present_call_ns=57959 submit_fence=0 present_fence=-7 present_wait=-7 fence_elapsed_ns=0 wait_elapsed_ns=0
present id=240 class=synthetic result=0 submit_ns=378728736264083 desired_ns=378728794039964 present_call_ns=48250 submit_fence=0 present_fence=-7 present_wait=-7 fence_elapsed_ns=0 wait_elapsed_ns=0
present id=241 class=source result=0 submit_ns=378728753201208 desired_ns=378728810706630 present_call_ns=63167 submit_fence=0 present_fence=-7 present_wait=-7 fence_elapsed_ns=0 wait_elapsed_ns=0
present id=242 class=source result=0 submit_ns=378728770037625 desired_ns=378728827373296 present_call_ns=216083 submit_fence=0 present_fence=-7 present_wait=-7 fence_elapsed_ns=0 wait_elapsed_ns=0
present id=243 class=source result=0 submit_ns=378728786226000 desired_ns=378728844039962 present_call_ns=51208 submit_fence=0 present_fence=-7 present_wait=-7 fence_elapsed_ns=0 wait_elapsed_ns=0
present id=244 class=source result=0 submit_ns=378728802931041 desired_ns=378728860706628 present_call_ns=127334 submit_fence=0 present_fence=-7 present_wait=-7 fence_elapsed_ns=0 wait_elapsed_ns=0
present id=245 class=source result=0 submit_ns=378728819740625 desired_ns=378728877373294 present_call_ns=136375 submit_fence=0 present_fence=-7 present_wait=-7 fence_elapsed_ns=0 wait_elapsed_ns=0
present id=246 class=source result=0 submit_ns=378728836364250 desired_ns=378728894039960 present_call_ns=57875 submit_fence=0 present_fence=-7 present_wait=-7 fence_elapsed_ns=0 wait_elapsed_ns=0
present id=247 class=source result=0 submit_ns=378728853042041 desired_ns=378728910706626 present_call_ns=53959 submit_fence=0 present_fence=-7 present_wait=-7 fence_elapsed_ns=0 wait_elapsed_ns=0
present id=248 class=source result=0 submit_ns=378728870420166 desired_ns=378728927373292 present_call_ns=82084 submit_fence=0 present_fence=-7 present_wait=-7 fence_elapsed_ns=0 wait_elapsed_ns=0
present id=249 class=source result=0 submit_ns=378728886558458 desired_ns=378728944039958 present_call_ns=61958 submit_fence=0 present_fence=-7 present_wait=-7 fence_elapsed_ns=0 wait_elapsed_ns=0
present id=250 class=source result=0 submit_ns=378728902864625 desired_ns=378728960706624 present_call_ns=58916 submit_fence=0 present_fence=-7 present_wait=-7 fence_elapsed_ns=0 wait_elapsed_ns=0
present id=251 class=source result=0 submit_ns=378728919814083 desired_ns=378728977373290 present_call_ns=55000 submit_fence=0 present_fence=-7 present_wait=-7 fence_elapsed_ns=0 wait_elapsed_ns=0
present id=252 class=source result=0 submit_ns=378728936138500 desired_ns=378728994039956 present_call_ns=47875 submit_fence=0 present_fence=-7 present_wait=-7 fence_elapsed_ns=0 wait_elapsed_ns=0
present id=253 class=source result=0 submit_ns=378728953079000 desired_ns=378729010706622 present_call_ns=119458 submit_fence=0 present_fence=-7 present_wait=-7 fence_elapsed_ns=0 wait_elapsed_ns=0
present id=254 class=source result=0 submit_ns=378728969672041 desired_ns=378729027373288 present_call_ns=72334 submit_fence=0 present_fence=-7 present_wait=-7 fence_elapsed_ns=0 wait_elapsed_ns=0
present id=255 class=source result=0 submit_ns=378728986201208 desired_ns=378729044039954 present_call_ns=47958 submit_fence=0 present_fence=-7 present_wait=-7 fence_elapsed_ns=0 wait_elapsed_ns=0
present id=256 class=source result=0 submit_ns=378729002954375 desired_ns=378729060706620 present_call_ns=49041 submit_fence=0 present_fence=-7 present_wait=-7 fence_elapsed_ns=0 wait_elapsed_ns=0
present id=257 class=source result=0 submit_ns=378729019541625 desired_ns=378729077373286 present_call_ns=42125 submit_fence=0 present_fence=-7 present_wait=-7 fence_elapsed_ns=0 wait_elapsed_ns=0
present id=258 class=source result=0 submit_ns=378729036145666 desired_ns=378729094039952 present_call_ns=255584 submit_fence=0 present_fence=-7 present_wait=-7 fence_elapsed_ns=0 wait_elapsed_ns=0
present id=259 class=source result=0 submit_ns=378729053064291 desired_ns=378729110706618 present_call_ns=45875 submit_fence=0 present_fence=-7 present_wait=-7 fence_elapsed_ns=0 wait_elapsed_ns=0
present id=260 class=source result=0 submit_ns=378729069502125 desired_ns=378729127373284 present_call_ns=34541 submit_fence=0 present_fence=-7 present_wait=-7 fence_elapsed_ns=0 wait_elapsed_ns=0
present id=261 class=source result=0 submit_ns=378729085788208 desired_ns=378729144039950 present_call_ns=21708 submit_fence=0 present_fence=-7 present_wait=-7 fence_elapsed_ns=0 wait_elapsed_ns=0
present id=262 class=source result=0 submit_ns=378729102260291 desired_ns=378729160706616 present_call_ns=20167 submit_fence=0 present_fence=-7 present_wait=-7 fence_elapsed_ns=0 wait_elapsed_ns=0
present id=263 class=source result=0 submit_ns=378729119152708 desired_ns=378729177373282 present_call_ns=21667 submit_fence=0 present_fence=-7 present_wait=-7 fence_elapsed_ns=0 wait_elapsed_ns=0
present id=264 class=source result=0 submit_ns=378729135576666 desired_ns=378729194039948 present_call_ns=22209 submit_fence=0 present_fence=-7 present_wait=-7 fence_elapsed_ns=0 wait_elapsed_ns=0
present id=265 class=source result=0 submit_ns=378729152289125 desired_ns=378729210706614 present_call_ns=11000 submit_fence=0 present_fence=-7 present_wait=-7 fence_elapsed_ns=0 wait_elapsed_ns=0
present id=266 class=source result=0 submit_ns=378729169060750 desired_ns=378729227373280 present_call_ns=8541 submit_fence=0 present_fence=-7 present_wait=-7 fence_elapsed_ns=0 wait_elapsed_ns=0
present id=267 class=source result=0 submit_ns=378729185636375 desired_ns=378729244039946 present_call_ns=6166 submit_fence=0 present_fence=-7 present_wait=-7 fence_elapsed_ns=0 wait_elapsed_ns=0
present id=268 class=source result=0 submit_ns=378729202344541 desired_ns=378729260706612 present_call_ns=7625 submit_fence=0 present_fence=-7 present_wait=-7 fence_elapsed_ns=0 wait_elapsed_ns=0
present id=269 class=source result=0 submit_ns=378729219135041 desired_ns=378729277373278 present_call_ns=21459 submit_fence=0 present_fence=-7 present_wait=-7 fence_elapsed_ns=0 wait_elapsed_ns=0
present id=270 class=source result=0 submit_ns=378729235628041 desired_ns=378729294039944 present_call_ns=10000 submit_fence=0 present_fence=-7 present_wait=-7 fence_elapsed_ns=0 wait_elapsed_ns=0
present id=271 class=source result=0 submit_ns=378729252501833 desired_ns=378729310706610 present_call_ns=13375 submit_fence=0 present_fence=-7 present_wait=-7 fence_elapsed_ns=0 wait_elapsed_ns=0
present id=272 class=source result=0 submit_ns=378729269059500 desired_ns=378729327373276 present_call_ns=12375 submit_fence=0 present_fence=-7 present_wait=-7 fence_elapsed_ns=0 wait_elapsed_ns=0
present id=273 class=source result=0 submit_ns=378729285612333 desired_ns=378729344039942 present_call_ns=8417 submit_fence=0 present_fence=-7 present_wait=-7 fence_elapsed_ns=0 wait_elapsed_ns=0
present id=274 class=source result=0 submit_ns=378729302409791 desired_ns=378729360706608 present_call_ns=19584 submit_fence=0 present_fence=-7 present_wait=-7 fence_elapsed_ns=0 wait_elapsed_ns=0
present id=275 class=source result=0 submit_ns=378729319079125 desired_ns=378729377373274 present_call_ns=16875 submit_fence=0 present_fence=-7 present_wait=-7 fence_elapsed_ns=0 wait_elapsed_ns=0
present id=276 class=source result=0 submit_ns=378729335877041 desired_ns=378729394039940 present_call_ns=11750 submit_fence=0 present_fence=-7 present_wait=-7 fence_elapsed_ns=0 wait_elapsed_ns=0
present id=277 class=source result=0 submit_ns=378729371116208 desired_ns=378729410706606 present_call_ns=23458 submit_fence=0 present_fence=-7 present_wait=-7 fence_elapsed_ns=0 wait_elapsed_ns=0
present id=278 class=source result=0 submit_ns=378729371915833 desired_ns=378729427373272 present_call_ns=14583 submit_fence=0 present_fence=-7 present_wait=-7 fence_elapsed_ns=0 wait_elapsed_ns=0
present id=279 class=source result=0 submit_ns=378729386063375 desired_ns=378729444039938 present_call_ns=21916 submit_fence=0 present_fence=-7 present_wait=-7 fence_elapsed_ns=0 wait_elapsed_ns=0
present id=280 class=source result=0 submit_ns=378729403122416 desired_ns=378729460706604 present_call_ns=22959 submit_fence=0 present_fence=-7 present_wait=-7 fence_elapsed_ns=0 wait_elapsed_ns=0
present id=281 class=source result=0 submit_ns=378729420350291 desired_ns=378729477373270 present_call_ns=42292 submit_fence=0 present_fence=-7 present_wait=-7 fence_elapsed_ns=0 wait_elapsed_ns=0
present id=282 class=source result=0 submit_ns=378729436335708 desired_ns=378729494039936 present_call_ns=47042 submit_fence=0 present_fence=-7 present_wait=-7 fence_elapsed_ns=0 wait_elapsed_ns=0
present id=283 class=source result=0 submit_ns=378729453045958 desired_ns=378729510706602 present_call_ns=63250 submit_fence=0 present_fence=-7 present_wait=-7 fence_elapsed_ns=0 wait_elapsed_ns=0
present id=284 class=source result=0 submit_ns=378729469744583 desired_ns=378729527373268 present_call_ns=49125 submit_fence=0 present_fence=-7 present_wait=-7 fence_elapsed_ns=0 wait_elapsed_ns=0
present id=285 class=source result=0 submit_ns=378729486783666 desired_ns=378729544039934 present_call_ns=64792 submit_fence=0 present_fence=-7 present_wait=-7 fence_elapsed_ns=0 wait_elapsed_ns=0
present id=286 class=source result=0 submit_ns=378729503010833 desired_ns=378729560706600 present_call_ns=47125 submit_fence=0 present_fence=-7 present_wait=-7 fence_elapsed_ns=0 wait_elapsed_ns=0
present id=287 class=source result=0 submit_ns=378729519753041 desired_ns=378729577373266 present_call_ns=88042 submit_fence=0 present_fence=-7 present_wait=-7 fence_elapsed_ns=0 wait_elapsed_ns=0
present id=288 class=source result=0 submit_ns=378729536659750 desired_ns=378729594039932 present_call_ns=56583 submit_fence=0 present_fence=-7 present_wait=-7 fence_elapsed_ns=0 wait_elapsed_ns=0
present id=289 class=source result=0 submit_ns=378729553167291 desired_ns=378729610706598 present_call_ns=85417 submit_fence=0 present_fence=-7 present_wait=-7 fence_elapsed_ns=0 wait_elapsed_ns=0
present id=290 class=source result=0 submit_ns=378729570209875 desired_ns=378729627373264 present_call_ns=64125 submit_fence=0 present_fence=-7 present_wait=-7 fence_elapsed_ns=0 wait_elapsed_ns=0
present id=291 class=source result=0 submit_ns=378729586892875 desired_ns=378729644039930 present_call_ns=63500 submit_fence=0 present_fence=-7 present_wait=-7 fence_elapsed_ns=0 wait_elapsed_ns=0
present id=292 class=source result=0 submit_ns=378729604194791 desired_ns=378729660706596 present_call_ns=113834 submit_fence=0 present_fence=-7 present_wait=-7 fence_elapsed_ns=0 wait_elapsed_ns=0
present id=293 class=source result=0 submit_ns=378729620133875 desired_ns=378729677373262 present_call_ns=122041 submit_fence=0 present_fence=-7 present_wait=-7 fence_elapsed_ns=0 wait_elapsed_ns=0
present id=294 class=source result=0 submit_ns=378729636782666 desired_ns=378729694039928 present_call_ns=61625 submit_fence=0 present_fence=-7 present_wait=-7 fence_elapsed_ns=0 wait_elapsed_ns=0
present id=295 class=source result=0 submit_ns=378729653432875 desired_ns=378729710706594 present_call_ns=64333 submit_fence=0 present_fence=-7 present_wait=-7 fence_elapsed_ns=0 wait_elapsed_ns=0
present id=296 class=source result=0 submit_ns=378729669945958 desired_ns=378729727373260 present_call_ns=59333 submit_fence=0 present_fence=-7 present_wait=-7 fence_elapsed_ns=0 wait_elapsed_ns=0
present id=297 class=source result=0 submit_ns=378729692293125 desired_ns=378729744039926 present_call_ns=235625 submit_fence=0 present_fence=-7 present_wait=-7 fence_elapsed_ns=0 wait_elapsed_ns=0
present id=298 class=source result=0 submit_ns=378729703425791 desired_ns=378729760706592 present_call_ns=67000 submit_fence=0 present_fence=-7 present_wait=-7 fence_elapsed_ns=0 wait_elapsed_ns=0
present id=299 class=source result=0 submit_ns=378729720038750 desired_ns=378729777373258 present_call_ns=1490833 submit_fence=0 present_fence=-7 present_wait=-7 fence_elapsed_ns=0 wait_elapsed_ns=0
present id=300 class=source result=0 submit_ns=378729736696250 desired_ns=378729794039924 present_call_ns=63541 submit_fence=0 present_fence=-7 present_wait=-7 fence_elapsed_ns=0 wait_elapsed_ns=0
present id=301 class=source result=0 submit_ns=378729753360166 desired_ns=378729810706590 present_call_ns=61542 submit_fence=0 present_fence=-7 present_wait=-7 fence_elapsed_ns=0 wait_elapsed_ns=0
present id=302 class=source result=0 submit_ns=378729770001708 desired_ns=378729827373256 present_call_ns=267708 submit_fence=0 present_fence=-7 present_wait=-7 fence_elapsed_ns=0 wait_elapsed_ns=0
present id=303 class=source result=0 submit_ns=378729786574041 desired_ns=378729844039922 present_call_ns=59875 submit_fence=0 present_fence=-7 present_wait=-7 fence_elapsed_ns=0 wait_elapsed_ns=0
present id=304 class=source result=0 submit_ns=378729803542125 desired_ns=378729860706588 present_call_ns=74833 submit_fence=0 present_fence=-7 present_wait=-7 fence_elapsed_ns=0 wait_elapsed_ns=0
present id=305 class=source result=0 submit_ns=378729820090541 desired_ns=378729877373254 present_call_ns=63209 submit_fence=0 present_fence=-7 present_wait=-7 fence_elapsed_ns=0 wait_elapsed_ns=0
present id=306 class=source result=0 submit_ns=378729837155583 desired_ns=378729894039920 present_call_ns=57208 submit_fence=0 present_fence=-7 present_wait=-7 fence_elapsed_ns=0 wait_elapsed_ns=0
present id=307 class=source result=0 submit_ns=378729853893500 desired_ns=378729910706586 present_call_ns=55166 submit_fence=0 present_fence=-7 present_wait=-7 fence_elapsed_ns=0 wait_elapsed_ns=0
present id=308 class=source result=0 submit_ns=378729869998250 desired_ns=378729927373252 present_call_ns=71333 submit_fence=0 present_fence=-7 present_wait=-7 fence_elapsed_ns=0 wait_elapsed_ns=0
present id=309 class=source result=0 submit_ns=378729886633333 desired_ns=378729944039918 present_call_ns=53333 submit_fence=0 present_fence=-7 present_wait=-7 fence_elapsed_ns=0 wait_elapsed_ns=0
present id=310 class=source result=0 submit_ns=378729903174916 desired_ns=378729960706584 present_call_ns=69334 submit_fence=0 present_fence=-7 present_wait=-7 fence_elapsed_ns=0 wait_elapsed_ns=0
present id=311 class=source result=0 submit_ns=378729919602166 desired_ns=378729977373250 present_call_ns=74000 submit_fence=0 present_fence=-7 present_wait=-7 fence_elapsed_ns=0 wait_elapsed_ns=0
present id=312 class=source result=0 submit_ns=378729936335750 desired_ns=378729994039916 present_call_ns=61208 submit_fence=0 present_fence=-7 present_wait=-7 fence_elapsed_ns=0 wait_elapsed_ns=0
present id=313 class=source result=0 submit_ns=378729953104125 desired_ns=378730010706582 present_call_ns=54041 submit_fence=0 present_fence=-7 present_wait=-7 fence_elapsed_ns=0 wait_elapsed_ns=0
present id=314 class=source result=0 submit_ns=378729969848833 desired_ns=378730027373248 present_call_ns=71208 submit_fence=0 present_fence=-7 present_wait=-7 fence_elapsed_ns=0 wait_elapsed_ns=0
present id=315 class=source result=0 submit_ns=378729986285291 desired_ns=378730044039914 present_call_ns=55750 submit_fence=0 present_fence=-7 present_wait=-7 fence_elapsed_ns=0 wait_elapsed_ns=0
present id=316 class=source result=0 submit_ns=378730003136083 desired_ns=378730060706580 present_call_ns=46208 submit_fence=0 present_fence=-7 present_wait=-7 fence_elapsed_ns=0 wait_elapsed_ns=0
present id=317 class=source result=0 submit_ns=378730019682416 desired_ns=378730077373246 present_call_ns=45042 submit_fence=0 present_fence=-7 present_wait=-7 fence_elapsed_ns=0 wait_elapsed_ns=0
present id=318 class=source result=0 submit_ns=378730036224875 desired_ns=378730094039912 present_call_ns=51875 submit_fence=0 present_fence=-7 present_wait=-7 fence_elapsed_ns=0 wait_elapsed_ns=0
present id=319 class=source result=0 submit_ns=378730052946541 desired_ns=378730110706578 present_call_ns=98209 submit_fence=0 present_fence=-7 present_wait=-7 fence_elapsed_ns=0 wait_elapsed_ns=0
present id=320 class=source result=0 submit_ns=378730069692166 desired_ns=378730127373244 present_call_ns=64459 submit_fence=0 present_fence=-7 present_wait=-7 fence_elapsed_ns=0 wait_elapsed_ns=0
present id=321 class=source result=0 submit_ns=378730086350166 desired_ns=378730144039910 present_call_ns=42375 submit_fence=0 present_fence=-7 present_wait=-7 fence_elapsed_ns=0 wait_elapsed_ns=0
present id=322 class=source result=0 submit_ns=378730103394625 desired_ns=378730160706576 present_call_ns=49916 submit_fence=0 present_fence=-7 present_wait=-7 fence_elapsed_ns=0 wait_elapsed_ns=0
present id=323 class=source result=0 submit_ns=378730119641958 desired_ns=378730177373242 present_call_ns=43500 submit_fence=0 present_fence=-7 present_wait=-7 fence_elapsed_ns=0 wait_elapsed_ns=0
present id=324 class=source result=0 submit_ns=378730136786041 desired_ns=378730194039908 present_call_ns=54709 submit_fence=0 present_fence=-7 present_wait=-7 fence_elapsed_ns=0 wait_elapsed_ns=0
present id=325 class=source result=0 submit_ns=378730153256166 desired_ns=378730210706574 present_call_ns=51584 submit_fence=0 present_fence=-7 present_wait=-7 fence_elapsed_ns=0 wait_elapsed_ns=0
present id=326 class=source result=0 submit_ns=378730169966416 desired_ns=378730227373240 present_call_ns=52834 submit_fence=0 present_fence=-7 present_wait=-7 fence_elapsed_ns=0 wait_elapsed_ns=0
present id=327 class=source result=0 submit_ns=378730187678291 desired_ns=378730244039906 present_call_ns=47250 submit_fence=0 present_fence=-7 present_wait=-7 fence_elapsed_ns=0 wait_elapsed_ns=0
present id=328 class=source result=0 submit_ns=378730203493125 desired_ns=378730260706572 present_call_ns=65250 submit_fence=0 present_fence=-7 present_wait=-7 fence_elapsed_ns=0 wait_elapsed_ns=0
present id=329 class=source result=0 submit_ns=378730219734875 desired_ns=378730277373238 present_call_ns=53541 submit_fence=0 present_fence=-7 present_wait=-7 fence_elapsed_ns=0 wait_elapsed_ns=0
present id=330 class=source result=0 submit_ns=378730237125000 desired_ns=378730294039904 present_call_ns=223708 submit_fence=0 present_fence=-7 present_wait=-7 fence_elapsed_ns=0 wait_elapsed_ns=0
present id=331 class=source result=0 submit_ns=378730253331125 desired_ns=378730310706570 present_call_ns=53291 submit_fence=0 present_fence=-7 present_wait=-7 fence_elapsed_ns=0 wait_elapsed_ns=0
present id=332 class=source result=0 submit_ns=378730269875458 desired_ns=378730327373236 present_call_ns=50875 submit_fence=0 present_fence=-7 present_wait=-7 fence_elapsed_ns=0 wait_elapsed_ns=0
present id=333 class=source result=0 submit_ns=378730286999833 desired_ns=378730344039902 present_call_ns=71208 submit_fence=0 present_fence=-7 present_wait=-7 fence_elapsed_ns=0 wait_elapsed_ns=0
present id=334 class=source result=0 submit_ns=378730303308500 desired_ns=378730360706568 present_call_ns=286083 submit_fence=0 present_fence=-7 present_wait=-7 fence_elapsed_ns=0 wait_elapsed_ns=0
present id=335 class=source result=0 submit_ns=378730320021708 desired_ns=378730377373234 present_call_ns=64333 submit_fence=0 present_fence=-7 present_wait=-7 fence_elapsed_ns=0 wait_elapsed_ns=0
present id=336 class=source result=0 submit_ns=378730336570958 desired_ns=378730394039900 present_call_ns=135458 submit_fence=0 present_fence=-7 present_wait=-7 fence_elapsed_ns=0 wait_elapsed_ns=0
present id=337 class=source result=0 submit_ns=378730353210833 desired_ns=378730410706566 present_call_ns=54667 submit_fence=0 present_fence=-7 present_wait=-7 fence_elapsed_ns=0 wait_elapsed_ns=0
present id=338 class=source result=0 submit_ns=378730369908458 desired_ns=378730427373232 present_call_ns=55500 submit_fence=0 present_fence=-7 present_wait=-7 fence_elapsed_ns=0 wait_elapsed_ns=0
present id=339 class=source result=0 submit_ns=378730386564875 desired_ns=378730444039898 present_call_ns=51833 submit_fence=0 present_fence=-7 present_wait=-7 fence_elapsed_ns=0 wait_elapsed_ns=0
present id=340 class=source result=0 submit_ns=378730403290083 desired_ns=378730460706564 present_call_ns=69208 submit_fence=0 present_fence=-7 present_wait=-7 fence_elapsed_ns=0 wait_elapsed_ns=0
present id=341 class=source result=0 submit_ns=378730419738041 desired_ns=378730477373230 present_call_ns=48084 submit_fence=0 present_fence=-7 present_wait=-7 fence_elapsed_ns=0 wait_elapsed_ns=0
present id=342 class=source result=0 submit_ns=378730436538541 desired_ns=378730494039896 present_call_ns=51709 submit_fence=0 present_fence=-7 present_wait=-7 fence_elapsed_ns=0 wait_elapsed_ns=0
present id=343 class=source result=0 submit_ns=378730453082958 desired_ns=378730510706562 present_call_ns=48958 submit_fence=0 present_fence=-7 present_wait=-7 fence_elapsed_ns=0 wait_elapsed_ns=0
present id=344 class=source result=0 submit_ns=378730469624458 desired_ns=378730527373228 present_call_ns=38833 submit_fence=0 present_fence=-7 present_wait=-7 fence_elapsed_ns=0 wait_elapsed_ns=0
present id=345 class=source result=0 submit_ns=378730487360000 desired_ns=378730544039894 present_call_ns=51541 submit_fence=0 present_fence=-7 present_wait=-7 fence_elapsed_ns=0 wait_elapsed_ns=0
present id=346 class=source result=0 submit_ns=378730503265916 desired_ns=378730560706560 present_call_ns=54375 submit_fence=0 present_fence=-7 present_wait=-7 fence_elapsed_ns=0 wait_elapsed_ns=0
present id=347 class=source result=0 submit_ns=378730519964958 desired_ns=378730577373226 present_call_ns=54417 submit_fence=0 present_fence=-7 present_wait=-7 fence_elapsed_ns=0 wait_elapsed_ns=0
present id=348 class=source result=0 submit_ns=378730536540416 desired_ns=378730594039892 present_call_ns=50084 submit_fence=0 present_fence=-7 present_wait=-7 fence_elapsed_ns=0 wait_elapsed_ns=0
present id=349 class=source result=0 submit_ns=378730553150541 desired_ns=378730610706558 present_call_ns=48417 submit_fence=0 present_fence=-7 present_wait=-7 fence_elapsed_ns=0 wait_elapsed_ns=0
present id=350 class=source result=0 submit_ns=378730569959958 desired_ns=378730627373224 present_call_ns=49750 submit_fence=0 present_fence=-7 present_wait=-7 fence_elapsed_ns=0 wait_elapsed_ns=0
present id=351 class=source result=0 submit_ns=378730586496291 desired_ns=378730644039890 present_call_ns=57084 submit_fence=0 present_fence=-7 present_wait=-7 fence_elapsed_ns=0 wait_elapsed_ns=0
present id=352 class=source result=0 submit_ns=378730603232375 desired_ns=378730660706556 present_call_ns=55750 submit_fence=0 present_fence=-7 present_wait=-7 fence_elapsed_ns=0 wait_elapsed_ns=0
present id=353 class=source result=0 submit_ns=378730619749833 desired_ns=378730677373222 present_call_ns=170750 submit_fence=0 present_fence=-7 present_wait=-7 fence_elapsed_ns=0 wait_elapsed_ns=0
present id=354 class=source result=0 submit_ns=378730636546708 desired_ns=378730694039888 present_call_ns=55000 submit_fence=0 present_fence=-7 present_wait=-7 fence_elapsed_ns=0 wait_elapsed_ns=0
present id=355 class=source result=0 submit_ns=378730653553083 desired_ns=378730710706554 present_call_ns=63708 submit_fence=0 present_fence=-7 present_wait=-7 fence_elapsed_ns=0 wait_elapsed_ns=0
present id=356 class=source result=0 submit_ns=378730669767583 desired_ns=378730727373220 present_call_ns=97000 submit_fence=0 present_fence=-7 present_wait=-7 fence_elapsed_ns=0 wait_elapsed_ns=0
present id=357 class=source result=0 submit_ns=378730698063916 desired_ns=378730744039886 present_call_ns=392959 submit_fence=0 present_fence=-7 present_wait=-7 fence_elapsed_ns=0 wait_elapsed_ns=0
present id=358 class=source result=0 submit_ns=378730703694250 desired_ns=378730760706552 present_call_ns=121041 submit_fence=0 present_fence=-7 present_wait=-7 fence_elapsed_ns=0 wait_elapsed_ns=0
present id=359 class=source result=0 submit_ns=378730719129833 desired_ns=378730777373218 present_call_ns=62125 submit_fence=0 present_fence=-7 present_wait=-7 fence_elapsed_ns=0 wait_elapsed_ns=0
present id=360 class=source result=0 submit_ns=378730735914833 desired_ns=378730794039884 present_call_ns=42417 submit_fence=0 present_fence=-7 present_wait=-7 fence_elapsed_ns=0 wait_elapsed_ns=0
present id=361 class=synthetic result=0 submit_ns=378730752793458 desired_ns=378730810706550 present_call_ns=54333 submit_fence=0 present_fence=-7 present_wait=-7 fence_elapsed_ns=0 wait_elapsed_ns=0
present id=362 class=synthetic result=0 submit_ns=378730769662291 desired_ns=378730827373216 present_call_ns=48459 submit_fence=0 present_fence=-7 present_wait=-7 fence_elapsed_ns=0 wait_elapsed_ns=0
present id=363 class=synthetic result=0 submit_ns=378730786454333 desired_ns=378730844039882 present_call_ns=54625 submit_fence=0 present_fence=-7 present_wait=-7 fence_elapsed_ns=0 wait_elapsed_ns=0
present id=364 class=synthetic result=0 submit_ns=378730803148791 desired_ns=378730860706548 present_call_ns=46750 submit_fence=0 present_fence=-7 present_wait=-7 fence_elapsed_ns=0 wait_elapsed_ns=0
present id=365 class=synthetic result=0 submit_ns=378730819852625 desired_ns=378730877373214 present_call_ns=46750 submit_fence=0 present_fence=-7 present_wait=-7 fence_elapsed_ns=0 wait_elapsed_ns=0
present id=366 class=synthetic result=0 submit_ns=378730836534958 desired_ns=378730894039880 present_call_ns=50458 submit_fence=0 present_fence=-7 present_wait=-7 fence_elapsed_ns=0 wait_elapsed_ns=0
present id=367 class=synthetic result=0 submit_ns=378730853488541 desired_ns=378730910706546 present_call_ns=54375 submit_fence=0 present_fence=-7 present_wait=-7 fence_elapsed_ns=0 wait_elapsed_ns=0
present id=368 class=synthetic result=0 submit_ns=378730869944500 desired_ns=378730927373212 present_call_ns=47958 submit_fence=0 present_fence=-7 present_wait=-7 fence_elapsed_ns=0 wait_elapsed_ns=0
present id=369 class=synthetic result=0 submit_ns=378730886292000 desired_ns=378730944039878 present_call_ns=42833 submit_fence=0 present_fence=-7 present_wait=-7 fence_elapsed_ns=0 wait_elapsed_ns=0
present id=370 class=synthetic result=0 submit_ns=378730903152416 desired_ns=378730960706544 present_call_ns=49709 submit_fence=0 present_fence=-7 present_wait=-7 fence_elapsed_ns=0 wait_elapsed_ns=0
present id=371 class=synthetic result=0 submit_ns=378730919810625 desired_ns=378730977373210 present_call_ns=47791 submit_fence=0 present_fence=-7 present_wait=-7 fence_elapsed_ns=0 wait_elapsed_ns=0
present id=372 class=synthetic result=0 submit_ns=378730936540791 desired_ns=378730994039876 present_call_ns=50834 submit_fence=0 present_fence=-7 present_wait=-7 fence_elapsed_ns=0 wait_elapsed_ns=0
present id=373 class=synthetic result=0 submit_ns=378730952907416 desired_ns=378731010706542 present_call_ns=52625 submit_fence=0 present_fence=-7 present_wait=-7 fence_elapsed_ns=0 wait_elapsed_ns=0
present id=374 class=synthetic result=0 submit_ns=378730969847958 desired_ns=378731027373208 present_call_ns=56417 submit_fence=0 present_fence=-7 present_wait=-7 fence_elapsed_ns=0 wait_elapsed_ns=0
present id=375 class=synthetic result=0 submit_ns=378730986501458 desired_ns=378731044039874 present_call_ns=59125 submit_fence=0 present_fence=-7 present_wait=-7 fence_elapsed_ns=0 wait_elapsed_ns=0
present id=376 class=synthetic result=0 submit_ns=378731004004375 desired_ns=378731060706540 present_call_ns=39083 submit_fence=0 present_fence=-7 present_wait=-7 fence_elapsed_ns=0 wait_elapsed_ns=0
present id=377 class=synthetic result=0 submit_ns=378731019620208 desired_ns=378731077373206 present_call_ns=39083 submit_fence=0 present_fence=-7 present_wait=-7 fence_elapsed_ns=0 wait_elapsed_ns=0
present id=378 class=synthetic result=0 submit_ns=378731036475583 desired_ns=378731094039872 present_call_ns=47250 submit_fence=0 present_fence=-7 present_wait=-7 fence_elapsed_ns=0 wait_elapsed_ns=0
present id=379 class=synthetic result=0 submit_ns=378731053222958 desired_ns=378731110706538 present_call_ns=43792 submit_fence=0 present_fence=-7 present_wait=-7 fence_elapsed_ns=0 wait_elapsed_ns=0
present id=380 class=synthetic result=0 submit_ns=378731069802250 desired_ns=378731127373204 present_call_ns=46083 submit_fence=0 present_fence=-7 present_wait=-7 fence_elapsed_ns=0 wait_elapsed_ns=0
present id=381 class=synthetic result=0 submit_ns=378731086505166 desired_ns=378731144039870 present_call_ns=51250 submit_fence=0 present_fence=-7 present_wait=-7 fence_elapsed_ns=0 wait_elapsed_ns=0
present id=382 class=synthetic result=0 submit_ns=378731103164041 desired_ns=378731160706536 present_call_ns=48792 submit_fence=0 present_fence=-7 present_wait=-7 fence_elapsed_ns=0 wait_elapsed_ns=0
present id=383 class=synthetic result=0 submit_ns=378731119714041 desired_ns=378731177373202 present_call_ns=59042 submit_fence=0 present_fence=-7 present_wait=-7 fence_elapsed_ns=0 wait_elapsed_ns=0
present id=384 class=synthetic result=0 submit_ns=378731136793000 desired_ns=378731194039868 present_call_ns=53458 submit_fence=0 present_fence=-7 present_wait=-7 fence_elapsed_ns=0 wait_elapsed_ns=0
present id=385 class=synthetic result=0 submit_ns=378731153280375 desired_ns=378731210706534 present_call_ns=64708 submit_fence=0 present_fence=-7 present_wait=-7 fence_elapsed_ns=0 wait_elapsed_ns=0
present id=386 class=synthetic result=0 submit_ns=378731169653500 desired_ns=378731227373200 present_call_ns=54750 submit_fence=0 present_fence=-7 present_wait=-7 fence_elapsed_ns=0 wait_elapsed_ns=0
present id=387 class=synthetic result=0 submit_ns=378731186579458 desired_ns=378731244039866 present_call_ns=75917 submit_fence=0 present_fence=-7 present_wait=-7 fence_elapsed_ns=0 wait_elapsed_ns=0
present id=388 class=synthetic result=0 submit_ns=378731203224875 desired_ns=378731260706532 present_call_ns=60625 submit_fence=0 present_fence=-7 present_wait=-7 fence_elapsed_ns=0 wait_elapsed_ns=0
present id=389 class=synthetic result=0 submit_ns=378731219663958 desired_ns=378731277373198 present_call_ns=55875 submit_fence=0 present_fence=-7 present_wait=-7 fence_elapsed_ns=0 wait_elapsed_ns=0
present id=390 class=synthetic result=0 submit_ns=378731236656583 desired_ns=378731294039864 present_call_ns=53500 submit_fence=0 present_fence=-7 present_wait=-7 fence_elapsed_ns=0 wait_elapsed_ns=0
present id=391 class=synthetic result=0 submit_ns=378731253704375 desired_ns=378731310706530 present_call_ns=56083 submit_fence=0 present_fence=-7 present_wait=-7 fence_elapsed_ns=0 wait_elapsed_ns=0
present id=392 class=synthetic result=0 submit_ns=378731269824458 desired_ns=378731327373196 present_call_ns=87542 submit_fence=0 present_fence=-7 present_wait=-7 fence_elapsed_ns=0 wait_elapsed_ns=0
present id=393 class=synthetic result=0 submit_ns=378731286470333 desired_ns=378731344039862 present_call_ns=50500 submit_fence=0 present_fence=-7 present_wait=-7 fence_elapsed_ns=0 wait_elapsed_ns=0
present id=394 class=synthetic result=0 submit_ns=378731303157916 desired_ns=378731360706528 present_call_ns=67167 submit_fence=0 present_fence=-7 present_wait=-7 fence_elapsed_ns=0 wait_elapsed_ns=0
present id=395 class=synthetic result=0 submit_ns=378731319823416 desired_ns=378731377373194 present_call_ns=51959 submit_fence=0 present_fence=-7 present_wait=-7 fence_elapsed_ns=0 wait_elapsed_ns=0
present id=396 class=synthetic result=0 submit_ns=378731336692000 desired_ns=378731394039860 present_call_ns=53833 submit_fence=0 present_fence=-7 present_wait=-7 fence_elapsed_ns=0 wait_elapsed_ns=0
present id=397 class=synthetic result=0 submit_ns=378731353176500 desired_ns=378731410706526 present_call_ns=59875 submit_fence=0 present_fence=-7 present_wait=-7 fence_elapsed_ns=0 wait_elapsed_ns=0
present id=398 class=synthetic result=0 submit_ns=378731369640041 desired_ns=378731427373192 present_call_ns=90167 submit_fence=0 present_fence=-7 present_wait=-7 fence_elapsed_ns=0 wait_elapsed_ns=0
present id=399 class=synthetic result=0 submit_ns=378731386466416 desired_ns=378731444039858 present_call_ns=63417 submit_fence=0 present_fence=-7 present_wait=-7 fence_elapsed_ns=0 wait_elapsed_ns=0
present id=400 class=synthetic result=0 submit_ns=378731403192750 desired_ns=378731460706524 present_call_ns=49166 submit_fence=0 present_fence=-7 present_wait=-7 fence_elapsed_ns=0 wait_elapsed_ns=0
present id=401 class=synthetic result=0 submit_ns=378731419801958 desired_ns=378731477373190 present_call_ns=51500 submit_fence=0 present_fence=-7 present_wait=-7 fence_elapsed_ns=0 wait_elapsed_ns=0
present id=402 class=synthetic result=0 submit_ns=378731436447875 desired_ns=378731494039856 present_call_ns=53500 submit_fence=0 present_fence=-7 present_wait=-7 fence_elapsed_ns=0 wait_elapsed_ns=0
present id=403 class=synthetic result=0 submit_ns=378731453141666 desired_ns=378731510706522 present_call_ns=42667 submit_fence=0 present_fence=-7 present_wait=-7 fence_elapsed_ns=0 wait_elapsed_ns=0
present id=404 class=synthetic result=0 submit_ns=378731469764083 desired_ns=378731527373188 present_call_ns=59333 submit_fence=0 present_fence=-7 present_wait=-7 fence_elapsed_ns=0 wait_elapsed_ns=0
present id=405 class=synthetic result=0 submit_ns=378731486424916 desired_ns=378731544039854 present_call_ns=50084 submit_fence=0 present_fence=-7 present_wait=-7 fence_elapsed_ns=0 wait_elapsed_ns=0
present id=406 class=synthetic result=0 submit_ns=378731503245791 desired_ns=378731560706520 present_call_ns=48167 submit_fence=0 present_fence=-7 present_wait=-7 fence_elapsed_ns=0 wait_elapsed_ns=0
present id=407 class=synthetic result=0 submit_ns=378731519987875 desired_ns=378731577373186 present_call_ns=51750 submit_fence=0 present_fence=-7 present_wait=-7 fence_elapsed_ns=0 wait_elapsed_ns=0
present id=408 class=synthetic result=0 submit_ns=378731536389458 desired_ns=378731594039852 present_call_ns=45083 submit_fence=0 present_fence=-7 present_wait=-7 fence_elapsed_ns=0 wait_elapsed_ns=0
present id=409 class=synthetic result=0 submit_ns=378731553033750 desired_ns=378731610706518 present_call_ns=63000 submit_fence=0 present_fence=-7 present_wait=-7 fence_elapsed_ns=0 wait_elapsed_ns=0
present id=410 class=synthetic result=0 submit_ns=378731569900958 desired_ns=378731627373184 present_call_ns=42167 submit_fence=0 present_fence=-7 present_wait=-7 fence_elapsed_ns=0 wait_elapsed_ns=0
present id=411 class=synthetic result=0 submit_ns=378731586385000 desired_ns=378731644039850 present_call_ns=108958 submit_fence=0 present_fence=-7 present_wait=-7 fence_elapsed_ns=0 wait_elapsed_ns=0
present id=412 class=synthetic result=0 submit_ns=378731603054458 desired_ns=378731660706516 present_call_ns=45167 submit_fence=0 present_fence=-7 present_wait=-7 fence_elapsed_ns=0 wait_elapsed_ns=0
present id=413 class=synthetic result=0 submit_ns=378731619679875 desired_ns=378731677373182 present_call_ns=63291 submit_fence=0 present_fence=-7 present_wait=-7 fence_elapsed_ns=0 wait_elapsed_ns=0
present id=414 class=synthetic result=0 submit_ns=378731636497708 desired_ns=378731694039848 present_call_ns=64000 submit_fence=0 present_fence=-7 present_wait=-7 fence_elapsed_ns=0 wait_elapsed_ns=0
present id=415 class=synthetic result=0 submit_ns=378731653397333 desired_ns=378731710706514 present_call_ns=68583 submit_fence=0 present_fence=-7 present_wait=-7 fence_elapsed_ns=0 wait_elapsed_ns=0
present id=416 class=synthetic result=0 submit_ns=378731669728916 desired_ns=378731727373180 present_call_ns=58334 submit_fence=0 present_fence=-7 present_wait=-7 fence_elapsed_ns=0 wait_elapsed_ns=0
present id=417 class=synthetic result=0 submit_ns=378731694191458 desired_ns=378731744039846 present_call_ns=50833 submit_fence=0 present_fence=-7 present_wait=-7 fence_elapsed_ns=0 wait_elapsed_ns=0
present id=418 class=synthetic result=0 submit_ns=378731703182708 desired_ns=378731760706512 present_call_ns=111708 submit_fence=0 present_fence=-7 present_wait=-7 fence_elapsed_ns=0 wait_elapsed_ns=0
present id=419 class=synthetic result=0 submit_ns=378731719682000 desired_ns=378731777373178 present_call_ns=54416 submit_fence=0 present_fence=-7 present_wait=-7 fence_elapsed_ns=0 wait_elapsed_ns=0
present id=420 class=synthetic result=0 submit_ns=378731736283375 desired_ns=378731794039844 present_call_ns=52541 submit_fence=0 present_fence=-7 present_wait=-7 fence_elapsed_ns=0 wait_elapsed_ns=0
present id=421 class=synthetic result=0 submit_ns=378731753116291 desired_ns=378731810706510 present_call_ns=81584 submit_fence=0 present_fence=-7 present_wait=-7 fence_elapsed_ns=0 wait_elapsed_ns=0
present id=422 class=synthetic result=0 submit_ns=378731769769666 desired_ns=378731827373176 present_call_ns=63334 submit_fence=0 present_fence=-7 present_wait=-7 fence_elapsed_ns=0 wait_elapsed_ns=0
present id=423 class=synthetic result=0 submit_ns=378731786256125 desired_ns=378731844039842 present_call_ns=63333 submit_fence=0 present_fence=-7 present_wait=-7 fence_elapsed_ns=0 wait_elapsed_ns=0
present id=424 class=synthetic result=0 submit_ns=378731803231041 desired_ns=378731860706508 present_call_ns=57792 submit_fence=0 present_fence=-7 present_wait=-7 fence_elapsed_ns=0 wait_elapsed_ns=0
present id=425 class=synthetic result=0 submit_ns=378731819997875 desired_ns=378731877373174 present_call_ns=69000 submit_fence=0 present_fence=-7 present_wait=-7 fence_elapsed_ns=0 wait_elapsed_ns=0
present id=426 class=synthetic result=0 submit_ns=378731836535375 desired_ns=378731894039840 present_call_ns=55958 submit_fence=0 present_fence=-7 present_wait=-7 fence_elapsed_ns=0 wait_elapsed_ns=0
present id=427 class=synthetic result=0 submit_ns=378731853179166 desired_ns=378731910706506 present_call_ns=64167 submit_fence=0 present_fence=-7 present_wait=-7 fence_elapsed_ns=0 wait_elapsed_ns=0
present id=428 class=synthetic result=0 submit_ns=378731869723500 desired_ns=378731927373172 present_call_ns=49791 submit_fence=0 present_fence=-7 present_wait=-7 fence_elapsed_ns=0 wait_elapsed_ns=0
present id=429 class=synthetic result=0 submit_ns=378731886528750 desired_ns=378731944039838 present_call_ns=118458 submit_fence=0 present_fence=-7 present_wait=-7 fence_elapsed_ns=0 wait_elapsed_ns=0
present id=430 class=synthetic result=0 submit_ns=378731903267416 desired_ns=378731960706504 present_call_ns=44584 submit_fence=0 present_fence=-7 present_wait=-7 fence_elapsed_ns=0 wait_elapsed_ns=0
present id=431 class=synthetic result=0 submit_ns=378731919866125 desired_ns=378731977373170 present_call_ns=61583 submit_fence=0 present_fence=-7 present_wait=-7 fence_elapsed_ns=0 wait_elapsed_ns=0
present id=432 class=synthetic result=0 submit_ns=378731936614083 desired_ns=378731994039836 present_call_ns=54667 submit_fence=0 present_fence=-7 present_wait=-7 fence_elapsed_ns=0 wait_elapsed_ns=0
present id=433 class=synthetic result=0 submit_ns=378731953230291 desired_ns=378732010706502 present_call_ns=57209 submit_fence=0 present_fence=-7 present_wait=-7 fence_elapsed_ns=0 wait_elapsed_ns=0
present id=434 class=synthetic result=0 submit_ns=378731969960375 desired_ns=378732027373168 present_call_ns=56708 submit_fence=0 present_fence=-7 present_wait=-7 fence_elapsed_ns=0 wait_elapsed_ns=0
present id=435 class=synthetic result=0 submit_ns=378731986561333 desired_ns=378732044039834 present_call_ns=70542 submit_fence=0 present_fence=-7 present_wait=-7 fence_elapsed_ns=0 wait_elapsed_ns=0
present id=436 class=synthetic result=0 submit_ns=378732003189875 desired_ns=378732060706500 present_call_ns=62416 submit_fence=0 present_fence=-7 present_wait=-7 fence_elapsed_ns=0 wait_elapsed_ns=0
present id=437 class=synthetic result=0 submit_ns=378732019953916 desired_ns=378732077373166 present_call_ns=88709 submit_fence=0 present_fence=-7 present_wait=-7 fence_elapsed_ns=0 wait_elapsed_ns=0
present id=438 class=synthetic result=0 submit_ns=378732036761166 desired_ns=378732094039832 present_call_ns=56417 submit_fence=0 present_fence=-7 present_wait=-7 fence_elapsed_ns=0 wait_elapsed_ns=0
present id=439 class=synthetic result=0 submit_ns=378732053352291 desired_ns=378732110706498 present_call_ns=150084 submit_fence=0 present_fence=-7 present_wait=-7 fence_elapsed_ns=0 wait_elapsed_ns=0
present id=440 class=synthetic result=0 submit_ns=378732070143208 desired_ns=378732127373164 present_call_ns=59750 submit_fence=0 present_fence=-7 present_wait=-7 fence_elapsed_ns=0 wait_elapsed_ns=0
present id=441 class=synthetic result=0 submit_ns=378732086693958 desired_ns=378732144039830 present_call_ns=154167 submit_fence=0 present_fence=-7 present_wait=-7 fence_elapsed_ns=0 wait_elapsed_ns=0
present id=442 class=synthetic result=0 submit_ns=378732102792500 desired_ns=378732160706496 present_call_ns=39875 submit_fence=0 present_fence=-7 present_wait=-7 fence_elapsed_ns=0 wait_elapsed_ns=0
present id=443 class=synthetic result=0 submit_ns=378732119574666 desired_ns=378732177373162 present_call_ns=29042 submit_fence=0 present_fence=-7 present_wait=-7 fence_elapsed_ns=0 wait_elapsed_ns=0
present id=444 class=synthetic result=0 submit_ns=378732136201291 desired_ns=378732194039828 present_call_ns=20334 submit_fence=0 present_fence=-7 present_wait=-7 fence_elapsed_ns=0 wait_elapsed_ns=0
present id=445 class=synthetic result=0 submit_ns=378732152773083 desired_ns=378732210706494 present_call_ns=13875 submit_fence=0 present_fence=-7 present_wait=-7 fence_elapsed_ns=0 wait_elapsed_ns=0
present id=446 class=synthetic result=0 submit_ns=378732169420708 desired_ns=378732227373160 present_call_ns=17500 submit_fence=0 present_fence=-7 present_wait=-7 fence_elapsed_ns=0 wait_elapsed_ns=0
present id=447 class=synthetic result=0 submit_ns=378732186131708 desired_ns=378732244039826 present_call_ns=20750 submit_fence=0 present_fence=-7 present_wait=-7 fence_elapsed_ns=0 wait_elapsed_ns=0
present id=448 class=synthetic result=0 submit_ns=378732202701458 desired_ns=378732260706492 present_call_ns=43583 submit_fence=0 present_fence=-7 present_wait=-7 fence_elapsed_ns=0 wait_elapsed_ns=0
present id=449 class=synthetic result=0 submit_ns=378732219643041 desired_ns=378732277373158 present_call_ns=63875 submit_fence=0 present_fence=-7 present_wait=-7 fence_elapsed_ns=0 wait_elapsed_ns=0
present id=450 class=synthetic result=0 submit_ns=378732236205333 desired_ns=378732294039824 present_call_ns=91750 submit_fence=0 present_fence=-7 present_wait=-7 fence_elapsed_ns=0 wait_elapsed_ns=0
present id=451 class=synthetic result=0 submit_ns=378732253183041 desired_ns=378732310706490 present_call_ns=54500 submit_fence=0 present_fence=-7 present_wait=-7 fence_elapsed_ns=0 wait_elapsed_ns=0
present id=452 class=synthetic result=0 submit_ns=378732269872000 desired_ns=378732327373156 present_call_ns=60500 submit_fence=0 present_fence=-7 present_wait=-7 fence_elapsed_ns=0 wait_elapsed_ns=0
present id=453 class=synthetic result=0 submit_ns=378732286434500 desired_ns=378732344039822 present_call_ns=52416 submit_fence=0 present_fence=-7 present_wait=-7 fence_elapsed_ns=0 wait_elapsed_ns=0
present id=454 class=synthetic result=0 submit_ns=378732303177958 desired_ns=378732360706488 present_call_ns=46750 submit_fence=0 present_fence=-7 present_wait=-7 fence_elapsed_ns=0 wait_elapsed_ns=0
present id=455 class=synthetic result=0 submit_ns=378732319966291 desired_ns=378732377373154 present_call_ns=49625 submit_fence=0 present_fence=-7 present_wait=-7 fence_elapsed_ns=0 wait_elapsed_ns=0
present id=456 class=synthetic result=0 submit_ns=378732336548500 desired_ns=378732394039820 present_call_ns=54541 submit_fence=0 present_fence=-7 present_wait=-7 fence_elapsed_ns=0 wait_elapsed_ns=0
present id=457 class=synthetic result=0 submit_ns=378732353065791 desired_ns=378732410706486 present_call_ns=60334 submit_fence=0 present_fence=-7 present_wait=-7 fence_elapsed_ns=0 wait_elapsed_ns=0
present id=458 class=synthetic result=0 submit_ns=378732369763083 desired_ns=378732427373152 present_call_ns=62083 submit_fence=0 present_fence=-7 present_wait=-7 fence_elapsed_ns=0 wait_elapsed_ns=0
present id=459 class=synthetic result=0 submit_ns=378732386446083 desired_ns=378732444039818 present_call_ns=46250 submit_fence=0 present_fence=-7 present_wait=-7 fence_elapsed_ns=0 wait_elapsed_ns=0
present id=460 class=synthetic result=0 submit_ns=378732403247166 desired_ns=378732460706484 present_call_ns=76667 submit_fence=0 present_fence=-7 present_wait=-7 fence_elapsed_ns=0 wait_elapsed_ns=0
present id=461 class=synthetic result=0 submit_ns=378732419805833 desired_ns=378732477373150 present_call_ns=53833 submit_fence=0 present_fence=-7 present_wait=-7 fence_elapsed_ns=0 wait_elapsed_ns=0
present id=462 class=synthetic result=0 submit_ns=378732436675791 desired_ns=378732494039816 present_call_ns=752625 submit_fence=0 present_fence=-7 present_wait=-7 fence_elapsed_ns=0 wait_elapsed_ns=0
present id=463 class=synthetic result=0 submit_ns=378732453163333 desired_ns=378732510706482 present_call_ns=43917 submit_fence=0 present_fence=-7 present_wait=-7 fence_elapsed_ns=0 wait_elapsed_ns=0
present id=464 class=synthetic result=0 submit_ns=378732470094791 desired_ns=378732527373148 present_call_ns=64625 submit_fence=0 present_fence=-7 present_wait=-7 fence_elapsed_ns=0 wait_elapsed_ns=0
present id=465 class=synthetic result=0 submit_ns=378732486502375 desired_ns=378732544039814 present_call_ns=53500 submit_fence=0 present_fence=-7 present_wait=-7 fence_elapsed_ns=0 wait_elapsed_ns=0
present id=466 class=synthetic result=0 submit_ns=378732503258958 desired_ns=378732560706480 present_call_ns=110875 submit_fence=0 present_fence=-7 present_wait=-7 fence_elapsed_ns=0 wait_elapsed_ns=0
present id=467 class=synthetic result=0 submit_ns=378732519925666 desired_ns=378732577373146 present_call_ns=74042 submit_fence=0 present_fence=-7 present_wait=-7 fence_elapsed_ns=0 wait_elapsed_ns=0
present id=468 class=synthetic result=0 submit_ns=378732536623666 desired_ns=378732594039812 present_call_ns=57917 submit_fence=0 present_fence=-7 present_wait=-7 fence_elapsed_ns=0 wait_elapsed_ns=0
present id=469 class=synthetic result=0 submit_ns=378732553289375 desired_ns=378732610706478 present_call_ns=56125 submit_fence=0 present_fence=-7 present_wait=-7 fence_elapsed_ns=0 wait_elapsed_ns=0
present id=470 class=synthetic result=0 submit_ns=378732570339000 desired_ns=378732627373144 present_call_ns=144083 submit_fence=0 present_fence=-7 present_wait=-7 fence_elapsed_ns=0 wait_elapsed_ns=0
present id=471 class=synthetic result=0 submit_ns=378732586470375 desired_ns=378732644039810 present_call_ns=53291 submit_fence=0 present_fence=-7 present_wait=-7 fence_elapsed_ns=0 wait_elapsed_ns=0
present id=472 class=synthetic result=0 submit_ns=378732603134541 desired_ns=378732660706476 present_call_ns=51500 submit_fence=0 present_fence=-7 present_wait=-7 fence_elapsed_ns=0 wait_elapsed_ns=0
present id=473 class=synthetic result=0 submit_ns=378732619817833 desired_ns=378732677373142 present_call_ns=50417 submit_fence=0 present_fence=-7 present_wait=-7 fence_elapsed_ns=0 wait_elapsed_ns=0
present id=474 class=synthetic result=0 submit_ns=378732636622291 desired_ns=378732694039808 present_call_ns=73500 submit_fence=0 present_fence=-7 present_wait=-7 fence_elapsed_ns=0 wait_elapsed_ns=0
present id=475 class=synthetic result=0 submit_ns=378732657570083 desired_ns=378732710706474 present_call_ns=83792 submit_fence=0 present_fence=-7 present_wait=-7 fence_elapsed_ns=0 wait_elapsed_ns=0
present id=476 class=synthetic result=0 submit_ns=378732669254541 desired_ns=378732727373140 present_call_ns=41042 submit_fence=0 present_fence=-7 present_wait=-7 fence_elapsed_ns=0 wait_elapsed_ns=0
present id=477 class=synthetic result=0 submit_ns=378732686630958 desired_ns=378732744039806 present_call_ns=35125 submit_fence=0 present_fence=-7 present_wait=-7 fence_elapsed_ns=0 wait_elapsed_ns=0
present id=478 class=synthetic result=0 submit_ns=378732702577291 desired_ns=378732760706472 present_call_ns=32042 submit_fence=0 present_fence=-7 present_wait=-7 fence_elapsed_ns=0 wait_elapsed_ns=0
present id=479 class=synthetic result=0 submit_ns=378732719818375 desired_ns=378732777373138 present_call_ns=44500 submit_fence=0 present_fence=-7 present_wait=-7 fence_elapsed_ns=0 wait_elapsed_ns=0
present id=480 class=synthetic result=0 submit_ns=378732735681250 desired_ns=378732794039804 present_call_ns=28000 submit_fence=0 present_fence=-7 present_wait=-7 fence_elapsed_ns=0 wait_elapsed_ns=0
present id=481 class=source result=0 submit_ns=378732752217875 desired_ns=378732810706470 present_call_ns=23958 submit_fence=0 present_fence=-7 present_wait=-7 fence_elapsed_ns=0 wait_elapsed_ns=0
present id=482 class=source result=0 submit_ns=378732768745250 desired_ns=378732827373136 present_call_ns=18125 submit_fence=0 present_fence=-7 present_wait=-7 fence_elapsed_ns=0 wait_elapsed_ns=0
present id=483 class=source result=0 submit_ns=378732785810291 desired_ns=378732844039802 present_call_ns=15792 submit_fence=0 present_fence=-7 present_wait=-7 fence_elapsed_ns=0 wait_elapsed_ns=0
present id=484 class=source result=0 submit_ns=378732802907416 desired_ns=378732860706468 present_call_ns=16459 submit_fence=0 present_fence=-7 present_wait=-7 fence_elapsed_ns=0 wait_elapsed_ns=0
present id=485 class=source result=0 submit_ns=378732819368791 desired_ns=378732877373134 present_call_ns=21084 submit_fence=0 present_fence=-7 present_wait=-7 fence_elapsed_ns=0 wait_elapsed_ns=0
present id=486 class=source result=0 submit_ns=378733269190125 desired_ns=378732894039800 present_call_ns=50916 submit_fence=0 present_fence=-7 present_wait=-7 fence_elapsed_ns=0 wait_elapsed_ns=0
present id=487 class=source result=0 submit_ns=378733270666583 desired_ns=378732910706466 present_call_ns=22833 submit_fence=0 present_fence=-7 present_wait=-7 fence_elapsed_ns=0 wait_elapsed_ns=0
present id=488 class=source result=0 submit_ns=378733279203458 desired_ns=378732927373132 present_call_ns=29500 submit_fence=0 present_fence=-7 present_wait=-7 fence_elapsed_ns=0 wait_elapsed_ns=0
present id=489 class=source result=0 submit_ns=378733288146708 desired_ns=378732944039798 present_call_ns=51042 submit_fence=0 present_fence=-7 present_wait=-7 fence_elapsed_ns=0 wait_elapsed_ns=0
present id=490 class=source result=0 submit_ns=378733297264458 desired_ns=378732960706464 present_call_ns=52958 submit_fence=0 present_fence=-7 present_wait=-7 fence_elapsed_ns=0 wait_elapsed_ns=0
present id=491 class=source result=0 submit_ns=378733304999583 desired_ns=378732977373130 present_call_ns=32958 submit_fence=0 present_fence=-7 present_wait=-7 fence_elapsed_ns=0 wait_elapsed_ns=0
present id=492 class=source result=0 submit_ns=378733312603541 desired_ns=378732994039796 present_call_ns=50292 submit_fence=0 present_fence=-7 present_wait=-7 fence_elapsed_ns=0 wait_elapsed_ns=0
present id=493 class=source result=0 submit_ns=378733325531125 desired_ns=378733010706462 present_call_ns=47250 submit_fence=0 present_fence=-7 present_wait=-7 fence_elapsed_ns=0 wait_elapsed_ns=0
present id=494 class=source result=0 submit_ns=378733338924208 desired_ns=378733027373128 present_call_ns=120500 submit_fence=0 present_fence=-7 present_wait=-7 fence_elapsed_ns=0 wait_elapsed_ns=0
present id=495 class=source result=0 submit_ns=378733347640000 desired_ns=378733044039794 present_call_ns=35083 submit_fence=0 present_fence=-7 present_wait=-7 fence_elapsed_ns=0 wait_elapsed_ns=0
present id=496 class=source result=0 submit_ns=378733357142083 desired_ns=378733060706460 present_call_ns=33625 submit_fence=0 present_fence=-7 present_wait=-7 fence_elapsed_ns=0 wait_elapsed_ns=0
present id=497 class=source result=0 submit_ns=378733364610333 desired_ns=378733077373126 present_call_ns=34667 submit_fence=0 present_fence=-7 present_wait=-7 fence_elapsed_ns=0 wait_elapsed_ns=0
present id=498 class=source result=0 submit_ns=378733373216000 desired_ns=378733094039792 present_call_ns=36083 submit_fence=0 present_fence=-7 present_wait=-7 fence_elapsed_ns=0 wait_elapsed_ns=0
present id=499 class=source result=0 submit_ns=378733380633500 desired_ns=378733110706458 present_call_ns=33500 submit_fence=0 present_fence=-7 present_wait=-7 fence_elapsed_ns=0 wait_elapsed_ns=0
present id=500 class=source result=0 submit_ns=378733389950458 desired_ns=378733127373124 present_call_ns=32708 submit_fence=0 present_fence=-7 present_wait=-7 fence_elapsed_ns=0 wait_elapsed_ns=0
present id=501 class=source result=0 submit_ns=378733397227125 desired_ns=378733144039790 present_call_ns=22916 submit_fence=0 present_fence=-7 present_wait=-7 fence_elapsed_ns=0 wait_elapsed_ns=0
present id=502 class=source result=0 submit_ns=378733405747458 desired_ns=378733160706456 present_call_ns=33000 submit_fence=0 present_fence=-7 present_wait=-7 fence_elapsed_ns=0 wait_elapsed_ns=0
present id=503 class=source result=0 submit_ns=378733414429291 desired_ns=378733177373122 present_call_ns=20292 submit_fence=0 present_fence=-7 present_wait=-7 fence_elapsed_ns=0 wait_elapsed_ns=0
present id=504 class=source result=0 submit_ns=378733422706833 desired_ns=378733194039788 present_call_ns=24083 submit_fence=0 present_fence=-7 present_wait=-7 fence_elapsed_ns=0 wait_elapsed_ns=0
present id=505 class=source result=0 submit_ns=378733431039833 desired_ns=378733210706454 present_call_ns=22333 submit_fence=0 present_fence=-7 present_wait=-7 fence_elapsed_ns=0 wait_elapsed_ns=0
present id=506 class=source result=0 submit_ns=378733439309041 desired_ns=378733227373120 present_call_ns=30375 submit_fence=0 present_fence=-7 present_wait=-7 fence_elapsed_ns=0 wait_elapsed_ns=0
present id=507 class=source result=0 submit_ns=378733447601833 desired_ns=378733244039786 present_call_ns=24417 submit_fence=0 present_fence=-7 present_wait=-7 fence_elapsed_ns=0 wait_elapsed_ns=0
present id=508 class=source result=0 submit_ns=378733456193708 desired_ns=378733260706452 present_call_ns=33708 submit_fence=0 present_fence=-7 present_wait=-7 fence_elapsed_ns=0 wait_elapsed_ns=0
present id=509 class=source result=0 submit_ns=378733464975375 desired_ns=378733277373118 present_call_ns=25833 submit_fence=0 present_fence=-7 present_wait=-7 fence_elapsed_ns=0 wait_elapsed_ns=0
present id=510 class=source result=0 submit_ns=378733473085875 desired_ns=378733294039784 present_call_ns=28250 submit_fence=0 present_fence=-7 present_wait=-7 fence_elapsed_ns=0 wait_elapsed_ns=0
present id=511 class=source result=0 submit_ns=378733481294583 desired_ns=378733310706450 present_call_ns=19500 submit_fence=0 present_fence=-7 present_wait=-7 fence_elapsed_ns=0 wait_elapsed_ns=0
present id=512 class=source result=0 submit_ns=378733489639625 desired_ns=378733327373116 present_call_ns=20875 submit_fence=0 present_fence=-7 present_wait=-7 fence_elapsed_ns=0 wait_elapsed_ns=0
present id=513 class=source result=0 submit_ns=378733498130250 desired_ns=378733344039782 present_call_ns=26458 submit_fence=0 present_fence=-7 present_wait=-7 fence_elapsed_ns=0 wait_elapsed_ns=0
present id=514 class=source result=0 submit_ns=378733506472708 desired_ns=378733360706448 present_call_ns=37292 submit_fence=0 present_fence=-7 present_wait=-7 fence_elapsed_ns=0 wait_elapsed_ns=0
present id=515 class=source result=0 submit_ns=378733514712916 desired_ns=378733377373114 present_call_ns=22500 submit_fence=0 present_fence=-7 present_wait=-7 fence_elapsed_ns=0 wait_elapsed_ns=0
present id=516 class=source result=0 submit_ns=378733522867541 desired_ns=378733394039780 present_call_ns=15250 submit_fence=0 present_fence=-7 present_wait=-7 fence_elapsed_ns=0 wait_elapsed_ns=0
present id=517 class=source result=0 submit_ns=378733531126625 desired_ns=378733410706446 present_call_ns=25291 submit_fence=0 present_fence=-7 present_wait=-7 fence_elapsed_ns=0 wait_elapsed_ns=0
present id=518 class=source result=0 submit_ns=378733539320083 desired_ns=378733427373112 present_call_ns=20833 submit_fence=0 present_fence=-7 present_wait=-7 fence_elapsed_ns=0 wait_elapsed_ns=0
present id=519 class=source result=0 submit_ns=378733547615541 desired_ns=378733444039778 present_call_ns=12375 submit_fence=0 present_fence=-7 present_wait=-7 fence_elapsed_ns=0 wait_elapsed_ns=0
present id=520 class=source result=0 submit_ns=378733555905458 desired_ns=378733460706444 present_call_ns=11000 submit_fence=0 present_fence=-7 present_wait=-7 fence_elapsed_ns=0 wait_elapsed_ns=0
present id=521 class=source result=0 submit_ns=378733564348208 desired_ns=378733477373110 present_call_ns=18667 submit_fence=0 present_fence=-7 present_wait=-7 fence_elapsed_ns=0 wait_elapsed_ns=0
present id=522 class=source result=0 submit_ns=378733572575791 desired_ns=378733494039776 present_call_ns=8209 submit_fence=0 present_fence=-7 present_wait=-7 fence_elapsed_ns=0 wait_elapsed_ns=0
present id=523 class=source result=0 submit_ns=378733580614208 desired_ns=378733510706442 present_call_ns=5417 submit_fence=0 present_fence=-7 present_wait=-7 fence_elapsed_ns=0 wait_elapsed_ns=0
present id=524 class=source result=0 submit_ns=378733588798708 desired_ns=378733527373108 present_call_ns=4542 submit_fence=0 present_fence=-7 present_wait=-7 fence_elapsed_ns=0 wait_elapsed_ns=0
present id=525 class=source result=0 submit_ns=378733598080416 desired_ns=378733544039774 present_call_ns=10667 submit_fence=0 present_fence=-7 present_wait=-7 fence_elapsed_ns=0 wait_elapsed_ns=0
present id=526 class=source result=0 submit_ns=378733606392791 desired_ns=378733560706440 present_call_ns=8917 submit_fence=0 present_fence=-7 present_wait=-7 fence_elapsed_ns=0 wait_elapsed_ns=0
present id=527 class=source result=0 submit_ns=378733614004291 desired_ns=378733577373106 present_call_ns=7375 submit_fence=0 present_fence=-7 present_wait=-7 fence_elapsed_ns=0 wait_elapsed_ns=0
present id=528 class=source result=0 submit_ns=378733622107625 desired_ns=378733594039772 present_call_ns=4625 submit_fence=0 present_fence=-7 present_wait=-7 fence_elapsed_ns=0 wait_elapsed_ns=0
present id=529 class=source result=0 submit_ns=378733631416083 desired_ns=378733610706438 present_call_ns=10292 submit_fence=0 present_fence=-7 present_wait=-7 fence_elapsed_ns=0 wait_elapsed_ns=0
present id=530 class=source result=0 submit_ns=378733639605541 desired_ns=378733627373104 present_call_ns=4625 submit_fence=0 present_fence=-7 present_wait=-7 fence_elapsed_ns=0 wait_elapsed_ns=0
present id=531 class=source result=0 submit_ns=378733647619250 desired_ns=378733644039770 present_call_ns=4500 submit_fence=0 present_fence=-7 present_wait=-7 fence_elapsed_ns=0 wait_elapsed_ns=0
present id=532 class=source result=0 submit_ns=378733655790458 desired_ns=378733660706436 present_call_ns=4042 submit_fence=0 present_fence=-7 present_wait=-7 fence_elapsed_ns=0 wait_elapsed_ns=0
present id=533 class=source result=0 submit_ns=378733663807041 desired_ns=378733677373102 present_call_ns=6834 submit_fence=0 present_fence=-7 present_wait=-7 fence_elapsed_ns=0 wait_elapsed_ns=0
present id=534 class=source result=0 submit_ns=378733672105250 desired_ns=378733694039768 present_call_ns=7041 submit_fence=0 present_fence=-7 present_wait=-7 fence_elapsed_ns=0 wait_elapsed_ns=0
present id=535 class=source result=0 submit_ns=378733681432125 desired_ns=378733710706434 present_call_ns=12791 submit_fence=0 present_fence=-7 present_wait=-7 fence_elapsed_ns=0 wait_elapsed_ns=0
present id=536 class=source result=0 submit_ns=378733689680125 desired_ns=378733727373100 present_call_ns=6291 submit_fence=0 present_fence=-7 present_wait=-7 fence_elapsed_ns=0 wait_elapsed_ns=0
present id=537 class=source result=0 submit_ns=378733697639208 desired_ns=378733744039766 present_call_ns=11542 submit_fence=0 present_fence=-7 present_wait=-7 fence_elapsed_ns=0 wait_elapsed_ns=0
present id=538 class=source result=0 submit_ns=378733705827041 desired_ns=378733760706432 present_call_ns=25750 submit_fence=0 present_fence=-7 present_wait=-7 fence_elapsed_ns=0 wait_elapsed_ns=0
present id=539 class=source result=0 submit_ns=378733713967375 desired_ns=378733777373098 present_call_ns=7958 submit_fence=0 present_fence=-7 present_wait=-7 fence_elapsed_ns=0 wait_elapsed_ns=0
present id=540 class=source result=0 submit_ns=378733722153416 desired_ns=378733794039764 present_call_ns=6042 submit_fence=0 present_fence=-7 present_wait=-7 fence_elapsed_ns=0 wait_elapsed_ns=0
present id=541 class=source result=0 submit_ns=378733731595958 desired_ns=378733810706430 present_call_ns=6167 submit_fence=0 present_fence=-7 present_wait=-7 fence_elapsed_ns=0 wait_elapsed_ns=0
present id=542 class=source result=0 submit_ns=378733739873541 desired_ns=378733827373096 present_call_ns=6000 submit_fence=0 present_fence=-7 present_wait=-7 fence_elapsed_ns=0 wait_elapsed_ns=0
present id=543 class=source result=0 submit_ns=378733747975541 desired_ns=378733844039762 present_call_ns=6500 submit_fence=0 present_fence=-7 present_wait=-7 fence_elapsed_ns=0 wait_elapsed_ns=0
present id=544 class=source result=0 submit_ns=378733756196958 desired_ns=378733860706428 present_call_ns=17833 submit_fence=0 present_fence=-7 present_wait=-7 fence_elapsed_ns=0 wait_elapsed_ns=0
present id=545 class=source result=0 submit_ns=378733764396000 desired_ns=378733877373094 present_call_ns=9750 submit_fence=0 present_fence=-7 present_wait=-7 fence_elapsed_ns=0 wait_elapsed_ns=0
present id=546 class=source result=0 submit_ns=378733772616416 desired_ns=378733894039760 present_call_ns=8000 submit_fence=0 present_fence=-7 present_wait=-7 fence_elapsed_ns=0 wait_elapsed_ns=0
present id=547 class=source result=0 submit_ns=378733780864208 desired_ns=378733910706426 present_call_ns=12708 submit_fence=0 present_fence=-7 present_wait=-7 fence_elapsed_ns=0 wait_elapsed_ns=0
present id=548 class=source result=0 submit_ns=378733788961750 desired_ns=378733927373092 present_call_ns=10791 submit_fence=0 present_fence=-7 present_wait=-7 fence_elapsed_ns=0 wait_elapsed_ns=0
present id=549 class=source result=0 submit_ns=378733797257916 desired_ns=378733944039758 present_call_ns=10042 submit_fence=0 present_fence=-7 present_wait=-7 fence_elapsed_ns=0 wait_elapsed_ns=0
present id=550 class=source result=0 submit_ns=378733805470916 desired_ns=378733960706424 present_call_ns=8042 submit_fence=0 present_fence=-7 present_wait=-7 fence_elapsed_ns=0 wait_elapsed_ns=0
present id=551 class=source result=0 submit_ns=378733813714625 desired_ns=378733977373090 present_call_ns=14666 submit_fence=0 present_fence=-7 present_wait=-7 fence_elapsed_ns=0 wait_elapsed_ns=0
present id=552 class=source result=0 submit_ns=378733823274875 desired_ns=378733994039756 present_call_ns=11250 submit_fence=0 present_fence=-7 present_wait=-7 fence_elapsed_ns=0 wait_elapsed_ns=0
present id=553 class=source result=0 submit_ns=378733830811708 desired_ns=378734010706422 present_call_ns=46083 submit_fence=0 present_fence=-7 present_wait=-7 fence_elapsed_ns=0 wait_elapsed_ns=0
present id=554 class=source result=0 submit_ns=378733839389916 desired_ns=378734027373088 present_call_ns=45167 submit_fence=0 present_fence=-7 present_wait=-7 fence_elapsed_ns=0 wait_elapsed_ns=0
present id=555 class=source result=0 submit_ns=378733848320833 desired_ns=378734044039754 present_call_ns=37000 submit_fence=0 present_fence=-7 present_wait=-7 fence_elapsed_ns=0 wait_elapsed_ns=0
present id=556 class=source result=0 submit_ns=378733855860666 desired_ns=378734060706420 present_call_ns=152667 submit_fence=0 present_fence=-7 present_wait=-7 fence_elapsed_ns=0 wait_elapsed_ns=0
present id=557 class=source result=0 submit_ns=378733864061958 desired_ns=378734077373086 present_call_ns=11625 submit_fence=0 present_fence=-7 present_wait=-7 fence_elapsed_ns=0 wait_elapsed_ns=0
present id=558 class=source result=0 submit_ns=378733872343750 desired_ns=378734094039752 present_call_ns=6333 submit_fence=0 present_fence=-7 present_wait=-7 fence_elapsed_ns=0 wait_elapsed_ns=0
present id=559 class=source result=0 submit_ns=378733880535125 desired_ns=378734110706418 present_call_ns=5208 submit_fence=0 present_fence=-7 present_wait=-7 fence_elapsed_ns=0 wait_elapsed_ns=0
present id=560 class=source result=0 submit_ns=378733888770958 desired_ns=378734127373084 present_call_ns=17333 submit_fence=0 present_fence=-7 present_wait=-7 fence_elapsed_ns=0 wait_elapsed_ns=0
present id=561 class=source result=0 submit_ns=378733897061250 desired_ns=378734144039750 present_call_ns=9416 submit_fence=0 present_fence=-7 present_wait=-7 fence_elapsed_ns=0 wait_elapsed_ns=0
present id=562 class=source result=0 submit_ns=378733906523958 desired_ns=378734160706416 present_call_ns=7208 submit_fence=0 present_fence=-7 present_wait=-7 fence_elapsed_ns=0 wait_elapsed_ns=0
present id=563 class=source result=0 submit_ns=378733914738333 desired_ns=378734177373082 present_call_ns=11833 submit_fence=0 present_fence=-7 present_wait=-7 fence_elapsed_ns=0 wait_elapsed_ns=0
present id=564 class=source result=0 submit_ns=378733922802583 desired_ns=378734194039748 present_call_ns=7042 submit_fence=0 present_fence=-7 present_wait=-7 fence_elapsed_ns=0 wait_elapsed_ns=0
present id=565 class=source result=0 submit_ns=378733931030958 desired_ns=378734210706414 present_call_ns=7875 submit_fence=0 present_fence=-7 present_wait=-7 fence_elapsed_ns=0 wait_elapsed_ns=0
present id=566 class=source result=0 submit_ns=378733939257666 desired_ns=378734227373080 present_call_ns=4959 submit_fence=0 present_fence=-7 present_wait=-7 fence_elapsed_ns=0 wait_elapsed_ns=0
present id=567 class=source result=0 submit_ns=378733947385458 desired_ns=378734244039746 present_call_ns=30375 submit_fence=0 present_fence=-7 present_wait=-7 fence_elapsed_ns=0 wait_elapsed_ns=0
present id=568 class=source result=0 submit_ns=378733955481833 desired_ns=378734260706412 present_call_ns=12583 submit_fence=0 present_fence=-7 present_wait=-7 fence_elapsed_ns=0 wait_elapsed_ns=0
present id=569 class=source result=0 submit_ns=378733963723583 desired_ns=378734277373078 present_call_ns=15333 submit_fence=0 present_fence=-7 present_wait=-7 fence_elapsed_ns=0 wait_elapsed_ns=0
present id=570 class=source result=0 submit_ns=378733973192666 desired_ns=378734294039744 present_call_ns=6625 submit_fence=0 present_fence=-7 present_wait=-7 fence_elapsed_ns=0 wait_elapsed_ns=0
present id=571 class=source result=0 submit_ns=378733981235291 desired_ns=378734310706410 present_call_ns=6084 submit_fence=0 present_fence=-7 present_wait=-7 fence_elapsed_ns=0 wait_elapsed_ns=0
present id=572 class=source result=0 submit_ns=378733989425375 desired_ns=378734327373076 present_call_ns=6333 submit_fence=0 present_fence=-7 present_wait=-7 fence_elapsed_ns=0 wait_elapsed_ns=0
present id=573 class=source result=0 submit_ns=378733997692458 desired_ns=378734344039742 present_call_ns=13667 submit_fence=0 present_fence=-7 present_wait=-7 fence_elapsed_ns=0 wait_elapsed_ns=0
present id=574 class=source result=0 submit_ns=378734005899833 desired_ns=378734360706408 present_call_ns=8083 submit_fence=0 present_fence=-7 present_wait=-7 fence_elapsed_ns=0 wait_elapsed_ns=0
present id=575 class=source result=0 submit_ns=378734013810166 desired_ns=378734377373074 present_call_ns=18459 submit_fence=0 present_fence=-7 present_wait=-7 fence_elapsed_ns=0 wait_elapsed_ns=0
present id=576 class=source result=0 submit_ns=378734022381250 desired_ns=378734394039740 present_call_ns=28000 submit_fence=0 present_fence=-7 present_wait=-7 fence_elapsed_ns=0 wait_elapsed_ns=0
present id=577 class=source result=0 submit_ns=378734030605250 desired_ns=378734410706406 present_call_ns=22708 submit_fence=0 present_fence=-7 present_wait=-7 fence_elapsed_ns=0 wait_elapsed_ns=0
present id=578 class=source result=0 submit_ns=378734039989083 desired_ns=378734427373072 present_call_ns=15083 submit_fence=0 present_fence=-7 present_wait=-7 fence_elapsed_ns=0 wait_elapsed_ns=0
present id=579 class=source result=0 submit_ns=378734048226416 desired_ns=378734444039738 present_call_ns=14959 submit_fence=0 present_fence=-7 present_wait=-7 fence_elapsed_ns=0 wait_elapsed_ns=0
present id=580 class=source result=0 submit_ns=378734056221041 desired_ns=378734460706404 present_call_ns=12125 submit_fence=0 present_fence=-7 present_wait=-7 fence_elapsed_ns=0 wait_elapsed_ns=0
present id=581 class=source result=0 submit_ns=378734064250833 desired_ns=378734477373070 present_call_ns=20500 submit_fence=0 present_fence=-7 present_wait=-7 fence_elapsed_ns=0 wait_elapsed_ns=0
present id=582 class=source result=0 submit_ns=378734072429500 desired_ns=378734494039736 present_call_ns=6708 submit_fence=0 present_fence=-7 present_wait=-7 fence_elapsed_ns=0 wait_elapsed_ns=0
present id=583 class=source result=0 submit_ns=378734080570000 desired_ns=378734510706402 present_call_ns=8166 submit_fence=0 present_fence=-7 present_wait=-7 fence_elapsed_ns=0 wait_elapsed_ns=0
present id=584 class=source result=0 submit_ns=378734088700500 desired_ns=378734527373068 present_call_ns=5750 submit_fence=0 present_fence=-7 present_wait=-7 fence_elapsed_ns=0 wait_elapsed_ns=0
present id=585 class=source result=0 submit_ns=378734098182583 desired_ns=378734544039734 present_call_ns=14333 submit_fence=0 present_fence=-7 present_wait=-7 fence_elapsed_ns=0 wait_elapsed_ns=0
present id=586 class=source result=0 submit_ns=378734106393750 desired_ns=378734560706400 present_call_ns=6208 submit_fence=0 present_fence=-7 present_wait=-7 fence_elapsed_ns=0 wait_elapsed_ns=0
present id=587 class=source result=0 submit_ns=378734114614500 desired_ns=378734577373066 present_call_ns=7583 submit_fence=0 present_fence=-7 present_wait=-7 fence_elapsed_ns=0 wait_elapsed_ns=0
present id=588 class=source result=0 submit_ns=378734122590291 desired_ns=378734594039732 present_call_ns=6542 submit_fence=0 present_fence=-7 present_wait=-7 fence_elapsed_ns=0 wait_elapsed_ns=0
present id=589 class=source result=0 submit_ns=378734130880458 desired_ns=378734610706398 present_call_ns=14958 submit_fence=0 present_fence=-7 present_wait=-7 fence_elapsed_ns=0 wait_elapsed_ns=0
present id=590 class=source result=0 submit_ns=378734139043958 desired_ns=378734627373064 present_call_ns=6208 submit_fence=0 present_fence=-7 present_wait=-7 fence_elapsed_ns=0 wait_elapsed_ns=0
present id=591 class=source result=0 submit_ns=378734147101958 desired_ns=378734644039730 present_call_ns=9833 submit_fence=0 present_fence=-7 present_wait=-7 fence_elapsed_ns=0 wait_elapsed_ns=0
present id=592 class=source result=0 submit_ns=378734155402541 desired_ns=378734660706396 present_call_ns=7542 submit_fence=0 present_fence=-7 present_wait=-7 fence_elapsed_ns=0 wait_elapsed_ns=0
present id=593 class=source result=0 submit_ns=378734163754375 desired_ns=378734677373062 present_call_ns=10458 submit_fence=0 present_fence=-7 present_wait=-7 fence_elapsed_ns=0 wait_elapsed_ns=0
present id=594 class=source result=0 submit_ns=378734172070541 desired_ns=378734694039728 present_call_ns=7542 submit_fence=0 present_fence=-7 present_wait=-7 fence_elapsed_ns=0 wait_elapsed_ns=0
present id=595 class=source result=0 submit_ns=378734180445125 desired_ns=378734710706394 present_call_ns=7083 submit_fence=0 present_fence=-7 present_wait=-7 fence_elapsed_ns=0 wait_elapsed_ns=0
present id=596 class=source result=0 submit_ns=378734188801583 desired_ns=378734727373060 present_call_ns=6583 submit_fence=0 present_fence=-7 present_wait=-7 fence_elapsed_ns=0 wait_elapsed_ns=0
present id=597 class=source result=0 submit_ns=378734197234208 desired_ns=378734744039726 present_call_ns=13375 submit_fence=0 present_fence=-7 present_wait=-7 fence_elapsed_ns=0 wait_elapsed_ns=0
present id=598 class=source result=0 submit_ns=378734205601458 desired_ns=378734760706392 present_call_ns=14042 submit_fence=0 present_fence=-7 present_wait=-7 fence_elapsed_ns=0 wait_elapsed_ns=0
present id=599 class=source result=0 submit_ns=378734213869708 desired_ns=378734777373058 present_call_ns=12083 submit_fence=0 present_fence=-7 present_wait=-7 fence_elapsed_ns=0 wait_elapsed_ns=0
present id=600 class=source result=0 submit_ns=378734222196291 desired_ns=378734794039724 present_call_ns=5834 submit_fence=0 present_fence=-7 present_wait=-7 fence_elapsed_ns=0 wait_elapsed_ns=0
present id=601 class=synthetic result=0 submit_ns=378734231593625 desired_ns=378734810706390 present_call_ns=8666 submit_fence=0 present_fence=-7 present_wait=-7 fence_elapsed_ns=0 wait_elapsed_ns=0
present id=602 class=synthetic result=0 submit_ns=378734239928291 desired_ns=378734827373056 present_call_ns=8167 submit_fence=0 present_fence=-7 present_wait=-7 fence_elapsed_ns=0 wait_elapsed_ns=0
present id=603 class=synthetic result=0 submit_ns=378734247193583 desired_ns=378734844039722 present_call_ns=12250 submit_fence=0 present_fence=-7 present_wait=-7 fence_elapsed_ns=0 wait_elapsed_ns=0
present id=604 class=synthetic result=0 submit_ns=378734255485083 desired_ns=378734860706388 present_call_ns=8792 submit_fence=0 present_fence=-7 present_wait=-7 fence_elapsed_ns=0 wait_elapsed_ns=0
present id=605 class=synthetic result=0 submit_ns=378734263754875 desired_ns=378734877373054 present_call_ns=9458 submit_fence=0 present_fence=-7 present_wait=-7 fence_elapsed_ns=0 wait_elapsed_ns=0
present id=606 class=synthetic result=0 submit_ns=378734272180875 desired_ns=378734894039720 present_call_ns=7541 submit_fence=0 present_fence=-7 present_wait=-7 fence_elapsed_ns=0 wait_elapsed_ns=0
present id=607 class=synthetic result=0 submit_ns=378734280445958 desired_ns=378734910706386 present_call_ns=6833 submit_fence=0 present_fence=-7 present_wait=-7 fence_elapsed_ns=0 wait_elapsed_ns=0
present id=608 class=synthetic result=0 submit_ns=378734288832333 desired_ns=378734927373052 present_call_ns=5167 submit_fence=0 present_fence=-7 present_wait=-7 fence_elapsed_ns=0 wait_elapsed_ns=0
present id=609 class=synthetic result=0 submit_ns=378734297133125 desired_ns=378734944039718 present_call_ns=17583 submit_fence=0 present_fence=-7 present_wait=-7 fence_elapsed_ns=0 wait_elapsed_ns=0
present id=610 class=synthetic result=0 submit_ns=378734306644583 desired_ns=378734960706384 present_call_ns=12833 submit_fence=0 present_fence=-7 present_wait=-7 fence_elapsed_ns=0 wait_elapsed_ns=0
present id=611 class=synthetic result=0 submit_ns=378734313871666 desired_ns=378734977373050 present_call_ns=6417 submit_fence=0 present_fence=-7 present_wait=-7 fence_elapsed_ns=0 wait_elapsed_ns=0
present id=612 class=synthetic result=0 submit_ns=378734322239083 desired_ns=378734994039716 present_call_ns=5167 submit_fence=0 present_fence=-7 present_wait=-7 fence_elapsed_ns=0 wait_elapsed_ns=0
present id=613 class=synthetic result=0 submit_ns=378734330602000 desired_ns=378735010706382 present_call_ns=7166 submit_fence=0 present_fence=-7 present_wait=-7 fence_elapsed_ns=0 wait_elapsed_ns=0
present id=614 class=synthetic result=0 submit_ns=378734339024375 desired_ns=378735027373048 present_call_ns=6916 submit_fence=0 present_fence=-7 present_wait=-7 fence_elapsed_ns=0 wait_elapsed_ns=0
present id=615 class=synthetic result=0 submit_ns=378734347440333 desired_ns=378735044039714 present_call_ns=6708 submit_fence=0 present_fence=-7 present_wait=-7 fence_elapsed_ns=0 wait_elapsed_ns=0
present id=616 class=synthetic result=0 submit_ns=378734355909208 desired_ns=378735060706380 present_call_ns=14958 submit_fence=0 present_fence=-7 present_wait=-7 fence_elapsed_ns=0 wait_elapsed_ns=0
present id=617 class=synthetic result=0 submit_ns=378734364274333 desired_ns=378735077373046 present_call_ns=15042 submit_fence=0 present_fence=-7 present_wait=-7 fence_elapsed_ns=0 wait_elapsed_ns=0
present id=618 class=synthetic result=0 submit_ns=378734372483416 desired_ns=378735094039712 present_call_ns=7500 submit_fence=0 present_fence=-7 present_wait=-7 fence_elapsed_ns=0 wait_elapsed_ns=0
present id=619 class=synthetic result=0 submit_ns=378734380887666 desired_ns=378735110706378 present_call_ns=7209 submit_fence=0 present_fence=-7 present_wait=-7 fence_elapsed_ns=0 wait_elapsed_ns=0
present id=620 class=synthetic result=0 submit_ns=378734389246708 desired_ns=378735127373044 present_call_ns=6625 submit_fence=0 present_fence=-7 present_wait=-7 fence_elapsed_ns=0 wait_elapsed_ns=0
present id=621 class=synthetic result=0 submit_ns=378734397594041 desired_ns=378735144039710 present_call_ns=13542 submit_fence=0 present_fence=-7 present_wait=-7 fence_elapsed_ns=0 wait_elapsed_ns=0
present id=622 class=synthetic result=0 submit_ns=378734406037541 desired_ns=378735160706376 present_call_ns=8250 submit_fence=0 present_fence=-7 present_wait=-7 fence_elapsed_ns=0 wait_elapsed_ns=0
present id=623 class=synthetic result=0 submit_ns=378734414578416 desired_ns=378735177373042 present_call_ns=14625 submit_fence=0 present_fence=-7 present_wait=-7 fence_elapsed_ns=0 wait_elapsed_ns=0
present id=624 class=synthetic result=0 submit_ns=378734422966791 desired_ns=378735194039708 present_call_ns=10209 submit_fence=0 present_fence=-7 present_wait=-7 fence_elapsed_ns=0 wait_elapsed_ns=0
present id=625 class=synthetic result=0 submit_ns=378734431449000 desired_ns=378735210706374 present_call_ns=9291 submit_fence=0 present_fence=-7 present_wait=-7 fence_elapsed_ns=0 wait_elapsed_ns=0
present id=626 class=synthetic result=0 submit_ns=378734439833833 desired_ns=378735227373040 present_call_ns=7708 submit_fence=0 present_fence=-7 present_wait=-7 fence_elapsed_ns=0 wait_elapsed_ns=0
present id=627 class=synthetic result=0 submit_ns=378734448280708 desired_ns=378735244039706 present_call_ns=19083 submit_fence=0 present_fence=-7 present_wait=-7 fence_elapsed_ns=0 wait_elapsed_ns=0
present id=628 class=synthetic result=0 submit_ns=378734455470750 desired_ns=378735260706372 present_call_ns=6166 submit_fence=0 present_fence=-7 present_wait=-7 fence_elapsed_ns=0 wait_elapsed_ns=0
present id=629 class=synthetic result=0 submit_ns=378734464945375 desired_ns=378735277373038 present_call_ns=9125 submit_fence=0 present_fence=-7 present_wait=-7 fence_elapsed_ns=0 wait_elapsed_ns=0
present id=630 class=synthetic result=0 submit_ns=378734472032625 desired_ns=378735294039704 present_call_ns=5333 submit_fence=0 present_fence=-7 present_wait=-7 fence_elapsed_ns=0 wait_elapsed_ns=0
present id=631 class=synthetic result=0 submit_ns=378734480440666 desired_ns=378735310706370 present_call_ns=11834 submit_fence=0 present_fence=-7 present_wait=-7 fence_elapsed_ns=0 wait_elapsed_ns=0
present id=632 class=synthetic result=0 submit_ns=378734489880916 desired_ns=378735327373036 present_call_ns=5542 submit_fence=0 present_fence=-7 present_wait=-7 fence_elapsed_ns=0 wait_elapsed_ns=0
present id=633 class=synthetic result=0 submit_ns=378734497104583 desired_ns=378735344039702 present_call_ns=5625 submit_fence=0 present_fence=-7 present_wait=-7 fence_elapsed_ns=0 wait_elapsed_ns=0
present id=634 class=synthetic result=0 submit_ns=378734505504625 desired_ns=378735360706368 present_call_ns=4875 submit_fence=0 present_fence=-7 present_wait=-7 fence_elapsed_ns=0 wait_elapsed_ns=0
present id=635 class=synthetic result=0 submit_ns=378734513782708 desired_ns=378735377373034 present_call_ns=10083 submit_fence=0 present_fence=-7 present_wait=-7 fence_elapsed_ns=0 wait_elapsed_ns=0
present id=636 class=synthetic result=0 submit_ns=378734522344791 desired_ns=378735394039700 present_call_ns=16084 submit_fence=0 present_fence=-7 present_wait=-7 fence_elapsed_ns=0 wait_elapsed_ns=0
present id=637 class=synthetic result=0 submit_ns=378734530470625 desired_ns=378735410706366 present_call_ns=12416 submit_fence=0 present_fence=-7 present_wait=-7 fence_elapsed_ns=0 wait_elapsed_ns=0
present id=638 class=synthetic result=0 submit_ns=378734539947750 desired_ns=378735427373032 present_call_ns=7250 submit_fence=0 present_fence=-7 present_wait=-7 fence_elapsed_ns=0 wait_elapsed_ns=0
present id=639 class=synthetic result=0 submit_ns=378734548009333 desired_ns=378735444039698 present_call_ns=14208 submit_fence=0 present_fence=-7 present_wait=-7 fence_elapsed_ns=0 wait_elapsed_ns=0
present id=640 class=synthetic result=0 submit_ns=378734556179750 desired_ns=378735460706364 present_call_ns=7583 submit_fence=0 present_fence=-7 present_wait=-7 fence_elapsed_ns=0 wait_elapsed_ns=0
present id=641 class=synthetic result=0 submit_ns=378734564370208 desired_ns=378735477373030 present_call_ns=8583 submit_fence=0 present_fence=-7 present_wait=-7 fence_elapsed_ns=0 wait_elapsed_ns=0
present id=642 class=synthetic result=0 submit_ns=378734572493583 desired_ns=378735494039696 present_call_ns=10500 submit_fence=0 present_fence=-7 present_wait=-7 fence_elapsed_ns=0 wait_elapsed_ns=0
present id=643 class=synthetic result=0 submit_ns=378734580521041 desired_ns=378735510706362 present_call_ns=6334 submit_fence=0 present_fence=-7 present_wait=-7 fence_elapsed_ns=0 wait_elapsed_ns=0
present id=644 class=synthetic result=0 submit_ns=378734589966750 desired_ns=378735527373028 present_call_ns=6583 submit_fence=0 present_fence=-7 present_wait=-7 fence_elapsed_ns=0 wait_elapsed_ns=0
present id=645 class=synthetic result=0 submit_ns=378734598160500 desired_ns=378735544039694 present_call_ns=10500 submit_fence=0 present_fence=-7 present_wait=-7 fence_elapsed_ns=0 wait_elapsed_ns=0
present id=646 class=synthetic result=0 submit_ns=378734606333416 desired_ns=378735560706360 present_call_ns=5625 submit_fence=0 present_fence=-7 present_wait=-7 fence_elapsed_ns=0 wait_elapsed_ns=0
present id=647 class=synthetic result=0 submit_ns=378734614256750 desired_ns=378735577373026 present_call_ns=7083 submit_fence=0 present_fence=-7 present_wait=-7 fence_elapsed_ns=0 wait_elapsed_ns=0
present id=648 class=synthetic result=0 submit_ns=378734622628375 desired_ns=378735594039692 present_call_ns=8208 submit_fence=0 present_fence=-7 present_wait=-7 fence_elapsed_ns=0 wait_elapsed_ns=0
present id=649 class=synthetic result=0 submit_ns=378734630936333 desired_ns=378735610706358 present_call_ns=11750 submit_fence=0 present_fence=-7 present_wait=-7 fence_elapsed_ns=0 wait_elapsed_ns=0
present id=650 class=synthetic result=0 submit_ns=378734639156000 desired_ns=378735627373024 present_call_ns=5250 submit_fence=0 present_fence=-7 present_wait=-7 fence_elapsed_ns=0 wait_elapsed_ns=0
present id=651 class=synthetic result=0 submit_ns=378734647606708 desired_ns=378735644039690 present_call_ns=8333 submit_fence=0 present_fence=-7 present_wait=-7 fence_elapsed_ns=0 wait_elapsed_ns=0
present id=652 class=synthetic result=0 submit_ns=378734655847166 desired_ns=378735660706356 present_call_ns=5500 submit_fence=0 present_fence=-7 present_wait=-7 fence_elapsed_ns=0 wait_elapsed_ns=0
present id=653 class=synthetic result=0 submit_ns=378734664253333 desired_ns=378735677373022 present_call_ns=12708 submit_fence=0 present_fence=-7 present_wait=-7 fence_elapsed_ns=0 wait_elapsed_ns=0
present id=654 class=synthetic result=0 submit_ns=378734672492125 desired_ns=378735694039688 present_call_ns=10791 submit_fence=0 present_fence=-7 present_wait=-7 fence_elapsed_ns=0 wait_elapsed_ns=0
present id=655 class=synthetic result=0 submit_ns=378734680872916 desired_ns=378735710706354 present_call_ns=6250 submit_fence=0 present_fence=-7 present_wait=-7 fence_elapsed_ns=0 wait_elapsed_ns=0
present id=656 class=synthetic result=0 submit_ns=378734689284833 desired_ns=378735727373020 present_call_ns=5208 submit_fence=0 present_fence=-7 present_wait=-7 fence_elapsed_ns=0 wait_elapsed_ns=0
present id=657 class=synthetic result=0 submit_ns=378734697910666 desired_ns=378735744039686 present_call_ns=16834 submit_fence=0 present_fence=-7 present_wait=-7 fence_elapsed_ns=0 wait_elapsed_ns=0
present id=658 class=synthetic result=0 submit_ns=378734706342000 desired_ns=378735760706352 present_call_ns=5875 submit_fence=0 present_fence=-7 present_wait=-7 fence_elapsed_ns=0 wait_elapsed_ns=0
present id=659 class=synthetic result=0 submit_ns=378734714713083 desired_ns=378735777373018 present_call_ns=10333 submit_fence=0 present_fence=-7 present_wait=-7 fence_elapsed_ns=0 wait_elapsed_ns=0
present id=660 class=synthetic result=0 submit_ns=378734723190041 desired_ns=378735794039684 present_call_ns=8500 submit_fence=0 present_fence=-7 present_wait=-7 fence_elapsed_ns=0 wait_elapsed_ns=0
present id=661 class=synthetic result=0 submit_ns=378734731722416 desired_ns=378735810706350 present_call_ns=26542 submit_fence=0 present_fence=-7 present_wait=-7 fence_elapsed_ns=0 wait_elapsed_ns=0
present id=662 class=synthetic result=0 submit_ns=378734738867875 desired_ns=378735827373016 present_call_ns=15375 submit_fence=0 present_fence=-7 present_wait=-7 fence_elapsed_ns=0 wait_elapsed_ns=0
present id=663 class=synthetic result=0 submit_ns=378734747172416 desired_ns=378735844039682 present_call_ns=13584 submit_fence=0 present_fence=-7 present_wait=-7 fence_elapsed_ns=0 wait_elapsed_ns=0
present id=664 class=synthetic result=0 submit_ns=378734756600541 desired_ns=378735860706348 present_call_ns=10834 submit_fence=0 present_fence=-7 present_wait=-7 fence_elapsed_ns=0 wait_elapsed_ns=0
present id=665 class=synthetic result=0 submit_ns=378734764894208 desired_ns=378735877373014 present_call_ns=15375 submit_fence=0 present_fence=-7 present_wait=-7 fence_elapsed_ns=0 wait_elapsed_ns=0
present id=666 class=synthetic result=0 submit_ns=378734772135083 desired_ns=378735894039680 present_call_ns=5667 submit_fence=0 present_fence=-7 present_wait=-7 fence_elapsed_ns=0 wait_elapsed_ns=0
present id=667 class=synthetic result=0 submit_ns=378734781659750 desired_ns=378735910706346 present_call_ns=10125 submit_fence=0 present_fence=-7 present_wait=-7 fence_elapsed_ns=0 wait_elapsed_ns=0
present id=668 class=synthetic result=0 submit_ns=378734788901000 desired_ns=378735927373012 present_call_ns=6291 submit_fence=0 present_fence=-7 present_wait=-7 fence_elapsed_ns=0 wait_elapsed_ns=0
present id=669 class=synthetic result=0 submit_ns=378734797195791 desired_ns=378735944039678 present_call_ns=8250 submit_fence=0 present_fence=-7 present_wait=-7 fence_elapsed_ns=0 wait_elapsed_ns=0
present id=670 class=synthetic result=0 submit_ns=378734805652083 desired_ns=378735960706344 present_call_ns=14875 submit_fence=0 present_fence=-7 present_wait=-7 fence_elapsed_ns=0 wait_elapsed_ns=0
present id=671 class=synthetic result=0 submit_ns=378734814022500 desired_ns=378735977373010 present_call_ns=9958 submit_fence=0 present_fence=-7 present_wait=-7 fence_elapsed_ns=0 wait_elapsed_ns=0
present id=672 class=synthetic result=0 submit_ns=378734822418958 desired_ns=378735994039676 present_call_ns=9000 submit_fence=0 present_fence=-7 present_wait=-7 fence_elapsed_ns=0 wait_elapsed_ns=0
present id=673 class=synthetic result=0 submit_ns=378734830952125 desired_ns=378736010706342 present_call_ns=18500 submit_fence=0 present_fence=-7 present_wait=-7 fence_elapsed_ns=0 wait_elapsed_ns=0
present id=674 class=synthetic result=0 submit_ns=378734839289958 desired_ns=378736027373008 present_call_ns=10417 submit_fence=0 present_fence=-7 present_wait=-7 fence_elapsed_ns=0 wait_elapsed_ns=0
present id=675 class=synthetic result=0 submit_ns=378734847704250 desired_ns=378736044039674 present_call_ns=10791 submit_fence=0 present_fence=-7 present_wait=-7 fence_elapsed_ns=0 wait_elapsed_ns=0
present id=676 class=synthetic result=0 submit_ns=378734856094833 desired_ns=378736060706340 present_call_ns=6708 submit_fence=0 present_fence=-7 present_wait=-7 fence_elapsed_ns=0 wait_elapsed_ns=0
present id=677 class=synthetic result=0 submit_ns=378734864640208 desired_ns=378736077373006 present_call_ns=20083 submit_fence=0 present_fence=-7 present_wait=-7 fence_elapsed_ns=0 wait_elapsed_ns=0
present id=678 class=synthetic result=0 submit_ns=378734873082083 desired_ns=378736094039672 present_call_ns=7292 submit_fence=0 present_fence=-7 present_wait=-7 fence_elapsed_ns=0 wait_elapsed_ns=0
present id=679 class=synthetic result=0 submit_ns=378734880382875 desired_ns=378736110706338 present_call_ns=19125 submit_fence=0 present_fence=-7 present_wait=-7 fence_elapsed_ns=0 wait_elapsed_ns=0
present id=680 class=synthetic result=0 submit_ns=378734888844541 desired_ns=378736127373004 present_call_ns=5584 submit_fence=0 present_fence=-7 present_wait=-7 fence_elapsed_ns=0 wait_elapsed_ns=0
present id=681 class=synthetic result=0 submit_ns=378734897085000 desired_ns=378736144039670 present_call_ns=12250 submit_fence=0 present_fence=-7 present_wait=-7 fence_elapsed_ns=0 wait_elapsed_ns=0
present id=682 class=synthetic result=0 submit_ns=378734905707750 desired_ns=378736160706336 present_call_ns=5666 submit_fence=0 present_fence=-7 present_wait=-7 fence_elapsed_ns=0 wait_elapsed_ns=0
present id=683 class=synthetic result=0 submit_ns=378734913826791 desired_ns=378736177373002 present_call_ns=10250 submit_fence=0 present_fence=-7 present_wait=-7 fence_elapsed_ns=0 wait_elapsed_ns=0
present id=684 class=synthetic result=0 submit_ns=378734922363166 desired_ns=378736194039668 present_call_ns=11042 submit_fence=0 present_fence=-7 present_wait=-7 fence_elapsed_ns=0 wait_elapsed_ns=0
present id=685 class=synthetic result=0 submit_ns=378734930785375 desired_ns=378736210706334 present_call_ns=21000 submit_fence=0 present_fence=-7 present_wait=-7 fence_elapsed_ns=0 wait_elapsed_ns=0
present id=686 class=synthetic result=0 submit_ns=378734938951250 desired_ns=378736227373000 present_call_ns=8583 submit_fence=0 present_fence=-7 present_wait=-7 fence_elapsed_ns=0 wait_elapsed_ns=0
present id=687 class=synthetic result=0 submit_ns=378734947456208 desired_ns=378736244039666 present_call_ns=6250 submit_fence=0 present_fence=-7 present_wait=-7 fence_elapsed_ns=0 wait_elapsed_ns=0
present id=688 class=synthetic result=0 submit_ns=378734955996750 desired_ns=378736260706332 present_call_ns=5333 submit_fence=0 present_fence=-7 present_wait=-7 fence_elapsed_ns=0 wait_elapsed_ns=0
present id=689 class=synthetic result=0 submit_ns=378734964529000 desired_ns=378736277372998 present_call_ns=14333 submit_fence=0 present_fence=-7 present_wait=-7 fence_elapsed_ns=0 wait_elapsed_ns=0
present id=690 class=synthetic result=0 submit_ns=378734972638458 desired_ns=378736294039664 present_call_ns=6583 submit_fence=0 present_fence=-7 present_wait=-7 fence_elapsed_ns=0 wait_elapsed_ns=0
present id=691 class=synthetic result=0 submit_ns=378734981123208 desired_ns=378736310706330 present_call_ns=11958 submit_fence=0 present_fence=-7 present_wait=-7 fence_elapsed_ns=0 wait_elapsed_ns=0
present id=692 class=synthetic result=0 submit_ns=378734989636208 desired_ns=378736327372996 present_call_ns=6583 submit_fence=0 present_fence=-7 present_wait=-7 fence_elapsed_ns=0 wait_elapsed_ns=0
present id=693 class=synthetic result=0 submit_ns=378734998125291 desired_ns=378736344039662 present_call_ns=8459 submit_fence=0 present_fence=-7 present_wait=-7 fence_elapsed_ns=0 wait_elapsed_ns=0
present id=694 class=synthetic result=0 submit_ns=378735006575666 desired_ns=378736360706328 present_call_ns=18917 submit_fence=0 present_fence=-7 present_wait=-7 fence_elapsed_ns=0 wait_elapsed_ns=0
present id=695 class=synthetic result=0 submit_ns=378735013788125 desired_ns=378736377372994 present_call_ns=11041 submit_fence=0 present_fence=-7 present_wait=-7 fence_elapsed_ns=0 wait_elapsed_ns=0
present id=696 class=synthetic result=0 submit_ns=378735022455875 desired_ns=378736394039660 present_call_ns=19208 submit_fence=0 present_fence=-7 present_wait=-7 fence_elapsed_ns=0 wait_elapsed_ns=0
present id=697 class=synthetic result=0 submit_ns=378735033004375 desired_ns=378736410706326 present_call_ns=46583 submit_fence=0 present_fence=-7 present_wait=-7 fence_elapsed_ns=0 wait_elapsed_ns=0
present id=698 class=synthetic result=0 submit_ns=378735114105958 desired_ns=378736427372992 present_call_ns=12083 submit_fence=0 present_fence=-7 present_wait=-7 fence_elapsed_ns=0 wait_elapsed_ns=0
present id=699 class=synthetic result=0 submit_ns=378735126238166 desired_ns=378736444039658 present_call_ns=18709 submit_fence=0 present_fence=-7 present_wait=-7 fence_elapsed_ns=0 wait_elapsed_ns=0
present id=700 class=synthetic result=0 submit_ns=378735135720500 desired_ns=378736460706324 present_call_ns=52375 submit_fence=0 present_fence=-7 present_wait=-7 fence_elapsed_ns=0 wait_elapsed_ns=0
present id=701 class=synthetic result=0 submit_ns=378735143239208 desired_ns=378736477372990 present_call_ns=36958 submit_fence=0 present_fence=-7 present_wait=-7 fence_elapsed_ns=0 wait_elapsed_ns=0
present id=702 class=synthetic result=0 submit_ns=378735152805333 desired_ns=378736494039656 present_call_ns=296833 submit_fence=0 present_fence=-7 present_wait=-7 fence_elapsed_ns=0 wait_elapsed_ns=0
present id=703 class=synthetic result=0 submit_ns=378735160709500 desired_ns=378736510706322 present_call_ns=39083 submit_fence=0 present_fence=-7 present_wait=-7 fence_elapsed_ns=0 wait_elapsed_ns=0
present id=704 class=synthetic result=0 submit_ns=378735167956541 desired_ns=378736527372988 present_call_ns=15209 submit_fence=0 present_fence=-7 present_wait=-7 fence_elapsed_ns=0 wait_elapsed_ns=0
present id=705 class=synthetic result=0 submit_ns=378735176225041 desired_ns=378736544039654 present_call_ns=11584 submit_fence=0 present_fence=-7 present_wait=-7 fence_elapsed_ns=0 wait_elapsed_ns=0
present id=706 class=synthetic result=0 submit_ns=378735184460541 desired_ns=378736560706320 present_call_ns=8084 submit_fence=0 present_fence=-7 present_wait=-7 fence_elapsed_ns=0 wait_elapsed_ns=0
present id=707 class=synthetic result=0 submit_ns=378735193962833 desired_ns=378736577372986 present_call_ns=19708 submit_fence=0 present_fence=-7 present_wait=-7 fence_elapsed_ns=0 wait_elapsed_ns=0
present id=708 class=synthetic result=0 submit_ns=378735202220416 desired_ns=378736594039652 present_call_ns=10625 submit_fence=0 present_fence=-7 present_wait=-7 fence_elapsed_ns=0 wait_elapsed_ns=0
present id=709 class=synthetic result=0 submit_ns=378735210483000 desired_ns=378736610706318 present_call_ns=4708 submit_fence=0 present_fence=-7 present_wait=-7 fence_elapsed_ns=0 wait_elapsed_ns=0
present id=710 class=synthetic result=0 submit_ns=378735218717125 desired_ns=378736627372984 present_call_ns=5791 submit_fence=0 present_fence=-7 present_wait=-7 fence_elapsed_ns=0 wait_elapsed_ns=0
present id=711 class=synthetic result=0 submit_ns=378735227007791 desired_ns=378736644039650 present_call_ns=4292 submit_fence=0 present_fence=-7 present_wait=-7 fence_elapsed_ns=0 wait_elapsed_ns=0
present id=712 class=synthetic result=0 submit_ns=378735235140250 desired_ns=378736660706316 present_call_ns=5416 submit_fence=0 present_fence=-7 present_wait=-7 fence_elapsed_ns=0 wait_elapsed_ns=0
present id=713 class=synthetic result=0 submit_ns=378735243381083 desired_ns=378736677372982 present_call_ns=9583 submit_fence=0 present_fence=-7 present_wait=-7 fence_elapsed_ns=0 wait_elapsed_ns=0
present id=714 class=synthetic result=0 submit_ns=378735251620250 desired_ns=378736694039648 present_call_ns=7000 submit_fence=0 present_fence=-7 present_wait=-7 fence_elapsed_ns=0 wait_elapsed_ns=0
present id=715 class=synthetic result=0 submit_ns=378735259784166 desired_ns=378736710706314 present_call_ns=6917 submit_fence=0 present_fence=-7 present_wait=-7 fence_elapsed_ns=0 wait_elapsed_ns=0
present id=716 class=synthetic result=0 submit_ns=378735267737583 desired_ns=378736727372980 present_call_ns=6208 submit_fence=0 present_fence=-7 present_wait=-7 fence_elapsed_ns=0 wait_elapsed_ns=0
present id=717 class=synthetic result=0 submit_ns=378735277162750 desired_ns=378736744039646 present_call_ns=6666 submit_fence=0 present_fence=-7 present_wait=-7 fence_elapsed_ns=0 wait_elapsed_ns=0
present id=718 class=synthetic result=0 submit_ns=378735285279250 desired_ns=378736760706312 present_call_ns=5291 submit_fence=0 present_fence=-7 present_wait=-7 fence_elapsed_ns=0 wait_elapsed_ns=0
present id=719 class=synthetic result=0 submit_ns=378735293610083 desired_ns=378736777372978 present_call_ns=6458 submit_fence=0 present_fence=-7 present_wait=-7 fence_elapsed_ns=0 wait_elapsed_ns=0
present id=720 class=synthetic result=0 submit_ns=378735301581333 desired_ns=378736794039644 present_call_ns=5875 submit_fence=0 present_fence=-7 present_wait=-7 fence_elapsed_ns=0 wait_elapsed_ns=0
present id=721 class=source result=0 submit_ns=378735309854041 desired_ns=378736810706310 present_call_ns=7167 submit_fence=0 present_fence=-7 present_wait=-7 fence_elapsed_ns=0 wait_elapsed_ns=0
present id=722 class=source result=0 submit_ns=378735318035416 desired_ns=378736827372976 present_call_ns=5167 submit_fence=0 present_fence=-7 present_wait=-7 fence_elapsed_ns=0 wait_elapsed_ns=0
present id=723 class=source result=0 submit_ns=378735326320416 desired_ns=378736844039642 present_call_ns=6375 submit_fence=0 present_fence=-7 present_wait=-7 fence_elapsed_ns=0 wait_elapsed_ns=0
present id=724 class=source result=0 submit_ns=378735334535375 desired_ns=378736860706308 present_call_ns=6541 submit_fence=0 present_fence=-7 present_wait=-7 fence_elapsed_ns=0 wait_elapsed_ns=0
present id=725 class=source result=0 submit_ns=378735342863833 desired_ns=378736877372974 present_call_ns=13917 submit_fence=0 present_fence=-7 present_wait=-7 fence_elapsed_ns=0 wait_elapsed_ns=0
present id=726 class=source result=0 submit_ns=378735351125208 desired_ns=378736894039640 present_call_ns=7833 submit_fence=0 present_fence=-7 present_wait=-7 fence_elapsed_ns=0 wait_elapsed_ns=0
present id=727 class=source result=0 submit_ns=378735359487750 desired_ns=378736910706306 present_call_ns=15541 submit_fence=0 present_fence=-7 present_wait=-7 fence_elapsed_ns=0 wait_elapsed_ns=0
present id=728 class=source result=0 submit_ns=378735367922500 desired_ns=378736927372972 present_call_ns=8708 submit_fence=0 present_fence=-7 present_wait=-7 fence_elapsed_ns=0 wait_elapsed_ns=0
present id=729 class=source result=0 submit_ns=378735376519791 desired_ns=378736944039638 present_call_ns=17959 submit_fence=0 present_fence=-7 present_wait=-7 fence_elapsed_ns=0 wait_elapsed_ns=0
present id=730 class=source result=0 submit_ns=378735385071500 desired_ns=378736960706304 present_call_ns=17750 submit_fence=0 present_fence=-7 present_wait=-7 fence_elapsed_ns=0 wait_elapsed_ns=0
present id=731 class=source result=0 submit_ns=378735393609916 desired_ns=378736977372970 present_call_ns=9542 submit_fence=0 present_fence=-7 present_wait=-7 fence_elapsed_ns=0 wait_elapsed_ns=0
present id=732 class=source result=0 submit_ns=378735402064375 desired_ns=378736994039636 present_call_ns=36208 submit_fence=0 present_fence=-7 present_wait=-7 fence_elapsed_ns=0 wait_elapsed_ns=0
present id=733 class=source result=0 submit_ns=378735410597250 desired_ns=378737010706302 present_call_ns=10333 submit_fence=0 present_fence=-7 present_wait=-7 fence_elapsed_ns=0 wait_elapsed_ns=0
present id=734 class=source result=0 submit_ns=378735417781833 desired_ns=378737027372968 present_call_ns=8083 submit_fence=0 present_fence=-7 present_wait=-7 fence_elapsed_ns=0 wait_elapsed_ns=0
present id=735 class=source result=0 submit_ns=378735426184833 desired_ns=378737044039634 present_call_ns=13917 submit_fence=0 present_fence=-7 present_wait=-7 fence_elapsed_ns=0 wait_elapsed_ns=0
present id=736 class=source result=0 submit_ns=378735434542625 desired_ns=378737060706300 present_call_ns=12125 submit_fence=0 present_fence=-7 present_wait=-7 fence_elapsed_ns=0 wait_elapsed_ns=0
present id=737 class=source result=0 submit_ns=378735443088208 desired_ns=378737077372966 present_call_ns=40958 submit_fence=0 present_fence=-7 present_wait=-7 fence_elapsed_ns=0 wait_elapsed_ns=0
present id=738 class=source result=0 submit_ns=378735452425708 desired_ns=378737094039632 present_call_ns=66083 submit_fence=0 present_fence=-7 present_wait=-7 fence_elapsed_ns=0 wait_elapsed_ns=0
present id=739 class=source result=0 submit_ns=378735460527916 desired_ns=378737110706298 present_call_ns=36875 submit_fence=0 present_fence=-7 present_wait=-7 fence_elapsed_ns=0 wait_elapsed_ns=0
present id=740 class=source result=0 submit_ns=378735469100750 desired_ns=378737127372964 present_call_ns=46000 submit_fence=0 present_fence=-7 present_wait=-7 fence_elapsed_ns=0 wait_elapsed_ns=0
present id=741 class=source result=0 submit_ns=378735477471291 desired_ns=378737144039630 present_call_ns=29584 submit_fence=0 present_fence=-7 present_wait=-7 fence_elapsed_ns=0 wait_elapsed_ns=0
present id=742 class=source result=0 submit_ns=378735485855666 desired_ns=378737160706296 present_call_ns=45000 submit_fence=0 present_fence=-7 present_wait=-7 fence_elapsed_ns=0 wait_elapsed_ns=0
present id=743 class=source result=0 submit_ns=378735493939041 desired_ns=378737177372962 present_call_ns=116625 submit_fence=0 present_fence=-7 present_wait=-7 fence_elapsed_ns=0 wait_elapsed_ns=0
present id=744 class=source result=0 submit_ns=378735502534750 desired_ns=378737194039628 present_call_ns=227291 submit_fence=0 present_fence=-7 present_wait=-7 fence_elapsed_ns=0 wait_elapsed_ns=0
present id=745 class=source result=0 submit_ns=378735510249416 desired_ns=378737210706294 present_call_ns=28459 submit_fence=0 present_fence=-7 present_wait=-7 fence_elapsed_ns=0 wait_elapsed_ns=0
present id=746 class=source result=0 submit_ns=378735518482083 desired_ns=378737227372960 present_call_ns=26750 submit_fence=0 present_fence=-7 present_wait=-7 fence_elapsed_ns=0 wait_elapsed_ns=0
present id=747 class=source result=0 submit_ns=378735527311000 desired_ns=378737244039626 present_call_ns=28000 submit_fence=0 present_fence=-7 present_wait=-7 fence_elapsed_ns=0 wait_elapsed_ns=0
present id=748 class=source result=0 submit_ns=378735535769500 desired_ns=378737260706292 present_call_ns=21916 submit_fence=0 present_fence=-7 present_wait=-7 fence_elapsed_ns=0 wait_elapsed_ns=0
present id=749 class=source result=0 submit_ns=378735543541291 desired_ns=378737277372958 present_call_ns=51459 submit_fence=0 present_fence=-7 present_wait=-7 fence_elapsed_ns=0 wait_elapsed_ns=0
present id=750 class=source result=0 submit_ns=378735551348458 desired_ns=378737294039624 present_call_ns=27333 submit_fence=0 present_fence=-7 present_wait=-7 fence_elapsed_ns=0 wait_elapsed_ns=0
present id=751 class=source result=0 submit_ns=378735560821041 desired_ns=378737310706290 present_call_ns=34125 submit_fence=0 present_fence=-7 present_wait=-7 fence_elapsed_ns=0 wait_elapsed_ns=0
present id=752 class=source result=0 submit_ns=378735569002958 desired_ns=378737327372956 present_call_ns=35250 submit_fence=0 present_fence=-7 present_wait=-7 fence_elapsed_ns=0 wait_elapsed_ns=0
present id=753 class=source result=0 submit_ns=378735577371916 desired_ns=378737344039622 present_call_ns=83917 submit_fence=0 present_fence=-7 present_wait=-7 fence_elapsed_ns=0 wait_elapsed_ns=0
present id=754 class=source result=0 submit_ns=378735585463500 desired_ns=378737360706288 present_call_ns=25625 submit_fence=0 present_fence=-7 present_wait=-7 fence_elapsed_ns=0 wait_elapsed_ns=0
present id=755 class=source result=0 submit_ns=378735593609500 desired_ns=378737377372954 present_call_ns=50791 submit_fence=0 present_fence=-7 present_wait=-7 fence_elapsed_ns=0 wait_elapsed_ns=0
present id=756 class=source result=0 submit_ns=378735601774208 desired_ns=378737394039620 present_call_ns=174917 submit_fence=0 present_fence=-7 present_wait=-7 fence_elapsed_ns=0 wait_elapsed_ns=0
present id=757 class=source result=0 submit_ns=378735610169541 desired_ns=378737410706286 present_call_ns=50459 submit_fence=0 present_fence=-7 present_wait=-7 fence_elapsed_ns=0 wait_elapsed_ns=0
present id=758 class=source result=0 submit_ns=378735618006833 desired_ns=378737427372952 present_call_ns=75083 submit_fence=0 present_fence=-7 present_wait=-7 fence_elapsed_ns=0 wait_elapsed_ns=0
present id=759 class=source result=0 submit_ns=378735627256916 desired_ns=378737444039618 present_call_ns=28834 submit_fence=0 present_fence=-7 present_wait=-7 fence_elapsed_ns=0 wait_elapsed_ns=0
present id=760 class=source result=0 submit_ns=378735635234500 desired_ns=378737460706284 present_call_ns=22333 submit_fence=0 present_fence=-7 present_wait=-7 fence_elapsed_ns=0 wait_elapsed_ns=0
present id=761 class=source result=0 submit_ns=378735643314625 desired_ns=378737477372950 present_call_ns=26333 submit_fence=0 present_fence=-7 present_wait=-7 fence_elapsed_ns=0 wait_elapsed_ns=0
present id=762 class=source result=0 submit_ns=378735651690500 desired_ns=378737494039616 present_call_ns=28625 submit_fence=0 present_fence=-7 present_wait=-7 fence_elapsed_ns=0 wait_elapsed_ns=0
present id=763 class=source result=0 submit_ns=378735659589416 desired_ns=378737510706282 present_call_ns=24334 submit_fence=0 present_fence=-7 present_wait=-7 fence_elapsed_ns=0 wait_elapsed_ns=0
present id=764 class=source result=0 submit_ns=378735668697666 desired_ns=378737527372948 present_call_ns=16042 submit_fence=0 present_fence=-7 present_wait=-7 fence_elapsed_ns=0 wait_elapsed_ns=0
present id=765 class=source result=0 submit_ns=378735676906750 desired_ns=378737544039614 present_call_ns=57583 submit_fence=0 present_fence=-7 present_wait=-7 fence_elapsed_ns=0 wait_elapsed_ns=0
present id=766 class=source result=0 submit_ns=378735684595916 desired_ns=378737560706280 present_call_ns=32209 submit_fence=0 present_fence=-7 present_wait=-7 fence_elapsed_ns=0 wait_elapsed_ns=0
present id=767 class=source result=0 submit_ns=378735696644958 desired_ns=378737577372946 present_call_ns=70542 submit_fence=0 present_fence=-7 present_wait=-7 fence_elapsed_ns=0 wait_elapsed_ns=0
present id=768 class=source result=0 submit_ns=378735701498958 desired_ns=378737594039612 present_call_ns=505708 submit_fence=0 present_fence=-7 present_wait=-7 fence_elapsed_ns=0 wait_elapsed_ns=0
present id=769 class=source result=0 submit_ns=378735711121458 desired_ns=378737610706278 present_call_ns=57917 submit_fence=0 present_fence=-7 present_wait=-7 fence_elapsed_ns=0 wait_elapsed_ns=0
present id=770 class=source result=0 submit_ns=378735719005041 desired_ns=378737627372944 present_call_ns=22792 submit_fence=0 present_fence=-7 present_wait=-7 fence_elapsed_ns=0 wait_elapsed_ns=0
present id=771 class=source result=0 submit_ns=378735727624416 desired_ns=378737644039610 present_call_ns=36125 submit_fence=0 present_fence=-7 present_wait=-7 fence_elapsed_ns=0 wait_elapsed_ns=0
present id=772 class=source result=0 submit_ns=378735735514166 desired_ns=378737660706276 present_call_ns=35042 submit_fence=0 present_fence=-7 present_wait=-7 fence_elapsed_ns=0 wait_elapsed_ns=0
present id=773 class=source result=0 submit_ns=378735743763583 desired_ns=378737677372942 present_call_ns=36083 submit_fence=0 present_fence=-7 present_wait=-7 fence_elapsed_ns=0 wait_elapsed_ns=0
present id=774 class=source result=0 submit_ns=378735751891875 desired_ns=378737694039608 present_call_ns=26708 submit_fence=0 present_fence=-7 present_wait=-7 fence_elapsed_ns=0 wait_elapsed_ns=0
present id=775 class=source result=0 submit_ns=378735759858083 desired_ns=378737710706274 present_call_ns=20750 submit_fence=0 present_fence=-7 present_wait=-7 fence_elapsed_ns=0 wait_elapsed_ns=0
present id=776 class=source result=0 submit_ns=378735768307875 desired_ns=378737727372940 present_call_ns=32708 submit_fence=0 present_fence=-7 present_wait=-7 fence_elapsed_ns=0 wait_elapsed_ns=0
present id=777 class=source result=0 submit_ns=378735776523791 desired_ns=378737744039606 present_call_ns=25834 submit_fence=0 present_fence=-7 present_wait=-7 fence_elapsed_ns=0 wait_elapsed_ns=0
present id=778 class=source result=0 submit_ns=378735784713208 desired_ns=378737760706272 present_call_ns=22208 submit_fence=0 present_fence=-7 present_wait=-7 fence_elapsed_ns=0 wait_elapsed_ns=0
present id=779 class=source result=0 submit_ns=378735794019708 desired_ns=378737777372938 present_call_ns=24250 submit_fence=0 present_fence=-7 present_wait=-7 fence_elapsed_ns=0 wait_elapsed_ns=0
present id=780 class=source result=0 submit_ns=378735801890541 desired_ns=378737794039604 present_call_ns=32959 submit_fence=0 present_fence=-7 present_wait=-7 fence_elapsed_ns=0 wait_elapsed_ns=0
present id=781 class=source result=0 submit_ns=378735810274875 desired_ns=378737810706270 present_call_ns=35375 submit_fence=0 present_fence=-7 present_wait=-7 fence_elapsed_ns=0 wait_elapsed_ns=0
present id=782 class=source result=0 submit_ns=378735818478916 desired_ns=378737827372936 present_call_ns=36750 submit_fence=0 present_fence=-7 present_wait=-7 fence_elapsed_ns=0 wait_elapsed_ns=0
present id=783 class=source result=0 submit_ns=378735826739000 desired_ns=378737844039602 present_call_ns=31458 submit_fence=0 present_fence=-7 present_wait=-7 fence_elapsed_ns=0 wait_elapsed_ns=0
present id=784 class=source result=0 submit_ns=378735834787041 desired_ns=378737860706268 present_call_ns=30417 submit_fence=0 present_fence=-7 present_wait=-7 fence_elapsed_ns=0 wait_elapsed_ns=0
present id=785 class=source result=0 submit_ns=378735842953250 desired_ns=378737877372934 present_call_ns=31500 submit_fence=0 present_fence=-7 present_wait=-7 fence_elapsed_ns=0 wait_elapsed_ns=0
present id=786 class=source result=0 submit_ns=378735851563708 desired_ns=378737894039600 present_call_ns=32375 submit_fence=0 present_fence=-7 present_wait=-7 fence_elapsed_ns=0 wait_elapsed_ns=0
present id=787 class=source result=0 submit_ns=378735859868416 desired_ns=378737910706266 present_call_ns=30792 submit_fence=0 present_fence=-7 present_wait=-7 fence_elapsed_ns=0 wait_elapsed_ns=0
present id=788 class=source result=0 submit_ns=378735868009708 desired_ns=378737927372932 present_call_ns=24958 submit_fence=0 present_fence=-7 present_wait=-7 fence_elapsed_ns=0 wait_elapsed_ns=0
present id=789 class=source result=0 submit_ns=378735877576541 desired_ns=378737944039598 present_call_ns=293917 submit_fence=0 present_fence=-7 present_wait=-7 fence_elapsed_ns=0 wait_elapsed_ns=0
present id=790 class=source result=0 submit_ns=378735885696125 desired_ns=378737960706264 present_call_ns=67125 submit_fence=0 present_fence=-7 present_wait=-7 fence_elapsed_ns=0 wait_elapsed_ns=0
present id=791 class=source result=0 submit_ns=378735892968125 desired_ns=378737977372930 present_call_ns=36666 submit_fence=0 present_fence=-7 present_wait=-7 fence_elapsed_ns=0 wait_elapsed_ns=0
present id=792 class=source result=0 submit_ns=378735902438625 desired_ns=378737994039596 present_call_ns=28416 submit_fence=0 present_fence=-7 present_wait=-7 fence_elapsed_ns=0 wait_elapsed_ns=0
present id=793 class=source result=0 submit_ns=378735909643500 desired_ns=378738010706262 present_call_ns=34291 submit_fence=0 present_fence=-7 present_wait=-7 fence_elapsed_ns=0 wait_elapsed_ns=0
present id=794 class=source result=0 submit_ns=378735918949833 desired_ns=378738027372928 present_call_ns=32875 submit_fence=0 present_fence=-7 present_wait=-7 fence_elapsed_ns=0 wait_elapsed_ns=0
present id=795 class=source result=0 submit_ns=378735927116125 desired_ns=378738044039594 present_call_ns=48041 submit_fence=0 present_fence=-7 present_wait=-7 fence_elapsed_ns=0 wait_elapsed_ns=0
present id=796 class=source result=0 submit_ns=378735935227291 desired_ns=378738060706260 present_call_ns=35084 submit_fence=0 present_fence=-7 present_wait=-7 fence_elapsed_ns=0 wait_elapsed_ns=0
present id=797 class=source result=0 submit_ns=378735943471500 desired_ns=378738077372926 present_call_ns=31791 submit_fence=0 present_fence=-7 present_wait=-7 fence_elapsed_ns=0 wait_elapsed_ns=0
present id=798 class=source result=0 submit_ns=378735951540791 desired_ns=378738094039592 present_call_ns=36750 submit_fence=0 present_fence=-7 present_wait=-7 fence_elapsed_ns=0 wait_elapsed_ns=0
present id=799 class=source result=0 submit_ns=378735959671500 desired_ns=378738110706258 present_call_ns=27541 submit_fence=0 present_fence=-7 present_wait=-7 fence_elapsed_ns=0 wait_elapsed_ns=0
present id=800 class=source result=0 submit_ns=378735969300791 desired_ns=378738127372924 present_call_ns=42500 submit_fence=0 present_fence=-7 present_wait=-7 fence_elapsed_ns=0 wait_elapsed_ns=0
present id=801 class=source result=0 submit_ns=378735976550500 desired_ns=378738144039590 present_call_ns=31000 submit_fence=0 present_fence=-7 present_wait=-7 fence_elapsed_ns=0 wait_elapsed_ns=0
present id=802 class=source result=0 submit_ns=378735984669083 desired_ns=378738160706256 present_call_ns=32583 submit_fence=0 present_fence=-7 present_wait=-7 fence_elapsed_ns=0 wait_elapsed_ns=0
present id=803 class=source result=0 submit_ns=378735994034166 desired_ns=378738177372922 present_call_ns=29584 submit_fence=0 present_fence=-7 present_wait=-7 fence_elapsed_ns=0 wait_elapsed_ns=0
present id=804 class=source result=0 submit_ns=378736002268041 desired_ns=378738194039588 present_call_ns=24000 submit_fence=0 present_fence=-7 present_wait=-7 fence_elapsed_ns=0 wait_elapsed_ns=0
present id=805 class=source result=0 submit_ns=378736010639375 desired_ns=378738210706254 present_call_ns=74333 submit_fence=0 present_fence=-7 present_wait=-7 fence_elapsed_ns=0 wait_elapsed_ns=0
present id=806 class=source result=0 submit_ns=378736018859500 desired_ns=378738227372920 present_call_ns=29041 submit_fence=0 present_fence=-7 present_wait=-7 fence_elapsed_ns=0 wait_elapsed_ns=0
present id=807 class=source result=0 submit_ns=378736027566583 desired_ns=378738244039586 present_call_ns=36000 submit_fence=0 present_fence=-7 present_wait=-7 fence_elapsed_ns=0 wait_elapsed_ns=0
present id=808 class=source result=0 submit_ns=378736036077750 desired_ns=378738260706252 present_call_ns=57708 submit_fence=0 present_fence=-7 present_wait=-7 fence_elapsed_ns=0 wait_elapsed_ns=0
present id=809 class=source result=0 submit_ns=378736043501708 desired_ns=378738277372918 present_call_ns=50750 submit_fence=0 present_fence=-7 present_wait=-7 fence_elapsed_ns=0 wait_elapsed_ns=0
present id=810 class=source result=0 submit_ns=378736051671166 desired_ns=378738294039584 present_call_ns=28000 submit_fence=0 present_fence=-7 present_wait=-7 fence_elapsed_ns=0 wait_elapsed_ns=0
present id=811 class=source result=0 submit_ns=378736059952500 desired_ns=378738310706250 present_call_ns=77958 submit_fence=0 present_fence=-7 present_wait=-7 fence_elapsed_ns=0 wait_elapsed_ns=0
present id=812 class=source result=0 submit_ns=378736068290875 desired_ns=378738327372916 present_call_ns=42666 submit_fence=0 present_fence=-7 present_wait=-7 fence_elapsed_ns=0 wait_elapsed_ns=0
present id=813 class=source result=0 submit_ns=378736076639333 desired_ns=378738344039582 present_call_ns=43292 submit_fence=0 present_fence=-7 present_wait=-7 fence_elapsed_ns=0 wait_elapsed_ns=0
present id=814 class=source result=0 submit_ns=378736085544041 desired_ns=378738360706248 present_call_ns=26042 submit_fence=0 present_fence=-7 present_wait=-7 fence_elapsed_ns=0 wait_elapsed_ns=0
present id=815 class=source result=0 submit_ns=378736093546833 desired_ns=378738377372914 present_call_ns=33250 submit_fence=0 present_fence=-7 present_wait=-7 fence_elapsed_ns=0 wait_elapsed_ns=0
present id=816 class=source result=0 submit_ns=378736101558041 desired_ns=378738394039580 present_call_ns=42084 submit_fence=0 present_fence=-7 present_wait=-7 fence_elapsed_ns=0 wait_elapsed_ns=0
present id=817 class=source result=0 submit_ns=378736110710333 desired_ns=378738410706246 present_call_ns=27625 submit_fence=0 present_fence=-7 present_wait=-7 fence_elapsed_ns=0 wait_elapsed_ns=0
present id=818 class=source result=0 submit_ns=378736118546833 desired_ns=378738427372912 present_call_ns=36875 submit_fence=0 present_fence=-7 present_wait=-7 fence_elapsed_ns=0 wait_elapsed_ns=0
present id=819 class=source result=0 submit_ns=378736126638708 desired_ns=378738444039578 present_call_ns=28708 submit_fence=0 present_fence=-7 present_wait=-7 fence_elapsed_ns=0 wait_elapsed_ns=0
present id=820 class=source result=0 submit_ns=378736134907375 desired_ns=378738460706244 present_call_ns=27000 submit_fence=0 present_fence=-7 present_wait=-7 fence_elapsed_ns=0 wait_elapsed_ns=0
present id=821 class=source result=0 submit_ns=378736143416375 desired_ns=378738477372910 present_call_ns=94500 submit_fence=0 present_fence=-7 present_wait=-7 fence_elapsed_ns=0 wait_elapsed_ns=0
present id=822 class=source result=0 submit_ns=378736151460000 desired_ns=378738494039576 present_call_ns=40291 submit_fence=0 present_fence=-7 present_wait=-7 fence_elapsed_ns=0 wait_elapsed_ns=0
present id=823 class=source result=0 submit_ns=378736159880916 desired_ns=378738510706242 present_call_ns=40917 submit_fence=0 present_fence=-7 present_wait=-7 fence_elapsed_ns=0 wait_elapsed_ns=0
present id=824 class=source result=0 submit_ns=378736169179500 desired_ns=378738527372908 present_call_ns=40916 submit_fence=0 present_fence=-7 present_wait=-7 fence_elapsed_ns=0 wait_elapsed_ns=0
present id=825 class=source result=0 submit_ns=378736176468458 desired_ns=378738544039574 present_call_ns=30458 submit_fence=0 present_fence=-7 present_wait=-7 fence_elapsed_ns=0 wait_elapsed_ns=0
present id=826 class=source result=0 submit_ns=378736184783333 desired_ns=378738560706240 present_call_ns=33958 submit_fence=0 present_fence=-7 present_wait=-7 fence_elapsed_ns=0 wait_elapsed_ns=0
present id=827 class=source result=0 submit_ns=378736192965458 desired_ns=378738577372906 present_call_ns=21625 submit_fence=0 present_fence=-7 present_wait=-7 fence_elapsed_ns=0 wait_elapsed_ns=0
present id=828 class=source result=0 submit_ns=378736201351291 desired_ns=378738594039572 present_call_ns=101459 submit_fence=0 present_fence=-7 present_wait=-7 fence_elapsed_ns=0 wait_elapsed_ns=0
present id=829 class=source result=0 submit_ns=378736210821458 desired_ns=378738610706238 present_call_ns=31708 submit_fence=0 present_fence=-7 present_wait=-7 fence_elapsed_ns=0 wait_elapsed_ns=0
present id=830 class=source result=0 submit_ns=378736219031583 desired_ns=378738627372904 present_call_ns=22958 submit_fence=0 present_fence=-7 present_wait=-7 fence_elapsed_ns=0 wait_elapsed_ns=0
present id=831 class=source result=0 submit_ns=378736226836500 desired_ns=378738644039570 present_call_ns=28000 submit_fence=0 present_fence=-7 present_wait=-7 fence_elapsed_ns=0 wait_elapsed_ns=0
present id=832 class=source result=0 submit_ns=378736235223541 desired_ns=378738660706236 present_call_ns=36917 submit_fence=0 present_fence=-7 present_wait=-7 fence_elapsed_ns=0 wait_elapsed_ns=0
present id=833 class=source result=0 submit_ns=378736242964000 desired_ns=378738677372902 present_call_ns=28916 submit_fence=0 present_fence=-7 present_wait=-7 fence_elapsed_ns=0 wait_elapsed_ns=0
present id=834 class=source result=0 submit_ns=378736253232333 desired_ns=378738694039568 present_call_ns=37667 submit_fence=0 present_fence=-7 present_wait=-7 fence_elapsed_ns=0 wait_elapsed_ns=0
present id=835 class=source result=0 submit_ns=378736260067250 desired_ns=378738710706234 present_call_ns=37958 submit_fence=0 present_fence=-7 present_wait=-7 fence_elapsed_ns=0 wait_elapsed_ns=0
present id=836 class=source result=0 submit_ns=378736268820750 desired_ns=378738727372900 present_call_ns=20041 submit_fence=0 present_fence=-7 present_wait=-7 fence_elapsed_ns=0 wait_elapsed_ns=0
present id=837 class=source result=0 submit_ns=378736276980833 desired_ns=378738744039566 present_call_ns=104250 submit_fence=0 present_fence=-7 present_wait=-7 fence_elapsed_ns=0 wait_elapsed_ns=0
present id=838 class=source result=0 submit_ns=378736284662041 desired_ns=378738760706232 present_call_ns=26959 submit_fence=0 present_fence=-7 present_wait=-7 fence_elapsed_ns=0 wait_elapsed_ns=0
present id=839 class=source result=0 submit_ns=378736293304875 desired_ns=378738777372898 present_call_ns=18750 submit_fence=0 present_fence=-7 present_wait=-7 fence_elapsed_ns=0 wait_elapsed_ns=0
present id=840 class=source result=0 submit_ns=378736301772666 desired_ns=378738794039564 present_call_ns=17709 submit_fence=0 present_fence=-7 present_wait=-7 fence_elapsed_ns=0 wait_elapsed_ns=0
present id=841 class=synthetic result=0 submit_ns=378736310298125 desired_ns=378738810706230 present_call_ns=15458 submit_fence=0 present_fence=-7 present_wait=-7 fence_elapsed_ns=0 wait_elapsed_ns=0
present id=842 class=synthetic result=0 submit_ns=378736318729250 desired_ns=378738827372896 present_call_ns=9708 submit_fence=0 present_fence=-7 present_wait=-7 fence_elapsed_ns=0 wait_elapsed_ns=0
present id=843 class=synthetic result=0 submit_ns=378736327139458 desired_ns=378738844039562 present_call_ns=8667 submit_fence=0 present_fence=-7 present_wait=-7 fence_elapsed_ns=0 wait_elapsed_ns=0
present id=844 class=synthetic result=0 submit_ns=378736335600166 desired_ns=378738860706228 present_call_ns=10375 submit_fence=0 present_fence=-7 present_wait=-7 fence_elapsed_ns=0 wait_elapsed_ns=0
present id=845 class=synthetic result=0 submit_ns=378736342975625 desired_ns=378738877372894 present_call_ns=9416 submit_fence=0 present_fence=-7 present_wait=-7 fence_elapsed_ns=0 wait_elapsed_ns=0
present id=846 class=synthetic result=0 submit_ns=378736351502500 desired_ns=378738894039560 present_call_ns=10916 submit_fence=0 present_fence=-7 present_wait=-7 fence_elapsed_ns=0 wait_elapsed_ns=0
present id=847 class=synthetic result=0 submit_ns=378736360049625 desired_ns=378738910706226 present_call_ns=9416 submit_fence=0 present_fence=-7 present_wait=-7 fence_elapsed_ns=0 wait_elapsed_ns=0
present id=848 class=synthetic result=0 submit_ns=378736369160541 desired_ns=378738927372892 present_call_ns=57042 submit_fence=0 present_fence=-7 present_wait=-7 fence_elapsed_ns=0 wait_elapsed_ns=0
present id=849 class=synthetic result=0 submit_ns=378736377416750 desired_ns=378738944039558 present_call_ns=31000 submit_fence=0 present_fence=-7 present_wait=-7 fence_elapsed_ns=0 wait_elapsed_ns=0
present id=850 class=synthetic result=0 submit_ns=378736384864375 desired_ns=378738960706224 present_call_ns=10916 submit_fence=0 present_fence=-7 present_wait=-7 fence_elapsed_ns=0 wait_elapsed_ns=0
present id=851 class=synthetic result=0 submit_ns=378736393419041 desired_ns=378738977372890 present_call_ns=8250 submit_fence=0 present_fence=-7 present_wait=-7 fence_elapsed_ns=0 wait_elapsed_ns=0
present id=852 class=synthetic result=0 submit_ns=378736401922208 desired_ns=378738994039556 present_call_ns=13250 submit_fence=0 present_fence=-7 present_wait=-7 fence_elapsed_ns=0 wait_elapsed_ns=0
present id=853 class=synthetic result=0 submit_ns=378736410529041 desired_ns=378739010706222 present_call_ns=26125 submit_fence=0 present_fence=-7 present_wait=-7 fence_elapsed_ns=0 wait_elapsed_ns=0
present id=854 class=synthetic result=0 submit_ns=378736418038416 desired_ns=378739027372888 present_call_ns=53334 submit_fence=0 present_fence=-7 present_wait=-7 fence_elapsed_ns=0 wait_elapsed_ns=0
present id=855 class=synthetic result=0 submit_ns=378736427182333 desired_ns=378739044039554 present_call_ns=37083 submit_fence=0 present_fence=-7 present_wait=-7 fence_elapsed_ns=0 wait_elapsed_ns=0
present id=856 class=synthetic result=0 submit_ns=378736435315375 desired_ns=378739060706220 present_call_ns=23041 submit_fence=0 present_fence=-7 present_wait=-7 fence_elapsed_ns=0 wait_elapsed_ns=0
present id=857 class=synthetic result=0 submit_ns=378736443515000 desired_ns=378739077372886 present_call_ns=27458 submit_fence=0 present_fence=-7 present_wait=-7 fence_elapsed_ns=0 wait_elapsed_ns=0
present id=858 class=synthetic result=0 submit_ns=378736451469125 desired_ns=378739094039552 present_call_ns=60375 submit_fence=0 present_fence=-7 present_wait=-7 fence_elapsed_ns=0 wait_elapsed_ns=0
present id=859 class=synthetic result=0 submit_ns=378736459896500 desired_ns=378739110706218 present_call_ns=24000 submit_fence=0 present_fence=-7 present_wait=-7 fence_elapsed_ns=0 wait_elapsed_ns=0
present id=860 class=synthetic result=0 submit_ns=378736469229500 desired_ns=378739127372884 present_call_ns=23916 submit_fence=0 present_fence=-7 present_wait=-7 fence_elapsed_ns=0 wait_elapsed_ns=0
present id=861 class=synthetic result=0 submit_ns=378736476428625 desired_ns=378739144039550 present_call_ns=22333 submit_fence=0 present_fence=-7 present_wait=-7 fence_elapsed_ns=0 wait_elapsed_ns=0
present id=862 class=synthetic result=0 submit_ns=378736484575333 desired_ns=378739160706216 present_call_ns=98667 submit_fence=0 present_fence=-7 present_wait=-7 fence_elapsed_ns=0 wait_elapsed_ns=0
present id=863 class=synthetic result=0 submit_ns=378736493665500 desired_ns=378739177372882 present_call_ns=186083 submit_fence=0 present_fence=-7 present_wait=-7 fence_elapsed_ns=0 wait_elapsed_ns=0
present id=864 class=synthetic result=0 submit_ns=378736501886541 desired_ns=378739194039548 present_call_ns=29125 submit_fence=0 present_fence=-7 present_wait=-7 fence_elapsed_ns=0 wait_elapsed_ns=0
present id=865 class=synthetic result=0 submit_ns=378736510244875 desired_ns=378739210706214 present_call_ns=1022958 submit_fence=0 present_fence=-7 present_wait=-7 fence_elapsed_ns=0 wait_elapsed_ns=0
present id=866 class=synthetic result=0 submit_ns=378736519075500 desired_ns=378739227372880 present_call_ns=34125 submit_fence=0 present_fence=-7 present_wait=-7 fence_elapsed_ns=0 wait_elapsed_ns=0
present id=867 class=synthetic result=0 submit_ns=378736526450333 desired_ns=378739244039546 present_call_ns=460375 submit_fence=0 present_fence=-7 present_wait=-7 fence_elapsed_ns=0 wait_elapsed_ns=0
present id=868 class=synthetic result=0 submit_ns=378736535680333 desired_ns=378739260706212 present_call_ns=38708 submit_fence=0 present_fence=-7 present_wait=-7 fence_elapsed_ns=0 wait_elapsed_ns=0
present id=869 class=synthetic result=0 submit_ns=378736542923250 desired_ns=378739277372878 present_call_ns=29541 submit_fence=0 present_fence=-7 present_wait=-7 fence_elapsed_ns=0 wait_elapsed_ns=0
present id=870 class=synthetic result=0 submit_ns=378736552164125 desired_ns=378739294039544 present_call_ns=20541 submit_fence=0 present_fence=-7 present_wait=-7 fence_elapsed_ns=0 wait_elapsed_ns=0
present id=871 class=synthetic result=0 submit_ns=378736560065458 desired_ns=378739310706210 present_call_ns=21667 submit_fence=0 present_fence=-7 present_wait=-7 fence_elapsed_ns=0 wait_elapsed_ns=0
present id=872 class=synthetic result=0 submit_ns=378736568217250 desired_ns=378739327372876 present_call_ns=39625 submit_fence=0 present_fence=-7 present_wait=-7 fence_elapsed_ns=0 wait_elapsed_ns=0
present id=873 class=synthetic result=0 submit_ns=378736576220375 desired_ns=378739344039542 present_call_ns=31583 submit_fence=0 present_fence=-7 present_wait=-7 fence_elapsed_ns=0 wait_elapsed_ns=0
present id=874 class=synthetic result=0 submit_ns=378736585569125 desired_ns=378739360706208 present_call_ns=34458 submit_fence=0 present_fence=-7 present_wait=-7 fence_elapsed_ns=0 wait_elapsed_ns=0
present id=875 class=synthetic result=0 submit_ns=378736593744125 desired_ns=378739377372874 present_call_ns=30916 submit_fence=0 present_fence=-7 present_wait=-7 fence_elapsed_ns=0 wait_elapsed_ns=0
present id=876 class=synthetic result=0 submit_ns=378736601836916 desired_ns=378739394039540 present_call_ns=29500 submit_fence=0 present_fence=-7 present_wait=-7 fence_elapsed_ns=0 wait_elapsed_ns=0
present id=877 class=synthetic result=0 submit_ns=378736610490416 desired_ns=378739410706206 present_call_ns=149042 submit_fence=0 present_fence=-7 present_wait=-7 fence_elapsed_ns=0 wait_elapsed_ns=0
present id=878 class=synthetic result=0 submit_ns=378736618489333 desired_ns=378739427372872 present_call_ns=34458 submit_fence=0 present_fence=-7 present_wait=-7 fence_elapsed_ns=0 wait_elapsed_ns=0
present id=879 class=synthetic result=0 submit_ns=378736626658791 desired_ns=378739444039538 present_call_ns=28750 submit_fence=0 present_fence=-7 present_wait=-7 fence_elapsed_ns=0 wait_elapsed_ns=0
present id=880 class=synthetic result=0 submit_ns=378736634865708 desired_ns=378739460706204 present_call_ns=24083 submit_fence=0 present_fence=-7 present_wait=-7 fence_elapsed_ns=0 wait_elapsed_ns=0
present id=881 class=synthetic result=0 submit_ns=378736643095416 desired_ns=378739477372870 present_call_ns=41875 submit_fence=0 present_fence=-7 present_wait=-7 fence_elapsed_ns=0 wait_elapsed_ns=0
present id=882 class=synthetic result=0 submit_ns=378736651388000 desired_ns=378739494039536 present_call_ns=124500 submit_fence=0 present_fence=-7 present_wait=-7 fence_elapsed_ns=0 wait_elapsed_ns=0
present id=883 class=synthetic result=0 submit_ns=378736661179833 desired_ns=378739510706202 present_call_ns=51042 submit_fence=0 present_fence=-7 present_wait=-7 fence_elapsed_ns=0 wait_elapsed_ns=0
present id=884 class=synthetic result=0 submit_ns=378736668893708 desired_ns=378739527372868 present_call_ns=64917 submit_fence=0 present_fence=-7 present_wait=-7 fence_elapsed_ns=0 wait_elapsed_ns=0
present id=885 class=synthetic result=0 submit_ns=378736677927791 desired_ns=378739544039534 present_call_ns=56250 submit_fence=0 present_fence=-7 present_wait=-7 fence_elapsed_ns=0 wait_elapsed_ns=0
present id=886 class=synthetic result=0 submit_ns=378736686214041 desired_ns=378739560706200 present_call_ns=27459 submit_fence=0 present_fence=-7 present_wait=-7 fence_elapsed_ns=0 wait_elapsed_ns=0
present id=887 class=synthetic result=0 submit_ns=378736703788166 desired_ns=378739577372866 present_call_ns=62250 submit_fence=0 present_fence=-7 present_wait=-7 fence_elapsed_ns=0 wait_elapsed_ns=0
present id=888 class=synthetic result=0 submit_ns=378736712453041 desired_ns=378739594039532 present_call_ns=9709 submit_fence=0 present_fence=-7 present_wait=-7 fence_elapsed_ns=0 wait_elapsed_ns=0
present id=889 class=synthetic result=0 submit_ns=378736721025958 desired_ns=378739610706198 present_call_ns=10917 submit_fence=0 present_fence=-7 present_wait=-7 fence_elapsed_ns=0 wait_elapsed_ns=0
present id=890 class=synthetic result=0 submit_ns=378736729210833 desired_ns=378739627372864 present_call_ns=14625 submit_fence=0 present_fence=-7 present_wait=-7 fence_elapsed_ns=0 wait_elapsed_ns=0
present id=891 class=synthetic result=0 submit_ns=378736737791458 desired_ns=378739644039530 present_call_ns=9583 submit_fence=0 present_fence=-7 present_wait=-7 fence_elapsed_ns=0 wait_elapsed_ns=0
present id=892 class=synthetic result=0 submit_ns=378736745960375 desired_ns=378739660706196 present_call_ns=62541 submit_fence=0 present_fence=-7 present_wait=-7 fence_elapsed_ns=0 wait_elapsed_ns=0
present id=893 class=synthetic result=0 submit_ns=378736753996625 desired_ns=378739677372862 present_call_ns=45083 submit_fence=0 present_fence=-7 present_wait=-7 fence_elapsed_ns=0 wait_elapsed_ns=0
present id=894 class=synthetic result=0 submit_ns=378736762036041 desired_ns=378739694039528 present_call_ns=28792 submit_fence=0 present_fence=-7 present_wait=-7 fence_elapsed_ns=0 wait_elapsed_ns=0
present id=895 class=synthetic result=0 submit_ns=378736773826708 desired_ns=378739710706194 present_call_ns=66667 submit_fence=0 present_fence=-7 present_wait=-7 fence_elapsed_ns=0 wait_elapsed_ns=0
present id=896 class=synthetic result=0 submit_ns=378736779388416 desired_ns=378739727372860 present_call_ns=38500 submit_fence=0 present_fence=-7 present_wait=-7 fence_elapsed_ns=0 wait_elapsed_ns=0
present id=897 class=synthetic result=0 submit_ns=378736787724958 desired_ns=378739744039526 present_call_ns=31167 submit_fence=0 present_fence=-7 present_wait=-7 fence_elapsed_ns=0 wait_elapsed_ns=0
present id=898 class=synthetic result=0 submit_ns=378736795897958 desired_ns=378739760706192 present_call_ns=26792 submit_fence=0 present_fence=-7 present_wait=-7 fence_elapsed_ns=0 wait_elapsed_ns=0
present id=899 class=synthetic result=0 submit_ns=378736804188291 desired_ns=378739777372858 present_call_ns=24125 submit_fence=0 present_fence=-7 present_wait=-7 fence_elapsed_ns=0 wait_elapsed_ns=0
present id=900 class=synthetic result=0 submit_ns=378736813275583 desired_ns=378739794039524 present_call_ns=31333 submit_fence=0 present_fence=-7 present_wait=-7 fence_elapsed_ns=0 wait_elapsed_ns=0
present id=901 class=synthetic result=0 submit_ns=378736821749125 desired_ns=378739810706190 present_call_ns=25625 submit_fence=0 present_fence=-7 present_wait=-7 fence_elapsed_ns=0 wait_elapsed_ns=0
present id=902 class=synthetic result=0 submit_ns=378736829815916 desired_ns=378739827372856 present_call_ns=30500 submit_fence=0 present_fence=-7 present_wait=-7 fence_elapsed_ns=0 wait_elapsed_ns=0
present id=903 class=synthetic result=0 submit_ns=378736838110583 desired_ns=378739844039522 present_call_ns=25917 submit_fence=0 present_fence=-7 present_wait=-7 fence_elapsed_ns=0 wait_elapsed_ns=0
present id=904 class=synthetic result=0 submit_ns=378736845918375 desired_ns=378739860706188 present_call_ns=22333 submit_fence=0 present_fence=-7 present_wait=-7 fence_elapsed_ns=0 wait_elapsed_ns=0
present id=905 class=synthetic result=0 submit_ns=378736853990583 desired_ns=378739877372854 present_call_ns=24917 submit_fence=0 present_fence=-7 present_wait=-7 fence_elapsed_ns=0 wait_elapsed_ns=0
present id=906 class=synthetic result=0 submit_ns=378736863240875 desired_ns=378739894039520 present_call_ns=27958 submit_fence=0 present_fence=-7 present_wait=-7 fence_elapsed_ns=0 wait_elapsed_ns=0
present id=907 class=synthetic result=0 submit_ns=378736871645208 desired_ns=378739910706186 present_call_ns=183042 submit_fence=0 present_fence=-7 present_wait=-7 fence_elapsed_ns=0 wait_elapsed_ns=0
present id=908 class=synthetic result=0 submit_ns=378736879755041 desired_ns=378739927372852 present_call_ns=26959 submit_fence=0 present_fence=-7 present_wait=-7 fence_elapsed_ns=0 wait_elapsed_ns=0
present id=909 class=synthetic result=0 submit_ns=378736887131916 desired_ns=378739944039518 present_call_ns=47917 submit_fence=0 present_fence=-7 present_wait=-7 fence_elapsed_ns=0 wait_elapsed_ns=0
present id=910 class=synthetic result=0 submit_ns=378736896366208 desired_ns=378739960706184 present_call_ns=33917 submit_fence=0 present_fence=-7 present_wait=-7 fence_elapsed_ns=0 wait_elapsed_ns=0
present id=911 class=synthetic result=0 submit_ns=378736905488541 desired_ns=378739977372850 present_call_ns=82209 submit_fence=0 present_fence=-7 present_wait=-7 fence_elapsed_ns=0 wait_elapsed_ns=0
present id=912 class=synthetic result=0 submit_ns=378736912097708 desired_ns=378739994039516 present_call_ns=25708 submit_fence=0 present_fence=-7 present_wait=-7 fence_elapsed_ns=0 wait_elapsed_ns=0
present id=913 class=synthetic result=0 submit_ns=378736921314458 desired_ns=378740010706182 present_call_ns=23708 submit_fence=0 present_fence=-7 present_wait=-7 fence_elapsed_ns=0 wait_elapsed_ns=0
present id=914 class=synthetic result=0 submit_ns=378736929352750 desired_ns=378740027372848 present_call_ns=41791 submit_fence=0 present_fence=-7 present_wait=-7 fence_elapsed_ns=0 wait_elapsed_ns=0
present id=915 class=synthetic result=0 submit_ns=378736937873375 desired_ns=378740044039514 present_call_ns=31291 submit_fence=0 present_fence=-7 present_wait=-7 fence_elapsed_ns=0 wait_elapsed_ns=0
present id=916 class=synthetic result=0 submit_ns=378736946169791 desired_ns=378740060706180 present_call_ns=38625 submit_fence=0 present_fence=-7 present_wait=-7 fence_elapsed_ns=0 wait_elapsed_ns=0
present id=917 class=synthetic result=0 submit_ns=378736954086458 desired_ns=378740077372846 present_call_ns=34208 submit_fence=0 present_fence=-7 present_wait=-7 fence_elapsed_ns=0 wait_elapsed_ns=0
present id=918 class=synthetic result=0 submit_ns=378736962967750 desired_ns=378740094039512 present_call_ns=21791 submit_fence=0 present_fence=-7 present_wait=-7 fence_elapsed_ns=0 wait_elapsed_ns=0
present id=919 class=synthetic result=0 submit_ns=378736971231041 desired_ns=378740110706178 present_call_ns=40292 submit_fence=0 present_fence=-7 present_wait=-7 fence_elapsed_ns=0 wait_elapsed_ns=0
present id=920 class=synthetic result=0 submit_ns=378736979410958 desired_ns=378740127372844 present_call_ns=35333 submit_fence=0 present_fence=-7 present_wait=-7 fence_elapsed_ns=0 wait_elapsed_ns=0
present id=921 class=synthetic result=0 submit_ns=378736987550583 desired_ns=378740144039510 present_call_ns=32833 submit_fence=0 present_fence=-7 present_wait=-7 fence_elapsed_ns=0 wait_elapsed_ns=0
present id=922 class=synthetic result=0 submit_ns=378736995627041 desired_ns=378740160706176 present_call_ns=44542 submit_fence=0 present_fence=-7 present_wait=-7 fence_elapsed_ns=0 wait_elapsed_ns=0
present id=923 class=synthetic result=0 submit_ns=378737006371625 desired_ns=378740177372842 present_call_ns=35041 submit_fence=0 present_fence=-7 present_wait=-7 fence_elapsed_ns=0 wait_elapsed_ns=0
present id=924 class=synthetic result=0 submit_ns=378737013195708 desired_ns=378740194039508 present_call_ns=55917 submit_fence=0 present_fence=-7 present_wait=-7 fence_elapsed_ns=0 wait_elapsed_ns=0
present id=925 class=synthetic result=0 submit_ns=378737021546250 desired_ns=378740210706174 present_call_ns=36166 submit_fence=0 present_fence=-7 present_wait=-7 fence_elapsed_ns=0 wait_elapsed_ns=0
present id=926 class=synthetic result=0 submit_ns=378737029746208 desired_ns=378740227372840 present_call_ns=20542 submit_fence=0 present_fence=-7 present_wait=-7 fence_elapsed_ns=0 wait_elapsed_ns=0
present id=927 class=synthetic result=0 submit_ns=378737037736750 desired_ns=378740244039506 present_call_ns=61166 submit_fence=0 present_fence=-7 present_wait=-7 fence_elapsed_ns=0 wait_elapsed_ns=0
present id=928 class=synthetic result=0 submit_ns=378737046015625 desired_ns=378740260706172 present_call_ns=33541 submit_fence=0 present_fence=-7 present_wait=-7 fence_elapsed_ns=0 wait_elapsed_ns=0
present id=929 class=synthetic result=0 submit_ns=378737054305541 desired_ns=378740277372838 present_call_ns=41125 submit_fence=0 present_fence=-7 present_wait=-7 fence_elapsed_ns=0 wait_elapsed_ns=0
present id=930 class=synthetic result=0 submit_ns=378737062253916 desired_ns=378740294039504 present_call_ns=24209 submit_fence=0 present_fence=-7 present_wait=-7 fence_elapsed_ns=0 wait_elapsed_ns=0
present id=931 class=synthetic result=0 submit_ns=378737071796083 desired_ns=378740310706170 present_call_ns=20208 submit_fence=0 present_fence=-7 present_wait=-7 fence_elapsed_ns=0 wait_elapsed_ns=0
present id=932 class=synthetic result=0 submit_ns=378737079360708 desired_ns=378740327372836 present_call_ns=68792 submit_fence=0 present_fence=-7 present_wait=-7 fence_elapsed_ns=0 wait_elapsed_ns=0
present id=933 class=synthetic result=0 submit_ns=378737087066333 desired_ns=378740344039502 present_call_ns=19375 submit_fence=0 present_fence=-7 present_wait=-7 fence_elapsed_ns=0 wait_elapsed_ns=0
present id=934 class=synthetic result=0 submit_ns=378737096419041 desired_ns=378740360706168 present_call_ns=23459 submit_fence=0 present_fence=-7 present_wait=-7 fence_elapsed_ns=0 wait_elapsed_ns=0
present id=935 class=synthetic result=0 submit_ns=378737104438500 desired_ns=378740377372834 present_call_ns=34041 submit_fence=0 present_fence=-7 present_wait=-7 fence_elapsed_ns=0 wait_elapsed_ns=0
present id=936 class=synthetic result=0 submit_ns=378737113044750 desired_ns=378740394039500 present_call_ns=21791 submit_fence=0 present_fence=-7 present_wait=-7 fence_elapsed_ns=0 wait_elapsed_ns=0
present id=937 class=synthetic result=0 submit_ns=378737120951125 desired_ns=378740410706166 present_call_ns=30083 submit_fence=0 present_fence=-7 present_wait=-7 fence_elapsed_ns=0 wait_elapsed_ns=0
present id=938 class=synthetic result=0 submit_ns=378737129161291 desired_ns=378740427372832 present_call_ns=32542 submit_fence=0 present_fence=-7 present_wait=-7 fence_elapsed_ns=0 wait_elapsed_ns=0
present id=939 class=synthetic result=0 submit_ns=378737137356916 desired_ns=378740444039498 present_call_ns=29917 submit_fence=0 present_fence=-7 present_wait=-7 fence_elapsed_ns=0 wait_elapsed_ns=0
present id=940 class=synthetic result=0 submit_ns=378737146107291 desired_ns=378740460706164 present_call_ns=33250 submit_fence=0 present_fence=-7 present_wait=-7 fence_elapsed_ns=0 wait_elapsed_ns=0
present id=941 class=synthetic result=0 submit_ns=378737154283041 desired_ns=378740477372830 present_call_ns=31417 submit_fence=0 present_fence=-7 present_wait=-7 fence_elapsed_ns=0 wait_elapsed_ns=0
present id=942 class=synthetic result=0 submit_ns=378737162656958 desired_ns=378740494039496 present_call_ns=105333 submit_fence=0 present_fence=-7 present_wait=-7 fence_elapsed_ns=0 wait_elapsed_ns=0
present id=943 class=synthetic result=0 submit_ns=378737170992583 desired_ns=378740510706162 present_call_ns=22000 submit_fence=0 present_fence=-7 present_wait=-7 fence_elapsed_ns=0 wait_elapsed_ns=0
present id=944 class=synthetic result=0 submit_ns=378737179203291 desired_ns=378740527372828 present_call_ns=43042 submit_fence=0 present_fence=-7 present_wait=-7 fence_elapsed_ns=0 wait_elapsed_ns=0
present id=945 class=synthetic result=0 submit_ns=378737187221416 desired_ns=378740544039494 present_call_ns=47667 submit_fence=0 present_fence=-7 present_wait=-7 fence_elapsed_ns=0 wait_elapsed_ns=0
present id=946 class=synthetic result=0 submit_ns=378737195884125 desired_ns=378740560706160 present_call_ns=32791 submit_fence=0 present_fence=-7 present_wait=-7 fence_elapsed_ns=0 wait_elapsed_ns=0
present id=947 class=synthetic result=0 submit_ns=378737204469666 desired_ns=378740577372826 present_call_ns=30584 submit_fence=0 present_fence=-7 present_wait=-7 fence_elapsed_ns=0 wait_elapsed_ns=0
present id=948 class=synthetic result=0 submit_ns=378737212812333 desired_ns=378740594039492 present_call_ns=32292 submit_fence=0 present_fence=-7 present_wait=-7 fence_elapsed_ns=0 wait_elapsed_ns=0
present id=949 class=synthetic result=0 submit_ns=378737221428583 desired_ns=378740610706158 present_call_ns=26542 submit_fence=0 present_fence=-7 present_wait=-7 fence_elapsed_ns=0 wait_elapsed_ns=0
present id=950 class=synthetic result=0 submit_ns=378737229791666 desired_ns=378740627372824 present_call_ns=44334 submit_fence=0 present_fence=-7 present_wait=-7 fence_elapsed_ns=0 wait_elapsed_ns=0
present id=951 class=synthetic result=0 submit_ns=378737238533583 desired_ns=378740644039490 present_call_ns=39792 submit_fence=0 present_fence=-7 present_wait=-7 fence_elapsed_ns=0 wait_elapsed_ns=0
present id=952 class=synthetic result=0 submit_ns=378737246425333 desired_ns=378740660706156 present_call_ns=44375 submit_fence=0 present_fence=-7 present_wait=-7 fence_elapsed_ns=0 wait_elapsed_ns=0
present id=953 class=synthetic result=0 submit_ns=378737254537208 desired_ns=378740677372822 present_call_ns=91333 submit_fence=0 present_fence=-7 present_wait=-7 fence_elapsed_ns=0 wait_elapsed_ns=0
present id=954 class=synthetic result=0 submit_ns=378737263044541 desired_ns=378740694039488 present_call_ns=120042 submit_fence=0 present_fence=-7 present_wait=-7 fence_elapsed_ns=0 wait_elapsed_ns=0
present id=955 class=synthetic result=0 submit_ns=378737271858125 desired_ns=378740710706154 present_call_ns=68916 submit_fence=0 present_fence=-7 present_wait=-7 fence_elapsed_ns=0 wait_elapsed_ns=0
present id=956 class=synthetic result=0 submit_ns=378737279669291 desired_ns=378740727372820 present_call_ns=61792 submit_fence=0 present_fence=-7 present_wait=-7 fence_elapsed_ns=0 wait_elapsed_ns=0
present id=957 class=synthetic result=0 submit_ns=378737288075666 desired_ns=378740744039486 present_call_ns=63667 submit_fence=0 present_fence=-7 present_wait=-7 fence_elapsed_ns=0 wait_elapsed_ns=0
present id=958 class=synthetic result=0 submit_ns=378737296445541 desired_ns=378740760706152 present_call_ns=76042 submit_fence=0 present_fence=-7 present_wait=-7 fence_elapsed_ns=0 wait_elapsed_ns=0
present id=959 class=synthetic result=0 submit_ns=378737304991833 desired_ns=378740777372818 present_call_ns=62500 submit_fence=0 present_fence=-7 present_wait=-7 fence_elapsed_ns=0 wait_elapsed_ns=0
present id=960 class=synthetic result=0 submit_ns=378737312909250 desired_ns=378740794039484 present_call_ns=44041 submit_fence=0 present_fence=-7 present_wait=-7 fence_elapsed_ns=0 wait_elapsed_ns=0
present id=961 class=source result=0 submit_ns=378737320672000 desired_ns=378740810706150 present_call_ns=82041 submit_fence=0 present_fence=-7 present_wait=-7 fence_elapsed_ns=0 wait_elapsed_ns=0
present id=962 class=source result=0 submit_ns=378737329806208 desired_ns=378740827372816 present_call_ns=56500 submit_fence=0 present_fence=-7 present_wait=-7 fence_elapsed_ns=0 wait_elapsed_ns=0
present id=963 class=source result=0 submit_ns=378737337914250 desired_ns=378740844039482 present_call_ns=28708 submit_fence=0 present_fence=-7 present_wait=-7 fence_elapsed_ns=0 wait_elapsed_ns=0
present id=964 class=source result=0 submit_ns=378737345787291 desired_ns=378740860706148 present_call_ns=40750 submit_fence=0 present_fence=-7 present_wait=-7 fence_elapsed_ns=0 wait_elapsed_ns=0
present id=965 class=source result=0 submit_ns=378737354757000 desired_ns=378740877372814 present_call_ns=27625 submit_fence=0 present_fence=-7 present_wait=-7 fence_elapsed_ns=0 wait_elapsed_ns=0
present id=966 class=source result=0 submit_ns=378737362707333 desired_ns=378740894039480 present_call_ns=27458 submit_fence=0 present_fence=-7 present_wait=-7 fence_elapsed_ns=0 wait_elapsed_ns=0
present id=967 class=source result=0 submit_ns=378737371659250 desired_ns=378740910706146 present_call_ns=65541 submit_fence=0 present_fence=-7 present_wait=-7 fence_elapsed_ns=0 wait_elapsed_ns=0
present id=968 class=source result=0 submit_ns=378737379901791 desired_ns=378740927372812 present_call_ns=48250 submit_fence=0 present_fence=-7 present_wait=-7 fence_elapsed_ns=0 wait_elapsed_ns=0
present id=969 class=source result=0 submit_ns=378737388129708 desired_ns=378740944039478 present_call_ns=38292 submit_fence=0 present_fence=-7 present_wait=-7 fence_elapsed_ns=0 wait_elapsed_ns=0
present id=970 class=source result=0 submit_ns=378737395427333 desired_ns=378740960706144 present_call_ns=34625 submit_fence=0 present_fence=-7 present_wait=-7 fence_elapsed_ns=0 wait_elapsed_ns=0
present id=971 class=source result=0 submit_ns=378737404547125 desired_ns=378740977372810 present_call_ns=31708 submit_fence=0 present_fence=-7 present_wait=-7 fence_elapsed_ns=0 wait_elapsed_ns=0
present id=972 class=source result=0 submit_ns=378737412965250 desired_ns=378740994039476 present_call_ns=26291 submit_fence=0 present_fence=-7 present_wait=-7 fence_elapsed_ns=0 wait_elapsed_ns=0
present id=973 class=source result=0 submit_ns=378737421043458 desired_ns=378741010706142 present_call_ns=258542 submit_fence=0 present_fence=-7 present_wait=-7 fence_elapsed_ns=0 wait_elapsed_ns=0
present id=974 class=source result=0 submit_ns=378737429942916 desired_ns=378741027372808 present_call_ns=40959 submit_fence=0 present_fence=-7 present_wait=-7 fence_elapsed_ns=0 wait_elapsed_ns=0
present id=975 class=source result=0 submit_ns=378737438492666 desired_ns=378741044039474 present_call_ns=35959 submit_fence=0 present_fence=-7 present_wait=-7 fence_elapsed_ns=0 wait_elapsed_ns=0
present id=976 class=source result=0 submit_ns=378737446658583 desired_ns=378741060706140 present_call_ns=30292 submit_fence=0 present_fence=-7 present_wait=-7 fence_elapsed_ns=0 wait_elapsed_ns=0
present id=977 class=source result=0 submit_ns=378737454929583 desired_ns=378741077372806 present_call_ns=40875 submit_fence=0 present_fence=-7 present_wait=-7 fence_elapsed_ns=0 wait_elapsed_ns=0
present id=978 class=source result=0 submit_ns=378737462348041 desired_ns=378741094039472 present_call_ns=50709 submit_fence=0 present_fence=-7 present_wait=-7 fence_elapsed_ns=0 wait_elapsed_ns=0
present id=979 class=source result=0 submit_ns=378737471071291 desired_ns=378741110706138 present_call_ns=36000 submit_fence=0 present_fence=-7 present_wait=-7 fence_elapsed_ns=0 wait_elapsed_ns=0
present id=980 class=source result=0 submit_ns=378737479380333 desired_ns=378741127372804 present_call_ns=40083 submit_fence=0 present_fence=-7 present_wait=-7 fence_elapsed_ns=0 wait_elapsed_ns=0
present id=981 class=source result=0 submit_ns=378737487796416 desired_ns=378741144039470 present_call_ns=60375 submit_fence=0 present_fence=-7 present_wait=-7 fence_elapsed_ns=0 wait_elapsed_ns=0
present id=982 class=source result=0 submit_ns=378737496132958 desired_ns=378741160706136 present_call_ns=29167 submit_fence=0 present_fence=-7 present_wait=-7 fence_elapsed_ns=0 wait_elapsed_ns=0
present id=983 class=source result=0 submit_ns=378737505095208 desired_ns=378741177372802 present_call_ns=41125 submit_fence=0 present_fence=-7 present_wait=-7 fence_elapsed_ns=0 wait_elapsed_ns=0
present id=984 class=source result=0 submit_ns=378737513124208 desired_ns=378741194039468 present_call_ns=33083 submit_fence=0 present_fence=-7 present_wait=-7 fence_elapsed_ns=0 wait_elapsed_ns=0
present id=985 class=source result=0 submit_ns=378737521377541 desired_ns=378741210706134 present_call_ns=32250 submit_fence=0 present_fence=-7 present_wait=-7 fence_elapsed_ns=0 wait_elapsed_ns=0
present id=986 class=source result=0 submit_ns=378737529338041 desired_ns=378741227372800 present_call_ns=33084 submit_fence=0 present_fence=-7 present_wait=-7 fence_elapsed_ns=0 wait_elapsed_ns=0
present id=987 class=source result=0 submit_ns=378737537489750 desired_ns=378741244039466 present_call_ns=27291 submit_fence=0 present_fence=-7 present_wait=-7 fence_elapsed_ns=0 wait_elapsed_ns=0
present id=988 class=source result=0 submit_ns=378737545424958 desired_ns=378741260706132 present_call_ns=23250 submit_fence=0 present_fence=-7 present_wait=-7 fence_elapsed_ns=0 wait_elapsed_ns=0
present id=989 class=source result=0 submit_ns=378737554884166 desired_ns=378741277372798 present_call_ns=26792 submit_fence=0 present_fence=-7 present_wait=-7 fence_elapsed_ns=0 wait_elapsed_ns=0
present id=990 class=source result=0 submit_ns=378737562594333 desired_ns=378741294039464 present_call_ns=21750 submit_fence=0 present_fence=-7 present_wait=-7 fence_elapsed_ns=0 wait_elapsed_ns=0
present id=991 class=source result=0 submit_ns=378737570386500 desired_ns=378741310706130 present_call_ns=24541 submit_fence=0 present_fence=-7 present_wait=-7 fence_elapsed_ns=0 wait_elapsed_ns=0
present id=992 class=source result=0 submit_ns=378737579073416 desired_ns=378741327372796 present_call_ns=24459 submit_fence=0 present_fence=-7 present_wait=-7 fence_elapsed_ns=0 wait_elapsed_ns=0
present id=993 class=source result=0 submit_ns=378737588293125 desired_ns=378741344039462 present_call_ns=30458 submit_fence=0 present_fence=-7 present_wait=-7 fence_elapsed_ns=0 wait_elapsed_ns=0
present id=994 class=source result=0 submit_ns=378737596365291 desired_ns=378741360706128 present_call_ns=21500 submit_fence=0 present_fence=-7 present_wait=-7 fence_elapsed_ns=0 wait_elapsed_ns=0
present id=995 class=source result=0 submit_ns=378737604498708 desired_ns=378741377372794 present_call_ns=172458 submit_fence=0 present_fence=-7 present_wait=-7 fence_elapsed_ns=0 wait_elapsed_ns=0
present id=996 class=source result=0 submit_ns=378737612907458 desired_ns=378741394039460 present_call_ns=74208 submit_fence=0 present_fence=-7 present_wait=-7 fence_elapsed_ns=0 wait_elapsed_ns=0
present id=997 class=source result=0 submit_ns=378737621188875 desired_ns=378741410706126 present_call_ns=35250 submit_fence=0 present_fence=-7 present_wait=-7 fence_elapsed_ns=0 wait_elapsed_ns=0
present id=998 class=source result=0 submit_ns=378737629700500 desired_ns=378741427372792 present_call_ns=35625 submit_fence=0 present_fence=-7 present_wait=-7 fence_elapsed_ns=0 wait_elapsed_ns=0
present id=999 class=source result=0 submit_ns=378737638341416 desired_ns=378741444039458 present_call_ns=89792 submit_fence=0 present_fence=-7 present_wait=-7 fence_elapsed_ns=0 wait_elapsed_ns=0
present id=1000 class=source result=0 submit_ns=378737646457875 desired_ns=378741460706124 present_call_ns=58833 submit_fence=0 present_fence=-7 present_wait=-7 fence_elapsed_ns=0 wait_elapsed_ns=0
present id=1001 class=source result=0 submit_ns=378737654626958 desired_ns=378741477372790 present_call_ns=23708 submit_fence=0 present_fence=-7 present_wait=-7 fence_elapsed_ns=0 wait_elapsed_ns=0
present id=1002 class=source result=0 submit_ns=378737663027625 desired_ns=378741494039456 present_call_ns=74708 submit_fence=0 present_fence=-7 present_wait=-7 fence_elapsed_ns=0 wait_elapsed_ns=0
present id=1003 class=source result=0 submit_ns=378737670620500 desired_ns=378741510706122 present_call_ns=45666 submit_fence=0 present_fence=-7 present_wait=-7 fence_elapsed_ns=0 wait_elapsed_ns=0
present id=1004 class=source result=0 submit_ns=378737678911541 desired_ns=378741527372788 present_call_ns=41209 submit_fence=0 present_fence=-7 present_wait=-7 fence_elapsed_ns=0 wait_elapsed_ns=0
present id=1005 class=source result=0 submit_ns=378737692223125 desired_ns=378741544039454 present_call_ns=43875 submit_fence=0 present_fence=-7 present_wait=-7 fence_elapsed_ns=0 wait_elapsed_ns=0
present id=1006 class=source result=0 submit_ns=378737701753083 desired_ns=378741560706120 present_call_ns=20125 submit_fence=0 present_fence=-7 present_wait=-7 fence_elapsed_ns=0 wait_elapsed_ns=0
present id=1007 class=source result=0 submit_ns=378737710348416 desired_ns=378741577372786 present_call_ns=90084 submit_fence=0 present_fence=-7 present_wait=-7 fence_elapsed_ns=0 wait_elapsed_ns=0
present id=1008 class=source result=0 submit_ns=378737719121708 desired_ns=378741594039452 present_call_ns=25167 submit_fence=0 present_fence=-7 present_wait=-7 fence_elapsed_ns=0 wait_elapsed_ns=0
present id=1009 class=source result=0 submit_ns=378737727810333 desired_ns=378741610706118 present_call_ns=43083 submit_fence=0 present_fence=-7 present_wait=-7 fence_elapsed_ns=0 wait_elapsed_ns=0
present id=1010 class=source result=0 submit_ns=378737735855458 desired_ns=378741627372784 present_call_ns=48083 submit_fence=0 present_fence=-7 present_wait=-7 fence_elapsed_ns=0 wait_elapsed_ns=0
present id=1011 class=source result=0 submit_ns=378737744105125 desired_ns=378741644039450 present_call_ns=97958 submit_fence=0 present_fence=-7 present_wait=-7 fence_elapsed_ns=0 wait_elapsed_ns=0
present id=1012 class=source result=0 submit_ns=378737752922916 desired_ns=378741660706116 present_call_ns=23875 submit_fence=0 present_fence=-7 present_wait=-7 fence_elapsed_ns=0 wait_elapsed_ns=0
present id=1013 class=source result=0 submit_ns=378737761070000 desired_ns=378741677372782 present_call_ns=107041 submit_fence=0 present_fence=-7 present_wait=-7 fence_elapsed_ns=0 wait_elapsed_ns=0
present id=1014 class=source result=0 submit_ns=378737769346833 desired_ns=378741694039448 present_call_ns=52667 submit_fence=0 present_fence=-7 present_wait=-7 fence_elapsed_ns=0 wait_elapsed_ns=0
present id=1015 class=source result=0 submit_ns=378737777469708 desired_ns=378741710706114 present_call_ns=109167 submit_fence=0 present_fence=-7 present_wait=-7 fence_elapsed_ns=0 wait_elapsed_ns=0
present id=1016 class=source result=0 submit_ns=378737785832916 desired_ns=378741727372780 present_call_ns=38375 submit_fence=0 present_fence=-7 present_wait=-7 fence_elapsed_ns=0 wait_elapsed_ns=0
present id=1017 class=source result=0 submit_ns=378737794952916 desired_ns=378741744039446 present_call_ns=27709 submit_fence=0 present_fence=-7 present_wait=-7 fence_elapsed_ns=0 wait_elapsed_ns=0
present id=1018 class=source result=0 submit_ns=378737802012916 desired_ns=378741760706112 present_call_ns=51334 submit_fence=0 present_fence=-7 present_wait=-7 fence_elapsed_ns=0 wait_elapsed_ns=0
present id=1019 class=source result=0 submit_ns=378737812143666 desired_ns=378741777372778 present_call_ns=50042 submit_fence=0 present_fence=-7 present_wait=-7 fence_elapsed_ns=0 wait_elapsed_ns=0
present id=1020 class=source result=0 submit_ns=378737818675458 desired_ns=378741794039444 present_call_ns=393833 submit_fence=0 present_fence=-7 present_wait=-7 fence_elapsed_ns=0 wait_elapsed_ns=0
present id=1021 class=source result=0 submit_ns=378737827710208 desired_ns=378741810706110 present_call_ns=181917 submit_fence=0 present_fence=-7 present_wait=-7 fence_elapsed_ns=0 wait_elapsed_ns=0
present id=1022 class=source result=0 submit_ns=378737836220875 desired_ns=378741827372776 present_call_ns=130041 submit_fence=0 present_fence=-7 present_wait=-7 fence_elapsed_ns=0 wait_elapsed_ns=0
present id=1023 class=source result=0 submit_ns=378737844310750 desired_ns=378741844039442 present_call_ns=84916 submit_fence=0 present_fence=-7 present_wait=-7 fence_elapsed_ns=0 wait_elapsed_ns=0
present id=1024 class=source result=0 submit_ns=378737852425375 desired_ns=378741860706108 present_call_ns=41125 submit_fence=0 present_fence=-7 present_wait=-7 fence_elapsed_ns=0 wait_elapsed_ns=0
present id=1025 class=source result=0 submit_ns=378737860308458 desired_ns=378741877372774 present_call_ns=145333 submit_fence=0 present_fence=-7 present_wait=-7 fence_elapsed_ns=0 wait_elapsed_ns=0
present id=1026 class=source result=0 submit_ns=378737869426125 desired_ns=378741894039440 present_call_ns=176250 submit_fence=0 present_fence=-7 present_wait=-7 fence_elapsed_ns=0 wait_elapsed_ns=0
present id=1027 class=source result=0 submit_ns=378737877470833 desired_ns=378741910706106 present_call_ns=43000 submit_fence=0 present_fence=-7 present_wait=-7 fence_elapsed_ns=0 wait_elapsed_ns=0
present id=1028 class=source result=0 submit_ns=378737886276875 desired_ns=378741927372772 present_call_ns=206208 submit_fence=0 present_fence=-7 present_wait=-7 fence_elapsed_ns=0 wait_elapsed_ns=0
present id=1029 class=source result=0 submit_ns=378737893932291 desired_ns=378741944039438 present_call_ns=43209 submit_fence=0 present_fence=-7 present_wait=-7 fence_elapsed_ns=0 wait_elapsed_ns=0
present id=1030 class=source result=0 submit_ns=378737902703166 desired_ns=378741960706104 present_call_ns=43000 submit_fence=0 present_fence=-7 present_wait=-7 fence_elapsed_ns=0 wait_elapsed_ns=0
present id=1031 class=source result=0 submit_ns=378737911004416 desired_ns=378741977372770 present_call_ns=171667 submit_fence=0 present_fence=-7 present_wait=-7 fence_elapsed_ns=0 wait_elapsed_ns=0
present id=1032 class=source result=0 submit_ns=378737919061833 desired_ns=378741994039436 present_call_ns=35167 submit_fence=0 present_fence=-7 present_wait=-7 fence_elapsed_ns=0 wait_elapsed_ns=0
present id=1033 class=source result=0 submit_ns=378737926910041 desired_ns=378742010706102 present_call_ns=180042 submit_fence=0 present_fence=-7 present_wait=-7 fence_elapsed_ns=0 wait_elapsed_ns=0
present id=1034 class=source result=0 submit_ns=378737935486458 desired_ns=378742027372768 present_call_ns=58125 submit_fence=0 present_fence=-7 present_wait=-7 fence_elapsed_ns=0 wait_elapsed_ns=0
present id=1035 class=source result=0 submit_ns=378737943745083 desired_ns=378742044039434 present_call_ns=52708 submit_fence=0 present_fence=-7 present_wait=-7 fence_elapsed_ns=0 wait_elapsed_ns=0
present id=1036 class=source result=0 submit_ns=378737952893666 desired_ns=378742060706100 present_call_ns=24209 submit_fence=0 present_fence=-7 present_wait=-7 fence_elapsed_ns=0 wait_elapsed_ns=0
present id=1037 class=source result=0 submit_ns=378737960696875 desired_ns=378742077372766 present_call_ns=33708 submit_fence=0 present_fence=-7 present_wait=-7 fence_elapsed_ns=0 wait_elapsed_ns=0
present id=1038 class=source result=0 submit_ns=378737969166250 desired_ns=378742094039432 present_call_ns=29416 submit_fence=0 present_fence=-7 present_wait=-7 fence_elapsed_ns=0 wait_elapsed_ns=0
present id=1039 class=source result=0 submit_ns=378737977729208 desired_ns=378742110706098 present_call_ns=24333 submit_fence=0 present_fence=-7 present_wait=-7 fence_elapsed_ns=0 wait_elapsed_ns=0
present id=1040 class=source result=0 submit_ns=378737985822250 desired_ns=378742127372764 present_call_ns=28125 submit_fence=0 present_fence=-7 present_wait=-7 fence_elapsed_ns=0 wait_elapsed_ns=0
present id=1041 class=source result=0 submit_ns=378737993830750 desired_ns=378742144039430 present_call_ns=23291 submit_fence=0 present_fence=-7 present_wait=-7 fence_elapsed_ns=0 wait_elapsed_ns=0
present id=1042 class=source result=0 submit_ns=378738002447458 desired_ns=378742160706096 present_call_ns=53708 submit_fence=0 present_fence=-7 present_wait=-7 fence_elapsed_ns=0 wait_elapsed_ns=0
present id=1043 class=source result=0 submit_ns=378738010839916 desired_ns=378742177372762 present_call_ns=42209 submit_fence=0 present_fence=-7 present_wait=-7 fence_elapsed_ns=0 wait_elapsed_ns=0
present id=1044 class=source result=0 submit_ns=378738019578333 desired_ns=378742194039428 present_call_ns=28500 submit_fence=0 present_fence=-7 present_wait=-7 fence_elapsed_ns=0 wait_elapsed_ns=0
present id=1045 class=source result=0 submit_ns=378738028025083 desired_ns=378742210706094 present_call_ns=64375 submit_fence=0 present_fence=-7 present_wait=-7 fence_elapsed_ns=0 wait_elapsed_ns=0
present id=1046 class=source result=0 submit_ns=378738035903500 desired_ns=378742227372760 present_call_ns=26875 submit_fence=0 present_fence=-7 present_wait=-7 fence_elapsed_ns=0 wait_elapsed_ns=0
present id=1047 class=source result=0 submit_ns=378738043462916 desired_ns=378742244039426 present_call_ns=34417 submit_fence=0 present_fence=-7 present_wait=-7 fence_elapsed_ns=0 wait_elapsed_ns=0
present id=1048 class=source result=0 submit_ns=378738052736416 desired_ns=378742260706092 present_call_ns=16292 submit_fence=0 present_fence=-7 present_wait=-7 fence_elapsed_ns=0 wait_elapsed_ns=0
present id=1049 class=source result=0 submit_ns=378738060049750 desired_ns=378742277372758 present_call_ns=12083 submit_fence=0 present_fence=-7 present_wait=-7 fence_elapsed_ns=0 wait_elapsed_ns=0
present id=1050 class=source result=0 submit_ns=378738068616250 desired_ns=378742294039424 present_call_ns=23125 submit_fence=0 present_fence=-7 present_wait=-7 fence_elapsed_ns=0 wait_elapsed_ns=0
present id=1051 class=source result=0 submit_ns=378738077588291 desired_ns=378742310706090 present_call_ns=101542 submit_fence=0 present_fence=-7 present_wait=-7 fence_elapsed_ns=0 wait_elapsed_ns=0
present id=1052 class=source result=0 submit_ns=378738085893958 desired_ns=378742327372756 present_call_ns=48875 submit_fence=0 present_fence=-7 present_wait=-7 fence_elapsed_ns=0 wait_elapsed_ns=0
present id=1053 class=source result=0 submit_ns=378738093785083 desired_ns=378742344039422 present_call_ns=96292 submit_fence=0 present_fence=-7 present_wait=-7 fence_elapsed_ns=0 wait_elapsed_ns=0
present id=1054 class=source result=0 submit_ns=378738102844666 desired_ns=378742360706088 present_call_ns=20959 submit_fence=0 present_fence=-7 present_wait=-7 fence_elapsed_ns=0 wait_elapsed_ns=0
present id=1055 class=source result=0 submit_ns=378738110222625 desired_ns=378742377372754 present_call_ns=13291 submit_fence=0 present_fence=-7 present_wait=-7 fence_elapsed_ns=0 wait_elapsed_ns=0
present id=1056 class=source result=0 submit_ns=378738118866458 desired_ns=378742394039420 present_call_ns=25875 submit_fence=0 present_fence=-7 present_wait=-7 fence_elapsed_ns=0 wait_elapsed_ns=0
present id=1057 class=source result=0 submit_ns=378738127448125 desired_ns=378742410706086 present_call_ns=40833 submit_fence=0 present_fence=-7 present_wait=-7 fence_elapsed_ns=0 wait_elapsed_ns=0
present id=1058 class=source result=0 submit_ns=378738136111833 desired_ns=378742427372752 present_call_ns=20875 submit_fence=0 present_fence=-7 present_wait=-7 fence_elapsed_ns=0 wait_elapsed_ns=0
present id=1059 class=source result=0 submit_ns=378738143395125 desired_ns=378742444039418 present_call_ns=12625 submit_fence=0 present_fence=-7 present_wait=-7 fence_elapsed_ns=0 wait_elapsed_ns=0
present id=1060 class=source result=0 submit_ns=378738151931250 desired_ns=378742460706084 present_call_ns=19208 submit_fence=0 present_fence=-7 present_wait=-7 fence_elapsed_ns=0 wait_elapsed_ns=0
present id=1061 class=source result=0 submit_ns=378738160492708 desired_ns=378742477372750 present_call_ns=13333 submit_fence=0 present_fence=-7 present_wait=-7 fence_elapsed_ns=0 wait_elapsed_ns=0
present id=1062 class=source result=0 submit_ns=378738168981833 desired_ns=378742494039416 present_call_ns=16792 submit_fence=0 present_fence=-7 present_wait=-7 fence_elapsed_ns=0 wait_elapsed_ns=0
present id=1063 class=source result=0 submit_ns=378738177556833 desired_ns=378742510706082 present_call_ns=11000 submit_fence=0 present_fence=-7 present_wait=-7 fence_elapsed_ns=0 wait_elapsed_ns=0
present id=1064 class=source result=0 submit_ns=378738186147708 desired_ns=378742527372748 present_call_ns=9667 submit_fence=0 present_fence=-7 present_wait=-7 fence_elapsed_ns=0 wait_elapsed_ns=0
present id=1065 class=source result=0 submit_ns=378738193495208 desired_ns=378742544039414 present_call_ns=12333 submit_fence=0 present_fence=-7 present_wait=-7 fence_elapsed_ns=0 wait_elapsed_ns=0
present id=1066 class=source result=0 submit_ns=378738201948541 desired_ns=378742560706080 present_call_ns=18792 submit_fence=0 present_fence=-7 present_wait=-7 fence_elapsed_ns=0 wait_elapsed_ns=0
present id=1067 class=source result=0 submit_ns=378738210468791 desired_ns=378742577372746 present_call_ns=13209 submit_fence=0 present_fence=-7 present_wait=-7 fence_elapsed_ns=0 wait_elapsed_ns=0
present id=1068 class=source result=0 submit_ns=378738218970000 desired_ns=378742594039412 present_call_ns=13333 submit_fence=0 present_fence=-7 present_wait=-7 fence_elapsed_ns=0 wait_elapsed_ns=0
present id=1069 class=source result=0 submit_ns=378738227546083 desired_ns=378742610706078 present_call_ns=11500 submit_fence=0 present_fence=-7 present_wait=-7 fence_elapsed_ns=0 wait_elapsed_ns=0
present id=1070 class=source result=0 submit_ns=378738236047208 desired_ns=378742627372744 present_call_ns=15458 submit_fence=0 present_fence=-7 present_wait=-7 fence_elapsed_ns=0 wait_elapsed_ns=0
present id=1071 class=source result=0 submit_ns=378738243364958 desired_ns=378742644039410 present_call_ns=7500 submit_fence=0 present_fence=-7 present_wait=-7 fence_elapsed_ns=0 wait_elapsed_ns=0
present id=1072 class=source result=0 submit_ns=378738251815750 desired_ns=378742660706076 present_call_ns=16375 submit_fence=0 present_fence=-7 present_wait=-7 fence_elapsed_ns=0 wait_elapsed_ns=0
present id=1073 class=source result=0 submit_ns=378738260227458 desired_ns=378742677372742 present_call_ns=7875 submit_fence=0 present_fence=-7 present_wait=-7 fence_elapsed_ns=0 wait_elapsed_ns=0
present id=1074 class=source result=0 submit_ns=378738268673833 desired_ns=378742694039408 present_call_ns=14542 submit_fence=0 present_fence=-7 present_wait=-7 fence_elapsed_ns=0 wait_elapsed_ns=0
present id=1075 class=source result=0 submit_ns=378738277128250 desired_ns=378742710706074 present_call_ns=9333 submit_fence=0 present_fence=-7 present_wait=-7 fence_elapsed_ns=0 wait_elapsed_ns=0
present id=1076 class=source result=0 submit_ns=378738285548791 desired_ns=378742727372740 present_call_ns=13000 submit_fence=0 present_fence=-7 present_wait=-7 fence_elapsed_ns=0 wait_elapsed_ns=0
present id=1077 class=source result=0 submit_ns=378738294027625 desired_ns=378742744039406 present_call_ns=9791 submit_fence=0 present_fence=-7 present_wait=-7 fence_elapsed_ns=0 wait_elapsed_ns=0
present id=1078 class=source result=0 submit_ns=378738302119125 desired_ns=378742760706072 present_call_ns=10375 submit_fence=0 present_fence=-7 present_wait=-7 fence_elapsed_ns=0 wait_elapsed_ns=0
present id=1079 class=source result=0 submit_ns=378738310478250 desired_ns=378742777372738 present_call_ns=25333 submit_fence=0 present_fence=-7 present_wait=-7 fence_elapsed_ns=0 wait_elapsed_ns=0
present id=1080 class=source result=0 submit_ns=378738318947666 desired_ns=378742794039404 present_call_ns=15334 submit_fence=0 present_fence=-7 present_wait=-7 fence_elapsed_ns=0 wait_elapsed_ns=0
present id=1081 class=synthetic result=0 submit_ns=378738327504708 desired_ns=378742810706070 present_call_ns=23417 submit_fence=0 present_fence=-7 present_wait=-7 fence_elapsed_ns=0 wait_elapsed_ns=0
present id=1082 class=synthetic result=0 submit_ns=378738336024208 desired_ns=378742827372736 present_call_ns=17333 submit_fence=0 present_fence=-7 present_wait=-7 fence_elapsed_ns=0 wait_elapsed_ns=0
present id=1083 class=synthetic result=0 submit_ns=378738343368833 desired_ns=378742844039402 present_call_ns=12792 submit_fence=0 present_fence=-7 present_wait=-7 fence_elapsed_ns=0 wait_elapsed_ns=0
present id=1084 class=synthetic result=0 submit_ns=378738352204583 desired_ns=378742860706068 present_call_ns=62625 submit_fence=0 present_fence=-7 present_wait=-7 fence_elapsed_ns=0 wait_elapsed_ns=0
present id=1085 class=synthetic result=0 submit_ns=378738361251125 desired_ns=378742877372734 present_call_ns=37041 submit_fence=0 present_fence=-7 present_wait=-7 fence_elapsed_ns=0 wait_elapsed_ns=0
present id=1086 class=synthetic result=0 submit_ns=378738369285291 desired_ns=378742894039400 present_call_ns=149125 submit_fence=0 present_fence=-7 present_wait=-7 fence_elapsed_ns=0 wait_elapsed_ns=0
present id=1087 class=synthetic result=0 submit_ns=378738377780916 desired_ns=378742910706066 present_call_ns=14750 submit_fence=0 present_fence=-7 present_wait=-7 fence_elapsed_ns=0 wait_elapsed_ns=0
present id=1088 class=synthetic result=0 submit_ns=378738386255166 desired_ns=378742927372732 present_call_ns=70209 submit_fence=0 present_fence=-7 present_wait=-7 fence_elapsed_ns=0 wait_elapsed_ns=0
present id=1089 class=synthetic result=0 submit_ns=378738394719166 desired_ns=378742944039398 present_call_ns=34625 submit_fence=0 present_fence=-7 present_wait=-7 fence_elapsed_ns=0 wait_elapsed_ns=0
present id=1090 class=synthetic result=0 submit_ns=378738402721250 desired_ns=378742960706064 present_call_ns=26541 submit_fence=0 present_fence=-7 present_wait=-7 fence_elapsed_ns=0 wait_elapsed_ns=0
present id=1091 class=synthetic result=0 submit_ns=378738410667375 desired_ns=378742977372730 present_call_ns=30583 submit_fence=0 present_fence=-7 present_wait=-7 fence_elapsed_ns=0 wait_elapsed_ns=0
present id=1092 class=synthetic result=0 submit_ns=378738418881791 desired_ns=378742994039396 present_call_ns=30875 submit_fence=0 present_fence=-7 present_wait=-7 fence_elapsed_ns=0 wait_elapsed_ns=0
present id=1093 class=synthetic result=0 submit_ns=378738426768375 desired_ns=378743010706062 present_call_ns=33291 submit_fence=0 present_fence=-7 present_wait=-7 fence_elapsed_ns=0 wait_elapsed_ns=0
present id=1094 class=synthetic result=0 submit_ns=378738436208583 desired_ns=378743027372728 present_call_ns=29208 submit_fence=0 present_fence=-7 present_wait=-7 fence_elapsed_ns=0 wait_elapsed_ns=0
present id=1095 class=synthetic result=0 submit_ns=378738444382583 desired_ns=378743044039394 present_call_ns=23917 submit_fence=0 present_fence=-7 present_wait=-7 fence_elapsed_ns=0 wait_elapsed_ns=0
present id=1096 class=synthetic result=0 submit_ns=378738451958541 desired_ns=378743060706060 present_call_ns=28292 submit_fence=0 present_fence=-7 present_wait=-7 fence_elapsed_ns=0 wait_elapsed_ns=0
present id=1097 class=synthetic result=0 submit_ns=378738460313750 desired_ns=378743077372726 present_call_ns=30083 submit_fence=0 present_fence=-7 present_wait=-7 fence_elapsed_ns=0 wait_elapsed_ns=0
present id=1098 class=synthetic result=0 submit_ns=378738469712250 desired_ns=378743094039392 present_call_ns=29583 submit_fence=0 present_fence=-7 present_wait=-7 fence_elapsed_ns=0 wait_elapsed_ns=0
present id=1099 class=synthetic result=0 submit_ns=378738476957291 desired_ns=378743110706058 present_call_ns=25375 submit_fence=0 present_fence=-7 present_wait=-7 fence_elapsed_ns=0 wait_elapsed_ns=0
present id=1100 class=synthetic result=0 submit_ns=378738485631791 desired_ns=378743127372724 present_call_ns=25084 submit_fence=0 present_fence=-7 present_wait=-7 fence_elapsed_ns=0 wait_elapsed_ns=0
present id=1101 class=synthetic result=0 submit_ns=378738494168083 desired_ns=378743144039390 present_call_ns=29375 submit_fence=0 present_fence=-7 present_wait=-7 fence_elapsed_ns=0 wait_elapsed_ns=0
present id=1102 class=synthetic result=0 submit_ns=378738502565916 desired_ns=378743160706056 present_call_ns=27792 submit_fence=0 present_fence=-7 present_wait=-7 fence_elapsed_ns=0 wait_elapsed_ns=0
present id=1103 class=synthetic result=0 submit_ns=378738510735000 desired_ns=378743177372722 present_call_ns=24416 submit_fence=0 present_fence=-7 present_wait=-7 fence_elapsed_ns=0 wait_elapsed_ns=0
present id=1104 class=synthetic result=0 submit_ns=378738518665083 desired_ns=378743194039388 present_call_ns=32792 submit_fence=0 present_fence=-7 present_wait=-7 fence_elapsed_ns=0 wait_elapsed_ns=0
present id=1105 class=synthetic result=0 submit_ns=378738527915958 desired_ns=378743210706054 present_call_ns=28167 submit_fence=0 present_fence=-7 present_wait=-7 fence_elapsed_ns=0 wait_elapsed_ns=0
present id=1106 class=synthetic result=0 submit_ns=378738536063250 desired_ns=378743227372720 present_call_ns=42541 submit_fence=0 present_fence=-7 present_wait=-7 fence_elapsed_ns=0 wait_elapsed_ns=0
present id=1107 class=synthetic result=0 submit_ns=378738544012458 desired_ns=378743244039386 present_call_ns=24292 submit_fence=0 present_fence=-7 present_wait=-7 fence_elapsed_ns=0 wait_elapsed_ns=0
present id=1108 class=synthetic result=0 submit_ns=378738551799250 desired_ns=378743260706052 present_call_ns=20541 submit_fence=0 present_fence=-7 present_wait=-7 fence_elapsed_ns=0 wait_elapsed_ns=0
present id=1109 class=synthetic result=0 submit_ns=378738561110000 desired_ns=378743277372718 present_call_ns=22500 submit_fence=0 present_fence=-7 present_wait=-7 fence_elapsed_ns=0 wait_elapsed_ns=0
present id=1110 class=synthetic result=0 submit_ns=378738569230291 desired_ns=378743294039384 present_call_ns=23167 submit_fence=0 present_fence=-7 present_wait=-7 fence_elapsed_ns=0 wait_elapsed_ns=0
present id=1111 class=synthetic result=0 submit_ns=378738577369750 desired_ns=378743310706050 present_call_ns=30625 submit_fence=0 present_fence=-7 present_wait=-7 fence_elapsed_ns=0 wait_elapsed_ns=0
present id=1112 class=synthetic result=0 submit_ns=378738586299958 desired_ns=378743327372716 present_call_ns=26333 submit_fence=0 present_fence=-7 present_wait=-7 fence_elapsed_ns=0 wait_elapsed_ns=0
present id=1113 class=synthetic result=0 submit_ns=378738594582041 desired_ns=378743344039382 present_call_ns=25959 submit_fence=0 present_fence=-7 present_wait=-7 fence_elapsed_ns=0 wait_elapsed_ns=0
present id=1114 class=synthetic result=0 submit_ns=378738602953750 desired_ns=378743360706048 present_call_ns=25125 submit_fence=0 present_fence=-7 present_wait=-7 fence_elapsed_ns=0 wait_elapsed_ns=0
present id=1115 class=synthetic result=0 submit_ns=378738611264791 desired_ns=378743377372714 present_call_ns=25917 submit_fence=0 present_fence=-7 present_wait=-7 fence_elapsed_ns=0 wait_elapsed_ns=0
present id=1116 class=synthetic result=0 submit_ns=378738619409375 desired_ns=378743394039380 present_call_ns=27583 submit_fence=0 present_fence=-7 present_wait=-7 fence_elapsed_ns=0 wait_elapsed_ns=0
present id=1117 class=synthetic result=0 submit_ns=378738627441000 desired_ns=378743410706046 present_call_ns=23833 submit_fence=0 present_fence=-7 present_wait=-7 fence_elapsed_ns=0 wait_elapsed_ns=0
present id=1118 class=synthetic result=0 submit_ns=378738635513416 desired_ns=378743427372712 present_call_ns=24625 submit_fence=0 present_fence=-7 present_wait=-7 fence_elapsed_ns=0 wait_elapsed_ns=0
present id=1119 class=synthetic result=0 submit_ns=378738644963958 desired_ns=378743444039378 present_call_ns=412417 submit_fence=0 present_fence=-7 present_wait=-7 fence_elapsed_ns=0 wait_elapsed_ns=0
present id=1120 class=synthetic result=0 submit_ns=378738652784875 desired_ns=378743460706044 present_call_ns=28916 submit_fence=0 present_fence=-7 present_wait=-7 fence_elapsed_ns=0 wait_elapsed_ns=0
present id=1121 class=synthetic result=0 submit_ns=378738660917250 desired_ns=378743477372710 present_call_ns=65833 submit_fence=0 present_fence=-7 present_wait=-7 fence_elapsed_ns=0 wait_elapsed_ns=0
present id=1122 class=synthetic result=0 submit_ns=378738669083000 desired_ns=378743494039376 present_call_ns=62250 submit_fence=0 present_fence=-7 present_wait=-7 fence_elapsed_ns=0 wait_elapsed_ns=0
present id=1123 class=synthetic result=0 submit_ns=378738677692708 desired_ns=378743510706042 present_call_ns=70542 submit_fence=0 present_fence=-7 present_wait=-7 fence_elapsed_ns=0 wait_elapsed_ns=0
present id=1124 class=synthetic result=0 submit_ns=378738686111000 desired_ns=378743527372708 present_call_ns=34541 submit_fence=0 present_fence=-7 present_wait=-7 fence_elapsed_ns=0 wait_elapsed_ns=0
present id=1125 class=synthetic result=0 submit_ns=378738699610166 desired_ns=378743544039374 present_call_ns=67750 submit_fence=0 present_fence=-7 present_wait=-7 fence_elapsed_ns=0 wait_elapsed_ns=0
present id=1126 class=synthetic result=0 submit_ns=378738702070000 desired_ns=378743560706040 present_call_ns=15375 submit_fence=0 present_fence=-7 present_wait=-7 fence_elapsed_ns=0 wait_elapsed_ns=0
present id=1127 class=synthetic result=0 submit_ns=378738710548875 desired_ns=378743577372706 present_call_ns=14625 submit_fence=0 present_fence=-7 present_wait=-7 fence_elapsed_ns=0 wait_elapsed_ns=0
present id=1128 class=synthetic result=0 submit_ns=378738719405375 desired_ns=378743594039372 present_call_ns=39208 submit_fence=0 present_fence=-7 present_wait=-7 fence_elapsed_ns=0 wait_elapsed_ns=0
present id=1129 class=synthetic result=0 submit_ns=378738728289916 desired_ns=378743610706038 present_call_ns=41167 submit_fence=0 present_fence=-7 present_wait=-7 fence_elapsed_ns=0 wait_elapsed_ns=0
present id=1130 class=synthetic result=0 submit_ns=378738735719583 desired_ns=378743627372704 present_call_ns=13500 submit_fence=0 present_fence=-7 present_wait=-7 fence_elapsed_ns=0 wait_elapsed_ns=0
present id=1131 class=synthetic result=0 submit_ns=378738744378916 desired_ns=378743644039370 present_call_ns=14084 submit_fence=0 present_fence=-7 present_wait=-7 fence_elapsed_ns=0 wait_elapsed_ns=0
present id=1132 class=synthetic result=0 submit_ns=378738752420500 desired_ns=378743660706036 present_call_ns=17833 submit_fence=0 present_fence=-7 present_wait=-7 fence_elapsed_ns=0 wait_elapsed_ns=0
present id=1133 class=synthetic result=0 submit_ns=378738761154041 desired_ns=378743677372702 present_call_ns=24625 submit_fence=0 present_fence=-7 present_wait=-7 fence_elapsed_ns=0 wait_elapsed_ns=0
present id=1134 class=synthetic result=0 submit_ns=378738769852500 desired_ns=378743694039368 present_call_ns=26208 submit_fence=0 present_fence=-7 present_wait=-7 fence_elapsed_ns=0 wait_elapsed_ns=0
present id=1135 class=synthetic result=0 submit_ns=378738778231583 desired_ns=378743710706034 present_call_ns=20375 submit_fence=0 present_fence=-7 present_wait=-7 fence_elapsed_ns=0 wait_elapsed_ns=0
present id=1136 class=synthetic result=0 submit_ns=378738785702166 desired_ns=378743727372700 present_call_ns=15542 submit_fence=0 present_fence=-7 present_wait=-7 fence_elapsed_ns=0 wait_elapsed_ns=0
present id=1137 class=synthetic result=0 submit_ns=378738794353000 desired_ns=378743744039366 present_call_ns=20333 submit_fence=0 present_fence=-7 present_wait=-7 fence_elapsed_ns=0 wait_elapsed_ns=0
present id=1138 class=synthetic result=0 submit_ns=378738803219750 desired_ns=378743760706032 present_call_ns=16791 submit_fence=0 present_fence=-7 present_wait=-7 fence_elapsed_ns=0 wait_elapsed_ns=0
present id=1139 class=synthetic result=0 submit_ns=378738810485916 desired_ns=378743777372698 present_call_ns=22375 submit_fence=0 present_fence=-7 present_wait=-7 fence_elapsed_ns=0 wait_elapsed_ns=0
present id=1140 class=synthetic result=0 submit_ns=378738819180083 desired_ns=378743794039364 present_call_ns=48042 submit_fence=0 present_fence=-7 present_wait=-7 fence_elapsed_ns=0 wait_elapsed_ns=0
present id=1141 class=synthetic result=0 submit_ns=378738828410583 desired_ns=378743810706030 present_call_ns=43958 submit_fence=0 present_fence=-7 present_wait=-7 fence_elapsed_ns=0 wait_elapsed_ns=0
present id=1142 class=synthetic result=0 submit_ns=378738836511958 desired_ns=378743827372696 present_call_ns=39875 submit_fence=0 present_fence=-7 present_wait=-7 fence_elapsed_ns=0 wait_elapsed_ns=0
present id=1143 class=synthetic result=0 submit_ns=378738844544458 desired_ns=378743844039362 present_call_ns=35042 submit_fence=0 present_fence=-7 present_wait=-7 fence_elapsed_ns=0 wait_elapsed_ns=0
present id=1144 class=synthetic result=0 submit_ns=378738852241125 desired_ns=378743860706028 present_call_ns=26750 submit_fence=0 present_fence=-7 present_wait=-7 fence_elapsed_ns=0 wait_elapsed_ns=0
present id=1145 class=synthetic result=0 submit_ns=378738861469000 desired_ns=378743877372694 present_call_ns=43833 submit_fence=0 present_fence=-7 present_wait=-7 fence_elapsed_ns=0 wait_elapsed_ns=0
present id=1146 class=synthetic result=0 submit_ns=378738869768750 desired_ns=378743894039360 present_call_ns=42333 submit_fence=0 present_fence=-7 present_wait=-7 fence_elapsed_ns=0 wait_elapsed_ns=0
present id=1147 class=synthetic result=0 submit_ns=378738877999458 desired_ns=378743910706026 present_call_ns=62417 submit_fence=0 present_fence=-7 present_wait=-7 fence_elapsed_ns=0 wait_elapsed_ns=0
present id=1148 class=synthetic result=0 submit_ns=378738886815166 desired_ns=378743927372692 present_call_ns=59750 submit_fence=0 present_fence=-7 present_wait=-7 fence_elapsed_ns=0 wait_elapsed_ns=0
present id=1149 class=synthetic result=0 submit_ns=378738903461458 desired_ns=378743944039358 present_call_ns=78458 submit_fence=0 present_fence=-7 present_wait=-7 fence_elapsed_ns=0 wait_elapsed_ns=0
present id=1150 class=synthetic result=0 submit_ns=378738918959041 desired_ns=378743960706024 present_call_ns=48250 submit_fence=0 present_fence=-7 present_wait=-7 fence_elapsed_ns=0 wait_elapsed_ns=0
present id=1151 class=synthetic result=0 submit_ns=378738936471666 desired_ns=378743977372690 present_call_ns=67792 submit_fence=0 present_fence=-7 present_wait=-7 fence_elapsed_ns=0 wait_elapsed_ns=0
present id=1152 class=synthetic result=0 submit_ns=378738952982083 desired_ns=378743994039356 present_call_ns=61000 submit_fence=0 present_fence=-7 present_wait=-7 fence_elapsed_ns=0 wait_elapsed_ns=0
present id=1153 class=synthetic result=0 submit_ns=378738970128625 desired_ns=378744010706022 present_call_ns=68166 submit_fence=0 present_fence=-7 present_wait=-7 fence_elapsed_ns=0 wait_elapsed_ns=0
present id=1154 class=synthetic result=0 submit_ns=378738986447625 desired_ns=378744027372688 present_call_ns=73791 submit_fence=0 present_fence=-7 present_wait=-7 fence_elapsed_ns=0 wait_elapsed_ns=0
present id=1155 class=synthetic result=0 submit_ns=378739003423208 desired_ns=378744044039354 present_call_ns=119875 submit_fence=0 present_fence=-7 present_wait=-7 fence_elapsed_ns=0 wait_elapsed_ns=0
present id=1156 class=synthetic result=0 submit_ns=378739019992375 desired_ns=378744060706020 present_call_ns=48375 submit_fence=0 present_fence=-7 present_wait=-7 fence_elapsed_ns=0 wait_elapsed_ns=0
present id=1157 class=synthetic result=0 submit_ns=378739036627875 desired_ns=378744077372686 present_call_ns=73208 submit_fence=0 present_fence=-7 present_wait=-7 fence_elapsed_ns=0 wait_elapsed_ns=0
present id=1158 class=synthetic result=0 submit_ns=378739052897833 desired_ns=378744094039352 present_call_ns=61333 submit_fence=0 present_fence=-7 present_wait=-7 fence_elapsed_ns=0 wait_elapsed_ns=0
present id=1159 class=synthetic result=0 submit_ns=378739069866208 desired_ns=378744110706018 present_call_ns=58042 submit_fence=0 present_fence=-7 present_wait=-7 fence_elapsed_ns=0 wait_elapsed_ns=0
present id=1160 class=synthetic result=0 submit_ns=378739086269708 desired_ns=378744127372684 present_call_ns=49500 submit_fence=0 present_fence=-7 present_wait=-7 fence_elapsed_ns=0 wait_elapsed_ns=0
present id=1161 class=synthetic result=0 submit_ns=378739102723708 desired_ns=378744144039350 present_call_ns=51417 submit_fence=0 present_fence=-7 present_wait=-7 fence_elapsed_ns=0 wait_elapsed_ns=0
present id=1162 class=synthetic result=0 submit_ns=378739123844666 desired_ns=378744160706016 present_call_ns=623875 submit_fence=0 present_fence=-7 present_wait=-7 fence_elapsed_ns=0 wait_elapsed_ns=0
present id=1163 class=synthetic result=0 submit_ns=378739136252750 desired_ns=378744177372682 present_call_ns=73666 submit_fence=0 present_fence=-7 present_wait=-7 fence_elapsed_ns=0 wait_elapsed_ns=0
present id=1164 class=synthetic result=0 submit_ns=378739152661500 desired_ns=378744194039348 present_call_ns=59208 submit_fence=0 present_fence=-7 present_wait=-7 fence_elapsed_ns=0 wait_elapsed_ns=0
present id=1165 class=synthetic result=0 submit_ns=378739169105250 desired_ns=378744210706014 present_call_ns=59458 submit_fence=0 present_fence=-7 present_wait=-7 fence_elapsed_ns=0 wait_elapsed_ns=0
present id=1166 class=synthetic result=0 submit_ns=378739185949291 desired_ns=378744227372680 present_call_ns=59250 submit_fence=0 present_fence=-7 present_wait=-7 fence_elapsed_ns=0 wait_elapsed_ns=0
present id=1167 class=synthetic result=0 submit_ns=378739202629625 desired_ns=378744244039346 present_call_ns=59458 submit_fence=0 present_fence=-7 present_wait=-7 fence_elapsed_ns=0 wait_elapsed_ns=0
present id=1168 class=synthetic result=0 submit_ns=378739220381125 desired_ns=378744260706012 present_call_ns=70875 submit_fence=0 present_fence=-7 present_wait=-7 fence_elapsed_ns=0 wait_elapsed_ns=0
present id=1169 class=synthetic result=0 submit_ns=378739235997041 desired_ns=378744277372678 present_call_ns=74625 submit_fence=0 present_fence=-7 present_wait=-7 fence_elapsed_ns=0 wait_elapsed_ns=0
present id=1170 class=synthetic result=0 submit_ns=378739252494500 desired_ns=378744294039344 present_call_ns=70416 submit_fence=0 present_fence=-7 present_wait=-7 fence_elapsed_ns=0 wait_elapsed_ns=0
present id=1171 class=synthetic result=0 submit_ns=378739269331666 desired_ns=378744310706010 present_call_ns=66542 submit_fence=0 present_fence=-7 present_wait=-7 fence_elapsed_ns=0 wait_elapsed_ns=0
present id=1172 class=synthetic result=0 submit_ns=378739286022833 desired_ns=378744327372676 present_call_ns=54833 submit_fence=0 present_fence=-7 present_wait=-7 fence_elapsed_ns=0 wait_elapsed_ns=0
present id=1173 class=synthetic result=0 submit_ns=378739302656791 desired_ns=378744344039342 present_call_ns=95292 submit_fence=0 present_fence=-7 present_wait=-7 fence_elapsed_ns=0 wait_elapsed_ns=0
present id=1174 class=synthetic result=0 submit_ns=378739325832000 desired_ns=378744360706008 present_call_ns=554583 submit_fence=0 present_fence=-7 present_wait=-7 fence_elapsed_ns=0 wait_elapsed_ns=0
present id=1175 class=synthetic result=0 submit_ns=378739341450083 desired_ns=378744377372674 present_call_ns=58750 submit_fence=0 present_fence=-7 present_wait=-7 fence_elapsed_ns=0 wait_elapsed_ns=0
present id=1176 class=synthetic result=0 submit_ns=378739352236166 desired_ns=378744394039340 present_call_ns=36417 submit_fence=0 present_fence=-7 present_wait=-7 fence_elapsed_ns=0 wait_elapsed_ns=0
present id=1177 class=synthetic result=0 submit_ns=378739368535625 desired_ns=378744410706006 present_call_ns=22291 submit_fence=0 present_fence=-7 present_wait=-7 fence_elapsed_ns=0 wait_elapsed_ns=0
present id=1178 class=synthetic result=0 submit_ns=378739385395458 desired_ns=378744427372672 present_call_ns=38125 submit_fence=0 present_fence=-7 present_wait=-7 fence_elapsed_ns=0 wait_elapsed_ns=0
present id=1179 class=synthetic result=0 submit_ns=378739402077125 desired_ns=378744444039338 present_call_ns=41333 submit_fence=0 present_fence=-7 present_wait=-7 fence_elapsed_ns=0 wait_elapsed_ns=0
present id=1180 class=synthetic result=0 submit_ns=378739418754583 desired_ns=378744460706004 present_call_ns=31542 submit_fence=0 present_fence=-7 present_wait=-7 fence_elapsed_ns=0 wait_elapsed_ns=0
present id=1181 class=synthetic result=0 submit_ns=378739435409125 desired_ns=378744477372670 present_call_ns=32166 submit_fence=0 present_fence=-7 present_wait=-7 fence_elapsed_ns=0 wait_elapsed_ns=0
present id=1182 class=synthetic result=0 submit_ns=378739452105000 desired_ns=378744494039336 present_call_ns=33916 submit_fence=0 present_fence=-7 present_wait=-7 fence_elapsed_ns=0 wait_elapsed_ns=0
present id=1183 class=synthetic result=0 submit_ns=378739468616583 desired_ns=378744510706002 present_call_ns=11833 submit_fence=0 present_fence=-7 present_wait=-7 fence_elapsed_ns=0 wait_elapsed_ns=0
present id=1184 class=synthetic result=0 submit_ns=378739485309625 desired_ns=378744527372668 present_call_ns=6000 submit_fence=0 present_fence=-7 present_wait=-7 fence_elapsed_ns=0 wait_elapsed_ns=0
present id=1185 class=synthetic result=0 submit_ns=378739502141833 desired_ns=378744544039334 present_call_ns=23167 submit_fence=0 present_fence=-7 present_wait=-7 fence_elapsed_ns=0 wait_elapsed_ns=0
present id=1186 class=synthetic result=0 submit_ns=378739518762958 desired_ns=378744560706000 present_call_ns=21917 submit_fence=0 present_fence=-7 present_wait=-7 fence_elapsed_ns=0 wait_elapsed_ns=0
present id=1187 class=synthetic result=0 submit_ns=378739535424083 desired_ns=378744577372666 present_call_ns=24042 submit_fence=0 present_fence=-7 present_wait=-7 fence_elapsed_ns=0 wait_elapsed_ns=0
present id=1188 class=synthetic result=0 submit_ns=378739552190958 desired_ns=378744594039332 present_call_ns=28042 submit_fence=0 present_fence=-7 present_wait=-7 fence_elapsed_ns=0 wait_elapsed_ns=0
present id=1189 class=synthetic result=0 submit_ns=378739568826750 desired_ns=378744610705998 present_call_ns=28291 submit_fence=0 present_fence=-7 present_wait=-7 fence_elapsed_ns=0 wait_elapsed_ns=0
present id=1190 class=synthetic result=0 submit_ns=378739585373666 desired_ns=378744627372664 present_call_ns=12917 submit_fence=0 present_fence=-7 present_wait=-7 fence_elapsed_ns=0 wait_elapsed_ns=0
present id=1191 class=synthetic result=0 submit_ns=378739602091416 desired_ns=378744644039330 present_call_ns=12292 submit_fence=0 present_fence=-7 present_wait=-7 fence_elapsed_ns=0 wait_elapsed_ns=0
present id=1192 class=synthetic result=0 submit_ns=378739618695291 desired_ns=378744660705996 present_call_ns=7292 submit_fence=0 present_fence=-7 present_wait=-7 fence_elapsed_ns=0 wait_elapsed_ns=0
present id=1193 class=synthetic result=0 submit_ns=378739635464291 desired_ns=378744677372662 present_call_ns=13542 submit_fence=0 present_fence=-7 present_wait=-7 fence_elapsed_ns=0 wait_elapsed_ns=0
present id=1194 class=synthetic result=0 submit_ns=378739652022375 desired_ns=378744694039328 present_call_ns=7458 submit_fence=0 present_fence=-7 present_wait=-7 fence_elapsed_ns=0 wait_elapsed_ns=0
present id=1195 class=synthetic result=0 submit_ns=378739668890250 desired_ns=378744710705994 present_call_ns=8791 submit_fence=0 present_fence=-7 present_wait=-7 fence_elapsed_ns=0 wait_elapsed_ns=0
present id=1196 class=synthetic result=0 submit_ns=378739685655291 desired_ns=378744727372660 present_call_ns=11709 submit_fence=0 present_fence=-7 present_wait=-7 fence_elapsed_ns=0 wait_elapsed_ns=0
present id=1197 class=synthetic result=0 submit_ns=378739702176875 desired_ns=378744744039326 present_call_ns=12916 submit_fence=0 present_fence=-7 present_wait=-7 fence_elapsed_ns=0 wait_elapsed_ns=0
present id=1198 class=synthetic result=0 submit_ns=378739718688041 desired_ns=378744760705992 present_call_ns=16625 submit_fence=0 present_fence=-7 present_wait=-7 fence_elapsed_ns=0 wait_elapsed_ns=0
present id=1199 class=synthetic result=0 submit_ns=378739735535083 desired_ns=378744777372658 present_call_ns=15208 submit_fence=0 present_fence=-7 present_wait=-7 fence_elapsed_ns=0 wait_elapsed_ns=0
present id=1200 class=synthetic result=0 submit_ns=378739752320375 desired_ns=378744794039324 present_call_ns=42583 submit_fence=0 present_fence=-7 present_wait=-7 fence_elapsed_ns=0 wait_elapsed_ns=0
present id=1201 class=source result=0 submit_ns=378739769300875 desired_ns=378744810705990 present_call_ns=77916 submit_fence=0 present_fence=-7 present_wait=-7 fence_elapsed_ns=0 wait_elapsed_ns=0
present id=1202 class=source result=0 submit_ns=378739786152833 desired_ns=378744827372656 present_call_ns=73417 submit_fence=0 present_fence=-7 present_wait=-7 fence_elapsed_ns=0 wait_elapsed_ns=0
present id=1203 class=source result=0 submit_ns=378739802718375 desired_ns=378744844039322 present_call_ns=85375 submit_fence=0 present_fence=-7 present_wait=-7 fence_elapsed_ns=0 wait_elapsed_ns=0
present id=1204 class=source result=0 submit_ns=378739819352833 desired_ns=378744860705988 present_call_ns=77792 submit_fence=0 present_fence=-7 present_wait=-7 fence_elapsed_ns=0 wait_elapsed_ns=0
present id=1205 class=source result=0 submit_ns=378739836229791 desired_ns=378744877372654 present_call_ns=99500 submit_fence=0 present_fence=-7 present_wait=-7 fence_elapsed_ns=0 wait_elapsed_ns=0
present id=1206 class=source result=0 submit_ns=378739853234125 desired_ns=378744894039320 present_call_ns=79041 submit_fence=0 present_fence=-7 present_wait=-7 fence_elapsed_ns=0 wait_elapsed_ns=0
present id=1207 class=source result=0 submit_ns=378739869322541 desired_ns=378744910705986 present_call_ns=82792 submit_fence=0 present_fence=-7 present_wait=-7 fence_elapsed_ns=0 wait_elapsed_ns=0
present id=1208 class=source result=0 submit_ns=378739889340958 desired_ns=378744927372652 present_call_ns=71167 submit_fence=0 present_fence=-7 present_wait=-7 fence_elapsed_ns=0 wait_elapsed_ns=0
present id=1209 class=source result=0 submit_ns=378739902840708 desired_ns=378744944039318 present_call_ns=81500 submit_fence=0 present_fence=-7 present_wait=-7 fence_elapsed_ns=0 wait_elapsed_ns=0
present id=1210 class=source result=0 submit_ns=378739919216708 desired_ns=378744960705984 present_call_ns=57917 submit_fence=0 present_fence=-7 present_wait=-7 fence_elapsed_ns=0 wait_elapsed_ns=0
present id=1211 class=source result=0 submit_ns=378739938154750 desired_ns=378744977372650 present_call_ns=70958 submit_fence=0 present_fence=-7 present_wait=-7 fence_elapsed_ns=0 wait_elapsed_ns=0
present id=1212 class=source result=0 submit_ns=378739953280833 desired_ns=378744994039316 present_call_ns=87625 submit_fence=0 present_fence=-7 present_wait=-7 fence_elapsed_ns=0 wait_elapsed_ns=0
present id=1213 class=source result=0 submit_ns=378739969958750 desired_ns=378745010705982 present_call_ns=69333 submit_fence=0 present_fence=-7 present_wait=-7 fence_elapsed_ns=0 wait_elapsed_ns=0
present id=1214 class=source result=0 submit_ns=378739986779000 desired_ns=378745027372648 present_call_ns=71958 submit_fence=0 present_fence=-7 present_wait=-7 fence_elapsed_ns=0 wait_elapsed_ns=0
present id=1215 class=source result=0 submit_ns=378740002564041 desired_ns=378745044039314 present_call_ns=197375 submit_fence=0 present_fence=-7 present_wait=-7 fence_elapsed_ns=0 wait_elapsed_ns=0
present id=1216 class=source result=0 submit_ns=378740019245875 desired_ns=378745060705980 present_call_ns=85208 submit_fence=0 present_fence=-7 present_wait=-7 fence_elapsed_ns=0 wait_elapsed_ns=0
present id=1217 class=source result=0 submit_ns=378740036462958 desired_ns=378745077372646 present_call_ns=51125 submit_fence=0 present_fence=-7 present_wait=-7 fence_elapsed_ns=0 wait_elapsed_ns=0
present id=1218 class=source result=0 submit_ns=378740052919041 desired_ns=378745094039312 present_call_ns=47917 submit_fence=0 present_fence=-7 present_wait=-7 fence_elapsed_ns=0 wait_elapsed_ns=0
present id=1219 class=source result=0 submit_ns=378740070041541 desired_ns=378745110705978 present_call_ns=115209 submit_fence=0 present_fence=-7 present_wait=-7 fence_elapsed_ns=0 wait_elapsed_ns=0
present id=1220 class=source result=0 submit_ns=378740086657333 desired_ns=378745127372644 present_call_ns=77000 submit_fence=0 present_fence=-7 present_wait=-7 fence_elapsed_ns=0 wait_elapsed_ns=0
present id=1221 class=source result=0 submit_ns=378740520231416 desired_ns=378745144039310 present_call_ns=84125 submit_fence=0 present_fence=-7 present_wait=-7 fence_elapsed_ns=0 wait_elapsed_ns=0
present id=1222 class=source result=0 submit_ns=378740521706666 desired_ns=378745160705976 present_call_ns=17125 submit_fence=0 present_fence=-7 present_wait=-7 fence_elapsed_ns=0 wait_elapsed_ns=0
present id=1223 class=source result=0 submit_ns=378740534504291 desired_ns=378745177372642 present_call_ns=295334 submit_fence=0 present_fence=-7 present_wait=-7 fence_elapsed_ns=0 wait_elapsed_ns=0
present id=1224 class=source result=0 submit_ns=378740539102791 desired_ns=378745194039308 present_call_ns=18625 submit_fence=0 present_fence=-7 present_wait=-7 fence_elapsed_ns=0 wait_elapsed_ns=0
present id=1225 class=source result=0 submit_ns=378740548280750 desired_ns=378745210705974 present_call_ns=32958 submit_fence=0 present_fence=-7 present_wait=-7 fence_elapsed_ns=0 wait_elapsed_ns=0
present id=1226 class=source result=0 submit_ns=378740555121750 desired_ns=378745227372640 present_call_ns=35916 submit_fence=0 present_fence=-7 present_wait=-7 fence_elapsed_ns=0 wait_elapsed_ns=0
present id=1227 class=source result=0 submit_ns=378740564109875 desired_ns=378745244039306 present_call_ns=27375 submit_fence=0 present_fence=-7 present_wait=-7 fence_elapsed_ns=0 wait_elapsed_ns=0
present id=1228 class=source result=0 submit_ns=378740572377208 desired_ns=378745260705972 present_call_ns=26167 submit_fence=0 present_fence=-7 present_wait=-7 fence_elapsed_ns=0 wait_elapsed_ns=0
present id=1229 class=source result=0 submit_ns=378740580782750 desired_ns=378745277372638 present_call_ns=21916 submit_fence=0 present_fence=-7 present_wait=-7 fence_elapsed_ns=0 wait_elapsed_ns=0
present id=1230 class=source result=0 submit_ns=378740589081125 desired_ns=378745294039304 present_call_ns=27583 submit_fence=0 present_fence=-7 present_wait=-7 fence_elapsed_ns=0 wait_elapsed_ns=0
present id=1231 class=source result=0 submit_ns=378740597540416 desired_ns=378745310705970 present_call_ns=23542 submit_fence=0 present_fence=-7 present_wait=-7 fence_elapsed_ns=0 wait_elapsed_ns=0
present id=1232 class=source result=0 submit_ns=378740605771458 desired_ns=378745327372636 present_call_ns=15750 submit_fence=0 present_fence=-7 present_wait=-7 fence_elapsed_ns=0 wait_elapsed_ns=0
present id=1233 class=source result=0 submit_ns=378740614204416 desired_ns=378745344039302 present_call_ns=17709 submit_fence=0 present_fence=-7 present_wait=-7 fence_elapsed_ns=0 wait_elapsed_ns=0
present id=1234 class=source result=0 submit_ns=378740622558958 desired_ns=378745360705968 present_call_ns=15042 submit_fence=0 present_fence=-7 present_wait=-7 fence_elapsed_ns=0 wait_elapsed_ns=0
present id=1235 class=source result=0 submit_ns=378740630926750 desired_ns=378745377372634 present_call_ns=18416 submit_fence=0 present_fence=-7 present_wait=-7 fence_elapsed_ns=0 wait_elapsed_ns=0
present id=1236 class=source result=0 submit_ns=378740639448750 desired_ns=378745394039300 present_call_ns=22041 submit_fence=0 present_fence=-7 present_wait=-7 fence_elapsed_ns=0 wait_elapsed_ns=0
present id=1237 class=source result=0 submit_ns=378740647874166 desired_ns=378745410705966 present_call_ns=12334 submit_fence=0 present_fence=-7 present_wait=-7 fence_elapsed_ns=0 wait_elapsed_ns=0
present id=1238 class=source result=0 submit_ns=378740654964583 desired_ns=378745427372632 present_call_ns=12292 submit_fence=0 present_fence=-7 present_wait=-7 fence_elapsed_ns=0 wait_elapsed_ns=0
present id=1239 class=source result=0 submit_ns=378740663549833 desired_ns=378745444039298 present_call_ns=16917 submit_fence=0 present_fence=-7 present_wait=-7 fence_elapsed_ns=0 wait_elapsed_ns=0
present id=1240 class=source result=0 submit_ns=378740672031083 desired_ns=378745460705964 present_call_ns=11833 submit_fence=0 present_fence=-7 present_wait=-7 fence_elapsed_ns=0 wait_elapsed_ns=0
present id=1241 class=source result=0 submit_ns=378740680476166 desired_ns=378745477372630 present_call_ns=10709 submit_fence=0 present_fence=-7 present_wait=-7 fence_elapsed_ns=0 wait_elapsed_ns=0
present id=1242 class=source result=0 submit_ns=378740688916666 desired_ns=378745494039296 present_call_ns=11292 submit_fence=0 present_fence=-7 present_wait=-7 fence_elapsed_ns=0 wait_elapsed_ns=0
present id=1243 class=source result=0 submit_ns=378740697373333 desired_ns=378745510705962 present_call_ns=14917 submit_fence=0 present_fence=-7 present_wait=-7 fence_elapsed_ns=0 wait_elapsed_ns=0
present id=1244 class=source result=0 submit_ns=378740705804166 desired_ns=378745527372628 present_call_ns=9792 submit_fence=0 present_fence=-7 present_wait=-7 fence_elapsed_ns=0 wait_elapsed_ns=0
present id=1245 class=source result=0 submit_ns=378740714180166 desired_ns=378745544039294 present_call_ns=11917 submit_fence=0 present_fence=-7 present_wait=-7 fence_elapsed_ns=0 wait_elapsed_ns=0
present id=1246 class=source result=0 submit_ns=378740722630083 desired_ns=378745560705960 present_call_ns=8625 submit_fence=0 present_fence=-7 present_wait=-7 fence_elapsed_ns=0 wait_elapsed_ns=0
present id=1247 class=source result=0 submit_ns=378740731135708 desired_ns=378745577372626 present_call_ns=14792 submit_fence=0 present_fence=-7 present_wait=-7 fence_elapsed_ns=0 wait_elapsed_ns=0
present id=1248 class=source result=0 submit_ns=378740738401625 desired_ns=378745594039292 present_call_ns=10958 submit_fence=0 present_fence=-7 present_wait=-7 fence_elapsed_ns=0 wait_elapsed_ns=0
present id=1249 class=source result=0 submit_ns=378740746900166 desired_ns=378745610705958 present_call_ns=16667 submit_fence=0 present_fence=-7 present_wait=-7 fence_elapsed_ns=0 wait_elapsed_ns=0
present id=1250 class=source result=0 submit_ns=378740755490666 desired_ns=378745627372624 present_call_ns=13000 submit_fence=0 present_fence=-7 present_wait=-7 fence_elapsed_ns=0 wait_elapsed_ns=0
present id=1251 class=source result=0 submit_ns=378740764124458 desired_ns=378745644039290 present_call_ns=12833 submit_fence=0 present_fence=-7 present_wait=-7 fence_elapsed_ns=0 wait_elapsed_ns=0
present id=1252 class=source result=0 submit_ns=378740772499541 desired_ns=378745660705956 present_call_ns=23125 submit_fence=0 present_fence=-7 present_wait=-7 fence_elapsed_ns=0 wait_elapsed_ns=0
present id=1253 class=source result=0 submit_ns=378740780862625 desired_ns=378745677372622 present_call_ns=17833 submit_fence=0 present_fence=-7 present_wait=-7 fence_elapsed_ns=0 wait_elapsed_ns=0
present id=1254 class=source result=0 submit_ns=378740789342791 desired_ns=378745694039288 present_call_ns=10000 submit_fence=0 present_fence=-7 present_wait=-7 fence_elapsed_ns=0 wait_elapsed_ns=0
present id=1255 class=source result=0 submit_ns=378740796581583 desired_ns=378745710705954 present_call_ns=9292 submit_fence=0 present_fence=-7 present_wait=-7 fence_elapsed_ns=0 wait_elapsed_ns=0
present id=1256 class=source result=0 submit_ns=378740805018375 desired_ns=378745727372620 present_call_ns=8333 submit_fence=0 present_fence=-7 present_wait=-7 fence_elapsed_ns=0 wait_elapsed_ns=0
present id=1257 class=source result=0 submit_ns=378740813524708 desired_ns=378745744039286 present_call_ns=14417 submit_fence=0 present_fence=-7 present_wait=-7 fence_elapsed_ns=0 wait_elapsed_ns=0
present id=1258 class=source result=0 submit_ns=378740821972333 desired_ns=378745760705952 present_call_ns=12167 submit_fence=0 present_fence=-7 present_wait=-7 fence_elapsed_ns=0 wait_elapsed_ns=0
present id=1259 class=source result=0 submit_ns=378740830558625 desired_ns=378745777372618 present_call_ns=8875 submit_fence=0 present_fence=-7 present_wait=-7 fence_elapsed_ns=0 wait_elapsed_ns=0
present id=1260 class=source result=0 submit_ns=378740838914208 desired_ns=378745794039284 present_call_ns=14208 submit_fence=0 present_fence=-7 present_wait=-7 fence_elapsed_ns=0 wait_elapsed_ns=0
present id=1261 class=source result=0 submit_ns=378740847336416 desired_ns=378745810705950 present_call_ns=9792 submit_fence=0 present_fence=-7 present_wait=-7 fence_elapsed_ns=0 wait_elapsed_ns=0
present id=1262 class=source result=0 submit_ns=378740855801000 desired_ns=378745827372616 present_call_ns=10583 submit_fence=0 present_fence=-7 present_wait=-7 fence_elapsed_ns=0 wait_elapsed_ns=0
present id=1263 class=source result=0 submit_ns=378740864359958 desired_ns=378745844039282 present_call_ns=9292 submit_fence=0 present_fence=-7 present_wait=-7 fence_elapsed_ns=0 wait_elapsed_ns=0
present id=1264 class=source result=0 submit_ns=378740872794166 desired_ns=378745860705948 present_call_ns=8875 submit_fence=0 present_fence=-7 present_wait=-7 fence_elapsed_ns=0 wait_elapsed_ns=0
present id=1265 class=source result=0 submit_ns=378740880027708 desired_ns=378745877372614 present_call_ns=11542 submit_fence=0 present_fence=-7 present_wait=-7 fence_elapsed_ns=0 wait_elapsed_ns=0
present id=1266 class=source result=0 submit_ns=378740888447041 desired_ns=378745894039280 present_call_ns=9500 submit_fence=0 present_fence=-7 present_wait=-7 fence_elapsed_ns=0 wait_elapsed_ns=0
present id=1267 class=source result=0 submit_ns=378740896786625 desired_ns=378745910705946 present_call_ns=10916 submit_fence=0 present_fence=-7 present_wait=-7 fence_elapsed_ns=0 wait_elapsed_ns=0
present id=1268 class=source result=0 submit_ns=378740905273208 desired_ns=378745927372612 present_call_ns=10792 submit_fence=0 present_fence=-7 present_wait=-7 fence_elapsed_ns=0 wait_elapsed_ns=0
present id=1269 class=source result=0 submit_ns=378740913678208 desired_ns=378745944039278 present_call_ns=16375 submit_fence=0 present_fence=-7 present_wait=-7 fence_elapsed_ns=0 wait_elapsed_ns=0
present id=1270 class=source result=0 submit_ns=378740922139666 desired_ns=378745960705944 present_call_ns=10084 submit_fence=0 present_fence=-7 present_wait=-7 fence_elapsed_ns=0 wait_elapsed_ns=0
present id=1271 class=source result=0 submit_ns=378740930502833 desired_ns=378745977372610 present_call_ns=10458 submit_fence=0 present_fence=-7 present_wait=-7 fence_elapsed_ns=0 wait_elapsed_ns=0
present id=1272 class=source result=0 submit_ns=378740938808416 desired_ns=378745994039276 present_call_ns=8917 submit_fence=0 present_fence=-7 present_wait=-7 fence_elapsed_ns=0 wait_elapsed_ns=0
present id=1273 class=source result=0 submit_ns=378740947289000 desired_ns=378746010705942 present_call_ns=12375 submit_fence=0 present_fence=-7 present_wait=-7 fence_elapsed_ns=0 wait_elapsed_ns=0
present id=1274 class=source result=0 submit_ns=378740955760666 desired_ns=378746027372608 present_call_ns=10417 submit_fence=0 present_fence=-7 present_wait=-7 fence_elapsed_ns=0 wait_elapsed_ns=0
present id=1275 class=source result=0 submit_ns=378740964316083 desired_ns=378746044039274 present_call_ns=11417 submit_fence=0 present_fence=-7 present_wait=-7 fence_elapsed_ns=0 wait_elapsed_ns=0
present id=1276 class=source result=0 submit_ns=378740972770750 desired_ns=378746060705940 present_call_ns=9166 submit_fence=0 present_fence=-7 present_wait=-7 fence_elapsed_ns=0 wait_elapsed_ns=0
present id=1277 class=source result=0 submit_ns=378740980009041 desired_ns=378746077372606 present_call_ns=13917 submit_fence=0 present_fence=-7 present_wait=-7 fence_elapsed_ns=0 wait_elapsed_ns=0
present id=1278 class=source result=0 submit_ns=378740988443083 desired_ns=378746094039272 present_call_ns=12333 submit_fence=0 present_fence=-7 present_wait=-7 fence_elapsed_ns=0 wait_elapsed_ns=0
present id=1279 class=source result=0 submit_ns=378740996876541 desired_ns=378746110705938 present_call_ns=9459 submit_fence=0 present_fence=-7 present_wait=-7 fence_elapsed_ns=0 wait_elapsed_ns=0
present id=1280 class=source result=0 submit_ns=378741005385041 desired_ns=378746127372604 present_call_ns=21167 submit_fence=0 present_fence=-7 present_wait=-7 fence_elapsed_ns=0 wait_elapsed_ns=0
present id=1281 class=source result=0 submit_ns=378741013800375 desired_ns=378746144039270 present_call_ns=9791 submit_fence=0 present_fence=-7 present_wait=-7 fence_elapsed_ns=0 wait_elapsed_ns=0
present id=1282 class=source result=0 submit_ns=378741022304041 desired_ns=378746160705936 present_call_ns=12959 submit_fence=0 present_fence=-7 present_wait=-7 fence_elapsed_ns=0 wait_elapsed_ns=0
present id=1283 class=source result=0 submit_ns=378741030833583 desired_ns=378746177372602 present_call_ns=9875 submit_fence=0 present_fence=-7 present_wait=-7 fence_elapsed_ns=0 wait_elapsed_ns=0
present id=1284 class=source result=0 submit_ns=378741039279666 desired_ns=378746194039268 present_call_ns=19084 submit_fence=0 present_fence=-7 present_wait=-7 fence_elapsed_ns=0 wait_elapsed_ns=0
present id=1285 class=source result=0 submit_ns=378741047543291 desired_ns=378746210705934 present_call_ns=8375 submit_fence=0 present_fence=-7 present_wait=-7 fence_elapsed_ns=0 wait_elapsed_ns=0
present id=1286 class=source result=0 submit_ns=378741056017000 desired_ns=378746227372600 present_call_ns=8125 submit_fence=0 present_fence=-7 present_wait=-7 fence_elapsed_ns=0 wait_elapsed_ns=0
present id=1287 class=source result=0 submit_ns=378741063323583 desired_ns=378746244039266 present_call_ns=22083 submit_fence=0 present_fence=-7 present_wait=-7 fence_elapsed_ns=0 wait_elapsed_ns=0
present id=1288 class=source result=0 submit_ns=378741071866125 desired_ns=378746260705932 present_call_ns=10500 submit_fence=0 present_fence=-7 present_wait=-7 fence_elapsed_ns=0 wait_elapsed_ns=0
present id=1289 class=source result=0 submit_ns=378741080305083 desired_ns=378746277372598 present_call_ns=21417 submit_fence=0 present_fence=-7 present_wait=-7 fence_elapsed_ns=0 wait_elapsed_ns=0
present id=1290 class=source result=0 submit_ns=378741089013625 desired_ns=378746294039264 present_call_ns=19416 submit_fence=0 present_fence=-7 present_wait=-7 fence_elapsed_ns=0 wait_elapsed_ns=0
present id=1291 class=source result=0 submit_ns=378741097347916 desired_ns=378746310705930 present_call_ns=13709 submit_fence=0 present_fence=-7 present_wait=-7 fence_elapsed_ns=0 wait_elapsed_ns=0
present id=1292 class=source result=0 submit_ns=378741105611958 desired_ns=378746327372596 present_call_ns=8208 submit_fence=0 present_fence=-7 present_wait=-7 fence_elapsed_ns=0 wait_elapsed_ns=0
present id=1293 class=source result=0 submit_ns=378741113722875 desired_ns=378746344039262 present_call_ns=6125 submit_fence=0 present_fence=-7 present_wait=-7 fence_elapsed_ns=0 wait_elapsed_ns=0
present id=1294 class=source result=0 submit_ns=378741121812625 desired_ns=378746360705928 present_call_ns=7208 submit_fence=0 present_fence=-7 present_wait=-7 fence_elapsed_ns=0 wait_elapsed_ns=0
present id=1295 class=source result=0 submit_ns=378741129955000 desired_ns=378746377372594 present_call_ns=7291 submit_fence=0 present_fence=-7 present_wait=-7 fence_elapsed_ns=0 wait_elapsed_ns=0
present id=1296 class=source result=0 submit_ns=378741139366375 desired_ns=378746394039260 present_call_ns=12625 submit_fence=0 present_fence=-7 present_wait=-7 fence_elapsed_ns=0 wait_elapsed_ns=0
present id=1297 class=source result=0 submit_ns=378741147333416 desired_ns=378746410705926 present_call_ns=18792 submit_fence=0 present_fence=-7 present_wait=-7 fence_elapsed_ns=0 wait_elapsed_ns=0
present id=1298 class=source result=0 submit_ns=378741155608291 desired_ns=378746427372592 present_call_ns=8167 submit_fence=0 present_fence=-7 present_wait=-7 fence_elapsed_ns=0 wait_elapsed_ns=0
present id=1299 class=source result=0 submit_ns=378741163836666 desired_ns=378746444039258 present_call_ns=14084 submit_fence=0 present_fence=-7 present_wait=-7 fence_elapsed_ns=0 wait_elapsed_ns=0
present id=1300 class=source result=0 submit_ns=378741172019541 desired_ns=378746460705924 present_call_ns=7167 submit_fence=0 present_fence=-7 present_wait=-7 fence_elapsed_ns=0 wait_elapsed_ns=0
present id=1301 class=source result=0 submit_ns=378741179975666 desired_ns=378746477372590 present_call_ns=14250 submit_fence=0 present_fence=-7 present_wait=-7 fence_elapsed_ns=0 wait_elapsed_ns=0
present id=1302 class=source result=0 submit_ns=378741189511708 desired_ns=378746494039256 present_call_ns=5833 submit_fence=0 present_fence=-7 present_wait=-7 fence_elapsed_ns=0 wait_elapsed_ns=0
present id=1303 class=source result=0 submit_ns=378741197533416 desired_ns=378746510705922 present_call_ns=7375 submit_fence=0 present_fence=-7 present_wait=-7 fence_elapsed_ns=0 wait_elapsed_ns=0
present id=1304 class=source result=0 submit_ns=378741205701916 desired_ns=378746527372588 present_call_ns=4792 submit_fence=0 present_fence=-7 present_wait=-7 fence_elapsed_ns=0 wait_elapsed_ns=0
present id=1305 class=source result=0 submit_ns=378741213843416 desired_ns=378746544039254 present_call_ns=8917 submit_fence=0 present_fence=-7 present_wait=-7 fence_elapsed_ns=0 wait_elapsed_ns=0
present id=1306 class=source result=0 submit_ns=378741221950291 desired_ns=378746560705920 present_call_ns=10000 submit_fence=0 present_fence=-7 present_wait=-7 fence_elapsed_ns=0 wait_elapsed_ns=0
present id=1307 class=source result=0 submit_ns=378741230024000 desired_ns=378746577372586 present_call_ns=26791 submit_fence=0 present_fence=-7 present_wait=-7 fence_elapsed_ns=0 wait_elapsed_ns=0
present id=1308 class=source result=0 submit_ns=378741238341041 desired_ns=378746594039252 present_call_ns=8250 submit_fence=0 present_fence=-7 present_wait=-7 fence_elapsed_ns=0 wait_elapsed_ns=0
present id=1309 class=source result=0 submit_ns=378741247788083 desired_ns=378746610705918 present_call_ns=5375 submit_fence=0 present_fence=-7 present_wait=-7 fence_elapsed_ns=0 wait_elapsed_ns=0
present id=1310 class=source result=0 submit_ns=378741255953666 desired_ns=378746627372584 present_call_ns=4209 submit_fence=0 present_fence=-7 present_wait=-7 fence_elapsed_ns=0 wait_elapsed_ns=0
present id=1311 class=source result=0 submit_ns=378741264111708 desired_ns=378746644039250 present_call_ns=5792 submit_fence=0 present_fence=-7 present_wait=-7 fence_elapsed_ns=0 wait_elapsed_ns=0
present id=1312 class=source result=0 submit_ns=378741272297250 desired_ns=378746660705916 present_call_ns=4458 submit_fence=0 present_fence=-7 present_wait=-7 fence_elapsed_ns=0 wait_elapsed_ns=0
present id=1313 class=source result=0 submit_ns=378741280493333 desired_ns=378746677372582 present_call_ns=8208 submit_fence=0 present_fence=-7 present_wait=-7 fence_elapsed_ns=0 wait_elapsed_ns=0
present id=1314 class=source result=0 submit_ns=378741288523916 desired_ns=378746694039248 present_call_ns=7584 submit_fence=0 present_fence=-7 present_wait=-7 fence_elapsed_ns=0 wait_elapsed_ns=0
present id=1315 class=source result=0 submit_ns=378741296729958 desired_ns=378746710705914 present_call_ns=10667 submit_fence=0 present_fence=-7 present_wait=-7 fence_elapsed_ns=0 wait_elapsed_ns=0
present id=1316 class=source result=0 submit_ns=378741306087791 desired_ns=378746727372580 present_call_ns=5084 submit_fence=0 present_fence=-7 present_wait=-7 fence_elapsed_ns=0 wait_elapsed_ns=0
present id=1317 class=source result=0 submit_ns=378741314208416 desired_ns=378746744039246 present_call_ns=11667 submit_fence=0 present_fence=-7 present_wait=-7 fence_elapsed_ns=0 wait_elapsed_ns=0
present id=1318 class=source result=0 submit_ns=378741322464916 desired_ns=378746760705912 present_call_ns=7625 submit_fence=0 present_fence=-7 present_wait=-7 fence_elapsed_ns=0 wait_elapsed_ns=0
present id=1319 class=source result=0 submit_ns=378741330719541 desired_ns=378746777372578 present_call_ns=6542 submit_fence=0 present_fence=-7 present_wait=-7 fence_elapsed_ns=0 wait_elapsed_ns=0
present id=1320 class=source result=0 submit_ns=378741338999333 desired_ns=378746794039244 present_call_ns=6917 submit_fence=0 present_fence=-7 present_wait=-7 fence_elapsed_ns=0 wait_elapsed_ns=0
present id=1321 class=synthetic result=0 submit_ns=378741347225333 desired_ns=378746810705910 present_call_ns=6792 submit_fence=0 present_fence=-7 present_wait=-7 fence_elapsed_ns=0 wait_elapsed_ns=0
present id=1322 class=synthetic result=0 submit_ns=378741355483750 desired_ns=378746827372576 present_call_ns=6416 submit_fence=0 present_fence=-7 present_wait=-7 fence_elapsed_ns=0 wait_elapsed_ns=0
present id=1323 class=synthetic result=0 submit_ns=378741363784625 desired_ns=378746844039242 present_call_ns=7458 submit_fence=0 present_fence=-7 present_wait=-7 fence_elapsed_ns=0 wait_elapsed_ns=0
present id=1324 class=synthetic result=0 submit_ns=378741372103333 desired_ns=378746860705908 present_call_ns=6958 submit_fence=0 present_fence=-7 present_wait=-7 fence_elapsed_ns=0 wait_elapsed_ns=0
present id=1325 class=synthetic result=0 submit_ns=378741380462583 desired_ns=378746877372574 present_call_ns=18333 submit_fence=0 present_fence=-7 present_wait=-7 fence_elapsed_ns=0 wait_elapsed_ns=0
present id=1326 class=synthetic result=0 submit_ns=378741388725833 desired_ns=378746894039240 present_call_ns=17875 submit_fence=0 present_fence=-7 present_wait=-7 fence_elapsed_ns=0 wait_elapsed_ns=0
present id=1327 class=synthetic result=0 submit_ns=378741397244500 desired_ns=378746910705906 present_call_ns=16916 submit_fence=0 present_fence=-7 present_wait=-7 fence_elapsed_ns=0 wait_elapsed_ns=0
present id=1328 class=synthetic result=0 submit_ns=378741405987083 desired_ns=378746927372572 present_call_ns=36542 submit_fence=0 present_fence=-7 present_wait=-7 fence_elapsed_ns=0 wait_elapsed_ns=0
present id=1329 class=synthetic result=0 submit_ns=378741414089791 desired_ns=378746944039238 present_call_ns=49750 submit_fence=0 present_fence=-7 present_wait=-7 fence_elapsed_ns=0 wait_elapsed_ns=0
present id=1330 class=synthetic result=0 submit_ns=378741421859166 desired_ns=378746960705904 present_call_ns=27750 submit_fence=0 present_fence=-7 present_wait=-7 fence_elapsed_ns=0 wait_elapsed_ns=0
present id=1331 class=synthetic result=0 submit_ns=378741431045166 desired_ns=378746977372570 present_call_ns=31167 submit_fence=0 present_fence=-7 present_wait=-7 fence_elapsed_ns=0 wait_elapsed_ns=0
present id=1332 class=synthetic result=0 submit_ns=378741438607333 desired_ns=378746994039236 present_call_ns=231625 submit_fence=0 present_fence=-7 present_wait=-7 fence_elapsed_ns=0 wait_elapsed_ns=0
present id=1333 class=synthetic result=0 submit_ns=378741446929875 desired_ns=378747010705902 present_call_ns=23041 submit_fence=0 present_fence=-7 present_wait=-7 fence_elapsed_ns=0 wait_elapsed_ns=0
present id=1334 class=synthetic result=0 submit_ns=378741455949541 desired_ns=378747027372568 present_call_ns=72584 submit_fence=0 present_fence=-7 present_wait=-7 fence_elapsed_ns=0 wait_elapsed_ns=0
present id=1335 class=synthetic result=0 submit_ns=378741463851958 desired_ns=378747044039234 present_call_ns=32792 submit_fence=0 present_fence=-7 present_wait=-7 fence_elapsed_ns=0 wait_elapsed_ns=0
present id=1336 class=synthetic result=0 submit_ns=378741472784875 desired_ns=378747060705900 present_call_ns=25916 submit_fence=0 present_fence=-7 present_wait=-7 fence_elapsed_ns=0 wait_elapsed_ns=0
present id=1337 class=synthetic result=0 submit_ns=378741480465083 desired_ns=378747077372566 present_call_ns=19583 submit_fence=0 present_fence=-7 present_wait=-7 fence_elapsed_ns=0 wait_elapsed_ns=0
present id=1338 class=synthetic result=0 submit_ns=378741488460208 desired_ns=378747094039232 present_call_ns=24833 submit_fence=0 present_fence=-7 present_wait=-7 fence_elapsed_ns=0 wait_elapsed_ns=0
present id=1339 class=synthetic result=0 submit_ns=378741497795166 desired_ns=378747110705898 present_call_ns=26584 submit_fence=0 present_fence=-7 present_wait=-7 fence_elapsed_ns=0 wait_elapsed_ns=0
present id=1340 class=synthetic result=0 submit_ns=378741506256375 desired_ns=378747127372564 present_call_ns=65208 submit_fence=0 present_fence=-7 present_wait=-7 fence_elapsed_ns=0 wait_elapsed_ns=0
present id=1341 class=synthetic result=0 submit_ns=378741514692541 desired_ns=378747144039230 present_call_ns=43000 submit_fence=0 present_fence=-7 present_wait=-7 fence_elapsed_ns=0 wait_elapsed_ns=0
present id=1342 class=synthetic result=0 submit_ns=378741522645291 desired_ns=378747160705896 present_call_ns=28375 submit_fence=0 present_fence=-7 present_wait=-7 fence_elapsed_ns=0 wait_elapsed_ns=0
present id=1343 class=synthetic result=0 submit_ns=378741531314875 desired_ns=378747177372562 present_call_ns=34291 submit_fence=0 present_fence=-7 present_wait=-7 fence_elapsed_ns=0 wait_elapsed_ns=0
present id=1344 class=synthetic result=0 submit_ns=378741538956041 desired_ns=378747194039228 present_call_ns=10625 submit_fence=0 present_fence=-7 present_wait=-7 fence_elapsed_ns=0 wait_elapsed_ns=0
present id=1345 class=synthetic result=0 submit_ns=378741547552791 desired_ns=378747210705894 present_call_ns=23750 submit_fence=0 present_fence=-7 present_wait=-7 fence_elapsed_ns=0 wait_elapsed_ns=0
present id=1346 class=synthetic result=0 submit_ns=378741556174875 desired_ns=378747227372560 present_call_ns=14041 submit_fence=0 present_fence=-7 present_wait=-7 fence_elapsed_ns=0 wait_elapsed_ns=0
present id=1347 class=synthetic result=0 submit_ns=378741563599916 desired_ns=378747244039226 present_call_ns=15875 submit_fence=0 present_fence=-7 present_wait=-7 fence_elapsed_ns=0 wait_elapsed_ns=0
present id=1348 class=synthetic result=0 submit_ns=378741572077916 desired_ns=378747260705892 present_call_ns=8584 submit_fence=0 present_fence=-7 present_wait=-7 fence_elapsed_ns=0 wait_elapsed_ns=0
present id=1349 class=synthetic result=0 submit_ns=378741580557708 desired_ns=378747277372558 present_call_ns=13167 submit_fence=0 present_fence=-7 present_wait=-7 fence_elapsed_ns=0 wait_elapsed_ns=0
present id=1350 class=synthetic result=0 submit_ns=378741589022708 desired_ns=378747294039224 present_call_ns=25500 submit_fence=0 present_fence=-7 present_wait=-7 fence_elapsed_ns=0 wait_elapsed_ns=0
present id=1351 class=synthetic result=0 submit_ns=378741597577125 desired_ns=378747310705890 present_call_ns=12541 submit_fence=0 present_fence=-7 present_wait=-7 fence_elapsed_ns=0 wait_elapsed_ns=0
present id=1352 class=synthetic result=0 submit_ns=378741606036541 desired_ns=378747327372556 present_call_ns=8709 submit_fence=0 present_fence=-7 present_wait=-7 fence_elapsed_ns=0 wait_elapsed_ns=0
present id=1353 class=synthetic result=0 submit_ns=378741613249083 desired_ns=378747344039222 present_call_ns=15583 submit_fence=0 present_fence=-7 present_wait=-7 fence_elapsed_ns=0 wait_elapsed_ns=0
present id=1354 class=synthetic result=0 submit_ns=378741621746666 desired_ns=378747360705888 present_call_ns=13875 submit_fence=0 present_fence=-7 present_wait=-7 fence_elapsed_ns=0 wait_elapsed_ns=0
present id=1355 class=synthetic result=0 submit_ns=378741630449750 desired_ns=378747377372554 present_call_ns=17291 submit_fence=0 present_fence=-7 present_wait=-7 fence_elapsed_ns=0 wait_elapsed_ns=0
present id=1356 class=synthetic result=0 submit_ns=378741638933166 desired_ns=378747394039220 present_call_ns=14959 submit_fence=0 present_fence=-7 present_wait=-7 fence_elapsed_ns=0 wait_elapsed_ns=0
present id=1357 class=synthetic result=0 submit_ns=378741647440208 desired_ns=378747410705886 present_call_ns=11292 submit_fence=0 present_fence=-7 present_wait=-7 fence_elapsed_ns=0 wait_elapsed_ns=0
present id=1358 class=synthetic result=0 submit_ns=378741655879458 desired_ns=378747427372552 present_call_ns=10792 submit_fence=0 present_fence=-7 present_wait=-7 fence_elapsed_ns=0 wait_elapsed_ns=0
present id=1359 class=synthetic result=0 submit_ns=378741664381875 desired_ns=378747444039218 present_call_ns=9333 submit_fence=0 present_fence=-7 present_wait=-7 fence_elapsed_ns=0 wait_elapsed_ns=0
present id=1360 class=synthetic result=0 submit_ns=378741671608583 desired_ns=378747460705884 present_call_ns=7667 submit_fence=0 present_fence=-7 present_wait=-7 fence_elapsed_ns=0 wait_elapsed_ns=0
present id=1361 class=synthetic result=0 submit_ns=378741680083208 desired_ns=378747477372550 present_call_ns=11083 submit_fence=0 present_fence=-7 present_wait=-7 fence_elapsed_ns=0 wait_elapsed_ns=0
present id=1362 class=synthetic result=0 submit_ns=378741688540875 desired_ns=378747494039216 present_call_ns=7916 submit_fence=0 present_fence=-7 present_wait=-7 fence_elapsed_ns=0 wait_elapsed_ns=0
present id=1363 class=synthetic result=0 submit_ns=378741697208416 desired_ns=378747510705882 present_call_ns=18750 submit_fence=0 present_fence=-7 present_wait=-7 fence_elapsed_ns=0 wait_elapsed_ns=0
present id=1364 class=synthetic result=0 submit_ns=378741705852625 desired_ns=378747527372548 present_call_ns=11083 submit_fence=0 present_fence=-7 present_wait=-7 fence_elapsed_ns=0 wait_elapsed_ns=0
present id=1365 class=synthetic result=0 submit_ns=378741714393750 desired_ns=378747544039214 present_call_ns=20416 submit_fence=0 present_fence=-7 present_wait=-7 fence_elapsed_ns=0 wait_elapsed_ns=0
present id=1366 class=synthetic result=0 submit_ns=378741721731833 desired_ns=378747560705880 present_call_ns=10125 submit_fence=0 present_fence=-7 present_wait=-7 fence_elapsed_ns=0 wait_elapsed_ns=0
present id=1367 class=synthetic result=0 submit_ns=378741730961208 desired_ns=378747577372546 present_call_ns=22042 submit_fence=0 present_fence=-7 present_wait=-7 fence_elapsed_ns=0 wait_elapsed_ns=0
present id=1368 class=synthetic result=0 submit_ns=378741738321416 desired_ns=378747594039212 present_call_ns=19834 submit_fence=0 present_fence=-7 present_wait=-7 fence_elapsed_ns=0 wait_elapsed_ns=0
present id=1369 class=synthetic result=0 submit_ns=378741746652416 desired_ns=378747610705878 present_call_ns=9709 submit_fence=0 present_fence=-7 present_wait=-7 fence_elapsed_ns=0 wait_elapsed_ns=0
present id=1370 class=synthetic result=0 submit_ns=378741755188916 desired_ns=378747627372544 present_call_ns=17250 submit_fence=0 present_fence=-7 present_wait=-7 fence_elapsed_ns=0 wait_elapsed_ns=0
present id=1371 class=synthetic result=0 submit_ns=378741763734500 desired_ns=378747644039210 present_call_ns=9375 submit_fence=0 present_fence=-7 present_wait=-7 fence_elapsed_ns=0 wait_elapsed_ns=0
present id=1372 class=synthetic result=0 submit_ns=378741772224208 desired_ns=378747660705876 present_call_ns=7917 submit_fence=0 present_fence=-7 present_wait=-7 fence_elapsed_ns=0 wait_elapsed_ns=0
present id=1373 class=synthetic result=0 submit_ns=378741780661833 desired_ns=378747677372542 present_call_ns=8125 submit_fence=0 present_fence=-7 present_wait=-7 fence_elapsed_ns=0 wait_elapsed_ns=0
present id=1374 class=synthetic result=0 submit_ns=378741789108416 desired_ns=378747694039208 present_call_ns=14084 submit_fence=0 present_fence=-7 present_wait=-7 fence_elapsed_ns=0 wait_elapsed_ns=0
present id=1375 class=synthetic result=0 submit_ns=378741797532458 desired_ns=378747710705874 present_call_ns=9083 submit_fence=0 present_fence=-7 present_wait=-7 fence_elapsed_ns=0 wait_elapsed_ns=0
present id=1376 class=synthetic result=0 submit_ns=378741806025166 desired_ns=378747727372540 present_call_ns=9084 submit_fence=0 present_fence=-7 present_wait=-7 fence_elapsed_ns=0 wait_elapsed_ns=0
present id=1377 class=synthetic result=0 submit_ns=378741814404583 desired_ns=378747744039206 present_call_ns=7958 submit_fence=0 present_fence=-7 present_wait=-7 fence_elapsed_ns=0 wait_elapsed_ns=0
present id=1378 class=synthetic result=0 submit_ns=378741821571958 desired_ns=378747760705872 present_call_ns=9333 submit_fence=0 present_fence=-7 present_wait=-7 fence_elapsed_ns=0 wait_elapsed_ns=0
present id=1379 class=synthetic result=0 submit_ns=378741830153666 desired_ns=378747777372538 present_call_ns=11167 submit_fence=0 present_fence=-7 present_wait=-7 fence_elapsed_ns=0 wait_elapsed_ns=0
present id=1380 class=synthetic result=0 submit_ns=378741838585666 desired_ns=378747794039204 present_call_ns=8042 submit_fence=0 present_fence=-7 present_wait=-7 fence_elapsed_ns=0 wait_elapsed_ns=0
present id=1381 class=synthetic result=0 submit_ns=378741847123458 desired_ns=378747810705870 present_call_ns=16542 submit_fence=0 present_fence=-7 present_wait=-7 fence_elapsed_ns=0 wait_elapsed_ns=0
present id=1382 class=synthetic result=0 submit_ns=378741855582958 desired_ns=378747827372536 present_call_ns=6500 submit_fence=0 present_fence=-7 present_wait=-7 fence_elapsed_ns=0 wait_elapsed_ns=0
present id=1383 class=synthetic result=0 submit_ns=378741864130458 desired_ns=378747844039202 present_call_ns=13333 submit_fence=0 present_fence=-7 present_wait=-7 fence_elapsed_ns=0 wait_elapsed_ns=0
present id=1384 class=synthetic result=0 submit_ns=378741872580500 desired_ns=378747860705868 present_call_ns=9833 submit_fence=0 present_fence=-7 present_wait=-7 fence_elapsed_ns=0 wait_elapsed_ns=0
present id=1385 class=synthetic result=0 submit_ns=378741881062125 desired_ns=378747877372534 present_call_ns=6708 submit_fence=0 present_fence=-7 present_wait=-7 fence_elapsed_ns=0 wait_elapsed_ns=0
present id=1386 class=synthetic result=0 submit_ns=378741889466833 desired_ns=378747894039200 present_call_ns=6750 submit_fence=0 present_fence=-7 present_wait=-7 fence_elapsed_ns=0 wait_elapsed_ns=0
present id=1387 class=synthetic result=0 submit_ns=378741896847375 desired_ns=378747910705866 present_call_ns=6125 submit_fence=0 present_fence=-7 present_wait=-7 fence_elapsed_ns=0 wait_elapsed_ns=0
present id=1388 class=synthetic result=0 submit_ns=378741905348708 desired_ns=378747927372532 present_call_ns=15292 submit_fence=0 present_fence=-7 present_wait=-7 fence_elapsed_ns=0 wait_elapsed_ns=0
present id=1389 class=synthetic result=0 submit_ns=378741913788125 desired_ns=378747944039198 present_call_ns=10125 submit_fence=0 present_fence=-7 present_wait=-7 fence_elapsed_ns=0 wait_elapsed_ns=0
present id=1390 class=synthetic result=0 submit_ns=378741922196208 desired_ns=378747960705864 present_call_ns=17208 submit_fence=0 present_fence=-7 present_wait=-7 fence_elapsed_ns=0 wait_elapsed_ns=0
present id=1391 class=synthetic result=0 submit_ns=378741930806541 desired_ns=378747977372530 present_call_ns=9834 submit_fence=0 present_fence=-7 present_wait=-7 fence_elapsed_ns=0 wait_elapsed_ns=0
present id=1392 class=synthetic result=0 submit_ns=378741939289958 desired_ns=378747994039196 present_call_ns=6042 submit_fence=0 present_fence=-7 present_wait=-7 fence_elapsed_ns=0 wait_elapsed_ns=0
present id=1393 class=synthetic result=0 submit_ns=378741947706958 desired_ns=378748010705862 present_call_ns=6000 submit_fence=0 present_fence=-7 present_wait=-7 fence_elapsed_ns=0 wait_elapsed_ns=0
present id=1394 class=synthetic result=0 submit_ns=378741955259041 desired_ns=378748027372528 present_call_ns=42625 submit_fence=0 present_fence=-7 present_wait=-7 fence_elapsed_ns=0 wait_elapsed_ns=0
present id=1395 class=synthetic result=0 submit_ns=378741964527708 desired_ns=378748044039194 present_call_ns=34708 submit_fence=0 present_fence=-7 present_wait=-7 fence_elapsed_ns=0 wait_elapsed_ns=0
present id=1396 class=synthetic result=0 submit_ns=378741972214708 desired_ns=378748060705860 present_call_ns=39917 submit_fence=0 present_fence=-7 present_wait=-7 fence_elapsed_ns=0 wait_elapsed_ns=0
present id=1397 class=synthetic result=0 submit_ns=378741980746875 desired_ns=378748077372526 present_call_ns=19291 submit_fence=0 present_fence=-7 present_wait=-7 fence_elapsed_ns=0 wait_elapsed_ns=0
present id=1398 class=synthetic result=0 submit_ns=378741989061708 desired_ns=378748094039192 present_call_ns=20583 submit_fence=0 present_fence=-7 present_wait=-7 fence_elapsed_ns=0 wait_elapsed_ns=0
present id=1399 class=synthetic result=0 submit_ns=378741997240833 desired_ns=378748110705858 present_call_ns=12750 submit_fence=0 present_fence=-7 present_wait=-7 fence_elapsed_ns=0 wait_elapsed_ns=0
present id=1400 class=synthetic result=0 submit_ns=378742005422666 desired_ns=378748127372524 present_call_ns=5792 submit_fence=0 present_fence=-7 present_wait=-7 fence_elapsed_ns=0 wait_elapsed_ns=0
present id=1401 class=synthetic result=0 submit_ns=378742013638041 desired_ns=378748144039190 present_call_ns=7417 submit_fence=0 present_fence=-7 present_wait=-7 fence_elapsed_ns=0 wait_elapsed_ns=0
present id=1402 class=synthetic result=0 submit_ns=378742021800791 desired_ns=378748160705856 present_call_ns=5167 submit_fence=0 present_fence=-7 present_wait=-7 fence_elapsed_ns=0 wait_elapsed_ns=0
present id=1403 class=synthetic result=0 submit_ns=378742030024833 desired_ns=378748177372522 present_call_ns=6375 submit_fence=0 present_fence=-7 present_wait=-7 fence_elapsed_ns=0 wait_elapsed_ns=0
present id=1404 class=synthetic result=0 submit_ns=378742038220750 desired_ns=378748194039188 present_call_ns=5000 submit_fence=0 present_fence=-7 present_wait=-7 fence_elapsed_ns=0 wait_elapsed_ns=0
present id=1405 class=synthetic result=0 submit_ns=378742047630416 desired_ns=378748210705854 present_call_ns=12792 submit_fence=0 present_fence=-7 present_wait=-7 fence_elapsed_ns=0 wait_elapsed_ns=0
present id=1406 class=synthetic result=0 submit_ns=378742055812833 desired_ns=378748227372520 present_call_ns=6250 submit_fence=0 present_fence=-7 present_wait=-7 fence_elapsed_ns=0 wait_elapsed_ns=0
present id=1407 class=synthetic result=0 submit_ns=378742064013833 desired_ns=378748244039186 present_call_ns=5917 submit_fence=0 present_fence=-7 present_wait=-7 fence_elapsed_ns=0 wait_elapsed_ns=0
present id=1408 class=synthetic result=0 submit_ns=378742072153958 desired_ns=378748260705852 present_call_ns=5167 submit_fence=0 present_fence=-7 present_wait=-7 fence_elapsed_ns=0 wait_elapsed_ns=0
present id=1409 class=synthetic result=0 submit_ns=378742080307416 desired_ns=378748277372518 present_call_ns=6000 submit_fence=0 present_fence=-7 present_wait=-7 fence_elapsed_ns=0 wait_elapsed_ns=0
present id=1410 class=synthetic result=0 submit_ns=378742088428375 desired_ns=378748294039184 present_call_ns=5750 submit_fence=0 present_fence=-7 present_wait=-7 fence_elapsed_ns=0 wait_elapsed_ns=0
present id=1411 class=synthetic result=0 submit_ns=378742096653875 desired_ns=378748310705850 present_call_ns=6583 submit_fence=0 present_fence=-7 present_wait=-7 fence_elapsed_ns=0 wait_elapsed_ns=0
present id=1412 class=synthetic result=0 submit_ns=378742104943750 desired_ns=378748327372516 present_call_ns=13791 submit_fence=0 present_fence=-7 present_wait=-7 fence_elapsed_ns=0 wait_elapsed_ns=0
present id=1413 class=synthetic result=0 submit_ns=378742114458750 desired_ns=378748344039182 present_call_ns=6583 submit_fence=0 present_fence=-7 present_wait=-7 fence_elapsed_ns=0 wait_elapsed_ns=0
present id=1414 class=synthetic result=0 submit_ns=378742122731000 desired_ns=378748360705848 present_call_ns=9166 submit_fence=0 present_fence=-7 present_wait=-7 fence_elapsed_ns=0 wait_elapsed_ns=0
present id=1415 class=synthetic result=0 submit_ns=378742131102583 desired_ns=378748377372514 present_call_ns=8292 submit_fence=0 present_fence=-7 present_wait=-7 fence_elapsed_ns=0 wait_elapsed_ns=0
present id=1416 class=synthetic result=0 submit_ns=378742139386500 desired_ns=378748394039180 present_call_ns=7625 submit_fence=0 present_fence=-7 present_wait=-7 fence_elapsed_ns=0 wait_elapsed_ns=0
present id=1417 class=synthetic result=0 submit_ns=378742147636333 desired_ns=378748410705846 present_call_ns=8792 submit_fence=0 present_fence=-7 present_wait=-7 fence_elapsed_ns=0 wait_elapsed_ns=0
present id=1418 class=synthetic result=0 submit_ns=378742155955958 desired_ns=378748427372512 present_call_ns=8792 submit_fence=0 present_fence=-7 present_wait=-7 fence_elapsed_ns=0 wait_elapsed_ns=0
present id=1419 class=synthetic result=0 submit_ns=378742163652666 desired_ns=378748444039178 present_call_ns=40917 submit_fence=0 present_fence=-7 present_wait=-7 fence_elapsed_ns=0 wait_elapsed_ns=0
present id=1420 class=synthetic result=0 submit_ns=378742172735083 desired_ns=378748460705844 present_call_ns=21167 submit_fence=0 present_fence=-7 present_wait=-7 fence_elapsed_ns=0 wait_elapsed_ns=0
present id=1421 class=synthetic result=0 submit_ns=378742181175125 desired_ns=378748477372510 present_call_ns=14458 submit_fence=0 present_fence=-7 present_wait=-7 fence_elapsed_ns=0 wait_elapsed_ns=0
present id=1422 class=synthetic result=0 submit_ns=378742188440708 desired_ns=378748494039176 present_call_ns=17875 submit_fence=0 present_fence=-7 present_wait=-7 fence_elapsed_ns=0 wait_elapsed_ns=0
present id=1423 class=synthetic result=0 submit_ns=378742197052750 desired_ns=378748510705842 present_call_ns=21750 submit_fence=0 present_fence=-7 present_wait=-7 fence_elapsed_ns=0 wait_elapsed_ns=0
present id=1424 class=synthetic result=0 submit_ns=378742205581208 desired_ns=378748527372508 present_call_ns=23750 submit_fence=0 present_fence=-7 present_wait=-7 fence_elapsed_ns=0 wait_elapsed_ns=0
present id=1425 class=synthetic result=0 submit_ns=378742214070291 desired_ns=378748544039174 present_call_ns=20167 submit_fence=0 present_fence=-7 present_wait=-7 fence_elapsed_ns=0 wait_elapsed_ns=0
present id=1426 class=synthetic result=0 submit_ns=378742222634916 desired_ns=378748560705840 present_call_ns=15209 submit_fence=0 present_fence=-7 present_wait=-7 fence_elapsed_ns=0 wait_elapsed_ns=0
present id=1427 class=synthetic result=0 submit_ns=378742230019375 desired_ns=378748577372506 present_call_ns=15166 submit_fence=0 present_fence=-7 present_wait=-7 fence_elapsed_ns=0 wait_elapsed_ns=0
present id=1428 class=synthetic result=0 submit_ns=378742238500666 desired_ns=378748594039172 present_call_ns=10292 submit_fence=0 present_fence=-7 present_wait=-7 fence_elapsed_ns=0 wait_elapsed_ns=0
present id=1429 class=synthetic result=0 submit_ns=378742246943625 desired_ns=378748610705838 present_call_ns=16958 submit_fence=0 present_fence=-7 present_wait=-7 fence_elapsed_ns=0 wait_elapsed_ns=0
present id=1430 class=synthetic result=0 submit_ns=378742255473000 desired_ns=378748627372504 present_call_ns=12916 submit_fence=0 present_fence=-7 present_wait=-7 fence_elapsed_ns=0 wait_elapsed_ns=0
present id=1431 class=synthetic result=0 submit_ns=378742264058541 desired_ns=378748644039170 present_call_ns=17000 submit_fence=0 present_fence=-7 present_wait=-7 fence_elapsed_ns=0 wait_elapsed_ns=0
present id=1432 class=synthetic result=0 submit_ns=378742272553500 desired_ns=378748660705836 present_call_ns=11083 submit_fence=0 present_fence=-7 present_wait=-7 fence_elapsed_ns=0 wait_elapsed_ns=0
present id=1433 class=synthetic result=0 submit_ns=378742280860416 desired_ns=378748677372502 present_call_ns=10625 submit_fence=0 present_fence=-7 present_wait=-7 fence_elapsed_ns=0 wait_elapsed_ns=0
present id=1434 class=synthetic result=0 submit_ns=378742289314083 desired_ns=378748694039168 present_call_ns=9958 submit_fence=0 present_fence=-7 present_wait=-7 fence_elapsed_ns=0 wait_elapsed_ns=0
present id=1435 class=synthetic result=0 submit_ns=378742297705708 desired_ns=378748710705834 present_call_ns=11250 submit_fence=0 present_fence=-7 present_wait=-7 fence_elapsed_ns=0 wait_elapsed_ns=0
present id=1436 class=synthetic result=0 submit_ns=378742304945250 desired_ns=378748727372500 present_call_ns=8333 submit_fence=0 present_fence=-7 present_wait=-7 fence_elapsed_ns=0 wait_elapsed_ns=0
present id=1437 class=synthetic result=0 submit_ns=378742313276333 desired_ns=378748744039166 present_call_ns=25708 submit_fence=0 present_fence=-7 present_wait=-7 fence_elapsed_ns=0 wait_elapsed_ns=0
present id=1438 class=synthetic result=0 submit_ns=378742321676458 desired_ns=378748760705832 present_call_ns=17375 submit_fence=0 present_fence=-7 present_wait=-7 fence_elapsed_ns=0 wait_elapsed_ns=0
present id=1439 class=synthetic result=0 submit_ns=378742330266375 desired_ns=378748777372498 present_call_ns=17958 submit_fence=0 present_fence=-7 present_wait=-7 fence_elapsed_ns=0 wait_elapsed_ns=0
present id=1440 class=synthetic result=0 submit_ns=378742338681625 desired_ns=378748794039164 present_call_ns=18666 submit_fence=0 present_fence=-7 present_wait=-7 fence_elapsed_ns=0 wait_elapsed_ns=0
present id=1441 class=source result=0 submit_ns=378742347744791 desired_ns=378748810705830 present_call_ns=80917 submit_fence=0 present_fence=-7 present_wait=-7 fence_elapsed_ns=0 wait_elapsed_ns=0
present id=1442 class=source result=0 submit_ns=378742356285250 desired_ns=378748827372496 present_call_ns=52250 submit_fence=0 present_fence=-7 present_wait=-7 fence_elapsed_ns=0 wait_elapsed_ns=0
present id=1443 class=source result=0 submit_ns=378742364585666 desired_ns=378748844039162 present_call_ns=33917 submit_fence=0 present_fence=-7 present_wait=-7 fence_elapsed_ns=0 wait_elapsed_ns=0
present id=1444 class=source result=0 submit_ns=378742372650000 desired_ns=378748860705828 present_call_ns=39375 submit_fence=0 present_fence=-7 present_wait=-7 fence_elapsed_ns=0 wait_elapsed_ns=0
present id=1445 class=source result=0 submit_ns=378742380540875 desired_ns=378748877372494 present_call_ns=46416 submit_fence=0 present_fence=-7 present_wait=-7 fence_elapsed_ns=0 wait_elapsed_ns=0
present id=1446 class=source result=0 submit_ns=378742388538666 desired_ns=378748894039160 present_call_ns=24584 submit_fence=0 present_fence=-7 present_wait=-7 fence_elapsed_ns=0 wait_elapsed_ns=0
present id=1447 class=source result=0 submit_ns=378742398060375 desired_ns=378748910705826 present_call_ns=36291 submit_fence=0 present_fence=-7 present_wait=-7 fence_elapsed_ns=0 wait_elapsed_ns=0
present id=1448 class=source result=0 submit_ns=378742405156958 desired_ns=378748927372492 present_call_ns=27000 submit_fence=0 present_fence=-7 present_wait=-7 fence_elapsed_ns=0 wait_elapsed_ns=0
present id=1449 class=source result=0 submit_ns=378742413501750 desired_ns=378748944039158 present_call_ns=28708 submit_fence=0 present_fence=-7 present_wait=-7 fence_elapsed_ns=0 wait_elapsed_ns=0
present id=1450 class=source result=0 submit_ns=378742422800416 desired_ns=378748960705824 present_call_ns=109209 submit_fence=0 present_fence=-7 present_wait=-7 fence_elapsed_ns=0 wait_elapsed_ns=0
present id=1451 class=source result=0 submit_ns=378742431119875 desired_ns=378748977372490 present_call_ns=34250 submit_fence=0 present_fence=-7 present_wait=-7 fence_elapsed_ns=0 wait_elapsed_ns=0
present id=1452 class=source result=0 submit_ns=378742439395541 desired_ns=378748994039156 present_call_ns=33709 submit_fence=0 present_fence=-7 present_wait=-7 fence_elapsed_ns=0 wait_elapsed_ns=0
present id=1453 class=source result=0 submit_ns=378742447594541 desired_ns=378749010705822 present_call_ns=38584 submit_fence=0 present_fence=-7 present_wait=-7 fence_elapsed_ns=0 wait_elapsed_ns=0
present id=1454 class=source result=0 submit_ns=378742456623375 desired_ns=378749027372488 present_call_ns=37166 submit_fence=0 present_fence=-7 present_wait=-7 fence_elapsed_ns=0 wait_elapsed_ns=0
present id=1455 class=source result=0 submit_ns=378742464083916 desired_ns=378749044039154 present_call_ns=20792 submit_fence=0 present_fence=-7 present_wait=-7 fence_elapsed_ns=0 wait_elapsed_ns=0
present id=1456 class=source result=0 submit_ns=378742472190750 desired_ns=378749060705820 present_call_ns=37958 submit_fence=0 present_fence=-7 present_wait=-7 fence_elapsed_ns=0 wait_elapsed_ns=0
present id=1457 class=source result=0 submit_ns=378742481354166 desired_ns=378749077372486 present_call_ns=34084 submit_fence=0 present_fence=-7 present_wait=-7 fence_elapsed_ns=0 wait_elapsed_ns=0
present id=1458 class=source result=0 submit_ns=378742489272416 desired_ns=378749094039152 present_call_ns=25042 submit_fence=0 present_fence=-7 present_wait=-7 fence_elapsed_ns=0 wait_elapsed_ns=0
present id=1459 class=source result=0 submit_ns=378742497652791 desired_ns=378749110705818 present_call_ns=26209 submit_fence=0 present_fence=-7 present_wait=-7 fence_elapsed_ns=0 wait_elapsed_ns=0
present id=1460 class=source result=0 submit_ns=378742505967791 desired_ns=378749127372484 present_call_ns=32292 submit_fence=0 present_fence=-7 present_wait=-7 fence_elapsed_ns=0 wait_elapsed_ns=0
present id=1461 class=source result=0 submit_ns=378742514286125 desired_ns=378749144039150 present_call_ns=22958 submit_fence=0 present_fence=-7 present_wait=-7 fence_elapsed_ns=0 wait_elapsed_ns=0
present id=1462 class=source result=0 submit_ns=378742522062750 desired_ns=378749160705816 present_call_ns=31666 submit_fence=0 present_fence=-7 present_wait=-7 fence_elapsed_ns=0 wait_elapsed_ns=0
present id=1463 class=source result=0 submit_ns=378742531197416 desired_ns=378749177372482 present_call_ns=33250 submit_fence=0 present_fence=-7 present_wait=-7 fence_elapsed_ns=0 wait_elapsed_ns=0
present id=1464 class=source result=0 submit_ns=378742539437791 desired_ns=378749194039148 present_call_ns=34459 submit_fence=0 present_fence=-7 present_wait=-7 fence_elapsed_ns=0 wait_elapsed_ns=0
present id=1465 class=source result=0 submit_ns=378742546957750 desired_ns=378749210705814 present_call_ns=63333 submit_fence=0 present_fence=-7 present_wait=-7 fence_elapsed_ns=0 wait_elapsed_ns=0
present id=1466 class=source result=0 submit_ns=378742555572250 desired_ns=378749227372480 present_call_ns=11458 submit_fence=0 present_fence=-7 present_wait=-7 fence_elapsed_ns=0 wait_elapsed_ns=0
present id=1467 class=source result=0 submit_ns=378742564083625 desired_ns=378749244039146 present_call_ns=30666 submit_fence=0 present_fence=-7 present_wait=-7 fence_elapsed_ns=0 wait_elapsed_ns=0
present id=1468 class=source result=0 submit_ns=378742572432916 desired_ns=378749260705812 present_call_ns=15417 submit_fence=0 present_fence=-7 present_wait=-7 fence_elapsed_ns=0 wait_elapsed_ns=0
present id=1469 class=source result=0 submit_ns=378742580855875 desired_ns=378749277372478 present_call_ns=11791 submit_fence=0 present_fence=-7 present_wait=-7 fence_elapsed_ns=0 wait_elapsed_ns=0
present id=1470 class=source result=0 submit_ns=378742589599416 desired_ns=378749294039144 present_call_ns=61000 submit_fence=0 present_fence=-7 present_wait=-7 fence_elapsed_ns=0 wait_elapsed_ns=0
present id=1471 class=source result=0 submit_ns=378742597093875 desired_ns=378749310705810 present_call_ns=21166 submit_fence=0 present_fence=-7 present_wait=-7 fence_elapsed_ns=0 wait_elapsed_ns=0
present id=1472 class=source result=0 submit_ns=378742605933125 desired_ns=378749327372476 present_call_ns=32500 submit_fence=0 present_fence=-7 present_wait=-7 fence_elapsed_ns=0 wait_elapsed_ns=0
present id=1473 class=source result=0 submit_ns=378742614495250 desired_ns=378749344039142 present_call_ns=57000 submit_fence=0 present_fence=-7 present_wait=-7 fence_elapsed_ns=0 wait_elapsed_ns=0
present id=1474 class=source result=0 submit_ns=378742622700208 desired_ns=378749360705808 present_call_ns=22958 submit_fence=0 present_fence=-7 present_wait=-7 fence_elapsed_ns=0 wait_elapsed_ns=0
present id=1475 class=source result=0 submit_ns=378742631008708 desired_ns=378749377372474 present_call_ns=16583 submit_fence=0 present_fence=-7 present_wait=-7 fence_elapsed_ns=0 wait_elapsed_ns=0
present id=1476 class=source result=0 submit_ns=378742639073000 desired_ns=378749394039140 present_call_ns=13208 submit_fence=0 present_fence=-7 present_wait=-7 fence_elapsed_ns=0 wait_elapsed_ns=0
present id=1477 class=source result=0 submit_ns=378742647151291 desired_ns=378749410705806 present_call_ns=6125 submit_fence=0 present_fence=-7 present_wait=-7 fence_elapsed_ns=0 wait_elapsed_ns=0
present id=1478 class=source result=0 submit_ns=378742655272416 desired_ns=378749427372472 present_call_ns=4750 submit_fence=0 present_fence=-7 present_wait=-7 fence_elapsed_ns=0 wait_elapsed_ns=0
present id=1479 class=source result=0 submit_ns=378742663449875 desired_ns=378749444039138 present_call_ns=5958 submit_fence=0 present_fence=-7 present_wait=-7 fence_elapsed_ns=0 wait_elapsed_ns=0
present id=1480 class=source result=0 submit_ns=378742671567583 desired_ns=378749460705804 present_call_ns=4708 submit_fence=0 present_fence=-7 present_wait=-7 fence_elapsed_ns=0 wait_elapsed_ns=0
present id=1481 class=source result=0 submit_ns=378742680952458 desired_ns=378749477372470 present_call_ns=9792 submit_fence=0 present_fence=-7 present_wait=-7 fence_elapsed_ns=0 wait_elapsed_ns=0
present id=1482 class=source result=0 submit_ns=378742689055333 desired_ns=378749494039136 present_call_ns=5417 submit_fence=0 present_fence=-7 present_wait=-7 fence_elapsed_ns=0 wait_elapsed_ns=0
present id=1483 class=source result=0 submit_ns=378742697336791 desired_ns=378749510705802 present_call_ns=24584 submit_fence=0 present_fence=-7 present_wait=-7 fence_elapsed_ns=0 wait_elapsed_ns=0
present id=1484 class=source result=0 submit_ns=378742705651458 desired_ns=378749527372468 present_call_ns=21167 submit_fence=0 present_fence=-7 present_wait=-7 fence_elapsed_ns=0 wait_elapsed_ns=0
present id=1485 class=source result=0 submit_ns=378742713780625 desired_ns=378749544039134 present_call_ns=10875 submit_fence=0 present_fence=-7 present_wait=-7 fence_elapsed_ns=0 wait_elapsed_ns=0
present id=1486 class=source result=0 submit_ns=378742722104083 desired_ns=378749560705800 present_call_ns=19167 submit_fence=0 present_fence=-7 present_wait=-7 fence_elapsed_ns=0 wait_elapsed_ns=0
present id=1487 class=source result=0 submit_ns=378742730916583 desired_ns=378749577372466 present_call_ns=10417 submit_fence=0 present_fence=-7 present_wait=-7 fence_elapsed_ns=0 wait_elapsed_ns=0
present id=1488 class=source result=0 submit_ns=378742739085791 desired_ns=378749594039132 present_call_ns=5459 submit_fence=0 present_fence=-7 present_wait=-7 fence_elapsed_ns=0 wait_elapsed_ns=0
present id=1489 class=source result=0 submit_ns=378742747255333 desired_ns=378749610705798 present_call_ns=9375 submit_fence=0 present_fence=-7 present_wait=-7 fence_elapsed_ns=0 wait_elapsed_ns=0
present id=1490 class=source result=0 submit_ns=378742755437083 desired_ns=378749627372464 present_call_ns=6792 submit_fence=0 present_fence=-7 present_wait=-7 fence_elapsed_ns=0 wait_elapsed_ns=0
present id=1491 class=source result=0 submit_ns=378742763620916 desired_ns=378749644039130 present_call_ns=11542 submit_fence=0 present_fence=-7 present_wait=-7 fence_elapsed_ns=0 wait_elapsed_ns=0
present id=1492 class=source result=0 submit_ns=378742771773375 desired_ns=378749660705796 present_call_ns=7125 submit_fence=0 present_fence=-7 present_wait=-7 fence_elapsed_ns=0 wait_elapsed_ns=0
present id=1493 class=source result=0 submit_ns=378742779929250 desired_ns=378749677372462 present_call_ns=17583 submit_fence=0 present_fence=-7 present_wait=-7 fence_elapsed_ns=0 wait_elapsed_ns=0
present id=1494 class=source result=0 submit_ns=378742789340125 desired_ns=378749694039128 present_call_ns=8125 submit_fence=0 present_fence=-7 present_wait=-7 fence_elapsed_ns=0 wait_elapsed_ns=0
present id=1495 class=source result=0 submit_ns=378742797567875 desired_ns=378749710705794 present_call_ns=8708 submit_fence=0 present_fence=-7 present_wait=-7 fence_elapsed_ns=0 wait_elapsed_ns=0
present id=1496 class=source result=0 submit_ns=378742805706208 desired_ns=378749727372460 present_call_ns=9333 submit_fence=0 present_fence=-7 present_wait=-7 fence_elapsed_ns=0 wait_elapsed_ns=0
present id=1497 class=source result=0 submit_ns=378742813960291 desired_ns=378749744039126 present_call_ns=25542 submit_fence=0 present_fence=-7 present_wait=-7 fence_elapsed_ns=0 wait_elapsed_ns=0
present id=1498 class=source result=0 submit_ns=378742822559041 desired_ns=378749760705792 present_call_ns=21750 submit_fence=0 present_fence=-7 present_wait=-7 fence_elapsed_ns=0 wait_elapsed_ns=0
present id=1499 class=source result=0 submit_ns=378742831064375 desired_ns=378749777372458 present_call_ns=18625 submit_fence=0 present_fence=-7 present_wait=-7 fence_elapsed_ns=0 wait_elapsed_ns=0
present id=1500 class=source result=0 submit_ns=378742839750625 desired_ns=378749794039124 present_call_ns=49916 submit_fence=0 present_fence=-7 present_wait=-7 fence_elapsed_ns=0 wait_elapsed_ns=0
present id=1501 class=source result=0 submit_ns=378742847595041 desired_ns=378749810705790 present_call_ns=21042 submit_fence=0 present_fence=-7 present_wait=-7 fence_elapsed_ns=0 wait_elapsed_ns=0
present id=1502 class=source result=0 submit_ns=378742855886333 desired_ns=378749827372456 present_call_ns=14125 submit_fence=0 present_fence=-7 present_wait=-7 fence_elapsed_ns=0 wait_elapsed_ns=0
present id=1503 class=source result=0 submit_ns=378742864239916 desired_ns=378749844039122 present_call_ns=23167 submit_fence=0 present_fence=-7 present_wait=-7 fence_elapsed_ns=0 wait_elapsed_ns=0
present id=1504 class=source result=0 submit_ns=378742872644041 desired_ns=378749860705788 present_call_ns=21000 submit_fence=0 present_fence=-7 present_wait=-7 fence_elapsed_ns=0 wait_elapsed_ns=0
present id=1505 class=source result=0 submit_ns=378742881099958 desired_ns=378749877372454 present_call_ns=23875 submit_fence=0 present_fence=-7 present_wait=-7 fence_elapsed_ns=0 wait_elapsed_ns=0
present id=1506 class=source result=0 submit_ns=378742889415583 desired_ns=378749894039120 present_call_ns=7958 submit_fence=0 present_fence=-7 present_wait=-7 fence_elapsed_ns=0 wait_elapsed_ns=0
present id=1507 class=source result=0 submit_ns=378742897728583 desired_ns=378749910705786 present_call_ns=16125 submit_fence=0 present_fence=-7 present_wait=-7 fence_elapsed_ns=0 wait_elapsed_ns=0
present id=1508 class=source result=0 submit_ns=378742905977208 desired_ns=378749927372452 present_call_ns=5792 submit_fence=0 present_fence=-7 present_wait=-7 fence_elapsed_ns=0 wait_elapsed_ns=0
present id=1509 class=source result=0 submit_ns=378742914194250 desired_ns=378749944039118 present_call_ns=11333 submit_fence=0 present_fence=-7 present_wait=-7 fence_elapsed_ns=0 wait_elapsed_ns=0
present id=1510 class=source result=0 submit_ns=378742922407375 desired_ns=378749960705784 present_call_ns=8833 submit_fence=0 present_fence=-7 present_wait=-7 fence_elapsed_ns=0 wait_elapsed_ns=0
present id=1511 class=source result=0 submit_ns=378742930755541 desired_ns=378749977372450 present_call_ns=21042 submit_fence=0 present_fence=-7 present_wait=-7 fence_elapsed_ns=0 wait_elapsed_ns=0
present id=1512 class=source result=0 submit_ns=378742939095458 desired_ns=378749994039116 present_call_ns=18417 submit_fence=0 present_fence=-7 present_wait=-7 fence_elapsed_ns=0 wait_elapsed_ns=0
present id=1513 class=source result=0 submit_ns=378742947402458 desired_ns=378750010705782 present_call_ns=9292 submit_fence=0 present_fence=-7 present_wait=-7 fence_elapsed_ns=0 wait_elapsed_ns=0
present id=1514 class=source result=0 submit_ns=378742955610750 desired_ns=378750027372448 present_call_ns=5541 submit_fence=0 present_fence=-7 present_wait=-7 fence_elapsed_ns=0 wait_elapsed_ns=0
present id=1515 class=source result=0 submit_ns=378742963869708 desired_ns=378750044039114 present_call_ns=7000 submit_fence=0 present_fence=-7 present_wait=-7 fence_elapsed_ns=0 wait_elapsed_ns=0
present id=1516 class=source result=0 submit_ns=378742972050625 desired_ns=378750060705780 present_call_ns=4625 submit_fence=0 present_fence=-7 present_wait=-7 fence_elapsed_ns=0 wait_elapsed_ns=0
present id=1517 class=source result=0 submit_ns=378742980189791 desired_ns=378750077372446 present_call_ns=4959 submit_fence=0 present_fence=-7 present_wait=-7 fence_elapsed_ns=0 wait_elapsed_ns=0
present id=1518 class=source result=0 submit_ns=378742988450333 desired_ns=378750094039112 present_call_ns=13083 submit_fence=0 present_fence=-7 present_wait=-7 fence_elapsed_ns=0 wait_elapsed_ns=0
present id=1519 class=source result=0 submit_ns=378742996830916 desired_ns=378750110705778 present_call_ns=13875 submit_fence=0 present_fence=-7 present_wait=-7 fence_elapsed_ns=0 wait_elapsed_ns=0
present id=1520 class=source result=0 submit_ns=378743005175750 desired_ns=378750127372444 present_call_ns=6875 submit_fence=0 present_fence=-7 present_wait=-7 fence_elapsed_ns=0 wait_elapsed_ns=0
present id=1521 class=source result=0 submit_ns=378743013401583 desired_ns=378750144039110 present_call_ns=7750 submit_fence=0 present_fence=-7 present_wait=-7 fence_elapsed_ns=0 wait_elapsed_ns=0
present id=1522 class=source result=0 submit_ns=378743021800500 desired_ns=378750160705776 present_call_ns=6166 submit_fence=0 present_fence=-7 present_wait=-7 fence_elapsed_ns=0 wait_elapsed_ns=0
present id=1523 class=source result=0 submit_ns=378743030168166 desired_ns=378750177372442 present_call_ns=6959 submit_fence=0 present_fence=-7 present_wait=-7 fence_elapsed_ns=0 wait_elapsed_ns=0
present id=1524 class=source result=0 submit_ns=378743038426916 desired_ns=378750194039108 present_call_ns=6500 submit_fence=0 present_fence=-7 present_wait=-7 fence_elapsed_ns=0 wait_elapsed_ns=0
present id=1525 class=source result=0 submit_ns=378743046730000 desired_ns=378750210705774 present_call_ns=6458 submit_fence=0 present_fence=-7 present_wait=-7 fence_elapsed_ns=0 wait_elapsed_ns=0
present id=1526 class=source result=0 submit_ns=378743055032458 desired_ns=378750227372440 present_call_ns=5625 submit_fence=0 present_fence=-7 present_wait=-7 fence_elapsed_ns=0 wait_elapsed_ns=0
present id=1527 class=source result=0 submit_ns=378743063375750 desired_ns=378750244039106 present_call_ns=7208 submit_fence=0 present_fence=-7 present_wait=-7 fence_elapsed_ns=0 wait_elapsed_ns=0
present id=1528 class=source result=0 submit_ns=378743071855791 desired_ns=378750260705772 present_call_ns=9875 submit_fence=0 present_fence=-7 present_wait=-7 fence_elapsed_ns=0 wait_elapsed_ns=0
present id=1529 class=source result=0 submit_ns=378743080312583 desired_ns=378750277372438 present_call_ns=9583 submit_fence=0 present_fence=-7 present_wait=-7 fence_elapsed_ns=0 wait_elapsed_ns=0
present id=1530 class=source result=0 submit_ns=378743088722875 desired_ns=378750294039104 present_call_ns=19333 submit_fence=0 present_fence=-7 present_wait=-7 fence_elapsed_ns=0 wait_elapsed_ns=0
present id=1531 class=source result=0 submit_ns=378743097301291 desired_ns=378750310705770 present_call_ns=32042 submit_fence=0 present_fence=-7 present_wait=-7 fence_elapsed_ns=0 wait_elapsed_ns=0
present id=1532 class=source result=0 submit_ns=378743105780541 desired_ns=378750327372436 present_call_ns=9125 submit_fence=0 present_fence=-7 present_wait=-7 fence_elapsed_ns=0 wait_elapsed_ns=0
present id=1533 class=source result=0 submit_ns=378743114256166 desired_ns=378750344039102 present_call_ns=20709 submit_fence=0 present_fence=-7 present_wait=-7 fence_elapsed_ns=0 wait_elapsed_ns=0
present id=1534 class=source result=0 submit_ns=378743122722000 desired_ns=378750360705768 present_call_ns=21083 submit_fence=0 present_fence=-7 present_wait=-7 fence_elapsed_ns=0 wait_elapsed_ns=0
present id=1535 class=source result=0 submit_ns=378743130030208 desired_ns=378750377372434 present_call_ns=18125 submit_fence=0 present_fence=-7 present_wait=-7 fence_elapsed_ns=0 wait_elapsed_ns=0
present id=1536 class=source result=0 submit_ns=378743138585750 desired_ns=378750394039100 present_call_ns=23875 submit_fence=0 present_fence=-7 present_wait=-7 fence_elapsed_ns=0 wait_elapsed_ns=0
present id=1537 class=source result=0 submit_ns=378743147069708 desired_ns=378750410705766 present_call_ns=11750 submit_fence=0 present_fence=-7 present_wait=-7 fence_elapsed_ns=0 wait_elapsed_ns=0
present id=1538 class=source result=0 submit_ns=378743155651458 desired_ns=378750427372432 present_call_ns=52375 submit_fence=0 present_fence=-7 present_wait=-7 fence_elapsed_ns=0 wait_elapsed_ns=0
present id=1539 class=source result=0 submit_ns=378743163658083 desired_ns=378750444039098 present_call_ns=43417 submit_fence=0 present_fence=-7 present_wait=-7 fence_elapsed_ns=0 wait_elapsed_ns=0
present id=1540 class=source result=0 submit_ns=378743172453041 desired_ns=378750460705764 present_call_ns=34250 submit_fence=0 present_fence=-7 present_wait=-7 fence_elapsed_ns=0 wait_elapsed_ns=0
present id=1541 class=source result=0 submit_ns=378743180208916 desired_ns=378750477372430 present_call_ns=43084 submit_fence=0 present_fence=-7 present_wait=-7 fence_elapsed_ns=0 wait_elapsed_ns=0
present id=1542 class=source result=0 submit_ns=378743189091416 desired_ns=378750494039096 present_call_ns=29750 submit_fence=0 present_fence=-7 present_wait=-7 fence_elapsed_ns=0 wait_elapsed_ns=0
present id=1543 class=source result=0 submit_ns=378743196907958 desired_ns=378750510705762 present_call_ns=20042 submit_fence=0 present_fence=-7 present_wait=-7 fence_elapsed_ns=0 wait_elapsed_ns=0
present id=1544 class=source result=0 submit_ns=378743206331958 desired_ns=378750527372428 present_call_ns=55417 submit_fence=0 present_fence=-7 present_wait=-7 fence_elapsed_ns=0 wait_elapsed_ns=0
present id=1545 class=source result=0 submit_ns=378743214207666 desired_ns=378750544039094 present_call_ns=24750 submit_fence=0 present_fence=-7 present_wait=-7 fence_elapsed_ns=0 wait_elapsed_ns=0
present id=1546 class=source result=0 submit_ns=378743222034541 desired_ns=378750560705760 present_call_ns=27542 submit_fence=0 present_fence=-7 present_wait=-7 fence_elapsed_ns=0 wait_elapsed_ns=0
present id=1547 class=source result=0 submit_ns=378743231363416 desired_ns=378750577372426 present_call_ns=68917 submit_fence=0 present_fence=-7 present_wait=-7 fence_elapsed_ns=0 wait_elapsed_ns=0
present id=1548 class=source result=0 submit_ns=378743239055958 desired_ns=378750594039092 present_call_ns=30833 submit_fence=0 present_fence=-7 present_wait=-7 fence_elapsed_ns=0 wait_elapsed_ns=0
present id=1549 class=source result=0 submit_ns=378743247007208 desired_ns=378750610705758 present_call_ns=22667 submit_fence=0 present_fence=-7 present_wait=-7 fence_elapsed_ns=0 wait_elapsed_ns=0
present id=1550 class=source result=0 submit_ns=378743255158958 desired_ns=378750627372424 present_call_ns=21500 submit_fence=0 present_fence=-7 present_wait=-7 fence_elapsed_ns=0 wait_elapsed_ns=0
present id=1551 class=source result=0 submit_ns=378743264500291 desired_ns=378750644039090 present_call_ns=25875 submit_fence=0 present_fence=-7 present_wait=-7 fence_elapsed_ns=0 wait_elapsed_ns=0
present id=1552 class=source result=0 submit_ns=378743272413250 desired_ns=378750660705756 present_call_ns=47166 submit_fence=0 present_fence=-7 present_wait=-7 fence_elapsed_ns=0 wait_elapsed_ns=0
present id=1553 class=source result=0 submit_ns=378743280842916 desired_ns=378750677372422 present_call_ns=16959 submit_fence=0 present_fence=-7 present_wait=-7 fence_elapsed_ns=0 wait_elapsed_ns=0
present id=1554 class=source result=0 submit_ns=378743288564750 desired_ns=378750694039088 present_call_ns=36708 submit_fence=0 present_fence=-7 present_wait=-7 fence_elapsed_ns=0 wait_elapsed_ns=0
present id=1555 class=source result=0 submit_ns=378743297890000 desired_ns=378750710705754 present_call_ns=21041 submit_fence=0 present_fence=-7 present_wait=-7 fence_elapsed_ns=0 wait_elapsed_ns=0
present id=1556 class=source result=0 submit_ns=378743305927333 desired_ns=378750727372420 present_call_ns=26125 submit_fence=0 present_fence=-7 present_wait=-7 fence_elapsed_ns=0 wait_elapsed_ns=0
present id=1557 class=source result=0 submit_ns=378743314699875 desired_ns=378750744039086 present_call_ns=38250 submit_fence=0 present_fence=-7 present_wait=-7 fence_elapsed_ns=0 wait_elapsed_ns=0
present id=1558 class=source result=0 submit_ns=378743322190833 desired_ns=378750760705752 present_call_ns=20125 submit_fence=0 present_fence=-7 present_wait=-7 fence_elapsed_ns=0 wait_elapsed_ns=0
present id=1559 class=source result=0 submit_ns=378743330818458 desired_ns=378750777372418 present_call_ns=14042 submit_fence=0 present_fence=-7 present_wait=-7 fence_elapsed_ns=0 wait_elapsed_ns=0
present id=1560 class=source result=0 submit_ns=378743339367458 desired_ns=378750794039084 present_call_ns=9333 submit_fence=0 present_fence=-7 present_wait=-7 fence_elapsed_ns=0 wait_elapsed_ns=0
present id=1561 class=synthetic result=0 submit_ns=378743346664375 desired_ns=378750810705750 present_call_ns=21208 submit_fence=0 present_fence=-7 present_wait=-7 fence_elapsed_ns=0 wait_elapsed_ns=0
present id=1562 class=synthetic result=0 submit_ns=378743355199916 desired_ns=378750827372416 present_call_ns=9459 submit_fence=0 present_fence=-7 present_wait=-7 fence_elapsed_ns=0 wait_elapsed_ns=0
present id=1563 class=synthetic result=0 submit_ns=378743363816416 desired_ns=378750844039082 present_call_ns=16375 submit_fence=0 present_fence=-7 present_wait=-7 fence_elapsed_ns=0 wait_elapsed_ns=0
present id=1564 class=synthetic result=0 submit_ns=378743372291208 desired_ns=378750860705748 present_call_ns=8083 submit_fence=0 present_fence=-7 present_wait=-7 fence_elapsed_ns=0 wait_elapsed_ns=0
present id=1565 class=synthetic result=0 submit_ns=378743380822000 desired_ns=378750877372414 present_call_ns=15750 submit_fence=0 present_fence=-7 present_wait=-7 fence_elapsed_ns=0 wait_elapsed_ns=0
present id=1566 class=synthetic result=0 submit_ns=378743389264208 desired_ns=378750894039080 present_call_ns=8583 submit_fence=0 present_fence=-7 present_wait=-7 fence_elapsed_ns=0 wait_elapsed_ns=0
present id=1567 class=synthetic result=0 submit_ns=378743397760666 desired_ns=378750910705746 present_call_ns=15042 submit_fence=0 present_fence=-7 present_wait=-7 fence_elapsed_ns=0 wait_elapsed_ns=0
present id=1568 class=synthetic result=0 submit_ns=378743404981916 desired_ns=378750927372412 present_call_ns=8542 submit_fence=0 present_fence=-7 present_wait=-7 fence_elapsed_ns=0 wait_elapsed_ns=0
present id=1569 class=synthetic result=0 submit_ns=378743413321333 desired_ns=378750944039078 present_call_ns=14917 submit_fence=0 present_fence=-7 present_wait=-7 fence_elapsed_ns=0 wait_elapsed_ns=0
present id=1570 class=synthetic result=0 submit_ns=378743421807208 desired_ns=378750960705744 present_call_ns=14708 submit_fence=0 present_fence=-7 present_wait=-7 fence_elapsed_ns=0 wait_elapsed_ns=0
present id=1571 class=synthetic result=0 submit_ns=378743430363666 desired_ns=378750977372410 present_call_ns=10167 submit_fence=0 present_fence=-7 present_wait=-7 fence_elapsed_ns=0 wait_elapsed_ns=0
present id=1572 class=synthetic result=0 submit_ns=378743439250666 desired_ns=378750994039076 present_call_ns=19875 submit_fence=0 present_fence=-7 present_wait=-7 fence_elapsed_ns=0 wait_elapsed_ns=0
present id=1573 class=synthetic result=0 submit_ns=378743447407791 desired_ns=378751010705742 present_call_ns=19959 submit_fence=0 present_fence=-7 present_wait=-7 fence_elapsed_ns=0 wait_elapsed_ns=0
present id=1574 class=synthetic result=0 submit_ns=378743455951000 desired_ns=378751027372408 present_call_ns=6666 submit_fence=0 present_fence=-7 present_wait=-7 fence_elapsed_ns=0 wait_elapsed_ns=0
present id=1575 class=synthetic result=0 submit_ns=378743463270041 desired_ns=378751044039074 present_call_ns=9834 submit_fence=0 present_fence=-7 present_wait=-7 fence_elapsed_ns=0 wait_elapsed_ns=0
present id=1576 class=synthetic result=0 submit_ns=378743471806125 desired_ns=378751060705740 present_call_ns=20000 submit_fence=0 present_fence=-7 present_wait=-7 fence_elapsed_ns=0 wait_elapsed_ns=0
present id=1577 class=synthetic result=0 submit_ns=378743480068583 desired_ns=378751077372406 present_call_ns=17792 submit_fence=0 present_fence=-7 present_wait=-7 fence_elapsed_ns=0 wait_elapsed_ns=0
present id=1578 class=synthetic result=0 submit_ns=378743488527541 desired_ns=378751094039072 present_call_ns=13834 submit_fence=0 present_fence=-7 present_wait=-7 fence_elapsed_ns=0 wait_elapsed_ns=0
present id=1579 class=synthetic result=0 submit_ns=378743496744958 desired_ns=378751110705738 present_call_ns=12208 submit_fence=0 present_fence=-7 present_wait=-7 fence_elapsed_ns=0 wait_elapsed_ns=0
present id=1580 class=synthetic result=0 submit_ns=378743505185416 desired_ns=378751127372404 present_call_ns=5709 submit_fence=0 present_fence=-7 present_wait=-7 fence_elapsed_ns=0 wait_elapsed_ns=0
present id=1581 class=synthetic result=0 submit_ns=378743513425041 desired_ns=378751144039070 present_call_ns=6209 submit_fence=0 present_fence=-7 present_wait=-7 fence_elapsed_ns=0 wait_elapsed_ns=0
present id=1582 class=synthetic result=0 submit_ns=378743521884583 desired_ns=378751160705736 present_call_ns=7750 submit_fence=0 present_fence=-7 present_wait=-7 fence_elapsed_ns=0 wait_elapsed_ns=0
present id=1583 class=synthetic result=0 submit_ns=378743530360416 desired_ns=378751177372402 present_call_ns=11417 submit_fence=0 present_fence=-7 present_wait=-7 fence_elapsed_ns=0 wait_elapsed_ns=0
present id=1584 class=synthetic result=0 submit_ns=378743538909375 desired_ns=378751194039068 present_call_ns=25875 submit_fence=0 present_fence=-7 present_wait=-7 fence_elapsed_ns=0 wait_elapsed_ns=0
present id=1585 class=synthetic result=0 submit_ns=378743547306625 desired_ns=378751210705734 present_call_ns=7791 submit_fence=0 present_fence=-7 present_wait=-7 fence_elapsed_ns=0 wait_elapsed_ns=0
present id=1586 class=synthetic result=0 submit_ns=378743555676750 desired_ns=378751227372400 present_call_ns=6041 submit_fence=0 present_fence=-7 present_wait=-7 fence_elapsed_ns=0 wait_elapsed_ns=0
present id=1587 class=synthetic result=0 submit_ns=378743564080416 desired_ns=378751244039066 present_call_ns=11709 submit_fence=0 present_fence=-7 present_wait=-7 fence_elapsed_ns=0 wait_elapsed_ns=0
present id=1588 class=synthetic result=0 submit_ns=378743572494166 desired_ns=378751260705732 present_call_ns=7834 submit_fence=0 present_fence=-7 present_wait=-7 fence_elapsed_ns=0 wait_elapsed_ns=0
present id=1589 class=synthetic result=0 submit_ns=378743580896291 desired_ns=378751277372398 present_call_ns=10000 submit_fence=0 present_fence=-7 present_wait=-7 fence_elapsed_ns=0 wait_elapsed_ns=0
present id=1590 class=synthetic result=0 submit_ns=378743589285416 desired_ns=378751294039064 present_call_ns=10792 submit_fence=0 present_fence=-7 present_wait=-7 fence_elapsed_ns=0 wait_elapsed_ns=0
present id=1591 class=synthetic result=0 submit_ns=378743597783958 desired_ns=378751310705730 present_call_ns=20500 submit_fence=0 present_fence=-7 present_wait=-7 fence_elapsed_ns=0 wait_elapsed_ns=0
present id=1592 class=synthetic result=0 submit_ns=378743604977958 desired_ns=378751327372396 present_call_ns=11292 submit_fence=0 present_fence=-7 present_wait=-7 fence_elapsed_ns=0 wait_elapsed_ns=0
present id=1593 class=synthetic result=0 submit_ns=378743613248500 desired_ns=378751344039062 present_call_ns=27166 submit_fence=0 present_fence=-7 present_wait=-7 fence_elapsed_ns=0 wait_elapsed_ns=0
present id=1594 class=synthetic result=0 submit_ns=378743622243333 desired_ns=378751360705728 present_call_ns=44708 submit_fence=0 present_fence=-7 present_wait=-7 fence_elapsed_ns=0 wait_elapsed_ns=0
present id=1595 class=synthetic result=0 submit_ns=378743631377000 desired_ns=378751377372394 present_call_ns=36625 submit_fence=0 present_fence=-7 present_wait=-7 fence_elapsed_ns=0 wait_elapsed_ns=0
present id=1596 class=synthetic result=0 submit_ns=378743639176291 desired_ns=378751394039060 present_call_ns=25875 submit_fence=0 present_fence=-7 present_wait=-7 fence_elapsed_ns=0 wait_elapsed_ns=0
present id=1597 class=synthetic result=0 submit_ns=378743647313041 desired_ns=378751410705726 present_call_ns=32334 submit_fence=0 present_fence=-7 present_wait=-7 fence_elapsed_ns=0 wait_elapsed_ns=0
present id=1598 class=synthetic result=0 submit_ns=378743655292625 desired_ns=378751427372392 present_call_ns=27041 submit_fence=0 present_fence=-7 present_wait=-7 fence_elapsed_ns=0 wait_elapsed_ns=0
present id=1599 class=synthetic result=0 submit_ns=378743664251041 desired_ns=378751444039058 present_call_ns=16334 submit_fence=0 present_fence=-7 present_wait=-7 fence_elapsed_ns=0 wait_elapsed_ns=0
present id=1600 class=synthetic result=0 submit_ns=378743672983166 desired_ns=378751460705724 present_call_ns=38459 submit_fence=0 present_fence=-7 present_wait=-7 fence_elapsed_ns=0 wait_elapsed_ns=0
present id=1601 class=synthetic result=0 submit_ns=378743680965166 desired_ns=378751477372390 present_call_ns=44292 submit_fence=0 present_fence=-7 present_wait=-7 fence_elapsed_ns=0 wait_elapsed_ns=0
present id=1602 class=synthetic result=0 submit_ns=378743691049958 desired_ns=378751494039056 present_call_ns=40917 submit_fence=0 present_fence=-7 present_wait=-7 fence_elapsed_ns=0 wait_elapsed_ns=0
present id=1603 class=synthetic result=0 submit_ns=378743697575291 desired_ns=378751510705722 present_call_ns=28709 submit_fence=0 present_fence=-7 present_wait=-7 fence_elapsed_ns=0 wait_elapsed_ns=0
present id=1604 class=synthetic result=0 submit_ns=378743705427750 desired_ns=378751527372388 present_call_ns=68416 submit_fence=0 present_fence=-7 present_wait=-7 fence_elapsed_ns=0 wait_elapsed_ns=0
present id=1605 class=synthetic result=0 submit_ns=378743714359500 desired_ns=378751544039054 present_call_ns=41416 submit_fence=0 present_fence=-7 present_wait=-7 fence_elapsed_ns=0 wait_elapsed_ns=0
present id=1606 class=synthetic result=0 submit_ns=378743722122958 desired_ns=378751560705720 present_call_ns=42583 submit_fence=0 present_fence=-7 present_wait=-7 fence_elapsed_ns=0 wait_elapsed_ns=0
present id=1607 class=synthetic result=0 submit_ns=378743731103416 desired_ns=378751577372386 present_call_ns=27334 submit_fence=0 present_fence=-7 present_wait=-7 fence_elapsed_ns=0 wait_elapsed_ns=0
present id=1608 class=synthetic result=0 submit_ns=378743738927750 desired_ns=378751594039052 present_call_ns=39166 submit_fence=0 present_fence=-7 present_wait=-7 fence_elapsed_ns=0 wait_elapsed_ns=0
present id=1609 class=synthetic result=0 submit_ns=378743747702208 desired_ns=378751610705718 present_call_ns=24375 submit_fence=0 present_fence=-7 present_wait=-7 fence_elapsed_ns=0 wait_elapsed_ns=0
present id=1610 class=synthetic result=0 submit_ns=378743755537833 desired_ns=378751627372384 present_call_ns=23500 submit_fence=0 present_fence=-7 present_wait=-7 fence_elapsed_ns=0 wait_elapsed_ns=0
present id=1611 class=synthetic result=0 submit_ns=378743763507375 desired_ns=378751644039050 present_call_ns=21583 submit_fence=0 present_fence=-7 present_wait=-7 fence_elapsed_ns=0 wait_elapsed_ns=0
present id=1612 class=synthetic result=0 submit_ns=378743772776666 desired_ns=378751660705716 present_call_ns=25459 submit_fence=0 present_fence=-7 present_wait=-7 fence_elapsed_ns=0 wait_elapsed_ns=0
present id=1613 class=synthetic result=0 submit_ns=378743780932250 desired_ns=378751677372382 present_call_ns=26625 submit_fence=0 present_fence=-7 present_wait=-7 fence_elapsed_ns=0 wait_elapsed_ns=0
present id=1614 class=synthetic result=0 submit_ns=378743788724958 desired_ns=378751694039048 present_call_ns=22167 submit_fence=0 present_fence=-7 present_wait=-7 fence_elapsed_ns=0 wait_elapsed_ns=0
present id=1615 class=synthetic result=0 submit_ns=378743797756833 desired_ns=378751710705714 present_call_ns=21583 submit_fence=0 present_fence=-7 present_wait=-7 fence_elapsed_ns=0 wait_elapsed_ns=0
present id=1616 class=synthetic result=0 submit_ns=378743805759500 desired_ns=378751727372380 present_call_ns=21666 submit_fence=0 present_fence=-7 present_wait=-7 fence_elapsed_ns=0 wait_elapsed_ns=0
present id=1617 class=synthetic result=0 submit_ns=378743813734291 desired_ns=378751744039046 present_call_ns=25292 submit_fence=0 present_fence=-7 present_wait=-7 fence_elapsed_ns=0 wait_elapsed_ns=0
present id=1618 class=synthetic result=0 submit_ns=378743822678125 desired_ns=378751760705712 present_call_ns=17041 submit_fence=0 present_fence=-7 present_wait=-7 fence_elapsed_ns=0 wait_elapsed_ns=0
present id=1619 class=synthetic result=0 submit_ns=378743830884833 desired_ns=378751777372378 present_call_ns=12917 submit_fence=0 present_fence=-7 present_wait=-7 fence_elapsed_ns=0 wait_elapsed_ns=0
present id=1620 class=synthetic result=0 submit_ns=378743839437625 desired_ns=378751794039044 present_call_ns=59916 submit_fence=0 present_fence=-7 present_wait=-7 fence_elapsed_ns=0 wait_elapsed_ns=0
present id=1621 class=synthetic result=0 submit_ns=378743846927333 desired_ns=378751810705710 present_call_ns=18500 submit_fence=0 present_fence=-7 present_wait=-7 fence_elapsed_ns=0 wait_elapsed_ns=0
present id=1622 class=synthetic result=0 submit_ns=378743855522958 desired_ns=378751827372376 present_call_ns=52875 submit_fence=0 present_fence=-7 present_wait=-7 fence_elapsed_ns=0 wait_elapsed_ns=0
present id=1623 class=synthetic result=0 submit_ns=378743864630208 desired_ns=378751844039042 present_call_ns=41292 submit_fence=0 present_fence=-7 present_wait=-7 fence_elapsed_ns=0 wait_elapsed_ns=0
present id=1624 class=synthetic result=0 submit_ns=378743872844333 desired_ns=378751860705708 present_call_ns=30750 submit_fence=0 present_fence=-7 present_wait=-7 fence_elapsed_ns=0 wait_elapsed_ns=0
present id=1625 class=synthetic result=0 submit_ns=378743880795666 desired_ns=378751877372374 present_call_ns=30417 submit_fence=0 present_fence=-7 present_wait=-7 fence_elapsed_ns=0 wait_elapsed_ns=0
present id=1626 class=synthetic result=0 submit_ns=378743889337916 desired_ns=378751894039040 present_call_ns=59334 submit_fence=0 present_fence=-7 present_wait=-7 fence_elapsed_ns=0 wait_elapsed_ns=0
present id=1627 class=synthetic result=0 submit_ns=378743897523208 desired_ns=378751910705706 present_call_ns=18958 submit_fence=0 present_fence=-7 present_wait=-7 fence_elapsed_ns=0 wait_elapsed_ns=0
present id=1628 class=synthetic result=0 submit_ns=378743906424250 desired_ns=378751927372372 present_call_ns=92791 submit_fence=0 present_fence=-7 present_wait=-7 fence_elapsed_ns=0 wait_elapsed_ns=0
present id=1629 class=synthetic result=0 submit_ns=378743913881000 desired_ns=378751944039038 present_call_ns=16458 submit_fence=0 present_fence=-7 present_wait=-7 fence_elapsed_ns=0 wait_elapsed_ns=0
present id=1630 class=synthetic result=0 submit_ns=378743922603000 desired_ns=378751960705704 present_call_ns=32250 submit_fence=0 present_fence=-7 present_wait=-7 fence_elapsed_ns=0 wait_elapsed_ns=0
present id=1631 class=synthetic result=0 submit_ns=378743930947041 desired_ns=378751977372370 present_call_ns=14834 submit_fence=0 present_fence=-7 present_wait=-7 fence_elapsed_ns=0 wait_elapsed_ns=0
present id=1632 class=synthetic result=0 submit_ns=378743939483250 desired_ns=378751994039036 present_call_ns=14708 submit_fence=0 present_fence=-7 present_wait=-7 fence_elapsed_ns=0 wait_elapsed_ns=0
present id=1633 class=synthetic result=0 submit_ns=378743947270583 desired_ns=378752010705702 present_call_ns=34625 submit_fence=0 present_fence=-7 present_wait=-7 fence_elapsed_ns=0 wait_elapsed_ns=0
present id=1634 class=synthetic result=0 submit_ns=378743955845208 desired_ns=378752027372368 present_call_ns=19333 submit_fence=0 present_fence=-7 present_wait=-7 fence_elapsed_ns=0 wait_elapsed_ns=0
present id=1635 class=synthetic result=0 submit_ns=378743964464541 desired_ns=378752044039034 present_call_ns=15500 submit_fence=0 present_fence=-7 present_wait=-7 fence_elapsed_ns=0 wait_elapsed_ns=0
present id=1636 class=synthetic result=0 submit_ns=378743972754625 desired_ns=378752060705700 present_call_ns=18458 submit_fence=0 present_fence=-7 present_wait=-7 fence_elapsed_ns=0 wait_elapsed_ns=0
present id=1637 class=synthetic result=0 submit_ns=378743981209666 desired_ns=378752077372366 present_call_ns=52084 submit_fence=0 present_fence=-7 present_wait=-7 fence_elapsed_ns=0 wait_elapsed_ns=0
present id=1638 class=synthetic result=0 submit_ns=378743988820916 desired_ns=378752094039032 present_call_ns=69209 submit_fence=0 present_fence=-7 present_wait=-7 fence_elapsed_ns=0 wait_elapsed_ns=0
present id=1639 class=synthetic result=0 submit_ns=378743996755625 desired_ns=378752110705698 present_call_ns=31375 submit_fence=0 present_fence=-7 present_wait=-7 fence_elapsed_ns=0 wait_elapsed_ns=0
present id=1640 class=synthetic result=0 submit_ns=378744005960500 desired_ns=378752127372364 present_call_ns=74458 submit_fence=0 present_fence=-7 present_wait=-7 fence_elapsed_ns=0 wait_elapsed_ns=0
present id=1641 class=synthetic result=0 submit_ns=378744014186750 desired_ns=378752144039030 present_call_ns=40666 submit_fence=0 present_fence=-7 present_wait=-7 fence_elapsed_ns=0 wait_elapsed_ns=0
present id=1642 class=synthetic result=0 submit_ns=378744021901500 desired_ns=378752160705696 present_call_ns=86291 submit_fence=0 present_fence=-7 present_wait=-7 fence_elapsed_ns=0 wait_elapsed_ns=0
present id=1643 class=synthetic result=0 submit_ns=378744030994041 desired_ns=378752177372362 present_call_ns=36167 submit_fence=0 present_fence=-7 present_wait=-7 fence_elapsed_ns=0 wait_elapsed_ns=0
present id=1644 class=synthetic result=0 submit_ns=378744038750875 desired_ns=378752194039028 present_call_ns=28250 submit_fence=0 present_fence=-7 present_wait=-7 fence_elapsed_ns=0 wait_elapsed_ns=0
present id=1645 class=synthetic result=0 submit_ns=378744047461041 desired_ns=378752210705694 present_call_ns=29125 submit_fence=0 present_fence=-7 present_wait=-7 fence_elapsed_ns=0 wait_elapsed_ns=0
present id=1646 class=synthetic result=0 submit_ns=378744053122041 desired_ns=378752227372360 present_call_ns=27375 submit_fence=0 present_fence=-7 present_wait=-7 fence_elapsed_ns=0 wait_elapsed_ns=0
present id=1647 class=synthetic result=0 submit_ns=378744069302166 desired_ns=378752244039026 present_call_ns=49625 submit_fence=0 present_fence=-7 present_wait=-7 fence_elapsed_ns=0 wait_elapsed_ns=0
present id=1648 class=synthetic result=0 submit_ns=378744085652541 desired_ns=378752260705692 present_call_ns=51375 submit_fence=0 present_fence=-7 present_wait=-7 fence_elapsed_ns=0 wait_elapsed_ns=0
present id=1649 class=synthetic result=0 submit_ns=378744102656375 desired_ns=378752277372358 present_call_ns=21916 submit_fence=0 present_fence=-7 present_wait=-7 fence_elapsed_ns=0 wait_elapsed_ns=0
present id=1650 class=synthetic result=0 submit_ns=378744119427916 desired_ns=378752294039024 present_call_ns=46084 submit_fence=0 present_fence=-7 present_wait=-7 fence_elapsed_ns=0 wait_elapsed_ns=0
present id=1651 class=synthetic result=0 submit_ns=378744136571208 desired_ns=378752310705690 present_call_ns=68000 submit_fence=0 present_fence=-7 present_wait=-7 fence_elapsed_ns=0 wait_elapsed_ns=0
present id=1652 class=synthetic result=0 submit_ns=378744153051583 desired_ns=378752327372356 present_call_ns=68375 submit_fence=0 present_fence=-7 present_wait=-7 fence_elapsed_ns=0 wait_elapsed_ns=0
present id=1653 class=synthetic result=0 submit_ns=378744169796250 desired_ns=378752344039022 present_call_ns=49541 submit_fence=0 present_fence=-7 present_wait=-7 fence_elapsed_ns=0 wait_elapsed_ns=0
present id=1654 class=synthetic result=0 submit_ns=378744186448416 desired_ns=378752360705688 present_call_ns=49125 submit_fence=0 present_fence=-7 present_wait=-7 fence_elapsed_ns=0 wait_elapsed_ns=0
present id=1655 class=synthetic result=0 submit_ns=378744202974791 desired_ns=378752377372354 present_call_ns=41459 submit_fence=0 present_fence=-7 present_wait=-7 fence_elapsed_ns=0 wait_elapsed_ns=0
present id=1656 class=synthetic result=0 submit_ns=378744219779708 desired_ns=378752394039020 present_call_ns=48167 submit_fence=0 present_fence=-7 present_wait=-7 fence_elapsed_ns=0 wait_elapsed_ns=0
present id=1657 class=synthetic result=0 submit_ns=378744236447291 desired_ns=378752410705686 present_call_ns=64542 submit_fence=0 present_fence=-7 present_wait=-7 fence_elapsed_ns=0 wait_elapsed_ns=0
present id=1658 class=synthetic result=0 submit_ns=378744253064958 desired_ns=378752427372352 present_call_ns=61250 submit_fence=0 present_fence=-7 present_wait=-7 fence_elapsed_ns=0 wait_elapsed_ns=0
present id=1659 class=synthetic result=0 submit_ns=378744269605708 desired_ns=378752444039018 present_call_ns=56458 submit_fence=0 present_fence=-7 present_wait=-7 fence_elapsed_ns=0 wait_elapsed_ns=0
present id=1660 class=synthetic result=0 submit_ns=378744285851208 desired_ns=378752460705684 present_call_ns=74583 submit_fence=0 present_fence=-7 present_wait=-7 fence_elapsed_ns=0 wait_elapsed_ns=0
present id=1661 class=synthetic result=0 submit_ns=378744302760708 desired_ns=378752477372350 present_call_ns=158708 submit_fence=0 present_fence=-7 present_wait=-7 fence_elapsed_ns=0 wait_elapsed_ns=0
present id=1662 class=synthetic result=0 submit_ns=378744319124416 desired_ns=378752494039016 present_call_ns=47917 submit_fence=0 present_fence=-7 present_wait=-7 fence_elapsed_ns=0 wait_elapsed_ns=0
present id=1663 class=synthetic result=0 submit_ns=378744335850291 desired_ns=378752510705682 present_call_ns=60459 submit_fence=0 present_fence=-7 present_wait=-7 fence_elapsed_ns=0 wait_elapsed_ns=0
present id=1664 class=synthetic result=0 submit_ns=378744352519750 desired_ns=378752527372348 present_call_ns=53541 submit_fence=0 present_fence=-7 present_wait=-7 fence_elapsed_ns=0 wait_elapsed_ns=0
present id=1665 class=synthetic result=0 submit_ns=378744369233666 desired_ns=378752544039014 present_call_ns=94709 submit_fence=0 present_fence=-7 present_wait=-7 fence_elapsed_ns=0 wait_elapsed_ns=0
present id=1666 class=synthetic result=0 submit_ns=378744385892541 desired_ns=378752560705680 present_call_ns=48334 submit_fence=0 present_fence=-7 present_wait=-7 fence_elapsed_ns=0 wait_elapsed_ns=0
present id=1667 class=synthetic result=0 submit_ns=378744402596458 desired_ns=378752577372346 present_call_ns=70292 submit_fence=0 present_fence=-7 present_wait=-7 fence_elapsed_ns=0 wait_elapsed_ns=0
present id=1668 class=synthetic result=0 submit_ns=378744419231583 desired_ns=378752594039012 present_call_ns=62875 submit_fence=0 present_fence=-7 present_wait=-7 fence_elapsed_ns=0 wait_elapsed_ns=0
present id=1669 class=synthetic result=0 submit_ns=378744435833291 desired_ns=378752610705678 present_call_ns=27542 submit_fence=0 present_fence=-7 present_wait=-7 fence_elapsed_ns=0 wait_elapsed_ns=0
present id=1670 class=synthetic result=0 submit_ns=378744452128208 desired_ns=378752627372344 present_call_ns=12292 submit_fence=0 present_fence=-7 present_wait=-7 fence_elapsed_ns=0 wait_elapsed_ns=0
present id=1671 class=synthetic result=0 submit_ns=378744469366458 desired_ns=378752644039010 present_call_ns=65250 submit_fence=0 present_fence=-7 present_wait=-7 fence_elapsed_ns=0 wait_elapsed_ns=0
present id=1672 class=synthetic result=0 submit_ns=378744494662208 desired_ns=378752660705676 present_call_ns=1235458 submit_fence=0 present_fence=-7 present_wait=-7 fence_elapsed_ns=0 wait_elapsed_ns=0
present id=1673 class=synthetic result=0 submit_ns=378744502219291 desired_ns=378752677372342 present_call_ns=18417 submit_fence=0 present_fence=-7 present_wait=-7 fence_elapsed_ns=0 wait_elapsed_ns=0
present id=1674 class=synthetic result=0 submit_ns=378744518581291 desired_ns=378752694039008 present_call_ns=40542 submit_fence=0 present_fence=-7 present_wait=-7 fence_elapsed_ns=0 wait_elapsed_ns=0
present id=1675 class=synthetic result=0 submit_ns=378744535301833 desired_ns=378752710705674 present_call_ns=31417 submit_fence=0 present_fence=-7 present_wait=-7 fence_elapsed_ns=0 wait_elapsed_ns=0
present id=1676 class=synthetic result=0 submit_ns=378744552381458 desired_ns=378752727372340 present_call_ns=61083 submit_fence=0 present_fence=-7 present_wait=-7 fence_elapsed_ns=0 wait_elapsed_ns=0
present id=1677 class=synthetic result=0 submit_ns=378744568905125 desired_ns=378752744039006 present_call_ns=80375 submit_fence=0 present_fence=-7 present_wait=-7 fence_elapsed_ns=0 wait_elapsed_ns=0
present id=1678 class=synthetic result=0 submit_ns=378744585351500 desired_ns=378752760705672 present_call_ns=42125 submit_fence=0 present_fence=-7 present_wait=-7 fence_elapsed_ns=0 wait_elapsed_ns=0
present id=1679 class=synthetic result=0 submit_ns=378744602137083 desired_ns=378752777372338 present_call_ns=98833 submit_fence=0 present_fence=-7 present_wait=-7 fence_elapsed_ns=0 wait_elapsed_ns=0
present id=1680 class=synthetic result=0 submit_ns=378744619022791 desired_ns=378752794039004 present_call_ns=56667 submit_fence=0 present_fence=-7 present_wait=-7 fence_elapsed_ns=0 wait_elapsed_ns=0
present id=1681 class=source result=0 submit_ns=378744635580000 desired_ns=378752810705670 present_call_ns=44958 submit_fence=0 present_fence=-7 present_wait=-7 fence_elapsed_ns=0 wait_elapsed_ns=0
present id=1682 class=source result=0 submit_ns=378744652449833 desired_ns=378752827372336 present_call_ns=96292 submit_fence=0 present_fence=-7 present_wait=-7 fence_elapsed_ns=0 wait_elapsed_ns=0
present id=1683 class=source result=0 submit_ns=378744669383000 desired_ns=378752844039002 present_call_ns=54541 submit_fence=0 present_fence=-7 present_wait=-7 fence_elapsed_ns=0 wait_elapsed_ns=0
present id=1684 class=source result=0 submit_ns=378744685613583 desired_ns=378752860705668 present_call_ns=45333 submit_fence=0 present_fence=-7 present_wait=-7 fence_elapsed_ns=0 wait_elapsed_ns=0
present id=1685 class=source result=0 submit_ns=378744702635041 desired_ns=378752877372334 present_call_ns=121917 submit_fence=0 present_fence=-7 present_wait=-7 fence_elapsed_ns=0 wait_elapsed_ns=0
present id=1686 class=source result=0 submit_ns=378744719171583 desired_ns=378752894039000 present_call_ns=129208 submit_fence=0 present_fence=-7 present_wait=-7 fence_elapsed_ns=0 wait_elapsed_ns=0
present id=1687 class=source result=0 submit_ns=378744736285375 desired_ns=378752910705666 present_call_ns=60041 submit_fence=0 present_fence=-7 present_wait=-7 fence_elapsed_ns=0 wait_elapsed_ns=0
present id=1688 class=source result=0 submit_ns=378744752549250 desired_ns=378752927372332 present_call_ns=51375 submit_fence=0 present_fence=-7 present_wait=-7 fence_elapsed_ns=0 wait_elapsed_ns=0
present id=1689 class=source result=0 submit_ns=378744769173291 desired_ns=378752944038998 present_call_ns=60834 submit_fence=0 present_fence=-7 present_wait=-7 fence_elapsed_ns=0 wait_elapsed_ns=0
present id=1690 class=source result=0 submit_ns=378744785814791 desired_ns=378752960705664 present_call_ns=49125 submit_fence=0 present_fence=-7 present_wait=-7 fence_elapsed_ns=0 wait_elapsed_ns=0
present id=1691 class=source result=0 submit_ns=378744802611458 desired_ns=378752977372330 present_call_ns=58208 submit_fence=0 present_fence=-7 present_wait=-7 fence_elapsed_ns=0 wait_elapsed_ns=0
present id=1692 class=source result=0 submit_ns=378744819243500 desired_ns=378752994038996 present_call_ns=54208 submit_fence=0 present_fence=-7 present_wait=-7 fence_elapsed_ns=0 wait_elapsed_ns=0
present id=1693 class=source result=0 submit_ns=378744835846000 desired_ns=378753010705662 present_call_ns=62000 submit_fence=0 present_fence=-7 present_wait=-7 fence_elapsed_ns=0 wait_elapsed_ns=0
present id=1694 class=source result=0 submit_ns=378744852487333 desired_ns=378753027372328 present_call_ns=48500 submit_fence=0 present_fence=-7 present_wait=-7 fence_elapsed_ns=0 wait_elapsed_ns=0
present id=1695 class=source result=0 submit_ns=378744869184458 desired_ns=378753044038994 present_call_ns=61500 submit_fence=0 present_fence=-7 present_wait=-7 fence_elapsed_ns=0 wait_elapsed_ns=0
present id=1696 class=source result=0 submit_ns=378744887582541 desired_ns=378753060705660 present_call_ns=35875 submit_fence=0 present_fence=-7 present_wait=-7 fence_elapsed_ns=0 wait_elapsed_ns=0
present id=1697 class=source result=0 submit_ns=378744902561166 desired_ns=378753077372326 present_call_ns=73542 submit_fence=0 present_fence=-7 present_wait=-7 fence_elapsed_ns=0 wait_elapsed_ns=0
present id=1698 class=source result=0 submit_ns=378744919237708 desired_ns=378753094038992 present_call_ns=61417 submit_fence=0 present_fence=-7 present_wait=-7 fence_elapsed_ns=0 wait_elapsed_ns=0
present id=1699 class=source result=0 submit_ns=378744936265416 desired_ns=378753110705658 present_call_ns=64875 submit_fence=0 present_fence=-7 present_wait=-7 fence_elapsed_ns=0 wait_elapsed_ns=0
present id=1700 class=source result=0 submit_ns=378744952985000 desired_ns=378753127372324 present_call_ns=84125 submit_fence=0 present_fence=-7 present_wait=-7 fence_elapsed_ns=0 wait_elapsed_ns=0
present id=1701 class=source result=0 submit_ns=378744970153875 desired_ns=378753144038990 present_call_ns=67083 submit_fence=0 present_fence=-7 present_wait=-7 fence_elapsed_ns=0 wait_elapsed_ns=0
present id=1702 class=source result=0 submit_ns=378744987474125 desired_ns=378753160705656 present_call_ns=118958 submit_fence=0 present_fence=-7 present_wait=-7 fence_elapsed_ns=0 wait_elapsed_ns=0
present id=1703 class=source result=0 submit_ns=378745003183708 desired_ns=378753177372322 present_call_ns=56500 submit_fence=0 present_fence=-7 present_wait=-7 fence_elapsed_ns=0 wait_elapsed_ns=0
present id=1704 class=source result=0 submit_ns=378745019652875 desired_ns=378753194038988 present_call_ns=72750 submit_fence=0 present_fence=-7 present_wait=-7 fence_elapsed_ns=0 wait_elapsed_ns=0
present id=1705 class=source result=0 submit_ns=378745458494333 desired_ns=378753210705654 present_call_ns=74500 submit_fence=0 present_fence=-7 present_wait=-7 fence_elapsed_ns=0 wait_elapsed_ns=0
present id=1706 class=source result=0 submit_ns=378745461695958 desired_ns=378753227372320 present_call_ns=39375 submit_fence=0 present_fence=-7 present_wait=-7 fence_elapsed_ns=0 wait_elapsed_ns=0
present id=1707 class=source result=0 submit_ns=378745470760916 desired_ns=378753244038986 present_call_ns=26792 submit_fence=0 present_fence=-7 present_wait=-7 fence_elapsed_ns=0 wait_elapsed_ns=0
present id=1708 class=source result=0 submit_ns=378745478134833 desired_ns=378753260705652 present_call_ns=31667 submit_fence=0 present_fence=-7 present_wait=-7 fence_elapsed_ns=0 wait_elapsed_ns=0
present id=1709 class=source result=0 submit_ns=378745486628791 desired_ns=378753277372318 present_call_ns=17500 submit_fence=0 present_fence=-7 present_wait=-7 fence_elapsed_ns=0 wait_elapsed_ns=0
present id=1710 class=source result=0 submit_ns=378745494958458 desired_ns=378753294038984 present_call_ns=17000 submit_fence=0 present_fence=-7 present_wait=-7 fence_elapsed_ns=0 wait_elapsed_ns=0
present id=1711 class=source result=0 submit_ns=378745503776208 desired_ns=378753310705650 present_call_ns=30708 submit_fence=0 present_fence=-7 present_wait=-7 fence_elapsed_ns=0 wait_elapsed_ns=0
present id=1712 class=source result=0 submit_ns=378745512273875 desired_ns=378753327372316 present_call_ns=22083 submit_fence=0 present_fence=-7 present_wait=-7 fence_elapsed_ns=0 wait_elapsed_ns=0
present id=1713 class=source result=0 submit_ns=378745520753541 desired_ns=378753344038982 present_call_ns=27875 submit_fence=0 present_fence=-7 present_wait=-7 fence_elapsed_ns=0 wait_elapsed_ns=0
present id=1714 class=source result=0 submit_ns=378745529337750 desired_ns=378753360705648 present_call_ns=46375 submit_fence=0 present_fence=-7 present_wait=-7 fence_elapsed_ns=0 wait_elapsed_ns=0
present id=1715 class=source result=0 submit_ns=378745537438208 desired_ns=378753377372314 present_call_ns=23625 submit_fence=0 present_fence=-7 present_wait=-7 fence_elapsed_ns=0 wait_elapsed_ns=0
present id=1716 class=source result=0 submit_ns=378745545781333 desired_ns=378753394038980 present_call_ns=17625 submit_fence=0 present_fence=-7 present_wait=-7 fence_elapsed_ns=0 wait_elapsed_ns=0
present id=1717 class=source result=0 submit_ns=378745554184333 desired_ns=378753410705646 present_call_ns=37750 submit_fence=0 present_fence=-7 present_wait=-7 fence_elapsed_ns=0 wait_elapsed_ns=0
present id=1718 class=source result=0 submit_ns=378745562656666 desired_ns=378753427372312 present_call_ns=39375 submit_fence=0 present_fence=-7 present_wait=-7 fence_elapsed_ns=0 wait_elapsed_ns=0
present id=1719 class=source result=0 submit_ns=378745570057375 desired_ns=378753444038978 present_call_ns=58500 submit_fence=0 present_fence=-7 present_wait=-7 fence_elapsed_ns=0 wait_elapsed_ns=0
present id=1720 class=source result=0 submit_ns=378745578457916 desired_ns=378753460705644 present_call_ns=19709 submit_fence=0 present_fence=-7 present_wait=-7 fence_elapsed_ns=0 wait_elapsed_ns=0
present id=1721 class=source result=0 submit_ns=378745586997416 desired_ns=378753477372310 present_call_ns=19125 submit_fence=0 present_fence=-7 present_wait=-7 fence_elapsed_ns=0 wait_elapsed_ns=0
present id=1722 class=source result=0 submit_ns=378745595732958 desired_ns=378753494038976 present_call_ns=32792 submit_fence=0 present_fence=-7 present_wait=-7 fence_elapsed_ns=0 wait_elapsed_ns=0
present id=1723 class=source result=0 submit_ns=378745603160166 desired_ns=378753510705642 present_call_ns=27667 submit_fence=0 present_fence=-7 present_wait=-7 fence_elapsed_ns=0 wait_elapsed_ns=0
present id=1724 class=source result=0 submit_ns=378745611903791 desired_ns=378753527372308 present_call_ns=46042 submit_fence=0 present_fence=-7 present_wait=-7 fence_elapsed_ns=0 wait_elapsed_ns=0
present id=1725 class=source result=0 submit_ns=378745620658208 desired_ns=378753544038974 present_call_ns=29000 submit_fence=0 present_fence=-7 present_wait=-7 fence_elapsed_ns=0 wait_elapsed_ns=0
present id=1726 class=source result=0 submit_ns=378745628069708 desired_ns=378753560705640 present_call_ns=64583 submit_fence=0 present_fence=-7 present_wait=-7 fence_elapsed_ns=0 wait_elapsed_ns=0
present id=1727 class=source result=0 submit_ns=378745636871250 desired_ns=378753577372306 present_call_ns=100583 submit_fence=0 present_fence=-7 present_wait=-7 fence_elapsed_ns=0 wait_elapsed_ns=0
present id=1728 class=source result=0 submit_ns=378745644854000 desired_ns=378753594038972 present_call_ns=39125 submit_fence=0 present_fence=-7 present_wait=-7 fence_elapsed_ns=0 wait_elapsed_ns=0
present id=1729 class=source result=0 submit_ns=378745653626000 desired_ns=378753610705638 present_call_ns=68750 submit_fence=0 present_fence=-7 present_wait=-7 fence_elapsed_ns=0 wait_elapsed_ns=0
present id=1730 class=source result=0 submit_ns=378745662478458 desired_ns=378753627372304 present_call_ns=32167 submit_fence=0 present_fence=-7 present_wait=-7 fence_elapsed_ns=0 wait_elapsed_ns=0
present id=1731 class=source result=0 submit_ns=378745670173166 desired_ns=378753644038970 present_call_ns=33750 submit_fence=0 present_fence=-7 present_wait=-7 fence_elapsed_ns=0 wait_elapsed_ns=0
present id=1732 class=source result=0 submit_ns=378745678538333 desired_ns=378753660705636 present_call_ns=29708 submit_fence=0 present_fence=-7 present_wait=-7 fence_elapsed_ns=0 wait_elapsed_ns=0
present id=1733 class=source result=0 submit_ns=378745686496833 desired_ns=378753677372302 present_call_ns=30292 submit_fence=0 present_fence=-7 present_wait=-7 fence_elapsed_ns=0 wait_elapsed_ns=0
present id=1734 class=source result=0 submit_ns=378745694787041 desired_ns=378753694038968 present_call_ns=27167 submit_fence=0 present_fence=-7 present_wait=-7 fence_elapsed_ns=0 wait_elapsed_ns=0
present id=1735 class=source result=0 submit_ns=378745704402958 desired_ns=378753710705634 present_call_ns=213333 submit_fence=0 present_fence=-7 present_wait=-7 fence_elapsed_ns=0 wait_elapsed_ns=0
present id=1736 class=source result=0 submit_ns=378745712385125 desired_ns=378753727372300 present_call_ns=41375 submit_fence=0 present_fence=-7 present_wait=-7 fence_elapsed_ns=0 wait_elapsed_ns=0
present id=1737 class=source result=0 submit_ns=378745720964958 desired_ns=378753744038966 present_call_ns=33500 submit_fence=0 present_fence=-7 present_wait=-7 fence_elapsed_ns=0 wait_elapsed_ns=0
present id=1738 class=source result=0 submit_ns=378745729093333 desired_ns=378753760705632 present_call_ns=20333 submit_fence=0 present_fence=-7 present_wait=-7 fence_elapsed_ns=0 wait_elapsed_ns=0
present id=1739 class=source result=0 submit_ns=378745737043083 desired_ns=378753777372298 present_call_ns=20167 submit_fence=0 present_fence=-7 present_wait=-7 fence_elapsed_ns=0 wait_elapsed_ns=0
present id=1740 class=source result=0 submit_ns=378745745193458 desired_ns=378753794038964 present_call_ns=31083 submit_fence=0 present_fence=-7 present_wait=-7 fence_elapsed_ns=0 wait_elapsed_ns=0
present id=1741 class=source result=0 submit_ns=378745753156125 desired_ns=378753810705630 present_call_ns=106541 submit_fence=0 present_fence=-7 present_wait=-7 fence_elapsed_ns=0 wait_elapsed_ns=0
present id=1742 class=source result=0 submit_ns=378745761704500 desired_ns=378753827372296 present_call_ns=41416 submit_fence=0 present_fence=-7 present_wait=-7 fence_elapsed_ns=0 wait_elapsed_ns=0
present id=1743 class=source result=0 submit_ns=378745770445166 desired_ns=378753844038962 present_call_ns=334417 submit_fence=0 present_fence=-7 present_wait=-7 fence_elapsed_ns=0 wait_elapsed_ns=0
present id=1744 class=source result=0 submit_ns=378745778916833 desired_ns=378753860705628 present_call_ns=30750 submit_fence=0 present_fence=-7 present_wait=-7 fence_elapsed_ns=0 wait_elapsed_ns=0
present id=1745 class=source result=0 submit_ns=378745786882833 desired_ns=378753877372294 present_call_ns=28583 submit_fence=0 present_fence=-7 present_wait=-7 fence_elapsed_ns=0 wait_elapsed_ns=0
present id=1746 class=source result=0 submit_ns=378745795203250 desired_ns=378753894038960 present_call_ns=39958 submit_fence=0 present_fence=-7 present_wait=-7 fence_elapsed_ns=0 wait_elapsed_ns=0
present id=1747 class=source result=0 submit_ns=378745803418000 desired_ns=378753910705626 present_call_ns=32375 submit_fence=0 present_fence=-7 present_wait=-7 fence_elapsed_ns=0 wait_elapsed_ns=0
present id=1748 class=source result=0 submit_ns=378745811998166 desired_ns=378753927372292 present_call_ns=29167 submit_fence=0 present_fence=-7 present_wait=-7 fence_elapsed_ns=0 wait_elapsed_ns=0
present id=1749 class=source result=0 submit_ns=378745820032708 desired_ns=378753944038958 present_call_ns=29167 submit_fence=0 present_fence=-7 present_wait=-7 fence_elapsed_ns=0 wait_elapsed_ns=0
present id=1750 class=source result=0 submit_ns=378745828744625 desired_ns=378753960705624 present_call_ns=229541 submit_fence=0 present_fence=-7 present_wait=-7 fence_elapsed_ns=0 wait_elapsed_ns=0
present id=1751 class=source result=0 submit_ns=378745836791250 desired_ns=378753977372290 present_call_ns=18875 submit_fence=0 present_fence=-7 present_wait=-7 fence_elapsed_ns=0 wait_elapsed_ns=0
present id=1752 class=source result=0 submit_ns=378745844973916 desired_ns=378753994038956 present_call_ns=28500 submit_fence=0 present_fence=-7 present_wait=-7 fence_elapsed_ns=0 wait_elapsed_ns=0
present id=1753 class=source result=0 submit_ns=378745854231125 desired_ns=378754010705622 present_call_ns=31375 submit_fence=0 present_fence=-7 present_wait=-7 fence_elapsed_ns=0 wait_elapsed_ns=0
present id=1754 class=source result=0 submit_ns=378745862311458 desired_ns=378754027372288 present_call_ns=16708 submit_fence=0 present_fence=-7 present_wait=-7 fence_elapsed_ns=0 wait_elapsed_ns=0
present id=1755 class=source result=0 submit_ns=378745870387333 desired_ns=378754044038954 present_call_ns=28125 submit_fence=0 present_fence=-7 present_wait=-7 fence_elapsed_ns=0 wait_elapsed_ns=0
present id=1756 class=source result=0 submit_ns=378745878503458 desired_ns=378754060705620 present_call_ns=29750 submit_fence=0 present_fence=-7 present_wait=-7 fence_elapsed_ns=0 wait_elapsed_ns=0
present id=1757 class=source result=0 submit_ns=378745886899083 desired_ns=378754077372286 present_call_ns=30292 submit_fence=0 present_fence=-7 present_wait=-7 fence_elapsed_ns=0 wait_elapsed_ns=0
present id=1758 class=source result=0 submit_ns=378745894756708 desired_ns=378754094038952 present_call_ns=23708 submit_fence=0 present_fence=-7 present_wait=-7 fence_elapsed_ns=0 wait_elapsed_ns=0
present id=1759 class=source result=0 submit_ns=378745903285791 desired_ns=378754110705618 present_call_ns=22959 submit_fence=0 present_fence=-7 present_wait=-7 fence_elapsed_ns=0 wait_elapsed_ns=0
present id=1760 class=source result=0 submit_ns=378745911503416 desired_ns=378754127372284 present_call_ns=78042 submit_fence=0 present_fence=-7 present_wait=-7 fence_elapsed_ns=0 wait_elapsed_ns=0
present id=1761 class=source result=0 submit_ns=378745920790125 desired_ns=378754144038950 present_call_ns=28541 submit_fence=0 present_fence=-7 present_wait=-7 fence_elapsed_ns=0 wait_elapsed_ns=0
present id=1762 class=source result=0 submit_ns=378745928843333 desired_ns=378754160705616 present_call_ns=34250 submit_fence=0 present_fence=-7 present_wait=-7 fence_elapsed_ns=0 wait_elapsed_ns=0
present id=1763 class=source result=0 submit_ns=378745937373500 desired_ns=378754177372282 present_call_ns=30000 submit_fence=0 present_fence=-7 present_wait=-7 fence_elapsed_ns=0 wait_elapsed_ns=0
present id=1764 class=source result=0 submit_ns=378745945167666 desired_ns=378754194038948 present_call_ns=81292 submit_fence=0 present_fence=-7 present_wait=-7 fence_elapsed_ns=0 wait_elapsed_ns=0
present id=1765 class=source result=0 submit_ns=378745953116833 desired_ns=378754210705614 present_call_ns=80333 submit_fence=0 present_fence=-7 present_wait=-7 fence_elapsed_ns=0 wait_elapsed_ns=0
present id=1766 class=source result=0 submit_ns=378745962585166 desired_ns=378754227372280 present_call_ns=27584 submit_fence=0 present_fence=-7 present_wait=-7 fence_elapsed_ns=0 wait_elapsed_ns=0
present id=1767 class=source result=0 submit_ns=378745970683583 desired_ns=378754244038946 present_call_ns=32042 submit_fence=0 present_fence=-7 present_wait=-7 fence_elapsed_ns=0 wait_elapsed_ns=0
present id=1768 class=source result=0 submit_ns=378745978661500 desired_ns=378754260705612 present_call_ns=27291 submit_fence=0 present_fence=-7 present_wait=-7 fence_elapsed_ns=0 wait_elapsed_ns=0
present id=1769 class=source result=0 submit_ns=378745986726041 desired_ns=378754277372278 present_call_ns=29209 submit_fence=0 present_fence=-7 present_wait=-7 fence_elapsed_ns=0 wait_elapsed_ns=0
present id=1770 class=source result=0 submit_ns=378745994730958 desired_ns=378754294038944 present_call_ns=29083 submit_fence=0 present_fence=-7 present_wait=-7 fence_elapsed_ns=0 wait_elapsed_ns=0
present id=1771 class=source result=0 submit_ns=378746004068791 desired_ns=378754310705610 present_call_ns=41750 submit_fence=0 present_fence=-7 present_wait=-7 fence_elapsed_ns=0 wait_elapsed_ns=0
present id=1772 class=source result=0 submit_ns=378746011598958 desired_ns=378754327372276 present_call_ns=33083 submit_fence=0 present_fence=-7 present_wait=-7 fence_elapsed_ns=0 wait_elapsed_ns=0
present id=1773 class=source result=0 submit_ns=378746020775875 desired_ns=378754344038942 present_call_ns=28916 submit_fence=0 present_fence=-7 present_wait=-7 fence_elapsed_ns=0 wait_elapsed_ns=0
present id=1774 class=source result=0 submit_ns=378746028534000 desired_ns=378754360705608 present_call_ns=20291 submit_fence=0 present_fence=-7 present_wait=-7 fence_elapsed_ns=0 wait_elapsed_ns=0
present id=1775 class=source result=0 submit_ns=378746037351125 desired_ns=378754377372274 present_call_ns=24666 submit_fence=0 present_fence=-7 present_wait=-7 fence_elapsed_ns=0 wait_elapsed_ns=0
present id=1776 class=source result=0 submit_ns=378746045318791 desired_ns=378754394038940 present_call_ns=24584 submit_fence=0 present_fence=-7 present_wait=-7 fence_elapsed_ns=0 wait_elapsed_ns=0
present id=1777 class=source result=0 submit_ns=378746053497583 desired_ns=378754410705606 present_call_ns=26375 submit_fence=0 present_fence=-7 present_wait=-7 fence_elapsed_ns=0 wait_elapsed_ns=0
present id=1778 class=source result=0 submit_ns=378746061782708 desired_ns=378754427372272 present_call_ns=28500 submit_fence=0 present_fence=-7 present_wait=-7 fence_elapsed_ns=0 wait_elapsed_ns=0
present id=1779 class=source result=0 submit_ns=378746069921083 desired_ns=378754444038938 present_call_ns=33583 submit_fence=0 present_fence=-7 present_wait=-7 fence_elapsed_ns=0 wait_elapsed_ns=0
present id=1780 class=source result=0 submit_ns=378746078404000 desired_ns=378754460705604 present_call_ns=27958 submit_fence=0 present_fence=-7 present_wait=-7 fence_elapsed_ns=0 wait_elapsed_ns=0
present id=1781 class=source result=0 submit_ns=378746086811083 desired_ns=378754477372270 present_call_ns=27917 submit_fence=0 present_fence=-7 present_wait=-7 fence_elapsed_ns=0 wait_elapsed_ns=0
present id=1782 class=source result=0 submit_ns=378746095252583 desired_ns=378754494038936 present_call_ns=32875 submit_fence=0 present_fence=-7 present_wait=-7 fence_elapsed_ns=0 wait_elapsed_ns=0
present id=1783 class=source result=0 submit_ns=378746103439791 desired_ns=378754510705602 present_call_ns=37917 submit_fence=0 present_fence=-7 present_wait=-7 fence_elapsed_ns=0 wait_elapsed_ns=0
present id=1784 class=source result=0 submit_ns=378746111717708 desired_ns=378754527372268 present_call_ns=30625 submit_fence=0 present_fence=-7 present_wait=-7 fence_elapsed_ns=0 wait_elapsed_ns=0
present id=1785 class=source result=0 submit_ns=378746119789583 desired_ns=378754544038934 present_call_ns=28917 submit_fence=0 present_fence=-7 present_wait=-7 fence_elapsed_ns=0 wait_elapsed_ns=0
present id=1786 class=source result=0 submit_ns=378746129115208 desired_ns=378754560705600 present_call_ns=213750 submit_fence=0 present_fence=-7 present_wait=-7 fence_elapsed_ns=0 wait_elapsed_ns=0
present id=1787 class=source result=0 submit_ns=378746137257541 desired_ns=378754577372266 present_call_ns=94500 submit_fence=0 present_fence=-7 present_wait=-7 fence_elapsed_ns=0 wait_elapsed_ns=0
present id=1788 class=source result=0 submit_ns=378746145577583 desired_ns=378754594038932 present_call_ns=26292 submit_fence=0 present_fence=-7 present_wait=-7 fence_elapsed_ns=0 wait_elapsed_ns=0
present id=1789 class=source result=0 submit_ns=378746153472083 desired_ns=378754610705598 present_call_ns=28000 submit_fence=0 present_fence=-7 present_wait=-7 fence_elapsed_ns=0 wait_elapsed_ns=0
present id=1790 class=source result=0 submit_ns=378746161530166 desired_ns=378754627372264 present_call_ns=27125 submit_fence=0 present_fence=-7 present_wait=-7 fence_elapsed_ns=0 wait_elapsed_ns=0
present id=1791 class=source result=0 submit_ns=378746170897125 desired_ns=378754644038930 present_call_ns=66791 submit_fence=0 present_fence=-7 present_wait=-7 fence_elapsed_ns=0 wait_elapsed_ns=0
present id=1792 class=source result=0 submit_ns=378746179003250 desired_ns=378754660705596 present_call_ns=29416 submit_fence=0 present_fence=-7 present_wait=-7 fence_elapsed_ns=0 wait_elapsed_ns=0
present id=1793 class=source result=0 submit_ns=378746186938916 desired_ns=378754677372262 present_call_ns=28084 submit_fence=0 present_fence=-7 present_wait=-7 fence_elapsed_ns=0 wait_elapsed_ns=0
present id=1794 class=source result=0 submit_ns=378746194952166 desired_ns=378754694038928 present_call_ns=27459 submit_fence=0 present_fence=-7 present_wait=-7 fence_elapsed_ns=0 wait_elapsed_ns=0
present id=1795 class=source result=0 submit_ns=378746203572791 desired_ns=378754710705594 present_call_ns=21417 submit_fence=0 present_fence=-7 present_wait=-7 fence_elapsed_ns=0 wait_elapsed_ns=0
present id=1796 class=source result=0 submit_ns=378746212231166 desired_ns=378754727372260 present_call_ns=25334 submit_fence=0 present_fence=-7 present_wait=-7 fence_elapsed_ns=0 wait_elapsed_ns=0
present id=1797 class=source result=0 submit_ns=378746220146291 desired_ns=378754744038926 present_call_ns=27125 submit_fence=0 present_fence=-7 present_wait=-7 fence_elapsed_ns=0 wait_elapsed_ns=0
present id=1798 class=source result=0 submit_ns=378746228257041 desired_ns=378754760705592 present_call_ns=27959 submit_fence=0 present_fence=-7 present_wait=-7 fence_elapsed_ns=0 wait_elapsed_ns=0
present id=1799 class=source result=0 submit_ns=378746236782333 desired_ns=378754777372258 present_call_ns=29292 submit_fence=0 present_fence=-7 present_wait=-7 fence_elapsed_ns=0 wait_elapsed_ns=0
present id=1800 class=source result=0 submit_ns=378746245262625 desired_ns=378754794038924 present_call_ns=30625 submit_fence=0 present_fence=-7 present_wait=-7 fence_elapsed_ns=0 wait_elapsed_ns=0
summary attempted=1800 presented=1800 timing_result=0 actual_count=60 refresh_ns=16666666 avg_present_fence_ns=0 avg_present_wait_ns=0
actual id=1738 desired_ns=0 actual_ns=378745730206166 earliest_ns=378745730206166 margin_ns=629458 delta_ns=378745730206166
actual id=1739 desired_ns=0 actual_ns=378745738320625 earliest_ns=378745738320625 margin_ns=927459 delta_ns=378745738320625
actual id=1740 desired_ns=0 actual_ns=378745746212083 earliest_ns=378745746212083 margin_ns=567875 delta_ns=378745746212083
actual id=1741 desired_ns=0 actual_ns=378745754480833 earliest_ns=378745754480833 margin_ns=708417 delta_ns=378745754480833
actual id=1742 desired_ns=0 actual_ns=378745762832333 earliest_ns=378745762832333 margin_ns=616583 delta_ns=378745762832333
actual id=1743 desired_ns=0 actual_ns=378745771972958 earliest_ns=378745771972958 margin_ns=256542 delta_ns=378745771972958
actual id=1744 desired_ns=0 actual_ns=378745780016166 earliest_ns=378745780016166 margin_ns=634083 delta_ns=378745780016166
actual id=1745 desired_ns=0 actual_ns=378745788132166 earliest_ns=378745788132166 margin_ns=746083 delta_ns=378745788132166
actual id=1746 desired_ns=0 actual_ns=378745796329375 earliest_ns=378745796329375 margin_ns=566584 delta_ns=378745796329375
actual id=1747 desired_ns=0 actual_ns=378745805181916 earliest_ns=378745805181916 margin_ns=1058166 delta_ns=378745805181916
actual id=1748 desired_ns=0 actual_ns=378745813052833 earliest_ns=378745813052833 margin_ns=567042 delta_ns=378745813052833
actual id=1749 desired_ns=0 actual_ns=378745821114875 earliest_ns=378745821114875 margin_ns=609584 delta_ns=378745821114875
actual id=1750 desired_ns=0 actual_ns=378745829981583 earliest_ns=378745829981583 margin_ns=325083 delta_ns=378745829981583
actual id=1751 desired_ns=0 actual_ns=378745838087041 earliest_ns=378745838087041 margin_ns=903458 delta_ns=378745838087041
actual id=1752 desired_ns=0 actual_ns=378745845892750 earliest_ns=378745845892750 margin_ns=431375 delta_ns=378745845892750
actual id=1753 desired_ns=0 actual_ns=378745855362125 earliest_ns=378745855362125 margin_ns=637709 delta_ns=378745855362125
actual id=1754 desired_ns=0 actual_ns=378745863289500 earliest_ns=378745863289500 margin_ns=521584 delta_ns=378745863289500
actual id=1755 desired_ns=0 actual_ns=378745871649833 earliest_ns=378745871649833 margin_ns=304833 delta_ns=378745871649833
actual id=1756 desired_ns=0 actual_ns=378745879590125 earliest_ns=378745879590125 margin_ns=616875 delta_ns=378745879590125
actual id=1757 desired_ns=0 actual_ns=378745890336750 earliest_ns=378745890336750 margin_ns=593667 delta_ns=378745890336750
actual id=1758 desired_ns=0 actual_ns=378745896210208 earliest_ns=378745896210208 margin_ns=782875 delta_ns=378745896210208
actual id=1759 desired_ns=0 actual_ns=378745904645708 earliest_ns=378745904645708 margin_ns=883792 delta_ns=378745904645708
actual id=1760 desired_ns=0 actual_ns=378745912584875 earliest_ns=378745912584875 margin_ns=608709 delta_ns=378745912584875
actual id=1761 desired_ns=0 actual_ns=378745921928500 earliest_ns=378745921928500 margin_ns=664042 delta_ns=378745921928500
actual id=1762 desired_ns=0 actual_ns=378745930323916 earliest_ns=378745930323916 margin_ns=940875 delta_ns=378745930323916
actual id=1763 desired_ns=0 actual_ns=378745938270500 earliest_ns=378745938270500 margin_ns=237875 delta_ns=378745938270500
actual id=1764 desired_ns=0 actual_ns=378745946233125 earliest_ns=378745946233125 margin_ns=626084 delta_ns=378745946233125
actual id=1765 desired_ns=0 actual_ns=378745954207541 earliest_ns=378745954207541 margin_ns=656750 delta_ns=378745954207541
actual id=1766 desired_ns=0 actual_ns=378745963621750 earliest_ns=378745963621750 margin_ns=567500 delta_ns=378745963621750
actual id=1767 desired_ns=0 actual_ns=378745971721666 earliest_ns=378745971721666 margin_ns=256583 delta_ns=378745971721666
actual id=1768 desired_ns=0 actual_ns=378745979743458 earliest_ns=378745979743458 margin_ns=630042 delta_ns=378745979743458
actual id=1769 desired_ns=0 actual_ns=378745987838916 earliest_ns=378745987838916 margin_ns=635333 delta_ns=378745987838916
actual id=1770 desired_ns=0 actual_ns=378745995937666 earliest_ns=378745995937666 margin_ns=650041 delta_ns=378745995937666
actual id=1771 desired_ns=0 actual_ns=378746005748750 earliest_ns=378746005748750 margin_ns=418167 delta_ns=378746005748750
actual id=1772 desired_ns=0 actual_ns=378746012630083 earliest_ns=378746012630083 margin_ns=557333 delta_ns=378746012630083
actual id=1773 desired_ns=0 actual_ns=378746021892333 earliest_ns=378746021892333 margin_ns=637875 delta_ns=378746021892333
actual id=1774 desired_ns=0 actual_ns=378746029504291 earliest_ns=378746029504291 margin_ns=517333 delta_ns=378746029504291
actual id=1775 desired_ns=0 actual_ns=378746054907750 earliest_ns=378746054907750 margin_ns=16700209 delta_ns=378746054907750
actual id=1776 desired_ns=0 actual_ns=378746063094583 earliest_ns=378746063094583 margin_ns=17308750 delta_ns=378746063094583
actual id=1777 desired_ns=0 actual_ns=378746071655875 earliest_ns=378746071655875 margin_ns=17682250 delta_ns=378746071655875
actual id=1778 desired_ns=0 actual_ns=378746079779666 earliest_ns=378746079779666 margin_ns=17448958 delta_ns=378746079779666
actual id=1779 desired_ns=0 actual_ns=378746088400750 earliest_ns=378746088400750 margin_ns=17862167 delta_ns=378746088400750
actual id=1780 desired_ns=0 actual_ns=378746096656791 earliest_ns=378746096656791 margin_ns=17764208 delta_ns=378746096656791
actual id=1781 desired_ns=0 actual_ns=378746105119583 earliest_ns=378746105119583 margin_ns=17753500 delta_ns=378746105119583
actual id=1782 desired_ns=0 actual_ns=378746112947916 earliest_ns=378746112947916 margin_ns=16993375 delta_ns=378746112947916
actual id=1783 desired_ns=0 actual_ns=378746121005500 earliest_ns=378746121005500 margin_ns=16958334 delta_ns=378746121005500
actual id=1784 desired_ns=0 actual_ns=378746130469166 earliest_ns=378746130469166 margin_ns=18271583 delta_ns=378746130469166
actual id=1785 desired_ns=0 actual_ns=378746138775541 earliest_ns=378746138775541 margin_ns=18497625 delta_ns=378746138775541
actual id=1786 desired_ns=0 actual_ns=378746146744333 earliest_ns=378746146744333 margin_ns=17084917 delta_ns=378746146744333
actual id=1787 desired_ns=0 actual_ns=378746154817708 earliest_ns=378746154817708 margin_ns=17182833 delta_ns=378746154817708
actual id=1788 desired_ns=0 actual_ns=378746162832000 earliest_ns=378746162832000 margin_ns=16829125 delta_ns=378746162832000
actual id=1789 desired_ns=0 actual_ns=378746172397041 earliest_ns=378746172397041 margin_ns=18319333 delta_ns=378746172397041
actual id=1790 desired_ns=0 actual_ns=378746180157125 earliest_ns=378746180157125 margin_ns=18113334 delta_ns=378746180157125
actual id=1791 desired_ns=0 actual_ns=378746188382250 earliest_ns=378746188382250 margin_ns=16579292 delta_ns=378746188382250
actual id=1792 desired_ns=0 actual_ns=378746196638750 earliest_ns=378746196638750 margin_ns=17171292 delta_ns=378746196638750
actual id=1793 desired_ns=0 actual_ns=378746205416666 earliest_ns=378746205416666 margin_ns=18000333 delta_ns=378746205416666
actual id=1794 desired_ns=0 actual_ns=378746213398166 earliest_ns=378746213398166 margin_ns=17850375 delta_ns=378746213398166
actual id=1795 desired_ns=0 actual_ns=378746221454000 earliest_ns=378746221454000 margin_ns=16447125 delta_ns=378746221454000
actual id=1796 desired_ns=0 actual_ns=378746229850750 earliest_ns=378746229850750 margin_ns=17186042 delta_ns=378746229850750
actual id=1797 desired_ns=0 actual_ns=378746238465958 earliest_ns=378746238465958 margin_ns=17871083 delta_ns=378746238465958
elapsed_ns=21472660583
[mvk-info] Destroyed VkDevice on GPU Apple M3 with 6 Vulkan extensions enabled.
[mvk-info] Destroyed VkPhysicalDevice for GPU Apple M3 with 3 MB of GPU memory still allocated.
[mvk-info] Destroying VkInstance for Vulkan version 1.3.357 with 2 Vulkan extensions enabled.
