event,app_present_seq,elapsed_us,present_hr,requested_buffer_index,current_backbuffer_index_before,current_backbuffer_index_after,current_index_query_hr,buffer0_query_hr,color_id,static_texture_mode,window_visible,window_iconic,window_foreground
present,1,713330,0x00000000,0,0,0,0x00000000,0x00000000,0,0,1,0,1
present,2,725615,0x00000000,0,0,0,0x00000000,0x00000000,0,0,1,0,1
present,3,727852,0x00000000,0,0,0,0x00000000,0x00000000,0,0,1,0,1
present,4,729516,0x00000000,0,0,0,0x00000000,0x00000000,0,0,1,0,1
present,5,732708,0x00000000,0,0,0,0x00000000,0x00000000,0,0,1,0,1
present,6,734049,0x00000000,0,0,0,0x00000000,0x00000000,0,0,1,0,1
present,7,734625,0x00000000,0,0,0,0x00000000,0x00000000,0,0,1,0,1
present,8,750898,0x00000000,0,0,0,0x00000000,0x00000000,0,0,1,0,1
present,9,767445,0x00000000,0,0,0,0x00000000,0x00000000,0,0,1,0,1
present,10,783987,0x00000000,0,0,0,0x00000000,0x00000000,0,0,1,0,1
present,11,800710,0x00000000,0,0,0,0x00000000,0x00000000,0,0,1,0,1
present,12,817294,0x00000000,0,0,0,0x00000000,0x00000000,0,0,1,0,1
present,13,833925,0x00000000,0,0,0,0x00000000,0x00000000,0,0,1,0,1
present,14,850669,0x00000000,0,0,0,0x00000000,0x00000000,0,0,1,0,1
present,15,867469,0x00000000,0,0,0,0x00000000,0x00000000,0,0,1,0,1
present,16,884009,0x00000000,0,0,0,0x00000000,0x00000000,0,0,1,0,1
present,17,901114,0x00000000,0,0,0,0x00000000,0x00000000,0,0,1,0,1
present,18,917669,0x00000000,0,0,0,0x00000000,0x00000000,0,0,1,0,1
present,19,936300,0x00000000,0,0,0,0x00000000,0x00000000,0,0,1,0,1
present,20,953555,0x00000000,0,0,0,0x00000000,0x00000000,0,0,1,0,1
present,21,969879,0x00000000,0,0,0,0x00000000,0x00000000,0,0,1,0,1
present,22,986459,0x00000000,0,0,0,0x00000000,0x00000000,0,0,1,0,1
present,23,1003619,0x00000000,0,0,0,0x00000000,0x00000000,0,0,1,0,1
present,24,1022162,0x00000000,0,0,0,0x00000000,0x00000000,0,0,1,0,1
present,25,1037740,0x00000000,0,0,0,0x00000000,0x00000000,0,0,1,0,1
present,26,1054264,0x00000000,0,0,0,0x00000000,0x00000000,0,0,1,0,1
present,27,1073001,0x00000000,0,0,0,0x00000000,0x00000000,0,0,1,0,1
present,28,1087410,0x00000000,0,0,0,0x00000000,0x00000000,0,0,1,0,1
present,29,1103992,0x00000000,0,0,0,0x00000000,0x00000000,0,0,1,0,1
present,30,1121234,0x00000000,0,0,0,0x00000000,0x00000000,0,0,1,0,1
present,31,1138324,0x00000000,0,0,0,0x00000000,0x00000000,1,0,1,0,1
present,32,1153204,0x00000000,0,0,0,0x00000000,0x00000000,1,0,1,0,1
present,33,1169979,0x00000000,0,0,0,0x00000000,0x00000000,1,0,1,0,1
present,34,1186317,0x00000000,0,0,0,0x00000000,0x00000000,1,0,1,0,1
present,35,1204027,0x00000000,0,0,0,0x00000000,0x00000000,1,0,1,0,1
present,36,1220459,0x00000000,0,0,0,0x00000000,0x00000000,1,0,1,0,1
present,37,1238384,0x00000000,0,0,0,0x00000000,0x00000000,1,0,1,0,1
present,38,1255750,0x00000000,0,0,0,0x00000000,0x00000000,1,0,1,0,1
present,39,1268154,0x00000000,0,0,0,0x00000000,0x00000000,1,0,1,0,1
present,40,1306860,0x00000000,0,0,0,0x00000000,0x00000000,1,0,1,0,1
present,41,1337128,0x00000000,0,0,0,0x00000000,0x00000000,1,0,1,0,1
present,42,1370537,0x00000000,0,0,0,0x00000000,0x00000000,1,0,1,0,1
present,43,1403928,0x00000000,0,0,0,0x00000000,0x00000000,1,0,1,0,1
present,44,1437234,0x00000000,0,0,0,0x00000000,0x00000000,1,0,1,0,1
present,45,1470559,0x00000000,0,0,0,0x00000000,0x00000000,1,0,1,0,1
present,46,1504309,0x00000000,0,0,0,0x00000000,0x00000000,1,0,1,0,1
present,47,1537453,0x00000000,0,0,0,0x00000000,0x00000000,1,0,1,0,1
present,48,1570631,0x00000000,0,0,0,0x00000000,0x00000000,1,0,1,0,1
present,49,1603746,0x00000000,0,0,0,0x00000000,0x00000000,1,0,1,0,1
present,50,1634748,0x00000000,0,0,0,0x00000000,0x00000000,1,0,1,0,1
present,51,1669869,0x00000000,0,0,0,0x00000000,0x00000000,1,0,1,0,1
present,52,1702184,0x00000000,0,0,0,0x00000000,0x00000000,1,0,1,0,1
present,53,1737546,0x00000000,0,0,0,0x00000000,0x00000000,1,0,1,0,1
present,54,1770279,0x00000000,0,0,0,0x00000000,0x00000000,1,0,1,0,1
present,55,1807651,0x00000000,0,0,0,0x00000000,0x00000000,1,0,1,0,1
present,56,1837581,0x00000000,0,0,0,0x00000000,0x00000000,1,0,1,0,1
present,57,1870584,0x00000000,0,0,0,0x00000000,0x00000000,1,0,1,0,1
present,58,1903879,0x00000000,0,0,0,0x00000000,0x00000000,1,0,1,0,1
present,59,1937787,0x00000000,0,0,0,0x00000000,0x00000000,1,0,1,0,1
present,60,1966869,0x00000000,0,0,0,0x00000000,0x00000000,1,0,1,0,1
present,61,2004702,0x00000000,0,0,0,0x00000000,0x00000000,2,0,1,0,1
present,62,2037618,0x00000000,0,0,0,0x00000000,0x00000000,2,0,1,0,1
present,63,2071368,0x00000000,0,0,0,0x00000000,0x00000000,2,0,1,0,1
present,64,2100495,0x00000000,0,0,0,0x00000000,0x00000000,2,0,1,0,1
present,65,2137582,0x00000000,0,0,0,0x00000000,0x00000000,2,0,1,0,1
present,66,2167197,0x00000000,0,0,0,0x00000000,0x00000000,2,0,1,0,1
present,67,2202203,0x00000000,0,0,0,0x00000000,0x00000000,2,0,1,0,1
present,68,2242656,0x00000000,0,0,0,0x00000000,0x00000000,2,0,1,0,1
present,69,2270530,0x00000000,0,0,0,0x00000000,0x00000000,2,0,1,0,1
present,70,2302885,0x00000000,0,0,0,0x00000000,0x00000000,2,0,1,0,1
present,71,2337076,0x00000000,0,0,0,0x00000000,0x00000000,2,0,1,0,1
present,72,2370292,0x00000000,0,0,0,0x00000000,0x00000000,2,0,1,0,1
present,73,2403825,0x00000000,0,0,0,0x00000000,0x00000000,2,0,1,0,1
present,74,2437614,0x00000000,0,0,0,0x00000000,0x00000000,2,0,1,0,1
present,75,2468311,0x00000000,0,0,0,0x00000000,0x00000000,2,0,1,0,1
present,76,2500897,0x00000000,0,0,0,0x00000000,0x00000000,2,0,1,0,1
present,77,2534271,0x00000000,0,0,0,0x00000000,0x00000000,2,0,1,0,1
present,78,2571077,0x00000000,0,0,0,0x00000000,0x00000000,2,0,1,0,1
present,79,2601136,0x00000000,0,0,0,0x00000000,0x00000000,2,0,1,0,1
present,80,2634569,0x00000000,0,0,0,0x00000000,0x00000000,2,0,1,0,1
present,81,2669837,0x00000000,0,0,0,0x00000000,0x00000000,2,0,1,0,1
present,82,2702835,0x00000000,0,0,0,0x00000000,0x00000000,2,0,1,0,1
present,83,2733983,0x00000000,0,0,0,0x00000000,0x00000000,2,0,1,0,1
present,84,2767225,0x00000000,0,0,0,0x00000000,0x00000000,2,0,1,0,1
present,85,2815781,0x00000000,0,0,0,0x00000000,0x00000000,2,0,1,0,1
present,86,2834357,0x00000000,0,0,0,0x00000000,0x00000000,2,0,1,0,1
present,87,2867432,0x00000000,0,0,0,0x00000000,0x00000000,2,0,1,0,1
present,88,2900523,0x00000000,0,0,0,0x00000000,0x00000000,2,0,1,0,1
present,89,2941351,0x00000000,0,0,0,0x00000000,0x00000000,2,0,1,0,1
present,90,2971814,0x00000000,0,0,0,0x00000000,0x00000000,2,0,1,0,1
present,91,3004087,0x00000000,0,0,0,0x00000000,0x00000000,3,0,1,0,1
present,92,3038336,0x00000000,0,0,0,0x00000000,0x00000000,3,0,1,0,1
present,93,3070843,0x00000000,0,0,0,0x00000000,0x00000000,3,0,1,0,1
present,94,3103863,0x00000000,0,0,0,0x00000000,0x00000000,3,0,1,0,1
present,95,3137875,0x00000000,0,0,0,0x00000000,0x00000000,3,0,1,0,1
present,96,3167440,0x00000000,0,0,0,0x00000000,0x00000000,3,0,1,0,1
present,97,3204517,0x00000000,0,0,0,0x00000000,0x00000000,3,0,1,0,1
present,98,3237543,0x00000000,0,0,0,0x00000000,0x00000000,3,0,1,0,1
present,99,3267284,0x00000000,0,0,0,0x00000000,0x00000000,3,0,1,0,1
present,100,3300772,0x00000000,0,0,0,0x00000000,0x00000000,3,0,1,0,1
present,101,3334257,0x00000000,0,0,0,0x00000000,0x00000000,3,0,1,0,1
present,102,3367743,0x00000000,0,0,0,0x00000000,0x00000000,3,0,1,0,1
present,103,3400793,0x00000000,0,0,0,0x00000000,0x00000000,3,0,1,0,1
present,104,3433895,0x00000000,0,0,0,0x00000000,0x00000000,3,0,1,0,1
present,105,3471107,0x00000000,0,0,0,0x00000000,0x00000000,3,0,1,0,1
present,106,3500632,0x00000000,0,0,0,0x00000000,0x00000000,3,0,1,0,1
present,107,3536079,0x00000000,0,0,0,0x00000000,0x00000000,3,0,1,0,1
present,108,3570700,0x00000000,0,0,0,0x00000000,0x00000000,3,0,1,0,1
present,109,3601612,0x00000000,0,0,0,0x00000000,0x00000000,3,0,1,0,1
present,110,3637374,0x00000000,0,0,0,0x00000000,0x00000000,3,0,1,0,1
present,111,3670260,0x00000000,0,0,0,0x00000000,0x00000000,3,0,1,0,1
present,112,3704344,0x00000000,0,0,0,0x00000000,0x00000000,3,0,1,0,1
present,113,3737990,0x00000000,0,0,0,0x00000000,0x00000000,3,0,1,0,1
present,114,3767337,0x00000000,0,0,0,0x00000000,0x00000000,3,0,1,0,1
present,115,3808214,0x00000000,0,0,0,0x00000000,0x00000000,3,0,1,0,1
present,116,3837254,0x00000000,0,0,0,0x00000000,0x00000000,3,0,1,0,1
present,117,3870668,0x00000000,0,0,0,0x00000000,0x00000000,3,0,1,0,1
present,118,3904754,0x00000000,0,0,0,0x00000000,0x00000000,3,0,1,0,1
present,119,3937581,0x00000000,0,0,0,0x00000000,0x00000000,3,0,1,0,1
present,120,3969340,0x00000000,0,0,0,0x00000000,0x00000000,3,0,1,0,1
present,121,4004659,0x00000000,0,0,0,0x00000000,0x00000000,0,0,1,0,1
present,122,4037783,0x00000000,0,0,0,0x00000000,0x00000000,0,0,1,0,1
present,123,4067335,0x00000000,0,0,0,0x00000000,0x00000000,0,0,1,0,1
present,124,4104269,0x00000000,0,0,0,0x00000000,0x00000000,0,0,1,0,1
present,125,4137457,0x00000000,0,0,0,0x00000000,0x00000000,0,0,1,0,1
present,126,4168577,0x00000000,0,0,0,0x00000000,0x00000000,0,0,1,0,1
present,127,4204451,0x00000000,0,0,0,0x00000000,0x00000000,0,0,1,0,1
present,128,4237451,0x00000000,0,0,0,0x00000000,0x00000000,0,0,1,0,1
present,129,4270576,0x00000000,0,0,0,0x00000000,0x00000000,0,0,1,0,1
present,130,4304524,0x00000000,0,0,0,0x00000000,0x00000000,0,0,1,0,1
present,131,4337404,0x00000000,0,0,0,0x00000000,0x00000000,0,0,1,0,1
present,132,4367947,0x00000000,0,0,0,0x00000000,0x00000000,0,0,1,0,1
present,133,4403646,0x00000000,0,0,0,0x00000000,0x00000000,0,0,1,0,1
present,134,4436231,0x00000000,0,0,0,0x00000000,0x00000000,0,0,1,0,1
present,135,4470382,0x00000000,0,0,0,0x00000000,0x00000000,0,0,1,0,1
present,136,4504566,0x00000000,0,0,0,0x00000000,0x00000000,0,0,1,0,1
present,137,4537643,0x00000000,0,0,0,0x00000000,0x00000000,0,0,1,0,1
present,138,4569700,0x00000000,0,0,0,0x00000000,0x00000000,0,0,1,0,1
present,139,4604033,0x00000000,0,0,0,0x00000000,0x00000000,0,0,1,0,1
present,140,4634052,0x00000000,0,0,0,0x00000000,0x00000000,0,0,1,0,1
present,141,4671056,0x00000000,0,0,0,0x00000000,0x00000000,0,0,1,0,1
present,142,4704394,0x00000000,0,0,0,0x00000000,0x00000000,0,0,1,0,1
present,143,4736898,0x00000000,0,0,0,0x00000000,0x00000000,0,0,1,0,1
present,144,4771323,0x00000000,0,0,0,0x00000000,0x00000000,0,0,1,0,1
present,145,4814010,0x00000000,0,0,0,0x00000000,0x00000000,0,0,1,0,1
present,146,4837697,0x00000000,0,0,0,0x00000000,0x00000000,0,0,1,0,1
present,147,4870772,0x00000000,0,0,0,0x00000000,0x00000000,0,0,1,0,1
present,148,4903367,0x00000000,0,0,0,0x00000000,0x00000000,0,0,1,0,1
present,149,4936702,0x00000000,0,0,0,0x00000000,0x00000000,0,0,1,0,1
present,150,4970476,0x00000000,0,0,0,0x00000000,0x00000000,0,0,1,0,1
present,151,5001355,0x00000000,0,0,0,0x00000000,0x00000000,1,0,1,0,1
present,152,5034130,0x00000000,0,0,0,0x00000000,0x00000000,1,0,1,0,1
present,153,5070509,0x00000000,0,0,0,0x00000000,0x00000000,1,0,1,0,1
present,154,5100883,0x00000000,0,0,0,0x00000000,0x00000000,1,0,1,0,1
present,155,5135820,0x00000000,0,0,0,0x00000000,0x00000000,1,0,1,0,1
present,156,5170643,0x00000000,0,0,0,0x00000000,0x00000000,1,0,1,0,1
present,157,5203945,0x00000000,0,0,0,0x00000000,0x00000000,1,0,1,0,1
present,158,5237997,0x00000000,0,0,0,0x00000000,0x00000000,1,0,1,0,1
present,159,5270512,0x00000000,0,0,0,0x00000000,0x00000000,1,0,1,0,1
present,160,5300218,0x00000000,0,0,0,0x00000000,0x00000000,1,0,1,0,1
present,161,5336974,0x00000000,0,0,0,0x00000000,0x00000000,1,0,1,0,1
present,162,5366902,0x00000000,0,0,0,0x00000000,0x00000000,1,0,1,0,1
present,163,5403355,0x00000000,0,0,0,0x00000000,0x00000000,1,0,1,0,1
present,164,5433852,0x00000000,0,0,0,0x00000000,0x00000000,1,0,1,0,1
present,165,5470578,0x00000000,0,0,0,0x00000000,0x00000000,1,0,1,0,1
present,166,5501774,0x00000000,0,0,0,0x00000000,0x00000000,1,0,1,0,1
present,167,5534231,0x00000000,0,0,0,0x00000000,0x00000000,1,0,1,0,1
present,168,5566945,0x00000000,0,0,0,0x00000000,0x00000000,1,0,1,0,1
present,169,5601608,0x00000000,0,0,0,0x00000000,0x00000000,1,0,1,0,1
present,170,5636202,0x00000000,0,0,0,0x00000000,0x00000000,1,0,1,0,1
present,171,5670566,0x00000000,0,0,0,0x00000000,0x00000000,1,0,1,0,1
present,172,5703117,0x00000000,0,0,0,0x00000000,0x00000000,1,0,1,0,1
present,173,5737312,0x00000000,0,0,0,0x00000000,0x00000000,1,0,1,0,1
present,174,5770542,0x00000000,0,0,0,0x00000000,0x00000000,1,0,1,0,1
present,175,5808809,0x00000000,0,0,0,0x00000000,0x00000000,1,0,1,0,1
present,176,5837736,0x00000000,0,0,0,0x00000000,0x00000000,1,0,1,0,1
present,177,5870592,0x00000000,0,0,0,0x00000000,0x00000000,1,0,1,0,1
present,178,5904911,0x00000000,0,0,0,0x00000000,0x00000000,1,0,1,0,1
present,179,5937296,0x00000000,0,0,0,0x00000000,0x00000000,1,0,1,0,1
present,180,5966852,0x00000000,0,0,0,0x00000000,0x00000000,1,0,1,0,1
present,181,6004603,0x00000000,0,0,0,0x00000000,0x00000000,2,0,1,0,1
present,182,6033453,0x00000000,0,0,0,0x00000000,0x00000000,2,0,1,0,1
present,183,6071348,0x00000000,0,0,0,0x00000000,0x00000000,2,0,1,0,1
present,184,6100568,0x00000000,0,0,0,0x00000000,0x00000000,2,0,1,0,1
present,185,6133982,0x00000000,0,0,0,0x00000000,0x00000000,2,0,1,0,1
present,186,6167330,0x00000000,0,0,0,0x00000000,0x00000000,2,0,1,0,1
present,187,6201242,0x00000000,0,0,0,0x00000000,0x00000000,2,0,1,0,1
present,188,6236864,0x00000000,0,0,0,0x00000000,0x00000000,2,0,1,0,1
present,189,6270281,0x00000000,0,0,0,0x00000000,0x00000000,2,0,1,0,1
present,190,6304045,0x00000000,0,0,0,0x00000000,0x00000000,2,0,1,0,1
present,191,6336736,0x00000000,0,0,0,0x00000000,0x00000000,2,0,1,0,1
present,192,6368830,0x00000000,0,0,0,0x00000000,0x00000000,2,0,1,0,1
present,193,6401115,0x00000000,0,0,0,0x00000000,0x00000000,2,0,1,0,1
present,194,6437098,0x00000000,0,0,0,0x00000000,0x00000000,2,0,1,0,1
present,195,6471850,0x00000000,0,0,0,0x00000000,0x00000000,2,0,1,0,1
present,196,6501485,0x00000000,0,0,0,0x00000000,0x00000000,2,0,1,0,1
present,197,6537650,0x00000000,0,0,0,0x00000000,0x00000000,2,0,1,0,1
present,198,6570553,0x00000000,0,0,0,0x00000000,0x00000000,2,0,1,0,1
present,199,6601015,0x00000000,0,0,0,0x00000000,0x00000000,2,0,1,0,1
present,200,6638144,0x00000000,0,0,0,0x00000000,0x00000000,2,0,1,0,1
present,201,6668059,0x00000000,0,0,0,0x00000000,0x00000000,2,0,1,0,1
present,202,6704037,0x00000000,0,0,0,0x00000000,0x00000000,2,0,1,0,1
present,203,6738343,0x00000000,0,0,0,0x00000000,0x00000000,2,0,1,0,1
present,204,6771274,0x00000000,0,0,0,0x00000000,0x00000000,2,0,1,0,1
present,205,6806427,0x00000000,0,0,0,0x00000000,0x00000000,2,0,1,0,1
present,206,6837425,0x00000000,0,0,0,0x00000000,0x00000000,2,0,1,0,1
present,207,6869876,0x00000000,0,0,0,0x00000000,0x00000000,2,0,1,0,1
present,208,6900527,0x00000000,0,0,0,0x00000000,0x00000000,2,0,1,0,1
present,209,6935469,0x00000000,0,0,0,0x00000000,0x00000000,2,0,1,0,1
present,210,6971089,0x00000000,0,0,0,0x00000000,0x00000000,2,0,1,0,1
present,211,7004195,0x00000000,0,0,0,0x00000000,0x00000000,3,0,1,0,1
present,212,7034275,0x00000000,0,0,0,0x00000000,0x00000000,3,0,1,0,1
present,213,7070414,0x00000000,0,0,0,0x00000000,0x00000000,3,0,1,0,1
present,214,7104555,0x00000000,0,0,0,0x00000000,0x00000000,3,0,1,0,1
present,215,7135079,0x00000000,0,0,0,0x00000000,0x00000000,3,0,1,0,1
present,216,7167290,0x00000000,0,0,0,0x00000000,0x00000000,3,0,1,0,1
present,217,7204005,0x00000000,0,0,0,0x00000000,0x00000000,3,0,1,0,1
present,218,7237755,0x00000000,0,0,0,0x00000000,0x00000000,3,0,1,0,1
present,219,7271156,0x00000000,0,0,0,0x00000000,0x00000000,3,0,1,0,1
present,220,7301018,0x00000000,0,0,0,0x00000000,0x00000000,3,0,1,0,1
present,221,7337459,0x00000000,0,0,0,0x00000000,0x00000000,3,0,1,0,1
present,222,7370374,0x00000000,0,0,0,0x00000000,0x00000000,3,0,1,0,1
present,223,7404144,0x00000000,0,0,0,0x00000000,0x00000000,3,0,1,0,1
present,224,7434909,0x00000000,0,0,0,0x00000000,0x00000000,3,0,1,0,1
present,225,7471018,0x00000000,0,0,0,0x00000000,0x00000000,3,0,1,0,1
present,226,7500850,0x00000000,0,0,0,0x00000000,0x00000000,3,0,1,0,1
present,227,7537970,0x00000000,0,0,0,0x00000000,0x00000000,3,0,1,0,1
present,228,7570122,0x00000000,0,0,0,0x00000000,0x00000000,3,0,1,0,1
present,229,7604060,0x00000000,0,0,0,0x00000000,0x00000000,3,0,1,0,1
present,230,7635726,0x00000000,0,0,0,0x00000000,0x00000000,3,0,1,0,1
present,231,7668694,0x00000000,0,0,0,0x00000000,0x00000000,3,0,1,0,1
present,232,7704352,0x00000000,0,0,0,0x00000000,0x00000000,3,0,1,0,1
present,233,7734001,0x00000000,0,0,0,0x00000000,0x00000000,3,0,1,0,1
present,234,7770913,0x00000000,0,0,0,0x00000000,0x00000000,3,0,1,0,1
present,235,7811836,0x00000000,0,0,0,0x00000000,0x00000000,3,0,1,0,1
present,236,7836970,0x00000000,0,0,0,0x00000000,0x00000000,3,0,1,0,1
present,237,7870417,0x00000000,0,0,0,0x00000000,0x00000000,3,0,1,0,1
present,238,7900527,0x00000000,0,0,0,0x00000000,0x00000000,3,0,1,0,1
present,239,7933978,0x00000000,0,0,0,0x00000000,0x00000000,3,0,1,0,1
present,240,7971268,0x00000000,0,0,0,0x00000000,0x00000000,3,0,1,0,1
present,241,8000879,0x00000000,0,0,0,0x00000000,0x00000000,0,0,1,0,1
present,242,8037941,0x00000000,0,0,0,0x00000000,0x00000000,0,0,1,0,1
present,243,8071070,0x00000000,0,0,0,0x00000000,0x00000000,0,0,1,0,1
present,244,8102114,0x00000000,0,0,0,0x00000000,0x00000000,0,0,1,0,1
present,245,8135190,0x00000000,0,0,0,0x00000000,0x00000000,0,0,1,0,1
present,246,8169885,0x00000000,0,0,0,0x00000000,0x00000000,0,0,1,0,1
present,247,8200875,0x00000000,0,0,0,0x00000000,0x00000000,0,0,1,0,1
present,248,8236772,0x00000000,0,0,0,0x00000000,0x00000000,0,0,1,0,1
present,249,8270001,0x00000000,0,0,0,0x00000000,0x00000000,0,0,1,0,1
present,250,8303172,0x00000000,0,0,0,0x00000000,0x00000000,0,0,1,0,1
present,251,8337381,0x00000000,0,0,0,0x00000000,0x00000000,0,0,1,0,1
present,252,8370693,0x00000000,0,0,0,0x00000000,0x00000000,0,0,1,0,1
present,253,8404420,0x00000000,0,0,0,0x00000000,0x00000000,0,0,1,0,1
present,254,8433832,0x00000000,0,0,0,0x00000000,0x00000000,0,0,1,0,1
present,255,8470856,0x00000000,0,0,0,0x00000000,0x00000000,0,0,1,0,1
present,256,8500649,0x00000000,0,0,0,0x00000000,0x00000000,0,0,1,0,1
present,257,8537497,0x00000000,0,0,0,0x00000000,0x00000000,0,0,1,0,1
present,258,8570693,0x00000000,0,0,0,0x00000000,0x00000000,0,0,1,0,1
present,259,8603968,0x00000000,0,0,0,0x00000000,0x00000000,0,0,1,0,1
present,260,8636507,0x00000000,0,0,0,0x00000000,0x00000000,0,0,1,0,1
present,261,8667593,0x00000000,0,0,0,0x00000000,0x00000000,0,0,1,0,1
present,262,8703971,0x00000000,0,0,0,0x00000000,0x00000000,0,0,1,0,1
present,263,8734550,0x00000000,0,0,0,0x00000000,0x00000000,0,0,1,0,1
present,264,8770707,0x00000000,0,0,0,0x00000000,0x00000000,0,0,1,0,1
present,265,8808222,0x00000000,0,0,0,0x00000000,0x00000000,0,0,1,0,1
present,266,8834185,0x00000000,0,0,0,0x00000000,0x00000000,0,0,1,0,1
present,267,8870997,0x00000000,0,0,0,0x00000000,0x00000000,0,0,1,0,1
present,268,8901734,0x00000000,0,0,0,0x00000000,0x00000000,0,0,1,0,1
present,269,8937838,0x00000000,0,0,0,0x00000000,0x00000000,0,0,1,0,1
present,270,8971177,0x00000000,0,0,0,0x00000000,0x00000000,0,0,1,0,1
present,271,9001037,0x00000000,0,0,0,0x00000000,0x00000000,1,0,1,0,1
present,272,9034495,0x00000000,0,0,0,0x00000000,0x00000000,1,0,1,0,1
present,273,9070923,0x00000000,0,0,0,0x00000000,0x00000000,1,0,1,0,1
present,274,9104036,0x00000000,0,0,0,0x00000000,0x00000000,1,0,1,0,1
present,275,9134311,0x00000000,0,0,0,0x00000000,0x00000000,1,0,1,0,1
present,276,9171116,0x00000000,0,0,0,0x00000000,0x00000000,1,0,1,0,1
present,277,9203652,0x00000000,0,0,0,0x00000000,0x00000000,1,0,1,0,1
present,278,9238600,0x00000000,0,0,0,0x00000000,0x00000000,1,0,1,0,1
present,279,9270156,0x00000000,0,0,0,0x00000000,0x00000000,1,0,1,0,1
present,280,9304018,0x00000000,0,0,0,0x00000000,0x00000000,1,0,1,0,1
present,281,9337730,0x00000000,0,0,0,0x00000000,0x00000000,1,0,1,0,1
present,282,9367584,0x00000000,0,0,0,0x00000000,0x00000000,1,0,1,0,1
present,283,9403586,0x00000000,0,0,0,0x00000000,0x00000000,1,0,1,0,1
present,284,9437430,0x00000000,0,0,0,0x00000000,0x00000000,1,0,1,0,1
present,285,9470839,0x00000000,0,0,0,0x00000000,0x00000000,1,0,1,0,1
present,286,9502489,0x00000000,0,0,0,0x00000000,0x00000000,1,0,1,0,1
present,287,9537637,0x00000000,0,0,0,0x00000000,0x00000000,1,0,1,0,1
present,288,9570204,0x00000000,0,0,0,0x00000000,0x00000000,1,0,1,0,1
present,289,9600500,0x00000000,0,0,0,0x00000000,0x00000000,1,0,1,0,1
present,290,9637112,0x00000000,0,0,0,0x00000000,0x00000000,1,0,1,0,1
present,291,9670920,0x00000000,0,0,0,0x00000000,0x00000000,1,0,1,0,1
present,292,9704068,0x00000000,0,0,0,0x00000000,0x00000000,1,0,1,0,1
present,293,9733509,0x00000000,0,0,0,0x00000000,0x00000000,1,0,1,0,1
present,294,9771256,0x00000000,0,0,0,0x00000000,0x00000000,1,0,1,0,1
present,295,9817714,0x00000000,0,0,0,0x00000000,0x00000000,1,0,1,0,1
present,296,9835407,0x00000000,0,0,0,0x00000000,0x00000000,1,0,1,0,1
present,297,9871518,0x00000000,0,0,0,0x00000000,0x00000000,1,0,1,0,1
present,298,9904372,0x00000000,0,0,0,0x00000000,0x00000000,1,0,1,0,1
present,299,9936697,0x00000000,0,0,0,0x00000000,0x00000000,1,0,1,0,1
present,300,9967310,0x00000000,0,0,0,0x00000000,0x00000000,1,0,1,0,1
present,301,10004238,0x00000000,0,0,0,0x00000000,0x00000000,2,0,1,0,1
present,302,10033932,0x00000000,0,0,0,0x00000000,0x00000000,2,0,1,0,1
present,303,10067790,0x00000000,0,0,0,0x00000000,0x00000000,2,0,1,0,1
present,304,10101051,0x00000000,0,0,0,0x00000000,0x00000000,2,0,1,0,1
present,305,10138161,0x00000000,0,0,0,0x00000000,0x00000000,2,0,1,0,1
present,306,10171323,0x00000000,0,0,0,0x00000000,0x00000000,2,0,1,0,1
present,307,10201612,0x00000000,0,0,0,0x00000000,0x00000000,2,0,1,0,1
present,308,10235513,0x00000000,0,0,0,0x00000000,0x00000000,2,0,1,0,1
present,309,10267262,0x00000000,0,0,0,0x00000000,0x00000000,2,0,1,0,1
present,310,10302908,0x00000000,0,0,0,0x00000000,0x00000000,2,0,1,0,1
present,311,10336923,0x00000000,0,0,0,0x00000000,0x00000000,2,0,1,0,1
present,312,10370939,0x00000000,0,0,0,0x00000000,0x00000000,2,0,1,0,1
present,313,10403026,0x00000000,0,0,0,0x00000000,0x00000000,2,0,1,0,1
present,314,10437094,0x00000000,0,0,0,0x00000000,0x00000000,2,0,1,0,1
present,315,10471019,0x00000000,0,0,0,0x00000000,0x00000000,2,0,1,0,1
present,316,10500837,0x00000000,0,0,0,0x00000000,0x00000000,2,0,1,0,1
present,317,10537033,0x00000000,0,0,0,0x00000000,0x00000000,2,0,1,0,1
present,318,10569642,0x00000000,0,0,0,0x00000000,0x00000000,2,0,1,0,1
present,319,10600794,0x00000000,0,0,0,0x00000000,0x00000000,2,0,1,0,1
present,320,10634971,0x00000000,0,0,0,0x00000000,0x00000000,2,0,1,0,1
present,321,10670990,0x00000000,0,0,0,0x00000000,0x00000000,2,0,1,0,1
present,322,10702753,0x00000000,0,0,0,0x00000000,0x00000000,2,0,1,0,1
present,323,10739455,0x00000000,0,0,0,0x00000000,0x00000000,2,0,1,0,1
present,324,10767847,0x00000000,0,0,0,0x00000000,0x00000000,2,0,1,0,1
present,325,10807125,0x00000000,0,0,0,0x00000000,0x00000000,2,0,1,0,1
present,326,10836010,0x00000000,0,0,0,0x00000000,0x00000000,2,0,1,0,1
present,327,10871101,0x00000000,0,0,0,0x00000000,0x00000000,2,0,1,0,1
present,328,10901052,0x00000000,0,0,0,0x00000000,0x00000000,2,0,1,0,1
present,329,10936967,0x00000000,0,0,0,0x00000000,0x00000000,2,0,1,0,1
present,330,10971084,0x00000000,0,0,0,0x00000000,0x00000000,2,0,1,0,1
present,331,11000564,0x00000000,0,0,0,0x00000000,0x00000000,3,0,1,0,1
present,332,11035733,0x00000000,0,0,0,0x00000000,0x00000000,3,0,1,0,1
present,333,11070285,0x00000000,0,0,0,0x00000000,0x00000000,3,0,1,0,1
present,334,11104193,0x00000000,0,0,0,0x00000000,0x00000000,3,0,1,0,1
present,335,11134362,0x00000000,0,0,0,0x00000000,0x00000000,3,0,1,0,1
present,336,11170628,0x00000000,0,0,0,0x00000000,0x00000000,3,0,1,0,1
present,337,11203343,0x00000000,0,0,0,0x00000000,0x00000000,3,0,1,0,1
present,338,11234040,0x00000000,0,0,0,0x00000000,0x00000000,3,0,1,0,1
present,339,11269275,0x00000000,0,0,0,0x00000000,0x00000000,3,0,1,0,1
present,340,11303690,0x00000000,0,0,0,0x00000000,0x00000000,3,0,1,0,1
present,341,11337105,0x00000000,0,0,0,0x00000000,0x00000000,3,0,1,0,1
present,342,11367945,0x00000000,0,0,0,0x00000000,0x00000000,3,0,1,0,1
present,343,11403600,0x00000000,0,0,0,0x00000000,0x00000000,3,0,1,0,1
present,344,11433848,0x00000000,0,0,0,0x00000000,0x00000000,3,0,1,0,1
present,345,11513183,0x00000000,0,0,0,0x00000000,0x00000000,3,0,1,0,1
present,346,11513743,0x00000000,0,0,0,0x00000000,0x00000000,3,0,1,0,1
present,347,11536376,0x00000000,0,0,0,0x00000000,0x00000000,3,0,1,0,1
present,348,11570532,0x00000000,0,0,0,0x00000000,0x00000000,3,0,1,0,1
present,349,11603728,0x00000000,0,0,0,0x00000000,0x00000000,3,0,1,0,1
present,350,11634252,0x00000000,0,0,0,0x00000000,0x00000000,3,0,1,0,1
present,351,11670989,0x00000000,0,0,0,0x00000000,0x00000000,3,0,1,0,1
present,352,11700629,0x00000000,0,0,0,0x00000000,0x00000000,3,0,1,0,1
present,353,11736876,0x00000000,0,0,0,0x00000000,0x00000000,3,0,1,0,1
present,354,11767360,0x00000000,0,0,0,0x00000000,0x00000000,3,0,1,0,1
present,355,11807169,0x00000000,0,0,0,0x00000000,0x00000000,3,0,1,0,1
present,356,11835390,0x00000000,0,0,0,0x00000000,0x00000000,3,0,1,0,1
present,357,11870823,0x00000000,0,0,0,0x00000000,0x00000000,3,0,1,0,1
present,358,11902511,0x00000000,0,0,0,0x00000000,0x00000000,3,0,1,0,1
present,359,11934416,0x00000000,0,0,0,0x00000000,0x00000000,3,0,1,0,1
present,360,11967619,0x00000000,0,0,0,0x00000000,0x00000000,3,0,1,0,1
present,361,12004429,0x00000000,0,0,0,0x00000000,0x00000000,0,0,1,0,1
present,362,12034827,0x00000000,0,0,0,0x00000000,0x00000000,0,0,1,0,1
present,363,12071182,0x00000000,0,0,0,0x00000000,0x00000000,0,0,1,0,1
present,364,12102101,0x00000000,0,0,0,0x00000000,0x00000000,0,0,1,0,1
present,365,12137733,0x00000000,0,0,0,0x00000000,0x00000000,0,0,1,0,1
present,366,12167742,0x00000000,0,0,0,0x00000000,0x00000000,0,0,1,0,1
present,367,12202858,0x00000000,0,0,0,0x00000000,0x00000000,0,0,1,0,1
present,368,12237727,0x00000000,0,0,0,0x00000000,0x00000000,0,0,1,0,1
present,369,12267264,0x00000000,0,0,0,0x00000000,0x00000000,0,0,1,0,1
present,370,12300866,0x00000000,0,0,0,0x00000000,0x00000000,0,0,1,0,1
present,371,12337213,0x00000000,0,0,0,0x00000000,0x00000000,0,0,1,0,1
present,372,12369910,0x00000000,0,0,0,0x00000000,0x00000000,0,0,1,0,1
present,373,12403694,0x00000000,0,0,0,0x00000000,0x00000000,0,0,1,0,1
present,374,12437505,0x00000000,0,0,0,0x00000000,0x00000000,0,0,1,0,1
present,375,12469119,0x00000000,0,0,0,0x00000000,0x00000000,0,0,1,0,1
present,376,12503985,0x00000000,0,0,0,0x00000000,0x00000000,0,0,1,0,1
present,377,12535761,0x00000000,0,0,0,0x00000000,0x00000000,0,0,1,0,1
present,378,12570931,0x00000000,0,0,0,0x00000000,0x00000000,0,0,1,0,1
present,379,12600748,0x00000000,0,0,0,0x00000000,0x00000000,0,0,1,0,1
present,380,12637630,0x00000000,0,0,0,0x00000000,0x00000000,0,0,1,0,1
present,381,12668216,0x00000000,0,0,0,0x00000000,0x00000000,0,0,1,0,1
present,382,12704039,0x00000000,0,0,0,0x00000000,0x00000000,0,0,1,0,1
present,383,12737613,0x00000000,0,0,0,0x00000000,0x00000000,0,0,1,0,1
present,384,12770712,0x00000000,0,0,0,0x00000000,0x00000000,0,0,1,0,1
present,385,12808304,0x00000000,0,0,0,0x00000000,0x00000000,0,0,1,0,1
present,386,12835770,0x00000000,0,0,0,0x00000000,0x00000000,0,0,1,0,1
present,387,12871228,0x00000000,0,0,0,0x00000000,0x00000000,0,0,1,0,1
present,388,12900456,0x00000000,0,0,0,0x00000000,0x00000000,0,0,1,0,1
present,389,12937692,0x00000000,0,0,0,0x00000000,0x00000000,0,0,1,0,1
present,390,12967933,0x00000000,0,0,0,0x00000000,0x00000000,0,0,1,0,1
present,391,13001072,0x00000000,0,0,0,0x00000000,0x00000000,1,0,1,0,1
present,392,13037913,0x00000000,0,0,0,0x00000000,0x00000000,1,0,1,0,1
present,393,13067220,0x00000000,0,0,0,0x00000000,0x00000000,1,0,1,0,1
present,394,13104131,0x00000000,0,0,0,0x00000000,0x00000000,1,0,1,0,1
present,395,13134741,0x00000000,0,0,0,0x00000000,0x00000000,1,0,1,0,1
present,396,13168768,0x00000000,0,0,0,0x00000000,0x00000000,1,0,1,0,1
present,397,13204159,0x00000000,0,0,0,0x00000000,0x00000000,1,0,1,0,1
present,398,13235690,0x00000000,0,0,0,0x00000000,0x00000000,1,0,1,0,1
present,399,13270158,0x00000000,0,0,0,0x00000000,0x00000000,1,0,1,0,1
present,400,13304079,0x00000000,0,0,0,0x00000000,0x00000000,1,0,1,0,1
present,401,13337947,0x00000000,0,0,0,0x00000000,0x00000000,1,0,1,0,1
present,402,13367522,0x00000000,0,0,0,0x00000000,0x00000000,1,0,1,0,1
present,403,13402459,0x00000000,0,0,0,0x00000000,0x00000000,1,0,1,0,1
present,404,13437353,0x00000000,0,0,0,0x00000000,0x00000000,1,0,1,0,1
present,405,13468948,0x00000000,0,0,0,0x00000000,0x00000000,1,0,1,0,1
present,406,13503625,0x00000000,0,0,0,0x00000000,0x00000000,1,0,1,0,1
present,407,13537421,0x00000000,0,0,0,0x00000000,0x00000000,1,0,1,0,1
present,408,13567420,0x00000000,0,0,0,0x00000000,0x00000000,1,0,1,0,1
present,409,13604260,0x00000000,0,0,0,0x00000000,0x00000000,1,0,1,0,1
present,410,13636196,0x00000000,0,0,0,0x00000000,0x00000000,1,0,1,0,1
present,411,13669541,0x00000000,0,0,0,0x00000000,0x00000000,1,0,1,0,1
present,412,13701127,0x00000000,0,0,0,0x00000000,0x00000000,1,0,1,0,1
present,413,13737357,0x00000000,0,0,0,0x00000000,0x00000000,1,0,1,0,1
present,414,13768581,0x00000000,0,0,0,0x00000000,0x00000000,1,0,1,0,1
present,415,13811359,0x00000000,0,0,0,0x00000000,0x00000000,1,0,1,0,1
present,416,13838256,0x00000000,0,0,0,0x00000000,0x00000000,1,0,1,0,1
present,417,13871130,0x00000000,0,0,0,0x00000000,0x00000000,1,0,1,0,1
present,418,13900472,0x00000000,0,0,0,0x00000000,0x00000000,1,0,1,0,1
present,419,13933895,0x00000000,0,0,0,0x00000000,0x00000000,1,0,1,0,1
present,420,13971014,0x00000000,0,0,0,0x00000000,0x00000000,1,0,1,0,1
present,421,14004063,0x00000000,0,0,0,0x00000000,0x00000000,2,0,1,0,1
present,422,14036254,0x00000000,0,0,0,0x00000000,0x00000000,2,0,1,0,1
present,423,14070717,0x00000000,0,0,0,0x00000000,0x00000000,2,0,1,0,1
present,424,14104602,0x00000000,0,0,0,0x00000000,0x00000000,2,0,1,0,1
present,425,14133844,0x00000000,0,0,0,0x00000000,0x00000000,2,0,1,0,1
present,426,14170900,0x00000000,0,0,0,0x00000000,0x00000000,2,0,1,0,1
present,427,14203773,0x00000000,0,0,0,0x00000000,0x00000000,2,0,1,0,1
present,428,14235551,0x00000000,0,0,0,0x00000000,0x00000000,2,0,1,0,1
present,429,14269976,0x00000000,0,0,0,0x00000000,0x00000000,2,0,1,0,1
present,430,14303657,0x00000000,0,0,0,0x00000000,0x00000000,2,0,1,0,1
present,431,14334207,0x00000000,0,0,0,0x00000000,0x00000000,2,0,1,0,1
present,432,14371137,0x00000000,0,0,0,0x00000000,0x00000000,2,0,1,0,1
present,433,14403860,0x00000000,0,0,0,0x00000000,0x00000000,2,0,1,0,1
present,434,14435917,0x00000000,0,0,0,0x00000000,0x00000000,2,0,1,0,1
present,435,14467372,0x00000000,0,0,0,0x00000000,0x00000000,2,0,1,0,1
present,436,14504803,0x00000000,0,0,0,0x00000000,0x00000000,2,0,1,0,1
present,437,14535584,0x00000000,0,0,0,0x00000000,0x00000000,2,0,1,0,1
present,438,14570991,0x00000000,0,0,0,0x00000000,0x00000000,2,0,1,0,1
present,439,14600955,0x00000000,0,0,0,0x00000000,0x00000000,2,0,1,0,1
present,440,14637436,0x00000000,0,0,0,0x00000000,0x00000000,2,0,1,0,1
present,441,14670088,0x00000000,0,0,0,0x00000000,0x00000000,2,0,1,0,1
present,442,14704362,0x00000000,0,0,0,0x00000000,0x00000000,2,0,1,0,1
present,443,14733941,0x00000000,0,0,0,0x00000000,0x00000000,2,0,1,0,1
present,444,14767250,0x00000000,0,0,0,0x00000000,0x00000000,2,0,1,0,1
present,445,14815116,0x00000000,0,0,0,0x00000000,0x00000000,2,0,1,0,1
present,446,14836251,0x00000000,0,0,0,0x00000000,0x00000000,2,0,1,0,1
present,447,14870940,0x00000000,0,0,0,0x00000000,0x00000000,2,0,1,0,1
present,448,14902566,0x00000000,0,0,0,0x00000000,0x00000000,2,0,1,0,1
present,449,14937745,0x00000000,0,0,0,0x00000000,0x00000000,2,0,1,0,1
present,450,14970033,0x00000000,0,0,0,0x00000000,0x00000000,2,0,1,0,1
present,451,15000967,0x00000000,0,0,0,0x00000000,0x00000000,3,0,1,0,1
present,452,15042018,0x00000000,0,0,0,0x00000000,0x00000000,3,0,1,0,1
present,453,15080138,0x00000000,0,0,0,0x00000000,0x00000000,3,0,1,0,1
present,454,15100161,0x00000000,0,0,0,0x00000000,0x00000000,3,0,1,0,1
present,455,15137411,0x00000000,0,0,0,0x00000000,0x00000000,3,0,1,0,1
present,456,15170585,0x00000000,0,0,0,0x00000000,0x00000000,3,0,1,0,1
present,457,15203747,0x00000000,0,0,0,0x00000000,0x00000000,3,0,1,0,1
present,458,15236901,0x00000000,0,0,0,0x00000000,0x00000000,3,0,1,0,1
present,459,15270108,0x00000000,0,0,0,0x00000000,0x00000000,3,0,1,0,1
present,460,15303805,0x00000000,0,0,0,0x00000000,0x00000000,3,0,1,0,1
present,461,15336279,0x00000000,0,0,0,0x00000000,0x00000000,3,0,1,0,1
present,462,15366887,0x00000000,0,0,0,0x00000000,0x00000000,3,0,1,0,1
present,463,15403711,0x00000000,0,0,0,0x00000000,0x00000000,3,0,1,0,1
present,464,15437529,0x00000000,0,0,0,0x00000000,0x00000000,3,0,1,0,1
present,465,15467993,0x00000000,0,0,0,0x00000000,0x00000000,3,0,1,0,1
present,466,15503581,0x00000000,0,0,0,0x00000000,0x00000000,3,0,1,0,1
present,467,15536577,0x00000000,0,0,0,0x00000000,0x00000000,3,0,1,0,1
present,468,15567356,0x00000000,0,0,0,0x00000000,0x00000000,3,0,1,0,1
present,469,15604394,0x00000000,0,0,0,0x00000000,0x00000000,3,0,1,0,1
present,470,15633935,0x00000000,0,0,0,0x00000000,0x00000000,3,0,1,0,1
present,471,15671071,0x00000000,0,0,0,0x00000000,0x00000000,3,0,1,0,1
present,472,15701476,0x00000000,0,0,0,0x00000000,0x00000000,3,0,1,0,1
present,473,15736981,0x00000000,0,0,0,0x00000000,0x00000000,3,0,1,0,1
present,474,15769790,0x00000000,0,0,0,0x00000000,0x00000000,3,0,1,0,1
present,475,15813103,0x00000000,0,0,0,0x00000000,0x00000000,3,0,1,0,1
present,476,15834056,0x00000000,0,0,0,0x00000000,0x00000000,3,0,1,0,1
present,477,15870624,0x00000000,0,0,0,0x00000000,0x00000000,3,0,1,0,1
present,478,15903491,0x00000000,0,0,0,0x00000000,0x00000000,3,0,1,0,1
present,479,15937490,0x00000000,0,0,0,0x00000000,0x00000000,3,0,1,0,1
present,480,15967982,0x00000000,0,0,0,0x00000000,0x00000000,3,0,1,0,1
present,481,16003849,0x00000000,0,0,0,0x00000000,0x00000000,0,0,1,0,1
present,482,16034248,0x00000000,0,0,0,0x00000000,0x00000000,0,0,1,0,1
present,483,16071240,0x00000000,0,0,0,0x00000000,0x00000000,0,0,1,0,1
present,484,16100715,0x00000000,0,0,0,0x00000000,0x00000000,0,0,1,0,1
present,485,16137511,0x00000000,0,0,0,0x00000000,0x00000000,0,0,1,0,1
present,486,16170445,0x00000000,0,0,0,0x00000000,0x00000000,0,0,1,0,1
present,487,16201462,0x00000000,0,0,0,0x00000000,0x00000000,0,0,1,0,1
present,488,16233949,0x00000000,0,0,0,0x00000000,0x00000000,0,0,1,0,1
present,489,16271059,0x00000000,0,0,0,0x00000000,0x00000000,0,0,1,0,1
present,490,16300691,0x00000000,0,0,0,0x00000000,0x00000000,0,0,1,0,1
present,491,16336784,0x00000000,0,0,0,0x00000000,0x00000000,0,0,1,0,1
present,492,16368600,0x00000000,0,0,0,0x00000000,0x00000000,0,0,1,0,1
present,493,16404569,0x00000000,0,0,0,0x00000000,0x00000000,0,0,1,0,1
present,494,16433875,0x00000000,0,0,0,0x00000000,0x00000000,0,0,1,0,1
present,495,16467962,0x00000000,0,0,0,0x00000000,0x00000000,0,0,1,0,1
present,496,16501910,0x00000000,0,0,0,0x00000000,0x00000000,0,0,1,0,1
present,497,16534183,0x00000000,0,0,0,0x00000000,0x00000000,0,0,1,0,1
present,498,16571128,0x00000000,0,0,0,0x00000000,0x00000000,0,0,1,0,1
present,499,16600756,0x00000000,0,0,0,0x00000000,0x00000000,0,0,1,0,1
present,500,16636391,0x00000000,0,0,0,0x00000000,0x00000000,0,0,1,0,1
present,501,16670401,0x00000000,0,0,0,0x00000000,0x00000000,0,0,1,0,1
present,502,16704471,0x00000000,0,0,0,0x00000000,0x00000000,0,0,1,0,1
present,503,16734588,0x00000000,0,0,0,0x00000000,0x00000000,0,0,1,0,1
present,504,16768663,0x00000000,0,0,0,0x00000000,0x00000000,0,0,1,0,1
present,505,16806326,0x00000000,0,0,0,0x00000000,0x00000000,0,0,1,0,1
present,506,16837088,0x00000000,0,0,0,0x00000000,0x00000000,0,0,1,0,1
present,507,16866975,0x00000000,0,0,0,0x00000000,0x00000000,0,0,1,0,1
present,508,16902666,0x00000000,0,0,0,0x00000000,0x00000000,0,0,1,0,1
present,509,16936947,0x00000000,0,0,0,0x00000000,0x00000000,0,0,1,0,1
present,510,16969103,0x00000000,0,0,0,0x00000000,0x00000000,0,0,1,0,1
present,511,17001477,0x00000000,0,0,0,0x00000000,0x00000000,1,0,1,0,1
present,512,17037902,0x00000000,0,0,0,0x00000000,0x00000000,1,0,1,0,1
present,513,17068304,0x00000000,0,0,0,0x00000000,0x00000000,1,0,1,0,1
present,514,17103854,0x00000000,0,0,0,0x00000000,0x00000000,1,0,1,0,1
present,515,17134723,0x00000000,0,0,0,0x00000000,0x00000000,1,0,1,0,1
present,516,17172675,0x00000000,0,0,0,0x00000000,0x00000000,1,0,1,0,1
present,517,17204558,0x00000000,0,0,0,0x00000000,0x00000000,1,0,1,0,1
present,518,17234116,0x00000000,0,0,0,0x00000000,0x00000000,1,0,1,0,1
present,519,17268945,0x00000000,0,0,0,0x00000000,0x00000000,1,0,1,0,1
present,520,17303915,0x00000000,0,0,0,0x00000000,0x00000000,1,0,1,0,1
present,521,17337722,0x00000000,0,0,0,0x00000000,0x00000000,1,0,1,0,1
present,522,17366943,0x00000000,0,0,0,0x00000000,0x00000000,1,0,1,0,1
present,523,17403129,0x00000000,0,0,0,0x00000000,0x00000000,1,0,1,0,1
present,524,17434043,0x00000000,0,0,0,0x00000000,0x00000000,1,0,1,0,1
present,525,17470939,0x00000000,0,0,0,0x00000000,0x00000000,1,0,1,0,1
present,526,17501387,0x00000000,0,0,0,0x00000000,0x00000000,1,0,1,0,1
present,527,17537596,0x00000000,0,0,0,0x00000000,0x00000000,1,0,1,0,1
present,528,17571030,0x00000000,0,0,0,0x00000000,0x00000000,1,0,1,0,1
present,529,17604906,0x00000000,0,0,0,0x00000000,0x00000000,1,0,1,0,1
present,530,17633943,0x00000000,0,0,0,0x00000000,0x00000000,1,0,1,0,1
present,531,17671064,0x00000000,0,0,0,0x00000000,0x00000000,1,0,1,0,1
present,532,17700571,0x00000000,0,0,0,0x00000000,0x00000000,1,0,1,0,1
present,533,17737620,0x00000000,0,0,0,0x00000000,0x00000000,1,0,1,0,1
present,534,17770337,0x00000000,0,0,0,0x00000000,0x00000000,1,0,1,0,1
present,535,17811194,0x00000000,0,0,0,0x00000000,0x00000000,1,0,1,0,1
present,536,17839826,0x00000000,0,0,0,0x00000000,0x00000000,1,0,1,0,1
present,537,17866814,0x00000000,0,0,0,0x00000000,0x00000000,1,0,1,0,1
present,538,17904709,0x00000000,0,0,0,0x00000000,0x00000000,1,0,1,0,1
present,539,17937617,0x00000000,0,0,0,0x00000000,0x00000000,1,0,1,0,1
present,540,17967312,0x00000000,0,0,0,0x00000000,0x00000000,1,0,1,0,1
present,541,18003257,0x00000000,0,0,0,0x00000000,0x00000000,2,0,1,0,1
present,542,18034127,0x00000000,0,0,0,0x00000000,0x00000000,2,0,1,0,1
present,543,18067286,0x00000000,0,0,0,0x00000000,0x00000000,2,0,1,0,1
present,544,18104402,0x00000000,0,0,0,0x00000000,0x00000000,2,0,1,0,1
present,545,18133505,0x00000000,0,0,0,0x00000000,0x00000000,2,0,1,0,1
present,546,18171297,0x00000000,0,0,0,0x00000000,0x00000000,2,0,1,0,1
present,547,18200629,0x00000000,0,0,0,0x00000000,0x00000000,2,0,1,0,1
present,548,18237097,0x00000000,0,0,0,0x00000000,0x00000000,2,0,1,0,1
present,549,18270438,0x00000000,0,0,0,0x00000000,0x00000000,2,0,1,0,1
present,550,18304197,0x00000000,0,0,0,0x00000000,0x00000000,2,0,1,0,1
present,551,18334256,0x00000000,0,0,0,0x00000000,0x00000000,2,0,1,0,1
present,552,18369366,0x00000000,0,0,0,0x00000000,0x00000000,2,0,1,0,1
present,553,18404181,0x00000000,0,0,0,0x00000000,0x00000000,2,0,1,0,1
present,554,18437060,0x00000000,0,0,0,0x00000000,0x00000000,2,0,1,0,1
present,555,18467285,0x00000000,0,0,0,0x00000000,0x00000000,2,0,1,0,1
present,556,18501903,0x00000000,0,0,0,0x00000000,0x00000000,2,0,1,0,1
present,557,18537609,0x00000000,0,0,0,0x00000000,0x00000000,2,0,1,0,1
present,558,18568219,0x00000000,0,0,0,0x00000000,0x00000000,2,0,1,0,1
present,559,18601193,0x00000000,0,0,0,0x00000000,0x00000000,2,0,1,0,1
present,560,18634905,0x00000000,0,0,0,0x00000000,0x00000000,2,0,1,0,1
present,561,18671123,0x00000000,0,0,0,0x00000000,0x00000000,2,0,1,0,1
present,562,18700697,0x00000000,0,0,0,0x00000000,0x00000000,2,0,1,0,1
present,563,18737233,0x00000000,0,0,0,0x00000000,0x00000000,2,0,1,0,1
present,564,18767403,0x00000000,0,0,0,0x00000000,0x00000000,2,0,1,0,1
present,565,18813948,0x00000000,0,0,0,0x00000000,0x00000000,2,0,1,0,1
present,566,18837190,0x00000000,0,0,0,0x00000000,0x00000000,2,0,1,0,1
present,567,18870478,0x00000000,0,0,0,0x00000000,0x00000000,2,0,1,0,1
present,568,18904518,0x00000000,0,0,0,0x00000000,0x00000000,2,0,1,0,1
present,569,18937636,0x00000000,0,0,0,0x00000000,0x00000000,2,0,1,0,1
present,570,18970879,0x00000000,0,0,0,0x00000000,0x00000000,2,0,1,0,1
present,571,19002244,0x00000000,0,0,0,0x00000000,0x00000000,3,0,1,0,1
present,572,19033900,0x00000000,0,0,0,0x00000000,0x00000000,3,0,1,0,1
present,573,19069590,0x00000000,0,0,0,0x00000000,0x00000000,3,0,1,0,1
present,574,19102998,0x00000000,0,0,0,0x00000000,0x00000000,3,0,1,0,1
present,575,19137169,0x00000000,0,0,0,0x00000000,0x00000000,3,0,1,0,1
present,576,19168663,0x00000000,0,0,0,0x00000000,0x00000000,3,0,1,0,1
present,577,19200735,0x00000000,0,0,0,0x00000000,0x00000000,3,0,1,0,1
present,578,19233902,0x00000000,0,0,0,0x00000000,0x00000000,3,0,1,0,1
present,579,19271087,0x00000000,0,0,0,0x00000000,0x00000000,3,0,1,0,1
present,580,19300702,0x00000000,0,0,0,0x00000000,0x00000000,3,0,1,0,1
present,581,19337290,0x00000000,0,0,0,0x00000000,0x00000000,3,0,1,0,1
present,582,19370697,0x00000000,0,0,0,0x00000000,0x00000000,3,0,1,0,1
present,583,19403581,0x00000000,0,0,0,0x00000000,0x00000000,3,0,1,0,1
present,584,19433982,0x00000000,0,0,0,0x00000000,0x00000000,3,0,1,0,1
present,585,19470548,0x00000000,0,0,0,0x00000000,0x00000000,3,0,1,0,1
present,586,19503296,0x00000000,0,0,0,0x00000000,0x00000000,3,0,1,0,1
present,587,19537412,0x00000000,0,0,0,0x00000000,0x00000000,3,0,1,0,1
present,588,19570538,0x00000000,0,0,0,0x00000000,0x00000000,3,0,1,0,1
present,589,19603990,0x00000000,0,0,0,0x00000000,0x00000000,3,0,1,0,1
present,590,19637437,0x00000000,0,0,0,0x00000000,0x00000000,3,0,1,0,1
present,591,19670472,0x00000000,0,0,0,0x00000000,0x00000000,3,0,1,0,1
present,592,19700623,0x00000000,0,0,0,0x00000000,0x00000000,3,0,1,0,1
present,593,19737713,0x00000000,0,0,0,0x00000000,0x00000000,3,0,1,0,1
present,594,19770525,0x00000000,0,0,0,0x00000000,0x00000000,3,0,1,0,1
present,595,19814422,0x00000000,0,0,0,0x00000000,0x00000000,3,0,1,0,1
present,596,19833932,0x00000000,0,0,0,0x00000000,0x00000000,3,0,1,0,1
present,597,19870976,0x00000000,0,0,0,0x00000000,0x00000000,3,0,1,0,1
present,598,19903536,0x00000000,0,0,0,0x00000000,0x00000000,3,0,1,0,1
present,599,19937610,0x00000000,0,0,0,0x00000000,0x00000000,3,0,1,0,1
present,600,19970596,0x00000000,0,0,0,0x00000000,0x00000000,3,0,1,0,1
present,601,20003273,0x00000000,0,0,0,0x00000000,0x00000000,0,0,1,0,1
present,602,20037264,0x00000000,0,0,0,0x00000000,0x00000000,0,0,1,0,1
present,603,20070482,0x00000000,0,0,0,0x00000000,0x00000000,0,0,1,0,1
present,604,20104201,0x00000000,0,0,0,0x00000000,0x00000000,0,0,1,0,1
present,605,20137177,0x00000000,0,0,0,0x00000000,0x00000000,0,0,1,0,1
present,606,20167794,0x00000000,0,0,0,0x00000000,0x00000000,0,0,1,0,1
present,607,20201049,0x00000000,0,0,0,0x00000000,0x00000000,0,0,1,0,1
present,608,20238212,0x00000000,0,0,0,0x00000000,0x00000000,0,0,1,0,1
present,609,20271115,0x00000000,0,0,0,0x00000000,0x00000000,0,0,1,0,1
present,610,20301948,0x00000000,0,0,0,0x00000000,0x00000000,0,0,1,0,1
present,611,20333946,0x00000000,0,0,0,0x00000000,0x00000000,0,0,1,0,1
present,612,20369372,0x00000000,0,0,0,0x00000000,0x00000000,0,0,1,0,1
present,613,20404105,0x00000000,0,0,0,0x00000000,0x00000000,0,0,1,0,1
present,614,20433940,0x00000000,0,0,0,0x00000000,0x00000000,0,0,1,0,1
present,615,20467181,0x00000000,0,0,0,0x00000000,0x00000000,0,0,1,0,1
present,616,20503913,0x00000000,0,0,0,0x00000000,0x00000000,0,0,1,0,1
present,617,20537553,0x00000000,0,0,0,0x00000000,0x00000000,0,0,1,0,1
present,618,20566998,0x00000000,0,0,0,0x00000000,0x00000000,0,0,1,0,1
present,619,20600509,0x00000000,0,0,0,0x00000000,0x00000000,0,0,1,0,1
present,620,20636187,0x00000000,0,0,0,0x00000000,0x00000000,0,0,1,0,1
present,621,20667036,0x00000000,0,0,0,0x00000000,0x00000000,0,0,1,0,1
present,622,20702280,0x00000000,0,0,0,0x00000000,0x00000000,0,0,1,0,1
present,623,20737774,0x00000000,0,0,0,0x00000000,0x00000000,0,0,1,0,1
present,624,20767333,0x00000000,0,0,0,0x00000000,0x00000000,0,0,1,0,1
present,625,20803974,0x00000000,0,0,0,0x00000000,0x00000000,0,0,1,0,1
present,626,20836787,0x00000000,0,0,0,0x00000000,0x00000000,0,0,1,0,1
present,627,20867331,0x00000000,0,0,0,0x00000000,0x00000000,0,0,1,0,1
present,628,20900550,0x00000000,0,0,0,0x00000000,0x00000000,0,0,1,0,1
present,629,20936784,0x00000000,0,0,0,0x00000000,0x00000000,0,0,1,0,1
present,630,20969263,0x00000000,0,0,0,0x00000000,0x00000000,0,0,1,0,1
present,631,21000582,0x00000000,0,0,0,0x00000000,0x00000000,1,0,1,0,1
present,632,21034054,0x00000000,0,0,0,0x00000000,0x00000000,1,0,1,0,1
present,633,21071373,0x00000000,0,0,0,0x00000000,0x00000000,1,0,1,0,1
present,634,21103168,0x00000000,0,0,0,0x00000000,0x00000000,1,0,1,0,1
present,635,21137441,0x00000000,0,0,0,0x00000000,0x00000000,1,0,1,0,1
present,636,21170042,0x00000000,0,0,0,0x00000000,0x00000000,1,0,1,0,1
present,637,21200568,0x00000000,0,0,0,0x00000000,0x00000000,1,0,1,0,1
present,638,21236125,0x00000000,0,0,0,0x00000000,0x00000000,1,0,1,0,1
present,639,21266899,0x00000000,0,0,0,0x00000000,0x00000000,1,0,1,0,1
present,640,21304549,0x00000000,0,0,0,0x00000000,0x00000000,1,0,1,0,1
present,641,21337339,0x00000000,0,0,0,0x00000000,0x00000000,1,0,1,0,1
present,642,21370861,0x00000000,0,0,0,0x00000000,0x00000000,1,0,1,0,1
present,643,21404758,0x00000000,0,0,0,0x00000000,0x00000000,1,0,1,0,1
present,644,21437289,0x00000000,0,0,0,0x00000000,0x00000000,1,0,1,0,1
present,645,21471158,0x00000000,0,0,0,0x00000000,0x00000000,1,0,1,0,1
present,646,21504182,0x00000000,0,0,0,0x00000000,0x00000000,1,0,1,0,1
present,647,21536613,0x00000000,0,0,0,0x00000000,0x00000000,1,0,1,0,1
present,648,21570420,0x00000000,0,0,0,0x00000000,0x00000000,1,0,1,0,1
present,649,21600487,0x00000000,0,0,0,0x00000000,0x00000000,1,0,1,0,1
present,650,21633540,0x00000000,0,0,0,0x00000000,0x00000000,1,0,1,0,1
present,651,21670298,0x00000000,0,0,0,0x00000000,0x00000000,1,0,1,0,1
present,652,21704168,0x00000000,0,0,0,0x00000000,0x00000000,1,0,1,0,1
present,653,21737677,0x00000000,0,0,0,0x00000000,0x00000000,1,0,1,0,1
present,654,21769288,0x00000000,0,0,0,0x00000000,0x00000000,1,0,1,0,1
present,655,21811799,0x00000000,0,0,0,0x00000000,0x00000000,1,0,1,0,1
present,656,21833899,0x00000000,0,0,0,0x00000000,0x00000000,1,0,1,0,1
present,657,21871016,0x00000000,0,0,0,0x00000000,0x00000000,1,0,1,0,1
present,658,21901029,0x00000000,0,0,0,0x00000000,0x00000000,1,0,1,0,1
present,659,21934157,0x00000000,0,0,0,0x00000000,0x00000000,1,0,1,0,1
present,660,21971241,0x00000000,0,0,0,0x00000000,0x00000000,1,0,1,0,1
present,661,22004081,0x00000000,0,0,0,0x00000000,0x00000000,2,0,1,0,1
present,662,22037456,0x00000000,0,0,0,0x00000000,0x00000000,2,0,1,0,1
present,663,22070923,0x00000000,0,0,0,0x00000000,0x00000000,2,0,1,0,1
present,664,22100538,0x00000000,0,0,0,0x00000000,0x00000000,2,0,1,0,1
present,665,22134825,0x00000000,0,0,0,0x00000000,0x00000000,2,0,1,0,1
present,666,22169514,0x00000000,0,0,0,0x00000000,0x00000000,2,0,1,0,1
present,667,22200781,0x00000000,0,0,0,0x00000000,0x00000000,2,0,1,0,1
present,668,22235826,0x00000000,0,0,0,0x00000000,0x00000000,2,0,1,0,1
present,669,22271008,0x00000000,0,0,0,0x00000000,0x00000000,2,0,1,0,1
present,670,22303852,0x00000000,0,0,0,0x00000000,0x00000000,2,0,1,0,1
present,671,22336939,0x00000000,0,0,0,0x00000000,0x00000000,2,0,1,0,1
present,672,22367364,0x00000000,0,0,0,0x00000000,0x00000000,2,0,1,0,1
present,673,22400595,0x00000000,0,0,0,0x00000000,0x00000000,2,0,1,0,1
present,674,22437583,0x00000000,0,0,0,0x00000000,0x00000000,2,0,1,0,1
present,675,22467756,0x00000000,0,0,0,0x00000000,0x00000000,2,0,1,0,1
present,676,22503794,0x00000000,0,0,0,0x00000000,0x00000000,2,0,1,0,1
present,677,22537867,0x00000000,0,0,0,0x00000000,0x00000000,2,0,1,0,1
present,678,22570806,0x00000000,0,0,0,0x00000000,0x00000000,2,0,1,0,1
present,679,22603260,0x00000000,0,0,0,0x00000000,0x00000000,2,0,1,0,1
present,680,22637512,0x00000000,0,0,0,0x00000000,0x00000000,2,0,1,0,1
present,681,22670692,0x00000000,0,0,0,0x00000000,0x00000000,2,0,1,0,1
present,682,22700169,0x00000000,0,0,0,0x00000000,0x00000000,2,0,1,0,1
present,683,22734828,0x00000000,0,0,0,0x00000000,0x00000000,2,0,1,0,1
present,684,22770063,0x00000000,0,0,0,0x00000000,0x00000000,2,0,1,0,1
present,685,22801799,0x00000000,0,0,0,0x00000000,0x00000000,2,0,1,0,1
present,686,22836777,0x00000000,0,0,0,0x00000000,0x00000000,2,0,1,0,1
present,687,22869987,0x00000000,0,0,0,0x00000000,0x00000000,2,0,1,0,1
present,688,22903298,0x00000000,0,0,0,0x00000000,0x00000000,2,0,1,0,1
present,689,22936541,0x00000000,0,0,0,0x00000000,0x00000000,2,0,1,0,1
present,690,22970828,0x00000000,0,0,0,0x00000000,0x00000000,2,0,1,0,1
present,691,23004523,0x00000000,0,0,0,0x00000000,0x00000000,3,0,1,0,1
present,692,23036965,0x00000000,0,0,0,0x00000000,0x00000000,3,0,1,0,1
present,693,23067891,0x00000000,0,0,0,0x00000000,0x00000000,3,0,1,0,1
present,694,23106379,0x00000000,0,0,0,0x00000000,0x00000000,3,0,1,0,1
present,695,23136020,0x00000000,0,0,0,0x00000000,0x00000000,3,0,1,0,1
present,696,23167444,0x00000000,0,0,0,0x00000000,0x00000000,3,0,1,0,1
present,697,23200646,0x00000000,0,0,0,0x00000000,0x00000000,3,0,1,0,1
present,698,23235432,0x00000000,0,0,0,0x00000000,0x00000000,3,0,1,0,1
present,699,23267364,0x00000000,0,0,0,0x00000000,0x00000000,3,0,1,0,1
present,700,23302070,0x00000000,0,0,0,0x00000000,0x00000000,3,0,1,0,1
present,701,23336058,0x00000000,0,0,0,0x00000000,0x00000000,3,0,1,0,1
present,702,23366940,0x00000000,0,0,0,0x00000000,0x00000000,3,0,1,0,1
present,703,23403328,0x00000000,0,0,0,0x00000000,0x00000000,3,0,1,0,1
present,704,23436992,0x00000000,0,0,0,0x00000000,0x00000000,3,0,1,0,1
present,705,23471027,0x00000000,0,0,0,0x00000000,0x00000000,3,0,1,0,1
present,706,23502454,0x00000000,0,0,0,0x00000000,0x00000000,3,0,1,0,1
present,707,23533972,0x00000000,0,0,0,0x00000000,0x00000000,3,0,1,0,1
present,708,23570293,0x00000000,0,0,0,0x00000000,0x00000000,3,0,1,0,1
present,709,23603595,0x00000000,0,0,0,0x00000000,0x00000000,3,0,1,0,1
present,710,23635774,0x00000000,0,0,0,0x00000000,0x00000000,3,0,1,0,1
present,711,23667368,0x00000000,0,0,0,0x00000000,0x00000000,3,0,1,0,1
present,712,23704271,0x00000000,0,0,0,0x00000000,0x00000000,3,0,1,0,1
present,713,23734480,0x00000000,0,0,0,0x00000000,0x00000000,3,0,1,0,1
present,714,23769644,0x00000000,0,0,0,0x00000000,0x00000000,3,0,1,0,1
present,715,23808074,0x00000000,0,0,0,0x00000000,0x00000000,3,0,1,0,1
present,716,23837923,0x00000000,0,0,0,0x00000000,0x00000000,3,0,1,0,1
present,717,23871265,0x00000000,0,0,0,0x00000000,0x00000000,3,0,1,0,1
present,718,23902647,0x00000000,0,0,0,0x00000000,0x00000000,3,0,1,0,1
present,719,23937873,0x00000000,0,0,0,0x00000000,0x00000000,3,0,1,0,1
present,720,23970797,0x00000000,0,0,0,0x00000000,0x00000000,3,0,1,0,1
present,721,24001806,0x00000000,0,0,0,0x00000000,0x00000000,0,0,1,0,1
present,722,24033969,0x00000000,0,0,0,0x00000000,0x00000000,0,0,1,0,1
present,723,24071156,0x00000000,0,0,0,0x00000000,0x00000000,0,0,1,0,1
present,724,24104236,0x00000000,0,0,0,0x00000000,0x00000000,0,0,1,0,1
present,725,24137414,0x00000000,0,0,0,0x00000000,0x00000000,0,0,1,0,1
present,726,24169207,0x00000000,0,0,0,0x00000000,0x00000000,0,0,1,0,1
present,727,24204654,0x00000000,0,0,0,0x00000000,0x00000000,0,0,1,0,1
present,728,24233945,0x00000000,0,0,0,0x00000000,0x00000000,0,0,1,0,1
present,729,24267475,0x00000000,0,0,0,0x00000000,0x00000000,0,0,1,0,1
present,730,24303672,0x00000000,0,0,0,0x00000000,0x00000000,0,0,1,0,1
present,731,24335437,0x00000000,0,0,0,0x00000000,0x00000000,0,0,1,0,1
present,732,24366866,0x00000000,0,0,0,0x00000000,0x00000000,0,0,1,0,1
present,733,24404614,0x00000000,0,0,0,0x00000000,0x00000000,0,0,1,0,1
present,734,24433976,0x00000000,0,0,0,0x00000000,0x00000000,0,0,1,0,1
present,735,24467410,0x00000000,0,0,0,0x00000000,0x00000000,0,0,1,0,1
present,736,24503898,0x00000000,0,0,0,0x00000000,0x00000000,0,0,1,0,1
present,737,24536878,0x00000000,0,0,0,0x00000000,0x00000000,0,0,1,0,1
present,738,24570897,0x00000000,0,0,0,0x00000000,0x00000000,0,0,1,0,1
present,739,24600617,0x00000000,0,0,0,0x00000000,0x00000000,0,0,1,0,1
present,740,24637842,0x00000000,0,0,0,0x00000000,0x00000000,0,0,1,0,1
present,741,24669493,0x00000000,0,0,0,0x00000000,0x00000000,0,0,1,0,1
present,742,24703098,0x00000000,0,0,0,0x00000000,0x00000000,0,0,1,0,1
present,743,24737251,0x00000000,0,0,0,0x00000000,0x00000000,0,0,1,0,1
present,744,24770499,0x00000000,0,0,0,0x00000000,0x00000000,0,0,1,0,1
present,745,24812564,0x00000000,0,0,0,0x00000000,0x00000000,0,0,1,0,1
present,746,24838311,0x00000000,0,0,0,0x00000000,0x00000000,0,0,1,0,1
present,747,24867326,0x00000000,0,0,0,0x00000000,0x00000000,0,0,1,0,1
present,748,24904588,0x00000000,0,0,0,0x00000000,0x00000000,0,0,1,0,1
present,749,24937384,0x00000000,0,0,0,0x00000000,0x00000000,0,0,1,0,1
present,750,24967341,0x00000000,0,0,0,0x00000000,0x00000000,0,0,1,0,1
present,751,25001208,0x00000000,0,0,0,0x00000000,0x00000000,1,0,1,0,1
present,752,25034914,0x00000000,0,0,0,0x00000000,0x00000000,1,0,1,0,1
present,753,25070167,0x00000000,0,0,0,0x00000000,0x00000000,1,0,1,0,1
present,754,25100634,0x00000000,0,0,0,0x00000000,0x00000000,1,0,1,0,1
present,755,25134311,0x00000000,0,0,0,0x00000000,0x00000000,1,0,1,0,1
present,756,25170393,0x00000000,0,0,0,0x00000000,0x00000000,1,0,1,0,1
present,757,25204414,0x00000000,0,0,0,0x00000000,0x00000000,1,0,1,0,1
present,758,25236038,0x00000000,0,0,0,0x00000000,0x00000000,1,0,1,0,1
present,759,25267346,0x00000000,0,0,0,0x00000000,0x00000000,1,0,1,0,1
present,760,25303995,0x00000000,0,0,0,0x00000000,0x00000000,1,0,1,0,1
present,761,25338066,0x00000000,0,0,0,0x00000000,0x00000000,1,0,1,0,1
present,762,25367731,0x00000000,0,0,0,0x00000000,0x00000000,1,0,1,0,1
present,763,25401361,0x00000000,0,0,0,0x00000000,0x00000000,1,0,1,0,1
present,764,25436587,0x00000000,0,0,0,0x00000000,0x00000000,1,0,1,0,1
present,765,25470076,0x00000000,0,0,0,0x00000000,0x00000000,1,0,1,0,1
present,766,25501189,0x00000000,0,0,0,0x00000000,0x00000000,1,0,1,0,1
present,767,25534753,0x00000000,0,0,0,0x00000000,0x00000000,1,0,1,0,1
present,768,25567334,0x00000000,0,0,0,0x00000000,0x00000000,1,0,1,0,1
present,769,25600751,0x00000000,0,0,0,0x00000000,0x00000000,1,0,1,0,1
present,770,25637329,0x00000000,0,0,0,0x00000000,0x00000000,1,0,1,0,1
present,771,25669691,0x00000000,0,0,0,0x00000000,0x00000000,1,0,1,0,1
present,772,25704740,0x00000000,0,0,0,0x00000000,0x00000000,1,0,1,0,1
present,773,25733961,0x00000000,0,0,0,0x00000000,0x00000000,1,0,1,0,1
present,774,25768330,0x00000000,0,0,0,0x00000000,0x00000000,1,0,1,0,1
present,775,25806814,0x00000000,0,0,0,0x00000000,0x00000000,1,0,1,0,1
present,776,25837610,0x00000000,0,0,0,0x00000000,0x00000000,1,0,1,0,1
present,777,25870665,0x00000000,0,0,0,0x00000000,0x00000000,1,0,1,0,1
present,778,25904110,0x00000000,0,0,0,0x00000000,0x00000000,1,0,1,0,1
present,779,25933961,0x00000000,0,0,0,0x00000000,0x00000000,1,0,1,0,1
present,780,25970472,0x00000000,0,0,0,0x00000000,0x00000000,1,0,1,0,1
present,781,26003237,0x00000000,0,0,0,0x00000000,0x00000000,2,0,1,0,1
present,782,26036964,0x00000000,0,0,0,0x00000000,0x00000000,2,0,1,0,1
present,783,26068088,0x00000000,0,0,0,0x00000000,0x00000000,2,0,1,0,1
present,784,26104309,0x00000000,0,0,0,0x00000000,0x00000000,2,0,1,0,1
present,785,26133865,0x00000000,0,0,0,0x00000000,0x00000000,2,0,1,0,1
present,786,26167245,0x00000000,0,0,0,0x00000000,0x00000000,2,0,1,0,1
present,787,26203544,0x00000000,0,0,0,0x00000000,0x00000000,2,0,1,0,1
present,788,26233558,0x00000000,0,0,0,0x00000000,0x00000000,2,0,1,0,1
present,789,26270489,0x00000000,0,0,0,0x00000000,0x00000000,2,0,1,0,1
present,790,26303077,0x00000000,0,0,0,0x00000000,0x00000000,2,0,1,0,1
present,791,26337849,0x00000000,0,0,0,0x00000000,0x00000000,2,0,1,0,1
present,792,26366963,0x00000000,0,0,0,0x00000000,0x00000000,2,0,1,0,1
present,793,26400612,0x00000000,0,0,0,0x00000000,0x00000000,2,0,1,0,1
present,794,26437005,0x00000000,0,0,0,0x00000000,0x00000000,2,0,1,0,1
present,795,26470957,0x00000000,0,0,0,0x00000000,0x00000000,2,0,1,0,1
present,796,26500190,0x00000000,0,0,0,0x00000000,0x00000000,2,0,1,0,1
present,797,26537957,0x00000000,0,0,0,0x00000000,0x00000000,2,0,1,0,1
present,798,26569070,0x00000000,0,0,0,0x00000000,0x00000000,2,0,1,0,1
present,799,26603023,0x00000000,0,0,0,0x00000000,0x00000000,2,0,1,0,1
present,800,26635904,0x00000000,0,0,0,0x00000000,0x00000000,2,0,1,0,1
present,801,26666848,0x00000000,0,0,0,0x00000000,0x00000000,2,0,1,0,1
present,802,26704608,0x00000000,0,0,0,0x00000000,0x00000000,2,0,1,0,1
present,803,26735630,0x00000000,0,0,0,0x00000000,0x00000000,2,0,1,0,1
present,804,26767222,0x00000000,0,0,0,0x00000000,0x00000000,2,0,1,0,1
present,805,26808382,0x00000000,0,0,0,0x00000000,0x00000000,2,0,1,0,1
present,806,26833697,0x00000000,0,0,0,0x00000000,0x00000000,2,0,1,0,1
present,807,26870506,0x00000000,0,0,0,0x00000000,0x00000000,2,0,1,0,1
present,808,26900189,0x00000000,0,0,0,0x00000000,0x00000000,2,0,1,0,1
present,809,26936941,0x00000000,0,0,0,0x00000000,0x00000000,2,0,1,0,1
present,810,26970315,0x00000000,0,0,0,0x00000000,0x00000000,2,0,1,0,1
present,811,27003643,0x00000000,0,0,0,0x00000000,0x00000000,3,0,1,0,1
present,812,27037326,0x00000000,0,0,0,0x00000000,0x00000000,3,0,1,0,1
present,813,27070830,0x00000000,0,0,0,0x00000000,0x00000000,3,0,1,0,1
present,814,27101533,0x00000000,0,0,0,0x00000000,0x00000000,3,0,1,0,1
present,815,27137635,0x00000000,0,0,0,0x00000000,0x00000000,3,0,1,0,1
present,816,27170109,0x00000000,0,0,0,0x00000000,0x00000000,3,0,1,0,1
present,817,27202546,0x00000000,0,0,0,0x00000000,0x00000000,3,0,1,0,1
present,818,27237892,0x00000000,0,0,0,0x00000000,0x00000000,3,0,1,0,1
present,819,27267423,0x00000000,0,0,0,0x00000000,0x00000000,3,0,1,0,1
present,820,27304475,0x00000000,0,0,0,0x00000000,0x00000000,3,0,1,0,1
present,821,27337577,0x00000000,0,0,0,0x00000000,0x00000000,3,0,1,0,1
present,822,27369966,0x00000000,0,0,0,0x00000000,0x00000000,3,0,1,0,1
present,823,27403890,0x00000000,0,0,0,0x00000000,0x00000000,3,0,1,0,1
present,824,27436190,0x00000000,0,0,0,0x00000000,0x00000000,3,0,1,0,1
present,825,27471242,0x00000000,0,0,0,0x00000000,0x00000000,3,0,1,0,1
present,826,27502693,0x00000000,0,0,0,0x00000000,0x00000000,3,0,1,0,1
present,827,27534105,0x00000000,0,0,0,0x00000000,0x00000000,3,0,1,0,1
present,828,27571231,0x00000000,0,0,0,0x00000000,0x00000000,3,0,1,0,1
present,829,27604203,0x00000000,0,0,0,0x00000000,0x00000000,3,0,1,0,1
present,830,27636701,0x00000000,0,0,0,0x00000000,0x00000000,3,0,1,0,1
present,831,27667571,0x00000000,0,0,0,0x00000000,0x00000000,3,0,1,0,1
present,832,27704581,0x00000000,0,0,0,0x00000000,0x00000000,3,0,1,0,1
present,833,27734815,0x00000000,0,0,0,0x00000000,0x00000000,3,0,1,0,1
present,834,27770428,0x00000000,0,0,0,0x00000000,0x00000000,3,0,1,0,1
present,835,27812507,0x00000000,0,0,0,0x00000000,0x00000000,3,0,1,0,1
present,836,27837375,0x00000000,0,0,0,0x00000000,0x00000000,3,0,1,0,1
present,837,27867505,0x00000000,0,0,0,0x00000000,0x00000000,3,0,1,0,1
present,838,27903170,0x00000000,0,0,0,0x00000000,0x00000000,3,0,1,0,1
present,839,27937196,0x00000000,0,0,0,0x00000000,0x00000000,3,0,1,0,1
present,840,27971590,0x00000000,0,0,0,0x00000000,0x00000000,3,0,1,0,1
present,841,28001090,0x00000000,0,0,0,0x00000000,0x00000000,0,0,1,0,1
present,842,28037013,0x00000000,0,0,0,0x00000000,0x00000000,0,0,1,0,1
present,843,28068170,0x00000000,0,0,0,0x00000000,0x00000000,0,0,1,0,1
present,844,28100598,0x00000000,0,0,0,0x00000000,0x00000000,0,0,1,0,1
present,845,28134685,0x00000000,0,0,0,0x00000000,0x00000000,0,0,1,0,1
present,846,28170109,0x00000000,0,0,0,0x00000000,0x00000000,0,0,1,0,1
present,847,28200854,0x00000000,0,0,0,0x00000000,0x00000000,0,0,1,0,1
present,848,28237754,0x00000000,0,0,0,0x00000000,0x00000000,0,0,1,0,1
present,849,28267190,0x00000000,0,0,0,0x00000000,0x00000000,0,0,1,0,1
present,850,28303051,0x00000000,0,0,0,0x00000000,0x00000000,0,0,1,0,1
present,851,28335608,0x00000000,0,0,0,0x00000000,0x00000000,0,0,1,0,1
present,852,28370646,0x00000000,0,0,0,0x00000000,0x00000000,0,0,1,0,1
present,853,28403320,0x00000000,0,0,0,0x00000000,0x00000000,0,0,1,0,1
present,854,28436684,0x00000000,0,0,0,0x00000000,0x00000000,0,0,1,0,1
present,855,28469973,0x00000000,0,0,0,0x00000000,0x00000000,0,0,1,0,1
present,856,28503175,0x00000000,0,0,0,0x00000000,0x00000000,0,0,1,0,1
present,857,28537385,0x00000000,0,0,0,0x00000000,0x00000000,0,0,1,0,1
present,858,28567197,0x00000000,0,0,0,0x00000000,0x00000000,0,0,1,0,1
present,859,28604200,0x00000000,0,0,0,0x00000000,0x00000000,0,0,1,0,1
present,860,28634777,0x00000000,0,0,0,0x00000000,0x00000000,0,0,1,0,1
present,861,28669630,0x00000000,0,0,0,0x00000000,0x00000000,0,0,1,0,1
present,862,28703999,0x00000000,0,0,0,0x00000000,0x00000000,0,0,1,0,1
present,863,28738113,0x00000000,0,0,0,0x00000000,0x00000000,0,0,1,0,1
present,864,28767369,0x00000000,0,0,0,0x00000000,0x00000000,0,0,1,0,1
present,865,28810305,0x00000000,0,0,0,0x00000000,0x00000000,0,0,1,0,1
present,866,28834019,0x00000000,0,0,0,0x00000000,0x00000000,0,0,1,0,1
present,867,28866849,0x00000000,0,0,0,0x00000000,0x00000000,0,0,1,0,1
present,868,28903564,0x00000000,0,0,0,0x00000000,0x00000000,0,0,1,0,1
present,869,28937489,0x00000000,0,0,0,0x00000000,0x00000000,0,0,1,0,1
present,870,28967390,0x00000000,0,0,0,0x00000000,0x00000000,0,0,1,0,1
present,871,29004362,0x00000000,0,0,0,0x00000000,0x00000000,1,0,1,0,1
present,872,29037478,0x00000000,0,0,0,0x00000000,0x00000000,1,0,1,0,1
present,873,29067403,0x00000000,0,0,0,0x00000000,0x00000000,1,0,1,0,1
present,874,29100695,0x00000000,0,0,0,0x00000000,0x00000000,1,0,1,0,1
present,875,29138886,0x00000000,0,0,0,0x00000000,0x00000000,1,0,1,0,1
present,876,29170953,0x00000000,0,0,0,0x00000000,0x00000000,1,0,1,0,1
present,877,29203941,0x00000000,0,0,0,0x00000000,0x00000000,1,0,1,0,1
present,878,29238767,0x00000000,0,0,0,0x00000000,0x00000000,1,0,1,0,1
present,879,29267449,0x00000000,0,0,0,0x00000000,0x00000000,1,0,1,0,1
present,880,29303840,0x00000000,0,0,0,0x00000000,0x00000000,1,0,1,0,1
present,881,29337432,0x00000000,0,0,0,0x00000000,0x00000000,1,0,1,0,1
present,882,29369778,0x00000000,0,0,0,0x00000000,0x00000000,1,0,1,0,1
present,883,29400723,0x00000000,0,0,0,0x00000000,0x00000000,1,0,1,0,1
present,884,29437499,0x00000000,0,0,0,0x00000000,0x00000000,1,0,1,0,1
present,885,29470718,0x00000000,0,0,0,0x00000000,0x00000000,1,0,1,0,1
present,886,29500621,0x00000000,0,0,0,0x00000000,0x00000000,1,0,1,0,1
present,887,29534562,0x00000000,0,0,0,0x00000000,0x00000000,1,0,1,0,1
present,888,29567560,0x00000000,0,0,0,0x00000000,0x00000000,1,0,1,0,1
present,889,29604513,0x00000000,0,0,0,0x00000000,0x00000000,1,0,1,0,1
present,890,29637443,0x00000000,0,0,0,0x00000000,0x00000000,1,0,1,0,1
present,891,29667342,0x00000000,0,0,0,0x00000000,0x00000000,1,0,1,0,1
present,892,29702309,0x00000000,0,0,0,0x00000000,0x00000000,1,0,1,0,1
present,893,29737735,0x00000000,0,0,0,0x00000000,0x00000000,1,0,1,0,1
present,894,29770173,0x00000000,0,0,0,0x00000000,0x00000000,1,0,1,0,1
present,895,29811096,0x00000000,0,0,0,0x00000000,0x00000000,1,0,1,0,1
present,896,29835588,0x00000000,0,0,0,0x00000000,0x00000000,1,0,1,0,1
present,897,29869538,0x00000000,0,0,0,0x00000000,0x00000000,1,0,1,0,1
present,898,29903143,0x00000000,0,0,0,0x00000000,0x00000000,1,0,1,0,1
present,899,29937762,0x00000000,0,0,0,0x00000000,0x00000000,1,0,1,0,1
present,900,29969314,0x00000000,0,0,0,0x00000000,0x00000000,1,0,1,0,1
present,901,30002692,0x00000000,0,0,0,0x00000000,0x00000000,2,0,1,0,1
present,902,30037514,0x00000000,0,0,0,0x00000000,0x00000000,2,0,1,0,1
present,903,30066885,0x00000000,0,0,0,0x00000000,0x00000000,2,0,1,0,1
present,904,30104619,0x00000000,0,0,0,0x00000000,0x00000000,2,0,1,0,1
present,905,30137436,0x00000000,0,0,0,0x00000000,0x00000000,2,0,1,0,1
present,906,30166824,0x00000000,0,0,0,0x00000000,0x00000000,2,0,1,0,1
present,907,30204599,0x00000000,0,0,0,0x00000000,0x00000000,2,0,1,0,1
present,908,30236006,0x00000000,0,0,0,0x00000000,0x00000000,2,0,1,0,1
present,909,30267295,0x00000000,0,0,0,0x00000000,0x00000000,2,0,1,0,1
present,910,30303632,0x00000000,0,0,0,0x00000000,0x00000000,2,0,1,0,1
present,911,30334466,0x00000000,0,0,0,0x00000000,0x00000000,2,0,1,0,1
present,912,30369948,0x00000000,0,0,0,0x00000000,0x00000000,2,0,1,0,1
present,913,30403639,0x00000000,0,0,0,0x00000000,0x00000000,2,0,1,0,1
present,914,30437169,0x00000000,0,0,0,0x00000000,0x00000000,2,0,1,0,1
present,915,30468846,0x00000000,0,0,0,0x00000000,0x00000000,2,0,1,0,1
present,916,30503611,0x00000000,0,0,0,0x00000000,0x00000000,2,0,1,0,1
present,917,30534027,0x00000000,0,0,0,0x00000000,0x00000000,2,0,1,0,1
present,918,30570117,0x00000000,0,0,0,0x00000000,0x00000000,2,0,1,0,1
present,919,30601014,0x00000000,0,0,0,0x00000000,0x00000000,2,0,1,0,1
present,920,30637887,0x00000000,0,0,0,0x00000000,0x00000000,2,0,1,0,1
present,921,30667137,0x00000000,0,0,0,0x00000000,0x00000000,2,0,1,0,1
present,922,30704056,0x00000000,0,0,0,0x00000000,0x00000000,2,0,1,0,1
present,923,30735822,0x00000000,0,0,0,0x00000000,0x00000000,2,0,1,0,1
present,924,30766872,0x00000000,0,0,0,0x00000000,0x00000000,2,0,1,0,1
present,925,30800324,0x00000000,0,0,0,0x00000000,0x00000000,2,0,1,0,1
present,926,30836639,0x00000000,0,0,0,0x00000000,0x00000000,2,0,1,0,1
present,927,30869936,0x00000000,0,0,0,0x00000000,0x00000000,2,0,1,0,1
present,928,30903466,0x00000000,0,0,0,0x00000000,0x00000000,2,0,1,0,1
present,929,30935862,0x00000000,0,0,0,0x00000000,0x00000000,2,0,1,0,1
present,930,30967461,0x00000000,0,0,0,0x00000000,0x00000000,2,0,1,0,1
present,931,31000842,0x00000000,0,0,0,0x00000000,0x00000000,3,0,1,0,1
present,932,31033502,0x00000000,0,0,0,0x00000000,0x00000000,3,0,1,0,1
present,933,31067407,0x00000000,0,0,0,0x00000000,0x00000000,3,0,1,0,1
present,934,31100223,0x00000000,0,0,0,0x00000000,0x00000000,3,0,1,0,1
present,935,31136196,0x00000000,0,0,0,0x00000000,0x00000000,3,0,1,0,1
present,936,31166906,0x00000000,0,0,0,0x00000000,0x00000000,3,0,1,0,1
present,937,31203248,0x00000000,0,0,0,0x00000000,0x00000000,3,0,1,0,1
present,938,31236574,0x00000000,0,0,0,0x00000000,0x00000000,3,0,1,0,1
present,939,31270960,0x00000000,0,0,0,0x00000000,0x00000000,3,0,1,0,1
present,940,31303324,0x00000000,0,0,0,0x00000000,0x00000000,3,0,1,0,1
present,941,31336702,0x00000000,0,0,0,0x00000000,0x00000000,3,0,1,0,1
present,942,31370042,0x00000000,0,0,0,0x00000000,0x00000000,3,0,1,0,1
present,943,31403390,0x00000000,0,0,0,0x00000000,0x00000000,3,0,1,0,1
present,944,31436727,0x00000000,0,0,0,0x00000000,0x00000000,3,0,1,0,1
present,945,31469995,0x00000000,0,0,0,0x00000000,0x00000000,3,0,1,0,1
present,946,31503239,0x00000000,0,0,0,0x00000000,0x00000000,3,0,1,0,1
present,947,31537566,0x00000000,0,0,0,0x00000000,0x00000000,3,0,1,0,1
present,948,31569436,0x00000000,0,0,0,0x00000000,0x00000000,3,0,1,0,1
present,949,31603696,0x00000000,0,0,0,0x00000000,0x00000000,3,0,1,0,1
present,950,31633505,0x00000000,0,0,0,0x00000000,0x00000000,3,0,1,0,1
present,951,31667678,0x00000000,0,0,0,0x00000000,0x00000000,3,0,1,0,1
present,952,31703889,0x00000000,0,0,0,0x00000000,0x00000000,3,0,1,0,1
present,953,31737190,0x00000000,0,0,0,0x00000000,0x00000000,3,0,1,0,1
present,954,31770818,0x00000000,0,0,0,0x00000000,0x00000000,3,0,1,0,1
present,955,31811016,0x00000000,0,0,0,0x00000000,0x00000000,3,0,1,0,1
present,956,31837297,0x00000000,0,0,0,0x00000000,0x00000000,3,0,1,0,1
present,957,31871016,0x00000000,0,0,0,0x00000000,0x00000000,3,0,1,0,1
present,958,31903991,0x00000000,0,0,0,0x00000000,0x00000000,3,0,1,0,1
present,959,31936040,0x00000000,0,0,0,0x00000000,0x00000000,3,0,1,0,1
present,960,31967257,0x00000000,0,0,0,0x00000000,0x00000000,3,0,1,0,1
present,961,32004378,0x00000000,0,0,0,0x00000000,0x00000000,0,0,1,0,1
present,962,32037374,0x00000000,0,0,0,0x00000000,0x00000000,0,0,1,0,1
present,963,32067203,0x00000000,0,0,0,0x00000000,0x00000000,0,0,1,0,1
present,964,32103017,0x00000000,0,0,0,0x00000000,0x00000000,0,0,1,0,1
present,965,32137097,0x00000000,0,0,0,0x00000000,0x00000000,0,0,1,0,1
present,966,32167323,0x00000000,0,0,0,0x00000000,0x00000000,0,0,1,0,1
present,967,32204182,0x00000000,0,0,0,0x00000000,0x00000000,0,0,1,0,1
present,968,32233906,0x00000000,0,0,0,0x00000000,0x00000000,0,0,1,0,1
present,969,32270990,0x00000000,0,0,0,0x00000000,0x00000000,0,0,1,0,1
present,970,32303343,0x00000000,0,0,0,0x00000000,0x00000000,0,0,1,0,1
present,971,32333632,0x00000000,0,0,0,0x00000000,0x00000000,0,0,1,0,1
present,972,32370082,0x00000000,0,0,0,0x00000000,0x00000000,0,0,1,0,1
present,973,32403929,0x00000000,0,0,0,0x00000000,0x00000000,0,0,1,0,1
present,974,32436051,0x00000000,0,0,0,0x00000000,0x00000000,0,0,1,0,1
present,975,32467570,0x00000000,0,0,0,0x00000000,0x00000000,0,0,1,0,1
present,976,32501089,0x00000000,0,0,0,0x00000000,0x00000000,0,0,1,0,1
present,977,32537291,0x00000000,0,0,0,0x00000000,0x00000000,0,0,1,0,1
present,978,32571257,0x00000000,0,0,0,0x00000000,0x00000000,0,0,1,0,1
present,979,32603919,0x00000000,0,0,0,0x00000000,0x00000000,0,0,1,0,1
present,980,32637623,0x00000000,0,0,0,0x00000000,0x00000000,0,0,1,0,1
present,981,32670311,0x00000000,0,0,0,0x00000000,0x00000000,0,0,1,0,1
present,982,32704191,0x00000000,0,0,0,0x00000000,0x00000000,0,0,1,0,1
present,983,32734247,0x00000000,0,0,0,0x00000000,0x00000000,0,0,1,0,1
present,984,32771062,0x00000000,0,0,0,0x00000000,0x00000000,0,0,1,0,1
present,985,32807116,0x00000000,0,0,0,0x00000000,0x00000000,0,0,1,0,1
present,986,32837224,0x00000000,0,0,0,0x00000000,0x00000000,0,0,1,0,1
present,987,32871070,0x00000000,0,0,0,0x00000000,0x00000000,0,0,1,0,1
present,988,32903863,0x00000000,0,0,0,0x00000000,0x00000000,0,0,1,0,1
present,989,32937701,0x00000000,0,0,0,0x00000000,0x00000000,0,0,1,0,1
present,990,32969477,0x00000000,0,0,0,0x00000000,0x00000000,0,0,1,0,1
present,991,33002047,0x00000000,0,0,0,0x00000000,0x00000000,1,0,1,0,1
present,992,33034531,0x00000000,0,0,0,0x00000000,0x00000000,1,0,1,0,1
present,993,33067334,0x00000000,0,0,0,0x00000000,0x00000000,1,0,1,0,1
present,994,33104110,0x00000000,0,0,0,0x00000000,0x00000000,1,0,1,0,1
present,995,33137077,0x00000000,0,0,0,0x00000000,0x00000000,1,0,1,0,1
present,996,33170699,0x00000000,0,0,0,0x00000000,0x00000000,1,0,1,0,1
present,997,33200768,0x00000000,0,0,0,0x00000000,0x00000000,1,0,1,0,1
present,998,33238297,0x00000000,0,0,0,0x00000000,0x00000000,1,0,1,0,1
present,999,33271371,0x00000000,0,0,0,0x00000000,0x00000000,1,0,1,0,1
present,1000,33304272,0x00000000,0,0,0,0x00000000,0x00000000,1,0,1,0,1
present,1001,33336173,0x00000000,0,0,0,0x00000000,0x00000000,1,0,1,0,1
present,1002,33370011,0x00000000,0,0,0,0x00000000,0x00000000,1,0,1,0,1
present,1003,33404007,0x00000000,0,0,0,0x00000000,0x00000000,1,0,1,0,1
present,1004,33438107,0x00000000,0,0,0,0x00000000,0x00000000,1,0,1,0,1
present,1005,33470534,0x00000000,0,0,0,0x00000000,0x00000000,1,0,1,0,1
present,1006,33500790,0x00000000,0,0,0,0x00000000,0x00000000,1,0,1,0,1
present,1007,33537835,0x00000000,0,0,0,0x00000000,0x00000000,1,0,1,0,1
present,1008,33567428,0x00000000,0,0,0,0x00000000,0x00000000,1,0,1,0,1
present,1009,33603848,0x00000000,0,0,0,0x00000000,0x00000000,1,0,1,0,1
present,1010,33636570,0x00000000,0,0,0,0x00000000,0x00000000,1,0,1,0,1
present,1011,33669858,0x00000000,0,0,0,0x00000000,0x00000000,1,0,1,0,1
present,1012,33704259,0x00000000,0,0,0,0x00000000,0x00000000,1,0,1,0,1
present,1013,33737236,0x00000000,0,0,0,0x00000000,0x00000000,1,0,1,0,1
present,1014,33771313,0x00000000,0,0,0,0x00000000,0x00000000,1,0,1,0,1
present,1015,33807632,0x00000000,0,0,0,0x00000000,0x00000000,1,0,1,0,1
present,1016,33834338,0x00000000,0,0,0,0x00000000,0x00000000,1,0,1,0,1
present,1017,33870566,0x00000000,0,0,0,0x00000000,0x00000000,1,0,1,0,1
present,1018,33902687,0x00000000,0,0,0,0x00000000,0x00000000,1,0,1,0,1
present,1019,33934168,0x00000000,0,0,0,0x00000000,0x00000000,1,0,1,0,1
present,1020,33967350,0x00000000,0,0,0,0x00000000,0x00000000,1,0,1,0,1
present,1021,34004050,0x00000000,0,0,0,0x00000000,0x00000000,2,0,1,0,1
present,1022,34033890,0x00000000,0,0,0,0x00000000,0x00000000,2,0,1,0,1
present,1023,34068167,0x00000000,0,0,0,0x00000000,0x00000000,2,0,1,0,1
present,1024,34102285,0x00000000,0,0,0,0x00000000,0x00000000,2,0,1,0,1
present,1025,34137386,0x00000000,0,0,0,0x00000000,0x00000000,2,0,1,0,1
present,1026,34167232,0x00000000,0,0,0,0x00000000,0x00000000,2,0,1,0,1
present,1027,34203639,0x00000000,0,0,0,0x00000000,0x00000000,2,0,1,0,1
present,1028,34237712,0x00000000,0,0,0,0x00000000,0x00000000,2,0,1,0,1
present,1029,34270746,0x00000000,0,0,0,0x00000000,0x00000000,2,0,1,0,1
present,1030,34303102,0x00000000,0,0,0,0x00000000,0x00000000,2,0,1,0,1
present,1031,34337466,0x00000000,0,0,0,0x00000000,0x00000000,2,0,1,0,1
present,1032,34370666,0x00000000,0,0,0,0x00000000,0x00000000,2,0,1,0,1
present,1033,34404069,0x00000000,0,0,0,0x00000000,0x00000000,2,0,1,0,1
present,1034,34437662,0x00000000,0,0,0,0x00000000,0x00000000,2,0,1,0,1
present,1035,34469245,0x00000000,0,0,0,0x00000000,0x00000000,2,0,1,0,1
present,1036,34503613,0x00000000,0,0,0,0x00000000,0x00000000,2,0,1,0,1
present,1037,34536879,0x00000000,0,0,0,0x00000000,0x00000000,2,0,1,0,1
present,1038,34570406,0x00000000,0,0,0,0x00000000,0x00000000,2,0,1,0,1
present,1039,34600756,0x00000000,0,0,0,0x00000000,0x00000000,2,0,1,0,1
present,1040,34637601,0x00000000,0,0,0,0x00000000,0x00000000,2,0,1,0,1
present,1041,34667278,0x00000000,0,0,0,0x00000000,0x00000000,2,0,1,0,1
present,1042,34702707,0x00000000,0,0,0,0x00000000,0x00000000,2,0,1,0,1
present,1043,34738352,0x00000000,0,0,0,0x00000000,0x00000000,2,0,1,0,1
present,1044,34767420,0x00000000,0,0,0,0x00000000,0x00000000,2,0,1,0,1
present,1045,34805770,0x00000000,0,0,0,0x00000000,0x00000000,2,0,1,0,1
present,1046,34838195,0x00000000,0,0,0,0x00000000,0x00000000,2,0,1,0,1
present,1047,34867237,0x00000000,0,0,0,0x00000000,0x00000000,2,0,1,0,1
present,1048,34904087,0x00000000,0,0,0,0x00000000,0x00000000,2,0,1,0,1
present,1049,34937098,0x00000000,0,0,0,0x00000000,0x00000000,2,0,1,0,1
present,1050,34970185,0x00000000,0,0,0,0x00000000,0x00000000,2,0,1,0,1
present,1051,35002032,0x00000000,0,0,0,0x00000000,0x00000000,3,0,1,0,1
present,1052,35037461,0x00000000,0,0,0,0x00000000,0x00000000,3,0,1,0,1
present,1053,35067553,0x00000000,0,0,0,0x00000000,0x00000000,3,0,1,0,1
present,1054,35104568,0x00000000,0,0,0,0x00000000,0x00000000,3,0,1,0,1
present,1055,35134211,0x00000000,0,0,0,0x00000000,0x00000000,3,0,1,0,1
present,1056,35170079,0x00000000,0,0,0,0x00000000,0x00000000,3,0,1,0,1
present,1057,35203813,0x00000000,0,0,0,0x00000000,0x00000000,3,0,1,0,1
present,1058,35234002,0x00000000,0,0,0,0x00000000,0x00000000,3,0,1,0,1
present,1059,35271078,0x00000000,0,0,0,0x00000000,0x00000000,3,0,1,0,1
present,1060,35302276,0x00000000,0,0,0,0x00000000,0x00000000,3,0,1,0,1
present,1061,35337828,0x00000000,0,0,0,0x00000000,0x00000000,3,0,1,0,1
present,1062,35369682,0x00000000,0,0,0,0x00000000,0x00000000,3,0,1,0,1
present,1063,35401003,0x00000000,0,0,0,0x00000000,0x00000000,3,0,1,0,1
present,1064,35436988,0x00000000,0,0,0,0x00000000,0x00000000,3,0,1,0,1
present,1065,35467212,0x00000000,0,0,0,0x00000000,0x00000000,3,0,1,0,1
present,1066,35501376,0x00000000,0,0,0,0x00000000,0x00000000,3,0,1,0,1
present,1067,35537114,0x00000000,0,0,0,0x00000000,0x00000000,3,0,1,0,1
present,1068,35567403,0x00000000,0,0,0,0x00000000,0x00000000,3,0,1,0,1
present,1069,35602942,0x00000000,0,0,0,0x00000000,0x00000000,3,0,1,0,1
present,1070,35635247,0x00000000,0,0,0,0x00000000,0x00000000,3,0,1,0,1
present,1071,35671045,0x00000000,0,0,0,0x00000000,0x00000000,3,0,1,0,1
present,1072,35703382,0x00000000,0,0,0,0x00000000,0x00000000,3,0,1,0,1
present,1073,35737436,0x00000000,0,0,0,0x00000000,0x00000000,3,0,1,0,1
present,1074,35766862,0x00000000,0,0,0,0x00000000,0x00000000,3,0,1,0,1
present,1075,35807359,0x00000000,0,0,0,0x00000000,0x00000000,3,0,1,0,1
present,1076,35837163,0x00000000,0,0,0,0x00000000,0x00000000,3,0,1,0,1
present,1077,35866829,0x00000000,0,0,0,0x00000000,0x00000000,3,0,1,0,1
present,1078,35904631,0x00000000,0,0,0,0x00000000,0x00000000,3,0,1,0,1
present,1079,35934240,0x00000000,0,0,0,0x00000000,0x00000000,3,0,1,0,1
present,1080,35967331,0x00000000,0,0,0,0x00000000,0x00000000,3,0,1,0,1
present,1081,36003719,0x00000000,0,0,0,0x00000000,0x00000000,0,0,1,0,1
present,1082,36037528,0x00000000,0,0,0,0x00000000,0x00000000,0,0,1,0,1
present,1083,36070488,0x00000000,0,0,0,0x00000000,0x00000000,0,0,1,0,1
present,1084,36104468,0x00000000,0,0,0,0x00000000,0x00000000,0,0,1,0,1
present,1085,36134074,0x00000000,0,0,0,0x00000000,0x00000000,0,0,1,0,1
present,1086,36171076,0x00000000,0,0,0,0x00000000,0x00000000,0,0,1,0,1
present,1087,36204195,0x00000000,0,0,0,0x00000000,0x00000000,0,0,1,0,1
present,1088,36237486,0x00000000,0,0,0,0x00000000,0x00000000,0,0,1,0,1
present,1089,36267320,0x00000000,0,0,0,0x00000000,0x00000000,0,0,1,0,1
present,1090,36300647,0x00000000,0,0,0,0x00000000,0x00000000,0,0,1,0,1
present,1091,36336896,0x00000000,0,0,0,0x00000000,0x00000000,0,0,1,0,1
present,1092,36366954,0x00000000,0,0,0,0x00000000,0x00000000,0,0,1,0,1
present,1093,36400801,0x00000000,0,0,0,0x00000000,0x00000000,0,0,1,0,1
present,1094,36437262,0x00000000,0,0,0,0x00000000,0x00000000,0,0,1,0,1
present,1095,36467322,0x00000000,0,0,0,0x00000000,0x00000000,0,0,1,0,1
present,1096,36500163,0x00000000,0,0,0,0x00000000,0x00000000,0,0,1,0,1
present,1097,36537826,0x00000000,0,0,0,0x00000000,0x00000000,0,0,1,0,1
present,1098,36570242,0x00000000,0,0,0,0x00000000,0x00000000,0,0,1,0,1
present,1099,36604009,0x00000000,0,0,0,0x00000000,0x00000000,0,0,1,0,1
present,1100,36637428,0x00000000,0,0,0,0x00000000,0x00000000,0,0,1,0,1
present,1101,36671157,0x00000000,0,0,0,0x00000000,0x00000000,0,0,1,0,1
present,1102,36702963,0x00000000,0,0,0,0x00000000,0x00000000,0,0,1,0,1
present,1103,36737511,0x00000000,0,0,0,0x00000000,0x00000000,0,0,1,0,1
present,1104,36767232,0x00000000,0,0,0,0x00000000,0x00000000,0,0,1,0,1
present,1105,36812816,0x00000000,0,0,0,0x00000000,0x00000000,0,0,1,0,1
present,1106,36837561,0x00000000,0,0,0,0x00000000,0x00000000,0,0,1,0,1
present,1107,36867393,0x00000000,0,0,0,0x00000000,0x00000000,0,0,1,0,1
present,1108,36901950,0x00000000,0,0,0,0x00000000,0x00000000,0,0,1,0,1
present,1109,36937056,0x00000000,0,0,0,0x00000000,0x00000000,0,0,1,0,1
present,1110,36970045,0x00000000,0,0,0,0x00000000,0x00000000,0,0,1,0,1
present,1111,37004440,0x00000000,0,0,0,0x00000000,0x00000000,1,0,1,0,1
present,1112,37036038,0x00000000,0,0,0,0x00000000,0x00000000,1,0,1,0,1
present,1113,37071229,0x00000000,0,0,0,0x00000000,0x00000000,1,0,1,0,1
present,1114,37102408,0x00000000,0,0,0,0x00000000,0x00000000,1,0,1,0,1
present,1115,37134090,0x00000000,0,0,0,0x00000000,0x00000000,1,0,1,0,1
present,1116,37169819,0x00000000,0,0,0,0x00000000,0x00000000,1,0,1,0,1
present,1117,37203640,0x00000000,0,0,0,0x00000000,0x00000000,1,0,1,0,1
present,1118,37236458,0x00000000,0,0,0,0x00000000,0x00000000,1,0,1,0,1
present,1119,37271027,0x00000000,0,0,0,0x00000000,0x00000000,1,0,1,0,1
present,1120,37300565,0x00000000,0,0,0,0x00000000,0x00000000,1,0,1,0,1
present,1121,37337762,0x00000000,0,0,0,0x00000000,0x00000000,1,0,1,0,1
present,1122,37369792,0x00000000,0,0,0,0x00000000,0x00000000,1,0,1,0,1
present,1123,37400626,0x00000000,0,0,0,0x00000000,0x00000000,1,0,1,0,1
present,1124,37434059,0x00000000,0,0,0,0x00000000,0x00000000,1,0,1,0,1
present,1125,37471236,0x00000000,0,0,0,0x00000000,0x00000000,1,0,1,0,1
present,1126,37503957,0x00000000,0,0,0,0x00000000,0x00000000,1,0,1,0,1
present,1127,37534442,0x00000000,0,0,0,0x00000000,0x00000000,1,0,1,0,1
present,1128,37567277,0x00000000,0,0,0,0x00000000,0x00000000,1,0,1,0,1
present,1129,37604159,0x00000000,0,0,0,0x00000000,0x00000000,1,0,1,0,1
present,1130,37633869,0x00000000,0,0,0,0x00000000,0x00000000,1,0,1,0,1
present,1131,37671119,0x00000000,0,0,0,0x00000000,0x00000000,1,0,1,0,1
present,1132,37701737,0x00000000,0,0,0,0x00000000,0x00000000,1,0,1,0,1
present,1133,37734059,0x00000000,0,0,0,0x00000000,0x00000000,1,0,1,0,1
present,1134,37767300,0x00000000,0,0,0,0x00000000,0x00000000,1,0,1,0,1
present,1135,37812044,0x00000000,0,0,0,0x00000000,0x00000000,1,0,1,0,1
present,1136,37838407,0x00000000,0,0,0,0x00000000,0x00000000,1,0,1,0,1
present,1137,37869863,0x00000000,0,0,0,0x00000000,0x00000000,1,0,1,0,1
present,1138,37901018,0x00000000,0,0,0,0x00000000,0x00000000,1,0,1,0,1
present,1139,37936468,0x00000000,0,0,0,0x00000000,0x00000000,1,0,1,0,1
present,1140,37970603,0x00000000,0,0,0,0x00000000,0x00000000,1,0,1,0,1
present,1141,38003686,0x00000000,0,0,0,0x00000000,0x00000000,2,0,1,0,1
present,1142,38034011,0x00000000,0,0,0,0x00000000,0x00000000,2,0,1,0,1
present,1143,38070515,0x00000000,0,0,0,0x00000000,0x00000000,2,0,1,0,1
present,1144,38102815,0x00000000,0,0,0,0x00000000,0x00000000,2,0,1,0,1
present,1145,38138140,0x00000000,0,0,0,0x00000000,0x00000000,2,0,1,0,1
present,1146,38171035,0x00000000,0,0,0,0x00000000,0x00000000,2,0,1,0,1
present,1147,38203778,0x00000000,0,0,0,0x00000000,0x00000000,2,0,1,0,1
present,1148,38233556,0x00000000,0,0,0,0x00000000,0x00000000,2,0,1,0,1
present,1149,38271311,0x00000000,0,0,0,0x00000000,0x00000000,2,0,1,0,1
present,1150,38303013,0x00000000,0,0,0,0x00000000,0x00000000,2,0,1,0,1
present,1151,38334346,0x00000000,0,0,0,0x00000000,0x00000000,2,0,1,0,1
present,1152,38370037,0x00000000,0,0,0,0x00000000,0x00000000,2,0,1,0,1
present,1153,38400595,0x00000000,0,0,0,0x00000000,0x00000000,2,0,1,0,1
present,1154,38437625,0x00000000,0,0,0,0x00000000,0x00000000,2,0,1,0,1
present,1155,38467189,0x00000000,0,0,0,0x00000000,0x00000000,2,0,1,0,1
present,1156,38503755,0x00000000,0,0,0,0x00000000,0x00000000,2,0,1,0,1
present,1157,38533945,0x00000000,0,0,0,0x00000000,0x00000000,2,0,1,0,1
present,1158,38571067,0x00000000,0,0,0,0x00000000,0x00000000,2,0,1,0,1
present,1159,38600787,0x00000000,0,0,0,0x00000000,0x00000000,2,0,1,0,1
present,1160,38633983,0x00000000,0,0,0,0x00000000,0x00000000,2,0,1,0,1
present,1161,38667466,0x00000000,0,0,0,0x00000000,0x00000000,2,0,1,0,1
present,1162,38700722,0x00000000,0,0,0,0x00000000,0x00000000,2,0,1,0,1
present,1163,38737193,0x00000000,0,0,0,0x00000000,0x00000000,2,0,1,0,1
present,1164,38769774,0x00000000,0,0,0,0x00000000,0x00000000,2,0,1,0,1
present,1165,38814959,0x00000000,0,0,0,0x00000000,0x00000000,2,0,1,0,1
present,1166,38836963,0x00000000,0,0,0,0x00000000,0x00000000,2,0,1,0,1
present,1167,38867329,0x00000000,0,0,0,0x00000000,0x00000000,2,0,1,0,1
present,1168,38904481,0x00000000,0,0,0,0x00000000,0x00000000,2,0,1,0,1
present,1169,38936079,0x00000000,0,0,0,0x00000000,0x00000000,2,0,1,0,1
present,1170,38967425,0x00000000,0,0,0,0x00000000,0x00000000,2,0,1,0,1
present,1171,39004441,0x00000000,0,0,0,0x00000000,0x00000000,3,0,1,0,1
present,1172,39034741,0x00000000,0,0,0,0x00000000,0x00000000,3,0,1,0,1
present,1173,39070263,0x00000000,0,0,0,0x00000000,0x00000000,3,0,1,0,1
present,1174,39100780,0x00000000,0,0,0,0x00000000,0x00000000,3,0,1,0,1
present,1175,39137897,0x00000000,0,0,0,0x00000000,0x00000000,3,0,1,0,1
present,1176,39170806,0x00000000,0,0,0,0x00000000,0x00000000,3,0,1,0,1
present,1177,39203979,0x00000000,0,0,0,0x00000000,0x00000000,3,0,1,0,1
present,1178,39234522,0x00000000,0,0,0,0x00000000,0x00000000,3,0,1,0,1
present,1179,39268917,0x00000000,0,0,0,0x00000000,0x00000000,3,0,1,0,1
present,1180,39305057,0x00000000,0,0,0,0x00000000,0x00000000,3,0,1,0,1
present,1181,39333900,0x00000000,0,0,0,0x00000000,0x00000000,3,0,1,0,1
present,1182,39369947,0x00000000,0,0,0,0x00000000,0x00000000,3,0,1,0,1
present,1183,39403578,0x00000000,0,0,0,0x00000000,0x00000000,3,0,1,0,1
present,1184,39437437,0x00000000,0,0,0,0x00000000,0x00000000,3,0,1,0,1
present,1185,39467434,0x00000000,0,0,0,0x00000000,0x00000000,3,0,1,0,1
present,1186,39504531,0x00000000,0,0,0,0x00000000,0x00000000,3,0,1,0,1
present,1187,39533942,0x00000000,0,0,0,0x00000000,0x00000000,3,0,1,0,1
present,1188,39570533,0x00000000,0,0,0,0x00000000,0x00000000,3,0,1,0,1
present,1189,39603947,0x00000000,0,0,0,0x00000000,0x00000000,3,0,1,0,1
present,1190,39635313,0x00000000,0,0,0,0x00000000,0x00000000,3,0,1,0,1
present,1191,39671174,0x00000000,0,0,0,0x00000000,0x00000000,3,0,1,0,1
present,1192,39703907,0x00000000,0,0,0,0x00000000,0x00000000,3,0,1,0,1
present,1193,39737934,0x00000000,0,0,0,0x00000000,0x00000000,3,0,1,0,1
present,1194,39767491,0x00000000,0,0,0,0x00000000,0x00000000,3,0,1,0,1
present,1195,39812983,0x00000000,0,0,0,0x00000000,0x00000000,3,0,1,0,1
present,1196,39838451,0x00000000,0,0,0,0x00000000,0x00000000,3,0,1,0,1
present,1197,39870269,0x00000000,0,0,0,0x00000000,0x00000000,3,0,1,0,1
present,1198,39903111,0x00000000,0,0,0,0x00000000,0x00000000,3,0,1,0,1
present,1199,39937495,0x00000000,0,0,0,0x00000000,0x00000000,3,0,1,0,1
present,1200,39967268,0x00000000,0,0,0,0x00000000,0x00000000,3,0,1,0,1
present,1201,40003956,0x00000000,0,0,0,0x00000000,0x00000000,0,0,1,0,1
present,1202,40037405,0x00000000,0,0,0,0x00000000,0x00000000,0,0,1,0,1
present,1203,40070865,0x00000000,0,0,0,0x00000000,0x00000000,0,0,1,0,1
present,1204,40100946,0x00000000,0,0,0,0x00000000,0x00000000,0,0,1,0,1
present,1205,40137442,0x00000000,0,0,0,0x00000000,0x00000000,0,0,1,0,1
present,1206,40170921,0x00000000,0,0,0,0x00000000,0x00000000,0,0,1,0,1
present,1207,40203830,0x00000000,0,0,0,0x00000000,0x00000000,0,0,1,0,1
present,1208,40237083,0x00000000,0,0,0,0x00000000,0x00000000,0,0,1,0,1
present,1209,40267181,0x00000000,0,0,0,0x00000000,0x00000000,0,0,1,0,1
present,1210,40302705,0x00000000,0,0,0,0x00000000,0x00000000,0,0,1,0,1
present,1211,40336945,0x00000000,0,0,0,0x00000000,0x00000000,0,0,1,0,1
present,1212,40370366,0x00000000,0,0,0,0x00000000,0x00000000,0,0,1,0,1
present,1213,40403678,0x00000000,0,0,0,0x00000000,0x00000000,0,0,1,0,1
present,1214,40437620,0x00000000,0,0,0,0x00000000,0x00000000,0,0,1,0,1
present,1215,40470443,0x00000000,0,0,0,0x00000000,0x00000000,0,0,1,0,1
present,1216,40505090,0x00000000,0,0,0,0x00000000,0x00000000,0,0,1,0,1
present,1217,40534595,0x00000000,0,0,0,0x00000000,0x00000000,0,0,1,0,1
present,1218,40570500,0x00000000,0,0,0,0x00000000,0x00000000,0,0,1,0,1
present,1219,40604109,0x00000000,0,0,0,0x00000000,0x00000000,0,0,1,0,1
present,1220,40635776,0x00000000,0,0,0,0x00000000,0x00000000,0,0,1,0,1
present,1221,40667261,0x00000000,0,0,0,0x00000000,0x00000000,0,0,1,0,1
present,1222,40704133,0x00000000,0,0,0,0x00000000,0x00000000,0,0,1,0,1
present,1223,40737101,0x00000000,0,0,0,0x00000000,0x00000000,0,0,1,0,1
present,1224,40768682,0x00000000,0,0,0,0x00000000,0x00000000,0,0,1,0,1
present,1225,40806350,0x00000000,0,0,0,0x00000000,0x00000000,0,0,1,0,1
present,1226,40837112,0x00000000,0,0,0,0x00000000,0x00000000,0,0,1,0,1
present,1227,40871151,0x00000000,0,0,0,0x00000000,0x00000000,0,0,1,0,1
present,1228,40903951,0x00000000,0,0,0,0x00000000,0x00000000,0,0,1,0,1
present,1229,40938175,0x00000000,0,0,0,0x00000000,0x00000000,0,0,1,0,1
present,1230,40969478,0x00000000,0,0,0,0x00000000,0x00000000,0,0,1,0,1
present,1231,41004531,0x00000000,0,0,0,0x00000000,0x00000000,1,0,1,0,1
present,1232,41037620,0x00000000,0,0,0,0x00000000,0x00000000,1,0,1,0,1
present,1233,41071003,0x00000000,0,0,0,0x00000000,0x00000000,1,0,1,0,1
present,1234,41100615,0x00000000,0,0,0,0x00000000,0x00000000,1,0,1,0,1
present,1235,41137715,0x00000000,0,0,0,0x00000000,0x00000000,1,0,1,0,1
present,1236,41167404,0x00000000,0,0,0,0x00000000,0x00000000,1,0,1,0,1
present,1237,41203976,0x00000000,0,0,0,0x00000000,0x00000000,1,0,1,0,1
present,1238,41238032,0x00000000,0,0,0,0x00000000,0x00000000,1,0,1,0,1
present,1239,41269665,0x00000000,0,0,0,0x00000000,0x00000000,1,0,1,0,1
present,1240,41300693,0x00000000,0,0,0,0x00000000,0x00000000,1,0,1,0,1
present,1241,41338108,0x00000000,0,0,0,0x00000000,0x00000000,1,0,1,0,1
present,1242,41369968,0x00000000,0,0,0,0x00000000,0x00000000,1,0,1,0,1
present,1243,41400808,0x00000000,0,0,0,0x00000000,0x00000000,1,0,1,0,1
present,1244,41437773,0x00000000,0,0,0,0x00000000,0x00000000,1,0,1,0,1
present,1245,41470641,0x00000000,0,0,0,0x00000000,0x00000000,1,0,1,0,1
present,1246,41500634,0x00000000,0,0,0,0x00000000,0x00000000,1,0,1,0,1
present,1247,41537637,0x00000000,0,0,0,0x00000000,0x00000000,1,0,1,0,1
present,1248,41568793,0x00000000,0,0,0,0x00000000,0x00000000,1,0,1,0,1
present,1249,41602322,0x00000000,0,0,0,0x00000000,0x00000000,1,0,1,0,1
present,1250,41637271,0x00000000,0,0,0,0x00000000,0x00000000,1,0,1,0,1
present,1251,41669943,0x00000000,0,0,0,0x00000000,0x00000000,1,0,1,0,1
present,1252,41700708,0x00000000,0,0,0,0x00000000,0x00000000,1,0,1,0,1
present,1253,41737068,0x00000000,0,0,0,0x00000000,0x00000000,1,0,1,0,1
present,1254,41770745,0x00000000,0,0,0,0x00000000,0x00000000,1,0,1,0,1
present,1255,41814439,0x00000000,0,0,0,0x00000000,0x00000000,1,0,1,0,1
present,1256,41834157,0x00000000,0,0,0,0x00000000,0x00000000,1,0,1,0,1
present,1257,41867386,0x00000000,0,0,0,0x00000000,0x00000000,1,0,1,0,1
present,1258,41904063,0x00000000,0,0,0,0x00000000,0x00000000,1,0,1,0,1
present,1259,41934113,0x00000000,0,0,0,0x00000000,0x00000000,1,0,1,0,1
present,1260,41971538,0x00000000,0,0,0,0x00000000,0x00000000,1,0,1,0,1
present,1261,42000573,0x00000000,0,0,0,0x00000000,0x00000000,2,0,1,0,1
present,1262,42036258,0x00000000,0,0,0,0x00000000,0x00000000,2,0,1,0,1
present,1263,42070297,0x00000000,0,0,0,0x00000000,0x00000000,2,0,1,0,1
present,1264,42100722,0x00000000,0,0,0,0x00000000,0x00000000,2,0,1,0,1
present,1265,42134177,0x00000000,0,0,0,0x00000000,0x00000000,2,0,1,0,1
present,1266,42171231,0x00000000,0,0,0,0x00000000,0x00000000,2,0,1,0,1
present,1267,42204274,0x00000000,0,0,0,0x00000000,0x00000000,2,0,1,0,1
present,1268,42233921,0x00000000,0,0,0,0x00000000,0x00000000,2,0,1,0,1
present,1269,42270797,0x00000000,0,0,0,0x00000000,0x00000000,2,0,1,0,1
present,1270,42300543,0x00000000,0,0,0,0x00000000,0x00000000,2,0,1,0,1
present,1271,42334631,0x00000000,0,0,0,0x00000000,0x00000000,2,0,1,0,1
present,1272,42370146,0x00000000,0,0,0,0x00000000,0x00000000,2,0,1,0,1
present,1273,42404027,0x00000000,0,0,0,0x00000000,0x00000000,2,0,1,0,1
present,1274,42437951,0x00000000,0,0,0,0x00000000,0x00000000,2,0,1,0,1
present,1275,42467263,0x00000000,0,0,0,0x00000000,0x00000000,2,0,1,0,1
present,1276,42500695,0x00000000,0,0,0,0x00000000,0x00000000,2,0,1,0,1
present,1277,42537609,0x00000000,0,0,0,0x00000000,0x00000000,2,0,1,0,1
present,1278,42569482,0x00000000,0,0,0,0x00000000,0x00000000,2,0,1,0,1
present,1279,42601471,0x00000000,0,0,0,0x00000000,0x00000000,2,0,1,0,1
present,1280,42637818,0x00000000,0,0,0,0x00000000,0x00000000,2,0,1,0,1
present,1281,42667349,0x00000000,0,0,0,0x00000000,0x00000000,2,0,1,0,1
present,1282,42701694,0x00000000,0,0,0,0x00000000,0x00000000,2,0,1,0,1
present,1283,42736436,0x00000000,0,0,0,0x00000000,0x00000000,2,0,1,0,1
present,1284,42770416,0x00000000,0,0,0,0x00000000,0x00000000,2,0,1,0,1
present,1285,42806726,0x00000000,0,0,0,0x00000000,0x00000000,2,0,1,0,1
present,1286,42837962,0x00000000,0,0,0,0x00000000,0x00000000,2,0,1,0,1
present,1287,42867860,0x00000000,0,0,0,0x00000000,0x00000000,2,0,1,0,1
present,1288,42903088,0x00000000,0,0,0,0x00000000,0x00000000,2,0,1,0,1
present,1289,42933892,0x00000000,0,0,0,0x00000000,0x00000000,2,0,1,0,1
present,1290,42970769,0x00000000,0,0,0,0x00000000,0x00000000,2,0,1,0,1
present,1291,43000786,0x00000000,0,0,0,0x00000000,0x00000000,3,0,1,0,1
present,1292,43039207,0x00000000,0,0,0,0x00000000,0x00000000,3,0,1,0,1
present,1293,43071827,0x00000000,0,0,0,0x00000000,0x00000000,3,0,1,0,1
present,1294,43104229,0x00000000,0,0,0,0x00000000,0x00000000,3,0,1,0,1
present,1295,43134654,0x00000000,0,0,0,0x00000000,0x00000000,3,0,1,0,1
present,1296,43169748,0x00000000,0,0,0,0x00000000,0x00000000,3,0,1,0,1
present,1297,43204102,0x00000000,0,0,0,0x00000000,0x00000000,3,0,1,0,1
present,1298,43234031,0x00000000,0,0,0,0x00000000,0x00000000,3,0,1,0,1
present,1299,43271017,0x00000000,0,0,0,0x00000000,0x00000000,3,0,1,0,1
present,1300,43303986,0x00000000,0,0,0,0x00000000,0x00000000,3,0,1,0,1
present,1301,43334933,0x00000000,0,0,0,0x00000000,0x00000000,3,0,1,0,1
present,1302,43368619,0x00000000,0,0,0,0x00000000,0x00000000,3,0,1,0,1
present,1303,43404365,0x00000000,0,0,0,0x00000000,0x00000000,3,0,1,0,1
present,1304,43434003,0x00000000,0,0,0,0x00000000,0x00000000,3,0,1,0,1
present,1305,43467707,0x00000000,0,0,0,0x00000000,0x00000000,3,0,1,0,1
present,1306,43500688,0x00000000,0,0,0,0x00000000,0x00000000,3,0,1,0,1
present,1307,43536474,0x00000000,0,0,0,0x00000000,0x00000000,3,0,1,0,1
present,1308,43570785,0x00000000,0,0,0,0x00000000,0x00000000,3,0,1,0,1
present,1309,43602086,0x00000000,0,0,0,0x00000000,0x00000000,3,0,1,0,1
present,1310,43637439,0x00000000,0,0,0,0x00000000,0x00000000,3,0,1,0,1
present,1311,43670749,0x00000000,0,0,0,0x00000000,0x00000000,3,0,1,0,1
present,1312,43704046,0x00000000,0,0,0,0x00000000,0x00000000,3,0,1,0,1
present,1313,43737283,0x00000000,0,0,0,0x00000000,0x00000000,3,0,1,0,1
present,1314,43770537,0x00000000,0,0,0,0x00000000,0x00000000,3,0,1,0,1
present,1315,43803878,0x00000000,0,0,0,0x00000000,0x00000000,3,0,1,0,1
present,1316,43837923,0x00000000,0,0,0,0x00000000,0x00000000,3,0,1,0,1
present,1317,43867472,0x00000000,0,0,0,0x00000000,0x00000000,3,0,1,0,1
present,1318,43902306,0x00000000,0,0,0,0x00000000,0x00000000,3,0,1,0,1
present,1319,43934362,0x00000000,0,0,0,0x00000000,0x00000000,3,0,1,0,1
present,1320,43970182,0x00000000,0,0,0,0x00000000,0x00000000,3,0,1,0,1
present,1321,44003528,0x00000000,0,0,0,0x00000000,0x00000000,0,0,1,0,1
present,1322,44036790,0x00000000,0,0,0,0x00000000,0x00000000,0,0,1,0,1
present,1323,44069181,0x00000000,0,0,0,0x00000000,0x00000000,0,0,1,0,1
present,1324,44103489,0x00000000,0,0,0,0x00000000,0x00000000,0,0,1,0,1
present,1325,44136734,0x00000000,0,0,0,0x00000000,0x00000000,0,0,1,0,1
present,1326,44169984,0x00000000,0,0,0,0x00000000,0x00000000,0,0,1,0,1
present,1327,44203160,0x00000000,0,0,0,0x00000000,0x00000000,0,0,1,0,1
present,1328,44237464,0x00000000,0,0,0,0x00000000,0x00000000,0,0,1,0,1
present,1329,44270750,0x00000000,0,0,0,0x00000000,0x00000000,0,0,1,0,1
present,1330,44304016,0x00000000,0,0,0,0x00000000,0x00000000,0,0,1,0,1
present,1331,44337731,0x00000000,0,0,0,0x00000000,0x00000000,0,0,1,0,1
present,1332,44368864,0x00000000,0,0,0,0x00000000,0x00000000,0,0,1,0,1
present,1333,44404711,0x00000000,0,0,0,0x00000000,0x00000000,0,0,1,0,1
present,1334,44433491,0x00000000,0,0,0,0x00000000,0x00000000,0,0,1,0,1
present,1335,44471447,0x00000000,0,0,0,0x00000000,0x00000000,0,0,1,0,1
present,1336,44500607,0x00000000,0,0,0,0x00000000,0x00000000,0,0,1,0,1
present,1337,44534000,0x00000000,0,0,0,0x00000000,0x00000000,0,0,1,0,1
present,1338,44571638,0x00000000,0,0,0,0x00000000,0x00000000,0,0,1,0,1
present,1339,44603494,0x00000000,0,0,0,0x00000000,0x00000000,0,0,1,0,1
present,1340,44636799,0x00000000,0,0,0,0x00000000,0x00000000,0,0,1,0,1
present,1341,44666823,0x00000000,0,0,0,0x00000000,0x00000000,0,0,1,0,1
present,1342,44704086,0x00000000,0,0,0,0x00000000,0x00000000,0,0,1,0,1
present,1343,44737413,0x00000000,0,0,0,0x00000000,0x00000000,0,0,1,0,1
present,1344,44770629,0x00000000,0,0,0,0x00000000,0x00000000,0,0,1,0,1
present,1345,44803874,0x00000000,0,0,0,0x00000000,0x00000000,0,0,1,0,1
present,1346,44833476,0x00000000,0,0,0,0x00000000,0x00000000,0,0,1,0,1
present,1347,44870371,0x00000000,0,0,0,0x00000000,0x00000000,0,0,1,0,1
present,1348,44903649,0x00000000,0,0,0,0x00000000,0x00000000,0,0,1,0,1
present,1349,44933457,0x00000000,0,0,0,0x00000000,0x00000000,0,0,1,0,1
present,1350,44970643,0x00000000,0,0,0,0x00000000,0x00000000,0,0,1,0,1
present,1351,45003887,0x00000000,0,0,0,0x00000000,0x00000000,1,0,1,0,1
present,1352,45037105,0x00000000,0,0,0,0x00000000,0x00000000,1,0,1,0,1
present,1353,45070320,0x00000000,0,0,0,0x00000000,0x00000000,1,0,1,0,1
present,1354,45103589,0x00000000,0,0,0,0x00000000,0x00000000,1,0,1,0,1
present,1355,45136791,0x00000000,0,0,0,0x00000000,0x00000000,1,0,1,0,1
present,1356,45167000,0x00000000,0,0,0,0x00000000,0x00000000,1,0,1,0,1
present,1357,45202440,0x00000000,0,0,0,0x00000000,0x00000000,1,0,1,0,1
present,1358,45236638,0x00000000,0,0,0,0x00000000,0x00000000,1,0,1,0,1
present,1359,45269852,0x00000000,0,0,0,0x00000000,0x00000000,1,0,1,0,1
present,1360,45304087,0x00000000,0,0,0,0x00000000,0x00000000,1,0,1,0,1
present,1361,45338005,0x00000000,0,0,0,0x00000000,0x00000000,1,0,1,0,0
present,1362,45369266,0x00000000,0,0,0,0x00000000,0x00000000,1,0,1,0,0
present,1363,45403495,0x00000000,0,0,0,0x00000000,0x00000000,1,0,1,0,0
present,1364,45433456,0x00000000,0,0,0,0x00000000,0x00000000,1,0,1,0,0
present,1365,45467371,0x00000000,0,0,0,0x00000000,0x00000000,1,0,1,0,0
present,1366,45502618,0x00000000,0,0,0,0x00000000,0x00000000,1,0,1,0,0
present,1367,45533550,0x00000000,0,0,0,0x00000000,0x00000000,1,0,1,0,0
present,1368,45570749,0x00000000,0,0,0,0x00000000,0x00000000,1,0,1,0,0
present,1369,45603945,0x00000000,0,0,0,0x00000000,0x00000000,1,0,1,0,0
present,1370,45633418,0x00000000,0,0,0,0x00000000,0x00000000,1,0,1,0,0
present,1371,45670592,0x00000000,0,0,0,0x00000000,0x00000000,1,0,1,0,0
present,1372,45703800,0x00000000,0,0,0,0x00000000,0x00000000,1,0,1,0,0
present,1373,45736065,0x00000000,0,0,0,0x00000000,0x00000000,1,0,1,0,0
present,1374,45766821,0x00000000,0,0,0,0x00000000,0x00000000,1,0,1,0,0
present,1375,45804021,0x00000000,0,0,0,0x00000000,0x00000000,1,0,1,0,0
present,1376,45837263,0x00000000,0,0,0,0x00000000,0x00000000,1,0,1,0,0
present,1377,45870752,0x00000000,0,0,0,0x00000000,0x00000000,1,0,1,0,0
present,1378,45900386,0x00000000,0,0,0,0x00000000,0x00000000,1,0,1,0,0
present,1379,45936690,0x00000000,0,0,0,0x00000000,0x00000000,1,0,1,0,0
present,1380,45969955,0x00000000,0,0,0,0x00000000,0x00000000,1,0,1,0,0
present,1381,46000444,0x00000000,0,0,0,0x00000000,0x00000000,2,0,1,0,0
present,1382,46036681,0x00000000,0,0,0,0x00000000,0x00000000,2,0,1,0,0
present,1383,46069934,0x00000000,0,0,0,0x00000000,0x00000000,2,0,1,0,0
present,1384,46103477,0x00000000,0,0,0,0x00000000,0x00000000,2,0,1,0,0
present,1385,46133485,0x00000000,0,0,0,0x00000000,0x00000000,2,0,1,0,0
present,1386,46170682,0x00000000,0,0,0,0x00000000,0x00000000,2,0,1,0,0
present,1387,46200716,0x00000000,0,0,0,0x00000000,0x00000000,2,0,1,0,0
present,1388,46234153,0x00000000,0,0,0,0x00000000,0x00000000,2,0,1,0,0
present,1389,46266829,0x00000000,0,0,0,0x00000000,0x00000000,2,0,1,0,0
present,1390,46303622,0x00000000,0,0,0,0x00000000,0x00000000,2,0,1,0,0
present,1391,46336888,0x00000000,0,0,0,0x00000000,0x00000000,2,0,1,0,0
present,1392,46370225,0x00000000,0,0,0,0x00000000,0x00000000,2,0,1,0,0
present,1393,46403822,0x00000000,0,0,0,0x00000000,0x00000000,2,0,1,0,0
present,1394,46437046,0x00000000,0,0,0,0x00000000,0x00000000,2,0,1,0,0
present,1395,46467456,0x00000000,0,0,0,0x00000000,0x00000000,2,0,1,0,0
present,1396,46504141,0x00000000,0,0,0,0x00000000,0x00000000,2,0,1,0,0
present,1397,46536516,0x00000000,0,0,0,0x00000000,0x00000000,2,0,1,0,0
present,1398,46571107,0x00000000,0,0,0,0x00000000,0x00000000,2,0,1,0,0
present,1399,46601412,0x00000000,0,0,0,0x00000000,0x00000000,2,0,1,0,0
present,1400,46637880,0x00000000,0,0,0,0x00000000,0x00000000,2,0,1,0,0
present,1401,46666872,0x00000000,0,0,0,0x00000000,0x00000000,2,0,1,0,0
present,1402,46703601,0x00000000,0,0,0,0x00000000,0x00000000,2,0,1,0,0
present,1403,46736107,0x00000000,0,0,0,0x00000000,0x00000000,2,0,1,0,0
present,1404,46769646,0x00000000,0,0,0,0x00000000,0x00000000,2,0,1,0,0
present,1405,46810844,0x00000000,0,0,0,0x00000000,0x00000000,2,0,1,0,0
present,1406,46838253,0x00000000,0,0,0,0x00000000,0x00000000,2,0,1,0,0
present,1407,46870882,0x00000000,0,0,0,0x00000000,0x00000000,2,0,1,0,0
present,1408,46903732,0x00000000,0,0,0,0x00000000,0x00000000,2,0,1,0,0
present,1409,46937513,0x00000000,0,0,0,0x00000000,0x00000000,2,0,1,0,0
present,1410,46967397,0x00000000,0,0,0,0x00000000,0x00000000,2,0,1,0,0
present,1411,47000692,0x00000000,0,0,0,0x00000000,0x00000000,3,0,1,0,0
present,1412,47033612,0x00000000,0,0,0,0x00000000,0x00000000,3,0,1,0,0
present,1413,47069906,0x00000000,0,0,0,0x00000000,0x00000000,3,0,1,0,0
present,1414,47103530,0x00000000,0,0,0,0x00000000,0x00000000,3,0,1,0,0
present,1415,47137398,0x00000000,0,0,0,0x00000000,0x00000000,3,0,1,0,0
present,1416,47167329,0x00000000,0,0,0,0x00000000,0x00000000,3,0,1,0,0
present,1417,47200591,0x00000000,0,0,0,0x00000000,0x00000000,3,0,1,0,0
present,1418,47235557,0x00000000,0,0,0,0x00000000,0x00000000,3,0,1,0,0
present,1419,47267531,0x00000000,0,0,0,0x00000000,0x00000000,3,0,1,0,0
present,1420,47301135,0x00000000,0,0,0,0x00000000,0x00000000,3,0,1,0,0
present,1421,47334560,0x00000000,0,0,0,0x00000000,0x00000000,3,0,1,0,0
present,1422,47369903,0x00000000,0,0,0,0x00000000,0x00000000,3,0,1,0,0
present,1423,47403541,0x00000000,0,0,0,0x00000000,0x00000000,3,0,1,0,0
present,1424,47437340,0x00000000,0,0,0,0x00000000,0x00000000,3,0,1,0,0
present,1425,47471226,0x00000000,0,0,0,0x00000000,0x00000000,3,0,1,0,0
present,1426,47504190,0x00000000,0,0,0,0x00000000,0x00000000,3,0,1,0,0
present,1427,47534087,0x00000000,0,0,0,0x00000000,0x00000000,3,0,1,0,0
present,1428,47567332,0x00000000,0,0,0,0x00000000,0x00000000,3,0,1,0,0
present,1429,47606014,0x00000000,0,0,0,0x00000000,0x00000000,3,0,1,0,0
present,1430,47637504,0x00000000,0,0,0,0x00000000,0x00000000,3,0,1,0,0
present,1431,47666833,0x00000000,0,0,0,0x00000000,0x00000000,3,0,1,0,0
present,1432,47700159,0x00000000,0,0,0,0x00000000,0x00000000,3,0,1,0,0
present,1433,47737441,0x00000000,0,0,0,0x00000000,0x00000000,3,0,1,0,0
present,1434,47771056,0x00000000,0,0,0,0x00000000,0x00000000,3,0,1,0,0
present,1435,47805528,0x00000000,0,0,0,0x00000000,0x00000000,3,0,1,0,0
present,1436,47837856,0x00000000,0,0,0,0x00000000,0x00000000,3,0,1,0,0
present,1437,47867012,0x00000000,0,0,0,0x00000000,0x00000000,3,0,1,0,0
present,1438,47903394,0x00000000,0,0,0,0x00000000,0x00000000,3,0,1,0,0
present,1439,47936737,0x00000000,0,0,0,0x00000000,0x00000000,3,0,1,0,0
present,1440,47970033,0x00000000,0,0,0,0x00000000,0x00000000,3,0,1,0,0
present,1441,48003792,0x00000000,0,0,0,0x00000000,0x00000000,0,0,1,0,0
present,1442,48033936,0x00000000,0,0,0,0x00000000,0x00000000,0,0,1,0,0
present,1443,48069102,0x00000000,0,0,0,0x00000000,0x00000000,0,0,1,0,0
present,1444,48103689,0x00000000,0,0,0,0x00000000,0x00000000,0,0,1,0,0
present,1445,48137631,0x00000000,0,0,0,0x00000000,0x00000000,0,0,1,0,0
present,1446,48169828,0x00000000,0,0,0,0x00000000,0x00000000,0,0,1,0,0
present,1447,48203562,0x00000000,0,0,0,0x00000000,0x00000000,0,0,1,0,0
present,1448,48236946,0x00000000,0,0,0,0x00000000,0x00000000,0,0,1,0,0
present,1449,48270281,0x00000000,0,0,0,0x00000000,0x00000000,0,0,1,0,0
present,1450,48303990,0x00000000,0,0,0,0x00000000,0x00000000,0,0,1,0,0
present,1451,48337824,0x00000000,0,0,0,0x00000000,0x00000000,0,0,1,0,0
present,1452,48369120,0x00000000,0,0,0,0x00000000,0x00000000,0,0,1,0,0
present,1453,48403953,0x00000000,0,0,0,0x00000000,0x00000000,0,0,1,0,0
present,1454,48437734,0x00000000,0,0,0,0x00000000,0x00000000,0,0,1,0,0
present,1455,48470106,0x00000000,0,0,0,0x00000000,0x00000000,0,0,1,0,0
present,1456,48503615,0x00000000,0,0,0,0x00000000,0x00000000,0,0,1,0,0
present,1457,48536917,0x00000000,0,0,0,0x00000000,0x00000000,0,0,1,0,0
present,1458,48570585,0x00000000,0,0,0,0x00000000,0x00000000,0,0,1,0,0
present,1459,48604082,0x00000000,0,0,0,0x00000000,0x00000000,0,0,1,0,0
present,1460,48637749,0x00000000,0,0,0,0x00000000,0x00000000,0,0,1,0,0
present,1461,48670523,0x00000000,0,0,0,0x00000000,0x00000000,0,0,1,0,0
present,1462,48702331,0x00000000,0,0,0,0x00000000,0x00000000,0,0,1,0,0
present,1463,48734220,0x00000000,0,0,0,0x00000000,0x00000000,0,0,1,0,0
present,1464,48767318,0x00000000,0,0,0,0x00000000,0x00000000,0,0,1,0,0
present,1465,48804862,0x00000000,0,0,0,0x00000000,0x00000000,0,0,1,0,0
present,1466,48837818,0x00000000,0,0,0,0x00000000,0x00000000,0,0,1,0,0
present,1467,48870789,0x00000000,0,0,0,0x00000000,0x00000000,0,0,1,0,0
present,1468,48903654,0x00000000,0,0,0,0x00000000,0x00000000,0,0,1,0,0
present,1469,48936485,0x00000000,0,0,0,0x00000000,0x00000000,0,0,1,0,0
present,1470,48970801,0x00000000,0,0,0,0x00000000,0x00000000,0,0,1,0,0
present,1471,49001680,0x00000000,0,0,0,0x00000000,0x00000000,1,0,1,0,0
present,1472,49034002,0x00000000,0,0,0,0x00000000,0x00000000,1,0,1,0,0
present,1473,49067328,0x00000000,0,0,0,0x00000000,0x00000000,1,0,1,0,0
present,1474,49100544,0x00000000,0,0,0,0x00000000,0x00000000,1,0,1,0,0
present,1475,49136093,0x00000000,0,0,0,0x00000000,0x00000000,1,0,1,0,0
present,1476,49167183,0x00000000,0,0,0,0x00000000,0x00000000,1,0,1,0,0
present,1477,49203766,0x00000000,0,0,0,0x00000000,0x00000000,1,0,1,0,0
present,1478,49233797,0x00000000,0,0,0,0x00000000,0x00000000,1,0,1,0,0
present,1479,49267368,0x00000000,0,0,0,0x00000000,0x00000000,1,0,1,0,0
present,1480,49303433,0x00000000,0,0,0,0x00000000,0x00000000,1,0,1,0,0
present,1481,49337199,0x00000000,0,0,0,0x00000000,0x00000000,1,0,1,0,0
present,1482,49369591,0x00000000,0,0,0,0x00000000,0x00000000,1,0,1,0,0
present,1483,49404509,0x00000000,0,0,0,0x00000000,0x00000000,1,0,1,0,0
present,1484,49433585,0x00000000,0,0,0,0x00000000,0x00000000,1,0,1,0,0
present,1485,49468347,0x00000000,0,0,0,0x00000000,0x00000000,1,0,1,0,0
present,1486,49504022,0x00000000,0,0,0,0x00000000,0x00000000,1,0,1,0,0
present,1487,49536583,0x00000000,0,0,0,0x00000000,0x00000000,1,0,1,0,0
present,1488,49567180,0x00000000,0,0,0,0x00000000,0x00000000,1,0,1,0,0
present,1489,49604121,0x00000000,0,0,0,0x00000000,0x00000000,1,0,1,0,0
present,1490,49636386,0x00000000,0,0,0,0x00000000,0x00000000,1,0,1,0,0
present,1491,49670484,0x00000000,0,0,0,0x00000000,0x00000000,1,0,1,0,0
present,1492,49702201,0x00000000,0,0,0,0x00000000,0x00000000,1,0,1,0,0
present,1493,49736686,0x00000000,0,0,0,0x00000000,0x00000000,1,0,1,0,0
present,1494,49768578,0x00000000,0,0,0,0x00000000,0x00000000,1,0,1,0,0
present,1495,49804837,0x00000000,0,0,0,0x00000000,0x00000000,1,0,1,0,0
present,1496,49837754,0x00000000,0,0,0,0x00000000,0x00000000,1,0,1,0,0
present,1497,49870542,0x00000000,0,0,0,0x00000000,0x00000000,1,0,1,0,0
present,1498,49904302,0x00000000,0,0,0,0x00000000,0x00000000,1,0,1,0,0
present,1499,49937272,0x00000000,0,0,0,0x00000000,0x00000000,1,0,1,0,0
present,1500,49970916,0x00000000,0,0,0,0x00000000,0x00000000,1,0,1,0,0
present,1501,50003233,0x00000000,0,0,0,0x00000000,0x00000000,2,0,1,0,0
present,1502,50036832,0x00000000,0,0,0,0x00000000,0x00000000,2,0,1,0,0
present,1503,50070767,0x00000000,0,0,0,0x00000000,0x00000000,2,0,1,0,0
present,1504,50101275,0x00000000,0,0,0,0x00000000,0x00000000,2,0,1,0,0
present,1505,50137099,0x00000000,0,0,0,0x00000000,0x00000000,2,0,1,0,0
present,1506,50170125,0x00000000,0,0,0,0x00000000,0x00000000,2,0,1,0,0
present,1507,50204138,0x00000000,0,0,0,0x00000000,0x00000000,2,0,1,0,0
present,1508,50234665,0x00000000,0,0,0,0x00000000,0x00000000,2,0,1,0,0
present,1509,50270426,0x00000000,0,0,0,0x00000000,0x00000000,2,0,1,0,0
present,1510,50302609,0x00000000,0,0,0,0x00000000,0x00000000,2,0,1,0,0
present,1511,50337324,0x00000000,0,0,0,0x00000000,0x00000000,2,0,1,0,0
present,1512,50366894,0x00000000,0,0,0,0x00000000,0x00000000,2,0,1,0,0
present,1513,50402436,0x00000000,0,0,0,0x00000000,0x00000000,2,0,1,0,0
present,1514,50437070,0x00000000,0,0,0,0x00000000,0x00000000,2,0,1,0,0
present,1515,50467758,0x00000000,0,0,0,0x00000000,0x00000000,2,0,1,0,0
present,1516,50500345,0x00000000,0,0,0,0x00000000,0x00000000,2,0,1,0,0
present,1517,50536700,0x00000000,0,0,0,0x00000000,0x00000000,2,0,1,0,0
present,1518,50570388,0x00000000,0,0,0,0x00000000,0x00000000,2,0,1,0,0
present,1519,50600960,0x00000000,0,0,0,0x00000000,0x00000000,2,0,1,0,0
present,1520,50637161,0x00000000,0,0,0,0x00000000,0x00000000,2,0,1,0,0
present,1521,50669996,0x00000000,0,0,0,0x00000000,0x00000000,2,0,1,0,0
present,1522,50703547,0x00000000,0,0,0,0x00000000,0x00000000,2,0,1,0,0
present,1523,50734605,0x00000000,0,0,0,0x00000000,0x00000000,2,0,1,0,0
present,1524,50769132,0x00000000,0,0,0,0x00000000,0x00000000,2,0,1,0,0
present,1525,50803474,0x00000000,0,0,0,0x00000000,0x00000000,2,0,1,0,0
present,1526,50837165,0x00000000,0,0,0,0x00000000,0x00000000,2,0,1,0,0
present,1527,50870845,0x00000000,0,0,0,0x00000000,0x00000000,2,0,1,0,0
present,1528,50901803,0x00000000,0,0,0,0x00000000,0x00000000,2,0,1,0,0
present,1529,50934039,0x00000000,0,0,0,0x00000000,0x00000000,2,0,1,0,0
present,1530,50967200,0x00000000,0,0,0,0x00000000,0x00000000,2,0,1,0,0
present,1531,51001340,0x00000000,0,0,0,0x00000000,0x00000000,3,0,1,0,0
present,1532,51033953,0x00000000,0,0,0,0x00000000,0x00000000,3,0,1,0,0
present,1533,51070250,0x00000000,0,0,0,0x00000000,0x00000000,3,0,1,0,0
present,1534,51103466,0x00000000,0,0,0,0x00000000,0x00000000,3,0,1,0,0
present,1535,51136702,0x00000000,0,0,0,0x00000000,0x00000000,3,0,1,0,0
present,1536,51170323,0x00000000,0,0,0,0x00000000,0x00000000,3,0,1,0,0
present,1537,51202166,0x00000000,0,0,0,0x00000000,0x00000000,3,0,1,0,0
present,1538,51233923,0x00000000,0,0,0,0x00000000,0x00000000,3,0,1,0,0
present,1539,51267602,0x00000000,0,0,0,0x00000000,0x00000000,3,0,1,0,0
present,1540,51304774,0x00000000,0,0,0,0x00000000,0x00000000,3,0,1,0,0
present,1541,51336907,0x00000000,0,0,0,0x00000000,0x00000000,3,0,1,0,0
present,1542,51370499,0x00000000,0,0,0,0x00000000,0x00000000,3,0,1,0,0
present,1543,51401435,0x00000000,0,0,0,0x00000000,0x00000000,3,0,1,0,0
present,1544,51433510,0x00000000,0,0,0,0x00000000,0x00000000,3,0,1,0,0
present,1545,51471117,0x00000000,0,0,0,0x00000000,0x00000000,3,0,1,0,0
present,1546,51503860,0x00000000,0,0,0,0x00000000,0x00000000,3,0,1,0,0
present,1547,51537775,0x00000000,0,0,0,0x00000000,0x00000000,3,0,1,0,0
present,1548,51567592,0x00000000,0,0,0,0x00000000,0x00000000,3,0,1,0,0
present,1549,51601160,0x00000000,0,0,0,0x00000000,0x00000000,3,0,1,0,0
present,1550,51637405,0x00000000,0,0,0,0x00000000,0x00000000,3,0,1,0,0
present,1551,51670628,0x00000000,0,0,0,0x00000000,0x00000000,3,0,1,0,0
present,1552,51703920,0x00000000,0,0,0,0x00000000,0x00000000,3,0,1,0,0
present,1553,51737166,0x00000000,0,0,0,0x00000000,0x00000000,3,0,1,0,0
present,1554,51770503,0x00000000,0,0,0,0x00000000,0x00000000,3,0,1,0,0
present,1555,51806665,0x00000000,0,0,0,0x00000000,0x00000000,3,0,1,0,0
present,1556,51837839,0x00000000,0,0,0,0x00000000,0x00000000,3,0,1,0,0
present,1557,51869341,0x00000000,0,0,0,0x00000000,0x00000000,3,0,1,0,0
present,1558,51904912,0x00000000,0,0,0,0x00000000,0x00000000,3,0,1,0,0
present,1559,51936775,0x00000000,0,0,0,0x00000000,0x00000000,3,0,1,0,0
present,1560,51970638,0x00000000,0,0,0,0x00000000,0x00000000,3,0,1,0,0
present,1561,52004382,0x00000000,0,0,0,0x00000000,0x00000000,0,0,1,0,0
present,1562,52033941,0x00000000,0,0,0,0x00000000,0x00000000,0,0,1,0,0
present,1563,52070196,0x00000000,0,0,0,0x00000000,0x00000000,0,0,1,0,0
present,1564,52100987,0x00000000,0,0,0,0x00000000,0x00000000,0,0,1,0,0
present,1565,52137879,0x00000000,0,0,0,0x00000000,0x00000000,0,0,1,0,0
present,1566,52167384,0x00000000,0,0,0,0x00000000,0x00000000,0,0,1,0,0
present,1567,52200249,0x00000000,0,0,0,0x00000000,0x00000000,0,0,1,0,0
present,1568,52237148,0x00000000,0,0,0,0x00000000,0x00000000,0,0,1,0,0
present,1569,52270865,0x00000000,0,0,0,0x00000000,0x00000000,0,0,1,0,0
present,1570,52300174,0x00000000,0,0,0,0x00000000,0x00000000,0,0,1,0,0
present,1571,52334661,0x00000000,0,0,0,0x00000000,0x00000000,0,0,1,0,0
present,1572,52366913,0x00000000,0,0,0,0x00000000,0x00000000,0,0,1,0,0
present,1573,52403265,0x00000000,0,0,0,0x00000000,0x00000000,0,0,1,0,0
present,1574,52436525,0x00000000,0,0,0,0x00000000,0x00000000,0,0,1,0,0
present,1575,52470754,0x00000000,0,0,0,0x00000000,0x00000000,0,0,1,0,0
present,1576,52503976,0x00000000,0,0,0,0x00000000,0x00000000,0,0,1,0,0
present,1577,52537189,0x00000000,0,0,0,0x00000000,0x00000000,0,0,1,0,0
present,1578,52569467,0x00000000,0,0,0,0x00000000,0x00000000,0,0,1,0,0
present,1579,52600889,0x00000000,0,0,0,0x00000000,0x00000000,0,0,1,0,0
present,1580,52634926,0x00000000,0,0,0,0x00000000,0x00000000,0,0,1,0,0
present,1581,52670218,0x00000000,0,0,0,0x00000000,0x00000000,0,0,1,0,0
present,1582,52703813,0x00000000,0,0,0,0x00000000,0x00000000,0,0,1,0,0
present,1583,52734252,0x00000000,0,0,0,0x00000000,0x00000000,0,0,1,0,0
present,1584,52771063,0x00000000,0,0,0,0x00000000,0x00000000,0,0,1,0,0
present,1585,52811731,0x00000000,0,0,0,0x00000000,0x00000000,0,0,1,0,0
present,1586,52838890,0x00000000,0,0,0,0x00000000,0x00000000,0,0,1,0,0
present,1587,52870917,0x00000000,0,0,0,0x00000000,0x00000000,0,0,1,0,0
present,1588,52903728,0x00000000,0,0,0,0x00000000,0x00000000,0,0,1,0,0
present,1589,52936885,0x00000000,0,0,0,0x00000000,0x00000000,0,0,1,0,0
present,1590,52967299,0x00000000,0,0,0,0x00000000,0x00000000,0,0,1,0,0
present,1591,53004340,0x00000000,0,0,0,0x00000000,0x00000000,1,0,1,0,0
present,1592,53033867,0x00000000,0,0,0,0x00000000,0x00000000,1,0,1,0,0
present,1593,53071190,0x00000000,0,0,0,0x00000000,0x00000000,1,0,1,0,0
present,1594,53102882,0x00000000,0,0,0,0x00000000,0x00000000,1,0,1,0,0
present,1595,53137854,0x00000000,0,0,0,0x00000000,0x00000000,1,0,1,0,0
present,1596,53166851,0x00000000,0,0,0,0x00000000,0x00000000,1,0,1,0,0
present,1597,53204707,0x00000000,0,0,0,0x00000000,0x00000000,1,0,1,0,0
present,1598,53235180,0x00000000,0,0,0,0x00000000,0x00000000,1,0,1,0,0
present,1599,53271110,0x00000000,0,0,0,0x00000000,0x00000000,1,0,1,0,0
present,1600,53300213,0x00000000,0,0,0,0x00000000,0x00000000,1,0,1,0,0
present,1601,53336858,0x00000000,0,0,0,0x00000000,0x00000000,1,0,1,0,0
present,1602,53370259,0x00000000,0,0,0,0x00000000,0x00000000,1,0,1,0,0
present,1603,53403576,0x00000000,0,0,0,0x00000000,0x00000000,1,0,1,0,0
present,1604,53436772,0x00000000,0,0,0,0x00000000,0x00000000,1,0,1,0,0
present,1605,53469969,0x00000000,0,0,0,0x00000000,0x00000000,1,0,1,0,0
present,1606,53503552,0x00000000,0,0,0,0x00000000,0x00000000,1,0,1,0,0
present,1607,53534408,0x00000000,0,0,0,0x00000000,0x00000000,1,0,1,0,0
present,1608,53566817,0x00000000,0,0,0,0x00000000,0x00000000,1,0,1,0,0
present,1609,53600308,0x00000000,0,0,0,0x00000000,0x00000000,1,0,1,0,0
present,1610,53636345,0x00000000,0,0,0,0x00000000,0x00000000,1,0,1,0,0
present,1611,53671140,0x00000000,0,0,0,0x00000000,0x00000000,1,0,1,0,0
present,1612,53704120,0x00000000,0,0,0,0x00000000,0x00000000,1,0,1,0,0
present,1613,53735242,0x00000000,0,0,0,0x00000000,0x00000000,1,0,1,0,0
present,1614,53769360,0x00000000,0,0,0,0x00000000,0x00000000,1,0,1,0,0
present,1615,53806374,0x00000000,0,0,0,0x00000000,0x00000000,1,0,1,0,0
present,1616,53833666,0x00000000,0,0,0,0x00000000,0x00000000,1,0,1,0,0
present,1617,53870042,0x00000000,0,0,0,0x00000000,0x00000000,1,0,1,0,0
present,1618,53903707,0x00000000,0,0,0,0x00000000,0x00000000,1,0,1,0,0
present,1619,53937109,0x00000000,0,0,0,0x00000000,0x00000000,1,0,1,0,0
present,1620,53971255,0x00000000,0,0,0,0x00000000,0x00000000,1,0,1,0,0
present,1621,54007388,0x00000000,0,0,0,0x00000000,0x00000000,2,0,1,0,0
present,1622,54035162,0x00000000,0,0,0,0x00000000,0x00000000,2,0,1,0,0
present,1623,54070497,0x00000000,0,0,0,0x00000000,0x00000000,2,0,1,0,0
present,1624,54100358,0x00000000,0,0,0,0x00000000,0x00000000,2,0,1,0,0
present,1625,54136594,0x00000000,0,0,0,0x00000000,0x00000000,2,0,1,0,0
present,1626,54170109,0x00000000,0,0,0,0x00000000,0x00000000,2,0,1,0,0
present,1627,54200748,0x00000000,0,0,0,0x00000000,0x00000000,2,0,1,0,0
present,1628,54233922,0x00000000,0,0,0,0x00000000,0x00000000,2,0,1,0,0
present,1629,54270229,0x00000000,0,0,0,0x00000000,0x00000000,2,0,1,0,0
present,1630,54304255,0x00000000,0,0,0,0x00000000,0x00000000,2,0,1,0,0
present,1631,54334532,0x00000000,0,0,0,0x00000000,0x00000000,2,0,1,0,0
present,1632,54368537,0x00000000,0,0,0,0x00000000,0x00000000,2,0,1,0,0
present,1633,54400881,0x00000000,0,0,0,0x00000000,0x00000000,2,0,1,0,0
present,1634,54437479,0x00000000,0,0,0,0x00000000,0x00000000,2,0,1,0,0
present,1635,54467396,0x00000000,0,0,0,0x00000000,0x00000000,2,0,1,0,0
present,1636,54500697,0x00000000,0,0,0,0x00000000,0x00000000,2,0,1,0,0
present,1637,54533803,0x00000000,0,0,0,0x00000000,0x00000000,2,0,1,0,0
present,1638,54570823,0x00000000,0,0,0,0x00000000,0x00000000,2,0,1,0,0
present,1639,54600211,0x00000000,0,0,0,0x00000000,0x00000000,2,0,1,0,0
present,1640,54637470,0x00000000,0,0,0,0x00000000,0x00000000,2,0,1,0,0
present,1641,54670751,0x00000000,0,0,0,0x00000000,0x00000000,2,0,1,0,0
present,1642,54702618,0x00000000,0,0,0,0x00000000,0x00000000,2,0,1,0,0
present,1643,54736826,0x00000000,0,0,0,0x00000000,0x00000000,2,0,1,0,0
present,1644,54766761,0x00000000,0,0,0,0x00000000,0x00000000,2,0,1,0,0
present,1645,54804013,0x00000000,0,0,0,0x00000000,0x00000000,2,0,1,0,0
present,1646,54837692,0x00000000,0,0,0,0x00000000,0x00000000,2,0,1,0,0
present,1647,54867599,0x00000000,0,0,0,0x00000000,0x00000000,2,0,1,0,0
present,1648,54902380,0x00000000,0,0,0,0x00000000,0x00000000,2,0,1,0,0
present,1649,54933864,0x00000000,0,0,0,0x00000000,0x00000000,2,0,1,0,0
present,1650,54970855,0x00000000,0,0,0,0x00000000,0x00000000,2,0,1,0,0
present,1651,55003216,0x00000000,0,0,0,0x00000000,0x00000000,3,0,1,0,0
present,1652,55036777,0x00000000,0,0,0,0x00000000,0x00000000,3,0,1,0,0
present,1653,55070191,0x00000000,0,0,0,0x00000000,0x00000000,3,0,1,0,0
present,1654,55104098,0x00000000,0,0,0,0x00000000,0x00000000,3,0,1,0,0
present,1655,55134075,0x00000000,0,0,0,0x00000000,0x00000000,3,0,1,0,0
present,1656,55170983,0x00000000,0,0,0,0x00000000,0x00000000,3,0,1,0,0
present,1657,55200686,0x00000000,0,0,0,0x00000000,0x00000000,3,0,1,0,0
present,1658,55234058,0x00000000,0,0,0,0x00000000,0x00000000,3,0,1,0,0
present,1659,55269754,0x00000000,0,0,0,0x00000000,0x00000000,3,0,1,0,0
present,1660,55303621,0x00000000,0,0,0,0x00000000,0x00000000,3,0,1,0,0
present,1661,55336711,0x00000000,0,0,0,0x00000000,0x00000000,3,0,1,0,0
present,1662,55370075,0x00000000,0,0,0,0x00000000,0x00000000,3,0,1,0,0
present,1663,55403622,0x00000000,0,0,0,0x00000000,0x00000000,3,0,1,0,0
present,1664,55433832,0x00000000,0,0,0,0x00000000,0x00000000,3,0,1,0,0
present,1665,55469929,0x00000000,0,0,0,0x00000000,0x00000000,3,0,1,0,0
present,1666,55500491,0x00000000,0,0,0,0x00000000,0x00000000,3,0,1,0,0
present,1667,55535933,0x00000000,0,0,0,0x00000000,0x00000000,3,0,1,0,0
present,1668,55567300,0x00000000,0,0,0,0x00000000,0x00000000,3,0,1,0,0
present,1669,55603803,0x00000000,0,0,0,0x00000000,0x00000000,3,0,1,0,0
present,1670,55635218,0x00000000,0,0,0,0x00000000,0x00000000,3,0,1,0,0
present,1671,55670592,0x00000000,0,0,0,0x00000000,0x00000000,3,0,1,0,0
present,1672,55703951,0x00000000,0,0,0,0x00000000,0x00000000,3,0,1,0,0
present,1673,55737258,0x00000000,0,0,0,0x00000000,0x00000000,3,0,1,0,0
present,1674,55770925,0x00000000,0,0,0,0x00000000,0x00000000,3,0,1,0,0
present,1675,55802991,0x00000000,0,0,0,0x00000000,0x00000000,3,0,1,0,0
present,1676,55837544,0x00000000,0,0,0,0x00000000,0x00000000,3,0,1,0,0
present,1677,55869939,0x00000000,0,0,0,0x00000000,0x00000000,3,0,1,0,0
present,1678,55903605,0x00000000,0,0,0,0x00000000,0x00000000,3,0,1,0,0
present,1679,55933939,0x00000000,0,0,0,0x00000000,0x00000000,3,0,1,0,0
present,1680,55970754,0x00000000,0,0,0,0x00000000,0x00000000,3,0,1,0,0
present,1681,56003742,0x00000000,0,0,0,0x00000000,0x00000000,0,0,1,0,0
present,1682,56037776,0x00000000,0,0,0,0x00000000,0x00000000,0,0,1,0,0
present,1683,56070781,0x00000000,0,0,0,0x00000000,0x00000000,0,0,1,0,0
present,1684,56103263,0x00000000,0,0,0,0x00000000,0x00000000,0,0,1,0,0
present,1685,56135943,0x00000000,0,0,0,0x00000000,0x00000000,0,0,1,0,0
present,1686,56169140,0x00000000,0,0,0,0x00000000,0x00000000,0,0,1,0,0
present,1687,56203485,0x00000000,0,0,0,0x00000000,0x00000000,0,0,1,0,0
present,1688,56236784,0x00000000,0,0,0,0x00000000,0x00000000,0,0,1,0,0
present,1689,56270870,0x00000000,0,0,0,0x00000000,0x00000000,0,0,1,0,0
present,1690,56303916,0x00000000,0,0,0,0x00000000,0x00000000,0,0,1,0,0
present,1691,56336720,0x00000000,0,0,0,0x00000000,0x00000000,0,0,1,0,0
present,1692,56369581,0x00000000,0,0,0,0x00000000,0x00000000,0,0,1,0,0
present,1693,56404763,0x00000000,0,0,0,0x00000000,0x00000000,0,0,1,0,0
present,1694,56433494,0x00000000,0,0,0,0x00000000,0x00000000,0,0,1,0,0
present,1695,56470926,0x00000000,0,0,0,0x00000000,0x00000000,0,0,1,0,0
present,1696,56503290,0x00000000,0,0,0,0x00000000,0x00000000,0,0,1,0,0
present,1697,56536855,0x00000000,0,0,0,0x00000000,0x00000000,0,0,1,0,0
present,1698,56567170,0x00000000,0,0,0,0x00000000,0x00000000,0,0,1,0,0
present,1699,56602053,0x00000000,0,0,0,0x00000000,0x00000000,0,0,1,0,0
present,1700,56637358,0x00000000,0,0,0,0x00000000,0x00000000,0,0,1,0,0
present,1701,56671087,0x00000000,0,0,0,0x00000000,0x00000000,0,0,1,0,0
present,1702,56704098,0x00000000,0,0,0,0x00000000,0x00000000,0,0,1,0,0
present,1703,56737952,0x00000000,0,0,0,0x00000000,0x00000000,0,0,1,0,0
present,1704,56770742,0x00000000,0,0,0,0x00000000,0x00000000,0,0,1,0,0
present,1705,56804007,0x00000000,0,0,0,0x00000000,0x00000000,0,0,1,0,0
present,1706,56838005,0x00000000,0,0,0,0x00000000,0x00000000,0,0,1,0,0
present,1707,56869098,0x00000000,0,0,0,0x00000000,0x00000000,0,0,1,0,0
present,1708,56903926,0x00000000,0,0,0,0x00000000,0x00000000,0,0,1,0,0
present,1709,56937542,0x00000000,0,0,0,0x00000000,0x00000000,0,0,1,0,0
present,1710,56969907,0x00000000,0,0,0,0x00000000,0x00000000,0,0,1,0,0
present,1711,57003708,0x00000000,0,0,0,0x00000000,0x00000000,1,0,1,0,0
present,1712,57037680,0x00000000,0,0,0,0x00000000,0x00000000,1,0,1,0,0
present,1713,57070440,0x00000000,0,0,0,0x00000000,0x00000000,1,0,1,0,0
present,1714,57103039,0x00000000,0,0,0,0x00000000,0x00000000,1,0,1,0,0
present,1715,57138115,0x00000000,0,0,0,0x00000000,0x00000000,1,0,1,0,0
present,1716,57170793,0x00000000,0,0,0,0x00000000,0x00000000,1,0,1,0,0
present,1717,57203396,0x00000000,0,0,0,0x00000000,0x00000000,1,0,1,0,0
present,1718,57233879,0x00000000,0,0,0,0x00000000,0x00000000,1,0,1,0,0
present,1719,57270649,0x00000000,0,0,0,0x00000000,0x00000000,1,0,1,0,0
present,1720,57303363,0x00000000,0,0,0,0x00000000,0x00000000,1,0,1,0,0
present,1721,57334119,0x00000000,0,0,0,0x00000000,0x00000000,1,0,1,0,0
present,1722,57368395,0x00000000,0,0,0,0x00000000,0x00000000,1,0,1,0,0
present,1723,57401649,0x00000000,0,0,0,0x00000000,0x00000000,1,0,1,0,0
present,1724,57435940,0x00000000,0,0,0,0x00000000,0x00000000,1,0,1,0,0
present,1725,57470869,0x00000000,0,0,0,0x00000000,0x00000000,1,0,1,0,0
present,1726,57503746,0x00000000,0,0,0,0x00000000,0x00000000,1,0,1,0,0
present,1727,57534286,0x00000000,0,0,0,0x00000000,0x00000000,1,0,1,0,0
present,1728,57571169,0x00000000,0,0,0,0x00000000,0x00000000,1,0,1,0,0
present,1729,57603838,0x00000000,0,0,0,0x00000000,0x00000000,1,0,1,0,0
present,1730,57635350,0x00000000,0,0,0,0x00000000,0x00000000,1,0,1,0,0
present,1731,57670371,0x00000000,0,0,0,0x00000000,0x00000000,1,0,1,0,0
present,1732,57703966,0x00000000,0,0,0,0x00000000,0x00000000,1,0,1,0,0
present,1733,57737317,0x00000000,0,0,0,0x00000000,0x00000000,1,0,1,0,0
present,1734,57770650,0x00000000,0,0,0,0x00000000,0x00000000,1,0,1,0,0
present,1735,57803906,0x00000000,0,0,0,0x00000000,0x00000000,1,0,1,0,0
present,1736,57837166,0x00000000,0,0,0,0x00000000,0x00000000,1,0,1,0,0
present,1737,57868472,0x00000000,0,0,0,0x00000000,0x00000000,1,0,1,0,0
present,1738,57900548,0x00000000,0,0,0,0x00000000,0x00000000,1,0,1,0,0
present,1739,57937426,0x00000000,0,0,0,0x00000000,0x00000000,1,0,1,0,0
present,1740,57970545,0x00000000,0,0,0,0x00000000,0x00000000,1,0,1,0,0
present,1741,58003585,0x00000000,0,0,0,0x00000000,0x00000000,2,0,1,0,0
present,1742,58034138,0x00000000,0,0,0,0x00000000,0x00000000,2,0,1,0,0
present,1743,58071705,0x00000000,0,0,0,0x00000000,0x00000000,2,0,1,0,0
present,1744,58100280,0x00000000,0,0,0,0x00000000,0x00000000,2,0,1,0,0
present,1745,58136629,0x00000000,0,0,0,0x00000000,0x00000000,2,0,1,0,0
present,1746,58170283,0x00000000,0,0,0,0x00000000,0x00000000,2,0,1,0,0
present,1747,58200540,0x00000000,0,0,0,0x00000000,0x00000000,2,0,1,0,0
present,1748,58238113,0x00000000,0,0,0,0x00000000,0x00000000,2,0,1,0,0
present,1749,58270293,0x00000000,0,0,0,0x00000000,0x00000000,2,0,1,0,0
present,1750,58304297,0x00000000,0,0,0,0x00000000,0x00000000,2,0,1,0,0
present,1751,58337294,0x00000000,0,0,0,0x00000000,0x00000000,2,0,1,0,0
present,1752,58366953,0x00000000,0,0,0,0x00000000,0x00000000,2,0,1,0,0
present,1753,58403352,0x00000000,0,0,0,0x00000000,0x00000000,2,0,1,0,0
present,1754,58436946,0x00000000,0,0,0,0x00000000,0x00000000,2,0,1,0,0
present,1755,58467396,0x00000000,0,0,0,0x00000000,0x00000000,2,0,1,0,0
present,1756,58504241,0x00000000,0,0,0,0x00000000,0x00000000,2,0,1,0,0
present,1757,58536845,0x00000000,0,0,0,0x00000000,0x00000000,2,0,1,0,0
present,1758,58570813,0x00000000,0,0,0,0x00000000,0x00000000,2,0,1,0,0
present,1759,58603737,0x00000000,0,0,0,0x00000000,0x00000000,2,0,1,0,0
present,1760,58637742,0x00000000,0,0,0,0x00000000,0x00000000,2,0,1,0,0
present,1761,58667209,0x00000000,0,0,0,0x00000000,0x00000000,2,0,1,0,0
present,1762,58704417,0x00000000,0,0,0,0x00000000,0x00000000,2,0,1,0,0
present,1763,58734684,0x00000000,0,0,0,0x00000000,0x00000000,2,0,1,0,0
present,1764,58768965,0x00000000,0,0,0,0x00000000,0x00000000,2,0,1,0,0
present,1765,58803768,0x00000000,0,0,0,0x00000000,0x00000000,2,0,1,0,0
present,1766,58833894,0x00000000,0,0,0,0x00000000,0x00000000,2,0,1,0,0
present,1767,58869425,0x00000000,0,0,0,0x00000000,0x00000000,2,0,1,0,0
present,1768,58900861,0x00000000,0,0,0,0x00000000,0x00000000,2,0,1,0,0
present,1769,58937878,0x00000000,0,0,0,0x00000000,0x00000000,2,0,1,0,0
present,1770,58969612,0x00000000,0,0,0,0x00000000,0x00000000,2,0,1,0,0
present,1771,59000537,0x00000000,0,0,0,0x00000000,0x00000000,3,0,1,0,0
present,1772,59034252,0x00000000,0,0,0,0x00000000,0x00000000,3,0,1,0,0
present,1773,59070287,0x00000000,0,0,0,0x00000000,0x00000000,3,0,1,0,0
present,1774,59102965,0x00000000,0,0,0,0x00000000,0x00000000,3,0,1,0,0
present,1775,59133916,0x00000000,0,0,0,0x00000000,0x00000000,3,0,1,0,0
present,1776,59167391,0x00000000,0,0,0,0x00000000,0x00000000,3,0,1,0,0
present,1777,59203130,0x00000000,0,0,0,0x00000000,0x00000000,3,0,1,0,0
present,1778,59233907,0x00000000,0,0,0,0x00000000,0x00000000,3,0,1,0,0
present,1779,59267535,0x00000000,0,0,0,0x00000000,0x00000000,3,0,1,0,0
present,1780,59303788,0x00000000,0,0,0,0x00000000,0x00000000,3,0,1,0,0
present,1781,59335661,0x00000000,0,0,0,0x00000000,0x00000000,3,0,1,0,0
present,1782,59370082,0x00000000,0,0,0,0x00000000,0x00000000,3,0,1,0,0
present,1783,59403690,0x00000000,0,0,0,0x00000000,0x00000000,3,0,1,0,0
present,1784,59437498,0x00000000,0,0,0,0x00000000,0x00000000,3,0,1,0,0
present,1785,59470352,0x00000000,0,0,0,0x00000000,0x00000000,3,0,1,0,0
present,1786,59503863,0x00000000,0,0,0,0x00000000,0x00000000,3,0,1,0,0
present,1787,59537138,0x00000000,0,0,0,0x00000000,0x00000000,3,0,1,0,0
present,1788,59570351,0x00000000,0,0,0,0x00000000,0x00000000,3,0,1,0,0
present,1789,59603727,0x00000000,0,0,0,0x00000000,0x00000000,3,0,1,0,0
present,1790,59636988,0x00000000,0,0,0,0x00000000,0x00000000,3,0,1,0,0
present,1791,59670640,0x00000000,0,0,0,0x00000000,0x00000000,3,0,1,0,0
present,1792,59704453,0x00000000,0,0,0,0x00000000,0x00000000,3,0,1,0,0
present,1793,59737327,0x00000000,0,0,0,0x00000000,0x00000000,3,0,1,0,0
present,1794,59770268,0x00000000,0,0,0,0x00000000,0x00000000,3,0,1,0,0
present,1795,59800155,0x00000000,0,0,0,0x00000000,0x00000000,3,0,1,0,0
present,1796,59837520,0x00000000,0,0,0,0x00000000,0x00000000,3,0,1,0,0
present,1797,59868201,0x00000000,0,0,0,0x00000000,0x00000000,3,0,1,0,0
present,1798,59903386,0x00000000,0,0,0,0x00000000,0x00000000,3,0,1,0,0
present,1799,59936770,0x00000000,0,0,0,0x00000000,0x00000000,3,0,1,0,0
present,1800,59968305,0x00000000,0,0,0,0x00000000,0x00000000,3,0,1,0,0
present,1801,60004360,0x00000000,0,0,0,0x00000000,0x00000000,0,0,1,0,0
present,1802,60033562,0x00000000,0,0,0,0x00000000,0x00000000,0,0,1,0,0
present,1803,60069913,0x00000000,0,0,0,0x00000000,0x00000000,0,0,1,0,0
present,1804,60103597,0x00000000,0,0,0,0x00000000,0x00000000,0,0,1,0,0
present,1805,60137246,0x00000000,0,0,0,0x00000000,0x00000000,0,0,1,0,0
present,1806,60167429,0x00000000,0,0,0,0x00000000,0x00000000,0,0,1,0,0
present,1807,60203787,0x00000000,0,0,0,0x00000000,0x00000000,0,0,1,0,0
present,1808,60237158,0x00000000,0,0,0,0x00000000,0x00000000,0,0,1,0,0
present,1809,60268397,0x00000000,0,0,0,0x00000000,0x00000000,0,0,1,0,0
present,1810,60300199,0x00000000,0,0,0,0x00000000,0x00000000,0,0,1,0,0
present,1811,60333835,0x00000000,0,0,0,0x00000000,0x00000000,0,0,1,0,0
present,1812,60370370,0x00000000,0,0,0,0x00000000,0x00000000,0,0,1,0,0
present,1813,60403910,0x00000000,0,0,0,0x00000000,0x00000000,0,0,1,0,0
present,1814,60437281,0x00000000,0,0,0,0x00000000,0x00000000,0,0,1,0,0
present,1815,60470619,0x00000000,0,0,0,0x00000000,0x00000000,0,0,1,0,0
present,1816,60504311,0x00000000,0,0,0,0x00000000,0x00000000,0,0,1,0,0
present,1817,60533836,0x00000000,0,0,0,0x00000000,0x00000000,0,0,1,0,0
present,1818,60569094,0x00000000,0,0,0,0x00000000,0x00000000,0,0,1,0,0
present,1819,60603972,0x00000000,0,0,0,0x00000000,0x00000000,0,0,1,0,0
present,1820,60636635,0x00000000,0,0,0,0x00000000,0x00000000,0,0,1,0,0
present,1821,60669895,0x00000000,0,0,0,0x00000000,0x00000000,0,0,1,0,0
present,1822,60700201,0x00000000,0,0,0,0x00000000,0x00000000,0,0,1,0,0
present,1823,60733872,0x00000000,0,0,0,0x00000000,0x00000000,0,0,1,0,0
present,1824,60770542,0x00000000,0,0,0,0x00000000,0x00000000,0,0,1,0,0
present,1825,60809229,0x00000000,0,0,0,0x00000000,0x00000000,0,0,1,0,0
present,1826,60837110,0x00000000,0,0,0,0x00000000,0x00000000,0,0,1,0,0
present,1827,60871021,0x00000000,0,0,0,0x00000000,0x00000000,0,0,1,0,0
present,1828,60900325,0x00000000,0,0,0,0x00000000,0x00000000,0,0,1,0,0
present,1829,60936798,0x00000000,0,0,0,0x00000000,0x00000000,0,0,1,0,0
present,1830,60966857,0x00000000,0,0,0,0x00000000,0x00000000,0,0,1,0,0
present,1831,61003527,0x00000000,0,0,0,0x00000000,0x00000000,1,0,1,0,0
present,1832,61037292,0x00000000,0,0,0,0x00000000,0x00000000,1,0,1,0,0
present,1833,61071137,0x00000000,0,0,0,0x00000000,0x00000000,1,0,1,0,0
present,1834,61104049,0x00000000,0,0,0,0x00000000,0x00000000,1,0,1,0,0
present,1835,61134187,0x00000000,0,0,0,0x00000000,0x00000000,1,0,1,0,0
present,1836,61167344,0x00000000,0,0,0,0x00000000,0x00000000,1,0,1,0,0
present,1837,61204344,0x00000000,0,0,0,0x00000000,0x00000000,1,0,1,0,0
present,1838,61238218,0x00000000,0,0,0,0x00000000,0x00000000,1,0,1,0,0
present,1839,61270307,0x00000000,0,0,0,0x00000000,0x00000000,1,0,1,0,0
present,1840,61304013,0x00000000,0,0,0,0x00000000,0x00000000,1,0,1,0,0
present,1841,61335943,0x00000000,0,0,0,0x00000000,0x00000000,1,0,1,0,0
present,1842,61370417,0x00000000,0,0,0,0x00000000,0x00000000,1,0,1,0,0
present,1843,61404116,0x00000000,0,0,0,0x00000000,0x00000000,1,0,1,0,0
present,1844,61433572,0x00000000,0,0,0,0x00000000,0x00000000,1,0,1,0,0
present,1845,61469858,0x00000000,0,0,0,0x00000000,0x00000000,1,0,1,0,0
present,1846,61504136,0x00000000,0,0,0,0x00000000,0x00000000,1,0,1,0,0
present,1847,61537400,0x00000000,0,0,0,0x00000000,0x00000000,1,0,1,0,0
present,1848,61570653,0x00000000,0,0,0,0x00000000,0x00000000,1,0,1,0,0
present,1849,61604261,0x00000000,0,0,0,0x00000000,0x00000000,1,0,1,0,0
present,1850,61633937,0x00000000,0,0,0,0x00000000,0x00000000,1,0,1,0,0
present,1851,61669224,0x00000000,0,0,0,0x00000000,0x00000000,1,0,1,0,0
present,1852,61702457,0x00000000,0,0,0,0x00000000,0x00000000,1,0,1,0,0
present,1853,61736813,0x00000000,0,0,0,0x00000000,0x00000000,1,0,1,0,0
present,1854,61770359,0x00000000,0,0,0,0x00000000,0x00000000,1,0,1,0,0
present,1855,61804454,0x00000000,0,0,0,0x00000000,0x00000000,1,0,1,0,0
present,1856,61834447,0x00000000,0,0,0,0x00000000,0x00000000,1,0,1,0,0
present,1857,61870159,0x00000000,0,0,0,0x00000000,0x00000000,1,0,1,0,0
present,1858,61904017,0x00000000,0,0,0,0x00000000,0x00000000,1,0,1,0,0
present,1859,61936545,0x00000000,0,0,0,0x00000000,0x00000000,1,0,1,0,0
present,1860,61973925,0x00000000,0,0,0,0x00000000,0x00000000,1,0,1,0,0
present,1861,62009177,0x00000000,0,0,0,0x00000000,0x00000000,2,0,1,0,0
present,1862,62033419,0x00000000,0,0,0,0x00000000,0x00000000,2,0,1,0,0
present,1863,62070692,0x00000000,0,0,0,0x00000000,0x00000000,2,0,1,0,0
present,1864,62103882,0x00000000,0,0,0,0x00000000,0x00000000,2,0,1,0,0
present,1865,62136142,0x00000000,0,0,0,0x00000000,0x00000000,2,0,1,0,0
present,1866,62170325,0x00000000,0,0,0,0x00000000,0x00000000,2,0,1,0,0
present,1867,62203542,0x00000000,0,0,0,0x00000000,0x00000000,2,0,1,0,0
present,1868,62237019,0x00000000,0,0,0,0x00000000,0x00000000,2,0,1,0,0
present,1869,62270279,0x00000000,0,0,0,0x00000000,0x00000000,2,0,1,0,0
present,1870,62303190,0x00000000,0,0,0,0x00000000,0x00000000,2,0,1,0,0
present,1871,62337313,0x00000000,0,0,0,0x00000000,0x00000000,2,0,1,0,0
present,1872,62370721,0x00000000,0,0,0,0x00000000,0x00000000,2,0,1,0,0
present,1873,62403654,0x00000000,0,0,0,0x00000000,0x00000000,2,0,1,0,0
present,1874,62437202,0x00000000,0,0,0,0x00000000,0x00000000,2,0,1,0,0
present,1875,62470994,0x00000000,0,0,0,0x00000000,0x00000000,2,0,1,0,0
present,1876,62500552,0x00000000,0,0,0,0x00000000,0x00000000,2,0,1,0,0
present,1877,62537821,0x00000000,0,0,0,0x00000000,0x00000000,2,0,1,0,0
present,1878,62568852,0x00000000,0,0,0,0x00000000,0x00000000,2,0,1,0,0
present,1879,62601110,0x00000000,0,0,0,0x00000000,0x00000000,2,0,1,0,0
present,1880,62634408,0x00000000,0,0,0,0x00000000,0x00000000,2,0,1,0,0
present,1881,62667191,0x00000000,0,0,0,0x00000000,0x00000000,2,0,1,0,0
present,1882,62700550,0x00000000,0,0,0,0x00000000,0x00000000,2,0,1,0,0
present,1883,62734242,0x00000000,0,0,0,0x00000000,0x00000000,2,0,1,0,0
present,1884,62770474,0x00000000,0,0,0,0x00000000,0x00000000,2,0,1,0,0
present,1885,62806639,0x00000000,0,0,0,0x00000000,0x00000000,2,0,1,0,0
present,1886,62835265,0x00000000,0,0,0,0x00000000,0x00000000,2,0,1,0,0
present,1887,62871043,0x00000000,0,0,0,0x00000000,0x00000000,2,0,1,0,0
present,1888,62903771,0x00000000,0,0,0,0x00000000,0x00000000,2,0,1,0,0
present,1889,62937778,0x00000000,0,0,0,0x00000000,0x00000000,2,0,1,0,0
present,1890,62970756,0x00000000,0,0,0,0x00000000,0x00000000,2,0,1,0,0
present,1891,63000770,0x00000000,0,0,0,0x00000000,0x00000000,3,0,1,0,0
present,1892,63037102,0x00000000,0,0,0,0x00000000,0x00000000,3,0,1,0,0
present,1893,63069942,0x00000000,0,0,0,0x00000000,0x00000000,3,0,1,0,0
present,1894,63103333,0x00000000,0,0,0,0x00000000,0x00000000,3,0,1,0,0
present,1895,63136604,0x00000000,0,0,0,0x00000000,0x00000000,3,0,1,0,0
present,1896,63169836,0x00000000,0,0,0,0x00000000,0x00000000,3,0,1,0,0
present,1897,63204100,0x00000000,0,0,0,0x00000000,0x00000000,3,0,1,0,0
present,1898,63238069,0x00000000,0,0,0,0x00000000,0x00000000,3,0,1,0,0
present,1899,63270991,0x00000000,0,0,0,0x00000000,0x00000000,3,0,1,0,0
present,1900,63301274,0x00000000,0,0,0,0x00000000,0x00000000,3,0,1,0,0
present,1901,63336620,0x00000000,0,0,0,0x00000000,0x00000000,3,0,1,0,0
present,1902,63369892,0x00000000,0,0,0,0x00000000,0x00000000,3,0,1,0,0
present,1903,63404279,0x00000000,0,0,0,0x00000000,0x00000000,3,0,1,0,0
present,1904,63433517,0x00000000,0,0,0,0x00000000,0x00000000,3,0,1,0,0
present,1905,63469710,0x00000000,0,0,0,0x00000000,0x00000000,3,0,1,0,0
present,1906,63501585,0x00000000,0,0,0,0x00000000,0x00000000,3,0,1,0,0
present,1907,63540273,0x00000000,0,0,0,0x00000000,0x00000000,3,0,1,0,0
present,1908,63569161,0x00000000,0,0,0,0x00000000,0x00000000,3,0,1,0,0
present,1909,63602147,0x00000000,0,0,0,0x00000000,0x00000000,3,0,1,0,0
present,1910,63634659,0x00000000,0,0,0,0x00000000,0x00000000,3,0,1,0,0
present,1911,63670029,0x00000000,0,0,0,0x00000000,0x00000000,3,0,1,0,0
present,1912,63701677,0x00000000,0,0,0,0x00000000,0x00000000,3,0,1,0,0
present,1913,63736924,0x00000000,0,0,0,0x00000000,0x00000000,3,0,1,0,0
present,1914,63770129,0x00000000,0,0,0,0x00000000,0x00000000,3,0,1,0,0
present,1915,63803302,0x00000000,0,0,0,0x00000000,0x00000000,3,0,1,0,0
present,1916,63836616,0x00000000,0,0,0,0x00000000,0x00000000,3,0,1,0,0
present,1917,63869911,0x00000000,0,0,0,0x00000000,0x00000000,3,0,1,0,0
present,1918,63903223,0x00000000,0,0,0,0x00000000,0x00000000,3,0,1,0,0
present,1919,63936615,0x00000000,0,0,0,0x00000000,0x00000000,3,0,1,0,0
present,1920,63970193,0x00000000,0,0,0,0x00000000,0x00000000,3,0,1,0,0
present,1921,64003706,0x00000000,0,0,0,0x00000000,0x00000000,0,0,1,0,0
present,1922,64037013,0x00000000,0,0,0,0x00000000,0x00000000,0,0,1,0,0
present,1923,64068558,0x00000000,0,0,0,0x00000000,0x00000000,0,0,1,0,0
present,1924,64103814,0x00000000,0,0,0,0x00000000,0x00000000,0,0,1,0,0
present,1925,64137050,0x00000000,0,0,0,0x00000000,0x00000000,0,0,1,0,0
present,1926,64170251,0x00000000,0,0,0,0x00000000,0x00000000,0,0,1,0,0
present,1927,64203699,0x00000000,0,0,0,0x00000000,0x00000000,0,0,1,0,0
present,1928,64236954,0x00000000,0,0,0,0x00000000,0x00000000,0,0,1,0,0
present,1929,64270195,0x00000000,0,0,0,0x00000000,0x00000000,0,0,1,0,0
present,1930,64303479,0x00000000,0,0,0,0x00000000,0x00000000,0,0,1,0,0
present,1931,64336879,0x00000000,0,0,0,0x00000000,0x00000000,0,0,1,0,0
present,1932,64370268,0x00000000,0,0,0,0x00000000,0x00000000,0,0,1,0,0
present,1933,64403480,0x00000000,0,0,0,0x00000000,0x00000000,0,0,1,0,0
present,1934,64436777,0x00000000,0,0,0,0x00000000,0x00000000,0,0,1,0,0
present,1935,64470098,0x00000000,0,0,0,0x00000000,0x00000000,0,0,1,0,0
present,1936,64503315,0x00000000,0,0,0,0x00000000,0x00000000,0,0,1,0,0
present,1937,64536589,0x00000000,0,0,0,0x00000000,0x00000000,0,0,1,0,0
present,1938,64569816,0x00000000,0,0,0,0x00000000,0x00000000,0,0,1,0,0
present,1939,64604155,0x00000000,0,0,0,0x00000000,0x00000000,0,0,1,0,0
present,1940,64633592,0x00000000,0,0,0,0x00000000,0x00000000,0,0,1,0,0
present,1941,64670676,0x00000000,0,0,0,0x00000000,0x00000000,0,0,1,0,0
present,1942,64702294,0x00000000,0,0,0,0x00000000,0x00000000,0,0,1,0,0
present,1943,64734157,0x00000000,0,0,0,0x00000000,0x00000000,0,0,1,0,0
present,1944,64767508,0x00000000,0,0,0,0x00000000,0x00000000,0,0,1,0,0
present,1945,64805053,0x00000000,0,0,0,0x00000000,0x00000000,0,0,1,0,0
present,1946,64834817,0x00000000,0,0,0,0x00000000,0x00000000,0,0,1,0,0
present,1947,64870899,0x00000000,0,0,0,0x00000000,0x00000000,0,0,1,0,0
present,1948,64903698,0x00000000,0,0,0,0x00000000,0x00000000,0,0,1,0,0
present,1949,64933913,0x00000000,0,0,0,0x00000000,0x00000000,0,0,1,0,0
present,1950,64969792,0x00000000,0,0,0,0x00000000,0x00000000,0,0,1,0,0
present,1951,65001786,0x00000000,0,0,0,0x00000000,0x00000000,1,0,1,0,0
present,1952,65033566,0x00000000,0,0,0,0x00000000,0x00000000,1,0,1,0,0
present,1953,65070046,0x00000000,0,0,0,0x00000000,0x00000000,1,0,1,0,0
present,1954,65103865,0x00000000,0,0,0,0x00000000,0x00000000,1,0,1,0,0
present,1955,65137397,0x00000000,0,0,0,0x00000000,0x00000000,1,0,1,0,0
present,1956,65166923,0x00000000,0,0,0,0x00000000,0x00000000,1,0,1,0,0
present,1957,65203264,0x00000000,0,0,0,0x00000000,0x00000000,1,0,1,0,0
present,1958,65233483,0x00000000,0,0,0,0x00000000,0x00000000,1,0,1,0,0
present,1959,65268867,0x00000000,0,0,0,0x00000000,0x00000000,1,0,1,0,0
present,1960,65300136,0x00000000,0,0,0,0x00000000,0x00000000,1,0,1,0,0
present,1961,65335781,0x00000000,0,0,0,0x00000000,0x00000000,1,0,1,0,0
present,1962,65370108,0x00000000,0,0,0,0x00000000,0x00000000,1,0,1,0,0
present,1963,65403822,0x00000000,0,0,0,0x00000000,0x00000000,1,0,1,0,0
present,1964,65436767,0x00000000,0,0,0,0x00000000,0x00000000,1,0,1,0,0
present,1965,65470850,0x00000000,0,0,0,0x00000000,0x00000000,1,0,1,0,0
present,1966,65502202,0x00000000,0,0,0,0x00000000,0x00000000,1,0,1,0,0
present,1967,65533817,0x00000000,0,0,0,0x00000000,0x00000000,1,0,1,0,0
present,1968,65570669,0x00000000,0,0,0,0x00000000,0x00000000,1,0,1,0,0
present,1969,65624306,0x00000000,0,0,0,0x00000000,0x00000000,1,0,1,0,1
present,1970,65633528,0x00000000,0,0,0,0x00000000,0x00000000,1,0,1,0,1
present,1971,65669889,0x00000000,0,0,0,0x00000000,0x00000000,1,0,1,0,1
present,1972,65704127,0x00000000,0,0,0,0x00000000,0x00000000,1,0,1,0,1
present,1973,65737697,0x00000000,0,0,0,0x00000000,0x00000000,1,0,1,0,1
present,1974,65769658,0x00000000,0,0,0,0x00000000,0x00000000,1,0,1,0,1
present,1975,65802314,0x00000000,0,0,0,0x00000000,0x00000000,1,0,1,0,1
present,1976,65833846,0x00000000,0,0,0,0x00000000,0x00000000,1,0,1,0,1
present,1977,65870945,0x00000000,0,0,0,0x00000000,0x00000000,1,0,1,0,1
present,1978,65902279,0x00000000,0,0,0,0x00000000,0x00000000,1,0,1,0,1
present,1979,65937390,0x00000000,0,0,0,0x00000000,0x00000000,1,0,1,0,1
present,1980,65967068,0x00000000,0,0,0,0x00000000,0x00000000,1,0,1,0,1
present,1981,66001549,0x00000000,0,0,0,0x00000000,0x00000000,2,0,1,0,1
present,1982,66036372,0x00000000,0,0,0,0x00000000,0x00000000,2,0,1,0,1
present,1983,66070039,0x00000000,0,0,0,0x00000000,0x00000000,2,0,1,0,1
present,1984,66102163,0x00000000,0,0,0,0x00000000,0x00000000,2,0,1,0,1
present,1985,66133949,0x00000000,0,0,0,0x00000000,0x00000000,2,0,1,0,1
present,1986,66171045,0x00000000,0,0,0,0x00000000,0x00000000,2,0,1,0,1
present,1987,66203526,0x00000000,0,0,0,0x00000000,0x00000000,2,0,1,0,1
present,1988,66233935,0x00000000,0,0,0,0x00000000,0x00000000,2,0,1,0,1
present,1989,66270287,0x00000000,0,0,0,0x00000000,0x00000000,2,0,1,0,1
present,1990,66300583,0x00000000,0,0,0,0x00000000,0x00000000,2,0,1,0,1
present,1991,66336032,0x00000000,0,0,0,0x00000000,0x00000000,2,0,1,0,1
present,1992,66370541,0x00000000,0,0,0,0x00000000,0x00000000,2,0,1,0,1
present,1993,66402827,0x00000000,0,0,0,0x00000000,0x00000000,2,0,1,0,1
present,1994,66437084,0x00000000,0,0,0,0x00000000,0x00000000,2,0,1,0,1
present,1995,66470293,0x00000000,0,0,0,0x00000000,0x00000000,2,0,1,0,1
present,1996,66501729,0x00000000,0,0,0,0x00000000,0x00000000,2,0,1,0,1
present,1997,66535554,0x00000000,0,0,0,0x00000000,0x00000000,2,0,1,0,1
present,1998,66569048,0x00000000,0,0,0,0x00000000,0x00000000,2,0,1,0,1
present,1999,66600971,0x00000000,0,0,0,0x00000000,0x00000000,2,0,1,0,1
present,2000,66634174,0x00000000,0,0,0,0x00000000,0x00000000,2,0,1,0,1
present,2001,66669613,0x00000000,0,0,0,0x00000000,0x00000000,2,0,1,0,1
present,2002,66705141,0x00000000,0,0,0,0x00000000,0x00000000,2,0,1,0,1
present,2003,66734031,0x00000000,0,0,0,0x00000000,0x00000000,2,0,1,0,1
present,2004,66770777,0x00000000,0,0,0,0x00000000,0x00000000,2,0,1,0,1
present,2005,66805244,0x00000000,0,0,0,0x00000000,0x00000000,2,0,1,0,1
present,2006,66836113,0x00000000,0,0,0,0x00000000,0x00000000,2,0,1,0,1
present,2007,66870830,0x00000000,0,0,0,0x00000000,0x00000000,2,0,1,0,1
present,2008,66900537,0x00000000,0,0,0,0x00000000,0x00000000,2,0,1,0,1
present,2009,66935378,0x00000000,0,0,0,0x00000000,0x00000000,2,0,1,0,1
present,2010,66967458,0x00000000,0,0,0,0x00000000,0x00000000,2,0,1,0,1
present,2011,67003391,0x00000000,0,0,0,0x00000000,0x00000000,3,0,1,0,1
present,2012,67035934,0x00000000,0,0,0,0x00000000,0x00000000,3,0,1,0,1
present,2013,67070925,0x00000000,0,0,0,0x00000000,0x00000000,3,0,1,0,1
present,2014,67102672,0x00000000,0,0,0,0x00000000,0x00000000,3,0,1,0,1
present,2015,67136611,0x00000000,0,0,0,0x00000000,0x00000000,3,0,1,0,1
present,2016,67167901,0x00000000,0,0,0,0x00000000,0x00000000,3,0,1,0,1
present,2017,67202411,0x00000000,0,0,0,0x00000000,0x00000000,3,0,1,0,1
present,2018,67237200,0x00000000,0,0,0,0x00000000,0x00000000,3,0,1,0,1
present,2019,67267237,0x00000000,0,0,0,0x00000000,0x00000000,3,0,1,0,1
present,2020,67300731,0x00000000,0,0,0,0x00000000,0x00000000,3,0,1,0,1
present,2021,67337734,0x00000000,0,0,0,0x00000000,0x00000000,3,0,1,0,1
present,2022,67370092,0x00000000,0,0,0,0x00000000,0x00000000,3,0,1,0,1
present,2023,67400999,0x00000000,0,0,0,0x00000000,0x00000000,3,0,1,0,1
present,2024,67437261,0x00000000,0,0,0,0x00000000,0x00000000,3,0,1,0,1
present,2025,67467543,0x00000000,0,0,0,0x00000000,0x00000000,3,0,1,0,1
present,2026,67504426,0x00000000,0,0,0,0x00000000,0x00000000,3,0,1,0,1
present,2027,67533938,0x00000000,0,0,0,0x00000000,0x00000000,3,0,1,0,1
present,2028,67571119,0x00000000,0,0,0,0x00000000,0x00000000,3,0,1,0,1
present,2029,67604117,0x00000000,0,0,0,0x00000000,0x00000000,3,0,1,0,1
present,2030,67636647,0x00000000,0,0,0,0x00000000,0x00000000,3,0,1,0,1
present,2031,67666873,0x00000000,0,0,0,0x00000000,0x00000000,3,0,1,0,1
present,2032,67703844,0x00000000,0,0,0,0x00000000,0x00000000,3,0,1,0,1
present,2033,67736978,0x00000000,0,0,0,0x00000000,0x00000000,3,0,1,0,1
present,2034,67770978,0x00000000,0,0,0,0x00000000,0x00000000,3,0,1,0,1
present,2035,67813105,0x00000000,0,0,0,0x00000000,0x00000000,3,0,1,0,1
present,2036,67837841,0x00000000,0,0,0,0x00000000,0x00000000,3,0,1,0,1
present,2037,67870622,0x00000000,0,0,0,0x00000000,0x00000000,3,0,1,0,1
present,2038,67904551,0x00000000,0,0,0,0x00000000,0x00000000,3,0,1,0,1
present,2039,67934407,0x00000000,0,0,0,0x00000000,0x00000000,3,0,1,0,1
present,2040,67970340,0x00000000,0,0,0,0x00000000,0x00000000,3,0,1,0,1
present,2041,68003273,0x00000000,0,0,0,0x00000000,0x00000000,0,0,1,0,1
present,2042,68034192,0x00000000,0,0,0,0x00000000,0x00000000,0,0,1,0,1
present,2043,68070074,0x00000000,0,0,0,0x00000000,0x00000000,0,0,1,0,1
present,2044,68103996,0x00000000,0,0,0,0x00000000,0x00000000,0,0,1,0,1
present,2045,68134568,0x00000000,0,0,0,0x00000000,0x00000000,0,0,1,0,1
present,2046,68170510,0x00000000,0,0,0,0x00000000,0x00000000,0,0,1,0,1
present,2047,68204386,0x00000000,0,0,0,0x00000000,0x00000000,0,0,1,0,1
present,2048,68235944,0x00000000,0,0,0,0x00000000,0x00000000,0,0,1,0,1
present,2049,68270692,0x00000000,0,0,0,0x00000000,0x00000000,0,0,1,0,1
present,2050,68303332,0x00000000,0,0,0,0x00000000,0x00000000,0,0,1,0,1
present,2051,68333531,0x00000000,0,0,0,0x00000000,0x00000000,0,0,1,0,1
present,2052,68369938,0x00000000,0,0,0,0x00000000,0x00000000,0,0,1,0,1
present,2053,68400683,0x00000000,0,0,0,0x00000000,0x00000000,0,0,1,0,1
present,2054,68433900,0x00000000,0,0,0,0x00000000,0x00000000,0,0,1,0,1
present,2055,68467663,0x00000000,0,0,0,0x00000000,0x00000000,0,0,1,0,1
present,2056,68503829,0x00000000,0,0,0,0x00000000,0x00000000,0,0,1,0,1
present,2057,68537781,0x00000000,0,0,0,0x00000000,0x00000000,0,0,1,0,1
present,2058,68570200,0x00000000,0,0,0,0x00000000,0x00000000,0,0,1,0,1
present,2059,68604139,0x00000000,0,0,0,0x00000000,0x00000000,0,0,1,0,1
present,2060,68635934,0x00000000,0,0,0,0x00000000,0x00000000,0,0,1,0,1
present,2061,68670630,0x00000000,0,0,0,0x00000000,0x00000000,0,0,1,0,1
present,2062,68702941,0x00000000,0,0,0,0x00000000,0x00000000,0,0,1,0,1
present,2063,68737948,0x00000000,0,0,0,0x00000000,0x00000000,0,0,1,0,1
present,2064,68769590,0x00000000,0,0,0,0x00000000,0x00000000,0,0,1,0,1
present,2065,68811352,0x00000000,0,0,0,0x00000000,0x00000000,0,0,1,0,1
present,2066,68837527,0x00000000,0,0,0,0x00000000,0x00000000,0,0,1,0,1
present,2067,68867477,0x00000000,0,0,0,0x00000000,0x00000000,0,0,1,0,1
present,2068,68904272,0x00000000,0,0,0,0x00000000,0x00000000,0,0,1,0,1
present,2069,68937271,0x00000000,0,0,0,0x00000000,0x00000000,0,0,1,0,1
present,2070,68971091,0x00000000,0,0,0,0x00000000,0x00000000,0,0,1,0,1
present,2071,69001714,0x00000000,0,0,0,0x00000000,0x00000000,1,0,1,0,1
present,2072,69037215,0x00000000,0,0,0,0x00000000,0x00000000,1,0,1,0,1
present,2073,69069399,0x00000000,0,0,0,0x00000000,0x00000000,1,0,1,0,1
present,2074,69100677,0x00000000,0,0,0,0x00000000,0x00000000,1,0,1,0,1
present,2075,69137680,0x00000000,0,0,0,0x00000000,0x00000000,1,0,1,0,1
present,2076,69170624,0x00000000,0,0,0,0x00000000,0x00000000,1,0,1,0,1
present,2077,69204590,0x00000000,0,0,0,0x00000000,0x00000000,1,0,1,0,1
present,2078,69237148,0x00000000,0,0,0,0x00000000,0x00000000,1,0,1,0,1
present,2079,69270430,0x00000000,0,0,0,0x00000000,0x00000000,1,0,1,0,1
present,2080,69303718,0x00000000,0,0,0,0x00000000,0x00000000,1,0,1,0,1
present,2081,69337414,0x00000000,0,0,0,0x00000000,0x00000000,1,0,1,0,1
present,2082,69370278,0x00000000,0,0,0,0x00000000,0x00000000,1,0,1,0,1
present,2083,69400658,0x00000000,0,0,0,0x00000000,0x00000000,1,0,1,0,1
present,2084,69437763,0x00000000,0,0,0,0x00000000,0x00000000,1,0,1,0,1
present,2085,69470366,0x00000000,0,0,0,0x00000000,0x00000000,1,0,1,0,1
present,2086,69501930,0x00000000,0,0,0,0x00000000,0x00000000,1,0,1,0,1
present,2087,69537357,0x00000000,0,0,0,0x00000000,0x00000000,1,0,1,0,1
present,2088,69570436,0x00000000,0,0,0,0x00000000,0x00000000,1,0,1,0,1
present,2089,69604660,0x00000000,0,0,0,0x00000000,0x00000000,1,0,1,0,1
present,2090,69633997,0x00000000,0,0,0,0x00000000,0x00000000,1,0,1,0,1
present,2091,69670962,0x00000000,0,0,0,0x00000000,0x00000000,1,0,1,0,1
present,2092,69702758,0x00000000,0,0,0,0x00000000,0x00000000,1,0,1,0,1
present,2093,69737178,0x00000000,0,0,0,0x00000000,0x00000000,1,0,1,0,1
present,2094,69767421,0x00000000,0,0,0,0x00000000,0x00000000,1,0,1,0,1
present,2095,69814850,0x00000000,0,0,0,0x00000000,0x00000000,1,0,1,0,1
present,2096,69836399,0x00000000,0,0,0,0x00000000,0x00000000,1,0,1,0,1
present,2097,69871391,0x00000000,0,0,0,0x00000000,0x00000000,1,0,1,0,1
present,2098,69904266,0x00000000,0,0,0,0x00000000,0x00000000,1,0,1,0,1
present,2099,69933926,0x00000000,0,0,0,0x00000000,0x00000000,1,0,1,0,1
present,2100,69967513,0x00000000,0,0,0,0x00000000,0x00000000,1,0,1,0,1
present,2101,70003689,0x00000000,0,0,0,0x00000000,0x00000000,2,0,1,0,1
present,2102,70037333,0x00000000,0,0,0,0x00000000,0x00000000,2,0,1,0,1
present,2103,70071235,0x00000000,0,0,0,0x00000000,0x00000000,2,0,1,0,1
present,2104,70100650,0x00000000,0,0,0,0x00000000,0x00000000,2,0,1,0,1
present,2105,70133914,0x00000000,0,0,0,0x00000000,0x00000000,2,0,1,0,1
present,2106,70171545,0x00000000,0,0,0,0x00000000,0x00000000,2,0,1,0,1
present,2107,70204434,0x00000000,0,0,0,0x00000000,0x00000000,2,0,1,0,1
present,2108,70237438,0x00000000,0,0,0,0x00000000,0x00000000,2,0,1,0,1
present,2109,70270236,0x00000000,0,0,0,0x00000000,0x00000000,2,0,1,0,1
present,2110,70303432,0x00000000,0,0,0,0x00000000,0x00000000,2,0,1,0,1
present,2111,70337293,0x00000000,0,0,0,0x00000000,0x00000000,2,0,1,0,1
present,2112,70371388,0x00000000,0,0,0,0x00000000,0x00000000,2,0,1,0,1
present,2113,70400705,0x00000000,0,0,0,0x00000000,0x00000000,2,0,1,0,1
present,2114,70436703,0x00000000,0,0,0,0x00000000,0x00000000,2,0,1,0,1
present,2115,70468562,0x00000000,0,0,0,0x00000000,0x00000000,2,0,1,0,1
present,2116,70502433,0x00000000,0,0,0,0x00000000,0x00000000,2,0,1,0,1
present,2117,70534013,0x00000000,0,0,0,0x00000000,0x00000000,2,0,1,0,1
present,2118,70569683,0x00000000,0,0,0,0x00000000,0x00000000,2,0,1,0,1
present,2119,70604106,0x00000000,0,0,0,0x00000000,0x00000000,2,0,1,0,1
present,2120,70637322,0x00000000,0,0,0,0x00000000,0x00000000,2,0,1,0,1
present,2121,70671312,0x00000000,0,0,0,0x00000000,0x00000000,2,0,1,0,1
present,2122,70700809,0x00000000,0,0,0,0x00000000,0x00000000,2,0,1,0,1
present,2123,70738073,0x00000000,0,0,0,0x00000000,0x00000000,2,0,1,0,1
present,2124,70769657,0x00000000,0,0,0,0x00000000,0x00000000,2,0,1,0,1
present,2125,70806275,0x00000000,0,0,0,0x00000000,0x00000000,2,0,1,0,1
present,2126,70836255,0x00000000,0,0,0,0x00000000,0x00000000,2,0,1,0,1
present,2127,70871305,0x00000000,0,0,0,0x00000000,0x00000000,2,0,1,0,1
present,2128,70904115,0x00000000,0,0,0,0x00000000,0x00000000,2,0,1,0,1
present,2129,70933897,0x00000000,0,0,0,0x00000000,0x00000000,2,0,1,0,1
present,2130,70967346,0x00000000,0,0,0,0x00000000,0x00000000,2,0,1,0,1
present,2131,71004592,0x00000000,0,0,0,0x00000000,0x00000000,3,0,1,0,1
present,2132,71037716,0x00000000,0,0,0,0x00000000,0x00000000,3,0,1,0,1
present,2133,71068694,0x00000000,0,0,0,0x00000000,0x00000000,3,0,1,0,1
present,2134,71103365,0x00000000,0,0,0,0x00000000,0x00000000,3,0,1,0,1
present,2135,71136817,0x00000000,0,0,0,0x00000000,0x00000000,3,0,1,0,1
present,2136,71167339,0x00000000,0,0,0,0x00000000,0x00000000,3,0,1,0,1
present,2137,71201366,0x00000000,0,0,0,0x00000000,0x00000000,3,0,1,0,1
present,2138,71233946,0x00000000,0,0,0,0x00000000,0x00000000,3,0,1,0,1
present,2139,71267306,0x00000000,0,0,0,0x00000000,0x00000000,3,0,1,0,1
present,2140,71300972,0x00000000,0,0,0,0x00000000,0x00000000,3,0,1,0,1
present,2141,71336822,0x00000000,0,0,0,0x00000000,0x00000000,3,0,1,0,1
present,2142,71370343,0x00000000,0,0,0,0x00000000,0x00000000,3,0,1,0,1
present,2143,71401030,0x00000000,0,0,0,0x00000000,0x00000000,3,0,1,0,1
present,2144,71435114,0x00000000,0,0,0,0x00000000,0x00000000,3,0,1,0,1
present,2145,71515945,0x00000000,0,0,0,0x00000000,0x00000000,3,0,1,0,1
present,2146,71516447,0x00000000,0,0,0,0x00000000,0x00000000,3,0,1,0,1
present,2147,71535305,0x00000000,0,0,0,0x00000000,0x00000000,3,0,1,0,1
present,2148,71570518,0x00000000,0,0,0,0x00000000,0x00000000,3,0,1,0,1
present,2149,71603746,0x00000000,0,0,0,0x00000000,0x00000000,3,0,1,0,1
present,2150,71637005,0x00000000,0,0,0,0x00000000,0x00000000,3,0,1,0,1
present,2151,71667008,0x00000000,0,0,0,0x00000000,0x00000000,3,0,1,0,1
present,2152,71703538,0x00000000,0,0,0,0x00000000,0x00000000,3,0,1,0,1
present,2153,71735956,0x00000000,0,0,0,0x00000000,0x00000000,3,0,1,0,1
present,2154,71770854,0x00000000,0,0,0,0x00000000,0x00000000,3,0,1,0,1
present,2155,71813869,0x00000000,0,0,0,0x00000000,0x00000000,3,0,1,0,1
present,2156,71833781,0x00000000,0,0,0,0x00000000,0x00000000,3,0,1,0,1
present,2157,71870662,0x00000000,0,0,0,0x00000000,0x00000000,3,0,1,0,1
present,2158,71902222,0x00000000,0,0,0,0x00000000,0x00000000,3,0,1,0,1
present,2159,71936072,0x00000000,0,0,0,0x00000000,0x00000000,3,0,1,0,1
present,2160,71971257,0x00000000,0,0,0,0x00000000,0x00000000,3,0,1,0,1
present,2161,72000588,0x00000000,0,0,0,0x00000000,0x00000000,0,0,1,0,1
present,2162,72033999,0x00000000,0,0,0,0x00000000,0x00000000,0,0,1,0,1
present,2163,72071082,0x00000000,0,0,0,0x00000000,0x00000000,0,0,1,0,1
present,2164,72103191,0x00000000,0,0,0,0x00000000,0x00000000,0,0,1,0,1
present,2165,72136928,0x00000000,0,0,0,0x00000000,0x00000000,0,0,1,0,1
present,2166,72169431,0x00000000,0,0,0,0x00000000,0x00000000,0,0,1,0,1
present,2167,72204367,0x00000000,0,0,0,0x00000000,0x00000000,0,0,1,0,1
present,2168,72237314,0x00000000,0,0,0,0x00000000,0x00000000,0,0,1,0,1
present,2169,72270406,0x00000000,0,0,0,0x00000000,0x00000000,0,0,1,0,1
present,2170,72304287,0x00000000,0,0,0,0x00000000,0x00000000,0,0,1,0,1
present,2171,72333608,0x00000000,0,0,0,0x00000000,0x00000000,0,0,1,0,1
present,2172,72370044,0x00000000,0,0,0,0x00000000,0x00000000,0,0,1,0,1
present,2173,72403448,0x00000000,0,0,0,0x00000000,0x00000000,0,0,1,0,1
present,2174,72436670,0x00000000,0,0,0,0x00000000,0x00000000,0,0,1,0,1
present,2175,72469939,0x00000000,0,0,0,0x00000000,0x00000000,0,0,1,0,1
present,2176,72500175,0x00000000,0,0,0,0x00000000,0x00000000,0,0,1,0,1
present,2177,72536010,0x00000000,0,0,0,0x00000000,0x00000000,0,0,1,0,1
present,2178,72568473,0x00000000,0,0,0,0x00000000,0x00000000,0,0,1,0,1
present,2179,72600199,0x00000000,0,0,0,0x00000000,0x00000000,0,0,1,0,1
present,2180,72637539,0x00000000,0,0,0,0x00000000,0x00000000,0,0,1,0,1
present,2181,72670776,0x00000000,0,0,0,0x00000000,0x00000000,0,0,1,0,1
present,2182,72704107,0x00000000,0,0,0,0x00000000,0x00000000,0,0,1,0,1
present,2183,72737507,0x00000000,0,0,0,0x00000000,0x00000000,0,0,1,0,1
present,2184,72770860,0x00000000,0,0,0,0x00000000,0x00000000,0,0,1,0,1
present,2185,72804142,0x00000000,0,0,0,0x00000000,0x00000000,0,0,1,0,1
present,2186,72837408,0x00000000,0,0,0,0x00000000,0x00000000,0,0,1,0,1
present,2187,72870500,0x00000000,0,0,0,0x00000000,0x00000000,0,0,1,0,1
present,2188,72903878,0x00000000,0,0,0,0x00000000,0x00000000,0,0,1,0,1
present,2189,72937289,0x00000000,0,0,0,0x00000000,0x00000000,0,0,1,0,1
present,2190,72970602,0x00000000,0,0,0,0x00000000,0x00000000,0,0,1,0,1
present,2191,73003840,0x00000000,0,0,0,0x00000000,0x00000000,1,0,1,0,1
present,2192,73037079,0x00000000,0,0,0,0x00000000,0x00000000,1,0,1,0,1
present,2193,73070377,0x00000000,0,0,0,0x00000000,0x00000000,1,0,1,0,1
present,2194,73104083,0x00000000,0,0,0,0x00000000,0x00000000,1,0,1,0,1
present,2195,73137442,0x00000000,0,0,0,0x00000000,0x00000000,1,0,1,0,1
present,2196,73170024,0x00000000,0,0,0,0x00000000,0x00000000,1,0,1,0,1
present,2197,73203601,0x00000000,0,0,0,0x00000000,0x00000000,1,0,1,0,1
present,2198,73236964,0x00000000,0,0,0,0x00000000,0x00000000,1,0,1,0,1
present,2199,73270278,0x00000000,0,0,0,0x00000000,0x00000000,1,0,1,0,1
present,2200,73303951,0x00000000,0,0,0,0x00000000,0x00000000,1,0,1,0,1
present,2201,73337929,0x00000000,0,0,0,0x00000000,0x00000000,1,0,1,0,1
present,2202,73369714,0x00000000,0,0,0,0x00000000,0x00000000,1,0,1,0,1
present,2203,73404553,0x00000000,0,0,0,0x00000000,0x00000000,1,0,1,0,1
present,2204,73436590,0x00000000,0,0,0,0x00000000,0x00000000,1,0,1,0,1
present,2205,73468903,0x00000000,0,0,0,0x00000000,0x00000000,1,0,1,0,1
present,2206,73500644,0x00000000,0,0,0,0x00000000,0x00000000,1,0,1,0,1
present,2207,73534166,0x00000000,0,0,0,0x00000000,0x00000000,1,0,1,0,1
present,2208,73569385,0x00000000,0,0,0,0x00000000,0x00000000,1,0,1,0,1
present,2209,73601739,0x00000000,0,0,0,0x00000000,0x00000000,1,0,1,0,1
present,2210,73635663,0x00000000,0,0,0,0x00000000,0x00000000,1,0,1,0,1
present,2211,73669361,0x00000000,0,0,0,0x00000000,0x00000000,1,0,1,0,1
present,2212,73703944,0x00000000,0,0,0,0x00000000,0x00000000,1,0,1,0,1
present,2213,73734194,0x00000000,0,0,0,0x00000000,0x00000000,1,0,1,0,1
present,2214,73767644,0x00000000,0,0,0,0x00000000,0x00000000,1,0,1,0,1
present,2215,73814759,0x00000000,0,0,0,0x00000000,0x00000000,1,0,1,0,1
present,2216,73834976,0x00000000,0,0,0,0x00000000,0x00000000,1,0,1,0,1
present,2217,73867797,0x00000000,0,0,0,0x00000000,0x00000000,1,0,1,0,1
present,2218,73900966,0x00000000,0,0,0,0x00000000,0x00000000,1,0,1,0,1
present,2219,73935169,0x00000000,0,0,0,0x00000000,0x00000000,1,0,1,0,1
present,2220,73967318,0x00000000,0,0,0,0x00000000,0x00000000,1,0,1,0,1
present,2221,74004799,0x00000000,0,0,0,0x00000000,0x00000000,2,0,1,0,1
present,2222,74033896,0x00000000,0,0,0,0x00000000,0x00000000,2,0,1,0,1
present,2223,74069861,0x00000000,0,0,0,0x00000000,0x00000000,2,0,1,0,1
present,2224,74101231,0x00000000,0,0,0,0x00000000,0x00000000,2,0,1,0,1
present,2225,74134036,0x00000000,0,0,0,0x00000000,0x00000000,2,0,1,0,1
present,2226,74170241,0x00000000,0,0,0,0x00000000,0x00000000,2,0,1,0,1
present,2227,74203303,0x00000000,0,0,0,0x00000000,0x00000000,2,0,1,0,1
present,2228,74233882,0x00000000,0,0,0,0x00000000,0x00000000,2,0,1,0,1
present,2229,74270701,0x00000000,0,0,0,0x00000000,0x00000000,2,0,1,0,1
present,2230,74304692,0x00000000,0,0,0,0x00000000,0x00000000,2,0,1,0,1
present,2231,74337445,0x00000000,0,0,0,0x00000000,0x00000000,2,0,1,0,1
present,2232,74369948,0x00000000,0,0,0,0x00000000,0x00000000,2,0,1,0,1
present,2233,74403727,0x00000000,0,0,0,0x00000000,0x00000000,2,0,1,0,1
present,2234,74435595,0x00000000,0,0,0,0x00000000,0x00000000,2,0,1,0,1
present,2235,74469337,0x00000000,0,0,0,0x00000000,0x00000000,2,0,1,0,1
present,2236,74504637,0x00000000,0,0,0,0x00000000,0x00000000,2,0,1,0,1
present,2237,74535274,0x00000000,0,0,0,0x00000000,0x00000000,2,0,1,0,1
present,2238,74569396,0x00000000,0,0,0,0x00000000,0x00000000,2,0,1,0,1
present,2239,74603836,0x00000000,0,0,0,0x00000000,0x00000000,2,0,1,0,1
present,2240,74637111,0x00000000,0,0,0,0x00000000,0x00000000,2,0,1,0,1
present,2241,74671483,0x00000000,0,0,0,0x00000000,0x00000000,2,0,1,0,1
present,2242,74702921,0x00000000,0,0,0,0x00000000,0x00000000,2,0,1,0,1
present,2243,74734074,0x00000000,0,0,0,0x00000000,0x00000000,2,0,1,0,1
present,2244,74772035,0x00000000,0,0,0,0x00000000,0x00000000,2,0,1,0,1
present,2245,74813080,0x00000000,0,0,0,0x00000000,0x00000000,2,0,1,0,1
present,2246,74833946,0x00000000,0,0,0,0x00000000,0x00000000,2,0,1,0,1
present,2247,74868185,0x00000000,0,0,0,0x00000000,0x00000000,2,0,1,0,1
present,2248,74904216,0x00000000,0,0,0,0x00000000,0x00000000,2,0,1,0,1
present,2249,74936685,0x00000000,0,0,0,0x00000000,0x00000000,2,0,1,0,1
present,2250,74970512,0x00000000,0,0,0,0x00000000,0x00000000,2,0,1,0,1
present,2251,75003413,0x00000000,0,0,0,0x00000000,0x00000000,3,0,1,0,1
present,2252,75037737,0x00000000,0,0,0,0x00000000,0x00000000,3,0,1,0,1
present,2253,75070295,0x00000000,0,0,0,0x00000000,0x00000000,3,0,1,0,1
present,2254,75102607,0x00000000,0,0,0,0x00000000,0x00000000,3,0,1,0,1
present,2255,75137922,0x00000000,0,0,0,0x00000000,0x00000000,3,0,1,0,1
present,2256,75170922,0x00000000,0,0,0,0x00000000,0x00000000,3,0,1,0,1
present,2257,75203938,0x00000000,0,0,0,0x00000000,0x00000000,3,0,1,0,1
present,2258,75235598,0x00000000,0,0,0,0x00000000,0x00000000,3,0,1,0,1
present,2259,75267467,0x00000000,0,0,0,0x00000000,0x00000000,3,0,1,0,1
present,2260,75304778,0x00000000,0,0,0,0x00000000,0x00000000,3,0,1,0,1
present,2261,75337102,0x00000000,0,0,0,0x00000000,0x00000000,3,0,1,0,1
present,2262,75367266,0x00000000,0,0,0,0x00000000,0x00000000,3,0,1,0,1
present,2263,75400923,0x00000000,0,0,0,0x00000000,0x00000000,3,0,1,0,1
present,2264,75437915,0x00000000,0,0,0,0x00000000,0x00000000,3,0,1,0,1
present,2265,75470825,0x00000000,0,0,0,0x00000000,0x00000000,3,0,1,0,1
present,2266,75503382,0x00000000,0,0,0,0x00000000,0x00000000,3,0,1,0,1
present,2267,75536439,0x00000000,0,0,0,0x00000000,0x00000000,3,0,1,0,1
present,2268,75570564,0x00000000,0,0,0,0x00000000,0x00000000,3,0,1,0,1
present,2269,75601393,0x00000000,0,0,0,0x00000000,0x00000000,3,0,1,0,1
present,2270,75633551,0x00000000,0,0,0,0x00000000,0x00000000,3,0,1,0,1
present,2271,75671304,0x00000000,0,0,0,0x00000000,0x00000000,3,0,1,0,1
present,2272,75700511,0x00000000,0,0,0,0x00000000,0x00000000,3,0,1,0,1
present,2273,75736495,0x00000000,0,0,0,0x00000000,0x00000000,3,0,1,0,1
present,2274,75766848,0x00000000,0,0,0,0x00000000,0x00000000,3,0,1,0,1
present,2275,75809033,0x00000000,0,0,0,0x00000000,0x00000000,3,0,1,0,1
present,2276,75837248,0x00000000,0,0,0,0x00000000,0x00000000,3,0,1,0,1
present,2277,75867394,0x00000000,0,0,0,0x00000000,0x00000000,3,0,1,0,1
present,2278,75902551,0x00000000,0,0,0,0x00000000,0x00000000,3,0,1,0,1
present,2279,75934278,0x00000000,0,0,0,0x00000000,0x00000000,3,0,1,0,1
present,2280,75971373,0x00000000,0,0,0,0x00000000,0x00000000,3,0,1,0,1
present,2281,76000678,0x00000000,0,0,0,0x00000000,0x00000000,0,0,1,0,1
present,2282,76037620,0x00000000,0,0,0,0x00000000,0x00000000,0,0,1,0,1
present,2283,76068402,0x00000000,0,0,0,0x00000000,0x00000000,0,0,1,0,1
present,2284,76104543,0x00000000,0,0,0,0x00000000,0x00000000,0,0,1,0,1
present,2285,76137029,0x00000000,0,0,0,0x00000000,0x00000000,0,0,1,0,1
present,2286,76167781,0x00000000,0,0,0,0x00000000,0x00000000,0,0,1,0,1
present,2287,76202204,0x00000000,0,0,0,0x00000000,0x00000000,0,0,1,0,1
present,2288,76233960,0x00000000,0,0,0,0x00000000,0x00000000,0,0,1,0,1
present,2289,76270758,0x00000000,0,0,0,0x00000000,0x00000000,0,0,1,0,1
present,2290,76304546,0x00000000,0,0,0,0x00000000,0x00000000,0,0,1,0,1
present,2291,76337319,0x00000000,0,0,0,0x00000000,0x00000000,0,0,1,0,1
present,2292,76367003,0x00000000,0,0,0,0x00000000,0x00000000,0,0,1,0,1
present,2293,76401897,0x00000000,0,0,0,0x00000000,0x00000000,0,0,1,0,1
present,2294,76437593,0x00000000,0,0,0,0x00000000,0x00000000,0,0,1,0,1
present,2295,76467692,0x00000000,0,0,0,0x00000000,0x00000000,0,0,1,0,1
present,2296,76500594,0x00000000,0,0,0,0x00000000,0x00000000,0,0,1,0,1
present,2297,76536508,0x00000000,0,0,0,0x00000000,0x00000000,0,0,1,0,1
present,2298,76570440,0x00000000,0,0,0,0x00000000,0x00000000,0,0,1,0,1
present,2299,76600510,0x00000000,0,0,0,0x00000000,0x00000000,0,0,1,0,1
present,2300,76637243,0x00000000,0,0,0,0x00000000,0x00000000,0,0,1,0,1
present,2301,76671002,0x00000000,0,0,0,0x00000000,0x00000000,0,0,1,0,1
present,2302,76700889,0x00000000,0,0,0,0x00000000,0x00000000,0,0,1,0,1
present,2303,76734424,0x00000000,0,0,0,0x00000000,0x00000000,0,0,1,0,1
present,2304,76767299,0x00000000,0,0,0,0x00000000,0x00000000,0,0,1,0,1
present,2305,76814307,0x00000000,0,0,0,0x00000000,0x00000000,0,0,1,0,1
present,2306,76833904,0x00000000,0,0,0,0x00000000,0x00000000,0,0,1,0,1
present,2307,76870451,0x00000000,0,0,0,0x00000000,0x00000000,0,0,1,0,1
present,2308,76904323,0x00000000,0,0,0,0x00000000,0x00000000,0,0,1,0,1
present,2309,76933902,0x00000000,0,0,0,0x00000000,0x00000000,0,0,1,0,1
present,2310,76969082,0x00000000,0,0,0,0x00000000,0x00000000,0,0,1,0,1
present,2311,77000801,0x00000000,0,0,0,0x00000000,0x00000000,1,0,1,0,1
present,2312,77036133,0x00000000,0,0,0,0x00000000,0x00000000,1,0,1,0,1
present,2313,77070598,0x00000000,0,0,0,0x00000000,0x00000000,1,0,1,0,1
present,2314,77102951,0x00000000,0,0,0,0x00000000,0x00000000,1,0,1,0,1
present,2315,77137976,0x00000000,0,0,0,0x00000000,0x00000000,1,0,1,0,1
present,2316,77167270,0x00000000,0,0,0,0x00000000,0x00000000,1,0,1,0,1
present,2317,77203776,0x00000000,0,0,0,0x00000000,0x00000000,1,0,1,0,1
present,2318,77237876,0x00000000,0,0,0,0x00000000,0x00000000,1,0,1,0,1
present,2319,77267748,0x00000000,0,0,0,0x00000000,0x00000000,1,0,1,0,1
present,2320,77301691,0x00000000,0,0,0,0x00000000,0x00000000,1,0,1,0,1
present,2321,77334327,0x00000000,0,0,0,0x00000000,0x00000000,1,0,1,0,1
present,2322,77366837,0x00000000,0,0,0,0x00000000,0x00000000,1,0,1,0,1
present,2323,77404613,0x00000000,0,0,0,0x00000000,0x00000000,1,0,1,0,1
present,2324,77433900,0x00000000,0,0,0,0x00000000,0x00000000,1,0,1,0,1
present,2325,77468720,0x00000000,0,0,0,0x00000000,0x00000000,1,0,1,0,1
present,2326,77501835,0x00000000,0,0,0,0x00000000,0x00000000,1,0,1,0,1
present,2327,77535781,0x00000000,0,0,0,0x00000000,0x00000000,1,0,1,0,1
present,2328,77570019,0x00000000,0,0,0,0x00000000,0x00000000,1,0,1,0,1
present,2329,77603314,0x00000000,0,0,0,0x00000000,0x00000000,1,0,1,0,1
present,2330,77636566,0x00000000,0,0,0,0x00000000,0x00000000,1,0,1,0,1
present,2331,77670849,0x00000000,0,0,0,0x00000000,0x00000000,1,0,1,0,1
present,2332,77704110,0x00000000,0,0,0,0x00000000,0x00000000,1,0,1,0,1
present,2333,77737420,0x00000000,0,0,0,0x00000000,0x00000000,1,0,1,0,1
present,2334,77769299,0x00000000,0,0,0,0x00000000,0x00000000,1,0,1,0,1
present,2335,77800627,0x00000000,0,0,0,0x00000000,0x00000000,1,0,1,0,1
present,2336,77836892,0x00000000,0,0,0,0x00000000,0x00000000,1,0,1,0,1
present,2337,77870123,0x00000000,0,0,0,0x00000000,0x00000000,1,0,1,0,1
present,2338,77902103,0x00000000,0,0,0,0x00000000,0x00000000,1,0,1,0,1
present,2339,77937256,0x00000000,0,0,0,0x00000000,0x00000000,1,0,1,0,1
present,2340,77970769,0x00000000,0,0,0,0x00000000,0x00000000,1,0,1,0,1
present,2341,78003597,0x00000000,0,0,0,0x00000000,0x00000000,2,0,1,0,1
present,2342,78034735,0x00000000,0,0,0,0x00000000,0x00000000,2,0,1,0,1
present,2343,78068281,0x00000000,0,0,0,0x00000000,0x00000000,2,0,1,0,1
present,2344,78103519,0x00000000,0,0,0,0x00000000,0x00000000,2,0,1,0,1
present,2345,78133701,0x00000000,0,0,0,0x00000000,0x00000000,2,0,1,0,1
present,2346,78169702,0x00000000,0,0,0,0x00000000,0x00000000,2,0,1,0,1
present,2347,78203982,0x00000000,0,0,0,0x00000000,0x00000000,2,0,1,0,1
present,2348,78237292,0x00000000,0,0,0,0x00000000,0x00000000,2,0,1,0,1
present,2349,78270701,0x00000000,0,0,0,0x00000000,0x00000000,2,0,1,0,1
present,2350,78304467,0x00000000,0,0,0,0x00000000,0x00000000,2,0,1,0,1
present,2351,78334817,0x00000000,0,0,0,0x00000000,0x00000000,2,0,1,0,1
present,2352,78366887,0x00000000,0,0,0,0x00000000,0x00000000,2,0,1,0,1
present,2353,78403236,0x00000000,0,0,0,0x00000000,0x00000000,2,0,1,0,1
present,2354,78437867,0x00000000,0,0,0,0x00000000,0x00000000,2,0,1,0,1
present,2355,78470664,0x00000000,0,0,0,0x00000000,0x00000000,2,0,1,0,1
present,2356,78504531,0x00000000,0,0,0,0x00000000,0x00000000,2,0,1,0,1
present,2357,78536929,0x00000000,0,0,0,0x00000000,0x00000000,2,0,1,0,1
present,2358,78570158,0x00000000,0,0,0,0x00000000,0x00000000,2,0,1,0,1
present,2359,78604030,0x00000000,0,0,0,0x00000000,0x00000000,2,0,1,0,1
present,2360,78637934,0x00000000,0,0,0,0x00000000,0x00000000,2,0,1,0,1
present,2361,78667225,0x00000000,0,0,0,0x00000000,0x00000000,2,0,1,0,1
present,2362,78704223,0x00000000,0,0,0,0x00000000,0x00000000,2,0,1,0,1
present,2363,78737082,0x00000000,0,0,0,0x00000000,0x00000000,2,0,1,0,1
present,2364,78770984,0x00000000,0,0,0,0x00000000,0x00000000,2,0,1,0,1
present,2365,78805929,0x00000000,0,0,0,0x00000000,0x00000000,2,0,1,0,1
present,2366,78837423,0x00000000,0,0,0,0x00000000,0x00000000,2,0,1,0,1
present,2367,78870711,0x00000000,0,0,0,0x00000000,0x00000000,2,0,1,0,1
present,2368,78904476,0x00000000,0,0,0,0x00000000,0x00000000,2,0,1,0,1
present,2369,78936431,0x00000000,0,0,0,0x00000000,0x00000000,2,0,1,0,1
present,2370,78971331,0x00000000,0,0,0,0x00000000,0x00000000,2,0,1,0,1
present,2371,79002869,0x00000000,0,0,0,0x00000000,0x00000000,3,0,1,0,1
present,2372,79037223,0x00000000,0,0,0,0x00000000,0x00000000,3,0,1,0,1
present,2373,79070433,0x00000000,0,0,0,0x00000000,0x00000000,3,0,1,0,1
present,2374,79103920,0x00000000,0,0,0,0x00000000,0x00000000,3,0,1,0,1
present,2375,79136426,0x00000000,0,0,0,0x00000000,0x00000000,3,0,1,0,1
present,2376,79167944,0x00000000,0,0,0,0x00000000,0x00000000,3,0,1,0,1
present,2377,79203546,0x00000000,0,0,0,0x00000000,0x00000000,3,0,1,0,1
present,2378,79236751,0x00000000,0,0,0,0x00000000,0x00000000,3,0,1,0,1
present,2379,79269963,0x00000000,0,0,0,0x00000000,0x00000000,3,0,1,0,1
present,2380,79303146,0x00000000,0,0,0,0x00000000,0x00000000,3,0,1,0,1
present,2381,79336434,0x00000000,0,0,0,0x00000000,0x00000000,3,0,1,0,1
present,2382,79370814,0x00000000,0,0,0,0x00000000,0x00000000,3,0,1,0,1
present,2383,79404523,0x00000000,0,0,0,0x00000000,0x00000000,3,0,1,0,1
present,2384,79433887,0x00000000,0,0,0,0x00000000,0x00000000,3,0,1,0,1
present,2385,79467308,0x00000000,0,0,0,0x00000000,0x00000000,3,0,1,0,1
present,2386,79500703,0x00000000,0,0,0,0x00000000,0x00000000,3,0,1,0,1
present,2387,79537795,0x00000000,0,0,0,0x00000000,0x00000000,3,0,1,0,1
present,2388,79570739,0x00000000,0,0,0,0x00000000,0x00000000,3,0,1,0,1
present,2389,79600786,0x00000000,0,0,0,0x00000000,0x00000000,3,0,1,0,1
present,2390,79634185,0x00000000,0,0,0,0x00000000,0x00000000,3,0,1,0,1
present,2391,79667929,0x00000000,0,0,0,0x00000000,0x00000000,3,0,1,0,1
present,2392,79703967,0x00000000,0,0,0,0x00000000,0x00000000,3,0,1,0,1
present,2393,79738450,0x00000000,0,0,0,0x00000000,0x00000000,3,0,1,0,1
present,2394,79767579,0x00000000,0,0,0,0x00000000,0x00000000,3,0,1,0,1
present,2395,79815620,0x00000000,0,0,0,0x00000000,0x00000000,3,0,1,0,1
present,2396,79833463,0x00000000,0,0,0,0x00000000,0x00000000,3,0,1,0,1
present,2397,79870516,0x00000000,0,0,0,0x00000000,0x00000000,3,0,1,0,1
present,2398,79902442,0x00000000,0,0,0,0x00000000,0x00000000,3,0,1,0,1
present,2399,79935974,0x00000000,0,0,0,0x00000000,0x00000000,3,0,1,0,1
present,2400,79971144,0x00000000,0,0,0,0x00000000,0x00000000,3,0,1,0,1
present,2401,80004235,0x00000000,0,0,0,0x00000000,0x00000000,0,0,1,0,1
present,2402,80033991,0x00000000,0,0,0,0x00000000,0x00000000,0,0,1,0,1
present,2403,80071416,0x00000000,0,0,0,0x00000000,0x00000000,0,0,1,0,1
present,2404,80103225,0x00000000,0,0,0,0x00000000,0x00000000,0,0,1,0,1
present,2405,80133969,0x00000000,0,0,0,0x00000000,0x00000000,0,0,1,0,1
present,2406,80170753,0x00000000,0,0,0,0x00000000,0x00000000,0,0,1,0,1
present,2407,80201834,0x00000000,0,0,0,0x00000000,0x00000000,0,0,1,0,1
present,2408,80233997,0x00000000,0,0,0,0x00000000,0x00000000,0,0,1,0,1
present,2409,80267381,0x00000000,0,0,0,0x00000000,0x00000000,0,0,1,0,1
present,2410,80301378,0x00000000,0,0,0,0x00000000,0x00000000,0,0,1,0,1
present,2411,80336936,0x00000000,0,0,0,0x00000000,0x00000000,0,0,1,0,1
present,2412,80370731,0x00000000,0,0,0,0x00000000,0x00000000,0,0,1,0,1
present,2413,80400611,0x00000000,0,0,0,0x00000000,0x00000000,0,0,1,0,1
present,2414,80437434,0x00000000,0,0,0,0x00000000,0x00000000,0,0,1,0,1
present,2415,80467862,0x00000000,0,0,0,0x00000000,0x00000000,0,0,1,0,1
present,2416,80500614,0x00000000,0,0,0,0x00000000,0x00000000,0,0,1,0,1
present,2417,80537933,0x00000000,0,0,0,0x00000000,0x00000000,0,0,1,0,1
present,2418,80569338,0x00000000,0,0,0,0x00000000,0x00000000,0,0,1,0,1
present,2419,80604370,0x00000000,0,0,0,0x00000000,0x00000000,0,0,1,0,1
present,2420,80634780,0x00000000,0,0,0,0x00000000,0x00000000,0,0,1,0,1
present,2421,80670550,0x00000000,0,0,0,0x00000000,0x00000000,0,0,1,0,1
present,2422,80703887,0x00000000,0,0,0,0x00000000,0x00000000,0,0,1,0,1
present,2423,80737845,0x00000000,0,0,0,0x00000000,0x00000000,0,0,1,0,1
present,2424,80769191,0x00000000,0,0,0,0x00000000,0x00000000,0,0,1,0,1
present,2425,80807925,0x00000000,0,0,0,0x00000000,0x00000000,0,0,1,0,1
present,2426,80835599,0x00000000,0,0,0,0x00000000,0x00000000,0,0,1,0,1
present,2427,80867269,0x00000000,0,0,0,0x00000000,0x00000000,0,0,1,0,1
present,2428,80904409,0x00000000,0,0,0,0x00000000,0x00000000,0,0,1,0,1
present,2429,80937470,0x00000000,0,0,0,0x00000000,0x00000000,0,0,1,0,1
present,2430,80967588,0x00000000,0,0,0,0x00000000,0x00000000,0,0,1,0,1
present,2431,81003771,0x00000000,0,0,0,0x00000000,0x00000000,1,0,1,0,1
present,2432,81034113,0x00000000,0,0,0,0x00000000,0x00000000,1,0,1,0,1
present,2433,81067997,0x00000000,0,0,0,0x00000000,0x00000000,1,0,1,0,1
present,2434,81103885,0x00000000,0,0,0,0x00000000,0x00000000,1,0,1,0,1
present,2435,81137818,0x00000000,0,0,0,0x00000000,0x00000000,1,0,1,0,1
present,2436,81170008,0x00000000,0,0,0,0x00000000,0x00000000,1,0,1,0,1
present,2437,81203218,0x00000000,0,0,0,0x00000000,0x00000000,1,0,1,0,1
present,2438,81237487,0x00000000,0,0,0,0x00000000,0x00000000,1,0,1,0,1
present,2439,81270684,0x00000000,0,0,0,0x00000000,0x00000000,1,0,1,0,1
present,2440,81304238,0x00000000,0,0,0,0x00000000,0x00000000,1,0,1,0,1
present,2441,81336863,0x00000000,0,0,0,0x00000000,0x00000000,1,0,1,0,1
present,2442,81370181,0x00000000,0,0,0,0x00000000,0x00000000,1,0,1,0,1
present,2443,81404283,0x00000000,0,0,0,0x00000000,0x00000000,1,0,1,0,1
present,2444,81433973,0x00000000,0,0,0,0x00000000,0x00000000,1,0,1,0,1
present,2445,81470349,0x00000000,0,0,0,0x00000000,0x00000000,1,0,1,0,1
present,2446,81500658,0x00000000,0,0,0,0x00000000,0x00000000,1,0,1,0,1
present,2447,81534528,0x00000000,0,0,0,0x00000000,0x00000000,1,0,1,0,1
present,2448,81569827,0x00000000,0,0,0,0x00000000,0x00000000,1,0,1,0,1
present,2449,81601459,0x00000000,0,0,0,0x00000000,0x00000000,1,0,1,0,1
present,2450,81633936,0x00000000,0,0,0,0x00000000,0x00000000,1,0,1,0,1
present,2451,81669246,0x00000000,0,0,0,0x00000000,0x00000000,1,0,1,0,1
present,2452,81704254,0x00000000,0,0,0,0x00000000,0x00000000,1,0,1,0,1
present,2453,81733993,0x00000000,0,0,0,0x00000000,0x00000000,1,0,1,0,1
present,2454,81767399,0x00000000,0,0,0,0x00000000,0x00000000,1,0,1,0,1
present,2455,81803947,0x00000000,0,0,0,0x00000000,0x00000000,1,0,1,0,1
present,2456,81837554,0x00000000,0,0,0,0x00000000,0x00000000,1,0,1,0,1
present,2457,81870313,0x00000000,0,0,0,0x00000000,0x00000000,1,0,1,0,1
present,2458,81904100,0x00000000,0,0,0,0x00000000,0x00000000,1,0,1,0,1
present,2459,81938083,0x00000000,0,0,0,0x00000000,0x00000000,1,0,1,0,1
present,2460,81970360,0x00000000,0,0,0,0x00000000,0x00000000,1,0,1,0,1
present,2461,82004178,0x00000000,0,0,0,0x00000000,0x00000000,2,0,1,0,1
present,2462,82036735,0x00000000,0,0,0,0x00000000,0x00000000,2,0,1,0,1
present,2463,82070591,0x00000000,0,0,0,0x00000000,0x00000000,2,0,1,0,1
present,2464,82100600,0x00000000,0,0,0,0x00000000,0x00000000,2,0,1,0,1
present,2465,82134078,0x00000000,0,0,0,0x00000000,0x00000000,2,0,1,0,1
present,2466,82167186,0x00000000,0,0,0,0x00000000,0x00000000,2,0,1,0,1
present,2467,82204206,0x00000000,0,0,0,0x00000000,0x00000000,2,0,1,0,1
present,2468,82233839,0x00000000,0,0,0,0x00000000,0x00000000,2,0,1,0,1
present,2469,82270923,0x00000000,0,0,0,0x00000000,0x00000000,2,0,1,0,1
present,2470,82300531,0x00000000,0,0,0,0x00000000,0x00000000,2,0,1,0,1
present,2471,82336235,0x00000000,0,0,0,0x00000000,0x00000000,2,0,1,0,1
present,2472,82370066,0x00000000,0,0,0,0x00000000,0x00000000,2,0,1,0,1
present,2473,82403889,0x00000000,0,0,0,0x00000000,0x00000000,2,0,1,0,1
present,2474,82436280,0x00000000,0,0,0,0x00000000,0x00000000,2,0,1,0,1
present,2475,82468581,0x00000000,0,0,0,0x00000000,0x00000000,2,0,1,0,1
present,2476,82504036,0x00000000,0,0,0,0x00000000,0x00000000,2,0,1,0,1
present,2477,82537742,0x00000000,0,0,0,0x00000000,0x00000000,2,0,1,0,1
present,2478,82566867,0x00000000,0,0,0,0x00000000,0x00000000,2,0,1,0,1
present,2479,82604631,0x00000000,0,0,0,0x00000000,0x00000000,2,0,1,0,1
present,2480,82636441,0x00000000,0,0,0,0x00000000,0x00000000,2,0,1,0,1
present,2481,82670141,0x00000000,0,0,0,0x00000000,0x00000000,2,0,1,0,1
present,2482,82702500,0x00000000,0,0,0,0x00000000,0x00000000,2,0,1,0,1
present,2483,82736382,0x00000000,0,0,0,0x00000000,0x00000000,2,0,1,0,1
present,2484,82771233,0x00000000,0,0,0,0x00000000,0x00000000,2,0,1,0,1
present,2485,82800286,0x00000000,0,0,0,0x00000000,0x00000000,2,0,1,0,1
present,2486,82836013,0x00000000,0,0,0,0x00000000,0x00000000,2,0,1,0,1
present,2487,82870673,0x00000000,0,0,0,0x00000000,0x00000000,2,0,1,0,1
present,2488,82900680,0x00000000,0,0,0,0x00000000,0x00000000,2,0,1,0,1
present,2489,82933989,0x00000000,0,0,0,0x00000000,0x00000000,2,0,1,0,1
present,2490,82968545,0x00000000,0,0,0,0x00000000,0x00000000,2,0,1,0,1
present,2491,83003082,0x00000000,0,0,0,0x00000000,0x00000000,3,0,1,0,1
present,2492,83033926,0x00000000,0,0,0,0x00000000,0x00000000,3,0,1,0,1
present,2493,83068801,0x00000000,0,0,0,0x00000000,0x00000000,3,0,1,0,1
present,2494,83104061,0x00000000,0,0,0,0x00000000,0x00000000,3,0,1,0,1
present,2495,83133926,0x00000000,0,0,0,0x00000000,0x00000000,3,0,1,0,1
present,2496,83167555,0x00000000,0,0,0,0x00000000,0x00000000,3,0,1,0,1
present,2497,83201355,0x00000000,0,0,0,0x00000000,0x00000000,3,0,1,0,1
present,2498,83234049,0x00000000,0,0,0,0x00000000,0x00000000,3,0,1,0,1
present,2499,83271211,0x00000000,0,0,0,0x00000000,0x00000000,3,0,1,0,1
present,2500,83300602,0x00000000,0,0,0,0x00000000,0x00000000,3,0,1,0,1
present,2501,83334527,0x00000000,0,0,0,0x00000000,0x00000000,3,0,1,0,1
present,2502,83369598,0x00000000,0,0,0,0x00000000,0x00000000,3,0,1,0,1
present,2503,83404354,0x00000000,0,0,0,0x00000000,0x00000000,3,0,1,0,1
present,2504,83435721,0x00000000,0,0,0,0x00000000,0x00000000,3,0,1,0,1
present,2505,83469635,0x00000000,0,0,0,0x00000000,0x00000000,3,0,1,0,1
present,2506,83502521,0x00000000,0,0,0,0x00000000,0x00000000,3,0,1,0,1
present,2507,83536854,0x00000000,0,0,0,0x00000000,0x00000000,3,0,1,0,1
present,2508,83567232,0x00000000,0,0,0,0x00000000,0x00000000,3,0,1,0,1
present,2509,83603790,0x00000000,0,0,0,0x00000000,0x00000000,3,0,1,0,1
present,2510,83636057,0x00000000,0,0,0,0x00000000,0x00000000,3,0,1,0,1
present,2511,83667989,0x00000000,0,0,0,0x00000000,0x00000000,3,0,1,0,1
present,2512,83704079,0x00000000,0,0,0,0x00000000,0x00000000,3,0,1,0,1
present,2513,83734234,0x00000000,0,0,0,0x00000000,0x00000000,3,0,1,0,1
present,2514,83767220,0x00000000,0,0,0,0x00000000,0x00000000,3,0,1,0,1
present,2515,83813051,0x00000000,0,0,0,0x00000000,0x00000000,3,0,1,0,1
present,2516,83836222,0x00000000,0,0,0,0x00000000,0x00000000,3,0,1,0,1
present,2517,83871248,0x00000000,0,0,0,0x00000000,0x00000000,3,0,1,0,1
present,2518,83902270,0x00000000,0,0,0,0x00000000,0x00000000,3,0,1,0,1
present,2519,83934254,0x00000000,0,0,0,0x00000000,0x00000000,3,0,1,0,1
present,2520,83970631,0x00000000,0,0,0,0x00000000,0x00000000,3,0,1,0,1
present,2521,84003653,0x00000000,0,0,0,0x00000000,0x00000000,0,0,1,0,1
present,2522,84037764,0x00000000,0,0,0,0x00000000,0x00000000,0,0,1,0,1
present,2523,84070795,0x00000000,0,0,0,0x00000000,0x00000000,0,0,1,0,1
present,2524,84103916,0x00000000,0,0,0,0x00000000,0x00000000,0,0,1,0,1
present,2525,84138004,0x00000000,0,0,0,0x00000000,0x00000000,0,0,1,0,1
present,2526,84167948,0x00000000,0,0,0,0x00000000,0x00000000,0,0,1,0,1
present,2527,84201065,0x00000000,0,0,0,0x00000000,0x00000000,0,0,1,0,1
present,2528,84233870,0x00000000,0,0,0,0x00000000,0x00000000,0,0,1,0,1
present,2529,84270165,0x00000000,0,0,0,0x00000000,0x00000000,0,0,1,0,1
present,2530,84303614,0x00000000,0,0,0,0x00000000,0x00000000,0,0,1,0,1
present,2531,84336075,0x00000000,0,0,0,0x00000000,0x00000000,0,0,1,0,1
present,2532,84369914,0x00000000,0,0,0,0x00000000,0x00000000,0,0,1,0,1
present,2533,84403733,0x00000000,0,0,0,0x00000000,0x00000000,0,0,1,0,1
present,2534,84437675,0x00000000,0,0,0,0x00000000,0x00000000,0,0,1,0,1
present,2535,84467482,0x00000000,0,0,0,0x00000000,0x00000000,0,0,1,0,1
present,2536,84504050,0x00000000,0,0,0,0x00000000,0x00000000,0,0,1,0,1
present,2537,84536165,0x00000000,0,0,0,0x00000000,0x00000000,0,0,1,0,1
present,2538,84571234,0x00000000,0,0,0,0x00000000,0x00000000,0,0,1,0,1
present,2539,84600623,0x00000000,0,0,0,0x00000000,0x00000000,0,0,1,0,1
present,2540,84636916,0x00000000,0,0,0,0x00000000,0x00000000,0,0,1,0,1
present,2541,84670858,0x00000000,0,0,0,0x00000000,0x00000000,0,0,1,0,1
present,2542,84700585,0x00000000,0,0,0,0x00000000,0x00000000,0,0,1,0,1
present,2543,84734545,0x00000000,0,0,0,0x00000000,0x00000000,0,0,1,0,1
present,2544,84767762,0x00000000,0,0,0,0x00000000,0x00000000,0,0,1,0,1
present,2545,84818022,0x00000000,0,0,0,0x00000000,0x00000000,0,0,1,0,1
present,2546,84835843,0x00000000,0,0,0,0x00000000,0x00000000,0,0,1,0,1
present,2547,84870730,0x00000000,0,0,0,0x00000000,0x00000000,0,0,1,0,1
present,2548,84900676,0x00000000,0,0,0,0x00000000,0x00000000,0,0,1,0,1
present,2549,84937616,0x00000000,0,0,0,0x00000000,0x00000000,0,0,1,0,1
present,2550,84967395,0x00000000,0,0,0,0x00000000,0x00000000,0,0,1,0,1
present,2551,85000947,0x00000000,0,0,0,0x00000000,0x00000000,1,0,1,0,1
present,2552,85034284,0x00000000,0,0,0,0x00000000,0x00000000,1,0,1,0,1
present,2553,85070990,0x00000000,0,0,0,0x00000000,0x00000000,1,0,1,0,1
present,2554,85100596,0x00000000,0,0,0,0x00000000,0x00000000,1,0,1,0,1
present,2555,85136532,0x00000000,0,0,0,0x00000000,0x00000000,1,0,1,0,1
present,2556,85167305,0x00000000,0,0,0,0x00000000,0x00000000,1,0,1,0,1
present,2557,85203721,0x00000000,0,0,0,0x00000000,0x00000000,1,0,1,0,1
present,2558,85237762,0x00000000,0,0,0,0x00000000,0x00000000,1,0,1,0,1
present,2559,85270955,0x00000000,0,0,0,0x00000000,0x00000000,1,0,1,0,1
present,2560,85302697,0x00000000,0,0,0,0x00000000,0x00000000,1,0,1,0,1
present,2561,85337680,0x00000000,0,0,0,0x00000000,0x00000000,1,0,1,0,1
present,2562,85370560,0x00000000,0,0,0,0x00000000,0x00000000,1,0,1,0,1
present,2563,85403336,0x00000000,0,0,0,0x00000000,0x00000000,1,0,1,0,1
present,2564,85434065,0x00000000,0,0,0,0x00000000,0x00000000,1,0,1,0,1
present,2565,85470388,0x00000000,0,0,0,0x00000000,0x00000000,1,0,1,0,1
present,2566,85502500,0x00000000,0,0,0,0x00000000,0x00000000,1,0,1,0,1
present,2567,85534170,0x00000000,0,0,0,0x00000000,0x00000000,1,0,1,0,1
present,2568,85569030,0x00000000,0,0,0,0x00000000,0x00000000,1,0,1,0,1
present,2569,85603700,0x00000000,0,0,0,0x00000000,0x00000000,1,0,1,0,1
present,2570,85637759,0x00000000,0,0,0,0x00000000,0x00000000,1,0,1,0,1
present,2571,85670803,0x00000000,0,0,0,0x00000000,0x00000000,1,0,1,0,1
present,2572,85703849,0x00000000,0,0,0,0x00000000,0x00000000,1,0,1,0,1
present,2573,85738077,0x00000000,0,0,0,0x00000000,0x00000000,1,0,1,0,1
present,2574,85767409,0x00000000,0,0,0,0x00000000,0x00000000,1,0,1,0,1
present,2575,85800717,0x00000000,0,0,0,0x00000000,0x00000000,1,0,1,0,1
present,2576,85837169,0x00000000,0,0,0,0x00000000,0x00000000,1,0,1,0,1
present,2577,85871274,0x00000000,0,0,0,0x00000000,0x00000000,1,0,1,0,1
present,2578,85904495,0x00000000,0,0,0,0x00000000,0x00000000,1,0,1,0,1
present,2579,85933901,0x00000000,0,0,0,0x00000000,0x00000000,1,0,1,0,1
present,2580,85967277,0x00000000,0,0,0,0x00000000,0x00000000,1,0,1,0,1
present,2581,86002076,0x00000000,0,0,0,0x00000000,0x00000000,2,0,1,0,1
present,2582,86033828,0x00000000,0,0,0,0x00000000,0x00000000,2,0,1,0,1
present,2583,86070570,0x00000000,0,0,0,0x00000000,0x00000000,2,0,1,0,1
present,2584,86102723,0x00000000,0,0,0,0x00000000,0x00000000,2,0,1,0,1
present,2585,86137241,0x00000000,0,0,0,0x00000000,0x00000000,2,0,1,0,1
present,2586,86170154,0x00000000,0,0,0,0x00000000,0x00000000,2,0,1,0,1
present,2587,86200745,0x00000000,0,0,0,0x00000000,0x00000000,2,0,1,0,1
present,2588,86236652,0x00000000,0,0,0,0x00000000,0x00000000,2,0,1,0,1
present,2589,86266859,0x00000000,0,0,0,0x00000000,0x00000000,2,0,1,0,1
present,2590,86304547,0x00000000,0,0,0,0x00000000,0x00000000,2,0,1,0,1
present,2591,86334432,0x00000000,0,0,0,0x00000000,0x00000000,2,0,1,0,1
present,2592,86370538,0x00000000,0,0,0,0x00000000,0x00000000,2,0,1,0,1
present,2593,86404279,0x00000000,0,0,0,0x00000000,0x00000000,2,0,1,0,1
present,2594,86435587,0x00000000,0,0,0,0x00000000,0x00000000,2,0,1,0,1
present,2595,86470461,0x00000000,0,0,0,0x00000000,0x00000000,2,0,1,0,1
present,2596,86504283,0x00000000,0,0,0,0x00000000,0x00000000,2,0,1,0,1
present,2597,86537145,0x00000000,0,0,0,0x00000000,0x00000000,2,0,1,0,1
present,2598,86570147,0x00000000,0,0,0,0x00000000,0x00000000,2,0,1,0,1
present,2599,86603266,0x00000000,0,0,0,0x00000000,0x00000000,2,0,1,0,1
present,2600,86636859,0x00000000,0,0,0,0x00000000,0x00000000,2,0,1,0,1
present,2601,86667155,0x00000000,0,0,0,0x00000000,0x00000000,2,0,1,0,1
present,2602,86700801,0x00000000,0,0,0,0x00000000,0x00000000,2,0,1,0,1
present,2603,86734180,0x00000000,0,0,0,0x00000000,0x00000000,2,0,1,0,1
present,2604,86767375,0x00000000,0,0,0,0x00000000,0x00000000,2,0,1,0,1
present,2605,86804020,0x00000000,0,0,0,0x00000000,0x00000000,2,0,1,0,1
present,2606,86837871,0x00000000,0,0,0,0x00000000,0x00000000,2,0,1,0,1
present,2607,86867233,0x00000000,0,0,0,0x00000000,0x00000000,2,0,1,0,1
present,2608,86904266,0x00000000,0,0,0,0x00000000,0x00000000,2,0,1,0,1
present,2609,86933896,0x00000000,0,0,0,0x00000000,0x00000000,2,0,1,0,1
present,2610,86967478,0x00000000,0,0,0,0x00000000,0x00000000,2,0,1,0,1
present,2611,87004468,0x00000000,0,0,0,0x00000000,0x00000000,3,0,1,0,1
present,2612,87037480,0x00000000,0,0,0,0x00000000,0x00000000,3,0,1,0,1
present,2613,87067245,0x00000000,0,0,0,0x00000000,0x00000000,3,0,1,0,1
present,2614,87103255,0x00000000,0,0,0,0x00000000,0x00000000,3,0,1,0,1
present,2615,87136804,0x00000000,0,0,0,0x00000000,0x00000000,3,0,1,0,1
present,2616,87167361,0x00000000,0,0,0,0x00000000,0x00000000,3,0,1,0,1
present,2617,87204598,0x00000000,0,0,0,0x00000000,0x00000000,3,0,1,0,1
present,2618,87237879,0x00000000,0,0,0,0x00000000,0x00000000,3,0,1,0,1
present,2619,87270905,0x00000000,0,0,0,0x00000000,0x00000000,3,0,1,0,1
present,2620,87302534,0x00000000,0,0,0,0x00000000,0x00000000,3,0,1,0,1
present,2621,87334142,0x00000000,0,0,0,0x00000000,0x00000000,3,0,1,0,1
present,2622,87367976,0x00000000,0,0,0,0x00000000,0x00000000,3,0,1,0,1
present,2623,87402202,0x00000000,0,0,0,0x00000000,0x00000000,3,0,1,0,1
present,2624,87433985,0x00000000,0,0,0,0x00000000,0x00000000,3,0,1,0,1
present,2625,87470941,0x00000000,0,0,0,0x00000000,0x00000000,3,0,1,0,1
present,2626,87500758,0x00000000,0,0,0,0x00000000,0x00000000,3,0,1,0,1
present,2627,87533968,0x00000000,0,0,0,0x00000000,0x00000000,3,0,1,0,1
present,2628,87570128,0x00000000,0,0,0,0x00000000,0x00000000,3,0,1,0,1
present,2629,87603609,0x00000000,0,0,0,0x00000000,0x00000000,3,0,1,0,1
present,2630,87634051,0x00000000,0,0,0,0x00000000,0x00000000,3,0,1,0,1
present,2631,87667689,0x00000000,0,0,0,0x00000000,0x00000000,3,0,1,0,1
present,2632,87700709,0x00000000,0,0,0,0x00000000,0x00000000,3,0,1,0,1
present,2633,87737739,0x00000000,0,0,0,0x00000000,0x00000000,3,0,1,0,1
present,2634,87768932,0x00000000,0,0,0,0x00000000,0x00000000,3,0,1,0,1
present,2635,87813616,0x00000000,0,0,0,0x00000000,0x00000000,3,0,1,0,1
present,2636,87836415,0x00000000,0,0,0,0x00000000,0x00000000,3,0,1,0,1
present,2637,87871103,0x00000000,0,0,0,0x00000000,0x00000000,3,0,1,0,1
present,2638,87904008,0x00000000,0,0,0,0x00000000,0x00000000,3,0,1,0,1
present,2639,87937264,0x00000000,0,0,0,0x00000000,0x00000000,3,0,1,0,1
present,2640,87970299,0x00000000,0,0,0,0x00000000,0x00000000,3,0,1,0,1
present,2641,88000674,0x00000000,0,0,0,0x00000000,0x00000000,0,0,1,0,1
present,2642,88037828,0x00000000,0,0,0,0x00000000,0x00000000,0,0,1,0,1
present,2643,88070770,0x00000000,0,0,0,0x00000000,0x00000000,0,0,1,0,1
present,2644,88103651,0x00000000,0,0,0,0x00000000,0x00000000,0,0,1,0,1
present,2645,88134518,0x00000000,0,0,0,0x00000000,0x00000000,0,0,1,0,1
present,2646,88170094,0x00000000,0,0,0,0x00000000,0x00000000,0,0,1,0,1
present,2647,88204111,0x00000000,0,0,0,0x00000000,0x00000000,0,0,1,0,1
present,2648,88236720,0x00000000,0,0,0,0x00000000,0x00000000,0,0,1,0,1
present,2649,88269941,0x00000000,0,0,0,0x00000000,0x00000000,0,0,1,0,1
present,2650,88300127,0x00000000,0,0,0,0x00000000,0x00000000,0,0,1,0,1
present,2651,88337953,0x00000000,0,0,0,0x00000000,0x00000000,0,0,1,0,1
present,2652,88367028,0x00000000,0,0,0,0x00000000,0x00000000,0,0,1,0,1
present,2653,88403761,0x00000000,0,0,0,0x00000000,0x00000000,0,0,1,0,1
present,2654,88434115,0x00000000,0,0,0,0x00000000,0x00000000,0,0,1,0,1
present,2655,88471085,0x00000000,0,0,0,0x00000000,0x00000000,0,0,1,0,1
present,2656,88502948,0x00000000,0,0,0,0x00000000,0x00000000,0,0,1,0,1
present,2657,88537955,0x00000000,0,0,0,0x00000000,0x00000000,0,0,1,0,1
present,2658,88567417,0x00000000,0,0,0,0x00000000,0x00000000,0,0,1,0,1
present,2659,88604085,0x00000000,0,0,0,0x00000000,0x00000000,0,0,1,0,1
present,2660,88636155,0x00000000,0,0,0,0x00000000,0x00000000,0,0,1,0,1
present,2661,88670238,0x00000000,0,0,0,0x00000000,0x00000000,0,0,1,0,1
present,2662,88703579,0x00000000,0,0,0,0x00000000,0x00000000,0,0,1,0,1
present,2663,88737717,0x00000000,0,0,0,0x00000000,0x00000000,0,0,1,0,1
present,2664,88770647,0x00000000,0,0,0,0x00000000,0x00000000,0,0,1,0,1
present,2665,88810201,0x00000000,0,0,0,0x00000000,0x00000000,0,0,1,0,1
present,2666,88837860,0x00000000,0,0,0,0x00000000,0x00000000,0,0,1,0,1
present,2667,88870849,0x00000000,0,0,0,0x00000000,0x00000000,0,0,1,0,1
present,2668,88900659,0x00000000,0,0,0,0x00000000,0x00000000,0,0,1,0,1
present,2669,88936621,0x00000000,0,0,0,0x00000000,0x00000000,0,0,1,0,1
present,2670,88970546,0x00000000,0,0,0,0x00000000,0x00000000,0,0,1,0,1
present,2671,89004980,0x00000000,0,0,0,0x00000000,0x00000000,1,0,1,0,1
present,2672,89037100,0x00000000,0,0,0,0x00000000,0x00000000,1,0,1,0,1
present,2673,89067833,0x00000000,0,0,0,0x00000000,0x00000000,1,0,1,0,1
present,2674,89102975,0x00000000,0,0,0,0x00000000,0x00000000,1,0,1,0,1
present,2675,89137913,0x00000000,0,0,0,0x00000000,0x00000000,1,0,1,0,1
present,2676,89167149,0x00000000,0,0,0,0x00000000,0x00000000,1,0,1,0,1
present,2677,89203417,0x00000000,0,0,0,0x00000000,0x00000000,1,0,1,0,1
present,2678,89238012,0x00000000,0,0,0,0x00000000,0x00000000,1,0,1,0,1
present,2679,89271102,0x00000000,0,0,0,0x00000000,0x00000000,1,0,1,0,1
present,2680,89304101,0x00000000,0,0,0,0x00000000,0x00000000,1,0,1,0,1
present,2681,89333897,0x00000000,0,0,0,0x00000000,0x00000000,1,0,1,0,1
present,2682,89367492,0x00000000,0,0,0,0x00000000,0x00000000,1,0,1,0,1
present,2683,89404204,0x00000000,0,0,0,0x00000000,0x00000000,1,0,1,0,1
present,2684,89434000,0x00000000,0,0,0,0x00000000,0x00000000,1,0,1,0,1
present,2685,89470416,0x00000000,0,0,0,0x00000000,0x00000000,1,0,1,0,1
present,2686,89502840,0x00000000,0,0,0,0x00000000,0x00000000,1,0,1,0,1
present,2687,89534856,0x00000000,0,0,0,0x00000000,0x00000000,1,0,1,0,1
present,2688,89571163,0x00000000,0,0,0,0x00000000,0x00000000,1,0,1,0,1
present,2689,89602203,0x00000000,0,0,0,0x00000000,0x00000000,1,0,1,0,1
present,2690,89634054,0x00000000,0,0,0,0x00000000,0x00000000,1,0,1,0,1
present,2691,89667726,0x00000000,0,0,0,0x00000000,0x00000000,1,0,1,0,1
present,2692,89702275,0x00000000,0,0,0,0x00000000,0x00000000,1,0,1,0,1
present,2693,89736886,0x00000000,0,0,0,0x00000000,0x00000000,1,0,1,0,1
present,2694,89767273,0x00000000,0,0,0,0x00000000,0x00000000,1,0,1,0,1
present,2695,89804678,0x00000000,0,0,0,0x00000000,0x00000000,1,0,1,0,1
present,2696,89837063,0x00000000,0,0,0,0x00000000,0x00000000,1,0,1,0,1
present,2697,89870925,0x00000000,0,0,0,0x00000000,0x00000000,1,0,1,0,1
present,2698,89900641,0x00000000,0,0,0,0x00000000,0x00000000,1,0,1,0,1
present,2699,89937535,0x00000000,0,0,0,0x00000000,0x00000000,1,0,1,0,1
present,2700,89971230,0x00000000,0,0,0,0x00000000,0x00000000,1,0,1,0,1
present,2701,90003728,0x00000000,0,0,0,0x00000000,0x00000000,2,0,1,0,1
present,2702,90037702,0x00000000,0,0,0,0x00000000,0x00000000,2,0,1,0,1
present,2703,90066862,0x00000000,0,0,0,0x00000000,0x00000000,2,0,1,0,1
present,2704,90104618,0x00000000,0,0,0,0x00000000,0x00000000,2,0,1,0,1
present,2705,90134001,0x00000000,0,0,0,0x00000000,0x00000000,2,0,1,0,1
present,2706,90167418,0x00000000,0,0,0,0x00000000,0x00000000,2,0,1,0,1
present,2707,90202116,0x00000000,0,0,0,0x00000000,0x00000000,2,0,1,0,1
present,2708,90236233,0x00000000,0,0,0,0x00000000,0x00000000,2,0,1,0,1
present,2709,90270894,0x00000000,0,0,0,0x00000000,0x00000000,2,0,1,0,1
present,2710,90302678,0x00000000,0,0,0,0x00000000,0x00000000,2,0,1,0,1
present,2711,90337640,0x00000000,0,0,0,0x00000000,0x00000000,2,0,1,0,1
present,2712,90366932,0x00000000,0,0,0,0x00000000,0x00000000,2,0,1,0,1
present,2713,90403740,0x00000000,0,0,0,0x00000000,0x00000000,2,0,1,0,1
present,2714,90433905,0x00000000,0,0,0,0x00000000,0x00000000,2,0,1,0,1
present,2715,90468100,0x00000000,0,0,0,0x00000000,0x00000000,2,0,1,0,1
present,2716,90501348,0x00000000,0,0,0,0x00000000,0x00000000,2,0,1,0,1
present,2717,90533992,0x00000000,0,0,0,0x00000000,0x00000000,2,0,1,0,1
present,2718,90568178,0x00000000,0,0,0,0x00000000,0x00000000,2,0,1,0,1
present,2719,90604084,0x00000000,0,0,0,0x00000000,0x00000000,2,0,1,0,1
present,2720,90637878,0x00000000,0,0,0,0x00000000,0x00000000,2,0,1,0,1
present,2721,90669505,0x00000000,0,0,0,0x00000000,0x00000000,2,0,1,0,1
present,2722,90704544,0x00000000,0,0,0,0x00000000,0x00000000,2,0,1,0,1
present,2723,90737455,0x00000000,0,0,0,0x00000000,0x00000000,2,0,1,0,1
present,2724,90770167,0x00000000,0,0,0,0x00000000,0x00000000,2,0,1,0,1
present,2725,90802525,0x00000000,0,0,0,0x00000000,0x00000000,2,0,1,0,1
present,2726,90837557,0x00000000,0,0,0,0x00000000,0x00000000,2,0,1,0,1
present,2727,90870379,0x00000000,0,0,0,0x00000000,0x00000000,2,0,1,0,1
present,2728,90901957,0x00000000,0,0,0,0x00000000,0x00000000,2,0,1,0,1
present,2729,90937003,0x00000000,0,0,0,0x00000000,0x00000000,2,0,1,0,1
present,2730,90967421,0x00000000,0,0,0,0x00000000,0x00000000,2,0,1,0,1
present,2731,91003586,0x00000000,0,0,0,0x00000000,0x00000000,3,0,1,0,1
present,2732,91035650,0x00000000,0,0,0,0x00000000,0x00000000,3,0,1,0,1
present,2733,91070663,0x00000000,0,0,0,0x00000000,0x00000000,3,0,1,0,1
present,2734,91100847,0x00000000,0,0,0,0x00000000,0x00000000,3,0,1,0,1
present,2735,91138011,0x00000000,0,0,0,0x00000000,0x00000000,3,0,1,0,1
present,2736,91167211,0x00000000,0,0,0,0x00000000,0x00000000,3,0,1,0,1
present,2737,91202491,0x00000000,0,0,0,0x00000000,0x00000000,3,0,1,0,1
present,2738,91234794,0x00000000,0,0,0,0x00000000,0x00000000,3,0,1,0,1
present,2739,91270532,0x00000000,0,0,0,0x00000000,0x00000000,3,0,1,0,1
present,2740,91300618,0x00000000,0,0,0,0x00000000,0x00000000,3,0,1,0,1
present,2741,91337093,0x00000000,0,0,0,0x00000000,0x00000000,3,0,1,0,1
present,2742,91369261,0x00000000,0,0,0,0x00000000,0x00000000,3,0,1,0,1
present,2743,91401383,0x00000000,0,0,0,0x00000000,0x00000000,3,0,1,0,1
present,2744,91434063,0x00000000,0,0,0,0x00000000,0x00000000,3,0,1,0,1
present,2745,91471011,0x00000000,0,0,0,0x00000000,0x00000000,3,0,1,0,1
present,2746,91503290,0x00000000,0,0,0,0x00000000,0x00000000,3,0,1,0,1
present,2747,91534022,0x00000000,0,0,0,0x00000000,0x00000000,3,0,1,0,1
present,2748,91569631,0x00000000,0,0,0,0x00000000,0x00000000,3,0,1,0,1
present,2749,91603498,0x00000000,0,0,0,0x00000000,0x00000000,3,0,1,0,1
present,2750,91636001,0x00000000,0,0,0,0x00000000,0x00000000,3,0,1,0,1
present,2751,91671092,0x00000000,0,0,0,0x00000000,0x00000000,3,0,1,0,1
present,2752,91704125,0x00000000,0,0,0,0x00000000,0x00000000,3,0,1,0,1
present,2753,91737194,0x00000000,0,0,0,0x00000000,0x00000000,3,0,1,0,1
present,2754,91771065,0x00000000,0,0,0,0x00000000,0x00000000,3,0,1,0,1
present,2755,91810005,0x00000000,0,0,0,0x00000000,0x00000000,3,0,1,0,1
present,2756,91833897,0x00000000,0,0,0,0x00000000,0x00000000,3,0,1,0,1
present,2757,91870403,0x00000000,0,0,0,0x00000000,0x00000000,3,0,1,0,1
present,2758,91904258,0x00000000,0,0,0,0x00000000,0x00000000,3,0,1,0,1
present,2759,91937253,0x00000000,0,0,0,0x00000000,0x00000000,3,0,1,0,1
present,2760,91967579,0x00000000,0,0,0,0x00000000,0x00000000,3,0,1,0,1
present,2761,92004287,0x00000000,0,0,0,0x00000000,0x00000000,0,0,1,0,1
present,2762,92034044,0x00000000,0,0,0,0x00000000,0x00000000,0,0,1,0,1
present,2763,92070122,0x00000000,0,0,0,0x00000000,0x00000000,0,0,1,0,1
present,2764,92103092,0x00000000,0,0,0,0x00000000,0x00000000,0,0,1,0,1
present,2765,92134310,0x00000000,0,0,0,0x00000000,0x00000000,0,0,1,0,1
present,2766,92169305,0x00000000,0,0,0,0x00000000,0x00000000,0,0,1,0,1
present,2767,92203129,0x00000000,0,0,0,0x00000000,0x00000000,0,0,1,0,1
present,2768,92236648,0x00000000,0,0,0,0x00000000,0x00000000,0,0,1,0,1
present,2769,92270657,0x00000000,0,0,0,0x00000000,0x00000000,0,0,1,0,1
present,2770,92302644,0x00000000,0,0,0,0x00000000,0x00000000,0,0,1,0,1
present,2771,92337307,0x00000000,0,0,0,0x00000000,0x00000000,0,0,1,0,1
present,2772,92370078,0x00000000,0,0,0,0x00000000,0x00000000,0,0,1,0,1
present,2773,92403909,0x00000000,0,0,0,0x00000000,0x00000000,0,0,1,0,1
present,2774,92435994,0x00000000,0,0,0,0x00000000,0x00000000,0,0,1,0,1
present,2775,92467563,0x00000000,0,0,0,0x00000000,0x00000000,0,0,1,0,1
present,2776,92500677,0x00000000,0,0,0,0x00000000,0x00000000,0,0,1,0,1
present,2777,92534695,0x00000000,0,0,0,0x00000000,0x00000000,0,0,1,0,1
present,2778,92570794,0x00000000,0,0,0,0x00000000,0x00000000,0,0,1,0,1
present,2779,92603804,0x00000000,0,0,0,0x00000000,0x00000000,0,0,1,0,1
present,2780,92637907,0x00000000,0,0,0,0x00000000,0x00000000,0,0,1,0,1
present,2781,92667436,0x00000000,0,0,0,0x00000000,0x00000000,0,0,1,0,1
present,2782,92704477,0x00000000,0,0,0,0x00000000,0x00000000,0,0,1,0,1
present,2783,92736155,0x00000000,0,0,0,0x00000000,0x00000000,0,0,1,0,1
present,2784,92767256,0x00000000,0,0,0,0x00000000,0x00000000,0,0,1,0,1
present,2785,92811860,0x00000000,0,0,0,0x00000000,0x00000000,0,0,1,0,1
present,2786,92834023,0x00000000,0,0,0,0x00000000,0x00000000,0,0,1,0,1
present,2787,92868211,0x00000000,0,0,0,0x00000000,0x00000000,0,0,1,0,1
present,2788,92902178,0x00000000,0,0,0,0x00000000,0x00000000,0,0,1,0,1
present,2789,92933934,0x00000000,0,0,0,0x00000000,0x00000000,0,0,1,0,1
present,2790,92969088,0x00000000,0,0,0,0x00000000,0x00000000,0,0,1,0,1
present,2791,93001062,0x00000000,0,0,0,0x00000000,0x00000000,1,0,1,0,1
present,2792,93036621,0x00000000,0,0,0,0x00000000,0x00000000,1,0,1,0,1
present,2793,93070471,0x00000000,0,0,0,0x00000000,0x00000000,1,0,1,0,1
present,2794,93101686,0x00000000,0,0,0,0x00000000,0x00000000,1,0,1,0,1
present,2795,93137859,0x00000000,0,0,0,0x00000000,0x00000000,1,0,1,0,1
present,2796,93167389,0x00000000,0,0,0,0x00000000,0x00000000,1,0,1,0,1
present,2797,93204348,0x00000000,0,0,0,0x00000000,0x00000000,1,0,1,0,1
present,2798,93234300,0x00000000,0,0,0,0x00000000,0x00000000,1,0,1,0,1
present,2799,93267644,0x00000000,0,0,0,0x00000000,0x00000000,1,0,1,0,1
present,2800,93302203,0x00000000,0,0,0,0x00000000,0x00000000,1,0,1,0,1
present,2801,93334050,0x00000000,0,0,0,0x00000000,0x00000000,1,0,1,0,1
present,2802,93367237,0x00000000,0,0,0,0x00000000,0x00000000,1,0,1,0,1
present,2803,93402511,0x00000000,0,0,0,0x00000000,0x00000000,1,0,1,0,1
present,2804,93436507,0x00000000,0,0,0,0x00000000,0x00000000,1,0,1,0,1
present,2805,93470404,0x00000000,0,0,0,0x00000000,0x00000000,1,0,1,0,1
present,2806,93503531,0x00000000,0,0,0,0x00000000,0x00000000,1,0,1,0,1
present,2807,93534548,0x00000000,0,0,0,0x00000000,0x00000000,1,0,1,0,1
present,2808,93567649,0x00000000,0,0,0,0x00000000,0x00000000,1,0,1,0,1
present,2809,93600657,0x00000000,0,0,0,0x00000000,0x00000000,1,0,1,0,1
present,2810,93637801,0x00000000,0,0,0,0x00000000,0x00000000,1,0,1,0,1
present,2811,93667392,0x00000000,0,0,0,0x00000000,0x00000000,1,0,1,0,1
present,2812,93704577,0x00000000,0,0,0,0x00000000,0x00000000,1,0,1,0,1
present,2813,93737610,0x00000000,0,0,0,0x00000000,0x00000000,1,0,1,0,1
present,2814,93769341,0x00000000,0,0,0,0x00000000,0x00000000,1,0,1,0,1
present,2815,93805744,0x00000000,0,0,0,0x00000000,0x00000000,1,0,1,0,1
present,2816,93833597,0x00000000,0,0,0,0x00000000,0x00000000,1,0,1,0,1
present,2817,93870397,0x00000000,0,0,0,0x00000000,0x00000000,1,0,1,0,1
present,2818,93904540,0x00000000,0,0,0,0x00000000,0x00000000,1,0,1,0,1
present,2819,93937805,0x00000000,0,0,0,0x00000000,0x00000000,1,0,1,0,1
present,2820,93967338,0x00000000,0,0,0,0x00000000,0x00000000,1,0,1,0,1
present,2821,94003525,0x00000000,0,0,0,0x00000000,0x00000000,2,0,1,0,1
present,2822,94035943,0x00000000,0,0,0,0x00000000,0x00000000,2,0,1,0,1
present,2823,94067576,0x00000000,0,0,0,0x00000000,0x00000000,2,0,1,0,1
present,2824,94103084,0x00000000,0,0,0,0x00000000,0x00000000,2,0,1,0,1
present,2825,94135388,0x00000000,0,0,0,0x00000000,0x00000000,2,0,1,0,1
present,2826,94171480,0x00000000,0,0,0,0x00000000,0x00000000,2,0,1,0,1
present,2827,94200306,0x00000000,0,0,0,0x00000000,0x00000000,2,0,1,0,1
present,2828,94237101,0x00000000,0,0,0,0x00000000,0x00000000,2,0,1,0,1
present,2829,94270874,0x00000000,0,0,0,0x00000000,0x00000000,2,0,1,0,1
present,2830,94303436,0x00000000,0,0,0,0x00000000,0x00000000,2,0,1,0,1
present,2831,94334607,0x00000000,0,0,0,0x00000000,0x00000000,2,0,1,0,1
present,2832,94366886,0x00000000,0,0,0,0x00000000,0x00000000,2,0,1,0,1
present,2833,94404052,0x00000000,0,0,0,0x00000000,0x00000000,2,0,1,0,1
present,2834,94436296,0x00000000,0,0,0,0x00000000,0x00000000,2,0,1,0,1
present,2835,94471088,0x00000000,0,0,0,0x00000000,0x00000000,2,0,1,0,1
present,2836,94500654,0x00000000,0,0,0,0x00000000,0x00000000,2,0,1,0,1
present,2837,94537638,0x00000000,0,0,0,0x00000000,0x00000000,2,0,1,0,1
present,2838,94567421,0x00000000,0,0,0,0x00000000,0x00000000,2,0,1,0,1
present,2839,94600769,0x00000000,0,0,0,0x00000000,0x00000000,2,0,1,0,1
present,2840,94637525,0x00000000,0,0,0,0x00000000,0x00000000,2,0,1,0,1
present,2841,94670443,0x00000000,0,0,0,0x00000000,0x00000000,2,0,1,0,1
present,2842,94704358,0x00000000,0,0,0,0x00000000,0x00000000,2,0,1,0,1
present,2843,94735341,0x00000000,0,0,0,0x00000000,0x00000000,2,0,1,0,1
present,2844,94769317,0x00000000,0,0,0,0x00000000,0x00000000,2,0,1,0,1
present,2845,94806046,0x00000000,0,0,0,0x00000000,0x00000000,2,0,1,0,1
present,2846,94838070,0x00000000,0,0,0,0x00000000,0x00000000,2,0,1,0,1
present,2847,94867855,0x00000000,0,0,0,0x00000000,0x00000000,2,0,1,0,1
present,2848,94904468,0x00000000,0,0,0,0x00000000,0x00000000,2,0,1,0,1
present,2849,94934002,0x00000000,0,0,0,0x00000000,0x00000000,2,0,1,0,1
present,2850,94967438,0x00000000,0,0,0,0x00000000,0x00000000,2,0,1,0,1
present,2851,95002925,0x00000000,0,0,0,0x00000000,0x00000000,3,0,1,0,1
present,2852,95035084,0x00000000,0,0,0,0x00000000,0x00000000,3,0,1,0,1
present,2853,95070330,0x00000000,0,0,0,0x00000000,0x00000000,3,0,1,0,1
present,2854,95104450,0x00000000,0,0,0,0x00000000,0x00000000,3,0,1,0,1
present,2855,95136168,0x00000000,0,0,0,0x00000000,0x00000000,3,0,1,0,1
present,2856,95171225,0x00000000,0,0,0,0x00000000,0x00000000,3,0,1,0,1
present,2857,95201072,0x00000000,0,0,0,0x00000000,0x00000000,3,0,1,0,1
present,2858,95236704,0x00000000,0,0,0,0x00000000,0x00000000,3,0,1,0,1
present,2859,95267309,0x00000000,0,0,0,0x00000000,0x00000000,3,0,1,0,1
present,2860,95303820,0x00000000,0,0,0,0x00000000,0x00000000,3,0,1,0,1
present,2861,95333990,0x00000000,0,0,0,0x00000000,0x00000000,3,0,1,0,1
present,2862,95369261,0x00000000,0,0,0,0x00000000,0x00000000,3,0,1,0,1
present,2863,95402593,0x00000000,0,0,0,0x00000000,0x00000000,3,0,1,0,1
present,2864,95436468,0x00000000,0,0,0,0x00000000,0x00000000,3,0,1,0,1
present,2865,95469035,0x00000000,0,0,0,0x00000000,0x00000000,3,0,1,0,1
present,2866,95504029,0x00000000,0,0,0,0x00000000,0x00000000,3,0,1,0,1
present,2867,95535484,0x00000000,0,0,0,0x00000000,0x00000000,3,0,1,0,1
present,2868,95570652,0x00000000,0,0,0,0x00000000,0x00000000,3,0,1,0,1
present,2869,95602424,0x00000000,0,0,0,0x00000000,0x00000000,3,0,1,0,1
present,2870,95634226,0x00000000,0,0,0,0x00000000,0x00000000,3,0,1,0,1
present,2871,95668847,0x00000000,0,0,0,0x00000000,0x00000000,3,0,1,0,1
present,2872,95702581,0x00000000,0,0,0,0x00000000,0x00000000,3,0,1,0,1
present,2873,95734070,0x00000000,0,0,0,0x00000000,0x00000000,3,0,1,0,1
present,2874,95771014,0x00000000,0,0,0,0x00000000,0x00000000,3,0,1,0,1
present,2875,95805537,0x00000000,0,0,0,0x00000000,0x00000000,3,0,1,0,1
present,2876,95834414,0x00000000,0,0,0,0x00000000,0x00000000,3,0,1,0,1
present,2877,95867878,0x00000000,0,0,0,0x00000000,0x00000000,3,0,1,0,1
present,2878,95904490,0x00000000,0,0,0,0x00000000,0x00000000,3,0,1,0,1
present,2879,95937568,0x00000000,0,0,0,0x00000000,0x00000000,3,0,1,0,1
present,2880,95967375,0x00000000,0,0,0,0x00000000,0x00000000,3,0,1,0,1
present,2881,96004678,0x00000000,0,0,0,0x00000000,0x00000000,0,0,1,0,1
present,2882,96037672,0x00000000,0,0,0,0x00000000,0x00000000,0,0,1,0,1
present,2883,96070574,0x00000000,0,0,0,0x00000000,0x00000000,0,0,1,0,1
present,2884,96104851,0x00000000,0,0,0,0x00000000,0x00000000,0,0,1,0,1
present,2885,96134268,0x00000000,0,0,0,0x00000000,0x00000000,0,0,1,0,1
present,2886,96169715,0x00000000,0,0,0,0x00000000,0x00000000,0,0,1,0,1
present,2887,96200900,0x00000000,0,0,0,0x00000000,0x00000000,0,0,1,0,1
present,2888,96238618,0x00000000,0,0,0,0x00000000,0x00000000,0,0,1,0,1
present,2889,96267355,0x00000000,0,0,0,0x00000000,0x00000000,0,0,1,0,1
present,2890,96303265,0x00000000,0,0,0,0x00000000,0x00000000,0,0,1,0,1
present,2891,96336693,0x00000000,0,0,0,0x00000000,0x00000000,0,0,1,0,1
present,2892,96369324,0x00000000,0,0,0,0x00000000,0x00000000,0,0,1,0,1
present,2893,96403561,0x00000000,0,0,0,0x00000000,0x00000000,0,0,1,0,1
present,2894,96434055,0x00000000,0,0,0,0x00000000,0x00000000,0,0,1,0,1
present,2895,96470428,0x00000000,0,0,0,0x00000000,0x00000000,0,0,1,0,1
present,2896,96504345,0x00000000,0,0,0,0x00000000,0x00000000,0,0,1,0,1
present,2897,96536762,0x00000000,0,0,0,0x00000000,0x00000000,0,0,1,0,1
present,2898,96567324,0x00000000,0,0,0,0x00000000,0x00000000,0,0,1,0,1
present,2899,96604570,0x00000000,0,0,0,0x00000000,0x00000000,0,0,1,0,1
present,2900,96634061,0x00000000,0,0,0,0x00000000,0x00000000,0,0,1,0,1
present,2901,96670347,0x00000000,0,0,0,0x00000000,0x00000000,0,0,1,0,1
present,2902,96702659,0x00000000,0,0,0,0x00000000,0x00000000,0,0,1,0,1
present,2903,96738084,0x00000000,0,0,0,0x00000000,0x00000000,0,0,1,0,1
present,2904,96767390,0x00000000,0,0,0,0x00000000,0x00000000,0,0,1,0,1
present,2905,96809444,0x00000000,0,0,0,0x00000000,0x00000000,0,0,1,0,1
present,2906,96837667,0x00000000,0,0,0,0x00000000,0x00000000,0,0,1,0,1
present,2907,96870732,0x00000000,0,0,0,0x00000000,0x00000000,0,0,1,0,1
present,2908,96904721,0x00000000,0,0,0,0x00000000,0x00000000,0,0,1,0,1
present,2909,96936910,0x00000000,0,0,0,0x00000000,0x00000000,0,0,1,0,1
present,2910,96969683,0x00000000,0,0,0,0x00000000,0x00000000,0,0,1,0,1
present,2911,97003959,0x00000000,0,0,0,0x00000000,0x00000000,1,0,1,0,1
present,2912,97034710,0x00000000,0,0,0,0x00000000,0x00000000,1,0,1,0,1
present,2913,97067436,0x00000000,0,0,0,0x00000000,0x00000000,1,0,1,0,1
present,2914,97104513,0x00000000,0,0,0,0x00000000,0x00000000,1,0,1,0,1
present,2915,97137484,0x00000000,0,0,0,0x00000000,0x00000000,1,0,1,0,1
present,2916,97170489,0x00000000,0,0,0,0x00000000,0x00000000,1,0,1,0,1
present,2917,97203093,0x00000000,0,0,0,0x00000000,0x00000000,1,0,1,0,1
present,2918,97237175,0x00000000,0,0,0,0x00000000,0x00000000,1,0,1,0,1
present,2919,97270988,0x00000000,0,0,0,0x00000000,0x00000000,1,0,1,0,1
present,2920,97301541,0x00000000,0,0,0,0x00000000,0x00000000,1,0,1,0,1
present,2921,97337903,0x00000000,0,0,0,0x00000000,0x00000000,1,0,1,0,1
present,2922,97370873,0x00000000,0,0,0,0x00000000,0x00000000,1,0,1,0,1
present,2923,97403784,0x00000000,0,0,0,0x00000000,0x00000000,1,0,1,0,1
present,2924,97437804,0x00000000,0,0,0,0x00000000,0x00000000,1,0,1,0,1
present,2925,97470752,0x00000000,0,0,0,0x00000000,0x00000000,1,0,1,0,1
present,2926,97501286,0x00000000,0,0,0,0x00000000,0x00000000,1,0,1,0,1
present,2927,97537294,0x00000000,0,0,0,0x00000000,0x00000000,1,0,1,0,1
present,2928,97567264,0x00000000,0,0,0,0x00000000,0x00000000,1,0,1,0,1
present,2929,97604244,0x00000000,0,0,0,0x00000000,0x00000000,1,0,1,0,1
present,2930,97633948,0x00000000,0,0,0,0x00000000,0x00000000,1,0,1,0,1
present,2931,97670997,0x00000000,0,0,0,0x00000000,0x00000000,1,0,1,0,1
present,2932,97703591,0x00000000,0,0,0,0x00000000,0x00000000,1,0,1,0,1
present,2933,97733985,0x00000000,0,0,0,0x00000000,0x00000000,1,0,1,0,1
present,2934,97769391,0x00000000,0,0,0,0x00000000,0x00000000,1,0,1,0,1
present,2935,97807515,0x00000000,0,0,0,0x00000000,0x00000000,1,0,1,0,1
present,2936,97837241,0x00000000,0,0,0,0x00000000,0x00000000,1,0,1,0,1
present,2937,97870941,0x00000000,0,0,0,0x00000000,0x00000000,1,0,1,0,1
present,2938,97900557,0x00000000,0,0,0,0x00000000,0x00000000,1,0,1,0,1
present,2939,97933897,0x00000000,0,0,0,0x00000000,0x00000000,1,0,1,0,1
present,2940,97970776,0x00000000,0,0,0,0x00000000,0x00000000,1,0,1,0,1
present,2941,98003202,0x00000000,0,0,0,0x00000000,0x00000000,2,0,1,0,1
present,2942,98037940,0x00000000,0,0,0,0x00000000,0x00000000,2,0,1,0,1
present,2943,98067581,0x00000000,0,0,0,0x00000000,0x00000000,2,0,1,0,1
present,2944,98100846,0x00000000,0,0,0,0x00000000,0x00000000,2,0,1,0,1
present,2945,98135531,0x00000000,0,0,0,0x00000000,0x00000000,2,0,1,0,1
present,2946,98167311,0x00000000,0,0,0,0x00000000,0x00000000,2,0,1,0,1
present,2947,98204286,0x00000000,0,0,0,0x00000000,0x00000000,2,0,1,0,1
present,2948,98237670,0x00000000,0,0,0,0x00000000,0x00000000,2,0,1,0,1
present,2949,98270717,0x00000000,0,0,0,0x00000000,0x00000000,2,0,1,0,1
present,2950,98304065,0x00000000,0,0,0,0x00000000,0x00000000,2,0,1,0,1
present,2951,98335878,0x00000000,0,0,0,0x00000000,0x00000000,2,0,1,0,1
present,2952,98370434,0x00000000,0,0,0,0x00000000,0x00000000,2,0,1,0,1
present,2953,98404194,0x00000000,0,0,0,0x00000000,0x00000000,2,0,1,0,1
present,2954,98433989,0x00000000,0,0,0,0x00000000,0x00000000,2,0,1,0,1
present,2955,98467201,0x00000000,0,0,0,0x00000000,0x00000000,2,0,1,0,1
present,2956,98503361,0x00000000,0,0,0,0x00000000,0x00000000,2,0,1,0,1
present,2957,98537179,0x00000000,0,0,0,0x00000000,0x00000000,2,0,1,0,1
present,2958,98569937,0x00000000,0,0,0,0x00000000,0x00000000,2,0,1,0,1
present,2959,98600933,0x00000000,0,0,0,0x00000000,0x00000000,2,0,1,0,1
present,2960,98637808,0x00000000,0,0,0,0x00000000,0x00000000,2,0,1,0,1
present,2961,98668630,0x00000000,0,0,0,0x00000000,0x00000000,2,0,1,0,1
present,2962,98702323,0x00000000,0,0,0,0x00000000,0x00000000,2,0,1,0,1
present,2963,98735016,0x00000000,0,0,0,0x00000000,0x00000000,2,0,1,0,1
present,2964,98768760,0x00000000,0,0,0,0x00000000,0x00000000,2,0,1,0,1
present,2965,98803301,0x00000000,0,0,0,0x00000000,0x00000000,2,0,1,0,1
present,2966,98836712,0x00000000,0,0,0,0x00000000,0x00000000,2,0,1,0,1
present,2967,98870405,0x00000000,0,0,0,0x00000000,0x00000000,2,0,1,0,1
present,2968,98904242,0x00000000,0,0,0,0x00000000,0x00000000,2,0,1,0,1
present,2969,98933984,0x00000000,0,0,0,0x00000000,0x00000000,2,0,1,0,1
present,2970,98971067,0x00000000,0,0,0,0x00000000,0x00000000,2,0,1,0,1
present,2971,99000639,0x00000000,0,0,0,0x00000000,0x00000000,3,0,1,0,1
present,2972,99035529,0x00000000,0,0,0,0x00000000,0x00000000,3,0,1,0,1
present,2973,99069728,0x00000000,0,0,0,0x00000000,0x00000000,3,0,1,0,1
present,2974,99102733,0x00000000,0,0,0,0x00000000,0x00000000,3,0,1,0,1
present,2975,99137899,0x00000000,0,0,0,0x00000000,0x00000000,3,0,1,0,1
present,2976,99167478,0x00000000,0,0,0,0x00000000,0x00000000,3,0,1,0,1
present,2977,99202739,0x00000000,0,0,0,0x00000000,0x00000000,3,0,1,0,1
present,2978,99234231,0x00000000,0,0,0,0x00000000,0x00000000,3,0,1,0,1
present,2979,99267337,0x00000000,0,0,0,0x00000000,0x00000000,3,0,1,0,1
present,2980,99304493,0x00000000,0,0,0,0x00000000,0x00000000,3,0,1,0,1
present,2981,99334156,0x00000000,0,0,0,0x00000000,0x00000000,3,0,1,0,1
present,2982,99371032,0x00000000,0,0,0,0x00000000,0x00000000,3,0,1,0,1
present,2983,99400633,0x00000000,0,0,0,0x00000000,0x00000000,3,0,1,0,1
present,2984,99437517,0x00000000,0,0,0,0x00000000,0x00000000,3,0,1,0,1
present,2985,99467438,0x00000000,0,0,0,0x00000000,0x00000000,3,0,1,0,1
present,2986,99504329,0x00000000,0,0,0,0x00000000,0x00000000,3,0,1,0,1
present,2987,99535215,0x00000000,0,0,0,0x00000000,0x00000000,3,0,1,0,1
present,2988,99569969,0x00000000,0,0,0,0x00000000,0x00000000,3,0,1,0,1
present,2989,99602712,0x00000000,0,0,0,0x00000000,0x00000000,3,0,1,0,1
present,2990,99637721,0x00000000,0,0,0,0x00000000,0x00000000,3,0,1,0,1
present,2991,99667763,0x00000000,0,0,0,0x00000000,0x00000000,3,0,1,0,1
present,2992,99700732,0x00000000,0,0,0,0x00000000,0x00000000,3,0,1,0,1
present,2993,99738139,0x00000000,0,0,0,0x00000000,0x00000000,3,0,1,0,1
present,2994,99767529,0x00000000,0,0,0,0x00000000,0x00000000,3,0,1,0,1
present,2995,99814886,0x00000000,0,0,0,0x00000000,0x00000000,3,0,1,0,1
present,2996,99836362,0x00000000,0,0,0,0x00000000,0x00000000,3,0,1,0,1
present,2997,99870101,0x00000000,0,0,0,0x00000000,0x00000000,3,0,1,0,1
present,2998,99904029,0x00000000,0,0,0,0x00000000,0x00000000,3,0,1,0,1
present,2999,99937059,0x00000000,0,0,0,0x00000000,0x00000000,3,0,1,0,1
present,3000,99971167,0x00000000,0,0,0,0x00000000,0x00000000,3,0,1,0,1
present,3001,100000620,0x00000000,0,0,0,0x00000000,0x00000000,0,0,1,0,1
present,3002,100035102,0x00000000,0,0,0,0x00000000,0x00000000,0,0,1,0,1
present,3003,100070067,0x00000000,0,0,0,0x00000000,0x00000000,0,0,1,0,1
present,3004,100103983,0x00000000,0,0,0,0x00000000,0x00000000,0,0,1,0,1
present,3005,100137018,0x00000000,0,0,0,0x00000000,0x00000000,0,0,1,0,1
present,3006,100170212,0x00000000,0,0,0,0x00000000,0x00000000,0,0,1,0,1
present,3007,100201051,0x00000000,0,0,0,0x00000000,0x00000000,0,0,1,0,1
present,3008,100236699,0x00000000,0,0,0,0x00000000,0x00000000,0,0,1,0,1
present,3009,100270612,0x00000000,0,0,0,0x00000000,0x00000000,0,0,1,0,1
present,3010,100304863,0x00000000,0,0,0,0x00000000,0x00000000,0,0,1,0,1
present,3011,100336395,0x00000000,0,0,0,0x00000000,0x00000000,0,0,1,0,1
present,3012,100370438,0x00000000,0,0,0,0x00000000,0x00000000,0,0,1,0,1
present,3013,100404259,0x00000000,0,0,0,0x00000000,0x00000000,0,0,1,0,1
present,3014,100437178,0x00000000,0,0,0,0x00000000,0x00000000,0,0,1,0,1
present,3015,100471089,0x00000000,0,0,0,0x00000000,0x00000000,0,0,1,0,1
present,3016,100500736,0x00000000,0,0,0,0x00000000,0x00000000,0,0,1,0,1
present,3017,100534003,0x00000000,0,0,0,0x00000000,0x00000000,0,0,1,0,1
present,3018,100567435,0x00000000,0,0,0,0x00000000,0x00000000,0,0,1,0,1
present,3019,100603695,0x00000000,0,0,0,0x00000000,0x00000000,0,0,1,0,1
present,3020,100637684,0x00000000,0,0,0,0x00000000,0x00000000,0,0,1,0,1
present,3021,100670801,0x00000000,0,0,0,0x00000000,0x00000000,0,0,1,0,1
present,3022,100703622,0x00000000,0,0,0,0x00000000,0x00000000,0,0,1,0,1
present,3023,100737782,0x00000000,0,0,0,0x00000000,0x00000000,0,0,1,0,1
present,3024,100767252,0x00000000,0,0,0,0x00000000,0x00000000,0,0,1,0,1
present,3025,100805592,0x00000000,0,0,0,0x00000000,0x00000000,0,0,1,0,1
present,3026,100837229,0x00000000,0,0,0,0x00000000,0x00000000,0,0,1,0,1
present,3027,100870633,0x00000000,0,0,0,0x00000000,0x00000000,0,0,1,0,1
present,3028,100903168,0x00000000,0,0,0,0x00000000,0x00000000,0,0,1,0,1
present,3029,100937064,0x00000000,0,0,0,0x00000000,0x00000000,0,0,1,0,1
present,3030,100969164,0x00000000,0,0,0,0x00000000,0x00000000,0,0,1,0,1
present,3031,101004080,0x00000000,0,0,0,0x00000000,0x00000000,1,0,1,0,1
present,3032,101034030,0x00000000,0,0,0,0x00000000,0x00000000,1,0,1,0,1
present,3033,101067902,0x00000000,0,0,0,0x00000000,0x00000000,1,0,1,0,1
present,3034,101102853,0x00000000,0,0,0,0x00000000,0x00000000,1,0,1,0,1
present,3035,101135624,0x00000000,0,0,0,0x00000000,0x00000000,1,0,1,0,1
present,3036,101170742,0x00000000,0,0,0,0x00000000,0x00000000,1,0,1,0,1
present,3037,101200841,0x00000000,0,0,0,0x00000000,0x00000000,1,0,1,0,1
present,3038,101238090,0x00000000,0,0,0,0x00000000,0x00000000,1,0,1,0,1
present,3039,101271087,0x00000000,0,0,0,0x00000000,0x00000000,1,0,1,0,1
present,3040,101301319,0x00000000,0,0,0,0x00000000,0x00000000,1,0,1,0,1
present,3041,101337678,0x00000000,0,0,0,0x00000000,0x00000000,1,0,1,0,1
present,3042,101370650,0x00000000,0,0,0,0x00000000,0x00000000,1,0,1,0,1
present,3043,101402141,0x00000000,0,0,0,0x00000000,0x00000000,1,0,1,0,1
present,3044,101433974,0x00000000,0,0,0,0x00000000,0x00000000,1,0,1,0,1
present,3045,101470987,0x00000000,0,0,0,0x00000000,0x00000000,1,0,1,0,1
present,3046,101500597,0x00000000,0,0,0,0x00000000,0x00000000,1,0,1,0,1
present,3047,101536357,0x00000000,0,0,0,0x00000000,0x00000000,1,0,1,0,1
present,3048,101567297,0x00000000,0,0,0,0x00000000,0x00000000,1,0,1,0,1
present,3049,101602277,0x00000000,0,0,0,0x00000000,0x00000000,1,0,1,0,1
present,3050,101636954,0x00000000,0,0,0,0x00000000,0x00000000,1,0,1,0,1
present,3051,101671051,0x00000000,0,0,0,0x00000000,0x00000000,1,0,1,0,1
present,3052,101701568,0x00000000,0,0,0,0x00000000,0x00000000,1,0,1,0,1
present,3053,101737850,0x00000000,0,0,0,0x00000000,0x00000000,1,0,1,0,1
present,3054,101768992,0x00000000,0,0,0,0x00000000,0x00000000,1,0,1,0,1
present,3055,101806667,0x00000000,0,0,0,0x00000000,0x00000000,1,0,1,0,1
present,3056,101837313,0x00000000,0,0,0,0x00000000,0x00000000,1,0,1,0,1
present,3057,101871106,0x00000000,0,0,0,0x00000000,0x00000000,1,0,1,0,1
present,3058,101903331,0x00000000,0,0,0,0x00000000,0x00000000,1,0,1,0,1
present,3059,101933520,0x00000000,0,0,0,0x00000000,0x00000000,1,0,1,0,1
present,3060,101970520,0x00000000,0,0,0,0x00000000,0x00000000,1,0,1,0,1
present,3061,102004457,0x00000000,0,0,0,0x00000000,0x00000000,2,0,1,0,1
present,3062,102037224,0x00000000,0,0,0,0x00000000,0x00000000,2,0,1,0,1
present,3063,102071027,0x00000000,0,0,0,0x00000000,0x00000000,2,0,1,0,1
present,3064,102101304,0x00000000,0,0,0,0x00000000,0x00000000,2,0,1,0,1
present,3065,102134201,0x00000000,0,0,0,0x00000000,0x00000000,2,0,1,0,1
present,3066,102171231,0x00000000,0,0,0,0x00000000,0x00000000,2,0,1,0,1
present,3067,102203705,0x00000000,0,0,0,0x00000000,0x00000000,2,0,1,0,1
present,3068,102237495,0x00000000,0,0,0,0x00000000,0x00000000,2,0,1,0,1
present,3069,102267425,0x00000000,0,0,0,0x00000000,0x00000000,2,0,1,0,1
present,3070,102303572,0x00000000,0,0,0,0x00000000,0x00000000,2,0,1,0,1
present,3071,102334414,0x00000000,0,0,0,0x00000000,0x00000000,2,0,1,0,1
present,3072,102366953,0x00000000,0,0,0,0x00000000,0x00000000,2,0,1,0,1
present,3073,102403673,0x00000000,0,0,0,0x00000000,0x00000000,2,0,1,0,1
present,3074,102434046,0x00000000,0,0,0,0x00000000,0x00000000,2,0,1,0,1
present,3075,102470902,0x00000000,0,0,0,0x00000000,0x00000000,2,0,1,0,1
present,3076,102500197,0x00000000,0,0,0,0x00000000,0x00000000,2,0,1,0,1
present,3077,102537943,0x00000000,0,0,0,0x00000000,0x00000000,2,0,1,0,1
present,3078,102567665,0x00000000,0,0,0,0x00000000,0x00000000,2,0,1,0,1
present,3079,102601268,0x00000000,0,0,0,0x00000000,0x00000000,2,0,1,0,1
present,3080,102637298,0x00000000,0,0,0,0x00000000,0x00000000,2,0,1,0,1
present,3081,102671117,0x00000000,0,0,0,0x00000000,0x00000000,2,0,1,0,1
present,3082,102704160,0x00000000,0,0,0,0x00000000,0x00000000,2,0,1,0,1
present,3083,102734763,0x00000000,0,0,0,0x00000000,0x00000000,2,0,1,0,1
present,3084,102768693,0x00000000,0,0,0,0x00000000,0x00000000,2,0,1,0,1
present,3085,102800296,0x00000000,0,0,0,0x00000000,0x00000000,2,0,1,0,1
present,3086,102836680,0x00000000,0,0,0,0x00000000,0x00000000,2,0,1,0,1
present,3087,102870362,0x00000000,0,0,0,0x00000000,0x00000000,2,0,1,0,1
present,3088,102904109,0x00000000,0,0,0,0x00000000,0x00000000,2,0,1,0,1
present,3089,102937030,0x00000000,0,0,0,0x00000000,0x00000000,2,0,1,0,1
present,3090,102971029,0x00000000,0,0,0,0x00000000,0x00000000,2,0,1,0,1
present,3091,103000640,0x00000000,0,0,0,0x00000000,0x00000000,3,0,1,0,1
present,3092,103034735,0x00000000,0,0,0,0x00000000,0x00000000,3,0,1,0,1
present,3093,103067633,0x00000000,0,0,0,0x00000000,0x00000000,3,0,1,0,1
present,3094,103103826,0x00000000,0,0,0,0x00000000,0x00000000,3,0,1,0,1
present,3095,103134719,0x00000000,0,0,0,0x00000000,0x00000000,3,0,1,0,1
present,3096,103167323,0x00000000,0,0,0,0x00000000,0x00000000,3,0,1,0,1
present,3097,103204167,0x00000000,0,0,0,0x00000000,0x00000000,3,0,1,0,1
present,3098,103237420,0x00000000,0,0,0,0x00000000,0x00000000,3,0,1,0,1
present,3099,103267401,0x00000000,0,0,0,0x00000000,0x00000000,3,0,1,0,1
present,3100,103302194,0x00000000,0,0,0,0x00000000,0x00000000,3,0,1,0,1
present,3101,103337115,0x00000000,0,0,0,0x00000000,0x00000000,3,0,1,0,1
present,3102,103369434,0x00000000,0,0,0,0x00000000,0x00000000,3,0,1,0,1
present,3103,103404451,0x00000000,0,0,0,0x00000000,0x00000000,3,0,1,0,1
present,3104,103437477,0x00000000,0,0,0,0x00000000,0x00000000,3,0,1,0,1
present,3105,103467299,0x00000000,0,0,0,0x00000000,0x00000000,3,0,1,0,1
present,3106,103503292,0x00000000,0,0,0,0x00000000,0x00000000,3,0,1,0,1
present,3107,103534189,0x00000000,0,0,0,0x00000000,0x00000000,3,0,1,0,1
present,3108,103569523,0x00000000,0,0,0,0x00000000,0x00000000,3,0,1,0,1
present,3109,103604498,0x00000000,0,0,0,0x00000000,0x00000000,3,0,1,0,1
present,3110,103633863,0x00000000,0,0,0,0x00000000,0x00000000,3,0,1,0,1
present,3111,103667895,0x00000000,0,0,0,0x00000000,0x00000000,3,0,1,0,1
present,3112,103702915,0x00000000,0,0,0,0x00000000,0x00000000,3,0,1,0,1
present,3113,103737971,0x00000000,0,0,0,0x00000000,0x00000000,3,0,1,0,1
present,3114,103770397,0x00000000,0,0,0,0x00000000,0x00000000,3,0,1,0,1
present,3115,103811758,0x00000000,0,0,0,0x00000000,0x00000000,3,0,1,0,1
present,3116,103834924,0x00000000,0,0,0,0x00000000,0x00000000,3,0,1,0,1
present,3117,103871227,0x00000000,0,0,0,0x00000000,0x00000000,3,0,1,0,1
present,3118,103904113,0x00000000,0,0,0,0x00000000,0x00000000,3,0,1,0,1
present,3119,103936414,0x00000000,0,0,0,0x00000000,0x00000000,3,0,1,0,1
present,3120,103970617,0x00000000,0,0,0,0x00000000,0x00000000,3,0,1,0,1
present,3121,104000739,0x00000000,0,0,0,0x00000000,0x00000000,0,0,1,0,1
present,3122,104036452,0x00000000,0,0,0,0x00000000,0x00000000,0,0,1,0,1
present,3123,104067359,0x00000000,0,0,0,0x00000000,0x00000000,0,0,1,0,1
present,3124,104102402,0x00000000,0,0,0,0x00000000,0x00000000,0,0,1,0,1
present,3125,104134057,0x00000000,0,0,0,0x00000000,0x00000000,0,0,1,0,1
present,3126,104170838,0x00000000,0,0,0,0x00000000,0x00000000,0,0,1,0,1
present,3127,104200573,0x00000000,0,0,0,0x00000000,0x00000000,0,0,1,0,1
present,3128,104236368,0x00000000,0,0,0,0x00000000,0x00000000,0,0,1,0,1
present,3129,104269872,0x00000000,0,0,0,0x00000000,0x00000000,0,0,1,0,1
present,3130,104300756,0x00000000,0,0,0,0x00000000,0x00000000,0,0,1,0,1
present,3131,104336361,0x00000000,0,0,0,0x00000000,0x00000000,0,0,1,0,1
present,3132,104370544,0x00000000,0,0,0,0x00000000,0x00000000,0,0,1,0,1
present,3133,104402483,0x00000000,0,0,0,0x00000000,0x00000000,0,0,1,0,1
present,3134,104434832,0x00000000,0,0,0,0x00000000,0x00000000,0,0,1,0,1
present,3135,104469605,0x00000000,0,0,0,0x00000000,0x00000000,0,0,1,0,1
present,3136,104500741,0x00000000,0,0,0,0x00000000,0x00000000,0,0,1,0,1
present,3137,104537783,0x00000000,0,0,0,0x00000000,0x00000000,0,0,1,0,1
present,3138,104567260,0x00000000,0,0,0,0x00000000,0x00000000,0,0,1,0,1
present,3139,104604439,0x00000000,0,0,0,0x00000000,0x00000000,0,0,1,0,1
present,3140,104634141,0x00000000,0,0,0,0x00000000,0x00000000,0,0,1,0,1
present,3141,104670484,0x00000000,0,0,0,0x00000000,0x00000000,0,0,1,0,1
present,3142,104704475,0x00000000,0,0,0,0x00000000,0x00000000,0,0,1,0,1
present,3143,104738015,0x00000000,0,0,0,0x00000000,0x00000000,0,0,1,0,1
present,3144,104771097,0x00000000,0,0,0,0x00000000,0x00000000,0,0,1,0,1
present,3145,104805397,0x00000000,0,0,0,0x00000000,0x00000000,0,0,1,0,1
present,3146,104833918,0x00000000,0,0,0,0x00000000,0x00000000,0,0,1,0,1
present,3147,104867708,0x00000000,0,0,0,0x00000000,0x00000000,0,0,1,0,1
present,3148,104903746,0x00000000,0,0,0,0x00000000,0x00000000,0,0,1,0,1
present,3149,104935661,0x00000000,0,0,0,0x00000000,0x00000000,0,0,1,0,1
present,3150,104970692,0x00000000,0,0,0,0x00000000,0x00000000,0,0,1,0,1
present,3151,105004656,0x00000000,0,0,0,0x00000000,0x00000000,1,0,1,0,1
present,3152,105037525,0x00000000,0,0,0,0x00000000,0x00000000,1,0,1,0,1
present,3153,105069189,0x00000000,0,0,0,0x00000000,0x00000000,1,0,1,0,1
present,3154,105104316,0x00000000,0,0,0,0x00000000,0x00000000,1,0,1,0,1
present,3155,105137418,0x00000000,0,0,0,0x00000000,0x00000000,1,0,1,0,1
present,3156,105170310,0x00000000,0,0,0,0x00000000,0x00000000,1,0,1,0,1
present,3157,105203685,0x00000000,0,0,0,0x00000000,0x00000000,1,0,1,0,1
present,3158,105236091,0x00000000,0,0,0,0x00000000,0x00000000,1,0,1,0,1
present,3159,105267892,0x00000000,0,0,0,0x00000000,0x00000000,1,0,1,0,1
present,3160,105303904,0x00000000,0,0,0,0x00000000,0x00000000,1,0,1,0,1
present,3161,105336036,0x00000000,0,0,0,0x00000000,0x00000000,1,0,1,0,1
present,3162,105369728,0x00000000,0,0,0,0x00000000,0x00000000,1,0,1,0,1
present,3163,105401881,0x00000000,0,0,0,0x00000000,0x00000000,1,0,1,0,1
present,3164,105437587,0x00000000,0,0,0,0x00000000,0x00000000,1,0,1,0,1
present,3165,105470296,0x00000000,0,0,0,0x00000000,0x00000000,1,0,1,0,1
present,3166,105502350,0x00000000,0,0,0,0x00000000,0x00000000,1,0,1,0,1
present,3167,105537648,0x00000000,0,0,0,0x00000000,0x00000000,1,0,1,0,1
present,3168,105567407,0x00000000,0,0,0,0x00000000,0x00000000,1,0,1,0,1
present,3169,105604506,0x00000000,0,0,0,0x00000000,0x00000000,1,0,1,0,1
present,3170,105633979,0x00000000,0,0,0,0x00000000,0x00000000,1,0,1,0,1
present,3171,105669549,0x00000000,0,0,0,0x00000000,0x00000000,1,0,1,0,1
present,3172,105700626,0x00000000,0,0,0,0x00000000,0x00000000,1,0,1,0,1
present,3173,105733920,0x00000000,0,0,0,0x00000000,0x00000000,1,0,1,0,1
present,3174,105769281,0x00000000,0,0,0,0x00000000,0x00000000,1,0,1,0,1
present,3175,105806617,0x00000000,0,0,0,0x00000000,0x00000000,1,0,1,0,1
present,3176,105837453,0x00000000,0,0,0,0x00000000,0x00000000,1,0,1,0,1
present,3177,105867231,0x00000000,0,0,0,0x00000000,0x00000000,1,0,1,0,1
present,3178,105904085,0x00000000,0,0,0,0x00000000,0x00000000,1,0,1,0,1
present,3179,105936513,0x00000000,0,0,0,0x00000000,0x00000000,1,0,1,0,1
present,3180,105971332,0x00000000,0,0,0,0x00000000,0x00000000,1,0,1,0,1
present,3181,106003673,0x00000000,0,0,0,0x00000000,0x00000000,2,0,1,0,1
present,3182,106036959,0x00000000,0,0,0,0x00000000,0x00000000,2,0,1,0,1
present,3183,106069488,0x00000000,0,0,0,0x00000000,0x00000000,2,0,1,0,1
present,3184,106100597,0x00000000,0,0,0,0x00000000,0x00000000,2,0,1,0,1
present,3185,106134509,0x00000000,0,0,0,0x00000000,0x00000000,2,0,1,0,1
present,3186,106168560,0x00000000,0,0,0,0x00000000,0x00000000,2,0,1,0,1
present,3187,106200632,0x00000000,0,0,0,0x00000000,0x00000000,2,0,1,0,1
present,3188,106234399,0x00000000,0,0,0,0x00000000,0x00000000,2,0,1,0,1
present,3189,106269506,0x00000000,0,0,0,0x00000000,0x00000000,2,0,1,0,1
present,3190,106303565,0x00000000,0,0,0,0x00000000,0x00000000,2,0,1,0,1
present,3191,106334275,0x00000000,0,0,0,0x00000000,0x00000000,2,0,1,0,1
present,3192,106370826,0x00000000,0,0,0,0x00000000,0x00000000,2,0,1,0,1
present,3193,106404674,0x00000000,0,0,0,0x00000000,0x00000000,2,0,1,0,1
present,3194,106434925,0x00000000,0,0,0,0x00000000,0x00000000,2,0,1,0,1
present,3195,106470789,0x00000000,0,0,0,0x00000000,0x00000000,2,0,1,0,1
present,3196,106500764,0x00000000,0,0,0,0x00000000,0x00000000,2,0,1,0,1
present,3197,106537414,0x00000000,0,0,0,0x00000000,0x00000000,2,0,1,0,1
present,3198,106570328,0x00000000,0,0,0,0x00000000,0x00000000,2,0,1,0,1
present,3199,106602262,0x00000000,0,0,0,0x00000000,0x00000000,2,0,1,0,1
present,3200,106637309,0x00000000,0,0,0,0x00000000,0x00000000,2,0,1,0,1
present,3201,106670122,0x00000000,0,0,0,0x00000000,0x00000000,2,0,1,0,1
present,3202,106700620,0x00000000,0,0,0,0x00000000,0x00000000,2,0,1,0,1
present,3203,106734455,0x00000000,0,0,0,0x00000000,0x00000000,2,0,1,0,1
present,3204,106768757,0x00000000,0,0,0,0x00000000,0x00000000,2,0,1,0,1
present,3205,106811798,0x00000000,0,0,0,0x00000000,0x00000000,2,0,1,0,1
present,3206,106835907,0x00000000,0,0,0,0x00000000,0x00000000,2,0,1,0,1
present,3207,106870942,0x00000000,0,0,0,0x00000000,0x00000000,2,0,1,0,1
present,3208,106903818,0x00000000,0,0,0,0x00000000,0x00000000,2,0,1,0,1
present,3209,106937653,0x00000000,0,0,0,0x00000000,0x00000000,2,0,1,0,1
present,3210,106967424,0x00000000,0,0,0,0x00000000,0x00000000,2,0,1,0,1
present,3211,107000576,0x00000000,0,0,0,0x00000000,0x00000000,3,0,1,0,1
present,3212,107036083,0x00000000,0,0,0,0x00000000,0x00000000,3,0,1,0,1
present,3213,107070389,0x00000000,0,0,0,0x00000000,0x00000000,3,0,1,0,1
present,3214,107104331,0x00000000,0,0,0,0x00000000,0x00000000,3,0,1,0,1
present,3215,107134169,0x00000000,0,0,0,0x00000000,0x00000000,3,0,1,0,1
present,3216,107171158,0x00000000,0,0,0,0x00000000,0x00000000,3,0,1,0,1
present,3217,107202696,0x00000000,0,0,0,0x00000000,0x00000000,3,0,1,0,1
present,3218,107237620,0x00000000,0,0,0,0x00000000,0x00000000,3,0,1,0,1
present,3219,107270932,0x00000000,0,0,0,0x00000000,0x00000000,3,0,1,0,1
present,3220,107303000,0x00000000,0,0,0,0x00000000,0x00000000,3,0,1,0,1
present,3221,107338016,0x00000000,0,0,0,0x00000000,0x00000000,3,0,1,0,1
present,3222,107370594,0x00000000,0,0,0,0x00000000,0x00000000,3,0,1,0,1
present,3223,107404354,0x00000000,0,0,0,0x00000000,0x00000000,3,0,1,0,1
present,3224,107437217,0x00000000,0,0,0,0x00000000,0x00000000,3,0,1,0,1
present,3225,107467304,0x00000000,0,0,0,0x00000000,0x00000000,3,0,1,0,1
present,3226,107500886,0x00000000,0,0,0,0x00000000,0x00000000,3,0,1,0,1
present,3227,107537910,0x00000000,0,0,0,0x00000000,0x00000000,3,0,1,0,1
present,3228,107569427,0x00000000,0,0,0,0x00000000,0x00000000,3,0,1,0,1
present,3229,107603745,0x00000000,0,0,0,0x00000000,0x00000000,3,0,1,0,1
present,3230,107637961,0x00000000,0,0,0,0x00000000,0x00000000,3,0,1,0,1
present,3231,107667527,0x00000000,0,0,0,0x00000000,0x00000000,3,0,1,0,1
present,3232,107700647,0x00000000,0,0,0,0x00000000,0x00000000,3,0,1,0,1
present,3233,107737883,0x00000000,0,0,0,0x00000000,0x00000000,3,0,1,0,1
present,3234,107769604,0x00000000,0,0,0,0x00000000,0x00000000,3,0,1,0,1
present,3235,107813170,0x00000000,0,0,0,0x00000000,0x00000000,3,0,1,0,1
present,3236,107837153,0x00000000,0,0,0,0x00000000,0x00000000,3,0,1,0,1
present,3237,107867505,0x00000000,0,0,0,0x00000000,0x00000000,3,0,1,0,1
present,3238,107904035,0x00000000,0,0,0,0x00000000,0x00000000,3,0,1,0,1
present,3239,107937628,0x00000000,0,0,0,0x00000000,0x00000000,3,0,1,0,1
present,3240,107967998,0x00000000,0,0,0,0x00000000,0x00000000,3,0,1,0,1
present,3241,108003807,0x00000000,0,0,0,0x00000000,0x00000000,0,0,1,0,1
present,3242,108037717,0x00000000,0,0,0,0x00000000,0x00000000,0,0,1,0,1
present,3243,108071133,0x00000000,0,0,0,0x00000000,0x00000000,0,0,1,0,1
present,3244,108100733,0x00000000,0,0,0,0x00000000,0x00000000,0,0,1,0,1
present,3245,108137951,0x00000000,0,0,0,0x00000000,0x00000000,0,0,1,0,1
present,3246,108167574,0x00000000,0,0,0,0x00000000,0x00000000,0,0,1,0,1
present,3247,108204613,0x00000000,0,0,0,0x00000000,0x00000000,0,0,1,0,1
present,3248,108234177,0x00000000,0,0,0,0x00000000,0x00000000,0,0,1,0,1
present,3249,108270191,0x00000000,0,0,0,0x00000000,0x00000000,0,0,1,0,1
present,3250,108303896,0x00000000,0,0,0,0x00000000,0x00000000,0,0,1,0,1
present,3251,108337950,0x00000000,0,0,0,0x00000000,0x00000000,0,0,1,0,1
present,3252,108368926,0x00000000,0,0,0,0x00000000,0x00000000,0,0,1,0,1
present,3253,108403602,0x00000000,0,0,0,0x00000000,0x00000000,0,0,1,0,1
present,3254,108437452,0x00000000,0,0,0,0x00000000,0x00000000,0,0,1,0,1
present,3255,108467876,0x00000000,0,0,0,0x00000000,0x00000000,0,0,1,0,1
present,3256,108503852,0x00000000,0,0,0,0x00000000,0x00000000,0,0,1,0,1
present,3257,108537842,0x00000000,0,0,0,0x00000000,0x00000000,0,0,1,0,1
present,3258,108568999,0x00000000,0,0,0,0x00000000,0x00000000,0,0,1,0,1
present,3259,108600536,0x00000000,0,0,0,0x00000000,0x00000000,0,0,1,0,1
present,3260,108637574,0x00000000,0,0,0,0x00000000,0x00000000,0,0,1,0,1
present,3261,108669264,0x00000000,0,0,0,0x00000000,0x00000000,0,0,1,0,1
present,3262,108701667,0x00000000,0,0,0,0x00000000,0x00000000,0,0,1,0,1
present,3263,108734107,0x00000000,0,0,0,0x00000000,0x00000000,0,0,1,0,1
present,3264,108767537,0x00000000,0,0,0,0x00000000,0x00000000,0,0,1,0,1
present,3265,108805398,0x00000000,0,0,0,0x00000000,0x00000000,0,0,1,0,1
present,3266,108836306,0x00000000,0,0,0,0x00000000,0x00000000,0,0,1,0,1
present,3267,108870693,0x00000000,0,0,0,0x00000000,0x00000000,0,0,1,0,1
present,3268,108904443,0x00000000,0,0,0,0x00000000,0x00000000,0,0,1,0,1
present,3269,108937006,0x00000000,0,0,0,0x00000000,0x00000000,0,0,1,0,1
present,3270,108970749,0x00000000,0,0,0,0x00000000,0x00000000,0,0,1,0,1
present,3271,109002721,0x00000000,0,0,0,0x00000000,0x00000000,1,0,1,0,1
present,3272,109037449,0x00000000,0,0,0,0x00000000,0x00000000,1,0,1,0,1
present,3273,109067116,0x00000000,0,0,0,0x00000000,0x00000000,1,0,1,0,1
present,3274,109102400,0x00000000,0,0,0,0x00000000,0x00000000,1,0,1,0,1
present,3275,109133780,0x00000000,0,0,0,0x00000000,0x00000000,1,0,1,0,1
present,3276,109169767,0x00000000,0,0,0,0x00000000,0x00000000,1,0,1,0,1
present,3277,109201614,0x00000000,0,0,0,0x00000000,0x00000000,1,0,1,0,1
present,3278,109234080,0x00000000,0,0,0,0x00000000,0x00000000,1,0,1,0,1
present,3279,109269337,0x00000000,0,0,0,0x00000000,0x00000000,1,0,1,0,1
present,3280,109301595,0x00000000,0,0,0,0x00000000,0x00000000,1,0,1,0,1
present,3281,109335802,0x00000000,0,0,0,0x00000000,0x00000000,1,0,1,0,1
present,3282,109369226,0x00000000,0,0,0,0x00000000,0x00000000,1,0,1,0,1
present,3283,109402720,0x00000000,0,0,0,0x00000000,0x00000000,1,0,1,0,1
present,3284,109436020,0x00000000,0,0,0,0x00000000,0x00000000,1,0,1,0,1
present,3285,109470903,0x00000000,0,0,0,0x00000000,0x00000000,1,0,1,0,1
present,3286,109500594,0x00000000,0,0,0,0x00000000,0x00000000,1,0,1,0,1
present,3287,109534146,0x00000000,0,0,0,0x00000000,0x00000000,1,0,1,0,1
present,3288,109567741,0x00000000,0,0,0,0x00000000,0x00000000,1,0,1,0,1
present,3289,109601188,0x00000000,0,0,0,0x00000000,0x00000000,1,0,1,0,1
present,3290,109637520,0x00000000,0,0,0,0x00000000,0x00000000,1,0,1,0,1
present,3291,109670401,0x00000000,0,0,0,0x00000000,0x00000000,1,0,1,0,1
present,3292,109702390,0x00000000,0,0,0,0x00000000,0x00000000,1,0,1,0,1
present,3293,109737674,0x00000000,0,0,0,0x00000000,0x00000000,1,0,1,0,1
present,3294,109769118,0x00000000,0,0,0,0x00000000,0x00000000,1,0,1,0,1
present,3295,109804411,0x00000000,0,0,0,0x00000000,0x00000000,1,0,1,0,1
present,3296,109837494,0x00000000,0,0,0,0x00000000,0x00000000,1,0,1,0,1
present,3297,109871024,0x00000000,0,0,0,0x00000000,0x00000000,1,0,1,0,1
present,3298,109903801,0x00000000,0,0,0,0x00000000,0x00000000,1,0,1,0,1
present,3299,109937849,0x00000000,0,0,0,0x00000000,0x00000000,1,0,1,0,1
present,3300,109968149,0x00000000,0,0,0,0x00000000,0x00000000,1,0,1,0,1
present,3301,110003588,0x00000000,0,0,0,0x00000000,0x00000000,2,0,1,0,1
present,3302,110037418,0x00000000,0,0,0,0x00000000,0x00000000,2,0,1,0,1
present,3303,110067505,0x00000000,0,0,0,0x00000000,0x00000000,2,0,1,0,1
present,3304,110100637,0x00000000,0,0,0,0x00000000,0x00000000,2,0,1,0,1
present,3305,110136324,0x00000000,0,0,0,0x00000000,0x00000000,2,0,1,0,1
present,3306,110167476,0x00000000,0,0,0,0x00000000,0x00000000,2,0,1,0,1
present,3307,110203430,0x00000000,0,0,0,0x00000000,0x00000000,2,0,1,0,1
present,3308,110235804,0x00000000,0,0,0,0x00000000,0x00000000,2,0,1,0,1
present,3309,110267328,0x00000000,0,0,0,0x00000000,0x00000000,2,0,1,0,1
present,3310,110304254,0x00000000,0,0,0,0x00000000,0x00000000,2,0,1,0,1
present,3311,110335514,0x00000000,0,0,0,0x00000000,0x00000000,2,0,1,0,1
present,3312,110370910,0x00000000,0,0,0,0x00000000,0x00000000,2,0,1,0,1
present,3313,110400598,0x00000000,0,0,0,0x00000000,0x00000000,2,0,1,0,1
present,3314,110436828,0x00000000,0,0,0,0x00000000,0x00000000,2,0,1,0,1
present,3315,110470397,0x00000000,0,0,0,0x00000000,0x00000000,2,0,1,0,1
present,3316,110501502,0x00000000,0,0,0,0x00000000,0x00000000,2,0,1,0,1
present,3317,110537185,0x00000000,0,0,0,0x00000000,0x00000000,2,0,1,0,1
present,3318,110568740,0x00000000,0,0,0,0x00000000,0x00000000,2,0,1,0,1
present,3319,110600907,0x00000000,0,0,0,0x00000000,0x00000000,2,0,1,0,1
present,3320,110637934,0x00000000,0,0,0,0x00000000,0x00000000,2,0,1,0,1
present,3321,110668935,0x00000000,0,0,0,0x00000000,0x00000000,2,0,1,0,1
present,3322,110703841,0x00000000,0,0,0,0x00000000,0x00000000,2,0,1,0,1
present,3323,110737741,0x00000000,0,0,0,0x00000000,0x00000000,2,0,1,0,1
present,3324,110770533,0x00000000,0,0,0,0x00000000,0x00000000,2,0,1,0,1
present,3325,110810959,0x00000000,0,0,0,0x00000000,0x00000000,2,0,1,0,1
present,3326,110834888,0x00000000,0,0,0,0x00000000,0x00000000,2,0,1,0,1
present,3327,110870828,0x00000000,0,0,0,0x00000000,0x00000000,2,0,1,0,1
present,3328,110903693,0x00000000,0,0,0,0x00000000,0x00000000,2,0,1,0,1
present,3329,110937846,0x00000000,0,0,0,0x00000000,0x00000000,2,0,1,0,1
present,3330,110969784,0x00000000,0,0,0,0x00000000,0x00000000,2,0,1,0,1
present,3331,111000830,0x00000000,0,0,0,0x00000000,0x00000000,3,0,1,0,1
present,3332,111036364,0x00000000,0,0,0,0x00000000,0x00000000,3,0,1,0,1
present,3333,111067393,0x00000000,0,0,0,0x00000000,0x00000000,3,0,1,0,1
present,3334,111104709,0x00000000,0,0,0,0x00000000,0x00000000,3,0,1,0,1
present,3335,111135842,0x00000000,0,0,0,0x00000000,0x00000000,3,0,1,0,1
present,3336,111170828,0x00000000,0,0,0,0x00000000,0x00000000,3,0,1,0,1
present,3337,111200771,0x00000000,0,0,0,0x00000000,0x00000000,3,0,1,0,1
present,3338,111237957,0x00000000,0,0,0,0x00000000,0x00000000,3,0,1,0,1
present,3339,111270218,0x00000000,0,0,0,0x00000000,0x00000000,3,0,1,0,1
present,3340,111304140,0x00000000,0,0,0,0x00000000,0x00000000,3,0,1,0,1
present,3341,111337052,0x00000000,0,0,0,0x00000000,0x00000000,3,0,1,0,1
present,3342,111370991,0x00000000,0,0,0,0x00000000,0x00000000,3,0,1,0,1
present,3343,111403883,0x00000000,0,0,0,0x00000000,0x00000000,3,0,1,0,1
present,3344,111434604,0x00000000,0,0,0,0x00000000,0x00000000,3,0,1,0,1
present,3345,111467851,0x00000000,0,0,0,0x00000000,0x00000000,3,0,1,0,1
present,3346,111503941,0x00000000,0,0,0,0x00000000,0x00000000,3,0,1,0,1
present,3347,111534310,0x00000000,0,0,0,0x00000000,0x00000000,3,0,1,0,1
present,3348,111570279,0x00000000,0,0,0,0x00000000,0x00000000,3,0,1,0,1
present,3349,111604134,0x00000000,0,0,0,0x00000000,0x00000000,3,0,1,0,1
present,3350,111633956,0x00000000,0,0,0,0x00000000,0x00000000,3,0,1,0,1
present,3351,111668173,0x00000000,0,0,0,0x00000000,0x00000000,3,0,1,0,1
present,3352,111702911,0x00000000,0,0,0,0x00000000,0x00000000,3,0,1,0,1
present,3353,111734598,0x00000000,0,0,0,0x00000000,0x00000000,3,0,1,0,1
present,3354,111769707,0x00000000,0,0,0,0x00000000,0x00000000,3,0,1,0,1
present,3355,111814687,0x00000000,0,0,0,0x00000000,0x00000000,3,0,1,0,1
present,3356,111835005,0x00000000,0,0,0,0x00000000,0x00000000,3,0,1,0,1
present,3357,111870950,0x00000000,0,0,0,0x00000000,0x00000000,3,0,1,0,1
present,3358,111903885,0x00000000,0,0,0,0x00000000,0x00000000,3,0,1,0,1
present,3359,111937984,0x00000000,0,0,0,0x00000000,0x00000000,3,0,1,0,1
present,3360,111969722,0x00000000,0,0,0,0x00000000,0x00000000,3,0,1,0,1
present,3361,112002260,0x00000000,0,0,0,0x00000000,0x00000000,0,0,1,0,1
present,3362,112037383,0x00000000,0,0,0,0x00000000,0x00000000,0,0,1,0,1
present,3363,112069102,0x00000000,0,0,0,0x00000000,0x00000000,0,0,1,0,1
present,3364,112102276,0x00000000,0,0,0,0x00000000,0x00000000,0,0,1,0,1
present,3365,112137373,0x00000000,0,0,0,0x00000000,0x00000000,0,0,1,0,1
present,3366,112169111,0x00000000,0,0,0,0x00000000,0x00000000,0,0,1,0,1
present,3367,112202127,0x00000000,0,0,0,0x00000000,0x00000000,0,0,1,0,1
present,3368,112234185,0x00000000,0,0,0,0x00000000,0x00000000,0,0,1,0,1
present,3369,112271118,0x00000000,0,0,0,0x00000000,0x00000000,0,0,1,0,1
present,3370,112300750,0x00000000,0,0,0,0x00000000,0x00000000,0,0,1,0,1
present,3371,112334004,0x00000000,0,0,0,0x00000000,0x00000000,0,0,1,0,1
present,3372,112371512,0x00000000,0,0,0,0x00000000,0x00000000,0,0,1,0,1
present,3373,112401038,0x00000000,0,0,0,0x00000000,0x00000000,0,0,1,0,1
present,3374,112435894,0x00000000,0,0,0,0x00000000,0x00000000,0,0,1,0,1
present,3375,112467737,0x00000000,0,0,0,0x00000000,0x00000000,0,0,1,0,1
present,3376,112503322,0x00000000,0,0,0,0x00000000,0x00000000,0,0,1,0,1
present,3377,112536729,0x00000000,0,0,0,0x00000000,0x00000000,0,0,1,0,1
present,3378,112569946,0x00000000,0,0,0,0x00000000,0x00000000,0,0,1,0,1
present,3379,112603165,0x00000000,0,0,0,0x00000000,0x00000000,0,0,1,0,1
present,3380,112637386,0x00000000,0,0,0,0x00000000,0x00000000,0,0,1,0,1
present,3381,112670977,0x00000000,0,0,0,0x00000000,0x00000000,0,0,1,0,1
present,3382,112702965,0x00000000,0,0,0,0x00000000,0x00000000,0,0,1,0,1
present,3383,112738712,0x00000000,0,0,0,0x00000000,0x00000000,0,0,1,0,1
present,3384,112770547,0x00000000,0,0,0,0x00000000,0x00000000,0,0,1,0,1
present,3385,112808596,0x00000000,0,0,0,0x00000000,0x00000000,0,0,1,0,1
present,3386,112833980,0x00000000,0,0,0,0x00000000,0x00000000,0,0,1,0,1
present,3387,112870507,0x00000000,0,0,0,0x00000000,0x00000000,0,0,1,0,1
present,3388,112901401,0x00000000,0,0,0,0x00000000,0x00000000,0,0,1,0,1
present,3389,112936914,0x00000000,0,0,0,0x00000000,0x00000000,0,0,1,0,1
present,3390,112971006,0x00000000,0,0,0,0x00000000,0x00000000,0,0,1,0,1
present,3391,113003992,0x00000000,0,0,0,0x00000000,0x00000000,1,0,1,0,1
present,3392,113037191,0x00000000,0,0,0,0x00000000,0x00000000,1,0,1,0,1
present,3393,113071306,0x00000000,0,0,0,0x00000000,0x00000000,1,0,1,0,1
present,3394,113104210,0x00000000,0,0,0,0x00000000,0x00000000,1,0,1,0,1
present,3395,113134190,0x00000000,0,0,0,0x00000000,0x00000000,1,0,1,0,1
present,3396,113171356,0x00000000,0,0,0,0x00000000,0x00000000,1,0,1,0,1
present,3397,113200527,0x00000000,0,0,0,0x00000000,0x00000000,1,0,1,0,1
present,3398,113236832,0x00000000,0,0,0,0x00000000,0x00000000,1,0,1,0,1
present,3399,113267498,0x00000000,0,0,0,0x00000000,0x00000000,1,0,1,0,1
present,3400,113300646,0x00000000,0,0,0,0x00000000,0x00000000,1,0,1,0,1
present,3401,113337028,0x00000000,0,0,0,0x00000000,0x00000000,1,0,1,0,1
present,3402,113369342,0x00000000,0,0,0,0x00000000,0x00000000,1,0,1,0,1
present,3403,113401832,0x00000000,0,0,0,0x00000000,0x00000000,1,0,1,0,1
present,3404,113437942,0x00000000,0,0,0,0x00000000,0x00000000,1,0,1,0,1
present,3405,113469739,0x00000000,0,0,0,0x00000000,0x00000000,1,0,1,0,1
present,3406,113502533,0x00000000,0,0,0,0x00000000,0x00000000,1,0,1,0,1
present,3407,113536158,0x00000000,0,0,0,0x00000000,0x00000000,1,0,1,0,1
present,3408,113567479,0x00000000,0,0,0,0x00000000,0x00000000,1,0,1,0,1
present,3409,113604488,0x00000000,0,0,0,0x00000000,0x00000000,1,0,1,0,1
present,3410,113637542,0x00000000,0,0,0,0x00000000,0x00000000,1,0,1,0,1
present,3411,113670577,0x00000000,0,0,0,0x00000000,0x00000000,1,0,1,0,1
present,3412,113704723,0x00000000,0,0,0,0x00000000,0x00000000,1,0,1,0,1
present,3413,113736962,0x00000000,0,0,0,0x00000000,0x00000000,1,0,1,0,1
present,3414,113770209,0x00000000,0,0,0,0x00000000,0x00000000,1,0,1,0,1
present,3415,113814205,0x00000000,0,0,0,0x00000000,0x00000000,1,0,1,0,1
present,3416,113833652,0x00000000,0,0,0,0x00000000,0x00000000,1,0,1,0,1
present,3417,113870483,0x00000000,0,0,0,0x00000000,0x00000000,1,0,1,0,1
present,3418,113900954,0x00000000,0,0,0,0x00000000,0x00000000,1,0,1,0,1
present,3419,113935787,0x00000000,0,0,0,0x00000000,0x00000000,1,0,1,0,1
present,3420,113970619,0x00000000,0,0,0,0x00000000,0x00000000,1,0,1,0,1
present,3421,114001204,0x00000000,0,0,0,0x00000000,0x00000000,2,0,1,0,1
present,3422,114036018,0x00000000,0,0,0,0x00000000,0x00000000,2,0,1,0,1
present,3423,114067754,0x00000000,0,0,0,0x00000000,0x00000000,2,0,1,0,1
present,3424,114100212,0x00000000,0,0,0,0x00000000,0x00000000,2,0,1,0,1
present,3425,114137073,0x00000000,0,0,0,0x00000000,0x00000000,2,0,1,0,1
present,3426,114170446,0x00000000,0,0,0,0x00000000,0x00000000,2,0,1,0,1
present,3427,114204181,0x00000000,0,0,0,0x00000000,0x00000000,2,0,1,0,1
present,3428,114234617,0x00000000,0,0,0,0x00000000,0x00000000,2,0,1,0,1
present,3429,114270405,0x00000000,0,0,0,0x00000000,0x00000000,2,0,1,0,1
present,3430,114304262,0x00000000,0,0,0,0x00000000,0x00000000,2,0,1,0,1
present,3431,114337011,0x00000000,0,0,0,0x00000000,0x00000000,2,0,1,0,1
present,3432,114368379,0x00000000,0,0,0,0x00000000,0x00000000,2,0,1,0,1
present,3433,114404160,0x00000000,0,0,0,0x00000000,0x00000000,2,0,1,0,1
present,3434,114434375,0x00000000,0,0,0,0x00000000,0x00000000,2,0,1,0,1
present,3435,114467336,0x00000000,0,0,0,0x00000000,0x00000000,2,0,1,0,1
present,3436,114504355,0x00000000,0,0,0,0x00000000,0x00000000,2,0,1,0,1
present,3437,114536518,0x00000000,0,0,0,0x00000000,0x00000000,2,0,1,0,1
present,3438,114570782,0x00000000,0,0,0,0x00000000,0x00000000,2,0,1,0,1
present,3439,114601031,0x00000000,0,0,0,0x00000000,0x00000000,2,0,1,0,1
present,3440,114637887,0x00000000,0,0,0,0x00000000,0x00000000,2,0,1,0,1
present,3441,114669412,0x00000000,0,0,0,0x00000000,0x00000000,2,0,1,0,1
present,3442,114700616,0x00000000,0,0,0,0x00000000,0x00000000,2,0,1,0,1
present,3443,114736117,0x00000000,0,0,0,0x00000000,0x00000000,2,0,1,0,1
present,3444,114767486,0x00000000,0,0,0,0x00000000,0x00000000,2,0,1,0,1
present,3445,114812272,0x00000000,0,0,0,0x00000000,0x00000000,2,0,1,0,1
present,3446,114836967,0x00000000,0,0,0,0x00000000,0x00000000,2,0,1,0,1
present,3447,114870794,0x00000000,0,0,0,0x00000000,0x00000000,2,0,1,0,1
present,3448,114900637,0x00000000,0,0,0,0x00000000,0x00000000,2,0,1,0,1
present,3449,114936089,0x00000000,0,0,0,0x00000000,0x00000000,2,0,1,0,1
present,3450,114970890,0x00000000,0,0,0,0x00000000,0x00000000,2,0,1,0,1
present,3451,115000861,0x00000000,0,0,0,0x00000000,0x00000000,3,0,1,0,1
present,3452,115034423,0x00000000,0,0,0,0x00000000,0x00000000,3,0,1,0,1
present,3453,115070738,0x00000000,0,0,0,0x00000000,0x00000000,3,0,1,0,1
present,3454,115102820,0x00000000,0,0,0,0x00000000,0x00000000,3,0,1,0,1
present,3455,115137116,0x00000000,0,0,0,0x00000000,0x00000000,3,0,1,0,1
present,3456,115171099,0x00000000,0,0,0,0x00000000,0x00000000,3,0,1,0,1
present,3457,115200827,0x00000000,0,0,0,0x00000000,0x00000000,3,0,1,0,1
present,3458,115236112,0x00000000,0,0,0,0x00000000,0x00000000,3,0,1,0,1
present,3459,115268436,0x00000000,0,0,0,0x00000000,0x00000000,3,0,1,0,1
present,3460,115304302,0x00000000,0,0,0,0x00000000,0x00000000,3,0,1,0,1
present,3461,115337367,0x00000000,0,0,0,0x00000000,0x00000000,3,0,1,0,1
present,3462,115368342,0x00000000,0,0,0,0x00000000,0x00000000,3,0,1,0,1
present,3463,115404482,0x00000000,0,0,0,0x00000000,0x00000000,3,0,1,0,1
present,3464,115437401,0x00000000,0,0,0,0x00000000,0x00000000,3,0,1,0,1
present,3465,115470350,0x00000000,0,0,0,0x00000000,0x00000000,3,0,1,0,1
present,3466,115504394,0x00000000,0,0,0,0x00000000,0x00000000,3,0,1,0,1
present,3467,115534246,0x00000000,0,0,0,0x00000000,0x00000000,3,0,1,0,1
present,3468,115569313,0x00000000,0,0,0,0x00000000,0x00000000,3,0,1,0,1
present,3469,115604611,0x00000000,0,0,0,0x00000000,0x00000000,3,0,1,0,1
present,3470,115635832,0x00000000,0,0,0,0x00000000,0x00000000,3,0,1,0,1
present,3471,115669631,0x00000000,0,0,0,0x00000000,0x00000000,3,0,1,0,1
present,3472,115701201,0x00000000,0,0,0,0x00000000,0x00000000,3,0,1,0,1
present,3473,115735820,0x00000000,0,0,0,0x00000000,0x00000000,3,0,1,0,1
present,3474,115767290,0x00000000,0,0,0,0x00000000,0x00000000,3,0,1,0,1
present,3475,115812961,0x00000000,0,0,0,0x00000000,0x00000000,3,0,1,0,1
present,3476,115837342,0x00000000,0,0,0,0x00000000,0x00000000,3,0,1,0,1
present,3477,115870625,0x00000000,0,0,0,0x00000000,0x00000000,3,0,1,0,1
present,3478,115902494,0x00000000,0,0,0,0x00000000,0x00000000,3,0,1,0,1
present,3479,115936264,0x00000000,0,0,0,0x00000000,0x00000000,3,0,1,0,1
present,3480,115971265,0x00000000,0,0,0,0x00000000,0x00000000,3,0,1,0,1
present,3481,116001621,0x00000000,0,0,0,0x00000000,0x00000000,0,0,1,0,1
present,3482,116034170,0x00000000,0,0,0,0x00000000,0x00000000,0,0,1,0,1
present,3483,116068055,0x00000000,0,0,0,0x00000000,0x00000000,0,0,1,0,1
present,3484,116103859,0x00000000,0,0,0,0x00000000,0x00000000,0,0,1,0,1
present,3485,116137945,0x00000000,0,0,0,0x00000000,0x00000000,0,0,1,0,1
present,3486,116169027,0x00000000,0,0,0,0x00000000,0x00000000,0,0,1,0,1
present,3487,116200952,0x00000000,0,0,0,0x00000000,0x00000000,0,0,1,0,1
present,3488,116237557,0x00000000,0,0,0,0x00000000,0x00000000,0,0,1,0,1
present,3489,116268771,0x00000000,0,0,0,0x00000000,0x00000000,0,0,1,0,1
present,3490,116303951,0x00000000,0,0,0,0x00000000,0x00000000,0,0,1,0,1
present,3491,116338029,0x00000000,0,0,0,0x00000000,0x00000000,0,0,1,0,1
present,3492,116370975,0x00000000,0,0,0,0x00000000,0x00000000,0,0,1,0,1
present,3493,116403533,0x00000000,0,0,0,0x00000000,0x00000000,0,0,1,0,1
present,3494,116437524,0x00000000,0,0,0,0x00000000,0x00000000,0,0,1,0,1
present,3495,116467776,0x00000000,0,0,0,0x00000000,0x00000000,0,0,1,0,1
present,3496,116501382,0x00000000,0,0,0,0x00000000,0x00000000,0,0,1,0,1
present,3497,116536143,0x00000000,0,0,0,0x00000000,0x00000000,0,0,1,0,1
present,3498,116570961,0x00000000,0,0,0,0x00000000,0x00000000,0,0,1,0,1
present,3499,116603831,0x00000000,0,0,0,0x00000000,0x00000000,0,0,1,0,1
present,3500,116638018,0x00000000,0,0,0,0x00000000,0x00000000,0,0,1,0,1
present,3501,116670837,0x00000000,0,0,0,0x00000000,0x00000000,0,0,1,0,1
present,3502,116700687,0x00000000,0,0,0,0x00000000,0x00000000,0,0,1,0,1
present,3503,116736066,0x00000000,0,0,0,0x00000000,0x00000000,0,0,1,0,1
present,3504,116768819,0x00000000,0,0,0,0x00000000,0x00000000,0,0,1,0,1
present,3505,116811774,0x00000000,0,0,0,0x00000000,0x00000000,0,0,1,0,1
present,3506,116836434,0x00000000,0,0,0,0x00000000,0x00000000,0,0,1,0,1
present,3507,116870761,0x00000000,0,0,0,0x00000000,0x00000000,0,0,1,0,1
present,3508,116903966,0x00000000,0,0,0,0x00000000,0x00000000,0,0,1,0,1
present,3509,116935825,0x00000000,0,0,0,0x00000000,0x00000000,0,0,1,0,1
present,3510,116967686,0x00000000,0,0,0,0x00000000,0x00000000,0,0,1,0,1
present,3511,117001205,0x00000000,0,0,0,0x00000000,0x00000000,1,0,1,0,1
present,3512,117036223,0x00000000,0,0,0,0x00000000,0x00000000,1,0,1,0,1
present,3513,117068571,0x00000000,0,0,0,0x00000000,0x00000000,1,0,1,0,1
present,3514,117103903,0x00000000,0,0,0,0x00000000,0x00000000,1,0,1,0,1
present,3515,117134032,0x00000000,0,0,0,0x00000000,0x00000000,1,0,1,0,1
present,3516,117167489,0x00000000,0,0,0,0x00000000,0x00000000,1,0,1,0,1
present,3517,117203783,0x00000000,0,0,0,0x00000000,0x00000000,1,0,1,0,1
present,3518,117234439,0x00000000,0,0,0,0x00000000,0x00000000,1,0,1,0,1
present,3519,117270598,0x00000000,0,0,0,0x00000000,0x00000000,1,0,1,0,1
present,3520,117304683,0x00000000,0,0,0,0x00000000,0x00000000,1,0,1,0,1
present,3521,117337672,0x00000000,0,0,0,0x00000000,0x00000000,1,0,1,0,1
present,3522,117369316,0x00000000,0,0,0,0x00000000,0x00000000,1,0,1,0,1
present,3523,117404221,0x00000000,0,0,0,0x00000000,0x00000000,1,0,1,0,1
present,3524,117434689,0x00000000,0,0,0,0x00000000,0x00000000,1,0,1,0,1
present,3525,117468971,0x00000000,0,0,0,0x00000000,0x00000000,1,0,1,0,1
present,3526,117500963,0x00000000,0,0,0,0x00000000,0x00000000,1,0,1,0,1
present,3527,117534285,0x00000000,0,0,0,0x00000000,0x00000000,1,0,1,0,1
present,3528,117570676,0x00000000,0,0,0,0x00000000,0x00000000,1,0,1,0,1
present,3529,117601362,0x00000000,0,0,0,0x00000000,0x00000000,1,0,1,0,1
present,3530,117635763,0x00000000,0,0,0,0x00000000,0x00000000,1,0,1,0,1
present,3531,117667684,0x00000000,0,0,0,0x00000000,0x00000000,1,0,1,0,1
present,3532,117700831,0x00000000,0,0,0,0x00000000,0x00000000,1,0,1,0,1
present,3533,117734521,0x00000000,0,0,0,0x00000000,0x00000000,1,0,1,0,1
present,3534,117767686,0x00000000,0,0,0,0x00000000,0x00000000,1,0,1,0,1
present,3535,117814225,0x00000000,0,0,0,0x00000000,0x00000000,1,0,1,0,1
present,3536,117835980,0x00000000,0,0,0,0x00000000,0x00000000,1,0,1,0,1
present,3537,117870837,0x00000000,0,0,0,0x00000000,0x00000000,1,0,1,0,1
present,3538,117903634,0x00000000,0,0,0,0x00000000,0x00000000,1,0,1,0,1
present,3539,117934126,0x00000000,0,0,0,0x00000000,0x00000000,1,0,1,0,1
present,3540,117969665,0x00000000,0,0,0,0x00000000,0x00000000,1,0,1,0,1
present,3541,118003611,0x00000000,0,0,0,0x00000000,0x00000000,2,0,1,0,1
present,3542,118035909,0x00000000,0,0,0,0x00000000,0x00000000,2,0,1,0,1
present,3543,118067796,0x00000000,0,0,0,0x00000000,0x00000000,2,0,1,0,1
present,3544,118102196,0x00000000,0,0,0,0x00000000,0x00000000,2,0,1,0,1
present,3545,118137173,0x00000000,0,0,0,0x00000000,0x00000000,2,0,1,0,1
present,3546,118166887,0x00000000,0,0,0,0x00000000,0x00000000,2,0,1,0,1
present,3547,118203772,0x00000000,0,0,0,0x00000000,0x00000000,2,0,1,0,1
present,3548,118237222,0x00000000,0,0,0,0x00000000,0x00000000,2,0,1,0,1
present,3549,118270572,0x00000000,0,0,0,0x00000000,0x00000000,2,0,1,0,1
present,3550,118304764,0x00000000,0,0,0,0x00000000,0x00000000,2,0,1,0,1
present,3551,118333846,0x00000000,0,0,0,0x00000000,0x00000000,2,0,1,0,1
present,3552,118370149,0x00000000,0,0,0,0x00000000,0x00000000,2,0,1,0,1
present,3553,118403909,0x00000000,0,0,0,0x00000000,0x00000000,2,0,1,0,1
present,3554,118437780,0x00000000,0,0,0,0x00000000,0x00000000,2,0,1,0,1
present,3555,118466811,0x00000000,0,0,0,0x00000000,0x00000000,2,0,1,0,1
present,3556,118503279,0x00000000,0,0,0,0x00000000,0x00000000,2,0,1,0,1
present,3557,118533498,0x00000000,0,0,0,0x00000000,0x00000000,2,0,1,0,1
present,3558,118571271,0x00000000,0,0,0,0x00000000,0x00000000,2,0,1,0,1
present,3559,118600667,0x00000000,0,0,0,0x00000000,0x00000000,2,0,1,0,1
present,3560,118637618,0x00000000,0,0,0,0x00000000,0x00000000,2,0,1,0,1
present,3561,118666791,0x00000000,0,0,0,0x00000000,0x00000000,2,0,1,0,1
present,3562,118704584,0x00000000,0,0,0,0x00000000,0x00000000,2,0,1,0,1
present,3563,118734067,0x00000000,0,0,0,0x00000000,0x00000000,2,0,1,0,1
present,3564,118769958,0x00000000,0,0,0,0x00000000,0x00000000,2,0,1,0,1
present,3565,118806774,0x00000000,0,0,0,0x00000000,0x00000000,2,0,1,0,1
present,3566,118837290,0x00000000,0,0,0,0x00000000,0x00000000,2,0,1,0,1
present,3567,118869097,0x00000000,0,0,0,0x00000000,0x00000000,2,0,1,0,1
present,3568,118900252,0x00000000,0,0,0,0x00000000,0x00000000,2,0,1,0,1
present,3569,118937000,0x00000000,0,0,0,0x00000000,0x00000000,2,0,1,0,1
present,3570,118967328,0x00000000,0,0,0,0x00000000,0x00000000,2,0,1,0,1
present,3571,119001761,0x00000000,0,0,0,0x00000000,0x00000000,3,0,1,0,1
present,3572,119037953,0x00000000,0,0,0,0x00000000,0x00000000,3,0,1,0,1
present,3573,119067360,0x00000000,0,0,0,0x00000000,0x00000000,3,0,1,0,1
present,3574,119104458,0x00000000,0,0,0,0x00000000,0x00000000,3,0,1,0,1
present,3575,119134085,0x00000000,0,0,0,0x00000000,0x00000000,3,0,1,0,1
present,3576,119169177,0x00000000,0,0,0,0x00000000,0x00000000,3,0,1,0,1
present,3577,119202092,0x00000000,0,0,0,0x00000000,0x00000000,3,0,1,0,1
present,3578,119237087,0x00000000,0,0,0,0x00000000,0x00000000,3,0,1,0,1
present,3579,119268268,0x00000000,0,0,0,0x00000000,0x00000000,3,0,1,0,1
present,3580,119301484,0x00000000,0,0,0,0x00000000,0x00000000,3,0,1,0,1
present,3581,119337052,0x00000000,0,0,0,0x00000000,0x00000000,3,0,1,0,1
present,3582,119368523,0x00000000,0,0,0,0x00000000,0x00000000,3,0,1,0,1
present,3583,119404349,0x00000000,0,0,0,0x00000000,0x00000000,3,0,1,0,1
present,3584,119435542,0x00000000,0,0,0,0x00000000,0x00000000,3,0,1,0,1
present,3585,119469654,0x00000000,0,0,0,0x00000000,0x00000000,3,0,1,0,1
present,3586,119502989,0x00000000,0,0,0,0x00000000,0x00000000,3,0,1,0,1
present,3587,119537027,0x00000000,0,0,0,0x00000000,0x00000000,3,0,1,0,1
present,3588,119571037,0x00000000,0,0,0,0x00000000,0x00000000,3,0,1,0,1
present,3589,119600848,0x00000000,0,0,0,0x00000000,0x00000000,3,0,1,0,1
present,3590,119637400,0x00000000,0,0,0,0x00000000,0x00000000,3,0,1,0,1
present,3591,119668256,0x00000000,0,0,0,0x00000000,0x00000000,3,0,1,0,1
present,3592,119704366,0x00000000,0,0,0,0x00000000,0x00000000,3,0,1,0,1
present,3593,119733936,0x00000000,0,0,0,0x00000000,0x00000000,3,0,1,0,1
present,3594,119769517,0x00000000,0,0,0,0x00000000,0x00000000,3,0,1,0,1
present,3595,119814010,0x00000000,0,0,0,0x00000000,0x00000000,3,0,1,0,1
present,3596,119837307,0x00000000,0,0,0,0x00000000,0x00000000,3,0,1,0,1
present,3597,119870716,0x00000000,0,0,0,0x00000000,0x00000000,3,0,1,0,1
present,3598,119902917,0x00000000,0,0,0,0x00000000,0x00000000,3,0,1,0,1
present,3599,119936027,0x00000000,0,0,0,0x00000000,0x00000000,3,0,1,0,1
present,3600,119968070,0x00000000,0,0,0,0x00000000,0x00000000,3,0,1,0,1
present,3601,120004921,0x00000000,0,0,0,0x00000000,0x00000000,0,0,1,0,1
present,3602,120036826,0x00000000,0,0,0,0x00000000,0x00000000,0,0,1,0,1
present,3603,120067462,0x00000000,0,0,0,0x00000000,0x00000000,0,0,1,0,1
present,3604,120102217,0x00000000,0,0,0,0x00000000,0x00000000,0,0,1,0,1
present,3605,120137190,0x00000000,0,0,0,0x00000000,0x00000000,0,0,1,0,1
present,3606,120171210,0x00000000,0,0,0,0x00000000,0x00000000,0,0,1,0,1
present,3607,120201391,0x00000000,0,0,0,0x00000000,0x00000000,0,0,1,0,1
present,3608,120235801,0x00000000,0,0,0,0x00000000,0x00000000,0,0,1,0,1
present,3609,120270907,0x00000000,0,0,0,0x00000000,0x00000000,0,0,1,0,1
present,3610,120302781,0x00000000,0,0,0,0x00000000,0x00000000,0,0,1,0,1
present,3611,120337905,0x00000000,0,0,0,0x00000000,0x00000000,0,0,1,0,1
present,3612,120369449,0x00000000,0,0,0,0x00000000,0x00000000,0,0,1,0,1
present,3613,120402480,0x00000000,0,0,0,0x00000000,0x00000000,0,0,1,0,1
present,3614,120434192,0x00000000,0,0,0,0x00000000,0x00000000,0,0,1,0,1
present,3615,120468829,0x00000000,0,0,0,0x00000000,0x00000000,0,0,1,0,1
present,3616,120503481,0x00000000,0,0,0,0x00000000,0x00000000,0,0,1,0,1
present,3617,120537938,0x00000000,0,0,0,0x00000000,0x00000000,0,0,1,0,1
present,3618,120567952,0x00000000,0,0,0,0x00000000,0x00000000,0,0,1,0,1
present,3619,120603919,0x00000000,0,0,0,0x00000000,0x00000000,0,0,1,0,1
present,3620,120635985,0x00000000,0,0,0,0x00000000,0x00000000,0,0,1,0,1
present,3621,120671093,0x00000000,0,0,0,0x00000000,0x00000000,0,0,1,0,1
present,3622,120702580,0x00000000,0,0,0,0x00000000,0x00000000,0,0,1,0,1
present,3623,120737984,0x00000000,0,0,0,0x00000000,0x00000000,0,0,1,0,1
present,3624,120767569,0x00000000,0,0,0,0x00000000,0x00000000,0,0,1,0,1
present,3625,120811912,0x00000000,0,0,0,0x00000000,0x00000000,0,0,1,0,1
present,3626,120835364,0x00000000,0,0,0,0x00000000,0x00000000,0,0,1,0,1
present,3627,120868956,0x00000000,0,0,0,0x00000000,0x00000000,0,0,1,0,1
present,3628,120903256,0x00000000,0,0,0,0x00000000,0x00000000,0,0,1,0,1
present,3629,120936932,0x00000000,0,0,0,0x00000000,0x00000000,0,0,1,0,1
present,3630,120969324,0x00000000,0,0,0,0x00000000,0x00000000,0,0,1,0,1
present,3631,121002634,0x00000000,0,0,0,0x00000000,0x00000000,1,0,1,0,1
present,3632,121034802,0x00000000,0,0,0,0x00000000,0x00000000,1,0,1,0,1
present,3633,121067820,0x00000000,0,0,0,0x00000000,0x00000000,1,0,1,0,1
present,3634,121100804,0x00000000,0,0,0,0x00000000,0x00000000,1,0,1,0,1
present,3635,121134836,0x00000000,0,0,0,0x00000000,0x00000000,1,0,1,0,1
present,3636,121171037,0x00000000,0,0,0,0x00000000,0x00000000,1,0,1,0,1
present,3637,121202461,0x00000000,0,0,0,0x00000000,0x00000000,1,0,1,0,1
present,3638,121236224,0x00000000,0,0,0,0x00000000,0x00000000,1,0,1,0,1
present,3639,121268282,0x00000000,0,0,0,0x00000000,0x00000000,1,0,1,0,1
present,3640,121301903,0x00000000,0,0,0,0x00000000,0x00000000,1,0,1,0,1
present,3641,121338024,0x00000000,0,0,0,0x00000000,0x00000000,1,0,1,0,1
present,3642,121368339,0x00000000,0,0,0,0x00000000,0x00000000,1,0,1,0,1
present,3643,121402414,0x00000000,0,0,0,0x00000000,0x00000000,1,0,1,0,1
present,3644,121434044,0x00000000,0,0,0,0x00000000,0x00000000,1,0,1,0,1
present,3645,121471147,0x00000000,0,0,0,0x00000000,0x00000000,1,0,1,0,1
present,3646,121502573,0x00000000,0,0,0,0x00000000,0x00000000,1,0,1,0,1
present,3647,121534817,0x00000000,0,0,0,0x00000000,0x00000000,1,0,1,0,1
present,3648,121571015,0x00000000,0,0,0,0x00000000,0x00000000,1,0,1,0,1
present,3649,121604302,0x00000000,0,0,0,0x00000000,0x00000000,1,0,1,0,1
present,3650,121634358,0x00000000,0,0,0,0x00000000,0x00000000,1,0,1,0,1
present,3651,121667267,0x00000000,0,0,0,0x00000000,0x00000000,1,0,1,0,1
present,3652,121703876,0x00000000,0,0,0,0x00000000,0x00000000,1,0,1,0,1
present,3653,121736942,0x00000000,0,0,0,0x00000000,0x00000000,1,0,1,0,1
present,3654,121770948,0x00000000,0,0,0,0x00000000,0x00000000,1,0,1,0,1
present,3655,121813717,0x00000000,0,0,0,0x00000000,0x00000000,1,0,1,0,1
present,3656,121834437,0x00000000,0,0,0,0x00000000,0x00000000,1,0,1,0,1
present,3657,121867662,0x00000000,0,0,0,0x00000000,0x00000000,1,0,1,0,1
present,3658,121904525,0x00000000,0,0,0,0x00000000,0x00000000,1,0,1,0,1
present,3659,121934178,0x00000000,0,0,0,0x00000000,0x00000000,1,0,1,0,1
present,3660,121970432,0x00000000,0,0,0,0x00000000,0x00000000,1,0,1,0,1
present,3661,122004456,0x00000000,0,0,0,0x00000000,0x00000000,2,0,1,0,1
present,3662,122035853,0x00000000,0,0,0,0x00000000,0x00000000,2,0,1,0,1
present,3663,122069135,0x00000000,0,0,0,0x00000000,0x00000000,2,0,1,0,1
present,3664,122104124,0x00000000,0,0,0,0x00000000,0x00000000,2,0,1,0,1
present,3665,122138043,0x00000000,0,0,0,0x00000000,0x00000000,2,0,1,0,1
present,3666,122170930,0x00000000,0,0,0,0x00000000,0x00000000,2,0,1,0,1
present,3667,122200603,0x00000000,0,0,0,0x00000000,0x00000000,2,0,1,0,1
present,3668,122235046,0x00000000,0,0,0,0x00000000,0x00000000,2,0,1,0,1
present,3669,122271050,0x00000000,0,0,0,0x00000000,0x00000000,2,0,1,0,1
present,3670,122302985,0x00000000,0,0,0,0x00000000,0x00000000,2,0,1,0,1
present,3671,122334183,0x00000000,0,0,0,0x00000000,0x00000000,2,0,1,0,1
present,3672,122370622,0x00000000,0,0,0,0x00000000,0x00000000,2,0,1,0,1
present,3673,122404343,0x00000000,0,0,0,0x00000000,0x00000000,2,0,1,0,1
present,3674,122433907,0x00000000,0,0,0,0x00000000,0x00000000,2,0,1,0,1
present,3675,122471188,0x00000000,0,0,0,0x00000000,0x00000000,2,0,1,0,1
present,3676,122501864,0x00000000,0,0,0,0x00000000,0x00000000,2,0,1,0,1
present,3677,122534123,0x00000000,0,0,0,0x00000000,0x00000000,2,0,1,0,1
present,3678,122569030,0x00000000,0,0,0,0x00000000,0x00000000,2,0,1,0,1
present,3679,122604229,0x00000000,0,0,0,0x00000000,0x00000000,2,0,1,0,1
present,3680,122633507,0x00000000,0,0,0,0x00000000,0x00000000,2,0,1,0,1
present,3681,122670380,0x00000000,0,0,0,0x00000000,0x00000000,2,0,1,0,1
present,3682,122703620,0x00000000,0,0,0,0x00000000,0x00000000,2,0,1,0,1
present,3683,122733974,0x00000000,0,0,0,0x00000000,0x00000000,2,0,1,0,1
present,3684,122767976,0x00000000,0,0,0,0x00000000,0x00000000,2,0,1,0,1
present,3685,122805737,0x00000000,0,0,0,0x00000000,0x00000000,2,0,1,0,1
present,3686,122837085,0x00000000,0,0,0,0x00000000,0x00000000,2,0,1,0,1
present,3687,122870850,0x00000000,0,0,0,0x00000000,0x00000000,2,0,1,0,1
present,3688,122901403,0x00000000,0,0,0,0x00000000,0x00000000,2,0,1,0,1
present,3689,122935266,0x00000000,0,0,0,0x00000000,0x00000000,2,0,1,0,1
present,3690,122971229,0x00000000,0,0,0,0x00000000,0x00000000,2,0,1,0,1
present,3691,123004170,0x00000000,0,0,0,0x00000000,0x00000000,3,0,1,0,1
present,3692,123034874,0x00000000,0,0,0,0x00000000,0x00000000,3,0,1,0,1
present,3693,123070347,0x00000000,0,0,0,0x00000000,0x00000000,3,0,1,0,1
present,3694,123103325,0x00000000,0,0,0,0x00000000,0x00000000,3,0,1,0,1
present,3695,123137737,0x00000000,0,0,0,0x00000000,0x00000000,3,0,1,0,1
present,3696,123169158,0x00000000,0,0,0,0x00000000,0x00000000,3,0,1,0,1
present,3697,123204278,0x00000000,0,0,0,0x00000000,0x00000000,3,0,1,0,1
present,3698,123237455,0x00000000,0,0,0,0x00000000,0x00000000,3,0,1,0,1
present,3699,123268987,0x00000000,0,0,0,0x00000000,0x00000000,3,0,1,0,1
present,3700,123304101,0x00000000,0,0,0,0x00000000,0x00000000,3,0,1,0,1
present,3701,123336586,0x00000000,0,0,0,0x00000000,0x00000000,3,0,1,0,1
present,3702,123368196,0x00000000,0,0,0,0x00000000,0x00000000,3,0,1,0,1
present,3703,123401095,0x00000000,0,0,0,0x00000000,0x00000000,3,0,1,0,1
present,3704,123434258,0x00000000,0,0,0,0x00000000,0x00000000,3,0,1,0,1
present,3705,123470489,0x00000000,0,0,0,0x00000000,0x00000000,3,0,1,0,1
present,3706,123500896,0x00000000,0,0,0,0x00000000,0x00000000,3,0,1,0,1
present,3707,123537935,0x00000000,0,0,0,0x00000000,0x00000000,3,0,1,0,1
present,3708,123569548,0x00000000,0,0,0,0x00000000,0x00000000,3,0,1,0,1
present,3709,123603892,0x00000000,0,0,0,0x00000000,0x00000000,3,0,1,0,1
present,3710,123638099,0x00000000,0,0,0,0x00000000,0x00000000,3,0,1,0,1
present,3711,123667859,0x00000000,0,0,0,0x00000000,0x00000000,3,0,1,0,1
present,3712,123703999,0x00000000,0,0,0,0x00000000,0x00000000,3,0,1,0,1
present,3713,123734161,0x00000000,0,0,0,0x00000000,0x00000000,3,0,1,0,1
present,3714,123771166,0x00000000,0,0,0,0x00000000,0x00000000,3,0,1,0,1
present,3715,123810069,0x00000000,0,0,0,0x00000000,0x00000000,3,0,1,0,1
present,3716,123836537,0x00000000,0,0,0,0x00000000,0x00000000,3,0,1,0,1
present,3717,123871065,0x00000000,0,0,0,0x00000000,0x00000000,3,0,1,0,1
present,3718,123903662,0x00000000,0,0,0,0x00000000,0x00000000,3,0,1,0,1
present,3719,123933922,0x00000000,0,0,0,0x00000000,0x00000000,3,0,1,0,1
present,3720,123969147,0x00000000,0,0,0,0x00000000,0x00000000,3,0,1,0,1
present,3721,124004165,0x00000000,0,0,0,0x00000000,0x00000000,0,0,1,0,1
present,3722,124037126,0x00000000,0,0,0,0x00000000,0x00000000,0,0,1,0,1
present,3723,124068480,0x00000000,0,0,0,0x00000000,0x00000000,0,0,1,0,1
present,3724,124102793,0x00000000,0,0,0,0x00000000,0x00000000,0,0,1,0,1
present,3725,124134702,0x00000000,0,0,0,0x00000000,0x00000000,0,0,1,0,1
present,3726,124166790,0x00000000,0,0,0,0x00000000,0x00000000,0,0,1,0,1
present,3727,124201374,0x00000000,0,0,0,0x00000000,0x00000000,0,0,1,0,1
present,3728,124236836,0x00000000,0,0,0,0x00000000,0x00000000,0,0,1,0,1
present,3729,124267713,0x00000000,0,0,0,0x00000000,0x00000000,0,0,1,0,1
present,3730,124301611,0x00000000,0,0,0,0x00000000,0x00000000,0,0,1,0,1
present,3731,124337768,0x00000000,0,0,0,0x00000000,0x00000000,0,0,1,0,1
present,3732,124369179,0x00000000,0,0,0,0x00000000,0x00000000,0,0,1,0,1
present,3733,124401997,0x00000000,0,0,0,0x00000000,0x00000000,0,0,1,0,1
present,3734,124435679,0x00000000,0,0,0,0x00000000,0x00000000,0,0,1,0,1
present,3735,124470641,0x00000000,0,0,0,0x00000000,0x00000000,0,0,1,0,1
present,3736,124501997,0x00000000,0,0,0,0x00000000,0x00000000,0,0,1,0,1
present,3737,124537042,0x00000000,0,0,0,0x00000000,0x00000000,0,0,1,0,1
present,3738,124570940,0x00000000,0,0,0,0x00000000,0x00000000,0,0,1,0,1
present,3739,124602452,0x00000000,0,0,0,0x00000000,0x00000000,0,0,1,0,1
present,3740,124636868,0x00000000,0,0,0,0x00000000,0x00000000,0,0,1,0,1
present,3741,124667768,0x00000000,0,0,0,0x00000000,0x00000000,0,0,1,0,1
present,3742,124702779,0x00000000,0,0,0,0x00000000,0x00000000,0,0,1,0,1
present,3743,124738097,0x00000000,0,0,0,0x00000000,0x00000000,0,0,1,0,1
present,3744,124767672,0x00000000,0,0,0,0x00000000,0x00000000,0,0,1,0,1
present,3745,124805778,0x00000000,0,0,0,0x00000000,0x00000000,0,0,1,0,1
present,3746,124836259,0x00000000,0,0,0,0x00000000,0x00000000,0,0,1,0,1
present,3747,124871223,0x00000000,0,0,0,0x00000000,0x00000000,0,0,1,0,1
present,3748,124904012,0x00000000,0,0,0,0x00000000,0x00000000,0,0,1,0,1
present,3749,124936945,0x00000000,0,0,0,0x00000000,0x00000000,0,0,1,0,1
present,3750,124969951,0x00000000,0,0,0,0x00000000,0x00000000,0,0,1,0,1
present,3751,125000703,0x00000000,0,0,0,0x00000000,0x00000000,1,0,1,0,1
present,3752,125035949,0x00000000,0,0,0,0x00000000,0x00000000,1,0,1,0,1
present,3753,125071023,0x00000000,0,0,0,0x00000000,0x00000000,1,0,1,0,1
present,3754,125102032,0x00000000,0,0,0,0x00000000,0x00000000,1,0,1,0,1
present,3755,125135543,0x00000000,0,0,0,0x00000000,0x00000000,1,0,1,0,1
present,3756,125170339,0x00000000,0,0,0,0x00000000,0x00000000,1,0,1,0,1
present,3757,125201174,0x00000000,0,0,0,0x00000000,0x00000000,1,0,1,0,1
present,3758,125235936,0x00000000,0,0,0,0x00000000,0x00000000,1,0,1,0,1
present,3759,125268135,0x00000000,0,0,0,0x00000000,0x00000000,1,0,1,0,1
present,3760,125304159,0x00000000,0,0,0,0x00000000,0x00000000,1,0,1,0,1
present,3761,125333953,0x00000000,0,0,0,0x00000000,0x00000000,1,0,1,0,1
present,3762,125369070,0x00000000,0,0,0,0x00000000,0x00000000,1,0,1,0,1
present,3763,125404237,0x00000000,0,0,0,0x00000000,0x00000000,1,0,1,0,1
present,3764,125435875,0x00000000,0,0,0,0x00000000,0x00000000,1,0,1,0,1
present,3765,125469352,0x00000000,0,0,0,0x00000000,0x00000000,1,0,1,0,1
present,3766,125504197,0x00000000,0,0,0,0x00000000,0x00000000,1,0,1,0,1
present,3767,125536627,0x00000000,0,0,0,0x00000000,0x00000000,1,0,1,0,1
present,3768,125567307,0x00000000,0,0,0,0x00000000,0x00000000,1,0,1,0,1
present,3769,125600937,0x00000000,0,0,0,0x00000000,0x00000000,1,0,1,0,1
present,3770,125634715,0x00000000,0,0,0,0x00000000,0x00000000,1,0,1,0,1
present,3771,125669415,0x00000000,0,0,0,0x00000000,0x00000000,1,0,1,0,1
present,3772,125700860,0x00000000,0,0,0,0x00000000,0x00000000,1,0,1,0,1
present,3773,125737218,0x00000000,0,0,0,0x00000000,0x00000000,1,0,1,0,1
present,3774,125769872,0x00000000,0,0,0,0x00000000,0x00000000,1,0,1,0,1
present,3775,125813761,0x00000000,0,0,0,0x00000000,0x00000000,1,0,1,0,1
present,3776,125834900,0x00000000,0,0,0,0x00000000,0x00000000,1,0,1,0,1
present,3777,125868951,0x00000000,0,0,0,0x00000000,0x00000000,1,0,1,0,1
present,3778,125903801,0x00000000,0,0,0,0x00000000,0x00000000,1,0,1,0,1
present,3779,125934024,0x00000000,0,0,0,0x00000000,0x00000000,1,0,1,0,1
present,3780,125967693,0x00000000,0,0,0,0x00000000,0x00000000,1,0,1,0,1
present,3781,126004750,0x00000000,0,0,0,0x00000000,0x00000000,2,0,1,0,1
present,3782,126037246,0x00000000,0,0,0,0x00000000,0x00000000,2,0,1,0,1
present,3783,126071017,0x00000000,0,0,0,0x00000000,0x00000000,2,0,1,0,1
present,3784,126100656,0x00000000,0,0,0,0x00000000,0x00000000,2,0,1,0,1
present,3785,126137823,0x00000000,0,0,0,0x00000000,0x00000000,2,0,1,0,1
present,3786,126168972,0x00000000,0,0,0,0x00000000,0x00000000,2,0,1,0,1
present,3787,126204123,0x00000000,0,0,0,0x00000000,0x00000000,2,0,1,0,1
present,3788,126236956,0x00000000,0,0,0,0x00000000,0x00000000,2,0,1,0,1
present,3789,126267652,0x00000000,0,0,0,0x00000000,0x00000000,2,0,1,0,1
present,3790,126303343,0x00000000,0,0,0,0x00000000,0x00000000,2,0,1,0,1
present,3791,126334373,0x00000000,0,0,0,0x00000000,0x00000000,2,0,1,0,1
present,3792,126367129,0x00000000,0,0,0,0x00000000,0x00000000,2,0,1,0,1
present,3793,126403869,0x00000000,0,0,0,0x00000000,0x00000000,2,0,1,0,1
present,3794,126436992,0x00000000,0,0,0,0x00000000,0x00000000,2,0,1,0,1
present,3795,126468171,0x00000000,0,0,0,0x00000000,0x00000000,2,0,1,0,1
present,3796,126501733,0x00000000,0,0,0,0x00000000,0x00000000,2,0,1,0,1
present,3797,126533931,0x00000000,0,0,0,0x00000000,0x00000000,2,0,1,0,1
present,3798,126568920,0x00000000,0,0,0,0x00000000,0x00000000,2,0,1,0,1
present,3799,126601090,0x00000000,0,0,0,0x00000000,0x00000000,2,0,1,0,1
present,3800,126633946,0x00000000,0,0,0,0x00000000,0x00000000,2,0,1,0,1
present,3801,126670947,0x00000000,0,0,0,0x00000000,0x00000000,2,0,1,0,1
present,3802,126703911,0x00000000,0,0,0,0x00000000,0x00000000,2,0,1,0,1
present,3803,126735599,0x00000000,0,0,0,0x00000000,0x00000000,2,0,1,0,1
present,3804,126767663,0x00000000,0,0,0,0x00000000,0x00000000,2,0,1,0,1
present,3805,126805276,0x00000000,0,0,0,0x00000000,0x00000000,2,0,1,0,1
present,3806,126836637,0x00000000,0,0,0,0x00000000,0x00000000,2,0,1,0,1
present,3807,126870345,0x00000000,0,0,0,0x00000000,0x00000000,2,0,1,0,1
present,3808,126900979,0x00000000,0,0,0,0x00000000,0x00000000,2,0,1,0,1
present,3809,126937082,0x00000000,0,0,0,0x00000000,0x00000000,2,0,1,0,1
present,3810,126967192,0x00000000,0,0,0,0x00000000,0x00000000,2,0,1,0,1
present,3811,127004341,0x00000000,0,0,0,0x00000000,0x00000000,3,0,1,0,1
present,3812,127037171,0x00000000,0,0,0,0x00000000,0x00000000,3,0,1,0,1
present,3813,127070299,0x00000000,0,0,0,0x00000000,0x00000000,3,0,1,0,1
present,3814,127104351,0x00000000,0,0,0,0x00000000,0x00000000,3,0,1,0,1
present,3815,127133882,0x00000000,0,0,0,0x00000000,0x00000000,3,0,1,0,1
present,3816,127167634,0x00000000,0,0,0,0x00000000,0x00000000,3,0,1,0,1
present,3817,127202919,0x00000000,0,0,0,0x00000000,0x00000000,3,0,1,0,1
present,3818,127235099,0x00000000,0,0,0,0x00000000,0x00000000,3,0,1,0,1
present,3819,127271251,0x00000000,0,0,0,0x00000000,0x00000000,3,0,1,0,1
present,3820,127300877,0x00000000,0,0,0,0x00000000,0x00000000,3,0,1,0,1
present,3821,127337861,0x00000000,0,0,0,0x00000000,0x00000000,3,0,1,0,1
present,3822,127370447,0x00000000,0,0,0,0x00000000,0x00000000,3,0,1,0,1
present,3823,127404231,0x00000000,0,0,0,0x00000000,0x00000000,3,0,1,0,1
present,3824,127434325,0x00000000,0,0,0,0x00000000,0x00000000,3,0,1,0,1
present,3825,127469892,0x00000000,0,0,0,0x00000000,0x00000000,3,0,1,0,1
present,3826,127503756,0x00000000,0,0,0,0x00000000,0x00000000,3,0,1,0,1
present,3827,127537988,0x00000000,0,0,0,0x00000000,0x00000000,3,0,1,0,1
present,3828,127567430,0x00000000,0,0,0,0x00000000,0x00000000,3,0,1,0,1
present,3829,127601561,0x00000000,0,0,0,0x00000000,0x00000000,3,0,1,0,1
present,3830,127635811,0x00000000,0,0,0,0x00000000,0x00000000,3,0,1,0,1
present,3831,127670988,0x00000000,0,0,0,0x00000000,0x00000000,3,0,1,0,1
present,3832,127702176,0x00000000,0,0,0,0x00000000,0x00000000,3,0,1,0,1
present,3833,127734407,0x00000000,0,0,0,0x00000000,0x00000000,3,0,1,0,1
present,3834,127770598,0x00000000,0,0,0,0x00000000,0x00000000,3,0,1,0,1
present,3835,127813611,0x00000000,0,0,0,0x00000000,0x00000000,3,0,1,0,1
present,3836,127835129,0x00000000,0,0,0,0x00000000,0x00000000,3,0,1,0,1
present,3837,127871219,0x00000000,0,0,0,0x00000000,0x00000000,3,0,1,0,1
present,3838,127900643,0x00000000,0,0,0,0x00000000,0x00000000,3,0,1,0,1
present,3839,127934582,0x00000000,0,0,0,0x00000000,0x00000000,3,0,1,0,1
present,3840,127967831,0x00000000,0,0,0,0x00000000,0x00000000,3,0,1,0,1
present,3841,128001275,0x00000000,0,0,0,0x00000000,0x00000000,0,0,1,0,1
present,3842,128033966,0x00000000,0,0,0,0x00000000,0x00000000,0,0,1,0,1
present,3843,128070771,0x00000000,0,0,0,0x00000000,0x00000000,0,0,1,0,1
present,3844,128103776,0x00000000,0,0,0,0x00000000,0x00000000,0,0,1,0,1
present,3845,128134741,0x00000000,0,0,0,0x00000000,0x00000000,0,0,1,0,1
present,3846,128167444,0x00000000,0,0,0,0x00000000,0x00000000,0,0,1,0,1
present,3847,128203778,0x00000000,0,0,0,0x00000000,0x00000000,0,0,1,0,1
present,3848,128235478,0x00000000,0,0,0,0x00000000,0x00000000,0,0,1,0,1
present,3849,128270339,0x00000000,0,0,0,0x00000000,0x00000000,0,0,1,0,1
present,3850,128300706,0x00000000,0,0,0,0x00000000,0x00000000,0,0,1,0,1
present,3851,128337859,0x00000000,0,0,0,0x00000000,0x00000000,0,0,1,0,1
present,3852,128368672,0x00000000,0,0,0,0x00000000,0x00000000,0,0,1,0,1
present,3853,128403754,0x00000000,0,0,0,0x00000000,0x00000000,0,0,1,0,1
present,3854,128435601,0x00000000,0,0,0,0x00000000,0x00000000,0,0,1,0,1
present,3855,128469647,0x00000000,0,0,0,0x00000000,0x00000000,0,0,1,0,1
present,3856,128504083,0x00000000,0,0,0,0x00000000,0x00000000,0,0,1,0,1
present,3857,128537091,0x00000000,0,0,0,0x00000000,0x00000000,0,0,1,0,1
present,3858,128569315,0x00000000,0,0,0,0x00000000,0x00000000,0,0,1,0,1
present,3859,128604272,0x00000000,0,0,0,0x00000000,0x00000000,0,0,1,0,1
present,3860,128633984,0x00000000,0,0,0,0x00000000,0x00000000,0,0,1,0,1
present,3861,128670436,0x00000000,0,0,0,0x00000000,0x00000000,0,0,1,0,1
present,3862,128701088,0x00000000,0,0,0,0x00000000,0x00000000,0,0,1,0,1
present,3863,128738164,0x00000000,0,0,0,0x00000000,0x00000000,0,0,1,0,1
present,3864,128768124,0x00000000,0,0,0,0x00000000,0x00000000,0,0,1,0,1
present,3865,128808079,0x00000000,0,0,0,0x00000000,0x00000000,0,0,1,0,1
present,3866,128841492,0x00000000,0,0,0,0x00000000,0x00000000,0,0,1,0,1
present,3867,128870476,0x00000000,0,0,0,0x00000000,0x00000000,0,0,1,0,1
present,3868,128902555,0x00000000,0,0,0,0x00000000,0x00000000,0,0,1,0,1
present,3869,128935028,0x00000000,0,0,0,0x00000000,0x00000000,0,0,1,0,1
present,3870,128971015,0x00000000,0,0,0,0x00000000,0x00000000,0,0,1,0,1
present,3871,129003059,0x00000000,0,0,0,0x00000000,0x00000000,1,0,1,0,1
present,3872,129035794,0x00000000,0,0,0,0x00000000,0x00000000,1,0,1,0,1
present,3873,129070913,0x00000000,0,0,0,0x00000000,0x00000000,1,0,1,0,1
present,3874,129100609,0x00000000,0,0,0,0x00000000,0x00000000,1,0,1,0,1
present,3875,129135578,0x00000000,0,0,0,0x00000000,0x00000000,1,0,1,0,1
present,3876,129167377,0x00000000,0,0,0,0x00000000,0x00000000,1,0,1,0,1
present,3877,129200864,0x00000000,0,0,0,0x00000000,0x00000000,1,0,1,0,1
present,3878,129234373,0x00000000,0,0,0,0x00000000,0x00000000,1,0,1,0,1
present,3879,129269160,0x00000000,0,0,0,0x00000000,0x00000000,1,0,1,0,1
present,3880,129304283,0x00000000,0,0,0,0x00000000,0x00000000,1,0,1,0,1
present,3881,129337206,0x00000000,0,0,0,0x00000000,0x00000000,1,0,1,0,1
present,3882,129368178,0x00000000,0,0,0,0x00000000,0x00000000,1,0,1,0,1
present,3883,129404101,0x00000000,0,0,0,0x00000000,0x00000000,1,0,1,0,1
present,3884,129433954,0x00000000,0,0,0,0x00000000,0x00000000,1,0,1,0,1
present,3885,129468941,0x00000000,0,0,0,0x00000000,0x00000000,1,0,1,0,1
present,3886,129503857,0x00000000,0,0,0,0x00000000,0x00000000,1,0,1,0,1
present,3887,129537814,0x00000000,0,0,0,0x00000000,0x00000000,1,0,1,0,1
present,3888,129570908,0x00000000,0,0,0,0x00000000,0x00000000,1,0,1,0,1
present,3889,129604035,0x00000000,0,0,0,0x00000000,0x00000000,1,0,1,0,1
present,3890,129634612,0x00000000,0,0,0,0x00000000,0x00000000,1,0,1,0,1
present,3891,129670634,0x00000000,0,0,0,0x00000000,0x00000000,1,0,1,0,1
present,3892,129701608,0x00000000,0,0,0,0x00000000,0x00000000,1,0,1,0,1
present,3893,129737705,0x00000000,0,0,0,0x00000000,0x00000000,1,0,1,0,1
present,3894,129769004,0x00000000,0,0,0,0x00000000,0x00000000,1,0,1,0,1
present,3895,129817166,0x00000000,0,0,0,0x00000000,0x00000000,1,0,1,0,1
present,3896,129835027,0x00000000,0,0,0,0x00000000,0x00000000,1,0,1,0,1
present,3897,129870777,0x00000000,0,0,0,0x00000000,0x00000000,1,0,1,0,1
present,3898,129904738,0x00000000,0,0,0,0x00000000,0x00000000,1,0,1,0,1
present,3899,129934917,0x00000000,0,0,0,0x00000000,0x00000000,1,0,1,0,1
present,3900,129969265,0x00000000,0,0,0,0x00000000,0x00000000,1,0,1,0,1
present,3901,130003935,0x00000000,0,0,0,0x00000000,0x00000000,2,0,1,0,1
present,3902,130037135,0x00000000,0,0,0,0x00000000,0x00000000,2,0,1,0,1
present,3903,130069799,0x00000000,0,0,0,0x00000000,0x00000000,2,0,1,0,1
present,3904,130100686,0x00000000,0,0,0,0x00000000,0x00000000,2,0,1,0,1
present,3905,130134011,0x00000000,0,0,0,0x00000000,0x00000000,2,0,1,0,1
present,3906,130167410,0x00000000,0,0,0,0x00000000,0x00000000,2,0,1,0,1
present,3907,130200581,0x00000000,0,0,0,0x00000000,0x00000000,2,0,1,0,1
present,3908,130237472,0x00000000,0,0,0,0x00000000,0x00000000,2,0,1,0,1
present,3909,130271353,0x00000000,0,0,0,0x00000000,0x00000000,2,0,1,0,1
present,3910,130302993,0x00000000,0,0,0,0x00000000,0x00000000,2,0,1,0,1
present,3911,130337795,0x00000000,0,0,0,0x00000000,0x00000000,2,0,1,0,1
present,3912,130368150,0x00000000,0,0,0,0x00000000,0x00000000,2,0,1,0,1
present,3913,130400692,0x00000000,0,0,0,0x00000000,0x00000000,2,0,1,0,1
present,3914,130437530,0x00000000,0,0,0,0x00000000,0x00000000,2,0,1,0,1
present,3915,130470396,0x00000000,0,0,0,0x00000000,0x00000000,2,0,1,0,1
present,3916,130503227,0x00000000,0,0,0,0x00000000,0x00000000,2,0,1,0,1
present,3917,130535411,0x00000000,0,0,0,0x00000000,0x00000000,2,0,1,0,1
present,3918,130567544,0x00000000,0,0,0,0x00000000,0x00000000,2,0,1,0,1
present,3919,130601712,0x00000000,0,0,0,0x00000000,0x00000000,2,0,1,0,1
present,3920,130637284,0x00000000,0,0,0,0x00000000,0x00000000,2,0,1,0,1
present,3921,130671144,0x00000000,0,0,0,0x00000000,0x00000000,2,0,1,0,1
present,3922,130700631,0x00000000,0,0,0,0x00000000,0x00000000,2,0,1,0,1
present,3923,130737520,0x00000000,0,0,0,0x00000000,0x00000000,2,0,1,0,1
present,3924,130767226,0x00000000,0,0,0,0x00000000,0x00000000,2,0,1,0,1
present,3925,130804731,0x00000000,0,0,0,0x00000000,0x00000000,2,0,1,0,1
present,3926,130836352,0x00000000,0,0,0,0x00000000,0x00000000,2,0,1,0,1
present,3927,130871270,0x00000000,0,0,0,0x00000000,0x00000000,2,0,1,0,1
present,3928,130904169,0x00000000,0,0,0,0x00000000,0x00000000,2,0,1,0,1
present,3929,130935354,0x00000000,0,0,0,0x00000000,0x00000000,2,0,1,0,1
present,3930,130967632,0x00000000,0,0,0,0x00000000,0x00000000,2,0,1,0,1
present,3931,131000833,0x00000000,0,0,0,0x00000000,0x00000000,3,0,1,0,1
present,3932,131035745,0x00000000,0,0,0,0x00000000,0x00000000,3,0,1,0,1
present,3933,131069883,0x00000000,0,0,0,0x00000000,0x00000000,3,0,1,0,1
present,3934,131102628,0x00000000,0,0,0,0x00000000,0x00000000,3,0,1,0,1
present,3935,131137581,0x00000000,0,0,0,0x00000000,0x00000000,3,0,1,0,1
present,3936,131170499,0x00000000,0,0,0,0x00000000,0x00000000,3,0,1,0,1
present,3937,131201572,0x00000000,0,0,0,0x00000000,0x00000000,3,0,1,0,1
present,3938,131234564,0x00000000,0,0,0,0x00000000,0x00000000,3,0,1,0,1
present,3939,131271006,0x00000000,0,0,0,0x00000000,0x00000000,3,0,1,0,1
present,3940,131300961,0x00000000,0,0,0,0x00000000,0x00000000,3,0,1,0,1
present,3941,131336932,0x00000000,0,0,0,0x00000000,0x00000000,3,0,1,0,1
present,3942,131369964,0x00000000,0,0,0,0x00000000,0x00000000,3,0,1,0,1
present,3943,131400567,0x00000000,0,0,0,0x00000000,0x00000000,3,0,1,0,1
present,3944,131437473,0x00000000,0,0,0,0x00000000,0x00000000,3,0,1,0,1
present,3945,131467764,0x00000000,0,0,0,0x00000000,0x00000000,3,0,1,0,1
present,3946,131500945,0x00000000,0,0,0,0x00000000,0x00000000,3,0,1,0,1
present,3947,131536384,0x00000000,0,0,0,0x00000000,0x00000000,3,0,1,0,1
present,3948,131571319,0x00000000,0,0,0,0x00000000,0x00000000,3,0,1,0,1
present,3949,131600715,0x00000000,0,0,0,0x00000000,0x00000000,3,0,1,0,1
present,3950,131637290,0x00000000,0,0,0,0x00000000,0x00000000,3,0,1,0,1
present,3951,131671551,0x00000000,0,0,0,0x00000000,0x00000000,3,0,1,0,1
present,3952,131704371,0x00000000,0,0,0,0x00000000,0x00000000,3,0,1,0,1
present,3953,131735265,0x00000000,0,0,0,0x00000000,0x00000000,3,0,1,0,1
present,3954,131769424,0x00000000,0,0,0,0x00000000,0x00000000,3,0,1,0,1
present,3955,131813377,0x00000000,0,0,0,0x00000000,0x00000000,3,0,1,0,1
present,3956,131837007,0x00000000,0,0,0,0x00000000,0x00000000,3,0,1,0,1
present,3957,131869114,0x00000000,0,0,0,0x00000000,0x00000000,3,0,1,0,1
present,3958,131901473,0x00000000,0,0,0,0x00000000,0x00000000,3,0,1,0,1
present,3959,131934580,0x00000000,0,0,0,0x00000000,0x00000000,3,0,1,0,1
present,3960,131970695,0x00000000,0,0,0,0x00000000,0x00000000,3,0,1,0,1
present,3961,132003683,0x00000000,0,0,0,0x00000000,0x00000000,0,0,1,0,1
present,3962,132034201,0x00000000,0,0,0,0x00000000,0x00000000,0,0,1,0,1
present,3963,132070796,0x00000000,0,0,0,0x00000000,0x00000000,0,0,1,0,1
present,3964,132103804,0x00000000,0,0,0,0x00000000,0x00000000,0,0,1,0,1
present,3965,132137574,0x00000000,0,0,0,0x00000000,0x00000000,0,0,1,0,1
present,3966,132168740,0x00000000,0,0,0,0x00000000,0x00000000,0,0,1,0,1
present,3967,132201214,0x00000000,0,0,0,0x00000000,0x00000000,0,0,1,0,1
present,3968,132237299,0x00000000,0,0,0,0x00000000,0x00000000,0,0,1,0,1
present,3969,132267693,0x00000000,0,0,0,0x00000000,0x00000000,0,0,1,0,1
present,3970,132303912,0x00000000,0,0,0,0x00000000,0x00000000,0,0,1,0,1
present,3971,132337220,0x00000000,0,0,0,0x00000000,0x00000000,0,0,1,0,1
present,3972,132369185,0x00000000,0,0,0,0x00000000,0x00000000,0,0,1,0,1
present,3973,132400816,0x00000000,0,0,0,0x00000000,0x00000000,0,0,1,0,1
present,3974,132437903,0x00000000,0,0,0,0x00000000,0x00000000,0,0,1,0,1
present,3975,132467317,0x00000000,0,0,0,0x00000000,0x00000000,0,0,1,0,1
present,3976,132502271,0x00000000,0,0,0,0x00000000,0x00000000,0,0,1,0,1
present,3977,132534136,0x00000000,0,0,0,0x00000000,0x00000000,0,0,1,0,1
present,3978,132571259,0x00000000,0,0,0,0x00000000,0x00000000,0,0,1,0,1
present,3979,132603175,0x00000000,0,0,0,0x00000000,0x00000000,0,0,1,0,1
present,3980,132634079,0x00000000,0,0,0,0x00000000,0x00000000,0,0,1,0,1
present,3981,132670792,0x00000000,0,0,0,0x00000000,0x00000000,0,0,1,0,1
present,3982,132703774,0x00000000,0,0,0,0x00000000,0x00000000,0,0,1,0,1
present,3983,132734193,0x00000000,0,0,0,0x00000000,0x00000000,0,0,1,0,1
present,3984,132771125,0x00000000,0,0,0,0x00000000,0x00000000,0,0,1,0,1
present,3985,132813540,0x00000000,0,0,0,0x00000000,0x00000000,0,0,1,0,1
present,3986,132836702,0x00000000,0,0,0,0x00000000,0x00000000,0,0,1,0,1
present,3987,132870492,0x00000000,0,0,0,0x00000000,0x00000000,0,0,1,0,1
present,3988,132902800,0x00000000,0,0,0,0x00000000,0x00000000,0,0,1,0,1
present,3989,132937093,0x00000000,0,0,0,0x00000000,0x00000000,0,0,1,0,1
present,3990,132971547,0x00000000,0,0,0,0x00000000,0x00000000,0,0,1,0,1
present,3991,133004376,0x00000000,0,0,0,0x00000000,0x00000000,1,0,1,0,1
present,3992,133035524,0x00000000,0,0,0,0x00000000,0x00000000,1,0,1,0,1
present,3993,133070570,0x00000000,0,0,0,0x00000000,0x00000000,1,0,1,0,1
present,3994,133103473,0x00000000,0,0,0,0x00000000,0x00000000,1,0,1,0,1
present,3995,133137444,0x00000000,0,0,0,0x00000000,0x00000000,1,0,1,0,1
present,3996,133170541,0x00000000,0,0,0,0x00000000,0x00000000,1,0,1,0,1
present,3997,133204618,0x00000000,0,0,0,0x00000000,0x00000000,1,0,1,0,1
present,3998,133237766,0x00000000,0,0,0,0x00000000,0x00000000,1,0,1,0,1
present,3999,133271144,0x00000000,0,0,0,0x00000000,0x00000000,1,0,1,0,1
present,4000,133301263,0x00000000,0,0,0,0x00000000,0x00000000,1,0,1,0,1
present,4001,133337498,0x00000000,0,0,0,0x00000000,0x00000000,1,0,1,0,1
present,4002,133370367,0x00000000,0,0,0,0x00000000,0x00000000,1,0,1,0,1
present,4003,133402047,0x00000000,0,0,0,0x00000000,0x00000000,1,0,1,0,1
present,4004,133434039,0x00000000,0,0,0,0x00000000,0x00000000,1,0,1,0,1
present,4005,133471236,0x00000000,0,0,0,0x00000000,0x00000000,1,0,1,0,1
present,4006,133500631,0x00000000,0,0,0,0x00000000,0x00000000,1,0,1,0,1
present,4007,133536726,0x00000000,0,0,0,0x00000000,0x00000000,1,0,1,0,1
present,4008,133567356,0x00000000,0,0,0,0x00000000,0x00000000,1,0,1,0,1
present,4009,133601820,0x00000000,0,0,0,0x00000000,0x00000000,1,0,1,0,1
present,4010,133636092,0x00000000,0,0,0,0x00000000,0x00000000,1,0,1,0,1
present,4011,133667532,0x00000000,0,0,0,0x00000000,0x00000000,1,0,1,0,1
present,4012,133704498,0x00000000,0,0,0,0x00000000,0x00000000,1,0,1,0,1
present,4013,133736981,0x00000000,0,0,0,0x00000000,0x00000000,1,0,1,0,1
present,4014,133771000,0x00000000,0,0,0,0x00000000,0x00000000,1,0,1,0,1
present,4015,133804803,0x00000000,0,0,0,0x00000000,0x00000000,1,0,1,0,1
present,4016,133836718,0x00000000,0,0,0,0x00000000,0x00000000,1,0,1,0,1
present,4017,133869062,0x00000000,0,0,0,0x00000000,0x00000000,1,0,1,0,1
present,4018,133900592,0x00000000,0,0,0,0x00000000,0x00000000,1,0,1,0,1
present,4019,133937842,0x00000000,0,0,0,0x00000000,0x00000000,1,0,1,0,1
present,4020,133967309,0x00000000,0,0,0,0x00000000,0x00000000,1,0,1,0,1
present,4021,134002098,0x00000000,0,0,0,0x00000000,0x00000000,2,0,1,0,1
present,4022,134036441,0x00000000,0,0,0,0x00000000,0x00000000,2,0,1,0,1
present,4023,134071148,0x00000000,0,0,0,0x00000000,0x00000000,2,0,1,0,1
present,4024,134103589,0x00000000,0,0,0,0x00000000,0x00000000,2,0,1,0,1
present,4025,134137476,0x00000000,0,0,0,0x00000000,0x00000000,2,0,1,0,1
present,4026,134168459,0x00000000,0,0,0,0x00000000,0x00000000,2,0,1,0,1
present,4027,134204299,0x00000000,0,0,0,0x00000000,0x00000000,2,0,1,0,1
present,4028,134233938,0x00000000,0,0,0,0x00000000,0x00000000,2,0,1,0,1
present,4029,134270998,0x00000000,0,0,0,0x00000000,0x00000000,2,0,1,0,1
present,4030,134301847,0x00000000,0,0,0,0x00000000,0x00000000,2,0,1,0,1
present,4031,134337645,0x00000000,0,0,0,0x00000000,0x00000000,2,0,1,0,1
present,4032,134366973,0x00000000,0,0,0,0x00000000,0x00000000,2,0,1,0,1
present,4033,134403540,0x00000000,0,0,0,0x00000000,0x00000000,2,0,1,0,1
present,4034,134436897,0x00000000,0,0,0,0x00000000,0x00000000,2,0,1,0,1
present,4035,134470642,0x00000000,0,0,0,0x00000000,0x00000000,2,0,1,0,1
present,4036,134504353,0x00000000,0,0,0,0x00000000,0x00000000,2,0,1,0,1
present,4037,134537328,0x00000000,0,0,0,0x00000000,0x00000000,2,0,1,0,1
present,4038,134567383,0x00000000,0,0,0,0x00000000,0x00000000,2,0,1,0,1
present,4039,134603722,0x00000000,0,0,0,0x00000000,0x00000000,2,0,1,0,1
present,4040,134637578,0x00000000,0,0,0,0x00000000,0x00000000,2,0,1,0,1
present,4041,134667049,0x00000000,0,0,0,0x00000000,0x00000000,2,0,1,0,1
present,4042,134703847,0x00000000,0,0,0,0x00000000,0x00000000,2,0,1,0,1
present,4043,134737022,0x00000000,0,0,0,0x00000000,0x00000000,2,0,1,0,1
present,4044,134768673,0x00000000,0,0,0,0x00000000,0x00000000,2,0,1,0,1
present,4045,134804113,0x00000000,0,0,0,0x00000000,0x00000000,2,0,1,0,1
present,4046,134837456,0x00000000,0,0,0,0x00000000,0x00000000,2,0,1,0,1
present,4047,134871174,0x00000000,0,0,0,0x00000000,0x00000000,2,0,1,0,1
present,4048,134901867,0x00000000,0,0,0,0x00000000,0x00000000,2,0,1,0,1
present,4049,134933885,0x00000000,0,0,0,0x00000000,0x00000000,2,0,1,0,1
present,4050,134968775,0x00000000,0,0,0,0x00000000,0x00000000,2,0,1,0,1
present,4051,135004006,0x00000000,0,0,0,0x00000000,0x00000000,3,0,1,0,1
present,4052,135034056,0x00000000,0,0,0,0x00000000,0x00000000,3,0,1,0,1
present,4053,135070233,0x00000000,0,0,0,0x00000000,0x00000000,3,0,1,0,1
present,4054,135100688,0x00000000,0,0,0,0x00000000,0x00000000,3,0,1,0,1
present,4055,135137069,0x00000000,0,0,0,0x00000000,0x00000000,3,0,1,0,1
present,4056,135171169,0x00000000,0,0,0,0x00000000,0x00000000,3,0,1,0,1
present,4057,135200645,0x00000000,0,0,0,0x00000000,0x00000000,3,0,1,0,1
present,4058,135234247,0x00000000,0,0,0,0x00000000,0x00000000,3,0,1,0,1
present,4059,135270680,0x00000000,0,0,0,0x00000000,0x00000000,3,0,1,0,1
present,4060,135303739,0x00000000,0,0,0,0x00000000,0x00000000,3,0,1,0,1
present,4061,135337261,0x00000000,0,0,0,0x00000000,0x00000000,3,0,1,0,1
present,4062,135369651,0x00000000,0,0,0,0x00000000,0x00000000,3,0,1,0,1
present,4063,135401191,0x00000000,0,0,0,0x00000000,0x00000000,3,0,1,0,1
present,4064,135434029,0x00000000,0,0,0,0x00000000,0x00000000,3,0,1,0,1
present,4065,135471045,0x00000000,0,0,0,0x00000000,0x00000000,3,0,1,0,1
present,4066,135503653,0x00000000,0,0,0,0x00000000,0x00000000,3,0,1,0,1
present,4067,135537738,0x00000000,0,0,0,0x00000000,0x00000000,3,0,1,0,1
present,4068,135570830,0x00000000,0,0,0,0x00000000,0x00000000,3,0,1,0,1
present,4069,135603887,0x00000000,0,0,0,0x00000000,0x00000000,3,0,1,0,1
present,4070,135635599,0x00000000,0,0,0,0x00000000,0x00000000,3,0,1,0,1
present,4071,135670809,0x00000000,0,0,0,0x00000000,0x00000000,3,0,1,0,1
present,4072,135703669,0x00000000,0,0,0,0x00000000,0x00000000,3,0,1,0,1
present,4073,135736150,0x00000000,0,0,0,0x00000000,0x00000000,3,0,1,0,1
present,4074,135771127,0x00000000,0,0,0,0x00000000,0x00000000,3,0,1,0,1
present,4075,135813145,0x00000000,0,0,0,0x00000000,0x00000000,3,0,1,0,1
present,4076,135839004,0x00000000,0,0,0,0x00000000,0x00000000,3,0,1,0,1
present,4077,135871191,0x00000000,0,0,0,0x00000000,0x00000000,3,0,1,0,1
present,4078,135904155,0x00000000,0,0,0,0x00000000,0x00000000,3,0,1,0,1
present,4079,135933951,0x00000000,0,0,0,0x00000000,0x00000000,3,0,1,0,1
present,4080,135971338,0x00000000,0,0,0,0x00000000,0x00000000,3,0,1,0,1
present,4081,136000827,0x00000000,0,0,0,0x00000000,0x00000000,0,0,1,0,1
present,4082,136037247,0x00000000,0,0,0,0x00000000,0x00000000,0,0,1,0,1
present,4083,136071298,0x00000000,0,0,0,0x00000000,0x00000000,0,0,1,0,1
present,4084,136104377,0x00000000,0,0,0,0x00000000,0x00000000,0,0,1,0,1
present,4085,136134694,0x00000000,0,0,0,0x00000000,0x00000000,0,0,1,0,1
present,4086,136170696,0x00000000,0,0,0,0x00000000,0x00000000,0,0,1,0,1
present,4087,136200893,0x00000000,0,0,0,0x00000000,0x00000000,0,0,1,0,1
present,4088,136237119,0x00000000,0,0,0,0x00000000,0x00000000,0,0,1,0,1
present,4089,136267618,0x00000000,0,0,0,0x00000000,0x00000000,0,0,1,0,1
present,4090,136304124,0x00000000,0,0,0,0x00000000,0x00000000,0,0,1,0,1
present,4091,136337076,0x00000000,0,0,0,0x00000000,0x00000000,0,0,1,0,1
present,4092,136368853,0x00000000,0,0,0,0x00000000,0x00000000,0,0,1,0,1
present,4093,136403657,0x00000000,0,0,0,0x00000000,0x00000000,0,0,1,0,1
present,4094,136437468,0x00000000,0,0,0,0x00000000,0x00000000,0,0,1,0,1
present,4095,136468578,0x00000000,0,0,0,0x00000000,0x00000000,0,0,1,0,1
present,4096,136502272,0x00000000,0,0,0,0x00000000,0x00000000,0,0,1,0,1
present,4097,136537439,0x00000000,0,0,0,0x00000000,0x00000000,0,0,1,0,1
present,4098,136567724,0x00000000,0,0,0,0x00000000,0x00000000,0,0,1,0,1
present,4099,136604201,0x00000000,0,0,0,0x00000000,0x00000000,0,0,1,0,1
present,4100,136635601,0x00000000,0,0,0,0x00000000,0x00000000,0,0,1,0,1
present,4101,136670310,0x00000000,0,0,0,0x00000000,0x00000000,0,0,1,0,1
present,4102,136701709,0x00000000,0,0,0,0x00000000,0x00000000,0,0,1,0,1
present,4103,136738278,0x00000000,0,0,0,0x00000000,0x00000000,0,0,1,0,1
present,4104,136770740,0x00000000,0,0,0,0x00000000,0x00000000,0,0,1,0,1
present,4105,136804819,0x00000000,0,0,0,0x00000000,0x00000000,0,0,1,0,1
present,4106,136837784,0x00000000,0,0,0,0x00000000,0x00000000,0,0,1,0,1
present,4107,136867366,0x00000000,0,0,0,0x00000000,0x00000000,0,0,1,0,1
present,4108,136904289,0x00000000,0,0,0,0x00000000,0x00000000,0,0,1,0,1
present,4109,136937126,0x00000000,0,0,0,0x00000000,0x00000000,0,0,1,0,1
present,4110,136968212,0x00000000,0,0,0,0x00000000,0x00000000,0,0,1,0,1
present,4111,137004196,0x00000000,0,0,0,0x00000000,0x00000000,1,0,1,0,1
present,4112,137037162,0x00000000,0,0,0,0x00000000,0x00000000,1,0,1,0,1
present,4113,137071193,0x00000000,0,0,0,0x00000000,0x00000000,1,0,1,0,1
present,4114,137102612,0x00000000,0,0,0,0x00000000,0x00000000,1,0,1,0,1
present,4115,137135432,0x00000000,0,0,0,0x00000000,0x00000000,1,0,1,0,1
present,4116,137171186,0x00000000,0,0,0,0x00000000,0x00000000,1,0,1,0,1
present,4117,137202846,0x00000000,0,0,0,0x00000000,0x00000000,1,0,1,0,1
present,4118,137238165,0x00000000,0,0,0,0x00000000,0x00000000,1,0,1,0,1
present,4119,137268132,0x00000000,0,0,0,0x00000000,0x00000000,1,0,1,0,1
present,4120,137304118,0x00000000,0,0,0,0x00000000,0x00000000,1,0,1,0,1
present,4121,137335916,0x00000000,0,0,0,0x00000000,0x00000000,1,0,1,0,1
present,4122,137370120,0x00000000,0,0,0,0x00000000,0x00000000,1,0,1,0,1
present,4123,137404115,0x00000000,0,0,0,0x00000000,0x00000000,1,0,1,0,1
present,4124,137437042,0x00000000,0,0,0,0x00000000,0x00000000,1,0,1,0,1
present,4125,137467771,0x00000000,0,0,0,0x00000000,0x00000000,1,0,1,0,1
present,4126,137502501,0x00000000,0,0,0,0x00000000,0x00000000,1,0,1,0,1
present,4127,137537735,0x00000000,0,0,0,0x00000000,0x00000000,1,0,1,0,1
present,4128,137567709,0x00000000,0,0,0,0x00000000,0x00000000,1,0,1,0,1
present,4129,137602174,0x00000000,0,0,0,0x00000000,0x00000000,1,0,1,0,1
present,4130,137637073,0x00000000,0,0,0,0x00000000,0x00000000,1,0,1,0,1
present,4131,137671130,0x00000000,0,0,0,0x00000000,0x00000000,1,0,1,0,1
present,4132,137701939,0x00000000,0,0,0,0x00000000,0x00000000,1,0,1,0,1
present,4133,137735517,0x00000000,0,0,0,0x00000000,0x00000000,1,0,1,0,1
present,4134,137767856,0x00000000,0,0,0,0x00000000,0x00000000,1,0,1,0,1
present,4135,137804870,0x00000000,0,0,0,0x00000000,0x00000000,1,0,1,0,1
present,4136,137835202,0x00000000,0,0,0,0x00000000,0x00000000,1,0,1,0,1
present,4137,137870629,0x00000000,0,0,0,0x00000000,0x00000000,1,0,1,0,1
present,4138,137904200,0x00000000,0,0,0,0x00000000,0x00000000,1,0,1,0,1
present,4139,137935454,0x00000000,0,0,0,0x00000000,0x00000000,1,0,1,0,1
present,4140,137967132,0x00000000,0,0,0,0x00000000,0x00000000,1,0,1,0,1
present,4141,138004014,0x00000000,0,0,0,0x00000000,0x00000000,2,0,1,0,1
present,4142,138033673,0x00000000,0,0,0,0x00000000,0x00000000,2,0,1,0,1
present,4143,138069173,0x00000000,0,0,0,0x00000000,0x00000000,2,0,1,0,1
present,4144,138100727,0x00000000,0,0,0,0x00000000,0x00000000,2,0,1,0,1
present,4145,138135741,0x00000000,0,0,0,0x00000000,0x00000000,2,0,1,0,1
present,4146,138167971,0x00000000,0,0,0,0x00000000,0x00000000,2,0,1,0,1
present,4147,138200202,0x00000000,0,0,0,0x00000000,0x00000000,2,0,1,0,1
present,4148,138236524,0x00000000,0,0,0,0x00000000,0x00000000,2,0,1,0,1
present,4149,138270816,0x00000000,0,0,0,0x00000000,0x00000000,2,0,1,0,1
present,4150,138302459,0x00000000,0,0,0,0x00000000,0x00000000,2,0,1,0,1
present,4151,138336386,0x00000000,0,0,0,0x00000000,0x00000000,2,0,1,0,1
present,4152,138366928,0x00000000,0,0,0,0x00000000,0x00000000,2,0,1,0,1
present,4153,138403015,0x00000000,0,0,0,0x00000000,0x00000000,2,0,1,0,1
present,4154,138437814,0x00000000,0,0,0,0x00000000,0x00000000,2,0,1,0,1
present,4155,138467247,0x00000000,0,0,0,0x00000000,0x00000000,2,0,1,0,1
present,4156,138502775,0x00000000,0,0,0,0x00000000,0x00000000,2,0,1,0,1
present,4157,138535331,0x00000000,0,0,0,0x00000000,0x00000000,2,0,1,0,1
present,4158,138568933,0x00000000,0,0,0,0x00000000,0x00000000,2,0,1,0,1
present,4159,138602681,0x00000000,0,0,0,0x00000000,0x00000000,2,0,1,0,1
present,4160,138637716,0x00000000,0,0,0,0x00000000,0x00000000,2,0,1,0,1
present,4161,138670000,0x00000000,0,0,0,0x00000000,0x00000000,2,0,1,0,1
present,4162,138703802,0x00000000,0,0,0,0x00000000,0x00000000,2,0,1,0,1
present,4163,138734357,0x00000000,0,0,0,0x00000000,0x00000000,2,0,1,0,1
present,4164,138767492,0x00000000,0,0,0,0x00000000,0x00000000,2,0,1,0,1
present,4165,138805052,0x00000000,0,0,0,0x00000000,0x00000000,2,0,1,0,1
present,4166,138836455,0x00000000,0,0,0,0x00000000,0x00000000,2,0,1,0,1
present,4167,138871300,0x00000000,0,0,0,0x00000000,0x00000000,2,0,1,0,1
present,4168,138900514,0x00000000,0,0,0,0x00000000,0x00000000,2,0,1,0,1
present,4169,138937324,0x00000000,0,0,0,0x00000000,0x00000000,2,0,1,0,1
present,4170,138968401,0x00000000,0,0,0,0x00000000,0x00000000,2,0,1,0,1
present,4171,139004291,0x00000000,0,0,0,0x00000000,0x00000000,3,0,1,0,1
present,4172,139037231,0x00000000,0,0,0,0x00000000,0x00000000,3,0,1,0,1
present,4173,139070395,0x00000000,0,0,0,0x00000000,0x00000000,3,0,1,0,1
present,4174,139102139,0x00000000,0,0,0,0x00000000,0x00000000,3,0,1,0,1
present,4175,139134757,0x00000000,0,0,0,0x00000000,0x00000000,3,0,1,0,1
present,4176,139167729,0x00000000,0,0,0,0x00000000,0x00000000,3,0,1,0,1
present,4177,139200887,0x00000000,0,0,0,0x00000000,0x00000000,3,0,1,0,1
present,4178,139235523,0x00000000,0,0,0,0x00000000,0x00000000,3,0,1,0,1
present,4179,139270605,0x00000000,0,0,0,0x00000000,0x00000000,3,0,1,0,1
present,4180,139300816,0x00000000,0,0,0,0x00000000,0x00000000,3,0,1,0,1
present,4181,139336912,0x00000000,0,0,0,0x00000000,0x00000000,3,0,1,0,1
present,4182,139370366,0x00000000,0,0,0,0x00000000,0x00000000,3,0,1,0,1
present,4183,139404088,0x00000000,0,0,0,0x00000000,0x00000000,3,0,1,0,1
present,4184,139436944,0x00000000,0,0,0,0x00000000,0x00000000,3,0,1,0,1
present,4185,139470849,0x00000000,0,0,0,0x00000000,0x00000000,3,0,1,0,1
present,4186,139503796,0x00000000,0,0,0,0x00000000,0x00000000,3,0,1,0,1
present,4187,139537937,0x00000000,0,0,0,0x00000000,0x00000000,3,0,1,0,1
present,4188,139570900,0x00000000,0,0,0,0x00000000,0x00000000,3,0,1,0,1
present,4189,139603926,0x00000000,0,0,0,0x00000000,0x00000000,3,0,1,0,1
present,4190,139637929,0x00000000,0,0,0,0x00000000,0x00000000,3,0,1,0,1
present,4191,139670754,0x00000000,0,0,0,0x00000000,0x00000000,3,0,1,0,1
present,4192,139700569,0x00000000,0,0,0,0x00000000,0x00000000,3,0,1,0,1
present,4193,139738354,0x00000000,0,0,0,0x00000000,0x00000000,3,0,1,0,1
present,4194,139771303,0x00000000,0,0,0,0x00000000,0x00000000,3,0,1,0,1
present,4195,139805260,0x00000000,0,0,0,0x00000000,0x00000000,3,0,1,0,1
present,4196,139833956,0x00000000,0,0,0,0x00000000,0x00000000,3,0,1,0,1
present,4197,139869033,0x00000000,0,0,0,0x00000000,0x00000000,3,0,1,0,1
present,4198,139904285,0x00000000,0,0,0,0x00000000,0x00000000,3,0,1,0,1
present,4199,139937238,0x00000000,0,0,0,0x00000000,0x00000000,3,0,1,0,1
present,4200,139967603,0x00000000,0,0,0,0x00000000,0x00000000,3,0,1,0,1
present,4201,140001433,0x00000000,0,0,0,0x00000000,0x00000000,0,0,1,0,1
present,4202,140037679,0x00000000,0,0,0,0x00000000,0x00000000,0,0,1,0,1
present,4203,140067251,0x00000000,0,0,0,0x00000000,0x00000000,0,0,1,0,1
present,4204,140102220,0x00000000,0,0,0,0x00000000,0x00000000,0,0,1,0,1
present,4205,140137028,0x00000000,0,0,0,0x00000000,0x00000000,0,0,1,0,1
present,4206,140169069,0x00000000,0,0,0,0x00000000,0x00000000,0,0,1,0,1
present,4207,140202776,0x00000000,0,0,0,0x00000000,0x00000000,0,0,1,0,1
present,4208,140235247,0x00000000,0,0,0,0x00000000,0x00000000,0,0,1,0,1
present,4209,140271313,0x00000000,0,0,0,0x00000000,0x00000000,0,0,1,0,1
present,4210,140304159,0x00000000,0,0,0,0x00000000,0x00000000,0,0,1,0,1
present,4211,140337335,0x00000000,0,0,0,0x00000000,0x00000000,0,0,1,0,1
present,4212,140369666,0x00000000,0,0,0,0x00000000,0x00000000,0,0,1,0,1
present,4213,140404602,0x00000000,0,0,0,0x00000000,0x00000000,0,0,1,0,1
present,4214,140435654,0x00000000,0,0,0,0x00000000,0x00000000,0,0,1,0,1
present,4215,140470553,0x00000000,0,0,0,0x00000000,0x00000000,0,0,1,0,1
present,4216,140500856,0x00000000,0,0,0,0x00000000,0x00000000,0,0,1,0,1
present,4217,140537980,0x00000000,0,0,0,0x00000000,0x00000000,0,0,1,0,1
present,4218,140570958,0x00000000,0,0,0,0x00000000,0x00000000,0,0,1,0,1
present,4219,140603862,0x00000000,0,0,0,0x00000000,0x00000000,0,0,1,0,1
present,4220,140634936,0x00000000,0,0,0,0x00000000,0x00000000,0,0,1,0,1
present,4221,140671166,0x00000000,0,0,0,0x00000000,0x00000000,0,0,1,0,1
present,4222,140704120,0x00000000,0,0,0,0x00000000,0x00000000,0,0,1,0,1
present,4223,140734617,0x00000000,0,0,0,0x00000000,0x00000000,0,0,1,0,1
present,4224,140767293,0x00000000,0,0,0,0x00000000,0x00000000,0,0,1,0,1
present,4225,140805254,0x00000000,0,0,0,0x00000000,0x00000000,0,0,1,0,1
present,4226,140834832,0x00000000,0,0,0,0x00000000,0x00000000,0,0,1,0,1
present,4227,140871198,0x00000000,0,0,0,0x00000000,0x00000000,0,0,1,0,1
present,4228,140904079,0x00000000,0,0,0,0x00000000,0x00000000,0,0,1,0,1
present,4229,140936937,0x00000000,0,0,0,0x00000000,0x00000000,0,0,1,0,1
present,4230,140968860,0x00000000,0,0,0,0x00000000,0x00000000,0,0,1,0,1
present,4231,141000873,0x00000000,0,0,0,0x00000000,0x00000000,1,0,1,0,1
present,4232,141037773,0x00000000,0,0,0,0x00000000,0x00000000,1,0,1,0,1
present,4233,141070640,0x00000000,0,0,0,0x00000000,0x00000000,1,0,1,0,1
present,4234,141104590,0x00000000,0,0,0,0x00000000,0x00000000,1,0,1,0,1
present,4235,141137510,0x00000000,0,0,0,0x00000000,0x00000000,1,0,1,0,1
present,4236,141170547,0x00000000,0,0,0,0x00000000,0x00000000,1,0,1,0,1
present,4237,141203446,0x00000000,0,0,0,0x00000000,0x00000000,1,0,1,0,1
present,4238,141237462,0x00000000,0,0,0,0x00000000,0x00000000,1,0,1,0,1
present,4239,141267993,0x00000000,0,0,0,0x00000000,0x00000000,1,0,1,0,1
present,4240,141304236,0x00000000,0,0,0,0x00000000,0x00000000,1,0,1,0,1
present,4241,141336501,0x00000000,0,0,0,0x00000000,0x00000000,1,0,1,0,1
present,4242,141368538,0x00000000,0,0,0,0x00000000,0x00000000,1,0,1,0,1
present,4243,141403753,0x00000000,0,0,0,0x00000000,0x00000000,1,0,1,0,1
present,4244,141437723,0x00000000,0,0,0,0x00000000,0x00000000,1,0,1,0,1
present,4245,141470453,0x00000000,0,0,0,0x00000000,0x00000000,1,0,1,0,1
present,4246,141504539,0x00000000,0,0,0,0x00000000,0x00000000,1,0,1,0,1
present,4247,141533915,0x00000000,0,0,0,0x00000000,0x00000000,1,0,1,0,1
present,4248,141569240,0x00000000,0,0,0,0x00000000,0x00000000,1,0,1,0,1
present,4249,141604396,0x00000000,0,0,0,0x00000000,0x00000000,1,0,1,0,1
present,4250,141637315,0x00000000,0,0,0,0x00000000,0x00000000,1,0,1,0,1
present,4251,141669564,0x00000000,0,0,0,0x00000000,0x00000000,1,0,1,0,1
present,4252,141704696,0x00000000,0,0,0,0x00000000,0x00000000,1,0,1,0,1
present,4253,141737323,0x00000000,0,0,0,0x00000000,0x00000000,1,0,1,0,1
present,4254,141770376,0x00000000,0,0,0,0x00000000,0x00000000,1,0,1,0,1
present,4255,141810885,0x00000000,0,0,0,0x00000000,0x00000000,1,0,1,0,1
present,4256,141837214,0x00000000,0,0,0,0x00000000,0x00000000,1,0,1,0,1
present,4257,141871121,0x00000000,0,0,0,0x00000000,0x00000000,1,0,1,0,1
present,4258,141901656,0x00000000,0,0,0,0x00000000,0x00000000,1,0,1,0,1
present,4259,141934644,0x00000000,0,0,0,0x00000000,0x00000000,1,0,1,0,1
present,4260,141969653,0x00000000,0,0,0,0x00000000,0x00000000,1,0,1,0,1
present,4261,142004166,0x00000000,0,0,0,0x00000000,0x00000000,2,0,1,0,1
present,4262,142035962,0x00000000,0,0,0,0x00000000,0x00000000,2,0,1,0,1
present,4263,142070734,0x00000000,0,0,0,0x00000000,0x00000000,2,0,1,0,1
present,4264,142104859,0x00000000,0,0,0,0x00000000,0x00000000,2,0,1,0,1
present,4265,142137669,0x00000000,0,0,0,0x00000000,0x00000000,2,0,1,0,1
present,4266,142170527,0x00000000,0,0,0,0x00000000,0x00000000,2,0,1,0,1
present,4267,142200202,0x00000000,0,0,0,0x00000000,0x00000000,2,0,1,0,1
present,4268,142238181,0x00000000,0,0,0,0x00000000,0x00000000,2,0,1,0,1
present,4269,142270586,0x00000000,0,0,0,0x00000000,0x00000000,2,0,1,0,1
present,4270,142300157,0x00000000,0,0,0,0x00000000,0x00000000,2,0,1,0,1
present,4271,142337924,0x00000000,0,0,0,0x00000000,0x00000000,2,0,1,0,1
present,4272,142366891,0x00000000,0,0,0,0x00000000,0x00000000,2,0,1,0,1
present,4273,142401541,0x00000000,0,0,0,0x00000000,0x00000000,2,0,1,0,1
present,4274,142433997,0x00000000,0,0,0,0x00000000,0x00000000,2,0,1,0,1
present,4275,142469086,0x00000000,0,0,0,0x00000000,0x00000000,2,0,1,0,1
present,4276,142503672,0x00000000,0,0,0,0x00000000,0x00000000,2,0,1,0,1
present,4277,142535757,0x00000000,0,0,0,0x00000000,0x00000000,2,0,1,0,1
present,4278,142569167,0x00000000,0,0,0,0x00000000,0x00000000,2,0,1,0,1
present,4279,142601188,0x00000000,0,0,0,0x00000000,0x00000000,2,0,1,0,1
present,4280,142637055,0x00000000,0,0,0,0x00000000,0x00000000,2,0,1,0,1
present,4281,142670795,0x00000000,0,0,0,0x00000000,0x00000000,2,0,1,0,1
present,4282,142700273,0x00000000,0,0,0,0x00000000,0x00000000,2,0,1,0,1
present,4283,142737169,0x00000000,0,0,0,0x00000000,0x00000000,2,0,1,0,1
present,4284,142770405,0x00000000,0,0,0,0x00000000,0x00000000,2,0,1,0,1
present,4285,142805251,0x00000000,0,0,0,0x00000000,0x00000000,2,0,1,0,1
present,4286,142833791,0x00000000,0,0,0,0x00000000,0x00000000,2,0,1,0,1
present,4287,142870628,0x00000000,0,0,0,0x00000000,0x00000000,2,0,1,0,1
present,4288,142900653,0x00000000,0,0,0,0x00000000,0x00000000,2,0,1,0,1
present,4289,142937167,0x00000000,0,0,0,0x00000000,0x00000000,2,0,1,0,1
present,4290,142971231,0x00000000,0,0,0,0x00000000,0x00000000,2,0,1,0,1
present,4291,143001513,0x00000000,0,0,0,0x00000000,0x00000000,3,0,1,0,1
present,4292,143037408,0x00000000,0,0,0,0x00000000,0x00000000,3,0,1,0,1
present,4293,143070242,0x00000000,0,0,0,0x00000000,0x00000000,3,0,1,0,1
present,4294,143101716,0x00000000,0,0,0,0x00000000,0x00000000,3,0,1,0,1
present,4295,143137998,0x00000000,0,0,0,0x00000000,0x00000000,3,0,1,0,1
present,4296,143168783,0x00000000,0,0,0,0x00000000,0x00000000,3,0,1,0,1
present,4297,143200986,0x00000000,0,0,0,0x00000000,0x00000000,3,0,1,0,1
present,4298,143237318,0x00000000,0,0,0,0x00000000,0x00000000,3,0,1,0,1
present,4299,143267628,0x00000000,0,0,0,0x00000000,0x00000000,3,0,1,0,1
present,4300,143304002,0x00000000,0,0,0,0x00000000,0x00000000,3,0,1,0,1
present,4301,143335941,0x00000000,0,0,0,0x00000000,0x00000000,3,0,1,0,1
present,4302,143368887,0x00000000,0,0,0,0x00000000,0x00000000,3,0,1,0,1
present,4303,143401402,0x00000000,0,0,0,0x00000000,0x00000000,3,0,1,0,1
present,4304,143437285,0x00000000,0,0,0,0x00000000,0x00000000,3,0,1,0,1
present,4305,143469968,0x00000000,0,0,0,0x00000000,0x00000000,3,0,1,0,1
present,4306,143502408,0x00000000,0,0,0,0x00000000,0x00000000,3,0,1,0,1
present,4307,143535726,0x00000000,0,0,0,0x00000000,0x00000000,3,0,1,0,1
present,4308,143570706,0x00000000,0,0,0,0x00000000,0x00000000,3,0,1,0,1
present,4309,143604146,0x00000000,0,0,0,0x00000000,0x00000000,3,0,1,0,1
present,4310,143637073,0x00000000,0,0,0,0x00000000,0x00000000,3,0,1,0,1
present,4311,143668576,0x00000000,0,0,0,0x00000000,0x00000000,3,0,1,0,1
present,4312,143704594,0x00000000,0,0,0,0x00000000,0x00000000,3,0,1,0,1
present,4313,143737587,0x00000000,0,0,0,0x00000000,0x00000000,3,0,1,0,1
present,4314,143767260,0x00000000,0,0,0,0x00000000,0x00000000,3,0,1,0,1
present,4315,143809864,0x00000000,0,0,0,0x00000000,0x00000000,3,0,1,0,1
present,4316,143837238,0x00000000,0,0,0,0x00000000,0x00000000,3,0,1,0,1
present,4317,143870452,0x00000000,0,0,0,0x00000000,0x00000000,3,0,1,0,1
present,4318,143904420,0x00000000,0,0,0,0x00000000,0x00000000,3,0,1,0,1
present,4319,143937337,0x00000000,0,0,0,0x00000000,0x00000000,3,0,1,0,1
present,4320,143970396,0x00000000,0,0,0,0x00000000,0x00000000,3,0,1,0,1
present,4321,144001995,0x00000000,0,0,0,0x00000000,0x00000000,0,0,1,0,1
present,4322,144037025,0x00000000,0,0,0,0x00000000,0x00000000,0,0,1,0,1
present,4323,144070925,0x00000000,0,0,0,0x00000000,0x00000000,0,0,1,0,1
present,4324,144100689,0x00000000,0,0,0,0x00000000,0x00000000,0,0,1,0,1
present,4325,144138007,0x00000000,0,0,0,0x00000000,0x00000000,0,0,1,0,1
present,4326,144167440,0x00000000,0,0,0,0x00000000,0x00000000,0,0,1,0,1
present,4327,144201949,0x00000000,0,0,0,0x00000000,0x00000000,0,0,1,0,1
present,4328,144234200,0x00000000,0,0,0,0x00000000,0x00000000,0,0,1,0,1
present,4329,144268419,0x00000000,0,0,0,0x00000000,0x00000000,0,0,1,0,1
present,4330,144303742,0x00000000,0,0,0,0x00000000,0x00000000,0,0,1,0,1
present,4331,144337882,0x00000000,0,0,0,0x00000000,0x00000000,0,0,1,0,1
present,4332,144369031,0x00000000,0,0,0,0x00000000,0x00000000,0,0,1,0,1
present,4333,144403685,0x00000000,0,0,0,0x00000000,0x00000000,0,0,1,0,1
present,4334,144437592,0x00000000,0,0,0,0x00000000,0x00000000,0,0,1,0,1
present,4335,144470616,0x00000000,0,0,0,0x00000000,0x00000000,0,0,1,0,1
present,4336,144501213,0x00000000,0,0,0,0x00000000,0x00000000,0,0,1,0,1
present,4337,144537641,0x00000000,0,0,0,0x00000000,0x00000000,0,0,1,0,1
present,4338,144568884,0x00000000,0,0,0,0x00000000,0x00000000,0,0,1,0,1
present,4339,144602315,0x00000000,0,0,0,0x00000000,0x00000000,0,0,1,0,1
present,4340,144635028,0x00000000,0,0,0,0x00000000,0x00000000,0,0,1,0,1
present,4341,144670823,0x00000000,0,0,0,0x00000000,0x00000000,0,0,1,0,1
present,4342,144703672,0x00000000,0,0,0,0x00000000,0x00000000,0,0,1,0,1
present,4343,144735830,0x00000000,0,0,0,0x00000000,0x00000000,0,0,1,0,1
present,4344,144769027,0x00000000,0,0,0,0x00000000,0x00000000,0,0,1,0,1
present,4345,144818195,0x00000000,0,0,0,0x00000000,0x00000000,0,0,1,0,1
present,4346,144835987,0x00000000,0,0,0,0x00000000,0x00000000,0,0,1,0,1
present,4347,144870773,0x00000000,0,0,0,0x00000000,0x00000000,0,0,1,0,1
present,4348,144900702,0x00000000,0,0,0,0x00000000,0x00000000,0,0,1,0,1
present,4349,144937687,0x00000000,0,0,0,0x00000000,0x00000000,0,0,1,0,1
present,4350,144970686,0x00000000,0,0,0,0x00000000,0x00000000,0,0,1,0,1
present,4351,145004826,0x00000000,0,0,0,0x00000000,0x00000000,1,0,1,0,1
present,4352,145034078,0x00000000,0,0,0,0x00000000,0x00000000,1,0,1,0,1
present,4353,145070782,0x00000000,0,0,0,0x00000000,0x00000000,1,0,1,0,1
present,4354,145100508,0x00000000,0,0,0,0x00000000,0x00000000,1,0,1,0,1
present,4355,145135720,0x00000000,0,0,0,0x00000000,0x00000000,1,0,1,0,1
present,4356,145170562,0x00000000,0,0,0,0x00000000,0x00000000,1,0,1,0,1
present,4357,145201556,0x00000000,0,0,0,0x00000000,0x00000000,1,0,1,0,1
present,4358,145236222,0x00000000,0,0,0,0x00000000,0x00000000,1,0,1,0,1
present,4359,145269396,0x00000000,0,0,0,0x00000000,0x00000000,1,0,1,0,1
present,4360,145301771,0x00000000,0,0,0,0x00000000,0x00000000,1,0,1,0,1
present,4361,145337359,0x00000000,0,0,0,0x00000000,0x00000000,1,0,1,0,1
present,4362,145368070,0x00000000,0,0,0,0x00000000,0x00000000,1,0,1,0,1
present,4363,145400793,0x00000000,0,0,0,0x00000000,0x00000000,1,0,1,0,1
present,4364,145437610,0x00000000,0,0,0,0x00000000,0x00000000,1,0,1,0,1
present,4365,145470503,0x00000000,0,0,0,0x00000000,0x00000000,1,0,1,0,1
present,4366,145500730,0x00000000,0,0,0,0x00000000,0x00000000,1,0,1,0,1
present,4367,145534554,0x00000000,0,0,0,0x00000000,0x00000000,1,0,1,0,1
present,4368,145570927,0x00000000,0,0,0,0x00000000,0x00000000,1,0,1,0,1
present,4369,145603249,0x00000000,0,0,0,0x00000000,0x00000000,1,0,1,0,1
present,4370,145637220,0x00000000,0,0,0,0x00000000,0x00000000,1,0,1,0,1
present,4371,145667260,0x00000000,0,0,0,0x00000000,0x00000000,1,0,1,0,1
present,4372,145704489,0x00000000,0,0,0,0x00000000,0x00000000,1,0,1,0,1
present,4373,145736867,0x00000000,0,0,0,0x00000000,0x00000000,1,0,1,0,1
present,4374,145770767,0x00000000,0,0,0,0x00000000,0x00000000,1,0,1,0,1
present,4375,145808048,0x00000000,0,0,0,0x00000000,0x00000000,1,0,1,0,1
present,4376,145834601,0x00000000,0,0,0,0x00000000,0x00000000,1,0,1,0,1
present,4377,145870424,0x00000000,0,0,0,0x00000000,0x00000000,1,0,1,0,1
present,4378,145901016,0x00000000,0,0,0,0x00000000,0x00000000,1,0,1,0,1
present,4379,145937040,0x00000000,0,0,0,0x00000000,0x00000000,1,0,1,0,1
present,4380,145971421,0x00000000,0,0,0,0x00000000,0x00000000,1,0,1,0,1
present,4381,146003598,0x00000000,0,0,0,0x00000000,0x00000000,2,0,1,0,1
present,4382,146037399,0x00000000,0,0,0,0x00000000,0x00000000,2,0,1,0,1
present,4383,146067896,0x00000000,0,0,0,0x00000000,0x00000000,2,0,1,0,1
present,4384,146104085,0x00000000,0,0,0,0x00000000,0x00000000,2,0,1,0,1
present,4385,146137917,0x00000000,0,0,0,0x00000000,0x00000000,2,0,1,0,1
present,4386,146170287,0x00000000,0,0,0,0x00000000,0x00000000,2,0,1,0,1
present,4387,146201413,0x00000000,0,0,0,0x00000000,0x00000000,2,0,1,0,1
present,4388,146237255,0x00000000,0,0,0,0x00000000,0x00000000,2,0,1,0,1
present,4389,146271329,0x00000000,0,0,0,0x00000000,0x00000000,2,0,1,0,1
present,4390,146302522,0x00000000,0,0,0,0x00000000,0x00000000,2,0,1,0,1
present,4391,146335310,0x00000000,0,0,0,0x00000000,0x00000000,2,0,1,0,1
present,4392,146369256,0x00000000,0,0,0,0x00000000,0x00000000,2,0,1,0,1
present,4393,146404189,0x00000000,0,0,0,0x00000000,0x00000000,2,0,1,0,1
present,4394,146436565,0x00000000,0,0,0,0x00000000,0x00000000,2,0,1,0,1
present,4395,146471330,0x00000000,0,0,0,0x00000000,0x00000000,2,0,1,0,1
present,4396,146501966,0x00000000,0,0,0,0x00000000,0x00000000,2,0,1,0,1
present,4397,146535822,0x00000000,0,0,0,0x00000000,0x00000000,2,0,1,0,1
present,4398,146568878,0x00000000,0,0,0,0x00000000,0x00000000,2,0,1,0,1
present,4399,146602367,0x00000000,0,0,0,0x00000000,0x00000000,2,0,1,0,1
present,4400,146634036,0x00000000,0,0,0,0x00000000,0x00000000,2,0,1,0,1
present,4401,146668748,0x00000000,0,0,0,0x00000000,0x00000000,2,0,1,0,1
present,4402,146703398,0x00000000,0,0,0,0x00000000,0x00000000,2,0,1,0,1
present,4403,146734037,0x00000000,0,0,0,0x00000000,0x00000000,2,0,1,0,1
present,4404,146771070,0x00000000,0,0,0,0x00000000,0x00000000,2,0,1,0,1
present,4405,146801614,0x00000000,0,0,0,0x00000000,0x00000000,2,0,1,0,1
present,4406,146837421,0x00000000,0,0,0,0x00000000,0x00000000,2,0,1,0,1
present,4407,146867327,0x00000000,0,0,0,0x00000000,0x00000000,2,0,1,0,1
present,4408,146902198,0x00000000,0,0,0,0x00000000,0x00000000,2,0,1,0,1
present,4409,146936998,0x00000000,0,0,0,0x00000000,0x00000000,2,0,1,0,1
present,4410,146967918,0x00000000,0,0,0,0x00000000,0x00000000,2,0,1,0,1
present,4411,147004119,0x00000000,0,0,0,0x00000000,0x00000000,3,0,1,0,1
present,4412,147033927,0x00000000,0,0,0,0x00000000,0x00000000,3,0,1,0,1
present,4413,147070290,0x00000000,0,0,0,0x00000000,0x00000000,3,0,1,0,1
present,4414,147102329,0x00000000,0,0,0,0x00000000,0x00000000,3,0,1,0,1
present,4415,147136345,0x00000000,0,0,0,0x00000000,0x00000000,3,0,1,0,1
present,4416,147171430,0x00000000,0,0,0,0x00000000,0x00000000,3,0,1,0,1
present,4417,147200766,0x00000000,0,0,0,0x00000000,0x00000000,3,0,1,0,1
present,4418,147238569,0x00000000,0,0,0,0x00000000,0x00000000,3,0,1,0,1
present,4419,147268830,0x00000000,0,0,0,0x00000000,0x00000000,3,0,1,0,1
present,4420,147300571,0x00000000,0,0,0,0x00000000,0x00000000,3,0,1,0,1
present,4421,147334267,0x00000000,0,0,0,0x00000000,0x00000000,3,0,1,0,1
present,4422,147369210,0x00000000,0,0,0,0x00000000,0x00000000,3,0,1,0,1
present,4423,147402811,0x00000000,0,0,0,0x00000000,0x00000000,3,0,1,0,1
present,4424,147437891,0x00000000,0,0,0,0x00000000,0x00000000,3,0,1,0,1
present,4425,147470913,0x00000000,0,0,0,0x00000000,0x00000000,3,0,1,0,1
present,4426,147503944,0x00000000,0,0,0,0x00000000,0x00000000,3,0,1,0,1
present,4427,147537683,0x00000000,0,0,0,0x00000000,0x00000000,3,0,1,0,1
present,4428,147570617,0x00000000,0,0,0,0x00000000,0x00000000,3,0,1,0,1
present,4429,147600601,0x00000000,0,0,0,0x00000000,0x00000000,3,0,1,0,1
present,4430,147636128,0x00000000,0,0,0,0x00000000,0x00000000,3,0,1,0,1
present,4431,147667342,0x00000000,0,0,0,0x00000000,0x00000000,3,0,1,0,1
present,4432,147704778,0x00000000,0,0,0,0x00000000,0x00000000,3,0,1,0,1
present,4433,147737876,0x00000000,0,0,0,0x00000000,0x00000000,3,0,1,0,1
present,4434,147770774,0x00000000,0,0,0,0x00000000,0x00000000,3,0,1,0,1
present,4435,147804748,0x00000000,0,0,0,0x00000000,0x00000000,3,0,1,0,1
present,4436,147835315,0x00000000,0,0,0,0x00000000,0x00000000,3,0,1,0,1
present,4437,147867612,0x00000000,0,0,0,0x00000000,0x00000000,3,0,1,0,1
present,4438,147903304,0x00000000,0,0,0,0x00000000,0x00000000,3,0,1,0,1
present,4439,147936949,0x00000000,0,0,0,0x00000000,0x00000000,3,0,1,0,1
present,4440,147970071,0x00000000,0,0,0,0x00000000,0x00000000,3,0,1,0,1
present,4441,148004084,0x00000000,0,0,0,0x00000000,0x00000000,0,0,1,0,1
present,4442,148035178,0x00000000,0,0,0,0x00000000,0x00000000,0,0,1,0,1
present,4443,148071147,0x00000000,0,0,0,0x00000000,0x00000000,0,0,1,0,1
present,4444,148104277,0x00000000,0,0,0,0x00000000,0x00000000,0,0,1,0,1
present,4445,148136317,0x00000000,0,0,0,0x00000000,0x00000000,0,0,1,0,1
present,4446,148169207,0x00000000,0,0,0,0x00000000,0x00000000,0,0,1,0,1
present,4447,148204932,0x00000000,0,0,0,0x00000000,0x00000000,0,0,1,0,1
present,4448,148236556,0x00000000,0,0,0,0x00000000,0x00000000,0,0,1,0,1
present,4449,148269609,0x00000000,0,0,0,0x00000000,0x00000000,0,0,1,0,1
present,4450,148300765,0x00000000,0,0,0,0x00000000,0x00000000,0,0,1,0,1
present,4451,148335318,0x00000000,0,0,0,0x00000000,0x00000000,0,0,1,0,1
present,4452,148369326,0x00000000,0,0,0,0x00000000,0x00000000,0,0,1,0,1
present,4453,148403599,0x00000000,0,0,0,0x00000000,0x00000000,0,0,1,0,1
present,4454,148435930,0x00000000,0,0,0,0x00000000,0x00000000,0,0,1,0,1
present,4455,148470901,0x00000000,0,0,0,0x00000000,0x00000000,0,0,1,0,1
present,4456,148500674,0x00000000,0,0,0,0x00000000,0x00000000,0,0,1,0,1
present,4457,148537766,0x00000000,0,0,0,0x00000000,0x00000000,0,0,1,0,1
present,4458,148567623,0x00000000,0,0,0,0x00000000,0x00000000,0,0,1,0,1
present,4459,148600639,0x00000000,0,0,0,0x00000000,0x00000000,0,0,1,0,1
present,4460,148634108,0x00000000,0,0,0,0x00000000,0x00000000,0,0,1,0,1
present,4461,148670884,0x00000000,0,0,0,0x00000000,0x00000000,0,0,1,0,1
present,4462,148703252,0x00000000,0,0,0,0x00000000,0x00000000,0,0,1,0,1
present,4463,148737864,0x00000000,0,0,0,0x00000000,0x00000000,0,0,1,0,1
present,4464,148767383,0x00000000,0,0,0,0x00000000,0x00000000,0,0,1,0,1
present,4465,148804890,0x00000000,0,0,0,0x00000000,0x00000000,0,0,1,0,1
present,4466,148835417,0x00000000,0,0,0,0x00000000,0x00000000,0,0,1,0,1
present,4467,148867481,0x00000000,0,0,0,0x00000000,0x00000000,0,0,1,0,1
present,4468,148904138,0x00000000,0,0,0,0x00000000,0x00000000,0,0,1,0,1
present,4469,148935335,0x00000000,0,0,0,0x00000000,0x00000000,0,0,1,0,1
present,4470,148970628,0x00000000,0,0,0,0x00000000,0x00000000,0,0,1,0,1
present,4471,149001407,0x00000000,0,0,0,0x00000000,0x00000000,1,0,1,0,1
present,4472,149037315,0x00000000,0,0,0,0x00000000,0x00000000,1,0,1,0,1
present,4473,149068302,0x00000000,0,0,0,0x00000000,0x00000000,1,0,1,0,1
present,4474,149102991,0x00000000,0,0,0,0x00000000,0x00000000,1,0,1,0,1
present,4475,149138046,0x00000000,0,0,0,0x00000000,0x00000000,1,0,1,0,1
present,4476,149171173,0x00000000,0,0,0,0x00000000,0x00000000,1,0,1,0,1
present,4477,149202538,0x00000000,0,0,0,0x00000000,0x00000000,1,0,1,0,1
present,4478,149237956,0x00000000,0,0,0,0x00000000,0x00000000,1,0,1,0,1
present,4479,149267743,0x00000000,0,0,0,0x00000000,0x00000000,1,0,1,0,1
present,4480,149303840,0x00000000,0,0,0,0x00000000,0x00000000,1,0,1,0,1
present,4481,149335179,0x00000000,0,0,0,0x00000000,0x00000000,1,0,1,0,1
present,4482,149371120,0x00000000,0,0,0,0x00000000,0x00000000,1,0,1,0,1
present,4483,149400690,0x00000000,0,0,0,0x00000000,0x00000000,1,0,1,0,1
present,4484,149436369,0x00000000,0,0,0,0x00000000,0x00000000,1,0,1,0,1
present,4485,149469405,0x00000000,0,0,0,0x00000000,0x00000000,1,0,1,0,1
present,4486,149502569,0x00000000,0,0,0,0x00000000,0x00000000,1,0,1,0,1
present,4487,149537501,0x00000000,0,0,0,0x00000000,0x00000000,1,0,1,0,1
present,4488,149567511,0x00000000,0,0,0,0x00000000,0x00000000,1,0,1,0,1
present,4489,149601591,0x00000000,0,0,0,0x00000000,0x00000000,1,0,1,0,1
present,4490,149634990,0x00000000,0,0,0,0x00000000,0x00000000,1,0,1,0,1
present,4491,149667949,0x00000000,0,0,0,0x00000000,0x00000000,1,0,1,0,1
present,4492,149702200,0x00000000,0,0,0,0x00000000,0x00000000,1,0,1,0,1
present,4493,149737452,0x00000000,0,0,0,0x00000000,0x00000000,1,0,1,0,1
present,4494,149767434,0x00000000,0,0,0,0x00000000,0x00000000,1,0,1,0,1
present,4495,149812540,0x00000000,0,0,0,0x00000000,0x00000000,1,0,1,0,1
present,4496,149833616,0x00000000,0,0,0,0x00000000,0x00000000,1,0,1,0,1
present,4497,149870460,0x00000000,0,0,0,0x00000000,0x00000000,1,0,1,0,1
present,4498,149904235,0x00000000,0,0,0,0x00000000,0x00000000,1,0,1,0,1
present,4499,149934233,0x00000000,0,0,0,0x00000000,0x00000000,1,0,1,0,1
present,4500,149970492,0x00000000,0,0,0,0x00000000,0x00000000,1,0,1,0,1
present,4501,150004525,0x00000000,0,0,0,0x00000000,0x00000000,2,0,1,0,1
present,4502,150037400,0x00000000,0,0,0,0x00000000,0x00000000,2,0,1,0,1
present,4503,150071243,0x00000000,0,0,0,0x00000000,0x00000000,2,0,1,0,1
present,4504,150100542,0x00000000,0,0,0,0x00000000,0x00000000,2,0,1,0,1
present,4505,150133984,0x00000000,0,0,0,0x00000000,0x00000000,2,0,1,0,1
present,4506,150168399,0x00000000,0,0,0,0x00000000,0x00000000,2,0,1,0,1
present,4507,150204325,0x00000000,0,0,0,0x00000000,0x00000000,2,0,1,0,1
present,4508,150233548,0x00000000,0,0,0,0x00000000,0x00000000,2,0,1,0,1
present,4509,150270264,0x00000000,0,0,0,0x00000000,0x00000000,2,0,1,0,1
present,4510,150302493,0x00000000,0,0,0,0x00000000,0x00000000,2,0,1,0,1
present,4511,150337221,0x00000000,0,0,0,0x00000000,0x00000000,2,0,1,0,1
present,4512,150366957,0x00000000,0,0,0,0x00000000,0x00000000,2,0,1,0,1
present,4513,150403735,0x00000000,0,0,0,0x00000000,0x00000000,2,0,1,0,1
present,4514,150434206,0x00000000,0,0,0,0x00000000,0x00000000,2,0,1,0,1
present,4515,150471220,0x00000000,0,0,0,0x00000000,0x00000000,2,0,1,0,1
present,4516,150503989,0x00000000,0,0,0,0x00000000,0x00000000,2,0,1,0,1
present,4517,150537142,0x00000000,0,0,0,0x00000000,0x00000000,2,0,1,0,1
present,4518,150571017,0x00000000,0,0,0,0x00000000,0x00000000,2,0,1,0,1
present,4519,150603942,0x00000000,0,0,0,0x00000000,0x00000000,2,0,1,0,1
present,4520,150633901,0x00000000,0,0,0,0x00000000,0x00000000,2,0,1,0,1
present,4521,150670759,0x00000000,0,0,0,0x00000000,0x00000000,2,0,1,0,1
present,4522,150700545,0x00000000,0,0,0,0x00000000,0x00000000,2,0,1,0,1
present,4523,150734105,0x00000000,0,0,0,0x00000000,0x00000000,2,0,1,0,1
present,4524,150769926,0x00000000,0,0,0,0x00000000,0x00000000,2,0,1,0,1
present,4525,150806582,0x00000000,0,0,0,0x00000000,0x00000000,2,0,1,0,1
present,4526,150837009,0x00000000,0,0,0,0x00000000,0x00000000,2,0,1,0,1
present,4527,150870787,0x00000000,0,0,0,0x00000000,0x00000000,2,0,1,0,1
present,4528,150901422,0x00000000,0,0,0,0x00000000,0x00000000,2,0,1,0,1
present,4529,150936152,0x00000000,0,0,0,0x00000000,0x00000000,2,0,1,0,1
present,4530,150968982,0x00000000,0,0,0,0x00000000,0x00000000,2,0,1,0,1
present,4531,151000591,0x00000000,0,0,0,0x00000000,0x00000000,3,0,1,0,1
present,4532,151038190,0x00000000,0,0,0,0x00000000,0x00000000,3,0,1,0,1
present,4533,151071224,0x00000000,0,0,0,0x00000000,0x00000000,3,0,1,0,1
present,4534,151102327,0x00000000,0,0,0,0x00000000,0x00000000,3,0,1,0,1
present,4535,151137390,0x00000000,0,0,0,0x00000000,0x00000000,3,0,1,0,1
present,4536,151167736,0x00000000,0,0,0,0x00000000,0x00000000,3,0,1,0,1
present,4537,151203774,0x00000000,0,0,0,0x00000000,0x00000000,3,0,1,0,1
present,4538,151238342,0x00000000,0,0,0,0x00000000,0x00000000,3,0,1,0,1
present,4539,151271181,0x00000000,0,0,0,0x00000000,0x00000000,3,0,1,0,1
present,4540,151302371,0x00000000,0,0,0,0x00000000,0x00000000,3,0,1,0,1
present,4541,151337118,0x00000000,0,0,0,0x00000000,0x00000000,3,0,1,0,1
present,4542,151371200,0x00000000,0,0,0,0x00000000,0x00000000,3,0,1,0,1
present,4543,151402343,0x00000000,0,0,0,0x00000000,0x00000000,3,0,1,0,1
present,4544,151434103,0x00000000,0,0,0,0x00000000,0x00000000,3,0,1,0,1
present,4545,151470724,0x00000000,0,0,0,0x00000000,0x00000000,3,0,1,0,1
present,4546,151503224,0x00000000,0,0,0,0x00000000,0x00000000,3,0,1,0,1
present,4547,151536249,0x00000000,0,0,0,0x00000000,0x00000000,3,0,1,0,1
present,4548,151571357,0x00000000,0,0,0,0x00000000,0x00000000,3,0,1,0,1
present,4549,151603565,0x00000000,0,0,0,0x00000000,0x00000000,3,0,1,0,1
present,4550,151637636,0x00000000,0,0,0,0x00000000,0x00000000,3,0,1,0,1
present,4551,151667914,0x00000000,0,0,0,0x00000000,0x00000000,3,0,1,0,1
present,4552,151700766,0x00000000,0,0,0,0x00000000,0x00000000,3,0,1,0,1
present,4553,151734293,0x00000000,0,0,0,0x00000000,0x00000000,3,0,1,0,1
present,4554,151770832,0x00000000,0,0,0,0x00000000,0x00000000,3,0,1,0,1
present,4555,151811322,0x00000000,0,0,0,0x00000000,0x00000000,3,0,1,0,1
present,4556,151836083,0x00000000,0,0,0,0x00000000,0x00000000,3,0,1,0,1
present,4557,151870981,0x00000000,0,0,0,0x00000000,0x00000000,3,0,1,0,1
present,4558,151903962,0x00000000,0,0,0,0x00000000,0x00000000,3,0,1,0,1
present,4559,151935674,0x00000000,0,0,0,0x00000000,0x00000000,3,0,1,0,1
present,4560,151970435,0x00000000,0,0,0,0x00000000,0x00000000,3,0,1,0,1
present,4561,152002358,0x00000000,0,0,0,0x00000000,0x00000000,0,0,1,0,1
present,4562,152035399,0x00000000,0,0,0,0x00000000,0x00000000,0,0,1,0,1
present,4563,152070271,0x00000000,0,0,0,0x00000000,0x00000000,0,0,1,0,1
present,4564,152104722,0x00000000,0,0,0,0x00000000,0x00000000,0,0,1,0,1
present,4565,152135100,0x00000000,0,0,0,0x00000000,0x00000000,0,0,1,0,1
present,4566,152171134,0x00000000,0,0,0,0x00000000,0x00000000,0,0,1,0,1
present,4567,152200755,0x00000000,0,0,0,0x00000000,0x00000000,0,0,1,0,1
present,4568,152234194,0x00000000,0,0,0,0x00000000,0x00000000,0,0,1,0,1
present,4569,152268187,0x00000000,0,0,0,0x00000000,0x00000000,0,0,1,0,1
present,4570,152302491,0x00000000,0,0,0,0x00000000,0x00000000,0,0,1,0,1
present,4571,152336213,0x00000000,0,0,0,0x00000000,0x00000000,0,0,1,0,1
present,4572,152368534,0x00000000,0,0,0,0x00000000,0x00000000,0,0,1,0,1
present,4573,152403589,0x00000000,0,0,0,0x00000000,0x00000000,0,0,1,0,1
present,4574,152436302,0x00000000,0,0,0,0x00000000,0x00000000,0,0,1,0,1
present,4575,152468895,0x00000000,0,0,0,0x00000000,0x00000000,0,0,1,0,1
present,4576,152503870,0x00000000,0,0,0,0x00000000,0x00000000,0,0,1,0,1
present,4577,152537861,0x00000000,0,0,0,0x00000000,0x00000000,0,0,1,0,1
present,4578,152569194,0x00000000,0,0,0,0x00000000,0x00000000,0,0,1,0,1
present,4579,152604482,0x00000000,0,0,0,0x00000000,0x00000000,0,0,1,0,1
present,4580,152634093,0x00000000,0,0,0,0x00000000,0x00000000,0,0,1,0,1
present,4581,152671148,0x00000000,0,0,0,0x00000000,0x00000000,0,0,1,0,1
present,4582,152703098,0x00000000,0,0,0,0x00000000,0x00000000,0,0,1,0,1
present,4583,152738293,0x00000000,0,0,0,0x00000000,0x00000000,0,0,1,0,1
present,4584,152767878,0x00000000,0,0,0,0x00000000,0x00000000,0,0,1,0,1
present,4585,152806302,0x00000000,0,0,0,0x00000000,0x00000000,0,0,1,0,1
present,4586,152834217,0x00000000,0,0,0,0x00000000,0x00000000,0,0,1,0,1
present,4587,152870425,0x00000000,0,0,0,0x00000000,0x00000000,0,0,1,0,1
present,4588,152904482,0x00000000,0,0,0,0x00000000,0x00000000,0,0,1,0,1
present,4589,152937310,0x00000000,0,0,0,0x00000000,0x00000000,0,0,1,0,1
present,4590,152971102,0x00000000,0,0,0,0x00000000,0x00000000,0,0,1,0,1
present,4591,153001118,0x00000000,0,0,0,0x00000000,0x00000000,1,0,1,0,1
present,4592,153037132,0x00000000,0,0,0,0x00000000,0x00000000,1,0,1,0,1
present,4593,153068092,0x00000000,0,0,0,0x00000000,0x00000000,1,0,1,0,1
present,4594,153101038,0x00000000,0,0,0,0x00000000,0x00000000,1,0,1,0,1
present,4595,153137670,0x00000000,0,0,0,0x00000000,0x00000000,1,0,1,0,1
present,4596,153167353,0x00000000,0,0,0,0x00000000,0x00000000,1,0,1,0,1
present,4597,153203634,0x00000000,0,0,0,0x00000000,0x00000000,1,0,1,0,1
present,4598,153237779,0x00000000,0,0,0,0x00000000,0x00000000,1,0,1,0,1
present,4599,153270944,0x00000000,0,0,0,0x00000000,0x00000000,1,0,1,0,1
present,4600,153303899,0x00000000,0,0,0,0x00000000,0x00000000,1,0,1,0,1
present,4601,153335649,0x00000000,0,0,0,0x00000000,0x00000000,1,0,1,0,1
present,4602,153367719,0x00000000,0,0,0,0x00000000,0x00000000,1,0,1,0,1
present,4603,153400718,0x00000000,0,0,0,0x00000000,0x00000000,1,0,1,0,1
present,4604,153434884,0x00000000,0,0,0,0x00000000,0x00000000,1,0,1,0,1
present,4605,153470852,0x00000000,0,0,0,0x00000000,0x00000000,1,0,1,0,1
present,4606,153503770,0x00000000,0,0,0,0x00000000,0x00000000,1,0,1,0,1
present,4607,153534494,0x00000000,0,0,0,0x00000000,0x00000000,1,0,1,0,1
present,4608,153570635,0x00000000,0,0,0,0x00000000,0x00000000,1,0,1,0,1
present,4609,153604460,0x00000000,0,0,0,0x00000000,0x00000000,1,0,1,0,1
present,4610,153633992,0x00000000,0,0,0,0x00000000,0x00000000,1,0,1,0,1
present,4611,153669114,0x00000000,0,0,0,0x00000000,0x00000000,1,0,1,0,1
present,4612,153700649,0x00000000,0,0,0,0x00000000,0x00000000,1,0,1,0,1
present,4613,153738046,0x00000000,0,0,0,0x00000000,0x00000000,1,0,1,0,1
present,4614,153771067,0x00000000,0,0,0,0x00000000,0x00000000,1,0,1,0,1
present,4615,153804724,0x00000000,0,0,0,0x00000000,0x00000000,1,0,1,0,1
present,4616,153833585,0x00000000,0,0,0,0x00000000,0x00000000,1,0,1,0,1
present,4617,153870439,0x00000000,0,0,0,0x00000000,0x00000000,1,0,1,0,1
present,4618,153904240,0x00000000,0,0,0,0x00000000,0x00000000,1,0,1,0,1
present,4619,153935226,0x00000000,0,0,0,0x00000000,0x00000000,1,0,1,0,1
present,4620,153968034,0x00000000,0,0,0,0x00000000,0x00000000,1,0,1,0,1
present,4621,154003832,0x00000000,0,0,0,0x00000000,0x00000000,2,0,1,0,1
present,4622,154034951,0x00000000,0,0,0,0x00000000,0x00000000,2,0,1,0,1
present,4623,154071245,0x00000000,0,0,0,0x00000000,0x00000000,2,0,1,0,1
present,4624,154102389,0x00000000,0,0,0,0x00000000,0x00000000,2,0,1,0,1
present,4625,154137282,0x00000000,0,0,0,0x00000000,0x00000000,2,0,1,0,1
present,4626,154171170,0x00000000,0,0,0,0x00000000,0x00000000,2,0,1,0,1
present,4627,154204133,0x00000000,0,0,0,0x00000000,0x00000000,2,0,1,0,1
present,4628,154237601,0x00000000,0,0,0,0x00000000,0x00000000,2,0,1,0,1
present,4629,154270220,0x00000000,0,0,0,0x00000000,0x00000000,2,0,1,0,1
present,4630,154302561,0x00000000,0,0,0,0x00000000,0x00000000,2,0,1,0,1
present,4631,154334536,0x00000000,0,0,0,0x00000000,0x00000000,2,0,1,0,1
present,4632,154368393,0x00000000,0,0,0,0x00000000,0x00000000,2,0,1,0,1
present,4633,154404155,0x00000000,0,0,0,0x00000000,0x00000000,2,0,1,0,1
present,4634,154438059,0x00000000,0,0,0,0x00000000,0x00000000,2,0,1,0,1
present,4635,154471034,0x00000000,0,0,0,0x00000000,0x00000000,2,0,1,0,1
present,4636,154502106,0x00000000,0,0,0,0x00000000,0x00000000,2,0,1,0,1
present,4637,154535746,0x00000000,0,0,0,0x00000000,0x00000000,2,0,1,0,1
present,4638,154570537,0x00000000,0,0,0,0x00000000,0x00000000,2,0,1,0,1
present,4639,154601998,0x00000000,0,0,0,0x00000000,0x00000000,2,0,1,0,1
present,4640,154635259,0x00000000,0,0,0,0x00000000,0x00000000,2,0,1,0,1
present,4641,154670378,0x00000000,0,0,0,0x00000000,0x00000000,2,0,1,0,1
present,4642,154701211,0x00000000,0,0,0,0x00000000,0x00000000,2,0,1,0,1
present,4643,154737328,0x00000000,0,0,0,0x00000000,0x00000000,2,0,1,0,1
present,4644,154769184,0x00000000,0,0,0,0x00000000,0x00000000,2,0,1,0,1
present,4645,154803768,0x00000000,0,0,0,0x00000000,0x00000000,2,0,1,0,1
present,4646,154837176,0x00000000,0,0,0,0x00000000,0x00000000,2,0,1,0,1
present,4647,154870892,0x00000000,0,0,0,0x00000000,0x00000000,2,0,1,0,1
present,4648,154901945,0x00000000,0,0,0,0x00000000,0x00000000,2,0,1,0,1
present,4649,154936910,0x00000000,0,0,0,0x00000000,0x00000000,2,0,1,0,1
present,4650,154970982,0x00000000,0,0,0,0x00000000,0x00000000,2,0,1,0,1
present,4651,155003805,0x00000000,0,0,0,0x00000000,0x00000000,3,0,1,0,1
present,4652,155036497,0x00000000,0,0,0,0x00000000,0x00000000,3,0,1,0,1
present,4653,155069153,0x00000000,0,0,0,0x00000000,0x00000000,3,0,1,0,1
present,4654,155102664,0x00000000,0,0,0,0x00000000,0x00000000,3,0,1,0,1
present,4655,155135362,0x00000000,0,0,0,0x00000000,0x00000000,3,0,1,0,1
present,4656,155170392,0x00000000,0,0,0,0x00000000,0x00000000,3,0,1,0,1
present,4657,155204654,0x00000000,0,0,0,0x00000000,0x00000000,3,0,1,0,1
present,4658,155234239,0x00000000,0,0,0,0x00000000,0x00000000,3,0,1,0,1
present,4659,155270487,0x00000000,0,0,0,0x00000000,0x00000000,3,0,1,0,1
present,4660,155304503,0x00000000,0,0,0,0x00000000,0x00000000,3,0,1,0,1
present,4661,155337011,0x00000000,0,0,0,0x00000000,0x00000000,3,0,1,0,1
present,4662,155367951,0x00000000,0,0,0,0x00000000,0x00000000,3,0,1,0,1
present,4663,155401193,0x00000000,0,0,0,0x00000000,0x00000000,3,0,1,0,1
present,4664,155437082,0x00000000,0,0,0,0x00000000,0x00000000,3,0,1,0,1
present,4665,155470994,0x00000000,0,0,0,0x00000000,0x00000000,3,0,1,0,1
present,4666,155504036,0x00000000,0,0,0,0x00000000,0x00000000,3,0,1,0,1
present,4667,155537994,0x00000000,0,0,0,0x00000000,0x00000000,3,0,1,0,1
present,4668,155570993,0x00000000,0,0,0,0x00000000,0x00000000,3,0,1,0,1
present,4669,155604134,0x00000000,0,0,0,0x00000000,0x00000000,3,0,1,0,1
present,4670,155637106,0x00000000,0,0,0,0x00000000,0x00000000,3,0,1,0,1
present,4671,155668143,0x00000000,0,0,0,0x00000000,0x00000000,3,0,1,0,1
present,4672,155704644,0x00000000,0,0,0,0x00000000,0x00000000,3,0,1,0,1
present,4673,155737387,0x00000000,0,0,0,0x00000000,0x00000000,3,0,1,0,1
present,4674,155768020,0x00000000,0,0,0,0x00000000,0x00000000,3,0,1,0,1
present,4675,155805027,0x00000000,0,0,0,0x00000000,0x00000000,3,0,1,0,1
present,4676,155835853,0x00000000,0,0,0,0x00000000,0x00000000,3,0,1,0,1
present,4677,155867692,0x00000000,0,0,0,0x00000000,0x00000000,3,0,1,0,1
present,4678,155902502,0x00000000,0,0,0,0x00000000,0x00000000,3,0,1,0,1
present,4679,155936853,0x00000000,0,0,0,0x00000000,0x00000000,3,0,1,0,1
present,4680,155967458,0x00000000,0,0,0,0x00000000,0x00000000,3,0,1,0,1
present,4681,156004486,0x00000000,0,0,0,0x00000000,0x00000000,0,0,1,0,1
present,4682,156037376,0x00000000,0,0,0,0x00000000,0x00000000,0,0,1,0,1
present,4683,156067502,0x00000000,0,0,0,0x00000000,0x00000000,0,0,1,0,1
present,4684,156104639,0x00000000,0,0,0,0x00000000,0x00000000,0,0,1,0,1
present,4685,156136973,0x00000000,0,0,0,0x00000000,0x00000000,0,0,1,0,1
present,4686,156170992,0x00000000,0,0,0,0x00000000,0x00000000,0,0,1,0,1
present,4687,156200761,0x00000000,0,0,0,0x00000000,0x00000000,0,0,1,0,1
present,4688,156233996,0x00000000,0,0,0,0x00000000,0x00000000,0,0,1,0,1
present,4689,156269029,0x00000000,0,0,0,0x00000000,0x00000000,0,0,1,0,1
present,4690,156304049,0x00000000,0,0,0,0x00000000,0x00000000,0,0,1,0,1
present,4691,156337962,0x00000000,0,0,0,0x00000000,0x00000000,0,0,1,0,1
present,4692,156367261,0x00000000,0,0,0,0x00000000,0x00000000,0,0,1,0,1
present,4693,156404308,0x00000000,0,0,0,0x00000000,0x00000000,0,0,1,0,1
present,4694,156435913,0x00000000,0,0,0,0x00000000,0x00000000,0,0,1,0,1
present,4695,156470284,0x00000000,0,0,0,0x00000000,0x00000000,0,0,1,0,1
present,4696,156501933,0x00000000,0,0,0,0x00000000,0x00000000,0,0,1,0,1
present,4697,156537119,0x00000000,0,0,0,0x00000000,0x00000000,0,0,1,0,1
present,4698,156571020,0x00000000,0,0,0,0x00000000,0x00000000,0,0,1,0,1
present,4699,156601686,0x00000000,0,0,0,0x00000000,0x00000000,0,0,1,0,1
present,4700,156637605,0x00000000,0,0,0,0x00000000,0x00000000,0,0,1,0,1
present,4701,156670411,0x00000000,0,0,0,0x00000000,0x00000000,0,0,1,0,1
present,4702,156700745,0x00000000,0,0,0,0x00000000,0x00000000,0,0,1,0,1
present,4703,156738297,0x00000000,0,0,0,0x00000000,0x00000000,0,0,1,0,1
present,4704,156771141,0x00000000,0,0,0,0x00000000,0x00000000,0,0,1,0,1
present,4705,156805969,0x00000000,0,0,0,0x00000000,0x00000000,0,0,1,0,1
present,4706,156838091,0x00000000,0,0,0,0x00000000,0x00000000,0,0,1,0,1
present,4707,156868643,0x00000000,0,0,0,0x00000000,0x00000000,0,0,1,0,1
present,4708,156904536,0x00000000,0,0,0,0x00000000,0x00000000,0,0,1,0,1
present,4709,156937569,0x00000000,0,0,0,0x00000000,0x00000000,0,0,1,0,1
present,4710,156969378,0x00000000,0,0,0,0x00000000,0x00000000,0,0,1,0,1
present,4711,157005655,0x00000000,0,0,0,0x00000000,0x00000000,1,0,1,0,1
present,4712,157033903,0x00000000,0,0,0,0x00000000,0x00000000,1,0,1,0,1
present,4713,157071197,0x00000000,0,0,0,0x00000000,0x00000000,1,0,1,0,1
present,4714,157104057,0x00000000,0,0,0,0x00000000,0x00000000,1,0,1,0,1
present,4715,157137381,0x00000000,0,0,0,0x00000000,0x00000000,1,0,1,0,1
present,4716,157170337,0x00000000,0,0,0,0x00000000,0x00000000,1,0,1,0,1
present,4717,157204442,0x00000000,0,0,0,0x00000000,0x00000000,1,0,1,0,1
present,4718,157236580,0x00000000,0,0,0,0x00000000,0x00000000,1,0,1,0,1
present,4719,157270495,0x00000000,0,0,0,0x00000000,0x00000000,1,0,1,0,1
present,4720,157300709,0x00000000,0,0,0,0x00000000,0x00000000,1,0,1,0,1
present,4721,157337621,0x00000000,0,0,0,0x00000000,0x00000000,1,0,1,0,1
present,4722,157370624,0x00000000,0,0,0,0x00000000,0x00000000,1,0,1,0,1
present,4723,157400576,0x00000000,0,0,0,0x00000000,0x00000000,1,0,1,0,1
present,4724,157435349,0x00000000,0,0,0,0x00000000,0x00000000,1,0,1,0,1
present,4725,157467880,0x00000000,0,0,0,0x00000000,0x00000000,1,0,1,0,1
present,4726,157503997,0x00000000,0,0,0,0x00000000,0x00000000,1,0,1,0,1
present,4727,157537982,0x00000000,0,0,0,0x00000000,0x00000000,1,0,1,0,1
present,4728,157567441,0x00000000,0,0,0,0x00000000,0x00000000,1,0,1,0,1
present,4729,157600663,0x00000000,0,0,0,0x00000000,0x00000000,1,0,1,0,1
present,4730,157635903,0x00000000,0,0,0,0x00000000,0x00000000,1,0,1,0,1
present,4731,157667572,0x00000000,0,0,0,0x00000000,0x00000000,1,0,1,0,1
present,4732,157704829,0x00000000,0,0,0,0x00000000,0x00000000,1,0,1,0,1
present,4733,157738050,0x00000000,0,0,0,0x00000000,0x00000000,1,0,1,0,1
present,4734,157769263,0x00000000,0,0,0,0x00000000,0x00000000,1,0,1,0,1
present,4735,157810243,0x00000000,0,0,0,0x00000000,0x00000000,1,0,1,0,1
present,4736,157833696,0x00000000,0,0,0,0x00000000,0x00000000,1,0,1,0,1
present,4737,157870614,0x00000000,0,0,0,0x00000000,0x00000000,1,0,1,0,1
present,4738,157904358,0x00000000,0,0,0,0x00000000,0x00000000,1,0,1,0,1
present,4739,157934092,0x00000000,0,0,0,0x00000000,0x00000000,1,0,1,0,1
present,4740,157968561,0x00000000,0,0,0,0x00000000,0x00000000,1,0,1,0,1
present,4741,158002927,0x00000000,0,0,0,0x00000000,0x00000000,2,0,1,0,1
present,4742,158035278,0x00000000,0,0,0,0x00000000,0x00000000,2,0,1,0,1
present,4743,158071268,0x00000000,0,0,0,0x00000000,0x00000000,2,0,1,0,1
present,4744,158104034,0x00000000,0,0,0,0x00000000,0x00000000,2,0,1,0,1
present,4745,158134103,0x00000000,0,0,0,0x00000000,0x00000000,2,0,1,0,1
present,4746,158171160,0x00000000,0,0,0,0x00000000,0x00000000,2,0,1,0,1
present,4747,158203932,0x00000000,0,0,0,0x00000000,0x00000000,2,0,1,0,1
present,4748,158234629,0x00000000,0,0,0,0x00000000,0x00000000,2,0,1,0,1
present,4749,158268568,0x00000000,0,0,0,0x00000000,0x00000000,2,0,1,0,1
present,4750,158302433,0x00000000,0,0,0,0x00000000,0x00000000,2,0,1,0,1
present,4751,158336165,0x00000000,0,0,0,0x00000000,0x00000000,2,0,1,0,1
present,4752,158368728,0x00000000,0,0,0,0x00000000,0x00000000,2,0,1,0,1
present,4753,158404467,0x00000000,0,0,0,0x00000000,0x00000000,2,0,1,0,1
present,4754,158434116,0x00000000,0,0,0,0x00000000,0x00000000,2,0,1,0,1
present,4755,158467428,0x00000000,0,0,0,0x00000000,0x00000000,2,0,1,0,1
present,4756,158504190,0x00000000,0,0,0,0x00000000,0x00000000,2,0,1,0,1
present,4757,158537885,0x00000000,0,0,0,0x00000000,0x00000000,2,0,1,0,1
present,4758,158570626,0x00000000,0,0,0,0x00000000,0x00000000,2,0,1,0,1
present,4759,158601883,0x00000000,0,0,0,0x00000000,0x00000000,2,0,1,0,1
present,4760,158637888,0x00000000,0,0,0,0x00000000,0x00000000,2,0,1,0,1
present,4761,158670628,0x00000000,0,0,0,0x00000000,0x00000000,2,0,1,0,1
present,4762,158704473,0x00000000,0,0,0,0x00000000,0x00000000,2,0,1,0,1
present,4763,158737346,0x00000000,0,0,0,0x00000000,0x00000000,2,0,1,0,1
present,4764,158770385,0x00000000,0,0,0,0x00000000,0x00000000,2,0,1,0,1
present,4765,158810680,0x00000000,0,0,0,0x00000000,0x00000000,2,0,1,0,1
present,4766,158837217,0x00000000,0,0,0,0x00000000,0x00000000,2,0,1,0,1
present,4767,158871005,0x00000000,0,0,0,0x00000000,0x00000000,2,0,1,0,1
present,4768,158903761,0x00000000,0,0,0,0x00000000,0x00000000,2,0,1,0,1
present,4769,158934796,0x00000000,0,0,0,0x00000000,0x00000000,2,0,1,0,1
present,4770,158968920,0x00000000,0,0,0,0x00000000,0x00000000,2,0,1,0,1
present,4771,159001863,0x00000000,0,0,0,0x00000000,0x00000000,3,0,1,0,1
present,4772,159037795,0x00000000,0,0,0,0x00000000,0x00000000,3,0,1,0,1
present,4773,159071157,0x00000000,0,0,0,0x00000000,0x00000000,3,0,1,0,1
present,4774,159101468,0x00000000,0,0,0,0x00000000,0x00000000,3,0,1,0,1
present,4775,159137637,0x00000000,0,0,0,0x00000000,0x00000000,3,0,1,0,1
present,4776,159170831,0x00000000,0,0,0,0x00000000,0x00000000,3,0,1,0,1
present,4777,159203697,0x00000000,0,0,0,0x00000000,0x00000000,3,0,1,0,1
present,4778,159236502,0x00000000,0,0,0,0x00000000,0x00000000,3,0,1,0,1
present,4779,159270525,0x00000000,0,0,0,0x00000000,0x00000000,3,0,1,0,1
present,4780,159302135,0x00000000,0,0,0,0x00000000,0x00000000,3,0,1,0,1
present,4781,159337093,0x00000000,0,0,0,0x00000000,0x00000000,3,0,1,0,1
present,4782,159367482,0x00000000,0,0,0,0x00000000,0x00000000,3,0,1,0,1
present,4783,159403541,0x00000000,0,0,0,0x00000000,0x00000000,3,0,1,0,1
present,4784,159434090,0x00000000,0,0,0,0x00000000,0x00000000,3,0,1,0,1
present,4785,159469040,0x00000000,0,0,0,0x00000000,0x00000000,3,0,1,0,1
present,4786,159500931,0x00000000,0,0,0,0x00000000,0x00000000,3,0,1,0,1
present,4787,159537282,0x00000000,0,0,0,0x00000000,0x00000000,3,0,1,0,1
present,4788,159568521,0x00000000,0,0,0,0x00000000,0x00000000,3,0,1,0,1
present,4789,159604478,0x00000000,0,0,0,0x00000000,0x00000000,3,0,1,0,1
present,4790,159635775,0x00000000,0,0,0,0x00000000,0x00000000,3,0,1,0,1
present,4791,159668126,0x00000000,0,0,0,0x00000000,0x00000000,3,0,1,0,1
present,4792,159704324,0x00000000,0,0,0,0x00000000,0x00000000,3,0,1,0,1
present,4793,159734892,0x00000000,0,0,0,0x00000000,0x00000000,3,0,1,0,1
present,4794,159770805,0x00000000,0,0,0,0x00000000,0x00000000,3,0,1,0,1
present,4795,159819797,0x00000000,0,0,0,0x00000000,0x00000000,3,0,1,0,1
present,4796,159835139,0x00000000,0,0,0,0x00000000,0x00000000,3,0,1,0,1
present,4797,159871175,0x00000000,0,0,0,0x00000000,0x00000000,3,0,1,0,1
present,4798,159901840,0x00000000,0,0,0,0x00000000,0x00000000,3,0,1,0,1
present,4799,159937817,0x00000000,0,0,0,0x00000000,0x00000000,3,0,1,0,1
present,4800,159970935,0x00000000,0,0,0,0x00000000,0x00000000,3,0,1,0,1
present,4801,160003823,0x00000000,0,0,0,0x00000000,0x00000000,0,0,1,0,1
present,4802,160038034,0x00000000,0,0,0,0x00000000,0x00000000,0,0,1,0,1
present,4803,160071369,0x00000000,0,0,0,0x00000000,0x00000000,0,0,1,0,1
present,4804,160104035,0x00000000,0,0,0,0x00000000,0x00000000,0,0,1,0,1
present,4805,160137997,0x00000000,0,0,0,0x00000000,0x00000000,0,0,1,0,1
present,4806,160169648,0x00000000,0,0,0,0x00000000,0x00000000,0,0,1,0,1
present,4807,160204535,0x00000000,0,0,0,0x00000000,0x00000000,0,0,1,0,1
present,4808,160234178,0x00000000,0,0,0,0x00000000,0x00000000,0,0,1,0,1
present,4809,160267768,0x00000000,0,0,0,0x00000000,0x00000000,0,0,1,0,1
present,4810,160301341,0x00000000,0,0,0,0x00000000,0x00000000,0,0,1,0,1
present,4811,160333919,0x00000000,0,0,0,0x00000000,0x00000000,0,0,1,0,1
present,4812,160367499,0x00000000,0,0,0,0x00000000,0x00000000,0,0,1,0,1
present,4813,160403617,0x00000000,0,0,0,0x00000000,0x00000000,0,0,1,0,1
present,4814,160437434,0x00000000,0,0,0,0x00000000,0x00000000,0,0,1,0,1
present,4815,160467585,0x00000000,0,0,0,0x00000000,0x00000000,0,0,1,0,1
present,4816,160500735,0x00000000,0,0,0,0x00000000,0x00000000,0,0,1,0,1
present,4817,160537746,0x00000000,0,0,0,0x00000000,0x00000000,0,0,1,0,1
present,4818,160567851,0x00000000,0,0,0,0x00000000,0x00000000,0,0,1,0,1
present,4819,160604238,0x00000000,0,0,0,0x00000000,0x00000000,0,0,1,0,1
present,4820,160637334,0x00000000,0,0,0,0x00000000,0x00000000,0,0,1,0,1
present,4821,160668362,0x00000000,0,0,0,0x00000000,0x00000000,0,0,1,0,1
present,4822,160702493,0x00000000,0,0,0,0x00000000,0x00000000,0,0,1,0,1
present,4823,160734835,0x00000000,0,0,0,0x00000000,0x00000000,0,0,1,0,1
present,4824,160767510,0x00000000,0,0,0,0x00000000,0x00000000,0,0,1,0,1
present,4825,160809933,0x00000000,0,0,0,0x00000000,0x00000000,0,0,1,0,1
present,4826,160837134,0x00000000,0,0,0,0x00000000,0x00000000,0,0,1,0,1
present,4827,160870547,0x00000000,0,0,0,0x00000000,0x00000000,0,0,1,0,1
present,4828,160902067,0x00000000,0,0,0,0x00000000,0x00000000,0,0,1,0,1
present,4829,160938007,0x00000000,0,0,0,0x00000000,0x00000000,0,0,1,0,1
present,4830,160968869,0x00000000,0,0,0,0x00000000,0x00000000,0,0,1,0,1
present,4831,161001276,0x00000000,0,0,0,0x00000000,0x00000000,1,0,1,0,1
present,4832,161034369,0x00000000,0,0,0,0x00000000,0x00000000,1,0,1,0,1
present,4833,161070357,0x00000000,0,0,0,0x00000000,0x00000000,1,0,1,0,1
present,4834,161104326,0x00000000,0,0,0,0x00000000,0x00000000,1,0,1,0,1
present,4835,161135815,0x00000000,0,0,0,0x00000000,0x00000000,1,0,1,0,1
present,4836,161167390,0x00000000,0,0,0,0x00000000,0x00000000,1,0,1,0,1
present,4837,161200609,0x00000000,0,0,0,0x00000000,0x00000000,1,0,1,0,1
present,4838,161235885,0x00000000,0,0,0,0x00000000,0x00000000,1,0,1,0,1
present,4839,161270969,0x00000000,0,0,0,0x00000000,0x00000000,1,0,1,0,1
present,4840,161300869,0x00000000,0,0,0,0x00000000,0x00000000,1,0,1,0,1
present,4841,161337126,0x00000000,0,0,0,0x00000000,0x00000000,1,0,1,0,1
present,4842,161369108,0x00000000,0,0,0,0x00000000,0x00000000,1,0,1,0,1
present,4843,161403979,0x00000000,0,0,0,0x00000000,0x00000000,1,0,1,0,1
present,4844,161437847,0x00000000,0,0,0,0x00000000,0x00000000,1,0,1,0,1
present,4845,161470713,0x00000000,0,0,0,0x00000000,0x00000000,1,0,1,0,1
present,4846,161504564,0x00000000,0,0,0,0x00000000,0x00000000,1,0,1,0,1
present,4847,161535517,0x00000000,0,0,0,0x00000000,0x00000000,1,0,1,0,1
present,4848,161570268,0x00000000,0,0,0,0x00000000,0x00000000,1,0,1,0,1
present,4849,161600790,0x00000000,0,0,0,0x00000000,0x00000000,1,0,1,0,1
present,4850,161636780,0x00000000,0,0,0,0x00000000,0x00000000,1,0,1,0,1
present,4851,161671080,0x00000000,0,0,0,0x00000000,0x00000000,1,0,1,0,1
present,4852,161700973,0x00000000,0,0,0,0x00000000,0x00000000,1,0,1,0,1
present,4853,161735975,0x00000000,0,0,0,0x00000000,0x00000000,1,0,1,0,1
present,4854,161769012,0x00000000,0,0,0,0x00000000,0x00000000,1,0,1,0,1
present,4855,161813752,0x00000000,0,0,0,0x00000000,0x00000000,1,0,1,0,1
present,4856,161833587,0x00000000,0,0,0,0x00000000,0x00000000,1,0,1,0,1
present,4857,161867391,0x00000000,0,0,0,0x00000000,0x00000000,1,0,1,0,1
present,4858,161904178,0x00000000,0,0,0,0x00000000,0x00000000,1,0,1,0,1
present,4859,161937148,0x00000000,0,0,0,0x00000000,0x00000000,1,0,1,0,1
present,4860,161971239,0x00000000,0,0,0,0x00000000,0x00000000,1,0,1,0,1
present,4861,162000586,0x00000000,0,0,0,0x00000000,0x00000000,2,0,1,0,1
present,4862,162037237,0x00000000,0,0,0,0x00000000,0x00000000,2,0,1,0,1
present,4863,162071029,0x00000000,0,0,0,0x00000000,0x00000000,2,0,1,0,1
present,4864,162100376,0x00000000,0,0,0,0x00000000,0x00000000,2,0,1,0,1
present,4865,162137109,0x00000000,0,0,0,0x00000000,0x00000000,2,0,1,0,1
present,4866,162170568,0x00000000,0,0,0,0x00000000,0x00000000,2,0,1,0,1
present,4867,162204528,0x00000000,0,0,0,0x00000000,0x00000000,2,0,1,0,1
present,4868,162234495,0x00000000,0,0,0,0x00000000,0x00000000,2,0,1,0,1
present,4869,162270260,0x00000000,0,0,0,0x00000000,0x00000000,2,0,1,0,1
present,4870,162302567,0x00000000,0,0,0,0x00000000,0x00000000,2,0,1,0,1
present,4871,162333899,0x00000000,0,0,0,0x00000000,0x00000000,2,0,1,0,1
present,4872,162370755,0x00000000,0,0,0,0x00000000,0x00000000,2,0,1,0,1
present,4873,162404434,0x00000000,0,0,0,0x00000000,0x00000000,2,0,1,0,1
present,4874,162436837,0x00000000,0,0,0,0x00000000,0x00000000,2,0,1,0,1
present,4875,162470546,0x00000000,0,0,0,0x00000000,0x00000000,2,0,1,0,1
present,4876,162500718,0x00000000,0,0,0,0x00000000,0x00000000,2,0,1,0,1
present,4877,162536922,0x00000000,0,0,0,0x00000000,0x00000000,2,0,1,0,1
present,4878,162568977,0x00000000,0,0,0,0x00000000,0x00000000,2,0,1,0,1
present,4879,162603851,0x00000000,0,0,0,0x00000000,0x00000000,2,0,1,0,1
present,4880,162637227,0x00000000,0,0,0,0x00000000,0x00000000,2,0,1,0,1
present,4881,162671244,0x00000000,0,0,0,0x00000000,0x00000000,2,0,1,0,1
present,4882,162703306,0x00000000,0,0,0,0x00000000,0x00000000,2,0,1,0,1
present,4883,162737090,0x00000000,0,0,0,0x00000000,0x00000000,2,0,1,0,1
present,4884,162770223,0x00000000,0,0,0,0x00000000,0x00000000,2,0,1,0,1
present,4885,162803549,0x00000000,0,0,0,0x00000000,0x00000000,2,0,1,0,1
present,4886,162836957,0x00000000,0,0,0,0x00000000,0x00000000,2,0,1,0,1
present,4887,162870597,0x00000000,0,0,0,0x00000000,0x00000000,2,0,1,0,1
present,4888,162904370,0x00000000,0,0,0,0x00000000,0x00000000,2,0,1,0,1
present,4889,162937353,0x00000000,0,0,0,0x00000000,0x00000000,2,0,1,0,1
present,4890,162971294,0x00000000,0,0,0,0x00000000,0x00000000,2,0,1,0,1
present,4891,163001511,0x00000000,0,0,0,0x00000000,0x00000000,3,0,1,0,1
present,4892,163034879,0x00000000,0,0,0,0x00000000,0x00000000,3,0,1,0,1
present,4893,163070884,0x00000000,0,0,0,0x00000000,0x00000000,3,0,1,0,1
present,4894,163103928,0x00000000,0,0,0,0x00000000,0x00000000,3,0,1,0,1
present,4895,163134688,0x00000000,0,0,0,0x00000000,0x00000000,3,0,1,0,1
present,4896,163167614,0x00000000,0,0,0,0x00000000,0x00000000,3,0,1,0,1
present,4897,163203984,0x00000000,0,0,0,0x00000000,0x00000000,3,0,1,0,1
present,4898,163238246,0x00000000,0,0,0,0x00000000,0x00000000,3,0,1,0,1
present,4899,163267142,0x00000000,0,0,0,0x00000000,0x00000000,3,0,1,0,1
present,4900,163304158,0x00000000,0,0,0,0x00000000,0x00000000,3,0,1,0,1
present,4901,163337106,0x00000000,0,0,0,0x00000000,0x00000000,3,0,1,0,1
present,4902,163368068,0x00000000,0,0,0,0x00000000,0x00000000,3,0,1,0,1
present,4903,163402078,0x00000000,0,0,0,0x00000000,0x00000000,3,0,1,0,1
present,4904,163435182,0x00000000,0,0,0,0x00000000,0x00000000,3,0,1,0,1
present,4905,163471232,0x00000000,0,0,0,0x00000000,0x00000000,3,0,1,0,1
present,4906,163502211,0x00000000,0,0,0,0x00000000,0x00000000,3,0,1,0,1
present,4907,163537155,0x00000000,0,0,0,0x00000000,0x00000000,3,0,1,0,1
present,4908,163568143,0x00000000,0,0,0,0x00000000,0x00000000,3,0,1,0,1
present,4909,163603736,0x00000000,0,0,0,0x00000000,0x00000000,3,0,1,0,1
present,4910,163634336,0x00000000,0,0,0,0x00000000,0x00000000,3,0,1,0,1
present,4911,163670484,0x00000000,0,0,0,0x00000000,0x00000000,3,0,1,0,1
present,4912,163703318,0x00000000,0,0,0,0x00000000,0x00000000,3,0,1,0,1
present,4913,163734844,0x00000000,0,0,0,0x00000000,0x00000000,3,0,1,0,1
present,4914,163769085,0x00000000,0,0,0,0x00000000,0x00000000,3,0,1,0,1
present,4915,163804738,0x00000000,0,0,0,0x00000000,0x00000000,3,0,1,0,1
present,4916,163836865,0x00000000,0,0,0,0x00000000,0x00000000,3,0,1,0,1
present,4917,163871056,0x00000000,0,0,0,0x00000000,0x00000000,3,0,1,0,1
present,4918,163902602,0x00000000,0,0,0,0x00000000,0x00000000,3,0,1,0,1
present,4919,163934695,0x00000000,0,0,0,0x00000000,0x00000000,3,0,1,0,1
present,4920,163971218,0x00000000,0,0,0,0x00000000,0x00000000,3,0,1,0,1
present,4921,164004121,0x00000000,0,0,0,0x00000000,0x00000000,0,0,1,0,1
present,4922,164037095,0x00000000,0,0,0,0x00000000,0x00000000,0,0,1,0,1
present,4923,164070625,0x00000000,0,0,0,0x00000000,0x00000000,0,0,1,0,1
present,4924,164100752,0x00000000,0,0,0,0x00000000,0x00000000,0,0,1,0,1
present,4925,164136912,0x00000000,0,0,0,0x00000000,0x00000000,0,0,1,0,1
present,4926,164167370,0x00000000,0,0,0,0x00000000,0x00000000,0,0,1,0,1
present,4927,164203836,0x00000000,0,0,0,0x00000000,0x00000000,0,0,1,0,1
present,4928,164237829,0x00000000,0,0,0,0x00000000,0x00000000,0,0,1,0,1
present,4929,164270940,0x00000000,0,0,0,0x00000000,0x00000000,0,0,1,0,1
present,4930,164301105,0x00000000,0,0,0,0x00000000,0x00000000,0,0,1,0,1
present,4931,164337449,0x00000000,0,0,0,0x00000000,0x00000000,0,0,1,0,1
present,4932,164370357,0x00000000,0,0,0,0x00000000,0x00000000,0,0,1,0,1
present,4933,164404228,0x00000000,0,0,0,0x00000000,0x00000000,0,0,1,0,1
present,4934,164436046,0x00000000,0,0,0,0x00000000,0x00000000,0,0,1,0,1
present,4935,164503214,0x00000000,0,0,0,0x00000000,0x00000000,0,0,1,0,1
present,4936,164504951,0x00000000,0,0,0,0x00000000,0x00000000,0,0,1,0,1
present,4937,164537190,0x00000000,0,0,0,0x00000000,0x00000000,0,0,1,0,1
present,4938,164570397,0x00000000,0,0,0,0x00000000,0x00000000,0,0,1,0,1
present,4939,164603529,0x00000000,0,0,0,0x00000000,0x00000000,0,0,1,0,1
present,4940,164636742,0x00000000,0,0,0,0x00000000,0x00000000,0,0,1,0,1
present,4941,164670091,0x00000000,0,0,0,0x00000000,0x00000000,0,0,1,0,1
present,4942,164703380,0x00000000,0,0,0,0x00000000,0x00000000,0,0,1,0,1
present,4943,164736658,0x00000000,0,0,0,0x00000000,0x00000000,0,0,1,0,1
present,4944,164769976,0x00000000,0,0,0,0x00000000,0x00000000,0,0,1,0,1
present,4945,164809716,0x00000000,0,0,0,0x00000000,0x00000000,0,0,1,0,1
present,4946,164836154,0x00000000,0,0,0,0x00000000,0x00000000,0,0,1,0,1
present,4947,164868203,0x00000000,0,0,0,0x00000000,0x00000000,0,0,1,0,1
present,4948,164901272,0x00000000,0,0,0,0x00000000,0x00000000,0,0,1,0,1
present,4949,164937139,0x00000000,0,0,0,0x00000000,0x00000000,0,0,1,0,1
present,4950,164967861,0x00000000,0,0,0,0x00000000,0x00000000,0,0,1,0,1
present,4951,165004396,0x00000000,0,0,0,0x00000000,0x00000000,1,0,1,0,1
present,4952,165037901,0x00000000,0,0,0,0x00000000,0x00000000,1,0,1,0,1
present,4953,165070853,0x00000000,0,0,0,0x00000000,0x00000000,1,0,1,0,1
present,4954,165102004,0x00000000,0,0,0,0x00000000,0x00000000,1,0,1,0,1
present,4955,165137013,0x00000000,0,0,0,0x00000000,0x00000000,1,0,1,0,1
present,4956,165167493,0x00000000,0,0,0,0x00000000,0x00000000,1,0,1,0,1
present,4957,165203662,0x00000000,0,0,0,0x00000000,0x00000000,1,0,1,0,1
present,4958,165235765,0x00000000,0,0,0,0x00000000,0x00000000,1,0,1,0,1
present,4959,165271076,0x00000000,0,0,0,0x00000000,0x00000000,1,0,1,0,1
present,4960,165302033,0x00000000,0,0,0,0x00000000,0x00000000,1,0,1,0,1
present,4961,165334161,0x00000000,0,0,0,0x00000000,0x00000000,1,0,1,0,1
present,4962,165368679,0x00000000,0,0,0,0x00000000,0x00000000,1,0,1,0,1
present,4963,165401503,0x00000000,0,0,0,0x00000000,0x00000000,1,0,1,0,1
present,4964,165437541,0x00000000,0,0,0,0x00000000,0x00000000,1,0,1,0,1
present,4965,165470233,0x00000000,0,0,0,0x00000000,0x00000000,1,0,1,0,1
present,4966,165503565,0x00000000,0,0,0,0x00000000,0x00000000,1,0,1,0,1
present,4967,165534736,0x00000000,0,0,0,0x00000000,0x00000000,1,0,1,0,1
present,4968,165571085,0x00000000,0,0,0,0x00000000,0x00000000,1,0,1,0,1
present,4969,165600723,0x00000000,0,0,0,0x00000000,0x00000000,1,0,1,0,1
present,4970,165638007,0x00000000,0,0,0,0x00000000,0x00000000,1,0,1,0,1
present,4971,165667342,0x00000000,0,0,0,0x00000000,0x00000000,1,0,1,0,1
present,4972,165701203,0x00000000,0,0,0,0x00000000,0x00000000,1,0,1,0,1
present,4973,165735527,0x00000000,0,0,0,0x00000000,0x00000000,1,0,1,0,1
present,4974,165770140,0x00000000,0,0,0,0x00000000,0x00000000,1,0,1,0,1
present,4975,165812555,0x00000000,0,0,0,0x00000000,0x00000000,1,0,1,0,1
present,4976,165837566,0x00000000,0,0,0,0x00000000,0x00000000,1,0,1,0,1
present,4977,165870676,0x00000000,0,0,0,0x00000000,0x00000000,1,0,1,0,1
present,4978,165904526,0x00000000,0,0,0,0x00000000,0x00000000,1,0,1,0,1
present,4979,165935461,0x00000000,0,0,0,0x00000000,0x00000000,1,0,1,0,1
present,4980,165967233,0x00000000,0,0,0,0x00000000,0x00000000,1,0,1,0,1
present,4981,166004298,0x00000000,0,0,0,0x00000000,0x00000000,2,0,1,0,1
present,4982,166035562,0x00000000,0,0,0,0x00000000,0x00000000,2,0,1,0,1
present,4983,166068809,0x00000000,0,0,0,0x00000000,0x00000000,2,0,1,0,1
present,4984,166100712,0x00000000,0,0,0,0x00000000,0x00000000,2,0,1,0,1
present,4985,166135875,0x00000000,0,0,0,0x00000000,0x00000000,2,0,1,0,1
present,4986,166167869,0x00000000,0,0,0,0x00000000,0x00000000,2,0,1,0,1
present,4987,166202565,0x00000000,0,0,0,0x00000000,0x00000000,2,0,1,0,1
present,4988,166235605,0x00000000,0,0,0,0x00000000,0x00000000,2,0,1,0,1
present,4989,166269254,0x00000000,0,0,0,0x00000000,0x00000000,2,0,1,0,1
present,4990,166303597,0x00000000,0,0,0,0x00000000,0x00000000,2,0,1,0,1
present,4991,166335569,0x00000000,0,0,0,0x00000000,0x00000000,2,0,1,0,1
present,4992,166368919,0x00000000,0,0,0,0x00000000,0x00000000,2,0,1,0,1
present,4993,166400434,0x00000000,0,0,0,0x00000000,0x00000000,2,0,1,0,1
present,4994,166437266,0x00000000,0,0,0,0x00000000,0x00000000,2,0,1,0,1
present,4995,166467300,0x00000000,0,0,0,0x00000000,0x00000000,2,0,1,0,1
present,4996,166504187,0x00000000,0,0,0,0x00000000,0x00000000,2,0,1,0,1
present,4997,166537123,0x00000000,0,0,0,0x00000000,0x00000000,2,0,1,0,1
present,4998,166570758,0x00000000,0,0,0,0x00000000,0x00000000,2,0,1,0,1
present,4999,166603650,0x00000000,0,0,0,0x00000000,0x00000000,2,0,1,0,1
present,5000,166633933,0x00000000,0,0,0,0x00000000,0x00000000,2,0,1,0,1
present,5001,166670711,0x00000000,0,0,0,0x00000000,0x00000000,2,0,1,0,1
present,5002,166700670,0x00000000,0,0,0,0x00000000,0x00000000,2,0,1,0,1
present,5003,166734005,0x00000000,0,0,0,0x00000000,0x00000000,2,0,1,0,1
present,5004,166768684,0x00000000,0,0,0,0x00000000,0x00000000,2,0,1,0,1
present,5005,166804390,0x00000000,0,0,0,0x00000000,0x00000000,2,0,1,0,1
present,5006,166836320,0x00000000,0,0,0,0x00000000,0x00000000,2,0,1,0,1
present,5007,166870898,0x00000000,0,0,0,0x00000000,0x00000000,2,0,1,0,1
present,5008,166903730,0x00000000,0,0,0,0x00000000,0x00000000,2,0,1,0,1
present,5009,166937603,0x00000000,0,0,0,0x00000000,0x00000000,2,0,1,0,1
present,5010,166970841,0x00000000,0,0,0,0x00000000,0x00000000,2,0,1,0,1
present,5011,167002023,0x00000000,0,0,0,0x00000000,0x00000000,3,0,1,0,1
present,5012,167037038,0x00000000,0,0,0,0x00000000,0x00000000,3,0,1,0,1
present,5013,167068079,0x00000000,0,0,0,0x00000000,0x00000000,3,0,1,0,1
present,5014,167103678,0x00000000,0,0,0,0x00000000,0x00000000,3,0,1,0,1
present,5015,167137597,0x00000000,0,0,0,0x00000000,0x00000000,3,0,1,0,1
present,5016,167168383,0x00000000,0,0,0,0x00000000,0x00000000,3,0,1,0,1
present,5017,167204512,0x00000000,0,0,0,0x00000000,0x00000000,3,0,1,0,1
present,5018,167237110,0x00000000,0,0,0,0x00000000,0x00000000,3,0,1,0,1
present,5019,167271075,0x00000000,0,0,0,0x00000000,0x00000000,3,0,1,0,1
present,5020,167300852,0x00000000,0,0,0,0x00000000,0x00000000,3,0,1,0,1
present,5021,167337042,0x00000000,0,0,0,0x00000000,0x00000000,3,0,1,0,1
present,5022,167369445,0x00000000,0,0,0,0x00000000,0x00000000,3,0,1,0,1
present,5023,167403959,0x00000000,0,0,0,0x00000000,0x00000000,3,0,1,0,1
present,5024,167437248,0x00000000,0,0,0,0x00000000,0x00000000,3,0,1,0,1
present,5025,167470550,0x00000000,0,0,0,0x00000000,0x00000000,3,0,1,0,1
present,5026,167504098,0x00000000,0,0,0,0x00000000,0x00000000,3,0,1,0,1
present,5027,167534362,0x00000000,0,0,0,0x00000000,0x00000000,3,0,1,0,1
present,5028,167571299,0x00000000,0,0,0,0x00000000,0x00000000,3,0,1,0,1
present,5029,167603758,0x00000000,0,0,0,0x00000000,0x00000000,3,0,1,0,1
present,5030,167636850,0x00000000,0,0,0,0x00000000,0x00000000,3,0,1,0,1
present,5031,167668926,0x00000000,0,0,0,0x00000000,0x00000000,3,0,1,0,1
present,5032,167700645,0x00000000,0,0,0,0x00000000,0x00000000,3,0,1,0,1
present,5033,167736956,0x00000000,0,0,0,0x00000000,0x00000000,3,0,1,0,1
present,5034,167768448,0x00000000,0,0,0,0x00000000,0x00000000,3,0,1,0,1
present,5035,167809404,0x00000000,0,0,0,0x00000000,0x00000000,3,0,1,0,1
present,5036,167836740,0x00000000,0,0,0,0x00000000,0x00000000,3,0,1,0,1
present,5037,167870752,0x00000000,0,0,0,0x00000000,0x00000000,3,0,1,0,1
present,5038,167903899,0x00000000,0,0,0,0x00000000,0x00000000,3,0,1,0,1
present,5039,167937026,0x00000000,0,0,0,0x00000000,0x00000000,3,0,1,0,1
present,5040,167969139,0x00000000,0,0,0,0x00000000,0x00000000,3,0,1,0,1
present,5041,168004228,0x00000000,0,0,0,0x00000000,0x00000000,0,0,1,0,1
present,5042,168034637,0x00000000,0,0,0,0x00000000,0x00000000,0,0,1,0,1
present,5043,168067476,0x00000000,0,0,0,0x00000000,0x00000000,0,0,1,0,1
present,5044,168100708,0x00000000,0,0,0,0x00000000,0x00000000,0,0,1,0,1
present,5045,168138114,0x00000000,0,0,0,0x00000000,0x00000000,0,0,1,0,1
present,5046,168170852,0x00000000,0,0,0,0x00000000,0x00000000,0,0,1,0,1
present,5047,168201355,0x00000000,0,0,0,0x00000000,0x00000000,0,0,1,0,1
present,5048,168234290,0x00000000,0,0,0,0x00000000,0x00000000,0,0,1,0,1
present,5049,168270796,0x00000000,0,0,0,0x00000000,0x00000000,0,0,1,0,1
present,5050,168303279,0x00000000,0,0,0,0x00000000,0x00000000,0,0,1,0,1
present,5051,168336622,0x00000000,0,0,0,0x00000000,0x00000000,0,0,1,0,1
present,5052,168367396,0x00000000,0,0,0,0x00000000,0x00000000,0,0,1,0,1
present,5053,168403753,0x00000000,0,0,0,0x00000000,0x00000000,0,0,1,0,1
present,5054,168437111,0x00000000,0,0,0,0x00000000,0x00000000,0,0,1,0,1
present,5055,168467907,0x00000000,0,0,0,0x00000000,0x00000000,0,0,1,0,1
present,5056,168503515,0x00000000,0,0,0,0x00000000,0x00000000,0,0,1,0,1
present,5057,168536910,0x00000000,0,0,0,0x00000000,0x00000000,0,0,1,0,1
present,5058,168570274,0x00000000,0,0,0,0x00000000,0x00000000,0,0,1,0,1
present,5059,168603585,0x00000000,0,0,0,0x00000000,0x00000000,0,0,1,0,1
present,5060,168634818,0x00000000,0,0,0,0x00000000,0x00000000,0,0,1,0,1
present,5061,168670174,0x00000000,0,0,0,0x00000000,0x00000000,0,0,1,0,1
present,5062,168703531,0x00000000,0,0,0,0x00000000,0x00000000,0,0,1,0,1
present,5063,168736916,0x00000000,0,0,0,0x00000000,0x00000000,0,0,1,0,1
present,5064,168766864,0x00000000,0,0,0,0x00000000,0x00000000,0,0,1,0,1
present,5065,168804197,0x00000000,0,0,0,0x00000000,0x00000000,0,0,1,0,1
present,5066,168837515,0x00000000,0,0,0,0x00000000,0x00000000,0,0,1,0,1
present,5067,168866874,0x00000000,0,0,0,0x00000000,0x00000000,0,0,1,0,1
present,5068,168901574,0x00000000,0,0,0,0x00000000,0x00000000,0,0,1,0,1
present,5069,168936918,0x00000000,0,0,0,0x00000000,0x00000000,0,0,1,0,1
present,5070,168966940,0x00000000,0,0,0,0x00000000,0x00000000,0,0,1,0,1
present,5071,169003230,0x00000000,0,0,0,0x00000000,0x00000000,1,0,1,0,1
present,5072,169036554,0x00000000,0,0,0,0x00000000,0x00000000,1,0,1,0,1
present,5073,169068962,0x00000000,0,0,0,0x00000000,0x00000000,1,0,1,0,1
present,5074,169103357,0x00000000,0,0,0,0x00000000,0x00000000,1,0,1,0,1
present,5075,169133536,0x00000000,0,0,0,0x00000000,0x00000000,1,0,1,0,1
present,5076,169168866,0x00000000,0,0,0,0x00000000,0x00000000,1,0,1,0,1
present,5077,169204175,0x00000000,0,0,0,0x00000000,0x00000000,1,0,1,0,1
present,5078,169237450,0x00000000,0,0,0,0x00000000,0x00000000,1,0,1,0,1
present,5079,169270414,0x00000000,0,0,0,0x00000000,0x00000000,1,0,1,0,1
present,5080,169303868,0x00000000,0,0,0,0x00000000,0x00000000,1,0,1,0,1
present,5081,169337097,0x00000000,0,0,0,0x00000000,0x00000000,1,0,1,0,1
present,5082,169370525,0x00000000,0,0,0,0x00000000,0x00000000,1,0,1,0,1
present,5083,169403814,0x00000000,0,0,0,0x00000000,0x00000000,1,0,1,0,1
present,5084,169437102,0x00000000,0,0,0,0x00000000,0x00000000,1,0,1,0,1
present,5085,169470772,0x00000000,0,0,0,0x00000000,0x00000000,1,0,1,0,1
present,5086,169500840,0x00000000,0,0,0,0x00000000,0x00000000,1,0,1,0,1
present,5087,169533990,0x00000000,0,0,0,0x00000000,0x00000000,1,0,1,0,1
present,5088,169570347,0x00000000,0,0,0,0x00000000,0x00000000,1,0,1,0,1
present,5089,169604103,0x00000000,0,0,0,0x00000000,0x00000000,1,0,1,0,1
present,5090,169634400,0x00000000,0,0,0,0x00000000,0x00000000,1,0,1,0,1
present,5091,169670859,0x00000000,0,0,0,0x00000000,0x00000000,1,0,1,0,1
present,5092,169703734,0x00000000,0,0,0,0x00000000,0x00000000,1,0,1,0,1
present,5093,169733963,0x00000000,0,0,0,0x00000000,0x00000000,1,0,1,0,1
present,5094,169768975,0x00000000,0,0,0,0x00000000,0x00000000,1,0,1,0,1
present,5095,169804678,0x00000000,0,0,0,0x00000000,0x00000000,1,0,1,0,1
present,5096,169837234,0x00000000,0,0,0,0x00000000,0x00000000,1,0,1,0,1
present,5097,169870571,0x00000000,0,0,0,0x00000000,0x00000000,1,0,1,0,1
present,5098,169900181,0x00000000,0,0,0,0x00000000,0x00000000,1,0,1,0,1
present,5099,169937991,0x00000000,0,0,0,0x00000000,0x00000000,1,0,1,0,1
present,5100,169968362,0x00000000,0,0,0,0x00000000,0x00000000,1,0,1,0,1
present,5101,170003812,0x00000000,0,0,0,0x00000000,0x00000000,2,0,1,0,1
present,5102,170036104,0x00000000,0,0,0,0x00000000,0x00000000,2,0,1,0,1
present,5103,170071245,0x00000000,0,0,0,0x00000000,0x00000000,2,0,1,0,1
present,5104,170101819,0x00000000,0,0,0,0x00000000,0x00000000,2,0,1,0,1
present,5105,170137906,0x00000000,0,0,0,0x00000000,0x00000000,2,0,1,0,1
present,5106,170171005,0x00000000,0,0,0,0x00000000,0x00000000,2,0,1,0,1
present,5107,170201152,0x00000000,0,0,0,0x00000000,0x00000000,2,0,1,0,1
present,5108,170237169,0x00000000,0,0,0,0x00000000,0x00000000,2,0,1,0,1
present,5109,170268305,0x00000000,0,0,0,0x00000000,0x00000000,2,0,1,0,1
present,5110,170304488,0x00000000,0,0,0,0x00000000,0x00000000,2,0,1,0,1
present,5111,170334701,0x00000000,0,0,0,0x00000000,0x00000000,2,0,1,0,1
present,5112,170370180,0x00000000,0,0,0,0x00000000,0x00000000,2,0,1,0,1
present,5113,170403963,0x00000000,0,0,0,0x00000000,0x00000000,2,0,1,0,1
present,5114,170434069,0x00000000,0,0,0,0x00000000,0x00000000,2,0,1,0,1
present,5115,170471091,0x00000000,0,0,0,0x00000000,0x00000000,2,0,1,0,1
present,5116,170501062,0x00000000,0,0,0,0x00000000,0x00000000,2,0,1,0,1
present,5117,170537041,0x00000000,0,0,0,0x00000000,0x00000000,2,0,1,0,1
present,5118,170568967,0x00000000,0,0,0,0x00000000,0x00000000,2,0,1,0,1
present,5119,170601132,0x00000000,0,0,0,0x00000000,0x00000000,2,0,1,0,1
present,5120,170636842,0x00000000,0,0,0,0x00000000,0x00000000,2,0,1,0,1
present,5121,170670058,0x00000000,0,0,0,0x00000000,0x00000000,2,0,1,0,1
present,5122,170700885,0x00000000,0,0,0,0x00000000,0x00000000,2,0,1,0,1
present,5123,170737322,0x00000000,0,0,0,0x00000000,0x00000000,2,0,1,0,1
present,5124,170767838,0x00000000,0,0,0,0x00000000,0x00000000,2,0,1,0,1
present,5125,170811685,0x00000000,0,0,0,0x00000000,0x00000000,2,0,1,0,1
present,5126,170836201,0x00000000,0,0,0,0x00000000,0x00000000,2,0,1,0,1
present,5127,170867678,0x00000000,0,0,0,0x00000000,0x00000000,2,0,1,0,1
present,5128,170903690,0x00000000,0,0,0,0x00000000,0x00000000,2,0,1,0,1
present,5129,170935987,0x00000000,0,0,0,0x00000000,0x00000000,2,0,1,0,1
present,5130,170970470,0x00000000,0,0,0,0x00000000,0x00000000,2,0,1,0,1
present,5131,171001146,0x00000000,0,0,0,0x00000000,0x00000000,3,0,1,0,1
present,5132,171035924,0x00000000,0,0,0,0x00000000,0x00000000,3,0,1,0,1
present,5133,171070851,0x00000000,0,0,0,0x00000000,0x00000000,3,0,1,0,1
present,5134,171103677,0x00000000,0,0,0,0x00000000,0x00000000,3,0,1,0,1
present,5135,171135892,0x00000000,0,0,0,0x00000000,0x00000000,3,0,1,0,1
present,5136,171168560,0x00000000,0,0,0,0x00000000,0x00000000,3,0,1,0,1
present,5137,171203147,0x00000000,0,0,0,0x00000000,0x00000000,3,0,1,0,1
present,5138,171237659,0x00000000,0,0,0,0x00000000,0x00000000,3,0,1,0,1
present,5139,171267847,0x00000000,0,0,0,0x00000000,0x00000000,3,0,1,0,1
present,5140,171301151,0x00000000,0,0,0,0x00000000,0x00000000,3,0,1,0,1
present,5141,171336972,0x00000000,0,0,0,0x00000000,0x00000000,3,0,1,0,1
present,5142,171368987,0x00000000,0,0,0,0x00000000,0x00000000,3,0,1,0,1
present,5143,171401443,0x00000000,0,0,0,0x00000000,0x00000000,3,0,1,0,1
present,5144,171435978,0x00000000,0,0,0,0x00000000,0x00000000,3,0,1,0,1
present,5145,171470941,0x00000000,0,0,0,0x00000000,0x00000000,3,0,1,0,1
present,5146,171503748,0x00000000,0,0,0,0x00000000,0x00000000,3,0,1,0,1
present,5147,171534826,0x00000000,0,0,0,0x00000000,0x00000000,3,0,1,0,1
present,5148,171568786,0x00000000,0,0,0,0x00000000,0x00000000,3,0,1,0,1
present,5149,171600722,0x00000000,0,0,0,0x00000000,0x00000000,3,0,1,0,1
present,5150,171636471,0x00000000,0,0,0,0x00000000,0x00000000,3,0,1,0,1
present,5151,171669308,0x00000000,0,0,0,0x00000000,0x00000000,3,0,1,0,1
present,5152,171704543,0x00000000,0,0,0,0x00000000,0x00000000,3,0,1,0,1
present,5153,171734536,0x00000000,0,0,0,0x00000000,0x00000000,3,0,1,0,1
present,5154,171770612,0x00000000,0,0,0,0x00000000,0x00000000,3,0,1,0,1
present,5155,171804023,0x00000000,0,0,0,0x00000000,0x00000000,3,0,1,0,1
present,5156,171838493,0x00000000,0,0,0,0x00000000,0x00000000,3,0,1,0,1
present,5157,171870308,0x00000000,0,0,0,0x00000000,0x00000000,3,0,1,0,1
present,5158,171904164,0x00000000,0,0,0,0x00000000,0x00000000,3,0,1,0,1
present,5159,171935540,0x00000000,0,0,0,0x00000000,0x00000000,3,0,1,0,1
present,5160,171967565,0x00000000,0,0,0,0x00000000,0x00000000,3,0,1,0,1
present,5161,172001022,0x00000000,0,0,0,0x00000000,0x00000000,0,0,1,0,1
present,5162,172037546,0x00000000,0,0,0,0x00000000,0x00000000,0,0,1,0,1
present,5163,172070540,0x00000000,0,0,0,0x00000000,0x00000000,0,0,1,0,1
present,5164,172104907,0x00000000,0,0,0,0x00000000,0x00000000,0,0,1,0,1
present,5165,172137931,0x00000000,0,0,0,0x00000000,0x00000000,0,0,1,0,1
present,5166,172168054,0x00000000,0,0,0,0x00000000,0x00000000,0,0,1,0,1
present,5167,172203018,0x00000000,0,0,0,0x00000000,0x00000000,0,0,1,0,1
present,5168,172234569,0x00000000,0,0,0,0x00000000,0x00000000,0,0,1,0,1
present,5169,172270612,0x00000000,0,0,0,0x00000000,0x00000000,0,0,1,0,1
present,5170,172304580,0x00000000,0,0,0,0x00000000,0x00000000,0,0,1,0,1
present,5171,172337490,0x00000000,0,0,0,0x00000000,0x00000000,0,0,1,0,1
present,5172,172369868,0x00000000,0,0,0,0x00000000,0x00000000,0,0,1,0,1
present,5173,172404703,0x00000000,0,0,0,0x00000000,0x00000000,0,0,1,0,1
present,5174,172435801,0x00000000,0,0,0,0x00000000,0x00000000,0,0,1,0,1
present,5175,172468722,0x00000000,0,0,0,0x00000000,0x00000000,0,0,1,0,1
present,5176,172503345,0x00000000,0,0,0,0x00000000,0x00000000,0,0,1,0,1
present,5177,172535124,0x00000000,0,0,0,0x00000000,0x00000000,0,0,1,0,1
present,5178,172571160,0x00000000,0,0,0,0x00000000,0x00000000,0,0,1,0,1
present,5179,172600511,0x00000000,0,0,0,0x00000000,0x00000000,0,0,1,0,1
present,5180,172633986,0x00000000,0,0,0,0x00000000,0x00000000,0,0,1,0,1
present,5181,172671198,0x00000000,0,0,0,0x00000000,0x00000000,0,0,1,0,1
present,5182,172704121,0x00000000,0,0,0,0x00000000,0x00000000,0,0,1,0,1
present,5183,172734799,0x00000000,0,0,0,0x00000000,0x00000000,0,0,1,0,1
present,5184,172770883,0x00000000,0,0,0,0x00000000,0x00000000,0,0,1,0,1
present,5185,172811147,0x00000000,0,0,0,0x00000000,0x00000000,0,0,1,0,1
present,5186,172837756,0x00000000,0,0,0,0x00000000,0x00000000,0,0,1,0,1
present,5187,172867042,0x00000000,0,0,0,0x00000000,0x00000000,0,0,1,0,1
present,5188,172903445,0x00000000,0,0,0,0x00000000,0x00000000,0,0,1,0,1
present,5189,172937260,0x00000000,0,0,0,0x00000000,0x00000000,0,0,1,0,1
present,5190,172969556,0x00000000,0,0,0,0x00000000,0x00000000,0,0,1,0,1
present,5191,173002677,0x00000000,0,0,0,0x00000000,0x00000000,1,0,1,0,1
present,5192,173034108,0x00000000,0,0,0,0x00000000,0x00000000,1,0,1,0,1
present,5193,173067283,0x00000000,0,0,0,0x00000000,0x00000000,1,0,1,0,1
present,5194,173102376,0x00000000,0,0,0,0x00000000,0x00000000,1,0,1,0,1
present,5195,173135415,0x00000000,0,0,0,0x00000000,0x00000000,1,0,1,0,1
present,5196,173168991,0x00000000,0,0,0,0x00000000,0x00000000,1,0,1,0,1
present,5197,173200948,0x00000000,0,0,0,0x00000000,0x00000000,1,0,1,0,1
present,5198,173234385,0x00000000,0,0,0,0x00000000,0x00000000,1,0,1,0,1
present,5199,173271181,0x00000000,0,0,0,0x00000000,0x00000000,1,0,1,0,1
present,5200,173304108,0x00000000,0,0,0,0x00000000,0x00000000,1,0,1,0,1
present,5201,173336946,0x00000000,0,0,0,0x00000000,0x00000000,1,0,1,0,1
present,5202,173368905,0x00000000,0,0,0,0x00000000,0x00000000,1,0,1,0,1
present,5203,173400597,0x00000000,0,0,0,0x00000000,0x00000000,1,0,1,0,1
present,5204,173435414,0x00000000,0,0,0,0x00000000,0x00000000,1,0,1,0,1
present,5205,173470266,0x00000000,0,0,0,0x00000000,0x00000000,1,0,1,0,1
present,5206,173504032,0x00000000,0,0,0,0x00000000,0x00000000,1,0,1,0,1
present,5207,173537816,0x00000000,0,0,0,0x00000000,0x00000000,1,0,1,0,1
present,5208,173566899,0x00000000,0,0,0,0x00000000,0x00000000,1,0,1,0,1
present,5209,173603569,0x00000000,0,0,0,0x00000000,0x00000000,1,0,1,0,1
present,5210,173635517,0x00000000,0,0,0,0x00000000,0x00000000,1,0,1,0,1
present,5211,173670419,0x00000000,0,0,0,0x00000000,0x00000000,1,0,1,0,1
present,5212,173701000,0x00000000,0,0,0,0x00000000,0x00000000,1,0,1,0,1
present,5213,173735236,0x00000000,0,0,0,0x00000000,0x00000000,1,0,1,0,1
present,5214,173771164,0x00000000,0,0,0,0x00000000,0x00000000,1,0,1,0,1
present,5215,173807918,0x00000000,0,0,0,0x00000000,0x00000000,1,0,1,0,1
present,5216,173837119,0x00000000,0,0,0,0x00000000,0x00000000,1,0,1,0,1
present,5217,173869538,0x00000000,0,0,0,0x00000000,0x00000000,1,0,1,0,1
present,5218,173904299,0x00000000,0,0,0,0x00000000,0x00000000,1,0,1,0,1
present,5219,173934116,0x00000000,0,0,0,0x00000000,0x00000000,1,0,1,0,1
present,5220,173971099,0x00000000,0,0,0,0x00000000,0x00000000,1,0,1,0,1
present,5221,174003956,0x00000000,0,0,0,0x00000000,0x00000000,2,0,1,0,1
present,5222,174036271,0x00000000,0,0,0,0x00000000,0x00000000,2,0,1,0,1
present,5223,174067934,0x00000000,0,0,0,0x00000000,0x00000000,2,0,1,0,1
present,5224,174100806,0x00000000,0,0,0,0x00000000,0x00000000,2,0,1,0,1
present,5225,174138030,0x00000000,0,0,0,0x00000000,0x00000000,2,0,1,0,1
present,5226,174169058,0x00000000,0,0,0,0x00000000,0x00000000,2,0,1,0,1
present,5227,174204176,0x00000000,0,0,0,0x00000000,0x00000000,2,0,1,0,1
present,5228,174234443,0x00000000,0,0,0,0x00000000,0x00000000,2,0,1,0,1
present,5229,174270735,0x00000000,0,0,0,0x00000000,0x00000000,2,0,1,0,1
present,5230,174303700,0x00000000,0,0,0,0x00000000,0x00000000,2,0,1,0,1
present,5231,174338545,0x00000000,0,0,0,0x00000000,0x00000000,2,0,1,0,1
present,5232,174367598,0x00000000,0,0,0,0x00000000,0x00000000,2,0,1,0,1
present,5233,174404276,0x00000000,0,0,0,0x00000000,0x00000000,2,0,1,0,1
present,5234,174434724,0x00000000,0,0,0,0x00000000,0x00000000,2,0,1,0,1
present,5235,174470709,0x00000000,0,0,0,0x00000000,0x00000000,2,0,1,0,1
present,5236,174503676,0x00000000,0,0,0,0x00000000,0x00000000,2,0,1,0,1
present,5237,174537673,0x00000000,0,0,0,0x00000000,0x00000000,2,0,1,0,1
present,5238,174570122,0x00000000,0,0,0,0x00000000,0x00000000,2,0,1,0,1
present,5239,174601332,0x00000000,0,0,0,0x00000000,0x00000000,2,0,1,0,1
present,5240,174637410,0x00000000,0,0,0,0x00000000,0x00000000,2,0,1,0,1
present,5241,174670395,0x00000000,0,0,0,0x00000000,0x00000000,2,0,1,0,1
present,5242,174704435,0x00000000,0,0,0,0x00000000,0x00000000,2,0,1,0,1
present,5243,174737391,0x00000000,0,0,0,0x00000000,0x00000000,2,0,1,0,1
present,5244,174767847,0x00000000,0,0,0,0x00000000,0x00000000,2,0,1,0,1
present,5245,174812229,0x00000000,0,0,0,0x00000000,0x00000000,2,0,1,0,1
present,5246,174833540,0x00000000,0,0,0,0x00000000,0x00000000,2,0,1,0,1
present,5247,174870515,0x00000000,0,0,0,0x00000000,0x00000000,2,0,1,0,1
present,5248,174900645,0x00000000,0,0,0,0x00000000,0x00000000,2,0,1,0,1
present,5249,174937713,0x00000000,0,0,0,0x00000000,0x00000000,2,0,1,0,1
present,5250,174971055,0x00000000,0,0,0,0x00000000,0x00000000,2,0,1,0,1
present,5251,175002400,0x00000000,0,0,0,0x00000000,0x00000000,3,0,1,0,1
present,5252,175037539,0x00000000,0,0,0,0x00000000,0x00000000,3,0,1,0,1
present,5253,175069360,0x00000000,0,0,0,0x00000000,0x00000000,3,0,1,0,1
present,5254,175104517,0x00000000,0,0,0,0x00000000,0x00000000,3,0,1,0,1
present,5255,175135062,0x00000000,0,0,0,0x00000000,0x00000000,3,0,1,0,1
present,5256,175167952,0x00000000,0,0,0,0x00000000,0x00000000,3,0,1,0,1
present,5257,175204008,0x00000000,0,0,0,0x00000000,0x00000000,3,0,1,0,1
present,5258,175234239,0x00000000,0,0,0,0x00000000,0x00000000,3,0,1,0,1
present,5259,175271198,0x00000000,0,0,0,0x00000000,0x00000000,3,0,1,0,1
present,5260,175301730,0x00000000,0,0,0,0x00000000,0x00000000,3,0,1,0,1
present,5261,175337152,0x00000000,0,0,0,0x00000000,0x00000000,3,0,1,0,1
present,5262,175369272,0x00000000,0,0,0,0x00000000,0x00000000,3,0,1,0,1
present,5263,175402026,0x00000000,0,0,0,0x00000000,0x00000000,3,0,1,0,1
present,5264,175437911,0x00000000,0,0,0,0x00000000,0x00000000,3,0,1,0,1
present,5265,175469120,0x00000000,0,0,0,0x00000000,0x00000000,3,0,1,0,1
present,5266,175504222,0x00000000,0,0,0,0x00000000,0x00000000,3,0,1,0,1
present,5267,175536324,0x00000000,0,0,0,0x00000000,0x00000000,3,0,1,0,1
present,5268,175569034,0x00000000,0,0,0,0x00000000,0x00000000,3,0,1,0,1
present,5269,175601586,0x00000000,0,0,0,0x00000000,0x00000000,3,0,1,0,1
present,5270,175634076,0x00000000,0,0,0,0x00000000,0x00000000,3,0,1,0,1
present,5271,175670828,0x00000000,0,0,0,0x00000000,0x00000000,3,0,1,0,1
present,5272,175701518,0x00000000,0,0,0,0x00000000,0x00000000,3,0,1,0,1
present,5273,175737626,0x00000000,0,0,0,0x00000000,0x00000000,3,0,1,0,1
present,5274,175771002,0x00000000,0,0,0,0x00000000,0x00000000,3,0,1,0,1
present,5275,175812693,0x00000000,0,0,0,0x00000000,0x00000000,3,0,1,0,1
present,5276,175837384,0x00000000,0,0,0,0x00000000,0x00000000,3,0,1,0,1
present,5277,175870410,0x00000000,0,0,0,0x00000000,0x00000000,3,0,1,0,1
present,5278,175900869,0x00000000,0,0,0,0x00000000,0x00000000,3,0,1,0,1
present,5279,175934595,0x00000000,0,0,0,0x00000000,0x00000000,3,0,1,0,1
present,5280,175967499,0x00000000,0,0,0,0x00000000,0x00000000,3,0,1,0,1
present,5281,176000813,0x00000000,0,0,0,0x00000000,0x00000000,0,0,1,0,1
present,5282,176035417,0x00000000,0,0,0,0x00000000,0x00000000,0,0,1,0,1
present,5283,176068331,0x00000000,0,0,0,0x00000000,0x00000000,0,0,1,0,1
present,5284,176100867,0x00000000,0,0,0,0x00000000,0x00000000,0,0,1,0,1
present,5285,176137143,0x00000000,0,0,0,0x00000000,0x00000000,0,0,1,0,1
present,5286,176171218,0x00000000,0,0,0,0x00000000,0x00000000,0,0,1,0,1
present,5287,176202723,0x00000000,0,0,0,0x00000000,0x00000000,0,0,1,0,1
present,5288,176237840,0x00000000,0,0,0,0x00000000,0x00000000,0,0,1,0,1
present,5289,176270035,0x00000000,0,0,0,0x00000000,0x00000000,0,0,1,0,1
present,5290,176300671,0x00000000,0,0,0,0x00000000,0x00000000,0,0,1,0,1
present,5291,176337086,0x00000000,0,0,0,0x00000000,0x00000000,0,0,1,0,1
present,5292,176370771,0x00000000,0,0,0,0x00000000,0x00000000,0,0,1,0,1
present,5293,176404541,0x00000000,0,0,0,0x00000000,0x00000000,0,0,1,0,1
present,5294,176437418,0x00000000,0,0,0,0x00000000,0x00000000,0,0,1,0,1
present,5295,176469465,0x00000000,0,0,0,0x00000000,0x00000000,0,0,1,0,1
present,5296,176504508,0x00000000,0,0,0,0x00000000,0x00000000,0,0,1,0,1
present,5297,176534958,0x00000000,0,0,0,0x00000000,0x00000000,0,0,1,0,1
present,5298,176567995,0x00000000,0,0,0,0x00000000,0x00000000,0,0,1,0,1
present,5299,176601879,0x00000000,0,0,0,0x00000000,0x00000000,0,0,1,0,1
present,5300,176636814,0x00000000,0,0,0,0x00000000,0x00000000,0,0,1,0,1
present,5301,176671034,0x00000000,0,0,0,0x00000000,0x00000000,0,0,1,0,1
present,5302,176700717,0x00000000,0,0,0,0x00000000,0x00000000,0,0,1,0,1
present,5303,176735219,0x00000000,0,0,0,0x00000000,0x00000000,0,0,1,0,1
present,5304,176771302,0x00000000,0,0,0,0x00000000,0x00000000,0,0,1,0,1
present,5305,176804487,0x00000000,0,0,0,0x00000000,0x00000000,0,0,1,0,1
present,5306,176836962,0x00000000,0,0,0,0x00000000,0x00000000,0,0,1,0,1
present,5307,176867468,0x00000000,0,0,0,0x00000000,0x00000000,0,0,1,0,1
present,5308,176903482,0x00000000,0,0,0,0x00000000,0x00000000,0,0,1,0,1
present,5309,176937178,0x00000000,0,0,0,0x00000000,0x00000000,0,0,1,0,1
present,5310,176968902,0x00000000,0,0,0,0x00000000,0x00000000,0,0,1,0,1
present,5311,177000782,0x00000000,0,0,0,0x00000000,0x00000000,1,0,1,0,1
present,5312,177037090,0x00000000,0,0,0,0x00000000,0x00000000,1,0,1,0,1
present,5313,177070980,0x00000000,0,0,0,0x00000000,0x00000000,1,0,1,0,1
present,5314,177104065,0x00000000,0,0,0,0x00000000,0x00000000,1,0,1,0,1
present,5315,177137928,0x00000000,0,0,0,0x00000000,0x00000000,1,0,1,0,1
present,5316,177171039,0x00000000,0,0,0,0x00000000,0x00000000,1,0,1,0,1
present,5317,177200830,0x00000000,0,0,0,0x00000000,0x00000000,1,0,1,0,1
present,5318,177237151,0x00000000,0,0,0,0x00000000,0x00000000,1,0,1,0,1
present,5319,177268699,0x00000000,0,0,0,0x00000000,0x00000000,1,0,1,0,1
present,5320,177300766,0x00000000,0,0,0,0x00000000,0x00000000,1,0,1,0,1
present,5321,177337641,0x00000000,0,0,0,0x00000000,0x00000000,1,0,1,0,1
present,5322,177367503,0x00000000,0,0,0,0x00000000,0x00000000,1,0,1,0,1
present,5323,177403026,0x00000000,0,0,0,0x00000000,0x00000000,1,0,1,0,1
present,5324,177437891,0x00000000,0,0,0,0x00000000,0x00000000,1,0,1,0,1
present,5325,177470698,0x00000000,0,0,0,0x00000000,0x00000000,1,0,1,0,1
present,5326,177504541,0x00000000,0,0,0,0x00000000,0x00000000,1,0,1,0,1
present,5327,177537414,0x00000000,0,0,0,0x00000000,0x00000000,1,0,1,0,1
present,5328,177568106,0x00000000,0,0,0,0x00000000,0x00000000,1,0,1,0,1
present,5329,177600807,0x00000000,0,0,0,0x00000000,0x00000000,1,0,1,0,1
present,5330,177637647,0x00000000,0,0,0,0x00000000,0x00000000,1,0,1,0,1
present,5331,177669348,0x00000000,0,0,0,0x00000000,0x00000000,1,0,1,0,1
present,5332,177704207,0x00000000,0,0,0,0x00000000,0x00000000,1,0,1,0,1
present,5333,177735524,0x00000000,0,0,0,0x00000000,0x00000000,1,0,1,0,1
present,5334,177770400,0x00000000,0,0,0,0x00000000,0x00000000,1,0,1,0,1
present,5335,177804499,0x00000000,0,0,0,0x00000000,0x00000000,1,0,1,0,1
present,5336,177837415,0x00000000,0,0,0,0x00000000,0x00000000,1,0,1,0,1
present,5337,177867040,0x00000000,0,0,0,0x00000000,0x00000000,1,0,1,0,1
present,5338,177903853,0x00000000,0,0,0,0x00000000,0x00000000,1,0,1,0,1
present,5339,177934432,0x00000000,0,0,0,0x00000000,0x00000000,1,0,1,0,1
present,5340,177971370,0x00000000,0,0,0,0x00000000,0x00000000,1,0,1,0,1
present,5341,178003538,0x00000000,0,0,0,0x00000000,0x00000000,2,0,1,0,1
present,5342,178034749,0x00000000,0,0,0,0x00000000,0x00000000,2,0,1,0,1
present,5343,178069409,0x00000000,0,0,0,0x00000000,0x00000000,2,0,1,0,1
present,5344,178101112,0x00000000,0,0,0,0x00000000,0x00000000,2,0,1,0,1
present,5345,178137039,0x00000000,0,0,0,0x00000000,0x00000000,2,0,1,0,1
present,5346,178168634,0x00000000,0,0,0,0x00000000,0x00000000,2,0,1,0,1
present,5347,178204920,0x00000000,0,0,0,0x00000000,0x00000000,2,0,1,0,1
present,5348,178238189,0x00000000,0,0,0,0x00000000,0x00000000,2,0,1,0,1
present,5349,178270994,0x00000000,0,0,0,0x00000000,0x00000000,2,0,1,0,1
present,5350,178302325,0x00000000,0,0,0,0x00000000,0x00000000,2,0,1,0,1
present,5351,178337179,0x00000000,0,0,0,0x00000000,0x00000000,2,0,1,0,1
present,5352,178369751,0x00000000,0,0,0,0x00000000,0x00000000,2,0,1,0,1
present,5353,178401399,0x00000000,0,0,0,0x00000000,0x00000000,2,0,1,0,1
present,5354,178435445,0x00000000,0,0,0,0x00000000,0x00000000,2,0,1,0,1
present,5355,178470526,0x00000000,0,0,0,0x00000000,0x00000000,2,0,1,0,1
present,5356,178501829,0x00000000,0,0,0,0x00000000,0x00000000,2,0,1,0,1
present,5357,178537735,0x00000000,0,0,0,0x00000000,0x00000000,2,0,1,0,1
present,5358,178568621,0x00000000,0,0,0,0x00000000,0x00000000,2,0,1,0,1
present,5359,178601475,0x00000000,0,0,0,0x00000000,0x00000000,2,0,1,0,1
present,5360,178634776,0x00000000,0,0,0,0x00000000,0x00000000,2,0,1,0,1
present,5361,178669204,0x00000000,0,0,0,0x00000000,0x00000000,2,0,1,0,1
present,5362,178701355,0x00000000,0,0,0,0x00000000,0x00000000,2,0,1,0,1
present,5363,178737859,0x00000000,0,0,0,0x00000000,0x00000000,2,0,1,0,1
present,5364,178770806,0x00000000,0,0,0,0x00000000,0x00000000,2,0,1,0,1
present,5365,178806295,0x00000000,0,0,0,0x00000000,0x00000000,2,0,1,0,1
present,5366,178835412,0x00000000,0,0,0,0x00000000,0x00000000,2,0,1,0,1
present,5367,178870385,0x00000000,0,0,0,0x00000000,0x00000000,2,0,1,0,1
present,5368,178901293,0x00000000,0,0,0,0x00000000,0x00000000,2,0,1,0,1
present,5369,178937353,0x00000000,0,0,0,0x00000000,0x00000000,2,0,1,0,1
present,5370,178971175,0x00000000,0,0,0,0x00000000,0x00000000,2,0,1,0,1
present,5371,179004145,0x00000000,0,0,0,0x00000000,0x00000000,3,0,1,0,1
present,5372,179037768,0x00000000,0,0,0,0x00000000,0x00000000,3,0,1,0,1
present,5373,179067185,0x00000000,0,0,0,0x00000000,0x00000000,3,0,1,0,1
present,5374,179103806,0x00000000,0,0,0,0x00000000,0x00000000,3,0,1,0,1
present,5375,179137979,0x00000000,0,0,0,0x00000000,0x00000000,3,0,1,0,1
present,5376,179170914,0x00000000,0,0,0,0x00000000,0x00000000,3,0,1,0,1
present,5377,179202237,0x00000000,0,0,0,0x00000000,0x00000000,3,0,1,0,1
present,5378,179234681,0x00000000,0,0,0,0x00000000,0x00000000,3,0,1,0,1
present,5379,179270711,0x00000000,0,0,0,0x00000000,0x00000000,3,0,1,0,1
present,5380,179303657,0x00000000,0,0,0,0x00000000,0x00000000,3,0,1,0,1
present,5381,179337622,0x00000000,0,0,0,0x00000000,0x00000000,3,0,1,0,1
present,5382,179368569,0x00000000,0,0,0,0x00000000,0x00000000,3,0,1,0,1
present,5383,179401041,0x00000000,0,0,0,0x00000000,0x00000000,3,0,1,0,1
present,5384,179438018,0x00000000,0,0,0,0x00000000,0x00000000,3,0,1,0,1
present,5385,179467356,0x00000000,0,0,0,0x00000000,0x00000000,3,0,1,0,1
present,5386,179503465,0x00000000,0,0,0,0x00000000,0x00000000,3,0,1,0,1
present,5387,179534656,0x00000000,0,0,0,0x00000000,0x00000000,3,0,1,0,1
present,5388,179570621,0x00000000,0,0,0,0x00000000,0x00000000,3,0,1,0,1
present,5389,179600967,0x00000000,0,0,0,0x00000000,0x00000000,3,0,1,0,1
present,5390,179637977,0x00000000,0,0,0,0x00000000,0x00000000,3,0,1,0,1
present,5391,179668336,0x00000000,0,0,0,0x00000000,0x00000000,3,0,1,0,1
present,5392,179700897,0x00000000,0,0,0,0x00000000,0x00000000,3,0,1,0,1
present,5393,179737893,0x00000000,0,0,0,0x00000000,0x00000000,3,0,1,0,1
present,5394,179771160,0x00000000,0,0,0,0x00000000,0x00000000,3,0,1,0,1
present,5395,179809982,0x00000000,0,0,0,0x00000000,0x00000000,3,0,1,0,1
present,5396,179834797,0x00000000,0,0,0,0x00000000,0x00000000,3,0,1,0,1
present,5397,179867853,0x00000000,0,0,0,0x00000000,0x00000000,3,0,1,0,1
present,5398,179902223,0x00000000,0,0,0,0x00000000,0x00000000,3,0,1,0,1
present,5399,179935346,0x00000000,0,0,0,0x00000000,0x00000000,3,0,1,0,1
present,5400,179971332,0x00000000,0,0,0,0x00000000,0x00000000,3,0,1,0,1
present,5401,180004025,0x00000000,0,0,0,0x00000000,0x00000000,0,0,1,0,1
present,5402,180038003,0x00000000,0,0,0,0x00000000,0x00000000,0,0,1,0,1
present,5403,180071009,0x00000000,0,0,0,0x00000000,0x00000000,0,0,1,0,1
present,5404,180102347,0x00000000,0,0,0,0x00000000,0x00000000,0,0,1,0,1
present,5405,180137302,0x00000000,0,0,0,0x00000000,0x00000000,0,0,1,0,1
present,5406,180169116,0x00000000,0,0,0,0x00000000,0x00000000,0,0,1,0,1
present,5407,180204072,0x00000000,0,0,0,0x00000000,0x00000000,0,0,1,0,1
present,5408,180235541,0x00000000,0,0,0,0x00000000,0x00000000,0,0,1,0,1
present,5409,180270493,0x00000000,0,0,0,0x00000000,0x00000000,0,0,1,0,1
present,5410,180301367,0x00000000,0,0,0,0x00000000,0x00000000,0,0,1,0,1
present,5411,180334205,0x00000000,0,0,0,0x00000000,0x00000000,0,0,1,0,1
present,5412,180368189,0x00000000,0,0,0,0x00000000,0x00000000,0,0,1,0,1
present,5413,180404107,0x00000000,0,0,0,0x00000000,0x00000000,0,0,1,0,1
present,5414,180437048,0x00000000,0,0,0,0x00000000,0x00000000,0,0,1,0,1
present,5415,180469030,0x00000000,0,0,0,0x00000000,0x00000000,0,0,1,0,1
present,5416,180502642,0x00000000,0,0,0,0x00000000,0x00000000,0,0,1,0,1
present,5417,180534114,0x00000000,0,0,0,0x00000000,0x00000000,0,0,1,0,1
present,5418,180567813,0x00000000,0,0,0,0x00000000,0x00000000,0,0,1,0,1
present,5419,180600713,0x00000000,0,0,0,0x00000000,0x00000000,0,0,1,0,1
present,5420,180635758,0x00000000,0,0,0,0x00000000,0x00000000,0,0,1,0,1
present,5421,180668968,0x00000000,0,0,0,0x00000000,0x00000000,0,0,1,0,1
present,5422,180702122,0x00000000,0,0,0,0x00000000,0x00000000,0,0,1,0,1
present,5423,180734992,0x00000000,0,0,0,0x00000000,0x00000000,0,0,1,0,1
present,5424,180767501,0x00000000,0,0,0,0x00000000,0x00000000,0,0,1,0,1
present,5425,180812133,0x00000000,0,0,0,0x00000000,0x00000000,0,0,1,0,1
present,5426,180837332,0x00000000,0,0,0,0x00000000,0x00000000,0,0,1,0,1
present,5427,180870599,0x00000000,0,0,0,0x00000000,0x00000000,0,0,1,0,1
present,5428,180904075,0x00000000,0,0,0,0x00000000,0x00000000,0,0,1,0,1
present,5429,180937778,0x00000000,0,0,0,0x00000000,0x00000000,0,0,1,0,1
present,5430,180968893,0x00000000,0,0,0,0x00000000,0x00000000,0,0,1,0,1
present,5431,181003754,0x00000000,0,0,0,0x00000000,0x00000000,1,0,1,0,1
present,5432,181037567,0x00000000,0,0,0,0x00000000,0x00000000,1,0,1,0,1
present,5433,181070487,0x00000000,0,0,0,0x00000000,0x00000000,1,0,1,0,1
present,5434,181100194,0x00000000,0,0,0,0x00000000,0x00000000,1,0,1,0,1
present,5435,181136964,0x00000000,0,0,0,0x00000000,0x00000000,1,0,1,0,1
present,5436,181168637,0x00000000,0,0,0,0x00000000,0x00000000,1,0,1,0,1
present,5437,181204374,0x00000000,0,0,0,0x00000000,0x00000000,1,0,1,0,1
present,5438,181235806,0x00000000,0,0,0,0x00000000,0x00000000,1,0,1,0,1
present,5439,181270666,0x00000000,0,0,0,0x00000000,0x00000000,1,0,1,0,1
present,5440,181301539,0x00000000,0,0,0,0x00000000,0x00000000,1,0,1,0,1
present,5441,181334197,0x00000000,0,0,0,0x00000000,0x00000000,1,0,1,0,1
present,5442,181367569,0x00000000,0,0,0,0x00000000,0x00000000,1,0,1,0,1
present,5443,181404371,0x00000000,0,0,0,0x00000000,0x00000000,1,0,1,0,1
present,5444,181437081,0x00000000,0,0,0,0x00000000,0x00000000,1,0,1,0,1
present,5445,181467328,0x00000000,0,0,0,0x00000000,0x00000000,1,0,1,0,1
present,5446,181502494,0x00000000,0,0,0,0x00000000,0x00000000,1,0,1,0,1
present,5447,181534494,0x00000000,0,0,0,0x00000000,0x00000000,1,0,1,0,1
present,5448,181570469,0x00000000,0,0,0,0x00000000,0x00000000,1,0,1,0,1
present,5449,181600218,0x00000000,0,0,0,0x00000000,0x00000000,1,0,1,0,1
present,5450,181636985,0x00000000,0,0,0,0x00000000,0x00000000,1,0,1,0,1
present,5451,181666891,0x00000000,0,0,0,0x00000000,0x00000000,1,0,1,0,1
present,5452,181703683,0x00000000,0,0,0,0x00000000,0x00000000,1,0,1,0,1
present,5453,181733934,0x00000000,0,0,0,0x00000000,0x00000000,1,0,1,0,1
present,5454,181771047,0x00000000,0,0,0,0x00000000,0x00000000,1,0,1,0,1
present,5455,181805701,0x00000000,0,0,0,0x00000000,0x00000000,1,0,1,0,1
present,5456,181837513,0x00000000,0,0,0,0x00000000,0x00000000,1,0,1,0,1
present,5457,181871277,0x00000000,0,0,0,0x00000000,0x00000000,1,0,1,0,1
present,5458,181904170,0x00000000,0,0,0,0x00000000,0x00000000,1,0,1,0,1
present,5459,181935247,0x00000000,0,0,0,0x00000000,0x00000000,1,0,1,0,1
present,5460,181968339,0x00000000,0,0,0,0x00000000,0x00000000,1,0,1,0,1
present,5461,182003741,0x00000000,0,0,0,0x00000000,0x00000000,2,0,1,0,1
present,5462,182036187,0x00000000,0,0,0,0x00000000,0x00000000,2,0,1,0,1
present,5463,182068324,0x00000000,0,0,0,0x00000000,0x00000000,2,0,1,0,1
present,5464,182104425,0x00000000,0,0,0,0x00000000,0x00000000,2,0,1,0,1
present,5465,182137423,0x00000000,0,0,0,0x00000000,0x00000000,2,0,1,0,1
present,5466,182170434,0x00000000,0,0,0,0x00000000,0x00000000,2,0,1,0,1
present,5467,182200801,0x00000000,0,0,0,0x00000000,0x00000000,2,0,1,0,1
present,5468,182238784,0x00000000,0,0,0,0x00000000,0x00000000,2,0,1,0,1
present,5469,182268455,0x00000000,0,0,0,0x00000000,0x00000000,2,0,1,0,1
present,5470,182301286,0x00000000,0,0,0,0x00000000,0x00000000,2,0,1,0,1
present,5471,182336457,0x00000000,0,0,0,0x00000000,0x00000000,2,0,1,0,1
present,5472,182368199,0x00000000,0,0,0,0x00000000,0x00000000,2,0,1,0,1
present,5473,182404051,0x00000000,0,0,0,0x00000000,0x00000000,2,0,1,0,1
present,5474,182438050,0x00000000,0,0,0,0x00000000,0x00000000,2,0,1,0,1
present,5475,182470090,0x00000000,0,0,0,0x00000000,0x00000000,2,0,1,0,1
present,5476,182504113,0x00000000,0,0,0,0x00000000,0x00000000,2,0,1,0,1
present,5477,182534792,0x00000000,0,0,0,0x00000000,0x00000000,2,0,1,0,1
present,5478,182569415,0x00000000,0,0,0,0x00000000,0x00000000,2,0,1,0,1
present,5479,182603964,0x00000000,0,0,0,0x00000000,0x00000000,2,0,1,0,1
present,5480,182636971,0x00000000,0,0,0,0x00000000,0x00000000,2,0,1,0,1
present,5481,182670930,0x00000000,0,0,0,0x00000000,0x00000000,2,0,1,0,1
present,5482,182700775,0x00000000,0,0,0,0x00000000,0x00000000,2,0,1,0,1
present,5483,182737753,0x00000000,0,0,0,0x00000000,0x00000000,2,0,1,0,1
present,5484,182769490,0x00000000,0,0,0,0x00000000,0x00000000,2,0,1,0,1
present,5485,182809527,0x00000000,0,0,0,0x00000000,0x00000000,2,0,1,0,1
present,5486,182836104,0x00000000,0,0,0,0x00000000,0x00000000,2,0,1,0,1
present,5487,182871119,0x00000000,0,0,0,0x00000000,0x00000000,2,0,1,0,1
present,5488,182904038,0x00000000,0,0,0,0x00000000,0x00000000,2,0,1,0,1
present,5489,182937107,0x00000000,0,0,0,0x00000000,0x00000000,2,0,1,0,1
present,5490,182971291,0x00000000,0,0,0,0x00000000,0x00000000,2,0,1,0,1
present,5491,183000511,0x00000000,0,0,0,0x00000000,0x00000000,3,0,1,0,1
present,5492,183035420,0x00000000,0,0,0,0x00000000,0x00000000,3,0,1,0,1
present,5493,183067866,0x00000000,0,0,0,0x00000000,0x00000000,3,0,1,0,1
present,5494,183102215,0x00000000,0,0,0,0x00000000,0x00000000,3,0,1,0,1
present,5495,183136844,0x00000000,0,0,0,0x00000000,0x00000000,3,0,1,0,1
present,5496,183170779,0x00000000,0,0,0,0x00000000,0x00000000,3,0,1,0,1
present,5497,183203731,0x00000000,0,0,0,0x00000000,0x00000000,3,0,1,0,1
present,5498,183238191,0x00000000,0,0,0,0x00000000,0x00000000,3,0,1,0,1
present,5499,183271221,0x00000000,0,0,0,0x00000000,0x00000000,3,0,1,0,1
present,5500,183301601,0x00000000,0,0,0,0x00000000,0x00000000,3,0,1,0,1
present,5501,183336353,0x00000000,0,0,0,0x00000000,0x00000000,3,0,1,0,1
present,5502,183368444,0x00000000,0,0,0,0x00000000,0x00000000,3,0,1,0,1
present,5503,183404168,0x00000000,0,0,0,0x00000000,0x00000000,3,0,1,0,1
present,5504,183434298,0x00000000,0,0,0,0x00000000,0x00000000,3,0,1,0,1
present,5505,183468474,0x00000000,0,0,0,0x00000000,0x00000000,3,0,1,0,1
present,5506,183504656,0x00000000,0,0,0,0x00000000,0x00000000,3,0,1,0,1
present,5507,183537599,0x00000000,0,0,0,0x00000000,0x00000000,3,0,1,0,1
present,5508,183568048,0x00000000,0,0,0,0x00000000,0x00000000,3,0,1,0,1
present,5509,183600997,0x00000000,0,0,0,0x00000000,0x00000000,3,0,1,0,1
present,5510,183635526,0x00000000,0,0,0,0x00000000,0x00000000,3,0,1,0,1
present,5511,183669434,0x00000000,0,0,0,0x00000000,0x00000000,3,0,1,0,1
present,5512,183704205,0x00000000,0,0,0,0x00000000,0x00000000,3,0,1,0,1
present,5513,183736983,0x00000000,0,0,0,0x00000000,0x00000000,3,0,1,0,1
present,5514,183770719,0x00000000,0,0,0,0x00000000,0x00000000,3,0,1,0,1
present,5515,183808843,0x00000000,0,0,0,0x00000000,0x00000000,3,0,1,0,1
present,5516,183835984,0x00000000,0,0,0,0x00000000,0x00000000,3,0,1,0,1
present,5517,183871138,0x00000000,0,0,0,0x00000000,0x00000000,3,0,1,0,1
present,5518,183902230,0x00000000,0,0,0,0x00000000,0x00000000,3,0,1,0,1
present,5519,183934542,0x00000000,0,0,0,0x00000000,0x00000000,3,0,1,0,1
present,5520,183968185,0x00000000,0,0,0,0x00000000,0x00000000,3,0,1,0,1
present,5521,184000910,0x00000000,0,0,0,0x00000000,0x00000000,0,0,1,0,1
present,5522,184035059,0x00000000,0,0,0,0x00000000,0x00000000,0,0,1,0,1
present,5523,184069887,0x00000000,0,0,0,0x00000000,0x00000000,0,0,1,0,1
present,5524,184100695,0x00000000,0,0,0,0x00000000,0x00000000,0,0,1,0,1
present,5525,184135536,0x00000000,0,0,0,0x00000000,0x00000000,0,0,1,0,1
present,5526,184169583,0x00000000,0,0,0,0x00000000,0x00000000,0,0,1,0,1
present,5527,184202280,0x00000000,0,0,0,0x00000000,0x00000000,0,0,1,0,1
present,5528,184234486,0x00000000,0,0,0,0x00000000,0x00000000,0,0,1,0,1
present,5529,184271709,0x00000000,0,0,0,0x00000000,0x00000000,0,0,1,0,1
present,5530,184301089,0x00000000,0,0,0,0x00000000,0x00000000,0,0,1,0,1
present,5531,184338191,0x00000000,0,0,0,0x00000000,0x00000000,0,0,1,0,1
present,5532,184370707,0x00000000,0,0,0,0x00000000,0x00000000,0,0,1,0,1
present,5533,184404503,0x00000000,0,0,0,0x00000000,0x00000000,0,0,1,0,1
present,5534,184435914,0x00000000,0,0,0,0x00000000,0x00000000,0,0,1,0,1
present,5535,184467961,0x00000000,0,0,0,0x00000000,0x00000000,0,0,1,0,1
present,5536,184500641,0x00000000,0,0,0,0x00000000,0x00000000,0,0,1,0,1
present,5537,184536956,0x00000000,0,0,0,0x00000000,0x00000000,0,0,1,0,1
present,5538,184570926,0x00000000,0,0,0,0x00000000,0x00000000,0,0,1,0,1
present,5539,184600688,0x00000000,0,0,0,0x00000000,0x00000000,0,0,1,0,1
present,5540,184637737,0x00000000,0,0,0,0x00000000,0x00000000,0,0,1,0,1
present,5541,184670844,0x00000000,0,0,0,0x00000000,0x00000000,0,0,1,0,1
present,5542,184704224,0x00000000,0,0,0,0x00000000,0x00000000,0,0,1,0,1
present,5543,184734934,0x00000000,0,0,0,0x00000000,0x00000000,0,0,1,0,1
present,5544,184770428,0x00000000,0,0,0,0x00000000,0x00000000,0,0,1,0,1
present,5545,184810631,0x00000000,0,0,0,0x00000000,0x00000000,0,0,1,0,1
present,5546,184835930,0x00000000,0,0,0,0x00000000,0x00000000,0,0,1,0,1
present,5547,184867541,0x00000000,0,0,0,0x00000000,0x00000000,0,0,1,0,1
present,5548,184903968,0x00000000,0,0,0,0x00000000,0x00000000,0,0,1,0,1
present,5549,184937405,0x00000000,0,0,0,0x00000000,0x00000000,0,0,1,0,1
present,5550,184971187,0x00000000,0,0,0,0x00000000,0x00000000,0,0,1,0,1
present,5551,185000153,0x00000000,0,0,0,0x00000000,0x00000000,1,0,1,0,1
present,5552,185037951,0x00000000,0,0,0,0x00000000,0x00000000,1,0,1,0,1
present,5553,185067409,0x00000000,0,0,0,0x00000000,0x00000000,1,0,1,0,1
present,5554,185100176,0x00000000,0,0,0,0x00000000,0x00000000,1,0,1,0,1
present,5555,185138025,0x00000000,0,0,0,0x00000000,0x00000000,1,0,1,0,1
present,5556,185169838,0x00000000,0,0,0,0x00000000,0x00000000,1,0,1,0,1
present,5557,185200657,0x00000000,0,0,0,0x00000000,0x00000000,1,0,1,0,1
present,5558,185237565,0x00000000,0,0,0,0x00000000,0x00000000,1,0,1,0,1
present,5559,185269965,0x00000000,0,0,0,0x00000000,0x00000000,1,0,1,0,1
present,5560,185303720,0x00000000,0,0,0,0x00000000,0x00000000,1,0,1,0,1
present,5561,185337260,0x00000000,0,0,0,0x00000000,0x00000000,1,0,1,0,1
present,5562,185367821,0x00000000,0,0,0,0x00000000,0x00000000,1,0,1,0,1
present,5563,185404611,0x00000000,0,0,0,0x00000000,0x00000000,1,0,1,0,1
present,5564,185436982,0x00000000,0,0,0,0x00000000,0x00000000,1,0,1,0,1
present,5565,185470775,0x00000000,0,0,0,0x00000000,0x00000000,1,0,1,0,1
present,5566,185503173,0x00000000,0,0,0,0x00000000,0x00000000,1,0,1,0,1
present,5567,185534574,0x00000000,0,0,0,0x00000000,0x00000000,1,0,1,0,1
present,5568,185570616,0x00000000,0,0,0,0x00000000,0x00000000,1,0,1,0,1
present,5569,185604036,0x00000000,0,0,0,0x00000000,0x00000000,1,0,1,0,1
present,5570,185637917,0x00000000,0,0,0,0x00000000,0x00000000,1,0,1,0,1
present,5571,185670850,0x00000000,0,0,0,0x00000000,0x00000000,1,0,1,0,1
present,5572,185700802,0x00000000,0,0,0,0x00000000,0x00000000,1,0,1,0,1
present,5573,185737071,0x00000000,0,0,0,0x00000000,0x00000000,1,0,1,0,1
present,5574,185770893,0x00000000,0,0,0,0x00000000,0x00000000,1,0,1,0,1
present,5575,185805488,0x00000000,0,0,0,0x00000000,0x00000000,1,0,1,0,1
present,5576,185834310,0x00000000,0,0,0,0x00000000,0x00000000,1,0,1,0,1
present,5577,185868037,0x00000000,0,0,0,0x00000000,0x00000000,1,0,1,0,1
present,5578,185903177,0x00000000,0,0,0,0x00000000,0x00000000,1,0,1,0,1
present,5579,185934167,0x00000000,0,0,0,0x00000000,0x00000000,1,0,1,0,1
present,5580,185970879,0x00000000,0,0,0,0x00000000,0x00000000,1,0,1,0,1
present,5581,186003929,0x00000000,0,0,0,0x00000000,0x00000000,2,0,1,0,1
present,5582,186037938,0x00000000,0,0,0,0x00000000,0x00000000,2,0,1,0,1
present,5583,186067724,0x00000000,0,0,0,0x00000000,0x00000000,2,0,1,0,1
present,5584,186100958,0x00000000,0,0,0,0x00000000,0x00000000,2,0,1,0,1
present,5585,186137080,0x00000000,0,0,0,0x00000000,0x00000000,2,0,1,0,1
present,5586,186167912,0x00000000,0,0,0,0x00000000,0x00000000,2,0,1,0,1
present,5587,186204225,0x00000000,0,0,0,0x00000000,0x00000000,2,0,1,0,1
present,5588,186237466,0x00000000,0,0,0,0x00000000,0x00000000,2,0,1,0,1
present,5589,186269110,0x00000000,0,0,0,0x00000000,0x00000000,2,0,1,0,1
present,5590,186303985,0x00000000,0,0,0,0x00000000,0x00000000,2,0,1,0,1
present,5591,186336277,0x00000000,0,0,0,0x00000000,0x00000000,2,0,1,0,1
present,5592,186368518,0x00000000,0,0,0,0x00000000,0x00000000,2,0,1,0,1
present,5593,186402871,0x00000000,0,0,0,0x00000000,0x00000000,2,0,1,0,1
present,5594,186435719,0x00000000,0,0,0,0x00000000,0x00000000,2,0,1,0,1
present,5595,186467589,0x00000000,0,0,0,0x00000000,0x00000000,2,0,1,0,1
present,5596,186504711,0x00000000,0,0,0,0x00000000,0x00000000,2,0,1,0,1
present,5597,186537623,0x00000000,0,0,0,0x00000000,0x00000000,2,0,1,0,1
present,5598,186567934,0x00000000,0,0,0,0x00000000,0x00000000,2,0,1,0,1
present,5599,186604047,0x00000000,0,0,0,0x00000000,0x00000000,2,0,1,0,1
present,5600,186633989,0x00000000,0,0,0,0x00000000,0x00000000,2,0,1,0,1
present,5601,186671146,0x00000000,0,0,0,0x00000000,0x00000000,2,0,1,0,1
present,5602,186700858,0x00000000,0,0,0,0x00000000,0x00000000,2,0,1,0,1
present,5603,186737948,0x00000000,0,0,0,0x00000000,0x00000000,2,0,1,0,1
present,5604,186768127,0x00000000,0,0,0,0x00000000,0x00000000,2,0,1,0,1
present,5605,186811767,0x00000000,0,0,0,0x00000000,0x00000000,2,0,1,0,1
present,5606,186837685,0x00000000,0,0,0,0x00000000,0x00000000,2,0,1,0,1
present,5607,186867971,0x00000000,0,0,0,0x00000000,0x00000000,2,0,1,0,1
present,5608,186903195,0x00000000,0,0,0,0x00000000,0x00000000,2,0,1,0,1
present,5609,186934445,0x00000000,0,0,0,0x00000000,0x00000000,2,0,1,0,1
present,5610,186970671,0x00000000,0,0,0,0x00000000,0x00000000,2,0,1,0,1
present,5611,187003755,0x00000000,0,0,0,0x00000000,0x00000000,3,0,1,0,1
present,5612,187035069,0x00000000,0,0,0,0x00000000,0x00000000,3,0,1,0,1
present,5613,187071129,0x00000000,0,0,0,0x00000000,0x00000000,3,0,1,0,1
present,5614,187104161,0x00000000,0,0,0,0x00000000,0x00000000,3,0,1,0,1
present,5615,187137135,0x00000000,0,0,0,0x00000000,0x00000000,3,0,1,0,1
present,5616,187169799,0x00000000,0,0,0,0x00000000,0x00000000,3,0,1,0,1
present,5617,187203782,0x00000000,0,0,0,0x00000000,0x00000000,3,0,1,0,1
present,5618,187238212,0x00000000,0,0,0,0x00000000,0x00000000,3,0,1,0,1
present,5619,187271198,0x00000000,0,0,0,0x00000000,0x00000000,3,0,1,0,1
present,5620,187304338,0x00000000,0,0,0,0x00000000,0x00000000,3,0,1,0,1
present,5621,187337412,0x00000000,0,0,0,0x00000000,0x00000000,3,0,1,0,1
present,5622,187368102,0x00000000,0,0,0,0x00000000,0x00000000,3,0,1,0,1
present,5623,187401213,0x00000000,0,0,0,0x00000000,0x00000000,3,0,1,0,1
present,5624,187434262,0x00000000,0,0,0,0x00000000,0x00000000,3,0,1,0,1
present,5625,187471222,0x00000000,0,0,0,0x00000000,0x00000000,3,0,1,0,1
present,5626,187500862,0x00000000,0,0,0,0x00000000,0x00000000,3,0,1,0,1
present,5627,187537733,0x00000000,0,0,0,0x00000000,0x00000000,3,0,1,0,1
present,5628,187567533,0x00000000,0,0,0,0x00000000,0x00000000,3,0,1,0,1
present,5629,187602278,0x00000000,0,0,0,0x00000000,0x00000000,3,0,1,0,1
present,5630,187637242,0x00000000,0,0,0,0x00000000,0x00000000,3,0,1,0,1
present,5631,187667852,0x00000000,0,0,0,0x00000000,0x00000000,3,0,1,0,1
present,5632,187703905,0x00000000,0,0,0,0x00000000,0x00000000,3,0,1,0,1
present,5633,187737851,0x00000000,0,0,0,0x00000000,0x00000000,3,0,1,0,1
present,5634,187767728,0x00000000,0,0,0,0x00000000,0x00000000,3,0,1,0,1
present,5635,187803950,0x00000000,0,0,0,0x00000000,0x00000000,3,0,1,0,1
present,5636,187838125,0x00000000,0,0,0,0x00000000,0x00000000,3,0,1,0,1
present,5637,187870521,0x00000000,0,0,0,0x00000000,0x00000000,3,0,1,0,1
present,5638,187902555,0x00000000,0,0,0,0x00000000,0x00000000,3,0,1,0,1
present,5639,187934375,0x00000000,0,0,0,0x00000000,0x00000000,3,0,1,0,1
present,5640,187970574,0x00000000,0,0,0,0x00000000,0x00000000,3,0,1,0,1
present,5641,188000514,0x00000000,0,0,0,0x00000000,0x00000000,0,0,1,0,1
present,5642,188037452,0x00000000,0,0,0,0x00000000,0x00000000,0,0,1,0,1
present,5643,188070511,0x00000000,0,0,0,0x00000000,0x00000000,0,0,1,0,1
present,5644,188104482,0x00000000,0,0,0,0x00000000,0x00000000,0,0,1,0,1
present,5645,188136961,0x00000000,0,0,0,0x00000000,0x00000000,0,0,1,0,1
present,5646,188168957,0x00000000,0,0,0,0x00000000,0x00000000,0,0,1,0,1
present,5647,188203964,0x00000000,0,0,0,0x00000000,0x00000000,0,0,1,0,1
present,5648,188234620,0x00000000,0,0,0,0x00000000,0x00000000,0,0,1,0,1
present,5649,188267919,0x00000000,0,0,0,0x00000000,0x00000000,0,0,1,0,1
present,5650,188304024,0x00000000,0,0,0,0x00000000,0x00000000,0,0,1,0,1
present,5651,188337186,0x00000000,0,0,0,0x00000000,0x00000000,0,0,1,0,1
present,5652,188367845,0x00000000,0,0,0,0x00000000,0x00000000,0,0,1,0,1
present,5653,188401819,0x00000000,0,0,0,0x00000000,0x00000000,0,0,1,0,1
present,5654,188434101,0x00000000,0,0,0,0x00000000,0x00000000,0,0,1,0,1
present,5655,188470879,0x00000000,0,0,0,0x00000000,0x00000000,0,0,1,0,1
present,5656,188500854,0x00000000,0,0,0,0x00000000,0x00000000,0,0,1,0,1
present,5657,188536605,0x00000000,0,0,0,0x00000000,0x00000000,0,0,1,0,1
present,5658,188567590,0x00000000,0,0,0,0x00000000,0x00000000,0,0,1,0,1
present,5659,188601699,0x00000000,0,0,0,0x00000000,0x00000000,0,0,1,0,1
present,5660,188638109,0x00000000,0,0,0,0x00000000,0x00000000,0,0,1,0,1
present,5661,188670534,0x00000000,0,0,0,0x00000000,0x00000000,0,0,1,0,1
present,5662,188702731,0x00000000,0,0,0,0x00000000,0x00000000,0,0,1,0,1
present,5663,188737675,0x00000000,0,0,0,0x00000000,0x00000000,0,0,1,0,1
present,5664,188767406,0x00000000,0,0,0,0x00000000,0x00000000,0,0,1,0,1
present,5665,188811293,0x00000000,0,0,0,0x00000000,0x00000000,0,0,1,0,1
present,5666,188836845,0x00000000,0,0,0,0x00000000,0x00000000,0,0,1,0,1
present,5667,188868203,0x00000000,0,0,0,0x00000000,0x00000000,0,0,1,0,1
present,5668,188903812,0x00000000,0,0,0,0x00000000,0x00000000,0,0,1,0,1
present,5669,188937146,0x00000000,0,0,0,0x00000000,0x00000000,0,0,1,0,1
present,5670,188970941,0x00000000,0,0,0,0x00000000,0x00000000,0,0,1,0,1
present,5671,189002290,0x00000000,0,0,0,0x00000000,0x00000000,1,0,1,0,1
present,5672,189035011,0x00000000,0,0,0,0x00000000,0x00000000,1,0,1,0,1
present,5673,189070941,0x00000000,0,0,0,0x00000000,0x00000000,1,0,1,0,1
present,5674,189103815,0x00000000,0,0,0,0x00000000,0x00000000,1,0,1,0,1
present,5675,189137633,0x00000000,0,0,0,0x00000000,0x00000000,1,0,1,0,1
present,5676,189170462,0x00000000,0,0,0,0x00000000,0x00000000,1,0,1,0,1
present,5677,189203587,0x00000000,0,0,0,0x00000000,0x00000000,1,0,1,0,1
present,5678,189237384,0x00000000,0,0,0,0x00000000,0x00000000,1,0,1,0,1
present,5679,189268722,0x00000000,0,0,0,0x00000000,0x00000000,1,0,1,0,1
present,5680,189304710,0x00000000,0,0,0,0x00000000,0x00000000,1,0,1,0,1
present,5681,189337581,0x00000000,0,0,0,0x00000000,0x00000000,1,0,1,0,1
present,5682,189368532,0x00000000,0,0,0,0x00000000,0x00000000,1,0,1,0,1
present,5683,189404340,0x00000000,0,0,0,0x00000000,0x00000000,1,0,1,0,1
present,5684,189436801,0x00000000,0,0,0,0x00000000,0x00000000,1,0,1,0,1
present,5685,189470519,0x00000000,0,0,0,0x00000000,0x00000000,1,0,1,0,1
present,5686,189501850,0x00000000,0,0,0,0x00000000,0x00000000,1,0,1,0,1
present,5687,189537615,0x00000000,0,0,0,0x00000000,0x00000000,1,0,1,0,1
present,5688,189570212,0x00000000,0,0,0,0x00000000,0x00000000,1,0,1,0,1
present,5689,189601627,0x00000000,0,0,0,0x00000000,0x00000000,1,0,1,0,1
present,5690,189637544,0x00000000,0,0,0,0x00000000,0x00000000,1,0,1,0,1
present,5691,189670365,0x00000000,0,0,0,0x00000000,0x00000000,1,0,1,0,1
present,5692,189704147,0x00000000,0,0,0,0x00000000,0x00000000,1,0,1,0,1
present,5693,189734060,0x00000000,0,0,0,0x00000000,0x00000000,1,0,1,0,1
present,5694,189769669,0x00000000,0,0,0,0x00000000,0x00000000,1,0,1,0,1
present,5695,189808705,0x00000000,0,0,0,0x00000000,0x00000000,1,0,1,0,1
present,5696,189837661,0x00000000,0,0,0,0x00000000,0x00000000,1,0,1,0,1
present,5697,189868053,0x00000000,0,0,0,0x00000000,0x00000000,1,0,1,0,1
present,5698,189901358,0x00000000,0,0,0,0x00000000,0x00000000,1,0,1,0,1
present,5699,189937177,0x00000000,0,0,0,0x00000000,0x00000000,1,0,1,0,1
present,5700,189968107,0x00000000,0,0,0,0x00000000,0x00000000,1,0,1,0,1
present,5701,190003954,0x00000000,0,0,0,0x00000000,0x00000000,2,0,1,0,1
present,5702,190038104,0x00000000,0,0,0,0x00000000,0x00000000,2,0,1,0,1
present,5703,190071023,0x00000000,0,0,0,0x00000000,0x00000000,2,0,1,0,1
present,5704,190104021,0x00000000,0,0,0,0x00000000,0x00000000,2,0,1,0,1
present,5705,190134381,0x00000000,0,0,0,0x00000000,0x00000000,2,0,1,0,1
present,5706,190168058,0x00000000,0,0,0,0x00000000,0x00000000,2,0,1,0,1
present,5707,190202928,0x00000000,0,0,0,0x00000000,0x00000000,2,0,1,0,1
present,5708,190235213,0x00000000,0,0,0,0x00000000,0x00000000,2,0,1,0,1
present,5709,190268661,0x00000000,0,0,0,0x00000000,0x00000000,2,0,1,0,1
present,5710,190302445,0x00000000,0,0,0,0x00000000,0x00000000,2,0,1,0,1
present,5711,190336348,0x00000000,0,0,0,0x00000000,0x00000000,2,0,1,0,1
present,5712,190369773,0x00000000,0,0,0,0x00000000,0x00000000,2,0,1,0,1
present,5713,190401913,0x00000000,0,0,0,0x00000000,0x00000000,2,0,1,0,1
present,5714,190436225,0x00000000,0,0,0,0x00000000,0x00000000,2,0,1,0,1
present,5715,190471168,0x00000000,0,0,0,0x00000000,0x00000000,2,0,1,0,1
present,5716,190500696,0x00000000,0,0,0,0x00000000,0x00000000,2,0,1,0,1
present,5717,190537927,0x00000000,0,0,0,0x00000000,0x00000000,2,0,1,0,1
present,5718,190570140,0x00000000,0,0,0,0x00000000,0x00000000,2,0,1,0,1
present,5719,190600791,0x00000000,0,0,0,0x00000000,0x00000000,2,0,1,0,1
present,5720,190638066,0x00000000,0,0,0,0x00000000,0x00000000,2,0,1,0,1
present,5721,190667524,0x00000000,0,0,0,0x00000000,0x00000000,2,0,1,0,1
present,5722,190701249,0x00000000,0,0,0,0x00000000,0x00000000,2,0,1,0,1
present,5723,190736228,0x00000000,0,0,0,0x00000000,0x00000000,2,0,1,0,1
present,5724,190769360,0x00000000,0,0,0,0x00000000,0x00000000,2,0,1,0,1
present,5725,190806085,0x00000000,0,0,0,0x00000000,0x00000000,2,0,1,0,1
present,5726,190836225,0x00000000,0,0,0,0x00000000,0x00000000,2,0,1,0,1
present,5727,190870517,0x00000000,0,0,0,0x00000000,0x00000000,2,0,1,0,1
present,5728,190900253,0x00000000,0,0,0,0x00000000,0x00000000,2,0,1,0,1
present,5729,190936942,0x00000000,0,0,0,0x00000000,0x00000000,2,0,1,0,1
present,5730,190970714,0x00000000,0,0,0,0x00000000,0x00000000,2,0,1,0,1
present,5731,191004820,0x00000000,0,0,0,0x00000000,0x00000000,3,0,1,0,1
present,5732,191037621,0x00000000,0,0,0,0x00000000,0x00000000,3,0,1,0,1
present,5733,191070808,0x00000000,0,0,0,0x00000000,0x00000000,3,0,1,0,1
present,5734,191103884,0x00000000,0,0,0,0x00000000,0x00000000,3,0,1,0,1
present,5735,191138129,0x00000000,0,0,0,0x00000000,0x00000000,3,0,1,0,1
present,5736,191171120,0x00000000,0,0,0,0x00000000,0x00000000,3,0,1,0,1
present,5737,191201087,0x00000000,0,0,0,0x00000000,0x00000000,3,0,1,0,1
present,5738,191237154,0x00000000,0,0,0,0x00000000,0x00000000,3,0,1,0,1
present,5739,191271238,0x00000000,0,0,0,0x00000000,0x00000000,3,0,1,0,1
present,5740,191301305,0x00000000,0,0,0,0x00000000,0x00000000,3,0,1,0,1
present,5741,191337134,0x00000000,0,0,0,0x00000000,0x00000000,3,0,1,0,1
present,5742,191367348,0x00000000,0,0,0,0x00000000,0x00000000,3,0,1,0,1
present,5743,191404104,0x00000000,0,0,0,0x00000000,0x00000000,3,0,1,0,1
present,5744,191435315,0x00000000,0,0,0,0x00000000,0x00000000,3,0,1,0,1
present,5745,191471349,0x00000000,0,0,0,0x00000000,0x00000000,3,0,1,0,1
present,5746,191502158,0x00000000,0,0,0,0x00000000,0x00000000,3,0,1,0,1
present,5747,191537041,0x00000000,0,0,0,0x00000000,0x00000000,3,0,1,0,1
present,5748,191568075,0x00000000,0,0,0,0x00000000,0x00000000,3,0,1,0,1
present,5749,191603643,0x00000000,0,0,0,0x00000000,0x00000000,3,0,1,0,1
present,5750,191636467,0x00000000,0,0,0,0x00000000,0x00000000,3,0,1,0,1
present,5751,191670721,0x00000000,0,0,0,0x00000000,0x00000000,3,0,1,0,1
present,5752,191701904,0x00000000,0,0,0,0x00000000,0x00000000,3,0,1,0,1
present,5753,191734335,0x00000000,0,0,0,0x00000000,0x00000000,3,0,1,0,1
present,5754,191770471,0x00000000,0,0,0,0x00000000,0x00000000,3,0,1,0,1
present,5755,191804748,0x00000000,0,0,0,0x00000000,0x00000000,3,0,1,0,1
present,5756,191837450,0x00000000,0,0,0,0x00000000,0x00000000,3,0,1,0,1
present,5757,191871336,0x00000000,0,0,0,0x00000000,0x00000000,3,0,1,0,1
present,5758,191903320,0x00000000,0,0,0,0x00000000,0x00000000,3,0,1,0,1
present,5759,191934988,0x00000000,0,0,0,0x00000000,0x00000000,3,0,1,0,1
present,5760,191968185,0x00000000,0,0,0,0x00000000,0x00000000,3,0,1,0,1
present,5761,192004294,0x00000000,0,0,0,0x00000000,0x00000000,0,0,1,0,1
present,5762,192034838,0x00000000,0,0,0,0x00000000,0x00000000,0,0,1,0,1
present,5763,192070944,0x00000000,0,0,0,0x00000000,0x00000000,0,0,1,0,1
present,5764,192103876,0x00000000,0,0,0,0x00000000,0x00000000,0,0,1,0,1
present,5765,192134571,0x00000000,0,0,0,0x00000000,0x00000000,0,0,1,0,1
present,5766,192170770,0x00000000,0,0,0,0x00000000,0x00000000,0,0,1,0,1
present,5767,192202140,0x00000000,0,0,0,0x00000000,0x00000000,0,0,1,0,1
present,5768,192234430,0x00000000,0,0,0,0x00000000,0x00000000,0,0,1,0,1
present,5769,192270470,0x00000000,0,0,0,0x00000000,0x00000000,0,0,1,0,1
present,5770,192302105,0x00000000,0,0,0,0x00000000,0x00000000,0,0,1,0,1
present,5771,192337077,0x00000000,0,0,0,0x00000000,0x00000000,0,0,1,0,1
present,5772,192368999,0x00000000,0,0,0,0x00000000,0x00000000,0,0,1,0,1
present,5773,192402584,0x00000000,0,0,0,0x00000000,0x00000000,0,0,1,0,1
present,5774,192437689,0x00000000,0,0,0,0x00000000,0x00000000,0,0,1,0,1
present,5775,192470953,0x00000000,0,0,0,0x00000000,0x00000000,0,0,1,0,1
present,5776,192503897,0x00000000,0,0,0,0x00000000,0x00000000,0,0,1,0,1
present,5777,192534327,0x00000000,0,0,0,0x00000000,0x00000000,0,0,1,0,1
present,5778,192570376,0x00000000,0,0,0,0x00000000,0x00000000,0,0,1,0,1
present,5779,192604394,0x00000000,0,0,0,0x00000000,0x00000000,0,0,1,0,1
present,5780,192634962,0x00000000,0,0,0,0x00000000,0x00000000,0,0,1,0,1
present,5781,192671002,0x00000000,0,0,0,0x00000000,0x00000000,0,0,1,0,1
present,5782,192704146,0x00000000,0,0,0,0x00000000,0x00000000,0,0,1,0,1
present,5783,192737166,0x00000000,0,0,0,0x00000000,0x00000000,0,0,1,0,1
present,5784,192771157,0x00000000,0,0,0,0x00000000,0x00000000,0,0,1,0,1
present,5785,192803626,0x00000000,0,0,0,0x00000000,0x00000000,0,0,1,0,1
present,5786,192837668,0x00000000,0,0,0,0x00000000,0x00000000,0,0,1,0,1
present,5787,192868009,0x00000000,0,0,0,0x00000000,0x00000000,0,0,1,0,1
present,5788,192903561,0x00000000,0,0,0,0x00000000,0x00000000,0,0,1,0,1
present,5789,192937316,0x00000000,0,0,0,0x00000000,0x00000000,0,0,1,0,1
present,5790,192970727,0x00000000,0,0,0,0x00000000,0x00000000,0,0,1,0,1
present,5791,193000917,0x00000000,0,0,0,0x00000000,0x00000000,1,0,1,0,1
present,5792,193037653,0x00000000,0,0,0,0x00000000,0x00000000,1,0,1,0,1
present,5793,193070080,0x00000000,0,0,0,0x00000000,0x00000000,1,0,1,0,1
present,5794,193100188,0x00000000,0,0,0,0x00000000,0x00000000,1,0,1,0,1
present,5795,193138005,0x00000000,0,0,0,0x00000000,0x00000000,1,0,1,0,1
present,5796,193170357,0x00000000,0,0,0,0x00000000,0x00000000,1,0,1,0,1
present,5797,193204224,0x00000000,0,0,0,0x00000000,0x00000000,1,0,1,0,1
present,5798,193236632,0x00000000,0,0,0,0x00000000,0x00000000,1,0,1,0,1
present,5799,193270417,0x00000000,0,0,0,0x00000000,0x00000000,1,0,1,0,1
present,5800,193304351,0x00000000,0,0,0,0x00000000,0x00000000,1,0,1,0,1
present,5801,193337204,0x00000000,0,0,0,0x00000000,0x00000000,1,0,1,0,1
present,5802,193369654,0x00000000,0,0,0,0x00000000,0x00000000,1,0,1,0,1
present,5803,193404418,0x00000000,0,0,0,0x00000000,0x00000000,1,0,1,0,1
present,5804,193436364,0x00000000,0,0,0,0x00000000,0x00000000,1,0,1,0,1
present,5805,193471315,0x00000000,0,0,0,0x00000000,0x00000000,1,0,1,0,1
present,5806,193504153,0x00000000,0,0,0,0x00000000,0x00000000,1,0,1,0,1
present,5807,193534510,0x00000000,0,0,0,0x00000000,0x00000000,1,0,1,0,1
present,5808,193570335,0x00000000,0,0,0,0x00000000,0x00000000,1,0,1,0,1
present,5809,193600833,0x00000000,0,0,0,0x00000000,0x00000000,1,0,1,0,1
present,5810,193637741,0x00000000,0,0,0,0x00000000,0x00000000,1,0,1,0,1
present,5811,193667292,0x00000000,0,0,0,0x00000000,0x00000000,1,0,1,0,1
present,5812,193704120,0x00000000,0,0,0,0x00000000,0x00000000,1,0,1,0,1
present,5813,193738285,0x00000000,0,0,0,0x00000000,0x00000000,1,0,1,0,1
present,5814,193769117,0x00000000,0,0,0,0x00000000,0x00000000,1,0,1,0,1
present,5815,193808988,0x00000000,0,0,0,0x00000000,0x00000000,1,0,1,0,1
present,5816,193834767,0x00000000,0,0,0,0x00000000,0x00000000,1,0,1,0,1
present,5817,193867905,0x00000000,0,0,0,0x00000000,0x00000000,1,0,1,0,1
present,5818,193900314,0x00000000,0,0,0,0x00000000,0x00000000,1,0,1,0,1
present,5819,193938332,0x00000000,0,0,0,0x00000000,0x00000000,1,0,1,0,1
present,5820,193969974,0x00000000,0,0,0,0x00000000,0x00000000,1,0,1,0,1
present,5821,194001101,0x00000000,0,0,0,0x00000000,0x00000000,2,0,1,0,1
present,5822,194037050,0x00000000,0,0,0,0x00000000,0x00000000,2,0,1,0,1
present,5823,194071040,0x00000000,0,0,0,0x00000000,0x00000000,2,0,1,0,1
present,5824,194100999,0x00000000,0,0,0,0x00000000,0x00000000,2,0,1,0,1
present,5825,194137978,0x00000000,0,0,0,0x00000000,0x00000000,2,0,1,0,1
present,5826,194169973,0x00000000,0,0,0,0x00000000,0x00000000,2,0,1,0,1
present,5827,194200954,0x00000000,0,0,0,0x00000000,0x00000000,2,0,1,0,1
present,5828,194238847,0x00000000,0,0,0,0x00000000,0x00000000,2,0,1,0,1
present,5829,194268679,0x00000000,0,0,0,0x00000000,0x00000000,2,0,1,0,1
present,5830,194304645,0x00000000,0,0,0,0x00000000,0x00000000,2,0,1,0,1
present,5831,194337523,0x00000000,0,0,0,0x00000000,0x00000000,2,0,1,0,1
present,5832,194367410,0x00000000,0,0,0,0x00000000,0x00000000,2,0,1,0,1
present,5833,194404179,0x00000000,0,0,0,0x00000000,0x00000000,2,0,1,0,1
present,5834,194437034,0x00000000,0,0,0,0x00000000,0x00000000,2,0,1,0,1
present,5835,194468676,0x00000000,0,0,0,0x00000000,0x00000000,2,0,1,0,1
present,5836,194504276,0x00000000,0,0,0,0x00000000,0x00000000,2,0,1,0,1
present,5837,194536970,0x00000000,0,0,0,0x00000000,0x00000000,2,0,1,0,1
present,5838,194568936,0x00000000,0,0,0,0x00000000,0x00000000,2,0,1,0,1
present,5839,194603900,0x00000000,0,0,0,0x00000000,0x00000000,2,0,1,0,1
present,5840,194634005,0x00000000,0,0,0,0x00000000,0x00000000,2,0,1,0,1
present,5841,194668133,0x00000000,0,0,0,0x00000000,0x00000000,2,0,1,0,1
present,5842,194704122,0x00000000,0,0,0,0x00000000,0x00000000,2,0,1,0,1
present,5843,194737141,0x00000000,0,0,0,0x00000000,0x00000000,2,0,1,0,1
present,5844,194768228,0x00000000,0,0,0,0x00000000,0x00000000,2,0,1,0,1
present,5845,194805302,0x00000000,0,0,0,0x00000000,0x00000000,2,0,1,0,1
present,5846,194836044,0x00000000,0,0,0,0x00000000,0x00000000,2,0,1,0,1
present,5847,194871189,0x00000000,0,0,0,0x00000000,0x00000000,2,0,1,0,1
present,5848,194900715,0x00000000,0,0,0,0x00000000,0x00000000,2,0,1,0,1
present,5849,194934196,0x00000000,0,0,0,0x00000000,0x00000000,2,0,1,0,1
present,5850,194967465,0x00000000,0,0,0,0x00000000,0x00000000,2,0,1,0,1
present,5851,195004510,0x00000000,0,0,0,0x00000000,0x00000000,3,0,1,0,1
present,5852,195035235,0x00000000,0,0,0,0x00000000,0x00000000,3,0,1,0,1
present,5853,195071159,0x00000000,0,0,0,0x00000000,0x00000000,3,0,1,0,1
present,5854,195109131,0x00000000,0,0,0,0x00000000,0x00000000,3,0,1,0,1
present,5855,195135125,0x00000000,0,0,0,0x00000000,0x00000000,3,0,1,0,1
present,5856,195170296,0x00000000,0,0,0,0x00000000,0x00000000,3,0,1,0,1
present,5857,195204117,0x00000000,0,0,0,0x00000000,0x00000000,3,0,1,0,1
present,5858,195237115,0x00000000,0,0,0,0x00000000,0x00000000,3,0,1,0,1
present,5859,195271129,0x00000000,0,0,0,0x00000000,0x00000000,3,0,1,0,1
present,5860,195304228,0x00000000,0,0,0,0x00000000,0x00000000,3,0,1,0,1
present,5861,195336530,0x00000000,0,0,0,0x00000000,0x00000000,3,0,1,0,1
present,5862,195370501,0x00000000,0,0,0,0x00000000,0x00000000,3,0,1,0,1
present,5863,195400889,0x00000000,0,0,0,0x00000000,0x00000000,3,0,1,0,1
present,5864,195434189,0x00000000,0,0,0,0x00000000,0x00000000,3,0,1,0,1
present,5865,195471308,0x00000000,0,0,0,0x00000000,0x00000000,3,0,1,0,1
present,5866,195502637,0x00000000,0,0,0,0x00000000,0x00000000,3,0,1,0,1
present,5867,195537533,0x00000000,0,0,0,0x00000000,0x00000000,3,0,1,0,1
present,5868,195567516,0x00000000,0,0,0,0x00000000,0x00000000,3,0,1,0,1
present,5869,195604523,0x00000000,0,0,0,0x00000000,0x00000000,3,0,1,0,1
present,5870,195637471,0x00000000,0,0,0,0x00000000,0x00000000,3,0,1,0,1
present,5871,195667961,0x00000000,0,0,0,0x00000000,0x00000000,3,0,1,0,1
present,5872,195700930,0x00000000,0,0,0,0x00000000,0x00000000,3,0,1,0,1
present,5873,195737664,0x00000000,0,0,0,0x00000000,0x00000000,3,0,1,0,1
present,5874,195770513,0x00000000,0,0,0,0x00000000,0x00000000,3,0,1,0,1
present,5875,195803991,0x00000000,0,0,0,0x00000000,0x00000000,3,0,1,0,1
present,5876,195834389,0x00000000,0,0,0,0x00000000,0x00000000,3,0,1,0,1
present,5877,195869579,0x00000000,0,0,0,0x00000000,0x00000000,3,0,1,0,1
present,5878,195902321,0x00000000,0,0,0,0x00000000,0x00000000,3,0,1,0,1
present,5879,195937385,0x00000000,0,0,0,0x00000000,0x00000000,3,0,1,0,1
present,5880,195970529,0x00000000,0,0,0,0x00000000,0x00000000,3,0,1,0,1
present,5881,196001741,0x00000000,0,0,0,0x00000000,0x00000000,0,0,1,0,1
present,5882,196038024,0x00000000,0,0,0,0x00000000,0x00000000,0,0,1,0,1
present,5883,196067960,0x00000000,0,0,0,0x00000000,0x00000000,0,0,1,0,1
present,5884,196102476,0x00000000,0,0,0,0x00000000,0x00000000,0,0,1,0,1
present,5885,196137064,0x00000000,0,0,0,0x00000000,0x00000000,0,0,1,0,1
present,5886,196169129,0x00000000,0,0,0,0x00000000,0x00000000,0,0,1,0,1
present,5887,196204103,0x00000000,0,0,0,0x00000000,0x00000000,0,0,1,0,1
present,5888,196234429,0x00000000,0,0,0,0x00000000,0x00000000,0,0,1,0,1
present,5889,196267532,0x00000000,0,0,0,0x00000000,0x00000000,0,0,1,0,1
present,5890,196304628,0x00000000,0,0,0,0x00000000,0x00000000,0,0,1,0,1
present,5891,196337617,0x00000000,0,0,0,0x00000000,0x00000000,0,0,1,0,1
present,5892,196368903,0x00000000,0,0,0,0x00000000,0x00000000,0,0,1,0,1
present,5893,196403671,0x00000000,0,0,0,0x00000000,0x00000000,0,0,1,0,1
present,5894,196437492,0x00000000,0,0,0,0x00000000,0x00000000,0,0,1,0,1
present,5895,196468134,0x00000000,0,0,0,0x00000000,0x00000000,0,0,1,0,1
present,5896,196501997,0x00000000,0,0,0,0x00000000,0x00000000,0,0,1,0,1
present,5897,196537045,0x00000000,0,0,0,0x00000000,0x00000000,0,0,1,0,1
present,5898,196569338,0x00000000,0,0,0,0x00000000,0x00000000,0,0,1,0,1
present,5899,196604377,0x00000000,0,0,0,0x00000000,0x00000000,0,0,1,0,1
present,5900,196634399,0x00000000,0,0,0,0x00000000,0x00000000,0,0,1,0,1
present,5901,196667390,0x00000000,0,0,0,0x00000000,0x00000000,0,0,1,0,1
present,5902,196701654,0x00000000,0,0,0,0x00000000,0x00000000,0,0,1,0,1
present,5903,196738339,0x00000000,0,0,0,0x00000000,0x00000000,0,0,1,0,1
present,5904,196767611,0x00000000,0,0,0,0x00000000,0x00000000,0,0,1,0,1
present,5905,196810111,0x00000000,0,0,0,0x00000000,0x00000000,0,0,1,0,1
present,5906,196836190,0x00000000,0,0,0,0x00000000,0x00000000,0,0,1,0,1
present,5907,196871216,0x00000000,0,0,0,0x00000000,0x00000000,0,0,1,0,1
present,5908,196903749,0x00000000,0,0,0,0x00000000,0x00000000,0,0,1,0,1
present,5909,196937116,0x00000000,0,0,0,0x00000000,0x00000000,0,0,1,0,1
present,5910,196970784,0x00000000,0,0,0,0x00000000,0x00000000,0,0,1,0,1
present,5911,197004675,0x00000000,0,0,0,0x00000000,0x00000000,1,0,1,0,1
present,5912,197034931,0x00000000,0,0,0,0x00000000,0x00000000,1,0,1,0,1
present,5913,197070962,0x00000000,0,0,0,0x00000000,0x00000000,1,0,1,0,1
present,5914,197101600,0x00000000,0,0,0,0x00000000,0x00000000,1,0,1,0,1
present,5915,197137450,0x00000000,0,0,0,0x00000000,0x00000000,1,0,1,0,1
present,5916,197168233,0x00000000,0,0,0,0x00000000,0x00000000,1,0,1,0,1
present,5917,197201971,0x00000000,0,0,0,0x00000000,0x00000000,1,0,1,0,1
present,5918,197235588,0x00000000,0,0,0,0x00000000,0x00000000,1,0,1,0,1
present,5919,197267771,0x00000000,0,0,0,0x00000000,0x00000000,1,0,1,0,1
present,5920,197301975,0x00000000,0,0,0,0x00000000,0x00000000,1,0,1,0,1
present,5921,197335327,0x00000000,0,0,0,0x00000000,0x00000000,1,0,1,0,1
present,5922,197367469,0x00000000,0,0,0,0x00000000,0x00000000,1,0,1,0,1
present,5923,197404262,0x00000000,0,0,0,0x00000000,0x00000000,1,0,1,0,1
present,5924,197434608,0x00000000,0,0,0,0x00000000,0x00000000,1,0,1,0,1
present,5925,197468044,0x00000000,0,0,0,0x00000000,0x00000000,1,0,1,0,1
present,5926,197500155,0x00000000,0,0,0,0x00000000,0x00000000,1,0,1,0,1
present,5927,197537994,0x00000000,0,0,0,0x00000000,0x00000000,1,0,1,0,1
present,5928,197569001,0x00000000,0,0,0,0x00000000,0x00000000,1,0,1,0,1
present,5929,197603354,0x00000000,0,0,0,0x00000000,0x00000000,1,0,1,0,1
present,5930,197637156,0x00000000,0,0,0,0x00000000,0x00000000,1,0,1,0,1
present,5931,197668443,0x00000000,0,0,0,0x00000000,0x00000000,1,0,1,0,1
present,5932,197704203,0x00000000,0,0,0,0x00000000,0x00000000,1,0,1,0,1
present,5933,197736550,0x00000000,0,0,0,0x00000000,0x00000000,1,0,1,0,1
present,5934,197766814,0x00000000,0,0,0,0x00000000,0x00000000,1,0,1,0,1
present,5935,197804759,0x00000000,0,0,0,0x00000000,0x00000000,1,0,1,0,1
present,5936,197836106,0x00000000,0,0,0,0x00000000,0x00000000,1,0,1,0,1
present,5937,197870599,0x00000000,0,0,0,0x00000000,0x00000000,1,0,1,0,1
present,5938,197900488,0x00000000,0,0,0,0x00000000,0x00000000,1,0,1,0,1
present,5939,197936406,0x00000000,0,0,0,0x00000000,0x00000000,1,0,1,0,1
present,5940,197971342,0x00000000,0,0,0,0x00000000,0x00000000,1,0,1,0,1
present,5941,198003627,0x00000000,0,0,0,0x00000000,0x00000000,2,0,1,0,1
present,5942,198035665,0x00000000,0,0,0,0x00000000,0x00000000,2,0,1,0,1
present,5943,198070631,0x00000000,0,0,0,0x00000000,0x00000000,2,0,1,0,1
present,5944,198104639,0x00000000,0,0,0,0x00000000,0x00000000,2,0,1,0,1
present,5945,198137855,0x00000000,0,0,0,0x00000000,0x00000000,2,0,1,0,1
present,5946,198167635,0x00000000,0,0,0,0x00000000,0x00000000,2,0,1,0,1
present,5947,198201605,0x00000000,0,0,0,0x00000000,0x00000000,2,0,1,0,1
present,5948,198238748,0x00000000,0,0,0,0x00000000,0x00000000,2,0,1,0,1
present,5949,198270306,0x00000000,0,0,0,0x00000000,0x00000000,2,0,1,0,1
present,5950,198302370,0x00000000,0,0,0,0x00000000,0x00000000,2,0,1,0,1
present,5951,198337529,0x00000000,0,0,0,0x00000000,0x00000000,2,0,1,0,1
present,5952,198368248,0x00000000,0,0,0,0x00000000,0x00000000,2,0,1,0,1
present,5953,198404119,0x00000000,0,0,0,0x00000000,0x00000000,2,0,1,0,1
present,5954,198434644,0x00000000,0,0,0,0x00000000,0x00000000,2,0,1,0,1
present,5955,198470619,0x00000000,0,0,0,0x00000000,0x00000000,2,0,1,0,1
present,5956,198504351,0x00000000,0,0,0,0x00000000,0x00000000,2,0,1,0,1
present,5957,198537361,0x00000000,0,0,0,0x00000000,0x00000000,2,0,1,0,1
present,5958,198569129,0x00000000,0,0,0,0x00000000,0x00000000,2,0,1,0,1
present,5959,198601883,0x00000000,0,0,0,0x00000000,0x00000000,2,0,1,0,1
present,5960,198637292,0x00000000,0,0,0,0x00000000,0x00000000,2,0,1,0,1
present,5961,198671219,0x00000000,0,0,0,0x00000000,0x00000000,2,0,1,0,1
present,5962,198702139,0x00000000,0,0,0,0x00000000,0x00000000,2,0,1,0,1
present,5963,198734635,0x00000000,0,0,0,0x00000000,0x00000000,2,0,1,0,1
present,5964,198770795,0x00000000,0,0,0,0x00000000,0x00000000,2,0,1,0,1
present,5965,198811079,0x00000000,0,0,0,0x00000000,0x00000000,2,0,1,0,1
present,5966,198837303,0x00000000,0,0,0,0x00000000,0x00000000,2,0,1,0,1
present,5967,198867943,0x00000000,0,0,0,0x00000000,0x00000000,2,0,1,0,1
present,5968,198901523,0x00000000,0,0,0,0x00000000,0x00000000,2,0,1,0,1
present,5969,198937320,0x00000000,0,0,0,0x00000000,0x00000000,2,0,1,0,1
present,5970,198967128,0x00000000,0,0,0,0x00000000,0x00000000,2,0,1,0,1
present,5971,199004122,0x00000000,0,0,0,0x00000000,0x00000000,3,0,1,0,1
present,5972,199034066,0x00000000,0,0,0,0x00000000,0x00000000,3,0,1,0,1
present,5973,199071094,0x00000000,0,0,0,0x00000000,0x00000000,3,0,1,0,1
present,5974,199100770,0x00000000,0,0,0,0x00000000,0x00000000,3,0,1,0,1
present,5975,199134342,0x00000000,0,0,0,0x00000000,0x00000000,3,0,1,0,1
present,5976,199167749,0x00000000,0,0,0,0x00000000,0x00000000,3,0,1,0,1
present,5977,199203877,0x00000000,0,0,0,0x00000000,0x00000000,3,0,1,0,1
present,5978,199234416,0x00000000,0,0,0,0x00000000,0x00000000,3,0,1,0,1
present,5979,199270293,0x00000000,0,0,0,0x00000000,0x00000000,3,0,1,0,1
present,5980,199301496,0x00000000,0,0,0,0x00000000,0x00000000,3,0,1,0,1
present,5981,199337471,0x00000000,0,0,0,0x00000000,0x00000000,3,0,1,0,1
present,5982,199367524,0x00000000,0,0,0,0x00000000,0x00000000,3,0,1,0,1
present,5983,199401236,0x00000000,0,0,0,0x00000000,0x00000000,3,0,1,0,1
present,5984,199437060,0x00000000,0,0,0,0x00000000,0x00000000,3,0,1,0,1
present,5985,199471118,0x00000000,0,0,0,0x00000000,0x00000000,3,0,1,0,1
present,5986,199500819,0x00000000,0,0,0,0x00000000,0x00000000,3,0,1,0,1
present,5987,199535351,0x00000000,0,0,0,0x00000000,0x00000000,3,0,1,0,1
present,5988,199568700,0x00000000,0,0,0,0x00000000,0x00000000,3,0,1,0,1
present,5989,199604747,0x00000000,0,0,0,0x00000000,0x00000000,3,0,1,0,1
present,5990,199637080,0x00000000,0,0,0,0x00000000,0x00000000,3,0,1,0,1
present,5991,199667630,0x00000000,0,0,0,0x00000000,0x00000000,3,0,1,0,1
present,5992,199701132,0x00000000,0,0,0,0x00000000,0x00000000,3,0,1,0,1
present,5993,199734559,0x00000000,0,0,0,0x00000000,0x00000000,3,0,1,0,1
present,5994,199767714,0x00000000,0,0,0,0x00000000,0x00000000,3,0,1,0,1
present,5995,199805471,0x00000000,0,0,0,0x00000000,0x00000000,3,0,1,0,1
present,5996,199835028,0x00000000,0,0,0,0x00000000,0x00000000,3,0,1,0,1
present,5997,199870229,0x00000000,0,0,0,0x00000000,0x00000000,3,0,1,0,1
present,5998,199902656,0x00000000,0,0,0,0x00000000,0x00000000,3,0,1,0,1
present,5999,199935120,0x00000000,0,0,0,0x00000000,0x00000000,3,0,1,0,1
present,6000,199967638,0x00000000,0,0,0,0x00000000,0x00000000,3,0,1,0,1
present,6001,200001919,0x00000000,0,0,0,0x00000000,0x00000000,0,0,1,0,1
present,6002,200037886,0x00000000,0,0,0,0x00000000,0x00000000,0,0,1,0,1
present,6003,200067974,0x00000000,0,0,0,0x00000000,0x00000000,0,0,1,0,1
present,6004,200103977,0x00000000,0,0,0,0x00000000,0x00000000,0,0,1,0,1
present,6005,200137950,0x00000000,0,0,0,0x00000000,0x00000000,0,0,1,0,1
present,6006,200167653,0x00000000,0,0,0,0x00000000,0x00000000,0,0,1,0,1
present,6007,200204644,0x00000000,0,0,0,0x00000000,0x00000000,0,0,1,0,1
present,6008,200234130,0x00000000,0,0,0,0x00000000,0x00000000,0,0,1,0,1
present,6009,200267643,0x00000000,0,0,0,0x00000000,0x00000000,0,0,1,0,1
present,6010,200304693,0x00000000,0,0,0,0x00000000,0x00000000,0,0,1,0,1
present,6011,200335275,0x00000000,0,0,0,0x00000000,0x00000000,0,0,1,0,1
present,6012,200369080,0x00000000,0,0,0,0x00000000,0x00000000,0,0,1,0,1
present,6013,200400707,0x00000000,0,0,0,0x00000000,0x00000000,0,0,1,0,1
present,6014,200433984,0x00000000,0,0,0,0x00000000,0x00000000,0,0,1,0,1
present,6015,200467144,0x00000000,0,0,0,0x00000000,0x00000000,0,0,1,0,1
present,6016,200503994,0x00000000,0,0,0,0x00000000,0x00000000,0,0,1,0,1
present,6017,200537640,0x00000000,0,0,0,0x00000000,0x00000000,0,0,1,0,1
present,6018,200567965,0x00000000,0,0,0,0x00000000,0x00000000,0,0,1,0,1
present,6019,200600839,0x00000000,0,0,0,0x00000000,0x00000000,0,0,1,0,1
present,6020,200634293,0x00000000,0,0,0,0x00000000,0x00000000,0,0,1,0,1
present,6021,200671007,0x00000000,0,0,0,0x00000000,0x00000000,0,0,1,0,1
present,6022,200703945,0x00000000,0,0,0,0x00000000,0x00000000,0,0,1,0,1
present,6023,200737266,0x00000000,0,0,0,0x00000000,0x00000000,0,0,1,0,1
present,6024,200770534,0x00000000,0,0,0,0x00000000,0x00000000,0,0,1,0,1
present,6025,200804999,0x00000000,0,0,0,0x00000000,0x00000000,0,0,1,0,1
present,6026,200837538,0x00000000,0,0,0,0x00000000,0x00000000,0,0,1,0,1
present,6027,200870259,0x00000000,0,0,0,0x00000000,0x00000000,0,0,1,0,1
present,6028,200903652,0x00000000,0,0,0,0x00000000,0x00000000,0,0,1,0,1
present,6029,200937295,0x00000000,0,0,0,0x00000000,0x00000000,0,0,1,0,1
present,6030,200971178,0x00000000,0,0,0,0x00000000,0x00000000,0,0,1,0,1
present,6031,201002724,0x00000000,0,0,0,0x00000000,0x00000000,1,0,1,0,1
present,6032,201037502,0x00000000,0,0,0,0x00000000,0x00000000,1,0,1,0,1
present,6033,201070231,0x00000000,0,0,0,0x00000000,0x00000000,1,0,1,0,1
present,6034,201104137,0x00000000,0,0,0,0x00000000,0x00000000,1,0,1,0,1
present,6035,201137086,0x00000000,0,0,0,0x00000000,0x00000000,1,0,1,0,1
present,6036,201167261,0x00000000,0,0,0,0x00000000,0x00000000,1,0,1,0,1
present,6037,201204018,0x00000000,0,0,0,0x00000000,0x00000000,1,0,1,0,1
present,6038,201237308,0x00000000,0,0,0,0x00000000,0x00000000,1,0,1,0,1
present,6039,201270534,0x00000000,0,0,0,0x00000000,0x00000000,1,0,1,0,1
present,6040,201303772,0x00000000,0,0,0,0x00000000,0x00000000,1,0,1,0,1
present,6041,201337032,0x00000000,0,0,0,0x00000000,0x00000000,1,0,1,0,1
present,6042,201370415,0x00000000,0,0,0,0x00000000,0x00000000,1,0,1,0,1
present,6043,201404091,0x00000000,0,0,0,0x00000000,0x00000000,1,0,1,0,1
present,6044,201433514,0x00000000,0,0,0,0x00000000,0x00000000,1,0,1,0,1
present,6045,201470612,0x00000000,0,0,0,0x00000000,0x00000000,1,0,1,0,1
present,6046,201504449,0x00000000,0,0,0,0x00000000,0x00000000,1,0,1,0,1
present,6047,201533979,0x00000000,0,0,0,0x00000000,0x00000000,1,0,1,0,1
present,6048,201570890,0x00000000,0,0,0,0x00000000,0x00000000,1,0,1,0,1
present,6049,201603612,0x00000000,0,0,0,0x00000000,0x00000000,1,0,1,0,1
present,6050,201637446,0x00000000,0,0,0,0x00000000,0x00000000,1,0,1,0,1
present,6051,201669574,0x00000000,0,0,0,0x00000000,0x00000000,1,0,1,0,1
present,6052,201704387,0x00000000,0,0,0,0x00000000,0x00000000,1,0,1,0,1
present,6053,201737055,0x00000000,0,0,0,0x00000000,0x00000000,1,0,1,0,1
present,6054,201770850,0x00000000,0,0,0,0x00000000,0x00000000,1,0,1,0,1
present,6055,201804462,0x00000000,0,0,0,0x00000000,0x00000000,1,0,1,0,1
present,6056,201836758,0x00000000,0,0,0,0x00000000,0x00000000,1,0,1,0,1
present,6057,201867003,0x00000000,0,0,0,0x00000000,0x00000000,1,0,1,0,1
present,6058,201903801,0x00000000,0,0,0,0x00000000,0x00000000,1,0,1,0,1
present,6059,201937634,0x00000000,0,0,0,0x00000000,0x00000000,1,0,1,0,1
present,6060,201967391,0x00000000,0,0,0,0x00000000,0x00000000,1,0,1,0,1
present,6061,202004434,0x00000000,0,0,0,0x00000000,0x00000000,2,0,1,0,1
present,6062,202035631,0x00000000,0,0,0,0x00000000,0x00000000,2,0,1,0,1
present,6063,202068328,0x00000000,0,0,0,0x00000000,0x00000000,2,0,1,0,1
present,6064,202101178,0x00000000,0,0,0,0x00000000,0x00000000,2,0,1,0,1
present,6065,202135162,0x00000000,0,0,0,0x00000000,0x00000000,2,0,1,0,1
present,6066,202171153,0x00000000,0,0,0,0x00000000,0x00000000,2,0,1,0,1
present,6067,202203449,0x00000000,0,0,0,0x00000000,0x00000000,2,0,1,0,1
present,6068,202237215,0x00000000,0,0,0,0x00000000,0x00000000,2,0,1,0,1
present,6069,202271070,0x00000000,0,0,0,0x00000000,0x00000000,2,0,1,0,1
present,6070,202304211,0x00000000,0,0,0,0x00000000,0x00000000,2,0,1,0,1
present,6071,202337186,0x00000000,0,0,0,0x00000000,0x00000000,2,0,1,0,1
present,6072,202371243,0x00000000,0,0,0,0x00000000,0x00000000,2,0,1,0,1
present,6073,202404132,0x00000000,0,0,0,0x00000000,0x00000000,2,0,1,0,1
present,6074,202436991,0x00000000,0,0,0,0x00000000,0x00000000,2,0,1,0,1
present,6075,202470846,0x00000000,0,0,0,0x00000000,0x00000000,2,0,1,0,1
present,6076,202503920,0x00000000,0,0,0,0x00000000,0x00000000,2,0,1,0,1
present,6077,202536935,0x00000000,0,0,0,0x00000000,0x00000000,2,0,1,0,1
present,6078,202568939,0x00000000,0,0,0,0x00000000,0x00000000,2,0,1,0,1
present,6079,202603294,0x00000000,0,0,0,0x00000000,0x00000000,2,0,1,0,1
present,6080,202634367,0x00000000,0,0,0,0x00000000,0x00000000,2,0,1,0,1
present,6081,202668588,0x00000000,0,0,0,0x00000000,0x00000000,2,0,1,0,1
present,6082,202704578,0x00000000,0,0,0,0x00000000,0x00000000,2,0,1,0,1
present,6083,202737680,0x00000000,0,0,0,0x00000000,0x00000000,2,0,1,0,1
present,6084,202770340,0x00000000,0,0,0,0x00000000,0x00000000,2,0,1,0,1
present,6085,202803037,0x00000000,0,0,0,0x00000000,0x00000000,2,0,1,0,1
present,6086,202835990,0x00000000,0,0,0,0x00000000,0x00000000,2,0,1,0,1
present,6087,202868755,0x00000000,0,0,0,0x00000000,0x00000000,2,0,1,0,1
present,6088,202904727,0x00000000,0,0,0,0x00000000,0x00000000,2,0,1,0,1
present,6089,202934094,0x00000000,0,0,0,0x00000000,0x00000000,2,0,1,0,1
present,6090,202971012,0x00000000,0,0,0,0x00000000,0x00000000,2,0,1,0,1
present,6091,203003901,0x00000000,0,0,0,0x00000000,0x00000000,3,0,1,0,1
present,6092,203038337,0x00000000,0,0,0,0x00000000,0x00000000,3,0,1,0,1
present,6093,203070450,0x00000000,0,0,0,0x00000000,0x00000000,3,0,1,0,1
present,6094,203104346,0x00000000,0,0,0,0x00000000,0x00000000,3,0,1,0,1
present,6095,203134391,0x00000000,0,0,0,0x00000000,0x00000000,3,0,1,0,1
present,6096,203168306,0x00000000,0,0,0,0x00000000,0x00000000,3,0,1,0,1
present,6097,203201235,0x00000000,0,0,0,0x00000000,0x00000000,3,0,1,0,1
present,6098,203234933,0x00000000,0,0,0,0x00000000,0x00000000,3,0,1,0,1
present,6099,203270534,0x00000000,0,0,0,0x00000000,0x00000000,3,0,1,0,1
present,6100,203301430,0x00000000,0,0,0,0x00000000,0x00000000,3,0,1,0,1
present,6101,203337627,0x00000000,0,0,0,0x00000000,0x00000000,3,0,1,0,1
present,6102,203369604,0x00000000,0,0,0,0x00000000,0x00000000,3,0,1,0,1
present,6103,203401091,0x00000000,0,0,0,0x00000000,0x00000000,3,0,1,0,1
present,6104,203434154,0x00000000,0,0,0,0x00000000,0x00000000,3,0,1,0,1
present,6105,203471156,0x00000000,0,0,0,0x00000000,0x00000000,3,0,1,0,1
present,6106,203501335,0x00000000,0,0,0,0x00000000,0x00000000,3,0,1,0,1
present,6107,203535092,0x00000000,0,0,0,0x00000000,0x00000000,3,0,1,0,1
present,6108,203571495,0x00000000,0,0,0,0x00000000,0x00000000,3,0,1,0,1
present,6109,203600904,0x00000000,0,0,0,0x00000000,0x00000000,3,0,1,0,1
present,6110,203635659,0x00000000,0,0,0,0x00000000,0x00000000,3,0,1,0,1
present,6111,203670623,0x00000000,0,0,0,0x00000000,0x00000000,3,0,1,0,1
present,6112,203704658,0x00000000,0,0,0,0x00000000,0x00000000,3,0,1,0,1
present,6113,203737714,0x00000000,0,0,0,0x00000000,0x00000000,3,0,1,0,1
present,6114,203767902,0x00000000,0,0,0,0x00000000,0x00000000,3,0,1,0,1
present,6115,203811306,0x00000000,0,0,0,0x00000000,0x00000000,3,0,1,0,1
present,6116,203834807,0x00000000,0,0,0,0x00000000,0x00000000,3,0,1,0,1
present,6117,203870955,0x00000000,0,0,0,0x00000000,0x00000000,3,0,1,0,1
present,6118,203903795,0x00000000,0,0,0,0x00000000,0x00000000,3,0,1,0,1
present,6119,203934060,0x00000000,0,0,0,0x00000000,0x00000000,3,0,1,0,1
present,6120,203970779,0x00000000,0,0,0,0x00000000,0x00000000,3,0,1,0,1
present,6121,204003764,0x00000000,0,0,0,0x00000000,0x00000000,0,0,1,0,1
present,6122,204037614,0x00000000,0,0,0,0x00000000,0x00000000,0,0,1,0,1
present,6123,204068060,0x00000000,0,0,0,0x00000000,0x00000000,0,0,1,0,1
present,6124,204104248,0x00000000,0,0,0,0x00000000,0x00000000,0,0,1,0,1
present,6125,204136934,0x00000000,0,0,0,0x00000000,0x00000000,0,0,1,0,1
present,6126,204170855,0x00000000,0,0,0,0x00000000,0x00000000,0,0,1,0,1
present,6127,204203785,0x00000000,0,0,0,0x00000000,0x00000000,0,0,1,0,1
present,6128,204236105,0x00000000,0,0,0,0x00000000,0x00000000,0,0,1,0,1
present,6129,204271028,0x00000000,0,0,0,0x00000000,0x00000000,0,0,1,0,1
present,6130,204304081,0x00000000,0,0,0,0x00000000,0x00000000,0,0,1,0,1
present,6131,204337445,0x00000000,0,0,0,0x00000000,0x00000000,0,0,1,0,1
present,6132,204368683,0x00000000,0,0,0,0x00000000,0x00000000,0,0,1,0,1
present,6133,204401773,0x00000000,0,0,0,0x00000000,0x00000000,0,0,1,0,1
present,6134,204435248,0x00000000,0,0,0,0x00000000,0x00000000,0,0,1,0,1
present,6135,204470573,0x00000000,0,0,0,0x00000000,0x00000000,0,0,1,0,1
present,6136,204503870,0x00000000,0,0,0,0x00000000,0x00000000,0,0,1,0,1
present,6137,204537205,0x00000000,0,0,0,0x00000000,0x00000000,0,0,1,0,1
present,6138,204570498,0x00000000,0,0,0,0x00000000,0x00000000,0,0,1,0,1
present,6139,204604250,0x00000000,0,0,0,0x00000000,0x00000000,0,0,1,0,1
present,6140,204637073,0x00000000,0,0,0,0x00000000,0x00000000,0,0,1,0,1
present,6141,204670981,0x00000000,0,0,0,0x00000000,0x00000000,0,0,1,0,1
present,6142,204702282,0x00000000,0,0,0,0x00000000,0x00000000,0,0,1,0,1
present,6143,204737449,0x00000000,0,0,0,0x00000000,0x00000000,0,0,1,0,1
present,6144,204768676,0x00000000,0,0,0,0x00000000,0x00000000,0,0,1,0,1
present,6145,204813427,0x00000000,0,0,0,0x00000000,0x00000000,0,0,1,0,1
present,6146,204836124,0x00000000,0,0,0,0x00000000,0x00000000,0,0,1,0,1
present,6147,204873083,0x00000000,0,0,0,0x00000000,0x00000000,0,0,1,0,1
present,6148,204903533,0x00000000,0,0,0,0x00000000,0x00000000,0,0,1,0,1
present,6149,204937241,0x00000000,0,0,0,0x00000000,0x00000000,0,0,1,0,1
present,6150,204969318,0x00000000,0,0,0,0x00000000,0x00000000,0,0,1,0,1
present,6151,205001189,0x00000000,0,0,0,0x00000000,0x00000000,1,0,1,0,1
present,6152,205037203,0x00000000,0,0,0,0x00000000,0x00000000,1,0,1,0,1
present,6153,205069015,0x00000000,0,0,0,0x00000000,0x00000000,1,0,1,0,1
present,6154,205101600,0x00000000,0,0,0,0x00000000,0x00000000,1,0,1,0,1
present,6155,205134269,0x00000000,0,0,0,0x00000000,0x00000000,1,0,1,0,1
present,6156,205171426,0x00000000,0,0,0,0x00000000,0x00000000,1,0,1,0,1
present,6157,205202179,0x00000000,0,0,0,0x00000000,0x00000000,1,0,1,0,1
present,6158,205236995,0x00000000,0,0,0,0x00000000,0x00000000,1,0,1,0,1
present,6159,205266904,0x00000000,0,0,0,0x00000000,0x00000000,1,0,1,0,1
present,6160,205303616,0x00000000,0,0,0,0x00000000,0x00000000,1,0,1,0,1
present,6161,205335543,0x00000000,0,0,0,0x00000000,0x00000000,1,0,1,0,1
present,6162,205370950,0x00000000,0,0,0,0x00000000,0x00000000,1,0,1,0,1
present,6163,205403636,0x00000000,0,0,0,0x00000000,0x00000000,1,0,1,0,1
present,6164,205436267,0x00000000,0,0,0,0x00000000,0x00000000,1,0,1,0,1
present,6165,205468616,0x00000000,0,0,0,0x00000000,0x00000000,1,0,1,0,1
present,6166,205502309,0x00000000,0,0,0,0x00000000,0x00000000,1,0,1,0,1
present,6167,205534213,0x00000000,0,0,0,0x00000000,0x00000000,1,0,1,0,1
present,6168,205568217,0x00000000,0,0,0,0x00000000,0x00000000,1,0,1,0,1
present,6169,205600772,0x00000000,0,0,0,0x00000000,0x00000000,1,0,1,0,1
present,6170,205636253,0x00000000,0,0,0,0x00000000,0x00000000,1,0,1,0,1
present,6171,205671150,0x00000000,0,0,0,0x00000000,0x00000000,1,0,1,0,1
present,6172,205704022,0x00000000,0,0,0,0x00000000,0x00000000,1,0,1,0,1
present,6173,205738263,0x00000000,0,0,0,0x00000000,0x00000000,1,0,1,0,1
present,6174,205770469,0x00000000,0,0,0,0x00000000,0x00000000,1,0,1,0,1
present,6175,205805151,0x00000000,0,0,0,0x00000000,0x00000000,1,0,1,0,1
present,6176,205836885,0x00000000,0,0,0,0x00000000,0x00000000,1,0,1,0,1
present,6177,205870222,0x00000000,0,0,0,0x00000000,0x00000000,1,0,1,0,1
present,6178,205903701,0x00000000,0,0,0,0x00000000,0x00000000,1,0,1,0,1
present,6179,205937397,0x00000000,0,0,0,0x00000000,0x00000000,1,0,1,0,1
present,6180,205971362,0x00000000,0,0,0,0x00000000,0x00000000,1,0,1,0,1
present,6181,206003541,0x00000000,0,0,0,0x00000000,0x00000000,2,0,1,0,1
present,6182,206037459,0x00000000,0,0,0,0x00000000,0x00000000,2,0,1,0,1
present,6183,206070429,0x00000000,0,0,0,0x00000000,0x00000000,2,0,1,0,1
present,6184,206101125,0x00000000,0,0,0,0x00000000,0x00000000,2,0,1,0,1
present,6185,206137106,0x00000000,0,0,0,0x00000000,0x00000000,2,0,1,0,1
present,6186,206167886,0x00000000,0,0,0,0x00000000,0x00000000,2,0,1,0,1
present,6187,206201022,0x00000000,0,0,0,0x00000000,0x00000000,2,0,1,0,1
present,6188,206235869,0x00000000,0,0,0,0x00000000,0x00000000,2,0,1,0,1
present,6189,206268924,0x00000000,0,0,0,0x00000000,0x00000000,2,0,1,0,1
present,6190,206301176,0x00000000,0,0,0,0x00000000,0x00000000,2,0,1,0,1
present,6191,206334659,0x00000000,0,0,0,0x00000000,0x00000000,2,0,1,0,1
present,6192,206369341,0x00000000,0,0,0,0x00000000,0x00000000,2,0,1,0,1
present,6193,206401725,0x00000000,0,0,0,0x00000000,0x00000000,2,0,1,0,1
present,6194,206436360,0x00000000,0,0,0,0x00000000,0x00000000,2,0,1,0,1
present,6195,206468262,0x00000000,0,0,0,0x00000000,0x00000000,2,0,1,0,1
present,6196,206504283,0x00000000,0,0,0,0x00000000,0x00000000,2,0,1,0,1
present,6197,206536974,0x00000000,0,0,0,0x00000000,0x00000000,2,0,1,0,1
present,6198,206570873,0x00000000,0,0,0,0x00000000,0x00000000,2,0,1,0,1
present,6199,206602076,0x00000000,0,0,0,0x00000000,0x00000000,2,0,1,0,1
present,6200,206637219,0x00000000,0,0,0,0x00000000,0x00000000,2,0,1,0,1
present,6201,206667786,0x00000000,0,0,0,0x00000000,0x00000000,2,0,1,0,1
present,6202,206703874,0x00000000,0,0,0,0x00000000,0x00000000,2,0,1,0,1
present,6203,206734195,0x00000000,0,0,0,0x00000000,0x00000000,2,0,1,0,1
present,6204,206771406,0x00000000,0,0,0,0x00000000,0x00000000,2,0,1,0,1
present,6205,206811359,0x00000000,0,0,0,0x00000000,0x00000000,2,0,1,0,1
present,6206,206835466,0x00000000,0,0,0,0x00000000,0x00000000,2,0,1,0,1
present,6207,206869488,0x00000000,0,0,0,0x00000000,0x00000000,2,0,1,0,1
present,6208,206903282,0x00000000,0,0,0,0x00000000,0x00000000,2,0,1,0,1
present,6209,206937230,0x00000000,0,0,0,0x00000000,0x00000000,2,0,1,0,1
present,6210,206967781,0x00000000,0,0,0,0x00000000,0x00000000,2,0,1,0,1
present,6211,207003707,0x00000000,0,0,0,0x00000000,0x00000000,3,0,1,0,1
present,6212,207034448,0x00000000,0,0,0,0x00000000,0x00000000,3,0,1,0,1
present,6213,207070423,0x00000000,0,0,0,0x00000000,0x00000000,3,0,1,0,1
present,6214,207100809,0x00000000,0,0,0,0x00000000,0x00000000,3,0,1,0,1
present,6215,207137898,0x00000000,0,0,0,0x00000000,0x00000000,3,0,1,0,1
present,6216,207167795,0x00000000,0,0,0,0x00000000,0x00000000,3,0,1,0,1
present,6217,207203762,0x00000000,0,0,0,0x00000000,0x00000000,3,0,1,0,1
present,6218,207234350,0x00000000,0,0,0,0x00000000,0x00000000,3,0,1,0,1
present,6219,207271251,0x00000000,0,0,0,0x00000000,0x00000000,3,0,1,0,1
present,6220,207304064,0x00000000,0,0,0,0x00000000,0x00000000,3,0,1,0,1
present,6221,207338057,0x00000000,0,0,0,0x00000000,0x00000000,3,0,1,0,1
present,6222,207369099,0x00000000,0,0,0,0x00000000,0x00000000,3,0,1,0,1
present,6223,207403785,0x00000000,0,0,0,0x00000000,0x00000000,3,0,1,0,1
present,6224,207437586,0x00000000,0,0,0,0x00000000,0x00000000,3,0,1,0,1
present,6225,207470538,0x00000000,0,0,0,0x00000000,0x00000000,3,0,1,0,1
present,6226,207504490,0x00000000,0,0,0,0x00000000,0x00000000,3,0,1,0,1
present,6227,207537454,0x00000000,0,0,0,0x00000000,0x00000000,3,0,1,0,1
present,6228,207566891,0x00000000,0,0,0,0x00000000,0x00000000,3,0,1,0,1
present,6229,207604628,0x00000000,0,0,0,0x00000000,0x00000000,3,0,1,0,1
present,6230,207634502,0x00000000,0,0,0,0x00000000,0x00000000,3,0,1,0,1
present,6231,207670474,0x00000000,0,0,0,0x00000000,0x00000000,3,0,1,0,1
present,6232,207700873,0x00000000,0,0,0,0x00000000,0x00000000,3,0,1,0,1
present,6233,207734323,0x00000000,0,0,0,0x00000000,0x00000000,3,0,1,0,1
present,6234,207771265,0x00000000,0,0,0,0x00000000,0x00000000,3,0,1,0,1
present,6235,207807989,0x00000000,0,0,0,0x00000000,0x00000000,3,0,1,0,1
present,6236,207836989,0x00000000,0,0,0,0x00000000,0x00000000,3,0,1,0,1
present,6237,207867813,0x00000000,0,0,0,0x00000000,0x00000000,3,0,1,0,1
present,6238,207901541,0x00000000,0,0,0,0x00000000,0x00000000,3,0,1,0,1
present,6239,207935223,0x00000000,0,0,0,0x00000000,0x00000000,3,0,1,0,1
present,6240,207971322,0x00000000,0,0,0,0x00000000,0x00000000,3,0,1,0,1
present,6241,208003075,0x00000000,0,0,0,0x00000000,0x00000000,0,0,1,0,1
present,6242,208034767,0x00000000,0,0,0,0x00000000,0x00000000,0,0,1,0,1
present,6243,208069324,0x00000000,0,0,0,0x00000000,0x00000000,0,0,1,0,1
present,6244,208100964,0x00000000,0,0,0,0x00000000,0x00000000,0,0,1,0,1
present,6245,208136557,0x00000000,0,0,0,0x00000000,0x00000000,0,0,1,0,1
present,6246,208168330,0x00000000,0,0,0,0x00000000,0x00000000,0,0,1,0,1
present,6247,208204103,0x00000000,0,0,0,0x00000000,0x00000000,0,0,1,0,1
present,6248,208233595,0x00000000,0,0,0,0x00000000,0x00000000,0,0,1,0,1
present,6249,208268689,0x00000000,0,0,0,0x00000000,0x00000000,0,0,1,0,1
present,6250,208300809,0x00000000,0,0,0,0x00000000,0x00000000,0,0,1,0,1
present,6251,208335207,0x00000000,0,0,0,0x00000000,0x00000000,0,0,1,0,1
present,6252,208367903,0x00000000,0,0,0,0x00000000,0x00000000,0,0,1,0,1
present,6253,208403835,0x00000000,0,0,0,0x00000000,0x00000000,0,0,1,0,1
present,6254,208437650,0x00000000,0,0,0,0x00000000,0x00000000,0,0,1,0,1
present,6255,208467954,0x00000000,0,0,0,0x00000000,0x00000000,0,0,1,0,1
present,6256,208503991,0x00000000,0,0,0,0x00000000,0x00000000,0,0,1,0,1
present,6257,208537752,0x00000000,0,0,0,0x00000000,0x00000000,0,0,1,0,1
present,6258,208568427,0x00000000,0,0,0,0x00000000,0x00000000,0,0,1,0,1
present,6259,208604596,0x00000000,0,0,0,0x00000000,0x00000000,0,0,1,0,1
present,6260,208636328,0x00000000,0,0,0,0x00000000,0x00000000,0,0,1,0,1
present,6261,208669105,0x00000000,0,0,0,0x00000000,0x00000000,0,0,1,0,1
present,6262,208702368,0x00000000,0,0,0,0x00000000,0x00000000,0,0,1,0,1
present,6263,208737454,0x00000000,0,0,0,0x00000000,0x00000000,0,0,1,0,1
present,6264,208768444,0x00000000,0,0,0,0x00000000,0x00000000,0,0,1,0,1
present,6265,208810895,0x00000000,0,0,0,0x00000000,0x00000000,0,0,1,0,1
present,6266,208837201,0x00000000,0,0,0,0x00000000,0x00000000,0,0,1,0,1
present,6267,208867772,0x00000000,0,0,0,0x00000000,0x00000000,0,0,1,0,1
present,6268,208901374,0x00000000,0,0,0,0x00000000,0x00000000,0,0,1,0,1
present,6269,208937225,0x00000000,0,0,0,0x00000000,0x00000000,0,0,1,0,1
present,6270,208969793,0x00000000,0,0,0,0x00000000,0x00000000,0,0,1,0,1
present,6271,209001776,0x00000000,0,0,0,0x00000000,0x00000000,1,0,1,0,1
present,6272,209034550,0x00000000,0,0,0,0x00000000,0x00000000,1,0,1,0,1
present,6273,209070278,0x00000000,0,0,0,0x00000000,0x00000000,1,0,1,0,1
present,6274,209101899,0x00000000,0,0,0,0x00000000,0x00000000,1,0,1,0,1
present,6275,209137340,0x00000000,0,0,0,0x00000000,0x00000000,1,0,1,0,1
present,6276,209168691,0x00000000,0,0,0,0x00000000,0x00000000,1,0,1,0,1
present,6277,209204446,0x00000000,0,0,0,0x00000000,0x00000000,1,0,1,0,1
present,6278,209234089,0x00000000,0,0,0,0x00000000,0x00000000,1,0,1,0,1
present,6279,209270902,0x00000000,0,0,0,0x00000000,0x00000000,1,0,1,0,1
present,6280,209303405,0x00000000,0,0,0,0x00000000,0x00000000,1,0,1,0,1
present,6281,209337054,0x00000000,0,0,0,0x00000000,0x00000000,1,0,1,0,1
present,6282,209370519,0x00000000,0,0,0,0x00000000,0x00000000,1,0,1,0,1
present,6283,209404284,0x00000000,0,0,0,0x00000000,0x00000000,1,0,1,0,1
present,6284,209435416,0x00000000,0,0,0,0x00000000,0x00000000,1,0,1,0,1
present,6285,209470384,0x00000000,0,0,0,0x00000000,0x00000000,1,0,1,0,1
present,6286,209501903,0x00000000,0,0,0,0x00000000,0x00000000,1,0,1,0,1
present,6287,209537662,0x00000000,0,0,0,0x00000000,0x00000000,1,0,1,0,1
present,6288,209570491,0x00000000,0,0,0,0x00000000,0x00000000,1,0,1,0,1
present,6289,209600850,0x00000000,0,0,0,0x00000000,0x00000000,1,0,1,0,1
present,6290,209635439,0x00000000,0,0,0,0x00000000,0x00000000,1,0,1,0,1
present,6291,209667976,0x00000000,0,0,0,0x00000000,0x00000000,1,0,1,0,1
present,6292,209702002,0x00000000,0,0,0,0x00000000,0x00000000,1,0,1,0,1
present,6293,209734852,0x00000000,0,0,0,0x00000000,0x00000000,1,0,1,0,1
present,6294,209768718,0x00000000,0,0,0,0x00000000,0x00000000,1,0,1,0,1
present,6295,209804431,0x00000000,0,0,0,0x00000000,0x00000000,1,0,1,0,1
present,6296,209837874,0x00000000,0,0,0,0x00000000,0x00000000,1,0,1,0,1
present,6297,209868183,0x00000000,0,0,0,0x00000000,0x00000000,1,0,1,0,1
present,6298,209901437,0x00000000,0,0,0,0x00000000,0x00000000,1,0,1,0,1
present,6299,209937288,0x00000000,0,0,0,0x00000000,0x00000000,1,0,1,0,1
present,6300,209971158,0x00000000,0,0,0,0x00000000,0x00000000,1,0,1,0,1
present,6301,210003751,0x00000000,0,0,0,0x00000000,0x00000000,2,0,1,0,1
present,6302,210038093,0x00000000,0,0,0,0x00000000,0x00000000,2,0,1,0,1
present,6303,210071112,0x00000000,0,0,0,0x00000000,0x00000000,2,0,1,0,1
present,6304,210103284,0x00000000,0,0,0,0x00000000,0x00000000,2,0,1,0,1
present,6305,210137230,0x00000000,0,0,0,0x00000000,0x00000000,2,0,1,0,1
present,6306,210167743,0x00000000,0,0,0,0x00000000,0x00000000,2,0,1,0,1
present,6307,210203853,0x00000000,0,0,0,0x00000000,0x00000000,2,0,1,0,1
present,6308,210238490,0x00000000,0,0,0,0x00000000,0x00000000,2,0,1,0,1
present,6309,210270523,0x00000000,0,0,0,0x00000000,0x00000000,2,0,1,0,1
present,6310,210302409,0x00000000,0,0,0,0x00000000,0x00000000,2,0,1,0,1
present,6311,210334595,0x00000000,0,0,0,0x00000000,0x00000000,2,0,1,0,1
present,6312,210367484,0x00000000,0,0,0,0x00000000,0x00000000,2,0,1,0,1
present,6313,210400852,0x00000000,0,0,0,0x00000000,0x00000000,2,0,1,0,1
present,6314,210437754,0x00000000,0,0,0,0x00000000,0x00000000,2,0,1,0,1
present,6315,210469174,0x00000000,0,0,0,0x00000000,0x00000000,2,0,1,0,1
present,6316,210502170,0x00000000,0,0,0,0x00000000,0x00000000,2,0,1,0,1
present,6317,210537100,0x00000000,0,0,0,0x00000000,0x00000000,2,0,1,0,1
present,6318,210571298,0x00000000,0,0,0,0x00000000,0x00000000,2,0,1,0,1
present,6319,210602891,0x00000000,0,0,0,0x00000000,0x00000000,2,0,1,0,1
present,6320,210637856,0x00000000,0,0,0,0x00000000,0x00000000,2,0,1,0,1
present,6321,210667584,0x00000000,0,0,0,0x00000000,0x00000000,2,0,1,0,1
present,6322,210704619,0x00000000,0,0,0,0x00000000,0x00000000,2,0,1,0,1
present,6323,210735400,0x00000000,0,0,0,0x00000000,0x00000000,2,0,1,0,1
present,6324,210768275,0x00000000,0,0,0,0x00000000,0x00000000,2,0,1,0,1
present,6325,210809915,0x00000000,0,0,0,0x00000000,0x00000000,2,0,1,0,1
present,6326,210837658,0x00000000,0,0,0,0x00000000,0x00000000,2,0,1,0,1
present,6327,210868588,0x00000000,0,0,0,0x00000000,0x00000000,2,0,1,0,1
present,6328,210900788,0x00000000,0,0,0,0x00000000,0x00000000,2,0,1,0,1
present,6329,210934834,0x00000000,0,0,0,0x00000000,0x00000000,2,0,1,0,1
present,6330,210970935,0x00000000,0,0,0,0x00000000,0x00000000,2,0,1,0,1
present,6331,211003277,0x00000000,0,0,0,0x00000000,0x00000000,3,0,1,0,1
present,6332,211037315,0x00000000,0,0,0,0x00000000,0x00000000,3,0,1,0,1
present,6333,211071284,0x00000000,0,0,0,0x00000000,0x00000000,3,0,1,0,1
present,6334,211103845,0x00000000,0,0,0,0x00000000,0x00000000,3,0,1,0,1
present,6335,211137929,0x00000000,0,0,0,0x00000000,0x00000000,3,0,1,0,1
present,6336,211170977,0x00000000,0,0,0,0x00000000,0x00000000,3,0,1,0,1
present,6337,211200868,0x00000000,0,0,0,0x00000000,0x00000000,3,0,1,0,1
present,6338,211238084,0x00000000,0,0,0,0x00000000,0x00000000,3,0,1,0,1
present,6339,211268562,0x00000000,0,0,0,0x00000000,0x00000000,3,0,1,0,1
present,6340,211303257,0x00000000,0,0,0,0x00000000,0x00000000,3,0,1,0,1
present,6341,211334043,0x00000000,0,0,0,0x00000000,0x00000000,3,0,1,0,1
present,6342,211371349,0x00000000,0,0,0,0x00000000,0x00000000,3,0,1,0,1
present,6343,211400911,0x00000000,0,0,0,0x00000000,0x00000000,3,0,1,0,1
present,6344,211434201,0x00000000,0,0,0,0x00000000,0x00000000,3,0,1,0,1
present,6345,211471166,0x00000000,0,0,0,0x00000000,0x00000000,3,0,1,0,1
present,6346,211501336,0x00000000,0,0,0,0x00000000,0x00000000,3,0,1,0,1
present,6347,211534683,0x00000000,0,0,0,0x00000000,0x00000000,3,0,1,0,1
present,6348,211568380,0x00000000,0,0,0,0x00000000,0x00000000,3,0,1,0,1
present,6349,211604340,0x00000000,0,0,0,0x00000000,0x00000000,3,0,1,0,1
present,6350,211637366,0x00000000,0,0,0,0x00000000,0x00000000,3,0,1,0,1
present,6351,211667980,0x00000000,0,0,0,0x00000000,0x00000000,3,0,1,0,1
present,6352,211704137,0x00000000,0,0,0,0x00000000,0x00000000,3,0,1,0,1
present,6353,211734046,0x00000000,0,0,0,0x00000000,0x00000000,3,0,1,0,1
present,6354,211768366,0x00000000,0,0,0,0x00000000,0x00000000,3,0,1,0,1
present,6355,211804799,0x00000000,0,0,0,0x00000000,0x00000000,3,0,1,0,1
present,6356,211835931,0x00000000,0,0,0,0x00000000,0x00000000,3,0,1,0,1
present,6357,211868255,0x00000000,0,0,0,0x00000000,0x00000000,3,0,1,0,1
present,6358,211902429,0x00000000,0,0,0,0x00000000,0x00000000,3,0,1,0,1
present,6359,211934626,0x00000000,0,0,0,0x00000000,0x00000000,3,0,1,0,1
present,6360,211967843,0x00000000,0,0,0,0x00000000,0x00000000,3,0,1,0,1
present,6361,212003850,0x00000000,0,0,0,0x00000000,0x00000000,0,0,1,0,1
present,6362,212033988,0x00000000,0,0,0,0x00000000,0x00000000,0,0,1,0,1
present,6363,212071117,0x00000000,0,0,0,0x00000000,0x00000000,0,0,1,0,1
present,6364,212105293,0x00000000,0,0,0,0x00000000,0x00000000,0,0,1,0,1
present,6365,212137602,0x00000000,0,0,0,0x00000000,0x00000000,0,0,1,0,1
present,6366,212170635,0x00000000,0,0,0,0x00000000,0x00000000,0,0,1,0,1
present,6367,212202071,0x00000000,0,0,0,0x00000000,0x00000000,0,0,1,0,1
present,6368,212237021,0x00000000,0,0,0,0x00000000,0x00000000,0,0,1,0,1
present,6369,212267811,0x00000000,0,0,0,0x00000000,0x00000000,0,0,1,0,1
present,6370,212303938,0x00000000,0,0,0,0x00000000,0x00000000,0,0,1,0,1
present,6371,212336460,0x00000000,0,0,0,0x00000000,0x00000000,0,0,1,0,1
present,6372,212367780,0x00000000,0,0,0,0x00000000,0x00000000,0,0,1,0,1
present,6373,212403593,0x00000000,0,0,0,0x00000000,0x00000000,0,0,1,0,1
present,6374,212437434,0x00000000,0,0,0,0x00000000,0x00000000,0,0,1,0,1
present,6375,212467852,0x00000000,0,0,0,0x00000000,0x00000000,0,0,1,0,1
present,6376,212502010,0x00000000,0,0,0,0x00000000,0x00000000,0,0,1,0,1
present,6377,212537926,0x00000000,0,0,0,0x00000000,0x00000000,0,0,1,0,1
present,6378,212570304,0x00000000,0,0,0,0x00000000,0x00000000,0,0,1,0,1
present,6379,212603051,0x00000000,0,0,0,0x00000000,0x00000000,0,0,1,0,1
present,6380,212634578,0x00000000,0,0,0,0x00000000,0x00000000,0,0,1,0,1
present,6381,212670617,0x00000000,0,0,0,0x00000000,0x00000000,0,0,1,0,1
present,6382,212702140,0x00000000,0,0,0,0x00000000,0x00000000,0,0,1,0,1
present,6383,212737259,0x00000000,0,0,0,0x00000000,0x00000000,0,0,1,0,1
present,6384,212768311,0x00000000,0,0,0,0x00000000,0x00000000,0,0,1,0,1
present,6385,212808406,0x00000000,0,0,0,0x00000000,0x00000000,0,0,1,0,1
present,6386,212835283,0x00000000,0,0,0,0x00000000,0x00000000,0,0,1,0,1
present,6387,212871258,0x00000000,0,0,0,0x00000000,0x00000000,0,0,1,0,1
present,6388,212903952,0x00000000,0,0,0,0x00000000,0x00000000,0,0,1,0,1
present,6389,212937686,0x00000000,0,0,0,0x00000000,0x00000000,0,0,1,0,1
present,6390,212968120,0x00000000,0,0,0,0x00000000,0x00000000,0,0,1,0,1
present,6391,213001870,0x00000000,0,0,0,0x00000000,0x00000000,1,0,1,0,1
present,6392,213033538,0x00000000,0,0,0,0x00000000,0x00000000,1,0,1,0,1
present,6393,213070287,0x00000000,0,0,0,0x00000000,0x00000000,1,0,1,0,1
present,6394,213100818,0x00000000,0,0,0,0x00000000,0x00000000,1,0,1,0,1
present,6395,213137892,0x00000000,0,0,0,0x00000000,0x00000000,1,0,1,0,1
present,6396,213170776,0x00000000,0,0,0,0x00000000,0x00000000,1,0,1,0,1
present,6397,213204532,0x00000000,0,0,0,0x00000000,0x00000000,1,0,1,0,1
present,6398,213233942,0x00000000,0,0,0,0x00000000,0x00000000,1,0,1,0,1
present,6399,213267763,0x00000000,0,0,0,0x00000000,0x00000000,1,0,1,0,1
present,6400,213300212,0x00000000,0,0,0,0x00000000,0x00000000,1,0,1,0,1
present,6401,213337960,0x00000000,0,0,0,0x00000000,0x00000000,1,0,1,0,1
present,6402,213370372,0x00000000,0,0,0,0x00000000,0x00000000,1,0,1,0,1
present,6403,213404074,0x00000000,0,0,0,0x00000000,0x00000000,1,0,1,0,1
present,6404,213434195,0x00000000,0,0,0,0x00000000,0x00000000,1,0,1,0,1
present,6405,213470290,0x00000000,0,0,0,0x00000000,0x00000000,1,0,1,0,1
present,6406,213504151,0x00000000,0,0,0,0x00000000,0x00000000,1,0,1,0,1
present,6407,213537873,0x00000000,0,0,0,0x00000000,0x00000000,1,0,1,0,1
present,6408,213566976,0x00000000,0,0,0,0x00000000,0x00000000,1,0,1,0,1
present,6409,213603782,0x00000000,0,0,0,0x00000000,0x00000000,1,0,1,0,1
present,6410,213634030,0x00000000,0,0,0,0x00000000,0x00000000,1,0,1,0,1
present,6411,213670779,0x00000000,0,0,0,0x00000000,0x00000000,1,0,1,0,1
present,6412,213704637,0x00000000,0,0,0,0x00000000,0x00000000,1,0,1,0,1
present,6413,213737003,0x00000000,0,0,0,0x00000000,0x00000000,1,0,1,0,1
present,6414,213767785,0x00000000,0,0,0,0x00000000,0x00000000,1,0,1,0,1
present,6415,213803519,0x00000000,0,0,0,0x00000000,0x00000000,1,0,1,0,1
present,6416,213834028,0x00000000,0,0,0,0x00000000,0x00000000,1,0,1,0,1
present,6417,213867673,0x00000000,0,0,0,0x00000000,0x00000000,1,0,1,0,1
present,6418,213901069,0x00000000,0,0,0,0x00000000,0x00000000,1,0,1,0,1
present,6419,213937886,0x00000000,0,0,0,0x00000000,0x00000000,1,0,1,0,1
present,6420,213970688,0x00000000,0,0,0,0x00000000,0x00000000,1,0,1,0,1
present,6421,214004691,0x00000000,0,0,0,0x00000000,0x00000000,2,0,1,0,1
present,6422,214037767,0x00000000,0,0,0,0x00000000,0x00000000,2,0,1,0,1
present,6423,214070725,0x00000000,0,0,0,0x00000000,0x00000000,2,0,1,0,1
present,6424,214103830,0x00000000,0,0,0,0x00000000,0x00000000,2,0,1,0,1
present,6425,214137925,0x00000000,0,0,0,0x00000000,0x00000000,2,0,1,0,1
present,6426,214170888,0x00000000,0,0,0,0x00000000,0x00000000,2,0,1,0,1
present,6427,214203953,0x00000000,0,0,0,0x00000000,0x00000000,2,0,1,0,1
present,6428,214234090,0x00000000,0,0,0,0x00000000,0x00000000,2,0,1,0,1
present,6429,214267638,0x00000000,0,0,0,0x00000000,0x00000000,2,0,1,0,1
present,6430,214301713,0x00000000,0,0,0,0x00000000,0x00000000,2,0,1,0,1
present,6431,214335048,0x00000000,0,0,0,0x00000000,0x00000000,2,0,1,0,1
present,6432,214368481,0x00000000,0,0,0,0x00000000,0x00000000,2,0,1,0,1
present,6433,214403437,0x00000000,0,0,0,0x00000000,0x00000000,2,0,1,0,1
present,6434,214437340,0x00000000,0,0,0,0x00000000,0x00000000,2,0,1,0,1
present,6435,214470347,0x00000000,0,0,0,0x00000000,0x00000000,2,0,1,0,1
present,6436,214504433,0x00000000,0,0,0,0x00000000,0x00000000,2,0,1,0,1
present,6437,214534108,0x00000000,0,0,0,0x00000000,0x00000000,2,0,1,0,1
present,6438,214571053,0x00000000,0,0,0,0x00000000,0x00000000,2,0,1,0,1
present,6439,214601076,0x00000000,0,0,0,0x00000000,0x00000000,2,0,1,0,1
present,6440,214635568,0x00000000,0,0,0,0x00000000,0x00000000,2,0,1,0,1
present,6441,214670618,0x00000000,0,0,0,0x00000000,0x00000000,2,0,1,0,1
present,6442,214703675,0x00000000,0,0,0,0x00000000,0x00000000,2,0,1,0,1
present,6443,214736139,0x00000000,0,0,0,0x00000000,0x00000000,2,0,1,0,1
present,6444,214767495,0x00000000,0,0,0,0x00000000,0x00000000,2,0,1,0,1
present,6445,214805983,0x00000000,0,0,0,0x00000000,0x00000000,2,0,1,0,1
present,6446,214837751,0x00000000,0,0,0,0x00000000,0x00000000,2,0,1,0,1
present,6447,214870831,0x00000000,0,0,0,0x00000000,0x00000000,2,0,1,0,1
present,6448,214902569,0x00000000,0,0,0,0x00000000,0x00000000,2,0,1,0,1
present,6449,214937745,0x00000000,0,0,0,0x00000000,0x00000000,2,0,1,0,1
present,6450,214970948,0x00000000,0,0,0,0x00000000,0x00000000,2,0,1,0,1
present,6451,215004122,0x00000000,0,0,0,0x00000000,0x00000000,3,0,1,0,1
present,6452,215034338,0x00000000,0,0,0,0x00000000,0x00000000,3,0,1,0,1
present,6453,215071360,0x00000000,0,0,0,0x00000000,0x00000000,3,0,1,0,1
present,6454,215103739,0x00000000,0,0,0,0x00000000,0x00000000,3,0,1,0,1
present,6455,215137694,0x00000000,0,0,0,0x00000000,0x00000000,3,0,1,0,1
present,6456,215170652,0x00000000,0,0,0,0x00000000,0x00000000,3,0,1,0,1
present,6457,215200975,0x00000000,0,0,0,0x00000000,0x00000000,3,0,1,0,1
present,6458,215234539,0x00000000,0,0,0,0x00000000,0x00000000,3,0,1,0,1
present,6459,215270768,0x00000000,0,0,0,0x00000000,0x00000000,3,0,1,0,1
present,6460,215301292,0x00000000,0,0,0,0x00000000,0x00000000,3,0,1,0,1
present,6461,215337246,0x00000000,0,0,0,0x00000000,0x00000000,3,0,1,0,1
present,6462,215367585,0x00000000,0,0,0,0x00000000,0x00000000,3,0,1,0,1
present,6463,215400815,0x00000000,0,0,0,0x00000000,0x00000000,3,0,1,0,1
present,6464,215436595,0x00000000,0,0,0,0x00000000,0x00000000,3,0,1,0,1
present,6465,215470678,0x00000000,0,0,0,0x00000000,0x00000000,3,0,1,0,1
present,6466,215503605,0x00000000,0,0,0,0x00000000,0x00000000,3,0,1,0,1
present,6467,215537557,0x00000000,0,0,0,0x00000000,0x00000000,3,0,1,0,1
present,6468,215568682,0x00000000,0,0,0,0x00000000,0x00000000,3,0,1,0,1
present,6469,215604722,0x00000000,0,0,0,0x00000000,0x00000000,3,0,1,0,1
present,6470,215634137,0x00000000,0,0,0,0x00000000,0x00000000,3,0,1,0,1
present,6471,215668963,0x00000000,0,0,0,0x00000000,0x00000000,3,0,1,0,1
present,6472,215703728,0x00000000,0,0,0,0x00000000,0x00000000,3,0,1,0,1
present,6473,215736146,0x00000000,0,0,0,0x00000000,0x00000000,3,0,1,0,1
present,6474,215767391,0x00000000,0,0,0,0x00000000,0x00000000,3,0,1,0,1
present,6475,215804511,0x00000000,0,0,0,0x00000000,0x00000000,3,0,1,0,1
present,6476,215837470,0x00000000,0,0,0,0x00000000,0x00000000,3,0,1,0,1
present,6477,215868722,0x00000000,0,0,0,0x00000000,0x00000000,3,0,1,0,1
present,6478,215903654,0x00000000,0,0,0,0x00000000,0x00000000,3,0,1,0,1
present,6479,215935772,0x00000000,0,0,0,0x00000000,0x00000000,3,0,1,0,1
present,6480,215971103,0x00000000,0,0,0,0x00000000,0x00000000,3,0,1,0,1
present,6481,216004492,0x00000000,0,0,0,0x00000000,0x00000000,0,0,1,0,1
present,6482,216037428,0x00000000,0,0,0,0x00000000,0x00000000,0,0,1,0,1
present,6483,216070444,0x00000000,0,0,0,0x00000000,0x00000000,0,0,1,0,1
present,6484,216100961,0x00000000,0,0,0,0x00000000,0x00000000,0,0,1,0,1
present,6485,216134857,0x00000000,0,0,0,0x00000000,0x00000000,0,0,1,0,1
present,6486,216169022,0x00000000,0,0,0,0x00000000,0x00000000,0,0,1,0,1
present,6487,216203826,0x00000000,0,0,0,0x00000000,0x00000000,0,0,1,0,1
present,6488,216234437,0x00000000,0,0,0,0x00000000,0x00000000,0,0,1,0,1
present,6489,216270413,0x00000000,0,0,0,0x00000000,0x00000000,0,0,1,0,1
present,6490,216300849,0x00000000,0,0,0,0x00000000,0x00000000,0,0,1,0,1
present,6491,216337411,0x00000000,0,0,0,0x00000000,0x00000000,0,0,1,0,1
present,6492,216367609,0x00000000,0,0,0,0x00000000,0x00000000,0,0,1,0,1
present,6493,216400652,0x00000000,0,0,0,0x00000000,0x00000000,0,0,1,0,1
present,6494,216435699,0x00000000,0,0,0,0x00000000,0x00000000,0,0,1,0,1
present,6495,216468400,0x00000000,0,0,0,0x00000000,0x00000000,0,0,1,0,1
present,6496,216504438,0x00000000,0,0,0,0x00000000,0x00000000,0,0,1,0,1
present,6497,216537331,0x00000000,0,0,0,0x00000000,0x00000000,0,0,1,0,1
present,6498,216571244,0x00000000,0,0,0,0x00000000,0x00000000,0,0,1,0,1
present,6499,216600924,0x00000000,0,0,0,0x00000000,0x00000000,0,0,1,0,1
present,6500,216637817,0x00000000,0,0,0,0x00000000,0x00000000,0,0,1,0,1
present,6501,216670654,0x00000000,0,0,0,0x00000000,0x00000000,0,0,1,0,1
present,6502,216704508,0x00000000,0,0,0,0x00000000,0x00000000,0,0,1,0,1
present,6503,216735648,0x00000000,0,0,0,0x00000000,0x00000000,0,0,1,0,1
present,6504,216770527,0x00000000,0,0,0,0x00000000,0x00000000,0,0,1,0,1
present,6505,216803082,0x00000000,0,0,0,0x00000000,0x00000000,0,0,1,0,1
present,6506,216837333,0x00000000,0,0,0,0x00000000,0x00000000,0,0,1,0,1
present,6507,216869607,0x00000000,0,0,0,0x00000000,0x00000000,0,0,1,0,1
present,6508,216900987,0x00000000,0,0,0,0x00000000,0x00000000,0,0,1,0,1
present,6509,216933525,0x00000000,0,0,0,0x00000000,0x00000000,0,0,1,0,1
present,6510,216971174,0x00000000,0,0,0,0x00000000,0x00000000,0,0,1,0,1
present,6511,217001155,0x00000000,0,0,0,0x00000000,0x00000000,1,0,1,0,1
present,6512,217034186,0x00000000,0,0,0,0x00000000,0x00000000,1,0,1,0,1
present,6513,217071041,0x00000000,0,0,0,0x00000000,0x00000000,1,0,1,0,1
present,6514,217100162,0x00000000,0,0,0,0x00000000,0x00000000,1,0,1,0,1
present,6515,217137950,0x00000000,0,0,0,0x00000000,0x00000000,1,0,1,0,1
present,6516,217167427,0x00000000,0,0,0,0x00000000,0x00000000,1,0,1,0,1
present,6517,217201483,0x00000000,0,0,0,0x00000000,0x00000000,1,0,1,0,1
present,6518,217236260,0x00000000,0,0,0,0x00000000,0x00000000,1,0,1,0,1
present,6519,217271239,0x00000000,0,0,0,0x00000000,0x00000000,1,0,1,0,1
present,6520,217300937,0x00000000,0,0,0,0x00000000,0x00000000,1,0,1,0,1
present,6521,217336236,0x00000000,0,0,0,0x00000000,0x00000000,1,0,1,0,1
present,6522,217368241,0x00000000,0,0,0,0x00000000,0x00000000,1,0,1,0,1
present,6523,217404012,0x00000000,0,0,0,0x00000000,0x00000000,1,0,1,0,1
present,6524,217433602,0x00000000,0,0,0,0x00000000,0x00000000,1,0,1,0,1
present,6525,217470318,0x00000000,0,0,0,0x00000000,0x00000000,1,0,1,0,1
present,6526,217502693,0x00000000,0,0,0,0x00000000,0x00000000,1,0,1,0,1
present,6527,217534951,0x00000000,0,0,0,0x00000000,0x00000000,1,0,1,0,1
present,6528,217570828,0x00000000,0,0,0,0x00000000,0x00000000,1,0,1,0,1
present,6529,217603743,0x00000000,0,0,0,0x00000000,0x00000000,1,0,1,0,1
present,6530,217637515,0x00000000,0,0,0,0x00000000,0x00000000,1,0,1,0,1
present,6531,217667727,0x00000000,0,0,0,0x00000000,0x00000000,1,0,1,0,1
present,6532,217703838,0x00000000,0,0,0,0x00000000,0x00000000,1,0,1,0,1
present,6533,217737633,0x00000000,0,0,0,0x00000000,0x00000000,1,0,1,0,1
present,6534,217770329,0x00000000,0,0,0,0x00000000,0x00000000,1,0,1,0,1
present,6535,217803074,0x00000000,0,0,0,0x00000000,0x00000000,1,0,1,0,1
present,6536,217835135,0x00000000,0,0,0,0x00000000,0x00000000,1,0,1,0,1
present,6537,217867367,0x00000000,0,0,0,0x00000000,0x00000000,1,0,1,0,1
present,6538,217904228,0x00000000,0,0,0,0x00000000,0x00000000,1,0,1,0,1
present,6539,217935582,0x00000000,0,0,0,0x00000000,0x00000000,1,0,1,0,1
present,6540,217967405,0x00000000,0,0,0,0x00000000,0x00000000,1,0,1,0,1
present,6541,218004626,0x00000000,0,0,0,0x00000000,0x00000000,2,0,1,0,1
present,6542,218035628,0x00000000,0,0,0,0x00000000,0x00000000,2,0,1,0,1
present,6543,218070619,0x00000000,0,0,0,0x00000000,0x00000000,2,0,1,0,1
present,6544,218104559,0x00000000,0,0,0,0x00000000,0x00000000,2,0,1,0,1
present,6545,218134625,0x00000000,0,0,0,0x00000000,0x00000000,2,0,1,0,1
present,6546,218170631,0x00000000,0,0,0,0x00000000,0x00000000,2,0,1,0,1
present,6547,218204485,0x00000000,0,0,0,0x00000000,0x00000000,2,0,1,0,1
present,6548,218234415,0x00000000,0,0,0,0x00000000,0x00000000,2,0,1,0,1
present,6549,218270296,0x00000000,0,0,0,0x00000000,0x00000000,2,0,1,0,1
present,6550,218302517,0x00000000,0,0,0,0x00000000,0x00000000,2,0,1,0,1
present,6551,218336129,0x00000000,0,0,0,0x00000000,0x00000000,2,0,1,0,1
present,6552,218367553,0x00000000,0,0,0,0x00000000,0x00000000,2,0,1,0,1
present,6553,218404247,0x00000000,0,0,0,0x00000000,0x00000000,2,0,1,0,1
present,6554,218434226,0x00000000,0,0,0,0x00000000,0x00000000,2,0,1,0,1
present,6555,218468031,0x00000000,0,0,0,0x00000000,0x00000000,2,0,1,0,1
present,6556,218501295,0x00000000,0,0,0,0x00000000,0x00000000,2,0,1,0,1
present,6557,218537179,0x00000000,0,0,0,0x00000000,0x00000000,2,0,1,0,1
present,6558,218571385,0x00000000,0,0,0,0x00000000,0x00000000,2,0,1,0,1
present,6559,218604322,0x00000000,0,0,0,0x00000000,0x00000000,2,0,1,0,1
present,6560,218634225,0x00000000,0,0,0,0x00000000,0x00000000,2,0,1,0,1
present,6561,218671139,0x00000000,0,0,0,0x00000000,0x00000000,2,0,1,0,1
present,6562,218702832,0x00000000,0,0,0,0x00000000,0x00000000,2,0,1,0,1
present,6563,218737813,0x00000000,0,0,0,0x00000000,0x00000000,2,0,1,0,1
present,6564,218767764,0x00000000,0,0,0,0x00000000,0x00000000,2,0,1,0,1
present,6565,218809096,0x00000000,0,0,0,0x00000000,0x00000000,2,0,1,0,1
present,6566,218834979,0x00000000,0,0,0,0x00000000,0x00000000,2,0,1,0,1
present,6567,218868439,0x00000000,0,0,0,0x00000000,0x00000000,2,0,1,0,1
present,6568,218901550,0x00000000,0,0,0,0x00000000,0x00000000,2,0,1,0,1
present,6569,218937553,0x00000000,0,0,0,0x00000000,0x00000000,2,0,1,0,1
present,6570,218967919,0x00000000,0,0,0,0x00000000,0x00000000,2,0,1,0,1
present,6571,219004134,0x00000000,0,0,0,0x00000000,0x00000000,3,0,1,0,1
present,6572,219037111,0x00000000,0,0,0,0x00000000,0x00000000,3,0,1,0,1
present,6573,219071183,0x00000000,0,0,0,0x00000000,0x00000000,3,0,1,0,1
present,6574,219104095,0x00000000,0,0,0,0x00000000,0x00000000,3,0,1,0,1
present,6575,219134114,0x00000000,0,0,0,0x00000000,0x00000000,3,0,1,0,1
present,6576,219170445,0x00000000,0,0,0,0x00000000,0x00000000,3,0,1,0,1
present,6577,219200931,0x00000000,0,0,0,0x00000000,0x00000000,3,0,1,0,1
present,6578,219238017,0x00000000,0,0,0,0x00000000,0x00000000,3,0,1,0,1
present,6579,219271090,0x00000000,0,0,0,0x00000000,0x00000000,3,0,1,0,1
present,6580,219302755,0x00000000,0,0,0,0x00000000,0x00000000,3,0,1,0,1
present,6581,219337872,0x00000000,0,0,0,0x00000000,0x00000000,3,0,1,0,1
present,6582,219367552,0x00000000,0,0,0,0x00000000,0x00000000,3,0,1,0,1
present,6583,219400924,0x00000000,0,0,0,0x00000000,0x00000000,3,0,1,0,1
present,6584,219434053,0x00000000,0,0,0,0x00000000,0x00000000,3,0,1,0,1
present,6585,219469721,0x00000000,0,0,0,0x00000000,0x00000000,3,0,1,0,1
present,6586,219500956,0x00000000,0,0,0,0x00000000,0x00000000,3,0,1,0,1
present,6587,219534815,0x00000000,0,0,0,0x00000000,0x00000000,3,0,1,0,1
present,6588,219570823,0x00000000,0,0,0,0x00000000,0x00000000,3,0,1,0,1
present,6589,219603695,0x00000000,0,0,0,0x00000000,0x00000000,3,0,1,0,1
present,6590,219635329,0x00000000,0,0,0,0x00000000,0x00000000,3,0,1,0,1
present,6591,219668325,0x00000000,0,0,0,0x00000000,0x00000000,3,0,1,0,1
present,6592,219703206,0x00000000,0,0,0,0x00000000,0x00000000,3,0,1,0,1
present,6593,219734104,0x00000000,0,0,0,0x00000000,0x00000000,3,0,1,0,1
present,6594,219771117,0x00000000,0,0,0,0x00000000,0x00000000,3,0,1,0,1
present,6595,219815346,0x00000000,0,0,0,0x00000000,0x00000000,3,0,1,0,1
present,6596,219834013,0x00000000,0,0,0,0x00000000,0x00000000,3,0,1,0,1
present,6597,219871005,0x00000000,0,0,0,0x00000000,0x00000000,3,0,1,0,1
present,6598,219903896,0x00000000,0,0,0,0x00000000,0x00000000,3,0,1,0,1
present,6599,219937452,0x00000000,0,0,0,0x00000000,0x00000000,3,0,1,0,1
present,6600,219967926,0x00000000,0,0,0,0x00000000,0x00000000,3,0,1,0,1
present,6601,220001247,0x00000000,0,0,0,0x00000000,0x00000000,0,0,1,0,1
present,6602,220034739,0x00000000,0,0,0,0x00000000,0x00000000,0,0,1,0,1
present,6603,220069977,0x00000000,0,0,0,0x00000000,0x00000000,0,0,1,0,1
present,6604,220104776,0x00000000,0,0,0,0x00000000,0x00000000,0,0,1,0,1
present,6605,220137609,0x00000000,0,0,0,0x00000000,0x00000000,0,0,1,0,1
present,6606,220170832,0x00000000,0,0,0,0x00000000,0x00000000,0,0,1,0,1
present,6607,220203871,0x00000000,0,0,0,0x00000000,0x00000000,0,0,1,0,1
present,6608,220234121,0x00000000,0,0,0,0x00000000,0x00000000,0,0,1,0,1
present,6609,220268468,0x00000000,0,0,0,0x00000000,0x00000000,0,0,1,0,1
present,6610,220301932,0x00000000,0,0,0,0x00000000,0x00000000,0,0,1,0,1
present,6611,220334203,0x00000000,0,0,0,0x00000000,0x00000000,0,0,1,0,1
present,6612,220370819,0x00000000,0,0,0,0x00000000,0x00000000,0,0,1,0,1
present,6613,220404027,0x00000000,0,0,0,0x00000000,0x00000000,0,0,1,0,1
present,6614,220437859,0x00000000,0,0,0,0x00000000,0x00000000,0,0,1,0,1
present,6615,220467711,0x00000000,0,0,0,0x00000000,0x00000000,0,0,1,0,1
present,6616,220504686,0x00000000,0,0,0,0x00000000,0x00000000,0,0,1,0,1
present,6617,220535139,0x00000000,0,0,0,0x00000000,0x00000000,0,0,1,0,1
present,6618,220568466,0x00000000,0,0,0,0x00000000,0x00000000,0,0,1,0,1
present,6619,220604471,0x00000000,0,0,0,0x00000000,0x00000000,0,0,1,0,1
present,6620,220637461,0x00000000,0,0,0,0x00000000,0x00000000,0,0,1,0,1
present,6621,220667532,0x00000000,0,0,0,0x00000000,0x00000000,0,0,1,0,1
present,6622,220702413,0x00000000,0,0,0,0x00000000,0x00000000,0,0,1,0,1
present,6623,220734436,0x00000000,0,0,0,0x00000000,0x00000000,0,0,1,0,1
present,6624,220767730,0x00000000,0,0,0,0x00000000,0x00000000,0,0,1,0,1
present,6625,220806351,0x00000000,0,0,0,0x00000000,0x00000000,0,0,1,0,1
present,6626,220834563,0x00000000,0,0,0,0x00000000,0x00000000,0,0,1,0,1
present,6627,220868451,0x00000000,0,0,0,0x00000000,0x00000000,0,0,1,0,1
present,6628,220900897,0x00000000,0,0,0,0x00000000,0x00000000,0,0,1,0,1
present,6629,220938115,0x00000000,0,0,0,0x00000000,0x00000000,0,0,1,0,1
present,6630,220970848,0x00000000,0,0,0,0x00000000,0x00000000,0,0,1,0,1
present,6631,221003072,0x00000000,0,0,0,0x00000000,0x00000000,1,0,1,0,1
present,6632,221034240,0x00000000,0,0,0,0x00000000,0x00000000,1,0,1,0,1
present,6633,221071228,0x00000000,0,0,0,0x00000000,0x00000000,1,0,1,0,1
present,6634,221100637,0x00000000,0,0,0,0x00000000,0x00000000,1,0,1,0,1
present,6635,221136994,0x00000000,0,0,0,0x00000000,0x00000000,1,0,1,0,1
present,6636,221167286,0x00000000,0,0,0,0x00000000,0x00000000,1,0,1,0,1
present,6637,221200966,0x00000000,0,0,0,0x00000000,0x00000000,1,0,1,0,1
present,6638,221237876,0x00000000,0,0,0,0x00000000,0x00000000,1,0,1,0,1
present,6639,221266844,0x00000000,0,0,0,0x00000000,0x00000000,1,0,1,0,1
present,6640,221304672,0x00000000,0,0,0,0x00000000,0x00000000,1,0,1,0,1
present,6641,221333942,0x00000000,0,0,0,0x00000000,0x00000000,1,0,1,0,1
present,6642,221370359,0x00000000,0,0,0,0x00000000,0x00000000,1,0,1,0,1
present,6643,221404192,0x00000000,0,0,0,0x00000000,0x00000000,1,0,1,0,1
present,6644,221435840,0x00000000,0,0,0,0x00000000,0x00000000,1,0,1,0,1
present,6645,221470604,0x00000000,0,0,0,0x00000000,0x00000000,1,0,1,0,1
present,6646,221500170,0x00000000,0,0,0,0x00000000,0x00000000,1,0,1,0,1
present,6647,221537317,0x00000000,0,0,0,0x00000000,0x00000000,1,0,1,0,1
present,6648,221571163,0x00000000,0,0,0,0x00000000,0x00000000,1,0,1,0,1
present,6649,221601645,0x00000000,0,0,0,0x00000000,0x00000000,1,0,1,0,1
present,6650,221636123,0x00000000,0,0,0,0x00000000,0x00000000,1,0,1,0,1
present,6651,221671069,0x00000000,0,0,0,0x00000000,0x00000000,1,0,1,0,1
present,6652,221703721,0x00000000,0,0,0,0x00000000,0x00000000,1,0,1,0,1
present,6653,221737487,0x00000000,0,0,0,0x00000000,0x00000000,1,0,1,0,1
present,6654,221770433,0x00000000,0,0,0,0x00000000,0x00000000,1,0,1,0,1
present,6655,221804117,0x00000000,0,0,0,0x00000000,0x00000000,1,0,1,0,1
present,6656,221836170,0x00000000,0,0,0,0x00000000,0x00000000,1,0,1,0,1
present,6657,221869871,0x00000000,0,0,0,0x00000000,0x00000000,1,0,1,0,1
present,6658,221903318,0x00000000,0,0,0,0x00000000,0x00000000,1,0,1,0,1
present,6659,221937026,0x00000000,0,0,0,0x00000000,0x00000000,1,0,1,0,1
present,6660,221970866,0x00000000,0,0,0,0x00000000,0x00000000,1,0,1,0,1
present,6661,222000760,0x00000000,0,0,0,0x00000000,0x00000000,2,0,1,0,1
present,6662,222037641,0x00000000,0,0,0,0x00000000,0x00000000,2,0,1,0,1
present,6663,222067576,0x00000000,0,0,0,0x00000000,0x00000000,2,0,1,0,1
present,6664,222104540,0x00000000,0,0,0,0x00000000,0x00000000,2,0,1,0,1
present,6665,222143539,0x00000000,0,0,0,0x00000000,0x00000000,2,0,1,0,1
present,6666,222170728,0x00000000,0,0,0,0x00000000,0x00000000,2,0,1,0,1
present,6667,222203683,0x00000000,0,0,0,0x00000000,0x00000000,2,0,1,0,1
present,6668,222238291,0x00000000,0,0,0,0x00000000,0x00000000,2,0,1,0,1
present,6669,222271216,0x00000000,0,0,0,0x00000000,0x00000000,2,0,1,0,1
present,6670,222300874,0x00000000,0,0,0,0x00000000,0x00000000,2,0,1,0,1
present,6671,222335685,0x00000000,0,0,0,0x00000000,0x00000000,2,0,1,0,1
present,6672,222369251,0x00000000,0,0,0,0x00000000,0x00000000,2,0,1,0,1
present,6673,222402594,0x00000000,0,0,0,0x00000000,0x00000000,2,0,1,0,1
present,6674,222437313,0x00000000,0,0,0,0x00000000,0x00000000,2,0,1,0,1
present,6675,222470305,0x00000000,0,0,0,0x00000000,0x00000000,2,0,1,0,1
present,6676,222504281,0x00000000,0,0,0,0x00000000,0x00000000,2,0,1,0,1
present,6677,222536978,0x00000000,0,0,0,0x00000000,0x00000000,2,0,1,0,1
present,6678,222568992,0x00000000,0,0,0,0x00000000,0x00000000,2,0,1,0,1
present,6679,222601224,0x00000000,0,0,0,0x00000000,0x00000000,2,0,1,0,1
present,6680,222634505,0x00000000,0,0,0,0x00000000,0x00000000,2,0,1,0,1
present,6681,222670998,0x00000000,0,0,0,0x00000000,0x00000000,2,0,1,0,1
present,6682,222703971,0x00000000,0,0,0,0x00000000,0x00000000,2,0,1,0,1
present,6683,222734914,0x00000000,0,0,0,0x00000000,0x00000000,2,0,1,0,1
present,6684,222769099,0x00000000,0,0,0,0x00000000,0x00000000,2,0,1,0,1
present,6685,222808751,0x00000000,0,0,0,0x00000000,0x00000000,2,0,1,0,1
present,6686,222835967,0x00000000,0,0,0,0x00000000,0x00000000,2,0,1,0,1
present,6687,222867844,0x00000000,0,0,0,0x00000000,0x00000000,2,0,1,0,1
present,6688,222903664,0x00000000,0,0,0,0x00000000,0x00000000,2,0,1,0,1
present,6689,222937642,0x00000000,0,0,0,0x00000000,0x00000000,2,0,1,0,1
present,6690,222970728,0x00000000,0,0,0,0x00000000,0x00000000,2,0,1,0,1
present,6691,223000943,0x00000000,0,0,0,0x00000000,0x00000000,3,0,1,0,1
present,6692,223038088,0x00000000,0,0,0,0x00000000,0x00000000,3,0,1,0,1
present,6693,223070169,0x00000000,0,0,0,0x00000000,0x00000000,3,0,1,0,1
present,6694,223102295,0x00000000,0,0,0,0x00000000,0x00000000,3,0,1,0,1
present,6695,223137191,0x00000000,0,0,0,0x00000000,0x00000000,3,0,1,0,1
present,6696,223171071,0x00000000,0,0,0,0x00000000,0x00000000,3,0,1,0,1
present,6697,223204087,0x00000000,0,0,0,0x00000000,0x00000000,3,0,1,0,1
present,6698,223237076,0x00000000,0,0,0,0x00000000,0x00000000,3,0,1,0,1
present,6699,223267586,0x00000000,0,0,0,0x00000000,0x00000000,3,0,1,0,1
present,6700,223304697,0x00000000,0,0,0,0x00000000,0x00000000,3,0,1,0,1
present,6701,223334427,0x00000000,0,0,0,0x00000000,0x00000000,3,0,1,0,1
present,6702,223368093,0x00000000,0,0,0,0x00000000,0x00000000,3,0,1,0,1
present,6703,223403888,0x00000000,0,0,0,0x00000000,0x00000000,3,0,1,0,1
present,6704,223434021,0x00000000,0,0,0,0x00000000,0x00000000,3,0,1,0,1
present,6705,223468466,0x00000000,0,0,0,0x00000000,0x00000000,3,0,1,0,1
present,6706,223500998,0x00000000,0,0,0,0x00000000,0x00000000,3,0,1,0,1
present,6707,223537033,0x00000000,0,0,0,0x00000000,0x00000000,3,0,1,0,1
present,6708,223567866,0x00000000,0,0,0,0x00000000,0x00000000,3,0,1,0,1
present,6709,223603696,0x00000000,0,0,0,0x00000000,0x00000000,3,0,1,0,1
present,6710,223635639,0x00000000,0,0,0,0x00000000,0x00000000,3,0,1,0,1
present,6711,223670524,0x00000000,0,0,0,0x00000000,0x00000000,3,0,1,0,1
present,6712,223700945,0x00000000,0,0,0,0x00000000,0x00000000,3,0,1,0,1
present,6713,223735914,0x00000000,0,0,0,0x00000000,0x00000000,3,0,1,0,1
present,6714,223767611,0x00000000,0,0,0,0x00000000,0x00000000,3,0,1,0,1
present,6715,223810176,0x00000000,0,0,0,0x00000000,0x00000000,3,0,1,0,1
present,6716,223835177,0x00000000,0,0,0,0x00000000,0x00000000,3,0,1,0,1
present,6717,223871216,0x00000000,0,0,0,0x00000000,0x00000000,3,0,1,0,1
present,6718,223904082,0x00000000,0,0,0,0x00000000,0x00000000,3,0,1,0,1
present,6719,223937791,0x00000000,0,0,0,0x00000000,0x00000000,3,0,1,0,1
present,6720,223970459,0x00000000,0,0,0,0x00000000,0x00000000,3,0,1,0,1
present,6721,224004481,0x00000000,0,0,0,0x00000000,0x00000000,0,0,1,0,1
present,6722,224037110,0x00000000,0,0,0,0x00000000,0x00000000,0,0,1,0,1
present,6723,224067811,0x00000000,0,0,0,0x00000000,0x00000000,0,0,1,0,1
present,6724,224103739,0x00000000,0,0,0,0x00000000,0x00000000,0,0,1,0,1
present,6725,224134060,0x00000000,0,0,0,0x00000000,0x00000000,0,0,1,0,1
present,6726,224169022,0x00000000,0,0,0,0x00000000,0x00000000,0,0,1,0,1
present,6727,224200785,0x00000000,0,0,0,0x00000000,0x00000000,0,0,1,0,1
present,6728,224234325,0x00000000,0,0,0,0x00000000,0x00000000,0,0,1,0,1
present,6729,224272065,0x00000000,0,0,0,0x00000000,0x00000000,0,0,1,0,1
present,6730,224300873,0x00000000,0,0,0,0x00000000,0x00000000,0,0,1,0,1
present,6731,224337831,0x00000000,0,0,0,0x00000000,0x00000000,0,0,1,0,1
present,6732,224369390,0x00000000,0,0,0,0x00000000,0x00000000,0,0,1,0,1
present,6733,224404061,0x00000000,0,0,0,0x00000000,0x00000000,0,0,1,0,1
present,6734,224436859,0x00000000,0,0,0,0x00000000,0x00000000,0,0,1,0,1
present,6735,224467817,0x00000000,0,0,0,0x00000000,0x00000000,0,0,1,0,1
present,6736,224503917,0x00000000,0,0,0,0x00000000,0x00000000,0,0,1,0,1
present,6737,224535657,0x00000000,0,0,0,0x00000000,0x00000000,0,0,1,0,1
present,6738,224570608,0x00000000,0,0,0,0x00000000,0x00000000,0,0,1,0,1
present,6739,224604545,0x00000000,0,0,0,0x00000000,0x00000000,0,0,1,0,1
present,6740,224637404,0x00000000,0,0,0,0x00000000,0x00000000,0,0,1,0,1
present,6741,224667534,0x00000000,0,0,0,0x00000000,0x00000000,0,0,1,0,1
present,6742,224702237,0x00000000,0,0,0,0x00000000,0x00000000,0,0,1,0,1
present,6743,224737054,0x00000000,0,0,0,0x00000000,0x00000000,0,0,1,0,1
present,6744,224770882,0x00000000,0,0,0,0x00000000,0x00000000,0,0,1,0,1
present,6745,224804381,0x00000000,0,0,0,0x00000000,0x00000000,0,0,1,0,1
present,6746,224837584,0x00000000,0,0,0,0x00000000,0x00000000,0,0,1,0,1
present,6747,224869620,0x00000000,0,0,0,0x00000000,0x00000000,0,0,1,0,1
present,6748,224904283,0x00000000,0,0,0,0x00000000,0x00000000,0,0,1,0,1
present,6749,224936743,0x00000000,0,0,0,0x00000000,0x00000000,0,0,1,0,1
present,6750,224970463,0x00000000,0,0,0,0x00000000,0x00000000,0,0,1,0,1
present,6751,225004293,0x00000000,0,0,0,0x00000000,0x00000000,1,0,1,0,1
present,6752,225036301,0x00000000,0,0,0,0x00000000,0x00000000,1,0,1,0,1
present,6753,225071190,0x00000000,0,0,0,0x00000000,0x00000000,1,0,1,0,1
present,6754,225101341,0x00000000,0,0,0,0x00000000,0x00000000,1,0,1,0,1
present,6755,225135585,0x00000000,0,0,0,0x00000000,0x00000000,1,0,1,0,1
present,6756,225170448,0x00000000,0,0,0,0x00000000,0x00000000,1,0,1,0,1
present,6757,225203234,0x00000000,0,0,0,0x00000000,0x00000000,1,0,1,0,1
present,6758,225236975,0x00000000,0,0,0,0x00000000,0x00000000,1,0,1,0,1
present,6759,225270893,0x00000000,0,0,0,0x00000000,0x00000000,1,0,1,0,1
present,6760,225303700,0x00000000,0,0,0,0x00000000,0x00000000,1,0,1,0,1
present,6761,225334493,0x00000000,0,0,0,0x00000000,0x00000000,1,0,1,0,1
present,6762,225368140,0x00000000,0,0,0,0x00000000,0x00000000,1,0,1,0,1
present,6763,225403935,0x00000000,0,0,0,0x00000000,0x00000000,1,0,1,0,1
present,6764,225437817,0x00000000,0,0,0,0x00000000,0x00000000,1,0,1,0,1
present,6765,225470563,0x00000000,0,0,0,0x00000000,0x00000000,1,0,1,0,1
present,6766,225502487,0x00000000,0,0,0,0x00000000,0x00000000,1,0,1,0,1
present,6767,225537523,0x00000000,0,0,0,0x00000000,0x00000000,1,0,1,0,1
present,6768,225566861,0x00000000,0,0,0,0x00000000,0x00000000,1,0,1,0,1
present,6769,225604602,0x00000000,0,0,0,0x00000000,0x00000000,1,0,1,0,1
present,6770,225637257,0x00000000,0,0,0,0x00000000,0x00000000,1,0,1,0,1
present,6771,225667394,0x00000000,0,0,0,0x00000000,0x00000000,1,0,1,0,1
present,6772,225702722,0x00000000,0,0,0,0x00000000,0x00000000,1,0,1,0,1
present,6773,225736977,0x00000000,0,0,0,0x00000000,0x00000000,1,0,1,0,1
present,6774,225769284,0x00000000,0,0,0,0x00000000,0x00000000,1,0,1,0,1
present,6775,225805376,0x00000000,0,0,0,0x00000000,0x00000000,1,0,1,0,1
present,6776,225837834,0x00000000,0,0,0,0x00000000,0x00000000,1,0,1,0,1
present,6777,225868179,0x00000000,0,0,0,0x00000000,0x00000000,1,0,1,0,1
present,6778,225904094,0x00000000,0,0,0,0x00000000,0x00000000,1,0,1,0,1
present,6779,225936959,0x00000000,0,0,0,0x00000000,0x00000000,1,0,1,0,1
present,6780,225967657,0x00000000,0,0,0,0x00000000,0x00000000,1,0,1,0,1
present,6781,226003825,0x00000000,0,0,0,0x00000000,0x00000000,2,0,1,0,1
present,6782,226036339,0x00000000,0,0,0,0x00000000,0x00000000,2,0,1,0,1
present,6783,226068141,0x00000000,0,0,0,0x00000000,0x00000000,2,0,1,0,1
present,6784,226102885,0x00000000,0,0,0,0x00000000,0x00000000,2,0,1,0,1
present,6785,226134122,0x00000000,0,0,0,0x00000000,0x00000000,2,0,1,0,1
present,6786,226171153,0x00000000,0,0,0,0x00000000,0x00000000,2,0,1,0,1
present,6787,226200755,0x00000000,0,0,0,0x00000000,0x00000000,2,0,1,0,1
present,6788,226234204,0x00000000,0,0,0,0x00000000,0x00000000,2,0,1,0,1
present,6789,226270353,0x00000000,0,0,0,0x00000000,0x00000000,2,0,1,0,1
present,6790,226300867,0x00000000,0,0,0,0x00000000,0x00000000,2,0,1,0,1
present,6791,226337900,0x00000000,0,0,0,0x00000000,0x00000000,2,0,1,0,1
present,6792,226367935,0x00000000,0,0,0,0x00000000,0x00000000,2,0,1,0,1
present,6793,226401461,0x00000000,0,0,0,0x00000000,0x00000000,2,0,1,0,1
present,6794,226434024,0x00000000,0,0,0,0x00000000,0x00000000,2,0,1,0,1
present,6795,226468032,0x00000000,0,0,0,0x00000000,0x00000000,2,0,1,0,1
present,6796,226504165,0x00000000,0,0,0,0x00000000,0x00000000,2,0,1,0,1
present,6797,226534788,0x00000000,0,0,0,0x00000000,0x00000000,2,0,1,0,1
present,6798,226569299,0x00000000,0,0,0,0x00000000,0x00000000,2,0,1,0,1
present,6799,226601492,0x00000000,0,0,0,0x00000000,0x00000000,2,0,1,0,1
present,6800,226634165,0x00000000,0,0,0,0x00000000,0x00000000,2,0,1,0,1
present,6801,226670458,0x00000000,0,0,0,0x00000000,0x00000000,2,0,1,0,1
present,6802,226702302,0x00000000,0,0,0,0x00000000,0x00000000,2,0,1,0,1
present,6803,226736917,0x00000000,0,0,0,0x00000000,0x00000000,2,0,1,0,1
present,6804,226770955,0x00000000,0,0,0,0x00000000,0x00000000,2,0,1,0,1
present,6805,226810107,0x00000000,0,0,0,0x00000000,0x00000000,2,0,1,0,1
present,6806,226837112,0x00000000,0,0,0,0x00000000,0x00000000,2,0,1,0,1
present,6807,226871260,0x00000000,0,0,0,0x00000000,0x00000000,2,0,1,0,1
present,6808,226901012,0x00000000,0,0,0,0x00000000,0x00000000,2,0,1,0,1
present,6809,226934906,0x00000000,0,0,0,0x00000000,0x00000000,2,0,1,0,1
present,6810,226968270,0x00000000,0,0,0,0x00000000,0x00000000,2,0,1,0,1
present,6811,227004224,0x00000000,0,0,0,0x00000000,0x00000000,3,0,1,0,1
present,6812,227034866,0x00000000,0,0,0,0x00000000,0x00000000,3,0,1,0,1
present,6813,227070892,0x00000000,0,0,0,0x00000000,0x00000000,3,0,1,0,1
present,6814,227100645,0x00000000,0,0,0,0x00000000,0x00000000,3,0,1,0,1
present,6815,227137716,0x00000000,0,0,0,0x00000000,0x00000000,3,0,1,0,1
present,6816,227168453,0x00000000,0,0,0,0x00000000,0x00000000,3,0,1,0,1
present,6817,227201736,0x00000000,0,0,0,0x00000000,0x00000000,3,0,1,0,1
present,6818,227237654,0x00000000,0,0,0,0x00000000,0x00000000,3,0,1,0,1
present,6819,227268004,0x00000000,0,0,0,0x00000000,0x00000000,3,0,1,0,1
present,6820,227301902,0x00000000,0,0,0,0x00000000,0x00000000,3,0,1,0,1
present,6821,227337046,0x00000000,0,0,0,0x00000000,0x00000000,3,0,1,0,1
present,6822,227367439,0x00000000,0,0,0,0x00000000,0x00000000,3,0,1,0,1
present,6823,227404444,0x00000000,0,0,0,0x00000000,0x00000000,3,0,1,0,1
present,6824,227437304,0x00000000,0,0,0,0x00000000,0x00000000,3,0,1,0,1
present,6825,227468853,0x00000000,0,0,0,0x00000000,0x00000000,3,0,1,0,1
present,6826,227503832,0x00000000,0,0,0,0x00000000,0x00000000,3,0,1,0,1
present,6827,227534079,0x00000000,0,0,0,0x00000000,0x00000000,3,0,1,0,1
present,6828,227571130,0x00000000,0,0,0,0x00000000,0x00000000,3,0,1,0,1
present,6829,227601700,0x00000000,0,0,0,0x00000000,0x00000000,3,0,1,0,1
present,6830,227635639,0x00000000,0,0,0,0x00000000,0x00000000,3,0,1,0,1
present,6831,227667888,0x00000000,0,0,0,0x00000000,0x00000000,3,0,1,0,1
present,6832,227703856,0x00000000,0,0,0,0x00000000,0x00000000,3,0,1,0,1
present,6833,227734909,0x00000000,0,0,0,0x00000000,0x00000000,3,0,1,0,1
present,6834,227767546,0x00000000,0,0,0,0x00000000,0x00000000,3,0,1,0,1
present,6835,227807640,0x00000000,0,0,0,0x00000000,0x00000000,3,0,1,0,1
present,6836,227836045,0x00000000,0,0,0,0x00000000,0x00000000,3,0,1,0,1
present,6837,227870485,0x00000000,0,0,0,0x00000000,0x00000000,3,0,1,0,1
present,6838,227902270,0x00000000,0,0,0,0x00000000,0x00000000,3,0,1,0,1
present,6839,227937340,0x00000000,0,0,0,0x00000000,0x00000000,3,0,1,0,1
present,6840,227967722,0x00000000,0,0,0,0x00000000,0x00000000,3,0,1,0,1
present,6841,228003913,0x00000000,0,0,0,0x00000000,0x00000000,0,0,1,0,1
present,6842,228037824,0x00000000,0,0,0,0x00000000,0x00000000,0,0,1,0,1
present,6843,228070985,0x00000000,0,0,0,0x00000000,0x00000000,0,0,1,0,1
present,6844,228102925,0x00000000,0,0,0,0x00000000,0x00000000,0,0,1,0,1
present,6845,228137278,0x00000000,0,0,0,0x00000000,0x00000000,0,0,1,0,1
present,6846,228170418,0x00000000,0,0,0,0x00000000,0x00000000,0,0,1,0,1
present,6847,228201287,0x00000000,0,0,0,0x00000000,0x00000000,0,0,1,0,1
present,6848,228235081,0x00000000,0,0,0,0x00000000,0x00000000,0,0,1,0,1
present,6849,228268661,0x00000000,0,0,0,0x00000000,0x00000000,0,0,1,0,1
present,6850,228300825,0x00000000,0,0,0,0x00000000,0x00000000,0,0,1,0,1
present,6851,228335153,0x00000000,0,0,0,0x00000000,0x00000000,0,0,1,0,1
present,6852,228370221,0x00000000,0,0,0,0x00000000,0x00000000,0,0,1,0,1
present,6853,228401980,0x00000000,0,0,0,0x00000000,0x00000000,0,0,1,0,1
present,6854,228437993,0x00000000,0,0,0,0x00000000,0x00000000,0,0,1,0,1
present,6855,228470871,0x00000000,0,0,0,0x00000000,0x00000000,0,0,1,0,1
present,6856,228503782,0x00000000,0,0,0,0x00000000,0x00000000,0,0,1,0,1
present,6857,228534184,0x00000000,0,0,0,0x00000000,0x00000000,0,0,1,0,1
present,6858,228570458,0x00000000,0,0,0,0x00000000,0x00000000,0,0,1,0,1
present,6859,228602219,0x00000000,0,0,0,0x00000000,0x00000000,0,0,1,0,1
present,6860,228634489,0x00000000,0,0,0,0x00000000,0x00000000,0,0,1,0,1
present,6861,228670547,0x00000000,0,0,0,0x00000000,0x00000000,0,0,1,0,1
present,6862,228703138,0x00000000,0,0,0,0x00000000,0x00000000,0,0,1,0,1
present,6863,228734167,0x00000000,0,0,0,0x00000000,0x00000000,0,0,1,0,1
present,6864,228771240,0x00000000,0,0,0,0x00000000,0x00000000,0,0,1,0,1
present,6865,228810004,0x00000000,0,0,0,0x00000000,0x00000000,0,0,1,0,1
present,6866,228837523,0x00000000,0,0,0,0x00000000,0x00000000,0,0,1,0,1
present,6867,228870411,0x00000000,0,0,0,0x00000000,0x00000000,0,0,1,0,1
present,6868,228903941,0x00000000,0,0,0,0x00000000,0x00000000,0,0,1,0,1
present,6869,228937338,0x00000000,0,0,0,0x00000000,0x00000000,0,0,1,0,1
present,6870,228971125,0x00000000,0,0,0,0x00000000,0x00000000,0,0,1,0,1
present,6871,229003932,0x00000000,0,0,0,0x00000000,0x00000000,1,0,1,0,1
present,6872,229033515,0x00000000,0,0,0,0x00000000,0x00000000,1,0,1,0,1
present,6873,229070357,0x00000000,0,0,0,0x00000000,0x00000000,1,0,1,0,1
present,6874,229103761,0x00000000,0,0,0,0x00000000,0x00000000,1,0,1,0,1
present,6875,229137565,0x00000000,0,0,0,0x00000000,0x00000000,1,0,1,0,1
present,6876,229168290,0x00000000,0,0,0,0x00000000,0x00000000,1,0,1,0,1
present,6877,229204118,0x00000000,0,0,0,0x00000000,0x00000000,1,0,1,0,1
present,6878,229238414,0x00000000,0,0,0,0x00000000,0x00000000,1,0,1,0,1
present,6879,229267325,0x00000000,0,0,0,0x00000000,0x00000000,1,0,1,0,1
present,6880,229304214,0x00000000,0,0,0,0x00000000,0x00000000,1,0,1,0,1
present,6881,229334786,0x00000000,0,0,0,0x00000000,0x00000000,1,0,1,0,1
present,6882,229366934,0x00000000,0,0,0,0x00000000,0x00000000,1,0,1,0,1
present,6883,229403830,0x00000000,0,0,0,0x00000000,0x00000000,1,0,1,0,1
present,6884,229434514,0x00000000,0,0,0,0x00000000,0x00000000,1,0,1,0,1
present,6885,229470372,0x00000000,0,0,0,0x00000000,0x00000000,1,0,1,0,1
present,6886,229504318,0x00000000,0,0,0,0x00000000,0x00000000,1,0,1,0,1
present,6887,229537273,0x00000000,0,0,0,0x00000000,0x00000000,1,0,1,0,1
present,6888,229566846,0x00000000,0,0,0,0x00000000,0x00000000,1,0,1,0,1
present,6889,229604648,0x00000000,0,0,0,0x00000000,0x00000000,1,0,1,0,1
present,6890,229637475,0x00000000,0,0,0,0x00000000,0x00000000,1,0,1,0,1
present,6891,229670459,0x00000000,0,0,0,0x00000000,0x00000000,1,0,1,0,1
present,6892,229700183,0x00000000,0,0,0,0x00000000,0x00000000,1,0,1,0,1
present,6893,229737949,0x00000000,0,0,0,0x00000000,0x00000000,1,0,1,0,1
present,6894,229770122,0x00000000,0,0,0,0x00000000,0x00000000,1,0,1,0,1
present,6895,229803758,0x00000000,0,0,0,0x00000000,0x00000000,1,0,1,0,1
present,6896,229837483,0x00000000,0,0,0,0x00000000,0x00000000,1,0,1,0,1
present,6897,229867265,0x00000000,0,0,0,0x00000000,0x00000000,1,0,1,0,1
present,6898,229904127,0x00000000,0,0,0,0x00000000,0x00000000,1,0,1,0,1
present,6899,229936283,0x00000000,0,0,0,0x00000000,0x00000000,1,0,1,0,1
present,6900,229971124,0x00000000,0,0,0,0x00000000,0x00000000,1,0,1,0,1
present,6901,230004024,0x00000000,0,0,0,0x00000000,0x00000000,2,0,1,0,1
present,6902,230034437,0x00000000,0,0,0,0x00000000,0x00000000,2,0,1,0,1
present,6903,230070514,0x00000000,0,0,0,0x00000000,0x00000000,2,0,1,0,1
present,6904,230100920,0x00000000,0,0,0,0x00000000,0x00000000,2,0,1,0,1
present,6905,230135171,0x00000000,0,0,0,0x00000000,0x00000000,2,0,1,0,1
present,6906,230171251,0x00000000,0,0,0,0x00000000,0x00000000,2,0,1,0,1
present,6907,230200699,0x00000000,0,0,0,0x00000000,0x00000000,2,0,1,0,1
present,6908,230236066,0x00000000,0,0,0,0x00000000,0x00000000,2,0,1,0,1
present,6909,230267975,0x00000000,0,0,0,0x00000000,0x00000000,2,0,1,0,1
present,6910,230301302,0x00000000,0,0,0,0x00000000,0x00000000,2,0,1,0,1
present,6911,230337295,0x00000000,0,0,0,0x00000000,0x00000000,2,0,1,0,1
present,6912,230368645,0x00000000,0,0,0,0x00000000,0x00000000,2,0,1,0,1
present,6913,230404471,0x00000000,0,0,0,0x00000000,0x00000000,2,0,1,0,1
present,6914,230436675,0x00000000,0,0,0,0x00000000,0x00000000,2,0,1,0,1
present,6915,230470620,0x00000000,0,0,0,0x00000000,0x00000000,2,0,1,0,1
present,6916,230500906,0x00000000,0,0,0,0x00000000,0x00000000,2,0,1,0,1
present,6917,230534040,0x00000000,0,0,0,0x00000000,0x00000000,2,0,1,0,1
present,6918,230570929,0x00000000,0,0,0,0x00000000,0x00000000,2,0,1,0,1
present,6919,230600893,0x00000000,0,0,0,0x00000000,0x00000000,2,0,1,0,1
present,6920,230634129,0x00000000,0,0,0,0x00000000,0x00000000,2,0,1,0,1
present,6921,230671328,0x00000000,0,0,0,0x00000000,0x00000000,2,0,1,0,1
present,6922,230703575,0x00000000,0,0,0,0x00000000,0x00000000,2,0,1,0,1
present,6923,230734277,0x00000000,0,0,0,0x00000000,0x00000000,2,0,1,0,1
present,6924,230770463,0x00000000,0,0,0,0x00000000,0x00000000,2,0,1,0,1
present,6925,230804567,0x00000000,0,0,0,0x00000000,0x00000000,2,0,1,0,1
present,6926,230837746,0x00000000,0,0,0,0x00000000,0x00000000,2,0,1,0,1
present,6927,230870093,0x00000000,0,0,0,0x00000000,0x00000000,2,0,1,0,1
present,6928,230900879,0x00000000,0,0,0,0x00000000,0x00000000,2,0,1,0,1
present,6929,230939821,0x00000000,0,0,0,0x00000000,0x00000000,2,0,1,0,1
present,6930,230968849,0x00000000,0,0,0,0x00000000,0x00000000,2,0,1,0,1
present,6931,231003721,0x00000000,0,0,0,0x00000000,0x00000000,3,0,1,0,1
present,6932,231034201,0x00000000,0,0,0,0x00000000,0x00000000,3,0,1,0,1
present,6933,231071282,0x00000000,0,0,0,0x00000000,0x00000000,3,0,1,0,1
present,6934,231103354,0x00000000,0,0,0,0x00000000,0x00000000,3,0,1,0,1
present,6935,231134254,0x00000000,0,0,0,0x00000000,0x00000000,3,0,1,0,1
present,6936,231171128,0x00000000,0,0,0,0x00000000,0x00000000,3,0,1,0,1
present,6937,231204102,0x00000000,0,0,0,0x00000000,0x00000000,3,0,1,0,1
present,6938,231237530,0x00000000,0,0,0,0x00000000,0x00000000,3,0,1,0,1
present,6939,231267556,0x00000000,0,0,0,0x00000000,0x00000000,3,0,1,0,1
present,6940,231301243,0x00000000,0,0,0,0x00000000,0x00000000,3,0,1,0,1
present,6941,231337114,0x00000000,0,0,0,0x00000000,0x00000000,3,0,1,0,1
present,6942,231368039,0x00000000,0,0,0,0x00000000,0x00000000,3,0,1,0,1
present,6943,231403546,0x00000000,0,0,0,0x00000000,0x00000000,3,0,1,0,1
present,6944,231434210,0x00000000,0,0,0,0x00000000,0x00000000,3,0,1,0,1
present,6945,231467985,0x00000000,0,0,0,0x00000000,0x00000000,3,0,1,0,1
present,6946,231504186,0x00000000,0,0,0,0x00000000,0x00000000,3,0,1,0,1
present,6947,231537249,0x00000000,0,0,0,0x00000000,0x00000000,3,0,1,0,1
present,6948,231567528,0x00000000,0,0,0,0x00000000,0x00000000,3,0,1,0,1
present,6949,231604448,0x00000000,0,0,0,0x00000000,0x00000000,3,0,1,0,1
present,6950,231634045,0x00000000,0,0,0,0x00000000,0x00000000,3,0,1,0,1
present,6951,231671205,0x00000000,0,0,0,0x00000000,0x00000000,3,0,1,0,1
present,6952,231704068,0x00000000,0,0,0,0x00000000,0x00000000,3,0,1,0,1
present,6953,231737988,0x00000000,0,0,0,0x00000000,0x00000000,3,0,1,0,1
present,6954,231767796,0x00000000,0,0,0,0x00000000,0x00000000,3,0,1,0,1
present,6955,231804111,0x00000000,0,0,0,0x00000000,0x00000000,3,0,1,0,1
present,6956,231834189,0x00000000,0,0,0,0x00000000,0x00000000,3,0,1,0,1
present,6957,231870281,0x00000000,0,0,0,0x00000000,0x00000000,3,0,1,0,1
present,6958,231904144,0x00000000,0,0,0,0x00000000,0x00000000,3,0,1,0,1
present,6959,231934386,0x00000000,0,0,0,0x00000000,0x00000000,3,0,1,0,1
present,6960,231970679,0x00000000,0,0,0,0x00000000,0x00000000,3,0,1,0,1
present,6961,232000489,0x00000000,0,0,0,0x00000000,0x00000000,0,0,1,0,1
present,6962,232037454,0x00000000,0,0,0,0x00000000,0x00000000,0,0,1,0,1
present,6963,232069587,0x00000000,0,0,0,0x00000000,0x00000000,0,0,1,0,1
present,6964,232100697,0x00000000,0,0,0,0x00000000,0x00000000,0,0,1,0,1
present,6965,232137116,0x00000000,0,0,0,0x00000000,0x00000000,0,0,1,0,1
present,6966,232169993,0x00000000,0,0,0,0x00000000,0x00000000,0,0,1,0,1
present,6967,232202029,0x00000000,0,0,0,0x00000000,0x00000000,0,0,1,0,1
present,6968,232236991,0x00000000,0,0,0,0x00000000,0x00000000,0,0,1,0,1
present,6969,232267941,0x00000000,0,0,0,0x00000000,0x00000000,0,0,1,0,1
present,6970,232303894,0x00000000,0,0,0,0x00000000,0x00000000,0,0,1,0,1
present,6971,232336100,0x00000000,0,0,0,0x00000000,0x00000000,0,0,1,0,1
present,6972,232370966,0x00000000,0,0,0,0x00000000,0x00000000,0,0,1,0,1
present,6973,232403855,0x00000000,0,0,0,0x00000000,0x00000000,0,0,1,0,1
present,6974,232437778,0x00000000,0,0,0,0x00000000,0x00000000,0,0,1,0,1
present,6975,232468276,0x00000000,0,0,0,0x00000000,0x00000000,0,0,1,0,1
present,6976,232504338,0x00000000,0,0,0,0x00000000,0x00000000,0,0,1,0,1
present,6977,232537177,0x00000000,0,0,0,0x00000000,0x00000000,0,0,1,0,1
present,6978,232571109,0x00000000,0,0,0,0x00000000,0x00000000,0,0,1,0,1
present,6979,232602465,0x00000000,0,0,0,0x00000000,0x00000000,0,0,1,0,1
present,6980,232635839,0x00000000,0,0,0,0x00000000,0x00000000,0,0,1,0,1
present,6981,232670727,0x00000000,0,0,0,0x00000000,0x00000000,0,0,1,0,1
present,6982,232702825,0x00000000,0,0,0,0x00000000,0x00000000,0,0,1,0,1
present,6983,232735299,0x00000000,0,0,0,0x00000000,0x00000000,0,0,1,0,1
present,6984,232770470,0x00000000,0,0,0,0x00000000,0x00000000,0,0,1,0,1
present,6985,232810331,0x00000000,0,0,0,0x00000000,0x00000000,0,0,1,0,1
present,6986,232838299,0x00000000,0,0,0,0x00000000,0x00000000,0,0,1,0,1
present,6987,232867597,0x00000000,0,0,0,0x00000000,0x00000000,0,0,1,0,1
present,6988,232903832,0x00000000,0,0,0,0x00000000,0x00000000,0,0,1,0,1
present,6989,232934532,0x00000000,0,0,0,0x00000000,0x00000000,0,0,1,0,1
present,6990,232971291,0x00000000,0,0,0,0x00000000,0x00000000,0,0,1,0,1
present,6991,233000917,0x00000000,0,0,0,0x00000000,0x00000000,1,0,1,0,1
present,6992,233037993,0x00000000,0,0,0,0x00000000,0x00000000,1,0,1,0,1
present,6993,233067955,0x00000000,0,0,0,0x00000000,0x00000000,1,0,1,0,1
present,6994,233103779,0x00000000,0,0,0,0x00000000,0x00000000,1,0,1,0,1
present,6995,233137574,0x00000000,0,0,0,0x00000000,0x00000000,1,0,1,0,1
present,6996,233167505,0x00000000,0,0,0,0x00000000,0x00000000,1,0,1,0,1
present,6997,233204533,0x00000000,0,0,0,0x00000000,0x00000000,1,0,1,0,1
present,6998,233237455,0x00000000,0,0,0,0x00000000,0x00000000,1,0,1,0,1
present,6999,233266861,0x00000000,0,0,0,0x00000000,0x00000000,1,0,1,0,1
present,7000,233303587,0x00000000,0,0,0,0x00000000,0x00000000,1,0,1,0,1
present,7001,233333995,0x00000000,0,0,0,0x00000000,0x00000000,1,0,1,0,1
present,7002,233368288,0x00000000,0,0,0,0x00000000,0x00000000,1,0,1,0,1
present,7003,233404075,0x00000000,0,0,0,0x00000000,0x00000000,1,0,1,0,1
present,7004,233433629,0x00000000,0,0,0,0x00000000,0x00000000,1,0,1,0,1
present,7005,233470391,0x00000000,0,0,0,0x00000000,0x00000000,1,0,1,0,1
present,7006,233502224,0x00000000,0,0,0,0x00000000,0x00000000,1,0,1,0,1
present,7007,233537059,0x00000000,0,0,0,0x00000000,0x00000000,1,0,1,0,1
present,7008,233566835,0x00000000,0,0,0,0x00000000,0x00000000,1,0,1,0,1
present,7009,233604682,0x00000000,0,0,0,0x00000000,0x00000000,1,0,1,0,1
present,7010,233634724,0x00000000,0,0,0,0x00000000,0x00000000,1,0,1,0,1
present,7011,233670615,0x00000000,0,0,0,0x00000000,0x00000000,1,0,1,0,1
present,7012,233704107,0x00000000,0,0,0,0x00000000,0x00000000,1,0,1,0,1
present,7013,233737939,0x00000000,0,0,0,0x00000000,0x00000000,1,0,1,0,1
present,7014,233768637,0x00000000,0,0,0,0x00000000,0x00000000,1,0,1,0,1
present,7015,233809881,0x00000000,0,0,0,0x00000000,0x00000000,1,0,1,0,1
present,7016,233836007,0x00000000,0,0,0,0x00000000,0x00000000,1,0,1,0,1
present,7017,233869481,0x00000000,0,0,0,0x00000000,0x00000000,1,0,1,0,1
present,7018,233903919,0x00000000,0,0,0,0x00000000,0x00000000,1,0,1,0,1
present,7019,233937577,0x00000000,0,0,0,0x00000000,0x00000000,1,0,1,0,1
present,7020,233967407,0x00000000,0,0,0,0x00000000,0x00000000,1,0,1,0,1
present,7021,234001414,0x00000000,0,0,0,0x00000000,0x00000000,2,0,1,0,1
present,7022,234035809,0x00000000,0,0,0,0x00000000,0x00000000,2,0,1,0,1
present,7023,234070429,0x00000000,0,0,0,0x00000000,0x00000000,2,0,1,0,1
present,7024,234103942,0x00000000,0,0,0,0x00000000,0x00000000,2,0,1,0,1
present,7025,234136463,0x00000000,0,0,0,0x00000000,0x00000000,2,0,1,0,1
present,7026,234169323,0x00000000,0,0,0,0x00000000,0x00000000,2,0,1,0,1
present,7027,234204243,0x00000000,0,0,0,0x00000000,0x00000000,2,0,1,0,1
present,7028,234234087,0x00000000,0,0,0,0x00000000,0x00000000,2,0,1,0,1
present,7029,234267406,0x00000000,0,0,0,0x00000000,0x00000000,2,0,1,0,1
present,7030,234303938,0x00000000,0,0,0,0x00000000,0x00000000,2,0,1,0,1
present,7031,234335768,0x00000000,0,0,0,0x00000000,0x00000000,2,0,1,0,1
present,7032,234367961,0x00000000,0,0,0,0x00000000,0x00000000,2,0,1,0,1
present,7033,234401482,0x00000000,0,0,0,0x00000000,0x00000000,2,0,1,0,1
present,7034,234437393,0x00000000,0,0,0,0x00000000,0x00000000,2,0,1,0,1
present,7035,234470328,0x00000000,0,0,0,0x00000000,0x00000000,2,0,1,0,1
present,7036,234501955,0x00000000,0,0,0,0x00000000,0x00000000,2,0,1,0,1
present,7037,234534965,0x00000000,0,0,0,0x00000000,0x00000000,2,0,1,0,1
present,7038,234570957,0x00000000,0,0,0,0x00000000,0x00000000,2,0,1,0,1
present,7039,234603985,0x00000000,0,0,0,0x00000000,0x00000000,2,0,1,0,1
present,7040,234637899,0x00000000,0,0,0,0x00000000,0x00000000,2,0,1,0,1
present,7041,234667454,0x00000000,0,0,0,0x00000000,0x00000000,2,0,1,0,1
present,7042,234704335,0x00000000,0,0,0,0x00000000,0x00000000,2,0,1,0,1
present,7043,234737253,0x00000000,0,0,0,0x00000000,0x00000000,2,0,1,0,1
present,7044,234769043,0x00000000,0,0,0,0x00000000,0x00000000,2,0,1,0,1
present,7045,234812568,0x00000000,0,0,0,0x00000000,0x00000000,2,0,1,0,1
present,7046,234837457,0x00000000,0,0,0,0x00000000,0x00000000,2,0,1,0,1
present,7047,234869107,0x00000000,0,0,0,0x00000000,0x00000000,2,0,1,0,1
present,7048,234903977,0x00000000,0,0,0,0x00000000,0x00000000,2,0,1,0,1
present,7049,234933849,0x00000000,0,0,0,0x00000000,0x00000000,2,0,1,0,1
present,7050,234968321,0x00000000,0,0,0,0x00000000,0x00000000,2,0,1,0,1
present,7051,235004502,0x00000000,0,0,0,0x00000000,0x00000000,3,0,1,0,1
present,7052,235033971,0x00000000,0,0,0,0x00000000,0x00000000,3,0,1,0,1
present,7053,235070338,0x00000000,0,0,0,0x00000000,0x00000000,3,0,1,0,1
present,7054,235104819,0x00000000,0,0,0,0x00000000,0x00000000,3,0,1,0,1
present,7055,235134285,0x00000000,0,0,0,0x00000000,0x00000000,3,0,1,0,1
present,7056,235171329,0x00000000,0,0,0,0x00000000,0x00000000,3,0,1,0,1
present,7057,235204293,0x00000000,0,0,0,0x00000000,0x00000000,3,0,1,0,1
present,7058,235234154,0x00000000,0,0,0,0x00000000,0x00000000,3,0,1,0,1
present,7059,235271215,0x00000000,0,0,0,0x00000000,0x00000000,3,0,1,0,1
present,7060,235301377,0x00000000,0,0,0,0x00000000,0x00000000,3,0,1,0,1
present,7061,235337466,0x00000000,0,0,0,0x00000000,0x00000000,3,0,1,0,1
present,7062,235370311,0x00000000,0,0,0,0x00000000,0x00000000,3,0,1,0,1
present,7063,235400691,0x00000000,0,0,0,0x00000000,0x00000000,3,0,1,0,1
present,7064,235437668,0x00000000,0,0,0,0x00000000,0x00000000,3,0,1,0,1
present,7065,235471209,0x00000000,0,0,0,0x00000000,0x00000000,3,0,1,0,1
present,7066,235503980,0x00000000,0,0,0,0x00000000,0x00000000,3,0,1,0,1
present,7067,235534118,0x00000000,0,0,0,0x00000000,0x00000000,3,0,1,0,1
present,7068,235571171,0x00000000,0,0,0,0x00000000,0x00000000,3,0,1,0,1
present,7069,235600613,0x00000000,0,0,0,0x00000000,0x00000000,3,0,1,0,1
present,7070,235637811,0x00000000,0,0,0,0x00000000,0x00000000,3,0,1,0,1
present,7071,235667967,0x00000000,0,0,0,0x00000000,0x00000000,3,0,1,0,1
present,7072,235703855,0x00000000,0,0,0,0x00000000,0x00000000,3,0,1,0,1
present,7073,235737825,0x00000000,0,0,0,0x00000000,0x00000000,3,0,1,0,1
present,7074,235767484,0x00000000,0,0,0,0x00000000,0x00000000,3,0,1,0,1
present,7075,235808498,0x00000000,0,0,0,0x00000000,0x00000000,3,0,1,0,1
present,7076,235834139,0x00000000,0,0,0,0x00000000,0x00000000,3,0,1,0,1
present,7077,235870614,0x00000000,0,0,0,0x00000000,0x00000000,3,0,1,0,1
present,7078,235904598,0x00000000,0,0,0,0x00000000,0x00000000,3,0,1,0,1
present,7079,235937605,0x00000000,0,0,0,0x00000000,0x00000000,3,0,1,0,1
present,7080,235970820,0x00000000,0,0,0,0x00000000,0x00000000,3,0,1,0,1
present,7081,236003762,0x00000000,0,0,0,0x00000000,0x00000000,0,0,1,0,1
present,7082,236037274,0x00000000,0,0,0,0x00000000,0x00000000,0,0,1,0,1
present,7083,236068076,0x00000000,0,0,0,0x00000000,0x00000000,0,0,1,0,1
present,7084,236104257,0x00000000,0,0,0,0x00000000,0x00000000,0,0,1,0,1
present,7085,236137428,0x00000000,0,0,0,0x00000000,0x00000000,0,0,1,0,1
present,7086,236170701,0x00000000,0,0,0,0x00000000,0x00000000,0,0,1,0,1
present,7087,236200886,0x00000000,0,0,0,0x00000000,0x00000000,0,0,1,0,1
present,7088,236239355,0x00000000,0,0,0,0x00000000,0x00000000,0,0,1,0,1
present,7089,236270259,0x00000000,0,0,0,0x00000000,0x00000000,0,0,1,0,1
present,7090,236300688,0x00000000,0,0,0,0x00000000,0x00000000,0,0,1,0,1
present,7091,236334715,0x00000000,0,0,0,0x00000000,0x00000000,0,0,1,0,1
present,7092,236369678,0x00000000,0,0,0,0x00000000,0x00000000,0,0,1,0,1
present,7093,236400892,0x00000000,0,0,0,0x00000000,0x00000000,0,0,1,0,1
present,7094,236435665,0x00000000,0,0,0,0x00000000,0x00000000,0,0,1,0,1
present,7095,236467541,0x00000000,0,0,0,0x00000000,0x00000000,0,0,1,0,1
present,7096,236504602,0x00000000,0,0,0,0x00000000,0x00000000,0,0,1,0,1
present,7097,236537638,0x00000000,0,0,0,0x00000000,0x00000000,0,0,1,0,1
present,7098,236570583,0x00000000,0,0,0,0x00000000,0x00000000,0,0,1,0,1
present,7099,236604561,0x00000000,0,0,0,0x00000000,0x00000000,0,0,1,0,1
present,7100,236637601,0x00000000,0,0,0,0x00000000,0x00000000,0,0,1,0,1
present,7101,236670352,0x00000000,0,0,0,0x00000000,0x00000000,0,0,1,0,1
present,7102,236700684,0x00000000,0,0,0,0x00000000,0x00000000,0,0,1,0,1
present,7103,236735922,0x00000000,0,0,0,0x00000000,0x00000000,0,0,1,0,1
present,7104,236767334,0x00000000,0,0,0,0x00000000,0x00000000,0,0,1,0,1
present,7105,236805713,0x00000000,0,0,0,0x00000000,0x00000000,0,0,1,0,1
present,7106,236835043,0x00000000,0,0,0,0x00000000,0x00000000,0,0,1,0,1
present,7107,236871238,0x00000000,0,0,0,0x00000000,0x00000000,0,0,1,0,1
present,7108,236902827,0x00000000,0,0,0,0x00000000,0x00000000,0,0,1,0,1
present,7109,236934026,0x00000000,0,0,0,0x00000000,0x00000000,0,0,1,0,1
present,7110,236970845,0x00000000,0,0,0,0x00000000,0x00000000,0,0,1,0,1
present,7111,237000972,0x00000000,0,0,0,0x00000000,0x00000000,1,0,1,0,1
present,7112,237035797,0x00000000,0,0,0,0x00000000,0x00000000,1,0,1,0,1
present,7113,237070639,0x00000000,0,0,0,0x00000000,0x00000000,1,0,1,0,1
present,7114,237104585,0x00000000,0,0,0,0x00000000,0x00000000,1,0,1,0,1
present,7115,237133995,0x00000000,0,0,0,0x00000000,0x00000000,1,0,1,0,1
present,7116,237166894,0x00000000,0,0,0,0x00000000,0x00000000,1,0,1,0,1
present,7117,237203637,0x00000000,0,0,0,0x00000000,0x00000000,1,0,1,0,1
present,7118,237236434,0x00000000,0,0,0,0x00000000,0x00000000,1,0,1,0,1
present,7119,237267264,0x00000000,0,0,0,0x00000000,0x00000000,1,0,1,0,1
present,7120,237303916,0x00000000,0,0,0,0x00000000,0x00000000,1,0,1,0,1
present,7121,237336616,0x00000000,0,0,0,0x00000000,0x00000000,1,0,1,0,1
present,7122,237368158,0x00000000,0,0,0,0x00000000,0x00000000,1,0,1,0,1
present,7123,237403886,0x00000000,0,0,0,0x00000000,0x00000000,1,0,1,0,1
present,7124,237437860,0x00000000,0,0,0,0x00000000,0x00000000,1,0,1,0,1
present,7125,237470770,0x00000000,0,0,0,0x00000000,0x00000000,1,0,1,0,1
present,7126,237500526,0x00000000,0,0,0,0x00000000,0x00000000,1,0,1,0,1
present,7127,237535016,0x00000000,0,0,0,0x00000000,0x00000000,1,0,1,0,1
present,7128,237566893,0x00000000,0,0,0,0x00000000,0x00000000,1,0,1,0,1
present,7129,237603089,0x00000000,0,0,0,0x00000000,0x00000000,1,0,1,0,1
present,7130,237637311,0x00000000,0,0,0,0x00000000,0x00000000,1,0,1,0,1
present,7131,237670537,0x00000000,0,0,0,0x00000000,0x00000000,1,0,1,0,1
present,7132,237703786,0x00000000,0,0,0,0x00000000,0x00000000,1,0,1,0,1
present,7133,237737402,0x00000000,0,0,0,0x00000000,0x00000000,1,0,1,0,1
present,7134,237771282,0x00000000,0,0,0,0x00000000,0x00000000,1,0,1,0,1
present,7135,237812184,0x00000000,0,0,0,0x00000000,0x00000000,1,0,1,0,1
present,7136,237837522,0x00000000,0,0,0,0x00000000,0x00000000,1,0,1,0,1
present,7137,237871100,0x00000000,0,0,0,0x00000000,0x00000000,1,0,1,0,1
present,7138,237901267,0x00000000,0,0,0,0x00000000,0x00000000,1,0,1,0,1
present,7139,237937103,0x00000000,0,0,0,0x00000000,0x00000000,1,0,1,0,1
present,7140,237967484,0x00000000,0,0,0,0x00000000,0x00000000,1,0,1,0,1
present,7141,238003655,0x00000000,0,0,0,0x00000000,0x00000000,2,0,1,0,1
present,7142,238034500,0x00000000,0,0,0,0x00000000,0x00000000,2,0,1,0,1
present,7143,238067384,0x00000000,0,0,0,0x00000000,0x00000000,2,0,1,0,1
present,7144,238104679,0x00000000,0,0,0,0x00000000,0x00000000,2,0,1,0,1
present,7145,238136808,0x00000000,0,0,0,0x00000000,0x00000000,2,0,1,0,1
present,7146,238170730,0x00000000,0,0,0,0x00000000,0x00000000,2,0,1,0,1
present,7147,238203523,0x00000000,0,0,0,0x00000000,0x00000000,2,0,1,0,1
present,7148,238234358,0x00000000,0,0,0,0x00000000,0x00000000,2,0,1,0,1
present,7149,238267948,0x00000000,0,0,0,0x00000000,0x00000000,2,0,1,0,1
present,7150,238300707,0x00000000,0,0,0,0x00000000,0x00000000,2,0,1,0,1
present,7151,238337757,0x00000000,0,0,0,0x00000000,0x00000000,2,0,1,0,1
present,7152,238369014,0x00000000,0,0,0,0x00000000,0x00000000,2,0,1,0,1
present,7153,238402352,0x00000000,0,0,0,0x00000000,0x00000000,2,0,1,0,1
present,7154,238435720,0x00000000,0,0,0,0x00000000,0x00000000,2,0,1,0,1
present,7155,238467500,0x00000000,0,0,0,0x00000000,0x00000000,2,0,1,0,1
present,7156,238500793,0x00000000,0,0,0,0x00000000,0x00000000,2,0,1,0,1
present,7157,238537668,0x00000000,0,0,0,0x00000000,0x00000000,2,0,1,0,1
present,7158,238568916,0x00000000,0,0,0,0x00000000,0x00000000,2,0,1,0,1
present,7159,238601302,0x00000000,0,0,0,0x00000000,0x00000000,2,0,1,0,1
present,7160,238634072,0x00000000,0,0,0,0x00000000,0x00000000,2,0,1,0,1
present,7161,238670471,0x00000000,0,0,0,0x00000000,0x00000000,2,0,1,0,1
present,7162,238704380,0x00000000,0,0,0,0x00000000,0x00000000,2,0,1,0,1
present,7163,238734080,0x00000000,0,0,0,0x00000000,0x00000000,2,0,1,0,1
present,7164,238771141,0x00000000,0,0,0,0x00000000,0x00000000,2,0,1,0,1
present,7165,238811861,0x00000000,0,0,0,0x00000000,0x00000000,2,0,1,0,1
present,7166,238837061,0x00000000,0,0,0,0x00000000,0x00000000,2,0,1,0,1
present,7167,238867547,0x00000000,0,0,0,0x00000000,0x00000000,2,0,1,0,1
present,7168,238900733,0x00000000,0,0,0,0x00000000,0x00000000,2,0,1,0,1
present,7169,238935255,0x00000000,0,0,0,0x00000000,0x00000000,2,0,1,0,1
present,7170,238970505,0x00000000,0,0,0,0x00000000,0x00000000,2,0,1,0,1
present,7171,239000700,0x00000000,0,0,0,0x00000000,0x00000000,3,0,1,0,1
present,7172,239034453,0x00000000,0,0,0,0x00000000,0x00000000,3,0,1,0,1
present,7173,239070402,0x00000000,0,0,0,0x00000000,0x00000000,3,0,1,0,1
present,7174,239102895,0x00000000,0,0,0,0x00000000,0x00000000,3,0,1,0,1
present,7175,239137851,0x00000000,0,0,0,0x00000000,0x00000000,3,0,1,0,1
present,7176,239168427,0x00000000,0,0,0,0x00000000,0x00000000,3,0,1,0,1
present,7177,239203808,0x00000000,0,0,0,0x00000000,0x00000000,3,0,1,0,1
present,7178,239234028,0x00000000,0,0,0,0x00000000,0x00000000,3,0,1,0,1
present,7179,239271303,0x00000000,0,0,0,0x00000000,0x00000000,3,0,1,0,1
present,7180,239303966,0x00000000,0,0,0,0x00000000,0x00000000,3,0,1,0,1
present,7181,239336862,0x00000000,0,0,0,0x00000000,0x00000000,3,0,1,0,1
present,7182,239368995,0x00000000,0,0,0,0x00000000,0x00000000,3,0,1,0,1
present,7183,239401131,0x00000000,0,0,0,0x00000000,0x00000000,3,0,1,0,1
present,7184,239434479,0x00000000,0,0,0,0x00000000,0x00000000,3,0,1,0,1
present,7185,239470693,0x00000000,0,0,0,0x00000000,0x00000000,3,0,1,0,1
present,7186,239503682,0x00000000,0,0,0,0x00000000,0x00000000,3,0,1,0,1
present,7187,239537672,0x00000000,0,0,0,0x00000000,0x00000000,3,0,1,0,1
present,7188,239567330,0x00000000,0,0,0,0x00000000,0x00000000,3,0,1,0,1
present,7189,239603715,0x00000000,0,0,0,0x00000000,0x00000000,3,0,1,0,1
present,7190,239634255,0x00000000,0,0,0,0x00000000,0x00000000,3,0,1,0,1
present,7191,239671267,0x00000000,0,0,0,0x00000000,0x00000000,3,0,1,0,1
present,7192,239704479,0x00000000,0,0,0,0x00000000,0x00000000,3,0,1,0,1
present,7193,239737818,0x00000000,0,0,0,0x00000000,0x00000000,3,0,1,0,1
present,7194,239767282,0x00000000,0,0,0,0x00000000,0x00000000,3,0,1,0,1
present,7195,239813736,0x00000000,0,0,0,0x00000000,0x00000000,3,0,1,0,1
present,7196,239837054,0x00000000,0,0,0,0x00000000,0x00000000,3,0,1,0,1
present,7197,239871083,0x00000000,0,0,0,0x00000000,0x00000000,3,0,1,0,1
present,7198,239903928,0x00000000,0,0,0,0x00000000,0x00000000,3,0,1,0,1
present,7199,239934609,0x00000000,0,0,0,0x00000000,0x00000000,3,0,1,0,1
present,7200,239968473,0x00000000,0,0,0,0x00000000,0x00000000,3,0,1,0,1
present,7201,240003806,0x00000000,0,0,0,0x00000000,0x00000000,0,0,1,0,1
present,7202,240034134,0x00000000,0,0,0,0x00000000,0x00000000,0,0,1,0,1
present,7203,240067713,0x00000000,0,0,0,0x00000000,0x00000000,0,0,1,0,1
present,7204,240102134,0x00000000,0,0,0,0x00000000,0x00000000,0,0,1,0,1
present,7205,240137213,0x00000000,0,0,0,0x00000000,0x00000000,0,0,1,0,1
present,7206,240171194,0x00000000,0,0,0,0x00000000,0x00000000,0,0,1,0,1
present,7207,240204306,0x00000000,0,0,0,0x00000000,0x00000000,0,0,1,0,1
present,7208,240234045,0x00000000,0,0,0,0x00000000,0x00000000,0,0,1,0,1
present,7209,240271159,0x00000000,0,0,0,0x00000000,0x00000000,0,0,1,0,1
present,7210,240300164,0x00000000,0,0,0,0x00000000,0x00000000,0,0,1,0,1
present,7211,240333458,0x00000000,0,0,0,0x00000000,0x00000000,0,0,1,0,1
present,7212,240370729,0x00000000,0,0,0,0x00000000,0x00000000,0,0,1,0,1
present,7213,240404396,0x00000000,0,0,0,0x00000000,0x00000000,0,0,1,0,1
present,7214,240435536,0x00000000,0,0,0,0x00000000,0x00000000,0,0,1,0,1
present,7215,240470308,0x00000000,0,0,0,0x00000000,0x00000000,0,0,1,0,1
present,7216,240500790,0x00000000,0,0,0,0x00000000,0x00000000,0,0,1,0,1
present,7217,240538062,0x00000000,0,0,0,0x00000000,0x00000000,0,0,1,0,1
present,7218,240567595,0x00000000,0,0,0,0x00000000,0x00000000,0,0,1,0,1
present,7219,240601221,0x00000000,0,0,0,0x00000000,0x00000000,0,0,1,0,1
present,7220,240637222,0x00000000,0,0,0,0x00000000,0x00000000,0,0,1,0,1
present,7221,240667692,0x00000000,0,0,0,0x00000000,0x00000000,0,0,1,0,1
present,7222,240702203,0x00000000,0,0,0,0x00000000,0x00000000,0,0,1,0,1
present,7223,240737195,0x00000000,0,0,0,0x00000000,0x00000000,0,0,1,0,1
present,7224,240767198,0x00000000,0,0,0,0x00000000,0x00000000,0,0,1,0,1
present,7225,240808912,0x00000000,0,0,0,0x00000000,0x00000000,0,0,1,0,1
present,7226,240834830,0x00000000,0,0,0,0x00000000,0x00000000,0,0,1,0,1
present,7227,240870605,0x00000000,0,0,0,0x00000000,0x00000000,0,0,1,0,1
present,7228,240904352,0x00000000,0,0,0,0x00000000,0x00000000,0,0,1,0,1
present,7229,240934063,0x00000000,0,0,0,0x00000000,0x00000000,0,0,1,0,1
present,7230,240967767,0x00000000,0,0,0,0x00000000,0x00000000,0,0,1,0,1
present,7231,241004610,0x00000000,0,0,0,0x00000000,0x00000000,1,0,1,0,1
present,7232,241034460,0x00000000,0,0,0,0x00000000,0x00000000,1,0,1,0,1
present,7233,241070500,0x00000000,0,0,0,0x00000000,0x00000000,1,0,1,0,1
present,7234,241104367,0x00000000,0,0,0,0x00000000,0x00000000,1,0,1,0,1
present,7235,241134517,0x00000000,0,0,0,0x00000000,0x00000000,1,0,1,0,1
present,7236,241167805,0x00000000,0,0,0,0x00000000,0x00000000,1,0,1,0,1
present,7237,241200839,0x00000000,0,0,0,0x00000000,0x00000000,1,0,1,0,1
present,7238,241234670,0x00000000,0,0,0,0x00000000,0x00000000,1,0,1,0,1
present,7239,241267547,0x00000000,0,0,0,0x00000000,0x00000000,1,0,1,0,1
present,7240,241300279,0x00000000,0,0,0,0x00000000,0x00000000,1,0,1,0,1
present,7241,241336940,0x00000000,0,0,0,0x00000000,0x00000000,1,0,1,0,1
present,7242,241366856,0x00000000,0,0,0,0x00000000,0x00000000,1,0,1,0,1
present,7243,241401852,0x00000000,0,0,0,0x00000000,0x00000000,1,0,1,0,1
present,7244,241437672,0x00000000,0,0,0,0x00000000,0x00000000,1,0,1,0,1
present,7245,241470506,0x00000000,0,0,0,0x00000000,0x00000000,1,0,1,0,1
present,7246,241504103,0x00000000,0,0,0,0x00000000,0x00000000,1,0,1,0,1
present,7247,241537558,0x00000000,0,0,0,0x00000000,0x00000000,1,0,1,0,1
present,7248,241570284,0x00000000,0,0,0,0x00000000,0x00000000,1,0,1,0,1
present,7249,241600554,0x00000000,0,0,0,0x00000000,0x00000000,1,0,1,0,1
present,7250,241633985,0x00000000,0,0,0,0x00000000,0x00000000,1,0,1,0,1
present,7251,241667866,0x00000000,0,0,0,0x00000000,0x00000000,1,0,1,0,1
present,7252,241703764,0x00000000,0,0,0,0x00000000,0x00000000,1,0,1,0,1
present,7253,241734993,0x00000000,0,0,0,0x00000000,0x00000000,1,0,1,0,1
present,7254,241769081,0x00000000,0,0,0,0x00000000,0x00000000,1,0,1,0,1
present,7255,241809530,0x00000000,0,0,0,0x00000000,0x00000000,1,0,1,0,1
present,7256,241835690,0x00000000,0,0,0,0x00000000,0x00000000,1,0,1,0,1
present,7257,241870678,0x00000000,0,0,0,0x00000000,0x00000000,1,0,1,0,1
present,7258,241904167,0x00000000,0,0,0,0x00000000,0x00000000,1,0,1,0,1
present,7259,241937934,0x00000000,0,0,0,0x00000000,0x00000000,1,0,1,0,1
present,7260,241970689,0x00000000,0,0,0,0x00000000,0x00000000,1,0,1,0,1
present,7261,242000992,0x00000000,0,0,0,0x00000000,0x00000000,2,0,1,0,1
present,7262,242035753,0x00000000,0,0,0,0x00000000,0x00000000,2,0,1,0,1
present,7263,242070783,0x00000000,0,0,0,0x00000000,0x00000000,2,0,1,0,1
present,7264,242100782,0x00000000,0,0,0,0x00000000,0x00000000,2,0,1,0,1
present,7265,242137699,0x00000000,0,0,0,0x00000000,0x00000000,2,0,1,0,1
present,7266,242170501,0x00000000,0,0,0,0x00000000,0x00000000,2,0,1,0,1
present,7267,242208794,0x00000000,0,0,0,0x00000000,0x00000000,2,0,1,0,1
present,7268,242235626,0x00000000,0,0,0,0x00000000,0x00000000,2,0,1,0,1
present,7269,242267623,0x00000000,0,0,0,0x00000000,0x00000000,2,0,1,0,1
present,7270,242304599,0x00000000,0,0,0,0x00000000,0x00000000,2,0,1,0,1
present,7271,242334663,0x00000000,0,0,0,0x00000000,0x00000000,2,0,1,0,1
present,7272,242370357,0x00000000,0,0,0,0x00000000,0x00000000,2,0,1,0,1
present,7273,242404070,0x00000000,0,0,0,0x00000000,0x00000000,2,0,1,0,1
present,7274,242437830,0x00000000,0,0,0,0x00000000,0x00000000,2,0,1,0,1
present,7275,242470732,0x00000000,0,0,0,0x00000000,0x00000000,2,0,1,0,1
present,7276,242501061,0x00000000,0,0,0,0x00000000,0x00000000,2,0,1,0,1
present,7277,242537160,0x00000000,0,0,0,0x00000000,0x00000000,2,0,1,0,1
present,7278,242569889,0x00000000,0,0,0,0x00000000,0x00000000,2,0,1,0,1
present,7279,242604280,0x00000000,0,0,0,0x00000000,0x00000000,2,0,1,0,1
present,7280,242633577,0x00000000,0,0,0,0x00000000,0x00000000,2,0,1,0,1
present,7281,242667381,0x00000000,0,0,0,0x00000000,0x00000000,2,0,1,0,1
present,7282,242704182,0x00000000,0,0,0,0x00000000,0x00000000,2,0,1,0,1
present,7283,242736949,0x00000000,0,0,0,0x00000000,0x00000000,2,0,1,0,1
present,7284,242770133,0x00000000,0,0,0,0x00000000,0x00000000,2,0,1,0,1
present,7285,242809777,0x00000000,0,0,0,0x00000000,0x00000000,2,0,1,0,1
present,7286,242836673,0x00000000,0,0,0,0x00000000,0x00000000,2,0,1,0,1
present,7287,242870349,0x00000000,0,0,0,0x00000000,0x00000000,2,0,1,0,1
present,7288,242904166,0x00000000,0,0,0,0x00000000,0x00000000,2,0,1,0,1
present,7289,242933974,0x00000000,0,0,0,0x00000000,0x00000000,2,0,1,0,1
present,7290,242970780,0x00000000,0,0,0,0x00000000,0x00000000,2,0,1,0,1
present,7291,243003681,0x00000000,0,0,0,0x00000000,0x00000000,3,0,1,0,1
present,7292,243034970,0x00000000,0,0,0,0x00000000,0x00000000,3,0,1,0,1
present,7293,243070891,0x00000000,0,0,0,0x00000000,0x00000000,3,0,1,0,1
present,7294,243103811,0x00000000,0,0,0,0x00000000,0x00000000,3,0,1,0,1
present,7295,243134293,0x00000000,0,0,0,0x00000000,0x00000000,3,0,1,0,1
present,7296,243167529,0x00000000,0,0,0,0x00000000,0x00000000,3,0,1,0,1
present,7297,243203814,0x00000000,0,0,0,0x00000000,0x00000000,3,0,1,0,1
present,7298,243234210,0x00000000,0,0,0,0x00000000,0x00000000,3,0,1,0,1
present,7299,243269578,0x00000000,0,0,0,0x00000000,0x00000000,3,0,1,0,1
present,7300,243304769,0x00000000,0,0,0,0x00000000,0x00000000,3,0,1,0,1
present,7301,243337697,0x00000000,0,0,0,0x00000000,0x00000000,3,0,1,0,1
present,7302,243367498,0x00000000,0,0,0,0x00000000,0x00000000,3,0,1,0,1
present,7303,243400954,0x00000000,0,0,0,0x00000000,0x00000000,3,0,1,0,1
present,7304,243437789,0x00000000,0,0,0,0x00000000,0x00000000,3,0,1,0,1
present,7305,243467781,0x00000000,0,0,0,0x00000000,0x00000000,3,0,1,0,1
present,7306,243500791,0x00000000,0,0,0,0x00000000,0x00000000,3,0,1,0,1
present,7307,243534768,0x00000000,0,0,0,0x00000000,0x00000000,3,0,1,0,1
present,7308,243570787,0x00000000,0,0,0,0x00000000,0x00000000,3,0,1,0,1
present,7309,243603596,0x00000000,0,0,0,0x00000000,0x00000000,3,0,1,0,1
present,7310,243634379,0x00000000,0,0,0,0x00000000,0x00000000,3,0,1,0,1
present,7311,243669568,0x00000000,0,0,0,0x00000000,0x00000000,3,0,1,0,1
present,7312,243700789,0x00000000,0,0,0,0x00000000,0x00000000,3,0,1,0,1
present,7313,243738223,0x00000000,0,0,0,0x00000000,0x00000000,3,0,1,0,1
present,7314,243768978,0x00000000,0,0,0,0x00000000,0x00000000,3,0,1,0,1
present,7315,243803428,0x00000000,0,0,0,0x00000000,0x00000000,3,0,1,0,1
present,7316,243834797,0x00000000,0,0,0,0x00000000,0x00000000,3,0,1,0,1
present,7317,243870892,0x00000000,0,0,0,0x00000000,0x00000000,3,0,1,0,1
present,7318,243902691,0x00000000,0,0,0,0x00000000,0x00000000,3,0,1,0,1
present,7319,243934260,0x00000000,0,0,0,0x00000000,0x00000000,3,0,1,0,1
present,7320,243967404,0x00000000,0,0,0,0x00000000,0x00000000,3,0,1,0,1
present,7321,244004391,0x00000000,0,0,0,0x00000000,0x00000000,0,0,1,0,1
present,7322,244037474,0x00000000,0,0,0,0x00000000,0x00000000,0,0,1,0,1
present,7323,244070422,0x00000000,0,0,0,0x00000000,0x00000000,0,0,1,0,1
present,7324,244104667,0x00000000,0,0,0,0x00000000,0x00000000,0,0,1,0,1
present,7325,244136933,0x00000000,0,0,0,0x00000000,0x00000000,0,0,1,0,1
present,7326,244168695,0x00000000,0,0,0,0x00000000,0x00000000,0,0,1,0,1
present,7327,244204768,0x00000000,0,0,0,0x00000000,0x00000000,0,0,1,0,1
present,7328,244233891,0x00000000,0,0,0,0x00000000,0x00000000,0,0,1,0,1
present,7329,244267945,0x00000000,0,0,0,0x00000000,0x00000000,0,0,1,0,1
present,7330,244301160,0x00000000,0,0,0,0x00000000,0x00000000,0,0,1,0,1
present,7331,244334246,0x00000000,0,0,0,0x00000000,0x00000000,0,0,1,0,1
present,7332,244368463,0x00000000,0,0,0,0x00000000,0x00000000,0,0,1,0,1
present,7333,244403601,0x00000000,0,0,0,0x00000000,0x00000000,0,0,1,0,1
present,7334,244437527,0x00000000,0,0,0,0x00000000,0x00000000,0,0,1,0,1
present,7335,244470393,0x00000000,0,0,0,0x00000000,0x00000000,0,0,1,0,1
present,7336,244504424,0x00000000,0,0,0,0x00000000,0x00000000,0,0,1,0,1
present,7337,244538565,0x00000000,0,0,0,0x00000000,0x00000000,0,0,1,0,1
present,7338,244570359,0x00000000,0,0,0,0x00000000,0x00000000,0,0,1,0,1
present,7339,244604184,0x00000000,0,0,0,0x00000000,0x00000000,0,0,1,0,1
present,7340,244633904,0x00000000,0,0,0,0x00000000,0x00000000,0,0,1,0,1
present,7341,244670386,0x00000000,0,0,0,0x00000000,0x00000000,0,0,1,0,1
present,7342,244700846,0x00000000,0,0,0,0x00000000,0x00000000,0,0,1,0,1
present,7343,244735101,0x00000000,0,0,0,0x00000000,0x00000000,0,0,1,0,1
present,7344,244767781,0x00000000,0,0,0,0x00000000,0x00000000,0,0,1,0,1
present,7345,244810692,0x00000000,0,0,0,0x00000000,0x00000000,0,0,1,0,1
present,7346,244835791,0x00000000,0,0,0,0x00000000,0x00000000,0,0,1,0,1
present,7347,244867712,0x00000000,0,0,0,0x00000000,0x00000000,0,0,1,0,1
present,7348,244904233,0x00000000,0,0,0,0x00000000,0x00000000,0,0,1,0,1
present,7349,244933563,0x00000000,0,0,0,0x00000000,0x00000000,0,0,1,0,1
present,7350,244969350,0x00000000,0,0,0,0x00000000,0x00000000,0,0,1,0,1
present,7351,245000974,0x00000000,0,0,0,0x00000000,0x00000000,1,0,1,0,1
present,7352,245034222,0x00000000,0,0,0,0x00000000,0x00000000,1,0,1,0,1
present,7353,245071087,0x00000000,0,0,0,0x00000000,0x00000000,1,0,1,0,1
present,7354,245104022,0x00000000,0,0,0,0x00000000,0x00000000,1,0,1,0,1
present,7355,245133893,0x00000000,0,0,0,0x00000000,0x00000000,1,0,1,0,1
present,7356,245167325,0x00000000,0,0,0,0x00000000,0x00000000,1,0,1,0,1
present,7357,245204262,0x00000000,0,0,0,0x00000000,0x00000000,1,0,1,0,1
present,7358,245236581,0x00000000,0,0,0,0x00000000,0x00000000,1,0,1,0,1
present,7359,245268202,0x00000000,0,0,0,0x00000000,0x00000000,1,0,1,0,1
present,7360,245301242,0x00000000,0,0,0,0x00000000,0x00000000,1,0,1,0,1
present,7361,245334243,0x00000000,0,0,0,0x00000000,0x00000000,1,0,1,0,1
present,7362,245370255,0x00000000,0,0,0,0x00000000,0x00000000,1,0,1,0,1
present,7363,245403998,0x00000000,0,0,0,0x00000000,0x00000000,1,0,1,0,1
present,7364,245434083,0x00000000,0,0,0,0x00000000,0x00000000,1,0,1,0,1
present,7365,245469250,0x00000000,0,0,0,0x00000000,0x00000000,1,0,1,0,1
present,7366,245504104,0x00000000,0,0,0,0x00000000,0x00000000,1,0,1,0,1
present,7367,245537907,0x00000000,0,0,0,0x00000000,0x00000000,1,0,1,0,1
present,7368,245567386,0x00000000,0,0,0,0x00000000,0x00000000,1,0,1,0,1
present,7369,245604372,0x00000000,0,0,0,0x00000000,0x00000000,1,0,1,0,1
present,7370,245636015,0x00000000,0,0,0,0x00000000,0x00000000,1,0,1,0,1
present,7371,245669501,0x00000000,0,0,0,0x00000000,0x00000000,1,0,1,0,1
present,7372,245704469,0x00000000,0,0,0,0x00000000,0x00000000,1,0,1,0,1
present,7373,245737427,0x00000000,0,0,0,0x00000000,0x00000000,1,0,1,0,1
present,7374,245768725,0x00000000,0,0,0,0x00000000,0x00000000,1,0,1,0,1
present,7375,245809351,0x00000000,0,0,0,0x00000000,0x00000000,1,0,1,0,1
present,7376,245834764,0x00000000,0,0,0,0x00000000,0x00000000,1,0,1,0,1
present,7377,245867237,0x00000000,0,0,0,0x00000000,0x00000000,1,0,1,0,1
present,7378,245904136,0x00000000,0,0,0,0x00000000,0x00000000,1,0,1,0,1
present,7379,245937917,0x00000000,0,0,0,0x00000000,0x00000000,1,0,1,0,1
present,7380,245970865,0x00000000,0,0,0,0x00000000,0x00000000,1,0,1,0,1
present,7381,246003485,0x00000000,0,0,0,0x00000000,0x00000000,2,0,1,0,1
present,7382,246037376,0x00000000,0,0,0,0x00000000,0x00000000,2,0,1,0,1
present,7383,246067546,0x00000000,0,0,0,0x00000000,0x00000000,2,0,1,0,1
present,7384,246101174,0x00000000,0,0,0,0x00000000,0x00000000,2,0,1,0,1
present,7385,246137166,0x00000000,0,0,0,0x00000000,0x00000000,2,0,1,0,1
present,7386,246171124,0x00000000,0,0,0,0x00000000,0x00000000,2,0,1,0,1
present,7387,246202810,0x00000000,0,0,0,0x00000000,0x00000000,2,0,1,0,1
present,7388,246238662,0x00000000,0,0,0,0x00000000,0x00000000,2,0,1,0,1
present,7389,246270189,0x00000000,0,0,0,0x00000000,0x00000000,2,0,1,0,1
present,7390,246302367,0x00000000,0,0,0,0x00000000,0x00000000,2,0,1,0,1
present,7391,246335261,0x00000000,0,0,0,0x00000000,0x00000000,2,0,1,0,1
present,7392,246371261,0x00000000,0,0,0,0x00000000,0x00000000,2,0,1,0,1
present,7393,246404049,0x00000000,0,0,0,0x00000000,0x00000000,2,0,1,0,1
present,7394,246436062,0x00000000,0,0,0,0x00000000,0x00000000,2,0,1,0,1
present,7395,246467510,0x00000000,0,0,0,0x00000000,0x00000000,2,0,1,0,1
present,7396,246504907,0x00000000,0,0,0,0x00000000,0x00000000,2,0,1,0,1
present,7397,246534319,0x00000000,0,0,0,0x00000000,0x00000000,2,0,1,0,1
present,7398,246571263,0x00000000,0,0,0,0x00000000,0x00000000,2,0,1,0,1
present,7399,246602572,0x00000000,0,0,0,0x00000000,0x00000000,2,0,1,0,1
present,7400,246637459,0x00000000,0,0,0,0x00000000,0x00000000,2,0,1,0,1
present,7401,246670443,0x00000000,0,0,0,0x00000000,0x00000000,2,0,1,0,1
present,7402,246704436,0x00000000,0,0,0,0x00000000,0x00000000,2,0,1,0,1
present,7403,246737715,0x00000000,0,0,0,0x00000000,0x00000000,2,0,1,0,1
present,7404,246767707,0x00000000,0,0,0,0x00000000,0x00000000,2,0,1,0,1
present,7405,246808480,0x00000000,0,0,0,0x00000000,0x00000000,2,0,1,0,1
present,7406,246834381,0x00000000,0,0,0,0x00000000,0x00000000,2,0,1,0,1
present,7407,246870972,0x00000000,0,0,0,0x00000000,0x00000000,2,0,1,0,1
present,7408,246900585,0x00000000,0,0,0,0x00000000,0x00000000,2,0,1,0,1
present,7409,246934888,0x00000000,0,0,0,0x00000000,0x00000000,2,0,1,0,1
present,7410,246970893,0x00000000,0,0,0,0x00000000,0x00000000,2,0,1,0,1
present,7411,247000908,0x00000000,0,0,0,0x00000000,0x00000000,3,0,1,0,1
present,7412,247038127,0x00000000,0,0,0,0x00000000,0x00000000,3,0,1,0,1
present,7413,247071134,0x00000000,0,0,0,0x00000000,0x00000000,3,0,1,0,1
present,7414,247100701,0x00000000,0,0,0,0x00000000,0x00000000,3,0,1,0,1
present,7415,247134382,0x00000000,0,0,0,0x00000000,0x00000000,3,0,1,0,1
present,7416,247171290,0x00000000,0,0,0,0x00000000,0x00000000,3,0,1,0,1
present,7417,247201944,0x00000000,0,0,0,0x00000000,0x00000000,3,0,1,0,1
present,7418,247238476,0x00000000,0,0,0,0x00000000,0x00000000,3,0,1,0,1
present,7419,247270453,0x00000000,0,0,0,0x00000000,0x00000000,3,0,1,0,1
present,7420,247304435,0x00000000,0,0,0,0x00000000,0x00000000,3,0,1,0,1
present,7421,247337418,0x00000000,0,0,0,0x00000000,0x00000000,3,0,1,0,1
present,7422,247368954,0x00000000,0,0,0,0x00000000,0x00000000,3,0,1,0,1
present,7423,247403803,0x00000000,0,0,0,0x00000000,0x00000000,3,0,1,0,1
present,7424,247436442,0x00000000,0,0,0,0x00000000,0x00000000,3,0,1,0,1
present,7425,247470415,0x00000000,0,0,0,0x00000000,0x00000000,3,0,1,0,1
present,7426,247503407,0x00000000,0,0,0,0x00000000,0x00000000,3,0,1,0,1
present,7427,247537637,0x00000000,0,0,0,0x00000000,0x00000000,3,0,1,0,1
present,7428,247570620,0x00000000,0,0,0,0x00000000,0x00000000,3,0,1,0,1
present,7429,247600864,0x00000000,0,0,0,0x00000000,0x00000000,3,0,1,0,1
present,7430,247636759,0x00000000,0,0,0,0x00000000,0x00000000,3,0,1,0,1
present,7431,247670634,0x00000000,0,0,0,0x00000000,0x00000000,3,0,1,0,1
present,7432,247704497,0x00000000,0,0,0,0x00000000,0x00000000,3,0,1,0,1
present,7433,247735262,0x00000000,0,0,0,0x00000000,0x00000000,3,0,1,0,1
present,7434,247769266,0x00000000,0,0,0,0x00000000,0x00000000,3,0,1,0,1
present,7435,247810323,0x00000000,0,0,0,0x00000000,0x00000000,3,0,1,0,1
present,7436,247835901,0x00000000,0,0,0,0x00000000,0x00000000,3,0,1,0,1
present,7437,247868778,0x00000000,0,0,0,0x00000000,0x00000000,3,0,1,0,1
present,7438,247900994,0x00000000,0,0,0,0x00000000,0x00000000,3,0,1,0,1
present,7439,247935932,0x00000000,0,0,0,0x00000000,0x00000000,3,0,1,0,1
present,7440,247967364,0x00000000,0,0,0,0x00000000,0x00000000,3,0,1,0,1
present,7441,248004778,0x00000000,0,0,0,0x00000000,0x00000000,0,0,1,0,1
present,7442,248037802,0x00000000,0,0,0,0x00000000,0x00000000,0,0,1,0,1
present,7443,248067415,0x00000000,0,0,0,0x00000000,0x00000000,0,0,1,0,1
present,7444,248101190,0x00000000,0,0,0,0x00000000,0x00000000,0,0,1,0,1
present,7445,248137277,0x00000000,0,0,0,0x00000000,0x00000000,0,0,1,0,1
present,7446,248167264,0x00000000,0,0,0,0x00000000,0x00000000,0,0,1,0,1
present,7447,248200831,0x00000000,0,0,0,0x00000000,0x00000000,0,0,1,0,1
present,7448,248237714,0x00000000,0,0,0,0x00000000,0x00000000,0,0,1,0,1
present,7449,248267190,0x00000000,0,0,0,0x00000000,0x00000000,0,0,1,0,1
present,7450,248301112,0x00000000,0,0,0,0x00000000,0x00000000,0,0,1,0,1
present,7451,248335765,0x00000000,0,0,0,0x00000000,0x00000000,0,0,1,0,1
present,7452,248370650,0x00000000,0,0,0,0x00000000,0x00000000,0,0,1,0,1
present,7453,248401424,0x00000000,0,0,0,0x00000000,0x00000000,0,0,1,0,1
present,7454,248435614,0x00000000,0,0,0,0x00000000,0x00000000,0,0,1,0,1
present,7455,248470446,0x00000000,0,0,0,0x00000000,0x00000000,0,0,1,0,1
present,7456,248503316,0x00000000,0,0,0,0x00000000,0x00000000,0,0,1,0,1
present,7457,248536298,0x00000000,0,0,0,0x00000000,0x00000000,0,0,1,0,1
present,7458,248571238,0x00000000,0,0,0,0x00000000,0x00000000,0,0,1,0,1
present,7459,248601080,0x00000000,0,0,0,0x00000000,0x00000000,0,0,1,0,1
present,7460,248634468,0x00000000,0,0,0,0x00000000,0x00000000,0,0,1,0,1
present,7461,248670501,0x00000000,0,0,0,0x00000000,0x00000000,0,0,1,0,1
present,7462,248700678,0x00000000,0,0,0,0x00000000,0x00000000,0,0,1,0,1
present,7463,248737577,0x00000000,0,0,0,0x00000000,0x00000000,0,0,1,0,1
present,7464,248767444,0x00000000,0,0,0,0x00000000,0x00000000,0,0,1,0,1
present,7465,248810505,0x00000000,0,0,0,0x00000000,0x00000000,0,0,1,0,1
present,7466,248834542,0x00000000,0,0,0,0x00000000,0x00000000,0,0,1,0,1
present,7467,248870519,0x00000000,0,0,0,0x00000000,0x00000000,0,0,1,0,1
present,7468,248904243,0x00000000,0,0,0,0x00000000,0x00000000,0,0,1,0,1
present,7469,248936944,0x00000000,0,0,0,0x00000000,0x00000000,0,0,1,0,1
present,7470,248968978,0x00000000,0,0,0,0x00000000,0x00000000,0,0,1,0,1
present,7471,249000827,0x00000000,0,0,0,0x00000000,0x00000000,1,0,1,0,1
present,7472,249034158,0x00000000,0,0,0,0x00000000,0x00000000,1,0,1,0,1
present,7473,249067265,0x00000000,0,0,0,0x00000000,0x00000000,1,0,1,0,1
present,7474,249100696,0x00000000,0,0,0,0x00000000,0x00000000,1,0,1,0,1
present,7475,249134397,0x00000000,0,0,0,0x00000000,0x00000000,1,0,1,0,1
present,7476,249171360,0x00000000,0,0,0,0x00000000,0x00000000,1,0,1,0,1
present,7477,249201387,0x00000000,0,0,0,0x00000000,0x00000000,1,0,1,0,1
present,7478,249234438,0x00000000,0,0,0,0x00000000,0x00000000,1,0,1,0,1
present,7479,249268017,0x00000000,0,0,0,0x00000000,0x00000000,1,0,1,0,1
present,7480,249300250,0x00000000,0,0,0,0x00000000,0x00000000,1,0,1,0,1
present,7481,249337080,0x00000000,0,0,0,0x00000000,0x00000000,1,0,1,0,1
present,7482,249366843,0x00000000,0,0,0,0x00000000,0x00000000,1,0,1,0,1
present,7483,249401511,0x00000000,0,0,0,0x00000000,0x00000000,1,0,1,0,1
present,7484,249437386,0x00000000,0,0,0,0x00000000,0x00000000,1,0,1,0,1
present,7485,249470126,0x00000000,0,0,0,0x00000000,0x00000000,1,0,1,0,1
present,7486,249501026,0x00000000,0,0,0,0x00000000,0x00000000,1,0,1,0,1
present,7487,249536613,0x00000000,0,0,0,0x00000000,0x00000000,1,0,1,0,1
present,7488,249570042,0x00000000,0,0,0,0x00000000,0x00000000,1,0,1,0,1
present,7489,249603967,0x00000000,0,0,0,0x00000000,0x00000000,1,0,1,0,1
present,7490,249634621,0x00000000,0,0,0,0x00000000,0x00000000,1,0,1,0,1
present,7491,249667931,0x00000000,0,0,0,0x00000000,0x00000000,1,0,1,0,1
present,7492,249703789,0x00000000,0,0,0,0x00000000,0x00000000,1,0,1,0,1
present,7493,249734249,0x00000000,0,0,0,0x00000000,0x00000000,1,0,1,0,1
present,7494,249767227,0x00000000,0,0,0,0x00000000,0x00000000,1,0,1,0,1
present,7495,249816276,0x00000000,0,0,0,0x00000000,0x00000000,1,0,1,0,1
present,7496,249835364,0x00000000,0,0,0,0x00000000,0x00000000,1,0,1,0,1
present,7497,249871325,0x00000000,0,0,0,0x00000000,0x00000000,1,0,1,0,1
present,7498,249904419,0x00000000,0,0,0,0x00000000,0x00000000,1,0,1,0,1
present,7499,249934370,0x00000000,0,0,0,0x00000000,0x00000000,1,0,1,0,1
present,7500,249970508,0x00000000,0,0,0,0x00000000,0x00000000,1,0,1,0,1
present,7501,250004571,0x00000000,0,0,0,0x00000000,0x00000000,2,0,1,0,1
present,7502,250034679,0x00000000,0,0,0,0x00000000,0x00000000,2,0,1,0,1
present,7503,250067501,0x00000000,0,0,0,0x00000000,0x00000000,2,0,1,0,1
present,7504,250101248,0x00000000,0,0,0,0x00000000,0x00000000,2,0,1,0,1
present,7505,250137126,0x00000000,0,0,0,0x00000000,0x00000000,2,0,1,0,1
present,7506,250171227,0x00000000,0,0,0,0x00000000,0x00000000,2,0,1,0,1
present,7507,250200856,0x00000000,0,0,0,0x00000000,0x00000000,2,0,1,0,1
present,7508,250234229,0x00000000,0,0,0,0x00000000,0x00000000,2,0,1,0,1
present,7509,250271205,0x00000000,0,0,0,0x00000000,0x00000000,2,0,1,0,1
present,7510,250301593,0x00000000,0,0,0,0x00000000,0x00000000,2,0,1,0,1
present,7511,250334330,0x00000000,0,0,0,0x00000000,0x00000000,2,0,1,0,1
present,7512,250367726,0x00000000,0,0,0,0x00000000,0x00000000,2,0,1,0,1
present,7513,250400568,0x00000000,0,0,0,0x00000000,0x00000000,2,0,1,0,1
present,7514,250433954,0x00000000,0,0,0,0x00000000,0x00000000,2,0,1,0,1
present,7515,250467359,0x00000000,0,0,0,0x00000000,0x00000000,2,0,1,0,1
present,7516,250504681,0x00000000,0,0,0,0x00000000,0x00000000,2,0,1,0,1
present,7517,250537049,0x00000000,0,0,0,0x00000000,0x00000000,2,0,1,0,1
present,7518,250569218,0x00000000,0,0,0,0x00000000,0x00000000,2,0,1,0,1
present,7519,250604258,0x00000000,0,0,0,0x00000000,0x00000000,2,0,1,0,1
present,7520,250635121,0x00000000,0,0,0,0x00000000,0x00000000,2,0,1,0,1
present,7521,250667432,0x00000000,0,0,0,0x00000000,0x00000000,2,0,1,0,1
present,7522,250704396,0x00000000,0,0,0,0x00000000,0x00000000,2,0,1,0,1
present,7523,250737297,0x00000000,0,0,0,0x00000000,0x00000000,2,0,1,0,1
present,7524,250771452,0x00000000,0,0,0,0x00000000,0x00000000,2,0,1,0,1
present,7525,250803970,0x00000000,0,0,0,0x00000000,0x00000000,2,0,1,0,1
present,7526,250835738,0x00000000,0,0,0,0x00000000,0x00000000,2,0,1,0,1
present,7527,250869873,0x00000000,0,0,0,0x00000000,0x00000000,2,0,1,0,1
present,7528,250903960,0x00000000,0,0,0,0x00000000,0x00000000,2,0,1,0,1
present,7529,250937910,0x00000000,0,0,0,0x00000000,0x00000000,2,0,1,0,1
present,7530,250967636,0x00000000,0,0,0,0x00000000,0x00000000,2,0,1,0,1
present,7531,251004557,0x00000000,0,0,0,0x00000000,0x00000000,3,0,1,0,1
present,7532,251036273,0x00000000,0,0,0,0x00000000,0x00000000,3,0,1,0,1
present,7533,251070970,0x00000000,0,0,0,0x00000000,0x00000000,3,0,1,0,1
present,7534,251103884,0x00000000,0,0,0,0x00000000,0x00000000,3,0,1,0,1
present,7535,251136969,0x00000000,0,0,0,0x00000000,0x00000000,3,0,1,0,1
present,7536,251167490,0x00000000,0,0,0,0x00000000,0x00000000,3,0,1,0,1
present,7537,251204461,0x00000000,0,0,0,0x00000000,0x00000000,3,0,1,0,1
present,7538,251237462,0x00000000,0,0,0,0x00000000,0x00000000,3,0,1,0,1
present,7539,251270566,0x00000000,0,0,0,0x00000000,0x00000000,3,0,1,0,1
present,7540,251300552,0x00000000,0,0,0,0x00000000,0x00000000,3,0,1,0,1
present,7541,251337498,0x00000000,0,0,0,0x00000000,0x00000000,3,0,1,0,1
present,7542,251368593,0x00000000,0,0,0,0x00000000,0x00000000,3,0,1,0,1
present,7543,251404391,0x00000000,0,0,0,0x00000000,0x00000000,3,0,1,0,1
present,7544,251433942,0x00000000,0,0,0,0x00000000,0x00000000,3,0,1,0,1
present,7545,251467746,0x00000000,0,0,0,0x00000000,0x00000000,3,0,1,0,1
present,7546,251500677,0x00000000,0,0,0,0x00000000,0x00000000,3,0,1,0,1
present,7547,251534554,0x00000000,0,0,0,0x00000000,0x00000000,3,0,1,0,1
present,7548,251567521,0x00000000,0,0,0,0x00000000,0x00000000,3,0,1,0,1
present,7549,251602593,0x00000000,0,0,0,0x00000000,0x00000000,3,0,1,0,1
present,7550,251637792,0x00000000,0,0,0,0x00000000,0x00000000,3,0,1,0,1
present,7551,251669330,0x00000000,0,0,0,0x00000000,0x00000000,3,0,1,0,1
present,7552,251700530,0x00000000,0,0,0,0x00000000,0x00000000,3,0,1,0,1
present,7553,251737719,0x00000000,0,0,0,0x00000000,0x00000000,3,0,1,0,1
present,7554,251768234,0x00000000,0,0,0,0x00000000,0x00000000,3,0,1,0,1
present,7555,251804480,0x00000000,0,0,0,0x00000000,0x00000000,3,0,1,0,1
present,7556,251834663,0x00000000,0,0,0,0x00000000,0x00000000,3,0,1,0,1
present,7557,251870944,0x00000000,0,0,0,0x00000000,0x00000000,3,0,1,0,1
present,7558,251904010,0x00000000,0,0,0,0x00000000,0x00000000,3,0,1,0,1
present,7559,251936035,0x00000000,0,0,0,0x00000000,0x00000000,3,0,1,0,1
present,7560,251967449,0x00000000,0,0,0,0x00000000,0x00000000,3,0,1,0,1
present,7561,252001354,0x00000000,0,0,0,0x00000000,0x00000000,0,0,1,0,1
present,7562,252037143,0x00000000,0,0,0,0x00000000,0x00000000,0,0,1,0,1
present,7563,252069904,0x00000000,0,0,0,0x00000000,0x00000000,0,0,1,0,1
present,7564,252100997,0x00000000,0,0,0,0x00000000,0x00000000,0,0,1,0,1
present,7565,252137408,0x00000000,0,0,0,0x00000000,0x00000000,0,0,1,0,1
present,7566,252167341,0x00000000,0,0,0,0x00000000,0x00000000,0,0,1,0,1
present,7567,252201103,0x00000000,0,0,0,0x00000000,0x00000000,0,0,1,0,1
present,7568,252237047,0x00000000,0,0,0,0x00000000,0x00000000,0,0,1,0,1
present,7569,252267466,0x00000000,0,0,0,0x00000000,0x00000000,0,0,1,0,1
present,7570,252304335,0x00000000,0,0,0,0x00000000,0x00000000,0,0,1,0,1
present,7571,252335207,0x00000000,0,0,0,0x00000000,0x00000000,0,0,1,0,1
present,7572,252367533,0x00000000,0,0,0,0x00000000,0x00000000,0,0,1,0,1
present,7573,252400642,0x00000000,0,0,0,0x00000000,0x00000000,0,0,1,0,1
present,7574,252437516,0x00000000,0,0,0,0x00000000,0x00000000,0,0,1,0,1
present,7575,252467643,0x00000000,0,0,0,0x00000000,0x00000000,0,0,1,0,1
present,7576,252504563,0x00000000,0,0,0,0x00000000,0x00000000,0,0,1,0,1
present,7577,252537531,0x00000000,0,0,0,0x00000000,0x00000000,0,0,1,0,1
present,7578,252567325,0x00000000,0,0,0,0x00000000,0x00000000,0,0,1,0,1
present,7579,252601132,0x00000000,0,0,0,0x00000000,0x00000000,0,0,1,0,1
present,7580,252637525,0x00000000,0,0,0,0x00000000,0x00000000,0,0,1,0,1
present,7581,252667231,0x00000000,0,0,0,0x00000000,0x00000000,0,0,1,0,1
present,7582,252704389,0x00000000,0,0,0,0x00000000,0x00000000,0,0,1,0,1
present,7583,252737641,0x00000000,0,0,0,0x00000000,0x00000000,0,0,1,0,1
present,7584,252770171,0x00000000,0,0,0,0x00000000,0x00000000,0,0,1,0,1
present,7585,252808753,0x00000000,0,0,0,0x00000000,0x00000000,0,0,1,0,1
present,7586,252835373,0x00000000,0,0,0,0x00000000,0x00000000,0,0,1,0,1
present,7587,252868215,0x00000000,0,0,0,0x00000000,0x00000000,0,0,1,0,1
present,7588,252904064,0x00000000,0,0,0,0x00000000,0x00000000,0,0,1,0,1
present,7589,252937505,0x00000000,0,0,0,0x00000000,0x00000000,0,0,1,0,1
present,7590,252971213,0x00000000,0,0,0,0x00000000,0x00000000,0,0,1,0,1
present,7591,253000873,0x00000000,0,0,0,0x00000000,0x00000000,1,0,1,0,1
present,7592,253034816,0x00000000,0,0,0,0x00000000,0x00000000,1,0,1,0,1
present,7593,253067192,0x00000000,0,0,0,0x00000000,0x00000000,1,0,1,0,1
present,7594,253101063,0x00000000,0,0,0,0x00000000,0x00000000,1,0,1,0,1
present,7595,253134514,0x00000000,0,0,0,0x00000000,0x00000000,1,0,1,0,1
present,7596,253170519,0x00000000,0,0,0,0x00000000,0x00000000,1,0,1,0,1
present,7597,253201339,0x00000000,0,0,0,0x00000000,0x00000000,1,0,1,0,1
present,7598,253233908,0x00000000,0,0,0,0x00000000,0x00000000,1,0,1,0,1
present,7599,253269985,0x00000000,0,0,0,0x00000000,0x00000000,1,0,1,0,1
present,7600,253303415,0x00000000,0,0,0,0x00000000,0x00000000,1,0,1,0,1
present,7601,253334550,0x00000000,0,0,0,0x00000000,0x00000000,1,0,1,0,1
present,7602,253366889,0x00000000,0,0,0,0x00000000,0x00000000,1,0,1,0,1
present,7603,253404370,0x00000000,0,0,0,0x00000000,0x00000000,1,0,1,0,1
present,7604,253437078,0x00000000,0,0,0,0x00000000,0x00000000,1,0,1,0,1
present,7605,253470949,0x00000000,0,0,0,0x00000000,0x00000000,1,0,1,0,1
present,7606,253502315,0x00000000,0,0,0,0x00000000,0x00000000,1,0,1,0,1
present,7607,253536425,0x00000000,0,0,0,0x00000000,0x00000000,1,0,1,0,1
present,7608,253566964,0x00000000,0,0,0,0x00000000,0x00000000,1,0,1,0,1
present,7609,253603741,0x00000000,0,0,0,0x00000000,0x00000000,1,0,1,0,1
present,7610,253633560,0x00000000,0,0,0,0x00000000,0x00000000,1,0,1,0,1
present,7611,253671474,0x00000000,0,0,0,0x00000000,0x00000000,1,0,1,0,1
present,7612,253703911,0x00000000,0,0,0,0x00000000,0x00000000,1,0,1,0,1
present,7613,253738259,0x00000000,0,0,0,0x00000000,0x00000000,1,0,1,0,1
present,7614,253767919,0x00000000,0,0,0,0x00000000,0x00000000,1,0,1,0,1
present,7615,253804481,0x00000000,0,0,0,0x00000000,0x00000000,1,0,1,0,1
present,7616,253837423,0x00000000,0,0,0,0x00000000,0x00000000,1,0,1,0,1
present,7617,253870259,0x00000000,0,0,0,0x00000000,0x00000000,1,0,1,0,1
present,7618,253903698,0x00000000,0,0,0,0x00000000,0x00000000,1,0,1,0,1
present,7619,253937377,0x00000000,0,0,0,0x00000000,0x00000000,1,0,1,0,1
present,7620,253971189,0x00000000,0,0,0,0x00000000,0x00000000,1,0,1,0,1
present,7621,254000762,0x00000000,0,0,0,0x00000000,0x00000000,2,0,1,0,1
present,7622,254035634,0x00000000,0,0,0,0x00000000,0x00000000,2,0,1,0,1
present,7623,254070555,0x00000000,0,0,0,0x00000000,0x00000000,2,0,1,0,1
present,7624,254100627,0x00000000,0,0,0,0x00000000,0x00000000,2,0,1,0,1
present,7625,254133897,0x00000000,0,0,0,0x00000000,0x00000000,2,0,1,0,1
present,7626,254167849,0x00000000,0,0,0,0x00000000,0x00000000,2,0,1,0,1
present,7627,254203989,0x00000000,0,0,0,0x00000000,0x00000000,2,0,1,0,1
present,7628,254238393,0x00000000,0,0,0,0x00000000,0x00000000,2,0,1,0,1
present,7629,254271959,0x00000000,0,0,0,0x00000000,0x00000000,2,0,1,0,1
present,7630,254304491,0x00000000,0,0,0,0x00000000,0x00000000,2,0,1,0,1
present,7631,254337485,0x00000000,0,0,0,0x00000000,0x00000000,2,0,1,0,1
present,7632,254370548,0x00000000,0,0,0,0x00000000,0x00000000,2,0,1,0,1
present,7633,254404560,0x00000000,0,0,0,0x00000000,0x00000000,2,0,1,0,1
present,7634,254437591,0x00000000,0,0,0,0x00000000,0x00000000,2,0,1,0,1
present,7635,254469161,0x00000000,0,0,0,0x00000000,0x00000000,2,0,1,0,1
present,7636,254502097,0x00000000,0,0,0,0x00000000,0x00000000,2,0,1,0,1
present,7637,254534363,0x00000000,0,0,0,0x00000000,0x00000000,2,0,1,0,1
present,7638,254569648,0x00000000,0,0,0,0x00000000,0x00000000,2,0,1,0,1
present,7639,254603036,0x00000000,0,0,0,0x00000000,0x00000000,2,0,1,0,1
present,7640,254635837,0x00000000,0,0,0,0x00000000,0x00000000,2,0,1,0,1
present,7641,254667916,0x00000000,0,0,0,0x00000000,0x00000000,2,0,1,0,1
present,7642,254701567,0x00000000,0,0,0,0x00000000,0x00000000,2,0,1,0,1
present,7643,254737862,0x00000000,0,0,0,0x00000000,0x00000000,2,0,1,0,1
present,7644,254771019,0x00000000,0,0,0,0x00000000,0x00000000,2,0,1,0,1
present,7645,254810088,0x00000000,0,0,0,0x00000000,0x00000000,2,0,1,0,1
present,7646,254835336,0x00000000,0,0,0,0x00000000,0x00000000,2,0,1,0,1
present,7647,254867565,0x00000000,0,0,0,0x00000000,0x00000000,2,0,1,0,1
present,7648,254904472,0x00000000,0,0,0,0x00000000,0x00000000,2,0,1,0,1
present,7649,254937735,0x00000000,0,0,0,0x00000000,0x00000000,2,0,1,0,1
present,7650,254970858,0x00000000,0,0,0,0x00000000,0x00000000,2,0,1,0,1
present,7651,255003883,0x00000000,0,0,0,0x00000000,0x00000000,3,0,1,0,1
present,7652,255038119,0x00000000,0,0,0,0x00000000,0x00000000,3,0,1,0,1
present,7653,255071354,0x00000000,0,0,0,0x00000000,0x00000000,3,0,1,0,1
present,7654,255100725,0x00000000,0,0,0,0x00000000,0x00000000,3,0,1,0,1
present,7655,255138153,0x00000000,0,0,0,0x00000000,0x00000000,3,0,1,0,1
present,7656,255170952,0x00000000,0,0,0,0x00000000,0x00000000,3,0,1,0,1
present,7657,255203829,0x00000000,0,0,0,0x00000000,0x00000000,3,0,1,0,1
present,7658,255237748,0x00000000,0,0,0,0x00000000,0x00000000,3,0,1,0,1
present,7659,255270032,0x00000000,0,0,0,0x00000000,0x00000000,3,0,1,0,1
present,7660,255304147,0x00000000,0,0,0,0x00000000,0x00000000,3,0,1,0,1
present,7661,255337692,0x00000000,0,0,0,0x00000000,0x00000000,3,0,1,0,1
present,7662,255366878,0x00000000,0,0,0,0x00000000,0x00000000,3,0,1,0,1
present,7663,255401949,0x00000000,0,0,0,0x00000000,0x00000000,3,0,1,0,1
present,7664,255433947,0x00000000,0,0,0,0x00000000,0x00000000,3,0,1,0,1
present,7665,255467729,0x00000000,0,0,0,0x00000000,0x00000000,3,0,1,0,1
present,7666,255504010,0x00000000,0,0,0,0x00000000,0x00000000,3,0,1,0,1
present,7667,255533928,0x00000000,0,0,0,0x00000000,0x00000000,3,0,1,0,1
present,7668,255571145,0x00000000,0,0,0,0x00000000,0x00000000,3,0,1,0,1
present,7669,255603647,0x00000000,0,0,0,0x00000000,0x00000000,3,0,1,0,1
present,7670,255637629,0x00000000,0,0,0,0x00000000,0x00000000,3,0,1,0,1
present,7671,255668763,0x00000000,0,0,0,0x00000000,0x00000000,3,0,1,0,1
present,7672,255703745,0x00000000,0,0,0,0x00000000,0x00000000,3,0,1,0,1
present,7673,255735139,0x00000000,0,0,0,0x00000000,0x00000000,3,0,1,0,1
present,7674,255769313,0x00000000,0,0,0,0x00000000,0x00000000,3,0,1,0,1
present,7675,255810892,0x00000000,0,0,0,0x00000000,0x00000000,3,0,1,0,1
present,7676,255834729,0x00000000,0,0,0,0x00000000,0x00000000,3,0,1,0,1
present,7677,255868730,0x00000000,0,0,0,0x00000000,0x00000000,3,0,1,0,1
present,7678,255902294,0x00000000,0,0,0,0x00000000,0x00000000,3,0,1,0,1
present,7679,255937241,0x00000000,0,0,0,0x00000000,0x00000000,3,0,1,0,1
present,7680,255967669,0x00000000,0,0,0,0x00000000,0x00000000,3,0,1,0,1
present,7681,256000721,0x00000000,0,0,0,0x00000000,0x00000000,0,0,1,0,1
present,7682,256037907,0x00000000,0,0,0,0x00000000,0x00000000,0,0,1,0,1
present,7683,256068276,0x00000000,0,0,0,0x00000000,0x00000000,0,0,1,0,1
present,7684,256104334,0x00000000,0,0,0,0x00000000,0x00000000,0,0,1,0,1
present,7685,256137462,0x00000000,0,0,0,0x00000000,0x00000000,0,0,1,0,1
present,7686,256170396,0x00000000,0,0,0,0x00000000,0x00000000,0,0,1,0,1
present,7687,256202125,0x00000000,0,0,0,0x00000000,0x00000000,0,0,1,0,1
present,7688,256237062,0x00000000,0,0,0,0x00000000,0x00000000,0,0,1,0,1
present,7689,256268520,0x00000000,0,0,0,0x00000000,0x00000000,0,0,1,0,1
present,7690,256301037,0x00000000,0,0,0,0x00000000,0x00000000,0,0,1,0,1
present,7691,256337034,0x00000000,0,0,0,0x00000000,0x00000000,0,0,1,0,1
present,7692,256370752,0x00000000,0,0,0,0x00000000,0x00000000,0,0,1,0,1
present,7693,256404416,0x00000000,0,0,0,0x00000000,0x00000000,0,0,1,0,1
present,7694,256434691,0x00000000,0,0,0,0x00000000,0x00000000,0,0,1,0,1
present,7695,256469149,0x00000000,0,0,0,0x00000000,0x00000000,0,0,1,0,1
present,7696,256500699,0x00000000,0,0,0,0x00000000,0x00000000,0,0,1,0,1
present,7697,256535838,0x00000000,0,0,0,0x00000000,0x00000000,0,0,1,0,1
present,7698,256571254,0x00000000,0,0,0,0x00000000,0x00000000,0,0,1,0,1
present,7699,256600854,0x00000000,0,0,0,0x00000000,0x00000000,0,0,1,0,1
present,7700,256634314,0x00000000,0,0,0,0x00000000,0x00000000,0,0,1,0,1
present,7701,256670331,0x00000000,0,0,0,0x00000000,0x00000000,0,0,1,0,1
present,7702,256702471,0x00000000,0,0,0,0x00000000,0x00000000,0,0,1,0,1
present,7703,256734069,0x00000000,0,0,0,0x00000000,0x00000000,0,0,1,0,1
present,7704,256771001,0x00000000,0,0,0,0x00000000,0x00000000,0,0,1,0,1
present,7705,256810916,0x00000000,0,0,0,0x00000000,0x00000000,0,0,1,0,1
present,7706,256838159,0x00000000,0,0,0,0x00000000,0x00000000,0,0,1,0,1
present,7707,256867441,0x00000000,0,0,0,0x00000000,0x00000000,0,0,1,0,1
present,7708,256903997,0x00000000,0,0,0,0x00000000,0x00000000,0,0,1,0,1
present,7709,256937353,0x00000000,0,0,0,0x00000000,0x00000000,0,0,1,0,1
present,7710,256971048,0x00000000,0,0,0,0x00000000,0x00000000,0,0,1,0,1
present,7711,257000196,0x00000000,0,0,0,0x00000000,0x00000000,1,0,1,0,1
present,7712,257035574,0x00000000,0,0,0,0x00000000,0x00000000,1,0,1,0,1
present,7713,257070501,0x00000000,0,0,0,0x00000000,0x00000000,1,0,1,0,1
present,7714,257104411,0x00000000,0,0,0,0x00000000,0x00000000,1,0,1,0,1
present,7715,257137473,0x00000000,0,0,0,0x00000000,0x00000000,1,0,1,0,1
present,7716,257172057,0x00000000,0,0,0,0x00000000,0x00000000,1,0,1,0,1
present,7717,257204065,0x00000000,0,0,0,0x00000000,0x00000000,1,0,1,0,1
present,7718,257237969,0x00000000,0,0,0,0x00000000,0x00000000,1,0,1,0,1
present,7719,257270823,0x00000000,0,0,0,0x00000000,0x00000000,1,0,1,0,1
present,7720,257301695,0x00000000,0,0,0,0x00000000,0x00000000,1,0,1,0,1
present,7721,257337625,0x00000000,0,0,0,0x00000000,0x00000000,1,0,1,0,1
present,7722,257369859,0x00000000,0,0,0,0x00000000,0x00000000,1,0,1,0,1
present,7723,257404573,0x00000000,0,0,0,0x00000000,0x00000000,1,0,1,0,1
present,7724,257434382,0x00000000,0,0,0,0x00000000,0x00000000,1,0,1,0,1
present,7725,257467963,0x00000000,0,0,0,0x00000000,0x00000000,1,0,1,0,1
present,7726,257500802,0x00000000,0,0,0,0x00000000,0x00000000,1,0,1,0,1
present,7727,257537681,0x00000000,0,0,0,0x00000000,0x00000000,1,0,1,0,1
present,7728,257567174,0x00000000,0,0,0,0x00000000,0x00000000,1,0,1,0,1
present,7729,257603946,0x00000000,0,0,0,0x00000000,0x00000000,1,0,1,0,1
present,7730,257634520,0x00000000,0,0,0,0x00000000,0x00000000,1,0,1,0,1
present,7731,257667481,0x00000000,0,0,0,0x00000000,0x00000000,1,0,1,0,1
present,7732,257704242,0x00000000,0,0,0,0x00000000,0x00000000,1,0,1,0,1
present,7733,257737083,0x00000000,0,0,0,0x00000000,0x00000000,1,0,1,0,1
present,7734,257770931,0x00000000,0,0,0,0x00000000,0x00000000,1,0,1,0,1
present,7735,257804735,0x00000000,0,0,0,0x00000000,0x00000000,1,0,1,0,1
present,7736,257836064,0x00000000,0,0,0,0x00000000,0x00000000,1,0,1,0,1
present,7737,257870590,0x00000000,0,0,0,0x00000000,0x00000000,1,0,1,0,1
present,7738,257900477,0x00000000,0,0,0,0x00000000,0x00000000,1,0,1,0,1
present,7739,257937164,0x00000000,0,0,0,0x00000000,0x00000000,1,0,1,0,1
present,7740,257970930,0x00000000,0,0,0,0x00000000,0x00000000,1,0,1,0,1
present,7741,258003801,0x00000000,0,0,0,0x00000000,0x00000000,2,0,1,0,1
present,7742,258034088,0x00000000,0,0,0,0x00000000,0x00000000,2,0,1,0,1
present,7743,258067766,0x00000000,0,0,0,0x00000000,0x00000000,2,0,1,0,1
present,7744,258103915,0x00000000,0,0,0,0x00000000,0x00000000,2,0,1,0,1
present,7745,258137159,0x00000000,0,0,0,0x00000000,0x00000000,2,0,1,0,1
present,7746,258167388,0x00000000,0,0,0,0x00000000,0x00000000,2,0,1,0,1
present,7747,258204491,0x00000000,0,0,0,0x00000000,0x00000000,2,0,1,0,1
present,7748,258238493,0x00000000,0,0,0,0x00000000,0x00000000,2,0,1,0,1
present,7749,258270425,0x00000000,0,0,0,0x00000000,0x00000000,2,0,1,0,1
present,7750,258304333,0x00000000,0,0,0,0x00000000,0x00000000,2,0,1,0,1
present,7751,258334393,0x00000000,0,0,0,0x00000000,0x00000000,2,0,1,0,1
present,7752,258371312,0x00000000,0,0,0,0x00000000,0x00000000,2,0,1,0,1
present,7753,258403235,0x00000000,0,0,0,0x00000000,0x00000000,2,0,1,0,1
present,7754,258437092,0x00000000,0,0,0,0x00000000,0x00000000,2,0,1,0,1
present,7755,258470960,0x00000000,0,0,0,0x00000000,0x00000000,2,0,1,0,1
present,7756,258503837,0x00000000,0,0,0,0x00000000,0x00000000,2,0,1,0,1
present,7757,258537717,0x00000000,0,0,0,0x00000000,0x00000000,2,0,1,0,1
present,7758,258570684,0x00000000,0,0,0,0x00000000,0x00000000,2,0,1,0,1
present,7759,258604590,0x00000000,0,0,0,0x00000000,0x00000000,2,0,1,0,1
present,7760,258636921,0x00000000,0,0,0,0x00000000,0x00000000,2,0,1,0,1
present,7761,258670402,0x00000000,0,0,0,0x00000000,0x00000000,2,0,1,0,1
present,7762,258704383,0x00000000,0,0,0,0x00000000,0x00000000,2,0,1,0,1
present,7763,258737245,0x00000000,0,0,0,0x00000000,0x00000000,2,0,1,0,1
present,7764,258769043,0x00000000,0,0,0,0x00000000,0x00000000,2,0,1,0,1
present,7765,258804300,0x00000000,0,0,0,0x00000000,0x00000000,2,0,1,0,1
present,7766,258835595,0x00000000,0,0,0,0x00000000,0x00000000,2,0,1,0,1
present,7767,258867670,0x00000000,0,0,0,0x00000000,0x00000000,2,0,1,0,1
present,7768,258900733,0x00000000,0,0,0,0x00000000,0x00000000,2,0,1,0,1
present,7769,258937655,0x00000000,0,0,0,0x00000000,0x00000000,2,0,1,0,1
present,7770,258967813,0x00000000,0,0,0,0x00000000,0x00000000,2,0,1,0,1
present,7771,259001480,0x00000000,0,0,0,0x00000000,0x00000000,3,0,1,0,1
present,7772,259037668,0x00000000,0,0,0,0x00000000,0x00000000,3,0,1,0,1
present,7773,259070602,0x00000000,0,0,0,0x00000000,0x00000000,3,0,1,0,1
present,7774,259102372,0x00000000,0,0,0,0x00000000,0x00000000,3,0,1,0,1
present,7775,259137439,0x00000000,0,0,0,0x00000000,0x00000000,3,0,1,0,1
present,7776,259170325,0x00000000,0,0,0,0x00000000,0x00000000,3,0,1,0,1
present,7777,259202519,0x00000000,0,0,0,0x00000000,0x00000000,3,0,1,0,1
present,7778,259238331,0x00000000,0,0,0,0x00000000,0x00000000,3,0,1,0,1
present,7779,259271215,0x00000000,0,0,0,0x00000000,0x00000000,3,0,1,0,1
present,7780,259301482,0x00000000,0,0,0,0x00000000,0x00000000,3,0,1,0,1
present,7781,259334244,0x00000000,0,0,0,0x00000000,0x00000000,3,0,1,0,1
present,7782,259367644,0x00000000,0,0,0,0x00000000,0x00000000,3,0,1,0,1
present,7783,259403949,0x00000000,0,0,0,0x00000000,0x00000000,3,0,1,0,1
present,7784,259436000,0x00000000,0,0,0,0x00000000,0x00000000,3,0,1,0,1
present,7785,259470883,0x00000000,0,0,0,0x00000000,0x00000000,3,0,1,0,1
present,7786,259501587,0x00000000,0,0,0,0x00000000,0x00000000,3,0,1,0,1
present,7787,259534352,0x00000000,0,0,0,0x00000000,0x00000000,3,0,1,0,1
present,7788,259570497,0x00000000,0,0,0,0x00000000,0x00000000,3,0,1,0,1
present,7789,259603654,0x00000000,0,0,0,0x00000000,0x00000000,3,0,1,0,1
present,7790,259637570,0x00000000,0,0,0,0x00000000,0x00000000,3,0,1,0,1
present,7791,259670570,0x00000000,0,0,0,0x00000000,0x00000000,3,0,1,0,1
present,7792,259702319,0x00000000,0,0,0,0x00000000,0x00000000,3,0,1,0,1
present,7793,259734197,0x00000000,0,0,0,0x00000000,0x00000000,3,0,1,0,1
present,7794,259771287,0x00000000,0,0,0,0x00000000,0x00000000,3,0,1,0,1
present,7795,259812918,0x00000000,0,0,0,0x00000000,0x00000000,3,0,1,0,1
present,7796,259836345,0x00000000,0,0,0,0x00000000,0x00000000,3,0,1,0,1
present,7797,259868206,0x00000000,0,0,0,0x00000000,0x00000000,3,0,1,0,1
present,7798,259902415,0x00000000,0,0,0,0x00000000,0x00000000,3,0,1,0,1
present,7799,259937563,0x00000000,0,0,0,0x00000000,0x00000000,3,0,1,0,1
present,7800,259967610,0x00000000,0,0,0,0x00000000,0x00000000,3,0,1,0,1
present,7801,260003637,0x00000000,0,0,0,0x00000000,0x00000000,0,0,1,0,1
present,7802,260033856,0x00000000,0,0,0,0x00000000,0x00000000,0,0,1,0,1
present,7803,260070787,0x00000000,0,0,0,0x00000000,0x00000000,0,0,1,0,1
present,7804,260103627,0x00000000,0,0,0,0x00000000,0x00000000,0,0,1,0,1
present,7805,260134916,0x00000000,0,0,0,0x00000000,0x00000000,0,0,1,0,1
present,7806,260171118,0x00000000,0,0,0,0x00000000,0x00000000,0,0,1,0,1
present,7807,260204268,0x00000000,0,0,0,0x00000000,0x00000000,0,0,1,0,1
present,7808,260234060,0x00000000,0,0,0,0x00000000,0x00000000,0,0,1,0,1
present,7809,260271033,0x00000000,0,0,0,0x00000000,0x00000000,0,0,1,0,1
present,7810,260303208,0x00000000,0,0,0,0x00000000,0x00000000,0,0,1,0,1
present,7811,260334346,0x00000000,0,0,0,0x00000000,0x00000000,0,0,1,0,1
present,7812,260368169,0x00000000,0,0,0,0x00000000,0x00000000,0,0,1,0,1
present,7813,260401669,0x00000000,0,0,0,0x00000000,0x00000000,0,0,1,0,1
present,7814,260435827,0x00000000,0,0,0,0x00000000,0x00000000,0,0,1,0,1
present,7815,260467309,0x00000000,0,0,0,0x00000000,0x00000000,0,0,1,0,1
present,7816,260504316,0x00000000,0,0,0,0x00000000,0x00000000,0,0,1,0,1
present,7817,260537150,0x00000000,0,0,0,0x00000000,0x00000000,0,0,1,0,1
present,7818,260571107,0x00000000,0,0,0,0x00000000,0x00000000,0,0,1,0,1
present,7819,260604105,0x00000000,0,0,0,0x00000000,0x00000000,0,0,1,0,1
present,7820,260637057,0x00000000,0,0,0,0x00000000,0x00000000,0,0,1,0,1
present,7821,260669416,0x00000000,0,0,0,0x00000000,0x00000000,0,0,1,0,1
present,7822,260703515,0x00000000,0,0,0,0x00000000,0x00000000,0,0,1,0,1
present,7823,260737728,0x00000000,0,0,0,0x00000000,0x00000000,0,0,1,0,1
present,7824,260767390,0x00000000,0,0,0,0x00000000,0x00000000,0,0,1,0,1
present,7825,260811473,0x00000000,0,0,0,0x00000000,0x00000000,0,0,1,0,1
present,7826,260834785,0x00000000,0,0,0,0x00000000,0x00000000,0,0,1,0,1
present,7827,260867477,0x00000000,0,0,0,0x00000000,0x00000000,0,0,1,0,1
present,7828,260900851,0x00000000,0,0,0,0x00000000,0x00000000,0,0,1,0,1
present,7829,260937056,0x00000000,0,0,0,0x00000000,0x00000000,0,0,1,0,1
present,7830,260970491,0x00000000,0,0,0,0x00000000,0x00000000,0,0,1,0,1
present,7831,261004219,0x00000000,0,0,0,0x00000000,0x00000000,1,0,1,0,1
present,7832,261036491,0x00000000,0,0,0,0x00000000,0x00000000,1,0,1,0,1
present,7833,261070299,0x00000000,0,0,0,0x00000000,0x00000000,1,0,1,0,1
present,7834,261101043,0x00000000,0,0,0,0x00000000,0x00000000,1,0,1,0,1
present,7835,261136650,0x00000000,0,0,0,0x00000000,0x00000000,1,0,1,0,1
present,7836,261170362,0x00000000,0,0,0,0x00000000,0x00000000,1,0,1,0,1
present,7837,261204106,0x00000000,0,0,0,0x00000000,0x00000000,1,0,1,0,1
present,7838,261233870,0x00000000,0,0,0,0x00000000,0x00000000,1,0,1,0,1
present,7839,261270640,0x00000000,0,0,0,0x00000000,0x00000000,1,0,1,0,1
present,7840,261300770,0x00000000,0,0,0,0x00000000,0x00000000,1,0,1,0,1
present,7841,261336709,0x00000000,0,0,0,0x00000000,0x00000000,1,0,1,0,1
present,7842,261366910,0x00000000,0,0,0,0x00000000,0x00000000,1,0,1,0,1
present,7843,261403718,0x00000000,0,0,0,0x00000000,0x00000000,1,0,1,0,1
present,7844,261436214,0x00000000,0,0,0,0x00000000,0x00000000,1,0,1,0,1
present,7845,261471065,0x00000000,0,0,0,0x00000000,0x00000000,1,0,1,0,1
present,7846,261503464,0x00000000,0,0,0,0x00000000,0x00000000,1,0,1,0,1
present,7847,261537300,0x00000000,0,0,0,0x00000000,0x00000000,1,0,1,0,1
present,7848,261569033,0x00000000,0,0,0,0x00000000,0x00000000,1,0,1,0,1
present,7849,261604065,0x00000000,0,0,0,0x00000000,0x00000000,1,0,1,0,1
present,7850,261637909,0x00000000,0,0,0,0x00000000,0x00000000,1,0,1,0,1
present,7851,261670758,0x00000000,0,0,0,0x00000000,0x00000000,1,0,1,0,1
present,7852,261703659,0x00000000,0,0,0,0x00000000,0x00000000,1,0,1,0,1
present,7853,261733942,0x00000000,0,0,0,0x00000000,0x00000000,1,0,1,0,1
present,7854,261769442,0x00000000,0,0,0,0x00000000,0x00000000,1,0,1,0,1
present,7855,261807699,0x00000000,0,0,0,0x00000000,0x00000000,1,0,1,0,1
present,7856,261836582,0x00000000,0,0,0,0x00000000,0x00000000,1,0,1,0,1
present,7857,261868922,0x00000000,0,0,0,0x00000000,0x00000000,1,0,1,0,1
present,7858,261902936,0x00000000,0,0,0,0x00000000,0x00000000,1,0,1,0,1
present,7859,261938505,0x00000000,0,0,0,0x00000000,0x00000000,1,0,1,0,1
present,7860,261970807,0x00000000,0,0,0,0x00000000,0x00000000,1,0,1,0,1
present,7861,262004018,0x00000000,0,0,0,0x00000000,0x00000000,2,0,1,0,1
present,7862,262037220,0x00000000,0,0,0,0x00000000,0x00000000,2,0,1,0,1
present,7863,262070417,0x00000000,0,0,0,0x00000000,0x00000000,2,0,1,0,1
present,7864,262103565,0x00000000,0,0,0,0x00000000,0x00000000,2,0,1,0,1
present,7865,262136849,0x00000000,0,0,0,0x00000000,0x00000000,2,0,1,0,1
present,7866,262170561,0x00000000,0,0,0,0x00000000,0x00000000,2,0,1,0,1
present,7867,262204515,0x00000000,0,0,0,0x00000000,0x00000000,2,0,1,0,1
present,7868,262234095,0x00000000,0,0,0,0x00000000,0x00000000,2,0,1,0,1
present,7869,262269117,0x00000000,0,0,0,0x00000000,0x00000000,2,0,1,0,1
present,7870,262300821,0x00000000,0,0,0,0x00000000,0x00000000,2,0,1,0,1
present,7871,262338015,0x00000000,0,0,0,0x00000000,0x00000000,2,0,1,0,1
present,7872,262368508,0x00000000,0,0,0,0x00000000,0x00000000,2,0,1,0,1
present,7873,262404360,0x00000000,0,0,0,0x00000000,0x00000000,2,0,1,0,1
present,7874,262437203,0x00000000,0,0,0,0x00000000,0x00000000,2,0,1,0,1
present,7875,262471355,0x00000000,0,0,0,0x00000000,0x00000000,2,0,1,0,1
present,7876,262504353,0x00000000,0,0,0,0x00000000,0x00000000,2,0,1,0,1
present,7877,262536986,0x00000000,0,0,0,0x00000000,0x00000000,2,0,1,0,1
present,7878,262570913,0x00000000,0,0,0,0x00000000,0x00000000,2,0,1,0,1
present,7879,262603972,0x00000000,0,0,0,0x00000000,0x00000000,2,0,1,0,1
present,7880,262638046,0x00000000,0,0,0,0x00000000,0x00000000,2,0,1,0,1
present,7881,262671050,0x00000000,0,0,0,0x00000000,0x00000000,2,0,1,0,1
present,7882,262701153,0x00000000,0,0,0,0x00000000,0x00000000,2,0,1,0,1
present,7883,262735626,0x00000000,0,0,0,0x00000000,0x00000000,2,0,1,0,1
present,7884,262767715,0x00000000,0,0,0,0x00000000,0x00000000,2,0,1,0,1
present,7885,262811128,0x00000000,0,0,0,0x00000000,0x00000000,2,0,1,0,1
present,7886,262836900,0x00000000,0,0,0,0x00000000,0x00000000,2,0,1,0,1
present,7887,262870682,0x00000000,0,0,0,0x00000000,0x00000000,2,0,1,0,1
present,7888,262901350,0x00000000,0,0,0,0x00000000,0x00000000,2,0,1,0,1
present,7889,262937194,0x00000000,0,0,0,0x00000000,0x00000000,2,0,1,0,1
present,7890,262968632,0x00000000,0,0,0,0x00000000,0x00000000,2,0,1,0,1
present,7891,263001071,0x00000000,0,0,0,0x00000000,0x00000000,3,0,1,0,1
present,7892,263037046,0x00000000,0,0,0,0x00000000,0x00000000,3,0,1,0,1
present,7893,263071071,0x00000000,0,0,0,0x00000000,0x00000000,3,0,1,0,1
present,7894,263104489,0x00000000,0,0,0,0x00000000,0x00000000,3,0,1,0,1
present,7895,263137478,0x00000000,0,0,0,0x00000000,0x00000000,3,0,1,0,1
present,7896,263167221,0x00000000,0,0,0,0x00000000,0x00000000,3,0,1,0,1
present,7897,263200798,0x00000000,0,0,0,0x00000000,0x00000000,3,0,1,0,1
present,7898,263236467,0x00000000,0,0,0,0x00000000,0x00000000,3,0,1,0,1
present,7899,263270063,0x00000000,0,0,0,0x00000000,0x00000000,3,0,1,0,1
present,7900,263304278,0x00000000,0,0,0,0x00000000,0x00000000,3,0,1,0,1
present,7901,263335509,0x00000000,0,0,0,0x00000000,0x00000000,3,0,1,0,1
present,7902,263369963,0x00000000,0,0,0,0x00000000,0x00000000,3,0,1,0,1
present,7903,263403852,0x00000000,0,0,0,0x00000000,0x00000000,3,0,1,0,1
present,7904,263433988,0x00000000,0,0,0,0x00000000,0x00000000,3,0,1,0,1
present,7905,263470954,0x00000000,0,0,0,0x00000000,0x00000000,3,0,1,0,1
present,7906,263503165,0x00000000,0,0,0,0x00000000,0x00000000,3,0,1,0,1
present,7907,263537175,0x00000000,0,0,0,0x00000000,0x00000000,3,0,1,0,1
present,7908,263567322,0x00000000,0,0,0,0x00000000,0x00000000,3,0,1,0,1
present,7909,263601556,0x00000000,0,0,0,0x00000000,0x00000000,3,0,1,0,1
present,7910,263636543,0x00000000,0,0,0,0x00000000,0x00000000,3,0,1,0,1
present,7911,263670388,0x00000000,0,0,0,0x00000000,0x00000000,3,0,1,0,1
present,7912,263700787,0x00000000,0,0,0,0x00000000,0x00000000,3,0,1,0,1
present,7913,263738334,0x00000000,0,0,0,0x00000000,0x00000000,3,0,1,0,1
present,7914,263767709,0x00000000,0,0,0,0x00000000,0x00000000,3,0,1,0,1
present,7915,263805537,0x00000000,0,0,0,0x00000000,0x00000000,3,0,1,0,1
present,7916,263835379,0x00000000,0,0,0,0x00000000,0x00000000,3,0,1,0,1
present,7917,263867267,0x00000000,0,0,0,0x00000000,0x00000000,3,0,1,0,1
present,7918,263902142,0x00000000,0,0,0,0x00000000,0x00000000,3,0,1,0,1
present,7919,263937282,0x00000000,0,0,0,0x00000000,0x00000000,3,0,1,0,1
present,7920,263967685,0x00000000,0,0,0,0x00000000,0x00000000,3,0,1,0,1
present,7921,264001478,0x00000000,0,0,0,0x00000000,0x00000000,0,0,1,0,1
present,7922,264037434,0x00000000,0,0,0,0x00000000,0x00000000,0,0,1,0,1
present,7923,264067207,0x00000000,0,0,0,0x00000000,0x00000000,0,0,1,0,1
present,7924,264104094,0x00000000,0,0,0,0x00000000,0x00000000,0,0,1,0,1
present,7925,264134616,0x00000000,0,0,0,0x00000000,0x00000000,0,0,1,0,1
present,7926,264170505,0x00000000,0,0,0,0x00000000,0x00000000,0,0,1,0,1
present,7927,264200864,0x00000000,0,0,0,0x00000000,0x00000000,0,0,1,0,1
present,7928,264236963,0x00000000,0,0,0,0x00000000,0x00000000,0,0,1,0,1
present,7929,264270820,0x00000000,0,0,0,0x00000000,0x00000000,0,0,1,0,1
present,7930,264303890,0x00000000,0,0,0,0x00000000,0x00000000,0,0,1,0,1
present,7931,264335572,0x00000000,0,0,0,0x00000000,0x00000000,0,0,1,0,1
present,7932,264368957,0x00000000,0,0,0,0x00000000,0x00000000,0,0,1,0,1
present,7933,264403776,0x00000000,0,0,0,0x00000000,0x00000000,0,0,1,0,1
present,7934,264437654,0x00000000,0,0,0,0x00000000,0x00000000,0,0,1,0,1
present,7935,264470772,0x00000000,0,0,0,0x00000000,0x00000000,0,0,1,0,1
present,7936,264503755,0x00000000,0,0,0,0x00000000,0x00000000,0,0,1,0,1
present,7937,264533998,0x00000000,0,0,0,0x00000000,0x00000000,0,0,1,0,1
present,7938,264570934,0x00000000,0,0,0,0x00000000,0x00000000,0,0,1,0,1
present,7939,264603825,0x00000000,0,0,0,0x00000000,0x00000000,0,0,1,0,1
present,7940,264636178,0x00000000,0,0,0,0x00000000,0x00000000,0,0,1,0,1
present,7941,264667622,0x00000000,0,0,0,0x00000000,0x00000000,0,0,1,0,1
present,7942,264704587,0x00000000,0,0,0,0x00000000,0x00000000,0,0,1,0,1
present,7943,264734400,0x00000000,0,0,0,0x00000000,0x00000000,0,0,1,0,1
present,7944,264767874,0x00000000,0,0,0,0x00000000,0x00000000,0,0,1,0,1
present,7945,264814341,0x00000000,0,0,0,0x00000000,0x00000000,0,0,1,0,1
present,7946,264835848,0x00000000,0,0,0,0x00000000,0x00000000,0,0,1,0,1
present,7947,264871451,0x00000000,0,0,0,0x00000000,0x00000000,0,0,1,0,1
present,7948,264904481,0x00000000,0,0,0,0x00000000,0x00000000,0,0,1,0,1
present,7949,264937354,0x00000000,0,0,0,0x00000000,0x00000000,0,0,1,0,1
present,7950,264967430,0x00000000,0,0,0,0x00000000,0x00000000,0,0,1,0,1
present,7951,265004364,0x00000000,0,0,0,0x00000000,0x00000000,1,0,1,0,1
present,7952,265034018,0x00000000,0,0,0,0x00000000,0x00000000,1,0,1,0,1
present,7953,265068834,0x00000000,0,0,0,0x00000000,0x00000000,1,0,1,0,1
present,7954,265100909,0x00000000,0,0,0,0x00000000,0x00000000,1,0,1,0,1
present,7955,265134154,0x00000000,0,0,0,0x00000000,0x00000000,1,0,1,0,1
present,7956,265167570,0x00000000,0,0,0,0x00000000,0x00000000,1,0,1,0,1
present,7957,265204579,0x00000000,0,0,0,0x00000000,0x00000000,1,0,1,0,1
present,7958,265237528,0x00000000,0,0,0,0x00000000,0x00000000,1,0,1,0,1
present,7959,265267842,0x00000000,0,0,0,0x00000000,0x00000000,1,0,1,0,1
present,7960,265300621,0x00000000,0,0,0,0x00000000,0x00000000,1,0,1,0,1
present,7961,265337628,0x00000000,0,0,0,0x00000000,0x00000000,1,0,1,0,1
present,7962,265370241,0x00000000,0,0,0,0x00000000,0x00000000,1,0,1,0,1
present,7963,265403934,0x00000000,0,0,0,0x00000000,0x00000000,1,0,1,0,1
present,7964,265434301,0x00000000,0,0,0,0x00000000,0x00000000,1,0,1,0,1
present,7965,265471190,0x00000000,0,0,0,0x00000000,0x00000000,1,0,1,0,1
present,7966,265501843,0x00000000,0,0,0,0x00000000,0x00000000,1,0,1,0,1
present,7967,265537575,0x00000000,0,0,0,0x00000000,0x00000000,1,0,1,0,1
present,7968,265570400,0x00000000,0,0,0,0x00000000,0x00000000,1,0,1,0,1
present,7969,265602841,0x00000000,0,0,0,0x00000000,0x00000000,1,0,1,0,1
present,7970,265637703,0x00000000,0,0,0,0x00000000,0x00000000,1,0,1,0,1
present,7971,265670643,0x00000000,0,0,0,0x00000000,0x00000000,1,0,1,0,1
present,7972,265702882,0x00000000,0,0,0,0x00000000,0x00000000,1,0,1,0,1
present,7973,265734193,0x00000000,0,0,0,0x00000000,0x00000000,1,0,1,0,1
present,7974,265771060,0x00000000,0,0,0,0x00000000,0x00000000,1,0,1,0,1
present,7975,265808165,0x00000000,0,0,0,0x00000000,0x00000000,1,0,1,0,1
present,7976,265837589,0x00000000,0,0,0,0x00000000,0x00000000,1,0,1,0,1
present,7977,265867240,0x00000000,0,0,0,0x00000000,0x00000000,1,0,1,0,1
present,7978,265904158,0x00000000,0,0,0,0x00000000,0x00000000,1,0,1,0,1
present,7979,265933839,0x00000000,0,0,0,0x00000000,0x00000000,1,0,1,0,1
present,7980,265970694,0x00000000,0,0,0,0x00000000,0x00000000,1,0,1,0,1
present,7981,266003579,0x00000000,0,0,0,0x00000000,0x00000000,2,0,1,0,1
present,7982,266037505,0x00000000,0,0,0,0x00000000,0x00000000,2,0,1,0,1
present,7983,266067525,0x00000000,0,0,0,0x00000000,0x00000000,2,0,1,0,1
present,7984,266104609,0x00000000,0,0,0,0x00000000,0x00000000,2,0,1,0,1
present,7985,266134943,0x00000000,0,0,0,0x00000000,0x00000000,2,0,1,0,1
present,7986,266170985,0x00000000,0,0,0,0x00000000,0x00000000,2,0,1,0,1
present,7987,266201023,0x00000000,0,0,0,0x00000000,0x00000000,2,0,1,0,1
present,7988,266238918,0x00000000,0,0,0,0x00000000,0x00000000,2,0,1,0,1
present,7989,266270836,0x00000000,0,0,0,0x00000000,0x00000000,2,0,1,0,1
present,7990,266301213,0x00000000,0,0,0,0x00000000,0x00000000,2,0,1,0,1
present,7991,266337167,0x00000000,0,0,0,0x00000000,0x00000000,2,0,1,0,1
present,7992,266367992,0x00000000,0,0,0,0x00000000,0x00000000,2,0,1,0,1
present,7993,266403235,0x00000000,0,0,0,0x00000000,0x00000000,2,0,1,0,1
present,7994,266437114,0x00000000,0,0,0,0x00000000,0x00000000,2,0,1,0,1
present,7995,266467361,0x00000000,0,0,0,0x00000000,0x00000000,2,0,1,0,1
present,7996,266504318,0x00000000,0,0,0,0x00000000,0x00000000,2,0,1,0,1
present,7997,266536910,0x00000000,0,0,0,0x00000000,0x00000000,2,0,1,0,1
present,7998,266567398,0x00000000,0,0,0,0x00000000,0x00000000,2,0,1,0,1
present,7999,266604718,0x00000000,0,0,0,0x00000000,0x00000000,2,0,1,0,1
present,8000,266633951,0x00000000,0,0,0,0x00000000,0x00000000,2,0,1,0,1
present,8001,266670992,0x00000000,0,0,0,0x00000000,0x00000000,2,0,1,0,1
present,8002,266700713,0x00000000,0,0,0,0x00000000,0x00000000,2,0,1,0,1
present,8003,266738163,0x00000000,0,0,0,0x00000000,0x00000000,2,0,1,0,1
present,8004,266768030,0x00000000,0,0,0,0x00000000,0x00000000,2,0,1,0,1
present,8005,266812319,0x00000000,0,0,0,0x00000000,0x00000000,2,0,1,0,1
present,8006,266836025,0x00000000,0,0,0,0x00000000,0x00000000,2,0,1,0,1
present,8007,266869263,0x00000000,0,0,0,0x00000000,0x00000000,2,0,1,0,1
present,8008,266903404,0x00000000,0,0,0,0x00000000,0x00000000,2,0,1,0,1
present,8009,266937645,0x00000000,0,0,0,0x00000000,0x00000000,2,0,1,0,1
present,8010,266969610,0x00000000,0,0,0,0x00000000,0x00000000,2,0,1,0,1
present,8011,267001208,0x00000000,0,0,0,0x00000000,0x00000000,3,0,1,0,1
present,8012,267033931,0x00000000,0,0,0,0x00000000,0x00000000,3,0,1,0,1
present,8013,267071211,0x00000000,0,0,0,0x00000000,0x00000000,3,0,1,0,1
present,8014,267104137,0x00000000,0,0,0,0x00000000,0x00000000,3,0,1,0,1
present,8015,267135860,0x00000000,0,0,0,0x00000000,0x00000000,3,0,1,0,1
present,8016,267167558,0x00000000,0,0,0,0x00000000,0x00000000,3,0,1,0,1
present,8017,267204772,0x00000000,0,0,0,0x00000000,0x00000000,3,0,1,0,1
present,8018,267237957,0x00000000,0,0,0,0x00000000,0x00000000,3,0,1,0,1
present,8019,267270786,0x00000000,0,0,0,0x00000000,0x00000000,3,0,1,0,1
present,8020,267303832,0x00000000,0,0,0,0x00000000,0x00000000,3,0,1,0,1
present,8021,267335125,0x00000000,0,0,0,0x00000000,0x00000000,3,0,1,0,1
present,8022,267367606,0x00000000,0,0,0,0x00000000,0x00000000,3,0,1,0,1
present,8023,267400686,0x00000000,0,0,0,0x00000000,0x00000000,3,0,1,0,1
present,8024,267437099,0x00000000,0,0,0,0x00000000,0x00000000,3,0,1,0,1
present,8025,267467298,0x00000000,0,0,0,0x00000000,0x00000000,3,0,1,0,1
present,8026,267504207,0x00000000,0,0,0,0x00000000,0x00000000,3,0,1,0,1
present,8027,267537182,0x00000000,0,0,0,0x00000000,0x00000000,3,0,1,0,1
present,8028,267571315,0x00000000,0,0,0,0x00000000,0x00000000,3,0,1,0,1
present,8029,267604305,0x00000000,0,0,0,0x00000000,0x00000000,3,0,1,0,1
present,8030,267637125,0x00000000,0,0,0,0x00000000,0x00000000,3,0,1,0,1
present,8031,267667376,0x00000000,0,0,0,0x00000000,0x00000000,3,0,1,0,1
present,8032,267704334,0x00000000,0,0,0,0x00000000,0x00000000,3,0,1,0,1
present,8033,267734045,0x00000000,0,0,0,0x00000000,0x00000000,3,0,1,0,1
present,8034,267767510,0x00000000,0,0,0,0x00000000,0x00000000,3,0,1,0,1
present,8035,267809402,0x00000000,0,0,0,0x00000000,0x00000000,3,0,1,0,1
present,8036,267834460,0x00000000,0,0,0,0x00000000,0x00000000,3,0,1,0,1
present,8037,267870420,0x00000000,0,0,0,0x00000000,0x00000000,3,0,1,0,1
present,8038,267904353,0x00000000,0,0,0,0x00000000,0x00000000,3,0,1,0,1
present,8039,267937492,0x00000000,0,0,0,0x00000000,0x00000000,3,0,1,0,1
present,8040,267970695,0x00000000,0,0,0,0x00000000,0x00000000,3,0,1,0,1
present,8041,268000703,0x00000000,0,0,0,0x00000000,0x00000000,0,0,1,0,1
present,8042,268035172,0x00000000,0,0,0,0x00000000,0x00000000,0,0,1,0,1
present,8043,268067274,0x00000000,0,0,0,0x00000000,0x00000000,0,0,1,0,1
present,8044,268102455,0x00000000,0,0,0,0x00000000,0x00000000,0,0,1,0,1
present,8045,268134718,0x00000000,0,0,0,0x00000000,0x00000000,0,0,1,0,1
present,8046,268169323,0x00000000,0,0,0,0x00000000,0x00000000,0,0,1,0,1
present,8047,268204183,0x00000000,0,0,0,0x00000000,0x00000000,0,0,1,0,1
present,8048,268237177,0x00000000,0,0,0,0x00000000,0x00000000,0,0,1,0,1
present,8049,268270452,0x00000000,0,0,0,0x00000000,0x00000000,0,0,1,0,1
present,8050,268300824,0x00000000,0,0,0,0x00000000,0x00000000,0,0,1,0,1
present,8051,268337843,0x00000000,0,0,0,0x00000000,0x00000000,0,0,1,0,1
present,8052,268370611,0x00000000,0,0,0,0x00000000,0x00000000,0,0,1,0,1
present,8053,268404326,0x00000000,0,0,0,0x00000000,0x00000000,0,0,1,0,1
present,8054,268435665,0x00000000,0,0,0,0x00000000,0x00000000,0,0,1,0,1
present,8055,268467575,0x00000000,0,0,0,0x00000000,0x00000000,0,0,1,0,1
present,8056,268500914,0x00000000,0,0,0,0x00000000,0x00000000,0,0,1,0,1
present,8057,268533966,0x00000000,0,0,0,0x00000000,0x00000000,0,0,1,0,1
present,8058,268570841,0x00000000,0,0,0,0x00000000,0x00000000,0,0,1,0,1
present,8059,268603790,0x00000000,0,0,0,0x00000000,0x00000000,0,0,1,0,1
present,8060,268635375,0x00000000,0,0,0,0x00000000,0x00000000,0,0,1,0,1
present,8061,268670405,0x00000000,0,0,0,0x00000000,0x00000000,0,0,1,0,1
present,8062,268702636,0x00000000,0,0,0,0x00000000,0x00000000,0,0,1,0,1
present,8063,268738298,0x00000000,0,0,0,0x00000000,0x00000000,0,0,1,0,1
present,8064,268771182,0x00000000,0,0,0,0x00000000,0x00000000,0,0,1,0,1
present,8065,268810424,0x00000000,0,0,0,0x00000000,0x00000000,0,0,1,0,1
present,8066,268836746,0x00000000,0,0,0,0x00000000,0x00000000,0,0,1,0,1
present,8067,268871054,0x00000000,0,0,0,0x00000000,0x00000000,0,0,1,0,1
present,8068,268900205,0x00000000,0,0,0,0x00000000,0x00000000,0,0,1,0,1
present,8069,268934629,0x00000000,0,0,0,0x00000000,0x00000000,0,0,1,0,1
present,8070,268970481,0x00000000,0,0,0,0x00000000,0x00000000,0,0,1,0,1
present,8071,269000947,0x00000000,0,0,0,0x00000000,0x00000000,1,0,1,0,1
present,8072,269037993,0x00000000,0,0,0,0x00000000,0x00000000,1,0,1,0,1
present,8073,269070727,0x00000000,0,0,0,0x00000000,0x00000000,1,0,1,0,1
present,8074,269101939,0x00000000,0,0,0,0x00000000,0x00000000,1,0,1,0,1
present,8075,269136163,0x00000000,0,0,0,0x00000000,0x00000000,1,0,1,0,1
present,8076,269171033,0x00000000,0,0,0,0x00000000,0x00000000,1,0,1,0,1
present,8077,269201878,0x00000000,0,0,0,0x00000000,0x00000000,1,0,1,0,1
present,8078,269237989,0x00000000,0,0,0,0x00000000,0x00000000,1,0,1,0,1
present,8079,269270819,0x00000000,0,0,0,0x00000000,0x00000000,1,0,1,0,1
present,8080,269302439,0x00000000,0,0,0,0x00000000,0x00000000,1,0,1,0,1
present,8081,269335131,0x00000000,0,0,0,0x00000000,0x00000000,1,0,1,0,1
present,8082,269367080,0x00000000,0,0,0,0x00000000,0x00000000,1,0,1,0,1
present,8083,269403889,0x00000000,0,0,0,0x00000000,0x00000000,1,0,1,0,1
present,8084,269437784,0x00000000,0,0,0,0x00000000,0x00000000,1,0,1,0,1
present,8085,269470254,0x00000000,0,0,0,0x00000000,0x00000000,1,0,1,0,1
present,8086,269504222,0x00000000,0,0,0,0x00000000,0x00000000,1,0,1,0,1
present,8087,269537025,0x00000000,0,0,0,0x00000000,0x00000000,1,0,1,0,1
present,8088,269567419,0x00000000,0,0,0,0x00000000,0x00000000,1,0,1,0,1
present,8089,269600748,0x00000000,0,0,0,0x00000000,0x00000000,1,0,1,0,1
present,8090,269633947,0x00000000,0,0,0,0x00000000,0x00000000,1,0,1,0,1
present,8091,269669073,0x00000000,0,0,0,0x00000000,0x00000000,1,0,1,0,1
present,8092,269703861,0x00000000,0,0,0,0x00000000,0x00000000,1,0,1,0,1
present,8093,269737004,0x00000000,0,0,0,0x00000000,0x00000000,1,0,1,0,1
present,8094,269770996,0x00000000,0,0,0,0x00000000,0x00000000,1,0,1,0,1
present,8095,269804621,0x00000000,0,0,0,0x00000000,0x00000000,1,0,1,0,1
present,8096,269837390,0x00000000,0,0,0,0x00000000,0x00000000,1,0,1,0,1
present,8097,269867373,0x00000000,0,0,0,0x00000000,0x00000000,1,0,1,0,1
present,8098,269904354,0x00000000,0,0,0,0x00000000,0x00000000,1,0,1,0,1
present,8099,269934115,0x00000000,0,0,0,0x00000000,0x00000000,1,0,1,0,1
present,8100,269971050,0x00000000,0,0,0,0x00000000,0x00000000,1,0,1,0,1
present,8101,270004039,0x00000000,0,0,0,0x00000000,0x00000000,2,0,1,0,1
present,8102,270038251,0x00000000,0,0,0,0x00000000,0x00000000,2,0,1,0,1
present,8103,270071164,0x00000000,0,0,0,0x00000000,0x00000000,2,0,1,0,1
present,8104,270100704,0x00000000,0,0,0,0x00000000,0x00000000,2,0,1,0,1
present,8105,270134204,0x00000000,0,0,0,0x00000000,0x00000000,2,0,1,0,1
present,8106,270171486,0x00000000,0,0,0,0x00000000,0x00000000,2,0,1,0,1
present,8107,270203493,0x00000000,0,0,0,0x00000000,0x00000000,2,0,1,0,1
present,8108,270234433,0x00000000,0,0,0,0x00000000,0x00000000,2,0,1,0,1
present,8109,270270898,0x00000000,0,0,0,0x00000000,0x00000000,2,0,1,0,1
present,8110,270300726,0x00000000,0,0,0,0x00000000,0x00000000,2,0,1,0,1
present,8111,270334290,0x00000000,0,0,0,0x00000000,0x00000000,2,0,1,0,1
present,8112,270371255,0x00000000,0,0,0,0x00000000,0x00000000,2,0,1,0,1
present,8113,270403228,0x00000000,0,0,0,0x00000000,0x00000000,2,0,1,0,1
present,8114,270433933,0x00000000,0,0,0,0x00000000,0x00000000,2,0,1,0,1
present,8115,270470907,0x00000000,0,0,0,0x00000000,0x00000000,2,0,1,0,1
present,8116,270503921,0x00000000,0,0,0,0x00000000,0x00000000,2,0,1,0,1
present,8117,270538108,0x00000000,0,0,0,0x00000000,0x00000000,2,0,1,0,1
present,8118,270568905,0x00000000,0,0,0,0x00000000,0x00000000,2,0,1,0,1
present,8119,270603868,0x00000000,0,0,0,0x00000000,0x00000000,2,0,1,0,1
present,8120,270634457,0x00000000,0,0,0,0x00000000,0x00000000,2,0,1,0,1
present,8121,270670383,0x00000000,0,0,0,0x00000000,0x00000000,2,0,1,0,1
present,8122,270700672,0x00000000,0,0,0,0x00000000,0x00000000,2,0,1,0,1
present,8123,270734508,0x00000000,0,0,0,0x00000000,0x00000000,2,0,1,0,1
present,8124,270767267,0x00000000,0,0,0,0x00000000,0x00000000,2,0,1,0,1
present,8125,270808098,0x00000000,0,0,0,0x00000000,0x00000000,2,0,1,0,1
present,8126,270835567,0x00000000,0,0,0,0x00000000,0x00000000,2,0,1,0,1
present,8127,270870662,0x00000000,0,0,0,0x00000000,0x00000000,2,0,1,0,1
present,8128,270904310,0x00000000,0,0,0,0x00000000,0x00000000,2,0,1,0,1
present,8129,270934168,0x00000000,0,0,0,0x00000000,0x00000000,2,0,1,0,1
present,8130,270971223,0x00000000,0,0,0,0x00000000,0x00000000,2,0,1,0,1
present,8131,271002074,0x00000000,0,0,0,0x00000000,0x00000000,3,0,1,0,1
present,8132,271036268,0x00000000,0,0,0,0x00000000,0x00000000,3,0,1,0,1
present,8133,271070375,0x00000000,0,0,0,0x00000000,0x00000000,3,0,1,0,1
present,8134,271104461,0x00000000,0,0,0,0x00000000,0x00000000,3,0,1,0,1
present,8135,271135724,0x00000000,0,0,0,0x00000000,0x00000000,3,0,1,0,1
present,8136,271170772,0x00000000,0,0,0,0x00000000,0x00000000,3,0,1,0,1
present,8137,271200678,0x00000000,0,0,0,0x00000000,0x00000000,3,0,1,0,1
present,8138,271234321,0x00000000,0,0,0,0x00000000,0x00000000,3,0,1,0,1
present,8139,271267275,0x00000000,0,0,0,0x00000000,0x00000000,3,0,1,0,1
present,8140,271303344,0x00000000,0,0,0,0x00000000,0x00000000,3,0,1,0,1
present,8141,271336950,0x00000000,0,0,0,0x00000000,0x00000000,3,0,1,0,1
present,8142,271368928,0x00000000,0,0,0,0x00000000,0x00000000,3,0,1,0,1
present,8143,271400724,0x00000000,0,0,0,0x00000000,0x00000000,3,0,1,0,1
present,8144,271433982,0x00000000,0,0,0,0x00000000,0x00000000,3,0,1,0,1
present,8145,271471111,0x00000000,0,0,0,0x00000000,0x00000000,3,0,1,0,1
present,8146,271501081,0x00000000,0,0,0,0x00000000,0x00000000,3,0,1,0,1
present,8147,271535429,0x00000000,0,0,0,0x00000000,0x00000000,3,0,1,0,1
present,8148,271567358,0x00000000,0,0,0,0x00000000,0x00000000,3,0,1,0,1
present,8149,271604266,0x00000000,0,0,0,0x00000000,0x00000000,3,0,1,0,1
present,8150,271634678,0x00000000,0,0,0,0x00000000,0x00000000,3,0,1,0,1
present,8151,271670700,0x00000000,0,0,0,0x00000000,0x00000000,3,0,1,0,1
present,8152,271704546,0x00000000,0,0,0,0x00000000,0x00000000,3,0,1,0,1
present,8153,271737578,0x00000000,0,0,0,0x00000000,0x00000000,3,0,1,0,1
present,8154,271770826,0x00000000,0,0,0,0x00000000,0x00000000,3,0,1,0,1
present,8155,271804993,0x00000000,0,0,0,0x00000000,0x00000000,3,0,1,0,1
present,8156,271838288,0x00000000,0,0,0,0x00000000,0x00000000,3,0,1,0,1
present,8157,271871199,0x00000000,0,0,0,0x00000000,0x00000000,3,0,1,0,1
present,8158,271900643,0x00000000,0,0,0,0x00000000,0x00000000,3,0,1,0,1
present,8159,271937680,0x00000000,0,0,0,0x00000000,0x00000000,3,0,1,0,1
present,8160,271970684,0x00000000,0,0,0,0x00000000,0x00000000,3,0,1,0,1
present,8161,272004702,0x00000000,0,0,0,0x00000000,0x00000000,0,0,1,0,1
present,8162,272036157,0x00000000,0,0,0,0x00000000,0x00000000,0,0,1,0,1
present,8163,272069531,0x00000000,0,0,0,0x00000000,0x00000000,0,0,1,0,1
present,8164,272100963,0x00000000,0,0,0,0x00000000,0x00000000,0,0,1,0,1
present,8165,272133932,0x00000000,0,0,0,0x00000000,0x00000000,0,0,1,0,1
present,8166,272171295,0x00000000,0,0,0,0x00000000,0x00000000,0,0,1,0,1
present,8167,272204088,0x00000000,0,0,0,0x00000000,0x00000000,0,0,1,0,1
present,8168,272234413,0x00000000,0,0,0,0x00000000,0x00000000,0,0,1,0,1
present,8169,272270492,0x00000000,0,0,0,0x00000000,0x00000000,0,0,1,0,1
present,8170,272300887,0x00000000,0,0,0,0x00000000,0x00000000,0,0,1,0,1
present,8171,272334391,0x00000000,0,0,0,0x00000000,0x00000000,0,0,1,0,1
present,8172,272371040,0x00000000,0,0,0,0x00000000,0x00000000,0,0,1,0,1
present,8173,272403378,0x00000000,0,0,0,0x00000000,0x00000000,0,0,1,0,1
present,8174,272436608,0x00000000,0,0,0,0x00000000,0x00000000,0,0,1,0,1
present,8175,272469834,0x00000000,0,0,0,0x00000000,0x00000000,0,0,1,0,1
present,8176,272504057,0x00000000,0,0,0,0x00000000,0x00000000,0,0,1,0,1
present,8177,272537524,0x00000000,0,0,0,0x00000000,0x00000000,0,0,1,0,1
present,8178,272567247,0x00000000,0,0,0,0x00000000,0x00000000,0,0,1,0,1
present,8179,272603543,0x00000000,0,0,0,0x00000000,0x00000000,0,0,1,0,1
present,8180,272637554,0x00000000,0,0,0,0x00000000,0x00000000,0,0,1,0,1
present,8181,272667499,0x00000000,0,0,0,0x00000000,0x00000000,0,0,1,0,1
present,8182,272702272,0x00000000,0,0,0,0x00000000,0x00000000,0,0,1,0,1
present,8183,272734247,0x00000000,0,0,0,0x00000000,0x00000000,0,0,1,0,1
present,8184,272767327,0x00000000,0,0,0,0x00000000,0x00000000,0,0,1,0,1
present,8185,272809127,0x00000000,0,0,0,0x00000000,0x00000000,0,0,1,0,1
present,8186,272836815,0x00000000,0,0,0,0x00000000,0x00000000,0,0,1,0,1
present,8187,272867278,0x00000000,0,0,0,0x00000000,0x00000000,0,0,1,0,1
present,8188,272903704,0x00000000,0,0,0,0x00000000,0x00000000,0,0,1,0,1
present,8189,272937029,0x00000000,0,0,0,0x00000000,0x00000000,0,0,1,0,1
present,8190,272970969,0x00000000,0,0,0,0x00000000,0x00000000,0,0,1,0,1
present,8191,273004122,0x00000000,0,0,0,0x00000000,0x00000000,1,0,1,0,1
present,8192,273037041,0x00000000,0,0,0,0x00000000,0x00000000,1,0,1,0,1
present,8193,273070859,0x00000000,0,0,0,0x00000000,0x00000000,1,0,1,0,1
present,8194,273102804,0x00000000,0,0,0,0x00000000,0x00000000,1,0,1,0,1
present,8195,273137633,0x00000000,0,0,0,0x00000000,0x00000000,1,0,1,0,1
present,8196,273170674,0x00000000,0,0,0,0x00000000,0x00000000,1,0,1,0,1
present,8197,273201927,0x00000000,0,0,0,0x00000000,0x00000000,1,0,1,0,1
present,8198,273238050,0x00000000,0,0,0,0x00000000,0x00000000,1,0,1,0,1
present,8199,273267579,0x00000000,0,0,0,0x00000000,0x00000000,1,0,1,0,1
present,8200,273304333,0x00000000,0,0,0,0x00000000,0x00000000,1,0,1,0,1
present,8201,273337187,0x00000000,0,0,0,0x00000000,0x00000000,1,0,1,0,1
present,8202,273370741,0x00000000,0,0,0,0x00000000,0x00000000,1,0,1,0,1
present,8203,273404531,0x00000000,0,0,0,0x00000000,0x00000000,1,0,1,0,1
present,8204,273436939,0x00000000,0,0,0,0x00000000,0x00000000,1,0,1,0,1
present,8205,273470776,0x00000000,0,0,0,0x00000000,0x00000000,1,0,1,0,1
present,8206,273504820,0x00000000,0,0,0,0x00000000,0x00000000,1,0,1,0,1
present,8207,273537421,0x00000000,0,0,0,0x00000000,0x00000000,1,0,1,0,1
present,8208,273571304,0x00000000,0,0,0,0x00000000,0x00000000,1,0,1,0,1
present,8209,273602499,0x00000000,0,0,0,0x00000000,0x00000000,1,0,1,0,1
present,8210,273634950,0x00000000,0,0,0,0x00000000,0x00000000,1,0,1,0,1
present,8211,273667037,0x00000000,0,0,0,0x00000000,0x00000000,1,0,1,0,1
present,8212,273700436,0x00000000,0,0,0,0x00000000,0x00000000,1,0,1,0,1
present,8213,273737300,0x00000000,0,0,0,0x00000000,0x00000000,1,0,1,0,1
present,8214,273768866,0x00000000,0,0,0,0x00000000,0x00000000,1,0,1,0,1
present,8215,273802690,0x00000000,0,0,0,0x00000000,0x00000000,1,0,1,0,1
present,8216,273837261,0x00000000,0,0,0,0x00000000,0x00000000,1,0,1,0,1
present,8217,273867170,0x00000000,0,0,0,0x00000000,0x00000000,1,0,1,0,1
present,8218,273900500,0x00000000,0,0,0,0x00000000,0x00000000,1,0,1,0,1
present,8219,273937392,0x00000000,0,0,0,0x00000000,0x00000000,1,0,1,0,1
present,8220,273970239,0x00000000,0,0,0,0x00000000,0x00000000,1,0,1,0,1
present,8221,274000599,0x00000000,0,0,0,0x00000000,0x00000000,2,0,1,0,1
present,8222,274035659,0x00000000,0,0,0,0x00000000,0x00000000,2,0,1,0,1
present,8223,274067505,0x00000000,0,0,0,0x00000000,0x00000000,2,0,1,0,1
present,8224,274102623,0x00000000,0,0,0,0x00000000,0x00000000,2,0,1,0,1
present,8225,274136120,0x00000000,0,0,0,0x00000000,0x00000000,2,0,1,0,1
present,8226,274167789,0x00000000,0,0,0,0x00000000,0x00000000,2,0,1,0,1
present,8227,274203760,0x00000000,0,0,0,0x00000000,0x00000000,2,0,1,0,1
present,8228,274238537,0x00000000,0,0,0,0x00000000,0x00000000,2,0,1,0,1
present,8229,274270519,0x00000000,0,0,0,0x00000000,0x00000000,2,0,1,0,1
present,8230,274302484,0x00000000,0,0,0,0x00000000,0x00000000,2,0,1,0,1
present,8231,274337486,0x00000000,0,0,0,0x00000000,0x00000000,2,0,1,0,1
present,8232,274368477,0x00000000,0,0,0,0x00000000,0x00000000,2,0,1,0,1
present,8233,274404296,0x00000000,0,0,0,0x00000000,0x00000000,2,0,1,0,1
present,8234,274433963,0x00000000,0,0,0,0x00000000,0x00000000,2,0,1,0,1
present,8235,274467266,0x00000000,0,0,0,0x00000000,0x00000000,2,0,1,0,1
present,8236,274504255,0x00000000,0,0,0,0x00000000,0x00000000,2,0,1,0,1
present,8237,274537360,0x00000000,0,0,0,0x00000000,0x00000000,2,0,1,0,1
present,8238,274571335,0x00000000,0,0,0,0x00000000,0x00000000,2,0,1,0,1
present,8239,274604229,0x00000000,0,0,0,0x00000000,0x00000000,2,0,1,0,1
present,8240,274635307,0x00000000,0,0,0,0x00000000,0x00000000,2,0,1,0,1
present,8241,274667758,0x00000000,0,0,0,0x00000000,0x00000000,2,0,1,0,1
present,8242,274700861,0x00000000,0,0,0,0x00000000,0x00000000,2,0,1,0,1
present,8243,274734161,0x00000000,0,0,0,0x00000000,0x00000000,2,0,1,0,1
present,8244,274767527,0x00000000,0,0,0,0x00000000,0x00000000,2,0,1,0,1
present,8245,274804001,0x00000000,0,0,0,0x00000000,0x00000000,2,0,1,0,1
present,8246,274833903,0x00000000,0,0,0,0x00000000,0x00000000,2,0,1,0,1
present,8247,274867665,0x00000000,0,0,0,0x00000000,0x00000000,2,0,1,0,1
present,8248,274901430,0x00000000,0,0,0,0x00000000,0x00000000,2,0,1,0,1
present,8249,274937546,0x00000000,0,0,0,0x00000000,0x00000000,2,0,1,0,1
present,8250,274970854,0x00000000,0,0,0,0x00000000,0x00000000,2,0,1,0,1
present,8251,275004112,0x00000000,0,0,0,0x00000000,0x00000000,3,0,1,0,1
present,8252,275037163,0x00000000,0,0,0,0x00000000,0x00000000,3,0,1,0,1
present,8253,275071402,0x00000000,0,0,0,0x00000000,0x00000000,3,0,1,0,1
present,8254,275100520,0x00000000,0,0,0,0x00000000,0x00000000,3,0,1,0,1
present,8255,275134206,0x00000000,0,0,0,0x00000000,0x00000000,3,0,1,0,1
present,8256,275170939,0x00000000,0,0,0,0x00000000,0x00000000,3,0,1,0,1
present,8257,275201926,0x00000000,0,0,0,0x00000000,0x00000000,3,0,1,0,1
present,8258,275233956,0x00000000,0,0,0,0x00000000,0x00000000,3,0,1,0,1
present,8259,275271854,0x00000000,0,0,0,0x00000000,0x00000000,3,0,1,0,1
present,8260,275303892,0x00000000,0,0,0,0x00000000,0x00000000,3,0,1,0,1
present,8261,275334645,0x00000000,0,0,0,0x00000000,0x00000000,3,0,1,0,1
present,8262,275366876,0x00000000,0,0,0,0x00000000,0x00000000,3,0,1,0,1
present,8263,275404136,0x00000000,0,0,0,0x00000000,0x00000000,3,0,1,0,1
present,8264,275437412,0x00000000,0,0,0,0x00000000,0x00000000,3,0,1,0,1
present,8265,275470900,0x00000000,0,0,0,0x00000000,0x00000000,3,0,1,0,1
present,8266,275503572,0x00000000,0,0,0,0x00000000,0x00000000,3,0,1,0,1
present,8267,275537517,0x00000000,0,0,0,0x00000000,0x00000000,3,0,1,0,1
present,8268,275570511,0x00000000,0,0,0,0x00000000,0x00000000,3,0,1,0,1
present,8269,275602268,0x00000000,0,0,0,0x00000000,0x00000000,3,0,1,0,1
present,8270,275637386,0x00000000,0,0,0,0x00000000,0x00000000,3,0,1,0,1
present,8271,275670344,0x00000000,0,0,0,0x00000000,0x00000000,3,0,1,0,1
present,8272,275700795,0x00000000,0,0,0,0x00000000,0x00000000,3,0,1,0,1
present,8273,275734557,0x00000000,0,0,0,0x00000000,0x00000000,3,0,1,0,1
present,8274,275770587,0x00000000,0,0,0,0x00000000,0x00000000,3,0,1,0,1
present,8275,275810692,0x00000000,0,0,0,0x00000000,0x00000000,3,0,1,0,1
present,8276,275834743,0x00000000,0,0,0,0x00000000,0x00000000,3,0,1,0,1
present,8277,275867286,0x00000000,0,0,0,0x00000000,0x00000000,3,0,1,0,1
present,8278,275904085,0x00000000,0,0,0,0x00000000,0x00000000,3,0,1,0,1
present,8279,275937064,0x00000000,0,0,0,0x00000000,0x00000000,3,0,1,0,1
present,8280,275967709,0x00000000,0,0,0,0x00000000,0x00000000,3,0,1,0,1
present,8281,276003620,0x00000000,0,0,0,0x00000000,0x00000000,0,0,1,0,1
present,8282,276037583,0x00000000,0,0,0,0x00000000,0x00000000,0,0,1,0,1
present,8283,276070865,0x00000000,0,0,0,0x00000000,0x00000000,0,0,1,0,1
present,8284,276103826,0x00000000,0,0,0,0x00000000,0x00000000,0,0,1,0,1
present,8285,276137820,0x00000000,0,0,0,0x00000000,0x00000000,0,0,1,0,1
present,8286,276171015,0x00000000,0,0,0,0x00000000,0x00000000,0,0,1,0,1
present,8287,276202513,0x00000000,0,0,0,0x00000000,0x00000000,0,0,1,0,1
present,8288,276237913,0x00000000,0,0,0,0x00000000,0x00000000,0,0,1,0,1
present,8289,276267623,0x00000000,0,0,0,0x00000000,0x00000000,0,0,1,0,1
present,8290,276304631,0x00000000,0,0,0,0x00000000,0x00000000,0,0,1,0,1
present,8291,276335007,0x00000000,0,0,0,0x00000000,0x00000000,0,0,1,0,1
present,8292,276367512,0x00000000,0,0,0,0x00000000,0x00000000,0,0,1,0,1
present,8293,276403593,0x00000000,0,0,0,0x00000000,0x00000000,0,0,1,0,1
present,8294,276437364,0x00000000,0,0,0,0x00000000,0x00000000,0,0,1,0,1
present,8295,276469657,0x00000000,0,0,0,0x00000000,0x00000000,0,0,1,0,1
present,8296,276500687,0x00000000,0,0,0,0x00000000,0x00000000,0,0,1,0,1
present,8297,276537610,0x00000000,0,0,0,0x00000000,0x00000000,0,0,1,0,1
present,8298,276570519,0x00000000,0,0,0,0x00000000,0x00000000,0,0,1,0,1
present,8299,276600536,0x00000000,0,0,0,0x00000000,0x00000000,0,0,1,0,1
present,8300,276637426,0x00000000,0,0,0,0x00000000,0x00000000,0,0,1,0,1
present,8301,276670482,0x00000000,0,0,0,0x00000000,0x00000000,0,0,1,0,1
present,8302,276702111,0x00000000,0,0,0,0x00000000,0x00000000,0,0,1,0,1
present,8303,276737260,0x00000000,0,0,0,0x00000000,0x00000000,0,0,1,0,1
present,8304,276767592,0x00000000,0,0,0,0x00000000,0x00000000,0,0,1,0,1
present,8305,276808517,0x00000000,0,0,0,0x00000000,0x00000000,0,0,1,0,1
present,8306,276833831,0x00000000,0,0,0,0x00000000,0x00000000,0,0,1,0,1
present,8307,276867378,0x00000000,0,0,0,0x00000000,0x00000000,0,0,1,0,1
present,8308,276904124,0x00000000,0,0,0,0x00000000,0x00000000,0,0,1,0,1
present,8309,276937923,0x00000000,0,0,0,0x00000000,0x00000000,0,0,1,0,1
present,8310,276970658,0x00000000,0,0,0,0x00000000,0x00000000,0,0,1,0,1
present,8311,277004629,0x00000000,0,0,0,0x00000000,0x00000000,1,0,1,0,1
present,8312,277037513,0x00000000,0,0,0,0x00000000,0x00000000,1,0,1,0,1
present,8313,277071203,0x00000000,0,0,0,0x00000000,0x00000000,1,0,1,0,1
present,8314,277102913,0x00000000,0,0,0,0x00000000,0x00000000,1,0,1,0,1
present,8315,277137639,0x00000000,0,0,0,0x00000000,0x00000000,1,0,1,0,1
present,8316,277170464,0x00000000,0,0,0,0x00000000,0x00000000,1,0,1,0,1
present,8317,277201095,0x00000000,0,0,0,0x00000000,0x00000000,1,0,1,0,1
present,8318,277235842,0x00000000,0,0,0,0x00000000,0x00000000,1,0,1,0,1
present,8319,277267733,0x00000000,0,0,0,0x00000000,0x00000000,1,0,1,0,1
present,8320,277304607,0x00000000,0,0,0,0x00000000,0x00000000,1,0,1,0,1
present,8321,277333531,0x00000000,0,0,0,0x00000000,0x00000000,1,0,1,0,1
present,8322,277370886,0x00000000,0,0,0,0x00000000,0x00000000,1,0,1,0,1
present,8323,277403263,0x00000000,0,0,0,0x00000000,0x00000000,1,0,1,0,1
present,8324,277436954,0x00000000,0,0,0,0x00000000,0x00000000,1,0,1,0,1
present,8325,277469961,0x00000000,0,0,0,0x00000000,0x00000000,1,0,1,0,1
present,8326,277503846,0x00000000,0,0,0,0x00000000,0x00000000,1,0,1,0,1
present,8327,277537733,0x00000000,0,0,0,0x00000000,0x00000000,1,0,1,0,1
present,8328,277567768,0x00000000,0,0,0,0x00000000,0x00000000,1,0,1,0,1
present,8329,277604595,0x00000000,0,0,0,0x00000000,0x00000000,1,0,1,0,1
present,8330,277637428,0x00000000,0,0,0,0x00000000,0x00000000,1,0,1,0,1
present,8331,277671863,0x00000000,0,0,0,0x00000000,0x00000000,1,0,1,0,1
present,8332,277701814,0x00000000,0,0,0,0x00000000,0x00000000,1,0,1,0,1
present,8333,277737709,0x00000000,0,0,0,0x00000000,0x00000000,1,0,1,0,1
present,8334,277768860,0x00000000,0,0,0,0x00000000,0x00000000,1,0,1,0,1
present,8335,277803440,0x00000000,0,0,0,0x00000000,0x00000000,1,0,1,0,1
present,8336,277836037,0x00000000,0,0,0,0x00000000,0x00000000,1,0,1,0,1
present,8337,277870962,0x00000000,0,0,0,0x00000000,0x00000000,1,0,1,0,1
present,8338,277900237,0x00000000,0,0,0,0x00000000,0x00000000,1,0,1,0,1
present,8339,277933965,0x00000000,0,0,0,0x00000000,0x00000000,1,0,1,0,1
present,8340,277970829,0x00000000,0,0,0,0x00000000,0x00000000,1,0,1,0,1
present,8341,278000912,0x00000000,0,0,0,0x00000000,0x00000000,2,0,1,0,1
present,8342,278037287,0x00000000,0,0,0,0x00000000,0x00000000,2,0,1,0,1
present,8343,278067401,0x00000000,0,0,0,0x00000000,0x00000000,2,0,1,0,1
present,8344,278102027,0x00000000,0,0,0,0x00000000,0x00000000,2,0,1,0,1
present,8345,278137370,0x00000000,0,0,0,0x00000000,0x00000000,2,0,1,0,1
present,8346,278167063,0x00000000,0,0,0,0x00000000,0x00000000,2,0,1,0,1
present,8347,278201002,0x00000000,0,0,0,0x00000000,0x00000000,2,0,1,0,1
present,8348,278237229,0x00000000,0,0,0,0x00000000,0x00000000,2,0,1,0,1
present,8349,278267151,0x00000000,0,0,0,0x00000000,0x00000000,2,0,1,0,1
present,8350,278303484,0x00000000,0,0,0,0x00000000,0x00000000,2,0,1,0,1
present,8351,278336855,0x00000000,0,0,0,0x00000000,0x00000000,2,0,1,0,1
present,8352,278370189,0x00000000,0,0,0,0x00000000,0x00000000,2,0,1,0,1
present,8353,278403530,0x00000000,0,0,0,0x00000000,0x00000000,2,0,1,0,1
present,8354,278436794,0x00000000,0,0,0,0x00000000,0x00000000,2,0,1,0,1
present,8355,278466920,0x00000000,0,0,0,0x00000000,0x00000000,2,0,1,0,1
present,8356,278503071,0x00000000,0,0,0,0x00000000,0x00000000,2,0,1,0,1
present,8357,278537332,0x00000000,0,0,0,0x00000000,0x00000000,2,0,1,0,1
present,8358,278570646,0x00000000,0,0,0,0x00000000,0x00000000,2,0,1,0,1
present,8359,278603341,0x00000000,0,0,0,0x00000000,0x00000000,2,0,1,0,1
present,8360,278636660,0x00000000,0,0,0,0x00000000,0x00000000,2,0,1,0,1
present,8361,278670009,0x00000000,0,0,0,0x00000000,0x00000000,2,0,1,0,1
present,8362,278703309,0x00000000,0,0,0,0x00000000,0x00000000,2,0,1,0,1
present,8363,278736633,0x00000000,0,0,0,0x00000000,0x00000000,2,0,1,0,1
present,8364,278770042,0x00000000,0,0,0,0x00000000,0x00000000,2,0,1,0,1
present,8365,278800508,0x00000000,0,0,0,0x00000000,0x00000000,2,0,1,0,1
present,8366,278835984,0x00000000,0,0,0,0x00000000,0x00000000,2,0,1,0,1
present,8367,278870332,0x00000000,0,0,0,0x00000000,0x00000000,2,0,1,0,1
present,8368,278903596,0x00000000,0,0,0,0x00000000,0x00000000,2,0,1,0,1
present,8369,278936962,0x00000000,0,0,0,0x00000000,0x00000000,2,0,1,0,1
present,8370,278970291,0x00000000,0,0,0,0x00000000,0x00000000,2,0,1,0,1
present,8371,279003646,0x00000000,0,0,0,0x00000000,0x00000000,3,0,1,0,1
present,8372,279036976,0x00000000,0,0,0,0x00000000,0x00000000,3,0,1,0,1
present,8373,279070336,0x00000000,0,0,0,0x00000000,0x00000000,3,0,1,0,1
present,8374,279103626,0x00000000,0,0,0,0x00000000,0x00000000,3,0,1,0,1
present,8375,279136896,0x00000000,0,0,0,0x00000000,0x00000000,3,0,1,0,1
present,8376,279170162,0x00000000,0,0,0,0x00000000,0x00000000,3,0,1,0,1
present,8377,279203471,0x00000000,0,0,0,0x00000000,0x00000000,3,0,1,0,1
present,8378,279236862,0x00000000,0,0,0,0x00000000,0x00000000,3,0,1,0,1
present,8379,279270107,0x00000000,0,0,0,0x00000000,0x00000000,3,0,1,0,1
present,8380,279303311,0x00000000,0,0,0,0x00000000,0x00000000,3,0,1,0,1
present,8381,279336600,0x00000000,0,0,0,0x00000000,0x00000000,3,0,1,0,1
present,8382,279370899,0x00000000,0,0,0,0x00000000,0x00000000,3,0,1,0,1
present,8383,279403633,0x00000000,0,0,0,0x00000000,0x00000000,3,0,1,0,1
present,8384,279436005,0x00000000,0,0,0,0x00000000,0x00000000,3,0,1,0,1
present,8385,279470814,0x00000000,0,0,0,0x00000000,0x00000000,3,0,1,0,1
present,8386,279500237,0x00000000,0,0,0,0x00000000,0x00000000,3,0,1,0,1
present,8387,279535384,0x00000000,0,0,0,0x00000000,0x00000000,3,0,1,0,1
present,8388,279569539,0x00000000,0,0,0,0x00000000,0x00000000,3,0,1,0,1
present,8389,279604267,0x00000000,0,0,0,0x00000000,0x00000000,3,0,1,0,1
present,8390,279635618,0x00000000,0,0,0,0x00000000,0x00000000,3,0,1,0,1
present,8391,279667331,0x00000000,0,0,0,0x00000000,0x00000000,3,0,1,0,1
present,8392,279701041,0x00000000,0,0,0,0x00000000,0x00000000,3,0,1,0,1
present,8393,279738108,0x00000000,0,0,0,0x00000000,0x00000000,3,0,1,0,1
present,8394,279771176,0x00000000,0,0,0,0x00000000,0x00000000,3,0,1,0,1
present,8395,279814282,0x00000000,0,0,0,0x00000000,0x00000000,3,0,1,0,1
present,8396,279834402,0x00000000,0,0,0,0x00000000,0x00000000,3,0,1,0,1
present,8397,279870049,0x00000000,0,0,0,0x00000000,0x00000000,3,0,1,0,1
present,8398,279902286,0x00000000,0,0,0,0x00000000,0x00000000,3,0,1,0,1
present,8399,279937375,0x00000000,0,0,0,0x00000000,0x00000000,3,0,1,0,1
present,8400,279967733,0x00000000,0,0,0,0x00000000,0x00000000,3,0,1,0,1
present,8401,280000569,0x00000000,0,0,0,0x00000000,0x00000000,0,0,1,0,1
present,8402,280034051,0x00000000,0,0,0,0x00000000,0x00000000,0,0,1,0,1
present,8403,280071009,0x00000000,0,0,0,0x00000000,0x00000000,0,0,1,0,1
present,8404,280103558,0x00000000,0,0,0,0x00000000,0x00000000,0,0,1,0,1
present,8405,280137010,0x00000000,0,0,0,0x00000000,0x00000000,0,0,1,0,1
present,8406,280170547,0x00000000,0,0,0,0x00000000,0x00000000,0,0,1,0,1
present,8407,280200653,0x00000000,0,0,0,0x00000000,0x00000000,0,0,1,0,1
present,8408,280235359,0x00000000,0,0,0,0x00000000,0x00000000,0,0,1,0,1
present,8409,280271279,0x00000000,0,0,0,0x00000000,0x00000000,0,0,1,0,1
present,8410,280300747,0x00000000,0,0,0,0x00000000,0x00000000,0,0,1,0,1
present,8411,280334022,0x00000000,0,0,0,0x00000000,0x00000000,0,0,1,0,1
present,8412,280370545,0x00000000,0,0,0,0x00000000,0x00000000,0,0,1,0,1
present,8413,280403625,0x00000000,0,0,0,0x00000000,0x00000000,0,0,1,0,1
present,8414,280437372,0x00000000,0,0,0,0x00000000,0x00000000,0,0,1,0,1
present,8415,280467351,0x00000000,0,0,0,0x00000000,0x00000000,0,0,1,0,1
present,8416,280504184,0x00000000,0,0,0,0x00000000,0x00000000,0,0,1,0,1
present,8417,280537237,0x00000000,0,0,0,0x00000000,0x00000000,0,0,1,0,1
present,8418,280567323,0x00000000,0,0,0,0x00000000,0x00000000,0,0,1,0,1
present,8419,280600785,0x00000000,0,0,0,0x00000000,0x00000000,0,0,1,0,1
present,8420,280634172,0x00000000,0,0,0,0x00000000,0x00000000,0,0,1,0,1
present,8421,280670216,0x00000000,0,0,0,0x00000000,0x00000000,0,0,1,0,1
present,8422,280704061,0x00000000,0,0,0,0x00000000,0x00000000,0,0,1,0,1
present,8423,280734246,0x00000000,0,0,0,0x00000000,0x00000000,0,0,1,0,1
present,8424,280767652,0x00000000,0,0,0,0x00000000,0x00000000,0,0,1,0,1
present,8425,280810006,0x00000000,0,0,0,0x00000000,0x00000000,0,0,1,0,1
present,8426,280835565,0x00000000,0,0,0,0x00000000,0x00000000,0,0,1,0,1
present,8427,280870631,0x00000000,0,0,0,0x00000000,0x00000000,0,0,1,0,1
present,8428,280904359,0x00000000,0,0,0,0x00000000,0x00000000,0,0,1,0,1
present,8429,280936732,0x00000000,0,0,0,0x00000000,0x00000000,0,0,1,0,1
present,8430,280970493,0x00000000,0,0,0,0x00000000,0x00000000,0,0,1,0,1
present,8431,281001144,0x00000000,0,0,0,0x00000000,0x00000000,1,0,1,0,1
present,8432,281033520,0x00000000,0,0,0,0x00000000,0x00000000,1,0,1,0,1
present,8433,281071377,0x00000000,0,0,0,0x00000000,0x00000000,1,0,1,0,1
present,8434,281101505,0x00000000,0,0,0,0x00000000,0x00000000,1,0,1,0,1
present,8435,281137354,0x00000000,0,0,0,0x00000000,0x00000000,1,0,1,0,1
present,8436,281172368,0x00000000,0,0,0,0x00000000,0x00000000,1,0,1,0,1
present,8437,281200893,0x00000000,0,0,0,0x00000000,0x00000000,1,0,1,0,1
present,8438,281236299,0x00000000,0,0,0,0x00000000,0x00000000,1,0,1,0,1
present,8439,281267664,0x00000000,0,0,0,0x00000000,0x00000000,1,0,1,0,1
present,8440,281304472,0x00000000,0,0,0,0x00000000,0x00000000,1,0,1,0,1
present,8441,281336856,0x00000000,0,0,0,0x00000000,0x00000000,1,0,1,0,1
present,8442,281370279,0x00000000,0,0,0,0x00000000,0x00000000,1,0,1,0,1
present,8443,281404088,0x00000000,0,0,0,0x00000000,0x00000000,1,0,1,0,1
present,8444,281434192,0x00000000,0,0,0,0x00000000,0x00000000,1,0,1,0,1
present,8445,281471080,0x00000000,0,0,0,0x00000000,0x00000000,1,0,1,0,1
present,8446,281503907,0x00000000,0,0,0,0x00000000,0x00000000,1,0,1,0,1
present,8447,281537868,0x00000000,0,0,0,0x00000000,0x00000000,1,0,1,0,1
present,8448,281567504,0x00000000,0,0,0,0x00000000,0x00000000,1,0,1,0,1
present,8449,281601368,0x00000000,0,0,0,0x00000000,0x00000000,1,0,1,0,1
present,8450,281633926,0x00000000,0,0,0,0x00000000,0x00000000,1,0,1,0,1
present,8451,281666874,0x00000000,0,0,0,0x00000000,0x00000000,1,0,1,0,1
present,8452,281703720,0x00000000,0,0,0,0x00000000,0x00000000,1,0,1,0,1
present,8453,281737193,0x00000000,0,0,0,0x00000000,0x00000000,1,0,1,0,1
present,8454,281771029,0x00000000,0,0,0,0x00000000,0x00000000,1,0,1,0,1
present,8455,281801912,0x00000000,0,0,0,0x00000000,0x00000000,1,0,1,0,1
present,8456,281836032,0x00000000,0,0,0,0x00000000,0x00000000,1,0,1,0,1
present,8457,281871015,0x00000000,0,0,0,0x00000000,0x00000000,1,0,1,0,1
present,8458,281903489,0x00000000,0,0,0,0x00000000,0x00000000,1,0,1,0,1
present,8459,281937230,0x00000000,0,0,0,0x00000000,0x00000000,1,0,1,0,1
present,8460,281971154,0x00000000,0,0,0,0x00000000,0x00000000,1,0,1,0,1
present,8461,282004040,0x00000000,0,0,0,0x00000000,0x00000000,2,0,1,0,1
present,8462,282038132,0x00000000,0,0,0,0x00000000,0x00000000,2,0,1,0,1
present,8463,282071084,0x00000000,0,0,0,0x00000000,0x00000000,2,0,1,0,1
present,8464,282101171,0x00000000,0,0,0,0x00000000,0x00000000,2,0,1,0,1
present,8465,282137203,0x00000000,0,0,0,0x00000000,0x00000000,2,0,1,0,1
present,8466,282171265,0x00000000,0,0,0,0x00000000,0x00000000,2,0,1,0,1
present,8467,282201107,0x00000000,0,0,0,0x00000000,0x00000000,2,0,1,0,1
present,8468,282233981,0x00000000,0,0,0,0x00000000,0x00000000,2,0,1,0,1
present,8469,282267358,0x00000000,0,0,0,0x00000000,0x00000000,2,0,1,0,1
present,8470,282300804,0x00000000,0,0,0,0x00000000,0x00000000,2,0,1,0,1
present,8471,282335056,0x00000000,0,0,0,0x00000000,0x00000000,2,0,1,0,1
present,8472,282367865,0x00000000,0,0,0,0x00000000,0x00000000,2,0,1,0,1
present,8473,282404000,0x00000000,0,0,0,0x00000000,0x00000000,2,0,1,0,1
present,8474,282437924,0x00000000,0,0,0,0x00000000,0x00000000,2,0,1,0,1
present,8475,282469657,0x00000000,0,0,0,0x00000000,0x00000000,2,0,1,0,1
present,8476,282501002,0x00000000,0,0,0,0x00000000,0x00000000,2,0,1,0,1
present,8477,282534287,0x00000000,0,0,0,0x00000000,0x00000000,2,0,1,0,1
present,8478,282569039,0x00000000,0,0,0,0x00000000,0x00000000,2,0,1,0,1
present,8479,282604037,0x00000000,0,0,0,0x00000000,0x00000000,2,0,1,0,1
present,8480,282637060,0x00000000,0,0,0,0x00000000,0x00000000,2,0,1,0,1
present,8481,282667470,0x00000000,0,0,0,0x00000000,0x00000000,2,0,1,0,1
present,8482,282704227,0x00000000,0,0,0,0x00000000,0x00000000,2,0,1,0,1
present,8483,282733856,0x00000000,0,0,0,0x00000000,0x00000000,2,0,1,0,1
present,8484,282770830,0x00000000,0,0,0,0x00000000,0x00000000,2,0,1,0,1
present,8485,282814650,0x00000000,0,0,0,0x00000000,0x00000000,2,0,1,0,1
present,8486,282833907,0x00000000,0,0,0,0x00000000,0x00000000,2,0,1,0,1
present,8487,282870848,0x00000000,0,0,0,0x00000000,0x00000000,2,0,1,0,1
present,8488,282901576,0x00000000,0,0,0,0x00000000,0x00000000,2,0,1,0,1
present,8489,282937292,0x00000000,0,0,0,0x00000000,0x00000000,2,0,1,0,1
present,8490,282970459,0x00000000,0,0,0,0x00000000,0x00000000,2,0,1,0,1
present,8491,283000547,0x00000000,0,0,0,0x00000000,0x00000000,3,0,1,0,1
present,8492,283038215,0x00000000,0,0,0,0x00000000,0x00000000,3,0,1,0,1
present,8493,283070188,0x00000000,0,0,0,0x00000000,0x00000000,3,0,1,0,1
present,8494,283100970,0x00000000,0,0,0,0x00000000,0x00000000,3,0,1,0,1
present,8495,283137962,0x00000000,0,0,0,0x00000000,0x00000000,3,0,1,0,1
present,8496,283171110,0x00000000,0,0,0,0x00000000,0x00000000,3,0,1,0,1
present,8497,283204140,0x00000000,0,0,0,0x00000000,0x00000000,3,0,1,0,1
present,8498,283233939,0x00000000,0,0,0,0x00000000,0x00000000,3,0,1,0,1
present,8499,283270839,0x00000000,0,0,0,0x00000000,0x00000000,3,0,1,0,1
present,8500,283301260,0x00000000,0,0,0,0x00000000,0x00000000,3,0,1,0,1
present,8501,283334046,0x00000000,0,0,0,0x00000000,0x00000000,3,0,1,0,1
present,8502,283370977,0x00000000,0,0,0,0x00000000,0x00000000,3,0,1,0,1
present,8503,283400805,0x00000000,0,0,0,0x00000000,0x00000000,3,0,1,0,1
present,8504,283434094,0x00000000,0,0,0,0x00000000,0x00000000,3,0,1,0,1
present,8505,283470362,0x00000000,0,0,0,0x00000000,0x00000000,3,0,1,0,1
present,8506,283504628,0x00000000,0,0,0,0x00000000,0x00000000,3,0,1,0,1
present,8507,283534132,0x00000000,0,0,0,0x00000000,0x00000000,3,0,1,0,1
present,8508,283567775,0x00000000,0,0,0,0x00000000,0x00000000,3,0,1,0,1
present,8509,283603743,0x00000000,0,0,0,0x00000000,0x00000000,3,0,1,0,1
present,8510,283637753,0x00000000,0,0,0,0x00000000,0x00000000,3,0,1,0,1
present,8511,283670680,0x00000000,0,0,0,0x00000000,0x00000000,3,0,1,0,1
present,8512,283703679,0x00000000,0,0,0,0x00000000,0x00000000,3,0,1,0,1
present,8513,283733952,0x00000000,0,0,0,0x00000000,0x00000000,3,0,1,0,1
present,8514,283767707,0x00000000,0,0,0,0x00000000,0x00000000,3,0,1,0,1
present,8515,283809194,0x00000000,0,0,0,0x00000000,0x00000000,3,0,1,0,1
present,8516,283838301,0x00000000,0,0,0,0x00000000,0x00000000,3,0,1,0,1
present,8517,283871356,0x00000000,0,0,0,0x00000000,0x00000000,3,0,1,0,1
present,8518,283901630,0x00000000,0,0,0,0x00000000,0x00000000,3,0,1,0,1
present,8519,283934516,0x00000000,0,0,0,0x00000000,0x00000000,3,0,1,0,1
present,8520,283970444,0x00000000,0,0,0,0x00000000,0x00000000,3,0,1,0,1
present,8521,284004446,0x00000000,0,0,0,0x00000000,0x00000000,0,0,1,0,1
present,8522,284037425,0x00000000,0,0,0,0x00000000,0x00000000,0,0,1,0,1
present,8523,284068590,0x00000000,0,0,0,0x00000000,0x00000000,0,0,1,0,1
present,8524,284104502,0x00000000,0,0,0,0x00000000,0x00000000,0,0,1,0,1
present,8525,284137327,0x00000000,0,0,0,0x00000000,0x00000000,0,0,1,0,1
present,8526,284169824,0x00000000,0,0,0,0x00000000,0x00000000,0,0,1,0,1
present,8527,284201991,0x00000000,0,0,0,0x00000000,0x00000000,0,0,1,0,1
present,8528,284238008,0x00000000,0,0,0,0x00000000,0x00000000,0,0,1,0,1
present,8529,284270744,0x00000000,0,0,0,0x00000000,0x00000000,0,0,1,0,1
present,8530,284304587,0x00000000,0,0,0,0x00000000,0x00000000,0,0,1,0,1
present,8531,284336034,0x00000000,0,0,0,0x00000000,0x00000000,0,0,1,0,1
present,8532,284367457,0x00000000,0,0,0,0x00000000,0x00000000,0,0,1,0,1
present,8533,284403627,0x00000000,0,0,0,0x00000000,0x00000000,0,0,1,0,1
present,8534,284433949,0x00000000,0,0,0,0x00000000,0x00000000,0,0,1,0,1
present,8535,284469468,0x00000000,0,0,0,0x00000000,0x00000000,0,0,1,0,1
present,8536,284500622,0x00000000,0,0,0,0x00000000,0x00000000,0,0,1,0,1
present,8537,284537638,0x00000000,0,0,0,0x00000000,0x00000000,0,0,1,0,1
present,8538,284570582,0x00000000,0,0,0,0x00000000,0x00000000,0,0,1,0,1
present,8539,284604501,0x00000000,0,0,0,0x00000000,0x00000000,0,0,1,0,1
present,8540,284637401,0x00000000,0,0,0,0x00000000,0x00000000,0,0,1,0,1
present,8541,284671456,0x00000000,0,0,0,0x00000000,0x00000000,0,0,1,0,1
present,8542,284701038,0x00000000,0,0,0,0x00000000,0x00000000,0,0,1,0,1
present,8543,284737003,0x00000000,0,0,0,0x00000000,0x00000000,0,0,1,0,1
present,8544,284767642,0x00000000,0,0,0,0x00000000,0x00000000,0,0,1,0,1
present,8545,284805025,0x00000000,0,0,0,0x00000000,0x00000000,0,0,1,0,1
present,8546,284834534,0x00000000,0,0,0,0x00000000,0x00000000,0,0,1,0,1
present,8547,284870921,0x00000000,0,0,0,0x00000000,0x00000000,0,0,1,0,1
present,8548,284903482,0x00000000,0,0,0,0x00000000,0x00000000,0,0,1,0,1
present,8549,284936836,0x00000000,0,0,0,0x00000000,0x00000000,0,0,1,0,1
present,8550,284970592,0x00000000,0,0,0,0x00000000,0x00000000,0,0,1,0,1
present,8551,285004411,0x00000000,0,0,0,0x00000000,0x00000000,1,0,1,0,1
present,8552,285033489,0x00000000,0,0,0,0x00000000,0x00000000,1,0,1,0,1
present,8553,285071341,0x00000000,0,0,0,0x00000000,0x00000000,1,0,1,0,1
present,8554,285101224,0x00000000,0,0,0,0x00000000,0x00000000,1,0,1,0,1
present,8555,285136379,0x00000000,0,0,0,0x00000000,0x00000000,1,0,1,0,1
present,8556,285171235,0x00000000,0,0,0,0x00000000,0x00000000,1,0,1,0,1
present,8557,285200792,0x00000000,0,0,0,0x00000000,0x00000000,1,0,1,0,1
present,8558,285237318,0x00000000,0,0,0,0x00000000,0x00000000,1,0,1,0,1
present,8559,285270787,0x00000000,0,0,0,0x00000000,0x00000000,1,0,1,0,1
present,8560,285304541,0x00000000,0,0,0,0x00000000,0x00000000,1,0,1,0,1
present,8561,285335416,0x00000000,0,0,0,0x00000000,0x00000000,1,0,1,0,1
present,8562,285366967,0x00000000,0,0,0,0x00000000,0x00000000,1,0,1,0,1
present,8563,285403760,0x00000000,0,0,0,0x00000000,0x00000000,1,0,1,0,1
present,8564,285437466,0x00000000,0,0,0,0x00000000,0x00000000,1,0,1,0,1
present,8565,285468729,0x00000000,0,0,0,0x00000000,0x00000000,1,0,1,0,1
present,8566,285503826,0x00000000,0,0,0,0x00000000,0x00000000,1,0,1,0,1
present,8567,285535089,0x00000000,0,0,0,0x00000000,0x00000000,1,0,1,0,1
present,8568,285570824,0x00000000,0,0,0,0x00000000,0x00000000,1,0,1,0,1
present,8569,285603706,0x00000000,0,0,0,0x00000000,0x00000000,1,0,1,0,1
present,8570,285633878,0x00000000,0,0,0,0x00000000,0x00000000,1,0,1,0,1
present,8571,285670439,0x00000000,0,0,0,0x00000000,0x00000000,1,0,1,0,1
present,8572,285700217,0x00000000,0,0,0,0x00000000,0x00000000,1,0,1,0,1
present,8573,285737010,0x00000000,0,0,0,0x00000000,0x00000000,1,0,1,0,1
present,8574,285768673,0x00000000,0,0,0,0x00000000,0x00000000,1,0,1,0,1
present,8575,285808585,0x00000000,0,0,0,0x00000000,0x00000000,1,0,1,0,1
present,8576,285834661,0x00000000,0,0,0,0x00000000,0x00000000,1,0,1,0,1
present,8577,285870638,0x00000000,0,0,0,0x00000000,0x00000000,1,0,1,0,1
present,8578,285900321,0x00000000,0,0,0,0x00000000,0x00000000,1,0,1,0,1
present,8579,285937110,0x00000000,0,0,0,0x00000000,0x00000000,1,0,1,0,1
present,8580,285970912,0x00000000,0,0,0,0x00000000,0x00000000,1,0,1,0,1
present,8581,286003620,0x00000000,0,0,0,0x00000000,0x00000000,2,0,1,0,1
present,8582,286037682,0x00000000,0,0,0,0x00000000,0x00000000,2,0,1,0,1
present,8583,286070653,0x00000000,0,0,0,0x00000000,0x00000000,2,0,1,0,1
present,8584,286104074,0x00000000,0,0,0,0x00000000,0x00000000,2,0,1,0,1
present,8585,286133904,0x00000000,0,0,0,0x00000000,0x00000000,2,0,1,0,1
present,8586,286167411,0x00000000,0,0,0,0x00000000,0x00000000,2,0,1,0,1
present,8587,286204583,0x00000000,0,0,0,0x00000000,0x00000000,2,0,1,0,1
present,8588,286237607,0x00000000,0,0,0,0x00000000,0x00000000,2,0,1,0,1
present,8589,286271087,0x00000000,0,0,0,0x00000000,0x00000000,2,0,1,0,1
present,8590,286302472,0x00000000,0,0,0,0x00000000,0x00000000,2,0,1,0,1
present,8591,286334650,0x00000000,0,0,0,0x00000000,0x00000000,2,0,1,0,1
present,8592,286367448,0x00000000,0,0,0,0x00000000,0x00000000,2,0,1,0,1
present,8593,286404382,0x00000000,0,0,0,0x00000000,0x00000000,2,0,1,0,1
present,8594,286435570,0x00000000,0,0,0,0x00000000,0x00000000,2,0,1,0,1
present,8595,286470401,0x00000000,0,0,0,0x00000000,0x00000000,2,0,1,0,1
present,8596,286504366,0x00000000,0,0,0,0x00000000,0x00000000,2,0,1,0,1
present,8597,286533982,0x00000000,0,0,0,0x00000000,0x00000000,2,0,1,0,1
present,8598,286570316,0x00000000,0,0,0,0x00000000,0x00000000,2,0,1,0,1
present,8599,286604320,0x00000000,0,0,0,0x00000000,0x00000000,2,0,1,0,1
present,8600,286637705,0x00000000,0,0,0,0x00000000,0x00000000,2,0,1,0,1
present,8601,286667281,0x00000000,0,0,0,0x00000000,0x00000000,2,0,1,0,1
present,8602,286704295,0x00000000,0,0,0,0x00000000,0x00000000,2,0,1,0,1
present,8603,286737157,0x00000000,0,0,0,0x00000000,0x00000000,2,0,1,0,1
present,8604,286771194,0x00000000,0,0,0,0x00000000,0x00000000,2,0,1,0,1
present,8605,286804424,0x00000000,0,0,0,0x00000000,0x00000000,2,0,1,0,1
present,8606,286837293,0x00000000,0,0,0,0x00000000,0x00000000,2,0,1,0,1
present,8607,286870756,0x00000000,0,0,0,0x00000000,0x00000000,2,0,1,0,1
present,8608,286903757,0x00000000,0,0,0,0x00000000,0x00000000,2,0,1,0,1
present,8609,286937735,0x00000000,0,0,0,0x00000000,0x00000000,2,0,1,0,1
present,8610,286970713,0x00000000,0,0,0,0x00000000,0x00000000,2,0,1,0,1
present,8611,287004683,0x00000000,0,0,0,0x00000000,0x00000000,3,0,1,0,1
present,8612,287034488,0x00000000,0,0,0,0x00000000,0x00000000,3,0,1,0,1
present,8613,287069046,0x00000000,0,0,0,0x00000000,0x00000000,3,0,1,0,1
present,8614,287104124,0x00000000,0,0,0,0x00000000,0x00000000,3,0,1,0,1
present,8615,287134771,0x00000000,0,0,0,0x00000000,0x00000000,3,0,1,0,1
present,8616,287167967,0x00000000,0,0,0,0x00000000,0x00000000,3,0,1,0,1
present,8617,287200810,0x00000000,0,0,0,0x00000000,0x00000000,3,0,1,0,1
present,8618,287237230,0x00000000,0,0,0,0x00000000,0x00000000,3,0,1,0,1
present,8619,287270491,0x00000000,0,0,0,0x00000000,0x00000000,3,0,1,0,1
present,8620,287301901,0x00000000,0,0,0,0x00000000,0x00000000,3,0,1,0,1
present,8621,287338159,0x00000000,0,0,0,0x00000000,0x00000000,3,0,1,0,1
present,8622,287368552,0x00000000,0,0,0,0x00000000,0x00000000,3,0,1,0,1
present,8623,287404350,0x00000000,0,0,0,0x00000000,0x00000000,3,0,1,0,1
present,8624,287433954,0x00000000,0,0,0,0x00000000,0x00000000,3,0,1,0,1
present,8625,287467314,0x00000000,0,0,0,0x00000000,0x00000000,3,0,1,0,1
present,8626,287504390,0x00000000,0,0,0,0x00000000,0x00000000,3,0,1,0,1
present,8627,287537388,0x00000000,0,0,0,0x00000000,0x00000000,3,0,1,0,1
present,8628,287570360,0x00000000,0,0,0,0x00000000,0x00000000,3,0,1,0,1
present,8629,287603950,0x00000000,0,0,0,0x00000000,0x00000000,3,0,1,0,1
present,8630,287637227,0x00000000,0,0,0,0x00000000,0x00000000,3,0,1,0,1
present,8631,287671668,0x00000000,0,0,0,0x00000000,0x00000000,3,0,1,0,1
present,8632,287704475,0x00000000,0,0,0,0x00000000,0x00000000,3,0,1,0,1
present,8633,287736485,0x00000000,0,0,0,0x00000000,0x00000000,3,0,1,0,1
present,8634,287770463,0x00000000,0,0,0,0x00000000,0x00000000,3,0,1,0,1
present,8635,287814505,0x00000000,0,0,0,0x00000000,0x00000000,3,0,1,0,1
present,8636,287834046,0x00000000,0,0,0,0x00000000,0x00000000,3,0,1,0,1
present,8637,287871142,0x00000000,0,0,0,0x00000000,0x00000000,3,0,1,0,1
present,8638,287904061,0x00000000,0,0,0,0x00000000,0x00000000,3,0,1,0,1
present,8639,287934255,0x00000000,0,0,0,0x00000000,0x00000000,3,0,1,0,1
present,8640,287971336,0x00000000,0,0,0,0x00000000,0x00000000,3,0,1,0,1
present,8641,288004403,0x00000000,0,0,0,0x00000000,0x00000000,0,0,1,0,1
present,8642,288037310,0x00000000,0,0,0,0x00000000,0x00000000,0,0,1,0,1
present,8643,288067447,0x00000000,0,0,0,0x00000000,0x00000000,0,0,1,0,1
present,8644,288102747,0x00000000,0,0,0,0x00000000,0x00000000,0,0,1,0,1
present,8645,288137878,0x00000000,0,0,0,0x00000000,0x00000000,0,0,1,0,1
present,8646,288170145,0x00000000,0,0,0,0x00000000,0x00000000,0,0,1,0,1
present,8647,288204236,0x00000000,0,0,0,0x00000000,0x00000000,0,0,1,0,1
present,8648,288236921,0x00000000,0,0,0,0x00000000,0x00000000,0,0,1,0,1
present,8649,288270269,0x00000000,0,0,0,0x00000000,0x00000000,0,0,1,0,1
present,8650,288303827,0x00000000,0,0,0,0x00000000,0x00000000,0,0,1,0,1
present,8651,288334929,0x00000000,0,0,0,0x00000000,0x00000000,0,0,1,0,1
present,8652,288366973,0x00000000,0,0,0,0x00000000,0x00000000,0,0,1,0,1
present,8653,288403566,0x00000000,0,0,0,0x00000000,0x00000000,0,0,1,0,1
present,8654,288437385,0x00000000,0,0,0,0x00000000,0x00000000,0,0,1,0,1
present,8655,288470498,0x00000000,0,0,0,0x00000000,0x00000000,0,0,1,0,1
present,8656,288504530,0x00000000,0,0,0,0x00000000,0x00000000,0,0,1,0,1
present,8657,288537634,0x00000000,0,0,0,0x00000000,0x00000000,0,0,1,0,1
present,8658,288571004,0x00000000,0,0,0,0x00000000,0x00000000,0,0,1,0,1
present,8659,288603869,0x00000000,0,0,0,0x00000000,0x00000000,0,0,1,0,1
present,8660,288636990,0x00000000,0,0,0,0x00000000,0x00000000,0,0,1,0,1
present,8661,288671500,0x00000000,0,0,0,0x00000000,0x00000000,0,0,1,0,1
present,8662,288703663,0x00000000,0,0,0,0x00000000,0x00000000,0,0,1,0,1
present,8663,288737813,0x00000000,0,0,0,0x00000000,0x00000000,0,0,1,0,1
present,8664,288771012,0x00000000,0,0,0,0x00000000,0x00000000,0,0,1,0,1
present,8665,288809285,0x00000000,0,0,0,0x00000000,0x00000000,0,0,1,0,1
present,8666,288837310,0x00000000,0,0,0,0x00000000,0x00000000,0,0,1,0,1
present,8667,288867891,0x00000000,0,0,0,0x00000000,0x00000000,0,0,1,0,1
present,8668,288904206,0x00000000,0,0,0,0x00000000,0x00000000,0,0,1,0,1
present,8669,288937127,0x00000000,0,0,0,0x00000000,0x00000000,0,0,1,0,1
present,8670,288971208,0x00000000,0,0,0,0x00000000,0x00000000,0,0,1,0,1
present,8671,289000695,0x00000000,0,0,0,0x00000000,0x00000000,1,0,1,0,1
present,8672,289038938,0x00000000,0,0,0,0x00000000,0x00000000,1,0,1,0,1
present,8673,289070331,0x00000000,0,0,0,0x00000000,0x00000000,1,0,1,0,1
present,8674,289104251,0x00000000,0,0,0,0x00000000,0x00000000,1,0,1,0,1
present,8675,289137148,0x00000000,0,0,0,0x00000000,0x00000000,1,0,1,0,1
present,8676,289171267,0x00000000,0,0,0,0x00000000,0x00000000,1,0,1,0,1
present,8677,289203540,0x00000000,0,0,0,0x00000000,0x00000000,1,0,1,0,1
present,8678,289233867,0x00000000,0,0,0,0x00000000,0x00000000,1,0,1,0,1
present,8679,289270728,0x00000000,0,0,0,0x00000000,0x00000000,1,0,1,0,1
present,8680,289304591,0x00000000,0,0,0,0x00000000,0x00000000,1,0,1,0,1
present,8681,289336299,0x00000000,0,0,0,0x00000000,0x00000000,1,0,1,0,1
present,8682,289370821,0x00000000,0,0,0,0x00000000,0x00000000,1,0,1,0,1
present,8683,289400838,0x00000000,0,0,0,0x00000000,0x00000000,1,0,1,0,1
present,8684,289433970,0x00000000,0,0,0,0x00000000,0x00000000,1,0,1,0,1
present,8685,289467238,0x00000000,0,0,0,0x00000000,0x00000000,1,0,1,0,1
present,8686,289502348,0x00000000,0,0,0,0x00000000,0x00000000,1,0,1,0,1
present,8687,289533837,0x00000000,0,0,0,0x00000000,0x00000000,1,0,1,0,1
present,8688,289570613,0x00000000,0,0,0,0x00000000,0x00000000,1,0,1,0,1
present,8689,289604410,0x00000000,0,0,0,0x00000000,0x00000000,1,0,1,0,1
present,8690,289636247,0x00000000,0,0,0,0x00000000,0x00000000,1,0,1,0,1
present,8691,289672745,0x00000000,0,0,0,0x00000000,0x00000000,1,0,1,0,1
present,8692,289700145,0x00000000,0,0,0,0x00000000,0x00000000,1,0,1,0,1
present,8693,289735280,0x00000000,0,0,0,0x00000000,0x00000000,1,0,1,0,1
present,8694,289768998,0x00000000,0,0,0,0x00000000,0x00000000,1,0,1,0,1
present,8695,289806315,0x00000000,0,0,0,0x00000000,0x00000000,1,0,1,0,1
present,8696,289837489,0x00000000,0,0,0,0x00000000,0x00000000,1,0,1,0,1
present,8697,289870446,0x00000000,0,0,0,0x00000000,0x00000000,1,0,1,0,1
present,8698,289901108,0x00000000,0,0,0,0x00000000,0x00000000,1,0,1,0,1
present,8699,289938115,0x00000000,0,0,0,0x00000000,0x00000000,1,0,1,0,1
present,8700,289970474,0x00000000,0,0,0,0x00000000,0x00000000,1,0,1,0,1
present,8701,290004368,0x00000000,0,0,0,0x00000000,0x00000000,2,0,1,0,1
present,8702,290037478,0x00000000,0,0,0,0x00000000,0x00000000,2,0,1,0,1
present,8703,290070393,0x00000000,0,0,0,0x00000000,0x00000000,2,0,1,0,1
present,8704,290104649,0x00000000,0,0,0,0x00000000,0x00000000,2,0,1,0,1
present,8705,290137788,0x00000000,0,0,0,0x00000000,0x00000000,2,0,1,0,1
present,8706,290170882,0x00000000,0,0,0,0x00000000,0x00000000,2,0,1,0,1
present,8707,290204067,0x00000000,0,0,0,0x00000000,0x00000000,2,0,1,0,1
present,8708,290233936,0x00000000,0,0,0,0x00000000,0x00000000,2,0,1,0,1
present,8709,290271003,0x00000000,0,0,0,0x00000000,0x00000000,2,0,1,0,1
present,8710,290301391,0x00000000,0,0,0,0x00000000,0x00000000,2,0,1,0,1
present,8711,290337550,0x00000000,0,0,0,0x00000000,0x00000000,2,0,1,0,1
present,8712,290366876,0x00000000,0,0,0,0x00000000,0x00000000,2,0,1,0,1
present,8713,290404702,0x00000000,0,0,0,0x00000000,0x00000000,2,0,1,0,1
present,8714,290437247,0x00000000,0,0,0,0x00000000,0x00000000,2,0,1,0,1
present,8715,290471158,0x00000000,0,0,0,0x00000000,0x00000000,2,0,1,0,1
present,8716,290500515,0x00000000,0,0,0,0x00000000,0x00000000,2,0,1,0,1
present,8717,290536855,0x00000000,0,0,0,0x00000000,0x00000000,2,0,1,0,1
present,8718,290569716,0x00000000,0,0,0,0x00000000,0x00000000,2,0,1,0,1
present,8719,290604556,0x00000000,0,0,0,0x00000000,0x00000000,2,0,1,0,1
present,8720,290637629,0x00000000,0,0,0,0x00000000,0x00000000,2,0,1,0,1
present,8721,290670707,0x00000000,0,0,0,0x00000000,0x00000000,2,0,1,0,1
present,8722,290700581,0x00000000,0,0,0,0x00000000,0x00000000,2,0,1,0,1
present,8723,290737571,0x00000000,0,0,0,0x00000000,0x00000000,2,0,1,0,1
present,8724,290767968,0x00000000,0,0,0,0x00000000,0x00000000,2,0,1,0,1
present,8725,290804035,0x00000000,0,0,0,0x00000000,0x00000000,2,0,1,0,1
present,8726,290833894,0x00000000,0,0,0,0x00000000,0x00000000,2,0,1,0,1
present,8727,290870796,0x00000000,0,0,0,0x00000000,0x00000000,2,0,1,0,1
present,8728,290900646,0x00000000,0,0,0,0x00000000,0x00000000,2,0,1,0,1
present,8729,290934190,0x00000000,0,0,0,0x00000000,0x00000000,2,0,1,0,1
present,8730,290967844,0x00000000,0,0,0,0x00000000,0x00000000,2,0,1,0,1
present,8731,291003835,0x00000000,0,0,0,0x00000000,0x00000000,3,0,1,0,1
present,8732,291035726,0x00000000,0,0,0,0x00000000,0x00000000,3,0,1,0,1
present,8733,291070758,0x00000000,0,0,0,0x00000000,0x00000000,3,0,1,0,1
present,8734,291103787,0x00000000,0,0,0,0x00000000,0x00000000,3,0,1,0,1
present,8735,291135203,0x00000000,0,0,0,0x00000000,0x00000000,3,0,1,0,1
present,8736,291167647,0x00000000,0,0,0,0x00000000,0x00000000,3,0,1,0,1
present,8737,291202613,0x00000000,0,0,0,0x00000000,0x00000000,3,0,1,0,1
present,8738,291237768,0x00000000,0,0,0,0x00000000,0x00000000,3,0,1,0,1
present,8739,291270681,0x00000000,0,0,0,0x00000000,0x00000000,3,0,1,0,1
present,8740,291303750,0x00000000,0,0,0,0x00000000,0x00000000,3,0,1,0,1
present,8741,291335083,0x00000000,0,0,0,0x00000000,0x00000000,3,0,1,0,1
present,8742,291370717,0x00000000,0,0,0,0x00000000,0x00000000,3,0,1,0,1
present,8743,291404430,0x00000000,0,0,0,0x00000000,0x00000000,3,0,1,0,1
present,8744,291434800,0x00000000,0,0,0,0x00000000,0x00000000,3,0,1,0,1
present,8745,291470766,0x00000000,0,0,0,0x00000000,0x00000000,3,0,1,0,1
present,8746,291503762,0x00000000,0,0,0,0x00000000,0x00000000,3,0,1,0,1
present,8747,291533987,0x00000000,0,0,0,0x00000000,0x00000000,3,0,1,0,1
present,8748,291571113,0x00000000,0,0,0,0x00000000,0x00000000,3,0,1,0,1
present,8749,291604256,0x00000000,0,0,0,0x00000000,0x00000000,3,0,1,0,1
present,8750,291633970,0x00000000,0,0,0,0x00000000,0x00000000,3,0,1,0,1
present,8751,291671018,0x00000000,0,0,0,0x00000000,0x00000000,3,0,1,0,1
present,8752,291700555,0x00000000,0,0,0,0x00000000,0x00000000,3,0,1,0,1
present,8753,291738343,0x00000000,0,0,0,0x00000000,0x00000000,3,0,1,0,1
present,8754,291767381,0x00000000,0,0,0,0x00000000,0x00000000,3,0,1,0,1
present,8755,291810597,0x00000000,0,0,0,0x00000000,0x00000000,3,0,1,0,1
present,8756,291838116,0x00000000,0,0,0,0x00000000,0x00000000,3,0,1,0,1
present,8757,291871103,0x00000000,0,0,0,0x00000000,0x00000000,3,0,1,0,1
present,8758,291900984,0x00000000,0,0,0,0x00000000,0x00000000,3,0,1,0,1
present,8759,291934525,0x00000000,0,0,0,0x00000000,0x00000000,3,0,1,0,1
present,8760,291970555,0x00000000,0,0,0,0x00000000,0x00000000,3,0,1,0,1
present,8761,292000596,0x00000000,0,0,0,0x00000000,0x00000000,0,0,1,0,1
present,8762,292037701,0x00000000,0,0,0,0x00000000,0x00000000,0,0,1,0,1
present,8763,292070628,0x00000000,0,0,0,0x00000000,0x00000000,0,0,1,0,1
present,8764,292101951,0x00000000,0,0,0,0x00000000,0x00000000,0,0,1,0,1
present,8765,292134399,0x00000000,0,0,0,0x00000000,0x00000000,0,0,1,0,1
present,8766,292170447,0x00000000,0,0,0,0x00000000,0x00000000,0,0,1,0,1
present,8767,292201324,0x00000000,0,0,0,0x00000000,0x00000000,0,0,1,0,1
present,8768,292235899,0x00000000,0,0,0,0x00000000,0x00000000,0,0,1,0,1
present,8769,292270993,0x00000000,0,0,0,0x00000000,0x00000000,0,0,1,0,1
present,8770,292304109,0x00000000,0,0,0,0x00000000,0x00000000,0,0,1,0,1
present,8771,292334162,0x00000000,0,0,0,0x00000000,0x00000000,0,0,1,0,1
present,8772,292367435,0x00000000,0,0,0,0x00000000,0x00000000,0,0,1,0,1
present,8773,292404440,0x00000000,0,0,0,0x00000000,0x00000000,0,0,1,0,1
present,8774,292437403,0x00000000,0,0,0,0x00000000,0x00000000,0,0,1,0,1
present,8775,292467404,0x00000000,0,0,0,0x00000000,0x00000000,0,0,1,0,1
present,8776,292504538,0x00000000,0,0,0,0x00000000,0x00000000,0,0,1,0,1
present,8777,292534754,0x00000000,0,0,0,0x00000000,0x00000000,0,0,1,0,1
present,8778,292570667,0x00000000,0,0,0,0x00000000,0x00000000,0,0,1,0,1
present,8779,292600546,0x00000000,0,0,0,0x00000000,0x00000000,0,0,1,0,1
present,8780,292634033,0x00000000,0,0,0,0x00000000,0x00000000,0,0,1,0,1
present,8781,292671469,0x00000000,0,0,0,0x00000000,0x00000000,0,0,1,0,1
present,8782,292701594,0x00000000,0,0,0,0x00000000,0x00000000,0,0,1,0,1
present,8783,292737667,0x00000000,0,0,0,0x00000000,0x00000000,0,0,1,0,1
present,8784,292771011,0x00000000,0,0,0,0x00000000,0x00000000,0,0,1,0,1
present,8785,292810808,0x00000000,0,0,0,0x00000000,0x00000000,0,0,1,0,1
present,8786,292834339,0x00000000,0,0,0,0x00000000,0x00000000,0,0,1,0,1
present,8787,292867798,0x00000000,0,0,0,0x00000000,0x00000000,0,0,1,0,1
present,8788,292903290,0x00000000,0,0,0,0x00000000,0x00000000,0,0,1,0,1
present,8789,292937043,0x00000000,0,0,0,0x00000000,0x00000000,0,0,1,0,1
present,8790,292968992,0x00000000,0,0,0,0x00000000,0x00000000,0,0,1,0,1
present,8791,293003823,0x00000000,0,0,0,0x00000000,0x00000000,1,0,1,0,1
present,8792,293037358,0x00000000,0,0,0,0x00000000,0x00000000,1,0,1,0,1
present,8793,293071283,0x00000000,0,0,0,0x00000000,0x00000000,1,0,1,0,1
present,8794,293104090,0x00000000,0,0,0,0x00000000,0x00000000,1,0,1,0,1
present,8795,293133832,0x00000000,0,0,0,0x00000000,0x00000000,1,0,1,0,1
present,8796,293167484,0x00000000,0,0,0,0x00000000,0x00000000,1,0,1,0,1
present,8797,293200629,0x00000000,0,0,0,0x00000000,0x00000000,1,0,1,0,1
present,8798,293237598,0x00000000,0,0,0,0x00000000,0x00000000,1,0,1,0,1
present,8799,293267286,0x00000000,0,0,0,0x00000000,0x00000000,1,0,1,0,1
present,8800,293304351,0x00000000,0,0,0,0x00000000,0x00000000,1,0,1,0,1
present,8801,293335369,0x00000000,0,0,0,0x00000000,0x00000000,1,0,1,0,1
present,8802,293367259,0x00000000,0,0,0,0x00000000,0x00000000,1,0,1,0,1
present,8803,293404026,0x00000000,0,0,0,0x00000000,0x00000000,1,0,1,0,1
present,8804,293437893,0x00000000,0,0,0,0x00000000,0x00000000,1,0,1,0,1
present,8805,293469615,0x00000000,0,0,0,0x00000000,0x00000000,1,0,1,0,1
present,8806,293503540,0x00000000,0,0,0,0x00000000,0x00000000,1,0,1,0,1
present,8807,293534347,0x00000000,0,0,0,0x00000000,0x00000000,1,0,1,0,1
present,8808,293571372,0x00000000,0,0,0,0x00000000,0x00000000,1,0,1,0,1
present,8809,293601786,0x00000000,0,0,0,0x00000000,0x00000000,1,0,1,0,1
present,8810,293637540,0x00000000,0,0,0,0x00000000,0x00000000,1,0,1,0,1
present,8811,293670319,0x00000000,0,0,0,0x00000000,0x00000000,1,0,1,0,1
present,8812,293704325,0x00000000,0,0,0,0x00000000,0x00000000,1,0,1,0,1
present,8813,293734319,0x00000000,0,0,0,0x00000000,0x00000000,1,0,1,0,1
present,8814,293767928,0x00000000,0,0,0,0x00000000,0x00000000,1,0,1,0,1
present,8815,293806615,0x00000000,0,0,0,0x00000000,0x00000000,1,0,1,0,1
present,8816,293837521,0x00000000,0,0,0,0x00000000,0x00000000,1,0,1,0,1
present,8817,293870686,0x00000000,0,0,0,0x00000000,0x00000000,1,0,1,0,1
present,8818,293901872,0x00000000,0,0,0,0x00000000,0x00000000,1,0,1,0,1
present,8819,293937659,0x00000000,0,0,0,0x00000000,0x00000000,1,0,1,0,1
present,8820,293967212,0x00000000,0,0,0,0x00000000,0x00000000,1,0,1,0,1
present,8821,294003579,0x00000000,0,0,0,0x00000000,0x00000000,2,0,1,0,1
present,8822,294035707,0x00000000,0,0,0,0x00000000,0x00000000,2,0,1,0,1
present,8823,294070121,0x00000000,0,0,0,0x00000000,0x00000000,2,0,1,0,1
present,8824,294100732,0x00000000,0,0,0,0x00000000,0x00000000,2,0,1,0,1
present,8825,294137992,0x00000000,0,0,0,0x00000000,0x00000000,2,0,1,0,1
present,8826,294169311,0x00000000,0,0,0,0x00000000,0x00000000,2,0,1,0,1
present,8827,294201734,0x00000000,0,0,0,0x00000000,0x00000000,2,0,1,0,1
present,8828,294235674,0x00000000,0,0,0,0x00000000,0x00000000,2,0,1,0,1
present,8829,294267429,0x00000000,0,0,0,0x00000000,0x00000000,2,0,1,0,1
present,8830,294302577,0x00000000,0,0,0,0x00000000,0x00000000,2,0,1,0,1
present,8831,294335187,0x00000000,0,0,0,0x00000000,0x00000000,2,0,1,0,1
present,8832,294371171,0x00000000,0,0,0,0x00000000,0x00000000,2,0,1,0,1
present,8833,294404159,0x00000000,0,0,0,0x00000000,0x00000000,2,0,1,0,1
present,8834,294437045,0x00000000,0,0,0,0x00000000,0x00000000,2,0,1,0,1
present,8835,294471050,0x00000000,0,0,0,0x00000000,0x00000000,2,0,1,0,1
present,8836,294504217,0x00000000,0,0,0,0x00000000,0x00000000,2,0,1,0,1
present,8837,294533901,0x00000000,0,0,0,0x00000000,0x00000000,2,0,1,0,1
present,8838,294569124,0x00000000,0,0,0,0x00000000,0x00000000,2,0,1,0,1
present,8839,294603312,0x00000000,0,0,0,0x00000000,0x00000000,2,0,1,0,1
present,8840,294637333,0x00000000,0,0,0,0x00000000,0x00000000,2,0,1,0,1
present,8841,294670777,0x00000000,0,0,0,0x00000000,0x00000000,2,0,1,0,1
present,8842,294700760,0x00000000,0,0,0,0x00000000,0x00000000,2,0,1,0,1
present,8843,294737878,0x00000000,0,0,0,0x00000000,0x00000000,2,0,1,0,1
present,8844,294768868,0x00000000,0,0,0,0x00000000,0x00000000,2,0,1,0,1
present,8845,294812429,0x00000000,0,0,0,0x00000000,0x00000000,2,0,1,0,1
present,8846,294836160,0x00000000,0,0,0,0x00000000,0x00000000,2,0,1,0,1
present,8847,294869429,0x00000000,0,0,0,0x00000000,0x00000000,2,0,1,0,1
present,8848,294904296,0x00000000,0,0,0,0x00000000,0x00000000,2,0,1,0,1
present,8849,294937152,0x00000000,0,0,0,0x00000000,0x00000000,2,0,1,0,1
present,8850,294971094,0x00000000,0,0,0,0x00000000,0x00000000,2,0,1,0,1
present,8851,295000702,0x00000000,0,0,0,0x00000000,0x00000000,3,0,1,0,1
present,8852,295037966,0x00000000,0,0,0,0x00000000,0x00000000,3,0,1,0,1
present,8853,295067247,0x00000000,0,0,0,0x00000000,0x00000000,3,0,1,0,1
present,8854,295104317,0x00000000,0,0,0,0x00000000,0x00000000,3,0,1,0,1
present,8855,295137344,0x00000000,0,0,0,0x00000000,0x00000000,3,0,1,0,1
present,8856,295168731,0x00000000,0,0,0,0x00000000,0x00000000,3,0,1,0,1
present,8857,295201556,0x00000000,0,0,0,0x00000000,0x00000000,3,0,1,0,1
present,8858,295234449,0x00000000,0,0,0,0x00000000,0x00000000,3,0,1,0,1
present,8859,295267422,0x00000000,0,0,0,0x00000000,0x00000000,3,0,1,0,1
present,8860,295304557,0x00000000,0,0,0,0x00000000,0x00000000,3,0,1,0,1
present,8861,295337623,0x00000000,0,0,0,0x00000000,0x00000000,3,0,1,0,1
present,8862,295370611,0x00000000,0,0,0,0x00000000,0x00000000,3,0,1,0,1
present,8863,295401377,0x00000000,0,0,0,0x00000000,0x00000000,3,0,1,0,1
present,8864,295437259,0x00000000,0,0,0,0x00000000,0x00000000,3,0,1,0,1
present,8865,295471255,0x00000000,0,0,0,0x00000000,0x00000000,3,0,1,0,1
present,8866,295500666,0x00000000,0,0,0,0x00000000,0x00000000,3,0,1,0,1
present,8867,295537618,0x00000000,0,0,0,0x00000000,0x00000000,3,0,1,0,1
present,8868,295570488,0x00000000,0,0,0,0x00000000,0x00000000,3,0,1,0,1
present,8869,295603683,0x00000000,0,0,0,0x00000000,0x00000000,3,0,1,0,1
present,8870,295637684,0x00000000,0,0,0,0x00000000,0x00000000,3,0,1,0,1
present,8871,295667302,0x00000000,0,0,0,0x00000000,0x00000000,3,0,1,0,1
present,8872,295700599,0x00000000,0,0,0,0x00000000,0x00000000,3,0,1,0,1
present,8873,295734174,0x00000000,0,0,0,0x00000000,0x00000000,3,0,1,0,1
present,8874,295770327,0x00000000,0,0,0,0x00000000,0x00000000,3,0,1,0,1
present,8875,295809433,0x00000000,0,0,0,0x00000000,0x00000000,3,0,1,0,1
present,8876,295834935,0x00000000,0,0,0,0x00000000,0x00000000,3,0,1,0,1
present,8877,295870412,0x00000000,0,0,0,0x00000000,0x00000000,3,0,1,0,1
present,8878,295900500,0x00000000,0,0,0,0x00000000,0x00000000,3,0,1,0,1
present,8879,295937517,0x00000000,0,0,0,0x00000000,0x00000000,3,0,1,0,1
present,8880,295967865,0x00000000,0,0,0,0x00000000,0x00000000,3,0,1,0,1
present,8881,296003853,0x00000000,0,0,0,0x00000000,0x00000000,0,0,1,0,1
present,8882,296035962,0x00000000,0,0,0,0x00000000,0x00000000,0,0,1,0,1
present,8883,296071063,0x00000000,0,0,0,0x00000000,0x00000000,0,0,1,0,1
present,8884,296100584,0x00000000,0,0,0,0x00000000,0x00000000,0,0,1,0,1
present,8885,296137730,0x00000000,0,0,0,0x00000000,0x00000000,0,0,1,0,1
present,8886,296170541,0x00000000,0,0,0,0x00000000,0x00000000,0,0,1,0,1
present,8887,296200924,0x00000000,0,0,0,0x00000000,0x00000000,0,0,1,0,1
present,8888,296234196,0x00000000,0,0,0,0x00000000,0x00000000,0,0,1,0,1
present,8889,296271412,0x00000000,0,0,0,0x00000000,0x00000000,0,0,1,0,1
present,8890,296300595,0x00000000,0,0,0,0x00000000,0x00000000,0,0,1,0,1
present,8891,296337616,0x00000000,0,0,0,0x00000000,0x00000000,0,0,1,0,1
present,8892,296369805,0x00000000,0,0,0,0x00000000,0x00000000,0,0,1,0,1
present,8893,296400611,0x00000000,0,0,0,0x00000000,0x00000000,0,0,1,0,1
present,8894,296437536,0x00000000,0,0,0,0x00000000,0x00000000,0,0,1,0,1
present,8895,296467326,0x00000000,0,0,0,0x00000000,0x00000000,0,0,1,0,1
present,8896,296500699,0x00000000,0,0,0,0x00000000,0x00000000,0,0,1,0,1
present,8897,296537788,0x00000000,0,0,0,0x00000000,0x00000000,0,0,1,0,1
present,8898,296569770,0x00000000,0,0,0,0x00000000,0x00000000,0,0,1,0,1
present,8899,296604656,0x00000000,0,0,0,0x00000000,0x00000000,0,0,1,0,1
present,8900,296635953,0x00000000,0,0,0,0x00000000,0x00000000,0,0,1,0,1
present,8901,296667238,0x00000000,0,0,0,0x00000000,0x00000000,0,0,1,0,1
present,8902,296704106,0x00000000,0,0,0,0x00000000,0x00000000,0,0,1,0,1
present,8903,296735346,0x00000000,0,0,0,0x00000000,0x00000000,0,0,1,0,1
present,8904,296767437,0x00000000,0,0,0,0x00000000,0x00000000,0,0,1,0,1
present,8905,296809012,0x00000000,0,0,0,0x00000000,0x00000000,0,0,1,0,1
present,8906,296836801,0x00000000,0,0,0,0x00000000,0x00000000,0,0,1,0,1
present,8907,296869841,0x00000000,0,0,0,0x00000000,0x00000000,0,0,1,0,1
present,8908,296903445,0x00000000,0,0,0,0x00000000,0x00000000,0,0,1,0,1
present,8909,296937069,0x00000000,0,0,0,0x00000000,0x00000000,0,0,1,0,1
present,8910,296971241,0x00000000,0,0,0,0x00000000,0x00000000,0,0,1,0,1
present,8911,297000588,0x00000000,0,0,0,0x00000000,0x00000000,1,0,1,0,1
present,8912,297033867,0x00000000,0,0,0,0x00000000,0x00000000,1,0,1,0,1
present,8913,297067379,0x00000000,0,0,0,0x00000000,0x00000000,1,0,1,0,1
present,8914,297100225,0x00000000,0,0,0,0x00000000,0x00000000,1,0,1,0,1
present,8915,297137002,0x00000000,0,0,0,0x00000000,0x00000000,1,0,1,0,1
present,8916,297170914,0x00000000,0,0,0,0x00000000,0x00000000,1,0,1,0,1
present,8917,297204447,0x00000000,0,0,0,0x00000000,0x00000000,1,0,1,0,1
present,8918,297235692,0x00000000,0,0,0,0x00000000,0x00000000,1,0,1,0,1
present,8919,297270551,0x00000000,0,0,0,0x00000000,0x00000000,1,0,1,0,1
present,8920,297300611,0x00000000,0,0,0,0x00000000,0x00000000,1,0,1,0,1
present,8921,297333954,0x00000000,0,0,0,0x00000000,0x00000000,1,0,1,0,1
present,8922,297370445,0x00000000,0,0,0,0x00000000,0x00000000,1,0,1,0,1
present,8923,297404272,0x00000000,0,0,0,0x00000000,0x00000000,1,0,1,0,1
present,8924,297437182,0x00000000,0,0,0,0x00000000,0x00000000,1,0,1,0,1
present,8925,297469952,0x00000000,0,0,0,0x00000000,0x00000000,1,0,1,0,1
present,8926,297503829,0x00000000,0,0,0,0x00000000,0x00000000,1,0,1,0,1
present,8927,297533973,0x00000000,0,0,0,0x00000000,0x00000000,1,0,1,0,1
present,8928,297567286,0x00000000,0,0,0,0x00000000,0x00000000,1,0,1,0,1
present,8929,297604136,0x00000000,0,0,0,0x00000000,0x00000000,1,0,1,0,1
present,8930,297634320,0x00000000,0,0,0,0x00000000,0x00000000,1,0,1,0,1
present,8931,297670349,0x00000000,0,0,0,0x00000000,0x00000000,1,0,1,0,1
present,8932,297703720,0x00000000,0,0,0,0x00000000,0x00000000,1,0,1,0,1
present,8933,297737845,0x00000000,0,0,0,0x00000000,0x00000000,1,0,1,0,1
present,8934,297768933,0x00000000,0,0,0,0x00000000,0x00000000,1,0,1,0,1
present,8935,297809488,0x00000000,0,0,0,0x00000000,0x00000000,1,0,1,0,1
present,8936,297834175,0x00000000,0,0,0,0x00000000,0x00000000,1,0,1,0,1
present,8937,297868124,0x00000000,0,0,0,0x00000000,0x00000000,1,0,1,0,1
present,8938,297903608,0x00000000,0,0,0,0x00000000,0x00000000,1,0,1,0,1
present,8939,297937259,0x00000000,0,0,0,0x00000000,0x00000000,1,0,1,0,1
present,8940,297971322,0x00000000,0,0,0,0x00000000,0x00000000,1,0,1,0,1
present,8941,298003850,0x00000000,0,0,0,0x00000000,0x00000000,2,0,1,0,1
present,8942,298037669,0x00000000,0,0,0,0x00000000,0x00000000,2,0,1,0,1
present,8943,298070627,0x00000000,0,0,0,0x00000000,0x00000000,2,0,1,0,1
present,8944,298104579,0x00000000,0,0,0,0x00000000,0x00000000,2,0,1,0,1
present,8945,298134025,0x00000000,0,0,0,0x00000000,0x00000000,2,0,1,0,1
present,8946,298168480,0x00000000,0,0,0,0x00000000,0x00000000,2,0,1,0,1
present,8947,298200546,0x00000000,0,0,0,0x00000000,0x00000000,2,0,1,0,1
present,8948,298233936,0x00000000,0,0,0,0x00000000,0x00000000,2,0,1,0,1
present,8949,298267671,0x00000000,0,0,0,0x00000000,0x00000000,2,0,1,0,1
present,8950,298302819,0x00000000,0,0,0,0x00000000,0x00000000,2,0,1,0,1
present,8951,298337761,0x00000000,0,0,0,0x00000000,0x00000000,2,0,1,0,1
present,8952,298368541,0x00000000,0,0,0,0x00000000,0x00000000,2,0,1,0,1
present,8953,298400766,0x00000000,0,0,0,0x00000000,0x00000000,2,0,1,0,1
present,8954,298435500,0x00000000,0,0,0,0x00000000,0x00000000,2,0,1,0,1
present,8955,298467260,0x00000000,0,0,0,0x00000000,0x00000000,2,0,1,0,1
present,8956,298501784,0x00000000,0,0,0,0x00000000,0x00000000,2,0,1,0,1
present,8957,298537065,0x00000000,0,0,0,0x00000000,0x00000000,2,0,1,0,1
present,8958,298569067,0x00000000,0,0,0,0x00000000,0x00000000,2,0,1,0,1
present,8959,298603983,0x00000000,0,0,0,0x00000000,0x00000000,2,0,1,0,1
present,8960,298634077,0x00000000,0,0,0,0x00000000,0x00000000,2,0,1,0,1
present,8961,298667279,0x00000000,0,0,0,0x00000000,0x00000000,2,0,1,0,1
present,8962,298704273,0x00000000,0,0,0,0x00000000,0x00000000,2,0,1,0,1
present,8963,298737996,0x00000000,0,0,0,0x00000000,0x00000000,2,0,1,0,1
present,8964,298767239,0x00000000,0,0,0,0x00000000,0x00000000,2,0,1,0,1
present,8965,298810974,0x00000000,0,0,0,0x00000000,0x00000000,2,0,1,0,1
present,8966,298837049,0x00000000,0,0,0,0x00000000,0x00000000,2,0,1,0,1
present,8967,298868764,0x00000000,0,0,0,0x00000000,0x00000000,2,0,1,0,1
present,8968,298903679,0x00000000,0,0,0,0x00000000,0x00000000,2,0,1,0,1
present,8969,298937676,0x00000000,0,0,0,0x00000000,0x00000000,2,0,1,0,1
present,8970,298970815,0x00000000,0,0,0,0x00000000,0x00000000,2,0,1,0,1
present,8971,299005282,0x00000000,0,0,0,0x00000000,0x00000000,3,0,1,0,1
present,8972,299036388,0x00000000,0,0,0,0x00000000,0x00000000,3,0,1,0,1
present,8973,299070423,0x00000000,0,0,0,0x00000000,0x00000000,3,0,1,0,1
present,8974,299104498,0x00000000,0,0,0,0x00000000,0x00000000,3,0,1,0,1
present,8975,299137259,0x00000000,0,0,0,0x00000000,0x00000000,3,0,1,0,1
present,8976,299170992,0x00000000,0,0,0,0x00000000,0x00000000,3,0,1,0,1
present,8977,299203625,0x00000000,0,0,0,0x00000000,0x00000000,3,0,1,0,1
present,8978,299233757,0x00000000,0,0,0,0x00000000,0x00000000,3,0,1,0,1
present,8979,299270636,0x00000000,0,0,0,0x00000000,0x00000000,3,0,1,0,1
present,8980,299300562,0x00000000,0,0,0,0x00000000,0x00000000,3,0,1,0,1
present,8981,299337056,0x00000000,0,0,0,0x00000000,0x00000000,3,0,1,0,1
present,8982,299367881,0x00000000,0,0,0,0x00000000,0x00000000,3,0,1,0,1
present,8983,299401037,0x00000000,0,0,0,0x00000000,0x00000000,3,0,1,0,1
present,8984,299433974,0x00000000,0,0,0,0x00000000,0x00000000,3,0,1,0,1
present,8985,299467892,0x00000000,0,0,0,0x00000000,0x00000000,3,0,1,0,1
present,8986,299502782,0x00000000,0,0,0,0x00000000,0x00000000,3,0,1,0,1
present,8987,299537698,0x00000000,0,0,0,0x00000000,0x00000000,3,0,1,0,1
present,8988,299570562,0x00000000,0,0,0,0x00000000,0x00000000,3,0,1,0,1
present,8989,299604507,0x00000000,0,0,0,0x00000000,0x00000000,3,0,1,0,1
present,8990,299636737,0x00000000,0,0,0,0x00000000,0x00000000,3,0,1,0,1
present,8991,299670611,0x00000000,0,0,0,0x00000000,0x00000000,3,0,1,0,1
present,8992,299704782,0x00000000,0,0,0,0x00000000,0x00000000,3,0,1,0,1
present,8993,299736121,0x00000000,0,0,0,0x00000000,0x00000000,3,0,1,0,1
present,8994,299770975,0x00000000,0,0,0,0x00000000,0x00000000,3,0,1,0,1
present,8995,299803309,0x00000000,0,0,0,0x00000000,0x00000000,3,0,1,0,1
present,8996,299833939,0x00000000,0,0,0,0x00000000,0x00000000,3,0,1,0,1
present,8997,299867664,0x00000000,0,0,0,0x00000000,0x00000000,3,0,1,0,1
present,8998,299900669,0x00000000,0,0,0,0x00000000,0x00000000,3,0,1,0,1
present,8999,299934759,0x00000000,0,0,0,0x00000000,0x00000000,3,0,1,0,1
present,9000,299967289,0x00000000,0,0,0,0x00000000,0x00000000,3,0,1,0,1
present,9001,300004608,0x00000000,0,0,0,0x00000000,0x00000000,0,0,1,0,1
exit,9001,300037467,0x00000000,0,0
