start dxgi_module=00006ffffe280000 dxgi_path_chars=28 dxgi_path=C:\windows\system32\dxgi.dll
call=CreateDXGIFactory hr=0x00000000 factory=00007f8628083ce0
call=CreateDXGIFactory1 hr=0x00000000 factory=00007f8628083ce0
call=CreateDXGIFactory2 hr=0x00000000 factory=00007f8628083ce0
adapter_interface version=4 hr=0x00000000 adapter=00007f8628082840
adapter_interface_matrix adapter0=1 adapter1=1 adapter2=1 adapter3=1 adapter4=1
com_identity factory_qi_iunknown=1 adapter_getparent_factory=1 result=PASS
adapter_enum_output_zero hr=0x00000000 output=00007f86280832e0
output_interface version=6 hr=0x00000000 output=00007f86280832e0
com_identity output_getparent_adapter hr=0x00000000 same_adapter=1
interface name=IDXGIFactory hr=0x00000000 ptr=00007f8628083ce0
interface name=IDXGIFactory1 hr=0x00000000 ptr=00007f8628083ce0
interface name=IDXGIFactory2 hr=0x00000000 ptr=00007f8628083ce0
interface name=IDXGIFactory3 hr=0x00000000 ptr=00007f8628083ce0
interface name=IDXGIFactory4 hr=0x00000000 ptr=00007f8628083ce0
interface name=IDXGIFactory5 hr=0x00000000 ptr=00007f8628083ce0
interface name=IDXGIFactory6 hr=0x00000000 ptr=00007f8628083ce0
interface name=IDXGIFactory7 hr=0x00000000 ptr=00007f8628083ce0
interface name=IDXGIFactoryMedia hr=0x80004002 ptr=0000000000000000
call=D3D12CreateDevice hr=0x00000000 device=00007f861f8d4010
call=CreateCommandQueue hr=0x00000000 queue=00007f861f8e2010
call=CreateSwapChainForHwnd hr=0x00000000 swapchain=00007f85ff97d7d0
call=QueryInterface_IDXGISwapChain3 hr=0x00000000 swapchain3=00007f85ff97d7d0
com_identity swapchain_getparent_factory hr=0x00000000 same_factory=1
interface name=IDXGISwapChainMedia hr=0x80004002 ptr=0000000000000000
interface name=IDXGISwapChain hr=0x00000000 ptr=00007f85ff97d7d0
interface name=IDXGISwapChain1 hr=0x00000000 ptr=00007f85ff97d7d0
interface name=IDXGISwapChain2 hr=0x00000000 ptr=00007f85ff97d7d0
interface name=IDXGISwapChain3 hr=0x00000000 ptr=00007f85ff97d7d0
interface name=IDXGISwapChain4 hr=0x00000000 ptr=00007f85ff97d7d0
test_case=A frames=2000 target_fps=0 source_index_policy=GetCurrentBackBufferIndex_each_frame allocator_policy=per_backbuffer
timing qpc_frequency=10000000 target_fps=0
present frame=0 source_index=0 allocator_index=0 expected_next=1 observed_next=1 qpc=3108244007712 duration_ticks=167 hr=0x00000000
present frame=1 source_index=1 allocator_index=1 expected_next=2 observed_next=2 qpc=3108244009452 duration_ticks=12 hr=0x00000000
present frame=2 source_index=2 allocator_index=2 expected_next=0 observed_next=0 qpc=3108244009727 duration_ticks=9 hr=0x00000000
present frame=3 source_index=0 allocator_index=0 expected_next=1 observed_next=1 qpc=3108244090026 duration_ticks=94 hr=0x00000000
present frame=4 source_index=1 allocator_index=1 expected_next=2 observed_next=2 qpc=3108244091384 duration_ticks=777 hr=0x00000000
present frame=5 source_index=2 allocator_index=2 expected_next=0 observed_next=0 qpc=3108244092420 duration_ticks=2100 hr=0x00000000
present frame=6 source_index=0 allocator_index=0 expected_next=1 observed_next=1 qpc=3108244094815 duration_ticks=4688 hr=0x00000000
present frame=7 source_index=1 allocator_index=1 expected_next=2 observed_next=2 qpc=3108244099777 duration_ticks=2082 hr=0x00000000
present frame=8 source_index=2 allocator_index=2 expected_next=0 observed_next=0 qpc=3108244102280 duration_ticks=2271 hr=0x00000000
present frame=9 source_index=0 allocator_index=0 expected_next=1 observed_next=1 qpc=3108244105216 duration_ticks=1896 hr=0x00000000
present frame=10 source_index=1 allocator_index=1 expected_next=2 observed_next=2 qpc=3108244107433 duration_ticks=2273 hr=0x00000000
present frame=11 source_index=2 allocator_index=2 expected_next=0 observed_next=0 qpc=3108244111042 duration_ticks=1753 hr=0x00000000
present frame=12 source_index=0 allocator_index=0 expected_next=1 observed_next=1 qpc=3108244114752 duration_ticks=10 hr=0x00000000
present frame=13 source_index=1 allocator_index=1 expected_next=2 observed_next=2 qpc=3108244118022 duration_ticks=14 hr=0x00000000
present frame=14 source_index=2 allocator_index=2 expected_next=0 observed_next=0 qpc=3108244118377 duration_ticks=1361 hr=0x00000000
present frame=15 source_index=0 allocator_index=0 expected_next=1 observed_next=1 qpc=3108244120105 duration_ticks=37555 hr=0x00000000
present frame=16 source_index=1 allocator_index=1 expected_next=2 observed_next=2 qpc=3108244158198 duration_ticks=138787 hr=0x00000000
present frame=17 source_index=2 allocator_index=2 expected_next=0 observed_next=0 qpc=3108244297697 duration_ticks=205140 hr=0x00000000
present frame=18 source_index=0 allocator_index=0 expected_next=1 observed_next=1 qpc=3108244503622 duration_ticks=124454 hr=0x00000000
present frame=19 source_index=1 allocator_index=1 expected_next=2 observed_next=2 qpc=3108244628880 duration_ticks=166028 hr=0x00000000
present frame=20 source_index=2 allocator_index=2 expected_next=0 observed_next=0 qpc=3108244795515 duration_ticks=165742 hr=0x00000000
present frame=21 source_index=0 allocator_index=0 expected_next=1 observed_next=1 qpc=3108244961711 duration_ticks=165172 hr=0x00000000
present frame=22 source_index=1 allocator_index=1 expected_next=2 observed_next=2 qpc=3108245127302 duration_ticks=166928 hr=0x00000000
present frame=23 source_index=2 allocator_index=2 expected_next=0 observed_next=0 qpc=3108245294852 duration_ticks=165570 hr=0x00000000
present frame=24 source_index=0 allocator_index=0 expected_next=1 observed_next=1 qpc=3108245460774 duration_ticks=166423 hr=0x00000000
present frame=25 source_index=1 allocator_index=1 expected_next=2 observed_next=2 qpc=3108245627503 duration_ticks=168442 hr=0x00000000
present frame=26 source_index=2 allocator_index=2 expected_next=0 observed_next=0 qpc=3108245796513 duration_ticks=165502 hr=0x00000000
present frame=27 source_index=0 allocator_index=0 expected_next=1 observed_next=1 qpc=3108245962299 duration_ticks=165566 hr=0x00000000
present frame=28 source_index=1 allocator_index=1 expected_next=2 observed_next=2 qpc=3108246128192 duration_ticks=166229 hr=0x00000000
present frame=29 source_index=2 allocator_index=2 expected_next=0 observed_next=0 qpc=3108246294750 duration_ticks=167675 hr=0x00000000
present frame=30 source_index=0 allocator_index=0 expected_next=1 observed_next=1 qpc=3108246462726 duration_ticks=166591 hr=0x00000000
present frame=31 source_index=1 allocator_index=1 expected_next=2 observed_next=2 qpc=3108246629759 duration_ticks=167436 hr=0x00000000
present frame=32 source_index=2 allocator_index=2 expected_next=0 observed_next=0 qpc=3108246797547 duration_ticks=167195 hr=0x00000000
present frame=33 source_index=0 allocator_index=0 expected_next=1 observed_next=1 qpc=3108246965150 duration_ticks=168191 hr=0x00000000
present frame=34 source_index=1 allocator_index=1 expected_next=2 observed_next=2 qpc=3108247133802 duration_ticks=164584 hr=0x00000000
present frame=35 source_index=2 allocator_index=2 expected_next=0 observed_next=0 qpc=3108247298747 duration_ticks=167312 hr=0x00000000
present frame=36 source_index=0 allocator_index=0 expected_next=1 observed_next=1 qpc=3108247466482 duration_ticks=166290 hr=0x00000000
present frame=37 source_index=1 allocator_index=1 expected_next=2 observed_next=2 qpc=3108247633597 duration_ticks=170185 hr=0x00000000
present frame=38 source_index=2 allocator_index=2 expected_next=0 observed_next=0 qpc=3108247807902 duration_ticks=167230 hr=0x00000000
present frame=39 source_index=0 allocator_index=0 expected_next=1 observed_next=1 qpc=3108247979980 duration_ticks=160094 hr=0x00000000
present frame=40 source_index=1 allocator_index=1 expected_next=2 observed_next=2 qpc=3108248144758 duration_ticks=164136 hr=0x00000000
present frame=41 source_index=2 allocator_index=2 expected_next=0 observed_next=0 qpc=3108248318855 duration_ticks=156302 hr=0x00000000
present frame=42 source_index=0 allocator_index=0 expected_next=1 observed_next=1 qpc=3108248481400 duration_ticks=159352 hr=0x00000000
present frame=43 source_index=1 allocator_index=1 expected_next=2 observed_next=2 qpc=3108248646643 duration_ticks=161768 hr=0x00000000
present frame=44 source_index=2 allocator_index=2 expected_next=0 observed_next=0 qpc=3108248813092 duration_ticks=161025 hr=0x00000000
present frame=45 source_index=0 allocator_index=0 expected_next=1 observed_next=1 qpc=3108248981443 duration_ticks=159513 hr=0x00000000
present frame=46 source_index=1 allocator_index=1 expected_next=2 observed_next=2 qpc=3108249146901 duration_ticks=159798 hr=0x00000000
present frame=47 source_index=2 allocator_index=2 expected_next=0 observed_next=0 qpc=3108249311973 duration_ticks=163749 hr=0x00000000
present frame=48 source_index=0 allocator_index=0 expected_next=1 observed_next=1 qpc=3108249481693 duration_ticks=155979 hr=0x00000000
present frame=49 source_index=1 allocator_index=1 expected_next=2 observed_next=2 qpc=3108249642706 duration_ticks=162342 hr=0x00000000
present frame=50 source_index=2 allocator_index=2 expected_next=0 observed_next=0 qpc=3108249809691 duration_ticks=163184 hr=0x00000000
present frame=51 source_index=0 allocator_index=0 expected_next=1 observed_next=1 qpc=3108249978412 duration_ticks=160144 hr=0x00000000
present frame=52 source_index=1 allocator_index=1 expected_next=2 observed_next=2 qpc=3108250143814 duration_ticks=161001 hr=0x00000000
present frame=53 source_index=2 allocator_index=2 expected_next=0 observed_next=0 qpc=3108250310019 duration_ticks=161525 hr=0x00000000
present frame=54 source_index=0 allocator_index=0 expected_next=1 observed_next=1 qpc=3108250477045 duration_ticks=167015 hr=0x00000000
present frame=55 source_index=1 allocator_index=1 expected_next=2 observed_next=2 qpc=3108250647999 duration_ticks=157508 hr=0x00000000
present frame=56 source_index=2 allocator_index=2 expected_next=0 observed_next=0 qpc=3108250811438 duration_ticks=164653 hr=0x00000000
present frame=57 source_index=0 allocator_index=0 expected_next=1 observed_next=1 qpc=3108250990946 duration_ticks=152741 hr=0x00000000
present frame=58 source_index=1 allocator_index=1 expected_next=2 observed_next=2 qpc=3108251147981 duration_ticks=160940 hr=0x00000000
present frame=59 source_index=2 allocator_index=2 expected_next=0 observed_next=0 qpc=3108251313554 duration_ticks=165078 hr=0x00000000
present frame=60 source_index=0 allocator_index=0 expected_next=1 observed_next=1 qpc=3108251500810 duration_ticks=140641 hr=0x00000000
present frame=61 source_index=1 allocator_index=1 expected_next=2 observed_next=2 qpc=3108251647393 duration_ticks=164298 hr=0x00000000
present frame=62 source_index=2 allocator_index=2 expected_next=0 observed_next=0 qpc=3108251818590 duration_ticks=156569 hr=0x00000000
present frame=63 source_index=0 allocator_index=0 expected_next=1 observed_next=1 qpc=3108251981117 duration_ticks=163194 hr=0x00000000
present frame=64 source_index=1 allocator_index=1 expected_next=2 observed_next=2 qpc=3108252153501 duration_ticks=154913 hr=0x00000000
present frame=65 source_index=2 allocator_index=2 expected_next=0 observed_next=0 qpc=3108252312194 duration_ticks=163762 hr=0x00000000
present frame=66 source_index=0 allocator_index=0 expected_next=1 observed_next=1 qpc=3108252489182 duration_ticks=153283 hr=0x00000000
present frame=67 source_index=1 allocator_index=1 expected_next=2 observed_next=2 qpc=3108252646105 duration_ticks=158823 hr=0x00000000
present frame=68 source_index=2 allocator_index=2 expected_next=0 observed_next=0 qpc=3108252810110 duration_ticks=165479 hr=0x00000000
present frame=69 source_index=0 allocator_index=0 expected_next=1 observed_next=1 qpc=3108252981080 duration_ticks=159886 hr=0x00000000
present frame=70 source_index=1 allocator_index=1 expected_next=2 observed_next=2 qpc=3108253144783 duration_ticks=174369 hr=0x00000000
present frame=71 source_index=2 allocator_index=2 expected_next=0 observed_next=0 qpc=3108253325157 duration_ticks=148875 hr=0x00000000
present frame=72 source_index=0 allocator_index=0 expected_next=1 observed_next=1 qpc=3108253480818 duration_ticks=162264 hr=0x00000000
present frame=73 source_index=1 allocator_index=1 expected_next=2 observed_next=2 qpc=3108253654447 duration_ticks=154403 hr=0x00000000
present frame=74 source_index=2 allocator_index=2 expected_next=0 observed_next=0 qpc=3108253812985 duration_ticks=161927 hr=0x00000000
present frame=75 source_index=0 allocator_index=0 expected_next=1 observed_next=1 qpc=3108253978380 duration_ticks=161556 hr=0x00000000
present frame=76 source_index=1 allocator_index=1 expected_next=2 observed_next=2 qpc=3108254144542 duration_ticks=163353 hr=0x00000000
present frame=77 source_index=2 allocator_index=2 expected_next=0 observed_next=0 qpc=3108254311432 duration_ticks=166133 hr=0x00000000
present frame=78 source_index=0 allocator_index=0 expected_next=1 observed_next=1 qpc=3108254481008 duration_ticks=160388 hr=0x00000000
present frame=79 source_index=1 allocator_index=1 expected_next=2 observed_next=2 qpc=3108254645087 duration_ticks=162200 hr=0x00000000
present frame=80 source_index=2 allocator_index=2 expected_next=0 observed_next=0 qpc=3108254813071 duration_ticks=161705 hr=0x00000000
present frame=81 source_index=0 allocator_index=0 expected_next=1 observed_next=1 qpc=3108254978459 duration_ticks=162083 hr=0x00000000
present frame=82 source_index=1 allocator_index=1 expected_next=2 observed_next=2 qpc=3108255144067 duration_ticks=164463 hr=0x00000000
present frame=83 source_index=2 allocator_index=2 expected_next=0 observed_next=0 qpc=3108255312582 duration_ticks=158507 hr=0x00000000
present frame=84 source_index=0 allocator_index=0 expected_next=1 observed_next=1 qpc=3108255474290 duration_ticks=175293 hr=0x00000000
present frame=85 source_index=1 allocator_index=1 expected_next=2 observed_next=2 qpc=3108255653737 duration_ticks=151787 hr=0x00000000
present frame=86 source_index=2 allocator_index=2 expected_next=0 observed_next=0 qpc=3108255810846 duration_ticks=164428 hr=0x00000000
present frame=87 source_index=0 allocator_index=0 expected_next=1 observed_next=1 qpc=3108255981740 duration_ticks=159721 hr=0x00000000
present frame=88 source_index=1 allocator_index=1 expected_next=2 observed_next=2 qpc=3108256145077 duration_ticks=162098 hr=0x00000000
present frame=89 source_index=2 allocator_index=2 expected_next=0 observed_next=0 qpc=3108256310640 duration_ticks=166283 hr=0x00000000
present frame=90 source_index=0 allocator_index=0 expected_next=1 observed_next=1 qpc=3108256522576 duration_ticks=113781 hr=0x00000000
present frame=91 source_index=1 allocator_index=1 expected_next=2 observed_next=2 qpc=3108256636928 duration_ticks=165834 hr=0x00000000
present frame=92 source_index=2 allocator_index=2 expected_next=0 observed_next=0 qpc=3108256803251 duration_ticks=173496 hr=0x00000000
present frame=93 source_index=0 allocator_index=0 expected_next=1 observed_next=1 qpc=3108256980280 duration_ticks=164315 hr=0x00000000
present frame=94 source_index=1 allocator_index=1 expected_next=2 observed_next=2 qpc=3108257148532 duration_ticks=159200 hr=0x00000000
present frame=95 source_index=2 allocator_index=2 expected_next=0 observed_next=0 qpc=3108257311644 duration_ticks=159681 hr=0x00000000
present frame=96 source_index=0 allocator_index=0 expected_next=1 observed_next=1 qpc=3108257479318 duration_ticks=162911 hr=0x00000000
present frame=97 source_index=1 allocator_index=1 expected_next=2 observed_next=2 qpc=3108257646479 duration_ticks=162386 hr=0x00000000
present frame=98 source_index=2 allocator_index=2 expected_next=0 observed_next=0 qpc=3108257812810 duration_ticks=162285 hr=0x00000000
present frame=99 source_index=0 allocator_index=0 expected_next=1 observed_next=1 qpc=3108257980966 duration_ticks=158258 hr=0x00000000
present frame=100 source_index=1 allocator_index=1 expected_next=2 observed_next=2 qpc=3108258145534 duration_ticks=163519 hr=0x00000000
present frame=101 source_index=2 allocator_index=2 expected_next=0 observed_next=0 qpc=3108258312936 duration_ticks=158749 hr=0x00000000
present frame=102 source_index=0 allocator_index=0 expected_next=1 observed_next=1 qpc=3108258477372 duration_ticks=164461 hr=0x00000000
present frame=103 source_index=1 allocator_index=1 expected_next=2 observed_next=2 qpc=3108258648147 duration_ticks=160189 hr=0x00000000
present frame=104 source_index=2 allocator_index=2 expected_next=0 observed_next=0 qpc=3108258812945 duration_ticks=161412 hr=0x00000000
present frame=105 source_index=0 allocator_index=0 expected_next=1 observed_next=1 qpc=3108258978100 duration_ticks=164124 hr=0x00000000
present frame=106 source_index=1 allocator_index=1 expected_next=2 observed_next=2 qpc=3108259146078 duration_ticks=164453 hr=0x00000000
present frame=107 source_index=2 allocator_index=2 expected_next=0 observed_next=0 qpc=3108259318929 duration_ticks=149082 hr=0x00000000
present frame=108 source_index=0 allocator_index=0 expected_next=1 observed_next=1 qpc=3108259468827 duration_ticks=169287 hr=0x00000000
present frame=109 source_index=1 allocator_index=1 expected_next=2 observed_next=2 qpc=3108259642469 duration_ticks=163869 hr=0x00000000
present frame=110 source_index=2 allocator_index=2 expected_next=0 observed_next=0 qpc=3108259813267 duration_ticks=159208 hr=0x00000000
present frame=111 source_index=0 allocator_index=0 expected_next=1 observed_next=1 qpc=3108259977543 duration_ticks=161552 hr=0x00000000
present frame=112 source_index=1 allocator_index=1 expected_next=2 observed_next=2 qpc=3108260148503 duration_ticks=160576 hr=0x00000000
present frame=113 source_index=2 allocator_index=2 expected_next=0 observed_next=0 qpc=3108260314662 duration_ticks=159711 hr=0x00000000
present frame=114 source_index=0 allocator_index=0 expected_next=1 observed_next=1 qpc=3108260479662 duration_ticks=162640 hr=0x00000000
present frame=115 source_index=1 allocator_index=1 expected_next=2 observed_next=2 qpc=3108260649240 duration_ticks=159427 hr=0x00000000
present frame=116 source_index=2 allocator_index=2 expected_next=0 observed_next=0 qpc=3108260812377 duration_ticks=166359 hr=0x00000000
present frame=117 source_index=0 allocator_index=0 expected_next=1 observed_next=1 qpc=3108260982440 duration_ticks=156407 hr=0x00000000
present frame=118 source_index=1 allocator_index=1 expected_next=2 observed_next=2 qpc=3108261145186 duration_ticks=163896 hr=0x00000000
present frame=119 source_index=2 allocator_index=2 expected_next=0 observed_next=0 qpc=3108261317415 duration_ticks=157280 hr=0x00000000
present frame=120 source_index=0 allocator_index=0 expected_next=1 observed_next=1 qpc=3108261479002 duration_ticks=161471 hr=0x00000000
present frame=121 source_index=1 allocator_index=1 expected_next=2 observed_next=2 qpc=3108261645922 duration_ticks=162457 hr=0x00000000
present frame=122 source_index=2 allocator_index=2 expected_next=0 observed_next=0 qpc=3108261812335 duration_ticks=163715 hr=0x00000000
present frame=123 source_index=0 allocator_index=0 expected_next=1 observed_next=1 qpc=3108261980190 duration_ticks=161871 hr=0x00000000
present frame=124 source_index=1 allocator_index=1 expected_next=2 observed_next=2 qpc=3108262145927 duration_ticks=159831 hr=0x00000000
present frame=125 source_index=2 allocator_index=2 expected_next=0 observed_next=0 qpc=3108262311414 duration_ticks=162903 hr=0x00000000
present frame=126 source_index=0 allocator_index=0 expected_next=1 observed_next=1 qpc=3108262481228 duration_ticks=161208 hr=0x00000000
present frame=127 source_index=1 allocator_index=1 expected_next=2 observed_next=2 qpc=3108262646663 duration_ticks=161818 hr=0x00000000
present frame=128 source_index=2 allocator_index=2 expected_next=0 observed_next=0 qpc=3108262814912 duration_ticks=159358 hr=0x00000000
present frame=129 source_index=0 allocator_index=0 expected_next=1 observed_next=1 qpc=3108262977886 duration_ticks=161032 hr=0x00000000
present frame=130 source_index=1 allocator_index=1 expected_next=2 observed_next=2 qpc=3108263144057 duration_ticks=164676 hr=0x00000000
present frame=131 source_index=2 allocator_index=2 expected_next=0 observed_next=0 qpc=3108263312482 duration_ticks=163706 hr=0x00000000
present frame=132 source_index=0 allocator_index=0 expected_next=1 observed_next=1 qpc=3108263481856 duration_ticks=160434 hr=0x00000000
present frame=133 source_index=1 allocator_index=1 expected_next=2 observed_next=2 qpc=3108263646940 duration_ticks=161652 hr=0x00000000
present frame=134 source_index=2 allocator_index=2 expected_next=0 observed_next=0 qpc=3108263813190 duration_ticks=160816 hr=0x00000000
present frame=135 source_index=0 allocator_index=0 expected_next=1 observed_next=1 qpc=3108263982236 duration_ticks=160341 hr=0x00000000
present frame=136 source_index=1 allocator_index=1 expected_next=2 observed_next=2 qpc=3108264145830 duration_ticks=158437 hr=0x00000000
present frame=137 source_index=2 allocator_index=2 expected_next=0 observed_next=0 qpc=3108264308274 duration_ticks=167186 hr=0x00000000
present frame=138 source_index=0 allocator_index=0 expected_next=1 observed_next=1 qpc=3108264479169 duration_ticks=163399 hr=0x00000000
present frame=139 source_index=1 allocator_index=1 expected_next=2 observed_next=2 qpc=3108264647525 duration_ticks=162929 hr=0x00000000
present frame=140 source_index=2 allocator_index=2 expected_next=0 observed_next=0 qpc=3108264814347 duration_ticks=153028 hr=0x00000000
present frame=141 source_index=0 allocator_index=0 expected_next=1 observed_next=1 qpc=3108264969613 duration_ticks=166795 hr=0x00000000
present frame=142 source_index=1 allocator_index=1 expected_next=2 observed_next=2 qpc=3108265139326 duration_ticks=161733 hr=0x00000000
present frame=143 source_index=2 allocator_index=2 expected_next=0 observed_next=0 qpc=3108265303606 duration_ticks=163962 hr=0x00000000
present frame=144 source_index=0 allocator_index=0 expected_next=1 observed_next=1 qpc=3108265470117 duration_ticks=163763 hr=0x00000000
present frame=145 source_index=1 allocator_index=1 expected_next=2 observed_next=2 qpc=3108265636326 duration_ticks=166550 hr=0x00000000
present frame=146 source_index=2 allocator_index=2 expected_next=0 observed_next=0 qpc=3108265805630 duration_ticks=163988 hr=0x00000000
present frame=147 source_index=0 allocator_index=0 expected_next=1 observed_next=1 qpc=3108265972168 duration_ticks=162874 hr=0x00000000
present frame=148 source_index=1 allocator_index=1 expected_next=2 observed_next=2 qpc=3108266137517 duration_ticks=163739 hr=0x00000000
present frame=149 source_index=2 allocator_index=2 expected_next=0 observed_next=0 qpc=3108266305271 duration_ticks=164569 hr=0x00000000
present frame=150 source_index=0 allocator_index=0 expected_next=1 observed_next=1 qpc=3108266500016 duration_ticks=133601 hr=0x00000000
present frame=151 source_index=1 allocator_index=1 expected_next=2 observed_next=2 qpc=3108266634872 duration_ticks=163661 hr=0x00000000
present frame=152 source_index=2 allocator_index=2 expected_next=0 observed_next=0 qpc=3108266799648 duration_ticks=169713 hr=0x00000000
present frame=153 source_index=0 allocator_index=0 expected_next=1 observed_next=1 qpc=3108266971659 duration_ticks=168434 hr=0x00000000
present frame=154 source_index=1 allocator_index=1 expected_next=2 observed_next=2 qpc=3108267143891 duration_ticks=163456 hr=0x00000000
present frame=155 source_index=2 allocator_index=2 expected_next=0 observed_next=0 qpc=3108267310767 duration_ticks=165305 hr=0x00000000
present frame=156 source_index=0 allocator_index=0 expected_next=1 observed_next=1 qpc=3108267480286 duration_ticks=160397 hr=0x00000000
present frame=157 source_index=1 allocator_index=1 expected_next=2 observed_next=2 qpc=3108267646247 duration_ticks=161716 hr=0x00000000
present frame=158 source_index=2 allocator_index=2 expected_next=0 observed_next=0 qpc=3108267815255 duration_ticks=160040 hr=0x00000000
present frame=159 source_index=0 allocator_index=0 expected_next=1 observed_next=1 qpc=3108267979109 duration_ticks=163043 hr=0x00000000
present frame=160 source_index=1 allocator_index=1 expected_next=2 observed_next=2 qpc=3108268145992 duration_ticks=162245 hr=0x00000000
present frame=161 source_index=2 allocator_index=2 expected_next=0 observed_next=0 qpc=3108268311940 duration_ticks=161846 hr=0x00000000
present frame=162 source_index=0 allocator_index=0 expected_next=1 observed_next=1 qpc=3108268477502 duration_ticks=164445 hr=0x00000000
present frame=163 source_index=1 allocator_index=1 expected_next=2 observed_next=2 qpc=3108268647495 duration_ticks=160507 hr=0x00000000
present frame=164 source_index=2 allocator_index=2 expected_next=0 observed_next=0 qpc=3108268812151 duration_ticks=163721 hr=0x00000000
present frame=165 source_index=0 allocator_index=0 expected_next=1 observed_next=1 qpc=3108268986205 duration_ticks=156304 hr=0x00000000
present frame=166 source_index=1 allocator_index=1 expected_next=2 observed_next=2 qpc=3108269148296 duration_ticks=162889 hr=0x00000000
present frame=167 source_index=2 allocator_index=2 expected_next=0 observed_next=0 qpc=3108269422835 duration_ticks=54621 hr=0x00000000
present frame=168 source_index=0 allocator_index=0 expected_next=1 observed_next=1 qpc=3108269511912 duration_ticks=125402 hr=0x00000000
present frame=169 source_index=1 allocator_index=1 expected_next=2 observed_next=2 qpc=3108269638169 duration_ticks=164625 hr=0x00000000
present frame=170 source_index=2 allocator_index=2 expected_next=0 observed_next=0 qpc=3108269803685 duration_ticks=171232 hr=0x00000000
present frame=171 source_index=0 allocator_index=0 expected_next=1 observed_next=1 qpc=3108269979020 duration_ticks=162055 hr=0x00000000
present frame=172 source_index=1 allocator_index=1 expected_next=2 observed_next=2 qpc=3108270146560 duration_ticks=158015 hr=0x00000000
present frame=173 source_index=2 allocator_index=2 expected_next=0 observed_next=0 qpc=3108270310115 duration_ticks=164931 hr=0x00000000
present frame=174 source_index=0 allocator_index=0 expected_next=1 observed_next=1 qpc=3108270481665 duration_ticks=160572 hr=0x00000000
present frame=175 source_index=1 allocator_index=1 expected_next=2 observed_next=2 qpc=3108270648909 duration_ticks=157713 hr=0x00000000
present frame=176 source_index=2 allocator_index=2 expected_next=0 observed_next=0 qpc=3108270811591 duration_ticks=163884 hr=0x00000000
present frame=177 source_index=0 allocator_index=0 expected_next=1 observed_next=1 qpc=3108270980167 duration_ticks=160999 hr=0x00000000
present frame=178 source_index=1 allocator_index=1 expected_next=2 observed_next=2 qpc=3108271146225 duration_ticks=161867 hr=0x00000000
present frame=179 source_index=2 allocator_index=2 expected_next=0 observed_next=0 qpc=3108271312180 duration_ticks=163429 hr=0x00000000
present frame=180 source_index=0 allocator_index=0 expected_next=1 observed_next=1 qpc=3108271480221 duration_ticks=161584 hr=0x00000000
present frame=181 source_index=1 allocator_index=1 expected_next=2 observed_next=2 qpc=3108271650055 duration_ticks=160412 hr=0x00000000
present frame=182 source_index=2 allocator_index=2 expected_next=0 observed_next=0 qpc=3108271818487 duration_ticks=151157 hr=0x00000000
present frame=183 source_index=0 allocator_index=0 expected_next=1 observed_next=1 qpc=3108271971165 duration_ticks=165410 hr=0x00000000
present frame=184 source_index=1 allocator_index=1 expected_next=2 observed_next=2 qpc=3108272137562 duration_ticks=165995 hr=0x00000000
present frame=185 source_index=2 allocator_index=2 expected_next=0 observed_next=0 qpc=3108272306487 duration_ticks=166370 hr=0x00000000
present frame=186 source_index=0 allocator_index=0 expected_next=1 observed_next=1 qpc=3108272476440 duration_ticks=160412 hr=0x00000000
present frame=187 source_index=1 allocator_index=1 expected_next=2 observed_next=2 qpc=3108272643609 duration_ticks=161454 hr=0x00000000
present frame=188 source_index=2 allocator_index=2 expected_next=0 observed_next=0 qpc=3108272809385 duration_ticks=162707 hr=0x00000000
present frame=189 source_index=0 allocator_index=0 expected_next=1 observed_next=1 qpc=3108272975532 duration_ticks=163235 hr=0x00000000
present frame=190 source_index=1 allocator_index=1 expected_next=2 observed_next=2 qpc=3108273142690 duration_ticks=164024 hr=0x00000000
present frame=191 source_index=2 allocator_index=2 expected_next=0 observed_next=0 qpc=3108273310539 duration_ticks=162757 hr=0x00000000
present frame=192 source_index=0 allocator_index=0 expected_next=1 observed_next=1 qpc=3108273476716 duration_ticks=164691 hr=0x00000000
present frame=193 source_index=1 allocator_index=1 expected_next=2 observed_next=2 qpc=3108273646294 duration_ticks=159391 hr=0x00000000
present frame=194 source_index=2 allocator_index=2 expected_next=0 observed_next=0 qpc=3108273809200 duration_ticks=166325 hr=0x00000000
present frame=195 source_index=0 allocator_index=0 expected_next=1 observed_next=1 qpc=3108273980189 duration_ticks=159083 hr=0x00000000
present frame=196 source_index=1 allocator_index=1 expected_next=2 observed_next=2 qpc=3108274143735 duration_ticks=164805 hr=0x00000000
present frame=197 source_index=2 allocator_index=2 expected_next=0 observed_next=0 qpc=3108274319147 duration_ticks=152734 hr=0x00000000
present frame=198 source_index=0 allocator_index=0 expected_next=1 observed_next=1 qpc=3108274475465 duration_ticks=166804 hr=0x00000000
present frame=199 source_index=1 allocator_index=1 expected_next=2 observed_next=2 qpc=3108274646134 duration_ticks=162139 hr=0x00000000
present frame=200 source_index=2 allocator_index=2 expected_next=0 observed_next=0 qpc=3108274812088 duration_ticks=160145 hr=0x00000000
present frame=201 source_index=0 allocator_index=0 expected_next=1 observed_next=1 qpc=3108274975680 duration_ticks=164316 hr=0x00000000
present frame=202 source_index=1 allocator_index=1 expected_next=2 observed_next=2 qpc=3108275143399 duration_ticks=162725 hr=0x00000000
present frame=203 source_index=2 allocator_index=2 expected_next=0 observed_next=0 qpc=3108275309653 duration_ticks=163604 hr=0x00000000
present frame=204 source_index=0 allocator_index=0 expected_next=1 observed_next=1 qpc=3108275477996 duration_ticks=161886 hr=0x00000000
present frame=205 source_index=1 allocator_index=1 expected_next=2 observed_next=2 qpc=3108275643995 duration_ticks=162030 hr=0x00000000
present frame=206 source_index=2 allocator_index=2 expected_next=0 observed_next=0 qpc=3108275809629 duration_ticks=164283 hr=0x00000000
present frame=207 source_index=0 allocator_index=0 expected_next=1 observed_next=1 qpc=3108275978805 duration_ticks=160055 hr=0x00000000
present frame=208 source_index=1 allocator_index=1 expected_next=2 observed_next=2 qpc=3108276142503 duration_ticks=164228 hr=0x00000000
present frame=209 source_index=2 allocator_index=2 expected_next=0 observed_next=0 qpc=3108276310198 duration_ticks=164070 hr=0x00000000
present frame=210 source_index=0 allocator_index=0 expected_next=1 observed_next=1 qpc=3108276535758 duration_ticks=101376 hr=0x00000000
present frame=211 source_index=1 allocator_index=1 expected_next=2 observed_next=2 qpc=3108276638032 duration_ticks=163270 hr=0x00000000
present frame=212 source_index=2 allocator_index=2 expected_next=0 observed_next=0 qpc=3108276801885 duration_ticks=166142 hr=0x00000000
present frame=213 source_index=0 allocator_index=0 expected_next=1 observed_next=1 qpc=3108276968525 duration_ticks=174545 hr=0x00000000
present frame=214 source_index=1 allocator_index=1 expected_next=2 observed_next=2 qpc=3108277147107 duration_ticks=162285 hr=0x00000000
present frame=215 source_index=2 allocator_index=2 expected_next=0 observed_next=0 qpc=3108277313562 duration_ticks=160690 hr=0x00000000
present frame=216 source_index=0 allocator_index=0 expected_next=1 observed_next=1 qpc=3108277479928 duration_ticks=161368 hr=0x00000000
present frame=217 source_index=1 allocator_index=1 expected_next=2 observed_next=2 qpc=3108277646247 duration_ticks=163892 hr=0x00000000
present frame=218 source_index=2 allocator_index=2 expected_next=0 observed_next=0 qpc=3108277814022 duration_ticks=159573 hr=0x00000000
present frame=219 source_index=0 allocator_index=0 expected_next=1 observed_next=1 qpc=3108277977762 duration_ticks=165460 hr=0x00000000
present frame=220 source_index=1 allocator_index=1 expected_next=2 observed_next=2 qpc=3108278152292 duration_ticks=155167 hr=0x00000000
present frame=221 source_index=2 allocator_index=2 expected_next=0 observed_next=0 qpc=3108278311447 duration_ticks=163114 hr=0x00000000
present frame=222 source_index=0 allocator_index=0 expected_next=1 observed_next=1 qpc=3108278478518 duration_ticks=162559 hr=0x00000000
present frame=223 source_index=1 allocator_index=1 expected_next=2 observed_next=2 qpc=3108278646067 duration_ticks=161628 hr=0x00000000
present frame=224 source_index=2 allocator_index=2 expected_next=0 observed_next=0 qpc=3108278811471 duration_ticks=164735 hr=0x00000000
present frame=225 source_index=0 allocator_index=0 expected_next=1 observed_next=1 qpc=3108278980872 duration_ticks=158738 hr=0x00000000
present frame=226 source_index=1 allocator_index=1 expected_next=2 observed_next=2 qpc=3108279145538 duration_ticks=161514 hr=0x00000000
present frame=227 source_index=2 allocator_index=2 expected_next=0 observed_next=0 qpc=3108279314401 duration_ticks=161336 hr=0x00000000
present frame=228 source_index=0 allocator_index=0 expected_next=1 observed_next=1 qpc=3108279483459 duration_ticks=154903 hr=0x00000000
present frame=229 source_index=1 allocator_index=1 expected_next=2 observed_next=2 qpc=3108279643639 duration_ticks=162064 hr=0x00000000
present frame=230 source_index=2 allocator_index=2 expected_next=0 observed_next=0 qpc=3108279811060 duration_ticks=160435 hr=0x00000000
present frame=231 source_index=0 allocator_index=0 expected_next=1 observed_next=1 qpc=3108279977223 duration_ticks=163734 hr=0x00000000
present frame=232 source_index=1 allocator_index=1 expected_next=2 observed_next=2 qpc=3108280145854 duration_ticks=161508 hr=0x00000000
present frame=233 source_index=2 allocator_index=2 expected_next=0 observed_next=0 qpc=3108280311403 duration_ticks=166138 hr=0x00000000
present frame=234 source_index=0 allocator_index=0 expected_next=1 observed_next=1 qpc=3108280481648 duration_ticks=158748 hr=0x00000000
present frame=235 source_index=1 allocator_index=1 expected_next=2 observed_next=2 qpc=3108280643756 duration_ticks=164947 hr=0x00000000
present frame=236 source_index=2 allocator_index=2 expected_next=0 observed_next=0 qpc=3108280820222 duration_ticks=155840 hr=0x00000000
present frame=237 source_index=0 allocator_index=0 expected_next=1 observed_next=1 qpc=3108280980529 duration_ticks=160982 hr=0x00000000
present frame=238 source_index=1 allocator_index=1 expected_next=2 observed_next=2 qpc=3108281145517 duration_ticks=162572 hr=0x00000000
present frame=239 source_index=2 allocator_index=2 expected_next=0 observed_next=0 qpc=3108281312247 duration_ticks=159716 hr=0x00000000
present frame=240 source_index=0 allocator_index=0 expected_next=1 observed_next=1 qpc=3108281476652 duration_ticks=165241 hr=0x00000000
present frame=241 source_index=1 allocator_index=1 expected_next=2 observed_next=2 qpc=3108281647634 duration_ticks=158588 hr=0x00000000
present frame=242 source_index=2 allocator_index=2 expected_next=0 observed_next=0 qpc=3108281807024 duration_ticks=168620 hr=0x00000000
present frame=243 source_index=0 allocator_index=0 expected_next=1 observed_next=1 qpc=3108281982843 duration_ticks=155602 hr=0x00000000
present frame=244 source_index=1 allocator_index=1 expected_next=2 observed_next=2 qpc=3108282143509 duration_ticks=160771 hr=0x00000000
present frame=245 source_index=2 allocator_index=2 expected_next=0 observed_next=0 qpc=3108282309315 duration_ticks=164050 hr=0x00000000
present frame=246 source_index=0 allocator_index=0 expected_next=1 observed_next=1 qpc=3108282477485 duration_ticks=169321 hr=0x00000000
present frame=247 source_index=1 allocator_index=1 expected_next=2 observed_next=2 qpc=3108282651696 duration_ticks=165193 hr=0x00000000
present frame=248 source_index=2 allocator_index=2 expected_next=0 observed_next=0 qpc=3108282823022 duration_ticks=156337 hr=0x00000000
present frame=249 source_index=0 allocator_index=0 expected_next=1 observed_next=1 qpc=3108282984057 duration_ticks=162272 hr=0x00000000
present frame=250 source_index=1 allocator_index=1 expected_next=2 observed_next=2 qpc=3108283152936 duration_ticks=159784 hr=0x00000000
present frame=251 source_index=2 allocator_index=2 expected_next=0 observed_next=0 qpc=3108283316901 duration_ticks=160043 hr=0x00000000
present frame=252 source_index=0 allocator_index=0 expected_next=1 observed_next=1 qpc=3108283489160 duration_ticks=156551 hr=0x00000000
present frame=253 source_index=1 allocator_index=1 expected_next=2 observed_next=2 qpc=3108283650463 duration_ticks=160816 hr=0x00000000
present frame=254 source_index=2 allocator_index=2 expected_next=0 observed_next=0 qpc=3108283815306 duration_ticks=164370 hr=0x00000000
present frame=255 source_index=0 allocator_index=0 expected_next=1 observed_next=1 qpc=3108283984319 duration_ticks=161312 hr=0x00000000
present frame=256 source_index=1 allocator_index=1 expected_next=2 observed_next=2 qpc=3108284150280 duration_ticks=163761 hr=0x00000000
present frame=257 source_index=2 allocator_index=2 expected_next=0 observed_next=0 qpc=3108284317958 duration_ticks=162127 hr=0x00000000
present frame=258 source_index=0 allocator_index=0 expected_next=1 observed_next=1 qpc=3108284484546 duration_ticks=162574 hr=0x00000000
present frame=259 source_index=1 allocator_index=1 expected_next=2 observed_next=2 qpc=3108284662897 duration_ticks=149771 hr=0x00000000
present frame=260 source_index=2 allocator_index=2 expected_next=0 observed_next=0 qpc=3108284822399 duration_ticks=157235 hr=0x00000000
present frame=261 source_index=0 allocator_index=0 expected_next=1 observed_next=1 qpc=3108284982211 duration_ticks=158246 hr=0x00000000
present frame=262 source_index=1 allocator_index=1 expected_next=2 observed_next=2 qpc=3108285145070 duration_ticks=164348 hr=0x00000000
present frame=263 source_index=2 allocator_index=2 expected_next=0 observed_next=0 qpc=3108285312920 duration_ticks=167184 hr=0x00000000
present frame=264 source_index=0 allocator_index=0 expected_next=1 observed_next=1 qpc=3108285486683 duration_ticks=154117 hr=0x00000000
present frame=265 source_index=1 allocator_index=1 expected_next=2 observed_next=2 qpc=3108285644399 duration_ticks=166382 hr=0x00000000
present frame=266 source_index=2 allocator_index=2 expected_next=0 observed_next=0 qpc=3108285815977 duration_ticks=161208 hr=0x00000000
present frame=267 source_index=0 allocator_index=0 expected_next=1 observed_next=1 qpc=3108285982031 duration_ticks=162119 hr=0x00000000
present frame=268 source_index=1 allocator_index=1 expected_next=2 observed_next=2 qpc=3108286147964 duration_ticks=164119 hr=0x00000000
present frame=269 source_index=2 allocator_index=2 expected_next=0 observed_next=0 qpc=3108286316322 duration_ticks=160170 hr=0x00000000
present frame=270 source_index=0 allocator_index=0 expected_next=1 observed_next=1 qpc=3108286581292 duration_ticks=83394 hr=0x00000000
present frame=271 source_index=1 allocator_index=1 expected_next=2 observed_next=2 qpc=3108286671525 duration_ticks=134447 hr=0x00000000
present frame=272 source_index=2 allocator_index=2 expected_next=0 observed_next=0 qpc=3108286809610 duration_ticks=169660 hr=0x00000000
present frame=273 source_index=0 allocator_index=0 expected_next=1 observed_next=1 qpc=3108286989522 duration_ticks=152999 hr=0x00000000
present frame=274 source_index=1 allocator_index=1 expected_next=2 observed_next=2 qpc=3108287147750 duration_ticks=164394 hr=0x00000000
present frame=275 source_index=2 allocator_index=2 expected_next=0 observed_next=0 qpc=3108287321819 duration_ticks=155498 hr=0x00000000
present frame=276 source_index=0 allocator_index=0 expected_next=1 observed_next=1 qpc=3108287481329 duration_ticks=162304 hr=0x00000000
present frame=277 source_index=1 allocator_index=1 expected_next=2 observed_next=2 qpc=3108287651221 duration_ticks=159607 hr=0x00000000
present frame=278 source_index=2 allocator_index=2 expected_next=0 observed_next=0 qpc=3108287814559 duration_ticks=160661 hr=0x00000000
present frame=279 source_index=0 allocator_index=0 expected_next=1 observed_next=1 qpc=3108287984700 duration_ticks=159265 hr=0x00000000
present frame=280 source_index=1 allocator_index=1 expected_next=2 observed_next=2 qpc=3108288147407 duration_ticks=161404 hr=0x00000000
present frame=281 source_index=2 allocator_index=2 expected_next=0 observed_next=0 qpc=3108288312255 duration_ticks=163580 hr=0x00000000
present frame=282 source_index=0 allocator_index=0 expected_next=1 observed_next=1 qpc=3108288484259 duration_ticks=159191 hr=0x00000000
present frame=283 source_index=1 allocator_index=1 expected_next=2 observed_next=2 qpc=3108288650722 duration_ticks=161489 hr=0x00000000
present frame=284 source_index=2 allocator_index=2 expected_next=0 observed_next=0 qpc=3108288816260 duration_ticks=160255 hr=0x00000000
present frame=285 source_index=0 allocator_index=0 expected_next=1 observed_next=1 qpc=3108288980523 duration_ticks=161589 hr=0x00000000
present frame=286 source_index=1 allocator_index=1 expected_next=2 observed_next=2 qpc=3108289146115 duration_ticks=161608 hr=0x00000000
present frame=287 source_index=2 allocator_index=2 expected_next=0 observed_next=0 qpc=3108289313133 duration_ticks=168657 hr=0x00000000
present frame=288 source_index=0 allocator_index=0 expected_next=1 observed_next=1 qpc=3108289488940 duration_ticks=152651 hr=0x00000000
present frame=289 source_index=1 allocator_index=1 expected_next=2 observed_next=2 qpc=3108289651518 duration_ticks=155873 hr=0x00000000
present frame=290 source_index=2 allocator_index=2 expected_next=0 observed_next=0 qpc=3108289829232 duration_ticks=143553 hr=0x00000000
present frame=291 source_index=0 allocator_index=0 expected_next=1 observed_next=1 qpc=3108289976570 duration_ticks=166393 hr=0x00000000
present frame=292 source_index=1 allocator_index=1 expected_next=2 observed_next=2 qpc=3108290146185 duration_ticks=162065 hr=0x00000000
present frame=293 source_index=2 allocator_index=2 expected_next=0 observed_next=0 qpc=3108290312819 duration_ticks=161969 hr=0x00000000
present frame=294 source_index=0 allocator_index=0 expected_next=1 observed_next=1 qpc=3108290479954 duration_ticks=163499 hr=0x00000000
present frame=295 source_index=1 allocator_index=1 expected_next=2 observed_next=2 qpc=3108290649299 duration_ticks=166198 hr=0x00000000
present frame=296 source_index=2 allocator_index=2 expected_next=0 observed_next=0 qpc=3108290822158 duration_ticks=154689 hr=0x00000000
present frame=297 source_index=0 allocator_index=0 expected_next=1 observed_next=1 qpc=3108290981487 duration_ticks=166041 hr=0x00000000
present frame=298 source_index=1 allocator_index=1 expected_next=2 observed_next=2 qpc=3108291161804 duration_ticks=151463 hr=0x00000000
present frame=299 source_index=2 allocator_index=2 expected_next=0 observed_next=0 qpc=3108291328082 duration_ticks=151578 hr=0x00000000
present frame=300 source_index=0 allocator_index=0 expected_next=1 observed_next=1 qpc=3108291484150 duration_ticks=159619 hr=0x00000000
present frame=301 source_index=1 allocator_index=1 expected_next=2 observed_next=2 qpc=3108291648121 duration_ticks=161159 hr=0x00000000
present frame=302 source_index=2 allocator_index=2 expected_next=0 observed_next=0 qpc=3108291816683 duration_ticks=160637 hr=0x00000000
present frame=303 source_index=0 allocator_index=0 expected_next=1 observed_next=1 qpc=3108291988025 duration_ticks=154081 hr=0x00000000
present frame=304 source_index=1 allocator_index=1 expected_next=2 observed_next=2 qpc=3108292146046 duration_ticks=164142 hr=0x00000000
present frame=305 source_index=2 allocator_index=2 expected_next=0 observed_next=0 qpc=3108292317171 duration_ticks=157731 hr=0x00000000
present frame=306 source_index=0 allocator_index=0 expected_next=1 observed_next=1 qpc=3108292481202 duration_ticks=160903 hr=0x00000000
present frame=307 source_index=1 allocator_index=1 expected_next=2 observed_next=2 qpc=3108292646857 duration_ticks=158134 hr=0x00000000
present frame=308 source_index=2 allocator_index=2 expected_next=0 observed_next=0 qpc=3108292810137 duration_ticks=165076 hr=0x00000000
present frame=309 source_index=0 allocator_index=0 expected_next=1 observed_next=1 qpc=3108292979320 duration_ticks=166562 hr=0x00000000
present frame=310 source_index=1 allocator_index=1 expected_next=2 observed_next=2 qpc=3108293150163 duration_ticks=157792 hr=0x00000000
present frame=311 source_index=2 allocator_index=2 expected_next=0 observed_next=0 qpc=3108293311917 duration_ticks=163427 hr=0x00000000
present frame=312 source_index=0 allocator_index=0 expected_next=1 observed_next=1 qpc=3108293483572 duration_ticks=159198 hr=0x00000000
present frame=313 source_index=1 allocator_index=1 expected_next=2 observed_next=2 qpc=3108293646614 duration_ticks=163295 hr=0x00000000
present frame=314 source_index=2 allocator_index=2 expected_next=0 observed_next=0 qpc=3108293820595 duration_ticks=155422 hr=0x00000000
present frame=315 source_index=0 allocator_index=0 expected_next=1 observed_next=1 qpc=3108293979997 duration_ticks=160493 hr=0x00000000
present frame=316 source_index=1 allocator_index=1 expected_next=2 observed_next=2 qpc=3108294147424 duration_ticks=161953 hr=0x00000000
present frame=317 source_index=2 allocator_index=2 expected_next=0 observed_next=0 qpc=3108294313253 duration_ticks=159742 hr=0x00000000
present frame=318 source_index=0 allocator_index=0 expected_next=1 observed_next=1 qpc=3108294476649 duration_ticks=166815 hr=0x00000000
present frame=319 source_index=1 allocator_index=1 expected_next=2 observed_next=2 qpc=3108294666078 duration_ticks=141862 hr=0x00000000
present frame=320 source_index=2 allocator_index=2 expected_next=0 observed_next=0 qpc=3108294815580 duration_ticks=154869 hr=0x00000000
present frame=321 source_index=0 allocator_index=0 expected_next=1 observed_next=1 qpc=3108294971895 duration_ticks=164003 hr=0x00000000
present frame=322 source_index=1 allocator_index=1 expected_next=2 observed_next=2 qpc=3108295136697 duration_ticks=168394 hr=0x00000000
present frame=323 source_index=2 allocator_index=2 expected_next=0 observed_next=0 qpc=3108295307478 duration_ticks=165927 hr=0x00000000
present frame=324 source_index=0 allocator_index=0 expected_next=1 observed_next=1 qpc=3108295476880 duration_ticks=162211 hr=0x00000000
present frame=325 source_index=1 allocator_index=1 expected_next=2 observed_next=2 qpc=3108295642709 duration_ticks=163504 hr=0x00000000
present frame=326 source_index=2 allocator_index=2 expected_next=0 observed_next=0 qpc=3108295811539 duration_ticks=162528 hr=0x00000000
present frame=327 source_index=0 allocator_index=0 expected_next=1 observed_next=1 qpc=3108295977672 duration_ticks=162987 hr=0x00000000
present frame=328 source_index=1 allocator_index=1 expected_next=2 observed_next=2 qpc=3108296147990 duration_ticks=160460 hr=0x00000000
present frame=329 source_index=2 allocator_index=2 expected_next=0 observed_next=0 qpc=3108296312201 duration_ticks=163751 hr=0x00000000
present frame=330 source_index=0 allocator_index=0 expected_next=1 observed_next=1 qpc=3108296528601 duration_ticks=106462 hr=0x00000000
present frame=331 source_index=1 allocator_index=1 expected_next=2 observed_next=2 qpc=3108296635750 duration_ticks=165007 hr=0x00000000
present frame=332 source_index=2 allocator_index=2 expected_next=0 observed_next=0 qpc=3108296801355 duration_ticks=165858 hr=0x00000000
present frame=333 source_index=0 allocator_index=0 expected_next=1 observed_next=1 qpc=3108296967926 duration_ticks=180335 hr=0x00000000
present frame=334 source_index=1 allocator_index=1 expected_next=2 observed_next=2 qpc=3108297171925 duration_ticks=138912 hr=0x00000000
present frame=335 source_index=2 allocator_index=2 expected_next=0 observed_next=0 qpc=3108297314444 duration_ticks=162004 hr=0x00000000
present frame=336 source_index=0 allocator_index=0 expected_next=1 observed_next=1 qpc=3108297480474 duration_ticks=161399 hr=0x00000000
present frame=337 source_index=1 allocator_index=1 expected_next=2 observed_next=2 qpc=3108297651376 duration_ticks=156831 hr=0x00000000
present frame=338 source_index=2 allocator_index=2 expected_next=0 observed_next=0 qpc=3108297812037 duration_ticks=161954 hr=0x00000000
present frame=339 source_index=0 allocator_index=0 expected_next=1 observed_next=1 qpc=3108297978688 duration_ticks=167268 hr=0x00000000
present frame=340 source_index=1 allocator_index=1 expected_next=2 observed_next=2 qpc=3108298163730 duration_ticks=148432 hr=0x00000000
present frame=341 source_index=2 allocator_index=2 expected_next=0 observed_next=0 qpc=3108298365073 duration_ticks=103357 hr=0x00000000
present frame=342 source_index=0 allocator_index=0 expected_next=1 observed_next=1 qpc=3108298469204 duration_ticks=167388 hr=0x00000000
present frame=343 source_index=1 allocator_index=1 expected_next=2 observed_next=2 qpc=3108298637032 duration_ticks=165150 hr=0x00000000
present frame=344 source_index=2 allocator_index=2 expected_next=0 observed_next=0 qpc=3108298802812 duration_ticks=180082 hr=0x00000000
present frame=345 source_index=0 allocator_index=0 expected_next=1 observed_next=1 qpc=3108298991198 duration_ticks=156486 hr=0x00000000
present frame=346 source_index=1 allocator_index=1 expected_next=2 observed_next=2 qpc=3108299151821 duration_ticks=159692 hr=0x00000000
present frame=347 source_index=2 allocator_index=2 expected_next=0 observed_next=0 qpc=3108299316416 duration_ticks=161091 hr=0x00000000
present frame=348 source_index=0 allocator_index=0 expected_next=1 observed_next=1 qpc=3108299484040 duration_ticks=158768 hr=0x00000000
present frame=349 source_index=1 allocator_index=1 expected_next=2 observed_next=2 qpc=3108299648802 duration_ticks=157871 hr=0x00000000
present frame=350 source_index=2 allocator_index=2 expected_next=0 observed_next=0 qpc=3108299809980 duration_ticks=165836 hr=0x00000000
present frame=351 source_index=0 allocator_index=0 expected_next=1 observed_next=1 qpc=3108299984340 duration_ticks=159753 hr=0x00000000
present frame=352 source_index=1 allocator_index=1 expected_next=2 observed_next=2 qpc=3108300148392 duration_ticks=161250 hr=0x00000000
present frame=353 source_index=2 allocator_index=2 expected_next=0 observed_next=0 qpc=3108300314658 duration_ticks=158847 hr=0x00000000
present frame=354 source_index=0 allocator_index=0 expected_next=1 observed_next=1 qpc=3108300479229 duration_ticks=162363 hr=0x00000000
present frame=355 source_index=1 allocator_index=1 expected_next=2 observed_next=2 qpc=3108300645413 duration_ticks=162159 hr=0x00000000
present frame=356 source_index=2 allocator_index=2 expected_next=0 observed_next=0 qpc=3108300813446 duration_ticks=163194 hr=0x00000000
present frame=357 source_index=0 allocator_index=0 expected_next=1 observed_next=1 qpc=3108300982875 duration_ticks=161373 hr=0x00000000
present frame=358 source_index=1 allocator_index=1 expected_next=2 observed_next=2 qpc=3108301148427 duration_ticks=162584 hr=0x00000000
present frame=359 source_index=2 allocator_index=2 expected_next=0 observed_next=0 qpc=3108301317255 duration_ticks=156845 hr=0x00000000
present frame=360 source_index=0 allocator_index=0 expected_next=1 observed_next=1 qpc=3108301486495 duration_ticks=156211 hr=0x00000000
present frame=361 source_index=1 allocator_index=1 expected_next=2 observed_next=2 qpc=3108301648450 duration_ticks=158410 hr=0x00000000
present frame=362 source_index=2 allocator_index=2 expected_next=0 observed_next=0 qpc=3108301811307 duration_ticks=165146 hr=0x00000000
present frame=363 source_index=0 allocator_index=0 expected_next=1 observed_next=1 qpc=3108301981602 duration_ticks=159404 hr=0x00000000
present frame=364 source_index=1 allocator_index=1 expected_next=2 observed_next=2 qpc=3108302145150 duration_ticks=165455 hr=0x00000000
present frame=365 source_index=2 allocator_index=2 expected_next=0 observed_next=0 qpc=3108302314846 duration_ticks=156755 hr=0x00000000
present frame=366 source_index=0 allocator_index=0 expected_next=1 observed_next=1 qpc=3108302477274 duration_ticks=164382 hr=0x00000000
present frame=367 source_index=1 allocator_index=1 expected_next=2 observed_next=2 qpc=3108302647420 duration_ticks=160861 hr=0x00000000
present frame=368 source_index=2 allocator_index=2 expected_next=0 observed_next=0 qpc=3108302812050 duration_ticks=162656 hr=0x00000000
present frame=369 source_index=0 allocator_index=0 expected_next=1 observed_next=1 qpc=3108302979072 duration_ticks=162616 hr=0x00000000
present frame=370 source_index=1 allocator_index=1 expected_next=2 observed_next=2 qpc=3108303145601 duration_ticks=163572 hr=0x00000000
present frame=371 source_index=2 allocator_index=2 expected_next=0 observed_next=0 qpc=3108303313403 duration_ticks=163760 hr=0x00000000
present frame=372 source_index=0 allocator_index=0 expected_next=1 observed_next=1 qpc=3108303482456 duration_ticks=155079 hr=0x00000000
present frame=373 source_index=1 allocator_index=1 expected_next=2 observed_next=2 qpc=3108303642642 duration_ticks=165258 hr=0x00000000
present frame=374 source_index=2 allocator_index=2 expected_next=0 observed_next=0 qpc=3108303814045 duration_ticks=160060 hr=0x00000000
present frame=375 source_index=0 allocator_index=0 expected_next=1 observed_next=1 qpc=3108303980042 duration_ticks=160543 hr=0x00000000
present frame=376 source_index=1 allocator_index=1 expected_next=2 observed_next=2 qpc=3108304149122 duration_ticks=159616 hr=0x00000000
present frame=377 source_index=2 allocator_index=2 expected_next=0 observed_next=0 qpc=3108304312809 duration_ticks=160522 hr=0x00000000
present frame=378 source_index=0 allocator_index=0 expected_next=1 observed_next=1 qpc=3108304477258 duration_ticks=164001 hr=0x00000000
present frame=379 source_index=1 allocator_index=1 expected_next=2 observed_next=2 qpc=3108304645047 duration_ticks=163073 hr=0x00000000
present frame=380 source_index=2 allocator_index=2 expected_next=0 observed_next=0 qpc=3108304812108 duration_ticks=165115 hr=0x00000000
present frame=381 source_index=0 allocator_index=0 expected_next=1 observed_next=1 qpc=3108304981387 duration_ticks=161300 hr=0x00000000
present frame=382 source_index=1 allocator_index=1 expected_next=2 observed_next=2 qpc=3108305146610 duration_ticks=162019 hr=0x00000000
present frame=383 source_index=2 allocator_index=2 expected_next=0 observed_next=0 qpc=3108305314295 duration_ticks=160312 hr=0x00000000
present frame=384 source_index=0 allocator_index=0 expected_next=1 observed_next=1 qpc=3108305478362 duration_ticks=161997 hr=0x00000000
present frame=385 source_index=1 allocator_index=1 expected_next=2 observed_next=2 qpc=3108305644227 duration_ticks=165558 hr=0x00000000
present frame=386 source_index=2 allocator_index=2 expected_next=0 observed_next=0 qpc=3108305816885 duration_ticks=158162 hr=0x00000000
present frame=387 source_index=0 allocator_index=0 expected_next=1 observed_next=1 qpc=3108305978998 duration_ticks=165952 hr=0x00000000
present frame=388 source_index=1 allocator_index=1 expected_next=2 observed_next=2 qpc=3108306151323 duration_ticks=158514 hr=0x00000000
present frame=389 source_index=2 allocator_index=2 expected_next=0 observed_next=0 qpc=3108306313717 duration_ticks=165974 hr=0x00000000
present frame=390 source_index=0 allocator_index=0 expected_next=1 observed_next=1 qpc=3108306535950 duration_ticks=99409 hr=0x00000000
present frame=391 source_index=1 allocator_index=1 expected_next=2 observed_next=2 qpc=3108306635965 duration_ticks=168522 hr=0x00000000
present frame=392 source_index=2 allocator_index=2 expected_next=0 observed_next=0 qpc=3108306805878 duration_ticks=158112 hr=0x00000000
present frame=393 source_index=0 allocator_index=0 expected_next=1 observed_next=1 qpc=3108306964719 duration_ticks=173499 hr=0x00000000
present frame=394 source_index=1 allocator_index=1 expected_next=2 observed_next=2 qpc=3108307140906 duration_ticks=162767 hr=0x00000000
present frame=395 source_index=2 allocator_index=2 expected_next=0 observed_next=0 qpc=3108307307065 duration_ticks=163677 hr=0x00000000
present frame=396 source_index=0 allocator_index=0 expected_next=1 observed_next=1 qpc=3108307473696 duration_ticks=164933 hr=0x00000000
present frame=397 source_index=1 allocator_index=1 expected_next=2 observed_next=2 qpc=3108307642889 duration_ticks=165528 hr=0x00000000
present frame=398 source_index=2 allocator_index=2 expected_next=0 observed_next=0 qpc=3108307811869 duration_ticks=161191 hr=0x00000000
present frame=399 source_index=0 allocator_index=0 expected_next=1 observed_next=1 qpc=3108307981961 duration_ticks=159571 hr=0x00000000
present frame=400 source_index=1 allocator_index=1 expected_next=2 observed_next=2 qpc=3108308145421 duration_ticks=161189 hr=0x00000000
present frame=401 source_index=2 allocator_index=2 expected_next=0 observed_next=0 qpc=3108308310996 duration_ticks=160796 hr=0x00000000
present frame=402 source_index=0 allocator_index=0 expected_next=1 observed_next=1 qpc=3108308478625 duration_ticks=162402 hr=0x00000000
present frame=403 source_index=1 allocator_index=1 expected_next=2 observed_next=2 qpc=3108308646187 duration_ticks=163061 hr=0x00000000
present frame=404 source_index=2 allocator_index=2 expected_next=0 observed_next=0 qpc=3108308815058 duration_ticks=157644 hr=0x00000000
present frame=405 source_index=0 allocator_index=0 expected_next=1 observed_next=1 qpc=3108308977540 duration_ticks=165712 hr=0x00000000
present frame=406 source_index=1 allocator_index=1 expected_next=2 observed_next=2 qpc=3108309148269 duration_ticks=156663 hr=0x00000000
present frame=407 source_index=2 allocator_index=2 expected_next=0 observed_next=0 qpc=3108309310381 duration_ticks=161814 hr=0x00000000
present frame=408 source_index=0 allocator_index=0 expected_next=1 observed_next=1 qpc=3108309476042 duration_ticks=161187 hr=0x00000000
present frame=409 source_index=1 allocator_index=1 expected_next=2 observed_next=2 qpc=3108309640835 duration_ticks=164579 hr=0x00000000
present frame=410 source_index=2 allocator_index=2 expected_next=0 observed_next=0 qpc=3108309810893 duration_ticks=161251 hr=0x00000000
present frame=411 source_index=0 allocator_index=0 expected_next=1 observed_next=1 qpc=3108309977569 duration_ticks=160256 hr=0x00000000
present frame=412 source_index=1 allocator_index=1 expected_next=2 observed_next=2 qpc=3108310143652 duration_ticks=161050 hr=0x00000000
present frame=413 source_index=2 allocator_index=2 expected_next=0 observed_next=0 qpc=3108310312871 duration_ticks=158485 hr=0x00000000
present frame=414 source_index=0 allocator_index=0 expected_next=1 observed_next=1 qpc=3108310475122 duration_ticks=165200 hr=0x00000000
present frame=415 source_index=1 allocator_index=1 expected_next=2 observed_next=2 qpc=3108310644116 duration_ticks=164094 hr=0x00000000
present frame=416 source_index=2 allocator_index=2 expected_next=0 observed_next=0 qpc=3108310812010 duration_ticks=161807 hr=0x00000000
present frame=417 source_index=0 allocator_index=0 expected_next=1 observed_next=1 qpc=3108310977982 duration_ticks=162278 hr=0x00000000
present frame=418 source_index=1 allocator_index=1 expected_next=2 observed_next=2 qpc=3108311147913 duration_ticks=158975 hr=0x00000000
present frame=419 source_index=2 allocator_index=2 expected_next=0 observed_next=0 qpc=3108311310594 duration_ticks=167532 hr=0x00000000
present frame=420 source_index=0 allocator_index=0 expected_next=1 observed_next=1 qpc=3108311485219 duration_ticks=154589 hr=0x00000000
present frame=421 source_index=1 allocator_index=1 expected_next=2 observed_next=2 qpc=3108311646308 duration_ticks=163428 hr=0x00000000
present frame=422 source_index=2 allocator_index=2 expected_next=0 observed_next=0 qpc=3108311820004 duration_ticks=148696 hr=0x00000000
present frame=423 source_index=0 allocator_index=0 expected_next=1 observed_next=1 qpc=3108311970371 duration_ticks=165284 hr=0x00000000
present frame=424 source_index=1 allocator_index=1 expected_next=2 observed_next=2 qpc=3108312136830 duration_ticks=164627 hr=0x00000000
present frame=425 source_index=2 allocator_index=2 expected_next=0 observed_next=0 qpc=3108312302259 duration_ticks=165261 hr=0x00000000
present frame=426 source_index=0 allocator_index=0 expected_next=1 observed_next=1 qpc=3108312468297 duration_ticks=168589 hr=0x00000000
present frame=427 source_index=1 allocator_index=1 expected_next=2 observed_next=2 qpc=3108312642916 duration_ticks=160913 hr=0x00000000
present frame=428 source_index=2 allocator_index=2 expected_next=0 observed_next=0 qpc=3108312807334 duration_ticks=164632 hr=0x00000000
present frame=429 source_index=0 allocator_index=0 expected_next=1 observed_next=1 qpc=3108312976438 duration_ticks=162028 hr=0x00000000
present frame=430 source_index=1 allocator_index=1 expected_next=2 observed_next=2 qpc=3108313142005 duration_ticks=162532 hr=0x00000000
present frame=431 source_index=2 allocator_index=2 expected_next=0 observed_next=0 qpc=3108313308851 duration_ticks=162896 hr=0x00000000
present frame=432 source_index=0 allocator_index=0 expected_next=1 observed_next=1 qpc=3108313475454 duration_ticks=164319 hr=0x00000000
present frame=433 source_index=1 allocator_index=1 expected_next=2 observed_next=2 qpc=3108313643518 duration_ticks=163932 hr=0x00000000
present frame=434 source_index=2 allocator_index=2 expected_next=0 observed_next=0 qpc=3108313811796 duration_ticks=162179 hr=0x00000000
present frame=435 source_index=0 allocator_index=0 expected_next=1 observed_next=1 qpc=3108313977751 duration_ticks=160142 hr=0x00000000
present frame=436 source_index=1 allocator_index=1 expected_next=2 observed_next=2 qpc=3108314143678 duration_ticks=165031 hr=0x00000000
present frame=437 source_index=2 allocator_index=2 expected_next=0 observed_next=0 qpc=3108314312722 duration_ticks=159779 hr=0x00000000
present frame=438 source_index=0 allocator_index=0 expected_next=1 observed_next=1 qpc=3108314476499 duration_ticks=161661 hr=0x00000000
present frame=439 source_index=1 allocator_index=1 expected_next=2 observed_next=2 qpc=3108314641789 duration_ticks=163180 hr=0x00000000
present frame=440 source_index=2 allocator_index=2 expected_next=0 observed_next=0 qpc=3108314808397 duration_ticks=164016 hr=0x00000000
present frame=441 source_index=0 allocator_index=0 expected_next=1 observed_next=1 qpc=3108314975992 duration_ticks=159326 hr=0x00000000
present frame=442 source_index=1 allocator_index=1 expected_next=2 observed_next=2 qpc=3108315139152 duration_ticks=166520 hr=0x00000000
present frame=443 source_index=2 allocator_index=2 expected_next=0 observed_next=0 qpc=3108315309169 duration_ticks=161319 hr=0x00000000
present frame=444 source_index=0 allocator_index=0 expected_next=1 observed_next=1 qpc=3108315474080 duration_ticks=163016 hr=0x00000000
present frame=445 source_index=1 allocator_index=1 expected_next=2 observed_next=2 qpc=3108315642074 duration_ticks=162389 hr=0x00000000
present frame=446 source_index=2 allocator_index=2 expected_next=0 observed_next=0 qpc=3108315808283 duration_ticks=162572 hr=0x00000000
present frame=447 source_index=0 allocator_index=0 expected_next=1 observed_next=1 qpc=3108315975851 duration_ticks=163541 hr=0x00000000
present frame=448 source_index=1 allocator_index=1 expected_next=2 observed_next=2 qpc=3108316143094 duration_ticks=161295 hr=0x00000000
present frame=449 source_index=2 allocator_index=2 expected_next=0 observed_next=0 qpc=3108316308091 duration_ticks=165662 hr=0x00000000
present frame=450 source_index=0 allocator_index=0 expected_next=1 observed_next=1 qpc=3108316519882 duration_ticks=115104 hr=0x00000000
present frame=451 source_index=1 allocator_index=1 expected_next=2 observed_next=2 qpc=3108316635682 duration_ticks=164563 hr=0x00000000
present frame=452 source_index=2 allocator_index=2 expected_next=0 observed_next=0 qpc=3108316800655 duration_ticks=171877 hr=0x00000000
present frame=453 source_index=0 allocator_index=0 expected_next=1 observed_next=1 qpc=3108316976022 duration_ticks=166184 hr=0x00000000
present frame=454 source_index=1 allocator_index=1 expected_next=2 observed_next=2 qpc=3108317146304 duration_ticks=160748 hr=0x00000000
present frame=455 source_index=2 allocator_index=2 expected_next=0 observed_next=0 qpc=3108317311028 duration_ticks=160847 hr=0x00000000
present frame=456 source_index=0 allocator_index=0 expected_next=1 observed_next=1 qpc=3108317477414 duration_ticks=163531 hr=0x00000000
present frame=457 source_index=1 allocator_index=1 expected_next=2 observed_next=2 qpc=3108317645312 duration_ticks=161346 hr=0x00000000
present frame=458 source_index=2 allocator_index=2 expected_next=0 observed_next=0 qpc=3108317810078 duration_ticks=165943 hr=0x00000000
present frame=459 source_index=0 allocator_index=0 expected_next=1 observed_next=1 qpc=3108317982556 duration_ticks=160080 hr=0x00000000
present frame=460 source_index=1 allocator_index=1 expected_next=2 observed_next=2 qpc=3108318149804 duration_ticks=157084 hr=0x00000000
present frame=461 source_index=2 allocator_index=2 expected_next=0 observed_next=0 qpc=3108318315920 duration_ticks=158481 hr=0x00000000
present frame=462 source_index=0 allocator_index=0 expected_next=1 observed_next=1 qpc=3108318478227 duration_ticks=162108 hr=0x00000000
present frame=463 source_index=1 allocator_index=1 expected_next=2 observed_next=2 qpc=3108318646485 duration_ticks=160131 hr=0x00000000
present frame=464 source_index=2 allocator_index=2 expected_next=0 observed_next=0 qpc=3108318812315 duration_ticks=160757 hr=0x00000000
present frame=465 source_index=0 allocator_index=0 expected_next=1 observed_next=1 qpc=3108318976742 duration_ticks=164497 hr=0x00000000
present frame=466 source_index=1 allocator_index=1 expected_next=2 observed_next=2 qpc=3108319147640 duration_ticks=157918 hr=0x00000000
present frame=467 source_index=2 allocator_index=2 expected_next=0 observed_next=0 qpc=3108319311342 duration_ticks=167687 hr=0x00000000
present frame=468 source_index=0 allocator_index=0 expected_next=1 observed_next=1 qpc=3108319485049 duration_ticks=152979 hr=0x00000000
present frame=469 source_index=1 allocator_index=1 expected_next=2 observed_next=2 qpc=3108319642376 duration_ticks=162178 hr=0x00000000
present frame=470 source_index=2 allocator_index=2 expected_next=0 observed_next=0 qpc=3108319809145 duration_ticks=165635 hr=0x00000000
present frame=471 source_index=0 allocator_index=0 expected_next=1 observed_next=1 qpc=3108319978612 duration_ticks=159089 hr=0x00000000
present frame=472 source_index=1 allocator_index=1 expected_next=2 observed_next=2 qpc=3108320144917 duration_ticks=163580 hr=0x00000000
present frame=473 source_index=2 allocator_index=2 expected_next=0 observed_next=0 qpc=3108320312396 duration_ticks=158634 hr=0x00000000
present frame=474 source_index=0 allocator_index=0 expected_next=1 observed_next=1 qpc=3108320474508 duration_ticks=166136 hr=0x00000000
present frame=475 source_index=1 allocator_index=1 expected_next=2 observed_next=2 qpc=3108320645192 duration_ticks=162598 hr=0x00000000
present frame=476 source_index=2 allocator_index=2 expected_next=0 observed_next=0 qpc=3108320811581 duration_ticks=162541 hr=0x00000000
present frame=477 source_index=0 allocator_index=0 expected_next=1 observed_next=1 qpc=3108320979578 duration_ticks=161984 hr=0x00000000
present frame=478 source_index=1 allocator_index=1 expected_next=2 observed_next=2 qpc=3108321145589 duration_ticks=161791 hr=0x00000000
present frame=479 source_index=2 allocator_index=2 expected_next=0 observed_next=0 qpc=3108321310987 duration_ticks=160052 hr=0x00000000
present frame=480 source_index=0 allocator_index=0 expected_next=1 observed_next=1 qpc=3108321476014 duration_ticks=161047 hr=0x00000000
present frame=481 source_index=1 allocator_index=1 expected_next=2 observed_next=2 qpc=3108321642922 duration_ticks=166431 hr=0x00000000
present frame=482 source_index=2 allocator_index=2 expected_next=0 observed_next=0 qpc=3108321821623 duration_ticks=149438 hr=0x00000000
present frame=483 source_index=0 allocator_index=0 expected_next=1 observed_next=1 qpc=3108321974417 duration_ticks=165148 hr=0x00000000
present frame=484 source_index=1 allocator_index=1 expected_next=2 observed_next=2 qpc=3108322154345 duration_ticks=149284 hr=0x00000000
present frame=485 source_index=2 allocator_index=2 expected_next=0 observed_next=0 qpc=3108322308287 duration_ticks=162520 hr=0x00000000
present frame=486 source_index=0 allocator_index=0 expected_next=1 observed_next=1 qpc=3108322475627 duration_ticks=164930 hr=0x00000000
present frame=487 source_index=1 allocator_index=1 expected_next=2 observed_next=2 qpc=3108322644314 duration_ticks=163663 hr=0x00000000
present frame=488 source_index=2 allocator_index=2 expected_next=0 observed_next=0 qpc=3108322811738 duration_ticks=163349 hr=0x00000000
present frame=489 source_index=0 allocator_index=0 expected_next=1 observed_next=1 qpc=3108322980342 duration_ticks=160211 hr=0x00000000
present frame=490 source_index=1 allocator_index=1 expected_next=2 observed_next=2 qpc=3108323144772 duration_ticks=164000 hr=0x00000000
present frame=491 source_index=2 allocator_index=2 expected_next=0 observed_next=0 qpc=3108323316917 duration_ticks=155996 hr=0x00000000
present frame=492 source_index=0 allocator_index=0 expected_next=1 observed_next=1 qpc=3108323476551 duration_ticks=164006 hr=0x00000000
present frame=493 source_index=1 allocator_index=1 expected_next=2 observed_next=2 qpc=3108323644477 duration_ticks=160606 hr=0x00000000
present frame=494 source_index=2 allocator_index=2 expected_next=0 observed_next=0 qpc=3108323808525 duration_ticks=165273 hr=0x00000000
present frame=495 source_index=0 allocator_index=0 expected_next=1 observed_next=1 qpc=3108323977404 duration_ticks=164290 hr=0x00000000
present frame=496 source_index=1 allocator_index=1 expected_next=2 observed_next=2 qpc=3108324145977 duration_ticks=161139 hr=0x00000000
present frame=497 source_index=2 allocator_index=2 expected_next=0 observed_next=0 qpc=3108324310866 duration_ticks=163487 hr=0x00000000
present frame=498 source_index=0 allocator_index=0 expected_next=1 observed_next=1 qpc=3108324478197 duration_ticks=162149 hr=0x00000000
present frame=499 source_index=1 allocator_index=1 expected_next=2 observed_next=2 qpc=3108324644448 duration_ticks=162984 hr=0x00000000
present frame=500 source_index=2 allocator_index=2 expected_next=0 observed_next=0 qpc=3108324813648 duration_ticks=160202 hr=0x00000000
present frame=501 source_index=0 allocator_index=0 expected_next=1 observed_next=1 qpc=3108324980217 duration_ticks=157290 hr=0x00000000
present frame=502 source_index=1 allocator_index=1 expected_next=2 observed_next=2 qpc=3108325142477 duration_ticks=164640 hr=0x00000000
present frame=503 source_index=2 allocator_index=2 expected_next=0 observed_next=0 qpc=3108325310740 duration_ticks=163420 hr=0x00000000
present frame=504 source_index=0 allocator_index=0 expected_next=1 observed_next=1 qpc=3108325477969 duration_ticks=165696 hr=0x00000000
present frame=505 source_index=1 allocator_index=1 expected_next=2 observed_next=2 qpc=3108325647935 duration_ticks=159726 hr=0x00000000
present frame=506 source_index=2 allocator_index=2 expected_next=0 observed_next=0 qpc=3108325811388 duration_ticks=163298 hr=0x00000000
present frame=507 source_index=0 allocator_index=0 expected_next=1 observed_next=1 qpc=3108325983776 duration_ticks=156709 hr=0x00000000
present frame=508 source_index=1 allocator_index=1 expected_next=2 observed_next=2 qpc=3108326144195 duration_ticks=163000 hr=0x00000000
present frame=509 source_index=2 allocator_index=2 expected_next=0 observed_next=0 qpc=3108326312962 duration_ticks=163970 hr=0x00000000
present frame=510 source_index=0 allocator_index=0 expected_next=1 observed_next=1 qpc=3108326516692 duration_ticks=118215 hr=0x00000000
present frame=511 source_index=1 allocator_index=1 expected_next=2 observed_next=2 qpc=3108326635617 duration_ticks=165370 hr=0x00000000
present frame=512 source_index=2 allocator_index=2 expected_next=0 observed_next=0 qpc=3108326801522 duration_ticks=173578 hr=0x00000000
present frame=513 source_index=0 allocator_index=0 expected_next=1 observed_next=1 qpc=3108326978503 duration_ticks=163119 hr=0x00000000
present frame=514 source_index=1 allocator_index=1 expected_next=2 observed_next=2 qpc=3108327153289 duration_ticks=155461 hr=0x00000000
present frame=515 source_index=2 allocator_index=2 expected_next=0 observed_next=0 qpc=3108327313549 duration_ticks=160629 hr=0x00000000
present frame=516 source_index=0 allocator_index=0 expected_next=1 observed_next=1 qpc=3108327480517 duration_ticks=159819 hr=0x00000000
present frame=517 source_index=1 allocator_index=1 expected_next=2 observed_next=2 qpc=3108327644819 duration_ticks=162291 hr=0x00000000
present frame=518 source_index=2 allocator_index=2 expected_next=0 observed_next=0 qpc=3108327811415 duration_ticks=162767 hr=0x00000000
present frame=519 source_index=0 allocator_index=0 expected_next=1 observed_next=1 qpc=3108327979882 duration_ticks=160365 hr=0x00000000
present frame=520 source_index=1 allocator_index=1 expected_next=2 observed_next=2 qpc=3108328143960 duration_ticks=163988 hr=0x00000000
present frame=521 source_index=2 allocator_index=2 expected_next=0 observed_next=0 qpc=3108328316666 duration_ticks=156560 hr=0x00000000
present frame=522 source_index=0 allocator_index=0 expected_next=1 observed_next=1 qpc=3108328480303 duration_ticks=159009 hr=0x00000000
present frame=523 source_index=1 allocator_index=1 expected_next=2 observed_next=2 qpc=3108328647629 duration_ticks=157408 hr=0x00000000
present frame=524 source_index=2 allocator_index=2 expected_next=0 observed_next=0 qpc=3108328810203 duration_ticks=163441 hr=0x00000000
present frame=525 source_index=0 allocator_index=0 expected_next=1 observed_next=1 qpc=3108328978726 duration_ticks=162219 hr=0x00000000
present frame=526 source_index=1 allocator_index=1 expected_next=2 observed_next=2 qpc=3108329144793 duration_ticks=161118 hr=0x00000000
present frame=527 source_index=2 allocator_index=2 expected_next=0 observed_next=0 qpc=3108329311355 duration_ticks=163837 hr=0x00000000
present frame=528 source_index=0 allocator_index=0 expected_next=1 observed_next=1 qpc=3108329476699 duration_ticks=158565 hr=0x00000000
present frame=529 source_index=1 allocator_index=1 expected_next=2 observed_next=2 qpc=3108329640005 duration_ticks=164852 hr=0x00000000
present frame=530 source_index=2 allocator_index=2 expected_next=0 observed_next=0 qpc=3108329816322 duration_ticks=154077 hr=0x00000000
present frame=531 source_index=0 allocator_index=0 expected_next=1 observed_next=1 qpc=3108329975680 duration_ticks=161849 hr=0x00000000
present frame=532 source_index=1 allocator_index=1 expected_next=2 observed_next=2 qpc=3108330143366 duration_ticks=160983 hr=0x00000000
present frame=533 source_index=2 allocator_index=2 expected_next=0 observed_next=0 qpc=3108330309694 duration_ticks=161104 hr=0x00000000
present frame=534 source_index=0 allocator_index=0 expected_next=1 observed_next=1 qpc=3108330476873 duration_ticks=162335 hr=0x00000000
present frame=535 source_index=1 allocator_index=1 expected_next=2 observed_next=2 qpc=3108330644074 duration_ticks=159853 hr=0x00000000
present frame=536 source_index=2 allocator_index=2 expected_next=0 observed_next=0 qpc=3108330809330 duration_ticks=165749 hr=0x00000000
present frame=537 source_index=0 allocator_index=0 expected_next=1 observed_next=1 qpc=3108330983573 duration_ticks=156791 hr=0x00000000
present frame=538 source_index=1 allocator_index=1 expected_next=2 observed_next=2 qpc=3108331144040 duration_ticks=163394 hr=0x00000000
present frame=539 source_index=2 allocator_index=2 expected_next=0 observed_next=0 qpc=3108331322302 duration_ticks=148247 hr=0x00000000
present frame=540 source_index=0 allocator_index=0 expected_next=1 observed_next=1 qpc=3108331476054 duration_ticks=164091 hr=0x00000000
present frame=541 source_index=1 allocator_index=1 expected_next=2 observed_next=2 qpc=3108331644974 duration_ticks=163451 hr=0x00000000
present frame=542 source_index=2 allocator_index=2 expected_next=0 observed_next=0 qpc=3108331811989 duration_ticks=163891 hr=0x00000000
present frame=543 source_index=0 allocator_index=0 expected_next=1 observed_next=1 qpc=3108331984360 duration_ticks=160167 hr=0x00000000
present frame=544 source_index=1 allocator_index=1 expected_next=2 observed_next=2 qpc=3108332151299 duration_ticks=157275 hr=0x00000000
present frame=545 source_index=2 allocator_index=2 expected_next=0 observed_next=0 qpc=3108332312278 duration_ticks=161367 hr=0x00000000
present frame=546 source_index=0 allocator_index=0 expected_next=1 observed_next=1 qpc=3108332485120 duration_ticks=154952 hr=0x00000000
present frame=547 source_index=1 allocator_index=1 expected_next=2 observed_next=2 qpc=3108332644037 duration_ticks=161370 hr=0x00000000
present frame=548 source_index=2 allocator_index=2 expected_next=0 observed_next=0 qpc=3108332809225 duration_ticks=164004 hr=0x00000000
present frame=549 source_index=0 allocator_index=0 expected_next=1 observed_next=1 qpc=3108332976873 duration_ticks=160778 hr=0x00000000
present frame=550 source_index=1 allocator_index=1 expected_next=2 observed_next=2 qpc=3108333142929 duration_ticks=165944 hr=0x00000000
present frame=551 source_index=2 allocator_index=2 expected_next=0 observed_next=0 qpc=3108333312535 duration_ticks=158922 hr=0x00000000
present frame=552 source_index=0 allocator_index=0 expected_next=1 observed_next=1 qpc=3108333474685 duration_ticks=166392 hr=0x00000000
present frame=553 source_index=1 allocator_index=1 expected_next=2 observed_next=2 qpc=3108333647410 duration_ticks=159663 hr=0x00000000
present frame=554 source_index=2 allocator_index=2 expected_next=0 observed_next=0 qpc=3108333810657 duration_ticks=162200 hr=0x00000000
present frame=555 source_index=0 allocator_index=0 expected_next=1 observed_next=1 qpc=3108333976670 duration_ticks=163390 hr=0x00000000
present frame=556 source_index=1 allocator_index=1 expected_next=2 observed_next=2 qpc=3108334143898 duration_ticks=162709 hr=0x00000000
present frame=557 source_index=2 allocator_index=2 expected_next=0 observed_next=0 qpc=3108334311418 duration_ticks=162562 hr=0x00000000
present frame=558 source_index=0 allocator_index=0 expected_next=1 observed_next=1 qpc=3108334477688 duration_ticks=161941 hr=0x00000000
present frame=559 source_index=1 allocator_index=1 expected_next=2 observed_next=2 qpc=3108334643112 duration_ticks=165004 hr=0x00000000
present frame=560 source_index=2 allocator_index=2 expected_next=0 observed_next=0 qpc=3108334815733 duration_ticks=157276 hr=0x00000000
present frame=561 source_index=0 allocator_index=0 expected_next=1 observed_next=1 qpc=3108334976622 duration_ticks=161349 hr=0x00000000
present frame=562 source_index=1 allocator_index=1 expected_next=2 observed_next=2 qpc=3108335143822 duration_ticks=162978 hr=0x00000000
present frame=563 source_index=2 allocator_index=2 expected_next=0 observed_next=0 qpc=3108335310565 duration_ticks=162562 hr=0x00000000
present frame=564 source_index=0 allocator_index=0 expected_next=1 observed_next=1 qpc=3108335476911 duration_ticks=164149 hr=0x00000000
present frame=565 source_index=1 allocator_index=1 expected_next=2 observed_next=2 qpc=3108335644890 duration_ticks=162310 hr=0x00000000
present frame=566 source_index=2 allocator_index=2 expected_next=0 observed_next=0 qpc=3108335811074 duration_ticks=163194 hr=0x00000000
present frame=567 source_index=0 allocator_index=0 expected_next=1 observed_next=1 qpc=3108335977837 duration_ticks=162388 hr=0x00000000
present frame=568 source_index=1 allocator_index=1 expected_next=2 observed_next=2 qpc=3108336144069 duration_ticks=162720 hr=0x00000000
present frame=569 source_index=2 allocator_index=2 expected_next=0 observed_next=0 qpc=3108336314561 duration_ticks=161122 hr=0x00000000
present frame=570 source_index=0 allocator_index=0 expected_next=1 observed_next=1 qpc=3108336523750 duration_ticks=104768 hr=0x00000000
present frame=571 source_index=1 allocator_index=1 expected_next=2 observed_next=2 qpc=3108336628893 duration_ticks=171606 hr=0x00000000
present frame=572 source_index=2 allocator_index=2 expected_next=0 observed_next=0 qpc=3108336801505 duration_ticks=165094 hr=0x00000000
present frame=573 source_index=0 allocator_index=0 expected_next=1 observed_next=1 qpc=3108336967307 duration_ticks=175737 hr=0x00000000
present frame=574 source_index=1 allocator_index=1 expected_next=2 observed_next=2 qpc=3108337146788 duration_ticks=159887 hr=0x00000000
present frame=575 source_index=2 allocator_index=2 expected_next=0 observed_next=0 qpc=3108337310543 duration_ticks=164072 hr=0x00000000
present frame=576 source_index=0 allocator_index=0 expected_next=1 observed_next=1 qpc=3108337479442 duration_ticks=161608 hr=0x00000000
present frame=577 source_index=1 allocator_index=1 expected_next=2 observed_next=2 qpc=3108337646209 duration_ticks=161580 hr=0x00000000
present frame=578 source_index=2 allocator_index=2 expected_next=0 observed_next=0 qpc=3108337815690 duration_ticks=157515 hr=0x00000000
present frame=579 source_index=0 allocator_index=0 expected_next=1 observed_next=1 qpc=3108337977027 duration_ticks=161410 hr=0x00000000
present frame=580 source_index=1 allocator_index=1 expected_next=2 observed_next=2 qpc=3108338144691 duration_ticks=162757 hr=0x00000000
present frame=581 source_index=2 allocator_index=2 expected_next=0 observed_next=0 qpc=3108338313195 duration_ticks=160988 hr=0x00000000
present frame=582 source_index=0 allocator_index=0 expected_next=1 observed_next=1 qpc=3108338478770 duration_ticks=163069 hr=0x00000000
present frame=583 source_index=1 allocator_index=1 expected_next=2 observed_next=2 qpc=3108338645765 duration_ticks=158187 hr=0x00000000
present frame=584 source_index=2 allocator_index=2 expected_next=0 observed_next=0 qpc=3108338809370 duration_ticks=164839 hr=0x00000000
present frame=585 source_index=0 allocator_index=0 expected_next=1 observed_next=1 qpc=3108338981647 duration_ticks=158545 hr=0x00000000
present frame=586 source_index=1 allocator_index=1 expected_next=2 observed_next=2 qpc=3108339143875 duration_ticks=163526 hr=0x00000000
present frame=587 source_index=2 allocator_index=2 expected_next=0 observed_next=0 qpc=3108339311755 duration_ticks=162690 hr=0x00000000
present frame=588 source_index=0 allocator_index=0 expected_next=1 observed_next=1 qpc=3108339481251 duration_ticks=158901 hr=0x00000000
present frame=589 source_index=1 allocator_index=1 expected_next=2 observed_next=2 qpc=3108339645652 duration_ticks=163453 hr=0x00000000
present frame=590 source_index=2 allocator_index=2 expected_next=0 observed_next=0 qpc=3108339812887 duration_ticks=162144 hr=0x00000000
present frame=591 source_index=0 allocator_index=0 expected_next=1 observed_next=1 qpc=3108339978976 duration_ticks=160364 hr=0x00000000
present frame=592 source_index=1 allocator_index=1 expected_next=2 observed_next=2 qpc=3108340146486 duration_ticks=161565 hr=0x00000000
present frame=593 source_index=2 allocator_index=2 expected_next=0 observed_next=0 qpc=3108340311800 duration_ticks=162012 hr=0x00000000
present frame=594 source_index=0 allocator_index=0 expected_next=1 observed_next=1 qpc=3108340477783 duration_ticks=163011 hr=0x00000000
present frame=595 source_index=1 allocator_index=1 expected_next=2 observed_next=2 qpc=3108340644495 duration_ticks=161961 hr=0x00000000
present frame=596 source_index=2 allocator_index=2 expected_next=0 observed_next=0 qpc=3108340809865 duration_ticks=165502 hr=0x00000000
present frame=597 source_index=0 allocator_index=0 expected_next=1 observed_next=1 qpc=3108340979003 duration_ticks=161434 hr=0x00000000
present frame=598 source_index=1 allocator_index=1 expected_next=2 observed_next=2 qpc=3108341144175 duration_ticks=166481 hr=0x00000000
present frame=599 source_index=2 allocator_index=2 expected_next=0 observed_next=0 qpc=3108341317403 duration_ticks=154149 hr=0x00000000
present frame=600 source_index=0 allocator_index=0 expected_next=1 observed_next=1 qpc=3108341477848 duration_ticks=162443 hr=0x00000000
present frame=601 source_index=1 allocator_index=1 expected_next=2 observed_next=2 qpc=3108341646405 duration_ticks=158145 hr=0x00000000
present frame=602 source_index=2 allocator_index=2 expected_next=0 observed_next=0 qpc=3108341811040 duration_ticks=163696 hr=0x00000000
present frame=603 source_index=0 allocator_index=0 expected_next=1 observed_next=1 qpc=3108341980594 duration_ticks=160824 hr=0x00000000
present frame=604 source_index=1 allocator_index=1 expected_next=2 observed_next=2 qpc=3108342145280 duration_ticks=162494 hr=0x00000000
present frame=605 source_index=2 allocator_index=2 expected_next=0 observed_next=0 qpc=3108342312179 duration_ticks=160820 hr=0x00000000
present frame=606 source_index=0 allocator_index=0 expected_next=1 observed_next=1 qpc=3108342476690 duration_ticks=164035 hr=0x00000000
present frame=607 source_index=1 allocator_index=1 expected_next=2 observed_next=2 qpc=3108342644570 duration_ticks=163733 hr=0x00000000
present frame=608 source_index=2 allocator_index=2 expected_next=0 observed_next=0 qpc=3108342813950 duration_ticks=159371 hr=0x00000000
present frame=609 source_index=0 allocator_index=0 expected_next=1 observed_next=1 qpc=3108342976977 duration_ticks=161710 hr=0x00000000
present frame=610 source_index=1 allocator_index=1 expected_next=2 observed_next=2 qpc=3108343142418 duration_ticks=165407 hr=0x00000000
present frame=611 source_index=2 allocator_index=2 expected_next=0 observed_next=0 qpc=3108343313559 duration_ticks=160260 hr=0x00000000
present frame=612 source_index=0 allocator_index=0 expected_next=1 observed_next=1 qpc=3108343478143 duration_ticks=164233 hr=0x00000000
present frame=613 source_index=1 allocator_index=1 expected_next=2 observed_next=2 qpc=3108343646255 duration_ticks=158440 hr=0x00000000
present frame=614 source_index=2 allocator_index=2 expected_next=0 observed_next=0 qpc=3108343809773 duration_ticks=163567 hr=0x00000000
present frame=615 source_index=0 allocator_index=0 expected_next=1 observed_next=1 qpc=3108343978304 duration_ticks=163924 hr=0x00000000
present frame=616 source_index=1 allocator_index=1 expected_next=2 observed_next=2 qpc=3108344146060 duration_ticks=164405 hr=0x00000000
present frame=617 source_index=2 allocator_index=2 expected_next=0 observed_next=0 qpc=3108344326587 duration_ticks=147118 hr=0x00000000
present frame=618 source_index=0 allocator_index=0 expected_next=1 observed_next=1 qpc=3108344478839 duration_ticks=166229 hr=0x00000000
present frame=619 source_index=1 allocator_index=1 expected_next=2 observed_next=2 qpc=3108344654222 duration_ticks=154452 hr=0x00000000
present frame=620 source_index=2 allocator_index=2 expected_next=0 observed_next=0 qpc=3108344814434 duration_ticks=159315 hr=0x00000000
present frame=621 source_index=0 allocator_index=0 expected_next=1 observed_next=1 qpc=3108344977819 duration_ticks=166634 hr=0x00000000
present frame=622 source_index=1 allocator_index=1 expected_next=2 observed_next=2 qpc=3108345152205 duration_ticks=154306 hr=0x00000000
present frame=623 source_index=2 allocator_index=2 expected_next=0 observed_next=0 qpc=3108345310264 duration_ticks=162967 hr=0x00000000
present frame=624 source_index=0 allocator_index=0 expected_next=1 observed_next=1 qpc=3108345477739 duration_ticks=163442 hr=0x00000000
present frame=625 source_index=1 allocator_index=1 expected_next=2 observed_next=2 qpc=3108345644985 duration_ticks=161412 hr=0x00000000
present frame=626 source_index=2 allocator_index=2 expected_next=0 observed_next=0 qpc=3108345811708 duration_ticks=163174 hr=0x00000000
present frame=627 source_index=0 allocator_index=0 expected_next=1 observed_next=1 qpc=3108345978667 duration_ticks=163410 hr=0x00000000
present frame=628 source_index=1 allocator_index=1 expected_next=2 observed_next=2 qpc=3108346221851 duration_ticks=81138 hr=0x00000000
present frame=629 source_index=2 allocator_index=2 expected_next=0 observed_next=0 qpc=3108346303506 duration_ticks=166146 hr=0x00000000
present frame=630 source_index=0 allocator_index=0 expected_next=1 observed_next=1 qpc=3108346470197 duration_ticks=164515 hr=0x00000000
present frame=631 source_index=1 allocator_index=1 expected_next=2 observed_next=2 qpc=3108346635214 duration_ticks=171708 hr=0x00000000
present frame=632 source_index=2 allocator_index=2 expected_next=0 observed_next=0 qpc=3108346815357 duration_ticks=161035 hr=0x00000000
present frame=633 source_index=0 allocator_index=0 expected_next=1 observed_next=1 qpc=3108346980600 duration_ticks=159963 hr=0x00000000
present frame=634 source_index=1 allocator_index=1 expected_next=2 observed_next=2 qpc=3108347144573 duration_ticks=163875 hr=0x00000000
present frame=635 source_index=2 allocator_index=2 expected_next=0 observed_next=0 qpc=3108347312366 duration_ticks=164353 hr=0x00000000
present frame=636 source_index=0 allocator_index=0 expected_next=1 observed_next=1 qpc=3108347481126 duration_ticks=161406 hr=0x00000000
present frame=637 source_index=1 allocator_index=1 expected_next=2 observed_next=2 qpc=3108347648324 duration_ticks=160401 hr=0x00000000
present frame=638 source_index=2 allocator_index=2 expected_next=0 observed_next=0 qpc=3108347818469 duration_ticks=156065 hr=0x00000000
present frame=639 source_index=0 allocator_index=0 expected_next=1 observed_next=1 qpc=3108347978694 duration_ticks=164208 hr=0x00000000
present frame=640 source_index=1 allocator_index=1 expected_next=2 observed_next=2 qpc=3108348152563 duration_ticks=156149 hr=0x00000000
present frame=641 source_index=2 allocator_index=2 expected_next=0 observed_next=0 qpc=3108348314616 duration_ticks=161809 hr=0x00000000
present frame=642 source_index=0 allocator_index=0 expected_next=1 observed_next=1 qpc=3108348550940 duration_ticks=85022 hr=0x00000000
present frame=643 source_index=1 allocator_index=1 expected_next=2 observed_next=2 qpc=3108348636453 duration_ticks=165423 hr=0x00000000
present frame=644 source_index=2 allocator_index=2 expected_next=0 observed_next=0 qpc=3108348802435 duration_ticks=164461 hr=0x00000000
present frame=645 source_index=0 allocator_index=0 expected_next=1 observed_next=1 qpc=3108348967396 duration_ticks=173926 hr=0x00000000
present frame=646 source_index=1 allocator_index=1 expected_next=2 observed_next=2 qpc=3108349144836 duration_ticks=164366 hr=0x00000000
present frame=647 source_index=2 allocator_index=2 expected_next=0 observed_next=0 qpc=3108349323973 duration_ticks=155696 hr=0x00000000
present frame=648 source_index=0 allocator_index=0 expected_next=1 observed_next=1 qpc=3108349488942 duration_ticks=151735 hr=0x00000000
present frame=649 source_index=1 allocator_index=1 expected_next=2 observed_next=2 qpc=3108349649332 duration_ticks=157983 hr=0x00000000
present frame=650 source_index=2 allocator_index=2 expected_next=0 observed_next=0 qpc=3108349813215 duration_ticks=160181 hr=0x00000000
present frame=651 source_index=0 allocator_index=0 expected_next=1 observed_next=1 qpc=3108349978088 duration_ticks=162709 hr=0x00000000
present frame=652 source_index=1 allocator_index=1 expected_next=2 observed_next=2 qpc=3108350144795 duration_ticks=161234 hr=0x00000000
present frame=653 source_index=2 allocator_index=2 expected_next=0 observed_next=0 qpc=3108350310324 duration_ticks=162905 hr=0x00000000
present frame=654 source_index=0 allocator_index=0 expected_next=1 observed_next=1 qpc=3108350483755 duration_ticks=158167 hr=0x00000000
present frame=655 source_index=1 allocator_index=1 expected_next=2 observed_next=2 qpc=3108350651453 duration_ticks=157872 hr=0x00000000
present frame=656 source_index=2 allocator_index=2 expected_next=0 observed_next=0 qpc=3108350813357 duration_ticks=162453 hr=0x00000000
present frame=657 source_index=0 allocator_index=0 expected_next=1 observed_next=1 qpc=3108350983226 duration_ticks=159141 hr=0x00000000
present frame=658 source_index=1 allocator_index=1 expected_next=2 observed_next=2 qpc=3108351147300 duration_ticks=162609 hr=0x00000000
present frame=659 source_index=2 allocator_index=2 expected_next=0 observed_next=0 qpc=3108351313882 duration_ticks=162110 hr=0x00000000
present frame=660 source_index=0 allocator_index=0 expected_next=1 observed_next=1 qpc=3108351480219 duration_ticks=161941 hr=0x00000000
present frame=661 source_index=1 allocator_index=1 expected_next=2 observed_next=2 qpc=3108351650697 duration_ticks=162003 hr=0x00000000
present frame=662 source_index=2 allocator_index=2 expected_next=0 observed_next=0 qpc=3108351817207 duration_ticks=156481 hr=0x00000000
present frame=663 source_index=0 allocator_index=0 expected_next=1 observed_next=1 qpc=3108351977435 duration_ticks=160470 hr=0x00000000
present frame=664 source_index=1 allocator_index=1 expected_next=2 observed_next=2 qpc=3108352140066 duration_ticks=162514 hr=0x00000000
present frame=665 source_index=2 allocator_index=2 expected_next=0 observed_next=0 qpc=3108352305180 duration_ticks=165441 hr=0x00000000
present frame=666 source_index=0 allocator_index=0 expected_next=1 observed_next=1 qpc=3108352475213 duration_ticks=164919 hr=0x00000000
present frame=667 source_index=1 allocator_index=1 expected_next=2 observed_next=2 qpc=3108352646391 duration_ticks=159496 hr=0x00000000
present frame=668 source_index=2 allocator_index=2 expected_next=0 observed_next=0 qpc=3108352809276 duration_ticks=161943 hr=0x00000000
present frame=669 source_index=0 allocator_index=0 expected_next=1 observed_next=1 qpc=3108352974772 duration_ticks=163536 hr=0x00000000
present frame=670 source_index=1 allocator_index=1 expected_next=2 observed_next=2 qpc=3108353143282 duration_ticks=161390 hr=0x00000000
present frame=671 source_index=2 allocator_index=2 expected_next=0 observed_next=0 qpc=3108353308176 duration_ticks=165334 hr=0x00000000
present frame=672 source_index=0 allocator_index=0 expected_next=1 observed_next=1 qpc=3108353477543 duration_ticks=160554 hr=0x00000000
present frame=673 source_index=1 allocator_index=1 expected_next=2 observed_next=2 qpc=3108353641817 duration_ticks=162947 hr=0x00000000
present frame=674 source_index=2 allocator_index=2 expected_next=0 observed_next=0 qpc=3108353808105 duration_ticks=168109 hr=0x00000000
present frame=675 source_index=0 allocator_index=0 expected_next=1 observed_next=1 qpc=3108353980403 duration_ticks=157499 hr=0x00000000
present frame=676 source_index=1 allocator_index=1 expected_next=2 observed_next=2 qpc=3108354141372 duration_ticks=166790 hr=0x00000000
present frame=677 source_index=2 allocator_index=2 expected_next=0 observed_next=0 qpc=3108354313255 duration_ticks=157860 hr=0x00000000
present frame=678 source_index=0 allocator_index=0 expected_next=1 observed_next=1 qpc=3108354474788 duration_ticks=163617 hr=0x00000000
present frame=679 source_index=1 allocator_index=1 expected_next=2 observed_next=2 qpc=3108354642206 duration_ticks=162552 hr=0x00000000
present frame=680 source_index=2 allocator_index=2 expected_next=0 observed_next=0 qpc=3108354808267 duration_ticks=163204 hr=0x00000000
present frame=681 source_index=0 allocator_index=0 expected_next=1 observed_next=1 qpc=3108354975089 duration_ticks=164229 hr=0x00000000
present frame=682 source_index=1 allocator_index=1 expected_next=2 observed_next=2 qpc=3108355142738 duration_ticks=165012 hr=0x00000000
present frame=683 source_index=2 allocator_index=2 expected_next=0 observed_next=0 qpc=3108355311962 duration_ticks=159783 hr=0x00000000
present frame=684 source_index=0 allocator_index=0 expected_next=1 observed_next=1 qpc=3108355475502 duration_ticks=162671 hr=0x00000000
present frame=685 source_index=1 allocator_index=1 expected_next=2 observed_next=2 qpc=3108355641977 duration_ticks=162773 hr=0x00000000
present frame=686 source_index=2 allocator_index=2 expected_next=0 observed_next=0 qpc=3108355809341 duration_ticks=165338 hr=0x00000000
present frame=687 source_index=0 allocator_index=0 expected_next=1 observed_next=1 qpc=3108355978680 duration_ticks=159263 hr=0x00000000
present frame=688 source_index=1 allocator_index=1 expected_next=2 observed_next=2 qpc=3108356141632 duration_ticks=164979 hr=0x00000000
present frame=689 source_index=2 allocator_index=2 expected_next=0 observed_next=0 qpc=3108356310247 duration_ticks=164471 hr=0x00000000
present frame=690 source_index=0 allocator_index=0 expected_next=1 observed_next=1 qpc=3108356579019 duration_ticks=65248 hr=0x00000000
present frame=691 source_index=1 allocator_index=1 expected_next=2 observed_next=2 qpc=3108356695237 duration_ticks=99717 hr=0x00000000
present frame=692 source_index=2 allocator_index=2 expected_next=0 observed_next=0 qpc=3108356795718 duration_ticks=167071 hr=0x00000000
present frame=693 source_index=0 allocator_index=0 expected_next=1 observed_next=1 qpc=3108356963293 duration_ticks=166787 hr=0x00000000
present frame=694 source_index=1 allocator_index=1 expected_next=2 observed_next=2 qpc=3108357130840 duration_ticks=176855 hr=0x00000000
present frame=695 source_index=2 allocator_index=2 expected_next=0 observed_next=0 qpc=3108357310924 duration_ticks=163896 hr=0x00000000
present frame=696 source_index=0 allocator_index=0 expected_next=1 observed_next=1 qpc=3108357478404 duration_ticks=162298 hr=0x00000000
present frame=697 source_index=1 allocator_index=1 expected_next=2 observed_next=2 qpc=3108357646044 duration_ticks=162486 hr=0x00000000
present frame=698 source_index=2 allocator_index=2 expected_next=0 observed_next=0 qpc=3108357812829 duration_ticks=160317 hr=0x00000000
present frame=699 source_index=0 allocator_index=0 expected_next=1 observed_next=1 qpc=3108357976975 duration_ticks=161635 hr=0x00000000
present frame=700 source_index=1 allocator_index=1 expected_next=2 observed_next=2 qpc=3108358146628 duration_ticks=160252 hr=0x00000000
present frame=701 source_index=2 allocator_index=2 expected_next=0 observed_next=0 qpc=3108358310495 duration_ticks=162999 hr=0x00000000
present frame=702 source_index=0 allocator_index=0 expected_next=1 observed_next=1 qpc=3108358477299 duration_ticks=162921 hr=0x00000000
present frame=703 source_index=1 allocator_index=1 expected_next=2 observed_next=2 qpc=3108358645391 duration_ticks=158891 hr=0x00000000
present frame=704 source_index=2 allocator_index=2 expected_next=0 observed_next=0 qpc=3108358809842 duration_ticks=164745 hr=0x00000000
present frame=705 source_index=0 allocator_index=0 expected_next=1 observed_next=1 qpc=3108358978248 duration_ticks=162096 hr=0x00000000
present frame=706 source_index=1 allocator_index=1 expected_next=2 observed_next=2 qpc=3108359144032 duration_ticks=161018 hr=0x00000000
present frame=707 source_index=2 allocator_index=2 expected_next=0 observed_next=0 qpc=3108359310607 duration_ticks=161149 hr=0x00000000
present frame=708 source_index=0 allocator_index=0 expected_next=1 observed_next=1 qpc=3108359478779 duration_ticks=157750 hr=0x00000000
present frame=709 source_index=1 allocator_index=1 expected_next=2 observed_next=2 qpc=3108359643571 duration_ticks=162241 hr=0x00000000
present frame=710 source_index=2 allocator_index=2 expected_next=0 observed_next=0 qpc=3108359811215 duration_ticks=161162 hr=0x00000000
present frame=711 source_index=0 allocator_index=0 expected_next=1 observed_next=1 qpc=3108359977921 duration_ticks=161183 hr=0x00000000
present frame=712 source_index=1 allocator_index=1 expected_next=2 observed_next=2 qpc=3108360145348 duration_ticks=162186 hr=0x00000000
present frame=713 source_index=2 allocator_index=2 expected_next=0 observed_next=0 qpc=3108360311658 duration_ticks=165636 hr=0x00000000
present frame=714 source_index=0 allocator_index=0 expected_next=1 observed_next=1 qpc=3108360482095 duration_ticks=158588 hr=0x00000000
present frame=715 source_index=1 allocator_index=1 expected_next=2 observed_next=2 qpc=3108360644891 duration_ticks=160907 hr=0x00000000
present frame=716 source_index=2 allocator_index=2 expected_next=0 observed_next=0 qpc=3108360815119 duration_ticks=159173 hr=0x00000000
present frame=717 source_index=0 allocator_index=0 expected_next=1 observed_next=1 qpc=3108360978210 duration_ticks=161957 hr=0x00000000
present frame=718 source_index=1 allocator_index=1 expected_next=2 observed_next=2 qpc=3108361143672 duration_ticks=164525 hr=0x00000000
present frame=719 source_index=2 allocator_index=2 expected_next=0 observed_next=0 qpc=3108361314257 duration_ticks=157173 hr=0x00000000
present frame=720 source_index=0 allocator_index=0 expected_next=1 observed_next=1 qpc=3108361475755 duration_ticks=165147 hr=0x00000000
present frame=721 source_index=1 allocator_index=1 expected_next=2 observed_next=2 qpc=3108361647431 duration_ticks=165375 hr=0x00000000
present frame=722 source_index=2 allocator_index=2 expected_next=0 observed_next=0 qpc=3108361818294 duration_ticks=156411 hr=0x00000000
present frame=723 source_index=0 allocator_index=0 expected_next=1 observed_next=1 qpc=3108361978052 duration_ticks=163900 hr=0x00000000
present frame=724 source_index=1 allocator_index=1 expected_next=2 observed_next=2 qpc=3108362145611 duration_ticks=162444 hr=0x00000000
present frame=725 source_index=2 allocator_index=2 expected_next=0 observed_next=0 qpc=3108362315392 duration_ticks=156612 hr=0x00000000
present frame=726 source_index=0 allocator_index=0 expected_next=1 observed_next=1 qpc=3108362476944 duration_ticks=165074 hr=0x00000000
present frame=727 source_index=1 allocator_index=1 expected_next=2 observed_next=2 qpc=3108362645912 duration_ticks=162558 hr=0x00000000
present frame=728 source_index=2 allocator_index=2 expected_next=0 observed_next=0 qpc=3108362813213 duration_ticks=160397 hr=0x00000000
present frame=729 source_index=0 allocator_index=0 expected_next=1 observed_next=1 qpc=3108362977561 duration_ticks=165044 hr=0x00000000
present frame=730 source_index=1 allocator_index=1 expected_next=2 observed_next=2 qpc=3108363148627 duration_ticks=159236 hr=0x00000000
present frame=731 source_index=2 allocator_index=2 expected_next=0 observed_next=0 qpc=3108363313443 duration_ticks=162645 hr=0x00000000
present frame=732 source_index=0 allocator_index=0 expected_next=1 observed_next=1 qpc=3108363483407 duration_ticks=157109 hr=0x00000000
present frame=733 source_index=1 allocator_index=1 expected_next=2 observed_next=2 qpc=3108363644445 duration_ticks=165320 hr=0x00000000
present frame=734 source_index=2 allocator_index=2 expected_next=0 observed_next=0 qpc=3108363815816 duration_ticks=158448 hr=0x00000000
present frame=735 source_index=0 allocator_index=0 expected_next=1 observed_next=1 qpc=3108363978115 duration_ticks=161960 hr=0x00000000
present frame=736 source_index=1 allocator_index=1 expected_next=2 observed_next=2 qpc=3108364147228 duration_ticks=163595 hr=0x00000000
present frame=737 source_index=2 allocator_index=2 expected_next=0 observed_next=0 qpc=3108364318236 duration_ticks=152449 hr=0x00000000
present frame=738 source_index=0 allocator_index=0 expected_next=1 observed_next=1 qpc=3108364474806 duration_ticks=166867 hr=0x00000000
present frame=739 source_index=1 allocator_index=1 expected_next=2 observed_next=2 qpc=3108364647279 duration_ticks=161393 hr=0x00000000
present frame=740 source_index=2 allocator_index=2 expected_next=0 observed_next=0 qpc=3108364812537 duration_ticks=161458 hr=0x00000000
present frame=741 source_index=0 allocator_index=0 expected_next=1 observed_next=1 qpc=3108364977692 duration_ticks=160817 hr=0x00000000
present frame=742 source_index=1 allocator_index=1 expected_next=2 observed_next=2 qpc=3108365142252 duration_ticks=164705 hr=0x00000000
present frame=743 source_index=2 allocator_index=2 expected_next=0 observed_next=0 qpc=3108365312804 duration_ticks=161680 hr=0x00000000
present frame=744 source_index=0 allocator_index=0 expected_next=1 observed_next=1 qpc=3108365478132 duration_ticks=161294 hr=0x00000000
present frame=745 source_index=1 allocator_index=1 expected_next=2 observed_next=2 qpc=3108365642643 duration_ticks=165263 hr=0x00000000
present frame=746 source_index=2 allocator_index=2 expected_next=0 observed_next=0 qpc=3108365812274 duration_ticks=164053 hr=0x00000000
present frame=747 source_index=0 allocator_index=0 expected_next=1 observed_next=1 qpc=3108365982403 duration_ticks=158852 hr=0x00000000
present frame=748 source_index=1 allocator_index=1 expected_next=2 observed_next=2 qpc=3108366151820 duration_ticks=154744 hr=0x00000000
present frame=749 source_index=2 allocator_index=2 expected_next=0 observed_next=0 qpc=3108366310386 duration_ticks=165128 hr=0x00000000
present frame=750 source_index=0 allocator_index=0 expected_next=1 observed_next=1 qpc=3108366530967 duration_ticks=103541 hr=0x00000000
present frame=751 source_index=1 allocator_index=1 expected_next=2 observed_next=2 qpc=3108366635117 duration_ticks=165153 hr=0x00000000
present frame=752 source_index=2 allocator_index=2 expected_next=0 observed_next=0 qpc=3108366800814 duration_ticks=165511 hr=0x00000000
present frame=753 source_index=0 allocator_index=0 expected_next=1 observed_next=1 qpc=3108366966766 duration_ticks=175153 hr=0x00000000
present frame=754 source_index=1 allocator_index=1 expected_next=2 observed_next=2 qpc=3108367146095 duration_ticks=163696 hr=0x00000000
present frame=755 source_index=2 allocator_index=2 expected_next=0 observed_next=0 qpc=3108367321827 duration_ticks=150460 hr=0x00000000
present frame=756 source_index=0 allocator_index=0 expected_next=1 observed_next=1 qpc=3108367476044 duration_ticks=163194 hr=0x00000000
present frame=757 source_index=1 allocator_index=1 expected_next=2 observed_next=2 qpc=3108367642512 duration_ticks=164848 hr=0x00000000
present frame=758 source_index=2 allocator_index=2 expected_next=0 observed_next=0 qpc=3108367811642 duration_ticks=161100 hr=0x00000000
present frame=759 source_index=0 allocator_index=0 expected_next=1 observed_next=1 qpc=3108367976355 duration_ticks=163129 hr=0x00000000
present frame=760 source_index=1 allocator_index=1 expected_next=2 observed_next=2 qpc=3108368145289 duration_ticks=160681 hr=0x00000000
present frame=761 source_index=2 allocator_index=2 expected_next=0 observed_next=0 qpc=3108368314585 duration_ticks=161121 hr=0x00000000
present frame=762 source_index=0 allocator_index=0 expected_next=1 observed_next=1 qpc=3108368484220 duration_ticks=155666 hr=0x00000000
present frame=763 source_index=1 allocator_index=1 expected_next=2 observed_next=2 qpc=3108368645277 duration_ticks=161545 hr=0x00000000
present frame=764 source_index=2 allocator_index=2 expected_next=0 observed_next=0 qpc=3108368814646 duration_ticks=158159 hr=0x00000000
present frame=765 source_index=0 allocator_index=0 expected_next=1 observed_next=1 qpc=3108368976577 duration_ticks=163513 hr=0x00000000
present frame=766 source_index=1 allocator_index=1 expected_next=2 observed_next=2 qpc=3108369143869 duration_ticks=161266 hr=0x00000000
present frame=767 source_index=2 allocator_index=2 expected_next=0 observed_next=0 qpc=3108369310913 duration_ticks=161141 hr=0x00000000
present frame=768 source_index=0 allocator_index=0 expected_next=1 observed_next=1 qpc=3108369479652 duration_ticks=156846 hr=0x00000000
present frame=769 source_index=1 allocator_index=1 expected_next=2 observed_next=2 qpc=3108369641422 duration_ticks=161095 hr=0x00000000
present frame=770 source_index=2 allocator_index=2 expected_next=0 observed_next=0 qpc=3108369806841 duration_ticks=162288 hr=0x00000000
present frame=771 source_index=0 allocator_index=0 expected_next=1 observed_next=1 qpc=3108369974905 duration_ticks=160811 hr=0x00000000
present frame=772 source_index=1 allocator_index=1 expected_next=2 observed_next=2 qpc=3108370140975 duration_ticks=161076 hr=0x00000000
present frame=773 source_index=2 allocator_index=2 expected_next=0 observed_next=0 qpc=3108370307268 duration_ticks=163359 hr=0x00000000
present frame=774 source_index=0 allocator_index=0 expected_next=1 observed_next=1 qpc=3108370476251 duration_ticks=165359 hr=0x00000000
present frame=775 source_index=1 allocator_index=1 expected_next=2 observed_next=2 qpc=3108370645513 duration_ticks=161787 hr=0x00000000
present frame=776 source_index=2 allocator_index=2 expected_next=0 observed_next=0 qpc=3108370811179 duration_ticks=161926 hr=0x00000000
present frame=777 source_index=0 allocator_index=0 expected_next=1 observed_next=1 qpc=3108370976905 duration_ticks=160946 hr=0x00000000
present frame=778 source_index=1 allocator_index=1 expected_next=2 observed_next=2 qpc=3108371141996 duration_ticks=166068 hr=0x00000000
present frame=779 source_index=2 allocator_index=2 expected_next=0 observed_next=0 qpc=3108371314547 duration_ticks=159677 hr=0x00000000
present frame=780 source_index=0 allocator_index=0 expected_next=1 observed_next=1 qpc=3108371477958 duration_ticks=162245 hr=0x00000000
present frame=781 source_index=1 allocator_index=1 expected_next=2 observed_next=2 qpc=3108371644220 duration_ticks=162156 hr=0x00000000
present frame=782 source_index=2 allocator_index=2 expected_next=0 observed_next=0 qpc=3108371810003 duration_ticks=164910 hr=0x00000000
present frame=783 source_index=0 allocator_index=0 expected_next=1 observed_next=1 qpc=3108371980286 duration_ticks=160069 hr=0x00000000
present frame=784 source_index=1 allocator_index=1 expected_next=2 observed_next=2 qpc=3108372144116 duration_ticks=164999 hr=0x00000000
present frame=785 source_index=2 allocator_index=2 expected_next=0 observed_next=0 qpc=3108372319402 duration_ticks=152781 hr=0x00000000
present frame=786 source_index=0 allocator_index=0 expected_next=1 observed_next=1 qpc=3108372475955 duration_ticks=163189 hr=0x00000000
present frame=787 source_index=1 allocator_index=1 expected_next=2 observed_next=2 qpc=3108372643083 duration_ticks=163553 hr=0x00000000
present frame=788 source_index=2 allocator_index=2 expected_next=0 observed_next=0 qpc=3108372810398 duration_ticks=162164 hr=0x00000000
present frame=789 source_index=0 allocator_index=0 expected_next=1 observed_next=1 qpc=3108372976179 duration_ticks=164132 hr=0x00000000
present frame=790 source_index=1 allocator_index=1 expected_next=2 observed_next=2 qpc=3108373144755 duration_ticks=161546 hr=0x00000000
present frame=791 source_index=2 allocator_index=2 expected_next=0 observed_next=0 qpc=3108373310018 duration_ticks=165104 hr=0x00000000
present frame=792 source_index=0 allocator_index=0 expected_next=1 observed_next=1 qpc=3108373478947 duration_ticks=160365 hr=0x00000000
present frame=793 source_index=1 allocator_index=1 expected_next=2 observed_next=2 qpc=3108373643239 duration_ticks=161631 hr=0x00000000
present frame=794 source_index=2 allocator_index=2 expected_next=0 observed_next=0 qpc=3108373813809 duration_ticks=158877 hr=0x00000000
present frame=795 source_index=0 allocator_index=0 expected_next=1 observed_next=1 qpc=3108373976740 duration_ticks=163210 hr=0x00000000
present frame=796 source_index=1 allocator_index=1 expected_next=2 observed_next=2 qpc=3108374143600 duration_ticks=162832 hr=0x00000000
present frame=797 source_index=2 allocator_index=2 expected_next=0 observed_next=0 qpc=3108374312101 duration_ticks=161234 hr=0x00000000
present frame=798 source_index=0 allocator_index=0 expected_next=1 observed_next=1 qpc=3108374477212 duration_ticks=163763 hr=0x00000000
present frame=799 source_index=1 allocator_index=1 expected_next=2 observed_next=2 qpc=3108374646427 duration_ticks=160614 hr=0x00000000
present frame=800 source_index=2 allocator_index=2 expected_next=0 observed_next=0 qpc=3108374811185 duration_ticks=164780 hr=0x00000000
present frame=801 source_index=0 allocator_index=0 expected_next=1 observed_next=1 qpc=3108374984807 duration_ticks=153226 hr=0x00000000
present frame=802 source_index=1 allocator_index=1 expected_next=2 observed_next=2 qpc=3108375144414 duration_ticks=162006 hr=0x00000000
present frame=803 source_index=2 allocator_index=2 expected_next=0 observed_next=0 qpc=3108375311135 duration_ticks=161810 hr=0x00000000
present frame=804 source_index=0 allocator_index=0 expected_next=1 observed_next=1 qpc=3108375477031 duration_ticks=162569 hr=0x00000000
present frame=805 source_index=1 allocator_index=1 expected_next=2 observed_next=2 qpc=3108375643864 duration_ticks=160100 hr=0x00000000
present frame=806 source_index=2 allocator_index=2 expected_next=0 observed_next=0 qpc=3108375809659 duration_ticks=162806 hr=0x00000000
present frame=807 source_index=0 allocator_index=0 expected_next=1 observed_next=1 qpc=3108375976244 duration_ticks=165588 hr=0x00000000
present frame=808 source_index=1 allocator_index=1 expected_next=2 observed_next=2 qpc=3108376146056 duration_ticks=159726 hr=0x00000000
present frame=809 source_index=2 allocator_index=2 expected_next=0 observed_next=0 qpc=3108376309147 duration_ticks=166402 hr=0x00000000
present frame=810 source_index=0 allocator_index=0 expected_next=1 observed_next=1 qpc=3108376503725 duration_ticks=138012 hr=0x00000000
present frame=811 source_index=1 allocator_index=1 expected_next=2 observed_next=2 qpc=3108376649588 duration_ticks=158074 hr=0x00000000
present frame=812 source_index=2 allocator_index=2 expected_next=0 observed_next=0 qpc=3108376814712 duration_ticks=160791 hr=0x00000000
present frame=813 source_index=0 allocator_index=0 expected_next=1 observed_next=1 qpc=3108376979687 duration_ticks=161870 hr=0x00000000
present frame=814 source_index=1 allocator_index=1 expected_next=2 observed_next=2 qpc=3108377145661 duration_ticks=163004 hr=0x00000000
present frame=815 source_index=2 allocator_index=2 expected_next=0 observed_next=0 qpc=3108377315007 duration_ticks=157647 hr=0x00000000
present frame=816 source_index=0 allocator_index=0 expected_next=1 observed_next=1 qpc=3108377476359 duration_ticks=163990 hr=0x00000000
present frame=817 source_index=1 allocator_index=1 expected_next=2 observed_next=2 qpc=3108377647053 duration_ticks=160352 hr=0x00000000
present frame=818 source_index=2 allocator_index=2 expected_next=0 observed_next=0 qpc=3108377813166 duration_ticks=159719 hr=0x00000000
present frame=819 source_index=0 allocator_index=0 expected_next=1 observed_next=1 qpc=3108377976616 duration_ticks=162109 hr=0x00000000
present frame=820 source_index=1 allocator_index=1 expected_next=2 observed_next=2 qpc=3108378143071 duration_ticks=163529 hr=0x00000000
present frame=821 source_index=2 allocator_index=2 expected_next=0 observed_next=0 qpc=3108378311895 duration_ticks=160834 hr=0x00000000
present frame=822 source_index=0 allocator_index=0 expected_next=1 observed_next=1 qpc=3108378478742 duration_ticks=160977 hr=0x00000000
present frame=823 source_index=1 allocator_index=1 expected_next=2 observed_next=2 qpc=3108378643965 duration_ticks=160841 hr=0x00000000
present frame=824 source_index=2 allocator_index=2 expected_next=0 observed_next=0 qpc=3108378812099 duration_ticks=161510 hr=0x00000000
present frame=825 source_index=0 allocator_index=0 expected_next=1 observed_next=1 qpc=3108378977525 duration_ticks=162736 hr=0x00000000
present frame=826 source_index=1 allocator_index=1 expected_next=2 observed_next=2 qpc=3108379143830 duration_ticks=159217 hr=0x00000000
present frame=827 source_index=2 allocator_index=2 expected_next=0 observed_next=0 qpc=3108379309167 duration_ticks=161502 hr=0x00000000
present frame=828 source_index=0 allocator_index=0 expected_next=1 observed_next=1 qpc=3108379471594 duration_ticks=166932 hr=0x00000000
present frame=829 source_index=1 allocator_index=1 expected_next=2 observed_next=2 qpc=3108379642809 duration_ticks=160095 hr=0x00000000
present frame=830 source_index=2 allocator_index=2 expected_next=0 observed_next=0 qpc=3108379808149 duration_ticks=167526 hr=0x00000000
present frame=831 source_index=0 allocator_index=0 expected_next=1 observed_next=1 qpc=3108379980296 duration_ticks=158921 hr=0x00000000
present frame=832 source_index=1 allocator_index=1 expected_next=2 observed_next=2 qpc=3108380143674 duration_ticks=164338 hr=0x00000000
present frame=833 source_index=2 allocator_index=2 expected_next=0 observed_next=0 qpc=3108380316732 duration_ticks=157074 hr=0x00000000
present frame=834 source_index=0 allocator_index=0 expected_next=1 observed_next=1 qpc=3108380478337 duration_ticks=160555 hr=0x00000000
present frame=835 source_index=1 allocator_index=1 expected_next=2 observed_next=2 qpc=3108380642668 duration_ticks=162115 hr=0x00000000
present frame=836 source_index=2 allocator_index=2 expected_next=0 observed_next=0 qpc=3108380809659 duration_ticks=163533 hr=0x00000000
present frame=837 source_index=0 allocator_index=0 expected_next=1 observed_next=1 qpc=3108380977115 duration_ticks=164486 hr=0x00000000
present frame=838 source_index=1 allocator_index=1 expected_next=2 observed_next=2 qpc=3108381145544 duration_ticks=156790 hr=0x00000000
present frame=839 source_index=2 allocator_index=2 expected_next=0 observed_next=0 qpc=3108381308535 duration_ticks=162799 hr=0x00000000
present frame=840 source_index=0 allocator_index=0 expected_next=1 observed_next=1 qpc=3108381478584 duration_ticks=157838 hr=0x00000000
present frame=841 source_index=1 allocator_index=1 expected_next=2 observed_next=2 qpc=3108381642355 duration_ticks=163950 hr=0x00000000
present frame=842 source_index=2 allocator_index=2 expected_next=0 observed_next=0 qpc=3108381809971 duration_ticks=164486 hr=0x00000000
present frame=843 source_index=0 allocator_index=0 expected_next=1 observed_next=1 qpc=3108381984009 duration_ticks=156966 hr=0x00000000
present frame=844 source_index=1 allocator_index=1 expected_next=2 observed_next=2 qpc=3108382145876 duration_ticks=161844 hr=0x00000000
present frame=845 source_index=2 allocator_index=2 expected_next=0 observed_next=0 qpc=3108382311722 duration_ticks=160996 hr=0x00000000
present frame=846 source_index=0 allocator_index=0 expected_next=1 observed_next=1 qpc=3108382476699 duration_ticks=164851 hr=0x00000000
present frame=847 source_index=1 allocator_index=1 expected_next=2 observed_next=2 qpc=3108382648635 duration_ticks=157571 hr=0x00000000
present frame=848 source_index=2 allocator_index=2 expected_next=0 observed_next=0 qpc=3108382810070 duration_ticks=162777 hr=0x00000000
present frame=849 source_index=0 allocator_index=0 expected_next=1 observed_next=1 qpc=3108382981707 duration_ticks=158940 hr=0x00000000
present frame=850 source_index=1 allocator_index=1 expected_next=2 observed_next=2 qpc=3108383144476 duration_ticks=161172 hr=0x00000000
present frame=851 source_index=2 allocator_index=2 expected_next=0 observed_next=0 qpc=3108383311278 duration_ticks=162538 hr=0x00000000
present frame=852 source_index=0 allocator_index=0 expected_next=1 observed_next=1 qpc=3108383477547 duration_ticks=162482 hr=0x00000000
present frame=853 source_index=1 allocator_index=1 expected_next=2 observed_next=2 qpc=3108383644271 duration_ticks=164354 hr=0x00000000
present frame=854 source_index=2 allocator_index=2 expected_next=0 observed_next=0 qpc=3108383812385 duration_ticks=160188 hr=0x00000000
present frame=855 source_index=0 allocator_index=0 expected_next=1 observed_next=1 qpc=3108383977997 duration_ticks=160638 hr=0x00000000
present frame=856 source_index=1 allocator_index=1 expected_next=2 observed_next=2 qpc=3108384147032 duration_ticks=158920 hr=0x00000000
present frame=857 source_index=2 allocator_index=2 expected_next=0 observed_next=0 qpc=3108384310196 duration_ticks=163160 hr=0x00000000
present frame=858 source_index=0 allocator_index=0 expected_next=1 observed_next=1 qpc=3108384477879 duration_ticks=162153 hr=0x00000000
present frame=859 source_index=1 allocator_index=1 expected_next=2 observed_next=2 qpc=3108384643912 duration_ticks=166077 hr=0x00000000
present frame=860 source_index=2 allocator_index=2 expected_next=0 observed_next=0 qpc=3108384818187 duration_ticks=161063 hr=0x00000000
present frame=861 source_index=0 allocator_index=0 expected_next=1 observed_next=1 qpc=3108384984669 duration_ticks=152950 hr=0x00000000
present frame=862 source_index=1 allocator_index=1 expected_next=2 observed_next=2 qpc=3108385143683 duration_ticks=163656 hr=0x00000000
present frame=863 source_index=2 allocator_index=2 expected_next=0 observed_next=0 qpc=3108385316015 duration_ticks=155886 hr=0x00000000
present frame=864 source_index=0 allocator_index=0 expected_next=1 observed_next=1 qpc=3108385475644 duration_ticks=163746 hr=0x00000000
present frame=865 source_index=1 allocator_index=1 expected_next=2 observed_next=2 qpc=3108385644444 duration_ticks=159961 hr=0x00000000
present frame=866 source_index=2 allocator_index=2 expected_next=0 observed_next=0 qpc=3108385808902 duration_ticks=164519 hr=0x00000000
present frame=867 source_index=0 allocator_index=0 expected_next=1 observed_next=1 qpc=3108385979183 duration_ticks=161782 hr=0x00000000
present frame=868 source_index=1 allocator_index=1 expected_next=2 observed_next=2 qpc=3108386144827 duration_ticks=160625 hr=0x00000000
present frame=869 source_index=2 allocator_index=2 expected_next=0 observed_next=0 qpc=3108386310427 duration_ticks=166546 hr=0x00000000
present frame=870 source_index=0 allocator_index=0 expected_next=1 observed_next=1 qpc=3108386526031 duration_ticks=108689 hr=0x00000000
present frame=871 source_index=1 allocator_index=1 expected_next=2 observed_next=2 qpc=3108386635429 duration_ticks=163044 hr=0x00000000
present frame=872 source_index=2 allocator_index=2 expected_next=0 observed_next=0 qpc=3108386799121 duration_ticks=165338 hr=0x00000000
present frame=873 source_index=0 allocator_index=0 expected_next=1 observed_next=1 qpc=3108386965016 duration_ticks=172832 hr=0x00000000
present frame=874 source_index=1 allocator_index=1 expected_next=2 observed_next=2 qpc=3108387140857 duration_ticks=165344 hr=0x00000000
present frame=875 source_index=2 allocator_index=2 expected_next=0 observed_next=0 qpc=3108387310419 duration_ticks=164208 hr=0x00000000
present frame=876 source_index=0 allocator_index=0 expected_next=1 observed_next=1 qpc=3108387478823 duration_ticks=161326 hr=0x00000000
present frame=877 source_index=1 allocator_index=1 expected_next=2 observed_next=2 qpc=3108387645052 duration_ticks=161670 hr=0x00000000
present frame=878 source_index=2 allocator_index=2 expected_next=0 observed_next=0 qpc=3108387816171 duration_ticks=155286 hr=0x00000000
present frame=879 source_index=0 allocator_index=0 expected_next=1 observed_next=1 qpc=3108387979282 duration_ticks=160479 hr=0x00000000
present frame=880 source_index=1 allocator_index=1 expected_next=2 observed_next=2 qpc=3108388143788 duration_ticks=162214 hr=0x00000000
present frame=881 source_index=2 allocator_index=2 expected_next=0 observed_next=0 qpc=3108388310206 duration_ticks=161010 hr=0x00000000
present frame=882 source_index=0 allocator_index=0 expected_next=1 observed_next=1 qpc=3108388477893 duration_ticks=161307 hr=0x00000000
present frame=883 source_index=1 allocator_index=1 expected_next=2 observed_next=2 qpc=3108388642719 duration_ticks=162909 hr=0x00000000
present frame=884 source_index=2 allocator_index=2 expected_next=0 observed_next=0 qpc=3108388811672 duration_ticks=161797 hr=0x00000000
present frame=885 source_index=0 allocator_index=0 expected_next=1 observed_next=1 qpc=3108388979177 duration_ticks=160485 hr=0x00000000
present frame=886 source_index=1 allocator_index=1 expected_next=2 observed_next=2 qpc=3108389147489 duration_ticks=155028 hr=0x00000000
present frame=887 source_index=2 allocator_index=2 expected_next=0 observed_next=0 qpc=3108389307957 duration_ticks=166213 hr=0x00000000
present frame=888 source_index=0 allocator_index=0 expected_next=1 observed_next=1 qpc=3108389479652 duration_ticks=157023 hr=0x00000000
present frame=889 source_index=1 allocator_index=1 expected_next=2 observed_next=2 qpc=3108389641201 duration_ticks=163055 hr=0x00000000
present frame=890 source_index=2 allocator_index=2 expected_next=0 observed_next=0 qpc=3108389808133 duration_ticks=164676 hr=0x00000000
present frame=891 source_index=0 allocator_index=0 expected_next=1 observed_next=1 qpc=3108389979472 duration_ticks=159490 hr=0x00000000
present frame=892 source_index=1 allocator_index=1 expected_next=2 observed_next=2 qpc=3108390144807 duration_ticks=163235 hr=0x00000000
present frame=893 source_index=2 allocator_index=2 expected_next=0 observed_next=0 qpc=3108390313430 duration_ticks=159681 hr=0x00000000
present frame=894 source_index=0 allocator_index=0 expected_next=1 observed_next=1 qpc=3108390477341 duration_ticks=158348 hr=0x00000000
present frame=895 source_index=1 allocator_index=1 expected_next=2 observed_next=2 qpc=3108390643979 duration_ticks=160198 hr=0x00000000
present frame=896 source_index=2 allocator_index=2 expected_next=0 observed_next=0 qpc=3108390809862 duration_ticks=161601 hr=0x00000000
present frame=897 source_index=0 allocator_index=0 expected_next=1 observed_next=1 qpc=3108390976372 duration_ticks=167583 hr=0x00000000
present frame=898 source_index=1 allocator_index=1 expected_next=2 observed_next=2 qpc=3108391152657 duration_ticks=155873 hr=0x00000000
present frame=899 source_index=2 allocator_index=2 expected_next=0 observed_next=0 qpc=3108391312975 duration_ticks=159039 hr=0x00000000
present frame=900 source_index=0 allocator_index=0 expected_next=1 observed_next=1 qpc=3108391478109 duration_ticks=161704 hr=0x00000000
present frame=901 source_index=1 allocator_index=1 expected_next=2 observed_next=2 qpc=3108391644172 duration_ticks=168891 hr=0x00000000
present frame=902 source_index=2 allocator_index=2 expected_next=0 observed_next=0 qpc=3108391818930 duration_ticks=148530 hr=0x00000000
present frame=903 source_index=0 allocator_index=0 expected_next=1 observed_next=1 qpc=3108391968966 duration_ticks=164979 hr=0x00000000
present frame=904 source_index=1 allocator_index=1 expected_next=2 observed_next=2 qpc=3108392135223 duration_ticks=165413 hr=0x00000000
present frame=905 source_index=2 allocator_index=2 expected_next=0 observed_next=0 qpc=3108392301472 duration_ticks=165480 hr=0x00000000
present frame=906 source_index=0 allocator_index=0 expected_next=1 observed_next=1 qpc=3108392467506 duration_ticks=169188 hr=0x00000000
present frame=907 source_index=1 allocator_index=1 expected_next=2 observed_next=2 qpc=3108392639843 duration_ticks=162679 hr=0x00000000
present frame=908 source_index=2 allocator_index=2 expected_next=0 observed_next=0 qpc=3108392806402 duration_ticks=164192 hr=0x00000000
present frame=909 source_index=0 allocator_index=0 expected_next=1 observed_next=1 qpc=3108392974225 duration_ticks=162814 hr=0x00000000
present frame=910 source_index=1 allocator_index=1 expected_next=2 observed_next=2 qpc=3108393140713 duration_ticks=163105 hr=0x00000000
present frame=911 source_index=2 allocator_index=2 expected_next=0 observed_next=0 qpc=3108393307197 duration_ticks=163610 hr=0x00000000
present frame=912 source_index=0 allocator_index=0 expected_next=1 observed_next=1 qpc=3108393474389 duration_ticks=165396 hr=0x00000000
present frame=913 source_index=1 allocator_index=1 expected_next=2 observed_next=2 qpc=3108393643800 duration_ticks=160125 hr=0x00000000
present frame=914 source_index=2 allocator_index=2 expected_next=0 observed_next=0 qpc=3108393807434 duration_ticks=164059 hr=0x00000000
present frame=915 source_index=0 allocator_index=0 expected_next=1 observed_next=1 qpc=3108393974872 duration_ticks=161569 hr=0x00000000
present frame=916 source_index=1 allocator_index=1 expected_next=2 observed_next=2 qpc=3108394140157 duration_ticks=167233 hr=0x00000000
present frame=917 source_index=2 allocator_index=2 expected_next=0 observed_next=0 qpc=3108394310908 duration_ticks=164019 hr=0x00000000
present frame=918 source_index=0 allocator_index=0 expected_next=1 observed_next=1 qpc=3108394483476 duration_ticks=154590 hr=0x00000000
present frame=919 source_index=1 allocator_index=1 expected_next=2 observed_next=2 qpc=3108394660896 duration_ticks=141968 hr=0x00000000
present frame=920 source_index=2 allocator_index=2 expected_next=0 observed_next=0 qpc=3108394806358 duration_ticks=165625 hr=0x00000000
present frame=921 source_index=0 allocator_index=0 expected_next=1 observed_next=1 qpc=3108394975746 duration_ticks=161165 hr=0x00000000
present frame=922 source_index=1 allocator_index=1 expected_next=2 observed_next=2 qpc=3108395140404 duration_ticks=168334 hr=0x00000000
present frame=923 source_index=2 allocator_index=2 expected_next=0 observed_next=0 qpc=3108395312610 duration_ticks=157705 hr=0x00000000
present frame=924 source_index=0 allocator_index=0 expected_next=1 observed_next=1 qpc=3108395473843 duration_ticks=164014 hr=0x00000000
present frame=925 source_index=1 allocator_index=1 expected_next=2 observed_next=2 qpc=3108395641948 duration_ticks=161813 hr=0x00000000
present frame=926 source_index=2 allocator_index=2 expected_next=0 observed_next=0 qpc=3108395807400 duration_ticks=163275 hr=0x00000000
present frame=927 source_index=0 allocator_index=0 expected_next=1 observed_next=1 qpc=3108395974064 duration_ticks=163032 hr=0x00000000
present frame=928 source_index=1 allocator_index=1 expected_next=2 observed_next=2 qpc=3108396141148 duration_ticks=162237 hr=0x00000000
present frame=929 source_index=2 allocator_index=2 expected_next=0 observed_next=0 qpc=3108396306735 duration_ticks=165936 hr=0x00000000
present frame=930 source_index=0 allocator_index=0 expected_next=1 observed_next=1 qpc=3108396525125 duration_ticks=109234 hr=0x00000000
present frame=931 source_index=1 allocator_index=1 expected_next=2 observed_next=2 qpc=3108396635085 duration_ticks=164326 hr=0x00000000
present frame=932 source_index=2 allocator_index=2 expected_next=0 observed_next=0 qpc=3108396799782 duration_ticks=166851 hr=0x00000000
present frame=933 source_index=0 allocator_index=0 expected_next=1 observed_next=1 qpc=3108396967316 duration_ticks=174478 hr=0x00000000
present frame=934 source_index=1 allocator_index=1 expected_next=2 observed_next=2 qpc=3108397150058 duration_ticks=156470 hr=0x00000000
present frame=935 source_index=2 allocator_index=2 expected_next=0 observed_next=0 qpc=3108397310556 duration_ticks=164610 hr=0x00000000
present frame=936 source_index=0 allocator_index=0 expected_next=1 observed_next=1 qpc=3108397482656 duration_ticks=157704 hr=0x00000000
present frame=937 source_index=1 allocator_index=1 expected_next=2 observed_next=2 qpc=3108397645690 duration_ticks=160305 hr=0x00000000
present frame=938 source_index=2 allocator_index=2 expected_next=0 observed_next=0 qpc=3108397809570 duration_ticks=163488 hr=0x00000000
present frame=939 source_index=0 allocator_index=0 expected_next=1 observed_next=1 qpc=3108397976913 duration_ticks=163029 hr=0x00000000
present frame=940 source_index=1 allocator_index=1 expected_next=2 observed_next=2 qpc=3108398147402 duration_ticks=157724 hr=0x00000000
present frame=941 source_index=2 allocator_index=2 expected_next=0 observed_next=0 qpc=3108398315766 duration_ticks=157706 hr=0x00000000
present frame=942 source_index=0 allocator_index=0 expected_next=1 observed_next=1 qpc=3108398477319 duration_ticks=164759 hr=0x00000000
present frame=943 source_index=1 allocator_index=1 expected_next=2 observed_next=2 qpc=3108398647234 duration_ticks=161201 hr=0x00000000
present frame=944 source_index=2 allocator_index=2 expected_next=0 observed_next=0 qpc=3108398812517 duration_ticks=160490 hr=0x00000000
present frame=945 source_index=0 allocator_index=0 expected_next=1 observed_next=1 qpc=3108398976662 duration_ticks=162732 hr=0x00000000
present frame=946 source_index=1 allocator_index=1 expected_next=2 observed_next=2 qpc=3108399144705 duration_ticks=161336 hr=0x00000000
present frame=947 source_index=2 allocator_index=2 expected_next=0 observed_next=0 qpc=3108399310004 duration_ticks=165916 hr=0x00000000
present frame=948 source_index=0 allocator_index=0 expected_next=1 observed_next=1 qpc=3108399478144 duration_ticks=156916 hr=0x00000000
present frame=949 source_index=1 allocator_index=1 expected_next=2 observed_next=2 qpc=3108399640349 duration_ticks=162568 hr=0x00000000
present frame=950 source_index=2 allocator_index=2 expected_next=0 observed_next=0 qpc=3108399807750 duration_ticks=161656 hr=0x00000000
present frame=951 source_index=0 allocator_index=0 expected_next=1 observed_next=1 qpc=3108399975731 duration_ticks=160078 hr=0x00000000
present frame=952 source_index=1 allocator_index=1 expected_next=2 observed_next=2 qpc=3108400140380 duration_ticks=166477 hr=0x00000000
present frame=953 source_index=2 allocator_index=2 expected_next=0 observed_next=0 qpc=3108400311045 duration_ticks=162477 hr=0x00000000
present frame=954 source_index=0 allocator_index=0 expected_next=1 observed_next=1 qpc=3108400477097 duration_ticks=165020 hr=0x00000000
present frame=955 source_index=1 allocator_index=1 expected_next=2 observed_next=2 qpc=3108400646180 duration_ticks=160101 hr=0x00000000
present frame=956 source_index=2 allocator_index=2 expected_next=0 observed_next=0 qpc=3108400810700 duration_ticks=163295 hr=0x00000000
present frame=957 source_index=0 allocator_index=0 expected_next=1 observed_next=1 qpc=3108400983143 duration_ticks=155203 hr=0x00000000
present frame=958 source_index=1 allocator_index=1 expected_next=2 observed_next=2 qpc=3108401142329 duration_ticks=163612 hr=0x00000000
present frame=959 source_index=2 allocator_index=2 expected_next=0 observed_next=0 qpc=3108401312121 duration_ticks=157070 hr=0x00000000
present frame=960 source_index=0 allocator_index=0 expected_next=1 observed_next=1 qpc=3108401473186 duration_ticks=163131 hr=0x00000000
present frame=961 source_index=1 allocator_index=1 expected_next=2 observed_next=2 qpc=3108401641945 duration_ticks=173676 hr=0x00000000
present frame=962 source_index=2 allocator_index=2 expected_next=0 observed_next=0 qpc=3108401832575 duration_ticks=134320 hr=0x00000000
present frame=963 source_index=0 allocator_index=0 expected_next=1 observed_next=1 qpc=3108401967542 duration_ticks=165578 hr=0x00000000
present frame=964 source_index=1 allocator_index=1 expected_next=2 observed_next=2 qpc=3108402133677 duration_ticks=171025 hr=0x00000000
present frame=965 source_index=2 allocator_index=2 expected_next=0 observed_next=0 qpc=3108402309603 duration_ticks=162301 hr=0x00000000
present frame=966 source_index=0 allocator_index=0 expected_next=1 observed_next=1 qpc=3108402476229 duration_ticks=164156 hr=0x00000000
present frame=967 source_index=1 allocator_index=1 expected_next=2 observed_next=2 qpc=3108402644548 duration_ticks=160154 hr=0x00000000
present frame=968 source_index=2 allocator_index=2 expected_next=0 observed_next=0 qpc=3108402810930 duration_ticks=161651 hr=0x00000000
present frame=969 source_index=0 allocator_index=0 expected_next=1 observed_next=1 qpc=3108402978363 duration_ticks=158398 hr=0x00000000
present frame=970 source_index=1 allocator_index=1 expected_next=2 observed_next=2 qpc=3108403142389 duration_ticks=166320 hr=0x00000000
present frame=971 source_index=2 allocator_index=2 expected_next=0 observed_next=0 qpc=3108403313706 duration_ticks=159832 hr=0x00000000
present frame=972 source_index=0 allocator_index=0 expected_next=1 observed_next=1 qpc=3108403477349 duration_ticks=162506 hr=0x00000000
present frame=973 source_index=1 allocator_index=1 expected_next=2 observed_next=2 qpc=3108403649340 duration_ticks=156726 hr=0x00000000
present frame=974 source_index=2 allocator_index=2 expected_next=0 observed_next=0 qpc=3108403809902 duration_ticks=163230 hr=0x00000000
present frame=975 source_index=0 allocator_index=0 expected_next=1 observed_next=1 qpc=3108403977150 duration_ticks=163093 hr=0x00000000
present frame=976 source_index=1 allocator_index=1 expected_next=2 observed_next=2 qpc=3108404144936 duration_ticks=161127 hr=0x00000000
present frame=977 source_index=2 allocator_index=2 expected_next=0 observed_next=0 qpc=3108404310613 duration_ticks=160979 hr=0x00000000
present frame=978 source_index=0 allocator_index=0 expected_next=1 observed_next=1 qpc=3108404477125 duration_ticks=161993 hr=0x00000000
present frame=979 source_index=1 allocator_index=1 expected_next=2 observed_next=2 qpc=3108404643193 duration_ticks=162266 hr=0x00000000
present frame=980 source_index=2 allocator_index=2 expected_next=0 observed_next=0 qpc=3108404812687 duration_ticks=159948 hr=0x00000000
present frame=981 source_index=0 allocator_index=0 expected_next=1 observed_next=1 qpc=3108404976675 duration_ticks=161968 hr=0x00000000
present frame=982 source_index=1 allocator_index=1 expected_next=2 observed_next=2 qpc=3108405142102 duration_ticks=165350 hr=0x00000000
present frame=983 source_index=2 allocator_index=2 expected_next=0 observed_next=0 qpc=3108405312267 duration_ticks=157588 hr=0x00000000
present frame=984 source_index=0 allocator_index=0 expected_next=1 observed_next=1 qpc=3108405475101 duration_ticks=165441 hr=0x00000000
present frame=985 source_index=1 allocator_index=1 expected_next=2 observed_next=2 qpc=3108405646451 duration_ticks=159474 hr=0x00000000
present frame=986 source_index=2 allocator_index=2 expected_next=0 observed_next=0 qpc=3108405809606 duration_ticks=164798 hr=0x00000000
present frame=987 source_index=0 allocator_index=0 expected_next=1 observed_next=1 qpc=3108405982102 duration_ticks=154669 hr=0x00000000
present frame=988 source_index=1 allocator_index=1 expected_next=2 observed_next=2 qpc=3108406142488 duration_ticks=163779 hr=0x00000000
present frame=989 source_index=2 allocator_index=2 expected_next=0 observed_next=0 qpc=3108406310547 duration_ticks=165188 hr=0x00000000
present frame=990 source_index=0 allocator_index=0 expected_next=1 observed_next=1 qpc=3108406525242 duration_ticks=108517 hr=0x00000000
present frame=991 source_index=1 allocator_index=1 expected_next=2 observed_next=2 qpc=3108406634320 duration_ticks=164985 hr=0x00000000
present frame=992 source_index=2 allocator_index=2 expected_next=0 observed_next=0 qpc=3108406799734 duration_ticks=165994 hr=0x00000000
present frame=993 source_index=0 allocator_index=0 expected_next=1 observed_next=1 qpc=3108406966213 duration_ticks=176179 hr=0x00000000
present frame=994 source_index=1 allocator_index=1 expected_next=2 observed_next=2 qpc=3108407146662 duration_ticks=160070 hr=0x00000000
present frame=995 source_index=2 allocator_index=2 expected_next=0 observed_next=0 qpc=3108407311911 duration_ticks=160692 hr=0x00000000
present frame=996 source_index=0 allocator_index=0 expected_next=1 observed_next=1 qpc=3108407481229 duration_ticks=158421 hr=0x00000000
present frame=997 source_index=1 allocator_index=1 expected_next=2 observed_next=2 qpc=3108407645160 duration_ticks=160207 hr=0x00000000
present frame=998 source_index=2 allocator_index=2 expected_next=0 observed_next=0 qpc=3108407809145 duration_ticks=163103 hr=0x00000000
present frame=999 source_index=0 allocator_index=0 expected_next=1 observed_next=1 qpc=3108407976163 duration_ticks=163187 hr=0x00000000
present frame=1000 source_index=1 allocator_index=1 expected_next=2 observed_next=2 qpc=3108408143244 duration_ticks=163905 hr=0x00000000
present frame=1001 source_index=2 allocator_index=2 expected_next=0 observed_next=0 qpc=3108408310942 duration_ticks=163928 hr=0x00000000
present frame=1002 source_index=0 allocator_index=0 expected_next=1 observed_next=1 qpc=3108408480168 duration_ticks=160504 hr=0x00000000
present frame=1003 source_index=1 allocator_index=1 expected_next=2 observed_next=2 qpc=3108408649837 duration_ticks=155833 hr=0x00000000
present frame=1004 source_index=2 allocator_index=2 expected_next=0 observed_next=0 qpc=3108408809464 duration_ticks=163026 hr=0x00000000
present frame=1005 source_index=0 allocator_index=0 expected_next=1 observed_next=1 qpc=3108408979025 duration_ticks=157581 hr=0x00000000
present frame=1006 source_index=1 allocator_index=1 expected_next=2 observed_next=2 qpc=3108409140860 duration_ticks=164070 hr=0x00000000
present frame=1007 source_index=2 allocator_index=2 expected_next=0 observed_next=0 qpc=3108409308713 duration_ticks=163338 hr=0x00000000
present frame=1008 source_index=0 allocator_index=0 expected_next=1 observed_next=1 qpc=3108409472667 duration_ticks=162816 hr=0x00000000
present frame=1009 source_index=1 allocator_index=1 expected_next=2 observed_next=2 qpc=3108409640337 duration_ticks=167022 hr=0x00000000
present frame=1010 source_index=2 allocator_index=2 expected_next=0 observed_next=0 qpc=3108409810875 duration_ticks=160470 hr=0x00000000
present frame=1011 source_index=0 allocator_index=0 expected_next=1 observed_next=1 qpc=3108409976572 duration_ticks=162844 hr=0x00000000
present frame=1012 source_index=1 allocator_index=1 expected_next=2 observed_next=2 qpc=3108410158967 duration_ticks=147446 hr=0x00000000
present frame=1013 source_index=2 allocator_index=2 expected_next=0 observed_next=0 qpc=3108410312194 duration_ticks=158828 hr=0x00000000
present frame=1014 source_index=0 allocator_index=0 expected_next=1 observed_next=1 qpc=3108410475735 duration_ticks=165742 hr=0x00000000
present frame=1015 source_index=1 allocator_index=1 expected_next=2 observed_next=2 qpc=3108410645496 duration_ticks=164138 hr=0x00000000
present frame=1016 source_index=2 allocator_index=2 expected_next=0 observed_next=0 qpc=3108410818576 duration_ticks=157516 hr=0x00000000
present frame=1017 source_index=0 allocator_index=0 expected_next=1 observed_next=1 qpc=3108410980120 duration_ticks=159805 hr=0x00000000
present frame=1018 source_index=1 allocator_index=1 expected_next=2 observed_next=2 qpc=3108411143810 duration_ticks=167577 hr=0x00000000
present frame=1019 source_index=2 allocator_index=2 expected_next=0 observed_next=0 qpc=3108411331585 duration_ticks=142127 hr=0x00000000
present frame=1020 source_index=0 allocator_index=0 expected_next=1 observed_next=1 qpc=3108411477642 duration_ticks=163514 hr=0x00000000
present frame=1021 source_index=1 allocator_index=1 expected_next=2 observed_next=2 qpc=3108411645242 duration_ticks=162302 hr=0x00000000
present frame=1022 source_index=2 allocator_index=2 expected_next=0 observed_next=0 qpc=3108411811531 duration_ticks=162505 hr=0x00000000
present frame=1023 source_index=0 allocator_index=0 expected_next=1 observed_next=1 qpc=3108411977863 duration_ticks=164300 hr=0x00000000
present frame=1024 source_index=1 allocator_index=1 expected_next=2 observed_next=2 qpc=3108412146915 duration_ticks=160082 hr=0x00000000
present frame=1025 source_index=2 allocator_index=2 expected_next=0 observed_next=0 qpc=3108412311339 duration_ticks=169349 hr=0x00000000
present frame=1026 source_index=0 allocator_index=0 expected_next=1 observed_next=1 qpc=3108412489833 duration_ticks=152482 hr=0x00000000
present frame=1027 source_index=1 allocator_index=1 expected_next=2 observed_next=2 qpc=3108412649859 duration_ticks=159143 hr=0x00000000
present frame=1028 source_index=2 allocator_index=2 expected_next=0 observed_next=0 qpc=3108412813287 duration_ticks=162249 hr=0x00000000
present frame=1029 source_index=0 allocator_index=0 expected_next=1 observed_next=1 qpc=3108412981126 duration_ticks=158585 hr=0x00000000
present frame=1030 source_index=1 allocator_index=1 expected_next=2 observed_next=2 qpc=3108413148222 duration_ticks=160395 hr=0x00000000
present frame=1031 source_index=2 allocator_index=2 expected_next=0 observed_next=0 qpc=3108413316202 duration_ticks=158493 hr=0x00000000
present frame=1032 source_index=0 allocator_index=0 expected_next=1 observed_next=1 qpc=3108413478578 duration_ticks=164401 hr=0x00000000
present frame=1033 source_index=1 allocator_index=1 expected_next=2 observed_next=2 qpc=3108413648470 duration_ticks=158887 hr=0x00000000
present frame=1034 source_index=2 allocator_index=2 expected_next=0 observed_next=0 qpc=3108413811231 duration_ticks=165051 hr=0x00000000
present frame=1035 source_index=0 allocator_index=0 expected_next=1 observed_next=1 qpc=3108413991513 duration_ticks=150495 hr=0x00000000
present frame=1036 source_index=1 allocator_index=1 expected_next=2 observed_next=2 qpc=3108414147817 duration_ticks=160641 hr=0x00000000
present frame=1037 source_index=2 allocator_index=2 expected_next=0 observed_next=0 qpc=3108414312359 duration_ticks=163678 hr=0x00000000
present frame=1038 source_index=0 allocator_index=0 expected_next=1 observed_next=1 qpc=3108414480056 duration_ticks=160850 hr=0x00000000
present frame=1039 source_index=1 allocator_index=1 expected_next=2 observed_next=2 qpc=3108414644577 duration_ticks=168207 hr=0x00000000
present frame=1040 source_index=2 allocator_index=2 expected_next=0 observed_next=0 qpc=3108414819684 duration_ticks=155985 hr=0x00000000
present frame=1041 source_index=0 allocator_index=0 expected_next=1 observed_next=1 qpc=3108414983741 duration_ticks=158061 hr=0x00000000
present frame=1042 source_index=1 allocator_index=1 expected_next=2 observed_next=2 qpc=3108415158898 duration_ticks=149825 hr=0x00000000
present frame=1043 source_index=2 allocator_index=2 expected_next=0 observed_next=0 qpc=3108415312729 duration_ticks=164272 hr=0x00000000
present frame=1044 source_index=0 allocator_index=0 expected_next=1 observed_next=1 qpc=3108415486919 duration_ticks=152520 hr=0x00000000
present frame=1045 source_index=1 allocator_index=1 expected_next=2 observed_next=2 qpc=3108415643128 duration_ticks=164167 hr=0x00000000
present frame=1046 source_index=2 allocator_index=2 expected_next=0 observed_next=0 qpc=3108415811320 duration_ticks=164643 hr=0x00000000
present frame=1047 source_index=0 allocator_index=0 expected_next=1 observed_next=1 qpc=3108415980584 duration_ticks=160398 hr=0x00000000
present frame=1048 source_index=1 allocator_index=1 expected_next=2 observed_next=2 qpc=3108416149225 duration_ticks=168475 hr=0x00000000
present frame=1049 source_index=2 allocator_index=2 expected_next=0 observed_next=0 qpc=3108416322666 duration_ticks=153212 hr=0x00000000
present frame=1050 source_index=0 allocator_index=0 expected_next=1 observed_next=1 qpc=3108416560587 duration_ticks=73950 hr=0x00000000
present frame=1051 source_index=1 allocator_index=1 expected_next=2 observed_next=2 qpc=3108416635096 duration_ticks=165231 hr=0x00000000
present frame=1052 source_index=2 allocator_index=2 expected_next=0 observed_next=0 qpc=3108416800659 duration_ticks=166435 hr=0x00000000
present frame=1053 source_index=0 allocator_index=0 expected_next=1 observed_next=1 qpc=3108416967480 duration_ticks=173483 hr=0x00000000
present frame=1054 source_index=1 allocator_index=1 expected_next=2 observed_next=2 qpc=3108417145410 duration_ticks=164346 hr=0x00000000
present frame=1055 source_index=2 allocator_index=2 expected_next=0 observed_next=0 qpc=3108417314854 duration_ticks=160924 hr=0x00000000
present frame=1056 source_index=0 allocator_index=0 expected_next=1 observed_next=1 qpc=3108417480635 duration_ticks=159783 hr=0x00000000
present frame=1057 source_index=1 allocator_index=1 expected_next=2 observed_next=2 qpc=3108417651008 duration_ticks=155827 hr=0x00000000
present frame=1058 source_index=2 allocator_index=2 expected_next=0 observed_next=0 qpc=3108417819321 duration_ticks=153823 hr=0x00000000
present frame=1059 source_index=0 allocator_index=0 expected_next=1 observed_next=1 qpc=3108417976871 duration_ticks=161556 hr=0x00000000
present frame=1060 source_index=1 allocator_index=1 expected_next=2 observed_next=2 qpc=3108418144528 duration_ticks=162332 hr=0x00000000
present frame=1061 source_index=2 allocator_index=2 expected_next=0 observed_next=0 qpc=3108418311706 duration_ticks=160209 hr=0x00000000
present frame=1062 source_index=0 allocator_index=0 expected_next=1 observed_next=1 qpc=3108418476977 duration_ticks=164522 hr=0x00000000
present frame=1063 source_index=1 allocator_index=1 expected_next=2 observed_next=2 qpc=3108418645502 duration_ticks=162686 hr=0x00000000
present frame=1064 source_index=2 allocator_index=2 expected_next=0 observed_next=0 qpc=3108418813572 duration_ticks=159351 hr=0x00000000
present frame=1065 source_index=0 allocator_index=0 expected_next=1 observed_next=1 qpc=3108418983520 duration_ticks=157329 hr=0x00000000
present frame=1066 source_index=1 allocator_index=1 expected_next=2 observed_next=2 qpc=3108419151921 duration_ticks=156824 hr=0x00000000
present frame=1067 source_index=2 allocator_index=2 expected_next=0 observed_next=0 qpc=3108419312875 duration_ticks=162241 hr=0x00000000
present frame=1068 source_index=0 allocator_index=0 expected_next=1 observed_next=1 qpc=3108419483117 duration_ticks=154687 hr=0x00000000
present frame=1069 source_index=1 allocator_index=1 expected_next=2 observed_next=2 qpc=3108419642660 duration_ticks=163334 hr=0x00000000
present frame=1070 source_index=2 allocator_index=2 expected_next=0 observed_next=0 qpc=3108419810052 duration_ticks=164385 hr=0x00000000
present frame=1071 source_index=0 allocator_index=0 expected_next=1 observed_next=1 qpc=3108419978905 duration_ticks=162843 hr=0x00000000
present frame=1072 source_index=1 allocator_index=1 expected_next=2 observed_next=2 qpc=3108420146807 duration_ticks=160001 hr=0x00000000
present frame=1073 source_index=2 allocator_index=2 expected_next=0 observed_next=0 qpc=3108420310737 duration_ticks=161498 hr=0x00000000
present frame=1074 source_index=0 allocator_index=0 expected_next=1 observed_next=1 qpc=3108420484120 duration_ticks=157482 hr=0x00000000
present frame=1075 source_index=1 allocator_index=1 expected_next=2 observed_next=2 qpc=3108420647538 duration_ticks=160465 hr=0x00000000
present frame=1076 source_index=2 allocator_index=2 expected_next=0 observed_next=0 qpc=3108420812130 duration_ticks=162628 hr=0x00000000
present frame=1077 source_index=0 allocator_index=0 expected_next=1 observed_next=1 qpc=3108420978570 duration_ticks=163055 hr=0x00000000
present frame=1078 source_index=1 allocator_index=1 expected_next=2 observed_next=2 qpc=3108421146080 duration_ticks=164150 hr=0x00000000
present frame=1079 source_index=2 allocator_index=2 expected_next=0 observed_next=0 qpc=3108421314966 duration_ticks=157405 hr=0x00000000
present frame=1080 source_index=0 allocator_index=0 expected_next=1 observed_next=1 qpc=3108421476772 duration_ticks=164209 hr=0x00000000
present frame=1081 source_index=1 allocator_index=1 expected_next=2 observed_next=2 qpc=3108421647214 duration_ticks=160106 hr=0x00000000
present frame=1082 source_index=2 allocator_index=2 expected_next=0 observed_next=0 qpc=3108421812944 duration_ticks=162502 hr=0x00000000
present frame=1083 source_index=0 allocator_index=0 expected_next=1 observed_next=1 qpc=3108421985033 duration_ticks=154593 hr=0x00000000
present frame=1084 source_index=1 allocator_index=1 expected_next=2 observed_next=2 qpc=3108422144098 duration_ticks=164115 hr=0x00000000
present frame=1085 source_index=2 allocator_index=2 expected_next=0 observed_next=0 qpc=3108422312195 duration_ticks=162422 hr=0x00000000
present frame=1086 source_index=0 allocator_index=0 expected_next=1 observed_next=1 qpc=3108422479301 duration_ticks=161466 hr=0x00000000
present frame=1087 source_index=1 allocator_index=1 expected_next=2 observed_next=2 qpc=3108422648185 duration_ticks=161030 hr=0x00000000
present frame=1088 source_index=2 allocator_index=2 expected_next=0 observed_next=0 qpc=3108422815531 duration_ticks=158553 hr=0x00000000
present frame=1089 source_index=0 allocator_index=0 expected_next=1 observed_next=1 qpc=3108422977927 duration_ticks=161619 hr=0x00000000
present frame=1090 source_index=1 allocator_index=1 expected_next=2 observed_next=2 qpc=3108423143490 duration_ticks=164092 hr=0x00000000
present frame=1091 source_index=2 allocator_index=2 expected_next=0 observed_next=0 qpc=3108423313688 duration_ticks=160633 hr=0x00000000
present frame=1092 source_index=0 allocator_index=0 expected_next=1 observed_next=1 qpc=3108423478196 duration_ticks=162960 hr=0x00000000
present frame=1093 source_index=1 allocator_index=1 expected_next=2 observed_next=2 qpc=3108423647001 duration_ticks=160020 hr=0x00000000
present frame=1094 source_index=2 allocator_index=2 expected_next=0 observed_next=0 qpc=3108423811243 duration_ticks=164872 hr=0x00000000
present frame=1095 source_index=0 allocator_index=0 expected_next=1 observed_next=1 qpc=3108423980552 duration_ticks=160234 hr=0x00000000
present frame=1096 source_index=1 allocator_index=1 expected_next=2 observed_next=2 qpc=3108424144480 duration_ticks=163172 hr=0x00000000
present frame=1097 source_index=2 allocator_index=2 expected_next=0 observed_next=0 qpc=3108424314012 duration_ticks=159812 hr=0x00000000
present frame=1098 source_index=0 allocator_index=0 expected_next=1 observed_next=1 qpc=3108424484667 duration_ticks=155831 hr=0x00000000
present frame=1099 source_index=1 allocator_index=1 expected_next=2 observed_next=2 qpc=3108424644590 duration_ticks=165839 hr=0x00000000
present frame=1100 source_index=2 allocator_index=2 expected_next=0 observed_next=0 qpc=3108424815997 duration_ticks=158037 hr=0x00000000
present frame=1101 source_index=0 allocator_index=0 expected_next=1 observed_next=1 qpc=3108424984152 duration_ticks=159507 hr=0x00000000
present frame=1102 source_index=1 allocator_index=1 expected_next=2 observed_next=2 qpc=3108425150273 duration_ticks=158317 hr=0x00000000
present frame=1103 source_index=2 allocator_index=2 expected_next=0 observed_next=0 qpc=3108425312530 duration_ticks=160522 hr=0x00000000
present frame=1104 source_index=0 allocator_index=0 expected_next=1 observed_next=1 qpc=3108425477592 duration_ticks=162560 hr=0x00000000
present frame=1105 source_index=1 allocator_index=1 expected_next=2 observed_next=2 qpc=3108425643934 duration_ticks=163415 hr=0x00000000
present frame=1106 source_index=2 allocator_index=2 expected_next=0 observed_next=0 qpc=3108425811413 duration_ticks=162772 hr=0x00000000
present frame=1107 source_index=0 allocator_index=0 expected_next=1 observed_next=1 qpc=3108425978183 duration_ticks=159888 hr=0x00000000
present frame=1108 source_index=1 allocator_index=1 expected_next=2 observed_next=2 qpc=3108426143145 duration_ticks=164964 hr=0x00000000
present frame=1109 source_index=2 allocator_index=2 expected_next=0 observed_next=0 qpc=3108426311993 duration_ticks=162034 hr=0x00000000
present frame=1110 source_index=0 allocator_index=0 expected_next=1 observed_next=1 qpc=3108426554999 duration_ticks=78622 hr=0x00000000
present frame=1111 source_index=1 allocator_index=1 expected_next=2 observed_next=2 qpc=3108426634122 duration_ticks=166054 hr=0x00000000
present frame=1112 source_index=2 allocator_index=2 expected_next=0 observed_next=0 qpc=3108426800625 duration_ticks=164127 hr=0x00000000
present frame=1113 source_index=0 allocator_index=0 expected_next=1 observed_next=1 qpc=3108426965099 duration_ticks=174249 hr=0x00000000
present frame=1114 source_index=1 allocator_index=1 expected_next=2 observed_next=2 qpc=3108427143414 duration_ticks=162659 hr=0x00000000
present frame=1115 source_index=2 allocator_index=2 expected_next=0 observed_next=0 qpc=3108427310332 duration_ticks=162994 hr=0x00000000
present frame=1116 source_index=0 allocator_index=0 expected_next=1 observed_next=1 qpc=3108427477803 duration_ticks=161163 hr=0x00000000
present frame=1117 source_index=1 allocator_index=1 expected_next=2 observed_next=2 qpc=3108427643654 duration_ticks=162260 hr=0x00000000
present frame=1118 source_index=2 allocator_index=2 expected_next=0 observed_next=0 qpc=3108427809235 duration_ticks=163682 hr=0x00000000
present frame=1119 source_index=0 allocator_index=0 expected_next=1 observed_next=1 qpc=3108427976496 duration_ticks=161546 hr=0x00000000
present frame=1120 source_index=1 allocator_index=1 expected_next=2 observed_next=2 qpc=3108428149542 duration_ticks=156159 hr=0x00000000
present frame=1121 source_index=2 allocator_index=2 expected_next=0 observed_next=0 qpc=3108428309492 duration_ticks=160730 hr=0x00000000
present frame=1122 source_index=0 allocator_index=0 expected_next=1 observed_next=1 qpc=3108428475487 duration_ticks=163818 hr=0x00000000
present frame=1123 source_index=1 allocator_index=1 expected_next=2 observed_next=2 qpc=3108428642985 duration_ticks=162507 hr=0x00000000
present frame=1124 source_index=2 allocator_index=2 expected_next=0 observed_next=0 qpc=3108428809416 duration_ticks=165921 hr=0x00000000
present frame=1125 source_index=0 allocator_index=0 expected_next=1 observed_next=1 qpc=3108428981141 duration_ticks=158557 hr=0x00000000
present frame=1126 source_index=1 allocator_index=1 expected_next=2 observed_next=2 qpc=3108429143833 duration_ticks=162849 hr=0x00000000
present frame=1127 source_index=2 allocator_index=2 expected_next=0 observed_next=0 qpc=3108429315045 duration_ticks=162070 hr=0x00000000
present frame=1128 source_index=0 allocator_index=0 expected_next=1 observed_next=1 qpc=3108429482135 duration_ticks=154055 hr=0x00000000
present frame=1129 source_index=1 allocator_index=1 expected_next=2 observed_next=2 qpc=3108429641471 duration_ticks=162159 hr=0x00000000
present frame=1130 source_index=2 allocator_index=2 expected_next=0 observed_next=0 qpc=3108429808922 duration_ticks=160516 hr=0x00000000
present frame=1131 source_index=0 allocator_index=0 expected_next=1 observed_next=1 qpc=3108429975230 duration_ticks=164221 hr=0x00000000
present frame=1132 source_index=1 allocator_index=1 expected_next=2 observed_next=2 qpc=3108430150607 duration_ticks=153554 hr=0x00000000
present frame=1133 source_index=2 allocator_index=2 expected_next=0 observed_next=0 qpc=3108430309249 duration_ticks=167432 hr=0x00000000
present frame=1134 source_index=0 allocator_index=0 expected_next=1 observed_next=1 qpc=3108430484321 duration_ticks=152123 hr=0x00000000
present frame=1135 source_index=1 allocator_index=1 expected_next=2 observed_next=2 qpc=3108430642742 duration_ticks=160045 hr=0x00000000
present frame=1136 source_index=2 allocator_index=2 expected_next=0 observed_next=0 qpc=3108430808251 duration_ticks=162811 hr=0x00000000
present frame=1137 source_index=0 allocator_index=0 expected_next=1 observed_next=1 qpc=3108430975327 duration_ticks=160130 hr=0x00000000
present frame=1138 source_index=1 allocator_index=1 expected_next=2 observed_next=2 qpc=3108431140049 duration_ticks=166920 hr=0x00000000
present frame=1139 source_index=2 allocator_index=2 expected_next=0 observed_next=0 qpc=3108431312080 duration_ticks=161447 hr=0x00000000
present frame=1140 source_index=0 allocator_index=0 expected_next=1 observed_next=1 qpc=3108431477258 duration_ticks=163972 hr=0x00000000
present frame=1141 source_index=1 allocator_index=1 expected_next=2 observed_next=2 qpc=3108431648206 duration_ticks=156873 hr=0x00000000
present frame=1142 source_index=2 allocator_index=2 expected_next=0 observed_next=0 qpc=3108431811046 duration_ticks=155846 hr=0x00000000
present frame=1143 source_index=0 allocator_index=0 expected_next=1 observed_next=1 qpc=3108431967900 duration_ticks=166860 hr=0x00000000
present frame=1144 source_index=1 allocator_index=1 expected_next=2 observed_next=2 qpc=3108432135608 duration_ticks=166674 hr=0x00000000
present frame=1145 source_index=2 allocator_index=2 expected_next=0 observed_next=0 qpc=3108432305417 duration_ticks=164617 hr=0x00000000
present frame=1146 source_index=0 allocator_index=0 expected_next=1 observed_next=1 qpc=3108432473397 duration_ticks=163335 hr=0x00000000
present frame=1147 source_index=1 allocator_index=1 expected_next=2 observed_next=2 qpc=3108432641590 duration_ticks=163184 hr=0x00000000
present frame=1148 source_index=2 allocator_index=2 expected_next=0 observed_next=0 qpc=3108432808225 duration_ticks=162508 hr=0x00000000
present frame=1149 source_index=0 allocator_index=0 expected_next=1 observed_next=1 qpc=3108432974290 duration_ticks=163052 hr=0x00000000
present frame=1150 source_index=1 allocator_index=1 expected_next=2 observed_next=2 qpc=3108433141423 duration_ticks=162811 hr=0x00000000
present frame=1151 source_index=2 allocator_index=2 expected_next=0 observed_next=0 qpc=3108433307993 duration_ticks=161807 hr=0x00000000
present frame=1152 source_index=0 allocator_index=0 expected_next=1 observed_next=1 qpc=3108433473376 duration_ticks=163686 hr=0x00000000
present frame=1153 source_index=1 allocator_index=1 expected_next=2 observed_next=2 qpc=3108433640980 duration_ticks=162347 hr=0x00000000
present frame=1154 source_index=2 allocator_index=2 expected_next=0 observed_next=0 qpc=3108433806834 duration_ticks=165489 hr=0x00000000
present frame=1155 source_index=0 allocator_index=0 expected_next=1 observed_next=1 qpc=3108433976182 duration_ticks=161603 hr=0x00000000
present frame=1156 source_index=1 allocator_index=1 expected_next=2 observed_next=2 qpc=3108434141584 duration_ticks=164430 hr=0x00000000
present frame=1157 source_index=2 allocator_index=2 expected_next=0 observed_next=0 qpc=3108434309755 duration_ticks=161418 hr=0x00000000
present frame=1158 source_index=0 allocator_index=0 expected_next=1 observed_next=1 qpc=3108434475245 duration_ticks=163348 hr=0x00000000
present frame=1159 source_index=1 allocator_index=1 expected_next=2 observed_next=2 qpc=3108434644694 duration_ticks=161219 hr=0x00000000
present frame=1160 source_index=2 allocator_index=2 expected_next=0 observed_next=0 qpc=3108434810293 duration_ticks=159547 hr=0x00000000
present frame=1161 source_index=0 allocator_index=0 expected_next=1 observed_next=1 qpc=3108434973330 duration_ticks=166265 hr=0x00000000
present frame=1162 source_index=1 allocator_index=1 expected_next=2 observed_next=2 qpc=3108435143199 duration_ticks=160604 hr=0x00000000
present frame=1163 source_index=2 allocator_index=2 expected_next=0 observed_next=0 qpc=3108435309303 duration_ticks=162234 hr=0x00000000
present frame=1164 source_index=0 allocator_index=0 expected_next=1 observed_next=1 qpc=3108435475187 duration_ticks=163172 hr=0x00000000
present frame=1165 source_index=1 allocator_index=1 expected_next=2 observed_next=2 qpc=3108435641953 duration_ticks=161820 hr=0x00000000
present frame=1166 source_index=2 allocator_index=2 expected_next=0 observed_next=0 qpc=3108435807935 duration_ticks=166814 hr=0x00000000
present frame=1167 source_index=0 allocator_index=0 expected_next=1 observed_next=1 qpc=3108435979333 duration_ticks=157254 hr=0x00000000
present frame=1168 source_index=1 allocator_index=1 expected_next=2 observed_next=2 qpc=3108436140105 duration_ticks=163217 hr=0x00000000
present frame=1169 source_index=2 allocator_index=2 expected_next=0 observed_next=0 qpc=3108436306618 duration_ticks=165246 hr=0x00000000
present frame=1170 source_index=0 allocator_index=0 expected_next=1 observed_next=1 qpc=3108436516058 duration_ticks=118525 hr=0x00000000
present frame=1171 source_index=1 allocator_index=1 expected_next=2 observed_next=2 qpc=3108436635240 duration_ticks=163409 hr=0x00000000
present frame=1172 source_index=2 allocator_index=2 expected_next=0 observed_next=0 qpc=3108436799210 duration_ticks=166596 hr=0x00000000
present frame=1173 source_index=0 allocator_index=0 expected_next=1 observed_next=1 qpc=3108436966987 duration_ticks=175144 hr=0x00000000
present frame=1174 source_index=1 allocator_index=1 expected_next=2 observed_next=2 qpc=3108437146137 duration_ticks=159165 hr=0x00000000
present frame=1175 source_index=2 allocator_index=2 expected_next=0 observed_next=0 qpc=3108437311402 duration_ticks=158962 hr=0x00000000
present frame=1176 source_index=0 allocator_index=0 expected_next=1 observed_next=1 qpc=3108437474487 duration_ticks=164612 hr=0x00000000
present frame=1177 source_index=1 allocator_index=1 expected_next=2 observed_next=2 qpc=3108437646926 duration_ticks=159364 hr=0x00000000
present frame=1178 source_index=2 allocator_index=2 expected_next=0 observed_next=0 qpc=3108437810031 duration_ticks=162499 hr=0x00000000
present frame=1179 source_index=0 allocator_index=0 expected_next=1 observed_next=1 qpc=3108437976280 duration_ticks=165079 hr=0x00000000
present frame=1180 source_index=1 allocator_index=1 expected_next=2 observed_next=2 qpc=3108438147404 duration_ticks=158725 hr=0x00000000
present frame=1181 source_index=2 allocator_index=2 expected_next=0 observed_next=0 qpc=3108438310146 duration_ticks=163460 hr=0x00000000
present frame=1182 source_index=0 allocator_index=0 expected_next=1 observed_next=1 qpc=3108438479520 duration_ticks=159024 hr=0x00000000
present frame=1183 source_index=1 allocator_index=1 expected_next=2 observed_next=2 qpc=3108438643530 duration_ticks=162437 hr=0x00000000
present frame=1184 source_index=2 allocator_index=2 expected_next=0 observed_next=0 qpc=3108438811492 duration_ticks=161080 hr=0x00000000
present frame=1185 source_index=0 allocator_index=0 expected_next=1 observed_next=1 qpc=3108438978842 duration_ticks=159571 hr=0x00000000
present frame=1186 source_index=1 allocator_index=1 expected_next=2 observed_next=2 qpc=3108439143879 duration_ticks=163678 hr=0x00000000
present frame=1187 source_index=2 allocator_index=2 expected_next=0 observed_next=0 qpc=3108439314466 duration_ticks=150442 hr=0x00000000
present frame=1188 source_index=0 allocator_index=0 expected_next=1 observed_next=1 qpc=3108439465747 duration_ticks=169576 hr=0x00000000
present frame=1189 source_index=1 allocator_index=1 expected_next=2 observed_next=2 qpc=3108439640290 duration_ticks=162874 hr=0x00000000
present frame=1190 source_index=2 allocator_index=2 expected_next=0 observed_next=0 qpc=3108439807440 duration_ticks=160957 hr=0x00000000
present frame=1191 source_index=0 allocator_index=0 expected_next=1 observed_next=1 qpc=3108439973106 duration_ticks=167641 hr=0x00000000
present frame=1192 source_index=1 allocator_index=1 expected_next=2 observed_next=2 qpc=3108440144801 duration_ticks=160392 hr=0x00000000
present frame=1193 source_index=2 allocator_index=2 expected_next=0 observed_next=0 qpc=3108440308940 duration_ticks=165057 hr=0x00000000
present frame=1194 source_index=0 allocator_index=0 expected_next=1 observed_next=1 qpc=3108440479083 duration_ticks=160406 hr=0x00000000
present frame=1195 source_index=1 allocator_index=1 expected_next=2 observed_next=2 qpc=3108440644967 duration_ticks=159232 hr=0x00000000
present frame=1196 source_index=2 allocator_index=2 expected_next=0 observed_next=0 qpc=3108440811072 duration_ticks=161512 hr=0x00000000
present frame=1197 source_index=0 allocator_index=0 expected_next=1 observed_next=1 qpc=3108440976777 duration_ticks=160192 hr=0x00000000
present frame=1198 source_index=1 allocator_index=1 expected_next=2 observed_next=2 qpc=3108441146170 duration_ticks=159665 hr=0x00000000
present frame=1199 source_index=2 allocator_index=2 expected_next=0 observed_next=0 qpc=3108441311796 duration_ticks=159189 hr=0x00000000
present frame=1200 source_index=0 allocator_index=0 expected_next=1 observed_next=1 qpc=3108441476700 duration_ticks=160638 hr=0x00000000
present frame=1201 source_index=1 allocator_index=1 expected_next=2 observed_next=2 qpc=3108441642695 duration_ticks=164567 hr=0x00000000
present frame=1202 source_index=2 allocator_index=2 expected_next=0 observed_next=0 qpc=3108441813763 duration_ticks=157641 hr=0x00000000
present frame=1203 source_index=0 allocator_index=0 expected_next=1 observed_next=1 qpc=3108441974661 duration_ticks=161420 hr=0x00000000
present frame=1204 source_index=1 allocator_index=1 expected_next=2 observed_next=2 qpc=3108442139852 duration_ticks=165423 hr=0x00000000
present frame=1205 source_index=2 allocator_index=2 expected_next=0 observed_next=0 qpc=3108442309678 duration_ticks=159635 hr=0x00000000
present frame=1206 source_index=0 allocator_index=0 expected_next=1 observed_next=1 qpc=3108442474204 duration_ticks=165523 hr=0x00000000
present frame=1207 source_index=1 allocator_index=1 expected_next=2 observed_next=2 qpc=3108442644952 duration_ticks=159021 hr=0x00000000
present frame=1208 source_index=2 allocator_index=2 expected_next=0 observed_next=0 qpc=3108442808985 duration_ticks=164050 hr=0x00000000
present frame=1209 source_index=0 allocator_index=0 expected_next=1 observed_next=1 qpc=3108442976739 duration_ticks=161606 hr=0x00000000
present frame=1210 source_index=1 allocator_index=1 expected_next=2 observed_next=2 qpc=3108443144287 duration_ticks=161985 hr=0x00000000
present frame=1211 source_index=2 allocator_index=2 expected_next=0 observed_next=0 qpc=3108443311450 duration_ticks=163218 hr=0x00000000
present frame=1212 source_index=0 allocator_index=0 expected_next=1 observed_next=1 qpc=3108443481965 duration_ticks=157462 hr=0x00000000
present frame=1213 source_index=1 allocator_index=1 expected_next=2 observed_next=2 qpc=3108443644004 duration_ticks=161647 hr=0x00000000
present frame=1214 source_index=2 allocator_index=2 expected_next=0 observed_next=0 qpc=3108443809672 duration_ticks=162510 hr=0x00000000
present frame=1215 source_index=0 allocator_index=0 expected_next=1 observed_next=1 qpc=3108443975808 duration_ticks=163675 hr=0x00000000
present frame=1216 source_index=1 allocator_index=1 expected_next=2 observed_next=2 qpc=3108444143747 duration_ticks=163826 hr=0x00000000
present frame=1217 source_index=2 allocator_index=2 expected_next=0 observed_next=0 qpc=3108444311789 duration_ticks=159511 hr=0x00000000
present frame=1218 source_index=0 allocator_index=0 expected_next=1 observed_next=1 qpc=3108444475293 duration_ticks=167029 hr=0x00000000
present frame=1219 source_index=1 allocator_index=1 expected_next=2 observed_next=2 qpc=3108444665688 duration_ticks=136086 hr=0x00000000
present frame=1220 source_index=2 allocator_index=2 expected_next=0 observed_next=0 qpc=3108444806636 duration_ticks=166509 hr=0x00000000
present frame=1221 source_index=0 allocator_index=0 expected_next=1 observed_next=1 qpc=3108444982569 duration_ticks=157643 hr=0x00000000
present frame=1222 source_index=1 allocator_index=1 expected_next=2 observed_next=2 qpc=3108445145660 duration_ticks=162224 hr=0x00000000
present frame=1223 source_index=2 allocator_index=2 expected_next=0 observed_next=0 qpc=3108445312427 duration_ticks=162219 hr=0x00000000
present frame=1224 source_index=0 allocator_index=0 expected_next=1 observed_next=1 qpc=3108445478380 duration_ticks=160600 hr=0x00000000
present frame=1225 source_index=1 allocator_index=1 expected_next=2 observed_next=2 qpc=3108445643198 duration_ticks=164351 hr=0x00000000
present frame=1226 source_index=2 allocator_index=2 expected_next=0 observed_next=0 qpc=3108445811439 duration_ticks=162763 hr=0x00000000
present frame=1227 source_index=0 allocator_index=0 expected_next=1 observed_next=1 qpc=3108445983759 duration_ticks=152809 hr=0x00000000
present frame=1228 source_index=1 allocator_index=1 expected_next=2 observed_next=2 qpc=3108446145376 duration_ticks=160233 hr=0x00000000
present frame=1229 source_index=2 allocator_index=2 expected_next=0 observed_next=0 qpc=3108446309358 duration_ticks=165334 hr=0x00000000
present frame=1230 source_index=0 allocator_index=0 expected_next=1 observed_next=1 qpc=3108446511775 duration_ticks=121428 hr=0x00000000
present frame=1231 source_index=1 allocator_index=1 expected_next=2 observed_next=2 qpc=3108446633757 duration_ticks=165081 hr=0x00000000
present frame=1232 source_index=2 allocator_index=2 expected_next=0 observed_next=0 qpc=3108446799371 duration_ticks=172330 hr=0x00000000
present frame=1233 source_index=0 allocator_index=0 expected_next=1 observed_next=1 qpc=3108446975125 duration_ticks=163328 hr=0x00000000
present frame=1234 source_index=1 allocator_index=1 expected_next=2 observed_next=2 qpc=3108447143028 duration_ticks=167124 hr=0x00000000
present frame=1235 source_index=2 allocator_index=2 expected_next=0 observed_next=0 qpc=3108447316613 duration_ticks=157461 hr=0x00000000
present frame=1236 source_index=0 allocator_index=0 expected_next=1 observed_next=1 qpc=3108447479130 duration_ticks=159030 hr=0x00000000
present frame=1237 source_index=1 allocator_index=1 expected_next=2 observed_next=2 qpc=3108447642252 duration_ticks=163886 hr=0x00000000
present frame=1238 source_index=2 allocator_index=2 expected_next=0 observed_next=0 qpc=3108447810178 duration_ticks=162652 hr=0x00000000
present frame=1239 source_index=0 allocator_index=0 expected_next=1 observed_next=1 qpc=3108447977036 duration_ticks=162800 hr=0x00000000
present frame=1240 source_index=1 allocator_index=1 expected_next=2 observed_next=2 qpc=3108448143829 duration_ticks=162674 hr=0x00000000
present frame=1241 source_index=2 allocator_index=2 expected_next=0 observed_next=0 qpc=3108448310544 duration_ticks=164053 hr=0x00000000
present frame=1242 source_index=0 allocator_index=0 expected_next=1 observed_next=1 qpc=3108448478590 duration_ticks=161239 hr=0x00000000
present frame=1243 source_index=1 allocator_index=1 expected_next=2 observed_next=2 qpc=3108448647631 duration_ticks=160346 hr=0x00000000
present frame=1244 source_index=2 allocator_index=2 expected_next=0 observed_next=0 qpc=3108448817074 duration_ticks=156066 hr=0x00000000
present frame=1245 source_index=0 allocator_index=0 expected_next=1 observed_next=1 qpc=3108448976954 duration_ticks=161113 hr=0x00000000
present frame=1246 source_index=1 allocator_index=1 expected_next=2 observed_next=2 qpc=3108449142441 duration_ticks=160139 hr=0x00000000
present frame=1247 source_index=2 allocator_index=2 expected_next=0 observed_next=0 qpc=3108449307226 duration_ticks=163827 hr=0x00000000
present frame=1248 source_index=0 allocator_index=0 expected_next=1 observed_next=1 qpc=3108449475101 duration_ticks=161900 hr=0x00000000
present frame=1249 source_index=1 allocator_index=1 expected_next=2 observed_next=2 qpc=3108449641947 duration_ticks=161832 hr=0x00000000
present frame=1250 source_index=2 allocator_index=2 expected_next=0 observed_next=0 qpc=3108449809218 duration_ticks=161498 hr=0x00000000
present frame=1251 source_index=0 allocator_index=0 expected_next=1 observed_next=1 qpc=3108449977816 duration_ticks=158627 hr=0x00000000
present frame=1252 source_index=1 allocator_index=1 expected_next=2 observed_next=2 qpc=3108450141629 duration_ticks=165266 hr=0x00000000
present frame=1253 source_index=2 allocator_index=2 expected_next=0 observed_next=0 qpc=3108450310762 duration_ticks=160608 hr=0x00000000
present frame=1254 source_index=0 allocator_index=0 expected_next=1 observed_next=1 qpc=3108450475180 duration_ticks=165017 hr=0x00000000
present frame=1255 source_index=1 allocator_index=1 expected_next=2 observed_next=2 qpc=3108450644335 duration_ticks=161508 hr=0x00000000
present frame=1256 source_index=2 allocator_index=2 expected_next=0 observed_next=0 qpc=3108450811699 duration_ticks=160122 hr=0x00000000
present frame=1257 source_index=0 allocator_index=0 expected_next=1 observed_next=1 qpc=3108450975992 duration_ticks=165036 hr=0x00000000
present frame=1258 source_index=1 allocator_index=1 expected_next=2 observed_next=2 qpc=3108451146498 duration_ticks=160429 hr=0x00000000
present frame=1259 source_index=2 allocator_index=2 expected_next=0 observed_next=0 qpc=3108451313381 duration_ticks=160071 hr=0x00000000
present frame=1260 source_index=0 allocator_index=0 expected_next=1 observed_next=1 qpc=3108451483126 duration_ticks=155835 hr=0x00000000
present frame=1261 source_index=1 allocator_index=1 expected_next=2 observed_next=2 qpc=3108451643113 duration_ticks=160177 hr=0x00000000
present frame=1262 source_index=2 allocator_index=2 expected_next=0 observed_next=0 qpc=3108451808182 duration_ticks=166990 hr=0x00000000
present frame=1263 source_index=0 allocator_index=0 expected_next=1 observed_next=1 qpc=3108451984125 duration_ticks=152904 hr=0x00000000
present frame=1264 source_index=1 allocator_index=1 expected_next=2 observed_next=2 qpc=3108452142212 duration_ticks=164882 hr=0x00000000
present frame=1265 source_index=2 allocator_index=2 expected_next=0 observed_next=0 qpc=3108452311628 duration_ticks=159121 hr=0x00000000
present frame=1266 source_index=0 allocator_index=0 expected_next=1 observed_next=1 qpc=3108452476208 duration_ticks=165162 hr=0x00000000
present frame=1267 source_index=1 allocator_index=1 expected_next=2 observed_next=2 qpc=3108452650415 duration_ticks=152401 hr=0x00000000
present frame=1268 source_index=2 allocator_index=2 expected_next=0 observed_next=0 qpc=3108452806834 duration_ticks=165508 hr=0x00000000
present frame=1269 source_index=0 allocator_index=0 expected_next=1 observed_next=1 qpc=3108452975730 duration_ticks=163975 hr=0x00000000
present frame=1270 source_index=1 allocator_index=1 expected_next=2 observed_next=2 qpc=3108453143692 duration_ticks=161589 hr=0x00000000
present frame=1271 source_index=2 allocator_index=2 expected_next=0 observed_next=0 qpc=3108453309321 duration_ticks=165398 hr=0x00000000
present frame=1272 source_index=0 allocator_index=0 expected_next=1 observed_next=1 qpc=3108453478530 duration_ticks=160539 hr=0x00000000
present frame=1273 source_index=1 allocator_index=1 expected_next=2 observed_next=2 qpc=3108453642680 duration_ticks=160355 hr=0x00000000
present frame=1274 source_index=2 allocator_index=2 expected_next=0 observed_next=0 qpc=3108453811504 duration_ticks=162965 hr=0x00000000
present frame=1275 source_index=0 allocator_index=0 expected_next=1 observed_next=1 qpc=3108453980151 duration_ticks=156039 hr=0x00000000
present frame=1276 source_index=1 allocator_index=1 expected_next=2 observed_next=2 qpc=3108454141417 duration_ticks=164922 hr=0x00000000
present frame=1277 source_index=2 allocator_index=2 expected_next=0 observed_next=0 qpc=3108454312476 duration_ticks=160400 hr=0x00000000
present frame=1278 source_index=0 allocator_index=0 expected_next=1 observed_next=1 qpc=3108454478229 duration_ticks=164604 hr=0x00000000
present frame=1279 source_index=1 allocator_index=1 expected_next=2 observed_next=2 qpc=3108454651570 duration_ticks=155237 hr=0x00000000
present frame=1280 source_index=2 allocator_index=2 expected_next=0 observed_next=0 qpc=3108454811056 duration_ticks=162637 hr=0x00000000
present frame=1281 source_index=0 allocator_index=0 expected_next=1 observed_next=1 qpc=3108454977547 duration_ticks=158808 hr=0x00000000
present frame=1282 source_index=1 allocator_index=1 expected_next=2 observed_next=2 qpc=3108455141070 duration_ticks=164993 hr=0x00000000
present frame=1283 source_index=2 allocator_index=2 expected_next=0 observed_next=0 qpc=3108455315737 duration_ticks=157470 hr=0x00000000
present frame=1284 source_index=0 allocator_index=0 expected_next=1 observed_next=1 qpc=3108455477506 duration_ticks=164145 hr=0x00000000
present frame=1285 source_index=1 allocator_index=1 expected_next=2 observed_next=2 qpc=3108455648374 duration_ticks=156265 hr=0x00000000
present frame=1286 source_index=2 allocator_index=2 expected_next=0 observed_next=0 qpc=3108455810148 duration_ticks=162500 hr=0x00000000
present frame=1287 source_index=0 allocator_index=0 expected_next=1 observed_next=1 qpc=3108455976477 duration_ticks=168807 hr=0x00000000
present frame=1288 source_index=1 allocator_index=1 expected_next=2 observed_next=2 qpc=3108456153428 duration_ticks=153217 hr=0x00000000
present frame=1289 source_index=2 allocator_index=2 expected_next=0 observed_next=0 qpc=3108456310202 duration_ticks=164875 hr=0x00000000
present frame=1290 source_index=0 allocator_index=0 expected_next=1 observed_next=1 qpc=3108456523692 duration_ticks=121371 hr=0x00000000
present frame=1291 source_index=1 allocator_index=1 expected_next=2 observed_next=2 qpc=3108456645709 duration_ticks=152980 hr=0x00000000
present frame=1292 source_index=2 allocator_index=2 expected_next=0 observed_next=0 qpc=3108456799192 duration_ticks=167228 hr=0x00000000
present frame=1293 source_index=0 allocator_index=0 expected_next=1 observed_next=1 qpc=3108456966942 duration_ticks=174245 hr=0x00000000
present frame=1294 source_index=1 allocator_index=1 expected_next=2 observed_next=2 qpc=3108457145195 duration_ticks=160382 hr=0x00000000
present frame=1295 source_index=2 allocator_index=2 expected_next=0 observed_next=0 qpc=3108457309033 duration_ticks=163142 hr=0x00000000
present frame=1296 source_index=0 allocator_index=0 expected_next=1 observed_next=1 qpc=3108457476067 duration_ticks=165735 hr=0x00000000
present frame=1297 source_index=1 allocator_index=1 expected_next=2 observed_next=2 qpc=3108457650771 duration_ticks=154255 hr=0x00000000
present frame=1298 source_index=2 allocator_index=2 expected_next=0 observed_next=0 qpc=3108457810835 duration_ticks=161380 hr=0x00000000
present frame=1299 source_index=0 allocator_index=0 expected_next=1 observed_next=1 qpc=3108457978262 duration_ticks=161010 hr=0x00000000
present frame=1300 source_index=1 allocator_index=1 expected_next=2 observed_next=2 qpc=3108458143498 duration_ticks=162950 hr=0x00000000
present frame=1301 source_index=2 allocator_index=2 expected_next=0 observed_next=0 qpc=3108458310565 duration_ticks=160825 hr=0x00000000
present frame=1302 source_index=0 allocator_index=0 expected_next=1 observed_next=1 qpc=3108458476700 duration_ticks=163853 hr=0x00000000
present frame=1303 source_index=1 allocator_index=1 expected_next=2 observed_next=2 qpc=3108458646675 duration_ticks=157885 hr=0x00000000
present frame=1304 source_index=2 allocator_index=2 expected_next=0 observed_next=0 qpc=3108458810072 duration_ticks=162172 hr=0x00000000
present frame=1305 source_index=0 allocator_index=0 expected_next=1 observed_next=1 qpc=3108458976722 duration_ticks=160944 hr=0x00000000
present frame=1306 source_index=1 allocator_index=1 expected_next=2 observed_next=2 qpc=3108459143182 duration_ticks=158735 hr=0x00000000
present frame=1307 source_index=2 allocator_index=2 expected_next=0 observed_next=0 qpc=3108459307320 duration_ticks=166170 hr=0x00000000
present frame=1308 source_index=0 allocator_index=0 expected_next=1 observed_next=1 qpc=3108459478682 duration_ticks=156147 hr=0x00000000
present frame=1309 source_index=1 allocator_index=1 expected_next=2 observed_next=2 qpc=3108459639735 duration_ticks=161631 hr=0x00000000
present frame=1310 source_index=2 allocator_index=2 expected_next=0 observed_next=0 qpc=3108459805978 duration_ticks=163292 hr=0x00000000
present frame=1311 source_index=0 allocator_index=0 expected_next=1 observed_next=1 qpc=3108459974636 duration_ticks=162012 hr=0x00000000
present frame=1312 source_index=1 allocator_index=1 expected_next=2 observed_next=2 qpc=3108460140884 duration_ticks=164243 hr=0x00000000
present frame=1313 source_index=2 allocator_index=2 expected_next=0 observed_next=0 qpc=3108460310919 duration_ticks=161496 hr=0x00000000
present frame=1314 source_index=0 allocator_index=0 expected_next=1 observed_next=1 qpc=3108460476270 duration_ticks=159449 hr=0x00000000
present frame=1315 source_index=1 allocator_index=1 expected_next=2 observed_next=2 qpc=3108460642437 duration_ticks=162538 hr=0x00000000
present frame=1316 source_index=2 allocator_index=2 expected_next=0 observed_next=0 qpc=3108460810091 duration_ticks=162492 hr=0x00000000
present frame=1317 source_index=0 allocator_index=0 expected_next=1 observed_next=1 qpc=3108460976815 duration_ticks=162431 hr=0x00000000
present frame=1318 source_index=1 allocator_index=1 expected_next=2 observed_next=2 qpc=3108461144035 duration_ticks=160957 hr=0x00000000
present frame=1319 source_index=2 allocator_index=2 expected_next=0 observed_next=0 qpc=3108461308408 duration_ticks=163317 hr=0x00000000
present frame=1320 source_index=0 allocator_index=0 expected_next=1 observed_next=1 qpc=3108461476106 duration_ticks=165819 hr=0x00000000
present frame=1321 source_index=1 allocator_index=1 expected_next=2 observed_next=2 qpc=3108461648020 duration_ticks=158275 hr=0x00000000
present frame=1322 source_index=2 allocator_index=2 expected_next=0 observed_next=0 qpc=3108461810019 duration_ticks=163608 hr=0x00000000
present frame=1323 source_index=0 allocator_index=0 expected_next=1 observed_next=1 qpc=3108461981576 duration_ticks=155033 hr=0x00000000
present frame=1324 source_index=1 allocator_index=1 expected_next=2 observed_next=2 qpc=3108462140510 duration_ticks=165177 hr=0x00000000
present frame=1325 source_index=2 allocator_index=2 expected_next=0 observed_next=0 qpc=3108462310102 duration_ticks=159191 hr=0x00000000
present frame=1326 source_index=0 allocator_index=0 expected_next=1 observed_next=1 qpc=3108462472386 duration_ticks=168673 hr=0x00000000
present frame=1327 source_index=1 allocator_index=1 expected_next=2 observed_next=2 qpc=3108462647892 duration_ticks=154209 hr=0x00000000
present frame=1328 source_index=2 allocator_index=2 expected_next=0 observed_next=0 qpc=3108462805652 duration_ticks=166902 hr=0x00000000
present frame=1329 source_index=0 allocator_index=0 expected_next=1 observed_next=1 qpc=3108462981322 duration_ticks=155364 hr=0x00000000
present frame=1330 source_index=1 allocator_index=1 expected_next=2 observed_next=2 qpc=3108463140448 duration_ticks=163945 hr=0x00000000
present frame=1331 source_index=2 allocator_index=2 expected_next=0 observed_next=0 qpc=3108463308367 duration_ticks=164725 hr=0x00000000
present frame=1332 source_index=0 allocator_index=0 expected_next=1 observed_next=1 qpc=3108463476736 duration_ticks=161251 hr=0x00000000
present frame=1333 source_index=1 allocator_index=1 expected_next=2 observed_next=2 qpc=3108463641670 duration_ticks=163279 hr=0x00000000
present frame=1334 source_index=2 allocator_index=2 expected_next=0 observed_next=0 qpc=3108463809943 duration_ticks=161598 hr=0x00000000
present frame=1335 source_index=0 allocator_index=0 expected_next=1 observed_next=1 qpc=3108463975103 duration_ticks=164552 hr=0x00000000
present frame=1336 source_index=1 allocator_index=1 expected_next=2 observed_next=2 qpc=3108464144787 duration_ticks=159977 hr=0x00000000
present frame=1337 source_index=2 allocator_index=2 expected_next=0 observed_next=0 qpc=3108464308362 duration_ticks=163237 hr=0x00000000
present frame=1338 source_index=0 allocator_index=0 expected_next=1 observed_next=1 qpc=3108464475302 duration_ticks=163663 hr=0x00000000
present frame=1339 source_index=1 allocator_index=1 expected_next=2 observed_next=2 qpc=3108464642868 duration_ticks=160467 hr=0x00000000
present frame=1340 source_index=2 allocator_index=2 expected_next=0 observed_next=0 qpc=3108464807941 duration_ticks=164565 hr=0x00000000
present frame=1341 source_index=0 allocator_index=0 expected_next=1 observed_next=1 qpc=3108464976124 duration_ticks=162176 hr=0x00000000
present frame=1342 source_index=1 allocator_index=1 expected_next=2 observed_next=2 qpc=3108465142040 duration_ticks=154745 hr=0x00000000
present frame=1343 source_index=2 allocator_index=2 expected_next=0 observed_next=0 qpc=3108465297360 duration_ticks=167123 hr=0x00000000
present frame=1344 source_index=0 allocator_index=0 expected_next=1 observed_next=1 qpc=3108465464898 duration_ticks=161112 hr=0x00000000
present frame=1345 source_index=1 allocator_index=1 expected_next=2 observed_next=2 qpc=3108465626253 duration_ticks=167260 hr=0x00000000
present frame=1346 source_index=2 allocator_index=2 expected_next=0 observed_next=0 qpc=3108465793747 duration_ticks=165769 hr=0x00000000
present frame=1347 source_index=0 allocator_index=0 expected_next=1 observed_next=1 qpc=3108465959812 duration_ticks=168498 hr=0x00000000
present frame=1348 source_index=1 allocator_index=1 expected_next=2 observed_next=2 qpc=3108466128628 duration_ticks=168252 hr=0x00000000
present frame=1349 source_index=2 allocator_index=2 expected_next=0 observed_next=0 qpc=3108466297146 duration_ticks=166639 hr=0x00000000
present frame=1350 source_index=0 allocator_index=0 expected_next=1 observed_next=1 qpc=3108466464197 duration_ticks=165639 hr=0x00000000
present frame=1351 source_index=1 allocator_index=1 expected_next=2 observed_next=2 qpc=3108466630257 duration_ticks=166828 hr=0x00000000
present frame=1352 source_index=2 allocator_index=2 expected_next=0 observed_next=0 qpc=3108466797919 duration_ticks=163663 hr=0x00000000
present frame=1353 source_index=0 allocator_index=0 expected_next=1 observed_next=1 qpc=3108466962195 duration_ticks=169964 hr=0x00000000
present frame=1354 source_index=1 allocator_index=1 expected_next=2 observed_next=2 qpc=3108467134985 duration_ticks=166307 hr=0x00000000
present frame=1355 source_index=2 allocator_index=2 expected_next=0 observed_next=0 qpc=3108467306565 duration_ticks=162000 hr=0x00000000
present frame=1356 source_index=0 allocator_index=0 expected_next=1 observed_next=1 qpc=3108467473149 duration_ticks=167115 hr=0x00000000
present frame=1357 source_index=1 allocator_index=1 expected_next=2 observed_next=2 qpc=3108467646054 duration_ticks=159754 hr=0x00000000
present frame=1358 source_index=2 allocator_index=2 expected_next=0 observed_next=0 qpc=3108467809706 duration_ticks=162366 hr=0x00000000
present frame=1359 source_index=0 allocator_index=0 expected_next=1 observed_next=1 qpc=3108467978067 duration_ticks=161156 hr=0x00000000
present frame=1360 source_index=1 allocator_index=1 expected_next=2 observed_next=2 qpc=3108468143193 duration_ticks=161721 hr=0x00000000
present frame=1361 source_index=2 allocator_index=2 expected_next=0 observed_next=0 qpc=3108468313279 duration_ticks=158883 hr=0x00000000
present frame=1362 source_index=0 allocator_index=0 expected_next=1 observed_next=1 qpc=3108468475641 duration_ticks=162305 hr=0x00000000
present frame=1363 source_index=1 allocator_index=1 expected_next=2 observed_next=2 qpc=3108468643256 duration_ticks=161844 hr=0x00000000
present frame=1364 source_index=2 allocator_index=2 expected_next=0 observed_next=0 qpc=3108468810175 duration_ticks=164599 hr=0x00000000
present frame=1365 source_index=0 allocator_index=0 expected_next=1 observed_next=1 qpc=3108468984709 duration_ticks=154513 hr=0x00000000
present frame=1366 source_index=1 allocator_index=1 expected_next=2 observed_next=2 qpc=3108469145368 duration_ticks=159490 hr=0x00000000
present frame=1367 source_index=2 allocator_index=2 expected_next=0 observed_next=0 qpc=3108469308674 duration_ticks=164494 hr=0x00000000
present frame=1368 source_index=0 allocator_index=0 expected_next=1 observed_next=1 qpc=3108469485797 duration_ticks=149825 hr=0x00000000
present frame=1369 source_index=1 allocator_index=1 expected_next=2 observed_next=2 qpc=3108469640810 duration_ticks=162677 hr=0x00000000
present frame=1370 source_index=2 allocator_index=2 expected_next=0 observed_next=0 qpc=3108469808390 duration_ticks=164780 hr=0x00000000
present frame=1371 source_index=0 allocator_index=0 expected_next=1 observed_next=1 qpc=3108469978259 duration_ticks=159493 hr=0x00000000
present frame=1372 source_index=1 allocator_index=1 expected_next=2 observed_next=2 qpc=3108470143664 duration_ticks=163984 hr=0x00000000
present frame=1373 source_index=2 allocator_index=2 expected_next=0 observed_next=0 qpc=3108470313092 duration_ticks=156578 hr=0x00000000
present frame=1374 source_index=0 allocator_index=0 expected_next=1 observed_next=1 qpc=3108470474902 duration_ticks=163569 hr=0x00000000
present frame=1375 source_index=1 allocator_index=1 expected_next=2 observed_next=2 qpc=3108470646093 duration_ticks=159521 hr=0x00000000
present frame=1376 source_index=2 allocator_index=2 expected_next=0 observed_next=0 qpc=3108470809287 duration_ticks=163033 hr=0x00000000
present frame=1377 source_index=0 allocator_index=0 expected_next=1 observed_next=1 qpc=3108470976205 duration_ticks=162775 hr=0x00000000
present frame=1378 source_index=1 allocator_index=1 expected_next=2 observed_next=2 qpc=3108471142974 duration_ticks=161785 hr=0x00000000
present frame=1379 source_index=2 allocator_index=2 expected_next=0 observed_next=0 qpc=3108471308555 duration_ticks=165105 hr=0x00000000
present frame=1380 source_index=0 allocator_index=0 expected_next=1 observed_next=1 qpc=3108471477454 duration_ticks=160064 hr=0x00000000
present frame=1381 source_index=1 allocator_index=1 expected_next=2 observed_next=2 qpc=3108471641464 duration_ticks=176339 hr=0x00000000
present frame=1382 source_index=2 allocator_index=2 expected_next=0 observed_next=0 qpc=3108471823551 duration_ticks=143189 hr=0x00000000
present frame=1383 source_index=0 allocator_index=0 expected_next=1 observed_next=1 qpc=3108471967879 duration_ticks=164112 hr=0x00000000
present frame=1384 source_index=1 allocator_index=1 expected_next=2 observed_next=2 qpc=3108472133245 duration_ticks=171431 hr=0x00000000
present frame=1385 source_index=2 allocator_index=2 expected_next=0 observed_next=0 qpc=3108472307479 duration_ticks=161178 hr=0x00000000
present frame=1386 source_index=0 allocator_index=0 expected_next=1 observed_next=1 qpc=3108472471984 duration_ticks=162648 hr=0x00000000
present frame=1387 source_index=1 allocator_index=1 expected_next=2 observed_next=2 qpc=3108472639915 duration_ticks=162364 hr=0x00000000
present frame=1388 source_index=2 allocator_index=2 expected_next=0 observed_next=0 qpc=3108472805862 duration_ticks=166670 hr=0x00000000
present frame=1389 source_index=0 allocator_index=0 expected_next=1 observed_next=1 qpc=3108472976033 duration_ticks=160595 hr=0x00000000
present frame=1390 source_index=1 allocator_index=1 expected_next=2 observed_next=2 qpc=3108473140157 duration_ticks=164805 hr=0x00000000
present frame=1391 source_index=2 allocator_index=2 expected_next=0 observed_next=0 qpc=3108473319274 duration_ticks=153218 hr=0x00000000
present frame=1392 source_index=0 allocator_index=0 expected_next=1 observed_next=1 qpc=3108473476220 duration_ticks=164136 hr=0x00000000
present frame=1393 source_index=1 allocator_index=1 expected_next=2 observed_next=2 qpc=3108473644356 duration_ticks=159851 hr=0x00000000
present frame=1394 source_index=2 allocator_index=2 expected_next=0 observed_next=0 qpc=3108473807968 duration_ticks=161678 hr=0x00000000
present frame=1395 source_index=0 allocator_index=0 expected_next=1 observed_next=1 qpc=3108473973145 duration_ticks=163928 hr=0x00000000
present frame=1396 source_index=1 allocator_index=1 expected_next=2 observed_next=2 qpc=3108474140963 duration_ticks=161933 hr=0x00000000
present frame=1397 source_index=2 allocator_index=2 expected_next=0 observed_next=0 qpc=3108474306495 duration_ticks=163211 hr=0x00000000
present frame=1398 source_index=0 allocator_index=0 expected_next=1 observed_next=1 qpc=3108474475392 duration_ticks=162150 hr=0x00000000
present frame=1399 source_index=1 allocator_index=1 expected_next=2 observed_next=2 qpc=3108474641597 duration_ticks=163196 hr=0x00000000
present frame=1400 source_index=2 allocator_index=2 expected_next=0 observed_next=0 qpc=3108474809645 duration_ticks=160042 hr=0x00000000
present frame=1401 source_index=0 allocator_index=0 expected_next=1 observed_next=1 qpc=3108474973187 duration_ticks=163108 hr=0x00000000
present frame=1402 source_index=1 allocator_index=1 expected_next=2 observed_next=2 qpc=3108475139762 duration_ticks=164406 hr=0x00000000
present frame=1403 source_index=2 allocator_index=2 expected_next=0 observed_next=0 qpc=3108475308217 duration_ticks=161872 hr=0x00000000
present frame=1404 source_index=0 allocator_index=0 expected_next=1 observed_next=1 qpc=3108475473545 duration_ticks=166431 hr=0x00000000
present frame=1405 source_index=1 allocator_index=1 expected_next=2 observed_next=2 qpc=3108475643612 duration_ticks=160735 hr=0x00000000
present frame=1406 source_index=2 allocator_index=2 expected_next=0 observed_next=0 qpc=3108475807917 duration_ticks=163503 hr=0x00000000
present frame=1407 source_index=0 allocator_index=0 expected_next=1 observed_next=1 qpc=3108475977943 duration_ticks=158283 hr=0x00000000
present frame=1408 source_index=1 allocator_index=1 expected_next=2 observed_next=2 qpc=3108476139739 duration_ticks=163550 hr=0x00000000
present frame=1409 source_index=2 allocator_index=2 expected_next=0 observed_next=0 qpc=3108476306668 duration_ticks=165037 hr=0x00000000
present frame=1410 source_index=0 allocator_index=0 expected_next=1 observed_next=1 qpc=3108476513182 duration_ticks=120825 hr=0x00000000
present frame=1411 source_index=1 allocator_index=1 expected_next=2 observed_next=2 qpc=3108476635070 duration_ticks=163902 hr=0x00000000
present frame=1412 source_index=2 allocator_index=2 expected_next=0 observed_next=0 qpc=3108476799468 duration_ticks=171479 hr=0x00000000
present frame=1413 source_index=0 allocator_index=0 expected_next=1 observed_next=1 qpc=3108476974046 duration_ticks=166531 hr=0x00000000
present frame=1414 source_index=1 allocator_index=1 expected_next=2 observed_next=2 qpc=3108477145852 duration_ticks=159984 hr=0x00000000
present frame=1415 source_index=2 allocator_index=2 expected_next=0 observed_next=0 qpc=3108477309996 duration_ticks=161573 hr=0x00000000
present frame=1416 source_index=0 allocator_index=0 expected_next=1 observed_next=1 qpc=3108477477355 duration_ticks=161943 hr=0x00000000
present frame=1417 source_index=1 allocator_index=1 expected_next=2 observed_next=2 qpc=3108477643922 duration_ticks=162540 hr=0x00000000
present frame=1418 source_index=2 allocator_index=2 expected_next=0 observed_next=0 qpc=3108477810114 duration_ticks=163514 hr=0x00000000
present frame=1419 source_index=0 allocator_index=0 expected_next=1 observed_next=1 qpc=3108477977660 duration_ticks=161602 hr=0x00000000
present frame=1420 source_index=1 allocator_index=1 expected_next=2 observed_next=2 qpc=3108478145226 duration_ticks=163168 hr=0x00000000
present frame=1421 source_index=2 allocator_index=2 expected_next=0 observed_next=0 qpc=3108478314727 duration_ticks=158789 hr=0x00000000
present frame=1422 source_index=0 allocator_index=0 expected_next=1 observed_next=1 qpc=3108478477282 duration_ticks=163002 hr=0x00000000
present frame=1423 source_index=1 allocator_index=1 expected_next=2 observed_next=2 qpc=3108478650864 duration_ticks=155557 hr=0x00000000
present frame=1424 source_index=2 allocator_index=2 expected_next=0 observed_next=0 qpc=3108478812269 duration_ticks=160451 hr=0x00000000
present frame=1425 source_index=0 allocator_index=0 expected_next=1 observed_next=1 qpc=3108478978340 duration_ticks=159697 hr=0x00000000
present frame=1426 source_index=1 allocator_index=1 expected_next=2 observed_next=2 qpc=3108479143519 duration_ticks=158778 hr=0x00000000
present frame=1427 source_index=2 allocator_index=2 expected_next=0 observed_next=0 qpc=3108479308206 duration_ticks=168102 hr=0x00000000
present frame=1428 source_index=0 allocator_index=0 expected_next=1 observed_next=1 qpc=3108479480523 duration_ticks=154176 hr=0x00000000
present frame=1429 source_index=1 allocator_index=1 expected_next=2 observed_next=2 qpc=3108479639182 duration_ticks=165484 hr=0x00000000
present frame=1430 source_index=2 allocator_index=2 expected_next=0 observed_next=0 qpc=3108479813680 duration_ticks=157996 hr=0x00000000
present frame=1431 source_index=0 allocator_index=0 expected_next=1 observed_next=1 qpc=3108479975276 duration_ticks=163167 hr=0x00000000
present frame=1432 source_index=1 allocator_index=1 expected_next=2 observed_next=2 qpc=3108480142223 duration_ticks=163122 hr=0x00000000
present frame=1433 source_index=2 allocator_index=2 expected_next=0 observed_next=0 qpc=3108480308889 duration_ticks=162425 hr=0x00000000
present frame=1434 source_index=0 allocator_index=0 expected_next=1 observed_next=1 qpc=3108480474657 duration_ticks=166091 hr=0x00000000
present frame=1435 source_index=1 allocator_index=1 expected_next=2 observed_next=2 qpc=3108480644910 duration_ticks=160082 hr=0x00000000
present frame=1436 source_index=2 allocator_index=2 expected_next=0 observed_next=0 qpc=3108480808722 duration_ticks=162217 hr=0x00000000
present frame=1437 source_index=0 allocator_index=0 expected_next=1 observed_next=1 qpc=3108480978282 duration_ticks=160295 hr=0x00000000
present frame=1438 source_index=1 allocator_index=1 expected_next=2 observed_next=2 qpc=3108481142362 duration_ticks=162229 hr=0x00000000
present frame=1439 source_index=2 allocator_index=2 expected_next=0 observed_next=0 qpc=3108481308255 duration_ticks=160256 hr=0x00000000
present frame=1440 source_index=0 allocator_index=0 expected_next=1 observed_next=1 qpc=3108481473654 duration_ticks=161461 hr=0x00000000
present frame=1441 source_index=1 allocator_index=1 expected_next=2 observed_next=2 qpc=3108481640892 duration_ticks=153444 hr=0x00000000
present frame=1442 source_index=2 allocator_index=2 expected_next=0 observed_next=0 qpc=3108481795106 duration_ticks=170543 hr=0x00000000
present frame=1443 source_index=0 allocator_index=0 expected_next=1 observed_next=1 qpc=3108481966360 duration_ticks=170348 hr=0x00000000
present frame=1444 source_index=1 allocator_index=1 expected_next=2 observed_next=2 qpc=3108482141592 duration_ticks=160118 hr=0x00000000
present frame=1445 source_index=2 allocator_index=2 expected_next=0 observed_next=0 qpc=3108482306388 duration_ticks=162154 hr=0x00000000
present frame=1446 source_index=0 allocator_index=0 expected_next=1 observed_next=1 qpc=3108482474957 duration_ticks=161240 hr=0x00000000
present frame=1447 source_index=1 allocator_index=1 expected_next=2 observed_next=2 qpc=3108482641895 duration_ticks=165314 hr=0x00000000
present frame=1448 source_index=2 allocator_index=2 expected_next=0 observed_next=0 qpc=3108482811325 duration_ticks=161325 hr=0x00000000
present frame=1449 source_index=0 allocator_index=0 expected_next=1 observed_next=1 qpc=3108482976767 duration_ticks=161846 hr=0x00000000
present frame=1450 source_index=1 allocator_index=1 expected_next=2 observed_next=2 qpc=3108483143480 duration_ticks=165532 hr=0x00000000
present frame=1451 source_index=2 allocator_index=2 expected_next=0 observed_next=0 qpc=3108483315457 duration_ticks=156634 hr=0x00000000
present frame=1452 source_index=0 allocator_index=0 expected_next=1 observed_next=1 qpc=3108483475988 duration_ticks=162739 hr=0x00000000
present frame=1453 source_index=1 allocator_index=1 expected_next=2 observed_next=2 qpc=3108483646512 duration_ticks=159923 hr=0x00000000
present frame=1454 source_index=2 allocator_index=2 expected_next=0 observed_next=0 qpc=3108483810325 duration_ticks=163128 hr=0x00000000
present frame=1455 source_index=0 allocator_index=0 expected_next=1 observed_next=1 qpc=3108483979545 duration_ticks=159264 hr=0x00000000
present frame=1456 source_index=1 allocator_index=1 expected_next=2 observed_next=2 qpc=3108484142494 duration_ticks=162429 hr=0x00000000
present frame=1457 source_index=2 allocator_index=2 expected_next=0 observed_next=0 qpc=3108484310677 duration_ticks=163496 hr=0x00000000
present frame=1458 source_index=0 allocator_index=0 expected_next=1 observed_next=1 qpc=3108484478051 duration_ticks=161052 hr=0x00000000
present frame=1459 source_index=1 allocator_index=1 expected_next=2 observed_next=2 qpc=3108484644998 duration_ticks=165430 hr=0x00000000
present frame=1460 source_index=2 allocator_index=2 expected_next=0 observed_next=0 qpc=3108484817294 duration_ticks=154183 hr=0x00000000
present frame=1461 source_index=0 allocator_index=0 expected_next=1 observed_next=1 qpc=3108484975301 duration_ticks=160181 hr=0x00000000
present frame=1462 source_index=1 allocator_index=1 expected_next=2 observed_next=2 qpc=3108485142681 duration_ticks=162647 hr=0x00000000
present frame=1463 source_index=2 allocator_index=2 expected_next=0 observed_next=0 qpc=3108485309705 duration_ticks=160216 hr=0x00000000
present frame=1464 source_index=0 allocator_index=0 expected_next=1 observed_next=1 qpc=3108485475539 duration_ticks=162866 hr=0x00000000
present frame=1465 source_index=1 allocator_index=1 expected_next=2 observed_next=2 qpc=3108485642602 duration_ticks=162544 hr=0x00000000
present frame=1466 source_index=2 allocator_index=2 expected_next=0 observed_next=0 qpc=3108485808659 duration_ticks=164553 hr=0x00000000
present frame=1467 source_index=0 allocator_index=0 expected_next=1 observed_next=1 qpc=3108485976997 duration_ticks=162095 hr=0x00000000
present frame=1468 source_index=1 allocator_index=1 expected_next=2 observed_next=2 qpc=3108486143129 duration_ticks=164122 hr=0x00000000
present frame=1469 source_index=2 allocator_index=2 expected_next=0 observed_next=0 qpc=3108486312647 duration_ticks=159537 hr=0x00000000
present frame=1470 source_index=0 allocator_index=0 expected_next=1 observed_next=1 qpc=3108486496144 duration_ticks=143330 hr=0x00000000
present frame=1471 source_index=1 allocator_index=1 expected_next=2 observed_next=2 qpc=3108486643663 duration_ticks=162900 hr=0x00000000
present frame=1472 source_index=2 allocator_index=2 expected_next=0 observed_next=0 qpc=3108486810126 duration_ticks=162720 hr=0x00000000
present frame=1473 source_index=0 allocator_index=0 expected_next=1 observed_next=1 qpc=3108486976745 duration_ticks=163685 hr=0x00000000
present frame=1474 source_index=1 allocator_index=1 expected_next=2 observed_next=2 qpc=3108487144999 duration_ticks=159548 hr=0x00000000
present frame=1475 source_index=2 allocator_index=2 expected_next=0 observed_next=0 qpc=3108487308533 duration_ticks=163019 hr=0x00000000
present frame=1476 source_index=0 allocator_index=0 expected_next=1 observed_next=1 qpc=3108487477675 duration_ticks=161331 hr=0x00000000
present frame=1477 source_index=1 allocator_index=1 expected_next=2 observed_next=2 qpc=3108487645045 duration_ticks=159690 hr=0x00000000
present frame=1478 source_index=2 allocator_index=2 expected_next=0 observed_next=0 qpc=3108487808505 duration_ticks=163525 hr=0x00000000
present frame=1479 source_index=0 allocator_index=0 expected_next=1 observed_next=1 qpc=3108487975943 duration_ticks=164488 hr=0x00000000
present frame=1480 source_index=1 allocator_index=1 expected_next=2 observed_next=2 qpc=3108488144201 duration_ticks=161472 hr=0x00000000
present frame=1481 source_index=2 allocator_index=2 expected_next=0 observed_next=0 qpc=3108488310727 duration_ticks=161113 hr=0x00000000
present frame=1482 source_index=0 allocator_index=0 expected_next=1 observed_next=1 qpc=3108488475537 duration_ticks=165363 hr=0x00000000
present frame=1483 source_index=1 allocator_index=1 expected_next=2 observed_next=2 qpc=3108488647651 duration_ticks=155536 hr=0x00000000
present frame=1484 source_index=2 allocator_index=2 expected_next=0 observed_next=0 qpc=3108488810243 duration_ticks=161256 hr=0x00000000
present frame=1485 source_index=0 allocator_index=0 expected_next=1 observed_next=1 qpc=3108488981515 duration_ticks=157310 hr=0x00000000
present frame=1486 source_index=1 allocator_index=1 expected_next=2 observed_next=2 qpc=3108489142615 duration_ticks=162510 hr=0x00000000
present frame=1487 source_index=2 allocator_index=2 expected_next=0 observed_next=0 qpc=3108489309343 duration_ticks=164345 hr=0x00000000
present frame=1488 source_index=0 allocator_index=0 expected_next=1 observed_next=1 qpc=3108489476921 duration_ticks=156264 hr=0x00000000
present frame=1489 source_index=1 allocator_index=1 expected_next=2 observed_next=2 qpc=3108489637955 duration_ticks=164688 hr=0x00000000
present frame=1490 source_index=2 allocator_index=2 expected_next=0 observed_next=0 qpc=3108489807955 duration_ticks=160129 hr=0x00000000
present frame=1491 source_index=0 allocator_index=0 expected_next=1 observed_next=1 qpc=3108489972734 duration_ticks=162900 hr=0x00000000
present frame=1492 source_index=1 allocator_index=1 expected_next=2 observed_next=2 qpc=3108490143086 duration_ticks=159561 hr=0x00000000
present frame=1493 source_index=2 allocator_index=2 expected_next=0 observed_next=0 qpc=3108490306522 duration_ticks=162008 hr=0x00000000
present frame=1494 source_index=0 allocator_index=0 expected_next=1 observed_next=1 qpc=3108490473849 duration_ticks=160463 hr=0x00000000
present frame=1495 source_index=1 allocator_index=1 expected_next=2 observed_next=2 qpc=3108490639535 duration_ticks=165642 hr=0x00000000
present frame=1496 source_index=2 allocator_index=2 expected_next=0 observed_next=0 qpc=3108490809638 duration_ticks=163651 hr=0x00000000
present frame=1497 source_index=0 allocator_index=0 expected_next=1 observed_next=1 qpc=3108490977191 duration_ticks=159734 hr=0x00000000
present frame=1498 source_index=1 allocator_index=1 expected_next=2 observed_next=2 qpc=3108491140839 duration_ticks=169312 hr=0x00000000
present frame=1499 source_index=2 allocator_index=2 expected_next=0 observed_next=0 qpc=3108491316786 duration_ticks=153328 hr=0x00000000
present frame=1500 source_index=0 allocator_index=0 expected_next=1 observed_next=1 qpc=3108491474274 duration_ticks=163560 hr=0x00000000
present frame=1501 source_index=1 allocator_index=1 expected_next=2 observed_next=2 qpc=3108491641832 duration_ticks=163818 hr=0x00000000
present frame=1502 source_index=2 allocator_index=2 expected_next=0 observed_next=0 qpc=3108491810067 duration_ticks=162315 hr=0x00000000
present frame=1503 source_index=0 allocator_index=0 expected_next=1 observed_next=1 qpc=3108491976250 duration_ticks=163532 hr=0x00000000
present frame=1504 source_index=1 allocator_index=1 expected_next=2 observed_next=2 qpc=3108492144060 duration_ticks=160428 hr=0x00000000
present frame=1505 source_index=2 allocator_index=2 expected_next=0 observed_next=0 qpc=3108492310146 duration_ticks=163482 hr=0x00000000
present frame=1506 source_index=0 allocator_index=0 expected_next=1 observed_next=1 qpc=3108492480952 duration_ticks=157378 hr=0x00000000
present frame=1507 source_index=1 allocator_index=1 expected_next=2 observed_next=2 qpc=3108492643214 duration_ticks=159253 hr=0x00000000
present frame=1508 source_index=2 allocator_index=2 expected_next=0 observed_next=0 qpc=3108492811308 duration_ticks=161239 hr=0x00000000
present frame=1509 source_index=0 allocator_index=0 expected_next=1 observed_next=1 qpc=3108492976725 duration_ticks=159927 hr=0x00000000
present frame=1510 source_index=1 allocator_index=1 expected_next=2 observed_next=2 qpc=3108493142484 duration_ticks=162872 hr=0x00000000
present frame=1511 source_index=2 allocator_index=2 expected_next=0 observed_next=0 qpc=3108493309935 duration_ticks=162716 hr=0x00000000
present frame=1512 source_index=0 allocator_index=0 expected_next=1 observed_next=1 qpc=3108493476970 duration_ticks=163833 hr=0x00000000
present frame=1513 source_index=1 allocator_index=1 expected_next=2 observed_next=2 qpc=3108493644678 duration_ticks=160650 hr=0x00000000
present frame=1514 source_index=2 allocator_index=2 expected_next=0 observed_next=0 qpc=3108493809162 duration_ticks=163940 hr=0x00000000
present frame=1515 source_index=0 allocator_index=0 expected_next=1 observed_next=1 qpc=3108493981271 duration_ticks=157300 hr=0x00000000
present frame=1516 source_index=1 allocator_index=1 expected_next=2 observed_next=2 qpc=3108494142260 duration_ticks=161817 hr=0x00000000
present frame=1517 source_index=2 allocator_index=2 expected_next=0 observed_next=0 qpc=3108494307837 duration_ticks=161413 hr=0x00000000
present frame=1518 source_index=0 allocator_index=0 expected_next=1 observed_next=1 qpc=3108494474968 duration_ticks=163552 hr=0x00000000
present frame=1519 source_index=1 allocator_index=1 expected_next=2 observed_next=2 qpc=3108494659150 duration_ticks=144950 hr=0x00000000
present frame=1520 source_index=2 allocator_index=2 expected_next=0 observed_next=0 qpc=3108494809510 duration_ticks=161785 hr=0x00000000
present frame=1521 source_index=0 allocator_index=0 expected_next=1 observed_next=1 qpc=3108494975021 duration_ticks=165731 hr=0x00000000
present frame=1522 source_index=1 allocator_index=1 expected_next=2 observed_next=2 qpc=3108495151062 duration_ticks=153548 hr=0x00000000
present frame=1523 source_index=2 allocator_index=2 expected_next=0 observed_next=0 qpc=3108495308885 duration_ticks=163301 hr=0x00000000
present frame=1524 source_index=0 allocator_index=0 expected_next=1 observed_next=1 qpc=3108495480906 duration_ticks=157031 hr=0x00000000
present frame=1525 source_index=1 allocator_index=1 expected_next=2 observed_next=2 qpc=3108495642162 duration_ticks=161659 hr=0x00000000
present frame=1526 source_index=2 allocator_index=2 expected_next=0 observed_next=0 qpc=3108495807465 duration_ticks=164446 hr=0x00000000
present frame=1527 source_index=0 allocator_index=0 expected_next=1 observed_next=1 qpc=3108495975932 duration_ticks=162063 hr=0x00000000
present frame=1528 source_index=1 allocator_index=1 expected_next=2 observed_next=2 qpc=3108496141853 duration_ticks=166034 hr=0x00000000
present frame=1529 source_index=2 allocator_index=2 expected_next=0 observed_next=0 qpc=3108496313450 duration_ticks=157079 hr=0x00000000
present frame=1530 source_index=0 allocator_index=0 expected_next=1 observed_next=1 qpc=3108496487860 duration_ticks=157165 hr=0x00000000
present frame=1531 source_index=1 allocator_index=1 expected_next=2 observed_next=2 qpc=3108496664496 duration_ticks=142215 hr=0x00000000
present frame=1532 source_index=2 allocator_index=2 expected_next=0 observed_next=0 qpc=3108496809966 duration_ticks=161040 hr=0x00000000
present frame=1533 source_index=0 allocator_index=0 expected_next=1 observed_next=1 qpc=3108496974850 duration_ticks=162894 hr=0x00000000
present frame=1534 source_index=1 allocator_index=1 expected_next=2 observed_next=2 qpc=3108497141754 duration_ticks=162923 hr=0x00000000
present frame=1535 source_index=2 allocator_index=2 expected_next=0 observed_next=0 qpc=3108497308159 duration_ticks=164054 hr=0x00000000
present frame=1536 source_index=0 allocator_index=0 expected_next=1 observed_next=1 qpc=3108497475786 duration_ticks=162624 hr=0x00000000
present frame=1537 source_index=1 allocator_index=1 expected_next=2 observed_next=2 qpc=3108497642069 duration_ticks=161643 hr=0x00000000
present frame=1538 source_index=2 allocator_index=2 expected_next=0 observed_next=0 qpc=3108497805600 duration_ticks=159835 hr=0x00000000
present frame=1539 source_index=0 allocator_index=0 expected_next=1 observed_next=1 qpc=3108497966463 duration_ticks=163876 hr=0x00000000
present frame=1540 source_index=1 allocator_index=1 expected_next=2 observed_next=2 qpc=3108498131378 duration_ticks=165027 hr=0x00000000
present frame=1541 source_index=2 allocator_index=2 expected_next=0 observed_next=0 qpc=3108498296982 duration_ticks=166637 hr=0x00000000
present frame=1542 source_index=0 allocator_index=0 expected_next=1 observed_next=1 qpc=3108498464285 duration_ticks=166701 hr=0x00000000
present frame=1543 source_index=1 allocator_index=1 expected_next=2 observed_next=2 qpc=3108498640389 duration_ticks=161889 hr=0x00000000
present frame=1544 source_index=2 allocator_index=2 expected_next=0 observed_next=0 qpc=3108498807035 duration_ticks=163221 hr=0x00000000
present frame=1545 source_index=0 allocator_index=0 expected_next=1 observed_next=1 qpc=3108498977926 duration_ticks=158904 hr=0x00000000
present frame=1546 source_index=1 allocator_index=1 expected_next=2 observed_next=2 qpc=3108499142426 duration_ticks=164996 hr=0x00000000
present frame=1547 source_index=2 allocator_index=2 expected_next=0 observed_next=0 qpc=3108499312617 duration_ticks=162016 hr=0x00000000
present frame=1548 source_index=0 allocator_index=0 expected_next=1 observed_next=1 qpc=3108499478337 duration_ticks=158161 hr=0x00000000
present frame=1549 source_index=1 allocator_index=1 expected_next=2 observed_next=2 qpc=3108499642607 duration_ticks=160137 hr=0x00000000
present frame=1550 source_index=2 allocator_index=2 expected_next=0 observed_next=0 qpc=3108499809375 duration_ticks=161637 hr=0x00000000
present frame=1551 source_index=0 allocator_index=0 expected_next=1 observed_next=1 qpc=3108499976822 duration_ticks=161968 hr=0x00000000
present frame=1552 source_index=1 allocator_index=1 expected_next=2 observed_next=2 qpc=3108500142825 duration_ticks=162262 hr=0x00000000
present frame=1553 source_index=2 allocator_index=2 expected_next=0 observed_next=0 qpc=3108500313060 duration_ticks=160544 hr=0x00000000
present frame=1554 source_index=0 allocator_index=0 expected_next=1 observed_next=1 qpc=3108500480681 duration_ticks=156554 hr=0x00000000
present frame=1555 source_index=1 allocator_index=1 expected_next=2 observed_next=2 qpc=3108500642350 duration_ticks=163455 hr=0x00000000
present frame=1556 source_index=2 allocator_index=2 expected_next=0 observed_next=0 qpc=3108500811472 duration_ticks=160872 hr=0x00000000
present frame=1557 source_index=0 allocator_index=0 expected_next=1 observed_next=1 qpc=3108500978235 duration_ticks=160890 hr=0x00000000
present frame=1558 source_index=1 allocator_index=1 expected_next=2 observed_next=2 qpc=3108501144490 duration_ticks=161327 hr=0x00000000
present frame=1559 source_index=2 allocator_index=2 expected_next=0 observed_next=0 qpc=3108501311876 duration_ticks=159791 hr=0x00000000
present frame=1560 source_index=0 allocator_index=0 expected_next=1 observed_next=1 qpc=3108501476818 duration_ticks=163810 hr=0x00000000
present frame=1561 source_index=1 allocator_index=1 expected_next=2 observed_next=2 qpc=3108501647931 duration_ticks=156853 hr=0x00000000
present frame=1562 source_index=2 allocator_index=2 expected_next=0 observed_next=0 qpc=3108501809400 duration_ticks=162357 hr=0x00000000
present frame=1563 source_index=0 allocator_index=0 expected_next=1 observed_next=1 qpc=3108501984097 duration_ticks=157826 hr=0x00000000
present frame=1564 source_index=1 allocator_index=1 expected_next=2 observed_next=2 qpc=3108502172643 duration_ticks=125424 hr=0x00000000
present frame=1565 source_index=2 allocator_index=2 expected_next=0 observed_next=0 qpc=3108502298612 duration_ticks=169762 hr=0x00000000
present frame=1566 source_index=0 allocator_index=0 expected_next=1 observed_next=1 qpc=3108502473335 duration_ticks=162733 hr=0x00000000
present frame=1567 source_index=1 allocator_index=1 expected_next=2 observed_next=2 qpc=3108502641188 duration_ticks=168353 hr=0x00000000
present frame=1568 source_index=2 allocator_index=2 expected_next=0 observed_next=0 qpc=3108502815234 duration_ticks=158920 hr=0x00000000
present frame=1569 source_index=0 allocator_index=0 expected_next=1 observed_next=1 qpc=3108502979736 duration_ticks=157691 hr=0x00000000
present frame=1570 source_index=1 allocator_index=1 expected_next=2 observed_next=2 qpc=3108503149868 duration_ticks=154919 hr=0x00000000
present frame=1571 source_index=2 allocator_index=2 expected_next=0 observed_next=0 qpc=3108503310208 duration_ticks=160163 hr=0x00000000
present frame=1572 source_index=0 allocator_index=0 expected_next=1 observed_next=1 qpc=3108503476432 duration_ticks=162383 hr=0x00000000
present frame=1573 source_index=1 allocator_index=1 expected_next=2 observed_next=2 qpc=3108503642920 duration_ticks=161182 hr=0x00000000
present frame=1574 source_index=2 allocator_index=2 expected_next=0 observed_next=0 qpc=3108503808097 duration_ticks=163468 hr=0x00000000
present frame=1575 source_index=0 allocator_index=0 expected_next=1 observed_next=1 qpc=3108503975295 duration_ticks=158993 hr=0x00000000
present frame=1576 source_index=1 allocator_index=1 expected_next=2 observed_next=2 qpc=3108504140932 duration_ticks=163738 hr=0x00000000
present frame=1577 source_index=2 allocator_index=2 expected_next=0 observed_next=0 qpc=3108504312945 duration_ticks=158434 hr=0x00000000
present frame=1578 source_index=0 allocator_index=0 expected_next=1 observed_next=1 qpc=3108504475680 duration_ticks=162367 hr=0x00000000
present frame=1579 source_index=1 allocator_index=1 expected_next=2 observed_next=2 qpc=3108504641679 duration_ticks=162770 hr=0x00000000
present frame=1580 source_index=2 allocator_index=2 expected_next=0 observed_next=0 qpc=3108504809233 duration_ticks=161799 hr=0x00000000
present frame=1581 source_index=0 allocator_index=0 expected_next=1 observed_next=1 qpc=3108504976224 duration_ticks=163879 hr=0x00000000
present frame=1582 source_index=1 allocator_index=1 expected_next=2 observed_next=2 qpc=3108505144087 duration_ticks=160325 hr=0x00000000
present frame=1583 source_index=2 allocator_index=2 expected_next=0 observed_next=0 qpc=3108505308464 duration_ticks=163087 hr=0x00000000
present frame=1584 source_index=0 allocator_index=0 expected_next=1 observed_next=1 qpc=3108505478586 duration_ticks=160029 hr=0x00000000
present frame=1585 source_index=1 allocator_index=1 expected_next=2 observed_next=2 qpc=3108505644360 duration_ticks=160554 hr=0x00000000
present frame=1586 source_index=2 allocator_index=2 expected_next=0 observed_next=0 qpc=3108505816589 duration_ticks=155016 hr=0x00000000
present frame=1587 source_index=0 allocator_index=0 expected_next=1 observed_next=1 qpc=3108505975597 duration_ticks=160470 hr=0x00000000
present frame=1588 source_index=1 allocator_index=1 expected_next=2 observed_next=2 qpc=3108506143029 duration_ticks=162316 hr=0x00000000
present frame=1589 source_index=2 allocator_index=2 expected_next=0 observed_next=0 qpc=3108506310664 duration_ticks=163832 hr=0x00000000
present frame=1590 source_index=0 allocator_index=0 expected_next=1 observed_next=1 qpc=3108506579660 duration_ticks=80040 hr=0x00000000
present frame=1591 source_index=1 allocator_index=1 expected_next=2 observed_next=2 qpc=3108506663180 duration_ticks=143905 hr=0x00000000
present frame=1592 source_index=2 allocator_index=2 expected_next=0 observed_next=0 qpc=3108506811052 duration_ticks=160010 hr=0x00000000
present frame=1593 source_index=0 allocator_index=0 expected_next=1 observed_next=1 qpc=3108506975474 duration_ticks=163578 hr=0x00000000
present frame=1594 source_index=1 allocator_index=1 expected_next=2 observed_next=2 qpc=3108507143052 duration_ticks=162664 hr=0x00000000
present frame=1595 source_index=2 allocator_index=2 expected_next=0 observed_next=0 qpc=3108507311033 duration_ticks=159192 hr=0x00000000
present frame=1596 source_index=0 allocator_index=0 expected_next=1 observed_next=1 qpc=3108507475412 duration_ticks=162274 hr=0x00000000
present frame=1597 source_index=1 allocator_index=1 expected_next=2 observed_next=2 qpc=3108507641712 duration_ticks=162134 hr=0x00000000
present frame=1598 source_index=2 allocator_index=2 expected_next=0 observed_next=0 qpc=3108507809765 duration_ticks=163506 hr=0x00000000
present frame=1599 source_index=0 allocator_index=0 expected_next=1 observed_next=1 qpc=3108507980717 duration_ticks=157408 hr=0x00000000
present frame=1600 source_index=1 allocator_index=1 expected_next=2 observed_next=2 qpc=3108508142062 duration_ticks=162556 hr=0x00000000
present frame=1601 source_index=2 allocator_index=2 expected_next=0 observed_next=0 qpc=3108508308346 duration_ticks=163240 hr=0x00000000
present frame=1602 source_index=0 allocator_index=0 expected_next=1 observed_next=1 qpc=3108508475264 duration_ticks=163196 hr=0x00000000
present frame=1603 source_index=1 allocator_index=1 expected_next=2 observed_next=2 qpc=3108508641954 duration_ticks=161670 hr=0x00000000
present frame=1604 source_index=2 allocator_index=2 expected_next=0 observed_next=0 qpc=3108508812160 duration_ticks=160527 hr=0x00000000
present frame=1605 source_index=0 allocator_index=0 expected_next=1 observed_next=1 qpc=3108508977970 duration_ticks=161232 hr=0x00000000
present frame=1606 source_index=1 allocator_index=1 expected_next=2 observed_next=2 qpc=3108509143561 duration_ticks=163050 hr=0x00000000
present frame=1607 source_index=2 allocator_index=2 expected_next=0 observed_next=0 qpc=3108509314541 duration_ticks=155559 hr=0x00000000
present frame=1608 source_index=0 allocator_index=0 expected_next=1 observed_next=1 qpc=3108509476286 duration_ticks=158234 hr=0x00000000
present frame=1609 source_index=1 allocator_index=1 expected_next=2 observed_next=2 qpc=3108509639646 duration_ticks=162711 hr=0x00000000
present frame=1610 source_index=2 allocator_index=2 expected_next=0 observed_next=0 qpc=3108509805837 duration_ticks=164107 hr=0x00000000
present frame=1611 source_index=0 allocator_index=0 expected_next=1 observed_next=1 qpc=3108509975793 duration_ticks=160345 hr=0x00000000
present frame=1612 source_index=1 allocator_index=1 expected_next=2 observed_next=2 qpc=3108510141120 duration_ticks=163172 hr=0x00000000
present frame=1613 source_index=2 allocator_index=2 expected_next=0 observed_next=0 qpc=3108510308999 duration_ticks=165218 hr=0x00000000
present frame=1614 source_index=0 allocator_index=0 expected_next=1 observed_next=1 qpc=3108510478832 duration_ticks=159054 hr=0x00000000
present frame=1615 source_index=1 allocator_index=1 expected_next=2 observed_next=2 qpc=3108510641806 duration_ticks=166586 hr=0x00000000
present frame=1616 source_index=2 allocator_index=2 expected_next=0 observed_next=0 qpc=3108510827257 duration_ticks=145893 hr=0x00000000
present frame=1617 source_index=0 allocator_index=0 expected_next=1 observed_next=1 qpc=3108510977661 duration_ticks=161006 hr=0x00000000
present frame=1618 source_index=1 allocator_index=1 expected_next=2 observed_next=2 qpc=3108511142493 duration_ticks=163054 hr=0x00000000
present frame=1619 source_index=2 allocator_index=2 expected_next=0 observed_next=0 qpc=3108511309814 duration_ticks=162367 hr=0x00000000
present frame=1620 source_index=0 allocator_index=0 expected_next=1 observed_next=1 qpc=3108511476156 duration_ticks=164078 hr=0x00000000
present frame=1621 source_index=1 allocator_index=1 expected_next=2 observed_next=2 qpc=3108511646403 duration_ticks=158402 hr=0x00000000
present frame=1622 source_index=2 allocator_index=2 expected_next=0 observed_next=0 qpc=3108511812193 duration_ticks=154645 hr=0x00000000
present frame=1623 source_index=0 allocator_index=0 expected_next=1 observed_next=1 qpc=3108511968678 duration_ticks=163146 hr=0x00000000
present frame=1624 source_index=1 allocator_index=1 expected_next=2 observed_next=2 qpc=3108512133164 duration_ticks=164573 hr=0x00000000
present frame=1625 source_index=2 allocator_index=2 expected_next=0 observed_next=0 qpc=3108512298953 duration_ticks=167048 hr=0x00000000
present frame=1626 source_index=0 allocator_index=0 expected_next=1 observed_next=1 qpc=3108512468232 duration_ticks=166645 hr=0x00000000
present frame=1627 source_index=1 allocator_index=1 expected_next=2 observed_next=2 qpc=3108512639138 duration_ticks=163190 hr=0x00000000
present frame=1628 source_index=2 allocator_index=2 expected_next=0 observed_next=0 qpc=3108512805786 duration_ticks=163288 hr=0x00000000
present frame=1629 source_index=0 allocator_index=0 expected_next=1 observed_next=1 qpc=3108512972587 duration_ticks=163785 hr=0x00000000
present frame=1630 source_index=1 allocator_index=1 expected_next=2 observed_next=2 qpc=3108513139923 duration_ticks=162130 hr=0x00000000
present frame=1631 source_index=2 allocator_index=2 expected_next=0 observed_next=0 qpc=3108513305624 duration_ticks=164969 hr=0x00000000
present frame=1632 source_index=0 allocator_index=0 expected_next=1 observed_next=1 qpc=3108513477820 duration_ticks=158631 hr=0x00000000
present frame=1633 source_index=1 allocator_index=1 expected_next=2 observed_next=2 qpc=3108513640141 duration_ticks=162659 hr=0x00000000
present frame=1634 source_index=2 allocator_index=2 expected_next=0 observed_next=0 qpc=3108513806402 duration_ticks=164450 hr=0x00000000
present frame=1635 source_index=0 allocator_index=0 expected_next=1 observed_next=1 qpc=3108513974665 duration_ticks=161398 hr=0x00000000
present frame=1636 source_index=1 allocator_index=1 expected_next=2 observed_next=2 qpc=3108514139687 duration_ticks=167783 hr=0x00000000
present frame=1637 source_index=2 allocator_index=2 expected_next=0 observed_next=0 qpc=3108514311572 duration_ticks=159418 hr=0x00000000
present frame=1638 source_index=0 allocator_index=0 expected_next=1 observed_next=1 qpc=3108514474725 duration_ticks=163693 hr=0x00000000
present frame=1639 source_index=1 allocator_index=1 expected_next=2 observed_next=2 qpc=3108514642447 duration_ticks=161685 hr=0x00000000
present frame=1640 source_index=2 allocator_index=2 expected_next=0 observed_next=0 qpc=3108514808545 duration_ticks=164224 hr=0x00000000
present frame=1641 source_index=0 allocator_index=0 expected_next=1 observed_next=1 qpc=3108514977230 duration_ticks=157391 hr=0x00000000
present frame=1642 source_index=1 allocator_index=1 expected_next=2 observed_next=2 qpc=3108515137017 duration_ticks=157775 hr=0x00000000
present frame=1643 source_index=2 allocator_index=2 expected_next=0 observed_next=0 qpc=3108515296138 duration_ticks=163112 hr=0x00000000
present frame=1644 source_index=0 allocator_index=0 expected_next=1 observed_next=1 qpc=3108515460103 duration_ticks=167163 hr=0x00000000
present frame=1645 source_index=1 allocator_index=1 expected_next=2 observed_next=2 qpc=3108515628003 duration_ticks=165752 hr=0x00000000
present frame=1646 source_index=2 allocator_index=2 expected_next=0 observed_next=0 qpc=3108515794275 duration_ticks=168244 hr=0x00000000
present frame=1647 source_index=0 allocator_index=0 expected_next=1 observed_next=1 qpc=3108515962938 duration_ticks=165056 hr=0x00000000
present frame=1648 source_index=1 allocator_index=1 expected_next=2 observed_next=2 qpc=3108516128500 duration_ticks=167175 hr=0x00000000
present frame=1649 source_index=2 allocator_index=2 expected_next=0 observed_next=0 qpc=3108516296305 duration_ticks=167216 hr=0x00000000
present frame=1650 source_index=0 allocator_index=0 expected_next=1 observed_next=1 qpc=3108516464356 duration_ticks=170072 hr=0x00000000
present frame=1651 source_index=1 allocator_index=1 expected_next=2 observed_next=2 qpc=3108516636845 duration_ticks=162936 hr=0x00000000
present frame=1652 source_index=2 allocator_index=2 expected_next=0 observed_next=0 qpc=3108516802180 duration_ticks=169476 hr=0x00000000
present frame=1653 source_index=0 allocator_index=0 expected_next=1 observed_next=1 qpc=3108516976514 duration_ticks=160922 hr=0x00000000
present frame=1654 source_index=1 allocator_index=1 expected_next=2 observed_next=2 qpc=3108517142593 duration_ticks=163827 hr=0x00000000
present frame=1655 source_index=2 allocator_index=2 expected_next=0 observed_next=0 qpc=3108517314637 duration_ticks=156447 hr=0x00000000
present frame=1656 source_index=0 allocator_index=0 expected_next=1 observed_next=1 qpc=3108517474874 duration_ticks=164725 hr=0x00000000
present frame=1657 source_index=1 allocator_index=1 expected_next=2 observed_next=2 qpc=3108517646135 duration_ticks=159665 hr=0x00000000
present frame=1658 source_index=2 allocator_index=2 expected_next=0 observed_next=0 qpc=3108517809604 duration_ticks=162405 hr=0x00000000
present frame=1659 source_index=0 allocator_index=0 expected_next=1 observed_next=1 qpc=3108517977954 duration_ticks=161128 hr=0x00000000
present frame=1660 source_index=1 allocator_index=1 expected_next=2 observed_next=2 qpc=3108518143504 duration_ticks=160913 hr=0x00000000
present frame=1661 source_index=2 allocator_index=2 expected_next=0 observed_next=0 qpc=3108518308018 duration_ticks=161199 hr=0x00000000
present frame=1662 source_index=0 allocator_index=0 expected_next=1 observed_next=1 qpc=3108518477041 duration_ticks=160770 hr=0x00000000
present frame=1663 source_index=1 allocator_index=1 expected_next=2 observed_next=2 qpc=3108518642744 duration_ticks=162032 hr=0x00000000
present frame=1664 source_index=2 allocator_index=2 expected_next=0 observed_next=0 qpc=3108518808427 duration_ticks=163644 hr=0x00000000
present frame=1665 source_index=0 allocator_index=0 expected_next=1 observed_next=1 qpc=3108518977255 duration_ticks=159887 hr=0x00000000
present frame=1666 source_index=1 allocator_index=1 expected_next=2 observed_next=2 qpc=3108519143627 duration_ticks=158113 hr=0x00000000
present frame=1667 source_index=2 allocator_index=2 expected_next=0 observed_next=0 qpc=3108519307016 duration_ticks=163536 hr=0x00000000
present frame=1668 source_index=0 allocator_index=0 expected_next=1 observed_next=1 qpc=3108519477246 duration_ticks=158189 hr=0x00000000
present frame=1669 source_index=1 allocator_index=1 expected_next=2 observed_next=2 qpc=3108519638855 duration_ticks=162905 hr=0x00000000
present frame=1670 source_index=2 allocator_index=2 expected_next=0 observed_next=0 qpc=3108519807022 duration_ticks=161968 hr=0x00000000
present frame=1671 source_index=0 allocator_index=0 expected_next=1 observed_next=1 qpc=3108519981506 duration_ticks=153852 hr=0x00000000
present frame=1672 source_index=1 allocator_index=1 expected_next=2 observed_next=2 qpc=3108520139417 duration_ticks=161970 hr=0x00000000
present frame=1673 source_index=2 allocator_index=2 expected_next=0 observed_next=0 qpc=3108520306170 duration_ticks=166590 hr=0x00000000
present frame=1674 source_index=0 allocator_index=0 expected_next=1 observed_next=1 qpc=3108520476382 duration_ticks=163310 hr=0x00000000
present frame=1675 source_index=1 allocator_index=1 expected_next=2 observed_next=2 qpc=3108520643420 duration_ticks=160396 hr=0x00000000
present frame=1676 source_index=2 allocator_index=2 expected_next=0 observed_next=0 qpc=3108520808249 duration_ticks=164429 hr=0x00000000
present frame=1677 source_index=0 allocator_index=0 expected_next=1 observed_next=1 qpc=3108520976495 duration_ticks=160902 hr=0x00000000
present frame=1678 source_index=1 allocator_index=1 expected_next=2 observed_next=2 qpc=3108521143025 duration_ticks=161966 hr=0x00000000
present frame=1679 source_index=2 allocator_index=2 expected_next=0 observed_next=0 qpc=3108521308795 duration_ticks=162025 hr=0x00000000
present frame=1680 source_index=0 allocator_index=0 expected_next=1 observed_next=1 qpc=3108521475533 duration_ticks=160633 hr=0x00000000
present frame=1681 source_index=1 allocator_index=1 expected_next=2 observed_next=2 qpc=3108521641280 duration_ticks=163909 hr=0x00000000
present frame=1682 source_index=2 allocator_index=2 expected_next=0 observed_next=0 qpc=3108521819539 duration_ticks=150349 hr=0x00000000
present frame=1683 source_index=0 allocator_index=0 expected_next=1 observed_next=1 qpc=3108521973282 duration_ticks=161238 hr=0x00000000
present frame=1684 source_index=1 allocator_index=1 expected_next=2 observed_next=2 qpc=3108522137986 duration_ticks=163958 hr=0x00000000
present frame=1685 source_index=2 allocator_index=2 expected_next=0 observed_next=0 qpc=3108522308481 duration_ticks=164561 hr=0x00000000
present frame=1686 source_index=0 allocator_index=0 expected_next=1 observed_next=1 qpc=3108522477192 duration_ticks=160171 hr=0x00000000
present frame=1687 source_index=1 allocator_index=1 expected_next=2 observed_next=2 qpc=3108522643233 duration_ticks=159514 hr=0x00000000
present frame=1688 source_index=2 allocator_index=2 expected_next=0 observed_next=0 qpc=3108522807272 duration_ticks=163733 hr=0x00000000
present frame=1689 source_index=0 allocator_index=0 expected_next=1 observed_next=1 qpc=3108522975379 duration_ticks=163998 hr=0x00000000
present frame=1690 source_index=1 allocator_index=1 expected_next=2 observed_next=2 qpc=3108523143259 duration_ticks=160518 hr=0x00000000
present frame=1691 source_index=2 allocator_index=2 expected_next=0 observed_next=0 qpc=3108523311654 duration_ticks=158725 hr=0x00000000
present frame=1692 source_index=0 allocator_index=0 expected_next=1 observed_next=1 qpc=3108523475525 duration_ticks=162439 hr=0x00000000
present frame=1693 source_index=1 allocator_index=1 expected_next=2 observed_next=2 qpc=3108523642405 duration_ticks=163592 hr=0x00000000
present frame=1694 source_index=2 allocator_index=2 expected_next=0 observed_next=0 qpc=3108523817673 duration_ticks=153597 hr=0x00000000
present frame=1695 source_index=0 allocator_index=0 expected_next=1 observed_next=1 qpc=3108523975190 duration_ticks=161541 hr=0x00000000
present frame=1696 source_index=1 allocator_index=1 expected_next=2 observed_next=2 qpc=3108524140481 duration_ticks=164152 hr=0x00000000
present frame=1697 source_index=2 allocator_index=2 expected_next=0 observed_next=0 qpc=3108524308067 duration_ticks=160062 hr=0x00000000
present frame=1698 source_index=0 allocator_index=0 expected_next=1 observed_next=1 qpc=3108524472752 duration_ticks=166593 hr=0x00000000
present frame=1699 source_index=1 allocator_index=1 expected_next=2 observed_next=2 qpc=3108524644792 duration_ticks=159948 hr=0x00000000
present frame=1700 source_index=2 allocator_index=2 expected_next=0 observed_next=0 qpc=3108524809240 duration_ticks=160507 hr=0x00000000
present frame=1701 source_index=0 allocator_index=0 expected_next=1 observed_next=1 qpc=3108524976425 duration_ticks=162460 hr=0x00000000
present frame=1702 source_index=1 allocator_index=1 expected_next=2 observed_next=2 qpc=3108525143027 duration_ticks=161192 hr=0x00000000
present frame=1703 source_index=2 allocator_index=2 expected_next=0 observed_next=0 qpc=3108525307662 duration_ticks=163369 hr=0x00000000
present frame=1704 source_index=0 allocator_index=0 expected_next=1 observed_next=1 qpc=3108525474634 duration_ticks=162785 hr=0x00000000
present frame=1705 source_index=1 allocator_index=1 expected_next=2 observed_next=2 qpc=3108525640997 duration_ticks=163844 hr=0x00000000
present frame=1706 source_index=2 allocator_index=2 expected_next=0 observed_next=0 qpc=3108525809932 duration_ticks=160638 hr=0x00000000
present frame=1707 source_index=0 allocator_index=0 expected_next=1 observed_next=1 qpc=3108525976902 duration_ticks=163321 hr=0x00000000
present frame=1708 source_index=1 allocator_index=1 expected_next=2 observed_next=2 qpc=3108526144516 duration_ticks=160019 hr=0x00000000
present frame=1709 source_index=2 allocator_index=2 expected_next=0 observed_next=0 qpc=3108526310269 duration_ticks=163522 hr=0x00000000
present frame=1710 source_index=0 allocator_index=0 expected_next=1 observed_next=1 qpc=3108526524004 duration_ticks=108630 hr=0x00000000
present frame=1711 source_index=1 allocator_index=1 expected_next=2 observed_next=2 qpc=3108526633225 duration_ticks=164967 hr=0x00000000
present frame=1712 source_index=2 allocator_index=2 expected_next=0 observed_next=0 qpc=3108526798980 duration_ticks=166819 hr=0x00000000
present frame=1713 source_index=0 allocator_index=0 expected_next=1 observed_next=1 qpc=3108526966350 duration_ticks=173293 hr=0x00000000
present frame=1714 source_index=1 allocator_index=1 expected_next=2 observed_next=2 qpc=3108527143494 duration_ticks=162515 hr=0x00000000
present frame=1715 source_index=2 allocator_index=2 expected_next=0 observed_next=0 qpc=3108527309985 duration_ticks=159038 hr=0x00000000
present frame=1716 source_index=0 allocator_index=0 expected_next=1 observed_next=1 qpc=3108527474311 duration_ticks=164124 hr=0x00000000
present frame=1717 source_index=1 allocator_index=1 expected_next=2 observed_next=2 qpc=3108527646589 duration_ticks=157984 hr=0x00000000
present frame=1718 source_index=2 allocator_index=2 expected_next=0 observed_next=0 qpc=3108527808473 duration_ticks=161849 hr=0x00000000
present frame=1719 source_index=0 allocator_index=0 expected_next=1 observed_next=1 qpc=3108527974532 duration_ticks=164589 hr=0x00000000
present frame=1720 source_index=1 allocator_index=1 expected_next=2 observed_next=2 qpc=3108528142922 duration_ticks=161427 hr=0x00000000
present frame=1721 source_index=2 allocator_index=2 expected_next=0 observed_next=0 qpc=3108528309285 duration_ticks=163687 hr=0x00000000
present frame=1722 source_index=0 allocator_index=0 expected_next=1 observed_next=1 qpc=3108528478587 duration_ticks=159475 hr=0x00000000
present frame=1723 source_index=1 allocator_index=1 expected_next=2 observed_next=2 qpc=3108528643741 duration_ticks=161036 hr=0x00000000
present frame=1724 source_index=2 allocator_index=2 expected_next=0 observed_next=0 qpc=3108528809720 duration_ticks=162006 hr=0x00000000
present frame=1725 source_index=0 allocator_index=0 expected_next=1 observed_next=1 qpc=3108528975561 duration_ticks=164509 hr=0x00000000
present frame=1726 source_index=1 allocator_index=1 expected_next=2 observed_next=2 qpc=3108529149278 duration_ticks=153598 hr=0x00000000
present frame=1727 source_index=2 allocator_index=2 expected_next=0 observed_next=0 qpc=3108529308542 duration_ticks=161772 hr=0x00000000
present frame=1728 source_index=0 allocator_index=0 expected_next=1 observed_next=1 qpc=3108529474685 duration_ticks=159357 hr=0x00000000
present frame=1729 source_index=1 allocator_index=1 expected_next=2 observed_next=2 qpc=3108529640481 duration_ticks=162216 hr=0x00000000
present frame=1730 source_index=2 allocator_index=2 expected_next=0 observed_next=0 qpc=3108529807960 duration_ticks=161535 hr=0x00000000
present frame=1731 source_index=0 allocator_index=0 expected_next=1 observed_next=1 qpc=3108529973943 duration_ticks=162212 hr=0x00000000
present frame=1732 source_index=1 allocator_index=1 expected_next=2 observed_next=2 qpc=3108530140492 duration_ticks=160632 hr=0x00000000
present frame=1733 source_index=2 allocator_index=2 expected_next=0 observed_next=0 qpc=3108530308659 duration_ticks=160474 hr=0x00000000
present frame=1734 source_index=0 allocator_index=0 expected_next=1 observed_next=1 qpc=3108530475911 duration_ticks=159494 hr=0x00000000
present frame=1735 source_index=1 allocator_index=1 expected_next=2 observed_next=2 qpc=3108530640489 duration_ticks=165878 hr=0x00000000
present frame=1736 source_index=2 allocator_index=2 expected_next=0 observed_next=0 qpc=3108530810064 duration_ticks=161651 hr=0x00000000
present frame=1737 source_index=0 allocator_index=0 expected_next=1 observed_next=1 qpc=3108530976181 duration_ticks=160294 hr=0x00000000
present frame=1738 source_index=1 allocator_index=1 expected_next=2 observed_next=2 qpc=3108531142624 duration_ticks=162612 hr=0x00000000
present frame=1739 source_index=2 allocator_index=2 expected_next=0 observed_next=0 qpc=3108531316187 duration_ticks=153976 hr=0x00000000
present frame=1740 source_index=0 allocator_index=0 expected_next=1 observed_next=1 qpc=3108531478879 duration_ticks=156022 hr=0x00000000
present frame=1741 source_index=1 allocator_index=1 expected_next=2 observed_next=2 qpc=3108531640691 duration_ticks=164331 hr=0x00000000
present frame=1742 source_index=2 allocator_index=2 expected_next=0 observed_next=0 qpc=3108531808996 duration_ticks=164142 hr=0x00000000
present frame=1743 source_index=0 allocator_index=0 expected_next=1 observed_next=1 qpc=3108531979395 duration_ticks=158392 hr=0x00000000
present frame=1744 source_index=1 allocator_index=1 expected_next=2 observed_next=2 qpc=3108532141946 duration_ticks=164504 hr=0x00000000
present frame=1745 source_index=2 allocator_index=2 expected_next=0 observed_next=0 qpc=3108532310286 duration_ticks=160996 hr=0x00000000
present frame=1746 source_index=0 allocator_index=0 expected_next=1 observed_next=1 qpc=3108532474976 duration_ticks=166114 hr=0x00000000
present frame=1747 source_index=1 allocator_index=1 expected_next=2 observed_next=2 qpc=3108532648647 duration_ticks=155595 hr=0x00000000
present frame=1748 source_index=2 allocator_index=2 expected_next=0 observed_next=0 qpc=3108532807778 duration_ticks=162102 hr=0x00000000
present frame=1749 source_index=0 allocator_index=0 expected_next=1 observed_next=1 qpc=3108532973552 duration_ticks=162331 hr=0x00000000
present frame=1750 source_index=1 allocator_index=1 expected_next=2 observed_next=2 qpc=3108533141025 duration_ticks=162810 hr=0x00000000
present frame=1751 source_index=2 allocator_index=2 expected_next=0 observed_next=0 qpc=3108533307407 duration_ticks=164931 hr=0x00000000
present frame=1752 source_index=0 allocator_index=0 expected_next=1 observed_next=1 qpc=3108533475818 duration_ticks=160947 hr=0x00000000
present frame=1753 source_index=1 allocator_index=1 expected_next=2 observed_next=2 qpc=3108533640988 duration_ticks=164176 hr=0x00000000
present frame=1754 source_index=2 allocator_index=2 expected_next=0 observed_next=0 qpc=3108533808837 duration_ticks=165041 hr=0x00000000
present frame=1755 source_index=0 allocator_index=0 expected_next=1 observed_next=1 qpc=3108533979025 duration_ticks=159750 hr=0x00000000
present frame=1756 source_index=1 allocator_index=1 expected_next=2 observed_next=2 qpc=3108534148289 duration_ticks=155933 hr=0x00000000
present frame=1757 source_index=2 allocator_index=2 expected_next=0 observed_next=0 qpc=3108534308415 duration_ticks=162556 hr=0x00000000
present frame=1758 source_index=0 allocator_index=0 expected_next=1 observed_next=1 qpc=3108534474501 duration_ticks=163233 hr=0x00000000
present frame=1759 source_index=1 allocator_index=1 expected_next=2 observed_next=2 qpc=3108534641327 duration_ticks=161010 hr=0x00000000
present frame=1760 source_index=2 allocator_index=2 expected_next=0 observed_next=0 qpc=3108534807670 duration_ticks=164514 hr=0x00000000
present frame=1761 source_index=0 allocator_index=0 expected_next=1 observed_next=1 qpc=3108534977177 duration_ticks=157760 hr=0x00000000
present frame=1762 source_index=1 allocator_index=1 expected_next=2 observed_next=2 qpc=3108535140030 duration_ticks=165932 hr=0x00000000
present frame=1763 source_index=2 allocator_index=2 expected_next=0 observed_next=0 qpc=3108535310457 duration_ticks=160399 hr=0x00000000
present frame=1764 source_index=0 allocator_index=0 expected_next=1 observed_next=1 qpc=3108535475525 duration_ticks=161655 hr=0x00000000
present frame=1765 source_index=1 allocator_index=1 expected_next=2 observed_next=2 qpc=3108535644232 duration_ticks=158814 hr=0x00000000
present frame=1766 source_index=2 allocator_index=2 expected_next=0 observed_next=0 qpc=3108535806709 duration_ticks=163664 hr=0x00000000
present frame=1767 source_index=0 allocator_index=0 expected_next=1 observed_next=1 qpc=3108535974430 duration_ticks=164530 hr=0x00000000
present frame=1768 source_index=1 allocator_index=1 expected_next=2 observed_next=2 qpc=3108536142721 duration_ticks=162008 hr=0x00000000
present frame=1769 source_index=2 allocator_index=2 expected_next=0 observed_next=0 qpc=3108536309548 duration_ticks=168017 hr=0x00000000
present frame=1770 source_index=0 allocator_index=0 expected_next=1 observed_next=1 qpc=3108536502718 duration_ticks=136192 hr=0x00000000
present frame=1771 source_index=1 allocator_index=1 expected_next=2 observed_next=2 qpc=3108536644258 duration_ticks=163786 hr=0x00000000
present frame=1772 source_index=2 allocator_index=2 expected_next=0 observed_next=0 qpc=3108536813883 duration_ticks=158688 hr=0x00000000
present frame=1773 source_index=0 allocator_index=0 expected_next=1 observed_next=1 qpc=3108536976455 duration_ticks=162033 hr=0x00000000
present frame=1774 source_index=1 allocator_index=1 expected_next=2 observed_next=2 qpc=3108537143252 duration_ticks=162314 hr=0x00000000
present frame=1775 source_index=2 allocator_index=2 expected_next=0 observed_next=0 qpc=3108537309320 duration_ticks=160639 hr=0x00000000
present frame=1776 source_index=0 allocator_index=0 expected_next=1 observed_next=1 qpc=3108537473897 duration_ticks=164022 hr=0x00000000
present frame=1777 source_index=1 allocator_index=1 expected_next=2 observed_next=2 qpc=3108537642242 duration_ticks=159695 hr=0x00000000
present frame=1778 source_index=2 allocator_index=2 expected_next=0 observed_next=0 qpc=3108537807154 duration_ticks=164252 hr=0x00000000
present frame=1779 source_index=0 allocator_index=0 expected_next=1 observed_next=1 qpc=3108537978891 duration_ticks=158619 hr=0x00000000
present frame=1780 source_index=1 allocator_index=1 expected_next=2 observed_next=2 qpc=3108538142516 duration_ticks=162734 hr=0x00000000
present frame=1781 source_index=2 allocator_index=2 expected_next=0 observed_next=0 qpc=3108538309455 duration_ticks=161026 hr=0x00000000
present frame=1782 source_index=0 allocator_index=0 expected_next=1 observed_next=1 qpc=3108538474351 duration_ticks=163994 hr=0x00000000
present frame=1783 source_index=1 allocator_index=1 expected_next=2 observed_next=2 qpc=3108538641982 duration_ticks=165056 hr=0x00000000
present frame=1784 source_index=2 allocator_index=2 expected_next=0 observed_next=0 qpc=3108538810607 duration_ticks=160588 hr=0x00000000
present frame=1785 source_index=0 allocator_index=0 expected_next=1 observed_next=1 qpc=3108538975138 duration_ticks=159055 hr=0x00000000
present frame=1786 source_index=1 allocator_index=1 expected_next=2 observed_next=2 qpc=3108539141535 duration_ticks=161852 hr=0x00000000
present frame=1787 source_index=2 allocator_index=2 expected_next=0 observed_next=0 qpc=3108539306889 duration_ticks=165376 hr=0x00000000
present frame=1788 source_index=0 allocator_index=0 expected_next=1 observed_next=1 qpc=3108539479763 duration_ticks=156170 hr=0x00000000
present frame=1789 source_index=1 allocator_index=1 expected_next=2 observed_next=2 qpc=3108539641205 duration_ticks=161574 hr=0x00000000
present frame=1790 source_index=2 allocator_index=2 expected_next=0 observed_next=0 qpc=3108539806322 duration_ticks=165431 hr=0x00000000
present frame=1791 source_index=0 allocator_index=0 expected_next=1 observed_next=1 qpc=3108539975696 duration_ticks=162208 hr=0x00000000
present frame=1792 source_index=1 allocator_index=1 expected_next=2 observed_next=2 qpc=3108540141750 duration_ticks=163968 hr=0x00000000
present frame=1793 source_index=2 allocator_index=2 expected_next=0 observed_next=0 qpc=3108540311489 duration_ticks=159496 hr=0x00000000
present frame=1794 source_index=0 allocator_index=0 expected_next=1 observed_next=1 qpc=3108540474365 duration_ticks=163663 hr=0x00000000
present frame=1795 source_index=1 allocator_index=1 expected_next=2 observed_next=2 qpc=3108540647579 duration_ticks=154632 hr=0x00000000
present frame=1796 source_index=2 allocator_index=2 expected_next=0 observed_next=0 qpc=3108540805887 duration_ticks=165205 hr=0x00000000
present frame=1797 source_index=0 allocator_index=0 expected_next=1 observed_next=1 qpc=3108540975007 duration_ticks=160253 hr=0x00000000
present frame=1798 source_index=1 allocator_index=1 expected_next=2 observed_next=2 qpc=3108541140729 duration_ticks=163446 hr=0x00000000
present frame=1799 source_index=2 allocator_index=2 expected_next=0 observed_next=0 qpc=3108541307697 duration_ticks=166435 hr=0x00000000
present frame=1800 source_index=0 allocator_index=0 expected_next=1 observed_next=1 qpc=3108541479516 duration_ticks=158567 hr=0x00000000
present frame=1801 source_index=1 allocator_index=1 expected_next=2 observed_next=2 qpc=3108541642445 duration_ticks=163488 hr=0x00000000
present frame=1802 source_index=2 allocator_index=2 expected_next=0 observed_next=0 qpc=3108541810808 duration_ticks=161119 hr=0x00000000
present frame=1803 source_index=0 allocator_index=0 expected_next=1 observed_next=1 qpc=3108541979347 duration_ticks=158708 hr=0x00000000
present frame=1804 source_index=1 allocator_index=1 expected_next=2 observed_next=2 qpc=3108542141825 duration_ticks=162719 hr=0x00000000
present frame=1805 source_index=2 allocator_index=2 expected_next=0 observed_next=0 qpc=3108542308053 duration_ticks=162787 hr=0x00000000
present frame=1806 source_index=0 allocator_index=0 expected_next=1 observed_next=1 qpc=3108542474118 duration_ticks=165373 hr=0x00000000
present frame=1807 source_index=1 allocator_index=1 expected_next=2 observed_next=2 qpc=3108542643370 duration_ticks=161305 hr=0x00000000
present frame=1808 source_index=2 allocator_index=2 expected_next=0 observed_next=0 qpc=3108542808489 duration_ticks=165961 hr=0x00000000
present frame=1809 source_index=0 allocator_index=0 expected_next=1 observed_next=1 qpc=3108542981673 duration_ticks=152571 hr=0x00000000
present frame=1810 source_index=1 allocator_index=1 expected_next=2 observed_next=2 qpc=3108543138571 duration_ticks=165312 hr=0x00000000
present frame=1811 source_index=2 allocator_index=2 expected_next=0 observed_next=0 qpc=3108543309300 duration_ticks=160853 hr=0x00000000
present frame=1812 source_index=0 allocator_index=0 expected_next=1 observed_next=1 qpc=3108543473929 duration_ticks=162598 hr=0x00000000
present frame=1813 source_index=1 allocator_index=1 expected_next=2 observed_next=2 qpc=3108543640577 duration_ticks=158994 hr=0x00000000
present frame=1814 source_index=2 allocator_index=2 expected_next=0 observed_next=0 qpc=3108543800162 duration_ticks=165893 hr=0x00000000
present frame=1815 source_index=0 allocator_index=0 expected_next=1 observed_next=1 qpc=3108543974962 duration_ticks=159360 hr=0x00000000
present frame=1816 source_index=1 allocator_index=1 expected_next=2 observed_next=2 qpc=3108544139706 duration_ticks=160816 hr=0x00000000
present frame=1817 source_index=2 allocator_index=2 expected_next=0 observed_next=0 qpc=3108544305352 duration_ticks=162437 hr=0x00000000
present frame=1818 source_index=0 allocator_index=0 expected_next=1 observed_next=1 qpc=3108544475420 duration_ticks=164432 hr=0x00000000
present frame=1819 source_index=1 allocator_index=1 expected_next=2 observed_next=2 qpc=3108544646234 duration_ticks=161171 hr=0x00000000
present frame=1820 source_index=2 allocator_index=2 expected_next=0 observed_next=0 qpc=3108544827689 duration_ticks=145757 hr=0x00000000
present frame=1821 source_index=0 allocator_index=0 expected_next=1 observed_next=1 qpc=3108544980300 duration_ticks=156890 hr=0x00000000
present frame=1822 source_index=1 allocator_index=1 expected_next=2 observed_next=2 qpc=3108545143029 duration_ticks=161649 hr=0x00000000
present frame=1823 source_index=2 allocator_index=2 expected_next=0 observed_next=0 qpc=3108545310121 duration_ticks=163963 hr=0x00000000
present frame=1824 source_index=0 allocator_index=0 expected_next=1 observed_next=1 qpc=3108545480042 duration_ticks=159202 hr=0x00000000
present frame=1825 source_index=1 allocator_index=1 expected_next=2 observed_next=2 qpc=3108545652482 duration_ticks=153096 hr=0x00000000
present frame=1826 source_index=2 allocator_index=2 expected_next=0 observed_next=0 qpc=3108545811877 duration_ticks=161893 hr=0x00000000
present frame=1827 source_index=0 allocator_index=0 expected_next=1 observed_next=1 qpc=3108545977839 duration_ticks=158747 hr=0x00000000
present frame=1828 source_index=1 allocator_index=1 expected_next=2 observed_next=2 qpc=3108546144100 duration_ticks=160740 hr=0x00000000
present frame=1829 source_index=2 allocator_index=2 expected_next=0 observed_next=0 qpc=3108546308668 duration_ticks=164322 hr=0x00000000
present frame=1830 source_index=0 allocator_index=0 expected_next=1 observed_next=1 qpc=3108546512950 duration_ticks=119577 hr=0x00000000
present frame=1831 source_index=1 allocator_index=1 expected_next=2 observed_next=2 qpc=3108546633179 duration_ticks=163995 hr=0x00000000
present frame=1832 source_index=2 allocator_index=2 expected_next=0 observed_next=0 qpc=3108546797547 duration_ticks=173375 hr=0x00000000
present frame=1833 source_index=0 allocator_index=0 expected_next=1 observed_next=1 qpc=3108546974390 duration_ticks=168217 hr=0x00000000
present frame=1834 source_index=1 allocator_index=1 expected_next=2 observed_next=2 qpc=3108547156360 duration_ticks=153050 hr=0x00000000
present frame=1835 source_index=2 allocator_index=2 expected_next=0 observed_next=0 qpc=3108547313391 duration_ticks=157013 hr=0x00000000
present frame=1836 source_index=0 allocator_index=0 expected_next=1 observed_next=1 qpc=3108547475484 duration_ticks=164209 hr=0x00000000
present frame=1837 source_index=1 allocator_index=1 expected_next=2 observed_next=2 qpc=3108547645111 duration_ticks=159076 hr=0x00000000
present frame=1838 source_index=2 allocator_index=2 expected_next=0 observed_next=0 qpc=3108547807894 duration_ticks=165069 hr=0x00000000
present frame=1839 source_index=0 allocator_index=0 expected_next=1 observed_next=1 qpc=3108547978705 duration_ticks=159523 hr=0x00000000
present frame=1840 source_index=1 allocator_index=1 expected_next=2 observed_next=2 qpc=3108548144362 duration_ticks=160911 hr=0x00000000
present frame=1841 source_index=2 allocator_index=2 expected_next=0 observed_next=0 qpc=3108548315092 duration_ticks=156413 hr=0x00000000
present frame=1842 source_index=0 allocator_index=0 expected_next=1 observed_next=1 qpc=3108548475700 duration_ticks=163111 hr=0x00000000
present frame=1843 source_index=1 allocator_index=1 expected_next=2 observed_next=2 qpc=3108548644085 duration_ticks=159635 hr=0x00000000
present frame=1844 source_index=2 allocator_index=2 expected_next=0 observed_next=0 qpc=3108548807187 duration_ticks=164696 hr=0x00000000
present frame=1845 source_index=0 allocator_index=0 expected_next=1 observed_next=1 qpc=3108548977995 duration_ticks=159730 hr=0x00000000
present frame=1846 source_index=1 allocator_index=1 expected_next=2 observed_next=2 qpc=3108549141910 duration_ticks=161281 hr=0x00000000
present frame=1847 source_index=2 allocator_index=2 expected_next=0 observed_next=0 qpc=3108549307022 duration_ticks=166873 hr=0x00000000
present frame=1848 source_index=0 allocator_index=0 expected_next=1 observed_next=1 qpc=3108549477992 duration_ticks=156260 hr=0x00000000
present frame=1849 source_index=1 allocator_index=1 expected_next=2 observed_next=2 qpc=3108549639495 duration_ticks=162421 hr=0x00000000
present frame=1850 source_index=2 allocator_index=2 expected_next=0 observed_next=0 qpc=3108549807145 duration_ticks=160574 hr=0x00000000
present frame=1851 source_index=0 allocator_index=0 expected_next=1 observed_next=1 qpc=3108549973346 duration_ticks=161430 hr=0x00000000
present frame=1852 source_index=1 allocator_index=1 expected_next=2 observed_next=2 qpc=3108550139847 duration_ticks=163172 hr=0x00000000
present frame=1853 source_index=2 allocator_index=2 expected_next=0 observed_next=0 qpc=3108550306519 duration_ticks=162295 hr=0x00000000
present frame=1854 source_index=0 allocator_index=0 expected_next=1 observed_next=1 qpc=3108550472456 duration_ticks=167132 hr=0x00000000
present frame=1855 source_index=1 allocator_index=1 expected_next=2 observed_next=2 qpc=3108550643506 duration_ticks=158734 hr=0x00000000
present frame=1856 source_index=2 allocator_index=2 expected_next=0 observed_next=0 qpc=3108550806988 duration_ticks=165773 hr=0x00000000
present frame=1857 source_index=0 allocator_index=0 expected_next=1 observed_next=1 qpc=3108550987061 duration_ticks=148105 hr=0x00000000
present frame=1858 source_index=1 allocator_index=1 expected_next=2 observed_next=2 qpc=3108551139961 duration_ticks=163996 hr=0x00000000
present frame=1859 source_index=2 allocator_index=2 expected_next=0 observed_next=0 qpc=3108551307697 duration_ticks=163887 hr=0x00000000
present frame=1860 source_index=0 allocator_index=0 expected_next=1 observed_next=1 qpc=3108551475171 duration_ticks=161803 hr=0x00000000
present frame=1861 source_index=1 allocator_index=1 expected_next=2 observed_next=2 qpc=3108551642324 duration_ticks=165924 hr=0x00000000
present frame=1862 source_index=2 allocator_index=2 expected_next=0 observed_next=0 qpc=3108551813342 duration_ticks=152138 hr=0x00000000
present frame=1863 source_index=0 allocator_index=0 expected_next=1 observed_next=1 qpc=3108551966560 duration_ticks=173912 hr=0x00000000
present frame=1864 source_index=1 allocator_index=1 expected_next=2 observed_next=2 qpc=3108552145277 duration_ticks=159046 hr=0x00000000
present frame=1865 source_index=2 allocator_index=2 expected_next=0 observed_next=0 qpc=3108552307665 duration_ticks=161069 hr=0x00000000
present frame=1866 source_index=0 allocator_index=0 expected_next=1 observed_next=1 qpc=3108552471995 duration_ticks=163035 hr=0x00000000
present frame=1867 source_index=1 allocator_index=1 expected_next=2 observed_next=2 qpc=3108552641043 duration_ticks=160214 hr=0x00000000
present frame=1868 source_index=2 allocator_index=2 expected_next=0 observed_next=0 qpc=3108552804662 duration_ticks=166792 hr=0x00000000
present frame=1869 source_index=0 allocator_index=0 expected_next=1 observed_next=1 qpc=3108552977250 duration_ticks=158970 hr=0x00000000
present frame=1870 source_index=1 allocator_index=1 expected_next=2 observed_next=2 qpc=3108553139585 duration_ticks=163583 hr=0x00000000
present frame=1871 source_index=2 allocator_index=2 expected_next=0 observed_next=0 qpc=3108553307293 duration_ticks=161296 hr=0x00000000
present frame=1872 source_index=0 allocator_index=0 expected_next=1 observed_next=1 qpc=3108553472299 duration_ticks=164277 hr=0x00000000
present frame=1873 source_index=1 allocator_index=1 expected_next=2 observed_next=2 qpc=3108553640912 duration_ticks=161441 hr=0x00000000
present frame=1874 source_index=2 allocator_index=2 expected_next=0 observed_next=0 qpc=3108553806158 duration_ticks=163818 hr=0x00000000
present frame=1875 source_index=0 allocator_index=0 expected_next=1 observed_next=1 qpc=3108553973542 duration_ticks=165735 hr=0x00000000
present frame=1876 source_index=1 allocator_index=1 expected_next=2 observed_next=2 qpc=3108554143299 duration_ticks=162730 hr=0x00000000
present frame=1877 source_index=2 allocator_index=2 expected_next=0 observed_next=0 qpc=3108554310125 duration_ticks=160614 hr=0x00000000
present frame=1878 source_index=0 allocator_index=0 expected_next=1 observed_next=1 qpc=3108554474111 duration_ticks=163505 hr=0x00000000
present frame=1879 source_index=1 allocator_index=1 expected_next=2 observed_next=2 qpc=3108554641993 duration_ticks=163409 hr=0x00000000
present frame=1880 source_index=2 allocator_index=2 expected_next=0 observed_next=0 qpc=3108554811282 duration_ticks=157995 hr=0x00000000
present frame=1881 source_index=0 allocator_index=0 expected_next=1 observed_next=1 qpc=3108554972803 duration_ticks=162591 hr=0x00000000
present frame=1882 source_index=1 allocator_index=1 expected_next=2 observed_next=2 qpc=3108555139248 duration_ticks=167067 hr=0x00000000
present frame=1883 source_index=2 allocator_index=2 expected_next=0 observed_next=0 qpc=3108555310303 duration_ticks=158511 hr=0x00000000
present frame=1884 source_index=0 allocator_index=0 expected_next=1 observed_next=1 qpc=3108555472755 duration_ticks=164833 hr=0x00000000
present frame=1885 source_index=1 allocator_index=1 expected_next=2 observed_next=2 qpc=3108555641272 duration_ticks=160987 hr=0x00000000
present frame=1886 source_index=2 allocator_index=2 expected_next=0 observed_next=0 qpc=3108555805820 duration_ticks=167373 hr=0x00000000
present frame=1887 source_index=0 allocator_index=0 expected_next=1 observed_next=1 qpc=3108555977932 duration_ticks=157255 hr=0x00000000
present frame=1888 source_index=1 allocator_index=1 expected_next=2 observed_next=2 qpc=3108556138714 duration_ticks=163422 hr=0x00000000
present frame=1889 source_index=2 allocator_index=2 expected_next=0 observed_next=0 qpc=3108556305519 duration_ticks=164704 hr=0x00000000
present frame=1890 source_index=0 allocator_index=0 expected_next=1 observed_next=1 qpc=3108556510049 duration_ticks=121998 hr=0x00000000
present frame=1891 source_index=1 allocator_index=1 expected_next=2 observed_next=2 qpc=3108556632922 duration_ticks=163839 hr=0x00000000
present frame=1892 source_index=2 allocator_index=2 expected_next=0 observed_next=0 qpc=3108556797251 duration_ticks=173213 hr=0x00000000
present frame=1893 source_index=0 allocator_index=0 expected_next=1 observed_next=1 qpc=3108556974008 duration_ticks=163952 hr=0x00000000
present frame=1894 source_index=1 allocator_index=1 expected_next=2 observed_next=2 qpc=3108557141621 duration_ticks=162723 hr=0x00000000
present frame=1895 source_index=2 allocator_index=2 expected_next=0 observed_next=0 qpc=3108557310178 duration_ticks=158794 hr=0x00000000
present frame=1896 source_index=0 allocator_index=0 expected_next=1 observed_next=1 qpc=3108557476141 duration_ticks=161672 hr=0x00000000
present frame=1897 source_index=1 allocator_index=1 expected_next=2 observed_next=2 qpc=3108557643341 duration_ticks=160967 hr=0x00000000
present frame=1898 source_index=2 allocator_index=2 expected_next=0 observed_next=0 qpc=3108557808119 duration_ticks=165060 hr=0x00000000
present frame=1899 source_index=0 allocator_index=0 expected_next=1 observed_next=1 qpc=3108557979115 duration_ticks=159762 hr=0x00000000
present frame=1900 source_index=1 allocator_index=1 expected_next=2 observed_next=2 qpc=3108558142805 duration_ticks=162755 hr=0x00000000
present frame=1901 source_index=2 allocator_index=2 expected_next=0 observed_next=0 qpc=3108558312031 duration_ticks=158971 hr=0x00000000
present frame=1902 source_index=0 allocator_index=0 expected_next=1 observed_next=1 qpc=3108558474654 duration_ticks=162998 hr=0x00000000
present frame=1903 source_index=1 allocator_index=1 expected_next=2 observed_next=2 qpc=3108558651055 duration_ticks=152094 hr=0x00000000
present frame=1904 source_index=2 allocator_index=2 expected_next=0 observed_next=0 qpc=3108558808891 duration_ticks=161898 hr=0x00000000
present frame=1905 source_index=0 allocator_index=0 expected_next=1 observed_next=1 qpc=3108558976052 duration_ticks=158263 hr=0x00000000
present frame=1906 source_index=1 allocator_index=1 expected_next=2 observed_next=2 qpc=3108559139614 duration_ticks=164731 hr=0x00000000
present frame=1907 source_index=2 allocator_index=2 expected_next=0 observed_next=0 qpc=3108559308132 duration_ticks=162768 hr=0x00000000
present frame=1908 source_index=0 allocator_index=0 expected_next=1 observed_next=1 qpc=3108559481485 duration_ticks=153881 hr=0x00000000
present frame=1909 source_index=1 allocator_index=1 expected_next=2 observed_next=2 qpc=3108559641038 duration_ticks=160969 hr=0x00000000
present frame=1910 source_index=2 allocator_index=2 expected_next=0 observed_next=0 qpc=3108559807649 duration_ticks=160228 hr=0x00000000
present frame=1911 source_index=0 allocator_index=0 expected_next=1 observed_next=1 qpc=3108559972412 duration_ticks=163537 hr=0x00000000
present frame=1912 source_index=1 allocator_index=1 expected_next=2 observed_next=2 qpc=3108560141170 duration_ticks=162870 hr=0x00000000
present frame=1913 source_index=2 allocator_index=2 expected_next=0 observed_next=0 qpc=3108560307749 duration_ticks=162941 hr=0x00000000
present frame=1914 source_index=0 allocator_index=0 expected_next=1 observed_next=1 qpc=3108560474565 duration_ticks=164561 hr=0x00000000
present frame=1915 source_index=1 allocator_index=1 expected_next=2 observed_next=2 qpc=3108560643163 duration_ticks=158947 hr=0x00000000
present frame=1916 source_index=2 allocator_index=2 expected_next=0 observed_next=0 qpc=3108560808212 duration_ticks=170964 hr=0x00000000
present frame=1917 source_index=0 allocator_index=0 expected_next=1 observed_next=1 qpc=3108560984237 duration_ticks=152617 hr=0x00000000
present frame=1918 source_index=1 allocator_index=1 expected_next=2 observed_next=2 qpc=3108561143397 duration_ticks=162223 hr=0x00000000
present frame=1919 source_index=2 allocator_index=2 expected_next=0 observed_next=0 qpc=3108561314820 duration_ticks=154249 hr=0x00000000
present frame=1920 source_index=0 allocator_index=0 expected_next=1 observed_next=1 qpc=3108561473085 duration_ticks=162100 hr=0x00000000
present frame=1921 source_index=1 allocator_index=1 expected_next=2 observed_next=2 qpc=3108561641050 duration_ticks=165967 hr=0x00000000
present frame=1922 source_index=2 allocator_index=2 expected_next=0 observed_next=0 qpc=3108561817443 duration_ticks=152767 hr=0x00000000
present frame=1923 source_index=0 allocator_index=0 expected_next=1 observed_next=1 qpc=3108561973678 duration_ticks=163848 hr=0x00000000
present frame=1924 source_index=1 allocator_index=1 expected_next=2 observed_next=2 qpc=3108562142017 duration_ticks=158767 hr=0x00000000
present frame=1925 source_index=2 allocator_index=2 expected_next=0 observed_next=0 qpc=3108562305998 duration_ticks=163593 hr=0x00000000
present frame=1926 source_index=0 allocator_index=0 expected_next=1 observed_next=1 qpc=3108562475718 duration_ticks=163587 hr=0x00000000
present frame=1927 source_index=1 allocator_index=1 expected_next=2 observed_next=2 qpc=3108562643528 duration_ticks=158681 hr=0x00000000
present frame=1928 source_index=2 allocator_index=2 expected_next=0 observed_next=0 qpc=3108562806062 duration_ticks=166411 hr=0x00000000
present frame=1929 source_index=0 allocator_index=0 expected_next=1 observed_next=1 qpc=3108562977005 duration_ticks=159263 hr=0x00000000
present frame=1930 source_index=1 allocator_index=1 expected_next=2 observed_next=2 qpc=3108563141190 duration_ticks=165110 hr=0x00000000
present frame=1931 source_index=2 allocator_index=2 expected_next=0 observed_next=0 qpc=3108563311765 duration_ticks=160147 hr=0x00000000
present frame=1932 source_index=0 allocator_index=0 expected_next=1 observed_next=1 qpc=3108563475861 duration_ticks=162008 hr=0x00000000
present frame=1933 source_index=1 allocator_index=1 expected_next=2 observed_next=2 qpc=3108563643285 duration_ticks=159233 hr=0x00000000
present frame=1934 source_index=2 allocator_index=2 expected_next=0 observed_next=0 qpc=3108563807495 duration_ticks=163447 hr=0x00000000
present frame=1935 source_index=0 allocator_index=0 expected_next=1 observed_next=1 qpc=3108563978187 duration_ticks=158593 hr=0x00000000
present frame=1936 source_index=1 allocator_index=1 expected_next=2 observed_next=2 qpc=3108564141098 duration_ticks=162644 hr=0x00000000
present frame=1937 source_index=2 allocator_index=2 expected_next=0 observed_next=0 qpc=3108564307563 duration_ticks=164219 hr=0x00000000
present frame=1938 source_index=0 allocator_index=0 expected_next=1 observed_next=1 qpc=3108564476328 duration_ticks=161540 hr=0x00000000
present frame=1939 source_index=1 allocator_index=1 expected_next=2 observed_next=2 qpc=3108564642072 duration_ticks=162372 hr=0x00000000
present frame=1940 source_index=2 allocator_index=2 expected_next=0 observed_next=0 qpc=3108564808475 duration_ticks=162857 hr=0x00000000
present frame=1941 source_index=0 allocator_index=0 expected_next=1 observed_next=1 qpc=3108564975787 duration_ticks=163344 hr=0x00000000
present frame=1942 source_index=1 allocator_index=1 expected_next=2 observed_next=2 qpc=3108565148387 duration_ticks=155900 hr=0x00000000
present frame=1943 source_index=2 allocator_index=2 expected_next=0 observed_next=0 qpc=3108565308863 duration_ticks=161875 hr=0x00000000
present frame=1944 source_index=0 allocator_index=0 expected_next=1 observed_next=1 qpc=3108565476160 duration_ticks=162400 hr=0x00000000
present frame=1945 source_index=1 allocator_index=1 expected_next=2 observed_next=2 qpc=3108565642730 duration_ticks=158927 hr=0x00000000
present frame=1946 source_index=2 allocator_index=2 expected_next=0 observed_next=0 qpc=3108565805973 duration_ticks=167258 hr=0x00000000
present frame=1947 source_index=0 allocator_index=0 expected_next=1 observed_next=1 qpc=3108565979046 duration_ticks=158096 hr=0x00000000
present frame=1948 source_index=1 allocator_index=1 expected_next=2 observed_next=2 qpc=3108566141202 duration_ticks=163700 hr=0x00000000
present frame=1949 source_index=2 allocator_index=2 expected_next=0 observed_next=0 qpc=3108566312235 duration_ticks=159175 hr=0x00000000
present frame=1950 source_index=0 allocator_index=0 expected_next=1 observed_next=1 qpc=3108566497463 duration_ticks=133029 hr=0x00000000
present frame=1951 source_index=1 allocator_index=1 expected_next=2 observed_next=2 qpc=3108566631243 duration_ticks=174615 hr=0x00000000
present frame=1952 source_index=2 allocator_index=2 expected_next=0 observed_next=0 qpc=3108566809461 duration_ticks=162661 hr=0x00000000
present frame=1953 source_index=0 allocator_index=0 expected_next=1 observed_next=1 qpc=3108566977525 duration_ticks=162670 hr=0x00000000
present frame=1954 source_index=1 allocator_index=1 expected_next=2 observed_next=2 qpc=3108567144251 duration_ticks=160282 hr=0x00000000
present frame=1955 source_index=2 allocator_index=2 expected_next=0 observed_next=0 qpc=3108567309527 duration_ticks=162705 hr=0x00000000
present frame=1956 source_index=0 allocator_index=0 expected_next=1 observed_next=1 qpc=3108567476701 duration_ticks=161106 hr=0x00000000
present frame=1957 source_index=1 allocator_index=1 expected_next=2 observed_next=2 qpc=3108567642078 duration_ticks=162863 hr=0x00000000
present frame=1958 source_index=2 allocator_index=2 expected_next=0 observed_next=0 qpc=3108567814937 duration_ticks=155415 hr=0x00000000
present frame=1959 source_index=0 allocator_index=0 expected_next=1 observed_next=1 qpc=3108567973771 duration_ticks=161181 hr=0x00000000
present frame=1960 source_index=1 allocator_index=1 expected_next=2 observed_next=2 qpc=3108568139999 duration_ticks=164523 hr=0x00000000
present frame=1961 source_index=2 allocator_index=2 expected_next=0 observed_next=0 qpc=3108568308359 duration_ticks=162807 hr=0x00000000
present frame=1962 source_index=0 allocator_index=0 expected_next=1 observed_next=1 qpc=3108568475078 duration_ticks=165186 hr=0x00000000
present frame=1963 source_index=1 allocator_index=1 expected_next=2 observed_next=2 qpc=3108568645711 duration_ticks=158772 hr=0x00000000
present frame=1964 source_index=2 allocator_index=2 expected_next=0 observed_next=0 qpc=3108568808017 duration_ticks=163955 hr=0x00000000
present frame=1965 source_index=0 allocator_index=0 expected_next=1 observed_next=1 qpc=3108568979467 duration_ticks=156257 hr=0x00000000
present frame=1966 source_index=1 allocator_index=1 expected_next=2 observed_next=2 qpc=3108569139915 duration_ticks=164603 hr=0x00000000
present frame=1967 source_index=2 allocator_index=2 expected_next=0 observed_next=0 qpc=3108569310292 duration_ticks=159509 hr=0x00000000
present frame=1968 source_index=0 allocator_index=0 expected_next=1 observed_next=1 qpc=3108569475802 duration_ticks=158050 hr=0x00000000
present frame=1969 source_index=1 allocator_index=1 expected_next=2 observed_next=2 qpc=3108569639064 duration_ticks=162473 hr=0x00000000
present frame=1970 source_index=2 allocator_index=2 expected_next=0 observed_next=0 qpc=3108569806320 duration_ticks=160519 hr=0x00000000
present frame=1971 source_index=0 allocator_index=0 expected_next=1 observed_next=1 qpc=3108569971244 duration_ticks=164613 hr=0x00000000
present frame=1972 source_index=1 allocator_index=1 expected_next=2 observed_next=2 qpc=3108570145574 duration_ticks=154621 hr=0x00000000
present frame=1973 source_index=2 allocator_index=2 expected_next=0 observed_next=0 qpc=3108570304751 duration_ticks=166075 hr=0x00000000
present frame=1974 source_index=0 allocator_index=0 expected_next=1 observed_next=1 qpc=3108570475017 duration_ticks=161838 hr=0x00000000
present frame=1975 source_index=1 allocator_index=1 expected_next=2 observed_next=2 qpc=3108570640537 duration_ticks=161662 hr=0x00000000
present frame=1976 source_index=2 allocator_index=2 expected_next=0 observed_next=0 qpc=3108570806018 duration_ticks=164730 hr=0x00000000
present frame=1977 source_index=0 allocator_index=0 expected_next=1 observed_next=1 qpc=3108570974702 duration_ticks=162681 hr=0x00000000
present frame=1978 source_index=1 allocator_index=1 expected_next=2 observed_next=2 qpc=3108571141181 duration_ticks=167052 hr=0x00000000
present frame=1979 source_index=2 allocator_index=2 expected_next=0 observed_next=0 qpc=3108571313973 duration_ticks=156564 hr=0x00000000
present frame=1980 source_index=0 allocator_index=0 expected_next=1 observed_next=1 qpc=3108571474284 duration_ticks=162151 hr=0x00000000
present frame=1981 source_index=1 allocator_index=1 expected_next=2 observed_next=2 qpc=3108571646604 duration_ticks=157274 hr=0x00000000
present frame=1982 source_index=2 allocator_index=2 expected_next=0 observed_next=0 qpc=3108571807597 duration_ticks=163188 hr=0x00000000
present frame=1983 source_index=0 allocator_index=0 expected_next=1 observed_next=1 qpc=3108571974501 duration_ticks=162561 hr=0x00000000
present frame=1984 source_index=1 allocator_index=1 expected_next=2 observed_next=2 qpc=3108572141157 duration_ticks=162323 hr=0x00000000
present frame=1985 source_index=2 allocator_index=2 expected_next=0 observed_next=0 qpc=3108572307215 duration_ticks=162197 hr=0x00000000
present frame=1986 source_index=0 allocator_index=0 expected_next=1 observed_next=1 qpc=3108572473087 duration_ticks=163840 hr=0x00000000
present frame=1987 source_index=1 allocator_index=1 expected_next=2 observed_next=2 qpc=3108572640721 duration_ticks=163775 hr=0x00000000
present frame=1988 source_index=2 allocator_index=2 expected_next=0 observed_next=0 qpc=3108572809177 duration_ticks=161180 hr=0x00000000
present frame=1989 source_index=0 allocator_index=0 expected_next=1 observed_next=1 qpc=3108572974071 duration_ticks=163669 hr=0x00000000
present frame=1990 source_index=1 allocator_index=1 expected_next=2 observed_next=2 qpc=3108573141461 duration_ticks=163230 hr=0x00000000
present frame=1991 source_index=2 allocator_index=2 expected_next=0 observed_next=0 qpc=3108573311489 duration_ticks=157161 hr=0x00000000
present frame=1992 source_index=0 allocator_index=0 expected_next=1 observed_next=1 qpc=3108573472531 duration_ticks=164548 hr=0x00000000
present frame=1993 source_index=1 allocator_index=1 expected_next=2 observed_next=2 qpc=3108573641119 duration_ticks=160133 hr=0x00000000
present frame=1994 source_index=2 allocator_index=2 expected_next=0 observed_next=0 qpc=3108573805977 duration_ticks=166545 hr=0x00000000
present frame=1995 source_index=0 allocator_index=0 expected_next=1 observed_next=1 qpc=3108573978683 duration_ticks=158336 hr=0x00000000
present frame=1996 source_index=1 allocator_index=1 expected_next=2 observed_next=2 qpc=3108574141365 duration_ticks=162635 hr=0x00000000
present frame=1997 source_index=2 allocator_index=2 expected_next=0 observed_next=0 qpc=3108574313027 duration_ticks=158110 hr=0x00000000
present frame=1998 source_index=0 allocator_index=0 expected_next=1 observed_next=1 qpc=3108574474750 duration_ticks=163481 hr=0x00000000
present frame=1999 source_index=1 allocator_index=1 expected_next=2 observed_next=2 qpc=3108574642734 duration_ticks=162298 hr=0x00000000
complete frames=2000 elapsed_ticks=330868520
frame_statistics hr=0x00000000 present_count=2000 present_refresh=2000 sync_refresh=2000
last_present_count hr=0x00000000 count=2000
memory_sample hr=0x00000000 current_working_set=92450816 current_private=44698124288 max_sampled_working_set=93327360 max_sampled_private=44699881472 sample_interval_frames=30
bookkeeping_result case=A invariant_mismatches=0 result=PASS
