start dxgi_module=00006fffff070000 dxgi_path_chars=100 dxgi_path=Z:\var\folders\4l\yp39dwhd7rg2y9xscgvhkyqw0000gn\T\fg-step8d1-overhead-passthrough-2.wPZMvT\dxgi.dll
call=CreateDXGIFactory hr=0x00000000 factory=000000000080d940
call=CreateDXGIFactory1 hr=0x00000000 factory=000000000080d940
call=CreateDXGIFactory2 hr=0x00000000 factory=000000000080d940
adapter_interface version=4 hr=0x00000000 adapter=0000000000812ca0
adapter_interface_matrix adapter0=1 adapter1=1 adapter2=1 adapter3=1 adapter4=1
com_identity factory_qi_iunknown=1 adapter_getparent_factory=1 result=PASS
adapter_enum_output_zero hr=0x00000000 output=0000000000812ce0
output_interface version=6 hr=0x00000000 output=0000000000812ce0
com_identity output_getparent_adapter hr=0x00000000 same_adapter=1
interface name=IDXGIFactory hr=0x00000000 ptr=000000000080d940
interface name=IDXGIFactory1 hr=0x00000000 ptr=000000000080d940
interface name=IDXGIFactory2 hr=0x00000000 ptr=000000000080d940
interface name=IDXGIFactory3 hr=0x00000000 ptr=000000000080d940
interface name=IDXGIFactory4 hr=0x00000000 ptr=000000000080d940
interface name=IDXGIFactory5 hr=0x00000000 ptr=000000000080d940
interface name=IDXGIFactory6 hr=0x00000000 ptr=000000000080d940
interface name=IDXGIFactory7 hr=0x00000000 ptr=000000000080d940
interface name=IDXGIFactoryMedia hr=0x80004002 ptr=0000000000000000
call=D3D12CreateDevice hr=0x00000000 device=00007feb5a821410
call=CreateCommandQueue hr=0x00000000 queue=00007feb5b905a10
call=CreateSwapChainForHwnd hr=0x00000000 swapchain=0000000000812d20
call=QueryInterface_IDXGISwapChain3 hr=0x00000000 swapchain3=0000000000812d20
com_identity swapchain_getparent_factory hr=0x00000000 same_factory=1
interface name=IDXGISwapChainMedia hr=0x80004002 ptr=0000000000000000
interface name=IDXGISwapChain hr=0x00000000 ptr=0000000000812d20
interface name=IDXGISwapChain1 hr=0x00000000 ptr=0000000000812d20
interface name=IDXGISwapChain2 hr=0x00000000 ptr=0000000000812d20
interface name=IDXGISwapChain3 hr=0x00000000 ptr=0000000000812d20
interface name=IDXGISwapChain4 hr=0x00000000 ptr=0000000000812d20
test_case=A frames=2000 target_fps=0 source_index_policy=GetCurrentBackBufferIndex_each_frame allocator_policy=per_backbuffer
timing qpc_frequency=10000000 target_fps=0
present frame=0 source_index=0 allocator_index=0 expected_next=1 observed_next=1 qpc=3109278868784 duration_ticks=812 hr=0x00000000
present frame=1 source_index=1 allocator_index=1 expected_next=2 observed_next=2 qpc=3109278871229 duration_ticks=12 hr=0x00000000
present frame=2 source_index=2 allocator_index=2 expected_next=0 observed_next=0 qpc=3109278871531 duration_ticks=7 hr=0x00000000
present frame=3 source_index=0 allocator_index=0 expected_next=1 observed_next=1 qpc=3109278955770 duration_ticks=63 hr=0x00000000
present frame=4 source_index=1 allocator_index=1 expected_next=2 observed_next=2 qpc=3109278956917 duration_ticks=20 hr=0x00000000
present frame=5 source_index=2 allocator_index=2 expected_next=0 observed_next=0 qpc=3109278957202 duration_ticks=8 hr=0x00000000
present frame=6 source_index=0 allocator_index=0 expected_next=1 observed_next=1 qpc=3109278959817 duration_ticks=4725 hr=0x00000000
present frame=7 source_index=1 allocator_index=1 expected_next=2 observed_next=2 qpc=3109278964994 duration_ticks=8823 hr=0x00000000
present frame=8 source_index=2 allocator_index=2 expected_next=0 observed_next=0 qpc=3109278974243 duration_ticks=30 hr=0x00000000
present frame=9 source_index=0 allocator_index=0 expected_next=1 observed_next=1 qpc=3109278974742 duration_ticks=9448 hr=0x00000000
present frame=10 source_index=1 allocator_index=1 expected_next=2 observed_next=2 qpc=3109278984452 duration_ticks=12 hr=0x00000000
present frame=11 source_index=2 allocator_index=2 expected_next=0 observed_next=0 qpc=3109278984773 duration_ticks=1918 hr=0x00000000
present frame=12 source_index=0 allocator_index=0 expected_next=1 observed_next=1 qpc=3109278986978 duration_ticks=14 hr=0x00000000
present frame=13 source_index=1 allocator_index=1 expected_next=2 observed_next=2 qpc=3109278989037 duration_ticks=2366 hr=0x00000000
present frame=14 source_index=2 allocator_index=2 expected_next=0 observed_next=0 qpc=3109278991741 duration_ticks=2153 hr=0x00000000
present frame=15 source_index=0 allocator_index=0 expected_next=1 observed_next=1 qpc=3109278994106 duration_ticks=2175 hr=0x00000000
present frame=16 source_index=1 allocator_index=1 expected_next=2 observed_next=2 qpc=3109278996488 duration_ticks=1967 hr=0x00000000
present frame=17 source_index=2 allocator_index=2 expected_next=0 observed_next=0 qpc=3109278998670 duration_ticks=2451 hr=0x00000000
present frame=18 source_index=0 allocator_index=0 expected_next=1 observed_next=1 qpc=3109279002684 duration_ticks=649 hr=0x00000000
present frame=19 source_index=1 allocator_index=1 expected_next=2 observed_next=2 qpc=3109279003668 duration_ticks=3593 hr=0x00000000
present frame=20 source_index=2 allocator_index=2 expected_next=0 observed_next=0 qpc=3109279008606 duration_ticks=504 hr=0x00000000
present frame=21 source_index=0 allocator_index=0 expected_next=1 observed_next=1 qpc=3109279009282 duration_ticks=2251 hr=0x00000000
present frame=22 source_index=1 allocator_index=1 expected_next=2 observed_next=2 qpc=3109279013592 duration_ticks=475 hr=0x00000000
present frame=23 source_index=2 allocator_index=2 expected_next=0 observed_next=0 qpc=3109279020953 duration_ticks=109 hr=0x00000000
present frame=24 source_index=0 allocator_index=0 expected_next=1 observed_next=1 qpc=3109279021815 duration_ticks=17 hr=0x00000000
present frame=25 source_index=1 allocator_index=1 expected_next=2 observed_next=2 qpc=3109279022187 duration_ticks=10 hr=0x00000000
present frame=26 source_index=2 allocator_index=2 expected_next=0 observed_next=0 qpc=3109279023433 duration_ticks=1950 hr=0x00000000
present frame=27 source_index=0 allocator_index=0 expected_next=1 observed_next=1 qpc=3109279025865 duration_ticks=2350 hr=0x00000000
present frame=28 source_index=1 allocator_index=1 expected_next=2 observed_next=2 qpc=3109279033641 duration_ticks=13 hr=0x00000000
present frame=29 source_index=2 allocator_index=2 expected_next=0 observed_next=0 qpc=3109279033843 duration_ticks=723 hr=0x00000000
present frame=30 source_index=0 allocator_index=0 expected_next=1 observed_next=1 qpc=3109279035666 duration_ticks=1529 hr=0x00000000
present frame=31 source_index=1 allocator_index=1 expected_next=2 observed_next=2 qpc=3109279040799 duration_ticks=635 hr=0x00000000
present frame=32 source_index=2 allocator_index=2 expected_next=0 observed_next=0 qpc=3109279042665 duration_ticks=332 hr=0x00000000
present frame=33 source_index=0 allocator_index=0 expected_next=1 observed_next=1 qpc=3109279043908 duration_ticks=1349 hr=0x00000000
present frame=34 source_index=1 allocator_index=1 expected_next=2 observed_next=2 qpc=3109279045973 duration_ticks=1729 hr=0x00000000
present frame=35 source_index=2 allocator_index=2 expected_next=0 observed_next=0 qpc=3109279049005 duration_ticks=1447 hr=0x00000000
present frame=36 source_index=0 allocator_index=0 expected_next=1 observed_next=1 qpc=3109279051137 duration_ticks=1686 hr=0x00000000
present frame=37 source_index=1 allocator_index=1 expected_next=2 observed_next=2 qpc=3109279053404 duration_ticks=1873 hr=0x00000000
present frame=38 source_index=2 allocator_index=2 expected_next=0 observed_next=0 qpc=3109279056012 duration_ticks=2760 hr=0x00000000
present frame=39 source_index=0 allocator_index=0 expected_next=1 observed_next=1 qpc=3109279062106 duration_ticks=16 hr=0x00000000
present frame=40 source_index=1 allocator_index=1 expected_next=2 observed_next=2 qpc=3109279062510 duration_ticks=1956 hr=0x00000000
present frame=41 source_index=2 allocator_index=2 expected_next=0 observed_next=0 qpc=3109279064762 duration_ticks=2216 hr=0x00000000
present frame=42 source_index=0 allocator_index=0 expected_next=1 observed_next=1 qpc=3109279067593 duration_ticks=1189 hr=0x00000000
present frame=43 source_index=1 allocator_index=1 expected_next=2 observed_next=2 qpc=3109279069183 duration_ticks=1479 hr=0x00000000
present frame=44 source_index=2 allocator_index=2 expected_next=0 observed_next=0 qpc=3109279071694 duration_ticks=878 hr=0x00000000
present frame=45 source_index=0 allocator_index=0 expected_next=1 observed_next=1 qpc=3109279073115 duration_ticks=1805 hr=0x00000000
present frame=46 source_index=1 allocator_index=1 expected_next=2 observed_next=2 qpc=3109279075374 duration_ticks=900 hr=0x00000000
present frame=47 source_index=2 allocator_index=2 expected_next=0 observed_next=0 qpc=3109279076458 duration_ticks=1917 hr=0x00000000
present frame=48 source_index=0 allocator_index=0 expected_next=1 observed_next=1 qpc=3109279079177 duration_ticks=1026 hr=0x00000000
present frame=49 source_index=1 allocator_index=1 expected_next=2 observed_next=2 qpc=3109279080751 duration_ticks=1412 hr=0x00000000
present frame=50 source_index=2 allocator_index=2 expected_next=0 observed_next=0 qpc=3109279082630 duration_ticks=1472 hr=0x00000000
present frame=51 source_index=0 allocator_index=0 expected_next=1 observed_next=1 qpc=3109279084488 duration_ticks=1515 hr=0x00000000
present frame=52 source_index=1 allocator_index=1 expected_next=2 observed_next=2 qpc=3109279086771 duration_ticks=1109 hr=0x00000000
present frame=53 source_index=2 allocator_index=2 expected_next=0 observed_next=0 qpc=3109279088453 duration_ticks=1512 hr=0x00000000
present frame=54 source_index=0 allocator_index=0 expected_next=1 observed_next=1 qpc=3109279090693 duration_ticks=928 hr=0x00000000
present frame=55 source_index=1 allocator_index=1 expected_next=2 observed_next=2 qpc=3109279092076 duration_ticks=1394 hr=0x00000000
present frame=56 source_index=2 allocator_index=2 expected_next=0 observed_next=0 qpc=3109279094145 duration_ticks=1431 hr=0x00000000
present frame=57 source_index=0 allocator_index=0 expected_next=1 observed_next=1 qpc=3109279096026 duration_ticks=1267 hr=0x00000000
present frame=58 source_index=1 allocator_index=1 expected_next=2 observed_next=2 qpc=3109279097640 duration_ticks=3324 hr=0x00000000
present frame=59 source_index=2 allocator_index=2 expected_next=0 observed_next=0 qpc=3109279101650 duration_ticks=11 hr=0x00000000
present frame=60 source_index=0 allocator_index=0 expected_next=1 observed_next=1 qpc=3109279104328 duration_ticks=15 hr=0x00000000
present frame=61 source_index=1 allocator_index=1 expected_next=2 observed_next=2 qpc=3109279104700 duration_ticks=1422 hr=0x00000000
present frame=62 source_index=2 allocator_index=2 expected_next=0 observed_next=0 qpc=3109279107242 duration_ticks=2152 hr=0x00000000
present frame=63 source_index=0 allocator_index=0 expected_next=1 observed_next=1 qpc=3109279109616 duration_ticks=5256 hr=0x00000000
present frame=64 source_index=1 allocator_index=1 expected_next=2 observed_next=2 qpc=3109279116305 duration_ticks=1085 hr=0x00000000
present frame=65 source_index=2 allocator_index=2 expected_next=0 observed_next=0 qpc=3109279118012 duration_ticks=634 hr=0x00000000
present frame=66 source_index=0 allocator_index=0 expected_next=1 observed_next=1 qpc=3109279119116 duration_ticks=1570 hr=0x00000000
present frame=67 source_index=1 allocator_index=1 expected_next=2 observed_next=2 qpc=3109279121062 duration_ticks=13588 hr=0x00000000
present frame=68 source_index=2 allocator_index=2 expected_next=0 observed_next=0 qpc=3109279135850 duration_ticks=154280 hr=0x00000000
present frame=69 source_index=0 allocator_index=0 expected_next=1 observed_next=1 qpc=3109279301815 duration_ticks=188031 hr=0x00000000
present frame=70 source_index=1 allocator_index=1 expected_next=2 observed_next=2 qpc=3109279490702 duration_ticks=125625 hr=0x00000000
present frame=71 source_index=2 allocator_index=2 expected_next=0 observed_next=0 qpc=3109279616912 duration_ticks=166115 hr=0x00000000
present frame=72 source_index=0 allocator_index=0 expected_next=1 observed_next=1 qpc=3109279783720 duration_ticks=166153 hr=0x00000000
present frame=73 source_index=1 allocator_index=1 expected_next=2 observed_next=2 qpc=3109279950479 duration_ticks=165226 hr=0x00000000
present frame=74 source_index=2 allocator_index=2 expected_next=0 observed_next=0 qpc=3109280116273 duration_ticks=165622 hr=0x00000000
present frame=75 source_index=0 allocator_index=0 expected_next=1 observed_next=1 qpc=3109280282472 duration_ticks=166845 hr=0x00000000
present frame=76 source_index=1 allocator_index=1 expected_next=2 observed_next=2 qpc=3109280450038 duration_ticks=168494 hr=0x00000000
present frame=77 source_index=2 allocator_index=2 expected_next=0 observed_next=0 qpc=3109280619293 duration_ticks=164623 hr=0x00000000
present frame=78 source_index=0 allocator_index=0 expected_next=1 observed_next=1 qpc=3109280784350 duration_ticks=167462 hr=0x00000000
present frame=79 source_index=1 allocator_index=1 expected_next=2 observed_next=2 qpc=3109280952242 duration_ticks=164304 hr=0x00000000
present frame=80 source_index=2 allocator_index=2 expected_next=0 observed_next=0 qpc=3109281116847 duration_ticks=167715 hr=0x00000000
present frame=81 source_index=0 allocator_index=0 expected_next=1 observed_next=1 qpc=3109281284879 duration_ticks=165008 hr=0x00000000
present frame=82 source_index=1 allocator_index=1 expected_next=2 observed_next=2 qpc=3109281450377 duration_ticks=168771 hr=0x00000000
present frame=83 source_index=2 allocator_index=2 expected_next=0 observed_next=0 qpc=3109281619499 duration_ticks=170213 hr=0x00000000
present frame=84 source_index=0 allocator_index=0 expected_next=1 observed_next=1 qpc=3109281790237 duration_ticks=163803 hr=0x00000000
present frame=85 source_index=1 allocator_index=1 expected_next=2 observed_next=2 qpc=3109281954560 duration_ticks=167330 hr=0x00000000
present frame=86 source_index=2 allocator_index=2 expected_next=0 observed_next=0 qpc=3109282122276 duration_ticks=170247 hr=0x00000000
present frame=87 source_index=0 allocator_index=0 expected_next=1 observed_next=1 qpc=3109282293114 duration_ticks=165607 hr=0x00000000
present frame=88 source_index=1 allocator_index=1 expected_next=2 observed_next=2 qpc=3109282459296 duration_ticks=164368 hr=0x00000000
present frame=89 source_index=2 allocator_index=2 expected_next=0 observed_next=0 qpc=3109282624145 duration_ticks=168506 hr=0x00000000
present frame=90 source_index=0 allocator_index=0 expected_next=1 observed_next=1 qpc=3109282793487 duration_ticks=170349 hr=0x00000000
present frame=91 source_index=1 allocator_index=1 expected_next=2 observed_next=2 qpc=3109282966326 duration_ticks=162861 hr=0x00000000
present frame=92 source_index=2 allocator_index=2 expected_next=0 observed_next=0 qpc=3109283132147 duration_ticks=161808 hr=0x00000000
present frame=93 source_index=0 allocator_index=0 expected_next=1 observed_next=1 qpc=3109283297357 duration_ticks=164369 hr=0x00000000
present frame=94 source_index=1 allocator_index=1 expected_next=2 observed_next=2 qpc=3109283465078 duration_ticks=168525 hr=0x00000000
present frame=95 source_index=2 allocator_index=2 expected_next=0 observed_next=0 qpc=3109283640194 duration_ticks=156669 hr=0x00000000
present frame=96 source_index=0 allocator_index=0 expected_next=1 observed_next=1 qpc=3109283800733 duration_ticks=161406 hr=0x00000000
present frame=97 source_index=1 allocator_index=1 expected_next=2 observed_next=2 qpc=3109283965377 duration_ticks=161598 hr=0x00000000
present frame=98 source_index=2 allocator_index=2 expected_next=0 observed_next=0 qpc=3109284133479 duration_ticks=161038 hr=0x00000000
present frame=99 source_index=0 allocator_index=0 expected_next=1 observed_next=1 qpc=3109284297862 duration_ticks=164798 hr=0x00000000
present frame=100 source_index=1 allocator_index=1 expected_next=2 observed_next=2 qpc=3109284466607 duration_ticks=163318 hr=0x00000000
present frame=101 source_index=2 allocator_index=2 expected_next=0 observed_next=0 qpc=3109284634315 duration_ticks=162304 hr=0x00000000
present frame=102 source_index=0 allocator_index=0 expected_next=1 observed_next=1 qpc=3109284800500 duration_ticks=166538 hr=0x00000000
present frame=103 source_index=1 allocator_index=1 expected_next=2 observed_next=2 qpc=3109284971016 duration_ticks=159381 hr=0x00000000
present frame=104 source_index=2 allocator_index=2 expected_next=0 observed_next=0 qpc=3109285135645 duration_ticks=163855 hr=0x00000000
present frame=105 source_index=0 allocator_index=0 expected_next=1 observed_next=1 qpc=3109285307777 duration_ticks=156355 hr=0x00000000
present frame=106 source_index=1 allocator_index=1 expected_next=2 observed_next=2 qpc=3109285468388 duration_ticks=161222 hr=0x00000000
present frame=107 source_index=2 allocator_index=2 expected_next=0 observed_next=0 qpc=3109285639731 duration_ticks=155570 hr=0x00000000
present frame=108 source_index=0 allocator_index=0 expected_next=1 observed_next=1 qpc=3109285800349 duration_ticks=163396 hr=0x00000000
present frame=109 source_index=1 allocator_index=1 expected_next=2 observed_next=2 qpc=3109285968175 duration_ticks=163422 hr=0x00000000
present frame=110 source_index=2 allocator_index=2 expected_next=0 observed_next=0 qpc=3109286135597 duration_ticks=161588 hr=0x00000000
present frame=111 source_index=0 allocator_index=0 expected_next=1 observed_next=1 qpc=3109286301274 duration_ticks=168993 hr=0x00000000
present frame=112 source_index=1 allocator_index=1 expected_next=2 observed_next=2 qpc=3109286578794 duration_ticks=59897 hr=0x00000000
present frame=113 source_index=2 allocator_index=2 expected_next=0 observed_next=0 qpc=3109286721511 duration_ticks=69950 hr=0x00000000
present frame=114 source_index=0 allocator_index=0 expected_next=1 observed_next=1 qpc=3109286792809 duration_ticks=162241 hr=0x00000000
present frame=115 source_index=1 allocator_index=1 expected_next=2 observed_next=2 qpc=3109286955779 duration_ticks=166588 hr=0x00000000
present frame=116 source_index=2 allocator_index=2 expected_next=0 observed_next=0 qpc=3109287122876 duration_ticks=171876 hr=0x00000000
present frame=117 source_index=0 allocator_index=0 expected_next=1 observed_next=1 qpc=3109287299304 duration_ticks=164103 hr=0x00000000
present frame=118 source_index=1 allocator_index=1 expected_next=2 observed_next=2 qpc=3109287468831 duration_ticks=164171 hr=0x00000000
present frame=119 source_index=2 allocator_index=2 expected_next=0 observed_next=0 qpc=3109287638028 duration_ticks=156777 hr=0x00000000
present frame=120 source_index=0 allocator_index=0 expected_next=1 observed_next=1 qpc=3109287799180 duration_ticks=164995 hr=0x00000000
present frame=121 source_index=1 allocator_index=1 expected_next=2 observed_next=2 qpc=3109287976309 duration_ticks=156841 hr=0x00000000
present frame=122 source_index=2 allocator_index=2 expected_next=0 observed_next=0 qpc=3109288139553 duration_ticks=155833 hr=0x00000000
present frame=123 source_index=0 allocator_index=0 expected_next=1 observed_next=1 qpc=3109288301926 duration_ticks=161214 hr=0x00000000
present frame=124 source_index=1 allocator_index=1 expected_next=2 observed_next=2 qpc=3109288467166 duration_ticks=163398 hr=0x00000000
present frame=125 source_index=2 allocator_index=2 expected_next=0 observed_next=0 qpc=3109288634920 duration_ticks=163700 hr=0x00000000
present frame=126 source_index=0 allocator_index=0 expected_next=1 observed_next=1 qpc=3109288803546 duration_ticks=161739 hr=0x00000000
present frame=127 source_index=1 allocator_index=1 expected_next=2 observed_next=2 qpc=3109288969266 duration_ticks=161342 hr=0x00000000
present frame=128 source_index=2 allocator_index=2 expected_next=0 observed_next=0 qpc=3109289137017 duration_ticks=158314 hr=0x00000000
present frame=129 source_index=0 allocator_index=0 expected_next=1 observed_next=1 qpc=3109289301689 duration_ticks=160895 hr=0x00000000
present frame=130 source_index=1 allocator_index=1 expected_next=2 observed_next=2 qpc=3109289470489 duration_ticks=156469 hr=0x00000000
present frame=131 source_index=2 allocator_index=2 expected_next=0 observed_next=0 qpc=3109289632267 duration_ticks=158097 hr=0x00000000
present frame=132 source_index=0 allocator_index=0 expected_next=1 observed_next=1 qpc=3109289791257 duration_ticks=170594 hr=0x00000000
present frame=133 source_index=1 allocator_index=1 expected_next=2 observed_next=2 qpc=3109289966383 duration_ticks=162657 hr=0x00000000
present frame=134 source_index=2 allocator_index=2 expected_next=0 observed_next=0 qpc=3109290136155 duration_ticks=159102 hr=0x00000000
present frame=135 source_index=0 allocator_index=0 expected_next=1 observed_next=1 qpc=3109290301697 duration_ticks=159035 hr=0x00000000
present frame=136 source_index=1 allocator_index=1 expected_next=2 observed_next=2 qpc=3109290466017 duration_ticks=160941 hr=0x00000000
present frame=137 source_index=2 allocator_index=2 expected_next=0 observed_next=0 qpc=3109290632572 duration_ticks=161782 hr=0x00000000
present frame=138 source_index=0 allocator_index=0 expected_next=1 observed_next=1 qpc=3109290799677 duration_ticks=161106 hr=0x00000000
present frame=139 source_index=1 allocator_index=1 expected_next=2 observed_next=2 qpc=3109290965669 duration_ticks=161749 hr=0x00000000
present frame=140 source_index=2 allocator_index=2 expected_next=0 observed_next=0 qpc=3109291132477 duration_ticks=162458 hr=0x00000000
present frame=141 source_index=0 allocator_index=0 expected_next=1 observed_next=1 qpc=3109291298257 duration_ticks=163899 hr=0x00000000
present frame=142 source_index=1 allocator_index=1 expected_next=2 observed_next=2 qpc=3109291465759 duration_ticks=161335 hr=0x00000000
present frame=143 source_index=2 allocator_index=2 expected_next=0 observed_next=0 qpc=3109291631779 duration_ticks=163462 hr=0x00000000
present frame=144 source_index=0 allocator_index=0 expected_next=1 observed_next=1 qpc=3109291803765 duration_ticks=157605 hr=0x00000000
present frame=145 source_index=1 allocator_index=1 expected_next=2 observed_next=2 qpc=3109291964761 duration_ticks=164372 hr=0x00000000
present frame=146 source_index=2 allocator_index=2 expected_next=0 observed_next=0 qpc=3109292134795 duration_ticks=161786 hr=0x00000000
present frame=147 source_index=0 allocator_index=0 expected_next=1 observed_next=1 qpc=3109292300720 duration_ticks=160839 hr=0x00000000
present frame=148 source_index=1 allocator_index=1 expected_next=2 observed_next=2 qpc=3109292465297 duration_ticks=168636 hr=0x00000000
present frame=149 source_index=2 allocator_index=2 expected_next=0 observed_next=0 qpc=3109292639883 duration_ticks=157257 hr=0x00000000
present frame=150 source_index=0 allocator_index=0 expected_next=1 observed_next=1 qpc=3109292801412 duration_ticks=160863 hr=0x00000000
present frame=151 source_index=1 allocator_index=1 expected_next=2 observed_next=2 qpc=3109292969816 duration_ticks=159148 hr=0x00000000
present frame=152 source_index=2 allocator_index=2 expected_next=0 observed_next=0 qpc=3109293134967 duration_ticks=162284 hr=0x00000000
present frame=153 source_index=0 allocator_index=0 expected_next=1 observed_next=1 qpc=3109293301378 duration_ticks=162859 hr=0x00000000
present frame=154 source_index=1 allocator_index=1 expected_next=2 observed_next=2 qpc=3109293468250 duration_ticks=162438 hr=0x00000000
present frame=155 source_index=2 allocator_index=2 expected_next=0 observed_next=0 qpc=3109293635039 duration_ticks=160830 hr=0x00000000
present frame=156 source_index=0 allocator_index=0 expected_next=1 observed_next=1 qpc=3109293799836 duration_ticks=163651 hr=0x00000000
present frame=157 source_index=1 allocator_index=1 expected_next=2 observed_next=2 qpc=3109293980128 duration_ticks=151025 hr=0x00000000
present frame=158 source_index=2 allocator_index=2 expected_next=0 observed_next=0 qpc=3109294136676 duration_ticks=159920 hr=0x00000000
present frame=159 source_index=0 allocator_index=0 expected_next=1 observed_next=1 qpc=3109294301093 duration_ticks=161430 hr=0x00000000
present frame=160 source_index=1 allocator_index=1 expected_next=2 observed_next=2 qpc=3109294467460 duration_ticks=163054 hr=0x00000000
present frame=161 source_index=2 allocator_index=2 expected_next=0 observed_next=0 qpc=3109294635449 duration_ticks=161875 hr=0x00000000
present frame=162 source_index=0 allocator_index=0 expected_next=1 observed_next=1 qpc=3109294801032 duration_ticks=164888 hr=0x00000000
present frame=163 source_index=1 allocator_index=1 expected_next=2 observed_next=2 qpc=3109294969514 duration_ticks=159735 hr=0x00000000
present frame=164 source_index=2 allocator_index=2 expected_next=0 observed_next=0 qpc=3109295133391 duration_ticks=165219 hr=0x00000000
present frame=165 source_index=0 allocator_index=0 expected_next=1 observed_next=1 qpc=3109295302885 duration_ticks=159375 hr=0x00000000
present frame=166 source_index=1 allocator_index=1 expected_next=2 observed_next=2 qpc=3109295466030 duration_ticks=166625 hr=0x00000000
present frame=167 source_index=2 allocator_index=2 expected_next=0 observed_next=0 qpc=3109295636224 duration_ticks=161548 hr=0x00000000
present frame=168 source_index=0 allocator_index=0 expected_next=1 observed_next=1 qpc=3109295804151 duration_ticks=157014 hr=0x00000000
present frame=169 source_index=1 allocator_index=1 expected_next=2 observed_next=2 qpc=3109295964602 duration_ticks=163255 hr=0x00000000
present frame=170 source_index=2 allocator_index=2 expected_next=0 observed_next=0 qpc=3109296132518 duration_ticks=163659 hr=0x00000000
present frame=171 source_index=0 allocator_index=0 expected_next=1 observed_next=1 qpc=3109296300403 duration_ticks=165798 hr=0x00000000
present frame=172 source_index=1 allocator_index=1 expected_next=2 observed_next=2 qpc=3109296501577 duration_ticks=126584 hr=0x00000000
present frame=173 source_index=2 allocator_index=2 expected_next=0 observed_next=0 qpc=3109296628807 duration_ticks=160754 hr=0x00000000
present frame=174 source_index=0 allocator_index=0 expected_next=1 observed_next=1 qpc=3109296790207 duration_ticks=173381 hr=0x00000000
present frame=175 source_index=1 allocator_index=1 expected_next=2 observed_next=2 qpc=3109296967595 duration_ticks=163066 hr=0x00000000
present frame=176 source_index=2 allocator_index=2 expected_next=0 observed_next=0 qpc=3109297134222 duration_ticks=165577 hr=0x00000000
present frame=177 source_index=0 allocator_index=0 expected_next=1 observed_next=1 qpc=3109297303963 duration_ticks=160084 hr=0x00000000
present frame=178 source_index=1 allocator_index=1 expected_next=2 observed_next=2 qpc=3109297467892 duration_ticks=163704 hr=0x00000000
present frame=179 source_index=2 allocator_index=2 expected_next=0 observed_next=0 qpc=3109297637522 duration_ticks=158905 hr=0x00000000
present frame=180 source_index=0 allocator_index=0 expected_next=1 observed_next=1 qpc=3109297800122 duration_ticks=167234 hr=0x00000000
present frame=181 source_index=1 allocator_index=1 expected_next=2 observed_next=2 qpc=3109297975191 duration_ticks=153726 hr=0x00000000
present frame=182 source_index=2 allocator_index=2 expected_next=0 observed_next=0 qpc=3109298136791 duration_ticks=159451 hr=0x00000000
present frame=183 source_index=0 allocator_index=0 expected_next=1 observed_next=1 qpc=3109298310997 duration_ticks=150711 hr=0x00000000
present frame=184 source_index=1 allocator_index=1 expected_next=2 observed_next=2 qpc=3109298465210 duration_ticks=166168 hr=0x00000000
present frame=185 source_index=2 allocator_index=2 expected_next=0 observed_next=0 qpc=3109298635301 duration_ticks=158788 hr=0x00000000
present frame=186 source_index=0 allocator_index=0 expected_next=1 observed_next=1 qpc=3109298798463 duration_ticks=165727 hr=0x00000000
present frame=187 source_index=1 allocator_index=1 expected_next=2 observed_next=2 qpc=3109298968105 duration_ticks=163604 hr=0x00000000
present frame=188 source_index=2 allocator_index=2 expected_next=0 observed_next=0 qpc=3109299135732 duration_ticks=158656 hr=0x00000000
present frame=189 source_index=0 allocator_index=0 expected_next=1 observed_next=1 qpc=3109299299772 duration_ticks=164508 hr=0x00000000
present frame=190 source_index=1 allocator_index=1 expected_next=2 observed_next=2 qpc=3109299474031 duration_ticks=150014 hr=0x00000000
present frame=191 source_index=2 allocator_index=2 expected_next=0 observed_next=0 qpc=3109299625546 duration_ticks=164939 hr=0x00000000
present frame=192 source_index=0 allocator_index=0 expected_next=1 observed_next=1 qpc=3109299791620 duration_ticks=168032 hr=0x00000000
present frame=193 source_index=1 allocator_index=1 expected_next=2 observed_next=2 qpc=3109299960929 duration_ticks=165010 hr=0x00000000
present frame=194 source_index=2 allocator_index=2 expected_next=0 observed_next=0 qpc=3109300128976 duration_ticks=163033 hr=0x00000000
present frame=195 source_index=0 allocator_index=0 expected_next=1 observed_next=1 qpc=3109300292998 duration_ticks=172144 hr=0x00000000
present frame=196 source_index=1 allocator_index=1 expected_next=2 observed_next=2 qpc=3109300468500 duration_ticks=157186 hr=0x00000000
present frame=197 source_index=2 allocator_index=2 expected_next=0 observed_next=0 qpc=3109300626676 duration_ticks=164489 hr=0x00000000
present frame=198 source_index=0 allocator_index=0 expected_next=1 observed_next=1 qpc=3109300791919 duration_ticks=165650 hr=0x00000000
present frame=199 source_index=1 allocator_index=1 expected_next=2 observed_next=2 qpc=3109300958260 duration_ticks=169320 hr=0x00000000
present frame=200 source_index=2 allocator_index=2 expected_next=0 observed_next=0 qpc=3109301130896 duration_ticks=160345 hr=0x00000000
present frame=201 source_index=0 allocator_index=0 expected_next=1 observed_next=1 qpc=3109301291942 duration_ticks=167155 hr=0x00000000
present frame=202 source_index=1 allocator_index=1 expected_next=2 observed_next=2 qpc=3109301459865 duration_ticks=165602 hr=0x00000000
present frame=203 source_index=2 allocator_index=2 expected_next=0 observed_next=0 qpc=3109301626199 duration_ticks=169663 hr=0x00000000
present frame=204 source_index=0 allocator_index=0 expected_next=1 observed_next=1 qpc=3109301799073 duration_ticks=159099 hr=0x00000000
present frame=205 source_index=1 allocator_index=1 expected_next=2 observed_next=2 qpc=3109301958914 duration_ticks=169807 hr=0x00000000
present frame=206 source_index=2 allocator_index=2 expected_next=0 observed_next=0 qpc=3109302137215 duration_ticks=158041 hr=0x00000000
present frame=207 source_index=0 allocator_index=0 expected_next=1 observed_next=1 qpc=3109302298832 duration_ticks=158697 hr=0x00000000
present frame=208 source_index=1 allocator_index=1 expected_next=2 observed_next=2 qpc=3109302458385 duration_ticks=170581 hr=0x00000000
present frame=209 source_index=2 allocator_index=2 expected_next=0 observed_next=0 qpc=3109302632975 duration_ticks=157717 hr=0x00000000
present frame=210 source_index=0 allocator_index=0 expected_next=1 observed_next=1 qpc=3109302791506 duration_ticks=170927 hr=0x00000000
present frame=211 source_index=1 allocator_index=1 expected_next=2 observed_next=2 qpc=3109302966262 duration_ticks=161973 hr=0x00000000
present frame=212 source_index=2 allocator_index=2 expected_next=0 observed_next=0 qpc=3109303132095 duration_ticks=162702 hr=0x00000000
present frame=213 source_index=0 allocator_index=0 expected_next=1 observed_next=1 qpc=3109303303735 duration_ticks=158424 hr=0x00000000
present frame=214 source_index=1 allocator_index=1 expected_next=2 observed_next=2 qpc=3109303466502 duration_ticks=162795 hr=0x00000000
present frame=215 source_index=2 allocator_index=2 expected_next=0 observed_next=0 qpc=3109303633434 duration_ticks=157962 hr=0x00000000
present frame=216 source_index=0 allocator_index=0 expected_next=1 observed_next=1 qpc=3109303792059 duration_ticks=173736 hr=0x00000000
present frame=217 source_index=1 allocator_index=1 expected_next=2 observed_next=2 qpc=3109303969475 duration_ticks=159042 hr=0x00000000
present frame=218 source_index=2 allocator_index=2 expected_next=0 observed_next=0 qpc=3109304131831 duration_ticks=159537 hr=0x00000000
present frame=219 source_index=0 allocator_index=0 expected_next=1 observed_next=1 qpc=3109304292118 duration_ticks=169934 hr=0x00000000
present frame=220 source_index=1 allocator_index=1 expected_next=2 observed_next=2 qpc=3109304465576 duration_ticks=161003 hr=0x00000000
present frame=221 source_index=2 allocator_index=2 expected_next=0 observed_next=0 qpc=3109304627168 duration_ticks=163795 hr=0x00000000
present frame=222 source_index=0 allocator_index=0 expected_next=1 observed_next=1 qpc=3109304794260 duration_ticks=167152 hr=0x00000000
present frame=223 source_index=1 allocator_index=1 expected_next=2 observed_next=2 qpc=3109304965126 duration_ticks=158581 hr=0x00000000
present frame=224 source_index=2 allocator_index=2 expected_next=0 observed_next=0 qpc=3109305124403 duration_ticks=169464 hr=0x00000000
present frame=225 source_index=0 allocator_index=0 expected_next=1 observed_next=1 qpc=3109305297282 duration_ticks=159683 hr=0x00000000
present frame=226 source_index=1 allocator_index=1 expected_next=2 observed_next=2 qpc=3109305457645 duration_ticks=172660 hr=0x00000000
present frame=227 source_index=2 allocator_index=2 expected_next=0 observed_next=0 qpc=3109305633494 duration_ticks=159908 hr=0x00000000
present frame=228 source_index=0 allocator_index=0 expected_next=1 observed_next=1 qpc=3109305796765 duration_ticks=161435 hr=0x00000000
present frame=229 source_index=1 allocator_index=1 expected_next=2 observed_next=2 qpc=3109305958871 duration_ticks=170268 hr=0x00000000
present frame=230 source_index=2 allocator_index=2 expected_next=0 observed_next=0 qpc=3109306133395 duration_ticks=158660 hr=0x00000000
present frame=231 source_index=0 allocator_index=0 expected_next=1 observed_next=1 qpc=3109306292690 duration_ticks=168935 hr=0x00000000
present frame=232 source_index=1 allocator_index=1 expected_next=2 observed_next=2 qpc=3109306514855 duration_ticks=108729 hr=0x00000000
present frame=233 source_index=2 allocator_index=2 expected_next=0 observed_next=0 qpc=3109306624635 duration_ticks=164845 hr=0x00000000
present frame=234 source_index=0 allocator_index=0 expected_next=1 observed_next=1 qpc=3109306790272 duration_ticks=166911 hr=0x00000000
present frame=235 source_index=1 allocator_index=1 expected_next=2 observed_next=2 qpc=3109306957989 duration_ticks=171513 hr=0x00000000
present frame=236 source_index=2 allocator_index=2 expected_next=0 observed_next=0 qpc=3109307132897 duration_ticks=163810 hr=0x00000000
present frame=237 source_index=0 allocator_index=0 expected_next=1 observed_next=1 qpc=3109307300321 duration_ticks=163463 hr=0x00000000
present frame=238 source_index=1 allocator_index=1 expected_next=2 observed_next=2 qpc=3109307467197 duration_ticks=162071 hr=0x00000000
present frame=239 source_index=2 allocator_index=2 expected_next=0 observed_next=0 qpc=3109307633497 duration_ticks=156027 hr=0x00000000
present frame=240 source_index=0 allocator_index=0 expected_next=1 observed_next=1 qpc=3109307791310 duration_ticks=168987 hr=0x00000000
present frame=241 source_index=1 allocator_index=1 expected_next=2 observed_next=2 qpc=3109307961857 duration_ticks=162029 hr=0x00000000
present frame=242 source_index=2 allocator_index=2 expected_next=0 observed_next=0 qpc=3109308124870 duration_ticks=165900 hr=0x00000000
present frame=243 source_index=0 allocator_index=0 expected_next=1 observed_next=1 qpc=3109308291487 duration_ticks=165875 hr=0x00000000
present frame=244 source_index=1 allocator_index=1 expected_next=2 observed_next=2 qpc=3109308458153 duration_ticks=168302 hr=0x00000000
present frame=245 source_index=2 allocator_index=2 expected_next=0 observed_next=0 qpc=3109308629145 duration_ticks=166811 hr=0x00000000
present frame=246 source_index=0 allocator_index=0 expected_next=1 observed_next=1 qpc=3109308799767 duration_ticks=163298 hr=0x00000000
present frame=247 source_index=1 allocator_index=1 expected_next=2 observed_next=2 qpc=3109308972705 duration_ticks=152030 hr=0x00000000
present frame=248 source_index=2 allocator_index=2 expected_next=0 observed_next=0 qpc=3109309125579 duration_ticks=165727 hr=0x00000000
present frame=249 source_index=0 allocator_index=0 expected_next=1 observed_next=1 qpc=3109309292057 duration_ticks=166165 hr=0x00000000
present frame=250 source_index=1 allocator_index=1 expected_next=2 observed_next=2 qpc=3109309459092 duration_ticks=160313 hr=0x00000000
present frame=251 source_index=2 allocator_index=2 expected_next=0 observed_next=0 qpc=3109309621246 duration_ticks=169755 hr=0x00000000
present frame=252 source_index=0 allocator_index=0 expected_next=1 observed_next=1 qpc=3109309792332 duration_ticks=164867 hr=0x00000000
present frame=253 source_index=1 allocator_index=1 expected_next=2 observed_next=2 qpc=3109309958155 duration_ticks=164637 hr=0x00000000
present frame=254 source_index=2 allocator_index=2 expected_next=0 observed_next=0 qpc=3109310123696 duration_ticks=168992 hr=0x00000000
present frame=255 source_index=0 allocator_index=0 expected_next=1 observed_next=1 qpc=3109310298030 duration_ticks=159127 hr=0x00000000
present frame=256 source_index=1 allocator_index=1 expected_next=2 observed_next=2 qpc=3109310457791 duration_ticks=170686 hr=0x00000000
present frame=257 source_index=2 allocator_index=2 expected_next=0 observed_next=0 qpc=3109310633246 duration_ticks=161404 hr=0x00000000
present frame=258 source_index=0 allocator_index=0 expected_next=1 observed_next=1 qpc=3109310801170 duration_ticks=159625 hr=0x00000000
present frame=259 source_index=1 allocator_index=1 expected_next=2 observed_next=2 qpc=3109310967580 duration_ticks=158682 hr=0x00000000
present frame=260 source_index=2 allocator_index=2 expected_next=0 observed_next=0 qpc=3109311131872 duration_ticks=164007 hr=0x00000000
present frame=261 source_index=0 allocator_index=0 expected_next=1 observed_next=1 qpc=3109311302511 duration_ticks=159435 hr=0x00000000
present frame=262 source_index=1 allocator_index=1 expected_next=2 observed_next=2 qpc=3109311468090 duration_ticks=159293 hr=0x00000000
present frame=263 source_index=2 allocator_index=2 expected_next=0 observed_next=0 qpc=3109311633030 duration_ticks=162459 hr=0x00000000
present frame=264 source_index=0 allocator_index=0 expected_next=1 observed_next=1 qpc=3109311800775 duration_ticks=163924 hr=0x00000000
present frame=265 source_index=1 allocator_index=1 expected_next=2 observed_next=2 qpc=3109311971614 duration_ticks=158732 hr=0x00000000
present frame=266 source_index=2 allocator_index=2 expected_next=0 observed_next=0 qpc=3109312140458 duration_ticks=154014 hr=0x00000000
present frame=267 source_index=0 allocator_index=0 expected_next=1 observed_next=1 qpc=3109312300459 duration_ticks=165877 hr=0x00000000
present frame=268 source_index=1 allocator_index=1 expected_next=2 observed_next=2 qpc=3109312477280 duration_ticks=153855 hr=0x00000000
present frame=269 source_index=2 allocator_index=2 expected_next=0 observed_next=0 qpc=3109312635290 duration_ticks=162177 hr=0x00000000
present frame=270 source_index=0 allocator_index=0 expected_next=1 observed_next=1 qpc=3109312801599 duration_ticks=161028 hr=0x00000000
present frame=271 source_index=1 allocator_index=1 expected_next=2 observed_next=2 qpc=3109312967959 duration_ticks=161177 hr=0x00000000
present frame=272 source_index=2 allocator_index=2 expected_next=0 observed_next=0 qpc=3109313133451 duration_ticks=163865 hr=0x00000000
present frame=273 source_index=0 allocator_index=0 expected_next=1 observed_next=1 qpc=3109313302742 duration_ticks=161317 hr=0x00000000
present frame=274 source_index=1 allocator_index=1 expected_next=2 observed_next=2 qpc=3109313468089 duration_ticks=161333 hr=0x00000000
present frame=275 source_index=2 allocator_index=2 expected_next=0 observed_next=0 qpc=3109313634969 duration_ticks=162035 hr=0x00000000
present frame=276 source_index=0 allocator_index=0 expected_next=1 observed_next=1 qpc=3109313801082 duration_ticks=164392 hr=0x00000000
present frame=277 source_index=1 allocator_index=1 expected_next=2 observed_next=2 qpc=3109313981629 duration_ticks=148819 hr=0x00000000
present frame=278 source_index=2 allocator_index=2 expected_next=0 observed_next=0 qpc=3109314135654 duration_ticks=159907 hr=0x00000000
present frame=279 source_index=0 allocator_index=0 expected_next=1 observed_next=1 qpc=3109314299612 duration_ticks=166406 hr=0x00000000
present frame=280 source_index=1 allocator_index=1 expected_next=2 observed_next=2 qpc=3109314470083 duration_ticks=160796 hr=0x00000000
present frame=281 source_index=2 allocator_index=2 expected_next=0 observed_next=0 qpc=3109314635045 duration_ticks=163920 hr=0x00000000
present frame=282 source_index=0 allocator_index=0 expected_next=1 observed_next=1 qpc=3109314804282 duration_ticks=158980 hr=0x00000000
present frame=283 source_index=1 allocator_index=1 expected_next=2 observed_next=2 qpc=3109314967772 duration_ticks=159659 hr=0x00000000
present frame=284 source_index=2 allocator_index=2 expected_next=0 observed_next=0 qpc=3109315137430 duration_ticks=158306 hr=0x00000000
present frame=285 source_index=0 allocator_index=0 expected_next=1 observed_next=1 qpc=3109315299770 duration_ticks=164513 hr=0x00000000
present frame=286 source_index=1 allocator_index=1 expected_next=2 observed_next=2 qpc=3109315468079 duration_ticks=162795 hr=0x00000000
present frame=287 source_index=2 allocator_index=2 expected_next=0 observed_next=0 qpc=3109315634826 duration_ticks=163262 hr=0x00000000
present frame=288 source_index=0 allocator_index=0 expected_next=1 observed_next=1 qpc=3109315802241 duration_ticks=164296 hr=0x00000000
present frame=289 source_index=1 allocator_index=1 expected_next=2 observed_next=2 qpc=3109315980521 duration_ticks=149571 hr=0x00000000
present frame=290 source_index=2 allocator_index=2 expected_next=0 observed_next=0 qpc=3109316140033 duration_ticks=156455 hr=0x00000000
present frame=291 source_index=0 allocator_index=0 expected_next=1 observed_next=1 qpc=3109316302315 duration_ticks=162443 hr=0x00000000
present frame=292 source_index=1 allocator_index=1 expected_next=2 observed_next=2 qpc=3109316510752 duration_ticks=112988 hr=0x00000000
present frame=293 source_index=2 allocator_index=2 expected_next=0 observed_next=0 qpc=3109316624246 duration_ticks=165552 hr=0x00000000
present frame=294 source_index=0 allocator_index=0 expected_next=1 observed_next=1 qpc=3109316790245 duration_ticks=165549 hr=0x00000000
present frame=295 source_index=1 allocator_index=1 expected_next=2 observed_next=2 qpc=3109316956383 duration_ticks=178621 hr=0x00000000
present frame=296 source_index=2 allocator_index=2 expected_next=0 observed_next=0 qpc=3109317140157 duration_ticks=158246 hr=0x00000000
present frame=297 source_index=0 allocator_index=0 expected_next=1 observed_next=1 qpc=3109317302446 duration_ticks=162789 hr=0x00000000
present frame=298 source_index=1 allocator_index=1 expected_next=2 observed_next=2 qpc=3109317471502 duration_ticks=161181 hr=0x00000000
present frame=299 source_index=2 allocator_index=2 expected_next=0 observed_next=0 qpc=3109317636651 duration_ticks=160431 hr=0x00000000
present frame=300 source_index=0 allocator_index=0 expected_next=1 observed_next=1 qpc=3109317807286 duration_ticks=154935 hr=0x00000000
present frame=301 source_index=1 allocator_index=1 expected_next=2 observed_next=2 qpc=3109317980012 duration_ticks=149434 hr=0x00000000
present frame=302 source_index=2 allocator_index=2 expected_next=0 observed_next=0 qpc=3109318134390 duration_ticks=164995 hr=0x00000000
present frame=303 source_index=0 allocator_index=0 expected_next=1 observed_next=1 qpc=3109318303490 duration_ticks=161124 hr=0x00000000
present frame=304 source_index=1 allocator_index=1 expected_next=2 observed_next=2 qpc=3109318468778 duration_ticks=164096 hr=0x00000000
present frame=305 source_index=2 allocator_index=2 expected_next=0 observed_next=0 qpc=3109318638862 duration_ticks=156280 hr=0x00000000
present frame=306 source_index=0 allocator_index=0 expected_next=1 observed_next=1 qpc=3109318799429 duration_ticks=169454 hr=0x00000000
present frame=307 source_index=1 allocator_index=1 expected_next=2 observed_next=2 qpc=3109318982772 duration_ticks=148490 hr=0x00000000
present frame=308 source_index=2 allocator_index=2 expected_next=0 observed_next=0 qpc=3109319134853 duration_ticks=161085 hr=0x00000000
present frame=309 source_index=0 allocator_index=0 expected_next=1 observed_next=1 qpc=3109319299524 duration_ticks=167207 hr=0x00000000
present frame=310 source_index=1 allocator_index=1 expected_next=2 observed_next=2 qpc=3109319471204 duration_ticks=159118 hr=0x00000000
present frame=311 source_index=2 allocator_index=2 expected_next=0 observed_next=0 qpc=3109319633845 duration_ticks=170139 hr=0x00000000
present frame=312 source_index=0 allocator_index=0 expected_next=1 observed_next=1 qpc=3109319813569 duration_ticks=148163 hr=0x00000000
present frame=313 source_index=1 allocator_index=1 expected_next=2 observed_next=2 qpc=3109319970087 duration_ticks=158209 hr=0x00000000
present frame=314 source_index=2 allocator_index=2 expected_next=0 observed_next=0 qpc=3109320135933 duration_ticks=158103 hr=0x00000000
present frame=315 source_index=0 allocator_index=0 expected_next=1 observed_next=1 qpc=3109320301643 duration_ticks=160512 hr=0x00000000
present frame=316 source_index=1 allocator_index=1 expected_next=2 observed_next=2 qpc=3109320465605 duration_ticks=163221 hr=0x00000000
present frame=317 source_index=2 allocator_index=2 expected_next=0 observed_next=0 qpc=3109320634532 duration_ticks=161566 hr=0x00000000
present frame=318 source_index=0 allocator_index=0 expected_next=1 observed_next=1 qpc=3109320802264 duration_ticks=160026 hr=0x00000000
present frame=319 source_index=1 allocator_index=1 expected_next=2 observed_next=2 qpc=3109320968140 duration_ticks=158406 hr=0x00000000
present frame=320 source_index=2 allocator_index=2 expected_next=0 observed_next=0 qpc=3109321132394 duration_ticks=165728 hr=0x00000000
present frame=321 source_index=0 allocator_index=0 expected_next=1 observed_next=1 qpc=3109321302733 duration_ticks=158899 hr=0x00000000
present frame=322 source_index=1 allocator_index=1 expected_next=2 observed_next=2 qpc=3109321465283 duration_ticks=163823 hr=0x00000000
present frame=323 source_index=2 allocator_index=2 expected_next=0 observed_next=0 qpc=3109321637601 duration_ticks=160232 hr=0x00000000
present frame=324 source_index=0 allocator_index=0 expected_next=1 observed_next=1 qpc=3109321810551 duration_ticks=151779 hr=0x00000000
present frame=325 source_index=1 allocator_index=1 expected_next=2 observed_next=2 qpc=3109321966020 duration_ticks=166169 hr=0x00000000
present frame=326 source_index=2 allocator_index=2 expected_next=0 observed_next=0 qpc=3109322137687 duration_ticks=160491 hr=0x00000000
present frame=327 source_index=0 allocator_index=0 expected_next=1 observed_next=1 qpc=3109322302219 duration_ticks=164525 hr=0x00000000
present frame=328 source_index=1 allocator_index=1 expected_next=2 observed_next=2 qpc=3109322472035 duration_ticks=158599 hr=0x00000000
present frame=329 source_index=2 allocator_index=2 expected_next=0 observed_next=0 qpc=3109322634598 duration_ticks=162802 hr=0x00000000
present frame=330 source_index=0 allocator_index=0 expected_next=1 observed_next=1 qpc=3109322804149 duration_ticks=159823 hr=0x00000000
present frame=331 source_index=1 allocator_index=1 expected_next=2 observed_next=2 qpc=3109322968226 duration_ticks=160410 hr=0x00000000
present frame=332 source_index=2 allocator_index=2 expected_next=0 observed_next=0 qpc=3109323132532 duration_ticks=162990 hr=0x00000000
present frame=333 source_index=0 allocator_index=0 expected_next=1 observed_next=1 qpc=3109323299437 duration_ticks=163878 hr=0x00000000
present frame=334 source_index=1 allocator_index=1 expected_next=2 observed_next=2 qpc=3109323466954 duration_ticks=163916 hr=0x00000000
present frame=335 source_index=2 allocator_index=2 expected_next=0 observed_next=0 qpc=3109323635078 duration_ticks=163063 hr=0x00000000
present frame=336 source_index=0 allocator_index=0 expected_next=1 observed_next=1 qpc=3109323802262 duration_ticks=161616 hr=0x00000000
present frame=337 source_index=1 allocator_index=1 expected_next=2 observed_next=2 qpc=3109323969552 duration_ticks=161900 hr=0x00000000
present frame=338 source_index=2 allocator_index=2 expected_next=0 observed_next=0 qpc=3109324135410 duration_ticks=161248 hr=0x00000000
present frame=339 source_index=0 allocator_index=0 expected_next=1 observed_next=1 qpc=3109324300447 duration_ticks=162364 hr=0x00000000
present frame=340 source_index=1 allocator_index=1 expected_next=2 observed_next=2 qpc=3109324466721 duration_ticks=161945 hr=0x00000000
present frame=341 source_index=2 allocator_index=2 expected_next=0 observed_next=0 qpc=3109324632171 duration_ticks=165339 hr=0x00000000
present frame=342 source_index=0 allocator_index=0 expected_next=1 observed_next=1 qpc=3109324817546 duration_ticks=145232 hr=0x00000000
present frame=343 source_index=1 allocator_index=1 expected_next=2 observed_next=2 qpc=3109324966451 duration_ticks=165402 hr=0x00000000
present frame=344 source_index=2 allocator_index=2 expected_next=0 observed_next=0 qpc=3109325136666 duration_ticks=159304 hr=0x00000000
present frame=345 source_index=0 allocator_index=0 expected_next=1 observed_next=1 qpc=3109325299985 duration_ticks=164985 hr=0x00000000
present frame=346 source_index=1 allocator_index=1 expected_next=2 observed_next=2 qpc=3109325471407 duration_ticks=158229 hr=0x00000000
present frame=347 source_index=2 allocator_index=2 expected_next=0 observed_next=0 qpc=3109325633490 duration_ticks=163812 hr=0x00000000
present frame=348 source_index=0 allocator_index=0 expected_next=1 observed_next=1 qpc=3109325802402 duration_ticks=162391 hr=0x00000000
present frame=349 source_index=1 allocator_index=1 expected_next=2 observed_next=2 qpc=3109325968357 duration_ticks=164337 hr=0x00000000
present frame=350 source_index=2 allocator_index=2 expected_next=0 observed_next=0 qpc=3109326136165 duration_ticks=164170 hr=0x00000000
present frame=351 source_index=0 allocator_index=0 expected_next=1 observed_next=1 qpc=3109326304097 duration_ticks=161279 hr=0x00000000
present frame=352 source_index=1 allocator_index=1 expected_next=2 observed_next=2 qpc=3109326494839 duration_ticks=122822 hr=0x00000000
present frame=353 source_index=2 allocator_index=2 expected_next=0 observed_next=0 qpc=3109326618684 duration_ticks=165610 hr=0x00000000
present frame=354 source_index=0 allocator_index=0 expected_next=1 observed_next=1 qpc=3109326785115 duration_ticks=171164 hr=0x00000000
present frame=355 source_index=1 allocator_index=1 expected_next=2 observed_next=2 qpc=3109326958566 duration_ticks=162770 hr=0x00000000
present frame=356 source_index=2 allocator_index=2 expected_next=0 observed_next=0 qpc=3109327124160 duration_ticks=166396 hr=0x00000000
present frame=357 source_index=0 allocator_index=0 expected_next=1 observed_next=1 qpc=3109327293246 duration_ticks=163678 hr=0x00000000
present frame=358 source_index=1 allocator_index=1 expected_next=2 observed_next=2 qpc=3109327461112 duration_ticks=162902 hr=0x00000000
present frame=359 source_index=2 allocator_index=2 expected_next=0 observed_next=0 qpc=3109327626602 duration_ticks=163074 hr=0x00000000
present frame=360 source_index=0 allocator_index=0 expected_next=1 observed_next=1 qpc=3109327798154 duration_ticks=157132 hr=0x00000000
present frame=361 source_index=1 allocator_index=1 expected_next=2 observed_next=2 qpc=3109327957975 duration_ticks=166332 hr=0x00000000
present frame=362 source_index=2 allocator_index=2 expected_next=0 observed_next=0 qpc=3109328126855 duration_ticks=166455 hr=0x00000000
present frame=363 source_index=0 allocator_index=0 expected_next=1 observed_next=1 qpc=3109328296371 duration_ticks=160933 hr=0x00000000
present frame=364 source_index=1 allocator_index=1 expected_next=2 observed_next=2 qpc=3109328460599 duration_ticks=173763 hr=0x00000000
present frame=365 source_index=2 allocator_index=2 expected_next=0 observed_next=0 qpc=3109328642049 duration_ticks=153343 hr=0x00000000
present frame=366 source_index=0 allocator_index=0 expected_next=1 observed_next=1 qpc=3109328799048 duration_ticks=163667 hr=0x00000000
present frame=367 source_index=1 allocator_index=1 expected_next=2 observed_next=2 qpc=3109328966794 duration_ticks=164562 hr=0x00000000
present frame=368 source_index=2 allocator_index=2 expected_next=0 observed_next=0 qpc=3109329135825 duration_ticks=158720 hr=0x00000000
present frame=369 source_index=0 allocator_index=0 expected_next=1 observed_next=1 qpc=3109329301959 duration_ticks=163628 hr=0x00000000
present frame=370 source_index=1 allocator_index=1 expected_next=2 observed_next=2 qpc=3109329480922 duration_ticks=147903 hr=0x00000000
present frame=371 source_index=2 allocator_index=2 expected_next=0 observed_next=0 qpc=3109329630195 duration_ticks=162931 hr=0x00000000
present frame=372 source_index=0 allocator_index=0 expected_next=1 observed_next=1 qpc=3109329794460 duration_ticks=162852 hr=0x00000000
present frame=373 source_index=1 allocator_index=1 expected_next=2 observed_next=2 qpc=3109329957946 duration_ticks=165864 hr=0x00000000
present frame=374 source_index=2 allocator_index=2 expected_next=0 observed_next=0 qpc=3109330124400 duration_ticks=167586 hr=0x00000000
present frame=375 source_index=0 allocator_index=0 expected_next=1 observed_next=1 qpc=3109330295330 duration_ticks=167318 hr=0x00000000
present frame=376 source_index=1 allocator_index=1 expected_next=2 observed_next=2 qpc=3109330466696 duration_ticks=164789 hr=0x00000000
present frame=377 source_index=2 allocator_index=2 expected_next=0 observed_next=0 qpc=3109330640160 duration_ticks=150358 hr=0x00000000
present frame=378 source_index=0 allocator_index=0 expected_next=1 observed_next=1 qpc=3109330791472 duration_ticks=169994 hr=0x00000000
present frame=379 source_index=1 allocator_index=1 expected_next=2 observed_next=2 qpc=3109330965730 duration_ticks=160562 hr=0x00000000
present frame=380 source_index=2 allocator_index=2 expected_next=0 observed_next=0 qpc=3109331131237 duration_ticks=162423 hr=0x00000000
present frame=381 source_index=0 allocator_index=0 expected_next=1 observed_next=1 qpc=3109331295202 duration_ticks=163219 hr=0x00000000
present frame=382 source_index=1 allocator_index=1 expected_next=2 observed_next=2 qpc=3109331459380 duration_ticks=159602 hr=0x00000000
present frame=383 source_index=2 allocator_index=2 expected_next=0 observed_next=0 qpc=3109331620092 duration_ticks=164118 hr=0x00000000
present frame=384 source_index=0 allocator_index=0 expected_next=1 observed_next=1 qpc=3109331785367 duration_ticks=164572 hr=0x00000000
present frame=385 source_index=1 allocator_index=1 expected_next=2 observed_next=2 qpc=3109331950445 duration_ticks=166312 hr=0x00000000
present frame=386 source_index=2 allocator_index=2 expected_next=0 observed_next=0 qpc=3109332117151 duration_ticks=166409 hr=0x00000000
present frame=387 source_index=0 allocator_index=0 expected_next=1 observed_next=1 qpc=3109332284027 duration_ticks=166036 hr=0x00000000
present frame=388 source_index=1 allocator_index=1 expected_next=2 observed_next=2 qpc=3109332450536 duration_ticks=166322 hr=0x00000000
present frame=389 source_index=2 allocator_index=2 expected_next=0 observed_next=0 qpc=3109332617212 duration_ticks=167418 hr=0x00000000
present frame=390 source_index=0 allocator_index=0 expected_next=1 observed_next=1 qpc=3109332785003 duration_ticks=166937 hr=0x00000000
present frame=391 source_index=1 allocator_index=1 expected_next=2 observed_next=2 qpc=3109332952710 duration_ticks=165820 hr=0x00000000
present frame=392 source_index=2 allocator_index=2 expected_next=0 observed_next=0 qpc=3109333119019 duration_ticks=168674 hr=0x00000000
present frame=393 source_index=0 allocator_index=0 expected_next=1 observed_next=1 qpc=3109333289801 duration_ticks=168713 hr=0x00000000
present frame=394 source_index=1 allocator_index=1 expected_next=2 observed_next=2 qpc=3109333464022 duration_ticks=166638 hr=0x00000000
present frame=395 source_index=2 allocator_index=2 expected_next=0 observed_next=0 qpc=3109333637809 duration_ticks=160425 hr=0x00000000
present frame=396 source_index=0 allocator_index=0 expected_next=1 observed_next=1 qpc=3109333804458 duration_ticks=162877 hr=0x00000000
present frame=397 source_index=1 allocator_index=1 expected_next=2 observed_next=2 qpc=3109333990551 duration_ticks=139616 hr=0x00000000
present frame=398 source_index=2 allocator_index=2 expected_next=0 observed_next=0 qpc=3109334133997 duration_ticks=164622 hr=0x00000000
present frame=399 source_index=0 allocator_index=0 expected_next=1 observed_next=1 qpc=3109334303174 duration_ticks=158841 hr=0x00000000
present frame=400 source_index=1 allocator_index=1 expected_next=2 observed_next=2 qpc=3109334466940 duration_ticks=163269 hr=0x00000000
present frame=401 source_index=2 allocator_index=2 expected_next=0 observed_next=0 qpc=3109334634430 duration_ticks=160535 hr=0x00000000
present frame=402 source_index=0 allocator_index=0 expected_next=1 observed_next=1 qpc=3109334799612 duration_ticks=164081 hr=0x00000000
present frame=403 source_index=1 allocator_index=1 expected_next=2 observed_next=2 qpc=3109334968845 duration_ticks=162056 hr=0x00000000
present frame=404 source_index=2 allocator_index=2 expected_next=0 observed_next=0 qpc=3109335142290 duration_ticks=153923 hr=0x00000000
present frame=405 source_index=0 allocator_index=0 expected_next=1 observed_next=1 qpc=3109335300017 duration_ticks=163316 hr=0x00000000
present frame=406 source_index=1 allocator_index=1 expected_next=2 observed_next=2 qpc=3109335468194 duration_ticks=158858 hr=0x00000000
present frame=407 source_index=2 allocator_index=2 expected_next=0 observed_next=0 qpc=3109335632722 duration_ticks=162154 hr=0x00000000
present frame=408 source_index=0 allocator_index=0 expected_next=1 observed_next=1 qpc=3109335801732 duration_ticks=158642 hr=0x00000000
present frame=409 source_index=1 allocator_index=1 expected_next=2 observed_next=2 qpc=3109335963837 duration_ticks=162657 hr=0x00000000
present frame=410 source_index=2 allocator_index=2 expected_next=0 observed_next=0 qpc=3109336130590 duration_ticks=166498 hr=0x00000000
present frame=411 source_index=0 allocator_index=0 expected_next=1 observed_next=1 qpc=3109336301010 duration_ticks=162161 hr=0x00000000
present frame=412 source_index=1 allocator_index=1 expected_next=2 observed_next=2 qpc=3109336491723 duration_ticks=130136 hr=0x00000000
present frame=413 source_index=2 allocator_index=2 expected_next=0 observed_next=0 qpc=3109336623197 duration_ticks=172202 hr=0x00000000
present frame=414 source_index=0 allocator_index=0 expected_next=1 observed_next=1 qpc=3109336800455 duration_ticks=163752 hr=0x00000000
present frame=415 source_index=1 allocator_index=1 expected_next=2 observed_next=2 qpc=3109336969675 duration_ticks=163203 hr=0x00000000
present frame=416 source_index=2 allocator_index=2 expected_next=0 observed_next=0 qpc=3109337139496 duration_ticks=157576 hr=0x00000000
present frame=417 source_index=0 allocator_index=0 expected_next=1 observed_next=1 qpc=3109337301061 duration_ticks=166967 hr=0x00000000
present frame=418 source_index=1 allocator_index=1 expected_next=2 observed_next=2 qpc=3109337472233 duration_ticks=158707 hr=0x00000000
present frame=419 source_index=2 allocator_index=2 expected_next=0 observed_next=0 qpc=3109337634680 duration_ticks=165359 hr=0x00000000
present frame=420 source_index=0 allocator_index=0 expected_next=1 observed_next=1 qpc=3109337804275 duration_ticks=158877 hr=0x00000000
present frame=421 source_index=1 allocator_index=1 expected_next=2 observed_next=2 qpc=3109337967089 duration_ticks=161473 hr=0x00000000
present frame=422 source_index=2 allocator_index=2 expected_next=0 observed_next=0 qpc=3109338136590 duration_ticks=160913 hr=0x00000000
present frame=423 source_index=0 allocator_index=0 expected_next=1 observed_next=1 qpc=3109338301489 duration_ticks=162270 hr=0x00000000
present frame=424 source_index=1 allocator_index=1 expected_next=2 observed_next=2 qpc=3109338472444 duration_ticks=157901 hr=0x00000000
present frame=425 source_index=2 allocator_index=2 expected_next=0 observed_next=0 qpc=3109338635174 duration_ticks=162384 hr=0x00000000
present frame=426 source_index=0 allocator_index=0 expected_next=1 observed_next=1 qpc=3109338801483 duration_ticks=162420 hr=0x00000000
present frame=427 source_index=1 allocator_index=1 expected_next=2 observed_next=2 qpc=3109338967874 duration_ticks=160262 hr=0x00000000
present frame=428 source_index=2 allocator_index=2 expected_next=0 observed_next=0 qpc=3109339134527 duration_ticks=161738 hr=0x00000000
present frame=429 source_index=0 allocator_index=0 expected_next=1 observed_next=1 qpc=3109339301880 duration_ticks=160900 hr=0x00000000
present frame=430 source_index=1 allocator_index=1 expected_next=2 observed_next=2 qpc=3109339471839 duration_ticks=154574 hr=0x00000000
present frame=431 source_index=2 allocator_index=2 expected_next=0 observed_next=0 qpc=3109339628967 duration_ticks=160722 hr=0x00000000
present frame=432 source_index=0 allocator_index=0 expected_next=1 observed_next=1 qpc=3109339791495 duration_ticks=166182 hr=0x00000000
present frame=433 source_index=1 allocator_index=1 expected_next=2 observed_next=2 qpc=3109339959036 duration_ticks=164282 hr=0x00000000
present frame=434 source_index=2 allocator_index=2 expected_next=0 observed_next=0 qpc=3109340124137 duration_ticks=163859 hr=0x00000000
present frame=435 source_index=0 allocator_index=0 expected_next=1 observed_next=1 qpc=3109340288783 duration_ticks=166213 hr=0x00000000
present frame=436 source_index=1 allocator_index=1 expected_next=2 observed_next=2 qpc=3109340456018 duration_ticks=168707 hr=0x00000000
present frame=437 source_index=2 allocator_index=2 expected_next=0 observed_next=0 qpc=3109340627178 duration_ticks=163125 hr=0x00000000
present frame=438 source_index=0 allocator_index=0 expected_next=1 observed_next=1 qpc=3109340791340 duration_ticks=169124 hr=0x00000000
present frame=439 source_index=1 allocator_index=1 expected_next=2 observed_next=2 qpc=3109340963789 duration_ticks=158825 hr=0x00000000
present frame=440 source_index=2 allocator_index=2 expected_next=0 observed_next=0 qpc=3109341123441 duration_ticks=166755 hr=0x00000000
present frame=441 source_index=0 allocator_index=0 expected_next=1 observed_next=1 qpc=3109341291025 duration_ticks=168072 hr=0x00000000
present frame=442 source_index=1 allocator_index=1 expected_next=2 observed_next=2 qpc=3109341463925 duration_ticks=155640 hr=0x00000000
present frame=443 source_index=2 allocator_index=2 expected_next=0 observed_next=0 qpc=3109341620310 duration_ticks=171963 hr=0x00000000
present frame=444 source_index=0 allocator_index=0 expected_next=1 observed_next=1 qpc=3109341795735 duration_ticks=161687 hr=0x00000000
present frame=445 source_index=1 allocator_index=1 expected_next=2 observed_next=2 qpc=3109341958449 duration_ticks=168879 hr=0x00000000
present frame=446 source_index=2 allocator_index=2 expected_next=0 observed_next=0 qpc=3109342130593 duration_ticks=160501 hr=0x00000000
present frame=447 source_index=0 allocator_index=0 expected_next=1 observed_next=1 qpc=3109342291957 duration_ticks=165290 hr=0x00000000
present frame=448 source_index=1 allocator_index=1 expected_next=2 observed_next=2 qpc=3109342457900 duration_ticks=167477 hr=0x00000000
present frame=449 source_index=2 allocator_index=2 expected_next=0 observed_next=0 qpc=3109342625991 duration_ticks=167813 hr=0x00000000
present frame=450 source_index=0 allocator_index=0 expected_next=1 observed_next=1 qpc=3109342797291 duration_ticks=164396 hr=0x00000000
present frame=451 source_index=1 allocator_index=1 expected_next=2 observed_next=2 qpc=3109342965641 duration_ticks=163393 hr=0x00000000
present frame=452 source_index=2 allocator_index=2 expected_next=0 observed_next=0 qpc=3109343132565 duration_ticks=157617 hr=0x00000000
present frame=453 source_index=0 allocator_index=0 expected_next=1 observed_next=1 qpc=3109343290870 duration_ticks=172830 hr=0x00000000
present frame=454 source_index=1 allocator_index=1 expected_next=2 observed_next=2 qpc=3109343467835 duration_ticks=159737 hr=0x00000000
present frame=455 source_index=2 allocator_index=2 expected_next=0 observed_next=0 qpc=3109343631038 duration_ticks=160088 hr=0x00000000
present frame=456 source_index=0 allocator_index=0 expected_next=1 observed_next=1 qpc=3109343792308 duration_ticks=165183 hr=0x00000000
present frame=457 source_index=1 allocator_index=1 expected_next=2 observed_next=2 qpc=3109343958257 duration_ticks=164351 hr=0x00000000
present frame=458 source_index=2 allocator_index=2 expected_next=0 observed_next=0 qpc=3109344123640 duration_ticks=167052 hr=0x00000000
present frame=459 source_index=0 allocator_index=0 expected_next=1 observed_next=1 qpc=3109344291751 duration_ticks=163867 hr=0x00000000
present frame=460 source_index=1 allocator_index=1 expected_next=2 observed_next=2 qpc=3109344456507 duration_ticks=171587 hr=0x00000000
present frame=461 source_index=2 allocator_index=2 expected_next=0 observed_next=0 qpc=3109344630242 duration_ticks=160485 hr=0x00000000
present frame=462 source_index=0 allocator_index=0 expected_next=1 observed_next=1 qpc=3109344792213 duration_ticks=160265 hr=0x00000000
present frame=463 source_index=1 allocator_index=1 expected_next=2 observed_next=2 qpc=3109344953402 duration_ticks=164228 hr=0x00000000
present frame=464 source_index=2 allocator_index=2 expected_next=0 observed_next=0 qpc=3109345118343 duration_ticks=164743 hr=0x00000000
present frame=465 source_index=0 allocator_index=0 expected_next=1 observed_next=1 qpc=3109345283582 duration_ticks=167577 hr=0x00000000
present frame=466 source_index=1 allocator_index=1 expected_next=2 observed_next=2 qpc=3109345451864 duration_ticks=166581 hr=0x00000000
present frame=467 source_index=2 allocator_index=2 expected_next=0 observed_next=0 qpc=3109345619157 duration_ticks=163118 hr=0x00000000
present frame=468 source_index=0 allocator_index=0 expected_next=1 observed_next=1 qpc=3109345782714 duration_ticks=170236 hr=0x00000000
present frame=469 source_index=1 allocator_index=1 expected_next=2 observed_next=2 qpc=3109345953847 duration_ticks=162875 hr=0x00000000
present frame=470 source_index=2 allocator_index=2 expected_next=0 observed_next=0 qpc=3109346117257 duration_ticks=166444 hr=0x00000000
present frame=471 source_index=0 allocator_index=0 expected_next=1 observed_next=1 qpc=3109346284106 duration_ticks=167254 hr=0x00000000
present frame=472 source_index=1 allocator_index=1 expected_next=2 observed_next=2 qpc=3109346451716 duration_ticks=164667 hr=0x00000000
present frame=473 source_index=2 allocator_index=2 expected_next=0 observed_next=0 qpc=3109346616731 duration_ticks=166225 hr=0x00000000
present frame=474 source_index=0 allocator_index=0 expected_next=1 observed_next=1 qpc=3109346783284 duration_ticks=169881 hr=0x00000000
present frame=475 source_index=1 allocator_index=1 expected_next=2 observed_next=2 qpc=3109346953543 duration_ticks=164861 hr=0x00000000
present frame=476 source_index=2 allocator_index=2 expected_next=0 observed_next=0 qpc=3109347118869 duration_ticks=166580 hr=0x00000000
present frame=477 source_index=0 allocator_index=0 expected_next=1 observed_next=1 qpc=3109347285809 duration_ticks=168666 hr=0x00000000
present frame=478 source_index=1 allocator_index=1 expected_next=2 observed_next=2 qpc=3109347454955 duration_ticks=167748 hr=0x00000000
present frame=479 source_index=2 allocator_index=2 expected_next=0 observed_next=0 qpc=3109347623342 duration_ticks=165457 hr=0x00000000
present frame=480 source_index=0 allocator_index=0 expected_next=1 observed_next=1 qpc=3109347789377 duration_ticks=170819 hr=0x00000000
present frame=481 source_index=1 allocator_index=1 expected_next=2 observed_next=2 qpc=3109347963469 duration_ticks=163141 hr=0x00000000
present frame=482 source_index=2 allocator_index=2 expected_next=0 observed_next=0 qpc=3109348130142 duration_ticks=162222 hr=0x00000000
present frame=483 source_index=0 allocator_index=0 expected_next=1 observed_next=1 qpc=3109348296408 duration_ticks=165152 hr=0x00000000
present frame=484 source_index=1 allocator_index=1 expected_next=2 observed_next=2 qpc=3109348466007 duration_ticks=157577 hr=0x00000000
present frame=485 source_index=2 allocator_index=2 expected_next=0 observed_next=0 qpc=3109348624205 duration_ticks=168428 hr=0x00000000
present frame=486 source_index=0 allocator_index=0 expected_next=1 observed_next=1 qpc=3109348797067 duration_ticks=162136 hr=0x00000000
present frame=487 source_index=1 allocator_index=1 expected_next=2 observed_next=2 qpc=3109348963845 duration_ticks=165121 hr=0x00000000
present frame=488 source_index=2 allocator_index=2 expected_next=0 observed_next=0 qpc=3109349134911 duration_ticks=161271 hr=0x00000000
present frame=489 source_index=0 allocator_index=0 expected_next=1 observed_next=1 qpc=3109349301632 duration_ticks=154084 hr=0x00000000
present frame=490 source_index=1 allocator_index=1 expected_next=2 observed_next=2 qpc=3109349456695 duration_ticks=170566 hr=0x00000000
present frame=491 source_index=2 allocator_index=2 expected_next=0 observed_next=0 qpc=3109349629621 duration_ticks=159805 hr=0x00000000
present frame=492 source_index=0 allocator_index=0 expected_next=1 observed_next=1 qpc=3109349790435 duration_ticks=165648 hr=0x00000000
present frame=493 source_index=1 allocator_index=1 expected_next=2 observed_next=2 qpc=3109349956809 duration_ticks=165562 hr=0x00000000
present frame=494 source_index=2 allocator_index=2 expected_next=0 observed_next=0 qpc=3109350123049 duration_ticks=170149 hr=0x00000000
present frame=495 source_index=0 allocator_index=0 expected_next=1 observed_next=1 qpc=3109350297612 duration_ticks=160901 hr=0x00000000
present frame=496 source_index=1 allocator_index=1 expected_next=2 observed_next=2 qpc=3109350463659 duration_ticks=164197 hr=0x00000000
present frame=497 source_index=2 allocator_index=2 expected_next=0 observed_next=0 qpc=3109350633366 duration_ticks=161123 hr=0x00000000
present frame=498 source_index=0 allocator_index=0 expected_next=1 observed_next=1 qpc=3109350799258 duration_ticks=162743 hr=0x00000000
present frame=499 source_index=1 allocator_index=1 expected_next=2 observed_next=2 qpc=3109350968395 duration_ticks=159512 hr=0x00000000
present frame=500 source_index=2 allocator_index=2 expected_next=0 observed_next=0 qpc=3109351137371 duration_ticks=156409 hr=0x00000000
present frame=501 source_index=0 allocator_index=0 expected_next=1 observed_next=1 qpc=3109351297357 duration_ticks=163722 hr=0x00000000
present frame=502 source_index=1 allocator_index=1 expected_next=2 observed_next=2 qpc=3109351466542 duration_ticks=160835 hr=0x00000000
present frame=503 source_index=2 allocator_index=2 expected_next=0 observed_next=0 qpc=3109351633671 duration_ticks=161554 hr=0x00000000
present frame=504 source_index=0 allocator_index=0 expected_next=1 observed_next=1 qpc=3109351798902 duration_ticks=162437 hr=0x00000000
present frame=505 source_index=1 allocator_index=1 expected_next=2 observed_next=2 qpc=3109351965923 duration_ticks=165174 hr=0x00000000
present frame=506 source_index=2 allocator_index=2 expected_next=0 observed_next=0 qpc=3109352137177 duration_ticks=160194 hr=0x00000000
present frame=507 source_index=0 allocator_index=0 expected_next=1 observed_next=1 qpc=3109352304650 duration_ticks=156575 hr=0x00000000
present frame=508 source_index=1 allocator_index=1 expected_next=2 observed_next=2 qpc=3109352466928 duration_ticks=163585 hr=0x00000000
present frame=509 source_index=2 allocator_index=2 expected_next=0 observed_next=0 qpc=3109352653383 duration_ticks=142187 hr=0x00000000
present frame=510 source_index=0 allocator_index=0 expected_next=1 observed_next=1 qpc=3109352800367 duration_ticks=162488 hr=0x00000000
present frame=511 source_index=1 allocator_index=1 expected_next=2 observed_next=2 qpc=3109352967266 duration_ticks=162902 hr=0x00000000
present frame=512 source_index=2 allocator_index=2 expected_next=0 observed_next=0 qpc=3109353133981 duration_ticks=161287 hr=0x00000000
present frame=513 source_index=0 allocator_index=0 expected_next=1 observed_next=1 qpc=3109353299200 duration_ticks=166207 hr=0x00000000
present frame=514 source_index=1 allocator_index=1 expected_next=2 observed_next=2 qpc=3109353469110 duration_ticks=160645 hr=0x00000000
present frame=515 source_index=2 allocator_index=2 expected_next=0 observed_next=0 qpc=3109353634547 duration_ticks=165203 hr=0x00000000
present frame=516 source_index=0 allocator_index=0 expected_next=1 observed_next=1 qpc=3109353829224 duration_ticks=134230 hr=0x00000000
present frame=517 source_index=1 allocator_index=1 expected_next=2 observed_next=2 qpc=3109353967525 duration_ticks=161957 hr=0x00000000
present frame=518 source_index=2 allocator_index=2 expected_next=0 observed_next=0 qpc=3109354135735 duration_ticks=162049 hr=0x00000000
present frame=519 source_index=0 allocator_index=0 expected_next=1 observed_next=1 qpc=3109354328952 duration_ticks=127375 hr=0x00000000
present frame=520 source_index=1 allocator_index=1 expected_next=2 observed_next=2 qpc=3109354456966 duration_ticks=166194 hr=0x00000000
present frame=521 source_index=2 allocator_index=2 expected_next=0 observed_next=0 qpc=3109354623716 duration_ticks=173864 hr=0x00000000
present frame=522 source_index=0 allocator_index=0 expected_next=1 observed_next=1 qpc=3109354801553 duration_ticks=162354 hr=0x00000000
present frame=523 source_index=1 allocator_index=1 expected_next=2 observed_next=2 qpc=3109354973779 duration_ticks=155412 hr=0x00000000
present frame=524 source_index=2 allocator_index=2 expected_next=0 observed_next=0 qpc=3109355133774 duration_ticks=163478 hr=0x00000000
present frame=525 source_index=0 allocator_index=0 expected_next=1 observed_next=1 qpc=3109355301614 duration_ticks=161246 hr=0x00000000
present frame=526 source_index=1 allocator_index=1 expected_next=2 observed_next=2 qpc=3109355466813 duration_ticks=163527 hr=0x00000000
present frame=527 source_index=2 allocator_index=2 expected_next=0 observed_next=0 qpc=3109355633926 duration_ticks=163426 hr=0x00000000
present frame=528 source_index=0 allocator_index=0 expected_next=1 observed_next=1 qpc=3109355803593 duration_ticks=157237 hr=0x00000000
present frame=529 source_index=1 allocator_index=1 expected_next=2 observed_next=2 qpc=3109355965155 duration_ticks=163277 hr=0x00000000
present frame=530 source_index=2 allocator_index=2 expected_next=0 observed_next=0 qpc=3109356136440 duration_ticks=161037 hr=0x00000000
present frame=531 source_index=0 allocator_index=0 expected_next=1 observed_next=1 qpc=3109356301625 duration_ticks=163775 hr=0x00000000
present frame=532 source_index=1 allocator_index=1 expected_next=2 observed_next=2 qpc=3109356519441 duration_ticks=105212 hr=0x00000000
present frame=533 source_index=2 allocator_index=2 expected_next=0 observed_next=0 qpc=3109356625118 duration_ticks=164516 hr=0x00000000
present frame=534 source_index=0 allocator_index=0 expected_next=1 observed_next=1 qpc=3109356790242 duration_ticks=165017 hr=0x00000000
present frame=535 source_index=1 allocator_index=1 expected_next=2 observed_next=2 qpc=3109356955815 duration_ticks=175766 hr=0x00000000
present frame=536 source_index=2 allocator_index=2 expected_next=0 observed_next=0 qpc=3109357135690 duration_ticks=162336 hr=0x00000000
present frame=537 source_index=0 allocator_index=0 expected_next=1 observed_next=1 qpc=3109357302129 duration_ticks=159669 hr=0x00000000
present frame=538 source_index=1 allocator_index=1 expected_next=2 observed_next=2 qpc=3109357465893 duration_ticks=165568 hr=0x00000000
present frame=539 source_index=2 allocator_index=2 expected_next=0 observed_next=0 qpc=3109357640280 duration_ticks=153737 hr=0x00000000
present frame=540 source_index=0 allocator_index=0 expected_next=1 observed_next=1 qpc=3109357798108 duration_ticks=163764 hr=0x00000000
present frame=541 source_index=1 allocator_index=1 expected_next=2 observed_next=2 qpc=3109357966256 duration_ticks=164041 hr=0x00000000
present frame=542 source_index=2 allocator_index=2 expected_next=0 observed_next=0 qpc=3109358138156 duration_ticks=155902 hr=0x00000000
present frame=543 source_index=0 allocator_index=0 expected_next=1 observed_next=1 qpc=3109358297609 duration_ticks=163372 hr=0x00000000
present frame=544 source_index=1 allocator_index=1 expected_next=2 observed_next=2 qpc=3109358465467 duration_ticks=163790 hr=0x00000000
present frame=545 source_index=2 allocator_index=2 expected_next=0 observed_next=0 qpc=3109358633179 duration_ticks=161429 hr=0x00000000
present frame=546 source_index=0 allocator_index=0 expected_next=1 observed_next=1 qpc=3109358801965 duration_ticks=160419 hr=0x00000000
present frame=547 source_index=1 allocator_index=1 expected_next=2 observed_next=2 qpc=3109358966195 duration_ticks=163383 hr=0x00000000
present frame=548 source_index=2 allocator_index=2 expected_next=0 observed_next=0 qpc=3109359134239 duration_ticks=159856 hr=0x00000000
present frame=549 source_index=0 allocator_index=0 expected_next=1 observed_next=1 qpc=3109359298193 duration_ticks=163428 hr=0x00000000
present frame=550 source_index=1 allocator_index=1 expected_next=2 observed_next=2 qpc=3109359469660 duration_ticks=157102 hr=0x00000000
present frame=551 source_index=2 allocator_index=2 expected_next=0 observed_next=0 qpc=3109359632366 duration_ticks=159997 hr=0x00000000
present frame=552 source_index=0 allocator_index=0 expected_next=1 observed_next=1 qpc=3109359796672 duration_ticks=162907 hr=0x00000000
present frame=553 source_index=1 allocator_index=1 expected_next=2 observed_next=2 qpc=3109359964434 duration_ticks=161145 hr=0x00000000
present frame=554 source_index=2 allocator_index=2 expected_next=0 observed_next=0 qpc=3109360128984 duration_ticks=163483 hr=0x00000000
present frame=555 source_index=0 allocator_index=0 expected_next=1 observed_next=1 qpc=3109360302020 duration_ticks=160928 hr=0x00000000
present frame=556 source_index=1 allocator_index=1 expected_next=2 observed_next=2 qpc=3109360466879 duration_ticks=163334 hr=0x00000000
present frame=557 source_index=2 allocator_index=2 expected_next=0 observed_next=0 qpc=3109360634186 duration_ticks=157539 hr=0x00000000
present frame=558 source_index=0 allocator_index=0 expected_next=1 observed_next=1 qpc=3109360792847 duration_ticks=164680 hr=0x00000000
present frame=559 source_index=1 allocator_index=1 expected_next=2 observed_next=2 qpc=3109360959436 duration_ticks=162978 hr=0x00000000
present frame=560 source_index=2 allocator_index=2 expected_next=0 observed_next=0 qpc=3109361123445 duration_ticks=165915 hr=0x00000000
present frame=561 source_index=0 allocator_index=0 expected_next=1 observed_next=1 qpc=3109361290247 duration_ticks=170843 hr=0x00000000
present frame=562 source_index=1 allocator_index=1 expected_next=2 observed_next=2 qpc=3109361464983 duration_ticks=160831 hr=0x00000000
present frame=563 source_index=2 allocator_index=2 expected_next=0 observed_next=0 qpc=3109361631384 duration_ticks=162838 hr=0x00000000
present frame=564 source_index=0 allocator_index=0 expected_next=1 observed_next=1 qpc=3109361799078 duration_ticks=161853 hr=0x00000000
present frame=565 source_index=1 allocator_index=1 expected_next=2 observed_next=2 qpc=3109361965564 duration_ticks=161293 hr=0x00000000
present frame=566 source_index=2 allocator_index=2 expected_next=0 observed_next=0 qpc=3109362133372 duration_ticks=162154 hr=0x00000000
present frame=567 source_index=0 allocator_index=0 expected_next=1 observed_next=1 qpc=3109362300781 duration_ticks=160899 hr=0x00000000
present frame=568 source_index=1 allocator_index=1 expected_next=2 observed_next=2 qpc=3109362466817 duration_ticks=168067 hr=0x00000000
present frame=569 source_index=2 allocator_index=2 expected_next=0 observed_next=0 qpc=3109362642493 duration_ticks=155688 hr=0x00000000
present frame=570 source_index=0 allocator_index=0 expected_next=1 observed_next=1 qpc=3109362804038 duration_ticks=159856 hr=0x00000000
present frame=571 source_index=1 allocator_index=1 expected_next=2 observed_next=2 qpc=3109362973871 duration_ticks=153025 hr=0x00000000
present frame=572 source_index=2 allocator_index=2 expected_next=0 observed_next=0 qpc=3109363132790 duration_ticks=164414 hr=0x00000000
present frame=573 source_index=0 allocator_index=0 expected_next=1 observed_next=1 qpc=3109363301717 duration_ticks=163779 hr=0x00000000
present frame=574 source_index=1 allocator_index=1 expected_next=2 observed_next=2 qpc=3109363469455 duration_ticks=159179 hr=0x00000000
present frame=575 source_index=2 allocator_index=2 expected_next=0 observed_next=0 qpc=3109363633357 duration_ticks=163945 hr=0x00000000
present frame=576 source_index=0 allocator_index=0 expected_next=1 observed_next=1 qpc=3109363801277 duration_ticks=159422 hr=0x00000000
present frame=577 source_index=1 allocator_index=1 expected_next=2 observed_next=2 qpc=3109363965286 duration_ticks=164487 hr=0x00000000
present frame=578 source_index=2 allocator_index=2 expected_next=0 observed_next=0 qpc=3109364138443 duration_ticks=158065 hr=0x00000000
present frame=579 source_index=0 allocator_index=0 expected_next=1 observed_next=1 qpc=3109364300339 duration_ticks=161838 hr=0x00000000
present frame=580 source_index=1 allocator_index=1 expected_next=2 observed_next=2 qpc=3109364466297 duration_ticks=164042 hr=0x00000000
present frame=581 source_index=2 allocator_index=2 expected_next=0 observed_next=0 qpc=3109364634386 duration_ticks=162061 hr=0x00000000
present frame=582 source_index=0 allocator_index=0 expected_next=1 observed_next=1 qpc=3109364802382 duration_ticks=162268 hr=0x00000000
present frame=583 source_index=1 allocator_index=1 expected_next=2 observed_next=2 qpc=3109364968574 duration_ticks=157035 hr=0x00000000
present frame=584 source_index=2 allocator_index=2 expected_next=0 observed_next=0 qpc=3109365131255 duration_ticks=164242 hr=0x00000000
present frame=585 source_index=0 allocator_index=0 expected_next=1 observed_next=1 qpc=3109365303082 duration_ticks=153411 hr=0x00000000
present frame=586 source_index=1 allocator_index=1 expected_next=2 observed_next=2 qpc=3109365457243 duration_ticks=161393 hr=0x00000000
present frame=587 source_index=2 allocator_index=2 expected_next=0 observed_next=0 qpc=3109365619045 duration_ticks=164639 hr=0x00000000
present frame=588 source_index=0 allocator_index=0 expected_next=1 observed_next=1 qpc=3109365783942 duration_ticks=166598 hr=0x00000000
present frame=589 source_index=1 allocator_index=1 expected_next=2 observed_next=2 qpc=3109365950773 duration_ticks=167524 hr=0x00000000
present frame=590 source_index=2 allocator_index=2 expected_next=0 observed_next=0 qpc=3109366118664 duration_ticks=166509 hr=0x00000000
present frame=591 source_index=0 allocator_index=0 expected_next=1 observed_next=1 qpc=3109366285521 duration_ticks=167233 hr=0x00000000
present frame=592 source_index=1 allocator_index=1 expected_next=2 observed_next=2 qpc=3109366453110 duration_ticks=166414 hr=0x00000000
present frame=593 source_index=2 allocator_index=2 expected_next=0 observed_next=0 qpc=3109366619892 duration_ticks=165757 hr=0x00000000
present frame=594 source_index=0 allocator_index=0 expected_next=1 observed_next=1 qpc=3109366786204 duration_ticks=167738 hr=0x00000000
present frame=595 source_index=1 allocator_index=1 expected_next=2 observed_next=2 qpc=3109366954385 duration_ticks=174619 hr=0x00000000
present frame=596 source_index=2 allocator_index=2 expected_next=0 observed_next=0 qpc=3109367131392 duration_ticks=162255 hr=0x00000000
present frame=597 source_index=0 allocator_index=0 expected_next=1 observed_next=1 qpc=3109367297319 duration_ticks=161888 hr=0x00000000
present frame=598 source_index=1 allocator_index=1 expected_next=2 observed_next=2 qpc=3109367466705 duration_ticks=159546 hr=0x00000000
present frame=599 source_index=2 allocator_index=2 expected_next=0 observed_next=0 qpc=3109367631853 duration_ticks=161331 hr=0x00000000
present frame=600 source_index=0 allocator_index=0 expected_next=1 observed_next=1 qpc=3109367796764 duration_ticks=162872 hr=0x00000000
present frame=601 source_index=1 allocator_index=1 expected_next=2 observed_next=2 qpc=3109367970543 duration_ticks=158225 hr=0x00000000
present frame=602 source_index=2 allocator_index=2 expected_next=0 observed_next=0 qpc=3109368136034 duration_ticks=160276 hr=0x00000000
present frame=603 source_index=0 allocator_index=0 expected_next=1 observed_next=1 qpc=3109368300569 duration_ticks=160566 hr=0x00000000
present frame=604 source_index=1 allocator_index=1 expected_next=2 observed_next=2 qpc=3109368464757 duration_ticks=164088 hr=0x00000000
present frame=605 source_index=2 allocator_index=2 expected_next=0 observed_next=0 qpc=3109368632786 duration_ticks=163598 hr=0x00000000
present frame=606 source_index=0 allocator_index=0 expected_next=1 observed_next=1 qpc=3109368800164 duration_ticks=162477 hr=0x00000000
present frame=607 source_index=1 allocator_index=1 expected_next=2 observed_next=2 qpc=3109368966457 duration_ticks=165560 hr=0x00000000
present frame=608 source_index=2 allocator_index=2 expected_next=0 observed_next=0 qpc=3109369137986 duration_ticks=157505 hr=0x00000000
present frame=609 source_index=0 allocator_index=0 expected_next=1 observed_next=1 qpc=3109369302256 duration_ticks=160741 hr=0x00000000
present frame=610 source_index=1 allocator_index=1 expected_next=2 observed_next=2 qpc=3109369468014 duration_ticks=159966 hr=0x00000000
present frame=611 source_index=2 allocator_index=2 expected_next=0 observed_next=0 qpc=3109369631527 duration_ticks=161151 hr=0x00000000
present frame=612 source_index=0 allocator_index=0 expected_next=1 observed_next=1 qpc=3109369798112 duration_ticks=163492 hr=0x00000000
present frame=613 source_index=1 allocator_index=1 expected_next=2 observed_next=2 qpc=3109369965395 duration_ticks=161337 hr=0x00000000
present frame=614 source_index=2 allocator_index=2 expected_next=0 observed_next=0 qpc=3109370130647 duration_ticks=167392 hr=0x00000000
present frame=615 source_index=0 allocator_index=0 expected_next=1 observed_next=1 qpc=3109370303154 duration_ticks=157657 hr=0x00000000
present frame=616 source_index=1 allocator_index=1 expected_next=2 observed_next=2 qpc=3109370466367 duration_ticks=162150 hr=0x00000000
present frame=617 source_index=2 allocator_index=2 expected_next=0 observed_next=0 qpc=3109370635448 duration_ticks=157592 hr=0x00000000
present frame=618 source_index=0 allocator_index=0 expected_next=1 observed_next=1 qpc=3109370799261 duration_ticks=160545 hr=0x00000000
present frame=619 source_index=1 allocator_index=1 expected_next=2 observed_next=2 qpc=3109370965594 duration_ticks=160675 hr=0x00000000
present frame=620 source_index=2 allocator_index=2 expected_next=0 observed_next=0 qpc=3109371132097 duration_ticks=163072 hr=0x00000000
present frame=621 source_index=0 allocator_index=0 expected_next=1 observed_next=1 qpc=3109371300165 duration_ticks=162525 hr=0x00000000
present frame=622 source_index=1 allocator_index=1 expected_next=2 observed_next=2 qpc=3109371467119 duration_ticks=159655 hr=0x00000000
present frame=623 source_index=2 allocator_index=2 expected_next=0 observed_next=0 qpc=3109371631442 duration_ticks=163921 hr=0x00000000
present frame=624 source_index=0 allocator_index=0 expected_next=1 observed_next=1 qpc=3109371807515 duration_ticks=156012 hr=0x00000000
present frame=625 source_index=1 allocator_index=1 expected_next=2 observed_next=2 qpc=3109371970061 duration_ticks=156878 hr=0x00000000
present frame=626 source_index=2 allocator_index=2 expected_next=0 observed_next=0 qpc=3109372132141 duration_ticks=161992 hr=0x00000000
present frame=627 source_index=0 allocator_index=0 expected_next=1 observed_next=1 qpc=3109372297804 duration_ticks=160714 hr=0x00000000
present frame=628 source_index=1 allocator_index=1 expected_next=2 observed_next=2 qpc=3109372462227 duration_ticks=169636 hr=0x00000000
present frame=629 source_index=2 allocator_index=2 expected_next=0 observed_next=0 qpc=3109372641500 duration_ticks=152622 hr=0x00000000
present frame=630 source_index=0 allocator_index=0 expected_next=1 observed_next=1 qpc=3109372797575 duration_ticks=163462 hr=0x00000000
present frame=631 source_index=1 allocator_index=1 expected_next=2 observed_next=2 qpc=3109372964543 duration_ticks=166187 hr=0x00000000
present frame=632 source_index=2 allocator_index=2 expected_next=0 observed_next=0 qpc=3109373134310 duration_ticks=164819 hr=0x00000000
present frame=633 source_index=0 allocator_index=0 expected_next=1 observed_next=1 qpc=3109373313282 duration_ticks=150189 hr=0x00000000
present frame=634 source_index=1 allocator_index=1 expected_next=2 observed_next=2 qpc=3109373467712 duration_ticks=162383 hr=0x00000000
present frame=635 source_index=2 allocator_index=2 expected_next=0 observed_next=0 qpc=3109373633883 duration_ticks=160912 hr=0x00000000
present frame=636 source_index=0 allocator_index=0 expected_next=1 observed_next=1 qpc=3109373798477 duration_ticks=164018 hr=0x00000000
present frame=637 source_index=1 allocator_index=1 expected_next=2 observed_next=2 qpc=3109373966352 duration_ticks=164170 hr=0x00000000
present frame=638 source_index=2 allocator_index=2 expected_next=0 observed_next=0 qpc=3109374134295 duration_ticks=161477 hr=0x00000000
present frame=639 source_index=0 allocator_index=0 expected_next=1 observed_next=1 qpc=3109374299780 duration_ticks=161340 hr=0x00000000
present frame=640 source_index=1 allocator_index=1 expected_next=2 observed_next=2 qpc=3109374466463 duration_ticks=165155 hr=0x00000000
present frame=641 source_index=2 allocator_index=2 expected_next=0 observed_next=0 qpc=3109374635992 duration_ticks=157770 hr=0x00000000
present frame=642 source_index=0 allocator_index=0 expected_next=1 observed_next=1 qpc=3109374797751 duration_ticks=164470 hr=0x00000000
present frame=643 source_index=1 allocator_index=1 expected_next=2 observed_next=2 qpc=3109374966151 duration_ticks=162908 hr=0x00000000
present frame=644 source_index=2 allocator_index=2 expected_next=0 observed_next=0 qpc=3109375132909 duration_ticks=161193 hr=0x00000000
present frame=645 source_index=0 allocator_index=0 expected_next=1 observed_next=1 qpc=3109375298154 duration_ticks=165047 hr=0x00000000
present frame=646 source_index=1 allocator_index=1 expected_next=2 observed_next=2 qpc=3109375468255 duration_ticks=165027 hr=0x00000000
present frame=647 source_index=2 allocator_index=2 expected_next=0 observed_next=0 qpc=3109375640722 duration_ticks=151636 hr=0x00000000
present frame=648 source_index=0 allocator_index=0 expected_next=1 observed_next=1 qpc=3109375796739 duration_ticks=165857 hr=0x00000000
present frame=649 source_index=1 allocator_index=1 expected_next=2 observed_next=2 qpc=3109375966691 duration_ticks=162990 hr=0x00000000
present frame=650 source_index=2 allocator_index=2 expected_next=0 observed_next=0 qpc=3109376133685 duration_ticks=162662 hr=0x00000000
present frame=651 source_index=0 allocator_index=0 expected_next=1 observed_next=1 qpc=3109376300223 duration_ticks=164723 hr=0x00000000
present frame=652 source_index=1 allocator_index=1 expected_next=2 observed_next=2 qpc=3109376517538 duration_ticks=107745 hr=0x00000000
present frame=653 source_index=2 allocator_index=2 expected_next=0 observed_next=0 qpc=3109376626912 duration_ticks=162773 hr=0x00000000
present frame=654 source_index=0 allocator_index=0 expected_next=1 observed_next=1 qpc=3109376790902 duration_ticks=165985 hr=0x00000000
present frame=655 source_index=1 allocator_index=1 expected_next=2 observed_next=2 qpc=3109376959759 duration_ticks=171285 hr=0x00000000
present frame=656 source_index=2 allocator_index=2 expected_next=0 observed_next=0 qpc=3109377136361 duration_ticks=163574 hr=0x00000000
present frame=657 source_index=0 allocator_index=0 expected_next=1 observed_next=1 qpc=3109377301127 duration_ticks=155275 hr=0x00000000
present frame=658 source_index=1 allocator_index=1 expected_next=2 observed_next=2 qpc=3109377457297 duration_ticks=167669 hr=0x00000000
present frame=659 source_index=2 allocator_index=2 expected_next=0 observed_next=0 qpc=3109377629047 duration_ticks=163369 hr=0x00000000
present frame=660 source_index=0 allocator_index=0 expected_next=1 observed_next=1 qpc=3109377798571 duration_ticks=162469 hr=0x00000000
present frame=661 source_index=1 allocator_index=1 expected_next=2 observed_next=2 qpc=3109377966780 duration_ticks=160380 hr=0x00000000
present frame=662 source_index=2 allocator_index=2 expected_next=0 observed_next=0 qpc=3109378132977 duration_ticks=162206 hr=0x00000000
present frame=663 source_index=0 allocator_index=0 expected_next=1 observed_next=1 qpc=3109378305031 duration_ticks=156208 hr=0x00000000
present frame=664 source_index=1 allocator_index=1 expected_next=2 observed_next=2 qpc=3109378466910 duration_ticks=159403 hr=0x00000000
present frame=665 source_index=2 allocator_index=2 expected_next=0 observed_next=0 qpc=3109378632661 duration_ticks=164281 hr=0x00000000
present frame=666 source_index=0 allocator_index=0 expected_next=1 observed_next=1 qpc=3109378801059 duration_ticks=162049 hr=0x00000000
present frame=667 source_index=1 allocator_index=1 expected_next=2 observed_next=2 qpc=3109378966913 duration_ticks=162794 hr=0x00000000
present frame=668 source_index=2 allocator_index=2 expected_next=0 observed_next=0 qpc=3109379133742 duration_ticks=164123 hr=0x00000000
present frame=669 source_index=0 allocator_index=0 expected_next=1 observed_next=1 qpc=3109379305572 duration_ticks=148786 hr=0x00000000
present frame=670 source_index=1 allocator_index=1 expected_next=2 observed_next=2 qpc=3109379455112 duration_ticks=169465 hr=0x00000000
present frame=671 source_index=2 allocator_index=2 expected_next=0 observed_next=0 qpc=3109379626588 duration_ticks=163833 hr=0x00000000
present frame=672 source_index=0 allocator_index=0 expected_next=1 observed_next=1 qpc=3109379791565 duration_ticks=163474 hr=0x00000000
present frame=673 source_index=1 allocator_index=1 expected_next=2 observed_next=2 qpc=3109379956268 duration_ticks=164279 hr=0x00000000
present frame=674 source_index=2 allocator_index=2 expected_next=0 observed_next=0 qpc=3109380121397 duration_ticks=169296 hr=0x00000000
present frame=675 source_index=0 allocator_index=0 expected_next=1 observed_next=1 qpc=3109380291505 duration_ticks=165893 hr=0x00000000
present frame=676 source_index=1 allocator_index=1 expected_next=2 observed_next=2 qpc=3109380460027 duration_ticks=166242 hr=0x00000000
present frame=677 source_index=2 allocator_index=2 expected_next=0 observed_next=0 qpc=3109380629512 duration_ticks=160073 hr=0x00000000
present frame=678 source_index=0 allocator_index=0 expected_next=1 observed_next=1 qpc=3109380790773 duration_ticks=165131 hr=0x00000000
present frame=679 source_index=1 allocator_index=1 expected_next=2 observed_next=2 qpc=3109380956589 duration_ticks=173186 hr=0x00000000
present frame=680 source_index=2 allocator_index=2 expected_next=0 observed_next=0 qpc=3109381135769 duration_ticks=157808 hr=0x00000000
present frame=681 source_index=0 allocator_index=0 expected_next=1 observed_next=1 qpc=3109381294769 duration_ticks=161867 hr=0x00000000
present frame=682 source_index=1 allocator_index=1 expected_next=2 observed_next=2 qpc=3109381458185 duration_ticks=163325 hr=0x00000000
present frame=683 source_index=2 allocator_index=2 expected_next=0 observed_next=0 qpc=3109381622501 duration_ticks=166683 hr=0x00000000
present frame=684 source_index=0 allocator_index=0 expected_next=1 observed_next=1 qpc=3109381790080 duration_ticks=165246 hr=0x00000000
present frame=685 source_index=1 allocator_index=1 expected_next=2 observed_next=2 qpc=3109381956530 duration_ticks=168113 hr=0x00000000
present frame=686 source_index=2 allocator_index=2 expected_next=0 observed_next=0 qpc=3109382127179 duration_ticks=163768 hr=0x00000000
present frame=687 source_index=0 allocator_index=0 expected_next=1 observed_next=1 qpc=3109382291935 duration_ticks=164192 hr=0x00000000
present frame=688 source_index=1 allocator_index=1 expected_next=2 observed_next=2 qpc=3109382456939 duration_ticks=169712 hr=0x00000000
present frame=689 source_index=2 allocator_index=2 expected_next=0 observed_next=0 qpc=3109382629883 duration_ticks=164374 hr=0x00000000
present frame=690 source_index=0 allocator_index=0 expected_next=1 observed_next=1 qpc=3109382799467 duration_ticks=161133 hr=0x00000000
present frame=691 source_index=1 allocator_index=1 expected_next=2 observed_next=2 qpc=3109382966904 duration_ticks=161493 hr=0x00000000
present frame=692 source_index=2 allocator_index=2 expected_next=0 observed_next=0 qpc=3109383131968 duration_ticks=156666 hr=0x00000000
present frame=693 source_index=0 allocator_index=0 expected_next=1 observed_next=1 qpc=3109383289445 duration_ticks=175541 hr=0x00000000
present frame=694 source_index=1 allocator_index=1 expected_next=2 observed_next=2 qpc=3109383468439 duration_ticks=154755 hr=0x00000000
present frame=695 source_index=2 allocator_index=2 expected_next=0 observed_next=0 qpc=3109383623859 duration_ticks=166267 hr=0x00000000
present frame=696 source_index=0 allocator_index=0 expected_next=1 observed_next=1 qpc=3109383790627 duration_ticks=170654 hr=0x00000000
present frame=697 source_index=1 allocator_index=1 expected_next=2 observed_next=2 qpc=3109383964887 duration_ticks=159444 hr=0x00000000
present frame=698 source_index=2 allocator_index=2 expected_next=0 observed_next=0 qpc=3109384125175 duration_ticks=168529 hr=0x00000000
present frame=699 source_index=0 allocator_index=0 expected_next=1 observed_next=1 qpc=3109384297249 duration_ticks=165095 hr=0x00000000
present frame=700 source_index=1 allocator_index=1 expected_next=2 observed_next=2 qpc=3109384467034 duration_ticks=159249 hr=0x00000000
present frame=701 source_index=2 allocator_index=2 expected_next=0 observed_next=0 qpc=3109384630108 duration_ticks=165196 hr=0x00000000
present frame=702 source_index=0 allocator_index=0 expected_next=1 observed_next=1 qpc=3109384799479 duration_ticks=163367 hr=0x00000000
present frame=703 source_index=1 allocator_index=1 expected_next=2 observed_next=2 qpc=3109384966790 duration_ticks=158244 hr=0x00000000
present frame=704 source_index=2 allocator_index=2 expected_next=0 observed_next=0 qpc=3109385127110 duration_ticks=162760 hr=0x00000000
present frame=705 source_index=0 allocator_index=0 expected_next=1 observed_next=1 qpc=3109385291005 duration_ticks=166906 hr=0x00000000
present frame=706 source_index=1 allocator_index=1 expected_next=2 observed_next=2 qpc=3109385458784 duration_ticks=167227 hr=0x00000000
present frame=707 source_index=2 allocator_index=2 expected_next=0 observed_next=0 qpc=3109385626942 duration_ticks=162198 hr=0x00000000
present frame=708 source_index=0 allocator_index=0 expected_next=1 observed_next=1 qpc=3109385789779 duration_ticks=169099 hr=0x00000000
present frame=709 source_index=1 allocator_index=1 expected_next=2 observed_next=2 qpc=3109385960185 duration_ticks=163637 hr=0x00000000
present frame=710 source_index=2 allocator_index=2 expected_next=0 observed_next=0 qpc=3109386124857 duration_ticks=165654 hr=0x00000000
present frame=711 source_index=0 allocator_index=0 expected_next=1 observed_next=1 qpc=3109386291371 duration_ticks=167909 hr=0x00000000
present frame=712 source_index=1 allocator_index=1 expected_next=2 observed_next=2 qpc=3109386460147 duration_ticks=168251 hr=0x00000000
present frame=713 source_index=2 allocator_index=2 expected_next=0 observed_next=0 qpc=3109386631610 duration_ticks=165416 hr=0x00000000
present frame=714 source_index=0 allocator_index=0 expected_next=1 observed_next=1 qpc=3109386800605 duration_ticks=156687 hr=0x00000000
present frame=715 source_index=1 allocator_index=1 expected_next=2 observed_next=2 qpc=3109386958260 duration_ticks=170439 hr=0x00000000
present frame=716 source_index=2 allocator_index=2 expected_next=0 observed_next=0 qpc=3109387131922 duration_ticks=161826 hr=0x00000000
present frame=717 source_index=0 allocator_index=0 expected_next=1 observed_next=1 qpc=3109387297323 duration_ticks=166114 hr=0x00000000
present frame=718 source_index=1 allocator_index=1 expected_next=2 observed_next=2 qpc=3109387470032 duration_ticks=155977 hr=0x00000000
present frame=719 source_index=2 allocator_index=2 expected_next=0 observed_next=0 qpc=3109387629260 duration_ticks=161049 hr=0x00000000
present frame=720 source_index=0 allocator_index=0 expected_next=1 observed_next=1 qpc=3109387791139 duration_ticks=168456 hr=0x00000000
present frame=721 source_index=1 allocator_index=1 expected_next=2 observed_next=2 qpc=3109387964165 duration_ticks=161414 hr=0x00000000
present frame=722 source_index=2 allocator_index=2 expected_next=0 observed_next=0 qpc=3109388129299 duration_ticks=166479 hr=0x00000000
present frame=723 source_index=0 allocator_index=0 expected_next=1 observed_next=1 qpc=3109388299364 duration_ticks=162761 hr=0x00000000
present frame=724 source_index=1 allocator_index=1 expected_next=2 observed_next=2 qpc=3109388468154 duration_ticks=159813 hr=0x00000000
present frame=725 source_index=2 allocator_index=2 expected_next=0 observed_next=0 qpc=3109388631963 duration_ticks=162682 hr=0x00000000
present frame=726 source_index=0 allocator_index=0 expected_next=1 observed_next=1 qpc=3109388804345 duration_ticks=155747 hr=0x00000000
present frame=727 source_index=1 allocator_index=1 expected_next=2 observed_next=2 qpc=3109388965347 duration_ticks=161494 hr=0x00000000
present frame=728 source_index=2 allocator_index=2 expected_next=0 observed_next=0 qpc=3109389132417 duration_ticks=161113 hr=0x00000000
present frame=729 source_index=0 allocator_index=0 expected_next=1 observed_next=1 qpc=3109389299937 duration_ticks=155657 hr=0x00000000
present frame=730 source_index=1 allocator_index=1 expected_next=2 observed_next=2 qpc=3109389456294 duration_ticks=164010 hr=0x00000000
present frame=731 source_index=2 allocator_index=2 expected_next=0 observed_next=0 qpc=3109389621237 duration_ticks=169203 hr=0x00000000
present frame=732 source_index=0 allocator_index=0 expected_next=1 observed_next=1 qpc=3109389792510 duration_ticks=162804 hr=0x00000000
present frame=733 source_index=1 allocator_index=1 expected_next=2 observed_next=2 qpc=3109389956315 duration_ticks=163888 hr=0x00000000
present frame=734 source_index=2 allocator_index=2 expected_next=0 observed_next=0 qpc=3109390120949 duration_ticks=165594 hr=0x00000000
present frame=735 source_index=0 allocator_index=0 expected_next=1 observed_next=1 qpc=3109390287473 duration_ticks=168634 hr=0x00000000
present frame=736 source_index=1 allocator_index=1 expected_next=2 observed_next=2 qpc=3109390456652 duration_ticks=167360 hr=0x00000000
present frame=737 source_index=2 allocator_index=2 expected_next=0 observed_next=0 qpc=3109390627226 duration_ticks=161866 hr=0x00000000
present frame=738 source_index=0 allocator_index=0 expected_next=1 observed_next=1 qpc=3109390789774 duration_ticks=172194 hr=0x00000000
present frame=739 source_index=1 allocator_index=1 expected_next=2 observed_next=2 qpc=3109390966897 duration_ticks=159623 hr=0x00000000
present frame=740 source_index=2 allocator_index=2 expected_next=0 observed_next=0 qpc=3109391131762 duration_ticks=162466 hr=0x00000000
present frame=741 source_index=0 allocator_index=0 expected_next=1 observed_next=1 qpc=3109391303859 duration_ticks=151605 hr=0x00000000
present frame=742 source_index=1 allocator_index=1 expected_next=2 observed_next=2 qpc=3109391456050 duration_ticks=169424 hr=0x00000000
present frame=743 source_index=2 allocator_index=2 expected_next=0 observed_next=0 qpc=3109391630035 duration_ticks=160522 hr=0x00000000
present frame=744 source_index=0 allocator_index=0 expected_next=1 observed_next=1 qpc=3109391792231 duration_ticks=167854 hr=0x00000000
present frame=745 source_index=1 allocator_index=1 expected_next=2 observed_next=2 qpc=3109391964125 duration_ticks=162617 hr=0x00000000
present frame=746 source_index=2 allocator_index=2 expected_next=0 observed_next=0 qpc=3109392131896 duration_ticks=160257 hr=0x00000000
present frame=747 source_index=0 allocator_index=0 expected_next=1 observed_next=1 qpc=3109392295746 duration_ticks=165346 hr=0x00000000
present frame=748 source_index=1 allocator_index=1 expected_next=2 observed_next=2 qpc=3109392470415 duration_ticks=155156 hr=0x00000000
present frame=749 source_index=2 allocator_index=2 expected_next=0 observed_next=0 qpc=3109392631528 duration_ticks=161718 hr=0x00000000
present frame=750 source_index=0 allocator_index=0 expected_next=1 observed_next=1 qpc=3109392799043 duration_ticks=160627 hr=0x00000000
present frame=751 source_index=1 allocator_index=1 expected_next=2 observed_next=2 qpc=3109392965096 duration_ticks=162693 hr=0x00000000
present frame=752 source_index=2 allocator_index=2 expected_next=0 observed_next=0 qpc=3109393134452 duration_ticks=164193 hr=0x00000000
present frame=753 source_index=0 allocator_index=0 expected_next=1 observed_next=1 qpc=3109393302790 duration_ticks=158264 hr=0x00000000
present frame=754 source_index=1 allocator_index=1 expected_next=2 observed_next=2 qpc=3109393465020 duration_ticks=165254 hr=0x00000000
present frame=755 source_index=2 allocator_index=2 expected_next=0 observed_next=0 qpc=3109393634399 duration_ticks=157992 hr=0x00000000
present frame=756 source_index=0 allocator_index=0 expected_next=1 observed_next=1 qpc=3109393797774 duration_ticks=165387 hr=0x00000000
present frame=757 source_index=1 allocator_index=1 expected_next=2 observed_next=2 qpc=3109393969537 duration_ticks=156214 hr=0x00000000
present frame=758 source_index=2 allocator_index=2 expected_next=0 observed_next=0 qpc=3109394133342 duration_ticks=165398 hr=0x00000000
present frame=759 source_index=0 allocator_index=0 expected_next=1 observed_next=1 qpc=3109394301114 duration_ticks=156455 hr=0x00000000
present frame=760 source_index=1 allocator_index=1 expected_next=2 observed_next=2 qpc=3109394459068 duration_ticks=162887 hr=0x00000000
present frame=761 source_index=2 allocator_index=2 expected_next=0 observed_next=0 qpc=3109394622810 duration_ticks=171164 hr=0x00000000
present frame=762 source_index=0 allocator_index=0 expected_next=1 observed_next=1 qpc=3109394796601 duration_ticks=162471 hr=0x00000000
present frame=763 source_index=1 allocator_index=1 expected_next=2 observed_next=2 qpc=3109394962995 duration_ticks=163205 hr=0x00000000
present frame=764 source_index=2 allocator_index=2 expected_next=0 observed_next=0 qpc=3109395134622 duration_ticks=162438 hr=0x00000000
present frame=765 source_index=0 allocator_index=0 expected_next=1 observed_next=1 qpc=3109395301213 duration_ticks=159798 hr=0x00000000
present frame=766 source_index=1 allocator_index=1 expected_next=2 observed_next=2 qpc=3109395464762 duration_ticks=164261 hr=0x00000000
present frame=767 source_index=2 allocator_index=2 expected_next=0 observed_next=0 qpc=3109395632818 duration_ticks=162604 hr=0x00000000
present frame=768 source_index=0 allocator_index=0 expected_next=1 observed_next=1 qpc=3109395799041 duration_ticks=163986 hr=0x00000000
present frame=769 source_index=1 allocator_index=1 expected_next=2 observed_next=2 qpc=3109395971213 duration_ticks=150469 hr=0x00000000
present frame=770 source_index=2 allocator_index=2 expected_next=0 observed_next=0 qpc=3109396122862 duration_ticks=162867 hr=0x00000000
present frame=771 source_index=0 allocator_index=0 expected_next=1 observed_next=1 qpc=3109396286311 duration_ticks=163866 hr=0x00000000
present frame=772 source_index=1 allocator_index=1 expected_next=2 observed_next=2 qpc=3109396450661 duration_ticks=164281 hr=0x00000000
present frame=773 source_index=2 allocator_index=2 expected_next=0 observed_next=0 qpc=3109396615218 duration_ticks=169421 hr=0x00000000
present frame=774 source_index=0 allocator_index=0 expected_next=1 observed_next=1 qpc=3109396785446 duration_ticks=166722 hr=0x00000000
present frame=775 source_index=1 allocator_index=1 expected_next=2 observed_next=2 qpc=3109396953048 duration_ticks=162610 hr=0x00000000
present frame=776 source_index=2 allocator_index=2 expected_next=0 observed_next=0 qpc=3109397116072 duration_ticks=169548 hr=0x00000000
present frame=777 source_index=0 allocator_index=0 expected_next=1 observed_next=1 qpc=3109397286546 duration_ticks=162380 hr=0x00000000
present frame=778 source_index=1 allocator_index=1 expected_next=2 observed_next=2 qpc=3109397449379 duration_ticks=165786 hr=0x00000000
present frame=779 source_index=2 allocator_index=2 expected_next=0 observed_next=0 qpc=3109397615457 duration_ticks=165639 hr=0x00000000
present frame=780 source_index=0 allocator_index=0 expected_next=1 observed_next=1 qpc=3109397781382 duration_ticks=167133 hr=0x00000000
present frame=781 source_index=1 allocator_index=1 expected_next=2 observed_next=2 qpc=3109397948971 duration_ticks=165502 hr=0x00000000
present frame=782 source_index=2 allocator_index=2 expected_next=0 observed_next=0 qpc=3109398114751 duration_ticks=168457 hr=0x00000000
present frame=783 source_index=0 allocator_index=0 expected_next=1 observed_next=1 qpc=3109398283555 duration_ticks=168069 hr=0x00000000
present frame=784 source_index=1 allocator_index=1 expected_next=2 observed_next=2 qpc=3109398451947 duration_ticks=166270 hr=0x00000000
present frame=785 source_index=2 allocator_index=2 expected_next=0 observed_next=0 qpc=3109398618525 duration_ticks=165400 hr=0x00000000
present frame=786 source_index=0 allocator_index=0 expected_next=1 observed_next=1 qpc=3109398784356 duration_ticks=168324 hr=0x00000000
present frame=787 source_index=1 allocator_index=1 expected_next=2 observed_next=2 qpc=3109398953112 duration_ticks=170154 hr=0x00000000
present frame=788 source_index=2 allocator_index=2 expected_next=0 observed_next=0 qpc=3109399126922 duration_ticks=166587 hr=0x00000000
present frame=789 source_index=0 allocator_index=0 expected_next=1 observed_next=1 qpc=3109399298571 duration_ticks=157799 hr=0x00000000
present frame=790 source_index=1 allocator_index=1 expected_next=2 observed_next=2 qpc=3109399457019 duration_ticks=165327 hr=0x00000000
present frame=791 source_index=2 allocator_index=2 expected_next=0 observed_next=0 qpc=3109399622972 duration_ticks=173768 hr=0x00000000
present frame=792 source_index=0 allocator_index=0 expected_next=1 observed_next=1 qpc=3109399801604 duration_ticks=156571 hr=0x00000000
present frame=793 source_index=1 allocator_index=1 expected_next=2 observed_next=2 qpc=3109399962951 duration_ticks=165849 hr=0x00000000
present frame=794 source_index=2 allocator_index=2 expected_next=0 observed_next=0 qpc=3109400133113 duration_ticks=160018 hr=0x00000000
present frame=795 source_index=0 allocator_index=0 expected_next=1 observed_next=1 qpc=3109400299396 duration_ticks=160757 hr=0x00000000
present frame=796 source_index=1 allocator_index=1 expected_next=2 observed_next=2 qpc=3109400468101 duration_ticks=157807 hr=0x00000000
present frame=797 source_index=2 allocator_index=2 expected_next=0 observed_next=0 qpc=3109400631548 duration_ticks=161989 hr=0x00000000
present frame=798 source_index=0 allocator_index=0 expected_next=1 observed_next=1 qpc=3109400799967 duration_ticks=162048 hr=0x00000000
present frame=799 source_index=1 allocator_index=1 expected_next=2 observed_next=2 qpc=3109400967352 duration_ticks=161256 hr=0x00000000
present frame=800 source_index=2 allocator_index=2 expected_next=0 observed_next=0 qpc=3109401132482 duration_ticks=160878 hr=0x00000000
present frame=801 source_index=0 allocator_index=0 expected_next=1 observed_next=1 qpc=3109401300308 duration_ticks=161459 hr=0x00000000
present frame=802 source_index=1 allocator_index=1 expected_next=2 observed_next=2 qpc=3109401465869 duration_ticks=160559 hr=0x00000000
present frame=803 source_index=2 allocator_index=2 expected_next=0 observed_next=0 qpc=3109401636033 duration_ticks=157952 hr=0x00000000
present frame=804 source_index=0 allocator_index=0 expected_next=1 observed_next=1 qpc=3109401801005 duration_ticks=158365 hr=0x00000000
present frame=805 source_index=1 allocator_index=1 expected_next=2 observed_next=2 qpc=3109401964012 duration_ticks=161988 hr=0x00000000
present frame=806 source_index=2 allocator_index=2 expected_next=0 observed_next=0 qpc=3109402132656 duration_ticks=160002 hr=0x00000000
present frame=807 source_index=0 allocator_index=0 expected_next=1 observed_next=1 qpc=3109402299175 duration_ticks=175922 hr=0x00000000
present frame=808 source_index=1 allocator_index=1 expected_next=2 observed_next=2 qpc=3109402479955 duration_ticks=147037 hr=0x00000000
present frame=809 source_index=2 allocator_index=2 expected_next=0 observed_next=0 qpc=3109402630983 duration_ticks=163684 hr=0x00000000
present frame=810 source_index=0 allocator_index=0 expected_next=1 observed_next=1 qpc=3109402799356 duration_ticks=163337 hr=0x00000000
present frame=811 source_index=1 allocator_index=1 expected_next=2 observed_next=2 qpc=3109402966941 duration_ticks=162972 hr=0x00000000
present frame=812 source_index=2 allocator_index=2 expected_next=0 observed_next=0 qpc=3109403135448 duration_ticks=158228 hr=0x00000000
present frame=813 source_index=0 allocator_index=0 expected_next=1 observed_next=1 qpc=3109403297671 duration_ticks=164262 hr=0x00000000
present frame=814 source_index=1 allocator_index=1 expected_next=2 observed_next=2 qpc=3109403465978 duration_ticks=163417 hr=0x00000000
present frame=815 source_index=2 allocator_index=2 expected_next=0 observed_next=0 qpc=3109403633270 duration_ticks=160524 hr=0x00000000
present frame=816 source_index=0 allocator_index=0 expected_next=1 observed_next=1 qpc=3109403797837 duration_ticks=167315 hr=0x00000000
present frame=817 source_index=1 allocator_index=1 expected_next=2 observed_next=2 qpc=3109403970083 duration_ticks=158362 hr=0x00000000
present frame=818 source_index=2 allocator_index=2 expected_next=0 observed_next=0 qpc=3109404132386 duration_ticks=163519 hr=0x00000000
present frame=819 source_index=0 allocator_index=0 expected_next=1 observed_next=1 qpc=3109404312785 duration_ticks=148983 hr=0x00000000
present frame=820 source_index=1 allocator_index=1 expected_next=2 observed_next=2 qpc=3109404465933 duration_ticks=163078 hr=0x00000000
present frame=821 source_index=2 allocator_index=2 expected_next=0 observed_next=0 qpc=3109404633305 duration_ticks=161745 hr=0x00000000
present frame=822 source_index=0 allocator_index=0 expected_next=1 observed_next=1 qpc=3109404798847 duration_ticks=162485 hr=0x00000000
present frame=823 source_index=1 allocator_index=1 expected_next=2 observed_next=2 qpc=3109404964870 duration_ticks=165177 hr=0x00000000
present frame=824 source_index=2 allocator_index=2 expected_next=0 observed_next=0 qpc=3109405135275 duration_ticks=161103 hr=0x00000000
present frame=825 source_index=0 allocator_index=0 expected_next=1 observed_next=1 qpc=3109405300933 duration_ticks=161423 hr=0x00000000
present frame=826 source_index=1 allocator_index=1 expected_next=2 observed_next=2 qpc=3109405467212 duration_ticks=162089 hr=0x00000000
present frame=827 source_index=2 allocator_index=2 expected_next=0 observed_next=0 qpc=3109405633202 duration_ticks=162638 hr=0x00000000
present frame=828 source_index=0 allocator_index=0 expected_next=1 observed_next=1 qpc=3109405799822 duration_ticks=162543 hr=0x00000000
present frame=829 source_index=1 allocator_index=1 expected_next=2 observed_next=2 qpc=3109405966296 duration_ticks=162439 hr=0x00000000
present frame=830 source_index=2 allocator_index=2 expected_next=0 observed_next=0 qpc=3109406132217 duration_ticks=164828 hr=0x00000000
present frame=831 source_index=0 allocator_index=0 expected_next=1 observed_next=1 qpc=3109406300925 duration_ticks=164410 hr=0x00000000
present frame=832 source_index=1 allocator_index=1 expected_next=2 observed_next=2 qpc=3109406493715 duration_ticks=129721 hr=0x00000000
present frame=833 source_index=2 allocator_index=2 expected_next=0 observed_next=0 qpc=3109406624580 duration_ticks=173640 hr=0x00000000
present frame=834 source_index=0 allocator_index=0 expected_next=1 observed_next=1 qpc=3109406805787 duration_ticks=156471 hr=0x00000000
present frame=835 source_index=1 allocator_index=1 expected_next=2 observed_next=2 qpc=3109406967690 duration_ticks=158730 hr=0x00000000
present frame=836 source_index=2 allocator_index=2 expected_next=0 observed_next=0 qpc=3109407132275 duration_ticks=164845 hr=0x00000000
present frame=837 source_index=0 allocator_index=0 expected_next=1 observed_next=1 qpc=3109407301960 duration_ticks=159477 hr=0x00000000
present frame=838 source_index=1 allocator_index=1 expected_next=2 observed_next=2 qpc=3109407466954 duration_ticks=162248 hr=0x00000000
present frame=839 source_index=2 allocator_index=2 expected_next=0 observed_next=0 qpc=3109407634500 duration_ticks=158475 hr=0x00000000
present frame=840 source_index=0 allocator_index=0 expected_next=1 observed_next=1 qpc=3109407797560 duration_ticks=164915 hr=0x00000000
present frame=841 source_index=1 allocator_index=1 expected_next=2 observed_next=2 qpc=3109407966513 duration_ticks=162725 hr=0x00000000
present frame=842 source_index=2 allocator_index=2 expected_next=0 observed_next=0 qpc=3109408135173 duration_ticks=159543 hr=0x00000000
present frame=843 source_index=0 allocator_index=0 expected_next=1 observed_next=1 qpc=3109408298590 duration_ticks=164565 hr=0x00000000
present frame=844 source_index=1 allocator_index=1 expected_next=2 observed_next=2 qpc=3109408467148 duration_ticks=161820 hr=0x00000000
present frame=845 source_index=2 allocator_index=2 expected_next=0 observed_next=0 qpc=3109408634039 duration_ticks=159216 hr=0x00000000
present frame=846 source_index=0 allocator_index=0 expected_next=1 observed_next=1 qpc=3109408796835 duration_ticks=167044 hr=0x00000000
present frame=847 source_index=1 allocator_index=1 expected_next=2 observed_next=2 qpc=3109408968568 duration_ticks=158533 hr=0x00000000
present frame=848 source_index=2 allocator_index=2 expected_next=0 observed_next=0 qpc=3109409132241 duration_ticks=165521 hr=0x00000000
present frame=849 source_index=0 allocator_index=0 expected_next=1 observed_next=1 qpc=3109409302782 duration_ticks=162616 hr=0x00000000
present frame=850 source_index=1 allocator_index=1 expected_next=2 observed_next=2 qpc=3109409493670 duration_ticks=126011 hr=0x00000000
present frame=851 source_index=2 allocator_index=2 expected_next=0 observed_next=0 qpc=3109409620863 duration_ticks=164018 hr=0x00000000
present frame=852 source_index=0 allocator_index=0 expected_next=1 observed_next=1 qpc=3109409785741 duration_ticks=165320 hr=0x00000000
present frame=853 source_index=1 allocator_index=1 expected_next=2 observed_next=2 qpc=3109409951877 duration_ticks=165033 hr=0x00000000
present frame=854 source_index=2 allocator_index=2 expected_next=0 observed_next=0 qpc=3109410117480 duration_ticks=165635 hr=0x00000000
present frame=855 source_index=0 allocator_index=0 expected_next=1 observed_next=1 qpc=3109410283686 duration_ticks=166578 hr=0x00000000
present frame=856 source_index=1 allocator_index=1 expected_next=2 observed_next=2 qpc=3109410450718 duration_ticks=167942 hr=0x00000000
present frame=857 source_index=2 allocator_index=2 expected_next=0 observed_next=0 qpc=3109410619071 duration_ticks=165654 hr=0x00000000
present frame=858 source_index=0 allocator_index=0 expected_next=1 observed_next=1 qpc=3109410785419 duration_ticks=168076 hr=0x00000000
present frame=859 source_index=1 allocator_index=1 expected_next=2 observed_next=2 qpc=3109410955757 duration_ticks=165560 hr=0x00000000
present frame=860 source_index=2 allocator_index=2 expected_next=0 observed_next=0 qpc=3109411124204 duration_ticks=164637 hr=0x00000000
present frame=861 source_index=0 allocator_index=0 expected_next=1 observed_next=1 qpc=3109411292521 duration_ticks=167046 hr=0x00000000
present frame=862 source_index=1 allocator_index=1 expected_next=2 observed_next=2 qpc=3109411464452 duration_ticks=162428 hr=0x00000000
present frame=863 source_index=2 allocator_index=2 expected_next=0 observed_next=0 qpc=3109411632538 duration_ticks=160461 hr=0x00000000
present frame=864 source_index=0 allocator_index=0 expected_next=1 observed_next=1 qpc=3109411798565 duration_ticks=163785 hr=0x00000000
present frame=865 source_index=1 allocator_index=1 expected_next=2 observed_next=2 qpc=3109411971887 duration_ticks=153790 hr=0x00000000
present frame=866 source_index=2 allocator_index=2 expected_next=0 observed_next=0 qpc=3109412131730 duration_ticks=161620 hr=0x00000000
present frame=867 source_index=0 allocator_index=0 expected_next=1 observed_next=1 qpc=3109412300061 duration_ticks=160300 hr=0x00000000
present frame=868 source_index=1 allocator_index=1 expected_next=2 observed_next=2 qpc=3109412464425 duration_ticks=163650 hr=0x00000000
present frame=869 source_index=2 allocator_index=2 expected_next=0 observed_next=0 qpc=3109412634691 duration_ticks=165946 hr=0x00000000
present frame=870 source_index=0 allocator_index=0 expected_next=1 observed_next=1 qpc=3109412805652 duration_ticks=156443 hr=0x00000000
present frame=871 source_index=1 allocator_index=1 expected_next=2 observed_next=2 qpc=3109412966297 duration_ticks=158306 hr=0x00000000
present frame=872 source_index=2 allocator_index=2 expected_next=0 observed_next=0 qpc=3109413132763 duration_ticks=160066 hr=0x00000000
present frame=873 source_index=0 allocator_index=0 expected_next=1 observed_next=1 qpc=3109413296472 duration_ticks=166036 hr=0x00000000
present frame=874 source_index=1 allocator_index=1 expected_next=2 observed_next=2 qpc=3109413469550 duration_ticks=160482 hr=0x00000000
present frame=875 source_index=2 allocator_index=2 expected_next=0 observed_next=0 qpc=3109413634405 duration_ticks=160838 hr=0x00000000
present frame=876 source_index=0 allocator_index=0 expected_next=1 observed_next=1 qpc=3109413799261 duration_ticks=162936 hr=0x00000000
present frame=877 source_index=1 allocator_index=1 expected_next=2 observed_next=2 qpc=3109413966057 duration_ticks=162753 hr=0x00000000
present frame=878 source_index=2 allocator_index=2 expected_next=0 observed_next=0 qpc=3109414133208 duration_ticks=165552 hr=0x00000000
present frame=879 source_index=0 allocator_index=0 expected_next=1 observed_next=1 qpc=3109414302308 duration_ticks=158631 hr=0x00000000
present frame=880 source_index=1 allocator_index=1 expected_next=2 observed_next=2 qpc=3109414466871 duration_ticks=162533 hr=0x00000000
present frame=881 source_index=2 allocator_index=2 expected_next=0 observed_next=0 qpc=3109414642384 duration_ticks=152533 hr=0x00000000
present frame=882 source_index=0 allocator_index=0 expected_next=1 observed_next=1 qpc=3109414798714 duration_ticks=163771 hr=0x00000000
present frame=883 source_index=1 allocator_index=1 expected_next=2 observed_next=2 qpc=3109414966226 duration_ticks=161923 hr=0x00000000
present frame=884 source_index=2 allocator_index=2 expected_next=0 observed_next=0 qpc=3109415132702 duration_ticks=161440 hr=0x00000000
present frame=885 source_index=0 allocator_index=0 expected_next=1 observed_next=1 qpc=3109415298140 duration_ticks=164374 hr=0x00000000
present frame=886 source_index=1 allocator_index=1 expected_next=2 observed_next=2 qpc=3109415466502 duration_ticks=161328 hr=0x00000000
present frame=887 source_index=2 allocator_index=2 expected_next=0 observed_next=0 qpc=3109415632104 duration_ticks=161726 hr=0x00000000
present frame=888 source_index=0 allocator_index=0 expected_next=1 observed_next=1 qpc=3109415812588 duration_ticks=150297 hr=0x00000000
present frame=889 source_index=1 allocator_index=1 expected_next=2 observed_next=2 qpc=3109415966700 duration_ticks=161882 hr=0x00000000
present frame=890 source_index=2 allocator_index=2 expected_next=0 observed_next=0 qpc=3109416132094 duration_ticks=160992 hr=0x00000000
present frame=891 source_index=0 allocator_index=0 expected_next=1 observed_next=1 qpc=3109416298560 duration_ticks=165305 hr=0x00000000
present frame=892 source_index=1 allocator_index=1 expected_next=2 observed_next=2 qpc=3109416514258 duration_ticks=108659 hr=0x00000000
present frame=893 source_index=2 allocator_index=2 expected_next=0 observed_next=0 qpc=3109416623563 duration_ticks=164438 hr=0x00000000
present frame=894 source_index=0 allocator_index=0 expected_next=1 observed_next=1 qpc=3109416788556 duration_ticks=166096 hr=0x00000000
present frame=895 source_index=1 allocator_index=1 expected_next=2 observed_next=2 qpc=3109416955250 duration_ticks=175108 hr=0x00000000
present frame=896 source_index=2 allocator_index=2 expected_next=0 observed_next=0 qpc=3109417134280 duration_ticks=159619 hr=0x00000000
present frame=897 source_index=0 allocator_index=0 expected_next=1 observed_next=1 qpc=3109417297523 duration_ticks=163001 hr=0x00000000
present frame=898 source_index=1 allocator_index=1 expected_next=2 observed_next=2 qpc=3109417464507 duration_ticks=163695 hr=0x00000000
present frame=899 source_index=2 allocator_index=2 expected_next=0 observed_next=0 qpc=3109417632787 duration_ticks=163732 hr=0x00000000
present frame=900 source_index=0 allocator_index=0 expected_next=1 observed_next=1 qpc=3109417801980 duration_ticks=159744 hr=0x00000000
present frame=901 source_index=1 allocator_index=1 expected_next=2 observed_next=2 qpc=3109417965759 duration_ticks=166773 hr=0x00000000
present frame=902 source_index=2 allocator_index=2 expected_next=0 observed_next=0 qpc=3109418139121 duration_ticks=155259 hr=0x00000000
present frame=903 source_index=0 allocator_index=0 expected_next=1 observed_next=1 qpc=3109418298396 duration_ticks=166378 hr=0x00000000
present frame=904 source_index=1 allocator_index=1 expected_next=2 observed_next=2 qpc=3109418470443 duration_ticks=157470 hr=0x00000000
present frame=905 source_index=2 allocator_index=2 expected_next=0 observed_next=0 qpc=3109418631832 duration_ticks=161705 hr=0x00000000
present frame=906 source_index=0 allocator_index=0 expected_next=1 observed_next=1 qpc=3109418797470 duration_ticks=162975 hr=0x00000000
present frame=907 source_index=1 allocator_index=1 expected_next=2 observed_next=2 qpc=3109418964315 duration_ticks=164678 hr=0x00000000
present frame=908 source_index=2 allocator_index=2 expected_next=0 observed_next=0 qpc=3109419133282 duration_ticks=161235 hr=0x00000000
present frame=909 source_index=0 allocator_index=0 expected_next=1 observed_next=1 qpc=3109419299970 duration_ticks=158994 hr=0x00000000
present frame=910 source_index=1 allocator_index=1 expected_next=2 observed_next=2 qpc=3109419464880 duration_ticks=157449 hr=0x00000000
present frame=911 source_index=2 allocator_index=2 expected_next=0 observed_next=0 qpc=3109419624183 duration_ticks=163542 hr=0x00000000
present frame=912 source_index=0 allocator_index=0 expected_next=1 observed_next=1 qpc=3109419788933 duration_ticks=166464 hr=0x00000000
present frame=913 source_index=1 allocator_index=1 expected_next=2 observed_next=2 qpc=3109419956320 duration_ticks=165339 hr=0x00000000
present frame=914 source_index=2 allocator_index=2 expected_next=0 observed_next=0 qpc=3109420122398 duration_ticks=164917 hr=0x00000000
present frame=915 source_index=0 allocator_index=0 expected_next=1 observed_next=1 qpc=3109420288205 duration_ticks=167390 hr=0x00000000
present frame=916 source_index=1 allocator_index=1 expected_next=2 observed_next=2 qpc=3109420456556 duration_ticks=165031 hr=0x00000000
present frame=917 source_index=2 allocator_index=2 expected_next=0 observed_next=0 qpc=3109420622222 duration_ticks=164562 hr=0x00000000
present frame=918 source_index=0 allocator_index=0 expected_next=1 observed_next=1 qpc=3109420787587 duration_ticks=167303 hr=0x00000000
present frame=919 source_index=1 allocator_index=1 expected_next=2 observed_next=2 qpc=3109420955757 duration_ticks=170878 hr=0x00000000
present frame=920 source_index=2 allocator_index=2 expected_next=0 observed_next=0 qpc=3109421129300 duration_ticks=159965 hr=0x00000000
present frame=921 source_index=0 allocator_index=0 expected_next=1 observed_next=1 qpc=3109421290031 duration_ticks=165599 hr=0x00000000
present frame=922 source_index=1 allocator_index=1 expected_next=2 observed_next=2 qpc=3109421456271 duration_ticks=165445 hr=0x00000000
present frame=923 source_index=2 allocator_index=2 expected_next=0 observed_next=0 qpc=3109421622395 duration_ticks=165717 hr=0x00000000
present frame=924 source_index=0 allocator_index=0 expected_next=1 observed_next=1 qpc=3109421788960 duration_ticks=162064 hr=0x00000000
present frame=925 source_index=1 allocator_index=1 expected_next=2 observed_next=2 qpc=3109421951995 duration_ticks=172389 hr=0x00000000
present frame=926 source_index=2 allocator_index=2 expected_next=0 observed_next=0 qpc=3109422127860 duration_ticks=164824 hr=0x00000000
present frame=927 source_index=0 allocator_index=0 expected_next=1 observed_next=1 qpc=3109422299592 duration_ticks=158930 hr=0x00000000
present frame=928 source_index=1 allocator_index=1 expected_next=2 observed_next=2 qpc=3109422462207 duration_ticks=159368 hr=0x00000000
present frame=929 source_index=2 allocator_index=2 expected_next=0 observed_next=0 qpc=3109422622469 duration_ticks=174103 hr=0x00000000
present frame=930 source_index=0 allocator_index=0 expected_next=1 observed_next=1 qpc=3109422799976 duration_ticks=158974 hr=0x00000000
present frame=931 source_index=1 allocator_index=1 expected_next=2 observed_next=2 qpc=3109422962435 duration_ticks=162892 hr=0x00000000
present frame=932 source_index=2 allocator_index=2 expected_next=0 observed_next=0 qpc=3109423128830 duration_ticks=163724 hr=0x00000000
present frame=933 source_index=0 allocator_index=0 expected_next=1 observed_next=1 qpc=3109423296137 duration_ticks=160383 hr=0x00000000
present frame=934 source_index=1 allocator_index=1 expected_next=2 observed_next=2 qpc=3109423457722 duration_ticks=173048 hr=0x00000000
present frame=935 source_index=2 allocator_index=2 expected_next=0 observed_next=0 qpc=3109423633980 duration_ticks=158780 hr=0x00000000
present frame=936 source_index=0 allocator_index=0 expected_next=1 observed_next=1 qpc=3109423796306 duration_ticks=159291 hr=0x00000000
present frame=937 source_index=1 allocator_index=1 expected_next=2 observed_next=2 qpc=3109423956429 duration_ticks=168283 hr=0x00000000
present frame=938 source_index=2 allocator_index=2 expected_next=0 observed_next=0 qpc=3109424128241 duration_ticks=163483 hr=0x00000000
present frame=939 source_index=0 allocator_index=0 expected_next=1 observed_next=1 qpc=3109424295225 duration_ticks=160133 hr=0x00000000
present frame=940 source_index=1 allocator_index=1 expected_next=2 observed_next=2 qpc=3109424456132 duration_ticks=168037 hr=0x00000000
present frame=941 source_index=2 allocator_index=2 expected_next=0 observed_next=0 qpc=3109424624703 duration_ticks=167992 hr=0x00000000
present frame=942 source_index=0 allocator_index=0 expected_next=1 observed_next=1 qpc=3109424796563 duration_ticks=158848 hr=0x00000000
present frame=943 source_index=1 allocator_index=1 expected_next=2 observed_next=2 qpc=3109424955994 duration_ticks=169996 hr=0x00000000
present frame=944 source_index=2 allocator_index=2 expected_next=0 observed_next=0 qpc=3109425129347 duration_ticks=164803 hr=0x00000000
present frame=945 source_index=0 allocator_index=0 expected_next=1 observed_next=1 qpc=3109425297989 duration_ticks=159103 hr=0x00000000
present frame=946 source_index=1 allocator_index=1 expected_next=2 observed_next=2 qpc=3109425457703 duration_ticks=169550 hr=0x00000000
present frame=947 source_index=2 allocator_index=2 expected_next=0 observed_next=0 qpc=3109425630530 duration_ticks=164082 hr=0x00000000
present frame=948 source_index=0 allocator_index=0 expected_next=1 observed_next=1 qpc=3109425798138 duration_ticks=161237 hr=0x00000000
present frame=949 source_index=1 allocator_index=1 expected_next=2 observed_next=2 qpc=3109425962954 duration_ticks=160623 hr=0x00000000
present frame=950 source_index=2 allocator_index=2 expected_next=0 observed_next=0 qpc=3109426124317 duration_ticks=165910 hr=0x00000000
present frame=951 source_index=0 allocator_index=0 expected_next=1 observed_next=1 qpc=3109426290795 duration_ticks=171820 hr=0x00000000
present frame=952 source_index=1 allocator_index=1 expected_next=2 observed_next=2 qpc=3109426504309 duration_ticks=117909 hr=0x00000000
present frame=953 source_index=2 allocator_index=2 expected_next=0 observed_next=0 qpc=3109426622682 duration_ticks=168720 hr=0x00000000
present frame=954 source_index=0 allocator_index=0 expected_next=1 observed_next=1 qpc=3109426793040 duration_ticks=159222 hr=0x00000000
present frame=955 source_index=1 allocator_index=1 expected_next=2 observed_next=2 qpc=3109426954260 duration_ticks=169193 hr=0x00000000
present frame=956 source_index=2 allocator_index=2 expected_next=0 observed_next=0 qpc=3109427126310 duration_ticks=162390 hr=0x00000000
present frame=957 source_index=0 allocator_index=0 expected_next=1 observed_next=1 qpc=3109427293101 duration_ticks=162551 hr=0x00000000
present frame=958 source_index=1 allocator_index=1 expected_next=2 observed_next=2 qpc=3109427458067 duration_ticks=164156 hr=0x00000000
present frame=959 source_index=2 allocator_index=2 expected_next=0 observed_next=0 qpc=3109427624691 duration_ticks=164374 hr=0x00000000
present frame=960 source_index=0 allocator_index=0 expected_next=1 observed_next=1 qpc=3109427791572 duration_ticks=165262 hr=0x00000000
present frame=961 source_index=1 allocator_index=1 expected_next=2 observed_next=2 qpc=3109427959718 duration_ticks=168112 hr=0x00000000
present frame=962 source_index=2 allocator_index=2 expected_next=0 observed_next=0 qpc=3109428131492 duration_ticks=163162 hr=0x00000000
present frame=963 source_index=0 allocator_index=0 expected_next=1 observed_next=1 qpc=3109428298458 duration_ticks=164623 hr=0x00000000
present frame=964 source_index=1 allocator_index=1 expected_next=2 observed_next=2 qpc=3109428472036 duration_ticks=153793 hr=0x00000000
present frame=965 source_index=2 allocator_index=2 expected_next=0 observed_next=0 qpc=3109428630463 duration_ticks=164569 hr=0x00000000
present frame=966 source_index=0 allocator_index=0 expected_next=1 observed_next=1 qpc=3109428807135 duration_ticks=157567 hr=0x00000000
present frame=967 source_index=1 allocator_index=1 expected_next=2 observed_next=2 qpc=3109428972050 duration_ticks=154900 hr=0x00000000
present frame=968 source_index=2 allocator_index=2 expected_next=0 observed_next=0 qpc=3109429131677 duration_ticks=162070 hr=0x00000000
present frame=969 source_index=0 allocator_index=0 expected_next=1 observed_next=1 qpc=3109429299256 duration_ticks=161953 hr=0x00000000
present frame=970 source_index=1 allocator_index=1 expected_next=2 observed_next=2 qpc=3109429468062 duration_ticks=155593 hr=0x00000000
present frame=971 source_index=2 allocator_index=2 expected_next=0 observed_next=0 qpc=3109429625387 duration_ticks=163330 hr=0x00000000
present frame=972 source_index=0 allocator_index=0 expected_next=1 observed_next=1 qpc=3109429789861 duration_ticks=165023 hr=0x00000000
present frame=973 source_index=1 allocator_index=1 expected_next=2 observed_next=2 qpc=3109429955862 duration_ticks=169453 hr=0x00000000
present frame=974 source_index=2 allocator_index=2 expected_next=0 observed_next=0 qpc=3109430128566 duration_ticks=163916 hr=0x00000000
present frame=975 source_index=0 allocator_index=0 expected_next=1 observed_next=1 qpc=3109430298018 duration_ticks=163952 hr=0x00000000
present frame=976 source_index=1 allocator_index=1 expected_next=2 observed_next=2 qpc=3109430465964 duration_ticks=159488 hr=0x00000000
present frame=977 source_index=2 allocator_index=2 expected_next=0 observed_next=0 qpc=3109430628895 duration_ticks=165769 hr=0x00000000
present frame=978 source_index=0 allocator_index=0 expected_next=1 observed_next=1 qpc=3109430798499 duration_ticks=160504 hr=0x00000000
present frame=979 source_index=1 allocator_index=1 expected_next=2 observed_next=2 qpc=3109430964704 duration_ticks=161489 hr=0x00000000
present frame=980 source_index=2 allocator_index=2 expected_next=0 observed_next=0 qpc=3109431131127 duration_ticks=161938 hr=0x00000000
present frame=981 source_index=0 allocator_index=0 expected_next=1 observed_next=1 qpc=3109431296561 duration_ticks=162392 hr=0x00000000
present frame=982 source_index=1 allocator_index=1 expected_next=2 observed_next=2 qpc=3109431467707 duration_ticks=161043 hr=0x00000000
present frame=983 source_index=2 allocator_index=2 expected_next=0 observed_next=0 qpc=3109431632627 duration_ticks=159266 hr=0x00000000
present frame=984 source_index=0 allocator_index=0 expected_next=1 observed_next=1 qpc=3109431795612 duration_ticks=163234 hr=0x00000000
present frame=985 source_index=1 allocator_index=1 expected_next=2 observed_next=2 qpc=3109431963272 duration_ticks=162130 hr=0x00000000
present frame=986 source_index=2 allocator_index=2 expected_next=0 observed_next=0 qpc=3109432130641 duration_ticks=164006 hr=0x00000000
present frame=987 source_index=0 allocator_index=0 expected_next=1 observed_next=1 qpc=3109432300267 duration_ticks=157689 hr=0x00000000
present frame=988 source_index=1 allocator_index=1 expected_next=2 observed_next=2 qpc=3109432462198 duration_ticks=166666 hr=0x00000000
present frame=989 source_index=2 allocator_index=2 expected_next=0 observed_next=0 qpc=3109432636990 duration_ticks=155440 hr=0x00000000
present frame=990 source_index=0 allocator_index=0 expected_next=1 observed_next=1 qpc=3109432796041 duration_ticks=166134 hr=0x00000000
present frame=991 source_index=1 allocator_index=1 expected_next=2 observed_next=2 qpc=3109432966350 duration_ticks=158141 hr=0x00000000
present frame=992 source_index=2 allocator_index=2 expected_next=0 observed_next=0 qpc=3109433130183 duration_ticks=166391 hr=0x00000000
present frame=993 source_index=0 allocator_index=0 expected_next=1 observed_next=1 qpc=3109433300557 duration_ticks=162196 hr=0x00000000
present frame=994 source_index=1 allocator_index=1 expected_next=2 observed_next=2 qpc=3109433466638 duration_ticks=158308 hr=0x00000000
present frame=995 source_index=2 allocator_index=2 expected_next=0 observed_next=0 qpc=3109433631522 duration_ticks=161490 hr=0x00000000
present frame=996 source_index=0 allocator_index=0 expected_next=1 observed_next=1 qpc=3109433796961 duration_ticks=161251 hr=0x00000000
present frame=997 source_index=1 allocator_index=1 expected_next=2 observed_next=2 qpc=3109433961956 duration_ticks=164471 hr=0x00000000
present frame=998 source_index=2 allocator_index=2 expected_next=0 observed_next=0 qpc=3109434133250 duration_ticks=161409 hr=0x00000000
present frame=999 source_index=0 allocator_index=0 expected_next=1 observed_next=1 qpc=3109434298375 duration_ticks=163181 hr=0x00000000
present frame=1000 source_index=1 allocator_index=1 expected_next=2 observed_next=2 qpc=3109434464935 duration_ticks=163408 hr=0x00000000
present frame=1001 source_index=2 allocator_index=2 expected_next=0 observed_next=0 qpc=3109434632112 duration_ticks=160175 hr=0x00000000
present frame=1002 source_index=0 allocator_index=0 expected_next=1 observed_next=1 qpc=3109434795820 duration_ticks=168865 hr=0x00000000
present frame=1003 source_index=1 allocator_index=1 expected_next=2 observed_next=2 qpc=3109434971046 duration_ticks=156424 hr=0x00000000
present frame=1004 source_index=2 allocator_index=2 expected_next=0 observed_next=0 qpc=3109435136459 duration_ticks=159955 hr=0x00000000
present frame=1005 source_index=0 allocator_index=0 expected_next=1 observed_next=1 qpc=3109435303947 duration_ticks=157610 hr=0x00000000
present frame=1006 source_index=1 allocator_index=1 expected_next=2 observed_next=2 qpc=3109435466120 duration_ticks=161692 hr=0x00000000
present frame=1007 source_index=2 allocator_index=2 expected_next=0 observed_next=0 qpc=3109435631584 duration_ticks=160947 hr=0x00000000
present frame=1008 source_index=0 allocator_index=0 expected_next=1 observed_next=1 qpc=3109435796899 duration_ticks=165378 hr=0x00000000
present frame=1009 source_index=1 allocator_index=1 expected_next=2 observed_next=2 qpc=3109435966093 duration_ticks=164254 hr=0x00000000
present frame=1010 source_index=2 allocator_index=2 expected_next=0 observed_next=0 qpc=3109436134210 duration_ticks=160387 hr=0x00000000
present frame=1011 source_index=0 allocator_index=0 expected_next=1 observed_next=1 qpc=3109436298315 duration_ticks=163742 hr=0x00000000
present frame=1012 source_index=1 allocator_index=1 expected_next=2 observed_next=2 qpc=3109436510850 duration_ticks=111757 hr=0x00000000
present frame=1013 source_index=2 allocator_index=2 expected_next=0 observed_next=0 qpc=3109436623262 duration_ticks=159964 hr=0x00000000
present frame=1014 source_index=0 allocator_index=0 expected_next=1 observed_next=1 qpc=3109436783976 duration_ticks=166261 hr=0x00000000
present frame=1015 source_index=1 allocator_index=1 expected_next=2 observed_next=2 qpc=3109436951910 duration_ticks=169260 hr=0x00000000
present frame=1016 source_index=2 allocator_index=2 expected_next=0 observed_next=0 qpc=3109437123286 duration_ticks=162679 hr=0x00000000
present frame=1017 source_index=0 allocator_index=0 expected_next=1 observed_next=1 qpc=3109437287019 duration_ticks=165691 hr=0x00000000
present frame=1018 source_index=1 allocator_index=1 expected_next=2 observed_next=2 qpc=3109437453371 duration_ticks=165340 hr=0x00000000
present frame=1019 source_index=2 allocator_index=2 expected_next=0 observed_next=0 qpc=3109437619245 duration_ticks=167927 hr=0x00000000
present frame=1020 source_index=0 allocator_index=0 expected_next=1 observed_next=1 qpc=3109437789791 duration_ticks=163651 hr=0x00000000
present frame=1021 source_index=1 allocator_index=1 expected_next=2 observed_next=2 qpc=3109437956270 duration_ticks=166882 hr=0x00000000
present frame=1022 source_index=2 allocator_index=2 expected_next=0 observed_next=0 qpc=3109438126669 duration_ticks=168416 hr=0x00000000
present frame=1023 source_index=0 allocator_index=0 expected_next=1 observed_next=1 qpc=3109438299990 duration_ticks=165298 hr=0x00000000
present frame=1024 source_index=1 allocator_index=1 expected_next=2 observed_next=2 qpc=3109438469285 duration_ticks=161094 hr=0x00000000
present frame=1025 source_index=2 allocator_index=2 expected_next=0 observed_next=0 qpc=3109438635119 duration_ticks=160692 hr=0x00000000
present frame=1026 source_index=0 allocator_index=0 expected_next=1 observed_next=1 qpc=3109438800875 duration_ticks=157829 hr=0x00000000
present frame=1027 source_index=1 allocator_index=1 expected_next=2 observed_next=2 qpc=3109438964742 duration_ticks=160492 hr=0x00000000
present frame=1028 source_index=2 allocator_index=2 expected_next=0 observed_next=0 qpc=3109439134076 duration_ticks=157912 hr=0x00000000
present frame=1029 source_index=0 allocator_index=0 expected_next=1 observed_next=1 qpc=3109439297872 duration_ticks=163468 hr=0x00000000
present frame=1030 source_index=1 allocator_index=1 expected_next=2 observed_next=2 qpc=3109439469137 duration_ticks=156099 hr=0x00000000
present frame=1031 source_index=2 allocator_index=2 expected_next=0 observed_next=0 qpc=3109439629564 duration_ticks=164631 hr=0x00000000
present frame=1032 source_index=0 allocator_index=0 expected_next=1 observed_next=1 qpc=3109439798624 duration_ticks=160916 hr=0x00000000
present frame=1033 source_index=1 allocator_index=1 expected_next=2 observed_next=2 qpc=3109439964255 duration_ticks=162252 hr=0x00000000
present frame=1034 source_index=2 allocator_index=2 expected_next=0 observed_next=0 qpc=3109440130524 duration_ticks=163386 hr=0x00000000
present frame=1035 source_index=0 allocator_index=0 expected_next=1 observed_next=1 qpc=3109440298560 duration_ticks=160625 hr=0x00000000
present frame=1036 source_index=1 allocator_index=1 expected_next=2 observed_next=2 qpc=3109440464404 duration_ticks=161771 hr=0x00000000
present frame=1037 source_index=2 allocator_index=2 expected_next=0 observed_next=0 qpc=3109440629602 duration_ticks=161999 hr=0x00000000
present frame=1038 source_index=0 allocator_index=0 expected_next=1 observed_next=1 qpc=3109440796920 duration_ticks=165597 hr=0x00000000
present frame=1039 source_index=1 allocator_index=1 expected_next=2 observed_next=2 qpc=3109440966447 duration_ticks=162508 hr=0x00000000
present frame=1040 source_index=2 allocator_index=2 expected_next=0 observed_next=0 qpc=3109441132729 duration_ticks=159343 hr=0x00000000
present frame=1041 source_index=0 allocator_index=0 expected_next=1 observed_next=1 qpc=3109441296042 duration_ticks=164190 hr=0x00000000
present frame=1042 source_index=1 allocator_index=1 expected_next=2 observed_next=2 qpc=3109441463585 duration_ticks=161775 hr=0x00000000
present frame=1043 source_index=2 allocator_index=2 expected_next=0 observed_next=0 qpc=3109441630060 duration_ticks=162120 hr=0x00000000
present frame=1044 source_index=0 allocator_index=0 expected_next=1 observed_next=1 qpc=3109441796254 duration_ticks=164118 hr=0x00000000
present frame=1045 source_index=1 allocator_index=1 expected_next=2 observed_next=2 qpc=3109441965113 duration_ticks=164311 hr=0x00000000
present frame=1046 source_index=2 allocator_index=2 expected_next=0 observed_next=0 qpc=3109442133302 duration_ticks=163019 hr=0x00000000
present frame=1047 source_index=0 allocator_index=0 expected_next=1 observed_next=1 qpc=3109442300377 duration_ticks=162866 hr=0x00000000
present frame=1048 source_index=1 allocator_index=1 expected_next=2 observed_next=2 qpc=3109442468462 duration_ticks=162127 hr=0x00000000
present frame=1049 source_index=2 allocator_index=2 expected_next=0 observed_next=0 qpc=3109442634477 duration_ticks=160373 hr=0x00000000
present frame=1050 source_index=0 allocator_index=0 expected_next=1 observed_next=1 qpc=3109442798813 duration_ticks=163017 hr=0x00000000
present frame=1051 source_index=1 allocator_index=1 expected_next=2 observed_next=2 qpc=3109442967420 duration_ticks=157281 hr=0x00000000
present frame=1052 source_index=2 allocator_index=2 expected_next=0 observed_next=0 qpc=3109443129485 duration_ticks=165116 hr=0x00000000
present frame=1053 source_index=0 allocator_index=0 expected_next=1 observed_next=1 qpc=3109443298486 duration_ticks=165021 hr=0x00000000
present frame=1054 source_index=1 allocator_index=1 expected_next=2 observed_next=2 qpc=3109443467675 duration_ticks=160990 hr=0x00000000
present frame=1055 source_index=2 allocator_index=2 expected_next=0 observed_next=0 qpc=3109443632535 duration_ticks=154717 hr=0x00000000
present frame=1056 source_index=0 allocator_index=0 expected_next=1 observed_next=1 qpc=3109443787864 duration_ticks=169908 hr=0x00000000
present frame=1057 source_index=1 allocator_index=1 expected_next=2 observed_next=2 qpc=3109443962512 duration_ticks=161560 hr=0x00000000
present frame=1058 source_index=2 allocator_index=2 expected_next=0 observed_next=0 qpc=3109444129059 duration_ticks=162235 hr=0x00000000
present frame=1059 source_index=0 allocator_index=0 expected_next=1 observed_next=1 qpc=3109444294824 duration_ticks=164983 hr=0x00000000
present frame=1060 source_index=1 allocator_index=1 expected_next=2 observed_next=2 qpc=3109444470997 duration_ticks=154382 hr=0x00000000
present frame=1061 source_index=2 allocator_index=2 expected_next=0 observed_next=0 qpc=3109444630054 duration_ticks=166825 hr=0x00000000
present frame=1062 source_index=0 allocator_index=0 expected_next=1 observed_next=1 qpc=3109444801110 duration_ticks=160990 hr=0x00000000
present frame=1063 source_index=1 allocator_index=1 expected_next=2 observed_next=2 qpc=3109444965853 duration_ticks=161413 hr=0x00000000
present frame=1064 source_index=2 allocator_index=2 expected_next=0 observed_next=0 qpc=3109445133603 duration_ticks=159525 hr=0x00000000
present frame=1065 source_index=0 allocator_index=0 expected_next=1 observed_next=1 qpc=3109445296765 duration_ticks=166166 hr=0x00000000
present frame=1066 source_index=1 allocator_index=1 expected_next=2 observed_next=2 qpc=3109445466991 duration_ticks=159756 hr=0x00000000
present frame=1067 source_index=2 allocator_index=2 expected_next=0 observed_next=0 qpc=3109445635670 duration_ticks=158525 hr=0x00000000
present frame=1068 source_index=0 allocator_index=0 expected_next=1 observed_next=1 qpc=3109445797709 duration_ticks=165063 hr=0x00000000
present frame=1069 source_index=1 allocator_index=1 expected_next=2 observed_next=2 qpc=3109445966876 duration_ticks=162547 hr=0x00000000
present frame=1070 source_index=2 allocator_index=2 expected_next=0 observed_next=0 qpc=3109446133696 duration_ticks=163323 hr=0x00000000
present frame=1071 source_index=0 allocator_index=0 expected_next=1 observed_next=1 qpc=3109446300850 duration_ticks=164828 hr=0x00000000
present frame=1072 source_index=1 allocator_index=1 expected_next=2 observed_next=2 qpc=3109446571265 duration_ticks=60931 hr=0x00000000
present frame=1073 source_index=2 allocator_index=2 expected_next=0 observed_next=0 qpc=3109446640608 duration_ticks=156454 hr=0x00000000
present frame=1074 source_index=0 allocator_index=0 expected_next=1 observed_next=1 qpc=3109446805901 duration_ticks=157170 hr=0x00000000
present frame=1075 source_index=1 allocator_index=1 expected_next=2 observed_next=2 qpc=3109446966803 duration_ticks=161262 hr=0x00000000
present frame=1076 source_index=2 allocator_index=2 expected_next=0 observed_next=0 qpc=3109447131945 duration_ticks=163584 hr=0x00000000
present frame=1077 source_index=0 allocator_index=0 expected_next=1 observed_next=1 qpc=3109447299760 duration_ticks=161759 hr=0x00000000
present frame=1078 source_index=1 allocator_index=1 expected_next=2 observed_next=2 qpc=3109447465293 duration_ticks=164413 hr=0x00000000
present frame=1079 source_index=2 allocator_index=2 expected_next=0 observed_next=0 qpc=3109447633674 duration_ticks=159844 hr=0x00000000
present frame=1080 source_index=0 allocator_index=0 expected_next=1 observed_next=1 qpc=3109447797398 duration_ticks=166115 hr=0x00000000
present frame=1081 source_index=1 allocator_index=1 expected_next=2 observed_next=2 qpc=3109447967719 duration_ticks=158750 hr=0x00000000
present frame=1082 source_index=2 allocator_index=2 expected_next=0 observed_next=0 qpc=3109448131358 duration_ticks=161564 hr=0x00000000
present frame=1083 source_index=0 allocator_index=0 expected_next=1 observed_next=1 qpc=3109448297328 duration_ticks=164515 hr=0x00000000
present frame=1084 source_index=1 allocator_index=1 expected_next=2 observed_next=2 qpc=3109448466892 duration_ticks=161052 hr=0x00000000
present frame=1085 source_index=2 allocator_index=2 expected_next=0 observed_next=0 qpc=3109448631943 duration_ticks=160140 hr=0x00000000
present frame=1086 source_index=0 allocator_index=0 expected_next=1 observed_next=1 qpc=3109448795811 duration_ticks=165217 hr=0x00000000
present frame=1087 source_index=1 allocator_index=1 expected_next=2 observed_next=2 qpc=3109448964897 duration_ticks=163957 hr=0x00000000
present frame=1088 source_index=2 allocator_index=2 expected_next=0 observed_next=0 qpc=3109449132785 duration_ticks=158901 hr=0x00000000
present frame=1089 source_index=0 allocator_index=0 expected_next=1 observed_next=1 qpc=3109449296939 duration_ticks=170721 hr=0x00000000
present frame=1090 source_index=1 allocator_index=1 expected_next=2 observed_next=2 qpc=3109449471747 duration_ticks=153263 hr=0x00000000
present frame=1091 source_index=2 allocator_index=2 expected_next=0 observed_next=0 qpc=3109449629431 duration_ticks=161504 hr=0x00000000
present frame=1092 source_index=0 allocator_index=0 expected_next=1 observed_next=1 qpc=3109449796587 duration_ticks=161485 hr=0x00000000
present frame=1093 source_index=1 allocator_index=1 expected_next=2 observed_next=2 qpc=3109449962514 duration_ticks=161851 hr=0x00000000
present frame=1094 source_index=2 allocator_index=2 expected_next=0 observed_next=0 qpc=3109450129201 duration_ticks=163226 hr=0x00000000
present frame=1095 source_index=0 allocator_index=0 expected_next=1 observed_next=1 qpc=3109450297435 duration_ticks=160548 hr=0x00000000
present frame=1096 source_index=1 allocator_index=1 expected_next=2 observed_next=2 qpc=3109450462167 duration_ticks=169151 hr=0x00000000
present frame=1097 source_index=2 allocator_index=2 expected_next=0 observed_next=0 qpc=3109450639338 duration_ticks=152280 hr=0x00000000
present frame=1098 source_index=0 allocator_index=0 expected_next=1 observed_next=1 qpc=3109450797340 duration_ticks=160638 hr=0x00000000
present frame=1099 source_index=1 allocator_index=1 expected_next=2 observed_next=2 qpc=3109450963137 duration_ticks=163274 hr=0x00000000
present frame=1100 source_index=2 allocator_index=2 expected_next=0 observed_next=0 qpc=3109451130727 duration_ticks=161180 hr=0x00000000
present frame=1101 source_index=0 allocator_index=0 expected_next=1 observed_next=1 qpc=3109451295511 duration_ticks=167856 hr=0x00000000
present frame=1102 source_index=1 allocator_index=1 expected_next=2 observed_next=2 qpc=3109451468899 duration_ticks=155528 hr=0x00000000
present frame=1103 source_index=2 allocator_index=2 expected_next=0 observed_next=0 qpc=3109451626561 duration_ticks=162068 hr=0x00000000
present frame=1104 source_index=0 allocator_index=0 expected_next=1 observed_next=1 qpc=3109451789667 duration_ticks=164106 hr=0x00000000
present frame=1105 source_index=1 allocator_index=1 expected_next=2 observed_next=2 qpc=3109451954462 duration_ticks=166703 hr=0x00000000
present frame=1106 source_index=2 allocator_index=2 expected_next=0 observed_next=0 qpc=3109452122380 duration_ticks=164485 hr=0x00000000
present frame=1107 source_index=0 allocator_index=0 expected_next=1 observed_next=1 qpc=3109452287639 duration_ticks=166711 hr=0x00000000
present frame=1108 source_index=1 allocator_index=1 expected_next=2 observed_next=2 qpc=3109452457987 duration_ticks=167741 hr=0x00000000
present frame=1109 source_index=2 allocator_index=2 expected_next=0 observed_next=0 qpc=3109452630426 duration_ticks=160587 hr=0x00000000
present frame=1110 source_index=0 allocator_index=0 expected_next=1 observed_next=1 qpc=3109452796568 duration_ticks=164271 hr=0x00000000
present frame=1111 source_index=1 allocator_index=1 expected_next=2 observed_next=2 qpc=3109452966051 duration_ticks=156842 hr=0x00000000
present frame=1112 source_index=2 allocator_index=2 expected_next=0 observed_next=0 qpc=3109453129647 duration_ticks=168763 hr=0x00000000
present frame=1113 source_index=0 allocator_index=0 expected_next=1 observed_next=1 qpc=3109453303490 duration_ticks=158514 hr=0x00000000
present frame=1114 source_index=1 allocator_index=1 expected_next=2 observed_next=2 qpc=3109453467070 duration_ticks=159752 hr=0x00000000
present frame=1115 source_index=2 allocator_index=2 expected_next=0 observed_next=0 qpc=3109453630820 duration_ticks=165403 hr=0x00000000
present frame=1116 source_index=0 allocator_index=0 expected_next=1 observed_next=1 qpc=3109453800224 duration_ticks=161632 hr=0x00000000
present frame=1117 source_index=1 allocator_index=1 expected_next=2 observed_next=2 qpc=3109453965605 duration_ticks=161267 hr=0x00000000
present frame=1118 source_index=2 allocator_index=2 expected_next=0 observed_next=0 qpc=3109454132013 duration_ticks=161774 hr=0x00000000
present frame=1119 source_index=0 allocator_index=0 expected_next=1 observed_next=1 qpc=3109454297948 duration_ticks=163941 hr=0x00000000
present frame=1120 source_index=1 allocator_index=1 expected_next=2 observed_next=2 qpc=3109454472437 duration_ticks=157340 hr=0x00000000
present frame=1121 source_index=2 allocator_index=2 expected_next=0 observed_next=0 qpc=3109454633810 duration_ticks=159969 hr=0x00000000
present frame=1122 source_index=0 allocator_index=0 expected_next=1 observed_next=1 qpc=3109454797469 duration_ticks=164036 hr=0x00000000
present frame=1123 source_index=1 allocator_index=1 expected_next=2 observed_next=2 qpc=3109454965569 duration_ticks=160535 hr=0x00000000
present frame=1124 source_index=2 allocator_index=2 expected_next=0 observed_next=0 qpc=3109455129868 duration_ticks=165260 hr=0x00000000
present frame=1125 source_index=0 allocator_index=0 expected_next=1 observed_next=1 qpc=3109455299074 duration_ticks=160221 hr=0x00000000
present frame=1126 source_index=1 allocator_index=1 expected_next=2 observed_next=2 qpc=3109455463302 duration_ticks=166031 hr=0x00000000
present frame=1127 source_index=2 allocator_index=2 expected_next=0 observed_next=0 qpc=3109455635660 duration_ticks=158008 hr=0x00000000
present frame=1128 source_index=0 allocator_index=0 expected_next=1 observed_next=1 qpc=3109455798205 duration_ticks=164951 hr=0x00000000
present frame=1129 source_index=1 allocator_index=1 expected_next=2 observed_next=2 qpc=3109455973872 duration_ticks=153086 hr=0x00000000
present frame=1130 source_index=2 allocator_index=2 expected_next=0 observed_next=0 qpc=3109456130413 duration_ticks=164083 hr=0x00000000
present frame=1131 source_index=0 allocator_index=0 expected_next=1 observed_next=1 qpc=3109456298078 duration_ticks=165161 hr=0x00000000
present frame=1132 source_index=1 allocator_index=1 expected_next=2 observed_next=2 qpc=3109456490135 duration_ticks=132300 hr=0x00000000
present frame=1133 source_index=2 allocator_index=2 expected_next=0 observed_next=0 qpc=3109456623162 duration_ticks=173318 hr=0x00000000
present frame=1134 source_index=0 allocator_index=0 expected_next=1 observed_next=1 qpc=3109456800563 duration_ticks=163160 hr=0x00000000
present frame=1135 source_index=1 allocator_index=1 expected_next=2 observed_next=2 qpc=3109456967856 duration_ticks=165124 hr=0x00000000
present frame=1136 source_index=2 allocator_index=2 expected_next=0 observed_next=0 qpc=3109457145730 duration_ticks=151172 hr=0x00000000
present frame=1137 source_index=0 allocator_index=0 expected_next=1 observed_next=1 qpc=3109457300592 duration_ticks=158723 hr=0x00000000
present frame=1138 source_index=1 allocator_index=1 expected_next=2 observed_next=2 qpc=3109457462963 duration_ticks=164464 hr=0x00000000
present frame=1139 source_index=2 allocator_index=2 expected_next=0 observed_next=0 qpc=3109457631151 duration_ticks=164057 hr=0x00000000
present frame=1140 source_index=0 allocator_index=0 expected_next=1 observed_next=1 qpc=3109457799317 duration_ticks=164999 hr=0x00000000
present frame=1141 source_index=1 allocator_index=1 expected_next=2 observed_next=2 qpc=3109457968840 duration_ticks=158837 hr=0x00000000
present frame=1142 source_index=2 allocator_index=2 expected_next=0 observed_next=0 qpc=3109458135592 duration_ticks=163265 hr=0x00000000
present frame=1143 source_index=0 allocator_index=0 expected_next=1 observed_next=1 qpc=3109458303602 duration_ticks=157881 hr=0x00000000
present frame=1144 source_index=1 allocator_index=1 expected_next=2 observed_next=2 qpc=3109458465345 duration_ticks=159722 hr=0x00000000
present frame=1145 source_index=2 allocator_index=2 expected_next=0 observed_next=0 qpc=3109458634447 duration_ticks=160517 hr=0x00000000
present frame=1146 source_index=0 allocator_index=0 expected_next=1 observed_next=1 qpc=3109458799846 duration_ticks=161246 hr=0x00000000
present frame=1147 source_index=1 allocator_index=1 expected_next=2 observed_next=2 qpc=3109458964731 duration_ticks=164829 hr=0x00000000
present frame=1148 source_index=2 allocator_index=2 expected_next=0 observed_next=0 qpc=3109459133367 duration_ticks=159744 hr=0x00000000
present frame=1149 source_index=0 allocator_index=0 expected_next=1 observed_next=1 qpc=3109459299049 duration_ticks=165993 hr=0x00000000
present frame=1150 source_index=1 allocator_index=1 expected_next=2 observed_next=2 qpc=3109459471806 duration_ticks=157753 hr=0x00000000
present frame=1151 source_index=2 allocator_index=2 expected_next=0 observed_next=0 qpc=3109459632946 duration_ticks=161758 hr=0x00000000
present frame=1152 source_index=0 allocator_index=0 expected_next=1 observed_next=1 qpc=3109459798567 duration_ticks=158545 hr=0x00000000
present frame=1153 source_index=1 allocator_index=1 expected_next=2 observed_next=2 qpc=3109459958251 duration_ticks=167114 hr=0x00000000
present frame=1154 source_index=2 allocator_index=2 expected_next=0 observed_next=0 qpc=3109460128459 duration_ticks=166008 hr=0x00000000
present frame=1155 source_index=0 allocator_index=0 expected_next=1 observed_next=1 qpc=3109460297980 duration_ticks=157597 hr=0x00000000
present frame=1156 source_index=1 allocator_index=1 expected_next=2 observed_next=2 qpc=3109460456232 duration_ticks=169899 hr=0x00000000
present frame=1157 source_index=2 allocator_index=2 expected_next=0 observed_next=0 qpc=3109460629667 duration_ticks=158473 hr=0x00000000
present frame=1158 source_index=0 allocator_index=0 expected_next=1 observed_next=1 qpc=3109460789332 duration_ticks=168501 hr=0x00000000
present frame=1159 source_index=1 allocator_index=1 expected_next=2 observed_next=2 qpc=3109460963892 duration_ticks=157651 hr=0x00000000
present frame=1160 source_index=2 allocator_index=2 expected_next=0 observed_next=0 qpc=3109461122524 duration_ticks=166589 hr=0x00000000
present frame=1161 source_index=0 allocator_index=0 expected_next=1 observed_next=1 qpc=3109461289974 duration_ticks=167326 hr=0x00000000
present frame=1162 source_index=1 allocator_index=1 expected_next=2 observed_next=2 qpc=3109461458364 duration_ticks=168573 hr=0x00000000
present frame=1163 source_index=2 allocator_index=2 expected_next=0 observed_next=0 qpc=3109461630012 duration_ticks=159740 hr=0x00000000
present frame=1164 source_index=0 allocator_index=0 expected_next=1 observed_next=1 qpc=3109461790973 duration_ticks=164911 hr=0x00000000
present frame=1165 source_index=1 allocator_index=1 expected_next=2 observed_next=2 qpc=3109461956831 duration_ticks=170051 hr=0x00000000
present frame=1166 source_index=2 allocator_index=2 expected_next=0 observed_next=0 qpc=3109462131188 duration_ticks=157400 hr=0x00000000
present frame=1167 source_index=0 allocator_index=0 expected_next=1 observed_next=1 qpc=3109462289542 duration_ticks=164992 hr=0x00000000
present frame=1168 source_index=1 allocator_index=1 expected_next=2 observed_next=2 qpc=3109462455378 duration_ticks=173353 hr=0x00000000
present frame=1169 source_index=2 allocator_index=2 expected_next=0 observed_next=0 qpc=3109462632199 duration_ticks=157953 hr=0x00000000
present frame=1170 source_index=0 allocator_index=0 expected_next=1 observed_next=1 qpc=3109462793592 duration_ticks=165562 hr=0x00000000
present frame=1171 source_index=1 allocator_index=1 expected_next=2 observed_next=2 qpc=3109462962855 duration_ticks=160622 hr=0x00000000
present frame=1172 source_index=2 allocator_index=2 expected_next=0 observed_next=0 qpc=3109463128889 duration_ticks=164220 hr=0x00000000
present frame=1173 source_index=0 allocator_index=0 expected_next=1 observed_next=1 qpc=3109463296770 duration_ticks=162710 hr=0x00000000
present frame=1174 source_index=1 allocator_index=1 expected_next=2 observed_next=2 qpc=3109463463570 duration_ticks=162787 hr=0x00000000
present frame=1175 source_index=2 allocator_index=2 expected_next=0 observed_next=0 qpc=3109463631305 duration_ticks=156791 hr=0x00000000
present frame=1176 source_index=0 allocator_index=0 expected_next=1 observed_next=1 qpc=3109463788886 duration_ticks=171611 hr=0x00000000
present frame=1177 source_index=1 allocator_index=1 expected_next=2 observed_next=2 qpc=3109463963773 duration_ticks=158663 hr=0x00000000
present frame=1178 source_index=2 allocator_index=2 expected_next=0 observed_next=0 qpc=3109464123161 duration_ticks=167816 hr=0x00000000
present frame=1179 source_index=0 allocator_index=0 expected_next=1 observed_next=1 qpc=3109464294267 duration_ticks=163782 hr=0x00000000
present frame=1180 source_index=1 allocator_index=1 expected_next=2 observed_next=2 qpc=3109464461497 duration_ticks=163786 hr=0x00000000
present frame=1181 source_index=2 allocator_index=2 expected_next=0 observed_next=0 qpc=3109464628808 duration_ticks=163684 hr=0x00000000
present frame=1182 source_index=0 allocator_index=0 expected_next=1 observed_next=1 qpc=3109464797580 duration_ticks=157845 hr=0x00000000
present frame=1183 source_index=1 allocator_index=1 expected_next=2 observed_next=2 qpc=3109464956090 duration_ticks=170873 hr=0x00000000
present frame=1184 source_index=2 allocator_index=2 expected_next=0 observed_next=0 qpc=3109465130814 duration_ticks=160058 hr=0x00000000
present frame=1185 source_index=0 allocator_index=0 expected_next=1 observed_next=1 qpc=3109465294359 duration_ticks=161632 hr=0x00000000
present frame=1186 source_index=1 allocator_index=1 expected_next=2 observed_next=2 qpc=3109465461007 duration_ticks=164098 hr=0x00000000
present frame=1187 source_index=2 allocator_index=2 expected_next=0 observed_next=0 qpc=3109465628670 duration_ticks=164416 hr=0x00000000
present frame=1188 source_index=0 allocator_index=0 expected_next=1 observed_next=1 qpc=3109465796774 duration_ticks=167162 hr=0x00000000
present frame=1189 source_index=1 allocator_index=1 expected_next=2 observed_next=2 qpc=3109465967819 duration_ticks=157068 hr=0x00000000
present frame=1190 source_index=2 allocator_index=2 expected_next=0 observed_next=0 qpc=3109466128400 duration_ticks=167205 hr=0x00000000
present frame=1191 source_index=0 allocator_index=0 expected_next=1 observed_next=1 qpc=3109466299409 duration_ticks=163469 hr=0x00000000
present frame=1192 source_index=1 allocator_index=1 expected_next=2 observed_next=2 qpc=3109466567498 duration_ticks=55391 hr=0x00000000
present frame=1193 source_index=2 allocator_index=2 expected_next=0 observed_next=0 qpc=3109466623593 duration_ticks=164255 hr=0x00000000
present frame=1194 source_index=0 allocator_index=0 expected_next=1 observed_next=1 qpc=3109466790533 duration_ticks=164650 hr=0x00000000
present frame=1195 source_index=1 allocator_index=1 expected_next=2 observed_next=2 qpc=3109466955730 duration_ticks=166515 hr=0x00000000
present frame=1196 source_index=2 allocator_index=2 expected_next=0 observed_next=0 qpc=3109467122767 duration_ticks=169735 hr=0x00000000
present frame=1197 source_index=0 allocator_index=0 expected_next=1 observed_next=1 qpc=3109467295877 duration_ticks=159489 hr=0x00000000
present frame=1198 source_index=1 allocator_index=1 expected_next=2 observed_next=2 qpc=3109467456064 duration_ticks=168466 hr=0x00000000
present frame=1199 source_index=2 allocator_index=2 expected_next=0 observed_next=0 qpc=3109467628119 duration_ticks=159703 hr=0x00000000
present frame=1200 source_index=0 allocator_index=0 expected_next=1 observed_next=1 qpc=3109467788509 duration_ticks=172661 hr=0x00000000
present frame=1201 source_index=1 allocator_index=1 expected_next=2 observed_next=2 qpc=3109467964794 duration_ticks=158863 hr=0x00000000
present frame=1202 source_index=2 allocator_index=2 expected_next=0 observed_next=0 qpc=3109468127450 duration_ticks=164369 hr=0x00000000
present frame=1203 source_index=0 allocator_index=0 expected_next=1 observed_next=1 qpc=3109468295350 duration_ticks=165910 hr=0x00000000
present frame=1204 source_index=1 allocator_index=1 expected_next=2 observed_next=2 qpc=3109468464874 duration_ticks=163971 hr=0x00000000
present frame=1205 source_index=2 allocator_index=2 expected_next=0 observed_next=0 qpc=3109468633257 duration_ticks=160776 hr=0x00000000
present frame=1206 source_index=0 allocator_index=0 expected_next=1 observed_next=1 qpc=3109468798133 duration_ticks=159817 hr=0x00000000
present frame=1207 source_index=1 allocator_index=1 expected_next=2 observed_next=2 qpc=3109468964722 duration_ticks=161294 hr=0x00000000
present frame=1208 source_index=2 allocator_index=2 expected_next=0 observed_next=0 qpc=3109469132040 duration_ticks=161264 hr=0x00000000
present frame=1209 source_index=0 allocator_index=0 expected_next=1 observed_next=1 qpc=3109469298833 duration_ticks=155175 hr=0x00000000
present frame=1210 source_index=1 allocator_index=1 expected_next=2 observed_next=2 qpc=3109469455036 duration_ticks=163862 hr=0x00000000
present frame=1211 source_index=2 allocator_index=2 expected_next=0 observed_next=0 qpc=3109469620488 duration_ticks=170976 hr=0x00000000
present frame=1212 source_index=0 allocator_index=0 expected_next=1 observed_next=1 qpc=3109469792775 duration_ticks=162250 hr=0x00000000
present frame=1213 source_index=1 allocator_index=1 expected_next=2 observed_next=2 qpc=3109469955838 duration_ticks=164566 hr=0x00000000
present frame=1214 source_index=2 allocator_index=2 expected_next=0 observed_next=0 qpc=3109470121178 duration_ticks=168343 hr=0x00000000
present frame=1215 source_index=0 allocator_index=0 expected_next=1 observed_next=1 qpc=3109470295068 duration_ticks=165482 hr=0x00000000
present frame=1216 source_index=1 allocator_index=1 expected_next=2 observed_next=2 qpc=3109470465291 duration_ticks=160380 hr=0x00000000
present frame=1217 source_index=2 allocator_index=2 expected_next=0 observed_next=0 qpc=3109470629513 duration_ticks=162984 hr=0x00000000
present frame=1218 source_index=0 allocator_index=0 expected_next=1 observed_next=1 qpc=3109470797972 duration_ticks=161961 hr=0x00000000
present frame=1219 source_index=1 allocator_index=1 expected_next=2 observed_next=2 qpc=3109470964559 duration_ticks=160319 hr=0x00000000
present frame=1220 source_index=2 allocator_index=2 expected_next=0 observed_next=0 qpc=3109471129355 duration_ticks=161982 hr=0x00000000
present frame=1221 source_index=0 allocator_index=0 expected_next=1 observed_next=1 qpc=3109471300829 duration_ticks=158268 hr=0x00000000
present frame=1222 source_index=1 allocator_index=1 expected_next=2 observed_next=2 qpc=3109471463348 duration_ticks=162394 hr=0x00000000
present frame=1223 source_index=2 allocator_index=2 expected_next=0 observed_next=0 qpc=3109471630643 duration_ticks=161829 hr=0x00000000
present frame=1224 source_index=0 allocator_index=0 expected_next=1 observed_next=1 qpc=3109471795958 duration_ticks=159209 hr=0x00000000
present frame=1225 source_index=1 allocator_index=1 expected_next=2 observed_next=2 qpc=3109471955907 duration_ticks=171396 hr=0x00000000
present frame=1226 source_index=2 allocator_index=2 expected_next=0 observed_next=0 qpc=3109472131015 duration_ticks=161402 hr=0x00000000
present frame=1227 source_index=0 allocator_index=0 expected_next=1 observed_next=1 qpc=3109472295955 duration_ticks=164663 hr=0x00000000
present frame=1228 source_index=1 allocator_index=1 expected_next=2 observed_next=2 qpc=3109472465573 duration_ticks=162289 hr=0x00000000
present frame=1229 source_index=2 allocator_index=2 expected_next=0 observed_next=0 qpc=3109472631696 duration_ticks=164532 hr=0x00000000
present frame=1230 source_index=0 allocator_index=0 expected_next=1 observed_next=1 qpc=3109472801145 duration_ticks=160616 hr=0x00000000
present frame=1231 source_index=1 allocator_index=1 expected_next=2 observed_next=2 qpc=3109472967603 duration_ticks=159421 hr=0x00000000
present frame=1232 source_index=2 allocator_index=2 expected_next=0 observed_next=0 qpc=3109473131079 duration_ticks=166123 hr=0x00000000
present frame=1233 source_index=0 allocator_index=0 expected_next=1 observed_next=1 qpc=3109473301197 duration_ticks=161351 hr=0x00000000
present frame=1234 source_index=1 allocator_index=1 expected_next=2 observed_next=2 qpc=3109473466676 duration_ticks=164508 hr=0x00000000
present frame=1235 source_index=2 allocator_index=2 expected_next=0 observed_next=0 qpc=3109473635186 duration_ticks=160016 hr=0x00000000
present frame=1236 source_index=0 allocator_index=0 expected_next=1 observed_next=1 qpc=3109473799236 duration_ticks=160945 hr=0x00000000
present frame=1237 source_index=1 allocator_index=1 expected_next=2 observed_next=2 qpc=3109473966604 duration_ticks=159773 hr=0x00000000
present frame=1238 source_index=2 allocator_index=2 expected_next=0 observed_next=0 qpc=3109474130632 duration_ticks=163520 hr=0x00000000
present frame=1239 source_index=0 allocator_index=0 expected_next=1 observed_next=1 qpc=3109474298055 duration_ticks=163321 hr=0x00000000
present frame=1240 source_index=1 allocator_index=1 expected_next=2 observed_next=2 qpc=3109474465208 duration_ticks=161563 hr=0x00000000
present frame=1241 source_index=2 allocator_index=2 expected_next=0 observed_next=0 qpc=3109474632500 duration_ticks=163115 hr=0x00000000
present frame=1242 source_index=0 allocator_index=0 expected_next=1 observed_next=1 qpc=3109474799555 duration_ticks=161412 hr=0x00000000
present frame=1243 source_index=1 allocator_index=1 expected_next=2 observed_next=2 qpc=3109474964495 duration_ticks=166035 hr=0x00000000
present frame=1244 source_index=2 allocator_index=2 expected_next=0 observed_next=0 qpc=3109475138342 duration_ticks=156552 hr=0x00000000
present frame=1245 source_index=0 allocator_index=0 expected_next=1 observed_next=1 qpc=3109475302561 duration_ticks=159487 hr=0x00000000
present frame=1246 source_index=1 allocator_index=1 expected_next=2 observed_next=2 qpc=3109475472728 duration_ticks=154196 hr=0x00000000
present frame=1247 source_index=2 allocator_index=2 expected_next=0 observed_next=0 qpc=3109475630459 duration_ticks=161915 hr=0x00000000
present frame=1248 source_index=0 allocator_index=0 expected_next=1 observed_next=1 qpc=3109475796261 duration_ticks=168497 hr=0x00000000
present frame=1249 source_index=1 allocator_index=1 expected_next=2 observed_next=2 qpc=3109475968820 duration_ticks=157748 hr=0x00000000
present frame=1250 source_index=2 allocator_index=2 expected_next=0 observed_next=0 qpc=3109476129920 duration_ticks=166433 hr=0x00000000
present frame=1251 source_index=0 allocator_index=0 expected_next=1 observed_next=1 qpc=3109476300358 duration_ticks=161330 hr=0x00000000
present frame=1252 source_index=1 allocator_index=1 expected_next=2 observed_next=2 qpc=3109476566127 duration_ticks=63893 hr=0x00000000
present frame=1253 source_index=2 allocator_index=2 expected_next=0 observed_next=0 qpc=3109476653357 duration_ticks=140343 hr=0x00000000
present frame=1254 source_index=0 allocator_index=0 expected_next=1 observed_next=1 qpc=3109476797301 duration_ticks=162156 hr=0x00000000
present frame=1255 source_index=1 allocator_index=1 expected_next=2 observed_next=2 qpc=3109476963437 duration_ticks=164727 hr=0x00000000
present frame=1256 source_index=2 allocator_index=2 expected_next=0 observed_next=0 qpc=3109477132177 duration_ticks=160375 hr=0x00000000
present frame=1257 source_index=0 allocator_index=0 expected_next=1 observed_next=1 qpc=3109477296515 duration_ticks=166653 hr=0x00000000
present frame=1258 source_index=1 allocator_index=1 expected_next=2 observed_next=2 qpc=3109477467147 duration_ticks=159057 hr=0x00000000
present frame=1259 source_index=2 allocator_index=2 expected_next=0 observed_next=0 qpc=3109477629777 duration_ticks=160901 hr=0x00000000
present frame=1260 source_index=0 allocator_index=0 expected_next=1 observed_next=1 qpc=3109477797272 duration_ticks=162280 hr=0x00000000
present frame=1261 source_index=1 allocator_index=1 expected_next=2 observed_next=2 qpc=3109477963555 duration_ticks=163352 hr=0x00000000
present frame=1262 source_index=2 allocator_index=2 expected_next=0 observed_next=0 qpc=3109478132126 duration_ticks=161670 hr=0x00000000
present frame=1263 source_index=0 allocator_index=0 expected_next=1 observed_next=1 qpc=3109478297268 duration_ticks=162814 hr=0x00000000
present frame=1264 source_index=1 allocator_index=1 expected_next=2 observed_next=2 qpc=3109478463630 duration_ticks=166003 hr=0x00000000
present frame=1265 source_index=2 allocator_index=2 expected_next=0 observed_next=0 qpc=3109478634948 duration_ticks=160272 hr=0x00000000
present frame=1266 source_index=0 allocator_index=0 expected_next=1 observed_next=1 qpc=3109478799247 duration_ticks=161823 hr=0x00000000
present frame=1267 source_index=1 allocator_index=1 expected_next=2 observed_next=2 qpc=3109478966720 duration_ticks=160701 hr=0x00000000
present frame=1268 source_index=2 allocator_index=2 expected_next=0 observed_next=0 qpc=3109479131000 duration_ticks=160037 hr=0x00000000
present frame=1269 source_index=0 allocator_index=0 expected_next=1 observed_next=1 qpc=3109479298328 duration_ticks=156229 hr=0x00000000
present frame=1270 source_index=1 allocator_index=1 expected_next=2 observed_next=2 qpc=3109479456224 duration_ticks=158524 hr=0x00000000
present frame=1271 source_index=2 allocator_index=2 expected_next=0 observed_next=0 qpc=3109479615751 duration_ticks=165322 hr=0x00000000
present frame=1272 source_index=0 allocator_index=0 expected_next=1 observed_next=1 qpc=3109479782245 duration_ticks=165342 hr=0x00000000
present frame=1273 source_index=1 allocator_index=1 expected_next=2 observed_next=2 qpc=3109480080480 duration_ticks=33828 hr=0x00000000
present frame=1274 source_index=2 allocator_index=2 expected_next=0 observed_next=0 qpc=3109480115315 duration_ticks=167532 hr=0x00000000
present frame=1275 source_index=0 allocator_index=0 expected_next=1 observed_next=1 qpc=3109480284107 duration_ticks=165510 hr=0x00000000
present frame=1276 source_index=1 allocator_index=1 expected_next=2 observed_next=2 qpc=3109480450485 duration_ticks=163542 hr=0x00000000
present frame=1277 source_index=2 allocator_index=2 expected_next=0 observed_next=0 qpc=3109480614622 duration_ticks=165825 hr=0x00000000
present frame=1278 source_index=0 allocator_index=0 expected_next=1 observed_next=1 qpc=3109480780826 duration_ticks=165881 hr=0x00000000
present frame=1279 source_index=1 allocator_index=1 expected_next=2 observed_next=2 qpc=3109480946973 duration_ticks=167049 hr=0x00000000
present frame=1280 source_index=2 allocator_index=2 expected_next=0 observed_next=0 qpc=3109481114251 duration_ticks=167028 hr=0x00000000
present frame=1281 source_index=0 allocator_index=0 expected_next=1 observed_next=1 qpc=3109481281655 duration_ticks=167936 hr=0x00000000
present frame=1282 source_index=1 allocator_index=1 expected_next=2 observed_next=2 qpc=3109481449904 duration_ticks=166061 hr=0x00000000
present frame=1283 source_index=2 allocator_index=2 expected_next=0 observed_next=0 qpc=3109481616425 duration_ticks=166940 hr=0x00000000
present frame=1284 source_index=0 allocator_index=0 expected_next=1 observed_next=1 qpc=3109481783735 duration_ticks=166419 hr=0x00000000
present frame=1285 source_index=1 allocator_index=1 expected_next=2 observed_next=2 qpc=3109481950723 duration_ticks=168098 hr=0x00000000
present frame=1286 source_index=2 allocator_index=2 expected_next=0 observed_next=0 qpc=3109482119312 duration_ticks=167338 hr=0x00000000
present frame=1287 source_index=0 allocator_index=0 expected_next=1 observed_next=1 qpc=3109482287340 duration_ticks=168145 hr=0x00000000
present frame=1288 source_index=1 allocator_index=1 expected_next=2 observed_next=2 qpc=3109482464202 duration_ticks=165656 hr=0x00000000
present frame=1289 source_index=2 allocator_index=2 expected_next=0 observed_next=0 qpc=3109482633538 duration_ticks=163881 hr=0x00000000
present frame=1290 source_index=0 allocator_index=0 expected_next=1 observed_next=1 qpc=3109482801522 duration_ticks=160243 hr=0x00000000
present frame=1291 source_index=1 allocator_index=1 expected_next=2 observed_next=2 qpc=3109482965659 duration_ticks=165099 hr=0x00000000
present frame=1292 source_index=2 allocator_index=2 expected_next=0 observed_next=0 qpc=3109483142462 duration_ticks=155363 hr=0x00000000
present frame=1293 source_index=0 allocator_index=0 expected_next=1 observed_next=1 qpc=3109483308069 duration_ticks=155670 hr=0x00000000
present frame=1294 source_index=1 allocator_index=1 expected_next=2 observed_next=2 qpc=3109483468558 duration_ticks=162837 hr=0x00000000
present frame=1295 source_index=2 allocator_index=2 expected_next=0 observed_next=0 qpc=3109483636933 duration_ticks=158464 hr=0x00000000
present frame=1296 source_index=0 allocator_index=0 expected_next=1 observed_next=1 qpc=3109483800880 duration_ticks=164584 hr=0x00000000
present frame=1297 source_index=1 allocator_index=1 expected_next=2 observed_next=2 qpc=3109483970026 duration_ticks=158739 hr=0x00000000
present frame=1298 source_index=2 allocator_index=2 expected_next=0 observed_next=0 qpc=3109484134019 duration_ticks=162043 hr=0x00000000
present frame=1299 source_index=0 allocator_index=0 expected_next=1 observed_next=1 qpc=3109484306863 duration_ticks=157236 hr=0x00000000
present frame=1300 source_index=1 allocator_index=1 expected_next=2 observed_next=2 qpc=3109484468522 duration_ticks=161732 hr=0x00000000
present frame=1301 source_index=2 allocator_index=2 expected_next=0 observed_next=0 qpc=3109484646365 duration_ticks=150036 hr=0x00000000
present frame=1302 source_index=0 allocator_index=0 expected_next=1 observed_next=1 qpc=3109484806638 duration_ticks=155863 hr=0x00000000
present frame=1303 source_index=1 allocator_index=1 expected_next=2 observed_next=2 qpc=3109484966514 duration_ticks=162195 hr=0x00000000
present frame=1304 source_index=2 allocator_index=2 expected_next=0 observed_next=0 qpc=3109485133091 duration_ticks=161230 hr=0x00000000
present frame=1305 source_index=0 allocator_index=0 expected_next=1 observed_next=1 qpc=3109485298144 duration_ticks=163818 hr=0x00000000
present frame=1306 source_index=1 allocator_index=1 expected_next=2 observed_next=2 qpc=3109485466815 duration_ticks=159897 hr=0x00000000
present frame=1307 source_index=2 allocator_index=2 expected_next=0 observed_next=0 qpc=3109485630361 duration_ticks=163843 hr=0x00000000
present frame=1308 source_index=0 allocator_index=0 expected_next=1 observed_next=1 qpc=3109485805663 duration_ticks=156582 hr=0x00000000
present frame=1309 source_index=1 allocator_index=1 expected_next=2 observed_next=2 qpc=3109485966567 duration_ticks=160933 hr=0x00000000
present frame=1310 source_index=2 allocator_index=2 expected_next=0 observed_next=0 qpc=3109486133026 duration_ticks=160656 hr=0x00000000
present frame=1311 source_index=0 allocator_index=0 expected_next=1 observed_next=1 qpc=3109486297707 duration_ticks=166315 hr=0x00000000
present frame=1312 source_index=1 allocator_index=1 expected_next=2 observed_next=2 qpc=3109486492238 duration_ticks=130433 hr=0x00000000
present frame=1313 source_index=2 allocator_index=2 expected_next=0 observed_next=0 qpc=3109486623531 duration_ticks=171200 hr=0x00000000
present frame=1314 source_index=0 allocator_index=0 expected_next=1 observed_next=1 qpc=3109486800391 duration_ticks=163618 hr=0x00000000
present frame=1315 source_index=1 allocator_index=1 expected_next=2 observed_next=2 qpc=3109486970754 duration_ticks=157187 hr=0x00000000
present frame=1316 source_index=2 allocator_index=2 expected_next=0 observed_next=0 qpc=3109487131995 duration_ticks=161700 hr=0x00000000
present frame=1317 source_index=0 allocator_index=0 expected_next=1 observed_next=1 qpc=3109487301426 duration_ticks=160449 hr=0x00000000
present frame=1318 source_index=1 allocator_index=1 expected_next=2 observed_next=2 qpc=3109487470575 duration_ticks=156565 hr=0x00000000
present frame=1319 source_index=2 allocator_index=2 expected_next=0 observed_next=0 qpc=3109487631684 duration_ticks=167598 hr=0x00000000
present frame=1320 source_index=0 allocator_index=0 expected_next=1 observed_next=1 qpc=3109487804258 duration_ticks=157134 hr=0x00000000
present frame=1321 source_index=1 allocator_index=1 expected_next=2 observed_next=2 qpc=3109487965610 duration_ticks=160818 hr=0x00000000
present frame=1322 source_index=2 allocator_index=2 expected_next=0 observed_next=0 qpc=3109488132276 duration_ticks=159501 hr=0x00000000
present frame=1323 source_index=0 allocator_index=0 expected_next=1 observed_next=1 qpc=3109488296761 duration_ticks=161333 hr=0x00000000
present frame=1324 source_index=1 allocator_index=1 expected_next=2 observed_next=2 qpc=3109488461735 duration_ticks=162951 hr=0x00000000
present frame=1325 source_index=2 allocator_index=2 expected_next=0 observed_next=0 qpc=3109488629944 duration_ticks=166481 hr=0x00000000
present frame=1326 source_index=0 allocator_index=0 expected_next=1 observed_next=1 qpc=3109488800790 duration_ticks=162175 hr=0x00000000
present frame=1327 source_index=1 allocator_index=1 expected_next=2 observed_next=2 qpc=3109488967216 duration_ticks=159810 hr=0x00000000
present frame=1328 source_index=2 allocator_index=2 expected_next=0 observed_next=0 qpc=3109489130888 duration_ticks=163067 hr=0x00000000
present frame=1329 source_index=0 allocator_index=0 expected_next=1 observed_next=1 qpc=3109489299534 duration_ticks=161741 hr=0x00000000
present frame=1330 source_index=1 allocator_index=1 expected_next=2 observed_next=2 qpc=3109489469486 duration_ticks=155960 hr=0x00000000
present frame=1331 source_index=2 allocator_index=2 expected_next=0 observed_next=0 qpc=3109489634776 duration_ticks=156911 hr=0x00000000
present frame=1332 source_index=0 allocator_index=0 expected_next=1 observed_next=1 qpc=3109489797598 duration_ticks=160512 hr=0x00000000
present frame=1333 source_index=1 allocator_index=1 expected_next=2 observed_next=2 qpc=3109489962824 duration_ticks=162541 hr=0x00000000
present frame=1334 source_index=2 allocator_index=2 expected_next=0 observed_next=0 qpc=3109490130299 duration_ticks=161336 hr=0x00000000
present frame=1335 source_index=0 allocator_index=0 expected_next=1 observed_next=1 qpc=3109490298329 duration_ticks=162267 hr=0x00000000
present frame=1336 source_index=1 allocator_index=1 expected_next=2 observed_next=2 qpc=3109490466022 duration_ticks=162460 hr=0x00000000
present frame=1337 source_index=2 allocator_index=2 expected_next=0 observed_next=0 qpc=3109490632977 duration_ticks=160750 hr=0x00000000
present frame=1338 source_index=0 allocator_index=0 expected_next=1 observed_next=1 qpc=3109490806811 duration_ticks=151456 hr=0x00000000
present frame=1339 source_index=1 allocator_index=1 expected_next=2 observed_next=2 qpc=3109490963008 duration_ticks=162774 hr=0x00000000
present frame=1340 source_index=2 allocator_index=2 expected_next=0 observed_next=0 qpc=3109491129302 duration_ticks=162739 hr=0x00000000
present frame=1341 source_index=0 allocator_index=0 expected_next=1 observed_next=1 qpc=3109491297132 duration_ticks=160690 hr=0x00000000
present frame=1342 source_index=1 allocator_index=1 expected_next=2 observed_next=2 qpc=3109491461467 duration_ticks=163645 hr=0x00000000
present frame=1343 source_index=2 allocator_index=2 expected_next=0 observed_next=0 qpc=3109491630657 duration_ticks=160800 hr=0x00000000
present frame=1344 source_index=0 allocator_index=0 expected_next=1 observed_next=1 qpc=3109491795075 duration_ticks=168896 hr=0x00000000
present frame=1345 source_index=1 allocator_index=1 expected_next=2 observed_next=2 qpc=3109491976882 duration_ticks=151778 hr=0x00000000
present frame=1346 source_index=2 allocator_index=2 expected_next=0 observed_next=0 qpc=3109492132759 duration_ticks=159537 hr=0x00000000
present frame=1347 source_index=0 allocator_index=0 expected_next=1 observed_next=1 qpc=3109492296307 duration_ticks=164403 hr=0x00000000
present frame=1348 source_index=1 allocator_index=1 expected_next=2 observed_next=2 qpc=3109492464808 duration_ticks=162859 hr=0x00000000
present frame=1349 source_index=2 allocator_index=2 expected_next=0 observed_next=0 qpc=3109492633761 duration_ticks=161582 hr=0x00000000
present frame=1350 source_index=0 allocator_index=0 expected_next=1 observed_next=1 qpc=3109492799500 duration_ticks=160702 hr=0x00000000
present frame=1351 source_index=1 allocator_index=1 expected_next=2 observed_next=2 qpc=3109492965533 duration_ticks=159422 hr=0x00000000
present frame=1352 source_index=2 allocator_index=2 expected_next=0 observed_next=0 qpc=3109493129070 duration_ticks=162255 hr=0x00000000
present frame=1353 source_index=0 allocator_index=0 expected_next=1 observed_next=1 qpc=3109493294860 duration_ticks=166381 hr=0x00000000
present frame=1354 source_index=1 allocator_index=1 expected_next=2 observed_next=2 qpc=3109493468128 duration_ticks=159756 hr=0x00000000
present frame=1355 source_index=2 allocator_index=2 expected_next=0 observed_next=0 qpc=3109493631790 duration_ticks=160750 hr=0x00000000
present frame=1356 source_index=0 allocator_index=0 expected_next=1 observed_next=1 qpc=3109493796009 duration_ticks=166096 hr=0x00000000
present frame=1357 source_index=1 allocator_index=1 expected_next=2 observed_next=2 qpc=3109493966207 duration_ticks=161013 hr=0x00000000
present frame=1358 source_index=2 allocator_index=2 expected_next=0 observed_next=0 qpc=3109494131213 duration_ticks=164778 hr=0x00000000
present frame=1359 source_index=0 allocator_index=0 expected_next=1 observed_next=1 qpc=3109494313642 duration_ticks=146148 hr=0x00000000
present frame=1360 source_index=1 allocator_index=1 expected_next=2 observed_next=2 qpc=3109494463883 duration_ticks=168045 hr=0x00000000
present frame=1361 source_index=2 allocator_index=2 expected_next=0 observed_next=0 qpc=3109494640200 duration_ticks=154570 hr=0x00000000
present frame=1362 source_index=0 allocator_index=0 expected_next=1 observed_next=1 qpc=3109494798675 duration_ticks=162255 hr=0x00000000
present frame=1363 source_index=1 allocator_index=1 expected_next=2 observed_next=2 qpc=3109494964957 duration_ticks=163394 hr=0x00000000
present frame=1364 source_index=2 allocator_index=2 expected_next=0 observed_next=0 qpc=3109495132364 duration_ticks=161843 hr=0x00000000
present frame=1365 source_index=0 allocator_index=0 expected_next=1 observed_next=1 qpc=3109495297905 duration_ticks=160891 hr=0x00000000
present frame=1366 source_index=1 allocator_index=1 expected_next=2 observed_next=2 qpc=3109495462901 duration_ticks=164412 hr=0x00000000
present frame=1367 source_index=2 allocator_index=2 expected_next=0 observed_next=0 qpc=3109495631078 duration_ticks=168163 hr=0x00000000
present frame=1368 source_index=0 allocator_index=0 expected_next=1 observed_next=1 qpc=3109495803347 duration_ticks=157271 hr=0x00000000
present frame=1369 source_index=1 allocator_index=1 expected_next=2 observed_next=2 qpc=3109495964598 duration_ticks=165094 hr=0x00000000
present frame=1370 source_index=2 allocator_index=2 expected_next=0 observed_next=0 qpc=3109496139573 duration_ticks=154818 hr=0x00000000
present frame=1371 source_index=0 allocator_index=0 expected_next=1 observed_next=1 qpc=3109496298460 duration_ticks=164954 hr=0x00000000
present frame=1372 source_index=1 allocator_index=1 expected_next=2 observed_next=2 qpc=3109496522584 duration_ticks=98988 hr=0x00000000
present frame=1373 source_index=2 allocator_index=2 expected_next=0 observed_next=0 qpc=3109496622166 duration_ticks=164706 hr=0x00000000
present frame=1374 source_index=0 allocator_index=0 expected_next=1 observed_next=1 qpc=3109496787397 duration_ticks=166425 hr=0x00000000
present frame=1375 source_index=1 allocator_index=1 expected_next=2 observed_next=2 qpc=3109496954306 duration_ticks=175391 hr=0x00000000
present frame=1376 source_index=2 allocator_index=2 expected_next=0 observed_next=0 qpc=3109497133744 duration_ticks=162568 hr=0x00000000
present frame=1377 source_index=0 allocator_index=0 expected_next=1 observed_next=1 qpc=3109497302230 duration_ticks=155583 hr=0x00000000
present frame=1378 source_index=1 allocator_index=1 expected_next=2 observed_next=2 qpc=3109497461390 duration_ticks=166017 hr=0x00000000
present frame=1379 source_index=2 allocator_index=2 expected_next=0 observed_next=0 qpc=3109497632271 duration_ticks=162525 hr=0x00000000
present frame=1380 source_index=0 allocator_index=0 expected_next=1 observed_next=1 qpc=3109497798966 duration_ticks=162061 hr=0x00000000
present frame=1381 source_index=1 allocator_index=1 expected_next=2 observed_next=2 qpc=3109497965241 duration_ticks=165066 hr=0x00000000
present frame=1382 source_index=2 allocator_index=2 expected_next=0 observed_next=0 qpc=3109498140360 duration_ticks=154950 hr=0x00000000
present frame=1383 source_index=0 allocator_index=0 expected_next=1 observed_next=1 qpc=3109498299551 duration_ticks=164237 hr=0x00000000
present frame=1384 source_index=1 allocator_index=1 expected_next=2 observed_next=2 qpc=3109498470003 duration_ticks=153900 hr=0x00000000
present frame=1385 source_index=2 allocator_index=2 expected_next=0 observed_next=0 qpc=3109498629608 duration_ticks=163793 hr=0x00000000
present frame=1386 source_index=0 allocator_index=0 expected_next=1 observed_next=1 qpc=3109498797495 duration_ticks=164618 hr=0x00000000
present frame=1387 source_index=1 allocator_index=1 expected_next=2 observed_next=2 qpc=3109498967010 duration_ticks=159408 hr=0x00000000
present frame=1388 source_index=2 allocator_index=2 expected_next=0 observed_next=0 qpc=3109499131785 duration_ticks=160607 hr=0x00000000
present frame=1389 source_index=0 allocator_index=0 expected_next=1 observed_next=1 qpc=3109499298711 duration_ticks=161334 hr=0x00000000
present frame=1390 source_index=1 allocator_index=1 expected_next=2 observed_next=2 qpc=3109499467687 duration_ticks=155556 hr=0x00000000
present frame=1391 source_index=2 allocator_index=2 expected_next=0 observed_next=0 qpc=3109499624891 duration_ticks=164274 hr=0x00000000
present frame=1392 source_index=0 allocator_index=0 expected_next=1 observed_next=1 qpc=3109499790685 duration_ticks=164666 hr=0x00000000
present frame=1393 source_index=1 allocator_index=1 expected_next=2 observed_next=2 qpc=3109499956792 duration_ticks=164939 hr=0x00000000
present frame=1394 source_index=2 allocator_index=2 expected_next=0 observed_next=0 qpc=3109500122467 duration_ticks=166700 hr=0x00000000
present frame=1395 source_index=0 allocator_index=0 expected_next=1 observed_next=1 qpc=3109500290788 duration_ticks=158844 hr=0x00000000
present frame=1396 source_index=1 allocator_index=1 expected_next=2 observed_next=2 qpc=3109500450875 duration_ticks=165995 hr=0x00000000
present frame=1397 source_index=2 allocator_index=2 expected_next=0 observed_next=0 qpc=3109500617689 duration_ticks=164451 hr=0x00000000
present frame=1398 source_index=0 allocator_index=0 expected_next=1 observed_next=1 qpc=3109500782904 duration_ticks=165263 hr=0x00000000
present frame=1399 source_index=1 allocator_index=1 expected_next=2 observed_next=2 qpc=3109500948670 duration_ticks=165537 hr=0x00000000
present frame=1400 source_index=2 allocator_index=2 expected_next=0 observed_next=0 qpc=3109501114608 duration_ticks=167004 hr=0x00000000
present frame=1401 source_index=0 allocator_index=0 expected_next=1 observed_next=1 qpc=3109501282400 duration_ticks=166789 hr=0x00000000
present frame=1402 source_index=1 allocator_index=1 expected_next=2 observed_next=2 qpc=3109501449816 duration_ticks=167098 hr=0x00000000
present frame=1403 source_index=2 allocator_index=2 expected_next=0 observed_next=0 qpc=3109501617444 duration_ticks=165941 hr=0x00000000
present frame=1404 source_index=0 allocator_index=0 expected_next=1 observed_next=1 qpc=3109501784155 duration_ticks=167472 hr=0x00000000
present frame=1405 source_index=1 allocator_index=1 expected_next=2 observed_next=2 qpc=3109501952365 duration_ticks=167898 hr=0x00000000
present frame=1406 source_index=2 allocator_index=2 expected_next=0 observed_next=0 qpc=3109502120979 duration_ticks=172913 hr=0x00000000
present frame=1407 source_index=0 allocator_index=0 expected_next=1 observed_next=1 qpc=3109502296236 duration_ticks=159554 hr=0x00000000
present frame=1408 source_index=1 allocator_index=1 expected_next=2 observed_next=2 qpc=3109502456909 duration_ticks=165456 hr=0x00000000
present frame=1409 source_index=2 allocator_index=2 expected_next=0 observed_next=0 qpc=3109502622993 duration_ticks=168558 hr=0x00000000
present frame=1410 source_index=0 allocator_index=0 expected_next=1 observed_next=1 qpc=3109502795139 duration_ticks=163889 hr=0x00000000
present frame=1411 source_index=1 allocator_index=1 expected_next=2 observed_next=2 qpc=3109502962741 duration_ticks=163668 hr=0x00000000
present frame=1412 source_index=2 allocator_index=2 expected_next=0 observed_next=0 qpc=3109503131047 duration_ticks=156998 hr=0x00000000
present frame=1413 source_index=0 allocator_index=0 expected_next=1 observed_next=1 qpc=3109503288838 duration_ticks=174049 hr=0x00000000
present frame=1414 source_index=1 allocator_index=1 expected_next=2 observed_next=2 qpc=3109503466573 duration_ticks=158659 hr=0x00000000
present frame=1415 source_index=2 allocator_index=2 expected_next=0 observed_next=0 qpc=3109503628805 duration_ticks=158629 hr=0x00000000
present frame=1416 source_index=0 allocator_index=0 expected_next=1 observed_next=1 qpc=3109503788295 duration_ticks=170461 hr=0x00000000
present frame=1417 source_index=1 allocator_index=1 expected_next=2 observed_next=2 qpc=3109503964216 duration_ticks=160666 hr=0x00000000
present frame=1418 source_index=2 allocator_index=2 expected_next=0 observed_next=0 qpc=3109504128454 duration_ticks=163550 hr=0x00000000
present frame=1419 source_index=0 allocator_index=0 expected_next=1 observed_next=1 qpc=3109504295677 duration_ticks=161740 hr=0x00000000
present frame=1420 source_index=1 allocator_index=1 expected_next=2 observed_next=2 qpc=3109504461062 duration_ticks=162665 hr=0x00000000
present frame=1421 source_index=2 allocator_index=2 expected_next=0 observed_next=0 qpc=3109504624523 duration_ticks=167751 hr=0x00000000
present frame=1422 source_index=0 allocator_index=0 expected_next=1 observed_next=1 qpc=3109504795814 duration_ticks=161783 hr=0x00000000
present frame=1423 source_index=1 allocator_index=1 expected_next=2 observed_next=2 qpc=3109504959139 duration_ticks=161032 hr=0x00000000
present frame=1424 source_index=2 allocator_index=2 expected_next=0 observed_next=0 qpc=3109505120940 duration_ticks=165750 hr=0x00000000
present frame=1425 source_index=0 allocator_index=0 expected_next=1 observed_next=1 qpc=3109505287525 duration_ticks=166817 hr=0x00000000
present frame=1426 source_index=1 allocator_index=1 expected_next=2 observed_next=2 qpc=3109505455135 duration_ticks=164530 hr=0x00000000
present frame=1427 source_index=2 allocator_index=2 expected_next=0 observed_next=0 qpc=3109505620667 duration_ticks=167369 hr=0x00000000
present frame=1428 source_index=0 allocator_index=0 expected_next=1 observed_next=1 qpc=3109505788739 duration_ticks=169592 hr=0x00000000
present frame=1429 source_index=1 allocator_index=1 expected_next=2 observed_next=2 qpc=3109505961237 duration_ticks=160333 hr=0x00000000
present frame=1430 source_index=2 allocator_index=2 expected_next=0 observed_next=0 qpc=3109506122261 duration_ticks=169434 hr=0x00000000
present frame=1431 source_index=0 allocator_index=0 expected_next=1 observed_next=1 qpc=3109506295211 duration_ticks=161968 hr=0x00000000
present frame=1432 source_index=1 allocator_index=1 expected_next=2 observed_next=2 qpc=3109506457900 duration_ticks=163427 hr=0x00000000
present frame=1433 source_index=2 allocator_index=2 expected_next=0 observed_next=0 qpc=3109506621927 duration_ticks=171896 hr=0x00000000
present frame=1434 source_index=0 allocator_index=0 expected_next=1 observed_next=1 qpc=3109506797713 duration_ticks=157404 hr=0x00000000
present frame=1435 source_index=1 allocator_index=1 expected_next=2 observed_next=2 qpc=3109506955711 duration_ticks=169576 hr=0x00000000
present frame=1436 source_index=2 allocator_index=2 expected_next=0 observed_next=0 qpc=3109507128914 duration_ticks=163939 hr=0x00000000
present frame=1437 source_index=0 allocator_index=0 expected_next=1 observed_next=1 qpc=3109507296690 duration_ticks=161341 hr=0x00000000
present frame=1438 source_index=1 allocator_index=1 expected_next=2 observed_next=2 qpc=3109507461638 duration_ticks=159863 hr=0x00000000
present frame=1439 source_index=2 allocator_index=2 expected_next=0 observed_next=0 qpc=3109507626333 duration_ticks=162004 hr=0x00000000
present frame=1440 source_index=0 allocator_index=0 expected_next=1 observed_next=1 qpc=3109507788962 duration_ticks=169095 hr=0x00000000
present frame=1441 source_index=1 allocator_index=1 expected_next=2 observed_next=2 qpc=3109507962777 duration_ticks=162268 hr=0x00000000
present frame=1442 source_index=2 allocator_index=2 expected_next=0 observed_next=0 qpc=3109508129270 duration_ticks=161810 hr=0x00000000
present frame=1443 source_index=0 allocator_index=0 expected_next=1 observed_next=1 qpc=3109508294697 duration_ticks=164768 hr=0x00000000
present frame=1444 source_index=1 allocator_index=1 expected_next=2 observed_next=2 qpc=3109508463140 duration_ticks=161405 hr=0x00000000
present frame=1445 source_index=2 allocator_index=2 expected_next=0 observed_next=0 qpc=3109508629530 duration_ticks=161738 hr=0x00000000
present frame=1446 source_index=0 allocator_index=0 expected_next=1 observed_next=1 qpc=3109508796501 duration_ticks=161604 hr=0x00000000
present frame=1447 source_index=1 allocator_index=1 expected_next=2 observed_next=2 qpc=3109508963970 duration_ticks=161029 hr=0x00000000
present frame=1448 source_index=2 allocator_index=2 expected_next=0 observed_next=0 qpc=3109509129892 duration_ticks=163340 hr=0x00000000
present frame=1449 source_index=0 allocator_index=0 expected_next=1 observed_next=1 qpc=3109509299022 duration_ticks=158913 hr=0x00000000
present frame=1450 source_index=1 allocator_index=1 expected_next=2 observed_next=2 qpc=3109509458661 duration_ticks=169546 hr=0x00000000
present frame=1451 source_index=2 allocator_index=2 expected_next=0 observed_next=0 qpc=3109509629362 duration_ticks=158425 hr=0x00000000
present frame=1452 source_index=0 allocator_index=0 expected_next=1 observed_next=1 qpc=3109509788889 duration_ticks=166895 hr=0x00000000
present frame=1453 source_index=1 allocator_index=1 expected_next=2 observed_next=2 qpc=3109509956580 duration_ticks=164764 hr=0x00000000
present frame=1454 source_index=2 allocator_index=2 expected_next=0 observed_next=0 qpc=3109510122185 duration_ticks=168061 hr=0x00000000
present frame=1455 source_index=0 allocator_index=0 expected_next=1 observed_next=1 qpc=3109510297930 duration_ticks=160150 hr=0x00000000
present frame=1456 source_index=1 allocator_index=1 expected_next=2 observed_next=2 qpc=3109510463085 duration_ticks=161778 hr=0x00000000
present frame=1457 source_index=2 allocator_index=2 expected_next=0 observed_next=0 qpc=3109510629750 duration_ticks=163282 hr=0x00000000
present frame=1458 source_index=0 allocator_index=0 expected_next=1 observed_next=1 qpc=3109510798326 duration_ticks=159865 hr=0x00000000
present frame=1459 source_index=1 allocator_index=1 expected_next=2 observed_next=2 qpc=3109510963463 duration_ticks=162190 hr=0x00000000
present frame=1460 source_index=2 allocator_index=2 expected_next=0 observed_next=0 qpc=3109511131657 duration_ticks=160833 hr=0x00000000
present frame=1461 source_index=0 allocator_index=0 expected_next=1 observed_next=1 qpc=3109511297506 duration_ticks=162794 hr=0x00000000
present frame=1462 source_index=1 allocator_index=1 expected_next=2 observed_next=2 qpc=3109511472334 duration_ticks=154204 hr=0x00000000
present frame=1463 source_index=2 allocator_index=2 expected_next=0 observed_next=0 qpc=3109511632883 duration_ticks=159284 hr=0x00000000
present frame=1464 source_index=0 allocator_index=0 expected_next=1 observed_next=1 qpc=3109511795791 duration_ticks=163046 hr=0x00000000
present frame=1465 source_index=1 allocator_index=1 expected_next=2 observed_next=2 qpc=3109511963715 duration_ticks=161096 hr=0x00000000
present frame=1466 source_index=2 allocator_index=2 expected_next=0 observed_next=0 qpc=3109512130451 duration_ticks=163038 hr=0x00000000
present frame=1467 source_index=0 allocator_index=0 expected_next=1 observed_next=1 qpc=3109512299392 duration_ticks=158246 hr=0x00000000
present frame=1468 source_index=1 allocator_index=1 expected_next=2 observed_next=2 qpc=3109512461382 duration_ticks=169692 hr=0x00000000
present frame=1469 source_index=2 allocator_index=2 expected_next=0 observed_next=0 qpc=3109512642342 duration_ticks=152729 hr=0x00000000
present frame=1470 source_index=0 allocator_index=0 expected_next=1 observed_next=1 qpc=3109512799246 duration_ticks=158160 hr=0x00000000
present frame=1471 source_index=1 allocator_index=1 expected_next=2 observed_next=2 qpc=3109512961248 duration_ticks=164419 hr=0x00000000
present frame=1472 source_index=2 allocator_index=2 expected_next=0 observed_next=0 qpc=3109513129162 duration_ticks=163518 hr=0x00000000
present frame=1473 source_index=0 allocator_index=0 expected_next=1 observed_next=1 qpc=3109513296822 duration_ticks=162838 hr=0x00000000
present frame=1474 source_index=1 allocator_index=1 expected_next=2 observed_next=2 qpc=3109513463769 duration_ticks=163981 hr=0x00000000
present frame=1475 source_index=2 allocator_index=2 expected_next=0 observed_next=0 qpc=3109513631817 duration_ticks=164093 hr=0x00000000
present frame=1476 source_index=0 allocator_index=0 expected_next=1 observed_next=1 qpc=3109513800109 duration_ticks=161185 hr=0x00000000
present frame=1477 source_index=1 allocator_index=1 expected_next=2 observed_next=2 qpc=3109513965295 duration_ticks=163481 hr=0x00000000
present frame=1478 source_index=2 allocator_index=2 expected_next=0 observed_next=0 qpc=3109514137308 duration_ticks=158412 hr=0x00000000
present frame=1479 source_index=0 allocator_index=0 expected_next=1 observed_next=1 qpc=3109514299571 duration_ticks=161185 hr=0x00000000
present frame=1480 source_index=1 allocator_index=1 expected_next=2 observed_next=2 qpc=3109514464548 duration_ticks=162896 hr=0x00000000
present frame=1481 source_index=2 allocator_index=2 expected_next=0 observed_next=0 qpc=3109514631122 duration_ticks=163335 hr=0x00000000
present frame=1482 source_index=0 allocator_index=0 expected_next=1 observed_next=1 qpc=3109514800174 duration_ticks=161345 hr=0x00000000
present frame=1483 source_index=1 allocator_index=1 expected_next=2 observed_next=2 qpc=3109514965421 duration_ticks=161032 hr=0x00000000
present frame=1484 source_index=2 allocator_index=2 expected_next=0 observed_next=0 qpc=3109515130150 duration_ticks=162488 hr=0x00000000
present frame=1485 source_index=0 allocator_index=0 expected_next=1 observed_next=1 qpc=3109515301159 duration_ticks=158593 hr=0x00000000
present frame=1486 source_index=1 allocator_index=1 expected_next=2 observed_next=2 qpc=3109515463607 duration_ticks=163937 hr=0x00000000
present frame=1487 source_index=2 allocator_index=2 expected_next=0 observed_next=0 qpc=3109515631315 duration_ticks=163080 hr=0x00000000
present frame=1488 source_index=0 allocator_index=0 expected_next=1 observed_next=1 qpc=3109515798318 duration_ticks=163675 hr=0x00000000
present frame=1489 source_index=1 allocator_index=1 expected_next=2 observed_next=2 qpc=3109515965962 duration_ticks=162146 hr=0x00000000
present frame=1490 source_index=2 allocator_index=2 expected_next=0 observed_next=0 qpc=3109516131813 duration_ticks=160809 hr=0x00000000
present frame=1491 source_index=0 allocator_index=0 expected_next=1 observed_next=1 qpc=3109516296418 duration_ticks=168949 hr=0x00000000
present frame=1492 source_index=1 allocator_index=1 expected_next=2 observed_next=2 qpc=3109516575006 duration_ticks=50458 hr=0x00000000
present frame=1493 source_index=2 allocator_index=2 expected_next=0 observed_next=0 qpc=3109516646795 duration_ticks=158365 hr=0x00000000
present frame=1494 source_index=0 allocator_index=0 expected_next=1 observed_next=1 qpc=3109516813096 duration_ticks=145844 hr=0x00000000
present frame=1495 source_index=1 allocator_index=1 expected_next=2 observed_next=2 qpc=3109516962386 duration_ticks=162743 hr=0x00000000
present frame=1496 source_index=2 allocator_index=2 expected_next=0 observed_next=0 qpc=3109517129925 duration_ticks=164628 hr=0x00000000
present frame=1497 source_index=0 allocator_index=0 expected_next=1 observed_next=1 qpc=3109517298592 duration_ticks=163086 hr=0x00000000
present frame=1498 source_index=1 allocator_index=1 expected_next=2 observed_next=2 qpc=3109517465824 duration_ticks=162878 hr=0x00000000
present frame=1499 source_index=2 allocator_index=2 expected_next=0 observed_next=0 qpc=3109517633239 duration_ticks=162381 hr=0x00000000
present frame=1500 source_index=0 allocator_index=0 expected_next=1 observed_next=1 qpc=3109517799642 duration_ticks=162403 hr=0x00000000
present frame=1501 source_index=1 allocator_index=1 expected_next=2 observed_next=2 qpc=3109517974646 duration_ticks=151028 hr=0x00000000
present frame=1502 source_index=2 allocator_index=2 expected_next=0 observed_next=0 qpc=3109518134737 duration_ticks=158284 hr=0x00000000
present frame=1503 source_index=0 allocator_index=0 expected_next=1 observed_next=1 qpc=3109518298976 duration_ticks=162374 hr=0x00000000
present frame=1504 source_index=1 allocator_index=1 expected_next=2 observed_next=2 qpc=3109518465380 duration_ticks=162015 hr=0x00000000
present frame=1505 source_index=2 allocator_index=2 expected_next=0 observed_next=0 qpc=3109518631180 duration_ticks=166149 hr=0x00000000
present frame=1506 source_index=0 allocator_index=0 expected_next=1 observed_next=1 qpc=3109518803693 duration_ticks=156735 hr=0x00000000
present frame=1507 source_index=1 allocator_index=1 expected_next=2 observed_next=2 qpc=3109518964123 duration_ticks=163981 hr=0x00000000
present frame=1508 source_index=2 allocator_index=2 expected_next=0 observed_next=0 qpc=3109519131999 duration_ticks=160263 hr=0x00000000
present frame=1509 source_index=0 allocator_index=0 expected_next=1 observed_next=1 qpc=3109519300710 duration_ticks=173327 hr=0x00000000
present frame=1510 source_index=1 allocator_index=1 expected_next=2 observed_next=2 qpc=3109519490166 duration_ticks=137826 hr=0x00000000
present frame=1511 source_index=2 allocator_index=2 expected_next=0 observed_next=0 qpc=3109519632893 duration_ticks=160914 hr=0x00000000
present frame=1512 source_index=0 allocator_index=0 expected_next=1 observed_next=1 qpc=3109519795950 duration_ticks=159246 hr=0x00000000
present frame=1513 source_index=1 allocator_index=1 expected_next=2 observed_next=2 qpc=3109519956457 duration_ticks=166182 hr=0x00000000
present frame=1514 source_index=2 allocator_index=2 expected_next=0 observed_next=0 qpc=3109520126671 duration_ticks=164177 hr=0x00000000
present frame=1515 source_index=0 allocator_index=0 expected_next=1 observed_next=1 qpc=3109520296356 duration_ticks=162663 hr=0x00000000
present frame=1516 source_index=1 allocator_index=1 expected_next=2 observed_next=2 qpc=3109520463641 duration_ticks=161947 hr=0x00000000
present frame=1517 source_index=2 allocator_index=2 expected_next=0 observed_next=0 qpc=3109520636979 duration_ticks=156583 hr=0x00000000
present frame=1518 source_index=0 allocator_index=0 expected_next=1 observed_next=1 qpc=3109520797116 duration_ticks=164849 hr=0x00000000
present frame=1519 source_index=1 allocator_index=1 expected_next=2 observed_next=2 qpc=3109520968316 duration_ticks=157750 hr=0x00000000
present frame=1520 source_index=2 allocator_index=2 expected_next=0 observed_next=0 qpc=3109521133004 duration_ticks=162091 hr=0x00000000
present frame=1521 source_index=0 allocator_index=0 expected_next=1 observed_next=1 qpc=3109521299565 duration_ticks=169094 hr=0x00000000
present frame=1522 source_index=1 allocator_index=1 expected_next=2 observed_next=2 qpc=3109521477669 duration_ticks=148918 hr=0x00000000
present frame=1523 source_index=2 allocator_index=2 expected_next=0 observed_next=0 qpc=3109521635897 duration_ticks=161627 hr=0x00000000
present frame=1524 source_index=0 allocator_index=0 expected_next=1 observed_next=1 qpc=3109521807627 duration_ticks=154219 hr=0x00000000
present frame=1525 source_index=1 allocator_index=1 expected_next=2 observed_next=2 qpc=3109521970102 duration_ticks=156189 hr=0x00000000
present frame=1526 source_index=2 allocator_index=2 expected_next=0 observed_next=0 qpc=3109522134385 duration_ticks=164457 hr=0x00000000
present frame=1527 source_index=0 allocator_index=0 expected_next=1 observed_next=1 qpc=3109522305588 duration_ticks=155664 hr=0x00000000
present frame=1528 source_index=1 allocator_index=1 expected_next=2 observed_next=2 qpc=3109522468532 duration_ticks=163877 hr=0x00000000
present frame=1529 source_index=2 allocator_index=2 expected_next=0 observed_next=0 qpc=3109522640716 duration_ticks=156373 hr=0x00000000
present frame=1530 source_index=0 allocator_index=0 expected_next=1 observed_next=1 qpc=3109522803148 duration_ticks=163954 hr=0x00000000
present frame=1531 source_index=1 allocator_index=1 expected_next=2 observed_next=2 qpc=3109522975984 duration_ticks=152377 hr=0x00000000
present frame=1532 source_index=2 allocator_index=2 expected_next=0 observed_next=0 qpc=3109523135758 duration_ticks=157882 hr=0x00000000
present frame=1533 source_index=0 allocator_index=0 expected_next=1 observed_next=1 qpc=3109523316397 duration_ticks=143478 hr=0x00000000
present frame=1534 source_index=1 allocator_index=1 expected_next=2 observed_next=2 qpc=3109523465672 duration_ticks=162783 hr=0x00000000
present frame=1535 source_index=2 allocator_index=2 expected_next=0 observed_next=0 qpc=3109523633681 duration_ticks=159237 hr=0x00000000
present frame=1536 source_index=0 allocator_index=0 expected_next=1 observed_next=1 qpc=3109523796259 duration_ticks=165825 hr=0x00000000
present frame=1537 source_index=1 allocator_index=1 expected_next=2 observed_next=2 qpc=3109523966267 duration_ticks=166570 hr=0x00000000
present frame=1538 source_index=2 allocator_index=2 expected_next=0 observed_next=0 qpc=3109524140422 duration_ticks=153308 hr=0x00000000
present frame=1539 source_index=0 allocator_index=0 expected_next=1 observed_next=1 qpc=3109524297855 duration_ticks=165734 hr=0x00000000
present frame=1540 source_index=1 allocator_index=1 expected_next=2 observed_next=2 qpc=3109524477358 duration_ticks=151962 hr=0x00000000
present frame=1541 source_index=2 allocator_index=2 expected_next=0 observed_next=0 qpc=3109524636852 duration_ticks=159225 hr=0x00000000
present frame=1542 source_index=0 allocator_index=0 expected_next=1 observed_next=1 qpc=3109524802685 duration_ticks=161441 hr=0x00000000
present frame=1543 source_index=1 allocator_index=1 expected_next=2 observed_next=2 qpc=3109524972255 duration_ticks=155886 hr=0x00000000
present frame=1544 source_index=2 allocator_index=2 expected_next=0 observed_next=0 qpc=3109525131832 duration_ticks=164521 hr=0x00000000
present frame=1545 source_index=0 allocator_index=0 expected_next=1 observed_next=1 qpc=3109525300113 duration_ticks=161210 hr=0x00000000
present frame=1546 source_index=1 allocator_index=1 expected_next=2 observed_next=2 qpc=3109525465909 duration_ticks=161256 hr=0x00000000
present frame=1547 source_index=2 allocator_index=2 expected_next=0 observed_next=0 qpc=3109525634395 duration_ticks=160062 hr=0x00000000
present frame=1548 source_index=0 allocator_index=0 expected_next=1 observed_next=1 qpc=3109525798253 duration_ticks=163627 hr=0x00000000
present frame=1549 source_index=1 allocator_index=1 expected_next=2 observed_next=2 qpc=3109525991092 duration_ticks=129784 hr=0x00000000
present frame=1550 source_index=2 allocator_index=2 expected_next=0 observed_next=0 qpc=3109526121787 duration_ticks=170963 hr=0x00000000
present frame=1551 source_index=0 allocator_index=0 expected_next=1 observed_next=1 qpc=3109526296421 duration_ticks=168150 hr=0x00000000
present frame=1552 source_index=1 allocator_index=1 expected_next=2 observed_next=2 qpc=3109526569230 duration_ticks=71571 hr=0x00000000
present frame=1553 source_index=2 allocator_index=2 expected_next=0 observed_next=0 qpc=3109526644617 duration_ticks=171730 hr=0x00000000
present frame=1554 source_index=0 allocator_index=0 expected_next=1 observed_next=1 qpc=3109526837967 duration_ticks=117703 hr=0x00000000
present frame=1555 source_index=1 allocator_index=1 expected_next=2 observed_next=2 qpc=3109526956902 duration_ticks=168235 hr=0x00000000
present frame=1556 source_index=2 allocator_index=2 expected_next=0 observed_next=0 qpc=3109527128935 duration_ticks=165847 hr=0x00000000
present frame=1557 source_index=0 allocator_index=0 expected_next=1 observed_next=1 qpc=3109527299227 duration_ticks=164290 hr=0x00000000
present frame=1558 source_index=1 allocator_index=1 expected_next=2 observed_next=2 qpc=3109527469455 duration_ticks=158890 hr=0x00000000
present frame=1559 source_index=2 allocator_index=2 expected_next=0 observed_next=0 qpc=3109527632087 duration_ticks=163755 hr=0x00000000
present frame=1560 source_index=0 allocator_index=0 expected_next=1 observed_next=1 qpc=3109527799875 duration_ticks=167347 hr=0x00000000
present frame=1561 source_index=1 allocator_index=1 expected_next=2 observed_next=2 qpc=3109527975172 duration_ticks=151913 hr=0x00000000
present frame=1562 source_index=2 allocator_index=2 expected_next=0 observed_next=0 qpc=3109528132310 duration_ticks=159584 hr=0x00000000
present frame=1563 source_index=0 allocator_index=0 expected_next=1 observed_next=1 qpc=3109528298914 duration_ticks=159105 hr=0x00000000
present frame=1564 source_index=1 allocator_index=1 expected_next=2 observed_next=2 qpc=3109528461471 duration_ticks=166507 hr=0x00000000
present frame=1565 source_index=2 allocator_index=2 expected_next=0 observed_next=0 qpc=3109528632772 duration_ticks=162274 hr=0x00000000
present frame=1566 source_index=0 allocator_index=0 expected_next=1 observed_next=1 qpc=3109528799997 duration_ticks=160641 hr=0x00000000
present frame=1567 source_index=1 allocator_index=1 expected_next=2 observed_next=2 qpc=3109528964530 duration_ticks=164563 hr=0x00000000
present frame=1568 source_index=2 allocator_index=2 expected_next=0 observed_next=0 qpc=3109529133156 duration_ticks=162352 hr=0x00000000
present frame=1569 source_index=0 allocator_index=0 expected_next=1 observed_next=1 qpc=3109529299229 duration_ticks=170560 hr=0x00000000
present frame=1570 source_index=1 allocator_index=1 expected_next=2 observed_next=2 qpc=3109529474166 duration_ticks=151446 hr=0x00000000
present frame=1571 source_index=2 allocator_index=2 expected_next=0 observed_next=0 qpc=3109529629478 duration_ticks=162075 hr=0x00000000
present frame=1572 source_index=0 allocator_index=0 expected_next=1 observed_next=1 qpc=3109529795329 duration_ticks=164740 hr=0x00000000
present frame=1573 source_index=1 allocator_index=1 expected_next=2 observed_next=2 qpc=3109529966455 duration_ticks=158680 hr=0x00000000
present frame=1574 source_index=2 allocator_index=2 expected_next=0 observed_next=0 qpc=3109530128922 duration_ticks=162671 hr=0x00000000
present frame=1575 source_index=0 allocator_index=0 expected_next=1 observed_next=1 qpc=3109530299926 duration_ticks=158936 hr=0x00000000
present frame=1576 source_index=1 allocator_index=1 expected_next=2 observed_next=2 qpc=3109530462613 duration_ticks=165869 hr=0x00000000
present frame=1577 source_index=2 allocator_index=2 expected_next=0 observed_next=0 qpc=3109530633885 duration_ticks=160222 hr=0x00000000
present frame=1578 source_index=0 allocator_index=0 expected_next=1 observed_next=1 qpc=3109530800951 duration_ticks=162605 hr=0x00000000
present frame=1579 source_index=1 allocator_index=1 expected_next=2 observed_next=2 qpc=3109530976057 duration_ticks=148928 hr=0x00000000
present frame=1580 source_index=2 allocator_index=2 expected_next=0 observed_next=0 qpc=3109531128735 duration_ticks=165055 hr=0x00000000
present frame=1581 source_index=0 allocator_index=0 expected_next=1 observed_next=1 qpc=3109531300951 duration_ticks=158757 hr=0x00000000
present frame=1582 source_index=1 allocator_index=1 expected_next=2 observed_next=2 qpc=3109531465006 duration_ticks=161594 hr=0x00000000
present frame=1583 source_index=2 allocator_index=2 expected_next=0 observed_next=0 qpc=3109531633288 duration_ticks=160357 hr=0x00000000
present frame=1584 source_index=0 allocator_index=0 expected_next=1 observed_next=1 qpc=3109531797850 duration_ticks=165208 hr=0x00000000
present frame=1585 source_index=1 allocator_index=1 expected_next=2 observed_next=2 qpc=3109531969031 duration_ticks=160804 hr=0x00000000
present frame=1586 source_index=2 allocator_index=2 expected_next=0 observed_next=0 qpc=3109532139534 duration_ticks=153488 hr=0x00000000
present frame=1587 source_index=0 allocator_index=0 expected_next=1 observed_next=1 qpc=3109532299448 duration_ticks=162389 hr=0x00000000
present frame=1588 source_index=1 allocator_index=1 expected_next=2 observed_next=2 qpc=3109532467688 duration_ticks=160565 hr=0x00000000
present frame=1589 source_index=2 allocator_index=2 expected_next=0 observed_next=0 qpc=3109532632173 duration_ticks=166279 hr=0x00000000
present frame=1590 source_index=0 allocator_index=0 expected_next=1 observed_next=1 qpc=3109532810251 duration_ticks=155864 hr=0x00000000
present frame=1591 source_index=1 allocator_index=1 expected_next=2 observed_next=2 qpc=3109532972602 duration_ticks=155563 hr=0x00000000
present frame=1592 source_index=2 allocator_index=2 expected_next=0 observed_next=0 qpc=3109533132065 duration_ticks=166202 hr=0x00000000
present frame=1593 source_index=0 allocator_index=0 expected_next=1 observed_next=1 qpc=3109533302987 duration_ticks=159799 hr=0x00000000
present frame=1594 source_index=1 allocator_index=1 expected_next=2 observed_next=2 qpc=3109533477735 duration_ticks=150812 hr=0x00000000
present frame=1595 source_index=2 allocator_index=2 expected_next=0 observed_next=0 qpc=3109533646980 duration_ticks=147494 hr=0x00000000
present frame=1596 source_index=0 allocator_index=0 expected_next=1 observed_next=1 qpc=3109533798259 duration_ticks=162860 hr=0x00000000
present frame=1597 source_index=1 allocator_index=1 expected_next=2 observed_next=2 qpc=3109533965138 duration_ticks=163299 hr=0x00000000
present frame=1598 source_index=2 allocator_index=2 expected_next=0 observed_next=0 qpc=3109534132587 duration_ticks=163102 hr=0x00000000
present frame=1599 source_index=0 allocator_index=0 expected_next=1 observed_next=1 qpc=3109534299560 duration_ticks=168367 hr=0x00000000
present frame=1600 source_index=1 allocator_index=1 expected_next=2 observed_next=2 qpc=3109534473280 duration_ticks=154292 hr=0x00000000
present frame=1601 source_index=2 allocator_index=2 expected_next=0 observed_next=0 qpc=3109534631505 duration_ticks=163535 hr=0x00000000
present frame=1602 source_index=0 allocator_index=0 expected_next=1 observed_next=1 qpc=3109534807136 duration_ticks=154600 hr=0x00000000
present frame=1603 source_index=1 allocator_index=1 expected_next=2 observed_next=2 qpc=3109534976899 duration_ticks=150305 hr=0x00000000
present frame=1604 source_index=2 allocator_index=2 expected_next=0 observed_next=0 qpc=3109535133165 duration_ticks=160577 hr=0x00000000
present frame=1605 source_index=0 allocator_index=0 expected_next=1 observed_next=1 qpc=3109535297301 duration_ticks=164365 hr=0x00000000
present frame=1606 source_index=1 allocator_index=1 expected_next=2 observed_next=2 qpc=3109535465470 duration_ticks=163794 hr=0x00000000
present frame=1607 source_index=2 allocator_index=2 expected_next=0 observed_next=0 qpc=3109535633268 duration_ticks=159685 hr=0x00000000
present frame=1608 source_index=0 allocator_index=0 expected_next=1 observed_next=1 qpc=3109535798185 duration_ticks=171887 hr=0x00000000
present frame=1609 source_index=1 allocator_index=1 expected_next=2 observed_next=2 qpc=3109535978189 duration_ticks=150766 hr=0x00000000
present frame=1610 source_index=2 allocator_index=2 expected_next=0 observed_next=0 qpc=3109536132916 duration_ticks=164098 hr=0x00000000
present frame=1611 source_index=0 allocator_index=0 expected_next=1 observed_next=1 qpc=3109536306295 duration_ticks=157526 hr=0x00000000
present frame=1612 source_index=1 allocator_index=1 expected_next=2 observed_next=2 qpc=3109536568592 duration_ticks=59142 hr=0x00000000
present frame=1613 source_index=2 allocator_index=2 expected_next=0 observed_next=0 qpc=3109536636484 duration_ticks=158582 hr=0x00000000
present frame=1614 source_index=0 allocator_index=0 expected_next=1 observed_next=1 qpc=3109536801267 duration_ticks=161480 hr=0x00000000
present frame=1615 source_index=1 allocator_index=1 expected_next=2 observed_next=2 qpc=3109536968312 duration_ticks=165079 hr=0x00000000
present frame=1616 source_index=2 allocator_index=2 expected_next=0 observed_next=0 qpc=3109537137425 duration_ticks=159878 hr=0x00000000
present frame=1617 source_index=0 allocator_index=0 expected_next=1 observed_next=1 qpc=3109537301415 duration_ticks=161402 hr=0x00000000
present frame=1618 source_index=1 allocator_index=1 expected_next=2 observed_next=2 qpc=3109537477186 duration_ticks=153876 hr=0x00000000
present frame=1619 source_index=2 allocator_index=2 expected_next=0 observed_next=0 qpc=3109537639394 duration_ticks=154096 hr=0x00000000
present frame=1620 source_index=0 allocator_index=0 expected_next=1 observed_next=1 qpc=3109537802575 duration_ticks=158383 hr=0x00000000
present frame=1621 source_index=1 allocator_index=1 expected_next=2 observed_next=2 qpc=3109537965203 duration_ticks=164179 hr=0x00000000
present frame=1622 source_index=2 allocator_index=2 expected_next=0 observed_next=0 qpc=3109538135271 duration_ticks=164762 hr=0x00000000
present frame=1623 source_index=0 allocator_index=0 expected_next=1 observed_next=1 qpc=3109538304911 duration_ticks=156945 hr=0x00000000
present frame=1624 source_index=1 allocator_index=1 expected_next=2 observed_next=2 qpc=3109538465818 duration_ticks=161757 hr=0x00000000
present frame=1625 source_index=2 allocator_index=2 expected_next=0 observed_next=0 qpc=3109538643750 duration_ticks=150909 hr=0x00000000
present frame=1626 source_index=0 allocator_index=0 expected_next=1 observed_next=1 qpc=3109538800056 duration_ticks=160458 hr=0x00000000
present frame=1627 source_index=1 allocator_index=1 expected_next=2 observed_next=2 qpc=3109538964647 duration_ticks=162411 hr=0x00000000
present frame=1628 source_index=2 allocator_index=2 expected_next=0 observed_next=0 qpc=3109539133216 duration_ticks=159660 hr=0x00000000
present frame=1629 source_index=0 allocator_index=0 expected_next=1 observed_next=1 qpc=3109539299220 duration_ticks=161986 hr=0x00000000
present frame=1630 source_index=1 allocator_index=1 expected_next=2 observed_next=2 qpc=3109539469275 duration_ticks=154841 hr=0x00000000
present frame=1631 source_index=2 allocator_index=2 expected_next=0 observed_next=0 qpc=3109539625980 duration_ticks=163482 hr=0x00000000
present frame=1632 source_index=0 allocator_index=0 expected_next=1 observed_next=1 qpc=3109539790832 duration_ticks=163375 hr=0x00000000
present frame=1633 source_index=1 allocator_index=1 expected_next=2 observed_next=2 qpc=3109539955750 duration_ticks=165224 hr=0x00000000
present frame=1634 source_index=2 allocator_index=2 expected_next=0 observed_next=0 qpc=3109540121957 duration_ticks=165330 hr=0x00000000
present frame=1635 source_index=0 allocator_index=0 expected_next=1 observed_next=1 qpc=3109540288124 duration_ticks=166708 hr=0x00000000
present frame=1636 source_index=1 allocator_index=1 expected_next=2 observed_next=2 qpc=3109540455681 duration_ticks=167381 hr=0x00000000
present frame=1637 source_index=2 allocator_index=2 expected_next=0 observed_next=0 qpc=3109540625409 duration_ticks=167851 hr=0x00000000
present frame=1638 source_index=0 allocator_index=0 expected_next=1 observed_next=1 qpc=3109540796824 duration_ticks=166418 hr=0x00000000
present frame=1639 source_index=1 allocator_index=1 expected_next=2 observed_next=2 qpc=3109540967232 duration_ticks=155408 hr=0x00000000
present frame=1640 source_index=2 allocator_index=2 expected_next=0 observed_next=0 qpc=3109541126572 duration_ticks=161432 hr=0x00000000
present frame=1641 source_index=0 allocator_index=0 expected_next=1 observed_next=1 qpc=3109541289450 duration_ticks=168232 hr=0x00000000
present frame=1642 source_index=1 allocator_index=1 expected_next=2 observed_next=2 qpc=3109541462558 duration_ticks=157657 hr=0x00000000
present frame=1643 source_index=2 allocator_index=2 expected_next=0 observed_next=0 qpc=3109541621035 duration_ticks=166235 hr=0x00000000
present frame=1644 source_index=0 allocator_index=0 expected_next=1 observed_next=1 qpc=3109541788054 duration_ticks=166345 hr=0x00000000
present frame=1645 source_index=1 allocator_index=1 expected_next=2 observed_next=2 qpc=3109541955111 duration_ticks=175649 hr=0x00000000
present frame=1646 source_index=2 allocator_index=2 expected_next=0 observed_next=0 qpc=3109542133997 duration_ticks=157837 hr=0x00000000
present frame=1647 source_index=0 allocator_index=0 expected_next=1 observed_next=1 qpc=3109542295364 duration_ticks=163000 hr=0x00000000
present frame=1648 source_index=1 allocator_index=1 expected_next=2 observed_next=2 qpc=3109542462817 duration_ticks=163295 hr=0x00000000
present frame=1649 source_index=2 allocator_index=2 expected_next=0 observed_next=0 qpc=3109542626958 duration_ticks=165109 hr=0x00000000
present frame=1650 source_index=0 allocator_index=0 expected_next=1 observed_next=1 qpc=3109542795620 duration_ticks=165320 hr=0x00000000
present frame=1651 source_index=1 allocator_index=1 expected_next=2 observed_next=2 qpc=3109542965843 duration_ticks=158454 hr=0x00000000
present frame=1652 source_index=2 allocator_index=2 expected_next=0 observed_next=0 qpc=3109543128329 duration_ticks=163483 hr=0x00000000
present frame=1653 source_index=0 allocator_index=0 expected_next=1 observed_next=1 qpc=3109543295583 duration_ticks=162585 hr=0x00000000
present frame=1654 source_index=1 allocator_index=1 expected_next=2 observed_next=2 qpc=3109543461689 duration_ticks=159199 hr=0x00000000
present frame=1655 source_index=2 allocator_index=2 expected_next=0 observed_next=0 qpc=3109543621626 duration_ticks=166496 hr=0x00000000
present frame=1656 source_index=0 allocator_index=0 expected_next=1 observed_next=1 qpc=3109543788908 duration_ticks=165255 hr=0x00000000
present frame=1657 source_index=1 allocator_index=1 expected_next=2 observed_next=2 qpc=3109543954920 duration_ticks=168442 hr=0x00000000
present frame=1658 source_index=2 allocator_index=2 expected_next=0 observed_next=0 qpc=3109544126625 duration_ticks=167150 hr=0x00000000
present frame=1659 source_index=0 allocator_index=0 expected_next=1 observed_next=1 qpc=3109544295884 duration_ticks=160708 hr=0x00000000
present frame=1660 source_index=1 allocator_index=1 expected_next=2 observed_next=2 qpc=3109544458624 duration_ticks=162391 hr=0x00000000
present frame=1661 source_index=2 allocator_index=2 expected_next=0 observed_next=0 qpc=3109544622074 duration_ticks=166831 hr=0x00000000
present frame=1662 source_index=0 allocator_index=0 expected_next=1 observed_next=1 qpc=3109544789843 duration_ticks=165315 hr=0x00000000
present frame=1663 source_index=1 allocator_index=1 expected_next=2 observed_next=2 qpc=3109544956409 duration_ticks=164520 hr=0x00000000
present frame=1664 source_index=2 allocator_index=2 expected_next=0 observed_next=0 qpc=3109545121786 duration_ticks=169046 hr=0x00000000
present frame=1665 source_index=0 allocator_index=0 expected_next=1 observed_next=1 qpc=3109545292217 duration_ticks=163677 hr=0x00000000
present frame=1666 source_index=1 allocator_index=1 expected_next=2 observed_next=2 qpc=3109545457820 duration_ticks=164433 hr=0x00000000
present frame=1667 source_index=2 allocator_index=2 expected_next=0 observed_next=0 qpc=3109545623497 duration_ticks=163761 hr=0x00000000
present frame=1668 source_index=0 allocator_index=0 expected_next=1 observed_next=1 qpc=3109545788377 duration_ticks=167715 hr=0x00000000
present frame=1669 source_index=1 allocator_index=1 expected_next=2 observed_next=2 qpc=3109545957014 duration_ticks=163901 hr=0x00000000
present frame=1670 source_index=2 allocator_index=2 expected_next=0 observed_next=0 qpc=3109546121487 duration_ticks=167272 hr=0x00000000
present frame=1671 source_index=0 allocator_index=0 expected_next=1 observed_next=1 qpc=3109546289392 duration_ticks=168399 hr=0x00000000
present frame=1672 source_index=1 allocator_index=1 expected_next=2 observed_next=2 qpc=3109546458582 duration_ticks=166704 hr=0x00000000
present frame=1673 source_index=2 allocator_index=2 expected_next=0 observed_next=0 qpc=3109546627784 duration_ticks=160172 hr=0x00000000
present frame=1674 source_index=0 allocator_index=0 expected_next=1 observed_next=1 qpc=3109546789011 duration_ticks=165611 hr=0x00000000
present frame=1675 source_index=1 allocator_index=1 expected_next=2 observed_next=2 qpc=3109546955328 duration_ticks=168513 hr=0x00000000
present frame=1676 source_index=2 allocator_index=2 expected_next=0 observed_next=0 qpc=3109547124601 duration_ticks=162910 hr=0x00000000
present frame=1677 source_index=0 allocator_index=0 expected_next=1 observed_next=1 qpc=3109547288303 duration_ticks=166723 hr=0x00000000
present frame=1678 source_index=1 allocator_index=1 expected_next=2 observed_next=2 qpc=3109547455540 duration_ticks=170249 hr=0x00000000
present frame=1679 source_index=2 allocator_index=2 expected_next=0 observed_next=0 qpc=3109547628970 duration_ticks=159740 hr=0x00000000
present frame=1680 source_index=0 allocator_index=0 expected_next=1 observed_next=1 qpc=3109547789648 duration_ticks=167569 hr=0x00000000
present frame=1681 source_index=1 allocator_index=1 expected_next=2 observed_next=2 qpc=3109547960960 duration_ticks=165269 hr=0x00000000
present frame=1682 source_index=2 allocator_index=2 expected_next=0 observed_next=0 qpc=3109548129612 duration_ticks=159234 hr=0x00000000
present frame=1683 source_index=0 allocator_index=0 expected_next=1 observed_next=1 qpc=3109548289603 duration_ticks=166963 hr=0x00000000
present frame=1684 source_index=1 allocator_index=1 expected_next=2 observed_next=2 qpc=3109548457136 duration_ticks=170762 hr=0x00000000
present frame=1685 source_index=2 allocator_index=2 expected_next=0 observed_next=0 qpc=3109548645166 duration_ticks=151845 hr=0x00000000
present frame=1686 source_index=0 allocator_index=0 expected_next=1 observed_next=1 qpc=3109548821133 duration_ticks=144223 hr=0x00000000
present frame=1687 source_index=1 allocator_index=1 expected_next=2 observed_next=2 qpc=3109548987494 duration_ticks=134177 hr=0x00000000
present frame=1688 source_index=2 allocator_index=2 expected_next=0 observed_next=0 qpc=3109549122417 duration_ticks=174403 hr=0x00000000
present frame=1689 source_index=0 allocator_index=0 expected_next=1 observed_next=1 qpc=3109549314785 duration_ticks=150029 hr=0x00000000
present frame=1690 source_index=1 allocator_index=1 expected_next=2 observed_next=2 qpc=3109549473383 duration_ticks=146925 hr=0x00000000
present frame=1691 source_index=2 allocator_index=2 expected_next=0 observed_next=0 qpc=3109549621976 duration_ticks=169593 hr=0x00000000
present frame=1692 source_index=0 allocator_index=0 expected_next=1 observed_next=1 qpc=3109549793054 duration_ticks=163206 hr=0x00000000
present frame=1693 source_index=1 allocator_index=1 expected_next=2 observed_next=2 qpc=3109549956918 duration_ticks=168954 hr=0x00000000
present frame=1694 source_index=2 allocator_index=2 expected_next=0 observed_next=0 qpc=3109550129295 duration_ticks=159080 hr=0x00000000
present frame=1695 source_index=0 allocator_index=0 expected_next=1 observed_next=1 qpc=3109550289295 duration_ticks=170194 hr=0x00000000
present frame=1696 source_index=1 allocator_index=1 expected_next=2 observed_next=2 qpc=3109550464457 duration_ticks=161586 hr=0x00000000
present frame=1697 source_index=2 allocator_index=2 expected_next=0 observed_next=0 qpc=3109550631936 duration_ticks=159960 hr=0x00000000
present frame=1698 source_index=0 allocator_index=0 expected_next=1 observed_next=1 qpc=3109550795409 duration_ticks=164376 hr=0x00000000
present frame=1699 source_index=1 allocator_index=1 expected_next=2 observed_next=2 qpc=3109550965409 duration_ticks=160031 hr=0x00000000
present frame=1700 source_index=2 allocator_index=2 expected_next=0 observed_next=0 qpc=3109551129231 duration_ticks=167331 hr=0x00000000
present frame=1701 source_index=0 allocator_index=0 expected_next=1 observed_next=1 qpc=3109551303798 duration_ticks=150749 hr=0x00000000
present frame=1702 source_index=1 allocator_index=1 expected_next=2 observed_next=2 qpc=3109551456696 duration_ticks=170041 hr=0x00000000
present frame=1703 source_index=2 allocator_index=2 expected_next=0 observed_next=0 qpc=3109551633677 duration_ticks=156584 hr=0x00000000
present frame=1704 source_index=0 allocator_index=0 expected_next=1 observed_next=1 qpc=3109551793875 duration_ticks=167205 hr=0x00000000
present frame=1705 source_index=1 allocator_index=1 expected_next=2 observed_next=2 qpc=3109551964840 duration_ticks=160145 hr=0x00000000
present frame=1706 source_index=2 allocator_index=2 expected_next=0 observed_next=0 qpc=3109552130628 duration_ticks=161653 hr=0x00000000
present frame=1707 source_index=0 allocator_index=0 expected_next=1 observed_next=1 qpc=3109552296337 duration_ticks=168473 hr=0x00000000
present frame=1708 source_index=1 allocator_index=1 expected_next=2 observed_next=2 qpc=3109552468834 duration_ticks=163756 hr=0x00000000
present frame=1709 source_index=2 allocator_index=2 expected_next=0 observed_next=0 qpc=3109552636712 duration_ticks=163119 hr=0x00000000
present frame=1710 source_index=0 allocator_index=0 expected_next=1 observed_next=1 qpc=3109552813091 duration_ticks=147673 hr=0x00000000
present frame=1711 source_index=1 allocator_index=1 expected_next=2 observed_next=2 qpc=3109552965415 duration_ticks=162247 hr=0x00000000
present frame=1712 source_index=2 allocator_index=2 expected_next=0 observed_next=0 qpc=3109553134361 duration_ticks=163652 hr=0x00000000
present frame=1713 source_index=0 allocator_index=0 expected_next=1 observed_next=1 qpc=3109553302201 duration_ticks=159100 hr=0x00000000
present frame=1714 source_index=1 allocator_index=1 expected_next=2 observed_next=2 qpc=3109553465302 duration_ticks=164763 hr=0x00000000
present frame=1715 source_index=2 allocator_index=2 expected_next=0 observed_next=0 qpc=3109553638588 duration_ticks=157039 hr=0x00000000
present frame=1716 source_index=0 allocator_index=0 expected_next=1 observed_next=1 qpc=3109553799734 duration_ticks=168016 hr=0x00000000
present frame=1717 source_index=1 allocator_index=1 expected_next=2 observed_next=2 qpc=3109553974092 duration_ticks=151829 hr=0x00000000
present frame=1718 source_index=2 allocator_index=2 expected_next=0 observed_next=0 qpc=3109554134900 duration_ticks=157747 hr=0x00000000
present frame=1719 source_index=0 allocator_index=0 expected_next=1 observed_next=1 qpc=3109554308876 duration_ticks=148664 hr=0x00000000
present frame=1720 source_index=1 allocator_index=1 expected_next=2 observed_next=2 qpc=3109554462069 duration_ticks=163510 hr=0x00000000
present frame=1721 source_index=2 allocator_index=2 expected_next=0 observed_next=0 qpc=3109554631282 duration_ticks=165360 hr=0x00000000
present frame=1722 source_index=0 allocator_index=0 expected_next=1 observed_next=1 qpc=3109554800706 duration_ticks=161366 hr=0x00000000
present frame=1723 source_index=1 allocator_index=1 expected_next=2 observed_next=2 qpc=3109554966224 duration_ticks=161594 hr=0x00000000
present frame=1724 source_index=2 allocator_index=2 expected_next=0 observed_next=0 qpc=3109555136172 duration_ticks=160651 hr=0x00000000
present frame=1725 source_index=0 allocator_index=0 expected_next=1 observed_next=1 qpc=3109555301123 duration_ticks=160559 hr=0x00000000
present frame=1726 source_index=1 allocator_index=1 expected_next=2 observed_next=2 qpc=3109555469917 duration_ticks=158568 hr=0x00000000
present frame=1727 source_index=2 allocator_index=2 expected_next=0 observed_next=0 qpc=3109555633800 duration_ticks=159144 hr=0x00000000
present frame=1728 source_index=0 allocator_index=0 expected_next=1 observed_next=1 qpc=3109555797139 duration_ticks=164259 hr=0x00000000
present frame=1729 source_index=1 allocator_index=1 expected_next=2 observed_next=2 qpc=3109555966036 duration_ticks=162591 hr=0x00000000
present frame=1730 source_index=2 allocator_index=2 expected_next=0 observed_next=0 qpc=3109556133075 duration_ticks=162322 hr=0x00000000
present frame=1731 source_index=0 allocator_index=0 expected_next=1 observed_next=1 qpc=3109556299775 duration_ticks=161943 hr=0x00000000
present frame=1732 source_index=1 allocator_index=1 expected_next=2 observed_next=2 qpc=3109556564931 duration_ticks=58172 hr=0x00000000
present frame=1733 source_index=2 allocator_index=2 expected_next=0 observed_next=0 qpc=3109556639418 duration_ticks=140840 hr=0x00000000
present frame=1734 source_index=0 allocator_index=0 expected_next=1 observed_next=1 qpc=3109556781159 duration_ticks=164686 hr=0x00000000
present frame=1735 source_index=1 allocator_index=1 expected_next=2 observed_next=2 qpc=3109556946250 duration_ticks=166261 hr=0x00000000
present frame=1736 source_index=2 allocator_index=2 expected_next=0 observed_next=0 qpc=3109557112842 duration_ticks=167999 hr=0x00000000
present frame=1737 source_index=0 allocator_index=0 expected_next=1 observed_next=1 qpc=3109557281615 duration_ticks=166002 hr=0x00000000
present frame=1738 source_index=1 allocator_index=1 expected_next=2 observed_next=2 qpc=3109557448105 duration_ticks=168017 hr=0x00000000
present frame=1739 source_index=2 allocator_index=2 expected_next=0 observed_next=0 qpc=3109557616869 duration_ticks=163576 hr=0x00000000
present frame=1740 source_index=0 allocator_index=0 expected_next=1 observed_next=1 qpc=3109557780847 duration_ticks=166844 hr=0x00000000
present frame=1741 source_index=1 allocator_index=1 expected_next=2 observed_next=2 qpc=3109557948176 duration_ticks=164938 hr=0x00000000
present frame=1742 source_index=2 allocator_index=2 expected_next=0 observed_next=0 qpc=3109558113402 duration_ticks=166910 hr=0x00000000
present frame=1743 source_index=0 allocator_index=0 expected_next=1 observed_next=1 qpc=3109558280596 duration_ticks=165855 hr=0x00000000
present frame=1744 source_index=1 allocator_index=1 expected_next=2 observed_next=2 qpc=3109558446714 duration_ticks=169900 hr=0x00000000
present frame=1745 source_index=2 allocator_index=2 expected_next=0 observed_next=0 qpc=3109558617078 duration_ticks=166601 hr=0x00000000
present frame=1746 source_index=0 allocator_index=0 expected_next=1 observed_next=1 qpc=3109558784079 duration_ticks=166148 hr=0x00000000
present frame=1747 source_index=1 allocator_index=1 expected_next=2 observed_next=2 qpc=3109558950555 duration_ticks=165467 hr=0x00000000
present frame=1748 source_index=2 allocator_index=2 expected_next=0 observed_next=0 qpc=3109559116432 duration_ticks=170110 hr=0x00000000
present frame=1749 source_index=0 allocator_index=0 expected_next=1 observed_next=1 qpc=3109559287367 duration_ticks=166963 hr=0x00000000
present frame=1750 source_index=1 allocator_index=1 expected_next=2 observed_next=2 qpc=3109559455242 duration_ticks=163640 hr=0x00000000
present frame=1751 source_index=2 allocator_index=2 expected_next=0 observed_next=0 qpc=3109559619695 duration_ticks=167932 hr=0x00000000
present frame=1752 source_index=0 allocator_index=0 expected_next=1 observed_next=1 qpc=3109559788311 duration_ticks=167579 hr=0x00000000
present frame=1753 source_index=1 allocator_index=1 expected_next=2 observed_next=2 qpc=3109559958220 duration_ticks=168315 hr=0x00000000
present frame=1754 source_index=2 allocator_index=2 expected_next=0 observed_next=0 qpc=3109560133426 duration_ticks=159094 hr=0x00000000
present frame=1755 source_index=0 allocator_index=0 expected_next=1 observed_next=1 qpc=3109560298151 duration_ticks=162694 hr=0x00000000
present frame=1756 source_index=1 allocator_index=1 expected_next=2 observed_next=2 qpc=3109560465716 duration_ticks=154313 hr=0x00000000
present frame=1757 source_index=2 allocator_index=2 expected_next=0 observed_next=0 qpc=3109560620877 duration_ticks=166566 hr=0x00000000
present frame=1758 source_index=0 allocator_index=0 expected_next=1 observed_next=1 qpc=3109560787995 duration_ticks=168540 hr=0x00000000
present frame=1759 source_index=1 allocator_index=1 expected_next=2 observed_next=2 qpc=3109560960527 duration_ticks=164588 hr=0x00000000
present frame=1760 source_index=2 allocator_index=2 expected_next=0 observed_next=0 qpc=3109561128516 duration_ticks=163735 hr=0x00000000
present frame=1761 source_index=0 allocator_index=0 expected_next=1 observed_next=1 qpc=3109561301239 duration_ticks=160190 hr=0x00000000
present frame=1762 source_index=1 allocator_index=1 expected_next=2 observed_next=2 qpc=3109561489157 duration_ticks=133959 hr=0x00000000
present frame=1763 source_index=2 allocator_index=2 expected_next=0 observed_next=0 qpc=3109561623724 duration_ticks=169035 hr=0x00000000
present frame=1764 source_index=0 allocator_index=0 expected_next=1 observed_next=1 qpc=3109561796485 duration_ticks=166042 hr=0x00000000
present frame=1765 source_index=1 allocator_index=1 expected_next=2 observed_next=2 qpc=3109561971901 duration_ticks=156068 hr=0x00000000
present frame=1766 source_index=2 allocator_index=2 expected_next=0 observed_next=0 qpc=3109562131983 duration_ticks=162228 hr=0x00000000
present frame=1767 source_index=0 allocator_index=0 expected_next=1 observed_next=1 qpc=3109562297912 duration_ticks=165137 hr=0x00000000
present frame=1768 source_index=1 allocator_index=1 expected_next=2 observed_next=2 qpc=3109562467243 duration_ticks=160880 hr=0x00000000
present frame=1769 source_index=2 allocator_index=2 expected_next=0 observed_next=0 qpc=3109562634823 duration_ticks=159976 hr=0x00000000
present frame=1770 source_index=0 allocator_index=0 expected_next=1 observed_next=1 qpc=3109562799275 duration_ticks=162052 hr=0x00000000
present frame=1771 source_index=1 allocator_index=1 expected_next=2 observed_next=2 qpc=3109562965787 duration_ticks=157898 hr=0x00000000
present frame=1772 source_index=2 allocator_index=2 expected_next=0 observed_next=0 qpc=3109563140097 duration_ticks=153942 hr=0x00000000
present frame=1773 source_index=0 allocator_index=0 expected_next=1 observed_next=1 qpc=3109563298012 duration_ticks=164685 hr=0x00000000
present frame=1774 source_index=1 allocator_index=1 expected_next=2 observed_next=2 qpc=3109563466854 duration_ticks=161433 hr=0x00000000
present frame=1775 source_index=2 allocator_index=2 expected_next=0 observed_next=0 qpc=3109563632293 duration_ticks=161812 hr=0x00000000
present frame=1776 source_index=0 allocator_index=0 expected_next=1 observed_next=1 qpc=3109563800645 duration_ticks=161460 hr=0x00000000
present frame=1777 source_index=1 allocator_index=1 expected_next=2 observed_next=2 qpc=3109563966675 duration_ticks=160534 hr=0x00000000
present frame=1778 source_index=2 allocator_index=2 expected_next=0 observed_next=0 qpc=3109564131035 duration_ticks=164531 hr=0x00000000
present frame=1779 source_index=0 allocator_index=0 expected_next=1 observed_next=1 qpc=3109564299943 duration_ticks=160239 hr=0x00000000
present frame=1780 source_index=1 allocator_index=1 expected_next=2 observed_next=2 qpc=3109564465140 duration_ticks=163765 hr=0x00000000
present frame=1781 source_index=2 allocator_index=2 expected_next=0 observed_next=0 qpc=3109564639042 duration_ticks=155083 hr=0x00000000
present frame=1782 source_index=0 allocator_index=0 expected_next=1 observed_next=1 qpc=3109564798012 duration_ticks=163980 hr=0x00000000
present frame=1783 source_index=1 allocator_index=1 expected_next=2 observed_next=2 qpc=3109564965739 duration_ticks=161779 hr=0x00000000
present frame=1784 source_index=2 allocator_index=2 expected_next=0 observed_next=0 qpc=3109565131495 duration_ticks=163023 hr=0x00000000
present frame=1785 source_index=0 allocator_index=0 expected_next=1 observed_next=1 qpc=3109565298506 duration_ticks=164735 hr=0x00000000
present frame=1786 source_index=1 allocator_index=1 expected_next=2 observed_next=2 qpc=3109565467027 duration_ticks=160695 hr=0x00000000
present frame=1787 source_index=2 allocator_index=2 expected_next=0 observed_next=0 qpc=3109565635470 duration_ticks=161200 hr=0x00000000
present frame=1788 source_index=0 allocator_index=0 expected_next=1 observed_next=1 qpc=3109565813329 duration_ticks=147621 hr=0x00000000
present frame=1789 source_index=1 allocator_index=1 expected_next=2 observed_next=2 qpc=3109565966441 duration_ticks=161078 hr=0x00000000
present frame=1790 source_index=2 allocator_index=2 expected_next=0 observed_next=0 qpc=3109566131337 duration_ticks=163828 hr=0x00000000
present frame=1791 source_index=0 allocator_index=0 expected_next=1 observed_next=1 qpc=3109566299216 duration_ticks=160616 hr=0x00000000
present frame=1792 source_index=1 allocator_index=1 expected_next=2 observed_next=2 qpc=3109566564309 duration_ticks=69251 hr=0x00000000
present frame=1793 source_index=2 allocator_index=2 expected_next=0 observed_next=0 qpc=3109566651267 duration_ticks=143781 hr=0x00000000
present frame=1794 source_index=0 allocator_index=0 expected_next=1 observed_next=1 qpc=3109566801975 duration_ticks=162865 hr=0x00000000
present frame=1795 source_index=1 allocator_index=1 expected_next=2 observed_next=2 qpc=3109566969911 duration_ticks=156524 hr=0x00000000
present frame=1796 source_index=2 allocator_index=2 expected_next=0 observed_next=0 qpc=3109567130440 duration_ticks=163792 hr=0x00000000
present frame=1797 source_index=0 allocator_index=0 expected_next=1 observed_next=1 qpc=3109567303403 duration_ticks=154360 hr=0x00000000
present frame=1798 source_index=1 allocator_index=1 expected_next=2 observed_next=2 qpc=3109567462120 duration_ticks=165620 hr=0x00000000
present frame=1799 source_index=2 allocator_index=2 expected_next=0 observed_next=0 qpc=3109567632010 duration_ticks=164490 hr=0x00000000
present frame=1800 source_index=0 allocator_index=0 expected_next=1 observed_next=1 qpc=3109567800632 duration_ticks=159851 hr=0x00000000
present frame=1801 source_index=1 allocator_index=1 expected_next=2 observed_next=2 qpc=3109567964385 duration_ticks=166266 hr=0x00000000
present frame=1802 source_index=2 allocator_index=2 expected_next=0 observed_next=0 qpc=3109568140531 duration_ticks=150946 hr=0x00000000
present frame=1803 source_index=0 allocator_index=0 expected_next=1 observed_next=1 qpc=3109568295907 duration_ticks=168609 hr=0x00000000
present frame=1804 source_index=1 allocator_index=1 expected_next=2 observed_next=2 qpc=3109568470235 duration_ticks=159372 hr=0x00000000
present frame=1805 source_index=2 allocator_index=2 expected_next=0 observed_next=0 qpc=3109568635683 duration_ticks=156732 hr=0x00000000
present frame=1806 source_index=0 allocator_index=0 expected_next=1 observed_next=1 qpc=3109568796547 duration_ticks=165448 hr=0x00000000
present frame=1807 source_index=1 allocator_index=1 expected_next=2 observed_next=2 qpc=3109568972630 duration_ticks=153794 hr=0x00000000
present frame=1808 source_index=2 allocator_index=2 expected_next=0 observed_next=0 qpc=3109569130605 duration_ticks=162811 hr=0x00000000
present frame=1809 source_index=0 allocator_index=0 expected_next=1 observed_next=1 qpc=3109569299562 duration_ticks=163578 hr=0x00000000
present frame=1810 source_index=1 allocator_index=1 expected_next=2 observed_next=2 qpc=3109569476641 duration_ticks=145512 hr=0x00000000
present frame=1811 source_index=2 allocator_index=2 expected_next=0 observed_next=0 qpc=3109569623695 duration_ticks=165552 hr=0x00000000
present frame=1812 source_index=0 allocator_index=0 expected_next=1 observed_next=1 qpc=3109569793491 duration_ticks=163846 hr=0x00000000
present frame=1813 source_index=1 allocator_index=1 expected_next=2 observed_next=2 qpc=3109569960795 duration_ticks=167488 hr=0x00000000
present frame=1814 source_index=2 allocator_index=2 expected_next=0 observed_next=0 qpc=3109570133059 duration_ticks=162884 hr=0x00000000
present frame=1815 source_index=0 allocator_index=0 expected_next=1 observed_next=1 qpc=3109570300088 duration_ticks=160976 hr=0x00000000
present frame=1816 source_index=1 allocator_index=1 expected_next=2 observed_next=2 qpc=3109570465630 duration_ticks=158945 hr=0x00000000
present frame=1817 source_index=2 allocator_index=2 expected_next=0 observed_next=0 qpc=3109570630508 duration_ticks=165138 hr=0x00000000
present frame=1818 source_index=0 allocator_index=0 expected_next=1 observed_next=1 qpc=3109570801618 duration_ticks=162609 hr=0x00000000
present frame=1819 source_index=1 allocator_index=1 expected_next=2 observed_next=2 qpc=3109570984615 duration_ticks=140558 hr=0x00000000
present frame=1820 source_index=2 allocator_index=2 expected_next=0 observed_next=0 qpc=3109571131902 duration_ticks=160377 hr=0x00000000
present frame=1821 source_index=0 allocator_index=0 expected_next=1 observed_next=1 qpc=3109571296467 duration_ticks=161997 hr=0x00000000
present frame=1822 source_index=1 allocator_index=1 expected_next=2 observed_next=2 qpc=3109571462667 duration_ticks=163006 hr=0x00000000
present frame=1823 source_index=2 allocator_index=2 expected_next=0 observed_next=0 qpc=3109571630850 duration_ticks=161054 hr=0x00000000
present frame=1824 source_index=0 allocator_index=0 expected_next=1 observed_next=1 qpc=3109571797317 duration_ticks=162917 hr=0x00000000
present frame=1825 source_index=1 allocator_index=1 expected_next=2 observed_next=2 qpc=3109571968489 duration_ticks=155557 hr=0x00000000
present frame=1826 source_index=2 allocator_index=2 expected_next=0 observed_next=0 qpc=3109572129867 duration_ticks=162715 hr=0x00000000
present frame=1827 source_index=0 allocator_index=0 expected_next=1 observed_next=1 qpc=3109572301285 duration_ticks=158965 hr=0x00000000
present frame=1828 source_index=1 allocator_index=1 expected_next=2 observed_next=2 qpc=3109572464123 duration_ticks=163517 hr=0x00000000
present frame=1829 source_index=2 allocator_index=2 expected_next=0 observed_next=0 qpc=3109572631640 duration_ticks=159003 hr=0x00000000
present frame=1830 source_index=0 allocator_index=0 expected_next=1 observed_next=1 qpc=3109572795159 duration_ticks=164711 hr=0x00000000
present frame=1831 source_index=1 allocator_index=1 expected_next=2 observed_next=2 qpc=3109572964936 duration_ticks=161411 hr=0x00000000
present frame=1832 source_index=2 allocator_index=2 expected_next=0 observed_next=0 qpc=3109573131705 duration_ticks=163069 hr=0x00000000
present frame=1833 source_index=0 allocator_index=0 expected_next=1 observed_next=1 qpc=3109573300278 duration_ticks=161962 hr=0x00000000
present frame=1834 source_index=1 allocator_index=1 expected_next=2 observed_next=2 qpc=3109573466570 duration_ticks=160933 hr=0x00000000
present frame=1835 source_index=2 allocator_index=2 expected_next=0 observed_next=0 qpc=3109573631965 duration_ticks=160660 hr=0x00000000
present frame=1836 source_index=0 allocator_index=0 expected_next=1 observed_next=1 qpc=3109573796804 duration_ticks=165323 hr=0x00000000
present frame=1837 source_index=1 allocator_index=1 expected_next=2 observed_next=2 qpc=3109573966416 duration_ticks=161799 hr=0x00000000
present frame=1838 source_index=2 allocator_index=2 expected_next=0 observed_next=0 qpc=3109574132163 duration_ticks=163706 hr=0x00000000
present frame=1839 source_index=0 allocator_index=0 expected_next=1 observed_next=1 qpc=3109574299605 duration_ticks=159513 hr=0x00000000
present frame=1840 source_index=1 allocator_index=1 expected_next=2 observed_next=2 qpc=3109574464020 duration_ticks=165798 hr=0x00000000
present frame=1841 source_index=2 allocator_index=2 expected_next=0 observed_next=0 qpc=3109574633737 duration_ticks=160483 hr=0x00000000
present frame=1842 source_index=0 allocator_index=0 expected_next=1 observed_next=1 qpc=3109574803723 duration_ticks=157834 hr=0x00000000
present frame=1843 source_index=1 allocator_index=1 expected_next=2 observed_next=2 qpc=3109574984637 duration_ticks=141380 hr=0x00000000
present frame=1844 source_index=2 allocator_index=2 expected_next=0 observed_next=0 qpc=3109575133151 duration_ticks=162044 hr=0x00000000
present frame=1845 source_index=0 allocator_index=0 expected_next=1 observed_next=1 qpc=3109575299434 duration_ticks=162206 hr=0x00000000
present frame=1846 source_index=1 allocator_index=1 expected_next=2 observed_next=2 qpc=3109575465754 duration_ticks=162976 hr=0x00000000
present frame=1847 source_index=2 allocator_index=2 expected_next=0 observed_next=0 qpc=3109575633806 duration_ticks=160351 hr=0x00000000
present frame=1848 source_index=0 allocator_index=0 expected_next=1 observed_next=1 qpc=3109575800481 duration_ticks=160552 hr=0x00000000
present frame=1849 source_index=1 allocator_index=1 expected_next=2 observed_next=2 qpc=3109575965668 duration_ticks=161584 hr=0x00000000
present frame=1850 source_index=2 allocator_index=2 expected_next=0 observed_next=0 qpc=3109576142184 duration_ticks=153041 hr=0x00000000
present frame=1851 source_index=0 allocator_index=0 expected_next=1 observed_next=1 qpc=3109576299725 duration_ticks=165533 hr=0x00000000
present frame=1852 source_index=1 allocator_index=1 expected_next=2 observed_next=2 qpc=3109576571625 duration_ticks=58888 hr=0x00000000
present frame=1853 source_index=2 allocator_index=2 expected_next=0 observed_next=0 qpc=3109576662257 duration_ticks=127524 hr=0x00000000
present frame=1854 source_index=0 allocator_index=0 expected_next=1 observed_next=1 qpc=3109576791605 duration_ticks=162280 hr=0x00000000
present frame=1855 source_index=1 allocator_index=1 expected_next=2 observed_next=2 qpc=3109576955152 duration_ticks=172896 hr=0x00000000
present frame=1856 source_index=2 allocator_index=2 expected_next=0 observed_next=0 qpc=3109577131110 duration_ticks=166508 hr=0x00000000
present frame=1857 source_index=0 allocator_index=0 expected_next=1 observed_next=1 qpc=3109577303280 duration_ticks=157561 hr=0x00000000
present frame=1858 source_index=1 allocator_index=1 expected_next=2 observed_next=2 qpc=3109577464799 duration_ticks=161866 hr=0x00000000
present frame=1859 source_index=2 allocator_index=2 expected_next=0 observed_next=0 qpc=3109577636287 duration_ticks=156255 hr=0x00000000
present frame=1860 source_index=0 allocator_index=0 expected_next=1 observed_next=1 qpc=3109577796406 duration_ticks=165876 hr=0x00000000
present frame=1861 source_index=1 allocator_index=1 expected_next=2 observed_next=2 qpc=3109577966558 duration_ticks=166534 hr=0x00000000
present frame=1862 source_index=2 allocator_index=2 expected_next=0 observed_next=0 qpc=3109578161317 duration_ticks=127030 hr=0x00000000
present frame=1863 source_index=0 allocator_index=0 expected_next=1 observed_next=1 qpc=3109578289037 duration_ticks=169809 hr=0x00000000
present frame=1864 source_index=1 allocator_index=1 expected_next=2 observed_next=2 qpc=3109578462677 duration_ticks=165038 hr=0x00000000
present frame=1865 source_index=2 allocator_index=2 expected_next=0 observed_next=0 qpc=3109578634099 duration_ticks=162195 hr=0x00000000
present frame=1866 source_index=0 allocator_index=0 expected_next=1 observed_next=1 qpc=3109578803933 duration_ticks=156317 hr=0x00000000
present frame=1867 source_index=1 allocator_index=1 expected_next=2 observed_next=2 qpc=3109578964168 duration_ticks=161344 hr=0x00000000
present frame=1868 source_index=2 allocator_index=2 expected_next=0 observed_next=0 qpc=3109579131586 duration_ticks=161457 hr=0x00000000
present frame=1869 source_index=0 allocator_index=0 expected_next=1 observed_next=1 qpc=3109579299406 duration_ticks=161391 hr=0x00000000
present frame=1870 source_index=1 allocator_index=1 expected_next=2 observed_next=2 qpc=3109579469030 duration_ticks=154423 hr=0x00000000
present frame=1871 source_index=2 allocator_index=2 expected_next=0 observed_next=0 qpc=3109579625484 duration_ticks=161962 hr=0x00000000
present frame=1872 source_index=0 allocator_index=0 expected_next=1 observed_next=1 qpc=3109579789213 duration_ticks=164557 hr=0x00000000
present frame=1873 source_index=1 allocator_index=1 expected_next=2 observed_next=2 qpc=3109579954847 duration_ticks=165848 hr=0x00000000
present frame=1874 source_index=2 allocator_index=2 expected_next=0 observed_next=0 qpc=3109580121643 duration_ticks=166607 hr=0x00000000
present frame=1875 source_index=0 allocator_index=0 expected_next=1 observed_next=1 qpc=3109580289337 duration_ticks=164187 hr=0x00000000
present frame=1876 source_index=1 allocator_index=1 expected_next=2 observed_next=2 qpc=3109580454590 duration_ticks=171752 hr=0x00000000
present frame=1877 source_index=2 allocator_index=2 expected_next=0 observed_next=0 qpc=3109580630015 duration_ticks=158311 hr=0x00000000
present frame=1878 source_index=0 allocator_index=0 expected_next=1 observed_next=1 qpc=3109580789152 duration_ticks=167740 hr=0x00000000
present frame=1879 source_index=1 allocator_index=1 expected_next=2 observed_next=2 qpc=3109580960422 duration_ticks=167828 hr=0x00000000
present frame=1880 source_index=2 allocator_index=2 expected_next=0 observed_next=0 qpc=3109581131878 duration_ticks=156178 hr=0x00000000
present frame=1881 source_index=0 allocator_index=0 expected_next=1 observed_next=1 qpc=3109581289470 duration_ticks=166156 hr=0x00000000
present frame=1882 source_index=1 allocator_index=1 expected_next=2 observed_next=2 qpc=3109581456632 duration_ticks=165842 hr=0x00000000
present frame=1883 source_index=2 allocator_index=2 expected_next=0 observed_next=0 qpc=3109581623409 duration_ticks=163520 hr=0x00000000
present frame=1884 source_index=0 allocator_index=0 expected_next=1 observed_next=1 qpc=3109581787814 duration_ticks=167166 hr=0x00000000
present frame=1885 source_index=1 allocator_index=1 expected_next=2 observed_next=2 qpc=3109581955813 duration_ticks=167992 hr=0x00000000
present frame=1886 source_index=2 allocator_index=2 expected_next=0 observed_next=0 qpc=3109582126961 duration_ticks=162526 hr=0x00000000
present frame=1887 source_index=0 allocator_index=0 expected_next=1 observed_next=1 qpc=3109582290442 duration_ticks=167618 hr=0x00000000
present frame=1888 source_index=1 allocator_index=1 expected_next=2 observed_next=2 qpc=3109582461420 duration_ticks=164081 hr=0x00000000
present frame=1889 source_index=2 allocator_index=2 expected_next=0 observed_next=0 qpc=3109582632349 duration_ticks=157458 hr=0x00000000
present frame=1890 source_index=0 allocator_index=0 expected_next=1 observed_next=1 qpc=3109582790899 duration_ticks=163094 hr=0x00000000
present frame=1891 source_index=1 allocator_index=1 expected_next=2 observed_next=2 qpc=3109582955135 duration_ticks=170744 hr=0x00000000
present frame=1892 source_index=2 allocator_index=2 expected_next=0 observed_next=0 qpc=3109583128695 duration_ticks=163084 hr=0x00000000
present frame=1893 source_index=0 allocator_index=0 expected_next=1 observed_next=1 qpc=3109583295182 duration_ticks=160925 hr=0x00000000
present frame=1894 source_index=1 allocator_index=1 expected_next=2 observed_next=2 qpc=3109583457062 duration_ticks=170436 hr=0x00000000
present frame=1895 source_index=2 allocator_index=2 expected_next=0 observed_next=0 qpc=3109583630808 duration_ticks=162493 hr=0x00000000
present frame=1896 source_index=0 allocator_index=0 expected_next=1 observed_next=1 qpc=3109583796718 duration_ticks=158618 hr=0x00000000
present frame=1897 source_index=1 allocator_index=1 expected_next=2 observed_next=2 qpc=3109583956053 duration_ticks=167270 hr=0x00000000
present frame=1898 source_index=2 allocator_index=2 expected_next=0 observed_next=0 qpc=3109584126733 duration_ticks=161179 hr=0x00000000
present frame=1899 source_index=0 allocator_index=0 expected_next=1 observed_next=1 qpc=3109584288762 duration_ticks=165116 hr=0x00000000
present frame=1900 source_index=1 allocator_index=1 expected_next=2 observed_next=2 qpc=3109584454616 duration_ticks=165866 hr=0x00000000
present frame=1901 source_index=2 allocator_index=2 expected_next=0 observed_next=0 qpc=3109584621466 duration_ticks=165281 hr=0x00000000
present frame=1902 source_index=0 allocator_index=0 expected_next=1 observed_next=1 qpc=3109584787472 duration_ticks=167276 hr=0x00000000
present frame=1903 source_index=1 allocator_index=1 expected_next=2 observed_next=2 qpc=3109584955528 duration_ticks=171343 hr=0x00000000
present frame=1904 source_index=2 allocator_index=2 expected_next=0 observed_next=0 qpc=3109585130035 duration_ticks=161265 hr=0x00000000
present frame=1905 source_index=0 allocator_index=0 expected_next=1 observed_next=1 qpc=3109585299417 duration_ticks=155608 hr=0x00000000
present frame=1906 source_index=1 allocator_index=1 expected_next=2 observed_next=2 qpc=3109585455795 duration_ticks=168001 hr=0x00000000
present frame=1907 source_index=2 allocator_index=2 expected_next=0 observed_next=0 qpc=3109585629115 duration_ticks=161396 hr=0x00000000
present frame=1908 source_index=0 allocator_index=0 expected_next=1 observed_next=1 qpc=3109585794062 duration_ticks=159103 hr=0x00000000
present frame=1909 source_index=1 allocator_index=1 expected_next=2 observed_next=2 qpc=3109585953958 duration_ticks=171982 hr=0x00000000
present frame=1910 source_index=2 allocator_index=2 expected_next=0 observed_next=0 qpc=3109586129372 duration_ticks=157456 hr=0x00000000
present frame=1911 source_index=0 allocator_index=0 expected_next=1 observed_next=1 qpc=3109586287653 duration_ticks=171084 hr=0x00000000
present frame=1912 source_index=1 allocator_index=1 expected_next=2 observed_next=2 qpc=3109586563972 duration_ticks=57343 hr=0x00000000
present frame=1913 source_index=2 allocator_index=2 expected_next=0 observed_next=0 qpc=3109586622012 duration_ticks=169645 hr=0x00000000
present frame=1914 source_index=0 allocator_index=0 expected_next=1 observed_next=1 qpc=3109586795558 duration_ticks=160247 hr=0x00000000
present frame=1915 source_index=1 allocator_index=1 expected_next=2 observed_next=2 qpc=3109586957461 duration_ticks=165481 hr=0x00000000
present frame=1916 source_index=2 allocator_index=2 expected_next=0 observed_next=0 qpc=3109587125685 duration_ticks=166992 hr=0x00000000
present frame=1917 source_index=0 allocator_index=0 expected_next=1 observed_next=1 qpc=3109587297197 duration_ticks=160813 hr=0x00000000
present frame=1918 source_index=1 allocator_index=1 expected_next=2 observed_next=2 qpc=3109587461808 duration_ticks=159552 hr=0x00000000
present frame=1919 source_index=2 allocator_index=2 expected_next=0 observed_next=0 qpc=3109587622586 duration_ticks=172929 hr=0x00000000
present frame=1920 source_index=0 allocator_index=0 expected_next=1 observed_next=1 qpc=3109587798779 duration_ticks=158829 hr=0x00000000
present frame=1921 source_index=1 allocator_index=1 expected_next=2 observed_next=2 qpc=3109587961138 duration_ticks=160548 hr=0x00000000
present frame=1922 source_index=2 allocator_index=2 expected_next=0 observed_next=0 qpc=3109588122587 duration_ticks=169311 hr=0x00000000
present frame=1923 source_index=0 allocator_index=0 expected_next=1 observed_next=1 qpc=3109588295292 duration_ticks=162327 hr=0x00000000
present frame=1924 source_index=1 allocator_index=1 expected_next=2 observed_next=2 qpc=3109588461166 duration_ticks=164704 hr=0x00000000
present frame=1925 source_index=2 allocator_index=2 expected_next=0 observed_next=0 qpc=3109588631588 duration_ticks=162607 hr=0x00000000
present frame=1926 source_index=0 allocator_index=0 expected_next=1 observed_next=1 qpc=3109588798288 duration_ticks=158725 hr=0x00000000
present frame=1927 source_index=1 allocator_index=1 expected_next=2 observed_next=2 qpc=3109588965597 duration_ticks=159692 hr=0x00000000
present frame=1928 source_index=2 allocator_index=2 expected_next=0 observed_next=0 qpc=3109589134236 duration_ticks=158341 hr=0x00000000
present frame=1929 source_index=0 allocator_index=0 expected_next=1 observed_next=1 qpc=3109589298147 duration_ticks=161628 hr=0x00000000
present frame=1930 source_index=1 allocator_index=1 expected_next=2 observed_next=2 qpc=3109589476895 duration_ticks=144053 hr=0x00000000
present frame=1931 source_index=2 allocator_index=2 expected_next=0 observed_next=0 qpc=3109589622456 duration_ticks=168856 hr=0x00000000
present frame=1932 source_index=0 allocator_index=0 expected_next=1 observed_next=1 qpc=3109589794300 duration_ticks=163397 hr=0x00000000
present frame=1933 source_index=1 allocator_index=1 expected_next=2 observed_next=2 qpc=3109589958810 duration_ticks=166932 hr=0x00000000
present frame=1934 source_index=2 allocator_index=2 expected_next=0 observed_next=0 qpc=3109590128820 duration_ticks=166734 hr=0x00000000
present frame=1935 source_index=0 allocator_index=0 expected_next=1 observed_next=1 qpc=3109590302492 duration_ticks=155860 hr=0x00000000
present frame=1936 source_index=1 allocator_index=1 expected_next=2 observed_next=2 qpc=3109590464564 duration_ticks=161213 hr=0x00000000
present frame=1937 source_index=2 allocator_index=2 expected_next=0 observed_next=0 qpc=3109590630831 duration_ticks=156469 hr=0x00000000
present frame=1938 source_index=0 allocator_index=0 expected_next=1 observed_next=1 qpc=3109590787965 duration_ticks=169858 hr=0x00000000
present frame=1939 source_index=1 allocator_index=1 expected_next=2 observed_next=2 qpc=3109590962887 duration_ticks=162053 hr=0x00000000
present frame=1940 source_index=2 allocator_index=2 expected_next=0 observed_next=0 qpc=3109591130021 duration_ticks=161875 hr=0x00000000
present frame=1941 source_index=0 allocator_index=0 expected_next=1 observed_next=1 qpc=3109591297209 duration_ticks=156534 hr=0x00000000
present frame=1942 source_index=1 allocator_index=1 expected_next=2 observed_next=2 qpc=3109591454639 duration_ticks=169534 hr=0x00000000
present frame=1943 source_index=2 allocator_index=2 expected_next=0 observed_next=0 qpc=3109591628870 duration_ticks=162208 hr=0x00000000
present frame=1944 source_index=0 allocator_index=0 expected_next=1 observed_next=1 qpc=3109591800997 duration_ticks=158381 hr=0x00000000
present frame=1945 source_index=1 allocator_index=1 expected_next=2 observed_next=2 qpc=3109591965665 duration_ticks=157803 hr=0x00000000
present frame=1946 source_index=2 allocator_index=2 expected_next=0 observed_next=0 qpc=3109592130472 duration_ticks=161504 hr=0x00000000
present frame=1947 source_index=0 allocator_index=0 expected_next=1 observed_next=1 qpc=3109592295589 duration_ticks=161852 hr=0x00000000
present frame=1948 source_index=1 allocator_index=1 expected_next=2 observed_next=2 qpc=3109592463805 duration_ticks=176780 hr=0x00000000
present frame=1949 source_index=2 allocator_index=2 expected_next=0 observed_next=0 qpc=3109592645097 duration_ticks=146260 hr=0x00000000
present frame=1950 source_index=0 allocator_index=0 expected_next=1 observed_next=1 qpc=3109592794785 duration_ticks=167130 hr=0x00000000
present frame=1951 source_index=1 allocator_index=1 expected_next=2 observed_next=2 qpc=3109592968150 duration_ticks=159882 hr=0x00000000
present frame=1952 source_index=2 allocator_index=2 expected_next=0 observed_next=0 qpc=3109593138946 duration_ticks=157632 hr=0x00000000
present frame=1953 source_index=0 allocator_index=0 expected_next=1 observed_next=1 qpc=3109593304015 duration_ticks=153457 hr=0x00000000
present frame=1954 source_index=1 allocator_index=1 expected_next=2 observed_next=2 qpc=3109593460939 duration_ticks=166360 hr=0x00000000
present frame=1955 source_index=2 allocator_index=2 expected_next=0 observed_next=0 qpc=3109593631271 duration_ticks=165469 hr=0x00000000
present frame=1956 source_index=0 allocator_index=0 expected_next=1 observed_next=1 qpc=3109593800844 duration_ticks=157500 hr=0x00000000
present frame=1957 source_index=1 allocator_index=1 expected_next=2 observed_next=2 qpc=3109593962017 duration_ticks=165228 hr=0x00000000
present frame=1958 source_index=2 allocator_index=2 expected_next=0 observed_next=0 qpc=3109594136881 duration_ticks=157535 hr=0x00000000
present frame=1959 source_index=0 allocator_index=0 expected_next=1 observed_next=1 qpc=3109594298471 duration_ticks=160905 hr=0x00000000
present frame=1960 source_index=1 allocator_index=1 expected_next=2 observed_next=2 qpc=3109594476438 duration_ticks=150924 hr=0x00000000
present frame=1961 source_index=2 allocator_index=2 expected_next=0 observed_next=0 qpc=3109594631847 duration_ticks=162986 hr=0x00000000
present frame=1962 source_index=0 allocator_index=0 expected_next=1 observed_next=1 qpc=3109594802311 duration_ticks=159052 hr=0x00000000
present frame=1963 source_index=1 allocator_index=1 expected_next=2 observed_next=2 qpc=3109594965369 duration_ticks=160498 hr=0x00000000
present frame=1964 source_index=2 allocator_index=2 expected_next=0 observed_next=0 qpc=3109595129732 duration_ticks=163868 hr=0x00000000
present frame=1965 source_index=0 allocator_index=0 expected_next=1 observed_next=1 qpc=3109595297602 duration_ticks=163444 hr=0x00000000
present frame=1966 source_index=1 allocator_index=1 expected_next=2 observed_next=2 qpc=3109595467711 duration_ticks=160674 hr=0x00000000
present frame=1967 source_index=2 allocator_index=2 expected_next=0 observed_next=0 qpc=3109595639510 duration_ticks=153689 hr=0x00000000
present frame=1968 source_index=0 allocator_index=0 expected_next=1 observed_next=1 qpc=3109595798026 duration_ticks=163909 hr=0x00000000
present frame=1969 source_index=1 allocator_index=1 expected_next=2 observed_next=2 qpc=3109595974277 duration_ticks=152267 hr=0x00000000
present frame=1970 source_index=2 allocator_index=2 expected_next=0 observed_next=0 qpc=3109596131089 duration_ticks=162075 hr=0x00000000
present frame=1971 source_index=0 allocator_index=0 expected_next=1 observed_next=1 qpc=3109596297710 duration_ticks=168354 hr=0x00000000
present frame=1972 source_index=1 allocator_index=1 expected_next=2 observed_next=2 qpc=3109596571686 duration_ticks=56516 hr=0x00000000
present frame=1973 source_index=2 allocator_index=2 expected_next=0 observed_next=0 qpc=3109596636093 duration_ticks=160331 hr=0x00000000
present frame=1974 source_index=0 allocator_index=0 expected_next=1 observed_next=1 qpc=3109596811318 duration_ticks=151447 hr=0x00000000
present frame=1975 source_index=1 allocator_index=1 expected_next=2 observed_next=2 qpc=3109596967504 duration_ticks=160885 hr=0x00000000
present frame=1976 source_index=2 allocator_index=2 expected_next=0 observed_next=0 qpc=3109597132772 duration_ticks=162716 hr=0x00000000
present frame=1977 source_index=0 allocator_index=0 expected_next=1 observed_next=1 qpc=3109597299594 duration_ticks=161991 hr=0x00000000
present frame=1978 source_index=1 allocator_index=1 expected_next=2 observed_next=2 qpc=3109597465706 duration_ticks=163582 hr=0x00000000
present frame=1979 source_index=2 allocator_index=2 expected_next=0 observed_next=0 qpc=3109597634095 duration_ticks=160300 hr=0x00000000
present frame=1980 source_index=0 allocator_index=0 expected_next=1 observed_next=1 qpc=3109597800830 duration_ticks=164162 hr=0x00000000
present frame=1981 source_index=1 allocator_index=1 expected_next=2 observed_next=2 qpc=3109597969436 duration_ticks=157483 hr=0x00000000
present frame=1982 source_index=2 allocator_index=2 expected_next=0 observed_next=0 qpc=3109598130817 duration_ticks=167426 hr=0x00000000
present frame=1983 source_index=0 allocator_index=0 expected_next=1 observed_next=1 qpc=3109598313299 duration_ticks=150096 hr=0x00000000
present frame=1984 source_index=1 allocator_index=1 expected_next=2 observed_next=2 qpc=3109598486393 duration_ticks=139802 hr=0x00000000
present frame=1985 source_index=2 allocator_index=2 expected_next=0 observed_next=0 qpc=3109598632802 duration_ticks=166650 hr=0x00000000
present frame=1986 source_index=0 allocator_index=0 expected_next=1 observed_next=1 qpc=3109598804063 duration_ticks=161170 hr=0x00000000
present frame=1987 source_index=1 allocator_index=1 expected_next=2 observed_next=2 qpc=3109598972515 duration_ticks=161728 hr=0x00000000
present frame=1988 source_index=2 allocator_index=2 expected_next=0 observed_next=0 qpc=3109599138516 duration_ticks=159288 hr=0x00000000
present frame=1989 source_index=0 allocator_index=0 expected_next=1 observed_next=1 qpc=3109599301569 duration_ticks=156396 hr=0x00000000
present frame=1990 source_index=1 allocator_index=1 expected_next=2 observed_next=2 qpc=3109599459718 duration_ticks=156942 hr=0x00000000
present frame=1991 source_index=2 allocator_index=2 expected_next=0 observed_next=0 qpc=3109599617528 duration_ticks=163149 hr=0x00000000
present frame=1992 source_index=0 allocator_index=0 expected_next=1 observed_next=1 qpc=3109599781101 duration_ticks=166595 hr=0x00000000
present frame=1993 source_index=1 allocator_index=1 expected_next=2 observed_next=2 qpc=3109599948232 duration_ticks=167423 hr=0x00000000
present frame=1994 source_index=2 allocator_index=2 expected_next=0 observed_next=0 qpc=3109600116458 duration_ticks=166827 hr=0x00000000
present frame=1995 source_index=0 allocator_index=0 expected_next=1 observed_next=1 qpc=3109600284058 duration_ticks=163437 hr=0x00000000
present frame=1996 source_index=1 allocator_index=1 expected_next=2 observed_next=2 qpc=3109600448082 duration_ticks=169818 hr=0x00000000
present frame=1997 source_index=2 allocator_index=2 expected_next=0 observed_next=0 qpc=3109600618820 duration_ticks=162890 hr=0x00000000
present frame=1998 source_index=0 allocator_index=0 expected_next=1 observed_next=1 qpc=3109600782269 duration_ticks=163957 hr=0x00000000
present frame=1999 source_index=1 allocator_index=1 expected_next=2 observed_next=2 qpc=3109600946535 duration_ticks=166234 hr=0x00000000
complete frames=2000 elapsed_ticks=322326295
frame_statistics hr=0x00000000 present_count=2000 present_refresh=2000 sync_refresh=2000
last_present_count hr=0x00000000 count=2000
memory_sample hr=0x00000000 current_working_set=90173440 current_private=44436779008 max_sampled_working_set=91217920 max_sampled_private=44445429760 sample_interval_frames=30
bookkeeping_result case=A invariant_mismatches=0 result=PASS
