start dxgi_module=00006fffff070000 dxgi_path_chars=100 dxgi_path=Z:\var\folders\4l\yp39dwhd7rg2y9xscgvhkyqw0000gn\T\fg-step8d1-overhead-passthrough-1.h4Gdps\dxgi.dll
call=CreateDXGIFactory hr=0x00000000 factory=000000000080d940
call=CreateDXGIFactory1 hr=0x00000000 factory=000000000080d940
call=CreateDXGIFactory2 hr=0x00000000 factory=000000000080d940
adapter_interface version=4 hr=0x00000000 adapter=0000000000812ca0
adapter_interface_matrix adapter0=1 adapter1=1 adapter2=1 adapter3=1 adapter4=1
com_identity factory_qi_iunknown=1 adapter_getparent_factory=1 result=PASS
adapter_enum_output_zero hr=0x00000000 output=0000000000812ce0
output_interface version=6 hr=0x00000000 output=0000000000812ce0
com_identity output_getparent_adapter hr=0x00000000 same_adapter=1
interface name=IDXGIFactory hr=0x00000000 ptr=000000000080d940
interface name=IDXGIFactory1 hr=0x00000000 ptr=000000000080d940
interface name=IDXGIFactory2 hr=0x00000000 ptr=000000000080d940
interface name=IDXGIFactory3 hr=0x00000000 ptr=000000000080d940
interface name=IDXGIFactory4 hr=0x00000000 ptr=000000000080d940
interface name=IDXGIFactory5 hr=0x00000000 ptr=000000000080d940
interface name=IDXGIFactory6 hr=0x00000000 ptr=000000000080d940
interface name=IDXGIFactory7 hr=0x00000000 ptr=000000000080d940
interface name=IDXGIFactoryMedia hr=0x80004002 ptr=0000000000000000
call=D3D12CreateDevice hr=0x00000000 device=00007f8cb00b7810
call=CreateCommandQueue hr=0x00000000 queue=00007f8cb7958210
call=CreateSwapChainForHwnd hr=0x00000000 swapchain=0000000000812d20
call=QueryInterface_IDXGISwapChain3 hr=0x00000000 swapchain3=0000000000812d20
com_identity swapchain_getparent_factory hr=0x00000000 same_factory=1
interface name=IDXGISwapChainMedia hr=0x80004002 ptr=0000000000000000
interface name=IDXGISwapChain hr=0x00000000 ptr=0000000000812d20
interface name=IDXGISwapChain1 hr=0x00000000 ptr=0000000000812d20
interface name=IDXGISwapChain2 hr=0x00000000 ptr=0000000000812d20
interface name=IDXGISwapChain3 hr=0x00000000 ptr=0000000000812d20
interface name=IDXGISwapChain4 hr=0x00000000 ptr=0000000000812d20
test_case=A frames=2000 target_fps=0 source_index_policy=GetCurrentBackBufferIndex_each_frame allocator_policy=per_backbuffer
timing qpc_frequency=10000000 target_fps=0
present frame=0 source_index=0 allocator_index=0 expected_next=1 observed_next=1 qpc=3108934824471 duration_ticks=852 hr=0x00000000
present frame=1 source_index=1 allocator_index=1 expected_next=2 observed_next=2 qpc=3108934828104 duration_ticks=18 hr=0x00000000
present frame=2 source_index=2 allocator_index=2 expected_next=0 observed_next=0 qpc=3108934828412 duration_ticks=7 hr=0x00000000
present frame=3 source_index=0 allocator_index=0 expected_next=1 observed_next=1 qpc=3108934905215 duration_ticks=686 hr=0x00000000
present frame=4 source_index=1 allocator_index=1 expected_next=2 observed_next=2 qpc=3108934907265 duration_ticks=647 hr=0x00000000
present frame=5 source_index=2 allocator_index=2 expected_next=0 observed_next=0 qpc=3108934908636 duration_ticks=1613 hr=0x00000000
present frame=6 source_index=0 allocator_index=0 expected_next=1 observed_next=1 qpc=3108934911394 duration_ticks=2841 hr=0x00000000
present frame=7 source_index=1 allocator_index=1 expected_next=2 observed_next=2 qpc=3108934915204 duration_ticks=1660 hr=0x00000000
present frame=8 source_index=2 allocator_index=2 expected_next=0 observed_next=0 qpc=3108934919050 duration_ticks=615 hr=0x00000000
present frame=9 source_index=0 allocator_index=0 expected_next=1 observed_next=1 qpc=3108934920697 duration_ticks=1431 hr=0x00000000
present frame=10 source_index=1 allocator_index=1 expected_next=2 observed_next=2 qpc=3108934924200 duration_ticks=991 hr=0x00000000
present frame=11 source_index=2 allocator_index=2 expected_next=0 observed_next=0 qpc=3108934925481 duration_ticks=1973 hr=0x00000000
present frame=12 source_index=0 allocator_index=0 expected_next=1 observed_next=1 qpc=3108934928941 duration_ticks=860 hr=0x00000000
present frame=13 source_index=1 allocator_index=1 expected_next=2 observed_next=2 qpc=3108934932350 duration_ticks=26 hr=0x00000000
present frame=14 source_index=2 allocator_index=2 expected_next=0 observed_next=0 qpc=3108934933227 duration_ticks=1258 hr=0x00000000
present frame=15 source_index=0 allocator_index=0 expected_next=1 observed_next=1 qpc=3108934935601 duration_ticks=3159 hr=0x00000000
present frame=16 source_index=1 allocator_index=1 expected_next=2 observed_next=2 qpc=3108934940521 duration_ticks=819 hr=0x00000000
present frame=17 source_index=2 allocator_index=2 expected_next=0 observed_next=0 qpc=3108934944545 duration_ticks=52 hr=0x00000000
present frame=18 source_index=0 allocator_index=0 expected_next=1 observed_next=1 qpc=3108934945108 duration_ticks=1262 hr=0x00000000
present frame=19 source_index=1 allocator_index=1 expected_next=2 observed_next=2 qpc=3108934946558 duration_ticks=10114 hr=0x00000000
present frame=20 source_index=2 allocator_index=2 expected_next=0 observed_next=0 qpc=3108934958121 duration_ticks=1668 hr=0x00000000
present frame=21 source_index=0 allocator_index=0 expected_next=1 observed_next=1 qpc=3108934961178 duration_ticks=486 hr=0x00000000
present frame=22 source_index=1 allocator_index=1 expected_next=2 observed_next=2 qpc=3108934963444 duration_ticks=18 hr=0x00000000
present frame=23 source_index=2 allocator_index=2 expected_next=0 observed_next=0 qpc=3108934964118 duration_ticks=14118 hr=0x00000000
present frame=24 source_index=0 allocator_index=0 expected_next=1 observed_next=1 qpc=3108934978825 duration_ticks=24 hr=0x00000000
present frame=25 source_index=1 allocator_index=1 expected_next=2 observed_next=2 qpc=3108934979023 duration_ticks=141930 hr=0x00000000
present frame=26 source_index=2 allocator_index=2 expected_next=0 observed_next=0 qpc=3108935121765 duration_ticks=165722 hr=0x00000000
present frame=27 source_index=0 allocator_index=0 expected_next=1 observed_next=1 qpc=3108935288293 duration_ticks=165036 hr=0x00000000
present frame=28 source_index=1 allocator_index=1 expected_next=2 observed_next=2 qpc=3108935453802 duration_ticks=165777 hr=0x00000000
present frame=29 source_index=2 allocator_index=2 expected_next=0 observed_next=0 qpc=3108935619952 duration_ticks=165815 hr=0x00000000
present frame=30 source_index=0 allocator_index=0 expected_next=1 observed_next=1 qpc=3108935786190 duration_ticks=167363 hr=0x00000000
present frame=31 source_index=1 allocator_index=1 expected_next=2 observed_next=2 qpc=3108935954170 duration_ticks=165872 hr=0x00000000
present frame=32 source_index=2 allocator_index=2 expected_next=0 observed_next=0 qpc=3108936120738 duration_ticks=167062 hr=0x00000000
present frame=33 source_index=0 allocator_index=0 expected_next=1 observed_next=1 qpc=3108936288273 duration_ticks=166418 hr=0x00000000
present frame=34 source_index=1 allocator_index=1 expected_next=2 observed_next=2 qpc=3108936454994 duration_ticks=165454 hr=0x00000000
present frame=35 source_index=2 allocator_index=2 expected_next=0 observed_next=0 qpc=3108936621100 duration_ticks=168008 hr=0x00000000
present frame=36 source_index=0 allocator_index=0 expected_next=1 observed_next=1 qpc=3108936789498 duration_ticks=164122 hr=0x00000000
present frame=37 source_index=1 allocator_index=1 expected_next=2 observed_next=2 qpc=3108936954231 duration_ticks=172776 hr=0x00000000
present frame=38 source_index=2 allocator_index=2 expected_next=0 observed_next=0 qpc=3108937128031 duration_ticks=159735 hr=0x00000000
present frame=39 source_index=0 allocator_index=0 expected_next=1 observed_next=1 qpc=3108937288239 duration_ticks=168172 hr=0x00000000
present frame=40 source_index=1 allocator_index=1 expected_next=2 observed_next=2 qpc=3108937456979 duration_ticks=166576 hr=0x00000000
present frame=41 source_index=2 allocator_index=2 expected_next=0 observed_next=0 qpc=3108937624351 duration_ticks=166264 hr=0x00000000
present frame=42 source_index=0 allocator_index=0 expected_next=1 observed_next=1 qpc=3108937791033 duration_ticks=167102 hr=0x00000000
present frame=43 source_index=1 allocator_index=1 expected_next=2 observed_next=2 qpc=3108937959193 duration_ticks=163293 hr=0x00000000
present frame=44 source_index=2 allocator_index=2 expected_next=0 observed_next=0 qpc=3108938123186 duration_ticks=164440 hr=0x00000000
present frame=45 source_index=0 allocator_index=0 expected_next=1 observed_next=1 qpc=3108938288062 duration_ticks=166138 hr=0x00000000
present frame=46 source_index=1 allocator_index=1 expected_next=2 observed_next=2 qpc=3108938454547 duration_ticks=165845 hr=0x00000000
present frame=47 source_index=2 allocator_index=2 expected_next=0 observed_next=0 qpc=3108938620647 duration_ticks=166722 hr=0x00000000
present frame=48 source_index=0 allocator_index=0 expected_next=1 observed_next=1 qpc=3108938787616 duration_ticks=167613 hr=0x00000000
present frame=49 source_index=1 allocator_index=1 expected_next=2 observed_next=2 qpc=3108938955578 duration_ticks=167550 hr=0x00000000
present frame=50 source_index=2 allocator_index=2 expected_next=0 observed_next=0 qpc=3108939123602 duration_ticks=165701 hr=0x00000000
present frame=51 source_index=0 allocator_index=0 expected_next=1 observed_next=1 qpc=3108939289686 duration_ticks=166635 hr=0x00000000
present frame=52 source_index=1 allocator_index=1 expected_next=2 observed_next=2 qpc=3108939457343 duration_ticks=168199 hr=0x00000000
present frame=53 source_index=2 allocator_index=2 expected_next=0 observed_next=0 qpc=3108939626459 duration_ticks=166719 hr=0x00000000
present frame=54 source_index=0 allocator_index=0 expected_next=1 observed_next=1 qpc=3108939793860 duration_ticks=163625 hr=0x00000000
present frame=55 source_index=1 allocator_index=1 expected_next=2 observed_next=2 qpc=3108939958127 duration_ticks=166460 hr=0x00000000
present frame=56 source_index=2 allocator_index=2 expected_next=0 observed_next=0 qpc=3108940125421 duration_ticks=167177 hr=0x00000000
present frame=57 source_index=0 allocator_index=0 expected_next=1 observed_next=1 qpc=3108940293462 duration_ticks=168846 hr=0x00000000
present frame=58 source_index=1 allocator_index=1 expected_next=2 observed_next=2 qpc=3108940463022 duration_ticks=166561 hr=0x00000000
present frame=59 source_index=2 allocator_index=2 expected_next=0 observed_next=0 qpc=3108940632760 duration_ticks=166665 hr=0x00000000
present frame=60 source_index=0 allocator_index=0 expected_next=1 observed_next=1 qpc=3108940804778 duration_ticks=158850 hr=0x00000000
present frame=61 source_index=1 allocator_index=1 expected_next=2 observed_next=2 qpc=3108940965172 duration_ticks=163797 hr=0x00000000
present frame=62 source_index=2 allocator_index=2 expected_next=0 observed_next=0 qpc=3108941130100 duration_ticks=157239 hr=0x00000000
present frame=63 source_index=0 allocator_index=0 expected_next=1 observed_next=1 qpc=3108941287830 duration_ticks=166796 hr=0x00000000
present frame=64 source_index=1 allocator_index=1 expected_next=2 observed_next=2 qpc=3108941455062 duration_ticks=168248 hr=0x00000000
present frame=65 source_index=2 allocator_index=2 expected_next=0 observed_next=0 qpc=3108941624116 duration_ticks=167748 hr=0x00000000
present frame=66 source_index=0 allocator_index=0 expected_next=1 observed_next=1 qpc=3108941792688 duration_ticks=162804 hr=0x00000000
present frame=67 source_index=1 allocator_index=1 expected_next=2 observed_next=2 qpc=3108941956053 duration_ticks=168341 hr=0x00000000
present frame=68 source_index=2 allocator_index=2 expected_next=0 observed_next=0 qpc=3108942125352 duration_ticks=163542 hr=0x00000000
present frame=69 source_index=0 allocator_index=0 expected_next=1 observed_next=1 qpc=3108942289641 duration_ticks=163059 hr=0x00000000
present frame=70 source_index=1 allocator_index=1 expected_next=2 observed_next=2 qpc=3108942453115 duration_ticks=168789 hr=0x00000000
present frame=71 source_index=2 allocator_index=2 expected_next=0 observed_next=0 qpc=3108942622194 duration_ticks=163509 hr=0x00000000
present frame=72 source_index=0 allocator_index=0 expected_next=1 observed_next=1 qpc=3108942786073 duration_ticks=167684 hr=0x00000000
present frame=73 source_index=1 allocator_index=1 expected_next=2 observed_next=2 qpc=3108942954007 duration_ticks=168742 hr=0x00000000
present frame=74 source_index=2 allocator_index=2 expected_next=0 observed_next=0 qpc=3108943123182 duration_ticks=165941 hr=0x00000000
present frame=75 source_index=0 allocator_index=0 expected_next=1 observed_next=1 qpc=3108943289430 duration_ticks=167752 hr=0x00000000
present frame=76 source_index=1 allocator_index=1 expected_next=2 observed_next=2 qpc=3108943457698 duration_ticks=166852 hr=0x00000000
present frame=77 source_index=2 allocator_index=2 expected_next=0 observed_next=0 qpc=3108943625052 duration_ticks=164774 hr=0x00000000
present frame=78 source_index=0 allocator_index=0 expected_next=1 observed_next=1 qpc=3108943790280 duration_ticks=165803 hr=0x00000000
present frame=79 source_index=1 allocator_index=1 expected_next=2 observed_next=2 qpc=3108943956574 duration_ticks=165531 hr=0x00000000
present frame=80 source_index=2 allocator_index=2 expected_next=0 observed_next=0 qpc=3108944122590 duration_ticks=167866 hr=0x00000000
present frame=81 source_index=0 allocator_index=0 expected_next=1 observed_next=1 qpc=3108944291000 duration_ticks=167257 hr=0x00000000
present frame=82 source_index=1 allocator_index=1 expected_next=2 observed_next=2 qpc=3108944458720 duration_ticks=166953 hr=0x00000000
present frame=83 source_index=2 allocator_index=2 expected_next=0 observed_next=0 qpc=3108944633557 duration_ticks=160607 hr=0x00000000
present frame=84 source_index=0 allocator_index=0 expected_next=1 observed_next=1 qpc=3108944796405 duration_ticks=166219 hr=0x00000000
present frame=85 source_index=1 allocator_index=1 expected_next=2 observed_next=2 qpc=3108944967438 duration_ticks=160332 hr=0x00000000
present frame=86 source_index=2 allocator_index=2 expected_next=0 observed_next=0 qpc=3108945128460 duration_ticks=165637 hr=0x00000000
present frame=87 source_index=0 allocator_index=0 expected_next=1 observed_next=1 qpc=3108945294712 duration_ticks=170607 hr=0x00000000
present frame=88 source_index=1 allocator_index=1 expected_next=2 observed_next=2 qpc=3108945469731 duration_ticks=162592 hr=0x00000000
present frame=89 source_index=2 allocator_index=2 expected_next=0 observed_next=0 qpc=3108945636925 duration_ticks=164152 hr=0x00000000
present frame=90 source_index=0 allocator_index=0 expected_next=1 observed_next=1 qpc=3108945804808 duration_ticks=165162 hr=0x00000000
present frame=91 source_index=1 allocator_index=1 expected_next=2 observed_next=2 qpc=3108945974300 duration_ticks=159512 hr=0x00000000
present frame=92 source_index=2 allocator_index=2 expected_next=0 observed_next=0 qpc=3108946138537 duration_ticks=165398 hr=0x00000000
present frame=93 source_index=0 allocator_index=0 expected_next=1 observed_next=1 qpc=3108946309996 duration_ticks=161911 hr=0x00000000
present frame=94 source_index=1 allocator_index=1 expected_next=2 observed_next=2 qpc=3108946576606 duration_ticks=64640 hr=0x00000000
present frame=95 source_index=2 allocator_index=2 expected_next=0 observed_next=0 qpc=3108946654927 duration_ticks=146490 hr=0x00000000
present frame=96 source_index=0 allocator_index=0 expected_next=1 observed_next=1 qpc=3108946807352 duration_ticks=160289 hr=0x00000000
present frame=97 source_index=1 allocator_index=1 expected_next=2 observed_next=2 qpc=3108946971163 duration_ticks=167604 hr=0x00000000
present frame=98 source_index=2 allocator_index=2 expected_next=0 observed_next=0 qpc=3108947143306 duration_ticks=160509 hr=0x00000000
present frame=99 source_index=0 allocator_index=0 expected_next=1 observed_next=1 qpc=3108947318617 duration_ticks=151371 hr=0x00000000
present frame=100 source_index=1 allocator_index=1 expected_next=2 observed_next=2 qpc=3108947474249 duration_ticks=160884 hr=0x00000000
present frame=101 source_index=2 allocator_index=2 expected_next=0 observed_next=0 qpc=3108947641006 duration_ticks=158779 hr=0x00000000
present frame=102 source_index=0 allocator_index=0 expected_next=1 observed_next=1 qpc=3108947804811 duration_ticks=164616 hr=0x00000000
present frame=103 source_index=1 allocator_index=1 expected_next=2 observed_next=2 qpc=3108947973537 duration_ticks=161297 hr=0x00000000
present frame=104 source_index=2 allocator_index=2 expected_next=0 observed_next=0 qpc=3108948139490 duration_ticks=161044 hr=0x00000000
present frame=105 source_index=0 allocator_index=0 expected_next=1 observed_next=1 qpc=3108948305235 duration_ticks=161963 hr=0x00000000
present frame=106 source_index=1 allocator_index=1 expected_next=2 observed_next=2 qpc=3108948471285 duration_ticks=167825 hr=0x00000000
present frame=107 source_index=2 allocator_index=2 expected_next=0 observed_next=0 qpc=3108948647189 duration_ticks=157540 hr=0x00000000
present frame=108 source_index=0 allocator_index=0 expected_next=1 observed_next=1 qpc=3108948809514 duration_ticks=162339 hr=0x00000000
present frame=109 source_index=1 allocator_index=1 expected_next=2 observed_next=2 qpc=3108948975909 duration_ticks=161104 hr=0x00000000
present frame=110 source_index=2 allocator_index=2 expected_next=0 observed_next=0 qpc=3108949141784 duration_ticks=158331 hr=0x00000000
present frame=111 source_index=0 allocator_index=0 expected_next=1 observed_next=1 qpc=3108949304657 duration_ticks=162594 hr=0x00000000
present frame=112 source_index=1 allocator_index=1 expected_next=2 observed_next=2 qpc=3108949471226 duration_ticks=161031 hr=0x00000000
present frame=113 source_index=2 allocator_index=2 expected_next=0 observed_next=0 qpc=3108949636022 duration_ticks=164785 hr=0x00000000
present frame=114 source_index=0 allocator_index=0 expected_next=1 observed_next=1 qpc=3108949804931 duration_ticks=162094 hr=0x00000000
present frame=115 source_index=1 allocator_index=1 expected_next=2 observed_next=2 qpc=3108949970846 duration_ticks=165509 hr=0x00000000
present frame=116 source_index=2 allocator_index=2 expected_next=0 observed_next=0 qpc=3108950140628 duration_ticks=158725 hr=0x00000000
present frame=117 source_index=0 allocator_index=0 expected_next=1 observed_next=1 qpc=3108950304287 duration_ticks=162087 hr=0x00000000
present frame=118 source_index=1 allocator_index=1 expected_next=2 observed_next=2 qpc=3108950476127 duration_ticks=158064 hr=0x00000000
present frame=119 source_index=2 allocator_index=2 expected_next=0 observed_next=0 qpc=3108950638213 duration_ticks=162819 hr=0x00000000
present frame=120 source_index=0 allocator_index=0 expected_next=1 observed_next=1 qpc=3108950809515 duration_ticks=157924 hr=0x00000000
present frame=121 source_index=1 allocator_index=1 expected_next=2 observed_next=2 qpc=3108950972161 duration_ticks=163445 hr=0x00000000
present frame=122 source_index=2 allocator_index=2 expected_next=0 observed_next=0 qpc=3108951143380 duration_ticks=157147 hr=0x00000000
present frame=123 source_index=0 allocator_index=0 expected_next=1 observed_next=1 qpc=3108951311730 duration_ticks=154977 hr=0x00000000
present frame=124 source_index=1 allocator_index=1 expected_next=2 observed_next=2 qpc=3108951470324 duration_ticks=161929 hr=0x00000000
present frame=125 source_index=2 allocator_index=2 expected_next=0 observed_next=0 qpc=3108951639633 duration_ticks=159748 hr=0x00000000
present frame=126 source_index=0 allocator_index=0 expected_next=1 observed_next=1 qpc=3108951804450 duration_ticks=165738 hr=0x00000000
present frame=127 source_index=1 allocator_index=1 expected_next=2 observed_next=2 qpc=3108951975301 duration_ticks=161511 hr=0x00000000
present frame=128 source_index=2 allocator_index=2 expected_next=0 observed_next=0 qpc=3108952155856 duration_ticks=150557 hr=0x00000000
present frame=129 source_index=0 allocator_index=0 expected_next=1 observed_next=1 qpc=3108952310807 duration_ticks=163530 hr=0x00000000
present frame=130 source_index=1 allocator_index=1 expected_next=2 observed_next=2 qpc=3108952491498 duration_ticks=141401 hr=0x00000000
present frame=131 source_index=2 allocator_index=2 expected_next=0 observed_next=0 qpc=3108952638285 duration_ticks=162106 hr=0x00000000
present frame=132 source_index=0 allocator_index=0 expected_next=1 observed_next=1 qpc=3108952804022 duration_ticks=162218 hr=0x00000000
present frame=133 source_index=1 allocator_index=1 expected_next=2 observed_next=2 qpc=3108952969776 duration_ticks=167450 hr=0x00000000
present frame=134 source_index=2 allocator_index=2 expected_next=0 observed_next=0 qpc=3108953145316 duration_ticks=159414 hr=0x00000000
present frame=135 source_index=0 allocator_index=0 expected_next=1 observed_next=1 qpc=3108953334087 duration_ticks=129552 hr=0x00000000
present frame=136 source_index=1 allocator_index=1 expected_next=2 observed_next=2 qpc=3108953465398 duration_ticks=167009 hr=0x00000000
present frame=137 source_index=2 allocator_index=2 expected_next=0 observed_next=0 qpc=3108953635930 duration_ticks=165650 hr=0x00000000
present frame=138 source_index=0 allocator_index=0 expected_next=1 observed_next=1 qpc=3108953805344 duration_ticks=164030 hr=0x00000000
present frame=139 source_index=1 allocator_index=1 expected_next=2 observed_next=2 qpc=3108953973282 duration_ticks=159500 hr=0x00000000
present frame=140 source_index=2 allocator_index=2 expected_next=0 observed_next=0 qpc=3108954137770 duration_ticks=164231 hr=0x00000000
present frame=141 source_index=0 allocator_index=0 expected_next=1 observed_next=1 qpc=3108954307945 duration_ticks=158249 hr=0x00000000
present frame=142 source_index=1 allocator_index=1 expected_next=2 observed_next=2 qpc=3108954470192 duration_ticks=164150 hr=0x00000000
present frame=143 source_index=2 allocator_index=2 expected_next=0 observed_next=0 qpc=3108954639105 duration_ticks=161288 hr=0x00000000
present frame=144 source_index=0 allocator_index=0 expected_next=1 observed_next=1 qpc=3108954814093 duration_ticks=154338 hr=0x00000000
present frame=145 source_index=1 allocator_index=1 expected_next=2 observed_next=2 qpc=3108954973145 duration_ticks=159886 hr=0x00000000
present frame=146 source_index=2 allocator_index=2 expected_next=0 observed_next=0 qpc=3108955138442 duration_ticks=160681 hr=0x00000000
present frame=147 source_index=0 allocator_index=0 expected_next=1 observed_next=1 qpc=3108955303292 duration_ticks=168265 hr=0x00000000
present frame=148 source_index=1 allocator_index=1 expected_next=2 observed_next=2 qpc=3108955484022 duration_ticks=150921 hr=0x00000000
present frame=149 source_index=2 allocator_index=2 expected_next=0 observed_next=0 qpc=3108955642021 duration_ticks=160140 hr=0x00000000
present frame=150 source_index=0 allocator_index=0 expected_next=1 observed_next=1 qpc=3108955806024 duration_ticks=162164 hr=0x00000000
present frame=151 source_index=1 allocator_index=1 expected_next=2 observed_next=2 qpc=3108955972480 duration_ticks=161270 hr=0x00000000
present frame=152 source_index=2 allocator_index=2 expected_next=0 observed_next=0 qpc=3108956138200 duration_ticks=163104 hr=0x00000000
present frame=153 source_index=0 allocator_index=0 expected_next=1 observed_next=1 qpc=3108956305290 duration_ticks=162777 hr=0x00000000
present frame=154 source_index=1 allocator_index=1 expected_next=2 observed_next=2 qpc=3108956572437 duration_ticks=71070 hr=0x00000000
present frame=155 source_index=2 allocator_index=2 expected_next=0 observed_next=0 qpc=3108956657664 duration_ticks=142992 hr=0x00000000
present frame=156 source_index=0 allocator_index=0 expected_next=1 observed_next=1 qpc=3108956806197 duration_ticks=161282 hr=0x00000000
present frame=157 source_index=1 allocator_index=1 expected_next=2 observed_next=2 qpc=3108956972706 duration_ticks=162334 hr=0x00000000
present frame=158 source_index=2 allocator_index=2 expected_next=0 observed_next=0 qpc=3108957139939 duration_ticks=159960 hr=0x00000000
present frame=159 source_index=0 allocator_index=0 expected_next=1 observed_next=1 qpc=3108957303561 duration_ticks=163558 hr=0x00000000
present frame=160 source_index=1 allocator_index=1 expected_next=2 observed_next=2 qpc=3108957471148 duration_ticks=165751 hr=0x00000000
present frame=161 source_index=2 allocator_index=2 expected_next=0 observed_next=0 qpc=3108957640910 duration_ticks=164440 hr=0x00000000
present frame=162 source_index=0 allocator_index=0 expected_next=1 observed_next=1 qpc=3108957809667 duration_ticks=158702 hr=0x00000000
present frame=163 source_index=1 allocator_index=1 expected_next=2 observed_next=2 qpc=3108957973286 duration_ticks=162273 hr=0x00000000
present frame=164 source_index=2 allocator_index=2 expected_next=0 observed_next=0 qpc=3108958147768 duration_ticks=153391 hr=0x00000000
present frame=165 source_index=0 allocator_index=0 expected_next=1 observed_next=1 qpc=3108958305484 duration_ticks=163248 hr=0x00000000
present frame=166 source_index=1 allocator_index=1 expected_next=2 observed_next=2 qpc=3108958472912 duration_ticks=163422 hr=0x00000000
present frame=167 source_index=2 allocator_index=2 expected_next=0 observed_next=0 qpc=3108958640993 duration_ticks=159540 hr=0x00000000
present frame=168 source_index=0 allocator_index=0 expected_next=1 observed_next=1 qpc=3108958804649 duration_ticks=169114 hr=0x00000000
present frame=169 source_index=1 allocator_index=1 expected_next=2 observed_next=2 qpc=3108958983779 duration_ticks=147946 hr=0x00000000
present frame=170 source_index=2 allocator_index=2 expected_next=0 observed_next=0 qpc=3108959138062 duration_ticks=172770 hr=0x00000000
present frame=171 source_index=0 allocator_index=0 expected_next=1 observed_next=1 qpc=3108959323025 duration_ticks=141745 hr=0x00000000
present frame=172 source_index=1 allocator_index=1 expected_next=2 observed_next=2 qpc=3108959466745 duration_ticks=160788 hr=0x00000000
present frame=173 source_index=2 allocator_index=2 expected_next=0 observed_next=0 qpc=3108959629145 duration_ticks=166756 hr=0x00000000
present frame=174 source_index=0 allocator_index=0 expected_next=1 observed_next=1 qpc=3108959796900 duration_ticks=166324 hr=0x00000000
present frame=175 source_index=1 allocator_index=1 expected_next=2 observed_next=2 qpc=3108959965724 duration_ticks=166636 hr=0x00000000
present frame=176 source_index=2 allocator_index=2 expected_next=0 observed_next=0 qpc=3108960137280 duration_ticks=162258 hr=0x00000000
present frame=177 source_index=0 allocator_index=0 expected_next=1 observed_next=1 qpc=3108960306155 duration_ticks=160163 hr=0x00000000
present frame=178 source_index=1 allocator_index=1 expected_next=2 observed_next=2 qpc=3108960470134 duration_ticks=161374 hr=0x00000000
present frame=179 source_index=2 allocator_index=2 expected_next=0 observed_next=0 qpc=3108960636787 duration_ticks=163893 hr=0x00000000
present frame=180 source_index=0 allocator_index=0 expected_next=1 observed_next=1 qpc=3108960809584 duration_ticks=155070 hr=0x00000000
present frame=181 source_index=1 allocator_index=1 expected_next=2 observed_next=2 qpc=3108960969273 duration_ticks=162883 hr=0x00000000
present frame=182 source_index=2 allocator_index=2 expected_next=0 observed_next=0 qpc=3108961138537 duration_ticks=161744 hr=0x00000000
present frame=183 source_index=0 allocator_index=0 expected_next=1 observed_next=1 qpc=3108961304644 duration_ticks=161461 hr=0x00000000
present frame=184 source_index=1 allocator_index=1 expected_next=2 observed_next=2 qpc=3108961469890 duration_ticks=163953 hr=0x00000000
present frame=185 source_index=2 allocator_index=2 expected_next=0 observed_next=0 qpc=3108961639681 duration_ticks=161334 hr=0x00000000
present frame=186 source_index=0 allocator_index=0 expected_next=1 observed_next=1 qpc=3108961804580 duration_ticks=157024 hr=0x00000000
present frame=187 source_index=1 allocator_index=1 expected_next=2 observed_next=2 qpc=3108961966017 duration_ticks=154375 hr=0x00000000
present frame=188 source_index=2 allocator_index=2 expected_next=0 observed_next=0 qpc=3108962121283 duration_ticks=164519 hr=0x00000000
present frame=189 source_index=0 allocator_index=0 expected_next=1 observed_next=1 qpc=3108962286311 duration_ticks=165410 hr=0x00000000
present frame=190 source_index=1 allocator_index=1 expected_next=2 observed_next=2 qpc=3108962452268 duration_ticks=168562 hr=0x00000000
present frame=191 source_index=2 allocator_index=2 expected_next=0 observed_next=0 qpc=3108962621595 duration_ticks=166032 hr=0x00000000
present frame=192 source_index=0 allocator_index=0 expected_next=1 observed_next=1 qpc=3108962788221 duration_ticks=168333 hr=0x00000000
present frame=193 source_index=1 allocator_index=1 expected_next=2 observed_next=2 qpc=3108962957432 duration_ticks=163268 hr=0x00000000
present frame=194 source_index=2 allocator_index=2 expected_next=0 observed_next=0 qpc=3108963121225 duration_ticks=165907 hr=0x00000000
present frame=195 source_index=0 allocator_index=0 expected_next=1 observed_next=1 qpc=3108963287510 duration_ticks=166740 hr=0x00000000
present frame=196 source_index=1 allocator_index=1 expected_next=2 observed_next=2 qpc=3108963454607 duration_ticks=166195 hr=0x00000000
present frame=197 source_index=2 allocator_index=2 expected_next=0 observed_next=0 qpc=3108963621224 duration_ticks=166443 hr=0x00000000
present frame=198 source_index=0 allocator_index=0 expected_next=1 observed_next=1 qpc=3108963788017 duration_ticks=169175 hr=0x00000000
present frame=199 source_index=1 allocator_index=1 expected_next=2 observed_next=2 qpc=3108963957740 duration_ticks=165340 hr=0x00000000
present frame=200 source_index=2 allocator_index=2 expected_next=0 observed_next=0 qpc=3108964123595 duration_ticks=167375 hr=0x00000000
present frame=201 source_index=0 allocator_index=0 expected_next=1 observed_next=1 qpc=3108964291385 duration_ticks=165652 hr=0x00000000
present frame=202 source_index=1 allocator_index=1 expected_next=2 observed_next=2 qpc=3108964457441 duration_ticks=169870 hr=0x00000000
present frame=203 source_index=2 allocator_index=2 expected_next=0 observed_next=0 qpc=3108964627944 duration_ticks=166070 hr=0x00000000
present frame=204 source_index=0 allocator_index=0 expected_next=1 observed_next=1 qpc=3108964794617 duration_ticks=165737 hr=0x00000000
present frame=205 source_index=1 allocator_index=1 expected_next=2 observed_next=2 qpc=3108964961536 duration_ticks=170291 hr=0x00000000
present frame=206 source_index=2 allocator_index=2 expected_next=0 observed_next=0 qpc=3108965134079 duration_ticks=164211 hr=0x00000000
present frame=207 source_index=0 allocator_index=0 expected_next=1 observed_next=1 qpc=3108965301683 duration_ticks=165285 hr=0x00000000
present frame=208 source_index=1 allocator_index=1 expected_next=2 observed_next=2 qpc=3108965471397 duration_ticks=161317 hr=0x00000000
present frame=209 source_index=2 allocator_index=2 expected_next=0 observed_next=0 qpc=3108965636376 duration_ticks=158088 hr=0x00000000
present frame=210 source_index=0 allocator_index=0 expected_next=1 observed_next=1 qpc=3108965795389 duration_ticks=169484 hr=0x00000000
present frame=211 source_index=1 allocator_index=1 expected_next=2 observed_next=2 qpc=3108965968388 duration_ticks=159925 hr=0x00000000
present frame=212 source_index=2 allocator_index=2 expected_next=0 observed_next=0 qpc=3108966129042 duration_ticks=167168 hr=0x00000000
present frame=213 source_index=0 allocator_index=0 expected_next=1 observed_next=1 qpc=3108966296941 duration_ticks=165914 hr=0x00000000
present frame=214 source_index=1 allocator_index=1 expected_next=2 observed_next=2 qpc=3108966463486 duration_ticks=175117 hr=0x00000000
present frame=215 source_index=2 allocator_index=2 expected_next=0 observed_next=0 qpc=3108966649219 duration_ticks=153313 hr=0x00000000
present frame=216 source_index=0 allocator_index=0 expected_next=1 observed_next=1 qpc=3108966812633 duration_ticks=153917 hr=0x00000000
present frame=217 source_index=1 allocator_index=1 expected_next=2 observed_next=2 qpc=3108966970609 duration_ticks=162109 hr=0x00000000
present frame=218 source_index=2 allocator_index=2 expected_next=0 observed_next=0 qpc=3108967136381 duration_ticks=162719 hr=0x00000000
present frame=219 source_index=0 allocator_index=0 expected_next=1 observed_next=1 qpc=3108967303813 duration_ticks=157909 hr=0x00000000
present frame=220 source_index=1 allocator_index=1 expected_next=2 observed_next=2 qpc=3108967463444 duration_ticks=166196 hr=0x00000000
present frame=221 source_index=2 allocator_index=2 expected_next=0 observed_next=0 qpc=3108967631170 duration_ticks=156786 hr=0x00000000
present frame=222 source_index=0 allocator_index=0 expected_next=1 observed_next=1 qpc=3108967788556 duration_ticks=166536 hr=0x00000000
present frame=223 source_index=1 allocator_index=1 expected_next=2 observed_next=2 qpc=3108967955785 duration_ticks=166290 hr=0x00000000
present frame=224 source_index=2 allocator_index=2 expected_next=0 observed_next=0 qpc=3108968122869 duration_ticks=167153 hr=0x00000000
present frame=225 source_index=0 allocator_index=0 expected_next=1 observed_next=1 qpc=3108968290903 duration_ticks=163864 hr=0x00000000
present frame=226 source_index=1 allocator_index=1 expected_next=2 observed_next=2 qpc=3108968455745 duration_ticks=167540 hr=0x00000000
present frame=227 source_index=2 allocator_index=2 expected_next=0 observed_next=0 qpc=3108968624209 duration_ticks=163444 hr=0x00000000
present frame=228 source_index=0 allocator_index=0 expected_next=1 observed_next=1 qpc=3108968788449 duration_ticks=166618 hr=0x00000000
present frame=229 source_index=1 allocator_index=1 expected_next=2 observed_next=2 qpc=3108968955790 duration_ticks=164040 hr=0x00000000
present frame=230 source_index=2 allocator_index=2 expected_next=0 observed_next=0 qpc=3108969120677 duration_ticks=167019 hr=0x00000000
present frame=231 source_index=0 allocator_index=0 expected_next=1 observed_next=1 qpc=3108969288735 duration_ticks=164195 hr=0x00000000
present frame=232 source_index=1 allocator_index=1 expected_next=2 observed_next=2 qpc=3108969453935 duration_ticks=167024 hr=0x00000000
present frame=233 source_index=2 allocator_index=2 expected_next=0 observed_next=0 qpc=3108969626372 duration_ticks=160753 hr=0x00000000
present frame=234 source_index=0 allocator_index=0 expected_next=1 observed_next=1 qpc=3108969797274 duration_ticks=156779 hr=0x00000000
present frame=235 source_index=1 allocator_index=1 expected_next=2 observed_next=2 qpc=3108969957139 duration_ticks=163928 hr=0x00000000
present frame=236 source_index=2 allocator_index=2 expected_next=0 observed_next=0 qpc=3108970122500 duration_ticks=165806 hr=0x00000000
present frame=237 source_index=0 allocator_index=0 expected_next=1 observed_next=1 qpc=3108970288981 duration_ticks=164381 hr=0x00000000
present frame=238 source_index=1 allocator_index=1 expected_next=2 observed_next=2 qpc=3108970453973 duration_ticks=165759 hr=0x00000000
present frame=239 source_index=2 allocator_index=2 expected_next=0 observed_next=0 qpc=3108970620036 duration_ticks=166161 hr=0x00000000
present frame=240 source_index=0 allocator_index=0 expected_next=1 observed_next=1 qpc=3108970786471 duration_ticks=167152 hr=0x00000000
present frame=241 source_index=1 allocator_index=1 expected_next=2 observed_next=2 qpc=3108970954029 duration_ticks=167443 hr=0x00000000
present frame=242 source_index=2 allocator_index=2 expected_next=0 observed_next=0 qpc=3108971121960 duration_ticks=167648 hr=0x00000000
present frame=243 source_index=0 allocator_index=0 expected_next=1 observed_next=1 qpc=3108971290032 duration_ticks=164920 hr=0x00000000
present frame=244 source_index=1 allocator_index=1 expected_next=2 observed_next=2 qpc=3108971455307 duration_ticks=166047 hr=0x00000000
present frame=245 source_index=2 allocator_index=2 expected_next=0 observed_next=0 qpc=3108971621717 duration_ticks=169448 hr=0x00000000
present frame=246 source_index=0 allocator_index=0 expected_next=1 observed_next=1 qpc=3108971791626 duration_ticks=167466 hr=0x00000000
present frame=247 source_index=1 allocator_index=1 expected_next=2 observed_next=2 qpc=3108971959846 duration_ticks=166875 hr=0x00000000
present frame=248 source_index=2 allocator_index=2 expected_next=0 observed_next=0 qpc=3108972127222 duration_ticks=165130 hr=0x00000000
present frame=249 source_index=0 allocator_index=0 expected_next=1 observed_next=1 qpc=3108972293075 duration_ticks=168569 hr=0x00000000
present frame=250 source_index=1 allocator_index=1 expected_next=2 observed_next=2 qpc=3108972463887 duration_ticks=166633 hr=0x00000000
present frame=251 source_index=2 allocator_index=2 expected_next=0 observed_next=0 qpc=3108972635797 duration_ticks=163023 hr=0x00000000
present frame=252 source_index=0 allocator_index=0 expected_next=1 observed_next=1 qpc=3108972803913 duration_ticks=164459 hr=0x00000000
present frame=253 source_index=1 allocator_index=1 expected_next=2 observed_next=2 qpc=3108972972138 duration_ticks=161327 hr=0x00000000
present frame=254 source_index=2 allocator_index=2 expected_next=0 observed_next=0 qpc=3108973140090 duration_ticks=157639 hr=0x00000000
present frame=255 source_index=0 allocator_index=0 expected_next=1 observed_next=1 qpc=3108973301680 duration_ticks=167733 hr=0x00000000
present frame=256 source_index=1 allocator_index=1 expected_next=2 observed_next=2 qpc=3108973473835 duration_ticks=160854 hr=0x00000000
present frame=257 source_index=2 allocator_index=2 expected_next=0 observed_next=0 qpc=3108973646635 duration_ticks=155136 hr=0x00000000
present frame=258 source_index=0 allocator_index=0 expected_next=1 observed_next=1 qpc=3108973815517 duration_ticks=152555 hr=0x00000000
present frame=259 source_index=1 allocator_index=1 expected_next=2 observed_next=2 qpc=3108973973327 duration_ticks=161780 hr=0x00000000
present frame=260 source_index=2 allocator_index=2 expected_next=0 observed_next=0 qpc=3108974140316 duration_ticks=158321 hr=0x00000000
present frame=261 source_index=0 allocator_index=0 expected_next=1 observed_next=1 qpc=3108974302254 duration_ticks=165719 hr=0x00000000
present frame=262 source_index=1 allocator_index=1 expected_next=2 observed_next=2 qpc=3108974471712 duration_ticks=165069 hr=0x00000000
present frame=263 source_index=2 allocator_index=2 expected_next=0 observed_next=0 qpc=3108974644115 duration_ticks=157344 hr=0x00000000
present frame=264 source_index=0 allocator_index=0 expected_next=1 observed_next=1 qpc=3108974805896 duration_ticks=164019 hr=0x00000000
present frame=265 source_index=1 allocator_index=1 expected_next=2 observed_next=2 qpc=3108974973843 duration_ticks=160320 hr=0x00000000
present frame=266 source_index=2 allocator_index=2 expected_next=0 observed_next=0 qpc=3108975177136 duration_ticks=115912 hr=0x00000000
present frame=267 source_index=0 allocator_index=0 expected_next=1 observed_next=1 qpc=3108975293520 duration_ticks=161159 hr=0x00000000
present frame=268 source_index=1 allocator_index=1 expected_next=2 observed_next=2 qpc=3108975455712 duration_ticks=169413 hr=0x00000000
present frame=269 source_index=2 allocator_index=2 expected_next=0 observed_next=0 qpc=3108975626792 duration_ticks=170919 hr=0x00000000
present frame=270 source_index=0 allocator_index=0 expected_next=1 observed_next=1 qpc=3108975800149 duration_ticks=162364 hr=0x00000000
present frame=271 source_index=1 allocator_index=1 expected_next=2 observed_next=2 qpc=3108975965106 duration_ticks=162374 hr=0x00000000
present frame=272 source_index=2 allocator_index=2 expected_next=0 observed_next=0 qpc=3108976130189 duration_ticks=164536 hr=0x00000000
present frame=273 source_index=0 allocator_index=0 expected_next=1 observed_next=1 qpc=3108976297189 duration_ticks=165158 hr=0x00000000
present frame=274 source_index=1 allocator_index=1 expected_next=2 observed_next=2 qpc=3108976501967 duration_ticks=123477 hr=0x00000000
present frame=275 source_index=2 allocator_index=2 expected_next=0 observed_next=0 qpc=3108976626362 duration_ticks=163639 hr=0x00000000
present frame=276 source_index=0 allocator_index=0 expected_next=1 observed_next=1 qpc=3108976790735 duration_ticks=176214 hr=0x00000000
present frame=277 source_index=1 allocator_index=1 expected_next=2 observed_next=2 qpc=3108976970071 duration_ticks=162765 hr=0x00000000
present frame=278 source_index=2 allocator_index=2 expected_next=0 observed_next=0 qpc=3108977136563 duration_ticks=165239 hr=0x00000000
present frame=279 source_index=0 allocator_index=0 expected_next=1 observed_next=1 qpc=3108977305313 duration_ticks=162832 hr=0x00000000
present frame=280 source_index=1 allocator_index=1 expected_next=2 observed_next=2 qpc=3108977471918 duration_ticks=164676 hr=0x00000000
present frame=281 source_index=2 allocator_index=2 expected_next=0 observed_next=0 qpc=3108977641705 duration_ticks=158316 hr=0x00000000
present frame=282 source_index=0 allocator_index=0 expected_next=1 observed_next=1 qpc=3108977804102 duration_ticks=161867 hr=0x00000000
present frame=283 source_index=1 allocator_index=1 expected_next=2 observed_next=2 qpc=3108977969582 duration_ticks=164007 hr=0x00000000
present frame=284 source_index=2 allocator_index=2 expected_next=0 observed_next=0 qpc=3108978137237 duration_ticks=161222 hr=0x00000000
present frame=285 source_index=0 allocator_index=0 expected_next=1 observed_next=1 qpc=3108978302265 duration_ticks=163018 hr=0x00000000
present frame=286 source_index=1 allocator_index=1 expected_next=2 observed_next=2 qpc=3108978468657 duration_ticks=159127 hr=0x00000000
present frame=287 source_index=2 allocator_index=2 expected_next=0 observed_next=0 qpc=3108978629184 duration_ticks=167220 hr=0x00000000
present frame=288 source_index=0 allocator_index=0 expected_next=1 observed_next=1 qpc=3108978798370 duration_ticks=157567 hr=0x00000000
present frame=289 source_index=1 allocator_index=1 expected_next=2 observed_next=2 qpc=3108978957050 duration_ticks=164271 hr=0x00000000
present frame=290 source_index=2 allocator_index=2 expected_next=0 observed_next=0 qpc=3108979122089 duration_ticks=166661 hr=0x00000000
present frame=291 source_index=0 allocator_index=0 expected_next=1 observed_next=1 qpc=3108979289656 duration_ticks=165487 hr=0x00000000
present frame=292 source_index=1 allocator_index=1 expected_next=2 observed_next=2 qpc=3108979455799 duration_ticks=166246 hr=0x00000000
present frame=293 source_index=2 allocator_index=2 expected_next=0 observed_next=0 qpc=3108979622711 duration_ticks=165181 hr=0x00000000
present frame=294 source_index=0 allocator_index=0 expected_next=1 observed_next=1 qpc=3108979788503 duration_ticks=166488 hr=0x00000000
present frame=295 source_index=1 allocator_index=1 expected_next=2 observed_next=2 qpc=3108979955985 duration_ticks=166551 hr=0x00000000
present frame=296 source_index=2 allocator_index=2 expected_next=0 observed_next=0 qpc=3108980123460 duration_ticks=165946 hr=0x00000000
present frame=297 source_index=0 allocator_index=0 expected_next=1 observed_next=1 qpc=3108980290423 duration_ticks=168161 hr=0x00000000
present frame=298 source_index=1 allocator_index=1 expected_next=2 observed_next=2 qpc=3108980459490 duration_ticks=169890 hr=0x00000000
present frame=299 source_index=2 allocator_index=2 expected_next=0 observed_next=0 qpc=3108980632121 duration_ticks=163471 hr=0x00000000
present frame=300 source_index=0 allocator_index=0 expected_next=1 observed_next=1 qpc=3108980796362 duration_ticks=165608 hr=0x00000000
present frame=301 source_index=1 allocator_index=1 expected_next=2 observed_next=2 qpc=3108980962980 duration_ticks=166940 hr=0x00000000
present frame=302 source_index=2 allocator_index=2 expected_next=0 observed_next=0 qpc=3108981130859 duration_ticks=162901 hr=0x00000000
present frame=303 source_index=0 allocator_index=0 expected_next=1 observed_next=1 qpc=3108981294777 duration_ticks=166190 hr=0x00000000
present frame=304 source_index=1 allocator_index=1 expected_next=2 observed_next=2 qpc=3108981462063 duration_ticks=166368 hr=0x00000000
present frame=305 source_index=2 allocator_index=2 expected_next=0 observed_next=0 qpc=3108981629210 duration_ticks=165817 hr=0x00000000
present frame=306 source_index=0 allocator_index=0 expected_next=1 observed_next=1 qpc=3108981795940 duration_ticks=164348 hr=0x00000000
present frame=307 source_index=1 allocator_index=1 expected_next=2 observed_next=2 qpc=3108981961179 duration_ticks=168252 hr=0x00000000
present frame=308 source_index=2 allocator_index=2 expected_next=0 observed_next=0 qpc=3108982132158 duration_ticks=168444 hr=0x00000000
present frame=309 source_index=0 allocator_index=0 expected_next=1 observed_next=1 qpc=3108982304712 duration_ticks=160655 hr=0x00000000
present frame=310 source_index=1 allocator_index=1 expected_next=2 observed_next=2 qpc=3108982468704 duration_ticks=165238 hr=0x00000000
present frame=311 source_index=2 allocator_index=2 expected_next=0 observed_next=0 qpc=3108982639869 duration_ticks=163212 hr=0x00000000
present frame=312 source_index=0 allocator_index=0 expected_next=1 observed_next=1 qpc=3108982806581 duration_ticks=159402 hr=0x00000000
present frame=313 source_index=1 allocator_index=1 expected_next=2 observed_next=2 qpc=3108982969573 duration_ticks=159150 hr=0x00000000
present frame=314 source_index=2 allocator_index=2 expected_next=0 observed_next=0 qpc=3108983129841 duration_ticks=169085 hr=0x00000000
present frame=315 source_index=0 allocator_index=0 expected_next=1 observed_next=1 qpc=3108983302377 duration_ticks=164318 hr=0x00000000
present frame=316 source_index=1 allocator_index=1 expected_next=2 observed_next=2 qpc=3108983470199 duration_ticks=160653 hr=0x00000000
present frame=317 source_index=2 allocator_index=2 expected_next=0 observed_next=0 qpc=3108983634372 duration_ticks=161851 hr=0x00000000
present frame=318 source_index=0 allocator_index=0 expected_next=1 observed_next=1 qpc=3108983797074 duration_ticks=167758 hr=0x00000000
present frame=319 source_index=1 allocator_index=1 expected_next=2 observed_next=2 qpc=3108983969741 duration_ticks=165903 hr=0x00000000
present frame=320 source_index=2 allocator_index=2 expected_next=0 observed_next=0 qpc=3108984151662 duration_ticks=143565 hr=0x00000000
present frame=321 source_index=0 allocator_index=0 expected_next=1 observed_next=1 qpc=3108984295975 duration_ticks=164870 hr=0x00000000
present frame=322 source_index=1 allocator_index=1 expected_next=2 observed_next=2 qpc=3108984461407 duration_ticks=171605 hr=0x00000000
present frame=323 source_index=2 allocator_index=2 expected_next=0 observed_next=0 qpc=3108984639670 duration_ticks=160022 hr=0x00000000
present frame=324 source_index=0 allocator_index=0 expected_next=1 observed_next=1 qpc=3108984803512 duration_ticks=165118 hr=0x00000000
present frame=325 source_index=1 allocator_index=1 expected_next=2 observed_next=2 qpc=3108984975527 duration_ticks=156994 hr=0x00000000
present frame=326 source_index=2 allocator_index=2 expected_next=0 observed_next=0 qpc=3108985140292 duration_ticks=160780 hr=0x00000000
present frame=327 source_index=0 allocator_index=0 expected_next=1 observed_next=1 qpc=3108985305669 duration_ticks=161441 hr=0x00000000
present frame=328 source_index=1 allocator_index=1 expected_next=2 observed_next=2 qpc=3108985468498 duration_ticks=157820 hr=0x00000000
present frame=329 source_index=2 allocator_index=2 expected_next=0 observed_next=0 qpc=3108985627595 duration_ticks=170767 hr=0x00000000
present frame=330 source_index=0 allocator_index=0 expected_next=1 observed_next=1 qpc=3108985799630 duration_ticks=163387 hr=0x00000000
present frame=331 source_index=1 allocator_index=1 expected_next=2 observed_next=2 qpc=3108985963917 duration_ticks=166307 hr=0x00000000
present frame=332 source_index=2 allocator_index=2 expected_next=0 observed_next=0 qpc=3108986130947 duration_ticks=165330 hr=0x00000000
present frame=333 source_index=0 allocator_index=0 expected_next=1 observed_next=1 qpc=3108986299131 duration_ticks=170022 hr=0x00000000
present frame=334 source_index=1 allocator_index=1 expected_next=2 observed_next=2 qpc=3108986569685 duration_ticks=59233 hr=0x00000000
present frame=335 source_index=2 allocator_index=2 expected_next=0 observed_next=0 qpc=3108986629420 duration_ticks=162759 hr=0x00000000
present frame=336 source_index=0 allocator_index=0 expected_next=1 observed_next=1 qpc=3108986792722 duration_ticks=167400 hr=0x00000000
present frame=337 source_index=1 allocator_index=1 expected_next=2 observed_next=2 qpc=3108986960599 duration_ticks=170596 hr=0x00000000
present frame=338 source_index=2 allocator_index=2 expected_next=0 observed_next=0 qpc=3108987134758 duration_ticks=166714 hr=0x00000000
present frame=339 source_index=0 allocator_index=0 expected_next=1 observed_next=1 qpc=3108987308765 duration_ticks=163154 hr=0x00000000
present frame=340 source_index=1 allocator_index=1 expected_next=2 observed_next=2 qpc=3108987485432 duration_ticks=154237 hr=0x00000000
present frame=341 source_index=2 allocator_index=2 expected_next=0 observed_next=0 qpc=3108987667488 duration_ticks=127277 hr=0x00000000
present frame=342 source_index=0 allocator_index=0 expected_next=1 observed_next=1 qpc=3108987795380 duration_ticks=172445 hr=0x00000000
present frame=343 source_index=1 allocator_index=1 expected_next=2 observed_next=2 qpc=3108987980752 duration_ticks=152239 hr=0x00000000
present frame=344 source_index=2 allocator_index=2 expected_next=0 observed_next=0 qpc=3108988136848 duration_ticks=166839 hr=0x00000000
present frame=345 source_index=0 allocator_index=0 expected_next=1 observed_next=1 qpc=3108988311799 duration_ticks=158239 hr=0x00000000
present frame=346 source_index=1 allocator_index=1 expected_next=2 observed_next=2 qpc=3108988473622 duration_ticks=160689 hr=0x00000000
present frame=347 source_index=2 allocator_index=2 expected_next=0 observed_next=0 qpc=3108988641777 duration_ticks=168760 hr=0x00000000
present frame=348 source_index=0 allocator_index=0 expected_next=1 observed_next=1 qpc=3108988815658 duration_ticks=153099 hr=0x00000000
present frame=349 source_index=1 allocator_index=1 expected_next=2 observed_next=2 qpc=3108988972761 duration_ticks=167566 hr=0x00000000
present frame=350 source_index=2 allocator_index=2 expected_next=0 observed_next=0 qpc=3108989149719 duration_ticks=149706 hr=0x00000000
present frame=351 source_index=0 allocator_index=0 expected_next=1 observed_next=1 qpc=3108989306123 duration_ticks=154714 hr=0x00000000
present frame=352 source_index=1 allocator_index=1 expected_next=2 observed_next=2 qpc=3108989461632 duration_ticks=170578 hr=0x00000000
present frame=353 source_index=2 allocator_index=2 expected_next=0 observed_next=0 qpc=3108989632776 duration_ticks=164235 hr=0x00000000
present frame=354 source_index=0 allocator_index=0 expected_next=1 observed_next=1 qpc=3108989797633 duration_ticks=173501 hr=0x00000000
present frame=355 source_index=1 allocator_index=1 expected_next=2 observed_next=2 qpc=3108989977999 duration_ticks=163555 hr=0x00000000
present frame=356 source_index=2 allocator_index=2 expected_next=0 observed_next=0 qpc=3108990145185 duration_ticks=153942 hr=0x00000000
present frame=357 source_index=0 allocator_index=0 expected_next=1 observed_next=1 qpc=3108990309387 duration_ticks=155509 hr=0x00000000
present frame=358 source_index=1 allocator_index=1 expected_next=2 observed_next=2 qpc=3108990468270 duration_ticks=164352 hr=0x00000000
present frame=359 source_index=2 allocator_index=2 expected_next=0 observed_next=0 qpc=3108990638551 duration_ticks=162009 hr=0x00000000
present frame=360 source_index=0 allocator_index=0 expected_next=1 observed_next=1 qpc=3108990804243 duration_ticks=161299 hr=0x00000000
present frame=361 source_index=1 allocator_index=1 expected_next=2 observed_next=2 qpc=3108990971531 duration_ticks=160286 hr=0x00000000
present frame=362 source_index=2 allocator_index=2 expected_next=0 observed_next=0 qpc=3108991137455 duration_ticks=161776 hr=0x00000000
present frame=363 source_index=0 allocator_index=0 expected_next=1 observed_next=1 qpc=3108991306819 duration_ticks=161802 hr=0x00000000
present frame=364 source_index=1 allocator_index=1 expected_next=2 observed_next=2 qpc=3108991475411 duration_ticks=156409 hr=0x00000000
present frame=365 source_index=2 allocator_index=2 expected_next=0 observed_next=0 qpc=3108991637402 duration_ticks=163280 hr=0x00000000
present frame=366 source_index=0 allocator_index=0 expected_next=1 observed_next=1 qpc=3108991808137 duration_ticks=156745 hr=0x00000000
present frame=367 source_index=1 allocator_index=1 expected_next=2 observed_next=2 qpc=3108991969967 duration_ticks=161625 hr=0x00000000
present frame=368 source_index=2 allocator_index=2 expected_next=0 observed_next=0 qpc=3108992135948 duration_ticks=162617 hr=0x00000000
present frame=369 source_index=0 allocator_index=0 expected_next=1 observed_next=1 qpc=3108992302933 duration_ticks=167316 hr=0x00000000
present frame=370 source_index=1 allocator_index=1 expected_next=2 observed_next=2 qpc=3108992474903 duration_ticks=164842 hr=0x00000000
present frame=371 source_index=2 allocator_index=2 expected_next=0 observed_next=0 qpc=3108992647060 duration_ticks=153922 hr=0x00000000
present frame=372 source_index=0 allocator_index=0 expected_next=1 observed_next=1 qpc=3108992805351 duration_ticks=157929 hr=0x00000000
present frame=373 source_index=1 allocator_index=1 expected_next=2 observed_next=2 qpc=3108992991921 duration_ticks=135379 hr=0x00000000
present frame=374 source_index=2 allocator_index=2 expected_next=0 observed_next=0 qpc=3108993128010 duration_ticks=171947 hr=0x00000000
present frame=375 source_index=0 allocator_index=0 expected_next=1 observed_next=1 qpc=3108993303840 duration_ticks=163314 hr=0x00000000
present frame=376 source_index=1 allocator_index=1 expected_next=2 observed_next=2 qpc=3108993471424 duration_ticks=162807 hr=0x00000000
present frame=377 source_index=2 allocator_index=2 expected_next=0 observed_next=0 qpc=3108993638634 duration_ticks=164213 hr=0x00000000
present frame=378 source_index=0 allocator_index=0 expected_next=1 observed_next=1 qpc=3108993809549 duration_ticks=157823 hr=0x00000000
present frame=379 source_index=1 allocator_index=1 expected_next=2 observed_next=2 qpc=3108993971281 duration_ticks=167188 hr=0x00000000
present frame=380 source_index=2 allocator_index=2 expected_next=0 observed_next=0 qpc=3108994143194 duration_ticks=157241 hr=0x00000000
present frame=381 source_index=0 allocator_index=0 expected_next=1 observed_next=1 qpc=3108994304468 duration_ticks=162444 hr=0x00000000
present frame=382 source_index=1 allocator_index=1 expected_next=2 observed_next=2 qpc=3108994476357 duration_ticks=156780 hr=0x00000000
present frame=383 source_index=2 allocator_index=2 expected_next=0 observed_next=0 qpc=3108994643119 duration_ticks=155561 hr=0x00000000
present frame=384 source_index=0 allocator_index=0 expected_next=1 observed_next=1 qpc=3108994803212 duration_ticks=167015 hr=0x00000000
present frame=385 source_index=1 allocator_index=1 expected_next=2 observed_next=2 qpc=3108994975125 duration_ticks=159758 hr=0x00000000
present frame=386 source_index=2 allocator_index=2 expected_next=0 observed_next=0 qpc=3108995139377 duration_ticks=161833 hr=0x00000000
present frame=387 source_index=0 allocator_index=0 expected_next=1 observed_next=1 qpc=3108995306661 duration_ticks=160774 hr=0x00000000
present frame=388 source_index=1 allocator_index=1 expected_next=2 observed_next=2 qpc=3108995471464 duration_ticks=162828 hr=0x00000000
present frame=389 source_index=2 allocator_index=2 expected_next=0 observed_next=0 qpc=3108995647370 duration_ticks=152274 hr=0x00000000
present frame=390 source_index=0 allocator_index=0 expected_next=1 observed_next=1 qpc=3108995805982 duration_ticks=159512 hr=0x00000000
present frame=391 source_index=1 allocator_index=1 expected_next=2 observed_next=2 qpc=3108995970771 duration_ticks=162306 hr=0x00000000
present frame=392 source_index=2 allocator_index=2 expected_next=0 observed_next=0 qpc=3108996137152 duration_ticks=162214 hr=0x00000000
present frame=393 source_index=0 allocator_index=0 expected_next=1 observed_next=1 qpc=3108996303272 duration_ticks=166141 hr=0x00000000
present frame=394 source_index=1 allocator_index=1 expected_next=2 observed_next=2 qpc=3108996573929 duration_ticks=66493 hr=0x00000000
present frame=395 source_index=2 allocator_index=2 expected_next=0 observed_next=0 qpc=3108996697449 duration_ticks=93278 hr=0x00000000
present frame=396 source_index=0 allocator_index=0 expected_next=1 observed_next=1 qpc=3108996791642 duration_ticks=164241 hr=0x00000000
present frame=397 source_index=1 allocator_index=1 expected_next=2 observed_next=2 qpc=3108996956438 duration_ticks=167272 hr=0x00000000
present frame=398 source_index=2 allocator_index=2 expected_next=0 observed_next=0 qpc=3108997124213 duration_ticks=172705 hr=0x00000000
present frame=399 source_index=0 allocator_index=0 expected_next=1 observed_next=1 qpc=3108997300010 duration_ticks=171145 hr=0x00000000
present frame=400 source_index=1 allocator_index=1 expected_next=2 observed_next=2 qpc=3108997475954 duration_ticks=158906 hr=0x00000000
present frame=401 source_index=2 allocator_index=2 expected_next=0 observed_next=0 qpc=3108997658662 duration_ticks=141411 hr=0x00000000
present frame=402 source_index=0 allocator_index=0 expected_next=1 observed_next=1 qpc=3108997804427 duration_ticks=167387 hr=0x00000000
present frame=403 source_index=1 allocator_index=1 expected_next=2 observed_next=2 qpc=3108997983272 duration_ticks=153209 hr=0x00000000
present frame=404 source_index=2 allocator_index=2 expected_next=0 observed_next=0 qpc=3108998140210 duration_ticks=165915 hr=0x00000000
present frame=405 source_index=0 allocator_index=0 expected_next=1 observed_next=1 qpc=3108998311770 duration_ticks=155816 hr=0x00000000
present frame=406 source_index=1 allocator_index=1 expected_next=2 observed_next=2 qpc=3108998471802 duration_ticks=164608 hr=0x00000000
present frame=407 source_index=2 allocator_index=2 expected_next=0 observed_next=0 qpc=3108998641830 duration_ticks=161378 hr=0x00000000
present frame=408 source_index=0 allocator_index=0 expected_next=1 observed_next=1 qpc=3108998807869 duration_ticks=162128 hr=0x00000000
present frame=409 source_index=1 allocator_index=1 expected_next=2 observed_next=2 qpc=3108998974077 duration_ticks=160160 hr=0x00000000
present frame=410 source_index=2 allocator_index=2 expected_next=0 observed_next=0 qpc=3108999139951 duration_ticks=158541 hr=0x00000000
present frame=411 source_index=0 allocator_index=0 expected_next=1 observed_next=1 qpc=3108999303922 duration_ticks=166883 hr=0x00000000
present frame=412 source_index=1 allocator_index=1 expected_next=2 observed_next=2 qpc=3108999478942 duration_ticks=153702 hr=0x00000000
present frame=413 source_index=2 allocator_index=2 expected_next=0 observed_next=0 qpc=3108999638829 duration_ticks=159067 hr=0x00000000
present frame=414 source_index=0 allocator_index=0 expected_next=1 observed_next=1 qpc=3108999803527 duration_ticks=160793 hr=0x00000000
present frame=415 source_index=1 allocator_index=1 expected_next=2 observed_next=2 qpc=3108999970322 duration_ticks=159934 hr=0x00000000
present frame=416 source_index=2 allocator_index=2 expected_next=0 observed_next=0 qpc=3109000135600 duration_ticks=163203 hr=0x00000000
present frame=417 source_index=0 allocator_index=0 expected_next=1 observed_next=1 qpc=3109000304709 duration_ticks=159697 hr=0x00000000
present frame=418 source_index=1 allocator_index=1 expected_next=2 observed_next=2 qpc=3109000469985 duration_ticks=164782 hr=0x00000000
present frame=419 source_index=2 allocator_index=2 expected_next=0 observed_next=0 qpc=3109000642843 duration_ticks=155759 hr=0x00000000
present frame=420 source_index=0 allocator_index=0 expected_next=1 observed_next=1 qpc=3109000804236 duration_ticks=159828 hr=0x00000000
present frame=421 source_index=1 allocator_index=1 expected_next=2 observed_next=2 qpc=3109000970307 duration_ticks=164921 hr=0x00000000
present frame=422 source_index=2 allocator_index=2 expected_next=0 observed_next=0 qpc=3109001140539 duration_ticks=158582 hr=0x00000000
present frame=423 source_index=0 allocator_index=0 expected_next=1 observed_next=1 qpc=3109001302847 duration_ticks=163341 hr=0x00000000
present frame=424 source_index=1 allocator_index=1 expected_next=2 observed_next=2 qpc=3109001469830 duration_ticks=162198 hr=0x00000000
present frame=425 source_index=2 allocator_index=2 expected_next=0 observed_next=0 qpc=3109001635676 duration_ticks=164578 hr=0x00000000
present frame=426 source_index=0 allocator_index=0 expected_next=1 observed_next=1 qpc=3109001806391 duration_ticks=162095 hr=0x00000000
present frame=427 source_index=1 allocator_index=1 expected_next=2 observed_next=2 qpc=3109001974899 duration_ticks=158147 hr=0x00000000
present frame=428 source_index=2 allocator_index=2 expected_next=0 observed_next=0 qpc=3109002142219 duration_ticks=156540 hr=0x00000000
present frame=429 source_index=0 allocator_index=0 expected_next=1 observed_next=1 qpc=3109002302164 duration_ticks=163613 hr=0x00000000
present frame=430 source_index=1 allocator_index=1 expected_next=2 observed_next=2 qpc=3109002469785 duration_ticks=162468 hr=0x00000000
present frame=431 source_index=2 allocator_index=2 expected_next=0 observed_next=0 qpc=3109002636535 duration_ticks=162880 hr=0x00000000
present frame=432 source_index=0 allocator_index=0 expected_next=1 observed_next=1 qpc=3109002803164 duration_ticks=168881 hr=0x00000000
present frame=433 source_index=1 allocator_index=1 expected_next=2 observed_next=2 qpc=3109002976059 duration_ticks=159417 hr=0x00000000
present frame=434 source_index=2 allocator_index=2 expected_next=0 observed_next=0 qpc=3109003141048 duration_ticks=161549 hr=0x00000000
present frame=435 source_index=0 allocator_index=0 expected_next=1 observed_next=1 qpc=3109003314824 duration_ticks=152588 hr=0x00000000
present frame=436 source_index=1 allocator_index=1 expected_next=2 observed_next=2 qpc=3109003472077 duration_ticks=163315 hr=0x00000000
present frame=437 source_index=2 allocator_index=2 expected_next=0 observed_next=0 qpc=3109003646952 duration_ticks=151663 hr=0x00000000
present frame=438 source_index=0 allocator_index=0 expected_next=1 observed_next=1 qpc=3109003802139 duration_ticks=167043 hr=0x00000000
present frame=439 source_index=1 allocator_index=1 expected_next=2 observed_next=2 qpc=3109003973317 duration_ticks=163601 hr=0x00000000
present frame=440 source_index=2 allocator_index=2 expected_next=0 observed_next=0 qpc=3109004140950 duration_ticks=162456 hr=0x00000000
present frame=441 source_index=0 allocator_index=0 expected_next=1 observed_next=1 qpc=3109004307448 duration_ticks=164474 hr=0x00000000
present frame=442 source_index=1 allocator_index=1 expected_next=2 observed_next=2 qpc=3109004477287 duration_ticks=156483 hr=0x00000000
present frame=443 source_index=2 allocator_index=2 expected_next=0 observed_next=0 qpc=3109004637717 duration_ticks=165158 hr=0x00000000
present frame=444 source_index=0 allocator_index=0 expected_next=1 observed_next=1 qpc=3109004808599 duration_ticks=159892 hr=0x00000000
present frame=445 source_index=1 allocator_index=1 expected_next=2 observed_next=2 qpc=3109004972570 duration_ticks=160696 hr=0x00000000
present frame=446 source_index=2 allocator_index=2 expected_next=0 observed_next=0 qpc=3109005137215 duration_ticks=162830 hr=0x00000000
present frame=447 source_index=0 allocator_index=0 expected_next=1 observed_next=1 qpc=3109005304155 duration_ticks=164953 hr=0x00000000
present frame=448 source_index=1 allocator_index=1 expected_next=2 observed_next=2 qpc=3109005473164 duration_ticks=164410 hr=0x00000000
present frame=449 source_index=2 allocator_index=2 expected_next=0 observed_next=0 qpc=3109005641592 duration_ticks=157444 hr=0x00000000
present frame=450 source_index=0 allocator_index=0 expected_next=1 observed_next=1 qpc=3109005803131 duration_ticks=164986 hr=0x00000000
present frame=451 source_index=1 allocator_index=1 expected_next=2 observed_next=2 qpc=3109005975322 duration_ticks=159346 hr=0x00000000
present frame=452 source_index=2 allocator_index=2 expected_next=0 observed_next=0 qpc=3109006138620 duration_ticks=159890 hr=0x00000000
present frame=453 source_index=0 allocator_index=0 expected_next=1 observed_next=1 qpc=3109006302164 duration_ticks=165611 hr=0x00000000
present frame=454 source_index=1 allocator_index=1 expected_next=2 observed_next=2 qpc=3109006501753 duration_ticks=125905 hr=0x00000000
present frame=455 source_index=2 allocator_index=2 expected_next=0 observed_next=0 qpc=3109006628287 duration_ticks=165760 hr=0x00000000
present frame=456 source_index=0 allocator_index=0 expected_next=1 observed_next=1 qpc=3109006794600 duration_ticks=171404 hr=0x00000000
present frame=457 source_index=1 allocator_index=1 expected_next=2 observed_next=2 qpc=3109006969703 duration_ticks=165542 hr=0x00000000
present frame=458 source_index=2 allocator_index=2 expected_next=0 observed_next=0 qpc=3109007140422 duration_ticks=157770 hr=0x00000000
present frame=459 source_index=0 allocator_index=0 expected_next=1 observed_next=1 qpc=3109007301938 duration_ticks=168029 hr=0x00000000
present frame=460 source_index=1 allocator_index=1 expected_next=2 observed_next=2 qpc=3109007494560 duration_ticks=135272 hr=0x00000000
present frame=461 source_index=2 allocator_index=2 expected_next=0 observed_next=0 qpc=3109007635452 duration_ticks=164743 hr=0x00000000
present frame=462 source_index=0 allocator_index=0 expected_next=1 observed_next=1 qpc=3109007804058 duration_ticks=163223 hr=0x00000000
present frame=463 source_index=1 allocator_index=1 expected_next=2 observed_next=2 qpc=3109007971210 duration_ticks=163727 hr=0x00000000
present frame=464 source_index=2 allocator_index=2 expected_next=0 observed_next=0 qpc=3109008139750 duration_ticks=162647 hr=0x00000000
present frame=465 source_index=0 allocator_index=0 expected_next=1 observed_next=1 qpc=3109008307278 duration_ticks=160537 hr=0x00000000
present frame=466 source_index=1 allocator_index=1 expected_next=2 observed_next=2 qpc=3109008472677 duration_ticks=162078 hr=0x00000000
present frame=467 source_index=2 allocator_index=2 expected_next=0 observed_next=0 qpc=3109008653666 duration_ticks=147638 hr=0x00000000
present frame=468 source_index=0 allocator_index=0 expected_next=1 observed_next=1 qpc=3109008805431 duration_ticks=163772 hr=0x00000000
present frame=469 source_index=1 allocator_index=1 expected_next=2 observed_next=2 qpc=3109008973399 duration_ticks=162188 hr=0x00000000
present frame=470 source_index=2 allocator_index=2 expected_next=0 observed_next=0 qpc=3109009139510 duration_ticks=159469 hr=0x00000000
present frame=471 source_index=0 allocator_index=0 expected_next=1 observed_next=1 qpc=3109009305036 duration_ticks=163649 hr=0x00000000
present frame=472 source_index=1 allocator_index=1 expected_next=2 observed_next=2 qpc=3109009476512 duration_ticks=153723 hr=0x00000000
present frame=473 source_index=2 allocator_index=2 expected_next=0 observed_next=0 qpc=3109009635523 duration_ticks=162506 hr=0x00000000
present frame=474 source_index=0 allocator_index=0 expected_next=1 observed_next=1 qpc=3109009805552 duration_ticks=158669 hr=0x00000000
present frame=475 source_index=1 allocator_index=1 expected_next=2 observed_next=2 qpc=3109009970834 duration_ticks=162248 hr=0x00000000
present frame=476 source_index=2 allocator_index=2 expected_next=0 observed_next=0 qpc=3109010139001 duration_ticks=158738 hr=0x00000000
present frame=477 source_index=0 allocator_index=0 expected_next=1 observed_next=1 qpc=3109010303092 duration_ticks=161480 hr=0x00000000
present frame=478 source_index=1 allocator_index=1 expected_next=2 observed_next=2 qpc=3109010469539 duration_ticks=161944 hr=0x00000000
present frame=479 source_index=2 allocator_index=2 expected_next=0 observed_next=0 qpc=3109010636714 duration_ticks=162930 hr=0x00000000
present frame=480 source_index=0 allocator_index=0 expected_next=1 observed_next=1 qpc=3109010804777 duration_ticks=163040 hr=0x00000000
present frame=481 source_index=1 allocator_index=1 expected_next=2 observed_next=2 qpc=3109010974095 duration_ticks=160081 hr=0x00000000
present frame=482 source_index=2 allocator_index=2 expected_next=0 observed_next=0 qpc=3109011138229 duration_ticks=160761 hr=0x00000000
present frame=483 source_index=0 allocator_index=0 expected_next=1 observed_next=1 qpc=3109011317207 duration_ticks=147063 hr=0x00000000
present frame=484 source_index=1 allocator_index=1 expected_next=2 observed_next=2 qpc=3109011467937 duration_ticks=168443 hr=0x00000000
present frame=485 source_index=2 allocator_index=2 expected_next=0 observed_next=0 qpc=3109011640300 duration_ticks=158685 hr=0x00000000
present frame=486 source_index=0 allocator_index=0 expected_next=1 observed_next=1 qpc=3109011802717 duration_ticks=165043 hr=0x00000000
present frame=487 source_index=1 allocator_index=1 expected_next=2 observed_next=2 qpc=3109011971797 duration_ticks=162739 hr=0x00000000
present frame=488 source_index=2 allocator_index=2 expected_next=0 observed_next=0 qpc=3109012138530 duration_ticks=162994 hr=0x00000000
present frame=489 source_index=0 allocator_index=0 expected_next=1 observed_next=1 qpc=3109012305707 duration_ticks=160855 hr=0x00000000
present frame=490 source_index=1 allocator_index=1 expected_next=2 observed_next=2 qpc=3109012477026 duration_ticks=156814 hr=0x00000000
present frame=491 source_index=2 allocator_index=2 expected_next=0 observed_next=0 qpc=3109012638198 duration_ticks=163255 hr=0x00000000
present frame=492 source_index=0 allocator_index=0 expected_next=1 observed_next=1 qpc=3109012805266 duration_ticks=164378 hr=0x00000000
present frame=493 source_index=1 allocator_index=1 expected_next=2 observed_next=2 qpc=3109012974332 duration_ticks=158080 hr=0x00000000
present frame=494 source_index=2 allocator_index=2 expected_next=0 observed_next=0 qpc=3109013136275 duration_ticks=166590 hr=0x00000000
present frame=495 source_index=0 allocator_index=0 expected_next=1 observed_next=1 qpc=3109013308797 duration_ticks=155432 hr=0x00000000
present frame=496 source_index=1 allocator_index=1 expected_next=2 observed_next=2 qpc=3109013467855 duration_ticks=164729 hr=0x00000000
present frame=497 source_index=2 allocator_index=2 expected_next=0 observed_next=0 qpc=3109013643623 duration_ticks=155887 hr=0x00000000
present frame=498 source_index=0 allocator_index=0 expected_next=1 observed_next=1 qpc=3109013803295 duration_ticks=164265 hr=0x00000000
present frame=499 source_index=1 allocator_index=1 expected_next=2 observed_next=2 qpc=3109013978030 duration_ticks=157252 hr=0x00000000
present frame=500 source_index=2 allocator_index=2 expected_next=0 observed_next=0 qpc=3109014139042 duration_ticks=160293 hr=0x00000000
present frame=501 source_index=0 allocator_index=0 expected_next=1 observed_next=1 qpc=3109014304672 duration_ticks=162985 hr=0x00000000
present frame=502 source_index=1 allocator_index=1 expected_next=2 observed_next=2 qpc=3109014474351 duration_ticks=159799 hr=0x00000000
present frame=503 source_index=2 allocator_index=2 expected_next=0 observed_next=0 qpc=3109014638075 duration_ticks=168527 hr=0x00000000
present frame=504 source_index=0 allocator_index=0 expected_next=1 observed_next=1 qpc=3109014826145 duration_ticks=142297 hr=0x00000000
present frame=505 source_index=1 allocator_index=1 expected_next=2 observed_next=2 qpc=3109014972665 duration_ticks=162921 hr=0x00000000
present frame=506 source_index=2 allocator_index=2 expected_next=0 observed_next=0 qpc=3109015144535 duration_ticks=155189 hr=0x00000000
present frame=507 source_index=0 allocator_index=0 expected_next=1 observed_next=1 qpc=3109015303655 duration_ticks=161699 hr=0x00000000
present frame=508 source_index=1 allocator_index=1 expected_next=2 observed_next=2 qpc=3109015468364 duration_ticks=161196 hr=0x00000000
present frame=509 source_index=2 allocator_index=2 expected_next=0 observed_next=0 qpc=3109015631266 duration_ticks=163421 hr=0x00000000
present frame=510 source_index=0 allocator_index=0 expected_next=1 observed_next=1 qpc=3109015796033 duration_ticks=164419 hr=0x00000000
present frame=511 source_index=1 allocator_index=1 expected_next=2 observed_next=2 qpc=3109015961753 duration_ticks=165045 hr=0x00000000
present frame=512 source_index=2 allocator_index=2 expected_next=0 observed_next=0 qpc=3109016127803 duration_ticks=168190 hr=0x00000000
present frame=513 source_index=0 allocator_index=0 expected_next=1 observed_next=1 qpc=3109016299400 duration_ticks=167990 hr=0x00000000
present frame=514 source_index=1 allocator_index=1 expected_next=2 observed_next=2 qpc=3109016494690 duration_ticks=132606 hr=0x00000000
present frame=515 source_index=2 allocator_index=2 expected_next=0 observed_next=0 qpc=3109016628172 duration_ticks=173257 hr=0x00000000
present frame=516 source_index=0 allocator_index=0 expected_next=1 observed_next=1 qpc=3109016813964 duration_ticks=154109 hr=0x00000000
present frame=517 source_index=1 allocator_index=1 expected_next=2 observed_next=2 qpc=3109016971910 duration_ticks=161596 hr=0x00000000
present frame=518 source_index=2 allocator_index=2 expected_next=0 observed_next=0 qpc=3109017137011 duration_ticks=162799 hr=0x00000000
present frame=519 source_index=0 allocator_index=0 expected_next=1 observed_next=1 qpc=3109017303610 duration_ticks=160413 hr=0x00000000
present frame=520 source_index=1 allocator_index=1 expected_next=2 observed_next=2 qpc=3109017467795 duration_ticks=159833 hr=0x00000000
present frame=521 source_index=2 allocator_index=2 expected_next=0 observed_next=0 qpc=3109017630920 duration_ticks=164376 hr=0x00000000
present frame=522 source_index=0 allocator_index=0 expected_next=1 observed_next=1 qpc=3109017796402 duration_ticks=168162 hr=0x00000000
present frame=523 source_index=1 allocator_index=1 expected_next=2 observed_next=2 qpc=3109017967859 duration_ticks=161678 hr=0x00000000
present frame=524 source_index=2 allocator_index=2 expected_next=0 observed_next=0 qpc=3109018133093 duration_ticks=160627 hr=0x00000000
present frame=525 source_index=0 allocator_index=0 expected_next=1 observed_next=1 qpc=3109018294451 duration_ticks=168827 hr=0x00000000
present frame=526 source_index=1 allocator_index=1 expected_next=2 observed_next=2 qpc=3109018466871 duration_ticks=160411 hr=0x00000000
present frame=527 source_index=2 allocator_index=2 expected_next=0 observed_next=0 qpc=3109018627946 duration_ticks=167240 hr=0x00000000
present frame=528 source_index=0 allocator_index=0 expected_next=1 observed_next=1 qpc=3109018795802 duration_ticks=168914 hr=0x00000000
present frame=529 source_index=1 allocator_index=1 expected_next=2 observed_next=2 qpc=3109018970965 duration_ticks=160379 hr=0x00000000
present frame=530 source_index=2 allocator_index=2 expected_next=0 observed_next=0 qpc=3109019134915 duration_ticks=158897 hr=0x00000000
present frame=531 source_index=0 allocator_index=0 expected_next=1 observed_next=1 qpc=3109019294446 duration_ticks=164182 hr=0x00000000
present frame=532 source_index=1 allocator_index=1 expected_next=2 observed_next=2 qpc=3109019460205 duration_ticks=166054 hr=0x00000000
present frame=533 source_index=2 allocator_index=2 expected_next=0 observed_next=0 qpc=3109019627326 duration_ticks=168899 hr=0x00000000
present frame=534 source_index=0 allocator_index=0 expected_next=1 observed_next=1 qpc=3109019797271 duration_ticks=163353 hr=0x00000000
present frame=535 source_index=1 allocator_index=1 expected_next=2 observed_next=2 qpc=3109019961710 duration_ticks=167712 hr=0x00000000
present frame=536 source_index=2 allocator_index=2 expected_next=0 observed_next=0 qpc=3109020132370 duration_ticks=168537 hr=0x00000000
present frame=537 source_index=0 allocator_index=0 expected_next=1 observed_next=1 qpc=3109020304169 duration_ticks=157735 hr=0x00000000
present frame=538 source_index=1 allocator_index=1 expected_next=2 observed_next=2 qpc=3109020463103 duration_ticks=166019 hr=0x00000000
present frame=539 source_index=2 allocator_index=2 expected_next=0 observed_next=0 qpc=3109020630066 duration_ticks=163737 hr=0x00000000
present frame=540 source_index=0 allocator_index=0 expected_next=1 observed_next=1 qpc=3109020794762 duration_ticks=166105 hr=0x00000000
present frame=541 source_index=1 allocator_index=1 expected_next=2 observed_next=2 qpc=3109020962125 duration_ticks=163879 hr=0x00000000
present frame=542 source_index=2 allocator_index=2 expected_next=0 observed_next=0 qpc=3109021126870 duration_ticks=167112 hr=0x00000000
present frame=543 source_index=0 allocator_index=0 expected_next=1 observed_next=1 qpc=3109021294853 duration_ticks=168115 hr=0x00000000
present frame=544 source_index=1 allocator_index=1 expected_next=2 observed_next=2 qpc=3109021466000 duration_ticks=161878 hr=0x00000000
present frame=545 source_index=2 allocator_index=2 expected_next=0 observed_next=0 qpc=3109021628827 duration_ticks=165622 hr=0x00000000
present frame=546 source_index=0 allocator_index=0 expected_next=1 observed_next=1 qpc=3109021795150 duration_ticks=165406 hr=0x00000000
present frame=547 source_index=1 allocator_index=1 expected_next=2 observed_next=2 qpc=3109021961201 duration_ticks=165883 hr=0x00000000
present frame=548 source_index=2 allocator_index=2 expected_next=0 observed_next=0 qpc=3109022127929 duration_ticks=169348 hr=0x00000000
present frame=549 source_index=0 allocator_index=0 expected_next=1 observed_next=1 qpc=3109022300586 duration_ticks=164450 hr=0x00000000
present frame=550 source_index=1 allocator_index=1 expected_next=2 observed_next=2 qpc=3109022468405 duration_ticks=162729 hr=0x00000000
present frame=551 source_index=2 allocator_index=2 expected_next=0 observed_next=0 qpc=3109022634452 duration_ticks=158820 hr=0x00000000
present frame=552 source_index=0 allocator_index=0 expected_next=1 observed_next=1 qpc=3109022794259 duration_ticks=169959 hr=0x00000000
present frame=553 source_index=1 allocator_index=1 expected_next=2 observed_next=2 qpc=3109022968935 duration_ticks=161142 hr=0x00000000
present frame=554 source_index=2 allocator_index=2 expected_next=0 observed_next=0 qpc=3109023133532 duration_ticks=164908 hr=0x00000000
present frame=555 source_index=0 allocator_index=0 expected_next=1 observed_next=1 qpc=3109023302216 duration_ticks=163247 hr=0x00000000
present frame=556 source_index=1 allocator_index=1 expected_next=2 observed_next=2 qpc=3109023469060 duration_ticks=162552 hr=0x00000000
present frame=557 source_index=2 allocator_index=2 expected_next=0 observed_next=0 qpc=3109023635138 duration_ticks=157919 hr=0x00000000
present frame=558 source_index=0 allocator_index=0 expected_next=1 observed_next=1 qpc=3109023793718 duration_ticks=170927 hr=0x00000000
present frame=559 source_index=1 allocator_index=1 expected_next=2 observed_next=2 qpc=3109023970405 duration_ticks=160104 hr=0x00000000
present frame=560 source_index=2 allocator_index=2 expected_next=0 observed_next=0 qpc=3109024134101 duration_ticks=164994 hr=0x00000000
present frame=561 source_index=0 allocator_index=0 expected_next=1 observed_next=1 qpc=3109024302828 duration_ticks=162748 hr=0x00000000
present frame=562 source_index=1 allocator_index=1 expected_next=2 observed_next=2 qpc=3109024468938 duration_ticks=162878 hr=0x00000000
present frame=563 source_index=2 allocator_index=2 expected_next=0 observed_next=0 qpc=3109024638576 duration_ticks=159863 hr=0x00000000
present frame=564 source_index=0 allocator_index=0 expected_next=1 observed_next=1 qpc=3109024804050 duration_ticks=159898 hr=0x00000000
present frame=565 source_index=1 allocator_index=1 expected_next=2 observed_next=2 qpc=3109024969086 duration_ticks=163840 hr=0x00000000
present frame=566 source_index=2 allocator_index=2 expected_next=0 observed_next=0 qpc=3109025139441 duration_ticks=158660 hr=0x00000000
present frame=567 source_index=0 allocator_index=0 expected_next=1 observed_next=1 qpc=3109025302001 duration_ticks=160521 hr=0x00000000
present frame=568 source_index=1 allocator_index=1 expected_next=2 observed_next=2 qpc=3109025464742 duration_ticks=163154 hr=0x00000000
present frame=569 source_index=2 allocator_index=2 expected_next=0 observed_next=0 qpc=3109025628915 duration_ticks=164659 hr=0x00000000
present frame=570 source_index=0 allocator_index=0 expected_next=1 observed_next=1 qpc=3109025794450 duration_ticks=168811 hr=0x00000000
present frame=571 source_index=1 allocator_index=1 expected_next=2 observed_next=2 qpc=3109025966206 duration_ticks=163460 hr=0x00000000
present frame=572 source_index=2 allocator_index=2 expected_next=0 observed_next=0 qpc=3109026136234 duration_ticks=162844 hr=0x00000000
present frame=573 source_index=0 allocator_index=0 expected_next=1 observed_next=1 qpc=3109026302615 duration_ticks=165500 hr=0x00000000
present frame=574 source_index=1 allocator_index=1 expected_next=2 observed_next=2 qpc=3109026501169 duration_ticks=118149 hr=0x00000000
present frame=575 source_index=2 allocator_index=2 expected_next=0 observed_next=0 qpc=3109026620085 duration_ticks=167688 hr=0x00000000
present frame=576 source_index=0 allocator_index=0 expected_next=1 observed_next=1 qpc=3109026788297 duration_ticks=165416 hr=0x00000000
present frame=577 source_index=1 allocator_index=1 expected_next=2 observed_next=2 qpc=3109026954146 duration_ticks=168249 hr=0x00000000
present frame=578 source_index=2 allocator_index=2 expected_next=0 observed_next=0 qpc=3109027123077 duration_ticks=166648 hr=0x00000000
present frame=579 source_index=0 allocator_index=0 expected_next=1 observed_next=1 qpc=3109027290480 duration_ticks=165536 hr=0x00000000
present frame=580 source_index=1 allocator_index=1 expected_next=2 observed_next=2 qpc=3109027457029 duration_ticks=167568 hr=0x00000000
present frame=581 source_index=2 allocator_index=2 expected_next=0 observed_next=0 qpc=3109027625642 duration_ticks=163824 hr=0x00000000
present frame=582 source_index=0 allocator_index=0 expected_next=1 observed_next=1 qpc=3109027790490 duration_ticks=165417 hr=0x00000000
present frame=583 source_index=1 allocator_index=1 expected_next=2 observed_next=2 qpc=3109027956573 duration_ticks=162883 hr=0x00000000
present frame=584 source_index=2 allocator_index=2 expected_next=0 observed_next=0 qpc=3109028120371 duration_ticks=169888 hr=0x00000000
present frame=585 source_index=0 allocator_index=0 expected_next=1 observed_next=1 qpc=3109028291114 duration_ticks=161928 hr=0x00000000
present frame=586 source_index=1 allocator_index=1 expected_next=2 observed_next=2 qpc=3109028453422 duration_ticks=166155 hr=0x00000000
present frame=587 source_index=2 allocator_index=2 expected_next=0 observed_next=0 qpc=3109028619956 duration_ticks=165479 hr=0x00000000
present frame=588 source_index=0 allocator_index=0 expected_next=1 observed_next=1 qpc=3109028785705 duration_ticks=169447 hr=0x00000000
present frame=589 source_index=1 allocator_index=1 expected_next=2 observed_next=2 qpc=3109028955531 duration_ticks=164494 hr=0x00000000
present frame=590 source_index=2 allocator_index=2 expected_next=0 observed_next=0 qpc=3109029120298 duration_ticks=167949 hr=0x00000000
present frame=591 source_index=0 allocator_index=0 expected_next=1 observed_next=1 qpc=3109029288808 duration_ticks=167011 hr=0x00000000
present frame=592 source_index=1 allocator_index=1 expected_next=2 observed_next=2 qpc=3109029456522 duration_ticks=165995 hr=0x00000000
present frame=593 source_index=2 allocator_index=2 expected_next=0 observed_next=0 qpc=3109029622973 duration_ticks=171347 hr=0x00000000
present frame=594 source_index=0 allocator_index=0 expected_next=1 observed_next=1 qpc=3109029794931 duration_ticks=165257 hr=0x00000000
present frame=595 source_index=1 allocator_index=1 expected_next=2 observed_next=2 qpc=3109029960865 duration_ticks=164775 hr=0x00000000
present frame=596 source_index=2 allocator_index=2 expected_next=0 observed_next=0 qpc=3109030126509 duration_ticks=168354 hr=0x00000000
present frame=597 source_index=0 allocator_index=0 expected_next=1 observed_next=1 qpc=3109030295547 duration_ticks=170594 hr=0x00000000
present frame=598 source_index=1 allocator_index=1 expected_next=2 observed_next=2 qpc=3109030469365 duration_ticks=159853 hr=0x00000000
present frame=599 source_index=2 allocator_index=2 expected_next=0 observed_next=0 qpc=3109030634284 duration_ticks=166170 hr=0x00000000
present frame=600 source_index=0 allocator_index=0 expected_next=1 observed_next=1 qpc=3109030806488 duration_ticks=158204 hr=0x00000000
present frame=601 source_index=1 allocator_index=1 expected_next=2 observed_next=2 qpc=3109030970972 duration_ticks=159318 hr=0x00000000
present frame=602 source_index=2 allocator_index=2 expected_next=0 observed_next=0 qpc=3109031136268 duration_ticks=162692 hr=0x00000000
present frame=603 source_index=0 allocator_index=0 expected_next=1 observed_next=1 qpc=3109031302897 duration_ticks=161427 hr=0x00000000
present frame=604 source_index=1 allocator_index=1 expected_next=2 observed_next=2 qpc=3109031468260 duration_ticks=164387 hr=0x00000000
present frame=605 source_index=2 allocator_index=2 expected_next=0 observed_next=0 qpc=3109031638540 duration_ticks=159724 hr=0x00000000
present frame=606 source_index=0 allocator_index=0 expected_next=1 observed_next=1 qpc=3109031802081 duration_ticks=163851 hr=0x00000000
present frame=607 source_index=1 allocator_index=1 expected_next=2 observed_next=2 qpc=3109031977938 duration_ticks=153595 hr=0x00000000
present frame=608 source_index=2 allocator_index=2 expected_next=0 observed_next=0 qpc=3109032136660 duration_ticks=162960 hr=0x00000000
present frame=609 source_index=0 allocator_index=0 expected_next=1 observed_next=1 qpc=3109032303595 duration_ticks=165830 hr=0x00000000
present frame=610 source_index=1 allocator_index=1 expected_next=2 observed_next=2 qpc=3109032474636 duration_ticks=159171 hr=0x00000000
present frame=611 source_index=2 allocator_index=2 expected_next=0 observed_next=0 qpc=3109032641857 duration_ticks=158917 hr=0x00000000
present frame=612 source_index=0 allocator_index=0 expected_next=1 observed_next=1 qpc=3109032804233 duration_ticks=164024 hr=0x00000000
present frame=613 source_index=1 allocator_index=1 expected_next=2 observed_next=2 qpc=3109032972445 duration_ticks=162538 hr=0x00000000
present frame=614 source_index=2 allocator_index=2 expected_next=0 observed_next=0 qpc=3109033141089 duration_ticks=160481 hr=0x00000000
present frame=615 source_index=0 allocator_index=0 expected_next=1 observed_next=1 qpc=3109033305784 duration_ticks=160511 hr=0x00000000
present frame=616 source_index=1 allocator_index=1 expected_next=2 observed_next=2 qpc=3109033471005 duration_ticks=163432 hr=0x00000000
present frame=617 source_index=2 allocator_index=2 expected_next=0 observed_next=0 qpc=3109033638521 duration_ticks=159809 hr=0x00000000
present frame=618 source_index=0 allocator_index=0 expected_next=1 observed_next=1 qpc=3109033802432 duration_ticks=166270 hr=0x00000000
present frame=619 source_index=1 allocator_index=1 expected_next=2 observed_next=2 qpc=3109033972784 duration_ticks=157177 hr=0x00000000
present frame=620 source_index=2 allocator_index=2 expected_next=0 observed_next=0 qpc=3109034135969 duration_ticks=172097 hr=0x00000000
present frame=621 source_index=0 allocator_index=0 expected_next=1 observed_next=1 qpc=3109034313027 duration_ticks=154295 hr=0x00000000
present frame=622 source_index=1 allocator_index=1 expected_next=2 observed_next=2 qpc=3109034471237 duration_ticks=162932 hr=0x00000000
present frame=623 source_index=2 allocator_index=2 expected_next=0 observed_next=0 qpc=3109034644995 duration_ticks=155391 hr=0x00000000
present frame=624 source_index=0 allocator_index=0 expected_next=1 observed_next=1 qpc=3109034804656 duration_ticks=161613 hr=0x00000000
present frame=625 source_index=1 allocator_index=1 expected_next=2 observed_next=2 qpc=3109034970313 duration_ticks=172238 hr=0x00000000
present frame=626 source_index=2 allocator_index=2 expected_next=0 observed_next=0 qpc=3109035162716 duration_ticks=135373 hr=0x00000000
present frame=627 source_index=0 allocator_index=0 expected_next=1 observed_next=1 qpc=3109035301709 duration_ticks=164184 hr=0x00000000
present frame=628 source_index=1 allocator_index=1 expected_next=2 observed_next=2 qpc=3109035469612 duration_ticks=165718 hr=0x00000000
present frame=629 source_index=2 allocator_index=2 expected_next=0 observed_next=0 qpc=3109035640003 duration_ticks=160052 hr=0x00000000
present frame=630 source_index=0 allocator_index=0 expected_next=1 observed_next=1 qpc=3109035805518 duration_ticks=161063 hr=0x00000000
present frame=631 source_index=1 allocator_index=1 expected_next=2 observed_next=2 qpc=3109035970927 duration_ticks=160679 hr=0x00000000
present frame=632 source_index=2 allocator_index=2 expected_next=0 observed_next=0 qpc=3109036136758 duration_ticks=161604 hr=0x00000000
present frame=633 source_index=0 allocator_index=0 expected_next=1 observed_next=1 qpc=3109036305190 duration_ticks=161327 hr=0x00000000
present frame=634 source_index=1 allocator_index=1 expected_next=2 observed_next=2 qpc=3109036571009 duration_ticks=62127 hr=0x00000000
present frame=635 source_index=2 allocator_index=2 expected_next=0 observed_next=0 qpc=3109036644201 duration_ticks=155692 hr=0x00000000
present frame=636 source_index=0 allocator_index=0 expected_next=1 observed_next=1 qpc=3109036804290 duration_ticks=162031 hr=0x00000000
present frame=637 source_index=1 allocator_index=1 expected_next=2 observed_next=2 qpc=3109036971770 duration_ticks=163189 hr=0x00000000
present frame=638 source_index=2 allocator_index=2 expected_next=0 observed_next=0 qpc=3109037138960 duration_ticks=158655 hr=0x00000000
present frame=639 source_index=0 allocator_index=0 expected_next=1 observed_next=1 qpc=3109037301934 duration_ticks=164643 hr=0x00000000
present frame=640 source_index=1 allocator_index=1 expected_next=2 observed_next=2 qpc=3109037470204 duration_ticks=163686 hr=0x00000000
present frame=641 source_index=2 allocator_index=2 expected_next=0 observed_next=0 qpc=3109037640050 duration_ticks=162653 hr=0x00000000
present frame=642 source_index=0 allocator_index=0 expected_next=1 observed_next=1 qpc=3109037810115 duration_ticks=157736 hr=0x00000000
present frame=643 source_index=1 allocator_index=1 expected_next=2 observed_next=2 qpc=3109037972595 duration_ticks=159054 hr=0x00000000
present frame=644 source_index=2 allocator_index=2 expected_next=0 observed_next=0 qpc=3109038139568 duration_ticks=161447 hr=0x00000000
present frame=645 source_index=0 allocator_index=0 expected_next=1 observed_next=1 qpc=3109038304715 duration_ticks=160186 hr=0x00000000
present frame=646 source_index=1 allocator_index=1 expected_next=2 observed_next=2 qpc=3109038468494 duration_ticks=165583 hr=0x00000000
present frame=647 source_index=2 allocator_index=2 expected_next=0 observed_next=0 qpc=3109038637821 duration_ticks=166004 hr=0x00000000
present frame=648 source_index=0 allocator_index=0 expected_next=1 observed_next=1 qpc=3109038814172 duration_ticks=153553 hr=0x00000000
present frame=649 source_index=1 allocator_index=1 expected_next=2 observed_next=2 qpc=3109038971333 duration_ticks=160178 hr=0x00000000
present frame=650 source_index=2 allocator_index=2 expected_next=0 observed_next=0 qpc=3109039136196 duration_ticks=164223 hr=0x00000000
present frame=651 source_index=0 allocator_index=0 expected_next=1 observed_next=1 qpc=3109039304334 duration_ticks=167467 hr=0x00000000
present frame=652 source_index=1 allocator_index=1 expected_next=2 observed_next=2 qpc=3109039489112 duration_ticks=142893 hr=0x00000000
present frame=653 source_index=2 allocator_index=2 expected_next=0 observed_next=0 qpc=3109039633452 duration_ticks=156340 hr=0x00000000
present frame=654 source_index=0 allocator_index=0 expected_next=1 observed_next=1 qpc=3109039790433 duration_ticks=162137 hr=0x00000000
present frame=655 source_index=1 allocator_index=1 expected_next=2 observed_next=2 qpc=3109039953173 duration_ticks=165751 hr=0x00000000
present frame=656 source_index=2 allocator_index=2 expected_next=0 observed_next=0 qpc=3109040119315 duration_ticks=168893 hr=0x00000000
present frame=657 source_index=0 allocator_index=0 expected_next=1 observed_next=1 qpc=3109040289092 duration_ticks=165190 hr=0x00000000
present frame=658 source_index=1 allocator_index=1 expected_next=2 observed_next=2 qpc=3109040454987 duration_ticks=165814 hr=0x00000000
present frame=659 source_index=2 allocator_index=2 expected_next=0 observed_next=0 qpc=3109040624420 duration_ticks=165058 hr=0x00000000
present frame=660 source_index=0 allocator_index=0 expected_next=1 observed_next=1 qpc=3109040790395 duration_ticks=163702 hr=0x00000000
present frame=661 source_index=1 allocator_index=1 expected_next=2 observed_next=2 qpc=3109040954819 duration_ticks=164777 hr=0x00000000
present frame=662 source_index=2 allocator_index=2 expected_next=0 observed_next=0 qpc=3109041119927 duration_ticks=165856 hr=0x00000000
present frame=663 source_index=0 allocator_index=0 expected_next=1 observed_next=1 qpc=3109041286277 duration_ticks=169511 hr=0x00000000
present frame=664 source_index=1 allocator_index=1 expected_next=2 observed_next=2 qpc=3109041456183 duration_ticks=164686 hr=0x00000000
present frame=665 source_index=2 allocator_index=2 expected_next=0 observed_next=0 qpc=3109041621220 duration_ticks=168527 hr=0x00000000
present frame=666 source_index=0 allocator_index=0 expected_next=1 observed_next=1 qpc=3109041790132 duration_ticks=164190 hr=0x00000000
present frame=667 source_index=1 allocator_index=1 expected_next=2 observed_next=2 qpc=3109041954837 duration_ticks=167502 hr=0x00000000
present frame=668 source_index=2 allocator_index=2 expected_next=0 observed_next=0 qpc=3109042122755 duration_ticks=168371 hr=0x00000000
present frame=669 source_index=0 allocator_index=0 expected_next=1 observed_next=1 qpc=3109042292332 duration_ticks=167270 hr=0x00000000
present frame=670 source_index=1 allocator_index=1 expected_next=2 observed_next=2 qpc=3109042460503 duration_ticks=165923 hr=0x00000000
present frame=671 source_index=2 allocator_index=2 expected_next=0 observed_next=0 qpc=3109042627017 duration_ticks=167370 hr=0x00000000
present frame=672 source_index=0 allocator_index=0 expected_next=1 observed_next=1 qpc=3109042797183 duration_ticks=165529 hr=0x00000000
present frame=673 source_index=1 allocator_index=1 expected_next=2 observed_next=2 qpc=3109042968649 duration_ticks=163627 hr=0x00000000
present frame=674 source_index=2 allocator_index=2 expected_next=0 observed_next=0 qpc=3109043137345 duration_ticks=161663 hr=0x00000000
present frame=675 source_index=0 allocator_index=0 expected_next=1 observed_next=1 qpc=3109043302890 duration_ticks=162070 hr=0x00000000
present frame=676 source_index=1 allocator_index=1 expected_next=2 observed_next=2 qpc=3109043477325 duration_ticks=158088 hr=0x00000000
present frame=677 source_index=2 allocator_index=2 expected_next=0 observed_next=0 qpc=3109043640112 duration_ticks=153679 hr=0x00000000
present frame=678 source_index=0 allocator_index=0 expected_next=1 observed_next=1 qpc=3109043794585 duration_ticks=167159 hr=0x00000000
present frame=679 source_index=1 allocator_index=1 expected_next=2 observed_next=2 qpc=3109043962293 duration_ticks=168967 hr=0x00000000
present frame=680 source_index=2 allocator_index=2 expected_next=0 observed_next=0 qpc=3109044136279 duration_ticks=161988 hr=0x00000000
present frame=681 source_index=0 allocator_index=0 expected_next=1 observed_next=1 qpc=3109044301925 duration_ticks=162093 hr=0x00000000
present frame=682 source_index=1 allocator_index=1 expected_next=2 observed_next=2 qpc=3109044467638 duration_ticks=163217 hr=0x00000000
present frame=683 source_index=2 allocator_index=2 expected_next=0 observed_next=0 qpc=3109044638083 duration_ticks=164472 hr=0x00000000
present frame=684 source_index=0 allocator_index=0 expected_next=1 observed_next=1 qpc=3109044807090 duration_ticks=165147 hr=0x00000000
present frame=685 source_index=1 allocator_index=1 expected_next=2 observed_next=2 qpc=3109044987499 duration_ticks=145263 hr=0x00000000
present frame=686 source_index=2 allocator_index=2 expected_next=0 observed_next=0 qpc=3109045136879 duration_ticks=164927 hr=0x00000000
present frame=687 source_index=0 allocator_index=0 expected_next=1 observed_next=1 qpc=3109045305977 duration_ticks=160987 hr=0x00000000
present frame=688 source_index=1 allocator_index=1 expected_next=2 observed_next=2 qpc=3109045471620 duration_ticks=162217 hr=0x00000000
present frame=689 source_index=2 allocator_index=2 expected_next=0 observed_next=0 qpc=3109045638339 duration_ticks=167413 hr=0x00000000
present frame=690 source_index=0 allocator_index=0 expected_next=1 observed_next=1 qpc=3109045810269 duration_ticks=156324 hr=0x00000000
present frame=691 source_index=1 allocator_index=1 expected_next=2 observed_next=2 qpc=3109045979094 duration_ticks=153332 hr=0x00000000
present frame=692 source_index=2 allocator_index=2 expected_next=0 observed_next=0 qpc=3109046145150 duration_ticks=153750 hr=0x00000000
present frame=693 source_index=0 allocator_index=0 expected_next=1 observed_next=1 qpc=3109046302968 duration_ticks=163927 hr=0x00000000
present frame=694 source_index=1 allocator_index=1 expected_next=2 observed_next=2 qpc=3109046553035 duration_ticks=73812 hr=0x00000000
present frame=695 source_index=2 allocator_index=2 expected_next=0 observed_next=0 qpc=3109046627407 duration_ticks=164848 hr=0x00000000
present frame=696 source_index=0 allocator_index=0 expected_next=1 observed_next=1 qpc=3109046792652 duration_ticks=166848 hr=0x00000000
present frame=697 source_index=1 allocator_index=1 expected_next=2 observed_next=2 qpc=3109046959940 duration_ticks=172401 hr=0x00000000
present frame=698 source_index=2 allocator_index=2 expected_next=0 observed_next=0 qpc=3109047136173 duration_ticks=166852 hr=0x00000000
present frame=699 source_index=0 allocator_index=0 expected_next=1 observed_next=1 qpc=3109047319429 duration_ticks=147360 hr=0x00000000
present frame=700 source_index=1 allocator_index=1 expected_next=2 observed_next=2 qpc=3109047470790 duration_ticks=162586 hr=0x00000000
present frame=701 source_index=2 allocator_index=2 expected_next=0 observed_next=0 qpc=3109047637694 duration_ticks=159879 hr=0x00000000
present frame=702 source_index=0 allocator_index=0 expected_next=1 observed_next=1 qpc=3109047801748 duration_ticks=165579 hr=0x00000000
present frame=703 source_index=1 allocator_index=1 expected_next=2 observed_next=2 qpc=3109047971390 duration_ticks=160934 hr=0x00000000
present frame=704 source_index=2 allocator_index=2 expected_next=0 observed_next=0 qpc=3109048138359 duration_ticks=160811 hr=0x00000000
present frame=705 source_index=0 allocator_index=0 expected_next=1 observed_next=1 qpc=3109048302877 duration_ticks=166022 hr=0x00000000
present frame=706 source_index=1 allocator_index=1 expected_next=2 observed_next=2 qpc=3109048473967 duration_ticks=159469 hr=0x00000000
present frame=707 source_index=2 allocator_index=2 expected_next=0 observed_next=0 qpc=3109048637097 duration_ticks=161466 hr=0x00000000
present frame=708 source_index=0 allocator_index=0 expected_next=1 observed_next=1 qpc=3109048805727 duration_ticks=159718 hr=0x00000000
present frame=709 source_index=1 allocator_index=1 expected_next=2 observed_next=2 qpc=3109048969413 duration_ticks=162422 hr=0x00000000
present frame=710 source_index=2 allocator_index=2 expected_next=0 observed_next=0 qpc=3109049135977 duration_ticks=162437 hr=0x00000000
present frame=711 source_index=0 allocator_index=0 expected_next=1 observed_next=1 qpc=3109049303268 duration_ticks=163239 hr=0x00000000
present frame=712 source_index=1 allocator_index=1 expected_next=2 observed_next=2 qpc=3109049473024 duration_ticks=160622 hr=0x00000000
present frame=713 source_index=2 allocator_index=2 expected_next=0 observed_next=0 qpc=3109049638415 duration_ticks=159609 hr=0x00000000
present frame=714 source_index=0 allocator_index=0 expected_next=1 observed_next=1 qpc=3109049802906 duration_ticks=160033 hr=0x00000000
present frame=715 source_index=1 allocator_index=1 expected_next=2 observed_next=2 qpc=3109049970664 duration_ticks=159704 hr=0x00000000
present frame=716 source_index=2 allocator_index=2 expected_next=0 observed_next=0 qpc=3109050135025 duration_ticks=161235 hr=0x00000000
present frame=717 source_index=0 allocator_index=0 expected_next=1 observed_next=1 qpc=3109050301912 duration_ticks=162960 hr=0x00000000
present frame=718 source_index=1 allocator_index=1 expected_next=2 observed_next=2 qpc=3109050468744 duration_ticks=164046 hr=0x00000000
present frame=719 source_index=2 allocator_index=2 expected_next=0 observed_next=0 qpc=3109050636758 duration_ticks=161385 hr=0x00000000
present frame=720 source_index=0 allocator_index=0 expected_next=1 observed_next=1 qpc=3109050803794 duration_ticks=160363 hr=0x00000000
present frame=721 source_index=1 allocator_index=1 expected_next=2 observed_next=2 qpc=3109050970292 duration_ticks=163289 hr=0x00000000
present frame=722 source_index=2 allocator_index=2 expected_next=0 observed_next=0 qpc=3109051141099 duration_ticks=157107 hr=0x00000000
present frame=723 source_index=0 allocator_index=0 expected_next=1 observed_next=1 qpc=3109051302340 duration_ticks=161532 hr=0x00000000
present frame=724 source_index=1 allocator_index=1 expected_next=2 observed_next=2 qpc=3109051467305 duration_ticks=166925 hr=0x00000000
present frame=725 source_index=2 allocator_index=2 expected_next=0 observed_next=0 qpc=3109051638311 duration_ticks=158774 hr=0x00000000
present frame=726 source_index=0 allocator_index=0 expected_next=1 observed_next=1 qpc=3109051800660 duration_ticks=166609 hr=0x00000000
present frame=727 source_index=1 allocator_index=1 expected_next=2 observed_next=2 qpc=3109051976365 duration_ticks=155332 hr=0x00000000
present frame=728 source_index=2 allocator_index=2 expected_next=0 observed_next=0 qpc=3109052135471 duration_ticks=164054 hr=0x00000000
present frame=729 source_index=0 allocator_index=0 expected_next=1 observed_next=1 qpc=3109052305532 duration_ticks=158082 hr=0x00000000
present frame=730 source_index=1 allocator_index=1 expected_next=2 observed_next=2 qpc=3109052467772 duration_ticks=166208 hr=0x00000000
present frame=731 source_index=2 allocator_index=2 expected_next=0 observed_next=0 qpc=3109052646245 duration_ticks=153458 hr=0x00000000
present frame=732 source_index=0 allocator_index=0 expected_next=1 observed_next=1 qpc=3109052804221 duration_ticks=164579 hr=0x00000000
present frame=733 source_index=1 allocator_index=1 expected_next=2 observed_next=2 qpc=3109052972911 duration_ticks=158766 hr=0x00000000
present frame=734 source_index=2 allocator_index=2 expected_next=0 observed_next=0 qpc=3109053135630 duration_ticks=164366 hr=0x00000000
present frame=735 source_index=0 allocator_index=0 expected_next=1 observed_next=1 qpc=3109053304147 duration_ticks=162395 hr=0x00000000
present frame=736 source_index=1 allocator_index=1 expected_next=2 observed_next=2 qpc=3109053473617 duration_ticks=161499 hr=0x00000000
present frame=737 source_index=2 allocator_index=2 expected_next=0 observed_next=0 qpc=3109053639785 duration_ticks=159538 hr=0x00000000
present frame=738 source_index=0 allocator_index=0 expected_next=1 observed_next=1 qpc=3109053805305 duration_ticks=162062 hr=0x00000000
present frame=739 source_index=1 allocator_index=1 expected_next=2 observed_next=2 qpc=3109053971213 duration_ticks=160631 hr=0x00000000
present frame=740 source_index=2 allocator_index=2 expected_next=0 observed_next=0 qpc=3109054135443 duration_ticks=164998 hr=0x00000000
present frame=741 source_index=0 allocator_index=0 expected_next=1 observed_next=1 qpc=3109054304321 duration_ticks=160691 hr=0x00000000
present frame=742 source_index=1 allocator_index=1 expected_next=2 observed_next=2 qpc=3109054468557 duration_ticks=167547 hr=0x00000000
present frame=743 source_index=2 allocator_index=2 expected_next=0 observed_next=0 qpc=3109054640302 duration_ticks=158065 hr=0x00000000
present frame=744 source_index=0 allocator_index=0 expected_next=1 observed_next=1 qpc=3109054803398 duration_ticks=171073 hr=0x00000000
present frame=745 source_index=1 allocator_index=1 expected_next=2 observed_next=2 qpc=3109054980869 duration_ticks=150390 hr=0x00000000
present frame=746 source_index=2 allocator_index=2 expected_next=0 observed_next=0 qpc=3109055135177 duration_ticks=164989 hr=0x00000000
present frame=747 source_index=0 allocator_index=0 expected_next=1 observed_next=1 qpc=3109055318867 duration_ticks=153233 hr=0x00000000
present frame=748 source_index=1 allocator_index=1 expected_next=2 observed_next=2 qpc=3109055480390 duration_ticks=141459 hr=0x00000000
present frame=749 source_index=2 allocator_index=2 expected_next=0 observed_next=0 qpc=3109055623104 duration_ticks=166355 hr=0x00000000
present frame=750 source_index=0 allocator_index=0 expected_next=1 observed_next=1 qpc=3109055790321 duration_ticks=166654 hr=0x00000000
present frame=751 source_index=1 allocator_index=1 expected_next=2 observed_next=2 qpc=3109055958907 duration_ticks=166881 hr=0x00000000
present frame=752 source_index=2 allocator_index=2 expected_next=0 observed_next=0 qpc=3109056128037 duration_ticks=165034 hr=0x00000000
present frame=753 source_index=0 allocator_index=0 expected_next=1 observed_next=1 qpc=3109056295459 duration_ticks=165348 hr=0x00000000
present frame=754 source_index=1 allocator_index=1 expected_next=2 observed_next=2 qpc=3109056518409 duration_ticks=102618 hr=0x00000000
present frame=755 source_index=2 allocator_index=2 expected_next=0 observed_next=0 qpc=3109056621714 duration_ticks=167507 hr=0x00000000
present frame=756 source_index=0 allocator_index=0 expected_next=1 observed_next=1 qpc=3109056789737 duration_ticks=168541 hr=0x00000000
present frame=757 source_index=1 allocator_index=1 expected_next=2 observed_next=2 qpc=3109056958868 duration_ticks=172925 hr=0x00000000
present frame=758 source_index=2 allocator_index=2 expected_next=0 observed_next=0 qpc=3109057135487 duration_ticks=170039 hr=0x00000000
present frame=759 source_index=0 allocator_index=0 expected_next=1 observed_next=1 qpc=3109057310322 duration_ticks=155605 hr=0x00000000
present frame=760 source_index=1 allocator_index=1 expected_next=2 observed_next=2 qpc=3109057469375 duration_ticks=161191 hr=0x00000000
present frame=761 source_index=2 allocator_index=2 expected_next=0 observed_next=0 qpc=3109057634294 duration_ticks=159838 hr=0x00000000
present frame=762 source_index=0 allocator_index=0 expected_next=1 observed_next=1 qpc=3109057795013 duration_ticks=170527 hr=0x00000000
present frame=763 source_index=1 allocator_index=1 expected_next=2 observed_next=2 qpc=3109057969813 duration_ticks=156127 hr=0x00000000
present frame=764 source_index=2 allocator_index=2 expected_next=0 observed_next=0 qpc=3109058126727 duration_ticks=169682 hr=0x00000000
present frame=765 source_index=0 allocator_index=0 expected_next=1 observed_next=1 qpc=3109058299783 duration_ticks=163845 hr=0x00000000
present frame=766 source_index=1 allocator_index=1 expected_next=2 observed_next=2 qpc=3109058467074 duration_ticks=158922 hr=0x00000000
present frame=767 source_index=2 allocator_index=2 expected_next=0 observed_next=0 qpc=3109058626792 duration_ticks=165988 hr=0x00000000
present frame=768 source_index=0 allocator_index=0 expected_next=1 observed_next=1 qpc=3109058793320 duration_ticks=170160 hr=0x00000000
present frame=769 source_index=1 allocator_index=1 expected_next=2 observed_next=2 qpc=3109058968764 duration_ticks=161431 hr=0x00000000
present frame=770 source_index=2 allocator_index=2 expected_next=0 observed_next=0 qpc=3109059133700 duration_ticks=159804 hr=0x00000000
present frame=771 source_index=0 allocator_index=0 expected_next=1 observed_next=1 qpc=3109059294240 duration_ticks=165336 hr=0x00000000
present frame=772 source_index=1 allocator_index=1 expected_next=2 observed_next=2 qpc=3109059460545 duration_ticks=166534 hr=0x00000000
present frame=773 source_index=2 allocator_index=2 expected_next=0 observed_next=0 qpc=3109059627845 duration_ticks=165037 hr=0x00000000
present frame=774 source_index=0 allocator_index=0 expected_next=1 observed_next=1 qpc=3109059793756 duration_ticks=167959 hr=0x00000000
present frame=775 source_index=1 allocator_index=1 expected_next=2 observed_next=2 qpc=3109059962701 duration_ticks=163301 hr=0x00000000
present frame=776 source_index=2 allocator_index=2 expected_next=0 observed_next=0 qpc=3109060127676 duration_ticks=168967 hr=0x00000000
present frame=777 source_index=0 allocator_index=0 expected_next=1 observed_next=1 qpc=3109060300050 duration_ticks=160548 hr=0x00000000
present frame=778 source_index=1 allocator_index=1 expected_next=2 observed_next=2 qpc=3109060461475 duration_ticks=165200 hr=0x00000000
present frame=779 source_index=2 allocator_index=2 expected_next=0 observed_next=0 qpc=3109060627474 duration_ticks=165655 hr=0x00000000
present frame=780 source_index=0 allocator_index=0 expected_next=1 observed_next=1 qpc=3109060794062 duration_ticks=165760 hr=0x00000000
present frame=781 source_index=1 allocator_index=1 expected_next=2 observed_next=2 qpc=3109060960781 duration_ticks=166026 hr=0x00000000
present frame=782 source_index=2 allocator_index=2 expected_next=0 observed_next=0 qpc=3109061127769 duration_ticks=171469 hr=0x00000000
present frame=783 source_index=0 allocator_index=0 expected_next=1 observed_next=1 qpc=3109061302635 duration_ticks=157623 hr=0x00000000
present frame=784 source_index=1 allocator_index=1 expected_next=2 observed_next=2 qpc=3109061461093 duration_ticks=165699 hr=0x00000000
present frame=785 source_index=2 allocator_index=2 expected_next=0 observed_next=0 qpc=3109061627415 duration_ticks=164372 hr=0x00000000
present frame=786 source_index=0 allocator_index=0 expected_next=1 observed_next=1 qpc=3109061792613 duration_ticks=167132 hr=0x00000000
present frame=787 source_index=1 allocator_index=1 expected_next=2 observed_next=2 qpc=3109061960404 duration_ticks=172705 hr=0x00000000
present frame=788 source_index=2 allocator_index=2 expected_next=0 observed_next=0 qpc=3109062136291 duration_ticks=161899 hr=0x00000000
present frame=789 source_index=0 allocator_index=0 expected_next=1 observed_next=1 qpc=3109062301760 duration_ticks=158527 hr=0x00000000
present frame=790 source_index=1 allocator_index=1 expected_next=2 observed_next=2 qpc=3109062461195 duration_ticks=169543 hr=0x00000000
present frame=791 source_index=2 allocator_index=2 expected_next=0 observed_next=0 qpc=3109062634013 duration_ticks=159059 hr=0x00000000
present frame=792 source_index=0 allocator_index=0 expected_next=1 observed_next=1 qpc=3109062793739 duration_ticks=166709 hr=0x00000000
present frame=793 source_index=1 allocator_index=1 expected_next=2 observed_next=2 qpc=3109062963974 duration_ticks=163321 hr=0x00000000
present frame=794 source_index=2 allocator_index=2 expected_next=0 observed_next=0 qpc=3109063127951 duration_ticks=166059 hr=0x00000000
present frame=795 source_index=0 allocator_index=0 expected_next=1 observed_next=1 qpc=3109063294614 duration_ticks=168036 hr=0x00000000
present frame=796 source_index=1 allocator_index=1 expected_next=2 observed_next=2 qpc=3109063466369 duration_ticks=160025 hr=0x00000000
present frame=797 source_index=2 allocator_index=2 expected_next=0 observed_next=0 qpc=3109063626986 duration_ticks=171122 hr=0x00000000
present frame=798 source_index=0 allocator_index=0 expected_next=1 observed_next=1 qpc=3109063801892 duration_ticks=158977 hr=0x00000000
present frame=799 source_index=1 allocator_index=1 expected_next=2 observed_next=2 qpc=3109063961688 duration_ticks=164899 hr=0x00000000
present frame=800 source_index=2 allocator_index=2 expected_next=0 observed_next=0 qpc=3109064127220 duration_ticks=169058 hr=0x00000000
present frame=801 source_index=0 allocator_index=0 expected_next=1 observed_next=1 qpc=3109064299799 duration_ticks=160301 hr=0x00000000
present frame=802 source_index=1 allocator_index=1 expected_next=2 observed_next=2 qpc=3109064460718 duration_ticks=169135 hr=0x00000000
present frame=803 source_index=2 allocator_index=2 expected_next=0 observed_next=0 qpc=3109064634371 duration_ticks=163274 hr=0x00000000
present frame=804 source_index=0 allocator_index=0 expected_next=1 observed_next=1 qpc=3109064801284 duration_ticks=165159 hr=0x00000000
present frame=805 source_index=1 allocator_index=1 expected_next=2 observed_next=2 qpc=3109064972551 duration_ticks=160137 hr=0x00000000
present frame=806 source_index=2 allocator_index=2 expected_next=0 observed_next=0 qpc=3109065138138 duration_ticks=161810 hr=0x00000000
present frame=807 source_index=0 allocator_index=0 expected_next=1 observed_next=1 qpc=3109065303626 duration_ticks=152864 hr=0x00000000
present frame=808 source_index=1 allocator_index=1 expected_next=2 observed_next=2 qpc=3109065457376 duration_ticks=163595 hr=0x00000000
present frame=809 source_index=2 allocator_index=2 expected_next=0 observed_next=0 qpc=3109065621424 duration_ticks=167380 hr=0x00000000
present frame=810 source_index=0 allocator_index=0 expected_next=1 observed_next=1 qpc=3109065789188 duration_ticks=165954 hr=0x00000000
present frame=811 source_index=1 allocator_index=1 expected_next=2 observed_next=2 qpc=3109065955746 duration_ticks=166889 hr=0x00000000
present frame=812 source_index=2 allocator_index=2 expected_next=0 observed_next=0 qpc=3109066123300 duration_ticks=164771 hr=0x00000000
present frame=813 source_index=0 allocator_index=0 expected_next=1 observed_next=1 qpc=3109066288481 duration_ticks=166722 hr=0x00000000
present frame=814 source_index=1 allocator_index=1 expected_next=2 observed_next=2 qpc=3109066455581 duration_ticks=167709 hr=0x00000000
present frame=815 source_index=2 allocator_index=2 expected_next=0 observed_next=0 qpc=3109066623652 duration_ticks=165803 hr=0x00000000
present frame=816 source_index=0 allocator_index=0 expected_next=1 observed_next=1 qpc=3109066790027 duration_ticks=167139 hr=0x00000000
present frame=817 source_index=1 allocator_index=1 expected_next=2 observed_next=2 qpc=3109066957555 duration_ticks=166385 hr=0x00000000
present frame=818 source_index=2 allocator_index=2 expected_next=0 observed_next=0 qpc=3109067126415 duration_ticks=170659 hr=0x00000000
present frame=819 source_index=0 allocator_index=0 expected_next=1 observed_next=1 qpc=3109067302442 duration_ticks=161352 hr=0x00000000
present frame=820 source_index=1 allocator_index=1 expected_next=2 observed_next=2 qpc=3109067470311 duration_ticks=164692 hr=0x00000000
present frame=821 source_index=2 allocator_index=2 expected_next=0 observed_next=0 qpc=3109067638974 duration_ticks=159017 hr=0x00000000
present frame=822 source_index=0 allocator_index=0 expected_next=1 observed_next=1 qpc=3109067802057 duration_ticks=172299 hr=0x00000000
present frame=823 source_index=1 allocator_index=1 expected_next=2 observed_next=2 qpc=3109067983992 duration_ticks=148057 hr=0x00000000
present frame=824 source_index=2 allocator_index=2 expected_next=0 observed_next=0 qpc=3109068136292 duration_ticks=164332 hr=0x00000000
present frame=825 source_index=0 allocator_index=0 expected_next=1 observed_next=1 qpc=3109068304899 duration_ticks=162716 hr=0x00000000
present frame=826 source_index=1 allocator_index=1 expected_next=2 observed_next=2 qpc=3109068471691 duration_ticks=161411 hr=0x00000000
present frame=827 source_index=2 allocator_index=2 expected_next=0 observed_next=0 qpc=3109068637462 duration_ticks=159568 hr=0x00000000
present frame=828 source_index=0 allocator_index=0 expected_next=1 observed_next=1 qpc=3109068803628 duration_ticks=162879 hr=0x00000000
present frame=829 source_index=1 allocator_index=1 expected_next=2 observed_next=2 qpc=3109068971467 duration_ticks=163660 hr=0x00000000
present frame=830 source_index=2 allocator_index=2 expected_next=0 observed_next=0 qpc=3109069142456 duration_ticks=153905 hr=0x00000000
present frame=831 source_index=0 allocator_index=0 expected_next=1 observed_next=1 qpc=3109069301949 duration_ticks=164870 hr=0x00000000
present frame=832 source_index=1 allocator_index=1 expected_next=2 observed_next=2 qpc=3109069479963 duration_ticks=150408 hr=0x00000000
present frame=833 source_index=2 allocator_index=2 expected_next=0 observed_next=0 qpc=3109069636405 duration_ticks=160022 hr=0x00000000
present frame=834 source_index=0 allocator_index=0 expected_next=1 observed_next=1 qpc=3109069802702 duration_ticks=160334 hr=0x00000000
present frame=835 source_index=1 allocator_index=1 expected_next=2 observed_next=2 qpc=3109069968493 duration_ticks=160479 hr=0x00000000
present frame=836 source_index=2 allocator_index=2 expected_next=0 observed_next=0 qpc=3109070133617 duration_ticks=164833 hr=0x00000000
present frame=837 source_index=0 allocator_index=0 expected_next=1 observed_next=1 qpc=3109070304467 duration_ticks=158752 hr=0x00000000
present frame=838 source_index=1 allocator_index=1 expected_next=2 observed_next=2 qpc=3109070467022 duration_ticks=162683 hr=0x00000000
present frame=839 source_index=2 allocator_index=2 expected_next=0 observed_next=0 qpc=3109070637221 duration_ticks=158446 hr=0x00000000
present frame=840 source_index=0 allocator_index=0 expected_next=1 observed_next=1 qpc=3109070799391 duration_ticks=164737 hr=0x00000000
present frame=841 source_index=1 allocator_index=1 expected_next=2 observed_next=2 qpc=3109070969577 duration_ticks=155657 hr=0x00000000
present frame=842 source_index=2 allocator_index=2 expected_next=0 observed_next=0 qpc=3109071126082 duration_ticks=159855 hr=0x00000000
present frame=843 source_index=0 allocator_index=0 expected_next=1 observed_next=1 qpc=3109071286784 duration_ticks=164803 hr=0x00000000
present frame=844 source_index=1 allocator_index=1 expected_next=2 observed_next=2 qpc=3109071452392 duration_ticks=164988 hr=0x00000000
present frame=845 source_index=2 allocator_index=2 expected_next=0 observed_next=0 qpc=3109071617964 duration_ticks=168003 hr=0x00000000
present frame=846 source_index=0 allocator_index=0 expected_next=1 observed_next=1 qpc=3109071786696 duration_ticks=167986 hr=0x00000000
present frame=847 source_index=1 allocator_index=1 expected_next=2 observed_next=2 qpc=3109071955390 duration_ticks=165344 hr=0x00000000
present frame=848 source_index=2 allocator_index=2 expected_next=0 observed_next=0 qpc=3109072121445 duration_ticks=165705 hr=0x00000000
present frame=849 source_index=0 allocator_index=0 expected_next=1 observed_next=1 qpc=3109072287967 duration_ticks=164810 hr=0x00000000
present frame=850 source_index=1 allocator_index=1 expected_next=2 observed_next=2 qpc=3109072453141 duration_ticks=165169 hr=0x00000000
present frame=851 source_index=2 allocator_index=2 expected_next=0 observed_next=0 qpc=3109072618687 duration_ticks=166265 hr=0x00000000
present frame=852 source_index=0 allocator_index=0 expected_next=1 observed_next=1 qpc=3109072785249 duration_ticks=165983 hr=0x00000000
present frame=853 source_index=1 allocator_index=1 expected_next=2 observed_next=2 qpc=3109072951477 duration_ticks=168408 hr=0x00000000
present frame=854 source_index=2 allocator_index=2 expected_next=0 observed_next=0 qpc=3109073120295 duration_ticks=166894 hr=0x00000000
present frame=855 source_index=0 allocator_index=0 expected_next=1 observed_next=1 qpc=3109073287504 duration_ticks=166123 hr=0x00000000
present frame=856 source_index=1 allocator_index=1 expected_next=2 observed_next=2 qpc=3109073453937 duration_ticks=165924 hr=0x00000000
present frame=857 source_index=2 allocator_index=2 expected_next=0 observed_next=0 qpc=3109073620201 duration_ticks=168671 hr=0x00000000
present frame=858 source_index=0 allocator_index=0 expected_next=1 observed_next=1 qpc=3109073789411 duration_ticks=167631 hr=0x00000000
present frame=859 source_index=1 allocator_index=1 expected_next=2 observed_next=2 qpc=3109073957471 duration_ticks=165405 hr=0x00000000
present frame=860 source_index=2 allocator_index=2 expected_next=0 observed_next=0 qpc=3109074123717 duration_ticks=170658 hr=0x00000000
present frame=861 source_index=0 allocator_index=0 expected_next=1 observed_next=1 qpc=3109074296843 duration_ticks=162831 hr=0x00000000
present frame=862 source_index=1 allocator_index=1 expected_next=2 observed_next=2 qpc=3109074460300 duration_ticks=170107 hr=0x00000000
present frame=863 source_index=2 allocator_index=2 expected_next=0 observed_next=0 qpc=3109074635271 duration_ticks=161808 hr=0x00000000
present frame=864 source_index=0 allocator_index=0 expected_next=1 observed_next=1 qpc=3109074802407 duration_ticks=160215 hr=0x00000000
present frame=865 source_index=1 allocator_index=1 expected_next=2 observed_next=2 qpc=3109074966228 duration_ticks=165486 hr=0x00000000
present frame=866 source_index=2 allocator_index=2 expected_next=0 observed_next=0 qpc=3109075137367 duration_ticks=161277 hr=0x00000000
present frame=867 source_index=0 allocator_index=0 expected_next=1 observed_next=1 qpc=3109075302380 duration_ticks=164680 hr=0x00000000
present frame=868 source_index=1 allocator_index=1 expected_next=2 observed_next=2 qpc=3109075471485 duration_ticks=161274 hr=0x00000000
present frame=869 source_index=2 allocator_index=2 expected_next=0 observed_next=0 qpc=3109075643255 duration_ticks=154243 hr=0x00000000
present frame=870 source_index=0 allocator_index=0 expected_next=1 observed_next=1 qpc=3109075801595 duration_ticks=165580 hr=0x00000000
present frame=871 source_index=1 allocator_index=1 expected_next=2 observed_next=2 qpc=3109075978246 duration_ticks=153814 hr=0x00000000
present frame=872 source_index=2 allocator_index=2 expected_next=0 observed_next=0 qpc=3109076139208 duration_ticks=159081 hr=0x00000000
present frame=873 source_index=0 allocator_index=0 expected_next=1 observed_next=1 qpc=3109076298873 duration_ticks=155939 hr=0x00000000
present frame=874 source_index=1 allocator_index=1 expected_next=2 observed_next=2 qpc=3109076455687 duration_ticks=161975 hr=0x00000000
present frame=875 source_index=2 allocator_index=2 expected_next=0 observed_next=0 qpc=3109076618214 duration_ticks=165909 hr=0x00000000
present frame=876 source_index=0 allocator_index=0 expected_next=1 observed_next=1 qpc=3109076784516 duration_ticks=166495 hr=0x00000000
present frame=877 source_index=1 allocator_index=1 expected_next=2 observed_next=2 qpc=3109076951574 duration_ticks=169718 hr=0x00000000
present frame=878 source_index=2 allocator_index=2 expected_next=0 observed_next=0 qpc=3109077121995 duration_ticks=164077 hr=0x00000000
present frame=879 source_index=0 allocator_index=0 expected_next=1 observed_next=1 qpc=3109077286936 duration_ticks=167186 hr=0x00000000
present frame=880 source_index=1 allocator_index=1 expected_next=2 observed_next=2 qpc=3109077455174 duration_ticks=163244 hr=0x00000000
present frame=881 source_index=2 allocator_index=2 expected_next=0 observed_next=0 qpc=3109077619527 duration_ticks=165098 hr=0x00000000
present frame=882 source_index=0 allocator_index=0 expected_next=1 observed_next=1 qpc=3109077785570 duration_ticks=168540 hr=0x00000000
present frame=883 source_index=1 allocator_index=1 expected_next=2 observed_next=2 qpc=3109077954683 duration_ticks=165616 hr=0x00000000
present frame=884 source_index=2 allocator_index=2 expected_next=0 observed_next=0 qpc=3109078120825 duration_ticks=165308 hr=0x00000000
present frame=885 source_index=0 allocator_index=0 expected_next=1 observed_next=1 qpc=3109078286434 duration_ticks=166452 hr=0x00000000
present frame=886 source_index=1 allocator_index=1 expected_next=2 observed_next=2 qpc=3109078453213 duration_ticks=165890 hr=0x00000000
present frame=887 source_index=2 allocator_index=2 expected_next=0 observed_next=0 qpc=3109078619360 duration_ticks=166983 hr=0x00000000
present frame=888 source_index=0 allocator_index=0 expected_next=1 observed_next=1 qpc=3109078786616 duration_ticks=169098 hr=0x00000000
present frame=889 source_index=1 allocator_index=1 expected_next=2 observed_next=2 qpc=3109078956097 duration_ticks=166279 hr=0x00000000
present frame=890 source_index=2 allocator_index=2 expected_next=0 observed_next=0 qpc=3109079122692 duration_ticks=167551 hr=0x00000000
present frame=891 source_index=0 allocator_index=0 expected_next=1 observed_next=1 qpc=3109079290824 duration_ticks=166854 hr=0x00000000
present frame=892 source_index=1 allocator_index=1 expected_next=2 observed_next=2 qpc=3109079458378 duration_ticks=165844 hr=0x00000000
present frame=893 source_index=2 allocator_index=2 expected_next=0 observed_next=0 qpc=3109079625004 duration_ticks=165700 hr=0x00000000
present frame=894 source_index=0 allocator_index=0 expected_next=1 observed_next=1 qpc=3109079791295 duration_ticks=168387 hr=0x00000000
present frame=895 source_index=1 allocator_index=1 expected_next=2 observed_next=2 qpc=3109079960479 duration_ticks=168007 hr=0x00000000
present frame=896 source_index=2 allocator_index=2 expected_next=0 observed_next=0 qpc=3109080129821 duration_ticks=162468 hr=0x00000000
present frame=897 source_index=0 allocator_index=0 expected_next=1 observed_next=1 qpc=3109080293175 duration_ticks=169998 hr=0x00000000
present frame=898 source_index=1 allocator_index=1 expected_next=2 observed_next=2 qpc=3109080465340 duration_ticks=168734 hr=0x00000000
present frame=899 source_index=2 allocator_index=2 expected_next=0 observed_next=0 qpc=3109080639052 duration_ticks=162503 hr=0x00000000
present frame=900 source_index=0 allocator_index=0 expected_next=1 observed_next=1 qpc=3109080806730 duration_ticks=159310 hr=0x00000000
present frame=901 source_index=1 allocator_index=1 expected_next=2 observed_next=2 qpc=3109080974331 duration_ticks=156241 hr=0x00000000
present frame=902 source_index=2 allocator_index=2 expected_next=0 observed_next=0 qpc=3109081136197 duration_ticks=157593 hr=0x00000000
present frame=903 source_index=0 allocator_index=0 expected_next=1 observed_next=1 qpc=3109081294687 duration_ticks=169341 hr=0x00000000
present frame=904 source_index=1 allocator_index=1 expected_next=2 observed_next=2 qpc=3109081468205 duration_ticks=161768 hr=0x00000000
present frame=905 source_index=2 allocator_index=2 expected_next=0 observed_next=0 qpc=3109081635131 duration_ticks=162924 hr=0x00000000
present frame=906 source_index=0 allocator_index=0 expected_next=1 observed_next=1 qpc=3109081808663 duration_ticks=155019 hr=0x00000000
present frame=907 source_index=1 allocator_index=1 expected_next=2 observed_next=2 qpc=3109081968235 duration_ticks=162045 hr=0x00000000
present frame=908 source_index=2 allocator_index=2 expected_next=0 observed_next=0 qpc=3109082137875 duration_ticks=160627 hr=0x00000000
present frame=909 source_index=0 allocator_index=0 expected_next=1 observed_next=1 qpc=3109082302960 duration_ticks=161000 hr=0x00000000
present frame=910 source_index=1 allocator_index=1 expected_next=2 observed_next=2 qpc=3109082470214 duration_ticks=163165 hr=0x00000000
present frame=911 source_index=2 allocator_index=2 expected_next=0 observed_next=0 qpc=3109082637457 duration_ticks=164039 hr=0x00000000
present frame=912 source_index=0 allocator_index=0 expected_next=1 observed_next=1 qpc=3109082808225 duration_ticks=160205 hr=0x00000000
present frame=913 source_index=1 allocator_index=1 expected_next=2 observed_next=2 qpc=3109082972391 duration_ticks=161669 hr=0x00000000
present frame=914 source_index=2 allocator_index=2 expected_next=0 observed_next=0 qpc=3109083138112 duration_ticks=161945 hr=0x00000000
present frame=915 source_index=0 allocator_index=0 expected_next=1 observed_next=1 qpc=3109083305395 duration_ticks=161173 hr=0x00000000
present frame=916 source_index=1 allocator_index=1 expected_next=2 observed_next=2 qpc=3109083470641 duration_ticks=163205 hr=0x00000000
present frame=917 source_index=2 allocator_index=2 expected_next=0 observed_next=0 qpc=3109083645889 duration_ticks=153933 hr=0x00000000
present frame=918 source_index=0 allocator_index=0 expected_next=1 observed_next=1 qpc=3109083803757 duration_ticks=163817 hr=0x00000000
present frame=919 source_index=1 allocator_index=1 expected_next=2 observed_next=2 qpc=3109083973040 duration_ticks=158375 hr=0x00000000
present frame=920 source_index=2 allocator_index=2 expected_next=0 observed_next=0 qpc=3109084136955 duration_ticks=162782 hr=0x00000000
present frame=921 source_index=0 allocator_index=0 expected_next=1 observed_next=1 qpc=3109084303568 duration_ticks=168788 hr=0x00000000
present frame=922 source_index=1 allocator_index=1 expected_next=2 observed_next=2 qpc=3109084476303 duration_ticks=157197 hr=0x00000000
present frame=923 source_index=2 allocator_index=2 expected_next=0 observed_next=0 qpc=3109084637490 duration_ticks=162019 hr=0x00000000
present frame=924 source_index=0 allocator_index=0 expected_next=1 observed_next=1 qpc=3109084806859 duration_ticks=158760 hr=0x00000000
present frame=925 source_index=1 allocator_index=1 expected_next=2 observed_next=2 qpc=3109084970116 duration_ticks=163849 hr=0x00000000
present frame=926 source_index=2 allocator_index=2 expected_next=0 observed_next=0 qpc=3109085160365 duration_ticks=132302 hr=0x00000000
present frame=927 source_index=0 allocator_index=0 expected_next=1 observed_next=1 qpc=3109085293873 duration_ticks=171565 hr=0x00000000
present frame=928 source_index=1 allocator_index=1 expected_next=2 observed_next=2 qpc=3109085476978 duration_ticks=157237 hr=0x00000000
present frame=929 source_index=2 allocator_index=2 expected_next=0 observed_next=0 qpc=3109085638244 duration_ticks=161544 hr=0x00000000
present frame=930 source_index=0 allocator_index=0 expected_next=1 observed_next=1 qpc=3109085804321 duration_ticks=168376 hr=0x00000000
present frame=931 source_index=1 allocator_index=1 expected_next=2 observed_next=2 qpc=3109085982087 duration_ticks=149933 hr=0x00000000
present frame=932 source_index=2 allocator_index=2 expected_next=0 observed_next=0 qpc=3109086139371 duration_ticks=158719 hr=0x00000000
present frame=933 source_index=0 allocator_index=0 expected_next=1 observed_next=1 qpc=3109086303472 duration_ticks=164701 hr=0x00000000
present frame=934 source_index=1 allocator_index=1 expected_next=2 observed_next=2 qpc=3109086525766 duration_ticks=101472 hr=0x00000000
present frame=935 source_index=2 allocator_index=2 expected_next=0 observed_next=0 qpc=3109086627846 duration_ticks=164972 hr=0x00000000
present frame=936 source_index=0 allocator_index=0 expected_next=1 observed_next=1 qpc=3109086793276 duration_ticks=165761 hr=0x00000000
present frame=937 source_index=1 allocator_index=1 expected_next=2 observed_next=2 qpc=3109086959494 duration_ticks=176458 hr=0x00000000
present frame=938 source_index=2 allocator_index=2 expected_next=0 observed_next=0 qpc=3109087139931 duration_ticks=156554 hr=0x00000000
present frame=939 source_index=0 allocator_index=0 expected_next=1 observed_next=1 qpc=3109087300149 duration_ticks=166367 hr=0x00000000
present frame=940 source_index=1 allocator_index=1 expected_next=2 observed_next=2 qpc=3109087474494 duration_ticks=157201 hr=0x00000000
present frame=941 source_index=2 allocator_index=2 expected_next=0 observed_next=0 qpc=3109087632269 duration_ticks=164151 hr=0x00000000
present frame=942 source_index=0 allocator_index=0 expected_next=1 observed_next=1 qpc=3109087798887 duration_ticks=155653 hr=0x00000000
present frame=943 source_index=1 allocator_index=1 expected_next=2 observed_next=2 qpc=3109087955405 duration_ticks=163267 hr=0x00000000
present frame=944 source_index=2 allocator_index=2 expected_next=0 observed_next=0 qpc=3109088119595 duration_ticks=167106 hr=0x00000000
present frame=945 source_index=0 allocator_index=0 expected_next=1 observed_next=1 qpc=3109088287196 duration_ticks=165942 hr=0x00000000
present frame=946 source_index=1 allocator_index=1 expected_next=2 observed_next=2 qpc=3109088453516 duration_ticks=167141 hr=0x00000000
present frame=947 source_index=2 allocator_index=2 expected_next=0 observed_next=0 qpc=3109088621228 duration_ticks=166189 hr=0x00000000
present frame=948 source_index=0 allocator_index=0 expected_next=1 observed_next=1 qpc=3109088787866 duration_ticks=165050 hr=0x00000000
present frame=949 source_index=1 allocator_index=1 expected_next=2 observed_next=2 qpc=3109088953355 duration_ticks=168924 hr=0x00000000
present frame=950 source_index=2 allocator_index=2 expected_next=0 observed_next=0 qpc=3109089122976 duration_ticks=166706 hr=0x00000000
present frame=951 source_index=0 allocator_index=0 expected_next=1 observed_next=1 qpc=3109089291431 duration_ticks=165594 hr=0x00000000
present frame=952 source_index=1 allocator_index=1 expected_next=2 observed_next=2 qpc=3109089457868 duration_ticks=170286 hr=0x00000000
present frame=953 source_index=2 allocator_index=2 expected_next=0 observed_next=0 qpc=3109089631488 duration_ticks=167713 hr=0x00000000
present frame=954 source_index=0 allocator_index=0 expected_next=1 observed_next=1 qpc=3109089804944 duration_ticks=158078 hr=0x00000000
present frame=955 source_index=1 allocator_index=1 expected_next=2 observed_next=2 qpc=3109089967547 duration_ticks=162747 hr=0x00000000
present frame=956 source_index=2 allocator_index=2 expected_next=0 observed_next=0 qpc=3109090141425 duration_ticks=155387 hr=0x00000000
present frame=957 source_index=0 allocator_index=0 expected_next=1 observed_next=1 qpc=3109090303818 duration_ticks=162237 hr=0x00000000
present frame=958 source_index=1 allocator_index=1 expected_next=2 observed_next=2 qpc=3109090473904 duration_ticks=156938 hr=0x00000000
present frame=959 source_index=2 allocator_index=2 expected_next=0 observed_next=0 qpc=3109090636423 duration_ticks=163073 hr=0x00000000
present frame=960 source_index=0 allocator_index=0 expected_next=1 observed_next=1 qpc=3109090807378 duration_ticks=160824 hr=0x00000000
present frame=961 source_index=1 allocator_index=1 expected_next=2 observed_next=2 qpc=3109090974162 duration_ticks=157801 hr=0x00000000
present frame=962 source_index=2 allocator_index=2 expected_next=0 observed_next=0 qpc=3109091139498 duration_ticks=158432 hr=0x00000000
present frame=963 source_index=0 allocator_index=0 expected_next=1 observed_next=1 qpc=3109091310925 duration_ticks=155690 hr=0x00000000
present frame=964 source_index=1 allocator_index=1 expected_next=2 observed_next=2 qpc=3109091474352 duration_ticks=156688 hr=0x00000000
present frame=965 source_index=2 allocator_index=2 expected_next=0 observed_next=0 qpc=3109091635686 duration_ticks=161412 hr=0x00000000
present frame=966 source_index=0 allocator_index=0 expected_next=1 observed_next=1 qpc=3109091802866 duration_ticks=160544 hr=0x00000000
present frame=967 source_index=1 allocator_index=1 expected_next=2 observed_next=2 qpc=3109091966888 duration_ticks=164632 hr=0x00000000
present frame=968 source_index=2 allocator_index=2 expected_next=0 observed_next=0 qpc=3109092137520 duration_ticks=158525 hr=0x00000000
present frame=969 source_index=0 allocator_index=0 expected_next=1 observed_next=1 qpc=3109092299665 duration_ticks=165526 hr=0x00000000
present frame=970 source_index=1 allocator_index=1 expected_next=2 observed_next=2 qpc=3109092471631 duration_ticks=159058 hr=0x00000000
present frame=971 source_index=2 allocator_index=2 expected_next=0 observed_next=0 qpc=3109092637026 duration_ticks=159787 hr=0x00000000
present frame=972 source_index=0 allocator_index=0 expected_next=1 observed_next=1 qpc=3109092801552 duration_ticks=164196 hr=0x00000000
present frame=973 source_index=1 allocator_index=1 expected_next=2 observed_next=2 qpc=3109092970332 duration_ticks=166062 hr=0x00000000
present frame=974 source_index=2 allocator_index=2 expected_next=0 observed_next=0 qpc=3109093141883 duration_ticks=158562 hr=0x00000000
present frame=975 source_index=0 allocator_index=0 expected_next=1 observed_next=1 qpc=3109093304935 duration_ticks=160674 hr=0x00000000
present frame=976 source_index=1 allocator_index=1 expected_next=2 observed_next=2 qpc=3109093469593 duration_ticks=165258 hr=0x00000000
present frame=977 source_index=2 allocator_index=2 expected_next=0 observed_next=0 qpc=3109093646646 duration_ticks=147256 hr=0x00000000
present frame=978 source_index=0 allocator_index=0 expected_next=1 observed_next=1 qpc=3109093795497 duration_ticks=164864 hr=0x00000000
present frame=979 source_index=1 allocator_index=1 expected_next=2 observed_next=2 qpc=3109093961958 duration_ticks=166323 hr=0x00000000
present frame=980 source_index=2 allocator_index=2 expected_next=0 observed_next=0 qpc=3109094131223 duration_ticks=161661 hr=0x00000000
present frame=981 source_index=0 allocator_index=0 expected_next=1 observed_next=1 qpc=3109094293918 duration_ticks=166691 hr=0x00000000
present frame=982 source_index=1 allocator_index=1 expected_next=2 observed_next=2 qpc=3109094461353 duration_ticks=168891 hr=0x00000000
present frame=983 source_index=2 allocator_index=2 expected_next=0 observed_next=0 qpc=3109094633566 duration_ticks=163987 hr=0x00000000
present frame=984 source_index=0 allocator_index=0 expected_next=1 observed_next=1 qpc=3109094800885 duration_ticks=163810 hr=0x00000000
present frame=985 source_index=1 allocator_index=1 expected_next=2 observed_next=2 qpc=3109094968246 duration_ticks=158746 hr=0x00000000
present frame=986 source_index=2 allocator_index=2 expected_next=0 observed_next=0 qpc=3109095127813 duration_ticks=168135 hr=0x00000000
present frame=987 source_index=0 allocator_index=0 expected_next=1 observed_next=1 qpc=3109095299408 duration_ticks=160010 hr=0x00000000
present frame=988 source_index=1 allocator_index=1 expected_next=2 observed_next=2 qpc=3109095460180 duration_ticks=172993 hr=0x00000000
present frame=989 source_index=2 allocator_index=2 expected_next=0 observed_next=0 qpc=3109095636440 duration_ticks=160273 hr=0x00000000
present frame=990 source_index=0 allocator_index=0 expected_next=1 observed_next=1 qpc=3109095799892 duration_ticks=161861 hr=0x00000000
present frame=991 source_index=1 allocator_index=1 expected_next=2 observed_next=2 qpc=3109095962861 duration_ticks=167804 hr=0x00000000
present frame=992 source_index=2 allocator_index=2 expected_next=0 observed_next=0 qpc=3109096134293 duration_ticks=163775 hr=0x00000000
present frame=993 source_index=0 allocator_index=0 expected_next=1 observed_next=1 qpc=3109096301600 duration_ticks=160297 hr=0x00000000
present frame=994 source_index=1 allocator_index=1 expected_next=2 observed_next=2 qpc=3109096462662 duration_ticks=170469 hr=0x00000000
present frame=995 source_index=2 allocator_index=2 expected_next=0 observed_next=0 qpc=3109096646068 duration_ticks=151489 hr=0x00000000
present frame=996 source_index=0 allocator_index=0 expected_next=1 observed_next=1 qpc=3109096800946 duration_ticks=159628 hr=0x00000000
present frame=997 source_index=1 allocator_index=1 expected_next=2 observed_next=2 qpc=3109096961219 duration_ticks=172501 hr=0x00000000
present frame=998 source_index=2 allocator_index=2 expected_next=0 observed_next=0 qpc=3109097136998 duration_ticks=160411 hr=0x00000000
present frame=999 source_index=0 allocator_index=0 expected_next=1 observed_next=1 qpc=3109097300777 duration_ticks=159234 hr=0x00000000
present frame=1000 source_index=1 allocator_index=1 expected_next=2 observed_next=2 qpc=3109097460775 duration_ticks=168227 hr=0x00000000
present frame=1001 source_index=2 allocator_index=2 expected_next=0 observed_next=0 qpc=3109097632335 duration_ticks=166035 hr=0x00000000
present frame=1002 source_index=0 allocator_index=0 expected_next=1 observed_next=1 qpc=3109097808837 duration_ticks=150818 hr=0x00000000
present frame=1003 source_index=1 allocator_index=1 expected_next=2 observed_next=2 qpc=3109097960432 duration_ticks=172705 hr=0x00000000
present frame=1004 source_index=2 allocator_index=2 expected_next=0 observed_next=0 qpc=3109098136534 duration_ticks=160586 hr=0x00000000
present frame=1005 source_index=0 allocator_index=0 expected_next=1 observed_next=1 qpc=3109098300811 duration_ticks=158448 hr=0x00000000
present frame=1006 source_index=1 allocator_index=1 expected_next=2 observed_next=2 qpc=3109098459855 duration_ticks=175313 hr=0x00000000
present frame=1007 source_index=2 allocator_index=2 expected_next=0 observed_next=0 qpc=3109098638636 duration_ticks=154171 hr=0x00000000
present frame=1008 source_index=0 allocator_index=0 expected_next=1 observed_next=1 qpc=3109098793599 duration_ticks=165985 hr=0x00000000
present frame=1009 source_index=1 allocator_index=1 expected_next=2 observed_next=2 qpc=3109098960180 duration_ticks=170561 hr=0x00000000
present frame=1010 source_index=2 allocator_index=2 expected_next=0 observed_next=0 qpc=3109099131264 duration_ticks=162167 hr=0x00000000
present frame=1011 source_index=0 allocator_index=0 expected_next=1 observed_next=1 qpc=3109099294543 duration_ticks=164389 hr=0x00000000
present frame=1012 source_index=1 allocator_index=1 expected_next=2 observed_next=2 qpc=3109099459868 duration_ticks=165060 hr=0x00000000
present frame=1013 source_index=2 allocator_index=2 expected_next=0 observed_next=0 qpc=3109099626055 duration_ticks=166718 hr=0x00000000
present frame=1014 source_index=0 allocator_index=0 expected_next=1 observed_next=1 qpc=3109099793787 duration_ticks=165192 hr=0x00000000
present frame=1015 source_index=1 allocator_index=1 expected_next=2 observed_next=2 qpc=3109099959845 duration_ticks=164850 hr=0x00000000
present frame=1016 source_index=2 allocator_index=2 expected_next=0 observed_next=0 qpc=3109100125622 duration_ticks=167098 hr=0x00000000
present frame=1017 source_index=0 allocator_index=0 expected_next=1 observed_next=1 qpc=3109100293478 duration_ticks=168306 hr=0x00000000
present frame=1018 source_index=1 allocator_index=1 expected_next=2 observed_next=2 qpc=3109100464484 duration_ticks=163148 hr=0x00000000
present frame=1019 source_index=2 allocator_index=2 expected_next=0 observed_next=0 qpc=3109100628326 duration_ticks=163990 hr=0x00000000
present frame=1020 source_index=0 allocator_index=0 expected_next=1 observed_next=1 qpc=3109100793032 duration_ticks=168650 hr=0x00000000
present frame=1021 source_index=1 allocator_index=1 expected_next=2 observed_next=2 qpc=3109100965225 duration_ticks=165716 hr=0x00000000
present frame=1022 source_index=2 allocator_index=2 expected_next=0 observed_next=0 qpc=3109101135273 duration_ticks=159851 hr=0x00000000
present frame=1023 source_index=0 allocator_index=0 expected_next=1 observed_next=1 qpc=3109101295967 duration_ticks=164615 hr=0x00000000
present frame=1024 source_index=1 allocator_index=1 expected_next=2 observed_next=2 qpc=3109101461458 duration_ticks=163709 hr=0x00000000
present frame=1025 source_index=2 allocator_index=2 expected_next=0 observed_next=0 qpc=3109101625983 duration_ticks=168232 hr=0x00000000
present frame=1026 source_index=0 allocator_index=0 expected_next=1 observed_next=1 qpc=3109101794924 duration_ticks=164249 hr=0x00000000
present frame=1027 source_index=1 allocator_index=1 expected_next=2 observed_next=2 qpc=3109101959970 duration_ticks=170277 hr=0x00000000
present frame=1028 source_index=2 allocator_index=2 expected_next=0 observed_next=0 qpc=3109102133500 duration_ticks=163081 hr=0x00000000
present frame=1029 source_index=0 allocator_index=0 expected_next=1 observed_next=1 qpc=3109102298063 duration_ticks=156487 hr=0x00000000
present frame=1030 source_index=1 allocator_index=1 expected_next=2 observed_next=2 qpc=3109102455485 duration_ticks=167362 hr=0x00000000
present frame=1031 source_index=2 allocator_index=2 expected_next=0 observed_next=0 qpc=3109102623858 duration_ticks=162659 hr=0x00000000
present frame=1032 source_index=0 allocator_index=0 expected_next=1 observed_next=1 qpc=3109102787100 duration_ticks=165765 hr=0x00000000
present frame=1033 source_index=1 allocator_index=1 expected_next=2 observed_next=2 qpc=3109102953364 duration_ticks=166357 hr=0x00000000
present frame=1034 source_index=2 allocator_index=2 expected_next=0 observed_next=0 qpc=3109103120177 duration_ticks=166574 hr=0x00000000
present frame=1035 source_index=0 allocator_index=0 expected_next=1 observed_next=1 qpc=3109103287195 duration_ticks=165811 hr=0x00000000
present frame=1036 source_index=1 allocator_index=1 expected_next=2 observed_next=2 qpc=3109103453609 duration_ticks=169062 hr=0x00000000
present frame=1037 source_index=2 allocator_index=2 expected_next=0 observed_next=0 qpc=3109103623817 duration_ticks=166310 hr=0x00000000
present frame=1038 source_index=0 allocator_index=0 expected_next=1 observed_next=1 qpc=3109103791058 duration_ticks=165401 hr=0x00000000
present frame=1039 source_index=1 allocator_index=1 expected_next=2 observed_next=2 qpc=3109103956970 duration_ticks=167224 hr=0x00000000
present frame=1040 source_index=2 allocator_index=2 expected_next=0 observed_next=0 qpc=3109104124981 duration_ticks=169051 hr=0x00000000
present frame=1041 source_index=0 allocator_index=0 expected_next=1 observed_next=1 qpc=3109104297353 duration_ticks=166042 hr=0x00000000
present frame=1042 source_index=1 allocator_index=1 expected_next=2 observed_next=2 qpc=3109104469002 duration_ticks=160679 hr=0x00000000
present frame=1043 source_index=2 allocator_index=2 expected_next=0 observed_next=0 qpc=3109104635750 duration_ticks=162035 hr=0x00000000
present frame=1044 source_index=0 allocator_index=0 expected_next=1 observed_next=1 qpc=3109104801756 duration_ticks=166969 hr=0x00000000
present frame=1045 source_index=1 allocator_index=1 expected_next=2 observed_next=2 qpc=3109104972762 duration_ticks=160099 hr=0x00000000
present frame=1046 source_index=2 allocator_index=2 expected_next=0 observed_next=0 qpc=3109105136967 duration_ticks=162996 hr=0x00000000
present frame=1047 source_index=0 allocator_index=0 expected_next=1 observed_next=1 qpc=3109105304370 duration_ticks=163730 hr=0x00000000
present frame=1048 source_index=1 allocator_index=1 expected_next=2 observed_next=2 qpc=3109105475235 duration_ticks=157524 hr=0x00000000
present frame=1049 source_index=2 allocator_index=2 expected_next=0 observed_next=0 qpc=3109105636510 duration_ticks=163298 hr=0x00000000
present frame=1050 source_index=0 allocator_index=0 expected_next=1 observed_next=1 qpc=3109105825241 duration_ticks=138900 hr=0x00000000
present frame=1051 source_index=1 allocator_index=1 expected_next=2 observed_next=2 qpc=3109105966329 duration_ticks=161058 hr=0x00000000
present frame=1052 source_index=2 allocator_index=2 expected_next=0 observed_next=0 qpc=3109106128452 duration_ticks=158972 hr=0x00000000
present frame=1053 source_index=0 allocator_index=0 expected_next=1 observed_next=1 qpc=3109106287948 duration_ticks=166809 hr=0x00000000
present frame=1054 source_index=1 allocator_index=1 expected_next=2 observed_next=2 qpc=3109106455201 duration_ticks=165116 hr=0x00000000
present frame=1055 source_index=2 allocator_index=2 expected_next=0 observed_next=0 qpc=3109106621348 duration_ticks=167094 hr=0x00000000
present frame=1056 source_index=0 allocator_index=0 expected_next=1 observed_next=1 qpc=3109106789455 duration_ticks=164783 hr=0x00000000
present frame=1057 source_index=1 allocator_index=1 expected_next=2 observed_next=2 qpc=3109106955283 duration_ticks=166161 hr=0x00000000
present frame=1058 source_index=2 allocator_index=2 expected_next=0 observed_next=0 qpc=3109107122171 duration_ticks=164851 hr=0x00000000
present frame=1059 source_index=0 allocator_index=0 expected_next=1 observed_next=1 qpc=3109107287429 duration_ticks=165330 hr=0x00000000
present frame=1060 source_index=1 allocator_index=1 expected_next=2 observed_next=2 qpc=3109107453132 duration_ticks=166848 hr=0x00000000
present frame=1061 source_index=2 allocator_index=2 expected_next=0 observed_next=0 qpc=3109107620320 duration_ticks=166899 hr=0x00000000
present frame=1062 source_index=0 allocator_index=0 expected_next=1 observed_next=1 qpc=3109107787527 duration_ticks=167335 hr=0x00000000
present frame=1063 source_index=1 allocator_index=1 expected_next=2 observed_next=2 qpc=3109107955138 duration_ticks=165206 hr=0x00000000
present frame=1064 source_index=2 allocator_index=2 expected_next=0 observed_next=0 qpc=3109108120783 duration_ticks=166629 hr=0x00000000
present frame=1065 source_index=0 allocator_index=0 expected_next=1 observed_next=1 qpc=3109108288092 duration_ticks=166788 hr=0x00000000
present frame=1066 source_index=1 allocator_index=1 expected_next=2 observed_next=2 qpc=3109108455510 duration_ticks=170220 hr=0x00000000
present frame=1067 source_index=2 allocator_index=2 expected_next=0 observed_next=0 qpc=3109108626277 duration_ticks=164657 hr=0x00000000
present frame=1068 source_index=0 allocator_index=0 expected_next=1 observed_next=1 qpc=3109108791520 duration_ticks=168250 hr=0x00000000
present frame=1069 source_index=1 allocator_index=1 expected_next=2 observed_next=2 qpc=3109108962977 duration_ticks=169809 hr=0x00000000
present frame=1070 source_index=2 allocator_index=2 expected_next=0 observed_next=0 qpc=3109109139178 duration_ticks=157777 hr=0x00000000
present frame=1071 source_index=0 allocator_index=0 expected_next=1 observed_next=1 qpc=3109109306131 duration_ticks=158572 hr=0x00000000
present frame=1072 source_index=1 allocator_index=1 expected_next=2 observed_next=2 qpc=3109109471739 duration_ticks=157496 hr=0x00000000
present frame=1073 source_index=2 allocator_index=2 expected_next=0 observed_next=0 qpc=3109109634886 duration_ticks=162130 hr=0x00000000
present frame=1074 source_index=0 allocator_index=0 expected_next=1 observed_next=1 qpc=3109109803255 duration_ticks=161441 hr=0x00000000
present frame=1075 source_index=1 allocator_index=1 expected_next=2 observed_next=2 qpc=3109109969957 duration_ticks=155992 hr=0x00000000
present frame=1076 source_index=2 allocator_index=2 expected_next=0 observed_next=0 qpc=3109110126764 duration_ticks=169051 hr=0x00000000
present frame=1077 source_index=0 allocator_index=0 expected_next=1 observed_next=1 qpc=3109110302631 duration_ticks=160556 hr=0x00000000
present frame=1078 source_index=1 allocator_index=1 expected_next=2 observed_next=2 qpc=3109110467736 duration_ticks=161264 hr=0x00000000
present frame=1079 source_index=2 allocator_index=2 expected_next=0 observed_next=0 qpc=3109110633606 duration_ticks=162423 hr=0x00000000
present frame=1080 source_index=0 allocator_index=0 expected_next=1 observed_next=1 qpc=3109110805172 duration_ticks=158594 hr=0x00000000
present frame=1081 source_index=1 allocator_index=1 expected_next=2 observed_next=2 qpc=3109110969712 duration_ticks=159754 hr=0x00000000
present frame=1082 source_index=2 allocator_index=2 expected_next=0 observed_next=0 qpc=3109111135392 duration_ticks=161707 hr=0x00000000
present frame=1083 source_index=0 allocator_index=0 expected_next=1 observed_next=1 qpc=3109111301050 duration_ticks=162612 hr=0x00000000
present frame=1084 source_index=1 allocator_index=1 expected_next=2 observed_next=2 qpc=3109111473025 duration_ticks=158825 hr=0x00000000
present frame=1085 source_index=2 allocator_index=2 expected_next=0 observed_next=0 qpc=3109111638226 duration_ticks=158579 hr=0x00000000
present frame=1086 source_index=0 allocator_index=0 expected_next=1 observed_next=1 qpc=3109111802194 duration_ticks=163753 hr=0x00000000
present frame=1087 source_index=1 allocator_index=1 expected_next=2 observed_next=2 qpc=3109111976914 duration_ticks=152641 hr=0x00000000
present frame=1088 source_index=2 allocator_index=2 expected_next=0 observed_next=0 qpc=3109112134453 duration_ticks=163915 hr=0x00000000
present frame=1089 source_index=0 allocator_index=0 expected_next=1 observed_next=1 qpc=3109112302503 duration_ticks=163812 hr=0x00000000
present frame=1090 source_index=1 allocator_index=1 expected_next=2 observed_next=2 qpc=3109112470098 duration_ticks=161792 hr=0x00000000
present frame=1091 source_index=2 allocator_index=2 expected_next=0 observed_next=0 qpc=3109112635361 duration_ticks=165940 hr=0x00000000
present frame=1092 source_index=0 allocator_index=0 expected_next=1 observed_next=1 qpc=3109112805492 duration_ticks=161239 hr=0x00000000
present frame=1093 source_index=1 allocator_index=1 expected_next=2 observed_next=2 qpc=3109112970760 duration_ticks=170580 hr=0x00000000
present frame=1094 source_index=2 allocator_index=2 expected_next=0 observed_next=0 qpc=3109113158530 duration_ticks=140239 hr=0x00000000
present frame=1095 source_index=0 allocator_index=0 expected_next=1 observed_next=1 qpc=3109113302855 duration_ticks=163098 hr=0x00000000
present frame=1096 source_index=1 allocator_index=1 expected_next=2 observed_next=2 qpc=3109113472587 duration_ticks=160325 hr=0x00000000
present frame=1097 source_index=2 allocator_index=2 expected_next=0 observed_next=0 qpc=3109113636678 duration_ticks=160737 hr=0x00000000
present frame=1098 source_index=0 allocator_index=0 expected_next=1 observed_next=1 qpc=3109113801091 duration_ticks=164793 hr=0x00000000
present frame=1099 source_index=1 allocator_index=1 expected_next=2 observed_next=2 qpc=3109113970003 duration_ticks=162429 hr=0x00000000
present frame=1100 source_index=2 allocator_index=2 expected_next=0 observed_next=0 qpc=3109114136839 duration_ticks=165125 hr=0x00000000
present frame=1101 source_index=0 allocator_index=0 expected_next=1 observed_next=1 qpc=3109114305809 duration_ticks=160516 hr=0x00000000
present frame=1102 source_index=1 allocator_index=1 expected_next=2 observed_next=2 qpc=3109114470724 duration_ticks=162596 hr=0x00000000
present frame=1103 source_index=2 allocator_index=2 expected_next=0 observed_next=0 qpc=3109114643276 duration_ticks=156074 hr=0x00000000
present frame=1104 source_index=0 allocator_index=0 expected_next=1 observed_next=1 qpc=3109114803089 duration_ticks=160741 hr=0x00000000
present frame=1105 source_index=1 allocator_index=1 expected_next=2 observed_next=2 qpc=3109114967416 duration_ticks=163956 hr=0x00000000
present frame=1106 source_index=2 allocator_index=2 expected_next=0 observed_next=0 qpc=3109115135132 duration_ticks=161369 hr=0x00000000
present frame=1107 source_index=0 allocator_index=0 expected_next=1 observed_next=1 qpc=3109115299947 duration_ticks=165644 hr=0x00000000
present frame=1108 source_index=1 allocator_index=1 expected_next=2 observed_next=2 qpc=3109115470630 duration_ticks=161292 hr=0x00000000
present frame=1109 source_index=2 allocator_index=2 expected_next=0 observed_next=0 qpc=3109115637196 duration_ticks=161276 hr=0x00000000
present frame=1110 source_index=0 allocator_index=0 expected_next=1 observed_next=1 qpc=3109115803812 duration_ticks=161976 hr=0x00000000
present frame=1111 source_index=1 allocator_index=1 expected_next=2 observed_next=2 qpc=3109115969976 duration_ticks=160900 hr=0x00000000
present frame=1112 source_index=2 allocator_index=2 expected_next=0 observed_next=0 qpc=3109116134887 duration_ticks=162645 hr=0x00000000
present frame=1113 source_index=0 allocator_index=0 expected_next=1 observed_next=1 qpc=3109116301461 duration_ticks=166016 hr=0x00000000
present frame=1114 source_index=1 allocator_index=1 expected_next=2 observed_next=2 qpc=3109116521562 duration_ticks=101096 hr=0x00000000
present frame=1115 source_index=2 allocator_index=2 expected_next=0 observed_next=0 qpc=3109116623488 duration_ticks=162994 hr=0x00000000
present frame=1116 source_index=0 allocator_index=0 expected_next=1 observed_next=1 qpc=3109116787110 duration_ticks=166440 hr=0x00000000
present frame=1117 source_index=1 allocator_index=1 expected_next=2 observed_next=2 qpc=3109116954125 duration_ticks=174074 hr=0x00000000
present frame=1118 source_index=2 allocator_index=2 expected_next=0 observed_next=0 qpc=3109117131062 duration_ticks=164376 hr=0x00000000
present frame=1119 source_index=0 allocator_index=0 expected_next=1 observed_next=1 qpc=3109117298451 duration_ticks=162894 hr=0x00000000
present frame=1120 source_index=1 allocator_index=1 expected_next=2 observed_next=2 qpc=3109117464070 duration_ticks=164877 hr=0x00000000
present frame=1121 source_index=2 allocator_index=2 expected_next=0 observed_next=0 qpc=3109117631746 duration_ticks=164920 hr=0x00000000
present frame=1122 source_index=0 allocator_index=0 expected_next=1 observed_next=1 qpc=3109117799951 duration_ticks=163037 hr=0x00000000
present frame=1123 source_index=1 allocator_index=1 expected_next=2 observed_next=2 qpc=3109117966271 duration_ticks=167387 hr=0x00000000
present frame=1124 source_index=2 allocator_index=2 expected_next=0 observed_next=0 qpc=3109118141203 duration_ticks=156945 hr=0x00000000
present frame=1125 source_index=0 allocator_index=0 expected_next=1 observed_next=1 qpc=3109118303534 duration_ticks=161975 hr=0x00000000
present frame=1126 source_index=1 allocator_index=1 expected_next=2 observed_next=2 qpc=3109118472222 duration_ticks=160673 hr=0x00000000
present frame=1127 source_index=2 allocator_index=2 expected_next=0 observed_next=0 qpc=3109118636877 duration_ticks=163720 hr=0x00000000
present frame=1128 source_index=0 allocator_index=0 expected_next=1 observed_next=1 qpc=3109118804496 duration_ticks=161639 hr=0x00000000
present frame=1129 source_index=1 allocator_index=1 expected_next=2 observed_next=2 qpc=3109118970175 duration_ticks=161121 hr=0x00000000
present frame=1130 source_index=2 allocator_index=2 expected_next=0 observed_next=0 qpc=3109119136125 duration_ticks=163107 hr=0x00000000
present frame=1131 source_index=0 allocator_index=0 expected_next=1 observed_next=1 qpc=3109119305599 duration_ticks=161113 hr=0x00000000
present frame=1132 source_index=1 allocator_index=1 expected_next=2 observed_next=2 qpc=3109119476684 duration_ticks=153480 hr=0x00000000
present frame=1133 source_index=2 allocator_index=2 expected_next=0 observed_next=0 qpc=3109119638198 duration_ticks=158085 hr=0x00000000
present frame=1134 source_index=0 allocator_index=0 expected_next=1 observed_next=1 qpc=3109119800136 duration_ticks=162561 hr=0x00000000
present frame=1135 source_index=1 allocator_index=1 expected_next=2 observed_next=2 qpc=3109119968512 duration_ticks=163460 hr=0x00000000
present frame=1136 source_index=2 allocator_index=2 expected_next=0 observed_next=0 qpc=3109120135810 duration_ticks=160840 hr=0x00000000
present frame=1137 source_index=0 allocator_index=0 expected_next=1 observed_next=1 qpc=3109120300417 duration_ticks=164460 hr=0x00000000
present frame=1138 source_index=1 allocator_index=1 expected_next=2 observed_next=2 qpc=3109120470570 duration_ticks=158168 hr=0x00000000
present frame=1139 source_index=2 allocator_index=2 expected_next=0 observed_next=0 qpc=3109120632366 duration_ticks=165354 hr=0x00000000
present frame=1140 source_index=0 allocator_index=0 expected_next=1 observed_next=1 qpc=3109120803018 duration_ticks=163796 hr=0x00000000
present frame=1141 source_index=1 allocator_index=1 expected_next=2 observed_next=2 qpc=3109120971108 duration_ticks=161882 hr=0x00000000
present frame=1142 source_index=2 allocator_index=2 expected_next=0 observed_next=0 qpc=3109121142569 duration_ticks=154025 hr=0x00000000
present frame=1143 source_index=0 allocator_index=0 expected_next=1 observed_next=1 qpc=3109121300082 duration_ticks=164213 hr=0x00000000
present frame=1144 source_index=1 allocator_index=1 expected_next=2 observed_next=2 qpc=3109121467938 duration_ticks=162144 hr=0x00000000
present frame=1145 source_index=2 allocator_index=2 expected_next=0 observed_next=0 qpc=3109121633719 duration_ticks=163776 hr=0x00000000
present frame=1146 source_index=0 allocator_index=0 expected_next=1 observed_next=1 qpc=3109121805836 duration_ticks=162234 hr=0x00000000
present frame=1147 source_index=1 allocator_index=1 expected_next=2 observed_next=2 qpc=3109121973747 duration_ticks=158223 hr=0x00000000
present frame=1148 source_index=2 allocator_index=2 expected_next=0 observed_next=0 qpc=3109122138593 duration_ticks=160744 hr=0x00000000
present frame=1149 source_index=0 allocator_index=0 expected_next=1 observed_next=1 qpc=3109122303584 duration_ticks=161005 hr=0x00000000
present frame=1150 source_index=1 allocator_index=1 expected_next=2 observed_next=2 qpc=3109122468230 duration_ticks=164156 hr=0x00000000
present frame=1151 source_index=2 allocator_index=2 expected_next=0 observed_next=0 qpc=3109122636681 duration_ticks=162571 hr=0x00000000
present frame=1152 source_index=0 allocator_index=0 expected_next=1 observed_next=1 qpc=3109122803847 duration_ticks=160102 hr=0x00000000
present frame=1153 source_index=1 allocator_index=1 expected_next=2 observed_next=2 qpc=3109122968124 duration_ticks=165608 hr=0x00000000
present frame=1154 source_index=2 allocator_index=2 expected_next=0 observed_next=0 qpc=3109123137718 duration_ticks=161781 hr=0x00000000
present frame=1155 source_index=0 allocator_index=0 expected_next=1 observed_next=1 qpc=3109123303590 duration_ticks=163323 hr=0x00000000
present frame=1156 source_index=1 allocator_index=1 expected_next=2 observed_next=2 qpc=3109123473308 duration_ticks=158896 hr=0x00000000
present frame=1157 source_index=2 allocator_index=2 expected_next=0 observed_next=0 qpc=3109123636279 duration_ticks=161388 hr=0x00000000
present frame=1158 source_index=0 allocator_index=0 expected_next=1 observed_next=1 qpc=3109123801571 duration_ticks=166613 hr=0x00000000
present frame=1159 source_index=1 allocator_index=1 expected_next=2 observed_next=2 qpc=3109123972249 duration_ticks=159817 hr=0x00000000
present frame=1160 source_index=2 allocator_index=2 expected_next=0 observed_next=0 qpc=3109124136004 duration_ticks=165358 hr=0x00000000
present frame=1161 source_index=0 allocator_index=0 expected_next=1 observed_next=1 qpc=3109124305975 duration_ticks=161060 hr=0x00000000
present frame=1162 source_index=1 allocator_index=1 expected_next=2 observed_next=2 qpc=3109124470928 duration_ticks=164532 hr=0x00000000
present frame=1163 source_index=2 allocator_index=2 expected_next=0 observed_next=0 qpc=3109124639583 duration_ticks=160508 hr=0x00000000
present frame=1164 source_index=0 allocator_index=0 expected_next=1 observed_next=1 qpc=3109124809057 duration_ticks=157476 hr=0x00000000
present frame=1165 source_index=1 allocator_index=1 expected_next=2 observed_next=2 qpc=3109124972640 duration_ticks=159946 hr=0x00000000
present frame=1166 source_index=2 allocator_index=2 expected_next=0 observed_next=0 qpc=3109125136533 duration_ticks=162140 hr=0x00000000
present frame=1167 source_index=0 allocator_index=0 expected_next=1 observed_next=1 qpc=3109125302774 duration_ticks=166181 hr=0x00000000
present frame=1168 source_index=1 allocator_index=1 expected_next=2 observed_next=2 qpc=3109125472941 duration_ticks=159640 hr=0x00000000
present frame=1169 source_index=2 allocator_index=2 expected_next=0 observed_next=0 qpc=3109125636567 duration_ticks=165859 hr=0x00000000
present frame=1170 source_index=0 allocator_index=0 expected_next=1 observed_next=1 qpc=3109125806411 duration_ticks=159923 hr=0x00000000
present frame=1171 source_index=1 allocator_index=1 expected_next=2 observed_next=2 qpc=3109125970566 duration_ticks=165349 hr=0x00000000
present frame=1172 source_index=2 allocator_index=2 expected_next=0 observed_next=0 qpc=3109126143756 duration_ticks=156166 hr=0x00000000
present frame=1173 source_index=0 allocator_index=0 expected_next=1 observed_next=1 qpc=3109126303961 duration_ticks=161478 hr=0x00000000
present frame=1174 source_index=1 allocator_index=1 expected_next=2 observed_next=2 qpc=3109126524132 duration_ticks=103148 hr=0x00000000
present frame=1175 source_index=2 allocator_index=2 expected_next=0 observed_next=0 qpc=3109126627799 duration_ticks=163484 hr=0x00000000
present frame=1176 source_index=0 allocator_index=0 expected_next=1 observed_next=1 qpc=3109126791835 duration_ticks=166394 hr=0x00000000
present frame=1177 source_index=1 allocator_index=1 expected_next=2 observed_next=2 qpc=3109126958775 duration_ticks=173808 hr=0x00000000
present frame=1178 source_index=2 allocator_index=2 expected_next=0 observed_next=0 qpc=3109127136077 duration_ticks=167835 hr=0x00000000
present frame=1179 source_index=0 allocator_index=0 expected_next=1 observed_next=1 qpc=3109127309126 duration_ticks=158064 hr=0x00000000
present frame=1180 source_index=1 allocator_index=1 expected_next=2 observed_next=2 qpc=3109127471473 duration_ticks=161630 hr=0x00000000
present frame=1181 source_index=2 allocator_index=2 expected_next=0 observed_next=0 qpc=3109127645315 duration_ticks=151186 hr=0x00000000
present frame=1182 source_index=0 allocator_index=0 expected_next=1 observed_next=1 qpc=3109127800126 duration_ticks=167294 hr=0x00000000
present frame=1183 source_index=1 allocator_index=1 expected_next=2 observed_next=2 qpc=3109127973672 duration_ticks=158250 hr=0x00000000
present frame=1184 source_index=2 allocator_index=2 expected_next=0 observed_next=0 qpc=3109128136655 duration_ticks=160112 hr=0x00000000
present frame=1185 source_index=0 allocator_index=0 expected_next=1 observed_next=1 qpc=3109128301019 duration_ticks=167879 hr=0x00000000
present frame=1186 source_index=1 allocator_index=1 expected_next=2 observed_next=2 qpc=3109128473128 duration_ticks=159671 hr=0x00000000
present frame=1187 source_index=2 allocator_index=2 expected_next=0 observed_next=0 qpc=3109128637444 duration_ticks=160750 hr=0x00000000
present frame=1188 source_index=0 allocator_index=0 expected_next=1 observed_next=1 qpc=3109128804239 duration_ticks=162190 hr=0x00000000
present frame=1189 source_index=1 allocator_index=1 expected_next=2 observed_next=2 qpc=3109128982218 duration_ticks=148656 hr=0x00000000
present frame=1190 source_index=2 allocator_index=2 expected_next=0 observed_next=0 qpc=3109129135311 duration_ticks=163157 hr=0x00000000
present frame=1191 source_index=0 allocator_index=0 expected_next=1 observed_next=1 qpc=3109129302452 duration_ticks=164163 hr=0x00000000
present frame=1192 source_index=1 allocator_index=1 expected_next=2 observed_next=2 qpc=3109129481747 duration_ticks=150226 hr=0x00000000
present frame=1193 source_index=2 allocator_index=2 expected_next=0 observed_next=0 qpc=3109129635647 duration_ticks=163223 hr=0x00000000
present frame=1194 source_index=0 allocator_index=0 expected_next=1 observed_next=1 qpc=3109129802761 duration_ticks=154566 hr=0x00000000
present frame=1195 source_index=1 allocator_index=1 expected_next=2 observed_next=2 qpc=3109129958320 duration_ticks=167571 hr=0x00000000
present frame=1196 source_index=2 allocator_index=2 expected_next=0 observed_next=0 qpc=3109130126701 duration_ticks=169955 hr=0x00000000
present frame=1197 source_index=0 allocator_index=0 expected_next=1 observed_next=1 qpc=3109130307990 duration_ticks=156325 hr=0x00000000
present frame=1198 source_index=1 allocator_index=1 expected_next=2 observed_next=2 qpc=3109130469037 duration_ticks=161705 hr=0x00000000
present frame=1199 source_index=2 allocator_index=2 expected_next=0 observed_next=0 qpc=3109130636630 duration_ticks=161922 hr=0x00000000
present frame=1200 source_index=0 allocator_index=0 expected_next=1 observed_next=1 qpc=3109130805190 duration_ticks=157700 hr=0x00000000
present frame=1201 source_index=1 allocator_index=1 expected_next=2 observed_next=2 qpc=3109130968497 duration_ticks=164387 hr=0x00000000
present frame=1202 source_index=2 allocator_index=2 expected_next=0 observed_next=0 qpc=3109131138545 duration_ticks=160371 hr=0x00000000
present frame=1203 source_index=0 allocator_index=0 expected_next=1 observed_next=1 qpc=3109131302619 duration_ticks=163378 hr=0x00000000
present frame=1204 source_index=1 allocator_index=1 expected_next=2 observed_next=2 qpc=3109131476266 duration_ticks=154494 hr=0x00000000
present frame=1205 source_index=2 allocator_index=2 expected_next=0 observed_next=0 qpc=3109131636861 duration_ticks=161181 hr=0x00000000
present frame=1206 source_index=0 allocator_index=0 expected_next=1 observed_next=1 qpc=3109131801795 duration_ticks=162885 hr=0x00000000
present frame=1207 source_index=1 allocator_index=1 expected_next=2 observed_next=2 qpc=3109131969427 duration_ticks=161951 hr=0x00000000
present frame=1208 source_index=2 allocator_index=2 expected_next=0 observed_next=0 qpc=3109132131987 duration_ticks=162808 hr=0x00000000
present frame=1209 source_index=0 allocator_index=0 expected_next=1 observed_next=1 qpc=3109132296228 duration_ticks=157253 hr=0x00000000
present frame=1210 source_index=1 allocator_index=1 expected_next=2 observed_next=2 qpc=3109132453992 duration_ticks=166019 hr=0x00000000
present frame=1211 source_index=2 allocator_index=2 expected_next=0 observed_next=0 qpc=3109132620452 duration_ticks=166388 hr=0x00000000
present frame=1212 source_index=0 allocator_index=0 expected_next=1 observed_next=1 qpc=3109132787317 duration_ticks=166212 hr=0x00000000
present frame=1213 source_index=1 allocator_index=1 expected_next=2 observed_next=2 qpc=3109132954015 duration_ticks=164849 hr=0x00000000
present frame=1214 source_index=2 allocator_index=2 expected_next=0 observed_next=0 qpc=3109133119668 duration_ticks=167242 hr=0x00000000
present frame=1215 source_index=0 allocator_index=0 expected_next=1 observed_next=1 qpc=3109133288092 duration_ticks=164218 hr=0x00000000
present frame=1216 source_index=1 allocator_index=1 expected_next=2 observed_next=2 qpc=3109133453407 duration_ticks=166980 hr=0x00000000
present frame=1217 source_index=2 allocator_index=2 expected_next=0 observed_next=0 qpc=3109133620915 duration_ticks=165072 hr=0x00000000
present frame=1218 source_index=0 allocator_index=0 expected_next=1 observed_next=1 qpc=3109133786384 duration_ticks=166398 hr=0x00000000
present frame=1219 source_index=1 allocator_index=1 expected_next=2 observed_next=2 qpc=3109133953226 duration_ticks=165877 hr=0x00000000
present frame=1220 source_index=2 allocator_index=2 expected_next=0 observed_next=0 qpc=3109134119406 duration_ticks=165833 hr=0x00000000
present frame=1221 source_index=0 allocator_index=0 expected_next=1 observed_next=1 qpc=3109134285544 duration_ticks=168338 hr=0x00000000
present frame=1222 source_index=1 allocator_index=1 expected_next=2 observed_next=2 qpc=3109134454172 duration_ticks=166291 hr=0x00000000
present frame=1223 source_index=2 allocator_index=2 expected_next=0 observed_next=0 qpc=3109134620762 duration_ticks=166882 hr=0x00000000
present frame=1224 source_index=0 allocator_index=0 expected_next=1 observed_next=1 qpc=3109134788031 duration_ticks=166359 hr=0x00000000
present frame=1225 source_index=1 allocator_index=1 expected_next=2 observed_next=2 qpc=3109134954886 duration_ticks=169689 hr=0x00000000
present frame=1226 source_index=2 allocator_index=2 expected_next=0 observed_next=0 qpc=3109135125030 duration_ticks=165635 hr=0x00000000
present frame=1227 source_index=0 allocator_index=0 expected_next=1 observed_next=1 qpc=3109135291187 duration_ticks=168260 hr=0x00000000
present frame=1228 source_index=1 allocator_index=1 expected_next=2 observed_next=2 qpc=3109135461812 duration_ticks=166331 hr=0x00000000
present frame=1229 source_index=2 allocator_index=2 expected_next=0 observed_next=0 qpc=3109135633078 duration_ticks=166024 hr=0x00000000
present frame=1230 source_index=0 allocator_index=0 expected_next=1 observed_next=1 qpc=3109135802985 duration_ticks=161036 hr=0x00000000
present frame=1231 source_index=1 allocator_index=1 expected_next=2 observed_next=2 qpc=3109135971930 duration_ticks=165453 hr=0x00000000
present frame=1232 source_index=2 allocator_index=2 expected_next=0 observed_next=0 qpc=3109136141667 duration_ticks=158430 hr=0x00000000
present frame=1233 source_index=0 allocator_index=0 expected_next=1 observed_next=1 qpc=3109136308000 duration_ticks=163706 hr=0x00000000
present frame=1234 source_index=1 allocator_index=1 expected_next=2 observed_next=2 qpc=3109136541162 duration_ticks=85181 hr=0x00000000
present frame=1235 source_index=2 allocator_index=2 expected_next=0 observed_next=0 qpc=3109136626862 duration_ticks=164180 hr=0x00000000
present frame=1236 source_index=0 allocator_index=0 expected_next=1 observed_next=1 qpc=3109136791371 duration_ticks=166158 hr=0x00000000
present frame=1237 source_index=1 allocator_index=1 expected_next=2 observed_next=2 qpc=3109136958007 duration_ticks=175405 hr=0x00000000
present frame=1238 source_index=2 allocator_index=2 expected_next=0 observed_next=0 qpc=3109137137541 duration_ticks=164569 hr=0x00000000
present frame=1239 source_index=0 allocator_index=0 expected_next=1 observed_next=1 qpc=3109137305951 duration_ticks=159289 hr=0x00000000
present frame=1240 source_index=1 allocator_index=1 expected_next=2 observed_next=2 qpc=3109137469841 duration_ticks=165371 hr=0x00000000
present frame=1241 source_index=2 allocator_index=2 expected_next=0 observed_next=0 qpc=3109137639188 duration_ticks=158502 hr=0x00000000
present frame=1242 source_index=0 allocator_index=0 expected_next=1 observed_next=1 qpc=3109137801920 duration_ticks=164140 hr=0x00000000
present frame=1243 source_index=1 allocator_index=1 expected_next=2 observed_next=2 qpc=3109137974062 duration_ticks=157929 hr=0x00000000
present frame=1244 source_index=2 allocator_index=2 expected_next=0 observed_next=0 qpc=3109138138657 duration_ticks=162537 hr=0x00000000
present frame=1245 source_index=0 allocator_index=0 expected_next=1 observed_next=1 qpc=3109138305188 duration_ticks=159726 hr=0x00000000
present frame=1246 source_index=1 allocator_index=1 expected_next=2 observed_next=2 qpc=3109138468456 duration_ticks=164101 hr=0x00000000
present frame=1247 source_index=2 allocator_index=2 expected_next=0 observed_next=0 qpc=3109138636568 duration_ticks=162854 hr=0x00000000
present frame=1248 source_index=0 allocator_index=0 expected_next=1 observed_next=1 qpc=3109138810526 duration_ticks=156823 hr=0x00000000
present frame=1249 source_index=1 allocator_index=1 expected_next=2 observed_next=2 qpc=3109138971350 duration_ticks=161602 hr=0x00000000
present frame=1250 source_index=2 allocator_index=2 expected_next=0 observed_next=0 qpc=3109139137915 duration_ticks=160283 hr=0x00000000
present frame=1251 source_index=0 allocator_index=0 expected_next=1 observed_next=1 qpc=3109139306697 duration_ticks=158615 hr=0x00000000
present frame=1252 source_index=1 allocator_index=1 expected_next=2 observed_next=2 qpc=3109139473306 duration_ticks=153033 hr=0x00000000
present frame=1253 source_index=2 allocator_index=2 expected_next=0 observed_next=0 qpc=3109139627861 duration_ticks=165909 hr=0x00000000
present frame=1254 source_index=0 allocator_index=0 expected_next=1 observed_next=1 qpc=3109139795602 duration_ticks=164918 hr=0x00000000
present frame=1255 source_index=1 allocator_index=1 expected_next=2 observed_next=2 qpc=3109139961822 duration_ticks=166298 hr=0x00000000
present frame=1256 source_index=2 allocator_index=2 expected_next=0 observed_next=0 qpc=3109140130564 duration_ticks=162213 hr=0x00000000
present frame=1257 source_index=0 allocator_index=0 expected_next=1 observed_next=1 qpc=3109140293902 duration_ticks=164695 hr=0x00000000
present frame=1258 source_index=1 allocator_index=1 expected_next=2 observed_next=2 qpc=3109140459416 duration_ticks=165286 hr=0x00000000
present frame=1259 source_index=2 allocator_index=2 expected_next=0 observed_next=0 qpc=3109140625554 duration_ticks=169113 hr=0x00000000
present frame=1260 source_index=0 allocator_index=0 expected_next=1 observed_next=1 qpc=3109140800009 duration_ticks=159963 hr=0x00000000
present frame=1261 source_index=1 allocator_index=1 expected_next=2 observed_next=2 qpc=3109140961202 duration_ticks=164055 hr=0x00000000
present frame=1262 source_index=2 allocator_index=2 expected_next=0 observed_next=0 qpc=3109141126065 duration_ticks=167248 hr=0x00000000
present frame=1263 source_index=0 allocator_index=0 expected_next=1 observed_next=1 qpc=3109141294230 duration_ticks=166845 hr=0x00000000
present frame=1264 source_index=1 allocator_index=1 expected_next=2 observed_next=2 qpc=3109141462148 duration_ticks=164095 hr=0x00000000
present frame=1265 source_index=2 allocator_index=2 expected_next=0 observed_next=0 qpc=3109141627291 duration_ticks=164903 hr=0x00000000
present frame=1266 source_index=0 allocator_index=0 expected_next=1 observed_next=1 qpc=3109141793131 duration_ticks=165961 hr=0x00000000
present frame=1267 source_index=1 allocator_index=1 expected_next=2 observed_next=2 qpc=3109141960036 duration_ticks=168493 hr=0x00000000
present frame=1268 source_index=2 allocator_index=2 expected_next=0 observed_next=0 qpc=3109142130125 duration_ticks=161136 hr=0x00000000
present frame=1269 source_index=0 allocator_index=0 expected_next=1 observed_next=1 qpc=3109142292363 duration_ticks=159630 hr=0x00000000
present frame=1270 source_index=1 allocator_index=1 expected_next=2 observed_next=2 qpc=3109142452552 duration_ticks=165278 hr=0x00000000
present frame=1271 source_index=2 allocator_index=2 expected_next=0 observed_next=0 qpc=3109142618332 duration_ticks=169607 hr=0x00000000
present frame=1272 source_index=0 allocator_index=0 expected_next=1 observed_next=1 qpc=3109142788752 duration_ticks=165280 hr=0x00000000
present frame=1273 source_index=1 allocator_index=1 expected_next=2 observed_next=2 qpc=3109142954788 duration_ticks=165420 hr=0x00000000
present frame=1274 source_index=2 allocator_index=2 expected_next=0 observed_next=0 qpc=3109143120770 duration_ticks=167815 hr=0x00000000
present frame=1275 source_index=0 allocator_index=0 expected_next=1 observed_next=1 qpc=3109143289493 duration_ticks=163007 hr=0x00000000
present frame=1276 source_index=1 allocator_index=1 expected_next=2 observed_next=2 qpc=3109143452995 duration_ticks=165543 hr=0x00000000
present frame=1277 source_index=2 allocator_index=2 expected_next=0 observed_next=0 qpc=3109143618964 duration_ticks=166948 hr=0x00000000
present frame=1278 source_index=0 allocator_index=0 expected_next=1 observed_next=1 qpc=3109143786377 duration_ticks=166672 hr=0x00000000
present frame=1279 source_index=1 allocator_index=1 expected_next=2 observed_next=2 qpc=3109143953391 duration_ticks=165468 hr=0x00000000
present frame=1280 source_index=2 allocator_index=2 expected_next=0 observed_next=0 qpc=3109144119274 duration_ticks=166820 hr=0x00000000
present frame=1281 source_index=0 allocator_index=0 expected_next=1 observed_next=1 qpc=3109144286465 duration_ticks=164851 hr=0x00000000
present frame=1282 source_index=1 allocator_index=1 expected_next=2 observed_next=2 qpc=3109144451627 duration_ticks=169464 hr=0x00000000
present frame=1283 source_index=2 allocator_index=2 expected_next=0 observed_next=0 qpc=3109144621540 duration_ticks=165981 hr=0x00000000
present frame=1284 source_index=0 allocator_index=0 expected_next=1 observed_next=1 qpc=3109144787877 duration_ticks=166375 hr=0x00000000
present frame=1285 source_index=1 allocator_index=1 expected_next=2 observed_next=2 qpc=3109144955480 duration_ticks=163184 hr=0x00000000
present frame=1286 source_index=2 allocator_index=2 expected_next=0 observed_next=0 qpc=3109145119643 duration_ticks=167346 hr=0x00000000
present frame=1287 source_index=0 allocator_index=0 expected_next=1 observed_next=1 qpc=3109145287842 duration_ticks=166057 hr=0x00000000
present frame=1288 source_index=1 allocator_index=1 expected_next=2 observed_next=2 qpc=3109145454344 duration_ticks=165266 hr=0x00000000
present frame=1289 source_index=2 allocator_index=2 expected_next=0 observed_next=0 qpc=3109145620282 duration_ticks=167535 hr=0x00000000
present frame=1290 source_index=0 allocator_index=0 expected_next=1 observed_next=1 qpc=3109145788245 duration_ticks=165154 hr=0x00000000
present frame=1291 source_index=1 allocator_index=1 expected_next=2 observed_next=2 qpc=3109145954069 duration_ticks=168058 hr=0x00000000
present frame=1292 source_index=2 allocator_index=2 expected_next=0 observed_next=0 qpc=3109146122919 duration_ticks=166092 hr=0x00000000
present frame=1293 source_index=0 allocator_index=0 expected_next=1 observed_next=1 qpc=3109146290119 duration_ticks=166678 hr=0x00000000
present frame=1294 source_index=1 allocator_index=1 expected_next=2 observed_next=2 qpc=3109146457460 duration_ticks=165535 hr=0x00000000
present frame=1295 source_index=2 allocator_index=2 expected_next=0 observed_next=0 qpc=3109146624757 duration_ticks=173367 hr=0x00000000
present frame=1296 source_index=0 allocator_index=0 expected_next=1 observed_next=1 qpc=3109146801468 duration_ticks=157906 hr=0x00000000
present frame=1297 source_index=1 allocator_index=1 expected_next=2 observed_next=2 qpc=3109146960165 duration_ticks=166905 hr=0x00000000
present frame=1298 source_index=2 allocator_index=2 expected_next=0 observed_next=0 qpc=3109147127663 duration_ticks=166072 hr=0x00000000
present frame=1299 source_index=0 allocator_index=0 expected_next=1 observed_next=1 qpc=3109147297114 duration_ticks=168859 hr=0x00000000
present frame=1300 source_index=1 allocator_index=1 expected_next=2 observed_next=2 qpc=3109147470265 duration_ticks=160366 hr=0x00000000
present frame=1301 source_index=2 allocator_index=2 expected_next=0 observed_next=0 qpc=3109147634293 duration_ticks=165802 hr=0x00000000
present frame=1302 source_index=0 allocator_index=0 expected_next=1 observed_next=1 qpc=3109147803562 duration_ticks=159582 hr=0x00000000
present frame=1303 source_index=1 allocator_index=1 expected_next=2 observed_next=2 qpc=3109147966493 duration_ticks=161921 hr=0x00000000
present frame=1304 source_index=2 allocator_index=2 expected_next=0 observed_next=0 qpc=3109148133415 duration_ticks=162610 hr=0x00000000
present frame=1305 source_index=0 allocator_index=0 expected_next=1 observed_next=1 qpc=3109148303967 duration_ticks=158209 hr=0x00000000
present frame=1306 source_index=1 allocator_index=1 expected_next=2 observed_next=2 qpc=3109148466653 duration_ticks=162431 hr=0x00000000
present frame=1307 source_index=2 allocator_index=2 expected_next=0 observed_next=0 qpc=3109148634302 duration_ticks=162555 hr=0x00000000
present frame=1308 source_index=0 allocator_index=0 expected_next=1 observed_next=1 qpc=3109148800814 duration_ticks=162726 hr=0x00000000
present frame=1309 source_index=1 allocator_index=1 expected_next=2 observed_next=2 qpc=3109148969436 duration_ticks=163337 hr=0x00000000
present frame=1310 source_index=2 allocator_index=2 expected_next=0 observed_next=0 qpc=3109149137112 duration_ticks=160480 hr=0x00000000
present frame=1311 source_index=0 allocator_index=0 expected_next=1 observed_next=1 qpc=3109149302607 duration_ticks=165296 hr=0x00000000
present frame=1312 source_index=1 allocator_index=1 expected_next=2 observed_next=2 qpc=3109149478447 duration_ticks=148405 hr=0x00000000
present frame=1313 source_index=2 allocator_index=2 expected_next=0 observed_next=0 qpc=3109149628414 duration_ticks=166005 hr=0x00000000
present frame=1314 source_index=0 allocator_index=0 expected_next=1 observed_next=1 qpc=3109149797539 duration_ticks=165458 hr=0x00000000
present frame=1315 source_index=1 allocator_index=1 expected_next=2 observed_next=2 qpc=3109149966534 duration_ticks=161928 hr=0x00000000
present frame=1316 source_index=2 allocator_index=2 expected_next=0 observed_next=0 qpc=3109150132327 duration_ticks=162980 hr=0x00000000
present frame=1317 source_index=0 allocator_index=0 expected_next=1 observed_next=1 qpc=3109150300789 duration_ticks=161599 hr=0x00000000
present frame=1318 source_index=1 allocator_index=1 expected_next=2 observed_next=2 qpc=3109150467121 duration_ticks=165501 hr=0x00000000
present frame=1319 source_index=2 allocator_index=2 expected_next=0 observed_next=0 qpc=3109150637805 duration_ticks=158427 hr=0x00000000
present frame=1320 source_index=0 allocator_index=0 expected_next=1 observed_next=1 qpc=3109150802142 duration_ticks=162167 hr=0x00000000
present frame=1321 source_index=1 allocator_index=1 expected_next=2 observed_next=2 qpc=3109150973802 duration_ticks=158057 hr=0x00000000
present frame=1322 source_index=2 allocator_index=2 expected_next=0 observed_next=0 qpc=3109151135848 duration_ticks=162788 hr=0x00000000
present frame=1323 source_index=0 allocator_index=0 expected_next=1 observed_next=1 qpc=3109151304973 duration_ticks=158532 hr=0x00000000
present frame=1324 source_index=1 allocator_index=1 expected_next=2 observed_next=2 qpc=3109151467653 duration_ticks=164712 hr=0x00000000
present frame=1325 source_index=2 allocator_index=2 expected_next=0 observed_next=0 qpc=3109151640721 duration_ticks=168361 hr=0x00000000
present frame=1326 source_index=0 allocator_index=0 expected_next=1 observed_next=1 qpc=3109151819440 duration_ticks=143940 hr=0x00000000
present frame=1327 source_index=1 allocator_index=1 expected_next=2 observed_next=2 qpc=3109151966783 duration_ticks=164296 hr=0x00000000
present frame=1328 source_index=2 allocator_index=2 expected_next=0 observed_next=0 qpc=3109152139111 duration_ticks=157217 hr=0x00000000
present frame=1329 source_index=0 allocator_index=0 expected_next=1 observed_next=1 qpc=3109152299888 duration_ticks=163639 hr=0x00000000
present frame=1330 source_index=1 allocator_index=1 expected_next=2 observed_next=2 qpc=3109152467162 duration_ticks=164147 hr=0x00000000
present frame=1331 source_index=2 allocator_index=2 expected_next=0 observed_next=0 qpc=3109152636559 duration_ticks=161199 hr=0x00000000
present frame=1332 source_index=0 allocator_index=0 expected_next=1 observed_next=1 qpc=3109152801393 duration_ticks=164970 hr=0x00000000
present frame=1333 source_index=1 allocator_index=1 expected_next=2 observed_next=2 qpc=3109152970147 duration_ticks=164428 hr=0x00000000
present frame=1334 source_index=2 allocator_index=2 expected_next=0 observed_next=0 qpc=3109153138595 duration_ticks=162051 hr=0x00000000
present frame=1335 source_index=0 allocator_index=0 expected_next=1 observed_next=1 qpc=3109153305125 duration_ticks=161534 hr=0x00000000
present frame=1336 source_index=1 allocator_index=1 expected_next=2 observed_next=2 qpc=3109153471273 duration_ticks=160025 hr=0x00000000
present frame=1337 source_index=2 allocator_index=2 expected_next=0 observed_next=0 qpc=3109153636627 duration_ticks=163342 hr=0x00000000
present frame=1338 source_index=0 allocator_index=0 expected_next=1 observed_next=1 qpc=3109153826413 duration_ticks=132954 hr=0x00000000
present frame=1339 source_index=1 allocator_index=1 expected_next=2 observed_next=2 qpc=3109153960588 duration_ticks=172197 hr=0x00000000
present frame=1340 source_index=2 allocator_index=2 expected_next=0 observed_next=0 qpc=3109154136379 duration_ticks=162234 hr=0x00000000
present frame=1341 source_index=0 allocator_index=0 expected_next=1 observed_next=1 qpc=3109154302295 duration_ticks=161187 hr=0x00000000
present frame=1342 source_index=1 allocator_index=1 expected_next=2 observed_next=2 qpc=3109154468562 duration_ticks=162871 hr=0x00000000
present frame=1343 source_index=2 allocator_index=2 expected_next=0 observed_next=0 qpc=3109154635382 duration_ticks=164288 hr=0x00000000
present frame=1344 source_index=0 allocator_index=0 expected_next=1 observed_next=1 qpc=3109154807228 duration_ticks=157812 hr=0x00000000
present frame=1345 source_index=1 allocator_index=1 expected_next=2 observed_next=2 qpc=3109154969047 duration_ticks=162536 hr=0x00000000
present frame=1346 source_index=2 allocator_index=2 expected_next=0 observed_next=0 qpc=3109155139070 duration_ticks=161590 hr=0x00000000
present frame=1347 source_index=0 allocator_index=0 expected_next=1 observed_next=1 qpc=3109155306842 duration_ticks=159428 hr=0x00000000
present frame=1348 source_index=1 allocator_index=1 expected_next=2 observed_next=2 qpc=3109155470287 duration_ticks=163995 hr=0x00000000
present frame=1349 source_index=2 allocator_index=2 expected_next=0 observed_next=0 qpc=3109155638218 duration_ticks=159128 hr=0x00000000
present frame=1350 source_index=0 allocator_index=0 expected_next=1 observed_next=1 qpc=3109155803104 duration_ticks=163630 hr=0x00000000
present frame=1351 source_index=1 allocator_index=1 expected_next=2 observed_next=2 qpc=3109155972310 duration_ticks=158007 hr=0x00000000
present frame=1352 source_index=2 allocator_index=2 expected_next=0 observed_next=0 qpc=3109156134198 duration_ticks=164289 hr=0x00000000
present frame=1353 source_index=0 allocator_index=0 expected_next=1 observed_next=1 qpc=3109156302487 duration_ticks=163245 hr=0x00000000
present frame=1354 source_index=1 allocator_index=1 expected_next=2 observed_next=2 qpc=3109156515059 duration_ticks=110951 hr=0x00000000
present frame=1355 source_index=2 allocator_index=2 expected_next=0 observed_next=0 qpc=3109156626528 duration_ticks=165438 hr=0x00000000
present frame=1356 source_index=0 allocator_index=0 expected_next=1 observed_next=1 qpc=3109156792447 duration_ticks=165086 hr=0x00000000
present frame=1357 source_index=1 allocator_index=1 expected_next=2 observed_next=2 qpc=3109156958107 duration_ticks=178557 hr=0x00000000
present frame=1358 source_index=2 allocator_index=2 expected_next=0 observed_next=0 qpc=3109157140721 duration_ticks=154729 hr=0x00000000
present frame=1359 source_index=0 allocator_index=0 expected_next=1 observed_next=1 qpc=3109157299309 duration_ticks=165902 hr=0x00000000
present frame=1360 source_index=1 allocator_index=1 expected_next=2 observed_next=2 qpc=3109157470408 duration_ticks=159954 hr=0x00000000
present frame=1361 source_index=2 allocator_index=2 expected_next=0 observed_next=0 qpc=3109157634967 duration_ticks=161018 hr=0x00000000
present frame=1362 source_index=0 allocator_index=0 expected_next=1 observed_next=1 qpc=3109157799417 duration_ticks=170961 hr=0x00000000
present frame=1363 source_index=1 allocator_index=1 expected_next=2 observed_next=2 qpc=3109157976966 duration_ticks=158154 hr=0x00000000
present frame=1364 source_index=2 allocator_index=2 expected_next=0 observed_next=0 qpc=3109158139199 duration_ticks=163195 hr=0x00000000
present frame=1365 source_index=0 allocator_index=0 expected_next=1 observed_next=1 qpc=3109158308315 duration_ticks=157891 hr=0x00000000
present frame=1366 source_index=1 allocator_index=1 expected_next=2 observed_next=2 qpc=3109158470178 duration_ticks=162687 hr=0x00000000
present frame=1367 source_index=2 allocator_index=2 expected_next=0 observed_next=0 qpc=3109158641798 duration_ticks=156230 hr=0x00000000
present frame=1368 source_index=0 allocator_index=0 expected_next=1 observed_next=1 qpc=3109158801974 duration_ticks=162847 hr=0x00000000
present frame=1369 source_index=1 allocator_index=1 expected_next=2 observed_next=2 qpc=3109158968533 duration_ticks=161583 hr=0x00000000
present frame=1370 source_index=2 allocator_index=2 expected_next=0 observed_next=0 qpc=3109159134664 duration_ticks=161017 hr=0x00000000
present frame=1371 source_index=0 allocator_index=0 expected_next=1 observed_next=1 qpc=3109159301706 duration_ticks=164023 hr=0x00000000
present frame=1372 source_index=1 allocator_index=1 expected_next=2 observed_next=2 qpc=3109159472845 duration_ticks=155130 hr=0x00000000
present frame=1373 source_index=2 allocator_index=2 expected_next=0 observed_next=0 qpc=3109159634241 duration_ticks=161512 hr=0x00000000
present frame=1374 source_index=0 allocator_index=0 expected_next=1 observed_next=1 qpc=3109159803424 duration_ticks=157721 hr=0x00000000
present frame=1375 source_index=1 allocator_index=1 expected_next=2 observed_next=2 qpc=3109159966620 duration_ticks=162787 hr=0x00000000
present frame=1376 source_index=2 allocator_index=2 expected_next=0 observed_next=0 qpc=3109160133160 duration_ticks=165742 hr=0x00000000
present frame=1377 source_index=0 allocator_index=0 expected_next=1 observed_next=1 qpc=3109160303477 duration_ticks=158408 hr=0x00000000
present frame=1378 source_index=1 allocator_index=1 expected_next=2 observed_next=2 qpc=3109160467092 duration_ticks=166578 hr=0x00000000
present frame=1379 source_index=2 allocator_index=2 expected_next=0 observed_next=0 qpc=3109160639876 duration_ticks=156562 hr=0x00000000
present frame=1380 source_index=0 allocator_index=0 expected_next=1 observed_next=1 qpc=3109160802867 duration_ticks=166890 hr=0x00000000
present frame=1381 source_index=1 allocator_index=1 expected_next=2 observed_next=2 qpc=3109160976621 duration_ticks=154015 hr=0x00000000
present frame=1382 source_index=2 allocator_index=2 expected_next=0 observed_next=0 qpc=3109161134538 duration_ticks=161438 hr=0x00000000
present frame=1383 source_index=0 allocator_index=0 expected_next=1 observed_next=1 qpc=3109161300228 duration_ticks=163524 hr=0x00000000
present frame=1384 source_index=1 allocator_index=1 expected_next=2 observed_next=2 qpc=3109161467285 duration_ticks=164897 hr=0x00000000
present frame=1385 source_index=2 allocator_index=2 expected_next=0 observed_next=0 qpc=3109161636325 duration_ticks=162379 hr=0x00000000
present frame=1386 source_index=0 allocator_index=0 expected_next=1 observed_next=1 qpc=3109161802468 duration_ticks=163705 hr=0x00000000
present frame=1387 source_index=1 allocator_index=1 expected_next=2 observed_next=2 qpc=3109161972268 duration_ticks=162562 hr=0x00000000
present frame=1388 source_index=2 allocator_index=2 expected_next=0 observed_next=0 qpc=3109162139157 duration_ticks=157694 hr=0x00000000
present frame=1389 source_index=0 allocator_index=0 expected_next=1 observed_next=1 qpc=3109162301176 duration_ticks=166204 hr=0x00000000
present frame=1390 source_index=1 allocator_index=1 expected_next=2 observed_next=2 qpc=3109162473647 duration_ticks=158508 hr=0x00000000
present frame=1391 source_index=2 allocator_index=2 expected_next=0 observed_next=0 qpc=3109162636124 duration_ticks=162595 hr=0x00000000
present frame=1392 source_index=0 allocator_index=0 expected_next=1 observed_next=1 qpc=3109162803553 duration_ticks=162630 hr=0x00000000
present frame=1393 source_index=1 allocator_index=1 expected_next=2 observed_next=2 qpc=3109162970100 duration_ticks=161020 hr=0x00000000
present frame=1394 source_index=2 allocator_index=2 expected_next=0 observed_next=0 qpc=3109163134962 duration_ticks=164698 hr=0x00000000
present frame=1395 source_index=0 allocator_index=0 expected_next=1 observed_next=1 qpc=3109163303422 duration_ticks=161717 hr=0x00000000
present frame=1396 source_index=1 allocator_index=1 expected_next=2 observed_next=2 qpc=3109163469212 duration_ticks=167154 hr=0x00000000
present frame=1397 source_index=2 allocator_index=2 expected_next=0 observed_next=0 qpc=3109163645740 duration_ticks=148221 hr=0x00000000
present frame=1398 source_index=0 allocator_index=0 expected_next=1 observed_next=1 qpc=3109163794924 duration_ticks=161531 hr=0x00000000
present frame=1399 source_index=1 allocator_index=1 expected_next=2 observed_next=2 qpc=3109163957582 duration_ticks=164025 hr=0x00000000
present frame=1400 source_index=2 allocator_index=2 expected_next=0 observed_next=0 qpc=3109164122482 duration_ticks=163320 hr=0x00000000
present frame=1401 source_index=0 allocator_index=0 expected_next=1 observed_next=1 qpc=3109164286375 duration_ticks=167372 hr=0x00000000
present frame=1402 source_index=1 allocator_index=1 expected_next=2 observed_next=2 qpc=3109164454267 duration_ticks=166003 hr=0x00000000
present frame=1403 source_index=2 allocator_index=2 expected_next=0 observed_next=0 qpc=3109164620671 duration_ticks=167092 hr=0x00000000
present frame=1404 source_index=0 allocator_index=0 expected_next=1 observed_next=1 qpc=3109164788407 duration_ticks=168169 hr=0x00000000
present frame=1405 source_index=1 allocator_index=1 expected_next=2 observed_next=2 qpc=3109164957464 duration_ticks=162946 hr=0x00000000
present frame=1406 source_index=2 allocator_index=2 expected_next=0 observed_next=0 qpc=3109165120835 duration_ticks=164960 hr=0x00000000
present frame=1407 source_index=0 allocator_index=0 expected_next=1 observed_next=1 qpc=3109165286205 duration_ticks=167691 hr=0x00000000
present frame=1408 source_index=1 allocator_index=1 expected_next=2 observed_next=2 qpc=3109165454704 duration_ticks=166527 hr=0x00000000
present frame=1409 source_index=2 allocator_index=2 expected_next=0 observed_next=0 qpc=3109165622018 duration_ticks=163476 hr=0x00000000
present frame=1410 source_index=0 allocator_index=0 expected_next=1 observed_next=1 qpc=3109165785975 duration_ticks=170508 hr=0x00000000
present frame=1411 source_index=1 allocator_index=1 expected_next=2 observed_next=2 qpc=3109165957607 duration_ticks=163544 hr=0x00000000
present frame=1412 source_index=2 allocator_index=2 expected_next=0 observed_next=0 qpc=3109166122113 duration_ticks=162728 hr=0x00000000
present frame=1413 source_index=0 allocator_index=0 expected_next=1 observed_next=1 qpc=3109166285313 duration_ticks=168267 hr=0x00000000
present frame=1414 source_index=1 allocator_index=1 expected_next=2 observed_next=2 qpc=3109166454015 duration_ticks=165057 hr=0x00000000
present frame=1415 source_index=2 allocator_index=2 expected_next=0 observed_next=0 qpc=3109166619350 duration_ticks=166193 hr=0x00000000
present frame=1416 source_index=0 allocator_index=0 expected_next=1 observed_next=1 qpc=3109166785813 duration_ticks=167648 hr=0x00000000
present frame=1417 source_index=1 allocator_index=1 expected_next=2 observed_next=2 qpc=3109166953915 duration_ticks=166341 hr=0x00000000
present frame=1418 source_index=2 allocator_index=2 expected_next=0 observed_next=0 qpc=3109167120568 duration_ticks=166153 hr=0x00000000
present frame=1419 source_index=0 allocator_index=0 expected_next=1 observed_next=1 qpc=3109167287121 duration_ticks=165774 hr=0x00000000
present frame=1420 source_index=1 allocator_index=1 expected_next=2 observed_next=2 qpc=3109167453247 duration_ticks=170024 hr=0x00000000
present frame=1421 source_index=2 allocator_index=2 expected_next=0 observed_next=0 qpc=3109167623695 duration_ticks=165896 hr=0x00000000
present frame=1422 source_index=0 allocator_index=0 expected_next=1 observed_next=1 qpc=3109167790355 duration_ticks=168103 hr=0x00000000
present frame=1423 source_index=1 allocator_index=1 expected_next=2 observed_next=2 qpc=3109167962637 duration_ticks=165305 hr=0x00000000
present frame=1424 source_index=2 allocator_index=2 expected_next=0 observed_next=0 qpc=3109168133503 duration_ticks=161614 hr=0x00000000
present frame=1425 source_index=0 allocator_index=0 expected_next=1 observed_next=1 qpc=3109168300108 duration_ticks=162650 hr=0x00000000
present frame=1426 source_index=1 allocator_index=1 expected_next=2 observed_next=2 qpc=3109168469994 duration_ticks=163821 hr=0x00000000
present frame=1427 source_index=2 allocator_index=2 expected_next=0 observed_next=0 qpc=3109168640689 duration_ticks=157071 hr=0x00000000
present frame=1428 source_index=0 allocator_index=0 expected_next=1 observed_next=1 qpc=3109168801579 duration_ticks=163271 hr=0x00000000
present frame=1429 source_index=1 allocator_index=1 expected_next=2 observed_next=2 qpc=3109168975408 duration_ticks=153321 hr=0x00000000
present frame=1430 source_index=2 allocator_index=2 expected_next=0 observed_next=0 qpc=3109169134295 duration_ticks=161768 hr=0x00000000
present frame=1431 source_index=0 allocator_index=0 expected_next=1 observed_next=1 qpc=3109169301278 duration_ticks=166190 hr=0x00000000
present frame=1432 source_index=1 allocator_index=1 expected_next=2 observed_next=2 qpc=3109169473430 duration_ticks=154033 hr=0x00000000
present frame=1433 source_index=2 allocator_index=2 expected_next=0 observed_next=0 qpc=3109169632687 duration_ticks=163616 hr=0x00000000
present frame=1434 source_index=0 allocator_index=0 expected_next=1 observed_next=1 qpc=3109169807383 duration_ticks=154509 hr=0x00000000
present frame=1435 source_index=1 allocator_index=1 expected_next=2 observed_next=2 qpc=3109169966005 duration_ticks=162358 hr=0x00000000
present frame=1436 source_index=2 allocator_index=2 expected_next=0 observed_next=0 qpc=3109170135482 duration_ticks=158230 hr=0x00000000
present frame=1437 source_index=0 allocator_index=0 expected_next=1 observed_next=1 qpc=3109170297431 duration_ticks=163524 hr=0x00000000
present frame=1438 source_index=1 allocator_index=1 expected_next=2 observed_next=2 qpc=3109170465307 duration_ticks=162292 hr=0x00000000
present frame=1439 source_index=2 allocator_index=2 expected_next=0 observed_next=0 qpc=3109170632850 duration_ticks=162043 hr=0x00000000
present frame=1440 source_index=0 allocator_index=0 expected_next=1 observed_next=1 qpc=3109170799302 duration_ticks=164939 hr=0x00000000
present frame=1441 source_index=1 allocator_index=1 expected_next=2 observed_next=2 qpc=3109170969624 duration_ticks=158238 hr=0x00000000
present frame=1442 source_index=2 allocator_index=2 expected_next=0 observed_next=0 qpc=3109171134001 duration_ticks=162015 hr=0x00000000
present frame=1443 source_index=0 allocator_index=0 expected_next=1 observed_next=1 qpc=3109171303318 duration_ticks=159704 hr=0x00000000
present frame=1444 source_index=1 allocator_index=1 expected_next=2 observed_next=2 qpc=3109171466543 duration_ticks=162624 hr=0x00000000
present frame=1445 source_index=2 allocator_index=2 expected_next=0 observed_next=0 qpc=3109171639640 duration_ticks=160138 hr=0x00000000
present frame=1446 source_index=0 allocator_index=0 expected_next=1 observed_next=1 qpc=3109171803223 duration_ticks=161050 hr=0x00000000
present frame=1447 source_index=1 allocator_index=1 expected_next=2 observed_next=2 qpc=3109171966042 duration_ticks=162341 hr=0x00000000
present frame=1448 source_index=2 allocator_index=2 expected_next=0 observed_next=0 qpc=3109172129285 duration_ticks=165576 hr=0x00000000
present frame=1449 source_index=0 allocator_index=0 expected_next=1 observed_next=1 qpc=3109172295606 duration_ticks=166252 hr=0x00000000
present frame=1450 source_index=1 allocator_index=1 expected_next=2 observed_next=2 qpc=3109172462819 duration_ticks=165238 hr=0x00000000
present frame=1451 source_index=2 allocator_index=2 expected_next=0 observed_next=0 qpc=3109172630655 duration_ticks=165403 hr=0x00000000
present frame=1452 source_index=0 allocator_index=0 expected_next=1 observed_next=1 qpc=3109172806090 duration_ticks=155003 hr=0x00000000
present frame=1453 source_index=1 allocator_index=1 expected_next=2 observed_next=2 qpc=3109172965058 duration_ticks=165312 hr=0x00000000
present frame=1454 source_index=2 allocator_index=2 expected_next=0 observed_next=0 qpc=3109173135866 duration_ticks=163445 hr=0x00000000
present frame=1455 source_index=0 allocator_index=0 expected_next=1 observed_next=1 qpc=3109173303925 duration_ticks=163603 hr=0x00000000
present frame=1456 source_index=1 allocator_index=1 expected_next=2 observed_next=2 qpc=3109173471808 duration_ticks=161381 hr=0x00000000
present frame=1457 source_index=2 allocator_index=2 expected_next=0 observed_next=0 qpc=3109173637697 duration_ticks=160035 hr=0x00000000
present frame=1458 source_index=0 allocator_index=0 expected_next=1 observed_next=1 qpc=3109173801961 duration_ticks=166497 hr=0x00000000
present frame=1459 source_index=1 allocator_index=1 expected_next=2 observed_next=2 qpc=3109173978552 duration_ticks=151089 hr=0x00000000
present frame=1460 source_index=2 allocator_index=2 expected_next=0 observed_next=0 qpc=3109174136066 duration_ticks=161538 hr=0x00000000
present frame=1461 source_index=0 allocator_index=0 expected_next=1 observed_next=1 qpc=3109174312304 duration_ticks=153030 hr=0x00000000
present frame=1462 source_index=1 allocator_index=1 expected_next=2 observed_next=2 qpc=3109174469641 duration_ticks=159255 hr=0x00000000
present frame=1463 source_index=2 allocator_index=2 expected_next=0 observed_next=0 qpc=3109174633309 duration_ticks=164158 hr=0x00000000
present frame=1464 source_index=0 allocator_index=0 expected_next=1 observed_next=1 qpc=3109174801293 duration_ticks=160791 hr=0x00000000
present frame=1465 source_index=1 allocator_index=1 expected_next=2 observed_next=2 qpc=3109174966042 duration_ticks=170973 hr=0x00000000
present frame=1466 source_index=2 allocator_index=2 expected_next=0 observed_next=0 qpc=3109175144660 duration_ticks=151029 hr=0x00000000
present frame=1467 source_index=0 allocator_index=0 expected_next=1 observed_next=1 qpc=3109175300664 duration_ticks=165391 hr=0x00000000
present frame=1468 source_index=1 allocator_index=1 expected_next=2 observed_next=2 qpc=3109175479918 duration_ticks=151834 hr=0x00000000
present frame=1469 source_index=2 allocator_index=2 expected_next=0 observed_next=0 qpc=3109175636885 duration_ticks=167361 hr=0x00000000
present frame=1470 source_index=0 allocator_index=0 expected_next=1 observed_next=1 qpc=3109175810005 duration_ticks=156982 hr=0x00000000
present frame=1471 source_index=1 allocator_index=1 expected_next=2 observed_next=2 qpc=3109175972072 duration_ticks=159081 hr=0x00000000
present frame=1472 source_index=2 allocator_index=2 expected_next=0 observed_next=0 qpc=3109176135125 duration_ticks=177214 hr=0x00000000
present frame=1473 source_index=0 allocator_index=0 expected_next=1 observed_next=1 qpc=3109176333302 duration_ticks=129673 hr=0x00000000
present frame=1474 source_index=1 allocator_index=1 expected_next=2 observed_next=2 qpc=3109176542346 duration_ticks=83450 hr=0x00000000
present frame=1475 source_index=2 allocator_index=2 expected_next=0 observed_next=0 qpc=3109176626327 duration_ticks=164604 hr=0x00000000
present frame=1476 source_index=0 allocator_index=0 expected_next=1 observed_next=1 qpc=3109176791286 duration_ticks=165986 hr=0x00000000
present frame=1477 source_index=1 allocator_index=1 expected_next=2 observed_next=2 qpc=3109176957582 duration_ticks=171859 hr=0x00000000
present frame=1478 source_index=2 allocator_index=2 expected_next=0 observed_next=0 qpc=3109177134308 duration_ticks=161141 hr=0x00000000
present frame=1479 source_index=0 allocator_index=0 expected_next=1 observed_next=1 qpc=3109177299762 duration_ticks=169161 hr=0x00000000
present frame=1480 source_index=1 allocator_index=1 expected_next=2 observed_next=2 qpc=3109177473219 duration_ticks=158425 hr=0x00000000
present frame=1481 source_index=2 allocator_index=2 expected_next=0 observed_next=0 qpc=3109177636447 duration_ticks=159466 hr=0x00000000
present frame=1482 source_index=0 allocator_index=0 expected_next=1 observed_next=1 qpc=3109177802001 duration_ticks=162062 hr=0x00000000
present frame=1483 source_index=1 allocator_index=1 expected_next=2 observed_next=2 qpc=3109177967768 duration_ticks=162821 hr=0x00000000
present frame=1484 source_index=2 allocator_index=2 expected_next=0 observed_next=0 qpc=3109178136867 duration_ticks=162255 hr=0x00000000
present frame=1485 source_index=0 allocator_index=0 expected_next=1 observed_next=1 qpc=3109178303531 duration_ticks=162379 hr=0x00000000
present frame=1486 source_index=1 allocator_index=1 expected_next=2 observed_next=2 qpc=3109178469995 duration_ticks=162345 hr=0x00000000
present frame=1487 source_index=2 allocator_index=2 expected_next=0 observed_next=0 qpc=3109178636373 duration_ticks=159932 hr=0x00000000
present frame=1488 source_index=0 allocator_index=0 expected_next=1 observed_next=1 qpc=3109178800557 duration_ticks=166000 hr=0x00000000
present frame=1489 source_index=1 allocator_index=1 expected_next=2 observed_next=2 qpc=3109178973217 duration_ticks=158945 hr=0x00000000
present frame=1490 source_index=2 allocator_index=2 expected_next=0 observed_next=0 qpc=3109179136070 duration_ticks=159448 hr=0x00000000
present frame=1491 source_index=0 allocator_index=0 expected_next=1 observed_next=1 qpc=3109179310350 duration_ticks=157112 hr=0x00000000
present frame=1492 source_index=1 allocator_index=1 expected_next=2 observed_next=2 qpc=3109179476095 duration_ticks=151522 hr=0x00000000
present frame=1493 source_index=2 allocator_index=2 expected_next=0 observed_next=0 qpc=3109179629450 duration_ticks=161677 hr=0x00000000
present frame=1494 source_index=0 allocator_index=0 expected_next=1 observed_next=1 qpc=3109179792407 duration_ticks=164675 hr=0x00000000
present frame=1495 source_index=1 allocator_index=1 expected_next=2 observed_next=2 qpc=3109179957954 duration_ticks=172966 hr=0x00000000
present frame=1496 source_index=2 allocator_index=2 expected_next=0 observed_next=0 qpc=3109180133440 duration_ticks=157975 hr=0x00000000
present frame=1497 source_index=0 allocator_index=0 expected_next=1 observed_next=1 qpc=3109180292291 duration_ticks=166176 hr=0x00000000
present frame=1498 source_index=1 allocator_index=1 expected_next=2 observed_next=2 qpc=3109180459621 duration_ticks=165980 hr=0x00000000
present frame=1499 source_index=2 allocator_index=2 expected_next=0 observed_next=0 qpc=3109180626862 duration_ticks=163840 hr=0x00000000
present frame=1500 source_index=0 allocator_index=0 expected_next=1 observed_next=1 qpc=3109180791721 duration_ticks=166077 hr=0x00000000
present frame=1501 source_index=1 allocator_index=1 expected_next=2 observed_next=2 qpc=3109180959404 duration_ticks=164913 hr=0x00000000
present frame=1502 source_index=2 allocator_index=2 expected_next=0 observed_next=0 qpc=3109181125264 duration_ticks=166781 hr=0x00000000
present frame=1503 source_index=0 allocator_index=0 expected_next=1 observed_next=1 qpc=3109181293086 duration_ticks=165795 hr=0x00000000
present frame=1504 source_index=1 allocator_index=1 expected_next=2 observed_next=2 qpc=3109181459826 duration_ticks=164530 hr=0x00000000
present frame=1505 source_index=2 allocator_index=2 expected_next=0 observed_next=0 qpc=3109181625410 duration_ticks=165363 hr=0x00000000
present frame=1506 source_index=0 allocator_index=0 expected_next=1 observed_next=1 qpc=3109181791726 duration_ticks=166110 hr=0x00000000
present frame=1507 source_index=1 allocator_index=1 expected_next=2 observed_next=2 qpc=3109181958578 duration_ticks=168730 hr=0x00000000
present frame=1508 source_index=2 allocator_index=2 expected_next=0 observed_next=0 qpc=3109182131266 duration_ticks=161066 hr=0x00000000
present frame=1509 source_index=0 allocator_index=0 expected_next=1 observed_next=1 qpc=3109182293393 duration_ticks=165807 hr=0x00000000
present frame=1510 source_index=1 allocator_index=1 expected_next=2 observed_next=2 qpc=3109182483609 duration_ticks=149190 hr=0x00000000
present frame=1511 source_index=2 allocator_index=2 expected_next=0 observed_next=0 qpc=3109182636012 duration_ticks=170180 hr=0x00000000
present frame=1512 source_index=0 allocator_index=0 expected_next=1 observed_next=1 qpc=3109182809741 duration_ticks=155064 hr=0x00000000
present frame=1513 source_index=1 allocator_index=1 expected_next=2 observed_next=2 qpc=3109182968300 duration_ticks=165323 hr=0x00000000
present frame=1514 source_index=2 allocator_index=2 expected_next=0 observed_next=0 qpc=3109183141226 duration_ticks=157375 hr=0x00000000
present frame=1515 source_index=0 allocator_index=0 expected_next=1 observed_next=1 qpc=3109183302295 duration_ticks=163787 hr=0x00000000
present frame=1516 source_index=1 allocator_index=1 expected_next=2 observed_next=2 qpc=3109183469936 duration_ticks=162148 hr=0x00000000
present frame=1517 source_index=2 allocator_index=2 expected_next=0 observed_next=0 qpc=3109183635902 duration_ticks=162804 hr=0x00000000
present frame=1518 source_index=0 allocator_index=0 expected_next=1 observed_next=1 qpc=3109183802424 duration_ticks=162688 hr=0x00000000
present frame=1519 source_index=1 allocator_index=1 expected_next=2 observed_next=2 qpc=3109183969050 duration_ticks=161840 hr=0x00000000
present frame=1520 source_index=2 allocator_index=2 expected_next=0 observed_next=0 qpc=3109184134632 duration_ticks=167029 hr=0x00000000
present frame=1521 source_index=0 allocator_index=0 expected_next=1 observed_next=1 qpc=3109184305144 duration_ticks=158928 hr=0x00000000
present frame=1522 source_index=1 allocator_index=1 expected_next=2 observed_next=2 qpc=3109184467318 duration_ticks=167182 hr=0x00000000
present frame=1523 source_index=2 allocator_index=2 expected_next=0 observed_next=0 qpc=3109184644060 duration_ticks=151753 hr=0x00000000
present frame=1524 source_index=0 allocator_index=0 expected_next=1 observed_next=1 qpc=3109184799480 duration_ticks=162567 hr=0x00000000
present frame=1525 source_index=1 allocator_index=1 expected_next=2 observed_next=2 qpc=3109184966313 duration_ticks=163806 hr=0x00000000
present frame=1526 source_index=2 allocator_index=2 expected_next=0 observed_next=0 qpc=3109185133820 duration_ticks=165156 hr=0x00000000
present frame=1527 source_index=0 allocator_index=0 expected_next=1 observed_next=1 qpc=3109185302824 duration_ticks=164149 hr=0x00000000
present frame=1528 source_index=1 allocator_index=1 expected_next=2 observed_next=2 qpc=3109185470715 duration_ticks=154430 hr=0x00000000
present frame=1529 source_index=2 allocator_index=2 expected_next=0 observed_next=0 qpc=3109185626215 duration_ticks=172531 hr=0x00000000
present frame=1530 source_index=0 allocator_index=0 expected_next=1 observed_next=1 qpc=3109185803595 duration_ticks=157932 hr=0x00000000
present frame=1531 source_index=1 allocator_index=1 expected_next=2 observed_next=2 qpc=3109185965176 duration_ticks=162670 hr=0x00000000
present frame=1532 source_index=2 allocator_index=2 expected_next=0 observed_next=0 qpc=3109186131390 duration_ticks=160640 hr=0x00000000
present frame=1533 source_index=0 allocator_index=0 expected_next=1 observed_next=1 qpc=3109186293002 duration_ticks=172106 hr=0x00000000
present frame=1534 source_index=1 allocator_index=1 expected_next=2 observed_next=2 qpc=3109186569134 duration_ticks=56885 hr=0x00000000
present frame=1535 source_index=2 allocator_index=2 expected_next=0 observed_next=0 qpc=3109186626921 duration_ticks=173918 hr=0x00000000
present frame=1536 source_index=0 allocator_index=0 expected_next=1 observed_next=1 qpc=3109186807200 duration_ticks=156835 hr=0x00000000
present frame=1537 source_index=1 allocator_index=1 expected_next=2 observed_next=2 qpc=3109186968291 duration_ticks=157047 hr=0x00000000
present frame=1538 source_index=2 allocator_index=2 expected_next=0 observed_next=0 qpc=3109187126077 duration_ticks=166143 hr=0x00000000
present frame=1539 source_index=0 allocator_index=0 expected_next=1 observed_next=1 qpc=3109187292890 duration_ticks=168962 hr=0x00000000
present frame=1540 source_index=1 allocator_index=1 expected_next=2 observed_next=2 qpc=3109187465378 duration_ticks=159418 hr=0x00000000
present frame=1541 source_index=2 allocator_index=2 expected_next=0 observed_next=0 qpc=3109187625589 duration_ticks=173471 hr=0x00000000
present frame=1542 source_index=0 allocator_index=0 expected_next=1 observed_next=1 qpc=3109187802452 duration_ticks=160098 hr=0x00000000
present frame=1543 source_index=1 allocator_index=1 expected_next=2 observed_next=2 qpc=3109187966030 duration_ticks=160542 hr=0x00000000
present frame=1544 source_index=2 allocator_index=2 expected_next=0 observed_next=0 qpc=3109188132884 duration_ticks=163118 hr=0x00000000
present frame=1545 source_index=0 allocator_index=0 expected_next=1 observed_next=1 qpc=3109188300155 duration_ticks=162897 hr=0x00000000
present frame=1546 source_index=1 allocator_index=1 expected_next=2 observed_next=2 qpc=3109188467317 duration_ticks=160849 hr=0x00000000
present frame=1547 source_index=2 allocator_index=2 expected_next=0 observed_next=0 qpc=3109188635472 duration_ticks=165045 hr=0x00000000
present frame=1548 source_index=0 allocator_index=0 expected_next=1 observed_next=1 qpc=3109188804259 duration_ticks=158761 hr=0x00000000
present frame=1549 source_index=1 allocator_index=1 expected_next=2 observed_next=2 qpc=3109188968865 duration_ticks=159815 hr=0x00000000
present frame=1550 source_index=2 allocator_index=2 expected_next=0 observed_next=0 qpc=3109189134184 duration_ticks=165176 hr=0x00000000
present frame=1551 source_index=0 allocator_index=0 expected_next=1 observed_next=1 qpc=3109189304454 duration_ticks=157831 hr=0x00000000
present frame=1552 source_index=1 allocator_index=1 expected_next=2 observed_next=2 qpc=3109189484435 duration_ticks=141747 hr=0x00000000
present frame=1553 source_index=2 allocator_index=2 expected_next=0 observed_next=0 qpc=3109189627489 duration_ticks=166763 hr=0x00000000
present frame=1554 source_index=0 allocator_index=0 expected_next=1 observed_next=1 qpc=3109189799642 duration_ticks=159554 hr=0x00000000
present frame=1555 source_index=1 allocator_index=1 expected_next=2 observed_next=2 qpc=3109189960096 duration_ticks=166024 hr=0x00000000
present frame=1556 source_index=2 allocator_index=2 expected_next=0 observed_next=0 qpc=3109190129394 duration_ticks=165530 hr=0x00000000
present frame=1557 source_index=0 allocator_index=0 expected_next=1 observed_next=1 qpc=3109190299285 duration_ticks=163103 hr=0x00000000
present frame=1558 source_index=1 allocator_index=1 expected_next=2 observed_next=2 qpc=3109190466711 duration_ticks=161072 hr=0x00000000
present frame=1559 source_index=2 allocator_index=2 expected_next=0 observed_next=0 qpc=3109190632626 duration_ticks=162134 hr=0x00000000
present frame=1560 source_index=0 allocator_index=0 expected_next=1 observed_next=1 qpc=3109190800761 duration_ticks=161586 hr=0x00000000
present frame=1561 source_index=1 allocator_index=1 expected_next=2 observed_next=2 qpc=3109190967227 duration_ticks=159715 hr=0x00000000
present frame=1562 source_index=2 allocator_index=2 expected_next=0 observed_next=0 qpc=3109191131560 duration_ticks=165098 hr=0x00000000
present frame=1563 source_index=0 allocator_index=0 expected_next=1 observed_next=1 qpc=3109191300350 duration_ticks=161737 hr=0x00000000
present frame=1564 source_index=1 allocator_index=1 expected_next=2 observed_next=2 qpc=3109191466152 duration_ticks=164258 hr=0x00000000
present frame=1565 source_index=2 allocator_index=2 expected_next=0 observed_next=0 qpc=3109191635903 duration_ticks=160143 hr=0x00000000
present frame=1566 source_index=0 allocator_index=0 expected_next=1 observed_next=1 qpc=3109191799924 duration_ticks=167396 hr=0x00000000
present frame=1567 source_index=1 allocator_index=1 expected_next=2 observed_next=2 qpc=3109191972145 duration_ticks=158176 hr=0x00000000
present frame=1568 source_index=2 allocator_index=2 expected_next=0 observed_next=0 qpc=3109192134668 duration_ticks=165070 hr=0x00000000
present frame=1569 source_index=0 allocator_index=0 expected_next=1 observed_next=1 qpc=3109192307743 duration_ticks=157618 hr=0x00000000
present frame=1570 source_index=1 allocator_index=1 expected_next=2 observed_next=2 qpc=3109192469320 duration_ticks=164420 hr=0x00000000
present frame=1571 source_index=2 allocator_index=2 expected_next=0 observed_next=0 qpc=3109192641917 duration_ticks=154895 hr=0x00000000
present frame=1572 source_index=0 allocator_index=0 expected_next=1 observed_next=1 qpc=3109192800725 duration_ticks=165490 hr=0x00000000
present frame=1573 source_index=1 allocator_index=1 expected_next=2 observed_next=2 qpc=3109192970284 duration_ticks=161523 hr=0x00000000
present frame=1574 source_index=2 allocator_index=2 expected_next=0 observed_next=0 qpc=3109193136916 duration_ticks=162389 hr=0x00000000
present frame=1575 source_index=0 allocator_index=0 expected_next=1 observed_next=1 qpc=3109193305612 duration_ticks=159230 hr=0x00000000
present frame=1576 source_index=1 allocator_index=1 expected_next=2 observed_next=2 qpc=3109193472452 duration_ticks=160116 hr=0x00000000
present frame=1577 source_index=2 allocator_index=2 expected_next=0 observed_next=0 qpc=3109193636603 duration_ticks=160397 hr=0x00000000
present frame=1578 source_index=0 allocator_index=0 expected_next=1 observed_next=1 qpc=3109193801143 duration_ticks=163608 hr=0x00000000
present frame=1579 source_index=1 allocator_index=1 expected_next=2 observed_next=2 qpc=3109193968639 duration_ticks=162033 hr=0x00000000
present frame=1580 source_index=2 allocator_index=2 expected_next=0 observed_next=0 qpc=3109194137675 duration_ticks=162237 hr=0x00000000
present frame=1581 source_index=0 allocator_index=0 expected_next=1 observed_next=1 qpc=3109194304126 duration_ticks=160830 hr=0x00000000
present frame=1582 source_index=1 allocator_index=1 expected_next=2 observed_next=2 qpc=3109194469126 duration_ticks=165482 hr=0x00000000
present frame=1583 source_index=2 allocator_index=2 expected_next=0 observed_next=0 qpc=3109194656877 duration_ticks=140672 hr=0x00000000
present frame=1584 source_index=0 allocator_index=0 expected_next=1 observed_next=1 qpc=3109194801399 duration_ticks=162751 hr=0x00000000
present frame=1585 source_index=1 allocator_index=1 expected_next=2 observed_next=2 qpc=3109194968711 duration_ticks=162837 hr=0x00000000
present frame=1586 source_index=2 allocator_index=2 expected_next=0 observed_next=0 qpc=3109195135651 duration_ticks=162820 hr=0x00000000
present frame=1587 source_index=0 allocator_index=0 expected_next=1 observed_next=1 qpc=3109195302618 duration_ticks=163974 hr=0x00000000
present frame=1588 source_index=1 allocator_index=1 expected_next=2 observed_next=2 qpc=3109195471304 duration_ticks=159980 hr=0x00000000
present frame=1589 source_index=2 allocator_index=2 expected_next=0 observed_next=0 qpc=3109195635265 duration_ticks=163898 hr=0x00000000
present frame=1590 source_index=0 allocator_index=0 expected_next=1 observed_next=1 qpc=3109195804307 duration_ticks=160711 hr=0x00000000
present frame=1591 source_index=1 allocator_index=1 expected_next=2 observed_next=2 qpc=3109195969255 duration_ticks=159748 hr=0x00000000
present frame=1592 source_index=2 allocator_index=2 expected_next=0 observed_next=0 qpc=3109196142865 duration_ticks=156770 hr=0x00000000
present frame=1593 source_index=0 allocator_index=0 expected_next=1 observed_next=1 qpc=3109196303794 duration_ticks=160866 hr=0x00000000
present frame=1594 source_index=1 allocator_index=1 expected_next=2 observed_next=2 qpc=3109196569167 duration_ticks=69324 hr=0x00000000
present frame=1595 source_index=2 allocator_index=2 expected_next=0 observed_next=0 qpc=3109196664247 duration_ticks=132848 hr=0x00000000
present frame=1596 source_index=0 allocator_index=0 expected_next=1 observed_next=1 qpc=3109196801496 duration_ticks=162839 hr=0x00000000
present frame=1597 source_index=1 allocator_index=1 expected_next=2 observed_next=2 qpc=3109196969512 duration_ticks=161479 hr=0x00000000
present frame=1598 source_index=2 allocator_index=2 expected_next=0 observed_next=0 qpc=3109197135219 duration_ticks=161223 hr=0x00000000
present frame=1599 source_index=0 allocator_index=0 expected_next=1 observed_next=1 qpc=3109197301840 duration_ticks=163410 hr=0x00000000
present frame=1600 source_index=1 allocator_index=1 expected_next=2 observed_next=2 qpc=3109197470570 duration_ticks=160940 hr=0x00000000
present frame=1601 source_index=2 allocator_index=2 expected_next=0 observed_next=0 qpc=3109197635584 duration_ticks=161083 hr=0x00000000
present frame=1602 source_index=0 allocator_index=0 expected_next=1 observed_next=1 qpc=3109197800604 duration_ticks=163793 hr=0x00000000
present frame=1603 source_index=1 allocator_index=1 expected_next=2 observed_next=2 qpc=3109197969142 duration_ticks=164163 hr=0x00000000
present frame=1604 source_index=2 allocator_index=2 expected_next=0 observed_next=0 qpc=3109198137730 duration_ticks=159751 hr=0x00000000
present frame=1605 source_index=0 allocator_index=0 expected_next=1 observed_next=1 qpc=3109198301666 duration_ticks=165762 hr=0x00000000
present frame=1606 source_index=1 allocator_index=1 expected_next=2 observed_next=2 qpc=3109198477813 duration_ticks=154431 hr=0x00000000
present frame=1607 source_index=2 allocator_index=2 expected_next=0 observed_next=0 qpc=3109198637337 duration_ticks=158996 hr=0x00000000
present frame=1608 source_index=0 allocator_index=0 expected_next=1 observed_next=1 qpc=3109198804024 duration_ticks=160417 hr=0x00000000
present frame=1609 source_index=1 allocator_index=1 expected_next=2 observed_next=2 qpc=3109198968559 duration_ticks=163065 hr=0x00000000
present frame=1610 source_index=2 allocator_index=2 expected_next=0 observed_next=0 qpc=3109199136060 duration_ticks=158813 hr=0x00000000
present frame=1611 source_index=0 allocator_index=0 expected_next=1 observed_next=1 qpc=3109199300412 duration_ticks=158795 hr=0x00000000
present frame=1612 source_index=1 allocator_index=1 expected_next=2 observed_next=2 qpc=3109199460959 duration_ticks=166105 hr=0x00000000
present frame=1613 source_index=2 allocator_index=2 expected_next=0 observed_next=0 qpc=3109199631510 duration_ticks=163312 hr=0x00000000
present frame=1614 source_index=0 allocator_index=0 expected_next=1 observed_next=1 qpc=3109199799634 duration_ticks=160801 hr=0x00000000
present frame=1615 source_index=1 allocator_index=1 expected_next=2 observed_next=2 qpc=3109199967763 duration_ticks=161028 hr=0x00000000
present frame=1616 source_index=2 allocator_index=2 expected_next=0 observed_next=0 qpc=3109200134499 duration_ticks=161155 hr=0x00000000
present frame=1617 source_index=0 allocator_index=0 expected_next=1 observed_next=1 qpc=3109200301694 duration_ticks=161511 hr=0x00000000
present frame=1618 source_index=1 allocator_index=1 expected_next=2 observed_next=2 qpc=3109200469277 duration_ticks=158600 hr=0x00000000
present frame=1619 source_index=2 allocator_index=2 expected_next=0 observed_next=0 qpc=3109200634392 duration_ticks=162334 hr=0x00000000
present frame=1620 source_index=0 allocator_index=0 expected_next=1 observed_next=1 qpc=3109200802849 duration_ticks=159238 hr=0x00000000
present frame=1621 source_index=1 allocator_index=1 expected_next=2 observed_next=2 qpc=3109200970073 duration_ticks=159047 hr=0x00000000
present frame=1622 source_index=2 allocator_index=2 expected_next=0 observed_next=0 qpc=3109201136300 duration_ticks=159166 hr=0x00000000
present frame=1623 source_index=0 allocator_index=0 expected_next=1 observed_next=1 qpc=3109201301323 duration_ticks=160314 hr=0x00000000
present frame=1624 source_index=1 allocator_index=1 expected_next=2 observed_next=2 qpc=3109201465329 duration_ticks=165683 hr=0x00000000
present frame=1625 source_index=2 allocator_index=2 expected_next=0 observed_next=0 qpc=3109201636141 duration_ticks=159545 hr=0x00000000
present frame=1626 source_index=0 allocator_index=0 expected_next=1 observed_next=1 qpc=3109201801792 duration_ticks=161915 hr=0x00000000
present frame=1627 source_index=1 allocator_index=1 expected_next=2 observed_next=2 qpc=3109201968820 duration_ticks=165035 hr=0x00000000
present frame=1628 source_index=2 allocator_index=2 expected_next=0 observed_next=0 qpc=3109202143849 duration_ticks=155102 hr=0x00000000
present frame=1629 source_index=0 allocator_index=0 expected_next=1 observed_next=1 qpc=3109202303681 duration_ticks=162828 hr=0x00000000
present frame=1630 source_index=1 allocator_index=1 expected_next=2 observed_next=2 qpc=3109202470516 duration_ticks=161042 hr=0x00000000
present frame=1631 source_index=2 allocator_index=2 expected_next=0 observed_next=0 qpc=3109202650187 duration_ticks=145070 hr=0x00000000
present frame=1632 source_index=0 allocator_index=0 expected_next=1 observed_next=1 qpc=3109202801293 duration_ticks=162963 hr=0x00000000
present frame=1633 source_index=1 allocator_index=1 expected_next=2 observed_next=2 qpc=3109202968217 duration_ticks=165047 hr=0x00000000
present frame=1634 source_index=2 allocator_index=2 expected_next=0 observed_next=0 qpc=3109203137965 duration_ticks=160495 hr=0x00000000
present frame=1635 source_index=0 allocator_index=0 expected_next=1 observed_next=1 qpc=3109203320108 duration_ticks=144637 hr=0x00000000
present frame=1636 source_index=1 allocator_index=1 expected_next=2 observed_next=2 qpc=3109203468515 duration_ticks=162446 hr=0x00000000
present frame=1637 source_index=2 allocator_index=2 expected_next=0 observed_next=0 qpc=3109203635214 duration_ticks=163737 hr=0x00000000
present frame=1638 source_index=0 allocator_index=0 expected_next=1 observed_next=1 qpc=3109203804535 duration_ticks=161687 hr=0x00000000
present frame=1639 source_index=1 allocator_index=1 expected_next=2 observed_next=2 qpc=3109203970652 duration_ticks=160369 hr=0x00000000
present frame=1640 source_index=2 allocator_index=2 expected_next=0 observed_next=0 qpc=3109204135072 duration_ticks=161199 hr=0x00000000
present frame=1641 source_index=0 allocator_index=0 expected_next=1 observed_next=1 qpc=3109204300441 duration_ticks=158346 hr=0x00000000
present frame=1642 source_index=1 allocator_index=1 expected_next=2 observed_next=2 qpc=3109204463547 duration_ticks=165646 hr=0x00000000
present frame=1643 source_index=2 allocator_index=2 expected_next=0 observed_next=0 qpc=3109204634341 duration_ticks=163091 hr=0x00000000
present frame=1644 source_index=0 allocator_index=0 expected_next=1 observed_next=1 qpc=3109204801807 duration_ticks=166891 hr=0x00000000
present frame=1645 source_index=1 allocator_index=1 expected_next=2 observed_next=2 qpc=3109204978028 duration_ticks=150906 hr=0x00000000
present frame=1646 source_index=2 allocator_index=2 expected_next=0 observed_next=0 qpc=3109205134204 duration_ticks=162057 hr=0x00000000
present frame=1647 source_index=0 allocator_index=0 expected_next=1 observed_next=1 qpc=3109205301070 duration_ticks=162350 hr=0x00000000
present frame=1648 source_index=1 allocator_index=1 expected_next=2 observed_next=2 qpc=3109205467623 duration_ticks=162972 hr=0x00000000
present frame=1649 source_index=2 allocator_index=2 expected_next=0 observed_next=0 qpc=3109205635012 duration_ticks=164026 hr=0x00000000
present frame=1650 source_index=0 allocator_index=0 expected_next=1 observed_next=1 qpc=3109205804106 duration_ticks=157260 hr=0x00000000
present frame=1651 source_index=1 allocator_index=1 expected_next=2 observed_next=2 qpc=3109205965704 duration_ticks=165081 hr=0x00000000
present frame=1652 source_index=2 allocator_index=2 expected_next=0 observed_next=0 qpc=3109206136113 duration_ticks=159553 hr=0x00000000
present frame=1653 source_index=0 allocator_index=0 expected_next=1 observed_next=1 qpc=3109206299660 duration_ticks=164230 hr=0x00000000
present frame=1654 source_index=1 allocator_index=1 expected_next=2 observed_next=2 qpc=3109206504701 duration_ticks=121459 hr=0x00000000
present frame=1655 source_index=2 allocator_index=2 expected_next=0 observed_next=0 qpc=3109206627388 duration_ticks=162692 hr=0x00000000
present frame=1656 source_index=0 allocator_index=0 expected_next=1 observed_next=1 qpc=3109206791027 duration_ticks=172539 hr=0x00000000
present frame=1657 source_index=1 allocator_index=1 expected_next=2 observed_next=2 qpc=3109206966996 duration_ticks=163366 hr=0x00000000
present frame=1658 source_index=2 allocator_index=2 expected_next=0 observed_next=0 qpc=3109207134382 duration_ticks=166414 hr=0x00000000
present frame=1659 source_index=0 allocator_index=0 expected_next=1 observed_next=1 qpc=3109207306412 duration_ticks=159002 hr=0x00000000
present frame=1660 source_index=1 allocator_index=1 expected_next=2 observed_next=2 qpc=3109207469721 duration_ticks=161761 hr=0x00000000
present frame=1661 source_index=2 allocator_index=2 expected_next=0 observed_next=0 qpc=3109207642462 duration_ticks=155565 hr=0x00000000
present frame=1662 source_index=0 allocator_index=0 expected_next=1 observed_next=1 qpc=3109207802158 duration_ticks=162572 hr=0x00000000
present frame=1663 source_index=1 allocator_index=1 expected_next=2 observed_next=2 qpc=3109207969771 duration_ticks=162002 hr=0x00000000
present frame=1664 source_index=2 allocator_index=2 expected_next=0 observed_next=0 qpc=3109208135643 duration_ticks=161946 hr=0x00000000
present frame=1665 source_index=0 allocator_index=0 expected_next=1 observed_next=1 qpc=3109208301845 duration_ticks=162955 hr=0x00000000
present frame=1666 source_index=1 allocator_index=1 expected_next=2 observed_next=2 qpc=3109208469007 duration_ticks=162637 hr=0x00000000
present frame=1667 source_index=2 allocator_index=2 expected_next=0 observed_next=0 qpc=3109208635818 duration_ticks=160374 hr=0x00000000
present frame=1668 source_index=0 allocator_index=0 expected_next=1 observed_next=1 qpc=3109208800516 duration_ticks=163832 hr=0x00000000
present frame=1669 source_index=1 allocator_index=1 expected_next=2 observed_next=2 qpc=3109208968417 duration_ticks=162257 hr=0x00000000
present frame=1670 source_index=2 allocator_index=2 expected_next=0 observed_next=0 qpc=3109209143138 duration_ticks=153002 hr=0x00000000
present frame=1671 source_index=0 allocator_index=0 expected_next=1 observed_next=1 qpc=3109209302170 duration_ticks=160065 hr=0x00000000
present frame=1672 source_index=1 allocator_index=1 expected_next=2 observed_next=2 qpc=3109209467685 duration_ticks=159924 hr=0x00000000
present frame=1673 source_index=2 allocator_index=2 expected_next=0 observed_next=0 qpc=3109209632654 duration_ticks=158547 hr=0x00000000
present frame=1674 source_index=0 allocator_index=0 expected_next=1 observed_next=1 qpc=3109209792004 duration_ticks=170620 hr=0x00000000
present frame=1675 source_index=1 allocator_index=1 expected_next=2 observed_next=2 qpc=3109209967760 duration_ticks=160163 hr=0x00000000
present frame=1676 source_index=2 allocator_index=2 expected_next=0 observed_next=0 qpc=3109210134282 duration_ticks=161300 hr=0x00000000
present frame=1677 source_index=0 allocator_index=0 expected_next=1 observed_next=1 qpc=3109210304403 duration_ticks=158828 hr=0x00000000
present frame=1678 source_index=1 allocator_index=1 expected_next=2 observed_next=2 qpc=3109210468545 duration_ticks=159745 hr=0x00000000
present frame=1679 source_index=2 allocator_index=2 expected_next=0 observed_next=0 qpc=3109210634470 duration_ticks=161071 hr=0x00000000
present frame=1680 source_index=0 allocator_index=0 expected_next=1 observed_next=1 qpc=3109210801513 duration_ticks=162123 hr=0x00000000
present frame=1681 source_index=1 allocator_index=1 expected_next=2 observed_next=2 qpc=3109210971979 duration_ticks=157406 hr=0x00000000
present frame=1682 source_index=2 allocator_index=2 expected_next=0 observed_next=0 qpc=3109211135355 duration_ticks=161250 hr=0x00000000
present frame=1683 source_index=0 allocator_index=0 expected_next=1 observed_next=1 qpc=3109211302785 duration_ticks=161579 hr=0x00000000
present frame=1684 source_index=1 allocator_index=1 expected_next=2 observed_next=2 qpc=3109211468217 duration_ticks=159937 hr=0x00000000
present frame=1685 source_index=2 allocator_index=2 expected_next=0 observed_next=0 qpc=3109211633862 duration_ticks=161945 hr=0x00000000
present frame=1686 source_index=0 allocator_index=0 expected_next=1 observed_next=1 qpc=3109211799827 duration_ticks=162522 hr=0x00000000
present frame=1687 source_index=1 allocator_index=1 expected_next=2 observed_next=2 qpc=3109211967090 duration_ticks=162671 hr=0x00000000
present frame=1688 source_index=2 allocator_index=2 expected_next=0 observed_next=0 qpc=3109212134910 duration_ticks=162811 hr=0x00000000
present frame=1689 source_index=0 allocator_index=0 expected_next=1 observed_next=1 qpc=3109212302505 duration_ticks=162799 hr=0x00000000
present frame=1690 source_index=1 allocator_index=1 expected_next=2 observed_next=2 qpc=3109212474603 duration_ticks=161468 hr=0x00000000
present frame=1691 source_index=2 allocator_index=2 expected_next=0 observed_next=0 qpc=3109212640500 duration_ticks=156500 hr=0x00000000
present frame=1692 source_index=0 allocator_index=0 expected_next=1 observed_next=1 qpc=3109212801635 duration_ticks=162761 hr=0x00000000
present frame=1693 source_index=1 allocator_index=1 expected_next=2 observed_next=2 qpc=3109212972723 duration_ticks=157958 hr=0x00000000
present frame=1694 source_index=2 allocator_index=2 expected_next=0 observed_next=0 qpc=3109213134820 duration_ticks=161291 hr=0x00000000
present frame=1695 source_index=0 allocator_index=0 expected_next=1 observed_next=1 qpc=3109213300575 duration_ticks=162248 hr=0x00000000
present frame=1696 source_index=1 allocator_index=1 expected_next=2 observed_next=2 qpc=3109213466618 duration_ticks=165086 hr=0x00000000
present frame=1697 source_index=2 allocator_index=2 expected_next=0 observed_next=0 qpc=3109213635584 duration_ticks=166646 hr=0x00000000
present frame=1698 source_index=0 allocator_index=0 expected_next=1 observed_next=1 qpc=3109213806338 duration_ticks=158976 hr=0x00000000
present frame=1699 source_index=1 allocator_index=1 expected_next=2 observed_next=2 qpc=3109213969873 duration_ticks=164656 hr=0x00000000
present frame=1700 source_index=2 allocator_index=2 expected_next=0 observed_next=0 qpc=3109214148715 duration_ticks=150048 hr=0x00000000
present frame=1701 source_index=0 allocator_index=0 expected_next=1 observed_next=1 qpc=3109214303057 duration_ticks=161728 hr=0x00000000
present frame=1702 source_index=1 allocator_index=1 expected_next=2 observed_next=2 qpc=3109214471010 duration_ticks=161740 hr=0x00000000
present frame=1703 source_index=2 allocator_index=2 expected_next=0 observed_next=0 qpc=3109214637782 duration_ticks=159233 hr=0x00000000
present frame=1704 source_index=0 allocator_index=0 expected_next=1 observed_next=1 qpc=3109214801200 duration_ticks=166605 hr=0x00000000
present frame=1705 source_index=1 allocator_index=1 expected_next=2 observed_next=2 qpc=3109214971951 duration_ticks=160402 hr=0x00000000
present frame=1706 source_index=2 allocator_index=2 expected_next=0 observed_next=0 qpc=3109215136368 duration_ticks=163596 hr=0x00000000
present frame=1707 source_index=0 allocator_index=0 expected_next=1 observed_next=1 qpc=3109215304858 duration_ticks=159164 hr=0x00000000
present frame=1708 source_index=1 allocator_index=1 expected_next=2 observed_next=2 qpc=3109215468393 duration_ticks=163937 hr=0x00000000
present frame=1709 source_index=2 allocator_index=2 expected_next=0 observed_next=0 qpc=3109215644100 duration_ticks=158045 hr=0x00000000
present frame=1710 source_index=0 allocator_index=0 expected_next=1 observed_next=1 qpc=3109215809114 duration_ticks=155677 hr=0x00000000
present frame=1711 source_index=1 allocator_index=1 expected_next=2 observed_next=2 qpc=3109215969714 duration_ticks=159273 hr=0x00000000
present frame=1712 source_index=2 allocator_index=2 expected_next=0 observed_next=0 qpc=3109216136756 duration_ticks=162140 hr=0x00000000
present frame=1713 source_index=0 allocator_index=0 expected_next=1 observed_next=1 qpc=3109216303056 duration_ticks=165508 hr=0x00000000
present frame=1714 source_index=1 allocator_index=1 expected_next=2 observed_next=2 qpc=3109216556239 duration_ticks=69246 hr=0x00000000
present frame=1715 source_index=2 allocator_index=2 expected_next=0 observed_next=0 qpc=3109216626163 duration_ticks=164127 hr=0x00000000
present frame=1716 source_index=0 allocator_index=0 expected_next=1 observed_next=1 qpc=3109216790851 duration_ticks=165991 hr=0x00000000
present frame=1717 source_index=1 allocator_index=1 expected_next=2 observed_next=2 qpc=3109216957201 duration_ticks=172032 hr=0x00000000
present frame=1718 source_index=2 allocator_index=2 expected_next=0 observed_next=0 qpc=3109217134087 duration_ticks=163820 hr=0x00000000
present frame=1719 source_index=0 allocator_index=0 expected_next=1 observed_next=1 qpc=3109217302501 duration_ticks=163803 hr=0x00000000
present frame=1720 source_index=1 allocator_index=1 expected_next=2 observed_next=2 qpc=3109217470818 duration_ticks=164962 hr=0x00000000
present frame=1721 source_index=2 allocator_index=2 expected_next=0 observed_next=0 qpc=3109217642200 duration_ticks=154870 hr=0x00000000
present frame=1722 source_index=0 allocator_index=0 expected_next=1 observed_next=1 qpc=3109217801645 duration_ticks=163575 hr=0x00000000
present frame=1723 source_index=1 allocator_index=1 expected_next=2 observed_next=2 qpc=3109217972755 duration_ticks=157490 hr=0x00000000
present frame=1724 source_index=2 allocator_index=2 expected_next=0 observed_next=0 qpc=3109218136970 duration_ticks=162016 hr=0x00000000
present frame=1725 source_index=0 allocator_index=0 expected_next=1 observed_next=1 qpc=3109218310607 duration_ticks=154470 hr=0x00000000
present frame=1726 source_index=1 allocator_index=1 expected_next=2 observed_next=2 qpc=3109218469151 duration_ticks=160727 hr=0x00000000
present frame=1727 source_index=2 allocator_index=2 expected_next=0 observed_next=0 qpc=3109218634675 duration_ticks=163213 hr=0x00000000
present frame=1728 source_index=0 allocator_index=0 expected_next=1 observed_next=1 qpc=3109218802145 duration_ticks=161701 hr=0x00000000
present frame=1729 source_index=1 allocator_index=1 expected_next=2 observed_next=2 qpc=3109218967988 duration_ticks=164721 hr=0x00000000
present frame=1730 source_index=2 allocator_index=2 expected_next=0 observed_next=0 qpc=3109219136725 duration_ticks=157977 hr=0x00000000
present frame=1731 source_index=0 allocator_index=0 expected_next=1 observed_next=1 qpc=3109219300553 duration_ticks=161508 hr=0x00000000
present frame=1732 source_index=1 allocator_index=1 expected_next=2 observed_next=2 qpc=3109219472463 duration_ticks=153342 hr=0x00000000
present frame=1733 source_index=2 allocator_index=2 expected_next=0 observed_next=0 qpc=3109219627472 duration_ticks=163358 hr=0x00000000
present frame=1734 source_index=0 allocator_index=0 expected_next=1 observed_next=1 qpc=3109219791951 duration_ticks=167814 hr=0x00000000
present frame=1735 source_index=1 allocator_index=1 expected_next=2 observed_next=2 qpc=3109219961141 duration_ticks=165469 hr=0x00000000
present frame=1736 source_index=2 allocator_index=2 expected_next=0 observed_next=0 qpc=3109220129360 duration_ticks=165761 hr=0x00000000
present frame=1737 source_index=0 allocator_index=0 expected_next=1 observed_next=1 qpc=3109220298658 duration_ticks=158964 hr=0x00000000
present frame=1738 source_index=1 allocator_index=1 expected_next=2 observed_next=2 qpc=3109220458887 duration_ticks=164355 hr=0x00000000
present frame=1739 source_index=2 allocator_index=2 expected_next=0 observed_next=0 qpc=3109220624158 duration_ticks=165754 hr=0x00000000
present frame=1740 source_index=0 allocator_index=0 expected_next=1 observed_next=1 qpc=3109220790750 duration_ticks=166426 hr=0x00000000
present frame=1741 source_index=1 allocator_index=1 expected_next=2 observed_next=2 qpc=3109220958188 duration_ticks=172694 hr=0x00000000
present frame=1742 source_index=2 allocator_index=2 expected_next=0 observed_next=0 qpc=3109221134176 duration_ticks=156885 hr=0x00000000
present frame=1743 source_index=0 allocator_index=0 expected_next=1 observed_next=1 qpc=3109221291831 duration_ticks=167391 hr=0x00000000
present frame=1744 source_index=1 allocator_index=1 expected_next=2 observed_next=2 qpc=3109221459967 duration_ticks=165249 hr=0x00000000
present frame=1745 source_index=2 allocator_index=2 expected_next=0 observed_next=0 qpc=3109221626044 duration_ticks=170371 hr=0x00000000
present frame=1746 source_index=0 allocator_index=0 expected_next=1 observed_next=1 qpc=3109221797532 duration_ticks=161769 hr=0x00000000
present frame=1747 source_index=1 allocator_index=1 expected_next=2 observed_next=2 qpc=3109221960297 duration_ticks=164939 hr=0x00000000
present frame=1748 source_index=2 allocator_index=2 expected_next=0 observed_next=0 qpc=3109222125977 duration_ticks=169008 hr=0x00000000
present frame=1749 source_index=0 allocator_index=0 expected_next=1 observed_next=1 qpc=3109222298322 duration_ticks=162727 hr=0x00000000
present frame=1750 source_index=1 allocator_index=1 expected_next=2 observed_next=2 qpc=3109222464677 duration_ticks=163842 hr=0x00000000
present frame=1751 source_index=2 allocator_index=2 expected_next=0 observed_next=0 qpc=3109222632394 duration_ticks=159742 hr=0x00000000
present frame=1752 source_index=0 allocator_index=0 expected_next=1 observed_next=1 qpc=3109222793149 duration_ticks=165338 hr=0x00000000
present frame=1753 source_index=1 allocator_index=1 expected_next=2 observed_next=2 qpc=3109222959355 duration_ticks=170687 hr=0x00000000
present frame=1754 source_index=2 allocator_index=2 expected_next=0 observed_next=0 qpc=3109223133186 duration_ticks=159433 hr=0x00000000
present frame=1755 source_index=0 allocator_index=0 expected_next=1 observed_next=1 qpc=3109223293385 duration_ticks=165580 hr=0x00000000
present frame=1756 source_index=1 allocator_index=1 expected_next=2 observed_next=2 qpc=3109223459783 duration_ticks=171126 hr=0x00000000
present frame=1757 source_index=2 allocator_index=2 expected_next=0 observed_next=0 qpc=3109223631682 duration_ticks=160839 hr=0x00000000
present frame=1758 source_index=0 allocator_index=0 expected_next=1 observed_next=1 qpc=3109223794055 duration_ticks=166120 hr=0x00000000
present frame=1759 source_index=1 allocator_index=1 expected_next=2 observed_next=2 qpc=3109223964639 duration_ticks=163895 hr=0x00000000
present frame=1760 source_index=2 allocator_index=2 expected_next=0 observed_next=0 qpc=3109224132205 duration_ticks=161979 hr=0x00000000
present frame=1761 source_index=0 allocator_index=0 expected_next=1 observed_next=1 qpc=3109224298676 duration_ticks=163308 hr=0x00000000
present frame=1762 source_index=1 allocator_index=1 expected_next=2 observed_next=2 qpc=3109224466641 duration_ticks=161557 hr=0x00000000
present frame=1763 source_index=2 allocator_index=2 expected_next=0 observed_next=0 qpc=3109224633644 duration_ticks=162265 hr=0x00000000
present frame=1764 source_index=0 allocator_index=0 expected_next=1 observed_next=1 qpc=3109224799494 duration_ticks=159450 hr=0x00000000
present frame=1765 source_index=1 allocator_index=1 expected_next=2 observed_next=2 qpc=3109224962199 duration_ticks=164949 hr=0x00000000
present frame=1766 source_index=2 allocator_index=2 expected_next=0 observed_next=0 qpc=3109225130746 duration_ticks=165980 hr=0x00000000
present frame=1767 source_index=0 allocator_index=0 expected_next=1 observed_next=1 qpc=3109225300448 duration_ticks=161332 hr=0x00000000
present frame=1768 source_index=1 allocator_index=1 expected_next=2 observed_next=2 qpc=3109225465115 duration_ticks=164037 hr=0x00000000
present frame=1769 source_index=2 allocator_index=2 expected_next=0 observed_next=0 qpc=3109225633390 duration_ticks=160880 hr=0x00000000
present frame=1770 source_index=0 allocator_index=0 expected_next=1 observed_next=1 qpc=3109225797950 duration_ticks=162891 hr=0x00000000
present frame=1771 source_index=1 allocator_index=1 expected_next=2 observed_next=2 qpc=3109225964572 duration_ticks=162495 hr=0x00000000
present frame=1772 source_index=2 allocator_index=2 expected_next=0 observed_next=0 qpc=3109226130548 duration_ticks=160357 hr=0x00000000
present frame=1773 source_index=0 allocator_index=0 expected_next=1 observed_next=1 qpc=3109226292022 duration_ticks=171809 hr=0x00000000
present frame=1774 source_index=1 allocator_index=1 expected_next=2 observed_next=2 qpc=3109226565979 duration_ticks=52990 hr=0x00000000
present frame=1775 source_index=2 allocator_index=2 expected_next=0 observed_next=0 qpc=3109226620086 duration_ticks=165189 hr=0x00000000
present frame=1776 source_index=0 allocator_index=0 expected_next=1 observed_next=1 qpc=3109226786233 duration_ticks=165497 hr=0x00000000
present frame=1777 source_index=1 allocator_index=1 expected_next=2 observed_next=2 qpc=3109226952341 duration_ticks=165529 hr=0x00000000
present frame=1778 source_index=2 allocator_index=2 expected_next=0 observed_next=0 qpc=3109227118547 duration_ticks=167241 hr=0x00000000
present frame=1779 source_index=0 allocator_index=0 expected_next=1 observed_next=1 qpc=3109227286297 duration_ticks=165688 hr=0x00000000
present frame=1780 source_index=1 allocator_index=1 expected_next=2 observed_next=2 qpc=3109227452460 duration_ticks=165542 hr=0x00000000
present frame=1781 source_index=2 allocator_index=2 expected_next=0 observed_next=0 qpc=3109227618440 duration_ticks=167802 hr=0x00000000
present frame=1782 source_index=0 allocator_index=0 expected_next=1 observed_next=1 qpc=3109227786743 duration_ticks=167904 hr=0x00000000
present frame=1783 source_index=1 allocator_index=1 expected_next=2 observed_next=2 qpc=3109227955346 duration_ticks=164186 hr=0x00000000
present frame=1784 source_index=2 allocator_index=2 expected_next=0 observed_next=0 qpc=3109228121648 duration_ticks=170915 hr=0x00000000
present frame=1785 source_index=0 allocator_index=0 expected_next=1 observed_next=1 qpc=3109228296557 duration_ticks=165484 hr=0x00000000
present frame=1786 source_index=1 allocator_index=1 expected_next=2 observed_next=2 qpc=3109228465752 duration_ticks=163302 hr=0x00000000
present frame=1787 source_index=2 allocator_index=2 expected_next=0 observed_next=0 qpc=3109228635591 duration_ticks=161117 hr=0x00000000
present frame=1788 source_index=0 allocator_index=0 expected_next=1 observed_next=1 qpc=3109228800594 duration_ticks=161668 hr=0x00000000
present frame=1789 source_index=1 allocator_index=1 expected_next=2 observed_next=2 qpc=3109228968147 duration_ticks=162589 hr=0x00000000
present frame=1790 source_index=2 allocator_index=2 expected_next=0 observed_next=0 qpc=3109229136047 duration_ticks=161267 hr=0x00000000
present frame=1791 source_index=0 allocator_index=0 expected_next=1 observed_next=1 qpc=3109229303809 duration_ticks=164377 hr=0x00000000
present frame=1792 source_index=1 allocator_index=1 expected_next=2 observed_next=2 qpc=3109229475459 duration_ticks=149091 hr=0x00000000
present frame=1793 source_index=2 allocator_index=2 expected_next=0 observed_next=0 qpc=3109229626083 duration_ticks=165507 hr=0x00000000
present frame=1794 source_index=0 allocator_index=0 expected_next=1 observed_next=1 qpc=3109229792633 duration_ticks=165712 hr=0x00000000
present frame=1795 source_index=1 allocator_index=1 expected_next=2 observed_next=2 qpc=3109229959032 duration_ticks=164130 hr=0x00000000
present frame=1796 source_index=2 allocator_index=2 expected_next=0 observed_next=0 qpc=3109230123889 duration_ticks=169781 hr=0x00000000
present frame=1797 source_index=0 allocator_index=0 expected_next=1 observed_next=1 qpc=3109230297757 duration_ticks=164221 hr=0x00000000
present frame=1798 source_index=1 allocator_index=1 expected_next=2 observed_next=2 qpc=3109230467752 duration_ticks=161596 hr=0x00000000
present frame=1799 source_index=2 allocator_index=2 expected_next=0 observed_next=0 qpc=3109230635206 duration_ticks=160342 hr=0x00000000
present frame=1800 source_index=0 allocator_index=0 expected_next=1 observed_next=1 qpc=3109230801080 duration_ticks=161430 hr=0x00000000
present frame=1801 source_index=1 allocator_index=1 expected_next=2 observed_next=2 qpc=3109230970640 duration_ticks=157475 hr=0x00000000
present frame=1802 source_index=2 allocator_index=2 expected_next=0 observed_next=0 qpc=3109231133877 duration_ticks=161564 hr=0x00000000
present frame=1803 source_index=0 allocator_index=0 expected_next=1 observed_next=1 qpc=3109231301385 duration_ticks=161079 hr=0x00000000
present frame=1804 source_index=1 allocator_index=1 expected_next=2 observed_next=2 qpc=3109231467981 duration_ticks=160446 hr=0x00000000
present frame=1805 source_index=2 allocator_index=2 expected_next=0 observed_next=0 qpc=3109231638017 duration_ticks=159860 hr=0x00000000
present frame=1806 source_index=0 allocator_index=0 expected_next=1 observed_next=1 qpc=3109231804357 duration_ticks=157311 hr=0x00000000
present frame=1807 source_index=1 allocator_index=1 expected_next=2 observed_next=2 qpc=3109231967214 duration_ticks=162436 hr=0x00000000
present frame=1808 source_index=2 allocator_index=2 expected_next=0 observed_next=0 qpc=3109232135450 duration_ticks=160885 hr=0x00000000
present frame=1809 source_index=0 allocator_index=0 expected_next=1 observed_next=1 qpc=3109232300251 duration_ticks=164955 hr=0x00000000
present frame=1810 source_index=1 allocator_index=1 expected_next=2 observed_next=2 qpc=3109232470728 duration_ticks=160192 hr=0x00000000
present frame=1811 source_index=2 allocator_index=2 expected_next=0 observed_next=0 qpc=3109232635867 duration_ticks=160951 hr=0x00000000
present frame=1812 source_index=0 allocator_index=0 expected_next=1 observed_next=1 qpc=3109232801066 duration_ticks=164330 hr=0x00000000
present frame=1813 source_index=1 allocator_index=1 expected_next=2 observed_next=2 qpc=3109232969669 duration_ticks=160930 hr=0x00000000
present frame=1814 source_index=2 allocator_index=2 expected_next=0 observed_next=0 qpc=3109233136178 duration_ticks=164329 hr=0x00000000
present frame=1815 source_index=0 allocator_index=0 expected_next=1 observed_next=1 qpc=3109233304625 duration_ticks=158519 hr=0x00000000
present frame=1816 source_index=1 allocator_index=1 expected_next=2 observed_next=2 qpc=3109233472006 duration_ticks=160006 hr=0x00000000
present frame=1817 source_index=2 allocator_index=2 expected_next=0 observed_next=0 qpc=3109233648025 duration_ticks=148170 hr=0x00000000
present frame=1818 source_index=0 allocator_index=0 expected_next=1 observed_next=1 qpc=3109233800211 duration_ticks=164349 hr=0x00000000
present frame=1819 source_index=1 allocator_index=1 expected_next=2 observed_next=2 qpc=3109233969465 duration_ticks=160893 hr=0x00000000
present frame=1820 source_index=2 allocator_index=2 expected_next=0 observed_next=0 qpc=3109234135386 duration_ticks=161665 hr=0x00000000
present frame=1821 source_index=0 allocator_index=0 expected_next=1 observed_next=1 qpc=3109234301507 duration_ticks=161847 hr=0x00000000
present frame=1822 source_index=1 allocator_index=1 expected_next=2 observed_next=2 qpc=3109234468840 duration_ticks=162600 hr=0x00000000
present frame=1823 source_index=2 allocator_index=2 expected_next=0 observed_next=0 qpc=3109234635781 duration_ticks=162341 hr=0x00000000
present frame=1824 source_index=0 allocator_index=0 expected_next=1 observed_next=1 qpc=3109234815026 duration_ticks=149743 hr=0x00000000
present frame=1825 source_index=1 allocator_index=1 expected_next=2 observed_next=2 qpc=3109234969475 duration_ticks=159999 hr=0x00000000
present frame=1826 source_index=2 allocator_index=2 expected_next=0 observed_next=0 qpc=3109235157665 duration_ticks=132546 hr=0x00000000
present frame=1827 source_index=0 allocator_index=0 expected_next=1 observed_next=1 qpc=3109235290888 duration_ticks=169344 hr=0x00000000
present frame=1828 source_index=1 allocator_index=1 expected_next=2 observed_next=2 qpc=3109235466183 duration_ticks=165117 hr=0x00000000
present frame=1829 source_index=2 allocator_index=2 expected_next=0 observed_next=0 qpc=3109235636900 duration_ticks=159489 hr=0x00000000
present frame=1830 source_index=0 allocator_index=0 expected_next=1 observed_next=1 qpc=3109235800201 duration_ticks=165426 hr=0x00000000
present frame=1831 source_index=1 allocator_index=1 expected_next=2 observed_next=2 qpc=3109235972742 duration_ticks=158232 hr=0x00000000
present frame=1832 source_index=2 allocator_index=2 expected_next=0 observed_next=0 qpc=3109236137134 duration_ticks=159591 hr=0x00000000
present frame=1833 source_index=0 allocator_index=0 expected_next=1 observed_next=1 qpc=3109236310583 duration_ticks=156244 hr=0x00000000
present frame=1834 source_index=1 allocator_index=1 expected_next=2 observed_next=2 qpc=3109236525927 duration_ticks=98100 hr=0x00000000
present frame=1835 source_index=2 allocator_index=2 expected_next=0 observed_next=0 qpc=3109236624696 duration_ticks=166296 hr=0x00000000
present frame=1836 source_index=0 allocator_index=0 expected_next=1 observed_next=1 qpc=3109236791575 duration_ticks=164803 hr=0x00000000
present frame=1837 source_index=1 allocator_index=1 expected_next=2 observed_next=2 qpc=3109236956932 duration_ticks=178773 hr=0x00000000
present frame=1838 source_index=2 allocator_index=2 expected_next=0 observed_next=0 qpc=3109237139877 duration_ticks=159768 hr=0x00000000
present frame=1839 source_index=0 allocator_index=0 expected_next=1 observed_next=1 qpc=3109237303831 duration_ticks=162216 hr=0x00000000
present frame=1840 source_index=1 allocator_index=1 expected_next=2 observed_next=2 qpc=3109237473157 duration_ticks=157441 hr=0x00000000
present frame=1841 source_index=2 allocator_index=2 expected_next=0 observed_next=0 qpc=3109237635300 duration_ticks=160918 hr=0x00000000
present frame=1842 source_index=0 allocator_index=0 expected_next=1 observed_next=1 qpc=3109237800209 duration_ticks=164239 hr=0x00000000
present frame=1843 source_index=1 allocator_index=1 expected_next=2 observed_next=2 qpc=3109237968532 duration_ticks=166228 hr=0x00000000
present frame=1844 source_index=2 allocator_index=2 expected_next=0 observed_next=0 qpc=3109238145287 duration_ticks=143053 hr=0x00000000
present frame=1845 source_index=0 allocator_index=0 expected_next=1 observed_next=1 qpc=3109238289458 duration_ticks=162972 hr=0x00000000
present frame=1846 source_index=1 allocator_index=1 expected_next=2 observed_next=2 qpc=3109238453449 duration_ticks=166078 hr=0x00000000
present frame=1847 source_index=2 allocator_index=2 expected_next=0 observed_next=0 qpc=3109238620266 duration_ticks=164952 hr=0x00000000
present frame=1848 source_index=0 allocator_index=0 expected_next=1 observed_next=1 qpc=3109238785742 duration_ticks=165031 hr=0x00000000
present frame=1849 source_index=1 allocator_index=1 expected_next=2 observed_next=2 qpc=3109238951464 duration_ticks=166394 hr=0x00000000
present frame=1850 source_index=2 allocator_index=2 expected_next=0 observed_next=0 qpc=3109239118269 duration_ticks=165888 hr=0x00000000
present frame=1851 source_index=0 allocator_index=0 expected_next=1 observed_next=1 qpc=3109239285018 duration_ticks=167213 hr=0x00000000
present frame=1852 source_index=1 allocator_index=1 expected_next=2 observed_next=2 qpc=3109239452935 duration_ticks=166901 hr=0x00000000
present frame=1853 source_index=2 allocator_index=2 expected_next=0 observed_next=0 qpc=3109239620522 duration_ticks=166479 hr=0x00000000
present frame=1854 source_index=0 allocator_index=0 expected_next=1 observed_next=1 qpc=3109239790553 duration_ticks=166364 hr=0x00000000
present frame=1855 source_index=1 allocator_index=1 expected_next=2 observed_next=2 qpc=3109239962147 duration_ticks=165181 hr=0x00000000
present frame=1856 source_index=2 allocator_index=2 expected_next=0 observed_next=0 qpc=3109240135032 duration_ticks=161590 hr=0x00000000
present frame=1857 source_index=0 allocator_index=0 expected_next=1 observed_next=1 qpc=3109240302147 duration_ticks=161215 hr=0x00000000
present frame=1858 source_index=1 allocator_index=1 expected_next=2 observed_next=2 qpc=3109240474667 duration_ticks=154668 hr=0x00000000
present frame=1859 source_index=2 allocator_index=2 expected_next=0 observed_next=0 qpc=3109240635650 duration_ticks=161202 hr=0x00000000
present frame=1860 source_index=0 allocator_index=0 expected_next=1 observed_next=1 qpc=3109240803040 duration_ticks=160219 hr=0x00000000
present frame=1861 source_index=1 allocator_index=1 expected_next=2 observed_next=2 qpc=3109240969798 duration_ticks=158867 hr=0x00000000
present frame=1862 source_index=2 allocator_index=2 expected_next=0 observed_next=0 qpc=3109241134260 duration_ticks=162334 hr=0x00000000
present frame=1863 source_index=0 allocator_index=0 expected_next=1 observed_next=1 qpc=3109241308224 duration_ticks=155049 hr=0x00000000
present frame=1864 source_index=1 allocator_index=1 expected_next=2 observed_next=2 qpc=3109241469419 duration_ticks=160015 hr=0x00000000
present frame=1865 source_index=2 allocator_index=2 expected_next=0 observed_next=0 qpc=3109241635400 duration_ticks=162240 hr=0x00000000
present frame=1866 source_index=0 allocator_index=0 expected_next=1 observed_next=1 qpc=3109241803362 duration_ticks=161062 hr=0x00000000
present frame=1867 source_index=1 allocator_index=1 expected_next=2 observed_next=2 qpc=3109241978188 duration_ticks=155107 hr=0x00000000
present frame=1868 source_index=2 allocator_index=2 expected_next=0 observed_next=0 qpc=3109242140544 duration_ticks=155197 hr=0x00000000
present frame=1869 source_index=0 allocator_index=0 expected_next=1 observed_next=1 qpc=3109242299463 duration_ticks=162654 hr=0x00000000
present frame=1870 source_index=1 allocator_index=1 expected_next=2 observed_next=2 qpc=3109242466909 duration_ticks=164975 hr=0x00000000
present frame=1871 source_index=2 allocator_index=2 expected_next=0 observed_next=0 qpc=3109242636683 duration_ticks=163524 hr=0x00000000
present frame=1872 source_index=0 allocator_index=0 expected_next=1 observed_next=1 qpc=3109242807297 duration_ticks=157277 hr=0x00000000
present frame=1873 source_index=1 allocator_index=1 expected_next=2 observed_next=2 qpc=3109242968404 duration_ticks=162502 hr=0x00000000
present frame=1874 source_index=2 allocator_index=2 expected_next=0 observed_next=0 qpc=3109243134905 duration_ticks=163913 hr=0x00000000
present frame=1875 source_index=0 allocator_index=0 expected_next=1 observed_next=1 qpc=3109243302947 duration_ticks=163513 hr=0x00000000
present frame=1876 source_index=1 allocator_index=1 expected_next=2 observed_next=2 qpc=3109243470487 duration_ticks=160515 hr=0x00000000
present frame=1877 source_index=2 allocator_index=2 expected_next=0 observed_next=0 qpc=3109243637510 duration_ticks=153883 hr=0x00000000
present frame=1878 source_index=0 allocator_index=0 expected_next=1 observed_next=1 qpc=3109243792213 duration_ticks=171758 hr=0x00000000
present frame=1879 source_index=1 allocator_index=1 expected_next=2 observed_next=2 qpc=3109243972071 duration_ticks=155346 hr=0x00000000
present frame=1880 source_index=2 allocator_index=2 expected_next=0 observed_next=0 qpc=3109244132692 duration_ticks=162370 hr=0x00000000
present frame=1881 source_index=0 allocator_index=0 expected_next=1 observed_next=1 qpc=3109244298817 duration_ticks=162039 hr=0x00000000
present frame=1882 source_index=1 allocator_index=1 expected_next=2 observed_next=2 qpc=3109244464280 duration_ticks=164547 hr=0x00000000
present frame=1883 source_index=2 allocator_index=2 expected_next=0 observed_next=0 qpc=3109244646016 duration_ticks=153831 hr=0x00000000
present frame=1884 source_index=0 allocator_index=0 expected_next=1 observed_next=1 qpc=3109244804152 duration_ticks=160955 hr=0x00000000
present frame=1885 source_index=1 allocator_index=1 expected_next=2 observed_next=2 qpc=3109244969143 duration_ticks=163134 hr=0x00000000
present frame=1886 source_index=2 allocator_index=2 expected_next=0 observed_next=0 qpc=3109245142723 duration_ticks=155693 hr=0x00000000
present frame=1887 source_index=0 allocator_index=0 expected_next=1 observed_next=1 qpc=3109245302789 duration_ticks=160136 hr=0x00000000
present frame=1888 source_index=1 allocator_index=1 expected_next=2 observed_next=2 qpc=3109245467115 duration_ticks=164366 hr=0x00000000
present frame=1889 source_index=2 allocator_index=2 expected_next=0 observed_next=0 qpc=3109245635585 duration_ticks=162176 hr=0x00000000
present frame=1890 source_index=0 allocator_index=0 expected_next=1 observed_next=1 qpc=3109245801746 duration_ticks=164546 hr=0x00000000
present frame=1891 source_index=1 allocator_index=1 expected_next=2 observed_next=2 qpc=3109245970948 duration_ticks=161088 hr=0x00000000
present frame=1892 source_index=2 allocator_index=2 expected_next=0 observed_next=0 qpc=3109246138637 duration_ticks=159127 hr=0x00000000
present frame=1893 source_index=0 allocator_index=0 expected_next=1 observed_next=1 qpc=3109246303462 duration_ticks=163587 hr=0x00000000
present frame=1894 source_index=1 allocator_index=1 expected_next=2 observed_next=2 qpc=3109246571698 duration_ticks=70164 hr=0x00000000
present frame=1895 source_index=2 allocator_index=2 expected_next=0 observed_next=0 qpc=3109246650427 duration_ticks=147306 hr=0x00000000
present frame=1896 source_index=0 allocator_index=0 expected_next=1 observed_next=1 qpc=3109246801278 duration_ticks=160732 hr=0x00000000
present frame=1897 source_index=1 allocator_index=1 expected_next=2 observed_next=2 qpc=3109246965820 duration_ticks=165091 hr=0x00000000
present frame=1898 source_index=2 allocator_index=2 expected_next=0 observed_next=0 qpc=3109247138485 duration_ticks=157491 hr=0x00000000
present frame=1899 source_index=0 allocator_index=0 expected_next=1 observed_next=1 qpc=3109247299698 duration_ticks=164296 hr=0x00000000
present frame=1900 source_index=1 allocator_index=1 expected_next=2 observed_next=2 qpc=3109247469079 duration_ticks=161787 hr=0x00000000
present frame=1901 source_index=2 allocator_index=2 expected_next=0 observed_next=0 qpc=3109247634837 duration_ticks=161378 hr=0x00000000
present frame=1902 source_index=0 allocator_index=0 expected_next=1 observed_next=1 qpc=3109247804809 duration_ticks=158671 hr=0x00000000
present frame=1903 source_index=1 allocator_index=1 expected_next=2 observed_next=2 qpc=3109247967251 duration_ticks=164694 hr=0x00000000
present frame=1904 source_index=2 allocator_index=2 expected_next=0 observed_next=0 qpc=3109248136127 duration_ticks=161625 hr=0x00000000
present frame=1905 source_index=0 allocator_index=0 expected_next=1 observed_next=1 qpc=3109248301952 duration_ticks=159651 hr=0x00000000
present frame=1906 source_index=1 allocator_index=1 expected_next=2 observed_next=2 qpc=3109248465164 duration_ticks=167168 hr=0x00000000
present frame=1907 source_index=2 allocator_index=2 expected_next=0 observed_next=0 qpc=3109248636172 duration_ticks=163260 hr=0x00000000
present frame=1908 source_index=0 allocator_index=0 expected_next=1 observed_next=1 qpc=3109248805223 duration_ticks=165169 hr=0x00000000
present frame=1909 source_index=1 allocator_index=1 expected_next=2 observed_next=2 qpc=3109248974590 duration_ticks=157894 hr=0x00000000
present frame=1910 source_index=2 allocator_index=2 expected_next=0 observed_next=0 qpc=3109249136394 duration_ticks=159796 hr=0x00000000
present frame=1911 source_index=0 allocator_index=0 expected_next=1 observed_next=1 qpc=3109249300823 duration_ticks=165673 hr=0x00000000
present frame=1912 source_index=1 allocator_index=1 expected_next=2 observed_next=2 qpc=3109249472102 duration_ticks=155855 hr=0x00000000
present frame=1913 source_index=2 allocator_index=2 expected_next=0 observed_next=0 qpc=3109249631517 duration_ticks=165956 hr=0x00000000
present frame=1914 source_index=0 allocator_index=0 expected_next=1 observed_next=1 qpc=3109249803438 duration_ticks=158343 hr=0x00000000
present frame=1915 source_index=1 allocator_index=1 expected_next=2 observed_next=2 qpc=3109249963389 duration_ticks=154648 hr=0x00000000
present frame=1916 source_index=2 allocator_index=2 expected_next=0 observed_next=0 qpc=3109250118910 duration_ticks=163808 hr=0x00000000
present frame=1917 source_index=0 allocator_index=0 expected_next=1 observed_next=1 qpc=3109250283208 duration_ticks=165009 hr=0x00000000
present frame=1918 source_index=1 allocator_index=1 expected_next=2 observed_next=2 qpc=3109250448863 duration_ticks=168859 hr=0x00000000
present frame=1919 source_index=2 allocator_index=2 expected_next=0 observed_next=0 qpc=3109250618398 duration_ticks=164785 hr=0x00000000
present frame=1920 source_index=0 allocator_index=0 expected_next=1 observed_next=1 qpc=3109250783867 duration_ticks=168388 hr=0x00000000
present frame=1921 source_index=1 allocator_index=1 expected_next=2 observed_next=2 qpc=3109250952837 duration_ticks=164449 hr=0x00000000
present frame=1922 source_index=2 allocator_index=2 expected_next=0 observed_next=0 qpc=3109251117996 duration_ticks=169444 hr=0x00000000
present frame=1923 source_index=0 allocator_index=0 expected_next=1 observed_next=1 qpc=3109251288223 duration_ticks=162487 hr=0x00000000
present frame=1924 source_index=1 allocator_index=1 expected_next=2 observed_next=2 qpc=3109251451200 duration_ticks=167449 hr=0x00000000
present frame=1925 source_index=2 allocator_index=2 expected_next=0 observed_next=0 qpc=3109251619462 duration_ticks=163409 hr=0x00000000
present frame=1926 source_index=0 allocator_index=0 expected_next=1 observed_next=1 qpc=3109251783559 duration_ticks=168151 hr=0x00000000
present frame=1927 source_index=1 allocator_index=1 expected_next=2 observed_next=2 qpc=3109251952285 duration_ticks=164652 hr=0x00000000
present frame=1928 source_index=2 allocator_index=2 expected_next=0 observed_next=0 qpc=3109252117227 duration_ticks=166264 hr=0x00000000
present frame=1929 source_index=0 allocator_index=0 expected_next=1 observed_next=1 qpc=3109252283860 duration_ticks=167905 hr=0x00000000
present frame=1930 source_index=1 allocator_index=1 expected_next=2 observed_next=2 qpc=3109252452122 duration_ticks=166070 hr=0x00000000
present frame=1931 source_index=2 allocator_index=2 expected_next=0 observed_next=0 qpc=3109252618428 duration_ticks=165858 hr=0x00000000
present frame=1932 source_index=0 allocator_index=0 expected_next=1 observed_next=1 qpc=3109252784617 duration_ticks=168047 hr=0x00000000
present frame=1933 source_index=1 allocator_index=1 expected_next=2 observed_next=2 qpc=3109252952933 duration_ticks=165500 hr=0x00000000
present frame=1934 source_index=2 allocator_index=2 expected_next=0 observed_next=0 qpc=3109253118719 duration_ticks=168054 hr=0x00000000
present frame=1935 source_index=0 allocator_index=0 expected_next=1 observed_next=1 qpc=3109253287152 duration_ticks=165550 hr=0x00000000
present frame=1936 source_index=1 allocator_index=1 expected_next=2 observed_next=2 qpc=3109253452976 duration_ticks=167891 hr=0x00000000
present frame=1937 source_index=2 allocator_index=2 expected_next=0 observed_next=0 qpc=3109253621251 duration_ticks=163818 hr=0x00000000
present frame=1938 source_index=0 allocator_index=0 expected_next=1 observed_next=1 qpc=3109253785636 duration_ticks=165465 hr=0x00000000
present frame=1939 source_index=1 allocator_index=1 expected_next=2 observed_next=2 qpc=3109253951408 duration_ticks=168217 hr=0x00000000
present frame=1940 source_index=2 allocator_index=2 expected_next=0 observed_next=0 qpc=3109254120012 duration_ticks=164590 hr=0x00000000
present frame=1941 source_index=0 allocator_index=0 expected_next=1 observed_next=1 qpc=3109254284876 duration_ticks=168952 hr=0x00000000
present frame=1942 source_index=1 allocator_index=1 expected_next=2 observed_next=2 qpc=3109254454236 duration_ticks=165507 hr=0x00000000
present frame=1943 source_index=2 allocator_index=2 expected_next=0 observed_next=0 qpc=3109254620040 duration_ticks=166240 hr=0x00000000
present frame=1944 source_index=0 allocator_index=0 expected_next=1 observed_next=1 qpc=3109254786671 duration_ticks=167742 hr=0x00000000
present frame=1945 source_index=1 allocator_index=1 expected_next=2 observed_next=2 qpc=3109254954737 duration_ticks=165475 hr=0x00000000
present frame=1946 source_index=2 allocator_index=2 expected_next=0 observed_next=0 qpc=3109255120596 duration_ticks=168181 hr=0x00000000
present frame=1947 source_index=0 allocator_index=0 expected_next=1 observed_next=1 qpc=3109255289222 duration_ticks=161485 hr=0x00000000
present frame=1948 source_index=1 allocator_index=1 expected_next=2 observed_next=2 qpc=3109255451021 duration_ticks=167073 hr=0x00000000
present frame=1949 source_index=2 allocator_index=2 expected_next=0 observed_next=0 qpc=3109255618326 duration_ticks=166043 hr=0x00000000
present frame=1950 source_index=0 allocator_index=0 expected_next=1 observed_next=1 qpc=3109255784775 duration_ticks=167189 hr=0x00000000
present frame=1951 source_index=1 allocator_index=1 expected_next=2 observed_next=2 qpc=3109255952433 duration_ticks=165590 hr=0x00000000
present frame=1952 source_index=2 allocator_index=2 expected_next=0 observed_next=0 qpc=3109256118452 duration_ticks=164947 hr=0x00000000
present frame=1953 source_index=0 allocator_index=0 expected_next=1 observed_next=1 qpc=3109256283817 duration_ticks=166959 hr=0x00000000
present frame=1954 source_index=1 allocator_index=1 expected_next=2 observed_next=2 qpc=3109256451111 duration_ticks=164882 hr=0x00000000
present frame=1955 source_index=2 allocator_index=2 expected_next=0 observed_next=0 qpc=3109256616423 duration_ticks=166666 hr=0x00000000
present frame=1956 source_index=0 allocator_index=0 expected_next=1 observed_next=1 qpc=3109256783483 duration_ticks=166919 hr=0x00000000
present frame=1957 source_index=1 allocator_index=1 expected_next=2 observed_next=2 qpc=3109256950834 duration_ticks=166273 hr=0x00000000
present frame=1958 source_index=2 allocator_index=2 expected_next=0 observed_next=0 qpc=3109257117547 duration_ticks=165673 hr=0x00000000
present frame=1959 source_index=0 allocator_index=0 expected_next=1 observed_next=1 qpc=3109257283560 duration_ticks=166346 hr=0x00000000
present frame=1960 source_index=1 allocator_index=1 expected_next=2 observed_next=2 qpc=3109257450379 duration_ticks=166053 hr=0x00000000
present frame=1961 source_index=2 allocator_index=2 expected_next=0 observed_next=0 qpc=3109257616750 duration_ticks=165973 hr=0x00000000
present frame=1962 source_index=0 allocator_index=0 expected_next=1 observed_next=1 qpc=3109257782974 duration_ticks=166507 hr=0x00000000
present frame=1963 source_index=1 allocator_index=1 expected_next=2 observed_next=2 qpc=3109257949693 duration_ticks=166815 hr=0x00000000
present frame=1964 source_index=2 allocator_index=2 expected_next=0 observed_next=0 qpc=3109258116814 duration_ticks=166389 hr=0x00000000
present frame=1965 source_index=0 allocator_index=0 expected_next=1 observed_next=1 qpc=3109258283442 duration_ticks=166167 hr=0x00000000
present frame=1966 source_index=1 allocator_index=1 expected_next=2 observed_next=2 qpc=3109258449920 duration_ticks=166597 hr=0x00000000
present frame=1967 source_index=2 allocator_index=2 expected_next=0 observed_next=0 qpc=3109258616758 duration_ticks=166617 hr=0x00000000
present frame=1968 source_index=0 allocator_index=0 expected_next=1 observed_next=1 qpc=3109258783750 duration_ticks=166002 hr=0x00000000
present frame=1969 source_index=1 allocator_index=1 expected_next=2 observed_next=2 qpc=3109258950035 duration_ticks=166190 hr=0x00000000
present frame=1970 source_index=2 allocator_index=2 expected_next=0 observed_next=0 qpc=3109259116488 duration_ticks=168236 hr=0x00000000
present frame=1971 source_index=0 allocator_index=0 expected_next=1 observed_next=1 qpc=3109259285485 duration_ticks=165220 hr=0x00000000
present frame=1972 source_index=1 allocator_index=1 expected_next=2 observed_next=2 qpc=3109259451481 duration_ticks=165838 hr=0x00000000
present frame=1973 source_index=2 allocator_index=2 expected_next=0 observed_next=0 qpc=3109259617869 duration_ticks=166525 hr=0x00000000
present frame=1974 source_index=0 allocator_index=0 expected_next=1 observed_next=1 qpc=3109259784843 duration_ticks=165843 hr=0x00000000
present frame=1975 source_index=1 allocator_index=1 expected_next=2 observed_next=2 qpc=3109259951291 duration_ticks=165395 hr=0x00000000
present frame=1976 source_index=2 allocator_index=2 expected_next=0 observed_next=0 qpc=3109260116977 duration_ticks=166325 hr=0x00000000
present frame=1977 source_index=0 allocator_index=0 expected_next=1 observed_next=1 qpc=3109260283736 duration_ticks=166816 hr=0x00000000
present frame=1978 source_index=1 allocator_index=1 expected_next=2 observed_next=2 qpc=3109260450952 duration_ticks=168403 hr=0x00000000
present frame=1979 source_index=2 allocator_index=2 expected_next=0 observed_next=0 qpc=3109260619934 duration_ticks=165107 hr=0x00000000
present frame=1980 source_index=0 allocator_index=0 expected_next=1 observed_next=1 qpc=3109260785642 duration_ticks=167383 hr=0x00000000
present frame=1981 source_index=1 allocator_index=1 expected_next=2 observed_next=2 qpc=3109260953713 duration_ticks=164858 hr=0x00000000
present frame=1982 source_index=2 allocator_index=2 expected_next=0 observed_next=0 qpc=3109261119076 duration_ticks=169570 hr=0x00000000
present frame=1983 source_index=0 allocator_index=0 expected_next=1 observed_next=1 qpc=3109261289411 duration_ticks=168735 hr=0x00000000
present frame=1984 source_index=1 allocator_index=1 expected_next=2 observed_next=2 qpc=3109261459864 duration_ticks=164868 hr=0x00000000
present frame=1985 source_index=2 allocator_index=2 expected_next=0 observed_next=0 qpc=3109261625839 duration_ticks=164618 hr=0x00000000
present frame=1986 source_index=0 allocator_index=0 expected_next=1 observed_next=1 qpc=3109261791622 duration_ticks=164930 hr=0x00000000
present frame=1987 source_index=1 allocator_index=1 expected_next=2 observed_next=2 qpc=3109261957856 duration_ticks=172265 hr=0x00000000
present frame=1988 source_index=2 allocator_index=2 expected_next=0 observed_next=0 qpc=3109262131341 duration_ticks=163735 hr=0x00000000
present frame=1989 source_index=0 allocator_index=0 expected_next=1 observed_next=1 qpc=3109262297509 duration_ticks=164010 hr=0x00000000
present frame=1990 source_index=1 allocator_index=1 expected_next=2 observed_next=2 qpc=3109262465106 duration_ticks=162684 hr=0x00000000
present frame=1991 source_index=2 allocator_index=2 expected_next=0 observed_next=0 qpc=3109262631404 duration_ticks=159780 hr=0x00000000
present frame=1992 source_index=0 allocator_index=0 expected_next=1 observed_next=1 qpc=3109262792069 duration_ticks=168704 hr=0x00000000
present frame=1993 source_index=1 allocator_index=1 expected_next=2 observed_next=2 qpc=3109262965139 duration_ticks=161923 hr=0x00000000
present frame=1994 source_index=2 allocator_index=2 expected_next=0 observed_next=0 qpc=3109263130662 duration_ticks=163430 hr=0x00000000
present frame=1995 source_index=0 allocator_index=0 expected_next=1 observed_next=1 qpc=3109263297590 duration_ticks=167939 hr=0x00000000
present frame=1996 source_index=1 allocator_index=1 expected_next=2 observed_next=2 qpc=3109263471320 duration_ticks=159102 hr=0x00000000
present frame=1997 source_index=2 allocator_index=2 expected_next=0 observed_next=0 qpc=3109263635427 duration_ticks=161231 hr=0x00000000
present frame=1998 source_index=0 allocator_index=0 expected_next=1 observed_next=1 qpc=3109263801637 duration_ticks=162903 hr=0x00000000
present frame=1999 source_index=1 allocator_index=1 expected_next=2 observed_next=2 qpc=3109263968144 duration_ticks=160796 hr=0x00000000
complete frames=2000 elapsed_ticks=329372280
frame_statistics hr=0x00000000 present_count=2000 present_refresh=2000 sync_refresh=2000
last_present_count hr=0x00000000 count=2000
memory_sample hr=0x00000000 current_working_set=89743360 current_private=44567568384 max_sampled_working_set=90005504 max_sampled_private=44569333760 sample_interval_frames=30
bookkeeping_result case=A invariant_mismatches=0 result=PASS
