start dxgi_module=00006fffff070000 dxgi_path_chars=100 dxgi_path=Z:\var\folders\4l\yp39dwhd7rg2y9xscgvhkyqw0000gn\T\fg-step8d1-overhead-passthrough-3.OHhnBN\dxgi.dll
call=CreateDXGIFactory hr=0x00000000 factory=000000000080d940
call=CreateDXGIFactory1 hr=0x00000000 factory=000000000080d940
call=CreateDXGIFactory2 hr=0x00000000 factory=000000000080d940
adapter_interface version=4 hr=0x00000000 adapter=0000000000812ca0
adapter_interface_matrix adapter0=1 adapter1=1 adapter2=1 adapter3=1 adapter4=1
com_identity factory_qi_iunknown=1 adapter_getparent_factory=1 result=PASS
adapter_enum_output_zero hr=0x00000000 output=0000000000812ce0
output_interface version=6 hr=0x00000000 output=0000000000812ce0
com_identity output_getparent_adapter hr=0x00000000 same_adapter=1
interface name=IDXGIFactory hr=0x00000000 ptr=000000000080d940
interface name=IDXGIFactory1 hr=0x00000000 ptr=000000000080d940
interface name=IDXGIFactory2 hr=0x00000000 ptr=000000000080d940
interface name=IDXGIFactory3 hr=0x00000000 ptr=000000000080d940
interface name=IDXGIFactory4 hr=0x00000000 ptr=000000000080d940
interface name=IDXGIFactory5 hr=0x00000000 ptr=000000000080d940
interface name=IDXGIFactory6 hr=0x00000000 ptr=000000000080d940
interface name=IDXGIFactory7 hr=0x00000000 ptr=000000000080d940
interface name=IDXGIFactoryMedia hr=0x80004002 ptr=0000000000000000
call=D3D12CreateDevice hr=0x00000000 device=00007f7fb706fa10
call=CreateCommandQueue hr=0x00000000 queue=00007f7fd80e0a10
call=CreateSwapChainForHwnd hr=0x00000000 swapchain=0000000000812d20
call=QueryInterface_IDXGISwapChain3 hr=0x00000000 swapchain3=0000000000812d20
com_identity swapchain_getparent_factory hr=0x00000000 same_factory=1
interface name=IDXGISwapChainMedia hr=0x80004002 ptr=0000000000000000
interface name=IDXGISwapChain hr=0x00000000 ptr=0000000000812d20
interface name=IDXGISwapChain1 hr=0x00000000 ptr=0000000000812d20
interface name=IDXGISwapChain2 hr=0x00000000 ptr=0000000000812d20
interface name=IDXGISwapChain3 hr=0x00000000 ptr=0000000000812d20
interface name=IDXGISwapChain4 hr=0x00000000 ptr=0000000000812d20
test_case=A frames=2000 target_fps=0 source_index_policy=GetCurrentBackBufferIndex_each_frame allocator_policy=per_backbuffer
timing qpc_frequency=10000000 target_fps=0
present frame=0 source_index=0 allocator_index=0 expected_next=1 observed_next=1 qpc=3109615419352 duration_ticks=832 hr=0x00000000
present frame=1 source_index=1 allocator_index=1 expected_next=2 observed_next=2 qpc=3109615424707 duration_ticks=20 hr=0x00000000
present frame=2 source_index=2 allocator_index=2 expected_next=0 observed_next=0 qpc=3109615425027 duration_ticks=9 hr=0x00000000
present frame=3 source_index=0 allocator_index=0 expected_next=1 observed_next=1 qpc=3109615502469 duration_ticks=64 hr=0x00000000
present frame=4 source_index=1 allocator_index=1 expected_next=2 observed_next=2 qpc=3109615515669 duration_ticks=33 hr=0x00000000
present frame=5 source_index=2 allocator_index=2 expected_next=0 observed_next=0 qpc=3109615516162 duration_ticks=8 hr=0x00000000
present frame=6 source_index=0 allocator_index=0 expected_next=1 observed_next=1 qpc=3109615516362 duration_ticks=6 hr=0x00000000
present frame=7 source_index=1 allocator_index=1 expected_next=2 observed_next=2 qpc=3109615523231 duration_ticks=22 hr=0x00000000
present frame=8 source_index=2 allocator_index=2 expected_next=0 observed_next=0 qpc=3109615527405 duration_ticks=56 hr=0x00000000
present frame=9 source_index=0 allocator_index=0 expected_next=1 observed_next=1 qpc=3109615529425 duration_ticks=15 hr=0x00000000
present frame=10 source_index=1 allocator_index=1 expected_next=2 observed_next=2 qpc=3109615529925 duration_ticks=2395 hr=0x00000000
present frame=11 source_index=2 allocator_index=2 expected_next=0 observed_next=0 qpc=3109615532546 duration_ticks=2088 hr=0x00000000
present frame=12 source_index=0 allocator_index=0 expected_next=1 observed_next=1 qpc=3109615535110 duration_ticks=1999 hr=0x00000000
present frame=13 source_index=1 allocator_index=1 expected_next=2 observed_next=2 qpc=3109615538655 duration_ticks=547 hr=0x00000000
present frame=14 source_index=2 allocator_index=2 expected_next=0 observed_next=0 qpc=3109615539544 duration_ticks=2101 hr=0x00000000
present frame=15 source_index=0 allocator_index=0 expected_next=1 observed_next=1 qpc=3109615542890 duration_ticks=941 hr=0x00000000
present frame=16 source_index=1 allocator_index=1 expected_next=2 observed_next=2 qpc=3109615545098 duration_ticks=1522 hr=0x00000000
present frame=17 source_index=2 allocator_index=2 expected_next=0 observed_next=0 qpc=3109615547769 duration_ticks=1218 hr=0x00000000
present frame=18 source_index=0 allocator_index=0 expected_next=1 observed_next=1 qpc=3109615550294 duration_ticks=996 hr=0x00000000
present frame=19 source_index=1 allocator_index=1 expected_next=2 observed_next=2 qpc=3109615553365 duration_ticks=402 hr=0x00000000
present frame=20 source_index=2 allocator_index=2 expected_next=0 observed_next=0 qpc=3109615555000 duration_ticks=886 hr=0x00000000
present frame=21 source_index=0 allocator_index=0 expected_next=1 observed_next=1 qpc=3109615557195 duration_ticks=1535 hr=0x00000000
present frame=22 source_index=1 allocator_index=1 expected_next=2 observed_next=2 qpc=3109615558980 duration_ticks=2035 hr=0x00000000
present frame=23 source_index=2 allocator_index=2 expected_next=0 observed_next=0 qpc=3109615561958 duration_ticks=1253 hr=0x00000000
present frame=24 source_index=0 allocator_index=0 expected_next=1 observed_next=1 qpc=3109615566003 duration_ticks=597 hr=0x00000000
present frame=25 source_index=1 allocator_index=1 expected_next=2 observed_next=2 qpc=3109615571739 duration_ticks=19 hr=0x00000000
present frame=26 source_index=2 allocator_index=2 expected_next=0 observed_next=0 qpc=3109615572057 duration_ticks=546 hr=0x00000000
present frame=27 source_index=0 allocator_index=0 expected_next=1 observed_next=1 qpc=3109615574332 duration_ticks=478 hr=0x00000000
present frame=28 source_index=1 allocator_index=1 expected_next=2 observed_next=2 qpc=3109615575979 duration_ticks=2942 hr=0x00000000
present frame=29 source_index=2 allocator_index=2 expected_next=0 observed_next=0 qpc=3109615579232 duration_ticks=2125 hr=0x00000000
present frame=30 source_index=0 allocator_index=0 expected_next=1 observed_next=1 qpc=3109615584066 duration_ticks=11 hr=0x00000000
present frame=31 source_index=1 allocator_index=1 expected_next=2 observed_next=2 qpc=3109615585169 duration_ticks=974 hr=0x00000000
present frame=32 source_index=2 allocator_index=2 expected_next=0 observed_next=0 qpc=3109615587422 duration_ticks=2796 hr=0x00000000
present frame=33 source_index=0 allocator_index=0 expected_next=1 observed_next=1 qpc=3109615591293 duration_ticks=1342 hr=0x00000000
present frame=34 source_index=1 allocator_index=1 expected_next=2 observed_next=2 qpc=3109615594651 duration_ticks=1190 hr=0x00000000
present frame=35 source_index=2 allocator_index=2 expected_next=0 observed_next=0 qpc=3109615601925 duration_ticks=36 hr=0x00000000
present frame=36 source_index=0 allocator_index=0 expected_next=1 observed_next=1 qpc=3109615604190 duration_ticks=9 hr=0x00000000
present frame=37 source_index=1 allocator_index=1 expected_next=2 observed_next=2 qpc=3109615604389 duration_ticks=5 hr=0x00000000
present frame=38 source_index=2 allocator_index=2 expected_next=0 observed_next=0 qpc=3109615606086 duration_ticks=10355 hr=0x00000000
present frame=39 source_index=0 allocator_index=0 expected_next=1 observed_next=1 qpc=3109615619235 duration_ticks=66 hr=0x00000000
present frame=40 source_index=1 allocator_index=1 expected_next=2 observed_next=2 qpc=3109615621196 duration_ticks=30 hr=0x00000000
present frame=41 source_index=2 allocator_index=2 expected_next=0 observed_next=0 qpc=3109615621898 duration_ticks=469 hr=0x00000000
present frame=42 source_index=0 allocator_index=0 expected_next=1 observed_next=1 qpc=3109615623217 duration_ticks=3978 hr=0x00000000
present frame=43 source_index=1 allocator_index=1 expected_next=2 observed_next=2 qpc=3109615629415 duration_ticks=309 hr=0x00000000
present frame=44 source_index=2 allocator_index=2 expected_next=0 observed_next=0 qpc=3109615631167 duration_ticks=755 hr=0x00000000
present frame=45 source_index=0 allocator_index=0 expected_next=1 observed_next=1 qpc=3109615632197 duration_ticks=1920 hr=0x00000000
present frame=46 source_index=1 allocator_index=1 expected_next=2 observed_next=2 qpc=3109615647308 duration_ticks=163637 hr=0x00000000
present frame=47 source_index=2 allocator_index=2 expected_next=0 observed_next=0 qpc=3109615811735 duration_ticks=133591 hr=0x00000000
present frame=48 source_index=0 allocator_index=0 expected_next=1 observed_next=1 qpc=3109615945858 duration_ticks=166586 hr=0x00000000
present frame=49 source_index=1 allocator_index=1 expected_next=2 observed_next=2 qpc=3109616112987 duration_ticks=166371 hr=0x00000000
present frame=50 source_index=2 allocator_index=2 expected_next=0 observed_next=0 qpc=3109616279835 duration_ticks=165620 hr=0x00000000
present frame=51 source_index=0 allocator_index=0 expected_next=1 observed_next=1 qpc=3109616446107 duration_ticks=164705 hr=0x00000000
present frame=52 source_index=1 allocator_index=1 expected_next=2 observed_next=2 qpc=3109616611242 duration_ticks=168163 hr=0x00000000
present frame=53 source_index=2 allocator_index=2 expected_next=0 observed_next=0 qpc=3109616779942 duration_ticks=165326 hr=0x00000000
present frame=54 source_index=0 allocator_index=0 expected_next=1 observed_next=1 qpc=3109616945698 duration_ticks=166134 hr=0x00000000
present frame=55 source_index=1 allocator_index=1 expected_next=2 observed_next=2 qpc=3109617112202 duration_ticks=166265 hr=0x00000000
present frame=56 source_index=2 allocator_index=2 expected_next=0 observed_next=0 qpc=3109617279059 duration_ticks=169918 hr=0x00000000
present frame=57 source_index=0 allocator_index=0 expected_next=1 observed_next=1 qpc=3109617449353 duration_ticks=162747 hr=0x00000000
present frame=58 source_index=1 allocator_index=1 expected_next=2 observed_next=2 qpc=3109617612437 duration_ticks=165827 hr=0x00000000
present frame=59 source_index=2 allocator_index=2 expected_next=0 observed_next=0 qpc=3109617778533 duration_ticks=167597 hr=0x00000000
present frame=60 source_index=0 allocator_index=0 expected_next=1 observed_next=1 qpc=3109617946376 duration_ticks=168639 hr=0x00000000
present frame=61 source_index=1 allocator_index=1 expected_next=2 observed_next=2 qpc=3109618115447 duration_ticks=166767 hr=0x00000000
present frame=62 source_index=2 allocator_index=2 expected_next=0 observed_next=0 qpc=3109618282691 duration_ticks=169316 hr=0x00000000
present frame=63 source_index=0 allocator_index=0 expected_next=1 observed_next=1 qpc=3109618452519 duration_ticks=164991 hr=0x00000000
present frame=64 source_index=1 allocator_index=1 expected_next=2 observed_next=2 qpc=3109618617872 duration_ticks=170573 hr=0x00000000
present frame=65 source_index=2 allocator_index=2 expected_next=0 observed_next=0 qpc=3109618788942 duration_ticks=164903 hr=0x00000000
present frame=66 source_index=0 allocator_index=0 expected_next=1 observed_next=1 qpc=3109618954342 duration_ticks=166680 hr=0x00000000
present frame=67 source_index=1 allocator_index=1 expected_next=2 observed_next=2 qpc=3109619121470 duration_ticks=169735 hr=0x00000000
present frame=68 source_index=2 allocator_index=2 expected_next=0 observed_next=0 qpc=3109619294148 duration_ticks=166988 hr=0x00000000
present frame=69 source_index=0 allocator_index=0 expected_next=1 observed_next=1 qpc=3109619463120 duration_ticks=158814 hr=0x00000000
present frame=70 source_index=1 allocator_index=1 expected_next=2 observed_next=2 qpc=3109619623301 duration_ticks=165593 hr=0x00000000
present frame=71 source_index=2 allocator_index=2 expected_next=0 observed_next=0 qpc=3109619790307 duration_ticks=164360 hr=0x00000000
present frame=72 source_index=0 allocator_index=0 expected_next=1 observed_next=1 qpc=3109619955831 duration_ticks=164419 hr=0x00000000
present frame=73 source_index=1 allocator_index=1 expected_next=2 observed_next=2 qpc=3109620121187 duration_ticks=167034 hr=0x00000000
present frame=74 source_index=2 allocator_index=2 expected_next=0 observed_next=0 qpc=3109620289805 duration_ticks=162774 hr=0x00000000
present frame=75 source_index=0 allocator_index=0 expected_next=1 observed_next=1 qpc=3109620454117 duration_ticks=165443 hr=0x00000000
present frame=76 source_index=1 allocator_index=1 expected_next=2 observed_next=2 qpc=3109620620502 duration_ticks=166052 hr=0x00000000
present frame=77 source_index=2 allocator_index=2 expected_next=0 observed_next=0 qpc=3109620787477 duration_ticks=166477 hr=0x00000000
present frame=78 source_index=0 allocator_index=0 expected_next=1 observed_next=1 qpc=3109620954915 duration_ticks=165556 hr=0x00000000
present frame=79 source_index=1 allocator_index=1 expected_next=2 observed_next=2 qpc=3109621121093 duration_ticks=166567 hr=0x00000000
present frame=80 source_index=2 allocator_index=2 expected_next=0 observed_next=0 qpc=3109621288510 duration_ticks=165987 hr=0x00000000
present frame=81 source_index=0 allocator_index=0 expected_next=1 observed_next=1 qpc=3109621455159 duration_ticks=164413 hr=0x00000000
present frame=82 source_index=1 allocator_index=1 expected_next=2 observed_next=2 qpc=3109621620366 duration_ticks=168260 hr=0x00000000
present frame=83 source_index=2 allocator_index=2 expected_next=0 observed_next=0 qpc=3109621789390 duration_ticks=166247 hr=0x00000000
present frame=84 source_index=0 allocator_index=0 expected_next=1 observed_next=1 qpc=3109621960350 duration_ticks=163705 hr=0x00000000
present frame=85 source_index=1 allocator_index=1 expected_next=2 observed_next=2 qpc=3109622127485 duration_ticks=162951 hr=0x00000000
present frame=86 source_index=2 allocator_index=2 expected_next=0 observed_next=0 qpc=3109622295026 duration_ticks=163070 hr=0x00000000
present frame=87 source_index=0 allocator_index=0 expected_next=1 observed_next=1 qpc=3109622461503 duration_ticks=163904 hr=0x00000000
present frame=88 source_index=1 allocator_index=1 expected_next=2 observed_next=2 qpc=3109622629052 duration_ticks=161792 hr=0x00000000
present frame=89 source_index=2 allocator_index=2 expected_next=0 observed_next=0 qpc=3109622795494 duration_ticks=162267 hr=0x00000000
present frame=90 source_index=0 allocator_index=0 expected_next=1 observed_next=1 qpc=3109622962443 duration_ticks=163508 hr=0x00000000
present frame=91 source_index=1 allocator_index=1 expected_next=2 observed_next=2 qpc=3109623130213 duration_ticks=163167 hr=0x00000000
present frame=92 source_index=2 allocator_index=2 expected_next=0 observed_next=0 qpc=3109623296858 duration_ticks=162240 hr=0x00000000
present frame=93 source_index=0 allocator_index=0 expected_next=1 observed_next=1 qpc=3109623462605 duration_ticks=163437 hr=0x00000000
present frame=94 source_index=1 allocator_index=1 expected_next=2 observed_next=2 qpc=3109623629602 duration_ticks=162419 hr=0x00000000
present frame=95 source_index=2 allocator_index=2 expected_next=0 observed_next=0 qpc=3109623795570 duration_ticks=161444 hr=0x00000000
present frame=96 source_index=0 allocator_index=0 expected_next=1 observed_next=1 qpc=3109623961854 duration_ticks=158162 hr=0x00000000
present frame=97 source_index=1 allocator_index=1 expected_next=2 observed_next=2 qpc=3109624120736 duration_ticks=169627 hr=0x00000000
present frame=98 source_index=2 allocator_index=2 expected_next=0 observed_next=0 qpc=3109624294219 duration_ticks=160110 hr=0x00000000
present frame=99 source_index=0 allocator_index=0 expected_next=1 observed_next=1 qpc=3109624455133 duration_ticks=172984 hr=0x00000000
present frame=100 source_index=1 allocator_index=1 expected_next=2 observed_next=2 qpc=3109624631530 duration_ticks=160485 hr=0x00000000
present frame=101 source_index=2 allocator_index=2 expected_next=0 observed_next=0 qpc=3109624795280 duration_ticks=161568 hr=0x00000000
present frame=102 source_index=0 allocator_index=0 expected_next=1 observed_next=1 qpc=3109624960800 duration_ticks=164994 hr=0x00000000
present frame=103 source_index=1 allocator_index=1 expected_next=2 observed_next=2 qpc=3109625129302 duration_ticks=158164 hr=0x00000000
present frame=104 source_index=2 allocator_index=2 expected_next=0 observed_next=0 qpc=3109625288880 duration_ticks=167019 hr=0x00000000
present frame=105 source_index=0 allocator_index=0 expected_next=1 observed_next=1 qpc=3109625460590 duration_ticks=162497 hr=0x00000000
present frame=106 source_index=1 allocator_index=1 expected_next=2 observed_next=2 qpc=3109625626611 duration_ticks=162611 hr=0x00000000
present frame=107 source_index=2 allocator_index=2 expected_next=0 observed_next=0 qpc=3109625792672 duration_ticks=162102 hr=0x00000000
present frame=108 source_index=0 allocator_index=0 expected_next=1 observed_next=1 qpc=3109625955709 duration_ticks=164036 hr=0x00000000
present frame=109 source_index=1 allocator_index=1 expected_next=2 observed_next=2 qpc=3109626120534 duration_ticks=169872 hr=0x00000000
present frame=110 source_index=2 allocator_index=2 expected_next=0 observed_next=0 qpc=3109626293852 duration_ticks=161205 hr=0x00000000
present frame=111 source_index=0 allocator_index=0 expected_next=1 observed_next=1 qpc=3109626455797 duration_ticks=168678 hr=0x00000000
present frame=112 source_index=1 allocator_index=1 expected_next=2 observed_next=2 qpc=3109626625801 duration_ticks=152607 hr=0x00000000
present frame=113 source_index=2 allocator_index=2 expected_next=0 observed_next=0 qpc=3109626779304 duration_ticks=165147 hr=0x00000000
present frame=114 source_index=0 allocator_index=0 expected_next=1 observed_next=1 qpc=3109626945185 duration_ticks=166577 hr=0x00000000
present frame=115 source_index=1 allocator_index=1 expected_next=2 observed_next=2 qpc=3109627112197 duration_ticks=167848 hr=0x00000000
present frame=116 source_index=2 allocator_index=2 expected_next=0 observed_next=0 qpc=3109627280960 duration_ticks=167083 hr=0x00000000
present frame=117 source_index=0 allocator_index=0 expected_next=1 observed_next=1 qpc=3109627448865 duration_ticks=165081 hr=0x00000000
present frame=118 source_index=1 allocator_index=1 expected_next=2 observed_next=2 qpc=3109627614724 duration_ticks=166674 hr=0x00000000
present frame=119 source_index=2 allocator_index=2 expected_next=0 observed_next=0 qpc=3109627782262 duration_ticks=164185 hr=0x00000000
present frame=120 source_index=0 allocator_index=0 expected_next=1 observed_next=1 qpc=3109627946996 duration_ticks=164879 hr=0x00000000
present frame=121 source_index=1 allocator_index=1 expected_next=2 observed_next=2 qpc=3109628112264 duration_ticks=167980 hr=0x00000000
present frame=122 source_index=2 allocator_index=2 expected_next=0 observed_next=0 qpc=3109628280657 duration_ticks=165954 hr=0x00000000
present frame=123 source_index=0 allocator_index=0 expected_next=1 observed_next=1 qpc=3109628446967 duration_ticks=166113 hr=0x00000000
present frame=124 source_index=1 allocator_index=1 expected_next=2 observed_next=2 qpc=3109628613357 duration_ticks=167143 hr=0x00000000
present frame=125 source_index=2 allocator_index=2 expected_next=0 observed_next=0 qpc=3109628780817 duration_ticks=166328 hr=0x00000000
present frame=126 source_index=0 allocator_index=0 expected_next=1 observed_next=1 qpc=3109628947409 duration_ticks=168273 hr=0x00000000
present frame=127 source_index=1 allocator_index=1 expected_next=2 observed_next=2 qpc=3109629116276 duration_ticks=164990 hr=0x00000000
present frame=128 source_index=2 allocator_index=2 expected_next=0 observed_next=0 qpc=3109629281829 duration_ticks=171801 hr=0x00000000
present frame=129 source_index=0 allocator_index=0 expected_next=1 observed_next=1 qpc=3109629455131 duration_ticks=164350 hr=0x00000000
present frame=130 source_index=1 allocator_index=1 expected_next=2 observed_next=2 qpc=3109629620456 duration_ticks=166768 hr=0x00000000
present frame=131 source_index=2 allocator_index=2 expected_next=0 observed_next=0 qpc=3109629788012 duration_ticks=163013 hr=0x00000000
present frame=132 source_index=0 allocator_index=0 expected_next=1 observed_next=1 qpc=3109629951588 duration_ticks=166591 hr=0x00000000
present frame=133 source_index=1 allocator_index=1 expected_next=2 observed_next=2 qpc=3109630118741 duration_ticks=165823 hr=0x00000000
present frame=134 source_index=2 allocator_index=2 expected_next=0 observed_next=0 qpc=3109630285600 duration_ticks=171821 hr=0x00000000
present frame=135 source_index=0 allocator_index=0 expected_next=1 observed_next=1 qpc=3109630460585 duration_ticks=161845 hr=0x00000000
present frame=136 source_index=1 allocator_index=1 expected_next=2 observed_next=2 qpc=3109630627240 duration_ticks=161765 hr=0x00000000
present frame=137 source_index=2 allocator_index=2 expected_next=0 observed_next=0 qpc=3109630794035 duration_ticks=163545 hr=0x00000000
present frame=138 source_index=0 allocator_index=0 expected_next=1 observed_next=1 qpc=3109630962485 duration_ticks=159519 hr=0x00000000
present frame=139 source_index=1 allocator_index=1 expected_next=2 observed_next=2 qpc=3109631127299 duration_ticks=165508 hr=0x00000000
present frame=140 source_index=2 allocator_index=2 expected_next=0 observed_next=0 qpc=3109631297477 duration_ticks=159762 hr=0x00000000
present frame=141 source_index=0 allocator_index=0 expected_next=1 observed_next=1 qpc=3109631461614 duration_ticks=163834 hr=0x00000000
present frame=142 source_index=1 allocator_index=1 expected_next=2 observed_next=2 qpc=3109631632639 duration_ticks=158529 hr=0x00000000
present frame=143 source_index=2 allocator_index=2 expected_next=0 observed_next=0 qpc=3109631794986 duration_ticks=162567 hr=0x00000000
present frame=144 source_index=0 allocator_index=0 expected_next=1 observed_next=1 qpc=3109631961144 duration_ticks=166257 hr=0x00000000
present frame=145 source_index=1 allocator_index=1 expected_next=2 observed_next=2 qpc=3109632132420 duration_ticks=162388 hr=0x00000000
present frame=146 source_index=2 allocator_index=2 expected_next=0 observed_next=0 qpc=3109632299191 duration_ticks=159581 hr=0x00000000
present frame=147 source_index=0 allocator_index=0 expected_next=1 observed_next=1 qpc=3109632462425 duration_ticks=163483 hr=0x00000000
present frame=148 source_index=1 allocator_index=1 expected_next=2 observed_next=2 qpc=3109632629813 duration_ticks=171277 hr=0x00000000
present frame=149 source_index=2 allocator_index=2 expected_next=0 observed_next=0 qpc=3109632818972 duration_ticks=139188 hr=0x00000000
present frame=150 source_index=0 allocator_index=0 expected_next=1 observed_next=1 qpc=3109632962995 duration_ticks=165730 hr=0x00000000
present frame=151 source_index=1 allocator_index=1 expected_next=2 observed_next=2 qpc=3109633138260 duration_ticks=156140 hr=0x00000000
present frame=152 source_index=2 allocator_index=2 expected_next=0 observed_next=0 qpc=3109633298570 duration_ticks=162089 hr=0x00000000
present frame=153 source_index=0 allocator_index=0 expected_next=1 observed_next=1 qpc=3109633464795 duration_ticks=161925 hr=0x00000000
present frame=154 source_index=1 allocator_index=1 expected_next=2 observed_next=2 qpc=3109633631307 duration_ticks=160272 hr=0x00000000
present frame=155 source_index=2 allocator_index=2 expected_next=0 observed_next=0 qpc=3109633795497 duration_ticks=166664 hr=0x00000000
present frame=156 source_index=0 allocator_index=0 expected_next=1 observed_next=1 qpc=3109633968142 duration_ticks=157344 hr=0x00000000
present frame=157 source_index=1 allocator_index=1 expected_next=2 observed_next=2 qpc=3109634130797 duration_ticks=161437 hr=0x00000000
present frame=158 source_index=2 allocator_index=2 expected_next=0 observed_next=0 qpc=3109634297725 duration_ticks=159203 hr=0x00000000
present frame=159 source_index=0 allocator_index=0 expected_next=1 observed_next=1 qpc=3109634460588 duration_ticks=167539 hr=0x00000000
present frame=160 source_index=1 allocator_index=1 expected_next=2 observed_next=2 qpc=3109634632080 duration_ticks=157916 hr=0x00000000
present frame=161 source_index=2 allocator_index=2 expected_next=0 observed_next=0 qpc=3109634794677 duration_ticks=165849 hr=0x00000000
present frame=162 source_index=0 allocator_index=0 expected_next=1 observed_next=1 qpc=3109634964480 duration_ticks=162940 hr=0x00000000
present frame=163 source_index=1 allocator_index=1 expected_next=2 observed_next=2 qpc=3109635131915 duration_ticks=162272 hr=0x00000000
present frame=164 source_index=2 allocator_index=2 expected_next=0 observed_next=0 qpc=3109635298502 duration_ticks=164045 hr=0x00000000
present frame=165 source_index=0 allocator_index=0 expected_next=1 observed_next=1 qpc=3109635466467 duration_ticks=160555 hr=0x00000000
present frame=166 source_index=1 allocator_index=1 expected_next=2 observed_next=2 qpc=3109635630817 duration_ticks=162115 hr=0x00000000
present frame=167 source_index=2 allocator_index=2 expected_next=0 observed_next=0 qpc=3109635798258 duration_ticks=160863 hr=0x00000000
present frame=168 source_index=0 allocator_index=0 expected_next=1 observed_next=1 qpc=3109635963069 duration_ticks=162676 hr=0x00000000
present frame=169 source_index=1 allocator_index=1 expected_next=2 observed_next=2 qpc=3109636130675 duration_ticks=160552 hr=0x00000000
present frame=170 source_index=2 allocator_index=2 expected_next=0 observed_next=0 qpc=3109636294573 duration_ticks=164803 hr=0x00000000
present frame=171 source_index=0 allocator_index=0 expected_next=1 observed_next=1 qpc=3109636563788 duration_ticks=72070 hr=0x00000000
present frame=172 source_index=1 allocator_index=1 expected_next=2 observed_next=2 qpc=3109636643573 duration_ticks=150545 hr=0x00000000
present frame=173 source_index=2 allocator_index=2 expected_next=0 observed_next=0 qpc=3109636803965 duration_ticks=156226 hr=0x00000000
present frame=174 source_index=0 allocator_index=0 expected_next=1 observed_next=1 qpc=3109636964508 duration_ticks=163313 hr=0x00000000
present frame=175 source_index=1 allocator_index=1 expected_next=2 observed_next=2 qpc=3109637131791 duration_ticks=160265 hr=0x00000000
present frame=176 source_index=2 allocator_index=2 expected_next=0 observed_next=0 qpc=3109637295848 duration_ticks=165873 hr=0x00000000
present frame=177 source_index=0 allocator_index=0 expected_next=1 observed_next=1 qpc=3109637465690 duration_ticks=162560 hr=0x00000000
present frame=178 source_index=1 allocator_index=1 expected_next=2 observed_next=2 qpc=3109637634131 duration_ticks=162169 hr=0x00000000
present frame=179 source_index=2 allocator_index=2 expected_next=0 observed_next=0 qpc=3109637820747 duration_ticks=136653 hr=0x00000000
present frame=180 source_index=0 allocator_index=0 expected_next=1 observed_next=1 qpc=3109637959329 duration_ticks=160373 hr=0x00000000
present frame=181 source_index=1 allocator_index=1 expected_next=2 observed_next=2 qpc=3109638121106 duration_ticks=164432 hr=0x00000000
present frame=182 source_index=2 allocator_index=2 expected_next=0 observed_next=0 qpc=3109638286610 duration_ticks=167683 hr=0x00000000
present frame=183 source_index=0 allocator_index=0 expected_next=1 observed_next=1 qpc=3109638456697 duration_ticks=165635 hr=0x00000000
present frame=184 source_index=1 allocator_index=1 expected_next=2 observed_next=2 qpc=3109638627153 duration_ticks=162344 hr=0x00000000
present frame=185 source_index=2 allocator_index=2 expected_next=0 observed_next=0 qpc=3109638793332 duration_ticks=166564 hr=0x00000000
present frame=186 source_index=0 allocator_index=0 expected_next=1 observed_next=1 qpc=3109638963701 duration_ticks=161930 hr=0x00000000
present frame=187 source_index=1 allocator_index=1 expected_next=2 observed_next=2 qpc=3109639129819 duration_ticks=164687 hr=0x00000000
present frame=188 source_index=2 allocator_index=2 expected_next=0 observed_next=0 qpc=3109639297565 duration_ticks=163051 hr=0x00000000
present frame=189 source_index=0 allocator_index=0 expected_next=1 observed_next=1 qpc=3109639469681 duration_ticks=153739 hr=0x00000000
present frame=190 source_index=1 allocator_index=1 expected_next=2 observed_next=2 qpc=3109639632339 duration_ticks=158263 hr=0x00000000
present frame=191 source_index=2 allocator_index=2 expected_next=0 observed_next=0 qpc=3109639795456 duration_ticks=161078 hr=0x00000000
present frame=192 source_index=0 allocator_index=0 expected_next=1 observed_next=1 qpc=3109639961912 duration_ticks=161052 hr=0x00000000
present frame=193 source_index=1 allocator_index=1 expected_next=2 observed_next=2 qpc=3109640128755 duration_ticks=165181 hr=0x00000000
present frame=194 source_index=2 allocator_index=2 expected_next=0 observed_next=0 qpc=3109640300710 duration_ticks=160537 hr=0x00000000
present frame=195 source_index=0 allocator_index=0 expected_next=1 observed_next=1 qpc=3109640465154 duration_ticks=159822 hr=0x00000000
present frame=196 source_index=1 allocator_index=1 expected_next=2 observed_next=2 qpc=3109640630679 duration_ticks=160430 hr=0x00000000
present frame=197 source_index=2 allocator_index=2 expected_next=0 observed_next=0 qpc=3109640799748 duration_ticks=157006 hr=0x00000000
present frame=198 source_index=0 allocator_index=0 expected_next=1 observed_next=1 qpc=3109640964822 duration_ticks=162229 hr=0x00000000
present frame=199 source_index=1 allocator_index=1 expected_next=2 observed_next=2 qpc=3109641130917 duration_ticks=161623 hr=0x00000000
present frame=200 source_index=2 allocator_index=2 expected_next=0 observed_next=0 qpc=3109641297960 duration_ticks=157443 hr=0x00000000
present frame=201 source_index=0 allocator_index=0 expected_next=1 observed_next=1 qpc=3109641458824 duration_ticks=165058 hr=0x00000000
present frame=202 source_index=1 allocator_index=1 expected_next=2 observed_next=2 qpc=3109641629378 duration_ticks=160068 hr=0x00000000
present frame=203 source_index=2 allocator_index=2 expected_next=0 observed_next=0 qpc=3109641792820 duration_ticks=164356 hr=0x00000000
present frame=204 source_index=0 allocator_index=0 expected_next=1 observed_next=1 qpc=3109641965424 duration_ticks=160351 hr=0x00000000
present frame=205 source_index=1 allocator_index=1 expected_next=2 observed_next=2 qpc=3109642130037 duration_ticks=160195 hr=0x00000000
present frame=206 source_index=2 allocator_index=2 expected_next=0 observed_next=0 qpc=3109642293990 duration_ticks=163511 hr=0x00000000
present frame=207 source_index=0 allocator_index=0 expected_next=1 observed_next=1 qpc=3109642461472 duration_ticks=165608 hr=0x00000000
present frame=208 source_index=1 allocator_index=1 expected_next=2 observed_next=2 qpc=3109642630277 duration_ticks=162353 hr=0x00000000
present frame=209 source_index=2 allocator_index=2 expected_next=0 observed_next=0 qpc=3109642796255 duration_ticks=161579 hr=0x00000000
present frame=210 source_index=0 allocator_index=0 expected_next=1 observed_next=1 qpc=3109642961792 duration_ticks=163188 hr=0x00000000
present frame=211 source_index=1 allocator_index=1 expected_next=2 observed_next=2 qpc=3109643128952 duration_ticks=163751 hr=0x00000000
present frame=212 source_index=2 allocator_index=2 expected_next=0 observed_next=0 qpc=3109643296669 duration_ticks=163745 hr=0x00000000
present frame=213 source_index=0 allocator_index=0 expected_next=1 observed_next=1 qpc=3109643467071 duration_ticks=160958 hr=0x00000000
present frame=214 source_index=1 allocator_index=1 expected_next=2 observed_next=2 qpc=3109643637497 duration_ticks=147859 hr=0x00000000
present frame=215 source_index=2 allocator_index=2 expected_next=0 observed_next=0 qpc=3109643786180 duration_ticks=168127 hr=0x00000000
present frame=216 source_index=0 allocator_index=0 expected_next=1 observed_next=1 qpc=3109643954830 duration_ticks=163155 hr=0x00000000
present frame=217 source_index=1 allocator_index=1 expected_next=2 observed_next=2 qpc=3109644118390 duration_ticks=166792 hr=0x00000000
present frame=218 source_index=2 allocator_index=2 expected_next=0 observed_next=0 qpc=3109644285586 duration_ticks=166056 hr=0x00000000
present frame=219 source_index=0 allocator_index=0 expected_next=1 observed_next=1 qpc=3109644452006 duration_ticks=165163 hr=0x00000000
present frame=220 source_index=1 allocator_index=1 expected_next=2 observed_next=2 qpc=3109644617564 duration_ticks=167955 hr=0x00000000
present frame=221 source_index=2 allocator_index=2 expected_next=0 observed_next=0 qpc=3109644786057 duration_ticks=164665 hr=0x00000000
present frame=222 source_index=0 allocator_index=0 expected_next=1 observed_next=1 qpc=3109644951308 duration_ticks=166217 hr=0x00000000
present frame=223 source_index=1 allocator_index=1 expected_next=2 observed_next=2 qpc=3109645118331 duration_ticks=172036 hr=0x00000000
present frame=224 source_index=2 allocator_index=2 expected_next=0 observed_next=0 qpc=3109645293953 duration_ticks=163215 hr=0x00000000
present frame=225 source_index=0 allocator_index=0 expected_next=1 observed_next=1 qpc=3109645460558 duration_ticks=162301 hr=0x00000000
present frame=226 source_index=1 allocator_index=1 expected_next=2 observed_next=2 qpc=3109645630756 duration_ticks=159378 hr=0x00000000
present frame=227 source_index=2 allocator_index=2 expected_next=0 observed_next=0 qpc=3109645795353 duration_ticks=163824 hr=0x00000000
present frame=228 source_index=0 allocator_index=0 expected_next=1 observed_next=1 qpc=3109645968368 duration_ticks=155724 hr=0x00000000
present frame=229 source_index=1 allocator_index=1 expected_next=2 observed_next=2 qpc=3109646130994 duration_ticks=159326 hr=0x00000000
present frame=230 source_index=2 allocator_index=2 expected_next=0 observed_next=0 qpc=3109646294999 duration_ticks=164979 hr=0x00000000
present frame=231 source_index=0 allocator_index=0 expected_next=1 observed_next=1 qpc=3109646564863 duration_ticks=64802 hr=0x00000000
present frame=232 source_index=1 allocator_index=1 expected_next=2 observed_next=2 qpc=3109646643674 duration_ticks=151495 hr=0x00000000
present frame=233 source_index=2 allocator_index=2 expected_next=0 observed_next=0 qpc=3109646801499 duration_ticks=157838 hr=0x00000000
present frame=234 source_index=0 allocator_index=0 expected_next=1 observed_next=1 qpc=3109646963078 duration_ticks=165064 hr=0x00000000
present frame=235 source_index=1 allocator_index=1 expected_next=2 observed_next=2 qpc=3109647132833 duration_ticks=158372 hr=0x00000000
present frame=236 source_index=2 allocator_index=2 expected_next=0 observed_next=0 qpc=3109647296832 duration_ticks=163455 hr=0x00000000
present frame=237 source_index=0 allocator_index=0 expected_next=1 observed_next=1 qpc=3109647465732 duration_ticks=161003 hr=0x00000000
present frame=238 source_index=1 allocator_index=1 expected_next=2 observed_next=2 qpc=3109647630442 duration_ticks=162633 hr=0x00000000
present frame=239 source_index=2 allocator_index=2 expected_next=0 observed_next=0 qpc=3109647797129 duration_ticks=162073 hr=0x00000000
present frame=240 source_index=0 allocator_index=0 expected_next=1 observed_next=1 qpc=3109647963322 duration_ticks=160317 hr=0x00000000
present frame=241 source_index=1 allocator_index=1 expected_next=2 observed_next=2 qpc=3109648129046 duration_ticks=163769 hr=0x00000000
present frame=242 source_index=2 allocator_index=2 expected_next=0 observed_next=0 qpc=3109648297824 duration_ticks=168800 hr=0x00000000
present frame=243 source_index=0 allocator_index=0 expected_next=1 observed_next=1 qpc=3109648474452 duration_ticks=150968 hr=0x00000000
present frame=244 source_index=1 allocator_index=1 expected_next=2 observed_next=2 qpc=3109648629474 duration_ticks=165288 hr=0x00000000
present frame=245 source_index=2 allocator_index=2 expected_next=0 observed_next=0 qpc=3109648821514 duration_ticks=131783 hr=0x00000000
present frame=246 source_index=0 allocator_index=0 expected_next=1 observed_next=1 qpc=3109648954254 duration_ticks=171530 hr=0x00000000
present frame=247 source_index=1 allocator_index=1 expected_next=2 observed_next=2 qpc=3109649129143 duration_ticks=163662 hr=0x00000000
present frame=248 source_index=2 allocator_index=2 expected_next=0 observed_next=0 qpc=3109649296373 duration_ticks=168042 hr=0x00000000
present frame=249 source_index=0 allocator_index=0 expected_next=1 observed_next=1 qpc=3109649469850 duration_ticks=158505 hr=0x00000000
present frame=250 source_index=1 allocator_index=1 expected_next=2 observed_next=2 qpc=3109649633468 duration_ticks=161897 hr=0x00000000
present frame=251 source_index=2 allocator_index=2 expected_next=0 observed_next=0 qpc=3109649803097 duration_ticks=154779 hr=0x00000000
present frame=252 source_index=0 allocator_index=0 expected_next=1 observed_next=1 qpc=3109649965533 duration_ticks=162877 hr=0x00000000
present frame=253 source_index=1 allocator_index=1 expected_next=2 observed_next=2 qpc=3109650133519 duration_ticks=157164 hr=0x00000000
present frame=254 source_index=2 allocator_index=2 expected_next=0 observed_next=0 qpc=3109650300857 duration_ticks=158315 hr=0x00000000
present frame=255 source_index=0 allocator_index=0 expected_next=1 observed_next=1 qpc=3109650463110 duration_ticks=160723 hr=0x00000000
present frame=256 source_index=1 allocator_index=1 expected_next=2 observed_next=2 qpc=3109650629715 duration_ticks=162430 hr=0x00000000
present frame=257 source_index=2 allocator_index=2 expected_next=0 observed_next=0 qpc=3109650797665 duration_ticks=159307 hr=0x00000000
present frame=258 source_index=0 allocator_index=0 expected_next=1 observed_next=1 qpc=3109650962302 duration_ticks=164143 hr=0x00000000
present frame=259 source_index=1 allocator_index=1 expected_next=2 observed_next=2 qpc=3109651142745 duration_ticks=148474 hr=0x00000000
present frame=260 source_index=2 allocator_index=2 expected_next=0 observed_next=0 qpc=3109651295827 duration_ticks=162907 hr=0x00000000
present frame=261 source_index=0 allocator_index=0 expected_next=1 observed_next=1 qpc=3109651462337 duration_ticks=161051 hr=0x00000000
present frame=262 source_index=1 allocator_index=1 expected_next=2 observed_next=2 qpc=3109651629691 duration_ticks=162256 hr=0x00000000
present frame=263 source_index=2 allocator_index=2 expected_next=0 observed_next=0 qpc=3109651796030 duration_ticks=167334 hr=0x00000000
present frame=264 source_index=0 allocator_index=0 expected_next=1 observed_next=1 qpc=3109651968438 duration_ticks=158554 hr=0x00000000
present frame=265 source_index=1 allocator_index=1 expected_next=2 observed_next=2 qpc=3109652130990 duration_ticks=161598 hr=0x00000000
present frame=266 source_index=2 allocator_index=2 expected_next=0 observed_next=0 qpc=3109652298514 duration_ticks=158968 hr=0x00000000
present frame=267 source_index=0 allocator_index=0 expected_next=1 observed_next=1 qpc=3109652461532 duration_ticks=165910 hr=0x00000000
present frame=268 source_index=1 allocator_index=1 expected_next=2 observed_next=2 qpc=3109652634533 duration_ticks=158918 hr=0x00000000
present frame=269 source_index=2 allocator_index=2 expected_next=0 observed_next=0 qpc=3109652799439 duration_ticks=158966 hr=0x00000000
present frame=270 source_index=0 allocator_index=0 expected_next=1 observed_next=1 qpc=3109652961923 duration_ticks=164045 hr=0x00000000
present frame=271 source_index=1 allocator_index=1 expected_next=2 observed_next=2 qpc=3109653130108 duration_ticks=161546 hr=0x00000000
present frame=272 source_index=2 allocator_index=2 expected_next=0 observed_next=0 qpc=3109653296217 duration_ticks=166359 hr=0x00000000
present frame=273 source_index=0 allocator_index=0 expected_next=1 observed_next=1 qpc=3109653469542 duration_ticks=159978 hr=0x00000000
present frame=274 source_index=1 allocator_index=1 expected_next=2 observed_next=2 qpc=3109653643496 duration_ticks=153381 hr=0x00000000
present frame=275 source_index=2 allocator_index=2 expected_next=0 observed_next=0 qpc=3109653813567 duration_ticks=149600 hr=0x00000000
present frame=276 source_index=0 allocator_index=0 expected_next=1 observed_next=1 qpc=3109653967327 duration_ticks=158675 hr=0x00000000
present frame=277 source_index=1 allocator_index=1 expected_next=2 observed_next=2 qpc=3109654131038 duration_ticks=163367 hr=0x00000000
present frame=278 source_index=2 allocator_index=2 expected_next=0 observed_next=0 qpc=3109654298607 duration_ticks=160672 hr=0x00000000
present frame=279 source_index=0 allocator_index=0 expected_next=1 observed_next=1 qpc=3109654463082 duration_ticks=165953 hr=0x00000000
present frame=280 source_index=1 allocator_index=1 expected_next=2 observed_next=2 qpc=3109654637212 duration_ticks=155777 hr=0x00000000
present frame=281 source_index=2 allocator_index=2 expected_next=0 observed_next=0 qpc=3109654796901 duration_ticks=162574 hr=0x00000000
present frame=282 source_index=0 allocator_index=0 expected_next=1 observed_next=1 qpc=3109654968829 duration_ticks=159853 hr=0x00000000
present frame=283 source_index=1 allocator_index=1 expected_next=2 observed_next=2 qpc=3109655135972 duration_ticks=160260 hr=0x00000000
present frame=284 source_index=2 allocator_index=2 expected_next=0 observed_next=0 qpc=3109655306347 duration_ticks=151822 hr=0x00000000
present frame=285 source_index=0 allocator_index=0 expected_next=1 observed_next=1 qpc=3109655462175 duration_ticks=164471 hr=0x00000000
present frame=286 source_index=1 allocator_index=1 expected_next=2 observed_next=2 qpc=3109655630539 duration_ticks=165978 hr=0x00000000
present frame=287 source_index=2 allocator_index=2 expected_next=0 observed_next=0 qpc=3109655800694 duration_ticks=160251 hr=0x00000000
present frame=288 source_index=0 allocator_index=0 expected_next=1 observed_next=1 qpc=3109655965486 duration_ticks=165009 hr=0x00000000
present frame=289 source_index=1 allocator_index=1 expected_next=2 observed_next=2 qpc=3109656133218 duration_ticks=159440 hr=0x00000000
present frame=290 source_index=2 allocator_index=2 expected_next=0 observed_next=0 qpc=3109656300047 duration_ticks=156103 hr=0x00000000
present frame=291 source_index=0 allocator_index=0 expected_next=1 observed_next=1 qpc=3109656561640 duration_ticks=64859 hr=0x00000000
present frame=292 source_index=1 allocator_index=1 expected_next=2 observed_next=2 qpc=3109656642827 duration_ticks=153925 hr=0x00000000
present frame=293 source_index=2 allocator_index=2 expected_next=0 observed_next=0 qpc=3109656875657 duration_ticks=80745 hr=0x00000000
present frame=294 source_index=0 allocator_index=0 expected_next=1 observed_next=1 qpc=3109656957875 duration_ticks=158025 hr=0x00000000
present frame=295 source_index=1 allocator_index=1 expected_next=2 observed_next=2 qpc=3109657116597 duration_ticks=164282 hr=0x00000000
present frame=296 source_index=2 allocator_index=2 expected_next=0 observed_next=0 qpc=3109657281431 duration_ticks=170999 hr=0x00000000
present frame=297 source_index=0 allocator_index=0 expected_next=1 observed_next=1 qpc=3109657455481 duration_ticks=166696 hr=0x00000000
present frame=298 source_index=1 allocator_index=1 expected_next=2 observed_next=2 qpc=3109657632272 duration_ticks=157441 hr=0x00000000
present frame=299 source_index=2 allocator_index=2 expected_next=0 observed_next=0 qpc=3109657792686 duration_ticks=164149 hr=0x00000000
present frame=300 source_index=0 allocator_index=0 expected_next=1 observed_next=1 qpc=3109657959820 duration_ticks=163147 hr=0x00000000
present frame=301 source_index=1 allocator_index=1 expected_next=2 observed_next=2 qpc=3109658126728 duration_ticks=164972 hr=0x00000000
present frame=302 source_index=2 allocator_index=2 expected_next=0 observed_next=0 qpc=3109658295241 duration_ticks=170168 hr=0x00000000
present frame=303 source_index=0 allocator_index=0 expected_next=1 observed_next=1 qpc=3109658469677 duration_ticks=157614 hr=0x00000000
present frame=304 source_index=1 allocator_index=1 expected_next=2 observed_next=2 qpc=3109658632174 duration_ticks=164055 hr=0x00000000
present frame=305 source_index=2 allocator_index=2 expected_next=0 observed_next=0 qpc=3109658803550 duration_ticks=153796 hr=0x00000000
present frame=306 source_index=0 allocator_index=0 expected_next=1 observed_next=1 qpc=3109658967139 duration_ticks=160161 hr=0x00000000
present frame=307 source_index=1 allocator_index=1 expected_next=2 observed_next=2 qpc=3109659131856 duration_ticks=159255 hr=0x00000000
present frame=308 source_index=2 allocator_index=2 expected_next=0 observed_next=0 qpc=3109659296355 duration_ticks=162613 hr=0x00000000
present frame=309 source_index=0 allocator_index=0 expected_next=1 observed_next=1 qpc=3109659466274 duration_ticks=155431 hr=0x00000000
present frame=310 source_index=1 allocator_index=1 expected_next=2 observed_next=2 qpc=3109659623673 duration_ticks=162393 hr=0x00000000
present frame=311 source_index=2 allocator_index=2 expected_next=0 observed_next=0 qpc=3109659787344 duration_ticks=165892 hr=0x00000000
present frame=312 source_index=0 allocator_index=0 expected_next=1 observed_next=1 qpc=3109659954742 duration_ticks=167132 hr=0x00000000
present frame=313 source_index=1 allocator_index=1 expected_next=2 observed_next=2 qpc=3109660124262 duration_ticks=162925 hr=0x00000000
present frame=314 source_index=2 allocator_index=2 expected_next=0 observed_next=0 qpc=3109660288102 duration_ticks=166737 hr=0x00000000
present frame=315 source_index=0 allocator_index=0 expected_next=1 observed_next=1 qpc=3109660455675 duration_ticks=165332 hr=0x00000000
present frame=316 source_index=1 allocator_index=1 expected_next=2 observed_next=2 qpc=3109660621755 duration_ticks=165120 hr=0x00000000
present frame=317 source_index=2 allocator_index=2 expected_next=0 observed_next=0 qpc=3109660787477 duration_ticks=163977 hr=0x00000000
present frame=318 source_index=0 allocator_index=0 expected_next=1 observed_next=1 qpc=3109660952180 duration_ticks=167150 hr=0x00000000
present frame=319 source_index=1 allocator_index=1 expected_next=2 observed_next=2 qpc=3109661120020 duration_ticks=165322 hr=0x00000000
present frame=320 source_index=2 allocator_index=2 expected_next=0 observed_next=0 qpc=3109661286135 duration_ticks=164881 hr=0x00000000
present frame=321 source_index=0 allocator_index=0 expected_next=1 observed_next=1 qpc=3109661452125 duration_ticks=163450 hr=0x00000000
present frame=322 source_index=1 allocator_index=1 expected_next=2 observed_next=2 qpc=3109661616416 duration_ticks=165466 hr=0x00000000
present frame=323 source_index=2 allocator_index=2 expected_next=0 observed_next=0 qpc=3109661782940 duration_ticks=164685 hr=0x00000000
present frame=324 source_index=0 allocator_index=0 expected_next=1 observed_next=1 qpc=3109661948511 duration_ticks=166701 hr=0x00000000
present frame=325 source_index=1 allocator_index=1 expected_next=2 observed_next=2 qpc=3109662115753 duration_ticks=166186 hr=0x00000000
present frame=326 source_index=2 allocator_index=2 expected_next=0 observed_next=0 qpc=3109662282477 duration_ticks=165492 hr=0x00000000
present frame=327 source_index=0 allocator_index=0 expected_next=1 observed_next=1 qpc=3109662448486 duration_ticks=166445 hr=0x00000000
present frame=328 source_index=1 allocator_index=1 expected_next=2 observed_next=2 qpc=3109662615350 duration_ticks=168052 hr=0x00000000
present frame=329 source_index=2 allocator_index=2 expected_next=0 observed_next=0 qpc=3109662784034 duration_ticks=165961 hr=0x00000000
present frame=330 source_index=0 allocator_index=0 expected_next=1 observed_next=1 qpc=3109662950475 duration_ticks=165390 hr=0x00000000
present frame=331 source_index=1 allocator_index=1 expected_next=2 observed_next=2 qpc=3109663116533 duration_ticks=171965 hr=0x00000000
present frame=332 source_index=2 allocator_index=2 expected_next=0 observed_next=0 qpc=3109663291276 duration_ticks=163825 hr=0x00000000
present frame=333 source_index=0 allocator_index=0 expected_next=1 observed_next=1 qpc=3109663458544 duration_ticks=164311 hr=0x00000000
present frame=334 source_index=1 allocator_index=1 expected_next=2 observed_next=2 qpc=3109663626361 duration_ticks=162932 hr=0x00000000
present frame=335 source_index=2 allocator_index=2 expected_next=0 observed_next=0 qpc=3109663790008 duration_ticks=166814 hr=0x00000000
present frame=336 source_index=0 allocator_index=0 expected_next=1 observed_next=1 qpc=3109663962235 duration_ticks=158860 hr=0x00000000
present frame=337 source_index=1 allocator_index=1 expected_next=2 observed_next=2 qpc=3109664121703 duration_ticks=164673 hr=0x00000000
present frame=338 source_index=2 allocator_index=2 expected_next=0 observed_next=0 qpc=3109664287206 duration_ticks=168812 hr=0x00000000
present frame=339 source_index=0 allocator_index=0 expected_next=1 observed_next=1 qpc=3109664459530 duration_ticks=160280 hr=0x00000000
present frame=340 source_index=1 allocator_index=1 expected_next=2 observed_next=2 qpc=3109664620542 duration_ticks=170519 hr=0x00000000
present frame=341 source_index=2 allocator_index=2 expected_next=0 observed_next=0 qpc=3109664794437 duration_ticks=160580 hr=0x00000000
present frame=342 source_index=0 allocator_index=0 expected_next=1 observed_next=1 qpc=3109664956245 duration_ticks=163530 hr=0x00000000
present frame=343 source_index=1 allocator_index=1 expected_next=2 observed_next=2 qpc=3109665120508 duration_ticks=165337 hr=0x00000000
present frame=344 source_index=2 allocator_index=2 expected_next=0 observed_next=0 qpc=3109665286290 duration_ticks=163919 hr=0x00000000
present frame=345 source_index=0 allocator_index=0 expected_next=1 observed_next=1 qpc=3109665450996 duration_ticks=162136 hr=0x00000000
present frame=346 source_index=1 allocator_index=1 expected_next=2 observed_next=2 qpc=3109665613598 duration_ticks=166173 hr=0x00000000
present frame=347 source_index=2 allocator_index=2 expected_next=0 observed_next=0 qpc=3109665780120 duration_ticks=166549 hr=0x00000000
present frame=348 source_index=0 allocator_index=0 expected_next=1 observed_next=1 qpc=3109665947008 duration_ticks=167803 hr=0x00000000
present frame=349 source_index=1 allocator_index=1 expected_next=2 observed_next=2 qpc=3109666115293 duration_ticks=166529 hr=0x00000000
present frame=350 source_index=2 allocator_index=2 expected_next=0 observed_next=0 qpc=3109666282475 duration_ticks=168098 hr=0x00000000
present frame=351 source_index=0 allocator_index=0 expected_next=1 observed_next=1 qpc=3109666451023 duration_ticks=165177 hr=0x00000000
present frame=352 source_index=1 allocator_index=1 expected_next=2 observed_next=2 qpc=3109666616712 duration_ticks=164602 hr=0x00000000
present frame=353 source_index=2 allocator_index=2 expected_next=0 observed_next=0 qpc=3109666781772 duration_ticks=166930 hr=0x00000000
present frame=354 source_index=0 allocator_index=0 expected_next=1 observed_next=1 qpc=3109666949147 duration_ticks=167277 hr=0x00000000
present frame=355 source_index=1 allocator_index=1 expected_next=2 observed_next=2 qpc=3109667117261 duration_ticks=167225 hr=0x00000000
present frame=356 source_index=2 allocator_index=2 expected_next=0 observed_next=0 qpc=3109667285104 duration_ticks=166548 hr=0x00000000
present frame=357 source_index=0 allocator_index=0 expected_next=1 observed_next=1 qpc=3109667452252 duration_ticks=167100 hr=0x00000000
present frame=358 source_index=1 allocator_index=1 expected_next=2 observed_next=2 qpc=3109667621396 duration_ticks=169027 hr=0x00000000
present frame=359 source_index=2 allocator_index=2 expected_next=0 observed_next=0 qpc=3109667793418 duration_ticks=166260 hr=0x00000000
present frame=360 source_index=0 allocator_index=0 expected_next=1 observed_next=1 qpc=3109667964104 duration_ticks=158275 hr=0x00000000
present frame=361 source_index=1 allocator_index=1 expected_next=2 observed_next=2 qpc=3109668127719 duration_ticks=162709 hr=0x00000000
present frame=362 source_index=2 allocator_index=2 expected_next=0 observed_next=0 qpc=3109668294514 duration_ticks=166081 hr=0x00000000
present frame=363 source_index=0 allocator_index=0 expected_next=1 observed_next=1 qpc=3109668477246 duration_ticks=144092 hr=0x00000000
present frame=364 source_index=1 allocator_index=1 expected_next=2 observed_next=2 qpc=3109668622037 duration_ticks=170636 hr=0x00000000
present frame=365 source_index=2 allocator_index=2 expected_next=0 observed_next=0 qpc=3109668796369 duration_ticks=161801 hr=0x00000000
present frame=366 source_index=0 allocator_index=0 expected_next=1 observed_next=1 qpc=3109668961428 duration_ticks=170157 hr=0x00000000
present frame=367 source_index=1 allocator_index=1 expected_next=2 observed_next=2 qpc=3109669138482 duration_ticks=154678 hr=0x00000000
present frame=368 source_index=2 allocator_index=2 expected_next=0 observed_next=0 qpc=3109669296906 duration_ticks=164872 hr=0x00000000
present frame=369 source_index=0 allocator_index=0 expected_next=1 observed_next=1 qpc=3109669471191 duration_ticks=149966 hr=0x00000000
present frame=370 source_index=1 allocator_index=1 expected_next=2 observed_next=2 qpc=3109669623007 duration_ticks=163466 hr=0x00000000
present frame=371 source_index=2 allocator_index=2 expected_next=0 observed_next=0 qpc=3109669787481 duration_ticks=166664 hr=0x00000000
present frame=372 source_index=0 allocator_index=0 expected_next=1 observed_next=1 qpc=3109669955253 duration_ticks=185405 hr=0x00000000
present frame=373 source_index=1 allocator_index=1 expected_next=2 observed_next=2 qpc=3109670144154 duration_ticks=163281 hr=0x00000000
present frame=374 source_index=2 allocator_index=2 expected_next=0 observed_next=0 qpc=3109670312320 duration_ticks=144155 hr=0x00000000
present frame=375 source_index=0 allocator_index=0 expected_next=1 observed_next=1 qpc=3109670457204 duration_ticks=171396 hr=0x00000000
present frame=376 source_index=1 allocator_index=1 expected_next=2 observed_next=2 qpc=3109670635887 duration_ticks=156887 hr=0x00000000
present frame=377 source_index=2 allocator_index=2 expected_next=0 observed_next=0 qpc=3109670796390 duration_ticks=162683 hr=0x00000000
present frame=378 source_index=0 allocator_index=0 expected_next=1 observed_next=1 qpc=3109670965179 duration_ticks=159350 hr=0x00000000
present frame=379 source_index=1 allocator_index=1 expected_next=2 observed_next=2 qpc=3109671129473 duration_ticks=162497 hr=0x00000000
present frame=380 source_index=2 allocator_index=2 expected_next=0 observed_next=0 qpc=3109671296151 duration_ticks=166008 hr=0x00000000
present frame=381 source_index=0 allocator_index=0 expected_next=1 observed_next=1 qpc=3109671469550 duration_ticks=153683 hr=0x00000000
present frame=382 source_index=1 allocator_index=1 expected_next=2 observed_next=2 qpc=3109671629024 duration_ticks=161913 hr=0x00000000
present frame=383 source_index=2 allocator_index=2 expected_next=0 observed_next=0 qpc=3109671802059 duration_ticks=151203 hr=0x00000000
present frame=384 source_index=0 allocator_index=0 expected_next=1 observed_next=1 qpc=3109671954094 duration_ticks=169817 hr=0x00000000
present frame=385 source_index=1 allocator_index=1 expected_next=2 observed_next=2 qpc=3109672128813 duration_ticks=162975 hr=0x00000000
present frame=386 source_index=2 allocator_index=2 expected_next=0 observed_next=0 qpc=3109672296076 duration_ticks=160162 hr=0x00000000
present frame=387 source_index=0 allocator_index=0 expected_next=1 observed_next=1 qpc=3109672459792 duration_ticks=167987 hr=0x00000000
present frame=388 source_index=1 allocator_index=1 expected_next=2 observed_next=2 qpc=3109672634665 duration_ticks=157673 hr=0x00000000
present frame=389 source_index=2 allocator_index=2 expected_next=0 observed_next=0 qpc=3109672799490 duration_ticks=167552 hr=0x00000000
present frame=390 source_index=0 allocator_index=0 expected_next=1 observed_next=1 qpc=3109672975835 duration_ticks=150045 hr=0x00000000
present frame=391 source_index=1 allocator_index=1 expected_next=2 observed_next=2 qpc=3109673130638 duration_ticks=162381 hr=0x00000000
present frame=392 source_index=2 allocator_index=2 expected_next=0 observed_next=0 qpc=3109673318809 duration_ticks=136516 hr=0x00000000
present frame=393 source_index=0 allocator_index=0 expected_next=1 observed_next=1 qpc=3109673459826 duration_ticks=164878 hr=0x00000000
present frame=394 source_index=1 allocator_index=1 expected_next=2 observed_next=2 qpc=3109673629155 duration_ticks=164233 hr=0x00000000
present frame=395 source_index=2 allocator_index=2 expected_next=0 observed_next=0 qpc=3109673797659 duration_ticks=158555 hr=0x00000000
present frame=396 source_index=0 allocator_index=0 expected_next=1 observed_next=1 qpc=3109673959832 duration_ticks=169511 hr=0x00000000
present frame=397 source_index=1 allocator_index=1 expected_next=2 observed_next=2 qpc=3109674138230 duration_ticks=154660 hr=0x00000000
present frame=398 source_index=2 allocator_index=2 expected_next=0 observed_next=0 qpc=3109674297209 duration_ticks=164498 hr=0x00000000
present frame=399 source_index=0 allocator_index=0 expected_next=1 observed_next=1 qpc=3109674466886 duration_ticks=160548 hr=0x00000000
present frame=400 source_index=1 allocator_index=1 expected_next=2 observed_next=2 qpc=3109674631394 duration_ticks=162049 hr=0x00000000
present frame=401 source_index=2 allocator_index=2 expected_next=0 observed_next=0 qpc=3109674797703 duration_ticks=161837 hr=0x00000000
present frame=402 source_index=0 allocator_index=0 expected_next=1 observed_next=1 qpc=3109674963606 duration_ticks=163317 hr=0x00000000
present frame=403 source_index=1 allocator_index=1 expected_next=2 observed_next=2 qpc=3109675130942 duration_ticks=164911 hr=0x00000000
present frame=404 source_index=2 allocator_index=2 expected_next=0 observed_next=0 qpc=3109675300024 duration_ticks=160076 hr=0x00000000
present frame=405 source_index=0 allocator_index=0 expected_next=1 observed_next=1 qpc=3109675464238 duration_ticks=163479 hr=0x00000000
present frame=406 source_index=1 allocator_index=1 expected_next=2 observed_next=2 qpc=3109675644409 duration_ticks=148571 hr=0x00000000
present frame=407 source_index=2 allocator_index=2 expected_next=0 observed_next=0 qpc=3109675797067 duration_ticks=162340 hr=0x00000000
present frame=408 source_index=0 allocator_index=0 expected_next=1 observed_next=1 qpc=3109675963485 duration_ticks=165454 hr=0x00000000
present frame=409 source_index=1 allocator_index=1 expected_next=2 observed_next=2 qpc=3109676133383 duration_ticks=158109 hr=0x00000000
present frame=410 source_index=2 allocator_index=2 expected_next=0 observed_next=0 qpc=3109676296546 duration_ticks=165234 hr=0x00000000
present frame=411 source_index=0 allocator_index=0 expected_next=1 observed_next=1 qpc=3109676566432 duration_ticks=62891 hr=0x00000000
present frame=412 source_index=1 allocator_index=1 expected_next=2 observed_next=2 qpc=3109676644787 duration_ticks=150010 hr=0x00000000
present frame=413 source_index=2 allocator_index=2 expected_next=0 observed_next=0 qpc=3109676805166 duration_ticks=159747 hr=0x00000000
present frame=414 source_index=0 allocator_index=0 expected_next=1 observed_next=1 qpc=3109676971828 duration_ticks=157364 hr=0x00000000
present frame=415 source_index=1 allocator_index=1 expected_next=2 observed_next=2 qpc=3109677141003 duration_ticks=152424 hr=0x00000000
present frame=416 source_index=2 allocator_index=2 expected_next=0 observed_next=0 qpc=3109677297344 duration_ticks=164223 hr=0x00000000
present frame=417 source_index=0 allocator_index=0 expected_next=1 observed_next=1 qpc=3109677465660 duration_ticks=161529 hr=0x00000000
present frame=418 source_index=1 allocator_index=1 expected_next=2 observed_next=2 qpc=3109677631080 duration_ticks=160612 hr=0x00000000
present frame=419 source_index=2 allocator_index=2 expected_next=0 observed_next=0 qpc=3109677795751 duration_ticks=165392 hr=0x00000000
present frame=420 source_index=0 allocator_index=0 expected_next=1 observed_next=1 qpc=3109677984237 duration_ticks=138444 hr=0x00000000
present frame=421 source_index=1 allocator_index=1 expected_next=2 observed_next=2 qpc=3109678126996 duration_ticks=167406 hr=0x00000000
present frame=422 source_index=2 allocator_index=2 expected_next=0 observed_next=0 qpc=3109678311542 duration_ticks=148806 hr=0x00000000
present frame=423 source_index=0 allocator_index=0 expected_next=1 observed_next=1 qpc=3109678465818 duration_ticks=161491 hr=0x00000000
present frame=424 source_index=1 allocator_index=1 expected_next=2 observed_next=2 qpc=3109678631945 duration_ticks=160761 hr=0x00000000
present frame=425 source_index=2 allocator_index=2 expected_next=0 observed_next=0 qpc=3109678796868 duration_ticks=162664 hr=0x00000000
present frame=426 source_index=0 allocator_index=0 expected_next=1 observed_next=1 qpc=3109678964392 duration_ticks=163932 hr=0x00000000
present frame=427 source_index=1 allocator_index=1 expected_next=2 observed_next=2 qpc=3109679141490 duration_ticks=149953 hr=0x00000000
present frame=428 source_index=2 allocator_index=2 expected_next=0 observed_next=0 qpc=3109679295352 duration_ticks=168708 hr=0x00000000
present frame=429 source_index=0 allocator_index=0 expected_next=1 observed_next=1 qpc=3109679468840 duration_ticks=154775 hr=0x00000000
present frame=430 source_index=1 allocator_index=1 expected_next=2 observed_next=2 qpc=3109679628958 duration_ticks=160034 hr=0x00000000
present frame=431 source_index=2 allocator_index=2 expected_next=0 observed_next=0 qpc=3109679792705 duration_ticks=165288 hr=0x00000000
present frame=432 source_index=0 allocator_index=0 expected_next=1 observed_next=1 qpc=3109679962310 duration_ticks=162262 hr=0x00000000
present frame=433 source_index=1 allocator_index=1 expected_next=2 observed_next=2 qpc=3109680128190 duration_ticks=160621 hr=0x00000000
present frame=434 source_index=2 allocator_index=2 expected_next=0 observed_next=0 qpc=3109680290660 duration_ticks=165984 hr=0x00000000
present frame=435 source_index=0 allocator_index=0 expected_next=1 observed_next=1 qpc=3109680458480 duration_ticks=162915 hr=0x00000000
present frame=436 source_index=1 allocator_index=1 expected_next=2 observed_next=2 qpc=3109680622313 duration_ticks=164172 hr=0x00000000
present frame=437 source_index=2 allocator_index=2 expected_next=0 observed_next=0 qpc=3109680787156 duration_ticks=167093 hr=0x00000000
present frame=438 source_index=0 allocator_index=0 expected_next=1 observed_next=1 qpc=3109680963187 duration_ticks=160245 hr=0x00000000
present frame=439 source_index=1 allocator_index=1 expected_next=2 observed_next=2 qpc=3109681128714 duration_ticks=163763 hr=0x00000000
present frame=440 source_index=2 allocator_index=2 expected_next=0 observed_next=0 qpc=3109681298456 duration_ticks=155429 hr=0x00000000
present frame=441 source_index=0 allocator_index=0 expected_next=1 observed_next=1 qpc=3109681454821 duration_ticks=172965 hr=0x00000000
present frame=442 source_index=1 allocator_index=1 expected_next=2 observed_next=2 qpc=3109681633036 duration_ticks=159827 hr=0x00000000
present frame=443 source_index=2 allocator_index=2 expected_next=0 observed_next=0 qpc=3109681796898 duration_ticks=158230 hr=0x00000000
present frame=444 source_index=0 allocator_index=0 expected_next=1 observed_next=1 qpc=3109681955991 duration_ticks=169831 hr=0x00000000
present frame=445 source_index=1 allocator_index=1 expected_next=2 observed_next=2 qpc=3109682134290 duration_ticks=157909 hr=0x00000000
present frame=446 source_index=2 allocator_index=2 expected_next=0 observed_next=0 qpc=3109682296265 duration_ticks=160942 hr=0x00000000
present frame=447 source_index=0 allocator_index=0 expected_next=1 observed_next=1 qpc=3109682460785 duration_ticks=163034 hr=0x00000000
present frame=448 source_index=1 allocator_index=1 expected_next=2 observed_next=2 qpc=3109682628904 duration_ticks=161916 hr=0x00000000
present frame=449 source_index=2 allocator_index=2 expected_next=0 observed_next=0 qpc=3109682795330 duration_ticks=166806 hr=0x00000000
present frame=450 source_index=0 allocator_index=0 expected_next=1 observed_next=1 qpc=3109682966053 duration_ticks=159003 hr=0x00000000
present frame=451 source_index=1 allocator_index=1 expected_next=2 observed_next=2 qpc=3109683130879 duration_ticks=166705 hr=0x00000000
present frame=452 source_index=2 allocator_index=2 expected_next=0 observed_next=0 qpc=3109683321561 duration_ticks=136514 hr=0x00000000
present frame=453 source_index=0 allocator_index=0 expected_next=1 observed_next=1 qpc=3109683461617 duration_ticks=166680 hr=0x00000000
present frame=454 source_index=1 allocator_index=1 expected_next=2 observed_next=2 qpc=3109683639260 duration_ticks=154680 hr=0x00000000
present frame=455 source_index=2 allocator_index=2 expected_next=0 observed_next=0 qpc=3109683798061 duration_ticks=164841 hr=0x00000000
present frame=456 source_index=0 allocator_index=0 expected_next=1 observed_next=1 qpc=3109683969842 duration_ticks=159521 hr=0x00000000
present frame=457 source_index=1 allocator_index=1 expected_next=2 observed_next=2 qpc=3109684136419 duration_ticks=157775 hr=0x00000000
present frame=458 source_index=2 allocator_index=2 expected_next=0 observed_next=0 qpc=3109684298816 duration_ticks=165756 hr=0x00000000
present frame=459 source_index=0 allocator_index=0 expected_next=1 observed_next=1 qpc=3109684470364 duration_ticks=155970 hr=0x00000000
present frame=460 source_index=1 allocator_index=1 expected_next=2 observed_next=2 qpc=3109684639449 duration_ticks=150901 hr=0x00000000
present frame=461 source_index=2 allocator_index=2 expected_next=0 observed_next=0 qpc=3109684791281 duration_ticks=165286 hr=0x00000000
present frame=462 source_index=0 allocator_index=0 expected_next=1 observed_next=1 qpc=3109684960294 duration_ticks=163072 hr=0x00000000
present frame=463 source_index=1 allocator_index=1 expected_next=2 observed_next=2 qpc=3109685128847 duration_ticks=157655 hr=0x00000000
present frame=464 source_index=2 allocator_index=2 expected_next=0 observed_next=0 qpc=3109685288060 duration_ticks=160765 hr=0x00000000
present frame=465 source_index=0 allocator_index=0 expected_next=1 observed_next=1 qpc=3109685449864 duration_ticks=165751 hr=0x00000000
present frame=466 source_index=1 allocator_index=1 expected_next=2 observed_next=2 qpc=3109685616295 duration_ticks=163955 hr=0x00000000
present frame=467 source_index=2 allocator_index=2 expected_next=0 observed_next=0 qpc=3109685780731 duration_ticks=166275 hr=0x00000000
present frame=468 source_index=0 allocator_index=0 expected_next=1 observed_next=1 qpc=3109685947412 duration_ticks=166849 hr=0x00000000
present frame=469 source_index=1 allocator_index=1 expected_next=2 observed_next=2 qpc=3109686114781 duration_ticks=165798 hr=0x00000000
present frame=470 source_index=2 allocator_index=2 expected_next=0 observed_next=0 qpc=3109686281063 duration_ticks=169102 hr=0x00000000
present frame=471 source_index=0 allocator_index=0 expected_next=1 observed_next=1 qpc=3109686450955 duration_ticks=165492 hr=0x00000000
present frame=472 source_index=1 allocator_index=1 expected_next=2 observed_next=2 qpc=3109686617330 duration_ticks=167037 hr=0x00000000
present frame=473 source_index=2 allocator_index=2 expected_next=0 observed_next=0 qpc=3109686786545 duration_ticks=164724 hr=0x00000000
present frame=474 source_index=0 allocator_index=0 expected_next=1 observed_next=1 qpc=3109686953828 duration_ticks=171814 hr=0x00000000
present frame=475 source_index=1 allocator_index=1 expected_next=2 observed_next=2 qpc=3109687131175 duration_ticks=161817 hr=0x00000000
present frame=476 source_index=2 allocator_index=2 expected_next=0 observed_next=0 qpc=3109687297746 duration_ticks=163171 hr=0x00000000
present frame=477 source_index=0 allocator_index=0 expected_next=1 observed_next=1 qpc=3109687473720 duration_ticks=155117 hr=0x00000000
present frame=478 source_index=1 allocator_index=1 expected_next=2 observed_next=2 qpc=3109687634548 duration_ticks=159035 hr=0x00000000
present frame=479 source_index=2 allocator_index=2 expected_next=0 observed_next=0 qpc=3109687799223 duration_ticks=162609 hr=0x00000000
present frame=480 source_index=0 allocator_index=0 expected_next=1 observed_next=1 qpc=3109687966142 duration_ticks=159997 hr=0x00000000
present frame=481 source_index=1 allocator_index=1 expected_next=2 observed_next=2 qpc=3109688131645 duration_ticks=168041 hr=0x00000000
present frame=482 source_index=2 allocator_index=2 expected_next=0 observed_next=0 qpc=3109688314138 duration_ticks=148023 hr=0x00000000
present frame=483 source_index=0 allocator_index=0 expected_next=1 observed_next=1 qpc=3109688467003 duration_ticks=160119 hr=0x00000000
present frame=484 source_index=1 allocator_index=1 expected_next=2 observed_next=2 qpc=3109688641482 duration_ticks=152945 hr=0x00000000
present frame=485 source_index=2 allocator_index=2 expected_next=0 observed_next=0 qpc=3109688802157 duration_ticks=158507 hr=0x00000000
present frame=486 source_index=0 allocator_index=0 expected_next=1 observed_next=1 qpc=3109688964693 duration_ticks=161966 hr=0x00000000
present frame=487 source_index=1 allocator_index=1 expected_next=2 observed_next=2 qpc=3109689131002 duration_ticks=161535 hr=0x00000000
present frame=488 source_index=2 allocator_index=2 expected_next=0 observed_next=0 qpc=3109689297990 duration_ticks=166859 hr=0x00000000
present frame=489 source_index=0 allocator_index=0 expected_next=1 observed_next=1 qpc=3109689469431 duration_ticks=153937 hr=0x00000000
present frame=490 source_index=1 allocator_index=1 expected_next=2 observed_next=2 qpc=3109689628431 duration_ticks=166919 hr=0x00000000
present frame=491 source_index=2 allocator_index=2 expected_next=0 observed_next=0 qpc=3109689800265 duration_ticks=155492 hr=0x00000000
present frame=492 source_index=0 allocator_index=0 expected_next=1 observed_next=1 qpc=3109689960018 duration_ticks=162416 hr=0x00000000
present frame=493 source_index=1 allocator_index=1 expected_next=2 observed_next=2 qpc=3109690126720 duration_ticks=163075 hr=0x00000000
present frame=494 source_index=2 allocator_index=2 expected_next=0 observed_next=0 qpc=3109690294633 duration_ticks=162338 hr=0x00000000
present frame=495 source_index=0 allocator_index=0 expected_next=1 observed_next=1 qpc=3109690476270 duration_ticks=150032 hr=0x00000000
present frame=496 source_index=1 allocator_index=1 expected_next=2 observed_next=2 qpc=3109690630342 duration_ticks=160466 hr=0x00000000
present frame=497 source_index=2 allocator_index=2 expected_next=0 observed_next=0 qpc=3109690794152 duration_ticks=165378 hr=0x00000000
present frame=498 source_index=0 allocator_index=0 expected_next=1 observed_next=1 qpc=3109690963046 duration_ticks=161406 hr=0x00000000
present frame=499 source_index=1 allocator_index=1 expected_next=2 observed_next=2 qpc=3109691128013 duration_ticks=164036 hr=0x00000000
present frame=500 source_index=2 allocator_index=2 expected_next=0 observed_next=0 qpc=3109691298046 duration_ticks=160789 hr=0x00000000
present frame=501 source_index=0 allocator_index=0 expected_next=1 observed_next=1 qpc=3109691466433 duration_ticks=158106 hr=0x00000000
present frame=502 source_index=1 allocator_index=1 expected_next=2 observed_next=2 qpc=3109691630893 duration_ticks=159973 hr=0x00000000
present frame=503 source_index=2 allocator_index=2 expected_next=0 observed_next=0 qpc=3109691794971 duration_ticks=163767 hr=0x00000000
present frame=504 source_index=0 allocator_index=0 expected_next=1 observed_next=1 qpc=3109691959496 duration_ticks=164408 hr=0x00000000
present frame=505 source_index=1 allocator_index=1 expected_next=2 observed_next=2 qpc=3109692129164 duration_ticks=162120 hr=0x00000000
present frame=506 source_index=2 allocator_index=2 expected_next=0 observed_next=0 qpc=3109692296460 duration_ticks=162409 hr=0x00000000
present frame=507 source_index=0 allocator_index=0 expected_next=1 observed_next=1 qpc=3109692468655 duration_ticks=154809 hr=0x00000000
present frame=508 source_index=1 allocator_index=1 expected_next=2 observed_next=2 qpc=3109692629479 duration_ticks=160391 hr=0x00000000
present frame=509 source_index=2 allocator_index=2 expected_next=0 observed_next=0 qpc=3109692793419 duration_ticks=163553 hr=0x00000000
present frame=510 source_index=0 allocator_index=0 expected_next=1 observed_next=1 qpc=3109692960625 duration_ticks=162220 hr=0x00000000
present frame=511 source_index=1 allocator_index=1 expected_next=2 observed_next=2 qpc=3109693128914 duration_ticks=165968 hr=0x00000000
present frame=512 source_index=2 allocator_index=2 expected_next=0 observed_next=0 qpc=3109693298932 duration_ticks=161884 hr=0x00000000
present frame=513 source_index=0 allocator_index=0 expected_next=1 observed_next=1 qpc=3109693464837 duration_ticks=164805 hr=0x00000000
present frame=514 source_index=1 allocator_index=1 expected_next=2 observed_next=2 qpc=3109693637405 duration_ticks=155925 hr=0x00000000
present frame=515 source_index=2 allocator_index=2 expected_next=0 observed_next=0 qpc=3109693797723 duration_ticks=161345 hr=0x00000000
present frame=516 source_index=0 allocator_index=0 expected_next=1 observed_next=1 qpc=3109693965630 duration_ticks=162091 hr=0x00000000
present frame=517 source_index=1 allocator_index=1 expected_next=2 observed_next=2 qpc=3109694135479 duration_ticks=156898 hr=0x00000000
present frame=518 source_index=2 allocator_index=2 expected_next=0 observed_next=0 qpc=3109694296560 duration_ticks=163180 hr=0x00000000
present frame=519 source_index=0 allocator_index=0 expected_next=1 observed_next=1 qpc=3109694463897 duration_ticks=162640 hr=0x00000000
present frame=520 source_index=1 allocator_index=1 expected_next=2 observed_next=2 qpc=3109694643211 duration_ticks=151097 hr=0x00000000
present frame=521 source_index=2 allocator_index=2 expected_next=0 observed_next=0 qpc=3109694797971 duration_ticks=158724 hr=0x00000000
present frame=522 source_index=0 allocator_index=0 expected_next=1 observed_next=1 qpc=3109694960239 duration_ticks=164164 hr=0x00000000
present frame=523 source_index=1 allocator_index=1 expected_next=2 observed_next=2 qpc=3109695133277 duration_ticks=157550 hr=0x00000000
present frame=524 source_index=2 allocator_index=2 expected_next=0 observed_next=0 qpc=3109695295573 duration_ticks=164267 hr=0x00000000
present frame=525 source_index=0 allocator_index=0 expected_next=1 observed_next=1 qpc=3109695464621 duration_ticks=162073 hr=0x00000000
present frame=526 source_index=1 allocator_index=1 expected_next=2 observed_next=2 qpc=3109695630782 duration_ticks=163169 hr=0x00000000
present frame=527 source_index=2 allocator_index=2 expected_next=0 observed_next=0 qpc=3109695798325 duration_ticks=163892 hr=0x00000000
present frame=528 source_index=0 allocator_index=0 expected_next=1 observed_next=1 qpc=3109695966219 duration_ticks=162757 hr=0x00000000
present frame=529 source_index=1 allocator_index=1 expected_next=2 observed_next=2 qpc=3109696140561 duration_ticks=150555 hr=0x00000000
present frame=530 source_index=2 allocator_index=2 expected_next=0 observed_next=0 qpc=3109696298656 duration_ticks=162145 hr=0x00000000
present frame=531 source_index=0 allocator_index=0 expected_next=1 observed_next=1 qpc=3109696565487 duration_ticks=54168 hr=0x00000000
present frame=532 source_index=1 allocator_index=1 expected_next=2 observed_next=2 qpc=3109696624373 duration_ticks=169459 hr=0x00000000
present frame=533 source_index=2 allocator_index=2 expected_next=0 observed_next=0 qpc=3109696815194 duration_ticks=145378 hr=0x00000000
present frame=534 source_index=0 allocator_index=0 expected_next=1 observed_next=1 qpc=3109696964657 duration_ticks=163074 hr=0x00000000
present frame=535 source_index=1 allocator_index=1 expected_next=2 observed_next=2 qpc=3109697132244 duration_ticks=163273 hr=0x00000000
present frame=536 source_index=2 allocator_index=2 expected_next=0 observed_next=0 qpc=3109697308056 duration_ticks=154073 hr=0x00000000
present frame=537 source_index=0 allocator_index=0 expected_next=1 observed_next=1 qpc=3109697466236 duration_ticks=161384 hr=0x00000000
present frame=538 source_index=1 allocator_index=1 expected_next=2 observed_next=2 qpc=3109697634326 duration_ticks=161674 hr=0x00000000
present frame=539 source_index=2 allocator_index=2 expected_next=0 observed_next=0 qpc=3109697805393 duration_ticks=153622 hr=0x00000000
present frame=540 source_index=0 allocator_index=0 expected_next=1 observed_next=1 qpc=3109697963225 duration_ticks=163422 hr=0x00000000
present frame=541 source_index=1 allocator_index=1 expected_next=2 observed_next=2 qpc=3109698131972 duration_ticks=158850 hr=0x00000000
present frame=542 source_index=2 allocator_index=2 expected_next=0 observed_next=0 qpc=3109698294773 duration_ticks=166974 hr=0x00000000
present frame=543 source_index=0 allocator_index=0 expected_next=1 observed_next=1 qpc=3109698466063 duration_ticks=162646 hr=0x00000000
present frame=544 source_index=1 allocator_index=1 expected_next=2 observed_next=2 qpc=3109698633066 duration_ticks=161393 hr=0x00000000
present frame=545 source_index=2 allocator_index=2 expected_next=0 observed_next=0 qpc=3109698808053 duration_ticks=151730 hr=0x00000000
present frame=546 source_index=0 allocator_index=0 expected_next=1 observed_next=1 qpc=3109698968675 duration_ticks=157936 hr=0x00000000
present frame=547 source_index=1 allocator_index=1 expected_next=2 observed_next=2 qpc=3109699130701 duration_ticks=159095 hr=0x00000000
present frame=548 source_index=2 allocator_index=2 expected_next=0 observed_next=0 qpc=3109699294520 duration_ticks=163711 hr=0x00000000
present frame=549 source_index=0 allocator_index=0 expected_next=1 observed_next=1 qpc=3109699472123 duration_ticks=148786 hr=0x00000000
present frame=550 source_index=1 allocator_index=1 expected_next=2 observed_next=2 qpc=3109699623075 duration_ticks=159056 hr=0x00000000
present frame=551 source_index=2 allocator_index=2 expected_next=0 observed_next=0 qpc=3109699783010 duration_ticks=162147 hr=0x00000000
present frame=552 source_index=0 allocator_index=0 expected_next=1 observed_next=1 qpc=3109699946490 duration_ticks=166594 hr=0x00000000
present frame=553 source_index=1 allocator_index=1 expected_next=2 observed_next=2 qpc=3109700113704 duration_ticks=166242 hr=0x00000000
present frame=554 source_index=2 allocator_index=2 expected_next=0 observed_next=0 qpc=3109700280679 duration_ticks=165397 hr=0x00000000
present frame=555 source_index=0 allocator_index=0 expected_next=1 observed_next=1 qpc=3109700446614 duration_ticks=166859 hr=0x00000000
present frame=556 source_index=1 allocator_index=1 expected_next=2 observed_next=2 qpc=3109700614068 duration_ticks=165282 hr=0x00000000
present frame=557 source_index=2 allocator_index=2 expected_next=0 observed_next=0 qpc=3109700780148 duration_ticks=167707 hr=0x00000000
present frame=558 source_index=0 allocator_index=0 expected_next=1 observed_next=1 qpc=3109700948610 duration_ticks=166004 hr=0x00000000
present frame=559 source_index=1 allocator_index=1 expected_next=2 observed_next=2 qpc=3109701115298 duration_ticks=165709 hr=0x00000000
present frame=560 source_index=2 allocator_index=2 expected_next=0 observed_next=0 qpc=3109701281752 duration_ticks=177043 hr=0x00000000
present frame=561 source_index=0 allocator_index=0 expected_next=1 observed_next=1 qpc=3109701460969 duration_ticks=158592 hr=0x00000000
present frame=562 source_index=1 allocator_index=1 expected_next=2 observed_next=2 qpc=3109701620605 duration_ticks=164966 hr=0x00000000
present frame=563 source_index=2 allocator_index=2 expected_next=0 observed_next=0 qpc=3109701786453 duration_ticks=165821 hr=0x00000000
present frame=564 source_index=0 allocator_index=0 expected_next=1 observed_next=1 qpc=3109701953347 duration_ticks=168765 hr=0x00000000
present frame=565 source_index=1 allocator_index=1 expected_next=2 observed_next=2 qpc=3109702125294 duration_ticks=163479 hr=0x00000000
present frame=566 source_index=2 allocator_index=2 expected_next=0 observed_next=0 qpc=3109702293417 duration_ticks=163122 hr=0x00000000
present frame=567 source_index=0 allocator_index=0 expected_next=1 observed_next=1 qpc=3109702459950 duration_ticks=162800 hr=0x00000000
present frame=568 source_index=1 allocator_index=1 expected_next=2 observed_next=2 qpc=3109702626229 duration_ticks=168443 hr=0x00000000
present frame=569 source_index=2 allocator_index=2 expected_next=0 observed_next=0 qpc=3109702798734 duration_ticks=157813 hr=0x00000000
present frame=570 source_index=0 allocator_index=0 expected_next=1 observed_next=1 qpc=3109702961189 duration_ticks=163402 hr=0x00000000
present frame=571 source_index=1 allocator_index=1 expected_next=2 observed_next=2 qpc=3109703128605 duration_ticks=161205 hr=0x00000000
present frame=572 source_index=2 allocator_index=2 expected_next=0 observed_next=0 qpc=3109703293376 duration_ticks=159201 hr=0x00000000
present frame=573 source_index=0 allocator_index=0 expected_next=1 observed_next=1 qpc=3109703453654 duration_ticks=169426 hr=0x00000000
present frame=574 source_index=1 allocator_index=1 expected_next=2 observed_next=2 qpc=3109703626434 duration_ticks=159586 hr=0x00000000
present frame=575 source_index=2 allocator_index=2 expected_next=0 observed_next=0 qpc=3109703786856 duration_ticks=171548 hr=0x00000000
present frame=576 source_index=0 allocator_index=0 expected_next=1 observed_next=1 qpc=3109703961804 duration_ticks=158317 hr=0x00000000
present frame=577 source_index=1 allocator_index=1 expected_next=2 observed_next=2 qpc=3109704120836 duration_ticks=172606 hr=0x00000000
present frame=578 source_index=2 allocator_index=2 expected_next=0 observed_next=0 qpc=3109704297597 duration_ticks=157340 hr=0x00000000
present frame=579 source_index=0 allocator_index=0 expected_next=1 observed_next=1 qpc=3109704458678 duration_ticks=164250 hr=0x00000000
present frame=580 source_index=1 allocator_index=1 expected_next=2 observed_next=2 qpc=3109704627885 duration_ticks=161483 hr=0x00000000
present frame=581 source_index=2 allocator_index=2 expected_next=0 observed_next=0 qpc=3109704792568 duration_ticks=163469 hr=0x00000000
present frame=582 source_index=0 allocator_index=0 expected_next=1 observed_next=1 qpc=3109704959635 duration_ticks=162247 hr=0x00000000
present frame=583 source_index=1 allocator_index=1 expected_next=2 observed_next=2 qpc=3109705123288 duration_ticks=161361 hr=0x00000000
present frame=584 source_index=2 allocator_index=2 expected_next=0 observed_next=0 qpc=3109705285747 duration_ticks=159696 hr=0x00000000
present frame=585 source_index=0 allocator_index=0 expected_next=1 observed_next=1 qpc=3109705446047 duration_ticks=166060 hr=0x00000000
present frame=586 source_index=1 allocator_index=1 expected_next=2 observed_next=2 qpc=3109705612868 duration_ticks=167047 hr=0x00000000
present frame=587 source_index=2 allocator_index=2 expected_next=0 observed_next=0 qpc=3109705780487 duration_ticks=165851 hr=0x00000000
present frame=588 source_index=0 allocator_index=0 expected_next=1 observed_next=1 qpc=3109705947070 duration_ticks=166871 hr=0x00000000
present frame=589 source_index=1 allocator_index=1 expected_next=2 observed_next=2 qpc=3109706114477 duration_ticks=167095 hr=0x00000000
present frame=590 source_index=2 allocator_index=2 expected_next=0 observed_next=0 qpc=3109706282553 duration_ticks=164799 hr=0x00000000
present frame=591 source_index=0 allocator_index=0 expected_next=1 observed_next=1 qpc=3109706448018 duration_ticks=164839 hr=0x00000000
present frame=592 source_index=1 allocator_index=1 expected_next=2 observed_next=2 qpc=3109706613345 duration_ticks=165071 hr=0x00000000
present frame=593 source_index=2 allocator_index=2 expected_next=0 observed_next=0 qpc=3109706778785 duration_ticks=167426 hr=0x00000000
present frame=594 source_index=0 allocator_index=0 expected_next=1 observed_next=1 qpc=3109706946569 duration_ticks=168080 hr=0x00000000
present frame=595 source_index=1 allocator_index=1 expected_next=2 observed_next=2 qpc=3109707115387 duration_ticks=168629 hr=0x00000000
present frame=596 source_index=2 allocator_index=2 expected_next=0 observed_next=0 qpc=3109707284864 duration_ticks=163238 hr=0x00000000
present frame=597 source_index=0 allocator_index=0 expected_next=1 observed_next=1 qpc=3109707448550 duration_ticks=166390 hr=0x00000000
present frame=598 source_index=1 allocator_index=1 expected_next=2 observed_next=2 qpc=3109707615340 duration_ticks=165306 hr=0x00000000
present frame=599 source_index=2 allocator_index=2 expected_next=0 observed_next=0 qpc=3109707781180 duration_ticks=170017 hr=0x00000000
present frame=600 source_index=0 allocator_index=0 expected_next=1 observed_next=1 qpc=3109707951715 duration_ticks=166137 hr=0x00000000
present frame=601 source_index=1 allocator_index=1 expected_next=2 observed_next=2 qpc=3109708118575 duration_ticks=166340 hr=0x00000000
present frame=602 source_index=2 allocator_index=2 expected_next=0 observed_next=0 qpc=3109708285414 duration_ticks=166886 hr=0x00000000
present frame=603 source_index=0 allocator_index=0 expected_next=1 observed_next=1 qpc=3109708452885 duration_ticks=168080 hr=0x00000000
present frame=604 source_index=1 allocator_index=1 expected_next=2 observed_next=2 qpc=3109708623545 duration_ticks=166165 hr=0x00000000
present frame=605 source_index=2 allocator_index=2 expected_next=0 observed_next=0 qpc=3109708793913 duration_ticks=166590 hr=0x00000000
present frame=606 source_index=0 allocator_index=0 expected_next=1 observed_next=1 qpc=3109708964067 duration_ticks=161442 hr=0x00000000
present frame=607 source_index=1 allocator_index=1 expected_next=2 observed_next=2 qpc=3109709130748 duration_ticks=162902 hr=0x00000000
present frame=608 source_index=2 allocator_index=2 expected_next=0 observed_next=0 qpc=3109709301905 duration_ticks=152097 hr=0x00000000
present frame=609 source_index=0 allocator_index=0 expected_next=1 observed_next=1 qpc=3109709455444 duration_ticks=164221 hr=0x00000000
present frame=610 source_index=1 allocator_index=1 expected_next=2 observed_next=2 qpc=3109709620555 duration_ticks=166358 hr=0x00000000
present frame=611 source_index=2 allocator_index=2 expected_next=0 observed_next=0 qpc=3109709788017 duration_ticks=164498 hr=0x00000000
present frame=612 source_index=0 allocator_index=0 expected_next=1 observed_next=1 qpc=3109709953659 duration_ticks=166148 hr=0x00000000
present frame=613 source_index=1 allocator_index=1 expected_next=2 observed_next=2 qpc=3109710124360 duration_ticks=164670 hr=0x00000000
present frame=614 source_index=2 allocator_index=2 expected_next=0 observed_next=0 qpc=3109710295453 duration_ticks=163115 hr=0x00000000
present frame=615 source_index=0 allocator_index=0 expected_next=1 observed_next=1 qpc=3109710463324 duration_ticks=161816 hr=0x00000000
present frame=616 source_index=1 allocator_index=1 expected_next=2 observed_next=2 qpc=3109710630989 duration_ticks=155398 hr=0x00000000
present frame=617 source_index=2 allocator_index=2 expected_next=0 observed_next=0 qpc=3109710787150 duration_ticks=168063 hr=0x00000000
present frame=618 source_index=0 allocator_index=0 expected_next=1 observed_next=1 qpc=3109710959840 duration_ticks=161535 hr=0x00000000
present frame=619 source_index=1 allocator_index=1 expected_next=2 observed_next=2 qpc=3109711126856 duration_ticks=164402 hr=0x00000000
present frame=620 source_index=2 allocator_index=2 expected_next=0 observed_next=0 qpc=3109711300047 duration_ticks=157237 hr=0x00000000
present frame=621 source_index=0 allocator_index=0 expected_next=1 observed_next=1 qpc=3109711462419 duration_ticks=161288 hr=0x00000000
present frame=622 source_index=1 allocator_index=1 expected_next=2 observed_next=2 qpc=3109711629130 duration_ticks=157492 hr=0x00000000
present frame=623 source_index=2 allocator_index=2 expected_next=0 observed_next=0 qpc=3109711787658 duration_ticks=169852 hr=0x00000000
present frame=624 source_index=0 allocator_index=0 expected_next=1 observed_next=1 qpc=3109711961767 duration_ticks=159732 hr=0x00000000
present frame=625 source_index=1 allocator_index=1 expected_next=2 observed_next=2 qpc=3109712126157 duration_ticks=163280 hr=0x00000000
present frame=626 source_index=2 allocator_index=2 expected_next=0 observed_next=0 qpc=3109712292965 duration_ticks=163638 hr=0x00000000
present frame=627 source_index=0 allocator_index=0 expected_next=1 observed_next=1 qpc=3109712460173 duration_ticks=164834 hr=0x00000000
present frame=628 source_index=1 allocator_index=1 expected_next=2 observed_next=2 qpc=3109712628837 duration_ticks=167118 hr=0x00000000
present frame=629 source_index=2 allocator_index=2 expected_next=0 observed_next=0 qpc=3109712800267 duration_ticks=159775 hr=0x00000000
present frame=630 source_index=0 allocator_index=0 expected_next=1 observed_next=1 qpc=3109712964134 duration_ticks=160486 hr=0x00000000
present frame=631 source_index=1 allocator_index=1 expected_next=2 observed_next=2 qpc=3109713129792 duration_ticks=166068 hr=0x00000000
present frame=632 source_index=2 allocator_index=2 expected_next=0 observed_next=0 qpc=3109713300626 duration_ticks=158801 hr=0x00000000
present frame=633 source_index=0 allocator_index=0 expected_next=1 observed_next=1 qpc=3109713463617 duration_ticks=162856 hr=0x00000000
present frame=634 source_index=1 allocator_index=1 expected_next=2 observed_next=2 qpc=3109713631793 duration_ticks=157992 hr=0x00000000
present frame=635 source_index=2 allocator_index=2 expected_next=0 observed_next=0 qpc=3109713793892 duration_ticks=165871 hr=0x00000000
present frame=636 source_index=0 allocator_index=0 expected_next=1 observed_next=1 qpc=3109713963760 duration_ticks=158800 hr=0x00000000
present frame=637 source_index=1 allocator_index=1 expected_next=2 observed_next=2 qpc=3109714128223 duration_ticks=163830 hr=0x00000000
present frame=638 source_index=2 allocator_index=2 expected_next=0 observed_next=0 qpc=3109714307672 duration_ticks=149573 hr=0x00000000
present frame=639 source_index=0 allocator_index=0 expected_next=1 observed_next=1 qpc=3109714460662 duration_ticks=161201 hr=0x00000000
present frame=640 source_index=1 allocator_index=1 expected_next=2 observed_next=2 qpc=3109714627258 duration_ticks=167866 hr=0x00000000
present frame=641 source_index=2 allocator_index=2 expected_next=0 observed_next=0 qpc=3109714812801 duration_ticks=147557 hr=0x00000000
present frame=642 source_index=0 allocator_index=0 expected_next=1 observed_next=1 qpc=3109714963972 duration_ticks=162125 hr=0x00000000
present frame=643 source_index=1 allocator_index=1 expected_next=2 observed_next=2 qpc=3109715131665 duration_ticks=160712 hr=0x00000000
present frame=644 source_index=2 allocator_index=2 expected_next=0 observed_next=0 qpc=3109715295878 duration_ticks=170131 hr=0x00000000
present frame=645 source_index=0 allocator_index=0 expected_next=1 observed_next=1 qpc=3109715478731 duration_ticks=147501 hr=0x00000000
present frame=646 source_index=1 allocator_index=1 expected_next=2 observed_next=2 qpc=3109715631117 duration_ticks=160674 hr=0x00000000
present frame=647 source_index=2 allocator_index=2 expected_next=0 observed_next=0 qpc=3109715796785 duration_ticks=164099 hr=0x00000000
present frame=648 source_index=0 allocator_index=0 expected_next=1 observed_next=1 qpc=3109715965223 duration_ticks=155944 hr=0x00000000
present frame=649 source_index=1 allocator_index=1 expected_next=2 observed_next=2 qpc=3109716122287 duration_ticks=159245 hr=0x00000000
present frame=650 source_index=2 allocator_index=2 expected_next=0 observed_next=0 qpc=3109716282167 duration_ticks=165850 hr=0x00000000
present frame=651 source_index=0 allocator_index=0 expected_next=1 observed_next=1 qpc=3109716448637 duration_ticks=162855 hr=0x00000000
present frame=652 source_index=1 allocator_index=1 expected_next=2 observed_next=2 qpc=3109716611865 duration_ticks=168177 hr=0x00000000
present frame=653 source_index=2 allocator_index=2 expected_next=0 observed_next=0 qpc=3109716780855 duration_ticks=166195 hr=0x00000000
present frame=654 source_index=0 allocator_index=0 expected_next=1 observed_next=1 qpc=3109716947832 duration_ticks=166716 hr=0x00000000
present frame=655 source_index=1 allocator_index=1 expected_next=2 observed_next=2 qpc=3109717115515 duration_ticks=164347 hr=0x00000000
present frame=656 source_index=2 allocator_index=2 expected_next=0 observed_next=0 qpc=3109717280412 duration_ticks=166438 hr=0x00000000
present frame=657 source_index=0 allocator_index=0 expected_next=1 observed_next=1 qpc=3109717447207 duration_ticks=165410 hr=0x00000000
present frame=658 source_index=1 allocator_index=1 expected_next=2 observed_next=2 qpc=3109717612982 duration_ticks=166898 hr=0x00000000
present frame=659 source_index=2 allocator_index=2 expected_next=0 observed_next=0 qpc=3109717780177 duration_ticks=166051 hr=0x00000000
present frame=660 source_index=0 allocator_index=0 expected_next=1 observed_next=1 qpc=3109717946490 duration_ticks=167720 hr=0x00000000
present frame=661 source_index=1 allocator_index=1 expected_next=2 observed_next=2 qpc=3109718114648 duration_ticks=166843 hr=0x00000000
present frame=662 source_index=2 allocator_index=2 expected_next=0 observed_next=0 qpc=3109718281843 duration_ticks=165901 hr=0x00000000
present frame=663 source_index=0 allocator_index=0 expected_next=1 observed_next=1 qpc=3109718448088 duration_ticks=166721 hr=0x00000000
present frame=664 source_index=1 allocator_index=1 expected_next=2 observed_next=2 qpc=3109718615461 duration_ticks=168977 hr=0x00000000
present frame=665 source_index=2 allocator_index=2 expected_next=0 observed_next=0 qpc=3109718784857 duration_ticks=166751 hr=0x00000000
present frame=666 source_index=0 allocator_index=0 expected_next=1 observed_next=1 qpc=3109718952056 duration_ticks=171237 hr=0x00000000
present frame=667 source_index=1 allocator_index=1 expected_next=2 observed_next=2 qpc=3109719125884 duration_ticks=168205 hr=0x00000000
present frame=668 source_index=2 allocator_index=2 expected_next=0 observed_next=0 qpc=3109719301901 duration_ticks=149417 hr=0x00000000
present frame=669 source_index=0 allocator_index=0 expected_next=1 observed_next=1 qpc=3109719452060 duration_ticks=175182 hr=0x00000000
present frame=670 source_index=1 allocator_index=1 expected_next=2 observed_next=2 qpc=3109719634300 duration_ticks=155677 hr=0x00000000
present frame=671 source_index=2 allocator_index=2 expected_next=0 observed_next=0 qpc=3109719795329 duration_ticks=165681 hr=0x00000000
present frame=672 source_index=0 allocator_index=0 expected_next=1 observed_next=1 qpc=3109719981002 duration_ticks=143506 hr=0x00000000
present frame=673 source_index=1 allocator_index=1 expected_next=2 observed_next=2 qpc=3109720129669 duration_ticks=162983 hr=0x00000000
present frame=674 source_index=2 allocator_index=2 expected_next=0 observed_next=0 qpc=3109720296922 duration_ticks=162804 hr=0x00000000
present frame=675 source_index=0 allocator_index=0 expected_next=1 observed_next=1 qpc=3109720466236 duration_ticks=159509 hr=0x00000000
present frame=676 source_index=1 allocator_index=1 expected_next=2 observed_next=2 qpc=3109720633478 duration_ticks=158480 hr=0x00000000
present frame=677 source_index=2 allocator_index=2 expected_next=0 observed_next=0 qpc=3109720798491 duration_ticks=158768 hr=0x00000000
present frame=678 source_index=0 allocator_index=0 expected_next=1 observed_next=1 qpc=3109720964284 duration_ticks=158108 hr=0x00000000
present frame=679 source_index=1 allocator_index=1 expected_next=2 observed_next=2 qpc=3109721127629 duration_ticks=164926 hr=0x00000000
present frame=680 source_index=2 allocator_index=2 expected_next=0 observed_next=0 qpc=3109721300629 duration_ticks=157006 hr=0x00000000
present frame=681 source_index=0 allocator_index=0 expected_next=1 observed_next=1 qpc=3109721461328 duration_ticks=163157 hr=0x00000000
present frame=682 source_index=1 allocator_index=1 expected_next=2 observed_next=2 qpc=3109721630749 duration_ticks=160565 hr=0x00000000
present frame=683 source_index=2 allocator_index=2 expected_next=0 observed_next=0 qpc=3109721794881 duration_ticks=163189 hr=0x00000000
present frame=684 source_index=0 allocator_index=0 expected_next=1 observed_next=1 qpc=3109721961539 duration_ticks=160710 hr=0x00000000
present frame=685 source_index=1 allocator_index=1 expected_next=2 observed_next=2 qpc=3109722125992 duration_ticks=164598 hr=0x00000000
present frame=686 source_index=2 allocator_index=2 expected_next=0 observed_next=0 qpc=3109722300895 duration_ticks=157691 hr=0x00000000
present frame=687 source_index=0 allocator_index=0 expected_next=1 observed_next=1 qpc=3109722462519 duration_ticks=164436 hr=0x00000000
present frame=688 source_index=1 allocator_index=1 expected_next=2 observed_next=2 qpc=3109722630913 duration_ticks=162871 hr=0x00000000
present frame=689 source_index=2 allocator_index=2 expected_next=0 observed_next=0 qpc=3109722798336 duration_ticks=161493 hr=0x00000000
present frame=690 source_index=0 allocator_index=0 expected_next=1 observed_next=1 qpc=3109722963851 duration_ticks=162388 hr=0x00000000
present frame=691 source_index=1 allocator_index=1 expected_next=2 observed_next=2 qpc=3109723131985 duration_ticks=158270 hr=0x00000000
present frame=692 source_index=2 allocator_index=2 expected_next=0 observed_next=0 qpc=3109723294232 duration_ticks=166656 hr=0x00000000
present frame=693 source_index=0 allocator_index=0 expected_next=1 observed_next=1 qpc=3109723470257 duration_ticks=156367 hr=0x00000000
present frame=694 source_index=1 allocator_index=1 expected_next=2 observed_next=2 qpc=3109723630884 duration_ticks=161130 hr=0x00000000
present frame=695 source_index=2 allocator_index=2 expected_next=0 observed_next=0 qpc=3109723795959 duration_ticks=159656 hr=0x00000000
present frame=696 source_index=0 allocator_index=0 expected_next=1 observed_next=1 qpc=3109723959753 duration_ticks=165070 hr=0x00000000
present frame=697 source_index=1 allocator_index=1 expected_next=2 observed_next=2 qpc=3109724128660 duration_ticks=162187 hr=0x00000000
present frame=698 source_index=2 allocator_index=2 expected_next=0 observed_next=0 qpc=3109724295095 duration_ticks=163017 hr=0x00000000
present frame=699 source_index=0 allocator_index=0 expected_next=1 observed_next=1 qpc=3109724462085 duration_ticks=167095 hr=0x00000000
present frame=700 source_index=1 allocator_index=1 expected_next=2 observed_next=2 qpc=3109724635915 duration_ticks=152063 hr=0x00000000
present frame=701 source_index=2 allocator_index=2 expected_next=0 observed_next=0 qpc=3109724792109 duration_ticks=166461 hr=0x00000000
present frame=702 source_index=0 allocator_index=0 expected_next=1 observed_next=1 qpc=3109724967275 duration_ticks=157368 hr=0x00000000
present frame=703 source_index=1 allocator_index=1 expected_next=2 observed_next=2 qpc=3109725128436 duration_ticks=163230 hr=0x00000000
present frame=704 source_index=2 allocator_index=2 expected_next=0 observed_next=0 qpc=3109725295460 duration_ticks=164187 hr=0x00000000
present frame=705 source_index=0 allocator_index=0 expected_next=1 observed_next=1 qpc=3109725464328 duration_ticks=160804 hr=0x00000000
present frame=706 source_index=1 allocator_index=1 expected_next=2 observed_next=2 qpc=3109725629501 duration_ticks=162166 hr=0x00000000
present frame=707 source_index=2 allocator_index=2 expected_next=0 observed_next=0 qpc=3109725795574 duration_ticks=162842 hr=0x00000000
present frame=708 source_index=0 allocator_index=0 expected_next=1 observed_next=1 qpc=3109725962267 duration_ticks=162640 hr=0x00000000
present frame=709 source_index=1 allocator_index=1 expected_next=2 observed_next=2 qpc=3109726130138 duration_ticks=160429 hr=0x00000000
present frame=710 source_index=2 allocator_index=2 expected_next=0 observed_next=0 qpc=3109726294981 duration_ticks=165276 hr=0x00000000
present frame=711 source_index=0 allocator_index=0 expected_next=1 observed_next=1 qpc=3109726494810 duration_ticks=124323 hr=0x00000000
present frame=712 source_index=1 allocator_index=1 expected_next=2 observed_next=2 qpc=3109726620110 duration_ticks=163841 hr=0x00000000
present frame=713 source_index=2 allocator_index=2 expected_next=0 observed_next=0 qpc=3109726784496 duration_ticks=174591 hr=0x00000000
present frame=714 source_index=0 allocator_index=0 expected_next=1 observed_next=1 qpc=3109726962691 duration_ticks=165416 hr=0x00000000
present frame=715 source_index=1 allocator_index=1 expected_next=2 observed_next=2 qpc=3109727132245 duration_ticks=162012 hr=0x00000000
present frame=716 source_index=2 allocator_index=2 expected_next=0 observed_next=0 qpc=3109727309801 duration_ticks=146800 hr=0x00000000
present frame=717 source_index=0 allocator_index=0 expected_next=1 observed_next=1 qpc=3109727467212 duration_ticks=160622 hr=0x00000000
present frame=718 source_index=1 allocator_index=1 expected_next=2 observed_next=2 qpc=3109727656200 duration_ticks=127798 hr=0x00000000
present frame=719 source_index=2 allocator_index=2 expected_next=0 observed_next=0 qpc=3109727784992 duration_ticks=170672 hr=0x00000000
present frame=720 source_index=0 allocator_index=0 expected_next=1 observed_next=1 qpc=3109727959103 duration_ticks=166794 hr=0x00000000
present frame=721 source_index=1 allocator_index=1 expected_next=2 observed_next=2 qpc=3109728130139 duration_ticks=162257 hr=0x00000000
present frame=722 source_index=2 allocator_index=2 expected_next=0 observed_next=0 qpc=3109728297232 duration_ticks=165226 hr=0x00000000
present frame=723 source_index=0 allocator_index=0 expected_next=1 observed_next=1 qpc=3109728466388 duration_ticks=156592 hr=0x00000000
present frame=724 source_index=1 allocator_index=1 expected_next=2 observed_next=2 qpc=3109728627041 duration_ticks=166361 hr=0x00000000
present frame=725 source_index=2 allocator_index=2 expected_next=0 observed_next=0 qpc=3109728817923 duration_ticks=142886 hr=0x00000000
present frame=726 source_index=0 allocator_index=0 expected_next=1 observed_next=1 qpc=3109728964883 duration_ticks=160053 hr=0x00000000
present frame=727 source_index=1 allocator_index=1 expected_next=2 observed_next=2 qpc=3109729129936 duration_ticks=159808 hr=0x00000000
present frame=728 source_index=2 allocator_index=2 expected_next=0 observed_next=0 qpc=3109729295347 duration_ticks=163110 hr=0x00000000
present frame=729 source_index=0 allocator_index=0 expected_next=1 observed_next=1 qpc=3109729462507 duration_ticks=160813 hr=0x00000000
present frame=730 source_index=1 allocator_index=1 expected_next=2 observed_next=2 qpc=3109729629014 duration_ticks=161386 hr=0x00000000
present frame=731 source_index=2 allocator_index=2 expected_next=0 observed_next=0 qpc=3109729802054 duration_ticks=154383 hr=0x00000000
present frame=732 source_index=0 allocator_index=0 expected_next=1 observed_next=1 qpc=3109729964310 duration_ticks=154862 hr=0x00000000
present frame=733 source_index=1 allocator_index=1 expected_next=2 observed_next=2 qpc=3109730120002 duration_ticks=168683 hr=0x00000000
present frame=734 source_index=2 allocator_index=2 expected_next=0 observed_next=0 qpc=3109730294242 duration_ticks=161421 hr=0x00000000
present frame=735 source_index=0 allocator_index=0 expected_next=1 observed_next=1 qpc=3109730461171 duration_ticks=162276 hr=0x00000000
present frame=736 source_index=1 allocator_index=1 expected_next=2 observed_next=2 qpc=3109730628403 duration_ticks=162466 hr=0x00000000
present frame=737 source_index=2 allocator_index=2 expected_next=0 observed_next=0 qpc=3109730795735 duration_ticks=160242 hr=0x00000000
present frame=738 source_index=0 allocator_index=0 expected_next=1 observed_next=1 qpc=3109730963189 duration_ticks=159906 hr=0x00000000
present frame=739 source_index=1 allocator_index=1 expected_next=2 observed_next=2 qpc=3109731129486 duration_ticks=159828 hr=0x00000000
present frame=740 source_index=2 allocator_index=2 expected_next=0 observed_next=0 qpc=3109731294875 duration_ticks=161438 hr=0x00000000
present frame=741 source_index=0 allocator_index=0 expected_next=1 observed_next=1 qpc=3109731463030 duration_ticks=159744 hr=0x00000000
present frame=742 source_index=1 allocator_index=1 expected_next=2 observed_next=2 qpc=3109731629800 duration_ticks=159496 hr=0x00000000
present frame=743 source_index=2 allocator_index=2 expected_next=0 observed_next=0 qpc=3109731792982 duration_ticks=164215 hr=0x00000000
present frame=744 source_index=0 allocator_index=0 expected_next=1 observed_next=1 qpc=3109731961048 duration_ticks=160320 hr=0x00000000
present frame=745 source_index=1 allocator_index=1 expected_next=2 observed_next=2 qpc=3109732126870 duration_ticks=175672 hr=0x00000000
present frame=746 source_index=2 allocator_index=2 expected_next=0 observed_next=0 qpc=3109732339006 duration_ticks=111958 hr=0x00000000
present frame=747 source_index=0 allocator_index=0 expected_next=1 observed_next=1 qpc=3109732451405 duration_ticks=165278 hr=0x00000000
present frame=748 source_index=1 allocator_index=1 expected_next=2 observed_next=2 qpc=3109732617081 duration_ticks=174652 hr=0x00000000
present frame=749 source_index=2 allocator_index=2 expected_next=0 observed_next=0 qpc=3109732795510 duration_ticks=164325 hr=0x00000000
present frame=750 source_index=0 allocator_index=0 expected_next=1 observed_next=1 qpc=3109732964195 duration_ticks=163268 hr=0x00000000
present frame=751 source_index=1 allocator_index=1 expected_next=2 observed_next=2 qpc=3109733132360 duration_ticks=158980 hr=0x00000000
present frame=752 source_index=2 allocator_index=2 expected_next=0 observed_next=0 qpc=3109733295023 duration_ticks=165949 hr=0x00000000
present frame=753 source_index=0 allocator_index=0 expected_next=1 observed_next=1 qpc=3109733465124 duration_ticks=159763 hr=0x00000000
present frame=754 source_index=1 allocator_index=1 expected_next=2 observed_next=2 qpc=3109733628701 duration_ticks=166640 hr=0x00000000
present frame=755 source_index=2 allocator_index=2 expected_next=0 observed_next=0 qpc=3109733801686 duration_ticks=157703 hr=0x00000000
present frame=756 source_index=0 allocator_index=0 expected_next=1 observed_next=1 qpc=3109733963447 duration_ticks=162766 hr=0x00000000
present frame=757 source_index=1 allocator_index=1 expected_next=2 observed_next=2 qpc=3109734130897 duration_ticks=163512 hr=0x00000000
present frame=758 source_index=2 allocator_index=2 expected_next=0 observed_next=0 qpc=3109734298504 duration_ticks=160838 hr=0x00000000
present frame=759 source_index=0 allocator_index=0 expected_next=1 observed_next=1 qpc=3109734465329 duration_ticks=163018 hr=0x00000000
present frame=760 source_index=1 allocator_index=1 expected_next=2 observed_next=2 qpc=3109734634119 duration_ticks=156569 hr=0x00000000
present frame=761 source_index=2 allocator_index=2 expected_next=0 observed_next=0 qpc=3109734796046 duration_ticks=165224 hr=0x00000000
present frame=762 source_index=0 allocator_index=0 expected_next=1 observed_next=1 qpc=3109734966169 duration_ticks=158666 hr=0x00000000
present frame=763 source_index=1 allocator_index=1 expected_next=2 observed_next=2 qpc=3109735128765 duration_ticks=163802 hr=0x00000000
present frame=764 source_index=2 allocator_index=2 expected_next=0 observed_next=0 qpc=3109735299259 duration_ticks=159591 hr=0x00000000
present frame=765 source_index=0 allocator_index=0 expected_next=1 observed_next=1 qpc=3109735462791 duration_ticks=161718 hr=0x00000000
present frame=766 source_index=1 allocator_index=1 expected_next=2 observed_next=2 qpc=3109735630440 duration_ticks=162816 hr=0x00000000
present frame=767 source_index=2 allocator_index=2 expected_next=0 observed_next=0 qpc=3109735798478 duration_ticks=160189 hr=0x00000000
present frame=768 source_index=0 allocator_index=0 expected_next=1 observed_next=1 qpc=3109735962603 duration_ticks=164125 hr=0x00000000
present frame=769 source_index=1 allocator_index=1 expected_next=2 observed_next=2 qpc=3109736130739 duration_ticks=160062 hr=0x00000000
present frame=770 source_index=2 allocator_index=2 expected_next=0 observed_next=0 qpc=3109736294869 duration_ticks=161903 hr=0x00000000
present frame=771 source_index=0 allocator_index=0 expected_next=1 observed_next=1 qpc=3109736489451 duration_ticks=130346 hr=0x00000000
present frame=772 source_index=1 allocator_index=1 expected_next=2 observed_next=2 qpc=3109736620385 duration_ticks=165742 hr=0x00000000
present frame=773 source_index=2 allocator_index=2 expected_next=0 observed_next=0 qpc=3109736786879 duration_ticks=173288 hr=0x00000000
present frame=774 source_index=0 allocator_index=0 expected_next=1 observed_next=1 qpc=3109736964290 duration_ticks=160741 hr=0x00000000
present frame=775 source_index=1 allocator_index=1 expected_next=2 observed_next=2 qpc=3109737128951 duration_ticks=165009 hr=0x00000000
present frame=776 source_index=2 allocator_index=2 expected_next=0 observed_next=0 qpc=3109737298159 duration_ticks=160408 hr=0x00000000
present frame=777 source_index=0 allocator_index=0 expected_next=1 observed_next=1 qpc=3109737463370 duration_ticks=162167 hr=0x00000000
present frame=778 source_index=1 allocator_index=1 expected_next=2 observed_next=2 qpc=3109737632542 duration_ticks=157959 hr=0x00000000
present frame=779 source_index=2 allocator_index=2 expected_next=0 observed_next=0 qpc=3109737795045 duration_ticks=163809 hr=0x00000000
present frame=780 source_index=0 allocator_index=0 expected_next=1 observed_next=1 qpc=3109737962720 duration_ticks=162632 hr=0x00000000
present frame=781 source_index=1 allocator_index=1 expected_next=2 observed_next=2 qpc=3109738130077 duration_ticks=162293 hr=0x00000000
present frame=782 source_index=2 allocator_index=2 expected_next=0 observed_next=0 qpc=3109738296407 duration_ticks=162069 hr=0x00000000
present frame=783 source_index=0 allocator_index=0 expected_next=1 observed_next=1 qpc=3109738462465 duration_ticks=162123 hr=0x00000000
present frame=784 source_index=1 allocator_index=1 expected_next=2 observed_next=2 qpc=3109738628445 duration_ticks=167275 hr=0x00000000
present frame=785 source_index=2 allocator_index=2 expected_next=0 observed_next=0 qpc=3109738799862 duration_ticks=158923 hr=0x00000000
present frame=786 source_index=0 allocator_index=0 expected_next=1 observed_next=1 qpc=3109738962725 duration_ticks=163615 hr=0x00000000
present frame=787 source_index=1 allocator_index=1 expected_next=2 observed_next=2 qpc=3109739136050 duration_ticks=153787 hr=0x00000000
present frame=788 source_index=2 allocator_index=2 expected_next=0 observed_next=0 qpc=3109739296360 duration_ticks=161327 hr=0x00000000
present frame=789 source_index=0 allocator_index=0 expected_next=1 observed_next=1 qpc=3109739476374 duration_ticks=144349 hr=0x00000000
present frame=790 source_index=1 allocator_index=1 expected_next=2 observed_next=2 qpc=3109739622167 duration_ticks=163740 hr=0x00000000
present frame=791 source_index=2 allocator_index=2 expected_next=0 observed_next=0 qpc=3109739787013 duration_ticks=168601 hr=0x00000000
present frame=792 source_index=0 allocator_index=0 expected_next=1 observed_next=1 qpc=3109739956512 duration_ticks=165205 hr=0x00000000
present frame=793 source_index=1 allocator_index=1 expected_next=2 observed_next=2 qpc=3109740124380 duration_ticks=161537 hr=0x00000000
present frame=794 source_index=2 allocator_index=2 expected_next=0 observed_next=0 qpc=3109740286843 duration_ticks=168390 hr=0x00000000
present frame=795 source_index=0 allocator_index=0 expected_next=1 observed_next=1 qpc=3109740459730 duration_ticks=156217 hr=0x00000000
present frame=796 source_index=1 allocator_index=1 expected_next=2 observed_next=2 qpc=3109740616601 duration_ticks=175474 hr=0x00000000
present frame=797 source_index=2 allocator_index=2 expected_next=0 observed_next=0 qpc=3109740795315 duration_ticks=156895 hr=0x00000000
present frame=798 source_index=0 allocator_index=0 expected_next=1 observed_next=1 qpc=3109740953156 duration_ticks=165709 hr=0x00000000
present frame=799 source_index=1 allocator_index=1 expected_next=2 observed_next=2 qpc=3109741122266 duration_ticks=163612 hr=0x00000000
present frame=800 source_index=2 allocator_index=2 expected_next=0 observed_next=0 qpc=3109741287022 duration_ticks=164709 hr=0x00000000
present frame=801 source_index=0 allocator_index=0 expected_next=1 observed_next=1 qpc=3109741452498 duration_ticks=173584 hr=0x00000000
present frame=802 source_index=1 allocator_index=1 expected_next=2 observed_next=2 qpc=3109741629328 duration_ticks=157050 hr=0x00000000
present frame=803 source_index=2 allocator_index=2 expected_next=0 observed_next=0 qpc=3109741787214 duration_ticks=164484 hr=0x00000000
present frame=804 source_index=0 allocator_index=0 expected_next=1 observed_next=1 qpc=3109741952331 duration_ticks=165944 hr=0x00000000
present frame=805 source_index=1 allocator_index=1 expected_next=2 observed_next=2 qpc=3109742119435 duration_ticks=167263 hr=0x00000000
present frame=806 source_index=2 allocator_index=2 expected_next=0 observed_next=0 qpc=3109742287365 duration_ticks=168472 hr=0x00000000
present frame=807 source_index=0 allocator_index=0 expected_next=1 observed_next=1 qpc=3109742459026 duration_ticks=165643 hr=0x00000000
present frame=808 source_index=1 allocator_index=1 expected_next=2 observed_next=2 qpc=3109742628063 duration_ticks=158192 hr=0x00000000
present frame=809 source_index=2 allocator_index=2 expected_next=0 observed_next=0 qpc=3109742789914 duration_ticks=166895 hr=0x00000000
present frame=810 source_index=0 allocator_index=0 expected_next=1 observed_next=1 qpc=3109742961380 duration_ticks=158047 hr=0x00000000
present frame=811 source_index=1 allocator_index=1 expected_next=2 observed_next=2 qpc=3109743120307 duration_ticks=167678 hr=0x00000000
present frame=812 source_index=2 allocator_index=2 expected_next=0 observed_next=0 qpc=3109743291340 duration_ticks=161151 hr=0x00000000
present frame=813 source_index=0 allocator_index=0 expected_next=1 observed_next=1 qpc=3109743453091 duration_ticks=172816 hr=0x00000000
present frame=814 source_index=1 allocator_index=1 expected_next=2 observed_next=2 qpc=3109743628350 duration_ticks=158132 hr=0x00000000
present frame=815 source_index=2 allocator_index=2 expected_next=0 observed_next=0 qpc=3109743787501 duration_ticks=163866 hr=0x00000000
present frame=816 source_index=0 allocator_index=0 expected_next=1 observed_next=1 qpc=3109743952089 duration_ticks=165845 hr=0x00000000
present frame=817 source_index=1 allocator_index=1 expected_next=2 observed_next=2 qpc=3109744118558 duration_ticks=166736 hr=0x00000000
present frame=818 source_index=2 allocator_index=2 expected_next=0 observed_next=0 qpc=3109744285937 duration_ticks=167487 hr=0x00000000
present frame=819 source_index=0 allocator_index=0 expected_next=1 observed_next=1 qpc=3109744457377 duration_ticks=163393 hr=0x00000000
present frame=820 source_index=1 allocator_index=1 expected_next=2 observed_next=2 qpc=3109744625197 duration_ticks=165099 hr=0x00000000
present frame=821 source_index=2 allocator_index=2 expected_next=0 observed_next=0 qpc=3109744794126 duration_ticks=164307 hr=0x00000000
present frame=822 source_index=0 allocator_index=0 expected_next=1 observed_next=1 qpc=3109744962178 duration_ticks=161130 hr=0x00000000
present frame=823 source_index=1 allocator_index=1 expected_next=2 observed_next=2 qpc=3109745127087 duration_ticks=164662 hr=0x00000000
present frame=824 source_index=2 allocator_index=2 expected_next=0 observed_next=0 qpc=3109745295542 duration_ticks=160237 hr=0x00000000
present frame=825 source_index=0 allocator_index=0 expected_next=1 observed_next=1 qpc=3109745460967 duration_ticks=164023 hr=0x00000000
present frame=826 source_index=1 allocator_index=1 expected_next=2 observed_next=2 qpc=3109745630567 duration_ticks=158999 hr=0x00000000
present frame=827 source_index=2 allocator_index=2 expected_next=0 observed_next=0 qpc=3109745793262 duration_ticks=163010 hr=0x00000000
present frame=828 source_index=0 allocator_index=0 expected_next=1 observed_next=1 qpc=3109745960495 duration_ticks=162474 hr=0x00000000
present frame=829 source_index=1 allocator_index=1 expected_next=2 observed_next=2 qpc=3109746126450 duration_ticks=162775 hr=0x00000000
present frame=830 source_index=2 allocator_index=2 expected_next=0 observed_next=0 qpc=3109746292839 duration_ticks=169717 hr=0x00000000
present frame=831 source_index=0 allocator_index=0 expected_next=1 observed_next=1 qpc=3109746565726 duration_ticks=60449 hr=0x00000000
present frame=832 source_index=1 allocator_index=1 expected_next=2 observed_next=2 qpc=3109746638933 duration_ticks=153014 hr=0x00000000
present frame=833 source_index=2 allocator_index=2 expected_next=0 observed_next=0 qpc=3109746800947 duration_ticks=155673 hr=0x00000000
present frame=834 source_index=0 allocator_index=0 expected_next=1 observed_next=1 qpc=3109746959669 duration_ticks=163644 hr=0x00000000
present frame=835 source_index=1 allocator_index=1 expected_next=2 observed_next=2 qpc=3109747127029 duration_ticks=162578 hr=0x00000000
present frame=836 source_index=2 allocator_index=2 expected_next=0 observed_next=0 qpc=3109747293066 duration_ticks=163123 hr=0x00000000
present frame=837 source_index=0 allocator_index=0 expected_next=1 observed_next=1 qpc=3109747459752 duration_ticks=166765 hr=0x00000000
present frame=838 source_index=1 allocator_index=1 expected_next=2 observed_next=2 qpc=3109747630083 duration_ticks=159839 hr=0x00000000
present frame=839 source_index=2 allocator_index=2 expected_next=0 observed_next=0 qpc=3109747794134 duration_ticks=165916 hr=0x00000000
present frame=840 source_index=0 allocator_index=0 expected_next=1 observed_next=1 qpc=3109747963695 duration_ticks=159929 hr=0x00000000
present frame=841 source_index=1 allocator_index=1 expected_next=2 observed_next=2 qpc=3109748127336 duration_ticks=162200 hr=0x00000000
present frame=842 source_index=2 allocator_index=2 expected_next=0 observed_next=0 qpc=3109748293062 duration_ticks=163275 hr=0x00000000
present frame=843 source_index=0 allocator_index=0 expected_next=1 observed_next=1 qpc=3109748460018 duration_ticks=163622 hr=0x00000000
present frame=844 source_index=1 allocator_index=1 expected_next=2 observed_next=2 qpc=3109748629358 duration_ticks=162914 hr=0x00000000
present frame=845 source_index=2 allocator_index=2 expected_next=0 observed_next=0 qpc=3109748795860 duration_ticks=160938 hr=0x00000000
present frame=846 source_index=0 allocator_index=0 expected_next=1 observed_next=1 qpc=3109748961728 duration_ticks=167321 hr=0x00000000
present frame=847 source_index=1 allocator_index=1 expected_next=2 observed_next=2 qpc=3109749135517 duration_ticks=156552 hr=0x00000000
present frame=848 source_index=2 allocator_index=2 expected_next=0 observed_next=0 qpc=3109749297319 duration_ticks=162760 hr=0x00000000
present frame=849 source_index=0 allocator_index=0 expected_next=1 observed_next=1 qpc=3109749470172 duration_ticks=150534 hr=0x00000000
present frame=850 source_index=1 allocator_index=1 expected_next=2 observed_next=2 qpc=3109749622680 duration_ticks=163439 hr=0x00000000
present frame=851 source_index=2 allocator_index=2 expected_next=0 observed_next=0 qpc=3109749787362 duration_ticks=168256 hr=0x00000000
present frame=852 source_index=0 allocator_index=0 expected_next=1 observed_next=1 qpc=3109749957902 duration_ticks=163916 hr=0x00000000
present frame=853 source_index=1 allocator_index=1 expected_next=2 observed_next=2 qpc=3109750125221 duration_ticks=163461 hr=0x00000000
present frame=854 source_index=2 allocator_index=2 expected_next=0 observed_next=0 qpc=3109750293760 duration_ticks=161627 hr=0x00000000
present frame=855 source_index=0 allocator_index=0 expected_next=1 observed_next=1 qpc=3109750459439 duration_ticks=162661 hr=0x00000000
present frame=856 source_index=1 allocator_index=1 expected_next=2 observed_next=2 qpc=3109750629565 duration_ticks=159782 hr=0x00000000
present frame=857 source_index=2 allocator_index=2 expected_next=0 observed_next=0 qpc=3109750795625 duration_ticks=160312 hr=0x00000000
present frame=858 source_index=0 allocator_index=0 expected_next=1 observed_next=1 qpc=3109750961265 duration_ticks=159982 hr=0x00000000
present frame=859 source_index=1 allocator_index=1 expected_next=2 observed_next=2 qpc=3109751126257 duration_ticks=164049 hr=0x00000000
present frame=860 source_index=2 allocator_index=2 expected_next=0 observed_next=0 qpc=3109751293910 duration_ticks=163882 hr=0x00000000
present frame=861 source_index=0 allocator_index=0 expected_next=1 observed_next=1 qpc=3109751461481 duration_ticks=161118 hr=0x00000000
present frame=862 source_index=1 allocator_index=1 expected_next=2 observed_next=2 qpc=3109751629282 duration_ticks=163822 hr=0x00000000
present frame=863 source_index=2 allocator_index=2 expected_next=0 observed_next=0 qpc=3109751798669 duration_ticks=157286 hr=0x00000000
present frame=864 source_index=0 allocator_index=0 expected_next=1 observed_next=1 qpc=3109751959417 duration_ticks=166738 hr=0x00000000
present frame=865 source_index=1 allocator_index=1 expected_next=2 observed_next=2 qpc=3109752140266 duration_ticks=151920 hr=0x00000000
present frame=866 source_index=2 allocator_index=2 expected_next=0 observed_next=0 qpc=3109752296237 duration_ticks=159492 hr=0x00000000
present frame=867 source_index=0 allocator_index=0 expected_next=1 observed_next=1 qpc=3109752459313 duration_ticks=163114 hr=0x00000000
present frame=868 source_index=1 allocator_index=1 expected_next=2 observed_next=2 qpc=3109752627162 duration_ticks=164812 hr=0x00000000
present frame=869 source_index=2 allocator_index=2 expected_next=0 observed_next=0 qpc=3109752795921 duration_ticks=164219 hr=0x00000000
present frame=870 source_index=0 allocator_index=0 expected_next=1 observed_next=1 qpc=3109752964187 duration_ticks=158516 hr=0x00000000
present frame=871 source_index=1 allocator_index=1 expected_next=2 observed_next=2 qpc=3109753126518 duration_ticks=163534 hr=0x00000000
present frame=872 source_index=2 allocator_index=2 expected_next=0 observed_next=0 qpc=3109753297042 duration_ticks=159586 hr=0x00000000
present frame=873 source_index=0 allocator_index=0 expected_next=1 observed_next=1 qpc=3109753460807 duration_ticks=163028 hr=0x00000000
present frame=874 source_index=1 allocator_index=1 expected_next=2 observed_next=2 qpc=3109753627756 duration_ticks=164801 hr=0x00000000
present frame=875 source_index=2 allocator_index=2 expected_next=0 observed_next=0 qpc=3109753796626 duration_ticks=162896 hr=0x00000000
present frame=876 source_index=0 allocator_index=0 expected_next=1 observed_next=1 qpc=3109753963590 duration_ticks=160970 hr=0x00000000
present frame=877 source_index=1 allocator_index=1 expected_next=2 observed_next=2 qpc=3109754128974 duration_ticks=166550 hr=0x00000000
present frame=878 source_index=2 allocator_index=2 expected_next=0 observed_next=0 qpc=3109754307489 duration_ticks=151060 hr=0x00000000
present frame=879 source_index=0 allocator_index=0 expected_next=1 observed_next=1 qpc=3109754465187 duration_ticks=160591 hr=0x00000000
present frame=880 source_index=1 allocator_index=1 expected_next=2 observed_next=2 qpc=3109754629839 duration_ticks=163206 hr=0x00000000
present frame=881 source_index=2 allocator_index=2 expected_next=0 observed_next=0 qpc=3109754807039 duration_ticks=150389 hr=0x00000000
present frame=882 source_index=0 allocator_index=0 expected_next=1 observed_next=1 qpc=3109754961547 duration_ticks=162336 hr=0x00000000
present frame=883 source_index=1 allocator_index=1 expected_next=2 observed_next=2 qpc=3109755127504 duration_ticks=163103 hr=0x00000000
present frame=884 source_index=2 allocator_index=2 expected_next=0 observed_next=0 qpc=3109755294089 duration_ticks=166343 hr=0x00000000
present frame=885 source_index=0 allocator_index=0 expected_next=1 observed_next=1 qpc=3109755464372 duration_ticks=162920 hr=0x00000000
present frame=886 source_index=1 allocator_index=1 expected_next=2 observed_next=2 qpc=3109755631680 duration_ticks=161110 hr=0x00000000
present frame=887 source_index=2 allocator_index=2 expected_next=0 observed_next=0 qpc=3109755796963 duration_ticks=161787 hr=0x00000000
present frame=888 source_index=0 allocator_index=0 expected_next=1 observed_next=1 qpc=3109755971640 duration_ticks=154014 hr=0x00000000
present frame=889 source_index=1 allocator_index=1 expected_next=2 observed_next=2 qpc=3109756129542 duration_ticks=162499 hr=0x00000000
present frame=890 source_index=2 allocator_index=2 expected_next=0 observed_next=0 qpc=3109756295655 duration_ticks=164359 hr=0x00000000
present frame=891 source_index=0 allocator_index=0 expected_next=1 observed_next=1 qpc=3109756509027 duration_ticks=109505 hr=0x00000000
present frame=892 source_index=1 allocator_index=1 expected_next=2 observed_next=2 qpc=3109756619390 duration_ticks=165630 hr=0x00000000
present frame=893 source_index=2 allocator_index=2 expected_next=0 observed_next=0 qpc=3109756785718 duration_ticks=166832 hr=0x00000000
present frame=894 source_index=0 allocator_index=0 expected_next=1 observed_next=1 qpc=3109756956105 duration_ticks=169052 hr=0x00000000
present frame=895 source_index=1 allocator_index=1 expected_next=2 observed_next=2 qpc=3109757131611 duration_ticks=160916 hr=0x00000000
present frame=896 source_index=2 allocator_index=2 expected_next=0 observed_next=0 qpc=3109757296528 duration_ticks=162097 hr=0x00000000
present frame=897 source_index=0 allocator_index=0 expected_next=1 observed_next=1 qpc=3109757462756 duration_ticks=161866 hr=0x00000000
present frame=898 source_index=1 allocator_index=1 expected_next=2 observed_next=2 qpc=3109757629043 duration_ticks=161112 hr=0x00000000
present frame=899 source_index=2 allocator_index=2 expected_next=0 observed_next=0 qpc=3109757794155 duration_ticks=164809 hr=0x00000000
present frame=900 source_index=0 allocator_index=0 expected_next=1 observed_next=1 qpc=3109757962790 duration_ticks=161675 hr=0x00000000
present frame=901 source_index=1 allocator_index=1 expected_next=2 observed_next=2 qpc=3109758128426 duration_ticks=162288 hr=0x00000000
present frame=902 source_index=2 allocator_index=2 expected_next=0 observed_next=0 qpc=3109758297609 duration_ticks=160590 hr=0x00000000
present frame=903 source_index=0 allocator_index=0 expected_next=1 observed_next=1 qpc=3109758462217 duration_ticks=164123 hr=0x00000000
present frame=904 source_index=1 allocator_index=1 expected_next=2 observed_next=2 qpc=3109758638999 duration_ticks=152340 hr=0x00000000
present frame=905 source_index=2 allocator_index=2 expected_next=0 observed_next=0 qpc=3109758794913 duration_ticks=162266 hr=0x00000000
present frame=906 source_index=0 allocator_index=0 expected_next=1 observed_next=1 qpc=3109758960824 duration_ticks=165225 hr=0x00000000
present frame=907 source_index=1 allocator_index=1 expected_next=2 observed_next=2 qpc=3109759129820 duration_ticks=158550 hr=0x00000000
present frame=908 source_index=2 allocator_index=2 expected_next=0 observed_next=0 qpc=3109759293627 duration_ticks=169574 hr=0x00000000
present frame=909 source_index=0 allocator_index=0 expected_next=1 observed_next=1 qpc=3109759469848 duration_ticks=151678 hr=0x00000000
present frame=910 source_index=1 allocator_index=1 expected_next=2 observed_next=2 qpc=3109759624839 duration_ticks=164033 hr=0x00000000
present frame=911 source_index=2 allocator_index=2 expected_next=0 observed_next=0 qpc=3109759800747 duration_ticks=155008 hr=0x00000000
present frame=912 source_index=0 allocator_index=0 expected_next=1 observed_next=1 qpc=3109759959497 duration_ticks=163597 hr=0x00000000
present frame=913 source_index=1 allocator_index=1 expected_next=2 observed_next=2 qpc=3109760128782 duration_ticks=161259 hr=0x00000000
present frame=914 source_index=2 allocator_index=2 expected_next=0 observed_next=0 qpc=3109760295799 duration_ticks=161426 hr=0x00000000
present frame=915 source_index=0 allocator_index=0 expected_next=1 observed_next=1 qpc=3109760462386 duration_ticks=162845 hr=0x00000000
present frame=916 source_index=1 allocator_index=1 expected_next=2 observed_next=2 qpc=3109760631620 duration_ticks=166045 hr=0x00000000
present frame=917 source_index=2 allocator_index=2 expected_next=0 observed_next=0 qpc=3109760802186 duration_ticks=154311 hr=0x00000000
present frame=918 source_index=0 allocator_index=0 expected_next=1 observed_next=1 qpc=3109760969323 duration_ticks=153337 hr=0x00000000
present frame=919 source_index=1 allocator_index=1 expected_next=2 observed_next=2 qpc=3109761126520 duration_ticks=163340 hr=0x00000000
present frame=920 source_index=2 allocator_index=2 expected_next=0 observed_next=0 qpc=3109761293603 duration_ticks=164414 hr=0x00000000
present frame=921 source_index=0 allocator_index=0 expected_next=1 observed_next=1 qpc=3109761462754 duration_ticks=162576 hr=0x00000000
present frame=922 source_index=1 allocator_index=1 expected_next=2 observed_next=2 qpc=3109761629200 duration_ticks=163872 hr=0x00000000
present frame=923 source_index=2 allocator_index=2 expected_next=0 observed_next=0 qpc=3109761796942 duration_ticks=164417 hr=0x00000000
present frame=924 source_index=0 allocator_index=0 expected_next=1 observed_next=1 qpc=3109761965310 duration_ticks=159435 hr=0x00000000
present frame=925 source_index=1 allocator_index=1 expected_next=2 observed_next=2 qpc=3109762129257 duration_ticks=161408 hr=0x00000000
present frame=926 source_index=2 allocator_index=2 expected_next=0 observed_next=0 qpc=3109762295638 duration_ticks=165666 hr=0x00000000
present frame=927 source_index=0 allocator_index=0 expected_next=1 observed_next=1 qpc=3109762474132 duration_ticks=149929 hr=0x00000000
present frame=928 source_index=1 allocator_index=1 expected_next=2 observed_next=2 qpc=3109762629057 duration_ticks=165254 hr=0x00000000
present frame=929 source_index=2 allocator_index=2 expected_next=0 observed_next=0 qpc=3109762799251 duration_ticks=160532 hr=0x00000000
present frame=930 source_index=0 allocator_index=0 expected_next=1 observed_next=1 qpc=3109762963875 duration_ticks=161791 hr=0x00000000
present frame=931 source_index=1 allocator_index=1 expected_next=2 observed_next=2 qpc=3109763129890 duration_ticks=163724 hr=0x00000000
present frame=932 source_index=2 allocator_index=2 expected_next=0 observed_next=0 qpc=3109763299454 duration_ticks=159837 hr=0x00000000
present frame=933 source_index=0 allocator_index=0 expected_next=1 observed_next=1 qpc=3109763463789 duration_ticks=162280 hr=0x00000000
present frame=934 source_index=1 allocator_index=1 expected_next=2 observed_next=2 qpc=3109763634223 duration_ticks=155928 hr=0x00000000
present frame=935 source_index=2 allocator_index=2 expected_next=0 observed_next=0 qpc=3109763794327 duration_ticks=167518 hr=0x00000000
present frame=936 source_index=0 allocator_index=0 expected_next=1 observed_next=1 qpc=3109763965936 duration_ticks=159045 hr=0x00000000
present frame=937 source_index=1 allocator_index=1 expected_next=2 observed_next=2 qpc=3109764129549 duration_ticks=163360 hr=0x00000000
present frame=938 source_index=2 allocator_index=2 expected_next=0 observed_next=0 qpc=3109764296896 duration_ticks=165154 hr=0x00000000
present frame=939 source_index=0 allocator_index=0 expected_next=1 observed_next=1 qpc=3109764466162 duration_ticks=159806 hr=0x00000000
present frame=940 source_index=1 allocator_index=1 expected_next=2 observed_next=2 qpc=3109764629956 duration_ticks=163201 hr=0x00000000
present frame=941 source_index=2 allocator_index=2 expected_next=0 observed_next=0 qpc=3109764798086 duration_ticks=161309 hr=0x00000000
present frame=942 source_index=0 allocator_index=0 expected_next=1 observed_next=1 qpc=3109764963453 duration_ticks=161417 hr=0x00000000
present frame=943 source_index=1 allocator_index=1 expected_next=2 observed_next=2 qpc=3109765128827 duration_ticks=163055 hr=0x00000000
present frame=944 source_index=2 allocator_index=2 expected_next=0 observed_next=0 qpc=3109765295632 duration_ticks=162719 hr=0x00000000
present frame=945 source_index=0 allocator_index=0 expected_next=1 observed_next=1 qpc=3109765462163 duration_ticks=163215 hr=0x00000000
present frame=946 source_index=1 allocator_index=1 expected_next=2 observed_next=2 qpc=3109765628975 duration_ticks=162651 hr=0x00000000
present frame=947 source_index=2 allocator_index=2 expected_next=0 observed_next=0 qpc=3109765796341 duration_ticks=167507 hr=0x00000000
present frame=948 source_index=0 allocator_index=0 expected_next=1 observed_next=1 qpc=3109765971752 duration_ticks=155345 hr=0x00000000
present frame=949 source_index=1 allocator_index=1 expected_next=2 observed_next=2 qpc=3109766131550 duration_ticks=159339 hr=0x00000000
present frame=950 source_index=2 allocator_index=2 expected_next=0 observed_next=0 qpc=3109766302607 duration_ticks=155086 hr=0x00000000
present frame=951 source_index=0 allocator_index=0 expected_next=1 observed_next=1 qpc=3109766518660 duration_ticks=99899 hr=0x00000000
present frame=952 source_index=1 allocator_index=1 expected_next=2 observed_next=2 qpc=3109766619222 duration_ticks=164922 hr=0x00000000
present frame=953 source_index=2 allocator_index=2 expected_next=0 observed_next=0 qpc=3109766784722 duration_ticks=172992 hr=0x00000000
present frame=954 source_index=0 allocator_index=0 expected_next=1 observed_next=1 qpc=3109766960950 duration_ticks=164981 hr=0x00000000
present frame=955 source_index=1 allocator_index=1 expected_next=2 observed_next=2 qpc=3109767129871 duration_ticks=162086 hr=0x00000000
present frame=956 source_index=2 allocator_index=2 expected_next=0 observed_next=0 qpc=3109767295688 duration_ticks=161301 hr=0x00000000
present frame=957 source_index=0 allocator_index=0 expected_next=1 observed_next=1 qpc=3109767462024 duration_ticks=162226 hr=0x00000000
present frame=958 source_index=1 allocator_index=1 expected_next=2 observed_next=2 qpc=3109767628230 duration_ticks=161225 hr=0x00000000
present frame=959 source_index=2 allocator_index=2 expected_next=0 observed_next=0 qpc=3109767794075 duration_ticks=164436 hr=0x00000000
present frame=960 source_index=0 allocator_index=0 expected_next=1 observed_next=1 qpc=3109767962487 duration_ticks=162867 hr=0x00000000
present frame=961 source_index=1 allocator_index=1 expected_next=2 observed_next=2 qpc=3109768130262 duration_ticks=161093 hr=0x00000000
present frame=962 source_index=2 allocator_index=2 expected_next=0 observed_next=0 qpc=3109768295204 duration_ticks=162849 hr=0x00000000
present frame=963 source_index=0 allocator_index=0 expected_next=1 observed_next=1 qpc=3109768462145 duration_ticks=164654 hr=0x00000000
present frame=964 source_index=1 allocator_index=1 expected_next=2 observed_next=2 qpc=3109768634233 duration_ticks=157552 hr=0x00000000
present frame=965 source_index=2 allocator_index=2 expected_next=0 observed_next=0 qpc=3109768795743 duration_ticks=163167 hr=0x00000000
present frame=966 source_index=0 allocator_index=0 expected_next=1 observed_next=1 qpc=3109768969341 duration_ticks=157296 hr=0x00000000
present frame=967 source_index=1 allocator_index=1 expected_next=2 observed_next=2 qpc=3109769134829 duration_ticks=158668 hr=0x00000000
present frame=968 source_index=2 allocator_index=2 expected_next=0 observed_next=0 qpc=3109769303729 duration_ticks=148143 hr=0x00000000
present frame=969 source_index=0 allocator_index=0 expected_next=1 observed_next=1 qpc=3109769452566 duration_ticks=165340 hr=0x00000000
present frame=970 source_index=1 allocator_index=1 expected_next=2 observed_next=2 qpc=3109769618757 duration_ticks=166816 hr=0x00000000
present frame=971 source_index=2 allocator_index=2 expected_next=0 observed_next=0 qpc=3109769786245 duration_ticks=168977 hr=0x00000000
present frame=972 source_index=0 allocator_index=0 expected_next=1 observed_next=1 qpc=3109769960298 duration_ticks=160883 hr=0x00000000
present frame=973 source_index=1 allocator_index=1 expected_next=2 observed_next=2 qpc=3109770128347 duration_ticks=160183 hr=0x00000000
present frame=974 source_index=2 allocator_index=2 expected_next=0 observed_next=0 qpc=3109770292949 duration_ticks=162368 hr=0x00000000
present frame=975 source_index=0 allocator_index=0 expected_next=1 observed_next=1 qpc=3109770459678 duration_ticks=162282 hr=0x00000000
present frame=976 source_index=1 allocator_index=1 expected_next=2 observed_next=2 qpc=3109770627535 duration_ticks=164072 hr=0x00000000
present frame=977 source_index=2 allocator_index=2 expected_next=0 observed_next=0 qpc=3109770795675 duration_ticks=160821 hr=0x00000000
present frame=978 source_index=0 allocator_index=0 expected_next=1 observed_next=1 qpc=3109770961556 duration_ticks=161703 hr=0x00000000
present frame=979 source_index=1 allocator_index=1 expected_next=2 observed_next=2 qpc=3109771126631 duration_ticks=160671 hr=0x00000000
present frame=980 source_index=2 allocator_index=2 expected_next=0 observed_next=0 qpc=3109771288859 duration_ticks=155053 hr=0x00000000
present frame=981 source_index=0 allocator_index=0 expected_next=1 observed_next=1 qpc=3109771444698 duration_ticks=164009 hr=0x00000000
present frame=982 source_index=1 allocator_index=1 expected_next=2 observed_next=2 qpc=3109771609144 duration_ticks=166238 hr=0x00000000
present frame=983 source_index=2 allocator_index=2 expected_next=0 observed_next=0 qpc=3109771776024 duration_ticks=167913 hr=0x00000000
present frame=984 source_index=0 allocator_index=0 expected_next=1 observed_next=1 qpc=3109771944749 duration_ticks=167179 hr=0x00000000
present frame=985 source_index=1 allocator_index=1 expected_next=2 observed_next=2 qpc=3109772112308 duration_ticks=169049 hr=0x00000000
present frame=986 source_index=2 allocator_index=2 expected_next=0 observed_next=0 qpc=3109772282226 duration_ticks=162537 hr=0x00000000
present frame=987 source_index=0 allocator_index=0 expected_next=1 observed_next=1 qpc=3109772445230 duration_ticks=166020 hr=0x00000000
present frame=988 source_index=1 allocator_index=1 expected_next=2 observed_next=2 qpc=3109772611605 duration_ticks=165992 hr=0x00000000
present frame=989 source_index=2 allocator_index=2 expected_next=0 observed_next=0 qpc=3109772777889 duration_ticks=166367 hr=0x00000000
present frame=990 source_index=0 allocator_index=0 expected_next=1 observed_next=1 qpc=3109772944642 duration_ticks=165528 hr=0x00000000
present frame=991 source_index=1 allocator_index=1 expected_next=2 observed_next=2 qpc=3109773110510 duration_ticks=167599 hr=0x00000000
present frame=992 source_index=2 allocator_index=2 expected_next=0 observed_next=0 qpc=3109773278370 duration_ticks=167381 hr=0x00000000
present frame=993 source_index=0 allocator_index=0 expected_next=1 observed_next=1 qpc=3109773446017 duration_ticks=166776 hr=0x00000000
present frame=994 source_index=1 allocator_index=1 expected_next=2 observed_next=2 qpc=3109773613087 duration_ticks=168398 hr=0x00000000
present frame=995 source_index=2 allocator_index=2 expected_next=0 observed_next=0 qpc=3109773781893 duration_ticks=167108 hr=0x00000000
present frame=996 source_index=0 allocator_index=0 expected_next=1 observed_next=1 qpc=3109773949407 duration_ticks=169326 hr=0x00000000
present frame=997 source_index=1 allocator_index=1 expected_next=2 observed_next=2 qpc=3109774121972 duration_ticks=164409 hr=0x00000000
present frame=998 source_index=2 allocator_index=2 expected_next=0 observed_next=0 qpc=3109774290466 duration_ticks=165841 hr=0x00000000
present frame=999 source_index=0 allocator_index=0 expected_next=1 observed_next=1 qpc=3109774461342 duration_ticks=162228 hr=0x00000000
present frame=1000 source_index=1 allocator_index=1 expected_next=2 observed_next=2 qpc=3109774629390 duration_ticks=162196 hr=0x00000000
present frame=1001 source_index=2 allocator_index=2 expected_next=0 observed_next=0 qpc=3109774796213 duration_ticks=161765 hr=0x00000000
present frame=1002 source_index=0 allocator_index=0 expected_next=1 observed_next=1 qpc=3109774962807 duration_ticks=162502 hr=0x00000000
present frame=1003 source_index=1 allocator_index=1 expected_next=2 observed_next=2 qpc=3109775136506 duration_ticks=152450 hr=0x00000000
present frame=1004 source_index=2 allocator_index=2 expected_next=0 observed_next=0 qpc=3109775292587 duration_ticks=165896 hr=0x00000000
present frame=1005 source_index=0 allocator_index=0 expected_next=1 observed_next=1 qpc=3109775463313 duration_ticks=160339 hr=0x00000000
present frame=1006 source_index=1 allocator_index=1 expected_next=2 observed_next=2 qpc=3109775627483 duration_ticks=164130 hr=0x00000000
present frame=1007 source_index=2 allocator_index=2 expected_next=0 observed_next=0 qpc=3109775795952 duration_ticks=161347 hr=0x00000000
present frame=1008 source_index=0 allocator_index=0 expected_next=1 observed_next=1 qpc=3109775963223 duration_ticks=161253 hr=0x00000000
present frame=1009 source_index=1 allocator_index=1 expected_next=2 observed_next=2 qpc=3109776130858 duration_ticks=159922 hr=0x00000000
present frame=1010 source_index=2 allocator_index=2 expected_next=0 observed_next=0 qpc=3109776294280 duration_ticks=167588 hr=0x00000000
present frame=1011 source_index=0 allocator_index=0 expected_next=1 observed_next=1 qpc=3109776568371 duration_ticks=58630 hr=0x00000000
present frame=1012 source_index=1 allocator_index=1 expected_next=2 observed_next=2 qpc=3109776647045 duration_ticks=144504 hr=0x00000000
present frame=1013 source_index=2 allocator_index=2 expected_next=0 observed_next=0 qpc=3109776795190 duration_ticks=164484 hr=0x00000000
present frame=1014 source_index=0 allocator_index=0 expected_next=1 observed_next=1 qpc=3109776964830 duration_ticks=161364 hr=0x00000000
present frame=1015 source_index=1 allocator_index=1 expected_next=2 observed_next=2 qpc=3109777130463 duration_ticks=161809 hr=0x00000000
present frame=1016 source_index=2 allocator_index=2 expected_next=0 observed_next=0 qpc=3109777297783 duration_ticks=161374 hr=0x00000000
present frame=1017 source_index=0 allocator_index=0 expected_next=1 observed_next=1 qpc=3109777463048 duration_ticks=162149 hr=0x00000000
present frame=1018 source_index=1 allocator_index=1 expected_next=2 observed_next=2 qpc=3109777629244 duration_ticks=162082 hr=0x00000000
present frame=1019 source_index=2 allocator_index=2 expected_next=0 observed_next=0 qpc=3109777800540 duration_ticks=156646 hr=0x00000000
present frame=1020 source_index=0 allocator_index=0 expected_next=1 observed_next=1 qpc=3109777961274 duration_ticks=163799 hr=0x00000000
present frame=1021 source_index=1 allocator_index=1 expected_next=2 observed_next=2 qpc=3109778129514 duration_ticks=163433 hr=0x00000000
present frame=1022 source_index=2 allocator_index=2 expected_next=0 observed_next=0 qpc=3109778297767 duration_ticks=159347 hr=0x00000000
present frame=1023 source_index=0 allocator_index=0 expected_next=1 observed_next=1 qpc=3109778461107 duration_ticks=164297 hr=0x00000000
present frame=1024 source_index=1 allocator_index=1 expected_next=2 observed_next=2 qpc=3109778629338 duration_ticks=160364 hr=0x00000000
present frame=1025 source_index=2 allocator_index=2 expected_next=0 observed_next=0 qpc=3109778793621 duration_ticks=164916 hr=0x00000000
present frame=1026 source_index=0 allocator_index=0 expected_next=1 observed_next=1 qpc=3109778963719 duration_ticks=159339 hr=0x00000000
present frame=1027 source_index=1 allocator_index=1 expected_next=2 observed_next=2 qpc=3109779126994 duration_ticks=161636 hr=0x00000000
present frame=1028 source_index=2 allocator_index=2 expected_next=0 observed_next=0 qpc=3109779297069 duration_ticks=157885 hr=0x00000000
present frame=1029 source_index=0 allocator_index=0 expected_next=1 observed_next=1 qpc=3109779461303 duration_ticks=156876 hr=0x00000000
present frame=1030 source_index=1 allocator_index=1 expected_next=2 observed_next=2 qpc=3109779620465 duration_ticks=164311 hr=0x00000000
present frame=1031 source_index=2 allocator_index=2 expected_next=0 observed_next=0 qpc=3109779786099 duration_ticks=166418 hr=0x00000000
present frame=1032 source_index=0 allocator_index=0 expected_next=1 observed_next=1 qpc=3109779953923 duration_ticks=155694 hr=0x00000000
present frame=1033 source_index=1 allocator_index=1 expected_next=2 observed_next=2 qpc=3109780110554 duration_ticks=170013 hr=0x00000000
present frame=1034 source_index=2 allocator_index=2 expected_next=0 observed_next=0 qpc=3109780281529 duration_ticks=163523 hr=0x00000000
present frame=1035 source_index=0 allocator_index=0 expected_next=1 observed_next=1 qpc=3109780445717 duration_ticks=167372 hr=0x00000000
present frame=1036 source_index=1 allocator_index=1 expected_next=2 observed_next=2 qpc=3109780613739 duration_ticks=164657 hr=0x00000000
present frame=1037 source_index=2 allocator_index=2 expected_next=0 observed_next=0 qpc=3109780778916 duration_ticks=166347 hr=0x00000000
present frame=1038 source_index=0 allocator_index=0 expected_next=1 observed_next=1 qpc=3109780946045 duration_ticks=165707 hr=0x00000000
present frame=1039 source_index=1 allocator_index=1 expected_next=2 observed_next=2 qpc=3109781112270 duration_ticks=168028 hr=0x00000000
present frame=1040 source_index=2 allocator_index=2 expected_next=0 observed_next=0 qpc=3109781280762 duration_ticks=167796 hr=0x00000000
present frame=1041 source_index=0 allocator_index=0 expected_next=1 observed_next=1 qpc=3109781449542 duration_ticks=164020 hr=0x00000000
present frame=1042 source_index=1 allocator_index=1 expected_next=2 observed_next=2 qpc=3109781614289 duration_ticks=169138 hr=0x00000000
present frame=1043 source_index=2 allocator_index=2 expected_next=0 observed_next=0 qpc=3109781784315 duration_ticks=165601 hr=0x00000000
present frame=1044 source_index=0 allocator_index=0 expected_next=1 observed_next=1 qpc=3109781950888 duration_ticks=168389 hr=0x00000000
present frame=1045 source_index=1 allocator_index=1 expected_next=2 observed_next=2 qpc=3109782120112 duration_ticks=167399 hr=0x00000000
present frame=1046 source_index=2 allocator_index=2 expected_next=0 observed_next=0 qpc=3109782289835 duration_ticks=173894 hr=0x00000000
present frame=1047 source_index=0 allocator_index=0 expected_next=1 observed_next=1 qpc=3109782475825 duration_ticks=145367 hr=0x00000000
present frame=1048 source_index=1 allocator_index=1 expected_next=2 observed_next=2 qpc=3109782622193 duration_ticks=165594 hr=0x00000000
present frame=1049 source_index=2 allocator_index=2 expected_next=0 observed_next=0 qpc=3109782788580 duration_ticks=169059 hr=0x00000000
present frame=1050 source_index=0 allocator_index=0 expected_next=1 observed_next=1 qpc=3109782961567 duration_ticks=163196 hr=0x00000000
present frame=1051 source_index=1 allocator_index=1 expected_next=2 observed_next=2 qpc=3109783130525 duration_ticks=160582 hr=0x00000000
present frame=1052 source_index=2 allocator_index=2 expected_next=0 observed_next=0 qpc=3109783294635 duration_ticks=159180 hr=0x00000000
present frame=1053 source_index=0 allocator_index=0 expected_next=1 observed_next=1 qpc=3109783454638 duration_ticks=165860 hr=0x00000000
present frame=1054 source_index=1 allocator_index=1 expected_next=2 observed_next=2 qpc=3109783621262 duration_ticks=169203 hr=0x00000000
present frame=1055 source_index=2 allocator_index=2 expected_next=0 observed_next=0 qpc=3109783795100 duration_ticks=165134 hr=0x00000000
present frame=1056 source_index=0 allocator_index=0 expected_next=1 observed_next=1 qpc=3109783963900 duration_ticks=162702 hr=0x00000000
present frame=1057 source_index=1 allocator_index=1 expected_next=2 observed_next=2 qpc=3109784130073 duration_ticks=161107 hr=0x00000000
present frame=1058 source_index=2 allocator_index=2 expected_next=0 observed_next=0 qpc=3109784296827 duration_ticks=162025 hr=0x00000000
present frame=1059 source_index=0 allocator_index=0 expected_next=1 observed_next=1 qpc=3109784462415 duration_ticks=163310 hr=0x00000000
present frame=1060 source_index=1 allocator_index=1 expected_next=2 observed_next=2 qpc=3109784647152 duration_ticks=141182 hr=0x00000000
present frame=1061 source_index=2 allocator_index=2 expected_next=0 observed_next=0 qpc=3109784791896 duration_ticks=163652 hr=0x00000000
present frame=1062 source_index=0 allocator_index=0 expected_next=1 observed_next=1 qpc=3109784959314 duration_ticks=164448 hr=0x00000000
present frame=1063 source_index=1 allocator_index=1 expected_next=2 observed_next=2 qpc=3109785127432 duration_ticks=162736 hr=0x00000000
present frame=1064 source_index=2 allocator_index=2 expected_next=0 observed_next=0 qpc=3109785295134 duration_ticks=161937 hr=0x00000000
present frame=1065 source_index=0 allocator_index=0 expected_next=1 observed_next=1 qpc=3109785463823 duration_ticks=157907 hr=0x00000000
present frame=1066 source_index=1 allocator_index=1 expected_next=2 observed_next=2 qpc=3109785625498 duration_ticks=163364 hr=0x00000000
present frame=1067 source_index=2 allocator_index=2 expected_next=0 observed_next=0 qpc=3109785792922 duration_ticks=163131 hr=0x00000000
present frame=1068 source_index=0 allocator_index=0 expected_next=1 observed_next=1 qpc=3109785959937 duration_ticks=162009 hr=0x00000000
present frame=1069 source_index=1 allocator_index=1 expected_next=2 observed_next=2 qpc=3109786125768 duration_ticks=161015 hr=0x00000000
present frame=1070 source_index=2 allocator_index=2 expected_next=0 observed_next=0 qpc=3109786290277 duration_ticks=163945 hr=0x00000000
present frame=1071 source_index=0 allocator_index=0 expected_next=1 observed_next=1 qpc=3109786454959 duration_ticks=163808 hr=0x00000000
present frame=1072 source_index=1 allocator_index=1 expected_next=2 observed_next=2 qpc=3109786619475 duration_ticks=173831 hr=0x00000000
present frame=1073 source_index=2 allocator_index=2 expected_next=0 observed_next=0 qpc=3109786799961 duration_ticks=157559 hr=0x00000000
present frame=1074 source_index=0 allocator_index=0 expected_next=1 observed_next=1 qpc=3109786961377 duration_ticks=158486 hr=0x00000000
present frame=1075 source_index=1 allocator_index=1 expected_next=2 observed_next=2 qpc=3109787120758 duration_ticks=163730 hr=0x00000000
present frame=1076 source_index=2 allocator_index=2 expected_next=0 observed_next=0 qpc=3109787285063 duration_ticks=169920 hr=0x00000000
present frame=1077 source_index=0 allocator_index=0 expected_next=1 observed_next=1 qpc=3109787458484 duration_ticks=159262 hr=0x00000000
present frame=1078 source_index=1 allocator_index=1 expected_next=2 observed_next=2 qpc=3109787618674 duration_ticks=170980 hr=0x00000000
present frame=1079 source_index=2 allocator_index=2 expected_next=0 observed_next=0 qpc=3109787793295 duration_ticks=158622 hr=0x00000000
present frame=1080 source_index=0 allocator_index=0 expected_next=1 observed_next=1 qpc=3109787952668 duration_ticks=167227 hr=0x00000000
present frame=1081 source_index=1 allocator_index=1 expected_next=2 observed_next=2 qpc=3109788120702 duration_ticks=168878 hr=0x00000000
present frame=1082 source_index=2 allocator_index=2 expected_next=0 observed_next=0 qpc=3109788293242 duration_ticks=162630 hr=0x00000000
present frame=1083 source_index=0 allocator_index=0 expected_next=1 observed_next=1 qpc=3109788462667 duration_ticks=160351 hr=0x00000000
present frame=1084 source_index=1 allocator_index=1 expected_next=2 observed_next=2 qpc=3109788626726 duration_ticks=162986 hr=0x00000000
present frame=1085 source_index=2 allocator_index=2 expected_next=0 observed_next=0 qpc=3109788808095 duration_ticks=155835 hr=0x00000000
present frame=1086 source_index=0 allocator_index=0 expected_next=1 observed_next=1 qpc=3109788968376 duration_ticks=155361 hr=0x00000000
present frame=1087 source_index=1 allocator_index=1 expected_next=2 observed_next=2 qpc=3109789129485 duration_ticks=164454 hr=0x00000000
present frame=1088 source_index=2 allocator_index=2 expected_next=0 observed_next=0 qpc=3109789303320 duration_ticks=156321 hr=0x00000000
present frame=1089 source_index=0 allocator_index=0 expected_next=1 observed_next=1 qpc=3109789468962 duration_ticks=151200 hr=0x00000000
present frame=1090 source_index=1 allocator_index=1 expected_next=2 observed_next=2 qpc=3109789621815 duration_ticks=167958 hr=0x00000000
present frame=1091 source_index=2 allocator_index=2 expected_next=0 observed_next=0 qpc=3109789791929 duration_ticks=159932 hr=0x00000000
present frame=1092 source_index=0 allocator_index=0 expected_next=1 observed_next=1 qpc=3109789953206 duration_ticks=165206 hr=0x00000000
present frame=1093 source_index=1 allocator_index=1 expected_next=2 observed_next=2 qpc=3109790119277 duration_ticks=165085 hr=0x00000000
present frame=1094 source_index=2 allocator_index=2 expected_next=0 observed_next=0 qpc=3109790285192 duration_ticks=167701 hr=0x00000000
present frame=1095 source_index=0 allocator_index=0 expected_next=1 observed_next=1 qpc=3109790453665 duration_ticks=164379 hr=0x00000000
present frame=1096 source_index=1 allocator_index=1 expected_next=2 observed_next=2 qpc=3109790618861 duration_ticks=168689 hr=0x00000000
present frame=1097 source_index=2 allocator_index=2 expected_next=0 observed_next=0 qpc=3109790792371 duration_ticks=165090 hr=0x00000000
present frame=1098 source_index=0 allocator_index=0 expected_next=1 observed_next=1 qpc=3109790961634 duration_ticks=161344 hr=0x00000000
present frame=1099 source_index=1 allocator_index=1 expected_next=2 observed_next=2 qpc=3109791129339 duration_ticks=161192 hr=0x00000000
present frame=1100 source_index=2 allocator_index=2 expected_next=0 observed_next=0 qpc=3109791294300 duration_ticks=160922 hr=0x00000000
present frame=1101 source_index=0 allocator_index=0 expected_next=1 observed_next=1 qpc=3109791460571 duration_ticks=165617 hr=0x00000000
present frame=1102 source_index=1 allocator_index=1 expected_next=2 observed_next=2 qpc=3109791631367 duration_ticks=160661 hr=0x00000000
present frame=1103 source_index=2 allocator_index=2 expected_next=0 observed_next=0 qpc=3109791796856 duration_ticks=161056 hr=0x00000000
present frame=1104 source_index=0 allocator_index=0 expected_next=1 observed_next=1 qpc=3109791961758 duration_ticks=159419 hr=0x00000000
present frame=1105 source_index=1 allocator_index=1 expected_next=2 observed_next=2 qpc=3109792126129 duration_ticks=164717 hr=0x00000000
present frame=1106 source_index=2 allocator_index=2 expected_next=0 observed_next=0 qpc=3109792297926 duration_ticks=157171 hr=0x00000000
present frame=1107 source_index=0 allocator_index=0 expected_next=1 observed_next=1 qpc=3109792458701 duration_ticks=164273 hr=0x00000000
present frame=1108 source_index=1 allocator_index=1 expected_next=2 observed_next=2 qpc=3109792627447 duration_ticks=165563 hr=0x00000000
present frame=1109 source_index=2 allocator_index=2 expected_next=0 observed_next=0 qpc=3109792797148 duration_ticks=160612 hr=0x00000000
present frame=1110 source_index=0 allocator_index=0 expected_next=1 observed_next=1 qpc=3109792967610 duration_ticks=153622 hr=0x00000000
present frame=1111 source_index=1 allocator_index=1 expected_next=2 observed_next=2 qpc=3109793123002 duration_ticks=156316 hr=0x00000000
present frame=1112 source_index=2 allocator_index=2 expected_next=0 observed_next=0 qpc=3109793280394 duration_ticks=164605 hr=0x00000000
present frame=1113 source_index=0 allocator_index=0 expected_next=1 observed_next=1 qpc=3109793446152 duration_ticks=166296 hr=0x00000000
present frame=1114 source_index=1 allocator_index=1 expected_next=2 observed_next=2 qpc=3109793613136 duration_ticks=164733 hr=0x00000000
present frame=1115 source_index=2 allocator_index=2 expected_next=0 observed_next=0 qpc=3109793778290 duration_ticks=167024 hr=0x00000000
present frame=1116 source_index=0 allocator_index=0 expected_next=1 observed_next=1 qpc=3109793945667 duration_ticks=165852 hr=0x00000000
present frame=1117 source_index=1 allocator_index=1 expected_next=2 observed_next=2 qpc=3109794111886 duration_ticks=167175 hr=0x00000000
present frame=1118 source_index=2 allocator_index=2 expected_next=0 observed_next=0 qpc=3109794279762 duration_ticks=166276 hr=0x00000000
present frame=1119 source_index=0 allocator_index=0 expected_next=1 observed_next=1 qpc=3109794446483 duration_ticks=170237 hr=0x00000000
present frame=1120 source_index=1 allocator_index=1 expected_next=2 observed_next=2 qpc=3109794617367 duration_ticks=164129 hr=0x00000000
present frame=1121 source_index=2 allocator_index=2 expected_next=0 observed_next=0 qpc=3109794783430 duration_ticks=169497 hr=0x00000000
present frame=1122 source_index=0 allocator_index=0 expected_next=1 observed_next=1 qpc=3109794956409 duration_ticks=165518 hr=0x00000000
present frame=1123 source_index=1 allocator_index=1 expected_next=2 observed_next=2 qpc=3109795127861 duration_ticks=160244 hr=0x00000000
present frame=1124 source_index=2 allocator_index=2 expected_next=0 observed_next=0 qpc=3109795292399 duration_ticks=166418 hr=0x00000000
present frame=1125 source_index=0 allocator_index=0 expected_next=1 observed_next=1 qpc=3109795462998 duration_ticks=159992 hr=0x00000000
present frame=1126 source_index=1 allocator_index=1 expected_next=2 observed_next=2 qpc=3109795630685 duration_ticks=167499 hr=0x00000000
present frame=1127 source_index=2 allocator_index=2 expected_next=0 observed_next=0 qpc=3109795813265 duration_ticks=146906 hr=0x00000000
present frame=1128 source_index=0 allocator_index=0 expected_next=1 observed_next=1 qpc=3109795966816 duration_ticks=160349 hr=0x00000000
present frame=1129 source_index=1 allocator_index=1 expected_next=2 observed_next=2 qpc=3109796140464 duration_ticks=149800 hr=0x00000000
present frame=1130 source_index=2 allocator_index=2 expected_next=0 observed_next=0 qpc=3109796294172 duration_ticks=166181 hr=0x00000000
present frame=1131 source_index=0 allocator_index=0 expected_next=1 observed_next=1 qpc=3109796565070 duration_ticks=60840 hr=0x00000000
present frame=1132 source_index=1 allocator_index=1 expected_next=2 observed_next=2 qpc=3109796635151 duration_ticks=160260 hr=0x00000000
present frame=1133 source_index=2 allocator_index=2 expected_next=0 observed_next=0 qpc=3109796805480 duration_ticks=160331 hr=0x00000000
present frame=1134 source_index=0 allocator_index=0 expected_next=1 observed_next=1 qpc=3109796970606 duration_ticks=152661 hr=0x00000000
present frame=1135 source_index=1 allocator_index=1 expected_next=2 observed_next=2 qpc=3109797129209 duration_ticks=161906 hr=0x00000000
present frame=1136 source_index=2 allocator_index=2 expected_next=0 observed_next=0 qpc=3109797304871 duration_ticks=155790 hr=0x00000000
present frame=1137 source_index=0 allocator_index=0 expected_next=1 observed_next=1 qpc=3109797466369 duration_ticks=160265 hr=0x00000000
present frame=1138 source_index=1 allocator_index=1 expected_next=2 observed_next=2 qpc=3109797631271 duration_ticks=160899 hr=0x00000000
present frame=1139 source_index=2 allocator_index=2 expected_next=0 observed_next=0 qpc=3109797799138 duration_ticks=159312 hr=0x00000000
present frame=1140 source_index=0 allocator_index=0 expected_next=1 observed_next=1 qpc=3109797963360 duration_ticks=169468 hr=0x00000000
present frame=1141 source_index=1 allocator_index=1 expected_next=2 observed_next=2 qpc=3109798137143 duration_ticks=151676 hr=0x00000000
present frame=1142 source_index=2 allocator_index=2 expected_next=0 observed_next=0 qpc=3109798293499 duration_ticks=169236 hr=0x00000000
present frame=1143 source_index=0 allocator_index=0 expected_next=1 observed_next=1 qpc=3109798469191 duration_ticks=157544 hr=0x00000000
present frame=1144 source_index=1 allocator_index=1 expected_next=2 observed_next=2 qpc=3109798631031 duration_ticks=160804 hr=0x00000000
present frame=1145 source_index=2 allocator_index=2 expected_next=0 observed_next=0 qpc=3109798796092 duration_ticks=162167 hr=0x00000000
present frame=1146 source_index=0 allocator_index=0 expected_next=1 observed_next=1 qpc=3109798962421 duration_ticks=163246 hr=0x00000000
present frame=1147 source_index=1 allocator_index=1 expected_next=2 observed_next=2 qpc=3109799133952 duration_ticks=164936 hr=0x00000000
present frame=1148 source_index=2 allocator_index=2 expected_next=0 observed_next=0 qpc=3109799304012 duration_ticks=154431 hr=0x00000000
present frame=1149 source_index=0 allocator_index=0 expected_next=1 observed_next=1 qpc=3109799465911 duration_ticks=157456 hr=0x00000000
present frame=1150 source_index=1 allocator_index=1 expected_next=2 observed_next=2 qpc=3109799626960 duration_ticks=162294 hr=0x00000000
present frame=1151 source_index=2 allocator_index=2 expected_next=0 observed_next=0 qpc=3109799794282 duration_ticks=161723 hr=0x00000000
present frame=1152 source_index=0 allocator_index=0 expected_next=1 observed_next=1 qpc=3109799965842 duration_ticks=155742 hr=0x00000000
present frame=1153 source_index=1 allocator_index=1 expected_next=2 observed_next=2 qpc=3109800123568 duration_ticks=163697 hr=0x00000000
present frame=1154 source_index=2 allocator_index=2 expected_next=0 observed_next=0 qpc=3109800288750 duration_ticks=155755 hr=0x00000000
present frame=1155 source_index=0 allocator_index=0 expected_next=1 observed_next=1 qpc=3109800445173 duration_ticks=166117 hr=0x00000000
present frame=1156 source_index=1 allocator_index=1 expected_next=2 observed_next=2 qpc=3109800611611 duration_ticks=167042 hr=0x00000000
present frame=1157 source_index=2 allocator_index=2 expected_next=0 observed_next=0 qpc=3109800779250 duration_ticks=167816 hr=0x00000000
present frame=1158 source_index=0 allocator_index=0 expected_next=1 observed_next=1 qpc=3109800947867 duration_ticks=163421 hr=0x00000000
present frame=1159 source_index=1 allocator_index=1 expected_next=2 observed_next=2 qpc=3109801112129 duration_ticks=167033 hr=0x00000000
present frame=1160 source_index=2 allocator_index=2 expected_next=0 observed_next=0 qpc=3109801279915 duration_ticks=164072 hr=0x00000000
present frame=1161 source_index=0 allocator_index=0 expected_next=1 observed_next=1 qpc=3109801444418 duration_ticks=165824 hr=0x00000000
present frame=1162 source_index=1 allocator_index=1 expected_next=2 observed_next=2 qpc=3109801610707 duration_ticks=166709 hr=0x00000000
present frame=1163 source_index=2 allocator_index=2 expected_next=0 observed_next=0 qpc=3109801777735 duration_ticks=166226 hr=0x00000000
present frame=1164 source_index=0 allocator_index=0 expected_next=1 observed_next=1 qpc=3109801944250 duration_ticks=169076 hr=0x00000000
present frame=1165 source_index=1 allocator_index=1 expected_next=2 observed_next=2 qpc=3109802113636 duration_ticks=166212 hr=0x00000000
present frame=1166 source_index=2 allocator_index=2 expected_next=0 observed_next=0 qpc=3109802280261 duration_ticks=165799 hr=0x00000000
present frame=1167 source_index=0 allocator_index=0 expected_next=1 observed_next=1 qpc=3109802446392 duration_ticks=166710 hr=0x00000000
present frame=1168 source_index=1 allocator_index=1 expected_next=2 observed_next=2 qpc=3109802613466 duration_ticks=168960 hr=0x00000000
present frame=1169 source_index=2 allocator_index=2 expected_next=0 observed_next=0 qpc=3109802782852 duration_ticks=165391 hr=0x00000000
present frame=1170 source_index=0 allocator_index=0 expected_next=1 observed_next=1 qpc=3109802948791 duration_ticks=169524 hr=0x00000000
present frame=1171 source_index=1 allocator_index=1 expected_next=2 observed_next=2 qpc=3109803122332 duration_ticks=167283 hr=0x00000000
present frame=1172 source_index=2 allocator_index=2 expected_next=0 observed_next=0 qpc=3109803295782 duration_ticks=164274 hr=0x00000000
present frame=1173 source_index=0 allocator_index=0 expected_next=1 observed_next=1 qpc=3109803464135 duration_ticks=158061 hr=0x00000000
present frame=1174 source_index=1 allocator_index=1 expected_next=2 observed_next=2 qpc=3109803627333 duration_ticks=164201 hr=0x00000000
present frame=1175 source_index=2 allocator_index=2 expected_next=0 observed_next=0 qpc=3109803801856 duration_ticks=158690 hr=0x00000000
present frame=1176 source_index=0 allocator_index=0 expected_next=1 observed_next=1 qpc=3109803964819 duration_ticks=159122 hr=0x00000000
present frame=1177 source_index=1 allocator_index=1 expected_next=2 observed_next=2 qpc=3109804128780 duration_ticks=163126 hr=0x00000000
present frame=1178 source_index=2 allocator_index=2 expected_next=0 observed_next=0 qpc=3109804296006 duration_ticks=161019 hr=0x00000000
present frame=1179 source_index=0 allocator_index=0 expected_next=1 observed_next=1 qpc=3109804461389 duration_ticks=165309 hr=0x00000000
present frame=1180 source_index=1 allocator_index=1 expected_next=2 observed_next=2 qpc=3109804631014 duration_ticks=160451 hr=0x00000000
present frame=1181 source_index=2 allocator_index=2 expected_next=0 observed_next=0 qpc=3109804795419 duration_ticks=162292 hr=0x00000000
present frame=1182 source_index=0 allocator_index=0 expected_next=1 observed_next=1 qpc=3109804963257 duration_ticks=162541 hr=0x00000000
present frame=1183 source_index=1 allocator_index=1 expected_next=2 observed_next=2 qpc=3109805133695 duration_ticks=158823 hr=0x00000000
present frame=1184 source_index=2 allocator_index=2 expected_next=0 observed_next=0 qpc=3109805298398 duration_ticks=157019 hr=0x00000000
present frame=1185 source_index=0 allocator_index=0 expected_next=1 observed_next=1 qpc=3109805464505 duration_ticks=157922 hr=0x00000000
present frame=1186 source_index=1 allocator_index=1 expected_next=2 observed_next=2 qpc=3109805627663 duration_ticks=164587 hr=0x00000000
present frame=1187 source_index=2 allocator_index=2 expected_next=0 observed_next=0 qpc=3109805796497 duration_ticks=160803 hr=0x00000000
present frame=1188 source_index=0 allocator_index=0 expected_next=1 observed_next=1 qpc=3109805961397 duration_ticks=165074 hr=0x00000000
present frame=1189 source_index=1 allocator_index=1 expected_next=2 observed_next=2 qpc=3109806136973 duration_ticks=151678 hr=0x00000000
present frame=1190 source_index=2 allocator_index=2 expected_next=0 observed_next=0 qpc=3109806292993 duration_ticks=167176 hr=0x00000000
present frame=1191 source_index=0 allocator_index=0 expected_next=1 observed_next=1 qpc=3109806531377 duration_ticks=86735 hr=0x00000000
present frame=1192 source_index=1 allocator_index=1 expected_next=2 observed_next=2 qpc=3109806618739 duration_ticks=164918 hr=0x00000000
present frame=1193 source_index=2 allocator_index=2 expected_next=0 observed_next=0 qpc=3109806784467 duration_ticks=166278 hr=0x00000000
present frame=1194 source_index=0 allocator_index=0 expected_next=1 observed_next=1 qpc=3109806951241 duration_ticks=169931 hr=0x00000000
present frame=1195 source_index=1 allocator_index=1 expected_next=2 observed_next=2 qpc=3109807126831 duration_ticks=167224 hr=0x00000000
present frame=1196 source_index=2 allocator_index=2 expected_next=0 observed_next=0 qpc=3109807298217 duration_ticks=163074 hr=0x00000000
present frame=1197 source_index=0 allocator_index=0 expected_next=1 observed_next=1 qpc=3109807474534 duration_ticks=154019 hr=0x00000000
present frame=1198 source_index=1 allocator_index=1 expected_next=2 observed_next=2 qpc=3109807635064 duration_ticks=159028 hr=0x00000000
present frame=1199 source_index=2 allocator_index=2 expected_next=0 observed_next=0 qpc=3109807798323 duration_ticks=158490 hr=0x00000000
present frame=1200 source_index=0 allocator_index=0 expected_next=1 observed_next=1 qpc=3109807960765 duration_ticks=164505 hr=0x00000000
present frame=1201 source_index=1 allocator_index=1 expected_next=2 observed_next=2 qpc=3109808130907 duration_ticks=162544 hr=0x00000000
present frame=1202 source_index=2 allocator_index=2 expected_next=0 observed_next=0 qpc=3109808305091 duration_ticks=156555 hr=0x00000000
present frame=1203 source_index=0 allocator_index=0 expected_next=1 observed_next=1 qpc=3109808466022 duration_ticks=159963 hr=0x00000000
present frame=1204 source_index=1 allocator_index=1 expected_next=2 observed_next=2 qpc=3109808630029 duration_ticks=159241 hr=0x00000000
present frame=1205 source_index=2 allocator_index=2 expected_next=0 observed_next=0 qpc=3109808796680 duration_ticks=162342 hr=0x00000000
present frame=1206 source_index=0 allocator_index=0 expected_next=1 observed_next=1 qpc=3109808963244 duration_ticks=162831 hr=0x00000000
present frame=1207 source_index=1 allocator_index=1 expected_next=2 observed_next=2 qpc=3109809130917 duration_ticks=157928 hr=0x00000000
present frame=1208 source_index=2 allocator_index=2 expected_next=0 observed_next=0 qpc=3109809294170 duration_ticks=165163 hr=0x00000000
present frame=1209 source_index=0 allocator_index=0 expected_next=1 observed_next=1 qpc=3109809466665 duration_ticks=156550 hr=0x00000000
present frame=1210 source_index=1 allocator_index=1 expected_next=2 observed_next=2 qpc=3109809629187 duration_ticks=160006 hr=0x00000000
present frame=1211 source_index=2 allocator_index=2 expected_next=0 observed_next=0 qpc=3109809794666 duration_ticks=163622 hr=0x00000000
present frame=1212 source_index=0 allocator_index=0 expected_next=1 observed_next=1 qpc=3109809967902 duration_ticks=155265 hr=0x00000000
present frame=1213 source_index=1 allocator_index=1 expected_next=2 observed_next=2 qpc=3109810129402 duration_ticks=159298 hr=0x00000000
present frame=1214 source_index=2 allocator_index=2 expected_next=0 observed_next=0 qpc=3109810294833 duration_ticks=160258 hr=0x00000000
present frame=1215 source_index=0 allocator_index=0 expected_next=1 observed_next=1 qpc=3109810460489 duration_ticks=161666 hr=0x00000000
present frame=1216 source_index=1 allocator_index=1 expected_next=2 observed_next=2 qpc=3109810630228 duration_ticks=158763 hr=0x00000000
present frame=1217 source_index=2 allocator_index=2 expected_next=0 observed_next=0 qpc=3109810793788 duration_ticks=161709 hr=0x00000000
present frame=1218 source_index=0 allocator_index=0 expected_next=1 observed_next=1 qpc=3109810961930 duration_ticks=166111 hr=0x00000000
present frame=1219 source_index=1 allocator_index=1 expected_next=2 observed_next=2 qpc=3109811132642 duration_ticks=155774 hr=0x00000000
present frame=1220 source_index=2 allocator_index=2 expected_next=0 observed_next=0 qpc=3109811301792 duration_ticks=155410 hr=0x00000000
present frame=1221 source_index=0 allocator_index=0 expected_next=1 observed_next=1 qpc=3109811465699 duration_ticks=155646 hr=0x00000000
present frame=1222 source_index=1 allocator_index=1 expected_next=2 observed_next=2 qpc=3109811625552 duration_ticks=162849 hr=0x00000000
present frame=1223 source_index=2 allocator_index=2 expected_next=0 observed_next=0 qpc=3109811797475 duration_ticks=157527 hr=0x00000000
present frame=1224 source_index=0 allocator_index=0 expected_next=1 observed_next=1 qpc=3109811958670 duration_ticks=162639 hr=0x00000000
present frame=1225 source_index=1 allocator_index=1 expected_next=2 observed_next=2 qpc=3109812126181 duration_ticks=163838 hr=0x00000000
present frame=1226 source_index=2 allocator_index=2 expected_next=0 observed_next=0 qpc=3109812293930 duration_ticks=161662 hr=0x00000000
present frame=1227 source_index=0 allocator_index=0 expected_next=1 observed_next=1 qpc=3109812460024 duration_ticks=166981 hr=0x00000000
present frame=1228 source_index=1 allocator_index=1 expected_next=2 observed_next=2 qpc=3109812634127 duration_ticks=154330 hr=0x00000000
present frame=1229 source_index=2 allocator_index=2 expected_next=0 observed_next=0 qpc=3109812792115 duration_ticks=162641 hr=0x00000000
present frame=1230 source_index=0 allocator_index=0 expected_next=1 observed_next=1 qpc=3109812958314 duration_ticks=162782 hr=0x00000000
present frame=1231 source_index=1 allocator_index=1 expected_next=2 observed_next=2 qpc=3109813126396 duration_ticks=162345 hr=0x00000000
present frame=1232 source_index=2 allocator_index=2 expected_next=0 observed_next=0 qpc=3109813292791 duration_ticks=163419 hr=0x00000000
present frame=1233 source_index=0 allocator_index=0 expected_next=1 observed_next=1 qpc=3109813460140 duration_ticks=164727 hr=0x00000000
present frame=1234 source_index=1 allocator_index=1 expected_next=2 observed_next=2 qpc=3109813629526 duration_ticks=161486 hr=0x00000000
present frame=1235 source_index=2 allocator_index=2 expected_next=0 observed_next=0 qpc=3109813796061 duration_ticks=162245 hr=0x00000000
present frame=1236 source_index=0 allocator_index=0 expected_next=1 observed_next=1 qpc=3109813962420 duration_ticks=160693 hr=0x00000000
present frame=1237 source_index=1 allocator_index=1 expected_next=2 observed_next=2 qpc=3109814131410 duration_ticks=153659 hr=0x00000000
present frame=1238 source_index=2 allocator_index=2 expected_next=0 observed_next=0 qpc=3109814286308 duration_ticks=166232 hr=0x00000000
present frame=1239 source_index=0 allocator_index=0 expected_next=1 observed_next=1 qpc=3109814453933 duration_ticks=158237 hr=0x00000000
present frame=1240 source_index=1 allocator_index=1 expected_next=2 observed_next=2 qpc=3109814612525 duration_ticks=165602 hr=0x00000000
present frame=1241 source_index=2 allocator_index=2 expected_next=0 observed_next=0 qpc=3109814778407 duration_ticks=168320 hr=0x00000000
present frame=1242 source_index=0 allocator_index=0 expected_next=1 observed_next=1 qpc=3109814947225 duration_ticks=165516 hr=0x00000000
present frame=1243 source_index=1 allocator_index=1 expected_next=2 observed_next=2 qpc=3109815113416 duration_ticks=166470 hr=0x00000000
present frame=1244 source_index=2 allocator_index=2 expected_next=0 observed_next=0 qpc=3109815280703 duration_ticks=165398 hr=0x00000000
present frame=1245 source_index=0 allocator_index=0 expected_next=1 observed_next=1 qpc=3109815446889 duration_ticks=163705 hr=0x00000000
present frame=1246 source_index=1 allocator_index=1 expected_next=2 observed_next=2 qpc=3109815611054 duration_ticks=166192 hr=0x00000000
present frame=1247 source_index=2 allocator_index=2 expected_next=0 observed_next=0 qpc=3109815777592 duration_ticks=167480 hr=0x00000000
present frame=1248 source_index=0 allocator_index=0 expected_next=1 observed_next=1 qpc=3109815945331 duration_ticks=166563 hr=0x00000000
present frame=1249 source_index=1 allocator_index=1 expected_next=2 observed_next=2 qpc=3109816112214 duration_ticks=166669 hr=0x00000000
present frame=1250 source_index=2 allocator_index=2 expected_next=0 observed_next=0 qpc=3109816279201 duration_ticks=169215 hr=0x00000000
present frame=1251 source_index=0 allocator_index=0 expected_next=1 observed_next=1 qpc=3109816448925 duration_ticks=163942 hr=0x00000000
present frame=1252 source_index=1 allocator_index=1 expected_next=2 observed_next=2 qpc=3109816613176 duration_ticks=165809 hr=0x00000000
present frame=1253 source_index=2 allocator_index=2 expected_next=0 observed_next=0 qpc=3109816779337 duration_ticks=169537 hr=0x00000000
present frame=1254 source_index=0 allocator_index=0 expected_next=1 observed_next=1 qpc=3109816949257 duration_ticks=167960 hr=0x00000000
present frame=1255 source_index=1 allocator_index=1 expected_next=2 observed_next=2 qpc=3109817117635 duration_ticks=169888 hr=0x00000000
present frame=1256 source_index=2 allocator_index=2 expected_next=0 observed_next=0 qpc=3109817291360 duration_ticks=163317 hr=0x00000000
present frame=1257 source_index=0 allocator_index=0 expected_next=1 observed_next=1 qpc=3109817459836 duration_ticks=167720 hr=0x00000000
present frame=1258 source_index=1 allocator_index=1 expected_next=2 observed_next=2 qpc=3109817632285 duration_ticks=158604 hr=0x00000000
present frame=1259 source_index=2 allocator_index=2 expected_next=0 observed_next=0 qpc=3109817796392 duration_ticks=163595 hr=0x00000000
present frame=1260 source_index=0 allocator_index=0 expected_next=1 observed_next=1 qpc=3109817969025 duration_ticks=154920 hr=0x00000000
present frame=1261 source_index=1 allocator_index=1 expected_next=2 observed_next=2 qpc=3109818128484 duration_ticks=168201 hr=0x00000000
present frame=1262 source_index=2 allocator_index=2 expected_next=0 observed_next=0 qpc=3109818327012 duration_ticks=124517 hr=0x00000000
present frame=1263 source_index=0 allocator_index=0 expected_next=1 observed_next=1 qpc=3109818452211 duration_ticks=169595 hr=0x00000000
present frame=1264 source_index=1 allocator_index=1 expected_next=2 observed_next=2 qpc=3109818625320 duration_ticks=168189 hr=0x00000000
present frame=1265 source_index=2 allocator_index=2 expected_next=0 observed_next=0 qpc=3109818797557 duration_ticks=159651 hr=0x00000000
present frame=1266 source_index=0 allocator_index=0 expected_next=1 observed_next=1 qpc=3109818961198 duration_ticks=163955 hr=0x00000000
present frame=1267 source_index=1 allocator_index=1 expected_next=2 observed_next=2 qpc=3109819131073 duration_ticks=158384 hr=0x00000000
present frame=1268 source_index=2 allocator_index=2 expected_next=0 observed_next=0 qpc=3109819294237 duration_ticks=162258 hr=0x00000000
present frame=1269 source_index=0 allocator_index=0 expected_next=1 observed_next=1 qpc=3109819461838 duration_ticks=161326 hr=0x00000000
present frame=1270 source_index=1 allocator_index=1 expected_next=2 observed_next=2 qpc=3109819625899 duration_ticks=159332 hr=0x00000000
present frame=1271 source_index=2 allocator_index=2 expected_next=0 observed_next=0 qpc=3109819787239 duration_ticks=164153 hr=0x00000000
present frame=1272 source_index=0 allocator_index=0 expected_next=1 observed_next=1 qpc=3109819952789 duration_ticks=163871 hr=0x00000000
present frame=1273 source_index=1 allocator_index=1 expected_next=2 observed_next=2 qpc=3109820117627 duration_ticks=166647 hr=0x00000000
present frame=1274 source_index=2 allocator_index=2 expected_next=0 observed_next=0 qpc=3109820285212 duration_ticks=165225 hr=0x00000000
present frame=1275 source_index=0 allocator_index=0 expected_next=1 observed_next=1 qpc=3109820453332 duration_ticks=167284 hr=0x00000000
present frame=1276 source_index=1 allocator_index=1 expected_next=2 observed_next=2 qpc=3109820627698 duration_ticks=154316 hr=0x00000000
present frame=1277 source_index=2 allocator_index=2 expected_next=0 observed_next=0 qpc=3109820783318 duration_ticks=167463 hr=0x00000000
present frame=1278 source_index=0 allocator_index=0 expected_next=1 observed_next=1 qpc=3109820951756 duration_ticks=171486 hr=0x00000000
present frame=1279 source_index=1 allocator_index=1 expected_next=2 observed_next=2 qpc=3109821126655 duration_ticks=157690 hr=0x00000000
present frame=1280 source_index=2 allocator_index=2 expected_next=0 observed_next=0 qpc=3109821285190 duration_ticks=169363 hr=0x00000000
present frame=1281 source_index=0 allocator_index=0 expected_next=1 observed_next=1 qpc=3109821455339 duration_ticks=162277 hr=0x00000000
present frame=1282 source_index=1 allocator_index=1 expected_next=2 observed_next=2 qpc=3109821618510 duration_ticks=166114 hr=0x00000000
present frame=1283 source_index=2 allocator_index=2 expected_next=0 observed_next=0 qpc=3109821785486 duration_ticks=165623 hr=0x00000000
present frame=1284 source_index=0 allocator_index=0 expected_next=1 observed_next=1 qpc=3109821952035 duration_ticks=168797 hr=0x00000000
present frame=1285 source_index=1 allocator_index=1 expected_next=2 observed_next=2 qpc=3109822124201 duration_ticks=166537 hr=0x00000000
present frame=1286 source_index=2 allocator_index=2 expected_next=0 observed_next=0 qpc=3109822294313 duration_ticks=157753 hr=0x00000000
present frame=1287 source_index=0 allocator_index=0 expected_next=1 observed_next=1 qpc=3109822452850 duration_ticks=173590 hr=0x00000000
present frame=1288 source_index=1 allocator_index=1 expected_next=2 observed_next=2 qpc=3109822630058 duration_ticks=156621 hr=0x00000000
present frame=1289 source_index=2 allocator_index=2 expected_next=0 observed_next=0 qpc=3109822790220 duration_ticks=161650 hr=0x00000000
present frame=1290 source_index=0 allocator_index=0 expected_next=1 observed_next=1 qpc=3109822952719 duration_ticks=168589 hr=0x00000000
present frame=1291 source_index=1 allocator_index=1 expected_next=2 observed_next=2 qpc=3109823124903 duration_ticks=162860 hr=0x00000000
present frame=1292 source_index=2 allocator_index=2 expected_next=0 observed_next=0 qpc=3109823291806 duration_ticks=163574 hr=0x00000000
present frame=1293 source_index=0 allocator_index=0 expected_next=1 observed_next=1 qpc=3109823459055 duration_ticks=165147 hr=0x00000000
present frame=1294 source_index=1 allocator_index=1 expected_next=2 observed_next=2 qpc=3109823627808 duration_ticks=159730 hr=0x00000000
present frame=1295 source_index=2 allocator_index=2 expected_next=0 observed_next=0 qpc=3109823791154 duration_ticks=160499 hr=0x00000000
present frame=1296 source_index=0 allocator_index=0 expected_next=1 observed_next=1 qpc=3109823952378 duration_ticks=167622 hr=0x00000000
present frame=1297 source_index=1 allocator_index=1 expected_next=2 observed_next=2 qpc=3109824124200 duration_ticks=160830 hr=0x00000000
present frame=1298 source_index=2 allocator_index=2 expected_next=0 observed_next=0 qpc=3109824285765 duration_ticks=165442 hr=0x00000000
present frame=1299 source_index=0 allocator_index=0 expected_next=1 observed_next=1 qpc=3109824452205 duration_ticks=164329 hr=0x00000000
present frame=1300 source_index=1 allocator_index=1 expected_next=2 observed_next=2 qpc=3109824617252 duration_ticks=172801 hr=0x00000000
present frame=1301 source_index=2 allocator_index=2 expected_next=0 observed_next=0 qpc=3109824793353 duration_ticks=160025 hr=0x00000000
present frame=1302 source_index=0 allocator_index=0 expected_next=1 observed_next=1 qpc=3109824954241 duration_ticks=170469 hr=0x00000000
present frame=1303 source_index=1 allocator_index=1 expected_next=2 observed_next=2 qpc=3109825128017 duration_ticks=160211 hr=0x00000000
present frame=1304 source_index=2 allocator_index=2 expected_next=0 observed_next=0 qpc=3109825291807 duration_ticks=158784 hr=0x00000000
present frame=1305 source_index=0 allocator_index=0 expected_next=1 observed_next=1 qpc=3109825451312 duration_ticks=171383 hr=0x00000000
present frame=1306 source_index=1 allocator_index=1 expected_next=2 observed_next=2 qpc=3109825626467 duration_ticks=161252 hr=0x00000000
present frame=1307 source_index=2 allocator_index=2 expected_next=0 observed_next=0 qpc=3109825791631 duration_ticks=161181 hr=0x00000000
present frame=1308 source_index=0 allocator_index=0 expected_next=1 observed_next=1 qpc=3109825956696 duration_ticks=161206 hr=0x00000000
present frame=1309 source_index=1 allocator_index=1 expected_next=2 observed_next=2 qpc=3109826118500 duration_ticks=169200 hr=0x00000000
present frame=1310 source_index=2 allocator_index=2 expected_next=0 observed_next=0 qpc=3109826291243 duration_ticks=160927 hr=0x00000000
present frame=1311 source_index=0 allocator_index=0 expected_next=1 observed_next=1 qpc=3109826452889 duration_ticks=170999 hr=0x00000000
present frame=1312 source_index=1 allocator_index=1 expected_next=2 observed_next=2 qpc=3109826627480 duration_ticks=157282 hr=0x00000000
present frame=1313 source_index=2 allocator_index=2 expected_next=0 observed_next=0 qpc=3109826785385 duration_ticks=172589 hr=0x00000000
present frame=1314 source_index=0 allocator_index=0 expected_next=1 observed_next=1 qpc=3109826961882 duration_ticks=158384 hr=0x00000000
present frame=1315 source_index=1 allocator_index=1 expected_next=2 observed_next=2 qpc=3109827125444 duration_ticks=162596 hr=0x00000000
present frame=1316 source_index=2 allocator_index=2 expected_next=0 observed_next=0 qpc=3109827291715 duration_ticks=163289 hr=0x00000000
present frame=1317 source_index=0 allocator_index=0 expected_next=1 observed_next=1 qpc=3109827458530 duration_ticks=163075 hr=0x00000000
present frame=1318 source_index=1 allocator_index=1 expected_next=2 observed_next=2 qpc=3109827625070 duration_ticks=163022 hr=0x00000000
present frame=1319 source_index=2 allocator_index=2 expected_next=0 observed_next=0 qpc=3109827791750 duration_ticks=165303 hr=0x00000000
present frame=1320 source_index=0 allocator_index=0 expected_next=1 observed_next=1 qpc=3109827960692 duration_ticks=156869 hr=0x00000000
present frame=1321 source_index=1 allocator_index=1 expected_next=2 observed_next=2 qpc=3109828118480 duration_ticks=172209 hr=0x00000000
present frame=1322 source_index=2 allocator_index=2 expected_next=0 observed_next=0 qpc=3109828294409 duration_ticks=160876 hr=0x00000000
present frame=1323 source_index=0 allocator_index=0 expected_next=1 observed_next=1 qpc=3109828458819 duration_ticks=162461 hr=0x00000000
present frame=1324 source_index=1 allocator_index=1 expected_next=2 observed_next=2 qpc=3109828627295 duration_ticks=161131 hr=0x00000000
present frame=1325 source_index=2 allocator_index=2 expected_next=0 observed_next=0 qpc=3109828792103 duration_ticks=162447 hr=0x00000000
present frame=1326 source_index=0 allocator_index=0 expected_next=1 observed_next=1 qpc=3109828959941 duration_ticks=164317 hr=0x00000000
present frame=1327 source_index=1 allocator_index=1 expected_next=2 observed_next=2 qpc=3109829128536 duration_ticks=160859 hr=0x00000000
present frame=1328 source_index=2 allocator_index=2 expected_next=0 observed_next=0 qpc=3109829295572 duration_ticks=163793 hr=0x00000000
present frame=1329 source_index=0 allocator_index=0 expected_next=1 observed_next=1 qpc=3109829469002 duration_ticks=154910 hr=0x00000000
present frame=1330 source_index=1 allocator_index=1 expected_next=2 observed_next=2 qpc=3109829625645 duration_ticks=159032 hr=0x00000000
present frame=1331 source_index=2 allocator_index=2 expected_next=0 observed_next=0 qpc=3109829785758 duration_ticks=165975 hr=0x00000000
present frame=1332 source_index=0 allocator_index=0 expected_next=1 observed_next=1 qpc=3109829952441 duration_ticks=164325 hr=0x00000000
present frame=1333 source_index=1 allocator_index=1 expected_next=2 observed_next=2 qpc=3109830117715 duration_ticks=171310 hr=0x00000000
present frame=1334 source_index=2 allocator_index=2 expected_next=0 observed_next=0 qpc=3109830292080 duration_ticks=161681 hr=0x00000000
present frame=1335 source_index=0 allocator_index=0 expected_next=1 observed_next=1 qpc=3109830457811 duration_ticks=164427 hr=0x00000000
present frame=1336 source_index=1 allocator_index=1 expected_next=2 observed_next=2 qpc=3109830627499 duration_ticks=164039 hr=0x00000000
present frame=1337 source_index=2 allocator_index=2 expected_next=0 observed_next=0 qpc=3109830796710 duration_ticks=160075 hr=0x00000000
present frame=1338 source_index=0 allocator_index=0 expected_next=1 observed_next=1 qpc=3109830965245 duration_ticks=156023 hr=0x00000000
present frame=1339 source_index=1 allocator_index=1 expected_next=2 observed_next=2 qpc=3109831126707 duration_ticks=162201 hr=0x00000000
present frame=1340 source_index=2 allocator_index=2 expected_next=0 observed_next=0 qpc=3109831294074 duration_ticks=163967 hr=0x00000000
present frame=1341 source_index=0 allocator_index=0 expected_next=1 observed_next=1 qpc=3109831461810 duration_ticks=160876 hr=0x00000000
present frame=1342 source_index=1 allocator_index=1 expected_next=2 observed_next=2 qpc=3109831629782 duration_ticks=160276 hr=0x00000000
present frame=1343 source_index=2 allocator_index=2 expected_next=0 observed_next=0 qpc=3109831794400 duration_ticks=163415 hr=0x00000000
present frame=1344 source_index=0 allocator_index=0 expected_next=1 observed_next=1 qpc=3109831965777 duration_ticks=159428 hr=0x00000000
present frame=1345 source_index=1 allocator_index=1 expected_next=2 observed_next=2 qpc=3109832133844 duration_ticks=154905 hr=0x00000000
present frame=1346 source_index=2 allocator_index=2 expected_next=0 observed_next=0 qpc=3109832292446 duration_ticks=161731 hr=0x00000000
present frame=1347 source_index=0 allocator_index=0 expected_next=1 observed_next=1 qpc=3109832458067 duration_ticks=166088 hr=0x00000000
present frame=1348 source_index=1 allocator_index=1 expected_next=2 observed_next=2 qpc=3109832628341 duration_ticks=159535 hr=0x00000000
present frame=1349 source_index=2 allocator_index=2 expected_next=0 observed_next=0 qpc=3109832792627 duration_ticks=166789 hr=0x00000000
present frame=1350 source_index=0 allocator_index=0 expected_next=1 observed_next=1 qpc=3109832963526 duration_ticks=160433 hr=0x00000000
present frame=1351 source_index=1 allocator_index=1 expected_next=2 observed_next=2 qpc=3109833128644 duration_ticks=169053 hr=0x00000000
present frame=1352 source_index=2 allocator_index=2 expected_next=0 observed_next=0 qpc=3109833303309 duration_ticks=154235 hr=0x00000000
present frame=1353 source_index=0 allocator_index=0 expected_next=1 observed_next=1 qpc=3109833461697 duration_ticks=162118 hr=0x00000000
present frame=1354 source_index=1 allocator_index=1 expected_next=2 observed_next=2 qpc=3109833632695 duration_ticks=157890 hr=0x00000000
present frame=1355 source_index=2 allocator_index=2 expected_next=0 observed_next=0 qpc=3109833794520 duration_ticks=164990 hr=0x00000000
present frame=1356 source_index=0 allocator_index=0 expected_next=1 observed_next=1 qpc=3109833963568 duration_ticks=159362 hr=0x00000000
present frame=1357 source_index=1 allocator_index=1 expected_next=2 observed_next=2 qpc=3109834128049 duration_ticks=162668 hr=0x00000000
present frame=1358 source_index=2 allocator_index=2 expected_next=0 observed_next=0 qpc=3109834294536 duration_ticks=163572 hr=0x00000000
present frame=1359 source_index=0 allocator_index=0 expected_next=1 observed_next=1 qpc=3109834462107 duration_ticks=162388 hr=0x00000000
present frame=1360 source_index=1 allocator_index=1 expected_next=2 observed_next=2 qpc=3109834628610 duration_ticks=159895 hr=0x00000000
present frame=1361 source_index=2 allocator_index=2 expected_next=0 observed_next=0 qpc=3109834798389 duration_ticks=159198 hr=0x00000000
present frame=1362 source_index=0 allocator_index=0 expected_next=1 observed_next=1 qpc=3109834961627 duration_ticks=162171 hr=0x00000000
present frame=1363 source_index=1 allocator_index=1 expected_next=2 observed_next=2 qpc=3109835127855 duration_ticks=162011 hr=0x00000000
present frame=1364 source_index=2 allocator_index=2 expected_next=0 observed_next=0 qpc=3109835295527 duration_ticks=157572 hr=0x00000000
present frame=1365 source_index=0 allocator_index=0 expected_next=1 observed_next=1 qpc=3109835456718 duration_ticks=164805 hr=0x00000000
present frame=1366 source_index=1 allocator_index=1 expected_next=2 observed_next=2 qpc=3109835628205 duration_ticks=160170 hr=0x00000000
present frame=1367 source_index=2 allocator_index=2 expected_next=0 observed_next=0 qpc=3109835792004 duration_ticks=167784 hr=0x00000000
present frame=1368 source_index=0 allocator_index=0 expected_next=1 observed_next=1 qpc=3109835971141 duration_ticks=151757 hr=0x00000000
present frame=1369 source_index=1 allocator_index=1 expected_next=2 observed_next=2 qpc=3109836127208 duration_ticks=161600 hr=0x00000000
present frame=1370 source_index=2 allocator_index=2 expected_next=0 observed_next=0 qpc=3109836292896 duration_ticks=162714 hr=0x00000000
present frame=1371 source_index=0 allocator_index=0 expected_next=1 observed_next=1 qpc=3109836489389 duration_ticks=141832 hr=0x00000000
present frame=1372 source_index=1 allocator_index=1 expected_next=2 observed_next=2 qpc=3109836631816 duration_ticks=152581 hr=0x00000000
present frame=1373 source_index=2 allocator_index=2 expected_next=0 observed_next=0 qpc=3109836785117 duration_ticks=173672 hr=0x00000000
present frame=1374 source_index=0 allocator_index=0 expected_next=1 observed_next=1 qpc=3109836962850 duration_ticks=159687 hr=0x00000000
present frame=1375 source_index=1 allocator_index=1 expected_next=2 observed_next=2 qpc=3109837128744 duration_ticks=163016 hr=0x00000000
present frame=1376 source_index=2 allocator_index=2 expected_next=0 observed_next=0 qpc=3109837295547 duration_ticks=161193 hr=0x00000000
present frame=1377 source_index=0 allocator_index=0 expected_next=1 observed_next=1 qpc=3109837464382 duration_ticks=158672 hr=0x00000000
present frame=1378 source_index=1 allocator_index=1 expected_next=2 observed_next=2 qpc=3109837626852 duration_ticks=162297 hr=0x00000000
present frame=1379 source_index=2 allocator_index=2 expected_next=0 observed_next=0 qpc=3109837794517 duration_ticks=163465 hr=0x00000000
present frame=1380 source_index=0 allocator_index=0 expected_next=1 observed_next=1 qpc=3109837963352 duration_ticks=160168 hr=0x00000000
present frame=1381 source_index=1 allocator_index=1 expected_next=2 observed_next=2 qpc=3109838127690 duration_ticks=166552 hr=0x00000000
present frame=1382 source_index=2 allocator_index=2 expected_next=0 observed_next=0 qpc=3109838298179 duration_ticks=158290 hr=0x00000000
present frame=1383 source_index=0 allocator_index=0 expected_next=1 observed_next=1 qpc=3109838460637 duration_ticks=177051 hr=0x00000000
present frame=1384 source_index=1 allocator_index=1 expected_next=2 observed_next=2 qpc=3109838642567 duration_ticks=146535 hr=0x00000000
present frame=1385 source_index=2 allocator_index=2 expected_next=0 observed_next=0 qpc=3109838793392 duration_ticks=164602 hr=0x00000000
present frame=1386 source_index=0 allocator_index=0 expected_next=1 observed_next=1 qpc=3109838962366 duration_ticks=162159 hr=0x00000000
present frame=1387 source_index=1 allocator_index=1 expected_next=2 observed_next=2 qpc=3109839129255 duration_ticks=159241 hr=0x00000000
present frame=1388 source_index=2 allocator_index=2 expected_next=0 observed_next=0 qpc=3109839293058 duration_ticks=162305 hr=0x00000000
present frame=1389 source_index=0 allocator_index=0 expected_next=1 observed_next=1 qpc=3109839458741 duration_ticks=163681 hr=0x00000000
present frame=1390 source_index=1 allocator_index=1 expected_next=2 observed_next=2 qpc=3109839626854 duration_ticks=159084 hr=0x00000000
present frame=1391 source_index=2 allocator_index=2 expected_next=0 observed_next=0 qpc=3109839792595 duration_ticks=163662 hr=0x00000000
present frame=1392 source_index=0 allocator_index=0 expected_next=1 observed_next=1 qpc=3109839960405 duration_ticks=160825 hr=0x00000000
present frame=1393 source_index=1 allocator_index=1 expected_next=2 observed_next=2 qpc=3109840126061 duration_ticks=162581 hr=0x00000000
present frame=1394 source_index=2 allocator_index=2 expected_next=0 observed_next=0 qpc=3109840294215 duration_ticks=160616 hr=0x00000000
present frame=1395 source_index=0 allocator_index=0 expected_next=1 observed_next=1 qpc=3109840460897 duration_ticks=161398 hr=0x00000000
present frame=1396 source_index=1 allocator_index=1 expected_next=2 observed_next=2 qpc=3109840626236 duration_ticks=161543 hr=0x00000000
present frame=1397 source_index=2 allocator_index=2 expected_next=0 observed_next=0 qpc=3109840794002 duration_ticks=162725 hr=0x00000000
present frame=1398 source_index=0 allocator_index=0 expected_next=1 observed_next=1 qpc=3109840964210 duration_ticks=157252 hr=0x00000000
present frame=1399 source_index=1 allocator_index=1 expected_next=2 observed_next=2 qpc=3109841129562 duration_ticks=159292 hr=0x00000000
present frame=1400 source_index=2 allocator_index=2 expected_next=0 observed_next=0 qpc=3109841299390 duration_ticks=157727 hr=0x00000000
present frame=1401 source_index=0 allocator_index=0 expected_next=1 observed_next=1 qpc=3109841467012 duration_ticks=154973 hr=0x00000000
present frame=1402 source_index=1 allocator_index=1 expected_next=2 observed_next=2 qpc=3109841628818 duration_ticks=160651 hr=0x00000000
present frame=1403 source_index=2 allocator_index=2 expected_next=0 observed_next=0 qpc=3109841795370 duration_ticks=176035 hr=0x00000000
present frame=1404 source_index=0 allocator_index=0 expected_next=1 observed_next=1 qpc=3109841973858 duration_ticks=150227 hr=0x00000000
present frame=1405 source_index=1 allocator_index=1 expected_next=2 observed_next=2 qpc=3109842133915 duration_ticks=154245 hr=0x00000000
present frame=1406 source_index=2 allocator_index=2 expected_next=0 observed_next=0 qpc=3109842292265 duration_ticks=162872 hr=0x00000000
present frame=1407 source_index=0 allocator_index=0 expected_next=1 observed_next=1 qpc=3109842463729 duration_ticks=160532 hr=0x00000000
present frame=1408 source_index=1 allocator_index=1 expected_next=2 observed_next=2 qpc=3109842628430 duration_ticks=165206 hr=0x00000000
present frame=1409 source_index=2 allocator_index=2 expected_next=0 observed_next=0 qpc=3109842798072 duration_ticks=162114 hr=0x00000000
present frame=1410 source_index=0 allocator_index=0 expected_next=1 observed_next=1 qpc=3109842966158 duration_ticks=158849 hr=0x00000000
present frame=1411 source_index=1 allocator_index=1 expected_next=2 observed_next=2 qpc=3109843129536 duration_ticks=155531 hr=0x00000000
present frame=1412 source_index=2 allocator_index=2 expected_next=0 observed_next=0 qpc=3109843286715 duration_ticks=161367 hr=0x00000000
present frame=1413 source_index=0 allocator_index=0 expected_next=1 observed_next=1 qpc=3109843450650 duration_ticks=165359 hr=0x00000000
present frame=1414 source_index=1 allocator_index=1 expected_next=2 observed_next=2 qpc=3109843618670 duration_ticks=161246 hr=0x00000000
present frame=1415 source_index=2 allocator_index=2 expected_next=0 observed_next=0 qpc=3109843781665 duration_ticks=164684 hr=0x00000000
present frame=1416 source_index=0 allocator_index=0 expected_next=1 observed_next=1 qpc=3109843948179 duration_ticks=165863 hr=0x00000000
present frame=1417 source_index=1 allocator_index=1 expected_next=2 observed_next=2 qpc=3109844116302 duration_ticks=164455 hr=0x00000000
present frame=1418 source_index=2 allocator_index=2 expected_next=0 observed_next=0 qpc=3109844282903 duration_ticks=164990 hr=0x00000000
present frame=1419 source_index=0 allocator_index=0 expected_next=1 observed_next=1 qpc=3109844450234 duration_ticks=167339 hr=0x00000000
present frame=1420 source_index=1 allocator_index=1 expected_next=2 observed_next=2 qpc=3109844633773 duration_ticks=146251 hr=0x00000000
present frame=1421 source_index=2 allocator_index=2 expected_next=0 observed_next=0 qpc=3109844781822 duration_ticks=170392 hr=0x00000000
present frame=1422 source_index=0 allocator_index=0 expected_next=1 observed_next=1 qpc=3109844954890 duration_ticks=160844 hr=0x00000000
present frame=1423 source_index=1 allocator_index=1 expected_next=2 observed_next=2 qpc=3109845118653 duration_ticks=163777 hr=0x00000000
present frame=1424 source_index=2 allocator_index=2 expected_next=0 observed_next=0 qpc=3109845284939 duration_ticks=165288 hr=0x00000000
present frame=1425 source_index=0 allocator_index=0 expected_next=1 observed_next=1 qpc=3109845452912 duration_ticks=164847 hr=0x00000000
present frame=1426 source_index=1 allocator_index=1 expected_next=2 observed_next=2 qpc=3109845620730 duration_ticks=163642 hr=0x00000000
present frame=1427 source_index=2 allocator_index=2 expected_next=0 observed_next=0 qpc=3109845787288 duration_ticks=161872 hr=0x00000000
present frame=1428 source_index=0 allocator_index=0 expected_next=1 observed_next=1 qpc=3109845952130 duration_ticks=171528 hr=0x00000000
present frame=1429 source_index=1 allocator_index=1 expected_next=2 observed_next=2 qpc=3109846128383 duration_ticks=161659 hr=0x00000000
present frame=1430 source_index=2 allocator_index=2 expected_next=0 observed_next=0 qpc=3109846298085 duration_ticks=160658 hr=0x00000000
present frame=1431 source_index=0 allocator_index=0 expected_next=1 observed_next=1 qpc=3109846563950 duration_ticks=62700 hr=0x00000000
present frame=1432 source_index=1 allocator_index=1 expected_next=2 observed_next=2 qpc=3109846637882 duration_ticks=154644 hr=0x00000000
present frame=1433 source_index=2 allocator_index=2 expected_next=0 observed_next=0 qpc=3109846796969 duration_ticks=162424 hr=0x00000000
present frame=1434 source_index=0 allocator_index=0 expected_next=1 observed_next=1 qpc=3109846964097 duration_ticks=162652 hr=0x00000000
present frame=1435 source_index=1 allocator_index=1 expected_next=2 observed_next=2 qpc=3109847130977 duration_ticks=161580 hr=0x00000000
present frame=1436 source_index=2 allocator_index=2 expected_next=0 observed_next=0 qpc=3109847298040 duration_ticks=162545 hr=0x00000000
present frame=1437 source_index=0 allocator_index=0 expected_next=1 observed_next=1 qpc=3109847467794 duration_ticks=157573 hr=0x00000000
present frame=1438 source_index=1 allocator_index=1 expected_next=2 observed_next=2 qpc=3109847636405 duration_ticks=154704 hr=0x00000000
present frame=1439 source_index=2 allocator_index=2 expected_next=0 observed_next=0 qpc=3109847833242 duration_ticks=120168 hr=0x00000000
present frame=1440 source_index=0 allocator_index=0 expected_next=1 observed_next=1 qpc=3109847955104 duration_ticks=164735 hr=0x00000000
present frame=1441 source_index=1 allocator_index=1 expected_next=2 observed_next=2 qpc=3109848122823 duration_ticks=168842 hr=0x00000000
present frame=1442 source_index=2 allocator_index=2 expected_next=0 observed_next=0 qpc=3109848297761 duration_ticks=157885 hr=0x00000000
present frame=1443 source_index=0 allocator_index=0 expected_next=1 observed_next=1 qpc=3109848459557 duration_ticks=165889 hr=0x00000000
present frame=1444 source_index=1 allocator_index=1 expected_next=2 observed_next=2 qpc=3109848630283 duration_ticks=163479 hr=0x00000000
present frame=1445 source_index=2 allocator_index=2 expected_next=0 observed_next=0 qpc=3109848826166 duration_ticks=126924 hr=0x00000000
present frame=1446 source_index=0 allocator_index=0 expected_next=1 observed_next=1 qpc=3109848954000 duration_ticks=168992 hr=0x00000000
present frame=1447 source_index=1 allocator_index=1 expected_next=2 observed_next=2 qpc=3109849127660 duration_ticks=162262 hr=0x00000000
present frame=1448 source_index=2 allocator_index=2 expected_next=0 observed_next=0 qpc=3109849294184 duration_ticks=167260 hr=0x00000000
present frame=1449 source_index=0 allocator_index=0 expected_next=1 observed_next=1 qpc=3109849469067 duration_ticks=153889 hr=0x00000000
present frame=1450 source_index=1 allocator_index=1 expected_next=2 observed_next=2 qpc=3109849626747 duration_ticks=163262 hr=0x00000000
present frame=1451 source_index=2 allocator_index=2 expected_next=0 observed_next=0 qpc=3109849796863 duration_ticks=158778 hr=0x00000000
present frame=1452 source_index=0 allocator_index=0 expected_next=1 observed_next=1 qpc=3109849959127 duration_ticks=163886 hr=0x00000000
present frame=1453 source_index=1 allocator_index=1 expected_next=2 observed_next=2 qpc=3109850128390 duration_ticks=161452 hr=0x00000000
present frame=1454 source_index=2 allocator_index=2 expected_next=0 observed_next=0 qpc=3109850297321 duration_ticks=159529 hr=0x00000000
present frame=1455 source_index=0 allocator_index=0 expected_next=1 observed_next=1 qpc=3109850464432 duration_ticks=158326 hr=0x00000000
present frame=1456 source_index=1 allocator_index=1 expected_next=2 observed_next=2 qpc=3109850629520 duration_ticks=158942 hr=0x00000000
present frame=1457 source_index=2 allocator_index=2 expected_next=0 observed_next=0 qpc=3109850795257 duration_ticks=160971 hr=0x00000000
present frame=1458 source_index=0 allocator_index=0 expected_next=1 observed_next=1 qpc=3109850960783 duration_ticks=163659 hr=0x00000000
present frame=1459 source_index=1 allocator_index=1 expected_next=2 observed_next=2 qpc=3109851128533 duration_ticks=162712 hr=0x00000000
present frame=1460 source_index=2 allocator_index=2 expected_next=0 observed_next=0 qpc=3109851296641 duration_ticks=158997 hr=0x00000000
present frame=1461 source_index=0 allocator_index=0 expected_next=1 observed_next=1 qpc=3109851459246 duration_ticks=162171 hr=0x00000000
present frame=1462 source_index=1 allocator_index=1 expected_next=2 observed_next=2 qpc=3109851630899 duration_ticks=159531 hr=0x00000000
present frame=1463 source_index=2 allocator_index=2 expected_next=0 observed_next=0 qpc=3109851794199 duration_ticks=166900 hr=0x00000000
present frame=1464 source_index=0 allocator_index=0 expected_next=1 observed_next=1 qpc=3109851980537 duration_ticks=145774 hr=0x00000000
present frame=1465 source_index=1 allocator_index=1 expected_next=2 observed_next=2 qpc=3109852131640 duration_ticks=161662 hr=0x00000000
present frame=1466 source_index=2 allocator_index=2 expected_next=0 observed_next=0 qpc=3109852297327 duration_ticks=167845 hr=0x00000000
present frame=1467 source_index=0 allocator_index=0 expected_next=1 observed_next=1 qpc=3109852472734 duration_ticks=150916 hr=0x00000000
present frame=1468 source_index=1 allocator_index=1 expected_next=2 observed_next=2 qpc=3109852628995 duration_ticks=166051 hr=0x00000000
present frame=1469 source_index=2 allocator_index=2 expected_next=0 observed_next=0 qpc=3109852802242 duration_ticks=155540 hr=0x00000000
present frame=1470 source_index=0 allocator_index=0 expected_next=1 observed_next=1 qpc=3109852961831 duration_ticks=161779 hr=0x00000000
present frame=1471 source_index=1 allocator_index=1 expected_next=2 observed_next=2 qpc=3109853127801 duration_ticks=162902 hr=0x00000000
present frame=1472 source_index=2 allocator_index=2 expected_next=0 observed_next=0 qpc=3109853294501 duration_ticks=163829 hr=0x00000000
present frame=1473 source_index=0 allocator_index=0 expected_next=1 observed_next=1 qpc=3109853462354 duration_ticks=162741 hr=0x00000000
present frame=1474 source_index=1 allocator_index=1 expected_next=2 observed_next=2 qpc=3109853628983 duration_ticks=161166 hr=0x00000000
present frame=1475 source_index=2 allocator_index=2 expected_next=0 observed_next=0 qpc=3109853805285 duration_ticks=158574 hr=0x00000000
present frame=1476 source_index=0 allocator_index=0 expected_next=1 observed_next=1 qpc=3109853969617 duration_ticks=153667 hr=0x00000000
present frame=1477 source_index=1 allocator_index=1 expected_next=2 observed_next=2 qpc=3109854127004 duration_ticks=163851 hr=0x00000000
present frame=1478 source_index=2 allocator_index=2 expected_next=0 observed_next=0 qpc=3109854299151 duration_ticks=158847 hr=0x00000000
present frame=1479 source_index=0 allocator_index=0 expected_next=1 observed_next=1 qpc=3109854463678 duration_ticks=164063 hr=0x00000000
present frame=1480 source_index=1 allocator_index=1 expected_next=2 observed_next=2 qpc=3109854631921 duration_ticks=163158 hr=0x00000000
present frame=1481 source_index=2 allocator_index=2 expected_next=0 observed_next=0 qpc=3109854809249 duration_ticks=147526 hr=0x00000000
present frame=1482 source_index=0 allocator_index=0 expected_next=1 observed_next=1 qpc=3109854960819 duration_ticks=166073 hr=0x00000000
present frame=1483 source_index=1 allocator_index=1 expected_next=2 observed_next=2 qpc=3109855131057 duration_ticks=156408 hr=0x00000000
present frame=1484 source_index=2 allocator_index=2 expected_next=0 observed_next=0 qpc=3109855291857 duration_ticks=165345 hr=0x00000000
present frame=1485 source_index=0 allocator_index=0 expected_next=1 observed_next=1 qpc=3109855461181 duration_ticks=164610 hr=0x00000000
present frame=1486 source_index=1 allocator_index=1 expected_next=2 observed_next=2 qpc=3109855634658 duration_ticks=159304 hr=0x00000000
present frame=1487 source_index=2 allocator_index=2 expected_next=0 observed_next=0 qpc=3109855798048 duration_ticks=159784 hr=0x00000000
present frame=1488 source_index=0 allocator_index=0 expected_next=1 observed_next=1 qpc=3109855961932 duration_ticks=163988 hr=0x00000000
present frame=1489 source_index=1 allocator_index=1 expected_next=2 observed_next=2 qpc=3109856130786 duration_ticks=161549 hr=0x00000000
present frame=1490 source_index=2 allocator_index=2 expected_next=0 observed_next=0 qpc=3109856296361 duration_ticks=163056 hr=0x00000000
present frame=1491 source_index=0 allocator_index=0 expected_next=1 observed_next=1 qpc=3109856564759 duration_ticks=79499 hr=0x00000000
present frame=1492 source_index=1 allocator_index=1 expected_next=2 observed_next=2 qpc=3109856655435 duration_ticks=135668 hr=0x00000000
present frame=1493 source_index=2 allocator_index=2 expected_next=0 observed_next=0 qpc=3109856794321 duration_ticks=165858 hr=0x00000000
present frame=1494 source_index=0 allocator_index=0 expected_next=1 observed_next=1 qpc=3109856982915 duration_ticks=142655 hr=0x00000000
present frame=1495 source_index=1 allocator_index=1 expected_next=2 observed_next=2 qpc=3109857129267 duration_ticks=161752 hr=0x00000000
present frame=1496 source_index=2 allocator_index=2 expected_next=0 observed_next=0 qpc=3109857295756 duration_ticks=163602 hr=0x00000000
present frame=1497 source_index=0 allocator_index=0 expected_next=1 observed_next=1 qpc=3109857464496 duration_ticks=159558 hr=0x00000000
present frame=1498 source_index=1 allocator_index=1 expected_next=2 observed_next=2 qpc=3109857628007 duration_ticks=162044 hr=0x00000000
present frame=1499 source_index=2 allocator_index=2 expected_next=0 observed_next=0 qpc=3109857795270 duration_ticks=161848 hr=0x00000000
present frame=1500 source_index=0 allocator_index=0 expected_next=1 observed_next=1 qpc=3109857961080 duration_ticks=162936 hr=0x00000000
present frame=1501 source_index=1 allocator_index=1 expected_next=2 observed_next=2 qpc=3109858136734 duration_ticks=151388 hr=0x00000000
present frame=1502 source_index=2 allocator_index=2 expected_next=0 observed_next=0 qpc=3109858292434 duration_ticks=164596 hr=0x00000000
present frame=1503 source_index=0 allocator_index=0 expected_next=1 observed_next=1 qpc=3109858461519 duration_ticks=161915 hr=0x00000000
present frame=1504 source_index=1 allocator_index=1 expected_next=2 observed_next=2 qpc=3109858628467 duration_ticks=160729 hr=0x00000000
present frame=1505 source_index=2 allocator_index=2 expected_next=0 observed_next=0 qpc=3109858793124 duration_ticks=163493 hr=0x00000000
present frame=1506 source_index=0 allocator_index=0 expected_next=1 observed_next=1 qpc=3109858961440 duration_ticks=162183 hr=0x00000000
present frame=1507 source_index=1 allocator_index=1 expected_next=2 observed_next=2 qpc=3109859127545 duration_ticks=160904 hr=0x00000000
present frame=1508 source_index=2 allocator_index=2 expected_next=0 observed_next=0 qpc=3109859298760 duration_ticks=157075 hr=0x00000000
present frame=1509 source_index=0 allocator_index=0 expected_next=1 observed_next=1 qpc=3109859463419 duration_ticks=154596 hr=0x00000000
present frame=1510 source_index=1 allocator_index=1 expected_next=2 observed_next=2 qpc=3109859619741 duration_ticks=164190 hr=0x00000000
present frame=1511 source_index=2 allocator_index=2 expected_next=0 observed_next=0 qpc=3109859785742 duration_ticks=164095 hr=0x00000000
present frame=1512 source_index=0 allocator_index=0 expected_next=1 observed_next=1 qpc=3109859950959 duration_ticks=167975 hr=0x00000000
present frame=1513 source_index=1 allocator_index=1 expected_next=2 observed_next=2 qpc=3109860121271 duration_ticks=166566 hr=0x00000000
present frame=1514 source_index=2 allocator_index=2 expected_next=0 observed_next=0 qpc=3109860293717 duration_ticks=160844 hr=0x00000000
present frame=1515 source_index=0 allocator_index=0 expected_next=1 observed_next=1 qpc=3109860458335 duration_ticks=158980 hr=0x00000000
present frame=1516 source_index=1 allocator_index=1 expected_next=2 observed_next=2 qpc=3109860618529 duration_ticks=168448 hr=0x00000000
present frame=1517 source_index=2 allocator_index=2 expected_next=0 observed_next=0 qpc=3109860791165 duration_ticks=160109 hr=0x00000000
present frame=1518 source_index=0 allocator_index=0 expected_next=1 observed_next=1 qpc=3109860952199 duration_ticks=172321 hr=0x00000000
present frame=1519 source_index=1 allocator_index=1 expected_next=2 observed_next=2 qpc=3109861127752 duration_ticks=157039 hr=0x00000000
present frame=1520 source_index=2 allocator_index=2 expected_next=0 observed_next=0 qpc=3109861285776 duration_ticks=164723 hr=0x00000000
present frame=1521 source_index=0 allocator_index=0 expected_next=1 observed_next=1 qpc=3109861451363 duration_ticks=166388 hr=0x00000000
present frame=1522 source_index=1 allocator_index=1 expected_next=2 observed_next=2 qpc=3109861618600 duration_ticks=165055 hr=0x00000000
present frame=1523 source_index=2 allocator_index=2 expected_next=0 observed_next=0 qpc=3109861784630 duration_ticks=166375 hr=0x00000000
present frame=1524 source_index=0 allocator_index=0 expected_next=1 observed_next=1 qpc=3109861952241 duration_ticks=168437 hr=0x00000000
present frame=1525 source_index=1 allocator_index=1 expected_next=2 observed_next=2 qpc=3109862123765 duration_ticks=164862 hr=0x00000000
present frame=1526 source_index=2 allocator_index=2 expected_next=0 observed_next=0 qpc=3109862292452 duration_ticks=161095 hr=0x00000000
present frame=1527 source_index=0 allocator_index=0 expected_next=1 observed_next=1 qpc=3109862457154 duration_ticks=165201 hr=0x00000000
present frame=1528 source_index=1 allocator_index=1 expected_next=2 observed_next=2 qpc=3109862625937 duration_ticks=163003 hr=0x00000000
present frame=1529 source_index=2 allocator_index=2 expected_next=0 observed_next=0 qpc=3109862792640 duration_ticks=161254 hr=0x00000000
present frame=1530 source_index=0 allocator_index=0 expected_next=1 observed_next=1 qpc=3109862957547 duration_ticks=162923 hr=0x00000000
present frame=1531 source_index=1 allocator_index=1 expected_next=2 observed_next=2 qpc=3109863124484 duration_ticks=163668 hr=0x00000000
present frame=1532 source_index=2 allocator_index=2 expected_next=0 observed_next=0 qpc=3109863291790 duration_ticks=159248 hr=0x00000000
present frame=1533 source_index=0 allocator_index=0 expected_next=1 observed_next=1 qpc=3109863451962 duration_ticks=169067 hr=0x00000000
present frame=1534 source_index=1 allocator_index=1 expected_next=2 observed_next=2 qpc=3109863624964 duration_ticks=166833 hr=0x00000000
present frame=1535 source_index=2 allocator_index=2 expected_next=0 observed_next=0 qpc=3109863795592 duration_ticks=164004 hr=0x00000000
present frame=1536 source_index=0 allocator_index=0 expected_next=1 observed_next=1 qpc=3109863964053 duration_ticks=153248 hr=0x00000000
present frame=1537 source_index=1 allocator_index=1 expected_next=2 observed_next=2 qpc=3109864117928 duration_ticks=168937 hr=0x00000000
present frame=1538 source_index=2 allocator_index=2 expected_next=0 observed_next=0 qpc=3109864290407 duration_ticks=162747 hr=0x00000000
present frame=1539 source_index=0 allocator_index=0 expected_next=1 observed_next=1 qpc=3109864458570 duration_ticks=161571 hr=0x00000000
present frame=1540 source_index=1 allocator_index=1 expected_next=2 observed_next=2 qpc=3109864623864 duration_ticks=164668 hr=0x00000000
present frame=1541 source_index=2 allocator_index=2 expected_next=0 observed_next=0 qpc=3109864792283 duration_ticks=162547 hr=0x00000000
present frame=1542 source_index=0 allocator_index=0 expected_next=1 observed_next=1 qpc=3109864959138 duration_ticks=157830 hr=0x00000000
present frame=1543 source_index=1 allocator_index=1 expected_next=2 observed_next=2 qpc=3109865117528 duration_ticks=167523 hr=0x00000000
present frame=1544 source_index=2 allocator_index=2 expected_next=0 observed_next=0 qpc=3109865285639 duration_ticks=168913 hr=0x00000000
present frame=1545 source_index=0 allocator_index=0 expected_next=1 observed_next=1 qpc=3109865455562 duration_ticks=161590 hr=0x00000000
present frame=1546 source_index=1 allocator_index=1 expected_next=2 observed_next=2 qpc=3109865617761 duration_ticks=165376 hr=0x00000000
present frame=1547 source_index=2 allocator_index=2 expected_next=0 observed_next=0 qpc=3109865784015 duration_ticks=169788 hr=0x00000000
present frame=1548 source_index=0 allocator_index=0 expected_next=1 observed_next=1 qpc=3109865957077 duration_ticks=162602 hr=0x00000000
present frame=1549 source_index=1 allocator_index=1 expected_next=2 observed_next=2 qpc=3109866124297 duration_ticks=164597 hr=0x00000000
present frame=1550 source_index=2 allocator_index=2 expected_next=0 observed_next=0 qpc=3109866292542 duration_ticks=163201 hr=0x00000000
present frame=1551 source_index=0 allocator_index=0 expected_next=1 observed_next=1 qpc=3109866502997 duration_ticks=115060 hr=0x00000000
present frame=1552 source_index=1 allocator_index=1 expected_next=2 observed_next=2 qpc=3109866618610 duration_ticks=163671 hr=0x00000000
present frame=1553 source_index=2 allocator_index=2 expected_next=0 observed_next=0 qpc=3109866782954 duration_ticks=167016 hr=0x00000000
present frame=1554 source_index=0 allocator_index=0 expected_next=1 observed_next=1 qpc=3109866950555 duration_ticks=170756 hr=0x00000000
present frame=1555 source_index=1 allocator_index=1 expected_next=2 observed_next=2 qpc=3109867124716 duration_ticks=164555 hr=0x00000000
present frame=1556 source_index=2 allocator_index=2 expected_next=0 observed_next=0 qpc=3109867292786 duration_ticks=159064 hr=0x00000000
present frame=1557 source_index=0 allocator_index=0 expected_next=1 observed_next=1 qpc=3109867452649 duration_ticks=165004 hr=0x00000000
present frame=1558 source_index=1 allocator_index=1 expected_next=2 observed_next=2 qpc=3109867619250 duration_ticks=158790 hr=0x00000000
present frame=1559 source_index=2 allocator_index=2 expected_next=0 observed_next=0 qpc=3109867778740 duration_ticks=165110 hr=0x00000000
present frame=1560 source_index=0 allocator_index=0 expected_next=1 observed_next=1 qpc=3109867944294 duration_ticks=165551 hr=0x00000000
present frame=1561 source_index=1 allocator_index=1 expected_next=2 observed_next=2 qpc=3109868110708 duration_ticks=166462 hr=0x00000000
present frame=1562 source_index=2 allocator_index=2 expected_next=0 observed_next=0 qpc=3109868277709 duration_ticks=168716 hr=0x00000000
present frame=1563 source_index=0 allocator_index=0 expected_next=1 observed_next=1 qpc=3109868447328 duration_ticks=163969 hr=0x00000000
present frame=1564 source_index=1 allocator_index=1 expected_next=2 observed_next=2 qpc=3109868611960 duration_ticks=165867 hr=0x00000000
present frame=1565 source_index=2 allocator_index=2 expected_next=0 observed_next=0 qpc=3109868778192 duration_ticks=165144 hr=0x00000000
present frame=1566 source_index=0 allocator_index=0 expected_next=1 observed_next=1 qpc=3109868943755 duration_ticks=166930 hr=0x00000000
present frame=1567 source_index=1 allocator_index=1 expected_next=2 observed_next=2 qpc=3109869111047 duration_ticks=166373 hr=0x00000000
present frame=1568 source_index=2 allocator_index=2 expected_next=0 observed_next=0 qpc=3109869277837 duration_ticks=167054 hr=0x00000000
present frame=1569 source_index=0 allocator_index=0 expected_next=1 observed_next=1 qpc=3109869445589 duration_ticks=166103 hr=0x00000000
present frame=1570 source_index=1 allocator_index=1 expected_next=2 observed_next=2 qpc=3109869612172 duration_ticks=166410 hr=0x00000000
present frame=1571 source_index=2 allocator_index=2 expected_next=0 observed_next=0 qpc=3109869779034 duration_ticks=166188 hr=0x00000000
present frame=1572 source_index=0 allocator_index=0 expected_next=1 observed_next=1 qpc=3109869945751 duration_ticks=165713 hr=0x00000000
present frame=1573 source_index=1 allocator_index=1 expected_next=2 observed_next=2 qpc=3109870112101 duration_ticks=167211 hr=0x00000000
present frame=1574 source_index=2 allocator_index=2 expected_next=0 observed_next=0 qpc=3109870279755 duration_ticks=166268 hr=0x00000000
present frame=1575 source_index=0 allocator_index=0 expected_next=1 observed_next=1 qpc=3109870446492 duration_ticks=168442 hr=0x00000000
present frame=1576 source_index=1 allocator_index=1 expected_next=2 observed_next=2 qpc=3109870617259 duration_ticks=166938 hr=0x00000000
present frame=1577 source_index=2 allocator_index=2 expected_next=0 observed_next=0 qpc=3109870787342 duration_ticks=166934 hr=0x00000000
present frame=1578 source_index=0 allocator_index=0 expected_next=1 observed_next=1 qpc=3109870959280 duration_ticks=160816 hr=0x00000000
present frame=1579 source_index=1 allocator_index=1 expected_next=2 observed_next=2 qpc=3109871125388 duration_ticks=163511 hr=0x00000000
present frame=1580 source_index=2 allocator_index=2 expected_next=0 observed_next=0 qpc=3109871294571 duration_ticks=159669 hr=0x00000000
present frame=1581 source_index=0 allocator_index=0 expected_next=1 observed_next=1 qpc=3109871459815 duration_ticks=160313 hr=0x00000000
present frame=1582 source_index=1 allocator_index=1 expected_next=2 observed_next=2 qpc=3109871625262 duration_ticks=161977 hr=0x00000000
present frame=1583 source_index=2 allocator_index=2 expected_next=0 observed_next=0 qpc=3109871791041 duration_ticks=166915 hr=0x00000000
present frame=1584 source_index=0 allocator_index=0 expected_next=1 observed_next=1 qpc=3109871966480 duration_ticks=157690 hr=0x00000000
present frame=1585 source_index=1 allocator_index=1 expected_next=2 observed_next=2 qpc=3109872128336 duration_ticks=160877 hr=0x00000000
present frame=1586 source_index=2 allocator_index=2 expected_next=0 observed_next=0 qpc=3109872299235 duration_ticks=157413 hr=0x00000000
present frame=1587 source_index=0 allocator_index=0 expected_next=1 observed_next=1 qpc=3109872460712 duration_ticks=160931 hr=0x00000000
present frame=1588 source_index=1 allocator_index=1 expected_next=2 observed_next=2 qpc=3109872625629 duration_ticks=165408 hr=0x00000000
present frame=1589 source_index=2 allocator_index=2 expected_next=0 observed_next=0 qpc=3109872795306 duration_ticks=155918 hr=0x00000000
present frame=1590 source_index=0 allocator_index=0 expected_next=1 observed_next=1 qpc=3109872952702 duration_ticks=159528 hr=0x00000000
present frame=1591 source_index=1 allocator_index=1 expected_next=2 observed_next=2 qpc=3109873112853 duration_ticks=165802 hr=0x00000000
present frame=1592 source_index=2 allocator_index=2 expected_next=0 observed_next=0 qpc=3109873279395 duration_ticks=164720 hr=0x00000000
present frame=1593 source_index=0 allocator_index=0 expected_next=1 observed_next=1 qpc=3109873444643 duration_ticks=167404 hr=0x00000000
present frame=1594 source_index=1 allocator_index=1 expected_next=2 observed_next=2 qpc=3109873612499 duration_ticks=167963 hr=0x00000000
present frame=1595 source_index=2 allocator_index=2 expected_next=0 observed_next=0 qpc=3109873781400 duration_ticks=164447 hr=0x00000000
present frame=1596 source_index=0 allocator_index=0 expected_next=1 observed_next=1 qpc=3109873946369 duration_ticks=167940 hr=0x00000000
present frame=1597 source_index=1 allocator_index=1 expected_next=2 observed_next=2 qpc=3109874114773 duration_ticks=165924 hr=0x00000000
present frame=1598 source_index=2 allocator_index=2 expected_next=0 observed_next=0 qpc=3109874281129 duration_ticks=167711 hr=0x00000000
present frame=1599 source_index=0 allocator_index=0 expected_next=1 observed_next=1 qpc=3109874449551 duration_ticks=163835 hr=0x00000000
present frame=1600 source_index=1 allocator_index=1 expected_next=2 observed_next=2 qpc=3109874613784 duration_ticks=168437 hr=0x00000000
present frame=1601 source_index=2 allocator_index=2 expected_next=0 observed_next=0 qpc=3109874784215 duration_ticks=165325 hr=0x00000000
present frame=1602 source_index=0 allocator_index=0 expected_next=1 observed_next=1 qpc=3109874952452 duration_ticks=163169 hr=0x00000000
present frame=1603 source_index=1 allocator_index=1 expected_next=2 observed_next=2 qpc=3109875118229 duration_ticks=169777 hr=0x00000000
present frame=1604 source_index=2 allocator_index=2 expected_next=0 observed_next=0 qpc=3109875292201 duration_ticks=165255 hr=0x00000000
present frame=1605 source_index=0 allocator_index=0 expected_next=1 observed_next=1 qpc=3109875461861 duration_ticks=161455 hr=0x00000000
present frame=1606 source_index=1 allocator_index=1 expected_next=2 observed_next=2 qpc=3109875628735 duration_ticks=163008 hr=0x00000000
present frame=1607 source_index=2 allocator_index=2 expected_next=0 observed_next=0 qpc=3109875797321 duration_ticks=161247 hr=0x00000000
present frame=1608 source_index=0 allocator_index=0 expected_next=1 observed_next=1 qpc=3109875962767 duration_ticks=165746 hr=0x00000000
present frame=1609 source_index=1 allocator_index=1 expected_next=2 observed_next=2 qpc=3109876141944 duration_ticks=150682 hr=0x00000000
present frame=1610 source_index=2 allocator_index=2 expected_next=0 observed_next=0 qpc=3109876296745 duration_ticks=162624 hr=0x00000000
present frame=1611 source_index=0 allocator_index=0 expected_next=1 observed_next=1 qpc=3109876564231 duration_ticks=59603 hr=0x00000000
present frame=1612 source_index=1 allocator_index=1 expected_next=2 observed_next=2 qpc=3109876627332 duration_ticks=165696 hr=0x00000000
present frame=1613 source_index=2 allocator_index=2 expected_next=0 observed_next=0 qpc=3109876806807 duration_ticks=153118 hr=0x00000000
present frame=1614 source_index=0 allocator_index=0 expected_next=1 observed_next=1 qpc=3109876963991 duration_ticks=160514 hr=0x00000000
present frame=1615 source_index=1 allocator_index=1 expected_next=2 observed_next=2 qpc=3109877130068 duration_ticks=162842 hr=0x00000000
present frame=1616 source_index=2 allocator_index=2 expected_next=0 observed_next=0 qpc=3109877300700 duration_ticks=157002 hr=0x00000000
present frame=1617 source_index=0 allocator_index=0 expected_next=1 observed_next=1 qpc=3109877461727 duration_ticks=161590 hr=0x00000000
present frame=1618 source_index=1 allocator_index=1 expected_next=2 observed_next=2 qpc=3109877633723 duration_ticks=156860 hr=0x00000000
present frame=1619 source_index=2 allocator_index=2 expected_next=0 observed_next=0 qpc=3109877794537 duration_ticks=162641 hr=0x00000000
present frame=1620 source_index=0 allocator_index=0 expected_next=1 observed_next=1 qpc=3109877961243 duration_ticks=163508 hr=0x00000000
present frame=1621 source_index=1 allocator_index=1 expected_next=2 observed_next=2 qpc=3109878136087 duration_ticks=153703 hr=0x00000000
present frame=1622 source_index=2 allocator_index=2 expected_next=0 observed_next=0 qpc=3109878295350 duration_ticks=163915 hr=0x00000000
present frame=1623 source_index=0 allocator_index=0 expected_next=1 observed_next=1 qpc=3109878463329 duration_ticks=159292 hr=0x00000000
present frame=1624 source_index=1 allocator_index=1 expected_next=2 observed_next=2 qpc=3109878628264 duration_ticks=163410 hr=0x00000000
present frame=1625 source_index=2 allocator_index=2 expected_next=0 observed_next=0 qpc=3109878800463 duration_ticks=158116 hr=0x00000000
present frame=1626 source_index=0 allocator_index=0 expected_next=1 observed_next=1 qpc=3109878963002 duration_ticks=160917 hr=0x00000000
present frame=1627 source_index=1 allocator_index=1 expected_next=2 observed_next=2 qpc=3109879128415 duration_ticks=160078 hr=0x00000000
present frame=1628 source_index=2 allocator_index=2 expected_next=0 observed_next=0 qpc=3109879291853 duration_ticks=165224 hr=0x00000000
present frame=1629 source_index=0 allocator_index=0 expected_next=1 observed_next=1 qpc=3109879462486 duration_ticks=161961 hr=0x00000000
present frame=1630 source_index=1 allocator_index=1 expected_next=2 observed_next=2 qpc=3109879629292 duration_ticks=157378 hr=0x00000000
present frame=1631 source_index=2 allocator_index=2 expected_next=0 observed_next=0 qpc=3109879791260 duration_ticks=169546 hr=0x00000000
present frame=1632 source_index=0 allocator_index=0 expected_next=1 observed_next=1 qpc=3109879969740 duration_ticks=154995 hr=0x00000000
present frame=1633 source_index=1 allocator_index=1 expected_next=2 observed_next=2 qpc=3109880132422 duration_ticks=155708 hr=0x00000000
present frame=1634 source_index=2 allocator_index=2 expected_next=0 observed_next=0 qpc=3109880291701 duration_ticks=163336 hr=0x00000000
present frame=1635 source_index=0 allocator_index=0 expected_next=1 observed_next=1 qpc=3109880458682 duration_ticks=162147 hr=0x00000000
present frame=1636 source_index=1 allocator_index=1 expected_next=2 observed_next=2 qpc=3109880625160 duration_ticks=163472 hr=0x00000000
present frame=1637 source_index=2 allocator_index=2 expected_next=0 observed_next=0 qpc=3109880792800 duration_ticks=161001 hr=0x00000000
present frame=1638 source_index=0 allocator_index=0 expected_next=1 observed_next=1 qpc=3109880959094 duration_ticks=164556 hr=0x00000000
present frame=1639 source_index=1 allocator_index=1 expected_next=2 observed_next=2 qpc=3109881130276 duration_ticks=159561 hr=0x00000000
present frame=1640 source_index=2 allocator_index=2 expected_next=0 observed_next=0 qpc=3109881295060 duration_ticks=160223 hr=0x00000000
present frame=1641 source_index=0 allocator_index=0 expected_next=1 observed_next=1 qpc=3109881460436 duration_ticks=160051 hr=0x00000000
present frame=1642 source_index=1 allocator_index=1 expected_next=2 observed_next=2 qpc=3109881624266 duration_ticks=163274 hr=0x00000000
present frame=1643 source_index=2 allocator_index=2 expected_next=0 observed_next=0 qpc=3109881793790 duration_ticks=162292 hr=0x00000000
present frame=1644 source_index=0 allocator_index=0 expected_next=1 observed_next=1 qpc=3109881959677 duration_ticks=164663 hr=0x00000000
present frame=1645 source_index=1 allocator_index=1 expected_next=2 observed_next=2 qpc=3109882133148 duration_ticks=159746 hr=0x00000000
present frame=1646 source_index=2 allocator_index=2 expected_next=0 observed_next=0 qpc=3109882296897 duration_ticks=159024 hr=0x00000000
present frame=1647 source_index=0 allocator_index=0 expected_next=1 observed_next=1 qpc=3109882459961 duration_ticks=164030 hr=0x00000000
present frame=1648 source_index=1 allocator_index=1 expected_next=2 observed_next=2 qpc=3109882631227 duration_ticks=158962 hr=0x00000000
present frame=1649 source_index=2 allocator_index=2 expected_next=0 observed_next=0 qpc=3109882794020 duration_ticks=162750 hr=0x00000000
present frame=1650 source_index=0 allocator_index=0 expected_next=1 observed_next=1 qpc=3109882961871 duration_ticks=159284 hr=0x00000000
present frame=1651 source_index=1 allocator_index=1 expected_next=2 observed_next=2 qpc=3109883127004 duration_ticks=159958 hr=0x00000000
present frame=1652 source_index=2 allocator_index=2 expected_next=0 observed_next=0 qpc=3109883290570 duration_ticks=169455 hr=0x00000000
present frame=1653 source_index=0 allocator_index=0 expected_next=1 observed_next=1 qpc=3109883464856 duration_ticks=158071 hr=0x00000000
present frame=1654 source_index=1 allocator_index=1 expected_next=2 observed_next=2 qpc=3109883627640 duration_ticks=161475 hr=0x00000000
present frame=1655 source_index=2 allocator_index=2 expected_next=0 observed_next=0 qpc=3109883795195 duration_ticks=161778 hr=0x00000000
present frame=1656 source_index=0 allocator_index=0 expected_next=1 observed_next=1 qpc=3109883960802 duration_ticks=162757 hr=0x00000000
present frame=1657 source_index=1 allocator_index=1 expected_next=2 observed_next=2 qpc=3109884127047 duration_ticks=161971 hr=0x00000000
present frame=1658 source_index=2 allocator_index=2 expected_next=0 observed_next=0 qpc=3109884292722 duration_ticks=163679 hr=0x00000000
present frame=1659 source_index=0 allocator_index=0 expected_next=1 observed_next=1 qpc=3109884460068 duration_ticks=162606 hr=0x00000000
present frame=1660 source_index=1 allocator_index=1 expected_next=2 observed_next=2 qpc=3109884630126 duration_ticks=156498 hr=0x00000000
present frame=1661 source_index=2 allocator_index=2 expected_next=0 observed_next=0 qpc=3109884790464 duration_ticks=161443 hr=0x00000000
present frame=1662 source_index=0 allocator_index=0 expected_next=1 observed_next=1 qpc=3109884957816 duration_ticks=164296 hr=0x00000000
present frame=1663 source_index=1 allocator_index=1 expected_next=2 observed_next=2 qpc=3109885125547 duration_ticks=161468 hr=0x00000000
present frame=1664 source_index=2 allocator_index=2 expected_next=0 observed_next=0 qpc=3109885290619 duration_ticks=162891 hr=0x00000000
present frame=1665 source_index=0 allocator_index=0 expected_next=1 observed_next=1 qpc=3109885457211 duration_ticks=162280 hr=0x00000000
present frame=1666 source_index=1 allocator_index=1 expected_next=2 observed_next=2 qpc=3109885623675 duration_ticks=166595 hr=0x00000000
present frame=1667 source_index=2 allocator_index=2 expected_next=0 observed_next=0 qpc=3109885795029 duration_ticks=162322 hr=0x00000000
present frame=1668 source_index=0 allocator_index=0 expected_next=1 observed_next=1 qpc=3109885961310 duration_ticks=163414 hr=0x00000000
present frame=1669 source_index=1 allocator_index=1 expected_next=2 observed_next=2 qpc=3109886129782 duration_ticks=159196 hr=0x00000000
present frame=1670 source_index=2 allocator_index=2 expected_next=0 observed_next=0 qpc=3109886302722 duration_ticks=149829 hr=0x00000000
present frame=1671 source_index=0 allocator_index=0 expected_next=1 observed_next=1 qpc=3109886454151 duration_ticks=165868 hr=0x00000000
present frame=1672 source_index=1 allocator_index=1 expected_next=2 observed_next=2 qpc=3109886621803 duration_ticks=154442 hr=0x00000000
present frame=1673 source_index=2 allocator_index=2 expected_next=0 observed_next=0 qpc=3109886777396 duration_ticks=166796 hr=0x00000000
present frame=1674 source_index=0 allocator_index=0 expected_next=1 observed_next=1 qpc=3109886944816 duration_ticks=167409 hr=0x00000000
present frame=1675 source_index=1 allocator_index=1 expected_next=2 observed_next=2 qpc=3109887112627 duration_ticks=165727 hr=0x00000000
present frame=1676 source_index=2 allocator_index=2 expected_next=0 observed_next=0 qpc=3109887278714 duration_ticks=166795 hr=0x00000000
present frame=1677 source_index=0 allocator_index=0 expected_next=1 observed_next=1 qpc=3109887446002 duration_ticks=165001 hr=0x00000000
present frame=1678 source_index=1 allocator_index=1 expected_next=2 observed_next=2 qpc=3109887611375 duration_ticks=168727 hr=0x00000000
present frame=1679 source_index=2 allocator_index=2 expected_next=0 observed_next=0 qpc=3109887780565 duration_ticks=167606 hr=0x00000000
present frame=1680 source_index=0 allocator_index=0 expected_next=1 observed_next=1 qpc=3109887950313 duration_ticks=165388 hr=0x00000000
present frame=1681 source_index=1 allocator_index=1 expected_next=2 observed_next=2 qpc=3109888119020 duration_ticks=167957 hr=0x00000000
present frame=1682 source_index=2 allocator_index=2 expected_next=0 observed_next=0 qpc=3109888290871 duration_ticks=167046 hr=0x00000000
present frame=1683 source_index=0 allocator_index=0 expected_next=1 observed_next=1 qpc=3109888461910 duration_ticks=161393 hr=0x00000000
present frame=1684 source_index=1 allocator_index=1 expected_next=2 observed_next=2 qpc=3109888627940 duration_ticks=162359 hr=0x00000000
present frame=1685 source_index=2 allocator_index=2 expected_next=0 observed_next=0 qpc=3109888794987 duration_ticks=161713 hr=0x00000000
present frame=1686 source_index=0 allocator_index=0 expected_next=1 observed_next=1 qpc=3109888961542 duration_ticks=160151 hr=0x00000000
present frame=1687 source_index=1 allocator_index=1 expected_next=2 observed_next=2 qpc=3109889130297 duration_ticks=158410 hr=0x00000000
present frame=1688 source_index=2 allocator_index=2 expected_next=0 observed_next=0 qpc=3109889293616 duration_ticks=160460 hr=0x00000000
present frame=1689 source_index=0 allocator_index=0 expected_next=1 observed_next=1 qpc=3109889458845 duration_ticks=162734 hr=0x00000000
present frame=1690 source_index=1 allocator_index=1 expected_next=2 observed_next=2 qpc=3109889626813 duration_ticks=159962 hr=0x00000000
present frame=1691 source_index=2 allocator_index=2 expected_next=0 observed_next=0 qpc=3109889791986 duration_ticks=163209 hr=0x00000000
present frame=1692 source_index=0 allocator_index=0 expected_next=1 observed_next=1 qpc=3109889962217 duration_ticks=158355 hr=0x00000000
present frame=1693 source_index=1 allocator_index=1 expected_next=2 observed_next=2 qpc=3109890126077 duration_ticks=164038 hr=0x00000000
present frame=1694 source_index=2 allocator_index=2 expected_next=0 observed_next=0 qpc=3109890297889 duration_ticks=156068 hr=0x00000000
present frame=1695 source_index=0 allocator_index=0 expected_next=1 observed_next=1 qpc=3109890459143 duration_ticks=161358 hr=0x00000000
present frame=1696 source_index=1 allocator_index=1 expected_next=2 observed_next=2 qpc=3109890625854 duration_ticks=161794 hr=0x00000000
present frame=1697 source_index=2 allocator_index=2 expected_next=0 observed_next=0 qpc=3109890793968 duration_ticks=160021 hr=0x00000000
present frame=1698 source_index=0 allocator_index=0 expected_next=1 observed_next=1 qpc=3109890960040 duration_ticks=164304 hr=0x00000000
present frame=1699 source_index=1 allocator_index=1 expected_next=2 observed_next=2 qpc=3109891130389 duration_ticks=156467 hr=0x00000000
present frame=1700 source_index=2 allocator_index=2 expected_next=0 observed_next=0 qpc=3109891290441 duration_ticks=164658 hr=0x00000000
present frame=1701 source_index=0 allocator_index=0 expected_next=1 observed_next=1 qpc=3109891459472 duration_ticks=162195 hr=0x00000000
present frame=1702 source_index=1 allocator_index=1 expected_next=2 observed_next=2 qpc=3109891627651 duration_ticks=155879 hr=0x00000000
present frame=1703 source_index=2 allocator_index=2 expected_next=0 observed_next=0 qpc=3109891785033 duration_ticks=162143 hr=0x00000000
present frame=1704 source_index=0 allocator_index=0 expected_next=1 observed_next=1 qpc=3109891947747 duration_ticks=162599 hr=0x00000000
present frame=1705 source_index=1 allocator_index=1 expected_next=2 observed_next=2 qpc=3109892110679 duration_ticks=165615 hr=0x00000000
present frame=1706 source_index=2 allocator_index=2 expected_next=0 observed_next=0 qpc=3109892276677 duration_ticks=168341 hr=0x00000000
present frame=1707 source_index=0 allocator_index=0 expected_next=1 observed_next=1 qpc=3109892445654 duration_ticks=164299 hr=0x00000000
present frame=1708 source_index=1 allocator_index=1 expected_next=2 observed_next=2 qpc=3109892610234 duration_ticks=168385 hr=0x00000000
present frame=1709 source_index=2 allocator_index=2 expected_next=0 observed_next=0 qpc=3109892779583 duration_ticks=163813 hr=0x00000000
present frame=1710 source_index=0 allocator_index=0 expected_next=1 observed_next=1 qpc=3109892943760 duration_ticks=166056 hr=0x00000000
present frame=1711 source_index=1 allocator_index=1 expected_next=2 observed_next=2 qpc=3109893110249 duration_ticks=166131 hr=0x00000000
present frame=1712 source_index=2 allocator_index=2 expected_next=0 observed_next=0 qpc=3109893276647 duration_ticks=165986 hr=0x00000000
present frame=1713 source_index=0 allocator_index=0 expected_next=1 observed_next=1 qpc=3109893442879 duration_ticks=166226 hr=0x00000000
present frame=1714 source_index=1 allocator_index=1 expected_next=2 observed_next=2 qpc=3109893609342 duration_ticks=167465 hr=0x00000000
present frame=1715 source_index=2 allocator_index=2 expected_next=0 observed_next=0 qpc=3109893777070 duration_ticks=167159 hr=0x00000000
present frame=1716 source_index=0 allocator_index=0 expected_next=1 observed_next=1 qpc=3109893944515 duration_ticks=165582 hr=0x00000000
present frame=1717 source_index=1 allocator_index=1 expected_next=2 observed_next=2 qpc=3109894110378 duration_ticks=170419 hr=0x00000000
present frame=1718 source_index=2 allocator_index=2 expected_next=0 observed_next=0 qpc=3109894281478 duration_ticks=167647 hr=0x00000000
present frame=1719 source_index=0 allocator_index=0 expected_next=1 observed_next=1 qpc=3109894449629 duration_ticks=167379 hr=0x00000000
present frame=1720 source_index=1 allocator_index=1 expected_next=2 observed_next=2 qpc=3109894620599 duration_ticks=166679 hr=0x00000000
present frame=1721 source_index=2 allocator_index=2 expected_next=0 observed_next=0 qpc=3109894791552 duration_ticks=163731 hr=0x00000000
present frame=1722 source_index=0 allocator_index=0 expected_next=1 observed_next=1 qpc=3109894961498 duration_ticks=157610 hr=0x00000000
present frame=1723 source_index=1 allocator_index=1 expected_next=2 observed_next=2 qpc=3109895124518 duration_ticks=163882 hr=0x00000000
present frame=1724 source_index=2 allocator_index=2 expected_next=0 observed_next=0 qpc=3109895292223 duration_ticks=163878 hr=0x00000000
present frame=1725 source_index=0 allocator_index=0 expected_next=1 observed_next=1 qpc=3109895460225 duration_ticks=161588 hr=0x00000000
present frame=1726 source_index=1 allocator_index=1 expected_next=2 observed_next=2 qpc=3109895632623 duration_ticks=157412 hr=0x00000000
present frame=1727 source_index=2 allocator_index=2 expected_next=0 observed_next=0 qpc=3109895794395 duration_ticks=160037 hr=0x00000000
present frame=1728 source_index=0 allocator_index=0 expected_next=1 observed_next=1 qpc=3109895958419 duration_ticks=164856 hr=0x00000000
present frame=1729 source_index=1 allocator_index=1 expected_next=2 observed_next=2 qpc=3109896127276 duration_ticks=161002 hr=0x00000000
present frame=1730 source_index=2 allocator_index=2 expected_next=0 observed_next=0 qpc=3109896292057 duration_ticks=165379 hr=0x00000000
present frame=1731 source_index=0 allocator_index=0 expected_next=1 observed_next=1 qpc=3109896497691 duration_ticks=119124 hr=0x00000000
present frame=1732 source_index=1 allocator_index=1 expected_next=2 observed_next=2 qpc=3109896617405 duration_ticks=164402 hr=0x00000000
present frame=1733 source_index=2 allocator_index=2 expected_next=0 observed_next=0 qpc=3109896782228 duration_ticks=174678 hr=0x00000000
present frame=1734 source_index=0 allocator_index=0 expected_next=1 observed_next=1 qpc=3109896960400 duration_ticks=163758 hr=0x00000000
present frame=1735 source_index=1 allocator_index=1 expected_next=2 observed_next=2 qpc=3109897128275 duration_ticks=161947 hr=0x00000000
present frame=1736 source_index=2 allocator_index=2 expected_next=0 observed_next=0 qpc=3109897294327 duration_ticks=160123 hr=0x00000000
present frame=1737 source_index=0 allocator_index=0 expected_next=1 observed_next=1 qpc=3109897458427 duration_ticks=165436 hr=0x00000000
present frame=1738 source_index=1 allocator_index=1 expected_next=2 observed_next=2 qpc=3109897629552 duration_ticks=160295 hr=0x00000000
present frame=1739 source_index=2 allocator_index=2 expected_next=0 observed_next=0 qpc=3109897793948 duration_ticks=160420 hr=0x00000000
present frame=1740 source_index=0 allocator_index=0 expected_next=1 observed_next=1 qpc=3109897963179 duration_ticks=160964 hr=0x00000000
present frame=1741 source_index=1 allocator_index=1 expected_next=2 observed_next=2 qpc=3109898128428 duration_ticks=160327 hr=0x00000000
present frame=1742 source_index=2 allocator_index=2 expected_next=0 observed_next=0 qpc=3109898292782 duration_ticks=164939 hr=0x00000000
present frame=1743 source_index=0 allocator_index=0 expected_next=1 observed_next=1 qpc=3109898461790 duration_ticks=160751 hr=0x00000000
present frame=1744 source_index=1 allocator_index=1 expected_next=2 observed_next=2 qpc=3109898626974 duration_ticks=163590 hr=0x00000000
present frame=1745 source_index=2 allocator_index=2 expected_next=0 observed_next=0 qpc=3109898794627 duration_ticks=161255 hr=0x00000000
present frame=1746 source_index=0 allocator_index=0 expected_next=1 observed_next=1 qpc=3109898959773 duration_ticks=166512 hr=0x00000000
present frame=1747 source_index=1 allocator_index=1 expected_next=2 observed_next=2 qpc=3109899130628 duration_ticks=156667 hr=0x00000000
present frame=1748 source_index=2 allocator_index=2 expected_next=0 observed_next=0 qpc=3109899292552 duration_ticks=163080 hr=0x00000000
present frame=1749 source_index=0 allocator_index=0 expected_next=1 observed_next=1 qpc=3109899467961 duration_ticks=149693 hr=0x00000000
present frame=1750 source_index=1 allocator_index=1 expected_next=2 observed_next=2 qpc=3109899619178 duration_ticks=165120 hr=0x00000000
present frame=1751 source_index=2 allocator_index=2 expected_next=0 observed_next=0 qpc=3109899785689 duration_ticks=166006 hr=0x00000000
present frame=1752 source_index=0 allocator_index=0 expected_next=1 observed_next=1 qpc=3109899952961 duration_ticks=162849 hr=0x00000000
present frame=1753 source_index=1 allocator_index=1 expected_next=2 observed_next=2 qpc=3109900116722 duration_ticks=165602 hr=0x00000000
present frame=1754 source_index=2 allocator_index=2 expected_next=0 observed_next=0 qpc=3109900283275 duration_ticks=171002 hr=0x00000000
present frame=1755 source_index=0 allocator_index=0 expected_next=1 observed_next=1 qpc=3109900456537 duration_ticks=162915 hr=0x00000000
present frame=1756 source_index=1 allocator_index=1 expected_next=2 observed_next=2 qpc=3109900625690 duration_ticks=158001 hr=0x00000000
present frame=1757 source_index=2 allocator_index=2 expected_next=0 observed_next=0 qpc=3109900787241 duration_ticks=163200 hr=0x00000000
present frame=1758 source_index=0 allocator_index=0 expected_next=1 observed_next=1 qpc=3109900951305 duration_ticks=164894 hr=0x00000000
present frame=1759 source_index=1 allocator_index=1 expected_next=2 observed_next=2 qpc=3109901119678 duration_ticks=166138 hr=0x00000000
present frame=1760 source_index=2 allocator_index=2 expected_next=0 observed_next=0 qpc=3109901287290 duration_ticks=158903 hr=0x00000000
present frame=1761 source_index=0 allocator_index=0 expected_next=1 observed_next=1 qpc=3109901447301 duration_ticks=163626 hr=0x00000000
present frame=1762 source_index=1 allocator_index=1 expected_next=2 observed_next=2 qpc=3109901611746 duration_ticks=166310 hr=0x00000000
present frame=1763 source_index=2 allocator_index=2 expected_next=0 observed_next=0 qpc=3109901778730 duration_ticks=166016 hr=0x00000000
present frame=1764 source_index=0 allocator_index=0 expected_next=1 observed_next=1 qpc=3109901945407 duration_ticks=168047 hr=0x00000000
present frame=1765 source_index=1 allocator_index=1 expected_next=2 observed_next=2 qpc=3109902114258 duration_ticks=166479 hr=0x00000000
present frame=1766 source_index=2 allocator_index=2 expected_next=0 observed_next=0 qpc=3109902281421 duration_ticks=167328 hr=0x00000000
present frame=1767 source_index=0 allocator_index=0 expected_next=1 observed_next=1 qpc=3109902449440 duration_ticks=166683 hr=0x00000000
present frame=1768 source_index=1 allocator_index=1 expected_next=2 observed_next=2 qpc=3109902618078 duration_ticks=164794 hr=0x00000000
present frame=1769 source_index=2 allocator_index=2 expected_next=0 observed_next=0 qpc=3109902785415 duration_ticks=170080 hr=0x00000000
present frame=1770 source_index=0 allocator_index=0 expected_next=1 observed_next=1 qpc=3109902959109 duration_ticks=160371 hr=0x00000000
present frame=1771 source_index=1 allocator_index=1 expected_next=2 observed_next=2 qpc=3109903124542 duration_ticks=162096 hr=0x00000000
present frame=1772 source_index=2 allocator_index=2 expected_next=0 observed_next=0 qpc=3109903291788 duration_ticks=162680 hr=0x00000000
present frame=1773 source_index=0 allocator_index=0 expected_next=1 observed_next=1 qpc=3109903458193 duration_ticks=162562 hr=0x00000000
present frame=1774 source_index=1 allocator_index=1 expected_next=2 observed_next=2 qpc=3109903625816 duration_ticks=160498 hr=0x00000000
present frame=1775 source_index=2 allocator_index=2 expected_next=0 observed_next=0 qpc=3109903787881 duration_ticks=163507 hr=0x00000000
present frame=1776 source_index=0 allocator_index=0 expected_next=1 observed_next=1 qpc=3109903952161 duration_ticks=164860 hr=0x00000000
present frame=1777 source_index=1 allocator_index=1 expected_next=2 observed_next=2 qpc=3109904117665 duration_ticks=165697 hr=0x00000000
present frame=1778 source_index=2 allocator_index=2 expected_next=0 observed_next=0 qpc=3109904284209 duration_ticks=170568 hr=0x00000000
present frame=1779 source_index=0 allocator_index=0 expected_next=1 observed_next=1 qpc=3109904457413 duration_ticks=160270 hr=0x00000000
present frame=1780 source_index=1 allocator_index=1 expected_next=2 observed_next=2 qpc=3109904618449 duration_ticks=165838 hr=0x00000000
present frame=1781 source_index=2 allocator_index=2 expected_next=0 observed_next=0 qpc=3109904784796 duration_ticks=166940 hr=0x00000000
present frame=1782 source_index=0 allocator_index=0 expected_next=1 observed_next=1 qpc=3109904952302 duration_ticks=163668 hr=0x00000000
present frame=1783 source_index=1 allocator_index=1 expected_next=2 observed_next=2 qpc=3109905116780 duration_ticks=164722 hr=0x00000000
present frame=1784 source_index=2 allocator_index=2 expected_next=0 observed_next=0 qpc=3109905285037 duration_ticks=167536 hr=0x00000000
present frame=1785 source_index=0 allocator_index=0 expected_next=1 observed_next=1 qpc=3109905456111 duration_ticks=166571 hr=0x00000000
present frame=1786 source_index=1 allocator_index=1 expected_next=2 observed_next=2 qpc=3109905626210 duration_ticks=164288 hr=0x00000000
present frame=1787 source_index=2 allocator_index=2 expected_next=0 observed_next=0 qpc=3109905793857 duration_ticks=159875 hr=0x00000000
present frame=1788 source_index=0 allocator_index=0 expected_next=1 observed_next=1 qpc=3109905955308 duration_ticks=163748 hr=0x00000000
present frame=1789 source_index=1 allocator_index=1 expected_next=2 observed_next=2 qpc=3109906121153 duration_ticks=161457 hr=0x00000000
present frame=1790 source_index=2 allocator_index=2 expected_next=0 observed_next=0 qpc=3109906283573 duration_ticks=168314 hr=0x00000000
present frame=1791 source_index=0 allocator_index=0 expected_next=1 observed_next=1 qpc=3109906452811 duration_ticks=164897 hr=0x00000000
present frame=1792 source_index=1 allocator_index=1 expected_next=2 observed_next=2 qpc=3109906618349 duration_ticks=167766 hr=0x00000000
present frame=1793 source_index=2 allocator_index=2 expected_next=0 observed_next=0 qpc=3109906787917 duration_ticks=161160 hr=0x00000000
present frame=1794 source_index=0 allocator_index=0 expected_next=1 observed_next=1 qpc=3109906950518 duration_ticks=167110 hr=0x00000000
present frame=1795 source_index=1 allocator_index=1 expected_next=2 observed_next=2 qpc=3109907120977 duration_ticks=163853 hr=0x00000000
present frame=1796 source_index=2 allocator_index=2 expected_next=0 observed_next=0 qpc=3109907286083 duration_ticks=164725 hr=0x00000000
present frame=1797 source_index=0 allocator_index=0 expected_next=1 observed_next=1 qpc=3109907451564 duration_ticks=167370 hr=0x00000000
present frame=1798 source_index=1 allocator_index=1 expected_next=2 observed_next=2 qpc=3109907621992 duration_ticks=161560 hr=0x00000000
present frame=1799 source_index=2 allocator_index=2 expected_next=0 observed_next=0 qpc=3109907784634 duration_ticks=169217 hr=0x00000000
present frame=1800 source_index=0 allocator_index=0 expected_next=1 observed_next=1 qpc=3109907957317 duration_ticks=159841 hr=0x00000000
present frame=1801 source_index=1 allocator_index=1 expected_next=2 observed_next=2 qpc=3109908118371 duration_ticks=169046 hr=0x00000000
present frame=1802 source_index=2 allocator_index=2 expected_next=0 observed_next=0 qpc=3109908290912 duration_ticks=162628 hr=0x00000000
present frame=1803 source_index=0 allocator_index=0 expected_next=1 observed_next=1 qpc=3109908457111 duration_ticks=162335 hr=0x00000000
present frame=1804 source_index=1 allocator_index=1 expected_next=2 observed_next=2 qpc=3109908624892 duration_ticks=163486 hr=0x00000000
present frame=1805 source_index=2 allocator_index=2 expected_next=0 observed_next=0 qpc=3109908791971 duration_ticks=161770 hr=0x00000000
present frame=1806 source_index=0 allocator_index=0 expected_next=1 observed_next=1 qpc=3109908959718 duration_ticks=164134 hr=0x00000000
present frame=1807 source_index=1 allocator_index=1 expected_next=2 observed_next=2 qpc=3109909130938 duration_ticks=157457 hr=0x00000000
present frame=1808 source_index=2 allocator_index=2 expected_next=0 observed_next=0 qpc=3109909294147 duration_ticks=165129 hr=0x00000000
present frame=1809 source_index=0 allocator_index=0 expected_next=1 observed_next=1 qpc=3109909467289 duration_ticks=147116 hr=0x00000000
present frame=1810 source_index=1 allocator_index=1 expected_next=2 observed_next=2 qpc=3109909616040 duration_ticks=166975 hr=0x00000000
present frame=1811 source_index=2 allocator_index=2 expected_next=0 observed_next=0 qpc=3109909784117 duration_ticks=166268 hr=0x00000000
present frame=1812 source_index=0 allocator_index=0 expected_next=1 observed_next=1 qpc=3109909951105 duration_ticks=164988 hr=0x00000000
present frame=1813 source_index=1 allocator_index=1 expected_next=2 observed_next=2 qpc=3109910116975 duration_ticks=168528 hr=0x00000000
present frame=1814 source_index=2 allocator_index=2 expected_next=0 observed_next=0 qpc=3109910289440 duration_ticks=163832 hr=0x00000000
present frame=1815 source_index=0 allocator_index=0 expected_next=1 observed_next=1 qpc=3109910458553 duration_ticks=162724 hr=0x00000000
present frame=1816 source_index=1 allocator_index=1 expected_next=2 observed_next=2 qpc=3109910626050 duration_ticks=160579 hr=0x00000000
present frame=1817 source_index=2 allocator_index=2 expected_next=0 observed_next=0 qpc=3109910792086 duration_ticks=162033 hr=0x00000000
present frame=1818 source_index=0 allocator_index=0 expected_next=1 observed_next=1 qpc=3109910961669 duration_ticks=157485 hr=0x00000000
present frame=1819 source_index=1 allocator_index=1 expected_next=2 observed_next=2 qpc=3109911125416 duration_ticks=161954 hr=0x00000000
present frame=1820 source_index=2 allocator_index=2 expected_next=0 observed_next=0 qpc=3109911293620 duration_ticks=160128 hr=0x00000000
present frame=1821 source_index=0 allocator_index=0 expected_next=1 observed_next=1 qpc=3109911458301 duration_ticks=161738 hr=0x00000000
present frame=1822 source_index=1 allocator_index=1 expected_next=2 observed_next=2 qpc=3109911625900 duration_ticks=162408 hr=0x00000000
present frame=1823 source_index=2 allocator_index=2 expected_next=0 observed_next=0 qpc=3109911794050 duration_ticks=160699 hr=0x00000000
present frame=1824 source_index=0 allocator_index=0 expected_next=1 observed_next=1 qpc=3109911959334 duration_ticks=162182 hr=0x00000000
present frame=1825 source_index=1 allocator_index=1 expected_next=2 observed_next=2 qpc=3109912128230 duration_ticks=160106 hr=0x00000000
present frame=1826 source_index=2 allocator_index=2 expected_next=0 observed_next=0 qpc=3109912293013 duration_ticks=162498 hr=0x00000000
present frame=1827 source_index=0 allocator_index=0 expected_next=1 observed_next=1 qpc=3109912466274 duration_ticks=152835 hr=0x00000000
present frame=1828 source_index=1 allocator_index=1 expected_next=2 observed_next=2 qpc=3109912624777 duration_ticks=162874 hr=0x00000000
present frame=1829 source_index=2 allocator_index=2 expected_next=0 observed_next=0 qpc=3109912791501 duration_ticks=165011 hr=0x00000000
present frame=1830 source_index=0 allocator_index=0 expected_next=1 observed_next=1 qpc=3109912960595 duration_ticks=162846 hr=0x00000000
present frame=1831 source_index=1 allocator_index=1 expected_next=2 observed_next=2 qpc=3109913129349 duration_ticks=156676 hr=0x00000000
present frame=1832 source_index=2 allocator_index=2 expected_next=0 observed_next=0 qpc=3109913291077 duration_ticks=166348 hr=0x00000000
present frame=1833 source_index=0 allocator_index=0 expected_next=1 observed_next=1 qpc=3109913461661 duration_ticks=163179 hr=0x00000000
present frame=1834 source_index=1 allocator_index=1 expected_next=2 observed_next=2 qpc=3109913633598 duration_ticks=156063 hr=0x00000000
present frame=1835 source_index=2 allocator_index=2 expected_next=0 observed_next=0 qpc=3109913793636 duration_ticks=163874 hr=0x00000000
present frame=1836 source_index=0 allocator_index=0 expected_next=1 observed_next=1 qpc=3109913961339 duration_ticks=162111 hr=0x00000000
present frame=1837 source_index=1 allocator_index=1 expected_next=2 observed_next=2 qpc=3109914129360 duration_ticks=157722 hr=0x00000000
present frame=1838 source_index=2 allocator_index=2 expected_next=0 observed_next=0 qpc=3109914291234 duration_ticks=166988 hr=0x00000000
present frame=1839 source_index=0 allocator_index=0 expected_next=1 observed_next=1 qpc=3109914466983 duration_ticks=156913 hr=0x00000000
present frame=1840 source_index=1 allocator_index=1 expected_next=2 observed_next=2 qpc=3109914631670 duration_ticks=154453 hr=0x00000000
present frame=1841 source_index=2 allocator_index=2 expected_next=0 observed_next=0 qpc=3109914806608 duration_ticks=147869 hr=0x00000000
present frame=1842 source_index=0 allocator_index=0 expected_next=1 observed_next=1 qpc=3109914958392 duration_ticks=166488 hr=0x00000000
present frame=1843 source_index=1 allocator_index=1 expected_next=2 observed_next=2 qpc=3109915138179 duration_ticks=152244 hr=0x00000000
present frame=1844 source_index=2 allocator_index=2 expected_next=0 observed_next=0 qpc=3109915294427 duration_ticks=160588 hr=0x00000000
present frame=1845 source_index=0 allocator_index=0 expected_next=1 observed_next=1 qpc=3109915458988 duration_ticks=166889 hr=0x00000000
present frame=1846 source_index=1 allocator_index=1 expected_next=2 observed_next=2 qpc=3109915630321 duration_ticks=159628 hr=0x00000000
present frame=1847 source_index=2 allocator_index=2 expected_next=0 observed_next=0 qpc=3109915793906 duration_ticks=164539 hr=0x00000000
present frame=1848 source_index=0 allocator_index=0 expected_next=1 observed_next=1 qpc=3109915963568 duration_ticks=159261 hr=0x00000000
present frame=1849 source_index=1 allocator_index=1 expected_next=2 observed_next=2 qpc=3109916127420 duration_ticks=160522 hr=0x00000000
present frame=1850 source_index=2 allocator_index=2 expected_next=0 observed_next=0 qpc=3109916293418 duration_ticks=164259 hr=0x00000000
present frame=1851 source_index=0 allocator_index=0 expected_next=1 observed_next=1 qpc=3109916485705 duration_ticks=131995 hr=0x00000000
present frame=1852 source_index=1 allocator_index=1 expected_next=2 observed_next=2 qpc=3109916618458 duration_ticks=171948 hr=0x00000000
present frame=1853 source_index=2 allocator_index=2 expected_next=0 observed_next=0 qpc=3109916799184 duration_ticks=159593 hr=0x00000000
present frame=1854 source_index=0 allocator_index=0 expected_next=1 observed_next=1 qpc=3109916963759 duration_ticks=162051 hr=0x00000000
present frame=1855 source_index=1 allocator_index=1 expected_next=2 observed_next=2 qpc=3109917129931 duration_ticks=159449 hr=0x00000000
present frame=1856 source_index=2 allocator_index=2 expected_next=0 observed_next=0 qpc=3109917293488 duration_ticks=163295 hr=0x00000000
present frame=1857 source_index=0 allocator_index=0 expected_next=1 observed_next=1 qpc=3109917460682 duration_ticks=162822 hr=0x00000000
present frame=1858 source_index=1 allocator_index=1 expected_next=2 observed_next=2 qpc=3109917627475 duration_ticks=160088 hr=0x00000000
present frame=1859 source_index=2 allocator_index=2 expected_next=0 observed_next=0 qpc=3109917791285 duration_ticks=164282 hr=0x00000000
present frame=1860 source_index=0 allocator_index=0 expected_next=1 observed_next=1 qpc=3109917959334 duration_ticks=162695 hr=0x00000000
present frame=1861 source_index=1 allocator_index=1 expected_next=2 observed_next=2 qpc=3109918126323 duration_ticks=166922 hr=0x00000000
present frame=1862 source_index=2 allocator_index=2 expected_next=0 observed_next=0 qpc=3109918299723 duration_ticks=155459 hr=0x00000000
present frame=1863 source_index=0 allocator_index=0 expected_next=1 observed_next=1 qpc=3109918458667 duration_ticks=159010 hr=0x00000000
present frame=1864 source_index=1 allocator_index=1 expected_next=2 observed_next=2 qpc=3109918619075 duration_ticks=158081 hr=0x00000000
present frame=1865 source_index=2 allocator_index=2 expected_next=0 observed_next=0 qpc=3109918777730 duration_ticks=162795 hr=0x00000000
present frame=1866 source_index=0 allocator_index=0 expected_next=1 observed_next=1 qpc=3109918940887 duration_ticks=168782 hr=0x00000000
present frame=1867 source_index=1 allocator_index=1 expected_next=2 observed_next=2 qpc=3109919109921 duration_ticks=166947 hr=0x00000000
present frame=1868 source_index=2 allocator_index=2 expected_next=0 observed_next=0 qpc=3109919277281 duration_ticks=167766 hr=0x00000000
present frame=1869 source_index=0 allocator_index=0 expected_next=1 observed_next=1 qpc=3109919446291 duration_ticks=166499 hr=0x00000000
present frame=1870 source_index=1 allocator_index=1 expected_next=2 observed_next=2 qpc=3109919614124 duration_ticks=163952 hr=0x00000000
present frame=1871 source_index=2 allocator_index=2 expected_next=0 observed_next=0 qpc=3109919779357 duration_ticks=165020 hr=0x00000000
present frame=1872 source_index=0 allocator_index=0 expected_next=1 observed_next=1 qpc=3109919945010 duration_ticks=166087 hr=0x00000000
present frame=1873 source_index=1 allocator_index=1 expected_next=2 observed_next=2 qpc=3109920111610 duration_ticks=164844 hr=0x00000000
present frame=1874 source_index=2 allocator_index=2 expected_next=0 observed_next=0 qpc=3109920276782 duration_ticks=165166 hr=0x00000000
present frame=1875 source_index=0 allocator_index=0 expected_next=1 observed_next=1 qpc=3109920442245 duration_ticks=166398 hr=0x00000000
present frame=1876 source_index=1 allocator_index=1 expected_next=2 observed_next=2 qpc=3109920608970 duration_ticks=168127 hr=0x00000000
present frame=1877 source_index=2 allocator_index=2 expected_next=0 observed_next=0 qpc=3109920777586 duration_ticks=167483 hr=0x00000000
present frame=1878 source_index=0 allocator_index=0 expected_next=1 observed_next=1 qpc=3109920945407 duration_ticks=166083 hr=0x00000000
present frame=1879 source_index=1 allocator_index=1 expected_next=2 observed_next=2 qpc=3109921111965 duration_ticks=165206 hr=0x00000000
present frame=1880 source_index=2 allocator_index=2 expected_next=0 observed_next=0 qpc=3109921277518 duration_ticks=171607 hr=0x00000000
present frame=1881 source_index=0 allocator_index=0 expected_next=1 observed_next=1 qpc=3109921449700 duration_ticks=164298 hr=0x00000000
present frame=1882 source_index=1 allocator_index=1 expected_next=2 observed_next=2 qpc=3109921614999 duration_ticks=167849 hr=0x00000000
present frame=1883 source_index=2 allocator_index=2 expected_next=0 observed_next=0 qpc=3109921783369 duration_ticks=166395 hr=0x00000000
present frame=1884 source_index=0 allocator_index=0 expected_next=1 observed_next=1 qpc=3109921951882 duration_ticks=168663 hr=0x00000000
present frame=1885 source_index=1 allocator_index=1 expected_next=2 observed_next=2 qpc=3109922125101 duration_ticks=160962 hr=0x00000000
present frame=1886 source_index=2 allocator_index=2 expected_next=0 observed_next=0 qpc=3109922289932 duration_ticks=166934 hr=0x00000000
present frame=1887 source_index=0 allocator_index=0 expected_next=1 observed_next=1 qpc=3109922462864 duration_ticks=157022 hr=0x00000000
present frame=1888 source_index=1 allocator_index=1 expected_next=2 observed_next=2 qpc=3109922625508 duration_ticks=160760 hr=0x00000000
present frame=1889 source_index=2 allocator_index=2 expected_next=0 observed_next=0 qpc=3109922789885 duration_ticks=165782 hr=0x00000000
present frame=1890 source_index=0 allocator_index=0 expected_next=1 observed_next=1 qpc=3109922959420 duration_ticks=160865 hr=0x00000000
present frame=1891 source_index=1 allocator_index=1 expected_next=2 observed_next=2 qpc=3109923125538 duration_ticks=161639 hr=0x00000000
present frame=1892 source_index=2 allocator_index=2 expected_next=0 observed_next=0 qpc=3109923292582 duration_ticks=164747 hr=0x00000000
present frame=1893 source_index=0 allocator_index=0 expected_next=1 observed_next=1 qpc=3109923461229 duration_ticks=163493 hr=0x00000000
present frame=1894 source_index=1 allocator_index=1 expected_next=2 observed_next=2 qpc=3109923631302 duration_ticks=154996 hr=0x00000000
present frame=1895 source_index=2 allocator_index=2 expected_next=0 observed_next=0 qpc=3109923790249 duration_ticks=163876 hr=0x00000000
present frame=1896 source_index=0 allocator_index=0 expected_next=1 observed_next=1 qpc=3109923971975 duration_ticks=150315 hr=0x00000000
present frame=1897 source_index=1 allocator_index=1 expected_next=2 observed_next=2 qpc=3109924126085 duration_ticks=162125 hr=0x00000000
present frame=1898 source_index=2 allocator_index=2 expected_next=0 observed_next=0 qpc=3109924292592 duration_ticks=162792 hr=0x00000000
present frame=1899 source_index=0 allocator_index=0 expected_next=1 observed_next=1 qpc=3109924459106 duration_ticks=162860 hr=0x00000000
present frame=1900 source_index=1 allocator_index=1 expected_next=2 observed_next=2 qpc=3109924625824 duration_ticks=168994 hr=0x00000000
present frame=1901 source_index=2 allocator_index=2 expected_next=0 observed_next=0 qpc=3109924800778 duration_ticks=156370 hr=0x00000000
present frame=1902 source_index=0 allocator_index=0 expected_next=1 observed_next=1 qpc=3109924961338 duration_ticks=161643 hr=0x00000000
present frame=1903 source_index=1 allocator_index=1 expected_next=2 observed_next=2 qpc=3109925128232 duration_ticks=158668 hr=0x00000000
present frame=1904 source_index=2 allocator_index=2 expected_next=0 observed_next=0 qpc=3109925290421 duration_ticks=165568 hr=0x00000000
present frame=1905 source_index=0 allocator_index=0 expected_next=1 observed_next=1 qpc=3109925459920 duration_ticks=162572 hr=0x00000000
present frame=1906 source_index=1 allocator_index=1 expected_next=2 observed_next=2 qpc=3109925626424 duration_ticks=162740 hr=0x00000000
present frame=1907 source_index=2 allocator_index=2 expected_next=0 observed_next=0 qpc=3109925793178 duration_ticks=163459 hr=0x00000000
present frame=1908 source_index=0 allocator_index=0 expected_next=1 observed_next=1 qpc=3109925960870 duration_ticks=162660 hr=0x00000000
present frame=1909 source_index=1 allocator_index=1 expected_next=2 observed_next=2 qpc=3109926128082 duration_ticks=162578 hr=0x00000000
present frame=1910 source_index=2 allocator_index=2 expected_next=0 observed_next=0 qpc=3109926299475 duration_ticks=156854 hr=0x00000000
present frame=1911 source_index=0 allocator_index=0 expected_next=1 observed_next=1 qpc=3109926503798 duration_ticks=113519 hr=0x00000000
present frame=1912 source_index=1 allocator_index=1 expected_next=2 observed_next=2 qpc=3109926617767 duration_ticks=164060 hr=0x00000000
present frame=1913 source_index=2 allocator_index=2 expected_next=0 observed_next=0 qpc=3109926782457 duration_ticks=165738 hr=0x00000000
present frame=1914 source_index=0 allocator_index=0 expected_next=1 observed_next=1 qpc=3109926948755 duration_ticks=174607 hr=0x00000000
present frame=1915 source_index=1 allocator_index=1 expected_next=2 observed_next=2 qpc=3109927127662 duration_ticks=161515 hr=0x00000000
present frame=1916 source_index=2 allocator_index=2 expected_next=0 observed_next=0 qpc=3109927293290 duration_ticks=163373 hr=0x00000000
present frame=1917 source_index=0 allocator_index=0 expected_next=1 observed_next=1 qpc=3109927460591 duration_ticks=160326 hr=0x00000000
present frame=1918 source_index=1 allocator_index=1 expected_next=2 observed_next=2 qpc=3109927626367 duration_ticks=164505 hr=0x00000000
present frame=1919 source_index=2 allocator_index=2 expected_next=0 observed_next=0 qpc=3109927801017 duration_ticks=154671 hr=0x00000000
present frame=1920 source_index=0 allocator_index=0 expected_next=1 observed_next=1 qpc=3109927959517 duration_ticks=162928 hr=0x00000000
present frame=1921 source_index=1 allocator_index=1 expected_next=2 observed_next=2 qpc=3109928126527 duration_ticks=161343 hr=0x00000000
present frame=1922 source_index=2 allocator_index=2 expected_next=0 observed_next=0 qpc=3109928292836 duration_ticks=163448 hr=0x00000000
present frame=1923 source_index=0 allocator_index=0 expected_next=1 observed_next=1 qpc=3109928460227 duration_ticks=164255 hr=0x00000000
present frame=1924 source_index=1 allocator_index=1 expected_next=2 observed_next=2 qpc=3109928631422 duration_ticks=157776 hr=0x00000000
present frame=1925 source_index=2 allocator_index=2 expected_next=0 observed_next=0 qpc=3109928793182 duration_ticks=163680 hr=0x00000000
present frame=1926 source_index=0 allocator_index=0 expected_next=1 observed_next=1 qpc=3109928964457 duration_ticks=156413 hr=0x00000000
present frame=1927 source_index=1 allocator_index=1 expected_next=2 observed_next=2 qpc=3109929126685 duration_ticks=160699 hr=0x00000000
present frame=1928 source_index=2 allocator_index=2 expected_next=0 observed_next=0 qpc=3109929293520 duration_ticks=169410 hr=0x00000000
present frame=1929 source_index=0 allocator_index=0 expected_next=1 observed_next=1 qpc=3109929465442 duration_ticks=159037 hr=0x00000000
present frame=1930 source_index=1 allocator_index=1 expected_next=2 observed_next=2 qpc=3109929629355 duration_ticks=158663 hr=0x00000000
present frame=1931 source_index=2 allocator_index=2 expected_next=0 observed_next=0 qpc=3109929792444 duration_ticks=156425 hr=0x00000000
present frame=1932 source_index=0 allocator_index=0 expected_next=1 observed_next=1 qpc=3109929950654 duration_ticks=160773 hr=0x00000000
present frame=1933 source_index=1 allocator_index=1 expected_next=2 observed_next=2 qpc=3109930113339 duration_ticks=167184 hr=0x00000000
present frame=1934 source_index=2 allocator_index=2 expected_next=0 observed_next=0 qpc=3109930283360 duration_ticks=163873 hr=0x00000000
present frame=1935 source_index=0 allocator_index=0 expected_next=1 observed_next=1 qpc=3109930449442 duration_ticks=169572 hr=0x00000000
present frame=1936 source_index=1 allocator_index=1 expected_next=2 observed_next=2 qpc=3109930621536 duration_ticks=162269 hr=0x00000000
present frame=1937 source_index=2 allocator_index=2 expected_next=0 observed_next=0 qpc=3109930785310 duration_ticks=162698 hr=0x00000000
present frame=1938 source_index=0 allocator_index=0 expected_next=1 observed_next=1 qpc=3109930949240 duration_ticks=161540 hr=0x00000000
present frame=1939 source_index=1 allocator_index=1 expected_next=2 observed_next=2 qpc=3109931112007 duration_ticks=165788 hr=0x00000000
present frame=1940 source_index=2 allocator_index=2 expected_next=0 observed_next=0 qpc=3109931278415 duration_ticks=161279 hr=0x00000000
present frame=1941 source_index=0 allocator_index=0 expected_next=1 observed_next=1 qpc=3109931440307 duration_ticks=169638 hr=0x00000000
present frame=1942 source_index=1 allocator_index=1 expected_next=2 observed_next=2 qpc=3109931610604 duration_ticks=166252 hr=0x00000000
present frame=1943 source_index=2 allocator_index=2 expected_next=0 observed_next=0 qpc=3109931777338 duration_ticks=165339 hr=0x00000000
present frame=1944 source_index=0 allocator_index=0 expected_next=1 observed_next=1 qpc=3109931943090 duration_ticks=168617 hr=0x00000000
present frame=1945 source_index=1 allocator_index=1 expected_next=2 observed_next=2 qpc=3109932112112 duration_ticks=165552 hr=0x00000000
present frame=1946 source_index=2 allocator_index=2 expected_next=0 observed_next=0 qpc=3109932279679 duration_ticks=166488 hr=0x00000000
present frame=1947 source_index=0 allocator_index=0 expected_next=1 observed_next=1 qpc=3109932449020 duration_ticks=169435 hr=0x00000000
present frame=1948 source_index=1 allocator_index=1 expected_next=2 observed_next=2 qpc=3109932622293 duration_ticks=165116 hr=0x00000000
present frame=1949 source_index=2 allocator_index=2 expected_next=0 observed_next=0 qpc=3109932795068 duration_ticks=159285 hr=0x00000000
present frame=1950 source_index=0 allocator_index=0 expected_next=1 observed_next=1 qpc=3109932957863 duration_ticks=162633 hr=0x00000000
present frame=1951 source_index=1 allocator_index=1 expected_next=2 observed_next=2 qpc=3109933128283 duration_ticks=158126 hr=0x00000000
present frame=1952 source_index=2 allocator_index=2 expected_next=0 observed_next=0 qpc=3109933290203 duration_ticks=162109 hr=0x00000000
present frame=1953 source_index=0 allocator_index=0 expected_next=1 observed_next=1 qpc=3109933455822 duration_ticks=165117 hr=0x00000000
present frame=1954 source_index=1 allocator_index=1 expected_next=2 observed_next=2 qpc=3109933628745 duration_ticks=158377 hr=0x00000000
present frame=1955 source_index=2 allocator_index=2 expected_next=0 observed_next=0 qpc=3109933790671 duration_ticks=166442 hr=0x00000000
present frame=1956 source_index=0 allocator_index=0 expected_next=1 observed_next=1 qpc=3109933961045 duration_ticks=161082 hr=0x00000000
present frame=1957 source_index=1 allocator_index=1 expected_next=2 observed_next=2 qpc=3109934125640 duration_ticks=162876 hr=0x00000000
present frame=1958 source_index=2 allocator_index=2 expected_next=0 observed_next=0 qpc=3109934293908 duration_ticks=160868 hr=0x00000000
present frame=1959 source_index=0 allocator_index=0 expected_next=1 observed_next=1 qpc=3109934458450 duration_ticks=163368 hr=0x00000000
present frame=1960 source_index=1 allocator_index=1 expected_next=2 observed_next=2 qpc=3109934625322 duration_ticks=164593 hr=0x00000000
present frame=1961 source_index=2 allocator_index=2 expected_next=0 observed_next=0 qpc=3109934796190 duration_ticks=159125 hr=0x00000000
present frame=1962 source_index=0 allocator_index=0 expected_next=1 observed_next=1 qpc=3109934959884 duration_ticks=165063 hr=0x00000000
present frame=1963 source_index=1 allocator_index=1 expected_next=2 observed_next=2 qpc=3109935129796 duration_ticks=156265 hr=0x00000000
present frame=1964 source_index=2 allocator_index=2 expected_next=0 observed_next=0 qpc=3109935289509 duration_ticks=167786 hr=0x00000000
present frame=1965 source_index=0 allocator_index=0 expected_next=1 observed_next=1 qpc=3109935477379 duration_ticks=144619 hr=0x00000000
present frame=1966 source_index=1 allocator_index=1 expected_next=2 observed_next=2 qpc=3109935625590 duration_ticks=162644 hr=0x00000000
present frame=1967 source_index=2 allocator_index=2 expected_next=0 observed_next=0 qpc=3109935792018 duration_ticks=163057 hr=0x00000000
present frame=1968 source_index=0 allocator_index=0 expected_next=1 observed_next=1 qpc=3109935958878 duration_ticks=166105 hr=0x00000000
present frame=1969 source_index=1 allocator_index=1 expected_next=2 observed_next=2 qpc=3109936129077 duration_ticks=161837 hr=0x00000000
present frame=1970 source_index=2 allocator_index=2 expected_next=0 observed_next=0 qpc=3109936297575 duration_ticks=161310 hr=0x00000000
present frame=1971 source_index=0 allocator_index=0 expected_next=1 observed_next=1 qpc=3109936557930 duration_ticks=59237 hr=0x00000000
present frame=1972 source_index=1 allocator_index=1 expected_next=2 observed_next=2 qpc=3109936617780 duration_ticks=164925 hr=0x00000000
present frame=1973 source_index=2 allocator_index=2 expected_next=0 observed_next=0 qpc=3109936783186 duration_ticks=166620 hr=0x00000000
present frame=1974 source_index=0 allocator_index=0 expected_next=1 observed_next=1 qpc=3109936950386 duration_ticks=171051 hr=0x00000000
present frame=1975 source_index=1 allocator_index=1 expected_next=2 observed_next=2 qpc=3109937126727 duration_ticks=163237 hr=0x00000000
present frame=1976 source_index=2 allocator_index=2 expected_next=0 observed_next=0 qpc=3109937300702 duration_ticks=151288 hr=0x00000000
present frame=1977 source_index=0 allocator_index=0 expected_next=1 observed_next=1 qpc=3109937453332 duration_ticks=163704 hr=0x00000000
present frame=1978 source_index=1 allocator_index=1 expected_next=2 observed_next=2 qpc=3109937618195 duration_ticks=166441 hr=0x00000000
present frame=1979 source_index=2 allocator_index=2 expected_next=0 observed_next=0 qpc=3109937785718 duration_ticks=167042 hr=0x00000000
present frame=1980 source_index=0 allocator_index=0 expected_next=1 observed_next=1 qpc=3109937955795 duration_ticks=164313 hr=0x00000000
present frame=1981 source_index=1 allocator_index=1 expected_next=2 observed_next=2 qpc=3109938127010 duration_ticks=160027 hr=0x00000000
present frame=1982 source_index=2 allocator_index=2 expected_next=0 observed_next=0 qpc=3109938290787 duration_ticks=163563 hr=0x00000000
present frame=1983 source_index=0 allocator_index=0 expected_next=1 observed_next=1 qpc=3109938457932 duration_ticks=158791 hr=0x00000000
present frame=1984 source_index=1 allocator_index=1 expected_next=2 observed_next=2 qpc=3109938617549 duration_ticks=167187 hr=0x00000000
present frame=1985 source_index=2 allocator_index=2 expected_next=0 observed_next=0 qpc=3109938788557 duration_ticks=166287 hr=0x00000000
present frame=1986 source_index=0 allocator_index=0 expected_next=1 observed_next=1 qpc=3109938958562 duration_ticks=158984 hr=0x00000000
present frame=1987 source_index=1 allocator_index=1 expected_next=2 observed_next=2 qpc=3109939118311 duration_ticks=165386 hr=0x00000000
present frame=1988 source_index=2 allocator_index=2 expected_next=0 observed_next=0 qpc=3109939284398 duration_ticks=165437 hr=0x00000000
present frame=1989 source_index=0 allocator_index=0 expected_next=1 observed_next=1 qpc=3109939451077 duration_ticks=163879 hr=0x00000000
present frame=1990 source_index=1 allocator_index=1 expected_next=2 observed_next=2 qpc=3109939616002 duration_ticks=172323 hr=0x00000000
present frame=1991 source_index=2 allocator_index=2 expected_next=0 observed_next=0 qpc=3109939792248 duration_ticks=157654 hr=0x00000000
present frame=1992 source_index=0 allocator_index=0 expected_next=1 observed_next=1 qpc=3109939950893 duration_ticks=164679 hr=0x00000000
present frame=1993 source_index=1 allocator_index=1 expected_next=2 observed_next=2 qpc=3109940116416 duration_ticks=165315 hr=0x00000000
present frame=1994 source_index=2 allocator_index=2 expected_next=0 observed_next=0 qpc=3109940282435 duration_ticks=166555 hr=0x00000000
present frame=1995 source_index=0 allocator_index=0 expected_next=1 observed_next=1 qpc=3109940449767 duration_ticks=169511 hr=0x00000000
present frame=1996 source_index=1 allocator_index=1 expected_next=2 observed_next=2 qpc=3109940624527 duration_ticks=157394 hr=0x00000000
present frame=1997 source_index=2 allocator_index=2 expected_next=0 observed_next=0 qpc=3109940782715 duration_ticks=174010 hr=0x00000000
present frame=1998 source_index=0 allocator_index=0 expected_next=1 observed_next=1 qpc=3109940960195 duration_ticks=155520 hr=0x00000000
present frame=1999 source_index=1 allocator_index=1 expected_next=2 observed_next=2 qpc=3109941116465 duration_ticks=166963 hr=0x00000000
complete frames=2000 elapsed_ticks=325929035
frame_statistics hr=0x00000000 present_count=2000 present_refresh=2000 sync_refresh=2000
last_present_count hr=0x00000000 count=2000
memory_sample hr=0x00000000 current_working_set=96317440 current_private=44836007936 max_sampled_working_set=97320960 max_sampled_private=44839694336 sample_interval_frames=30
bookkeeping_result case=A invariant_mismatches=0 result=PASS
