event,app_present_seq,elapsed_us,present_hr,requested_buffer_index,current_backbuffer_index_before,current_backbuffer_index_after,current_index_query_hr,buffer0_query_hr,color_id
present,1,16148,0x00000000,0,0,0,0x00000000,0x00000000,0
present,2,34423,0x00000000,0,0,0,0x00000000,0x00000000,0
present,3,67639,0x00000000,0,0,0,0x00000000,0x00000000,0
present,4,100860,0x00000000,0,0,0,0x00000000,0x00000000,0
present,5,134307,0x00000000,0,0,0,0x00000000,0x00000000,0
present,6,167630,0x00000000,0,0,0,0x00000000,0x00000000,0
present,7,200537,0x00000000,0,0,0,0x00000000,0x00000000,0
present,8,233748,0x00000000,0,0,0,0x00000000,0x00000000,0
present,9,267159,0x00000000,0,0,0,0x00000000,0x00000000,0
present,10,300295,0x00000000,0,0,0,0x00000000,0x00000000,0
present,11,333462,0x00000000,0,0,0,0x00000000,0x00000000,0
present,12,367856,0x00000000,0,0,0,0x00000000,0x00000000,0
present,13,401098,0x00000000,0,0,0,0x00000000,0x00000000,0
present,14,434436,0x00000000,0,0,0,0x00000000,0x00000000,0
present,15,467720,0x00000000,0,0,0,0x00000000,0x00000000,0
present,16,501787,0x00000000,0,0,0,0x00000000,0x00000000,0
present,17,534971,0x00000000,0,0,0,0x00000000,0x00000000,0
present,18,568316,0x00000000,0,0,0,0x00000000,0x00000000,0
present,19,601587,0x00000000,0,0,0,0x00000000,0x00000000,0
present,20,634938,0x00000000,0,0,0,0x00000000,0x00000000,0
present,21,668244,0x00000000,0,0,0,0x00000000,0x00000000,0
present,22,701636,0x00000000,0,0,0,0x00000000,0x00000000,0
present,23,734913,0x00000000,0,0,0,0x00000000,0x00000000,0
present,24,768280,0x00000000,0,0,0,0x00000000,0x00000000,0
present,25,800899,0x00000000,0,0,0,0x00000000,0x00000000,0
present,26,837475,0x00000000,0,0,0,0x00000000,0x00000000,0
present,27,868611,0x00000000,0,0,0,0x00000000,0x00000000,0
present,28,901450,0x00000000,0,0,0,0x00000000,0x00000000,0
present,29,934666,0x00000000,0,0,0,0x00000000,0x00000000,0
present,30,968142,0x00000000,0,0,0,0x00000000,0x00000000,0
present,31,1000718,0x00000000,0,0,0,0x00000000,0x00000000,0
present,32,1034019,0x00000000,0,0,0,0x00000000,0x00000000,0
present,33,1067271,0x00000000,0,0,0,0x00000000,0x00000000,0
present,34,1100676,0x00000000,0,0,0,0x00000000,0x00000000,0
present,35,1134076,0x00000000,0,0,0,0x00000000,0x00000000,0
present,36,1167740,0x00000000,0,0,0,0x00000000,0x00000000,0
present,37,1201000,0x00000000,0,0,0,0x00000000,0x00000000,0
present,38,1234182,0x00000000,0,0,0,0x00000000,0x00000000,0
present,39,1267340,0x00000000,0,0,0,0x00000000,0x00000000,0
present,40,1300688,0x00000000,0,0,0,0x00000000,0x00000000,0
present,41,1334328,0x00000000,0,0,0,0x00000000,0x00000000,0
present,42,1371435,0x00000000,0,0,0,0x00000000,0x00000000,0
present,43,1400324,0x00000000,0,0,0,0x00000000,0x00000000,0
present,44,1434093,0x00000000,0,0,0,0x00000000,0x00000000,0
present,45,1468525,0x00000000,0,0,0,0x00000000,0x00000000,0
present,46,1501262,0x00000000,0,0,0,0x00000000,0x00000000,0
present,47,1533678,0x00000000,0,0,0,0x00000000,0x00000000,0
present,48,1567483,0x00000000,0,0,0,0x00000000,0x00000000,0
present,49,1610806,0x00000000,0,0,0,0x00000000,0x00000000,0
present,50,1634115,0x00000000,0,0,0,0x00000000,0x00000000,0
present,51,1668479,0x00000000,0,0,0,0x00000000,0x00000000,0
present,52,1701340,0x00000000,0,0,0,0x00000000,0x00000000,0
present,53,1734613,0x00000000,0,0,0,0x00000000,0x00000000,0
present,54,1767791,0x00000000,0,0,0,0x00000000,0x00000000,0
present,55,1801679,0x00000000,0,0,0,0x00000000,0x00000000,0
present,56,1834417,0x00000000,0,0,0,0x00000000,0x00000000,0
present,57,1868474,0x00000000,0,0,0,0x00000000,0x00000000,0
present,58,1901159,0x00000000,0,0,0,0x00000000,0x00000000,0
present,59,1935011,0x00000000,0,0,0,0x00000000,0x00000000,0
present,60,1967326,0x00000000,0,0,0,0x00000000,0x00000000,0
present,61,2001178,0x00000000,0,0,0,0x00000000,0x00000000,1
present,62,2034081,0x00000000,0,0,0,0x00000000,0x00000000,1
present,63,2068577,0x00000000,0,0,0,0x00000000,0x00000000,1
present,64,2102033,0x00000000,0,0,0,0x00000000,0x00000000,1
present,65,2141067,0x00000000,0,0,0,0x00000000,0x00000000,1
present,66,2166851,0x00000000,0,0,0,0x00000000,0x00000000,1
present,67,2201487,0x00000000,0,0,0,0x00000000,0x00000000,1
present,68,2234705,0x00000000,0,0,0,0x00000000,0x00000000,1
present,69,2268188,0x00000000,0,0,0,0x00000000,0x00000000,1
present,70,2300761,0x00000000,0,0,0,0x00000000,0x00000000,1
present,71,2333468,0x00000000,0,0,0,0x00000000,0x00000000,1
present,72,2367997,0x00000000,0,0,0,0x00000000,0x00000000,1
present,73,2401421,0x00000000,0,0,0,0x00000000,0x00000000,1
present,74,2434517,0x00000000,0,0,0,0x00000000,0x00000000,1
present,75,2468351,0x00000000,0,0,0,0x00000000,0x00000000,1
present,76,2501579,0x00000000,0,0,0,0x00000000,0x00000000,1
present,77,2535061,0x00000000,0,0,0,0x00000000,0x00000000,1
present,78,2567835,0x00000000,0,0,0,0x00000000,0x00000000,1
present,79,2601754,0x00000000,0,0,0,0x00000000,0x00000000,1
present,80,2634533,0x00000000,0,0,0,0x00000000,0x00000000,1
present,81,2668829,0x00000000,0,0,0,0x00000000,0x00000000,1
present,82,2701547,0x00000000,0,0,0,0x00000000,0x00000000,1
present,83,2734527,0x00000000,0,0,0,0x00000000,0x00000000,1
present,84,2768336,0x00000000,0,0,0,0x00000000,0x00000000,1
present,85,2800548,0x00000000,0,0,0,0x00000000,0x00000000,1
present,86,2843743,0x00000000,0,0,0,0x00000000,0x00000000,1
present,87,2867451,0x00000000,0,0,0,0x00000000,0x00000000,1
present,88,2900996,0x00000000,0,0,0,0x00000000,0x00000000,1
present,89,2934760,0x00000000,0,0,0,0x00000000,0x00000000,1
present,90,2967082,0x00000000,0,0,0,0x00000000,0x00000000,1
present,91,3066658,0x00000000,0,0,0,0x00000000,0x00000000,1
present,92,3068149,0x00000000,0,0,0,0x00000000,0x00000000,1
present,93,3068737,0x00000000,0,0,0,0x00000000,0x00000000,1
present,94,3100455,0x00000000,0,0,0,0x00000000,0x00000000,1
present,95,3133772,0x00000000,0,0,0,0x00000000,0x00000000,1
present,96,3167311,0x00000000,0,0,0,0x00000000,0x00000000,1
present,97,3201382,0x00000000,0,0,0,0x00000000,0x00000000,1
present,98,3233744,0x00000000,0,0,0,0x00000000,0x00000000,1
present,99,3267745,0x00000000,0,0,0,0x00000000,0x00000000,1
present,100,3301767,0x00000000,0,0,0,0x00000000,0x00000000,1
present,101,3334432,0x00000000,0,0,0,0x00000000,0x00000000,1
present,102,3367428,0x00000000,0,0,0,0x00000000,0x00000000,1
present,103,3401435,0x00000000,0,0,0,0x00000000,0x00000000,1
present,104,3434645,0x00000000,0,0,0,0x00000000,0x00000000,1
present,105,3468009,0x00000000,0,0,0,0x00000000,0x00000000,1
present,106,3500838,0x00000000,0,0,0,0x00000000,0x00000000,1
present,107,3534863,0x00000000,0,0,0,0x00000000,0x00000000,1
present,108,3568265,0x00000000,0,0,0,0x00000000,0x00000000,1
present,109,3601207,0x00000000,0,0,0,0x00000000,0x00000000,1
present,110,3634732,0x00000000,0,0,0,0x00000000,0x00000000,1
present,111,3667335,0x00000000,0,0,0,0x00000000,0x00000000,1
present,112,3701804,0x00000000,0,0,0,0x00000000,0x00000000,1
present,113,3735331,0x00000000,0,0,0,0x00000000,0x00000000,1
present,114,3768337,0x00000000,0,0,0,0x00000000,0x00000000,1
present,115,3801229,0x00000000,0,0,0,0x00000000,0x00000000,1
present,116,3844678,0x00000000,0,0,0,0x00000000,0x00000000,1
present,117,3867054,0x00000000,0,0,0,0x00000000,0x00000000,1
present,118,3900288,0x00000000,0,0,0,0x00000000,0x00000000,1
present,119,3933639,0x00000000,0,0,0,0x00000000,0x00000000,1
present,120,3967885,0x00000000,0,0,0,0x00000000,0x00000000,1
present,121,4000723,0x00000000,0,0,0,0x00000000,0x00000000,2
present,122,4035361,0x00000000,0,0,0,0x00000000,0x00000000,2
present,123,4068434,0x00000000,0,0,0,0x00000000,0x00000000,2
present,124,4100985,0x00000000,0,0,0,0x00000000,0x00000000,2
present,125,4134710,0x00000000,0,0,0,0x00000000,0x00000000,2
present,126,4167054,0x00000000,0,0,0,0x00000000,0x00000000,2
present,127,4200749,0x00000000,0,0,0,0x00000000,0x00000000,2
present,128,4233817,0x00000000,0,0,0,0x00000000,0x00000000,2
present,129,4267283,0x00000000,0,0,0,0x00000000,0x00000000,2
present,130,4301721,0x00000000,0,0,0,0x00000000,0x00000000,2
present,131,4334441,0x00000000,0,0,0,0x00000000,0x00000000,2
present,132,4367314,0x00000000,0,0,0,0x00000000,0x00000000,2
present,133,4401557,0x00000000,0,0,0,0x00000000,0x00000000,2
present,134,4434765,0x00000000,0,0,0,0x00000000,0x00000000,2
present,135,4467999,0x00000000,0,0,0,0x00000000,0x00000000,2
present,136,4501294,0x00000000,0,0,0,0x00000000,0x00000000,2
present,137,4534574,0x00000000,0,0,0,0x00000000,0x00000000,2
present,138,4567777,0x00000000,0,0,0,0x00000000,0x00000000,2
present,139,4602054,0x00000000,0,0,0,0x00000000,0x00000000,2
present,140,4634331,0x00000000,0,0,0,0x00000000,0x00000000,2
present,141,4668030,0x00000000,0,0,0,0x00000000,0x00000000,2
present,142,4700855,0x00000000,0,0,0,0x00000000,0x00000000,2
present,143,4734819,0x00000000,0,0,0,0x00000000,0x00000000,2
present,144,4767704,0x00000000,0,0,0,0x00000000,0x00000000,2
present,145,4801676,0x00000000,0,0,0,0x00000000,0x00000000,2
present,146,4845385,0x00000000,0,0,0,0x00000000,0x00000000,2
present,147,4867842,0x00000000,0,0,0,0x00000000,0x00000000,2
present,148,4901741,0x00000000,0,0,0,0x00000000,0x00000000,2
present,149,4935025,0x00000000,0,0,0,0x00000000,0x00000000,2
present,150,4967595,0x00000000,0,0,0,0x00000000,0x00000000,2
present,151,5001043,0x00000000,0,0,0,0x00000000,0x00000000,2
present,152,5034733,0x00000000,0,0,0,0x00000000,0x00000000,2
present,153,5067888,0x00000000,0,0,0,0x00000000,0x00000000,2
present,154,5101657,0x00000000,0,0,0,0x00000000,0x00000000,2
present,155,5134672,0x00000000,0,0,0,0x00000000,0x00000000,2
present,156,5167706,0x00000000,0,0,0,0x00000000,0x00000000,2
present,157,5201520,0x00000000,0,0,0,0x00000000,0x00000000,2
present,158,5234486,0x00000000,0,0,0,0x00000000,0x00000000,2
present,159,5269543,0x00000000,0,0,0,0x00000000,0x00000000,2
present,160,5301678,0x00000000,0,0,0,0x00000000,0x00000000,2
present,161,5334702,0x00000000,0,0,0,0x00000000,0x00000000,2
present,162,5367680,0x00000000,0,0,0,0x00000000,0x00000000,2
present,163,5401549,0x00000000,0,0,0,0x00000000,0x00000000,2
present,164,5434558,0x00000000,0,0,0,0x00000000,0x00000000,2
present,165,5468113,0x00000000,0,0,0,0x00000000,0x00000000,2
present,166,5500557,0x00000000,0,0,0,0x00000000,0x00000000,2
present,167,5534210,0x00000000,0,0,0,0x00000000,0x00000000,2
present,168,5568089,0x00000000,0,0,0,0x00000000,0x00000000,2
present,169,5600788,0x00000000,0,0,0,0x00000000,0x00000000,2
present,170,5634617,0x00000000,0,0,0,0x00000000,0x00000000,2
present,171,5668030,0x00000000,0,0,0,0x00000000,0x00000000,2
present,172,5701017,0x00000000,0,0,0,0x00000000,0x00000000,2
present,173,5734822,0x00000000,0,0,0,0x00000000,0x00000000,2
present,174,5767572,0x00000000,0,0,0,0x00000000,0x00000000,2
present,175,5802285,0x00000000,0,0,0,0x00000000,0x00000000,2
present,176,5837433,0x00000000,0,0,0,0x00000000,0x00000000,2
present,177,5867809,0x00000000,0,0,0,0x00000000,0x00000000,2
present,178,5901902,0x00000000,0,0,0,0x00000000,0x00000000,2
present,179,5934871,0x00000000,0,0,0,0x00000000,0x00000000,2
present,180,5968132,0x00000000,0,0,0,0x00000000,0x00000000,2
present,181,6000637,0x00000000,0,0,0,0x00000000,0x00000000,3
present,182,6034364,0x00000000,0,0,0,0x00000000,0x00000000,3
present,183,6068311,0x00000000,0,0,0,0x00000000,0x00000000,3
present,184,6101102,0x00000000,0,0,0,0x00000000,0x00000000,3
present,185,6134927,0x00000000,0,0,0,0x00000000,0x00000000,3
present,186,6167905,0x00000000,0,0,0,0x00000000,0x00000000,3
present,187,6200864,0x00000000,0,0,0,0x00000000,0x00000000,3
present,188,6234744,0x00000000,0,0,0,0x00000000,0x00000000,3
present,189,6268024,0x00000000,0,0,0,0x00000000,0x00000000,3
present,190,6301008,0x00000000,0,0,0,0x00000000,0x00000000,3
present,191,6333899,0x00000000,0,0,0,0x00000000,0x00000000,3
present,192,6367818,0x00000000,0,0,0,0x00000000,0x00000000,3
present,193,6401460,0x00000000,0,0,0,0x00000000,0x00000000,3
present,194,6434563,0x00000000,0,0,0,0x00000000,0x00000000,3
present,195,6467481,0x00000000,0,0,0,0x00000000,0x00000000,3
present,196,6501527,0x00000000,0,0,0,0x00000000,0x00000000,3
present,197,6535449,0x00000000,0,0,0,0x00000000,0x00000000,3
present,198,6568419,0x00000000,0,0,0,0x00000000,0x00000000,3
present,199,6601863,0x00000000,0,0,0,0x00000000,0x00000000,3
present,200,6634866,0x00000000,0,0,0,0x00000000,0x00000000,3
present,201,6667707,0x00000000,0,0,0,0x00000000,0x00000000,3
present,202,6701210,0x00000000,0,0,0,0x00000000,0x00000000,3
present,203,6734838,0x00000000,0,0,0,0x00000000,0x00000000,3
present,204,6768309,0x00000000,0,0,0,0x00000000,0x00000000,3
present,205,6800792,0x00000000,0,0,0,0x00000000,0x00000000,3
present,206,6838146,0x00000000,0,0,0,0x00000000,0x00000000,3
present,207,6867632,0x00000000,0,0,0,0x00000000,0x00000000,3
present,208,6901483,0x00000000,0,0,0,0x00000000,0x00000000,3
present,209,6934315,0x00000000,0,0,0,0x00000000,0x00000000,3
present,210,6967999,0x00000000,0,0,0,0x00000000,0x00000000,3
present,211,7000635,0x00000000,0,0,0,0x00000000,0x00000000,3
present,212,7034137,0x00000000,0,0,0,0x00000000,0x00000000,3
present,213,7068841,0x00000000,0,0,0,0x00000000,0x00000000,3
present,214,7101905,0x00000000,0,0,0,0x00000000,0x00000000,3
present,215,7133967,0x00000000,0,0,0,0x00000000,0x00000000,3
present,216,7167863,0x00000000,0,0,0,0x00000000,0x00000000,3
present,217,7201414,0x00000000,0,0,0,0x00000000,0x00000000,3
present,218,7234341,0x00000000,0,0,0,0x00000000,0x00000000,3
present,219,7267728,0x00000000,0,0,0,0x00000000,0x00000000,3
present,220,7301663,0x00000000,0,0,0,0x00000000,0x00000000,3
present,221,7334430,0x00000000,0,0,0,0x00000000,0x00000000,3
present,222,7367191,0x00000000,0,0,0,0x00000000,0x00000000,3
present,223,7401164,0x00000000,0,0,0,0x00000000,0x00000000,3
present,224,7434895,0x00000000,0,0,0,0x00000000,0x00000000,3
present,225,7467650,0x00000000,0,0,0,0x00000000,0x00000000,3
present,226,7501523,0x00000000,0,0,0,0x00000000,0x00000000,3
present,227,7534161,0x00000000,0,0,0,0x00000000,0x00000000,3
present,228,7567903,0x00000000,0,0,0,0x00000000,0x00000000,3
present,229,7601352,0x00000000,0,0,0,0x00000000,0x00000000,3
present,230,7634120,0x00000000,0,0,0,0x00000000,0x00000000,3
present,231,7668202,0x00000000,0,0,0,0x00000000,0x00000000,3
present,232,7701452,0x00000000,0,0,0,0x00000000,0x00000000,3
present,233,7733829,0x00000000,0,0,0,0x00000000,0x00000000,3
present,234,7767648,0x00000000,0,0,0,0x00000000,0x00000000,3
present,235,7800602,0x00000000,0,0,0,0x00000000,0x00000000,3
present,236,7836953,0x00000000,0,0,0,0x00000000,0x00000000,3
present,237,7868216,0x00000000,0,0,0,0x00000000,0x00000000,3
present,238,7901295,0x00000000,0,0,0,0x00000000,0x00000000,3
present,239,7934555,0x00000000,0,0,0,0x00000000,0x00000000,3
present,240,7968091,0x00000000,0,0,0,0x00000000,0x00000000,3
present,241,8000417,0x00000000,0,0,0,0x00000000,0x00000000,0
present,242,8034270,0x00000000,0,0,0,0x00000000,0x00000000,0
present,243,8067971,0x00000000,0,0,0,0x00000000,0x00000000,0
present,244,8100517,0x00000000,0,0,0,0x00000000,0x00000000,0
present,245,8134050,0x00000000,0,0,0,0x00000000,0x00000000,0
present,246,8168017,0x00000000,0,0,0,0x00000000,0x00000000,0
present,247,8201985,0x00000000,0,0,0,0x00000000,0x00000000,0
present,248,8233860,0x00000000,0,0,0,0x00000000,0x00000000,0
present,249,8268375,0x00000000,0,0,0,0x00000000,0x00000000,0
present,250,8301424,0x00000000,0,0,0,0x00000000,0x00000000,0
present,251,8333931,0x00000000,0,0,0,0x00000000,0x00000000,0
present,252,8368341,0x00000000,0,0,0,0x00000000,0x00000000,0
present,253,8400541,0x00000000,0,0,0,0x00000000,0x00000000,0
present,254,8434590,0x00000000,0,0,0,0x00000000,0x00000000,0
present,255,8467816,0x00000000,0,0,0,0x00000000,0x00000000,0
present,256,8502057,0x00000000,0,0,0,0x00000000,0x00000000,0
present,257,8533998,0x00000000,0,0,0,0x00000000,0x00000000,0
present,258,8568057,0x00000000,0,0,0,0x00000000,0x00000000,0
present,259,8600745,0x00000000,0,0,0,0x00000000,0x00000000,0
present,260,8634576,0x00000000,0,0,0,0x00000000,0x00000000,0
present,261,8667791,0x00000000,0,0,0,0x00000000,0x00000000,0
present,262,8701452,0x00000000,0,0,0,0x00000000,0x00000000,0
present,263,8734084,0x00000000,0,0,0,0x00000000,0x00000000,0
present,264,8768778,0x00000000,0,0,0,0x00000000,0x00000000,0
present,265,8800777,0x00000000,0,0,0,0x00000000,0x00000000,0
present,266,8834990,0x00000000,0,0,0,0x00000000,0x00000000,0
present,267,8867411,0x00000000,0,0,0,0x00000000,0x00000000,0
present,268,8901017,0x00000000,0,0,0,0x00000000,0x00000000,0
present,269,8935282,0x00000000,0,0,0,0x00000000,0x00000000,0
present,270,8968322,0x00000000,0,0,0,0x00000000,0x00000000,0
present,271,9001604,0x00000000,0,0,0,0x00000000,0x00000000,0
present,272,9034610,0x00000000,0,0,0,0x00000000,0x00000000,0
present,273,9067179,0x00000000,0,0,0,0x00000000,0x00000000,0
present,274,9100528,0x00000000,0,0,0,0x00000000,0x00000000,0
present,275,9134241,0x00000000,0,0,0,0x00000000,0x00000000,0
present,276,9168201,0x00000000,0,0,0,0x00000000,0x00000000,0
present,277,9201627,0x00000000,0,0,0,0x00000000,0x00000000,0
present,278,9234704,0x00000000,0,0,0,0x00000000,0x00000000,0
present,279,9267501,0x00000000,0,0,0,0x00000000,0x00000000,0
present,280,9301618,0x00000000,0,0,0,0x00000000,0x00000000,0
present,281,9334646,0x00000000,0,0,0,0x00000000,0x00000000,0
present,282,9367942,0x00000000,0,0,0,0x00000000,0x00000000,0
present,283,9401030,0x00000000,0,0,0,0x00000000,0x00000000,0
present,284,9434910,0x00000000,0,0,0,0x00000000,0x00000000,0
present,285,9467466,0x00000000,0,0,0,0x00000000,0x00000000,0
present,286,9500510,0x00000000,0,0,0,0x00000000,0x00000000,0
present,287,9535080,0x00000000,0,0,0,0x00000000,0x00000000,0
present,288,9568371,0x00000000,0,0,0,0x00000000,0x00000000,0
present,289,9601338,0x00000000,0,0,0,0x00000000,0x00000000,0
present,290,9634729,0x00000000,0,0,0,0x00000000,0x00000000,0
present,291,9667754,0x00000000,0,0,0,0x00000000,0x00000000,0
present,292,9701587,0x00000000,0,0,0,0x00000000,0x00000000,0
present,293,9734459,0x00000000,0,0,0,0x00000000,0x00000000,0
present,294,9767942,0x00000000,0,0,0,0x00000000,0x00000000,0
present,295,9801104,0x00000000,0,0,0,0x00000000,0x00000000,0
present,296,9844214,0x00000000,0,0,0,0x00000000,0x00000000,0
present,297,9867662,0x00000000,0,0,0,0x00000000,0x00000000,0
present,298,9901026,0x00000000,0,0,0,0x00000000,0x00000000,0
present,299,9935437,0x00000000,0,0,0,0x00000000,0x00000000,0
present,300,9967726,0x00000000,0,0,0,0x00000000,0x00000000,0
present,301,10001494,0x00000000,0,0,0,0x00000000,0x00000000,1
present,302,10034727,0x00000000,0,0,0,0x00000000,0x00000000,1
present,303,10067482,0x00000000,0,0,0,0x00000000,0x00000000,1
present,304,10101272,0x00000000,0,0,0,0x00000000,0x00000000,1
present,305,10134431,0x00000000,0,0,0,0x00000000,0x00000000,1
present,306,10168189,0x00000000,0,0,0,0x00000000,0x00000000,1
present,307,10200959,0x00000000,0,0,0,0x00000000,0x00000000,1
present,308,10233921,0x00000000,0,0,0,0x00000000,0x00000000,1
present,309,10268415,0x00000000,0,0,0,0x00000000,0x00000000,1
present,310,10301330,0x00000000,0,0,0,0x00000000,0x00000000,1
present,311,10334453,0x00000000,0,0,0,0x00000000,0x00000000,1
present,312,10367346,0x00000000,0,0,0,0x00000000,0x00000000,1
present,313,10401346,0x00000000,0,0,0,0x00000000,0x00000000,1
present,314,10434316,0x00000000,0,0,0,0x00000000,0x00000000,1
present,315,10468303,0x00000000,0,0,0,0x00000000,0x00000000,1
present,316,10501218,0x00000000,0,0,0,0x00000000,0x00000000,1
present,317,10533553,0x00000000,0,0,0,0x00000000,0x00000000,1
present,318,10568120,0x00000000,0,0,0,0x00000000,0x00000000,1
present,319,10601102,0x00000000,0,0,0,0x00000000,0x00000000,1
present,320,10634716,0x00000000,0,0,0,0x00000000,0x00000000,1
present,321,10667310,0x00000000,0,0,0,0x00000000,0x00000000,1
present,322,10701765,0x00000000,0,0,0,0x00000000,0x00000000,1
present,323,10735288,0x00000000,0,0,0,0x00000000,0x00000000,1
present,324,10767975,0x00000000,0,0,0,0x00000000,0x00000000,1
present,325,10800512,0x00000000,0,0,0,0x00000000,0x00000000,1
present,326,10838100,0x00000000,0,0,0,0x00000000,0x00000000,1
present,327,10867706,0x00000000,0,0,0,0x00000000,0x00000000,1
present,328,10901216,0x00000000,0,0,0,0x00000000,0x00000000,1
present,329,10934448,0x00000000,0,0,0,0x00000000,0x00000000,1
present,330,10968664,0x00000000,0,0,0,0x00000000,0x00000000,1
present,331,11001300,0x00000000,0,0,0,0x00000000,0x00000000,1
present,332,11034468,0x00000000,0,0,0,0x00000000,0x00000000,1
present,333,11067530,0x00000000,0,0,0,0x00000000,0x00000000,1
present,334,11101537,0x00000000,0,0,0,0x00000000,0x00000000,1
present,335,11134425,0x00000000,0,0,0,0x00000000,0x00000000,1
present,336,11168266,0x00000000,0,0,0,0x00000000,0x00000000,1
present,337,11200875,0x00000000,0,0,0,0x00000000,0x00000000,1
present,338,11234726,0x00000000,0,0,0,0x00000000,0x00000000,1
present,339,11269106,0x00000000,0,0,0,0x00000000,0x00000000,1
present,340,11301372,0x00000000,0,0,0,0x00000000,0x00000000,1
present,341,11335109,0x00000000,0,0,0,0x00000000,0x00000000,1
present,342,11367724,0x00000000,0,0,0,0x00000000,0x00000000,1
present,343,11401449,0x00000000,0,0,0,0x00000000,0x00000000,1
present,344,11435108,0x00000000,0,0,0,0x00000000,0x00000000,1
present,345,11468457,0x00000000,0,0,0,0x00000000,0x00000000,1
present,346,11501390,0x00000000,0,0,0,0x00000000,0x00000000,1
present,347,11534158,0x00000000,0,0,0,0x00000000,0x00000000,1
present,348,11568057,0x00000000,0,0,0,0x00000000,0x00000000,1
present,349,11601189,0x00000000,0,0,0,0x00000000,0x00000000,1
present,350,11634751,0x00000000,0,0,0,0x00000000,0x00000000,1
present,351,11667600,0x00000000,0,0,0,0x00000000,0x00000000,1
present,352,11700632,0x00000000,0,0,0,0x00000000,0x00000000,1
present,353,11734268,0x00000000,0,0,0,0x00000000,0x00000000,1
present,354,11769119,0x00000000,0,0,0,0x00000000,0x00000000,1
present,355,11800784,0x00000000,0,0,0,0x00000000,0x00000000,1
present,356,11841112,0x00000000,0,0,0,0x00000000,0x00000000,1
present,357,11867044,0x00000000,0,0,0,0x00000000,0x00000000,1
present,358,11900926,0x00000000,0,0,0,0x00000000,0x00000000,1
present,359,11934786,0x00000000,0,0,0,0x00000000,0x00000000,1
present,360,11967618,0x00000000,0,0,0,0x00000000,0x00000000,1
present,361,12000913,0x00000000,0,0,0,0x00000000,0x00000000,2
present,362,12034043,0x00000000,0,0,0,0x00000000,0x00000000,2
present,363,12067812,0x00000000,0,0,0,0x00000000,0x00000000,2
present,364,12101174,0x00000000,0,0,0,0x00000000,0x00000000,2
present,365,12135917,0x00000000,0,0,0,0x00000000,0x00000000,2
present,366,12167653,0x00000000,0,0,0,0x00000000,0x00000000,2
present,367,12201401,0x00000000,0,0,0,0x00000000,0x00000000,2
present,368,12234917,0x00000000,0,0,0,0x00000000,0x00000000,2
present,369,12267594,0x00000000,0,0,0,0x00000000,0x00000000,2
present,370,12301257,0x00000000,0,0,0,0x00000000,0x00000000,2
present,371,12333972,0x00000000,0,0,0,0x00000000,0x00000000,2
present,372,12367327,0x00000000,0,0,0,0x00000000,0x00000000,2
present,373,12400675,0x00000000,0,0,0,0x00000000,0x00000000,2
present,374,12434200,0x00000000,0,0,0,0x00000000,0x00000000,2
present,375,12468100,0x00000000,0,0,0,0x00000000,0x00000000,2
present,376,12500509,0x00000000,0,0,0,0x00000000,0x00000000,2
present,377,12534208,0x00000000,0,0,0,0x00000000,0x00000000,2
present,378,12567640,0x00000000,0,0,0,0x00000000,0x00000000,2
present,379,12601391,0x00000000,0,0,0,0x00000000,0x00000000,2
present,380,12634971,0x00000000,0,0,0,0x00000000,0x00000000,2
present,381,12668680,0x00000000,0,0,0,0x00000000,0x00000000,2
present,382,12702687,0x00000000,0,0,0,0x00000000,0x00000000,2
present,383,12734050,0x00000000,0,0,0,0x00000000,0x00000000,2
present,384,12768087,0x00000000,0,0,0,0x00000000,0x00000000,2
present,385,12800883,0x00000000,0,0,0,0x00000000,0x00000000,2
present,386,12835681,0x00000000,0,0,0,0x00000000,0x00000000,2
present,387,12868676,0x00000000,0,0,0,0x00000000,0x00000000,2
present,388,12904189,0x00000000,0,0,0,0x00000000,0x00000000,2
present,389,12934954,0x00000000,0,0,0,0x00000000,0x00000000,2
present,390,12967766,0x00000000,0,0,0,0x00000000,0x00000000,2
present,391,13001844,0x00000000,0,0,0,0x00000000,0x00000000,2
present,392,13035020,0x00000000,0,0,0,0x00000000,0x00000000,2
present,393,13067779,0x00000000,0,0,0,0x00000000,0x00000000,2
present,394,13101246,0x00000000,0,0,0,0x00000000,0x00000000,2
present,395,13134202,0x00000000,0,0,0,0x00000000,0x00000000,2
present,396,13167345,0x00000000,0,0,0,0x00000000,0x00000000,2
present,397,13201136,0x00000000,0,0,0,0x00000000,0x00000000,2
present,398,13234050,0x00000000,0,0,0,0x00000000,0x00000000,2
present,399,13267594,0x00000000,0,0,0,0x00000000,0x00000000,2
present,400,13301311,0x00000000,0,0,0,0x00000000,0x00000000,2
present,401,13334169,0x00000000,0,0,0,0x00000000,0x00000000,2
present,402,13367207,0x00000000,0,0,0,0x00000000,0x00000000,2
present,403,13401044,0x00000000,0,0,0,0x00000000,0x00000000,2
present,404,13435086,0x00000000,0,0,0,0x00000000,0x00000000,2
present,405,13467862,0x00000000,0,0,0,0x00000000,0x00000000,2
present,406,13500941,0x00000000,0,0,0,0x00000000,0x00000000,2
present,407,13536087,0x00000000,0,0,0,0x00000000,0x00000000,2
present,408,13567969,0x00000000,0,0,0,0x00000000,0x00000000,2
present,409,13601056,0x00000000,0,0,0,0x00000000,0x00000000,2
present,410,13634630,0x00000000,0,0,0,0x00000000,0x00000000,2
present,411,13667553,0x00000000,0,0,0,0x00000000,0x00000000,2
present,412,13701157,0x00000000,0,0,0,0x00000000,0x00000000,2
present,413,13734819,0x00000000,0,0,0,0x00000000,0x00000000,2
present,414,13767661,0x00000000,0,0,0,0x00000000,0x00000000,2
present,415,13801525,0x00000000,0,0,0,0x00000000,0x00000000,2
present,416,13835987,0x00000000,0,0,0,0x00000000,0x00000000,2
present,417,13867398,0x00000000,0,0,0,0x00000000,0x00000000,2
present,418,13901701,0x00000000,0,0,0,0x00000000,0x00000000,2
present,419,13934449,0x00000000,0,0,0,0x00000000,0x00000000,2
present,420,13968091,0x00000000,0,0,0,0x00000000,0x00000000,2
present,421,14002460,0x00000000,0,0,0,0x00000000,0x00000000,3
present,422,14034600,0x00000000,0,0,0,0x00000000,0x00000000,3
present,423,14067892,0x00000000,0,0,0,0x00000000,0x00000000,3
present,424,14101013,0x00000000,0,0,0,0x00000000,0x00000000,3
present,425,14135462,0x00000000,0,0,0,0x00000000,0x00000000,3
present,426,14168196,0x00000000,0,0,0,0x00000000,0x00000000,3
present,427,14201212,0x00000000,0,0,0,0x00000000,0x00000000,3
present,428,14234791,0x00000000,0,0,0,0x00000000,0x00000000,3
present,429,14268176,0x00000000,0,0,0,0x00000000,0x00000000,3
present,430,14301567,0x00000000,0,0,0,0x00000000,0x00000000,3
present,431,14334657,0x00000000,0,0,0,0x00000000,0x00000000,3
present,432,14368081,0x00000000,0,0,0,0x00000000,0x00000000,3
present,433,14400751,0x00000000,0,0,0,0x00000000,0x00000000,3
present,434,14434530,0x00000000,0,0,0,0x00000000,0x00000000,3
present,435,14467468,0x00000000,0,0,0,0x00000000,0x00000000,3
present,436,14501056,0x00000000,0,0,0,0x00000000,0x00000000,3
present,437,14535423,0x00000000,0,0,0,0x00000000,0x00000000,3
present,438,14568283,0x00000000,0,0,0,0x00000000,0x00000000,3
present,439,14601339,0x00000000,0,0,0,0x00000000,0x00000000,3
present,440,14634465,0x00000000,0,0,0,0x00000000,0x00000000,3
present,441,14668235,0x00000000,0,0,0,0x00000000,0x00000000,3
present,442,14701027,0x00000000,0,0,0,0x00000000,0x00000000,3
present,443,14735341,0x00000000,0,0,0,0x00000000,0x00000000,3
present,444,14767756,0x00000000,0,0,0,0x00000000,0x00000000,3
present,445,14801517,0x00000000,0,0,0,0x00000000,0x00000000,3
present,446,14841974,0x00000000,0,0,0,0x00000000,0x00000000,3
present,447,14867474,0x00000000,0,0,0,0x00000000,0x00000000,3
present,448,14901053,0x00000000,0,0,0,0x00000000,0x00000000,3
present,449,14933945,0x00000000,0,0,0,0x00000000,0x00000000,3
present,450,14968739,0x00000000,0,0,0,0x00000000,0x00000000,3
present,451,15001065,0x00000000,0,0,0,0x00000000,0x00000000,3
present,452,15034690,0x00000000,0,0,0,0x00000000,0x00000000,3
present,453,15067328,0x00000000,0,0,0,0x00000000,0x00000000,3
present,454,15101007,0x00000000,0,0,0,0x00000000,0x00000000,3
present,455,15134732,0x00000000,0,0,0,0x00000000,0x00000000,3
present,456,15167366,0x00000000,0,0,0,0x00000000,0x00000000,3
present,457,15200857,0x00000000,0,0,0,0x00000000,0x00000000,3
present,458,15233960,0x00000000,0,0,0,0x00000000,0x00000000,3
present,459,15268014,0x00000000,0,0,0,0x00000000,0x00000000,3
present,460,15300730,0x00000000,0,0,0,0x00000000,0x00000000,3
present,461,15334391,0x00000000,0,0,0,0x00000000,0x00000000,3
present,462,15367185,0x00000000,0,0,0,0x00000000,0x00000000,3
present,463,15400839,0x00000000,0,0,0,0x00000000,0x00000000,3
present,464,15435704,0x00000000,0,0,0,0x00000000,0x00000000,3
present,465,15468266,0x00000000,0,0,0,0x00000000,0x00000000,3
present,466,15501697,0x00000000,0,0,0,0x00000000,0x00000000,3
present,467,15534444,0x00000000,0,0,0,0x00000000,0x00000000,3
present,468,15568584,0x00000000,0,0,0,0x00000000,0x00000000,3
present,469,15601407,0x00000000,0,0,0,0x00000000,0x00000000,3
present,470,15634699,0x00000000,0,0,0,0x00000000,0x00000000,3
present,471,15667535,0x00000000,0,0,0,0x00000000,0x00000000,3
present,472,15701875,0x00000000,0,0,0,0x00000000,0x00000000,3
present,473,15734368,0x00000000,0,0,0,0x00000000,0x00000000,3
present,474,15768121,0x00000000,0,0,0,0x00000000,0x00000000,3
present,475,15800953,0x00000000,0,0,0,0x00000000,0x00000000,3
present,476,15838252,0x00000000,0,0,0,0x00000000,0x00000000,3
present,477,15867668,0x00000000,0,0,0,0x00000000,0x00000000,3
present,478,15901499,0x00000000,0,0,0,0x00000000,0x00000000,3
present,479,15934786,0x00000000,0,0,0,0x00000000,0x00000000,3
present,480,15968047,0x00000000,0,0,0,0x00000000,0x00000000,3
present,481,16001552,0x00000000,0,0,0,0x00000000,0x00000000,0
present,482,16034232,0x00000000,0,0,0,0x00000000,0x00000000,0
present,483,16068121,0x00000000,0,0,0,0x00000000,0x00000000,0
present,484,16100635,0x00000000,0,0,0,0x00000000,0x00000000,0
present,485,16133590,0x00000000,0,0,0,0x00000000,0x00000000,0
present,486,16167134,0x00000000,0,0,0,0x00000000,0x00000000,0
present,487,16200725,0x00000000,0,0,0,0x00000000,0x00000000,0
present,488,16234266,0x00000000,0,0,0,0x00000000,0x00000000,0
present,489,16268280,0x00000000,0,0,0,0x00000000,0x00000000,0
present,490,16300876,0x00000000,0,0,0,0x00000000,0x00000000,0
present,491,16334634,0x00000000,0,0,0,0x00000000,0x00000000,0
present,492,16367389,0x00000000,0,0,0,0x00000000,0x00000000,0
present,493,16401159,0x00000000,0,0,0,0x00000000,0x00000000,0
present,494,16434583,0x00000000,0,0,0,0x00000000,0x00000000,0
present,495,16467236,0x00000000,0,0,0,0x00000000,0x00000000,0
present,496,16501647,0x00000000,0,0,0,0x00000000,0x00000000,0
present,497,16535967,0x00000000,0,0,0,0x00000000,0x00000000,0
present,498,16567627,0x00000000,0,0,0,0x00000000,0x00000000,0
present,499,16600648,0x00000000,0,0,0,0x00000000,0x00000000,0
present,500,16634569,0x00000000,0,0,0,0x00000000,0x00000000,0
present,501,16667289,0x00000000,0,0,0,0x00000000,0x00000000,0
present,502,16700812,0x00000000,0,0,0,0x00000000,0x00000000,0
present,503,16735844,0x00000000,0,0,0,0x00000000,0x00000000,0
present,504,16768021,0x00000000,0,0,0,0x00000000,0x00000000,0
present,505,16801127,0x00000000,0,0,0,0x00000000,0x00000000,0
present,506,16842539,0x00000000,0,0,0,0x00000000,0x00000000,0
present,507,16866985,0x00000000,0,0,0,0x00000000,0x00000000,0
present,508,16900585,0x00000000,0,0,0,0x00000000,0x00000000,0
present,509,16934582,0x00000000,0,0,0,0x00000000,0x00000000,0
present,510,16967902,0x00000000,0,0,0,0x00000000,0x00000000,0
present,511,17000753,0x00000000,0,0,0,0x00000000,0x00000000,0
present,512,17034375,0x00000000,0,0,0,0x00000000,0x00000000,0
present,513,17067945,0x00000000,0,0,0,0x00000000,0x00000000,0
present,514,17100352,0x00000000,0,0,0,0x00000000,0x00000000,0
present,515,17133773,0x00000000,0,0,0,0x00000000,0x00000000,0
present,516,17167231,0x00000000,0,0,0,0x00000000,0x00000000,0
present,517,17201751,0x00000000,0,0,0,0x00000000,0x00000000,0
present,518,17234590,0x00000000,0,0,0,0x00000000,0x00000000,0
present,519,17267445,0x00000000,0,0,0,0x00000000,0x00000000,0
present,520,17301348,0x00000000,0,0,0,0x00000000,0x00000000,0
present,521,17334414,0x00000000,0,0,0,0x00000000,0x00000000,0
present,522,17368482,0x00000000,0,0,0,0x00000000,0x00000000,0
present,523,17400705,0x00000000,0,0,0,0x00000000,0x00000000,0
present,524,17434544,0x00000000,0,0,0,0x00000000,0x00000000,0
present,525,17467881,0x00000000,0,0,0,0x00000000,0x00000000,0
present,526,17501123,0x00000000,0,0,0,0x00000000,0x00000000,0
present,527,17535669,0x00000000,0,0,0,0x00000000,0x00000000,0
present,528,17567415,0x00000000,0,0,0,0x00000000,0x00000000,0
present,529,17601362,0x00000000,0,0,0,0x00000000,0x00000000,0
present,530,17634815,0x00000000,0,0,0,0x00000000,0x00000000,0
present,531,17667929,0x00000000,0,0,0,0x00000000,0x00000000,0
present,532,17700337,0x00000000,0,0,0,0x00000000,0x00000000,0
present,533,17733892,0x00000000,0,0,0,0x00000000,0x00000000,0
present,534,17769195,0x00000000,0,0,0,0x00000000,0x00000000,0
present,535,17801043,0x00000000,0,0,0,0x00000000,0x00000000,0
present,536,17837245,0x00000000,0,0,0,0x00000000,0x00000000,0
present,537,17868560,0x00000000,0,0,0,0x00000000,0x00000000,0
present,538,17901155,0x00000000,0,0,0,0x00000000,0x00000000,0
present,539,17934876,0x00000000,0,0,0,0x00000000,0x00000000,0
present,540,17967625,0x00000000,0,0,0,0x00000000,0x00000000,0
present,541,18001101,0x00000000,0,0,0,0x00000000,0x00000000,1
present,542,18034095,0x00000000,0,0,0,0x00000000,0x00000000,1
present,543,18068119,0x00000000,0,0,0,0x00000000,0x00000000,1
present,544,18100872,0x00000000,0,0,0,0x00000000,0x00000000,1
present,545,18134535,0x00000000,0,0,0,0x00000000,0x00000000,1
present,546,18168087,0x00000000,0,0,0,0x00000000,0x00000000,1
present,547,18201027,0x00000000,0,0,0,0x00000000,0x00000000,1
present,548,18234386,0x00000000,0,0,0,0x00000000,0x00000000,1
present,549,18268391,0x00000000,0,0,0,0x00000000,0x00000000,1
present,550,18301229,0x00000000,0,0,0,0x00000000,0x00000000,1
present,551,18334128,0x00000000,0,0,0,0x00000000,0x00000000,1
present,552,18367768,0x00000000,0,0,0,0x00000000,0x00000000,1
present,553,18401279,0x00000000,0,0,0,0x00000000,0x00000000,1
present,554,18434543,0x00000000,0,0,0,0x00000000,0x00000000,1
present,555,18468711,0x00000000,0,0,0,0x00000000,0x00000000,1
present,556,18501602,0x00000000,0,0,0,0x00000000,0x00000000,1
present,557,18533877,0x00000000,0,0,0,0x00000000,0x00000000,1
present,558,18567543,0x00000000,0,0,0,0x00000000,0x00000000,1
present,559,18601654,0x00000000,0,0,0,0x00000000,0x00000000,1
present,560,18634397,0x00000000,0,0,0,0x00000000,0x00000000,1
present,561,18668301,0x00000000,0,0,0,0x00000000,0x00000000,1
present,562,18700941,0x00000000,0,0,0,0x00000000,0x00000000,1
present,563,18734790,0x00000000,0,0,0,0x00000000,0x00000000,1
present,564,18767671,0x00000000,0,0,0,0x00000000,0x00000000,1
present,565,18801565,0x00000000,0,0,0,0x00000000,0x00000000,1
present,566,18844321,0x00000000,0,0,0,0x00000000,0x00000000,1
present,567,18868047,0x00000000,0,0,0,0x00000000,0x00000000,1
present,568,18901480,0x00000000,0,0,0,0x00000000,0x00000000,1
present,569,18934410,0x00000000,0,0,0,0x00000000,0x00000000,1
present,570,18967920,0x00000000,0,0,0,0x00000000,0x00000000,1
present,571,19000582,0x00000000,0,0,0,0x00000000,0x00000000,1
present,572,19034202,0x00000000,0,0,0,0x00000000,0x00000000,1
present,573,19068065,0x00000000,0,0,0,0x00000000,0x00000000,1
present,574,19100646,0x00000000,0,0,0,0x00000000,0x00000000,1
present,575,19134272,0x00000000,0,0,0,0x00000000,0x00000000,1
present,576,19168089,0x00000000,0,0,0,0x00000000,0x00000000,1
present,577,19202090,0x00000000,0,0,0,0x00000000,0x00000000,1
present,578,19234775,0x00000000,0,0,0,0x00000000,0x00000000,1
present,579,19268119,0x00000000,0,0,0,0x00000000,0x00000000,1
present,580,19301133,0x00000000,0,0,0,0x00000000,0x00000000,1
present,581,19334683,0x00000000,0,0,0,0x00000000,0x00000000,1
present,582,19367752,0x00000000,0,0,0,0x00000000,0x00000000,1
present,583,19401233,0x00000000,0,0,0,0x00000000,0x00000000,1
present,584,19434011,0x00000000,0,0,0,0x00000000,0x00000000,1
present,585,19467786,0x00000000,0,0,0,0x00000000,0x00000000,1
present,586,19500919,0x00000000,0,0,0,0x00000000,0x00000000,1
present,587,19534808,0x00000000,0,0,0,0x00000000,0x00000000,1
present,588,19568316,0x00000000,0,0,0,0x00000000,0x00000000,1
present,589,19601468,0x00000000,0,0,0,0x00000000,0x00000000,1
present,590,19634055,0x00000000,0,0,0,0x00000000,0x00000000,1
present,591,19667958,0x00000000,0,0,0,0x00000000,0x00000000,1
present,592,19700793,0x00000000,0,0,0,0x00000000,0x00000000,1
present,593,19734608,0x00000000,0,0,0,0x00000000,0x00000000,1
present,594,19767823,0x00000000,0,0,0,0x00000000,0x00000000,1
present,595,19801508,0x00000000,0,0,0,0x00000000,0x00000000,1
present,596,19838414,0x00000000,0,0,0,0x00000000,0x00000000,1
present,597,19866878,0x00000000,0,0,0,0x00000000,0x00000000,1
present,598,19901537,0x00000000,0,0,0,0x00000000,0x00000000,1
present,599,19934408,0x00000000,0,0,0,0x00000000,0x00000000,1
present,600,19968251,0x00000000,0,0,0,0x00000000,0x00000000,1
present,601,20000661,0x00000000,0,0,0,0x00000000,0x00000000,2
present,602,20034667,0x00000000,0,0,0,0x00000000,0x00000000,2
present,603,20067495,0x00000000,0,0,0,0x00000000,0x00000000,2
present,604,20100279,0x00000000,0,0,0,0x00000000,0x00000000,2
present,605,20134958,0x00000000,0,0,0,0x00000000,0x00000000,2
present,606,20167883,0x00000000,0,0,0,0x00000000,0x00000000,2
present,607,20200725,0x00000000,0,0,0,0x00000000,0x00000000,2
present,608,20234033,0x00000000,0,0,0,0x00000000,0x00000000,2
present,609,20267246,0x00000000,0,0,0,0x00000000,0x00000000,2
present,610,20301105,0x00000000,0,0,0,0x00000000,0x00000000,2
present,611,20334086,0x00000000,0,0,0,0x00000000,0x00000000,2
present,612,20367416,0x00000000,0,0,0,0x00000000,0x00000000,2
present,613,20401159,0x00000000,0,0,0,0x00000000,0x00000000,2
present,614,20434207,0x00000000,0,0,0,0x00000000,0x00000000,2
present,615,20467770,0x00000000,0,0,0,0x00000000,0x00000000,2
present,616,20501420,0x00000000,0,0,0,0x00000000,0x00000000,2
present,617,20534599,0x00000000,0,0,0,0x00000000,0x00000000,2
present,618,20567698,0x00000000,0,0,0,0x00000000,0x00000000,2
present,619,20600659,0x00000000,0,0,0,0x00000000,0x00000000,2
present,620,20635303,0x00000000,0,0,0,0x00000000,0x00000000,2
present,621,20667758,0x00000000,0,0,0,0x00000000,0x00000000,2
present,622,20701354,0x00000000,0,0,0,0x00000000,0x00000000,2
present,623,20734194,0x00000000,0,0,0,0x00000000,0x00000000,2
present,624,20767965,0x00000000,0,0,0,0x00000000,0x00000000,2
present,625,20802342,0x00000000,0,0,0,0x00000000,0x00000000,2
present,626,20843042,0x00000000,0,0,0,0x00000000,0x00000000,2
present,627,20867188,0x00000000,0,0,0,0x00000000,0x00000000,2
present,628,20900919,0x00000000,0,0,0,0x00000000,0x00000000,2
present,629,20933852,0x00000000,0,0,0,0x00000000,0x00000000,2
present,630,20967788,0x00000000,0,0,0,0x00000000,0x00000000,2
present,631,21001618,0x00000000,0,0,0,0x00000000,0x00000000,2
present,632,21034058,0x00000000,0,0,0,0x00000000,0x00000000,2
present,633,21067594,0x00000000,0,0,0,0x00000000,0x00000000,2
present,634,21100992,0x00000000,0,0,0,0x00000000,0x00000000,2
present,635,21134525,0x00000000,0,0,0,0x00000000,0x00000000,2
present,636,21167585,0x00000000,0,0,0,0x00000000,0x00000000,2
present,637,21201620,0x00000000,0,0,0,0x00000000,0x00000000,2
present,638,21234540,0x00000000,0,0,0,0x00000000,0x00000000,2
present,639,21268321,0x00000000,0,0,0,0x00000000,0x00000000,2
present,640,21301131,0x00000000,0,0,0,0x00000000,0x00000000,2
present,641,21335272,0x00000000,0,0,0,0x00000000,0x00000000,2
present,642,21368307,0x00000000,0,0,0,0x00000000,0x00000000,2
present,643,21401172,0x00000000,0,0,0,0x00000000,0x00000000,2
present,644,21434692,0x00000000,0,0,0,0x00000000,0x00000000,2
present,645,21467914,0x00000000,0,0,0,0x00000000,0x00000000,2
present,646,21501082,0x00000000,0,0,0,0x00000000,0x00000000,2
present,647,21534923,0x00000000,0,0,0,0x00000000,0x00000000,2
present,648,21567789,0x00000000,0,0,0,0x00000000,0x00000000,2
present,649,21601565,0x00000000,0,0,0,0x00000000,0x00000000,2
present,650,21634953,0x00000000,0,0,0,0x00000000,0x00000000,2
present,651,21667920,0x00000000,0,0,0,0x00000000,0x00000000,2
present,652,21700929,0x00000000,0,0,0,0x00000000,0x00000000,2
present,653,21734652,0x00000000,0,0,0,0x00000000,0x00000000,2
present,654,21768548,0x00000000,0,0,0,0x00000000,0x00000000,2
present,655,21801244,0x00000000,0,0,0,0x00000000,0x00000000,2
present,656,21834821,0x00000000,0,0,0,0x00000000,0x00000000,2
present,657,21867404,0x00000000,0,0,0,0x00000000,0x00000000,2
present,658,21900939,0x00000000,0,0,0,0x00000000,0x00000000,2
present,659,21934596,0x00000000,0,0,0,0x00000000,0x00000000,2
present,660,21968111,0x00000000,0,0,0,0x00000000,0x00000000,2
present,661,22001056,0x00000000,0,0,0,0x00000000,0x00000000,3
present,662,22034651,0x00000000,0,0,0,0x00000000,0x00000000,3
present,663,22067358,0x00000000,0,0,0,0x00000000,0x00000000,3
present,664,22101206,0x00000000,0,0,0,0x00000000,0x00000000,3
present,665,22134669,0x00000000,0,0,0,0x00000000,0x00000000,3
present,666,22167984,0x00000000,0,0,0,0x00000000,0x00000000,3
present,667,22200827,0x00000000,0,0,0,0x00000000,0x00000000,3
present,668,22234734,0x00000000,0,0,0,0x00000000,0x00000000,3
present,669,22268131,0x00000000,0,0,0,0x00000000,0x00000000,3
present,670,22301109,0x00000000,0,0,0,0x00000000,0x00000000,3
present,671,22334341,0x00000000,0,0,0,0x00000000,0x00000000,3
present,672,22368505,0x00000000,0,0,0,0x00000000,0x00000000,3
present,673,22401180,0x00000000,0,0,0,0x00000000,0x00000000,3
present,674,22434093,0x00000000,0,0,0,0x00000000,0x00000000,3
present,675,22468064,0x00000000,0,0,0,0x00000000,0x00000000,3
present,676,22500771,0x00000000,0,0,0,0x00000000,0x00000000,3
present,677,22534368,0x00000000,0,0,0,0x00000000,0x00000000,3
present,678,22568382,0x00000000,0,0,0,0x00000000,0x00000000,3
present,679,22601942,0x00000000,0,0,0,0x00000000,0x00000000,3
present,680,22634517,0x00000000,0,0,0,0x00000000,0x00000000,3
present,681,22668271,0x00000000,0,0,0,0x00000000,0x00000000,3
present,682,22701093,0x00000000,0,0,0,0x00000000,0x00000000,3
present,683,22734810,0x00000000,0,0,0,0x00000000,0x00000000,3
present,684,22772334,0x00000000,0,0,0,0x00000000,0x00000000,3
present,685,22800165,0x00000000,0,0,0,0x00000000,0x00000000,3
present,686,22837872,0x00000000,0,0,0,0x00000000,0x00000000,3
present,687,22867636,0x00000000,0,0,0,0x00000000,0x00000000,3
present,688,22901442,0x00000000,0,0,0,0x00000000,0x00000000,3
present,689,22934238,0x00000000,0,0,0,0x00000000,0x00000000,3
present,690,22967666,0x00000000,0,0,0,0x00000000,0x00000000,3
present,691,23001480,0x00000000,0,0,0,0x00000000,0x00000000,3
present,692,23034130,0x00000000,0,0,0,0x00000000,0x00000000,3
present,693,23068079,0x00000000,0,0,0,0x00000000,0x00000000,3
present,694,23100639,0x00000000,0,0,0,0x00000000,0x00000000,3
present,695,23134310,0x00000000,0,0,0,0x00000000,0x00000000,3
present,696,23168413,0x00000000,0,0,0,0x00000000,0x00000000,3
present,697,23201158,0x00000000,0,0,0,0x00000000,0x00000000,3
present,698,23234833,0x00000000,0,0,0,0x00000000,0x00000000,3
present,699,23268368,0x00000000,0,0,0,0x00000000,0x00000000,3
present,700,23301158,0x00000000,0,0,0,0x00000000,0x00000000,3
present,701,23334977,0x00000000,0,0,0,0x00000000,0x00000000,3
present,702,23368540,0x00000000,0,0,0,0x00000000,0x00000000,3
present,703,23401773,0x00000000,0,0,0,0x00000000,0x00000000,3
present,704,23436651,0x00000000,0,0,0,0x00000000,0x00000000,3
present,705,23467458,0x00000000,0,0,0,0x00000000,0x00000000,3
present,706,23500648,0x00000000,0,0,0,0x00000000,0x00000000,3
present,707,23534128,0x00000000,0,0,0,0x00000000,0x00000000,3
present,708,23567797,0x00000000,0,0,0,0x00000000,0x00000000,3
present,709,23601879,0x00000000,0,0,0,0x00000000,0x00000000,3
present,710,23634812,0x00000000,0,0,0,0x00000000,0x00000000,3
present,711,23667512,0x00000000,0,0,0,0x00000000,0x00000000,3
present,712,23701468,0x00000000,0,0,0,0x00000000,0x00000000,3
present,713,23734218,0x00000000,0,0,0,0x00000000,0x00000000,3
present,714,23767915,0x00000000,0,0,0,0x00000000,0x00000000,3
present,715,23800710,0x00000000,0,0,0,0x00000000,0x00000000,3
present,716,23835162,0x00000000,0,0,0,0x00000000,0x00000000,3
present,717,23868172,0x00000000,0,0,0,0x00000000,0x00000000,3
present,718,23900841,0x00000000,0,0,0,0x00000000,0x00000000,3
present,719,23934578,0x00000000,0,0,0,0x00000000,0x00000000,3
present,720,23967887,0x00000000,0,0,0,0x00000000,0x00000000,3
present,721,24001471,0x00000000,0,0,0,0x00000000,0x00000000,0
present,722,24034453,0x00000000,0,0,0,0x00000000,0x00000000,0
present,723,24068366,0x00000000,0,0,0,0x00000000,0x00000000,0
present,724,24100912,0x00000000,0,0,0,0x00000000,0x00000000,0
present,725,24134507,0x00000000,0,0,0,0x00000000,0x00000000,0
present,726,24168524,0x00000000,0,0,0,0x00000000,0x00000000,0
present,727,24201801,0x00000000,0,0,0,0x00000000,0x00000000,0
present,728,24234643,0x00000000,0,0,0,0x00000000,0x00000000,0
present,729,24268109,0x00000000,0,0,0,0x00000000,0x00000000,0
present,730,24301202,0x00000000,0,0,0,0x00000000,0x00000000,0
present,731,24334667,0x00000000,0,0,0,0x00000000,0x00000000,0
present,732,24367271,0x00000000,0,0,0,0x00000000,0x00000000,0
present,733,24401263,0x00000000,0,0,0,0x00000000,0x00000000,0
present,734,24433963,0x00000000,0,0,0,0x00000000,0x00000000,0
present,735,24467639,0x00000000,0,0,0,0x00000000,0x00000000,0
present,736,24501175,0x00000000,0,0,0,0x00000000,0x00000000,0
present,737,24534978,0x00000000,0,0,0,0x00000000,0x00000000,0
present,738,24567787,0x00000000,0,0,0,0x00000000,0x00000000,0
present,739,24601466,0x00000000,0,0,0,0x00000000,0x00000000,0
present,740,24633525,0x00000000,0,0,0,0x00000000,0x00000000,0
present,741,24667763,0x00000000,0,0,0,0x00000000,0x00000000,0
present,742,24701239,0x00000000,0,0,0,0x00000000,0x00000000,0
present,743,24734000,0x00000000,0,0,0,0x00000000,0x00000000,0
present,744,24770109,0x00000000,0,0,0,0x00000000,0x00000000,0
present,745,24801126,0x00000000,0,0,0,0x00000000,0x00000000,0
present,746,24842429,0x00000000,0,0,0,0x00000000,0x00000000,0
present,747,24866907,0x00000000,0,0,0,0x00000000,0x00000000,0
present,748,24900842,0x00000000,0,0,0,0x00000000,0x00000000,0
present,749,24934650,0x00000000,0,0,0,0x00000000,0x00000000,0
present,750,24967718,0x00000000,0,0,0,0x00000000,0x00000000,0
present,751,25001349,0x00000000,0,0,0,0x00000000,0x00000000,0
present,752,25034245,0x00000000,0,0,0,0x00000000,0x00000000,0
present,753,25068038,0x00000000,0,0,0,0x00000000,0x00000000,0
present,754,25100492,0x00000000,0,0,0,0x00000000,0x00000000,0
present,755,25134383,0x00000000,0,0,0,0x00000000,0x00000000,0
present,756,25168125,0x00000000,0,0,0,0x00000000,0x00000000,0
present,757,25211060,0x00000000,0,0,0,0x00000000,0x00000000,0
present,758,25234382,0x00000000,0,0,0,0x00000000,0x00000000,0
present,759,25268688,0x00000000,0,0,0,0x00000000,0x00000000,0
present,760,25301334,0x00000000,0,0,0,0x00000000,0x00000000,0
present,761,25374308,0x00000000,0,0,0,0x00000000,0x00000000,0
present,762,25374468,0x00000000,0,0,0,0x00000000,0x00000000,0
present,763,25400085,0x00000000,0,0,0,0x00000000,0x00000000,0
present,764,25434255,0x00000000,0,0,0,0x00000000,0x00000000,0
present,765,25467425,0x00000000,0,0,0,0x00000000,0x00000000,0
present,766,25500638,0x00000000,0,0,0,0x00000000,0x00000000,0
present,767,25534189,0x00000000,0,0,0,0x00000000,0x00000000,0
present,768,25568054,0x00000000,0,0,0,0x00000000,0x00000000,0
present,769,25601881,0x00000000,0,0,0,0x00000000,0x00000000,0
present,770,25634917,0x00000000,0,0,0,0x00000000,0x00000000,0
present,771,25668175,0x00000000,0,0,0,0x00000000,0x00000000,0
present,772,25700986,0x00000000,0,0,0,0x00000000,0x00000000,0
present,773,25733898,0x00000000,0,0,0,0x00000000,0x00000000,0
present,774,25768264,0x00000000,0,0,0,0x00000000,0x00000000,0
present,775,25800704,0x00000000,0,0,0,0x00000000,0x00000000,0
present,776,25838801,0x00000000,0,0,0,0x00000000,0x00000000,0
present,777,25866864,0x00000000,0,0,0,0x00000000,0x00000000,0
present,778,25904154,0x00000000,0,0,0,0x00000000,0x00000000,0
present,779,25934242,0x00000000,0,0,0,0x00000000,0x00000000,0
present,780,25967606,0x00000000,0,0,0,0x00000000,0x00000000,0
present,781,26000895,0x00000000,0,0,0,0x00000000,0x00000000,1
present,782,26034075,0x00000000,0,0,0,0x00000000,0x00000000,1
present,783,26067209,0x00000000,0,0,0,0x00000000,0x00000000,1
present,784,26100395,0x00000000,0,0,0,0x00000000,0x00000000,1
present,785,26133554,0x00000000,0,0,0,0x00000000,0x00000000,1
present,786,26168090,0x00000000,0,0,0,0x00000000,0x00000000,1
present,787,26201279,0x00000000,0,0,0,0x00000000,0x00000000,1
present,788,26234180,0x00000000,0,0,0,0x00000000,0x00000000,1
present,789,26268174,0x00000000,0,0,0,0x00000000,0x00000000,1
present,790,26300376,0x00000000,0,0,0,0x00000000,0x00000000,1
present,791,26334420,0x00000000,0,0,0,0x00000000,0x00000000,1
present,792,26367225,0x00000000,0,0,0,0x00000000,0x00000000,1
present,793,26401127,0x00000000,0,0,0,0x00000000,0x00000000,1
present,794,26434652,0x00000000,0,0,0,0x00000000,0x00000000,1
present,795,26467956,0x00000000,0,0,0,0x00000000,0x00000000,1
present,796,26500500,0x00000000,0,0,0,0x00000000,0x00000000,1
present,797,26534250,0x00000000,0,0,0,0x00000000,0x00000000,1
present,798,26567927,0x00000000,0,0,0,0x00000000,0x00000000,1
present,799,26601554,0x00000000,0,0,0,0x00000000,0x00000000,1
present,800,26634415,0x00000000,0,0,0,0x00000000,0x00000000,1
present,801,26668768,0x00000000,0,0,0,0x00000000,0x00000000,1
present,802,26701740,0x00000000,0,0,0,0x00000000,0x00000000,1
present,803,26734921,0x00000000,0,0,0,0x00000000,0x00000000,1
present,804,26767830,0x00000000,0,0,0,0x00000000,0x00000000,1
present,805,26801890,0x00000000,0,0,0,0x00000000,0x00000000,1
present,806,26837605,0x00000000,0,0,0,0x00000000,0x00000000,1
present,807,26867171,0x00000000,0,0,0,0x00000000,0x00000000,1
present,808,26901221,0x00000000,0,0,0,0x00000000,0x00000000,1
present,809,26934085,0x00000000,0,0,0,0x00000000,0x00000000,1
present,810,26967647,0x00000000,0,0,0,0x00000000,0x00000000,1
present,811,27001324,0x00000000,0,0,0,0x00000000,0x00000000,1
present,812,27034156,0x00000000,0,0,0,0x00000000,0x00000000,1
present,813,27068004,0x00000000,0,0,0,0x00000000,0x00000000,1
present,814,27101543,0x00000000,0,0,0,0x00000000,0x00000000,1
present,815,27134579,0x00000000,0,0,0,0x00000000,0x00000000,1
present,816,27168167,0x00000000,0,0,0,0x00000000,0x00000000,1
present,817,27200440,0x00000000,0,0,0,0x00000000,0x00000000,1
present,818,27234350,0x00000000,0,0,0,0x00000000,0x00000000,1
present,819,27267366,0x00000000,0,0,0,0x00000000,0x00000000,1
present,820,27300963,0x00000000,0,0,0,0x00000000,0x00000000,1
present,821,27334589,0x00000000,0,0,0,0x00000000,0x00000000,1
present,822,27367325,0x00000000,0,0,0,0x00000000,0x00000000,1
present,823,27400874,0x00000000,0,0,0,0x00000000,0x00000000,1
present,824,27434494,0x00000000,0,0,0,0x00000000,0x00000000,1
present,825,27468145,0x00000000,0,0,0,0x00000000,0x00000000,1
present,826,27500811,0x00000000,0,0,0,0x00000000,0x00000000,1
present,827,27533891,0x00000000,0,0,0,0x00000000,0x00000000,1
present,828,27567556,0x00000000,0,0,0,0x00000000,0x00000000,1
present,829,27601262,0x00000000,0,0,0,0x00000000,0x00000000,1
present,830,27633902,0x00000000,0,0,0,0x00000000,0x00000000,1
present,831,27667760,0x00000000,0,0,0,0x00000000,0x00000000,1
present,832,27701935,0x00000000,0,0,0,0x00000000,0x00000000,1
present,833,27734638,0x00000000,0,0,0,0x00000000,0x00000000,1
present,834,27767548,0x00000000,0,0,0,0x00000000,0x00000000,1
present,835,27800658,0x00000000,0,0,0,0x00000000,0x00000000,1
present,836,27838079,0x00000000,0,0,0,0x00000000,0x00000000,1
present,837,27867132,0x00000000,0,0,0,0x00000000,0x00000000,1
present,838,27900703,0x00000000,0,0,0,0x00000000,0x00000000,1
present,839,27934397,0x00000000,0,0,0,0x00000000,0x00000000,1
present,840,27967275,0x00000000,0,0,0,0x00000000,0x00000000,1
present,841,28000591,0x00000000,0,0,0,0x00000000,0x00000000,2
present,842,28034195,0x00000000,0,0,0,0x00000000,0x00000000,2
present,843,28067447,0x00000000,0,0,0,0x00000000,0x00000000,2
present,844,28100884,0x00000000,0,0,0,0x00000000,0x00000000,2
present,845,28134286,0x00000000,0,0,0,0x00000000,0x00000000,2
present,846,28168400,0x00000000,0,0,0,0x00000000,0x00000000,2
present,847,28200763,0x00000000,0,0,0,0x00000000,0x00000000,2
present,848,28233511,0x00000000,0,0,0,0x00000000,0x00000000,2
present,849,28267821,0x00000000,0,0,0,0x00000000,0x00000000,2
present,850,28301401,0x00000000,0,0,0,0x00000000,0x00000000,2
present,851,28333697,0x00000000,0,0,0,0x00000000,0x00000000,2
present,852,28366949,0x00000000,0,0,0,0x00000000,0x00000000,2
present,853,28401192,0x00000000,0,0,0,0x00000000,0x00000000,2
present,854,28433560,0x00000000,0,0,0,0x00000000,0x00000000,2
present,855,28467801,0x00000000,0,0,0,0x00000000,0x00000000,2
present,856,28500316,0x00000000,0,0,0,0x00000000,0x00000000,2
present,857,28533576,0x00000000,0,0,0,0x00000000,0x00000000,2
present,858,28568074,0x00000000,0,0,0,0x00000000,0x00000000,2
present,859,28600369,0x00000000,0,0,0,0x00000000,0x00000000,2
present,860,28633645,0x00000000,0,0,0,0x00000000,0x00000000,2
present,861,28666956,0x00000000,0,0,0,0x00000000,0x00000000,2
present,862,28700143,0x00000000,0,0,0,0x00000000,0x00000000,2
present,863,28734297,0x00000000,0,0,0,0x00000000,0x00000000,2
present,864,28767455,0x00000000,0,0,0,0x00000000,0x00000000,2
present,865,28800629,0x00000000,0,0,0,0x00000000,0x00000000,2
present,866,28834053,0x00000000,0,0,0,0x00000000,0x00000000,2
present,867,28867595,0x00000000,0,0,0,0x00000000,0x00000000,2
present,868,28901234,0x00000000,0,0,0,0x00000000,0x00000000,2
present,869,28933581,0x00000000,0,0,0,0x00000000,0x00000000,2
present,870,28968204,0x00000000,0,0,0,0x00000000,0x00000000,2
present,871,29000606,0x00000000,0,0,0,0x00000000,0x00000000,2
present,872,29033939,0x00000000,0,0,0,0x00000000,0x00000000,2
present,873,29067757,0x00000000,0,0,0,0x00000000,0x00000000,2
present,874,29101677,0x00000000,0,0,0,0x00000000,0x00000000,2
present,875,29133959,0x00000000,0,0,0,0x00000000,0x00000000,2
present,876,29168202,0x00000000,0,0,0,0x00000000,0x00000000,2
present,877,29201269,0x00000000,0,0,0,0x00000000,0x00000000,2
present,878,29234316,0x00000000,0,0,0,0x00000000,0x00000000,2
present,879,29268124,0x00000000,0,0,0,0x00000000,0x00000000,2
present,880,29301342,0x00000000,0,0,0,0x00000000,0x00000000,2
present,881,29334146,0x00000000,0,0,0,0x00000000,0x00000000,2
present,882,29367895,0x00000000,0,0,0,0x00000000,0x00000000,2
present,883,29400993,0x00000000,0,0,0,0x00000000,0x00000000,2
present,884,29434950,0x00000000,0,0,0,0x00000000,0x00000000,2
present,885,29467517,0x00000000,0,0,0,0x00000000,0x00000000,2
present,886,29501660,0x00000000,0,0,0,0x00000000,0x00000000,2
present,887,29534518,0x00000000,0,0,0,0x00000000,0x00000000,2
present,888,29567285,0x00000000,0,0,0,0x00000000,0x00000000,2
present,889,29601555,0x00000000,0,0,0,0x00000000,0x00000000,2
present,890,29634501,0x00000000,0,0,0,0x00000000,0x00000000,2
present,891,29668123,0x00000000,0,0,0,0x00000000,0x00000000,2
present,892,29701258,0x00000000,0,0,0,0x00000000,0x00000000,2
present,893,29734792,0x00000000,0,0,0,0x00000000,0x00000000,2
present,894,29767192,0x00000000,0,0,0,0x00000000,0x00000000,2
present,895,29800794,0x00000000,0,0,0,0x00000000,0x00000000,2
present,896,29836409,0x00000000,0,0,0,0x00000000,0x00000000,2
present,897,29866826,0x00000000,0,0,0,0x00000000,0x00000000,2
present,898,29901303,0x00000000,0,0,0,0x00000000,0x00000000,2
present,899,29934044,0x00000000,0,0,0,0x00000000,0x00000000,2
present,900,29968475,0x00000000,0,0,0,0x00000000,0x00000000,2
present,901,30002245,0x00000000,0,0,0,0x00000000,0x00000000,3
present,902,30033787,0x00000000,0,0,0,0x00000000,0x00000000,3
present,903,30067443,0x00000000,0,0,0,0x00000000,0x00000000,3
present,904,30100684,0x00000000,0,0,0,0x00000000,0x00000000,3
present,905,30134188,0x00000000,0,0,0,0x00000000,0x00000000,3
present,906,30167505,0x00000000,0,0,0,0x00000000,0x00000000,3
present,907,30200178,0x00000000,0,0,0,0x00000000,0x00000000,3
present,908,30234718,0x00000000,0,0,0,0x00000000,0x00000000,3
present,909,30267269,0x00000000,0,0,0,0x00000000,0x00000000,3
present,910,30300743,0x00000000,0,0,0,0x00000000,0x00000000,3
present,911,30334550,0x00000000,0,0,0,0x00000000,0x00000000,3
present,912,30367405,0x00000000,0,0,0,0x00000000,0x00000000,3
present,913,30400873,0x00000000,0,0,0,0x00000000,0x00000000,3
present,914,30434940,0x00000000,0,0,0,0x00000000,0x00000000,3
present,915,30467889,0x00000000,0,0,0,0x00000000,0x00000000,3
present,916,30500757,0x00000000,0,0,0,0x00000000,0x00000000,3
present,917,30534689,0x00000000,0,0,0,0x00000000,0x00000000,3
present,918,30567546,0x00000000,0,0,0,0x00000000,0x00000000,3
present,919,30601380,0x00000000,0,0,0,0x00000000,0x00000000,3
present,920,30633986,0x00000000,0,0,0,0x00000000,0x00000000,3
present,921,30668090,0x00000000,0,0,0,0x00000000,0x00000000,3
present,922,30700559,0x00000000,0,0,0,0x00000000,0x00000000,3
present,923,30733874,0x00000000,0,0,0,0x00000000,0x00000000,3
present,924,30767251,0x00000000,0,0,0,0x00000000,0x00000000,3
present,925,30801252,0x00000000,0,0,0,0x00000000,0x00000000,3
present,926,30837148,0x00000000,0,0,0,0x00000000,0x00000000,3
present,927,30867477,0x00000000,0,0,0,0x00000000,0x00000000,3
present,928,30901150,0x00000000,0,0,0,0x00000000,0x00000000,3
present,929,30934476,0x00000000,0,0,0,0x00000000,0x00000000,3
present,930,30970657,0x00000000,0,0,0,0x00000000,0x00000000,3
present,931,31000352,0x00000000,0,0,0,0x00000000,0x00000000,3
present,932,31034078,0x00000000,0,0,0,0x00000000,0x00000000,3
present,933,31068233,0x00000000,0,0,0,0x00000000,0x00000000,3
present,934,31100672,0x00000000,0,0,0,0x00000000,0x00000000,3
present,935,31134405,0x00000000,0,0,0,0x00000000,0x00000000,3
present,936,31167457,0x00000000,0,0,0,0x00000000,0x00000000,3
present,937,31200856,0x00000000,0,0,0,0x00000000,0x00000000,3
present,938,31234287,0x00000000,0,0,0,0x00000000,0x00000000,3
present,939,31268243,0x00000000,0,0,0,0x00000000,0x00000000,3
present,940,31305507,0x00000000,0,0,0,0x00000000,0x00000000,3
present,941,31334075,0x00000000,0,0,0,0x00000000,0x00000000,3
present,942,31368095,0x00000000,0,0,0,0x00000000,0x00000000,3
present,943,31400873,0x00000000,0,0,0,0x00000000,0x00000000,3
present,944,31435081,0x00000000,0,0,0,0x00000000,0x00000000,3
present,945,31467285,0x00000000,0,0,0,0x00000000,0x00000000,3
present,946,31501178,0x00000000,0,0,0,0x00000000,0x00000000,3
present,947,31535030,0x00000000,0,0,0,0x00000000,0x00000000,3
present,948,31567913,0x00000000,0,0,0,0x00000000,0x00000000,3
present,949,31601054,0x00000000,0,0,0,0x00000000,0x00000000,3
present,950,31634875,0x00000000,0,0,0,0x00000000,0x00000000,3
present,951,31667737,0x00000000,0,0,0,0x00000000,0x00000000,3
present,952,31701696,0x00000000,0,0,0,0x00000000,0x00000000,3
present,953,31734678,0x00000000,0,0,0,0x00000000,0x00000000,3
present,954,31768218,0x00000000,0,0,0,0x00000000,0x00000000,3
present,955,31800952,0x00000000,0,0,0,0x00000000,0x00000000,3
present,956,31838043,0x00000000,0,0,0,0x00000000,0x00000000,3
present,957,31867681,0x00000000,0,0,0,0x00000000,0x00000000,3
present,958,31901444,0x00000000,0,0,0,0x00000000,0x00000000,3
present,959,31934571,0x00000000,0,0,0,0x00000000,0x00000000,3
present,960,31967911,0x00000000,0,0,0,0x00000000,0x00000000,3
present,961,32000767,0x00000000,0,0,0,0x00000000,0x00000000,0
present,962,32033862,0x00000000,0,0,0,0x00000000,0x00000000,0
present,963,32067355,0x00000000,0,0,0,0x00000000,0x00000000,0
present,964,32101077,0x00000000,0,0,0,0x00000000,0x00000000,0
present,965,32134834,0x00000000,0,0,0,0x00000000,0x00000000,0
present,966,32167666,0x00000000,0,0,0,0x00000000,0x00000000,0
present,967,32202019,0x00000000,0,0,0,0x00000000,0x00000000,0
present,968,32234538,0x00000000,0,0,0,0x00000000,0x00000000,0
present,969,32267827,0x00000000,0,0,0,0x00000000,0x00000000,0
present,970,32300762,0x00000000,0,0,0,0x00000000,0x00000000,0
present,971,32335064,0x00000000,0,0,0,0x00000000,0x00000000,0
present,972,32366851,0x00000000,0,0,0,0x00000000,0x00000000,0
present,973,32401778,0x00000000,0,0,0,0x00000000,0x00000000,0
present,974,32434356,0x00000000,0,0,0,0x00000000,0x00000000,0
present,975,32468466,0x00000000,0,0,0,0x00000000,0x00000000,0
present,976,32501337,0x00000000,0,0,0,0x00000000,0x00000000,0
present,977,32536047,0x00000000,0,0,0,0x00000000,0x00000000,0
present,978,32567277,0x00000000,0,0,0,0x00000000,0x00000000,0
present,979,32601115,0x00000000,0,0,0,0x00000000,0x00000000,0
present,980,32634904,0x00000000,0,0,0,0x00000000,0x00000000,0
present,981,32667620,0x00000000,0,0,0,0x00000000,0x00000000,0
present,982,32700750,0x00000000,0,0,0,0x00000000,0x00000000,0
present,983,32734521,0x00000000,0,0,0,0x00000000,0x00000000,0
present,984,32768425,0x00000000,0,0,0,0x00000000,0x00000000,0
present,985,32801130,0x00000000,0,0,0,0x00000000,0x00000000,0
present,986,32835668,0x00000000,0,0,0,0x00000000,0x00000000,0
present,987,32866904,0x00000000,0,0,0,0x00000000,0x00000000,0
present,988,32901506,0x00000000,0,0,0,0x00000000,0x00000000,0
present,989,32934615,0x00000000,0,0,0,0x00000000,0x00000000,0
present,990,32967319,0x00000000,0,0,0,0x00000000,0x00000000,0
present,991,33001485,0x00000000,0,0,0,0x00000000,0x00000000,0
present,992,33034386,0x00000000,0,0,0,0x00000000,0x00000000,0
present,993,33067717,0x00000000,0,0,0,0x00000000,0x00000000,0
present,994,33101117,0x00000000,0,0,0,0x00000000,0x00000000,0
present,995,33134961,0x00000000,0,0,0,0x00000000,0x00000000,0
present,996,33167736,0x00000000,0,0,0,0x00000000,0x00000000,0
present,997,33200797,0x00000000,0,0,0,0x00000000,0x00000000,0
present,998,33234883,0x00000000,0,0,0,0x00000000,0x00000000,0
present,999,33267726,0x00000000,0,0,0,0x00000000,0x00000000,0
present,1000,33301633,0x00000000,0,0,0,0x00000000,0x00000000,0
present,1001,33334958,0x00000000,0,0,0,0x00000000,0x00000000,0
present,1002,33367162,0x00000000,0,0,0,0x00000000,0x00000000,0
present,1003,33400898,0x00000000,0,0,0,0x00000000,0x00000000,0
present,1004,33434193,0x00000000,0,0,0,0x00000000,0x00000000,0
present,1005,33467969,0x00000000,0,0,0,0x00000000,0x00000000,0
present,1006,33501198,0x00000000,0,0,0,0x00000000,0x00000000,0
present,1007,33534286,0x00000000,0,0,0,0x00000000,0x00000000,0
present,1008,33568199,0x00000000,0,0,0,0x00000000,0x00000000,0
present,1009,33600668,0x00000000,0,0,0,0x00000000,0x00000000,0
present,1010,33633523,0x00000000,0,0,0,0x00000000,0x00000000,0
present,1011,33667780,0x00000000,0,0,0,0x00000000,0x00000000,0
present,1012,33700775,0x00000000,0,0,0,0x00000000,0x00000000,0
present,1013,33734225,0x00000000,0,0,0,0x00000000,0x00000000,0
present,1014,33767827,0x00000000,0,0,0,0x00000000,0x00000000,0
present,1015,33800434,0x00000000,0,0,0,0x00000000,0x00000000,0
present,1016,33845523,0x00000000,0,0,0,0x00000000,0x00000000,0
present,1017,33866955,0x00000000,0,0,0,0x00000000,0x00000000,0
present,1018,33900348,0x00000000,0,0,0,0x00000000,0x00000000,0
present,1019,33934291,0x00000000,0,0,0,0x00000000,0x00000000,0
present,1020,33967904,0x00000000,0,0,0,0x00000000,0x00000000,0
present,1021,34001730,0x00000000,0,0,0,0x00000000,0x00000000,1
present,1022,34036223,0x00000000,0,0,0,0x00000000,0x00000000,1
present,1023,34067852,0x00000000,0,0,0,0x00000000,0x00000000,1
present,1024,34101387,0x00000000,0,0,0,0x00000000,0x00000000,1
present,1025,34134100,0x00000000,0,0,0,0x00000000,0x00000000,1
present,1026,34167833,0x00000000,0,0,0,0x00000000,0x00000000,1
present,1027,34201666,0x00000000,0,0,0,0x00000000,0x00000000,1
present,1028,34234357,0x00000000,0,0,0,0x00000000,0x00000000,1
present,1029,34267072,0x00000000,0,0,0,0x00000000,0x00000000,1
present,1030,34300681,0x00000000,0,0,0,0x00000000,0x00000000,1
present,1031,34334496,0x00000000,0,0,0,0x00000000,0x00000000,1
present,1032,34368092,0x00000000,0,0,0,0x00000000,0x00000000,1
present,1033,34401685,0x00000000,0,0,0,0x00000000,0x00000000,1
present,1034,34434616,0x00000000,0,0,0,0x00000000,0x00000000,1
present,1035,34467763,0x00000000,0,0,0,0x00000000,0x00000000,1
present,1036,34501412,0x00000000,0,0,0,0x00000000,0x00000000,1
present,1037,34534433,0x00000000,0,0,0,0x00000000,0x00000000,1
present,1038,34567349,0x00000000,0,0,0,0x00000000,0x00000000,1
present,1039,34600686,0x00000000,0,0,0,0x00000000,0x00000000,1
present,1040,34634524,0x00000000,0,0,0,0x00000000,0x00000000,1
present,1041,34668357,0x00000000,0,0,0,0x00000000,0x00000000,1
present,1042,34701948,0x00000000,0,0,0,0x00000000,0x00000000,1
present,1043,34734749,0x00000000,0,0,0,0x00000000,0x00000000,1
present,1044,34767879,0x00000000,0,0,0,0x00000000,0x00000000,1
present,1045,34800779,0x00000000,0,0,0,0x00000000,0x00000000,1
present,1046,34835927,0x00000000,0,0,0,0x00000000,0x00000000,1
present,1047,34866943,0x00000000,0,0,0,0x00000000,0x00000000,1
present,1048,34900813,0x00000000,0,0,0,0x00000000,0x00000000,1
present,1049,34934698,0x00000000,0,0,0,0x00000000,0x00000000,1
present,1050,34967659,0x00000000,0,0,0,0x00000000,0x00000000,1
present,1051,35001160,0x00000000,0,0,0,0x00000000,0x00000000,1
present,1052,35035004,0x00000000,0,0,0,0x00000000,0x00000000,1
present,1053,35067982,0x00000000,0,0,0,0x00000000,0x00000000,1
present,1054,35100630,0x00000000,0,0,0,0x00000000,0x00000000,1
present,1055,35134389,0x00000000,0,0,0,0x00000000,0x00000000,1
present,1056,35167790,0x00000000,0,0,0,0x00000000,0x00000000,1
present,1057,35201367,0x00000000,0,0,0,0x00000000,0x00000000,1
present,1058,35233931,0x00000000,0,0,0,0x00000000,0x00000000,1
present,1059,35267707,0x00000000,0,0,0,0x00000000,0x00000000,1
present,1060,35301232,0x00000000,0,0,0,0x00000000,0x00000000,1
present,1061,35334208,0x00000000,0,0,0,0x00000000,0x00000000,1
present,1062,35368082,0x00000000,0,0,0,0x00000000,0x00000000,1
present,1063,35400971,0x00000000,0,0,0,0x00000000,0x00000000,1
present,1064,35434921,0x00000000,0,0,0,0x00000000,0x00000000,1
present,1065,35468628,0x00000000,0,0,0,0x00000000,0x00000000,1
present,1066,35500967,0x00000000,0,0,0,0x00000000,0x00000000,1
present,1067,35535163,0x00000000,0,0,0,0x00000000,0x00000000,1
present,1068,35567893,0x00000000,0,0,0,0x00000000,0x00000000,1
present,1069,35601076,0x00000000,0,0,0,0x00000000,0x00000000,1
present,1070,35633959,0x00000000,0,0,0,0x00000000,0x00000000,1
present,1071,35667896,0x00000000,0,0,0,0x00000000,0x00000000,1
present,1072,35701887,0x00000000,0,0,0,0x00000000,0x00000000,1
present,1073,35735014,0x00000000,0,0,0,0x00000000,0x00000000,1
present,1074,35767823,0x00000000,0,0,0,0x00000000,0x00000000,1
present,1075,35801337,0x00000000,0,0,0,0x00000000,0x00000000,1
present,1076,35835333,0x00000000,0,0,0,0x00000000,0x00000000,1
present,1077,35868560,0x00000000,0,0,0,0x00000000,0x00000000,1
present,1078,35901439,0x00000000,0,0,0,0x00000000,0x00000000,1
present,1079,35934080,0x00000000,0,0,0,0x00000000,0x00000000,1
present,1080,35967802,0x00000000,0,0,0,0x00000000,0x00000000,1
present,1081,36001574,0x00000000,0,0,0,0x00000000,0x00000000,2
present,1082,36034505,0x00000000,0,0,0,0x00000000,0x00000000,2
present,1083,36067284,0x00000000,0,0,0,0x00000000,0x00000000,2
present,1084,36101128,0x00000000,0,0,0,0x00000000,0x00000000,2
present,1085,36134959,0x00000000,0,0,0,0x00000000,0x00000000,2
present,1086,36167508,0x00000000,0,0,0,0x00000000,0x00000000,2
present,1087,36201690,0x00000000,0,0,0,0x00000000,0x00000000,2
present,1088,36234733,0x00000000,0,0,0,0x00000000,0x00000000,2
present,1089,36267595,0x00000000,0,0,0,0x00000000,0x00000000,2
present,1090,36301154,0x00000000,0,0,0,0x00000000,0x00000000,2
present,1091,36334762,0x00000000,0,0,0,0x00000000,0x00000000,2
present,1092,36367262,0x00000000,0,0,0,0x00000000,0x00000000,2
present,1093,36401368,0x00000000,0,0,0,0x00000000,0x00000000,2
present,1094,36434205,0x00000000,0,0,0,0x00000000,0x00000000,2
present,1095,36467703,0x00000000,0,0,0,0x00000000,0x00000000,2
present,1096,36502314,0x00000000,0,0,0,0x00000000,0x00000000,2
present,1097,36533902,0x00000000,0,0,0,0x00000000,0x00000000,2
present,1098,36567432,0x00000000,0,0,0,0x00000000,0x00000000,2
present,1099,36601073,0x00000000,0,0,0,0x00000000,0x00000000,2
present,1100,36634859,0x00000000,0,0,0,0x00000000,0x00000000,2
present,1101,36667777,0x00000000,0,0,0,0x00000000,0x00000000,2
present,1102,36700922,0x00000000,0,0,0,0x00000000,0x00000000,2
present,1103,36735036,0x00000000,0,0,0,0x00000000,0x00000000,2
present,1104,36767545,0x00000000,0,0,0,0x00000000,0x00000000,2
present,1105,36802090,0x00000000,0,0,0,0x00000000,0x00000000,2
present,1106,36835361,0x00000000,0,0,0,0x00000000,0x00000000,2
present,1107,36867203,0x00000000,0,0,0,0x00000000,0x00000000,2
present,1108,36900544,0x00000000,0,0,0,0x00000000,0x00000000,2
present,1109,36934302,0x00000000,0,0,0,0x00000000,0x00000000,2
present,1110,36968257,0x00000000,0,0,0,0x00000000,0x00000000,2
present,1111,37000981,0x00000000,0,0,0,0x00000000,0x00000000,2
present,1112,37034302,0x00000000,0,0,0,0x00000000,0x00000000,2
present,1113,37068156,0x00000000,0,0,0,0x00000000,0x00000000,2
present,1114,37101076,0x00000000,0,0,0,0x00000000,0x00000000,2
present,1115,37134845,0x00000000,0,0,0,0x00000000,0x00000000,2
present,1116,37168054,0x00000000,0,0,0,0x00000000,0x00000000,2
present,1117,37200893,0x00000000,0,0,0,0x00000000,0x00000000,2
present,1118,37235558,0x00000000,0,0,0,0x00000000,0x00000000,2
present,1119,37268143,0x00000000,0,0,0,0x00000000,0x00000000,2
present,1120,37300705,0x00000000,0,0,0,0x00000000,0x00000000,2
present,1121,37334772,0x00000000,0,0,0,0x00000000,0x00000000,2
present,1122,37367335,0x00000000,0,0,0,0x00000000,0x00000000,2
present,1123,37401345,0x00000000,0,0,0,0x00000000,0x00000000,2
present,1124,37434167,0x00000000,0,0,0,0x00000000,0x00000000,2
present,1125,37468123,0x00000000,0,0,0,0x00000000,0x00000000,2
present,1126,37501018,0x00000000,0,0,0,0x00000000,0x00000000,2
present,1127,37534801,0x00000000,0,0,0,0x00000000,0x00000000,2
present,1128,37568880,0x00000000,0,0,0,0x00000000,0x00000000,2
present,1129,37600309,0x00000000,0,0,0,0x00000000,0x00000000,2
present,1130,37634446,0x00000000,0,0,0,0x00000000,0x00000000,2
present,1131,37668365,0x00000000,0,0,0,0x00000000,0x00000000,2
present,1132,37701210,0x00000000,0,0,0,0x00000000,0x00000000,2
present,1133,37733912,0x00000000,0,0,0,0x00000000,0x00000000,2
present,1134,37766914,0x00000000,0,0,0,0x00000000,0x00000000,2
present,1135,37801512,0x00000000,0,0,0,0x00000000,0x00000000,2
present,1136,37838075,0x00000000,0,0,0,0x00000000,0x00000000,2
present,1137,37867873,0x00000000,0,0,0,0x00000000,0x00000000,2
present,1138,37901502,0x00000000,0,0,0,0x00000000,0x00000000,2
present,1139,37934237,0x00000000,0,0,0,0x00000000,0x00000000,2
present,1140,37967908,0x00000000,0,0,0,0x00000000,0x00000000,2
present,1141,38000624,0x00000000,0,0,0,0x00000000,0x00000000,3
present,1142,38033990,0x00000000,0,0,0,0x00000000,0x00000000,3
present,1143,38067856,0x00000000,0,0,0,0x00000000,0x00000000,3
present,1144,38101235,0x00000000,0,0,0,0x00000000,0x00000000,3
present,1145,38134258,0x00000000,0,0,0,0x00000000,0x00000000,3
present,1146,38168164,0x00000000,0,0,0,0x00000000,0x00000000,3
present,1147,38201830,0x00000000,0,0,0,0x00000000,0x00000000,3
present,1148,38234646,0x00000000,0,0,0,0x00000000,0x00000000,3
present,1149,38267263,0x00000000,0,0,0,0x00000000,0x00000000,3
present,1150,38300915,0x00000000,0,0,0,0x00000000,0x00000000,3
present,1151,38334898,0x00000000,0,0,0,0x00000000,0x00000000,3
present,1152,38368878,0x00000000,0,0,0,0x00000000,0x00000000,3
present,1153,38401117,0x00000000,0,0,0,0x00000000,0x00000000,3
present,1154,38435050,0x00000000,0,0,0,0x00000000,0x00000000,3
present,1155,38467991,0x00000000,0,0,0,0x00000000,0x00000000,3
present,1156,38500696,0x00000000,0,0,0,0x00000000,0x00000000,3
present,1157,38534057,0x00000000,0,0,0,0x00000000,0x00000000,3
present,1158,38568472,0x00000000,0,0,0,0x00000000,0x00000000,3
present,1159,38601089,0x00000000,0,0,0,0x00000000,0x00000000,3
present,1160,38634066,0x00000000,0,0,0,0x00000000,0x00000000,3
present,1161,38667342,0x00000000,0,0,0,0x00000000,0x00000000,3
present,1162,38700959,0x00000000,0,0,0,0x00000000,0x00000000,3
present,1163,38734715,0x00000000,0,0,0,0x00000000,0x00000000,3
present,1164,38767646,0x00000000,0,0,0,0x00000000,0x00000000,3
present,1165,38800474,0x00000000,0,0,0,0x00000000,0x00000000,3
present,1166,38842663,0x00000000,0,0,0,0x00000000,0x00000000,3
present,1167,38866854,0x00000000,0,0,0,0x00000000,0x00000000,3
present,1168,38901481,0x00000000,0,0,0,0x00000000,0x00000000,3
present,1169,38934491,0x00000000,0,0,0,0x00000000,0x00000000,3
present,1170,38967312,0x00000000,0,0,0,0x00000000,0x00000000,3
present,1171,39001232,0x00000000,0,0,0,0x00000000,0x00000000,3
present,1172,39034055,0x00000000,0,0,0,0x00000000,0x00000000,3
present,1173,39067578,0x00000000,0,0,0,0x00000000,0x00000000,3
present,1174,39100617,0x00000000,0,0,0,0x00000000,0x00000000,3
present,1175,39134432,0x00000000,0,0,0,0x00000000,0x00000000,3
present,1176,39167322,0x00000000,0,0,0,0x00000000,0x00000000,3
present,1177,39201389,0x00000000,0,0,0,0x00000000,0x00000000,3
present,1178,39234455,0x00000000,0,0,0,0x00000000,0x00000000,3
present,1179,39268299,0x00000000,0,0,0,0x00000000,0x00000000,3
present,1180,39301383,0x00000000,0,0,0,0x00000000,0x00000000,3
present,1181,39334141,0x00000000,0,0,0,0x00000000,0x00000000,3
present,1182,39367520,0x00000000,0,0,0,0x00000000,0x00000000,3
present,1183,39400555,0x00000000,0,0,0,0x00000000,0x00000000,3
present,1184,39434514,0x00000000,0,0,0,0x00000000,0x00000000,3
present,1185,39467253,0x00000000,0,0,0,0x00000000,0x00000000,3
present,1186,39501025,0x00000000,0,0,0,0x00000000,0x00000000,3
present,1187,39534876,0x00000000,0,0,0,0x00000000,0x00000000,3
present,1188,39567749,0x00000000,0,0,0,0x00000000,0x00000000,3
present,1189,39601487,0x00000000,0,0,0,0x00000000,0x00000000,3
present,1190,39634627,0x00000000,0,0,0,0x00000000,0x00000000,3
present,1191,39667409,0x00000000,0,0,0,0x00000000,0x00000000,3
present,1192,39701007,0x00000000,0,0,0,0x00000000,0x00000000,3
present,1193,39733684,0x00000000,0,0,0,0x00000000,0x00000000,3
present,1194,39767370,0x00000000,0,0,0,0x00000000,0x00000000,3
present,1195,39801209,0x00000000,0,0,0,0x00000000,0x00000000,3
present,1196,39844022,0x00000000,0,0,0,0x00000000,0x00000000,3
present,1197,39866844,0x00000000,0,0,0,0x00000000,0x00000000,3
present,1198,39901410,0x00000000,0,0,0,0x00000000,0x00000000,3
present,1199,39934228,0x00000000,0,0,0,0x00000000,0x00000000,3
present,1200,39967757,0x00000000,0,0,0,0x00000000,0x00000000,3
present,1201,40001331,0x00000000,0,0,0,0x00000000,0x00000000,0
present,1202,40033844,0x00000000,0,0,0,0x00000000,0x00000000,0
present,1203,40067340,0x00000000,0,0,0,0x00000000,0x00000000,0
present,1204,40101178,0x00000000,0,0,0,0x00000000,0x00000000,0
present,1205,40134222,0x00000000,0,0,0,0x00000000,0x00000000,0
present,1206,40167976,0x00000000,0,0,0,0x00000000,0x00000000,0
present,1207,40200727,0x00000000,0,0,0,0x00000000,0x00000000,0
present,1208,40234474,0x00000000,0,0,0,0x00000000,0x00000000,0
present,1209,40270205,0x00000000,0,0,0,0x00000000,0x00000000,0
present,1210,40300497,0x00000000,0,0,0,0x00000000,0x00000000,0
present,1211,40334111,0x00000000,0,0,0,0x00000000,0x00000000,0
present,1212,40367204,0x00000000,0,0,0,0x00000000,0x00000000,0
present,1213,40400933,0x00000000,0,0,0,0x00000000,0x00000000,0
present,1214,40433922,0x00000000,0,0,0,0x00000000,0x00000000,0
present,1215,40467756,0x00000000,0,0,0,0x00000000,0x00000000,0
present,1216,40501559,0x00000000,0,0,0,0x00000000,0x00000000,0
present,1217,40534619,0x00000000,0,0,0,0x00000000,0x00000000,0
present,1218,40567744,0x00000000,0,0,0,0x00000000,0x00000000,0
present,1219,40601493,0x00000000,0,0,0,0x00000000,0x00000000,0
present,1220,40634236,0x00000000,0,0,0,0x00000000,0x00000000,0
present,1221,40668882,0x00000000,0,0,0,0x00000000,0x00000000,0
present,1222,40701641,0x00000000,0,0,0,0x00000000,0x00000000,0
present,1223,40734390,0x00000000,0,0,0,0x00000000,0x00000000,0
present,1224,40768267,0x00000000,0,0,0,0x00000000,0x00000000,0
present,1225,40801093,0x00000000,0,0,0,0x00000000,0x00000000,0
present,1226,40839063,0x00000000,0,0,0,0x00000000,0x00000000,0
present,1227,40867442,0x00000000,0,0,0,0x00000000,0x00000000,0
present,1228,40900877,0x00000000,0,0,0,0x00000000,0x00000000,0
present,1229,40933805,0x00000000,0,0,0,0x00000000,0x00000000,0
present,1230,40967619,0x00000000,0,0,0,0x00000000,0x00000000,0
present,1231,41001154,0x00000000,0,0,0,0x00000000,0x00000000,0
present,1232,41035315,0x00000000,0,0,0,0x00000000,0x00000000,0
present,1233,41068159,0x00000000,0,0,0,0x00000000,0x00000000,0
present,1234,41101087,0x00000000,0,0,0,0x00000000,0x00000000,0
present,1235,41134964,0x00000000,0,0,0,0x00000000,0x00000000,0
present,1236,41167877,0x00000000,0,0,0,0x00000000,0x00000000,0
present,1237,41201619,0x00000000,0,0,0,0x00000000,0x00000000,0
present,1238,41234706,0x00000000,0,0,0,0x00000000,0x00000000,0
present,1239,41267669,0x00000000,0,0,0,0x00000000,0x00000000,0
present,1240,41301845,0x00000000,0,0,0,0x00000000,0x00000000,0
present,1241,41334659,0x00000000,0,0,0,0x00000000,0x00000000,0
present,1242,41367579,0x00000000,0,0,0,0x00000000,0x00000000,0
present,1243,41401402,0x00000000,0,0,0,0x00000000,0x00000000,0
present,1244,41433934,0x00000000,0,0,0,0x00000000,0x00000000,0
present,1245,41467959,0x00000000,0,0,0,0x00000000,0x00000000,0
present,1246,41501149,0x00000000,0,0,0,0x00000000,0x00000000,0
present,1247,41534361,0x00000000,0,0,0,0x00000000,0x00000000,0
present,1248,41567936,0x00000000,0,0,0,0x00000000,0x00000000,0
present,1249,41600275,0x00000000,0,0,0,0x00000000,0x00000000,0
present,1250,41635242,0x00000000,0,0,0,0x00000000,0x00000000,0
present,1251,41667244,0x00000000,0,0,0,0x00000000,0x00000000,0
present,1252,41701035,0x00000000,0,0,0,0x00000000,0x00000000,0
present,1253,41734941,0x00000000,0,0,0,0x00000000,0x00000000,0
present,1254,41767244,0x00000000,0,0,0,0x00000000,0x00000000,0
present,1255,41800866,0x00000000,0,0,0,0x00000000,0x00000000,0
present,1256,41852267,0x00000000,0,0,0,0x00000000,0x00000000,0
present,1257,41866815,0x00000000,0,0,0,0x00000000,0x00000000,0
present,1258,41901026,0x00000000,0,0,0,0x00000000,0x00000000,0
present,1259,41934673,0x00000000,0,0,0,0x00000000,0x00000000,0
present,1260,41967184,0x00000000,0,0,0,0x00000000,0x00000000,0
present,1261,42000511,0x00000000,0,0,0,0x00000000,0x00000000,1
present,1262,42033851,0x00000000,0,0,0,0x00000000,0x00000000,1
present,1263,42068144,0x00000000,0,0,0,0x00000000,0x00000000,1
present,1264,42101173,0x00000000,0,0,0,0x00000000,0x00000000,1
present,1265,42134778,0x00000000,0,0,0,0x00000000,0x00000000,1
present,1266,42172041,0x00000000,0,0,0,0x00000000,0x00000000,1
present,1267,42200322,0x00000000,0,0,0,0x00000000,0x00000000,1
present,1268,42234367,0x00000000,0,0,0,0x00000000,0x00000000,1
present,1269,42267970,0x00000000,0,0,0,0x00000000,0x00000000,1
present,1270,42301066,0x00000000,0,0,0,0x00000000,0x00000000,1
present,1271,42334904,0x00000000,0,0,0,0x00000000,0x00000000,1
present,1272,42368370,0x00000000,0,0,0,0x00000000,0x00000000,1
present,1273,42400967,0x00000000,0,0,0,0x00000000,0x00000000,1
present,1274,42434707,0x00000000,0,0,0,0x00000000,0x00000000,1
present,1275,42467552,0x00000000,0,0,0,0x00000000,0x00000000,1
present,1276,42500674,0x00000000,0,0,0,0x00000000,0x00000000,1
present,1277,42534060,0x00000000,0,0,0,0x00000000,0x00000000,1
present,1278,42568125,0x00000000,0,0,0,0x00000000,0x00000000,1
present,1279,42601278,0x00000000,0,0,0,0x00000000,0x00000000,1
present,1280,42633886,0x00000000,0,0,0,0x00000000,0x00000000,1
present,1281,42667712,0x00000000,0,0,0,0x00000000,0x00000000,1
present,1282,42701112,0x00000000,0,0,0,0x00000000,0x00000000,1
present,1283,42734921,0x00000000,0,0,0,0x00000000,0x00000000,1
present,1284,42768923,0x00000000,0,0,0,0x00000000,0x00000000,1
present,1285,42801042,0x00000000,0,0,0,0x00000000,0x00000000,1
present,1286,42835555,0x00000000,0,0,0,0x00000000,0x00000000,1
present,1287,42867970,0x00000000,0,0,0,0x00000000,0x00000000,1
present,1288,42900805,0x00000000,0,0,0,0x00000000,0x00000000,1
present,1289,42934392,0x00000000,0,0,0,0x00000000,0x00000000,1
present,1290,42967193,0x00000000,0,0,0,0x00000000,0x00000000,1
present,1291,43000784,0x00000000,0,0,0,0x00000000,0x00000000,1
present,1292,43034721,0x00000000,0,0,0,0x00000000,0x00000000,1
present,1293,43067114,0x00000000,0,0,0,0x00000000,0x00000000,1
present,1294,43101076,0x00000000,0,0,0,0x00000000,0x00000000,1
present,1295,43134245,0x00000000,0,0,0,0x00000000,0x00000000,1
present,1296,43167192,0x00000000,0,0,0,0x00000000,0x00000000,1
present,1297,43201331,0x00000000,0,0,0,0x00000000,0x00000000,1
present,1298,43234189,0x00000000,0,0,0,0x00000000,0x00000000,1
present,1299,43268069,0x00000000,0,0,0,0x00000000,0x00000000,1
present,1300,43300656,0x00000000,0,0,0,0x00000000,0x00000000,1
present,1301,43335443,0x00000000,0,0,0,0x00000000,0x00000000,1
present,1302,43366930,0x00000000,0,0,0,0x00000000,0x00000000,1
present,1303,43401478,0x00000000,0,0,0,0x00000000,0x00000000,1
present,1304,43434561,0x00000000,0,0,0,0x00000000,0x00000000,1
present,1305,43467178,0x00000000,0,0,0,0x00000000,0x00000000,1
present,1306,43501179,0x00000000,0,0,0,0x00000000,0x00000000,1
present,1307,43536717,0x00000000,0,0,0,0x00000000,0x00000000,1
present,1308,43566849,0x00000000,0,0,0,0x00000000,0x00000000,1
present,1309,43601361,0x00000000,0,0,0,0x00000000,0x00000000,1
present,1310,43634027,0x00000000,0,0,0,0x00000000,0x00000000,1
present,1311,43667636,0x00000000,0,0,0,0x00000000,0x00000000,1
present,1312,43701542,0x00000000,0,0,0,0x00000000,0x00000000,1
present,1313,43734431,0x00000000,0,0,0,0x00000000,0x00000000,1
present,1314,43767318,0x00000000,0,0,0,0x00000000,0x00000000,1
present,1315,43801031,0x00000000,0,0,0,0x00000000,0x00000000,1
present,1316,43840013,0x00000000,0,0,0,0x00000000,0x00000000,1
present,1317,43867376,0x00000000,0,0,0,0x00000000,0x00000000,1
present,1318,43900996,0x00000000,0,0,0,0x00000000,0x00000000,1
present,1319,43935300,0x00000000,0,0,0,0x00000000,0x00000000,1
present,1320,43967913,0x00000000,0,0,0,0x00000000,0x00000000,1
present,1321,44000521,0x00000000,0,0,0,0x00000000,0x00000000,2
present,1322,44034331,0x00000000,0,0,0,0x00000000,0x00000000,2
present,1323,44068259,0x00000000,0,0,0,0x00000000,0x00000000,2
present,1324,44101054,0x00000000,0,0,0,0x00000000,0x00000000,2
present,1325,44134635,0x00000000,0,0,0,0x00000000,0x00000000,2
present,1326,44167129,0x00000000,0,0,0,0x00000000,0x00000000,2
present,1327,44200986,0x00000000,0,0,0,0x00000000,0x00000000,2
present,1328,44234834,0x00000000,0,0,0,0x00000000,0x00000000,2
present,1329,44267648,0x00000000,0,0,0,0x00000000,0x00000000,2
present,1330,44300910,0x00000000,0,0,0,0x00000000,0x00000000,2
present,1331,44334584,0x00000000,0,0,0,0x00000000,0x00000000,2
present,1332,44367830,0x00000000,0,0,0,0x00000000,0x00000000,2
present,1333,44400629,0x00000000,0,0,0,0x00000000,0x00000000,2
present,1334,44434156,0x00000000,0,0,0,0x00000000,0x00000000,2
present,1335,44467727,0x00000000,0,0,0,0x00000000,0x00000000,2
present,1336,44501439,0x00000000,0,0,0,0x00000000,0x00000000,2
present,1337,44534278,0x00000000,0,0,0,0x00000000,0x00000000,2
present,1338,44568023,0x00000000,0,0,0,0x00000000,0x00000000,2
present,1339,44602310,0x00000000,0,0,0,0x00000000,0x00000000,2
present,1340,44634806,0x00000000,0,0,0,0x00000000,0x00000000,2
present,1341,44667914,0x00000000,0,0,0,0x00000000,0x00000000,2
present,1342,44700858,0x00000000,0,0,0,0x00000000,0x00000000,2
present,1343,44733921,0x00000000,0,0,0,0x00000000,0x00000000,2
present,1344,44767862,0x00000000,0,0,0,0x00000000,0x00000000,2
present,1345,44801642,0x00000000,0,0,0,0x00000000,0x00000000,2
present,1346,44837125,0x00000000,0,0,0,0x00000000,0x00000000,2
present,1347,44866838,0x00000000,0,0,0,0x00000000,0x00000000,2
present,1348,44901477,0x00000000,0,0,0,0x00000000,0x00000000,2
present,1349,44934323,0x00000000,0,0,0,0x00000000,0x00000000,2
present,1350,44968253,0x00000000,0,0,0,0x00000000,0x00000000,2
present,1351,45001460,0x00000000,0,0,0,0x00000000,0x00000000,2
present,1352,45033983,0x00000000,0,0,0,0x00000000,0x00000000,2
present,1353,45067667,0x00000000,0,0,0,0x00000000,0x00000000,2
present,1354,45101486,0x00000000,0,0,0,0x00000000,0x00000000,2
present,1355,45134325,0x00000000,0,0,0,0x00000000,0x00000000,2
present,1356,45168287,0x00000000,0,0,0,0x00000000,0x00000000,2
present,1357,45200983,0x00000000,0,0,0,0x00000000,0x00000000,2
present,1358,45234121,0x00000000,0,0,0,0x00000000,0x00000000,2
present,1359,45267582,0x00000000,0,0,0,0x00000000,0x00000000,2
present,1360,45301281,0x00000000,0,0,0,0x00000000,0x00000000,2
present,1361,45334523,0x00000000,0,0,0,0x00000000,0x00000000,2
present,1362,45368195,0x00000000,0,0,0,0x00000000,0x00000000,2
present,1363,45401061,0x00000000,0,0,0,0x00000000,0x00000000,2
present,1364,45434757,0x00000000,0,0,0,0x00000000,0x00000000,2
present,1365,45467807,0x00000000,0,0,0,0x00000000,0x00000000,2
present,1366,45501183,0x00000000,0,0,0,0x00000000,0x00000000,2
present,1367,45534779,0x00000000,0,0,0,0x00000000,0x00000000,2
present,1368,45567289,0x00000000,0,0,0,0x00000000,0x00000000,2
present,1369,45600295,0x00000000,0,0,0,0x00000000,0x00000000,2
present,1370,45634778,0x00000000,0,0,0,0x00000000,0x00000000,2
present,1371,45667534,0x00000000,0,0,0,0x00000000,0x00000000,2
present,1372,45701410,0x00000000,0,0,0,0x00000000,0x00000000,2
present,1373,45734796,0x00000000,0,0,0,0x00000000,0x00000000,2
present,1374,45767432,0x00000000,0,0,0,0x00000000,0x00000000,2
present,1375,45801019,0x00000000,0,0,0,0x00000000,0x00000000,2
present,1376,45836583,0x00000000,0,0,0,0x00000000,0x00000000,2
present,1377,45871735,0x00000000,0,0,0,0x00000000,0x00000000,2
present,1378,45900965,0x00000000,0,0,0,0x00000000,0x00000000,2
present,1379,45934603,0x00000000,0,0,0,0x00000000,0x00000000,2
present,1380,45967742,0x00000000,0,0,0,0x00000000,0x00000000,2
present,1381,46001728,0x00000000,0,0,0,0x00000000,0x00000000,3
present,1382,46034004,0x00000000,0,0,0,0x00000000,0x00000000,3
present,1383,46067524,0x00000000,0,0,0,0x00000000,0x00000000,3
present,1384,46101174,0x00000000,0,0,0,0x00000000,0x00000000,3
present,1385,46133820,0x00000000,0,0,0,0x00000000,0x00000000,3
present,1386,46167465,0x00000000,0,0,0,0x00000000,0x00000000,3
present,1387,46200563,0x00000000,0,0,0,0x00000000,0x00000000,3
present,1388,46234688,0x00000000,0,0,0,0x00000000,0x00000000,3
present,1389,46270267,0x00000000,0,0,0,0x00000000,0x00000000,3
present,1390,46300895,0x00000000,0,0,0,0x00000000,0x00000000,3
present,1391,46333915,0x00000000,0,0,0,0x00000000,0x00000000,3
present,1392,46367850,0x00000000,0,0,0,0x00000000,0x00000000,3
present,1393,46400978,0x00000000,0,0,0,0x00000000,0x00000000,3
present,1394,46435139,0x00000000,0,0,0,0x00000000,0x00000000,3
present,1395,46468092,0x00000000,0,0,0,0x00000000,0x00000000,3
present,1396,46501556,0x00000000,0,0,0,0x00000000,0x00000000,3
present,1397,46535191,0x00000000,0,0,0,0x00000000,0x00000000,3
present,1398,46567288,0x00000000,0,0,0,0x00000000,0x00000000,3
present,1399,46601047,0x00000000,0,0,0,0x00000000,0x00000000,3
present,1400,46634685,0x00000000,0,0,0,0x00000000,0x00000000,3
present,1401,46667417,0x00000000,0,0,0,0x00000000,0x00000000,3
present,1402,46701221,0x00000000,0,0,0,0x00000000,0x00000000,3
present,1403,46733951,0x00000000,0,0,0,0x00000000,0x00000000,3
present,1404,46767930,0x00000000,0,0,0,0x00000000,0x00000000,3
present,1405,46800899,0x00000000,0,0,0,0x00000000,0x00000000,3
present,1406,46837194,0x00000000,0,0,0,0x00000000,0x00000000,3
present,1407,46867885,0x00000000,0,0,0,0x00000000,0x00000000,3
present,1408,46901470,0x00000000,0,0,0,0x00000000,0x00000000,3
present,1409,46933793,0x00000000,0,0,0,0x00000000,0x00000000,3
present,1410,46967444,0x00000000,0,0,0,0x00000000,0x00000000,3
present,1411,47001224,0x00000000,0,0,0,0x00000000,0x00000000,3
present,1412,47034065,0x00000000,0,0,0,0x00000000,0x00000000,3
present,1413,47068055,0x00000000,0,0,0,0x00000000,0x00000000,3
present,1414,47101101,0x00000000,0,0,0,0x00000000,0x00000000,3
present,1415,47134772,0x00000000,0,0,0,0x00000000,0x00000000,3
present,1416,47167195,0x00000000,0,0,0,0x00000000,0x00000000,3
present,1417,47201642,0x00000000,0,0,0,0x00000000,0x00000000,3
present,1418,47235915,0x00000000,0,0,0,0x00000000,0x00000000,3
present,1419,47268036,0x00000000,0,0,0,0x00000000,0x00000000,3
present,1420,47300360,0x00000000,0,0,0,0x00000000,0x00000000,3
present,1421,47333724,0x00000000,0,0,0,0x00000000,0x00000000,3
present,1422,47367338,0x00000000,0,0,0,0x00000000,0x00000000,3
present,1423,47401123,0x00000000,0,0,0,0x00000000,0x00000000,3
present,1424,47434582,0x00000000,0,0,0,0x00000000,0x00000000,3
present,1425,47467747,0x00000000,0,0,0,0x00000000,0x00000000,3
present,1426,47501382,0x00000000,0,0,0,0x00000000,0x00000000,3
present,1427,47534459,0x00000000,0,0,0,0x00000000,0x00000000,3
present,1428,47570543,0x00000000,0,0,0,0x00000000,0x00000000,3
present,1429,47602191,0x00000000,0,0,0,0x00000000,0x00000000,3
present,1430,47636310,0x00000000,0,0,0,0x00000000,0x00000000,3
present,1431,47668452,0x00000000,0,0,0,0x00000000,0x00000000,3
present,1432,47701216,0x00000000,0,0,0,0x00000000,0x00000000,3
present,1433,47734377,0x00000000,0,0,0,0x00000000,0x00000000,3
present,1434,47768988,0x00000000,0,0,0,0x00000000,0x00000000,3
present,1435,47800623,0x00000000,0,0,0,0x00000000,0x00000000,3
present,1436,47837915,0x00000000,0,0,0,0x00000000,0x00000000,3
present,1437,47867261,0x00000000,0,0,0,0x00000000,0x00000000,3
present,1438,47900915,0x00000000,0,0,0,0x00000000,0x00000000,3
present,1439,47935284,0x00000000,0,0,0,0x00000000,0x00000000,3
present,1440,47968078,0x00000000,0,0,0,0x00000000,0x00000000,3
present,1441,48000841,0x00000000,0,0,0,0x00000000,0x00000000,0
present,1442,48034393,0x00000000,0,0,0,0x00000000,0x00000000,0
present,1443,48067430,0x00000000,0,0,0,0x00000000,0x00000000,0
present,1444,48101271,0x00000000,0,0,0,0x00000000,0x00000000,0
present,1445,48134618,0x00000000,0,0,0,0x00000000,0x00000000,0
present,1446,48169735,0x00000000,0,0,0,0x00000000,0x00000000,0
present,1447,48201529,0x00000000,0,0,0,0x00000000,0x00000000,0
present,1448,48234073,0x00000000,0,0,0,0x00000000,0x00000000,0
present,1449,48268025,0x00000000,0,0,0,0x00000000,0x00000000,0
present,1450,48301122,0x00000000,0,0,0,0x00000000,0x00000000,0
present,1451,48334931,0x00000000,0,0,0,0x00000000,0x00000000,0
present,1452,48367535,0x00000000,0,0,0,0x00000000,0x00000000,0
present,1453,48401671,0x00000000,0,0,0,0x00000000,0x00000000,0
present,1454,48433831,0x00000000,0,0,0,0x00000000,0x00000000,0
present,1455,48467878,0x00000000,0,0,0,0x00000000,0x00000000,0
present,1456,48500979,0x00000000,0,0,0,0x00000000,0x00000000,0
present,1457,48534647,0x00000000,0,0,0,0x00000000,0x00000000,0
present,1458,48567571,0x00000000,0,0,0,0x00000000,0x00000000,0
present,1459,48600520,0x00000000,0,0,0,0x00000000,0x00000000,0
present,1460,48634267,0x00000000,0,0,0,0x00000000,0x00000000,0
present,1461,48667958,0x00000000,0,0,0,0x00000000,0x00000000,0
present,1462,48700895,0x00000000,0,0,0,0x00000000,0x00000000,0
present,1463,48734138,0x00000000,0,0,0,0x00000000,0x00000000,0
present,1464,48767235,0x00000000,0,0,0,0x00000000,0x00000000,0
present,1465,48800816,0x00000000,0,0,0,0x00000000,0x00000000,0
present,1466,48836843,0x00000000,0,0,0,0x00000000,0x00000000,0
present,1467,48868282,0x00000000,0,0,0,0x00000000,0x00000000,0
present,1468,48900255,0x00000000,0,0,0,0x00000000,0x00000000,0
present,1469,48934148,0x00000000,0,0,0,0x00000000,0x00000000,0
present,1470,48967943,0x00000000,0,0,0,0x00000000,0x00000000,0
present,1471,49000979,0x00000000,0,0,0,0x00000000,0x00000000,0
present,1472,49034343,0x00000000,0,0,0,0x00000000,0x00000000,0
present,1473,49067941,0x00000000,0,0,0,0x00000000,0x00000000,0
present,1474,49101108,0x00000000,0,0,0,0x00000000,0x00000000,0
present,1475,49134798,0x00000000,0,0,0,0x00000000,0x00000000,0
present,1476,49167708,0x00000000,0,0,0,0x00000000,0x00000000,0
present,1477,49201274,0x00000000,0,0,0,0x00000000,0x00000000,0
present,1478,49234248,0x00000000,0,0,0,0x00000000,0x00000000,0
present,1479,49268169,0x00000000,0,0,0,0x00000000,0x00000000,0
present,1480,49300425,0x00000000,0,0,0,0x00000000,0x00000000,0
present,1481,49334099,0x00000000,0,0,0,0x00000000,0x00000000,0
present,1482,49367571,0x00000000,0,0,0,0x00000000,0x00000000,0
present,1483,49401351,0x00000000,0,0,0,0x00000000,0x00000000,0
present,1484,49434364,0x00000000,0,0,0,0x00000000,0x00000000,0
present,1485,49467733,0x00000000,0,0,0,0x00000000,0x00000000,0
present,1486,49500403,0x00000000,0,0,0,0x00000000,0x00000000,0
present,1487,49533833,0x00000000,0,0,0,0x00000000,0x00000000,0
present,1488,49567542,0x00000000,0,0,0,0x00000000,0x00000000,0
present,1489,49601115,0x00000000,0,0,0,0x00000000,0x00000000,0
present,1490,49635641,0x00000000,0,0,0,0x00000000,0x00000000,0
present,1491,49667637,0x00000000,0,0,0,0x00000000,0x00000000,0
present,1492,49700889,0x00000000,0,0,0,0x00000000,0x00000000,0
present,1493,49734453,0x00000000,0,0,0,0x00000000,0x00000000,0
present,1494,49767518,0x00000000,0,0,0,0x00000000,0x00000000,0
present,1495,49801336,0x00000000,0,0,0,0x00000000,0x00000000,0
present,1496,49834461,0x00000000,0,0,0,0x00000000,0x00000000,0
present,1497,49867937,0x00000000,0,0,0,0x00000000,0x00000000,0
present,1498,49900971,0x00000000,0,0,0,0x00000000,0x00000000,0
present,1499,49934112,0x00000000,0,0,0,0x00000000,0x00000000,0
present,1500,49968401,0x00000000,0,0,0,0x00000000,0x00000000,0
present,1501,50001805,0x00000000,0,0,0,0x00000000,0x00000000,1
present,1502,50035347,0x00000000,0,0,0,0x00000000,0x00000000,1
present,1503,50067899,0x00000000,0,0,0,0x00000000,0x00000000,1
present,1504,50100601,0x00000000,0,0,0,0x00000000,0x00000000,1
present,1505,50134313,0x00000000,0,0,0,0x00000000,0x00000000,1
present,1506,50168213,0x00000000,0,0,0,0x00000000,0x00000000,1
present,1507,50200705,0x00000000,0,0,0,0x00000000,0x00000000,1
present,1508,50233735,0x00000000,0,0,0,0x00000000,0x00000000,1
present,1509,50267258,0x00000000,0,0,0,0x00000000,0x00000000,1
present,1510,50300790,0x00000000,0,0,0,0x00000000,0x00000000,1
present,1511,50333913,0x00000000,0,0,0,0x00000000,0x00000000,1
present,1512,50367494,0x00000000,0,0,0,0x00000000,0x00000000,1
present,1513,50402026,0x00000000,0,0,0,0x00000000,0x00000000,1
present,1514,50434848,0x00000000,0,0,0,0x00000000,0x00000000,1
present,1515,50467434,0x00000000,0,0,0,0x00000000,0x00000000,1
present,1516,50501179,0x00000000,0,0,0,0x00000000,0x00000000,1
present,1517,50536844,0x00000000,0,0,0,0x00000000,0x00000000,1
present,1518,50567123,0x00000000,0,0,0,0x00000000,0x00000000,1
present,1519,50600968,0x00000000,0,0,0,0x00000000,0x00000000,1
present,1520,50634625,0x00000000,0,0,0,0x00000000,0x00000000,1
present,1521,50667271,0x00000000,0,0,0,0x00000000,0x00000000,1
present,1522,50701254,0x00000000,0,0,0,0x00000000,0x00000000,1
present,1523,50734116,0x00000000,0,0,0,0x00000000,0x00000000,1
present,1524,50767850,0x00000000,0,0,0,0x00000000,0x00000000,1
present,1525,50800467,0x00000000,0,0,0,0x00000000,0x00000000,1
present,1526,50836311,0x00000000,0,0,0,0x00000000,0x00000000,1
present,1527,50867750,0x00000000,0,0,0,0x00000000,0x00000000,1
present,1528,50901036,0x00000000,0,0,0,0x00000000,0x00000000,1
present,1529,50934609,0x00000000,0,0,0,0x00000000,0x00000000,1
present,1530,50967388,0x00000000,0,0,0,0x00000000,0x00000000,1
present,1531,51001412,0x00000000,0,0,0,0x00000000,0x00000000,1
present,1532,51034998,0x00000000,0,0,0,0x00000000,0x00000000,1
present,1533,51068088,0x00000000,0,0,0,0x00000000,0x00000000,1
present,1534,51100810,0x00000000,0,0,0,0x00000000,0x00000000,1
present,1535,51134633,0x00000000,0,0,0,0x00000000,0x00000000,1
present,1536,51167846,0x00000000,0,0,0,0x00000000,0x00000000,1
present,1537,51200602,0x00000000,0,0,0,0x00000000,0x00000000,1
present,1538,51234498,0x00000000,0,0,0,0x00000000,0x00000000,1
present,1539,51268302,0x00000000,0,0,0,0x00000000,0x00000000,1
present,1540,51300967,0x00000000,0,0,0,0x00000000,0x00000000,1
present,1541,51334833,0x00000000,0,0,0,0x00000000,0x00000000,1
present,1542,51367198,0x00000000,0,0,0,0x00000000,0x00000000,1
present,1543,51401334,0x00000000,0,0,0,0x00000000,0x00000000,1
present,1544,51434136,0x00000000,0,0,0,0x00000000,0x00000000,1
present,1545,51467950,0x00000000,0,0,0,0x00000000,0x00000000,1
present,1546,51500761,0x00000000,0,0,0,0x00000000,0x00000000,1
present,1547,51533800,0x00000000,0,0,0,0x00000000,0x00000000,1
present,1548,51567751,0x00000000,0,0,0,0x00000000,0x00000000,1
present,1549,51601417,0x00000000,0,0,0,0x00000000,0x00000000,1
present,1550,51642930,0x00000000,0,0,0,0x00000000,0x00000000,1
present,1551,51667296,0x00000000,0,0,0,0x00000000,0x00000000,1
present,1552,51700768,0x00000000,0,0,0,0x00000000,0x00000000,1
present,1553,51734438,0x00000000,0,0,0,0x00000000,0x00000000,1
present,1554,51767737,0x00000000,0,0,0,0x00000000,0x00000000,1
present,1555,51801934,0x00000000,0,0,0,0x00000000,0x00000000,1
present,1556,51843115,0x00000000,0,0,0,0x00000000,0x00000000,1
present,1557,51867549,0x00000000,0,0,0,0x00000000,0x00000000,1
present,1558,51900333,0x00000000,0,0,0,0x00000000,0x00000000,1
present,1559,51934189,0x00000000,0,0,0,0x00000000,0x00000000,1
present,1560,51968377,0x00000000,0,0,0,0x00000000,0x00000000,1
present,1561,52001354,0x00000000,0,0,0,0x00000000,0x00000000,2
present,1562,52034012,0x00000000,0,0,0,0x00000000,0x00000000,2
present,1563,52068469,0x00000000,0,0,0,0x00000000,0x00000000,2
present,1564,52100958,0x00000000,0,0,0,0x00000000,0x00000000,2
present,1565,52134664,0x00000000,0,0,0,0x00000000,0x00000000,2
present,1566,52167403,0x00000000,0,0,0,0x00000000,0x00000000,2
present,1567,52201268,0x00000000,0,0,0,0x00000000,0x00000000,2
present,1568,52234809,0x00000000,0,0,0,0x00000000,0x00000000,2
present,1569,52268126,0x00000000,0,0,0,0x00000000,0x00000000,2
present,1570,52300927,0x00000000,0,0,0,0x00000000,0x00000000,2
present,1571,52334988,0x00000000,0,0,0,0x00000000,0x00000000,2
present,1572,52367563,0x00000000,0,0,0,0x00000000,0x00000000,2
present,1573,52401147,0x00000000,0,0,0,0x00000000,0x00000000,2
present,1574,52434133,0x00000000,0,0,0,0x00000000,0x00000000,2
present,1575,52467936,0x00000000,0,0,0,0x00000000,0x00000000,2
present,1576,52500601,0x00000000,0,0,0,0x00000000,0x00000000,2
present,1577,52534368,0x00000000,0,0,0,0x00000000,0x00000000,2
present,1578,52568378,0x00000000,0,0,0,0x00000000,0x00000000,2
present,1579,52600928,0x00000000,0,0,0,0x00000000,0x00000000,2
present,1580,52634666,0x00000000,0,0,0,0x00000000,0x00000000,2
present,1581,52668006,0x00000000,0,0,0,0x00000000,0x00000000,2
present,1582,52701172,0x00000000,0,0,0,0x00000000,0x00000000,2
present,1583,52734736,0x00000000,0,0,0,0x00000000,0x00000000,2
present,1584,52767137,0x00000000,0,0,0,0x00000000,0x00000000,2
present,1585,52800673,0x00000000,0,0,0,0x00000000,0x00000000,2
present,1586,52839718,0x00000000,0,0,0,0x00000000,0x00000000,2
present,1587,52866813,0x00000000,0,0,0,0x00000000,0x00000000,2
present,1588,52901718,0x00000000,0,0,0,0x00000000,0x00000000,2
present,1589,52933967,0x00000000,0,0,0,0x00000000,0x00000000,2
present,1590,52967776,0x00000000,0,0,0,0x00000000,0x00000000,2
present,1591,53001270,0x00000000,0,0,0,0x00000000,0x00000000,2
present,1592,53034434,0x00000000,0,0,0,0x00000000,0x00000000,2
present,1593,53068346,0x00000000,0,0,0,0x00000000,0x00000000,2
present,1594,53101199,0x00000000,0,0,0,0x00000000,0x00000000,2
present,1595,53134321,0x00000000,0,0,0,0x00000000,0x00000000,2
present,1596,53167730,0x00000000,0,0,0,0x00000000,0x00000000,2
present,1597,53200908,0x00000000,0,0,0,0x00000000,0x00000000,2
present,1598,53233980,0x00000000,0,0,0,0x00000000,0x00000000,2
present,1599,53268430,0x00000000,0,0,0,0x00000000,0x00000000,2
present,1600,53300526,0x00000000,0,0,0,0x00000000,0x00000000,2
present,1601,53334349,0x00000000,0,0,0,0x00000000,0x00000000,2
present,1602,53368008,0x00000000,0,0,0,0x00000000,0x00000000,2
present,1603,53400768,0x00000000,0,0,0,0x00000000,0x00000000,2
present,1604,53433929,0x00000000,0,0,0,0x00000000,0x00000000,2
present,1605,53467921,0x00000000,0,0,0,0x00000000,0x00000000,2
present,1606,53500944,0x00000000,0,0,0,0x00000000,0x00000000,2
present,1607,53534651,0x00000000,0,0,0,0x00000000,0x00000000,2
present,1608,53567327,0x00000000,0,0,0,0x00000000,0x00000000,2
present,1609,53601865,0x00000000,0,0,0,0x00000000,0x00000000,2
present,1610,53633954,0x00000000,0,0,0,0x00000000,0x00000000,2
present,1611,53667632,0x00000000,0,0,0,0x00000000,0x00000000,2
present,1612,53701236,0x00000000,0,0,0,0x00000000,0x00000000,2
present,1613,53734478,0x00000000,0,0,0,0x00000000,0x00000000,2
present,1614,53768658,0x00000000,0,0,0,0x00000000,0x00000000,2
present,1615,53801329,0x00000000,0,0,0,0x00000000,0x00000000,2
present,1616,53836396,0x00000000,0,0,0,0x00000000,0x00000000,2
present,1617,53868048,0x00000000,0,0,0,0x00000000,0x00000000,2
present,1618,53900979,0x00000000,0,0,0,0x00000000,0x00000000,2
present,1619,53934734,0x00000000,0,0,0,0x00000000,0x00000000,2
present,1620,53967413,0x00000000,0,0,0,0x00000000,0x00000000,2
present,1621,54001196,0x00000000,0,0,0,0x00000000,0x00000000,3
present,1622,54034137,0x00000000,0,0,0,0x00000000,0x00000000,3
present,1623,54066812,0x00000000,0,0,0,0x00000000,0x00000000,3
present,1624,54101264,0x00000000,0,0,0,0x00000000,0x00000000,3
present,1625,54134462,0x00000000,0,0,0,0x00000000,0x00000000,3
present,1626,54168321,0x00000000,0,0,0,0x00000000,0x00000000,3
present,1627,54201074,0x00000000,0,0,0,0x00000000,0x00000000,3
present,1628,54234799,0x00000000,0,0,0,0x00000000,0x00000000,3
present,1629,54267971,0x00000000,0,0,0,0x00000000,0x00000000,3
present,1630,54300564,0x00000000,0,0,0,0x00000000,0x00000000,3
present,1631,54334069,0x00000000,0,0,0,0x00000000,0x00000000,3
present,1632,54367759,0x00000000,0,0,0,0x00000000,0x00000000,3
present,1633,54400812,0x00000000,0,0,0,0x00000000,0x00000000,3
present,1634,54433762,0x00000000,0,0,0,0x00000000,0x00000000,3
present,1635,54467322,0x00000000,0,0,0,0x00000000,0x00000000,3
present,1636,54501777,0x00000000,0,0,0,0x00000000,0x00000000,3
present,1637,54535186,0x00000000,0,0,0,0x00000000,0x00000000,3
present,1638,54578121,0x00000000,0,0,0,0x00000000,0x00000000,3
present,1639,54601023,0x00000000,0,0,0,0x00000000,0x00000000,3
present,1640,54635991,0x00000000,0,0,0,0x00000000,0x00000000,3
present,1641,54667693,0x00000000,0,0,0,0x00000000,0x00000000,3
present,1642,54701370,0x00000000,0,0,0,0x00000000,0x00000000,3
present,1643,54734117,0x00000000,0,0,0,0x00000000,0x00000000,3
present,1644,54767728,0x00000000,0,0,0,0x00000000,0x00000000,3
present,1645,54801849,0x00000000,0,0,0,0x00000000,0x00000000,3
present,1646,54843429,0x00000000,0,0,0,0x00000000,0x00000000,3
present,1647,54867124,0x00000000,0,0,0,0x00000000,0x00000000,3
present,1648,54900849,0x00000000,0,0,0,0x00000000,0x00000000,3
present,1649,54934648,0x00000000,0,0,0,0x00000000,0x00000000,3
present,1650,54967619,0x00000000,0,0,0,0x00000000,0x00000000,3
present,1651,55000880,0x00000000,0,0,0,0x00000000,0x00000000,3
present,1652,55033851,0x00000000,0,0,0,0x00000000,0x00000000,3
present,1653,55067390,0x00000000,0,0,0,0x00000000,0x00000000,3
present,1654,55101109,0x00000000,0,0,0,0x00000000,0x00000000,3
present,1655,55135115,0x00000000,0,0,0,0x00000000,0x00000000,3
present,1656,55168055,0x00000000,0,0,0,0x00000000,0x00000000,3
present,1657,55200986,0x00000000,0,0,0,0x00000000,0x00000000,3
present,1658,55233957,0x00000000,0,0,0,0x00000000,0x00000000,3
present,1659,55268403,0x00000000,0,0,0,0x00000000,0x00000000,3
present,1660,55300858,0x00000000,0,0,0,0x00000000,0x00000000,3
present,1661,55334035,0x00000000,0,0,0,0x00000000,0x00000000,3
present,1662,55367333,0x00000000,0,0,0,0x00000000,0x00000000,3
present,1663,55400180,0x00000000,0,0,0,0x00000000,0x00000000,3
present,1664,55434409,0x00000000,0,0,0,0x00000000,0x00000000,3
present,1665,55467589,0x00000000,0,0,0,0x00000000,0x00000000,3
present,1666,55500736,0x00000000,0,0,0,0x00000000,0x00000000,3
present,1667,55533967,0x00000000,0,0,0,0x00000000,0x00000000,3
present,1668,55567431,0x00000000,0,0,0,0x00000000,0x00000000,3
present,1669,55601281,0x00000000,0,0,0,0x00000000,0x00000000,3
present,1670,55634322,0x00000000,0,0,0,0x00000000,0x00000000,3
present,1671,55667977,0x00000000,0,0,0,0x00000000,0x00000000,3
present,1672,55706588,0x00000000,0,0,0,0x00000000,0x00000000,3
present,1673,55733772,0x00000000,0,0,0,0x00000000,0x00000000,3
present,1674,55767274,0x00000000,0,0,0,0x00000000,0x00000000,3
present,1675,55801134,0x00000000,0,0,0,0x00000000,0x00000000,3
present,1676,55837572,0x00000000,0,0,0,0x00000000,0x00000000,3
present,1677,55867234,0x00000000,0,0,0,0x00000000,0x00000000,3
present,1678,55900765,0x00000000,0,0,0,0x00000000,0x00000000,3
present,1679,55934670,0x00000000,0,0,0,0x00000000,0x00000000,3
present,1680,55967463,0x00000000,0,0,0,0x00000000,0x00000000,3
present,1681,56001427,0x00000000,0,0,0,0x00000000,0x00000000,0
present,1682,56037578,0x00000000,0,0,0,0x00000000,0x00000000,0
present,1683,56067240,0x00000000,0,0,0,0x00000000,0x00000000,0
present,1684,56101643,0x00000000,0,0,0,0x00000000,0x00000000,0
present,1685,56134392,0x00000000,0,0,0,0x00000000,0x00000000,0
present,1686,56169144,0x00000000,0,0,0,0x00000000,0x00000000,0
present,1687,56200398,0x00000000,0,0,0,0x00000000,0x00000000,0
present,1688,56234152,0x00000000,0,0,0,0x00000000,0x00000000,0
present,1689,56268028,0x00000000,0,0,0,0x00000000,0x00000000,0
present,1690,56301836,0x00000000,0,0,0,0x00000000,0x00000000,0
present,1691,56334209,0x00000000,0,0,0,0x00000000,0x00000000,0
present,1692,56367104,0x00000000,0,0,0,0x00000000,0x00000000,0
present,1693,56400775,0x00000000,0,0,0,0x00000000,0x00000000,0
present,1694,56433504,0x00000000,0,0,0,0x00000000,0x00000000,0
present,1695,56468637,0x00000000,0,0,0,0x00000000,0x00000000,0
present,1696,56501799,0x00000000,0,0,0,0x00000000,0x00000000,0
present,1697,56534200,0x00000000,0,0,0,0x00000000,0x00000000,0
present,1698,56567192,0x00000000,0,0,0,0x00000000,0x00000000,0
present,1699,56600828,0x00000000,0,0,0,0x00000000,0x00000000,0
present,1700,56634761,0x00000000,0,0,0,0x00000000,0x00000000,0
present,1701,56668253,0x00000000,0,0,0,0x00000000,0x00000000,0
present,1702,56701113,0x00000000,0,0,0,0x00000000,0x00000000,0
present,1703,56734417,0x00000000,0,0,0,0x00000000,0x00000000,0
present,1704,56767228,0x00000000,0,0,0,0x00000000,0x00000000,0
present,1705,56800544,0x00000000,0,0,0,0x00000000,0x00000000,0
present,1706,56839403,0x00000000,0,0,0,0x00000000,0x00000000,0
present,1707,56867375,0x00000000,0,0,0,0x00000000,0x00000000,0
present,1708,56900903,0x00000000,0,0,0,0x00000000,0x00000000,0
present,1709,56934447,0x00000000,0,0,0,0x00000000,0x00000000,0
present,1710,56967114,0x00000000,0,0,0,0x00000000,0x00000000,0
present,1711,57001087,0x00000000,0,0,0,0x00000000,0x00000000,0
present,1712,57034855,0x00000000,0,0,0,0x00000000,0x00000000,0
present,1713,57067728,0x00000000,0,0,0,0x00000000,0x00000000,0
present,1714,57100798,0x00000000,0,0,0,0x00000000,0x00000000,0
present,1715,57134542,0x00000000,0,0,0,0x00000000,0x00000000,0
present,1716,57168226,0x00000000,0,0,0,0x00000000,0x00000000,0
present,1717,57200396,0x00000000,0,0,0,0x00000000,0x00000000,0
present,1718,57234212,0x00000000,0,0,0,0x00000000,0x00000000,0
present,1719,57267706,0x00000000,0,0,0,0x00000000,0x00000000,0
present,1720,57301248,0x00000000,0,0,0,0x00000000,0x00000000,0
present,1721,57334484,0x00000000,0,0,0,0x00000000,0x00000000,0
present,1722,57368435,0x00000000,0,0,0,0x00000000,0x00000000,0
present,1723,57401019,0x00000000,0,0,0,0x00000000,0x00000000,0
present,1724,57434877,0x00000000,0,0,0,0x00000000,0x00000000,0
present,1725,57468300,0x00000000,0,0,0,0x00000000,0x00000000,0
present,1726,57501078,0x00000000,0,0,0,0x00000000,0x00000000,0
present,1727,57534098,0x00000000,0,0,0,0x00000000,0x00000000,0
present,1728,57567769,0x00000000,0,0,0,0x00000000,0x00000000,0
present,1729,57601641,0x00000000,0,0,0,0x00000000,0x00000000,0
present,1730,57634288,0x00000000,0,0,0,0x00000000,0x00000000,0
present,1731,57668076,0x00000000,0,0,0,0x00000000,0x00000000,0
present,1732,57700912,0x00000000,0,0,0,0x00000000,0x00000000,0
present,1733,57734665,0x00000000,0,0,0,0x00000000,0x00000000,0
present,1734,57766985,0x00000000,0,0,0,0x00000000,0x00000000,0
present,1735,57800612,0x00000000,0,0,0,0x00000000,0x00000000,0
present,1736,57835009,0x00000000,0,0,0,0x00000000,0x00000000,0
present,1737,57868662,0x00000000,0,0,0,0x00000000,0x00000000,0
present,1738,57901364,0x00000000,0,0,0,0x00000000,0x00000000,0
present,1739,57934103,0x00000000,0,0,0,0x00000000,0x00000000,0
present,1740,57967384,0x00000000,0,0,0,0x00000000,0x00000000,0
present,1741,58000690,0x00000000,0,0,0,0x00000000,0x00000000,1
present,1742,58034329,0x00000000,0,0,0,0x00000000,0x00000000,1
present,1743,58068264,0x00000000,0,0,0,0x00000000,0x00000000,1
present,1744,58102182,0x00000000,0,0,0,0x00000000,0x00000000,1
present,1745,58134536,0x00000000,0,0,0,0x00000000,0x00000000,1
present,1746,58167599,0x00000000,0,0,0,0x00000000,0x00000000,1
present,1747,58200846,0x00000000,0,0,0,0x00000000,0x00000000,1
present,1748,58233900,0x00000000,0,0,0,0x00000000,0x00000000,1
present,1749,58267418,0x00000000,0,0,0,0x00000000,0x00000000,1
present,1750,58300970,0x00000000,0,0,0,0x00000000,0x00000000,1
present,1751,58334929,0x00000000,0,0,0,0x00000000,0x00000000,1
present,1752,58367528,0x00000000,0,0,0,0x00000000,0x00000000,1
present,1753,58401798,0x00000000,0,0,0,0x00000000,0x00000000,1
present,1754,58433882,0x00000000,0,0,0,0x00000000,0x00000000,1
present,1755,58467334,0x00000000,0,0,0,0x00000000,0x00000000,1
present,1756,58501229,0x00000000,0,0,0,0x00000000,0x00000000,1
present,1757,58534311,0x00000000,0,0,0,0x00000000,0x00000000,1
present,1758,58567552,0x00000000,0,0,0,0x00000000,0x00000000,1
present,1759,58601266,0x00000000,0,0,0,0x00000000,0x00000000,1
present,1760,58633806,0x00000000,0,0,0,0x00000000,0x00000000,1
present,1761,58667619,0x00000000,0,0,0,0x00000000,0x00000000,1
present,1762,58701390,0x00000000,0,0,0,0x00000000,0x00000000,1
present,1763,58734353,0x00000000,0,0,0,0x00000000,0x00000000,1
present,1764,58767792,0x00000000,0,0,0,0x00000000,0x00000000,1
present,1765,58800745,0x00000000,0,0,0,0x00000000,0x00000000,1
present,1766,58834058,0x00000000,0,0,0,0x00000000,0x00000000,1
present,1767,58867057,0x00000000,0,0,0,0x00000000,0x00000000,1
present,1768,58900109,0x00000000,0,0,0,0x00000000,0x00000000,1
present,1769,58934269,0x00000000,0,0,0,0x00000000,0x00000000,1
present,1770,58967429,0x00000000,0,0,0,0x00000000,0x00000000,1
present,1771,59000563,0x00000000,0,0,0,0x00000000,0x00000000,1
present,1772,59033480,0x00000000,0,0,0,0x00000000,0x00000000,1
present,1773,59068345,0x00000000,0,0,0,0x00000000,0x00000000,1
present,1774,59101248,0x00000000,0,0,0,0x00000000,0x00000000,1
present,1775,59134343,0x00000000,0,0,0,0x00000000,0x00000000,1
present,1776,59168126,0x00000000,0,0,0,0x00000000,0x00000000,1
present,1777,59201076,0x00000000,0,0,0,0x00000000,0x00000000,1
present,1778,59234878,0x00000000,0,0,0,0x00000000,0x00000000,1
present,1779,59267957,0x00000000,0,0,0,0x00000000,0x00000000,1
present,1780,59300953,0x00000000,0,0,0,0x00000000,0x00000000,1
present,1781,59334680,0x00000000,0,0,0,0x00000000,0x00000000,1
present,1782,59367992,0x00000000,0,0,0,0x00000000,0x00000000,1
present,1783,59401204,0x00000000,0,0,0,0x00000000,0x00000000,1
present,1784,59434453,0x00000000,0,0,0,0x00000000,0x00000000,1
present,1785,59467473,0x00000000,0,0,0,0x00000000,0x00000000,1
present,1786,59501157,0x00000000,0,0,0,0x00000000,0x00000000,1
present,1787,59534254,0x00000000,0,0,0,0x00000000,0x00000000,1
present,1788,59567978,0x00000000,0,0,0,0x00000000,0x00000000,1
present,1789,59600884,0x00000000,0,0,0,0x00000000,0x00000000,1
present,1790,59634388,0x00000000,0,0,0,0x00000000,0x00000000,1
present,1791,59667889,0x00000000,0,0,0,0x00000000,0x00000000,1
present,1792,59700590,0x00000000,0,0,0,0x00000000,0x00000000,1
present,1793,59734290,0x00000000,0,0,0,0x00000000,0x00000000,1
present,1794,59768135,0x00000000,0,0,0,0x00000000,0x00000000,1
present,1795,59800812,0x00000000,0,0,0,0x00000000,0x00000000,1
present,1796,59837316,0x00000000,0,0,0,0x00000000,0x00000000,1
present,1797,59867173,0x00000000,0,0,0,0x00000000,0x00000000,1
present,1798,59901201,0x00000000,0,0,0,0x00000000,0x00000000,1
present,1799,59934012,0x00000000,0,0,0,0x00000000,0x00000000,1
present,1800,59968264,0x00000000,0,0,0,0x00000000,0x00000000,1
present,1801,60001887,0x00000000,0,0,0,0x00000000,0x00000000,2
exit,1801,60033891,0x00000000,0,0
