dyld[27775]: <E8BD2F5D-31CD-3E5D-B239-7D6C7B698EA9> /private/tmp/step10a4-highball-V5DiZw/engine/bin/wine
dyld[27775]: <C35C3CFC-E1B6-36CB-8F34-F1B9CED0E362> /usr/lib/libSystem.B.dylib
dyld[27775]: <AD218373-799B-3BA0-9D22-6CF6EF7A5E92> /usr/lib/system/libcache.dylib
dyld[27775]: <4DB84DD1-66CE-3AF3-98F7-E3ECD3445CAB> /usr/lib/system/libcommonCrypto.dylib
dyld[27775]: <ADF5CD65-B192-3261-B0A8-1923DC6FD1F4> /usr/lib/system/libcompiler_rt.dylib
dyld[27775]: <B654BDF4-CAF2-366B-B724-7F0C80A7C988> /usr/lib/system/libcopyfile.dylib
dyld[27775]: <1654DB72-6508-373A-AFCD-A11AE4B4A111> /usr/lib/system/libcorecrypto.dylib
dyld[27775]: <C9CE6EB5-E461-3D14-87EC-3D9EC083F36C> /usr/lib/system/libdispatch.dylib
dyld[27775]: <7CE1E71D-6070-37E6-8885-F63FCBBA4F5F> /usr/lib/system/libdyld.dylib
dyld[27775]: <DDFC973E-DE9D-3F4A-B6B0-D4197C39D86D> /usr/lib/system/libkeymgr.dylib
dyld[27775]: <598B55F4-54B2-3E18-807E-D76251119D0E> /usr/lib/system/libmacho.dylib
dyld[27775]: <C70805D8-E2BC-30DB-95E8-72E98E125E29> /usr/lib/system/libquarantine.dylib
dyld[27775]: <9705AC41-D08C-3620-BC12-50F19EBBE26F> /usr/lib/system/libremovefile.dylib
dyld[27775]: <1479C560-2FDF-38E1-9B15-05CD2D84318A> /usr/lib/system/libsystem_asl.dylib
dyld[27775]: <7C2C988E-15E9-3CB4-BAFF-C0B51B03EB6B> /usr/lib/system/libsystem_blocks.dylib
dyld[27775]: <5189C409-7FC9-3ED9-9C35-115DE311AD0E> /usr/lib/system/libsystem_c.dylib
dyld[27775]: <3165A454-B215-3725-9E9E-02D110A9F8D4> /usr/lib/system/libsystem_collections.dylib
dyld[27775]: <359AB422-DD50-3256-B1C6-F72DF9DD987A> /usr/lib/system/libsystem_configuration.dylib
dyld[27775]: <1B79C1E0-CA9B-30F1-ACD7-79C427C8B363> /usr/lib/system/libsystem_containermanager.dylib
dyld[27775]: <64BC6CC4-ECC7-3030-9713-ECBC9C89FDC6> /usr/lib/system/libsystem_coreservices.dylib
dyld[27775]: <F2C0B46B-0E3B-3D69-88E3-7438D86E2400> /usr/lib/system/libsystem_darwin.dylib
dyld[27775]: <9E147608-C331-3C58-8BDB-9BCD72676DF9> /usr/lib/system/libsystem_darwindirectory.dylib
dyld[27775]: <9155855F-09DE-3716-8EE1-D0E471817E4B> /usr/lib/system/libsystem_dnssd.dylib
dyld[27775]: <8DDD0D3E-463F-3588-99ED-CD3143D4D7E8> /usr/lib/system/libsystem_eligibility.dylib
dyld[27775]: <65390F97-3CEE-39F9-A4A8-6AAAEBE5CAF4> /usr/lib/system/libsystem_featureflags.dylib
dyld[27775]: <43FED5F7-ABEE-3709-9DBC-63C15471566A> /usr/lib/system/libsystem_info.dylib
dyld[27775]: <6B647DA7-B1BD-3553-99A4-318A0A54ADE4> /usr/lib/system/libsystem_m.dylib
dyld[27775]: <AA9F3382-0989-3BFD-8D3A-D0F95422DB89> /usr/lib/system/libsystem_malloc.dylib
dyld[27775]: <9684139A-D966-39F4-BE5A-5DC2F35E198F> /usr/lib/system/libsystem_networkextension.dylib
dyld[27775]: <BC7A29BB-B5B6-3273-A306-1A32A631CAC7> /usr/lib/system/libsystem_notify.dylib
dyld[27775]: <EBD29789-35BD-37AE-AFCB-6F951941E93C> /usr/lib/system/libsystem_sandbox.dylib
dyld[27775]: <260D9D91-0E97-3CE8-8DD7-5F8DAD1CEC12> /usr/lib/system/libsystem_sanitizers.dylib
dyld[27775]: <10604294-2616-3323-8EE7-13B7AA6FA0F4> /usr/lib/system/libsystem_secinit.dylib
dyld[27775]: <40155496-5BD7-3491-AEFC-B4395F3DCF04> /usr/lib/system/libsystem_kernel.dylib
dyld[27775]: <6D92CF2D-A008-36B6-B516-C960029E4960> /usr/lib/system/libsystem_platform.dylib
dyld[27775]: <0BAFE0E7-F27F-363F-A13C-70619F985288> /usr/lib/system/libsystem_pthread.dylib
dyld[27775]: <14B38348-6F43-316E-9559-4A5E077AFC52> /usr/lib/system/libsystem_symptoms.dylib
dyld[27775]: <2AE5497B-628B-3027-B36D-AA62D9C95D20> /usr/lib/system/libsystem_trace.dylib
dyld[27775]: <E9DCD1A4-A6F0-356D-89E0-CDB2D6E1E755> /usr/lib/system/libsystem_trial.dylib
dyld[27775]: <F786DF52-020C-3CD4-85A4-42BBADA2E485> /usr/lib/system/libunwind.dylib
dyld[27775]: <A44EE173-2555-3EA9-B836-0AF203AFBF46> /usr/lib/system/libxpc.dylib
dyld[27775]: <AD71C77A-7D9F-3D67-AF76-A029629F8A52> /usr/lib/libc++abi.dylib
dyld[27775]: <FA4B4D4D-4A72-301D-82E4-0415534FF26C> /usr/lib/libobjc.A.dylib
dyld[27775]: <5E62C50D-63D5-3D91-8408-6175282185E7> /usr/lib/libRosetta.dylib
dyld[27775]: <8DAA0737-BE5F-3F33-929E-DAD557873C98> /usr/lib/libc++.1.dylib
dyld[27775]: <335FE197-93DD-3981-827B-759F2392CF07> /private/tmp/step10a4-highball-V5DiZw/engine/lib/wine/x86_64-unix/ntdll.so
dyld[27775]: <A8EB4F11-C0D5-3F15-A780-879C56203E0C> /System/Library/Frameworks/IOKit.framework/Versions/A/IOKit
dyld[27775]: <5E62C50D-63D5-3D91-8408-6175282185E7> /usr/lib/liboah.dylib
dyld[27775]: <B459B479-FC1A-3C62-BCC0-E87C4CB7B1C5> /usr/lib/libDiagnosticMessagesClient.dylib
dyld[27775]: <A6B926CC-8265-30C8-A0B4-B1FA5736B4FD> /usr/lib/libenergytrace.dylib
dyld[27775]: <022D827A-54B6-36C6-8F2E-21871F2082D5> /usr/lib/libbsm.0.dylib
dyld[27775]: <B08331D8-B583-3318-ADA7-B5939493E835> /System/Library/Frameworks/CoreFoundation.framework/Versions/A/CoreFoundation
dyld[27775]: <CCA5EC52-A9CD-3589-A804-AFF5BDF15489> /usr/lib/libz.1.dylib
dyld[27775]: <B3B167F4-133E-36CD-92C0-228C57113795> /usr/lib/system/libkxld.dylib
dyld[27775]: <2E0B4D74-C5BC-342B-970B-B50814C8771D> /System/Library/PrivateFrameworks/SoftLinking.framework/Versions/A/SoftLinking
dyld[27775]: <FF355D69-B1AE-3A77-83D3-74552649536D> /System/Library/PrivateFrameworks/CoreServicesInternal.framework/Versions/A/CoreServicesInternal
dyld[27775]: <E832CDD3-EC43-3FDE-950B-4B2DDD2EE627> /System/Library/Frameworks/Foundation.framework/Versions/C/Foundation
dyld[27775]: <FA8187C5-6DC0-3580-BC9A-6CCEF81F8B88> /usr/lib/libfakelink.dylib
dyld[27775]: <9EB824DA-83AB-365D-B5F1-311757BAB13F> /usr/lib/libicucore.A.dylib
dyld[27775]: <3E87F493-4F61-39C7-A5E2-B23C8035D8AD> /System/Library/Frameworks/CoreServices.framework/Versions/A/CoreServices
dyld[27775]: <83C00352-42B3-3176-BCF3-21C5A8354B69> /System/Library/Frameworks/Security.framework/Versions/A/Security
dyld[27775]: <30EF56FE-5FF9-3E23-B955-4B32776DB696> /System/Library/PrivateFrameworks/DiskImages.framework/Versions/A/DiskImages
dyld[27775]: <4DDB589C-3E74-33BB-9608-E6D732C7768F> /System/Library/Frameworks/NetFS.framework/Versions/A/NetFS
dyld[27775]: <0C206EA7-DB71-343F-9602-8000DFE92D57> /System/Library/Frameworks/CFNetwork.framework/Versions/A/CFNetwork
dyld[27775]: <6BD9A7B1-BD79-3BD1-8E60-A351268524BF> /System/Library/Frameworks/CoreServices.framework/Versions/A/Frameworks/FSEvents.framework/Versions/A/FSEvents
dyld[27775]: <ECD9465F-8A62-3CC4-B263-ED77CC35CC57> /System/Library/Frameworks/CoreServices.framework/Versions/A/Frameworks/CarbonCore.framework/Versions/A/CarbonCore
dyld[27775]: <3E469D4D-5E88-3E05-A36A-5E4748822538> /System/Library/Frameworks/CoreServices.framework/Versions/A/Frameworks/Metadata.framework/Versions/A/Metadata
dyld[27775]: <CCDDC516-276B-3F1D-AEAD-8BDADEA84A8E> /System/Library/Frameworks/CoreServices.framework/Versions/A/Frameworks/OSServices.framework/Versions/A/OSServices
dyld[27775]: <4DE627B3-266F-3CAD-A604-272AAC2154D5> /System/Library/Frameworks/CoreServices.framework/Versions/A/Frameworks/SearchKit.framework/Versions/A/SearchKit
dyld[27775]: <3940B96B-C857-3B4D-9295-A3AD8F190E7C> /System/Library/Frameworks/CoreServices.framework/Versions/A/Frameworks/AE.framework/Versions/A/AE
dyld[27775]: <88879E3D-60BC-335F-BC83-6E7AA6360641> /System/Library/Frameworks/CoreServices.framework/Versions/A/Frameworks/LaunchServices.framework/Versions/A/LaunchServices
dyld[27775]: <DB20022E-8F2D-3F01-95FD-CD3F40758294> /System/Library/Frameworks/CoreServices.framework/Versions/A/Frameworks/DictionaryServices.framework/Versions/A/DictionaryServices
dyld[27775]: <3C402754-C897-3358-B2A6-53AC950F0AAD> /System/Library/Frameworks/CoreServices.framework/Versions/A/Frameworks/SharedFileList.framework/Versions/A/SharedFileList
dyld[27775]: <51ADA3FF-7D95-32BB-8D53-9A79D19737A6> /System/Library/Frameworks/SystemConfiguration.framework/Versions/A/SystemConfiguration
dyld[27775]: <566D0F44-DC97-37B0-A816-F9C52E678AB7> /usr/lib/libapple_nghttp2.dylib
dyld[27775]: <C3D64E6D-68E6-3606-B4A2-0615C2914C4A> /usr/lib/libcompression.dylib
dyld[27775]: <BCCC90C6-AFF2-3E30-A3FF-ECB449916C9B> /usr/lib/libsqlite3.dylib
dyld[27775]: <E48C0927-6427-39B2-9E1D-064FFCC1D026> /System/Library/Frameworks/Network.framework/Versions/A/Network
dyld[27775]: <3FBE1DC9-EC26-3A3D-91D4-0C1347161636> /System/Library/PrivateFrameworks/AppleKeyStore.framework/Versions/A/AppleKeyStore
dyld[27775]: <999857AC-6B67-32B0-ACD9-03E27BF1DF82> /usr/lib/libCoreEntitlements.dylib
dyld[27775]: <B01BECF4-3FD8-3EB9-A385-C6E86E258B5D> /usr/lib/libTLE.dylib
dyld[27775]: <66326DEB-49FA-3A5A-8655-0A7F3C46C43F> /System/Library/PrivateFrameworks/MessageSecurity.framework/Versions/A/MessageSecurity
dyld[27775]: <63746141-C4F7-3C15-BFF9-8690FDCFA934> /System/Library/PrivateFrameworks/ProtocolBuffer.framework/Versions/A/ProtocolBuffer
dyld[27775]: <49E753F2-5BE7-3D0F-A620-52519749D4FA> /System/Library/PrivateFrameworks/SymptomDiagnosticReporter.framework/Versions/A/SymptomDiagnosticReporter
dyld[27775]: <D565FF2C-0F9E-33C8-BF97-8B784B5AC862> /System/Library/PrivateFrameworks/CrashReporterSupport.framework/Versions/A/CrashReporterSupport
dyld[27775]: <6755F843-27F7-3CC6-A704-87037158E019> /System/Library/PrivateFrameworks/CoreAnalytics.framework/Versions/A/CoreAnalytics
dyld[27775]: <9171B014-BABF-3AF4-BE23-254F4267F0DD> /System/Library/PrivateFrameworks/CoreTime.framework/Versions/A/CoreTime
dyld[27775]: <4EE62B14-42C5-37D8-B7B9-7F48B39ADE42> /usr/lib/libMobileGestalt.dylib
dyld[27775]: <3A9AC8ED-1C48-3070-A4C0-748A011A4ECF> /System/Library/PrivateFrameworks/AppleFSCompression.framework/Versions/A/AppleFSCompression
dyld[27775]: <0F8695F5-0D7F-388C-8D2B-21E64C0C5C37> /usr/lib/libcoretls.dylib
dyld[27775]: <B0AA1109-6DD2-3F0A-9BFB-7ED7D22C22B7> /usr/lib/libcoretls_cfhelpers.dylib
dyld[27775]: <6D962100-4769-3EC0-AEA5-C5C76149B497> /usr/lib/libpam.2.dylib
dyld[27775]: <00A6D787-1FF6-31C2-962C-166285687ECD> /usr/lib/libxar.1.dylib
dyld[27775]: <E4A7FCAA-6DCC-396C-80D2-EF1D88CFB305> /System/Library/PrivateFrameworks/NSPredicateSecurityPolicy.framework/Versions/A/NSPredicateSecurityPolicy
dyld[27775]: <0282ADDB-A746-3F00-8CFF-17FB254825AB> /System/Library/PrivateFrameworks/CoreAutoLayout.framework/Versions/A/CoreAutoLayout
dyld[27775]: <B0DEC2B5-F2A5-3F34-A857-11A54E65762C> /usr/lib/libcmark-gfm.dylib
dyld[27775]: <FB5AA338-58FC-3C93-BCAB-72D86BA529FA> /System/Library/Frameworks/DiskArbitration.framework/Versions/A/DiskArbitration
dyld[27775]: <AE66ACCE-6DB6-3B10-BC35-BD1C16C5E196> /usr/lib/libarchive.2.dylib
dyld[27775]: <3A504FE5-5FBC-3BEA-80FA-2A9C1B0387A8> /usr/lib/libxml2.2.dylib
dyld[27775]: <55797398-303F-3BB1-BEC6-CEFD9F8E063D> /usr/lib/liblangid.dylib
dyld[27775]: <405F1701-2A88-39F3-B583-8FCD29BAE690> /System/Library/Frameworks/Combine.framework/Versions/A/Combine
dyld[27775]: <654A1A4C-BF42-36B9-BC83-F3458817C2DB> /System/Library/PrivateFrameworks/CollectionsInternal.framework/Versions/A/CollectionsInternal
dyld[27775]: <49E03386-1E43-3A94-97F5-0E82A4CDA134> /System/Library/PrivateFrameworks/ReflectionInternal.framework/Versions/A/ReflectionInternal
dyld[27775]: <D9602378-8FEF-30FD-985F-4502E4B4058E> /System/Library/PrivateFrameworks/RuntimeInternal.framework/Versions/A/RuntimeInternal
dyld[27775]: <0DAE92D9-DEEE-353C-9B41-781EECACD199> /usr/lib/swift/libswiftCore.dylib
dyld[27775]: <5FF496BF-7F3D-33B6-9554-0A6B16298857> /usr/lib/swift/libswiftCoreFoundation.dylib
dyld[27775]: <89C0405A-C9D5-336C-BF36-B659B4FCE83A> /usr/lib/swift/libswiftDarwin.dylib
dyld[27775]: <E2296D76-48E1-3BF6-80C4-6A1FA168D2E1> /usr/lib/swift/libswiftDispatch.dylib
dyld[27775]: <18F8C26A-DE5D-3B65-B0B1-3D46C64A6E1A> /usr/lib/swift/libswiftIOKit.dylib
dyld[27775]: <D36234BA-B610-31CA-846F-2D39483712BA> /usr/lib/swift/libswiftObjectiveC.dylib
dyld[27775]: <4AE77A8B-1774-3730-A01B-CBD63D764B83> /usr/lib/swift/libswiftObservation.dylib
dyld[27775]: <1B245C8C-01C1-33A8-B293-5767CA8BE260> /usr/lib/swift/libswiftSynchronization.dylib
dyld[27775]: <95E81E1E-7F1E-371D-9DDE-BB4884B6ED46> /usr/lib/swift/libswiftSystem.dylib
dyld[27775]: <07821AEC-ED84-3916-B2D7-01F88A0F2381> /usr/lib/swift/libswiftXPC.dylib
dyld[27775]: <1D45348D-37AB-34AE-B575-22542463EB58> /usr/lib/swift/libswift_Builtin_float.dylib
dyld[27775]: <C0BC056F-4B5C-3AA1-B077-1EFDC4708672> /usr/lib/swift/libswift_Concurrency.dylib
dyld[27775]: <CA8706CE-EAD3-3010-894F-07FC48EE618E> /usr/lib/swift/libswift_DarwinFoundation1.dylib
dyld[27775]: <B7AF51B9-600B-36B9-B8C0-3E5B5337700A> /usr/lib/swift/libswift_StringProcessing.dylib
dyld[27775]: <8F0C6BC2-A28B-332F-9F7C-998A9E3BD19B> /usr/lib/swift/libswiftos.dylib
dyld[27775]: <C7CC753B-7B87-3C94-B989-9146B16FC21D> /System/Library/PrivateFrameworks/AppleSystemInfo.framework/Versions/A/AppleSystemInfo
dyld[27775]: <5427D9A6-94B1-3793-897A-D083E5733B26> /System/Library/Frameworks/SwiftData.framework/Versions/A/SwiftData
dyld[27775]: <7B72381C-1FDB-35C5-A822-6D555C3793D1> /usr/lib/libboringssl.dylib
dyld[27775]: <96C90097-BC24-35F9-BA16-F88BE0C2A090> /usr/lib/libdns_services.dylib
dyld[27775]: <56D76827-807B-3049-9B99-8A57C40A688D> /usr/lib/libquic.dylib
dyld[27775]: <9F96AC2E-E245-3AD8-AA63-CEDECB419768> /usr/lib/libusrtcp.dylib
dyld[27775]: <C26E08BF-1824-3E73-82C4-93100B30EAD3> /System/Library/PrivateFrameworks/AtomicsInternal.framework/Versions/A/AtomicsInternal
dyld[27775]: <C7197C1E-1B3B-396E-87FA-611C0F3E53BE> /System/Library/PrivateFrameworks/InternalSwiftProtobuf.framework/Versions/A/InternalSwiftProtobuf
dyld[27775]: <209B029B-765D-3432-BB75-0569E06734C3> /usr/lib/swift/libswiftDistributed.dylib
dyld[27775]: <01A2CAEA-665C-3D01-A04A-941FAD914652> /System/Library/Frameworks/CoreData.framework/Versions/A/CoreData
dyld[27775]: <511CCB33-BA1B-3992-B052-63255A292878> /System/Library/PrivateFrameworks/FeatureFlags.framework/Versions/A/FeatureFlags
dyld[27775]: <34D2A4C4-020E-3F5B-ADCE-8B062BC59C81> /usr/lib/liblzma.5.dylib
dyld[27775]: <59AB67E4-B860-316C-963D-087CDFBF6C29> /usr/lib/libswiftPrespecialized.dylib
dyld[27775]: <99BE4D61-01BE-35ED-B9A0-F494C660BA92> /System/Library/PrivateFrameworks/IOMobileFramebuffer.framework/Versions/A/IOMobileFramebuffer
dyld[27775]: <1C7ECB1E-A4C2-306A-B297-43FFF3C11EE7> /System/Library/Frameworks/IOSurface.framework/Versions/A/IOSurface
dyld[27775]: <A21D8B21-20DB-3339-B5D9-EC266EA0EE4E> /usr/lib/swift/libswift_DarwinFoundation2.dylib
dyld[27775]: <83A0E2FF-E850-3B1D-B834-AF4F63451C96> /usr/lib/swift/libswift_DarwinFoundation3.dylib
dyld[27775]: <0FB6CFAC-01FC-3846-A4A2-50C4F6362A0C> /usr/lib/swift/libswift_RegexParser.dylib
dyld[27775]: <2F29EA62-7BFB-3F98-A6E4-AC44013847C7> /usr/lib/libbz2.1.0.dylib
dyld[27775]: <D4096439-DD3A-3434-8A26-9E0A4255BC16> /usr/lib/libiconv.2.dylib
dyld[27775]: <B6CEFD73-D16C-3796-82EF-61499B6EA249> /usr/lib/libcharset.1.dylib
dyld[27775]: <E46388C2-BA3A-3720-BA3C-72603390F716> /System/Library/PrivateFrameworks/APFS.framework/Versions/A/APFS
dyld[27775]: <66F550B4-67C6-3BD0-8378-733BFBBB5B94> /System/Library/PrivateFrameworks/SwiftASN1Internal.framework/Versions/A/SwiftASN1Internal
dyld[27775]: <ED8A4184-E276-3E05-99A0-CF5919CB36D4> /usr/lib/libutil.dylib
dyld[27775]: <265413A6-648C-3059-A010-554AD719A363> /usr/lib/libheimdal-asn1.dylib
dyld[27775]: <7934762C-FBCA-37CA-AF42-2704B7A639EC> /System/Library/PrivateFrameworks/AppleSauce.framework/Versions/A/AppleSauce
dyld[27775]: <9761CAD2-A811-396E-9FD1-7553A783CBF5> /System/Library/PrivateFrameworks/OSAnalytics.framework/Versions/A/OSAnalytics
dyld[27775]: <0AD2FA79-5B4B-31B9-9155-A0C17BA69FB0> /System/Library/PrivateFrameworks/DeviceRecovery.framework/Versions/A/DeviceRecovery
dyld[27775]: <E4B6BD31-91A9-31BD-BB88-8C8F7F2985B7> /System/Library/PrivateFrameworks/CoreSymbolication.framework/Versions/A/CoreSymbolication
dyld[27775]: <04BCC6C4-E76D-3D1C-B25E-DD04511D29E8> /System/Library/PrivateFrameworks/Symbolication.framework/Versions/A/Symbolication
dyld[27775]: <328F598A-5C09-3D8E-854E-F090BAD6F101> /System/Library/PrivateFrameworks/DebugSymbols.framework/Versions/A/DebugSymbols
dyld[27775]: <7AB4526E-BD18-3FEE-87D2-7E60C218F82A> /usr/lib/libAppleArchive.dylib
dyld[27775]: <02320C8B-AF9A-37CF-BE30-DD72BAB828CC> /System/Library/PrivateFrameworks/MallocStackLogging.framework/Versions/A/MallocStackLogging
dyld[27775]: <D9973DD3-D3C9-38DC-86E8-D1C248A9FA6C> /usr/lib/libCheckFix.dylib
dyld[27775]: <02894CCE-93A3-32BB-BA6B-25CCD22A0EA5> /System/Library/PrivateFrameworks/TCC.framework/Versions/A/TCC
dyld[27775]: <69D73FF3-AE70-378B-AF0D-3A7794E60974> /System/Library/PrivateFrameworks/CoreNLP.framework/Versions/A/CoreNLP
dyld[27775]: <501C7615-3041-3D75-948D-08CA8D7B8773> /System/Library/PrivateFrameworks/MetadataUtilities.framework/Versions/A/MetadataUtilities
dyld[27775]: <0FB5062E-8A6E-3949-86C1-D294D4AF1AA4> /System/Library/Frameworks/Accelerate.framework/Versions/A/Accelerate
dyld[27775]: <FDBA8F4E-3D78-3DB8-8233-B8861E665675> /usr/lib/libmecab.dylib
dyld[27775]: <ABA5B6EA-B61B-3DDB-B4F1-69706D071F3D> /usr/lib/libCRFSuite.dylib
dyld[27775]: <DF95BFF6-6E31-3243-A0BC-A8339951D82F> /usr/lib/libgermantok.dylib
dyld[27775]: <20A1236E-CDF9-351D-9F56-1AD0123DC116> /usr/lib/libThaiTokenizer.dylib
dyld[27775]: <80F6241D-D255-3CCF-8ED0-F87698FDEE4E> /System/Library/Frameworks/Accelerate.framework/Versions/A/Frameworks/vImage.framework/Versions/A/vImage
dyld[27775]: <B902D685-3B38-3DE8-9325-18E32ED96065> /System/Library/Frameworks/Accelerate.framework/Versions/A/Frameworks/vecLib.framework/Versions/A/vecLib
dyld[27775]: <6EF7FE72-4727-3998-883A-97851074EDC2> /System/Library/Frameworks/Accelerate.framework/Versions/A/Frameworks/vecLib.framework/Versions/A/libvMisc.dylib
dyld[27775]: <694C9F17-22CB-348E-8A40-8F536B7CDF55> /System/Library/Frameworks/Accelerate.framework/Versions/A/Frameworks/vImage.framework/Versions/A/Libraries/libCGInterfaces.dylib
dyld[27775]: <A6AA2DE9-C0CE-37EB-910C-756AAF0E9A09> /System/Library/PrivateFrameworks/AccelerateGPU.framework/Versions/A/AccelerateGPU
dyld[27775]: <498036DB-4226-3C95-8880-E4FD11883D31> /System/Library/Frameworks/Accelerate.framework/Versions/A/Frameworks/vecLib.framework/Versions/A/libBLAS.dylib
dyld[27775]: <FB6D3F5F-AA35-3603-883B-A07B628283A8> /System/Library/Frameworks/ApplicationServices.framework/Versions/A/ApplicationServices
dyld[27775]: <1797F8DC-6019-374B-A55A-FF4C945E68DC> /System/Library/Frameworks/CoreVideo.framework/Versions/A/CoreVideo
dyld[27775]: <C514AE37-91AA-3199-87AB-2E29986C3423> /System/Library/Frameworks/ColorSync.framework/Versions/A/ColorSync
dyld[27775]: <81A02160-B6F6-385B-BA6C-E768947B7AD5> /System/Library/Frameworks/CoreGraphics.framework/Versions/A/CoreGraphics
dyld[27775]: <9A3F9ACC-4D9C-34BA-B3A8-1AD3C1786F66> /System/Library/Frameworks/CoreText.framework/Versions/A/CoreText
dyld[27775]: <554EDEE0-773D-3D10-8863-4913ECE95CA1> /System/Library/Frameworks/ImageIO.framework/Versions/A/ImageIO
dyld[27775]: <F852E373-499B-35B6-9557-AA369E07B841> /System/Library/Frameworks/ApplicationServices.framework/Versions/A/Frameworks/ATS.framework/Versions/A/ATS
dyld[27775]: <B254A017-96B6-3748-99DB-32866FE0C054> /System/Library/Frameworks/ApplicationServices.framework/Versions/A/Frameworks/HIServices.framework/Versions/A/HIServices
dyld[27775]: <727498E8-7885-35B2-B723-E380EDD703EA> /System/Library/Frameworks/ApplicationServices.framework/Versions/A/Frameworks/PrintCore.framework/Versions/A/PrintCore
dyld[27775]: <6FA3DA21-79F7-3006-ADD5-62D486024479> /System/Library/Frameworks/ApplicationServices.framework/Versions/A/Frameworks/QD.framework/Versions/A/QD
dyld[27775]: <850A1AAF-F1C2-3366-9F2F-0C5FA1A2B8A0> /System/Library/Frameworks/ApplicationServices.framework/Versions/A/Frameworks/ColorSyncLegacy.framework/Versions/A/ColorSyncLegacy
dyld[27775]: <4C160000-279F-3F52-8293-5740A012A59D> /System/Library/Frameworks/ApplicationServices.framework/Versions/A/Frameworks/SpeechSynthesis.framework/Versions/A/SpeechSynthesis
dyld[27775]: <02A9A202-2F39-3204-86DE-A09EA6AE8DEE> /System/Library/PrivateFrameworks/SkyLight.framework/Versions/A/SkyLight
dyld[27775]: <DB8890A9-5563-3841-B3DF-F2A14E0B38E4> /System/Library/PrivateFrameworks/TextRecognition.framework/Versions/A/TextRecognition
dyld[27775]: <11CFFC86-3FFC-35B2-9F6E-823101BF77B2> /System/Library/PrivateFrameworks/FontServices.framework/libFontParser.dylib
dyld[27775]: <AE0C7111-9D6C-3977-BE3D-42BDEB55051D> /System/Library/PrivateFrameworks/BiomeLibrary.framework/Versions/A/BiomeLibrary
dyld[27775]: <EE0670B3-0AAB-3D8C-B579-48A8B2757C54> /System/Library/PrivateFrameworks/BaseBoard.framework/Versions/A/BaseBoard
dyld[27775]: <6EAD8729-6278-36DD-95E0-C3DBC1B421D1> /System/Library/PrivateFrameworks/BoardServices.framework/Versions/A/BoardServices
dyld[27775]: <A6DDDBA9-3712-318D-8E86-4FD5E1E9DC2A> /System/Library/PrivateFrameworks/BackBoardServices.framework/Versions/A/BackBoardServices
dyld[27775]: <6DEFD8B9-3D97-3F07-8817-F0D783EBDFBE> /System/Library/PrivateFrameworks/BackBoardHIDEventFoundation.framework/Versions/A/BackBoardHIDEventFoundation
dyld[27775]: <61C82C50-C91D-3028-933E-FC20D2AB40FA> /System/Library/Frameworks/CoreDisplay.framework/Versions/A/CoreDisplay
dyld[27775]: <48F3225A-BEDC-395B-8658-BF2894A5D363> /System/Library/Frameworks/VideoToolbox.framework/Versions/A/VideoToolbox
dyld[27775]: <CD83DE43-F39B-38E8-B307-F342C2CA0F71> /System/Library/Frameworks/MetalPerformanceShaders.framework/Versions/A/MetalPerformanceShaders
dyld[27775]: <063F6766-AC0A-372B-8547-20EE93744C3D> /System/Library/PrivateFrameworks/ProDisplayLibrary.framework/Versions/A/ProDisplayLibrary
dyld[27775]: <52BDB234-C793-3B6B-8BE8-781631969DFA> /System/Library/PrivateFrameworks/IOSurfaceAccelerator.framework/Versions/A/IOSurfaceAccelerator
dyld[27775]: <61936A60-82F1-35D4-B7B2-564157277C7A> /System/Library/PrivateFrameworks/RunningBoardServices.framework/Versions/A/RunningBoardServices
dyld[27775]: <9C6FB27B-F6DF-342F-8D23-CDAA43181A67> /System/Library/Frameworks/Metal.framework/Versions/A/Metal
dyld[27775]: <FE710138-2441-34B0-A3EE-BB741C5A88E5> /System/Library/PrivateFrameworks/IOAccelerator.framework/Versions/A/IOAccelerator
dyld[27775]: <6007D6B0-CA05-3D6E-9F04-0A50577BF503> /System/Library/Frameworks/CoreMedia.framework/Versions/A/CoreMedia
dyld[27775]: <A1DB5628-62E0-3262-AE91-0E6BB2B47888> /usr/lib/libSMC.dylib
dyld[27775]: <A1E8240E-FD7B-3524-815C-CA0C73E88D8B> /System/Library/PrivateFrameworks/WatchdogClient.framework/Versions/A/WatchdogClient
dyld[27775]: <0AD33CC9-75A1-359D-BC41-4EE25BE4F599> /System/Library/Frameworks/QuartzCore.framework/Versions/A/QuartzCore
dyld[27775]: <C3AA1BE3-C6A4-3A3B-ACDE-EFF9F71E2CA9> /System/Library/PrivateFrameworks/MultitouchSupport.framework/Versions/A/MultitouchSupport
dyld[27775]: <5E5AD849-5F4B-3A05-8265-7CBE97C713D6> /System/Library/PrivateFrameworks/BackBoardHIDTouchEventProcessor.framework/Versions/A/BackBoardHIDTouchEventProcessor
dyld[27775]: <1086A2D2-77A2-362C-9186-F501C0E009A3> /System/Library/PrivateFrameworks/Gestures.framework/Versions/A/Gestures
dyld[27775]: <C1617C4A-E1B7-3B86-A693-1F964E6896BC> /usr/lib/swift/libswiftAccelerate.dylib
dyld[27775]: <A6B25CE1-2227-3290-A960-960484D45949> /usr/lib/swift/libswiftCoreAudio.dylib
dyld[27775]: <948D61D3-EEFF-3965-B38D-97B4C357DA6B> /usr/lib/swift/libswiftMetal.dylib
dyld[27775]: <12AA5CDE-92E4-3E32-BE12-A02A3F2F40E1> /usr/lib/swift/libswiftOSLog.dylib
dyld[27775]: <17B1C771-8068-3FF8-9FB6-B8491B64428A> /usr/lib/swift/libswiftQuartzCore.dylib
dyld[27775]: <F78EA043-E494-3CD2-89B9-64406E28DECE> /usr/lib/swift/libswiftUniformTypeIdentifiers.dylib
dyld[27775]: <2718489B-4885-3D1E-BB9A-3B416EC5C09F> /usr/lib/swift/libswiftsimd.dylib
dyld[27775]: <351B3773-CA7C-3802-A966-C260E679DED5> /System/Library/PrivateFrameworks/BiomeStreams.framework/Versions/A/BiomeStreams
dyld[27775]: <A6769ED3-768E-3A67-BC1C-EA707415D195> /System/Library/PrivateFrameworks/BiomeStorage.framework/Versions/A/BiomeStorage
dyld[27775]: <79A19B7F-5379-3B44-9329-28A6379EA13A> /System/Library/PrivateFrameworks/BiomeFoundation.framework/Versions/A/BiomeFoundation
dyld[27775]: <8D3DF617-DFD7-3EE9-BE8E-A0C05D825494> /System/Library/PrivateFrameworks/IntelligencePlatformLibrary.framework/Versions/A/IntelligencePlatformLibrary
dyld[27775]: <872A3191-C967-39BE-A356-90D9A987D518> /System/Library/PrivateFrameworks/PoirotSchematizer.framework/Versions/A/PoirotSchematizer
dyld[27775]: <361A3D97-C7C0-3093-A61F-DE3D7A4063D2> /System/Library/PrivateFrameworks/BiomeSync.framework/Versions/A/BiomeSync
dyld[27775]: <2635BE19-8B1B-39AF-A665-88F43332702C> /System/Library/PrivateFrameworks/BiomeDSL.framework/Versions/A/BiomeDSL
dyld[27775]: <EBF27A0B-2672-3291-93D2-1A66A9A1B054> /System/Library/PrivateFrameworks/BiomePubSub.framework/Versions/A/BiomePubSub
dyld[27775]: <4BB6A049-3455-3C6B-87C4-F6C972D7B42A> /System/Library/PrivateFrameworks/LoggingSupport.framework/Versions/A/LoggingSupport
dyld[27775]: <6146BE9B-E60E-374B-B621-0E74558A2507> /System/Library/PrivateFrameworks/ProactiveSupport.framework/Versions/A/ProactiveSupport
dyld[27775]: <5F69CA4D-E5AC-3C47-8BF4-79377AB4C59C> /System/Library/PrivateFrameworks/PoirotUDFs.framework/Versions/A/PoirotUDFs
dyld[27775]: <2042E6BF-F2E7-31EA-B2B4-DC29E586A6E4> /System/Library/PrivateFrameworks/MobileAsset.framework/Versions/A/MobileAsset
dyld[27775]: <5FD1EA00-E28C-3D4B-8C9B-BF9B3EBAC180> /System/Library/PrivateFrameworks/MobileKeyBag.framework/Versions/A/MobileKeyBag
dyld[27775]: <B1CEC343-7EFE-34B0-9957-13CA8F84E6E7> /System/Library/PrivateFrameworks/InternationalTextSearch.framework/Versions/A/InternationalTextSearch
dyld[27775]: <85FB8C0D-F001-3B42-A54E-68C49D7D5544> /System/Library/PrivateFrameworks/SoftwareUpdateCoreSupport.framework/Versions/A/SoftwareUpdateCoreSupport
dyld[27775]: <7706404A-C96D-364A-A0D9-C94D3CB89310> /System/Library/PrivateFrameworks/SoftwareUpdateCoreConnect.framework/Versions/A/SoftwareUpdateCoreConnect
dyld[27775]: <3E7739CC-11DE-3C42-922A-9DA5CF617D35> /System/Library/PrivateFrameworks/StreamingZip.framework/Versions/A/StreamingZip
dyld[27775]: <38B38DB3-D096-350F-98C5-584AFD18BEB1> /System/Library/PrivateFrameworks/RemoteServiceDiscovery.framework/Versions/A/RemoteServiceDiscovery
dyld[27775]: <0052322E-F921-336D-8D8F-8D58D3EDA88F> /System/Library/PrivateFrameworks/MSUDataAccessor.framework/Versions/A/MSUDataAccessor
dyld[27775]: <BFF9CF08-5B46-3604-AC2E-DBCBDFB25C92> /usr/lib/libbootpolicy.dylib
dyld[27775]: <8CFCE656-45C2-3261-AD07-01E8FC30BFBD> /System/Library/PrivateFrameworks/UserManagement.framework/Versions/A/UserManagement
dyld[27775]: <50C4CA28-70F3-344F-B51D-09F99B82ED5F> /usr/lib/libpartition2_dynamic.dylib
dyld[27775]: <FF6413D5-371C-3304-8842-8755BF52C610> /System/Library/PrivateFrameworks/RemoteXPC.framework/Versions/A/RemoteXPC
dyld[27775]: <C9A0C46A-8C96-360A-A2FB-C09CBA08EF12> /usr/lib/libFDR.dylib
dyld[27775]: <500CC87D-7539-35AA-9340-BE380C10F261> /usr/lib/libamsupport.dylib
dyld[27775]: <CFB2509B-F722-39D6-B499-96D8304FA548> /System/Library/PrivateFrameworks/AppleDeviceQuerySupport.framework/Versions/A/AppleDeviceQuerySupport
dyld[27775]: <0620DFC4-188D-337F-9CE7-7E7581D5DA34> /System/Library/PrivateFrameworks/AggregateDictionary.framework/Versions/A/AggregateDictionary
dyld[27775]: <BB4A5F50-5A2A-379E-8B32-6C355113B4A8> /System/Library/PrivateFrameworks/PoirotSQLite.framework/Versions/A/PoirotSQLite
dyld[27775]: <2F623E7B-5D60-310B-9A5F-99AEEB7F99F0> /System/Library/PrivateFrameworks/CascadeSets.framework/Versions/A/CascadeSets
dyld[27775]: <4CFE984F-8269-3E71-A90C-49BCA5260ADA> /System/Library/PrivateFrameworks/AppSupport.framework/Versions/A/AppSupport
dyld[27775]: <FE30C2BA-AEDA-3367-9A71-4A891B0CF852> /System/Library/PrivateFrameworks/CorePhoneNumbers.framework/Versions/A/CorePhoneNumbers
dyld[27775]: <F3100855-B896-3883-A84C-F00B05BFDFCF> /System/Library/PrivateFrameworks/AppleJPEG.framework/Versions/A/AppleJPEG
dyld[27775]: <CEC9DC60-4CD3-30F5-89C6-003BBDB343D9> /usr/lib/libexpat.1.dylib
dyld[27775]: <994F31B9-1CE3-3180-A7B4-DC793DAF8163> /System/Library/Frameworks/ImageIO.framework/Versions/A/Resources/libPng.dylib
dyld[27775]: <1B6D06A5-DD28-30DD-ACEE-0B6CDDBAAF83> /System/Library/Frameworks/ImageIO.framework/Versions/A/Resources/libTIFF.dylib
dyld[27775]: <A7665B78-C5F1-3E32-80FE-F0DDABB0147B> /System/Library/Frameworks/ImageIO.framework/Versions/A/Resources/libGIF.dylib
dyld[27775]: <B55B0D78-6A33-3EB9-A8DE-526D63EEC82D> /System/Library/Frameworks/ImageIO.framework/Versions/A/Resources/libJP2.dylib
dyld[27775]: <1E30FD97-019E-3C42-BD00-34693222EDB1> /usr/lib/libate.dylib
dyld[27775]: <D749A789-F87E-3CDE-968F-96FC4586AC14> /System/Library/Frameworks/ImageIO.framework/Versions/A/Resources/libJPEG.dylib
dyld[27775]: <AB36C200-FED5-3FF0-A247-F22E96DBBEF7> /System/Library/Frameworks/ImageIO.framework/Versions/A/Resources/libRadiance.dylib
dyld[27775]: <CA5DFCE6-11FD-3B30-AFEA-86CE243C3B52> /usr/lib/swift/libswiftRegexBuilder.dylib
dyld[27775]: <257CDA78-154D-3C2B-957C-353FE744BA0D> /System/Library/PrivateFrameworks/GPUCompiler.framework/Versions/32023/Libraries/libllvm-flatbuffers.dylib
dyld[27775]: <539750B4-1A16-34CC-B740-059A44212494> /System/Library/PrivateFrameworks/FramePacing.framework/Versions/A/FramePacing
dyld[27775]: <37C0BC08-2C35-3CF5-91A6-D9773030A168> /System/Library/Frameworks/OpenGL.framework/Versions/A/Libraries/libCoreFSCache.dylib
dyld[27775]: <73E7DA57-8DE9-31CF-B2A7-C76AE86AFD95> /System/Library/PrivateFrameworks/GPUCompiler.framework/Versions/32023/Libraries/libGPUCompilerUtils.dylib
dyld[27775]: <7257DEA3-5564-37D5-8127-6B99B468086C> /System/Library/Frameworks/UniformTypeIdentifiers.framework/Versions/A/UniformTypeIdentifiers
dyld[27775]: <B268CD9F-4A49-3922-87B2-EF2E9D79C84A> /System/Library/Frameworks/ExtensionFoundation.framework/Versions/A/ExtensionFoundation
dyld[27775]: <E2F8ED73-2343-31CA-8ECD-E6AFF961F3F3> /System/Library/PrivateFrameworks/AppServerSupport.framework/Versions/A/AppServerSupport
dyld[27775]: <A99788CE-EB44-3D3D-9744-E3C954A60A9C> /System/Library/PrivateFrameworks/OSEligibility.framework/Versions/A/OSEligibility
dyld[27775]: <BE117579-A37D-334A-BB28-C92B631C70EA> /System/Library/Frameworks/LightweightCodeRequirements.framework/Versions/A/LightweightCodeRequirements
dyld[27775]: <4D893E1E-43E5-37EF-8107-54B591DB51FD> /System/Library/PrivateFrameworks/PlugInKit.framework/Versions/A/PlugInKit
dyld[27775]: <BFF9A39A-0993-32C8-97CA-F05123B6D637> /System/Library/PrivateFrameworks/AssertionServices.framework/Versions/A/AssertionServices
dyld[27775]: <5A1BDD04-B18E-3912-9495-D6A0E68C651D> /System/Library/Frameworks/OpenGL.framework/Versions/A/OpenGL
dyld[27775]: <EEF6CD71-D4F2-3E40-A384-182F8C759DBA> /System/Library/Frameworks/OpenGL.framework/Versions/A/Libraries/libGLU.dylib
dyld[27775]: <85288155-D6EA-3A26-8C67-B29B86DBC078> /System/Library/Frameworks/OpenGL.framework/Versions/A/Libraries/libGFXShared.dylib
dyld[27775]: <C8DC9856-2698-33F7-8504-DC487FC7A587> /System/Library/Frameworks/OpenGL.framework/Versions/A/Libraries/libGL.dylib
dyld[27775]: <5B5C65E1-9C6F-35E7-898B-262620A48732> /System/Library/Frameworks/OpenGL.framework/Versions/A/Libraries/libGLImage.dylib
dyld[27775]: <3EEBC175-D1EE-33ED-AC74-46CF9407BCCF> /System/Library/Frameworks/OpenGL.framework/Versions/A/Libraries/libCVMSPluginSupport.dylib
dyld[27775]: <905C5BF2-A3B1-33EB-866E-7531DA0C5F25> /System/Library/Frameworks/OpenGL.framework/Versions/A/Libraries/libCoreVMClient.dylib
dyld[27775]: <15B01036-B49F-3F5B-A707-160A9A966F85> /System/Library/Frameworks/OSLog.framework/Versions/A/OSLog
dyld[27775]: <A3261405-F7E6-33E8-B602-F974DBE7755E> /System/Library/Frameworks/CoreImage.framework/Versions/A/CoreImage
dyld[27775]: <99856DF2-43E3-3A8A-BA57-7FDE223BAC31> /System/Library/PrivateFrameworks/PhotosensitivityProcessing.framework/Versions/A/PhotosensitivityProcessing
dyld[27775]: <E4D8DF99-3893-3186-8111-30F76BA79BBE> /System/Library/PrivateFrameworks/TimeSync.framework/Versions/A/TimeSync
dyld[27775]: <292767C2-D857-3F86-9927-AFD76B94A9E8> /System/Library/Frameworks/OpenCL.framework/Versions/A/OpenCL
dyld[27775]: <A81CE161-2DEE-3874-857C-F62A3F52D546> /System/Library/PrivateFrameworks/GraphVisualizer.framework/Versions/A/GraphVisualizer
dyld[27775]: <978BFA5B-F1C1-3DF9-97EF-97D1939B833E> /System/Library/PrivateFrameworks/FontServices.framework/Versions/A/FontServices
dyld[27775]: <D990E4B5-60F8-312E-B601-14C9C229E467> /System/Library/PrivateFrameworks/OTSVG.framework/Versions/A/OTSVG
dyld[27775]: <0CB0E38A-C4C2-3D11-82E7-58E6D0521962> /System/Library/Frameworks/ApplicationServices.framework/Versions/A/Frameworks/ATS.framework/Versions/A/Resources/libFontRegistry.dylib
dyld[27775]: <915076EF-B8FE-3FCA-9F99-C8B057714C60> /usr/lib/libhvf.dylib
dyld[27775]: <407A0D0C-CAD7-3C21-AB16-A5B6A26672AD> /System/Library/PrivateFrameworks/ParsingInternal.framework/Versions/A/ParsingInternal
dyld[27775]: <03B97D75-2482-347A-A7FD-5A42CD05C821> /System/Library/PrivateFrameworks/FontServices.framework/libXTFontStaticRegistryData.dylib
dyld[27775]: <17646168-5B29-3666-8FAE-1DD76C0D8EAB> /System/Library/Frameworks/MetalPerformanceShaders.framework/Versions/A/Frameworks/MPSCore.framework/Versions/A/MPSCore
dyld[27775]: <3E61A2F0-BFA0-346E-9C32-7B6366909295> /System/Library/Frameworks/MetalPerformanceShaders.framework/Versions/A/Frameworks/MPSImage.framework/Versions/A/MPSImage
dyld[27775]: <5B76C886-9E0C-3454-A7F6-FB76175DB8FC> /System/Library/Frameworks/MetalPerformanceShaders.framework/Versions/A/Frameworks/MPSNeuralNetwork.framework/Versions/A/MPSNeuralNetwork
dyld[27775]: <6DFEEF33-43FF-3679-8A12-A23A82768E06> /System/Library/Frameworks/MetalPerformanceShaders.framework/Versions/A/Frameworks/MPSMatrix.framework/Versions/A/MPSMatrix
dyld[27775]: <5E06F6DE-332C-3C46-B225-278701805B44> /System/Library/Frameworks/MetalPerformanceShaders.framework/Versions/A/Frameworks/MPSRayIntersector.framework/Versions/A/MPSRayIntersector
dyld[27775]: <530AFC24-8A84-3B7A-9601-9608EA68391C> /System/Library/Frameworks/MetalPerformanceShaders.framework/Versions/A/Frameworks/MPSNDArray.framework/Versions/A/MPSNDArray
dyld[27775]: <3C6622F5-AB60-3265-826E-BCA11E76B3C9> /System/Library/Frameworks/MetalPerformanceShaders.framework/Versions/A/Frameworks/MPSFunctions.framework/Versions/A/MPSFunctions
dyld[27775]: <34C6F278-549D-3DBF-B88F-0591576512C3> /System/Library/Frameworks/MetalPerformanceShaders.framework/Versions/A/Frameworks/MPSBenchmarkLoop.framework/Versions/A/MPSBenchmarkLoop
dyld[27775]: <68535808-29A7-3C3B-9A6F-65358A8DECAD> /System/Library/Frameworks/MetalPerformanceShaders.framework/Versions/A/Frameworks/MPSHost.framework/Versions/A/MPSHost
dyld[27775]: <A21482D3-238A-3B8C-B9BF-0D03C46838BA> /System/Library/PrivateFrameworks/MetalTools.framework/Versions/A/MetalTools
dyld[27775]: <4C88B61F-FAA2-3AD1-8071-964F431680EF> /System/Library/PrivateFrameworks/MTL3On4.framework/Versions/A/MTL3On4
dyld[27775]: <9708579B-01E6-37FD-833F-BF8B65BC1CD9> /System/Library/PrivateFrameworks/IOAccelMemoryInfo.framework/Versions/A/IOAccelMemoryInfo
dyld[27775]: <331AC831-6827-362F-ACEE-EFE5C659A704> /System/Library/PrivateFrameworks/kperf.framework/Versions/A/kperf
dyld[27775]: <6B32B025-E4AC-3DBB-82A0-00C207DE3E9A> /System/Library/PrivateFrameworks/GPURawCounter.framework/Versions/A/GPURawCounter
dyld[27775]: <3033C83E-4D72-387E-BCE1-40B939E40FE1> /System/Library/PrivateFrameworks/IOKitten.framework/Versions/A/IOKitten
dyld[27775]: <BC05C7BC-39DB-3B80-BD79-9E0CF91CF33F> /System/Library/PrivateFrameworks/GraphicsServices.framework/Versions/A/GraphicsServices
dyld[27775]: <6F894094-DB42-3AC6-A636-A0015BD59420> /System/Library/PrivateFrameworks/GPUWrangler.framework/Versions/A/GPUWrangler
dyld[27775]: <387FE772-E201-30A4-9821-921F933E1C32> /System/Library/PrivateFrameworks/IOPresentment.framework/Versions/A/IOPresentment
dyld[27775]: <AE90E5E9-AFCB-355A-9F1E-F07059234C3C> /System/Library/PrivateFrameworks/DSExternalDisplay.framework/Versions/A/DSExternalDisplay
dyld[27775]: <142B5394-5EF4-3DB5-8338-21142138F677> /System/Library/PrivateFrameworks/VideoToolboxParavirtualizationSupport.framework/Versions/A/VideoToolboxParavirtualizationSupport
dyld[27775]: <DEC7945F-002C-38A7-B953-8BE56978396B> /System/Library/PrivateFrameworks/AppleVA.framework/Versions/A/AppleVA
dyld[27775]: <6805618D-047A-3C18-81FB-97E125C28BB2> /System/Library/PrivateFrameworks/CMCaptureCore.framework/Versions/A/CMCaptureCore
dyld[27775]: <33B3AF2C-F0FF-35F2-AAD1-2EF022499FA3> /usr/lib/libspindump.dylib
dyld[27775]: <841E8C95-2A2D-38A2-B853-8515D77D35C8> /System/Library/Frameworks/CoreAudio.framework/Versions/A/CoreAudio
dyld[27775]: <90A1C830-262E-3EE3-8447-01920F98415D> /System/Library/PrivateFrameworks/PowerLog.framework/Versions/A/PowerLog
dyld[27775]: <817C9244-399D-3772-9C13-72E2615D6F13> /System/Library/PrivateFrameworks/perfdata.framework/Versions/A/perfdata
dyld[27775]: <ED900A02-C2C6-3D27-91F3-6CF8F49E215D> /System/Library/PrivateFrameworks/AudioDSPGraph.framework/Versions/A/AudioDSPGraph
dyld[27775]: <D49534DE-23DB-3DF8-9E57-CF109A0E0487> /System/Library/PrivateFrameworks/AudioToolboxCore.framework/Versions/A/AudioToolboxCore
dyld[27775]: <721501E5-6354-3993-8513-C0B082F99154> /System/Library/PrivateFrameworks/caulk.framework/Versions/A/caulk
dyld[27775]: <947C4A72-B340-36F8-9CA3-9B6FB05956E1> /usr/lib/libAudioStatistics.dylib
dyld[27775]: <AD7D739F-76E6-3D58-BED7-BE7837085D30> /System/Library/PrivateFrameworks/SystemPolicy.framework/Versions/A/SystemPolicy
dyld[27775]: <993FDB0F-6C99-311F-B623-3260507145CF> /usr/lib/swift/libswiftCoreMIDI.dylib
dyld[27775]: <F4D9E702-2926-3C27-BF5F-6938A6A2DB8D> /System/Library/Frameworks/CoreMIDI.framework/Versions/A/CoreMIDI
dyld[27775]: <EFAB9F63-ADCA-3368-8C5A-EBE60BFCB8F8> /usr/lib/libperfcheck.dylib
dyld[27775]: <098255BA-32F4-3596-8584-D965FB16AEB9> /System/Library/PrivateFrameworks/AudioAnalytics.framework/Versions/A/AudioAnalytics
dyld[27775]: <BF49B46A-B64A-3017-B6FB-CAF616D2E631> /usr/lib/libmis.dylib
dyld[27775]: <F7A5EF62-DA8F-3FD4-B89E-409F16DD1F34> /System/Library/PrivateFrameworks/HIDDisplay.framework/Versions/A/HIDDisplay
dyld[27775]: <A10B4E46-70E2-361B-9449-4AFFDB1EBAFD> /System/Library/PrivateFrameworks/HID.framework/Versions/A/HID
dyld[27775]: <CBB688F9-32AB-327F-98A3-A2B9FB8CB29F> /System/Library/PrivateFrameworks/TextInput.framework/Versions/A/TextInput
dyld[27775]: <AE2DE6A1-DB51-3BF1-9BC6-3EC89B1DD2A3> /System/Library/PrivateFrameworks/CVNLP.framework/Versions/A/CVNLP
dyld[27775]: <77AFED3B-48BE-3018-B802-81E5DF334675> /System/Library/PrivateFrameworks/LanguageModeling.framework/Versions/A/LanguageModeling
dyld[27775]: <C63045E7-84CA-3E9A-90E1-282C92A6C601> /System/Library/PrivateFrameworks/DataDetectorsCore.framework/Versions/A/DataDetectorsCore
dyld[27775]: <84633B20-A721-3A05-A852-EEB2B2AFE71F> /System/Library/PrivateFrameworks/Futhark.framework/Versions/A/Futhark
dyld[27775]: <961FBB9E-EA7A-304D-B367-5C1A3AEA9B99> /System/Library/PrivateFrameworks/VisionCore.framework/Versions/A/VisionCore
dyld[27775]: <44F1BE31-5290-37C5-AB06-F9EDC95F5D6E> /System/Library/PrivateFrameworks/LinguisticData.framework/Versions/A/LinguisticData
dyld[27775]: <AA4E282F-B20A-3621-89CC-6C754797CD84> /System/Library/Frameworks/CoreML.framework/Versions/A/CoreML
dyld[27775]: <AEF65684-CCBA-320F-84F9-539379A3DBAB> /System/Library/Frameworks/NaturalLanguage.framework/Versions/A/NaturalLanguage
dyld[27775]: <B1E45316-860C-3144-9A30-F18EB7E1AE27> /System/Library/PrivateFrameworks/Espresso.framework/Versions/A/Espresso
dyld[27775]: <E8FBFD1B-74F0-371A-A315-DE4A7C00BBF9> /System/Library/PrivateFrameworks/Lexicon.framework/Versions/A/Lexicon
dyld[27775]: <47558A3F-2BAC-3921-B5FB-A7608347263A> /System/Library/Frameworks/DataDetection.framework/Versions/A/DataDetection
dyld[27775]: <3CFAEB78-F004-38DB-9CC6-58DB7A907A61> /System/Library/PrivateFrameworks/AppleNeuralEngine.framework/Versions/A/AppleNeuralEngine
dyld[27775]: <B8F45647-CF81-3569-B623-69FB7154B44A> /usr/lib/swift/libswiftCoreImage.dylib
dyld[27775]: <15B107F6-CE74-3068-A579-D18393EE7CA3> /usr/lib/swift/libswiftMLCompute.dylib
dyld[27775]: <6EC0FA30-EDBA-36FF-92E3-3A9A6BB04F5D> /usr/lib/swift/libswiftNaturalLanguage.dylib
dyld[27775]: <AD161A31-83B0-3086-8BFD-83E60B0D56B3> /System/Library/PrivateFrameworks/InternationalSupport.framework/Versions/A/InternationalSupport
dyld[27775]: <E8E1B645-35AB-36AE-90AA-08525F1369F4> /System/Library/PrivateFrameworks/CMPhoto.framework/Versions/A/CMPhoto
dyld[27775]: <63807678-66DD-38C0-B6B5-537AF33BC5B4> /System/Library/Frameworks/MediaToolbox.framework/Versions/A/MediaToolbox
dyld[27775]: <90444795-D8B0-3B5A-9771-6A7BEBABCFA7> /System/Library/PrivateFrameworks/Montreal.framework/Versions/A/Montreal
dyld[27775]: <8D2DEB18-942B-365D-BB7A-17373D21D47A> /System/Library/PrivateFrameworks/ByteMatrixVerification.framework/Versions/A/ByteMatrixVerification
dyld[27775]: <C2D5CDE0-EED3-3982-AD60-111FD7240741> /usr/lib/libFDRDecode.dylib
dyld[27775]: <F7E2A0E7-EE96-3EB5-B1D8-ED585046BBB9> /System/Library/PrivateFrameworks/AppleJPEGXL.framework/Versions/A/AppleJPEGXL
dyld[27775]: <4BEF4480-2A14-3E5F-A072-2093CDC92E45> /System/Library/Frameworks/CryptoKit.framework/Versions/A/CryptoKit
dyld[27775]: <ADF3D781-AD06-3443-9D41-322930384F56> /usr/lib/swift/libswiftCompression.dylib
dyld[27775]: <B41605FE-3861-34CB-B566-5E0E723FFA1C> /System/Library/PrivateFrameworks/CryptoKitPrivate.framework/Versions/A/CryptoKitPrivate
dyld[27775]: <A19F34CD-B02D-3108-B5FE-56F9713FD303> /System/Library/PrivateFrameworks/CryptoKitCBridging.framework/Versions/A/CryptoKitCBridging
dyld[27775]: <AF9CF31C-DD15-3A4D-AA5A-EC0B1BF5D30D> /System/Library/Frameworks/CryptoTokenKit.framework/Versions/A/CryptoTokenKit
dyld[27775]: <0FE07D84-AAF0-3468-8B09-81CFBDE17CB7> /System/Library/Frameworks/LocalAuthentication.framework/Versions/A/LocalAuthentication
dyld[27775]: <7B463B6F-6F1A-3C56-A750-D3B219159803> /System/Library/Frameworks/OpenDirectory.framework/Versions/A/OpenDirectory
dyld[27775]: <CC36DBBE-87E2-30A8-91A1-8FAF538B612C> /System/Library/PrivateFrameworks/LocalAuthenticationCore.framework/Versions/A/LocalAuthenticationCore
dyld[27775]: <171BA905-31E4-3676-931A-8C664EE9E082> /System/Library/PrivateFrameworks/LocalAuthenticationCredentialServices.framework/Versions/A/LocalAuthenticationCredentialServices
dyld[27775]: <BBE9191E-4B57-3C6B-9101-079C733F1C51> /System/Library/Frameworks/LocalAuthentication.framework/Support/SharedUtils.framework/Versions/A/SharedUtils
dyld[27775]: <76B1549A-4465-306F-9973-CC308D5F2823> /System/Library/PrivateFrameworks/DFRFoundation.framework/Versions/A/DFRFoundation
dyld[27775]: <AABD02FA-1F30-382C-9923-D4EC57D0BC69> /System/Library/PrivateFrameworks/DiskManagement.framework/Versions/A/DiskManagement
dyld[27775]: <527609C4-382A-368F-8CD6-5B3F2439B02C> /usr/lib/libcsfde.dylib
dyld[27775]: <9BE2B7B1-1E38-3462-8B1E-9275D5959679> /usr/lib/libCoreStorage.dylib
dyld[27775]: <3A8A9B4A-8B63-34EE-BD87-A34132BE3BC6> /System/Library/PrivateFrameworks/MediaKit.framework/Versions/A/MediaKit
dyld[27775]: <EB8ECED3-E112-3FCA-B394-62B74BA320EE> /System/Library/Frameworks/DiscRecording.framework/Versions/A/DiscRecording
dyld[27775]: <DF8CC588-5743-39D3-9A88-D3B370A175DD> /System/Library/PrivateFrameworks/ProtectedCloudStorage.framework/Versions/A/ProtectedCloudStorage
dyld[27775]: <5A580638-19C0-32E9-9A75-2956B04F8CC6> /System/Library/PrivateFrameworks/EFILogin.framework/Versions/A/EFILogin
dyld[27775]: <769A50BA-A8FB-314D-86A0-3AD2901A0708> /System/Library/PrivateFrameworks/AAAFoundation.framework/Versions/A/AAAFoundation
dyld[27775]: <0387B274-4C88-3D85-883F-E8F075E82EB4> /System/Library/Frameworks/Accounts.framework/Versions/A/Accounts
dyld[27775]: <A16082B4-AD51-3DCE-9C9E-FDB5602CC21A> /System/Library/PrivateFrameworks/CloudServices.framework/Versions/A/CloudServices
dyld[27775]: <605AFA6E-A8B0-327B-9089-608CA148CAD8> /System/Library/PrivateFrameworks/OctagonTrust.framework/Versions/A/OctagonTrust
dyld[27775]: <35BB52C0-B1AD-3EE5-96E2-53D6B1951B93> /System/Library/PrivateFrameworks/AppleIDAuthSupport.framework/Versions/A/AppleIDAuthSupport
dyld[27775]: <159AF37E-0867-3D07-A69E-824BD8903716> /System/Library/Frameworks/SecurityFoundation.framework/Versions/A/SecurityFoundation
dyld[27775]: <0C129C74-2E37-310A-A8E6-8AC4ADAD0AAA> /System/Library/PrivateFrameworks/KeychainCircle.framework/Versions/A/KeychainCircle
dyld[27775]: <C9FF5385-781F-33DC-9C13-1FFCFC468648> /System/Library/PrivateFrameworks/AuthKit.framework/Versions/A/AuthKit
dyld[27775]: <12579D2E-6604-3544-84E6-FB8979E3559D> /System/Library/PrivateFrameworks/MultiverseSupport.framework/Versions/A/MultiverseSupport
dyld[27775]: <0255A015-1B74-3375-8F24-D31E9C2EC9DA> /System/Library/PrivateFrameworks/URLFormatting.framework/Versions/A/URLFormatting
dyld[27775]: <7653D810-0E5D-3C66-82BC-E1512B9C9F77> /System/Library/Frameworks/AudioToolbox.framework/Versions/A/AudioToolbox
dyld[27775]: <4EE95459-2749-3BC5-A994-742A10E7C348> /System/Library/PrivateFrameworks/AudioSession.framework/Versions/A/AudioSession
dyld[27775]: <8FDD8E92-0733-3307-B8A3-8B24D72200AE> /System/Library/PrivateFrameworks/MediaExperience.framework/Versions/A/MediaExperience
dyld[27775]: <D633876D-96AC-3E60-B39A-EE31432E0895> /System/Library/PrivateFrameworks/AudioSession.framework/libSessionUtility.dylib
dyld[27775]: <45892799-7C1B-354A-9DA9-4DB3AF6F6619> /System/Library/PrivateFrameworks/AudioAccessoryServices.framework/Versions/A/AudioAccessoryServices
dyld[27775]: <D720EC05-3D61-36F4-9D43-66C2E8F4C33F> /System/Library/Frameworks/CoreBluetooth.framework/Versions/A/CoreBluetooth
dyld[27775]: <5242566F-399F-3413-8527-9E07EAA30FA5> /System/Library/PrivateFrameworks/CoreUtils.framework/Versions/A/CoreUtils
dyld[27775]: <A67F066D-DD49-3C07-9A00-7B29AC4929F2> /System/Library/PrivateFrameworks/Sharing.framework/Versions/A/Sharing
dyld[27775]: <0CAE9BCA-0D1B-3C12-A633-9F32EE9C63A0> /System/Library/PrivateFrameworks/CoreUtilsExtras.framework/Versions/A/CoreUtilsExtras
dyld[27775]: <467E4D50-66AF-32AF-BF16-FABBB69358A1> /System/Library/PrivateFrameworks/IO80211.framework/Versions/A/IO80211
dyld[27775]: <B5D6F1E0-D8E9-382F-8CC0-5E73DED9E4E8> /System/Library/PrivateFrameworks/AutoUnlock.framework/Versions/A/AutoUnlock
dyld[27775]: <2B4D5780-E640-3452-BE02-324F33BABCEE> /System/Library/PrivateFrameworks/IDSFoundation.framework/Versions/A/IDSFoundation
dyld[27775]: <29732E9A-6649-348E-8B06-8DFE3282AF52> /System/Library/PrivateFrameworks/IconServices.framework/Versions/A/IconServices
dyld[27775]: <2DCC8AA2-3642-37AA-906A-CDB18D421495> /System/Library/PrivateFrameworks/Apple80211.framework/Versions/A/Apple80211
dyld[27775]: <9A6F1D46-9554-34FE-9814-584B1442C82F> /System/Library/PrivateFrameworks/CoreWiFi.framework/Versions/A/CoreWiFi
dyld[27775]: <1A32F012-DF6F-3ED9-A869-57A59484364A> /System/Library/Frameworks/CoreWLAN.framework/Versions/A/CoreWLAN
dyld[27775]: <0F8909E8-5FEB-30F4-9F0C-452BA0426366> /System/Library/Frameworks/IOBluetooth.framework/Versions/A/IOBluetooth
dyld[27775]: <15E2350E-1E7F-3101-B816-E0438873739E> /System/Library/PrivateFrameworks/SharingCore.framework/Versions/A/SharingCore
dyld[27775]: <BC7BFCF2-2120-3313-A501-81E5E2030022> /usr/lib/swift/libswiftCoreLocation.dylib
dyld[27775]: <4484AE3C-DD6E-3D6E-B682-78031760A8DC> /System/Library/PrivateFrameworks/BiometricKit.framework/Versions/A/BiometricKit
dyld[27775]: <EA313BBC-AAAB-3716-96FA-D224A66180A9> /System/Library/PrivateFrameworks/IMFoundation.framework/Versions/A/IMFoundation
dyld[27775]: <1C5863F1-C561-3D38-8076-718C228371A4> /System/Library/PrivateFrameworks/Marco.framework/Versions/A/Marco
dyld[27775]: <C9B179FF-3071-35D9-B3CE-932C1845FA53> /System/Library/PrivateFrameworks/CommonUtilities.framework/Versions/A/CommonUtilities
dyld[27775]: <1B54007D-5CC2-3424-8101-F06E4C9201EF> /System/Library/PrivateFrameworks/Engram.framework/Versions/A/Engram
dyld[27775]: <DDCCA426-41C2-33FC-92D5-810AF76E1702> /System/Library/PrivateFrameworks/XPCDistributed.framework/Versions/A/XPCDistributed
dyld[27775]: <60F263CC-53CC-3454-A069-5C50D9D16D19> /usr/lib/libtidy.A.dylib
dyld[27775]: <6E40173C-0E6F-350B-832B-BD14D3552376> /System/Library/PrivateFrameworks/Bom.framework/Versions/A/Bom
dyld[27775]: <50396DE2-F322-317E-9ED6-FBD03C6DEC07> /usr/lib/libParallelCompression.dylib
dyld[27775]: <56CA8F0D-7FDF-38DD-9B54-C141FAEA16D4> /System/Library/PrivateFrameworks/IconFoundation.framework/Versions/A/IconFoundation
dyld[27775]: <FD60E3A6-E6B6-3F30-888C-E3C7C2795522> /System/Library/PrivateFrameworks/SiriAvailability.framework/Versions/A/SiriAvailability
dyld[27775]: <2E100945-8CFA-3D2B-B98B-346599B9AA7D> /System/Library/PrivateFrameworks/IconRendering.framework/Versions/A/IconRendering
dyld[27775]: <60DF4BCA-CAB3-3E8D-949E-F4999B9F65AB> /System/Library/PrivateFrameworks/CoreUI.framework/Versions/A/CoreUI
dyld[27775]: <51EDA369-341F-3AAA-84D9-354FAC00A73D> /System/Library/PrivateFrameworks/SFSymbols.framework/Versions/A/SFSymbols
dyld[27775]: <0CEB8553-8176-3B75-BCC3-B98FD7B64222> /System/Library/Frameworks/DeveloperToolsSupport.framework/Versions/A/DeveloperToolsSupport
dyld[27775]: <D0756662-35F8-3277-89DA-20FFABC3912B> /System/Library/PrivateFrameworks/RenderBox.framework/Versions/A/RenderBox
dyld[27775]: <BFAE1E75-29E4-33ED-8E0E-3CFCAF6A5B44> /System/Library/PrivateFrameworks/CoreSVG.framework/Versions/A/CoreSVG
dyld[27775]: <77C5ABD2-6C4C-388B-BBA5-367439EB7A43> /System/Library/PrivateFrameworks/TextureIO.framework/Versions/A/TextureIO
dyld[27775]: <1C8E48C6-0401-396B-A010-1ECE51273DFC> /System/Library/PrivateFrameworks/WallpaperServices.framework/Versions/A/WallpaperServices
dyld[27775]: <853DEB4C-3BD6-36C7-8239-9107D89EA9C4> /System/Library/Frameworks/ApplicationServices.framework/Versions/A/Frameworks/ATSUI.framework/Versions/A/ATSUI
dyld[27775]: <9B2BB676-BE90-345E-8A8A-BEA1676AB68B> /usr/lib/libIOReport.dylib
dyld[27775]: <C2CE1513-E864-34FE-9C4C-001F9E0513CC> /System/Library/PrivateFrameworks/WiFiPeerToPeer.framework/Versions/A/WiFiPeerToPeer
dyld[27775]: <5839CD39-6FDD-3C38-9824-ACE3C0CF481D> /usr/lib/libmrc.dylib
dyld[27775]: <2301FE73-C531-3885-B40F-4738EE870E90> /System/Library/PrivateFrameworks/IPConfiguration.framework/Versions/A/IPConfiguration
dyld[27775]: <0C6D9FA0-04A6-3D85-B75A-4DF17EC09F8C> /System/Library/PrivateFrameworks/Netrb.framework/Versions/A/Netrb
dyld[27775]: <F903486D-99F2-36D4-8A40-0B5BCC1B2185> /System/Library/PrivateFrameworks/FrontBoardServices.framework/Versions/A/FrontBoardServices
dyld[27775]: <907B748E-473A-3849-BFD2-07DA41ECC310> /System/Library/Frameworks/UserNotifications.framework/Versions/A/UserNotifications
dyld[27775]: <6329118D-9F82-35CD-8F38-BF2E9164D2C9> /System/Library/Frameworks/AudioUnit.framework/Versions/A/AudioUnit
dyld[27775]: <2F38131E-65D3-3A73-BC81-5C11E4112219> /System/Library/Frameworks/OpenDirectory.framework/Versions/A/Frameworks/CFOpenDirectory.framework/Versions/A/CFOpenDirectory
dyld[27775]: <CF70348E-0296-3DBB-8D53-3E62A0D85EE3> /System/Library/Frameworks/CoreLocation.framework/Versions/A/CoreLocation
dyld[27775]: <34711F94-0941-34BA-996A-A8BB638EE164> /System/Library/Frameworks/_LocationEssentials.framework/Versions/A/_LocationEssentials
dyld[27775]: <5C3AB432-E7AC-3921-941B-0E89A7E6AFD5> /System/Library/PrivateFrameworks/GeoServices.framework/Versions/A/GeoServices
dyld[27775]: <7EFFF158-298B-325B-8314-F5BA8D7E3FED> /System/Library/PrivateFrameworks/LocationSupport.framework/Versions/A/LocationSupport
dyld[27775]: <CDAEADC8-8B91-3B94-9E0A-69AFFC3CB2D4> /System/Library/PrivateFrameworks/GeoServicesCore.framework/Versions/A/GeoServicesCore
dyld[27775]: <784A1908-25BF-3DB1-8B68-29B5A287C006> /System/Library/PrivateFrameworks/PhoneNumbers.framework/Versions/A/PhoneNumbers
dyld[27775]: <360ED100-A72C-3BFB-B101-810AC55C83BF> /System/Library/PrivateFrameworks/LocationLogEncryption.framework/Versions/A/LocationLogEncryption
dyld[27775]: <11C5EEC2-C956-3593-B8D4-7066BFB3512A> /System/Library/PrivateFrameworks/CoreAVCHD.framework/Versions/A/CoreAVCHD
dyld[27775]: <053FCEB1-DB3A-3E10-A847-50BBA8A87DA1> /System/Library/Frameworks/MediaAccessibility.framework/Versions/A/MediaAccessibility
dyld[27775]: <4EA93E87-F43D-36BF-809B-71C5E586F8B7> /System/Library/PrivateFrameworks/Mangrove.framework/Versions/A/Mangrove
dyld[27775]: <612C6422-6995-3705-9828-80746E6AE585> /System/Library/Frameworks/CoreTelephony.framework/Versions/A/CoreTelephony
dyld[27775]: <3D9400FD-DE08-369B-B198-8F469BF2B8BC> /System/Library/PrivateFrameworks/CoreAUC.framework/Versions/A/CoreAUC
dyld[27775]: <75EDE623-3DF9-3496-8B40-816490D812F9> /usr/lib/libTelephonyUtilDynamic.dylib
dyld[27775]: <5D868430-6DA7-3AF8-8CEE-2DEB15F4B192> /System/Library/PrivateFrameworks/CoreEmoji.framework/Versions/A/CoreEmoji
dyld[27775]: <E73478C8-8F83-3240-BD7C-9CC3A10045D0> /System/Library/PrivateFrameworks/ANECompiler.framework/Versions/A/ANECompiler
dyld[27775]: <6CFEF06D-3736-3ED1-8AD0-3D572BA40B7C> /System/Library/PrivateFrameworks/MIL.framework/Versions/A/MIL
dyld[27775]: <029BDE56-B432-3A93-B3A3-2077CBFB41D5> /System/Library/Frameworks/MetalPerformanceShadersGraph.framework/Versions/A/MetalPerformanceShadersGraph
dyld[27775]: <47F79F7A-7249-387B-A7A3-71E3EC827D35> /System/Library/PrivateFrameworks/MLCompilerServices.framework/Versions/A/MLCompilerServices
dyld[27775]: <8A3F4B2F-7D15-3502-A3E0-DFB638C2869B> /System/Library/PrivateFrameworks/ANEServices.framework/Versions/A/ANEServices
dyld[27775]: <76CE7CC7-FD55-3502-B779-4A91DD18FF5D> /usr/lib/libncurses.5.4.dylib
dyld[27775]: <8778B0B0-B0F5-392F-80F8-C887E9681637> /usr/lib/libsandbox.1.dylib
dyld[27775]: <A2A9BDCC-3899-3B83-9EC0-AEC976B982D8> /usr/lib/libMatch.1.dylib
dyld[27775]: <FB7857DE-3E3F-3C90-B036-8DD0455D0D08> /System/Library/SubFrameworks/CoreAIRuntime.framework/Versions/A/CoreAIRuntime
dyld[27775]: <104F010A-E00F-39A2-9F9C-CAB2CC58BA3D> /System/Library/SubFrameworks/CoreAICompiler.framework/Versions/A/CoreAICompiler
dyld[27775]: <9E341275-2A38-3485-98D7-29164C4B037B> /System/Library/SubFrameworks/CoreAICommon.framework/Versions/A/CoreAICommon
dyld[27775]: <67D8CBCF-BBE3-3EB9-9469-2E6E5B785B4D> /System/Library/PrivateFrameworks/ODIE.framework/Versions/A/ODIE
dyld[27775]: <AB3C7545-E8B1-3AF8-9A7D-D202DD418B87> /System/Library/PrivateFrameworks/ODIE.framework/Versions/A/Frameworks/libODIECompiler.dylib
dyld[27775]: <E3C98A58-B2AF-34E1-AEE1-D45EF4277C3A> /System/Library/PrivateFrameworks/MLCompilerRuntime.framework/Versions/A/MLCompilerRuntime
dyld[27775]: <552048BA-26FF-33F4-B930-BD7BA6AE144E> /System/Library/Frameworks/MLCompute.framework/Versions/A/MLCompute
dyld[27775]: <DF80DDDA-A31F-34DE-B7DF-F539753D01F2> /System/Library/PrivateFrameworks/MLAssetIO.framework/Versions/A/MLAssetIO
dyld[27775]: <AE3C698D-3483-385B-8779-376AA375E626> /usr/lib/libcmph.dylib
dyld[27775]: <7DBD644B-7057-3040-8EA7-6AA373EF6580> /System/Library/Frameworks/AVFoundation.framework/Versions/A/AVFoundation
dyld[27775]: <E6AD61A0-C5EC-353E-961A-F3EF577BEB85> /System/Library/Frameworks/AVFAudio.framework/Versions/A/AVFAudio
dyld[27775]: <7FDE88CB-E3AF-3C12-A702-D3C4F45451DE> /System/Library/PrivateFrameworks/AVFCore.framework/Versions/A/AVFCore
dyld[27775]: <B3079358-30B4-38A2-9E0F-0A53D4E92A06> /System/Library/PrivateFrameworks/AVFCapture.framework/Versions/A/AVFCapture
dyld[27775]: <B1F0F27E-9C2E-3484-8281-E08E0A587628> /System/Library/Frameworks/AVRouting.framework/Versions/A/AVRouting
dyld[27775]: <177C6363-8B15-3241-AA4C-3A136A1ADF9D> /System/Library/PrivateFrameworks/IsolatedCoreAudioClient.framework/Versions/A/IsolatedCoreAudioClient
dyld[27775]: <17F45734-E410-3651-83FB-6F4F72793016> /System/Library/PrivateFrameworks/Tightbeam.framework/Versions/A/Tightbeam
dyld[27775]: <C53B71E8-ACFF-36B6-9AE2-B19300E7EFD2> /System/Library/PrivateFrameworks/CoreAudioOrchestration.framework/Versions/A/CoreAudioOrchestration
dyld[27775]: <0598C108-FF3F-3E39-965A-93157CE836D1> /System/Library/PrivateFrameworks/AFKUser.framework/Versions/A/AFKUser
dyld[27775]: <3D3A9F4D-CA58-3FC3-913D-8075FE8B295A> /usr/lib/libAccessibility.dylib
dyld[27775]: <55D2FFAA-71A5-32A9-A873-3BC601CB8270> /System/Library/PrivateFrameworks/CMCapture.framework/Versions/A/CMCapture
dyld[27775]: <65F8A024-2225-3A19-BFFE-5851DE039386> /System/Library/PrivateFrameworks/CMImaging.framework/Versions/A/CMImaging
dyld[27775]: <57F8689D-358E-3F3D-99C8-DF20BA88E009> /System/Library/PrivateFrameworks/Quagga.framework/Versions/A/Quagga
dyld[27775]: <42FA413D-F41D-3EBA-A004-1A4BF131836F> /System/Library/Frameworks/CoreMediaIO.framework/Versions/A/CoreMediaIO
dyld[27775]: <034A20DE-D152-357C-A054-77A4FAFEFEEC> /System/Library/PrivateFrameworks/CMCaptureDevice.framework/Versions/A/CMCaptureDevice
dyld[27775]: <3208EA72-418C-3925-9B1B-63C6C4D6BED7> /System/Library/PrivateFrameworks/CinematicFraming.framework/Versions/A/CinematicFraming
dyld[27775]: <3AE4DEFB-4D32-3CB0-B374-99196B4278DA> /System/Library/PrivateFrameworks/ModelManagerServices.framework/Versions/A/ModelManagerServices
dyld[27775]: <B8147487-55D3-37E7-B3EA-CCC0F73F862D> /System/Library/Frameworks/CoreMotion.framework/Versions/A/CoreMotion
dyld[27775]: <DDD3E07F-7C08-3CD1-AB49-E92A1750A62C> /System/Library/PrivateFrameworks/DistributedSensing.framework/Versions/A/DistributedSensing
dyld[27775]: <C6BB1755-D0C6-32CD-88CC-A5B56EE50645> /System/Library/PrivateFrameworks/MobileBluetooth.framework/Versions/A/MobileBluetooth
dyld[27775]: <27091226-02BD-3686-BF0E-085096893D67> /System/Library/PrivateFrameworks/Rapport.framework/Versions/A/Rapport
dyld[27775]: <0F31BAE7-B2B6-3BCB-B2C6-B239449E2734> /System/Library/PrivateFrameworks/AppleIntelligenceReporting.framework/Versions/A/AppleIntelligenceReporting
dyld[27775]: <5DF01521-DA21-3FA2-9581-1D814B129B76> /usr/lib/libcups.2.dylib
dyld[27775]: <36818586-0927-335D-94A6-FACA52DAD4EF> /System/Library/Frameworks/Kerberos.framework/Versions/A/Kerberos
dyld[27775]: <778B1AA4-BAD7-376F-B3D2-9E4351381EB6> /System/Library/Frameworks/GSS.framework/Versions/A/GSS
dyld[27775]: <7A5E3B41-E1A5-31B8-8305-00D4886ADD73> /usr/lib/libresolv.9.dylib
dyld[27775]: <65B96FD7-F535-3837-ABC1-EE1D5A60ABDB> /System/Library/PrivateFrameworks/Heimdal.framework/Versions/A/Heimdal
dyld[27775]: <7B620A28-EDAD-3A85-9119-1E2B416CE165> /System/Library/Frameworks/Kerberos.framework/Versions/A/Libraries/libHeimdalProxy.dylib
dyld[27775]: <4784BF83-DC78-3E97-9A01-C529A57BBEFA> /System/Library/PrivateFrameworks/CommonAuth.framework/Versions/A/CommonAuth
dyld[27775]: <984C45FC-1DE2-3439-B962-8EAD027A77AB> /System/Library/PrivateFrameworks/AXCoreUtilities.framework/Versions/A/AXCoreUtilities
dyld[27775]: <FD85C228-E13C-34F9-9D7D-C0712CAFB078> /usr/lib/libedit.3.dylib
dyld[27775]: <A2032F2C-B284-348F-BDFC-381250C87359> /System/Library/PrivateFrameworks/AttributeGraph.framework/Versions/A/AttributeGraph
dyld[27775]: <C084AEF8-370C-3E7E-B6BF-DA09B3A6CA0C> /usr/lib/libAXSafeCategoryBundle.dylib
dyld[27775]: <41699BFD-38D3-3314-8B07-D89CB3314E07> /System/Library/Frameworks/TabularData.framework/Versions/A/TabularData
dyld[27775]: <D5AF6F43-2DF9-32FB-8D9B-3B210FE9DF98> /System/Library/PrivateFrameworks/ArgumentParserInternal.framework/Versions/A/ArgumentParserInternal
dyld[27775]: <5F24A8BE-71E7-31BD-B08B-87B902940ACE> /System/Library/Frameworks/Accelerate.framework/Versions/A/Frameworks/vecLib.framework/Versions/A/libvDSP.dylib
dyld[27775]: <9652335A-F8D7-3B4A-ACB7-7DE6416BC466> /System/Library/Frameworks/Accelerate.framework/Versions/A/Frameworks/vecLib.framework/Versions/A/libLAPACK.dylib
dyld[27775]: <1DE99C65-6A3D-355A-8A86-094C3E0E964A> /System/Library/Frameworks/Accelerate.framework/Versions/A/Frameworks/vecLib.framework/Versions/A/libLinearAlgebra.dylib
dyld[27775]: <0E3488EF-0F47-39A1-A1CC-CDBC16D486B9> /System/Library/Frameworks/Accelerate.framework/Versions/A/Frameworks/vecLib.framework/Versions/A/libSparseBLAS.dylib
dyld[27775]: <C802FD74-589B-385F-8928-ACAA5F6F7FC5> /System/Library/Frameworks/Accelerate.framework/Versions/A/Frameworks/vecLib.framework/Versions/A/libQuadrature.dylib
dyld[27775]: <8CED8CD6-005C-3320-A862-FBD989F44C50> /System/Library/Frameworks/Accelerate.framework/Versions/A/Frameworks/vecLib.framework/Versions/A/libBNNS.dylib
dyld[27775]: <FFED5D83-AABF-3832-B0C0-6417CDB3AC0F> /System/Library/Frameworks/Accelerate.framework/Versions/A/Frameworks/vecLib.framework/Versions/A/libSparse.dylib
dyld[27775]: <8BCEEB80-860E-31E3-82D3-19AA45B6C8A4> /usr/lib/libapp_launch_measurement.dylib
dyld[27775]: <AD67DE6D-1296-374B-BF2A-B6EDCC811F6D> /System/Library/PrivateFrameworks/InstalledContentLibrary.framework/Versions/A/InstalledContentLibrary
dyld[27775]: <11F768F3-A56B-396F-B00D-3FC186B5476B> /System/Library/PrivateFrameworks/CoreServicesStore.framework/Versions/A/CoreServicesStore
dyld[27775]: <71573CF6-9FE6-386F-AEE4-E439FFE15829> /System/Library/PrivateFrameworks/AppleMobileFileIntegrity.framework/Versions/A/AppleMobileFileIntegrity
dyld[27775]: <FBC60DCF-D42B-3D08-B58C-A667E28E8B80> /System/Library/PrivateFrameworks/MobileSystemServices.framework/Versions/A/MobileSystemServices
dyld[27775]: <74D3A61E-85C1-355C-80CA-9B7F2D6C2EDE> /System/Library/PrivateFrameworks/ConfigProfileHelper.framework/Versions/A/ConfigProfileHelper
dyld[27775]: <B97F2F85-7D93-39F9-8818-0D15E7FC9C83> /usr/lib/libxslt.1.dylib
dyld[27775]: <3E9AEDC3-E785-3F03-BD6D-E96E3B23F19A> /System/Library/PrivateFrameworks/BackgroundTaskManagement.framework/Versions/A/BackgroundTaskManagement
dyld[27775]: <6EACD1BE-2F93-35BF-BE65-9A936994473D> /usr/lib/libcurl.4.dylib
dyld[27775]: <31BB8ED0-21DB-3DDB-BF06-489A37C06BC3> /usr/lib/libcrypto.46.dylib
dyld[27775]: <19CB2D19-0977-3813-9147-7409AA190486> /usr/lib/libssl.48.dylib
dyld[27775]: <8E111D97-BEBB-3C0D-9CDD-300BDF7D91E9> /System/Library/Frameworks/LDAP.framework/Versions/A/LDAP
dyld[27775]: <F639BC9D-D643-36EB-947D-E8C6FCCAF506> /System/Library/PrivateFrameworks/TrustEvaluationAgent.framework/Versions/A/TrustEvaluationAgent
dyld[27775]: <3D1F6EBF-66CF-3AFE-9EC6-946AC68BA8EF> /usr/lib/libsasl2.2.dylib
dyld[27775]: <B2F31AE9-FA1F-3D55-BE68-A2301B8FF7C1> /System/Library/PrivateFrameworks/NetAuth.framework/Versions/A/NetAuth
dyld[27775]: <2B75C856-223B-39C6-B787-015DD8EE4BFB> /System/Library/PrivateFrameworks/login.framework/Versions/A/Frameworks/loginsupport.framework/Versions/A/loginsupport
dyld[27775]: move loaded to delayed: libcmark-gfm.dylib
dyld[27775]: move loaded to delayed: libCGInterfaces.dylib
dyld[27775]: move loaded to delayed: AccelerateGPU
dyld[27775]: move loaded to delayed: ApplicationServices
dyld[27775]: move loaded to delayed: ATS
dyld[27775]: move loaded to delayed: HIServices
dyld[27775]: move loaded to delayed: PrintCore
dyld[27775]: move loaded to delayed: QD
dyld[27775]: move loaded to delayed: ColorSyncLegacy
dyld[27775]: move loaded to delayed: SpeechSynthesis
dyld[27775]: move loaded to delayed: TextRecognition
dyld[27775]: move loaded to delayed: AudioDSPGraph
dyld[27775]: move loaded to delayed: TextInput
dyld[27775]: move loaded to delayed: CVNLP
dyld[27775]: move loaded to delayed: LanguageModeling
dyld[27775]: move loaded to delayed: DataDetectorsCore
dyld[27775]: move loaded to delayed: Futhark
dyld[27775]: move loaded to delayed: VisionCore
dyld[27775]: move loaded to delayed: CoreML
dyld[27775]: move loaded to delayed: NaturalLanguage
dyld[27775]: move loaded to delayed: Espresso
dyld[27775]: move loaded to delayed: DataDetection
dyld[27775]: move loaded to delayed: AppleNeuralEngine
dyld[27775]: move loaded to delayed: libswiftCoreImage.dylib
dyld[27775]: move loaded to delayed: libswiftMLCompute.dylib
dyld[27775]: move loaded to delayed: libswiftNaturalLanguage.dylib
dyld[27775]: move loaded to delayed: InternationalSupport
dyld[27775]: move loaded to delayed: CMPhoto
dyld[27775]: move loaded to delayed: MediaToolbox
dyld[27775]: move loaded to delayed: Montreal
dyld[27775]: move loaded to delayed: ByteMatrixVerification
dyld[27775]: move loaded to delayed: libFDRDecode.dylib
dyld[27775]: move loaded to delayed: AppleJPEGXL
dyld[27775]: move loaded to delayed: CryptoKit
dyld[27775]: move loaded to delayed: libswiftCompression.dylib
dyld[27775]: move loaded to delayed: CryptoKitPrivate
dyld[27775]: move loaded to delayed: CryptoKitCBridging
dyld[27775]: move loaded to delayed: CryptoTokenKit
dyld[27775]: move loaded to delayed: LocalAuthentication
dyld[27775]: move loaded to delayed: LocalAuthenticationCore
dyld[27775]: move loaded to delayed: LocalAuthenticationCredentialServices
dyld[27775]: move loaded to delayed: SharedUtils
dyld[27775]: move loaded to delayed: DFRFoundation
dyld[27775]: move loaded to delayed: DiskManagement
dyld[27775]: move loaded to delayed: libcsfde.dylib
dyld[27775]: move loaded to delayed: libCoreStorage.dylib
dyld[27775]: move loaded to delayed: ProtectedCloudStorage
dyld[27775]: move loaded to delayed: EFILogin
dyld[27775]: move loaded to delayed: AAAFoundation
dyld[27775]: move loaded to delayed: Accounts
dyld[27775]: move loaded to delayed: CloudServices
dyld[27775]: move loaded to delayed: OctagonTrust
dyld[27775]: move loaded to delayed: AppleIDAuthSupport
dyld[27775]: move loaded to delayed: KeychainCircle
dyld[27775]: move loaded to delayed: AuthKit
dyld[27775]: move loaded to delayed: MultiverseSupport
dyld[27775]: move loaded to delayed: URLFormatting
dyld[27775]: move loaded to delayed: AudioAccessoryServices
dyld[27775]: move loaded to delayed: CoreBluetooth
dyld[27775]: move loaded to delayed: CoreUtils
dyld[27775]: move loaded to delayed: Sharing
dyld[27775]: move loaded to delayed: CoreUtilsExtras
dyld[27775]: move loaded to delayed: IO80211
dyld[27775]: move loaded to delayed: AutoUnlock
dyld[27775]: move loaded to delayed: IDSFoundation
dyld[27775]: move loaded to delayed: IconServices
dyld[27775]: move loaded to delayed: Apple80211
dyld[27775]: move loaded to delayed: CoreWiFi
dyld[27775]: move loaded to delayed: CoreWLAN
dyld[27775]: move loaded to delayed: IOBluetooth
dyld[27775]: move loaded to delayed: SharingCore
dyld[27775]: move loaded to delayed: libswiftCoreLocation.dylib
dyld[27775]: move loaded to delayed: BiometricKit
dyld[27775]: move loaded to delayed: IMFoundation
dyld[27775]: move loaded to delayed: Marco
dyld[27775]: move loaded to delayed: CommonUtilities
dyld[27775]: move loaded to delayed: Engram
dyld[27775]: move loaded to delayed: XPCDistributed
dyld[27775]: move loaded to delayed: libtidy.A.dylib
dyld[27775]: move loaded to delayed: Bom
dyld[27775]: move loaded to delayed: libParallelCompression.dylib
dyld[27775]: move loaded to delayed: IconFoundation
dyld[27775]: move loaded to delayed: SiriAvailability
dyld[27775]: move loaded to delayed: IconRendering
dyld[27775]: move loaded to delayed: CoreUI
dyld[27775]: move loaded to delayed: SFSymbols
dyld[27775]: move loaded to delayed: DeveloperToolsSupport
dyld[27775]: move loaded to delayed: RenderBox
dyld[27775]: move loaded to delayed: CoreSVG
dyld[27775]: move loaded to delayed: TextureIO
dyld[27775]: move loaded to delayed: WallpaperServices
dyld[27775]: move loaded to delayed: ATSUI
dyld[27775]: move loaded to delayed: libIOReport.dylib
dyld[27775]: move loaded to delayed: WiFiPeerToPeer
dyld[27775]: move loaded to delayed: libmrc.dylib
dyld[27775]: move loaded to delayed: IPConfiguration
dyld[27775]: move loaded to delayed: Netrb
dyld[27775]: move loaded to delayed: FrontBoardServices
dyld[27775]: move loaded to delayed: UserNotifications
dyld[27775]: move loaded to delayed: AudioUnit
dyld[27775]: move loaded to delayed: CoreLocation
dyld[27775]: move loaded to delayed: _LocationEssentials
dyld[27775]: move loaded to delayed: GeoServices
dyld[27775]: move loaded to delayed: LocationSupport
dyld[27775]: move loaded to delayed: GeoServicesCore
dyld[27775]: move loaded to delayed: PhoneNumbers
dyld[27775]: move loaded to delayed: LocationLogEncryption
dyld[27775]: move loaded to delayed: CoreAVCHD
dyld[27775]: move loaded to delayed: MediaAccessibility
dyld[27775]: move loaded to delayed: Mangrove
dyld[27775]: move loaded to delayed: CoreTelephony
dyld[27775]: move loaded to delayed: CoreAUC
dyld[27775]: move loaded to delayed: libTelephonyUtilDynamic.dylib
dyld[27775]: move loaded to delayed: CoreEmoji
dyld[27775]: move loaded to delayed: ANECompiler
dyld[27775]: move loaded to delayed: MetalPerformanceShadersGraph
dyld[27775]: move loaded to delayed: MLCompilerServices
dyld[27775]: move loaded to delayed: ANEServices
dyld[27775]: move loaded to delayed: libncurses.5.4.dylib
dyld[27775]: move loaded to delayed: libsandbox.1.dylib
dyld[27775]: move loaded to delayed: libMatch.1.dylib
dyld[27775]: move loaded to delayed: CoreAIRuntime
dyld[27775]: move loaded to delayed: CoreAICompiler
dyld[27775]: move loaded to delayed: CoreAICommon
dyld[27775]: move loaded to delayed: ODIE
dyld[27775]: move loaded to delayed: libODIECompiler.dylib
dyld[27775]: move loaded to delayed: MLCompilerRuntime
dyld[27775]: move loaded to delayed: MLCompute
dyld[27775]: move loaded to delayed: MLAssetIO
dyld[27775]: move loaded to delayed: libcmph.dylib
dyld[27775]: move loaded to delayed: AVFoundation
dyld[27775]: move loaded to delayed: AVFAudio
dyld[27775]: move loaded to delayed: AVFCore
dyld[27775]: move loaded to delayed: AVFCapture
dyld[27775]: move loaded to delayed: AVRouting
dyld[27775]: move loaded to delayed: IsolatedCoreAudioClient
dyld[27775]: move loaded to delayed: Tightbeam
dyld[27775]: move loaded to delayed: CoreAudioOrchestration
dyld[27775]: move loaded to delayed: AFKUser
dyld[27775]: move loaded to delayed: libAccessibility.dylib
dyld[27775]: move loaded to delayed: CMCapture
dyld[27775]: move loaded to delayed: CMImaging
dyld[27775]: move loaded to delayed: Quagga
dyld[27775]: move loaded to delayed: CoreMediaIO
dyld[27775]: move loaded to delayed: CMCaptureDevice
dyld[27775]: move loaded to delayed: CinematicFraming
dyld[27775]: move loaded to delayed: ModelManagerServices
dyld[27775]: move loaded to delayed: CoreMotion
dyld[27775]: move loaded to delayed: DistributedSensing
dyld[27775]: move loaded to delayed: MobileBluetooth
dyld[27775]: move loaded to delayed: Rapport
dyld[27775]: move loaded to delayed: AppleIntelligenceReporting
dyld[27775]: move loaded to delayed: libcups.2.dylib
dyld[27775]: move loaded to delayed: AXCoreUtilities
dyld[27775]: move loaded to delayed: libedit.3.dylib
dyld[27775]: move loaded to delayed: AttributeGraph
dyld[27775]: move loaded to delayed: libAXSafeCategoryBundle.dylib
dyld[27775]: move loaded to delayed: TabularData
dyld[27775]: move loaded to delayed: ArgumentParserInternal
dyld[27776]: <D1ECB722-F14E-3B4B-B086-D1C48E96C843> /private/tmp/step10a4-highball-V5DiZw/engine/bin/wineserver
dyld[27776]: <51CAFDCC-108A-36FD-A5D8-A0A089B734C8> /private/tmp/step10a4-highball-V5DiZw/frameworks/libinotify.0.dylib
dyld[27776]: <C35C3CFC-E1B6-36CB-8F34-F1B9CED0E362> /usr/lib/libSystem.B.dylib
dyld[27776]: <AD218373-799B-3BA0-9D22-6CF6EF7A5E92> /usr/lib/system/libcache.dylib
dyld[27776]: <4DB84DD1-66CE-3AF3-98F7-E3ECD3445CAB> /usr/lib/system/libcommonCrypto.dylib
dyld[27776]: <ADF5CD65-B192-3261-B0A8-1923DC6FD1F4> /usr/lib/system/libcompiler_rt.dylib
dyld[27776]: <B654BDF4-CAF2-366B-B724-7F0C80A7C988> /usr/lib/system/libcopyfile.dylib
dyld[27776]: <1654DB72-6508-373A-AFCD-A11AE4B4A111> /usr/lib/system/libcorecrypto.dylib
dyld[27776]: <C9CE6EB5-E461-3D14-87EC-3D9EC083F36C> /usr/lib/system/libdispatch.dylib
dyld[27776]: <7CE1E71D-6070-37E6-8885-F63FCBBA4F5F> /usr/lib/system/libdyld.dylib
dyld[27776]: <DDFC973E-DE9D-3F4A-B6B0-D4197C39D86D> /usr/lib/system/libkeymgr.dylib
dyld[27776]: <598B55F4-54B2-3E18-807E-D76251119D0E> /usr/lib/system/libmacho.dylib
dyld[27776]: <C70805D8-E2BC-30DB-95E8-72E98E125E29> /usr/lib/system/libquarantine.dylib
dyld[27776]: <9705AC41-D08C-3620-BC12-50F19EBBE26F> /usr/lib/system/libremovefile.dylib
dyld[27776]: <1479C560-2FDF-38E1-9B15-05CD2D84318A> /usr/lib/system/libsystem_asl.dylib
dyld[27776]: <7C2C988E-15E9-3CB4-BAFF-C0B51B03EB6B> /usr/lib/system/libsystem_blocks.dylib
dyld[27776]: <5189C409-7FC9-3ED9-9C35-115DE311AD0E> /usr/lib/system/libsystem_c.dylib
dyld[27776]: <3165A454-B215-3725-9E9E-02D110A9F8D4> /usr/lib/system/libsystem_collections.dylib
dyld[27776]: <359AB422-DD50-3256-B1C6-F72DF9DD987A> /usr/lib/system/libsystem_configuration.dylib
dyld[27776]: <1B79C1E0-CA9B-30F1-ACD7-79C427C8B363> /usr/lib/system/libsystem_containermanager.dylib
dyld[27776]: <64BC6CC4-ECC7-3030-9713-ECBC9C89FDC6> /usr/lib/system/libsystem_coreservices.dylib
dyld[27776]: <F2C0B46B-0E3B-3D69-88E3-7438D86E2400> /usr/lib/system/libsystem_darwin.dylib
dyld[27776]: <9E147608-C331-3C58-8BDB-9BCD72676DF9> /usr/lib/system/libsystem_darwindirectory.dylib
dyld[27776]: <9155855F-09DE-3716-8EE1-D0E471817E4B> /usr/lib/system/libsystem_dnssd.dylib
dyld[27776]: <8DDD0D3E-463F-3588-99ED-CD3143D4D7E8> /usr/lib/system/libsystem_eligibility.dylib
dyld[27776]: <65390F97-3CEE-39F9-A4A8-6AAAEBE5CAF4> /usr/lib/system/libsystem_featureflags.dylib
dyld[27776]: <43FED5F7-ABEE-3709-9DBC-63C15471566A> /usr/lib/system/libsystem_info.dylib
dyld[27776]: <6B647DA7-B1BD-3553-99A4-318A0A54ADE4> /usr/lib/system/libsystem_m.dylib
dyld[27776]: <AA9F3382-0989-3BFD-8D3A-D0F95422DB89> /usr/lib/system/libsystem_malloc.dylib
dyld[27776]: <9684139A-D966-39F4-BE5A-5DC2F35E198F> /usr/lib/system/libsystem_networkextension.dylib
dyld[27776]: <BC7A29BB-B5B6-3273-A306-1A32A631CAC7> /usr/lib/system/libsystem_notify.dylib
dyld[27776]: <EBD29789-35BD-37AE-AFCB-6F951941E93C> /usr/lib/system/libsystem_sandbox.dylib
dyld[27776]: <260D9D91-0E97-3CE8-8DD7-5F8DAD1CEC12> /usr/lib/system/libsystem_sanitizers.dylib
dyld[27776]: <10604294-2616-3323-8EE7-13B7AA6FA0F4> /usr/lib/system/libsystem_secinit.dylib
dyld[27776]: <40155496-5BD7-3491-AEFC-B4395F3DCF04> /usr/lib/system/libsystem_kernel.dylib
dyld[27776]: <6D92CF2D-A008-36B6-B516-C960029E4960> /usr/lib/system/libsystem_platform.dylib
dyld[27776]: <0BAFE0E7-F27F-363F-A13C-70619F985288> /usr/lib/system/libsystem_pthread.dylib
dyld[27776]: <14B38348-6F43-316E-9559-4A5E077AFC52> /usr/lib/system/libsystem_symptoms.dylib
dyld[27776]: <2AE5497B-628B-3027-B36D-AA62D9C95D20> /usr/lib/system/libsystem_trace.dylib
dyld[27776]: <E9DCD1A4-A6F0-356D-89E0-CDB2D6E1E755> /usr/lib/system/libsystem_trial.dylib
dyld[27776]: <F786DF52-020C-3CD4-85A4-42BBADA2E485> /usr/lib/system/libunwind.dylib
dyld[27776]: <A44EE173-2555-3EA9-B836-0AF203AFBF46> /usr/lib/system/libxpc.dylib
dyld[27776]: <AD71C77A-7D9F-3D67-AF76-A029629F8A52> /usr/lib/libc++abi.dylib
dyld[27776]: <FA4B4D4D-4A72-301D-82E4-0415534FF26C> /usr/lib/libobjc.A.dylib
dyld[27776]: <5E62C50D-63D5-3D91-8408-6175282185E7> /usr/lib/libRosetta.dylib
dyld[27776]: <8DAA0737-BE5F-3F33-929E-DAD557873C98> /usr/lib/libc++.1.dylib
dyld[27779]: <E8BD2F5D-31CD-3E5D-B239-7D6C7B698EA9> /private/tmp/step10a4-highball-V5DiZw/engine/bin/wine
dyld[27779]: <C35C3CFC-E1B6-36CB-8F34-F1B9CED0E362> /usr/lib/libSystem.B.dylib
dyld[27779]: <AD218373-799B-3BA0-9D22-6CF6EF7A5E92> /usr/lib/system/libcache.dylib
dyld[27779]: <4DB84DD1-66CE-3AF3-98F7-E3ECD3445CAB> /usr/lib/system/libcommonCrypto.dylib
dyld[27779]: <ADF5CD65-B192-3261-B0A8-1923DC6FD1F4> /usr/lib/system/libcompiler_rt.dylib
dyld[27779]: <B654BDF4-CAF2-366B-B724-7F0C80A7C988> /usr/lib/system/libcopyfile.dylib
dyld[27779]: <1654DB72-6508-373A-AFCD-A11AE4B4A111> /usr/lib/system/libcorecrypto.dylib
dyld[27779]: <C9CE6EB5-E461-3D14-87EC-3D9EC083F36C> /usr/lib/system/libdispatch.dylib
dyld[27779]: <7CE1E71D-6070-37E6-8885-F63FCBBA4F5F> /usr/lib/system/libdyld.dylib
dyld[27779]: <DDFC973E-DE9D-3F4A-B6B0-D4197C39D86D> /usr/lib/system/libkeymgr.dylib
dyld[27779]: <598B55F4-54B2-3E18-807E-D76251119D0E> /usr/lib/system/libmacho.dylib
dyld[27779]: <C70805D8-E2BC-30DB-95E8-72E98E125E29> /usr/lib/system/libquarantine.dylib
dyld[27779]: <9705AC41-D08C-3620-BC12-50F19EBBE26F> /usr/lib/system/libremovefile.dylib
dyld[27779]: <1479C560-2FDF-38E1-9B15-05CD2D84318A> /usr/lib/system/libsystem_asl.dylib
dyld[27779]: <7C2C988E-15E9-3CB4-BAFF-C0B51B03EB6B> /usr/lib/system/libsystem_blocks.dylib
dyld[27779]: <5189C409-7FC9-3ED9-9C35-115DE311AD0E> /usr/lib/system/libsystem_c.dylib
dyld[27779]: <3165A454-B215-3725-9E9E-02D110A9F8D4> /usr/lib/system/libsystem_collections.dylib
dyld[27779]: <359AB422-DD50-3256-B1C6-F72DF9DD987A> /usr/lib/system/libsystem_configuration.dylib
dyld[27779]: <1B79C1E0-CA9B-30F1-ACD7-79C427C8B363> /usr/lib/system/libsystem_containermanager.dylib
dyld[27779]: <64BC6CC4-ECC7-3030-9713-ECBC9C89FDC6> /usr/lib/system/libsystem_coreservices.dylib
dyld[27779]: <F2C0B46B-0E3B-3D69-88E3-7438D86E2400> /usr/lib/system/libsystem_darwin.dylib
dyld[27779]: <9E147608-C331-3C58-8BDB-9BCD72676DF9> /usr/lib/system/libsystem_darwindirectory.dylib
dyld[27779]: <9155855F-09DE-3716-8EE1-D0E471817E4B> /usr/lib/system/libsystem_dnssd.dylib
dyld[27779]: <8DDD0D3E-463F-3588-99ED-CD3143D4D7E8> /usr/lib/system/libsystem_eligibility.dylib
dyld[27779]: <65390F97-3CEE-39F9-A4A8-6AAAEBE5CAF4> /usr/lib/system/libsystem_featureflags.dylib
dyld[27779]: <43FED5F7-ABEE-3709-9DBC-63C15471566A> /usr/lib/system/libsystem_info.dylib
dyld[27779]: <6B647DA7-B1BD-3553-99A4-318A0A54ADE4> /usr/lib/system/libsystem_m.dylib
dyld[27779]: <AA9F3382-0989-3BFD-8D3A-D0F95422DB89> /usr/lib/system/libsystem_malloc.dylib
dyld[27779]: <9684139A-D966-39F4-BE5A-5DC2F35E198F> /usr/lib/system/libsystem_networkextension.dylib
dyld[27779]: <BC7A29BB-B5B6-3273-A306-1A32A631CAC7> /usr/lib/system/libsystem_notify.dylib
dyld[27779]: <EBD29789-35BD-37AE-AFCB-6F951941E93C> /usr/lib/system/libsystem_sandbox.dylib
dyld[27779]: <260D9D91-0E97-3CE8-8DD7-5F8DAD1CEC12> /usr/lib/system/libsystem_sanitizers.dylib
dyld[27779]: <10604294-2616-3323-8EE7-13B7AA6FA0F4> /usr/lib/system/libsystem_secinit.dylib
dyld[27779]: <40155496-5BD7-3491-AEFC-B4395F3DCF04> /usr/lib/system/libsystem_kernel.dylib
dyld[27779]: <6D92CF2D-A008-36B6-B516-C960029E4960> /usr/lib/system/libsystem_platform.dylib
dyld[27779]: <0BAFE0E7-F27F-363F-A13C-70619F985288> /usr/lib/system/libsystem_pthread.dylib
dyld[27779]: <14B38348-6F43-316E-9559-4A5E077AFC52> /usr/lib/system/libsystem_symptoms.dylib
dyld[27779]: <2AE5497B-628B-3027-B36D-AA62D9C95D20> /usr/lib/system/libsystem_trace.dylib
dyld[27779]: <E9DCD1A4-A6F0-356D-89E0-CDB2D6E1E755> /usr/lib/system/libsystem_trial.dylib
dyld[27779]: <F786DF52-020C-3CD4-85A4-42BBADA2E485> /usr/lib/system/libunwind.dylib
dyld[27779]: <A44EE173-2555-3EA9-B836-0AF203AFBF46> /usr/lib/system/libxpc.dylib
dyld[27779]: <AD71C77A-7D9F-3D67-AF76-A029629F8A52> /usr/lib/libc++abi.dylib
dyld[27779]: <FA4B4D4D-4A72-301D-82E4-0415534FF26C> /usr/lib/libobjc.A.dylib
dyld[27779]: <5E62C50D-63D5-3D91-8408-6175282185E7> /usr/lib/libRosetta.dylib
dyld[27779]: <8DAA0737-BE5F-3F33-929E-DAD557873C98> /usr/lib/libc++.1.dylib
dyld[27779]: <335FE197-93DD-3981-827B-759F2392CF07> /private/tmp/step10a4-highball-V5DiZw/engine/lib/wine/x86_64-unix/ntdll.so
dyld[27779]: <A8EB4F11-C0D5-3F15-A780-879C56203E0C> /System/Library/Frameworks/IOKit.framework/Versions/A/IOKit
dyld[27779]: <5E62C50D-63D5-3D91-8408-6175282185E7> /usr/lib/liboah.dylib
dyld[27779]: <B459B479-FC1A-3C62-BCC0-E87C4CB7B1C5> /usr/lib/libDiagnosticMessagesClient.dylib
dyld[27779]: <A6B926CC-8265-30C8-A0B4-B1FA5736B4FD> /usr/lib/libenergytrace.dylib
dyld[27779]: <022D827A-54B6-36C6-8F2E-21871F2082D5> /usr/lib/libbsm.0.dylib
dyld[27779]: <B08331D8-B583-3318-ADA7-B5939493E835> /System/Library/Frameworks/CoreFoundation.framework/Versions/A/CoreFoundation
dyld[27779]: <CCA5EC52-A9CD-3589-A804-AFF5BDF15489> /usr/lib/libz.1.dylib
dyld[27779]: <B3B167F4-133E-36CD-92C0-228C57113795> /usr/lib/system/libkxld.dylib
dyld[27779]: <2E0B4D74-C5BC-342B-970B-B50814C8771D> /System/Library/PrivateFrameworks/SoftLinking.framework/Versions/A/SoftLinking
dyld[27779]: <FF355D69-B1AE-3A77-83D3-74552649536D> /System/Library/PrivateFrameworks/CoreServicesInternal.framework/Versions/A/CoreServicesInternal
dyld[27779]: <E832CDD3-EC43-3FDE-950B-4B2DDD2EE627> /System/Library/Frameworks/Foundation.framework/Versions/C/Foundation
dyld[27779]: <FA8187C5-6DC0-3580-BC9A-6CCEF81F8B88> /usr/lib/libfakelink.dylib
dyld[27779]: <9EB824DA-83AB-365D-B5F1-311757BAB13F> /usr/lib/libicucore.A.dylib
dyld[27779]: <3E87F493-4F61-39C7-A5E2-B23C8035D8AD> /System/Library/Frameworks/CoreServices.framework/Versions/A/CoreServices
dyld[27779]: <83C00352-42B3-3176-BCF3-21C5A8354B69> /System/Library/Frameworks/Security.framework/Versions/A/Security
dyld[27779]: <30EF56FE-5FF9-3E23-B955-4B32776DB696> /System/Library/PrivateFrameworks/DiskImages.framework/Versions/A/DiskImages
dyld[27779]: <4DDB589C-3E74-33BB-9608-E6D732C7768F> /System/Library/Frameworks/NetFS.framework/Versions/A/NetFS
dyld[27779]: <0C206EA7-DB71-343F-9602-8000DFE92D57> /System/Library/Frameworks/CFNetwork.framework/Versions/A/CFNetwork
dyld[27779]: <6BD9A7B1-BD79-3BD1-8E60-A351268524BF> /System/Library/Frameworks/CoreServices.framework/Versions/A/Frameworks/FSEvents.framework/Versions/A/FSEvents
dyld[27779]: <ECD9465F-8A62-3CC4-B263-ED77CC35CC57> /System/Library/Frameworks/CoreServices.framework/Versions/A/Frameworks/CarbonCore.framework/Versions/A/CarbonCore
dyld[27779]: <3E469D4D-5E88-3E05-A36A-5E4748822538> /System/Library/Frameworks/CoreServices.framework/Versions/A/Frameworks/Metadata.framework/Versions/A/Metadata
dyld[27779]: <CCDDC516-276B-3F1D-AEAD-8BDADEA84A8E> /System/Library/Frameworks/CoreServices.framework/Versions/A/Frameworks/OSServices.framework/Versions/A/OSServices
dyld[27779]: <4DE627B3-266F-3CAD-A604-272AAC2154D5> /System/Library/Frameworks/CoreServices.framework/Versions/A/Frameworks/SearchKit.framework/Versions/A/SearchKit
dyld[27779]: <3940B96B-C857-3B4D-9295-A3AD8F190E7C> /System/Library/Frameworks/CoreServices.framework/Versions/A/Frameworks/AE.framework/Versions/A/AE
dyld[27779]: <88879E3D-60BC-335F-BC83-6E7AA6360641> /System/Library/Frameworks/CoreServices.framework/Versions/A/Frameworks/LaunchServices.framework/Versions/A/LaunchServices
dyld[27779]: <DB20022E-8F2D-3F01-95FD-CD3F40758294> /System/Library/Frameworks/CoreServices.framework/Versions/A/Frameworks/DictionaryServices.framework/Versions/A/DictionaryServices
dyld[27779]: <3C402754-C897-3358-B2A6-53AC950F0AAD> /System/Library/Frameworks/CoreServices.framework/Versions/A/Frameworks/SharedFileList.framework/Versions/A/SharedFileList
dyld[27779]: <51ADA3FF-7D95-32BB-8D53-9A79D19737A6> /System/Library/Frameworks/SystemConfiguration.framework/Versions/A/SystemConfiguration
dyld[27779]: <566D0F44-DC97-37B0-A816-F9C52E678AB7> /usr/lib/libapple_nghttp2.dylib
dyld[27779]: <C3D64E6D-68E6-3606-B4A2-0615C2914C4A> /usr/lib/libcompression.dylib
dyld[27779]: <BCCC90C6-AFF2-3E30-A3FF-ECB449916C9B> /usr/lib/libsqlite3.dylib
dyld[27779]: <E48C0927-6427-39B2-9E1D-064FFCC1D026> /System/Library/Frameworks/Network.framework/Versions/A/Network
dyld[27779]: <3FBE1DC9-EC26-3A3D-91D4-0C1347161636> /System/Library/PrivateFrameworks/AppleKeyStore.framework/Versions/A/AppleKeyStore
dyld[27779]: <999857AC-6B67-32B0-ACD9-03E27BF1DF82> /usr/lib/libCoreEntitlements.dylib
dyld[27779]: <B01BECF4-3FD8-3EB9-A385-C6E86E258B5D> /usr/lib/libTLE.dylib
dyld[27779]: <66326DEB-49FA-3A5A-8655-0A7F3C46C43F> /System/Library/PrivateFrameworks/MessageSecurity.framework/Versions/A/MessageSecurity
dyld[27779]: <63746141-C4F7-3C15-BFF9-8690FDCFA934> /System/Library/PrivateFrameworks/ProtocolBuffer.framework/Versions/A/ProtocolBuffer
dyld[27779]: <49E753F2-5BE7-3D0F-A620-52519749D4FA> /System/Library/PrivateFrameworks/SymptomDiagnosticReporter.framework/Versions/A/SymptomDiagnosticReporter
dyld[27779]: <D565FF2C-0F9E-33C8-BF97-8B784B5AC862> /System/Library/PrivateFrameworks/CrashReporterSupport.framework/Versions/A/CrashReporterSupport
dyld[27779]: <6755F843-27F7-3CC6-A704-87037158E019> /System/Library/PrivateFrameworks/CoreAnalytics.framework/Versions/A/CoreAnalytics
dyld[27779]: <9171B014-BABF-3AF4-BE23-254F4267F0DD> /System/Library/PrivateFrameworks/CoreTime.framework/Versions/A/CoreTime
dyld[27779]: <4EE62B14-42C5-37D8-B7B9-7F48B39ADE42> /usr/lib/libMobileGestalt.dylib
dyld[27779]: <3A9AC8ED-1C48-3070-A4C0-748A011A4ECF> /System/Library/PrivateFrameworks/AppleFSCompression.framework/Versions/A/AppleFSCompression
dyld[27779]: <0F8695F5-0D7F-388C-8D2B-21E64C0C5C37> /usr/lib/libcoretls.dylib
dyld[27779]: <B0AA1109-6DD2-3F0A-9BFB-7ED7D22C22B7> /usr/lib/libcoretls_cfhelpers.dylib
dyld[27779]: <6D962100-4769-3EC0-AEA5-C5C76149B497> /usr/lib/libpam.2.dylib
dyld[27779]: <00A6D787-1FF6-31C2-962C-166285687ECD> /usr/lib/libxar.1.dylib
dyld[27779]: <E4A7FCAA-6DCC-396C-80D2-EF1D88CFB305> /System/Library/PrivateFrameworks/NSPredicateSecurityPolicy.framework/Versions/A/NSPredicateSecurityPolicy
dyld[27779]: <0282ADDB-A746-3F00-8CFF-17FB254825AB> /System/Library/PrivateFrameworks/CoreAutoLayout.framework/Versions/A/CoreAutoLayout
dyld[27779]: <B0DEC2B5-F2A5-3F34-A857-11A54E65762C> /usr/lib/libcmark-gfm.dylib
dyld[27779]: <FB5AA338-58FC-3C93-BCAB-72D86BA529FA> /System/Library/Frameworks/DiskArbitration.framework/Versions/A/DiskArbitration
dyld[27779]: <AE66ACCE-6DB6-3B10-BC35-BD1C16C5E196> /usr/lib/libarchive.2.dylib
dyld[27779]: <3A504FE5-5FBC-3BEA-80FA-2A9C1B0387A8> /usr/lib/libxml2.2.dylib
dyld[27779]: <55797398-303F-3BB1-BEC6-CEFD9F8E063D> /usr/lib/liblangid.dylib
dyld[27779]: <405F1701-2A88-39F3-B583-8FCD29BAE690> /System/Library/Frameworks/Combine.framework/Versions/A/Combine
dyld[27779]: <654A1A4C-BF42-36B9-BC83-F3458817C2DB> /System/Library/PrivateFrameworks/CollectionsInternal.framework/Versions/A/CollectionsInternal
dyld[27779]: <49E03386-1E43-3A94-97F5-0E82A4CDA134> /System/Library/PrivateFrameworks/ReflectionInternal.framework/Versions/A/ReflectionInternal
dyld[27779]: <D9602378-8FEF-30FD-985F-4502E4B4058E> /System/Library/PrivateFrameworks/RuntimeInternal.framework/Versions/A/RuntimeInternal
dyld[27779]: <0DAE92D9-DEEE-353C-9B41-781EECACD199> /usr/lib/swift/libswiftCore.dylib
dyld[27779]: <5FF496BF-7F3D-33B6-9554-0A6B16298857> /usr/lib/swift/libswiftCoreFoundation.dylib
dyld[27779]: <89C0405A-C9D5-336C-BF36-B659B4FCE83A> /usr/lib/swift/libswiftDarwin.dylib
dyld[27779]: <E2296D76-48E1-3BF6-80C4-6A1FA168D2E1> /usr/lib/swift/libswiftDispatch.dylib
dyld[27779]: <18F8C26A-DE5D-3B65-B0B1-3D46C64A6E1A> /usr/lib/swift/libswiftIOKit.dylib
dyld[27779]: <D36234BA-B610-31CA-846F-2D39483712BA> /usr/lib/swift/libswiftObjectiveC.dylib
dyld[27779]: <4AE77A8B-1774-3730-A01B-CBD63D764B83> /usr/lib/swift/libswiftObservation.dylib
dyld[27779]: <1B245C8C-01C1-33A8-B293-5767CA8BE260> /usr/lib/swift/libswiftSynchronization.dylib
dyld[27779]: <95E81E1E-7F1E-371D-9DDE-BB4884B6ED46> /usr/lib/swift/libswiftSystem.dylib
dyld[27779]: <07821AEC-ED84-3916-B2D7-01F88A0F2381> /usr/lib/swift/libswiftXPC.dylib
dyld[27779]: <1D45348D-37AB-34AE-B575-22542463EB58> /usr/lib/swift/libswift_Builtin_float.dylib
dyld[27779]: <C0BC056F-4B5C-3AA1-B077-1EFDC4708672> /usr/lib/swift/libswift_Concurrency.dylib
dyld[27779]: <CA8706CE-EAD3-3010-894F-07FC48EE618E> /usr/lib/swift/libswift_DarwinFoundation1.dylib
dyld[27779]: <B7AF51B9-600B-36B9-B8C0-3E5B5337700A> /usr/lib/swift/libswift_StringProcessing.dylib
dyld[27779]: <8F0C6BC2-A28B-332F-9F7C-998A9E3BD19B> /usr/lib/swift/libswiftos.dylib
dyld[27779]: <C7CC753B-7B87-3C94-B989-9146B16FC21D> /System/Library/PrivateFrameworks/AppleSystemInfo.framework/Versions/A/AppleSystemInfo
dyld[27779]: <5427D9A6-94B1-3793-897A-D083E5733B26> /System/Library/Frameworks/SwiftData.framework/Versions/A/SwiftData
dyld[27779]: <7B72381C-1FDB-35C5-A822-6D555C3793D1> /usr/lib/libboringssl.dylib
dyld[27779]: <96C90097-BC24-35F9-BA16-F88BE0C2A090> /usr/lib/libdns_services.dylib
dyld[27779]: <56D76827-807B-3049-9B99-8A57C40A688D> /usr/lib/libquic.dylib
dyld[27779]: <9F96AC2E-E245-3AD8-AA63-CEDECB419768> /usr/lib/libusrtcp.dylib
dyld[27779]: <C26E08BF-1824-3E73-82C4-93100B30EAD3> /System/Library/PrivateFrameworks/AtomicsInternal.framework/Versions/A/AtomicsInternal
dyld[27779]: <C7197C1E-1B3B-396E-87FA-611C0F3E53BE> /System/Library/PrivateFrameworks/InternalSwiftProtobuf.framework/Versions/A/InternalSwiftProtobuf
dyld[27779]: <209B029B-765D-3432-BB75-0569E06734C3> /usr/lib/swift/libswiftDistributed.dylib
dyld[27779]: <01A2CAEA-665C-3D01-A04A-941FAD914652> /System/Library/Frameworks/CoreData.framework/Versions/A/CoreData
dyld[27779]: <511CCB33-BA1B-3992-B052-63255A292878> /System/Library/PrivateFrameworks/FeatureFlags.framework/Versions/A/FeatureFlags
dyld[27779]: <34D2A4C4-020E-3F5B-ADCE-8B062BC59C81> /usr/lib/liblzma.5.dylib
dyld[27779]: <59AB67E4-B860-316C-963D-087CDFBF6C29> /usr/lib/libswiftPrespecialized.dylib
dyld[27779]: <99BE4D61-01BE-35ED-B9A0-F494C660BA92> /System/Library/PrivateFrameworks/IOMobileFramebuffer.framework/Versions/A/IOMobileFramebuffer
dyld[27779]: <1C7ECB1E-A4C2-306A-B297-43FFF3C11EE7> /System/Library/Frameworks/IOSurface.framework/Versions/A/IOSurface
dyld[27779]: <A21D8B21-20DB-3339-B5D9-EC266EA0EE4E> /usr/lib/swift/libswift_DarwinFoundation2.dylib
dyld[27779]: <83A0E2FF-E850-3B1D-B834-AF4F63451C96> /usr/lib/swift/libswift_DarwinFoundation3.dylib
dyld[27779]: <0FB6CFAC-01FC-3846-A4A2-50C4F6362A0C> /usr/lib/swift/libswift_RegexParser.dylib
dyld[27779]: <2F29EA62-7BFB-3F98-A6E4-AC44013847C7> /usr/lib/libbz2.1.0.dylib
dyld[27779]: <D4096439-DD3A-3434-8A26-9E0A4255BC16> /usr/lib/libiconv.2.dylib
dyld[27779]: <B6CEFD73-D16C-3796-82EF-61499B6EA249> /usr/lib/libcharset.1.dylib
dyld[27779]: <E46388C2-BA3A-3720-BA3C-72603390F716> /System/Library/PrivateFrameworks/APFS.framework/Versions/A/APFS
dyld[27779]: <66F550B4-67C6-3BD0-8378-733BFBBB5B94> /System/Library/PrivateFrameworks/SwiftASN1Internal.framework/Versions/A/SwiftASN1Internal
dyld[27779]: <ED8A4184-E276-3E05-99A0-CF5919CB36D4> /usr/lib/libutil.dylib
dyld[27779]: <265413A6-648C-3059-A010-554AD719A363> /usr/lib/libheimdal-asn1.dylib
dyld[27779]: <7934762C-FBCA-37CA-AF42-2704B7A639EC> /System/Library/PrivateFrameworks/AppleSauce.framework/Versions/A/AppleSauce
dyld[27779]: <9761CAD2-A811-396E-9FD1-7553A783CBF5> /System/Library/PrivateFrameworks/OSAnalytics.framework/Versions/A/OSAnalytics
dyld[27779]: <0AD2FA79-5B4B-31B9-9155-A0C17BA69FB0> /System/Library/PrivateFrameworks/DeviceRecovery.framework/Versions/A/DeviceRecovery
dyld[27779]: <E4B6BD31-91A9-31BD-BB88-8C8F7F2985B7> /System/Library/PrivateFrameworks/CoreSymbolication.framework/Versions/A/CoreSymbolication
dyld[27779]: <04BCC6C4-E76D-3D1C-B25E-DD04511D29E8> /System/Library/PrivateFrameworks/Symbolication.framework/Versions/A/Symbolication
dyld[27779]: <328F598A-5C09-3D8E-854E-F090BAD6F101> /System/Library/PrivateFrameworks/DebugSymbols.framework/Versions/A/DebugSymbols
dyld[27779]: <7AB4526E-BD18-3FEE-87D2-7E60C218F82A> /usr/lib/libAppleArchive.dylib
dyld[27779]: <02320C8B-AF9A-37CF-BE30-DD72BAB828CC> /System/Library/PrivateFrameworks/MallocStackLogging.framework/Versions/A/MallocStackLogging
dyld[27779]: <D9973DD3-D3C9-38DC-86E8-D1C248A9FA6C> /usr/lib/libCheckFix.dylib
dyld[27779]: <02894CCE-93A3-32BB-BA6B-25CCD22A0EA5> /System/Library/PrivateFrameworks/TCC.framework/Versions/A/TCC
dyld[27779]: <69D73FF3-AE70-378B-AF0D-3A7794E60974> /System/Library/PrivateFrameworks/CoreNLP.framework/Versions/A/CoreNLP
dyld[27779]: <501C7615-3041-3D75-948D-08CA8D7B8773> /System/Library/PrivateFrameworks/MetadataUtilities.framework/Versions/A/MetadataUtilities
dyld[27779]: <0FB5062E-8A6E-3949-86C1-D294D4AF1AA4> /System/Library/Frameworks/Accelerate.framework/Versions/A/Accelerate
dyld[27779]: <FDBA8F4E-3D78-3DB8-8233-B8861E665675> /usr/lib/libmecab.dylib
dyld[27779]: <ABA5B6EA-B61B-3DDB-B4F1-69706D071F3D> /usr/lib/libCRFSuite.dylib
dyld[27779]: <DF95BFF6-6E31-3243-A0BC-A8339951D82F> /usr/lib/libgermantok.dylib
dyld[27779]: <20A1236E-CDF9-351D-9F56-1AD0123DC116> /usr/lib/libThaiTokenizer.dylib
dyld[27779]: <80F6241D-D255-3CCF-8ED0-F87698FDEE4E> /System/Library/Frameworks/Accelerate.framework/Versions/A/Frameworks/vImage.framework/Versions/A/vImage
dyld[27779]: <B902D685-3B38-3DE8-9325-18E32ED96065> /System/Library/Frameworks/Accelerate.framework/Versions/A/Frameworks/vecLib.framework/Versions/A/vecLib
dyld[27779]: <6EF7FE72-4727-3998-883A-97851074EDC2> /System/Library/Frameworks/Accelerate.framework/Versions/A/Frameworks/vecLib.framework/Versions/A/libvMisc.dylib
dyld[27779]: <694C9F17-22CB-348E-8A40-8F536B7CDF55> /System/Library/Frameworks/Accelerate.framework/Versions/A/Frameworks/vImage.framework/Versions/A/Libraries/libCGInterfaces.dylib
dyld[27779]: <A6AA2DE9-C0CE-37EB-910C-756AAF0E9A09> /System/Library/PrivateFrameworks/AccelerateGPU.framework/Versions/A/AccelerateGPU
dyld[27779]: <498036DB-4226-3C95-8880-E4FD11883D31> /System/Library/Frameworks/Accelerate.framework/Versions/A/Frameworks/vecLib.framework/Versions/A/libBLAS.dylib
dyld[27779]: <FB6D3F5F-AA35-3603-883B-A07B628283A8> /System/Library/Frameworks/ApplicationServices.framework/Versions/A/ApplicationServices
dyld[27779]: <1797F8DC-6019-374B-A55A-FF4C945E68DC> /System/Library/Frameworks/CoreVideo.framework/Versions/A/CoreVideo
dyld[27779]: <C514AE37-91AA-3199-87AB-2E29986C3423> /System/Library/Frameworks/ColorSync.framework/Versions/A/ColorSync
dyld[27779]: <81A02160-B6F6-385B-BA6C-E768947B7AD5> /System/Library/Frameworks/CoreGraphics.framework/Versions/A/CoreGraphics
dyld[27779]: <9A3F9ACC-4D9C-34BA-B3A8-1AD3C1786F66> /System/Library/Frameworks/CoreText.framework/Versions/A/CoreText
dyld[27779]: <554EDEE0-773D-3D10-8863-4913ECE95CA1> /System/Library/Frameworks/ImageIO.framework/Versions/A/ImageIO
dyld[27779]: <F852E373-499B-35B6-9557-AA369E07B841> /System/Library/Frameworks/ApplicationServices.framework/Versions/A/Frameworks/ATS.framework/Versions/A/ATS
dyld[27779]: <B254A017-96B6-3748-99DB-32866FE0C054> /System/Library/Frameworks/ApplicationServices.framework/Versions/A/Frameworks/HIServices.framework/Versions/A/HIServices
dyld[27779]: <727498E8-7885-35B2-B723-E380EDD703EA> /System/Library/Frameworks/ApplicationServices.framework/Versions/A/Frameworks/PrintCore.framework/Versions/A/PrintCore
dyld[27779]: <6FA3DA21-79F7-3006-ADD5-62D486024479> /System/Library/Frameworks/ApplicationServices.framework/Versions/A/Frameworks/QD.framework/Versions/A/QD
dyld[27779]: <850A1AAF-F1C2-3366-9F2F-0C5FA1A2B8A0> /System/Library/Frameworks/ApplicationServices.framework/Versions/A/Frameworks/ColorSyncLegacy.framework/Versions/A/ColorSyncLegacy
dyld[27779]: <4C160000-279F-3F52-8293-5740A012A59D> /System/Library/Frameworks/ApplicationServices.framework/Versions/A/Frameworks/SpeechSynthesis.framework/Versions/A/SpeechSynthesis
dyld[27779]: <02A9A202-2F39-3204-86DE-A09EA6AE8DEE> /System/Library/PrivateFrameworks/SkyLight.framework/Versions/A/SkyLight
dyld[27779]: <DB8890A9-5563-3841-B3DF-F2A14E0B38E4> /System/Library/PrivateFrameworks/TextRecognition.framework/Versions/A/TextRecognition
dyld[27779]: <11CFFC86-3FFC-35B2-9F6E-823101BF77B2> /System/Library/PrivateFrameworks/FontServices.framework/libFontParser.dylib
dyld[27779]: <AE0C7111-9D6C-3977-BE3D-42BDEB55051D> /System/Library/PrivateFrameworks/BiomeLibrary.framework/Versions/A/BiomeLibrary
dyld[27779]: <EE0670B3-0AAB-3D8C-B579-48A8B2757C54> /System/Library/PrivateFrameworks/BaseBoard.framework/Versions/A/BaseBoard
dyld[27779]: <6EAD8729-6278-36DD-95E0-C3DBC1B421D1> /System/Library/PrivateFrameworks/BoardServices.framework/Versions/A/BoardServices
dyld[27779]: <A6DDDBA9-3712-318D-8E86-4FD5E1E9DC2A> /System/Library/PrivateFrameworks/BackBoardServices.framework/Versions/A/BackBoardServices
dyld[27779]: <6DEFD8B9-3D97-3F07-8817-F0D783EBDFBE> /System/Library/PrivateFrameworks/BackBoardHIDEventFoundation.framework/Versions/A/BackBoardHIDEventFoundation
dyld[27779]: <61C82C50-C91D-3028-933E-FC20D2AB40FA> /System/Library/Frameworks/CoreDisplay.framework/Versions/A/CoreDisplay
dyld[27779]: <48F3225A-BEDC-395B-8658-BF2894A5D363> /System/Library/Frameworks/VideoToolbox.framework/Versions/A/VideoToolbox
dyld[27779]: <CD83DE43-F39B-38E8-B307-F342C2CA0F71> /System/Library/Frameworks/MetalPerformanceShaders.framework/Versions/A/MetalPerformanceShaders
dyld[27779]: <063F6766-AC0A-372B-8547-20EE93744C3D> /System/Library/PrivateFrameworks/ProDisplayLibrary.framework/Versions/A/ProDisplayLibrary
dyld[27779]: <52BDB234-C793-3B6B-8BE8-781631969DFA> /System/Library/PrivateFrameworks/IOSurfaceAccelerator.framework/Versions/A/IOSurfaceAccelerator
dyld[27779]: <61936A60-82F1-35D4-B7B2-564157277C7A> /System/Library/PrivateFrameworks/RunningBoardServices.framework/Versions/A/RunningBoardServices
dyld[27779]: <9C6FB27B-F6DF-342F-8D23-CDAA43181A67> /System/Library/Frameworks/Metal.framework/Versions/A/Metal
dyld[27779]: <FE710138-2441-34B0-A3EE-BB741C5A88E5> /System/Library/PrivateFrameworks/IOAccelerator.framework/Versions/A/IOAccelerator
dyld[27779]: <6007D6B0-CA05-3D6E-9F04-0A50577BF503> /System/Library/Frameworks/CoreMedia.framework/Versions/A/CoreMedia
dyld[27779]: <A1DB5628-62E0-3262-AE91-0E6BB2B47888> /usr/lib/libSMC.dylib
dyld[27779]: <A1E8240E-FD7B-3524-815C-CA0C73E88D8B> /System/Library/PrivateFrameworks/WatchdogClient.framework/Versions/A/WatchdogClient
dyld[27779]: <0AD33CC9-75A1-359D-BC41-4EE25BE4F599> /System/Library/Frameworks/QuartzCore.framework/Versions/A/QuartzCore
dyld[27779]: <C3AA1BE3-C6A4-3A3B-ACDE-EFF9F71E2CA9> /System/Library/PrivateFrameworks/MultitouchSupport.framework/Versions/A/MultitouchSupport
dyld[27779]: <5E5AD849-5F4B-3A05-8265-7CBE97C713D6> /System/Library/PrivateFrameworks/BackBoardHIDTouchEventProcessor.framework/Versions/A/BackBoardHIDTouchEventProcessor
dyld[27779]: <1086A2D2-77A2-362C-9186-F501C0E009A3> /System/Library/PrivateFrameworks/Gestures.framework/Versions/A/Gestures
dyld[27779]: <C1617C4A-E1B7-3B86-A693-1F964E6896BC> /usr/lib/swift/libswiftAccelerate.dylib
dyld[27779]: <A6B25CE1-2227-3290-A960-960484D45949> /usr/lib/swift/libswiftCoreAudio.dylib
dyld[27779]: <948D61D3-EEFF-3965-B38D-97B4C357DA6B> /usr/lib/swift/libswiftMetal.dylib
dyld[27779]: <12AA5CDE-92E4-3E32-BE12-A02A3F2F40E1> /usr/lib/swift/libswiftOSLog.dylib
dyld[27779]: <17B1C771-8068-3FF8-9FB6-B8491B64428A> /usr/lib/swift/libswiftQuartzCore.dylib
dyld[27779]: <F78EA043-E494-3CD2-89B9-64406E28DECE> /usr/lib/swift/libswiftUniformTypeIdentifiers.dylib
dyld[27779]: <2718489B-4885-3D1E-BB9A-3B416EC5C09F> /usr/lib/swift/libswiftsimd.dylib
dyld[27779]: <351B3773-CA7C-3802-A966-C260E679DED5> /System/Library/PrivateFrameworks/BiomeStreams.framework/Versions/A/BiomeStreams
dyld[27779]: <A6769ED3-768E-3A67-BC1C-EA707415D195> /System/Library/PrivateFrameworks/BiomeStorage.framework/Versions/A/BiomeStorage
dyld[27779]: <79A19B7F-5379-3B44-9329-28A6379EA13A> /System/Library/PrivateFrameworks/BiomeFoundation.framework/Versions/A/BiomeFoundation
dyld[27779]: <8D3DF617-DFD7-3EE9-BE8E-A0C05D825494> /System/Library/PrivateFrameworks/IntelligencePlatformLibrary.framework/Versions/A/IntelligencePlatformLibrary
dyld[27779]: <872A3191-C967-39BE-A356-90D9A987D518> /System/Library/PrivateFrameworks/PoirotSchematizer.framework/Versions/A/PoirotSchematizer
dyld[27779]: <361A3D97-C7C0-3093-A61F-DE3D7A4063D2> /System/Library/PrivateFrameworks/BiomeSync.framework/Versions/A/BiomeSync
dyld[27779]: <2635BE19-8B1B-39AF-A665-88F43332702C> /System/Library/PrivateFrameworks/BiomeDSL.framework/Versions/A/BiomeDSL
dyld[27779]: <EBF27A0B-2672-3291-93D2-1A66A9A1B054> /System/Library/PrivateFrameworks/BiomePubSub.framework/Versions/A/BiomePubSub
dyld[27779]: <4BB6A049-3455-3C6B-87C4-F6C972D7B42A> /System/Library/PrivateFrameworks/LoggingSupport.framework/Versions/A/LoggingSupport
dyld[27779]: <6146BE9B-E60E-374B-B621-0E74558A2507> /System/Library/PrivateFrameworks/ProactiveSupport.framework/Versions/A/ProactiveSupport
dyld[27779]: <5F69CA4D-E5AC-3C47-8BF4-79377AB4C59C> /System/Library/PrivateFrameworks/PoirotUDFs.framework/Versions/A/PoirotUDFs
dyld[27779]: <2042E6BF-F2E7-31EA-B2B4-DC29E586A6E4> /System/Library/PrivateFrameworks/MobileAsset.framework/Versions/A/MobileAsset
dyld[27779]: <5FD1EA00-E28C-3D4B-8C9B-BF9B3EBAC180> /System/Library/PrivateFrameworks/MobileKeyBag.framework/Versions/A/MobileKeyBag
dyld[27779]: <B1CEC343-7EFE-34B0-9957-13CA8F84E6E7> /System/Library/PrivateFrameworks/InternationalTextSearch.framework/Versions/A/InternationalTextSearch
dyld[27779]: <85FB8C0D-F001-3B42-A54E-68C49D7D5544> /System/Library/PrivateFrameworks/SoftwareUpdateCoreSupport.framework/Versions/A/SoftwareUpdateCoreSupport
dyld[27779]: <7706404A-C96D-364A-A0D9-C94D3CB89310> /System/Library/PrivateFrameworks/SoftwareUpdateCoreConnect.framework/Versions/A/SoftwareUpdateCoreConnect
dyld[27779]: <3E7739CC-11DE-3C42-922A-9DA5CF617D35> /System/Library/PrivateFrameworks/StreamingZip.framework/Versions/A/StreamingZip
dyld[27779]: <38B38DB3-D096-350F-98C5-584AFD18BEB1> /System/Library/PrivateFrameworks/RemoteServiceDiscovery.framework/Versions/A/RemoteServiceDiscovery
dyld[27779]: <0052322E-F921-336D-8D8F-8D58D3EDA88F> /System/Library/PrivateFrameworks/MSUDataAccessor.framework/Versions/A/MSUDataAccessor
dyld[27779]: <BFF9CF08-5B46-3604-AC2E-DBCBDFB25C92> /usr/lib/libbootpolicy.dylib
dyld[27779]: <8CFCE656-45C2-3261-AD07-01E8FC30BFBD> /System/Library/PrivateFrameworks/UserManagement.framework/Versions/A/UserManagement
dyld[27779]: <50C4CA28-70F3-344F-B51D-09F99B82ED5F> /usr/lib/libpartition2_dynamic.dylib
dyld[27779]: <FF6413D5-371C-3304-8842-8755BF52C610> /System/Library/PrivateFrameworks/RemoteXPC.framework/Versions/A/RemoteXPC
dyld[27779]: <C9A0C46A-8C96-360A-A2FB-C09CBA08EF12> /usr/lib/libFDR.dylib
dyld[27779]: <500CC87D-7539-35AA-9340-BE380C10F261> /usr/lib/libamsupport.dylib
dyld[27779]: <CFB2509B-F722-39D6-B499-96D8304FA548> /System/Library/PrivateFrameworks/AppleDeviceQuerySupport.framework/Versions/A/AppleDeviceQuerySupport
dyld[27779]: <0620DFC4-188D-337F-9CE7-7E7581D5DA34> /System/Library/PrivateFrameworks/AggregateDictionary.framework/Versions/A/AggregateDictionary
dyld[27779]: <BB4A5F50-5A2A-379E-8B32-6C355113B4A8> /System/Library/PrivateFrameworks/PoirotSQLite.framework/Versions/A/PoirotSQLite
dyld[27779]: <2F623E7B-5D60-310B-9A5F-99AEEB7F99F0> /System/Library/PrivateFrameworks/CascadeSets.framework/Versions/A/CascadeSets
dyld[27779]: <4CFE984F-8269-3E71-A90C-49BCA5260ADA> /System/Library/PrivateFrameworks/AppSupport.framework/Versions/A/AppSupport
dyld[27779]: <FE30C2BA-AEDA-3367-9A71-4A891B0CF852> /System/Library/PrivateFrameworks/CorePhoneNumbers.framework/Versions/A/CorePhoneNumbers
dyld[27779]: <F3100855-B896-3883-A84C-F00B05BFDFCF> /System/Library/PrivateFrameworks/AppleJPEG.framework/Versions/A/AppleJPEG
dyld[27779]: <CEC9DC60-4CD3-30F5-89C6-003BBDB343D9> /usr/lib/libexpat.1.dylib
dyld[27779]: <994F31B9-1CE3-3180-A7B4-DC793DAF8163> /System/Library/Frameworks/ImageIO.framework/Versions/A/Resources/libPng.dylib
dyld[27779]: <1B6D06A5-DD28-30DD-ACEE-0B6CDDBAAF83> /System/Library/Frameworks/ImageIO.framework/Versions/A/Resources/libTIFF.dylib
dyld[27779]: <A7665B78-C5F1-3E32-80FE-F0DDABB0147B> /System/Library/Frameworks/ImageIO.framework/Versions/A/Resources/libGIF.dylib
dyld[27779]: <B55B0D78-6A33-3EB9-A8DE-526D63EEC82D> /System/Library/Frameworks/ImageIO.framework/Versions/A/Resources/libJP2.dylib
dyld[27779]: <1E30FD97-019E-3C42-BD00-34693222EDB1> /usr/lib/libate.dylib
dyld[27779]: <D749A789-F87E-3CDE-968F-96FC4586AC14> /System/Library/Frameworks/ImageIO.framework/Versions/A/Resources/libJPEG.dylib
dyld[27779]: <AB36C200-FED5-3FF0-A247-F22E96DBBEF7> /System/Library/Frameworks/ImageIO.framework/Versions/A/Resources/libRadiance.dylib
dyld[27779]: <CA5DFCE6-11FD-3B30-AFEA-86CE243C3B52> /usr/lib/swift/libswiftRegexBuilder.dylib
dyld[27779]: <257CDA78-154D-3C2B-957C-353FE744BA0D> /System/Library/PrivateFrameworks/GPUCompiler.framework/Versions/32023/Libraries/libllvm-flatbuffers.dylib
dyld[27779]: <539750B4-1A16-34CC-B740-059A44212494> /System/Library/PrivateFrameworks/FramePacing.framework/Versions/A/FramePacing
dyld[27779]: <37C0BC08-2C35-3CF5-91A6-D9773030A168> /System/Library/Frameworks/OpenGL.framework/Versions/A/Libraries/libCoreFSCache.dylib
dyld[27779]: <73E7DA57-8DE9-31CF-B2A7-C76AE86AFD95> /System/Library/PrivateFrameworks/GPUCompiler.framework/Versions/32023/Libraries/libGPUCompilerUtils.dylib
dyld[27779]: <7257DEA3-5564-37D5-8127-6B99B468086C> /System/Library/Frameworks/UniformTypeIdentifiers.framework/Versions/A/UniformTypeIdentifiers
dyld[27779]: <B268CD9F-4A49-3922-87B2-EF2E9D79C84A> /System/Library/Frameworks/ExtensionFoundation.framework/Versions/A/ExtensionFoundation
dyld[27779]: <E2F8ED73-2343-31CA-8ECD-E6AFF961F3F3> /System/Library/PrivateFrameworks/AppServerSupport.framework/Versions/A/AppServerSupport
dyld[27779]: <A99788CE-EB44-3D3D-9744-E3C954A60A9C> /System/Library/PrivateFrameworks/OSEligibility.framework/Versions/A/OSEligibility
dyld[27779]: <BE117579-A37D-334A-BB28-C92B631C70EA> /System/Library/Frameworks/LightweightCodeRequirements.framework/Versions/A/LightweightCodeRequirements
dyld[27779]: <4D893E1E-43E5-37EF-8107-54B591DB51FD> /System/Library/PrivateFrameworks/PlugInKit.framework/Versions/A/PlugInKit
dyld[27779]: <BFF9A39A-0993-32C8-97CA-F05123B6D637> /System/Library/PrivateFrameworks/AssertionServices.framework/Versions/A/AssertionServices
dyld[27779]: <5A1BDD04-B18E-3912-9495-D6A0E68C651D> /System/Library/Frameworks/OpenGL.framework/Versions/A/OpenGL
dyld[27779]: <EEF6CD71-D4F2-3E40-A384-182F8C759DBA> /System/Library/Frameworks/OpenGL.framework/Versions/A/Libraries/libGLU.dylib
dyld[27779]: <85288155-D6EA-3A26-8C67-B29B86DBC078> /System/Library/Frameworks/OpenGL.framework/Versions/A/Libraries/libGFXShared.dylib
dyld[27779]: <C8DC9856-2698-33F7-8504-DC487FC7A587> /System/Library/Frameworks/OpenGL.framework/Versions/A/Libraries/libGL.dylib
dyld[27779]: <5B5C65E1-9C6F-35E7-898B-262620A48732> /System/Library/Frameworks/OpenGL.framework/Versions/A/Libraries/libGLImage.dylib
dyld[27779]: <3EEBC175-D1EE-33ED-AC74-46CF9407BCCF> /System/Library/Frameworks/OpenGL.framework/Versions/A/Libraries/libCVMSPluginSupport.dylib
dyld[27779]: <905C5BF2-A3B1-33EB-866E-7531DA0C5F25> /System/Library/Frameworks/OpenGL.framework/Versions/A/Libraries/libCoreVMClient.dylib
dyld[27779]: <15B01036-B49F-3F5B-A707-160A9A966F85> /System/Library/Frameworks/OSLog.framework/Versions/A/OSLog
dyld[27779]: <A3261405-F7E6-33E8-B602-F974DBE7755E> /System/Library/Frameworks/CoreImage.framework/Versions/A/CoreImage
dyld[27779]: <99856DF2-43E3-3A8A-BA57-7FDE223BAC31> /System/Library/PrivateFrameworks/PhotosensitivityProcessing.framework/Versions/A/PhotosensitivityProcessing
dyld[27779]: <E4D8DF99-3893-3186-8111-30F76BA79BBE> /System/Library/PrivateFrameworks/TimeSync.framework/Versions/A/TimeSync
dyld[27779]: <292767C2-D857-3F86-9927-AFD76B94A9E8> /System/Library/Frameworks/OpenCL.framework/Versions/A/OpenCL
dyld[27779]: <A81CE161-2DEE-3874-857C-F62A3F52D546> /System/Library/PrivateFrameworks/GraphVisualizer.framework/Versions/A/GraphVisualizer
dyld[27779]: <978BFA5B-F1C1-3DF9-97EF-97D1939B833E> /System/Library/PrivateFrameworks/FontServices.framework/Versions/A/FontServices
dyld[27779]: <D990E4B5-60F8-312E-B601-14C9C229E467> /System/Library/PrivateFrameworks/OTSVG.framework/Versions/A/OTSVG
dyld[27779]: <0CB0E38A-C4C2-3D11-82E7-58E6D0521962> /System/Library/Frameworks/ApplicationServices.framework/Versions/A/Frameworks/ATS.framework/Versions/A/Resources/libFontRegistry.dylib
dyld[27779]: <915076EF-B8FE-3FCA-9F99-C8B057714C60> /usr/lib/libhvf.dylib
dyld[27779]: <407A0D0C-CAD7-3C21-AB16-A5B6A26672AD> /System/Library/PrivateFrameworks/ParsingInternal.framework/Versions/A/ParsingInternal
dyld[27779]: <03B97D75-2482-347A-A7FD-5A42CD05C821> /System/Library/PrivateFrameworks/FontServices.framework/libXTFontStaticRegistryData.dylib
dyld[27779]: <17646168-5B29-3666-8FAE-1DD76C0D8EAB> /System/Library/Frameworks/MetalPerformanceShaders.framework/Versions/A/Frameworks/MPSCore.framework/Versions/A/MPSCore
dyld[27779]: <3E61A2F0-BFA0-346E-9C32-7B6366909295> /System/Library/Frameworks/MetalPerformanceShaders.framework/Versions/A/Frameworks/MPSImage.framework/Versions/A/MPSImage
dyld[27779]: <5B76C886-9E0C-3454-A7F6-FB76175DB8FC> /System/Library/Frameworks/MetalPerformanceShaders.framework/Versions/A/Frameworks/MPSNeuralNetwork.framework/Versions/A/MPSNeuralNetwork
dyld[27779]: <6DFEEF33-43FF-3679-8A12-A23A82768E06> /System/Library/Frameworks/MetalPerformanceShaders.framework/Versions/A/Frameworks/MPSMatrix.framework/Versions/A/MPSMatrix
dyld[27779]: <5E06F6DE-332C-3C46-B225-278701805B44> /System/Library/Frameworks/MetalPerformanceShaders.framework/Versions/A/Frameworks/MPSRayIntersector.framework/Versions/A/MPSRayIntersector
dyld[27779]: <530AFC24-8A84-3B7A-9601-9608EA68391C> /System/Library/Frameworks/MetalPerformanceShaders.framework/Versions/A/Frameworks/MPSNDArray.framework/Versions/A/MPSNDArray
dyld[27779]: <3C6622F5-AB60-3265-826E-BCA11E76B3C9> /System/Library/Frameworks/MetalPerformanceShaders.framework/Versions/A/Frameworks/MPSFunctions.framework/Versions/A/MPSFunctions
dyld[27779]: <34C6F278-549D-3DBF-B88F-0591576512C3> /System/Library/Frameworks/MetalPerformanceShaders.framework/Versions/A/Frameworks/MPSBenchmarkLoop.framework/Versions/A/MPSBenchmarkLoop
dyld[27779]: <68535808-29A7-3C3B-9A6F-65358A8DECAD> /System/Library/Frameworks/MetalPerformanceShaders.framework/Versions/A/Frameworks/MPSHost.framework/Versions/A/MPSHost
dyld[27779]: <A21482D3-238A-3B8C-B9BF-0D03C46838BA> /System/Library/PrivateFrameworks/MetalTools.framework/Versions/A/MetalTools
dyld[27779]: <4C88B61F-FAA2-3AD1-8071-964F431680EF> /System/Library/PrivateFrameworks/MTL3On4.framework/Versions/A/MTL3On4
dyld[27779]: <9708579B-01E6-37FD-833F-BF8B65BC1CD9> /System/Library/PrivateFrameworks/IOAccelMemoryInfo.framework/Versions/A/IOAccelMemoryInfo
dyld[27779]: <331AC831-6827-362F-ACEE-EFE5C659A704> /System/Library/PrivateFrameworks/kperf.framework/Versions/A/kperf
dyld[27779]: <6B32B025-E4AC-3DBB-82A0-00C207DE3E9A> /System/Library/PrivateFrameworks/GPURawCounter.framework/Versions/A/GPURawCounter
dyld[27779]: <3033C83E-4D72-387E-BCE1-40B939E40FE1> /System/Library/PrivateFrameworks/IOKitten.framework/Versions/A/IOKitten
dyld[27779]: <BC05C7BC-39DB-3B80-BD79-9E0CF91CF33F> /System/Library/PrivateFrameworks/GraphicsServices.framework/Versions/A/GraphicsServices
dyld[27779]: <6F894094-DB42-3AC6-A636-A0015BD59420> /System/Library/PrivateFrameworks/GPUWrangler.framework/Versions/A/GPUWrangler
dyld[27779]: <387FE772-E201-30A4-9821-921F933E1C32> /System/Library/PrivateFrameworks/IOPresentment.framework/Versions/A/IOPresentment
dyld[27779]: <AE90E5E9-AFCB-355A-9F1E-F07059234C3C> /System/Library/PrivateFrameworks/DSExternalDisplay.framework/Versions/A/DSExternalDisplay
dyld[27779]: <142B5394-5EF4-3DB5-8338-21142138F677> /System/Library/PrivateFrameworks/VideoToolboxParavirtualizationSupport.framework/Versions/A/VideoToolboxParavirtualizationSupport
dyld[27779]: <DEC7945F-002C-38A7-B953-8BE56978396B> /System/Library/PrivateFrameworks/AppleVA.framework/Versions/A/AppleVA
dyld[27779]: <6805618D-047A-3C18-81FB-97E125C28BB2> /System/Library/PrivateFrameworks/CMCaptureCore.framework/Versions/A/CMCaptureCore
dyld[27779]: <33B3AF2C-F0FF-35F2-AAD1-2EF022499FA3> /usr/lib/libspindump.dylib
dyld[27779]: <841E8C95-2A2D-38A2-B853-8515D77D35C8> /System/Library/Frameworks/CoreAudio.framework/Versions/A/CoreAudio
dyld[27779]: <90A1C830-262E-3EE3-8447-01920F98415D> /System/Library/PrivateFrameworks/PowerLog.framework/Versions/A/PowerLog
dyld[27779]: <817C9244-399D-3772-9C13-72E2615D6F13> /System/Library/PrivateFrameworks/perfdata.framework/Versions/A/perfdata
dyld[27779]: <ED900A02-C2C6-3D27-91F3-6CF8F49E215D> /System/Library/PrivateFrameworks/AudioDSPGraph.framework/Versions/A/AudioDSPGraph
dyld[27779]: <D49534DE-23DB-3DF8-9E57-CF109A0E0487> /System/Library/PrivateFrameworks/AudioToolboxCore.framework/Versions/A/AudioToolboxCore
dyld[27779]: <721501E5-6354-3993-8513-C0B082F99154> /System/Library/PrivateFrameworks/caulk.framework/Versions/A/caulk
dyld[27779]: <947C4A72-B340-36F8-9CA3-9B6FB05956E1> /usr/lib/libAudioStatistics.dylib
dyld[27779]: <AD7D739F-76E6-3D58-BED7-BE7837085D30> /System/Library/PrivateFrameworks/SystemPolicy.framework/Versions/A/SystemPolicy
dyld[27779]: <993FDB0F-6C99-311F-B623-3260507145CF> /usr/lib/swift/libswiftCoreMIDI.dylib
dyld[27779]: <F4D9E702-2926-3C27-BF5F-6938A6A2DB8D> /System/Library/Frameworks/CoreMIDI.framework/Versions/A/CoreMIDI
dyld[27779]: <EFAB9F63-ADCA-3368-8C5A-EBE60BFCB8F8> /usr/lib/libperfcheck.dylib
dyld[27779]: <098255BA-32F4-3596-8584-D965FB16AEB9> /System/Library/PrivateFrameworks/AudioAnalytics.framework/Versions/A/AudioAnalytics
dyld[27779]: <BF49B46A-B64A-3017-B6FB-CAF616D2E631> /usr/lib/libmis.dylib
dyld[27779]: <F7A5EF62-DA8F-3FD4-B89E-409F16DD1F34> /System/Library/PrivateFrameworks/HIDDisplay.framework/Versions/A/HIDDisplay
dyld[27779]: <A10B4E46-70E2-361B-9449-4AFFDB1EBAFD> /System/Library/PrivateFrameworks/HID.framework/Versions/A/HID
dyld[27779]: <CBB688F9-32AB-327F-98A3-A2B9FB8CB29F> /System/Library/PrivateFrameworks/TextInput.framework/Versions/A/TextInput
dyld[27779]: <AE2DE6A1-DB51-3BF1-9BC6-3EC89B1DD2A3> /System/Library/PrivateFrameworks/CVNLP.framework/Versions/A/CVNLP
dyld[27779]: <77AFED3B-48BE-3018-B802-81E5DF334675> /System/Library/PrivateFrameworks/LanguageModeling.framework/Versions/A/LanguageModeling
dyld[27779]: <C63045E7-84CA-3E9A-90E1-282C92A6C601> /System/Library/PrivateFrameworks/DataDetectorsCore.framework/Versions/A/DataDetectorsCore
dyld[27779]: <84633B20-A721-3A05-A852-EEB2B2AFE71F> /System/Library/PrivateFrameworks/Futhark.framework/Versions/A/Futhark
dyld[27779]: <961FBB9E-EA7A-304D-B367-5C1A3AEA9B99> /System/Library/PrivateFrameworks/VisionCore.framework/Versions/A/VisionCore
dyld[27779]: <44F1BE31-5290-37C5-AB06-F9EDC95F5D6E> /System/Library/PrivateFrameworks/LinguisticData.framework/Versions/A/LinguisticData
dyld[27779]: <AA4E282F-B20A-3621-89CC-6C754797CD84> /System/Library/Frameworks/CoreML.framework/Versions/A/CoreML
dyld[27779]: <AEF65684-CCBA-320F-84F9-539379A3DBAB> /System/Library/Frameworks/NaturalLanguage.framework/Versions/A/NaturalLanguage
dyld[27779]: <B1E45316-860C-3144-9A30-F18EB7E1AE27> /System/Library/PrivateFrameworks/Espresso.framework/Versions/A/Espresso
dyld[27779]: <E8FBFD1B-74F0-371A-A315-DE4A7C00BBF9> /System/Library/PrivateFrameworks/Lexicon.framework/Versions/A/Lexicon
dyld[27779]: <47558A3F-2BAC-3921-B5FB-A7608347263A> /System/Library/Frameworks/DataDetection.framework/Versions/A/DataDetection
dyld[27779]: <3CFAEB78-F004-38DB-9CC6-58DB7A907A61> /System/Library/PrivateFrameworks/AppleNeuralEngine.framework/Versions/A/AppleNeuralEngine
dyld[27779]: <B8F45647-CF81-3569-B623-69FB7154B44A> /usr/lib/swift/libswiftCoreImage.dylib
dyld[27779]: <15B107F6-CE74-3068-A579-D18393EE7CA3> /usr/lib/swift/libswiftMLCompute.dylib
dyld[27779]: <6EC0FA30-EDBA-36FF-92E3-3A9A6BB04F5D> /usr/lib/swift/libswiftNaturalLanguage.dylib
dyld[27779]: <AD161A31-83B0-3086-8BFD-83E60B0D56B3> /System/Library/PrivateFrameworks/InternationalSupport.framework/Versions/A/InternationalSupport
dyld[27779]: <E8E1B645-35AB-36AE-90AA-08525F1369F4> /System/Library/PrivateFrameworks/CMPhoto.framework/Versions/A/CMPhoto
dyld[27779]: <63807678-66DD-38C0-B6B5-537AF33BC5B4> /System/Library/Frameworks/MediaToolbox.framework/Versions/A/MediaToolbox
dyld[27779]: <90444795-D8B0-3B5A-9771-6A7BEBABCFA7> /System/Library/PrivateFrameworks/Montreal.framework/Versions/A/Montreal
dyld[27779]: <8D2DEB18-942B-365D-BB7A-17373D21D47A> /System/Library/PrivateFrameworks/ByteMatrixVerification.framework/Versions/A/ByteMatrixVerification
dyld[27779]: <C2D5CDE0-EED3-3982-AD60-111FD7240741> /usr/lib/libFDRDecode.dylib
dyld[27779]: <F7E2A0E7-EE96-3EB5-B1D8-ED585046BBB9> /System/Library/PrivateFrameworks/AppleJPEGXL.framework/Versions/A/AppleJPEGXL
dyld[27779]: <4BEF4480-2A14-3E5F-A072-2093CDC92E45> /System/Library/Frameworks/CryptoKit.framework/Versions/A/CryptoKit
dyld[27779]: <ADF3D781-AD06-3443-9D41-322930384F56> /usr/lib/swift/libswiftCompression.dylib
dyld[27779]: <B41605FE-3861-34CB-B566-5E0E723FFA1C> /System/Library/PrivateFrameworks/CryptoKitPrivate.framework/Versions/A/CryptoKitPrivate
dyld[27779]: <A19F34CD-B02D-3108-B5FE-56F9713FD303> /System/Library/PrivateFrameworks/CryptoKitCBridging.framework/Versions/A/CryptoKitCBridging
dyld[27779]: <AF9CF31C-DD15-3A4D-AA5A-EC0B1BF5D30D> /System/Library/Frameworks/CryptoTokenKit.framework/Versions/A/CryptoTokenKit
dyld[27779]: <0FE07D84-AAF0-3468-8B09-81CFBDE17CB7> /System/Library/Frameworks/LocalAuthentication.framework/Versions/A/LocalAuthentication
dyld[27779]: <7B463B6F-6F1A-3C56-A750-D3B219159803> /System/Library/Frameworks/OpenDirectory.framework/Versions/A/OpenDirectory
dyld[27779]: <CC36DBBE-87E2-30A8-91A1-8FAF538B612C> /System/Library/PrivateFrameworks/LocalAuthenticationCore.framework/Versions/A/LocalAuthenticationCore
dyld[27779]: <171BA905-31E4-3676-931A-8C664EE9E082> /System/Library/PrivateFrameworks/LocalAuthenticationCredentialServices.framework/Versions/A/LocalAuthenticationCredentialServices
dyld[27779]: <BBE9191E-4B57-3C6B-9101-079C733F1C51> /System/Library/Frameworks/LocalAuthentication.framework/Support/SharedUtils.framework/Versions/A/SharedUtils
dyld[27779]: <76B1549A-4465-306F-9973-CC308D5F2823> /System/Library/PrivateFrameworks/DFRFoundation.framework/Versions/A/DFRFoundation
dyld[27779]: <AABD02FA-1F30-382C-9923-D4EC57D0BC69> /System/Library/PrivateFrameworks/DiskManagement.framework/Versions/A/DiskManagement
dyld[27779]: <527609C4-382A-368F-8CD6-5B3F2439B02C> /usr/lib/libcsfde.dylib
dyld[27779]: <9BE2B7B1-1E38-3462-8B1E-9275D5959679> /usr/lib/libCoreStorage.dylib
dyld[27779]: <3A8A9B4A-8B63-34EE-BD87-A34132BE3BC6> /System/Library/PrivateFrameworks/MediaKit.framework/Versions/A/MediaKit
dyld[27779]: <EB8ECED3-E112-3FCA-B394-62B74BA320EE> /System/Library/Frameworks/DiscRecording.framework/Versions/A/DiscRecording
dyld[27779]: <DF8CC588-5743-39D3-9A88-D3B370A175DD> /System/Library/PrivateFrameworks/ProtectedCloudStorage.framework/Versions/A/ProtectedCloudStorage
dyld[27779]: <5A580638-19C0-32E9-9A75-2956B04F8CC6> /System/Library/PrivateFrameworks/EFILogin.framework/Versions/A/EFILogin
dyld[27779]: <769A50BA-A8FB-314D-86A0-3AD2901A0708> /System/Library/PrivateFrameworks/AAAFoundation.framework/Versions/A/AAAFoundation
dyld[27779]: <0387B274-4C88-3D85-883F-E8F075E82EB4> /System/Library/Frameworks/Accounts.framework/Versions/A/Accounts
dyld[27779]: <A16082B4-AD51-3DCE-9C9E-FDB5602CC21A> /System/Library/PrivateFrameworks/CloudServices.framework/Versions/A/CloudServices
dyld[27779]: <605AFA6E-A8B0-327B-9089-608CA148CAD8> /System/Library/PrivateFrameworks/OctagonTrust.framework/Versions/A/OctagonTrust
dyld[27779]: <35BB52C0-B1AD-3EE5-96E2-53D6B1951B93> /System/Library/PrivateFrameworks/AppleIDAuthSupport.framework/Versions/A/AppleIDAuthSupport
dyld[27779]: <159AF37E-0867-3D07-A69E-824BD8903716> /System/Library/Frameworks/SecurityFoundation.framework/Versions/A/SecurityFoundation
dyld[27779]: <0C129C74-2E37-310A-A8E6-8AC4ADAD0AAA> /System/Library/PrivateFrameworks/KeychainCircle.framework/Versions/A/KeychainCircle
dyld[27779]: <C9FF5385-781F-33DC-9C13-1FFCFC468648> /System/Library/PrivateFrameworks/AuthKit.framework/Versions/A/AuthKit
dyld[27779]: <12579D2E-6604-3544-84E6-FB8979E3559D> /System/Library/PrivateFrameworks/MultiverseSupport.framework/Versions/A/MultiverseSupport
dyld[27779]: <0255A015-1B74-3375-8F24-D31E9C2EC9DA> /System/Library/PrivateFrameworks/URLFormatting.framework/Versions/A/URLFormatting
dyld[27779]: <7653D810-0E5D-3C66-82BC-E1512B9C9F77> /System/Library/Frameworks/AudioToolbox.framework/Versions/A/AudioToolbox
dyld[27779]: <4EE95459-2749-3BC5-A994-742A10E7C348> /System/Library/PrivateFrameworks/AudioSession.framework/Versions/A/AudioSession
dyld[27779]: <8FDD8E92-0733-3307-B8A3-8B24D72200AE> /System/Library/PrivateFrameworks/MediaExperience.framework/Versions/A/MediaExperience
dyld[27779]: <D633876D-96AC-3E60-B39A-EE31432E0895> /System/Library/PrivateFrameworks/AudioSession.framework/libSessionUtility.dylib
dyld[27779]: <45892799-7C1B-354A-9DA9-4DB3AF6F6619> /System/Library/PrivateFrameworks/AudioAccessoryServices.framework/Versions/A/AudioAccessoryServices
dyld[27779]: <D720EC05-3D61-36F4-9D43-66C2E8F4C33F> /System/Library/Frameworks/CoreBluetooth.framework/Versions/A/CoreBluetooth
dyld[27779]: <5242566F-399F-3413-8527-9E07EAA30FA5> /System/Library/PrivateFrameworks/CoreUtils.framework/Versions/A/CoreUtils
dyld[27779]: <A67F066D-DD49-3C07-9A00-7B29AC4929F2> /System/Library/PrivateFrameworks/Sharing.framework/Versions/A/Sharing
dyld[27779]: <0CAE9BCA-0D1B-3C12-A633-9F32EE9C63A0> /System/Library/PrivateFrameworks/CoreUtilsExtras.framework/Versions/A/CoreUtilsExtras
dyld[27779]: <467E4D50-66AF-32AF-BF16-FABBB69358A1> /System/Library/PrivateFrameworks/IO80211.framework/Versions/A/IO80211
dyld[27779]: <B5D6F1E0-D8E9-382F-8CC0-5E73DED9E4E8> /System/Library/PrivateFrameworks/AutoUnlock.framework/Versions/A/AutoUnlock
dyld[27779]: <2B4D5780-E640-3452-BE02-324F33BABCEE> /System/Library/PrivateFrameworks/IDSFoundation.framework/Versions/A/IDSFoundation
dyld[27779]: <29732E9A-6649-348E-8B06-8DFE3282AF52> /System/Library/PrivateFrameworks/IconServices.framework/Versions/A/IconServices
dyld[27779]: <2DCC8AA2-3642-37AA-906A-CDB18D421495> /System/Library/PrivateFrameworks/Apple80211.framework/Versions/A/Apple80211
dyld[27779]: <9A6F1D46-9554-34FE-9814-584B1442C82F> /System/Library/PrivateFrameworks/CoreWiFi.framework/Versions/A/CoreWiFi
dyld[27779]: <1A32F012-DF6F-3ED9-A869-57A59484364A> /System/Library/Frameworks/CoreWLAN.framework/Versions/A/CoreWLAN
dyld[27779]: <0F8909E8-5FEB-30F4-9F0C-452BA0426366> /System/Library/Frameworks/IOBluetooth.framework/Versions/A/IOBluetooth
dyld[27779]: <15E2350E-1E7F-3101-B816-E0438873739E> /System/Library/PrivateFrameworks/SharingCore.framework/Versions/A/SharingCore
dyld[27779]: <BC7BFCF2-2120-3313-A501-81E5E2030022> /usr/lib/swift/libswiftCoreLocation.dylib
dyld[27779]: <4484AE3C-DD6E-3D6E-B682-78031760A8DC> /System/Library/PrivateFrameworks/BiometricKit.framework/Versions/A/BiometricKit
dyld[27779]: <EA313BBC-AAAB-3716-96FA-D224A66180A9> /System/Library/PrivateFrameworks/IMFoundation.framework/Versions/A/IMFoundation
dyld[27779]: <1C5863F1-C561-3D38-8076-718C228371A4> /System/Library/PrivateFrameworks/Marco.framework/Versions/A/Marco
dyld[27779]: <C9B179FF-3071-35D9-B3CE-932C1845FA53> /System/Library/PrivateFrameworks/CommonUtilities.framework/Versions/A/CommonUtilities
dyld[27779]: <1B54007D-5CC2-3424-8101-F06E4C9201EF> /System/Library/PrivateFrameworks/Engram.framework/Versions/A/Engram
dyld[27779]: <DDCCA426-41C2-33FC-92D5-810AF76E1702> /System/Library/PrivateFrameworks/XPCDistributed.framework/Versions/A/XPCDistributed
dyld[27779]: <60F263CC-53CC-3454-A069-5C50D9D16D19> /usr/lib/libtidy.A.dylib
dyld[27779]: <6E40173C-0E6F-350B-832B-BD14D3552376> /System/Library/PrivateFrameworks/Bom.framework/Versions/A/Bom
dyld[27779]: <50396DE2-F322-317E-9ED6-FBD03C6DEC07> /usr/lib/libParallelCompression.dylib
dyld[27779]: <56CA8F0D-7FDF-38DD-9B54-C141FAEA16D4> /System/Library/PrivateFrameworks/IconFoundation.framework/Versions/A/IconFoundation
dyld[27779]: <FD60E3A6-E6B6-3F30-888C-E3C7C2795522> /System/Library/PrivateFrameworks/SiriAvailability.framework/Versions/A/SiriAvailability
dyld[27779]: <2E100945-8CFA-3D2B-B98B-346599B9AA7D> /System/Library/PrivateFrameworks/IconRendering.framework/Versions/A/IconRendering
dyld[27779]: <60DF4BCA-CAB3-3E8D-949E-F4999B9F65AB> /System/Library/PrivateFrameworks/CoreUI.framework/Versions/A/CoreUI
dyld[27779]: <51EDA369-341F-3AAA-84D9-354FAC00A73D> /System/Library/PrivateFrameworks/SFSymbols.framework/Versions/A/SFSymbols
dyld[27779]: <0CEB8553-8176-3B75-BCC3-B98FD7B64222> /System/Library/Frameworks/DeveloperToolsSupport.framework/Versions/A/DeveloperToolsSupport
dyld[27779]: <D0756662-35F8-3277-89DA-20FFABC3912B> /System/Library/PrivateFrameworks/RenderBox.framework/Versions/A/RenderBox
dyld[27779]: <BFAE1E75-29E4-33ED-8E0E-3CFCAF6A5B44> /System/Library/PrivateFrameworks/CoreSVG.framework/Versions/A/CoreSVG
dyld[27779]: <77C5ABD2-6C4C-388B-BBA5-367439EB7A43> /System/Library/PrivateFrameworks/TextureIO.framework/Versions/A/TextureIO
dyld[27779]: <1C8E48C6-0401-396B-A010-1ECE51273DFC> /System/Library/PrivateFrameworks/WallpaperServices.framework/Versions/A/WallpaperServices
dyld[27779]: <853DEB4C-3BD6-36C7-8239-9107D89EA9C4> /System/Library/Frameworks/ApplicationServices.framework/Versions/A/Frameworks/ATSUI.framework/Versions/A/ATSUI
dyld[27779]: <9B2BB676-BE90-345E-8A8A-BEA1676AB68B> /usr/lib/libIOReport.dylib
dyld[27779]: <C2CE1513-E864-34FE-9C4C-001F9E0513CC> /System/Library/PrivateFrameworks/WiFiPeerToPeer.framework/Versions/A/WiFiPeerToPeer
dyld[27779]: <5839CD39-6FDD-3C38-9824-ACE3C0CF481D> /usr/lib/libmrc.dylib
dyld[27779]: <2301FE73-C531-3885-B40F-4738EE870E90> /System/Library/PrivateFrameworks/IPConfiguration.framework/Versions/A/IPConfiguration
dyld[27779]: <0C6D9FA0-04A6-3D85-B75A-4DF17EC09F8C> /System/Library/PrivateFrameworks/Netrb.framework/Versions/A/Netrb
dyld[27779]: <F903486D-99F2-36D4-8A40-0B5BCC1B2185> /System/Library/PrivateFrameworks/FrontBoardServices.framework/Versions/A/FrontBoardServices
dyld[27779]: <907B748E-473A-3849-BFD2-07DA41ECC310> /System/Library/Frameworks/UserNotifications.framework/Versions/A/UserNotifications
dyld[27779]: <6329118D-9F82-35CD-8F38-BF2E9164D2C9> /System/Library/Frameworks/AudioUnit.framework/Versions/A/AudioUnit
dyld[27779]: <2F38131E-65D3-3A73-BC81-5C11E4112219> /System/Library/Frameworks/OpenDirectory.framework/Versions/A/Frameworks/CFOpenDirectory.framework/Versions/A/CFOpenDirectory
dyld[27779]: <CF70348E-0296-3DBB-8D53-3E62A0D85EE3> /System/Library/Frameworks/CoreLocation.framework/Versions/A/CoreLocation
dyld[27779]: <34711F94-0941-34BA-996A-A8BB638EE164> /System/Library/Frameworks/_LocationEssentials.framework/Versions/A/_LocationEssentials
dyld[27779]: <5C3AB432-E7AC-3921-941B-0E89A7E6AFD5> /System/Library/PrivateFrameworks/GeoServices.framework/Versions/A/GeoServices
dyld[27779]: <7EFFF158-298B-325B-8314-F5BA8D7E3FED> /System/Library/PrivateFrameworks/LocationSupport.framework/Versions/A/LocationSupport
dyld[27779]: <CDAEADC8-8B91-3B94-9E0A-69AFFC3CB2D4> /System/Library/PrivateFrameworks/GeoServicesCore.framework/Versions/A/GeoServicesCore
dyld[27779]: <784A1908-25BF-3DB1-8B68-29B5A287C006> /System/Library/PrivateFrameworks/PhoneNumbers.framework/Versions/A/PhoneNumbers
dyld[27779]: <360ED100-A72C-3BFB-B101-810AC55C83BF> /System/Library/PrivateFrameworks/LocationLogEncryption.framework/Versions/A/LocationLogEncryption
dyld[27779]: <11C5EEC2-C956-3593-B8D4-7066BFB3512A> /System/Library/PrivateFrameworks/CoreAVCHD.framework/Versions/A/CoreAVCHD
dyld[27779]: <053FCEB1-DB3A-3E10-A847-50BBA8A87DA1> /System/Library/Frameworks/MediaAccessibility.framework/Versions/A/MediaAccessibility
dyld[27779]: <4EA93E87-F43D-36BF-809B-71C5E586F8B7> /System/Library/PrivateFrameworks/Mangrove.framework/Versions/A/Mangrove
dyld[27779]: <612C6422-6995-3705-9828-80746E6AE585> /System/Library/Frameworks/CoreTelephony.framework/Versions/A/CoreTelephony
dyld[27779]: <3D9400FD-DE08-369B-B198-8F469BF2B8BC> /System/Library/PrivateFrameworks/CoreAUC.framework/Versions/A/CoreAUC
dyld[27779]: <75EDE623-3DF9-3496-8B40-816490D812F9> /usr/lib/libTelephonyUtilDynamic.dylib
dyld[27779]: <5D868430-6DA7-3AF8-8CEE-2DEB15F4B192> /System/Library/PrivateFrameworks/CoreEmoji.framework/Versions/A/CoreEmoji
dyld[27779]: <E73478C8-8F83-3240-BD7C-9CC3A10045D0> /System/Library/PrivateFrameworks/ANECompiler.framework/Versions/A/ANECompiler
dyld[27779]: <6CFEF06D-3736-3ED1-8AD0-3D572BA40B7C> /System/Library/PrivateFrameworks/MIL.framework/Versions/A/MIL
dyld[27779]: <029BDE56-B432-3A93-B3A3-2077CBFB41D5> /System/Library/Frameworks/MetalPerformanceShadersGraph.framework/Versions/A/MetalPerformanceShadersGraph
dyld[27779]: <47F79F7A-7249-387B-A7A3-71E3EC827D35> /System/Library/PrivateFrameworks/MLCompilerServices.framework/Versions/A/MLCompilerServices
dyld[27779]: <8A3F4B2F-7D15-3502-A3E0-DFB638C2869B> /System/Library/PrivateFrameworks/ANEServices.framework/Versions/A/ANEServices
dyld[27779]: <76CE7CC7-FD55-3502-B779-4A91DD18FF5D> /usr/lib/libncurses.5.4.dylib
dyld[27779]: <8778B0B0-B0F5-392F-80F8-C887E9681637> /usr/lib/libsandbox.1.dylib
dyld[27779]: <A2A9BDCC-3899-3B83-9EC0-AEC976B982D8> /usr/lib/libMatch.1.dylib
dyld[27779]: <FB7857DE-3E3F-3C90-B036-8DD0455D0D08> /System/Library/SubFrameworks/CoreAIRuntime.framework/Versions/A/CoreAIRuntime
dyld[27779]: <104F010A-E00F-39A2-9F9C-CAB2CC58BA3D> /System/Library/SubFrameworks/CoreAICompiler.framework/Versions/A/CoreAICompiler
dyld[27779]: <9E341275-2A38-3485-98D7-29164C4B037B> /System/Library/SubFrameworks/CoreAICommon.framework/Versions/A/CoreAICommon
dyld[27779]: <67D8CBCF-BBE3-3EB9-9469-2E6E5B785B4D> /System/Library/PrivateFrameworks/ODIE.framework/Versions/A/ODIE
dyld[27779]: <AB3C7545-E8B1-3AF8-9A7D-D202DD418B87> /System/Library/PrivateFrameworks/ODIE.framework/Versions/A/Frameworks/libODIECompiler.dylib
dyld[27779]: <E3C98A58-B2AF-34E1-AEE1-D45EF4277C3A> /System/Library/PrivateFrameworks/MLCompilerRuntime.framework/Versions/A/MLCompilerRuntime
dyld[27779]: <552048BA-26FF-33F4-B930-BD7BA6AE144E> /System/Library/Frameworks/MLCompute.framework/Versions/A/MLCompute
dyld[27779]: <DF80DDDA-A31F-34DE-B7DF-F539753D01F2> /System/Library/PrivateFrameworks/MLAssetIO.framework/Versions/A/MLAssetIO
dyld[27779]: <AE3C698D-3483-385B-8779-376AA375E626> /usr/lib/libcmph.dylib
dyld[27779]: <7DBD644B-7057-3040-8EA7-6AA373EF6580> /System/Library/Frameworks/AVFoundation.framework/Versions/A/AVFoundation
dyld[27779]: <E6AD61A0-C5EC-353E-961A-F3EF577BEB85> /System/Library/Frameworks/AVFAudio.framework/Versions/A/AVFAudio
dyld[27779]: <7FDE88CB-E3AF-3C12-A702-D3C4F45451DE> /System/Library/PrivateFrameworks/AVFCore.framework/Versions/A/AVFCore
dyld[27779]: <B3079358-30B4-38A2-9E0F-0A53D4E92A06> /System/Library/PrivateFrameworks/AVFCapture.framework/Versions/A/AVFCapture
dyld[27779]: <B1F0F27E-9C2E-3484-8281-E08E0A587628> /System/Library/Frameworks/AVRouting.framework/Versions/A/AVRouting
dyld[27779]: <177C6363-8B15-3241-AA4C-3A136A1ADF9D> /System/Library/PrivateFrameworks/IsolatedCoreAudioClient.framework/Versions/A/IsolatedCoreAudioClient
dyld[27779]: <17F45734-E410-3651-83FB-6F4F72793016> /System/Library/PrivateFrameworks/Tightbeam.framework/Versions/A/Tightbeam
dyld[27779]: <C53B71E8-ACFF-36B6-9AE2-B19300E7EFD2> /System/Library/PrivateFrameworks/CoreAudioOrchestration.framework/Versions/A/CoreAudioOrchestration
dyld[27779]: <0598C108-FF3F-3E39-965A-93157CE836D1> /System/Library/PrivateFrameworks/AFKUser.framework/Versions/A/AFKUser
dyld[27779]: <3D3A9F4D-CA58-3FC3-913D-8075FE8B295A> /usr/lib/libAccessibility.dylib
dyld[27779]: <55D2FFAA-71A5-32A9-A873-3BC601CB8270> /System/Library/PrivateFrameworks/CMCapture.framework/Versions/A/CMCapture
dyld[27779]: <65F8A024-2225-3A19-BFFE-5851DE039386> /System/Library/PrivateFrameworks/CMImaging.framework/Versions/A/CMImaging
dyld[27779]: <57F8689D-358E-3F3D-99C8-DF20BA88E009> /System/Library/PrivateFrameworks/Quagga.framework/Versions/A/Quagga
dyld[27779]: <42FA413D-F41D-3EBA-A004-1A4BF131836F> /System/Library/Frameworks/CoreMediaIO.framework/Versions/A/CoreMediaIO
dyld[27779]: <034A20DE-D152-357C-A054-77A4FAFEFEEC> /System/Library/PrivateFrameworks/CMCaptureDevice.framework/Versions/A/CMCaptureDevice
dyld[27779]: <3208EA72-418C-3925-9B1B-63C6C4D6BED7> /System/Library/PrivateFrameworks/CinematicFraming.framework/Versions/A/CinematicFraming
dyld[27779]: <3AE4DEFB-4D32-3CB0-B374-99196B4278DA> /System/Library/PrivateFrameworks/ModelManagerServices.framework/Versions/A/ModelManagerServices
dyld[27779]: <B8147487-55D3-37E7-B3EA-CCC0F73F862D> /System/Library/Frameworks/CoreMotion.framework/Versions/A/CoreMotion
dyld[27779]: <DDD3E07F-7C08-3CD1-AB49-E92A1750A62C> /System/Library/PrivateFrameworks/DistributedSensing.framework/Versions/A/DistributedSensing
dyld[27779]: <C6BB1755-D0C6-32CD-88CC-A5B56EE50645> /System/Library/PrivateFrameworks/MobileBluetooth.framework/Versions/A/MobileBluetooth
dyld[27779]: <27091226-02BD-3686-BF0E-085096893D67> /System/Library/PrivateFrameworks/Rapport.framework/Versions/A/Rapport
dyld[27779]: <0F31BAE7-B2B6-3BCB-B2C6-B239449E2734> /System/Library/PrivateFrameworks/AppleIntelligenceReporting.framework/Versions/A/AppleIntelligenceReporting
dyld[27779]: <5DF01521-DA21-3FA2-9581-1D814B129B76> /usr/lib/libcups.2.dylib
dyld[27779]: <36818586-0927-335D-94A6-FACA52DAD4EF> /System/Library/Frameworks/Kerberos.framework/Versions/A/Kerberos
dyld[27779]: <778B1AA4-BAD7-376F-B3D2-9E4351381EB6> /System/Library/Frameworks/GSS.framework/Versions/A/GSS
dyld[27779]: <7A5E3B41-E1A5-31B8-8305-00D4886ADD73> /usr/lib/libresolv.9.dylib
dyld[27779]: <65B96FD7-F535-3837-ABC1-EE1D5A60ABDB> /System/Library/PrivateFrameworks/Heimdal.framework/Versions/A/Heimdal
dyld[27779]: <7B620A28-EDAD-3A85-9119-1E2B416CE165> /System/Library/Frameworks/Kerberos.framework/Versions/A/Libraries/libHeimdalProxy.dylib
dyld[27779]: <4784BF83-DC78-3E97-9A01-C529A57BBEFA> /System/Library/PrivateFrameworks/CommonAuth.framework/Versions/A/CommonAuth
dyld[27779]: <984C45FC-1DE2-3439-B962-8EAD027A77AB> /System/Library/PrivateFrameworks/AXCoreUtilities.framework/Versions/A/AXCoreUtilities
dyld[27779]: <FD85C228-E13C-34F9-9D7D-C0712CAFB078> /usr/lib/libedit.3.dylib
dyld[27779]: <A2032F2C-B284-348F-BDFC-381250C87359> /System/Library/PrivateFrameworks/AttributeGraph.framework/Versions/A/AttributeGraph
dyld[27779]: <C084AEF8-370C-3E7E-B6BF-DA09B3A6CA0C> /usr/lib/libAXSafeCategoryBundle.dylib
dyld[27779]: <41699BFD-38D3-3314-8B07-D89CB3314E07> /System/Library/Frameworks/TabularData.framework/Versions/A/TabularData
dyld[27779]: <D5AF6F43-2DF9-32FB-8D9B-3B210FE9DF98> /System/Library/PrivateFrameworks/ArgumentParserInternal.framework/Versions/A/ArgumentParserInternal
dyld[27779]: <5F24A8BE-71E7-31BD-B08B-87B902940ACE> /System/Library/Frameworks/Accelerate.framework/Versions/A/Frameworks/vecLib.framework/Versions/A/libvDSP.dylib
dyld[27779]: <9652335A-F8D7-3B4A-ACB7-7DE6416BC466> /System/Library/Frameworks/Accelerate.framework/Versions/A/Frameworks/vecLib.framework/Versions/A/libLAPACK.dylib
dyld[27779]: <1DE99C65-6A3D-355A-8A86-094C3E0E964A> /System/Library/Frameworks/Accelerate.framework/Versions/A/Frameworks/vecLib.framework/Versions/A/libLinearAlgebra.dylib
dyld[27779]: <0E3488EF-0F47-39A1-A1CC-CDBC16D486B9> /System/Library/Frameworks/Accelerate.framework/Versions/A/Frameworks/vecLib.framework/Versions/A/libSparseBLAS.dylib
dyld[27779]: <C802FD74-589B-385F-8928-ACAA5F6F7FC5> /System/Library/Frameworks/Accelerate.framework/Versions/A/Frameworks/vecLib.framework/Versions/A/libQuadrature.dylib
dyld[27779]: <8CED8CD6-005C-3320-A862-FBD989F44C50> /System/Library/Frameworks/Accelerate.framework/Versions/A/Frameworks/vecLib.framework/Versions/A/libBNNS.dylib
dyld[27779]: <FFED5D83-AABF-3832-B0C0-6417CDB3AC0F> /System/Library/Frameworks/Accelerate.framework/Versions/A/Frameworks/vecLib.framework/Versions/A/libSparse.dylib
dyld[27779]: <8BCEEB80-860E-31E3-82D3-19AA45B6C8A4> /usr/lib/libapp_launch_measurement.dylib
dyld[27779]: <AD67DE6D-1296-374B-BF2A-B6EDCC811F6D> /System/Library/PrivateFrameworks/InstalledContentLibrary.framework/Versions/A/InstalledContentLibrary
dyld[27779]: <11F768F3-A56B-396F-B00D-3FC186B5476B> /System/Library/PrivateFrameworks/CoreServicesStore.framework/Versions/A/CoreServicesStore
dyld[27779]: <71573CF6-9FE6-386F-AEE4-E439FFE15829> /System/Library/PrivateFrameworks/AppleMobileFileIntegrity.framework/Versions/A/AppleMobileFileIntegrity
dyld[27779]: <FBC60DCF-D42B-3D08-B58C-A667E28E8B80> /System/Library/PrivateFrameworks/MobileSystemServices.framework/Versions/A/MobileSystemServices
dyld[27779]: <74D3A61E-85C1-355C-80CA-9B7F2D6C2EDE> /System/Library/PrivateFrameworks/ConfigProfileHelper.framework/Versions/A/ConfigProfileHelper
dyld[27779]: <B97F2F85-7D93-39F9-8818-0D15E7FC9C83> /usr/lib/libxslt.1.dylib
dyld[27779]: <3E9AEDC3-E785-3F03-BD6D-E96E3B23F19A> /System/Library/PrivateFrameworks/BackgroundTaskManagement.framework/Versions/A/BackgroundTaskManagement
dyld[27779]: <6EACD1BE-2F93-35BF-BE65-9A936994473D> /usr/lib/libcurl.4.dylib
dyld[27779]: <31BB8ED0-21DB-3DDB-BF06-489A37C06BC3> /usr/lib/libcrypto.46.dylib
dyld[27779]: <19CB2D19-0977-3813-9147-7409AA190486> /usr/lib/libssl.48.dylib
dyld[27779]: <8E111D97-BEBB-3C0D-9CDD-300BDF7D91E9> /System/Library/Frameworks/LDAP.framework/Versions/A/LDAP
dyld[27779]: <F639BC9D-D643-36EB-947D-E8C6FCCAF506> /System/Library/PrivateFrameworks/TrustEvaluationAgent.framework/Versions/A/TrustEvaluationAgent
dyld[27779]: <3D1F6EBF-66CF-3AFE-9EC6-946AC68BA8EF> /usr/lib/libsasl2.2.dylib
dyld[27779]: <B2F31AE9-FA1F-3D55-BE68-A2301B8FF7C1> /System/Library/PrivateFrameworks/NetAuth.framework/Versions/A/NetAuth
dyld[27779]: <2B75C856-223B-39C6-B787-015DD8EE4BFB> /System/Library/PrivateFrameworks/login.framework/Versions/A/Frameworks/loginsupport.framework/Versions/A/loginsupport
dyld[27779]: move loaded to delayed: libcmark-gfm.dylib
dyld[27779]: move loaded to delayed: libCGInterfaces.dylib
dyld[27779]: move loaded to delayed: AccelerateGPU
dyld[27779]: move loaded to delayed: ApplicationServices
dyld[27779]: move loaded to delayed: ATS
dyld[27779]: move loaded to delayed: HIServices
dyld[27779]: move loaded to delayed: PrintCore
dyld[27779]: move loaded to delayed: QD
dyld[27779]: move loaded to delayed: ColorSyncLegacy
dyld[27779]: move loaded to delayed: SpeechSynthesis
dyld[27779]: move loaded to delayed: TextRecognition
dyld[27779]: move loaded to delayed: AudioDSPGraph
dyld[27779]: move loaded to delayed: TextInput
dyld[27779]: move loaded to delayed: CVNLP
dyld[27779]: move loaded to delayed: LanguageModeling
dyld[27779]: move loaded to delayed: DataDetectorsCore
dyld[27779]: move loaded to delayed: Futhark
dyld[27779]: move loaded to delayed: VisionCore
dyld[27779]: move loaded to delayed: CoreML
dyld[27779]: move loaded to delayed: NaturalLanguage
dyld[27779]: move loaded to delayed: Espresso
dyld[27779]: move loaded to delayed: DataDetection
dyld[27779]: move loaded to delayed: AppleNeuralEngine
dyld[27779]: move loaded to delayed: libswiftCoreImage.dylib
dyld[27779]: move loaded to delayed: libswiftMLCompute.dylib
dyld[27779]: move loaded to delayed: libswiftNaturalLanguage.dylib
dyld[27779]: move loaded to delayed: InternationalSupport
dyld[27779]: move loaded to delayed: CMPhoto
dyld[27779]: move loaded to delayed: MediaToolbox
dyld[27779]: move loaded to delayed: Montreal
dyld[27779]: move loaded to delayed: ByteMatrixVerification
dyld[27779]: move loaded to delayed: libFDRDecode.dylib
dyld[27779]: move loaded to delayed: AppleJPEGXL
dyld[27779]: move loaded to delayed: CryptoKit
dyld[27779]: move loaded to delayed: libswiftCompression.dylib
dyld[27779]: move loaded to delayed: CryptoKitPrivate
dyld[27779]: move loaded to delayed: CryptoKitCBridging
dyld[27779]: move loaded to delayed: CryptoTokenKit
dyld[27779]: move loaded to delayed: LocalAuthentication
dyld[27779]: move loaded to delayed: LocalAuthenticationCore
dyld[27779]: move loaded to delayed: LocalAuthenticationCredentialServices
dyld[27779]: move loaded to delayed: SharedUtils
dyld[27779]: move loaded to delayed: DFRFoundation
dyld[27779]: move loaded to delayed: DiskManagement
dyld[27779]: move loaded to delayed: libcsfde.dylib
dyld[27779]: move loaded to delayed: libCoreStorage.dylib
dyld[27779]: move loaded to delayed: ProtectedCloudStorage
dyld[27779]: move loaded to delayed: EFILogin
dyld[27779]: move loaded to delayed: AAAFoundation
dyld[27779]: move loaded to delayed: Accounts
dyld[27779]: move loaded to delayed: CloudServices
dyld[27779]: move loaded to delayed: OctagonTrust
dyld[27779]: move loaded to delayed: AppleIDAuthSupport
dyld[27779]: move loaded to delayed: KeychainCircle
dyld[27779]: move loaded to delayed: AuthKit
dyld[27779]: move loaded to delayed: MultiverseSupport
dyld[27779]: move loaded to delayed: URLFormatting
dyld[27779]: move loaded to delayed: AudioAccessoryServices
dyld[27779]: move loaded to delayed: CoreBluetooth
dyld[27779]: move loaded to delayed: CoreUtils
dyld[27779]: move loaded to delayed: Sharing
dyld[27779]: move loaded to delayed: CoreUtilsExtras
dyld[27779]: move loaded to delayed: IO80211
dyld[27779]: move loaded to delayed: AutoUnlock
dyld[27779]: move loaded to delayed: IDSFoundation
dyld[27779]: move loaded to delayed: IconServices
dyld[27779]: move loaded to delayed: Apple80211
dyld[27779]: move loaded to delayed: CoreWiFi
dyld[27779]: move loaded to delayed: CoreWLAN
dyld[27779]: move loaded to delayed: IOBluetooth
dyld[27779]: move loaded to delayed: SharingCore
dyld[27779]: move loaded to delayed: libswiftCoreLocation.dylib
dyld[27779]: move loaded to delayed: BiometricKit
dyld[27779]: move loaded to delayed: IMFoundation
dyld[27779]: move loaded to delayed: Marco
dyld[27779]: move loaded to delayed: CommonUtilities
dyld[27779]: move loaded to delayed: Engram
dyld[27779]: move loaded to delayed: XPCDistributed
dyld[27779]: move loaded to delayed: libtidy.A.dylib
dyld[27779]: move loaded to delayed: Bom
dyld[27779]: move loaded to delayed: libParallelCompression.dylib
dyld[27779]: move loaded to delayed: IconFoundation
dyld[27779]: move loaded to delayed: SiriAvailability
dyld[27779]: move loaded to delayed: IconRendering
dyld[27779]: move loaded to delayed: CoreUI
dyld[27779]: move loaded to delayed: SFSymbols
dyld[27779]: move loaded to delayed: DeveloperToolsSupport
dyld[27779]: move loaded to delayed: RenderBox
dyld[27779]: move loaded to delayed: CoreSVG
dyld[27779]: move loaded to delayed: TextureIO
dyld[27779]: move loaded to delayed: WallpaperServices
dyld[27779]: move loaded to delayed: ATSUI
dyld[27779]: move loaded to delayed: libIOReport.dylib
dyld[27779]: move loaded to delayed: WiFiPeerToPeer
dyld[27779]: move loaded to delayed: libmrc.dylib
dyld[27779]: move loaded to delayed: IPConfiguration
dyld[27779]: move loaded to delayed: Netrb
dyld[27779]: move loaded to delayed: FrontBoardServices
dyld[27779]: move loaded to delayed: UserNotifications
dyld[27779]: move loaded to delayed: AudioUnit
dyld[27779]: move loaded to delayed: CoreLocation
dyld[27779]: move loaded to delayed: _LocationEssentials
dyld[27779]: move loaded to delayed: GeoServices
dyld[27779]: move loaded to delayed: LocationSupport
dyld[27779]: move loaded to delayed: GeoServicesCore
dyld[27779]: move loaded to delayed: PhoneNumbers
dyld[27779]: move loaded to delayed: LocationLogEncryption
dyld[27779]: move loaded to delayed: CoreAVCHD
dyld[27779]: move loaded to delayed: MediaAccessibility
dyld[27779]: move loaded to delayed: Mangrove
dyld[27779]: move loaded to delayed: CoreTelephony
dyld[27779]: move loaded to delayed: CoreAUC
dyld[27779]: move loaded to delayed: libTelephonyUtilDynamic.dylib
dyld[27779]: move loaded to delayed: CoreEmoji
dyld[27779]: move loaded to delayed: ANECompiler
dyld[27779]: move loaded to delayed: MetalPerformanceShadersGraph
dyld[27779]: move loaded to delayed: MLCompilerServices
dyld[27779]: move loaded to delayed: ANEServices
dyld[27779]: move loaded to delayed: libncurses.5.4.dylib
dyld[27779]: move loaded to delayed: libsandbox.1.dylib
dyld[27779]: move loaded to delayed: libMatch.1.dylib
dyld[27779]: move loaded to delayed: CoreAIRuntime
dyld[27779]: move loaded to delayed: CoreAICompiler
dyld[27779]: move loaded to delayed: CoreAICommon
dyld[27779]: move loaded to delayed: ODIE
dyld[27779]: move loaded to delayed: libODIECompiler.dylib
dyld[27779]: move loaded to delayed: MLCompilerRuntime
dyld[27779]: move loaded to delayed: MLCompute
dyld[27779]: move loaded to delayed: MLAssetIO
dyld[27779]: move loaded to delayed: libcmph.dylib
dyld[27779]: move loaded to delayed: AVFoundation
dyld[27779]: move loaded to delayed: AVFAudio
dyld[27779]: move loaded to delayed: AVFCore
dyld[27779]: move loaded to delayed: AVFCapture
dyld[27779]: move loaded to delayed: AVRouting
dyld[27779]: move loaded to delayed: IsolatedCoreAudioClient
dyld[27779]: move loaded to delayed: Tightbeam
dyld[27779]: move loaded to delayed: CoreAudioOrchestration
dyld[27779]: move loaded to delayed: AFKUser
dyld[27779]: move loaded to delayed: libAccessibility.dylib
dyld[27779]: move loaded to delayed: CMCapture
dyld[27779]: move loaded to delayed: CMImaging
dyld[27779]: move loaded to delayed: Quagga
dyld[27779]: move loaded to delayed: CoreMediaIO
dyld[27779]: move loaded to delayed: CMCaptureDevice
dyld[27779]: move loaded to delayed: CinematicFraming
dyld[27779]: move loaded to delayed: ModelManagerServices
dyld[27779]: move loaded to delayed: CoreMotion
dyld[27779]: move loaded to delayed: DistributedSensing
dyld[27779]: move loaded to delayed: MobileBluetooth
dyld[27779]: move loaded to delayed: Rapport
dyld[27779]: move loaded to delayed: AppleIntelligenceReporting
dyld[27779]: move loaded to delayed: libcups.2.dylib
dyld[27779]: move loaded to delayed: AXCoreUtilities
dyld[27779]: move loaded to delayed: libedit.3.dylib
dyld[27779]: move loaded to delayed: AttributeGraph
dyld[27779]: move loaded to delayed: libAXSafeCategoryBundle.dylib
dyld[27779]: move loaded to delayed: TabularData
dyld[27779]: move loaded to delayed: ArgumentParserInternal
002c:trace:loaddll:build_module Loaded L"C:\\windows\\system32\\wineboot.exe" at 0000000140000000: builtin
002c:trace:loaddll:build_module Loaded L"C:\\windows\\system32\\kernelbase.dll" at 00006FFFFFC10000: builtin
002c:trace:loaddll:build_module Loaded L"C:\\windows\\system32\\kernel32.dll" at 00006FFFFFEC0000: builtin
002c:trace:loaddll:build_module Loaded L"C:\\windows\\system32\\msvcrt.dll" at 00006FFFFFAF0000: builtin
002c:trace:loaddll:build_module Loaded L"C:\\windows\\system32\\ucrtbase.dll" at 00006FFFFF9D0000: builtin
002c:trace:loaddll:build_module Loaded L"C:\\windows\\system32\\sechost.dll" at 00006FFFFFAC0000: builtin
002c:trace:loaddll:build_module Loaded L"C:\\windows\\system32\\advapi32.dll" at 00006FFFFFBB0000: builtin
002c:trace:loaddll:build_module Loaded L"C:\\windows\\system32\\ws2_32.dll" at 00006FFFFF990000: builtin
002c:fixme:winediag:loader_init wine-sikarugir 10.0 is a testing version containing experimental patches.
002c:fixme:winediag:loader_init Please mention your exact version when filing bug reports to Sikarugir-App.
dyld[27779]: <AB267C40-9E48-3365-9EC5-B40454AE10C1> /private/tmp/step10a4-highball-V5DiZw/engine/lib/wine/x86_64-unix/ws2_32.so
002c:err:wineboot:process_run_key Error running cmd L"C:\\windows\\system32\\winemenubuilder.exe -a -r" (2).
dyld[27781]: <E8BD2F5D-31CD-3E5D-B239-7D6C7B698EA9> /private/tmp/step10a4-highball-V5DiZw/engine/bin/wine
dyld[27781]: <C35C3CFC-E1B6-36CB-8F34-F1B9CED0E362> /usr/lib/libSystem.B.dylib
dyld[27781]: <AD218373-799B-3BA0-9D22-6CF6EF7A5E92> /usr/lib/system/libcache.dylib
dyld[27781]: <4DB84DD1-66CE-3AF3-98F7-E3ECD3445CAB> /usr/lib/system/libcommonCrypto.dylib
dyld[27781]: <ADF5CD65-B192-3261-B0A8-1923DC6FD1F4> /usr/lib/system/libcompiler_rt.dylib
dyld[27781]: <B654BDF4-CAF2-366B-B724-7F0C80A7C988> /usr/lib/system/libcopyfile.dylib
dyld[27781]: <1654DB72-6508-373A-AFCD-A11AE4B4A111> /usr/lib/system/libcorecrypto.dylib
dyld[27781]: <C9CE6EB5-E461-3D14-87EC-3D9EC083F36C> /usr/lib/system/libdispatch.dylib
dyld[27781]: <7CE1E71D-6070-37E6-8885-F63FCBBA4F5F> /usr/lib/system/libdyld.dylib
dyld[27781]: <DDFC973E-DE9D-3F4A-B6B0-D4197C39D86D> /usr/lib/system/libkeymgr.dylib
dyld[27781]: <598B55F4-54B2-3E18-807E-D76251119D0E> /usr/lib/system/libmacho.dylib
dyld[27781]: <C70805D8-E2BC-30DB-95E8-72E98E125E29> /usr/lib/system/libquarantine.dylib
dyld[27781]: <9705AC41-D08C-3620-BC12-50F19EBBE26F> /usr/lib/system/libremovefile.dylib
dyld[27781]: <1479C560-2FDF-38E1-9B15-05CD2D84318A> /usr/lib/system/libsystem_asl.dylib
dyld[27781]: <7C2C988E-15E9-3CB4-BAFF-C0B51B03EB6B> /usr/lib/system/libsystem_blocks.dylib
dyld[27781]: <5189C409-7FC9-3ED9-9C35-115DE311AD0E> /usr/lib/system/libsystem_c.dylib
dyld[27781]: <3165A454-B215-3725-9E9E-02D110A9F8D4> /usr/lib/system/libsystem_collections.dylib
dyld[27781]: <359AB422-DD50-3256-B1C6-F72DF9DD987A> /usr/lib/system/libsystem_configuration.dylib
dyld[27781]: <1B79C1E0-CA9B-30F1-ACD7-79C427C8B363> /usr/lib/system/libsystem_containermanager.dylib
dyld[27781]: <64BC6CC4-ECC7-3030-9713-ECBC9C89FDC6> /usr/lib/system/libsystem_coreservices.dylib
dyld[27781]: <F2C0B46B-0E3B-3D69-88E3-7438D86E2400> /usr/lib/system/libsystem_darwin.dylib
dyld[27781]: <9E147608-C331-3C58-8BDB-9BCD72676DF9> /usr/lib/system/libsystem_darwindirectory.dylib
dyld[27781]: <9155855F-09DE-3716-8EE1-D0E471817E4B> /usr/lib/system/libsystem_dnssd.dylib
dyld[27781]: <8DDD0D3E-463F-3588-99ED-CD3143D4D7E8> /usr/lib/system/libsystem_eligibility.dylib
dyld[27781]: <65390F97-3CEE-39F9-A4A8-6AAAEBE5CAF4> /usr/lib/system/libsystem_featureflags.dylib
dyld[27781]: <43FED5F7-ABEE-3709-9DBC-63C15471566A> /usr/lib/system/libsystem_info.dylib
dyld[27781]: <6B647DA7-B1BD-3553-99A4-318A0A54ADE4> /usr/lib/system/libsystem_m.dylib
dyld[27781]: <AA9F3382-0989-3BFD-8D3A-D0F95422DB89> /usr/lib/system/libsystem_malloc.dylib
dyld[27781]: <9684139A-D966-39F4-BE5A-5DC2F35E198F> /usr/lib/system/libsystem_networkextension.dylib
dyld[27781]: <BC7A29BB-B5B6-3273-A306-1A32A631CAC7> /usr/lib/system/libsystem_notify.dylib
dyld[27781]: <EBD29789-35BD-37AE-AFCB-6F951941E93C> /usr/lib/system/libsystem_sandbox.dylib
dyld[27781]: <260D9D91-0E97-3CE8-8DD7-5F8DAD1CEC12> /usr/lib/system/libsystem_sanitizers.dylib
dyld[27781]: <10604294-2616-3323-8EE7-13B7AA6FA0F4> /usr/lib/system/libsystem_secinit.dylib
dyld[27781]: <40155496-5BD7-3491-AEFC-B4395F3DCF04> /usr/lib/system/libsystem_kernel.dylib
dyld[27781]: <6D92CF2D-A008-36B6-B516-C960029E4960> /usr/lib/system/libsystem_platform.dylib
dyld[27781]: <0BAFE0E7-F27F-363F-A13C-70619F985288> /usr/lib/system/libsystem_pthread.dylib
dyld[27781]: <14B38348-6F43-316E-9559-4A5E077AFC52> /usr/lib/system/libsystem_symptoms.dylib
dyld[27781]: <2AE5497B-628B-3027-B36D-AA62D9C95D20> /usr/lib/system/libsystem_trace.dylib
dyld[27781]: <E9DCD1A4-A6F0-356D-89E0-CDB2D6E1E755> /usr/lib/system/libsystem_trial.dylib
dyld[27781]: <F786DF52-020C-3CD4-85A4-42BBADA2E485> /usr/lib/system/libunwind.dylib
dyld[27781]: <A44EE173-2555-3EA9-B836-0AF203AFBF46> /usr/lib/system/libxpc.dylib
dyld[27781]: <AD71C77A-7D9F-3D67-AF76-A029629F8A52> /usr/lib/libc++abi.dylib
dyld[27781]: <FA4B4D4D-4A72-301D-82E4-0415534FF26C> /usr/lib/libobjc.A.dylib
dyld[27781]: <5E62C50D-63D5-3D91-8408-6175282185E7> /usr/lib/libRosetta.dylib
dyld[27781]: <8DAA0737-BE5F-3F33-929E-DAD557873C98> /usr/lib/libc++.1.dylib
dyld[27781]: <335FE197-93DD-3981-827B-759F2392CF07> /private/tmp/step10a4-highball-V5DiZw/engine/lib/wine/x86_64-unix/ntdll.so
dyld[27781]: <A8EB4F11-C0D5-3F15-A780-879C56203E0C> /System/Library/Frameworks/IOKit.framework/Versions/A/IOKit
dyld[27781]: <5E62C50D-63D5-3D91-8408-6175282185E7> /usr/lib/liboah.dylib
dyld[27781]: <B459B479-FC1A-3C62-BCC0-E87C4CB7B1C5> /usr/lib/libDiagnosticMessagesClient.dylib
dyld[27781]: <A6B926CC-8265-30C8-A0B4-B1FA5736B4FD> /usr/lib/libenergytrace.dylib
dyld[27781]: <022D827A-54B6-36C6-8F2E-21871F2082D5> /usr/lib/libbsm.0.dylib
dyld[27781]: <B08331D8-B583-3318-ADA7-B5939493E835> /System/Library/Frameworks/CoreFoundation.framework/Versions/A/CoreFoundation
dyld[27781]: <CCA5EC52-A9CD-3589-A804-AFF5BDF15489> /usr/lib/libz.1.dylib
dyld[27781]: <B3B167F4-133E-36CD-92C0-228C57113795> /usr/lib/system/libkxld.dylib
dyld[27781]: <2E0B4D74-C5BC-342B-970B-B50814C8771D> /System/Library/PrivateFrameworks/SoftLinking.framework/Versions/A/SoftLinking
dyld[27781]: <FF355D69-B1AE-3A77-83D3-74552649536D> /System/Library/PrivateFrameworks/CoreServicesInternal.framework/Versions/A/CoreServicesInternal
dyld[27781]: <E832CDD3-EC43-3FDE-950B-4B2DDD2EE627> /System/Library/Frameworks/Foundation.framework/Versions/C/Foundation
dyld[27781]: <FA8187C5-6DC0-3580-BC9A-6CCEF81F8B88> /usr/lib/libfakelink.dylib
dyld[27781]: <9EB824DA-83AB-365D-B5F1-311757BAB13F> /usr/lib/libicucore.A.dylib
dyld[27781]: <3E87F493-4F61-39C7-A5E2-B23C8035D8AD> /System/Library/Frameworks/CoreServices.framework/Versions/A/CoreServices
dyld[27781]: <83C00352-42B3-3176-BCF3-21C5A8354B69> /System/Library/Frameworks/Security.framework/Versions/A/Security
dyld[27781]: <30EF56FE-5FF9-3E23-B955-4B32776DB696> /System/Library/PrivateFrameworks/DiskImages.framework/Versions/A/DiskImages
dyld[27781]: <4DDB589C-3E74-33BB-9608-E6D732C7768F> /System/Library/Frameworks/NetFS.framework/Versions/A/NetFS
dyld[27781]: <0C206EA7-DB71-343F-9602-8000DFE92D57> /System/Library/Frameworks/CFNetwork.framework/Versions/A/CFNetwork
dyld[27781]: <6BD9A7B1-BD79-3BD1-8E60-A351268524BF> /System/Library/Frameworks/CoreServices.framework/Versions/A/Frameworks/FSEvents.framework/Versions/A/FSEvents
dyld[27781]: <ECD9465F-8A62-3CC4-B263-ED77CC35CC57> /System/Library/Frameworks/CoreServices.framework/Versions/A/Frameworks/CarbonCore.framework/Versions/A/CarbonCore
dyld[27781]: <3E469D4D-5E88-3E05-A36A-5E4748822538> /System/Library/Frameworks/CoreServices.framework/Versions/A/Frameworks/Metadata.framework/Versions/A/Metadata
dyld[27781]: <CCDDC516-276B-3F1D-AEAD-8BDADEA84A8E> /System/Library/Frameworks/CoreServices.framework/Versions/A/Frameworks/OSServices.framework/Versions/A/OSServices
dyld[27781]: <4DE627B3-266F-3CAD-A604-272AAC2154D5> /System/Library/Frameworks/CoreServices.framework/Versions/A/Frameworks/SearchKit.framework/Versions/A/SearchKit
dyld[27781]: <3940B96B-C857-3B4D-9295-A3AD8F190E7C> /System/Library/Frameworks/CoreServices.framework/Versions/A/Frameworks/AE.framework/Versions/A/AE
dyld[27781]: <88879E3D-60BC-335F-BC83-6E7AA6360641> /System/Library/Frameworks/CoreServices.framework/Versions/A/Frameworks/LaunchServices.framework/Versions/A/LaunchServices
dyld[27781]: <DB20022E-8F2D-3F01-95FD-CD3F40758294> /System/Library/Frameworks/CoreServices.framework/Versions/A/Frameworks/DictionaryServices.framework/Versions/A/DictionaryServices
dyld[27781]: <3C402754-C897-3358-B2A6-53AC950F0AAD> /System/Library/Frameworks/CoreServices.framework/Versions/A/Frameworks/SharedFileList.framework/Versions/A/SharedFileList
dyld[27781]: <51ADA3FF-7D95-32BB-8D53-9A79D19737A6> /System/Library/Frameworks/SystemConfiguration.framework/Versions/A/SystemConfiguration
dyld[27781]: <566D0F44-DC97-37B0-A816-F9C52E678AB7> /usr/lib/libapple_nghttp2.dylib
dyld[27781]: <C3D64E6D-68E6-3606-B4A2-0615C2914C4A> /usr/lib/libcompression.dylib
dyld[27781]: <BCCC90C6-AFF2-3E30-A3FF-ECB449916C9B> /usr/lib/libsqlite3.dylib
dyld[27781]: <E48C0927-6427-39B2-9E1D-064FFCC1D026> /System/Library/Frameworks/Network.framework/Versions/A/Network
dyld[27781]: <3FBE1DC9-EC26-3A3D-91D4-0C1347161636> /System/Library/PrivateFrameworks/AppleKeyStore.framework/Versions/A/AppleKeyStore
dyld[27781]: <999857AC-6B67-32B0-ACD9-03E27BF1DF82> /usr/lib/libCoreEntitlements.dylib
dyld[27781]: <B01BECF4-3FD8-3EB9-A385-C6E86E258B5D> /usr/lib/libTLE.dylib
dyld[27781]: <66326DEB-49FA-3A5A-8655-0A7F3C46C43F> /System/Library/PrivateFrameworks/MessageSecurity.framework/Versions/A/MessageSecurity
dyld[27781]: <63746141-C4F7-3C15-BFF9-8690FDCFA934> /System/Library/PrivateFrameworks/ProtocolBuffer.framework/Versions/A/ProtocolBuffer
dyld[27781]: <49E753F2-5BE7-3D0F-A620-52519749D4FA> /System/Library/PrivateFrameworks/SymptomDiagnosticReporter.framework/Versions/A/SymptomDiagnosticReporter
dyld[27781]: <D565FF2C-0F9E-33C8-BF97-8B784B5AC862> /System/Library/PrivateFrameworks/CrashReporterSupport.framework/Versions/A/CrashReporterSupport
dyld[27781]: <6755F843-27F7-3CC6-A704-87037158E019> /System/Library/PrivateFrameworks/CoreAnalytics.framework/Versions/A/CoreAnalytics
dyld[27781]: <9171B014-BABF-3AF4-BE23-254F4267F0DD> /System/Library/PrivateFrameworks/CoreTime.framework/Versions/A/CoreTime
dyld[27781]: <4EE62B14-42C5-37D8-B7B9-7F48B39ADE42> /usr/lib/libMobileGestalt.dylib
dyld[27781]: <3A9AC8ED-1C48-3070-A4C0-748A011A4ECF> /System/Library/PrivateFrameworks/AppleFSCompression.framework/Versions/A/AppleFSCompression
dyld[27781]: <0F8695F5-0D7F-388C-8D2B-21E64C0C5C37> /usr/lib/libcoretls.dylib
dyld[27781]: <B0AA1109-6DD2-3F0A-9BFB-7ED7D22C22B7> /usr/lib/libcoretls_cfhelpers.dylib
dyld[27781]: <6D962100-4769-3EC0-AEA5-C5C76149B497> /usr/lib/libpam.2.dylib
dyld[27781]: <00A6D787-1FF6-31C2-962C-166285687ECD> /usr/lib/libxar.1.dylib
dyld[27781]: <E4A7FCAA-6DCC-396C-80D2-EF1D88CFB305> /System/Library/PrivateFrameworks/NSPredicateSecurityPolicy.framework/Versions/A/NSPredicateSecurityPolicy
dyld[27781]: <0282ADDB-A746-3F00-8CFF-17FB254825AB> /System/Library/PrivateFrameworks/CoreAutoLayout.framework/Versions/A/CoreAutoLayout
dyld[27781]: <B0DEC2B5-F2A5-3F34-A857-11A54E65762C> /usr/lib/libcmark-gfm.dylib
dyld[27781]: <FB5AA338-58FC-3C93-BCAB-72D86BA529FA> /System/Library/Frameworks/DiskArbitration.framework/Versions/A/DiskArbitration
dyld[27781]: <AE66ACCE-6DB6-3B10-BC35-BD1C16C5E196> /usr/lib/libarchive.2.dylib
dyld[27781]: <3A504FE5-5FBC-3BEA-80FA-2A9C1B0387A8> /usr/lib/libxml2.2.dylib
dyld[27781]: <55797398-303F-3BB1-BEC6-CEFD9F8E063D> /usr/lib/liblangid.dylib
dyld[27781]: <405F1701-2A88-39F3-B583-8FCD29BAE690> /System/Library/Frameworks/Combine.framework/Versions/A/Combine
dyld[27781]: <654A1A4C-BF42-36B9-BC83-F3458817C2DB> /System/Library/PrivateFrameworks/CollectionsInternal.framework/Versions/A/CollectionsInternal
dyld[27781]: <49E03386-1E43-3A94-97F5-0E82A4CDA134> /System/Library/PrivateFrameworks/ReflectionInternal.framework/Versions/A/ReflectionInternal
dyld[27781]: <D9602378-8FEF-30FD-985F-4502E4B4058E> /System/Library/PrivateFrameworks/RuntimeInternal.framework/Versions/A/RuntimeInternal
dyld[27781]: <0DAE92D9-DEEE-353C-9B41-781EECACD199> /usr/lib/swift/libswiftCore.dylib
dyld[27781]: <5FF496BF-7F3D-33B6-9554-0A6B16298857> /usr/lib/swift/libswiftCoreFoundation.dylib
dyld[27781]: <89C0405A-C9D5-336C-BF36-B659B4FCE83A> /usr/lib/swift/libswiftDarwin.dylib
dyld[27781]: <E2296D76-48E1-3BF6-80C4-6A1FA168D2E1> /usr/lib/swift/libswiftDispatch.dylib
dyld[27781]: <18F8C26A-DE5D-3B65-B0B1-3D46C64A6E1A> /usr/lib/swift/libswiftIOKit.dylib
dyld[27781]: <D36234BA-B610-31CA-846F-2D39483712BA> /usr/lib/swift/libswiftObjectiveC.dylib
dyld[27781]: <4AE77A8B-1774-3730-A01B-CBD63D764B83> /usr/lib/swift/libswiftObservation.dylib
dyld[27781]: <1B245C8C-01C1-33A8-B293-5767CA8BE260> /usr/lib/swift/libswiftSynchronization.dylib
dyld[27781]: <95E81E1E-7F1E-371D-9DDE-BB4884B6ED46> /usr/lib/swift/libswiftSystem.dylib
dyld[27781]: <07821AEC-ED84-3916-B2D7-01F88A0F2381> /usr/lib/swift/libswiftXPC.dylib
dyld[27781]: <1D45348D-37AB-34AE-B575-22542463EB58> /usr/lib/swift/libswift_Builtin_float.dylib
dyld[27781]: <C0BC056F-4B5C-3AA1-B077-1EFDC4708672> /usr/lib/swift/libswift_Concurrency.dylib
dyld[27781]: <CA8706CE-EAD3-3010-894F-07FC48EE618E> /usr/lib/swift/libswift_DarwinFoundation1.dylib
dyld[27781]: <B7AF51B9-600B-36B9-B8C0-3E5B5337700A> /usr/lib/swift/libswift_StringProcessing.dylib
dyld[27781]: <8F0C6BC2-A28B-332F-9F7C-998A9E3BD19B> /usr/lib/swift/libswiftos.dylib
dyld[27781]: <C7CC753B-7B87-3C94-B989-9146B16FC21D> /System/Library/PrivateFrameworks/AppleSystemInfo.framework/Versions/A/AppleSystemInfo
dyld[27781]: <5427D9A6-94B1-3793-897A-D083E5733B26> /System/Library/Frameworks/SwiftData.framework/Versions/A/SwiftData
dyld[27781]: <7B72381C-1FDB-35C5-A822-6D555C3793D1> /usr/lib/libboringssl.dylib
dyld[27781]: <96C90097-BC24-35F9-BA16-F88BE0C2A090> /usr/lib/libdns_services.dylib
dyld[27781]: <56D76827-807B-3049-9B99-8A57C40A688D> /usr/lib/libquic.dylib
dyld[27781]: <9F96AC2E-E245-3AD8-AA63-CEDECB419768> /usr/lib/libusrtcp.dylib
dyld[27781]: <C26E08BF-1824-3E73-82C4-93100B30EAD3> /System/Library/PrivateFrameworks/AtomicsInternal.framework/Versions/A/AtomicsInternal
dyld[27781]: <C7197C1E-1B3B-396E-87FA-611C0F3E53BE> /System/Library/PrivateFrameworks/InternalSwiftProtobuf.framework/Versions/A/InternalSwiftProtobuf
dyld[27781]: <209B029B-765D-3432-BB75-0569E06734C3> /usr/lib/swift/libswiftDistributed.dylib
dyld[27781]: <01A2CAEA-665C-3D01-A04A-941FAD914652> /System/Library/Frameworks/CoreData.framework/Versions/A/CoreData
dyld[27781]: <511CCB33-BA1B-3992-B052-63255A292878> /System/Library/PrivateFrameworks/FeatureFlags.framework/Versions/A/FeatureFlags
dyld[27781]: <34D2A4C4-020E-3F5B-ADCE-8B062BC59C81> /usr/lib/liblzma.5.dylib
dyld[27781]: <59AB67E4-B860-316C-963D-087CDFBF6C29> /usr/lib/libswiftPrespecialized.dylib
dyld[27781]: <99BE4D61-01BE-35ED-B9A0-F494C660BA92> /System/Library/PrivateFrameworks/IOMobileFramebuffer.framework/Versions/A/IOMobileFramebuffer
dyld[27781]: <1C7ECB1E-A4C2-306A-B297-43FFF3C11EE7> /System/Library/Frameworks/IOSurface.framework/Versions/A/IOSurface
dyld[27781]: <A21D8B21-20DB-3339-B5D9-EC266EA0EE4E> /usr/lib/swift/libswift_DarwinFoundation2.dylib
dyld[27781]: <83A0E2FF-E850-3B1D-B834-AF4F63451C96> /usr/lib/swift/libswift_DarwinFoundation3.dylib
dyld[27781]: <0FB6CFAC-01FC-3846-A4A2-50C4F6362A0C> /usr/lib/swift/libswift_RegexParser.dylib
dyld[27781]: <2F29EA62-7BFB-3F98-A6E4-AC44013847C7> /usr/lib/libbz2.1.0.dylib
dyld[27781]: <D4096439-DD3A-3434-8A26-9E0A4255BC16> /usr/lib/libiconv.2.dylib
dyld[27781]: <B6CEFD73-D16C-3796-82EF-61499B6EA249> /usr/lib/libcharset.1.dylib
dyld[27781]: <E46388C2-BA3A-3720-BA3C-72603390F716> /System/Library/PrivateFrameworks/APFS.framework/Versions/A/APFS
dyld[27781]: <66F550B4-67C6-3BD0-8378-733BFBBB5B94> /System/Library/PrivateFrameworks/SwiftASN1Internal.framework/Versions/A/SwiftASN1Internal
dyld[27781]: <ED8A4184-E276-3E05-99A0-CF5919CB36D4> /usr/lib/libutil.dylib
dyld[27781]: <265413A6-648C-3059-A010-554AD719A363> /usr/lib/libheimdal-asn1.dylib
dyld[27781]: <7934762C-FBCA-37CA-AF42-2704B7A639EC> /System/Library/PrivateFrameworks/AppleSauce.framework/Versions/A/AppleSauce
dyld[27781]: <9761CAD2-A811-396E-9FD1-7553A783CBF5> /System/Library/PrivateFrameworks/OSAnalytics.framework/Versions/A/OSAnalytics
dyld[27781]: <0AD2FA79-5B4B-31B9-9155-A0C17BA69FB0> /System/Library/PrivateFrameworks/DeviceRecovery.framework/Versions/A/DeviceRecovery
dyld[27781]: <E4B6BD31-91A9-31BD-BB88-8C8F7F2985B7> /System/Library/PrivateFrameworks/CoreSymbolication.framework/Versions/A/CoreSymbolication
dyld[27781]: <04BCC6C4-E76D-3D1C-B25E-DD04511D29E8> /System/Library/PrivateFrameworks/Symbolication.framework/Versions/A/Symbolication
dyld[27781]: <328F598A-5C09-3D8E-854E-F090BAD6F101> /System/Library/PrivateFrameworks/DebugSymbols.framework/Versions/A/DebugSymbols
dyld[27781]: <7AB4526E-BD18-3FEE-87D2-7E60C218F82A> /usr/lib/libAppleArchive.dylib
dyld[27781]: <02320C8B-AF9A-37CF-BE30-DD72BAB828CC> /System/Library/PrivateFrameworks/MallocStackLogging.framework/Versions/A/MallocStackLogging
dyld[27781]: <D9973DD3-D3C9-38DC-86E8-D1C248A9FA6C> /usr/lib/libCheckFix.dylib
dyld[27781]: <02894CCE-93A3-32BB-BA6B-25CCD22A0EA5> /System/Library/PrivateFrameworks/TCC.framework/Versions/A/TCC
dyld[27781]: <69D73FF3-AE70-378B-AF0D-3A7794E60974> /System/Library/PrivateFrameworks/CoreNLP.framework/Versions/A/CoreNLP
dyld[27781]: <501C7615-3041-3D75-948D-08CA8D7B8773> /System/Library/PrivateFrameworks/MetadataUtilities.framework/Versions/A/MetadataUtilities
dyld[27781]: <0FB5062E-8A6E-3949-86C1-D294D4AF1AA4> /System/Library/Frameworks/Accelerate.framework/Versions/A/Accelerate
dyld[27781]: <FDBA8F4E-3D78-3DB8-8233-B8861E665675> /usr/lib/libmecab.dylib
dyld[27781]: <ABA5B6EA-B61B-3DDB-B4F1-69706D071F3D> /usr/lib/libCRFSuite.dylib
dyld[27781]: <DF95BFF6-6E31-3243-A0BC-A8339951D82F> /usr/lib/libgermantok.dylib
dyld[27781]: <20A1236E-CDF9-351D-9F56-1AD0123DC116> /usr/lib/libThaiTokenizer.dylib
dyld[27781]: <80F6241D-D255-3CCF-8ED0-F87698FDEE4E> /System/Library/Frameworks/Accelerate.framework/Versions/A/Frameworks/vImage.framework/Versions/A/vImage
dyld[27781]: <B902D685-3B38-3DE8-9325-18E32ED96065> /System/Library/Frameworks/Accelerate.framework/Versions/A/Frameworks/vecLib.framework/Versions/A/vecLib
dyld[27781]: <6EF7FE72-4727-3998-883A-97851074EDC2> /System/Library/Frameworks/Accelerate.framework/Versions/A/Frameworks/vecLib.framework/Versions/A/libvMisc.dylib
dyld[27781]: <694C9F17-22CB-348E-8A40-8F536B7CDF55> /System/Library/Frameworks/Accelerate.framework/Versions/A/Frameworks/vImage.framework/Versions/A/Libraries/libCGInterfaces.dylib
dyld[27781]: <A6AA2DE9-C0CE-37EB-910C-756AAF0E9A09> /System/Library/PrivateFrameworks/AccelerateGPU.framework/Versions/A/AccelerateGPU
dyld[27781]: <498036DB-4226-3C95-8880-E4FD11883D31> /System/Library/Frameworks/Accelerate.framework/Versions/A/Frameworks/vecLib.framework/Versions/A/libBLAS.dylib
dyld[27781]: <FB6D3F5F-AA35-3603-883B-A07B628283A8> /System/Library/Frameworks/ApplicationServices.framework/Versions/A/ApplicationServices
dyld[27781]: <1797F8DC-6019-374B-A55A-FF4C945E68DC> /System/Library/Frameworks/CoreVideo.framework/Versions/A/CoreVideo
dyld[27781]: <C514AE37-91AA-3199-87AB-2E29986C3423> /System/Library/Frameworks/ColorSync.framework/Versions/A/ColorSync
dyld[27781]: <81A02160-B6F6-385B-BA6C-E768947B7AD5> /System/Library/Frameworks/CoreGraphics.framework/Versions/A/CoreGraphics
dyld[27781]: <9A3F9ACC-4D9C-34BA-B3A8-1AD3C1786F66> /System/Library/Frameworks/CoreText.framework/Versions/A/CoreText
dyld[27781]: <554EDEE0-773D-3D10-8863-4913ECE95CA1> /System/Library/Frameworks/ImageIO.framework/Versions/A/ImageIO
dyld[27781]: <F852E373-499B-35B6-9557-AA369E07B841> /System/Library/Frameworks/ApplicationServices.framework/Versions/A/Frameworks/ATS.framework/Versions/A/ATS
dyld[27781]: <B254A017-96B6-3748-99DB-32866FE0C054> /System/Library/Frameworks/ApplicationServices.framework/Versions/A/Frameworks/HIServices.framework/Versions/A/HIServices
dyld[27781]: <727498E8-7885-35B2-B723-E380EDD703EA> /System/Library/Frameworks/ApplicationServices.framework/Versions/A/Frameworks/PrintCore.framework/Versions/A/PrintCore
dyld[27781]: <6FA3DA21-79F7-3006-ADD5-62D486024479> /System/Library/Frameworks/ApplicationServices.framework/Versions/A/Frameworks/QD.framework/Versions/A/QD
dyld[27781]: <850A1AAF-F1C2-3366-9F2F-0C5FA1A2B8A0> /System/Library/Frameworks/ApplicationServices.framework/Versions/A/Frameworks/ColorSyncLegacy.framework/Versions/A/ColorSyncLegacy
dyld[27781]: <4C160000-279F-3F52-8293-5740A012A59D> /System/Library/Frameworks/ApplicationServices.framework/Versions/A/Frameworks/SpeechSynthesis.framework/Versions/A/SpeechSynthesis
dyld[27781]: <02A9A202-2F39-3204-86DE-A09EA6AE8DEE> /System/Library/PrivateFrameworks/SkyLight.framework/Versions/A/SkyLight
dyld[27781]: <DB8890A9-5563-3841-B3DF-F2A14E0B38E4> /System/Library/PrivateFrameworks/TextRecognition.framework/Versions/A/TextRecognition
dyld[27781]: <11CFFC86-3FFC-35B2-9F6E-823101BF77B2> /System/Library/PrivateFrameworks/FontServices.framework/libFontParser.dylib
dyld[27781]: <AE0C7111-9D6C-3977-BE3D-42BDEB55051D> /System/Library/PrivateFrameworks/BiomeLibrary.framework/Versions/A/BiomeLibrary
dyld[27781]: <EE0670B3-0AAB-3D8C-B579-48A8B2757C54> /System/Library/PrivateFrameworks/BaseBoard.framework/Versions/A/BaseBoard
dyld[27781]: <6EAD8729-6278-36DD-95E0-C3DBC1B421D1> /System/Library/PrivateFrameworks/BoardServices.framework/Versions/A/BoardServices
dyld[27781]: <A6DDDBA9-3712-318D-8E86-4FD5E1E9DC2A> /System/Library/PrivateFrameworks/BackBoardServices.framework/Versions/A/BackBoardServices
dyld[27781]: <6DEFD8B9-3D97-3F07-8817-F0D783EBDFBE> /System/Library/PrivateFrameworks/BackBoardHIDEventFoundation.framework/Versions/A/BackBoardHIDEventFoundation
dyld[27781]: <61C82C50-C91D-3028-933E-FC20D2AB40FA> /System/Library/Frameworks/CoreDisplay.framework/Versions/A/CoreDisplay
dyld[27781]: <48F3225A-BEDC-395B-8658-BF2894A5D363> /System/Library/Frameworks/VideoToolbox.framework/Versions/A/VideoToolbox
dyld[27781]: <CD83DE43-F39B-38E8-B307-F342C2CA0F71> /System/Library/Frameworks/MetalPerformanceShaders.framework/Versions/A/MetalPerformanceShaders
dyld[27781]: <063F6766-AC0A-372B-8547-20EE93744C3D> /System/Library/PrivateFrameworks/ProDisplayLibrary.framework/Versions/A/ProDisplayLibrary
dyld[27781]: <52BDB234-C793-3B6B-8BE8-781631969DFA> /System/Library/PrivateFrameworks/IOSurfaceAccelerator.framework/Versions/A/IOSurfaceAccelerator
dyld[27781]: <61936A60-82F1-35D4-B7B2-564157277C7A> /System/Library/PrivateFrameworks/RunningBoardServices.framework/Versions/A/RunningBoardServices
dyld[27781]: <9C6FB27B-F6DF-342F-8D23-CDAA43181A67> /System/Library/Frameworks/Metal.framework/Versions/A/Metal
dyld[27781]: <FE710138-2441-34B0-A3EE-BB741C5A88E5> /System/Library/PrivateFrameworks/IOAccelerator.framework/Versions/A/IOAccelerator
dyld[27781]: <6007D6B0-CA05-3D6E-9F04-0A50577BF503> /System/Library/Frameworks/CoreMedia.framework/Versions/A/CoreMedia
dyld[27781]: <A1DB5628-62E0-3262-AE91-0E6BB2B47888> /usr/lib/libSMC.dylib
dyld[27781]: <A1E8240E-FD7B-3524-815C-CA0C73E88D8B> /System/Library/PrivateFrameworks/WatchdogClient.framework/Versions/A/WatchdogClient
dyld[27781]: <0AD33CC9-75A1-359D-BC41-4EE25BE4F599> /System/Library/Frameworks/QuartzCore.framework/Versions/A/QuartzCore
dyld[27781]: <C3AA1BE3-C6A4-3A3B-ACDE-EFF9F71E2CA9> /System/Library/PrivateFrameworks/MultitouchSupport.framework/Versions/A/MultitouchSupport
dyld[27781]: <5E5AD849-5F4B-3A05-8265-7CBE97C713D6> /System/Library/PrivateFrameworks/BackBoardHIDTouchEventProcessor.framework/Versions/A/BackBoardHIDTouchEventProcessor
dyld[27781]: <1086A2D2-77A2-362C-9186-F501C0E009A3> /System/Library/PrivateFrameworks/Gestures.framework/Versions/A/Gestures
dyld[27781]: <C1617C4A-E1B7-3B86-A693-1F964E6896BC> /usr/lib/swift/libswiftAccelerate.dylib
dyld[27781]: <A6B25CE1-2227-3290-A960-960484D45949> /usr/lib/swift/libswiftCoreAudio.dylib
dyld[27781]: <948D61D3-EEFF-3965-B38D-97B4C357DA6B> /usr/lib/swift/libswiftMetal.dylib
dyld[27781]: <12AA5CDE-92E4-3E32-BE12-A02A3F2F40E1> /usr/lib/swift/libswiftOSLog.dylib
dyld[27781]: <17B1C771-8068-3FF8-9FB6-B8491B64428A> /usr/lib/swift/libswiftQuartzCore.dylib
dyld[27781]: <F78EA043-E494-3CD2-89B9-64406E28DECE> /usr/lib/swift/libswiftUniformTypeIdentifiers.dylib
dyld[27781]: <2718489B-4885-3D1E-BB9A-3B416EC5C09F> /usr/lib/swift/libswiftsimd.dylib
dyld[27781]: <351B3773-CA7C-3802-A966-C260E679DED5> /System/Library/PrivateFrameworks/BiomeStreams.framework/Versions/A/BiomeStreams
dyld[27781]: <A6769ED3-768E-3A67-BC1C-EA707415D195> /System/Library/PrivateFrameworks/BiomeStorage.framework/Versions/A/BiomeStorage
dyld[27781]: <79A19B7F-5379-3B44-9329-28A6379EA13A> /System/Library/PrivateFrameworks/BiomeFoundation.framework/Versions/A/BiomeFoundation
dyld[27781]: <8D3DF617-DFD7-3EE9-BE8E-A0C05D825494> /System/Library/PrivateFrameworks/IntelligencePlatformLibrary.framework/Versions/A/IntelligencePlatformLibrary
dyld[27781]: <872A3191-C967-39BE-A356-90D9A987D518> /System/Library/PrivateFrameworks/PoirotSchematizer.framework/Versions/A/PoirotSchematizer
dyld[27781]: <361A3D97-C7C0-3093-A61F-DE3D7A4063D2> /System/Library/PrivateFrameworks/BiomeSync.framework/Versions/A/BiomeSync
dyld[27781]: <2635BE19-8B1B-39AF-A665-88F43332702C> /System/Library/PrivateFrameworks/BiomeDSL.framework/Versions/A/BiomeDSL
dyld[27781]: <EBF27A0B-2672-3291-93D2-1A66A9A1B054> /System/Library/PrivateFrameworks/BiomePubSub.framework/Versions/A/BiomePubSub
dyld[27781]: <4BB6A049-3455-3C6B-87C4-F6C972D7B42A> /System/Library/PrivateFrameworks/LoggingSupport.framework/Versions/A/LoggingSupport
dyld[27781]: <6146BE9B-E60E-374B-B621-0E74558A2507> /System/Library/PrivateFrameworks/ProactiveSupport.framework/Versions/A/ProactiveSupport
dyld[27781]: <5F69CA4D-E5AC-3C47-8BF4-79377AB4C59C> /System/Library/PrivateFrameworks/PoirotUDFs.framework/Versions/A/PoirotUDFs
dyld[27781]: <2042E6BF-F2E7-31EA-B2B4-DC29E586A6E4> /System/Library/PrivateFrameworks/MobileAsset.framework/Versions/A/MobileAsset
dyld[27781]: <5FD1EA00-E28C-3D4B-8C9B-BF9B3EBAC180> /System/Library/PrivateFrameworks/MobileKeyBag.framework/Versions/A/MobileKeyBag
dyld[27781]: <B1CEC343-7EFE-34B0-9957-13CA8F84E6E7> /System/Library/PrivateFrameworks/InternationalTextSearch.framework/Versions/A/InternationalTextSearch
dyld[27781]: <85FB8C0D-F001-3B42-A54E-68C49D7D5544> /System/Library/PrivateFrameworks/SoftwareUpdateCoreSupport.framework/Versions/A/SoftwareUpdateCoreSupport
dyld[27781]: <7706404A-C96D-364A-A0D9-C94D3CB89310> /System/Library/PrivateFrameworks/SoftwareUpdateCoreConnect.framework/Versions/A/SoftwareUpdateCoreConnect
dyld[27781]: <3E7739CC-11DE-3C42-922A-9DA5CF617D35> /System/Library/PrivateFrameworks/StreamingZip.framework/Versions/A/StreamingZip
dyld[27781]: <38B38DB3-D096-350F-98C5-584AFD18BEB1> /System/Library/PrivateFrameworks/RemoteServiceDiscovery.framework/Versions/A/RemoteServiceDiscovery
dyld[27781]: <0052322E-F921-336D-8D8F-8D58D3EDA88F> /System/Library/PrivateFrameworks/MSUDataAccessor.framework/Versions/A/MSUDataAccessor
dyld[27781]: <BFF9CF08-5B46-3604-AC2E-DBCBDFB25C92> /usr/lib/libbootpolicy.dylib
dyld[27781]: <8CFCE656-45C2-3261-AD07-01E8FC30BFBD> /System/Library/PrivateFrameworks/UserManagement.framework/Versions/A/UserManagement
dyld[27781]: <50C4CA28-70F3-344F-B51D-09F99B82ED5F> /usr/lib/libpartition2_dynamic.dylib
dyld[27781]: <FF6413D5-371C-3304-8842-8755BF52C610> /System/Library/PrivateFrameworks/RemoteXPC.framework/Versions/A/RemoteXPC
dyld[27781]: <C9A0C46A-8C96-360A-A2FB-C09CBA08EF12> /usr/lib/libFDR.dylib
dyld[27781]: <500CC87D-7539-35AA-9340-BE380C10F261> /usr/lib/libamsupport.dylib
dyld[27781]: <CFB2509B-F722-39D6-B499-96D8304FA548> /System/Library/PrivateFrameworks/AppleDeviceQuerySupport.framework/Versions/A/AppleDeviceQuerySupport
dyld[27781]: <0620DFC4-188D-337F-9CE7-7E7581D5DA34> /System/Library/PrivateFrameworks/AggregateDictionary.framework/Versions/A/AggregateDictionary
dyld[27781]: <BB4A5F50-5A2A-379E-8B32-6C355113B4A8> /System/Library/PrivateFrameworks/PoirotSQLite.framework/Versions/A/PoirotSQLite
dyld[27781]: <2F623E7B-5D60-310B-9A5F-99AEEB7F99F0> /System/Library/PrivateFrameworks/CascadeSets.framework/Versions/A/CascadeSets
dyld[27781]: <4CFE984F-8269-3E71-A90C-49BCA5260ADA> /System/Library/PrivateFrameworks/AppSupport.framework/Versions/A/AppSupport
dyld[27781]: <FE30C2BA-AEDA-3367-9A71-4A891B0CF852> /System/Library/PrivateFrameworks/CorePhoneNumbers.framework/Versions/A/CorePhoneNumbers
dyld[27781]: <F3100855-B896-3883-A84C-F00B05BFDFCF> /System/Library/PrivateFrameworks/AppleJPEG.framework/Versions/A/AppleJPEG
dyld[27781]: <CEC9DC60-4CD3-30F5-89C6-003BBDB343D9> /usr/lib/libexpat.1.dylib
dyld[27781]: <994F31B9-1CE3-3180-A7B4-DC793DAF8163> /System/Library/Frameworks/ImageIO.framework/Versions/A/Resources/libPng.dylib
dyld[27781]: <1B6D06A5-DD28-30DD-ACEE-0B6CDDBAAF83> /System/Library/Frameworks/ImageIO.framework/Versions/A/Resources/libTIFF.dylib
dyld[27781]: <A7665B78-C5F1-3E32-80FE-F0DDABB0147B> /System/Library/Frameworks/ImageIO.framework/Versions/A/Resources/libGIF.dylib
dyld[27781]: <B55B0D78-6A33-3EB9-A8DE-526D63EEC82D> /System/Library/Frameworks/ImageIO.framework/Versions/A/Resources/libJP2.dylib
dyld[27781]: <1E30FD97-019E-3C42-BD00-34693222EDB1> /usr/lib/libate.dylib
dyld[27781]: <D749A789-F87E-3CDE-968F-96FC4586AC14> /System/Library/Frameworks/ImageIO.framework/Versions/A/Resources/libJPEG.dylib
dyld[27781]: <AB36C200-FED5-3FF0-A247-F22E96DBBEF7> /System/Library/Frameworks/ImageIO.framework/Versions/A/Resources/libRadiance.dylib
dyld[27781]: <CA5DFCE6-11FD-3B30-AFEA-86CE243C3B52> /usr/lib/swift/libswiftRegexBuilder.dylib
dyld[27781]: <257CDA78-154D-3C2B-957C-353FE744BA0D> /System/Library/PrivateFrameworks/GPUCompiler.framework/Versions/32023/Libraries/libllvm-flatbuffers.dylib
dyld[27781]: <539750B4-1A16-34CC-B740-059A44212494> /System/Library/PrivateFrameworks/FramePacing.framework/Versions/A/FramePacing
dyld[27781]: <37C0BC08-2C35-3CF5-91A6-D9773030A168> /System/Library/Frameworks/OpenGL.framework/Versions/A/Libraries/libCoreFSCache.dylib
dyld[27781]: <73E7DA57-8DE9-31CF-B2A7-C76AE86AFD95> /System/Library/PrivateFrameworks/GPUCompiler.framework/Versions/32023/Libraries/libGPUCompilerUtils.dylib
dyld[27781]: <7257DEA3-5564-37D5-8127-6B99B468086C> /System/Library/Frameworks/UniformTypeIdentifiers.framework/Versions/A/UniformTypeIdentifiers
dyld[27781]: <B268CD9F-4A49-3922-87B2-EF2E9D79C84A> /System/Library/Frameworks/ExtensionFoundation.framework/Versions/A/ExtensionFoundation
dyld[27781]: <E2F8ED73-2343-31CA-8ECD-E6AFF961F3F3> /System/Library/PrivateFrameworks/AppServerSupport.framework/Versions/A/AppServerSupport
dyld[27781]: <A99788CE-EB44-3D3D-9744-E3C954A60A9C> /System/Library/PrivateFrameworks/OSEligibility.framework/Versions/A/OSEligibility
dyld[27781]: <BE117579-A37D-334A-BB28-C92B631C70EA> /System/Library/Frameworks/LightweightCodeRequirements.framework/Versions/A/LightweightCodeRequirements
dyld[27781]: <4D893E1E-43E5-37EF-8107-54B591DB51FD> /System/Library/PrivateFrameworks/PlugInKit.framework/Versions/A/PlugInKit
dyld[27781]: <BFF9A39A-0993-32C8-97CA-F05123B6D637> /System/Library/PrivateFrameworks/AssertionServices.framework/Versions/A/AssertionServices
dyld[27781]: <5A1BDD04-B18E-3912-9495-D6A0E68C651D> /System/Library/Frameworks/OpenGL.framework/Versions/A/OpenGL
dyld[27781]: <EEF6CD71-D4F2-3E40-A384-182F8C759DBA> /System/Library/Frameworks/OpenGL.framework/Versions/A/Libraries/libGLU.dylib
dyld[27781]: <85288155-D6EA-3A26-8C67-B29B86DBC078> /System/Library/Frameworks/OpenGL.framework/Versions/A/Libraries/libGFXShared.dylib
dyld[27781]: <C8DC9856-2698-33F7-8504-DC487FC7A587> /System/Library/Frameworks/OpenGL.framework/Versions/A/Libraries/libGL.dylib
dyld[27781]: <5B5C65E1-9C6F-35E7-898B-262620A48732> /System/Library/Frameworks/OpenGL.framework/Versions/A/Libraries/libGLImage.dylib
dyld[27781]: <3EEBC175-D1EE-33ED-AC74-46CF9407BCCF> /System/Library/Frameworks/OpenGL.framework/Versions/A/Libraries/libCVMSPluginSupport.dylib
dyld[27781]: <905C5BF2-A3B1-33EB-866E-7531DA0C5F25> /System/Library/Frameworks/OpenGL.framework/Versions/A/Libraries/libCoreVMClient.dylib
dyld[27781]: <15B01036-B49F-3F5B-A707-160A9A966F85> /System/Library/Frameworks/OSLog.framework/Versions/A/OSLog
dyld[27781]: <A3261405-F7E6-33E8-B602-F974DBE7755E> /System/Library/Frameworks/CoreImage.framework/Versions/A/CoreImage
dyld[27781]: <99856DF2-43E3-3A8A-BA57-7FDE223BAC31> /System/Library/PrivateFrameworks/PhotosensitivityProcessing.framework/Versions/A/PhotosensitivityProcessing
dyld[27781]: <E4D8DF99-3893-3186-8111-30F76BA79BBE> /System/Library/PrivateFrameworks/TimeSync.framework/Versions/A/TimeSync
dyld[27781]: <292767C2-D857-3F86-9927-AFD76B94A9E8> /System/Library/Frameworks/OpenCL.framework/Versions/A/OpenCL
dyld[27781]: <A81CE161-2DEE-3874-857C-F62A3F52D546> /System/Library/PrivateFrameworks/GraphVisualizer.framework/Versions/A/GraphVisualizer
dyld[27781]: <978BFA5B-F1C1-3DF9-97EF-97D1939B833E> /System/Library/PrivateFrameworks/FontServices.framework/Versions/A/FontServices
dyld[27781]: <D990E4B5-60F8-312E-B601-14C9C229E467> /System/Library/PrivateFrameworks/OTSVG.framework/Versions/A/OTSVG
dyld[27781]: <0CB0E38A-C4C2-3D11-82E7-58E6D0521962> /System/Library/Frameworks/ApplicationServices.framework/Versions/A/Frameworks/ATS.framework/Versions/A/Resources/libFontRegistry.dylib
dyld[27781]: <915076EF-B8FE-3FCA-9F99-C8B057714C60> /usr/lib/libhvf.dylib
dyld[27781]: <407A0D0C-CAD7-3C21-AB16-A5B6A26672AD> /System/Library/PrivateFrameworks/ParsingInternal.framework/Versions/A/ParsingInternal
dyld[27781]: <03B97D75-2482-347A-A7FD-5A42CD05C821> /System/Library/PrivateFrameworks/FontServices.framework/libXTFontStaticRegistryData.dylib
dyld[27781]: <17646168-5B29-3666-8FAE-1DD76C0D8EAB> /System/Library/Frameworks/MetalPerformanceShaders.framework/Versions/A/Frameworks/MPSCore.framework/Versions/A/MPSCore
dyld[27781]: <3E61A2F0-BFA0-346E-9C32-7B6366909295> /System/Library/Frameworks/MetalPerformanceShaders.framework/Versions/A/Frameworks/MPSImage.framework/Versions/A/MPSImage
dyld[27781]: <5B76C886-9E0C-3454-A7F6-FB76175DB8FC> /System/Library/Frameworks/MetalPerformanceShaders.framework/Versions/A/Frameworks/MPSNeuralNetwork.framework/Versions/A/MPSNeuralNetwork
dyld[27781]: <6DFEEF33-43FF-3679-8A12-A23A82768E06> /System/Library/Frameworks/MetalPerformanceShaders.framework/Versions/A/Frameworks/MPSMatrix.framework/Versions/A/MPSMatrix
dyld[27781]: <5E06F6DE-332C-3C46-B225-278701805B44> /System/Library/Frameworks/MetalPerformanceShaders.framework/Versions/A/Frameworks/MPSRayIntersector.framework/Versions/A/MPSRayIntersector
dyld[27781]: <530AFC24-8A84-3B7A-9601-9608EA68391C> /System/Library/Frameworks/MetalPerformanceShaders.framework/Versions/A/Frameworks/MPSNDArray.framework/Versions/A/MPSNDArray
dyld[27781]: <3C6622F5-AB60-3265-826E-BCA11E76B3C9> /System/Library/Frameworks/MetalPerformanceShaders.framework/Versions/A/Frameworks/MPSFunctions.framework/Versions/A/MPSFunctions
dyld[27781]: <34C6F278-549D-3DBF-B88F-0591576512C3> /System/Library/Frameworks/MetalPerformanceShaders.framework/Versions/A/Frameworks/MPSBenchmarkLoop.framework/Versions/A/MPSBenchmarkLoop
dyld[27781]: <68535808-29A7-3C3B-9A6F-65358A8DECAD> /System/Library/Frameworks/MetalPerformanceShaders.framework/Versions/A/Frameworks/MPSHost.framework/Versions/A/MPSHost
dyld[27781]: <A21482D3-238A-3B8C-B9BF-0D03C46838BA> /System/Library/PrivateFrameworks/MetalTools.framework/Versions/A/MetalTools
dyld[27781]: <4C88B61F-FAA2-3AD1-8071-964F431680EF> /System/Library/PrivateFrameworks/MTL3On4.framework/Versions/A/MTL3On4
dyld[27781]: <9708579B-01E6-37FD-833F-BF8B65BC1CD9> /System/Library/PrivateFrameworks/IOAccelMemoryInfo.framework/Versions/A/IOAccelMemoryInfo
dyld[27781]: <331AC831-6827-362F-ACEE-EFE5C659A704> /System/Library/PrivateFrameworks/kperf.framework/Versions/A/kperf
dyld[27781]: <6B32B025-E4AC-3DBB-82A0-00C207DE3E9A> /System/Library/PrivateFrameworks/GPURawCounter.framework/Versions/A/GPURawCounter
dyld[27781]: <3033C83E-4D72-387E-BCE1-40B939E40FE1> /System/Library/PrivateFrameworks/IOKitten.framework/Versions/A/IOKitten
dyld[27781]: <BC05C7BC-39DB-3B80-BD79-9E0CF91CF33F> /System/Library/PrivateFrameworks/GraphicsServices.framework/Versions/A/GraphicsServices
dyld[27781]: <6F894094-DB42-3AC6-A636-A0015BD59420> /System/Library/PrivateFrameworks/GPUWrangler.framework/Versions/A/GPUWrangler
dyld[27781]: <387FE772-E201-30A4-9821-921F933E1C32> /System/Library/PrivateFrameworks/IOPresentment.framework/Versions/A/IOPresentment
dyld[27781]: <AE90E5E9-AFCB-355A-9F1E-F07059234C3C> /System/Library/PrivateFrameworks/DSExternalDisplay.framework/Versions/A/DSExternalDisplay
dyld[27781]: <142B5394-5EF4-3DB5-8338-21142138F677> /System/Library/PrivateFrameworks/VideoToolboxParavirtualizationSupport.framework/Versions/A/VideoToolboxParavirtualizationSupport
dyld[27781]: <DEC7945F-002C-38A7-B953-8BE56978396B> /System/Library/PrivateFrameworks/AppleVA.framework/Versions/A/AppleVA
dyld[27781]: <6805618D-047A-3C18-81FB-97E125C28BB2> /System/Library/PrivateFrameworks/CMCaptureCore.framework/Versions/A/CMCaptureCore
dyld[27781]: <33B3AF2C-F0FF-35F2-AAD1-2EF022499FA3> /usr/lib/libspindump.dylib
dyld[27781]: <841E8C95-2A2D-38A2-B853-8515D77D35C8> /System/Library/Frameworks/CoreAudio.framework/Versions/A/CoreAudio
dyld[27781]: <90A1C830-262E-3EE3-8447-01920F98415D> /System/Library/PrivateFrameworks/PowerLog.framework/Versions/A/PowerLog
dyld[27781]: <817C9244-399D-3772-9C13-72E2615D6F13> /System/Library/PrivateFrameworks/perfdata.framework/Versions/A/perfdata
dyld[27781]: <ED900A02-C2C6-3D27-91F3-6CF8F49E215D> /System/Library/PrivateFrameworks/AudioDSPGraph.framework/Versions/A/AudioDSPGraph
dyld[27781]: <D49534DE-23DB-3DF8-9E57-CF109A0E0487> /System/Library/PrivateFrameworks/AudioToolboxCore.framework/Versions/A/AudioToolboxCore
dyld[27781]: <721501E5-6354-3993-8513-C0B082F99154> /System/Library/PrivateFrameworks/caulk.framework/Versions/A/caulk
dyld[27781]: <947C4A72-B340-36F8-9CA3-9B6FB05956E1> /usr/lib/libAudioStatistics.dylib
dyld[27781]: <AD7D739F-76E6-3D58-BED7-BE7837085D30> /System/Library/PrivateFrameworks/SystemPolicy.framework/Versions/A/SystemPolicy
dyld[27781]: <993FDB0F-6C99-311F-B623-3260507145CF> /usr/lib/swift/libswiftCoreMIDI.dylib
dyld[27781]: <F4D9E702-2926-3C27-BF5F-6938A6A2DB8D> /System/Library/Frameworks/CoreMIDI.framework/Versions/A/CoreMIDI
dyld[27781]: <EFAB9F63-ADCA-3368-8C5A-EBE60BFCB8F8> /usr/lib/libperfcheck.dylib
dyld[27781]: <098255BA-32F4-3596-8584-D965FB16AEB9> /System/Library/PrivateFrameworks/AudioAnalytics.framework/Versions/A/AudioAnalytics
dyld[27781]: <BF49B46A-B64A-3017-B6FB-CAF616D2E631> /usr/lib/libmis.dylib
dyld[27781]: <F7A5EF62-DA8F-3FD4-B89E-409F16DD1F34> /System/Library/PrivateFrameworks/HIDDisplay.framework/Versions/A/HIDDisplay
dyld[27781]: <A10B4E46-70E2-361B-9449-4AFFDB1EBAFD> /System/Library/PrivateFrameworks/HID.framework/Versions/A/HID
dyld[27781]: <CBB688F9-32AB-327F-98A3-A2B9FB8CB29F> /System/Library/PrivateFrameworks/TextInput.framework/Versions/A/TextInput
dyld[27781]: <AE2DE6A1-DB51-3BF1-9BC6-3EC89B1DD2A3> /System/Library/PrivateFrameworks/CVNLP.framework/Versions/A/CVNLP
dyld[27781]: <77AFED3B-48BE-3018-B802-81E5DF334675> /System/Library/PrivateFrameworks/LanguageModeling.framework/Versions/A/LanguageModeling
dyld[27781]: <C63045E7-84CA-3E9A-90E1-282C92A6C601> /System/Library/PrivateFrameworks/DataDetectorsCore.framework/Versions/A/DataDetectorsCore
dyld[27781]: <84633B20-A721-3A05-A852-EEB2B2AFE71F> /System/Library/PrivateFrameworks/Futhark.framework/Versions/A/Futhark
dyld[27781]: <961FBB9E-EA7A-304D-B367-5C1A3AEA9B99> /System/Library/PrivateFrameworks/VisionCore.framework/Versions/A/VisionCore
dyld[27781]: <44F1BE31-5290-37C5-AB06-F9EDC95F5D6E> /System/Library/PrivateFrameworks/LinguisticData.framework/Versions/A/LinguisticData
dyld[27781]: <AA4E282F-B20A-3621-89CC-6C754797CD84> /System/Library/Frameworks/CoreML.framework/Versions/A/CoreML
dyld[27781]: <AEF65684-CCBA-320F-84F9-539379A3DBAB> /System/Library/Frameworks/NaturalLanguage.framework/Versions/A/NaturalLanguage
dyld[27781]: <B1E45316-860C-3144-9A30-F18EB7E1AE27> /System/Library/PrivateFrameworks/Espresso.framework/Versions/A/Espresso
dyld[27781]: <E8FBFD1B-74F0-371A-A315-DE4A7C00BBF9> /System/Library/PrivateFrameworks/Lexicon.framework/Versions/A/Lexicon
dyld[27781]: <47558A3F-2BAC-3921-B5FB-A7608347263A> /System/Library/Frameworks/DataDetection.framework/Versions/A/DataDetection
dyld[27781]: <3CFAEB78-F004-38DB-9CC6-58DB7A907A61> /System/Library/PrivateFrameworks/AppleNeuralEngine.framework/Versions/A/AppleNeuralEngine
dyld[27781]: <B8F45647-CF81-3569-B623-69FB7154B44A> /usr/lib/swift/libswiftCoreImage.dylib
dyld[27781]: <15B107F6-CE74-3068-A579-D18393EE7CA3> /usr/lib/swift/libswiftMLCompute.dylib
dyld[27781]: <6EC0FA30-EDBA-36FF-92E3-3A9A6BB04F5D> /usr/lib/swift/libswiftNaturalLanguage.dylib
dyld[27781]: <AD161A31-83B0-3086-8BFD-83E60B0D56B3> /System/Library/PrivateFrameworks/InternationalSupport.framework/Versions/A/InternationalSupport
dyld[27781]: <E8E1B645-35AB-36AE-90AA-08525F1369F4> /System/Library/PrivateFrameworks/CMPhoto.framework/Versions/A/CMPhoto
dyld[27781]: <63807678-66DD-38C0-B6B5-537AF33BC5B4> /System/Library/Frameworks/MediaToolbox.framework/Versions/A/MediaToolbox
dyld[27781]: <90444795-D8B0-3B5A-9771-6A7BEBABCFA7> /System/Library/PrivateFrameworks/Montreal.framework/Versions/A/Montreal
dyld[27781]: <8D2DEB18-942B-365D-BB7A-17373D21D47A> /System/Library/PrivateFrameworks/ByteMatrixVerification.framework/Versions/A/ByteMatrixVerification
dyld[27781]: <C2D5CDE0-EED3-3982-AD60-111FD7240741> /usr/lib/libFDRDecode.dylib
dyld[27781]: <F7E2A0E7-EE96-3EB5-B1D8-ED585046BBB9> /System/Library/PrivateFrameworks/AppleJPEGXL.framework/Versions/A/AppleJPEGXL
dyld[27781]: <4BEF4480-2A14-3E5F-A072-2093CDC92E45> /System/Library/Frameworks/CryptoKit.framework/Versions/A/CryptoKit
dyld[27781]: <ADF3D781-AD06-3443-9D41-322930384F56> /usr/lib/swift/libswiftCompression.dylib
dyld[27781]: <B41605FE-3861-34CB-B566-5E0E723FFA1C> /System/Library/PrivateFrameworks/CryptoKitPrivate.framework/Versions/A/CryptoKitPrivate
dyld[27781]: <A19F34CD-B02D-3108-B5FE-56F9713FD303> /System/Library/PrivateFrameworks/CryptoKitCBridging.framework/Versions/A/CryptoKitCBridging
dyld[27781]: <AF9CF31C-DD15-3A4D-AA5A-EC0B1BF5D30D> /System/Library/Frameworks/CryptoTokenKit.framework/Versions/A/CryptoTokenKit
dyld[27781]: <0FE07D84-AAF0-3468-8B09-81CFBDE17CB7> /System/Library/Frameworks/LocalAuthentication.framework/Versions/A/LocalAuthentication
dyld[27781]: <7B463B6F-6F1A-3C56-A750-D3B219159803> /System/Library/Frameworks/OpenDirectory.framework/Versions/A/OpenDirectory
dyld[27781]: <CC36DBBE-87E2-30A8-91A1-8FAF538B612C> /System/Library/PrivateFrameworks/LocalAuthenticationCore.framework/Versions/A/LocalAuthenticationCore
dyld[27781]: <171BA905-31E4-3676-931A-8C664EE9E082> /System/Library/PrivateFrameworks/LocalAuthenticationCredentialServices.framework/Versions/A/LocalAuthenticationCredentialServices
dyld[27781]: <BBE9191E-4B57-3C6B-9101-079C733F1C51> /System/Library/Frameworks/LocalAuthentication.framework/Support/SharedUtils.framework/Versions/A/SharedUtils
dyld[27781]: <76B1549A-4465-306F-9973-CC308D5F2823> /System/Library/PrivateFrameworks/DFRFoundation.framework/Versions/A/DFRFoundation
dyld[27781]: <AABD02FA-1F30-382C-9923-D4EC57D0BC69> /System/Library/PrivateFrameworks/DiskManagement.framework/Versions/A/DiskManagement
dyld[27781]: <527609C4-382A-368F-8CD6-5B3F2439B02C> /usr/lib/libcsfde.dylib
dyld[27781]: <9BE2B7B1-1E38-3462-8B1E-9275D5959679> /usr/lib/libCoreStorage.dylib
dyld[27781]: <3A8A9B4A-8B63-34EE-BD87-A34132BE3BC6> /System/Library/PrivateFrameworks/MediaKit.framework/Versions/A/MediaKit
dyld[27781]: <EB8ECED3-E112-3FCA-B394-62B74BA320EE> /System/Library/Frameworks/DiscRecording.framework/Versions/A/DiscRecording
dyld[27781]: <DF8CC588-5743-39D3-9A88-D3B370A175DD> /System/Library/PrivateFrameworks/ProtectedCloudStorage.framework/Versions/A/ProtectedCloudStorage
dyld[27781]: <5A580638-19C0-32E9-9A75-2956B04F8CC6> /System/Library/PrivateFrameworks/EFILogin.framework/Versions/A/EFILogin
dyld[27781]: <769A50BA-A8FB-314D-86A0-3AD2901A0708> /System/Library/PrivateFrameworks/AAAFoundation.framework/Versions/A/AAAFoundation
dyld[27781]: <0387B274-4C88-3D85-883F-E8F075E82EB4> /System/Library/Frameworks/Accounts.framework/Versions/A/Accounts
dyld[27781]: <A16082B4-AD51-3DCE-9C9E-FDB5602CC21A> /System/Library/PrivateFrameworks/CloudServices.framework/Versions/A/CloudServices
dyld[27781]: <605AFA6E-A8B0-327B-9089-608CA148CAD8> /System/Library/PrivateFrameworks/OctagonTrust.framework/Versions/A/OctagonTrust
dyld[27781]: <35BB52C0-B1AD-3EE5-96E2-53D6B1951B93> /System/Library/PrivateFrameworks/AppleIDAuthSupport.framework/Versions/A/AppleIDAuthSupport
dyld[27781]: <159AF37E-0867-3D07-A69E-824BD8903716> /System/Library/Frameworks/SecurityFoundation.framework/Versions/A/SecurityFoundation
dyld[27781]: <0C129C74-2E37-310A-A8E6-8AC4ADAD0AAA> /System/Library/PrivateFrameworks/KeychainCircle.framework/Versions/A/KeychainCircle
dyld[27781]: <C9FF5385-781F-33DC-9C13-1FFCFC468648> /System/Library/PrivateFrameworks/AuthKit.framework/Versions/A/AuthKit
dyld[27781]: <12579D2E-6604-3544-84E6-FB8979E3559D> /System/Library/PrivateFrameworks/MultiverseSupport.framework/Versions/A/MultiverseSupport
dyld[27781]: <0255A015-1B74-3375-8F24-D31E9C2EC9DA> /System/Library/PrivateFrameworks/URLFormatting.framework/Versions/A/URLFormatting
dyld[27781]: <7653D810-0E5D-3C66-82BC-E1512B9C9F77> /System/Library/Frameworks/AudioToolbox.framework/Versions/A/AudioToolbox
dyld[27781]: <4EE95459-2749-3BC5-A994-742A10E7C348> /System/Library/PrivateFrameworks/AudioSession.framework/Versions/A/AudioSession
dyld[27781]: <8FDD8E92-0733-3307-B8A3-8B24D72200AE> /System/Library/PrivateFrameworks/MediaExperience.framework/Versions/A/MediaExperience
dyld[27781]: <D633876D-96AC-3E60-B39A-EE31432E0895> /System/Library/PrivateFrameworks/AudioSession.framework/libSessionUtility.dylib
dyld[27781]: <45892799-7C1B-354A-9DA9-4DB3AF6F6619> /System/Library/PrivateFrameworks/AudioAccessoryServices.framework/Versions/A/AudioAccessoryServices
dyld[27781]: <D720EC05-3D61-36F4-9D43-66C2E8F4C33F> /System/Library/Frameworks/CoreBluetooth.framework/Versions/A/CoreBluetooth
dyld[27781]: <5242566F-399F-3413-8527-9E07EAA30FA5> /System/Library/PrivateFrameworks/CoreUtils.framework/Versions/A/CoreUtils
dyld[27781]: <A67F066D-DD49-3C07-9A00-7B29AC4929F2> /System/Library/PrivateFrameworks/Sharing.framework/Versions/A/Sharing
dyld[27781]: <0CAE9BCA-0D1B-3C12-A633-9F32EE9C63A0> /System/Library/PrivateFrameworks/CoreUtilsExtras.framework/Versions/A/CoreUtilsExtras
dyld[27781]: <467E4D50-66AF-32AF-BF16-FABBB69358A1> /System/Library/PrivateFrameworks/IO80211.framework/Versions/A/IO80211
dyld[27781]: <B5D6F1E0-D8E9-382F-8CC0-5E73DED9E4E8> /System/Library/PrivateFrameworks/AutoUnlock.framework/Versions/A/AutoUnlock
dyld[27781]: <2B4D5780-E640-3452-BE02-324F33BABCEE> /System/Library/PrivateFrameworks/IDSFoundation.framework/Versions/A/IDSFoundation
dyld[27781]: <29732E9A-6649-348E-8B06-8DFE3282AF52> /System/Library/PrivateFrameworks/IconServices.framework/Versions/A/IconServices
dyld[27781]: <2DCC8AA2-3642-37AA-906A-CDB18D421495> /System/Library/PrivateFrameworks/Apple80211.framework/Versions/A/Apple80211
dyld[27781]: <9A6F1D46-9554-34FE-9814-584B1442C82F> /System/Library/PrivateFrameworks/CoreWiFi.framework/Versions/A/CoreWiFi
dyld[27781]: <1A32F012-DF6F-3ED9-A869-57A59484364A> /System/Library/Frameworks/CoreWLAN.framework/Versions/A/CoreWLAN
dyld[27781]: <0F8909E8-5FEB-30F4-9F0C-452BA0426366> /System/Library/Frameworks/IOBluetooth.framework/Versions/A/IOBluetooth
dyld[27781]: <15E2350E-1E7F-3101-B816-E0438873739E> /System/Library/PrivateFrameworks/SharingCore.framework/Versions/A/SharingCore
dyld[27781]: <BC7BFCF2-2120-3313-A501-81E5E2030022> /usr/lib/swift/libswiftCoreLocation.dylib
dyld[27781]: <4484AE3C-DD6E-3D6E-B682-78031760A8DC> /System/Library/PrivateFrameworks/BiometricKit.framework/Versions/A/BiometricKit
dyld[27781]: <EA313BBC-AAAB-3716-96FA-D224A66180A9> /System/Library/PrivateFrameworks/IMFoundation.framework/Versions/A/IMFoundation
dyld[27781]: <1C5863F1-C561-3D38-8076-718C228371A4> /System/Library/PrivateFrameworks/Marco.framework/Versions/A/Marco
dyld[27781]: <C9B179FF-3071-35D9-B3CE-932C1845FA53> /System/Library/PrivateFrameworks/CommonUtilities.framework/Versions/A/CommonUtilities
dyld[27781]: <1B54007D-5CC2-3424-8101-F06E4C9201EF> /System/Library/PrivateFrameworks/Engram.framework/Versions/A/Engram
dyld[27781]: <DDCCA426-41C2-33FC-92D5-810AF76E1702> /System/Library/PrivateFrameworks/XPCDistributed.framework/Versions/A/XPCDistributed
dyld[27781]: <60F263CC-53CC-3454-A069-5C50D9D16D19> /usr/lib/libtidy.A.dylib
dyld[27781]: <6E40173C-0E6F-350B-832B-BD14D3552376> /System/Library/PrivateFrameworks/Bom.framework/Versions/A/Bom
dyld[27781]: <50396DE2-F322-317E-9ED6-FBD03C6DEC07> /usr/lib/libParallelCompression.dylib
dyld[27781]: <56CA8F0D-7FDF-38DD-9B54-C141FAEA16D4> /System/Library/PrivateFrameworks/IconFoundation.framework/Versions/A/IconFoundation
dyld[27781]: <FD60E3A6-E6B6-3F30-888C-E3C7C2795522> /System/Library/PrivateFrameworks/SiriAvailability.framework/Versions/A/SiriAvailability
dyld[27781]: <2E100945-8CFA-3D2B-B98B-346599B9AA7D> /System/Library/PrivateFrameworks/IconRendering.framework/Versions/A/IconRendering
dyld[27781]: <60DF4BCA-CAB3-3E8D-949E-F4999B9F65AB> /System/Library/PrivateFrameworks/CoreUI.framework/Versions/A/CoreUI
dyld[27781]: <51EDA369-341F-3AAA-84D9-354FAC00A73D> /System/Library/PrivateFrameworks/SFSymbols.framework/Versions/A/SFSymbols
dyld[27781]: <0CEB8553-8176-3B75-BCC3-B98FD7B64222> /System/Library/Frameworks/DeveloperToolsSupport.framework/Versions/A/DeveloperToolsSupport
dyld[27781]: <D0756662-35F8-3277-89DA-20FFABC3912B> /System/Library/PrivateFrameworks/RenderBox.framework/Versions/A/RenderBox
dyld[27781]: <BFAE1E75-29E4-33ED-8E0E-3CFCAF6A5B44> /System/Library/PrivateFrameworks/CoreSVG.framework/Versions/A/CoreSVG
dyld[27781]: <77C5ABD2-6C4C-388B-BBA5-367439EB7A43> /System/Library/PrivateFrameworks/TextureIO.framework/Versions/A/TextureIO
dyld[27781]: <1C8E48C6-0401-396B-A010-1ECE51273DFC> /System/Library/PrivateFrameworks/WallpaperServices.framework/Versions/A/WallpaperServices
dyld[27781]: <853DEB4C-3BD6-36C7-8239-9107D89EA9C4> /System/Library/Frameworks/ApplicationServices.framework/Versions/A/Frameworks/ATSUI.framework/Versions/A/ATSUI
dyld[27781]: <9B2BB676-BE90-345E-8A8A-BEA1676AB68B> /usr/lib/libIOReport.dylib
dyld[27781]: <C2CE1513-E864-34FE-9C4C-001F9E0513CC> /System/Library/PrivateFrameworks/WiFiPeerToPeer.framework/Versions/A/WiFiPeerToPeer
dyld[27781]: <5839CD39-6FDD-3C38-9824-ACE3C0CF481D> /usr/lib/libmrc.dylib
dyld[27781]: <2301FE73-C531-3885-B40F-4738EE870E90> /System/Library/PrivateFrameworks/IPConfiguration.framework/Versions/A/IPConfiguration
dyld[27781]: <0C6D9FA0-04A6-3D85-B75A-4DF17EC09F8C> /System/Library/PrivateFrameworks/Netrb.framework/Versions/A/Netrb
dyld[27781]: <F903486D-99F2-36D4-8A40-0B5BCC1B2185> /System/Library/PrivateFrameworks/FrontBoardServices.framework/Versions/A/FrontBoardServices
dyld[27781]: <907B748E-473A-3849-BFD2-07DA41ECC310> /System/Library/Frameworks/UserNotifications.framework/Versions/A/UserNotifications
dyld[27781]: <6329118D-9F82-35CD-8F38-BF2E9164D2C9> /System/Library/Frameworks/AudioUnit.framework/Versions/A/AudioUnit
dyld[27781]: <2F38131E-65D3-3A73-BC81-5C11E4112219> /System/Library/Frameworks/OpenDirectory.framework/Versions/A/Frameworks/CFOpenDirectory.framework/Versions/A/CFOpenDirectory
dyld[27781]: <CF70348E-0296-3DBB-8D53-3E62A0D85EE3> /System/Library/Frameworks/CoreLocation.framework/Versions/A/CoreLocation
dyld[27781]: <34711F94-0941-34BA-996A-A8BB638EE164> /System/Library/Frameworks/_LocationEssentials.framework/Versions/A/_LocationEssentials
dyld[27781]: <5C3AB432-E7AC-3921-941B-0E89A7E6AFD5> /System/Library/PrivateFrameworks/GeoServices.framework/Versions/A/GeoServices
dyld[27781]: <7EFFF158-298B-325B-8314-F5BA8D7E3FED> /System/Library/PrivateFrameworks/LocationSupport.framework/Versions/A/LocationSupport
dyld[27781]: <CDAEADC8-8B91-3B94-9E0A-69AFFC3CB2D4> /System/Library/PrivateFrameworks/GeoServicesCore.framework/Versions/A/GeoServicesCore
dyld[27781]: <784A1908-25BF-3DB1-8B68-29B5A287C006> /System/Library/PrivateFrameworks/PhoneNumbers.framework/Versions/A/PhoneNumbers
dyld[27781]: <360ED100-A72C-3BFB-B101-810AC55C83BF> /System/Library/PrivateFrameworks/LocationLogEncryption.framework/Versions/A/LocationLogEncryption
dyld[27781]: <11C5EEC2-C956-3593-B8D4-7066BFB3512A> /System/Library/PrivateFrameworks/CoreAVCHD.framework/Versions/A/CoreAVCHD
dyld[27781]: <053FCEB1-DB3A-3E10-A847-50BBA8A87DA1> /System/Library/Frameworks/MediaAccessibility.framework/Versions/A/MediaAccessibility
dyld[27781]: <4EA93E87-F43D-36BF-809B-71C5E586F8B7> /System/Library/PrivateFrameworks/Mangrove.framework/Versions/A/Mangrove
dyld[27781]: <612C6422-6995-3705-9828-80746E6AE585> /System/Library/Frameworks/CoreTelephony.framework/Versions/A/CoreTelephony
dyld[27781]: <3D9400FD-DE08-369B-B198-8F469BF2B8BC> /System/Library/PrivateFrameworks/CoreAUC.framework/Versions/A/CoreAUC
dyld[27781]: <75EDE623-3DF9-3496-8B40-816490D812F9> /usr/lib/libTelephonyUtilDynamic.dylib
dyld[27781]: <5D868430-6DA7-3AF8-8CEE-2DEB15F4B192> /System/Library/PrivateFrameworks/CoreEmoji.framework/Versions/A/CoreEmoji
dyld[27781]: <E73478C8-8F83-3240-BD7C-9CC3A10045D0> /System/Library/PrivateFrameworks/ANECompiler.framework/Versions/A/ANECompiler
dyld[27781]: <6CFEF06D-3736-3ED1-8AD0-3D572BA40B7C> /System/Library/PrivateFrameworks/MIL.framework/Versions/A/MIL
dyld[27781]: <029BDE56-B432-3A93-B3A3-2077CBFB41D5> /System/Library/Frameworks/MetalPerformanceShadersGraph.framework/Versions/A/MetalPerformanceShadersGraph
dyld[27781]: <47F79F7A-7249-387B-A7A3-71E3EC827D35> /System/Library/PrivateFrameworks/MLCompilerServices.framework/Versions/A/MLCompilerServices
dyld[27781]: <8A3F4B2F-7D15-3502-A3E0-DFB638C2869B> /System/Library/PrivateFrameworks/ANEServices.framework/Versions/A/ANEServices
dyld[27781]: <76CE7CC7-FD55-3502-B779-4A91DD18FF5D> /usr/lib/libncurses.5.4.dylib
dyld[27781]: <8778B0B0-B0F5-392F-80F8-C887E9681637> /usr/lib/libsandbox.1.dylib
dyld[27781]: <A2A9BDCC-3899-3B83-9EC0-AEC976B982D8> /usr/lib/libMatch.1.dylib
dyld[27781]: <FB7857DE-3E3F-3C90-B036-8DD0455D0D08> /System/Library/SubFrameworks/CoreAIRuntime.framework/Versions/A/CoreAIRuntime
dyld[27781]: <104F010A-E00F-39A2-9F9C-CAB2CC58BA3D> /System/Library/SubFrameworks/CoreAICompiler.framework/Versions/A/CoreAICompiler
dyld[27781]: <9E341275-2A38-3485-98D7-29164C4B037B> /System/Library/SubFrameworks/CoreAICommon.framework/Versions/A/CoreAICommon
dyld[27781]: <67D8CBCF-BBE3-3EB9-9469-2E6E5B785B4D> /System/Library/PrivateFrameworks/ODIE.framework/Versions/A/ODIE
dyld[27781]: <AB3C7545-E8B1-3AF8-9A7D-D202DD418B87> /System/Library/PrivateFrameworks/ODIE.framework/Versions/A/Frameworks/libODIECompiler.dylib
dyld[27781]: <E3C98A58-B2AF-34E1-AEE1-D45EF4277C3A> /System/Library/PrivateFrameworks/MLCompilerRuntime.framework/Versions/A/MLCompilerRuntime
dyld[27781]: <552048BA-26FF-33F4-B930-BD7BA6AE144E> /System/Library/Frameworks/MLCompute.framework/Versions/A/MLCompute
dyld[27781]: <DF80DDDA-A31F-34DE-B7DF-F539753D01F2> /System/Library/PrivateFrameworks/MLAssetIO.framework/Versions/A/MLAssetIO
dyld[27781]: <AE3C698D-3483-385B-8779-376AA375E626> /usr/lib/libcmph.dylib
dyld[27781]: <7DBD644B-7057-3040-8EA7-6AA373EF6580> /System/Library/Frameworks/AVFoundation.framework/Versions/A/AVFoundation
dyld[27781]: <E6AD61A0-C5EC-353E-961A-F3EF577BEB85> /System/Library/Frameworks/AVFAudio.framework/Versions/A/AVFAudio
dyld[27781]: <7FDE88CB-E3AF-3C12-A702-D3C4F45451DE> /System/Library/PrivateFrameworks/AVFCore.framework/Versions/A/AVFCore
dyld[27781]: <B3079358-30B4-38A2-9E0F-0A53D4E92A06> /System/Library/PrivateFrameworks/AVFCapture.framework/Versions/A/AVFCapture
dyld[27781]: <B1F0F27E-9C2E-3484-8281-E08E0A587628> /System/Library/Frameworks/AVRouting.framework/Versions/A/AVRouting
dyld[27781]: <177C6363-8B15-3241-AA4C-3A136A1ADF9D> /System/Library/PrivateFrameworks/IsolatedCoreAudioClient.framework/Versions/A/IsolatedCoreAudioClient
dyld[27781]: <17F45734-E410-3651-83FB-6F4F72793016> /System/Library/PrivateFrameworks/Tightbeam.framework/Versions/A/Tightbeam
dyld[27781]: <C53B71E8-ACFF-36B6-9AE2-B19300E7EFD2> /System/Library/PrivateFrameworks/CoreAudioOrchestration.framework/Versions/A/CoreAudioOrchestration
dyld[27781]: <0598C108-FF3F-3E39-965A-93157CE836D1> /System/Library/PrivateFrameworks/AFKUser.framework/Versions/A/AFKUser
dyld[27781]: <3D3A9F4D-CA58-3FC3-913D-8075FE8B295A> /usr/lib/libAccessibility.dylib
dyld[27781]: <55D2FFAA-71A5-32A9-A873-3BC601CB8270> /System/Library/PrivateFrameworks/CMCapture.framework/Versions/A/CMCapture
dyld[27781]: <65F8A024-2225-3A19-BFFE-5851DE039386> /System/Library/PrivateFrameworks/CMImaging.framework/Versions/A/CMImaging
dyld[27781]: <57F8689D-358E-3F3D-99C8-DF20BA88E009> /System/Library/PrivateFrameworks/Quagga.framework/Versions/A/Quagga
dyld[27781]: <42FA413D-F41D-3EBA-A004-1A4BF131836F> /System/Library/Frameworks/CoreMediaIO.framework/Versions/A/CoreMediaIO
dyld[27781]: <034A20DE-D152-357C-A054-77A4FAFEFEEC> /System/Library/PrivateFrameworks/CMCaptureDevice.framework/Versions/A/CMCaptureDevice
dyld[27781]: <3208EA72-418C-3925-9B1B-63C6C4D6BED7> /System/Library/PrivateFrameworks/CinematicFraming.framework/Versions/A/CinematicFraming
dyld[27781]: <3AE4DEFB-4D32-3CB0-B374-99196B4278DA> /System/Library/PrivateFrameworks/ModelManagerServices.framework/Versions/A/ModelManagerServices
dyld[27781]: <B8147487-55D3-37E7-B3EA-CCC0F73F862D> /System/Library/Frameworks/CoreMotion.framework/Versions/A/CoreMotion
dyld[27781]: <DDD3E07F-7C08-3CD1-AB49-E92A1750A62C> /System/Library/PrivateFrameworks/DistributedSensing.framework/Versions/A/DistributedSensing
dyld[27781]: <C6BB1755-D0C6-32CD-88CC-A5B56EE50645> /System/Library/PrivateFrameworks/MobileBluetooth.framework/Versions/A/MobileBluetooth
dyld[27781]: <27091226-02BD-3686-BF0E-085096893D67> /System/Library/PrivateFrameworks/Rapport.framework/Versions/A/Rapport
dyld[27781]: <0F31BAE7-B2B6-3BCB-B2C6-B239449E2734> /System/Library/PrivateFrameworks/AppleIntelligenceReporting.framework/Versions/A/AppleIntelligenceReporting
dyld[27781]: <5DF01521-DA21-3FA2-9581-1D814B129B76> /usr/lib/libcups.2.dylib
dyld[27781]: <36818586-0927-335D-94A6-FACA52DAD4EF> /System/Library/Frameworks/Kerberos.framework/Versions/A/Kerberos
dyld[27781]: <778B1AA4-BAD7-376F-B3D2-9E4351381EB6> /System/Library/Frameworks/GSS.framework/Versions/A/GSS
dyld[27781]: <7A5E3B41-E1A5-31B8-8305-00D4886ADD73> /usr/lib/libresolv.9.dylib
dyld[27781]: <65B96FD7-F535-3837-ABC1-EE1D5A60ABDB> /System/Library/PrivateFrameworks/Heimdal.framework/Versions/A/Heimdal
dyld[27781]: <7B620A28-EDAD-3A85-9119-1E2B416CE165> /System/Library/Frameworks/Kerberos.framework/Versions/A/Libraries/libHeimdalProxy.dylib
dyld[27781]: <4784BF83-DC78-3E97-9A01-C529A57BBEFA> /System/Library/PrivateFrameworks/CommonAuth.framework/Versions/A/CommonAuth
dyld[27781]: <984C45FC-1DE2-3439-B962-8EAD027A77AB> /System/Library/PrivateFrameworks/AXCoreUtilities.framework/Versions/A/AXCoreUtilities
dyld[27781]: <FD85C228-E13C-34F9-9D7D-C0712CAFB078> /usr/lib/libedit.3.dylib
dyld[27781]: <A2032F2C-B284-348F-BDFC-381250C87359> /System/Library/PrivateFrameworks/AttributeGraph.framework/Versions/A/AttributeGraph
dyld[27781]: <C084AEF8-370C-3E7E-B6BF-DA09B3A6CA0C> /usr/lib/libAXSafeCategoryBundle.dylib
dyld[27781]: <41699BFD-38D3-3314-8B07-D89CB3314E07> /System/Library/Frameworks/TabularData.framework/Versions/A/TabularData
dyld[27781]: <D5AF6F43-2DF9-32FB-8D9B-3B210FE9DF98> /System/Library/PrivateFrameworks/ArgumentParserInternal.framework/Versions/A/ArgumentParserInternal
dyld[27781]: <5F24A8BE-71E7-31BD-B08B-87B902940ACE> /System/Library/Frameworks/Accelerate.framework/Versions/A/Frameworks/vecLib.framework/Versions/A/libvDSP.dylib
dyld[27781]: <9652335A-F8D7-3B4A-ACB7-7DE6416BC466> /System/Library/Frameworks/Accelerate.framework/Versions/A/Frameworks/vecLib.framework/Versions/A/libLAPACK.dylib
dyld[27781]: <1DE99C65-6A3D-355A-8A86-094C3E0E964A> /System/Library/Frameworks/Accelerate.framework/Versions/A/Frameworks/vecLib.framework/Versions/A/libLinearAlgebra.dylib
dyld[27781]: <0E3488EF-0F47-39A1-A1CC-CDBC16D486B9> /System/Library/Frameworks/Accelerate.framework/Versions/A/Frameworks/vecLib.framework/Versions/A/libSparseBLAS.dylib
dyld[27781]: <C802FD74-589B-385F-8928-ACAA5F6F7FC5> /System/Library/Frameworks/Accelerate.framework/Versions/A/Frameworks/vecLib.framework/Versions/A/libQuadrature.dylib
dyld[27781]: <8CED8CD6-005C-3320-A862-FBD989F44C50> /System/Library/Frameworks/Accelerate.framework/Versions/A/Frameworks/vecLib.framework/Versions/A/libBNNS.dylib
dyld[27781]: <FFED5D83-AABF-3832-B0C0-6417CDB3AC0F> /System/Library/Frameworks/Accelerate.framework/Versions/A/Frameworks/vecLib.framework/Versions/A/libSparse.dylib
dyld[27781]: <8BCEEB80-860E-31E3-82D3-19AA45B6C8A4> /usr/lib/libapp_launch_measurement.dylib
dyld[27781]: <AD67DE6D-1296-374B-BF2A-B6EDCC811F6D> /System/Library/PrivateFrameworks/InstalledContentLibrary.framework/Versions/A/InstalledContentLibrary
dyld[27781]: <11F768F3-A56B-396F-B00D-3FC186B5476B> /System/Library/PrivateFrameworks/CoreServicesStore.framework/Versions/A/CoreServicesStore
dyld[27781]: <71573CF6-9FE6-386F-AEE4-E439FFE15829> /System/Library/PrivateFrameworks/AppleMobileFileIntegrity.framework/Versions/A/AppleMobileFileIntegrity
dyld[27781]: <FBC60DCF-D42B-3D08-B58C-A667E28E8B80> /System/Library/PrivateFrameworks/MobileSystemServices.framework/Versions/A/MobileSystemServices
dyld[27781]: <74D3A61E-85C1-355C-80CA-9B7F2D6C2EDE> /System/Library/PrivateFrameworks/ConfigProfileHelper.framework/Versions/A/ConfigProfileHelper
dyld[27781]: <B97F2F85-7D93-39F9-8818-0D15E7FC9C83> /usr/lib/libxslt.1.dylib
dyld[27781]: <3E9AEDC3-E785-3F03-BD6D-E96E3B23F19A> /System/Library/PrivateFrameworks/BackgroundTaskManagement.framework/Versions/A/BackgroundTaskManagement
dyld[27781]: <6EACD1BE-2F93-35BF-BE65-9A936994473D> /usr/lib/libcurl.4.dylib
dyld[27781]: <31BB8ED0-21DB-3DDB-BF06-489A37C06BC3> /usr/lib/libcrypto.46.dylib
dyld[27781]: <19CB2D19-0977-3813-9147-7409AA190486> /usr/lib/libssl.48.dylib
dyld[27781]: <8E111D97-BEBB-3C0D-9CDD-300BDF7D91E9> /System/Library/Frameworks/LDAP.framework/Versions/A/LDAP
dyld[27781]: <F639BC9D-D643-36EB-947D-E8C6FCCAF506> /System/Library/PrivateFrameworks/TrustEvaluationAgent.framework/Versions/A/TrustEvaluationAgent
dyld[27781]: <3D1F6EBF-66CF-3AFE-9EC6-946AC68BA8EF> /usr/lib/libsasl2.2.dylib
dyld[27781]: <B2F31AE9-FA1F-3D55-BE68-A2301B8FF7C1> /System/Library/PrivateFrameworks/NetAuth.framework/Versions/A/NetAuth
dyld[27781]: <2B75C856-223B-39C6-B787-015DD8EE4BFB> /System/Library/PrivateFrameworks/login.framework/Versions/A/Frameworks/loginsupport.framework/Versions/A/loginsupport
dyld[27781]: move loaded to delayed: libcmark-gfm.dylib
dyld[27781]: move loaded to delayed: libCGInterfaces.dylib
dyld[27781]: move loaded to delayed: AccelerateGPU
dyld[27781]: move loaded to delayed: ApplicationServices
dyld[27781]: move loaded to delayed: ATS
dyld[27781]: move loaded to delayed: HIServices
dyld[27781]: move loaded to delayed: PrintCore
dyld[27781]: move loaded to delayed: QD
dyld[27781]: move loaded to delayed: ColorSyncLegacy
dyld[27781]: move loaded to delayed: SpeechSynthesis
dyld[27781]: move loaded to delayed: TextRecognition
dyld[27781]: move loaded to delayed: AudioDSPGraph
dyld[27781]: move loaded to delayed: TextInput
dyld[27781]: move loaded to delayed: CVNLP
dyld[27781]: move loaded to delayed: LanguageModeling
dyld[27781]: move loaded to delayed: DataDetectorsCore
dyld[27781]: move loaded to delayed: Futhark
dyld[27781]: move loaded to delayed: VisionCore
dyld[27781]: move loaded to delayed: CoreML
dyld[27781]: move loaded to delayed: NaturalLanguage
dyld[27781]: move loaded to delayed: Espresso
dyld[27781]: move loaded to delayed: DataDetection
dyld[27781]: move loaded to delayed: AppleNeuralEngine
dyld[27781]: move loaded to delayed: libswiftCoreImage.dylib
dyld[27781]: move loaded to delayed: libswiftMLCompute.dylib
dyld[27781]: move loaded to delayed: libswiftNaturalLanguage.dylib
dyld[27781]: move loaded to delayed: InternationalSupport
dyld[27781]: move loaded to delayed: CMPhoto
dyld[27781]: move loaded to delayed: MediaToolbox
dyld[27781]: move loaded to delayed: Montreal
dyld[27781]: move loaded to delayed: ByteMatrixVerification
dyld[27781]: move loaded to delayed: libFDRDecode.dylib
dyld[27781]: move loaded to delayed: AppleJPEGXL
dyld[27781]: move loaded to delayed: CryptoKit
dyld[27781]: move loaded to delayed: libswiftCompression.dylib
dyld[27781]: move loaded to delayed: CryptoKitPrivate
dyld[27781]: move loaded to delayed: CryptoKitCBridging
dyld[27781]: move loaded to delayed: CryptoTokenKit
dyld[27781]: move loaded to delayed: LocalAuthentication
dyld[27781]: move loaded to delayed: LocalAuthenticationCore
dyld[27781]: move loaded to delayed: LocalAuthenticationCredentialServices
dyld[27781]: move loaded to delayed: SharedUtils
dyld[27781]: move loaded to delayed: DFRFoundation
dyld[27781]: move loaded to delayed: DiskManagement
dyld[27781]: move loaded to delayed: libcsfde.dylib
dyld[27781]: move loaded to delayed: libCoreStorage.dylib
dyld[27781]: move loaded to delayed: ProtectedCloudStorage
dyld[27781]: move loaded to delayed: EFILogin
dyld[27781]: move loaded to delayed: AAAFoundation
dyld[27781]: move loaded to delayed: Accounts
dyld[27781]: move loaded to delayed: CloudServices
dyld[27781]: move loaded to delayed: OctagonTrust
dyld[27781]: move loaded to delayed: AppleIDAuthSupport
dyld[27781]: move loaded to delayed: KeychainCircle
dyld[27781]: move loaded to delayed: AuthKit
dyld[27781]: move loaded to delayed: MultiverseSupport
dyld[27781]: move loaded to delayed: URLFormatting
dyld[27781]: move loaded to delayed: AudioAccessoryServices
dyld[27781]: move loaded to delayed: CoreBluetooth
dyld[27781]: move loaded to delayed: CoreUtils
dyld[27781]: move loaded to delayed: Sharing
dyld[27781]: move loaded to delayed: CoreUtilsExtras
dyld[27781]: move loaded to delayed: IO80211
dyld[27781]: move loaded to delayed: AutoUnlock
dyld[27781]: move loaded to delayed: IDSFoundation
dyld[27781]: move loaded to delayed: IconServices
dyld[27781]: move loaded to delayed: Apple80211
dyld[27781]: move loaded to delayed: CoreWiFi
dyld[27781]: move loaded to delayed: CoreWLAN
dyld[27781]: move loaded to delayed: IOBluetooth
dyld[27781]: move loaded to delayed: SharingCore
dyld[27781]: move loaded to delayed: libswiftCoreLocation.dylib
dyld[27781]: move loaded to delayed: BiometricKit
dyld[27781]: move loaded to delayed: IMFoundation
dyld[27781]: move loaded to delayed: Marco
dyld[27781]: move loaded to delayed: CommonUtilities
dyld[27781]: move loaded to delayed: Engram
dyld[27781]: move loaded to delayed: XPCDistributed
dyld[27781]: move loaded to delayed: libtidy.A.dylib
dyld[27781]: move loaded to delayed: Bom
dyld[27781]: move loaded to delayed: libParallelCompression.dylib
dyld[27781]: move loaded to delayed: IconFoundation
dyld[27781]: move loaded to delayed: SiriAvailability
dyld[27781]: move loaded to delayed: IconRendering
dyld[27781]: move loaded to delayed: CoreUI
dyld[27781]: move loaded to delayed: SFSymbols
dyld[27781]: move loaded to delayed: DeveloperToolsSupport
dyld[27781]: move loaded to delayed: RenderBox
dyld[27781]: move loaded to delayed: CoreSVG
dyld[27781]: move loaded to delayed: TextureIO
dyld[27781]: move loaded to delayed: WallpaperServices
dyld[27781]: move loaded to delayed: ATSUI
dyld[27781]: move loaded to delayed: libIOReport.dylib
dyld[27781]: move loaded to delayed: WiFiPeerToPeer
dyld[27781]: move loaded to delayed: libmrc.dylib
dyld[27781]: move loaded to delayed: IPConfiguration
dyld[27781]: move loaded to delayed: Netrb
dyld[27781]: move loaded to delayed: FrontBoardServices
dyld[27781]: move loaded to delayed: UserNotifications
dyld[27781]: move loaded to delayed: AudioUnit
dyld[27781]: move loaded to delayed: CoreLocation
dyld[27781]: move loaded to delayed: _LocationEssentials
dyld[27781]: move loaded to delayed: GeoServices
dyld[27781]: move loaded to delayed: LocationSupport
dyld[27781]: move loaded to delayed: GeoServicesCore
dyld[27781]: move loaded to delayed: PhoneNumbers
dyld[27781]: move loaded to delayed: LocationLogEncryption
dyld[27781]: move loaded to delayed: CoreAVCHD
dyld[27781]: move loaded to delayed: MediaAccessibility
dyld[27781]: move loaded to delayed: Mangrove
dyld[27781]: move loaded to delayed: CoreTelephony
dyld[27781]: move loaded to delayed: CoreAUC
dyld[27781]: move loaded to delayed: libTelephonyUtilDynamic.dylib
dyld[27781]: move loaded to delayed: CoreEmoji
dyld[27781]: move loaded to delayed: ANECompiler
dyld[27781]: move loaded to delayed: MetalPerformanceShadersGraph
dyld[27781]: move loaded to delayed: MLCompilerServices
dyld[27781]: move loaded to delayed: ANEServices
dyld[27781]: move loaded to delayed: libncurses.5.4.dylib
dyld[27781]: move loaded to delayed: libsandbox.1.dylib
dyld[27781]: move loaded to delayed: libMatch.1.dylib
dyld[27781]: move loaded to delayed: CoreAIRuntime
dyld[27781]: move loaded to delayed: CoreAICompiler
dyld[27781]: move loaded to delayed: CoreAICommon
dyld[27781]: move loaded to delayed: ODIE
dyld[27781]: move loaded to delayed: libODIECompiler.dylib
dyld[27781]: move loaded to delayed: MLCompilerRuntime
dyld[27781]: move loaded to delayed: MLCompute
dyld[27781]: move loaded to delayed: MLAssetIO
dyld[27781]: move loaded to delayed: libcmph.dylib
dyld[27781]: move loaded to delayed: AVFoundation
dyld[27781]: move loaded to delayed: AVFAudio
dyld[27781]: move loaded to delayed: AVFCore
dyld[27781]: move loaded to delayed: AVFCapture
dyld[27781]: move loaded to delayed: AVRouting
dyld[27781]: move loaded to delayed: IsolatedCoreAudioClient
dyld[27781]: move loaded to delayed: Tightbeam
dyld[27781]: move loaded to delayed: CoreAudioOrchestration
dyld[27781]: move loaded to delayed: AFKUser
dyld[27781]: move loaded to delayed: libAccessibility.dylib
dyld[27781]: move loaded to delayed: CMCapture
dyld[27781]: move loaded to delayed: CMImaging
dyld[27781]: move loaded to delayed: Quagga
dyld[27781]: move loaded to delayed: CoreMediaIO
dyld[27781]: move loaded to delayed: CMCaptureDevice
dyld[27781]: move loaded to delayed: CinematicFraming
dyld[27781]: move loaded to delayed: ModelManagerServices
dyld[27781]: move loaded to delayed: CoreMotion
dyld[27781]: move loaded to delayed: DistributedSensing
dyld[27781]: move loaded to delayed: MobileBluetooth
dyld[27781]: move loaded to delayed: Rapport
dyld[27781]: move loaded to delayed: AppleIntelligenceReporting
dyld[27781]: move loaded to delayed: libcups.2.dylib
dyld[27781]: move loaded to delayed: AXCoreUtilities
dyld[27781]: move loaded to delayed: libedit.3.dylib
dyld[27781]: move loaded to delayed: AttributeGraph
dyld[27781]: move loaded to delayed: libAXSafeCategoryBundle.dylib
dyld[27781]: move loaded to delayed: TabularData
dyld[27781]: move loaded to delayed: ArgumentParserInternal
0034:trace:loaddll:build_module Loaded L"C:\\windows\\system32\\services.exe" at 0000000140000000: builtin
0034:trace:loaddll:build_module Loaded L"C:\\windows\\system32\\kernelbase.dll" at 00006FFFFFC10000: builtin
0034:trace:loaddll:build_module Loaded L"C:\\windows\\system32\\kernel32.dll" at 00006FFFFFEC0000: builtin
0034:trace:loaddll:build_module Loaded L"C:\\windows\\system32\\msvcrt.dll" at 00006FFFFFAF0000: builtin
0034:trace:loaddll:build_module Loaded L"C:\\windows\\system32\\ucrtbase.dll" at 00006FFFFF9D0000: builtin
0034:trace:loaddll:build_module Loaded L"C:\\windows\\system32\\sechost.dll" at 00006FFFFFAC0000: builtin
0034:trace:loaddll:build_module Loaded L"C:\\windows\\system32\\advapi32.dll" at 00006FFFFFBB0000: builtin
0034:trace:loaddll:build_module Loaded L"C:\\windows\\system32\\rpcrt4.dll" at 00006FFFFF8F0000: builtin
0034:trace:loaddll:build_module Loaded L"C:\\windows\\system32\\setupapi.dll" at 00006FFFFF860000: builtin
0034:trace:loaddll:build_module Loaded L"C:\\windows\\system32\\userenv.dll" at 00006FFFFF840000: builtin
dyld[27783]: <E8BD2F5D-31CD-3E5D-B239-7D6C7B698EA9> /private/tmp/step10a4-highball-V5DiZw/engine/bin/wine
dyld[27783]: <C35C3CFC-E1B6-36CB-8F34-F1B9CED0E362> /usr/lib/libSystem.B.dylib
dyld[27783]: <AD218373-799B-3BA0-9D22-6CF6EF7A5E92> /usr/lib/system/libcache.dylib
dyld[27783]: <4DB84DD1-66CE-3AF3-98F7-E3ECD3445CAB> /usr/lib/system/libcommonCrypto.dylib
dyld[27783]: <ADF5CD65-B192-3261-B0A8-1923DC6FD1F4> /usr/lib/system/libcompiler_rt.dylib
dyld[27783]: <B654BDF4-CAF2-366B-B724-7F0C80A7C988> /usr/lib/system/libcopyfile.dylib
dyld[27783]: <1654DB72-6508-373A-AFCD-A11AE4B4A111> /usr/lib/system/libcorecrypto.dylib
dyld[27783]: <C9CE6EB5-E461-3D14-87EC-3D9EC083F36C> /usr/lib/system/libdispatch.dylib
dyld[27783]: <7CE1E71D-6070-37E6-8885-F63FCBBA4F5F> /usr/lib/system/libdyld.dylib
dyld[27783]: <DDFC973E-DE9D-3F4A-B6B0-D4197C39D86D> /usr/lib/system/libkeymgr.dylib
dyld[27783]: <598B55F4-54B2-3E18-807E-D76251119D0E> /usr/lib/system/libmacho.dylib
dyld[27783]: <C70805D8-E2BC-30DB-95E8-72E98E125E29> /usr/lib/system/libquarantine.dylib
dyld[27783]: <9705AC41-D08C-3620-BC12-50F19EBBE26F> /usr/lib/system/libremovefile.dylib
dyld[27783]: <1479C560-2FDF-38E1-9B15-05CD2D84318A> /usr/lib/system/libsystem_asl.dylib
dyld[27783]: <7C2C988E-15E9-3CB4-BAFF-C0B51B03EB6B> /usr/lib/system/libsystem_blocks.dylib
dyld[27783]: <5189C409-7FC9-3ED9-9C35-115DE311AD0E> /usr/lib/system/libsystem_c.dylib
dyld[27783]: <3165A454-B215-3725-9E9E-02D110A9F8D4> /usr/lib/system/libsystem_collections.dylib
dyld[27783]: <359AB422-DD50-3256-B1C6-F72DF9DD987A> /usr/lib/system/libsystem_configuration.dylib
dyld[27783]: <1B79C1E0-CA9B-30F1-ACD7-79C427C8B363> /usr/lib/system/libsystem_containermanager.dylib
dyld[27783]: <64BC6CC4-ECC7-3030-9713-ECBC9C89FDC6> /usr/lib/system/libsystem_coreservices.dylib
dyld[27783]: <F2C0B46B-0E3B-3D69-88E3-7438D86E2400> /usr/lib/system/libsystem_darwin.dylib
dyld[27783]: <9E147608-C331-3C58-8BDB-9BCD72676DF9> /usr/lib/system/libsystem_darwindirectory.dylib
dyld[27783]: <9155855F-09DE-3716-8EE1-D0E471817E4B> /usr/lib/system/libsystem_dnssd.dylib
dyld[27783]: <8DDD0D3E-463F-3588-99ED-CD3143D4D7E8> /usr/lib/system/libsystem_eligibility.dylib
dyld[27783]: <65390F97-3CEE-39F9-A4A8-6AAAEBE5CAF4> /usr/lib/system/libsystem_featureflags.dylib
dyld[27783]: <43FED5F7-ABEE-3709-9DBC-63C15471566A> /usr/lib/system/libsystem_info.dylib
dyld[27783]: <6B647DA7-B1BD-3553-99A4-318A0A54ADE4> /usr/lib/system/libsystem_m.dylib
dyld[27783]: <AA9F3382-0989-3BFD-8D3A-D0F95422DB89> /usr/lib/system/libsystem_malloc.dylib
dyld[27783]: <9684139A-D966-39F4-BE5A-5DC2F35E198F> /usr/lib/system/libsystem_networkextension.dylib
dyld[27783]: <BC7A29BB-B5B6-3273-A306-1A32A631CAC7> /usr/lib/system/libsystem_notify.dylib
dyld[27783]: <EBD29789-35BD-37AE-AFCB-6F951941E93C> /usr/lib/system/libsystem_sandbox.dylib
dyld[27783]: <260D9D91-0E97-3CE8-8DD7-5F8DAD1CEC12> /usr/lib/system/libsystem_sanitizers.dylib
dyld[27783]: <10604294-2616-3323-8EE7-13B7AA6FA0F4> /usr/lib/system/libsystem_secinit.dylib
dyld[27783]: <40155496-5BD7-3491-AEFC-B4395F3DCF04> /usr/lib/system/libsystem_kernel.dylib
dyld[27783]: <6D92CF2D-A008-36B6-B516-C960029E4960> /usr/lib/system/libsystem_platform.dylib
dyld[27783]: <0BAFE0E7-F27F-363F-A13C-70619F985288> /usr/lib/system/libsystem_pthread.dylib
dyld[27783]: <14B38348-6F43-316E-9559-4A5E077AFC52> /usr/lib/system/libsystem_symptoms.dylib
dyld[27783]: <2AE5497B-628B-3027-B36D-AA62D9C95D20> /usr/lib/system/libsystem_trace.dylib
dyld[27783]: <E9DCD1A4-A6F0-356D-89E0-CDB2D6E1E755> /usr/lib/system/libsystem_trial.dylib
dyld[27783]: <F786DF52-020C-3CD4-85A4-42BBADA2E485> /usr/lib/system/libunwind.dylib
dyld[27783]: <A44EE173-2555-3EA9-B836-0AF203AFBF46> /usr/lib/system/libxpc.dylib
dyld[27783]: <AD71C77A-7D9F-3D67-AF76-A029629F8A52> /usr/lib/libc++abi.dylib
dyld[27783]: <FA4B4D4D-4A72-301D-82E4-0415534FF26C> /usr/lib/libobjc.A.dylib
dyld[27783]: <5E62C50D-63D5-3D91-8408-6175282185E7> /usr/lib/libRosetta.dylib
dyld[27783]: <8DAA0737-BE5F-3F33-929E-DAD557873C98> /usr/lib/libc++.1.dylib
dyld[27783]: <335FE197-93DD-3981-827B-759F2392CF07> /private/tmp/step10a4-highball-V5DiZw/engine/lib/wine/x86_64-unix/ntdll.so
dyld[27783]: <A8EB4F11-C0D5-3F15-A780-879C56203E0C> /System/Library/Frameworks/IOKit.framework/Versions/A/IOKit
dyld[27783]: <5E62C50D-63D5-3D91-8408-6175282185E7> /usr/lib/liboah.dylib
dyld[27783]: <B459B479-FC1A-3C62-BCC0-E87C4CB7B1C5> /usr/lib/libDiagnosticMessagesClient.dylib
dyld[27783]: <A6B926CC-8265-30C8-A0B4-B1FA5736B4FD> /usr/lib/libenergytrace.dylib
dyld[27783]: <022D827A-54B6-36C6-8F2E-21871F2082D5> /usr/lib/libbsm.0.dylib
dyld[27783]: <B08331D8-B583-3318-ADA7-B5939493E835> /System/Library/Frameworks/CoreFoundation.framework/Versions/A/CoreFoundation
dyld[27783]: <CCA5EC52-A9CD-3589-A804-AFF5BDF15489> /usr/lib/libz.1.dylib
dyld[27783]: <B3B167F4-133E-36CD-92C0-228C57113795> /usr/lib/system/libkxld.dylib
dyld[27783]: <2E0B4D74-C5BC-342B-970B-B50814C8771D> /System/Library/PrivateFrameworks/SoftLinking.framework/Versions/A/SoftLinking
dyld[27783]: <FF355D69-B1AE-3A77-83D3-74552649536D> /System/Library/PrivateFrameworks/CoreServicesInternal.framework/Versions/A/CoreServicesInternal
dyld[27783]: <E832CDD3-EC43-3FDE-950B-4B2DDD2EE627> /System/Library/Frameworks/Foundation.framework/Versions/C/Foundation
dyld[27783]: <FA8187C5-6DC0-3580-BC9A-6CCEF81F8B88> /usr/lib/libfakelink.dylib
dyld[27783]: <9EB824DA-83AB-365D-B5F1-311757BAB13F> /usr/lib/libicucore.A.dylib
dyld[27783]: <3E87F493-4F61-39C7-A5E2-B23C8035D8AD> /System/Library/Frameworks/CoreServices.framework/Versions/A/CoreServices
dyld[27783]: <83C00352-42B3-3176-BCF3-21C5A8354B69> /System/Library/Frameworks/Security.framework/Versions/A/Security
dyld[27783]: <30EF56FE-5FF9-3E23-B955-4B32776DB696> /System/Library/PrivateFrameworks/DiskImages.framework/Versions/A/DiskImages
dyld[27783]: <4DDB589C-3E74-33BB-9608-E6D732C7768F> /System/Library/Frameworks/NetFS.framework/Versions/A/NetFS
dyld[27783]: <0C206EA7-DB71-343F-9602-8000DFE92D57> /System/Library/Frameworks/CFNetwork.framework/Versions/A/CFNetwork
dyld[27783]: <6BD9A7B1-BD79-3BD1-8E60-A351268524BF> /System/Library/Frameworks/CoreServices.framework/Versions/A/Frameworks/FSEvents.framework/Versions/A/FSEvents
dyld[27783]: <ECD9465F-8A62-3CC4-B263-ED77CC35CC57> /System/Library/Frameworks/CoreServices.framework/Versions/A/Frameworks/CarbonCore.framework/Versions/A/CarbonCore
dyld[27783]: <3E469D4D-5E88-3E05-A36A-5E4748822538> /System/Library/Frameworks/CoreServices.framework/Versions/A/Frameworks/Metadata.framework/Versions/A/Metadata
dyld[27783]: <CCDDC516-276B-3F1D-AEAD-8BDADEA84A8E> /System/Library/Frameworks/CoreServices.framework/Versions/A/Frameworks/OSServices.framework/Versions/A/OSServices
dyld[27783]: <4DE627B3-266F-3CAD-A604-272AAC2154D5> /System/Library/Frameworks/CoreServices.framework/Versions/A/Frameworks/SearchKit.framework/Versions/A/SearchKit
dyld[27783]: <3940B96B-C857-3B4D-9295-A3AD8F190E7C> /System/Library/Frameworks/CoreServices.framework/Versions/A/Frameworks/AE.framework/Versions/A/AE
dyld[27783]: <88879E3D-60BC-335F-BC83-6E7AA6360641> /System/Library/Frameworks/CoreServices.framework/Versions/A/Frameworks/LaunchServices.framework/Versions/A/LaunchServices
dyld[27783]: <DB20022E-8F2D-3F01-95FD-CD3F40758294> /System/Library/Frameworks/CoreServices.framework/Versions/A/Frameworks/DictionaryServices.framework/Versions/A/DictionaryServices
dyld[27783]: <3C402754-C897-3358-B2A6-53AC950F0AAD> /System/Library/Frameworks/CoreServices.framework/Versions/A/Frameworks/SharedFileList.framework/Versions/A/SharedFileList
dyld[27783]: <51ADA3FF-7D95-32BB-8D53-9A79D19737A6> /System/Library/Frameworks/SystemConfiguration.framework/Versions/A/SystemConfiguration
dyld[27783]: <566D0F44-DC97-37B0-A816-F9C52E678AB7> /usr/lib/libapple_nghttp2.dylib
dyld[27783]: <C3D64E6D-68E6-3606-B4A2-0615C2914C4A> /usr/lib/libcompression.dylib
dyld[27783]: <BCCC90C6-AFF2-3E30-A3FF-ECB449916C9B> /usr/lib/libsqlite3.dylib
dyld[27783]: <E48C0927-6427-39B2-9E1D-064FFCC1D026> /System/Library/Frameworks/Network.framework/Versions/A/Network
dyld[27783]: <3FBE1DC9-EC26-3A3D-91D4-0C1347161636> /System/Library/PrivateFrameworks/AppleKeyStore.framework/Versions/A/AppleKeyStore
dyld[27783]: <999857AC-6B67-32B0-ACD9-03E27BF1DF82> /usr/lib/libCoreEntitlements.dylib
dyld[27783]: <B01BECF4-3FD8-3EB9-A385-C6E86E258B5D> /usr/lib/libTLE.dylib
dyld[27783]: <66326DEB-49FA-3A5A-8655-0A7F3C46C43F> /System/Library/PrivateFrameworks/MessageSecurity.framework/Versions/A/MessageSecurity
dyld[27783]: <63746141-C4F7-3C15-BFF9-8690FDCFA934> /System/Library/PrivateFrameworks/ProtocolBuffer.framework/Versions/A/ProtocolBuffer
dyld[27783]: <49E753F2-5BE7-3D0F-A620-52519749D4FA> /System/Library/PrivateFrameworks/SymptomDiagnosticReporter.framework/Versions/A/SymptomDiagnosticReporter
dyld[27783]: <D565FF2C-0F9E-33C8-BF97-8B784B5AC862> /System/Library/PrivateFrameworks/CrashReporterSupport.framework/Versions/A/CrashReporterSupport
dyld[27783]: <6755F843-27F7-3CC6-A704-87037158E019> /System/Library/PrivateFrameworks/CoreAnalytics.framework/Versions/A/CoreAnalytics
dyld[27783]: <9171B014-BABF-3AF4-BE23-254F4267F0DD> /System/Library/PrivateFrameworks/CoreTime.framework/Versions/A/CoreTime
dyld[27783]: <4EE62B14-42C5-37D8-B7B9-7F48B39ADE42> /usr/lib/libMobileGestalt.dylib
dyld[27783]: <3A9AC8ED-1C48-3070-A4C0-748A011A4ECF> /System/Library/PrivateFrameworks/AppleFSCompression.framework/Versions/A/AppleFSCompression
dyld[27783]: <0F8695F5-0D7F-388C-8D2B-21E64C0C5C37> /usr/lib/libcoretls.dylib
dyld[27783]: <B0AA1109-6DD2-3F0A-9BFB-7ED7D22C22B7> /usr/lib/libcoretls_cfhelpers.dylib
dyld[27783]: <6D962100-4769-3EC0-AEA5-C5C76149B497> /usr/lib/libpam.2.dylib
dyld[27783]: <00A6D787-1FF6-31C2-962C-166285687ECD> /usr/lib/libxar.1.dylib
dyld[27783]: <E4A7FCAA-6DCC-396C-80D2-EF1D88CFB305> /System/Library/PrivateFrameworks/NSPredicateSecurityPolicy.framework/Versions/A/NSPredicateSecurityPolicy
dyld[27783]: <0282ADDB-A746-3F00-8CFF-17FB254825AB> /System/Library/PrivateFrameworks/CoreAutoLayout.framework/Versions/A/CoreAutoLayout
dyld[27783]: <B0DEC2B5-F2A5-3F34-A857-11A54E65762C> /usr/lib/libcmark-gfm.dylib
dyld[27783]: <FB5AA338-58FC-3C93-BCAB-72D86BA529FA> /System/Library/Frameworks/DiskArbitration.framework/Versions/A/DiskArbitration
dyld[27783]: <AE66ACCE-6DB6-3B10-BC35-BD1C16C5E196> /usr/lib/libarchive.2.dylib
dyld[27783]: <3A504FE5-5FBC-3BEA-80FA-2A9C1B0387A8> /usr/lib/libxml2.2.dylib
dyld[27783]: <55797398-303F-3BB1-BEC6-CEFD9F8E063D> /usr/lib/liblangid.dylib
dyld[27783]: <405F1701-2A88-39F3-B583-8FCD29BAE690> /System/Library/Frameworks/Combine.framework/Versions/A/Combine
dyld[27783]: <654A1A4C-BF42-36B9-BC83-F3458817C2DB> /System/Library/PrivateFrameworks/CollectionsInternal.framework/Versions/A/CollectionsInternal
dyld[27783]: <49E03386-1E43-3A94-97F5-0E82A4CDA134> /System/Library/PrivateFrameworks/ReflectionInternal.framework/Versions/A/ReflectionInternal
dyld[27783]: <D9602378-8FEF-30FD-985F-4502E4B4058E> /System/Library/PrivateFrameworks/RuntimeInternal.framework/Versions/A/RuntimeInternal
dyld[27783]: <0DAE92D9-DEEE-353C-9B41-781EECACD199> /usr/lib/swift/libswiftCore.dylib
dyld[27783]: <5FF496BF-7F3D-33B6-9554-0A6B16298857> /usr/lib/swift/libswiftCoreFoundation.dylib
dyld[27783]: <89C0405A-C9D5-336C-BF36-B659B4FCE83A> /usr/lib/swift/libswiftDarwin.dylib
dyld[27783]: <E2296D76-48E1-3BF6-80C4-6A1FA168D2E1> /usr/lib/swift/libswiftDispatch.dylib
dyld[27783]: <18F8C26A-DE5D-3B65-B0B1-3D46C64A6E1A> /usr/lib/swift/libswiftIOKit.dylib
dyld[27783]: <D36234BA-B610-31CA-846F-2D39483712BA> /usr/lib/swift/libswiftObjectiveC.dylib
dyld[27783]: <4AE77A8B-1774-3730-A01B-CBD63D764B83> /usr/lib/swift/libswiftObservation.dylib
dyld[27783]: <1B245C8C-01C1-33A8-B293-5767CA8BE260> /usr/lib/swift/libswiftSynchronization.dylib
dyld[27783]: <95E81E1E-7F1E-371D-9DDE-BB4884B6ED46> /usr/lib/swift/libswiftSystem.dylib
dyld[27783]: <07821AEC-ED84-3916-B2D7-01F88A0F2381> /usr/lib/swift/libswiftXPC.dylib
dyld[27783]: <1D45348D-37AB-34AE-B575-22542463EB58> /usr/lib/swift/libswift_Builtin_float.dylib
dyld[27783]: <C0BC056F-4B5C-3AA1-B077-1EFDC4708672> /usr/lib/swift/libswift_Concurrency.dylib
dyld[27783]: <CA8706CE-EAD3-3010-894F-07FC48EE618E> /usr/lib/swift/libswift_DarwinFoundation1.dylib
dyld[27783]: <B7AF51B9-600B-36B9-B8C0-3E5B5337700A> /usr/lib/swift/libswift_StringProcessing.dylib
dyld[27783]: <8F0C6BC2-A28B-332F-9F7C-998A9E3BD19B> /usr/lib/swift/libswiftos.dylib
dyld[27783]: <C7CC753B-7B87-3C94-B989-9146B16FC21D> /System/Library/PrivateFrameworks/AppleSystemInfo.framework/Versions/A/AppleSystemInfo
dyld[27783]: <5427D9A6-94B1-3793-897A-D083E5733B26> /System/Library/Frameworks/SwiftData.framework/Versions/A/SwiftData
dyld[27783]: <7B72381C-1FDB-35C5-A822-6D555C3793D1> /usr/lib/libboringssl.dylib
dyld[27783]: <96C90097-BC24-35F9-BA16-F88BE0C2A090> /usr/lib/libdns_services.dylib
dyld[27783]: <56D76827-807B-3049-9B99-8A57C40A688D> /usr/lib/libquic.dylib
dyld[27783]: <9F96AC2E-E245-3AD8-AA63-CEDECB419768> /usr/lib/libusrtcp.dylib
dyld[27783]: <C26E08BF-1824-3E73-82C4-93100B30EAD3> /System/Library/PrivateFrameworks/AtomicsInternal.framework/Versions/A/AtomicsInternal
dyld[27783]: <C7197C1E-1B3B-396E-87FA-611C0F3E53BE> /System/Library/PrivateFrameworks/InternalSwiftProtobuf.framework/Versions/A/InternalSwiftProtobuf
dyld[27783]: <209B029B-765D-3432-BB75-0569E06734C3> /usr/lib/swift/libswiftDistributed.dylib
dyld[27783]: <01A2CAEA-665C-3D01-A04A-941FAD914652> /System/Library/Frameworks/CoreData.framework/Versions/A/CoreData
dyld[27783]: <511CCB33-BA1B-3992-B052-63255A292878> /System/Library/PrivateFrameworks/FeatureFlags.framework/Versions/A/FeatureFlags
dyld[27783]: <34D2A4C4-020E-3F5B-ADCE-8B062BC59C81> /usr/lib/liblzma.5.dylib
dyld[27783]: <59AB67E4-B860-316C-963D-087CDFBF6C29> /usr/lib/libswiftPrespecialized.dylib
dyld[27783]: <99BE4D61-01BE-35ED-B9A0-F494C660BA92> /System/Library/PrivateFrameworks/IOMobileFramebuffer.framework/Versions/A/IOMobileFramebuffer
dyld[27783]: <1C7ECB1E-A4C2-306A-B297-43FFF3C11EE7> /System/Library/Frameworks/IOSurface.framework/Versions/A/IOSurface
dyld[27783]: <A21D8B21-20DB-3339-B5D9-EC266EA0EE4E> /usr/lib/swift/libswift_DarwinFoundation2.dylib
dyld[27783]: <83A0E2FF-E850-3B1D-B834-AF4F63451C96> /usr/lib/swift/libswift_DarwinFoundation3.dylib
dyld[27783]: <0FB6CFAC-01FC-3846-A4A2-50C4F6362A0C> /usr/lib/swift/libswift_RegexParser.dylib
dyld[27783]: <2F29EA62-7BFB-3F98-A6E4-AC44013847C7> /usr/lib/libbz2.1.0.dylib
dyld[27783]: <D4096439-DD3A-3434-8A26-9E0A4255BC16> /usr/lib/libiconv.2.dylib
dyld[27783]: <B6CEFD73-D16C-3796-82EF-61499B6EA249> /usr/lib/libcharset.1.dylib
dyld[27783]: <E46388C2-BA3A-3720-BA3C-72603390F716> /System/Library/PrivateFrameworks/APFS.framework/Versions/A/APFS
dyld[27783]: <66F550B4-67C6-3BD0-8378-733BFBBB5B94> /System/Library/PrivateFrameworks/SwiftASN1Internal.framework/Versions/A/SwiftASN1Internal
dyld[27783]: <ED8A4184-E276-3E05-99A0-CF5919CB36D4> /usr/lib/libutil.dylib
dyld[27783]: <265413A6-648C-3059-A010-554AD719A363> /usr/lib/libheimdal-asn1.dylib
dyld[27783]: <7934762C-FBCA-37CA-AF42-2704B7A639EC> /System/Library/PrivateFrameworks/AppleSauce.framework/Versions/A/AppleSauce
dyld[27783]: <9761CAD2-A811-396E-9FD1-7553A783CBF5> /System/Library/PrivateFrameworks/OSAnalytics.framework/Versions/A/OSAnalytics
dyld[27783]: <0AD2FA79-5B4B-31B9-9155-A0C17BA69FB0> /System/Library/PrivateFrameworks/DeviceRecovery.framework/Versions/A/DeviceRecovery
dyld[27783]: <E4B6BD31-91A9-31BD-BB88-8C8F7F2985B7> /System/Library/PrivateFrameworks/CoreSymbolication.framework/Versions/A/CoreSymbolication
dyld[27783]: <04BCC6C4-E76D-3D1C-B25E-DD04511D29E8> /System/Library/PrivateFrameworks/Symbolication.framework/Versions/A/Symbolication
dyld[27783]: <328F598A-5C09-3D8E-854E-F090BAD6F101> /System/Library/PrivateFrameworks/DebugSymbols.framework/Versions/A/DebugSymbols
dyld[27783]: <7AB4526E-BD18-3FEE-87D2-7E60C218F82A> /usr/lib/libAppleArchive.dylib
dyld[27783]: <02320C8B-AF9A-37CF-BE30-DD72BAB828CC> /System/Library/PrivateFrameworks/MallocStackLogging.framework/Versions/A/MallocStackLogging
dyld[27783]: <D9973DD3-D3C9-38DC-86E8-D1C248A9FA6C> /usr/lib/libCheckFix.dylib
dyld[27783]: <02894CCE-93A3-32BB-BA6B-25CCD22A0EA5> /System/Library/PrivateFrameworks/TCC.framework/Versions/A/TCC
dyld[27783]: <69D73FF3-AE70-378B-AF0D-3A7794E60974> /System/Library/PrivateFrameworks/CoreNLP.framework/Versions/A/CoreNLP
dyld[27783]: <501C7615-3041-3D75-948D-08CA8D7B8773> /System/Library/PrivateFrameworks/MetadataUtilities.framework/Versions/A/MetadataUtilities
dyld[27783]: <0FB5062E-8A6E-3949-86C1-D294D4AF1AA4> /System/Library/Frameworks/Accelerate.framework/Versions/A/Accelerate
dyld[27783]: <FDBA8F4E-3D78-3DB8-8233-B8861E665675> /usr/lib/libmecab.dylib
dyld[27783]: <ABA5B6EA-B61B-3DDB-B4F1-69706D071F3D> /usr/lib/libCRFSuite.dylib
dyld[27783]: <DF95BFF6-6E31-3243-A0BC-A8339951D82F> /usr/lib/libgermantok.dylib
dyld[27783]: <20A1236E-CDF9-351D-9F56-1AD0123DC116> /usr/lib/libThaiTokenizer.dylib
dyld[27783]: <80F6241D-D255-3CCF-8ED0-F87698FDEE4E> /System/Library/Frameworks/Accelerate.framework/Versions/A/Frameworks/vImage.framework/Versions/A/vImage
dyld[27783]: <B902D685-3B38-3DE8-9325-18E32ED96065> /System/Library/Frameworks/Accelerate.framework/Versions/A/Frameworks/vecLib.framework/Versions/A/vecLib
dyld[27783]: <6EF7FE72-4727-3998-883A-97851074EDC2> /System/Library/Frameworks/Accelerate.framework/Versions/A/Frameworks/vecLib.framework/Versions/A/libvMisc.dylib
dyld[27783]: <694C9F17-22CB-348E-8A40-8F536B7CDF55> /System/Library/Frameworks/Accelerate.framework/Versions/A/Frameworks/vImage.framework/Versions/A/Libraries/libCGInterfaces.dylib
dyld[27783]: <A6AA2DE9-C0CE-37EB-910C-756AAF0E9A09> /System/Library/PrivateFrameworks/AccelerateGPU.framework/Versions/A/AccelerateGPU
dyld[27783]: <498036DB-4226-3C95-8880-E4FD11883D31> /System/Library/Frameworks/Accelerate.framework/Versions/A/Frameworks/vecLib.framework/Versions/A/libBLAS.dylib
dyld[27783]: <FB6D3F5F-AA35-3603-883B-A07B628283A8> /System/Library/Frameworks/ApplicationServices.framework/Versions/A/ApplicationServices
dyld[27783]: <1797F8DC-6019-374B-A55A-FF4C945E68DC> /System/Library/Frameworks/CoreVideo.framework/Versions/A/CoreVideo
dyld[27783]: <C514AE37-91AA-3199-87AB-2E29986C3423> /System/Library/Frameworks/ColorSync.framework/Versions/A/ColorSync
dyld[27783]: <81A02160-B6F6-385B-BA6C-E768947B7AD5> /System/Library/Frameworks/CoreGraphics.framework/Versions/A/CoreGraphics
dyld[27783]: <9A3F9ACC-4D9C-34BA-B3A8-1AD3C1786F66> /System/Library/Frameworks/CoreText.framework/Versions/A/CoreText
dyld[27783]: <554EDEE0-773D-3D10-8863-4913ECE95CA1> /System/Library/Frameworks/ImageIO.framework/Versions/A/ImageIO
dyld[27783]: <F852E373-499B-35B6-9557-AA369E07B841> /System/Library/Frameworks/ApplicationServices.framework/Versions/A/Frameworks/ATS.framework/Versions/A/ATS
dyld[27783]: <B254A017-96B6-3748-99DB-32866FE0C054> /System/Library/Frameworks/ApplicationServices.framework/Versions/A/Frameworks/HIServices.framework/Versions/A/HIServices
dyld[27783]: <727498E8-7885-35B2-B723-E380EDD703EA> /System/Library/Frameworks/ApplicationServices.framework/Versions/A/Frameworks/PrintCore.framework/Versions/A/PrintCore
dyld[27783]: <6FA3DA21-79F7-3006-ADD5-62D486024479> /System/Library/Frameworks/ApplicationServices.framework/Versions/A/Frameworks/QD.framework/Versions/A/QD
dyld[27783]: <850A1AAF-F1C2-3366-9F2F-0C5FA1A2B8A0> /System/Library/Frameworks/ApplicationServices.framework/Versions/A/Frameworks/ColorSyncLegacy.framework/Versions/A/ColorSyncLegacy
dyld[27783]: <4C160000-279F-3F52-8293-5740A012A59D> /System/Library/Frameworks/ApplicationServices.framework/Versions/A/Frameworks/SpeechSynthesis.framework/Versions/A/SpeechSynthesis
dyld[27783]: <02A9A202-2F39-3204-86DE-A09EA6AE8DEE> /System/Library/PrivateFrameworks/SkyLight.framework/Versions/A/SkyLight
dyld[27783]: <DB8890A9-5563-3841-B3DF-F2A14E0B38E4> /System/Library/PrivateFrameworks/TextRecognition.framework/Versions/A/TextRecognition
dyld[27783]: <11CFFC86-3FFC-35B2-9F6E-823101BF77B2> /System/Library/PrivateFrameworks/FontServices.framework/libFontParser.dylib
dyld[27783]: <AE0C7111-9D6C-3977-BE3D-42BDEB55051D> /System/Library/PrivateFrameworks/BiomeLibrary.framework/Versions/A/BiomeLibrary
dyld[27783]: <EE0670B3-0AAB-3D8C-B579-48A8B2757C54> /System/Library/PrivateFrameworks/BaseBoard.framework/Versions/A/BaseBoard
dyld[27783]: <6EAD8729-6278-36DD-95E0-C3DBC1B421D1> /System/Library/PrivateFrameworks/BoardServices.framework/Versions/A/BoardServices
dyld[27783]: <A6DDDBA9-3712-318D-8E86-4FD5E1E9DC2A> /System/Library/PrivateFrameworks/BackBoardServices.framework/Versions/A/BackBoardServices
dyld[27783]: <6DEFD8B9-3D97-3F07-8817-F0D783EBDFBE> /System/Library/PrivateFrameworks/BackBoardHIDEventFoundation.framework/Versions/A/BackBoardHIDEventFoundation
dyld[27783]: <61C82C50-C91D-3028-933E-FC20D2AB40FA> /System/Library/Frameworks/CoreDisplay.framework/Versions/A/CoreDisplay
dyld[27783]: <48F3225A-BEDC-395B-8658-BF2894A5D363> /System/Library/Frameworks/VideoToolbox.framework/Versions/A/VideoToolbox
dyld[27783]: <CD83DE43-F39B-38E8-B307-F342C2CA0F71> /System/Library/Frameworks/MetalPerformanceShaders.framework/Versions/A/MetalPerformanceShaders
dyld[27783]: <063F6766-AC0A-372B-8547-20EE93744C3D> /System/Library/PrivateFrameworks/ProDisplayLibrary.framework/Versions/A/ProDisplayLibrary
dyld[27783]: <52BDB234-C793-3B6B-8BE8-781631969DFA> /System/Library/PrivateFrameworks/IOSurfaceAccelerator.framework/Versions/A/IOSurfaceAccelerator
dyld[27783]: <61936A60-82F1-35D4-B7B2-564157277C7A> /System/Library/PrivateFrameworks/RunningBoardServices.framework/Versions/A/RunningBoardServices
dyld[27783]: <9C6FB27B-F6DF-342F-8D23-CDAA43181A67> /System/Library/Frameworks/Metal.framework/Versions/A/Metal
dyld[27783]: <FE710138-2441-34B0-A3EE-BB741C5A88E5> /System/Library/PrivateFrameworks/IOAccelerator.framework/Versions/A/IOAccelerator
dyld[27783]: <6007D6B0-CA05-3D6E-9F04-0A50577BF503> /System/Library/Frameworks/CoreMedia.framework/Versions/A/CoreMedia
dyld[27783]: <A1DB5628-62E0-3262-AE91-0E6BB2B47888> /usr/lib/libSMC.dylib
dyld[27783]: <A1E8240E-FD7B-3524-815C-CA0C73E88D8B> /System/Library/PrivateFrameworks/WatchdogClient.framework/Versions/A/WatchdogClient
dyld[27783]: <0AD33CC9-75A1-359D-BC41-4EE25BE4F599> /System/Library/Frameworks/QuartzCore.framework/Versions/A/QuartzCore
dyld[27783]: <C3AA1BE3-C6A4-3A3B-ACDE-EFF9F71E2CA9> /System/Library/PrivateFrameworks/MultitouchSupport.framework/Versions/A/MultitouchSupport
dyld[27783]: <5E5AD849-5F4B-3A05-8265-7CBE97C713D6> /System/Library/PrivateFrameworks/BackBoardHIDTouchEventProcessor.framework/Versions/A/BackBoardHIDTouchEventProcessor
dyld[27783]: <1086A2D2-77A2-362C-9186-F501C0E009A3> /System/Library/PrivateFrameworks/Gestures.framework/Versions/A/Gestures
dyld[27783]: <C1617C4A-E1B7-3B86-A693-1F964E6896BC> /usr/lib/swift/libswiftAccelerate.dylib
dyld[27783]: <A6B25CE1-2227-3290-A960-960484D45949> /usr/lib/swift/libswiftCoreAudio.dylib
dyld[27783]: <948D61D3-EEFF-3965-B38D-97B4C357DA6B> /usr/lib/swift/libswiftMetal.dylib
dyld[27783]: <12AA5CDE-92E4-3E32-BE12-A02A3F2F40E1> /usr/lib/swift/libswiftOSLog.dylib
dyld[27783]: <17B1C771-8068-3FF8-9FB6-B8491B64428A> /usr/lib/swift/libswiftQuartzCore.dylib
dyld[27783]: <F78EA043-E494-3CD2-89B9-64406E28DECE> /usr/lib/swift/libswiftUniformTypeIdentifiers.dylib
dyld[27783]: <2718489B-4885-3D1E-BB9A-3B416EC5C09F> /usr/lib/swift/libswiftsimd.dylib
dyld[27783]: <351B3773-CA7C-3802-A966-C260E679DED5> /System/Library/PrivateFrameworks/BiomeStreams.framework/Versions/A/BiomeStreams
dyld[27783]: <A6769ED3-768E-3A67-BC1C-EA707415D195> /System/Library/PrivateFrameworks/BiomeStorage.framework/Versions/A/BiomeStorage
dyld[27783]: <79A19B7F-5379-3B44-9329-28A6379EA13A> /System/Library/PrivateFrameworks/BiomeFoundation.framework/Versions/A/BiomeFoundation
dyld[27783]: <8D3DF617-DFD7-3EE9-BE8E-A0C05D825494> /System/Library/PrivateFrameworks/IntelligencePlatformLibrary.framework/Versions/A/IntelligencePlatformLibrary
dyld[27783]: <872A3191-C967-39BE-A356-90D9A987D518> /System/Library/PrivateFrameworks/PoirotSchematizer.framework/Versions/A/PoirotSchematizer
dyld[27783]: <361A3D97-C7C0-3093-A61F-DE3D7A4063D2> /System/Library/PrivateFrameworks/BiomeSync.framework/Versions/A/BiomeSync
dyld[27783]: <2635BE19-8B1B-39AF-A665-88F43332702C> /System/Library/PrivateFrameworks/BiomeDSL.framework/Versions/A/BiomeDSL
dyld[27783]: <EBF27A0B-2672-3291-93D2-1A66A9A1B054> /System/Library/PrivateFrameworks/BiomePubSub.framework/Versions/A/BiomePubSub
dyld[27783]: <4BB6A049-3455-3C6B-87C4-F6C972D7B42A> /System/Library/PrivateFrameworks/LoggingSupport.framework/Versions/A/LoggingSupport
dyld[27783]: <6146BE9B-E60E-374B-B621-0E74558A2507> /System/Library/PrivateFrameworks/ProactiveSupport.framework/Versions/A/ProactiveSupport
dyld[27783]: <5F69CA4D-E5AC-3C47-8BF4-79377AB4C59C> /System/Library/PrivateFrameworks/PoirotUDFs.framework/Versions/A/PoirotUDFs
dyld[27783]: <2042E6BF-F2E7-31EA-B2B4-DC29E586A6E4> /System/Library/PrivateFrameworks/MobileAsset.framework/Versions/A/MobileAsset
dyld[27783]: <5FD1EA00-E28C-3D4B-8C9B-BF9B3EBAC180> /System/Library/PrivateFrameworks/MobileKeyBag.framework/Versions/A/MobileKeyBag
dyld[27783]: <B1CEC343-7EFE-34B0-9957-13CA8F84E6E7> /System/Library/PrivateFrameworks/InternationalTextSearch.framework/Versions/A/InternationalTextSearch
dyld[27783]: <85FB8C0D-F001-3B42-A54E-68C49D7D5544> /System/Library/PrivateFrameworks/SoftwareUpdateCoreSupport.framework/Versions/A/SoftwareUpdateCoreSupport
dyld[27783]: <7706404A-C96D-364A-A0D9-C94D3CB89310> /System/Library/PrivateFrameworks/SoftwareUpdateCoreConnect.framework/Versions/A/SoftwareUpdateCoreConnect
dyld[27783]: <3E7739CC-11DE-3C42-922A-9DA5CF617D35> /System/Library/PrivateFrameworks/StreamingZip.framework/Versions/A/StreamingZip
dyld[27783]: <38B38DB3-D096-350F-98C5-584AFD18BEB1> /System/Library/PrivateFrameworks/RemoteServiceDiscovery.framework/Versions/A/RemoteServiceDiscovery
dyld[27783]: <0052322E-F921-336D-8D8F-8D58D3EDA88F> /System/Library/PrivateFrameworks/MSUDataAccessor.framework/Versions/A/MSUDataAccessor
dyld[27783]: <BFF9CF08-5B46-3604-AC2E-DBCBDFB25C92> /usr/lib/libbootpolicy.dylib
dyld[27783]: <8CFCE656-45C2-3261-AD07-01E8FC30BFBD> /System/Library/PrivateFrameworks/UserManagement.framework/Versions/A/UserManagement
dyld[27783]: <50C4CA28-70F3-344F-B51D-09F99B82ED5F> /usr/lib/libpartition2_dynamic.dylib
dyld[27783]: <FF6413D5-371C-3304-8842-8755BF52C610> /System/Library/PrivateFrameworks/RemoteXPC.framework/Versions/A/RemoteXPC
dyld[27783]: <C9A0C46A-8C96-360A-A2FB-C09CBA08EF12> /usr/lib/libFDR.dylib
dyld[27783]: <500CC87D-7539-35AA-9340-BE380C10F261> /usr/lib/libamsupport.dylib
dyld[27783]: <CFB2509B-F722-39D6-B499-96D8304FA548> /System/Library/PrivateFrameworks/AppleDeviceQuerySupport.framework/Versions/A/AppleDeviceQuerySupport
dyld[27783]: <0620DFC4-188D-337F-9CE7-7E7581D5DA34> /System/Library/PrivateFrameworks/AggregateDictionary.framework/Versions/A/AggregateDictionary
dyld[27783]: <BB4A5F50-5A2A-379E-8B32-6C355113B4A8> /System/Library/PrivateFrameworks/PoirotSQLite.framework/Versions/A/PoirotSQLite
dyld[27783]: <2F623E7B-5D60-310B-9A5F-99AEEB7F99F0> /System/Library/PrivateFrameworks/CascadeSets.framework/Versions/A/CascadeSets
dyld[27783]: <4CFE984F-8269-3E71-A90C-49BCA5260ADA> /System/Library/PrivateFrameworks/AppSupport.framework/Versions/A/AppSupport
dyld[27783]: <FE30C2BA-AEDA-3367-9A71-4A891B0CF852> /System/Library/PrivateFrameworks/CorePhoneNumbers.framework/Versions/A/CorePhoneNumbers
dyld[27783]: <F3100855-B896-3883-A84C-F00B05BFDFCF> /System/Library/PrivateFrameworks/AppleJPEG.framework/Versions/A/AppleJPEG
dyld[27783]: <CEC9DC60-4CD3-30F5-89C6-003BBDB343D9> /usr/lib/libexpat.1.dylib
dyld[27783]: <994F31B9-1CE3-3180-A7B4-DC793DAF8163> /System/Library/Frameworks/ImageIO.framework/Versions/A/Resources/libPng.dylib
dyld[27783]: <1B6D06A5-DD28-30DD-ACEE-0B6CDDBAAF83> /System/Library/Frameworks/ImageIO.framework/Versions/A/Resources/libTIFF.dylib
dyld[27783]: <A7665B78-C5F1-3E32-80FE-F0DDABB0147B> /System/Library/Frameworks/ImageIO.framework/Versions/A/Resources/libGIF.dylib
dyld[27783]: <B55B0D78-6A33-3EB9-A8DE-526D63EEC82D> /System/Library/Frameworks/ImageIO.framework/Versions/A/Resources/libJP2.dylib
dyld[27783]: <1E30FD97-019E-3C42-BD00-34693222EDB1> /usr/lib/libate.dylib
dyld[27783]: <D749A789-F87E-3CDE-968F-96FC4586AC14> /System/Library/Frameworks/ImageIO.framework/Versions/A/Resources/libJPEG.dylib
dyld[27783]: <AB36C200-FED5-3FF0-A247-F22E96DBBEF7> /System/Library/Frameworks/ImageIO.framework/Versions/A/Resources/libRadiance.dylib
dyld[27783]: <CA5DFCE6-11FD-3B30-AFEA-86CE243C3B52> /usr/lib/swift/libswiftRegexBuilder.dylib
dyld[27783]: <257CDA78-154D-3C2B-957C-353FE744BA0D> /System/Library/PrivateFrameworks/GPUCompiler.framework/Versions/32023/Libraries/libllvm-flatbuffers.dylib
dyld[27783]: <539750B4-1A16-34CC-B740-059A44212494> /System/Library/PrivateFrameworks/FramePacing.framework/Versions/A/FramePacing
dyld[27783]: <37C0BC08-2C35-3CF5-91A6-D9773030A168> /System/Library/Frameworks/OpenGL.framework/Versions/A/Libraries/libCoreFSCache.dylib
dyld[27783]: <73E7DA57-8DE9-31CF-B2A7-C76AE86AFD95> /System/Library/PrivateFrameworks/GPUCompiler.framework/Versions/32023/Libraries/libGPUCompilerUtils.dylib
dyld[27783]: <7257DEA3-5564-37D5-8127-6B99B468086C> /System/Library/Frameworks/UniformTypeIdentifiers.framework/Versions/A/UniformTypeIdentifiers
dyld[27783]: <B268CD9F-4A49-3922-87B2-EF2E9D79C84A> /System/Library/Frameworks/ExtensionFoundation.framework/Versions/A/ExtensionFoundation
dyld[27783]: <E2F8ED73-2343-31CA-8ECD-E6AFF961F3F3> /System/Library/PrivateFrameworks/AppServerSupport.framework/Versions/A/AppServerSupport
dyld[27783]: <A99788CE-EB44-3D3D-9744-E3C954A60A9C> /System/Library/PrivateFrameworks/OSEligibility.framework/Versions/A/OSEligibility
dyld[27783]: <BE117579-A37D-334A-BB28-C92B631C70EA> /System/Library/Frameworks/LightweightCodeRequirements.framework/Versions/A/LightweightCodeRequirements
dyld[27783]: <4D893E1E-43E5-37EF-8107-54B591DB51FD> /System/Library/PrivateFrameworks/PlugInKit.framework/Versions/A/PlugInKit
dyld[27783]: <BFF9A39A-0993-32C8-97CA-F05123B6D637> /System/Library/PrivateFrameworks/AssertionServices.framework/Versions/A/AssertionServices
dyld[27783]: <5A1BDD04-B18E-3912-9495-D6A0E68C651D> /System/Library/Frameworks/OpenGL.framework/Versions/A/OpenGL
dyld[27783]: <EEF6CD71-D4F2-3E40-A384-182F8C759DBA> /System/Library/Frameworks/OpenGL.framework/Versions/A/Libraries/libGLU.dylib
dyld[27783]: <85288155-D6EA-3A26-8C67-B29B86DBC078> /System/Library/Frameworks/OpenGL.framework/Versions/A/Libraries/libGFXShared.dylib
dyld[27783]: <C8DC9856-2698-33F7-8504-DC487FC7A587> /System/Library/Frameworks/OpenGL.framework/Versions/A/Libraries/libGL.dylib
dyld[27783]: <5B5C65E1-9C6F-35E7-898B-262620A48732> /System/Library/Frameworks/OpenGL.framework/Versions/A/Libraries/libGLImage.dylib
dyld[27783]: <3EEBC175-D1EE-33ED-AC74-46CF9407BCCF> /System/Library/Frameworks/OpenGL.framework/Versions/A/Libraries/libCVMSPluginSupport.dylib
dyld[27783]: <905C5BF2-A3B1-33EB-866E-7531DA0C5F25> /System/Library/Frameworks/OpenGL.framework/Versions/A/Libraries/libCoreVMClient.dylib
dyld[27783]: <15B01036-B49F-3F5B-A707-160A9A966F85> /System/Library/Frameworks/OSLog.framework/Versions/A/OSLog
dyld[27783]: <A3261405-F7E6-33E8-B602-F974DBE7755E> /System/Library/Frameworks/CoreImage.framework/Versions/A/CoreImage
dyld[27783]: <99856DF2-43E3-3A8A-BA57-7FDE223BAC31> /System/Library/PrivateFrameworks/PhotosensitivityProcessing.framework/Versions/A/PhotosensitivityProcessing
dyld[27783]: <E4D8DF99-3893-3186-8111-30F76BA79BBE> /System/Library/PrivateFrameworks/TimeSync.framework/Versions/A/TimeSync
dyld[27783]: <292767C2-D857-3F86-9927-AFD76B94A9E8> /System/Library/Frameworks/OpenCL.framework/Versions/A/OpenCL
dyld[27783]: <A81CE161-2DEE-3874-857C-F62A3F52D546> /System/Library/PrivateFrameworks/GraphVisualizer.framework/Versions/A/GraphVisualizer
dyld[27783]: <978BFA5B-F1C1-3DF9-97EF-97D1939B833E> /System/Library/PrivateFrameworks/FontServices.framework/Versions/A/FontServices
dyld[27783]: <D990E4B5-60F8-312E-B601-14C9C229E467> /System/Library/PrivateFrameworks/OTSVG.framework/Versions/A/OTSVG
dyld[27783]: <0CB0E38A-C4C2-3D11-82E7-58E6D0521962> /System/Library/Frameworks/ApplicationServices.framework/Versions/A/Frameworks/ATS.framework/Versions/A/Resources/libFontRegistry.dylib
dyld[27783]: <915076EF-B8FE-3FCA-9F99-C8B057714C60> /usr/lib/libhvf.dylib
dyld[27783]: <407A0D0C-CAD7-3C21-AB16-A5B6A26672AD> /System/Library/PrivateFrameworks/ParsingInternal.framework/Versions/A/ParsingInternal
dyld[27783]: <03B97D75-2482-347A-A7FD-5A42CD05C821> /System/Library/PrivateFrameworks/FontServices.framework/libXTFontStaticRegistryData.dylib
dyld[27783]: <17646168-5B29-3666-8FAE-1DD76C0D8EAB> /System/Library/Frameworks/MetalPerformanceShaders.framework/Versions/A/Frameworks/MPSCore.framework/Versions/A/MPSCore
dyld[27783]: <3E61A2F0-BFA0-346E-9C32-7B6366909295> /System/Library/Frameworks/MetalPerformanceShaders.framework/Versions/A/Frameworks/MPSImage.framework/Versions/A/MPSImage
dyld[27783]: <5B76C886-9E0C-3454-A7F6-FB76175DB8FC> /System/Library/Frameworks/MetalPerformanceShaders.framework/Versions/A/Frameworks/MPSNeuralNetwork.framework/Versions/A/MPSNeuralNetwork
dyld[27783]: <6DFEEF33-43FF-3679-8A12-A23A82768E06> /System/Library/Frameworks/MetalPerformanceShaders.framework/Versions/A/Frameworks/MPSMatrix.framework/Versions/A/MPSMatrix
dyld[27783]: <5E06F6DE-332C-3C46-B225-278701805B44> /System/Library/Frameworks/MetalPerformanceShaders.framework/Versions/A/Frameworks/MPSRayIntersector.framework/Versions/A/MPSRayIntersector
dyld[27783]: <530AFC24-8A84-3B7A-9601-9608EA68391C> /System/Library/Frameworks/MetalPerformanceShaders.framework/Versions/A/Frameworks/MPSNDArray.framework/Versions/A/MPSNDArray
dyld[27783]: <3C6622F5-AB60-3265-826E-BCA11E76B3C9> /System/Library/Frameworks/MetalPerformanceShaders.framework/Versions/A/Frameworks/MPSFunctions.framework/Versions/A/MPSFunctions
dyld[27783]: <34C6F278-549D-3DBF-B88F-0591576512C3> /System/Library/Frameworks/MetalPerformanceShaders.framework/Versions/A/Frameworks/MPSBenchmarkLoop.framework/Versions/A/MPSBenchmarkLoop
dyld[27783]: <68535808-29A7-3C3B-9A6F-65358A8DECAD> /System/Library/Frameworks/MetalPerformanceShaders.framework/Versions/A/Frameworks/MPSHost.framework/Versions/A/MPSHost
dyld[27783]: <A21482D3-238A-3B8C-B9BF-0D03C46838BA> /System/Library/PrivateFrameworks/MetalTools.framework/Versions/A/MetalTools
dyld[27783]: <4C88B61F-FAA2-3AD1-8071-964F431680EF> /System/Library/PrivateFrameworks/MTL3On4.framework/Versions/A/MTL3On4
dyld[27783]: <9708579B-01E6-37FD-833F-BF8B65BC1CD9> /System/Library/PrivateFrameworks/IOAccelMemoryInfo.framework/Versions/A/IOAccelMemoryInfo
dyld[27783]: <331AC831-6827-362F-ACEE-EFE5C659A704> /System/Library/PrivateFrameworks/kperf.framework/Versions/A/kperf
dyld[27783]: <6B32B025-E4AC-3DBB-82A0-00C207DE3E9A> /System/Library/PrivateFrameworks/GPURawCounter.framework/Versions/A/GPURawCounter
dyld[27783]: <3033C83E-4D72-387E-BCE1-40B939E40FE1> /System/Library/PrivateFrameworks/IOKitten.framework/Versions/A/IOKitten
dyld[27783]: <BC05C7BC-39DB-3B80-BD79-9E0CF91CF33F> /System/Library/PrivateFrameworks/GraphicsServices.framework/Versions/A/GraphicsServices
dyld[27783]: <6F894094-DB42-3AC6-A636-A0015BD59420> /System/Library/PrivateFrameworks/GPUWrangler.framework/Versions/A/GPUWrangler
dyld[27783]: <387FE772-E201-30A4-9821-921F933E1C32> /System/Library/PrivateFrameworks/IOPresentment.framework/Versions/A/IOPresentment
dyld[27783]: <AE90E5E9-AFCB-355A-9F1E-F07059234C3C> /System/Library/PrivateFrameworks/DSExternalDisplay.framework/Versions/A/DSExternalDisplay
dyld[27783]: <142B5394-5EF4-3DB5-8338-21142138F677> /System/Library/PrivateFrameworks/VideoToolboxParavirtualizationSupport.framework/Versions/A/VideoToolboxParavirtualizationSupport
dyld[27783]: <DEC7945F-002C-38A7-B953-8BE56978396B> /System/Library/PrivateFrameworks/AppleVA.framework/Versions/A/AppleVA
dyld[27783]: <6805618D-047A-3C18-81FB-97E125C28BB2> /System/Library/PrivateFrameworks/CMCaptureCore.framework/Versions/A/CMCaptureCore
dyld[27783]: <33B3AF2C-F0FF-35F2-AAD1-2EF022499FA3> /usr/lib/libspindump.dylib
dyld[27783]: <841E8C95-2A2D-38A2-B853-8515D77D35C8> /System/Library/Frameworks/CoreAudio.framework/Versions/A/CoreAudio
dyld[27783]: <90A1C830-262E-3EE3-8447-01920F98415D> /System/Library/PrivateFrameworks/PowerLog.framework/Versions/A/PowerLog
dyld[27783]: <817C9244-399D-3772-9C13-72E2615D6F13> /System/Library/PrivateFrameworks/perfdata.framework/Versions/A/perfdata
dyld[27783]: <ED900A02-C2C6-3D27-91F3-6CF8F49E215D> /System/Library/PrivateFrameworks/AudioDSPGraph.framework/Versions/A/AudioDSPGraph
dyld[27783]: <D49534DE-23DB-3DF8-9E57-CF109A0E0487> /System/Library/PrivateFrameworks/AudioToolboxCore.framework/Versions/A/AudioToolboxCore
dyld[27783]: <721501E5-6354-3993-8513-C0B082F99154> /System/Library/PrivateFrameworks/caulk.framework/Versions/A/caulk
dyld[27783]: <947C4A72-B340-36F8-9CA3-9B6FB05956E1> /usr/lib/libAudioStatistics.dylib
dyld[27783]: <AD7D739F-76E6-3D58-BED7-BE7837085D30> /System/Library/PrivateFrameworks/SystemPolicy.framework/Versions/A/SystemPolicy
dyld[27783]: <993FDB0F-6C99-311F-B623-3260507145CF> /usr/lib/swift/libswiftCoreMIDI.dylib
dyld[27783]: <F4D9E702-2926-3C27-BF5F-6938A6A2DB8D> /System/Library/Frameworks/CoreMIDI.framework/Versions/A/CoreMIDI
dyld[27783]: <EFAB9F63-ADCA-3368-8C5A-EBE60BFCB8F8> /usr/lib/libperfcheck.dylib
dyld[27783]: <098255BA-32F4-3596-8584-D965FB16AEB9> /System/Library/PrivateFrameworks/AudioAnalytics.framework/Versions/A/AudioAnalytics
dyld[27783]: <BF49B46A-B64A-3017-B6FB-CAF616D2E631> /usr/lib/libmis.dylib
dyld[27783]: <F7A5EF62-DA8F-3FD4-B89E-409F16DD1F34> /System/Library/PrivateFrameworks/HIDDisplay.framework/Versions/A/HIDDisplay
dyld[27783]: <A10B4E46-70E2-361B-9449-4AFFDB1EBAFD> /System/Library/PrivateFrameworks/HID.framework/Versions/A/HID
dyld[27783]: <CBB688F9-32AB-327F-98A3-A2B9FB8CB29F> /System/Library/PrivateFrameworks/TextInput.framework/Versions/A/TextInput
dyld[27783]: <AE2DE6A1-DB51-3BF1-9BC6-3EC89B1DD2A3> /System/Library/PrivateFrameworks/CVNLP.framework/Versions/A/CVNLP
dyld[27783]: <77AFED3B-48BE-3018-B802-81E5DF334675> /System/Library/PrivateFrameworks/LanguageModeling.framework/Versions/A/LanguageModeling
dyld[27783]: <C63045E7-84CA-3E9A-90E1-282C92A6C601> /System/Library/PrivateFrameworks/DataDetectorsCore.framework/Versions/A/DataDetectorsCore
dyld[27783]: <84633B20-A721-3A05-A852-EEB2B2AFE71F> /System/Library/PrivateFrameworks/Futhark.framework/Versions/A/Futhark
dyld[27783]: <961FBB9E-EA7A-304D-B367-5C1A3AEA9B99> /System/Library/PrivateFrameworks/VisionCore.framework/Versions/A/VisionCore
dyld[27783]: <44F1BE31-5290-37C5-AB06-F9EDC95F5D6E> /System/Library/PrivateFrameworks/LinguisticData.framework/Versions/A/LinguisticData
dyld[27783]: <AA4E282F-B20A-3621-89CC-6C754797CD84> /System/Library/Frameworks/CoreML.framework/Versions/A/CoreML
dyld[27783]: <AEF65684-CCBA-320F-84F9-539379A3DBAB> /System/Library/Frameworks/NaturalLanguage.framework/Versions/A/NaturalLanguage
dyld[27783]: <B1E45316-860C-3144-9A30-F18EB7E1AE27> /System/Library/PrivateFrameworks/Espresso.framework/Versions/A/Espresso
dyld[27783]: <E8FBFD1B-74F0-371A-A315-DE4A7C00BBF9> /System/Library/PrivateFrameworks/Lexicon.framework/Versions/A/Lexicon
dyld[27783]: <47558A3F-2BAC-3921-B5FB-A7608347263A> /System/Library/Frameworks/DataDetection.framework/Versions/A/DataDetection
dyld[27783]: <3CFAEB78-F004-38DB-9CC6-58DB7A907A61> /System/Library/PrivateFrameworks/AppleNeuralEngine.framework/Versions/A/AppleNeuralEngine
dyld[27783]: <B8F45647-CF81-3569-B623-69FB7154B44A> /usr/lib/swift/libswiftCoreImage.dylib
dyld[27783]: <15B107F6-CE74-3068-A579-D18393EE7CA3> /usr/lib/swift/libswiftMLCompute.dylib
dyld[27783]: <6EC0FA30-EDBA-36FF-92E3-3A9A6BB04F5D> /usr/lib/swift/libswiftNaturalLanguage.dylib
dyld[27783]: <AD161A31-83B0-3086-8BFD-83E60B0D56B3> /System/Library/PrivateFrameworks/InternationalSupport.framework/Versions/A/InternationalSupport
dyld[27783]: <E8E1B645-35AB-36AE-90AA-08525F1369F4> /System/Library/PrivateFrameworks/CMPhoto.framework/Versions/A/CMPhoto
dyld[27783]: <63807678-66DD-38C0-B6B5-537AF33BC5B4> /System/Library/Frameworks/MediaToolbox.framework/Versions/A/MediaToolbox
dyld[27783]: <90444795-D8B0-3B5A-9771-6A7BEBABCFA7> /System/Library/PrivateFrameworks/Montreal.framework/Versions/A/Montreal
dyld[27783]: <8D2DEB18-942B-365D-BB7A-17373D21D47A> /System/Library/PrivateFrameworks/ByteMatrixVerification.framework/Versions/A/ByteMatrixVerification
dyld[27783]: <C2D5CDE0-EED3-3982-AD60-111FD7240741> /usr/lib/libFDRDecode.dylib
dyld[27783]: <F7E2A0E7-EE96-3EB5-B1D8-ED585046BBB9> /System/Library/PrivateFrameworks/AppleJPEGXL.framework/Versions/A/AppleJPEGXL
dyld[27783]: <4BEF4480-2A14-3E5F-A072-2093CDC92E45> /System/Library/Frameworks/CryptoKit.framework/Versions/A/CryptoKit
dyld[27783]: <ADF3D781-AD06-3443-9D41-322930384F56> /usr/lib/swift/libswiftCompression.dylib
dyld[27783]: <B41605FE-3861-34CB-B566-5E0E723FFA1C> /System/Library/PrivateFrameworks/CryptoKitPrivate.framework/Versions/A/CryptoKitPrivate
dyld[27783]: <A19F34CD-B02D-3108-B5FE-56F9713FD303> /System/Library/PrivateFrameworks/CryptoKitCBridging.framework/Versions/A/CryptoKitCBridging
dyld[27783]: <AF9CF31C-DD15-3A4D-AA5A-EC0B1BF5D30D> /System/Library/Frameworks/CryptoTokenKit.framework/Versions/A/CryptoTokenKit
dyld[27783]: <0FE07D84-AAF0-3468-8B09-81CFBDE17CB7> /System/Library/Frameworks/LocalAuthentication.framework/Versions/A/LocalAuthentication
dyld[27783]: <7B463B6F-6F1A-3C56-A750-D3B219159803> /System/Library/Frameworks/OpenDirectory.framework/Versions/A/OpenDirectory
dyld[27783]: <CC36DBBE-87E2-30A8-91A1-8FAF538B612C> /System/Library/PrivateFrameworks/LocalAuthenticationCore.framework/Versions/A/LocalAuthenticationCore
dyld[27783]: <171BA905-31E4-3676-931A-8C664EE9E082> /System/Library/PrivateFrameworks/LocalAuthenticationCredentialServices.framework/Versions/A/LocalAuthenticationCredentialServices
dyld[27783]: <BBE9191E-4B57-3C6B-9101-079C733F1C51> /System/Library/Frameworks/LocalAuthentication.framework/Support/SharedUtils.framework/Versions/A/SharedUtils
dyld[27783]: <76B1549A-4465-306F-9973-CC308D5F2823> /System/Library/PrivateFrameworks/DFRFoundation.framework/Versions/A/DFRFoundation
dyld[27783]: <AABD02FA-1F30-382C-9923-D4EC57D0BC69> /System/Library/PrivateFrameworks/DiskManagement.framework/Versions/A/DiskManagement
dyld[27783]: <527609C4-382A-368F-8CD6-5B3F2439B02C> /usr/lib/libcsfde.dylib
dyld[27783]: <9BE2B7B1-1E38-3462-8B1E-9275D5959679> /usr/lib/libCoreStorage.dylib
dyld[27783]: <3A8A9B4A-8B63-34EE-BD87-A34132BE3BC6> /System/Library/PrivateFrameworks/MediaKit.framework/Versions/A/MediaKit
dyld[27783]: <EB8ECED3-E112-3FCA-B394-62B74BA320EE> /System/Library/Frameworks/DiscRecording.framework/Versions/A/DiscRecording
dyld[27783]: <DF8CC588-5743-39D3-9A88-D3B370A175DD> /System/Library/PrivateFrameworks/ProtectedCloudStorage.framework/Versions/A/ProtectedCloudStorage
dyld[27783]: <5A580638-19C0-32E9-9A75-2956B04F8CC6> /System/Library/PrivateFrameworks/EFILogin.framework/Versions/A/EFILogin
dyld[27783]: <769A50BA-A8FB-314D-86A0-3AD2901A0708> /System/Library/PrivateFrameworks/AAAFoundation.framework/Versions/A/AAAFoundation
dyld[27783]: <0387B274-4C88-3D85-883F-E8F075E82EB4> /System/Library/Frameworks/Accounts.framework/Versions/A/Accounts
dyld[27783]: <A16082B4-AD51-3DCE-9C9E-FDB5602CC21A> /System/Library/PrivateFrameworks/CloudServices.framework/Versions/A/CloudServices
dyld[27783]: <605AFA6E-A8B0-327B-9089-608CA148CAD8> /System/Library/PrivateFrameworks/OctagonTrust.framework/Versions/A/OctagonTrust
dyld[27783]: <35BB52C0-B1AD-3EE5-96E2-53D6B1951B93> /System/Library/PrivateFrameworks/AppleIDAuthSupport.framework/Versions/A/AppleIDAuthSupport
dyld[27783]: <159AF37E-0867-3D07-A69E-824BD8903716> /System/Library/Frameworks/SecurityFoundation.framework/Versions/A/SecurityFoundation
dyld[27783]: <0C129C74-2E37-310A-A8E6-8AC4ADAD0AAA> /System/Library/PrivateFrameworks/KeychainCircle.framework/Versions/A/KeychainCircle
dyld[27783]: <C9FF5385-781F-33DC-9C13-1FFCFC468648> /System/Library/PrivateFrameworks/AuthKit.framework/Versions/A/AuthKit
dyld[27783]: <12579D2E-6604-3544-84E6-FB8979E3559D> /System/Library/PrivateFrameworks/MultiverseSupport.framework/Versions/A/MultiverseSupport
dyld[27783]: <0255A015-1B74-3375-8F24-D31E9C2EC9DA> /System/Library/PrivateFrameworks/URLFormatting.framework/Versions/A/URLFormatting
dyld[27783]: <7653D810-0E5D-3C66-82BC-E1512B9C9F77> /System/Library/Frameworks/AudioToolbox.framework/Versions/A/AudioToolbox
dyld[27783]: <4EE95459-2749-3BC5-A994-742A10E7C348> /System/Library/PrivateFrameworks/AudioSession.framework/Versions/A/AudioSession
dyld[27783]: <8FDD8E92-0733-3307-B8A3-8B24D72200AE> /System/Library/PrivateFrameworks/MediaExperience.framework/Versions/A/MediaExperience
dyld[27783]: <D633876D-96AC-3E60-B39A-EE31432E0895> /System/Library/PrivateFrameworks/AudioSession.framework/libSessionUtility.dylib
dyld[27783]: <45892799-7C1B-354A-9DA9-4DB3AF6F6619> /System/Library/PrivateFrameworks/AudioAccessoryServices.framework/Versions/A/AudioAccessoryServices
dyld[27783]: <D720EC05-3D61-36F4-9D43-66C2E8F4C33F> /System/Library/Frameworks/CoreBluetooth.framework/Versions/A/CoreBluetooth
dyld[27783]: <5242566F-399F-3413-8527-9E07EAA30FA5> /System/Library/PrivateFrameworks/CoreUtils.framework/Versions/A/CoreUtils
dyld[27783]: <A67F066D-DD49-3C07-9A00-7B29AC4929F2> /System/Library/PrivateFrameworks/Sharing.framework/Versions/A/Sharing
dyld[27783]: <0CAE9BCA-0D1B-3C12-A633-9F32EE9C63A0> /System/Library/PrivateFrameworks/CoreUtilsExtras.framework/Versions/A/CoreUtilsExtras
dyld[27783]: <467E4D50-66AF-32AF-BF16-FABBB69358A1> /System/Library/PrivateFrameworks/IO80211.framework/Versions/A/IO80211
dyld[27783]: <B5D6F1E0-D8E9-382F-8CC0-5E73DED9E4E8> /System/Library/PrivateFrameworks/AutoUnlock.framework/Versions/A/AutoUnlock
dyld[27783]: <2B4D5780-E640-3452-BE02-324F33BABCEE> /System/Library/PrivateFrameworks/IDSFoundation.framework/Versions/A/IDSFoundation
dyld[27783]: <29732E9A-6649-348E-8B06-8DFE3282AF52> /System/Library/PrivateFrameworks/IconServices.framework/Versions/A/IconServices
dyld[27783]: <2DCC8AA2-3642-37AA-906A-CDB18D421495> /System/Library/PrivateFrameworks/Apple80211.framework/Versions/A/Apple80211
dyld[27783]: <9A6F1D46-9554-34FE-9814-584B1442C82F> /System/Library/PrivateFrameworks/CoreWiFi.framework/Versions/A/CoreWiFi
dyld[27783]: <1A32F012-DF6F-3ED9-A869-57A59484364A> /System/Library/Frameworks/CoreWLAN.framework/Versions/A/CoreWLAN
dyld[27783]: <0F8909E8-5FEB-30F4-9F0C-452BA0426366> /System/Library/Frameworks/IOBluetooth.framework/Versions/A/IOBluetooth
dyld[27783]: <15E2350E-1E7F-3101-B816-E0438873739E> /System/Library/PrivateFrameworks/SharingCore.framework/Versions/A/SharingCore
dyld[27783]: <BC7BFCF2-2120-3313-A501-81E5E2030022> /usr/lib/swift/libswiftCoreLocation.dylib
dyld[27783]: <4484AE3C-DD6E-3D6E-B682-78031760A8DC> /System/Library/PrivateFrameworks/BiometricKit.framework/Versions/A/BiometricKit
dyld[27783]: <EA313BBC-AAAB-3716-96FA-D224A66180A9> /System/Library/PrivateFrameworks/IMFoundation.framework/Versions/A/IMFoundation
dyld[27783]: <1C5863F1-C561-3D38-8076-718C228371A4> /System/Library/PrivateFrameworks/Marco.framework/Versions/A/Marco
dyld[27783]: <C9B179FF-3071-35D9-B3CE-932C1845FA53> /System/Library/PrivateFrameworks/CommonUtilities.framework/Versions/A/CommonUtilities
dyld[27783]: <1B54007D-5CC2-3424-8101-F06E4C9201EF> /System/Library/PrivateFrameworks/Engram.framework/Versions/A/Engram
dyld[27783]: <DDCCA426-41C2-33FC-92D5-810AF76E1702> /System/Library/PrivateFrameworks/XPCDistributed.framework/Versions/A/XPCDistributed
dyld[27783]: <60F263CC-53CC-3454-A069-5C50D9D16D19> /usr/lib/libtidy.A.dylib
dyld[27783]: <6E40173C-0E6F-350B-832B-BD14D3552376> /System/Library/PrivateFrameworks/Bom.framework/Versions/A/Bom
dyld[27783]: <50396DE2-F322-317E-9ED6-FBD03C6DEC07> /usr/lib/libParallelCompression.dylib
dyld[27783]: <56CA8F0D-7FDF-38DD-9B54-C141FAEA16D4> /System/Library/PrivateFrameworks/IconFoundation.framework/Versions/A/IconFoundation
dyld[27783]: <FD60E3A6-E6B6-3F30-888C-E3C7C2795522> /System/Library/PrivateFrameworks/SiriAvailability.framework/Versions/A/SiriAvailability
dyld[27783]: <2E100945-8CFA-3D2B-B98B-346599B9AA7D> /System/Library/PrivateFrameworks/IconRendering.framework/Versions/A/IconRendering
dyld[27783]: <60DF4BCA-CAB3-3E8D-949E-F4999B9F65AB> /System/Library/PrivateFrameworks/CoreUI.framework/Versions/A/CoreUI
dyld[27783]: <51EDA369-341F-3AAA-84D9-354FAC00A73D> /System/Library/PrivateFrameworks/SFSymbols.framework/Versions/A/SFSymbols
dyld[27783]: <0CEB8553-8176-3B75-BCC3-B98FD7B64222> /System/Library/Frameworks/DeveloperToolsSupport.framework/Versions/A/DeveloperToolsSupport
dyld[27783]: <D0756662-35F8-3277-89DA-20FFABC3912B> /System/Library/PrivateFrameworks/RenderBox.framework/Versions/A/RenderBox
dyld[27783]: <BFAE1E75-29E4-33ED-8E0E-3CFCAF6A5B44> /System/Library/PrivateFrameworks/CoreSVG.framework/Versions/A/CoreSVG
dyld[27783]: <77C5ABD2-6C4C-388B-BBA5-367439EB7A43> /System/Library/PrivateFrameworks/TextureIO.framework/Versions/A/TextureIO
dyld[27783]: <1C8E48C6-0401-396B-A010-1ECE51273DFC> /System/Library/PrivateFrameworks/WallpaperServices.framework/Versions/A/WallpaperServices
dyld[27783]: <853DEB4C-3BD6-36C7-8239-9107D89EA9C4> /System/Library/Frameworks/ApplicationServices.framework/Versions/A/Frameworks/ATSUI.framework/Versions/A/ATSUI
dyld[27783]: <9B2BB676-BE90-345E-8A8A-BEA1676AB68B> /usr/lib/libIOReport.dylib
dyld[27783]: <C2CE1513-E864-34FE-9C4C-001F9E0513CC> /System/Library/PrivateFrameworks/WiFiPeerToPeer.framework/Versions/A/WiFiPeerToPeer
dyld[27783]: <5839CD39-6FDD-3C38-9824-ACE3C0CF481D> /usr/lib/libmrc.dylib
dyld[27783]: <2301FE73-C531-3885-B40F-4738EE870E90> /System/Library/PrivateFrameworks/IPConfiguration.framework/Versions/A/IPConfiguration
dyld[27783]: <0C6D9FA0-04A6-3D85-B75A-4DF17EC09F8C> /System/Library/PrivateFrameworks/Netrb.framework/Versions/A/Netrb
dyld[27783]: <F903486D-99F2-36D4-8A40-0B5BCC1B2185> /System/Library/PrivateFrameworks/FrontBoardServices.framework/Versions/A/FrontBoardServices
dyld[27783]: <907B748E-473A-3849-BFD2-07DA41ECC310> /System/Library/Frameworks/UserNotifications.framework/Versions/A/UserNotifications
dyld[27783]: <6329118D-9F82-35CD-8F38-BF2E9164D2C9> /System/Library/Frameworks/AudioUnit.framework/Versions/A/AudioUnit
dyld[27783]: <2F38131E-65D3-3A73-BC81-5C11E4112219> /System/Library/Frameworks/OpenDirectory.framework/Versions/A/Frameworks/CFOpenDirectory.framework/Versions/A/CFOpenDirectory
dyld[27783]: <CF70348E-0296-3DBB-8D53-3E62A0D85EE3> /System/Library/Frameworks/CoreLocation.framework/Versions/A/CoreLocation
dyld[27783]: <34711F94-0941-34BA-996A-A8BB638EE164> /System/Library/Frameworks/_LocationEssentials.framework/Versions/A/_LocationEssentials
dyld[27783]: <5C3AB432-E7AC-3921-941B-0E89A7E6AFD5> /System/Library/PrivateFrameworks/GeoServices.framework/Versions/A/GeoServices
dyld[27783]: <7EFFF158-298B-325B-8314-F5BA8D7E3FED> /System/Library/PrivateFrameworks/LocationSupport.framework/Versions/A/LocationSupport
dyld[27783]: <CDAEADC8-8B91-3B94-9E0A-69AFFC3CB2D4> /System/Library/PrivateFrameworks/GeoServicesCore.framework/Versions/A/GeoServicesCore
dyld[27783]: <784A1908-25BF-3DB1-8B68-29B5A287C006> /System/Library/PrivateFrameworks/PhoneNumbers.framework/Versions/A/PhoneNumbers
dyld[27783]: <360ED100-A72C-3BFB-B101-810AC55C83BF> /System/Library/PrivateFrameworks/LocationLogEncryption.framework/Versions/A/LocationLogEncryption
dyld[27783]: <11C5EEC2-C956-3593-B8D4-7066BFB3512A> /System/Library/PrivateFrameworks/CoreAVCHD.framework/Versions/A/CoreAVCHD
dyld[27783]: <053FCEB1-DB3A-3E10-A847-50BBA8A87DA1> /System/Library/Frameworks/MediaAccessibility.framework/Versions/A/MediaAccessibility
dyld[27783]: <4EA93E87-F43D-36BF-809B-71C5E586F8B7> /System/Library/PrivateFrameworks/Mangrove.framework/Versions/A/Mangrove
dyld[27783]: <612C6422-6995-3705-9828-80746E6AE585> /System/Library/Frameworks/CoreTelephony.framework/Versions/A/CoreTelephony
dyld[27783]: <3D9400FD-DE08-369B-B198-8F469BF2B8BC> /System/Library/PrivateFrameworks/CoreAUC.framework/Versions/A/CoreAUC
dyld[27783]: <75EDE623-3DF9-3496-8B40-816490D812F9> /usr/lib/libTelephonyUtilDynamic.dylib
dyld[27783]: <5D868430-6DA7-3AF8-8CEE-2DEB15F4B192> /System/Library/PrivateFrameworks/CoreEmoji.framework/Versions/A/CoreEmoji
dyld[27783]: <E73478C8-8F83-3240-BD7C-9CC3A10045D0> /System/Library/PrivateFrameworks/ANECompiler.framework/Versions/A/ANECompiler
dyld[27783]: <6CFEF06D-3736-3ED1-8AD0-3D572BA40B7C> /System/Library/PrivateFrameworks/MIL.framework/Versions/A/MIL
dyld[27783]: <029BDE56-B432-3A93-B3A3-2077CBFB41D5> /System/Library/Frameworks/MetalPerformanceShadersGraph.framework/Versions/A/MetalPerformanceShadersGraph
dyld[27783]: <47F79F7A-7249-387B-A7A3-71E3EC827D35> /System/Library/PrivateFrameworks/MLCompilerServices.framework/Versions/A/MLCompilerServices
dyld[27783]: <8A3F4B2F-7D15-3502-A3E0-DFB638C2869B> /System/Library/PrivateFrameworks/ANEServices.framework/Versions/A/ANEServices
dyld[27783]: <76CE7CC7-FD55-3502-B779-4A91DD18FF5D> /usr/lib/libncurses.5.4.dylib
dyld[27783]: <8778B0B0-B0F5-392F-80F8-C887E9681637> /usr/lib/libsandbox.1.dylib
dyld[27783]: <A2A9BDCC-3899-3B83-9EC0-AEC976B982D8> /usr/lib/libMatch.1.dylib
dyld[27783]: <FB7857DE-3E3F-3C90-B036-8DD0455D0D08> /System/Library/SubFrameworks/CoreAIRuntime.framework/Versions/A/CoreAIRuntime
dyld[27783]: <104F010A-E00F-39A2-9F9C-CAB2CC58BA3D> /System/Library/SubFrameworks/CoreAICompiler.framework/Versions/A/CoreAICompiler
dyld[27783]: <9E341275-2A38-3485-98D7-29164C4B037B> /System/Library/SubFrameworks/CoreAICommon.framework/Versions/A/CoreAICommon
dyld[27783]: <67D8CBCF-BBE3-3EB9-9469-2E6E5B785B4D> /System/Library/PrivateFrameworks/ODIE.framework/Versions/A/ODIE
dyld[27783]: <AB3C7545-E8B1-3AF8-9A7D-D202DD418B87> /System/Library/PrivateFrameworks/ODIE.framework/Versions/A/Frameworks/libODIECompiler.dylib
dyld[27783]: <E3C98A58-B2AF-34E1-AEE1-D45EF4277C3A> /System/Library/PrivateFrameworks/MLCompilerRuntime.framework/Versions/A/MLCompilerRuntime
dyld[27783]: <552048BA-26FF-33F4-B930-BD7BA6AE144E> /System/Library/Frameworks/MLCompute.framework/Versions/A/MLCompute
dyld[27783]: <DF80DDDA-A31F-34DE-B7DF-F539753D01F2> /System/Library/PrivateFrameworks/MLAssetIO.framework/Versions/A/MLAssetIO
dyld[27783]: <AE3C698D-3483-385B-8779-376AA375E626> /usr/lib/libcmph.dylib
dyld[27783]: <7DBD644B-7057-3040-8EA7-6AA373EF6580> /System/Library/Frameworks/AVFoundation.framework/Versions/A/AVFoundation
dyld[27783]: <E6AD61A0-C5EC-353E-961A-F3EF577BEB85> /System/Library/Frameworks/AVFAudio.framework/Versions/A/AVFAudio
dyld[27783]: <7FDE88CB-E3AF-3C12-A702-D3C4F45451DE> /System/Library/PrivateFrameworks/AVFCore.framework/Versions/A/AVFCore
dyld[27783]: <B3079358-30B4-38A2-9E0F-0A53D4E92A06> /System/Library/PrivateFrameworks/AVFCapture.framework/Versions/A/AVFCapture
dyld[27783]: <B1F0F27E-9C2E-3484-8281-E08E0A587628> /System/Library/Frameworks/AVRouting.framework/Versions/A/AVRouting
dyld[27783]: <177C6363-8B15-3241-AA4C-3A136A1ADF9D> /System/Library/PrivateFrameworks/IsolatedCoreAudioClient.framework/Versions/A/IsolatedCoreAudioClient
dyld[27783]: <17F45734-E410-3651-83FB-6F4F72793016> /System/Library/PrivateFrameworks/Tightbeam.framework/Versions/A/Tightbeam
dyld[27783]: <C53B71E8-ACFF-36B6-9AE2-B19300E7EFD2> /System/Library/PrivateFrameworks/CoreAudioOrchestration.framework/Versions/A/CoreAudioOrchestration
dyld[27783]: <0598C108-FF3F-3E39-965A-93157CE836D1> /System/Library/PrivateFrameworks/AFKUser.framework/Versions/A/AFKUser
dyld[27783]: <3D3A9F4D-CA58-3FC3-913D-8075FE8B295A> /usr/lib/libAccessibility.dylib
dyld[27783]: <55D2FFAA-71A5-32A9-A873-3BC601CB8270> /System/Library/PrivateFrameworks/CMCapture.framework/Versions/A/CMCapture
dyld[27783]: <65F8A024-2225-3A19-BFFE-5851DE039386> /System/Library/PrivateFrameworks/CMImaging.framework/Versions/A/CMImaging
dyld[27783]: <57F8689D-358E-3F3D-99C8-DF20BA88E009> /System/Library/PrivateFrameworks/Quagga.framework/Versions/A/Quagga
dyld[27783]: <42FA413D-F41D-3EBA-A004-1A4BF131836F> /System/Library/Frameworks/CoreMediaIO.framework/Versions/A/CoreMediaIO
dyld[27783]: <034A20DE-D152-357C-A054-77A4FAFEFEEC> /System/Library/PrivateFrameworks/CMCaptureDevice.framework/Versions/A/CMCaptureDevice
dyld[27783]: <3208EA72-418C-3925-9B1B-63C6C4D6BED7> /System/Library/PrivateFrameworks/CinematicFraming.framework/Versions/A/CinematicFraming
dyld[27783]: <3AE4DEFB-4D32-3CB0-B374-99196B4278DA> /System/Library/PrivateFrameworks/ModelManagerServices.framework/Versions/A/ModelManagerServices
dyld[27783]: <B8147487-55D3-37E7-B3EA-CCC0F73F862D> /System/Library/Frameworks/CoreMotion.framework/Versions/A/CoreMotion
dyld[27783]: <DDD3E07F-7C08-3CD1-AB49-E92A1750A62C> /System/Library/PrivateFrameworks/DistributedSensing.framework/Versions/A/DistributedSensing
dyld[27783]: <C6BB1755-D0C6-32CD-88CC-A5B56EE50645> /System/Library/PrivateFrameworks/MobileBluetooth.framework/Versions/A/MobileBluetooth
dyld[27783]: <27091226-02BD-3686-BF0E-085096893D67> /System/Library/PrivateFrameworks/Rapport.framework/Versions/A/Rapport
dyld[27783]: <0F31BAE7-B2B6-3BCB-B2C6-B239449E2734> /System/Library/PrivateFrameworks/AppleIntelligenceReporting.framework/Versions/A/AppleIntelligenceReporting
dyld[27783]: <5DF01521-DA21-3FA2-9581-1D814B129B76> /usr/lib/libcups.2.dylib
dyld[27783]: <36818586-0927-335D-94A6-FACA52DAD4EF> /System/Library/Frameworks/Kerberos.framework/Versions/A/Kerberos
dyld[27783]: <778B1AA4-BAD7-376F-B3D2-9E4351381EB6> /System/Library/Frameworks/GSS.framework/Versions/A/GSS
dyld[27783]: <7A5E3B41-E1A5-31B8-8305-00D4886ADD73> /usr/lib/libresolv.9.dylib
dyld[27783]: <65B96FD7-F535-3837-ABC1-EE1D5A60ABDB> /System/Library/PrivateFrameworks/Heimdal.framework/Versions/A/Heimdal
dyld[27783]: <7B620A28-EDAD-3A85-9119-1E2B416CE165> /System/Library/Frameworks/Kerberos.framework/Versions/A/Libraries/libHeimdalProxy.dylib
dyld[27783]: <4784BF83-DC78-3E97-9A01-C529A57BBEFA> /System/Library/PrivateFrameworks/CommonAuth.framework/Versions/A/CommonAuth
dyld[27783]: <984C45FC-1DE2-3439-B962-8EAD027A77AB> /System/Library/PrivateFrameworks/AXCoreUtilities.framework/Versions/A/AXCoreUtilities
dyld[27783]: <FD85C228-E13C-34F9-9D7D-C0712CAFB078> /usr/lib/libedit.3.dylib
dyld[27783]: <A2032F2C-B284-348F-BDFC-381250C87359> /System/Library/PrivateFrameworks/AttributeGraph.framework/Versions/A/AttributeGraph
dyld[27783]: <C084AEF8-370C-3E7E-B6BF-DA09B3A6CA0C> /usr/lib/libAXSafeCategoryBundle.dylib
dyld[27783]: <41699BFD-38D3-3314-8B07-D89CB3314E07> /System/Library/Frameworks/TabularData.framework/Versions/A/TabularData
dyld[27783]: <D5AF6F43-2DF9-32FB-8D9B-3B210FE9DF98> /System/Library/PrivateFrameworks/ArgumentParserInternal.framework/Versions/A/ArgumentParserInternal
dyld[27783]: <5F24A8BE-71E7-31BD-B08B-87B902940ACE> /System/Library/Frameworks/Accelerate.framework/Versions/A/Frameworks/vecLib.framework/Versions/A/libvDSP.dylib
dyld[27783]: <9652335A-F8D7-3B4A-ACB7-7DE6416BC466> /System/Library/Frameworks/Accelerate.framework/Versions/A/Frameworks/vecLib.framework/Versions/A/libLAPACK.dylib
dyld[27783]: <1DE99C65-6A3D-355A-8A86-094C3E0E964A> /System/Library/Frameworks/Accelerate.framework/Versions/A/Frameworks/vecLib.framework/Versions/A/libLinearAlgebra.dylib
dyld[27783]: <0E3488EF-0F47-39A1-A1CC-CDBC16D486B9> /System/Library/Frameworks/Accelerate.framework/Versions/A/Frameworks/vecLib.framework/Versions/A/libSparseBLAS.dylib
dyld[27783]: <C802FD74-589B-385F-8928-ACAA5F6F7FC5> /System/Library/Frameworks/Accelerate.framework/Versions/A/Frameworks/vecLib.framework/Versions/A/libQuadrature.dylib
dyld[27783]: <8CED8CD6-005C-3320-A862-FBD989F44C50> /System/Library/Frameworks/Accelerate.framework/Versions/A/Frameworks/vecLib.framework/Versions/A/libBNNS.dylib
dyld[27783]: <FFED5D83-AABF-3832-B0C0-6417CDB3AC0F> /System/Library/Frameworks/Accelerate.framework/Versions/A/Frameworks/vecLib.framework/Versions/A/libSparse.dylib
dyld[27783]: <8BCEEB80-860E-31E3-82D3-19AA45B6C8A4> /usr/lib/libapp_launch_measurement.dylib
dyld[27783]: <AD67DE6D-1296-374B-BF2A-B6EDCC811F6D> /System/Library/PrivateFrameworks/InstalledContentLibrary.framework/Versions/A/InstalledContentLibrary
dyld[27783]: <11F768F3-A56B-396F-B00D-3FC186B5476B> /System/Library/PrivateFrameworks/CoreServicesStore.framework/Versions/A/CoreServicesStore
dyld[27783]: <71573CF6-9FE6-386F-AEE4-E439FFE15829> /System/Library/PrivateFrameworks/AppleMobileFileIntegrity.framework/Versions/A/AppleMobileFileIntegrity
dyld[27783]: <FBC60DCF-D42B-3D08-B58C-A667E28E8B80> /System/Library/PrivateFrameworks/MobileSystemServices.framework/Versions/A/MobileSystemServices
dyld[27783]: <74D3A61E-85C1-355C-80CA-9B7F2D6C2EDE> /System/Library/PrivateFrameworks/ConfigProfileHelper.framework/Versions/A/ConfigProfileHelper
dyld[27783]: <B97F2F85-7D93-39F9-8818-0D15E7FC9C83> /usr/lib/libxslt.1.dylib
dyld[27783]: <3E9AEDC3-E785-3F03-BD6D-E96E3B23F19A> /System/Library/PrivateFrameworks/BackgroundTaskManagement.framework/Versions/A/BackgroundTaskManagement
dyld[27783]: <6EACD1BE-2F93-35BF-BE65-9A936994473D> /usr/lib/libcurl.4.dylib
dyld[27783]: <31BB8ED0-21DB-3DDB-BF06-489A37C06BC3> /usr/lib/libcrypto.46.dylib
dyld[27783]: <19CB2D19-0977-3813-9147-7409AA190486> /usr/lib/libssl.48.dylib
dyld[27783]: <8E111D97-BEBB-3C0D-9CDD-300BDF7D91E9> /System/Library/Frameworks/LDAP.framework/Versions/A/LDAP
dyld[27783]: <F639BC9D-D643-36EB-947D-E8C6FCCAF506> /System/Library/PrivateFrameworks/TrustEvaluationAgent.framework/Versions/A/TrustEvaluationAgent
dyld[27783]: <3D1F6EBF-66CF-3AFE-9EC6-946AC68BA8EF> /usr/lib/libsasl2.2.dylib
dyld[27783]: <B2F31AE9-FA1F-3D55-BE68-A2301B8FF7C1> /System/Library/PrivateFrameworks/NetAuth.framework/Versions/A/NetAuth
dyld[27783]: <2B75C856-223B-39C6-B787-015DD8EE4BFB> /System/Library/PrivateFrameworks/login.framework/Versions/A/Frameworks/loginsupport.framework/Versions/A/loginsupport
dyld[27783]: move loaded to delayed: libcmark-gfm.dylib
dyld[27783]: move loaded to delayed: libCGInterfaces.dylib
dyld[27783]: move loaded to delayed: AccelerateGPU
dyld[27783]: move loaded to delayed: ApplicationServices
dyld[27783]: move loaded to delayed: ATS
dyld[27783]: move loaded to delayed: HIServices
dyld[27783]: move loaded to delayed: PrintCore
dyld[27783]: move loaded to delayed: QD
dyld[27783]: move loaded to delayed: ColorSyncLegacy
dyld[27783]: move loaded to delayed: SpeechSynthesis
dyld[27783]: move loaded to delayed: TextRecognition
dyld[27783]: move loaded to delayed: AudioDSPGraph
dyld[27783]: move loaded to delayed: TextInput
dyld[27783]: move loaded to delayed: CVNLP
dyld[27783]: move loaded to delayed: LanguageModeling
dyld[27783]: move loaded to delayed: DataDetectorsCore
dyld[27783]: move loaded to delayed: Futhark
dyld[27783]: move loaded to delayed: VisionCore
dyld[27783]: move loaded to delayed: CoreML
dyld[27783]: move loaded to delayed: NaturalLanguage
dyld[27783]: move loaded to delayed: Espresso
dyld[27783]: move loaded to delayed: DataDetection
dyld[27783]: move loaded to delayed: AppleNeuralEngine
dyld[27783]: move loaded to delayed: libswiftCoreImage.dylib
dyld[27783]: move loaded to delayed: libswiftMLCompute.dylib
dyld[27783]: move loaded to delayed: libswiftNaturalLanguage.dylib
dyld[27783]: move loaded to delayed: InternationalSupport
dyld[27783]: move loaded to delayed: CMPhoto
dyld[27783]: move loaded to delayed: MediaToolbox
dyld[27783]: move loaded to delayed: Montreal
dyld[27783]: move loaded to delayed: ByteMatrixVerification
dyld[27783]: move loaded to delayed: libFDRDecode.dylib
dyld[27783]: move loaded to delayed: AppleJPEGXL
dyld[27783]: move loaded to delayed: CryptoKit
dyld[27783]: move loaded to delayed: libswiftCompression.dylib
dyld[27783]: move loaded to delayed: CryptoKitPrivate
dyld[27783]: move loaded to delayed: CryptoKitCBridging
dyld[27783]: move loaded to delayed: CryptoTokenKit
dyld[27783]: move loaded to delayed: LocalAuthentication
dyld[27783]: move loaded to delayed: LocalAuthenticationCore
dyld[27783]: move loaded to delayed: LocalAuthenticationCredentialServices
dyld[27783]: move loaded to delayed: SharedUtils
dyld[27783]: move loaded to delayed: DFRFoundation
dyld[27783]: move loaded to delayed: DiskManagement
dyld[27783]: move loaded to delayed: libcsfde.dylib
dyld[27783]: move loaded to delayed: libCoreStorage.dylib
dyld[27783]: move loaded to delayed: ProtectedCloudStorage
dyld[27783]: move loaded to delayed: EFILogin
dyld[27783]: move loaded to delayed: AAAFoundation
dyld[27783]: move loaded to delayed: Accounts
dyld[27783]: move loaded to delayed: CloudServices
dyld[27783]: move loaded to delayed: OctagonTrust
dyld[27783]: move loaded to delayed: AppleIDAuthSupport
dyld[27783]: move loaded to delayed: KeychainCircle
dyld[27783]: move loaded to delayed: AuthKit
dyld[27783]: move loaded to delayed: MultiverseSupport
dyld[27783]: move loaded to delayed: URLFormatting
dyld[27783]: move loaded to delayed: AudioAccessoryServices
dyld[27783]: move loaded to delayed: CoreBluetooth
dyld[27783]: move loaded to delayed: CoreUtils
dyld[27783]: move loaded to delayed: Sharing
dyld[27783]: move loaded to delayed: CoreUtilsExtras
dyld[27783]: move loaded to delayed: IO80211
dyld[27783]: move loaded to delayed: AutoUnlock
dyld[27783]: move loaded to delayed: IDSFoundation
dyld[27783]: move loaded to delayed: IconServices
dyld[27783]: move loaded to delayed: Apple80211
dyld[27783]: move loaded to delayed: CoreWiFi
dyld[27783]: move loaded to delayed: CoreWLAN
dyld[27783]: move loaded to delayed: IOBluetooth
dyld[27783]: move loaded to delayed: SharingCore
dyld[27783]: move loaded to delayed: libswiftCoreLocation.dylib
dyld[27783]: move loaded to delayed: BiometricKit
dyld[27783]: move loaded to delayed: IMFoundation
dyld[27783]: move loaded to delayed: Marco
dyld[27783]: move loaded to delayed: CommonUtilities
dyld[27783]: move loaded to delayed: Engram
dyld[27783]: move loaded to delayed: XPCDistributed
dyld[27783]: move loaded to delayed: libtidy.A.dylib
dyld[27783]: move loaded to delayed: Bom
dyld[27783]: move loaded to delayed: libParallelCompression.dylib
dyld[27783]: move loaded to delayed: IconFoundation
dyld[27783]: move loaded to delayed: SiriAvailability
dyld[27783]: move loaded to delayed: IconRendering
dyld[27783]: move loaded to delayed: CoreUI
dyld[27783]: move loaded to delayed: SFSymbols
dyld[27783]: move loaded to delayed: DeveloperToolsSupport
dyld[27783]: move loaded to delayed: RenderBox
dyld[27783]: move loaded to delayed: CoreSVG
dyld[27783]: move loaded to delayed: TextureIO
dyld[27783]: move loaded to delayed: WallpaperServices
dyld[27783]: move loaded to delayed: ATSUI
dyld[27783]: move loaded to delayed: libIOReport.dylib
dyld[27783]: move loaded to delayed: WiFiPeerToPeer
dyld[27783]: move loaded to delayed: libmrc.dylib
dyld[27783]: move loaded to delayed: IPConfiguration
dyld[27783]: move loaded to delayed: Netrb
dyld[27783]: move loaded to delayed: FrontBoardServices
dyld[27783]: move loaded to delayed: UserNotifications
dyld[27783]: move loaded to delayed: AudioUnit
dyld[27783]: move loaded to delayed: CoreLocation
dyld[27783]: move loaded to delayed: _LocationEssentials
dyld[27783]: move loaded to delayed: GeoServices
dyld[27783]: move loaded to delayed: LocationSupport
dyld[27783]: move loaded to delayed: GeoServicesCore
dyld[27783]: move loaded to delayed: PhoneNumbers
dyld[27783]: move loaded to delayed: LocationLogEncryption
dyld[27783]: move loaded to delayed: CoreAVCHD
dyld[27783]: move loaded to delayed: MediaAccessibility
dyld[27783]: move loaded to delayed: Mangrove
dyld[27783]: move loaded to delayed: CoreTelephony
dyld[27783]: move loaded to delayed: CoreAUC
dyld[27783]: move loaded to delayed: libTelephonyUtilDynamic.dylib
dyld[27783]: move loaded to delayed: CoreEmoji
dyld[27783]: move loaded to delayed: ANECompiler
dyld[27783]: move loaded to delayed: MetalPerformanceShadersGraph
dyld[27783]: move loaded to delayed: MLCompilerServices
dyld[27783]: move loaded to delayed: ANEServices
dyld[27783]: move loaded to delayed: libncurses.5.4.dylib
dyld[27783]: move loaded to delayed: libsandbox.1.dylib
dyld[27783]: move loaded to delayed: libMatch.1.dylib
dyld[27783]: move loaded to delayed: CoreAIRuntime
dyld[27783]: move loaded to delayed: CoreAICompiler
dyld[27783]: move loaded to delayed: CoreAICommon
dyld[27783]: move loaded to delayed: ODIE
dyld[27783]: move loaded to delayed: libODIECompiler.dylib
dyld[27783]: move loaded to delayed: MLCompilerRuntime
dyld[27783]: move loaded to delayed: MLCompute
dyld[27783]: move loaded to delayed: MLAssetIO
dyld[27783]: move loaded to delayed: libcmph.dylib
dyld[27783]: move loaded to delayed: AVFoundation
dyld[27783]: move loaded to delayed: AVFAudio
dyld[27783]: move loaded to delayed: AVFCore
dyld[27783]: move loaded to delayed: AVFCapture
dyld[27783]: move loaded to delayed: AVRouting
dyld[27783]: move loaded to delayed: IsolatedCoreAudioClient
dyld[27783]: move loaded to delayed: Tightbeam
dyld[27783]: move loaded to delayed: CoreAudioOrchestration
dyld[27783]: move loaded to delayed: AFKUser
dyld[27783]: move loaded to delayed: libAccessibility.dylib
dyld[27783]: move loaded to delayed: CMCapture
dyld[27783]: move loaded to delayed: CMImaging
dyld[27783]: move loaded to delayed: Quagga
dyld[27783]: move loaded to delayed: CoreMediaIO
dyld[27783]: move loaded to delayed: CMCaptureDevice
dyld[27783]: move loaded to delayed: CinematicFraming
dyld[27783]: move loaded to delayed: ModelManagerServices
dyld[27783]: move loaded to delayed: CoreMotion
dyld[27783]: move loaded to delayed: DistributedSensing
dyld[27783]: move loaded to delayed: MobileBluetooth
dyld[27783]: move loaded to delayed: Rapport
dyld[27783]: move loaded to delayed: AppleIntelligenceReporting
dyld[27783]: move loaded to delayed: libcups.2.dylib
dyld[27783]: move loaded to delayed: AXCoreUtilities
dyld[27783]: move loaded to delayed: libedit.3.dylib
dyld[27783]: move loaded to delayed: AttributeGraph
dyld[27783]: move loaded to delayed: libAXSafeCategoryBundle.dylib
dyld[27783]: move loaded to delayed: TabularData
dyld[27783]: move loaded to delayed: ArgumentParserInternal
0040:trace:loaddll:build_module Loaded L"C:\\windows\\system32\\winedevice.exe" at 0000000140000000: builtin
0040:trace:loaddll:build_module Loaded L"C:\\windows\\system32\\kernelbase.dll" at 00006FFFFFC10000: builtin
0040:trace:loaddll:build_module Loaded L"C:\\windows\\system32\\kernel32.dll" at 00006FFFFFEC0000: builtin
0040:trace:loaddll:build_module Loaded L"C:\\windows\\system32\\msvcrt.dll" at 00006FFFFFAF0000: builtin
0040:trace:loaddll:build_module Loaded L"C:\\windows\\system32\\ucrtbase.dll" at 00006FFFFF9D0000: builtin
0040:trace:loaddll:build_module Loaded L"C:\\windows\\system32\\sechost.dll" at 00006FFFFFAC0000: builtin
0040:trace:loaddll:build_module Loaded L"C:\\windows\\system32\\advapi32.dll" at 00006FFFFFBB0000: builtin
0040:trace:loaddll:build_module Loaded L"C:\\windows\\system32\\ntoskrnl.exe" at 00006FFFFF7D0000: builtin
0040:trace:loaddll:build_module Loaded L"C:\\windows\\system32\\rpcrt4.dll" at 00006FFFFF8F0000: builtin
004c:trace:loaddll:build_module Loaded L"C:\\windows\\system32\\drivers\\mountmgr.sys" at 00006FFFFF7A0000: builtin
dyld[27783]: <1B17D21A-DBDB-367C-9EAB-9DE257B140F8> /private/tmp/step10a4-highball-V5DiZw/engine/lib/wine/x86_64-unix/mountmgr.so
004c:trace:loaddll:build_module Loaded L"C:\\windows\\system32\\setupapi.dll" at 00006FFFFF860000: builtin
dyld[27785]: <E8BD2F5D-31CD-3E5D-B239-7D6C7B698EA9> /private/tmp/step10a4-highball-V5DiZw/engine/bin/wine
dyld[27785]: <C35C3CFC-E1B6-36CB-8F34-F1B9CED0E362> /usr/lib/libSystem.B.dylib
dyld[27785]: <AD218373-799B-3BA0-9D22-6CF6EF7A5E92> /usr/lib/system/libcache.dylib
dyld[27785]: <4DB84DD1-66CE-3AF3-98F7-E3ECD3445CAB> /usr/lib/system/libcommonCrypto.dylib
dyld[27785]: <ADF5CD65-B192-3261-B0A8-1923DC6FD1F4> /usr/lib/system/libcompiler_rt.dylib
dyld[27785]: <B654BDF4-CAF2-366B-B724-7F0C80A7C988> /usr/lib/system/libcopyfile.dylib
dyld[27785]: <1654DB72-6508-373A-AFCD-A11AE4B4A111> /usr/lib/system/libcorecrypto.dylib
dyld[27785]: <C9CE6EB5-E461-3D14-87EC-3D9EC083F36C> /usr/lib/system/libdispatch.dylib
dyld[27785]: <7CE1E71D-6070-37E6-8885-F63FCBBA4F5F> /usr/lib/system/libdyld.dylib
dyld[27785]: <DDFC973E-DE9D-3F4A-B6B0-D4197C39D86D> /usr/lib/system/libkeymgr.dylib
dyld[27785]: <598B55F4-54B2-3E18-807E-D76251119D0E> /usr/lib/system/libmacho.dylib
dyld[27785]: <C70805D8-E2BC-30DB-95E8-72E98E125E29> /usr/lib/system/libquarantine.dylib
dyld[27785]: <9705AC41-D08C-3620-BC12-50F19EBBE26F> /usr/lib/system/libremovefile.dylib
dyld[27785]: <1479C560-2FDF-38E1-9B15-05CD2D84318A> /usr/lib/system/libsystem_asl.dylib
dyld[27785]: <7C2C988E-15E9-3CB4-BAFF-C0B51B03EB6B> /usr/lib/system/libsystem_blocks.dylib
dyld[27785]: <5189C409-7FC9-3ED9-9C35-115DE311AD0E> /usr/lib/system/libsystem_c.dylib
dyld[27785]: <3165A454-B215-3725-9E9E-02D110A9F8D4> /usr/lib/system/libsystem_collections.dylib
dyld[27785]: <359AB422-DD50-3256-B1C6-F72DF9DD987A> /usr/lib/system/libsystem_configuration.dylib
dyld[27785]: <1B79C1E0-CA9B-30F1-ACD7-79C427C8B363> /usr/lib/system/libsystem_containermanager.dylib
dyld[27785]: <64BC6CC4-ECC7-3030-9713-ECBC9C89FDC6> /usr/lib/system/libsystem_coreservices.dylib
dyld[27785]: <F2C0B46B-0E3B-3D69-88E3-7438D86E2400> /usr/lib/system/libsystem_darwin.dylib
dyld[27785]: <9E147608-C331-3C58-8BDB-9BCD72676DF9> /usr/lib/system/libsystem_darwindirectory.dylib
dyld[27785]: <9155855F-09DE-3716-8EE1-D0E471817E4B> /usr/lib/system/libsystem_dnssd.dylib
dyld[27785]: <8DDD0D3E-463F-3588-99ED-CD3143D4D7E8> /usr/lib/system/libsystem_eligibility.dylib
dyld[27785]: <65390F97-3CEE-39F9-A4A8-6AAAEBE5CAF4> /usr/lib/system/libsystem_featureflags.dylib
dyld[27785]: <43FED5F7-ABEE-3709-9DBC-63C15471566A> /usr/lib/system/libsystem_info.dylib
dyld[27785]: <6B647DA7-B1BD-3553-99A4-318A0A54ADE4> /usr/lib/system/libsystem_m.dylib
dyld[27785]: <AA9F3382-0989-3BFD-8D3A-D0F95422DB89> /usr/lib/system/libsystem_malloc.dylib
dyld[27785]: <9684139A-D966-39F4-BE5A-5DC2F35E198F> /usr/lib/system/libsystem_networkextension.dylib
dyld[27785]: <BC7A29BB-B5B6-3273-A306-1A32A631CAC7> /usr/lib/system/libsystem_notify.dylib
dyld[27785]: <EBD29789-35BD-37AE-AFCB-6F951941E93C> /usr/lib/system/libsystem_sandbox.dylib
dyld[27785]: <260D9D91-0E97-3CE8-8DD7-5F8DAD1CEC12> /usr/lib/system/libsystem_sanitizers.dylib
dyld[27785]: <10604294-2616-3323-8EE7-13B7AA6FA0F4> /usr/lib/system/libsystem_secinit.dylib
dyld[27785]: <40155496-5BD7-3491-AEFC-B4395F3DCF04> /usr/lib/system/libsystem_kernel.dylib
dyld[27785]: <6D92CF2D-A008-36B6-B516-C960029E4960> /usr/lib/system/libsystem_platform.dylib
dyld[27785]: <0BAFE0E7-F27F-363F-A13C-70619F985288> /usr/lib/system/libsystem_pthread.dylib
dyld[27785]: <14B38348-6F43-316E-9559-4A5E077AFC52> /usr/lib/system/libsystem_symptoms.dylib
dyld[27785]: <2AE5497B-628B-3027-B36D-AA62D9C95D20> /usr/lib/system/libsystem_trace.dylib
dyld[27785]: <E9DCD1A4-A6F0-356D-89E0-CDB2D6E1E755> /usr/lib/system/libsystem_trial.dylib
dyld[27785]: <F786DF52-020C-3CD4-85A4-42BBADA2E485> /usr/lib/system/libunwind.dylib
dyld[27785]: <A44EE173-2555-3EA9-B836-0AF203AFBF46> /usr/lib/system/libxpc.dylib
dyld[27785]: <AD71C77A-7D9F-3D67-AF76-A029629F8A52> /usr/lib/libc++abi.dylib
dyld[27785]: <FA4B4D4D-4A72-301D-82E4-0415534FF26C> /usr/lib/libobjc.A.dylib
dyld[27785]: <5E62C50D-63D5-3D91-8408-6175282185E7> /usr/lib/libRosetta.dylib
dyld[27785]: <8DAA0737-BE5F-3F33-929E-DAD557873C98> /usr/lib/libc++.1.dylib
dyld[27785]: <335FE197-93DD-3981-827B-759F2392CF07> /private/tmp/step10a4-highball-V5DiZw/engine/lib/wine/x86_64-unix/ntdll.so
dyld[27785]: <A8EB4F11-C0D5-3F15-A780-879C56203E0C> /System/Library/Frameworks/IOKit.framework/Versions/A/IOKit
dyld[27785]: <5E62C50D-63D5-3D91-8408-6175282185E7> /usr/lib/liboah.dylib
dyld[27785]: <B459B479-FC1A-3C62-BCC0-E87C4CB7B1C5> /usr/lib/libDiagnosticMessagesClient.dylib
dyld[27785]: <A6B926CC-8265-30C8-A0B4-B1FA5736B4FD> /usr/lib/libenergytrace.dylib
dyld[27785]: <022D827A-54B6-36C6-8F2E-21871F2082D5> /usr/lib/libbsm.0.dylib
dyld[27785]: <B08331D8-B583-3318-ADA7-B5939493E835> /System/Library/Frameworks/CoreFoundation.framework/Versions/A/CoreFoundation
dyld[27785]: <CCA5EC52-A9CD-3589-A804-AFF5BDF15489> /usr/lib/libz.1.dylib
dyld[27785]: <B3B167F4-133E-36CD-92C0-228C57113795> /usr/lib/system/libkxld.dylib
dyld[27785]: <2E0B4D74-C5BC-342B-970B-B50814C8771D> /System/Library/PrivateFrameworks/SoftLinking.framework/Versions/A/SoftLinking
dyld[27785]: <FF355D69-B1AE-3A77-83D3-74552649536D> /System/Library/PrivateFrameworks/CoreServicesInternal.framework/Versions/A/CoreServicesInternal
dyld[27785]: <E832CDD3-EC43-3FDE-950B-4B2DDD2EE627> /System/Library/Frameworks/Foundation.framework/Versions/C/Foundation
dyld[27785]: <FA8187C5-6DC0-3580-BC9A-6CCEF81F8B88> /usr/lib/libfakelink.dylib
dyld[27785]: <9EB824DA-83AB-365D-B5F1-311757BAB13F> /usr/lib/libicucore.A.dylib
dyld[27785]: <3E87F493-4F61-39C7-A5E2-B23C8035D8AD> /System/Library/Frameworks/CoreServices.framework/Versions/A/CoreServices
dyld[27785]: <83C00352-42B3-3176-BCF3-21C5A8354B69> /System/Library/Frameworks/Security.framework/Versions/A/Security
dyld[27785]: <30EF56FE-5FF9-3E23-B955-4B32776DB696> /System/Library/PrivateFrameworks/DiskImages.framework/Versions/A/DiskImages
dyld[27785]: <4DDB589C-3E74-33BB-9608-E6D732C7768F> /System/Library/Frameworks/NetFS.framework/Versions/A/NetFS
dyld[27785]: <0C206EA7-DB71-343F-9602-8000DFE92D57> /System/Library/Frameworks/CFNetwork.framework/Versions/A/CFNetwork
dyld[27785]: <6BD9A7B1-BD79-3BD1-8E60-A351268524BF> /System/Library/Frameworks/CoreServices.framework/Versions/A/Frameworks/FSEvents.framework/Versions/A/FSEvents
dyld[27785]: <ECD9465F-8A62-3CC4-B263-ED77CC35CC57> /System/Library/Frameworks/CoreServices.framework/Versions/A/Frameworks/CarbonCore.framework/Versions/A/CarbonCore
dyld[27785]: <3E469D4D-5E88-3E05-A36A-5E4748822538> /System/Library/Frameworks/CoreServices.framework/Versions/A/Frameworks/Metadata.framework/Versions/A/Metadata
dyld[27785]: <CCDDC516-276B-3F1D-AEAD-8BDADEA84A8E> /System/Library/Frameworks/CoreServices.framework/Versions/A/Frameworks/OSServices.framework/Versions/A/OSServices
dyld[27785]: <4DE627B3-266F-3CAD-A604-272AAC2154D5> /System/Library/Frameworks/CoreServices.framework/Versions/A/Frameworks/SearchKit.framework/Versions/A/SearchKit
dyld[27785]: <3940B96B-C857-3B4D-9295-A3AD8F190E7C> /System/Library/Frameworks/CoreServices.framework/Versions/A/Frameworks/AE.framework/Versions/A/AE
dyld[27785]: <88879E3D-60BC-335F-BC83-6E7AA6360641> /System/Library/Frameworks/CoreServices.framework/Versions/A/Frameworks/LaunchServices.framework/Versions/A/LaunchServices
dyld[27785]: <DB20022E-8F2D-3F01-95FD-CD3F40758294> /System/Library/Frameworks/CoreServices.framework/Versions/A/Frameworks/DictionaryServices.framework/Versions/A/DictionaryServices
dyld[27785]: <3C402754-C897-3358-B2A6-53AC950F0AAD> /System/Library/Frameworks/CoreServices.framework/Versions/A/Frameworks/SharedFileList.framework/Versions/A/SharedFileList
dyld[27785]: <51ADA3FF-7D95-32BB-8D53-9A79D19737A6> /System/Library/Frameworks/SystemConfiguration.framework/Versions/A/SystemConfiguration
dyld[27785]: <566D0F44-DC97-37B0-A816-F9C52E678AB7> /usr/lib/libapple_nghttp2.dylib
dyld[27785]: <C3D64E6D-68E6-3606-B4A2-0615C2914C4A> /usr/lib/libcompression.dylib
dyld[27785]: <BCCC90C6-AFF2-3E30-A3FF-ECB449916C9B> /usr/lib/libsqlite3.dylib
dyld[27785]: <E48C0927-6427-39B2-9E1D-064FFCC1D026> /System/Library/Frameworks/Network.framework/Versions/A/Network
dyld[27785]: <3FBE1DC9-EC26-3A3D-91D4-0C1347161636> /System/Library/PrivateFrameworks/AppleKeyStore.framework/Versions/A/AppleKeyStore
dyld[27785]: <999857AC-6B67-32B0-ACD9-03E27BF1DF82> /usr/lib/libCoreEntitlements.dylib
dyld[27785]: <B01BECF4-3FD8-3EB9-A385-C6E86E258B5D> /usr/lib/libTLE.dylib
dyld[27785]: <66326DEB-49FA-3A5A-8655-0A7F3C46C43F> /System/Library/PrivateFrameworks/MessageSecurity.framework/Versions/A/MessageSecurity
dyld[27785]: <63746141-C4F7-3C15-BFF9-8690FDCFA934> /System/Library/PrivateFrameworks/ProtocolBuffer.framework/Versions/A/ProtocolBuffer
dyld[27785]: <49E753F2-5BE7-3D0F-A620-52519749D4FA> /System/Library/PrivateFrameworks/SymptomDiagnosticReporter.framework/Versions/A/SymptomDiagnosticReporter
dyld[27785]: <D565FF2C-0F9E-33C8-BF97-8B784B5AC862> /System/Library/PrivateFrameworks/CrashReporterSupport.framework/Versions/A/CrashReporterSupport
dyld[27785]: <6755F843-27F7-3CC6-A704-87037158E019> /System/Library/PrivateFrameworks/CoreAnalytics.framework/Versions/A/CoreAnalytics
dyld[27785]: <9171B014-BABF-3AF4-BE23-254F4267F0DD> /System/Library/PrivateFrameworks/CoreTime.framework/Versions/A/CoreTime
dyld[27785]: <4EE62B14-42C5-37D8-B7B9-7F48B39ADE42> /usr/lib/libMobileGestalt.dylib
dyld[27785]: <3A9AC8ED-1C48-3070-A4C0-748A011A4ECF> /System/Library/PrivateFrameworks/AppleFSCompression.framework/Versions/A/AppleFSCompression
dyld[27785]: <0F8695F5-0D7F-388C-8D2B-21E64C0C5C37> /usr/lib/libcoretls.dylib
dyld[27785]: <B0AA1109-6DD2-3F0A-9BFB-7ED7D22C22B7> /usr/lib/libcoretls_cfhelpers.dylib
dyld[27785]: <6D962100-4769-3EC0-AEA5-C5C76149B497> /usr/lib/libpam.2.dylib
dyld[27785]: <00A6D787-1FF6-31C2-962C-166285687ECD> /usr/lib/libxar.1.dylib
dyld[27785]: <E4A7FCAA-6DCC-396C-80D2-EF1D88CFB305> /System/Library/PrivateFrameworks/NSPredicateSecurityPolicy.framework/Versions/A/NSPredicateSecurityPolicy
dyld[27785]: <0282ADDB-A746-3F00-8CFF-17FB254825AB> /System/Library/PrivateFrameworks/CoreAutoLayout.framework/Versions/A/CoreAutoLayout
dyld[27785]: <B0DEC2B5-F2A5-3F34-A857-11A54E65762C> /usr/lib/libcmark-gfm.dylib
dyld[27785]: <FB5AA338-58FC-3C93-BCAB-72D86BA529FA> /System/Library/Frameworks/DiskArbitration.framework/Versions/A/DiskArbitration
dyld[27785]: <AE66ACCE-6DB6-3B10-BC35-BD1C16C5E196> /usr/lib/libarchive.2.dylib
dyld[27785]: <3A504FE5-5FBC-3BEA-80FA-2A9C1B0387A8> /usr/lib/libxml2.2.dylib
dyld[27785]: <55797398-303F-3BB1-BEC6-CEFD9F8E063D> /usr/lib/liblangid.dylib
dyld[27785]: <405F1701-2A88-39F3-B583-8FCD29BAE690> /System/Library/Frameworks/Combine.framework/Versions/A/Combine
dyld[27785]: <654A1A4C-BF42-36B9-BC83-F3458817C2DB> /System/Library/PrivateFrameworks/CollectionsInternal.framework/Versions/A/CollectionsInternal
dyld[27785]: <49E03386-1E43-3A94-97F5-0E82A4CDA134> /System/Library/PrivateFrameworks/ReflectionInternal.framework/Versions/A/ReflectionInternal
dyld[27785]: <D9602378-8FEF-30FD-985F-4502E4B4058E> /System/Library/PrivateFrameworks/RuntimeInternal.framework/Versions/A/RuntimeInternal
dyld[27785]: <0DAE92D9-DEEE-353C-9B41-781EECACD199> /usr/lib/swift/libswiftCore.dylib
dyld[27785]: <5FF496BF-7F3D-33B6-9554-0A6B16298857> /usr/lib/swift/libswiftCoreFoundation.dylib
dyld[27785]: <89C0405A-C9D5-336C-BF36-B659B4FCE83A> /usr/lib/swift/libswiftDarwin.dylib
dyld[27785]: <E2296D76-48E1-3BF6-80C4-6A1FA168D2E1> /usr/lib/swift/libswiftDispatch.dylib
dyld[27785]: <18F8C26A-DE5D-3B65-B0B1-3D46C64A6E1A> /usr/lib/swift/libswiftIOKit.dylib
dyld[27785]: <D36234BA-B610-31CA-846F-2D39483712BA> /usr/lib/swift/libswiftObjectiveC.dylib
dyld[27785]: <4AE77A8B-1774-3730-A01B-CBD63D764B83> /usr/lib/swift/libswiftObservation.dylib
dyld[27785]: <1B245C8C-01C1-33A8-B293-5767CA8BE260> /usr/lib/swift/libswiftSynchronization.dylib
dyld[27785]: <95E81E1E-7F1E-371D-9DDE-BB4884B6ED46> /usr/lib/swift/libswiftSystem.dylib
dyld[27785]: <07821AEC-ED84-3916-B2D7-01F88A0F2381> /usr/lib/swift/libswiftXPC.dylib
dyld[27785]: <1D45348D-37AB-34AE-B575-22542463EB58> /usr/lib/swift/libswift_Builtin_float.dylib
dyld[27785]: <C0BC056F-4B5C-3AA1-B077-1EFDC4708672> /usr/lib/swift/libswift_Concurrency.dylib
dyld[27785]: <CA8706CE-EAD3-3010-894F-07FC48EE618E> /usr/lib/swift/libswift_DarwinFoundation1.dylib
dyld[27785]: <B7AF51B9-600B-36B9-B8C0-3E5B5337700A> /usr/lib/swift/libswift_StringProcessing.dylib
dyld[27785]: <8F0C6BC2-A28B-332F-9F7C-998A9E3BD19B> /usr/lib/swift/libswiftos.dylib
dyld[27785]: <C7CC753B-7B87-3C94-B989-9146B16FC21D> /System/Library/PrivateFrameworks/AppleSystemInfo.framework/Versions/A/AppleSystemInfo
dyld[27785]: <5427D9A6-94B1-3793-897A-D083E5733B26> /System/Library/Frameworks/SwiftData.framework/Versions/A/SwiftData
dyld[27785]: <7B72381C-1FDB-35C5-A822-6D555C3793D1> /usr/lib/libboringssl.dylib
dyld[27785]: <96C90097-BC24-35F9-BA16-F88BE0C2A090> /usr/lib/libdns_services.dylib
dyld[27785]: <56D76827-807B-3049-9B99-8A57C40A688D> /usr/lib/libquic.dylib
dyld[27785]: <9F96AC2E-E245-3AD8-AA63-CEDECB419768> /usr/lib/libusrtcp.dylib
dyld[27785]: <C26E08BF-1824-3E73-82C4-93100B30EAD3> /System/Library/PrivateFrameworks/AtomicsInternal.framework/Versions/A/AtomicsInternal
dyld[27785]: <C7197C1E-1B3B-396E-87FA-611C0F3E53BE> /System/Library/PrivateFrameworks/InternalSwiftProtobuf.framework/Versions/A/InternalSwiftProtobuf
dyld[27785]: <209B029B-765D-3432-BB75-0569E06734C3> /usr/lib/swift/libswiftDistributed.dylib
dyld[27785]: <01A2CAEA-665C-3D01-A04A-941FAD914652> /System/Library/Frameworks/CoreData.framework/Versions/A/CoreData
dyld[27785]: <511CCB33-BA1B-3992-B052-63255A292878> /System/Library/PrivateFrameworks/FeatureFlags.framework/Versions/A/FeatureFlags
dyld[27785]: <34D2A4C4-020E-3F5B-ADCE-8B062BC59C81> /usr/lib/liblzma.5.dylib
dyld[27785]: <59AB67E4-B860-316C-963D-087CDFBF6C29> /usr/lib/libswiftPrespecialized.dylib
dyld[27785]: <99BE4D61-01BE-35ED-B9A0-F494C660BA92> /System/Library/PrivateFrameworks/IOMobileFramebuffer.framework/Versions/A/IOMobileFramebuffer
dyld[27785]: <1C7ECB1E-A4C2-306A-B297-43FFF3C11EE7> /System/Library/Frameworks/IOSurface.framework/Versions/A/IOSurface
dyld[27785]: <A21D8B21-20DB-3339-B5D9-EC266EA0EE4E> /usr/lib/swift/libswift_DarwinFoundation2.dylib
dyld[27785]: <83A0E2FF-E850-3B1D-B834-AF4F63451C96> /usr/lib/swift/libswift_DarwinFoundation3.dylib
dyld[27785]: <0FB6CFAC-01FC-3846-A4A2-50C4F6362A0C> /usr/lib/swift/libswift_RegexParser.dylib
dyld[27785]: <2F29EA62-7BFB-3F98-A6E4-AC44013847C7> /usr/lib/libbz2.1.0.dylib
dyld[27785]: <D4096439-DD3A-3434-8A26-9E0A4255BC16> /usr/lib/libiconv.2.dylib
dyld[27785]: <B6CEFD73-D16C-3796-82EF-61499B6EA249> /usr/lib/libcharset.1.dylib
dyld[27785]: <E46388C2-BA3A-3720-BA3C-72603390F716> /System/Library/PrivateFrameworks/APFS.framework/Versions/A/APFS
dyld[27785]: <66F550B4-67C6-3BD0-8378-733BFBBB5B94> /System/Library/PrivateFrameworks/SwiftASN1Internal.framework/Versions/A/SwiftASN1Internal
dyld[27785]: <ED8A4184-E276-3E05-99A0-CF5919CB36D4> /usr/lib/libutil.dylib
dyld[27785]: <265413A6-648C-3059-A010-554AD719A363> /usr/lib/libheimdal-asn1.dylib
dyld[27785]: <7934762C-FBCA-37CA-AF42-2704B7A639EC> /System/Library/PrivateFrameworks/AppleSauce.framework/Versions/A/AppleSauce
dyld[27785]: <9761CAD2-A811-396E-9FD1-7553A783CBF5> /System/Library/PrivateFrameworks/OSAnalytics.framework/Versions/A/OSAnalytics
dyld[27785]: <0AD2FA79-5B4B-31B9-9155-A0C17BA69FB0> /System/Library/PrivateFrameworks/DeviceRecovery.framework/Versions/A/DeviceRecovery
dyld[27785]: <E4B6BD31-91A9-31BD-BB88-8C8F7F2985B7> /System/Library/PrivateFrameworks/CoreSymbolication.framework/Versions/A/CoreSymbolication
dyld[27785]: <04BCC6C4-E76D-3D1C-B25E-DD04511D29E8> /System/Library/PrivateFrameworks/Symbolication.framework/Versions/A/Symbolication
dyld[27785]: <328F598A-5C09-3D8E-854E-F090BAD6F101> /System/Library/PrivateFrameworks/DebugSymbols.framework/Versions/A/DebugSymbols
dyld[27785]: <7AB4526E-BD18-3FEE-87D2-7E60C218F82A> /usr/lib/libAppleArchive.dylib
dyld[27785]: <02320C8B-AF9A-37CF-BE30-DD72BAB828CC> /System/Library/PrivateFrameworks/MallocStackLogging.framework/Versions/A/MallocStackLogging
dyld[27785]: <D9973DD3-D3C9-38DC-86E8-D1C248A9FA6C> /usr/lib/libCheckFix.dylib
dyld[27785]: <02894CCE-93A3-32BB-BA6B-25CCD22A0EA5> /System/Library/PrivateFrameworks/TCC.framework/Versions/A/TCC
dyld[27785]: <69D73FF3-AE70-378B-AF0D-3A7794E60974> /System/Library/PrivateFrameworks/CoreNLP.framework/Versions/A/CoreNLP
dyld[27785]: <501C7615-3041-3D75-948D-08CA8D7B8773> /System/Library/PrivateFrameworks/MetadataUtilities.framework/Versions/A/MetadataUtilities
dyld[27785]: <0FB5062E-8A6E-3949-86C1-D294D4AF1AA4> /System/Library/Frameworks/Accelerate.framework/Versions/A/Accelerate
dyld[27785]: <FDBA8F4E-3D78-3DB8-8233-B8861E665675> /usr/lib/libmecab.dylib
dyld[27785]: <ABA5B6EA-B61B-3DDB-B4F1-69706D071F3D> /usr/lib/libCRFSuite.dylib
dyld[27785]: <DF95BFF6-6E31-3243-A0BC-A8339951D82F> /usr/lib/libgermantok.dylib
dyld[27785]: <20A1236E-CDF9-351D-9F56-1AD0123DC116> /usr/lib/libThaiTokenizer.dylib
dyld[27785]: <80F6241D-D255-3CCF-8ED0-F87698FDEE4E> /System/Library/Frameworks/Accelerate.framework/Versions/A/Frameworks/vImage.framework/Versions/A/vImage
dyld[27785]: <B902D685-3B38-3DE8-9325-18E32ED96065> /System/Library/Frameworks/Accelerate.framework/Versions/A/Frameworks/vecLib.framework/Versions/A/vecLib
dyld[27785]: <6EF7FE72-4727-3998-883A-97851074EDC2> /System/Library/Frameworks/Accelerate.framework/Versions/A/Frameworks/vecLib.framework/Versions/A/libvMisc.dylib
dyld[27785]: <694C9F17-22CB-348E-8A40-8F536B7CDF55> /System/Library/Frameworks/Accelerate.framework/Versions/A/Frameworks/vImage.framework/Versions/A/Libraries/libCGInterfaces.dylib
dyld[27785]: <A6AA2DE9-C0CE-37EB-910C-756AAF0E9A09> /System/Library/PrivateFrameworks/AccelerateGPU.framework/Versions/A/AccelerateGPU
dyld[27785]: <498036DB-4226-3C95-8880-E4FD11883D31> /System/Library/Frameworks/Accelerate.framework/Versions/A/Frameworks/vecLib.framework/Versions/A/libBLAS.dylib
dyld[27785]: <FB6D3F5F-AA35-3603-883B-A07B628283A8> /System/Library/Frameworks/ApplicationServices.framework/Versions/A/ApplicationServices
dyld[27785]: <1797F8DC-6019-374B-A55A-FF4C945E68DC> /System/Library/Frameworks/CoreVideo.framework/Versions/A/CoreVideo
dyld[27785]: <C514AE37-91AA-3199-87AB-2E29986C3423> /System/Library/Frameworks/ColorSync.framework/Versions/A/ColorSync
dyld[27785]: <81A02160-B6F6-385B-BA6C-E768947B7AD5> /System/Library/Frameworks/CoreGraphics.framework/Versions/A/CoreGraphics
dyld[27785]: <9A3F9ACC-4D9C-34BA-B3A8-1AD3C1786F66> /System/Library/Frameworks/CoreText.framework/Versions/A/CoreText
dyld[27785]: <554EDEE0-773D-3D10-8863-4913ECE95CA1> /System/Library/Frameworks/ImageIO.framework/Versions/A/ImageIO
dyld[27785]: <F852E373-499B-35B6-9557-AA369E07B841> /System/Library/Frameworks/ApplicationServices.framework/Versions/A/Frameworks/ATS.framework/Versions/A/ATS
dyld[27785]: <B254A017-96B6-3748-99DB-32866FE0C054> /System/Library/Frameworks/ApplicationServices.framework/Versions/A/Frameworks/HIServices.framework/Versions/A/HIServices
dyld[27785]: <727498E8-7885-35B2-B723-E380EDD703EA> /System/Library/Frameworks/ApplicationServices.framework/Versions/A/Frameworks/PrintCore.framework/Versions/A/PrintCore
dyld[27785]: <6FA3DA21-79F7-3006-ADD5-62D486024479> /System/Library/Frameworks/ApplicationServices.framework/Versions/A/Frameworks/QD.framework/Versions/A/QD
dyld[27785]: <850A1AAF-F1C2-3366-9F2F-0C5FA1A2B8A0> /System/Library/Frameworks/ApplicationServices.framework/Versions/A/Frameworks/ColorSyncLegacy.framework/Versions/A/ColorSyncLegacy
dyld[27785]: <4C160000-279F-3F52-8293-5740A012A59D> /System/Library/Frameworks/ApplicationServices.framework/Versions/A/Frameworks/SpeechSynthesis.framework/Versions/A/SpeechSynthesis
dyld[27785]: <02A9A202-2F39-3204-86DE-A09EA6AE8DEE> /System/Library/PrivateFrameworks/SkyLight.framework/Versions/A/SkyLight
dyld[27785]: <DB8890A9-5563-3841-B3DF-F2A14E0B38E4> /System/Library/PrivateFrameworks/TextRecognition.framework/Versions/A/TextRecognition
dyld[27785]: <11CFFC86-3FFC-35B2-9F6E-823101BF77B2> /System/Library/PrivateFrameworks/FontServices.framework/libFontParser.dylib
dyld[27785]: <AE0C7111-9D6C-3977-BE3D-42BDEB55051D> /System/Library/PrivateFrameworks/BiomeLibrary.framework/Versions/A/BiomeLibrary
dyld[27785]: <EE0670B3-0AAB-3D8C-B579-48A8B2757C54> /System/Library/PrivateFrameworks/BaseBoard.framework/Versions/A/BaseBoard
dyld[27785]: <6EAD8729-6278-36DD-95E0-C3DBC1B421D1> /System/Library/PrivateFrameworks/BoardServices.framework/Versions/A/BoardServices
dyld[27785]: <A6DDDBA9-3712-318D-8E86-4FD5E1E9DC2A> /System/Library/PrivateFrameworks/BackBoardServices.framework/Versions/A/BackBoardServices
dyld[27785]: <6DEFD8B9-3D97-3F07-8817-F0D783EBDFBE> /System/Library/PrivateFrameworks/BackBoardHIDEventFoundation.framework/Versions/A/BackBoardHIDEventFoundation
dyld[27785]: <61C82C50-C91D-3028-933E-FC20D2AB40FA> /System/Library/Frameworks/CoreDisplay.framework/Versions/A/CoreDisplay
dyld[27785]: <48F3225A-BEDC-395B-8658-BF2894A5D363> /System/Library/Frameworks/VideoToolbox.framework/Versions/A/VideoToolbox
dyld[27785]: <CD83DE43-F39B-38E8-B307-F342C2CA0F71> /System/Library/Frameworks/MetalPerformanceShaders.framework/Versions/A/MetalPerformanceShaders
dyld[27785]: <063F6766-AC0A-372B-8547-20EE93744C3D> /System/Library/PrivateFrameworks/ProDisplayLibrary.framework/Versions/A/ProDisplayLibrary
dyld[27785]: <52BDB234-C793-3B6B-8BE8-781631969DFA> /System/Library/PrivateFrameworks/IOSurfaceAccelerator.framework/Versions/A/IOSurfaceAccelerator
dyld[27785]: <61936A60-82F1-35D4-B7B2-564157277C7A> /System/Library/PrivateFrameworks/RunningBoardServices.framework/Versions/A/RunningBoardServices
dyld[27785]: <9C6FB27B-F6DF-342F-8D23-CDAA43181A67> /System/Library/Frameworks/Metal.framework/Versions/A/Metal
dyld[27785]: <FE710138-2441-34B0-A3EE-BB741C5A88E5> /System/Library/PrivateFrameworks/IOAccelerator.framework/Versions/A/IOAccelerator
dyld[27785]: <6007D6B0-CA05-3D6E-9F04-0A50577BF503> /System/Library/Frameworks/CoreMedia.framework/Versions/A/CoreMedia
dyld[27785]: <A1DB5628-62E0-3262-AE91-0E6BB2B47888> /usr/lib/libSMC.dylib
dyld[27785]: <A1E8240E-FD7B-3524-815C-CA0C73E88D8B> /System/Library/PrivateFrameworks/WatchdogClient.framework/Versions/A/WatchdogClient
dyld[27785]: <0AD33CC9-75A1-359D-BC41-4EE25BE4F599> /System/Library/Frameworks/QuartzCore.framework/Versions/A/QuartzCore
dyld[27785]: <C3AA1BE3-C6A4-3A3B-ACDE-EFF9F71E2CA9> /System/Library/PrivateFrameworks/MultitouchSupport.framework/Versions/A/MultitouchSupport
dyld[27785]: <5E5AD849-5F4B-3A05-8265-7CBE97C713D6> /System/Library/PrivateFrameworks/BackBoardHIDTouchEventProcessor.framework/Versions/A/BackBoardHIDTouchEventProcessor
dyld[27785]: <1086A2D2-77A2-362C-9186-F501C0E009A3> /System/Library/PrivateFrameworks/Gestures.framework/Versions/A/Gestures
dyld[27785]: <C1617C4A-E1B7-3B86-A693-1F964E6896BC> /usr/lib/swift/libswiftAccelerate.dylib
dyld[27785]: <A6B25CE1-2227-3290-A960-960484D45949> /usr/lib/swift/libswiftCoreAudio.dylib
dyld[27785]: <948D61D3-EEFF-3965-B38D-97B4C357DA6B> /usr/lib/swift/libswiftMetal.dylib
dyld[27785]: <12AA5CDE-92E4-3E32-BE12-A02A3F2F40E1> /usr/lib/swift/libswiftOSLog.dylib
dyld[27785]: <17B1C771-8068-3FF8-9FB6-B8491B64428A> /usr/lib/swift/libswiftQuartzCore.dylib
dyld[27785]: <F78EA043-E494-3CD2-89B9-64406E28DECE> /usr/lib/swift/libswiftUniformTypeIdentifiers.dylib
dyld[27785]: <2718489B-4885-3D1E-BB9A-3B416EC5C09F> /usr/lib/swift/libswiftsimd.dylib
dyld[27785]: <351B3773-CA7C-3802-A966-C260E679DED5> /System/Library/PrivateFrameworks/BiomeStreams.framework/Versions/A/BiomeStreams
dyld[27785]: <A6769ED3-768E-3A67-BC1C-EA707415D195> /System/Library/PrivateFrameworks/BiomeStorage.framework/Versions/A/BiomeStorage
dyld[27785]: <79A19B7F-5379-3B44-9329-28A6379EA13A> /System/Library/PrivateFrameworks/BiomeFoundation.framework/Versions/A/BiomeFoundation
dyld[27785]: <8D3DF617-DFD7-3EE9-BE8E-A0C05D825494> /System/Library/PrivateFrameworks/IntelligencePlatformLibrary.framework/Versions/A/IntelligencePlatformLibrary
dyld[27785]: <872A3191-C967-39BE-A356-90D9A987D518> /System/Library/PrivateFrameworks/PoirotSchematizer.framework/Versions/A/PoirotSchematizer
dyld[27785]: <361A3D97-C7C0-3093-A61F-DE3D7A4063D2> /System/Library/PrivateFrameworks/BiomeSync.framework/Versions/A/BiomeSync
dyld[27785]: <2635BE19-8B1B-39AF-A665-88F43332702C> /System/Library/PrivateFrameworks/BiomeDSL.framework/Versions/A/BiomeDSL
dyld[27785]: <EBF27A0B-2672-3291-93D2-1A66A9A1B054> /System/Library/PrivateFrameworks/BiomePubSub.framework/Versions/A/BiomePubSub
dyld[27785]: <4BB6A049-3455-3C6B-87C4-F6C972D7B42A> /System/Library/PrivateFrameworks/LoggingSupport.framework/Versions/A/LoggingSupport
dyld[27785]: <6146BE9B-E60E-374B-B621-0E74558A2507> /System/Library/PrivateFrameworks/ProactiveSupport.framework/Versions/A/ProactiveSupport
dyld[27785]: <5F69CA4D-E5AC-3C47-8BF4-79377AB4C59C> /System/Library/PrivateFrameworks/PoirotUDFs.framework/Versions/A/PoirotUDFs
dyld[27785]: <2042E6BF-F2E7-31EA-B2B4-DC29E586A6E4> /System/Library/PrivateFrameworks/MobileAsset.framework/Versions/A/MobileAsset
dyld[27785]: <5FD1EA00-E28C-3D4B-8C9B-BF9B3EBAC180> /System/Library/PrivateFrameworks/MobileKeyBag.framework/Versions/A/MobileKeyBag
dyld[27785]: <B1CEC343-7EFE-34B0-9957-13CA8F84E6E7> /System/Library/PrivateFrameworks/InternationalTextSearch.framework/Versions/A/InternationalTextSearch
dyld[27785]: <85FB8C0D-F001-3B42-A54E-68C49D7D5544> /System/Library/PrivateFrameworks/SoftwareUpdateCoreSupport.framework/Versions/A/SoftwareUpdateCoreSupport
dyld[27785]: <7706404A-C96D-364A-A0D9-C94D3CB89310> /System/Library/PrivateFrameworks/SoftwareUpdateCoreConnect.framework/Versions/A/SoftwareUpdateCoreConnect
dyld[27785]: <3E7739CC-11DE-3C42-922A-9DA5CF617D35> /System/Library/PrivateFrameworks/StreamingZip.framework/Versions/A/StreamingZip
dyld[27785]: <38B38DB3-D096-350F-98C5-584AFD18BEB1> /System/Library/PrivateFrameworks/RemoteServiceDiscovery.framework/Versions/A/RemoteServiceDiscovery
dyld[27785]: <0052322E-F921-336D-8D8F-8D58D3EDA88F> /System/Library/PrivateFrameworks/MSUDataAccessor.framework/Versions/A/MSUDataAccessor
dyld[27785]: <BFF9CF08-5B46-3604-AC2E-DBCBDFB25C92> /usr/lib/libbootpolicy.dylib
dyld[27785]: <8CFCE656-45C2-3261-AD07-01E8FC30BFBD> /System/Library/PrivateFrameworks/UserManagement.framework/Versions/A/UserManagement
dyld[27785]: <50C4CA28-70F3-344F-B51D-09F99B82ED5F> /usr/lib/libpartition2_dynamic.dylib
dyld[27785]: <FF6413D5-371C-3304-8842-8755BF52C610> /System/Library/PrivateFrameworks/RemoteXPC.framework/Versions/A/RemoteXPC
dyld[27785]: <C9A0C46A-8C96-360A-A2FB-C09CBA08EF12> /usr/lib/libFDR.dylib
dyld[27785]: <500CC87D-7539-35AA-9340-BE380C10F261> /usr/lib/libamsupport.dylib
dyld[27785]: <CFB2509B-F722-39D6-B499-96D8304FA548> /System/Library/PrivateFrameworks/AppleDeviceQuerySupport.framework/Versions/A/AppleDeviceQuerySupport
dyld[27785]: <0620DFC4-188D-337F-9CE7-7E7581D5DA34> /System/Library/PrivateFrameworks/AggregateDictionary.framework/Versions/A/AggregateDictionary
dyld[27785]: <BB4A5F50-5A2A-379E-8B32-6C355113B4A8> /System/Library/PrivateFrameworks/PoirotSQLite.framework/Versions/A/PoirotSQLite
dyld[27785]: <2F623E7B-5D60-310B-9A5F-99AEEB7F99F0> /System/Library/PrivateFrameworks/CascadeSets.framework/Versions/A/CascadeSets
dyld[27785]: <4CFE984F-8269-3E71-A90C-49BCA5260ADA> /System/Library/PrivateFrameworks/AppSupport.framework/Versions/A/AppSupport
dyld[27785]: <FE30C2BA-AEDA-3367-9A71-4A891B0CF852> /System/Library/PrivateFrameworks/CorePhoneNumbers.framework/Versions/A/CorePhoneNumbers
dyld[27785]: <F3100855-B896-3883-A84C-F00B05BFDFCF> /System/Library/PrivateFrameworks/AppleJPEG.framework/Versions/A/AppleJPEG
dyld[27785]: <CEC9DC60-4CD3-30F5-89C6-003BBDB343D9> /usr/lib/libexpat.1.dylib
dyld[27785]: <994F31B9-1CE3-3180-A7B4-DC793DAF8163> /System/Library/Frameworks/ImageIO.framework/Versions/A/Resources/libPng.dylib
dyld[27785]: <1B6D06A5-DD28-30DD-ACEE-0B6CDDBAAF83> /System/Library/Frameworks/ImageIO.framework/Versions/A/Resources/libTIFF.dylib
dyld[27785]: <A7665B78-C5F1-3E32-80FE-F0DDABB0147B> /System/Library/Frameworks/ImageIO.framework/Versions/A/Resources/libGIF.dylib
dyld[27785]: <B55B0D78-6A33-3EB9-A8DE-526D63EEC82D> /System/Library/Frameworks/ImageIO.framework/Versions/A/Resources/libJP2.dylib
dyld[27785]: <1E30FD97-019E-3C42-BD00-34693222EDB1> /usr/lib/libate.dylib
dyld[27785]: <D749A789-F87E-3CDE-968F-96FC4586AC14> /System/Library/Frameworks/ImageIO.framework/Versions/A/Resources/libJPEG.dylib
dyld[27785]: <AB36C200-FED5-3FF0-A247-F22E96DBBEF7> /System/Library/Frameworks/ImageIO.framework/Versions/A/Resources/libRadiance.dylib
dyld[27785]: <CA5DFCE6-11FD-3B30-AFEA-86CE243C3B52> /usr/lib/swift/libswiftRegexBuilder.dylib
dyld[27785]: <257CDA78-154D-3C2B-957C-353FE744BA0D> /System/Library/PrivateFrameworks/GPUCompiler.framework/Versions/32023/Libraries/libllvm-flatbuffers.dylib
dyld[27785]: <539750B4-1A16-34CC-B740-059A44212494> /System/Library/PrivateFrameworks/FramePacing.framework/Versions/A/FramePacing
dyld[27785]: <37C0BC08-2C35-3CF5-91A6-D9773030A168> /System/Library/Frameworks/OpenGL.framework/Versions/A/Libraries/libCoreFSCache.dylib
dyld[27785]: <73E7DA57-8DE9-31CF-B2A7-C76AE86AFD95> /System/Library/PrivateFrameworks/GPUCompiler.framework/Versions/32023/Libraries/libGPUCompilerUtils.dylib
dyld[27785]: <7257DEA3-5564-37D5-8127-6B99B468086C> /System/Library/Frameworks/UniformTypeIdentifiers.framework/Versions/A/UniformTypeIdentifiers
dyld[27785]: <B268CD9F-4A49-3922-87B2-EF2E9D79C84A> /System/Library/Frameworks/ExtensionFoundation.framework/Versions/A/ExtensionFoundation
dyld[27785]: <E2F8ED73-2343-31CA-8ECD-E6AFF961F3F3> /System/Library/PrivateFrameworks/AppServerSupport.framework/Versions/A/AppServerSupport
dyld[27785]: <A99788CE-EB44-3D3D-9744-E3C954A60A9C> /System/Library/PrivateFrameworks/OSEligibility.framework/Versions/A/OSEligibility
dyld[27785]: <BE117579-A37D-334A-BB28-C92B631C70EA> /System/Library/Frameworks/LightweightCodeRequirements.framework/Versions/A/LightweightCodeRequirements
dyld[27785]: <4D893E1E-43E5-37EF-8107-54B591DB51FD> /System/Library/PrivateFrameworks/PlugInKit.framework/Versions/A/PlugInKit
dyld[27785]: <BFF9A39A-0993-32C8-97CA-F05123B6D637> /System/Library/PrivateFrameworks/AssertionServices.framework/Versions/A/AssertionServices
dyld[27785]: <5A1BDD04-B18E-3912-9495-D6A0E68C651D> /System/Library/Frameworks/OpenGL.framework/Versions/A/OpenGL
dyld[27785]: <EEF6CD71-D4F2-3E40-A384-182F8C759DBA> /System/Library/Frameworks/OpenGL.framework/Versions/A/Libraries/libGLU.dylib
dyld[27785]: <85288155-D6EA-3A26-8C67-B29B86DBC078> /System/Library/Frameworks/OpenGL.framework/Versions/A/Libraries/libGFXShared.dylib
dyld[27785]: <C8DC9856-2698-33F7-8504-DC487FC7A587> /System/Library/Frameworks/OpenGL.framework/Versions/A/Libraries/libGL.dylib
dyld[27785]: <5B5C65E1-9C6F-35E7-898B-262620A48732> /System/Library/Frameworks/OpenGL.framework/Versions/A/Libraries/libGLImage.dylib
dyld[27785]: <3EEBC175-D1EE-33ED-AC74-46CF9407BCCF> /System/Library/Frameworks/OpenGL.framework/Versions/A/Libraries/libCVMSPluginSupport.dylib
dyld[27785]: <905C5BF2-A3B1-33EB-866E-7531DA0C5F25> /System/Library/Frameworks/OpenGL.framework/Versions/A/Libraries/libCoreVMClient.dylib
dyld[27785]: <15B01036-B49F-3F5B-A707-160A9A966F85> /System/Library/Frameworks/OSLog.framework/Versions/A/OSLog
dyld[27785]: <A3261405-F7E6-33E8-B602-F974DBE7755E> /System/Library/Frameworks/CoreImage.framework/Versions/A/CoreImage
dyld[27785]: <99856DF2-43E3-3A8A-BA57-7FDE223BAC31> /System/Library/PrivateFrameworks/PhotosensitivityProcessing.framework/Versions/A/PhotosensitivityProcessing
dyld[27785]: <E4D8DF99-3893-3186-8111-30F76BA79BBE> /System/Library/PrivateFrameworks/TimeSync.framework/Versions/A/TimeSync
dyld[27785]: <292767C2-D857-3F86-9927-AFD76B94A9E8> /System/Library/Frameworks/OpenCL.framework/Versions/A/OpenCL
dyld[27785]: <A81CE161-2DEE-3874-857C-F62A3F52D546> /System/Library/PrivateFrameworks/GraphVisualizer.framework/Versions/A/GraphVisualizer
dyld[27785]: <978BFA5B-F1C1-3DF9-97EF-97D1939B833E> /System/Library/PrivateFrameworks/FontServices.framework/Versions/A/FontServices
dyld[27785]: <D990E4B5-60F8-312E-B601-14C9C229E467> /System/Library/PrivateFrameworks/OTSVG.framework/Versions/A/OTSVG
dyld[27785]: <0CB0E38A-C4C2-3D11-82E7-58E6D0521962> /System/Library/Frameworks/ApplicationServices.framework/Versions/A/Frameworks/ATS.framework/Versions/A/Resources/libFontRegistry.dylib
dyld[27785]: <915076EF-B8FE-3FCA-9F99-C8B057714C60> /usr/lib/libhvf.dylib
dyld[27785]: <407A0D0C-CAD7-3C21-AB16-A5B6A26672AD> /System/Library/PrivateFrameworks/ParsingInternal.framework/Versions/A/ParsingInternal
dyld[27785]: <03B97D75-2482-347A-A7FD-5A42CD05C821> /System/Library/PrivateFrameworks/FontServices.framework/libXTFontStaticRegistryData.dylib
dyld[27785]: <17646168-5B29-3666-8FAE-1DD76C0D8EAB> /System/Library/Frameworks/MetalPerformanceShaders.framework/Versions/A/Frameworks/MPSCore.framework/Versions/A/MPSCore
dyld[27785]: <3E61A2F0-BFA0-346E-9C32-7B6366909295> /System/Library/Frameworks/MetalPerformanceShaders.framework/Versions/A/Frameworks/MPSImage.framework/Versions/A/MPSImage
dyld[27785]: <5B76C886-9E0C-3454-A7F6-FB76175DB8FC> /System/Library/Frameworks/MetalPerformanceShaders.framework/Versions/A/Frameworks/MPSNeuralNetwork.framework/Versions/A/MPSNeuralNetwork
dyld[27785]: <6DFEEF33-43FF-3679-8A12-A23A82768E06> /System/Library/Frameworks/MetalPerformanceShaders.framework/Versions/A/Frameworks/MPSMatrix.framework/Versions/A/MPSMatrix
dyld[27785]: <5E06F6DE-332C-3C46-B225-278701805B44> /System/Library/Frameworks/MetalPerformanceShaders.framework/Versions/A/Frameworks/MPSRayIntersector.framework/Versions/A/MPSRayIntersector
dyld[27785]: <530AFC24-8A84-3B7A-9601-9608EA68391C> /System/Library/Frameworks/MetalPerformanceShaders.framework/Versions/A/Frameworks/MPSNDArray.framework/Versions/A/MPSNDArray
dyld[27785]: <3C6622F5-AB60-3265-826E-BCA11E76B3C9> /System/Library/Frameworks/MetalPerformanceShaders.framework/Versions/A/Frameworks/MPSFunctions.framework/Versions/A/MPSFunctions
dyld[27785]: <34C6F278-549D-3DBF-B88F-0591576512C3> /System/Library/Frameworks/MetalPerformanceShaders.framework/Versions/A/Frameworks/MPSBenchmarkLoop.framework/Versions/A/MPSBenchmarkLoop
dyld[27785]: <68535808-29A7-3C3B-9A6F-65358A8DECAD> /System/Library/Frameworks/MetalPerformanceShaders.framework/Versions/A/Frameworks/MPSHost.framework/Versions/A/MPSHost
dyld[27785]: <A21482D3-238A-3B8C-B9BF-0D03C46838BA> /System/Library/PrivateFrameworks/MetalTools.framework/Versions/A/MetalTools
dyld[27785]: <4C88B61F-FAA2-3AD1-8071-964F431680EF> /System/Library/PrivateFrameworks/MTL3On4.framework/Versions/A/MTL3On4
dyld[27785]: <9708579B-01E6-37FD-833F-BF8B65BC1CD9> /System/Library/PrivateFrameworks/IOAccelMemoryInfo.framework/Versions/A/IOAccelMemoryInfo
dyld[27785]: <331AC831-6827-362F-ACEE-EFE5C659A704> /System/Library/PrivateFrameworks/kperf.framework/Versions/A/kperf
dyld[27785]: <6B32B025-E4AC-3DBB-82A0-00C207DE3E9A> /System/Library/PrivateFrameworks/GPURawCounter.framework/Versions/A/GPURawCounter
dyld[27785]: <3033C83E-4D72-387E-BCE1-40B939E40FE1> /System/Library/PrivateFrameworks/IOKitten.framework/Versions/A/IOKitten
dyld[27785]: <BC05C7BC-39DB-3B80-BD79-9E0CF91CF33F> /System/Library/PrivateFrameworks/GraphicsServices.framework/Versions/A/GraphicsServices
dyld[27785]: <6F894094-DB42-3AC6-A636-A0015BD59420> /System/Library/PrivateFrameworks/GPUWrangler.framework/Versions/A/GPUWrangler
dyld[27785]: <387FE772-E201-30A4-9821-921F933E1C32> /System/Library/PrivateFrameworks/IOPresentment.framework/Versions/A/IOPresentment
dyld[27785]: <AE90E5E9-AFCB-355A-9F1E-F07059234C3C> /System/Library/PrivateFrameworks/DSExternalDisplay.framework/Versions/A/DSExternalDisplay
dyld[27785]: <142B5394-5EF4-3DB5-8338-21142138F677> /System/Library/PrivateFrameworks/VideoToolboxParavirtualizationSupport.framework/Versions/A/VideoToolboxParavirtualizationSupport
dyld[27785]: <DEC7945F-002C-38A7-B953-8BE56978396B> /System/Library/PrivateFrameworks/AppleVA.framework/Versions/A/AppleVA
dyld[27785]: <6805618D-047A-3C18-81FB-97E125C28BB2> /System/Library/PrivateFrameworks/CMCaptureCore.framework/Versions/A/CMCaptureCore
dyld[27785]: <33B3AF2C-F0FF-35F2-AAD1-2EF022499FA3> /usr/lib/libspindump.dylib
dyld[27785]: <841E8C95-2A2D-38A2-B853-8515D77D35C8> /System/Library/Frameworks/CoreAudio.framework/Versions/A/CoreAudio
dyld[27785]: <90A1C830-262E-3EE3-8447-01920F98415D> /System/Library/PrivateFrameworks/PowerLog.framework/Versions/A/PowerLog
dyld[27785]: <817C9244-399D-3772-9C13-72E2615D6F13> /System/Library/PrivateFrameworks/perfdata.framework/Versions/A/perfdata
dyld[27785]: <ED900A02-C2C6-3D27-91F3-6CF8F49E215D> /System/Library/PrivateFrameworks/AudioDSPGraph.framework/Versions/A/AudioDSPGraph
dyld[27785]: <D49534DE-23DB-3DF8-9E57-CF109A0E0487> /System/Library/PrivateFrameworks/AudioToolboxCore.framework/Versions/A/AudioToolboxCore
dyld[27785]: <721501E5-6354-3993-8513-C0B082F99154> /System/Library/PrivateFrameworks/caulk.framework/Versions/A/caulk
dyld[27785]: <947C4A72-B340-36F8-9CA3-9B6FB05956E1> /usr/lib/libAudioStatistics.dylib
dyld[27785]: <AD7D739F-76E6-3D58-BED7-BE7837085D30> /System/Library/PrivateFrameworks/SystemPolicy.framework/Versions/A/SystemPolicy
dyld[27785]: <993FDB0F-6C99-311F-B623-3260507145CF> /usr/lib/swift/libswiftCoreMIDI.dylib
dyld[27785]: <F4D9E702-2926-3C27-BF5F-6938A6A2DB8D> /System/Library/Frameworks/CoreMIDI.framework/Versions/A/CoreMIDI
dyld[27785]: <EFAB9F63-ADCA-3368-8C5A-EBE60BFCB8F8> /usr/lib/libperfcheck.dylib
dyld[27785]: <098255BA-32F4-3596-8584-D965FB16AEB9> /System/Library/PrivateFrameworks/AudioAnalytics.framework/Versions/A/AudioAnalytics
dyld[27785]: <BF49B46A-B64A-3017-B6FB-CAF616D2E631> /usr/lib/libmis.dylib
dyld[27785]: <F7A5EF62-DA8F-3FD4-B89E-409F16DD1F34> /System/Library/PrivateFrameworks/HIDDisplay.framework/Versions/A/HIDDisplay
dyld[27785]: <A10B4E46-70E2-361B-9449-4AFFDB1EBAFD> /System/Library/PrivateFrameworks/HID.framework/Versions/A/HID
dyld[27785]: <CBB688F9-32AB-327F-98A3-A2B9FB8CB29F> /System/Library/PrivateFrameworks/TextInput.framework/Versions/A/TextInput
dyld[27785]: <AE2DE6A1-DB51-3BF1-9BC6-3EC89B1DD2A3> /System/Library/PrivateFrameworks/CVNLP.framework/Versions/A/CVNLP
dyld[27785]: <77AFED3B-48BE-3018-B802-81E5DF334675> /System/Library/PrivateFrameworks/LanguageModeling.framework/Versions/A/LanguageModeling
dyld[27785]: <C63045E7-84CA-3E9A-90E1-282C92A6C601> /System/Library/PrivateFrameworks/DataDetectorsCore.framework/Versions/A/DataDetectorsCore
dyld[27785]: <84633B20-A721-3A05-A852-EEB2B2AFE71F> /System/Library/PrivateFrameworks/Futhark.framework/Versions/A/Futhark
dyld[27785]: <961FBB9E-EA7A-304D-B367-5C1A3AEA9B99> /System/Library/PrivateFrameworks/VisionCore.framework/Versions/A/VisionCore
dyld[27785]: <44F1BE31-5290-37C5-AB06-F9EDC95F5D6E> /System/Library/PrivateFrameworks/LinguisticData.framework/Versions/A/LinguisticData
dyld[27785]: <AA4E282F-B20A-3621-89CC-6C754797CD84> /System/Library/Frameworks/CoreML.framework/Versions/A/CoreML
dyld[27785]: <AEF65684-CCBA-320F-84F9-539379A3DBAB> /System/Library/Frameworks/NaturalLanguage.framework/Versions/A/NaturalLanguage
dyld[27785]: <B1E45316-860C-3144-9A30-F18EB7E1AE27> /System/Library/PrivateFrameworks/Espresso.framework/Versions/A/Espresso
dyld[27785]: <E8FBFD1B-74F0-371A-A315-DE4A7C00BBF9> /System/Library/PrivateFrameworks/Lexicon.framework/Versions/A/Lexicon
dyld[27785]: <47558A3F-2BAC-3921-B5FB-A7608347263A> /System/Library/Frameworks/DataDetection.framework/Versions/A/DataDetection
dyld[27785]: <3CFAEB78-F004-38DB-9CC6-58DB7A907A61> /System/Library/PrivateFrameworks/AppleNeuralEngine.framework/Versions/A/AppleNeuralEngine
dyld[27785]: <B8F45647-CF81-3569-B623-69FB7154B44A> /usr/lib/swift/libswiftCoreImage.dylib
dyld[27785]: <15B107F6-CE74-3068-A579-D18393EE7CA3> /usr/lib/swift/libswiftMLCompute.dylib
dyld[27785]: <6EC0FA30-EDBA-36FF-92E3-3A9A6BB04F5D> /usr/lib/swift/libswiftNaturalLanguage.dylib
dyld[27785]: <AD161A31-83B0-3086-8BFD-83E60B0D56B3> /System/Library/PrivateFrameworks/InternationalSupport.framework/Versions/A/InternationalSupport
dyld[27785]: <E8E1B645-35AB-36AE-90AA-08525F1369F4> /System/Library/PrivateFrameworks/CMPhoto.framework/Versions/A/CMPhoto
dyld[27785]: <63807678-66DD-38C0-B6B5-537AF33BC5B4> /System/Library/Frameworks/MediaToolbox.framework/Versions/A/MediaToolbox
dyld[27785]: <90444795-D8B0-3B5A-9771-6A7BEBABCFA7> /System/Library/PrivateFrameworks/Montreal.framework/Versions/A/Montreal
dyld[27785]: <8D2DEB18-942B-365D-BB7A-17373D21D47A> /System/Library/PrivateFrameworks/ByteMatrixVerification.framework/Versions/A/ByteMatrixVerification
dyld[27785]: <C2D5CDE0-EED3-3982-AD60-111FD7240741> /usr/lib/libFDRDecode.dylib
dyld[27785]: <F7E2A0E7-EE96-3EB5-B1D8-ED585046BBB9> /System/Library/PrivateFrameworks/AppleJPEGXL.framework/Versions/A/AppleJPEGXL
dyld[27785]: <4BEF4480-2A14-3E5F-A072-2093CDC92E45> /System/Library/Frameworks/CryptoKit.framework/Versions/A/CryptoKit
dyld[27785]: <ADF3D781-AD06-3443-9D41-322930384F56> /usr/lib/swift/libswiftCompression.dylib
dyld[27785]: <B41605FE-3861-34CB-B566-5E0E723FFA1C> /System/Library/PrivateFrameworks/CryptoKitPrivate.framework/Versions/A/CryptoKitPrivate
dyld[27785]: <A19F34CD-B02D-3108-B5FE-56F9713FD303> /System/Library/PrivateFrameworks/CryptoKitCBridging.framework/Versions/A/CryptoKitCBridging
dyld[27785]: <AF9CF31C-DD15-3A4D-AA5A-EC0B1BF5D30D> /System/Library/Frameworks/CryptoTokenKit.framework/Versions/A/CryptoTokenKit
dyld[27785]: <0FE07D84-AAF0-3468-8B09-81CFBDE17CB7> /System/Library/Frameworks/LocalAuthentication.framework/Versions/A/LocalAuthentication
dyld[27785]: <7B463B6F-6F1A-3C56-A750-D3B219159803> /System/Library/Frameworks/OpenDirectory.framework/Versions/A/OpenDirectory
dyld[27785]: <CC36DBBE-87E2-30A8-91A1-8FAF538B612C> /System/Library/PrivateFrameworks/LocalAuthenticationCore.framework/Versions/A/LocalAuthenticationCore
dyld[27785]: <171BA905-31E4-3676-931A-8C664EE9E082> /System/Library/PrivateFrameworks/LocalAuthenticationCredentialServices.framework/Versions/A/LocalAuthenticationCredentialServices
dyld[27785]: <BBE9191E-4B57-3C6B-9101-079C733F1C51> /System/Library/Frameworks/LocalAuthentication.framework/Support/SharedUtils.framework/Versions/A/SharedUtils
dyld[27785]: <76B1549A-4465-306F-9973-CC308D5F2823> /System/Library/PrivateFrameworks/DFRFoundation.framework/Versions/A/DFRFoundation
dyld[27785]: <AABD02FA-1F30-382C-9923-D4EC57D0BC69> /System/Library/PrivateFrameworks/DiskManagement.framework/Versions/A/DiskManagement
dyld[27785]: <527609C4-382A-368F-8CD6-5B3F2439B02C> /usr/lib/libcsfde.dylib
dyld[27785]: <9BE2B7B1-1E38-3462-8B1E-9275D5959679> /usr/lib/libCoreStorage.dylib
dyld[27785]: <3A8A9B4A-8B63-34EE-BD87-A34132BE3BC6> /System/Library/PrivateFrameworks/MediaKit.framework/Versions/A/MediaKit
dyld[27785]: <EB8ECED3-E112-3FCA-B394-62B74BA320EE> /System/Library/Frameworks/DiscRecording.framework/Versions/A/DiscRecording
dyld[27785]: <DF8CC588-5743-39D3-9A88-D3B370A175DD> /System/Library/PrivateFrameworks/ProtectedCloudStorage.framework/Versions/A/ProtectedCloudStorage
dyld[27785]: <5A580638-19C0-32E9-9A75-2956B04F8CC6> /System/Library/PrivateFrameworks/EFILogin.framework/Versions/A/EFILogin
dyld[27785]: <769A50BA-A8FB-314D-86A0-3AD2901A0708> /System/Library/PrivateFrameworks/AAAFoundation.framework/Versions/A/AAAFoundation
dyld[27785]: <0387B274-4C88-3D85-883F-E8F075E82EB4> /System/Library/Frameworks/Accounts.framework/Versions/A/Accounts
dyld[27785]: <A16082B4-AD51-3DCE-9C9E-FDB5602CC21A> /System/Library/PrivateFrameworks/CloudServices.framework/Versions/A/CloudServices
dyld[27785]: <605AFA6E-A8B0-327B-9089-608CA148CAD8> /System/Library/PrivateFrameworks/OctagonTrust.framework/Versions/A/OctagonTrust
dyld[27785]: <35BB52C0-B1AD-3EE5-96E2-53D6B1951B93> /System/Library/PrivateFrameworks/AppleIDAuthSupport.framework/Versions/A/AppleIDAuthSupport
dyld[27785]: <159AF37E-0867-3D07-A69E-824BD8903716> /System/Library/Frameworks/SecurityFoundation.framework/Versions/A/SecurityFoundation
dyld[27785]: <0C129C74-2E37-310A-A8E6-8AC4ADAD0AAA> /System/Library/PrivateFrameworks/KeychainCircle.framework/Versions/A/KeychainCircle
dyld[27785]: <C9FF5385-781F-33DC-9C13-1FFCFC468648> /System/Library/PrivateFrameworks/AuthKit.framework/Versions/A/AuthKit
dyld[27785]: <12579D2E-6604-3544-84E6-FB8979E3559D> /System/Library/PrivateFrameworks/MultiverseSupport.framework/Versions/A/MultiverseSupport
dyld[27785]: <0255A015-1B74-3375-8F24-D31E9C2EC9DA> /System/Library/PrivateFrameworks/URLFormatting.framework/Versions/A/URLFormatting
dyld[27785]: <7653D810-0E5D-3C66-82BC-E1512B9C9F77> /System/Library/Frameworks/AudioToolbox.framework/Versions/A/AudioToolbox
dyld[27785]: <4EE95459-2749-3BC5-A994-742A10E7C348> /System/Library/PrivateFrameworks/AudioSession.framework/Versions/A/AudioSession
dyld[27785]: <8FDD8E92-0733-3307-B8A3-8B24D72200AE> /System/Library/PrivateFrameworks/MediaExperience.framework/Versions/A/MediaExperience
dyld[27785]: <D633876D-96AC-3E60-B39A-EE31432E0895> /System/Library/PrivateFrameworks/AudioSession.framework/libSessionUtility.dylib
dyld[27785]: <45892799-7C1B-354A-9DA9-4DB3AF6F6619> /System/Library/PrivateFrameworks/AudioAccessoryServices.framework/Versions/A/AudioAccessoryServices
dyld[27785]: <D720EC05-3D61-36F4-9D43-66C2E8F4C33F> /System/Library/Frameworks/CoreBluetooth.framework/Versions/A/CoreBluetooth
dyld[27785]: <5242566F-399F-3413-8527-9E07EAA30FA5> /System/Library/PrivateFrameworks/CoreUtils.framework/Versions/A/CoreUtils
dyld[27785]: <A67F066D-DD49-3C07-9A00-7B29AC4929F2> /System/Library/PrivateFrameworks/Sharing.framework/Versions/A/Sharing
dyld[27785]: <0CAE9BCA-0D1B-3C12-A633-9F32EE9C63A0> /System/Library/PrivateFrameworks/CoreUtilsExtras.framework/Versions/A/CoreUtilsExtras
dyld[27785]: <467E4D50-66AF-32AF-BF16-FABBB69358A1> /System/Library/PrivateFrameworks/IO80211.framework/Versions/A/IO80211
dyld[27785]: <B5D6F1E0-D8E9-382F-8CC0-5E73DED9E4E8> /System/Library/PrivateFrameworks/AutoUnlock.framework/Versions/A/AutoUnlock
dyld[27785]: <2B4D5780-E640-3452-BE02-324F33BABCEE> /System/Library/PrivateFrameworks/IDSFoundation.framework/Versions/A/IDSFoundation
dyld[27785]: <29732E9A-6649-348E-8B06-8DFE3282AF52> /System/Library/PrivateFrameworks/IconServices.framework/Versions/A/IconServices
dyld[27785]: <2DCC8AA2-3642-37AA-906A-CDB18D421495> /System/Library/PrivateFrameworks/Apple80211.framework/Versions/A/Apple80211
dyld[27785]: <9A6F1D46-9554-34FE-9814-584B1442C82F> /System/Library/PrivateFrameworks/CoreWiFi.framework/Versions/A/CoreWiFi
dyld[27785]: <1A32F012-DF6F-3ED9-A869-57A59484364A> /System/Library/Frameworks/CoreWLAN.framework/Versions/A/CoreWLAN
dyld[27785]: <0F8909E8-5FEB-30F4-9F0C-452BA0426366> /System/Library/Frameworks/IOBluetooth.framework/Versions/A/IOBluetooth
dyld[27785]: <15E2350E-1E7F-3101-B816-E0438873739E> /System/Library/PrivateFrameworks/SharingCore.framework/Versions/A/SharingCore
dyld[27785]: <BC7BFCF2-2120-3313-A501-81E5E2030022> /usr/lib/swift/libswiftCoreLocation.dylib
dyld[27785]: <4484AE3C-DD6E-3D6E-B682-78031760A8DC> /System/Library/PrivateFrameworks/BiometricKit.framework/Versions/A/BiometricKit
dyld[27785]: <EA313BBC-AAAB-3716-96FA-D224A66180A9> /System/Library/PrivateFrameworks/IMFoundation.framework/Versions/A/IMFoundation
dyld[27785]: <1C5863F1-C561-3D38-8076-718C228371A4> /System/Library/PrivateFrameworks/Marco.framework/Versions/A/Marco
dyld[27785]: <C9B179FF-3071-35D9-B3CE-932C1845FA53> /System/Library/PrivateFrameworks/CommonUtilities.framework/Versions/A/CommonUtilities
dyld[27785]: <1B54007D-5CC2-3424-8101-F06E4C9201EF> /System/Library/PrivateFrameworks/Engram.framework/Versions/A/Engram
dyld[27785]: <DDCCA426-41C2-33FC-92D5-810AF76E1702> /System/Library/PrivateFrameworks/XPCDistributed.framework/Versions/A/XPCDistributed
dyld[27785]: <60F263CC-53CC-3454-A069-5C50D9D16D19> /usr/lib/libtidy.A.dylib
dyld[27785]: <6E40173C-0E6F-350B-832B-BD14D3552376> /System/Library/PrivateFrameworks/Bom.framework/Versions/A/Bom
dyld[27785]: <50396DE2-F322-317E-9ED6-FBD03C6DEC07> /usr/lib/libParallelCompression.dylib
dyld[27785]: <56CA8F0D-7FDF-38DD-9B54-C141FAEA16D4> /System/Library/PrivateFrameworks/IconFoundation.framework/Versions/A/IconFoundation
dyld[27785]: <FD60E3A6-E6B6-3F30-888C-E3C7C2795522> /System/Library/PrivateFrameworks/SiriAvailability.framework/Versions/A/SiriAvailability
dyld[27785]: <2E100945-8CFA-3D2B-B98B-346599B9AA7D> /System/Library/PrivateFrameworks/IconRendering.framework/Versions/A/IconRendering
dyld[27785]: <60DF4BCA-CAB3-3E8D-949E-F4999B9F65AB> /System/Library/PrivateFrameworks/CoreUI.framework/Versions/A/CoreUI
dyld[27785]: <51EDA369-341F-3AAA-84D9-354FAC00A73D> /System/Library/PrivateFrameworks/SFSymbols.framework/Versions/A/SFSymbols
dyld[27785]: <0CEB8553-8176-3B75-BCC3-B98FD7B64222> /System/Library/Frameworks/DeveloperToolsSupport.framework/Versions/A/DeveloperToolsSupport
dyld[27785]: <D0756662-35F8-3277-89DA-20FFABC3912B> /System/Library/PrivateFrameworks/RenderBox.framework/Versions/A/RenderBox
dyld[27785]: <BFAE1E75-29E4-33ED-8E0E-3CFCAF6A5B44> /System/Library/PrivateFrameworks/CoreSVG.framework/Versions/A/CoreSVG
dyld[27785]: <77C5ABD2-6C4C-388B-BBA5-367439EB7A43> /System/Library/PrivateFrameworks/TextureIO.framework/Versions/A/TextureIO
dyld[27785]: <1C8E48C6-0401-396B-A010-1ECE51273DFC> /System/Library/PrivateFrameworks/WallpaperServices.framework/Versions/A/WallpaperServices
dyld[27785]: <853DEB4C-3BD6-36C7-8239-9107D89EA9C4> /System/Library/Frameworks/ApplicationServices.framework/Versions/A/Frameworks/ATSUI.framework/Versions/A/ATSUI
dyld[27785]: <9B2BB676-BE90-345E-8A8A-BEA1676AB68B> /usr/lib/libIOReport.dylib
dyld[27785]: <C2CE1513-E864-34FE-9C4C-001F9E0513CC> /System/Library/PrivateFrameworks/WiFiPeerToPeer.framework/Versions/A/WiFiPeerToPeer
dyld[27785]: <5839CD39-6FDD-3C38-9824-ACE3C0CF481D> /usr/lib/libmrc.dylib
dyld[27785]: <2301FE73-C531-3885-B40F-4738EE870E90> /System/Library/PrivateFrameworks/IPConfiguration.framework/Versions/A/IPConfiguration
dyld[27785]: <0C6D9FA0-04A6-3D85-B75A-4DF17EC09F8C> /System/Library/PrivateFrameworks/Netrb.framework/Versions/A/Netrb
dyld[27785]: <F903486D-99F2-36D4-8A40-0B5BCC1B2185> /System/Library/PrivateFrameworks/FrontBoardServices.framework/Versions/A/FrontBoardServices
dyld[27785]: <907B748E-473A-3849-BFD2-07DA41ECC310> /System/Library/Frameworks/UserNotifications.framework/Versions/A/UserNotifications
dyld[27785]: <6329118D-9F82-35CD-8F38-BF2E9164D2C9> /System/Library/Frameworks/AudioUnit.framework/Versions/A/AudioUnit
dyld[27785]: <2F38131E-65D3-3A73-BC81-5C11E4112219> /System/Library/Frameworks/OpenDirectory.framework/Versions/A/Frameworks/CFOpenDirectory.framework/Versions/A/CFOpenDirectory
dyld[27785]: <CF70348E-0296-3DBB-8D53-3E62A0D85EE3> /System/Library/Frameworks/CoreLocation.framework/Versions/A/CoreLocation
dyld[27785]: <34711F94-0941-34BA-996A-A8BB638EE164> /System/Library/Frameworks/_LocationEssentials.framework/Versions/A/_LocationEssentials
dyld[27785]: <5C3AB432-E7AC-3921-941B-0E89A7E6AFD5> /System/Library/PrivateFrameworks/GeoServices.framework/Versions/A/GeoServices
dyld[27785]: <7EFFF158-298B-325B-8314-F5BA8D7E3FED> /System/Library/PrivateFrameworks/LocationSupport.framework/Versions/A/LocationSupport
dyld[27785]: <CDAEADC8-8B91-3B94-9E0A-69AFFC3CB2D4> /System/Library/PrivateFrameworks/GeoServicesCore.framework/Versions/A/GeoServicesCore
dyld[27785]: <784A1908-25BF-3DB1-8B68-29B5A287C006> /System/Library/PrivateFrameworks/PhoneNumbers.framework/Versions/A/PhoneNumbers
dyld[27785]: <360ED100-A72C-3BFB-B101-810AC55C83BF> /System/Library/PrivateFrameworks/LocationLogEncryption.framework/Versions/A/LocationLogEncryption
dyld[27785]: <11C5EEC2-C956-3593-B8D4-7066BFB3512A> /System/Library/PrivateFrameworks/CoreAVCHD.framework/Versions/A/CoreAVCHD
dyld[27785]: <053FCEB1-DB3A-3E10-A847-50BBA8A87DA1> /System/Library/Frameworks/MediaAccessibility.framework/Versions/A/MediaAccessibility
dyld[27785]: <4EA93E87-F43D-36BF-809B-71C5E586F8B7> /System/Library/PrivateFrameworks/Mangrove.framework/Versions/A/Mangrove
dyld[27785]: <612C6422-6995-3705-9828-80746E6AE585> /System/Library/Frameworks/CoreTelephony.framework/Versions/A/CoreTelephony
dyld[27785]: <3D9400FD-DE08-369B-B198-8F469BF2B8BC> /System/Library/PrivateFrameworks/CoreAUC.framework/Versions/A/CoreAUC
dyld[27785]: <75EDE623-3DF9-3496-8B40-816490D812F9> /usr/lib/libTelephonyUtilDynamic.dylib
dyld[27785]: <5D868430-6DA7-3AF8-8CEE-2DEB15F4B192> /System/Library/PrivateFrameworks/CoreEmoji.framework/Versions/A/CoreEmoji
dyld[27785]: <E73478C8-8F83-3240-BD7C-9CC3A10045D0> /System/Library/PrivateFrameworks/ANECompiler.framework/Versions/A/ANECompiler
dyld[27785]: <6CFEF06D-3736-3ED1-8AD0-3D572BA40B7C> /System/Library/PrivateFrameworks/MIL.framework/Versions/A/MIL
dyld[27785]: <029BDE56-B432-3A93-B3A3-2077CBFB41D5> /System/Library/Frameworks/MetalPerformanceShadersGraph.framework/Versions/A/MetalPerformanceShadersGraph
dyld[27785]: <47F79F7A-7249-387B-A7A3-71E3EC827D35> /System/Library/PrivateFrameworks/MLCompilerServices.framework/Versions/A/MLCompilerServices
dyld[27785]: <8A3F4B2F-7D15-3502-A3E0-DFB638C2869B> /System/Library/PrivateFrameworks/ANEServices.framework/Versions/A/ANEServices
dyld[27785]: <76CE7CC7-FD55-3502-B779-4A91DD18FF5D> /usr/lib/libncurses.5.4.dylib
dyld[27785]: <8778B0B0-B0F5-392F-80F8-C887E9681637> /usr/lib/libsandbox.1.dylib
dyld[27785]: <A2A9BDCC-3899-3B83-9EC0-AEC976B982D8> /usr/lib/libMatch.1.dylib
dyld[27785]: <FB7857DE-3E3F-3C90-B036-8DD0455D0D08> /System/Library/SubFrameworks/CoreAIRuntime.framework/Versions/A/CoreAIRuntime
dyld[27785]: <104F010A-E00F-39A2-9F9C-CAB2CC58BA3D> /System/Library/SubFrameworks/CoreAICompiler.framework/Versions/A/CoreAICompiler
dyld[27785]: <9E341275-2A38-3485-98D7-29164C4B037B> /System/Library/SubFrameworks/CoreAICommon.framework/Versions/A/CoreAICommon
dyld[27785]: <67D8CBCF-BBE3-3EB9-9469-2E6E5B785B4D> /System/Library/PrivateFrameworks/ODIE.framework/Versions/A/ODIE
dyld[27785]: <AB3C7545-E8B1-3AF8-9A7D-D202DD418B87> /System/Library/PrivateFrameworks/ODIE.framework/Versions/A/Frameworks/libODIECompiler.dylib
dyld[27785]: <E3C98A58-B2AF-34E1-AEE1-D45EF4277C3A> /System/Library/PrivateFrameworks/MLCompilerRuntime.framework/Versions/A/MLCompilerRuntime
dyld[27785]: <552048BA-26FF-33F4-B930-BD7BA6AE144E> /System/Library/Frameworks/MLCompute.framework/Versions/A/MLCompute
dyld[27785]: <DF80DDDA-A31F-34DE-B7DF-F539753D01F2> /System/Library/PrivateFrameworks/MLAssetIO.framework/Versions/A/MLAssetIO
dyld[27785]: <AE3C698D-3483-385B-8779-376AA375E626> /usr/lib/libcmph.dylib
dyld[27785]: <7DBD644B-7057-3040-8EA7-6AA373EF6580> /System/Library/Frameworks/AVFoundation.framework/Versions/A/AVFoundation
dyld[27785]: <E6AD61A0-C5EC-353E-961A-F3EF577BEB85> /System/Library/Frameworks/AVFAudio.framework/Versions/A/AVFAudio
dyld[27785]: <7FDE88CB-E3AF-3C12-A702-D3C4F45451DE> /System/Library/PrivateFrameworks/AVFCore.framework/Versions/A/AVFCore
dyld[27785]: <B3079358-30B4-38A2-9E0F-0A53D4E92A06> /System/Library/PrivateFrameworks/AVFCapture.framework/Versions/A/AVFCapture
dyld[27785]: <B1F0F27E-9C2E-3484-8281-E08E0A587628> /System/Library/Frameworks/AVRouting.framework/Versions/A/AVRouting
dyld[27785]: <177C6363-8B15-3241-AA4C-3A136A1ADF9D> /System/Library/PrivateFrameworks/IsolatedCoreAudioClient.framework/Versions/A/IsolatedCoreAudioClient
dyld[27785]: <17F45734-E410-3651-83FB-6F4F72793016> /System/Library/PrivateFrameworks/Tightbeam.framework/Versions/A/Tightbeam
dyld[27785]: <C53B71E8-ACFF-36B6-9AE2-B19300E7EFD2> /System/Library/PrivateFrameworks/CoreAudioOrchestration.framework/Versions/A/CoreAudioOrchestration
dyld[27785]: <0598C108-FF3F-3E39-965A-93157CE836D1> /System/Library/PrivateFrameworks/AFKUser.framework/Versions/A/AFKUser
dyld[27785]: <3D3A9F4D-CA58-3FC3-913D-8075FE8B295A> /usr/lib/libAccessibility.dylib
dyld[27785]: <55D2FFAA-71A5-32A9-A873-3BC601CB8270> /System/Library/PrivateFrameworks/CMCapture.framework/Versions/A/CMCapture
dyld[27785]: <65F8A024-2225-3A19-BFFE-5851DE039386> /System/Library/PrivateFrameworks/CMImaging.framework/Versions/A/CMImaging
dyld[27785]: <57F8689D-358E-3F3D-99C8-DF20BA88E009> /System/Library/PrivateFrameworks/Quagga.framework/Versions/A/Quagga
dyld[27785]: <42FA413D-F41D-3EBA-A004-1A4BF131836F> /System/Library/Frameworks/CoreMediaIO.framework/Versions/A/CoreMediaIO
dyld[27785]: <034A20DE-D152-357C-A054-77A4FAFEFEEC> /System/Library/PrivateFrameworks/CMCaptureDevice.framework/Versions/A/CMCaptureDevice
dyld[27785]: <3208EA72-418C-3925-9B1B-63C6C4D6BED7> /System/Library/PrivateFrameworks/CinematicFraming.framework/Versions/A/CinematicFraming
dyld[27785]: <3AE4DEFB-4D32-3CB0-B374-99196B4278DA> /System/Library/PrivateFrameworks/ModelManagerServices.framework/Versions/A/ModelManagerServices
dyld[27785]: <B8147487-55D3-37E7-B3EA-CCC0F73F862D> /System/Library/Frameworks/CoreMotion.framework/Versions/A/CoreMotion
dyld[27785]: <DDD3E07F-7C08-3CD1-AB49-E92A1750A62C> /System/Library/PrivateFrameworks/DistributedSensing.framework/Versions/A/DistributedSensing
dyld[27785]: <C6BB1755-D0C6-32CD-88CC-A5B56EE50645> /System/Library/PrivateFrameworks/MobileBluetooth.framework/Versions/A/MobileBluetooth
dyld[27785]: <27091226-02BD-3686-BF0E-085096893D67> /System/Library/PrivateFrameworks/Rapport.framework/Versions/A/Rapport
dyld[27785]: <0F31BAE7-B2B6-3BCB-B2C6-B239449E2734> /System/Library/PrivateFrameworks/AppleIntelligenceReporting.framework/Versions/A/AppleIntelligenceReporting
dyld[27785]: <5DF01521-DA21-3FA2-9581-1D814B129B76> /usr/lib/libcups.2.dylib
dyld[27785]: <36818586-0927-335D-94A6-FACA52DAD4EF> /System/Library/Frameworks/Kerberos.framework/Versions/A/Kerberos
dyld[27785]: <778B1AA4-BAD7-376F-B3D2-9E4351381EB6> /System/Library/Frameworks/GSS.framework/Versions/A/GSS
dyld[27785]: <7A5E3B41-E1A5-31B8-8305-00D4886ADD73> /usr/lib/libresolv.9.dylib
dyld[27785]: <65B96FD7-F535-3837-ABC1-EE1D5A60ABDB> /System/Library/PrivateFrameworks/Heimdal.framework/Versions/A/Heimdal
dyld[27785]: <7B620A28-EDAD-3A85-9119-1E2B416CE165> /System/Library/Frameworks/Kerberos.framework/Versions/A/Libraries/libHeimdalProxy.dylib
dyld[27785]: <4784BF83-DC78-3E97-9A01-C529A57BBEFA> /System/Library/PrivateFrameworks/CommonAuth.framework/Versions/A/CommonAuth
dyld[27785]: <984C45FC-1DE2-3439-B962-8EAD027A77AB> /System/Library/PrivateFrameworks/AXCoreUtilities.framework/Versions/A/AXCoreUtilities
dyld[27785]: <FD85C228-E13C-34F9-9D7D-C0712CAFB078> /usr/lib/libedit.3.dylib
dyld[27785]: <A2032F2C-B284-348F-BDFC-381250C87359> /System/Library/PrivateFrameworks/AttributeGraph.framework/Versions/A/AttributeGraph
dyld[27785]: <C084AEF8-370C-3E7E-B6BF-DA09B3A6CA0C> /usr/lib/libAXSafeCategoryBundle.dylib
dyld[27785]: <41699BFD-38D3-3314-8B07-D89CB3314E07> /System/Library/Frameworks/TabularData.framework/Versions/A/TabularData
dyld[27785]: <D5AF6F43-2DF9-32FB-8D9B-3B210FE9DF98> /System/Library/PrivateFrameworks/ArgumentParserInternal.framework/Versions/A/ArgumentParserInternal
dyld[27785]: <5F24A8BE-71E7-31BD-B08B-87B902940ACE> /System/Library/Frameworks/Accelerate.framework/Versions/A/Frameworks/vecLib.framework/Versions/A/libvDSP.dylib
dyld[27785]: <9652335A-F8D7-3B4A-ACB7-7DE6416BC466> /System/Library/Frameworks/Accelerate.framework/Versions/A/Frameworks/vecLib.framework/Versions/A/libLAPACK.dylib
dyld[27785]: <1DE99C65-6A3D-355A-8A86-094C3E0E964A> /System/Library/Frameworks/Accelerate.framework/Versions/A/Frameworks/vecLib.framework/Versions/A/libLinearAlgebra.dylib
dyld[27785]: <0E3488EF-0F47-39A1-A1CC-CDBC16D486B9> /System/Library/Frameworks/Accelerate.framework/Versions/A/Frameworks/vecLib.framework/Versions/A/libSparseBLAS.dylib
dyld[27785]: <C802FD74-589B-385F-8928-ACAA5F6F7FC5> /System/Library/Frameworks/Accelerate.framework/Versions/A/Frameworks/vecLib.framework/Versions/A/libQuadrature.dylib
dyld[27785]: <8CED8CD6-005C-3320-A862-FBD989F44C50> /System/Library/Frameworks/Accelerate.framework/Versions/A/Frameworks/vecLib.framework/Versions/A/libBNNS.dylib
dyld[27785]: <FFED5D83-AABF-3832-B0C0-6417CDB3AC0F> /System/Library/Frameworks/Accelerate.framework/Versions/A/Frameworks/vecLib.framework/Versions/A/libSparse.dylib
dyld[27785]: <8BCEEB80-860E-31E3-82D3-19AA45B6C8A4> /usr/lib/libapp_launch_measurement.dylib
dyld[27785]: <AD67DE6D-1296-374B-BF2A-B6EDCC811F6D> /System/Library/PrivateFrameworks/InstalledContentLibrary.framework/Versions/A/InstalledContentLibrary
dyld[27785]: <11F768F3-A56B-396F-B00D-3FC186B5476B> /System/Library/PrivateFrameworks/CoreServicesStore.framework/Versions/A/CoreServicesStore
dyld[27785]: <71573CF6-9FE6-386F-AEE4-E439FFE15829> /System/Library/PrivateFrameworks/AppleMobileFileIntegrity.framework/Versions/A/AppleMobileFileIntegrity
dyld[27785]: <FBC60DCF-D42B-3D08-B58C-A667E28E8B80> /System/Library/PrivateFrameworks/MobileSystemServices.framework/Versions/A/MobileSystemServices
dyld[27785]: <74D3A61E-85C1-355C-80CA-9B7F2D6C2EDE> /System/Library/PrivateFrameworks/ConfigProfileHelper.framework/Versions/A/ConfigProfileHelper
dyld[27785]: <B97F2F85-7D93-39F9-8818-0D15E7FC9C83> /usr/lib/libxslt.1.dylib
dyld[27785]: <3E9AEDC3-E785-3F03-BD6D-E96E3B23F19A> /System/Library/PrivateFrameworks/BackgroundTaskManagement.framework/Versions/A/BackgroundTaskManagement
dyld[27785]: <6EACD1BE-2F93-35BF-BE65-9A936994473D> /usr/lib/libcurl.4.dylib
dyld[27785]: <31BB8ED0-21DB-3DDB-BF06-489A37C06BC3> /usr/lib/libcrypto.46.dylib
dyld[27785]: <19CB2D19-0977-3813-9147-7409AA190486> /usr/lib/libssl.48.dylib
dyld[27785]: <8E111D97-BEBB-3C0D-9CDD-300BDF7D91E9> /System/Library/Frameworks/LDAP.framework/Versions/A/LDAP
dyld[27785]: <F639BC9D-D643-36EB-947D-E8C6FCCAF506> /System/Library/PrivateFrameworks/TrustEvaluationAgent.framework/Versions/A/TrustEvaluationAgent
dyld[27785]: <3D1F6EBF-66CF-3AFE-9EC6-946AC68BA8EF> /usr/lib/libsasl2.2.dylib
dyld[27785]: <B2F31AE9-FA1F-3D55-BE68-A2301B8FF7C1> /System/Library/PrivateFrameworks/NetAuth.framework/Versions/A/NetAuth
dyld[27785]: <2B75C856-223B-39C6-B787-015DD8EE4BFB> /System/Library/PrivateFrameworks/login.framework/Versions/A/Frameworks/loginsupport.framework/Versions/A/loginsupport
dyld[27785]: move loaded to delayed: libcmark-gfm.dylib
dyld[27785]: move loaded to delayed: libCGInterfaces.dylib
dyld[27785]: move loaded to delayed: AccelerateGPU
dyld[27785]: move loaded to delayed: ApplicationServices
dyld[27785]: move loaded to delayed: ATS
dyld[27785]: move loaded to delayed: HIServices
dyld[27785]: move loaded to delayed: PrintCore
dyld[27785]: move loaded to delayed: QD
dyld[27785]: move loaded to delayed: ColorSyncLegacy
dyld[27785]: move loaded to delayed: SpeechSynthesis
dyld[27785]: move loaded to delayed: TextRecognition
dyld[27785]: move loaded to delayed: AudioDSPGraph
dyld[27785]: move loaded to delayed: TextInput
dyld[27785]: move loaded to delayed: CVNLP
dyld[27785]: move loaded to delayed: LanguageModeling
dyld[27785]: move loaded to delayed: DataDetectorsCore
dyld[27785]: move loaded to delayed: Futhark
dyld[27785]: move loaded to delayed: VisionCore
dyld[27785]: move loaded to delayed: CoreML
dyld[27785]: move loaded to delayed: NaturalLanguage
dyld[27785]: move loaded to delayed: Espresso
dyld[27785]: move loaded to delayed: DataDetection
dyld[27785]: move loaded to delayed: AppleNeuralEngine
dyld[27785]: move loaded to delayed: libswiftCoreImage.dylib
dyld[27785]: move loaded to delayed: libswiftMLCompute.dylib
dyld[27785]: move loaded to delayed: libswiftNaturalLanguage.dylib
dyld[27785]: move loaded to delayed: InternationalSupport
dyld[27785]: move loaded to delayed: CMPhoto
dyld[27785]: move loaded to delayed: MediaToolbox
dyld[27785]: move loaded to delayed: Montreal
dyld[27785]: move loaded to delayed: ByteMatrixVerification
dyld[27785]: move loaded to delayed: libFDRDecode.dylib
dyld[27785]: move loaded to delayed: AppleJPEGXL
dyld[27785]: move loaded to delayed: CryptoKit
dyld[27785]: move loaded to delayed: libswiftCompression.dylib
dyld[27785]: move loaded to delayed: CryptoKitPrivate
dyld[27785]: move loaded to delayed: CryptoKitCBridging
dyld[27785]: move loaded to delayed: CryptoTokenKit
dyld[27785]: move loaded to delayed: LocalAuthentication
dyld[27785]: move loaded to delayed: LocalAuthenticationCore
dyld[27785]: move loaded to delayed: LocalAuthenticationCredentialServices
dyld[27785]: move loaded to delayed: SharedUtils
dyld[27785]: move loaded to delayed: DFRFoundation
dyld[27785]: move loaded to delayed: DiskManagement
dyld[27785]: move loaded to delayed: libcsfde.dylib
dyld[27785]: move loaded to delayed: libCoreStorage.dylib
dyld[27785]: move loaded to delayed: ProtectedCloudStorage
dyld[27785]: move loaded to delayed: EFILogin
dyld[27785]: move loaded to delayed: AAAFoundation
dyld[27785]: move loaded to delayed: Accounts
dyld[27785]: move loaded to delayed: CloudServices
dyld[27785]: move loaded to delayed: OctagonTrust
dyld[27785]: move loaded to delayed: AppleIDAuthSupport
dyld[27785]: move loaded to delayed: KeychainCircle
dyld[27785]: move loaded to delayed: AuthKit
dyld[27785]: move loaded to delayed: MultiverseSupport
dyld[27785]: move loaded to delayed: URLFormatting
dyld[27785]: move loaded to delayed: AudioAccessoryServices
dyld[27785]: move loaded to delayed: CoreBluetooth
dyld[27785]: move loaded to delayed: CoreUtils
dyld[27785]: move loaded to delayed: Sharing
dyld[27785]: move loaded to delayed: CoreUtilsExtras
dyld[27785]: move loaded to delayed: IO80211
dyld[27785]: move loaded to delayed: AutoUnlock
dyld[27785]: move loaded to delayed: IDSFoundation
dyld[27785]: move loaded to delayed: IconServices
dyld[27785]: move loaded to delayed: Apple80211
dyld[27785]: move loaded to delayed: CoreWiFi
dyld[27785]: move loaded to delayed: CoreWLAN
dyld[27785]: move loaded to delayed: IOBluetooth
dyld[27785]: move loaded to delayed: SharingCore
dyld[27785]: move loaded to delayed: libswiftCoreLocation.dylib
dyld[27785]: move loaded to delayed: BiometricKit
dyld[27785]: move loaded to delayed: IMFoundation
dyld[27785]: move loaded to delayed: Marco
dyld[27785]: move loaded to delayed: CommonUtilities
dyld[27785]: move loaded to delayed: Engram
dyld[27785]: move loaded to delayed: XPCDistributed
dyld[27785]: move loaded to delayed: libtidy.A.dylib
dyld[27785]: move loaded to delayed: Bom
dyld[27785]: move loaded to delayed: libParallelCompression.dylib
dyld[27785]: move loaded to delayed: IconFoundation
dyld[27785]: move loaded to delayed: SiriAvailability
dyld[27785]: move loaded to delayed: IconRendering
dyld[27785]: move loaded to delayed: CoreUI
dyld[27785]: move loaded to delayed: SFSymbols
dyld[27785]: move loaded to delayed: DeveloperToolsSupport
dyld[27785]: move loaded to delayed: RenderBox
dyld[27785]: move loaded to delayed: CoreSVG
dyld[27785]: move loaded to delayed: TextureIO
dyld[27785]: move loaded to delayed: WallpaperServices
dyld[27785]: move loaded to delayed: ATSUI
dyld[27785]: move loaded to delayed: libIOReport.dylib
dyld[27785]: move loaded to delayed: WiFiPeerToPeer
dyld[27785]: move loaded to delayed: libmrc.dylib
dyld[27785]: move loaded to delayed: IPConfiguration
dyld[27785]: move loaded to delayed: Netrb
dyld[27785]: move loaded to delayed: FrontBoardServices
dyld[27785]: move loaded to delayed: UserNotifications
dyld[27785]: move loaded to delayed: AudioUnit
dyld[27785]: move loaded to delayed: CoreLocation
dyld[27785]: move loaded to delayed: _LocationEssentials
dyld[27785]: move loaded to delayed: GeoServices
dyld[27785]: move loaded to delayed: LocationSupport
dyld[27785]: move loaded to delayed: GeoServicesCore
dyld[27785]: move loaded to delayed: PhoneNumbers
dyld[27785]: move loaded to delayed: LocationLogEncryption
dyld[27785]: move loaded to delayed: CoreAVCHD
dyld[27785]: move loaded to delayed: MediaAccessibility
dyld[27785]: move loaded to delayed: Mangrove
dyld[27785]: move loaded to delayed: CoreTelephony
dyld[27785]: move loaded to delayed: CoreAUC
dyld[27785]: move loaded to delayed: libTelephonyUtilDynamic.dylib
dyld[27785]: move loaded to delayed: CoreEmoji
dyld[27785]: move loaded to delayed: ANECompiler
dyld[27785]: move loaded to delayed: MetalPerformanceShadersGraph
dyld[27785]: move loaded to delayed: MLCompilerServices
dyld[27785]: move loaded to delayed: ANEServices
dyld[27785]: move loaded to delayed: libncurses.5.4.dylib
dyld[27785]: move loaded to delayed: libsandbox.1.dylib
dyld[27785]: move loaded to delayed: libMatch.1.dylib
dyld[27785]: move loaded to delayed: CoreAIRuntime
dyld[27785]: move loaded to delayed: CoreAICompiler
dyld[27785]: move loaded to delayed: CoreAICommon
dyld[27785]: move loaded to delayed: ODIE
dyld[27785]: move loaded to delayed: libODIECompiler.dylib
dyld[27785]: move loaded to delayed: MLCompilerRuntime
dyld[27785]: move loaded to delayed: MLCompute
dyld[27785]: move loaded to delayed: MLAssetIO
dyld[27785]: move loaded to delayed: libcmph.dylib
dyld[27785]: move loaded to delayed: AVFoundation
dyld[27785]: move loaded to delayed: AVFAudio
dyld[27785]: move loaded to delayed: AVFCore
dyld[27785]: move loaded to delayed: AVFCapture
dyld[27785]: move loaded to delayed: AVRouting
dyld[27785]: move loaded to delayed: IsolatedCoreAudioClient
dyld[27785]: move loaded to delayed: Tightbeam
dyld[27785]: move loaded to delayed: CoreAudioOrchestration
dyld[27785]: move loaded to delayed: AFKUser
dyld[27785]: move loaded to delayed: libAccessibility.dylib
dyld[27785]: move loaded to delayed: CMCapture
dyld[27785]: move loaded to delayed: CMImaging
dyld[27785]: move loaded to delayed: Quagga
dyld[27785]: move loaded to delayed: CoreMediaIO
dyld[27785]: move loaded to delayed: CMCaptureDevice
dyld[27785]: move loaded to delayed: CinematicFraming
dyld[27785]: move loaded to delayed: ModelManagerServices
dyld[27785]: move loaded to delayed: CoreMotion
dyld[27785]: move loaded to delayed: DistributedSensing
dyld[27785]: move loaded to delayed: MobileBluetooth
dyld[27785]: move loaded to delayed: Rapport
dyld[27785]: move loaded to delayed: AppleIntelligenceReporting
dyld[27785]: move loaded to delayed: libcups.2.dylib
dyld[27785]: move loaded to delayed: AXCoreUtilities
dyld[27785]: move loaded to delayed: libedit.3.dylib
dyld[27785]: move loaded to delayed: AttributeGraph
dyld[27785]: move loaded to delayed: libAXSafeCategoryBundle.dylib
dyld[27785]: move loaded to delayed: TabularData
dyld[27785]: move loaded to delayed: ArgumentParserInternal
0064:trace:loaddll:build_module Loaded L"C:\\windows\\system32\\plugplay.exe" at 0000000140000000: builtin
0064:trace:loaddll:build_module Loaded L"C:\\windows\\system32\\kernelbase.dll" at 00006FFFFFC10000: builtin
0064:trace:loaddll:build_module Loaded L"C:\\windows\\system32\\kernel32.dll" at 00006FFFFFEC0000: builtin
0064:trace:loaddll:build_module Loaded L"C:\\windows\\system32\\msvcrt.dll" at 00006FFFFFAF0000: builtin
0064:trace:loaddll:build_module Loaded L"C:\\windows\\system32\\ucrtbase.dll" at 00006FFFFF9D0000: builtin
0064:trace:loaddll:build_module Loaded L"C:\\windows\\system32\\sechost.dll" at 00006FFFFFAC0000: builtin
0064:trace:loaddll:build_module Loaded L"C:\\windows\\system32\\advapi32.dll" at 00006FFFFFBB0000: builtin
0064:trace:loaddll:build_module Loaded L"C:\\windows\\system32\\rpcrt4.dll" at 00006FFFFF8F0000: builtin
0064:trace:loaddll:build_module Loaded L"C:\\windows\\system32\\win32u.dll" at 00006FFFFF4D0000: builtin
0064:trace:loaddll:build_module Loaded L"C:\\windows\\system32\\gdi32.dll" at 00006FFFFF520000: builtin
0064:trace:loaddll:build_module Loaded L"C:\\windows\\system32\\user32.dll" at 00006FFFFF5C0000: builtin
dyld[27785]: <B27F7B09-A94C-3CD6-92BB-B7A6327E4726> /private/tmp/step10a4-highball-V5DiZw/engine/lib/wine/x86_64-unix/win32u.so
dyld[27785]: <2618F07F-F435-31BC-8B8F-5BE31A82A0E2> /System/Library/Frameworks/Carbon.framework/Versions/A/Carbon
dyld[27785]: <0616BD09-778E-326F-9970-1F43B936FC27> /System/Library/Frameworks/Carbon.framework/Versions/A/Frameworks/CommonPanels.framework/Versions/A/CommonPanels
dyld[27785]: <74297D98-91FD-36C2-997A-A83369B8C8D1> /System/Library/Frameworks/Carbon.framework/Versions/A/Frameworks/Help.framework/Versions/A/Help
dyld[27785]: <0A073AFA-264C-38FD-88D6-1F539405CFF7> /System/Library/Frameworks/Carbon.framework/Versions/A/Frameworks/HIToolbox.framework/Versions/A/HIToolbox
dyld[27785]: <46D588BB-4110-35A8-B7E0-3234286449C8> /System/Library/Frameworks/Carbon.framework/Versions/A/Frameworks/ImageCapture.framework/Versions/A/ImageCapture
dyld[27785]: <499E5E08-3063-3F43-A899-31FA2BB979DB> /System/Library/Frameworks/Carbon.framework/Versions/A/Frameworks/OpenScripting.framework/Versions/A/OpenScripting
dyld[27785]: <661D4F57-0154-3AD2-8873-890447A2BDB4> /System/Library/Frameworks/Carbon.framework/Versions/A/Frameworks/Ink.framework/Versions/A/Ink
dyld[27785]: <C285D9A2-4F18-30D6-920B-AA0338C11A0A> /System/Library/Frameworks/Carbon.framework/Versions/A/Frameworks/SecurityHI.framework/Versions/A/SecurityHI
dyld[27785]: <0F99F297-38DF-3BBA-9743-8E4143B66666> /System/Library/Frameworks/Carbon.framework/Versions/A/Frameworks/SpeechRecognition.framework/Versions/A/SpeechRecognition
dyld[27785]: <6A70CC1A-98BC-3FCA-A239-5ED4761A5DEC> /System/Library/PrivateFrameworks/PerformanceAnalysis.framework/Versions/A/PerformanceAnalysis
dyld[27785]: <E69F7DCC-D30C-3437-BA3B-E89352BD6F32> /usr/lib/libInterpreterSecurity.dylib
dyld[27785]: <D2A3346E-917D-373B-82B0-485D4CCA584A> /System/Library/PrivateFrameworks/XprotectFramework.framework/Versions/A/XprotectFramework
dyld[27785]: <251BE21A-322B-3743-ACC8-8422C368F25D> /System/Library/PrivateFrameworks/yara.framework/Versions/A/yara
dyld[27785]: <877BBC60-34A9-30C9-B70D-CBB94892A630> /usr/lib/libEndpointSecuritySystem.dylib
dyld[27785]: <FEA35EDC-52ED-3511-B7F9-0D8CF6987187> /System/Library/Frameworks/AppKit.framework/Versions/C/AppKit
dyld[27785]: <40553DE7-EC44-3AA0-9B4E-B2967651DCFD> /System/Library/PrivateFrameworks/UIFoundation.framework/Versions/A/UIFoundation
dyld[27785]: <A8B8A0A2-C1F1-3164-8FF4-22DC1EEB492C> /System/Library/PrivateFrameworks/CollectionViewCore.framework/Versions/A/CollectionViewCore
dyld[27785]: <8067AD29-CC1D-3E3A-B311-022386DE692A> /System/Library/PrivateFrameworks/UserActivity.framework/Versions/A/UserActivity
dyld[27785]: <7B1E9B1D-DD83-368D-B688-0A650DF37979> /System/Library/PrivateFrameworks/XCTTargetBootstrap.framework/Versions/A/XCTTargetBootstrap
dyld[27785]: <317115E2-9832-3504-BF43-D0B251C014E9> /System/Library/PrivateFrameworks/UIIntelligenceSupport.framework/Versions/A/UIIntelligenceSupport
dyld[27785]: <17EC8E5A-6DB6-339C-95D3-BBB2024E4411> /System/Library/PrivateFrameworks/CampoServices.framework/Versions/A/CampoServices
dyld[27785]: <015FE298-1AA0-3155-89E7-53AFBBBFE8CC> /System/Library/PrivateFrameworks/FrontBoard.framework/Versions/A/FrontBoard
dyld[27785]: <A0E6AB54-8C25-3E96-8A3E-EDAF865A8B16> /System/Library/Frameworks/SwiftUICore.framework/Versions/A/SwiftUICore
dyld[27785]: <38EC6C4D-F739-39EB-A881-AC01273E7374> /System/Library/PrivateFrameworks/WritingTools.framework/Versions/A/WritingTools
dyld[27785]: <AD0B8D4C-E0DB-3EEC-9023-8FF8737A3529> /System/Library/PrivateFrameworks/WindowManagement.framework/Versions/A/WindowManagement
dyld[27785]: <C6BF8161-3576-3113-B791-0B42D85C329E> /System/Library/SubFrameworks/FocusEngine.framework/Versions/A/FocusEngine
dyld[27785]: <A2542977-DBD8-378D-8C20-693A8DEEF03C> /System/Library/PrivateFrameworks/DesignLibrary.framework/Versions/A/DesignLibrary
dyld[27785]: <EAA17DC2-28D8-3E91-A0E9-AEFD00905B04> /System/Library/PrivateFrameworks/A<user>tionKit.framework/Versions/A/A<user>tionKit
dyld[27785]: <663E7EE6-81A5-338A-AFD1-9DCB3EA3667E> /System/Library/SubFrameworks/UIUtilities.framework/Versions/A/UIUtilities
dyld[27785]: <4764B822-4BA6-368A-8B78-AFEC6A10CEF0> /System/Library/PrivateFrameworks/UpdateCycle.framework/Versions/A/UpdateCycle
dyld[27785]: <01509F63-1857-35B8-9563-0584DB02259D> /System/Library/Frameworks/Accessibility.framework/Versions/A/Accessibility
dyld[27785]: <D81BE3FA-4481-3588-BEAD-A759F8885B22> /System/Library/Frameworks/CoreTransferable.framework/Versions/A/CoreTransferable
dyld[27785]: <CDBD1042-9363-3431-B817-76F404950F0D> /System/Library/Frameworks/Symbols.framework/Versions/A/Symbols
dyld[27785]: <CA6387B5-22C7-3F70-87C8-E114146618C6> /System/Library/PrivateFrameworks/SceneHosting.framework/Versions/A/SceneHosting
dyld[27785]: <2304BE29-4C72-38CF-9ACA-7809C63B27E0> /usr/lib/swift/libswiftSpatial.dylib
dyld[27785]: <0DD04961-7569-3E12-8A7B-6619572DBF53> /usr/lib/swift/libswiftCoreGraphics.dylib
dyld[27785]: <D2FD98F2-7E6E-34CC-AE03-1AF1E24D7558> /usr/lib/swift/libswiftFoundation.dylib
dyld[27785]: <7CA308FE-868C-3530-805C-5A2635AFBA64> /usr/lib/swift/libswiftSwiftOnoneSupport.dylib
dyld[27785]: <8481BB2F-A180-3BC0-9602-8D6CFD328C81> /usr/lib/swift/libswiftsys_time.dylib
dyld[27785]: <C71AB5EE-D8D9-3D2C-A0BD-321A8E74EB67> /System/Library/PrivateFrameworks/CoreMaterial.framework/Versions/A/CoreMaterial
dyld[27785]: <F6D5A70C-E363-3937-ACB8-B331A5F622DB> /usr/lib/libSpatial.dylib
dyld[27785]: <5F6B5F5B-29FB-36E7-AF42-4F63E1AFB995> /System/Library/PrivateFrameworks/PrototypeTools.framework/Versions/A/PrototypeTools
dyld[27785]: move delayed to loaded: ApplicationServices
dyld[27785]: move delayed to loaded: ATS
dyld[27785]: move delayed to loaded: HIServices
dyld[27785]: move delayed to loaded: PrintCore
dyld[27785]: move delayed to loaded: QD
dyld[27785]: move delayed to loaded: ColorSyncLegacy
dyld[27785]: move delayed to loaded: SpeechSynthesis
dyld[27785]: move delayed to loaded: TextInput
dyld[27785]: move delayed to loaded: DataDetectorsCore
dyld[27785]: move delayed to loaded: DataDetection
dyld[27785]: move delayed to loaded: libswiftCoreImage.dylib
dyld[27785]: move delayed to loaded: InternationalSupport
dyld[27785]: move delayed to loaded: libswiftCompression.dylib
dyld[27785]: move delayed to loaded: DFRFoundation
dyld[27785]: move delayed to loaded: CoreBluetooth
dyld[27785]: move delayed to loaded: CoreUtils
dyld[27785]: move delayed to loaded: CoreUtilsExtras
dyld[27785]: move delayed to loaded: IO80211
dyld[27785]: move delayed to loaded: IconServices
dyld[27785]: move delayed to loaded: IOBluetooth
dyld[27785]: move delayed to loaded: IconFoundation
dyld[27785]: move delayed to loaded: IconRendering
dyld[27785]: move delayed to loaded: CoreUI
dyld[27785]: move delayed to loaded: SFSymbols
dyld[27785]: move delayed to loaded: DeveloperToolsSupport
dyld[27785]: move delayed to loaded: RenderBox
dyld[27785]: move delayed to loaded: CoreSVG
dyld[27785]: move delayed to loaded: TextureIO
dyld[27785]: move delayed to loaded: WallpaperServices
dyld[27785]: move delayed to loaded: ATSUI
dyld[27785]: move delayed to loaded: libIOReport.dylib
dyld[27785]: move delayed to loaded: FrontBoardServices
dyld[27785]: move delayed to loaded: AudioUnit
dyld[27785]: move delayed to loaded: MediaAccessibility
dyld[27785]: move delayed to loaded: CoreEmoji
dyld[27785]: move delayed to loaded: libncurses.5.4.dylib
dyld[27785]: move delayed to loaded: AVFAudio
dyld[27785]: move delayed to loaded: IsolatedCoreAudioClient
dyld[27785]: move delayed to loaded: Tightbeam
dyld[27785]: move delayed to loaded: CoreAudioOrchestration
dyld[27785]: move delayed to loaded: AFKUser
dyld[27785]: move delayed to loaded: libAccessibility.dylib
dyld[27785]: move delayed to loaded: libcups.2.dylib
dyld[27785]: move delayed to loaded: AXCoreUtilities
dyld[27785]: move delayed to loaded: libedit.3.dylib
dyld[27785]: move delayed to loaded: AttributeGraph
dyld[27785]: move delayed to loaded: libAXSafeCategoryBundle.dylib
dyld[27785]: move delayed to loaded: TabularData
dyld[27785]: move delayed to loaded: ArgumentParserInternal
Wine cannot find the FreeType font library.  To enable Wine to
use TrueType fonts please install a version of FreeType greater than
or equal to 2.0.5.
http://www.freetype.org
0064:trace:loaddll:build_module Loaded L"C:\\windows\\system32\\imm32.dll" at 00006FFFFF4A0000: builtin
dyld[27787]: <E8BD2F5D-31CD-3E5D-B239-7D6C7B698EA9> /private/tmp/step10a4-highball-V5DiZw/engine/bin/wine
dyld[27787]: <C35C3CFC-E1B6-36CB-8F34-F1B9CED0E362> /usr/lib/libSystem.B.dylib
dyld[27787]: <AD218373-799B-3BA0-9D22-6CF6EF7A5E92> /usr/lib/system/libcache.dylib
dyld[27787]: <4DB84DD1-66CE-3AF3-98F7-E3ECD3445CAB> /usr/lib/system/libcommonCrypto.dylib
dyld[27787]: <ADF5CD65-B192-3261-B0A8-1923DC6FD1F4> /usr/lib/system/libcompiler_rt.dylib
dyld[27787]: <B654BDF4-CAF2-366B-B724-7F0C80A7C988> /usr/lib/system/libcopyfile.dylib
dyld[27787]: <1654DB72-6508-373A-AFCD-A11AE4B4A111> /usr/lib/system/libcorecrypto.dylib
dyld[27787]: <C9CE6EB5-E461-3D14-87EC-3D9EC083F36C> /usr/lib/system/libdispatch.dylib
dyld[27787]: <7CE1E71D-6070-37E6-8885-F63FCBBA4F5F> /usr/lib/system/libdyld.dylib
dyld[27787]: <DDFC973E-DE9D-3F4A-B6B0-D4197C39D86D> /usr/lib/system/libkeymgr.dylib
dyld[27787]: <598B55F4-54B2-3E18-807E-D76251119D0E> /usr/lib/system/libmacho.dylib
dyld[27787]: <C70805D8-E2BC-30DB-95E8-72E98E125E29> /usr/lib/system/libquarantine.dylib
dyld[27787]: <9705AC41-D08C-3620-BC12-50F19EBBE26F> /usr/lib/system/libremovefile.dylib
dyld[27787]: <1479C560-2FDF-38E1-9B15-05CD2D84318A> /usr/lib/system/libsystem_asl.dylib
dyld[27787]: <7C2C988E-15E9-3CB4-BAFF-C0B51B03EB6B> /usr/lib/system/libsystem_blocks.dylib
dyld[27787]: <5189C409-7FC9-3ED9-9C35-115DE311AD0E> /usr/lib/system/libsystem_c.dylib
dyld[27787]: <3165A454-B215-3725-9E9E-02D110A9F8D4> /usr/lib/system/libsystem_collections.dylib
dyld[27787]: <359AB422-DD50-3256-B1C6-F72DF9DD987A> /usr/lib/system/libsystem_configuration.dylib
dyld[27787]: <1B79C1E0-CA9B-30F1-ACD7-79C427C8B363> /usr/lib/system/libsystem_containermanager.dylib
dyld[27787]: <64BC6CC4-ECC7-3030-9713-ECBC9C89FDC6> /usr/lib/system/libsystem_coreservices.dylib
dyld[27787]: <F2C0B46B-0E3B-3D69-88E3-7438D86E2400> /usr/lib/system/libsystem_darwin.dylib
dyld[27787]: <9E147608-C331-3C58-8BDB-9BCD72676DF9> /usr/lib/system/libsystem_darwindirectory.dylib
dyld[27787]: <9155855F-09DE-3716-8EE1-D0E471817E4B> /usr/lib/system/libsystem_dnssd.dylib
dyld[27787]: <8DDD0D3E-463F-3588-99ED-CD3143D4D7E8> /usr/lib/system/libsystem_eligibility.dylib
dyld[27787]: <65390F97-3CEE-39F9-A4A8-6AAAEBE5CAF4> /usr/lib/system/libsystem_featureflags.dylib
dyld[27787]: <43FED5F7-ABEE-3709-9DBC-63C15471566A> /usr/lib/system/libsystem_info.dylib
dyld[27787]: <6B647DA7-B1BD-3553-99A4-318A0A54ADE4> /usr/lib/system/libsystem_m.dylib
dyld[27787]: <AA9F3382-0989-3BFD-8D3A-D0F95422DB89> /usr/lib/system/libsystem_malloc.dylib
dyld[27787]: <9684139A-D966-39F4-BE5A-5DC2F35E198F> /usr/lib/system/libsystem_networkextension.dylib
dyld[27787]: <BC7A29BB-B5B6-3273-A306-1A32A631CAC7> /usr/lib/system/libsystem_notify.dylib
dyld[27787]: <EBD29789-35BD-37AE-AFCB-6F951941E93C> /usr/lib/system/libsystem_sandbox.dylib
dyld[27787]: <260D9D91-0E97-3CE8-8DD7-5F8DAD1CEC12> /usr/lib/system/libsystem_sanitizers.dylib
dyld[27787]: <10604294-2616-3323-8EE7-13B7AA6FA0F4> /usr/lib/system/libsystem_secinit.dylib
dyld[27787]: <40155496-5BD7-3491-AEFC-B4395F3DCF04> /usr/lib/system/libsystem_kernel.dylib
dyld[27787]: <6D92CF2D-A008-36B6-B516-C960029E4960> /usr/lib/system/libsystem_platform.dylib
dyld[27787]: <0BAFE0E7-F27F-363F-A13C-70619F985288> /usr/lib/system/libsystem_pthread.dylib
dyld[27787]: <14B38348-6F43-316E-9559-4A5E077AFC52> /usr/lib/system/libsystem_symptoms.dylib
dyld[27787]: <2AE5497B-628B-3027-B36D-AA62D9C95D20> /usr/lib/system/libsystem_trace.dylib
dyld[27787]: <E9DCD1A4-A6F0-356D-89E0-CDB2D6E1E755> /usr/lib/system/libsystem_trial.dylib
dyld[27787]: <F786DF52-020C-3CD4-85A4-42BBADA2E485> /usr/lib/system/libunwind.dylib
dyld[27787]: <A44EE173-2555-3EA9-B836-0AF203AFBF46> /usr/lib/system/libxpc.dylib
dyld[27787]: <AD71C77A-7D9F-3D67-AF76-A029629F8A52> /usr/lib/libc++abi.dylib
dyld[27787]: <FA4B4D4D-4A72-301D-82E4-0415534FF26C> /usr/lib/libobjc.A.dylib
dyld[27787]: <5E62C50D-63D5-3D91-8408-6175282185E7> /usr/lib/libRosetta.dylib
dyld[27787]: <8DAA0737-BE5F-3F33-929E-DAD557873C98> /usr/lib/libc++.1.dylib
dyld[27787]: <335FE197-93DD-3981-827B-759F2392CF07> /private/tmp/step10a4-highball-V5DiZw/engine/lib/wine/x86_64-unix/ntdll.so
dyld[27787]: <A8EB4F11-C0D5-3F15-A780-879C56203E0C> /System/Library/Frameworks/IOKit.framework/Versions/A/IOKit
dyld[27787]: <5E62C50D-63D5-3D91-8408-6175282185E7> /usr/lib/liboah.dylib
dyld[27787]: <B459B479-FC1A-3C62-BCC0-E87C4CB7B1C5> /usr/lib/libDiagnosticMessagesClient.dylib
dyld[27787]: <A6B926CC-8265-30C8-A0B4-B1FA5736B4FD> /usr/lib/libenergytrace.dylib
dyld[27787]: <022D827A-54B6-36C6-8F2E-21871F2082D5> /usr/lib/libbsm.0.dylib
dyld[27787]: <B08331D8-B583-3318-ADA7-B5939493E835> /System/Library/Frameworks/CoreFoundation.framework/Versions/A/CoreFoundation
dyld[27787]: <CCA5EC52-A9CD-3589-A804-AFF5BDF15489> /usr/lib/libz.1.dylib
dyld[27787]: <B3B167F4-133E-36CD-92C0-228C57113795> /usr/lib/system/libkxld.dylib
dyld[27787]: <2E0B4D74-C5BC-342B-970B-B50814C8771D> /System/Library/PrivateFrameworks/SoftLinking.framework/Versions/A/SoftLinking
dyld[27787]: <FF355D69-B1AE-3A77-83D3-74552649536D> /System/Library/PrivateFrameworks/CoreServicesInternal.framework/Versions/A/CoreServicesInternal
dyld[27787]: <E832CDD3-EC43-3FDE-950B-4B2DDD2EE627> /System/Library/Frameworks/Foundation.framework/Versions/C/Foundation
dyld[27787]: <FA8187C5-6DC0-3580-BC9A-6CCEF81F8B88> /usr/lib/libfakelink.dylib
dyld[27787]: <9EB824DA-83AB-365D-B5F1-311757BAB13F> /usr/lib/libicucore.A.dylib
dyld[27787]: <3E87F493-4F61-39C7-A5E2-B23C8035D8AD> /System/Library/Frameworks/CoreServices.framework/Versions/A/CoreServices
dyld[27787]: <83C00352-42B3-3176-BCF3-21C5A8354B69> /System/Library/Frameworks/Security.framework/Versions/A/Security
dyld[27787]: <30EF56FE-5FF9-3E23-B955-4B32776DB696> /System/Library/PrivateFrameworks/DiskImages.framework/Versions/A/DiskImages
dyld[27787]: <4DDB589C-3E74-33BB-9608-E6D732C7768F> /System/Library/Frameworks/NetFS.framework/Versions/A/NetFS
dyld[27787]: <0C206EA7-DB71-343F-9602-8000DFE92D57> /System/Library/Frameworks/CFNetwork.framework/Versions/A/CFNetwork
dyld[27787]: <6BD9A7B1-BD79-3BD1-8E60-A351268524BF> /System/Library/Frameworks/CoreServices.framework/Versions/A/Frameworks/FSEvents.framework/Versions/A/FSEvents
dyld[27787]: <ECD9465F-8A62-3CC4-B263-ED77CC35CC57> /System/Library/Frameworks/CoreServices.framework/Versions/A/Frameworks/CarbonCore.framework/Versions/A/CarbonCore
dyld[27787]: <3E469D4D-5E88-3E05-A36A-5E4748822538> /System/Library/Frameworks/CoreServices.framework/Versions/A/Frameworks/Metadata.framework/Versions/A/Metadata
dyld[27787]: <CCDDC516-276B-3F1D-AEAD-8BDADEA84A8E> /System/Library/Frameworks/CoreServices.framework/Versions/A/Frameworks/OSServices.framework/Versions/A/OSServices
dyld[27787]: <4DE627B3-266F-3CAD-A604-272AAC2154D5> /System/Library/Frameworks/CoreServices.framework/Versions/A/Frameworks/SearchKit.framework/Versions/A/SearchKit
dyld[27787]: <3940B96B-C857-3B4D-9295-A3AD8F190E7C> /System/Library/Frameworks/CoreServices.framework/Versions/A/Frameworks/AE.framework/Versions/A/AE
dyld[27787]: <88879E3D-60BC-335F-BC83-6E7AA6360641> /System/Library/Frameworks/CoreServices.framework/Versions/A/Frameworks/LaunchServices.framework/Versions/A/LaunchServices
dyld[27787]: <DB20022E-8F2D-3F01-95FD-CD3F40758294> /System/Library/Frameworks/CoreServices.framework/Versions/A/Frameworks/DictionaryServices.framework/Versions/A/DictionaryServices
dyld[27787]: <3C402754-C897-3358-B2A6-53AC950F0AAD> /System/Library/Frameworks/CoreServices.framework/Versions/A/Frameworks/SharedFileList.framework/Versions/A/SharedFileList
dyld[27787]: <51ADA3FF-7D95-32BB-8D53-9A79D19737A6> /System/Library/Frameworks/SystemConfiguration.framework/Versions/A/SystemConfiguration
dyld[27787]: <566D0F44-DC97-37B0-A816-F9C52E678AB7> /usr/lib/libapple_nghttp2.dylib
dyld[27787]: <C3D64E6D-68E6-3606-B4A2-0615C2914C4A> /usr/lib/libcompression.dylib
dyld[27787]: <BCCC90C6-AFF2-3E30-A3FF-ECB449916C9B> /usr/lib/libsqlite3.dylib
dyld[27787]: <E48C0927-6427-39B2-9E1D-064FFCC1D026> /System/Library/Frameworks/Network.framework/Versions/A/Network
dyld[27787]: <3FBE1DC9-EC26-3A3D-91D4-0C1347161636> /System/Library/PrivateFrameworks/AppleKeyStore.framework/Versions/A/AppleKeyStore
dyld[27787]: <999857AC-6B67-32B0-ACD9-03E27BF1DF82> /usr/lib/libCoreEntitlements.dylib
dyld[27787]: <B01BECF4-3FD8-3EB9-A385-C6E86E258B5D> /usr/lib/libTLE.dylib
dyld[27787]: <66326DEB-49FA-3A5A-8655-0A7F3C46C43F> /System/Library/PrivateFrameworks/MessageSecurity.framework/Versions/A/MessageSecurity
dyld[27787]: <63746141-C4F7-3C15-BFF9-8690FDCFA934> /System/Library/PrivateFrameworks/ProtocolBuffer.framework/Versions/A/ProtocolBuffer
dyld[27787]: <49E753F2-5BE7-3D0F-A620-52519749D4FA> /System/Library/PrivateFrameworks/SymptomDiagnosticReporter.framework/Versions/A/SymptomDiagnosticReporter
dyld[27787]: <D565FF2C-0F9E-33C8-BF97-8B784B5AC862> /System/Library/PrivateFrameworks/CrashReporterSupport.framework/Versions/A/CrashReporterSupport
dyld[27787]: <6755F843-27F7-3CC6-A704-87037158E019> /System/Library/PrivateFrameworks/CoreAnalytics.framework/Versions/A/CoreAnalytics
dyld[27787]: <9171B014-BABF-3AF4-BE23-254F4267F0DD> /System/Library/PrivateFrameworks/CoreTime.framework/Versions/A/CoreTime
dyld[27787]: <4EE62B14-42C5-37D8-B7B9-7F48B39ADE42> /usr/lib/libMobileGestalt.dylib
dyld[27787]: <3A9AC8ED-1C48-3070-A4C0-748A011A4ECF> /System/Library/PrivateFrameworks/AppleFSCompression.framework/Versions/A/AppleFSCompression
dyld[27787]: <0F8695F5-0D7F-388C-8D2B-21E64C0C5C37> /usr/lib/libcoretls.dylib
dyld[27787]: <B0AA1109-6DD2-3F0A-9BFB-7ED7D22C22B7> /usr/lib/libcoretls_cfhelpers.dylib
dyld[27787]: <6D962100-4769-3EC0-AEA5-C5C76149B497> /usr/lib/libpam.2.dylib
dyld[27787]: <00A6D787-1FF6-31C2-962C-166285687ECD> /usr/lib/libxar.1.dylib
dyld[27787]: <E4A7FCAA-6DCC-396C-80D2-EF1D88CFB305> /System/Library/PrivateFrameworks/NSPredicateSecurityPolicy.framework/Versions/A/NSPredicateSecurityPolicy
dyld[27787]: <0282ADDB-A746-3F00-8CFF-17FB254825AB> /System/Library/PrivateFrameworks/CoreAutoLayout.framework/Versions/A/CoreAutoLayout
dyld[27787]: <B0DEC2B5-F2A5-3F34-A857-11A54E65762C> /usr/lib/libcmark-gfm.dylib
dyld[27787]: <FB5AA338-58FC-3C93-BCAB-72D86BA529FA> /System/Library/Frameworks/DiskArbitration.framework/Versions/A/DiskArbitration
dyld[27787]: <AE66ACCE-6DB6-3B10-BC35-BD1C16C5E196> /usr/lib/libarchive.2.dylib
dyld[27787]: <3A504FE5-5FBC-3BEA-80FA-2A9C1B0387A8> /usr/lib/libxml2.2.dylib
dyld[27787]: <55797398-303F-3BB1-BEC6-CEFD9F8E063D> /usr/lib/liblangid.dylib
dyld[27787]: <405F1701-2A88-39F3-B583-8FCD29BAE690> /System/Library/Frameworks/Combine.framework/Versions/A/Combine
dyld[27787]: <654A1A4C-BF42-36B9-BC83-F3458817C2DB> /System/Library/PrivateFrameworks/CollectionsInternal.framework/Versions/A/CollectionsInternal
dyld[27787]: <49E03386-1E43-3A94-97F5-0E82A4CDA134> /System/Library/PrivateFrameworks/ReflectionInternal.framework/Versions/A/ReflectionInternal
dyld[27787]: <D9602378-8FEF-30FD-985F-4502E4B4058E> /System/Library/PrivateFrameworks/RuntimeInternal.framework/Versions/A/RuntimeInternal
dyld[27787]: <0DAE92D9-DEEE-353C-9B41-781EECACD199> /usr/lib/swift/libswiftCore.dylib
dyld[27787]: <5FF496BF-7F3D-33B6-9554-0A6B16298857> /usr/lib/swift/libswiftCoreFoundation.dylib
dyld[27787]: <89C0405A-C9D5-336C-BF36-B659B4FCE83A> /usr/lib/swift/libswiftDarwin.dylib
dyld[27787]: <E2296D76-48E1-3BF6-80C4-6A1FA168D2E1> /usr/lib/swift/libswiftDispatch.dylib
dyld[27787]: <18F8C26A-DE5D-3B65-B0B1-3D46C64A6E1A> /usr/lib/swift/libswiftIOKit.dylib
dyld[27787]: <D36234BA-B610-31CA-846F-2D39483712BA> /usr/lib/swift/libswiftObjectiveC.dylib
dyld[27787]: <4AE77A8B-1774-3730-A01B-CBD63D764B83> /usr/lib/swift/libswiftObservation.dylib
dyld[27787]: <1B245C8C-01C1-33A8-B293-5767CA8BE260> /usr/lib/swift/libswiftSynchronization.dylib
dyld[27787]: <95E81E1E-7F1E-371D-9DDE-BB4884B6ED46> /usr/lib/swift/libswiftSystem.dylib
dyld[27787]: <07821AEC-ED84-3916-B2D7-01F88A0F2381> /usr/lib/swift/libswiftXPC.dylib
dyld[27787]: <1D45348D-37AB-34AE-B575-22542463EB58> /usr/lib/swift/libswift_Builtin_float.dylib
dyld[27787]: <C0BC056F-4B5C-3AA1-B077-1EFDC4708672> /usr/lib/swift/libswift_Concurrency.dylib
dyld[27787]: <CA8706CE-EAD3-3010-894F-07FC48EE618E> /usr/lib/swift/libswift_DarwinFoundation1.dylib
dyld[27787]: <B7AF51B9-600B-36B9-B8C0-3E5B5337700A> /usr/lib/swift/libswift_StringProcessing.dylib
dyld[27787]: <8F0C6BC2-A28B-332F-9F7C-998A9E3BD19B> /usr/lib/swift/libswiftos.dylib
dyld[27787]: <C7CC753B-7B87-3C94-B989-9146B16FC21D> /System/Library/PrivateFrameworks/AppleSystemInfo.framework/Versions/A/AppleSystemInfo
dyld[27787]: <5427D9A6-94B1-3793-897A-D083E5733B26> /System/Library/Frameworks/SwiftData.framework/Versions/A/SwiftData
dyld[27787]: <7B72381C-1FDB-35C5-A822-6D555C3793D1> /usr/lib/libboringssl.dylib
dyld[27787]: <96C90097-BC24-35F9-BA16-F88BE0C2A090> /usr/lib/libdns_services.dylib
dyld[27787]: <56D76827-807B-3049-9B99-8A57C40A688D> /usr/lib/libquic.dylib
dyld[27787]: <9F96AC2E-E245-3AD8-AA63-CEDECB419768> /usr/lib/libusrtcp.dylib
dyld[27787]: <C26E08BF-1824-3E73-82C4-93100B30EAD3> /System/Library/PrivateFrameworks/AtomicsInternal.framework/Versions/A/AtomicsInternal
dyld[27787]: <C7197C1E-1B3B-396E-87FA-611C0F3E53BE> /System/Library/PrivateFrameworks/InternalSwiftProtobuf.framework/Versions/A/InternalSwiftProtobuf
dyld[27787]: <209B029B-765D-3432-BB75-0569E06734C3> /usr/lib/swift/libswiftDistributed.dylib
dyld[27787]: <01A2CAEA-665C-3D01-A04A-941FAD914652> /System/Library/Frameworks/CoreData.framework/Versions/A/CoreData
dyld[27787]: <511CCB33-BA1B-3992-B052-63255A292878> /System/Library/PrivateFrameworks/FeatureFlags.framework/Versions/A/FeatureFlags
dyld[27787]: <34D2A4C4-020E-3F5B-ADCE-8B062BC59C81> /usr/lib/liblzma.5.dylib
dyld[27787]: <59AB67E4-B860-316C-963D-087CDFBF6C29> /usr/lib/libswiftPrespecialized.dylib
dyld[27787]: <99BE4D61-01BE-35ED-B9A0-F494C660BA92> /System/Library/PrivateFrameworks/IOMobileFramebuffer.framework/Versions/A/IOMobileFramebuffer
dyld[27787]: <1C7ECB1E-A4C2-306A-B297-43FFF3C11EE7> /System/Library/Frameworks/IOSurface.framework/Versions/A/IOSurface
dyld[27787]: <A21D8B21-20DB-3339-B5D9-EC266EA0EE4E> /usr/lib/swift/libswift_DarwinFoundation2.dylib
dyld[27787]: <83A0E2FF-E850-3B1D-B834-AF4F63451C96> /usr/lib/swift/libswift_DarwinFoundation3.dylib
dyld[27787]: <0FB6CFAC-01FC-3846-A4A2-50C4F6362A0C> /usr/lib/swift/libswift_RegexParser.dylib
dyld[27787]: <2F29EA62-7BFB-3F98-A6E4-AC44013847C7> /usr/lib/libbz2.1.0.dylib
dyld[27787]: <D4096439-DD3A-3434-8A26-9E0A4255BC16> /usr/lib/libiconv.2.dylib
dyld[27787]: <B6CEFD73-D16C-3796-82EF-61499B6EA249> /usr/lib/libcharset.1.dylib
dyld[27787]: <E46388C2-BA3A-3720-BA3C-72603390F716> /System/Library/PrivateFrameworks/APFS.framework/Versions/A/APFS
dyld[27787]: <66F550B4-67C6-3BD0-8378-733BFBBB5B94> /System/Library/PrivateFrameworks/SwiftASN1Internal.framework/Versions/A/SwiftASN1Internal
dyld[27787]: <ED8A4184-E276-3E05-99A0-CF5919CB36D4> /usr/lib/libutil.dylib
dyld[27787]: <265413A6-648C-3059-A010-554AD719A363> /usr/lib/libheimdal-asn1.dylib
dyld[27787]: <7934762C-FBCA-37CA-AF42-2704B7A639EC> /System/Library/PrivateFrameworks/AppleSauce.framework/Versions/A/AppleSauce
dyld[27787]: <9761CAD2-A811-396E-9FD1-7553A783CBF5> /System/Library/PrivateFrameworks/OSAnalytics.framework/Versions/A/OSAnalytics
dyld[27787]: <0AD2FA79-5B4B-31B9-9155-A0C17BA69FB0> /System/Library/PrivateFrameworks/DeviceRecovery.framework/Versions/A/DeviceRecovery
dyld[27787]: <E4B6BD31-91A9-31BD-BB88-8C8F7F2985B7> /System/Library/PrivateFrameworks/CoreSymbolication.framework/Versions/A/CoreSymbolication
dyld[27787]: <04BCC6C4-E76D-3D1C-B25E-DD04511D29E8> /System/Library/PrivateFrameworks/Symbolication.framework/Versions/A/Symbolication
dyld[27787]: <328F598A-5C09-3D8E-854E-F090BAD6F101> /System/Library/PrivateFrameworks/DebugSymbols.framework/Versions/A/DebugSymbols
dyld[27787]: <7AB4526E-BD18-3FEE-87D2-7E60C218F82A> /usr/lib/libAppleArchive.dylib
dyld[27787]: <02320C8B-AF9A-37CF-BE30-DD72BAB828CC> /System/Library/PrivateFrameworks/MallocStackLogging.framework/Versions/A/MallocStackLogging
dyld[27787]: <D9973DD3-D3C9-38DC-86E8-D1C248A9FA6C> /usr/lib/libCheckFix.dylib
dyld[27787]: <02894CCE-93A3-32BB-BA6B-25CCD22A0EA5> /System/Library/PrivateFrameworks/TCC.framework/Versions/A/TCC
dyld[27787]: <69D73FF3-AE70-378B-AF0D-3A7794E60974> /System/Library/PrivateFrameworks/CoreNLP.framework/Versions/A/CoreNLP
dyld[27787]: <501C7615-3041-3D75-948D-08CA8D7B8773> /System/Library/PrivateFrameworks/MetadataUtilities.framework/Versions/A/MetadataUtilities
dyld[27787]: <0FB5062E-8A6E-3949-86C1-D294D4AF1AA4> /System/Library/Frameworks/Accelerate.framework/Versions/A/Accelerate
dyld[27787]: <FDBA8F4E-3D78-3DB8-8233-B8861E665675> /usr/lib/libmecab.dylib
dyld[27787]: <ABA5B6EA-B61B-3DDB-B4F1-69706D071F3D> /usr/lib/libCRFSuite.dylib
dyld[27787]: <DF95BFF6-6E31-3243-A0BC-A8339951D82F> /usr/lib/libgermantok.dylib
dyld[27787]: <20A1236E-CDF9-351D-9F56-1AD0123DC116> /usr/lib/libThaiTokenizer.dylib
dyld[27787]: <80F6241D-D255-3CCF-8ED0-F87698FDEE4E> /System/Library/Frameworks/Accelerate.framework/Versions/A/Frameworks/vImage.framework/Versions/A/vImage
dyld[27787]: <B902D685-3B38-3DE8-9325-18E32ED96065> /System/Library/Frameworks/Accelerate.framework/Versions/A/Frameworks/vecLib.framework/Versions/A/vecLib
dyld[27787]: <6EF7FE72-4727-3998-883A-97851074EDC2> /System/Library/Frameworks/Accelerate.framework/Versions/A/Frameworks/vecLib.framework/Versions/A/libvMisc.dylib
dyld[27787]: <694C9F17-22CB-348E-8A40-8F536B7CDF55> /System/Library/Frameworks/Accelerate.framework/Versions/A/Frameworks/vImage.framework/Versions/A/Libraries/libCGInterfaces.dylib
dyld[27787]: <A6AA2DE9-C0CE-37EB-910C-756AAF0E9A09> /System/Library/PrivateFrameworks/AccelerateGPU.framework/Versions/A/AccelerateGPU
dyld[27787]: <498036DB-4226-3C95-8880-E4FD11883D31> /System/Library/Frameworks/Accelerate.framework/Versions/A/Frameworks/vecLib.framework/Versions/A/libBLAS.dylib
dyld[27787]: <FB6D3F5F-AA35-3603-883B-A07B628283A8> /System/Library/Frameworks/ApplicationServices.framework/Versions/A/ApplicationServices
dyld[27787]: <1797F8DC-6019-374B-A55A-FF4C945E68DC> /System/Library/Frameworks/CoreVideo.framework/Versions/A/CoreVideo
dyld[27787]: <C514AE37-91AA-3199-87AB-2E29986C3423> /System/Library/Frameworks/ColorSync.framework/Versions/A/ColorSync
dyld[27787]: <81A02160-B6F6-385B-BA6C-E768947B7AD5> /System/Library/Frameworks/CoreGraphics.framework/Versions/A/CoreGraphics
dyld[27787]: <9A3F9ACC-4D9C-34BA-B3A8-1AD3C1786F66> /System/Library/Frameworks/CoreText.framework/Versions/A/CoreText
dyld[27787]: <554EDEE0-773D-3D10-8863-4913ECE95CA1> /System/Library/Frameworks/ImageIO.framework/Versions/A/ImageIO
dyld[27787]: <F852E373-499B-35B6-9557-AA369E07B841> /System/Library/Frameworks/ApplicationServices.framework/Versions/A/Frameworks/ATS.framework/Versions/A/ATS
dyld[27787]: <B254A017-96B6-3748-99DB-32866FE0C054> /System/Library/Frameworks/ApplicationServices.framework/Versions/A/Frameworks/HIServices.framework/Versions/A/HIServices
dyld[27787]: <727498E8-7885-35B2-B723-E380EDD703EA> /System/Library/Frameworks/ApplicationServices.framework/Versions/A/Frameworks/PrintCore.framework/Versions/A/PrintCore
dyld[27787]: <6FA3DA21-79F7-3006-ADD5-62D486024479> /System/Library/Frameworks/ApplicationServices.framework/Versions/A/Frameworks/QD.framework/Versions/A/QD
dyld[27787]: <850A1AAF-F1C2-3366-9F2F-0C5FA1A2B8A0> /System/Library/Frameworks/ApplicationServices.framework/Versions/A/Frameworks/ColorSyncLegacy.framework/Versions/A/ColorSyncLegacy
dyld[27787]: <4C160000-279F-3F52-8293-5740A012A59D> /System/Library/Frameworks/ApplicationServices.framework/Versions/A/Frameworks/SpeechSynthesis.framework/Versions/A/SpeechSynthesis
dyld[27787]: <02A9A202-2F39-3204-86DE-A09EA6AE8DEE> /System/Library/PrivateFrameworks/SkyLight.framework/Versions/A/SkyLight
dyld[27787]: <DB8890A9-5563-3841-B3DF-F2A14E0B38E4> /System/Library/PrivateFrameworks/TextRecognition.framework/Versions/A/TextRecognition
dyld[27787]: <11CFFC86-3FFC-35B2-9F6E-823101BF77B2> /System/Library/PrivateFrameworks/FontServices.framework/libFontParser.dylib
dyld[27787]: <AE0C7111-9D6C-3977-BE3D-42BDEB55051D> /System/Library/PrivateFrameworks/BiomeLibrary.framework/Versions/A/BiomeLibrary
dyld[27787]: <EE0670B3-0AAB-3D8C-B579-48A8B2757C54> /System/Library/PrivateFrameworks/BaseBoard.framework/Versions/A/BaseBoard
dyld[27787]: <6EAD8729-6278-36DD-95E0-C3DBC1B421D1> /System/Library/PrivateFrameworks/BoardServices.framework/Versions/A/BoardServices
dyld[27787]: <A6DDDBA9-3712-318D-8E86-4FD5E1E9DC2A> /System/Library/PrivateFrameworks/BackBoardServices.framework/Versions/A/BackBoardServices
dyld[27787]: <6DEFD8B9-3D97-3F07-8817-F0D783EBDFBE> /System/Library/PrivateFrameworks/BackBoardHIDEventFoundation.framework/Versions/A/BackBoardHIDEventFoundation
dyld[27787]: <61C82C50-C91D-3028-933E-FC20D2AB40FA> /System/Library/Frameworks/CoreDisplay.framework/Versions/A/CoreDisplay
dyld[27787]: <48F3225A-BEDC-395B-8658-BF2894A5D363> /System/Library/Frameworks/VideoToolbox.framework/Versions/A/VideoToolbox
dyld[27787]: <CD83DE43-F39B-38E8-B307-F342C2CA0F71> /System/Library/Frameworks/MetalPerformanceShaders.framework/Versions/A/MetalPerformanceShaders
dyld[27787]: <063F6766-AC0A-372B-8547-20EE93744C3D> /System/Library/PrivateFrameworks/ProDisplayLibrary.framework/Versions/A/ProDisplayLibrary
dyld[27787]: <52BDB234-C793-3B6B-8BE8-781631969DFA> /System/Library/PrivateFrameworks/IOSurfaceAccelerator.framework/Versions/A/IOSurfaceAccelerator
dyld[27787]: <61936A60-82F1-35D4-B7B2-564157277C7A> /System/Library/PrivateFrameworks/RunningBoardServices.framework/Versions/A/RunningBoardServices
dyld[27787]: <9C6FB27B-F6DF-342F-8D23-CDAA43181A67> /System/Library/Frameworks/Metal.framework/Versions/A/Metal
dyld[27787]: <FE710138-2441-34B0-A3EE-BB741C5A88E5> /System/Library/PrivateFrameworks/IOAccelerator.framework/Versions/A/IOAccelerator
dyld[27787]: <6007D6B0-CA05-3D6E-9F04-0A50577BF503> /System/Library/Frameworks/CoreMedia.framework/Versions/A/CoreMedia
dyld[27787]: <A1DB5628-62E0-3262-AE91-0E6BB2B47888> /usr/lib/libSMC.dylib
dyld[27787]: <A1E8240E-FD7B-3524-815C-CA0C73E88D8B> /System/Library/PrivateFrameworks/WatchdogClient.framework/Versions/A/WatchdogClient
dyld[27787]: <0AD33CC9-75A1-359D-BC41-4EE25BE4F599> /System/Library/Frameworks/QuartzCore.framework/Versions/A/QuartzCore
dyld[27787]: <C3AA1BE3-C6A4-3A3B-ACDE-EFF9F71E2CA9> /System/Library/PrivateFrameworks/MultitouchSupport.framework/Versions/A/MultitouchSupport
dyld[27787]: <5E5AD849-5F4B-3A05-8265-7CBE97C713D6> /System/Library/PrivateFrameworks/BackBoardHIDTouchEventProcessor.framework/Versions/A/BackBoardHIDTouchEventProcessor
dyld[27787]: <1086A2D2-77A2-362C-9186-F501C0E009A3> /System/Library/PrivateFrameworks/Gestures.framework/Versions/A/Gestures
dyld[27787]: <C1617C4A-E1B7-3B86-A693-1F964E6896BC> /usr/lib/swift/libswiftAccelerate.dylib
dyld[27787]: <A6B25CE1-2227-3290-A960-960484D45949> /usr/lib/swift/libswiftCoreAudio.dylib
dyld[27787]: <948D61D3-EEFF-3965-B38D-97B4C357DA6B> /usr/lib/swift/libswiftMetal.dylib
dyld[27787]: <12AA5CDE-92E4-3E32-BE12-A02A3F2F40E1> /usr/lib/swift/libswiftOSLog.dylib
dyld[27787]: <17B1C771-8068-3FF8-9FB6-B8491B64428A> /usr/lib/swift/libswiftQuartzCore.dylib
dyld[27787]: <F78EA043-E494-3CD2-89B9-64406E28DECE> /usr/lib/swift/libswiftUniformTypeIdentifiers.dylib
dyld[27787]: <2718489B-4885-3D1E-BB9A-3B416EC5C09F> /usr/lib/swift/libswiftsimd.dylib
dyld[27787]: <351B3773-CA7C-3802-A966-C260E679DED5> /System/Library/PrivateFrameworks/BiomeStreams.framework/Versions/A/BiomeStreams
dyld[27787]: <A6769ED3-768E-3A67-BC1C-EA707415D195> /System/Library/PrivateFrameworks/BiomeStorage.framework/Versions/A/BiomeStorage
dyld[27787]: <79A19B7F-5379-3B44-9329-28A6379EA13A> /System/Library/PrivateFrameworks/BiomeFoundation.framework/Versions/A/BiomeFoundation
dyld[27787]: <8D3DF617-DFD7-3EE9-BE8E-A0C05D825494> /System/Library/PrivateFrameworks/IntelligencePlatformLibrary.framework/Versions/A/IntelligencePlatformLibrary
dyld[27787]: <872A3191-C967-39BE-A356-90D9A987D518> /System/Library/PrivateFrameworks/PoirotSchematizer.framework/Versions/A/PoirotSchematizer
dyld[27787]: <361A3D97-C7C0-3093-A61F-DE3D7A4063D2> /System/Library/PrivateFrameworks/BiomeSync.framework/Versions/A/BiomeSync
dyld[27787]: <2635BE19-8B1B-39AF-A665-88F43332702C> /System/Library/PrivateFrameworks/BiomeDSL.framework/Versions/A/BiomeDSL
dyld[27787]: <EBF27A0B-2672-3291-93D2-1A66A9A1B054> /System/Library/PrivateFrameworks/BiomePubSub.framework/Versions/A/BiomePubSub
dyld[27787]: <4BB6A049-3455-3C6B-87C4-F6C972D7B42A> /System/Library/PrivateFrameworks/LoggingSupport.framework/Versions/A/LoggingSupport
dyld[27787]: <6146BE9B-E60E-374B-B621-0E74558A2507> /System/Library/PrivateFrameworks/ProactiveSupport.framework/Versions/A/ProactiveSupport
dyld[27787]: <5F69CA4D-E5AC-3C47-8BF4-79377AB4C59C> /System/Library/PrivateFrameworks/PoirotUDFs.framework/Versions/A/PoirotUDFs
dyld[27787]: <2042E6BF-F2E7-31EA-B2B4-DC29E586A6E4> /System/Library/PrivateFrameworks/MobileAsset.framework/Versions/A/MobileAsset
dyld[27787]: <5FD1EA00-E28C-3D4B-8C9B-BF9B3EBAC180> /System/Library/PrivateFrameworks/MobileKeyBag.framework/Versions/A/MobileKeyBag
dyld[27787]: <B1CEC343-7EFE-34B0-9957-13CA8F84E6E7> /System/Library/PrivateFrameworks/InternationalTextSearch.framework/Versions/A/InternationalTextSearch
dyld[27787]: <85FB8C0D-F001-3B42-A54E-68C49D7D5544> /System/Library/PrivateFrameworks/SoftwareUpdateCoreSupport.framework/Versions/A/SoftwareUpdateCoreSupport
dyld[27787]: <7706404A-C96D-364A-A0D9-C94D3CB89310> /System/Library/PrivateFrameworks/SoftwareUpdateCoreConnect.framework/Versions/A/SoftwareUpdateCoreConnect
dyld[27787]: <3E7739CC-11DE-3C42-922A-9DA5CF617D35> /System/Library/PrivateFrameworks/StreamingZip.framework/Versions/A/StreamingZip
dyld[27787]: <38B38DB3-D096-350F-98C5-584AFD18BEB1> /System/Library/PrivateFrameworks/RemoteServiceDiscovery.framework/Versions/A/RemoteServiceDiscovery
dyld[27787]: <0052322E-F921-336D-8D8F-8D58D3EDA88F> /System/Library/PrivateFrameworks/MSUDataAccessor.framework/Versions/A/MSUDataAccessor
dyld[27787]: <BFF9CF08-5B46-3604-AC2E-DBCBDFB25C92> /usr/lib/libbootpolicy.dylib
dyld[27787]: <8CFCE656-45C2-3261-AD07-01E8FC30BFBD> /System/Library/PrivateFrameworks/UserManagement.framework/Versions/A/UserManagement
dyld[27787]: <50C4CA28-70F3-344F-B51D-09F99B82ED5F> /usr/lib/libpartition2_dynamic.dylib
dyld[27787]: <FF6413D5-371C-3304-8842-8755BF52C610> /System/Library/PrivateFrameworks/RemoteXPC.framework/Versions/A/RemoteXPC
dyld[27787]: <C9A0C46A-8C96-360A-A2FB-C09CBA08EF12> /usr/lib/libFDR.dylib
dyld[27787]: <500CC87D-7539-35AA-9340-BE380C10F261> /usr/lib/libamsupport.dylib
dyld[27787]: <CFB2509B-F722-39D6-B499-96D8304FA548> /System/Library/PrivateFrameworks/AppleDeviceQuerySupport.framework/Versions/A/AppleDeviceQuerySupport
dyld[27787]: <0620DFC4-188D-337F-9CE7-7E7581D5DA34> /System/Library/PrivateFrameworks/AggregateDictionary.framework/Versions/A/AggregateDictionary
dyld[27787]: <BB4A5F50-5A2A-379E-8B32-6C355113B4A8> /System/Library/PrivateFrameworks/PoirotSQLite.framework/Versions/A/PoirotSQLite
dyld[27787]: <2F623E7B-5D60-310B-9A5F-99AEEB7F99F0> /System/Library/PrivateFrameworks/CascadeSets.framework/Versions/A/CascadeSets
dyld[27787]: <4CFE984F-8269-3E71-A90C-49BCA5260ADA> /System/Library/PrivateFrameworks/AppSupport.framework/Versions/A/AppSupport
dyld[27787]: <FE30C2BA-AEDA-3367-9A71-4A891B0CF852> /System/Library/PrivateFrameworks/CorePhoneNumbers.framework/Versions/A/CorePhoneNumbers
dyld[27787]: <F3100855-B896-3883-A84C-F00B05BFDFCF> /System/Library/PrivateFrameworks/AppleJPEG.framework/Versions/A/AppleJPEG
dyld[27787]: <CEC9DC60-4CD3-30F5-89C6-003BBDB343D9> /usr/lib/libexpat.1.dylib
dyld[27787]: <994F31B9-1CE3-3180-A7B4-DC793DAF8163> /System/Library/Frameworks/ImageIO.framework/Versions/A/Resources/libPng.dylib
dyld[27787]: <1B6D06A5-DD28-30DD-ACEE-0B6CDDBAAF83> /System/Library/Frameworks/ImageIO.framework/Versions/A/Resources/libTIFF.dylib
dyld[27787]: <A7665B78-C5F1-3E32-80FE-F0DDABB0147B> /System/Library/Frameworks/ImageIO.framework/Versions/A/Resources/libGIF.dylib
dyld[27787]: <B55B0D78-6A33-3EB9-A8DE-526D63EEC82D> /System/Library/Frameworks/ImageIO.framework/Versions/A/Resources/libJP2.dylib
dyld[27787]: <1E30FD97-019E-3C42-BD00-34693222EDB1> /usr/lib/libate.dylib
dyld[27787]: <D749A789-F87E-3CDE-968F-96FC4586AC14> /System/Library/Frameworks/ImageIO.framework/Versions/A/Resources/libJPEG.dylib
dyld[27787]: <AB36C200-FED5-3FF0-A247-F22E96DBBEF7> /System/Library/Frameworks/ImageIO.framework/Versions/A/Resources/libRadiance.dylib
dyld[27787]: <CA5DFCE6-11FD-3B30-AFEA-86CE243C3B52> /usr/lib/swift/libswiftRegexBuilder.dylib
dyld[27787]: <257CDA78-154D-3C2B-957C-353FE744BA0D> /System/Library/PrivateFrameworks/GPUCompiler.framework/Versions/32023/Libraries/libllvm-flatbuffers.dylib
dyld[27787]: <539750B4-1A16-34CC-B740-059A44212494> /System/Library/PrivateFrameworks/FramePacing.framework/Versions/A/FramePacing
dyld[27787]: <37C0BC08-2C35-3CF5-91A6-D9773030A168> /System/Library/Frameworks/OpenGL.framework/Versions/A/Libraries/libCoreFSCache.dylib
dyld[27787]: <73E7DA57-8DE9-31CF-B2A7-C76AE86AFD95> /System/Library/PrivateFrameworks/GPUCompiler.framework/Versions/32023/Libraries/libGPUCompilerUtils.dylib
dyld[27787]: <7257DEA3-5564-37D5-8127-6B99B468086C> /System/Library/Frameworks/UniformTypeIdentifiers.framework/Versions/A/UniformTypeIdentifiers
dyld[27787]: <B268CD9F-4A49-3922-87B2-EF2E9D79C84A> /System/Library/Frameworks/ExtensionFoundation.framework/Versions/A/ExtensionFoundation
dyld[27787]: <E2F8ED73-2343-31CA-8ECD-E6AFF961F3F3> /System/Library/PrivateFrameworks/AppServerSupport.framework/Versions/A/AppServerSupport
dyld[27787]: <A99788CE-EB44-3D3D-9744-E3C954A60A9C> /System/Library/PrivateFrameworks/OSEligibility.framework/Versions/A/OSEligibility
dyld[27787]: <BE117579-A37D-334A-BB28-C92B631C70EA> /System/Library/Frameworks/LightweightCodeRequirements.framework/Versions/A/LightweightCodeRequirements
dyld[27787]: <4D893E1E-43E5-37EF-8107-54B591DB51FD> /System/Library/PrivateFrameworks/PlugInKit.framework/Versions/A/PlugInKit
dyld[27787]: <BFF9A39A-0993-32C8-97CA-F05123B6D637> /System/Library/PrivateFrameworks/AssertionServices.framework/Versions/A/AssertionServices
dyld[27787]: <5A1BDD04-B18E-3912-9495-D6A0E68C651D> /System/Library/Frameworks/OpenGL.framework/Versions/A/OpenGL
dyld[27787]: <EEF6CD71-D4F2-3E40-A384-182F8C759DBA> /System/Library/Frameworks/OpenGL.framework/Versions/A/Libraries/libGLU.dylib
dyld[27787]: <85288155-D6EA-3A26-8C67-B29B86DBC078> /System/Library/Frameworks/OpenGL.framework/Versions/A/Libraries/libGFXShared.dylib
dyld[27787]: <C8DC9856-2698-33F7-8504-DC487FC7A587> /System/Library/Frameworks/OpenGL.framework/Versions/A/Libraries/libGL.dylib
dyld[27787]: <5B5C65E1-9C6F-35E7-898B-262620A48732> /System/Library/Frameworks/OpenGL.framework/Versions/A/Libraries/libGLImage.dylib
dyld[27787]: <3EEBC175-D1EE-33ED-AC74-46CF9407BCCF> /System/Library/Frameworks/OpenGL.framework/Versions/A/Libraries/libCVMSPluginSupport.dylib
dyld[27787]: <905C5BF2-A3B1-33EB-866E-7531DA0C5F25> /System/Library/Frameworks/OpenGL.framework/Versions/A/Libraries/libCoreVMClient.dylib
dyld[27787]: <15B01036-B49F-3F5B-A707-160A9A966F85> /System/Library/Frameworks/OSLog.framework/Versions/A/OSLog
dyld[27787]: <A3261405-F7E6-33E8-B602-F974DBE7755E> /System/Library/Frameworks/CoreImage.framework/Versions/A/CoreImage
dyld[27787]: <99856DF2-43E3-3A8A-BA57-7FDE223BAC31> /System/Library/PrivateFrameworks/PhotosensitivityProcessing.framework/Versions/A/PhotosensitivityProcessing
dyld[27787]: <E4D8DF99-3893-3186-8111-30F76BA79BBE> /System/Library/PrivateFrameworks/TimeSync.framework/Versions/A/TimeSync
dyld[27787]: <292767C2-D857-3F86-9927-AFD76B94A9E8> /System/Library/Frameworks/OpenCL.framework/Versions/A/OpenCL
dyld[27787]: <A81CE161-2DEE-3874-857C-F62A3F52D546> /System/Library/PrivateFrameworks/GraphVisualizer.framework/Versions/A/GraphVisualizer
dyld[27787]: <978BFA5B-F1C1-3DF9-97EF-97D1939B833E> /System/Library/PrivateFrameworks/FontServices.framework/Versions/A/FontServices
dyld[27787]: <D990E4B5-60F8-312E-B601-14C9C229E467> /System/Library/PrivateFrameworks/OTSVG.framework/Versions/A/OTSVG
dyld[27787]: <0CB0E38A-C4C2-3D11-82E7-58E6D0521962> /System/Library/Frameworks/ApplicationServices.framework/Versions/A/Frameworks/ATS.framework/Versions/A/Resources/libFontRegistry.dylib
dyld[27787]: <915076EF-B8FE-3FCA-9F99-C8B057714C60> /usr/lib/libhvf.dylib
dyld[27787]: <407A0D0C-CAD7-3C21-AB16-A5B6A26672AD> /System/Library/PrivateFrameworks/ParsingInternal.framework/Versions/A/ParsingInternal
dyld[27787]: <03B97D75-2482-347A-A7FD-5A42CD05C821> /System/Library/PrivateFrameworks/FontServices.framework/libXTFontStaticRegistryData.dylib
dyld[27787]: <17646168-5B29-3666-8FAE-1DD76C0D8EAB> /System/Library/Frameworks/MetalPerformanceShaders.framework/Versions/A/Frameworks/MPSCore.framework/Versions/A/MPSCore
dyld[27787]: <3E61A2F0-BFA0-346E-9C32-7B6366909295> /System/Library/Frameworks/MetalPerformanceShaders.framework/Versions/A/Frameworks/MPSImage.framework/Versions/A/MPSImage
dyld[27787]: <5B76C886-9E0C-3454-A7F6-FB76175DB8FC> /System/Library/Frameworks/MetalPerformanceShaders.framework/Versions/A/Frameworks/MPSNeuralNetwork.framework/Versions/A/MPSNeuralNetwork
dyld[27787]: <6DFEEF33-43FF-3679-8A12-A23A82768E06> /System/Library/Frameworks/MetalPerformanceShaders.framework/Versions/A/Frameworks/MPSMatrix.framework/Versions/A/MPSMatrix
dyld[27787]: <5E06F6DE-332C-3C46-B225-278701805B44> /System/Library/Frameworks/MetalPerformanceShaders.framework/Versions/A/Frameworks/MPSRayIntersector.framework/Versions/A/MPSRayIntersector
dyld[27787]: <530AFC24-8A84-3B7A-9601-9608EA68391C> /System/Library/Frameworks/MetalPerformanceShaders.framework/Versions/A/Frameworks/MPSNDArray.framework/Versions/A/MPSNDArray
dyld[27787]: <3C6622F5-AB60-3265-826E-BCA11E76B3C9> /System/Library/Frameworks/MetalPerformanceShaders.framework/Versions/A/Frameworks/MPSFunctions.framework/Versions/A/MPSFunctions
dyld[27787]: <34C6F278-549D-3DBF-B88F-0591576512C3> /System/Library/Frameworks/MetalPerformanceShaders.framework/Versions/A/Frameworks/MPSBenchmarkLoop.framework/Versions/A/MPSBenchmarkLoop
dyld[27787]: <68535808-29A7-3C3B-9A6F-65358A8DECAD> /System/Library/Frameworks/MetalPerformanceShaders.framework/Versions/A/Frameworks/MPSHost.framework/Versions/A/MPSHost
dyld[27787]: <A21482D3-238A-3B8C-B9BF-0D03C46838BA> /System/Library/PrivateFrameworks/MetalTools.framework/Versions/A/MetalTools
dyld[27787]: <4C88B61F-FAA2-3AD1-8071-964F431680EF> /System/Library/PrivateFrameworks/MTL3On4.framework/Versions/A/MTL3On4
dyld[27787]: <9708579B-01E6-37FD-833F-BF8B65BC1CD9> /System/Library/PrivateFrameworks/IOAccelMemoryInfo.framework/Versions/A/IOAccelMemoryInfo
dyld[27787]: <331AC831-6827-362F-ACEE-EFE5C659A704> /System/Library/PrivateFrameworks/kperf.framework/Versions/A/kperf
dyld[27787]: <6B32B025-E4AC-3DBB-82A0-00C207DE3E9A> /System/Library/PrivateFrameworks/GPURawCounter.framework/Versions/A/GPURawCounter
dyld[27787]: <3033C83E-4D72-387E-BCE1-40B939E40FE1> /System/Library/PrivateFrameworks/IOKitten.framework/Versions/A/IOKitten
dyld[27787]: <BC05C7BC-39DB-3B80-BD79-9E0CF91CF33F> /System/Library/PrivateFrameworks/GraphicsServices.framework/Versions/A/GraphicsServices
dyld[27787]: <6F894094-DB42-3AC6-A636-A0015BD59420> /System/Library/PrivateFrameworks/GPUWrangler.framework/Versions/A/GPUWrangler
dyld[27787]: <387FE772-E201-30A4-9821-921F933E1C32> /System/Library/PrivateFrameworks/IOPresentment.framework/Versions/A/IOPresentment
dyld[27787]: <AE90E5E9-AFCB-355A-9F1E-F07059234C3C> /System/Library/PrivateFrameworks/DSExternalDisplay.framework/Versions/A/DSExternalDisplay
dyld[27787]: <142B5394-5EF4-3DB5-8338-21142138F677> /System/Library/PrivateFrameworks/VideoToolboxParavirtualizationSupport.framework/Versions/A/VideoToolboxParavirtualizationSupport
dyld[27787]: <DEC7945F-002C-38A7-B953-8BE56978396B> /System/Library/PrivateFrameworks/AppleVA.framework/Versions/A/AppleVA
dyld[27787]: <6805618D-047A-3C18-81FB-97E125C28BB2> /System/Library/PrivateFrameworks/CMCaptureCore.framework/Versions/A/CMCaptureCore
dyld[27787]: <33B3AF2C-F0FF-35F2-AAD1-2EF022499FA3> /usr/lib/libspindump.dylib
dyld[27787]: <841E8C95-2A2D-38A2-B853-8515D77D35C8> /System/Library/Frameworks/CoreAudio.framework/Versions/A/CoreAudio
dyld[27787]: <90A1C830-262E-3EE3-8447-01920F98415D> /System/Library/PrivateFrameworks/PowerLog.framework/Versions/A/PowerLog
dyld[27787]: <817C9244-399D-3772-9C13-72E2615D6F13> /System/Library/PrivateFrameworks/perfdata.framework/Versions/A/perfdata
dyld[27787]: <ED900A02-C2C6-3D27-91F3-6CF8F49E215D> /System/Library/PrivateFrameworks/AudioDSPGraph.framework/Versions/A/AudioDSPGraph
dyld[27787]: <D49534DE-23DB-3DF8-9E57-CF109A0E0487> /System/Library/PrivateFrameworks/AudioToolboxCore.framework/Versions/A/AudioToolboxCore
dyld[27787]: <721501E5-6354-3993-8513-C0B082F99154> /System/Library/PrivateFrameworks/caulk.framework/Versions/A/caulk
dyld[27787]: <947C4A72-B340-36F8-9CA3-9B6FB05956E1> /usr/lib/libAudioStatistics.dylib
dyld[27787]: <AD7D739F-76E6-3D58-BED7-BE7837085D30> /System/Library/PrivateFrameworks/SystemPolicy.framework/Versions/A/SystemPolicy
dyld[27787]: <993FDB0F-6C99-311F-B623-3260507145CF> /usr/lib/swift/libswiftCoreMIDI.dylib
dyld[27787]: <F4D9E702-2926-3C27-BF5F-6938A6A2DB8D> /System/Library/Frameworks/CoreMIDI.framework/Versions/A/CoreMIDI
dyld[27787]: <EFAB9F63-ADCA-3368-8C5A-EBE60BFCB8F8> /usr/lib/libperfcheck.dylib
dyld[27787]: <098255BA-32F4-3596-8584-D965FB16AEB9> /System/Library/PrivateFrameworks/AudioAnalytics.framework/Versions/A/AudioAnalytics
dyld[27787]: <BF49B46A-B64A-3017-B6FB-CAF616D2E631> /usr/lib/libmis.dylib
dyld[27787]: <F7A5EF62-DA8F-3FD4-B89E-409F16DD1F34> /System/Library/PrivateFrameworks/HIDDisplay.framework/Versions/A/HIDDisplay
dyld[27787]: <A10B4E46-70E2-361B-9449-4AFFDB1EBAFD> /System/Library/PrivateFrameworks/HID.framework/Versions/A/HID
dyld[27787]: <CBB688F9-32AB-327F-98A3-A2B9FB8CB29F> /System/Library/PrivateFrameworks/TextInput.framework/Versions/A/TextInput
dyld[27787]: <AE2DE6A1-DB51-3BF1-9BC6-3EC89B1DD2A3> /System/Library/PrivateFrameworks/CVNLP.framework/Versions/A/CVNLP
dyld[27787]: <77AFED3B-48BE-3018-B802-81E5DF334675> /System/Library/PrivateFrameworks/LanguageModeling.framework/Versions/A/LanguageModeling
dyld[27787]: <C63045E7-84CA-3E9A-90E1-282C92A6C601> /System/Library/PrivateFrameworks/DataDetectorsCore.framework/Versions/A/DataDetectorsCore
dyld[27787]: <84633B20-A721-3A05-A852-EEB2B2AFE71F> /System/Library/PrivateFrameworks/Futhark.framework/Versions/A/Futhark
dyld[27787]: <961FBB9E-EA7A-304D-B367-5C1A3AEA9B99> /System/Library/PrivateFrameworks/VisionCore.framework/Versions/A/VisionCore
dyld[27787]: <44F1BE31-5290-37C5-AB06-F9EDC95F5D6E> /System/Library/PrivateFrameworks/LinguisticData.framework/Versions/A/LinguisticData
dyld[27787]: <AA4E282F-B20A-3621-89CC-6C754797CD84> /System/Library/Frameworks/CoreML.framework/Versions/A/CoreML
dyld[27787]: <AEF65684-CCBA-320F-84F9-539379A3DBAB> /System/Library/Frameworks/NaturalLanguage.framework/Versions/A/NaturalLanguage
dyld[27787]: <B1E45316-860C-3144-9A30-F18EB7E1AE27> /System/Library/PrivateFrameworks/Espresso.framework/Versions/A/Espresso
dyld[27787]: <E8FBFD1B-74F0-371A-A315-DE4A7C00BBF9> /System/Library/PrivateFrameworks/Lexicon.framework/Versions/A/Lexicon
dyld[27787]: <47558A3F-2BAC-3921-B5FB-A7608347263A> /System/Library/Frameworks/DataDetection.framework/Versions/A/DataDetection
dyld[27787]: <3CFAEB78-F004-38DB-9CC6-58DB7A907A61> /System/Library/PrivateFrameworks/AppleNeuralEngine.framework/Versions/A/AppleNeuralEngine
dyld[27787]: <B8F45647-CF81-3569-B623-69FB7154B44A> /usr/lib/swift/libswiftCoreImage.dylib
dyld[27787]: <15B107F6-CE74-3068-A579-D18393EE7CA3> /usr/lib/swift/libswiftMLCompute.dylib
dyld[27787]: <6EC0FA30-EDBA-36FF-92E3-3A9A6BB04F5D> /usr/lib/swift/libswiftNaturalLanguage.dylib
dyld[27787]: <AD161A31-83B0-3086-8BFD-83E60B0D56B3> /System/Library/PrivateFrameworks/InternationalSupport.framework/Versions/A/InternationalSupport
dyld[27787]: <E8E1B645-35AB-36AE-90AA-08525F1369F4> /System/Library/PrivateFrameworks/CMPhoto.framework/Versions/A/CMPhoto
dyld[27787]: <63807678-66DD-38C0-B6B5-537AF33BC5B4> /System/Library/Frameworks/MediaToolbox.framework/Versions/A/MediaToolbox
dyld[27787]: <90444795-D8B0-3B5A-9771-6A7BEBABCFA7> /System/Library/PrivateFrameworks/Montreal.framework/Versions/A/Montreal
dyld[27787]: <8D2DEB18-942B-365D-BB7A-17373D21D47A> /System/Library/PrivateFrameworks/ByteMatrixVerification.framework/Versions/A/ByteMatrixVerification
dyld[27787]: <C2D5CDE0-EED3-3982-AD60-111FD7240741> /usr/lib/libFDRDecode.dylib
dyld[27787]: <F7E2A0E7-EE96-3EB5-B1D8-ED585046BBB9> /System/Library/PrivateFrameworks/AppleJPEGXL.framework/Versions/A/AppleJPEGXL
dyld[27787]: <4BEF4480-2A14-3E5F-A072-2093CDC92E45> /System/Library/Frameworks/CryptoKit.framework/Versions/A/CryptoKit
dyld[27787]: <ADF3D781-AD06-3443-9D41-322930384F56> /usr/lib/swift/libswiftCompression.dylib
dyld[27787]: <B41605FE-3861-34CB-B566-5E0E723FFA1C> /System/Library/PrivateFrameworks/CryptoKitPrivate.framework/Versions/A/CryptoKitPrivate
dyld[27787]: <A19F34CD-B02D-3108-B5FE-56F9713FD303> /System/Library/PrivateFrameworks/CryptoKitCBridging.framework/Versions/A/CryptoKitCBridging
dyld[27787]: <AF9CF31C-DD15-3A4D-AA5A-EC0B1BF5D30D> /System/Library/Frameworks/CryptoTokenKit.framework/Versions/A/CryptoTokenKit
dyld[27787]: <0FE07D84-AAF0-3468-8B09-81CFBDE17CB7> /System/Library/Frameworks/LocalAuthentication.framework/Versions/A/LocalAuthentication
dyld[27787]: <7B463B6F-6F1A-3C56-A750-D3B219159803> /System/Library/Frameworks/OpenDirectory.framework/Versions/A/OpenDirectory
dyld[27787]: <CC36DBBE-87E2-30A8-91A1-8FAF538B612C> /System/Library/PrivateFrameworks/LocalAuthenticationCore.framework/Versions/A/LocalAuthenticationCore
dyld[27787]: <171BA905-31E4-3676-931A-8C664EE9E082> /System/Library/PrivateFrameworks/LocalAuthenticationCredentialServices.framework/Versions/A/LocalAuthenticationCredentialServices
dyld[27787]: <BBE9191E-4B57-3C6B-9101-079C733F1C51> /System/Library/Frameworks/LocalAuthentication.framework/Support/SharedUtils.framework/Versions/A/SharedUtils
dyld[27787]: <76B1549A-4465-306F-9973-CC308D5F2823> /System/Library/PrivateFrameworks/DFRFoundation.framework/Versions/A/DFRFoundation
dyld[27787]: <AABD02FA-1F30-382C-9923-D4EC57D0BC69> /System/Library/PrivateFrameworks/DiskManagement.framework/Versions/A/DiskManagement
dyld[27787]: <527609C4-382A-368F-8CD6-5B3F2439B02C> /usr/lib/libcsfde.dylib
dyld[27787]: <9BE2B7B1-1E38-3462-8B1E-9275D5959679> /usr/lib/libCoreStorage.dylib
dyld[27787]: <3A8A9B4A-8B63-34EE-BD87-A34132BE3BC6> /System/Library/PrivateFrameworks/MediaKit.framework/Versions/A/MediaKit
dyld[27787]: <EB8ECED3-E112-3FCA-B394-62B74BA320EE> /System/Library/Frameworks/DiscRecording.framework/Versions/A/DiscRecording
dyld[27787]: <DF8CC588-5743-39D3-9A88-D3B370A175DD> /System/Library/PrivateFrameworks/ProtectedCloudStorage.framework/Versions/A/ProtectedCloudStorage
dyld[27787]: <5A580638-19C0-32E9-9A75-2956B04F8CC6> /System/Library/PrivateFrameworks/EFILogin.framework/Versions/A/EFILogin
dyld[27787]: <769A50BA-A8FB-314D-86A0-3AD2901A0708> /System/Library/PrivateFrameworks/AAAFoundation.framework/Versions/A/AAAFoundation
dyld[27787]: <0387B274-4C88-3D85-883F-E8F075E82EB4> /System/Library/Frameworks/Accounts.framework/Versions/A/Accounts
dyld[27787]: <A16082B4-AD51-3DCE-9C9E-FDB5602CC21A> /System/Library/PrivateFrameworks/CloudServices.framework/Versions/A/CloudServices
dyld[27787]: <605AFA6E-A8B0-327B-9089-608CA148CAD8> /System/Library/PrivateFrameworks/OctagonTrust.framework/Versions/A/OctagonTrust
dyld[27787]: <35BB52C0-B1AD-3EE5-96E2-53D6B1951B93> /System/Library/PrivateFrameworks/AppleIDAuthSupport.framework/Versions/A/AppleIDAuthSupport
dyld[27787]: <159AF37E-0867-3D07-A69E-824BD8903716> /System/Library/Frameworks/SecurityFoundation.framework/Versions/A/SecurityFoundation
dyld[27787]: <0C129C74-2E37-310A-A8E6-8AC4ADAD0AAA> /System/Library/PrivateFrameworks/KeychainCircle.framework/Versions/A/KeychainCircle
dyld[27787]: <C9FF5385-781F-33DC-9C13-1FFCFC468648> /System/Library/PrivateFrameworks/AuthKit.framework/Versions/A/AuthKit
dyld[27787]: <12579D2E-6604-3544-84E6-FB8979E3559D> /System/Library/PrivateFrameworks/MultiverseSupport.framework/Versions/A/MultiverseSupport
dyld[27787]: <0255A015-1B74-3375-8F24-D31E9C2EC9DA> /System/Library/PrivateFrameworks/URLFormatting.framework/Versions/A/URLFormatting
dyld[27787]: <7653D810-0E5D-3C66-82BC-E1512B9C9F77> /System/Library/Frameworks/AudioToolbox.framework/Versions/A/AudioToolbox
dyld[27787]: <4EE95459-2749-3BC5-A994-742A10E7C348> /System/Library/PrivateFrameworks/AudioSession.framework/Versions/A/AudioSession
dyld[27787]: <8FDD8E92-0733-3307-B8A3-8B24D72200AE> /System/Library/PrivateFrameworks/MediaExperience.framework/Versions/A/MediaExperience
dyld[27787]: <D633876D-96AC-3E60-B39A-EE31432E0895> /System/Library/PrivateFrameworks/AudioSession.framework/libSessionUtility.dylib
dyld[27787]: <45892799-7C1B-354A-9DA9-4DB3AF6F6619> /System/Library/PrivateFrameworks/AudioAccessoryServices.framework/Versions/A/AudioAccessoryServices
dyld[27787]: <D720EC05-3D61-36F4-9D43-66C2E8F4C33F> /System/Library/Frameworks/CoreBluetooth.framework/Versions/A/CoreBluetooth
dyld[27787]: <5242566F-399F-3413-8527-9E07EAA30FA5> /System/Library/PrivateFrameworks/CoreUtils.framework/Versions/A/CoreUtils
dyld[27787]: <A67F066D-DD49-3C07-9A00-7B29AC4929F2> /System/Library/PrivateFrameworks/Sharing.framework/Versions/A/Sharing
dyld[27787]: <0CAE9BCA-0D1B-3C12-A633-9F32EE9C63A0> /System/Library/PrivateFrameworks/CoreUtilsExtras.framework/Versions/A/CoreUtilsExtras
dyld[27787]: <467E4D50-66AF-32AF-BF16-FABBB69358A1> /System/Library/PrivateFrameworks/IO80211.framework/Versions/A/IO80211
dyld[27787]: <B5D6F1E0-D8E9-382F-8CC0-5E73DED9E4E8> /System/Library/PrivateFrameworks/AutoUnlock.framework/Versions/A/AutoUnlock
dyld[27787]: <2B4D5780-E640-3452-BE02-324F33BABCEE> /System/Library/PrivateFrameworks/IDSFoundation.framework/Versions/A/IDSFoundation
dyld[27787]: <29732E9A-6649-348E-8B06-8DFE3282AF52> /System/Library/PrivateFrameworks/IconServices.framework/Versions/A/IconServices
dyld[27787]: <2DCC8AA2-3642-37AA-906A-CDB18D421495> /System/Library/PrivateFrameworks/Apple80211.framework/Versions/A/Apple80211
dyld[27787]: <9A6F1D46-9554-34FE-9814-584B1442C82F> /System/Library/PrivateFrameworks/CoreWiFi.framework/Versions/A/CoreWiFi
dyld[27787]: <1A32F012-DF6F-3ED9-A869-57A59484364A> /System/Library/Frameworks/CoreWLAN.framework/Versions/A/CoreWLAN
dyld[27787]: <0F8909E8-5FEB-30F4-9F0C-452BA0426366> /System/Library/Frameworks/IOBluetooth.framework/Versions/A/IOBluetooth
dyld[27787]: <15E2350E-1E7F-3101-B816-E0438873739E> /System/Library/PrivateFrameworks/SharingCore.framework/Versions/A/SharingCore
dyld[27787]: <BC7BFCF2-2120-3313-A501-81E5E2030022> /usr/lib/swift/libswiftCoreLocation.dylib
dyld[27787]: <4484AE3C-DD6E-3D6E-B682-78031760A8DC> /System/Library/PrivateFrameworks/BiometricKit.framework/Versions/A/BiometricKit
dyld[27787]: <EA313BBC-AAAB-3716-96FA-D224A66180A9> /System/Library/PrivateFrameworks/IMFoundation.framework/Versions/A/IMFoundation
dyld[27787]: <1C5863F1-C561-3D38-8076-718C228371A4> /System/Library/PrivateFrameworks/Marco.framework/Versions/A/Marco
dyld[27787]: <C9B179FF-3071-35D9-B3CE-932C1845FA53> /System/Library/PrivateFrameworks/CommonUtilities.framework/Versions/A/CommonUtilities
dyld[27787]: <1B54007D-5CC2-3424-8101-F06E4C9201EF> /System/Library/PrivateFrameworks/Engram.framework/Versions/A/Engram
dyld[27787]: <DDCCA426-41C2-33FC-92D5-810AF76E1702> /System/Library/PrivateFrameworks/XPCDistributed.framework/Versions/A/XPCDistributed
dyld[27787]: <60F263CC-53CC-3454-A069-5C50D9D16D19> /usr/lib/libtidy.A.dylib
dyld[27787]: <6E40173C-0E6F-350B-832B-BD14D3552376> /System/Library/PrivateFrameworks/Bom.framework/Versions/A/Bom
dyld[27787]: <50396DE2-F322-317E-9ED6-FBD03C6DEC07> /usr/lib/libParallelCompression.dylib
dyld[27787]: <56CA8F0D-7FDF-38DD-9B54-C141FAEA16D4> /System/Library/PrivateFrameworks/IconFoundation.framework/Versions/A/IconFoundation
dyld[27787]: <FD60E3A6-E6B6-3F30-888C-E3C7C2795522> /System/Library/PrivateFrameworks/SiriAvailability.framework/Versions/A/SiriAvailability
dyld[27787]: <2E100945-8CFA-3D2B-B98B-346599B9AA7D> /System/Library/PrivateFrameworks/IconRendering.framework/Versions/A/IconRendering
dyld[27787]: <60DF4BCA-CAB3-3E8D-949E-F4999B9F65AB> /System/Library/PrivateFrameworks/CoreUI.framework/Versions/A/CoreUI
dyld[27787]: <51EDA369-341F-3AAA-84D9-354FAC00A73D> /System/Library/PrivateFrameworks/SFSymbols.framework/Versions/A/SFSymbols
dyld[27787]: <0CEB8553-8176-3B75-BCC3-B98FD7B64222> /System/Library/Frameworks/DeveloperToolsSupport.framework/Versions/A/DeveloperToolsSupport
dyld[27787]: <D0756662-35F8-3277-89DA-20FFABC3912B> /System/Library/PrivateFrameworks/RenderBox.framework/Versions/A/RenderBox
dyld[27787]: <BFAE1E75-29E4-33ED-8E0E-3CFCAF6A5B44> /System/Library/PrivateFrameworks/CoreSVG.framework/Versions/A/CoreSVG
dyld[27787]: <77C5ABD2-6C4C-388B-BBA5-367439EB7A43> /System/Library/PrivateFrameworks/TextureIO.framework/Versions/A/TextureIO
dyld[27787]: <1C8E48C6-0401-396B-A010-1ECE51273DFC> /System/Library/PrivateFrameworks/WallpaperServices.framework/Versions/A/WallpaperServices
dyld[27787]: <853DEB4C-3BD6-36C7-8239-9107D89EA9C4> /System/Library/Frameworks/ApplicationServices.framework/Versions/A/Frameworks/ATSUI.framework/Versions/A/ATSUI
dyld[27787]: <9B2BB676-BE90-345E-8A8A-BEA1676AB68B> /usr/lib/libIOReport.dylib
dyld[27787]: <C2CE1513-E864-34FE-9C4C-001F9E0513CC> /System/Library/PrivateFrameworks/WiFiPeerToPeer.framework/Versions/A/WiFiPeerToPeer
dyld[27787]: <5839CD39-6FDD-3C38-9824-ACE3C0CF481D> /usr/lib/libmrc.dylib
dyld[27787]: <2301FE73-C531-3885-B40F-4738EE870E90> /System/Library/PrivateFrameworks/IPConfiguration.framework/Versions/A/IPConfiguration
dyld[27787]: <0C6D9FA0-04A6-3D85-B75A-4DF17EC09F8C> /System/Library/PrivateFrameworks/Netrb.framework/Versions/A/Netrb
dyld[27787]: <F903486D-99F2-36D4-8A40-0B5BCC1B2185> /System/Library/PrivateFrameworks/FrontBoardServices.framework/Versions/A/FrontBoardServices
dyld[27787]: <907B748E-473A-3849-BFD2-07DA41ECC310> /System/Library/Frameworks/UserNotifications.framework/Versions/A/UserNotifications
dyld[27787]: <6329118D-9F82-35CD-8F38-BF2E9164D2C9> /System/Library/Frameworks/AudioUnit.framework/Versions/A/AudioUnit
dyld[27787]: <2F38131E-65D3-3A73-BC81-5C11E4112219> /System/Library/Frameworks/OpenDirectory.framework/Versions/A/Frameworks/CFOpenDirectory.framework/Versions/A/CFOpenDirectory
dyld[27787]: <CF70348E-0296-3DBB-8D53-3E62A0D85EE3> /System/Library/Frameworks/CoreLocation.framework/Versions/A/CoreLocation
dyld[27787]: <34711F94-0941-34BA-996A-A8BB638EE164> /System/Library/Frameworks/_LocationEssentials.framework/Versions/A/_LocationEssentials
dyld[27787]: <5C3AB432-E7AC-3921-941B-0E89A7E6AFD5> /System/Library/PrivateFrameworks/GeoServices.framework/Versions/A/GeoServices
dyld[27787]: <7EFFF158-298B-325B-8314-F5BA8D7E3FED> /System/Library/PrivateFrameworks/LocationSupport.framework/Versions/A/LocationSupport
dyld[27787]: <CDAEADC8-8B91-3B94-9E0A-69AFFC3CB2D4> /System/Library/PrivateFrameworks/GeoServicesCore.framework/Versions/A/GeoServicesCore
dyld[27787]: <784A1908-25BF-3DB1-8B68-29B5A287C006> /System/Library/PrivateFrameworks/PhoneNumbers.framework/Versions/A/PhoneNumbers
dyld[27787]: <360ED100-A72C-3BFB-B101-810AC55C83BF> /System/Library/PrivateFrameworks/LocationLogEncryption.framework/Versions/A/LocationLogEncryption
dyld[27787]: <11C5EEC2-C956-3593-B8D4-7066BFB3512A> /System/Library/PrivateFrameworks/CoreAVCHD.framework/Versions/A/CoreAVCHD
dyld[27787]: <053FCEB1-DB3A-3E10-A847-50BBA8A87DA1> /System/Library/Frameworks/MediaAccessibility.framework/Versions/A/MediaAccessibility
dyld[27787]: <4EA93E87-F43D-36BF-809B-71C5E586F8B7> /System/Library/PrivateFrameworks/Mangrove.framework/Versions/A/Mangrove
dyld[27787]: <612C6422-6995-3705-9828-80746E6AE585> /System/Library/Frameworks/CoreTelephony.framework/Versions/A/CoreTelephony
dyld[27787]: <3D9400FD-DE08-369B-B198-8F469BF2B8BC> /System/Library/PrivateFrameworks/CoreAUC.framework/Versions/A/CoreAUC
dyld[27787]: <75EDE623-3DF9-3496-8B40-816490D812F9> /usr/lib/libTelephonyUtilDynamic.dylib
dyld[27787]: <5D868430-6DA7-3AF8-8CEE-2DEB15F4B192> /System/Library/PrivateFrameworks/CoreEmoji.framework/Versions/A/CoreEmoji
dyld[27787]: <E73478C8-8F83-3240-BD7C-9CC3A10045D0> /System/Library/PrivateFrameworks/ANECompiler.framework/Versions/A/ANECompiler
dyld[27787]: <6CFEF06D-3736-3ED1-8AD0-3D572BA40B7C> /System/Library/PrivateFrameworks/MIL.framework/Versions/A/MIL
dyld[27787]: <029BDE56-B432-3A93-B3A3-2077CBFB41D5> /System/Library/Frameworks/MetalPerformanceShadersGraph.framework/Versions/A/MetalPerformanceShadersGraph
dyld[27787]: <47F79F7A-7249-387B-A7A3-71E3EC827D35> /System/Library/PrivateFrameworks/MLCompilerServices.framework/Versions/A/MLCompilerServices
dyld[27787]: <8A3F4B2F-7D15-3502-A3E0-DFB638C2869B> /System/Library/PrivateFrameworks/ANEServices.framework/Versions/A/ANEServices
dyld[27787]: <76CE7CC7-FD55-3502-B779-4A91DD18FF5D> /usr/lib/libncurses.5.4.dylib
dyld[27787]: <8778B0B0-B0F5-392F-80F8-C887E9681637> /usr/lib/libsandbox.1.dylib
dyld[27787]: <A2A9BDCC-3899-3B83-9EC0-AEC976B982D8> /usr/lib/libMatch.1.dylib
dyld[27787]: <FB7857DE-3E3F-3C90-B036-8DD0455D0D08> /System/Library/SubFrameworks/CoreAIRuntime.framework/Versions/A/CoreAIRuntime
dyld[27787]: <104F010A-E00F-39A2-9F9C-CAB2CC58BA3D> /System/Library/SubFrameworks/CoreAICompiler.framework/Versions/A/CoreAICompiler
dyld[27787]: <9E341275-2A38-3485-98D7-29164C4B037B> /System/Library/SubFrameworks/CoreAICommon.framework/Versions/A/CoreAICommon
dyld[27787]: <67D8CBCF-BBE3-3EB9-9469-2E6E5B785B4D> /System/Library/PrivateFrameworks/ODIE.framework/Versions/A/ODIE
dyld[27787]: <AB3C7545-E8B1-3AF8-9A7D-D202DD418B87> /System/Library/PrivateFrameworks/ODIE.framework/Versions/A/Frameworks/libODIECompiler.dylib
dyld[27787]: <E3C98A58-B2AF-34E1-AEE1-D45EF4277C3A> /System/Library/PrivateFrameworks/MLCompilerRuntime.framework/Versions/A/MLCompilerRuntime
dyld[27787]: <552048BA-26FF-33F4-B930-BD7BA6AE144E> /System/Library/Frameworks/MLCompute.framework/Versions/A/MLCompute
dyld[27787]: <DF80DDDA-A31F-34DE-B7DF-F539753D01F2> /System/Library/PrivateFrameworks/MLAssetIO.framework/Versions/A/MLAssetIO
dyld[27787]: <AE3C698D-3483-385B-8779-376AA375E626> /usr/lib/libcmph.dylib
dyld[27787]: <7DBD644B-7057-3040-8EA7-6AA373EF6580> /System/Library/Frameworks/AVFoundation.framework/Versions/A/AVFoundation
dyld[27787]: <E6AD61A0-C5EC-353E-961A-F3EF577BEB85> /System/Library/Frameworks/AVFAudio.framework/Versions/A/AVFAudio
dyld[27787]: <7FDE88CB-E3AF-3C12-A702-D3C4F45451DE> /System/Library/PrivateFrameworks/AVFCore.framework/Versions/A/AVFCore
dyld[27787]: <B3079358-30B4-38A2-9E0F-0A53D4E92A06> /System/Library/PrivateFrameworks/AVFCapture.framework/Versions/A/AVFCapture
dyld[27787]: <B1F0F27E-9C2E-3484-8281-E08E0A587628> /System/Library/Frameworks/AVRouting.framework/Versions/A/AVRouting
dyld[27787]: <177C6363-8B15-3241-AA4C-3A136A1ADF9D> /System/Library/PrivateFrameworks/IsolatedCoreAudioClient.framework/Versions/A/IsolatedCoreAudioClient
dyld[27787]: <17F45734-E410-3651-83FB-6F4F72793016> /System/Library/PrivateFrameworks/Tightbeam.framework/Versions/A/Tightbeam
dyld[27787]: <C53B71E8-ACFF-36B6-9AE2-B19300E7EFD2> /System/Library/PrivateFrameworks/CoreAudioOrchestration.framework/Versions/A/CoreAudioOrchestration
dyld[27787]: <0598C108-FF3F-3E39-965A-93157CE836D1> /System/Library/PrivateFrameworks/AFKUser.framework/Versions/A/AFKUser
dyld[27787]: <3D3A9F4D-CA58-3FC3-913D-8075FE8B295A> /usr/lib/libAccessibility.dylib
dyld[27787]: <55D2FFAA-71A5-32A9-A873-3BC601CB8270> /System/Library/PrivateFrameworks/CMCapture.framework/Versions/A/CMCapture
dyld[27787]: <65F8A024-2225-3A19-BFFE-5851DE039386> /System/Library/PrivateFrameworks/CMImaging.framework/Versions/A/CMImaging
dyld[27787]: <57F8689D-358E-3F3D-99C8-DF20BA88E009> /System/Library/PrivateFrameworks/Quagga.framework/Versions/A/Quagga
dyld[27787]: <42FA413D-F41D-3EBA-A004-1A4BF131836F> /System/Library/Frameworks/CoreMediaIO.framework/Versions/A/CoreMediaIO
dyld[27787]: <034A20DE-D152-357C-A054-77A4FAFEFEEC> /System/Library/PrivateFrameworks/CMCaptureDevice.framework/Versions/A/CMCaptureDevice
dyld[27787]: <3208EA72-418C-3925-9B1B-63C6C4D6BED7> /System/Library/PrivateFrameworks/CinematicFraming.framework/Versions/A/CinematicFraming
dyld[27787]: <3AE4DEFB-4D32-3CB0-B374-99196B4278DA> /System/Library/PrivateFrameworks/ModelManagerServices.framework/Versions/A/ModelManagerServices
dyld[27787]: <B8147487-55D3-37E7-B3EA-CCC0F73F862D> /System/Library/Frameworks/CoreMotion.framework/Versions/A/CoreMotion
dyld[27787]: <DDD3E07F-7C08-3CD1-AB49-E92A1750A62C> /System/Library/PrivateFrameworks/DistributedSensing.framework/Versions/A/DistributedSensing
dyld[27787]: <C6BB1755-D0C6-32CD-88CC-A5B56EE50645> /System/Library/PrivateFrameworks/MobileBluetooth.framework/Versions/A/MobileBluetooth
dyld[27787]: <27091226-02BD-3686-BF0E-085096893D67> /System/Library/PrivateFrameworks/Rapport.framework/Versions/A/Rapport
dyld[27787]: <0F31BAE7-B2B6-3BCB-B2C6-B239449E2734> /System/Library/PrivateFrameworks/AppleIntelligenceReporting.framework/Versions/A/AppleIntelligenceReporting
dyld[27787]: <5DF01521-DA21-3FA2-9581-1D814B129B76> /usr/lib/libcups.2.dylib
dyld[27787]: <36818586-0927-335D-94A6-FACA52DAD4EF> /System/Library/Frameworks/Kerberos.framework/Versions/A/Kerberos
dyld[27787]: <778B1AA4-BAD7-376F-B3D2-9E4351381EB6> /System/Library/Frameworks/GSS.framework/Versions/A/GSS
dyld[27787]: <7A5E3B41-E1A5-31B8-8305-00D4886ADD73> /usr/lib/libresolv.9.dylib
dyld[27787]: <65B96FD7-F535-3837-ABC1-EE1D5A60ABDB> /System/Library/PrivateFrameworks/Heimdal.framework/Versions/A/Heimdal
dyld[27787]: <7B620A28-EDAD-3A85-9119-1E2B416CE165> /System/Library/Frameworks/Kerberos.framework/Versions/A/Libraries/libHeimdalProxy.dylib
dyld[27787]: <4784BF83-DC78-3E97-9A01-C529A57BBEFA> /System/Library/PrivateFrameworks/CommonAuth.framework/Versions/A/CommonAuth
dyld[27787]: <984C45FC-1DE2-3439-B962-8EAD027A77AB> /System/Library/PrivateFrameworks/AXCoreUtilities.framework/Versions/A/AXCoreUtilities
dyld[27787]: <FD85C228-E13C-34F9-9D7D-C0712CAFB078> /usr/lib/libedit.3.dylib
dyld[27787]: <A2032F2C-B284-348F-BDFC-381250C87359> /System/Library/PrivateFrameworks/AttributeGraph.framework/Versions/A/AttributeGraph
dyld[27787]: <C084AEF8-370C-3E7E-B6BF-DA09B3A6CA0C> /usr/lib/libAXSafeCategoryBundle.dylib
dyld[27787]: <41699BFD-38D3-3314-8B07-D89CB3314E07> /System/Library/Frameworks/TabularData.framework/Versions/A/TabularData
dyld[27787]: <D5AF6F43-2DF9-32FB-8D9B-3B210FE9DF98> /System/Library/PrivateFrameworks/ArgumentParserInternal.framework/Versions/A/ArgumentParserInternal
dyld[27787]: <5F24A8BE-71E7-31BD-B08B-87B902940ACE> /System/Library/Frameworks/Accelerate.framework/Versions/A/Frameworks/vecLib.framework/Versions/A/libvDSP.dylib
dyld[27787]: <9652335A-F8D7-3B4A-ACB7-7DE6416BC466> /System/Library/Frameworks/Accelerate.framework/Versions/A/Frameworks/vecLib.framework/Versions/A/libLAPACK.dylib
dyld[27787]: <1DE99C65-6A3D-355A-8A86-094C3E0E964A> /System/Library/Frameworks/Accelerate.framework/Versions/A/Frameworks/vecLib.framework/Versions/A/libLinearAlgebra.dylib
dyld[27787]: <0E3488EF-0F47-39A1-A1CC-CDBC16D486B9> /System/Library/Frameworks/Accelerate.framework/Versions/A/Frameworks/vecLib.framework/Versions/A/libSparseBLAS.dylib
dyld[27787]: <C802FD74-589B-385F-8928-ACAA5F6F7FC5> /System/Library/Frameworks/Accelerate.framework/Versions/A/Frameworks/vecLib.framework/Versions/A/libQuadrature.dylib
dyld[27787]: <8CED8CD6-005C-3320-A862-FBD989F44C50> /System/Library/Frameworks/Accelerate.framework/Versions/A/Frameworks/vecLib.framework/Versions/A/libBNNS.dylib
dyld[27787]: <FFED5D83-AABF-3832-B0C0-6417CDB3AC0F> /System/Library/Frameworks/Accelerate.framework/Versions/A/Frameworks/vecLib.framework/Versions/A/libSparse.dylib
dyld[27787]: <8BCEEB80-860E-31E3-82D3-19AA45B6C8A4> /usr/lib/libapp_launch_measurement.dylib
dyld[27787]: <AD67DE6D-1296-374B-BF2A-B6EDCC811F6D> /System/Library/PrivateFrameworks/InstalledContentLibrary.framework/Versions/A/InstalledContentLibrary
dyld[27787]: <11F768F3-A56B-396F-B00D-3FC186B5476B> /System/Library/PrivateFrameworks/CoreServicesStore.framework/Versions/A/CoreServicesStore
dyld[27787]: <71573CF6-9FE6-386F-AEE4-E439FFE15829> /System/Library/PrivateFrameworks/AppleMobileFileIntegrity.framework/Versions/A/AppleMobileFileIntegrity
dyld[27787]: <FBC60DCF-D42B-3D08-B58C-A667E28E8B80> /System/Library/PrivateFrameworks/MobileSystemServices.framework/Versions/A/MobileSystemServices
dyld[27787]: <74D3A61E-85C1-355C-80CA-9B7F2D6C2EDE> /System/Library/PrivateFrameworks/ConfigProfileHelper.framework/Versions/A/ConfigProfileHelper
dyld[27787]: <B97F2F85-7D93-39F9-8818-0D15E7FC9C83> /usr/lib/libxslt.1.dylib
dyld[27787]: <3E9AEDC3-E785-3F03-BD6D-E96E3B23F19A> /System/Library/PrivateFrameworks/BackgroundTaskManagement.framework/Versions/A/BackgroundTaskManagement
dyld[27787]: <6EACD1BE-2F93-35BF-BE65-9A936994473D> /usr/lib/libcurl.4.dylib
dyld[27787]: <31BB8ED0-21DB-3DDB-BF06-489A37C06BC3> /usr/lib/libcrypto.46.dylib
dyld[27787]: <19CB2D19-0977-3813-9147-7409AA190486> /usr/lib/libssl.48.dylib
dyld[27787]: <8E111D97-BEBB-3C0D-9CDD-300BDF7D91E9> /System/Library/Frameworks/LDAP.framework/Versions/A/LDAP
dyld[27787]: <F639BC9D-D643-36EB-947D-E8C6FCCAF506> /System/Library/PrivateFrameworks/TrustEvaluationAgent.framework/Versions/A/TrustEvaluationAgent
dyld[27787]: <3D1F6EBF-66CF-3AFE-9EC6-946AC68BA8EF> /usr/lib/libsasl2.2.dylib
dyld[27787]: <B2F31AE9-FA1F-3D55-BE68-A2301B8FF7C1> /System/Library/PrivateFrameworks/NetAuth.framework/Versions/A/NetAuth
dyld[27787]: <2B75C856-223B-39C6-B787-015DD8EE4BFB> /System/Library/PrivateFrameworks/login.framework/Versions/A/Frameworks/loginsupport.framework/Versions/A/loginsupport
dyld[27787]: move loaded to delayed: libcmark-gfm.dylib
dyld[27787]: move loaded to delayed: libCGInterfaces.dylib
dyld[27787]: move loaded to delayed: AccelerateGPU
dyld[27787]: move loaded to delayed: ApplicationServices
dyld[27787]: move loaded to delayed: ATS
dyld[27787]: move loaded to delayed: HIServices
dyld[27787]: move loaded to delayed: PrintCore
dyld[27787]: move loaded to delayed: QD
dyld[27787]: move loaded to delayed: ColorSyncLegacy
dyld[27787]: move loaded to delayed: SpeechSynthesis
dyld[27787]: move loaded to delayed: TextRecognition
dyld[27787]: move loaded to delayed: AudioDSPGraph
dyld[27787]: move loaded to delayed: TextInput
dyld[27787]: move loaded to delayed: CVNLP
dyld[27787]: move loaded to delayed: LanguageModeling
dyld[27787]: move loaded to delayed: DataDetectorsCore
dyld[27787]: move loaded to delayed: Futhark
dyld[27787]: move loaded to delayed: VisionCore
dyld[27787]: move loaded to delayed: CoreML
dyld[27787]: move loaded to delayed: NaturalLanguage
dyld[27787]: move loaded to delayed: Espresso
dyld[27787]: move loaded to delayed: DataDetection
dyld[27787]: move loaded to delayed: AppleNeuralEngine
dyld[27787]: move loaded to delayed: libswiftCoreImage.dylib
dyld[27787]: move loaded to delayed: libswiftMLCompute.dylib
dyld[27787]: move loaded to delayed: libswiftNaturalLanguage.dylib
dyld[27787]: move loaded to delayed: InternationalSupport
dyld[27787]: move loaded to delayed: CMPhoto
dyld[27787]: move loaded to delayed: MediaToolbox
dyld[27787]: move loaded to delayed: Montreal
dyld[27787]: move loaded to delayed: ByteMatrixVerification
dyld[27787]: move loaded to delayed: libFDRDecode.dylib
dyld[27787]: move loaded to delayed: AppleJPEGXL
dyld[27787]: move loaded to delayed: CryptoKit
dyld[27787]: move loaded to delayed: libswiftCompression.dylib
dyld[27787]: move loaded to delayed: CryptoKitPrivate
dyld[27787]: move loaded to delayed: CryptoKitCBridging
dyld[27787]: move loaded to delayed: CryptoTokenKit
dyld[27787]: move loaded to delayed: LocalAuthentication
dyld[27787]: move loaded to delayed: LocalAuthenticationCore
dyld[27787]: move loaded to delayed: LocalAuthenticationCredentialServices
dyld[27787]: move loaded to delayed: SharedUtils
dyld[27787]: move loaded to delayed: DFRFoundation
dyld[27787]: move loaded to delayed: DiskManagement
dyld[27787]: move loaded to delayed: libcsfde.dylib
dyld[27787]: move loaded to delayed: libCoreStorage.dylib
dyld[27787]: move loaded to delayed: ProtectedCloudStorage
dyld[27787]: move loaded to delayed: EFILogin
dyld[27787]: move loaded to delayed: AAAFoundation
dyld[27787]: move loaded to delayed: Accounts
dyld[27787]: move loaded to delayed: CloudServices
dyld[27787]: move loaded to delayed: OctagonTrust
dyld[27787]: move loaded to delayed: AppleIDAuthSupport
dyld[27787]: move loaded to delayed: KeychainCircle
dyld[27787]: move loaded to delayed: AuthKit
dyld[27787]: move loaded to delayed: MultiverseSupport
dyld[27787]: move loaded to delayed: URLFormatting
dyld[27787]: move loaded to delayed: AudioAccessoryServices
dyld[27787]: move loaded to delayed: CoreBluetooth
dyld[27787]: move loaded to delayed: CoreUtils
dyld[27787]: move loaded to delayed: Sharing
dyld[27787]: move loaded to delayed: CoreUtilsExtras
dyld[27787]: move loaded to delayed: IO80211
dyld[27787]: move loaded to delayed: AutoUnlock
dyld[27787]: move loaded to delayed: IDSFoundation
dyld[27787]: move loaded to delayed: IconServices
dyld[27787]: move loaded to delayed: Apple80211
dyld[27787]: move loaded to delayed: CoreWiFi
dyld[27787]: move loaded to delayed: CoreWLAN
dyld[27787]: move loaded to delayed: IOBluetooth
dyld[27787]: move loaded to delayed: SharingCore
dyld[27787]: move loaded to delayed: libswiftCoreLocation.dylib
dyld[27787]: move loaded to delayed: BiometricKit
dyld[27787]: move loaded to delayed: IMFoundation
dyld[27787]: move loaded to delayed: Marco
dyld[27787]: move loaded to delayed: CommonUtilities
dyld[27787]: move loaded to delayed: Engram
dyld[27787]: move loaded to delayed: XPCDistributed
dyld[27787]: move loaded to delayed: libtidy.A.dylib
dyld[27787]: move loaded to delayed: Bom
dyld[27787]: move loaded to delayed: libParallelCompression.dylib
dyld[27787]: move loaded to delayed: IconFoundation
dyld[27787]: move loaded to delayed: SiriAvailability
dyld[27787]: move loaded to delayed: IconRendering
dyld[27787]: move loaded to delayed: CoreUI
dyld[27787]: move loaded to delayed: SFSymbols
dyld[27787]: move loaded to delayed: DeveloperToolsSupport
dyld[27787]: move loaded to delayed: RenderBox
dyld[27787]: move loaded to delayed: CoreSVG
dyld[27787]: move loaded to delayed: TextureIO
dyld[27787]: move loaded to delayed: WallpaperServices
dyld[27787]: move loaded to delayed: ATSUI
dyld[27787]: move loaded to delayed: libIOReport.dylib
dyld[27787]: move loaded to delayed: WiFiPeerToPeer
dyld[27787]: move loaded to delayed: libmrc.dylib
dyld[27787]: move loaded to delayed: IPConfiguration
dyld[27787]: move loaded to delayed: Netrb
dyld[27787]: move loaded to delayed: FrontBoardServices
dyld[27787]: move loaded to delayed: UserNotifications
dyld[27787]: move loaded to delayed: AudioUnit
dyld[27787]: move loaded to delayed: CoreLocation
dyld[27787]: move loaded to delayed: _LocationEssentials
dyld[27787]: move loaded to delayed: GeoServices
dyld[27787]: move loaded to delayed: LocationSupport
dyld[27787]: move loaded to delayed: GeoServicesCore
dyld[27787]: move loaded to delayed: PhoneNumbers
dyld[27787]: move loaded to delayed: LocationLogEncryption
dyld[27787]: move loaded to delayed: CoreAVCHD
dyld[27787]: move loaded to delayed: MediaAccessibility
dyld[27787]: move loaded to delayed: Mangrove
dyld[27787]: move loaded to delayed: CoreTelephony
dyld[27787]: move loaded to delayed: CoreAUC
dyld[27787]: move loaded to delayed: libTelephonyUtilDynamic.dylib
dyld[27787]: move loaded to delayed: CoreEmoji
dyld[27787]: move loaded to delayed: ANECompiler
dyld[27787]: move loaded to delayed: MetalPerformanceShadersGraph
dyld[27787]: move loaded to delayed: MLCompilerServices
dyld[27787]: move loaded to delayed: ANEServices
dyld[27787]: move loaded to delayed: libncurses.5.4.dylib
dyld[27787]: move loaded to delayed: libsandbox.1.dylib
dyld[27787]: move loaded to delayed: libMatch.1.dylib
dyld[27787]: move loaded to delayed: CoreAIRuntime
dyld[27787]: move loaded to delayed: CoreAICompiler
dyld[27787]: move loaded to delayed: CoreAICommon
dyld[27787]: move loaded to delayed: ODIE
dyld[27787]: move loaded to delayed: libODIECompiler.dylib
dyld[27787]: move loaded to delayed: MLCompilerRuntime
dyld[27787]: move loaded to delayed: MLCompute
dyld[27787]: move loaded to delayed: MLAssetIO
dyld[27787]: move loaded to delayed: libcmph.dylib
dyld[27787]: move loaded to delayed: AVFoundation
dyld[27787]: move loaded to delayed: AVFAudio
dyld[27787]: move loaded to delayed: AVFCore
dyld[27787]: move loaded to delayed: AVFCapture
dyld[27787]: move loaded to delayed: AVRouting
dyld[27787]: move loaded to delayed: IsolatedCoreAudioClient
dyld[27787]: move loaded to delayed: Tightbeam
dyld[27787]: move loaded to delayed: CoreAudioOrchestration
dyld[27787]: move loaded to delayed: AFKUser
dyld[27787]: move loaded to delayed: libAccessibility.dylib
dyld[27787]: move loaded to delayed: CMCapture
dyld[27787]: move loaded to delayed: CMImaging
dyld[27787]: move loaded to delayed: Quagga
dyld[27787]: move loaded to delayed: CoreMediaIO
dyld[27787]: move loaded to delayed: CMCaptureDevice
dyld[27787]: move loaded to delayed: CinematicFraming
dyld[27787]: move loaded to delayed: ModelManagerServices
dyld[27787]: move loaded to delayed: CoreMotion
dyld[27787]: move loaded to delayed: DistributedSensing
dyld[27787]: move loaded to delayed: MobileBluetooth
dyld[27787]: move loaded to delayed: Rapport
dyld[27787]: move loaded to delayed: AppleIntelligenceReporting
dyld[27787]: move loaded to delayed: libcups.2.dylib
dyld[27787]: move loaded to delayed: AXCoreUtilities
dyld[27787]: move loaded to delayed: libedit.3.dylib
dyld[27787]: move loaded to delayed: AttributeGraph
dyld[27787]: move loaded to delayed: libAXSafeCategoryBundle.dylib
dyld[27787]: move loaded to delayed: TabularData
dyld[27787]: move loaded to delayed: ArgumentParserInternal
007c:trace:loaddll:build_module Loaded L"C:\\windows\\system32\\svchost.exe" at 0000000140000000: builtin
007c:trace:loaddll:build_module Loaded L"C:\\windows\\system32\\kernelbase.dll" at 00006FFFFFC10000: builtin
007c:trace:loaddll:build_module Loaded L"C:\\windows\\system32\\kernel32.dll" at 00006FFFFFEC0000: builtin
007c:trace:loaddll:build_module Loaded L"C:\\windows\\system32\\msvcrt.dll" at 00006FFFFFAF0000: builtin
007c:trace:loaddll:build_module Loaded L"C:\\windows\\system32\\ucrtbase.dll" at 00006FFFFF9D0000: builtin
007c:trace:loaddll:build_module Loaded L"C:\\windows\\system32\\sechost.dll" at 00006FFFFFAC0000: builtin
007c:trace:loaddll:build_module Loaded L"C:\\windows\\system32\\advapi32.dll" at 00006FFFFFBB0000: builtin
007c:trace:loaddll:build_module Loaded L"C:\\windows\\system32\\wevtsvc.dll" at 00006FFFFF480000: builtin
007c:trace:loaddll:build_module Loaded L"C:\\windows\\system32\\rpcrt4.dll" at 00006FFFFF8F0000: builtin
004c:trace:loaddll:build_module Loaded L"C:\\windows\\system32\\drivers\\nsiproxy.sys" at 00006FFFFF460000: builtin
dyld[27783]: <7C06E98E-C136-3E5B-8761-AED28A36F6AD> /private/tmp/step10a4-highball-V5DiZw/engine/lib/wine/x86_64-unix/nsiproxy.so
004c:trace:loaddll:build_module Loaded L"C:\\windows\\system32\\dnsapi.dll" at 00006FFFFF3C0000: builtin
004c:trace:loaddll:build_module Loaded L"C:\\windows\\system32\\nsi.dll" at 00006FFFFF3A0000: builtin
004c:trace:loaddll:build_module Loaded L"C:\\windows\\system32\\ws2_32.dll" at 00006FFFFF990000: builtin
004c:trace:loaddll:build_module Loaded L"C:\\windows\\system32\\iphlpapi.dll" at 00006FFFFF3F0000: builtin
004c:trace:loaddll:build_module Loaded L"C:\\windows\\system32\\drivers\\ndis.sys" at 00006FFFFF430000: builtin
dyld[27783]: <1CAFB6F1-30AC-3526-8DF6-6B7136E2D29A> /private/tmp/step10a4-highball-V5DiZw/engine/lib/wine/x86_64-unix/dnsapi.so
dyld[27783]: <AB267C40-9E48-3365-9EC5-B40454AE10C1> /private/tmp/step10a4-highball-V5DiZw/engine/lib/wine/x86_64-unix/ws2_32.so
dyld[27789]: <E8BD2F5D-31CD-3E5D-B239-7D6C7B698EA9> /private/tmp/step10a4-highball-V5DiZw/engine/bin/wine
dyld[27789]: <C35C3CFC-E1B6-36CB-8F34-F1B9CED0E362> /usr/lib/libSystem.B.dylib
dyld[27789]: <AD218373-799B-3BA0-9D22-6CF6EF7A5E92> /usr/lib/system/libcache.dylib
dyld[27789]: <4DB84DD1-66CE-3AF3-98F7-E3ECD3445CAB> /usr/lib/system/libcommonCrypto.dylib
dyld[27789]: <ADF5CD65-B192-3261-B0A8-1923DC6FD1F4> /usr/lib/system/libcompiler_rt.dylib
dyld[27789]: <B654BDF4-CAF2-366B-B724-7F0C80A7C988> /usr/lib/system/libcopyfile.dylib
dyld[27789]: <1654DB72-6508-373A-AFCD-A11AE4B4A111> /usr/lib/system/libcorecrypto.dylib
dyld[27789]: <C9CE6EB5-E461-3D14-87EC-3D9EC083F36C> /usr/lib/system/libdispatch.dylib
dyld[27789]: <7CE1E71D-6070-37E6-8885-F63FCBBA4F5F> /usr/lib/system/libdyld.dylib
dyld[27789]: <DDFC973E-DE9D-3F4A-B6B0-D4197C39D86D> /usr/lib/system/libkeymgr.dylib
dyld[27789]: <598B55F4-54B2-3E18-807E-D76251119D0E> /usr/lib/system/libmacho.dylib
dyld[27789]: <C70805D8-E2BC-30DB-95E8-72E98E125E29> /usr/lib/system/libquarantine.dylib
dyld[27789]: <9705AC41-D08C-3620-BC12-50F19EBBE26F> /usr/lib/system/libremovefile.dylib
dyld[27789]: <1479C560-2FDF-38E1-9B15-05CD2D84318A> /usr/lib/system/libsystem_asl.dylib
dyld[27789]: <7C2C988E-15E9-3CB4-BAFF-C0B51B03EB6B> /usr/lib/system/libsystem_blocks.dylib
dyld[27789]: <5189C409-7FC9-3ED9-9C35-115DE311AD0E> /usr/lib/system/libsystem_c.dylib
dyld[27789]: <3165A454-B215-3725-9E9E-02D110A9F8D4> /usr/lib/system/libsystem_collections.dylib
dyld[27789]: <359AB422-DD50-3256-B1C6-F72DF9DD987A> /usr/lib/system/libsystem_configuration.dylib
dyld[27789]: <1B79C1E0-CA9B-30F1-ACD7-79C427C8B363> /usr/lib/system/libsystem_containermanager.dylib
dyld[27789]: <64BC6CC4-ECC7-3030-9713-ECBC9C89FDC6> /usr/lib/system/libsystem_coreservices.dylib
dyld[27789]: <F2C0B46B-0E3B-3D69-88E3-7438D86E2400> /usr/lib/system/libsystem_darwin.dylib
dyld[27789]: <9E147608-C331-3C58-8BDB-9BCD72676DF9> /usr/lib/system/libsystem_darwindirectory.dylib
dyld[27789]: <9155855F-09DE-3716-8EE1-D0E471817E4B> /usr/lib/system/libsystem_dnssd.dylib
dyld[27789]: <8DDD0D3E-463F-3588-99ED-CD3143D4D7E8> /usr/lib/system/libsystem_eligibility.dylib
dyld[27789]: <65390F97-3CEE-39F9-A4A8-6AAAEBE5CAF4> /usr/lib/system/libsystem_featureflags.dylib
dyld[27789]: <43FED5F7-ABEE-3709-9DBC-63C15471566A> /usr/lib/system/libsystem_info.dylib
dyld[27789]: <6B647DA7-B1BD-3553-99A4-318A0A54ADE4> /usr/lib/system/libsystem_m.dylib
dyld[27789]: <AA9F3382-0989-3BFD-8D3A-D0F95422DB89> /usr/lib/system/libsystem_malloc.dylib
dyld[27789]: <9684139A-D966-39F4-BE5A-5DC2F35E198F> /usr/lib/system/libsystem_networkextension.dylib
dyld[27789]: <BC7A29BB-B5B6-3273-A306-1A32A631CAC7> /usr/lib/system/libsystem_notify.dylib
dyld[27789]: <EBD29789-35BD-37AE-AFCB-6F951941E93C> /usr/lib/system/libsystem_sandbox.dylib
dyld[27789]: <260D9D91-0E97-3CE8-8DD7-5F8DAD1CEC12> /usr/lib/system/libsystem_sanitizers.dylib
dyld[27789]: <10604294-2616-3323-8EE7-13B7AA6FA0F4> /usr/lib/system/libsystem_secinit.dylib
dyld[27789]: <40155496-5BD7-3491-AEFC-B4395F3DCF04> /usr/lib/system/libsystem_kernel.dylib
dyld[27789]: <6D92CF2D-A008-36B6-B516-C960029E4960> /usr/lib/system/libsystem_platform.dylib
dyld[27789]: <0BAFE0E7-F27F-363F-A13C-70619F985288> /usr/lib/system/libsystem_pthread.dylib
dyld[27789]: <14B38348-6F43-316E-9559-4A5E077AFC52> /usr/lib/system/libsystem_symptoms.dylib
dyld[27789]: <2AE5497B-628B-3027-B36D-AA62D9C95D20> /usr/lib/system/libsystem_trace.dylib
dyld[27789]: <E9DCD1A4-A6F0-356D-89E0-CDB2D6E1E755> /usr/lib/system/libsystem_trial.dylib
dyld[27789]: <F786DF52-020C-3CD4-85A4-42BBADA2E485> /usr/lib/system/libunwind.dylib
dyld[27789]: <A44EE173-2555-3EA9-B836-0AF203AFBF46> /usr/lib/system/libxpc.dylib
dyld[27789]: <AD71C77A-7D9F-3D67-AF76-A029629F8A52> /usr/lib/libc++abi.dylib
dyld[27789]: <FA4B4D4D-4A72-301D-82E4-0415534FF26C> /usr/lib/libobjc.A.dylib
dyld[27789]: <5E62C50D-63D5-3D91-8408-6175282185E7> /usr/lib/libRosetta.dylib
dyld[27789]: <8DAA0737-BE5F-3F33-929E-DAD557873C98> /usr/lib/libc++.1.dylib
dyld[27789]: <335FE197-93DD-3981-827B-759F2392CF07> /private/tmp/step10a4-highball-V5DiZw/engine/lib/wine/x86_64-unix/ntdll.so
dyld[27789]: <A8EB4F11-C0D5-3F15-A780-879C56203E0C> /System/Library/Frameworks/IOKit.framework/Versions/A/IOKit
dyld[27789]: <5E62C50D-63D5-3D91-8408-6175282185E7> /usr/lib/liboah.dylib
dyld[27789]: <B459B479-FC1A-3C62-BCC0-E87C4CB7B1C5> /usr/lib/libDiagnosticMessagesClient.dylib
dyld[27789]: <A6B926CC-8265-30C8-A0B4-B1FA5736B4FD> /usr/lib/libenergytrace.dylib
dyld[27789]: <022D827A-54B6-36C6-8F2E-21871F2082D5> /usr/lib/libbsm.0.dylib
dyld[27789]: <B08331D8-B583-3318-ADA7-B5939493E835> /System/Library/Frameworks/CoreFoundation.framework/Versions/A/CoreFoundation
dyld[27789]: <CCA5EC52-A9CD-3589-A804-AFF5BDF15489> /usr/lib/libz.1.dylib
dyld[27789]: <B3B167F4-133E-36CD-92C0-228C57113795> /usr/lib/system/libkxld.dylib
dyld[27789]: <2E0B4D74-C5BC-342B-970B-B50814C8771D> /System/Library/PrivateFrameworks/SoftLinking.framework/Versions/A/SoftLinking
dyld[27789]: <FF355D69-B1AE-3A77-83D3-74552649536D> /System/Library/PrivateFrameworks/CoreServicesInternal.framework/Versions/A/CoreServicesInternal
dyld[27789]: <E832CDD3-EC43-3FDE-950B-4B2DDD2EE627> /System/Library/Frameworks/Foundation.framework/Versions/C/Foundation
dyld[27789]: <FA8187C5-6DC0-3580-BC9A-6CCEF81F8B88> /usr/lib/libfakelink.dylib
dyld[27789]: <9EB824DA-83AB-365D-B5F1-311757BAB13F> /usr/lib/libicucore.A.dylib
dyld[27789]: <3E87F493-4F61-39C7-A5E2-B23C8035D8AD> /System/Library/Frameworks/CoreServices.framework/Versions/A/CoreServices
dyld[27789]: <83C00352-42B3-3176-BCF3-21C5A8354B69> /System/Library/Frameworks/Security.framework/Versions/A/Security
dyld[27789]: <30EF56FE-5FF9-3E23-B955-4B32776DB696> /System/Library/PrivateFrameworks/DiskImages.framework/Versions/A/DiskImages
dyld[27789]: <4DDB589C-3E74-33BB-9608-E6D732C7768F> /System/Library/Frameworks/NetFS.framework/Versions/A/NetFS
dyld[27789]: <0C206EA7-DB71-343F-9602-8000DFE92D57> /System/Library/Frameworks/CFNetwork.framework/Versions/A/CFNetwork
dyld[27789]: <6BD9A7B1-BD79-3BD1-8E60-A351268524BF> /System/Library/Frameworks/CoreServices.framework/Versions/A/Frameworks/FSEvents.framework/Versions/A/FSEvents
dyld[27789]: <ECD9465F-8A62-3CC4-B263-ED77CC35CC57> /System/Library/Frameworks/CoreServices.framework/Versions/A/Frameworks/CarbonCore.framework/Versions/A/CarbonCore
dyld[27789]: <3E469D4D-5E88-3E05-A36A-5E4748822538> /System/Library/Frameworks/CoreServices.framework/Versions/A/Frameworks/Metadata.framework/Versions/A/Metadata
dyld[27789]: <CCDDC516-276B-3F1D-AEAD-8BDADEA84A8E> /System/Library/Frameworks/CoreServices.framework/Versions/A/Frameworks/OSServices.framework/Versions/A/OSServices
dyld[27789]: <4DE627B3-266F-3CAD-A604-272AAC2154D5> /System/Library/Frameworks/CoreServices.framework/Versions/A/Frameworks/SearchKit.framework/Versions/A/SearchKit
dyld[27789]: <3940B96B-C857-3B4D-9295-A3AD8F190E7C> /System/Library/Frameworks/CoreServices.framework/Versions/A/Frameworks/AE.framework/Versions/A/AE
dyld[27789]: <88879E3D-60BC-335F-BC83-6E7AA6360641> /System/Library/Frameworks/CoreServices.framework/Versions/A/Frameworks/LaunchServices.framework/Versions/A/LaunchServices
dyld[27789]: <DB20022E-8F2D-3F01-95FD-CD3F40758294> /System/Library/Frameworks/CoreServices.framework/Versions/A/Frameworks/DictionaryServices.framework/Versions/A/DictionaryServices
dyld[27789]: <3C402754-C897-3358-B2A6-53AC950F0AAD> /System/Library/Frameworks/CoreServices.framework/Versions/A/Frameworks/SharedFileList.framework/Versions/A/SharedFileList
dyld[27789]: <51ADA3FF-7D95-32BB-8D53-9A79D19737A6> /System/Library/Frameworks/SystemConfiguration.framework/Versions/A/SystemConfiguration
dyld[27789]: <566D0F44-DC97-37B0-A816-F9C52E678AB7> /usr/lib/libapple_nghttp2.dylib
dyld[27789]: <C3D64E6D-68E6-3606-B4A2-0615C2914C4A> /usr/lib/libcompression.dylib
dyld[27789]: <BCCC90C6-AFF2-3E30-A3FF-ECB449916C9B> /usr/lib/libsqlite3.dylib
dyld[27789]: <E48C0927-6427-39B2-9E1D-064FFCC1D026> /System/Library/Frameworks/Network.framework/Versions/A/Network
dyld[27789]: <3FBE1DC9-EC26-3A3D-91D4-0C1347161636> /System/Library/PrivateFrameworks/AppleKeyStore.framework/Versions/A/AppleKeyStore
dyld[27789]: <999857AC-6B67-32B0-ACD9-03E27BF1DF82> /usr/lib/libCoreEntitlements.dylib
dyld[27789]: <B01BECF4-3FD8-3EB9-A385-C6E86E258B5D> /usr/lib/libTLE.dylib
dyld[27789]: <66326DEB-49FA-3A5A-8655-0A7F3C46C43F> /System/Library/PrivateFrameworks/MessageSecurity.framework/Versions/A/MessageSecurity
dyld[27789]: <63746141-C4F7-3C15-BFF9-8690FDCFA934> /System/Library/PrivateFrameworks/ProtocolBuffer.framework/Versions/A/ProtocolBuffer
dyld[27789]: <49E753F2-5BE7-3D0F-A620-52519749D4FA> /System/Library/PrivateFrameworks/SymptomDiagnosticReporter.framework/Versions/A/SymptomDiagnosticReporter
dyld[27789]: <D565FF2C-0F9E-33C8-BF97-8B784B5AC862> /System/Library/PrivateFrameworks/CrashReporterSupport.framework/Versions/A/CrashReporterSupport
dyld[27789]: <6755F843-27F7-3CC6-A704-87037158E019> /System/Library/PrivateFrameworks/CoreAnalytics.framework/Versions/A/CoreAnalytics
dyld[27789]: <9171B014-BABF-3AF4-BE23-254F4267F0DD> /System/Library/PrivateFrameworks/CoreTime.framework/Versions/A/CoreTime
dyld[27789]: <4EE62B14-42C5-37D8-B7B9-7F48B39ADE42> /usr/lib/libMobileGestalt.dylib
dyld[27789]: <3A9AC8ED-1C48-3070-A4C0-748A011A4ECF> /System/Library/PrivateFrameworks/AppleFSCompression.framework/Versions/A/AppleFSCompression
dyld[27789]: <0F8695F5-0D7F-388C-8D2B-21E64C0C5C37> /usr/lib/libcoretls.dylib
dyld[27789]: <B0AA1109-6DD2-3F0A-9BFB-7ED7D22C22B7> /usr/lib/libcoretls_cfhelpers.dylib
dyld[27789]: <6D962100-4769-3EC0-AEA5-C5C76149B497> /usr/lib/libpam.2.dylib
dyld[27789]: <00A6D787-1FF6-31C2-962C-166285687ECD> /usr/lib/libxar.1.dylib
dyld[27789]: <E4A7FCAA-6DCC-396C-80D2-EF1D88CFB305> /System/Library/PrivateFrameworks/NSPredicateSecurityPolicy.framework/Versions/A/NSPredicateSecurityPolicy
dyld[27789]: <0282ADDB-A746-3F00-8CFF-17FB254825AB> /System/Library/PrivateFrameworks/CoreAutoLayout.framework/Versions/A/CoreAutoLayout
dyld[27789]: <B0DEC2B5-F2A5-3F34-A857-11A54E65762C> /usr/lib/libcmark-gfm.dylib
dyld[27789]: <FB5AA338-58FC-3C93-BCAB-72D86BA529FA> /System/Library/Frameworks/DiskArbitration.framework/Versions/A/DiskArbitration
dyld[27789]: <AE66ACCE-6DB6-3B10-BC35-BD1C16C5E196> /usr/lib/libarchive.2.dylib
dyld[27789]: <3A504FE5-5FBC-3BEA-80FA-2A9C1B0387A8> /usr/lib/libxml2.2.dylib
dyld[27789]: <55797398-303F-3BB1-BEC6-CEFD9F8E063D> /usr/lib/liblangid.dylib
dyld[27789]: <405F1701-2A88-39F3-B583-8FCD29BAE690> /System/Library/Frameworks/Combine.framework/Versions/A/Combine
dyld[27789]: <654A1A4C-BF42-36B9-BC83-F3458817C2DB> /System/Library/PrivateFrameworks/CollectionsInternal.framework/Versions/A/CollectionsInternal
dyld[27789]: <49E03386-1E43-3A94-97F5-0E82A4CDA134> /System/Library/PrivateFrameworks/ReflectionInternal.framework/Versions/A/ReflectionInternal
dyld[27789]: <D9602378-8FEF-30FD-985F-4502E4B4058E> /System/Library/PrivateFrameworks/RuntimeInternal.framework/Versions/A/RuntimeInternal
dyld[27789]: <0DAE92D9-DEEE-353C-9B41-781EECACD199> /usr/lib/swift/libswiftCore.dylib
dyld[27789]: <5FF496BF-7F3D-33B6-9554-0A6B16298857> /usr/lib/swift/libswiftCoreFoundation.dylib
dyld[27789]: <89C0405A-C9D5-336C-BF36-B659B4FCE83A> /usr/lib/swift/libswiftDarwin.dylib
dyld[27789]: <E2296D76-48E1-3BF6-80C4-6A1FA168D2E1> /usr/lib/swift/libswiftDispatch.dylib
dyld[27789]: <18F8C26A-DE5D-3B65-B0B1-3D46C64A6E1A> /usr/lib/swift/libswiftIOKit.dylib
dyld[27789]: <D36234BA-B610-31CA-846F-2D39483712BA> /usr/lib/swift/libswiftObjectiveC.dylib
dyld[27789]: <4AE77A8B-1774-3730-A01B-CBD63D764B83> /usr/lib/swift/libswiftObservation.dylib
dyld[27789]: <1B245C8C-01C1-33A8-B293-5767CA8BE260> /usr/lib/swift/libswiftSynchronization.dylib
dyld[27789]: <95E81E1E-7F1E-371D-9DDE-BB4884B6ED46> /usr/lib/swift/libswiftSystem.dylib
dyld[27789]: <07821AEC-ED84-3916-B2D7-01F88A0F2381> /usr/lib/swift/libswiftXPC.dylib
dyld[27789]: <1D45348D-37AB-34AE-B575-22542463EB58> /usr/lib/swift/libswift_Builtin_float.dylib
dyld[27789]: <C0BC056F-4B5C-3AA1-B077-1EFDC4708672> /usr/lib/swift/libswift_Concurrency.dylib
dyld[27789]: <CA8706CE-EAD3-3010-894F-07FC48EE618E> /usr/lib/swift/libswift_DarwinFoundation1.dylib
dyld[27789]: <B7AF51B9-600B-36B9-B8C0-3E5B5337700A> /usr/lib/swift/libswift_StringProcessing.dylib
dyld[27789]: <8F0C6BC2-A28B-332F-9F7C-998A9E3BD19B> /usr/lib/swift/libswiftos.dylib
dyld[27789]: <C7CC753B-7B87-3C94-B989-9146B16FC21D> /System/Library/PrivateFrameworks/AppleSystemInfo.framework/Versions/A/AppleSystemInfo
dyld[27789]: <5427D9A6-94B1-3793-897A-D083E5733B26> /System/Library/Frameworks/SwiftData.framework/Versions/A/SwiftData
dyld[27789]: <7B72381C-1FDB-35C5-A822-6D555C3793D1> /usr/lib/libboringssl.dylib
dyld[27789]: <96C90097-BC24-35F9-BA16-F88BE0C2A090> /usr/lib/libdns_services.dylib
dyld[27789]: <56D76827-807B-3049-9B99-8A57C40A688D> /usr/lib/libquic.dylib
dyld[27789]: <9F96AC2E-E245-3AD8-AA63-CEDECB419768> /usr/lib/libusrtcp.dylib
dyld[27789]: <C26E08BF-1824-3E73-82C4-93100B30EAD3> /System/Library/PrivateFrameworks/AtomicsInternal.framework/Versions/A/AtomicsInternal
dyld[27789]: <C7197C1E-1B3B-396E-87FA-611C0F3E53BE> /System/Library/PrivateFrameworks/InternalSwiftProtobuf.framework/Versions/A/InternalSwiftProtobuf
dyld[27789]: <209B029B-765D-3432-BB75-0569E06734C3> /usr/lib/swift/libswiftDistributed.dylib
dyld[27789]: <01A2CAEA-665C-3D01-A04A-941FAD914652> /System/Library/Frameworks/CoreData.framework/Versions/A/CoreData
dyld[27789]: <511CCB33-BA1B-3992-B052-63255A292878> /System/Library/PrivateFrameworks/FeatureFlags.framework/Versions/A/FeatureFlags
dyld[27789]: <34D2A4C4-020E-3F5B-ADCE-8B062BC59C81> /usr/lib/liblzma.5.dylib
dyld[27789]: <59AB67E4-B860-316C-963D-087CDFBF6C29> /usr/lib/libswiftPrespecialized.dylib
dyld[27789]: <99BE4D61-01BE-35ED-B9A0-F494C660BA92> /System/Library/PrivateFrameworks/IOMobileFramebuffer.framework/Versions/A/IOMobileFramebuffer
dyld[27789]: <1C7ECB1E-A4C2-306A-B297-43FFF3C11EE7> /System/Library/Frameworks/IOSurface.framework/Versions/A/IOSurface
dyld[27789]: <A21D8B21-20DB-3339-B5D9-EC266EA0EE4E> /usr/lib/swift/libswift_DarwinFoundation2.dylib
dyld[27789]: <83A0E2FF-E850-3B1D-B834-AF4F63451C96> /usr/lib/swift/libswift_DarwinFoundation3.dylib
dyld[27789]: <0FB6CFAC-01FC-3846-A4A2-50C4F6362A0C> /usr/lib/swift/libswift_RegexParser.dylib
dyld[27789]: <2F29EA62-7BFB-3F98-A6E4-AC44013847C7> /usr/lib/libbz2.1.0.dylib
dyld[27789]: <D4096439-DD3A-3434-8A26-9E0A4255BC16> /usr/lib/libiconv.2.dylib
dyld[27789]: <B6CEFD73-D16C-3796-82EF-61499B6EA249> /usr/lib/libcharset.1.dylib
dyld[27789]: <E46388C2-BA3A-3720-BA3C-72603390F716> /System/Library/PrivateFrameworks/APFS.framework/Versions/A/APFS
dyld[27789]: <66F550B4-67C6-3BD0-8378-733BFBBB5B94> /System/Library/PrivateFrameworks/SwiftASN1Internal.framework/Versions/A/SwiftASN1Internal
dyld[27789]: <ED8A4184-E276-3E05-99A0-CF5919CB36D4> /usr/lib/libutil.dylib
dyld[27789]: <265413A6-648C-3059-A010-554AD719A363> /usr/lib/libheimdal-asn1.dylib
dyld[27789]: <7934762C-FBCA-37CA-AF42-2704B7A639EC> /System/Library/PrivateFrameworks/AppleSauce.framework/Versions/A/AppleSauce
dyld[27789]: <9761CAD2-A811-396E-9FD1-7553A783CBF5> /System/Library/PrivateFrameworks/OSAnalytics.framework/Versions/A/OSAnalytics
dyld[27789]: <0AD2FA79-5B4B-31B9-9155-A0C17BA69FB0> /System/Library/PrivateFrameworks/DeviceRecovery.framework/Versions/A/DeviceRecovery
dyld[27789]: <E4B6BD31-91A9-31BD-BB88-8C8F7F2985B7> /System/Library/PrivateFrameworks/CoreSymbolication.framework/Versions/A/CoreSymbolication
dyld[27789]: <04BCC6C4-E76D-3D1C-B25E-DD04511D29E8> /System/Library/PrivateFrameworks/Symbolication.framework/Versions/A/Symbolication
dyld[27789]: <328F598A-5C09-3D8E-854E-F090BAD6F101> /System/Library/PrivateFrameworks/DebugSymbols.framework/Versions/A/DebugSymbols
dyld[27789]: <7AB4526E-BD18-3FEE-87D2-7E60C218F82A> /usr/lib/libAppleArchive.dylib
dyld[27789]: <02320C8B-AF9A-37CF-BE30-DD72BAB828CC> /System/Library/PrivateFrameworks/MallocStackLogging.framework/Versions/A/MallocStackLogging
dyld[27789]: <D9973DD3-D3C9-38DC-86E8-D1C248A9FA6C> /usr/lib/libCheckFix.dylib
dyld[27789]: <02894CCE-93A3-32BB-BA6B-25CCD22A0EA5> /System/Library/PrivateFrameworks/TCC.framework/Versions/A/TCC
dyld[27789]: <69D73FF3-AE70-378B-AF0D-3A7794E60974> /System/Library/PrivateFrameworks/CoreNLP.framework/Versions/A/CoreNLP
dyld[27789]: <501C7615-3041-3D75-948D-08CA8D7B8773> /System/Library/PrivateFrameworks/MetadataUtilities.framework/Versions/A/MetadataUtilities
dyld[27789]: <0FB5062E-8A6E-3949-86C1-D294D4AF1AA4> /System/Library/Frameworks/Accelerate.framework/Versions/A/Accelerate
dyld[27789]: <FDBA8F4E-3D78-3DB8-8233-B8861E665675> /usr/lib/libmecab.dylib
dyld[27789]: <ABA5B6EA-B61B-3DDB-B4F1-69706D071F3D> /usr/lib/libCRFSuite.dylib
dyld[27789]: <DF95BFF6-6E31-3243-A0BC-A8339951D82F> /usr/lib/libgermantok.dylib
dyld[27789]: <20A1236E-CDF9-351D-9F56-1AD0123DC116> /usr/lib/libThaiTokenizer.dylib
dyld[27789]: <80F6241D-D255-3CCF-8ED0-F87698FDEE4E> /System/Library/Frameworks/Accelerate.framework/Versions/A/Frameworks/vImage.framework/Versions/A/vImage
dyld[27789]: <B902D685-3B38-3DE8-9325-18E32ED96065> /System/Library/Frameworks/Accelerate.framework/Versions/A/Frameworks/vecLib.framework/Versions/A/vecLib
dyld[27789]: <6EF7FE72-4727-3998-883A-97851074EDC2> /System/Library/Frameworks/Accelerate.framework/Versions/A/Frameworks/vecLib.framework/Versions/A/libvMisc.dylib
dyld[27789]: <694C9F17-22CB-348E-8A40-8F536B7CDF55> /System/Library/Frameworks/Accelerate.framework/Versions/A/Frameworks/vImage.framework/Versions/A/Libraries/libCGInterfaces.dylib
dyld[27789]: <A6AA2DE9-C0CE-37EB-910C-756AAF0E9A09> /System/Library/PrivateFrameworks/AccelerateGPU.framework/Versions/A/AccelerateGPU
dyld[27789]: <498036DB-4226-3C95-8880-E4FD11883D31> /System/Library/Frameworks/Accelerate.framework/Versions/A/Frameworks/vecLib.framework/Versions/A/libBLAS.dylib
dyld[27789]: <FB6D3F5F-AA35-3603-883B-A07B628283A8> /System/Library/Frameworks/ApplicationServices.framework/Versions/A/ApplicationServices
dyld[27789]: <1797F8DC-6019-374B-A55A-FF4C945E68DC> /System/Library/Frameworks/CoreVideo.framework/Versions/A/CoreVideo
dyld[27789]: <C514AE37-91AA-3199-87AB-2E29986C3423> /System/Library/Frameworks/ColorSync.framework/Versions/A/ColorSync
dyld[27789]: <81A02160-B6F6-385B-BA6C-E768947B7AD5> /System/Library/Frameworks/CoreGraphics.framework/Versions/A/CoreGraphics
dyld[27789]: <9A3F9ACC-4D9C-34BA-B3A8-1AD3C1786F66> /System/Library/Frameworks/CoreText.framework/Versions/A/CoreText
dyld[27789]: <554EDEE0-773D-3D10-8863-4913ECE95CA1> /System/Library/Frameworks/ImageIO.framework/Versions/A/ImageIO
dyld[27789]: <F852E373-499B-35B6-9557-AA369E07B841> /System/Library/Frameworks/ApplicationServices.framework/Versions/A/Frameworks/ATS.framework/Versions/A/ATS
dyld[27789]: <B254A017-96B6-3748-99DB-32866FE0C054> /System/Library/Frameworks/ApplicationServices.framework/Versions/A/Frameworks/HIServices.framework/Versions/A/HIServices
dyld[27789]: <727498E8-7885-35B2-B723-E380EDD703EA> /System/Library/Frameworks/ApplicationServices.framework/Versions/A/Frameworks/PrintCore.framework/Versions/A/PrintCore
dyld[27789]: <6FA3DA21-79F7-3006-ADD5-62D486024479> /System/Library/Frameworks/ApplicationServices.framework/Versions/A/Frameworks/QD.framework/Versions/A/QD
dyld[27789]: <850A1AAF-F1C2-3366-9F2F-0C5FA1A2B8A0> /System/Library/Frameworks/ApplicationServices.framework/Versions/A/Frameworks/ColorSyncLegacy.framework/Versions/A/ColorSyncLegacy
dyld[27789]: <4C160000-279F-3F52-8293-5740A012A59D> /System/Library/Frameworks/ApplicationServices.framework/Versions/A/Frameworks/SpeechSynthesis.framework/Versions/A/SpeechSynthesis
dyld[27789]: <02A9A202-2F39-3204-86DE-A09EA6AE8DEE> /System/Library/PrivateFrameworks/SkyLight.framework/Versions/A/SkyLight
dyld[27789]: <DB8890A9-5563-3841-B3DF-F2A14E0B38E4> /System/Library/PrivateFrameworks/TextRecognition.framework/Versions/A/TextRecognition
dyld[27789]: <11CFFC86-3FFC-35B2-9F6E-823101BF77B2> /System/Library/PrivateFrameworks/FontServices.framework/libFontParser.dylib
dyld[27789]: <AE0C7111-9D6C-3977-BE3D-42BDEB55051D> /System/Library/PrivateFrameworks/BiomeLibrary.framework/Versions/A/BiomeLibrary
dyld[27789]: <EE0670B3-0AAB-3D8C-B579-48A8B2757C54> /System/Library/PrivateFrameworks/BaseBoard.framework/Versions/A/BaseBoard
dyld[27789]: <6EAD8729-6278-36DD-95E0-C3DBC1B421D1> /System/Library/PrivateFrameworks/BoardServices.framework/Versions/A/BoardServices
dyld[27789]: <A6DDDBA9-3712-318D-8E86-4FD5E1E9DC2A> /System/Library/PrivateFrameworks/BackBoardServices.framework/Versions/A/BackBoardServices
dyld[27789]: <6DEFD8B9-3D97-3F07-8817-F0D783EBDFBE> /System/Library/PrivateFrameworks/BackBoardHIDEventFoundation.framework/Versions/A/BackBoardHIDEventFoundation
dyld[27789]: <61C82C50-C91D-3028-933E-FC20D2AB40FA> /System/Library/Frameworks/CoreDisplay.framework/Versions/A/CoreDisplay
dyld[27789]: <48F3225A-BEDC-395B-8658-BF2894A5D363> /System/Library/Frameworks/VideoToolbox.framework/Versions/A/VideoToolbox
dyld[27789]: <CD83DE43-F39B-38E8-B307-F342C2CA0F71> /System/Library/Frameworks/MetalPerformanceShaders.framework/Versions/A/MetalPerformanceShaders
dyld[27789]: <063F6766-AC0A-372B-8547-20EE93744C3D> /System/Library/PrivateFrameworks/ProDisplayLibrary.framework/Versions/A/ProDisplayLibrary
dyld[27789]: <52BDB234-C793-3B6B-8BE8-781631969DFA> /System/Library/PrivateFrameworks/IOSurfaceAccelerator.framework/Versions/A/IOSurfaceAccelerator
dyld[27789]: <61936A60-82F1-35D4-B7B2-564157277C7A> /System/Library/PrivateFrameworks/RunningBoardServices.framework/Versions/A/RunningBoardServices
dyld[27789]: <9C6FB27B-F6DF-342F-8D23-CDAA43181A67> /System/Library/Frameworks/Metal.framework/Versions/A/Metal
dyld[27789]: <FE710138-2441-34B0-A3EE-BB741C5A88E5> /System/Library/PrivateFrameworks/IOAccelerator.framework/Versions/A/IOAccelerator
dyld[27789]: <6007D6B0-CA05-3D6E-9F04-0A50577BF503> /System/Library/Frameworks/CoreMedia.framework/Versions/A/CoreMedia
dyld[27789]: <A1DB5628-62E0-3262-AE91-0E6BB2B47888> /usr/lib/libSMC.dylib
dyld[27789]: <A1E8240E-FD7B-3524-815C-CA0C73E88D8B> /System/Library/PrivateFrameworks/WatchdogClient.framework/Versions/A/WatchdogClient
dyld[27789]: <0AD33CC9-75A1-359D-BC41-4EE25BE4F599> /System/Library/Frameworks/QuartzCore.framework/Versions/A/QuartzCore
dyld[27789]: <C3AA1BE3-C6A4-3A3B-ACDE-EFF9F71E2CA9> /System/Library/PrivateFrameworks/MultitouchSupport.framework/Versions/A/MultitouchSupport
dyld[27789]: <5E5AD849-5F4B-3A05-8265-7CBE97C713D6> /System/Library/PrivateFrameworks/BackBoardHIDTouchEventProcessor.framework/Versions/A/BackBoardHIDTouchEventProcessor
dyld[27789]: <1086A2D2-77A2-362C-9186-F501C0E009A3> /System/Library/PrivateFrameworks/Gestures.framework/Versions/A/Gestures
dyld[27789]: <C1617C4A-E1B7-3B86-A693-1F964E6896BC> /usr/lib/swift/libswiftAccelerate.dylib
dyld[27789]: <A6B25CE1-2227-3290-A960-960484D45949> /usr/lib/swift/libswiftCoreAudio.dylib
dyld[27789]: <948D61D3-EEFF-3965-B38D-97B4C357DA6B> /usr/lib/swift/libswiftMetal.dylib
dyld[27789]: <12AA5CDE-92E4-3E32-BE12-A02A3F2F40E1> /usr/lib/swift/libswiftOSLog.dylib
dyld[27789]: <17B1C771-8068-3FF8-9FB6-B8491B64428A> /usr/lib/swift/libswiftQuartzCore.dylib
dyld[27789]: <F78EA043-E494-3CD2-89B9-64406E28DECE> /usr/lib/swift/libswiftUniformTypeIdentifiers.dylib
dyld[27789]: <2718489B-4885-3D1E-BB9A-3B416EC5C09F> /usr/lib/swift/libswiftsimd.dylib
dyld[27789]: <351B3773-CA7C-3802-A966-C260E679DED5> /System/Library/PrivateFrameworks/BiomeStreams.framework/Versions/A/BiomeStreams
dyld[27789]: <A6769ED3-768E-3A67-BC1C-EA707415D195> /System/Library/PrivateFrameworks/BiomeStorage.framework/Versions/A/BiomeStorage
dyld[27789]: <79A19B7F-5379-3B44-9329-28A6379EA13A> /System/Library/PrivateFrameworks/BiomeFoundation.framework/Versions/A/BiomeFoundation
dyld[27789]: <8D3DF617-DFD7-3EE9-BE8E-A0C05D825494> /System/Library/PrivateFrameworks/IntelligencePlatformLibrary.framework/Versions/A/IntelligencePlatformLibrary
dyld[27789]: <872A3191-C967-39BE-A356-90D9A987D518> /System/Library/PrivateFrameworks/PoirotSchematizer.framework/Versions/A/PoirotSchematizer
dyld[27789]: <361A3D97-C7C0-3093-A61F-DE3D7A4063D2> /System/Library/PrivateFrameworks/BiomeSync.framework/Versions/A/BiomeSync
dyld[27789]: <2635BE19-8B1B-39AF-A665-88F43332702C> /System/Library/PrivateFrameworks/BiomeDSL.framework/Versions/A/BiomeDSL
dyld[27789]: <EBF27A0B-2672-3291-93D2-1A66A9A1B054> /System/Library/PrivateFrameworks/BiomePubSub.framework/Versions/A/BiomePubSub
dyld[27789]: <4BB6A049-3455-3C6B-87C4-F6C972D7B42A> /System/Library/PrivateFrameworks/LoggingSupport.framework/Versions/A/LoggingSupport
dyld[27789]: <6146BE9B-E60E-374B-B621-0E74558A2507> /System/Library/PrivateFrameworks/ProactiveSupport.framework/Versions/A/ProactiveSupport
dyld[27789]: <5F69CA4D-E5AC-3C47-8BF4-79377AB4C59C> /System/Library/PrivateFrameworks/PoirotUDFs.framework/Versions/A/PoirotUDFs
dyld[27789]: <2042E6BF-F2E7-31EA-B2B4-DC29E586A6E4> /System/Library/PrivateFrameworks/MobileAsset.framework/Versions/A/MobileAsset
dyld[27789]: <5FD1EA00-E28C-3D4B-8C9B-BF9B3EBAC180> /System/Library/PrivateFrameworks/MobileKeyBag.framework/Versions/A/MobileKeyBag
dyld[27789]: <B1CEC343-7EFE-34B0-9957-13CA8F84E6E7> /System/Library/PrivateFrameworks/InternationalTextSearch.framework/Versions/A/InternationalTextSearch
dyld[27789]: <85FB8C0D-F001-3B42-A54E-68C49D7D5544> /System/Library/PrivateFrameworks/SoftwareUpdateCoreSupport.framework/Versions/A/SoftwareUpdateCoreSupport
dyld[27789]: <7706404A-C96D-364A-A0D9-C94D3CB89310> /System/Library/PrivateFrameworks/SoftwareUpdateCoreConnect.framework/Versions/A/SoftwareUpdateCoreConnect
dyld[27789]: <3E7739CC-11DE-3C42-922A-9DA5CF617D35> /System/Library/PrivateFrameworks/StreamingZip.framework/Versions/A/StreamingZip
dyld[27789]: <38B38DB3-D096-350F-98C5-584AFD18BEB1> /System/Library/PrivateFrameworks/RemoteServiceDiscovery.framework/Versions/A/RemoteServiceDiscovery
dyld[27789]: <0052322E-F921-336D-8D8F-8D58D3EDA88F> /System/Library/PrivateFrameworks/MSUDataAccessor.framework/Versions/A/MSUDataAccessor
dyld[27789]: <BFF9CF08-5B46-3604-AC2E-DBCBDFB25C92> /usr/lib/libbootpolicy.dylib
dyld[27789]: <8CFCE656-45C2-3261-AD07-01E8FC30BFBD> /System/Library/PrivateFrameworks/UserManagement.framework/Versions/A/UserManagement
dyld[27789]: <50C4CA28-70F3-344F-B51D-09F99B82ED5F> /usr/lib/libpartition2_dynamic.dylib
dyld[27789]: <FF6413D5-371C-3304-8842-8755BF52C610> /System/Library/PrivateFrameworks/RemoteXPC.framework/Versions/A/RemoteXPC
dyld[27789]: <C9A0C46A-8C96-360A-A2FB-C09CBA08EF12> /usr/lib/libFDR.dylib
dyld[27789]: <500CC87D-7539-35AA-9340-BE380C10F261> /usr/lib/libamsupport.dylib
dyld[27789]: <CFB2509B-F722-39D6-B499-96D8304FA548> /System/Library/PrivateFrameworks/AppleDeviceQuerySupport.framework/Versions/A/AppleDeviceQuerySupport
dyld[27789]: <0620DFC4-188D-337F-9CE7-7E7581D5DA34> /System/Library/PrivateFrameworks/AggregateDictionary.framework/Versions/A/AggregateDictionary
dyld[27789]: <BB4A5F50-5A2A-379E-8B32-6C355113B4A8> /System/Library/PrivateFrameworks/PoirotSQLite.framework/Versions/A/PoirotSQLite
dyld[27789]: <2F623E7B-5D60-310B-9A5F-99AEEB7F99F0> /System/Library/PrivateFrameworks/CascadeSets.framework/Versions/A/CascadeSets
dyld[27789]: <4CFE984F-8269-3E71-A90C-49BCA5260ADA> /System/Library/PrivateFrameworks/AppSupport.framework/Versions/A/AppSupport
dyld[27789]: <FE30C2BA-AEDA-3367-9A71-4A891B0CF852> /System/Library/PrivateFrameworks/CorePhoneNumbers.framework/Versions/A/CorePhoneNumbers
dyld[27789]: <F3100855-B896-3883-A84C-F00B05BFDFCF> /System/Library/PrivateFrameworks/AppleJPEG.framework/Versions/A/AppleJPEG
dyld[27789]: <CEC9DC60-4CD3-30F5-89C6-003BBDB343D9> /usr/lib/libexpat.1.dylib
dyld[27789]: <994F31B9-1CE3-3180-A7B4-DC793DAF8163> /System/Library/Frameworks/ImageIO.framework/Versions/A/Resources/libPng.dylib
dyld[27789]: <1B6D06A5-DD28-30DD-ACEE-0B6CDDBAAF83> /System/Library/Frameworks/ImageIO.framework/Versions/A/Resources/libTIFF.dylib
dyld[27789]: <A7665B78-C5F1-3E32-80FE-F0DDABB0147B> /System/Library/Frameworks/ImageIO.framework/Versions/A/Resources/libGIF.dylib
dyld[27789]: <B55B0D78-6A33-3EB9-A8DE-526D63EEC82D> /System/Library/Frameworks/ImageIO.framework/Versions/A/Resources/libJP2.dylib
dyld[27789]: <1E30FD97-019E-3C42-BD00-34693222EDB1> /usr/lib/libate.dylib
dyld[27789]: <D749A789-F87E-3CDE-968F-96FC4586AC14> /System/Library/Frameworks/ImageIO.framework/Versions/A/Resources/libJPEG.dylib
dyld[27789]: <AB36C200-FED5-3FF0-A247-F22E96DBBEF7> /System/Library/Frameworks/ImageIO.framework/Versions/A/Resources/libRadiance.dylib
dyld[27789]: <CA5DFCE6-11FD-3B30-AFEA-86CE243C3B52> /usr/lib/swift/libswiftRegexBuilder.dylib
dyld[27789]: <257CDA78-154D-3C2B-957C-353FE744BA0D> /System/Library/PrivateFrameworks/GPUCompiler.framework/Versions/32023/Libraries/libllvm-flatbuffers.dylib
dyld[27789]: <539750B4-1A16-34CC-B740-059A44212494> /System/Library/PrivateFrameworks/FramePacing.framework/Versions/A/FramePacing
dyld[27789]: <37C0BC08-2C35-3CF5-91A6-D9773030A168> /System/Library/Frameworks/OpenGL.framework/Versions/A/Libraries/libCoreFSCache.dylib
dyld[27789]: <73E7DA57-8DE9-31CF-B2A7-C76AE86AFD95> /System/Library/PrivateFrameworks/GPUCompiler.framework/Versions/32023/Libraries/libGPUCompilerUtils.dylib
dyld[27789]: <7257DEA3-5564-37D5-8127-6B99B468086C> /System/Library/Frameworks/UniformTypeIdentifiers.framework/Versions/A/UniformTypeIdentifiers
dyld[27789]: <B268CD9F-4A49-3922-87B2-EF2E9D79C84A> /System/Library/Frameworks/ExtensionFoundation.framework/Versions/A/ExtensionFoundation
dyld[27789]: <E2F8ED73-2343-31CA-8ECD-E6AFF961F3F3> /System/Library/PrivateFrameworks/AppServerSupport.framework/Versions/A/AppServerSupport
dyld[27789]: <A99788CE-EB44-3D3D-9744-E3C954A60A9C> /System/Library/PrivateFrameworks/OSEligibility.framework/Versions/A/OSEligibility
dyld[27789]: <BE117579-A37D-334A-BB28-C92B631C70EA> /System/Library/Frameworks/LightweightCodeRequirements.framework/Versions/A/LightweightCodeRequirements
dyld[27789]: <4D893E1E-43E5-37EF-8107-54B591DB51FD> /System/Library/PrivateFrameworks/PlugInKit.framework/Versions/A/PlugInKit
dyld[27789]: <BFF9A39A-0993-32C8-97CA-F05123B6D637> /System/Library/PrivateFrameworks/AssertionServices.framework/Versions/A/AssertionServices
dyld[27789]: <5A1BDD04-B18E-3912-9495-D6A0E68C651D> /System/Library/Frameworks/OpenGL.framework/Versions/A/OpenGL
dyld[27789]: <EEF6CD71-D4F2-3E40-A384-182F8C759DBA> /System/Library/Frameworks/OpenGL.framework/Versions/A/Libraries/libGLU.dylib
dyld[27789]: <85288155-D6EA-3A26-8C67-B29B86DBC078> /System/Library/Frameworks/OpenGL.framework/Versions/A/Libraries/libGFXShared.dylib
dyld[27789]: <C8DC9856-2698-33F7-8504-DC487FC7A587> /System/Library/Frameworks/OpenGL.framework/Versions/A/Libraries/libGL.dylib
dyld[27789]: <5B5C65E1-9C6F-35E7-898B-262620A48732> /System/Library/Frameworks/OpenGL.framework/Versions/A/Libraries/libGLImage.dylib
dyld[27789]: <3EEBC175-D1EE-33ED-AC74-46CF9407BCCF> /System/Library/Frameworks/OpenGL.framework/Versions/A/Libraries/libCVMSPluginSupport.dylib
dyld[27789]: <905C5BF2-A3B1-33EB-866E-7531DA0C5F25> /System/Library/Frameworks/OpenGL.framework/Versions/A/Libraries/libCoreVMClient.dylib
dyld[27789]: <15B01036-B49F-3F5B-A707-160A9A966F85> /System/Library/Frameworks/OSLog.framework/Versions/A/OSLog
dyld[27789]: <A3261405-F7E6-33E8-B602-F974DBE7755E> /System/Library/Frameworks/CoreImage.framework/Versions/A/CoreImage
dyld[27789]: <99856DF2-43E3-3A8A-BA57-7FDE223BAC31> /System/Library/PrivateFrameworks/PhotosensitivityProcessing.framework/Versions/A/PhotosensitivityProcessing
dyld[27789]: <E4D8DF99-3893-3186-8111-30F76BA79BBE> /System/Library/PrivateFrameworks/TimeSync.framework/Versions/A/TimeSync
dyld[27789]: <292767C2-D857-3F86-9927-AFD76B94A9E8> /System/Library/Frameworks/OpenCL.framework/Versions/A/OpenCL
dyld[27789]: <A81CE161-2DEE-3874-857C-F62A3F52D546> /System/Library/PrivateFrameworks/GraphVisualizer.framework/Versions/A/GraphVisualizer
dyld[27789]: <978BFA5B-F1C1-3DF9-97EF-97D1939B833E> /System/Library/PrivateFrameworks/FontServices.framework/Versions/A/FontServices
dyld[27789]: <D990E4B5-60F8-312E-B601-14C9C229E467> /System/Library/PrivateFrameworks/OTSVG.framework/Versions/A/OTSVG
dyld[27789]: <0CB0E38A-C4C2-3D11-82E7-58E6D0521962> /System/Library/Frameworks/ApplicationServices.framework/Versions/A/Frameworks/ATS.framework/Versions/A/Resources/libFontRegistry.dylib
dyld[27789]: <915076EF-B8FE-3FCA-9F99-C8B057714C60> /usr/lib/libhvf.dylib
dyld[27789]: <407A0D0C-CAD7-3C21-AB16-A5B6A26672AD> /System/Library/PrivateFrameworks/ParsingInternal.framework/Versions/A/ParsingInternal
dyld[27789]: <03B97D75-2482-347A-A7FD-5A42CD05C821> /System/Library/PrivateFrameworks/FontServices.framework/libXTFontStaticRegistryData.dylib
dyld[27789]: <17646168-5B29-3666-8FAE-1DD76C0D8EAB> /System/Library/Frameworks/MetalPerformanceShaders.framework/Versions/A/Frameworks/MPSCore.framework/Versions/A/MPSCore
dyld[27789]: <3E61A2F0-BFA0-346E-9C32-7B6366909295> /System/Library/Frameworks/MetalPerformanceShaders.framework/Versions/A/Frameworks/MPSImage.framework/Versions/A/MPSImage
dyld[27789]: <5B76C886-9E0C-3454-A7F6-FB76175DB8FC> /System/Library/Frameworks/MetalPerformanceShaders.framework/Versions/A/Frameworks/MPSNeuralNetwork.framework/Versions/A/MPSNeuralNetwork
dyld[27789]: <6DFEEF33-43FF-3679-8A12-A23A82768E06> /System/Library/Frameworks/MetalPerformanceShaders.framework/Versions/A/Frameworks/MPSMatrix.framework/Versions/A/MPSMatrix
dyld[27789]: <5E06F6DE-332C-3C46-B225-278701805B44> /System/Library/Frameworks/MetalPerformanceShaders.framework/Versions/A/Frameworks/MPSRayIntersector.framework/Versions/A/MPSRayIntersector
dyld[27789]: <530AFC24-8A84-3B7A-9601-9608EA68391C> /System/Library/Frameworks/MetalPerformanceShaders.framework/Versions/A/Frameworks/MPSNDArray.framework/Versions/A/MPSNDArray
dyld[27789]: <3C6622F5-AB60-3265-826E-BCA11E76B3C9> /System/Library/Frameworks/MetalPerformanceShaders.framework/Versions/A/Frameworks/MPSFunctions.framework/Versions/A/MPSFunctions
dyld[27789]: <34C6F278-549D-3DBF-B88F-0591576512C3> /System/Library/Frameworks/MetalPerformanceShaders.framework/Versions/A/Frameworks/MPSBenchmarkLoop.framework/Versions/A/MPSBenchmarkLoop
dyld[27789]: <68535808-29A7-3C3B-9A6F-65358A8DECAD> /System/Library/Frameworks/MetalPerformanceShaders.framework/Versions/A/Frameworks/MPSHost.framework/Versions/A/MPSHost
dyld[27789]: <A21482D3-238A-3B8C-B9BF-0D03C46838BA> /System/Library/PrivateFrameworks/MetalTools.framework/Versions/A/MetalTools
dyld[27789]: <4C88B61F-FAA2-3AD1-8071-964F431680EF> /System/Library/PrivateFrameworks/MTL3On4.framework/Versions/A/MTL3On4
dyld[27789]: <9708579B-01E6-37FD-833F-BF8B65BC1CD9> /System/Library/PrivateFrameworks/IOAccelMemoryInfo.framework/Versions/A/IOAccelMemoryInfo
dyld[27789]: <331AC831-6827-362F-ACEE-EFE5C659A704> /System/Library/PrivateFrameworks/kperf.framework/Versions/A/kperf
dyld[27789]: <6B32B025-E4AC-3DBB-82A0-00C207DE3E9A> /System/Library/PrivateFrameworks/GPURawCounter.framework/Versions/A/GPURawCounter
dyld[27789]: <3033C83E-4D72-387E-BCE1-40B939E40FE1> /System/Library/PrivateFrameworks/IOKitten.framework/Versions/A/IOKitten
dyld[27789]: <BC05C7BC-39DB-3B80-BD79-9E0CF91CF33F> /System/Library/PrivateFrameworks/GraphicsServices.framework/Versions/A/GraphicsServices
dyld[27789]: <6F894094-DB42-3AC6-A636-A0015BD59420> /System/Library/PrivateFrameworks/GPUWrangler.framework/Versions/A/GPUWrangler
dyld[27789]: <387FE772-E201-30A4-9821-921F933E1C32> /System/Library/PrivateFrameworks/IOPresentment.framework/Versions/A/IOPresentment
dyld[27789]: <AE90E5E9-AFCB-355A-9F1E-F07059234C3C> /System/Library/PrivateFrameworks/DSExternalDisplay.framework/Versions/A/DSExternalDisplay
dyld[27789]: <142B5394-5EF4-3DB5-8338-21142138F677> /System/Library/PrivateFrameworks/VideoToolboxParavirtualizationSupport.framework/Versions/A/VideoToolboxParavirtualizationSupport
dyld[27789]: <DEC7945F-002C-38A7-B953-8BE56978396B> /System/Library/PrivateFrameworks/AppleVA.framework/Versions/A/AppleVA
dyld[27789]: <6805618D-047A-3C18-81FB-97E125C28BB2> /System/Library/PrivateFrameworks/CMCaptureCore.framework/Versions/A/CMCaptureCore
dyld[27789]: <33B3AF2C-F0FF-35F2-AAD1-2EF022499FA3> /usr/lib/libspindump.dylib
dyld[27789]: <841E8C95-2A2D-38A2-B853-8515D77D35C8> /System/Library/Frameworks/CoreAudio.framework/Versions/A/CoreAudio
dyld[27789]: <90A1C830-262E-3EE3-8447-01920F98415D> /System/Library/PrivateFrameworks/PowerLog.framework/Versions/A/PowerLog
dyld[27789]: <817C9244-399D-3772-9C13-72E2615D6F13> /System/Library/PrivateFrameworks/perfdata.framework/Versions/A/perfdata
dyld[27789]: <ED900A02-C2C6-3D27-91F3-6CF8F49E215D> /System/Library/PrivateFrameworks/AudioDSPGraph.framework/Versions/A/AudioDSPGraph
dyld[27789]: <D49534DE-23DB-3DF8-9E57-CF109A0E0487> /System/Library/PrivateFrameworks/AudioToolboxCore.framework/Versions/A/AudioToolboxCore
dyld[27789]: <721501E5-6354-3993-8513-C0B082F99154> /System/Library/PrivateFrameworks/caulk.framework/Versions/A/caulk
dyld[27789]: <947C4A72-B340-36F8-9CA3-9B6FB05956E1> /usr/lib/libAudioStatistics.dylib
dyld[27789]: <AD7D739F-76E6-3D58-BED7-BE7837085D30> /System/Library/PrivateFrameworks/SystemPolicy.framework/Versions/A/SystemPolicy
dyld[27789]: <993FDB0F-6C99-311F-B623-3260507145CF> /usr/lib/swift/libswiftCoreMIDI.dylib
dyld[27789]: <F4D9E702-2926-3C27-BF5F-6938A6A2DB8D> /System/Library/Frameworks/CoreMIDI.framework/Versions/A/CoreMIDI
dyld[27789]: <EFAB9F63-ADCA-3368-8C5A-EBE60BFCB8F8> /usr/lib/libperfcheck.dylib
dyld[27789]: <098255BA-32F4-3596-8584-D965FB16AEB9> /System/Library/PrivateFrameworks/AudioAnalytics.framework/Versions/A/AudioAnalytics
dyld[27789]: <BF49B46A-B64A-3017-B6FB-CAF616D2E631> /usr/lib/libmis.dylib
dyld[27789]: <F7A5EF62-DA8F-3FD4-B89E-409F16DD1F34> /System/Library/PrivateFrameworks/HIDDisplay.framework/Versions/A/HIDDisplay
dyld[27789]: <A10B4E46-70E2-361B-9449-4AFFDB1EBAFD> /System/Library/PrivateFrameworks/HID.framework/Versions/A/HID
dyld[27789]: <CBB688F9-32AB-327F-98A3-A2B9FB8CB29F> /System/Library/PrivateFrameworks/TextInput.framework/Versions/A/TextInput
dyld[27789]: <AE2DE6A1-DB51-3BF1-9BC6-3EC89B1DD2A3> /System/Library/PrivateFrameworks/CVNLP.framework/Versions/A/CVNLP
dyld[27789]: <77AFED3B-48BE-3018-B802-81E5DF334675> /System/Library/PrivateFrameworks/LanguageModeling.framework/Versions/A/LanguageModeling
dyld[27789]: <C63045E7-84CA-3E9A-90E1-282C92A6C601> /System/Library/PrivateFrameworks/DataDetectorsCore.framework/Versions/A/DataDetectorsCore
dyld[27789]: <84633B20-A721-3A05-A852-EEB2B2AFE71F> /System/Library/PrivateFrameworks/Futhark.framework/Versions/A/Futhark
dyld[27789]: <961FBB9E-EA7A-304D-B367-5C1A3AEA9B99> /System/Library/PrivateFrameworks/VisionCore.framework/Versions/A/VisionCore
dyld[27789]: <44F1BE31-5290-37C5-AB06-F9EDC95F5D6E> /System/Library/PrivateFrameworks/LinguisticData.framework/Versions/A/LinguisticData
dyld[27789]: <AA4E282F-B20A-3621-89CC-6C754797CD84> /System/Library/Frameworks/CoreML.framework/Versions/A/CoreML
dyld[27789]: <AEF65684-CCBA-320F-84F9-539379A3DBAB> /System/Library/Frameworks/NaturalLanguage.framework/Versions/A/NaturalLanguage
dyld[27789]: <B1E45316-860C-3144-9A30-F18EB7E1AE27> /System/Library/PrivateFrameworks/Espresso.framework/Versions/A/Espresso
dyld[27789]: <E8FBFD1B-74F0-371A-A315-DE4A7C00BBF9> /System/Library/PrivateFrameworks/Lexicon.framework/Versions/A/Lexicon
dyld[27789]: <47558A3F-2BAC-3921-B5FB-A7608347263A> /System/Library/Frameworks/DataDetection.framework/Versions/A/DataDetection
dyld[27789]: <3CFAEB78-F004-38DB-9CC6-58DB7A907A61> /System/Library/PrivateFrameworks/AppleNeuralEngine.framework/Versions/A/AppleNeuralEngine
dyld[27789]: <B8F45647-CF81-3569-B623-69FB7154B44A> /usr/lib/swift/libswiftCoreImage.dylib
dyld[27789]: <15B107F6-CE74-3068-A579-D18393EE7CA3> /usr/lib/swift/libswiftMLCompute.dylib
dyld[27789]: <6EC0FA30-EDBA-36FF-92E3-3A9A6BB04F5D> /usr/lib/swift/libswiftNaturalLanguage.dylib
dyld[27789]: <AD161A31-83B0-3086-8BFD-83E60B0D56B3> /System/Library/PrivateFrameworks/InternationalSupport.framework/Versions/A/InternationalSupport
dyld[27789]: <E8E1B645-35AB-36AE-90AA-08525F1369F4> /System/Library/PrivateFrameworks/CMPhoto.framework/Versions/A/CMPhoto
dyld[27789]: <63807678-66DD-38C0-B6B5-537AF33BC5B4> /System/Library/Frameworks/MediaToolbox.framework/Versions/A/MediaToolbox
dyld[27789]: <90444795-D8B0-3B5A-9771-6A7BEBABCFA7> /System/Library/PrivateFrameworks/Montreal.framework/Versions/A/Montreal
dyld[27789]: <8D2DEB18-942B-365D-BB7A-17373D21D47A> /System/Library/PrivateFrameworks/ByteMatrixVerification.framework/Versions/A/ByteMatrixVerification
dyld[27789]: <C2D5CDE0-EED3-3982-AD60-111FD7240741> /usr/lib/libFDRDecode.dylib
dyld[27789]: <F7E2A0E7-EE96-3EB5-B1D8-ED585046BBB9> /System/Library/PrivateFrameworks/AppleJPEGXL.framework/Versions/A/AppleJPEGXL
dyld[27789]: <4BEF4480-2A14-3E5F-A072-2093CDC92E45> /System/Library/Frameworks/CryptoKit.framework/Versions/A/CryptoKit
dyld[27789]: <ADF3D781-AD06-3443-9D41-322930384F56> /usr/lib/swift/libswiftCompression.dylib
dyld[27789]: <B41605FE-3861-34CB-B566-5E0E723FFA1C> /System/Library/PrivateFrameworks/CryptoKitPrivate.framework/Versions/A/CryptoKitPrivate
dyld[27789]: <A19F34CD-B02D-3108-B5FE-56F9713FD303> /System/Library/PrivateFrameworks/CryptoKitCBridging.framework/Versions/A/CryptoKitCBridging
dyld[27789]: <AF9CF31C-DD15-3A4D-AA5A-EC0B1BF5D30D> /System/Library/Frameworks/CryptoTokenKit.framework/Versions/A/CryptoTokenKit
dyld[27789]: <0FE07D84-AAF0-3468-8B09-81CFBDE17CB7> /System/Library/Frameworks/LocalAuthentication.framework/Versions/A/LocalAuthentication
dyld[27789]: <7B463B6F-6F1A-3C56-A750-D3B219159803> /System/Library/Frameworks/OpenDirectory.framework/Versions/A/OpenDirectory
dyld[27789]: <CC36DBBE-87E2-30A8-91A1-8FAF538B612C> /System/Library/PrivateFrameworks/LocalAuthenticationCore.framework/Versions/A/LocalAuthenticationCore
dyld[27789]: <171BA905-31E4-3676-931A-8C664EE9E082> /System/Library/PrivateFrameworks/LocalAuthenticationCredentialServices.framework/Versions/A/LocalAuthenticationCredentialServices
dyld[27789]: <BBE9191E-4B57-3C6B-9101-079C733F1C51> /System/Library/Frameworks/LocalAuthentication.framework/Support/SharedUtils.framework/Versions/A/SharedUtils
dyld[27789]: <76B1549A-4465-306F-9973-CC308D5F2823> /System/Library/PrivateFrameworks/DFRFoundation.framework/Versions/A/DFRFoundation
dyld[27789]: <AABD02FA-1F30-382C-9923-D4EC57D0BC69> /System/Library/PrivateFrameworks/DiskManagement.framework/Versions/A/DiskManagement
dyld[27789]: <527609C4-382A-368F-8CD6-5B3F2439B02C> /usr/lib/libcsfde.dylib
dyld[27789]: <9BE2B7B1-1E38-3462-8B1E-9275D5959679> /usr/lib/libCoreStorage.dylib
dyld[27789]: <3A8A9B4A-8B63-34EE-BD87-A34132BE3BC6> /System/Library/PrivateFrameworks/MediaKit.framework/Versions/A/MediaKit
dyld[27789]: <EB8ECED3-E112-3FCA-B394-62B74BA320EE> /System/Library/Frameworks/DiscRecording.framework/Versions/A/DiscRecording
dyld[27789]: <DF8CC588-5743-39D3-9A88-D3B370A175DD> /System/Library/PrivateFrameworks/ProtectedCloudStorage.framework/Versions/A/ProtectedCloudStorage
dyld[27789]: <5A580638-19C0-32E9-9A75-2956B04F8CC6> /System/Library/PrivateFrameworks/EFILogin.framework/Versions/A/EFILogin
dyld[27789]: <769A50BA-A8FB-314D-86A0-3AD2901A0708> /System/Library/PrivateFrameworks/AAAFoundation.framework/Versions/A/AAAFoundation
dyld[27789]: <0387B274-4C88-3D85-883F-E8F075E82EB4> /System/Library/Frameworks/Accounts.framework/Versions/A/Accounts
dyld[27789]: <A16082B4-AD51-3DCE-9C9E-FDB5602CC21A> /System/Library/PrivateFrameworks/CloudServices.framework/Versions/A/CloudServices
dyld[27789]: <605AFA6E-A8B0-327B-9089-608CA148CAD8> /System/Library/PrivateFrameworks/OctagonTrust.framework/Versions/A/OctagonTrust
dyld[27789]: <35BB52C0-B1AD-3EE5-96E2-53D6B1951B93> /System/Library/PrivateFrameworks/AppleIDAuthSupport.framework/Versions/A/AppleIDAuthSupport
dyld[27789]: <159AF37E-0867-3D07-A69E-824BD8903716> /System/Library/Frameworks/SecurityFoundation.framework/Versions/A/SecurityFoundation
dyld[27789]: <0C129C74-2E37-310A-A8E6-8AC4ADAD0AAA> /System/Library/PrivateFrameworks/KeychainCircle.framework/Versions/A/KeychainCircle
dyld[27789]: <C9FF5385-781F-33DC-9C13-1FFCFC468648> /System/Library/PrivateFrameworks/AuthKit.framework/Versions/A/AuthKit
dyld[27789]: <12579D2E-6604-3544-84E6-FB8979E3559D> /System/Library/PrivateFrameworks/MultiverseSupport.framework/Versions/A/MultiverseSupport
dyld[27789]: <0255A015-1B74-3375-8F24-D31E9C2EC9DA> /System/Library/PrivateFrameworks/URLFormatting.framework/Versions/A/URLFormatting
dyld[27789]: <7653D810-0E5D-3C66-82BC-E1512B9C9F77> /System/Library/Frameworks/AudioToolbox.framework/Versions/A/AudioToolbox
dyld[27789]: <4EE95459-2749-3BC5-A994-742A10E7C348> /System/Library/PrivateFrameworks/AudioSession.framework/Versions/A/AudioSession
dyld[27789]: <8FDD8E92-0733-3307-B8A3-8B24D72200AE> /System/Library/PrivateFrameworks/MediaExperience.framework/Versions/A/MediaExperience
dyld[27789]: <D633876D-96AC-3E60-B39A-EE31432E0895> /System/Library/PrivateFrameworks/AudioSession.framework/libSessionUtility.dylib
dyld[27789]: <45892799-7C1B-354A-9DA9-4DB3AF6F6619> /System/Library/PrivateFrameworks/AudioAccessoryServices.framework/Versions/A/AudioAccessoryServices
dyld[27789]: <D720EC05-3D61-36F4-9D43-66C2E8F4C33F> /System/Library/Frameworks/CoreBluetooth.framework/Versions/A/CoreBluetooth
dyld[27789]: <5242566F-399F-3413-8527-9E07EAA30FA5> /System/Library/PrivateFrameworks/CoreUtils.framework/Versions/A/CoreUtils
dyld[27789]: <A67F066D-DD49-3C07-9A00-7B29AC4929F2> /System/Library/PrivateFrameworks/Sharing.framework/Versions/A/Sharing
dyld[27789]: <0CAE9BCA-0D1B-3C12-A633-9F32EE9C63A0> /System/Library/PrivateFrameworks/CoreUtilsExtras.framework/Versions/A/CoreUtilsExtras
dyld[27789]: <467E4D50-66AF-32AF-BF16-FABBB69358A1> /System/Library/PrivateFrameworks/IO80211.framework/Versions/A/IO80211
dyld[27789]: <B5D6F1E0-D8E9-382F-8CC0-5E73DED9E4E8> /System/Library/PrivateFrameworks/AutoUnlock.framework/Versions/A/AutoUnlock
dyld[27789]: <2B4D5780-E640-3452-BE02-324F33BABCEE> /System/Library/PrivateFrameworks/IDSFoundation.framework/Versions/A/IDSFoundation
dyld[27789]: <29732E9A-6649-348E-8B06-8DFE3282AF52> /System/Library/PrivateFrameworks/IconServices.framework/Versions/A/IconServices
dyld[27789]: <2DCC8AA2-3642-37AA-906A-CDB18D421495> /System/Library/PrivateFrameworks/Apple80211.framework/Versions/A/Apple80211
dyld[27789]: <9A6F1D46-9554-34FE-9814-584B1442C82F> /System/Library/PrivateFrameworks/CoreWiFi.framework/Versions/A/CoreWiFi
dyld[27789]: <1A32F012-DF6F-3ED9-A869-57A59484364A> /System/Library/Frameworks/CoreWLAN.framework/Versions/A/CoreWLAN
dyld[27789]: <0F8909E8-5FEB-30F4-9F0C-452BA0426366> /System/Library/Frameworks/IOBluetooth.framework/Versions/A/IOBluetooth
dyld[27789]: <15E2350E-1E7F-3101-B816-E0438873739E> /System/Library/PrivateFrameworks/SharingCore.framework/Versions/A/SharingCore
dyld[27789]: <BC7BFCF2-2120-3313-A501-81E5E2030022> /usr/lib/swift/libswiftCoreLocation.dylib
dyld[27789]: <4484AE3C-DD6E-3D6E-B682-78031760A8DC> /System/Library/PrivateFrameworks/BiometricKit.framework/Versions/A/BiometricKit
dyld[27789]: <EA313BBC-AAAB-3716-96FA-D224A66180A9> /System/Library/PrivateFrameworks/IMFoundation.framework/Versions/A/IMFoundation
dyld[27789]: <1C5863F1-C561-3D38-8076-718C228371A4> /System/Library/PrivateFrameworks/Marco.framework/Versions/A/Marco
dyld[27789]: <C9B179FF-3071-35D9-B3CE-932C1845FA53> /System/Library/PrivateFrameworks/CommonUtilities.framework/Versions/A/CommonUtilities
dyld[27789]: <1B54007D-5CC2-3424-8101-F06E4C9201EF> /System/Library/PrivateFrameworks/Engram.framework/Versions/A/Engram
dyld[27789]: <DDCCA426-41C2-33FC-92D5-810AF76E1702> /System/Library/PrivateFrameworks/XPCDistributed.framework/Versions/A/XPCDistributed
dyld[27789]: <60F263CC-53CC-3454-A069-5C50D9D16D19> /usr/lib/libtidy.A.dylib
dyld[27789]: <6E40173C-0E6F-350B-832B-BD14D3552376> /System/Library/PrivateFrameworks/Bom.framework/Versions/A/Bom
dyld[27789]: <50396DE2-F322-317E-9ED6-FBD03C6DEC07> /usr/lib/libParallelCompression.dylib
dyld[27789]: <56CA8F0D-7FDF-38DD-9B54-C141FAEA16D4> /System/Library/PrivateFrameworks/IconFoundation.framework/Versions/A/IconFoundation
dyld[27789]: <FD60E3A6-E6B6-3F30-888C-E3C7C2795522> /System/Library/PrivateFrameworks/SiriAvailability.framework/Versions/A/SiriAvailability
dyld[27789]: <2E100945-8CFA-3D2B-B98B-346599B9AA7D> /System/Library/PrivateFrameworks/IconRendering.framework/Versions/A/IconRendering
dyld[27789]: <60DF4BCA-CAB3-3E8D-949E-F4999B9F65AB> /System/Library/PrivateFrameworks/CoreUI.framework/Versions/A/CoreUI
dyld[27789]: <51EDA369-341F-3AAA-84D9-354FAC00A73D> /System/Library/PrivateFrameworks/SFSymbols.framework/Versions/A/SFSymbols
dyld[27789]: <0CEB8553-8176-3B75-BCC3-B98FD7B64222> /System/Library/Frameworks/DeveloperToolsSupport.framework/Versions/A/DeveloperToolsSupport
dyld[27789]: <D0756662-35F8-3277-89DA-20FFABC3912B> /System/Library/PrivateFrameworks/RenderBox.framework/Versions/A/RenderBox
dyld[27789]: <BFAE1E75-29E4-33ED-8E0E-3CFCAF6A5B44> /System/Library/PrivateFrameworks/CoreSVG.framework/Versions/A/CoreSVG
dyld[27789]: <77C5ABD2-6C4C-388B-BBA5-367439EB7A43> /System/Library/PrivateFrameworks/TextureIO.framework/Versions/A/TextureIO
dyld[27789]: <1C8E48C6-0401-396B-A010-1ECE51273DFC> /System/Library/PrivateFrameworks/WallpaperServices.framework/Versions/A/WallpaperServices
dyld[27789]: <853DEB4C-3BD6-36C7-8239-9107D89EA9C4> /System/Library/Frameworks/ApplicationServices.framework/Versions/A/Frameworks/ATSUI.framework/Versions/A/ATSUI
dyld[27789]: <9B2BB676-BE90-345E-8A8A-BEA1676AB68B> /usr/lib/libIOReport.dylib
dyld[27789]: <C2CE1513-E864-34FE-9C4C-001F9E0513CC> /System/Library/PrivateFrameworks/WiFiPeerToPeer.framework/Versions/A/WiFiPeerToPeer
dyld[27789]: <5839CD39-6FDD-3C38-9824-ACE3C0CF481D> /usr/lib/libmrc.dylib
dyld[27789]: <2301FE73-C531-3885-B40F-4738EE870E90> /System/Library/PrivateFrameworks/IPConfiguration.framework/Versions/A/IPConfiguration
dyld[27789]: <0C6D9FA0-04A6-3D85-B75A-4DF17EC09F8C> /System/Library/PrivateFrameworks/Netrb.framework/Versions/A/Netrb
dyld[27789]: <F903486D-99F2-36D4-8A40-0B5BCC1B2185> /System/Library/PrivateFrameworks/FrontBoardServices.framework/Versions/A/FrontBoardServices
dyld[27789]: <907B748E-473A-3849-BFD2-07DA41ECC310> /System/Library/Frameworks/UserNotifications.framework/Versions/A/UserNotifications
dyld[27789]: <6329118D-9F82-35CD-8F38-BF2E9164D2C9> /System/Library/Frameworks/AudioUnit.framework/Versions/A/AudioUnit
dyld[27789]: <2F38131E-65D3-3A73-BC81-5C11E4112219> /System/Library/Frameworks/OpenDirectory.framework/Versions/A/Frameworks/CFOpenDirectory.framework/Versions/A/CFOpenDirectory
dyld[27789]: <CF70348E-0296-3DBB-8D53-3E62A0D85EE3> /System/Library/Frameworks/CoreLocation.framework/Versions/A/CoreLocation
dyld[27789]: <34711F94-0941-34BA-996A-A8BB638EE164> /System/Library/Frameworks/_LocationEssentials.framework/Versions/A/_LocationEssentials
dyld[27789]: <5C3AB432-E7AC-3921-941B-0E89A7E6AFD5> /System/Library/PrivateFrameworks/GeoServices.framework/Versions/A/GeoServices
dyld[27789]: <7EFFF158-298B-325B-8314-F5BA8D7E3FED> /System/Library/PrivateFrameworks/LocationSupport.framework/Versions/A/LocationSupport
dyld[27789]: <CDAEADC8-8B91-3B94-9E0A-69AFFC3CB2D4> /System/Library/PrivateFrameworks/GeoServicesCore.framework/Versions/A/GeoServicesCore
dyld[27789]: <784A1908-25BF-3DB1-8B68-29B5A287C006> /System/Library/PrivateFrameworks/PhoneNumbers.framework/Versions/A/PhoneNumbers
dyld[27789]: <360ED100-A72C-3BFB-B101-810AC55C83BF> /System/Library/PrivateFrameworks/LocationLogEncryption.framework/Versions/A/LocationLogEncryption
dyld[27789]: <11C5EEC2-C956-3593-B8D4-7066BFB3512A> /System/Library/PrivateFrameworks/CoreAVCHD.framework/Versions/A/CoreAVCHD
dyld[27789]: <053FCEB1-DB3A-3E10-A847-50BBA8A87DA1> /System/Library/Frameworks/MediaAccessibility.framework/Versions/A/MediaAccessibility
dyld[27789]: <4EA93E87-F43D-36BF-809B-71C5E586F8B7> /System/Library/PrivateFrameworks/Mangrove.framework/Versions/A/Mangrove
dyld[27789]: <612C6422-6995-3705-9828-80746E6AE585> /System/Library/Frameworks/CoreTelephony.framework/Versions/A/CoreTelephony
dyld[27789]: <3D9400FD-DE08-369B-B198-8F469BF2B8BC> /System/Library/PrivateFrameworks/CoreAUC.framework/Versions/A/CoreAUC
dyld[27789]: <75EDE623-3DF9-3496-8B40-816490D812F9> /usr/lib/libTelephonyUtilDynamic.dylib
dyld[27789]: <5D868430-6DA7-3AF8-8CEE-2DEB15F4B192> /System/Library/PrivateFrameworks/CoreEmoji.framework/Versions/A/CoreEmoji
dyld[27789]: <E73478C8-8F83-3240-BD7C-9CC3A10045D0> /System/Library/PrivateFrameworks/ANECompiler.framework/Versions/A/ANECompiler
dyld[27789]: <6CFEF06D-3736-3ED1-8AD0-3D572BA40B7C> /System/Library/PrivateFrameworks/MIL.framework/Versions/A/MIL
dyld[27789]: <029BDE56-B432-3A93-B3A3-2077CBFB41D5> /System/Library/Frameworks/MetalPerformanceShadersGraph.framework/Versions/A/MetalPerformanceShadersGraph
dyld[27789]: <47F79F7A-7249-387B-A7A3-71E3EC827D35> /System/Library/PrivateFrameworks/MLCompilerServices.framework/Versions/A/MLCompilerServices
dyld[27789]: <8A3F4B2F-7D15-3502-A3E0-DFB638C2869B> /System/Library/PrivateFrameworks/ANEServices.framework/Versions/A/ANEServices
dyld[27789]: <76CE7CC7-FD55-3502-B779-4A91DD18FF5D> /usr/lib/libncurses.5.4.dylib
dyld[27789]: <8778B0B0-B0F5-392F-80F8-C887E9681637> /usr/lib/libsandbox.1.dylib
dyld[27789]: <A2A9BDCC-3899-3B83-9EC0-AEC976B982D8> /usr/lib/libMatch.1.dylib
dyld[27789]: <FB7857DE-3E3F-3C90-B036-8DD0455D0D08> /System/Library/SubFrameworks/CoreAIRuntime.framework/Versions/A/CoreAIRuntime
dyld[27789]: <104F010A-E00F-39A2-9F9C-CAB2CC58BA3D> /System/Library/SubFrameworks/CoreAICompiler.framework/Versions/A/CoreAICompiler
dyld[27789]: <9E341275-2A38-3485-98D7-29164C4B037B> /System/Library/SubFrameworks/CoreAICommon.framework/Versions/A/CoreAICommon
dyld[27789]: <67D8CBCF-BBE3-3EB9-9469-2E6E5B785B4D> /System/Library/PrivateFrameworks/ODIE.framework/Versions/A/ODIE
dyld[27789]: <AB3C7545-E8B1-3AF8-9A7D-D202DD418B87> /System/Library/PrivateFrameworks/ODIE.framework/Versions/A/Frameworks/libODIECompiler.dylib
dyld[27789]: <E3C98A58-B2AF-34E1-AEE1-D45EF4277C3A> /System/Library/PrivateFrameworks/MLCompilerRuntime.framework/Versions/A/MLCompilerRuntime
dyld[27789]: <552048BA-26FF-33F4-B930-BD7BA6AE144E> /System/Library/Frameworks/MLCompute.framework/Versions/A/MLCompute
dyld[27789]: <DF80DDDA-A31F-34DE-B7DF-F539753D01F2> /System/Library/PrivateFrameworks/MLAssetIO.framework/Versions/A/MLAssetIO
dyld[27789]: <AE3C698D-3483-385B-8779-376AA375E626> /usr/lib/libcmph.dylib
dyld[27789]: <7DBD644B-7057-3040-8EA7-6AA373EF6580> /System/Library/Frameworks/AVFoundation.framework/Versions/A/AVFoundation
dyld[27789]: <E6AD61A0-C5EC-353E-961A-F3EF577BEB85> /System/Library/Frameworks/AVFAudio.framework/Versions/A/AVFAudio
dyld[27789]: <7FDE88CB-E3AF-3C12-A702-D3C4F45451DE> /System/Library/PrivateFrameworks/AVFCore.framework/Versions/A/AVFCore
dyld[27789]: <B3079358-30B4-38A2-9E0F-0A53D4E92A06> /System/Library/PrivateFrameworks/AVFCapture.framework/Versions/A/AVFCapture
dyld[27789]: <B1F0F27E-9C2E-3484-8281-E08E0A587628> /System/Library/Frameworks/AVRouting.framework/Versions/A/AVRouting
dyld[27789]: <177C6363-8B15-3241-AA4C-3A136A1ADF9D> /System/Library/PrivateFrameworks/IsolatedCoreAudioClient.framework/Versions/A/IsolatedCoreAudioClient
dyld[27789]: <17F45734-E410-3651-83FB-6F4F72793016> /System/Library/PrivateFrameworks/Tightbeam.framework/Versions/A/Tightbeam
dyld[27789]: <C53B71E8-ACFF-36B6-9AE2-B19300E7EFD2> /System/Library/PrivateFrameworks/CoreAudioOrchestration.framework/Versions/A/CoreAudioOrchestration
dyld[27789]: <0598C108-FF3F-3E39-965A-93157CE836D1> /System/Library/PrivateFrameworks/AFKUser.framework/Versions/A/AFKUser
dyld[27789]: <3D3A9F4D-CA58-3FC3-913D-8075FE8B295A> /usr/lib/libAccessibility.dylib
dyld[27789]: <55D2FFAA-71A5-32A9-A873-3BC601CB8270> /System/Library/PrivateFrameworks/CMCapture.framework/Versions/A/CMCapture
dyld[27789]: <65F8A024-2225-3A19-BFFE-5851DE039386> /System/Library/PrivateFrameworks/CMImaging.framework/Versions/A/CMImaging
dyld[27789]: <57F8689D-358E-3F3D-99C8-DF20BA88E009> /System/Library/PrivateFrameworks/Quagga.framework/Versions/A/Quagga
dyld[27789]: <42FA413D-F41D-3EBA-A004-1A4BF131836F> /System/Library/Frameworks/CoreMediaIO.framework/Versions/A/CoreMediaIO
dyld[27789]: <034A20DE-D152-357C-A054-77A4FAFEFEEC> /System/Library/PrivateFrameworks/CMCaptureDevice.framework/Versions/A/CMCaptureDevice
dyld[27789]: <3208EA72-418C-3925-9B1B-63C6C4D6BED7> /System/Library/PrivateFrameworks/CinematicFraming.framework/Versions/A/CinematicFraming
dyld[27789]: <3AE4DEFB-4D32-3CB0-B374-99196B4278DA> /System/Library/PrivateFrameworks/ModelManagerServices.framework/Versions/A/ModelManagerServices
dyld[27789]: <B8147487-55D3-37E7-B3EA-CCC0F73F862D> /System/Library/Frameworks/CoreMotion.framework/Versions/A/CoreMotion
dyld[27789]: <DDD3E07F-7C08-3CD1-AB49-E92A1750A62C> /System/Library/PrivateFrameworks/DistributedSensing.framework/Versions/A/DistributedSensing
dyld[27789]: <C6BB1755-D0C6-32CD-88CC-A5B56EE50645> /System/Library/PrivateFrameworks/MobileBluetooth.framework/Versions/A/MobileBluetooth
dyld[27789]: <27091226-02BD-3686-BF0E-085096893D67> /System/Library/PrivateFrameworks/Rapport.framework/Versions/A/Rapport
dyld[27789]: <0F31BAE7-B2B6-3BCB-B2C6-B239449E2734> /System/Library/PrivateFrameworks/AppleIntelligenceReporting.framework/Versions/A/AppleIntelligenceReporting
dyld[27789]: <5DF01521-DA21-3FA2-9581-1D814B129B76> /usr/lib/libcups.2.dylib
dyld[27789]: <36818586-0927-335D-94A6-FACA52DAD4EF> /System/Library/Frameworks/Kerberos.framework/Versions/A/Kerberos
dyld[27789]: <778B1AA4-BAD7-376F-B3D2-9E4351381EB6> /System/Library/Frameworks/GSS.framework/Versions/A/GSS
dyld[27789]: <7A5E3B41-E1A5-31B8-8305-00D4886ADD73> /usr/lib/libresolv.9.dylib
dyld[27789]: <65B96FD7-F535-3837-ABC1-EE1D5A60ABDB> /System/Library/PrivateFrameworks/Heimdal.framework/Versions/A/Heimdal
dyld[27789]: <7B620A28-EDAD-3A85-9119-1E2B416CE165> /System/Library/Frameworks/Kerberos.framework/Versions/A/Libraries/libHeimdalProxy.dylib
dyld[27789]: <4784BF83-DC78-3E97-9A01-C529A57BBEFA> /System/Library/PrivateFrameworks/CommonAuth.framework/Versions/A/CommonAuth
dyld[27789]: <984C45FC-1DE2-3439-B962-8EAD027A77AB> /System/Library/PrivateFrameworks/AXCoreUtilities.framework/Versions/A/AXCoreUtilities
dyld[27789]: <FD85C228-E13C-34F9-9D7D-C0712CAFB078> /usr/lib/libedit.3.dylib
dyld[27789]: <A2032F2C-B284-348F-BDFC-381250C87359> /System/Library/PrivateFrameworks/AttributeGraph.framework/Versions/A/AttributeGraph
dyld[27789]: <C084AEF8-370C-3E7E-B6BF-DA09B3A6CA0C> /usr/lib/libAXSafeCategoryBundle.dylib
dyld[27789]: <41699BFD-38D3-3314-8B07-D89CB3314E07> /System/Library/Frameworks/TabularData.framework/Versions/A/TabularData
dyld[27789]: <D5AF6F43-2DF9-32FB-8D9B-3B210FE9DF98> /System/Library/PrivateFrameworks/ArgumentParserInternal.framework/Versions/A/ArgumentParserInternal
dyld[27789]: <5F24A8BE-71E7-31BD-B08B-87B902940ACE> /System/Library/Frameworks/Accelerate.framework/Versions/A/Frameworks/vecLib.framework/Versions/A/libvDSP.dylib
dyld[27789]: <9652335A-F8D7-3B4A-ACB7-7DE6416BC466> /System/Library/Frameworks/Accelerate.framework/Versions/A/Frameworks/vecLib.framework/Versions/A/libLAPACK.dylib
dyld[27789]: <1DE99C65-6A3D-355A-8A86-094C3E0E964A> /System/Library/Frameworks/Accelerate.framework/Versions/A/Frameworks/vecLib.framework/Versions/A/libLinearAlgebra.dylib
dyld[27789]: <0E3488EF-0F47-39A1-A1CC-CDBC16D486B9> /System/Library/Frameworks/Accelerate.framework/Versions/A/Frameworks/vecLib.framework/Versions/A/libSparseBLAS.dylib
dyld[27789]: <C802FD74-589B-385F-8928-ACAA5F6F7FC5> /System/Library/Frameworks/Accelerate.framework/Versions/A/Frameworks/vecLib.framework/Versions/A/libQuadrature.dylib
dyld[27789]: <8CED8CD6-005C-3320-A862-FBD989F44C50> /System/Library/Frameworks/Accelerate.framework/Versions/A/Frameworks/vecLib.framework/Versions/A/libBNNS.dylib
dyld[27789]: <FFED5D83-AABF-3832-B0C0-6417CDB3AC0F> /System/Library/Frameworks/Accelerate.framework/Versions/A/Frameworks/vecLib.framework/Versions/A/libSparse.dylib
dyld[27789]: <8BCEEB80-860E-31E3-82D3-19AA45B6C8A4> /usr/lib/libapp_launch_measurement.dylib
dyld[27789]: <AD67DE6D-1296-374B-BF2A-B6EDCC811F6D> /System/Library/PrivateFrameworks/InstalledContentLibrary.framework/Versions/A/InstalledContentLibrary
dyld[27789]: <11F768F3-A56B-396F-B00D-3FC186B5476B> /System/Library/PrivateFrameworks/CoreServicesStore.framework/Versions/A/CoreServicesStore
dyld[27789]: <71573CF6-9FE6-386F-AEE4-E439FFE15829> /System/Library/PrivateFrameworks/AppleMobileFileIntegrity.framework/Versions/A/AppleMobileFileIntegrity
dyld[27789]: <FBC60DCF-D42B-3D08-B58C-A667E28E8B80> /System/Library/PrivateFrameworks/MobileSystemServices.framework/Versions/A/MobileSystemServices
dyld[27789]: <74D3A61E-85C1-355C-80CA-9B7F2D6C2EDE> /System/Library/PrivateFrameworks/ConfigProfileHelper.framework/Versions/A/ConfigProfileHelper
dyld[27789]: <B97F2F85-7D93-39F9-8818-0D15E7FC9C83> /usr/lib/libxslt.1.dylib
dyld[27789]: <3E9AEDC3-E785-3F03-BD6D-E96E3B23F19A> /System/Library/PrivateFrameworks/BackgroundTaskManagement.framework/Versions/A/BackgroundTaskManagement
dyld[27789]: <6EACD1BE-2F93-35BF-BE65-9A936994473D> /usr/lib/libcurl.4.dylib
dyld[27789]: <31BB8ED0-21DB-3DDB-BF06-489A37C06BC3> /usr/lib/libcrypto.46.dylib
dyld[27789]: <19CB2D19-0977-3813-9147-7409AA190486> /usr/lib/libssl.48.dylib
dyld[27789]: <8E111D97-BEBB-3C0D-9CDD-300BDF7D91E9> /System/Library/Frameworks/LDAP.framework/Versions/A/LDAP
dyld[27789]: <F639BC9D-D643-36EB-947D-E8C6FCCAF506> /System/Library/PrivateFrameworks/TrustEvaluationAgent.framework/Versions/A/TrustEvaluationAgent
dyld[27789]: <3D1F6EBF-66CF-3AFE-9EC6-946AC68BA8EF> /usr/lib/libsasl2.2.dylib
dyld[27789]: <B2F31AE9-FA1F-3D55-BE68-A2301B8FF7C1> /System/Library/PrivateFrameworks/NetAuth.framework/Versions/A/NetAuth
dyld[27789]: <2B75C856-223B-39C6-B787-015DD8EE4BFB> /System/Library/PrivateFrameworks/login.framework/Versions/A/Frameworks/loginsupport.framework/Versions/A/loginsupport
dyld[27789]: move loaded to delayed: libcmark-gfm.dylib
dyld[27789]: move loaded to delayed: libCGInterfaces.dylib
dyld[27789]: move loaded to delayed: AccelerateGPU
dyld[27789]: move loaded to delayed: ApplicationServices
dyld[27789]: move loaded to delayed: ATS
dyld[27789]: move loaded to delayed: HIServices
dyld[27789]: move loaded to delayed: PrintCore
dyld[27789]: move loaded to delayed: QD
dyld[27789]: move loaded to delayed: ColorSyncLegacy
dyld[27789]: move loaded to delayed: SpeechSynthesis
dyld[27789]: move loaded to delayed: TextRecognition
dyld[27789]: move loaded to delayed: AudioDSPGraph
dyld[27789]: move loaded to delayed: TextInput
dyld[27789]: move loaded to delayed: CVNLP
dyld[27789]: move loaded to delayed: LanguageModeling
dyld[27789]: move loaded to delayed: DataDetectorsCore
dyld[27789]: move loaded to delayed: Futhark
dyld[27789]: move loaded to delayed: VisionCore
dyld[27789]: move loaded to delayed: CoreML
dyld[27789]: move loaded to delayed: NaturalLanguage
dyld[27789]: move loaded to delayed: Espresso
dyld[27789]: move loaded to delayed: DataDetection
dyld[27789]: move loaded to delayed: AppleNeuralEngine
dyld[27789]: move loaded to delayed: libswiftCoreImage.dylib
dyld[27789]: move loaded to delayed: libswiftMLCompute.dylib
dyld[27789]: move loaded to delayed: libswiftNaturalLanguage.dylib
dyld[27789]: move loaded to delayed: InternationalSupport
dyld[27789]: move loaded to delayed: CMPhoto
dyld[27789]: move loaded to delayed: MediaToolbox
dyld[27789]: move loaded to delayed: Montreal
dyld[27789]: move loaded to delayed: ByteMatrixVerification
dyld[27789]: move loaded to delayed: libFDRDecode.dylib
dyld[27789]: move loaded to delayed: AppleJPEGXL
dyld[27789]: move loaded to delayed: CryptoKit
dyld[27789]: move loaded to delayed: libswiftCompression.dylib
dyld[27789]: move loaded to delayed: CryptoKitPrivate
dyld[27789]: move loaded to delayed: CryptoKitCBridging
dyld[27789]: move loaded to delayed: CryptoTokenKit
dyld[27789]: move loaded to delayed: LocalAuthentication
dyld[27789]: move loaded to delayed: LocalAuthenticationCore
dyld[27789]: move loaded to delayed: LocalAuthenticationCredentialServices
dyld[27789]: move loaded to delayed: SharedUtils
dyld[27789]: move loaded to delayed: DFRFoundation
dyld[27789]: move loaded to delayed: DiskManagement
dyld[27789]: move loaded to delayed: libcsfde.dylib
dyld[27789]: move loaded to delayed: libCoreStorage.dylib
dyld[27789]: move loaded to delayed: ProtectedCloudStorage
dyld[27789]: move loaded to delayed: EFILogin
dyld[27789]: move loaded to delayed: AAAFoundation
dyld[27789]: move loaded to delayed: Accounts
dyld[27789]: move loaded to delayed: CloudServices
dyld[27789]: move loaded to delayed: OctagonTrust
dyld[27789]: move loaded to delayed: AppleIDAuthSupport
dyld[27789]: move loaded to delayed: KeychainCircle
dyld[27789]: move loaded to delayed: AuthKit
dyld[27789]: move loaded to delayed: MultiverseSupport
dyld[27789]: move loaded to delayed: URLFormatting
dyld[27789]: move loaded to delayed: AudioAccessoryServices
dyld[27789]: move loaded to delayed: CoreBluetooth
dyld[27789]: move loaded to delayed: CoreUtils
dyld[27789]: move loaded to delayed: Sharing
dyld[27789]: move loaded to delayed: CoreUtilsExtras
dyld[27789]: move loaded to delayed: IO80211
dyld[27789]: move loaded to delayed: AutoUnlock
dyld[27789]: move loaded to delayed: IDSFoundation
dyld[27789]: move loaded to delayed: IconServices
dyld[27789]: move loaded to delayed: Apple80211
dyld[27789]: move loaded to delayed: CoreWiFi
dyld[27789]: move loaded to delayed: CoreWLAN
dyld[27789]: move loaded to delayed: IOBluetooth
dyld[27789]: move loaded to delayed: SharingCore
dyld[27789]: move loaded to delayed: libswiftCoreLocation.dylib
dyld[27789]: move loaded to delayed: BiometricKit
dyld[27789]: move loaded to delayed: IMFoundation
dyld[27789]: move loaded to delayed: Marco
dyld[27789]: move loaded to delayed: CommonUtilities
dyld[27789]: move loaded to delayed: Engram
dyld[27789]: move loaded to delayed: XPCDistributed
dyld[27789]: move loaded to delayed: libtidy.A.dylib
dyld[27789]: move loaded to delayed: Bom
dyld[27789]: move loaded to delayed: libParallelCompression.dylib
dyld[27789]: move loaded to delayed: IconFoundation
dyld[27789]: move loaded to delayed: SiriAvailability
dyld[27789]: move loaded to delayed: IconRendering
dyld[27789]: move loaded to delayed: CoreUI
dyld[27789]: move loaded to delayed: SFSymbols
dyld[27789]: move loaded to delayed: DeveloperToolsSupport
dyld[27789]: move loaded to delayed: RenderBox
dyld[27789]: move loaded to delayed: CoreSVG
dyld[27789]: move loaded to delayed: TextureIO
dyld[27789]: move loaded to delayed: WallpaperServices
dyld[27789]: move loaded to delayed: ATSUI
dyld[27789]: move loaded to delayed: libIOReport.dylib
dyld[27789]: move loaded to delayed: WiFiPeerToPeer
dyld[27789]: move loaded to delayed: libmrc.dylib
dyld[27789]: move loaded to delayed: IPConfiguration
dyld[27789]: move loaded to delayed: Netrb
dyld[27789]: move loaded to delayed: FrontBoardServices
dyld[27789]: move loaded to delayed: UserNotifications
dyld[27789]: move loaded to delayed: AudioUnit
dyld[27789]: move loaded to delayed: CoreLocation
dyld[27789]: move loaded to delayed: _LocationEssentials
dyld[27789]: move loaded to delayed: GeoServices
dyld[27789]: move loaded to delayed: LocationSupport
dyld[27789]: move loaded to delayed: GeoServicesCore
dyld[27789]: move loaded to delayed: PhoneNumbers
dyld[27789]: move loaded to delayed: LocationLogEncryption
dyld[27789]: move loaded to delayed: CoreAVCHD
dyld[27789]: move loaded to delayed: MediaAccessibility
dyld[27789]: move loaded to delayed: Mangrove
dyld[27789]: move loaded to delayed: CoreTelephony
dyld[27789]: move loaded to delayed: CoreAUC
dyld[27789]: move loaded to delayed: libTelephonyUtilDynamic.dylib
dyld[27789]: move loaded to delayed: CoreEmoji
dyld[27789]: move loaded to delayed: ANECompiler
dyld[27789]: move loaded to delayed: MetalPerformanceShadersGraph
dyld[27789]: move loaded to delayed: MLCompilerServices
dyld[27789]: move loaded to delayed: ANEServices
dyld[27789]: move loaded to delayed: libncurses.5.4.dylib
dyld[27789]: move loaded to delayed: libsandbox.1.dylib
dyld[27789]: move loaded to delayed: libMatch.1.dylib
dyld[27789]: move loaded to delayed: CoreAIRuntime
dyld[27789]: move loaded to delayed: CoreAICompiler
dyld[27789]: move loaded to delayed: CoreAICommon
dyld[27789]: move loaded to delayed: ODIE
dyld[27789]: move loaded to delayed: libODIECompiler.dylib
dyld[27789]: move loaded to delayed: MLCompilerRuntime
dyld[27789]: move loaded to delayed: MLCompute
dyld[27789]: move loaded to delayed: MLAssetIO
dyld[27789]: move loaded to delayed: libcmph.dylib
dyld[27789]: move loaded to delayed: AVFoundation
dyld[27789]: move loaded to delayed: AVFAudio
dyld[27789]: move loaded to delayed: AVFCore
dyld[27789]: move loaded to delayed: AVFCapture
dyld[27789]: move loaded to delayed: AVRouting
dyld[27789]: move loaded to delayed: IsolatedCoreAudioClient
dyld[27789]: move loaded to delayed: Tightbeam
dyld[27789]: move loaded to delayed: CoreAudioOrchestration
dyld[27789]: move loaded to delayed: AFKUser
dyld[27789]: move loaded to delayed: libAccessibility.dylib
dyld[27789]: move loaded to delayed: CMCapture
dyld[27789]: move loaded to delayed: CMImaging
dyld[27789]: move loaded to delayed: Quagga
dyld[27789]: move loaded to delayed: CoreMediaIO
dyld[27789]: move loaded to delayed: CMCaptureDevice
dyld[27789]: move loaded to delayed: CinematicFraming
dyld[27789]: move loaded to delayed: ModelManagerServices
dyld[27789]: move loaded to delayed: CoreMotion
dyld[27789]: move loaded to delayed: DistributedSensing
dyld[27789]: move loaded to delayed: MobileBluetooth
dyld[27789]: move loaded to delayed: Rapport
dyld[27789]: move loaded to delayed: AppleIntelligenceReporting
dyld[27789]: move loaded to delayed: libcups.2.dylib
dyld[27789]: move loaded to delayed: AXCoreUtilities
dyld[27789]: move loaded to delayed: libedit.3.dylib
dyld[27789]: move loaded to delayed: AttributeGraph
dyld[27789]: move loaded to delayed: libAXSafeCategoryBundle.dylib
dyld[27789]: move loaded to delayed: TabularData
dyld[27789]: move loaded to delayed: ArgumentParserInternal
0098:trace:loaddll:build_module Loaded L"C:\\windows\\system32\\winedevice.exe" at 0000000140000000: builtin
0098:trace:loaddll:build_module Loaded L"C:\\windows\\system32\\kernelbase.dll" at 00006FFFFFC10000: builtin
0098:trace:loaddll:build_module Loaded L"C:\\windows\\system32\\kernel32.dll" at 00006FFFFFEC0000: builtin
0098:trace:loaddll:build_module Loaded L"C:\\windows\\system32\\msvcrt.dll" at 00006FFFFFAF0000: builtin
0098:trace:loaddll:build_module Loaded L"C:\\windows\\system32\\ucrtbase.dll" at 00006FFFFF9D0000: builtin
0098:trace:loaddll:build_module Loaded L"C:\\windows\\system32\\sechost.dll" at 00006FFFFFAC0000: builtin
0098:trace:loaddll:build_module Loaded L"C:\\windows\\system32\\advapi32.dll" at 00006FFFFFBB0000: builtin
0098:trace:loaddll:build_module Loaded L"C:\\windows\\system32\\ntoskrnl.exe" at 00006FFFFF7D0000: builtin
0098:trace:loaddll:build_module Loaded L"C:\\windows\\system32\\rpcrt4.dll" at 00006FFFFF8F0000: builtin
00a0:trace:loaddll:build_module Loaded L"C:\\windows\\system32\\drivers\\hidparse.sys" at 00006FFFFF350000: builtin
00a0:trace:loaddll:build_module Loaded L"C:\\windows\\system32\\drivers\\winebus.sys" at 00006FFFFF380000: builtin
dyld[27789]: <18F1EB9D-8F47-303C-B28C-4BF5E9B08721> /private/tmp/step10a4-highball-V5DiZw/engine/lib/wine/x86_64-unix/winebus.so
dyld[27789]: <51CAFDCC-108A-36FD-A5D8-A0A089B734C8> /private/tmp/step10a4-highball-V5DiZw/frameworks/libinotify.0.dylib
00a0:trace:loaddll:build_module Loaded L"C:\\windows\\system32\\setupapi.dll" at 00006FFFFF860000: builtin
00a8:trace:loaddll:build_module Loaded L"C:\\windows\\system32\\win32u.dll" at 00006FFFFF4D0000: builtin
00a8:trace:loaddll:build_module Loaded L"C:\\windows\\system32\\gdi32.dll" at 00006FFFFF520000: builtin
00a8:trace:loaddll:build_module Loaded L"C:\\windows\\system32\\user32.dll" at 00006FFFFF5C0000: builtin
00a8:trace:loaddll:build_module Loaded L"C:\\windows\\system32\\drivers\\hidclass.sys" at 00006FFFFF300000: builtin
00a8:trace:loaddll:build_module Loaded L"C:\\windows\\system32\\drivers\\winehid.sys" at 00006FFFFF330000: builtin
dyld[27789]: <5707ACF2-4729-3797-BAEA-CE6C25A81C29> /System/Library/Extensions/IOHIDFamily.kext/Contents/PlugIns/IOHIDLib.plugin/Contents/MacOS/IOHIDLib
dyld[27789]: <B27F7B09-A94C-3CD6-92BB-B7A6327E4726> /private/tmp/step10a4-highball-V5DiZw/engine/lib/wine/x86_64-unix/win32u.so
dyld[27789]: <2618F07F-F435-31BC-8B8F-5BE31A82A0E2> /System/Library/Frameworks/Carbon.framework/Versions/A/Carbon
dyld[27789]: <0616BD09-778E-326F-9970-1F43B936FC27> /System/Library/Frameworks/Carbon.framework/Versions/A/Frameworks/CommonPanels.framework/Versions/A/CommonPanels
dyld[27789]: <74297D98-91FD-36C2-997A-A83369B8C8D1> /System/Library/Frameworks/Carbon.framework/Versions/A/Frameworks/Help.framework/Versions/A/Help
dyld[27789]: <0A073AFA-264C-38FD-88D6-1F539405CFF7> /System/Library/Frameworks/Carbon.framework/Versions/A/Frameworks/HIToolbox.framework/Versions/A/HIToolbox
dyld[27789]: <46D588BB-4110-35A8-B7E0-3234286449C8> /System/Library/Frameworks/Carbon.framework/Versions/A/Frameworks/ImageCapture.framework/Versions/A/ImageCapture
dyld[27789]: <499E5E08-3063-3F43-A899-31FA2BB979DB> /System/Library/Frameworks/Carbon.framework/Versions/A/Frameworks/OpenScripting.framework/Versions/A/OpenScripting
dyld[27789]: <661D4F57-0154-3AD2-8873-890447A2BDB4> /System/Library/Frameworks/Carbon.framework/Versions/A/Frameworks/Ink.framework/Versions/A/Ink
dyld[27789]: <C285D9A2-4F18-30D6-920B-AA0338C11A0A> /System/Library/Frameworks/Carbon.framework/Versions/A/Frameworks/SecurityHI.framework/Versions/A/SecurityHI
dyld[27789]: <0F99F297-38DF-3BBA-9743-8E4143B66666> /System/Library/Frameworks/Carbon.framework/Versions/A/Frameworks/SpeechRecognition.framework/Versions/A/SpeechRecognition
dyld[27789]: <6A70CC1A-98BC-3FCA-A239-5ED4761A5DEC> /System/Library/PrivateFrameworks/PerformanceAnalysis.framework/Versions/A/PerformanceAnalysis
dyld[27789]: <E69F7DCC-D30C-3437-BA3B-E89352BD6F32> /usr/lib/libInterpreterSecurity.dylib
dyld[27789]: <D2A3346E-917D-373B-82B0-485D4CCA584A> /System/Library/PrivateFrameworks/XprotectFramework.framework/Versions/A/XprotectFramework
dyld[27789]: <251BE21A-322B-3743-ACC8-8422C368F25D> /System/Library/PrivateFrameworks/yara.framework/Versions/A/yara
dyld[27789]: <877BBC60-34A9-30C9-B70D-CBB94892A630> /usr/lib/libEndpointSecuritySystem.dylib
dyld[27789]: <FEA35EDC-52ED-3511-B7F9-0D8CF6987187> /System/Library/Frameworks/AppKit.framework/Versions/C/AppKit
dyld[27789]: <40553DE7-EC44-3AA0-9B4E-B2967651DCFD> /System/Library/PrivateFrameworks/UIFoundation.framework/Versions/A/UIFoundation
dyld[27789]: <A8B8A0A2-C1F1-3164-8FF4-22DC1EEB492C> /System/Library/PrivateFrameworks/CollectionViewCore.framework/Versions/A/CollectionViewCore
dyld[27789]: <8067AD29-CC1D-3E3A-B311-022386DE692A> /System/Library/PrivateFrameworks/UserActivity.framework/Versions/A/UserActivity
dyld[27789]: <7B1E9B1D-DD83-368D-B688-0A650DF37979> /System/Library/PrivateFrameworks/XCTTargetBootstrap.framework/Versions/A/XCTTargetBootstrap
dyld[27789]: <317115E2-9832-3504-BF43-D0B251C014E9> /System/Library/PrivateFrameworks/UIIntelligenceSupport.framework/Versions/A/UIIntelligenceSupport
dyld[27789]: <17EC8E5A-6DB6-339C-95D3-BBB2024E4411> /System/Library/PrivateFrameworks/CampoServices.framework/Versions/A/CampoServices
dyld[27789]: <015FE298-1AA0-3155-89E7-53AFBBBFE8CC> /System/Library/PrivateFrameworks/FrontBoard.framework/Versions/A/FrontBoard
dyld[27789]: <A0E6AB54-8C25-3E96-8A3E-EDAF865A8B16> /System/Library/Frameworks/SwiftUICore.framework/Versions/A/SwiftUICore
dyld[27789]: <38EC6C4D-F739-39EB-A881-AC01273E7374> /System/Library/PrivateFrameworks/WritingTools.framework/Versions/A/WritingTools
dyld[27789]: <AD0B8D4C-E0DB-3EEC-9023-8FF8737A3529> /System/Library/PrivateFrameworks/WindowManagement.framework/Versions/A/WindowManagement
dyld[27789]: <C6BF8161-3576-3113-B791-0B42D85C329E> /System/Library/SubFrameworks/FocusEngine.framework/Versions/A/FocusEngine
dyld[27789]: <A2542977-DBD8-378D-8C20-693A8DEEF03C> /System/Library/PrivateFrameworks/DesignLibrary.framework/Versions/A/DesignLibrary
dyld[27789]: <EAA17DC2-28D8-3E91-A0E9-AEFD00905B04> /System/Library/PrivateFrameworks/A<user>tionKit.framework/Versions/A/A<user>tionKit
dyld[27789]: <663E7EE6-81A5-338A-AFD1-9DCB3EA3667E> /System/Library/SubFrameworks/UIUtilities.framework/Versions/A/UIUtilities
dyld[27789]: <4764B822-4BA6-368A-8B78-AFEC6A10CEF0> /System/Library/PrivateFrameworks/UpdateCycle.framework/Versions/A/UpdateCycle
dyld[27789]: <01509F63-1857-35B8-9563-0584DB02259D> /System/Library/Frameworks/Accessibility.framework/Versions/A/Accessibility
dyld[27789]: <D81BE3FA-4481-3588-BEAD-A759F8885B22> /System/Library/Frameworks/CoreTransferable.framework/Versions/A/CoreTransferable
dyld[27789]: <CDBD1042-9363-3431-B817-76F404950F0D> /System/Library/Frameworks/Symbols.framework/Versions/A/Symbols
dyld[27789]: <CA6387B5-22C7-3F70-87C8-E114146618C6> /System/Library/PrivateFrameworks/SceneHosting.framework/Versions/A/SceneHosting
dyld[27789]: <2304BE29-4C72-38CF-9ACA-7809C63B27E0> /usr/lib/swift/libswiftSpatial.dylib
dyld[27789]: <0DD04961-7569-3E12-8A7B-6619572DBF53> /usr/lib/swift/libswiftCoreGraphics.dylib
dyld[27789]: <D2FD98F2-7E6E-34CC-AE03-1AF1E24D7558> /usr/lib/swift/libswiftFoundation.dylib
dyld[27789]: <7CA308FE-868C-3530-805C-5A2635AFBA64> /usr/lib/swift/libswiftSwiftOnoneSupport.dylib
dyld[27789]: <8481BB2F-A180-3BC0-9602-8D6CFD328C81> /usr/lib/swift/libswiftsys_time.dylib
dyld[27789]: <C71AB5EE-D8D9-3D2C-A0BD-321A8E74EB67> /System/Library/PrivateFrameworks/CoreMaterial.framework/Versions/A/CoreMaterial
dyld[27789]: <F6D5A70C-E363-3937-ACB8-B331A5F622DB> /usr/lib/libSpatial.dylib
dyld[27789]: <5F6B5F5B-29FB-36E7-AF42-4F63E1AFB995> /System/Library/PrivateFrameworks/PrototypeTools.framework/Versions/A/PrototypeTools
dyld[27789]: move delayed to loaded: ApplicationServices
dyld[27789]: move delayed to loaded: ATS
dyld[27789]: move delayed to loaded: HIServices
dyld[27789]: move delayed to loaded: PrintCore
dyld[27789]: move delayed to loaded: QD
dyld[27789]: move delayed to loaded: ColorSyncLegacy
dyld[27789]: move delayed to loaded: SpeechSynthesis
dyld[27789]: move delayed to loaded: TextInput
dyld[27789]: move delayed to loaded: DataDetectorsCore
dyld[27789]: move delayed to loaded: DataDetection
dyld[27789]: move delayed to loaded: libswiftCoreImage.dylib
dyld[27789]: move delayed to loaded: InternationalSupport
dyld[27789]: move delayed to loaded: libswiftCompression.dylib
dyld[27789]: move delayed to loaded: DFRFoundation
dyld[27789]: move delayed to loaded: CoreBluetooth
dyld[27789]: move delayed to loaded: CoreUtils
dyld[27789]: move delayed to loaded: CoreUtilsExtras
dyld[27789]: move delayed to loaded: IO80211
dyld[27789]: move delayed to loaded: IconServices
dyld[27789]: move delayed to loaded: IOBluetooth
dyld[27789]: move delayed to loaded: IconFoundation
dyld[27789]: move delayed to loaded: IconRendering
dyld[27789]: move delayed to loaded: CoreUI
dyld[27789]: move delayed to loaded: SFSymbols
dyld[27789]: move delayed to loaded: DeveloperToolsSupport
dyld[27789]: move delayed to loaded: RenderBox
dyld[27789]: move delayed to loaded: CoreSVG
dyld[27789]: move delayed to loaded: TextureIO
dyld[27789]: move delayed to loaded: WallpaperServices
dyld[27789]: move delayed to loaded: ATSUI
dyld[27789]: move delayed to loaded: libIOReport.dylib
dyld[27789]: move delayed to loaded: FrontBoardServices
dyld[27789]: move delayed to loaded: AudioUnit
dyld[27789]: move delayed to loaded: MediaAccessibility
dyld[27789]: move delayed to loaded: CoreEmoji
dyld[27789]: move delayed to loaded: libncurses.5.4.dylib
dyld[27789]: move delayed to loaded: AVFAudio
dyld[27789]: move delayed to loaded: IsolatedCoreAudioClient
dyld[27789]: move delayed to loaded: Tightbeam
dyld[27789]: move delayed to loaded: CoreAudioOrchestration
dyld[27789]: move delayed to loaded: AFKUser
dyld[27789]: move delayed to loaded: libAccessibility.dylib
dyld[27789]: move delayed to loaded: libcups.2.dylib
dyld[27789]: move delayed to loaded: AXCoreUtilities
dyld[27789]: move delayed to loaded: libedit.3.dylib
dyld[27789]: move delayed to loaded: AttributeGraph
dyld[27789]: move delayed to loaded: libAXSafeCategoryBundle.dylib
dyld[27789]: move delayed to loaded: TabularData
dyld[27789]: move delayed to loaded: ArgumentParserInternal
00b4:err:hid:handle_DeviceMatchingCallback Ignoring HID device 0x7fdfe3915580 (vid 0000, pid 0000): not a joystick or gamepad
00b4:err:hid:handle_DeviceMatchingCallback Ignoring HID device 0x7fdfe3916b10 (vid 05ac, pid 8104): not a joystick or gamepad
00b4:err:hid:handle_DeviceMatchingCallback Ignoring HID device 0x7fdfe3914750 (vid 0000, pid 0000): not a joystick or gamepad
00b4:err:hid:handle_DeviceMatchingCallback Ignoring HID device 0x7fdfe3915890 (vid 0000, pid 0000): not a joystick or gamepad
00b4:err:hid:handle_DeviceMatchingCallback Ignoring HID device 0x7fdfe3915ce0 (vid 0000, pid 0000): not a joystick or gamepad
00b4:err:hid:handle_DeviceMatchingCallback Ignoring HID device 0x7fdfe39150f0 (vid 0000, pid 0000): not a joystick or gamepad
00b4:err:hid:handle_DeviceMatchingCallback Ignoring HID device 0x7fdfe3916130 (vid 0000, pid 0000): not a joystick or gamepad
00b4:err:hid:handle_DeviceMatchingCallback Ignoring HID device 0x7fdfe39166b0 (vid 05ac, pid 8104): not a joystick or gamepad
00b4:err:hid:handle_DeviceMatchingCallback Ignoring HID device 0x7fdfe3914f10 (vid 0000, pid 0000): not a joystick or gamepad
00b4:err:hid:handle_DeviceMatchingCallback Ignoring HID device 0x7fdfe39162d0 (vid 0000, pid 0000): not a joystick or gamepad
00b4:err:hid:handle_DeviceMatchingCallback Ignoring HID device 0x7fdfe3914b60 (vid 0000, pid 0000): not a joystick or gamepad
00b4:err:hid:handle_DeviceMatchingCallback Ignoring HID device 0x7fdfe3916f50 (vid 05ac, pid 8104): not a joystick or gamepad
00b4:err:hid:handle_DeviceMatchingCallback Ignoring HID device 0x7fdfe3917330 (vid 05ac, pid 8104): not a joystick or gamepad
00b4:err:hid:handle_DeviceMatchingCallback Ignoring HID device 0x7fdfe3917650 (vid 0000, pid 0000): not a joystick or gamepad
00b4:err:hid:handle_DeviceMatchingCallback Ignoring HID device 0x7fdfe39179c0 (vid 0000, pid 0000): not a joystick or gamepad
Wine cannot find the FreeType font library.  To enable Wine to
use TrueType fonts please install a version of FreeType greater than
or equal to 2.0.5.
http://www.freetype.org
00b4:err:hid:handle_DeviceMatchingCallback Ignoring HID device 0x7fdfe3914240 (vid 05ac, pid 0000): not a joystick or gamepad
00b4:err:hid:handle_DeviceMatchingCallback Ignoring HID device 0x7fdfe3917d30 (vid 0000, pid 0000): not a joystick or gamepad
00a8:trace:loaddll:build_module Loaded L"C:\\windows\\system32\\imm32.dll" at 00006FFFFF4A0000: builtin
002c:trace:loaddll:build_module Loaded L"C:\\windows\\system32\\win32u.dll" at 00006FFFFF4D0000: builtin
002c:trace:loaddll:build_module Loaded L"C:\\windows\\system32\\user32.dll" at 00006FFFFF5C0000: builtin
002c:trace:loaddll:build_module Loaded L"C:\\windows\\system32\\gdi32.dll" at 00006FFFFF520000: builtin
002c:trace:loaddll:build_module Loaded L"C:\\windows\\system32\\shcore.dll" at 00006FFFFE930000: builtin
002c:trace:loaddll:build_module Loaded L"C:\\windows\\system32\\shlwapi.dll" at 00006FFFFE960000: builtin
002c:trace:loaddll:build_module Loaded L"C:\\windows\\system32\\shell32.dll" at 00006FFFFE9C0000: builtin
dyld[27779]: <B27F7B09-A94C-3CD6-92BB-B7A6327E4726> /private/tmp/step10a4-highball-V5DiZw/engine/lib/wine/x86_64-unix/win32u.so
dyld[27779]: <2618F07F-F435-31BC-8B8F-5BE31A82A0E2> /System/Library/Frameworks/Carbon.framework/Versions/A/Carbon
dyld[27779]: <0616BD09-778E-326F-9970-1F43B936FC27> /System/Library/Frameworks/Carbon.framework/Versions/A/Frameworks/CommonPanels.framework/Versions/A/CommonPanels
dyld[27779]: <74297D98-91FD-36C2-997A-A83369B8C8D1> /System/Library/Frameworks/Carbon.framework/Versions/A/Frameworks/Help.framework/Versions/A/Help
dyld[27779]: <0A073AFA-264C-38FD-88D6-1F539405CFF7> /System/Library/Frameworks/Carbon.framework/Versions/A/Frameworks/HIToolbox.framework/Versions/A/HIToolbox
dyld[27779]: <46D588BB-4110-35A8-B7E0-3234286449C8> /System/Library/Frameworks/Carbon.framework/Versions/A/Frameworks/ImageCapture.framework/Versions/A/ImageCapture
dyld[27779]: <499E5E08-3063-3F43-A899-31FA2BB979DB> /System/Library/Frameworks/Carbon.framework/Versions/A/Frameworks/OpenScripting.framework/Versions/A/OpenScripting
dyld[27779]: <661D4F57-0154-3AD2-8873-890447A2BDB4> /System/Library/Frameworks/Carbon.framework/Versions/A/Frameworks/Ink.framework/Versions/A/Ink
dyld[27779]: <C285D9A2-4F18-30D6-920B-AA0338C11A0A> /System/Library/Frameworks/Carbon.framework/Versions/A/Frameworks/SecurityHI.framework/Versions/A/SecurityHI
dyld[27779]: <0F99F297-38DF-3BBA-9743-8E4143B66666> /System/Library/Frameworks/Carbon.framework/Versions/A/Frameworks/SpeechRecognition.framework/Versions/A/SpeechRecognition
dyld[27779]: <6A70CC1A-98BC-3FCA-A239-5ED4761A5DEC> /System/Library/PrivateFrameworks/PerformanceAnalysis.framework/Versions/A/PerformanceAnalysis
dyld[27779]: <E69F7DCC-D30C-3437-BA3B-E89352BD6F32> /usr/lib/libInterpreterSecurity.dylib
dyld[27779]: <D2A3346E-917D-373B-82B0-485D4CCA584A> /System/Library/PrivateFrameworks/XprotectFramework.framework/Versions/A/XprotectFramework
dyld[27779]: <251BE21A-322B-3743-ACC8-8422C368F25D> /System/Library/PrivateFrameworks/yara.framework/Versions/A/yara
dyld[27779]: <877BBC60-34A9-30C9-B70D-CBB94892A630> /usr/lib/libEndpointSecuritySystem.dylib
dyld[27779]: <FEA35EDC-52ED-3511-B7F9-0D8CF6987187> /System/Library/Frameworks/AppKit.framework/Versions/C/AppKit
dyld[27779]: <40553DE7-EC44-3AA0-9B4E-B2967651DCFD> /System/Library/PrivateFrameworks/UIFoundation.framework/Versions/A/UIFoundation
dyld[27779]: <A8B8A0A2-C1F1-3164-8FF4-22DC1EEB492C> /System/Library/PrivateFrameworks/CollectionViewCore.framework/Versions/A/CollectionViewCore
dyld[27779]: <8067AD29-CC1D-3E3A-B311-022386DE692A> /System/Library/PrivateFrameworks/UserActivity.framework/Versions/A/UserActivity
dyld[27779]: <7B1E9B1D-DD83-368D-B688-0A650DF37979> /System/Library/PrivateFrameworks/XCTTargetBootstrap.framework/Versions/A/XCTTargetBootstrap
dyld[27779]: <317115E2-9832-3504-BF43-D0B251C014E9> /System/Library/PrivateFrameworks/UIIntelligenceSupport.framework/Versions/A/UIIntelligenceSupport
dyld[27779]: <17EC8E5A-6DB6-339C-95D3-BBB2024E4411> /System/Library/PrivateFrameworks/CampoServices.framework/Versions/A/CampoServices
dyld[27779]: <015FE298-1AA0-3155-89E7-53AFBBBFE8CC> /System/Library/PrivateFrameworks/FrontBoard.framework/Versions/A/FrontBoard
dyld[27779]: <A0E6AB54-8C25-3E96-8A3E-EDAF865A8B16> /System/Library/Frameworks/SwiftUICore.framework/Versions/A/SwiftUICore
dyld[27779]: <38EC6C4D-F739-39EB-A881-AC01273E7374> /System/Library/PrivateFrameworks/WritingTools.framework/Versions/A/WritingTools
dyld[27779]: <AD0B8D4C-E0DB-3EEC-9023-8FF8737A3529> /System/Library/PrivateFrameworks/WindowManagement.framework/Versions/A/WindowManagement
dyld[27779]: <C6BF8161-3576-3113-B791-0B42D85C329E> /System/Library/SubFrameworks/FocusEngine.framework/Versions/A/FocusEngine
dyld[27779]: <A2542977-DBD8-378D-8C20-693A8DEEF03C> /System/Library/PrivateFrameworks/DesignLibrary.framework/Versions/A/DesignLibrary
dyld[27779]: <EAA17DC2-28D8-3E91-A0E9-AEFD00905B04> /System/Library/PrivateFrameworks/A<user>tionKit.framework/Versions/A/A<user>tionKit
dyld[27779]: <663E7EE6-81A5-338A-AFD1-9DCB3EA3667E> /System/Library/SubFrameworks/UIUtilities.framework/Versions/A/UIUtilities
dyld[27779]: <4764B822-4BA6-368A-8B78-AFEC6A10CEF0> /System/Library/PrivateFrameworks/UpdateCycle.framework/Versions/A/UpdateCycle
dyld[27779]: <01509F63-1857-35B8-9563-0584DB02259D> /System/Library/Frameworks/Accessibility.framework/Versions/A/Accessibility
dyld[27779]: <D81BE3FA-4481-3588-BEAD-A759F8885B22> /System/Library/Frameworks/CoreTransferable.framework/Versions/A/CoreTransferable
dyld[27779]: <CDBD1042-9363-3431-B817-76F404950F0D> /System/Library/Frameworks/Symbols.framework/Versions/A/Symbols
dyld[27779]: <CA6387B5-22C7-3F70-87C8-E114146618C6> /System/Library/PrivateFrameworks/SceneHosting.framework/Versions/A/SceneHosting
dyld[27779]: <2304BE29-4C72-38CF-9ACA-7809C63B27E0> /usr/lib/swift/libswiftSpatial.dylib
dyld[27779]: <0DD04961-7569-3E12-8A7B-6619572DBF53> /usr/lib/swift/libswiftCoreGraphics.dylib
dyld[27779]: <D2FD98F2-7E6E-34CC-AE03-1AF1E24D7558> /usr/lib/swift/libswiftFoundation.dylib
dyld[27779]: <7CA308FE-868C-3530-805C-5A2635AFBA64> /usr/lib/swift/libswiftSwiftOnoneSupport.dylib
dyld[27779]: <8481BB2F-A180-3BC0-9602-8D6CFD328C81> /usr/lib/swift/libswiftsys_time.dylib
dyld[27779]: <C71AB5EE-D8D9-3D2C-A0BD-321A8E74EB67> /System/Library/PrivateFrameworks/CoreMaterial.framework/Versions/A/CoreMaterial
dyld[27779]: <F6D5A70C-E363-3937-ACB8-B331A5F622DB> /usr/lib/libSpatial.dylib
dyld[27779]: <5F6B5F5B-29FB-36E7-AF42-4F63E1AFB995> /System/Library/PrivateFrameworks/PrototypeTools.framework/Versions/A/PrototypeTools
dyld[27779]: move delayed to loaded: ApplicationServices
dyld[27779]: move delayed to loaded: ATS
dyld[27779]: move delayed to loaded: HIServices
dyld[27779]: move delayed to loaded: PrintCore
dyld[27779]: move delayed to loaded: QD
dyld[27779]: move delayed to loaded: ColorSyncLegacy
dyld[27779]: move delayed to loaded: SpeechSynthesis
dyld[27779]: move delayed to loaded: TextInput
dyld[27779]: move delayed to loaded: DataDetectorsCore
dyld[27779]: move delayed to loaded: DataDetection
dyld[27779]: move delayed to loaded: libswiftCoreImage.dylib
dyld[27779]: move delayed to loaded: InternationalSupport
dyld[27779]: move delayed to loaded: libswiftCompression.dylib
dyld[27779]: move delayed to loaded: DFRFoundation
dyld[27779]: move delayed to loaded: CoreBluetooth
dyld[27779]: move delayed to loaded: CoreUtils
dyld[27779]: move delayed to loaded: CoreUtilsExtras
dyld[27779]: move delayed to loaded: IO80211
dyld[27779]: move delayed to loaded: IconServices
dyld[27779]: move delayed to loaded: IOBluetooth
dyld[27779]: move delayed to loaded: IconFoundation
dyld[27779]: move delayed to loaded: IconRendering
dyld[27779]: move delayed to loaded: CoreUI
dyld[27779]: move delayed to loaded: SFSymbols
dyld[27779]: move delayed to loaded: DeveloperToolsSupport
dyld[27779]: move delayed to loaded: RenderBox
dyld[27779]: move delayed to loaded: CoreSVG
dyld[27779]: move delayed to loaded: TextureIO
dyld[27779]: move delayed to loaded: WallpaperServices
dyld[27779]: move delayed to loaded: ATSUI
dyld[27779]: move delayed to loaded: libIOReport.dylib
dyld[27779]: move delayed to loaded: FrontBoardServices
dyld[27779]: move delayed to loaded: AudioUnit
dyld[27779]: move delayed to loaded: MediaAccessibility
dyld[27779]: move delayed to loaded: CoreEmoji
dyld[27779]: move delayed to loaded: libncurses.5.4.dylib
dyld[27779]: move delayed to loaded: AVFAudio
dyld[27779]: move delayed to loaded: IsolatedCoreAudioClient
dyld[27779]: move delayed to loaded: Tightbeam
dyld[27779]: move delayed to loaded: CoreAudioOrchestration
dyld[27779]: move delayed to loaded: AFKUser
dyld[27779]: move delayed to loaded: libAccessibility.dylib
dyld[27779]: move delayed to loaded: libcups.2.dylib
dyld[27779]: move delayed to loaded: AXCoreUtilities
dyld[27779]: move delayed to loaded: libedit.3.dylib
dyld[27779]: move delayed to loaded: AttributeGraph
dyld[27779]: move delayed to loaded: libAXSafeCategoryBundle.dylib
dyld[27779]: move delayed to loaded: TabularData
dyld[27779]: move delayed to loaded: ArgumentParserInternal
Wine cannot find the FreeType font library.  To enable Wine to
use TrueType fonts please install a version of FreeType greater than
or equal to 2.0.5.
http://www.freetype.org
002c:trace:loaddll:build_module Loaded L"C:\\windows\\system32\\imm32.dll" at 00006FFFFF4A0000: builtin
002c:trace:loaddll:build_module Loaded L"C:\\windows\\system32\\rpcrt4.dll" at 00006FFFFF8F0000: builtin
002c:trace:loaddll:build_module Loaded L"C:\\windows\\system32\\combase.dll" at 00006FFFFE800000: builtin
002c:trace:loaddll:build_module Loaded L"C:\\windows\\system32\\coml2.dll" at 00006FFFFE7D0000: builtin
002c:trace:loaddll:build_module Loaded L"C:\\windows\\system32\\ole32.dll" at 00006FFFFE860000: builtin
0024:trace:loaddll:build_module Loaded L"Z:\\tmp\\step10a5-d3d11-nBU7gu\\d3d11_clear_window.exe" at 0000000140000000: native
0024:trace:loaddll:build_module Loaded L"C:\\windows\\system32\\kernelbase.dll" at 00006FFFFFC10000: builtin
0024:trace:loaddll:build_module Loaded L"C:\\windows\\system32\\kernel32.dll" at 00006FFFFFEC0000: builtin
0024:trace:loaddll:build_module Loaded L"C:\\windows\\system32\\msvcrt.dll" at 00006FFFFFAF0000: builtin
0024:trace:loaddll:build_module Loaded L"C:\\windows\\system32\\ucrtbase.dll" at 00006FFFFF9D0000: builtin
0024:trace:loaddll:build_module Loaded L"C:\\windows\\system32\\sechost.dll" at 00006FFFFFAC0000: builtin
0024:trace:loaddll:build_module Loaded L"C:\\windows\\system32\\advapi32.dll" at 00006FFFFFBB0000: builtin
0024:trace:loaddll:build_module Loaded L"C:\\windows\\system32\\win32u.dll" at 00006FFFFF4D0000: builtin
0024:trace:loaddll:build_module Loaded L"C:\\windows\\system32\\user32.dll" at 00006FFFFF5C0000: builtin
0024:trace:loaddll:build_module Loaded L"C:\\windows\\system32\\GDI32.dll" at 00006FFFFF520000: builtin
0024:trace:loaddll:build_module Loaded L"C:\\windows\\system32\\winemetal.dll" at 00006FFFFD6D0000: builtin
0024:trace:loaddll:build_module Loaded L"C:\\windows\\system32\\DXGI.DLL" at 00006FFFFD710000: builtin
0024:trace:loaddll:build_module Loaded L"C:\\windows\\system32\\d3d11.dll" at 00006FFFFE2E0000: builtin
dyld[27775]: <B27F7B09-A94C-3CD6-92BB-B7A6327E4726> /private/tmp/step10a4-highball-V5DiZw/engine/lib/wine/x86_64-unix/win32u.so
dyld[27775]: <2618F07F-F435-31BC-8B8F-5BE31A82A0E2> /System/Library/Frameworks/Carbon.framework/Versions/A/Carbon
dyld[27775]: <0616BD09-778E-326F-9970-1F43B936FC27> /System/Library/Frameworks/Carbon.framework/Versions/A/Frameworks/CommonPanels.framework/Versions/A/CommonPanels
dyld[27775]: <74297D98-91FD-36C2-997A-A83369B8C8D1> /System/Library/Frameworks/Carbon.framework/Versions/A/Frameworks/Help.framework/Versions/A/Help
dyld[27775]: <0A073AFA-264C-38FD-88D6-1F539405CFF7> /System/Library/Frameworks/Carbon.framework/Versions/A/Frameworks/HIToolbox.framework/Versions/A/HIToolbox
dyld[27775]: <46D588BB-4110-35A8-B7E0-3234286449C8> /System/Library/Frameworks/Carbon.framework/Versions/A/Frameworks/ImageCapture.framework/Versions/A/ImageCapture
dyld[27775]: <499E5E08-3063-3F43-A899-31FA2BB979DB> /System/Library/Frameworks/Carbon.framework/Versions/A/Frameworks/OpenScripting.framework/Versions/A/OpenScripting
dyld[27775]: <661D4F57-0154-3AD2-8873-890447A2BDB4> /System/Library/Frameworks/Carbon.framework/Versions/A/Frameworks/Ink.framework/Versions/A/Ink
dyld[27775]: <C285D9A2-4F18-30D6-920B-AA0338C11A0A> /System/Library/Frameworks/Carbon.framework/Versions/A/Frameworks/SecurityHI.framework/Versions/A/SecurityHI
dyld[27775]: <0F99F297-38DF-3BBA-9743-8E4143B66666> /System/Library/Frameworks/Carbon.framework/Versions/A/Frameworks/SpeechRecognition.framework/Versions/A/SpeechRecognition
dyld[27775]: <6A70CC1A-98BC-3FCA-A239-5ED4761A5DEC> /System/Library/PrivateFrameworks/PerformanceAnalysis.framework/Versions/A/PerformanceAnalysis
dyld[27775]: <E69F7DCC-D30C-3437-BA3B-E89352BD6F32> /usr/lib/libInterpreterSecurity.dylib
dyld[27775]: <D2A3346E-917D-373B-82B0-485D4CCA584A> /System/Library/PrivateFrameworks/XprotectFramework.framework/Versions/A/XprotectFramework
dyld[27775]: <251BE21A-322B-3743-ACC8-8422C368F25D> /System/Library/PrivateFrameworks/yara.framework/Versions/A/yara
dyld[27775]: <877BBC60-34A9-30C9-B70D-CBB94892A630> /usr/lib/libEndpointSecuritySystem.dylib
dyld[27775]: <FEA35EDC-52ED-3511-B7F9-0D8CF6987187> /System/Library/Frameworks/AppKit.framework/Versions/C/AppKit
dyld[27775]: <40553DE7-EC44-3AA0-9B4E-B2967651DCFD> /System/Library/PrivateFrameworks/UIFoundation.framework/Versions/A/UIFoundation
dyld[27775]: <A8B8A0A2-C1F1-3164-8FF4-22DC1EEB492C> /System/Library/PrivateFrameworks/CollectionViewCore.framework/Versions/A/CollectionViewCore
dyld[27775]: <8067AD29-CC1D-3E3A-B311-022386DE692A> /System/Library/PrivateFrameworks/UserActivity.framework/Versions/A/UserActivity
dyld[27775]: <7B1E9B1D-DD83-368D-B688-0A650DF37979> /System/Library/PrivateFrameworks/XCTTargetBootstrap.framework/Versions/A/XCTTargetBootstrap
dyld[27775]: <317115E2-9832-3504-BF43-D0B251C014E9> /System/Library/PrivateFrameworks/UIIntelligenceSupport.framework/Versions/A/UIIntelligenceSupport
dyld[27775]: <17EC8E5A-6DB6-339C-95D3-BBB2024E4411> /System/Library/PrivateFrameworks/CampoServices.framework/Versions/A/CampoServices
dyld[27775]: <015FE298-1AA0-3155-89E7-53AFBBBFE8CC> /System/Library/PrivateFrameworks/FrontBoard.framework/Versions/A/FrontBoard
dyld[27775]: <A0E6AB54-8C25-3E96-8A3E-EDAF865A8B16> /System/Library/Frameworks/SwiftUICore.framework/Versions/A/SwiftUICore
dyld[27775]: <38EC6C4D-F739-39EB-A881-AC01273E7374> /System/Library/PrivateFrameworks/WritingTools.framework/Versions/A/WritingTools
dyld[27775]: <AD0B8D4C-E0DB-3EEC-9023-8FF8737A3529> /System/Library/PrivateFrameworks/WindowManagement.framework/Versions/A/WindowManagement
dyld[27775]: <C6BF8161-3576-3113-B791-0B42D85C329E> /System/Library/SubFrameworks/FocusEngine.framework/Versions/A/FocusEngine
dyld[27775]: <A2542977-DBD8-378D-8C20-693A8DEEF03C> /System/Library/PrivateFrameworks/DesignLibrary.framework/Versions/A/DesignLibrary
dyld[27775]: <EAA17DC2-28D8-3E91-A0E9-AEFD00905B04> /System/Library/PrivateFrameworks/A<user>tionKit.framework/Versions/A/A<user>tionKit
dyld[27775]: <663E7EE6-81A5-338A-AFD1-9DCB3EA3667E> /System/Library/SubFrameworks/UIUtilities.framework/Versions/A/UIUtilities
dyld[27775]: <4764B822-4BA6-368A-8B78-AFEC6A10CEF0> /System/Library/PrivateFrameworks/UpdateCycle.framework/Versions/A/UpdateCycle
dyld[27775]: <01509F63-1857-35B8-9563-0584DB02259D> /System/Library/Frameworks/Accessibility.framework/Versions/A/Accessibility
dyld[27775]: <D81BE3FA-4481-3588-BEAD-A759F8885B22> /System/Library/Frameworks/CoreTransferable.framework/Versions/A/CoreTransferable
dyld[27775]: <CDBD1042-9363-3431-B817-76F404950F0D> /System/Library/Frameworks/Symbols.framework/Versions/A/Symbols
dyld[27775]: <CA6387B5-22C7-3F70-87C8-E114146618C6> /System/Library/PrivateFrameworks/SceneHosting.framework/Versions/A/SceneHosting
dyld[27775]: <2304BE29-4C72-38CF-9ACA-7809C63B27E0> /usr/lib/swift/libswiftSpatial.dylib
dyld[27775]: <0DD04961-7569-3E12-8A7B-6619572DBF53> /usr/lib/swift/libswiftCoreGraphics.dylib
dyld[27775]: <D2FD98F2-7E6E-34CC-AE03-1AF1E24D7558> /usr/lib/swift/libswiftFoundation.dylib
dyld[27775]: <7CA308FE-868C-3530-805C-5A2635AFBA64> /usr/lib/swift/libswiftSwiftOnoneSupport.dylib
dyld[27775]: <8481BB2F-A180-3BC0-9602-8D6CFD328C81> /usr/lib/swift/libswiftsys_time.dylib
dyld[27775]: <C71AB5EE-D8D9-3D2C-A0BD-321A8E74EB67> /System/Library/PrivateFrameworks/CoreMaterial.framework/Versions/A/CoreMaterial
dyld[27775]: <F6D5A70C-E363-3937-ACB8-B331A5F622DB> /usr/lib/libSpatial.dylib
dyld[27775]: <5F6B5F5B-29FB-36E7-AF42-4F63E1AFB995> /System/Library/PrivateFrameworks/PrototypeTools.framework/Versions/A/PrototypeTools
dyld[27775]: move delayed to loaded: ApplicationServices
dyld[27775]: move delayed to loaded: ATS
dyld[27775]: move delayed to loaded: HIServices
dyld[27775]: move delayed to loaded: PrintCore
dyld[27775]: move delayed to loaded: QD
dyld[27775]: move delayed to loaded: ColorSyncLegacy
dyld[27775]: move delayed to loaded: SpeechSynthesis
dyld[27775]: move delayed to loaded: TextInput
dyld[27775]: move delayed to loaded: DataDetectorsCore
dyld[27775]: move delayed to loaded: DataDetection
dyld[27775]: move delayed to loaded: libswiftCoreImage.dylib
dyld[27775]: move delayed to loaded: InternationalSupport
dyld[27775]: move delayed to loaded: libswiftCompression.dylib
dyld[27775]: move delayed to loaded: DFRFoundation
dyld[27775]: move delayed to loaded: CoreBluetooth
dyld[27775]: move delayed to loaded: CoreUtils
dyld[27775]: move delayed to loaded: CoreUtilsExtras
dyld[27775]: move delayed to loaded: IO80211
dyld[27775]: move delayed to loaded: IconServices
dyld[27775]: move delayed to loaded: IOBluetooth
dyld[27775]: move delayed to loaded: IconFoundation
dyld[27775]: move delayed to loaded: IconRendering
dyld[27775]: move delayed to loaded: CoreUI
dyld[27775]: move delayed to loaded: SFSymbols
dyld[27775]: move delayed to loaded: DeveloperToolsSupport
dyld[27775]: move delayed to loaded: RenderBox
dyld[27775]: move delayed to loaded: CoreSVG
dyld[27775]: move delayed to loaded: TextureIO
dyld[27775]: move delayed to loaded: WallpaperServices
dyld[27775]: move delayed to loaded: ATSUI
dyld[27775]: move delayed to loaded: libIOReport.dylib
dyld[27775]: move delayed to loaded: FrontBoardServices
dyld[27775]: move delayed to loaded: AudioUnit
dyld[27775]: move delayed to loaded: MediaAccessibility
dyld[27775]: move delayed to loaded: CoreEmoji
dyld[27775]: move delayed to loaded: libncurses.5.4.dylib
dyld[27775]: move delayed to loaded: AVFAudio
dyld[27775]: move delayed to loaded: IsolatedCoreAudioClient
dyld[27775]: move delayed to loaded: Tightbeam
dyld[27775]: move delayed to loaded: CoreAudioOrchestration
dyld[27775]: move delayed to loaded: AFKUser
dyld[27775]: move delayed to loaded: libAccessibility.dylib
dyld[27775]: move delayed to loaded: libcups.2.dylib
dyld[27775]: move delayed to loaded: AXCoreUtilities
dyld[27775]: move delayed to loaded: libedit.3.dylib
dyld[27775]: move delayed to loaded: AttributeGraph
dyld[27775]: move delayed to loaded: libAXSafeCategoryBundle.dylib
dyld[27775]: move delayed to loaded: TabularData
dyld[27775]: move delayed to loaded: ArgumentParserInternal
Wine cannot find the FreeType font library.  To enable Wine to
use TrueType fonts please install a version of FreeType greater than
or equal to 2.0.5.
http://www.freetype.org
0024:trace:loaddll:build_module Loaded L"C:\\windows\\system32\\imm32.dll" at 00006FFFFF4A0000: builtin
dyld[27775]: <C7ACF7DA-0344-3F9B-92CF-21C92BB6A4FF> /private/tmp/step10a4-highball-V5DiZw/engine/lib/wine/x86_64-unix/winemetal.so
dyld[27775]: <BB03A553-6F13-365B-B3B7-206AC668FC55> /private/tmp/step10a4-highball-V5DiZw/engine/lib/wine/x86_64-unix/winemac.so
0024:err:module:loader_init "winemetal.dll" failed to initialize, aborting
0024:err:module:loader_init Initializing dlls for L"Z:\\tmp\\step10a5-d3d11-nBU7gu\\d3d11_clear_window.exe" failed, status c0000142
