info:  Creating device:
info:  Apple M3:
info:    Driver   : MoltenVK 0.2.2210
info:  Queues:
info:    Graphics : (0, 0)
info:    Transfer : (0, 0)
info:    Sparse   : (4294967295, 0)
info:  Memory:
info:    Heap 0: 16.0 GiB (DEVICE_LOCAL)
info:    Budget: 11.84 GiB
info:      Type  0: DEVICE_LOCAL
info:      Type  1: DEVICE_LOCAL | HOST_VISIBLE | HOST_COHERENT | HOST_CACHED
info:      Type  2: DEVICE_LOCAL | LAZILY_ALLOCATED
info:  Enabled extensions:
info:    VK_EXT_extended_dynamic_state3
info:    VK_EXT_fragment_shader_interlock
info:    VK_EXT_hdr_metadata
info:    VK_EXT_robustness2
info:    VK_EXT_sample_locations
info:    VK_EXT_shader_stencil_export
info:    VK_EXT_vertex_attribute_divisor
info:    VK_KHR_calibrated_timestamps
info:    VK_KHR_dynamic_rendering_local_read
info:    VK_KHR_incremental_present
info:    VK_KHR_load_store_op_none
info:    VK_KHR_maintenance5
info:    VK_KHR_maintenance6
info:    VK_KHR_maintenance7
info:    VK_KHR_maintenance8
info:    VK_KHR_maintenance9
info:    VK_KHR_present_id
info:    VK_KHR_present_wait
info:    VK_KHR_shader_float_controls2
info:    VK_KHR_shader_subgroup_uniform_control_flow
info:    VK_KHR_swapchain
info:    VK_KHR_swapchain_maintenance1
info:    VK_KHR_swapchain_mutable_format
info:    VK_EXT_metal_objects
info:  Enabled features:
info:    depthBiasClamp                 : 1
info:    depthBounds                    : 0
info:    depthClamp                     : 1
info:    drawIndirectFirstInstance      : 1
info:    dualSrcBlend                   : 1
info:    fillModeNonSolid               : 1
info:    fragmentStoresAndAtomics       : 1
info:    fullDrawIndexUint32            : 1
info:    geometryShader                 : 0
info:    imageCubeArray                 : 1
info:    independentBlend               : 1
info:    largePoints                    : 1
info:    logicOp                        : 0
info:    multiDrawIndirect              : 1
info:    multiViewport                  : 1
info:    occlusionQueryPrecise          : 1
info:    pipelineStatisticsQuery        : 0
info:    robustBufferAccess             : 1
info:    sampleRateShading              : 1
info:    samplerAnisotropy              : 1
info:    shaderClipDistance             : 1
info:    shaderCullDistance             : 0
info:    shaderFloat64                  : 0
info:    shaderImageGatherExtended      : 1
info:    shaderInt16                    : 1
info:    shaderInt64                    : 1
info:    shaderUniformBufferArrayDynamicIndexing : 1
info:    shaderSampledImageArrayDynamicIndexing : 1
info:    shaderStorageBufferArrayDynamicIndexing : 1
info:    shaderStorageImageArrayDynamicIndexing : 1
info:    sparseBinding                  : 0
info:    sparseResidencyBuffer          : 0
info:    sparseResidencyImage2D         : 0
info:    sparseResidencyImage3D         : 0
info:    sparseResidency2Samples        : 0
info:    sparseResidency4Samples        : 0
info:    sparseResidency8Samples        : 0
info:    sparseResidency16Samples       : 0
info:    sparseResidencyAliased         : 0
info:    shaderResourceResidency        : 0
info:    shaderResourceMinLod           : 1
info:    tessellationShader             : 1
info:    textureCompressionBC           : 1
info:    variableMultisampleRate        : 0
info:    vertexPipelineStoresAndAtomics : 1
info:    wideLines                      : 0
info:    shaderDrawParameters           : 1
info:    storageBuffer16BitAccess       : 1
info:    storagePushConstant16          : 1
info:    bufferDeviceAddress            : 1
info:    descriptorIndexing             : 1
info:    storageBuffer8BitAccess        : 1
info:    storagePushConstant8           : 1
info:    shaderUniformTexelBufferArrayDynamicIndexing : 1
info:    shaderStorageTexelBufferArrayDynamicIndexing : 1
info:    shaderUniformBufferArrayNonUniformIndexing : 1
info:    shaderSampledImageArrayNonUniformIndexing : 1
info:    shaderStorageBufferArrayNonUniformIndexing : 1
info:    shaderStorageImageArrayNonUniformIndexing : 1
info:    shaderUniformTexelBufferArrayNonUniformIndexing : 1
info:    shaderStorageTexelBufferArrayNonUniformIndexing : 1
info:    descriptorBindingSampledImageUpdateAfterBind : 1
info:    descriptorBindingUpdateUnusedWhilePending : 1
info:    descriptorBindingPartiallyBound : 1
info:    drawIndirectCount              : 0
info:    hostQueryReset                 : 1
info:    runtimeDescriptorArray         : 1
info:    samplerFilterMinmax            : 0
info:    samplerMirrorClampToEdge       : 1
info:    scalarBlockLayout              : 1
info:    shaderFloat16                  : 1
info:    shaderInt8                     : 1
info:    shaderOutputViewportIndex      : 1
info:    shaderOutputLayer              : 1
info:    timelineSemaphore              : 1
info:    uniformBufferStandardLayout    : 1
info:    vulkanMemoryModel              : 1
info:    inlineUniformBlock             : 1
info:    computeFullSubgroups           : 1
info:    dynamicRendering               : 1
info:    maintenance4                   : 1
info:    robustImageAccess              : 0
info:    pipelineCreationCacheControl   : 1
info:    shaderDemoteToHelperInvocation : 1
info:    shaderZeroInitializeWorkgroupMemory : 1
info:    subgroupSizeControl            : 1
info:    synchronization2               : 1
info:  VK_EXT_attachment_feedback_loop_layout:
info:    attachmentFeedbackLoopLayout   : 0
info:  VK_EXT_border_color_swizzle:
info:    borderColorSwizzle             : 0
info:    borderColorSwizzleFromImage    : 0
info:  VK_EXT_conservative_rasterization:
info:    extConservativeRasterization   : 0
info:  VK_EXT_custom_border_color:
info:    customBorderColors             : 0
info:    customBorderColorWithoutFormat : 0
info:  VK_EXT_depth_clip_enable:
info:    depthClipEnable                : 0
info:  VK_EXT_depth_bias_control:
info:    depthBiasControl               : 0
info:    leastRepresentableValueForceUnormRepresentation : 0
info:    floatRepresentation            : 0
info:    depthBiasExact                 : 0
info:  VK_EXT_descriptor_buffer:
info:    descriptorBuffer               : 0
info:  VK_EXT_descriptor_heap:
info:    descriptorHeap                 : 0
info:  VK_EXT_dynamic_rendering_unused_attachments:
info:    dynamicRenderingUnusedAttachments : 0
info:  VK_EXT_extended_dynamic_state3:
info:    extendedDynamicState3AlphaToCoverageEnable : 0
info:    extendedDynamicState3DepthClipEnable : 1
info:    extendedDynamicState3RasterizationSamples : 0
info:    extendedDynamicState3SampleMask : 0
info:    extendedDynamicState3LineRasterizationMode : 1
info:    extendedDynamicState3SampleLocationsEnable : 1
info:  VK_EXT_fragment_shader_interlock:
info:    fragmentShaderSampleInterlock  : 1
info:    fragmentShaderPixelInterlock   : 1
info:  VK_EXT_full_screen_exclusive:
info:    extFullScreenExclusive         : 0
info:  VK_EXT_graphics_pipeline_library:
info:    graphicsPipelineLibrary        : 0
info:  VK_EXT_hdr_metadata:
info:    extHdrMetadata                 : 1
info:  VK_EXT_line_rasterization:
info:    rectangularLines               : 0
info:    smoothLines                    : 0
info:  VK_EXT_memory_budget:
info:    extMemoryBudget                : 1
info:  VK_EXT_memory_priority:
info:    memoryPriority                 : 0
info:  VK_EXT_multi_draw:
info:    multiDraw                      : 0
info:  VK_EXT_non_seamless_cube_map:
info:    nonSeamlessCubeMap             : 0
info:  VK_EXT_pageable_device_local_memory:
info:    pageableDeviceLocalMemory      : 0
info:  VK_EXT_present_timing:
info:    presentTiming                  : 0
info:    presentAtAbsoluteTime          : 0
info:    presentAtRelativeTime          : 0
info:  VK_EXT_robustness2:
info:    robustBufferAccess2            : 0
info:    robustImageAccess2             : 1
info:    nullDescriptor                 : 0
info:  VK_EXT_sample_locations:
info:    extSampleLocations             : 1
info:  VK_EXT_shader_module_identifier:
info:    shaderModuleIdentifier         : 0
info:  VK_EXT_shader_stencil_export:
info:    extShaderStencilExport         : 1
info:  VK_EXT_swapchain_colorspace:
info:    extSwapchainColorSpace         : 0
info:  VK_EXT_swapchain_maintenance1:
info:    swapchainMaintenance1          : 0
info:  VK_EXT_transform_feedback:
info:    transformFeedback              : 0
info:    geometryStreams                : 0
info:  VK_EXT_vertex_attribute_divisor:
info:    vertexAttributeInstanceRateDivisor : 1
info:    vertexAttributeInstanceRateZeroDivisor : 1
info:  VK_KHR_calibrated_timestamps:
info:    khrCalibratedTimestamps        : 1
info:  VK_KHR_device_fault:
info:    deviceFault                    : 0
info:    deviceFaultVendorBinary        : 0
info:  VK_KHR_dynamic_rendering_local_read:
info:    dynamicRenderingLocalRead      : 1
info:  VK_KHR_external_memory_win32:
info:    khrExternalMemoryWin32         : 0
info:  VK_KHR_external_semaphore_win32:
info:    khrExternalSemaphoreWin32      : 0
info:  VK_KHR_incremental_present:
info:    khrIncrementalPresent          : 1
info:  VK_KHR_load_store_op_none:
info:    khrLoadStoreOpNone             : 1
info:  VK_KHR_maintenance5:
info:    maintenance5                   : 1
info:  VK_KHR_maintenance6:
info:    maintenance6                   : 1
info:  VK_KHR_maintenance7:
info:    maintenance7                   : 1
info:  VK_KHR_maintenance8:
info:    maintenance8                   : 1
info:  VK_KHR_maintenance9:
info:    maintenance9                   : 1
info:  VK_KHR_maintenance10:
info:    maintenance10                  : 0
info:  VK_KHR_maintenance11:
info:    maintenance11                  : 0
info:  VK_KHR_pipeline_library:
info:    khrPipelineLibrary             : 0
info:  VK_KHR_present_id:
info:    presentId                      : 1
info:  VK_KHR_present_id2:
info:    presentId2                     : 0
info:  VK_KHR_present_wait:
info:    presentWait                    : 1
info:  VK_KHR_present_wait2:
info:    presentWait2                   : 0
info:  VK_KHR_shader_float_controls2:
info:    shaderFloatControls2           : 1
info:  VK_KHR_shader_subgroup_uniform_control_flow:
info:    shaderSubgroupUniformControlFlow : 1
info:  VK_KHR_shader_untyped_pointers:
info:    shaderUntypedPointers          : 0
info:  VK_KHR_swapchain:
info:    khrSwapchain                   : 1
info:  VK_KHR_swapchain_maintenance1:
info:    swapchainMaintenance1          : 1
info:  VK_KHR_swapchain_mutable_format:
info:    khrSwapchainMutableFormat      : 1
info:  VK_KHR_unified_image_layouts:
info:    unifiedImageLayouts            : 0
info:  VK_KHR_win32_keyed_mutex:
info:    khrWin32KeyedMutex             : 0
info:  VK_AMD_buffer_marker:
info:    amdBufferMarker                : 0
info:  VK_NV_device_diagnostic_checkpoints:
info:    nvDeviceDiagnosticCheckpoints  : 0
info:  VK_NV_low_latency2:
info:    nvLowLatency2                  : 0
info:  VK_NV_raw_access_chains:
info:    shaderRawAccessChains          : 0
info:  VK_NVX_binary_import:
info:    nvxBinaryImport                : 0
info:  VK_NVX_image_view_handle:
info:    nvxImageViewHandle             : 0
info:  Memory type mask for buffer resources: 0x3, usage: 0x201ff
info:  Graphics pipeline libraries not supported
info:  MetalInterop: provider ready version=0x30000 device=0x7fd67603d800 queue=0x7fd68000bc00 path=/Users/nima/Documents/Code/FG-Metal/experiments/dxvk_macos_step11dR/evidence/process-termination-r5-20261006/offset-05s/overlay/x86_64-unix/fgmetalbridge.so
info:  Binding model: Legacy
warn:  D3D11DeviceFeatures: External memory features not supported
info:  D3D11InternalCreateDevice: Maximum supported feature level: D3D_FEATURE_LEVEL_11_0
info:  D3D11InternalCreateDevice: Using feature level D3D_FEATURE_LEVEL_11_0
info:  DXGI: VK_FORMAT_D24_UNORM_S8_UINT -> VK_FORMAT_D32_SFLOAT_S8_UINT
warn:  D3D11DXGIDevice::QueryInterface: Unknown interface query
warn:  0ec870a6-5d7e-4c22-8cfc-5baae07616ed
info:  Presenter: Actual swapchain properties:
info:    Format:          VK_FORMAT_B8G8R8A8_UNORM
info:    Color space:     VK_COLOR_SPACE_SRGB_NONLINEAR_KHR
info:    Present mode:    VK_PRESENT_MODE_FIFO_KHR (dynamic: yes)
info:    Buffer size:     640x360
info:    Image count:     3
info:    Timing:          no
info:  Presenter: Created swapchain generation 2
info:  InternalWSI: source-present app=17 duration-us=15246 hr=0x0
info:  MetalInterop: slot-created generation=2 slot=1 history-id=6 output-id=7 history-mtl=0x7fd6460bea90 output-mtl=0x7fd6460bef80 event-mtl=0x7fd6460b7da0
info:  MetalInterop: slot-created generation=2 slot=2 history-id=8 output-id=9 history-mtl=0x7fd640282740 output-mtl=0x7fd640284250 event-mtl=0x7fd640283de0
info:  MetalInterop: captured InteropJobId=1 AppFrameId=17 generation=2 slot=1 slot-serial=1 history-id=6 output-id=7 READY=1 DONE=2 CONSUMED=3 copy-record-us=2836
info:  WSI: present origin=APPLICATION_SOURCE wsi=1 app=17 internal=0 acquire=1 image=0 generation=2
info:  InternalWSI: source-present app=18 duration-us=12836 hr=0x0
info:  MetalInterop: captured InteropJobId=2 AppFrameId=18 generation=2 slot=2 slot-serial=1 history-id=8 output-id=9 READY=1 DONE=2 CONSUMED=3 copy-record-us=17
info:  MetalInterop: committed InteropJobId=1 AppFrameId=17 slot=1 slot-serial=1 native-job=1 READY=1 DONE=2 initial-job-state=1 kernel=rgb_invert_alpha_preserve ready-to-commit-us=17827
info:  WSI: app-frame-latency-signal app=17 via=source-submit-completion
info:  WSI: app-completion app=17 app-signal=signaled
info:  WSI: present origin=APPLICATION_SOURCE wsi=2 app=18 internal=0 acquire=2 image=1 generation=2
info:  InternalWSI: source-present app=19 duration-us=2283 hr=0x0
info:  MetalInterop: dropped AppFrameId=19 reason=no-free-history-output-slot generation=2
info:  MetalInterop: committed InteropJobId=2 AppFrameId=18 slot=2 slot-serial=1 native-job=2 READY=1 DONE=2 initial-job-state=1 kernel=rgb_invert_alpha_preserve ready-to-commit-us=2565
info:  InternalWSI: dropped opportunity=2 reason=queue-full
info:  WSI: app-completion app=18 app-signal=deferred
info:  WSI: app-frame-latency-signal app=18 via=source-present-retirement
info:  MetalInterop: terminal InteropJobId=2 AppFrameId=18 slot=2 slot-serial=1 state=internal-queue-full terminal-value=2 capture-to-terminal-us=3215
info:  MetalInterop: job-retired InteropJobId=2 AppFrameId=18 slot=2 slot-serial=1 native-job=2 semaphore-value=2 capture-to-retire-us=3400 terminal-to-retire-us=185
info:  WSI: present origin=APPLICATION_SOURCE wsi=3 app=19 internal=0 acquire=3 image=2 generation=2
info:  InternalWSI: source-present app=20 duration-us=1691 hr=0x0
info:  MetalInterop: captured InteropJobId=3 AppFrameId=20 generation=2 slot=2 slot-serial=2 history-id=8 output-id=9 READY=4 DONE=5 CONSUMED=6 copy-record-us=11
info:  WSI: app-completion app=19 app-signal=deferred
info:  WSI: app-frame-latency-signal app=19 via=source-present-retirement
info:  WSI: present origin=APPLICATION_SOURCE wsi=4 app=20 internal=0 acquire=4 image=0 generation=2
info:  InternalWSI: source-present app=21 duration-us=14410 hr=0x0
info:  MetalInterop: committed InteropJobId=3 AppFrameId=20 slot=2 slot-serial=2 native-job=3 READY=4 DONE=5 initial-job-state=1 kernel=rgb_invert_alpha_preserve ready-to-commit-us=14442
info:  MetalInterop: dropped AppFrameId=21 reason=no-free-history-output-slot generation=2
info:  InternalWSI: dropped opportunity=3 reason=queue-full
info:  WSI: app-completion app=20 app-signal=deferred
info:  WSI: app-frame-latency-signal app=20 via=source-present-retirement
info:  MetalInterop: terminal InteropJobId=3 AppFrameId=20 slot=2 slot-serial=2 state=internal-queue-full terminal-value=5 capture-to-terminal-us=30965
info:  MetalInterop: job-retired InteropJobId=3 AppFrameId=20 slot=2 slot-serial=2 native-job=3 semaphore-value=5 capture-to-retire-us=30992 terminal-to-retire-us=27
info:  WSI: present origin=APPLICATION_SOURCE wsi=5 app=21 internal=0 acquire=5 image=1 generation=2
info:  InternalWSI: source-present app=22 duration-us=16650 hr=0x0
info:  MetalInterop: captured InteropJobId=4 AppFrameId=22 generation=2 slot=2 slot-serial=3 history-id=8 output-id=9 READY=7 DONE=8 CONSUMED=9 copy-record-us=9
info:  InternalWSI: dropped request internal=1 reason=deadline-expired
info:  WSI: app-completion app=21 app-signal=deferred
info:  WSI: app-frame-latency-signal app=21 via=source-present-retirement
info:  MetalInterop: terminal InteropJobId=1 AppFrameId=17 slot=1 slot-serial=1 state=deadline-expired-before-claim terminal-value=2 capture-to-terminal-us=71835
info:  MetalInterop: job-retired InteropJobId=1 AppFrameId=17 slot=1 slot-serial=1 native-job=1 semaphore-value=2 capture-to-retire-us=71861 terminal-to-retire-us=26
info:  WSI: present origin=APPLICATION_SOURCE wsi=6 app=22 internal=0 acquire=6 image=2 generation=2
info:  InternalWSI: source-present app=23 duration-us=16471 hr=0x0
info:  MetalInterop: committed InteropJobId=4 AppFrameId=22 slot=2 slot-serial=3 native-job=4 READY=7 DONE=8 initial-job-state=1 kernel=rgb_invert_alpha_preserve ready-to-commit-us=16544
info:  MetalInterop: captured InteropJobId=5 AppFrameId=23 generation=2 slot=1 slot-serial=2 history-id=6 output-id=7 READY=4 DONE=5 CONSUMED=6 copy-record-us=9
info:  WSI: app-completion app=22 app-signal=deferred
info:  WSI: app-frame-latency-signal app=22 via=source-present-retirement
info:  WSI: present origin=APPLICATION_SOURCE wsi=7 app=23 internal=0 acquire=7 image=0 generation=2
info:  InternalWSI: source-present app=24 duration-us=16658 hr=0x0
info:  MetalInterop: dropped AppFrameId=24 reason=no-free-history-output-slot generation=2
info:  MetalInterop: committed InteropJobId=5 AppFrameId=23 slot=1 slot-serial=2 native-job=5 READY=4 DONE=5 initial-job-state=1 kernel=rgb_invert_alpha_preserve ready-to-commit-us=16849
info:  InternalWSI: dropped opportunity=5 reason=queue-full
info:  WSI: app-completion app=23 app-signal=deferred
info:  WSI: app-frame-latency-signal app=23 via=source-present-retirement
info:  MetalInterop: terminal InteropJobId=5 AppFrameId=23 slot=1 slot-serial=2 state=internal-queue-full terminal-value=5 capture-to-terminal-us=33395
info:  MetalInterop: job-retired InteropJobId=5 AppFrameId=23 slot=1 slot-serial=2 native-job=5 semaphore-value=5 capture-to-retire-us=33457 terminal-to-retire-us=62
info:  WSI: present origin=APPLICATION_SOURCE wsi=8 app=24 internal=0 acquire=8 image=1 generation=2
info:  InternalWSI: source-present app=25 duration-us=16855 hr=0x0
info:  InternalWSI: dropped request internal=4 reason=deadline-expired
info:  MetalInterop: captured InteropJobId=6 AppFrameId=25 generation=2 slot=1 slot-serial=3 history-id=6 output-id=7 READY=7 DONE=8 CONSUMED=9 copy-record-us=13
info:  WSI: app-completion app=24 app-signal=deferred
info:  WSI: app-frame-latency-signal app=24 via=source-present-retirement
info:  MetalInterop: terminal InteropJobId=4 AppFrameId=22 slot=2 slot-serial=3 state=deadline-expired-before-claim terminal-value=8 capture-to-terminal-us=66745
info:  MetalInterop: job-retired InteropJobId=4 AppFrameId=22 slot=2 slot-serial=3 native-job=4 semaphore-value=8 capture-to-retire-us=66828 terminal-to-retire-us=83
info:  WSI: present origin=APPLICATION_SOURCE wsi=9 app=25 internal=0 acquire=9 image=2 generation=2
info:  InternalWSI: source-present app=26 duration-us=16711 hr=0x0
info:  MetalInterop: committed InteropJobId=6 AppFrameId=25 slot=1 slot-serial=3 native-job=6 READY=7 DONE=8 initial-job-state=1 kernel=rgb_invert_alpha_preserve ready-to-commit-us=16771
info:  MetalInterop: captured InteropJobId=7 AppFrameId=26 generation=2 slot=2 slot-serial=4 history-id=8 output-id=9 READY=10 DONE=11 CONSUMED=12 copy-record-us=13
info:  WSI: app-completion app=25 app-signal=deferred
info:  WSI: app-frame-latency-signal app=25 via=source-present-retirement
info:  WSI: present origin=APPLICATION_SOURCE wsi=10 app=26 internal=0 acquire=10 image=0 generation=2
info:  InternalWSI: source-present app=27 duration-us=16398 hr=0x0
info:  MetalInterop: committed InteropJobId=7 AppFrameId=26 slot=2 slot-serial=4 native-job=7 READY=10 DONE=11 initial-job-state=1 kernel=rgb_invert_alpha_preserve ready-to-commit-us=16449
info:  MetalInterop: dropped AppFrameId=27 reason=no-free-history-output-slot generation=2
info:  InternalWSI: dropped opportunity=7 reason=queue-full
info:  WSI: app-completion app=26 app-signal=deferred
info:  WSI: app-frame-latency-signal app=26 via=source-present-retirement
info:  MetalInterop: terminal InteropJobId=7 AppFrameId=26 slot=2 slot-serial=4 state=internal-queue-full terminal-value=11 capture-to-terminal-us=32904
info:  MetalInterop: job-retired InteropJobId=7 AppFrameId=26 slot=2 slot-serial=4 native-job=7 semaphore-value=11 capture-to-retire-us=33018 terminal-to-retire-us=114
info:  WSI: present origin=APPLICATION_SOURCE wsi=11 app=27 internal=0 acquire=11 image=1 generation=2
info:  InternalWSI: dropped request internal=6 reason=deadline-expired
info:  InternalWSI: source-present app=28 duration-us=16752 hr=0x0
info:  MetalInterop: captured InteropJobId=8 AppFrameId=28 generation=2 slot=2 slot-serial=5 history-id=8 output-id=9 READY=13 DONE=14 CONSUMED=15 copy-record-us=13
info:  WSI: app-completion app=27 app-signal=deferred
info:  WSI: app-frame-latency-signal app=27 via=source-present-retirement
info:  MetalInterop: terminal InteropJobId=6 AppFrameId=25 slot=1 slot-serial=3 state=deadline-expired-before-claim terminal-value=8 capture-to-terminal-us=66399
info:  MetalInterop: job-retired InteropJobId=6 AppFrameId=25 slot=1 slot-serial=3 native-job=6 semaphore-value=8 capture-to-retire-us=66472 terminal-to-retire-us=73
info:  WSI: present origin=APPLICATION_SOURCE wsi=12 app=28 internal=0 acquire=12 image=2 generation=2
info:  InternalWSI: source-present app=29 duration-us=16483 hr=0x0
info:  MetalInterop: committed InteropJobId=8 AppFrameId=28 slot=2 slot-serial=5 native-job=8 READY=13 DONE=14 initial-job-state=1 kernel=rgb_invert_alpha_preserve ready-to-commit-us=16552
info:  MetalInterop: captured InteropJobId=9 AppFrameId=29 generation=2 slot=1 slot-serial=4 history-id=6 output-id=7 READY=10 DONE=11 CONSUMED=12 copy-record-us=16
info:  WSI: app-completion app=28 app-signal=deferred
info:  WSI: app-frame-latency-signal app=28 via=source-present-retirement
info:  WSI: present origin=APPLICATION_SOURCE wsi=13 app=29 internal=0 acquire=13 image=0 generation=2
info:  InternalWSI: source-present app=30 duration-us=16253 hr=0x0
info:  MetalInterop: dropped AppFrameId=30 reason=no-free-history-output-slot generation=2
info:  MetalInterop: committed InteropJobId=9 AppFrameId=29 slot=1 slot-serial=4 native-job=9 READY=10 DONE=11 initial-job-state=1 kernel=rgb_invert_alpha_preserve ready-to-commit-us=16351
info:  InternalWSI: dropped opportunity=9 reason=queue-full
info:  WSI: app-completion app=29 app-signal=deferred
info:  WSI: app-frame-latency-signal app=29 via=source-present-retirement
info:  MetalInterop: terminal InteropJobId=9 AppFrameId=29 slot=1 slot-serial=4 state=internal-queue-full terminal-value=11 capture-to-terminal-us=32756
info:  MetalInterop: job-retired InteropJobId=9 AppFrameId=29 slot=1 slot-serial=4 native-job=9 semaphore-value=11 capture-to-retire-us=32794 terminal-to-retire-us=38
info:  WSI: present origin=APPLICATION_SOURCE wsi=14 app=30 internal=0 acquire=14 image=1 generation=2
info:  InternalWSI: source-present app=31 duration-us=16616 hr=0x0
info:  InternalWSI: dropped request internal=8 reason=deadline-expired
info:  MetalInterop: captured InteropJobId=10 AppFrameId=31 generation=2 slot=1 slot-serial=5 history-id=6 output-id=7 READY=13 DONE=14 CONSUMED=15 copy-record-us=14
info:  WSI: app-completion app=30 app-signal=deferred
info:  WSI: app-frame-latency-signal app=30 via=source-present-retirement
info:  MetalInterop: terminal InteropJobId=8 AppFrameId=28 slot=2 slot-serial=5 state=deadline-expired-before-claim terminal-value=14 capture-to-terminal-us=66032
info:  MetalInterop: job-retired InteropJobId=8 AppFrameId=28 slot=2 slot-serial=5 native-job=8 semaphore-value=14 capture-to-retire-us=66068 terminal-to-retire-us=36
info:  WSI: present origin=APPLICATION_SOURCE wsi=15 app=31 internal=0 acquire=15 image=2 generation=2
info:  InternalWSI: source-present app=32 duration-us=16619 hr=0x0
info:  MetalInterop: captured InteropJobId=11 AppFrameId=32 generation=2 slot=2 slot-serial=6 history-id=8 output-id=9 READY=16 DONE=17 CONSUMED=18 copy-record-us=8
info:  MetalInterop: committed InteropJobId=10 AppFrameId=31 slot=1 slot-serial=5 native-job=10 READY=13 DONE=14 initial-job-state=1 kernel=rgb_invert_alpha_preserve ready-to-commit-us=16678
info:  WSI: app-completion app=31 app-signal=deferred
info:  WSI: app-frame-latency-signal app=31 via=source-present-retirement
info:  WSI: present origin=APPLICATION_SOURCE wsi=16 app=32 internal=0 acquire=16 image=0 generation=2
info:  InternalWSI: source-present app=33 duration-us=16564 hr=0x0
info:  MetalInterop: committed InteropJobId=11 AppFrameId=32 slot=2 slot-serial=6 native-job=11 READY=16 DONE=17 initial-job-state=1 kernel=rgb_invert_alpha_preserve ready-to-commit-us=16651
info:  MetalInterop: dropped AppFrameId=33 reason=no-free-history-output-slot generation=2
info:  InternalWSI: dropped opportunity=11 reason=queue-full
info:  WSI: app-completion app=32 app-signal=deferred
info:  WSI: app-frame-latency-signal app=32 via=source-present-retirement
info:  InternalWSI: dropped opportunity=10 reason=source-queue-nonempty generation=2
info:  MetalInterop: terminal InteropJobId=10 AppFrameId=31 slot=1 slot-serial=5 state=source-queue-nonempty terminal-value=14 capture-to-terminal-us=49693
info:  MetalInterop: job-retired InteropJobId=10 AppFrameId=31 slot=1 slot-serial=5 native-job=10 semaphore-value=14 capture-to-retire-us=49756 terminal-to-retire-us=63
info:  MetalInterop: terminal InteropJobId=11 AppFrameId=32 slot=2 slot-serial=6 state=internal-queue-full terminal-value=17 capture-to-terminal-us=33096
info:  MetalInterop: job-retired InteropJobId=11 AppFrameId=32 slot=2 slot-serial=6 native-job=11 semaphore-value=17 capture-to-retire-us=33119 terminal-to-retire-us=23
info:  WSI: present origin=APPLICATION_SOURCE wsi=17 app=33 internal=0 acquire=17 image=1 generation=2
info:  InternalWSI: source-present app=34 duration-us=16633 hr=0x0
info:  MetalInterop: captured InteropJobId=12 AppFrameId=34 generation=2 slot=1 slot-serial=6 history-id=6 output-id=7 READY=16 DONE=17 CONSUMED=18 copy-record-us=14
info:  WSI: app-completion app=33 app-signal=deferred
info:  WSI: app-frame-latency-signal app=33 via=source-present-retirement
info:  WSI: present origin=APPLICATION_SOURCE wsi=18 app=34 internal=0 acquire=18 image=2 generation=2
info:  InternalWSI: source-present app=35 duration-us=16630 hr=0x0
info:  MetalInterop: committed InteropJobId=12 AppFrameId=34 slot=1 slot-serial=6 native-job=12 READY=16 DONE=17 initial-job-state=1 kernel=rgb_invert_alpha_preserve ready-to-commit-us=16713
info:  MetalInterop: captured InteropJobId=13 AppFrameId=35 generation=2 slot=2 slot-serial=7 history-id=8 output-id=9 READY=19 DONE=20 CONSUMED=21 copy-record-us=25
info:  WSI: app-completion app=34 app-signal=deferred
info:  WSI: app-frame-latency-signal app=34 via=source-present-retirement
info:  WSI: present origin=APPLICATION_SOURCE wsi=19 app=35 internal=0 acquire=19 image=0 generation=2
info:  InternalWSI: source-present app=36 duration-us=16566 hr=0x0
info:  MetalInterop: committed InteropJobId=13 AppFrameId=35 slot=2 slot-serial=7 native-job=13 READY=19 DONE=20 initial-job-state=1 kernel=rgb_invert_alpha_preserve ready-to-commit-us=16610
info:  MetalInterop: dropped AppFrameId=36 reason=no-free-history-output-slot generation=2
info:  InternalWSI: dropped opportunity=13 reason=queue-full
info:  InternalWSI: dropped opportunity=12 reason=source-queue-nonempty generation=2
info:  WSI: app-completion app=35 app-signal=deferred
info:  WSI: app-frame-latency-signal app=35 via=source-present-retirement
info:  MetalInterop: terminal InteropJobId=13 AppFrameId=35 slot=2 slot-serial=7 state=internal-queue-full terminal-value=20 capture-to-terminal-us=33096
info:  MetalInterop: job-retired InteropJobId=13 AppFrameId=35 slot=2 slot-serial=7 native-job=13 semaphore-value=20 capture-to-retire-us=33158 terminal-to-retire-us=62
info:  MetalInterop: terminal InteropJobId=12 AppFrameId=34 slot=1 slot-serial=6 state=source-queue-nonempty terminal-value=17 capture-to-terminal-us=49984
info:  MetalInterop: job-retired InteropJobId=12 AppFrameId=34 slot=1 slot-serial=6 native-job=12 semaphore-value=17 capture-to-retire-us=50005 terminal-to-retire-us=21
info:  WSI: present origin=APPLICATION_SOURCE wsi=20 app=36 internal=0 acquire=20 image=1 generation=2
info:  InternalWSI: source-present app=37 duration-us=16726 hr=0x0
info:  MetalInterop: captured InteropJobId=14 AppFrameId=37 generation=2 slot=1 slot-serial=7 history-id=6 output-id=7 READY=19 DONE=20 CONSUMED=21 copy-record-us=18
info:  WSI: app-completion app=36 app-signal=deferred
info:  WSI: app-frame-latency-signal app=36 via=source-present-retirement
info:  WSI: present origin=APPLICATION_SOURCE wsi=21 app=37 internal=0 acquire=21 image=2 generation=2
info:  InternalWSI: source-present app=38 duration-us=16292 hr=0x0
info:  MetalInterop: committed InteropJobId=14 AppFrameId=37 slot=1 slot-serial=7 native-job=14 READY=19 DONE=20 initial-job-state=1 kernel=rgb_invert_alpha_preserve ready-to-commit-us=16371
info:  MetalInterop: captured InteropJobId=15 AppFrameId=38 generation=2 slot=2 slot-serial=8 history-id=8 output-id=9 READY=22 DONE=23 CONSUMED=24 copy-record-us=16
info:  WSI: app-completion app=37 app-signal=deferred
info:  WSI: app-frame-latency-signal app=37 via=source-present-retirement
info:  WSI: present origin=APPLICATION_SOURCE wsi=22 app=38 internal=0 acquire=22 image=0 generation=2
info:  InternalWSI: source-present app=39 duration-us=16398 hr=0x0
info:  MetalInterop: committed InteropJobId=15 AppFrameId=38 slot=2 slot-serial=8 native-job=15 READY=22 DONE=23 initial-job-state=1 kernel=rgb_invert_alpha_preserve ready-to-commit-us=16475
info:  InternalWSI: dropped opportunity=15 reason=queue-full
info:  MetalInterop: dropped AppFrameId=39 reason=no-free-history-output-slot generation=2
info:  WSI: app-completion app=38 app-signal=deferred
info:  WSI: app-frame-latency-signal app=38 via=source-present-retirement
info:  MetalInterop: terminal InteropJobId=15 AppFrameId=38 slot=2 slot-serial=8 state=internal-queue-full terminal-value=23 capture-to-terminal-us=32930
info:  MetalInterop: job-retired InteropJobId=15 AppFrameId=38 slot=2 slot-serial=8 native-job=15 semaphore-value=23 capture-to-retire-us=33002 terminal-to-retire-us=72
info:  WSI: present origin=APPLICATION_SOURCE wsi=23 app=39 internal=0 acquire=23 image=1 generation=2
info:  InternalWSI: dropped request internal=14 reason=deadline-expired
info:  InternalWSI: source-present app=40 duration-us=16757 hr=0x0
info:  MetalInterop: captured InteropJobId=16 AppFrameId=40 generation=2 slot=2 slot-serial=9 history-id=8 output-id=9 READY=25 DONE=26 CONSUMED=27 copy-record-us=19
info:  WSI: app-completion app=39 app-signal=deferred
info:  WSI: app-frame-latency-signal app=39 via=source-present-retirement
info:  MetalInterop: terminal InteropJobId=14 AppFrameId=37 slot=1 slot-serial=7 state=deadline-expired-before-claim terminal-value=20 capture-to-terminal-us=65784
info:  MetalInterop: job-retired InteropJobId=14 AppFrameId=37 slot=1 slot-serial=7 native-job=14 semaphore-value=20 capture-to-retire-us=65830 terminal-to-retire-us=46
info:  WSI: present origin=APPLICATION_SOURCE wsi=24 app=40 internal=0 acquire=24 image=2 generation=2
info:  InternalWSI: source-present app=41 duration-us=16171 hr=0x0
info:  MetalInterop: committed InteropJobId=16 AppFrameId=40 slot=2 slot-serial=9 native-job=16 READY=25 DONE=26 initial-job-state=1 kernel=rgb_invert_alpha_preserve ready-to-commit-us=16288
info:  MetalInterop: captured InteropJobId=17 AppFrameId=41 generation=2 slot=1 slot-serial=8 history-id=6 output-id=7 READY=22 DONE=23 CONSUMED=24 copy-record-us=30
info:  WSI: app-completion app=40 app-signal=deferred
info:  WSI: app-frame-latency-signal app=40 via=source-present-retirement
info:  WSI: present origin=APPLICATION_SOURCE wsi=25 app=41 internal=0 acquire=25 image=0 generation=2
info:  InternalWSI: source-present app=42 duration-us=16572 hr=0x0
info:  MetalInterop: committed InteropJobId=17 AppFrameId=41 slot=1 slot-serial=8 native-job=17 READY=22 DONE=23 initial-job-state=1 kernel=rgb_invert_alpha_preserve ready-to-commit-us=16607
info:  MetalInterop: dropped AppFrameId=42 reason=no-free-history-output-slot generation=2
info:  InternalWSI: dropped opportunity=17 reason=queue-full
info:  WSI: app-completion app=41 app-signal=deferred
info:  WSI: app-frame-latency-signal app=41 via=source-present-retirement
info:  MetalInterop: terminal InteropJobId=17 AppFrameId=41 slot=1 slot-serial=8 state=internal-queue-full terminal-value=23 capture-to-terminal-us=32960
info:  MetalInterop: job-retired InteropJobId=17 AppFrameId=41 slot=1 slot-serial=8 native-job=17 semaphore-value=23 capture-to-retire-us=33004 terminal-to-retire-us=44
info:  WSI: present origin=APPLICATION_SOURCE wsi=26 app=42 internal=0 acquire=26 image=1 generation=2
info:  InternalWSI: source-present app=43 duration-us=16545 hr=0x0
info:  MetalInterop: captured InteropJobId=18 AppFrameId=43 generation=2 slot=1 slot-serial=9 history-id=6 output-id=7 READY=25 DONE=26 CONSUMED=27 copy-record-us=25
info:  InternalWSI: dropped request internal=16 reason=deadline-expired
info:  WSI: app-completion app=42 app-signal=deferred
info:  WSI: app-frame-latency-signal app=42 via=source-present-retirement
info:  MetalInterop: terminal InteropJobId=16 AppFrameId=40 slot=2 slot-serial=9 state=deadline-expired-before-claim terminal-value=26 capture-to-terminal-us=65943
info:  MetalInterop: job-retired InteropJobId=16 AppFrameId=40 slot=2 slot-serial=9 native-job=16 semaphore-value=26 capture-to-retire-us=65989 terminal-to-retire-us=46
info:  WSI: present origin=APPLICATION_SOURCE wsi=27 app=43 internal=0 acquire=27 image=2 generation=2
info:  InternalWSI: source-present app=44 duration-us=16580 hr=0x0
info:  MetalInterop: committed InteropJobId=18 AppFrameId=43 slot=1 slot-serial=9 native-job=18 READY=25 DONE=26 initial-job-state=1 kernel=rgb_invert_alpha_preserve ready-to-commit-us=16652
info:  MetalInterop: captured InteropJobId=19 AppFrameId=44 generation=2 slot=2 slot-serial=10 history-id=8 output-id=9 READY=28 DONE=29 CONSUMED=30 copy-record-us=14
info:  WSI: app-completion app=43 app-signal=deferred
info:  WSI: app-frame-latency-signal app=43 via=source-present-retirement
info:  WSI: present origin=APPLICATION_SOURCE wsi=28 app=44 internal=0 acquire=28 image=0 generation=2
info:  InternalWSI: source-present app=45 duration-us=16653 hr=0x0
info:  MetalInterop: dropped AppFrameId=45 reason=no-free-history-output-slot generation=2
info:  MetalInterop: committed InteropJobId=19 AppFrameId=44 slot=2 slot-serial=10 native-job=19 READY=28 DONE=29 initial-job-state=1 kernel=rgb_invert_alpha_preserve ready-to-commit-us=16727
info:  InternalWSI: dropped opportunity=19 reason=queue-full
info:  WSI: app-completion app=44 app-signal=deferred
info:  WSI: app-frame-latency-signal app=44 via=source-present-retirement
info:  MetalInterop: terminal InteropJobId=19 AppFrameId=44 slot=2 slot-serial=10 state=internal-queue-full terminal-value=29 capture-to-terminal-us=33979
info:  MetalInterop: job-retired InteropJobId=19 AppFrameId=44 slot=2 slot-serial=10 native-job=19 semaphore-value=29 capture-to-retire-us=34097 terminal-to-retire-us=118
info:  WSI: present origin=APPLICATION_SOURCE wsi=29 app=45 internal=0 acquire=29 image=1 generation=2
info:  WSI: app-completion app=45 app-signal=deferred
info:  InternalWSI: source-present app=46 duration-us=17638 hr=0x0
info:  InternalWSI: dropped request internal=18 reason=deadline-expired
info:  WSI: app-frame-latency-signal app=45 via=source-present-retirement
info:  MetalInterop: captured InteropJobId=20 AppFrameId=46 generation=2 slot=2 slot-serial=11 history-id=8 output-id=9 READY=31 DONE=32 CONSUMED=33 copy-record-us=33
info:  MetalInterop: terminal InteropJobId=18 AppFrameId=43 slot=1 slot-serial=9 state=deadline-expired-before-claim terminal-value=26 capture-to-terminal-us=66521
info:  MetalInterop: job-retired InteropJobId=18 AppFrameId=43 slot=1 slot-serial=9 native-job=18 semaphore-value=26 capture-to-retire-us=66603 terminal-to-retire-us=82
info:  WSI: present origin=APPLICATION_SOURCE wsi=30 app=46 internal=0 acquire=30 image=2 generation=2
info:  InternalWSI: source-present app=47 duration-us=15464 hr=0x0
info:  MetalInterop: committed InteropJobId=20 AppFrameId=46 slot=2 slot-serial=11 native-job=20 READY=31 DONE=32 initial-job-state=1 kernel=rgb_invert_alpha_preserve ready-to-commit-us=15644
info:  MetalInterop: captured InteropJobId=21 AppFrameId=47 generation=2 slot=1 slot-serial=10 history-id=6 output-id=7 READY=28 DONE=29 CONSUMED=30 copy-record-us=18
info:  WSI: app-completion app=46 app-signal=deferred
info:  WSI: app-frame-latency-signal app=46 via=source-present-retirement
info:  WSI: present origin=APPLICATION_SOURCE wsi=31 app=47 internal=0 acquire=31 image=0 generation=2
info:  InternalWSI: source-present app=48 duration-us=16366 hr=0x0
info:  MetalInterop: committed InteropJobId=21 AppFrameId=47 slot=1 slot-serial=10 native-job=21 READY=28 DONE=29 initial-job-state=1 kernel=rgb_invert_alpha_preserve ready-to-commit-us=16510
info:  MetalInterop: dropped AppFrameId=48 reason=no-free-history-output-slot generation=2
info:  InternalWSI: dropped opportunity=21 reason=queue-full
info:  WSI: app-completion app=47 app-signal=deferred
info:  WSI: app-frame-latency-signal app=47 via=source-present-retirement
info:  MetalInterop: terminal InteropJobId=21 AppFrameId=47 slot=1 slot-serial=10 state=internal-queue-full terminal-value=29 capture-to-terminal-us=32730
info:  MetalInterop: job-retired InteropJobId=21 AppFrameId=47 slot=1 slot-serial=10 native-job=21 semaphore-value=29 capture-to-retire-us=32779 terminal-to-retire-us=49
info:  WSI: present origin=APPLICATION_SOURCE wsi=32 app=48 internal=0 acquire=32 image=1 generation=2
info:  InternalWSI: dropped request internal=20 reason=deadline-expired
info:  InternalWSI: source-present app=49 duration-us=16494 hr=0x0
info:  MetalInterop: captured InteropJobId=22 AppFrameId=49 generation=2 slot=1 slot-serial=11 history-id=6 output-id=7 READY=31 DONE=32 CONSUMED=33 copy-record-us=14
info:  WSI: app-completion app=48 app-signal=deferred
info:  WSI: app-frame-latency-signal app=48 via=source-present-retirement
info:  MetalInterop: terminal InteropJobId=20 AppFrameId=46 slot=2 slot-serial=11 state=deadline-expired-before-claim terminal-value=32 capture-to-terminal-us=65298
info:  MetalInterop: job-retired InteropJobId=20 AppFrameId=46 slot=2 slot-serial=11 native-job=20 semaphore-value=32 capture-to-retire-us=65363 terminal-to-retire-us=65
info:  WSI: present origin=APPLICATION_SOURCE wsi=33 app=49 internal=0 acquire=33 image=2 generation=2
info:  InternalWSI: source-present app=50 duration-us=16733 hr=0x0
info:  MetalInterop: committed InteropJobId=22 AppFrameId=49 slot=1 slot-serial=11 native-job=22 READY=31 DONE=32 initial-job-state=1 kernel=rgb_invert_alpha_preserve ready-to-commit-us=16854
info:  MetalInterop: captured InteropJobId=23 AppFrameId=50 generation=2 slot=2 slot-serial=12 history-id=8 output-id=9 READY=34 DONE=35 CONSUMED=36 copy-record-us=52
info:  WSI: app-completion app=49 app-signal=deferred
info:  WSI: app-frame-latency-signal app=49 via=source-present-retirement
info:  WSI: present origin=APPLICATION_SOURCE wsi=34 app=50 internal=0 acquire=34 image=0 generation=2
info:  InternalWSI: source-present app=51 duration-us=16705 hr=0x0
info:  MetalInterop: committed InteropJobId=23 AppFrameId=50 slot=2 slot-serial=12 native-job=23 READY=34 DONE=35 initial-job-state=1 kernel=rgb_invert_alpha_preserve ready-to-commit-us=16777
info:  MetalInterop: dropped AppFrameId=51 reason=no-free-history-output-slot generation=2
info:  InternalWSI: dropped opportunity=23 reason=queue-full
info:  WSI: app-completion app=50 app-signal=deferred
info:  WSI: app-frame-latency-signal app=50 via=source-present-retirement
info:  MetalInterop: terminal InteropJobId=23 AppFrameId=50 slot=2 slot-serial=12 state=internal-queue-full terminal-value=35 capture-to-terminal-us=32984
info:  MetalInterop: job-retired InteropJobId=23 AppFrameId=50 slot=2 slot-serial=12 native-job=23 semaphore-value=35 capture-to-retire-us=33063 terminal-to-retire-us=79
info:  WSI: present origin=APPLICATION_SOURCE wsi=35 app=51 internal=0 acquire=35 image=1 generation=2
info:  InternalWSI: dropped request internal=22 reason=deadline-expired
info:  InternalWSI: source-present app=52 duration-us=16474 hr=0x0
info:  MetalInterop: captured InteropJobId=24 AppFrameId=52 generation=2 slot=2 slot-serial=13 history-id=8 output-id=9 READY=37 DONE=38 CONSUMED=39 copy-record-us=43
info:  WSI: app-completion app=51 app-signal=deferred
info:  WSI: app-frame-latency-signal app=51 via=source-present-retirement
info:  MetalInterop: terminal InteropJobId=22 AppFrameId=49 slot=1 slot-serial=11 state=deadline-expired-before-claim terminal-value=32 capture-to-terminal-us=66601
info:  MetalInterop: job-retired InteropJobId=22 AppFrameId=49 slot=1 slot-serial=11 native-job=22 semaphore-value=32 capture-to-retire-us=66700 terminal-to-retire-us=99
info:  WSI: present origin=APPLICATION_SOURCE wsi=36 app=52 internal=0 acquire=36 image=2 generation=2
info:  InternalWSI: source-present app=53 duration-us=16736 hr=0x0
info:  MetalInterop: committed InteropJobId=24 AppFrameId=52 slot=2 slot-serial=13 native-job=24 READY=37 DONE=38 initial-job-state=1 kernel=rgb_invert_alpha_preserve ready-to-commit-us=16782
info:  MetalInterop: captured InteropJobId=25 AppFrameId=53 generation=2 slot=1 slot-serial=12 history-id=6 output-id=7 READY=34 DONE=35 CONSUMED=36 copy-record-us=33
info:  WSI: app-completion app=52 app-signal=deferred
info:  WSI: app-frame-latency-signal app=52 via=source-present-retirement
info:  WSI: present origin=APPLICATION_SOURCE wsi=37 app=53 internal=0 acquire=37 image=0 generation=2
info:  InternalWSI: source-present app=54 duration-us=16165 hr=0x0
info:  MetalInterop: committed InteropJobId=25 AppFrameId=53 slot=1 slot-serial=12 native-job=25 READY=34 DONE=35 initial-job-state=1 kernel=rgb_invert_alpha_preserve ready-to-commit-us=16483
info:  MetalInterop: dropped AppFrameId=54 reason=no-free-history-output-slot generation=2
info:  InternalWSI: dropped opportunity=25 reason=queue-full
info:  WSI: app-completion app=53 app-signal=deferred
info:  WSI: app-frame-latency-signal app=53 via=source-present-retirement
info:  MetalInterop: terminal InteropJobId=25 AppFrameId=53 slot=1 slot-serial=12 state=internal-queue-full terminal-value=35 capture-to-terminal-us=32617
info:  MetalInterop: job-retired InteropJobId=25 AppFrameId=53 slot=1 slot-serial=12 native-job=25 semaphore-value=35 capture-to-retire-us=32689 terminal-to-retire-us=72
info:  WSI: present origin=APPLICATION_SOURCE wsi=38 app=54 internal=0 acquire=38 image=1 generation=2
info:  InternalWSI: dropped request internal=24 reason=deadline-expired
info:  InternalWSI: source-present app=55 duration-us=16336 hr=0x0
info:  MetalInterop: captured InteropJobId=26 AppFrameId=55 generation=2 slot=1 slot-serial=13 history-id=6 output-id=7 READY=37 DONE=38 CONSUMED=39 copy-record-us=22
info:  WSI: app-completion app=54 app-signal=deferred
info:  WSI: app-frame-latency-signal app=54 via=source-present-retirement
info:  MetalInterop: terminal InteropJobId=24 AppFrameId=52 slot=2 slot-serial=13 state=deadline-expired-before-claim terminal-value=38 capture-to-terminal-us=66326
info:  MetalInterop: job-retired InteropJobId=24 AppFrameId=52 slot=2 slot-serial=13 native-job=24 semaphore-value=38 capture-to-retire-us=66475 terminal-to-retire-us=149
info:  WSI: present origin=APPLICATION_SOURCE wsi=39 app=55 internal=0 acquire=39 image=2 generation=2
info:  InternalWSI: source-present app=56 duration-us=16959 hr=0x0
info:  MetalInterop: committed InteropJobId=26 AppFrameId=55 slot=1 slot-serial=13 native-job=26 READY=37 DONE=38 initial-job-state=1 kernel=rgb_invert_alpha_preserve ready-to-commit-us=16986
info:  MetalInterop: captured InteropJobId=27 AppFrameId=56 generation=2 slot=2 slot-serial=14 history-id=8 output-id=9 READY=40 DONE=41 CONSUMED=42 copy-record-us=27
info:  WSI: app-frame-latency-signal app=55 via=source-submit-completion
info:  WSI: app-completion app=55 app-signal=signaled
info:  WSI: present origin=APPLICATION_SOURCE wsi=40 app=56 internal=0 acquire=40 image=0 generation=2
info:  InternalWSI: source-present app=57 duration-us=16158 hr=0x0
info:  MetalInterop: committed InteropJobId=27 AppFrameId=56 slot=2 slot-serial=14 native-job=27 READY=40 DONE=41 initial-job-state=1 kernel=rgb_invert_alpha_preserve ready-to-commit-us=16214
info:  MetalInterop: dropped AppFrameId=57 reason=no-free-history-output-slot generation=2
info:  InternalWSI: dropped opportunity=27 reason=queue-full
info:  WSI: app-completion app=56 app-signal=deferred
info:  WSI: app-frame-latency-signal app=56 via=source-present-retirement
info:  MetalInterop: terminal InteropJobId=27 AppFrameId=56 slot=2 slot-serial=14 state=internal-queue-full terminal-value=41 capture-to-terminal-us=32359
info:  MetalInterop: job-retired InteropJobId=27 AppFrameId=56 slot=2 slot-serial=14 native-job=27 semaphore-value=41 capture-to-retire-us=32411 terminal-to-retire-us=52
info:  WSI: present origin=APPLICATION_SOURCE wsi=41 app=57 internal=0 acquire=41 image=1 generation=2
info:  InternalWSI: dropped request internal=26 reason=deadline-expired
info:  InternalWSI: source-present app=58 duration-us=16319 hr=0x0
info:  MetalInterop: captured InteropJobId=28 AppFrameId=58 generation=2 slot=2 slot-serial=15 history-id=8 output-id=9 READY=43 DONE=44 CONSUMED=45 copy-record-us=21
info:  WSI: app-completion app=57 app-signal=deferred
info:  WSI: app-frame-latency-signal app=57 via=source-present-retirement
info:  MetalInterop: terminal InteropJobId=26 AppFrameId=55 slot=1 slot-serial=13 state=deadline-expired-before-claim terminal-value=38 capture-to-terminal-us=66051
info:  MetalInterop: job-retired InteropJobId=26 AppFrameId=55 slot=1 slot-serial=13 native-job=26 semaphore-value=38 capture-to-retire-us=66095 terminal-to-retire-us=44
info:  WSI: present origin=APPLICATION_SOURCE wsi=42 app=58 internal=0 acquire=42 image=2 generation=2
info:  InternalWSI: source-present app=59 duration-us=16402 hr=0x0
info:  MetalInterop: committed InteropJobId=28 AppFrameId=58 slot=2 slot-serial=15 native-job=28 READY=43 DONE=44 initial-job-state=1 kernel=rgb_invert_alpha_preserve ready-to-commit-us=16484
info:  MetalInterop: captured InteropJobId=29 AppFrameId=59 generation=2 slot=1 slot-serial=14 history-id=6 output-id=7 READY=40 DONE=41 CONSUMED=42 copy-record-us=16
info:  WSI: app-completion app=58 app-signal=deferred
info:  WSI: app-frame-latency-signal app=58 via=source-present-retirement
info:  WSI: present origin=APPLICATION_SOURCE wsi=43 app=59 internal=0 acquire=43 image=0 generation=2
info:  InternalWSI: source-present app=60 duration-us=16508 hr=0x0
info:  MetalInterop: dropped AppFrameId=60 reason=no-free-history-output-slot generation=2
info:  MetalInterop: committed InteropJobId=29 AppFrameId=59 slot=1 slot-serial=14 native-job=29 READY=40 DONE=41 initial-job-state=1 kernel=rgb_invert_alpha_preserve ready-to-commit-us=16641
info:  InternalWSI: dropped opportunity=29 reason=queue-full
info:  WSI: app-completion app=59 app-signal=deferred
info:  WSI: app-frame-latency-signal app=59 via=source-present-retirement
info:  MetalInterop: terminal InteropJobId=29 AppFrameId=59 slot=1 slot-serial=14 state=internal-queue-full terminal-value=41 capture-to-terminal-us=32954
info:  MetalInterop: job-retired InteropJobId=29 AppFrameId=59 slot=1 slot-serial=14 native-job=29 semaphore-value=41 capture-to-retire-us=33020 terminal-to-retire-us=66
info:  WSI: present origin=APPLICATION_SOURCE wsi=44 app=60 internal=0 acquire=44 image=1 generation=2
info:  InternalWSI: source-present app=61 duration-us=16654 hr=0x0
info:  InternalWSI: dropped request internal=28 reason=deadline-expired
info:  MetalInterop: captured InteropJobId=30 AppFrameId=61 generation=2 slot=1 slot-serial=15 history-id=6 output-id=7 READY=43 DONE=44 CONSUMED=45 copy-record-us=45
info:  WSI: app-completion app=60 app-signal=deferred
info:  WSI: app-frame-latency-signal app=60 via=source-present-retirement
info:  MetalInterop: terminal InteropJobId=28 AppFrameId=58 slot=2 slot-serial=15 state=deadline-expired-before-claim terminal-value=44 capture-to-terminal-us=66494
info:  MetalInterop: job-retired InteropJobId=28 AppFrameId=58 slot=2 slot-serial=15 native-job=28 semaphore-value=44 capture-to-retire-us=66606 terminal-to-retire-us=112
info:  WSI: present origin=APPLICATION_SOURCE wsi=45 app=61 internal=0 acquire=45 image=2 generation=2
info:  InternalWSI: source-present app=62 duration-us=7865 hr=0x0
info:  MetalInterop: committed InteropJobId=30 AppFrameId=61 slot=1 slot-serial=15 native-job=30 READY=43 DONE=44 initial-job-state=1 kernel=rgb_invert_alpha_preserve ready-to-commit-us=17139
info:  MetalInterop: captured InteropJobId=31 AppFrameId=62 generation=2 slot=2 slot-serial=16 history-id=8 output-id=9 READY=46 DONE=47 CONSUMED=48 copy-record-us=22
info:  WSI: app-completion app=61 app-signal=deferred
info:  WSI: app-frame-latency-signal app=61 via=source-present-retirement
info:  WSI: present origin=APPLICATION_SOURCE wsi=46 app=62 internal=0 acquire=46 image=0 generation=2
info:  MetalInterop: committed InteropJobId=31 AppFrameId=62 slot=2 slot-serial=16 native-job=31 READY=46 DONE=47 initial-job-state=1 kernel=rgb_invert_alpha_preserve ready-to-commit-us=16220
info:  InternalWSI: dropped opportunity=31 reason=queue-full
info:  WSI: app-completion app=62 app-signal=deferred
info:  WSI: app-frame-latency-signal app=62 via=source-present-retirement
info:  MetalInterop: Vulkan-consumer InteropJobId=30 AppFrameId=61 InternalPresentId=1 generation=2 DONE=44 CONSUMED=45
info:  MetalInterop: Metal output ready InteropJobId=30 AppFrameId=61 slot=1 slot-serial=15 generation=2 DONE=44 event-value=44
info:  MetalInterop: consumer-claimed InteropJobId=30 AppFrameId=61 slot=1 slot-serial=15 generation=2 DONE=44 metal-state=Completed-event-signaled
info:  MetalInterop: terminal InteropJobId=30 AppFrameId=61 slot=1 slot-serial=15 state=VULKAN_CONSUMED terminal-value=45 capture-to-terminal-us=54810
info:  WSI: present origin=INTERNAL_OUTPUT wsi=47 app=0 internal=1 acquire=47 image=1 generation=2
info:  InternalWSI: source-present app=63 duration-us=13498 hr=0x0
info:  MetalInterop: dropped AppFrameId=63 reason=no-free-history-output-slot generation=2
info:  InternalWSI: retirement outcome=presented wsi=47 internal=1 status=VK_SUCCESS app-signals=unchanged actual-display-timing=separate
info:  MetalInterop: WSI-submit InteropJobId=30 AppFrameId=61 InternalPresentOpportunityId=30 InternalPresentId=1 WsiPresentId=47 VkPresentResult=VK_SUCCESS
info:  InternalWSI: queued origin=INTERNAL_OUTPUT wsi=47 internal=1 app=none pattern=metal-invert InteropJobId=30 vkPresent=VK_SUCCESS
info:  MetalInterop: terminal InteropJobId=31 AppFrameId=62 slot=2 slot-serial=16 state=internal-queue-full terminal-value=47 capture-to-terminal-us=39328
info:  MetalInterop: job-retired InteropJobId=31 AppFrameId=62 slot=2 slot-serial=16 native-job=31 semaphore-value=47 capture-to-retire-us=39379 terminal-to-retire-us=51
info:  MetalInterop: job-retired InteropJobId=30 AppFrameId=61 slot=1 slot-serial=15 native-job=30 semaphore-value=45 capture-to-retire-us=56618 terminal-to-retire-us=1808
info:  WSI: present origin=APPLICATION_SOURCE wsi=48 app=63 internal=0 acquire=48 image=2 generation=2
info:  WSI: app-completion app=63 app-signal=deferred
info:  WSI: app-frame-latency-signal app=63 via=source-present-retirement
info:  InternalWSI: source-present app=64 duration-us=88 hr=0x0
info:  MetalInterop: captured InteropJobId=32 AppFrameId=64 generation=2 slot=1 slot-serial=16 history-id=6 output-id=7 READY=46 DONE=47 CONSUMED=48 copy-record-us=87
info:  WSI: present origin=APPLICATION_SOURCE wsi=49 app=64 internal=0 acquire=49 image=0 generation=2
info:  MetalInterop: committed InteropJobId=32 AppFrameId=64 slot=1 slot-serial=16 native-job=32 READY=46 DONE=47 initial-job-state=1 kernel=rgb_invert_alpha_preserve ready-to-commit-us=9368
info:  WSI: app-completion app=64 app-signal=deferred
info:  WSI: app-frame-latency-signal app=64 via=source-present-retirement
info:  InternalWSI: source-present app=65 duration-us=92 hr=0x0
info:  MetalInterop: captured InteropJobId=33 AppFrameId=65 generation=2 slot=2 slot-serial=17 history-id=8 output-id=9 READY=49 DONE=50 CONSUMED=51 copy-record-us=55
info:  WSI: present origin=APPLICATION_SOURCE wsi=50 app=65 internal=0 acquire=50 image=1 generation=2
info:  MetalInterop: committed InteropJobId=33 AppFrameId=65 slot=2 slot-serial=17 native-job=33 READY=49 DONE=50 initial-job-state=1 kernel=rgb_invert_alpha_preserve ready-to-commit-us=966
info:  InternalWSI: dropped opportunity=33 reason=queue-full
info:  MetalInterop: Vulkan-consumer InteropJobId=32 AppFrameId=64 InternalPresentId=2 generation=2 DONE=47 CONSUMED=48
info:  WSI: app-completion app=65 app-signal=deferred
info:  MetalInterop: Metal output ready InteropJobId=32 AppFrameId=64 slot=1 slot-serial=16 generation=2 DONE=47 event-value=47
info:  MetalInterop: consumer-claimed InteropJobId=32 AppFrameId=64 slot=1 slot-serial=16 generation=2 DONE=47 metal-state=Completed-event-signaled
info:  WSI: app-frame-latency-signal app=65 via=source-present-retirement
info:  MetalInterop: terminal InteropJobId=32 AppFrameId=64 slot=1 slot-serial=16 state=VULKAN_CONSUMED terminal-value=48 capture-to-terminal-us=43226
info:  WSI: present origin=INTERNAL_OUTPUT wsi=51 app=0 internal=2 acquire=51 image=2 generation=2
info:  MetalInterop: WSI-submit InteropJobId=32 AppFrameId=64 InternalPresentOpportunityId=32 InternalPresentId=2 WsiPresentId=51 VkPresentResult=VK_SUCCESS
info:  InternalWSI: retirement outcome=presented wsi=51 internal=2 status=VK_SUCCESS app-signals=unchanged actual-display-timing=separate
info:  InternalWSI: queued origin=INTERNAL_OUTPUT wsi=51 internal=2 app=none pattern=metal-invert InteropJobId=32 vkPresent=VK_SUCCESS
info:  InternalWSI: source-present app=66 duration-us=144 hr=0x0
info:  MetalInterop: dropped AppFrameId=66 reason=no-free-history-output-slot generation=2
info:  MetalInterop: job-retired InteropJobId=32 AppFrameId=64 slot=1 slot-serial=16 native-job=32 semaphore-value=48 capture-to-retire-us=75872 terminal-to-retire-us=32646
info:  MetalInterop: terminal InteropJobId=33 AppFrameId=65 slot=2 slot-serial=17 state=internal-queue-full terminal-value=50 capture-to-terminal-us=41467
info:  MetalInterop: job-retired InteropJobId=33 AppFrameId=65 slot=2 slot-serial=17 native-job=33 semaphore-value=50 capture-to-retire-us=41501 terminal-to-retire-us=34
info:  WSI: present origin=APPLICATION_SOURCE wsi=52 app=66 internal=0 acquire=52 image=0 generation=2
info:  WSI: app-completion app=66 app-signal=deferred
info:  WSI: app-frame-latency-signal app=66 via=source-present-retirement
info:  InternalWSI: source-present app=67 duration-us=110 hr=0x0
info:  MetalInterop: captured InteropJobId=34 AppFrameId=67 generation=2 slot=1 slot-serial=17 history-id=6 output-id=7 READY=49 DONE=50 CONSUMED=51 copy-record-us=28
info:  WSI: present origin=APPLICATION_SOURCE wsi=53 app=67 internal=0 acquire=53 image=1 generation=2
info:  MetalInterop: committed InteropJobId=34 AppFrameId=67 slot=1 slot-serial=17 native-job=34 READY=49 DONE=50 initial-job-state=1 kernel=rgb_invert_alpha_preserve ready-to-commit-us=1231
info:  WSI: app-completion app=67 app-signal=deferred
info:  WSI: app-frame-latency-signal app=67 via=source-present-retirement
info:  InternalWSI: source-present app=68 duration-us=133 hr=0x0
info:  MetalInterop: captured InteropJobId=35 AppFrameId=68 generation=2 slot=2 slot-serial=18 history-id=8 output-id=9 READY=52 DONE=53 CONSUMED=54 copy-record-us=164
info:  WSI: present origin=APPLICATION_SOURCE wsi=54 app=68 internal=0 acquire=54 image=2 generation=2
info:  MetalInterop: committed InteropJobId=35 AppFrameId=68 slot=2 slot-serial=18 native-job=35 READY=52 DONE=53 initial-job-state=1 kernel=rgb_invert_alpha_preserve ready-to-commit-us=1304
info:  InternalWSI: dropped opportunity=35 reason=queue-full
info:  WSI: app-completion app=68 app-signal=deferred
info:  WSI: app-frame-latency-signal app=68 via=source-present-retirement
info:  MetalInterop: Vulkan-consumer InteropJobId=34 AppFrameId=67 InternalPresentId=3 generation=2 DONE=50 CONSUMED=51
info:  MetalInterop: Metal output ready InteropJobId=34 AppFrameId=67 slot=1 slot-serial=17 generation=2 DONE=50 event-value=50
info:  MetalInterop: consumer-claimed InteropJobId=34 AppFrameId=67 slot=1 slot-serial=17 generation=2 DONE=50 metal-state=Completed-event-signaled
info:  MetalInterop: terminal InteropJobId=34 AppFrameId=67 slot=1 slot-serial=17 state=VULKAN_CONSUMED terminal-value=51 capture-to-terminal-us=37210
info:  WSI: present origin=INTERNAL_OUTPUT wsi=55 app=0 internal=3 acquire=55 image=0 generation=2
info:  MetalInterop: WSI-submit InteropJobId=34 AppFrameId=67 InternalPresentOpportunityId=34 InternalPresentId=3 WsiPresentId=55 VkPresentResult=VK_SUCCESS
info:  InternalWSI: retirement outcome=presented wsi=55 internal=3 status=VK_SUCCESS app-signals=unchanged actual-display-timing=separate
info:  InternalWSI: queued origin=INTERNAL_OUTPUT wsi=55 internal=3 app=none pattern=metal-invert InteropJobId=34 vkPresent=VK_SUCCESS
info:  InternalWSI: source-present app=69 duration-us=479 hr=0x0
info:  MetalInterop: dropped AppFrameId=69 reason=no-free-history-output-slot generation=2
info:  MetalInterop: terminal InteropJobId=35 AppFrameId=68 slot=2 slot-serial=18 state=internal-queue-full terminal-value=53 capture-to-terminal-us=34173
info:  MetalInterop: job-retired InteropJobId=35 AppFrameId=68 slot=2 slot-serial=18 native-job=35 semaphore-value=53 capture-to-retire-us=34316 terminal-to-retire-us=143
info:  MetalInterop: job-retired InteropJobId=34 AppFrameId=67 slot=1 slot-serial=17 native-job=34 semaphore-value=51 capture-to-retire-us=67715 terminal-to-retire-us=30505
info:  WSI: present origin=APPLICATION_SOURCE wsi=56 app=69 internal=0 acquire=56 image=1 generation=2
info:  WSI: app-completion app=69 app-signal=deferred
info:  WSI: app-frame-latency-signal app=69 via=source-present-retirement
info:  InternalWSI: source-present app=70 duration-us=125 hr=0x0
info:  MetalInterop: captured InteropJobId=36 AppFrameId=70 generation=2 slot=1 slot-serial=18 history-id=6 output-id=7 READY=52 DONE=53 CONSUMED=54 copy-record-us=31
info:  WSI: present origin=APPLICATION_SOURCE wsi=57 app=70 internal=0 acquire=57 image=2 generation=2
info:  MetalInterop: committed InteropJobId=36 AppFrameId=70 slot=1 slot-serial=18 native-job=36 READY=52 DONE=53 initial-job-state=1 kernel=rgb_invert_alpha_preserve ready-to-commit-us=1147
info:  WSI: app-completion app=70 app-signal=deferred
info:  WSI: app-frame-latency-signal app=70 via=source-present-retirement
info:  InternalWSI: source-present app=71 duration-us=108 hr=0x0
info:  MetalInterop: captured InteropJobId=37 AppFrameId=71 generation=2 slot=2 slot-serial=19 history-id=8 output-id=9 READY=55 DONE=56 CONSUMED=57 copy-record-us=28
info:  InternalWSI: dropped opportunity=36 reason=source-pending generation=2
info:  MetalInterop: terminal InteropJobId=36 AppFrameId=70 slot=1 slot-serial=18 state=source-pending terminal-value=53 capture-to-terminal-us=37514
info:  MetalInterop: job-retired InteropJobId=36 AppFrameId=70 slot=1 slot-serial=18 native-job=36 semaphore-value=53 capture-to-retire-us=37576 terminal-to-retire-us=62
info:  WSI: present origin=APPLICATION_SOURCE wsi=58 app=71 internal=0 acquire=58 image=0 generation=2
info:  MetalInterop: committed InteropJobId=37 AppFrameId=71 slot=2 slot-serial=19 native-job=37 READY=55 DONE=56 initial-job-state=1 kernel=rgb_invert_alpha_preserve ready-to-commit-us=1121
info:  WSI: app-completion app=71 app-signal=deferred
info:  WSI: app-frame-latency-signal app=71 via=source-present-retirement
info:  MetalInterop: Vulkan-consumer InteropJobId=37 AppFrameId=71 InternalPresentId=4 generation=2 DONE=56 CONSUMED=57
info:  MetalInterop: Metal output ready InteropJobId=37 AppFrameId=71 slot=2 slot-serial=19 generation=2 DONE=56 event-value=56
info:  MetalInterop: consumer-claimed InteropJobId=37 AppFrameId=71 slot=2 slot-serial=19 generation=2 DONE=56 metal-state=Completed-event-signaled
info:  MetalInterop: terminal InteropJobId=37 AppFrameId=71 slot=2 slot-serial=19 state=VULKAN_CONSUMED terminal-value=57 capture-to-terminal-us=23220
info:  WSI: present origin=INTERNAL_OUTPUT wsi=59 app=0 internal=4 acquire=59 image=1 generation=2
info:  InternalWSI: retirement outcome=presented wsi=59 internal=4 status=VK_SUCCESS app-signals=unchanged actual-display-timing=separate
info:  MetalInterop: WSI-submit InteropJobId=37 AppFrameId=71 InternalPresentOpportunityId=37 InternalPresentId=4 WsiPresentId=59 VkPresentResult=VK_SUCCESS
info:  InternalWSI: queued origin=INTERNAL_OUTPUT wsi=59 internal=4 app=none pattern=metal-invert InteropJobId=37 vkPresent=VK_SUCCESS
info:  InternalWSI: source-present app=72 duration-us=74 hr=0x0
info:  MetalInterop: captured InteropJobId=38 AppFrameId=72 generation=2 slot=1 slot-serial=19 history-id=6 output-id=7 READY=55 DONE=56 CONSUMED=57 copy-record-us=17
info:  MetalInterop: job-retired InteropJobId=37 AppFrameId=71 slot=2 slot-serial=19 native-job=37 semaphore-value=57 capture-to-retire-us=26426 terminal-to-retire-us=3206
info:  WSI: present origin=APPLICATION_SOURCE wsi=60 app=72 internal=0 acquire=60 image=2 generation=2
info:  MetalInterop: committed InteropJobId=38 AppFrameId=72 slot=1 slot-serial=19 native-job=38 READY=55 DONE=56 initial-job-state=1 kernel=rgb_invert_alpha_preserve ready-to-commit-us=689
info:  WSI: app-completion app=72 app-signal=deferred
info:  WSI: app-frame-latency-signal app=72 via=source-present-retirement
info:  MetalInterop: Vulkan-consumer InteropJobId=38 AppFrameId=72 InternalPresentId=5 generation=2 DONE=56 CONSUMED=57
info:  MetalInterop: Metal output ready InteropJobId=38 AppFrameId=72 slot=1 slot-serial=19 generation=2 DONE=56 event-value=56
info:  MetalInterop: consumer-claimed InteropJobId=38 AppFrameId=72 slot=1 slot-serial=19 generation=2 DONE=56 metal-state=Completed-event-signaled
info:  MetalInterop: terminal InteropJobId=38 AppFrameId=72 slot=1 slot-serial=19 state=VULKAN_CONSUMED terminal-value=57 capture-to-terminal-us=17035
info:  WSI: present origin=INTERNAL_OUTPUT wsi=61 app=0 internal=5 acquire=61 image=0 generation=2
info:  MetalInterop: WSI-submit InteropJobId=38 AppFrameId=72 InternalPresentOpportunityId=38 InternalPresentId=5 WsiPresentId=61 VkPresentResult=VK_SUCCESS
info:  InternalWSI: retirement outcome=presented wsi=61 internal=5 status=VK_SUCCESS app-signals=unchanged actual-display-timing=separate
info:  InternalWSI: queued origin=INTERNAL_OUTPUT wsi=61 internal=5 app=none pattern=metal-invert InteropJobId=38 vkPresent=VK_SUCCESS
info:  InternalWSI: source-present app=73 duration-us=104 hr=0x0
info:  MetalInterop: captured InteropJobId=39 AppFrameId=73 generation=2 slot=2 slot-serial=20 history-id=8 output-id=9 READY=58 DONE=59 CONSUMED=60 copy-record-us=16
info:  MetalInterop: job-retired InteropJobId=38 AppFrameId=72 slot=1 slot-serial=19 native-job=38 semaphore-value=57 capture-to-retire-us=35542 terminal-to-retire-us=18507
info:  WSI: present origin=APPLICATION_SOURCE wsi=62 app=73 internal=0 acquire=62 image=1 generation=2
info:  MetalInterop: committed InteropJobId=39 AppFrameId=73 slot=2 slot-serial=20 native-job=39 READY=58 DONE=59 initial-job-state=1 kernel=rgb_invert_alpha_preserve ready-to-commit-us=717
info:  WSI: app-completion app=73 app-signal=deferred
info:  WSI: app-frame-latency-signal app=73 via=source-present-retirement
info:  MetalInterop: Vulkan-consumer InteropJobId=39 AppFrameId=73 InternalPresentId=6 generation=2 DONE=59 CONSUMED=60
info:  MetalInterop: Metal output ready InteropJobId=39 AppFrameId=73 slot=2 slot-serial=20 generation=2 DONE=59 event-value=59
info:  MetalInterop: consumer-claimed InteropJobId=39 AppFrameId=73 slot=2 slot-serial=20 generation=2 DONE=59 metal-state=Completed-event-signaled
info:  MetalInterop: terminal InteropJobId=39 AppFrameId=73 slot=2 slot-serial=20 state=VULKAN_CONSUMED terminal-value=60 capture-to-terminal-us=22069
info:  WSI: present origin=INTERNAL_OUTPUT wsi=63 app=0 internal=6 acquire=63 image=2 generation=2
info:  MetalInterop: WSI-submit InteropJobId=39 AppFrameId=73 InternalPresentOpportunityId=39 InternalPresentId=6 WsiPresentId=63 VkPresentResult=VK_SUCCESS
info:  InternalWSI: retirement outcome=presented wsi=63 internal=6 status=VK_SUCCESS app-signals=unchanged actual-display-timing=separate
info:  InternalWSI: queued origin=INTERNAL_OUTPUT wsi=63 internal=6 app=none pattern=metal-invert InteropJobId=39 vkPresent=VK_SUCCESS
info:  InternalWSI: source-present app=74 duration-us=104 hr=0x0
info:  MetalInterop: captured InteropJobId=40 AppFrameId=74 generation=2 slot=1 slot-serial=20 history-id=6 output-id=7 READY=58 DONE=59 CONSUMED=60 copy-record-us=19
info:  MetalInterop: job-retired InteropJobId=39 AppFrameId=73 slot=2 slot-serial=20 native-job=39 semaphore-value=60 capture-to-retire-us=38543 terminal-to-retire-us=16474
info:  WSI: present origin=APPLICATION_SOURCE wsi=64 app=74 internal=0 acquire=64 image=0 generation=2
info:  MetalInterop: committed InteropJobId=40 AppFrameId=74 slot=1 slot-serial=20 native-job=40 READY=58 DONE=59 initial-job-state=1 kernel=rgb_invert_alpha_preserve ready-to-commit-us=1707
info:  WSI: app-completion app=74 app-signal=deferred
info:  WSI: app-frame-latency-signal app=74 via=source-present-retirement
info:  MetalInterop: Vulkan-consumer InteropJobId=40 AppFrameId=74 InternalPresentId=7 generation=2 DONE=59 CONSUMED=60
info:  MetalInterop: Metal output ready InteropJobId=40 AppFrameId=74 slot=1 slot-serial=20 generation=2 DONE=59 event-value=59
info:  MetalInterop: consumer-claimed InteropJobId=40 AppFrameId=74 slot=1 slot-serial=20 generation=2 DONE=59 metal-state=Completed-event-signaled
info:  MetalInterop: terminal InteropJobId=40 AppFrameId=74 slot=1 slot-serial=20 state=VULKAN_CONSUMED terminal-value=60 capture-to-terminal-us=24602
info:  WSI: present origin=INTERNAL_OUTPUT wsi=65 app=0 internal=7 acquire=65 image=1 generation=2
info:  MetalInterop: WSI-submit InteropJobId=40 AppFrameId=74 InternalPresentOpportunityId=40 InternalPresentId=7 WsiPresentId=65 VkPresentResult=VK_SUCCESS
info:  InternalWSI: retirement outcome=presented wsi=65 internal=7 status=VK_SUCCESS app-signals=unchanged actual-display-timing=separate
info:  InternalWSI: queued origin=INTERNAL_OUTPUT wsi=65 internal=7 app=none pattern=metal-invert InteropJobId=40 vkPresent=VK_SUCCESS
info:  InternalWSI: source-present app=75 duration-us=82 hr=0x0
info:  MetalInterop: captured InteropJobId=41 AppFrameId=75 generation=2 slot=2 slot-serial=21 history-id=8 output-id=9 READY=61 DONE=62 CONSUMED=63 copy-record-us=104
info:  MetalInterop: job-retired InteropJobId=40 AppFrameId=74 slot=1 slot-serial=20 native-job=40 semaphore-value=60 capture-to-retire-us=31463 terminal-to-retire-us=6861
info:  WSI: present origin=APPLICATION_SOURCE wsi=66 app=75 internal=0 acquire=66 image=2 generation=2
info:  MetalInterop: committed InteropJobId=41 AppFrameId=75 slot=2 slot-serial=21 native-job=41 READY=61 DONE=62 initial-job-state=1 kernel=rgb_invert_alpha_preserve ready-to-commit-us=658
info:  WSI: app-completion app=75 app-signal=deferred
info:  WSI: app-frame-latency-signal app=75 via=source-present-retirement
info:  MetalInterop: Vulkan-consumer InteropJobId=41 AppFrameId=75 InternalPresentId=8 generation=2 DONE=62 CONSUMED=63
info:  MetalInterop: Metal output ready InteropJobId=41 AppFrameId=75 slot=2 slot-serial=21 generation=2 DONE=62 event-value=62
info:  MetalInterop: consumer-claimed InteropJobId=41 AppFrameId=75 slot=2 slot-serial=21 generation=2 DONE=62 metal-state=Completed-event-signaled
info:  MetalInterop: terminal InteropJobId=41 AppFrameId=75 slot=2 slot-serial=21 state=VULKAN_CONSUMED terminal-value=63 capture-to-terminal-us=19454
info:  WSI: present origin=INTERNAL_OUTPUT wsi=67 app=0 internal=8 acquire=67 image=0 generation=2
info:  MetalInterop: WSI-submit InteropJobId=41 AppFrameId=75 InternalPresentOpportunityId=41 InternalPresentId=8 WsiPresentId=67 VkPresentResult=VK_SUCCESS
info:  InternalWSI: retirement outcome=presented wsi=67 internal=8 status=VK_SUCCESS app-signals=unchanged actual-display-timing=separate
info:  InternalWSI: queued origin=INTERNAL_OUTPUT wsi=67 internal=8 app=none pattern=metal-invert InteropJobId=41 vkPresent=VK_SUCCESS
info:  InternalWSI: source-present app=76 duration-us=76 hr=0x0
info:  MetalInterop: captured InteropJobId=42 AppFrameId=76 generation=2 slot=1 slot-serial=21 history-id=6 output-id=7 READY=61 DONE=62 CONSUMED=63 copy-record-us=13
info:  MetalInterop: job-retired InteropJobId=41 AppFrameId=75 slot=2 slot-serial=21 native-job=41 semaphore-value=63 capture-to-retire-us=35272 terminal-to-retire-us=15818
info:  WSI: present origin=APPLICATION_SOURCE wsi=68 app=76 internal=0 acquire=68 image=1 generation=2
info:  MetalInterop: committed InteropJobId=42 AppFrameId=76 slot=1 slot-serial=21 native-job=42 READY=61 DONE=62 initial-job-state=1 kernel=rgb_invert_alpha_preserve ready-to-commit-us=575
info:  WSI: app-completion app=76 app-signal=deferred
info:  WSI: app-frame-latency-signal app=76 via=source-present-retirement
info:  MetalInterop: Vulkan-consumer InteropJobId=42 AppFrameId=76 InternalPresentId=9 generation=2 DONE=62 CONSUMED=63
info:  MetalInterop: Metal output ready InteropJobId=42 AppFrameId=76 slot=1 slot-serial=21 generation=2 DONE=62 event-value=62
info:  MetalInterop: consumer-claimed InteropJobId=42 AppFrameId=76 slot=1 slot-serial=21 generation=2 DONE=62 metal-state=Completed-event-signaled
info:  MetalInterop: terminal InteropJobId=42 AppFrameId=76 slot=1 slot-serial=21 state=VULKAN_CONSUMED terminal-value=63 capture-to-terminal-us=21323
info:  WSI: present origin=INTERNAL_OUTPUT wsi=69 app=0 internal=9 acquire=69 image=2 generation=2
info:  MetalInterop: WSI-submit InteropJobId=42 AppFrameId=76 InternalPresentOpportunityId=42 InternalPresentId=9 WsiPresentId=69 VkPresentResult=VK_SUCCESS
info:  InternalWSI: retirement outcome=presented wsi=69 internal=9 status=VK_SUCCESS app-signals=unchanged actual-display-timing=separate
info:  InternalWSI: queued origin=INTERNAL_OUTPUT wsi=69 internal=9 app=none pattern=metal-invert InteropJobId=42 vkPresent=VK_SUCCESS
info:  InternalWSI: source-present app=77 duration-us=59 hr=0x0
info:  MetalInterop: job-retired InteropJobId=42 AppFrameId=76 slot=1 slot-serial=21 native-job=42 semaphore-value=63 capture-to-retire-us=26212 terminal-to-retire-us=4889
info:  MetalInterop: captured InteropJobId=43 AppFrameId=77 generation=2 slot=1 slot-serial=22 history-id=6 output-id=7 READY=64 DONE=65 CONSUMED=66 copy-record-us=14
info:  WSI: present origin=APPLICATION_SOURCE wsi=70 app=77 internal=0 acquire=70 image=0 generation=2
info:  MetalInterop: committed InteropJobId=43 AppFrameId=77 slot=1 slot-serial=22 native-job=43 READY=64 DONE=65 initial-job-state=1 kernel=rgb_invert_alpha_preserve ready-to-commit-us=622
info:  WSI: app-completion app=77 app-signal=deferred
info:  WSI: app-frame-latency-signal app=77 via=source-present-retirement
info:  MetalInterop: Vulkan-consumer InteropJobId=43 AppFrameId=77 InternalPresentId=10 generation=2 DONE=65 CONSUMED=66
info:  MetalInterop: Metal output ready InteropJobId=43 AppFrameId=77 slot=1 slot-serial=22 generation=2 DONE=65 event-value=65
info:  MetalInterop: consumer-claimed InteropJobId=43 AppFrameId=77 slot=1 slot-serial=22 generation=2 DONE=65 metal-state=Completed-event-signaled
info:  MetalInterop: terminal InteropJobId=43 AppFrameId=77 slot=1 slot-serial=22 state=VULKAN_CONSUMED terminal-value=66 capture-to-terminal-us=17279
info:  WSI: present origin=INTERNAL_OUTPUT wsi=71 app=0 internal=10 acquire=71 image=1 generation=2
info:  MetalInterop: WSI-submit InteropJobId=43 AppFrameId=77 InternalPresentOpportunityId=43 InternalPresentId=10 WsiPresentId=71 VkPresentResult=VK_SUCCESS
info:  InternalWSI: retirement outcome=presented wsi=71 internal=10 status=VK_SUCCESS app-signals=unchanged actual-display-timing=separate
info:  InternalWSI: queued origin=INTERNAL_OUTPUT wsi=71 internal=10 app=none pattern=metal-invert InteropJobId=43 vkPresent=VK_SUCCESS
info:  InternalWSI: source-present app=78 duration-us=111 hr=0x0
info:  MetalInterop: job-retired InteropJobId=43 AppFrameId=77 slot=1 slot-serial=22 native-job=43 semaphore-value=66 capture-to-retire-us=35886 terminal-to-retire-us=18607
info:  MetalInterop: captured InteropJobId=44 AppFrameId=78 generation=2 slot=2 slot-serial=22 history-id=8 output-id=9 READY=64 DONE=65 CONSUMED=66 copy-record-us=151
info:  WSI: present origin=APPLICATION_SOURCE wsi=72 app=78 internal=0 acquire=72 image=2 generation=2
info:  MetalInterop: committed InteropJobId=44 AppFrameId=78 slot=2 slot-serial=22 native-job=44 READY=64 DONE=65 initial-job-state=1 kernel=rgb_invert_alpha_preserve ready-to-commit-us=768
info:  WSI: app-completion app=78 app-signal=deferred
info:  WSI: app-frame-latency-signal app=78 via=source-present-retirement
info:  MetalInterop: Vulkan-consumer InteropJobId=44 AppFrameId=78 InternalPresentId=11 generation=2 DONE=65 CONSUMED=66
info:  MetalInterop: Metal output ready InteropJobId=44 AppFrameId=78 slot=2 slot-serial=22 generation=2 DONE=65 event-value=65
info:  MetalInterop: consumer-claimed InteropJobId=44 AppFrameId=78 slot=2 slot-serial=22 generation=2 DONE=65 metal-state=Completed-event-signaled
info:  MetalInterop: terminal InteropJobId=44 AppFrameId=78 slot=2 slot-serial=22 state=VULKAN_CONSUMED terminal-value=66 capture-to-terminal-us=21678
info:  WSI: present origin=INTERNAL_OUTPUT wsi=73 app=0 internal=11 acquire=73 image=0 generation=2
info:  MetalInterop: WSI-submit InteropJobId=44 AppFrameId=78 InternalPresentOpportunityId=44 InternalPresentId=11 WsiPresentId=73 VkPresentResult=VK_SUCCESS
info:  InternalWSI: retirement outcome=presented wsi=73 internal=11 status=VK_SUCCESS app-signals=unchanged actual-display-timing=separate
info:  InternalWSI: queued origin=INTERNAL_OUTPUT wsi=73 internal=11 app=none pattern=metal-invert InteropJobId=44 vkPresent=VK_SUCCESS
info:  InternalWSI: source-present app=79 duration-us=84 hr=0x0
info:  MetalInterop: job-retired InteropJobId=44 AppFrameId=78 slot=2 slot-serial=22 native-job=44 semaphore-value=66 capture-to-retire-us=35618 terminal-to-retire-us=13940
info:  MetalInterop: captured InteropJobId=45 AppFrameId=79 generation=2 slot=1 slot-serial=23 history-id=6 output-id=7 READY=67 DONE=68 CONSUMED=69 copy-record-us=38
info:  WSI: present origin=APPLICATION_SOURCE wsi=74 app=79 internal=0 acquire=74 image=1 generation=2
info:  MetalInterop: committed InteropJobId=45 AppFrameId=79 slot=1 slot-serial=23 native-job=45 READY=67 DONE=68 initial-job-state=1 kernel=rgb_invert_alpha_preserve ready-to-commit-us=656
info:  WSI: app-completion app=79 app-signal=deferred
info:  WSI: app-frame-latency-signal app=79 via=source-present-retirement
info:  MetalInterop: Vulkan-consumer InteropJobId=45 AppFrameId=79 InternalPresentId=12 generation=2 DONE=68 CONSUMED=69
info:  MetalInterop: Metal output ready InteropJobId=45 AppFrameId=79 slot=1 slot-serial=23 generation=2 DONE=68 event-value=68
info:  MetalInterop: consumer-claimed InteropJobId=45 AppFrameId=79 slot=1 slot-serial=23 generation=2 DONE=68 metal-state=Completed-event-signaled
info:  MetalInterop: terminal InteropJobId=45 AppFrameId=79 slot=1 slot-serial=23 state=VULKAN_CONSUMED terminal-value=69 capture-to-terminal-us=21420
info:  WSI: present origin=INTERNAL_OUTPUT wsi=75 app=0 internal=12 acquire=75 image=2 generation=2
info:  MetalInterop: WSI-submit InteropJobId=45 AppFrameId=79 InternalPresentOpportunityId=45 InternalPresentId=12 WsiPresentId=75 VkPresentResult=VK_SUCCESS
info:  InternalWSI: retirement outcome=presented wsi=75 internal=12 status=VK_SUCCESS app-signals=unchanged actual-display-timing=separate
info:  InternalWSI: queued origin=INTERNAL_OUTPUT wsi=75 internal=12 app=none pattern=metal-invert InteropJobId=45 vkPresent=VK_SUCCESS
info:  InternalWSI: source-present app=80 duration-us=74 hr=0x0
info:  MetalInterop: captured InteropJobId=46 AppFrameId=80 generation=2 slot=2 slot-serial=23 history-id=8 output-id=9 READY=67 DONE=68 CONSUMED=69 copy-record-us=52
info:  MetalInterop: job-retired InteropJobId=45 AppFrameId=79 slot=1 slot-serial=23 native-job=45 semaphore-value=69 capture-to-retire-us=35344 terminal-to-retire-us=13924
info:  WSI: present origin=APPLICATION_SOURCE wsi=76 app=80 internal=0 acquire=76 image=0 generation=2
info:  MetalInterop: committed InteropJobId=46 AppFrameId=80 slot=2 slot-serial=23 native-job=46 READY=67 DONE=68 initial-job-state=1 kernel=rgb_invert_alpha_preserve ready-to-commit-us=612
info:  WSI: app-completion app=80 app-signal=deferred
info:  WSI: app-frame-latency-signal app=80 via=source-present-retirement
info:  MetalInterop: Vulkan-consumer InteropJobId=46 AppFrameId=80 InternalPresentId=13 generation=2 DONE=68 CONSUMED=69
info:  MetalInterop: Metal output ready InteropJobId=46 AppFrameId=80 slot=2 slot-serial=23 generation=2 DONE=68 event-value=68
info:  MetalInterop: consumer-claimed InteropJobId=46 AppFrameId=80 slot=2 slot-serial=23 generation=2 DONE=68 metal-state=Completed-event-signaled
info:  MetalInterop: terminal InteropJobId=46 AppFrameId=80 slot=2 slot-serial=23 state=VULKAN_CONSUMED terminal-value=69 capture-to-terminal-us=21670
info:  WSI: present origin=INTERNAL_OUTPUT wsi=77 app=0 internal=13 acquire=77 image=1 generation=2
info:  MetalInterop: WSI-submit InteropJobId=46 AppFrameId=80 InternalPresentOpportunityId=46 InternalPresentId=13 WsiPresentId=77 VkPresentResult=VK_SUCCESS
info:  InternalWSI: retirement outcome=presented wsi=77 internal=13 status=VK_SUCCESS app-signals=unchanged actual-display-timing=separate
info:  InternalWSI: queued origin=INTERNAL_OUTPUT wsi=77 internal=13 app=none pattern=metal-invert InteropJobId=46 vkPresent=VK_SUCCESS
info:  InternalWSI: source-present app=81 duration-us=76 hr=0x0
info:  MetalInterop: job-retired InteropJobId=46 AppFrameId=80 slot=2 slot-serial=23 native-job=46 semaphore-value=69 capture-to-retire-us=26649 terminal-to-retire-us=4979
info:  MetalInterop: captured InteropJobId=47 AppFrameId=81 generation=2 slot=1 slot-serial=24 history-id=6 output-id=7 READY=70 DONE=71 CONSUMED=72 copy-record-us=17
info:  WSI: present origin=APPLICATION_SOURCE wsi=78 app=81 internal=0 acquire=78 image=2 generation=2
info:  MetalInterop: committed InteropJobId=47 AppFrameId=81 slot=1 slot-serial=24 native-job=47 READY=70 DONE=71 initial-job-state=1 kernel=rgb_invert_alpha_preserve ready-to-commit-us=691
info:  WSI: app-completion app=81 app-signal=deferred
info:  WSI: app-frame-latency-signal app=81 via=source-present-retirement
info:  MetalInterop: Vulkan-consumer InteropJobId=47 AppFrameId=81 InternalPresentId=14 generation=2 DONE=71 CONSUMED=72
info:  MetalInterop: Metal output ready InteropJobId=47 AppFrameId=81 slot=1 slot-serial=24 generation=2 DONE=71 event-value=71
info:  MetalInterop: consumer-claimed InteropJobId=47 AppFrameId=81 slot=1 slot-serial=24 generation=2 DONE=71 metal-state=Completed-event-signaled
info:  MetalInterop: terminal InteropJobId=47 AppFrameId=81 slot=1 slot-serial=24 state=VULKAN_CONSUMED terminal-value=72 capture-to-terminal-us=17540
info:  WSI: present origin=INTERNAL_OUTPUT wsi=79 app=0 internal=14 acquire=79 image=0 generation=2
info:  MetalInterop: WSI-submit InteropJobId=47 AppFrameId=81 InternalPresentOpportunityId=47 InternalPresentId=14 WsiPresentId=79 VkPresentResult=VK_SUCCESS
info:  InternalWSI: retirement outcome=presented wsi=79 internal=14 status=VK_SUCCESS app-signals=unchanged actual-display-timing=separate
info:  InternalWSI: queued origin=INTERNAL_OUTPUT wsi=79 internal=14 app=none pattern=metal-invert InteropJobId=47 vkPresent=VK_SUCCESS
info:  InternalWSI: source-present app=82 duration-us=91 hr=0x0
info:  MetalInterop: captured InteropJobId=48 AppFrameId=82 generation=2 slot=2 slot-serial=24 history-id=8 output-id=9 READY=70 DONE=71 CONSUMED=72 copy-record-us=18
info:  MetalInterop: job-retired InteropJobId=47 AppFrameId=81 slot=1 slot-serial=24 native-job=47 semaphore-value=72 capture-to-retire-us=36063 terminal-to-retire-us=18523
info:  WSI: present origin=APPLICATION_SOURCE wsi=80 app=82 internal=0 acquire=80 image=1 generation=2
info:  MetalInterop: committed InteropJobId=48 AppFrameId=82 slot=2 slot-serial=24 native-job=48 READY=70 DONE=71 initial-job-state=1 kernel=rgb_invert_alpha_preserve ready-to-commit-us=807
info:  WSI: app-completion app=82 app-signal=deferred
info:  WSI: app-frame-latency-signal app=82 via=source-present-retirement
info:  MetalInterop: Vulkan-consumer InteropJobId=48 AppFrameId=82 InternalPresentId=15 generation=2 DONE=71 CONSUMED=72
info:  MetalInterop: Metal output ready InteropJobId=48 AppFrameId=82 slot=2 slot-serial=24 generation=2 DONE=71 event-value=71
info:  MetalInterop: consumer-claimed InteropJobId=48 AppFrameId=82 slot=2 slot-serial=24 generation=2 DONE=71 metal-state=Completed-event-signaled
info:  MetalInterop: terminal InteropJobId=48 AppFrameId=82 slot=2 slot-serial=24 state=VULKAN_CONSUMED terminal-value=72 capture-to-terminal-us=22200
info:  WSI: present origin=INTERNAL_OUTPUT wsi=81 app=0 internal=15 acquire=81 image=2 generation=2
info:  MetalInterop: WSI-submit InteropJobId=48 AppFrameId=82 InternalPresentOpportunityId=48 InternalPresentId=15 WsiPresentId=81 VkPresentResult=VK_SUCCESS
info:  InternalWSI: retirement outcome=presented wsi=81 internal=15 status=VK_SUCCESS app-signals=unchanged actual-display-timing=separate
info:  InternalWSI: queued origin=INTERNAL_OUTPUT wsi=81 internal=15 app=none pattern=metal-invert InteropJobId=48 vkPresent=VK_SUCCESS
info:  InternalWSI: source-present app=83 duration-us=87 hr=0x0
info:  MetalInterop: captured InteropJobId=49 AppFrameId=83 generation=2 slot=1 slot-serial=25 history-id=6 output-id=7 READY=73 DONE=74 CONSUMED=75 copy-record-us=20
info:  MetalInterop: job-retired InteropJobId=48 AppFrameId=82 slot=2 slot-serial=24 native-job=48 semaphore-value=72 capture-to-retire-us=37662 terminal-to-retire-us=15462
info:  WSI: present origin=APPLICATION_SOURCE wsi=82 app=83 internal=0 acquire=82 image=0 generation=2
info:  MetalInterop: committed InteropJobId=49 AppFrameId=83 slot=1 slot-serial=25 native-job=49 READY=73 DONE=74 initial-job-state=1 kernel=rgb_invert_alpha_preserve ready-to-commit-us=991
info:  WSI: app-completion app=83 app-signal=deferred
info:  WSI: app-frame-latency-signal app=83 via=source-present-retirement
info:  MetalInterop: Vulkan-consumer InteropJobId=49 AppFrameId=83 InternalPresentId=16 generation=2 DONE=74 CONSUMED=75
info:  MetalInterop: Metal output ready InteropJobId=49 AppFrameId=83 slot=1 slot-serial=25 generation=2 DONE=74 event-value=74
info:  MetalInterop: consumer-claimed InteropJobId=49 AppFrameId=83 slot=1 slot-serial=25 generation=2 DONE=74 metal-state=Completed-event-signaled
info:  MetalInterop: terminal InteropJobId=49 AppFrameId=83 slot=1 slot-serial=25 state=VULKAN_CONSUMED terminal-value=75 capture-to-terminal-us=22811
info:  WSI: present origin=INTERNAL_OUTPUT wsi=83 app=0 internal=16 acquire=83 image=1 generation=2
info:  MetalInterop: WSI-submit InteropJobId=49 AppFrameId=83 InternalPresentOpportunityId=49 InternalPresentId=16 WsiPresentId=83 VkPresentResult=VK_SUCCESS
info:  InternalWSI: retirement outcome=presented wsi=83 internal=16 status=VK_SUCCESS app-signals=unchanged actual-display-timing=separate
info:  InternalWSI: queued origin=INTERNAL_OUTPUT wsi=83 internal=16 app=none pattern=metal-invert InteropJobId=49 vkPresent=VK_SUCCESS
info:  InternalWSI: source-present app=84 duration-us=78 hr=0x0
info:  MetalInterop: job-retired InteropJobId=49 AppFrameId=83 slot=1 slot-serial=25 native-job=49 semaphore-value=75 capture-to-retire-us=25211 terminal-to-retire-us=2400
info:  MetalInterop: captured InteropJobId=50 AppFrameId=84 generation=2 slot=2 slot-serial=25 history-id=8 output-id=9 READY=73 DONE=74 CONSUMED=75 copy-record-us=60
info:  WSI: present origin=APPLICATION_SOURCE wsi=84 app=84 internal=0 acquire=84 image=2 generation=2
info:  MetalInterop: committed InteropJobId=50 AppFrameId=84 slot=2 slot-serial=25 native-job=50 READY=73 DONE=74 initial-job-state=1 kernel=rgb_invert_alpha_preserve ready-to-commit-us=672
info:  WSI: app-completion app=84 app-signal=deferred
info:  WSI: app-frame-latency-signal app=84 via=source-present-retirement
info:  MetalInterop: Vulkan-consumer InteropJobId=50 AppFrameId=84 InternalPresentId=17 generation=2 DONE=74 CONSUMED=75
info:  MetalInterop: Metal output ready InteropJobId=50 AppFrameId=84 slot=2 slot-serial=25 generation=2 DONE=74 event-value=74
info:  MetalInterop: consumer-claimed InteropJobId=50 AppFrameId=84 slot=2 slot-serial=25 generation=2 DONE=74 metal-state=Completed-event-signaled
info:  MetalInterop: terminal InteropJobId=50 AppFrameId=84 slot=2 slot-serial=25 state=VULKAN_CONSUMED terminal-value=75 capture-to-terminal-us=16743
info:  WSI: present origin=INTERNAL_OUTPUT wsi=85 app=0 internal=17 acquire=85 image=0 generation=2
info:  MetalInterop: WSI-submit InteropJobId=50 AppFrameId=84 InternalPresentOpportunityId=50 InternalPresentId=17 WsiPresentId=85 VkPresentResult=VK_SUCCESS
info:  InternalWSI: retirement outcome=presented wsi=85 internal=17 status=VK_SUCCESS app-signals=unchanged actual-display-timing=separate
info:  InternalWSI: queued origin=INTERNAL_OUTPUT wsi=85 internal=17 app=none pattern=metal-invert InteropJobId=50 vkPresent=VK_SUCCESS
info:  InternalWSI: source-present app=85 duration-us=171 hr=0x0
info:  MetalInterop: captured InteropJobId=51 AppFrameId=85 generation=2 slot=1 slot-serial=26 history-id=6 output-id=7 READY=76 DONE=77 CONSUMED=78 copy-record-us=29
info:  MetalInterop: job-retired InteropJobId=50 AppFrameId=84 slot=2 slot-serial=25 native-job=50 semaphore-value=75 capture-to-retire-us=41530 terminal-to-retire-us=24787
info:  WSI: present origin=APPLICATION_SOURCE wsi=86 app=85 internal=0 acquire=86 image=1 generation=2
info:  MetalInterop: committed InteropJobId=51 AppFrameId=85 slot=1 slot-serial=26 native-job=51 READY=76 DONE=77 initial-job-state=1 kernel=rgb_invert_alpha_preserve ready-to-commit-us=1100
info:  WSI: app-completion app=85 app-signal=deferred
info:  WSI: app-frame-latency-signal app=85 via=source-present-retirement
info:  MetalInterop: Vulkan-consumer InteropJobId=51 AppFrameId=85 InternalPresentId=18 generation=2 DONE=77 CONSUMED=78
info:  MetalInterop: Metal output ready InteropJobId=51 AppFrameId=85 slot=1 slot-serial=26 generation=2 DONE=77 event-value=77
info:  MetalInterop: consumer-claimed InteropJobId=51 AppFrameId=85 slot=1 slot-serial=26 generation=2 DONE=77 metal-state=Completed-event-signaled
info:  MetalInterop: terminal InteropJobId=51 AppFrameId=85 slot=1 slot-serial=26 state=VULKAN_CONSUMED terminal-value=78 capture-to-terminal-us=25417
info:  WSI: present origin=INTERNAL_OUTPUT wsi=87 app=0 internal=18 acquire=87 image=2 generation=2
info:  MetalInterop: WSI-submit InteropJobId=51 AppFrameId=85 InternalPresentOpportunityId=51 InternalPresentId=18 WsiPresentId=87 VkPresentResult=VK_SUCCESS
info:  InternalWSI: retirement outcome=presented wsi=87 internal=18 status=VK_SUCCESS app-signals=unchanged actual-display-timing=separate
info:  InternalWSI: queued origin=INTERNAL_OUTPUT wsi=87 internal=18 app=none pattern=metal-invert InteropJobId=51 vkPresent=VK_SUCCESS
info:  InternalWSI: source-present app=86 duration-us=112 hr=0x0
info:  MetalInterop: job-retired InteropJobId=51 AppFrameId=85 slot=1 slot-serial=26 native-job=51 semaphore-value=78 capture-to-retire-us=26593 terminal-to-retire-us=1176
info:  MetalInterop: captured InteropJobId=52 AppFrameId=86 generation=2 slot=1 slot-serial=27 history-id=6 output-id=7 READY=79 DONE=80 CONSUMED=81 copy-record-us=25
info:  WSI: present origin=APPLICATION_SOURCE wsi=88 app=86 internal=0 acquire=88 image=0 generation=2
info:  MetalInterop: committed InteropJobId=52 AppFrameId=86 slot=1 slot-serial=27 native-job=52 READY=79 DONE=80 initial-job-state=1 kernel=rgb_invert_alpha_preserve ready-to-commit-us=783
info:  WSI: app-completion app=86 app-signal=deferred
info:  WSI: app-frame-latency-signal app=86 via=source-present-retirement
info:  MetalInterop: Vulkan-consumer InteropJobId=52 AppFrameId=86 InternalPresentId=19 generation=2 DONE=80 CONSUMED=81
info:  MetalInterop: Metal output ready InteropJobId=52 AppFrameId=86 slot=1 slot-serial=27 generation=2 DONE=80 event-value=80
info:  MetalInterop: consumer-claimed InteropJobId=52 AppFrameId=86 slot=1 slot-serial=27 generation=2 DONE=80 metal-state=Completed-event-signaled
info:  MetalInterop: terminal InteropJobId=52 AppFrameId=86 slot=1 slot-serial=27 state=VULKAN_CONSUMED terminal-value=81 capture-to-terminal-us=17856
info:  WSI: present origin=INTERNAL_OUTPUT wsi=89 app=0 internal=19 acquire=89 image=1 generation=2
info:  MetalInterop: WSI-submit InteropJobId=52 AppFrameId=86 InternalPresentOpportunityId=52 InternalPresentId=19 WsiPresentId=89 VkPresentResult=VK_SUCCESS
info:  InternalWSI: retirement outcome=presented wsi=89 internal=19 status=VK_SUCCESS app-signals=unchanged actual-display-timing=separate
info:  InternalWSI: queued origin=INTERNAL_OUTPUT wsi=89 internal=19 app=none pattern=metal-invert InteropJobId=52 vkPresent=VK_SUCCESS
info:  InternalWSI: source-present app=87 duration-us=156 hr=0x0
info:  MetalInterop: captured InteropJobId=53 AppFrameId=87 generation=2 slot=2 slot-serial=26 history-id=8 output-id=9 READY=76 DONE=77 CONSUMED=78 copy-record-us=25
info:  MetalInterop: job-retired InteropJobId=52 AppFrameId=86 slot=1 slot-serial=27 native-job=52 semaphore-value=81 capture-to-retire-us=40223 terminal-to-retire-us=22367
info:  WSI: present origin=APPLICATION_SOURCE wsi=90 app=87 internal=0 acquire=90 image=2 generation=2
info:  MetalInterop: committed InteropJobId=53 AppFrameId=87 slot=2 slot-serial=26 native-job=53 READY=76 DONE=77 initial-job-state=1 kernel=rgb_invert_alpha_preserve ready-to-commit-us=1044
info:  WSI: app-completion app=87 app-signal=deferred
info:  WSI: app-frame-latency-signal app=87 via=source-present-retirement
info:  MetalInterop: Vulkan-consumer InteropJobId=53 AppFrameId=87 InternalPresentId=20 generation=2 DONE=77 CONSUMED=78
info:  MetalInterop: Metal output ready InteropJobId=53 AppFrameId=87 slot=2 slot-serial=26 generation=2 DONE=77 event-value=77
info:  MetalInterop: consumer-claimed InteropJobId=53 AppFrameId=87 slot=2 slot-serial=26 generation=2 DONE=77 metal-state=Completed-event-signaled
info:  MetalInterop: terminal InteropJobId=53 AppFrameId=87 slot=2 slot-serial=26 state=VULKAN_CONSUMED terminal-value=78 capture-to-terminal-us=25151
info:  WSI: present origin=INTERNAL_OUTPUT wsi=91 app=0 internal=20 acquire=91 image=0 generation=2
info:  MetalInterop: WSI-submit InteropJobId=53 AppFrameId=87 InternalPresentOpportunityId=53 InternalPresentId=20 WsiPresentId=91 VkPresentResult=VK_SUCCESS
info:  InternalWSI: retirement outcome=presented wsi=91 internal=20 status=VK_SUCCESS app-signals=unchanged actual-display-timing=separate
info:  InternalWSI: queued origin=INTERNAL_OUTPUT wsi=91 internal=20 app=none pattern=metal-invert InteropJobId=53 vkPresent=VK_SUCCESS
info:  InternalWSI: source-present app=88 duration-us=116 hr=0x0
info:  MetalInterop: captured InteropJobId=54 AppFrameId=88 generation=2 slot=1 slot-serial=28 history-id=6 output-id=7 READY=82 DONE=83 CONSUMED=84 copy-record-us=25
info:  MetalInterop: job-retired InteropJobId=53 AppFrameId=87 slot=2 slot-serial=26 native-job=53 semaphore-value=78 capture-to-retire-us=33334 terminal-to-retire-us=8183
info:  WSI: present origin=APPLICATION_SOURCE wsi=92 app=88 internal=0 acquire=92 image=1 generation=2
info:  MetalInterop: committed InteropJobId=54 AppFrameId=88 slot=1 slot-serial=28 native-job=54 READY=82 DONE=83 initial-job-state=1 kernel=rgb_invert_alpha_preserve ready-to-commit-us=806
info:  WSI: app-completion app=88 app-signal=deferred
info:  WSI: app-frame-latency-signal app=88 via=source-present-retirement
info:  MetalInterop: Vulkan-consumer InteropJobId=54 AppFrameId=88 InternalPresentId=21 generation=2 DONE=83 CONSUMED=84
info:  MetalInterop: Metal output ready InteropJobId=54 AppFrameId=88 slot=1 slot-serial=28 generation=2 DONE=83 event-value=83
info:  MetalInterop: consumer-claimed InteropJobId=54 AppFrameId=88 slot=1 slot-serial=28 generation=2 DONE=83 metal-state=Completed-event-signaled
info:  MetalInterop: terminal InteropJobId=54 AppFrameId=88 slot=1 slot-serial=28 state=VULKAN_CONSUMED terminal-value=84 capture-to-terminal-us=19433
info:  WSI: present origin=INTERNAL_OUTPUT wsi=93 app=0 internal=21 acquire=93 image=2 generation=2
info:  MetalInterop: WSI-submit InteropJobId=54 AppFrameId=88 InternalPresentOpportunityId=54 InternalPresentId=21 WsiPresentId=93 VkPresentResult=VK_SUCCESS
info:  InternalWSI: retirement outcome=presented wsi=93 internal=21 status=VK_SUCCESS app-signals=unchanged actual-display-timing=separate
info:  InternalWSI: queued origin=INTERNAL_OUTPUT wsi=93 internal=21 app=none pattern=metal-invert InteropJobId=54 vkPresent=VK_SUCCESS
info:  InternalWSI: source-present app=89 duration-us=104 hr=0x0
info:  MetalInterop: captured InteropJobId=55 AppFrameId=89 generation=2 slot=2 slot-serial=27 history-id=8 output-id=9 READY=79 DONE=80 CONSUMED=81 copy-record-us=22
info:  MetalInterop: job-retired InteropJobId=54 AppFrameId=88 slot=1 slot-serial=28 native-job=54 semaphore-value=84 capture-to-retire-us=26599 terminal-to-retire-us=7166
info:  WSI: present origin=APPLICATION_SOURCE wsi=94 app=89 internal=0 acquire=94 image=0 generation=2
info:  MetalInterop: committed InteropJobId=55 AppFrameId=89 slot=2 slot-serial=27 native-job=55 READY=79 DONE=80 initial-job-state=1 kernel=rgb_invert_alpha_preserve ready-to-commit-us=759
info:  WSI: app-completion app=89 app-signal=deferred
info:  WSI: app-frame-latency-signal app=89 via=source-present-retirement
info:  MetalInterop: Vulkan-consumer InteropJobId=55 AppFrameId=89 InternalPresentId=22 generation=2 DONE=80 CONSUMED=81
info:  MetalInterop: Metal output ready InteropJobId=55 AppFrameId=89 slot=2 slot-serial=27 generation=2 DONE=80 event-value=80
info:  MetalInterop: consumer-claimed InteropJobId=55 AppFrameId=89 slot=2 slot-serial=27 generation=2 DONE=80 metal-state=Completed-event-signaled
info:  MetalInterop: terminal InteropJobId=55 AppFrameId=89 slot=2 slot-serial=27 state=VULKAN_CONSUMED terminal-value=81 capture-to-terminal-us=17733
info:  WSI: present origin=INTERNAL_OUTPUT wsi=95 app=0 internal=22 acquire=95 image=1 generation=2
info:  MetalInterop: WSI-submit InteropJobId=55 AppFrameId=89 InternalPresentOpportunityId=55 InternalPresentId=22 WsiPresentId=95 VkPresentResult=VK_SUCCESS
info:  InternalWSI: retirement outcome=presented wsi=95 internal=22 status=VK_SUCCESS app-signals=unchanged actual-display-timing=separate
info:  InternalWSI: queued origin=INTERNAL_OUTPUT wsi=95 internal=22 app=none pattern=metal-invert InteropJobId=55 vkPresent=VK_SUCCESS
info:  InternalWSI: source-present app=90 duration-us=172 hr=0x0
info:  MetalInterop: captured InteropJobId=56 AppFrameId=90 generation=2 slot=1 slot-serial=29 history-id=6 output-id=7 READY=85 DONE=86 CONSUMED=87 copy-record-us=159
info:  MetalInterop: job-retired InteropJobId=55 AppFrameId=89 slot=2 slot-serial=27 native-job=55 semaphore-value=81 capture-to-retire-us=36553 terminal-to-retire-us=18820
info:  WSI: present origin=APPLICATION_SOURCE wsi=96 app=90 internal=0 acquire=96 image=2 generation=2
info:  MetalInterop: committed InteropJobId=56 AppFrameId=90 slot=1 slot-serial=29 native-job=56 READY=85 DONE=86 initial-job-state=1 kernel=rgb_invert_alpha_preserve ready-to-commit-us=984
info:  WSI: app-completion app=90 app-signal=deferred
info:  WSI: app-frame-latency-signal app=90 via=source-present-retirement
info:  MetalInterop: Vulkan-consumer InteropJobId=56 AppFrameId=90 InternalPresentId=23 generation=2 DONE=86 CONSUMED=87
info:  MetalInterop: Metal output ready InteropJobId=56 AppFrameId=90 slot=1 slot-serial=29 generation=2 DONE=86 event-value=86
info:  MetalInterop: consumer-claimed InteropJobId=56 AppFrameId=90 slot=1 slot-serial=29 generation=2 DONE=86 metal-state=Completed-event-signaled
info:  MetalInterop: terminal InteropJobId=56 AppFrameId=90 slot=1 slot-serial=29 state=VULKAN_CONSUMED terminal-value=87 capture-to-terminal-us=23298
info:  WSI: present origin=INTERNAL_OUTPUT wsi=97 app=0 internal=23 acquire=97 image=0 generation=2
info:  MetalInterop: WSI-submit InteropJobId=56 AppFrameId=90 InternalPresentOpportunityId=56 InternalPresentId=23 WsiPresentId=97 VkPresentResult=VK_SUCCESS
info:  InternalWSI: retirement outcome=presented wsi=97 internal=23 status=VK_SUCCESS app-signals=unchanged actual-display-timing=separate
info:  InternalWSI: queued origin=INTERNAL_OUTPUT wsi=97 internal=23 app=none pattern=metal-invert InteropJobId=56 vkPresent=VK_SUCCESS
info:  InternalWSI: source-present app=91 duration-us=126 hr=0x0
info:  MetalInterop: job-retired InteropJobId=56 AppFrameId=90 slot=1 slot-serial=29 native-job=56 semaphore-value=87 capture-to-retire-us=37264 terminal-to-retire-us=13966
info:  MetalInterop: captured InteropJobId=57 AppFrameId=91 generation=2 slot=2 slot-serial=28 history-id=8 output-id=9 READY=82 DONE=83 CONSUMED=84 copy-record-us=30
info:  WSI: present origin=APPLICATION_SOURCE wsi=98 app=91 internal=0 acquire=98 image=1 generation=2
info:  MetalInterop: committed InteropJobId=57 AppFrameId=91 slot=2 slot-serial=28 native-job=57 READY=82 DONE=83 initial-job-state=1 kernel=rgb_invert_alpha_preserve ready-to-commit-us=800
info:  WSI: app-completion app=91 app-signal=deferred
info:  WSI: app-frame-latency-signal app=91 via=source-present-retirement
info:  MetalInterop: Vulkan-consumer InteropJobId=57 AppFrameId=91 InternalPresentId=24 generation=2 DONE=83 CONSUMED=84
info:  MetalInterop: Metal output ready InteropJobId=57 AppFrameId=91 slot=2 slot-serial=28 generation=2 DONE=83 event-value=83
info:  MetalInterop: consumer-claimed InteropJobId=57 AppFrameId=91 slot=2 slot-serial=28 generation=2 DONE=83 metal-state=Completed-event-signaled
info:  MetalInterop: terminal InteropJobId=57 AppFrameId=91 slot=2 slot-serial=28 state=VULKAN_CONSUMED terminal-value=84 capture-to-terminal-us=20813
info:  WSI: present origin=INTERNAL_OUTPUT wsi=99 app=0 internal=24 acquire=99 image=2 generation=2
info:  MetalInterop: WSI-submit InteropJobId=57 AppFrameId=91 InternalPresentOpportunityId=57 InternalPresentId=24 WsiPresentId=99 VkPresentResult=VK_SUCCESS
info:  InternalWSI: retirement outcome=presented wsi=99 internal=24 status=VK_SUCCESS app-signals=unchanged actual-display-timing=separate
info:  InternalWSI: queued origin=INTERNAL_OUTPUT wsi=99 internal=24 app=none pattern=metal-invert InteropJobId=57 vkPresent=VK_SUCCESS
info:  InternalWSI: source-present app=92 duration-us=75 hr=0x0
info:  MetalInterop: captured InteropJobId=58 AppFrameId=92 generation=2 slot=1 slot-serial=30 history-id=6 output-id=7 READY=88 DONE=89 CONSUMED=90 copy-record-us=76
info:  MetalInterop: job-retired InteropJobId=57 AppFrameId=91 slot=2 slot-serial=28 native-job=57 semaphore-value=84 capture-to-retire-us=26515 terminal-to-retire-us=5702
info:  WSI: present origin=APPLICATION_SOURCE wsi=100 app=92 internal=0 acquire=100 image=0 generation=2
info:  MetalInterop: committed InteropJobId=58 AppFrameId=92 slot=1 slot-serial=30 native-job=58 READY=88 DONE=89 initial-job-state=1 kernel=rgb_invert_alpha_preserve ready-to-commit-us=643
info:  WSI: app-completion app=92 app-signal=deferred
info:  WSI: app-frame-latency-signal app=92 via=source-present-retirement
info:  MetalInterop: Vulkan-consumer InteropJobId=58 AppFrameId=92 InternalPresentId=25 generation=2 DONE=89 CONSUMED=90
info:  MetalInterop: Metal output ready InteropJobId=58 AppFrameId=92 slot=1 slot-serial=30 generation=2 DONE=89 event-value=89
info:  MetalInterop: consumer-claimed InteropJobId=58 AppFrameId=92 slot=1 slot-serial=30 generation=2 DONE=89 metal-state=Completed-event-signaled
info:  MetalInterop: terminal InteropJobId=58 AppFrameId=92 slot=1 slot-serial=30 state=VULKAN_CONSUMED terminal-value=90 capture-to-terminal-us=16782
info:  WSI: present origin=INTERNAL_OUTPUT wsi=101 app=0 internal=25 acquire=101 image=1 generation=2
info:  MetalInterop: WSI-submit InteropJobId=58 AppFrameId=92 InternalPresentOpportunityId=58 InternalPresentId=25 WsiPresentId=101 VkPresentResult=VK_SUCCESS
info:  InternalWSI: retirement outcome=presented wsi=101 internal=25 status=VK_SUCCESS app-signals=unchanged actual-display-timing=separate
info:  InternalWSI: queued origin=INTERNAL_OUTPUT wsi=101 internal=25 app=none pattern=metal-invert InteropJobId=58 vkPresent=VK_SUCCESS
info:  InternalWSI: source-present app=93 duration-us=93 hr=0x0
info:  MetalInterop: captured InteropJobId=59 AppFrameId=93 generation=2 slot=2 slot-serial=29 history-id=8 output-id=9 READY=85 DONE=86 CONSUMED=87 copy-record-us=63
info:  MetalInterop: job-retired InteropJobId=58 AppFrameId=92 slot=1 slot-serial=30 native-job=58 semaphore-value=90 capture-to-retire-us=38062 terminal-to-retire-us=21280
info:  WSI: present origin=APPLICATION_SOURCE wsi=102 app=93 internal=0 acquire=102 image=2 generation=2
info:  MetalInterop: committed InteropJobId=59 AppFrameId=93 slot=2 slot-serial=29 native-job=59 READY=85 DONE=86 initial-job-state=1 kernel=rgb_invert_alpha_preserve ready-to-commit-us=736
info:  WSI: app-completion app=93 app-signal=deferred
info:  WSI: app-frame-latency-signal app=93 via=source-present-retirement
info:  MetalInterop: Vulkan-consumer InteropJobId=59 AppFrameId=93 InternalPresentId=26 generation=2 DONE=86 CONSUMED=87
info:  MetalInterop: Metal output ready InteropJobId=59 AppFrameId=93 slot=2 slot-serial=29 generation=2 DONE=86 event-value=86
info:  MetalInterop: consumer-claimed InteropJobId=59 AppFrameId=93 slot=2 slot-serial=29 generation=2 DONE=86 metal-state=Completed-event-signaled
info:  MetalInterop: terminal InteropJobId=59 AppFrameId=93 slot=2 slot-serial=29 state=VULKAN_CONSUMED terminal-value=87 capture-to-terminal-us=22496
info:  WSI: present origin=INTERNAL_OUTPUT wsi=103 app=0 internal=26 acquire=103 image=0 generation=2
info:  MetalInterop: WSI-submit InteropJobId=59 AppFrameId=93 InternalPresentOpportunityId=59 InternalPresentId=26 WsiPresentId=103 VkPresentResult=VK_SUCCESS
info:  InternalWSI: retirement outcome=presented wsi=103 internal=26 status=VK_SUCCESS app-signals=unchanged actual-display-timing=separate
info:  InternalWSI: queued origin=INTERNAL_OUTPUT wsi=103 internal=26 app=none pattern=metal-invert InteropJobId=59 vkPresent=VK_SUCCESS
info:  InternalWSI: source-present app=94 duration-us=72 hr=0x0
info:  MetalInterop: job-retired InteropJobId=59 AppFrameId=93 slot=2 slot-serial=29 native-job=59 semaphore-value=87 capture-to-retire-us=33610 terminal-to-retire-us=11114
info:  MetalInterop: captured InteropJobId=60 AppFrameId=94 generation=2 slot=1 slot-serial=31 history-id=6 output-id=7 READY=91 DONE=92 CONSUMED=93 copy-record-us=45
info:  WSI: present origin=APPLICATION_SOURCE wsi=104 app=94 internal=0 acquire=104 image=1 generation=2
info:  MetalInterop: committed InteropJobId=60 AppFrameId=94 slot=1 slot-serial=31 native-job=60 READY=91 DONE=92 initial-job-state=1 kernel=rgb_invert_alpha_preserve ready-to-commit-us=625
info:  WSI: app-completion app=94 app-signal=deferred
info:  WSI: app-frame-latency-signal app=94 via=source-present-retirement
info:  MetalInterop: Vulkan-consumer InteropJobId=60 AppFrameId=94 InternalPresentId=27 generation=2 DONE=92 CONSUMED=93
info:  MetalInterop: Metal output ready InteropJobId=60 AppFrameId=94 slot=1 slot-serial=31 generation=2 DONE=92 event-value=92
info:  MetalInterop: consumer-claimed InteropJobId=60 AppFrameId=94 slot=1 slot-serial=31 generation=2 DONE=92 metal-state=Completed-event-signaled
info:  MetalInterop: terminal InteropJobId=60 AppFrameId=94 slot=1 slot-serial=31 state=VULKAN_CONSUMED terminal-value=93 capture-to-terminal-us=20403
info:  WSI: present origin=INTERNAL_OUTPUT wsi=105 app=0 internal=27 acquire=105 image=2 generation=2
info:  MetalInterop: WSI-submit InteropJobId=60 AppFrameId=94 InternalPresentOpportunityId=60 InternalPresentId=27 WsiPresentId=105 VkPresentResult=VK_SUCCESS
info:  InternalWSI: retirement outcome=presented wsi=105 internal=27 status=VK_SUCCESS app-signals=unchanged actual-display-timing=separate
info:  InternalWSI: queued origin=INTERNAL_OUTPUT wsi=105 internal=27 app=none pattern=metal-invert InteropJobId=60 vkPresent=VK_SUCCESS
info:  InternalWSI: source-present app=95 duration-us=81 hr=0x0
info:  MetalInterop: job-retired InteropJobId=60 AppFrameId=94 slot=1 slot-serial=31 native-job=60 semaphore-value=93 capture-to-retire-us=28506 terminal-to-retire-us=8103
info:  MetalInterop: captured InteropJobId=61 AppFrameId=95 generation=2 slot=2 slot-serial=30 history-id=8 output-id=9 READY=88 DONE=89 CONSUMED=90 copy-record-us=75
info:  WSI: present origin=APPLICATION_SOURCE wsi=106 app=95 internal=0 acquire=106 image=0 generation=2
info:  MetalInterop: committed InteropJobId=61 AppFrameId=95 slot=2 slot-serial=30 native-job=61 READY=88 DONE=89 initial-job-state=1 kernel=rgb_invert_alpha_preserve ready-to-commit-us=899
info:  WSI: app-completion app=95 app-signal=deferred
info:  WSI: app-frame-latency-signal app=95 via=source-present-retirement
info:  MetalInterop: Vulkan-consumer InteropJobId=61 AppFrameId=95 InternalPresentId=28 generation=2 DONE=89 CONSUMED=90
info:  MetalInterop: Metal output ready InteropJobId=61 AppFrameId=95 slot=2 slot-serial=30 generation=2 DONE=89 event-value=89
info:  MetalInterop: consumer-claimed InteropJobId=61 AppFrameId=95 slot=2 slot-serial=30 generation=2 DONE=89 metal-state=Completed-event-signaled
info:  MetalInterop: terminal InteropJobId=61 AppFrameId=95 slot=2 slot-serial=30 state=VULKAN_CONSUMED terminal-value=90 capture-to-terminal-us=17749
info:  WSI: present origin=INTERNAL_OUTPUT wsi=107 app=0 internal=28 acquire=107 image=1 generation=2
info:  MetalInterop: WSI-submit InteropJobId=61 AppFrameId=95 InternalPresentOpportunityId=61 InternalPresentId=28 WsiPresentId=107 VkPresentResult=VK_SUCCESS
info:  InternalWSI: retirement outcome=presented wsi=107 internal=28 status=VK_SUCCESS app-signals=unchanged actual-display-timing=separate
info:  InternalWSI: queued origin=INTERNAL_OUTPUT wsi=107 internal=28 app=none pattern=metal-invert InteropJobId=61 vkPresent=VK_SUCCESS
info:  InternalWSI: source-present app=96 duration-us=183 hr=0x0
info:  MetalInterop: captured InteropJobId=62 AppFrameId=96 generation=2 slot=1 slot-serial=32 history-id=6 output-id=7 READY=94 DONE=95 CONSUMED=96 copy-record-us=143
info:  MetalInterop: job-retired InteropJobId=61 AppFrameId=95 slot=2 slot-serial=30 native-job=61 semaphore-value=90 capture-to-retire-us=40682 terminal-to-retire-us=22933
info:  WSI: present origin=APPLICATION_SOURCE wsi=108 app=96 internal=0 acquire=108 image=2 generation=2
info:  MetalInterop: committed InteropJobId=62 AppFrameId=96 slot=1 slot-serial=32 native-job=62 READY=94 DONE=95 initial-job-state=1 kernel=rgb_invert_alpha_preserve ready-to-commit-us=1132
info:  WSI: app-completion app=96 app-signal=deferred
info:  WSI: app-frame-latency-signal app=96 via=source-present-retirement
info:  MetalInterop: Vulkan-consumer InteropJobId=62 AppFrameId=96 InternalPresentId=29 generation=2 DONE=95 CONSUMED=96
info:  MetalInterop: Metal output ready InteropJobId=62 AppFrameId=96 slot=1 slot-serial=32 generation=2 DONE=95 event-value=95
info:  MetalInterop: consumer-claimed InteropJobId=62 AppFrameId=96 slot=1 slot-serial=32 generation=2 DONE=95 metal-state=Completed-event-signaled
info:  MetalInterop: terminal InteropJobId=62 AppFrameId=96 slot=1 slot-serial=32 state=VULKAN_CONSUMED terminal-value=96 capture-to-terminal-us=25483
info:  WSI: present origin=INTERNAL_OUTPUT wsi=109 app=0 internal=29 acquire=109 image=0 generation=2
info:  MetalInterop: WSI-submit InteropJobId=62 AppFrameId=96 InternalPresentOpportunityId=62 InternalPresentId=29 WsiPresentId=109 VkPresentResult=VK_SUCCESS
info:  InternalWSI: retirement outcome=presented wsi=109 internal=29 status=VK_SUCCESS app-signals=unchanged actual-display-timing=separate
info:  InternalWSI: queued origin=INTERNAL_OUTPUT wsi=109 internal=29 app=none pattern=metal-invert InteropJobId=62 vkPresent=VK_SUCCESS
info:  InternalWSI: source-present app=97 duration-us=125 hr=0x0
info:  MetalInterop: job-retired InteropJobId=62 AppFrameId=96 slot=1 slot-serial=32 native-job=62 semaphore-value=96 capture-to-retire-us=26369 terminal-to-retire-us=886
info:  MetalInterop: captured InteropJobId=63 AppFrameId=97 generation=2 slot=1 slot-serial=33 history-id=6 output-id=7 READY=97 DONE=98 CONSUMED=99 copy-record-us=25
info:  WSI: present origin=APPLICATION_SOURCE wsi=110 app=97 internal=0 acquire=110 image=1 generation=2
info:  MetalInterop: committed InteropJobId=63 AppFrameId=97 slot=1 slot-serial=33 native-job=63 READY=97 DONE=98 initial-job-state=1 kernel=rgb_invert_alpha_preserve ready-to-commit-us=894
info:  WSI: app-completion app=97 app-signal=deferred
info:  WSI: app-frame-latency-signal app=97 via=source-present-retirement
info:  MetalInterop: Vulkan-consumer InteropJobId=63 AppFrameId=97 InternalPresentId=30 generation=2 DONE=98 CONSUMED=99
info:  MetalInterop: Metal output ready InteropJobId=63 AppFrameId=97 slot=1 slot-serial=33 generation=2 DONE=98 event-value=98
info:  MetalInterop: consumer-claimed InteropJobId=63 AppFrameId=97 slot=1 slot-serial=33 generation=2 DONE=98 metal-state=Completed-event-signaled
info:  MetalInterop: terminal InteropJobId=63 AppFrameId=97 slot=1 slot-serial=33 state=VULKAN_CONSUMED terminal-value=99 capture-to-terminal-us=17181
info:  WSI: present origin=INTERNAL_OUTPUT wsi=111 app=0 internal=30 acquire=111 image=2 generation=2
info:  MetalInterop: WSI-submit InteropJobId=63 AppFrameId=97 InternalPresentOpportunityId=63 InternalPresentId=30 WsiPresentId=111 VkPresentResult=VK_SUCCESS
info:  InternalWSI: retirement outcome=presented wsi=111 internal=30 status=VK_SUCCESS app-signals=unchanged actual-display-timing=separate
info:  InternalWSI: queued origin=INTERNAL_OUTPUT wsi=111 internal=30 app=none pattern=metal-invert InteropJobId=63 vkPresent=VK_SUCCESS
info:  InternalWSI: source-present app=98 duration-us=140 hr=0x0
info:  MetalInterop: captured InteropJobId=64 AppFrameId=98 generation=2 slot=2 slot-serial=31 history-id=8 output-id=9 READY=91 DONE=92 CONSUMED=93 copy-record-us=28
info:  MetalInterop: job-retired InteropJobId=63 AppFrameId=97 slot=1 slot-serial=33 native-job=63 semaphore-value=99 capture-to-retire-us=40183 terminal-to-retire-us=23002
info:  WSI: present origin=APPLICATION_SOURCE wsi=112 app=98 internal=0 acquire=112 image=0 generation=2
info:  MetalInterop: committed InteropJobId=64 AppFrameId=98 slot=2 slot-serial=31 native-job=64 READY=91 DONE=92 initial-job-state=1 kernel=rgb_invert_alpha_preserve ready-to-commit-us=1207
info:  WSI: app-completion app=98 app-signal=deferred
info:  WSI: app-frame-latency-signal app=98 via=source-present-retirement
info:  MetalInterop: Vulkan-consumer InteropJobId=64 AppFrameId=98 InternalPresentId=31 generation=2 DONE=92 CONSUMED=93
info:  MetalInterop: Metal output ready InteropJobId=64 AppFrameId=98 slot=2 slot-serial=31 generation=2 DONE=92 event-value=92
info:  MetalInterop: consumer-claimed InteropJobId=64 AppFrameId=98 slot=2 slot-serial=31 generation=2 DONE=92 metal-state=Completed-event-signaled
info:  MetalInterop: terminal InteropJobId=64 AppFrameId=98 slot=2 slot-serial=31 state=VULKAN_CONSUMED terminal-value=93 capture-to-terminal-us=25148
info:  WSI: present origin=INTERNAL_OUTPUT wsi=113 app=0 internal=31 acquire=113 image=1 generation=2
info:  MetalInterop: WSI-submit InteropJobId=64 AppFrameId=98 InternalPresentOpportunityId=64 InternalPresentId=31 WsiPresentId=113 VkPresentResult=VK_SUCCESS
info:  InternalWSI: retirement outcome=presented wsi=113 internal=31 status=VK_SUCCESS app-signals=unchanged actual-display-timing=separate
info:  InternalWSI: source-present app=99 duration-us=572 hr=0x0
info:  InternalWSI: queued origin=INTERNAL_OUTPUT wsi=113 internal=31 app=none pattern=metal-invert InteropJobId=64 vkPresent=VK_SUCCESS
info:  MetalInterop: captured InteropJobId=65 AppFrameId=99 generation=2 slot=1 slot-serial=34 history-id=6 output-id=7 READY=100 DONE=101 CONSUMED=102 copy-record-us=30
info:  MetalInterop: job-retired InteropJobId=64 AppFrameId=98 slot=2 slot-serial=31 native-job=64 semaphore-value=93 capture-to-retire-us=25617 terminal-to-retire-us=469
info:  WSI: present origin=APPLICATION_SOURCE wsi=114 app=99 internal=0 acquire=114 image=2 generation=2
info:  MetalInterop: committed InteropJobId=65 AppFrameId=99 slot=1 slot-serial=34 native-job=65 READY=100 DONE=101 initial-job-state=1 kernel=rgb_invert_alpha_preserve ready-to-commit-us=732
info:  WSI: app-completion app=99 app-signal=deferred
info:  WSI: app-frame-latency-signal app=99 via=source-present-retirement
info:  MetalInterop: Vulkan-consumer InteropJobId=65 AppFrameId=99 InternalPresentId=32 generation=2 DONE=101 CONSUMED=102
info:  MetalInterop: Metal output ready InteropJobId=65 AppFrameId=99 slot=1 slot-serial=34 generation=2 DONE=101 event-value=101
info:  MetalInterop: consumer-claimed InteropJobId=65 AppFrameId=99 slot=1 slot-serial=34 generation=2 DONE=101 metal-state=Completed-event-signaled
info:  MetalInterop: terminal InteropJobId=65 AppFrameId=99 slot=1 slot-serial=34 state=VULKAN_CONSUMED terminal-value=102 capture-to-terminal-us=16780
info:  WSI: present origin=INTERNAL_OUTPUT wsi=115 app=0 internal=32 acquire=115 image=0 generation=2
info:  MetalInterop: WSI-submit InteropJobId=65 AppFrameId=99 InternalPresentOpportunityId=65 InternalPresentId=32 WsiPresentId=115 VkPresentResult=VK_SUCCESS
info:  InternalWSI: retirement outcome=presented wsi=115 internal=32 status=VK_SUCCESS app-signals=unchanged actual-display-timing=separate
info:  InternalWSI: queued origin=INTERNAL_OUTPUT wsi=115 internal=32 app=none pattern=metal-invert InteropJobId=65 vkPresent=VK_SUCCESS
info:  InternalWSI: source-present app=100 duration-us=100 hr=0x0
info:  MetalInterop: captured InteropJobId=66 AppFrameId=100 generation=2 slot=2 slot-serial=32 history-id=8 output-id=9 READY=94 DONE=95 CONSUMED=96 copy-record-us=18
info:  MetalInterop: job-retired InteropJobId=65 AppFrameId=99 slot=1 slot-serial=34 native-job=65 semaphore-value=102 capture-to-retire-us=41128 terminal-to-retire-us=24348
info:  WSI: present origin=APPLICATION_SOURCE wsi=116 app=100 internal=0 acquire=116 image=1 generation=2
info:  MetalInterop: committed InteropJobId=66 AppFrameId=100 slot=2 slot-serial=32 native-job=66 READY=94 DONE=95 initial-job-state=1 kernel=rgb_invert_alpha_preserve ready-to-commit-us=741
info:  WSI: app-completion app=100 app-signal=deferred
info:  WSI: app-frame-latency-signal app=100 via=source-present-retirement
info:  MetalInterop: Vulkan-consumer InteropJobId=66 AppFrameId=100 InternalPresentId=33 generation=2 DONE=95 CONSUMED=96
info:  MetalInterop: Metal output ready InteropJobId=66 AppFrameId=100 slot=2 slot-serial=32 generation=2 DONE=95 event-value=95
info:  MetalInterop: consumer-claimed InteropJobId=66 AppFrameId=100 slot=2 slot-serial=32 generation=2 DONE=95 metal-state=Completed-event-signaled
info:  MetalInterop: terminal InteropJobId=66 AppFrameId=100 slot=2 slot-serial=32 state=VULKAN_CONSUMED terminal-value=96 capture-to-terminal-us=24536
info:  WSI: present origin=INTERNAL_OUTPUT wsi=117 app=0 internal=33 acquire=117 image=2 generation=2
info:  MetalInterop: WSI-submit InteropJobId=66 AppFrameId=100 InternalPresentOpportunityId=66 InternalPresentId=33 WsiPresentId=117 VkPresentResult=VK_SUCCESS
info:  InternalWSI: retirement outcome=presented wsi=117 internal=33 status=VK_SUCCESS app-signals=unchanged actual-display-timing=separate
info:  InternalWSI: queued origin=INTERNAL_OUTPUT wsi=117 internal=33 app=none pattern=metal-invert InteropJobId=66 vkPresent=VK_SUCCESS
info:  InternalWSI: source-present app=101 duration-us=77 hr=0x0
info:  MetalInterop: captured InteropJobId=67 AppFrameId=101 generation=2 slot=1 slot-serial=35 history-id=6 output-id=7 READY=103 DONE=104 CONSUMED=105 copy-record-us=16
info:  MetalInterop: job-retired InteropJobId=66 AppFrameId=100 slot=2 slot-serial=32 native-job=66 semaphore-value=96 capture-to-retire-us=33405 terminal-to-retire-us=8869
info:  WSI: present origin=APPLICATION_SOURCE wsi=118 app=101 internal=0 acquire=118 image=0 generation=2
info:  MetalInterop: committed InteropJobId=67 AppFrameId=101 slot=1 slot-serial=35 native-job=67 READY=103 DONE=104 initial-job-state=1 kernel=rgb_invert_alpha_preserve ready-to-commit-us=697
info:  WSI: app-completion app=101 app-signal=deferred
info:  WSI: app-frame-latency-signal app=101 via=source-present-retirement
info:  MetalInterop: Vulkan-consumer InteropJobId=67 AppFrameId=101 InternalPresentId=34 generation=2 DONE=104 CONSUMED=105
info:  MetalInterop: Metal output ready InteropJobId=67 AppFrameId=101 slot=1 slot-serial=35 generation=2 DONE=104 event-value=104
info:  MetalInterop: consumer-claimed InteropJobId=67 AppFrameId=101 slot=1 slot-serial=35 generation=2 DONE=104 metal-state=Completed-event-signaled
info:  MetalInterop: terminal InteropJobId=67 AppFrameId=101 slot=1 slot-serial=35 state=VULKAN_CONSUMED terminal-value=105 capture-to-terminal-us=20471
info:  WSI: present origin=INTERNAL_OUTPUT wsi=119 app=0 internal=34 acquire=119 image=1 generation=2
info:  MetalInterop: WSI-submit InteropJobId=67 AppFrameId=101 InternalPresentOpportunityId=67 InternalPresentId=34 WsiPresentId=119 VkPresentResult=VK_SUCCESS
info:  InternalWSI: retirement outcome=presented wsi=119 internal=34 status=VK_SUCCESS app-signals=unchanged actual-display-timing=separate
info:  InternalWSI: queued origin=INTERNAL_OUTPUT wsi=119 internal=34 app=none pattern=metal-invert InteropJobId=67 vkPresent=VK_SUCCESS
info:  InternalWSI: source-present app=102 duration-us=93 hr=0x0
info:  MetalInterop: captured InteropJobId=68 AppFrameId=102 generation=2 slot=2 slot-serial=33 history-id=8 output-id=9 READY=97 DONE=98 CONSUMED=99 copy-record-us=18
info:  MetalInterop: job-retired InteropJobId=67 AppFrameId=101 slot=1 slot-serial=35 native-job=67 semaphore-value=105 capture-to-retire-us=33472 terminal-to-retire-us=13001
info:  WSI: present origin=APPLICATION_SOURCE wsi=120 app=102 internal=0 acquire=120 image=2 generation=2
info:  MetalInterop: committed InteropJobId=68 AppFrameId=102 slot=2 slot-serial=33 native-job=68 READY=97 DONE=98 initial-job-state=1 kernel=rgb_invert_alpha_preserve ready-to-commit-us=888
info:  WSI: app-completion app=102 app-signal=deferred
info:  WSI: app-frame-latency-signal app=102 via=source-present-retirement
info:  MetalInterop: Vulkan-consumer InteropJobId=68 AppFrameId=102 InternalPresentId=35 generation=2 DONE=98 CONSUMED=99
info:  MetalInterop: Metal output ready InteropJobId=68 AppFrameId=102 slot=2 slot-serial=33 generation=2 DONE=98 event-value=98
info:  MetalInterop: consumer-claimed InteropJobId=68 AppFrameId=102 slot=2 slot-serial=33 generation=2 DONE=98 metal-state=Completed-event-signaled
info:  MetalInterop: terminal InteropJobId=68 AppFrameId=102 slot=2 slot-serial=33 state=VULKAN_CONSUMED terminal-value=99 capture-to-terminal-us=20794
info:  WSI: present origin=INTERNAL_OUTPUT wsi=121 app=0 internal=35 acquire=121 image=0 generation=2
info:  MetalInterop: WSI-submit InteropJobId=68 AppFrameId=102 InternalPresentOpportunityId=68 InternalPresentId=35 WsiPresentId=121 VkPresentResult=VK_SUCCESS
info:  InternalWSI: retirement outcome=presented wsi=121 internal=35 status=VK_SUCCESS app-signals=unchanged actual-display-timing=separate
info:  InternalWSI: queued origin=INTERNAL_OUTPUT wsi=121 internal=35 app=none pattern=metal-invert InteropJobId=68 vkPresent=VK_SUCCESS
info:  InternalWSI: source-present app=103 duration-us=148 hr=0x0
info:  MetalInterop: job-retired InteropJobId=68 AppFrameId=102 slot=2 slot-serial=33 native-job=68 semaphore-value=99 capture-to-retire-us=33354 terminal-to-retire-us=12560
info:  MetalInterop: captured InteropJobId=69 AppFrameId=103 generation=2 slot=1 slot-serial=36 history-id=6 output-id=7 READY=106 DONE=107 CONSUMED=108 copy-record-us=31
info:  WSI: present origin=APPLICATION_SOURCE wsi=122 app=103 internal=0 acquire=122 image=1 generation=2
info:  MetalInterop: committed InteropJobId=69 AppFrameId=103 slot=1 slot-serial=36 native-job=69 READY=106 DONE=107 initial-job-state=1 kernel=rgb_invert_alpha_preserve ready-to-commit-us=915
info:  WSI: app-completion app=103 app-signal=deferred
info:  WSI: app-frame-latency-signal app=103 via=source-present-retirement
info:  MetalInterop: Vulkan-consumer InteropJobId=69 AppFrameId=103 InternalPresentId=36 generation=2 DONE=107 CONSUMED=108
info:  MetalInterop: Metal output ready InteropJobId=69 AppFrameId=103 slot=1 slot-serial=36 generation=2 DONE=107 event-value=107
info:  MetalInterop: consumer-claimed InteropJobId=69 AppFrameId=103 slot=1 slot-serial=36 generation=2 DONE=107 metal-state=Completed-event-signaled
info:  MetalInterop: terminal InteropJobId=69 AppFrameId=103 slot=1 slot-serial=36 state=VULKAN_CONSUMED terminal-value=108 capture-to-terminal-us=20120
info:  WSI: present origin=INTERNAL_OUTPUT wsi=123 app=0 internal=36 acquire=123 image=2 generation=2
info:  MetalInterop: WSI-submit InteropJobId=69 AppFrameId=103 InternalPresentOpportunityId=69 InternalPresentId=36 WsiPresentId=123 VkPresentResult=VK_SUCCESS
info:  InternalWSI: retirement outcome=presented wsi=123 internal=36 status=VK_SUCCESS app-signals=unchanged actual-display-timing=separate
info:  InternalWSI: queued origin=INTERNAL_OUTPUT wsi=123 internal=36 app=none pattern=metal-invert InteropJobId=69 vkPresent=VK_SUCCESS
info:  InternalWSI: source-present app=104 duration-us=86 hr=0x0
info:  MetalInterop: captured InteropJobId=70 AppFrameId=104 generation=2 slot=2 slot-serial=34 history-id=8 output-id=9 READY=100 DONE=101 CONSUMED=102 copy-record-us=15
info:  MetalInterop: job-retired InteropJobId=69 AppFrameId=103 slot=1 slot-serial=36 native-job=69 semaphore-value=108 capture-to-retire-us=33244 terminal-to-retire-us=13124
info:  WSI: present origin=APPLICATION_SOURCE wsi=124 app=104 internal=0 acquire=124 image=0 generation=2
info:  MetalInterop: committed InteropJobId=70 AppFrameId=104 slot=2 slot-serial=34 native-job=70 READY=100 DONE=101 initial-job-state=1 kernel=rgb_invert_alpha_preserve ready-to-commit-us=630
info:  WSI: app-completion app=104 app-signal=deferred
info:  WSI: app-frame-latency-signal app=104 via=source-present-retirement
info:  MetalInterop: Vulkan-consumer InteropJobId=70 AppFrameId=104 InternalPresentId=37 generation=2 DONE=101 CONSUMED=102
info:  MetalInterop: Metal output ready InteropJobId=70 AppFrameId=104 slot=2 slot-serial=34 generation=2 DONE=101 event-value=101
info:  MetalInterop: consumer-claimed InteropJobId=70 AppFrameId=104 slot=2 slot-serial=34 generation=2 DONE=101 metal-state=Completed-event-signaled
info:  MetalInterop: terminal InteropJobId=70 AppFrameId=104 slot=2 slot-serial=34 state=VULKAN_CONSUMED terminal-value=102 capture-to-terminal-us=20253
info:  WSI: present origin=INTERNAL_OUTPUT wsi=125 app=0 internal=37 acquire=125 image=1 generation=2
info:  MetalInterop: WSI-submit InteropJobId=70 AppFrameId=104 InternalPresentOpportunityId=70 InternalPresentId=37 WsiPresentId=125 VkPresentResult=VK_SUCCESS
info:  InternalWSI: retirement outcome=presented wsi=125 internal=37 status=VK_SUCCESS app-signals=unchanged actual-display-timing=separate
info:  InternalWSI: queued origin=INTERNAL_OUTPUT wsi=125 internal=37 app=none pattern=metal-invert InteropJobId=70 vkPresent=VK_SUCCESS
info:  InternalWSI: source-present app=105 duration-us=67 hr=0x0
info:  MetalInterop: job-retired InteropJobId=70 AppFrameId=104 slot=2 slot-serial=34 native-job=70 semaphore-value=102 capture-to-retire-us=26579 terminal-to-retire-us=6326
info:  MetalInterop: captured InteropJobId=71 AppFrameId=105 generation=2 slot=1 slot-serial=37 history-id=6 output-id=7 READY=109 DONE=110 CONSUMED=111 copy-record-us=33
info:  WSI: present origin=APPLICATION_SOURCE wsi=126 app=105 internal=0 acquire=126 image=2 generation=2
info:  MetalInterop: committed InteropJobId=71 AppFrameId=105 slot=1 slot-serial=37 native-job=71 READY=109 DONE=110 initial-job-state=1 kernel=rgb_invert_alpha_preserve ready-to-commit-us=621
info:  WSI: app-completion app=105 app-signal=deferred
info:  WSI: app-frame-latency-signal app=105 via=source-present-retirement
info:  MetalInterop: Vulkan-consumer InteropJobId=71 AppFrameId=105 InternalPresentId=38 generation=2 DONE=110 CONSUMED=111
info:  MetalInterop: Metal output ready InteropJobId=71 AppFrameId=105 slot=1 slot-serial=37 generation=2 DONE=110 event-value=110
info:  MetalInterop: consumer-claimed InteropJobId=71 AppFrameId=105 slot=1 slot-serial=37 generation=2 DONE=110 metal-state=Completed-event-signaled
info:  MetalInterop: terminal InteropJobId=71 AppFrameId=105 slot=1 slot-serial=37 state=VULKAN_CONSUMED terminal-value=111 capture-to-terminal-us=17072
info:  WSI: present origin=INTERNAL_OUTPUT wsi=127 app=0 internal=38 acquire=127 image=0 generation=2
info:  MetalInterop: WSI-submit InteropJobId=71 AppFrameId=105 InternalPresentOpportunityId=71 InternalPresentId=38 WsiPresentId=127 VkPresentResult=VK_SUCCESS
info:  InternalWSI: retirement outcome=presented wsi=127 internal=38 status=VK_SUCCESS app-signals=unchanged actual-display-timing=separate
info:  InternalWSI: queued origin=INTERNAL_OUTPUT wsi=127 internal=38 app=none pattern=metal-invert InteropJobId=71 vkPresent=VK_SUCCESS
info:  InternalWSI: source-present app=106 duration-us=180 hr=0x0
info:  MetalInterop: captured InteropJobId=72 AppFrameId=106 generation=2 slot=2 slot-serial=35 history-id=8 output-id=9 READY=103 DONE=104 CONSUMED=105 copy-record-us=189
info:  MetalInterop: job-retired InteropJobId=71 AppFrameId=105 slot=1 slot-serial=37 native-job=71 semaphore-value=111 capture-to-retire-us=40570 terminal-to-retire-us=23498
info:  WSI: present origin=APPLICATION_SOURCE wsi=128 app=106 internal=0 acquire=128 image=1 generation=2
info:  MetalInterop: committed InteropJobId=72 AppFrameId=106 slot=2 slot-serial=35 native-job=72 READY=103 DONE=104 initial-job-state=1 kernel=rgb_invert_alpha_preserve ready-to-commit-us=1342
info:  WSI: app-completion app=106 app-signal=deferred
info:  WSI: app-frame-latency-signal app=106 via=source-present-retirement
info:  MetalInterop: Vulkan-consumer InteropJobId=72 AppFrameId=106 InternalPresentId=39 generation=2 DONE=104 CONSUMED=105
warn:  InternalWSI: lease validation failed before submit internal=39 acquire=129 image=2 generation=2 expected=2 current=2 dirty-surface=0 dirty-swapchain=0 source-acquire-intent=1 source-frame-pending=0
info:  InternalWSI: released pre-submit image lease acquire=129 image=2 generation=2 cached-acquire=preserved
info:  InternalWSI: retirement outcome=failed wsi=0 internal=39 status=VK_ERROR_VALIDATION_FAILED_EXT app-signals=unchanged actual-display-timing=separate
info:  InternalWSI: dropped opportunity=72 reason=lease-validation-before-submit generation=2
info:  InternalWSI: source-present app=107 duration-us=1586 hr=0x0
info:  MetalInterop: captured InteropJobId=73 AppFrameId=107 generation=2 slot=1 slot-serial=38 history-id=6 output-id=7 READY=112 DONE=113 CONSUMED=114 copy-record-us=21
info:  MetalInterop: terminal InteropJobId=72 AppFrameId=106 slot=2 slot-serial=35 state=lease-validation-before-submit terminal-value=104 capture-to-terminal-us=27532
info:  MetalInterop: job-retired InteropJobId=72 AppFrameId=106 slot=2 slot-serial=35 native-job=72 semaphore-value=104 capture-to-retire-us=27587 terminal-to-retire-us=55
info:  WSI: present origin=APPLICATION_SOURCE wsi=129 app=107 internal=0 acquire=130 image=2 generation=2
info:  MetalInterop: committed InteropJobId=73 AppFrameId=107 slot=1 slot-serial=38 native-job=73 READY=112 DONE=113 initial-job-state=1 kernel=rgb_invert_alpha_preserve ready-to-commit-us=1975
info:  WSI: app-completion app=107 app-signal=deferred
info:  WSI: app-frame-latency-signal app=107 via=source-present-retirement
info:  MetalInterop: Vulkan-consumer InteropJobId=73 AppFrameId=107 InternalPresentId=40 generation=2 DONE=113 CONSUMED=114
info:  MetalInterop: Metal output ready InteropJobId=73 AppFrameId=107 slot=1 slot-serial=38 generation=2 DONE=113 event-value=113
info:  MetalInterop: consumer-claimed InteropJobId=73 AppFrameId=107 slot=1 slot-serial=38 generation=2 DONE=113 metal-state=Completed-event-signaled
info:  MetalInterop: terminal InteropJobId=73 AppFrameId=107 slot=1 slot-serial=38 state=VULKAN_CONSUMED terminal-value=114 capture-to-terminal-us=18797
info:  WSI: present origin=INTERNAL_OUTPUT wsi=130 app=0 internal=40 acquire=131 image=0 generation=2
info:  MetalInterop: WSI-submit InteropJobId=73 AppFrameId=107 InternalPresentOpportunityId=73 InternalPresentId=40 WsiPresentId=130 VkPresentResult=VK_SUCCESS
info:  InternalWSI: retirement outcome=presented wsi=130 internal=40 status=VK_SUCCESS app-signals=unchanged actual-display-timing=separate
info:  InternalWSI: queued origin=INTERNAL_OUTPUT wsi=130 internal=40 app=none pattern=metal-invert InteropJobId=73 vkPresent=VK_SUCCESS
info:  InternalWSI: source-present app=108 duration-us=92 hr=0x0
info:  MetalInterop: job-retired InteropJobId=73 AppFrameId=107 slot=1 slot-serial=38 native-job=73 semaphore-value=114 capture-to-retire-us=39487 terminal-to-retire-us=20690
info:  MetalInterop: captured InteropJobId=74 AppFrameId=108 generation=2 slot=2 slot-serial=36 history-id=8 output-id=9 READY=106 DONE=107 CONSUMED=108 copy-record-us=21
info:  WSI: present origin=APPLICATION_SOURCE wsi=131 app=108 internal=0 acquire=132 image=1 generation=2
info:  MetalInterop: committed InteropJobId=74 AppFrameId=108 slot=2 slot-serial=36 native-job=74 READY=106 DONE=107 initial-job-state=1 kernel=rgb_invert_alpha_preserve ready-to-commit-us=787
info:  WSI: app-completion app=108 app-signal=deferred
info:  WSI: app-frame-latency-signal app=108 via=source-present-retirement
info:  MetalInterop: Vulkan-consumer InteropJobId=74 AppFrameId=108 InternalPresentId=41 generation=2 DONE=107 CONSUMED=108
info:  MetalInterop: Metal output ready InteropJobId=74 AppFrameId=108 slot=2 slot-serial=36 generation=2 DONE=107 event-value=107
info:  MetalInterop: consumer-claimed InteropJobId=74 AppFrameId=108 slot=2 slot-serial=36 generation=2 DONE=107 metal-state=Completed-event-signaled
info:  MetalInterop: terminal InteropJobId=74 AppFrameId=108 slot=2 slot-serial=36 state=VULKAN_CONSUMED terminal-value=108 capture-to-terminal-us=24745
info:  WSI: present origin=INTERNAL_OUTPUT wsi=132 app=0 internal=41 acquire=133 image=2 generation=2
info:  MetalInterop: WSI-submit InteropJobId=74 AppFrameId=108 InternalPresentOpportunityId=74 InternalPresentId=41 WsiPresentId=132 VkPresentResult=VK_SUCCESS
info:  InternalWSI: retirement outcome=presented wsi=132 internal=41 status=VK_SUCCESS app-signals=unchanged actual-display-timing=separate
info:  InternalWSI: queued origin=INTERNAL_OUTPUT wsi=132 internal=41 app=none pattern=metal-invert InteropJobId=74 vkPresent=VK_SUCCESS
info:  InternalWSI: source-present app=109 duration-us=175 hr=0x0
info:  MetalInterop: captured InteropJobId=75 AppFrameId=109 generation=2 slot=1 slot-serial=39 history-id=6 output-id=7 READY=115 DONE=116 CONSUMED=117 copy-record-us=121
info:  MetalInterop: job-retired InteropJobId=74 AppFrameId=108 slot=2 slot-serial=36 native-job=74 semaphore-value=108 capture-to-retire-us=34863 terminal-to-retire-us=10118
info:  WSI: present origin=APPLICATION_SOURCE wsi=133 app=109 internal=0 acquire=134 image=0 generation=2
info:  MetalInterop: committed InteropJobId=75 AppFrameId=109 slot=1 slot-serial=39 native-job=75 READY=115 DONE=116 initial-job-state=1 kernel=rgb_invert_alpha_preserve ready-to-commit-us=3140
info:  WSI: app-frame-latency-signal app=109 via=source-submit-completion
info:  WSI: app-completion app=109 app-signal=signaled
info:  MetalInterop: Vulkan-consumer InteropJobId=75 AppFrameId=109 InternalPresentId=42 generation=2 DONE=116 CONSUMED=117
warn:  InternalWSI: lease validation failed before submit internal=42 acquire=135 image=1 generation=2 expected=2 current=2 dirty-surface=0 dirty-swapchain=0 source-acquire-intent=1 source-frame-pending=0
info:  InternalWSI: released pre-submit image lease acquire=135 image=1 generation=2 cached-acquire=preserved
info:  InternalWSI: retirement outcome=failed wsi=0 internal=42 status=VK_ERROR_VALIDATION_FAILED_EXT app-signals=unchanged actual-display-timing=separate
info:  InternalWSI: dropped opportunity=75 reason=lease-validation-before-submit generation=2
info:  InternalWSI: source-present app=110 duration-us=941 hr=0x0
info:  MetalInterop: captured InteropJobId=76 AppFrameId=110 generation=2 slot=2 slot-serial=37 history-id=8 output-id=9 READY=109 DONE=110 CONSUMED=111 copy-record-us=41
info:  MetalInterop: terminal InteropJobId=75 AppFrameId=109 slot=1 slot-serial=39 state=lease-validation-before-submit terminal-value=116 capture-to-terminal-us=26813
info:  MetalInterop: job-retired InteropJobId=75 AppFrameId=109 slot=1 slot-serial=39 native-job=75 semaphore-value=116 capture-to-retire-us=27079 terminal-to-retire-us=266
info:  WSI: present origin=APPLICATION_SOURCE wsi=134 app=110 internal=0 acquire=136 image=1 generation=2
info:  MetalInterop: committed InteropJobId=76 AppFrameId=110 slot=2 slot-serial=37 native-job=76 READY=109 DONE=110 initial-job-state=1 kernel=rgb_invert_alpha_preserve ready-to-commit-us=2762
info:  WSI: app-completion app=110 app-signal=deferred
info:  WSI: app-frame-latency-signal app=110 via=source-present-retirement
info:  MetalInterop: Vulkan-consumer InteropJobId=76 AppFrameId=110 InternalPresentId=43 generation=2 DONE=110 CONSUMED=111
info:  MetalInterop: Metal output ready InteropJobId=76 AppFrameId=110 slot=2 slot-serial=37 generation=2 DONE=110 event-value=110
info:  MetalInterop: consumer-claimed InteropJobId=76 AppFrameId=110 slot=2 slot-serial=37 generation=2 DONE=110 metal-state=Completed-event-signaled
info:  MetalInterop: terminal InteropJobId=76 AppFrameId=110 slot=2 slot-serial=37 state=VULKAN_CONSUMED terminal-value=111 capture-to-terminal-us=19082
info:  WSI: present origin=INTERNAL_OUTPUT wsi=135 app=0 internal=43 acquire=137 image=2 generation=2
info:  MetalInterop: WSI-submit InteropJobId=76 AppFrameId=110 InternalPresentOpportunityId=76 InternalPresentId=43 WsiPresentId=135 VkPresentResult=VK_SUCCESS
info:  InternalWSI: retirement outcome=presented wsi=135 internal=43 status=VK_SUCCESS app-signals=unchanged actual-display-timing=separate
info:  InternalWSI: queued origin=INTERNAL_OUTPUT wsi=135 internal=43 app=none pattern=metal-invert InteropJobId=76 vkPresent=VK_SUCCESS
info:  InternalWSI: source-present app=111 duration-us=146 hr=0x0
info:  MetalInterop: captured InteropJobId=77 AppFrameId=111 generation=2 slot=1 slot-serial=40 history-id=6 output-id=7 READY=118 DONE=119 CONSUMED=120 copy-record-us=48
info:  MetalInterop: job-retired InteropJobId=76 AppFrameId=110 slot=2 slot-serial=37 native-job=76 semaphore-value=111 capture-to-retire-us=40155 terminal-to-retire-us=21073
info:  WSI: present origin=APPLICATION_SOURCE wsi=136 app=111 internal=0 acquire=138 image=0 generation=2
info:  MetalInterop: committed InteropJobId=77 AppFrameId=111 slot=1 slot-serial=40 native-job=77 READY=118 DONE=119 initial-job-state=1 kernel=rgb_invert_alpha_preserve ready-to-commit-us=1114
info:  WSI: app-completion app=111 app-signal=deferred
info:  WSI: app-frame-latency-signal app=111 via=source-present-retirement
info:  MetalInterop: Vulkan-consumer InteropJobId=77 AppFrameId=111 InternalPresentId=44 generation=2 DONE=119 CONSUMED=120
info:  MetalInterop: Metal output ready InteropJobId=77 AppFrameId=111 slot=1 slot-serial=40 generation=2 DONE=119 event-value=119
info:  MetalInterop: consumer-claimed InteropJobId=77 AppFrameId=111 slot=1 slot-serial=40 generation=2 DONE=119 metal-state=Completed-event-signaled
info:  MetalInterop: terminal InteropJobId=77 AppFrameId=111 slot=1 slot-serial=40 state=VULKAN_CONSUMED terminal-value=120 capture-to-terminal-us=25176
info:  WSI: present origin=INTERNAL_OUTPUT wsi=137 app=0 internal=44 acquire=139 image=1 generation=2
info:  MetalInterop: WSI-submit InteropJobId=77 AppFrameId=111 InternalPresentOpportunityId=77 InternalPresentId=44 WsiPresentId=137 VkPresentResult=VK_SUCCESS
info:  InternalWSI: retirement outcome=presented wsi=137 internal=44 status=VK_SUCCESS app-signals=unchanged actual-display-timing=separate
info:  InternalWSI: queued origin=INTERNAL_OUTPUT wsi=137 internal=44 app=none pattern=metal-invert InteropJobId=77 vkPresent=VK_SUCCESS
info:  InternalWSI: source-present app=112 duration-us=198 hr=0x0
info:  MetalInterop: captured InteropJobId=78 AppFrameId=112 generation=2 slot=2 slot-serial=38 history-id=8 output-id=9 READY=112 DONE=113 CONSUMED=114 copy-record-us=46
info:  MetalInterop: job-retired InteropJobId=77 AppFrameId=111 slot=1 slot-serial=40 native-job=77 semaphore-value=120 capture-to-retire-us=33538 terminal-to-retire-us=8362
info:  WSI: present origin=APPLICATION_SOURCE wsi=138 app=112 internal=0 acquire=140 image=2 generation=2
info:  MetalInterop: committed InteropJobId=78 AppFrameId=112 slot=2 slot-serial=38 native-job=78 READY=112 DONE=113 initial-job-state=1 kernel=rgb_invert_alpha_preserve ready-to-commit-us=833
info:  WSI: app-completion app=112 app-signal=deferred
info:  WSI: app-frame-latency-signal app=112 via=source-present-retirement
info:  MetalInterop: Vulkan-consumer InteropJobId=78 AppFrameId=112 InternalPresentId=45 generation=2 DONE=113 CONSUMED=114
info:  MetalInterop: Metal output ready InteropJobId=78 AppFrameId=112 slot=2 slot-serial=38 generation=2 DONE=113 event-value=113
info:  MetalInterop: consumer-claimed InteropJobId=78 AppFrameId=112 slot=2 slot-serial=38 generation=2 DONE=113 metal-state=Completed-event-signaled
info:  MetalInterop: terminal InteropJobId=78 AppFrameId=112 slot=2 slot-serial=38 state=VULKAN_CONSUMED terminal-value=114 capture-to-terminal-us=18764
info:  WSI: present origin=INTERNAL_OUTPUT wsi=139 app=0 internal=45 acquire=141 image=0 generation=2
info:  MetalInterop: WSI-submit InteropJobId=78 AppFrameId=112 InternalPresentOpportunityId=78 InternalPresentId=45 WsiPresentId=139 VkPresentResult=VK_SUCCESS
info:  InternalWSI: retirement outcome=presented wsi=139 internal=45 status=VK_SUCCESS app-signals=unchanged actual-display-timing=separate
info:  InternalWSI: queued origin=INTERNAL_OUTPUT wsi=139 internal=45 app=none pattern=metal-invert InteropJobId=78 vkPresent=VK_SUCCESS
info:  InternalWSI: source-present app=113 duration-us=71 hr=0x0
info:  MetalInterop: captured InteropJobId=79 AppFrameId=113 generation=2 slot=1 slot-serial=41 history-id=6 output-id=7 READY=121 DONE=122 CONSUMED=123 copy-record-us=65
info:  MetalInterop: job-retired InteropJobId=78 AppFrameId=112 slot=2 slot-serial=38 native-job=78 semaphore-value=114 capture-to-retire-us=33322 terminal-to-retire-us=14558
info:  WSI: present origin=APPLICATION_SOURCE wsi=140 app=113 internal=0 acquire=142 image=1 generation=2
info:  MetalInterop: committed InteropJobId=79 AppFrameId=113 slot=1 slot-serial=41 native-job=79 READY=121 DONE=122 initial-job-state=1 kernel=rgb_invert_alpha_preserve ready-to-commit-us=655
info:  WSI: app-completion app=113 app-signal=deferred
info:  WSI: app-frame-latency-signal app=113 via=source-present-retirement
info:  MetalInterop: Vulkan-consumer InteropJobId=79 AppFrameId=113 InternalPresentId=46 generation=2 DONE=122 CONSUMED=123
info:  MetalInterop: Metal output ready InteropJobId=79 AppFrameId=113 slot=1 slot-serial=41 generation=2 DONE=122 event-value=122
info:  MetalInterop: consumer-claimed InteropJobId=79 AppFrameId=113 slot=1 slot-serial=41 generation=2 DONE=122 metal-state=Completed-event-signaled
info:  MetalInterop: terminal InteropJobId=79 AppFrameId=113 slot=1 slot-serial=41 state=VULKAN_CONSUMED terminal-value=123 capture-to-terminal-us=20471
info:  WSI: present origin=INTERNAL_OUTPUT wsi=141 app=0 internal=46 acquire=143 image=2 generation=2
info:  MetalInterop: WSI-submit InteropJobId=79 AppFrameId=113 InternalPresentOpportunityId=79 InternalPresentId=46 WsiPresentId=141 VkPresentResult=VK_SUCCESS
info:  InternalWSI: retirement outcome=presented wsi=141 internal=46 status=VK_SUCCESS app-signals=unchanged actual-display-timing=separate
info:  InternalWSI: queued origin=INTERNAL_OUTPUT wsi=141 internal=46 app=none pattern=metal-invert InteropJobId=79 vkPresent=VK_SUCCESS
info:  InternalWSI: source-present app=114 duration-us=95 hr=0x0
info:  MetalInterop: captured InteropJobId=80 AppFrameId=114 generation=2 slot=2 slot-serial=39 history-id=8 output-id=9 READY=115 DONE=116 CONSUMED=117 copy-record-us=17
info:  MetalInterop: job-retired InteropJobId=79 AppFrameId=113 slot=1 slot-serial=41 native-job=79 semaphore-value=123 capture-to-retire-us=33395 terminal-to-retire-us=12924
info:  WSI: present origin=APPLICATION_SOURCE wsi=142 app=114 internal=0 acquire=144 image=0 generation=2
info:  MetalInterop: committed InteropJobId=80 AppFrameId=114 slot=2 slot-serial=39 native-job=80 READY=115 DONE=116 initial-job-state=1 kernel=rgb_invert_alpha_preserve ready-to-commit-us=878
info:  WSI: app-completion app=114 app-signal=deferred
info:  WSI: app-frame-latency-signal app=114 via=source-present-retirement
info:  MetalInterop: Vulkan-consumer InteropJobId=80 AppFrameId=114 InternalPresentId=47 generation=2 DONE=116 CONSUMED=117
info:  MetalInterop: Metal output ready InteropJobId=80 AppFrameId=114 slot=2 slot-serial=39 generation=2 DONE=116 event-value=116
info:  MetalInterop: consumer-claimed InteropJobId=80 AppFrameId=114 slot=2 slot-serial=39 generation=2 DONE=116 metal-state=Completed-event-signaled
info:  MetalInterop: terminal InteropJobId=80 AppFrameId=114 slot=2 slot-serial=39 state=VULKAN_CONSUMED terminal-value=117 capture-to-terminal-us=19522
info:  WSI: present origin=INTERNAL_OUTPUT wsi=143 app=0 internal=47 acquire=145 image=1 generation=2
info:  MetalInterop: WSI-submit InteropJobId=80 AppFrameId=114 InternalPresentOpportunityId=80 InternalPresentId=47 WsiPresentId=143 VkPresentResult=VK_SUCCESS
info:  InternalWSI: retirement outcome=presented wsi=143 internal=47 status=VK_SUCCESS app-signals=unchanged actual-display-timing=separate
info:  InternalWSI: queued origin=INTERNAL_OUTPUT wsi=143 internal=47 app=none pattern=metal-invert InteropJobId=80 vkPresent=VK_SUCCESS
info:  InternalWSI: source-present app=115 duration-us=83 hr=0x0
info:  MetalInterop: job-retired InteropJobId=80 AppFrameId=114 slot=2 slot-serial=39 native-job=80 semaphore-value=117 capture-to-retire-us=33275 terminal-to-retire-us=13753
info:  MetalInterop: captured InteropJobId=81 AppFrameId=115 generation=2 slot=1 slot-serial=42 history-id=6 output-id=7 READY=124 DONE=125 CONSUMED=126 copy-record-us=12
info:  WSI: present origin=APPLICATION_SOURCE wsi=144 app=115 internal=0 acquire=146 image=2 generation=2
info:  MetalInterop: committed InteropJobId=81 AppFrameId=115 slot=1 slot-serial=42 native-job=81 READY=124 DONE=125 initial-job-state=1 kernel=rgb_invert_alpha_preserve ready-to-commit-us=842
info:  WSI: app-completion app=115 app-signal=deferred
info:  WSI: app-frame-latency-signal app=115 via=source-present-retirement
info:  MetalInterop: Vulkan-consumer InteropJobId=81 AppFrameId=115 InternalPresentId=48 generation=2 DONE=125 CONSUMED=126
info:  MetalInterop: Metal output ready InteropJobId=81 AppFrameId=115 slot=1 slot-serial=42 generation=2 DONE=125 event-value=125
info:  MetalInterop: consumer-claimed InteropJobId=81 AppFrameId=115 slot=1 slot-serial=42 generation=2 DONE=125 metal-state=Completed-event-signaled
info:  MetalInterop: terminal InteropJobId=81 AppFrameId=115 slot=1 slot-serial=42 state=VULKAN_CONSUMED terminal-value=126 capture-to-terminal-us=20049
info:  WSI: present origin=INTERNAL_OUTPUT wsi=145 app=0 internal=48 acquire=147 image=0 generation=2
info:  MetalInterop: WSI-submit InteropJobId=81 AppFrameId=115 InternalPresentOpportunityId=81 InternalPresentId=48 WsiPresentId=145 VkPresentResult=VK_SUCCESS
info:  InternalWSI: retirement outcome=presented wsi=145 internal=48 status=VK_SUCCESS app-signals=unchanged actual-display-timing=separate
info:  InternalWSI: queued origin=INTERNAL_OUTPUT wsi=145 internal=48 app=none pattern=metal-invert InteropJobId=81 vkPresent=VK_SUCCESS
info:  InternalWSI: source-present app=116 duration-us=196 hr=0x0
info:  MetalInterop: captured InteropJobId=82 AppFrameId=116 generation=2 slot=2 slot-serial=40 history-id=8 output-id=9 READY=118 DONE=119 CONSUMED=120 copy-record-us=30
info:  MetalInterop: job-retired InteropJobId=81 AppFrameId=115 slot=1 slot-serial=42 native-job=81 semaphore-value=126 capture-to-retire-us=33707 terminal-to-retire-us=13658
info:  WSI: present origin=APPLICATION_SOURCE wsi=146 app=116 internal=0 acquire=148 image=1 generation=2
info:  MetalInterop: committed InteropJobId=82 AppFrameId=116 slot=2 slot-serial=40 native-job=82 READY=118 DONE=119 initial-job-state=1 kernel=rgb_invert_alpha_preserve ready-to-commit-us=3328
info:  WSI: app-frame-latency-signal app=116 via=source-submit-completion
info:  WSI: app-completion app=116 app-signal=signaled
info:  MetalInterop: Vulkan-consumer InteropJobId=82 AppFrameId=116 InternalPresentId=49 generation=2 DONE=119 CONSUMED=120
info:  MetalInterop: Metal output ready InteropJobId=82 AppFrameId=116 slot=2 slot-serial=40 generation=2 DONE=119 event-value=119
info:  MetalInterop: consumer-claimed InteropJobId=82 AppFrameId=116 slot=2 slot-serial=40 generation=2 DONE=119 metal-state=Completed-event-signaled
info:  MetalInterop: terminal InteropJobId=82 AppFrameId=116 slot=2 slot-serial=40 state=VULKAN_CONSUMED terminal-value=120 capture-to-terminal-us=24018
info:  WSI: present origin=INTERNAL_OUTPUT wsi=147 app=0 internal=49 acquire=149 image=2 generation=2
info:  MetalInterop: WSI-submit InteropJobId=82 AppFrameId=116 InternalPresentOpportunityId=82 InternalPresentId=49 WsiPresentId=147 VkPresentResult=VK_SUCCESS
info:  InternalWSI: retirement outcome=presented wsi=147 internal=49 status=VK_SUCCESS app-signals=unchanged actual-display-timing=separate
info:  InternalWSI: queued origin=INTERNAL_OUTPUT wsi=147 internal=49 app=none pattern=metal-invert InteropJobId=82 vkPresent=VK_SUCCESS
info:  InternalWSI: source-present app=117 duration-us=212 hr=0x0
info:  MetalInterop: job-retired InteropJobId=82 AppFrameId=116 slot=2 slot-serial=40 native-job=82 semaphore-value=120 capture-to-retire-us=31093 terminal-to-retire-us=7075
info:  MetalInterop: captured InteropJobId=83 AppFrameId=117 generation=2 slot=1 slot-serial=43 history-id=6 output-id=7 READY=127 DONE=128 CONSUMED=129 copy-record-us=151
info:  WSI: present origin=APPLICATION_SOURCE wsi=148 app=117 internal=0 acquire=150 image=0 generation=2
info:  MetalInterop: committed InteropJobId=83 AppFrameId=117 slot=1 slot-serial=43 native-job=83 READY=127 DONE=128 initial-job-state=1 kernel=rgb_invert_alpha_preserve ready-to-commit-us=3326
info:  WSI: app-frame-latency-signal app=117 via=source-submit-completion
info:  WSI: app-completion app=117 app-signal=signaled
info:  MetalInterop: Vulkan-consumer InteropJobId=83 AppFrameId=117 InternalPresentId=50 generation=2 DONE=128 CONSUMED=129
info:  MetalInterop: Metal output ready InteropJobId=83 AppFrameId=117 slot=1 slot-serial=43 generation=2 DONE=128 event-value=128
info:  MetalInterop: consumer-claimed InteropJobId=83 AppFrameId=117 slot=1 slot-serial=43 generation=2 DONE=128 metal-state=Completed-event-signaled
info:  MetalInterop: terminal InteropJobId=83 AppFrameId=117 slot=1 slot-serial=43 state=VULKAN_CONSUMED terminal-value=129 capture-to-terminal-us=23958
info:  WSI: present origin=INTERNAL_OUTPUT wsi=149 app=0 internal=50 acquire=151 image=1 generation=2
info:  MetalInterop: WSI-submit InteropJobId=83 AppFrameId=117 InternalPresentOpportunityId=83 InternalPresentId=50 WsiPresentId=149 VkPresentResult=VK_SUCCESS
info:  InternalWSI: retirement outcome=presented wsi=149 internal=50 status=VK_SUCCESS app-signals=unchanged actual-display-timing=separate
info:  InternalWSI: queued origin=INTERNAL_OUTPUT wsi=149 internal=50 app=none pattern=metal-invert InteropJobId=83 vkPresent=VK_SUCCESS
info:  InternalWSI: source-present app=118 duration-us=217 hr=0x0
info:  MetalInterop: captured InteropJobId=84 AppFrameId=118 generation=2 slot=2 slot-serial=41 history-id=8 output-id=9 READY=121 DONE=122 CONSUMED=123 copy-record-us=43
info:  MetalInterop: job-retired InteropJobId=83 AppFrameId=117 slot=1 slot-serial=43 native-job=83 semaphore-value=129 capture-to-retire-us=28989 terminal-to-retire-us=5031
info:  WSI: present origin=APPLICATION_SOURCE wsi=150 app=118 internal=0 acquire=152 image=2 generation=2
info:  MetalInterop: committed InteropJobId=84 AppFrameId=118 slot=2 slot-serial=41 native-job=84 READY=121 DONE=122 initial-job-state=1 kernel=rgb_invert_alpha_preserve ready-to-commit-us=2278
info:  WSI: app-completion app=118 app-signal=deferred
info:  WSI: app-frame-latency-signal app=118 via=source-present-retirement
info:  MetalInterop: Vulkan-consumer InteropJobId=84 AppFrameId=118 InternalPresentId=51 generation=2 DONE=122 CONSUMED=123
info:  MetalInterop: Metal output ready InteropJobId=84 AppFrameId=118 slot=2 slot-serial=41 generation=2 DONE=122 event-value=122
info:  MetalInterop: consumer-claimed InteropJobId=84 AppFrameId=118 slot=2 slot-serial=41 generation=2 DONE=122 metal-state=Completed-event-signaled
info:  MetalInterop: terminal InteropJobId=84 AppFrameId=118 slot=2 slot-serial=41 state=VULKAN_CONSUMED terminal-value=123 capture-to-terminal-us=20703
info:  WSI: present origin=INTERNAL_OUTPUT wsi=151 app=0 internal=51 acquire=153 image=0 generation=2
info:  MetalInterop: WSI-submit InteropJobId=84 AppFrameId=118 InternalPresentOpportunityId=84 InternalPresentId=51 WsiPresentId=151 VkPresentResult=VK_SUCCESS
info:  InternalWSI: retirement outcome=presented wsi=151 internal=51 status=VK_SUCCESS app-signals=unchanged actual-display-timing=separate
info:  InternalWSI: queued origin=INTERNAL_OUTPUT wsi=151 internal=51 app=none pattern=metal-invert InteropJobId=84 vkPresent=VK_SUCCESS
info:  InternalWSI: source-present app=119 duration-us=1193 hr=0x0
info:  MetalInterop: job-retired InteropJobId=84 AppFrameId=118 slot=2 slot-serial=41 native-job=84 semaphore-value=123 capture-to-retire-us=41020 terminal-to-retire-us=20317
info:  MetalInterop: captured InteropJobId=85 AppFrameId=119 generation=2 slot=1 slot-serial=44 history-id=6 output-id=7 READY=130 DONE=131 CONSUMED=132 copy-record-us=51
info:  WSI: present origin=APPLICATION_SOURCE wsi=152 app=119 internal=0 acquire=154 image=1 generation=2
info:  MetalInterop: committed InteropJobId=85 AppFrameId=119 slot=1 slot-serial=44 native-job=85 READY=130 DONE=131 initial-job-state=1 kernel=rgb_invert_alpha_preserve ready-to-commit-us=4286
info:  WSI: app-frame-latency-signal app=119 via=source-submit-completion
info:  WSI: app-completion app=119 app-signal=signaled
info:  MetalInterop: Vulkan-consumer InteropJobId=85 AppFrameId=119 InternalPresentId=52 generation=2 DONE=131 CONSUMED=132
warn:  InternalWSI: lease validation failed before submit internal=52 acquire=155 image=2 generation=2 expected=2 current=2 dirty-surface=0 dirty-swapchain=0 source-acquire-intent=1 source-frame-pending=0
info:  InternalWSI: released pre-submit image lease acquire=155 image=2 generation=2 cached-acquire=preserved
info:  InternalWSI: retirement outcome=failed wsi=0 internal=52 status=VK_ERROR_VALIDATION_FAILED_EXT app-signals=unchanged actual-display-timing=separate
info:  InternalWSI: dropped opportunity=85 reason=lease-validation-before-submit generation=2
info:  InternalWSI: source-present app=120 duration-us=1322 hr=0x0
info:  MetalInterop: captured InteropJobId=86 AppFrameId=120 generation=2 slot=2 slot-serial=42 history-id=8 output-id=9 READY=124 DONE=125 CONSUMED=126 copy-record-us=39
info:  MetalInterop: terminal InteropJobId=85 AppFrameId=119 slot=1 slot-serial=44 state=lease-validation-before-submit terminal-value=131 capture-to-terminal-us=30515
info:  MetalInterop: job-retired InteropJobId=85 AppFrameId=119 slot=1 slot-serial=44 native-job=85 semaphore-value=131 capture-to-retire-us=30754 terminal-to-retire-us=239
info:  WSI: present origin=APPLICATION_SOURCE wsi=153 app=120 internal=0 acquire=156 image=2 generation=2
info:  MetalInterop: committed InteropJobId=86 AppFrameId=120 slot=2 slot-serial=42 native-job=86 READY=124 DONE=125 initial-job-state=1 kernel=rgb_invert_alpha_preserve ready-to-commit-us=2769
info:  WSI: app-frame-latency-signal app=120 via=source-submit-completion
info:  WSI: app-completion app=120 app-signal=signaled
info:  MetalInterop: Vulkan-consumer InteropJobId=86 AppFrameId=120 InternalPresentId=53 generation=2 DONE=125 CONSUMED=126
info:  MetalInterop: Metal output ready InteropJobId=86 AppFrameId=120 slot=2 slot-serial=42 generation=2 DONE=125 event-value=125
info:  MetalInterop: consumer-claimed InteropJobId=86 AppFrameId=120 slot=2 slot-serial=42 generation=2 DONE=125 metal-state=Completed-event-signaled
info:  MetalInterop: terminal InteropJobId=86 AppFrameId=120 slot=2 slot-serial=42 state=VULKAN_CONSUMED terminal-value=126 capture-to-terminal-us=22439
info:  WSI: present origin=INTERNAL_OUTPUT wsi=154 app=0 internal=53 acquire=157 image=0 generation=2
info:  MetalInterop: WSI-submit InteropJobId=86 AppFrameId=120 InternalPresentOpportunityId=86 InternalPresentId=53 WsiPresentId=154 VkPresentResult=VK_SUCCESS
info:  InternalWSI: retirement outcome=presented wsi=154 internal=53 status=VK_SUCCESS app-signals=unchanged actual-display-timing=separate
info:  InternalWSI: queued origin=INTERNAL_OUTPUT wsi=154 internal=53 app=none pattern=metal-invert InteropJobId=86 vkPresent=VK_SUCCESS
info:  InternalWSI: source-present app=121 duration-us=244 hr=0x0
info:  MetalInterop: captured InteropJobId=87 AppFrameId=121 generation=2 slot=1 slot-serial=45 history-id=6 output-id=7 READY=133 DONE=134 CONSUMED=135 copy-record-us=56
info:  MetalInterop: job-retired InteropJobId=86 AppFrameId=120 slot=2 slot-serial=42 native-job=86 semaphore-value=126 capture-to-retire-us=27680 terminal-to-retire-us=5241
info:  WSI: present origin=APPLICATION_SOURCE wsi=155 app=121 internal=0 acquire=158 image=1 generation=2
info:  MetalInterop: committed InteropJobId=87 AppFrameId=121 slot=1 slot-serial=45 native-job=87 READY=133 DONE=134 initial-job-state=1 kernel=rgb_invert_alpha_preserve ready-to-commit-us=2167
info:  WSI: app-completion app=121 app-signal=deferred
info:  WSI: app-frame-latency-signal app=121 via=source-present-retirement
info:  MetalInterop: Vulkan-consumer InteropJobId=87 AppFrameId=121 InternalPresentId=54 generation=2 DONE=134 CONSUMED=135
info:  MetalInterop: Metal output ready InteropJobId=87 AppFrameId=121 slot=1 slot-serial=45 generation=2 DONE=134 event-value=134
info:  MetalInterop: consumer-claimed InteropJobId=87 AppFrameId=121 slot=1 slot-serial=45 generation=2 DONE=134 metal-state=Completed-event-signaled
info:  MetalInterop: terminal InteropJobId=87 AppFrameId=121 slot=1 slot-serial=45 state=VULKAN_CONSUMED terminal-value=135 capture-to-terminal-us=21640
info:  WSI: present origin=INTERNAL_OUTPUT wsi=156 app=0 internal=54 acquire=159 image=2 generation=2
info:  MetalInterop: WSI-submit InteropJobId=87 AppFrameId=121 InternalPresentOpportunityId=87 InternalPresentId=54 WsiPresentId=156 VkPresentResult=VK_SUCCESS
info:  InternalWSI: retirement outcome=presented wsi=156 internal=54 status=VK_SUCCESS app-signals=unchanged actual-display-timing=separate
info:  InternalWSI: queued origin=INTERNAL_OUTPUT wsi=156 internal=54 app=none pattern=metal-invert InteropJobId=87 vkPresent=VK_SUCCESS
info:  InternalWSI: source-present app=122 duration-us=291 hr=0x0
info:  MetalInterop: captured InteropJobId=88 AppFrameId=122 generation=2 slot=2 slot-serial=43 history-id=8 output-id=9 READY=127 DONE=128 CONSUMED=129 copy-record-us=242
info:  MetalInterop: job-retired InteropJobId=87 AppFrameId=121 slot=1 slot-serial=45 native-job=87 semaphore-value=135 capture-to-retire-us=41530 terminal-to-retire-us=19890
info:  WSI: present origin=APPLICATION_SOURCE wsi=157 app=122 internal=0 acquire=160 image=0 generation=2
info:  MetalInterop: committed InteropJobId=88 AppFrameId=122 slot=2 slot-serial=43 native-job=88 READY=127 DONE=128 initial-job-state=1 kernel=rgb_invert_alpha_preserve ready-to-commit-us=4098
info:  WSI: app-frame-latency-signal app=122 via=source-submit-completion
info:  WSI: app-completion app=122 app-signal=signaled
info:  MetalInterop: Vulkan-consumer InteropJobId=88 AppFrameId=122 InternalPresentId=55 generation=2 DONE=128 CONSUMED=129
warn:  InternalWSI: lease validation failed before submit internal=55 acquire=161 image=1 generation=2 expected=2 current=2 dirty-surface=0 dirty-swapchain=0 source-acquire-intent=1 source-frame-pending=0
info:  InternalWSI: released pre-submit image lease acquire=161 image=1 generation=2 cached-acquire=preserved
info:  InternalWSI: retirement outcome=failed wsi=0 internal=55 status=VK_ERROR_VALIDATION_FAILED_EXT app-signals=unchanged actual-display-timing=separate
info:  InternalWSI: dropped opportunity=88 reason=lease-validation-before-submit generation=2
info:  InternalWSI: source-present app=123 duration-us=1273 hr=0x0
info:  MetalInterop: captured InteropJobId=89 AppFrameId=123 generation=2 slot=1 slot-serial=46 history-id=6 output-id=7 READY=136 DONE=137 CONSUMED=138 copy-record-us=48
info:  MetalInterop: terminal InteropJobId=88 AppFrameId=122 slot=2 slot-serial=43 state=lease-validation-before-submit terminal-value=128 capture-to-terminal-us=31099
info:  MetalInterop: job-retired InteropJobId=88 AppFrameId=122 slot=2 slot-serial=43 native-job=88 semaphore-value=128 capture-to-retire-us=31328 terminal-to-retire-us=229
info:  WSI: present origin=APPLICATION_SOURCE wsi=158 app=123 internal=0 acquire=162 image=1 generation=2
info:  MetalInterop: committed InteropJobId=89 AppFrameId=123 slot=1 slot-serial=46 native-job=89 READY=136 DONE=137 initial-job-state=1 kernel=rgb_invert_alpha_preserve ready-to-commit-us=15004
info:  WSI: app-frame-latency-signal app=123 via=source-submit-completion
info:  WSI: app-completion app=123 app-signal=signaled
info:  InternalWSI: source-present app=124 duration-us=266 hr=0x0
info:  MetalInterop: captured InteropJobId=90 AppFrameId=124 generation=2 slot=2 slot-serial=44 history-id=8 output-id=9 READY=130 DONE=131 CONSUMED=132 copy-record-us=50
info:  InternalWSI: dropped opportunity=89 reason=source-queue-nonempty generation=2
info:  MetalInterop: terminal InteropJobId=89 AppFrameId=123 slot=1 slot-serial=46 state=source-queue-nonempty terminal-value=137 capture-to-terminal-us=38061
info:  MetalInterop: job-retired InteropJobId=89 AppFrameId=123 slot=1 slot-serial=46 native-job=89 semaphore-value=137 capture-to-retire-us=39178 terminal-to-retire-us=1117
info:  WSI: present origin=APPLICATION_SOURCE wsi=159 app=124 internal=0 acquire=163 image=2 generation=2
info:  MetalInterop: committed InteropJobId=90 AppFrameId=124 slot=2 slot-serial=44 native-job=90 READY=130 DONE=131 initial-job-state=1 kernel=rgb_invert_alpha_preserve ready-to-commit-us=4772
info:  WSI: app-frame-latency-signal app=124 via=source-submit-completion
info:  WSI: app-completion app=124 app-signal=signaled
info:  MetalInterop: Vulkan-consumer InteropJobId=90 AppFrameId=124 InternalPresentId=56 generation=2 DONE=131 CONSUMED=132
info:  MetalInterop: Metal output ready InteropJobId=90 AppFrameId=124 slot=2 slot-serial=44 generation=2 DONE=131 event-value=131
info:  MetalInterop: consumer-claimed InteropJobId=90 AppFrameId=124 slot=2 slot-serial=44 generation=2 DONE=131 metal-state=Completed-event-signaled
info:  MetalInterop: terminal InteropJobId=90 AppFrameId=124 slot=2 slot-serial=44 state=VULKAN_CONSUMED terminal-value=132 capture-to-terminal-us=23848
info:  WSI: present origin=INTERNAL_OUTPUT wsi=160 app=0 internal=56 acquire=164 image=0 generation=2
info:  MetalInterop: WSI-submit InteropJobId=90 AppFrameId=124 InternalPresentOpportunityId=90 InternalPresentId=56 WsiPresentId=160 VkPresentResult=VK_SUCCESS
info:  InternalWSI: retirement outcome=presented wsi=160 internal=56 status=VK_SUCCESS app-signals=unchanged actual-display-timing=separate
info:  InternalWSI: queued origin=INTERNAL_OUTPUT wsi=160 internal=56 app=none pattern=metal-invert InteropJobId=90 vkPresent=VK_SUCCESS
info:  InternalWSI: source-present app=125 duration-us=212 hr=0x0
info:  MetalInterop: captured InteropJobId=91 AppFrameId=125 generation=2 slot=1 slot-serial=47 history-id=6 output-id=7 READY=139 DONE=140 CONSUMED=141 copy-record-us=103
info:  MetalInterop: job-retired InteropJobId=90 AppFrameId=124 slot=2 slot-serial=44 native-job=90 semaphore-value=132 capture-to-retire-us=26429 terminal-to-retire-us=2581
info:  WSI: present origin=APPLICATION_SOURCE wsi=161 app=125 internal=0 acquire=165 image=1 generation=2
info:  MetalInterop: committed InteropJobId=91 AppFrameId=125 slot=1 slot-serial=47 native-job=91 READY=139 DONE=140 initial-job-state=1 kernel=rgb_invert_alpha_preserve ready-to-commit-us=3358
info:  WSI: app-frame-latency-signal app=125 via=source-submit-completion
info:  WSI: app-completion app=125 app-signal=signaled
info:  MetalInterop: Vulkan-consumer InteropJobId=91 AppFrameId=125 InternalPresentId=57 generation=2 DONE=140 CONSUMED=141
info:  MetalInterop: Metal output ready InteropJobId=91 AppFrameId=125 slot=1 slot-serial=47 generation=2 DONE=140 event-value=140
info:  MetalInterop: consumer-claimed InteropJobId=91 AppFrameId=125 slot=1 slot-serial=47 generation=2 DONE=140 metal-state=Completed-event-signaled
info:  MetalInterop: terminal InteropJobId=91 AppFrameId=125 slot=1 slot-serial=47 state=VULKAN_CONSUMED terminal-value=141 capture-to-terminal-us=19162
info:  WSI: present origin=INTERNAL_OUTPUT wsi=162 app=0 internal=57 acquire=166 image=2 generation=2
info:  MetalInterop: WSI-submit InteropJobId=91 AppFrameId=125 InternalPresentOpportunityId=91 InternalPresentId=57 WsiPresentId=162 VkPresentResult=VK_SUCCESS
info:  InternalWSI: retirement outcome=presented wsi=162 internal=57 status=VK_SUCCESS app-signals=unchanged actual-display-timing=separate
info:  InternalWSI: queued origin=INTERNAL_OUTPUT wsi=162 internal=57 app=none pattern=metal-invert InteropJobId=91 vkPresent=VK_SUCCESS
info:  InternalWSI: source-present app=126 duration-us=312 hr=0x0
info:  MetalInterop: captured InteropJobId=92 AppFrameId=126 generation=2 slot=2 slot-serial=45 history-id=8 output-id=9 READY=133 DONE=134 CONSUMED=135 copy-record-us=45
info:  MetalInterop: job-retired InteropJobId=91 AppFrameId=125 slot=1 slot-serial=47 native-job=91 semaphore-value=141 capture-to-retire-us=41264 terminal-to-retire-us=22102
info:  WSI: present origin=APPLICATION_SOURCE wsi=163 app=126 internal=0 acquire=167 image=0 generation=2
info:  MetalInterop: committed InteropJobId=92 AppFrameId=126 slot=2 slot-serial=45 native-job=92 READY=133 DONE=134 initial-job-state=1 kernel=rgb_invert_alpha_preserve ready-to-commit-us=1137
info:  WSI: app-completion app=126 app-signal=deferred
info:  WSI: app-frame-latency-signal app=126 via=source-present-retirement
info:  MetalInterop: Vulkan-consumer InteropJobId=92 AppFrameId=126 InternalPresentId=58 generation=2 DONE=134 CONSUMED=135
info:  MetalInterop: Metal output ready InteropJobId=92 AppFrameId=126 slot=2 slot-serial=45 generation=2 DONE=134 event-value=134
info:  MetalInterop: consumer-claimed InteropJobId=92 AppFrameId=126 slot=2 slot-serial=45 generation=2 DONE=134 metal-state=Completed-event-signaled
info:  MetalInterop: terminal InteropJobId=92 AppFrameId=126 slot=2 slot-serial=45 state=VULKAN_CONSUMED terminal-value=135 capture-to-terminal-us=24493
info:  WSI: present origin=INTERNAL_OUTPUT wsi=164 app=0 internal=58 acquire=168 image=1 generation=2
info:  MetalInterop: WSI-submit InteropJobId=92 AppFrameId=126 InternalPresentOpportunityId=92 InternalPresentId=58 WsiPresentId=164 VkPresentResult=VK_SUCCESS
info:  InternalWSI: retirement outcome=presented wsi=164 internal=58 status=VK_SUCCESS app-signals=unchanged actual-display-timing=separate
info:  InternalWSI: queued origin=INTERNAL_OUTPUT wsi=164 internal=58 app=none pattern=metal-invert InteropJobId=92 vkPresent=VK_SUCCESS
info:  InternalWSI: source-present app=127 duration-us=145 hr=0x0
info:  MetalInterop: job-retired InteropJobId=92 AppFrameId=126 slot=2 slot-serial=45 native-job=92 semaphore-value=135 capture-to-retire-us=33771 terminal-to-retire-us=9278
info:  MetalInterop: captured InteropJobId=93 AppFrameId=127 generation=2 slot=1 slot-serial=48 history-id=6 output-id=7 READY=142 DONE=143 CONSUMED=144 copy-record-us=50
info:  WSI: present origin=APPLICATION_SOURCE wsi=165 app=127 internal=0 acquire=169 image=2 generation=2
info:  MetalInterop: committed InteropJobId=93 AppFrameId=127 slot=1 slot-serial=48 native-job=93 READY=142 DONE=143 initial-job-state=1 kernel=rgb_invert_alpha_preserve ready-to-commit-us=1224
info:  WSI: app-completion app=127 app-signal=deferred
info:  WSI: app-frame-latency-signal app=127 via=source-present-retirement
info:  MetalInterop: Vulkan-consumer InteropJobId=93 AppFrameId=127 InternalPresentId=59 generation=2 DONE=143 CONSUMED=144
info:  MetalInterop: Metal output ready InteropJobId=93 AppFrameId=127 slot=1 slot-serial=48 generation=2 DONE=143 event-value=143
info:  MetalInterop: consumer-claimed InteropJobId=93 AppFrameId=127 slot=1 slot-serial=48 generation=2 DONE=143 metal-state=Completed-event-signaled
info:  MetalInterop: terminal InteropJobId=93 AppFrameId=127 slot=1 slot-serial=48 state=VULKAN_CONSUMED terminal-value=144 capture-to-terminal-us=19241
info:  WSI: present origin=INTERNAL_OUTPUT wsi=166 app=0 internal=59 acquire=170 image=0 generation=2
info:  MetalInterop: WSI-submit InteropJobId=93 AppFrameId=127 InternalPresentOpportunityId=93 InternalPresentId=59 WsiPresentId=166 VkPresentResult=VK_SUCCESS
info:  InternalWSI: retirement outcome=presented wsi=166 internal=59 status=VK_SUCCESS app-signals=unchanged actual-display-timing=separate
info:  InternalWSI: queued origin=INTERNAL_OUTPUT wsi=166 internal=59 app=none pattern=metal-invert InteropJobId=93 vkPresent=VK_SUCCESS
info:  InternalWSI: source-present app=128 duration-us=103 hr=0x0
info:  MetalInterop: job-retired InteropJobId=93 AppFrameId=127 slot=1 slot-serial=48 native-job=93 semaphore-value=144 capture-to-retire-us=33289 terminal-to-retire-us=14048
info:  MetalInterop: captured InteropJobId=94 AppFrameId=128 generation=2 slot=1 slot-serial=49 history-id=6 output-id=7 READY=145 DONE=146 CONSUMED=147 copy-record-us=46
info:  WSI: present origin=APPLICATION_SOURCE wsi=167 app=128 internal=0 acquire=171 image=1 generation=2
info:  MetalInterop: committed InteropJobId=94 AppFrameId=128 slot=1 slot-serial=49 native-job=94 READY=145 DONE=146 initial-job-state=1 kernel=rgb_invert_alpha_preserve ready-to-commit-us=877
info:  WSI: app-completion app=128 app-signal=deferred
info:  WSI: app-frame-latency-signal app=128 via=source-present-retirement
info:  MetalInterop: Vulkan-consumer InteropJobId=94 AppFrameId=128 InternalPresentId=60 generation=2 DONE=146 CONSUMED=147
info:  MetalInterop: Metal output ready InteropJobId=94 AppFrameId=128 slot=1 slot-serial=49 generation=2 DONE=146 event-value=146
info:  MetalInterop: consumer-claimed InteropJobId=94 AppFrameId=128 slot=1 slot-serial=49 generation=2 DONE=146 metal-state=Completed-event-signaled
info:  MetalInterop: terminal InteropJobId=94 AppFrameId=128 slot=1 slot-serial=49 state=VULKAN_CONSUMED terminal-value=147 capture-to-terminal-us=20841
info:  WSI: present origin=INTERNAL_OUTPUT wsi=168 app=0 internal=60 acquire=172 image=2 generation=2
info:  MetalInterop: WSI-submit InteropJobId=94 AppFrameId=128 InternalPresentOpportunityId=94 InternalPresentId=60 WsiPresentId=168 VkPresentResult=VK_SUCCESS
info:  InternalWSI: retirement outcome=presented wsi=168 internal=60 status=VK_SUCCESS app-signals=unchanged actual-display-timing=separate
info:  InternalWSI: queued origin=INTERNAL_OUTPUT wsi=168 internal=60 app=none pattern=metal-invert InteropJobId=94 vkPresent=VK_SUCCESS
info:  InternalWSI: source-present app=129 duration-us=198 hr=0x0
info:  MetalInterop: job-retired InteropJobId=94 AppFrameId=128 slot=1 slot-serial=49 native-job=94 semaphore-value=147 capture-to-retire-us=32749 terminal-to-retire-us=11908
info:  MetalInterop: captured InteropJobId=95 AppFrameId=129 generation=2 slot=1 slot-serial=50 history-id=6 output-id=7 READY=148 DONE=149 CONSUMED=150 copy-record-us=62
info:  WSI: present origin=APPLICATION_SOURCE wsi=169 app=129 internal=0 acquire=173 image=0 generation=2
info:  MetalInterop: committed InteropJobId=95 AppFrameId=129 slot=1 slot-serial=50 native-job=95 READY=148 DONE=149 initial-job-state=1 kernel=rgb_invert_alpha_preserve ready-to-commit-us=2052
info:  WSI: app-frame-latency-signal app=129 via=source-submit-completion
info:  WSI: app-completion app=129 app-signal=signaled
info:  MetalInterop: Vulkan-consumer InteropJobId=95 AppFrameId=129 InternalPresentId=61 generation=2 DONE=149 CONSUMED=150
info:  MetalInterop: Metal output ready InteropJobId=95 AppFrameId=129 slot=1 slot-serial=50 generation=2 DONE=149 event-value=149
info:  MetalInterop: consumer-claimed InteropJobId=95 AppFrameId=129 slot=1 slot-serial=50 generation=2 DONE=149 metal-state=Completed-event-signaled
info:  MetalInterop: terminal InteropJobId=95 AppFrameId=129 slot=1 slot-serial=50 state=VULKAN_CONSUMED terminal-value=150 capture-to-terminal-us=21695
info:  WSI: present origin=INTERNAL_OUTPUT wsi=170 app=0 internal=61 acquire=174 image=1 generation=2
info:  MetalInterop: WSI-submit InteropJobId=95 AppFrameId=129 InternalPresentOpportunityId=95 InternalPresentId=61 WsiPresentId=170 VkPresentResult=VK_SUCCESS
info:  InternalWSI: retirement outcome=presented wsi=170 internal=61 status=VK_SUCCESS app-signals=unchanged actual-display-timing=separate
info:  InternalWSI: queued origin=INTERNAL_OUTPUT wsi=170 internal=61 app=none pattern=metal-invert InteropJobId=95 vkPresent=VK_SUCCESS
info:  InternalWSI: source-present app=130 duration-us=235 hr=0x0
info:  MetalInterop: job-retired InteropJobId=95 AppFrameId=129 slot=1 slot-serial=50 native-job=95 semaphore-value=150 capture-to-retire-us=33744 terminal-to-retire-us=12049
info:  MetalInterop: captured InteropJobId=96 AppFrameId=130 generation=2 slot=2 slot-serial=46 history-id=8 output-id=9 READY=136 DONE=137 CONSUMED=138 copy-record-us=79
info:  WSI: present origin=APPLICATION_SOURCE wsi=171 app=130 internal=0 acquire=175 image=2 generation=2
info:  MetalInterop: committed InteropJobId=96 AppFrameId=130 slot=2 slot-serial=46 native-job=96 READY=136 DONE=137 initial-job-state=1 kernel=rgb_invert_alpha_preserve ready-to-commit-us=3036
info:  WSI: app-frame-latency-signal app=130 via=source-submit-completion
info:  WSI: app-completion app=130 app-signal=signaled
info:  MetalInterop: Vulkan-consumer InteropJobId=96 AppFrameId=130 InternalPresentId=62 generation=2 DONE=137 CONSUMED=138
info:  MetalInterop: Metal output ready InteropJobId=96 AppFrameId=130 slot=2 slot-serial=46 generation=2 DONE=137 event-value=137
info:  MetalInterop: consumer-claimed InteropJobId=96 AppFrameId=130 slot=2 slot-serial=46 generation=2 DONE=137 metal-state=Completed-event-signaled
info:  MetalInterop: terminal InteropJobId=96 AppFrameId=130 slot=2 slot-serial=46 state=VULKAN_CONSUMED terminal-value=138 capture-to-terminal-us=24524
info:  WSI: present origin=INTERNAL_OUTPUT wsi=172 app=0 internal=62 acquire=176 image=0 generation=2
info:  MetalInterop: WSI-submit InteropJobId=96 AppFrameId=130 InternalPresentOpportunityId=96 InternalPresentId=62 WsiPresentId=172 VkPresentResult=VK_SUCCESS
info:  InternalWSI: retirement outcome=presented wsi=172 internal=62 status=VK_SUCCESS app-signals=unchanged actual-display-timing=separate
info:  InternalWSI: queued origin=INTERNAL_OUTPUT wsi=172 internal=62 app=none pattern=metal-invert InteropJobId=96 vkPresent=VK_SUCCESS
info:  InternalWSI: source-present app=131 duration-us=212 hr=0x0
info:  MetalInterop: captured InteropJobId=97 AppFrameId=131 generation=2 slot=1 slot-serial=51 history-id=6 output-id=7 READY=151 DONE=152 CONSUMED=153 copy-record-us=40
info:  MetalInterop: job-retired InteropJobId=96 AppFrameId=130 slot=2 slot-serial=46 native-job=96 semaphore-value=138 capture-to-retire-us=27965 terminal-to-retire-us=3441
info:  WSI: present origin=APPLICATION_SOURCE wsi=173 app=131 internal=0 acquire=177 image=1 generation=2
info:  MetalInterop: committed InteropJobId=97 AppFrameId=131 slot=1 slot-serial=51 native-job=97 READY=151 DONE=152 initial-job-state=1 kernel=rgb_invert_alpha_preserve ready-to-commit-us=2158
info:  WSI: app-completion app=131 app-signal=deferred
info:  WSI: app-frame-latency-signal app=131 via=source-present-retirement
info:  MetalInterop: Vulkan-consumer InteropJobId=97 AppFrameId=131 InternalPresentId=63 generation=2 DONE=152 CONSUMED=153
info:  MetalInterop: Metal output ready InteropJobId=97 AppFrameId=131 slot=1 slot-serial=51 generation=2 DONE=152 event-value=152
info:  MetalInterop: consumer-claimed InteropJobId=97 AppFrameId=131 slot=1 slot-serial=51 generation=2 DONE=152 metal-state=Completed-event-signaled
info:  MetalInterop: terminal InteropJobId=97 AppFrameId=131 slot=1 slot-serial=51 state=VULKAN_CONSUMED terminal-value=153 capture-to-terminal-us=20319
info:  WSI: present origin=INTERNAL_OUTPUT wsi=174 app=0 internal=63 acquire=178 image=2 generation=2
info:  InternalWSI: retirement outcome=presented wsi=174 internal=63 status=VK_SUCCESS app-signals=unchanged actual-display-timing=separate
info:  MetalInterop: WSI-submit InteropJobId=97 AppFrameId=131 InternalPresentOpportunityId=97 InternalPresentId=63 WsiPresentId=174 VkPresentResult=VK_SUCCESS
info:  InternalWSI: queued origin=INTERNAL_OUTPUT wsi=174 internal=63 app=none pattern=metal-invert InteropJobId=97 vkPresent=VK_SUCCESS
info:  InternalWSI: source-present app=132 duration-us=219 hr=0x0
info:  MetalInterop: captured InteropJobId=98 AppFrameId=132 generation=2 slot=2 slot-serial=47 history-id=8 output-id=9 READY=139 DONE=140 CONSUMED=141 copy-record-us=107
info:  MetalInterop: job-retired InteropJobId=97 AppFrameId=131 slot=1 slot-serial=51 native-job=97 semaphore-value=153 capture-to-retire-us=30734 terminal-to-retire-us=10415
info:  WSI: present origin=APPLICATION_SOURCE wsi=175 app=132 internal=0 acquire=179 image=0 generation=2
info:  MetalInterop: committed InteropJobId=98 AppFrameId=132 slot=2 slot-serial=47 native-job=98 READY=139 DONE=140 initial-job-state=1 kernel=rgb_invert_alpha_preserve ready-to-commit-us=2263
info:  WSI: app-frame-latency-signal app=132 via=source-submit-completion
info:  WSI: app-completion app=132 app-signal=signaled
info:  MetalInterop: Vulkan-consumer InteropJobId=98 AppFrameId=132 InternalPresentId=64 generation=2 DONE=140 CONSUMED=141
info:  MetalInterop: Metal output ready InteropJobId=98 AppFrameId=132 slot=2 slot-serial=47 generation=2 DONE=140 event-value=140
info:  MetalInterop: consumer-claimed InteropJobId=98 AppFrameId=132 slot=2 slot-serial=47 generation=2 DONE=140 metal-state=Completed-event-signaled
info:  MetalInterop: terminal InteropJobId=98 AppFrameId=132 slot=2 slot-serial=47 state=VULKAN_CONSUMED terminal-value=141 capture-to-terminal-us=22796
info:  WSI: present origin=INTERNAL_OUTPUT wsi=176 app=0 internal=64 acquire=180 image=1 generation=2
info:  MetalInterop: WSI-submit InteropJobId=98 AppFrameId=132 InternalPresentOpportunityId=98 InternalPresentId=64 WsiPresentId=176 VkPresentResult=VK_SUCCESS
info:  InternalWSI: retirement outcome=presented wsi=176 internal=64 status=VK_SUCCESS app-signals=unchanged actual-display-timing=separate
info:  InternalWSI: queued origin=INTERNAL_OUTPUT wsi=176 internal=64 app=none pattern=metal-invert InteropJobId=98 vkPresent=VK_SUCCESS
info:  InternalWSI: source-present app=133 duration-us=277 hr=0x0
info:  MetalInterop: job-retired InteropJobId=98 AppFrameId=132 slot=2 slot-serial=47 native-job=98 semaphore-value=141 capture-to-retire-us=42236 terminal-to-retire-us=19440
info:  MetalInterop: captured InteropJobId=99 AppFrameId=133 generation=2 slot=1 slot-serial=52 history-id=6 output-id=7 READY=154 DONE=155 CONSUMED=156 copy-record-us=49
info:  WSI: present origin=APPLICATION_SOURCE wsi=177 app=133 internal=0 acquire=181 image=2 generation=2
info:  MetalInterop: committed InteropJobId=99 AppFrameId=133 slot=1 slot-serial=52 native-job=99 READY=154 DONE=155 initial-job-state=1 kernel=rgb_invert_alpha_preserve ready-to-commit-us=3340
info:  WSI: app-frame-latency-signal app=133 via=source-submit-completion
info:  WSI: app-completion app=133 app-signal=signaled
info:  MetalInterop: Vulkan-consumer InteropJobId=99 AppFrameId=133 InternalPresentId=65 generation=2 DONE=155 CONSUMED=156
warn:  InternalWSI: lease validation failed before submit internal=65 acquire=182 image=0 generation=2 expected=2 current=2 dirty-surface=0 dirty-swapchain=0 source-acquire-intent=1 source-frame-pending=0
info:  InternalWSI: released pre-submit image lease acquire=182 image=0 generation=2 cached-acquire=preserved
info:  InternalWSI: retirement outcome=failed wsi=0 internal=65 status=VK_ERROR_VALIDATION_FAILED_EXT app-signals=unchanged actual-display-timing=separate
info:  InternalWSI: dropped opportunity=99 reason=lease-validation-before-submit generation=2
info:  InternalWSI: source-present app=134 duration-us=923 hr=0x0
info:  MetalInterop: captured InteropJobId=100 AppFrameId=134 generation=2 slot=2 slot-serial=48 history-id=8 output-id=9 READY=142 DONE=143 CONSUMED=144 copy-record-us=27
info:  MetalInterop: terminal InteropJobId=99 AppFrameId=133 slot=1 slot-serial=52 state=lease-validation-before-submit terminal-value=155 capture-to-terminal-us=27543
info:  MetalInterop: job-retired InteropJobId=99 AppFrameId=133 slot=1 slot-serial=52 native-job=99 semaphore-value=155 capture-to-retire-us=27612 terminal-to-retire-us=69
info:  WSI: present origin=APPLICATION_SOURCE wsi=178 app=134 internal=0 acquire=183 image=0 generation=2
info:  MetalInterop: committed InteropJobId=100 AppFrameId=134 slot=2 slot-serial=48 native-job=100 READY=142 DONE=143 initial-job-state=1 kernel=rgb_invert_alpha_preserve ready-to-commit-us=1336
info:  WSI: app-completion app=134 app-signal=deferred
info:  WSI: app-frame-latency-signal app=134 via=source-present-retirement
info:  MetalInterop: Vulkan-consumer InteropJobId=100 AppFrameId=134 InternalPresentId=66 generation=2 DONE=143 CONSUMED=144
info:  MetalInterop: Metal output ready InteropJobId=100 AppFrameId=134 slot=2 slot-serial=48 generation=2 DONE=143 event-value=143
info:  MetalInterop: consumer-claimed InteropJobId=100 AppFrameId=134 slot=2 slot-serial=48 generation=2 DONE=143 metal-state=Completed-event-signaled
info:  MetalInterop: terminal InteropJobId=100 AppFrameId=134 slot=2 slot-serial=48 state=VULKAN_CONSUMED terminal-value=144 capture-to-terminal-us=17352
info:  WSI: present origin=INTERNAL_OUTPUT wsi=179 app=0 internal=66 acquire=184 image=1 generation=2
info:  MetalInterop: WSI-submit InteropJobId=100 AppFrameId=134 InternalPresentOpportunityId=100 InternalPresentId=66 WsiPresentId=179 VkPresentResult=VK_SUCCESS
info:  InternalWSI: retirement outcome=presented wsi=179 internal=66 status=VK_SUCCESS app-signals=unchanged actual-display-timing=separate
info:  InternalWSI: queued origin=INTERNAL_OUTPUT wsi=179 internal=66 app=none pattern=metal-invert InteropJobId=100 vkPresent=VK_SUCCESS
info:  InternalWSI: source-present app=135 duration-us=136 hr=0x0
info:  MetalInterop: job-retired InteropJobId=100 AppFrameId=134 slot=2 slot-serial=48 native-job=100 semaphore-value=144 capture-to-retire-us=31929 terminal-to-retire-us=14577
info:  MetalInterop: captured InteropJobId=101 AppFrameId=135 generation=2 slot=1 slot-serial=53 history-id=6 output-id=7 READY=157 DONE=158 CONSUMED=159 copy-record-us=25
info:  WSI: present origin=APPLICATION_SOURCE wsi=180 app=135 internal=0 acquire=185 image=2 generation=2
info:  MetalInterop: committed InteropJobId=101 AppFrameId=135 slot=1 slot-serial=53 native-job=101 READY=157 DONE=158 initial-job-state=1 kernel=rgb_invert_alpha_preserve ready-to-commit-us=1028
info:  WSI: app-completion app=135 app-signal=deferred
info:  WSI: app-frame-latency-signal app=135 via=source-present-retirement
info:  MetalInterop: Vulkan-consumer InteropJobId=101 AppFrameId=135 InternalPresentId=67 generation=2 DONE=158 CONSUMED=159
info:  MetalInterop: Metal output ready InteropJobId=101 AppFrameId=135 slot=1 slot-serial=53 generation=2 DONE=158 event-value=158
info:  MetalInterop: consumer-claimed InteropJobId=101 AppFrameId=135 slot=1 slot-serial=53 generation=2 DONE=158 metal-state=Completed-event-signaled
info:  MetalInterop: terminal InteropJobId=101 AppFrameId=135 slot=1 slot-serial=53 state=VULKAN_CONSUMED terminal-value=159 capture-to-terminal-us=21004
info:  WSI: present origin=INTERNAL_OUTPUT wsi=181 app=0 internal=67 acquire=186 image=0 generation=2
info:  MetalInterop: WSI-submit InteropJobId=101 AppFrameId=135 InternalPresentOpportunityId=101 InternalPresentId=67 WsiPresentId=181 VkPresentResult=VK_SUCCESS
info:  InternalWSI: retirement outcome=presented wsi=181 internal=67 status=VK_SUCCESS app-signals=unchanged actual-display-timing=separate
info:  InternalWSI: queued origin=INTERNAL_OUTPUT wsi=181 internal=67 app=none pattern=metal-invert InteropJobId=101 vkPresent=VK_SUCCESS
info:  InternalWSI: source-present app=136 duration-us=113 hr=0x0
info:  MetalInterop: job-retired InteropJobId=101 AppFrameId=135 slot=1 slot-serial=53 native-job=101 semaphore-value=159 capture-to-retire-us=40323 terminal-to-retire-us=19319
info:  MetalInterop: captured InteropJobId=102 AppFrameId=136 generation=2 slot=1 slot-serial=54 history-id=6 output-id=7 READY=160 DONE=161 CONSUMED=162 copy-record-us=38
info:  WSI: present origin=APPLICATION_SOURCE wsi=182 app=136 internal=0 acquire=187 image=1 generation=2
info:  MetalInterop: committed InteropJobId=102 AppFrameId=136 slot=1 slot-serial=54 native-job=102 READY=160 DONE=161 initial-job-state=1 kernel=rgb_invert_alpha_preserve ready-to-commit-us=789
info:  WSI: app-completion app=136 app-signal=deferred
info:  WSI: app-frame-latency-signal app=136 via=source-present-retirement
info:  MetalInterop: Vulkan-consumer InteropJobId=102 AppFrameId=136 InternalPresentId=68 generation=2 DONE=161 CONSUMED=162
info:  MetalInterop: Metal output ready InteropJobId=102 AppFrameId=136 slot=1 slot-serial=54 generation=2 DONE=161 event-value=161
info:  MetalInterop: consumer-claimed InteropJobId=102 AppFrameId=136 slot=1 slot-serial=54 generation=2 DONE=161 metal-state=Completed-event-signaled
info:  MetalInterop: terminal InteropJobId=102 AppFrameId=136 slot=1 slot-serial=54 state=VULKAN_CONSUMED terminal-value=162 capture-to-terminal-us=24609
info:  WSI: present origin=INTERNAL_OUTPUT wsi=183 app=0 internal=68 acquire=188 image=2 generation=2
info:  MetalInterop: WSI-submit InteropJobId=102 AppFrameId=136 InternalPresentOpportunityId=102 InternalPresentId=68 WsiPresentId=183 VkPresentResult=VK_SUCCESS
info:  InternalWSI: retirement outcome=presented wsi=183 internal=68 status=VK_SUCCESS app-signals=unchanged actual-display-timing=separate
info:  InternalWSI: queued origin=INTERNAL_OUTPUT wsi=183 internal=68 app=none pattern=metal-invert InteropJobId=102 vkPresent=VK_SUCCESS
info:  InternalWSI: source-present app=137 duration-us=85 hr=0x0
info:  MetalInterop: captured InteropJobId=103 AppFrameId=137 generation=2 slot=2 slot-serial=49 history-id=8 output-id=9 READY=145 DONE=146 CONSUMED=147 copy-record-us=20
info:  MetalInterop: job-retired InteropJobId=102 AppFrameId=136 slot=1 slot-serial=54 native-job=102 semaphore-value=162 capture-to-retire-us=33214 terminal-to-retire-us=8605
info:  WSI: present origin=APPLICATION_SOURCE wsi=184 app=137 internal=0 acquire=189 image=0 generation=2
info:  MetalInterop: committed InteropJobId=103 AppFrameId=137 slot=2 slot-serial=49 native-job=103 READY=145 DONE=146 initial-job-state=1 kernel=rgb_invert_alpha_preserve ready-to-commit-us=777
info:  WSI: app-completion app=137 app-signal=deferred
info:  WSI: app-frame-latency-signal app=137 via=source-present-retirement
info:  MetalInterop: Vulkan-consumer InteropJobId=103 AppFrameId=137 InternalPresentId=69 generation=2 DONE=146 CONSUMED=147
info:  MetalInterop: Metal output ready InteropJobId=103 AppFrameId=137 slot=2 slot-serial=49 generation=2 DONE=146 event-value=146
info:  MetalInterop: consumer-claimed InteropJobId=103 AppFrameId=137 slot=2 slot-serial=49 generation=2 DONE=146 metal-state=Completed-event-signaled
info:  MetalInterop: terminal InteropJobId=103 AppFrameId=137 slot=2 slot-serial=49 state=VULKAN_CONSUMED terminal-value=147 capture-to-terminal-us=19602
info:  WSI: present origin=INTERNAL_OUTPUT wsi=185 app=0 internal=69 acquire=190 image=1 generation=2
info:  MetalInterop: WSI-submit InteropJobId=103 AppFrameId=137 InternalPresentOpportunityId=103 InternalPresentId=69 WsiPresentId=185 VkPresentResult=VK_SUCCESS
info:  InternalWSI: retirement outcome=presented wsi=185 internal=69 status=VK_SUCCESS app-signals=unchanged actual-display-timing=separate
info:  InternalWSI: queued origin=INTERNAL_OUTPUT wsi=185 internal=69 app=none pattern=metal-invert InteropJobId=103 vkPresent=VK_SUCCESS
info:  InternalWSI: source-present app=138 duration-us=186 hr=0x0
info:  MetalInterop: job-retired InteropJobId=103 AppFrameId=137 slot=2 slot-serial=49 native-job=103 semaphore-value=147 capture-to-retire-us=33324 terminal-to-retire-us=13722
info:  MetalInterop: captured InteropJobId=104 AppFrameId=138 generation=2 slot=1 slot-serial=55 history-id=6 output-id=7 READY=163 DONE=164 CONSUMED=165 copy-record-us=76
info:  WSI: present origin=APPLICATION_SOURCE wsi=186 app=138 internal=0 acquire=191 image=2 generation=2
info:  MetalInterop: committed InteropJobId=104 AppFrameId=138 slot=1 slot-serial=55 native-job=104 READY=163 DONE=164 initial-job-state=1 kernel=rgb_invert_alpha_preserve ready-to-commit-us=1989
info:  WSI: app-completion app=138 app-signal=deferred
info:  WSI: app-frame-latency-signal app=138 via=source-present-retirement
info:  MetalInterop: Vulkan-consumer InteropJobId=104 AppFrameId=138 InternalPresentId=70 generation=2 DONE=164 CONSUMED=165
info:  MetalInterop: Metal output ready InteropJobId=104 AppFrameId=138 slot=1 slot-serial=55 generation=2 DONE=164 event-value=164
info:  MetalInterop: consumer-claimed InteropJobId=104 AppFrameId=138 slot=1 slot-serial=55 generation=2 DONE=164 metal-state=Completed-event-signaled
info:  MetalInterop: terminal InteropJobId=104 AppFrameId=138 slot=1 slot-serial=55 state=VULKAN_CONSUMED terminal-value=165 capture-to-terminal-us=24120
info:  WSI: present origin=INTERNAL_OUTPUT wsi=187 app=0 internal=70 acquire=192 image=0 generation=2
info:  MetalInterop: WSI-submit InteropJobId=104 AppFrameId=138 InternalPresentOpportunityId=104 InternalPresentId=70 WsiPresentId=187 VkPresentResult=VK_SUCCESS
info:  InternalWSI: retirement outcome=presented wsi=187 internal=70 status=VK_SUCCESS app-signals=unchanged actual-display-timing=separate
info:  InternalWSI: queued origin=INTERNAL_OUTPUT wsi=187 internal=70 app=none pattern=metal-invert InteropJobId=104 vkPresent=VK_SUCCESS
info:  InternalWSI: source-present app=139 duration-us=237 hr=0x0
info:  MetalInterop: captured InteropJobId=105 AppFrameId=139 generation=2 slot=2 slot-serial=50 history-id=8 output-id=9 READY=148 DONE=149 CONSUMED=150 copy-record-us=47
info:  MetalInterop: job-retired InteropJobId=104 AppFrameId=138 slot=1 slot-serial=55 native-job=104 semaphore-value=165 capture-to-retire-us=33811 terminal-to-retire-us=9691
info:  WSI: present origin=APPLICATION_SOURCE wsi=188 app=139 internal=0 acquire=193 image=1 generation=2
info:  MetalInterop: committed InteropJobId=105 AppFrameId=139 slot=2 slot-serial=50 native-job=105 READY=148 DONE=149 initial-job-state=1 kernel=rgb_invert_alpha_preserve ready-to-commit-us=1956
info:  WSI: app-completion app=139 app-signal=deferred
info:  WSI: app-frame-latency-signal app=139 via=source-present-retirement
info:  MetalInterop: Vulkan-consumer InteropJobId=105 AppFrameId=139 InternalPresentId=71 generation=2 DONE=149 CONSUMED=150
info:  MetalInterop: Metal output ready InteropJobId=105 AppFrameId=139 slot=2 slot-serial=50 generation=2 DONE=149 event-value=149
info:  MetalInterop: consumer-claimed InteropJobId=105 AppFrameId=139 slot=2 slot-serial=50 generation=2 DONE=149 metal-state=Completed-event-signaled
info:  MetalInterop: terminal InteropJobId=105 AppFrameId=139 slot=2 slot-serial=50 state=VULKAN_CONSUMED terminal-value=150 capture-to-terminal-us=21848
info:  WSI: present origin=INTERNAL_OUTPUT wsi=189 app=0 internal=71 acquire=194 image=2 generation=2
info:  MetalInterop: WSI-submit InteropJobId=105 AppFrameId=139 InternalPresentOpportunityId=105 InternalPresentId=71 WsiPresentId=189 VkPresentResult=VK_SUCCESS
info:  InternalWSI: retirement outcome=presented wsi=189 internal=71 status=VK_SUCCESS app-signals=unchanged actual-display-timing=separate
info:  InternalWSI: queued origin=INTERNAL_OUTPUT wsi=189 internal=71 app=none pattern=metal-invert InteropJobId=105 vkPresent=VK_SUCCESS
info:  InternalWSI: source-present app=140 duration-us=112 hr=0x0
info:  MetalInterop: job-retired InteropJobId=105 AppFrameId=139 slot=2 slot-serial=50 native-job=105 semaphore-value=150 capture-to-retire-us=30037 terminal-to-retire-us=8189
info:  MetalInterop: captured InteropJobId=106 AppFrameId=140 generation=2 slot=1 slot-serial=56 history-id=6 output-id=7 READY=166 DONE=167 CONSUMED=168 copy-record-us=28
info:  WSI: present origin=APPLICATION_SOURCE wsi=190 app=140 internal=0 acquire=195 image=0 generation=2
info:  MetalInterop: committed InteropJobId=106 AppFrameId=140 slot=1 slot-serial=56 native-job=106 READY=166 DONE=167 initial-job-state=1 kernel=rgb_invert_alpha_preserve ready-to-commit-us=1011
info:  WSI: app-completion app=140 app-signal=deferred
info:  WSI: app-frame-latency-signal app=140 via=source-present-retirement
info:  MetalInterop: Vulkan-consumer InteropJobId=106 AppFrameId=140 InternalPresentId=72 generation=2 DONE=167 CONSUMED=168
info:  MetalInterop: Metal output ready InteropJobId=106 AppFrameId=140 slot=1 slot-serial=56 generation=2 DONE=167 event-value=167
info:  MetalInterop: consumer-claimed InteropJobId=106 AppFrameId=140 slot=1 slot-serial=56 generation=2 DONE=167 metal-state=Completed-event-signaled
info:  MetalInterop: terminal InteropJobId=106 AppFrameId=140 slot=1 slot-serial=56 state=VULKAN_CONSUMED terminal-value=168 capture-to-terminal-us=20121
info:  WSI: present origin=INTERNAL_OUTPUT wsi=191 app=0 internal=72 acquire=196 image=1 generation=2
info:  MetalInterop: WSI-submit InteropJobId=106 AppFrameId=140 InternalPresentOpportunityId=106 InternalPresentId=72 WsiPresentId=191 VkPresentResult=VK_SUCCESS
info:  InternalWSI: retirement outcome=presented wsi=191 internal=72 status=VK_SUCCESS app-signals=unchanged actual-display-timing=separate
info:  InternalWSI: queued origin=INTERNAL_OUTPUT wsi=191 internal=72 app=none pattern=metal-invert InteropJobId=106 vkPresent=VK_SUCCESS
info:  InternalWSI: source-present app=141 duration-us=246 hr=0x0
info:  MetalInterop: job-retired InteropJobId=106 AppFrameId=140 slot=1 slot-serial=56 native-job=106 semaphore-value=168 capture-to-retire-us=33511 terminal-to-retire-us=13390
info:  MetalInterop: captured InteropJobId=107 AppFrameId=141 generation=2 slot=1 slot-serial=57 history-id=6 output-id=7 READY=169 DONE=170 CONSUMED=171 copy-record-us=42
info:  WSI: present origin=APPLICATION_SOURCE wsi=192 app=141 internal=0 acquire=197 image=2 generation=2
info:  MetalInterop: committed InteropJobId=107 AppFrameId=141 slot=1 slot-serial=57 native-job=107 READY=169 DONE=170 initial-job-state=1 kernel=rgb_invert_alpha_preserve ready-to-commit-us=1886
info:  WSI: app-completion app=141 app-signal=deferred
info:  WSI: app-frame-latency-signal app=141 via=source-present-retirement
info:  MetalInterop: Vulkan-consumer InteropJobId=107 AppFrameId=141 InternalPresentId=73 generation=2 DONE=170 CONSUMED=171
info:  MetalInterop: Metal output ready InteropJobId=107 AppFrameId=141 slot=1 slot-serial=57 generation=2 DONE=170 event-value=170
info:  MetalInterop: consumer-claimed InteropJobId=107 AppFrameId=141 slot=1 slot-serial=57 generation=2 DONE=170 metal-state=Completed-event-signaled
info:  MetalInterop: terminal InteropJobId=107 AppFrameId=141 slot=1 slot-serial=57 state=VULKAN_CONSUMED terminal-value=171 capture-to-terminal-us=24003
info:  WSI: present origin=INTERNAL_OUTPUT wsi=193 app=0 internal=73 acquire=198 image=0 generation=2
info:  MetalInterop: WSI-submit InteropJobId=107 AppFrameId=141 InternalPresentOpportunityId=107 InternalPresentId=73 WsiPresentId=193 VkPresentResult=VK_SUCCESS
info:  InternalWSI: retirement outcome=presented wsi=193 internal=73 status=VK_SUCCESS app-signals=unchanged actual-display-timing=separate
info:  InternalWSI: queued origin=INTERNAL_OUTPUT wsi=193 internal=73 app=none pattern=metal-invert InteropJobId=107 vkPresent=VK_SUCCESS
info:  InternalWSI: source-present app=142 duration-us=488 hr=0x0
info:  MetalInterop: job-retired InteropJobId=107 AppFrameId=141 slot=1 slot-serial=57 native-job=107 semaphore-value=171 capture-to-retire-us=36906 terminal-to-retire-us=12903
info:  MetalInterop: captured InteropJobId=108 AppFrameId=142 generation=2 slot=1 slot-serial=58 history-id=6 output-id=7 READY=172 DONE=173 CONSUMED=174 copy-record-us=19
info:  WSI: present origin=APPLICATION_SOURCE wsi=194 app=142 internal=0 acquire=199 image=1 generation=2
info:  MetalInterop: committed InteropJobId=108 AppFrameId=142 slot=1 slot-serial=58 native-job=108 READY=172 DONE=173 initial-job-state=1 kernel=rgb_invert_alpha_preserve ready-to-commit-us=1000
info:  WSI: app-completion app=142 app-signal=deferred
info:  WSI: app-frame-latency-signal app=142 via=source-present-retirement
info:  MetalInterop: Vulkan-consumer InteropJobId=108 AppFrameId=142 InternalPresentId=74 generation=2 DONE=173 CONSUMED=174
warn:  InternalWSI: lease validation failed before submit internal=74 acquire=200 image=2 generation=2 expected=2 current=2 dirty-surface=0 dirty-swapchain=0 source-acquire-intent=1 source-frame-pending=0
info:  InternalWSI: released pre-submit image lease acquire=200 image=2 generation=2 cached-acquire=preserved
info:  InternalWSI: retirement outcome=failed wsi=0 internal=74 status=VK_ERROR_VALIDATION_FAILED_EXT app-signals=unchanged actual-display-timing=separate
info:  InternalWSI: dropped opportunity=108 reason=lease-validation-before-submit generation=2
info:  InternalWSI: source-present app=143 duration-us=380 hr=0x0
info:  MetalInterop: captured InteropJobId=109 AppFrameId=143 generation=2 slot=2 slot-serial=51 history-id=8 output-id=9 READY=151 DONE=152 CONSUMED=153 copy-record-us=38
info:  MetalInterop: terminal InteropJobId=108 AppFrameId=142 slot=1 slot-serial=58 state=lease-validation-before-submit terminal-value=173 capture-to-terminal-us=24016
info:  MetalInterop: job-retired InteropJobId=108 AppFrameId=142 slot=1 slot-serial=58 native-job=108 semaphore-value=173 capture-to-retire-us=24191 terminal-to-retire-us=175
info:  WSI: present origin=APPLICATION_SOURCE wsi=195 app=143 internal=0 acquire=201 image=2 generation=2
info:  MetalInterop: committed InteropJobId=109 AppFrameId=143 slot=2 slot-serial=51 native-job=109 READY=151 DONE=152 initial-job-state=1 kernel=rgb_invert_alpha_preserve ready-to-commit-us=2522
info:  WSI: app-frame-latency-signal app=143 via=source-submit-completion
info:  WSI: app-completion app=143 app-signal=signaled
info:  MetalInterop: Vulkan-consumer InteropJobId=109 AppFrameId=143 InternalPresentId=75 generation=2 DONE=152 CONSUMED=153
info:  MetalInterop: Metal output ready InteropJobId=109 AppFrameId=143 slot=2 slot-serial=51 generation=2 DONE=152 event-value=152
info:  MetalInterop: consumer-claimed InteropJobId=109 AppFrameId=143 slot=2 slot-serial=51 generation=2 DONE=152 metal-state=Completed-event-signaled
info:  MetalInterop: terminal InteropJobId=109 AppFrameId=143 slot=2 slot-serial=51 state=VULKAN_CONSUMED terminal-value=153 capture-to-terminal-us=20257
info:  WSI: present origin=INTERNAL_OUTPUT wsi=196 app=0 internal=75 acquire=202 image=0 generation=2
info:  MetalInterop: WSI-submit InteropJobId=109 AppFrameId=143 InternalPresentOpportunityId=109 InternalPresentId=75 WsiPresentId=196 VkPresentResult=VK_SUCCESS
info:  InternalWSI: retirement outcome=presented wsi=196 internal=75 status=VK_SUCCESS app-signals=unchanged actual-display-timing=separate
info:  InternalWSI: queued origin=INTERNAL_OUTPUT wsi=196 internal=75 app=none pattern=metal-invert InteropJobId=109 vkPresent=VK_SUCCESS
info:  InternalWSI: source-present app=144 duration-us=253 hr=0x0
info:  MetalInterop: captured InteropJobId=110 AppFrameId=144 generation=2 slot=1 slot-serial=59 history-id=6 output-id=7 READY=175 DONE=176 CONSUMED=177 copy-record-us=45
info:  MetalInterop: job-retired InteropJobId=109 AppFrameId=143 slot=2 slot-serial=51 native-job=109 semaphore-value=153 capture-to-retire-us=42029 terminal-to-retire-us=21772
info:  WSI: present origin=APPLICATION_SOURCE wsi=197 app=144 internal=0 acquire=203 image=1 generation=2
info:  MetalInterop: committed InteropJobId=110 AppFrameId=144 slot=1 slot-serial=59 native-job=110 READY=175 DONE=176 initial-job-state=1 kernel=rgb_invert_alpha_preserve ready-to-commit-us=2842
info:  WSI: app-frame-latency-signal app=144 via=source-submit-completion
info:  WSI: app-completion app=144 app-signal=signaled
info:  MetalInterop: Vulkan-consumer InteropJobId=110 AppFrameId=144 InternalPresentId=76 generation=2 DONE=176 CONSUMED=177
warn:  InternalWSI: lease validation failed before submit internal=76 acquire=204 image=2 generation=2 expected=2 current=2 dirty-surface=0 dirty-swapchain=0 source-acquire-intent=1 source-frame-pending=0
info:  InternalWSI: released pre-submit image lease acquire=204 image=2 generation=2 cached-acquire=preserved
info:  InternalWSI: retirement outcome=failed wsi=0 internal=76 status=VK_ERROR_VALIDATION_FAILED_EXT app-signals=unchanged actual-display-timing=separate
info:  InternalWSI: dropped opportunity=110 reason=lease-validation-before-submit generation=2
info:  InternalWSI: source-present app=145 duration-us=1784 hr=0x0
info:  MetalInterop: captured InteropJobId=111 AppFrameId=145 generation=2 slot=2 slot-serial=52 history-id=8 output-id=9 READY=154 DONE=155 CONSUMED=156 copy-record-us=48
info:  MetalInterop: terminal InteropJobId=110 AppFrameId=144 slot=1 slot-serial=59 state=lease-validation-before-submit terminal-value=176 capture-to-terminal-us=29857
info:  MetalInterop: job-retired InteropJobId=110 AppFrameId=144 slot=1 slot-serial=59 native-job=110 semaphore-value=176 capture-to-retire-us=30111 terminal-to-retire-us=254
info:  WSI: present origin=APPLICATION_SOURCE wsi=198 app=145 internal=0 acquire=205 image=2 generation=2
info:  MetalInterop: committed InteropJobId=111 AppFrameId=145 slot=2 slot-serial=52 native-job=111 READY=154 DONE=155 initial-job-state=1 kernel=rgb_invert_alpha_preserve ready-to-commit-us=3367
info:  WSI: app-frame-latency-signal app=145 via=source-submit-completion
info:  WSI: app-completion app=145 app-signal=signaled
info:  MetalInterop: Vulkan-consumer InteropJobId=111 AppFrameId=145 InternalPresentId=77 generation=2 DONE=155 CONSUMED=156
info:  MetalInterop: Metal output ready InteropJobId=111 AppFrameId=145 slot=2 slot-serial=52 generation=2 DONE=155 event-value=155
info:  MetalInterop: consumer-claimed InteropJobId=111 AppFrameId=145 slot=2 slot-serial=52 generation=2 DONE=155 metal-state=Completed-event-signaled
info:  MetalInterop: terminal InteropJobId=111 AppFrameId=145 slot=2 slot-serial=52 state=VULKAN_CONSUMED terminal-value=156 capture-to-terminal-us=21388
info:  WSI: present origin=INTERNAL_OUTPUT wsi=199 app=0 internal=77 acquire=206 image=0 generation=2
info:  MetalInterop: WSI-submit InteropJobId=111 AppFrameId=145 InternalPresentOpportunityId=111 InternalPresentId=77 WsiPresentId=199 VkPresentResult=VK_SUCCESS
info:  InternalWSI: retirement outcome=presented wsi=199 internal=77 status=VK_SUCCESS app-signals=unchanged actual-display-timing=separate
info:  InternalWSI: queued origin=INTERNAL_OUTPUT wsi=199 internal=77 app=none pattern=metal-invert InteropJobId=111 vkPresent=VK_SUCCESS
info:  InternalWSI: source-present app=146 duration-us=223 hr=0x0
info:  MetalInterop: job-retired InteropJobId=111 AppFrameId=145 slot=2 slot-serial=52 native-job=111 semaphore-value=156 capture-to-retire-us=29108 terminal-to-retire-us=7720
info:  MetalInterop: captured InteropJobId=112 AppFrameId=146 generation=2 slot=1 slot-serial=60 history-id=6 output-id=7 READY=178 DONE=179 CONSUMED=180 copy-record-us=109
info:  WSI: present origin=APPLICATION_SOURCE wsi=200 app=146 internal=0 acquire=207 image=1 generation=2
info:  MetalInterop: committed InteropJobId=112 AppFrameId=146 slot=1 slot-serial=60 native-job=112 READY=178 DONE=179 initial-job-state=1 kernel=rgb_invert_alpha_preserve ready-to-commit-us=2930
info:  WSI: app-frame-latency-signal app=146 via=source-submit-completion
info:  WSI: app-completion app=146 app-signal=signaled
info:  MetalInterop: Vulkan-consumer InteropJobId=112 AppFrameId=146 InternalPresentId=78 generation=2 DONE=179 CONSUMED=180
info:  MetalInterop: Metal output ready InteropJobId=112 AppFrameId=146 slot=1 slot-serial=60 generation=2 DONE=179 event-value=179
info:  MetalInterop: consumer-claimed InteropJobId=112 AppFrameId=146 slot=1 slot-serial=60 generation=2 DONE=179 metal-state=Completed-event-signaled
info:  MetalInterop: terminal InteropJobId=112 AppFrameId=146 slot=1 slot-serial=60 state=VULKAN_CONSUMED terminal-value=180 capture-to-terminal-us=23950
info:  WSI: present origin=INTERNAL_OUTPUT wsi=201 app=0 internal=78 acquire=208 image=2 generation=2
info:  MetalInterop: WSI-submit InteropJobId=112 AppFrameId=146 InternalPresentOpportunityId=112 InternalPresentId=78 WsiPresentId=201 VkPresentResult=VK_SUCCESS
info:  InternalWSI: retirement outcome=presented wsi=201 internal=78 status=VK_SUCCESS app-signals=unchanged actual-display-timing=separate
info:  InternalWSI: queued origin=INTERNAL_OUTPUT wsi=201 internal=78 app=none pattern=metal-invert InteropJobId=112 vkPresent=VK_SUCCESS
info:  InternalWSI: source-present app=147 duration-us=237 hr=0x0
info:  MetalInterop: job-retired InteropJobId=112 AppFrameId=146 slot=1 slot-serial=60 native-job=112 semaphore-value=180 capture-to-retire-us=37556 terminal-to-retire-us=13606
info:  MetalInterop: captured InteropJobId=113 AppFrameId=147 generation=2 slot=2 slot-serial=53 history-id=8 output-id=9 READY=157 DONE=158 CONSUMED=159 copy-record-us=153
info:  WSI: present origin=APPLICATION_SOURCE wsi=202 app=147 internal=0 acquire=209 image=0 generation=2
info:  MetalInterop: committed InteropJobId=113 AppFrameId=147 slot=2 slot-serial=53 native-job=113 READY=157 DONE=158 initial-job-state=1 kernel=rgb_invert_alpha_preserve ready-to-commit-us=2286
info:  WSI: app-frame-latency-signal app=147 via=source-submit-completion
info:  WSI: app-completion app=147 app-signal=signaled
info:  MetalInterop: Vulkan-consumer InteropJobId=113 AppFrameId=147 InternalPresentId=79 generation=2 DONE=158 CONSUMED=159
info:  MetalInterop: Metal output ready InteropJobId=113 AppFrameId=147 slot=2 slot-serial=53 generation=2 DONE=158 event-value=158
info:  MetalInterop: consumer-claimed InteropJobId=113 AppFrameId=147 slot=2 slot-serial=53 generation=2 DONE=158 metal-state=Completed-event-signaled
info:  MetalInterop: terminal InteropJobId=113 AppFrameId=147 slot=2 slot-serial=53 state=VULKAN_CONSUMED terminal-value=159 capture-to-terminal-us=25465
info:  WSI: present origin=INTERNAL_OUTPUT wsi=203 app=0 internal=79 acquire=210 image=1 generation=2
info:  MetalInterop: WSI-submit InteropJobId=113 AppFrameId=147 InternalPresentOpportunityId=113 InternalPresentId=79 WsiPresentId=203 VkPresentResult=VK_SUCCESS
info:  InternalWSI: retirement outcome=presented wsi=203 internal=79 status=VK_SUCCESS app-signals=unchanged actual-display-timing=separate
info:  InternalWSI: queued origin=INTERNAL_OUTPUT wsi=203 internal=79 app=none pattern=metal-invert InteropJobId=113 vkPresent=VK_SUCCESS
info:  InternalWSI: source-present app=148 duration-us=416 hr=0x0
info:  MetalInterop: captured InteropJobId=114 AppFrameId=148 generation=2 slot=1 slot-serial=61 history-id=6 output-id=7 READY=181 DONE=182 CONSUMED=183 copy-record-us=42
info:  MetalInterop: job-retired InteropJobId=113 AppFrameId=147 slot=2 slot-serial=53 native-job=113 semaphore-value=159 capture-to-retire-us=38746 terminal-to-retire-us=13281
info:  WSI: present origin=APPLICATION_SOURCE wsi=204 app=148 internal=0 acquire=211 image=2 generation=2
info:  MetalInterop: committed InteropJobId=114 AppFrameId=148 slot=1 slot-serial=61 native-job=114 READY=181 DONE=182 initial-job-state=1 kernel=rgb_invert_alpha_preserve ready-to-commit-us=3670
info:  WSI: app-frame-latency-signal app=148 via=source-submit-completion
info:  WSI: app-completion app=148 app-signal=signaled
info:  MetalInterop: Vulkan-consumer InteropJobId=114 AppFrameId=148 InternalPresentId=80 generation=2 DONE=182 CONSUMED=183
info:  MetalInterop: Metal output ready InteropJobId=114 AppFrameId=148 slot=1 slot-serial=61 generation=2 DONE=182 event-value=182
info:  MetalInterop: consumer-claimed InteropJobId=114 AppFrameId=148 slot=1 slot-serial=61 generation=2 DONE=182 metal-state=Completed-event-signaled
info:  MetalInterop: terminal InteropJobId=114 AppFrameId=148 slot=1 slot-serial=61 state=VULKAN_CONSUMED terminal-value=183 capture-to-terminal-us=27379
info:  WSI: present origin=INTERNAL_OUTPUT wsi=205 app=0 internal=80 acquire=212 image=0 generation=2
info:  MetalInterop: WSI-submit InteropJobId=114 AppFrameId=148 InternalPresentOpportunityId=114 InternalPresentId=80 WsiPresentId=205 VkPresentResult=VK_SUCCESS
info:  InternalWSI: retirement outcome=presented wsi=205 internal=80 status=VK_SUCCESS app-signals=unchanged actual-display-timing=separate
info:  InternalWSI: queued origin=INTERNAL_OUTPUT wsi=205 internal=80 app=none pattern=metal-invert InteropJobId=114 vkPresent=VK_SUCCESS
info:  InternalWSI: source-present app=149 duration-us=223 hr=0x0
info:  MetalInterop: captured InteropJobId=115 AppFrameId=149 generation=2 slot=2 slot-serial=54 history-id=8 output-id=9 READY=160 DONE=161 CONSUMED=162 copy-record-us=129
info:  MetalInterop: job-retired InteropJobId=114 AppFrameId=148 slot=1 slot-serial=61 native-job=114 semaphore-value=183 capture-to-retire-us=29981 terminal-to-retire-us=2602
info:  WSI: present origin=APPLICATION_SOURCE wsi=206 app=149 internal=0 acquire=213 image=1 generation=2
info:  MetalInterop: committed InteropJobId=115 AppFrameId=149 slot=2 slot-serial=54 native-job=115 READY=160 DONE=161 initial-job-state=1 kernel=rgb_invert_alpha_preserve ready-to-commit-us=3818
info:  WSI: app-frame-latency-signal app=149 via=source-submit-completion
info:  WSI: app-completion app=149 app-signal=signaled
info:  MetalInterop: Vulkan-consumer InteropJobId=115 AppFrameId=149 InternalPresentId=81 generation=2 DONE=161 CONSUMED=162
info:  MetalInterop: Metal output ready InteropJobId=115 AppFrameId=149 slot=2 slot-serial=54 generation=2 DONE=161 event-value=161
info:  MetalInterop: consumer-claimed InteropJobId=115 AppFrameId=149 slot=2 slot-serial=54 generation=2 DONE=161 metal-state=Completed-event-signaled
info:  MetalInterop: terminal InteropJobId=115 AppFrameId=149 slot=2 slot-serial=54 state=VULKAN_CONSUMED terminal-value=162 capture-to-terminal-us=22246
info:  WSI: present origin=INTERNAL_OUTPUT wsi=207 app=0 internal=81 acquire=214 image=2 generation=2
info:  MetalInterop: WSI-submit InteropJobId=115 AppFrameId=149 InternalPresentOpportunityId=115 InternalPresentId=81 WsiPresentId=207 VkPresentResult=VK_SUCCESS
info:  InternalWSI: retirement outcome=presented wsi=207 internal=81 status=VK_SUCCESS app-signals=unchanged actual-display-timing=separate
info:  InternalWSI: queued origin=INTERNAL_OUTPUT wsi=207 internal=81 app=none pattern=metal-invert InteropJobId=115 vkPresent=VK_SUCCESS
info:  InternalWSI: source-present app=150 duration-us=137 hr=0x0
info:  MetalInterop: captured InteropJobId=116 AppFrameId=150 generation=2 slot=1 slot-serial=62 history-id=6 output-id=7 READY=184 DONE=185 CONSUMED=186 copy-record-us=119
info:  MetalInterop: job-retired InteropJobId=115 AppFrameId=149 slot=2 slot-serial=54 native-job=115 semaphore-value=162 capture-to-retire-us=35926 terminal-to-retire-us=13680
info:  WSI: present origin=APPLICATION_SOURCE wsi=208 app=150 internal=0 acquire=215 image=0 generation=2
info:  MetalInterop: committed InteropJobId=116 AppFrameId=150 slot=1 slot-serial=62 native-job=116 READY=184 DONE=185 initial-job-state=1 kernel=rgb_invert_alpha_preserve ready-to-commit-us=993
info:  WSI: app-completion app=150 app-signal=deferred
info:  WSI: app-frame-latency-signal app=150 via=source-present-retirement
info:  MetalInterop: Vulkan-consumer InteropJobId=116 AppFrameId=150 InternalPresentId=82 generation=2 DONE=185 CONSUMED=186
info:  MetalInterop: Metal output ready InteropJobId=116 AppFrameId=150 slot=1 slot-serial=62 generation=2 DONE=185 event-value=185
info:  MetalInterop: consumer-claimed InteropJobId=116 AppFrameId=150 slot=1 slot-serial=62 generation=2 DONE=185 metal-state=Completed-event-signaled
info:  MetalInterop: terminal InteropJobId=116 AppFrameId=150 slot=1 slot-serial=62 state=VULKAN_CONSUMED terminal-value=186 capture-to-terminal-us=20856
info:  WSI: present origin=INTERNAL_OUTPUT wsi=209 app=0 internal=82 acquire=216 image=1 generation=2
info:  MetalInterop: WSI-submit InteropJobId=116 AppFrameId=150 InternalPresentOpportunityId=116 InternalPresentId=82 WsiPresentId=209 VkPresentResult=VK_SUCCESS
info:  InternalWSI: queued origin=INTERNAL_OUTPUT wsi=209 internal=82 app=none pattern=metal-invert InteropJobId=116 vkPresent=VK_SUCCESS
info:  InternalWSI: retirement outcome=presented wsi=209 internal=82 status=VK_SUCCESS app-signals=unchanged actual-display-timing=separate
info:  InternalWSI: source-present app=151 duration-us=93 hr=0x0
info:  MetalInterop: captured InteropJobId=117 AppFrameId=151 generation=2 slot=2 slot-serial=55 history-id=8 output-id=9 READY=163 DONE=164 CONSUMED=165 copy-record-us=16
info:  MetalInterop: job-retired InteropJobId=116 AppFrameId=150 slot=1 slot-serial=62 native-job=116 semaphore-value=186 capture-to-retire-us=33378 terminal-to-retire-us=12522
info:  WSI: present origin=APPLICATION_SOURCE wsi=210 app=151 internal=0 acquire=217 image=2 generation=2
info:  MetalInterop: committed InteropJobId=117 AppFrameId=151 slot=2 slot-serial=55 native-job=117 READY=163 DONE=164 initial-job-state=1 kernel=rgb_invert_alpha_preserve ready-to-commit-us=693
info:  WSI: app-completion app=151 app-signal=deferred
info:  WSI: app-frame-latency-signal app=151 via=source-present-retirement
info:  MetalInterop: Vulkan-consumer InteropJobId=117 AppFrameId=151 InternalPresentId=83 generation=2 DONE=164 CONSUMED=165
info:  MetalInterop: Metal output ready InteropJobId=117 AppFrameId=151 slot=2 slot-serial=55 generation=2 DONE=164 event-value=164
info:  MetalInterop: consumer-claimed InteropJobId=117 AppFrameId=151 slot=2 slot-serial=55 generation=2 DONE=164 metal-state=Completed-event-signaled
info:  MetalInterop: terminal InteropJobId=117 AppFrameId=151 slot=2 slot-serial=55 state=VULKAN_CONSUMED terminal-value=165 capture-to-terminal-us=19227
info:  WSI: present origin=INTERNAL_OUTPUT wsi=211 app=0 internal=83 acquire=218 image=0 generation=2
info:  MetalInterop: WSI-submit InteropJobId=117 AppFrameId=151 InternalPresentOpportunityId=117 InternalPresentId=83 WsiPresentId=211 VkPresentResult=VK_SUCCESS
info:  InternalWSI: retirement outcome=presented wsi=211 internal=83 status=VK_SUCCESS app-signals=unchanged actual-display-timing=separate
info:  InternalWSI: queued origin=INTERNAL_OUTPUT wsi=211 internal=83 app=none pattern=metal-invert InteropJobId=117 vkPresent=VK_SUCCESS
info:  InternalWSI: source-present app=152 duration-us=83 hr=0x0
info:  MetalInterop: captured InteropJobId=118 AppFrameId=152 generation=2 slot=1 slot-serial=63 history-id=6 output-id=7 READY=187 DONE=188 CONSUMED=189 copy-record-us=74
info:  MetalInterop: job-retired InteropJobId=117 AppFrameId=151 slot=2 slot-serial=55 native-job=117 semaphore-value=165 capture-to-retire-us=33358 terminal-to-retire-us=14131
info:  WSI: present origin=APPLICATION_SOURCE wsi=212 app=152 internal=0 acquire=219 image=1 generation=2
info:  MetalInterop: committed InteropJobId=118 AppFrameId=152 slot=1 slot-serial=63 native-job=118 READY=187 DONE=188 initial-job-state=1 kernel=rgb_invert_alpha_preserve ready-to-commit-us=775
info:  WSI: app-completion app=152 app-signal=deferred
info:  WSI: app-frame-latency-signal app=152 via=source-present-retirement
info:  MetalInterop: Vulkan-consumer InteropJobId=118 AppFrameId=152 InternalPresentId=84 generation=2 DONE=188 CONSUMED=189
info:  MetalInterop: Metal output ready InteropJobId=118 AppFrameId=152 slot=1 slot-serial=63 generation=2 DONE=188 event-value=188
info:  MetalInterop: consumer-claimed InteropJobId=118 AppFrameId=152 slot=1 slot-serial=63 generation=2 DONE=188 metal-state=Completed-event-signaled
info:  MetalInterop: terminal InteropJobId=118 AppFrameId=152 slot=1 slot-serial=63 state=VULKAN_CONSUMED terminal-value=189 capture-to-terminal-us=20675
info:  WSI: present origin=INTERNAL_OUTPUT wsi=213 app=0 internal=84 acquire=220 image=2 generation=2
info:  MetalInterop: WSI-submit InteropJobId=118 AppFrameId=152 InternalPresentOpportunityId=118 InternalPresentId=84 WsiPresentId=213 VkPresentResult=VK_SUCCESS
info:  InternalWSI: retirement outcome=presented wsi=213 internal=84 status=VK_SUCCESS app-signals=unchanged actual-display-timing=separate
info:  InternalWSI: queued origin=INTERNAL_OUTPUT wsi=213 internal=84 app=none pattern=metal-invert InteropJobId=118 vkPresent=VK_SUCCESS
info:  InternalWSI: source-present app=153 duration-us=88 hr=0x0
info:  MetalInterop: job-retired InteropJobId=118 AppFrameId=152 slot=1 slot-serial=63 native-job=118 semaphore-value=189 capture-to-retire-us=26553 terminal-to-retire-us=5878
info:  MetalInterop: captured InteropJobId=119 AppFrameId=153 generation=2 slot=1 slot-serial=64 history-id=6 output-id=7 READY=190 DONE=191 CONSUMED=192 copy-record-us=15
info:  WSI: present origin=APPLICATION_SOURCE wsi=214 app=153 internal=0 acquire=221 image=0 generation=2
info:  MetalInterop: committed InteropJobId=119 AppFrameId=153 slot=1 slot-serial=64 native-job=119 READY=190 DONE=191 initial-job-state=1 kernel=rgb_invert_alpha_preserve ready-to-commit-us=897
info:  WSI: app-completion app=153 app-signal=deferred
info:  WSI: app-frame-latency-signal app=153 via=source-present-retirement
info:  MetalInterop: Vulkan-consumer InteropJobId=119 AppFrameId=153 InternalPresentId=85 generation=2 DONE=191 CONSUMED=192
info:  MetalInterop: Metal output ready InteropJobId=119 AppFrameId=153 slot=1 slot-serial=64 generation=2 DONE=191 event-value=191
info:  MetalInterop: consumer-claimed InteropJobId=119 AppFrameId=153 slot=1 slot-serial=64 generation=2 DONE=191 metal-state=Completed-event-signaled
info:  MetalInterop: terminal InteropJobId=119 AppFrameId=153 slot=1 slot-serial=64 state=VULKAN_CONSUMED terminal-value=192 capture-to-terminal-us=20690
info:  WSI: present origin=INTERNAL_OUTPUT wsi=215 app=0 internal=85 acquire=222 image=1 generation=2
info:  MetalInterop: WSI-submit InteropJobId=119 AppFrameId=153 InternalPresentOpportunityId=119 InternalPresentId=85 WsiPresentId=215 VkPresentResult=VK_SUCCESS
info:  InternalWSI: retirement outcome=presented wsi=215 internal=85 status=VK_SUCCESS app-signals=unchanged actual-display-timing=separate
info:  InternalWSI: queued origin=INTERNAL_OUTPUT wsi=215 internal=85 app=none pattern=metal-invert InteropJobId=119 vkPresent=VK_SUCCESS
info:  InternalWSI: source-present app=154 duration-us=114 hr=0x0
info:  MetalInterop: job-retired InteropJobId=119 AppFrameId=153 slot=1 slot-serial=64 native-job=119 semaphore-value=192 capture-to-retire-us=39402 terminal-to-retire-us=18712
info:  MetalInterop: captured InteropJobId=120 AppFrameId=154 generation=2 slot=2 slot-serial=56 history-id=8 output-id=9 READY=166 DONE=167 CONSUMED=168 copy-record-us=117
info:  WSI: present origin=APPLICATION_SOURCE wsi=216 app=154 internal=0 acquire=223 image=2 generation=2
info:  MetalInterop: committed InteropJobId=120 AppFrameId=154 slot=2 slot-serial=56 native-job=120 READY=166 DONE=167 initial-job-state=1 kernel=rgb_invert_alpha_preserve ready-to-commit-us=953
info:  WSI: app-completion app=154 app-signal=deferred
info:  WSI: app-frame-latency-signal app=154 via=source-present-retirement
info:  MetalInterop: Vulkan-consumer InteropJobId=120 AppFrameId=154 InternalPresentId=86 generation=2 DONE=167 CONSUMED=168
info:  MetalInterop: Metal output ready InteropJobId=120 AppFrameId=154 slot=2 slot-serial=56 generation=2 DONE=167 event-value=167
info:  MetalInterop: consumer-claimed InteropJobId=120 AppFrameId=154 slot=2 slot-serial=56 generation=2 DONE=167 metal-state=Completed-event-signaled
info:  MetalInterop: terminal InteropJobId=120 AppFrameId=154 slot=2 slot-serial=56 state=VULKAN_CONSUMED terminal-value=168 capture-to-terminal-us=24412
info:  WSI: present origin=INTERNAL_OUTPUT wsi=217 app=0 internal=86 acquire=224 image=0 generation=2
info:  MetalInterop: WSI-submit InteropJobId=120 AppFrameId=154 InternalPresentOpportunityId=120 InternalPresentId=86 WsiPresentId=217 VkPresentResult=VK_SUCCESS
info:  InternalWSI: retirement outcome=presented wsi=217 internal=86 status=VK_SUCCESS app-signals=unchanged actual-display-timing=separate
info:  InternalWSI: queued origin=INTERNAL_OUTPUT wsi=217 internal=86 app=none pattern=metal-invert InteropJobId=120 vkPresent=VK_SUCCESS
info:  InternalWSI: source-present app=155 duration-us=118 hr=0x0
info:  MetalInterop: job-retired InteropJobId=120 AppFrameId=154 slot=2 slot-serial=56 native-job=120 semaphore-value=168 capture-to-retire-us=27310 terminal-to-retire-us=2898
info:  MetalInterop: captured InteropJobId=121 AppFrameId=155 generation=2 slot=1 slot-serial=65 history-id=6 output-id=7 READY=193 DONE=194 CONSUMED=195 copy-record-us=24
info:  WSI: present origin=APPLICATION_SOURCE wsi=218 app=155 internal=0 acquire=225 image=1 generation=2
info:  MetalInterop: committed InteropJobId=121 AppFrameId=155 slot=1 slot-serial=65 native-job=121 READY=193 DONE=194 initial-job-state=1 kernel=rgb_invert_alpha_preserve ready-to-commit-us=763
info:  WSI: app-completion app=155 app-signal=deferred
info:  WSI: app-frame-latency-signal app=155 via=source-present-retirement
info:  MetalInterop: Vulkan-consumer InteropJobId=121 AppFrameId=155 InternalPresentId=87 generation=2 DONE=194 CONSUMED=195
info:  MetalInterop: Metal output ready InteropJobId=121 AppFrameId=155 slot=1 slot-serial=65 generation=2 DONE=194 event-value=194
info:  MetalInterop: consumer-claimed InteropJobId=121 AppFrameId=155 slot=1 slot-serial=65 generation=2 DONE=194 metal-state=Completed-event-signaled
info:  MetalInterop: terminal InteropJobId=121 AppFrameId=155 slot=1 slot-serial=65 state=VULKAN_CONSUMED terminal-value=195 capture-to-terminal-us=17053
info:  WSI: present origin=INTERNAL_OUTPUT wsi=219 app=0 internal=87 acquire=226 image=2 generation=2
info:  MetalInterop: WSI-submit InteropJobId=121 AppFrameId=155 InternalPresentOpportunityId=121 InternalPresentId=87 WsiPresentId=219 VkPresentResult=VK_SUCCESS
info:  InternalWSI: retirement outcome=presented wsi=219 internal=87 status=VK_SUCCESS app-signals=unchanged actual-display-timing=separate
info:  InternalWSI: queued origin=INTERNAL_OUTPUT wsi=219 internal=87 app=none pattern=metal-invert InteropJobId=121 vkPresent=VK_SUCCESS
info:  InternalWSI: source-present app=156 duration-us=100 hr=0x0
info:  MetalInterop: job-retired InteropJobId=121 AppFrameId=155 slot=1 slot-serial=65 native-job=121 semaphore-value=195 capture-to-retire-us=40010 terminal-to-retire-us=22957
info:  MetalInterop: captured InteropJobId=122 AppFrameId=156 generation=2 slot=2 slot-serial=57 history-id=8 output-id=9 READY=169 DONE=170 CONSUMED=171 copy-record-us=23
info:  WSI: present origin=APPLICATION_SOURCE wsi=220 app=156 internal=0 acquire=227 image=0 generation=2
info:  MetalInterop: committed InteropJobId=122 AppFrameId=156 slot=2 slot-serial=57 native-job=122 READY=169 DONE=170 initial-job-state=1 kernel=rgb_invert_alpha_preserve ready-to-commit-us=889
info:  WSI: app-completion app=156 app-signal=deferred
info:  WSI: app-frame-latency-signal app=156 via=source-present-retirement
info:  MetalInterop: Vulkan-consumer InteropJobId=122 AppFrameId=156 InternalPresentId=88 generation=2 DONE=170 CONSUMED=171
info:  MetalInterop: Metal output ready InteropJobId=122 AppFrameId=156 slot=2 slot-serial=57 generation=2 DONE=170 event-value=170
info:  MetalInterop: consumer-claimed InteropJobId=122 AppFrameId=156 slot=2 slot-serial=57 generation=2 DONE=170 metal-state=Completed-event-signaled
info:  MetalInterop: terminal InteropJobId=122 AppFrameId=156 slot=2 slot-serial=57 state=VULKAN_CONSUMED terminal-value=171 capture-to-terminal-us=24912
info:  WSI: present origin=INTERNAL_OUTPUT wsi=221 app=0 internal=88 acquire=228 image=1 generation=2
info:  MetalInterop: WSI-submit InteropJobId=122 AppFrameId=156 InternalPresentOpportunityId=122 InternalPresentId=88 WsiPresentId=221 VkPresentResult=VK_SUCCESS
info:  InternalWSI: retirement outcome=presented wsi=221 internal=88 status=VK_SUCCESS app-signals=unchanged actual-display-timing=separate
info:  InternalWSI: queued origin=INTERNAL_OUTPUT wsi=221 internal=88 app=none pattern=metal-invert InteropJobId=122 vkPresent=VK_SUCCESS
info:  InternalWSI: source-present app=157 duration-us=195 hr=0x0
info:  MetalInterop: captured InteropJobId=123 AppFrameId=157 generation=2 slot=1 slot-serial=66 history-id=6 output-id=7 READY=196 DONE=197 CONSUMED=198 copy-record-us=52
info:  MetalInterop: job-retired InteropJobId=122 AppFrameId=156 slot=2 slot-serial=57 native-job=122 semaphore-value=171 capture-to-retire-us=33792 terminal-to-retire-us=8880
info:  WSI: present origin=APPLICATION_SOURCE wsi=222 app=157 internal=0 acquire=229 image=2 generation=2
info:  MetalInterop: committed InteropJobId=123 AppFrameId=157 slot=1 slot-serial=66 native-job=123 READY=196 DONE=197 initial-job-state=1 kernel=rgb_invert_alpha_preserve ready-to-commit-us=2315
info:  WSI: app-completion app=157 app-signal=deferred
info:  WSI: app-frame-latency-signal app=157 via=source-present-retirement
info:  MetalInterop: Vulkan-consumer InteropJobId=123 AppFrameId=157 InternalPresentId=89 generation=2 DONE=197 CONSUMED=198
info:  MetalInterop: Metal output ready InteropJobId=123 AppFrameId=157 slot=1 slot-serial=66 generation=2 DONE=197 event-value=197
info:  MetalInterop: consumer-claimed InteropJobId=123 AppFrameId=157 slot=1 slot-serial=66 generation=2 DONE=197 metal-state=Completed-event-signaled
info:  MetalInterop: terminal InteropJobId=123 AppFrameId=157 slot=1 slot-serial=66 state=VULKAN_CONSUMED terminal-value=198 capture-to-terminal-us=24481
info:  WSI: present origin=INTERNAL_OUTPUT wsi=223 app=0 internal=89 acquire=230 image=0 generation=2
info:  MetalInterop: WSI-submit InteropJobId=123 AppFrameId=157 InternalPresentOpportunityId=123 InternalPresentId=89 WsiPresentId=223 VkPresentResult=VK_SUCCESS
info:  InternalWSI: retirement outcome=presented wsi=223 internal=89 status=VK_SUCCESS app-signals=unchanged actual-display-timing=separate
info:  InternalWSI: queued origin=INTERNAL_OUTPUT wsi=223 internal=89 app=none pattern=metal-invert InteropJobId=123 vkPresent=VK_SUCCESS
info:  InternalWSI: source-present app=158 duration-us=132 hr=0x0
info:  MetalInterop: job-retired InteropJobId=123 AppFrameId=157 slot=1 slot-serial=66 native-job=123 semaphore-value=198 capture-to-retire-us=33536 terminal-to-retire-us=9055
info:  MetalInterop: captured InteropJobId=124 AppFrameId=158 generation=2 slot=2 slot-serial=58 history-id=8 output-id=9 READY=172 DONE=173 CONSUMED=174 copy-record-us=86
info:  WSI: present origin=APPLICATION_SOURCE wsi=224 app=158 internal=0 acquire=231 image=1 generation=2
info:  MetalInterop: committed InteropJobId=124 AppFrameId=158 slot=2 slot-serial=58 native-job=124 READY=172 DONE=173 initial-job-state=1 kernel=rgb_invert_alpha_preserve ready-to-commit-us=959
info:  WSI: app-completion app=158 app-signal=deferred
info:  WSI: app-frame-latency-signal app=158 via=source-present-retirement
info:  MetalInterop: Vulkan-consumer InteropJobId=124 AppFrameId=158 InternalPresentId=90 generation=2 DONE=173 CONSUMED=174
info:  MetalInterop: Metal output ready InteropJobId=124 AppFrameId=158 slot=2 slot-serial=58 generation=2 DONE=173 event-value=173
info:  MetalInterop: consumer-claimed InteropJobId=124 AppFrameId=158 slot=2 slot-serial=58 generation=2 DONE=173 metal-state=Completed-event-signaled
info:  MetalInterop: terminal InteropJobId=124 AppFrameId=158 slot=2 slot-serial=58 state=VULKAN_CONSUMED terminal-value=174 capture-to-terminal-us=20846
info:  WSI: present origin=INTERNAL_OUTPUT wsi=225 app=0 internal=90 acquire=232 image=2 generation=2
info:  MetalInterop: WSI-submit InteropJobId=124 AppFrameId=158 InternalPresentOpportunityId=124 InternalPresentId=90 WsiPresentId=225 VkPresentResult=VK_SUCCESS
info:  InternalWSI: retirement outcome=presented wsi=225 internal=90 status=VK_SUCCESS app-signals=unchanged actual-display-timing=separate
info:  InternalWSI: queued origin=INTERNAL_OUTPUT wsi=225 internal=90 app=none pattern=metal-invert InteropJobId=124 vkPresent=VK_SUCCESS
info:  InternalWSI: source-present app=159 duration-us=120 hr=0x0
info:  MetalInterop: captured InteropJobId=125 AppFrameId=159 generation=2 slot=1 slot-serial=67 history-id=6 output-id=7 READY=199 DONE=200 CONSUMED=201 copy-record-us=26
info:  MetalInterop: job-retired InteropJobId=124 AppFrameId=158 slot=2 slot-serial=58 native-job=124 semaphore-value=174 capture-to-retire-us=26156 terminal-to-retire-us=5310
info:  WSI: present origin=APPLICATION_SOURCE wsi=226 app=159 internal=0 acquire=233 image=0 generation=2
info:  MetalInterop: committed InteropJobId=125 AppFrameId=159 slot=1 slot-serial=67 native-job=125 READY=199 DONE=200 initial-job-state=1 kernel=rgb_invert_alpha_preserve ready-to-commit-us=893
info:  WSI: app-completion app=159 app-signal=deferred
info:  WSI: app-frame-latency-signal app=159 via=source-present-retirement
info:  MetalInterop: Vulkan-consumer InteropJobId=125 AppFrameId=159 InternalPresentId=91 generation=2 DONE=200 CONSUMED=201
info:  MetalInterop: Metal output ready InteropJobId=125 AppFrameId=159 slot=1 slot-serial=67 generation=2 DONE=200 event-value=200
info:  MetalInterop: consumer-claimed InteropJobId=125 AppFrameId=159 slot=1 slot-serial=67 generation=2 DONE=200 metal-state=Completed-event-signaled
info:  MetalInterop: terminal InteropJobId=125 AppFrameId=159 slot=1 slot-serial=67 state=VULKAN_CONSUMED terminal-value=201 capture-to-terminal-us=16790
info:  WSI: present origin=INTERNAL_OUTPUT wsi=227 app=0 internal=91 acquire=234 image=1 generation=2
info:  MetalInterop: WSI-submit InteropJobId=125 AppFrameId=159 InternalPresentOpportunityId=125 InternalPresentId=91 WsiPresentId=227 VkPresentResult=VK_SUCCESS
info:  InternalWSI: retirement outcome=presented wsi=227 internal=91 status=VK_SUCCESS app-signals=unchanged actual-display-timing=separate
info:  InternalWSI: queued origin=INTERNAL_OUTPUT wsi=227 internal=91 app=none pattern=metal-invert InteropJobId=125 vkPresent=VK_SUCCESS
info:  InternalWSI: source-present app=160 duration-us=98 hr=0x0
info:  MetalInterop: captured InteropJobId=126 AppFrameId=160 generation=2 slot=2 slot-serial=59 history-id=8 output-id=9 READY=175 DONE=176 CONSUMED=177 copy-record-us=76
info:  MetalInterop: job-retired InteropJobId=125 AppFrameId=159 slot=1 slot-serial=67 native-job=125 semaphore-value=201 capture-to-retire-us=40362 terminal-to-retire-us=23572
info:  WSI: present origin=APPLICATION_SOURCE wsi=228 app=160 internal=0 acquire=235 image=2 generation=2
info:  MetalInterop: committed InteropJobId=126 AppFrameId=160 slot=2 slot-serial=59 native-job=126 READY=175 DONE=176 initial-job-state=1 kernel=rgb_invert_alpha_preserve ready-to-commit-us=862
info:  WSI: app-completion app=160 app-signal=deferred
info:  WSI: app-frame-latency-signal app=160 via=source-present-retirement
info:  MetalInterop: Vulkan-consumer InteropJobId=126 AppFrameId=160 InternalPresentId=92 generation=2 DONE=176 CONSUMED=177
info:  MetalInterop: Metal output ready InteropJobId=126 AppFrameId=160 slot=2 slot-serial=59 generation=2 DONE=176 event-value=176
info:  MetalInterop: consumer-claimed InteropJobId=126 AppFrameId=160 slot=2 slot-serial=59 generation=2 DONE=176 metal-state=Completed-event-signaled
info:  MetalInterop: terminal InteropJobId=126 AppFrameId=160 slot=2 slot-serial=59 state=VULKAN_CONSUMED terminal-value=177 capture-to-terminal-us=26038
info:  WSI: present origin=INTERNAL_OUTPUT wsi=229 app=0 internal=92 acquire=236 image=0 generation=2
info:  MetalInterop: WSI-submit InteropJobId=126 AppFrameId=160 InternalPresentOpportunityId=126 InternalPresentId=92 WsiPresentId=229 VkPresentResult=VK_SUCCESS
info:  MetalInterop: captured InteropJobId=127 AppFrameId=161 generation=2 slot=1 slot-serial=68 history-id=6 output-id=7 READY=202 DONE=203 CONSUMED=204 copy-record-us=31
info:  InternalWSI: source-present app=161 duration-us=1377 hr=0x0
info:  InternalWSI: retirement outcome=presented wsi=229 internal=92 status=VK_SUCCESS app-signals=unchanged actual-display-timing=separate
info:  InternalWSI: queued origin=INTERNAL_OUTPUT wsi=229 internal=92 app=none pattern=metal-invert InteropJobId=126 vkPresent=VK_SUCCESS
info:  MetalInterop: job-retired InteropJobId=126 AppFrameId=160 slot=2 slot-serial=59 native-job=126 semaphore-value=177 capture-to-retire-us=28545 terminal-to-retire-us=2507
info:  WSI: present origin=APPLICATION_SOURCE wsi=230 app=161 internal=0 acquire=237 image=1 generation=2
info:  MetalInterop: committed InteropJobId=127 AppFrameId=161 slot=1 slot-serial=68 native-job=127 READY=202 DONE=203 initial-job-state=1 kernel=rgb_invert_alpha_preserve ready-to-commit-us=1223
info:  WSI: app-completion app=161 app-signal=deferred
info:  WSI: app-frame-latency-signal app=161 via=source-present-retirement
info:  MetalInterop: Vulkan-consumer InteropJobId=127 AppFrameId=161 InternalPresentId=93 generation=2 DONE=203 CONSUMED=204
info:  MetalInterop: Metal output ready InteropJobId=127 AppFrameId=161 slot=1 slot-serial=68 generation=2 DONE=203 event-value=203
info:  MetalInterop: consumer-claimed InteropJobId=127 AppFrameId=161 slot=1 slot-serial=68 generation=2 DONE=203 metal-state=Completed-event-signaled
info:  MetalInterop: terminal InteropJobId=127 AppFrameId=161 slot=1 slot-serial=68 state=VULKAN_CONSUMED terminal-value=204 capture-to-terminal-us=20294
info:  WSI: present origin=INTERNAL_OUTPUT wsi=231 app=0 internal=93 acquire=238 image=2 generation=2
info:  MetalInterop: WSI-submit InteropJobId=127 AppFrameId=161 InternalPresentOpportunityId=127 InternalPresentId=93 WsiPresentId=231 VkPresentResult=VK_SUCCESS
info:  InternalWSI: retirement outcome=presented wsi=231 internal=93 status=VK_SUCCESS app-signals=unchanged actual-display-timing=separate
info:  InternalWSI: queued origin=INTERNAL_OUTPUT wsi=231 internal=93 app=none pattern=metal-invert InteropJobId=127 vkPresent=VK_SUCCESS
info:  InternalWSI: source-present app=162 duration-us=251 hr=0x0
info:  MetalInterop: captured InteropJobId=128 AppFrameId=162 generation=2 slot=2 slot-serial=60 history-id=8 output-id=9 READY=178 DONE=179 CONSUMED=180 copy-record-us=40
info:  MetalInterop: job-retired InteropJobId=127 AppFrameId=161 slot=1 slot-serial=68 native-job=127 semaphore-value=204 capture-to-retire-us=39279 terminal-to-retire-us=18985
info:  WSI: present origin=APPLICATION_SOURCE wsi=232 app=162 internal=0 acquire=239 image=0 generation=2
info:  MetalInterop: committed InteropJobId=128 AppFrameId=162 slot=2 slot-serial=60 native-job=128 READY=178 DONE=179 initial-job-state=1 kernel=rgb_invert_alpha_preserve ready-to-commit-us=3380
info:  WSI: app-frame-latency-signal app=162 via=source-submit-completion
info:  WSI: app-completion app=162 app-signal=signaled
info:  MetalInterop: Vulkan-consumer InteropJobId=128 AppFrameId=162 InternalPresentId=94 generation=2 DONE=179 CONSUMED=180
info:  MetalInterop: Metal output ready InteropJobId=128 AppFrameId=162 slot=2 slot-serial=60 generation=2 DONE=179 event-value=179
info:  MetalInterop: consumer-claimed InteropJobId=128 AppFrameId=162 slot=2 slot-serial=60 generation=2 DONE=179 metal-state=Completed-event-signaled
info:  MetalInterop: terminal InteropJobId=128 AppFrameId=162 slot=2 slot-serial=60 state=VULKAN_CONSUMED terminal-value=180 capture-to-terminal-us=29100
info:  WSI: present origin=INTERNAL_OUTPUT wsi=233 app=0 internal=94 acquire=240 image=1 generation=2
info:  MetalInterop: WSI-submit InteropJobId=128 AppFrameId=162 InternalPresentOpportunityId=128 InternalPresentId=94 WsiPresentId=233 VkPresentResult=VK_SUCCESS
info:  InternalWSI: retirement outcome=presented wsi=233 internal=94 status=VK_SUCCESS app-signals=unchanged actual-display-timing=separate
info:  InternalWSI: source-present app=163 duration-us=2256 hr=0x0
info:  InternalWSI: queued origin=INTERNAL_OUTPUT wsi=233 internal=94 app=none pattern=metal-invert InteropJobId=128 vkPresent=VK_SUCCESS
info:  MetalInterop: captured InteropJobId=129 AppFrameId=163 generation=2 slot=1 slot-serial=69 history-id=6 output-id=7 READY=205 DONE=206 CONSUMED=207 copy-record-us=19
info:  MetalInterop: job-retired InteropJobId=128 AppFrameId=162 slot=2 slot-serial=60 native-job=128 semaphore-value=180 capture-to-retire-us=30826 terminal-to-retire-us=1726
info:  WSI: present origin=APPLICATION_SOURCE wsi=234 app=163 internal=0 acquire=241 image=2 generation=2
info:  MetalInterop: committed InteropJobId=129 AppFrameId=163 slot=1 slot-serial=69 native-job=129 READY=205 DONE=206 initial-job-state=1 kernel=rgb_invert_alpha_preserve ready-to-commit-us=876
info:  WSI: app-completion app=163 app-signal=deferred
info:  WSI: app-frame-latency-signal app=163 via=source-present-retirement
info:  MetalInterop: Vulkan-consumer InteropJobId=129 AppFrameId=163 InternalPresentId=95 generation=2 DONE=206 CONSUMED=207
info:  MetalInterop: Metal output ready InteropJobId=129 AppFrameId=163 slot=1 slot-serial=69 generation=2 DONE=206 event-value=206
info:  MetalInterop: consumer-claimed InteropJobId=129 AppFrameId=163 slot=1 slot-serial=69 generation=2 DONE=206 metal-state=Completed-event-signaled
info:  MetalInterop: terminal InteropJobId=129 AppFrameId=163 slot=1 slot-serial=69 state=VULKAN_CONSUMED terminal-value=207 capture-to-terminal-us=18829
info:  WSI: present origin=INTERNAL_OUTPUT wsi=235 app=0 internal=95 acquire=242 image=0 generation=2
info:  MetalInterop: WSI-submit InteropJobId=129 AppFrameId=163 InternalPresentOpportunityId=129 InternalPresentId=95 WsiPresentId=235 VkPresentResult=VK_SUCCESS
info:  InternalWSI: retirement outcome=presented wsi=235 internal=95 status=VK_SUCCESS app-signals=unchanged actual-display-timing=separate
info:  InternalWSI: queued origin=INTERNAL_OUTPUT wsi=235 internal=95 app=none pattern=metal-invert InteropJobId=129 vkPresent=VK_SUCCESS
info:  InternalWSI: source-present app=164 duration-us=379 hr=0x0
info:  MetalInterop: captured InteropJobId=130 AppFrameId=164 generation=2 slot=2 slot-serial=61 history-id=8 output-id=9 READY=181 DONE=182 CONSUMED=183 copy-record-us=101
info:  MetalInterop: job-retired InteropJobId=129 AppFrameId=163 slot=1 slot-serial=69 native-job=129 semaphore-value=207 capture-to-retire-us=36059 terminal-to-retire-us=17230
info:  WSI: present origin=APPLICATION_SOURCE wsi=236 app=164 internal=0 acquire=243 image=1 generation=2
info:  MetalInterop: committed InteropJobId=130 AppFrameId=164 slot=2 slot-serial=61 native-job=130 READY=181 DONE=182 initial-job-state=1 kernel=rgb_invert_alpha_preserve ready-to-commit-us=3175
info:  WSI: app-frame-latency-signal app=164 via=source-submit-completion
info:  WSI: app-completion app=164 app-signal=signaled
info:  MetalInterop: Vulkan-consumer InteropJobId=130 AppFrameId=164 InternalPresentId=96 generation=2 DONE=182 CONSUMED=183
info:  MetalInterop: Metal output ready InteropJobId=130 AppFrameId=164 slot=2 slot-serial=61 generation=2 DONE=182 event-value=182
info:  MetalInterop: consumer-claimed InteropJobId=130 AppFrameId=164 slot=2 slot-serial=61 generation=2 DONE=182 metal-state=Completed-event-signaled
info:  MetalInterop: terminal InteropJobId=130 AppFrameId=164 slot=2 slot-serial=61 state=VULKAN_CONSUMED terminal-value=183 capture-to-terminal-us=25865
info:  WSI: present origin=INTERNAL_OUTPUT wsi=237 app=0 internal=96 acquire=244 image=2 generation=2
info:  MetalInterop: WSI-submit InteropJobId=130 AppFrameId=164 InternalPresentOpportunityId=130 InternalPresentId=96 WsiPresentId=237 VkPresentResult=VK_SUCCESS
info:  InternalWSI: retirement outcome=presented wsi=237 internal=96 status=VK_SUCCESS app-signals=unchanged actual-display-timing=separate
info:  InternalWSI: queued origin=INTERNAL_OUTPUT wsi=237 internal=96 app=none pattern=metal-invert InteropJobId=130 vkPresent=VK_SUCCESS
info:  InternalWSI: source-present app=165 duration-us=300 hr=0x0
info:  MetalInterop: captured InteropJobId=131 AppFrameId=165 generation=2 slot=1 slot-serial=70 history-id=6 output-id=7 READY=208 DONE=209 CONSUMED=210 copy-record-us=163
info:  MetalInterop: job-retired InteropJobId=130 AppFrameId=164 slot=2 slot-serial=61 native-job=130 semaphore-value=183 capture-to-retire-us=33844 terminal-to-retire-us=7979
info:  WSI: present origin=APPLICATION_SOURCE wsi=238 app=165 internal=0 acquire=245 image=0 generation=2
info:  MetalInterop: committed InteropJobId=131 AppFrameId=165 slot=1 slot-serial=70 native-job=131 READY=208 DONE=209 initial-job-state=1 kernel=rgb_invert_alpha_preserve ready-to-commit-us=3141
info:  WSI: app-frame-latency-signal app=165 via=source-submit-completion
info:  WSI: app-completion app=165 app-signal=signaled
info:  MetalInterop: Vulkan-consumer InteropJobId=131 AppFrameId=165 InternalPresentId=97 generation=2 DONE=209 CONSUMED=210
info:  MetalInterop: Metal output ready InteropJobId=131 AppFrameId=165 slot=1 slot-serial=70 generation=2 DONE=209 event-value=209
info:  MetalInterop: consumer-claimed InteropJobId=131 AppFrameId=165 slot=1 slot-serial=70 generation=2 DONE=209 metal-state=Completed-event-signaled
info:  MetalInterop: terminal InteropJobId=131 AppFrameId=165 slot=1 slot-serial=70 state=VULKAN_CONSUMED terminal-value=210 capture-to-terminal-us=22911
info:  WSI: present origin=INTERNAL_OUTPUT wsi=239 app=0 internal=97 acquire=246 image=1 generation=2
info:  InternalWSI: retirement outcome=presented wsi=239 internal=97 status=VK_SUCCESS app-signals=unchanged actual-display-timing=separate
info:  MetalInterop: WSI-submit InteropJobId=131 AppFrameId=165 InternalPresentOpportunityId=131 InternalPresentId=97 WsiPresentId=239 VkPresentResult=VK_SUCCESS
info:  InternalWSI: queued origin=INTERNAL_OUTPUT wsi=239 internal=97 app=none pattern=metal-invert InteropJobId=131 vkPresent=VK_SUCCESS
info:  InternalWSI: source-present app=166 duration-us=207 hr=0x0
info:  MetalInterop: job-retired InteropJobId=131 AppFrameId=165 slot=1 slot-serial=70 native-job=131 semaphore-value=210 capture-to-retire-us=25799 terminal-to-retire-us=2888
info:  MetalInterop: captured InteropJobId=132 AppFrameId=166 generation=2 slot=2 slot-serial=62 history-id=8 output-id=9 READY=184 DONE=185 CONSUMED=186 copy-record-us=121
info:  WSI: present origin=APPLICATION_SOURCE wsi=240 app=166 internal=0 acquire=247 image=2 generation=2
info:  MetalInterop: committed InteropJobId=132 AppFrameId=166 slot=2 slot-serial=62 native-job=132 READY=184 DONE=185 initial-job-state=1 kernel=rgb_invert_alpha_preserve ready-to-commit-us=2504
info:  WSI: app-frame-latency-signal app=166 via=source-submit-completion
info:  WSI: app-completion app=166 app-signal=signaled
info:  MetalInterop: Vulkan-consumer InteropJobId=132 AppFrameId=166 InternalPresentId=98 generation=2 DONE=185 CONSUMED=186
info:  MetalInterop: Metal output ready InteropJobId=132 AppFrameId=166 slot=2 slot-serial=62 generation=2 DONE=185 event-value=185
info:  MetalInterop: consumer-claimed InteropJobId=132 AppFrameId=166 slot=2 slot-serial=62 generation=2 DONE=185 metal-state=Completed-event-signaled
info:  MetalInterop: terminal InteropJobId=132 AppFrameId=166 slot=2 slot-serial=62 state=VULKAN_CONSUMED terminal-value=186 capture-to-terminal-us=19015
info:  WSI: present origin=INTERNAL_OUTPUT wsi=241 app=0 internal=98 acquire=248 image=0 generation=2
info:  MetalInterop: WSI-submit InteropJobId=132 AppFrameId=166 InternalPresentOpportunityId=132 InternalPresentId=98 WsiPresentId=241 VkPresentResult=VK_SUCCESS
info:  InternalWSI: retirement outcome=presented wsi=241 internal=98 status=VK_SUCCESS app-signals=unchanged actual-display-timing=separate
info:  InternalWSI: queued origin=INTERNAL_OUTPUT wsi=241 internal=98 app=none pattern=metal-invert InteropJobId=132 vkPresent=VK_SUCCESS
info:  InternalWSI: source-present app=167 duration-us=123 hr=0x0
info:  MetalInterop: job-retired InteropJobId=132 AppFrameId=166 slot=2 slot-serial=62 native-job=132 semaphore-value=186 capture-to-retire-us=40724 terminal-to-retire-us=21709
info:  MetalInterop: captured InteropJobId=133 AppFrameId=167 generation=2 slot=1 slot-serial=71 history-id=6 output-id=7 READY=211 DONE=212 CONSUMED=213 copy-record-us=39
info:  WSI: present origin=APPLICATION_SOURCE wsi=242 app=167 internal=0 acquire=249 image=1 generation=2
info:  MetalInterop: committed InteropJobId=133 AppFrameId=167 slot=1 slot-serial=71 native-job=133 READY=211 DONE=212 initial-job-state=1 kernel=rgb_invert_alpha_preserve ready-to-commit-us=918
info:  WSI: app-completion app=167 app-signal=deferred
info:  WSI: app-frame-latency-signal app=167 via=source-present-retirement
info:  MetalInterop: Vulkan-consumer InteropJobId=133 AppFrameId=167 InternalPresentId=99 generation=2 DONE=212 CONSUMED=213
info:  MetalInterop: Metal output ready InteropJobId=133 AppFrameId=167 slot=1 slot-serial=71 generation=2 DONE=212 event-value=212
info:  MetalInterop: consumer-claimed InteropJobId=133 AppFrameId=167 slot=1 slot-serial=71 generation=2 DONE=212 metal-state=Completed-event-signaled
info:  MetalInterop: terminal InteropJobId=133 AppFrameId=167 slot=1 slot-serial=71 state=VULKAN_CONSUMED terminal-value=213 capture-to-terminal-us=23849
info:  WSI: present origin=INTERNAL_OUTPUT wsi=243 app=0 internal=99 acquire=250 image=2 generation=2
info:  MetalInterop: WSI-submit InteropJobId=133 AppFrameId=167 InternalPresentOpportunityId=133 InternalPresentId=99 WsiPresentId=243 VkPresentResult=VK_SUCCESS
info:  InternalWSI: retirement outcome=presented wsi=243 internal=99 status=VK_SUCCESS app-signals=unchanged actual-display-timing=separate
info:  InternalWSI: queued origin=INTERNAL_OUTPUT wsi=243 internal=99 app=none pattern=metal-invert InteropJobId=133 vkPresent=VK_SUCCESS
info:  InternalWSI: source-present app=168 duration-us=94 hr=0x0
info:  MetalInterop: job-retired InteropJobId=133 AppFrameId=167 slot=1 slot-serial=71 native-job=133 semaphore-value=213 capture-to-retire-us=26263 terminal-to-retire-us=2414
info:  MetalInterop: captured InteropJobId=134 AppFrameId=168 generation=2 slot=2 slot-serial=63 history-id=8 output-id=9 READY=187 DONE=188 CONSUMED=189 copy-record-us=15
info:  WSI: present origin=APPLICATION_SOURCE wsi=244 app=168 internal=0 acquire=251 image=0 generation=2
info:  MetalInterop: committed InteropJobId=134 AppFrameId=168 slot=2 slot-serial=63 native-job=134 READY=187 DONE=188 initial-job-state=1 kernel=rgb_invert_alpha_preserve ready-to-commit-us=804
info:  WSI: app-completion app=168 app-signal=deferred
info:  WSI: app-frame-latency-signal app=168 via=source-present-retirement
info:  MetalInterop: Vulkan-consumer InteropJobId=134 AppFrameId=168 InternalPresentId=100 generation=2 DONE=188 CONSUMED=189
info:  MetalInterop: Metal output ready InteropJobId=134 AppFrameId=168 slot=2 slot-serial=63 generation=2 DONE=188 event-value=188
info:  MetalInterop: consumer-claimed InteropJobId=134 AppFrameId=168 slot=2 slot-serial=63 generation=2 DONE=188 metal-state=Completed-event-signaled
info:  MetalInterop: terminal InteropJobId=134 AppFrameId=168 slot=2 slot-serial=63 state=VULKAN_CONSUMED terminal-value=189 capture-to-terminal-us=18726
info:  WSI: present origin=INTERNAL_OUTPUT wsi=245 app=0 internal=100 acquire=252 image=1 generation=2
info:  MetalInterop: WSI-submit InteropJobId=134 AppFrameId=168 InternalPresentOpportunityId=134 InternalPresentId=100 WsiPresentId=245 VkPresentResult=VK_SUCCESS
info:  InternalWSI: retirement outcome=presented wsi=245 internal=100 status=VK_SUCCESS app-signals=unchanged actual-display-timing=separate
info:  InternalWSI: queued origin=INTERNAL_OUTPUT wsi=245 internal=100 app=none pattern=metal-invert InteropJobId=134 vkPresent=VK_SUCCESS
info:  InternalWSI: source-present app=169 duration-us=203 hr=0x0
info:  MetalInterop: job-retired InteropJobId=134 AppFrameId=168 slot=2 slot-serial=63 native-job=134 semaphore-value=189 capture-to-retire-us=37542 terminal-to-retire-us=18816
info:  MetalInterop: captured InteropJobId=135 AppFrameId=169 generation=2 slot=1 slot-serial=72 history-id=6 output-id=7 READY=214 DONE=215 CONSUMED=216 copy-record-us=33
info:  WSI: present origin=APPLICATION_SOURCE wsi=246 app=169 internal=0 acquire=253 image=2 generation=2
info:  MetalInterop: committed InteropJobId=135 AppFrameId=169 slot=1 slot-serial=72 native-job=135 READY=214 DONE=215 initial-job-state=1 kernel=rgb_invert_alpha_preserve ready-to-commit-us=1921
info:  WSI: app-frame-latency-signal app=169 via=source-submit-completion
info:  WSI: app-completion app=169 app-signal=signaled
info:  MetalInterop: Vulkan-consumer InteropJobId=135 AppFrameId=169 InternalPresentId=101 generation=2 DONE=215 CONSUMED=216
info:  MetalInterop: Metal output ready InteropJobId=135 AppFrameId=169 slot=1 slot-serial=72 generation=2 DONE=215 event-value=215
info:  MetalInterop: consumer-claimed InteropJobId=135 AppFrameId=169 slot=1 slot-serial=72 generation=2 DONE=215 metal-state=Completed-event-signaled
info:  MetalInterop: terminal InteropJobId=135 AppFrameId=169 slot=1 slot-serial=72 state=VULKAN_CONSUMED terminal-value=216 capture-to-terminal-us=24041
info:  WSI: present origin=INTERNAL_OUTPUT wsi=247 app=0 internal=101 acquire=254 image=0 generation=2
info:  MetalInterop: WSI-submit InteropJobId=135 AppFrameId=169 InternalPresentOpportunityId=135 InternalPresentId=101 WsiPresentId=247 VkPresentResult=VK_SUCCESS
info:  InternalWSI: retirement outcome=presented wsi=247 internal=101 status=VK_SUCCESS app-signals=unchanged actual-display-timing=separate
info:  InternalWSI: queued origin=INTERNAL_OUTPUT wsi=247 internal=101 app=none pattern=metal-invert InteropJobId=135 vkPresent=VK_SUCCESS
info:  InternalWSI: source-present app=170 duration-us=121 hr=0x0
info:  MetalInterop: job-retired InteropJobId=135 AppFrameId=169 slot=1 slot-serial=72 native-job=135 semaphore-value=216 capture-to-retire-us=36646 terminal-to-retire-us=12605
info:  MetalInterop: captured InteropJobId=136 AppFrameId=170 generation=2 slot=1 slot-serial=73 history-id=6 output-id=7 READY=217 DONE=218 CONSUMED=219 copy-record-us=29
info:  WSI: present origin=APPLICATION_SOURCE wsi=248 app=170 internal=0 acquire=255 image=1 generation=2
info:  MetalInterop: committed InteropJobId=136 AppFrameId=170 slot=1 slot-serial=73 native-job=136 READY=217 DONE=218 initial-job-state=1 kernel=rgb_invert_alpha_preserve ready-to-commit-us=867
info:  WSI: app-completion app=170 app-signal=deferred
info:  WSI: app-frame-latency-signal app=170 via=source-present-retirement
info:  MetalInterop: Vulkan-consumer InteropJobId=136 AppFrameId=170 InternalPresentId=102 generation=2 DONE=218 CONSUMED=219
info:  MetalInterop: Metal output ready InteropJobId=136 AppFrameId=170 slot=1 slot-serial=73 generation=2 DONE=218 event-value=218
info:  MetalInterop: consumer-claimed InteropJobId=136 AppFrameId=170 slot=1 slot-serial=73 generation=2 DONE=218 metal-state=Completed-event-signaled
info:  MetalInterop: terminal InteropJobId=136 AppFrameId=170 slot=1 slot-serial=73 state=VULKAN_CONSUMED terminal-value=219 capture-to-terminal-us=22042
info:  WSI: present origin=INTERNAL_OUTPUT wsi=249 app=0 internal=102 acquire=256 image=2 generation=2
info:  MetalInterop: WSI-submit InteropJobId=136 AppFrameId=170 InternalPresentOpportunityId=136 InternalPresentId=102 WsiPresentId=249 VkPresentResult=VK_SUCCESS
info:  InternalWSI: retirement outcome=presented wsi=249 internal=102 status=VK_SUCCESS app-signals=unchanged actual-display-timing=separate
info:  InternalWSI: queued origin=INTERNAL_OUTPUT wsi=249 internal=102 app=none pattern=metal-invert InteropJobId=136 vkPresent=VK_SUCCESS
info:  InternalWSI: source-present app=171 duration-us=119 hr=0x0
info:  MetalInterop: job-retired InteropJobId=136 AppFrameId=170 slot=1 slot-serial=73 native-job=136 semaphore-value=219 capture-to-retire-us=33354 terminal-to-retire-us=11312
info:  MetalInterop: captured InteropJobId=137 AppFrameId=171 generation=2 slot=2 slot-serial=64 history-id=8 output-id=9 READY=190 DONE=191 CONSUMED=192 copy-record-us=61
info:  WSI: present origin=APPLICATION_SOURCE wsi=250 app=171 internal=0 acquire=257 image=0 generation=2
info:  MetalInterop: committed InteropJobId=137 AppFrameId=171 slot=2 slot-serial=64 native-job=137 READY=190 DONE=191 initial-job-state=1 kernel=rgb_invert_alpha_preserve ready-to-commit-us=864
info:  WSI: app-completion app=171 app-signal=deferred
info:  WSI: app-frame-latency-signal app=171 via=source-present-retirement
info:  MetalInterop: Vulkan-consumer InteropJobId=137 AppFrameId=171 InternalPresentId=103 generation=2 DONE=191 CONSUMED=192
info:  MetalInterop: Metal output ready InteropJobId=137 AppFrameId=171 slot=2 slot-serial=64 generation=2 DONE=191 event-value=191
info:  MetalInterop: consumer-claimed InteropJobId=137 AppFrameId=171 slot=2 slot-serial=64 generation=2 DONE=191 metal-state=Completed-event-signaled
info:  MetalInterop: terminal InteropJobId=137 AppFrameId=171 slot=2 slot-serial=64 state=VULKAN_CONSUMED terminal-value=192 capture-to-terminal-us=19645
info:  WSI: present origin=INTERNAL_OUTPUT wsi=251 app=0 internal=103 acquire=258 image=1 generation=2
info:  MetalInterop: WSI-submit InteropJobId=137 AppFrameId=171 InternalPresentOpportunityId=137 InternalPresentId=103 WsiPresentId=251 VkPresentResult=VK_SUCCESS
info:  InternalWSI: retirement outcome=presented wsi=251 internal=103 status=VK_SUCCESS app-signals=unchanged actual-display-timing=separate
info:  InternalWSI: queued origin=INTERNAL_OUTPUT wsi=251 internal=103 app=none pattern=metal-invert InteropJobId=137 vkPresent=VK_SUCCESS
info:  InternalWSI: source-present app=172 duration-us=105 hr=0x0
info:  MetalInterop: captured InteropJobId=138 AppFrameId=172 generation=2 slot=1 slot-serial=74 history-id=6 output-id=7 READY=220 DONE=221 CONSUMED=222 copy-record-us=23
info:  MetalInterop: job-retired InteropJobId=137 AppFrameId=171 slot=2 slot-serial=64 native-job=137 semaphore-value=192 capture-to-retire-us=26070 terminal-to-retire-us=6425
info:  WSI: present origin=APPLICATION_SOURCE wsi=252 app=172 internal=0 acquire=259 image=2 generation=2
info:  MetalInterop: committed InteropJobId=138 AppFrameId=172 slot=1 slot-serial=74 native-job=138 READY=220 DONE=221 initial-job-state=1 kernel=rgb_invert_alpha_preserve ready-to-commit-us=1322
info:  WSI: app-completion app=172 app-signal=deferred
info:  WSI: app-frame-latency-signal app=172 via=source-present-retirement
info:  MetalInterop: Vulkan-consumer InteropJobId=138 AppFrameId=172 InternalPresentId=104 generation=2 DONE=221 CONSUMED=222
info:  MetalInterop: Metal output ready InteropJobId=138 AppFrameId=172 slot=1 slot-serial=74 generation=2 DONE=221 event-value=221
info:  MetalInterop: consumer-claimed InteropJobId=138 AppFrameId=172 slot=1 slot-serial=74 generation=2 DONE=221 metal-state=Completed-event-signaled
info:  MetalInterop: terminal InteropJobId=138 AppFrameId=172 slot=1 slot-serial=74 state=VULKAN_CONSUMED terminal-value=222 capture-to-terminal-us=18344
info:  WSI: present origin=INTERNAL_OUTPUT wsi=253 app=0 internal=104 acquire=260 image=0 generation=2
info:  MetalInterop: WSI-submit InteropJobId=138 AppFrameId=172 InternalPresentOpportunityId=138 InternalPresentId=104 WsiPresentId=253 VkPresentResult=VK_SUCCESS
info:  InternalWSI: retirement outcome=presented wsi=253 internal=104 status=VK_SUCCESS app-signals=unchanged actual-display-timing=separate
info:  InternalWSI: queued origin=INTERNAL_OUTPUT wsi=253 internal=104 app=none pattern=metal-invert InteropJobId=138 vkPresent=VK_SUCCESS
info:  InternalWSI: source-present app=173 duration-us=176 hr=0x0
info:  MetalInterop: captured InteropJobId=139 AppFrameId=173 generation=2 slot=2 slot-serial=65 history-id=8 output-id=9 READY=193 DONE=194 CONSUMED=195 copy-record-us=72
info:  MetalInterop: job-retired InteropJobId=138 AppFrameId=172 slot=1 slot-serial=74 native-job=138 semaphore-value=222 capture-to-retire-us=40565 terminal-to-retire-us=22221
info:  WSI: present origin=APPLICATION_SOURCE wsi=254 app=173 internal=0 acquire=261 image=1 generation=2
info:  MetalInterop: committed InteropJobId=139 AppFrameId=173 slot=2 slot-serial=65 native-job=139 READY=193 DONE=194 initial-job-state=1 kernel=rgb_invert_alpha_preserve ready-to-commit-us=1806
info:  WSI: app-completion app=173 app-signal=deferred
info:  WSI: app-frame-latency-signal app=173 via=source-present-retirement
info:  MetalInterop: Vulkan-consumer InteropJobId=139 AppFrameId=173 InternalPresentId=105 generation=2 DONE=194 CONSUMED=195
info:  MetalInterop: Metal output ready InteropJobId=139 AppFrameId=173 slot=2 slot-serial=65 generation=2 DONE=194 event-value=194
info:  MetalInterop: consumer-claimed InteropJobId=139 AppFrameId=173 slot=2 slot-serial=65 generation=2 DONE=194 metal-state=Completed-event-signaled
info:  MetalInterop: terminal InteropJobId=139 AppFrameId=173 slot=2 slot-serial=65 state=VULKAN_CONSUMED terminal-value=195 capture-to-terminal-us=24841
info:  WSI: present origin=INTERNAL_OUTPUT wsi=255 app=0 internal=105 acquire=262 image=2 generation=2
info:  MetalInterop: WSI-submit InteropJobId=139 AppFrameId=173 InternalPresentOpportunityId=139 InternalPresentId=105 WsiPresentId=255 VkPresentResult=VK_SUCCESS
info:  InternalWSI: retirement outcome=presented wsi=255 internal=105 status=VK_SUCCESS app-signals=unchanged actual-display-timing=separate
info:  InternalWSI: queued origin=INTERNAL_OUTPUT wsi=255 internal=105 app=none pattern=metal-invert InteropJobId=139 vkPresent=VK_SUCCESS
info:  InternalWSI: source-present app=174 duration-us=109 hr=0x0
info:  MetalInterop: job-retired InteropJobId=139 AppFrameId=173 slot=2 slot-serial=65 native-job=139 semaphore-value=195 capture-to-retire-us=33376 terminal-to-retire-us=8535
info:  MetalInterop: captured InteropJobId=140 AppFrameId=174 generation=2 slot=1 slot-serial=75 history-id=6 output-id=7 READY=223 DONE=224 CONSUMED=225 copy-record-us=49
info:  WSI: present origin=APPLICATION_SOURCE wsi=256 app=174 internal=0 acquire=263 image=0 generation=2
info:  MetalInterop: committed InteropJobId=140 AppFrameId=174 slot=1 slot-serial=75 native-job=140 READY=223 DONE=224 initial-job-state=1 kernel=rgb_invert_alpha_preserve ready-to-commit-us=875
info:  WSI: app-completion app=174 app-signal=deferred
info:  WSI: app-frame-latency-signal app=174 via=source-present-retirement
info:  MetalInterop: Vulkan-consumer InteropJobId=140 AppFrameId=174 InternalPresentId=106 generation=2 DONE=224 CONSUMED=225
info:  MetalInterop: Metal output ready InteropJobId=140 AppFrameId=174 slot=1 slot-serial=75 generation=2 DONE=224 event-value=224
info:  MetalInterop: consumer-claimed InteropJobId=140 AppFrameId=174 slot=1 slot-serial=75 generation=2 DONE=224 metal-state=Completed-event-signaled
info:  MetalInterop: terminal InteropJobId=140 AppFrameId=174 slot=1 slot-serial=75 state=VULKAN_CONSUMED terminal-value=225 capture-to-terminal-us=20420
info:  WSI: present origin=INTERNAL_OUTPUT wsi=257 app=0 internal=106 acquire=264 image=1 generation=2
info:  MetalInterop: WSI-submit InteropJobId=140 AppFrameId=174 InternalPresentOpportunityId=140 InternalPresentId=106 WsiPresentId=257 VkPresentResult=VK_SUCCESS
info:  InternalWSI: retirement outcome=presented wsi=257 internal=106 status=VK_SUCCESS app-signals=unchanged actual-display-timing=separate
info:  InternalWSI: queued origin=INTERNAL_OUTPUT wsi=257 internal=106 app=none pattern=metal-invert InteropJobId=140 vkPresent=VK_SUCCESS
info:  InternalWSI: source-present app=175 duration-us=110 hr=0x0
info:  MetalInterop: job-retired InteropJobId=140 AppFrameId=174 slot=1 slot-serial=75 native-job=140 semaphore-value=225 capture-to-retire-us=33358 terminal-to-retire-us=12938
info:  MetalInterop: captured InteropJobId=141 AppFrameId=175 generation=2 slot=2 slot-serial=66 history-id=8 output-id=9 READY=196 DONE=197 CONSUMED=198 copy-record-us=25
info:  WSI: present origin=APPLICATION_SOURCE wsi=258 app=175 internal=0 acquire=265 image=2 generation=2
info:  MetalInterop: committed InteropJobId=141 AppFrameId=175 slot=2 slot-serial=66 native-job=141 READY=196 DONE=197 initial-job-state=1 kernel=rgb_invert_alpha_preserve ready-to-commit-us=1050
info:  WSI: app-completion app=175 app-signal=deferred
info:  WSI: app-frame-latency-signal app=175 via=source-present-retirement
info:  MetalInterop: Vulkan-consumer InteropJobId=141 AppFrameId=175 InternalPresentId=107 generation=2 DONE=197 CONSUMED=198
info:  MetalInterop: Metal output ready InteropJobId=141 AppFrameId=175 slot=2 slot-serial=66 generation=2 DONE=197 event-value=197
info:  MetalInterop: consumer-claimed InteropJobId=141 AppFrameId=175 slot=2 slot-serial=66 generation=2 DONE=197 metal-state=Completed-event-signaled
info:  MetalInterop: terminal InteropJobId=141 AppFrameId=175 slot=2 slot-serial=66 state=VULKAN_CONSUMED terminal-value=198 capture-to-terminal-us=21693
info:  WSI: present origin=INTERNAL_OUTPUT wsi=259 app=0 internal=107 acquire=266 image=0 generation=2
info:  MetalInterop: WSI-submit InteropJobId=141 AppFrameId=175 InternalPresentOpportunityId=141 InternalPresentId=107 WsiPresentId=259 VkPresentResult=VK_SUCCESS
info:  InternalWSI: retirement outcome=presented wsi=259 internal=107 status=VK_SUCCESS app-signals=unchanged actual-display-timing=separate
info:  InternalWSI: queued origin=INTERNAL_OUTPUT wsi=259 internal=107 app=none pattern=metal-invert InteropJobId=141 vkPresent=VK_SUCCESS
info:  InternalWSI: source-present app=176 duration-us=209 hr=0x0
info:  MetalInterop: captured InteropJobId=142 AppFrameId=176 generation=2 slot=1 slot-serial=76 history-id=6 output-id=7 READY=226 DONE=227 CONSUMED=228 copy-record-us=36
info:  MetalInterop: job-retired InteropJobId=141 AppFrameId=175 slot=2 slot-serial=66 native-job=141 semaphore-value=198 capture-to-retire-us=33918 terminal-to-retire-us=12225
info:  WSI: present origin=APPLICATION_SOURCE wsi=260 app=176 internal=0 acquire=267 image=1 generation=2
info:  MetalInterop: committed InteropJobId=142 AppFrameId=176 slot=1 slot-serial=76 native-job=142 READY=226 DONE=227 initial-job-state=1 kernel=rgb_invert_alpha_preserve ready-to-commit-us=2200
info:  WSI: app-completion app=176 app-signal=deferred
info:  WSI: app-frame-latency-signal app=176 via=source-present-retirement
info:  MetalInterop: Vulkan-consumer InteropJobId=142 AppFrameId=176 InternalPresentId=108 generation=2 DONE=227 CONSUMED=228
info:  MetalInterop: Metal output ready InteropJobId=142 AppFrameId=176 slot=1 slot-serial=76 generation=2 DONE=227 event-value=227
info:  MetalInterop: consumer-claimed InteropJobId=142 AppFrameId=176 slot=1 slot-serial=76 generation=2 DONE=227 metal-state=Completed-event-signaled
info:  MetalInterop: terminal InteropJobId=142 AppFrameId=176 slot=1 slot-serial=76 state=VULKAN_CONSUMED terminal-value=228 capture-to-terminal-us=23383
info:  WSI: present origin=INTERNAL_OUTPUT wsi=261 app=0 internal=108 acquire=268 image=2 generation=2
info:  MetalInterop: WSI-submit InteropJobId=142 AppFrameId=176 InternalPresentOpportunityId=142 InternalPresentId=108 WsiPresentId=261 VkPresentResult=VK_SUCCESS
info:  InternalWSI: retirement outcome=presented wsi=261 internal=108 status=VK_SUCCESS app-signals=unchanged actual-display-timing=separate
info:  InternalWSI: queued origin=INTERNAL_OUTPUT wsi=261 internal=108 app=none pattern=metal-invert InteropJobId=142 vkPresent=VK_SUCCESS
info:  InternalWSI: source-present app=177 duration-us=246 hr=0x0
info:  MetalInterop: captured InteropJobId=143 AppFrameId=177 generation=2 slot=2 slot-serial=67 history-id=8 output-id=9 READY=199 DONE=200 CONSUMED=201 copy-record-us=42
info:  MetalInterop: job-retired InteropJobId=142 AppFrameId=176 slot=1 slot-serial=76 native-job=142 semaphore-value=228 capture-to-retire-us=27352 terminal-to-retire-us=3969
info:  WSI: present origin=APPLICATION_SOURCE wsi=262 app=177 internal=0 acquire=269 image=0 generation=2
info:  MetalInterop: committed InteropJobId=143 AppFrameId=177 slot=2 slot-serial=67 native-job=143 READY=199 DONE=200 initial-job-state=1 kernel=rgb_invert_alpha_preserve ready-to-commit-us=3279
info:  WSI: app-frame-latency-signal app=177 via=source-submit-completion
info:  WSI: app-completion app=177 app-signal=signaled
info:  MetalInterop: Vulkan-consumer InteropJobId=143 AppFrameId=177 InternalPresentId=109 generation=2 DONE=200 CONSUMED=201
info:  MetalInterop: Metal output ready InteropJobId=143 AppFrameId=177 slot=2 slot-serial=67 generation=2 DONE=200 event-value=200
info:  MetalInterop: consumer-claimed InteropJobId=143 AppFrameId=177 slot=2 slot-serial=67 generation=2 DONE=200 metal-state=Completed-event-signaled
info:  MetalInterop: terminal InteropJobId=143 AppFrameId=177 slot=2 slot-serial=67 state=VULKAN_CONSUMED terminal-value=201 capture-to-terminal-us=23673
info:  WSI: present origin=INTERNAL_OUTPUT wsi=263 app=0 internal=109 acquire=270 image=1 generation=2
info:  MetalInterop: WSI-submit InteropJobId=143 AppFrameId=177 InternalPresentOpportunityId=143 InternalPresentId=109 WsiPresentId=263 VkPresentResult=VK_SUCCESS
info:  InternalWSI: retirement outcome=presented wsi=263 internal=109 status=VK_SUCCESS app-signals=unchanged actual-display-timing=separate
info:  InternalWSI: queued origin=INTERNAL_OUTPUT wsi=263 internal=109 app=none pattern=metal-invert InteropJobId=143 vkPresent=VK_SUCCESS
info:  InternalWSI: source-present app=178 duration-us=291 hr=0x0
info:  MetalInterop: captured InteropJobId=144 AppFrameId=178 generation=2 slot=1 slot-serial=77 history-id=6 output-id=7 READY=229 DONE=230 CONSUMED=231 copy-record-us=52
info:  MetalInterop: job-retired InteropJobId=143 AppFrameId=177 slot=2 slot-serial=67 native-job=143 semaphore-value=201 capture-to-retire-us=37746 terminal-to-retire-us=14073
info:  WSI: present origin=APPLICATION_SOURCE wsi=264 app=178 internal=0 acquire=271 image=2 generation=2
info:  MetalInterop: committed InteropJobId=144 AppFrameId=178 slot=1 slot-serial=77 native-job=144 READY=229 DONE=230 initial-job-state=1 kernel=rgb_invert_alpha_preserve ready-to-commit-us=3075
info:  WSI: app-frame-latency-signal app=178 via=source-submit-completion
info:  WSI: app-completion app=178 app-signal=signaled
info:  MetalInterop: Vulkan-consumer InteropJobId=144 AppFrameId=178 InternalPresentId=110 generation=2 DONE=230 CONSUMED=231
info:  MetalInterop: Metal output ready InteropJobId=144 AppFrameId=178 slot=1 slot-serial=77 generation=2 DONE=230 event-value=230
info:  MetalInterop: consumer-claimed InteropJobId=144 AppFrameId=178 slot=1 slot-serial=77 generation=2 DONE=230 metal-state=Completed-event-signaled
info:  MetalInterop: terminal InteropJobId=144 AppFrameId=178 slot=1 slot-serial=77 state=VULKAN_CONSUMED terminal-value=231 capture-to-terminal-us=25453
info:  WSI: present origin=INTERNAL_OUTPUT wsi=265 app=0 internal=110 acquire=272 image=0 generation=2
info:  MetalInterop: WSI-submit InteropJobId=144 AppFrameId=178 InternalPresentOpportunityId=144 InternalPresentId=110 WsiPresentId=265 VkPresentResult=VK_SUCCESS
info:  InternalWSI: retirement outcome=presented wsi=265 internal=110 status=VK_SUCCESS app-signals=unchanged actual-display-timing=separate
info:  InternalWSI: queued origin=INTERNAL_OUTPUT wsi=265 internal=110 app=none pattern=metal-invert InteropJobId=144 vkPresent=VK_SUCCESS
info:  InternalWSI: source-present app=179 duration-us=301 hr=0x0
info:  MetalInterop: captured InteropJobId=145 AppFrameId=179 generation=2 slot=2 slot-serial=68 history-id=8 output-id=9 READY=202 DONE=203 CONSUMED=204 copy-record-us=45
info:  MetalInterop: job-retired InteropJobId=144 AppFrameId=178 slot=1 slot-serial=77 native-job=144 semaphore-value=231 capture-to-retire-us=36886 terminal-to-retire-us=11433
info:  WSI: present origin=APPLICATION_SOURCE wsi=266 app=179 internal=0 acquire=273 image=1 generation=2
info:  MetalInterop: committed InteropJobId=145 AppFrameId=179 slot=2 slot-serial=68 native-job=145 READY=202 DONE=203 initial-job-state=1 kernel=rgb_invert_alpha_preserve ready-to-commit-us=1316
info:  WSI: app-completion app=179 app-signal=deferred
info:  WSI: app-frame-latency-signal app=179 via=source-present-retirement
info:  MetalInterop: Vulkan-consumer InteropJobId=145 AppFrameId=179 InternalPresentId=111 generation=2 DONE=203 CONSUMED=204
info:  MetalInterop: Metal output ready InteropJobId=145 AppFrameId=179 slot=2 slot-serial=68 generation=2 DONE=203 event-value=203
info:  MetalInterop: consumer-claimed InteropJobId=145 AppFrameId=179 slot=2 slot-serial=68 generation=2 DONE=203 metal-state=Completed-event-signaled
info:  MetalInterop: terminal InteropJobId=145 AppFrameId=179 slot=2 slot-serial=68 state=VULKAN_CONSUMED terminal-value=204 capture-to-terminal-us=22205
info:  WSI: present origin=INTERNAL_OUTPUT wsi=267 app=0 internal=111 acquire=274 image=2 generation=2
info:  MetalInterop: WSI-submit InteropJobId=145 AppFrameId=179 InternalPresentOpportunityId=145 InternalPresentId=111 WsiPresentId=267 VkPresentResult=VK_SUCCESS
info:  InternalWSI: retirement outcome=presented wsi=267 internal=111 status=VK_SUCCESS app-signals=unchanged actual-display-timing=separate
info:  InternalWSI: queued origin=INTERNAL_OUTPUT wsi=267 internal=111 app=none pattern=metal-invert InteropJobId=145 vkPresent=VK_SUCCESS
info:  InternalWSI: source-present app=180 duration-us=88 hr=0x0
info:  MetalInterop: captured InteropJobId=146 AppFrameId=180 generation=2 slot=1 slot-serial=78 history-id=6 output-id=7 READY=232 DONE=233 CONSUMED=234 copy-record-us=13
info:  MetalInterop: job-retired InteropJobId=145 AppFrameId=179 slot=2 slot-serial=68 native-job=145 semaphore-value=204 capture-to-retire-us=25290 terminal-to-retire-us=3085
info:  WSI: present origin=APPLICATION_SOURCE wsi=268 app=180 internal=0 acquire=275 image=0 generation=2
info:  MetalInterop: committed InteropJobId=146 AppFrameId=180 slot=1 slot-serial=78 native-job=146 READY=232 DONE=233 initial-job-state=1 kernel=rgb_invert_alpha_preserve ready-to-commit-us=798
info:  WSI: app-completion app=180 app-signal=deferred
info:  WSI: app-frame-latency-signal app=180 via=source-present-retirement
info:  MetalInterop: Vulkan-consumer InteropJobId=146 AppFrameId=180 InternalPresentId=112 generation=2 DONE=233 CONSUMED=234
info:  MetalInterop: Metal output ready InteropJobId=146 AppFrameId=180 slot=1 slot-serial=78 generation=2 DONE=233 event-value=233
info:  MetalInterop: consumer-claimed InteropJobId=146 AppFrameId=180 slot=1 slot-serial=78 generation=2 DONE=233 metal-state=Completed-event-signaled
info:  MetalInterop: terminal InteropJobId=146 AppFrameId=180 slot=1 slot-serial=78 state=VULKAN_CONSUMED terminal-value=234 capture-to-terminal-us=16593
info:  WSI: present origin=INTERNAL_OUTPUT wsi=269 app=0 internal=112 acquire=276 image=1 generation=2
info:  MetalInterop: WSI-submit InteropJobId=146 AppFrameId=180 InternalPresentOpportunityId=146 InternalPresentId=112 WsiPresentId=269 VkPresentResult=VK_SUCCESS
info:  InternalWSI: retirement outcome=presented wsi=269 internal=112 status=VK_SUCCESS app-signals=unchanged actual-display-timing=separate
info:  InternalWSI: queued origin=INTERNAL_OUTPUT wsi=269 internal=112 app=none pattern=metal-invert InteropJobId=146 vkPresent=VK_SUCCESS
info:  InternalWSI: source-present app=181 duration-us=86 hr=0x0
info:  MetalInterop: captured InteropJobId=147 AppFrameId=181 generation=2 slot=2 slot-serial=69 history-id=8 output-id=9 READY=205 DONE=206 CONSUMED=207 copy-record-us=13
info:  MetalInterop: job-retired InteropJobId=146 AppFrameId=180 slot=1 slot-serial=78 native-job=146 semaphore-value=234 capture-to-retire-us=35095 terminal-to-retire-us=18502
info:  WSI: present origin=APPLICATION_SOURCE wsi=270 app=181 internal=0 acquire=277 image=2 generation=2
info:  MetalInterop: committed InteropJobId=147 AppFrameId=181 slot=2 slot-serial=69 native-job=147 READY=205 DONE=206 initial-job-state=1 kernel=rgb_invert_alpha_preserve ready-to-commit-us=651
info:  WSI: app-completion app=181 app-signal=deferred
info:  WSI: app-frame-latency-signal app=181 via=source-present-retirement
info:  MetalInterop: Vulkan-consumer InteropJobId=147 AppFrameId=181 InternalPresentId=113 generation=2 DONE=206 CONSUMED=207
info:  MetalInterop: Metal output ready InteropJobId=147 AppFrameId=181 slot=2 slot-serial=69 generation=2 DONE=206 event-value=206
info:  MetalInterop: consumer-claimed InteropJobId=147 AppFrameId=181 slot=2 slot-serial=69 generation=2 DONE=206 metal-state=Completed-event-signaled
info:  MetalInterop: terminal InteropJobId=147 AppFrameId=181 slot=2 slot-serial=69 state=VULKAN_CONSUMED terminal-value=207 capture-to-terminal-us=21255
info:  WSI: present origin=INTERNAL_OUTPUT wsi=271 app=0 internal=113 acquire=278 image=0 generation=2
info:  MetalInterop: WSI-submit InteropJobId=147 AppFrameId=181 InternalPresentOpportunityId=147 InternalPresentId=113 WsiPresentId=271 VkPresentResult=VK_SUCCESS
info:  InternalWSI: retirement outcome=presented wsi=271 internal=113 status=VK_SUCCESS app-signals=unchanged actual-display-timing=separate
info:  InternalWSI: queued origin=INTERNAL_OUTPUT wsi=271 internal=113 app=none pattern=metal-invert InteropJobId=147 vkPresent=VK_SUCCESS
info:  InternalWSI: source-present app=182 duration-us=58 hr=0x0
info:  MetalInterop: job-retired InteropJobId=147 AppFrameId=181 slot=2 slot-serial=69 native-job=147 semaphore-value=207 capture-to-retire-us=31689 terminal-to-retire-us=10434
info:  MetalInterop: captured InteropJobId=148 AppFrameId=182 generation=2 slot=1 slot-serial=79 history-id=6 output-id=7 READY=235 DONE=236 CONSUMED=237 copy-record-us=27
info:  WSI: present origin=APPLICATION_SOURCE wsi=272 app=182 internal=0 acquire=279 image=1 generation=2
info:  MetalInterop: committed InteropJobId=148 AppFrameId=182 slot=1 slot-serial=79 native-job=148 READY=235 DONE=236 initial-job-state=1 kernel=rgb_invert_alpha_preserve ready-to-commit-us=598
info:  WSI: app-completion app=182 app-signal=deferred
info:  WSI: app-frame-latency-signal app=182 via=source-present-retirement
info:  MetalInterop: Vulkan-consumer InteropJobId=148 AppFrameId=182 InternalPresentId=114 generation=2 DONE=236 CONSUMED=237
info:  MetalInterop: Metal output ready InteropJobId=148 AppFrameId=182 slot=1 slot-serial=79 generation=2 DONE=236 event-value=236
info:  MetalInterop: consumer-claimed InteropJobId=148 AppFrameId=182 slot=1 slot-serial=79 generation=2 DONE=236 metal-state=Completed-event-signaled
info:  MetalInterop: terminal InteropJobId=148 AppFrameId=182 slot=1 slot-serial=79 state=VULKAN_CONSUMED terminal-value=237 capture-to-terminal-us=19457
info:  WSI: present origin=INTERNAL_OUTPUT wsi=273 app=0 internal=114 acquire=280 image=2 generation=2
info:  MetalInterop: WSI-submit InteropJobId=148 AppFrameId=182 InternalPresentOpportunityId=148 InternalPresentId=114 WsiPresentId=273 VkPresentResult=VK_SUCCESS
info:  InternalWSI: retirement outcome=presented wsi=273 internal=114 status=VK_SUCCESS app-signals=unchanged actual-display-timing=separate
info:  InternalWSI: queued origin=INTERNAL_OUTPUT wsi=273 internal=114 app=none pattern=metal-invert InteropJobId=148 vkPresent=VK_SUCCESS
info:  InternalWSI: source-present app=183 duration-us=99 hr=0x0
info:  MetalInterop: job-retired InteropJobId=148 AppFrameId=182 slot=1 slot-serial=79 native-job=148 semaphore-value=237 capture-to-retire-us=40238 terminal-to-retire-us=20781
info:  MetalInterop: captured InteropJobId=149 AppFrameId=183 generation=2 slot=2 slot-serial=70 history-id=8 output-id=9 READY=208 DONE=209 CONSUMED=210 copy-record-us=46
info:  WSI: present origin=APPLICATION_SOURCE wsi=274 app=183 internal=0 acquire=281 image=0 generation=2
info:  MetalInterop: committed InteropJobId=149 AppFrameId=183 slot=2 slot-serial=70 native-job=149 READY=208 DONE=209 initial-job-state=1 kernel=rgb_invert_alpha_preserve ready-to-commit-us=747
info:  WSI: app-completion app=183 app-signal=deferred
info:  WSI: app-frame-latency-signal app=183 via=source-present-retirement
info:  MetalInterop: Vulkan-consumer InteropJobId=149 AppFrameId=183 InternalPresentId=115 generation=2 DONE=209 CONSUMED=210
info:  MetalInterop: Metal output ready InteropJobId=149 AppFrameId=183 slot=2 slot-serial=70 generation=2 DONE=209 event-value=209
info:  MetalInterop: consumer-claimed InteropJobId=149 AppFrameId=183 slot=2 slot-serial=70 generation=2 DONE=209 metal-state=Completed-event-signaled
info:  MetalInterop: terminal InteropJobId=149 AppFrameId=183 slot=2 slot-serial=70 state=VULKAN_CONSUMED terminal-value=210 capture-to-terminal-us=24729
info:  WSI: present origin=INTERNAL_OUTPUT wsi=275 app=0 internal=115 acquire=282 image=1 generation=2
info:  MetalInterop: WSI-submit InteropJobId=149 AppFrameId=183 InternalPresentOpportunityId=149 InternalPresentId=115 WsiPresentId=275 VkPresentResult=VK_SUCCESS
info:  InternalWSI: retirement outcome=presented wsi=275 internal=115 status=VK_SUCCESS app-signals=unchanged actual-display-timing=separate
info:  InternalWSI: queued origin=INTERNAL_OUTPUT wsi=275 internal=115 app=none pattern=metal-invert InteropJobId=149 vkPresent=VK_SUCCESS
info:  InternalWSI: source-present app=184 duration-us=106 hr=0x0
info:  MetalInterop: captured InteropJobId=150 AppFrameId=184 generation=2 slot=1 slot-serial=80 history-id=6 output-id=7 READY=238 DONE=239 CONSUMED=240 copy-record-us=18
info:  MetalInterop: job-retired InteropJobId=149 AppFrameId=183 slot=2 slot-serial=70 native-job=149 semaphore-value=210 capture-to-retire-us=33310 terminal-to-retire-us=8581
info:  WSI: present origin=APPLICATION_SOURCE wsi=276 app=184 internal=0 acquire=283 image=2 generation=2
info:  MetalInterop: committed InteropJobId=150 AppFrameId=184 slot=1 slot-serial=80 native-job=150 READY=238 DONE=239 initial-job-state=1 kernel=rgb_invert_alpha_preserve ready-to-commit-us=913
info:  WSI: app-completion app=184 app-signal=deferred
info:  WSI: app-frame-latency-signal app=184 via=source-present-retirement
info:  MetalInterop: Vulkan-consumer InteropJobId=150 AppFrameId=184 InternalPresentId=116 generation=2 DONE=239 CONSUMED=240
info:  MetalInterop: Metal output ready InteropJobId=150 AppFrameId=184 slot=1 slot-serial=80 generation=2 DONE=239 event-value=239
info:  MetalInterop: consumer-claimed InteropJobId=150 AppFrameId=184 slot=1 slot-serial=80 generation=2 DONE=239 metal-state=Completed-event-signaled
info:  MetalInterop: terminal InteropJobId=150 AppFrameId=184 slot=1 slot-serial=80 state=VULKAN_CONSUMED terminal-value=240 capture-to-terminal-us=20976
info:  WSI: present origin=INTERNAL_OUTPUT wsi=277 app=0 internal=116 acquire=284 image=0 generation=2
info:  MetalInterop: WSI-submit InteropJobId=150 AppFrameId=184 InternalPresentOpportunityId=150 InternalPresentId=116 WsiPresentId=277 VkPresentResult=VK_SUCCESS
info:  InternalWSI: retirement outcome=presented wsi=277 internal=116 status=VK_SUCCESS app-signals=unchanged actual-display-timing=separate
info:  InternalWSI: queued origin=INTERNAL_OUTPUT wsi=277 internal=116 app=none pattern=metal-invert InteropJobId=150 vkPresent=VK_SUCCESS
info:  InternalWSI: source-present app=185 duration-us=68 hr=0x0
info:  MetalInterop: captured InteropJobId=151 AppFrameId=185 generation=2 slot=2 slot-serial=71 history-id=8 output-id=9 READY=211 DONE=212 CONSUMED=213 copy-record-us=14
info:  MetalInterop: job-retired InteropJobId=150 AppFrameId=184 slot=1 slot-serial=80 native-job=150 semaphore-value=240 capture-to-retire-us=33385 terminal-to-retire-us=12409
info:  WSI: present origin=APPLICATION_SOURCE wsi=278 app=185 internal=0 acquire=285 image=1 generation=2
info:  MetalInterop: committed InteropJobId=151 AppFrameId=185 slot=2 slot-serial=71 native-job=151 READY=211 DONE=212 initial-job-state=1 kernel=rgb_invert_alpha_preserve ready-to-commit-us=614
info:  WSI: app-completion app=185 app-signal=deferred
info:  WSI: app-frame-latency-signal app=185 via=source-present-retirement
info:  MetalInterop: Vulkan-consumer InteropJobId=151 AppFrameId=185 InternalPresentId=117 generation=2 DONE=212 CONSUMED=213
info:  MetalInterop: Metal output ready InteropJobId=151 AppFrameId=185 slot=2 slot-serial=71 generation=2 DONE=212 event-value=212
info:  MetalInterop: consumer-claimed InteropJobId=151 AppFrameId=185 slot=2 slot-serial=71 generation=2 DONE=212 metal-state=Completed-event-signaled
info:  MetalInterop: terminal InteropJobId=151 AppFrameId=185 slot=2 slot-serial=71 state=VULKAN_CONSUMED terminal-value=213 capture-to-terminal-us=19827
info:  WSI: present origin=INTERNAL_OUTPUT wsi=279 app=0 internal=117 acquire=286 image=2 generation=2
info:  MetalInterop: WSI-submit InteropJobId=151 AppFrameId=185 InternalPresentOpportunityId=151 InternalPresentId=117 WsiPresentId=279 VkPresentResult=VK_SUCCESS
info:  InternalWSI: retirement outcome=presented wsi=279 internal=117 status=VK_SUCCESS app-signals=unchanged actual-display-timing=separate
info:  InternalWSI: queued origin=INTERNAL_OUTPUT wsi=279 internal=117 app=none pattern=metal-invert InteropJobId=151 vkPresent=VK_SUCCESS
info:  InternalWSI: source-present app=186 duration-us=80 hr=0x0
info:  MetalInterop: job-retired InteropJobId=151 AppFrameId=185 slot=2 slot-serial=71 native-job=151 semaphore-value=213 capture-to-retire-us=28911 terminal-to-retire-us=9084
info:  MetalInterop: captured InteropJobId=152 AppFrameId=186 generation=2 slot=1 slot-serial=81 history-id=6 output-id=7 READY=241 DONE=242 CONSUMED=243 copy-record-us=51
info:  WSI: present origin=APPLICATION_SOURCE wsi=280 app=186 internal=0 acquire=287 image=0 generation=2
info:  MetalInterop: committed InteropJobId=152 AppFrameId=186 slot=1 slot-serial=81 native-job=152 READY=241 DONE=242 initial-job-state=1 kernel=rgb_invert_alpha_preserve ready-to-commit-us=688
info:  WSI: app-completion app=186 app-signal=deferred
info:  WSI: app-frame-latency-signal app=186 via=source-present-retirement
info:  MetalInterop: Vulkan-consumer InteropJobId=152 AppFrameId=186 InternalPresentId=118 generation=2 DONE=242 CONSUMED=243
info:  MetalInterop: Metal output ready InteropJobId=152 AppFrameId=186 slot=1 slot-serial=81 generation=2 DONE=242 event-value=242
info:  MetalInterop: consumer-claimed InteropJobId=152 AppFrameId=186 slot=1 slot-serial=81 generation=2 DONE=242 metal-state=Completed-event-signaled
info:  MetalInterop: terminal InteropJobId=152 AppFrameId=186 slot=1 slot-serial=81 state=VULKAN_CONSUMED terminal-value=243 capture-to-terminal-us=18517
info:  WSI: present origin=INTERNAL_OUTPUT wsi=281 app=0 internal=118 acquire=288 image=1 generation=2
info:  MetalInterop: WSI-submit InteropJobId=152 AppFrameId=186 InternalPresentOpportunityId=152 InternalPresentId=118 WsiPresentId=281 VkPresentResult=VK_SUCCESS
info:  InternalWSI: retirement outcome=presented wsi=281 internal=118 status=VK_SUCCESS app-signals=unchanged actual-display-timing=separate
info:  InternalWSI: queued origin=INTERNAL_OUTPUT wsi=281 internal=118 app=none pattern=metal-invert InteropJobId=152 vkPresent=VK_SUCCESS
info:  InternalWSI: source-present app=187 duration-us=85 hr=0x0
info:  MetalInterop: captured InteropJobId=153 AppFrameId=187 generation=2 slot=2 slot-serial=72 history-id=8 output-id=9 READY=214 DONE=215 CONSUMED=216 copy-record-us=16
info:  MetalInterop: job-retired InteropJobId=152 AppFrameId=186 slot=1 slot-serial=81 native-job=152 semaphore-value=243 capture-to-retire-us=37841 terminal-to-retire-us=19324
info:  WSI: present origin=APPLICATION_SOURCE wsi=282 app=187 internal=0 acquire=289 image=2 generation=2
info:  MetalInterop: committed InteropJobId=153 AppFrameId=187 slot=2 slot-serial=72 native-job=153 READY=214 DONE=215 initial-job-state=1 kernel=rgb_invert_alpha_preserve ready-to-commit-us=841
info:  WSI: app-completion app=187 app-signal=deferred
info:  WSI: app-frame-latency-signal app=187 via=source-present-retirement
info:  MetalInterop: Vulkan-consumer InteropJobId=153 AppFrameId=187 InternalPresentId=119 generation=2 DONE=215 CONSUMED=216
info:  MetalInterop: Metal output ready InteropJobId=153 AppFrameId=187 slot=2 slot-serial=72 generation=2 DONE=215 event-value=215
info:  MetalInterop: consumer-claimed InteropJobId=153 AppFrameId=187 slot=2 slot-serial=72 generation=2 DONE=215 metal-state=Completed-event-signaled
info:  MetalInterop: terminal InteropJobId=153 AppFrameId=187 slot=2 slot-serial=72 state=VULKAN_CONSUMED terminal-value=216 capture-to-terminal-us=21817
info:  WSI: present origin=INTERNAL_OUTPUT wsi=283 app=0 internal=119 acquire=290 image=0 generation=2
info:  MetalInterop: WSI-submit InteropJobId=153 AppFrameId=187 InternalPresentOpportunityId=153 InternalPresentId=119 WsiPresentId=283 VkPresentResult=VK_SUCCESS
info:  InternalWSI: retirement outcome=presented wsi=283 internal=119 status=VK_SUCCESS app-signals=unchanged actual-display-timing=separate
info:  InternalWSI: queued origin=INTERNAL_OUTPUT wsi=283 internal=119 app=none pattern=metal-invert InteropJobId=153 vkPresent=VK_SUCCESS
info:  InternalWSI: source-present app=188 duration-us=96 hr=0x0
info:  MetalInterop: job-retired InteropJobId=153 AppFrameId=187 slot=2 slot-serial=72 native-job=153 semaphore-value=216 capture-to-retire-us=32879 terminal-to-retire-us=11062
info:  MetalInterop: captured InteropJobId=154 AppFrameId=188 generation=2 slot=1 slot-serial=82 history-id=6 output-id=7 READY=244 DONE=245 CONSUMED=246 copy-record-us=47
info:  WSI: present origin=APPLICATION_SOURCE wsi=284 app=188 internal=0 acquire=291 image=1 generation=2
info:  MetalInterop: committed InteropJobId=154 AppFrameId=188 slot=1 slot-serial=82 native-job=154 READY=244 DONE=245 initial-job-state=1 kernel=rgb_invert_alpha_preserve ready-to-commit-us=1067
info:  WSI: app-completion app=188 app-signal=deferred
info:  WSI: app-frame-latency-signal app=188 via=source-present-retirement
info:  MetalInterop: Vulkan-consumer InteropJobId=154 AppFrameId=188 InternalPresentId=120 generation=2 DONE=245 CONSUMED=246
info:  MetalInterop: Metal output ready InteropJobId=154 AppFrameId=188 slot=1 slot-serial=82 generation=2 DONE=245 event-value=245
info:  MetalInterop: consumer-claimed InteropJobId=154 AppFrameId=188 slot=1 slot-serial=82 generation=2 DONE=245 metal-state=Completed-event-signaled
info:  MetalInterop: terminal InteropJobId=154 AppFrameId=188 slot=1 slot-serial=82 state=VULKAN_CONSUMED terminal-value=246 capture-to-terminal-us=21034
info:  WSI: present origin=INTERNAL_OUTPUT wsi=285 app=0 internal=120 acquire=292 image=2 generation=2
info:  InternalWSI: retirement outcome=presented wsi=285 internal=120 status=VK_SUCCESS app-signals=unchanged actual-display-timing=separate
info:  MetalInterop: WSI-submit InteropJobId=154 AppFrameId=188 InternalPresentOpportunityId=154 InternalPresentId=120 WsiPresentId=285 VkPresentResult=VK_SUCCESS
info:  InternalWSI: queued origin=INTERNAL_OUTPUT wsi=285 internal=120 app=none pattern=metal-invert InteropJobId=154 vkPresent=VK_SUCCESS
info:  InternalWSI: source-present app=189 duration-us=135 hr=0x0
info:  MetalInterop: job-retired InteropJobId=154 AppFrameId=188 slot=1 slot-serial=82 native-job=154 semaphore-value=246 capture-to-retire-us=33781 terminal-to-retire-us=12747
info:  MetalInterop: captured InteropJobId=155 AppFrameId=189 generation=2 slot=2 slot-serial=73 history-id=8 output-id=9 READY=217 DONE=218 CONSUMED=219 copy-record-us=65
info:  WSI: present origin=APPLICATION_SOURCE wsi=286 app=189 internal=0 acquire=293 image=0 generation=2
info:  MetalInterop: committed InteropJobId=155 AppFrameId=189 slot=2 slot-serial=73 native-job=155 READY=217 DONE=218 initial-job-state=1 kernel=rgb_invert_alpha_preserve ready-to-commit-us=1010
info:  WSI: app-completion app=189 app-signal=deferred
info:  WSI: app-frame-latency-signal app=189 via=source-present-retirement
info:  MetalInterop: Vulkan-consumer InteropJobId=155 AppFrameId=189 InternalPresentId=121 generation=2 DONE=218 CONSUMED=219
info:  MetalInterop: Metal output ready InteropJobId=155 AppFrameId=189 slot=2 slot-serial=73 generation=2 DONE=218 event-value=218
info:  MetalInterop: consumer-claimed InteropJobId=155 AppFrameId=189 slot=2 slot-serial=73 generation=2 DONE=218 metal-state=Completed-event-signaled
info:  MetalInterop: terminal InteropJobId=155 AppFrameId=189 slot=2 slot-serial=73 state=VULKAN_CONSUMED terminal-value=219 capture-to-terminal-us=21178
info:  WSI: present origin=INTERNAL_OUTPUT wsi=287 app=0 internal=121 acquire=294 image=1 generation=2
info:  MetalInterop: WSI-submit InteropJobId=155 AppFrameId=189 InternalPresentOpportunityId=155 InternalPresentId=121 WsiPresentId=287 VkPresentResult=VK_SUCCESS
info:  InternalWSI: retirement outcome=presented wsi=287 internal=121 status=VK_SUCCESS app-signals=unchanged actual-display-timing=separate
info:  InternalWSI: queued origin=INTERNAL_OUTPUT wsi=287 internal=121 app=none pattern=metal-invert InteropJobId=155 vkPresent=VK_SUCCESS
info:  InternalWSI: source-present app=190 duration-us=108 hr=0x0
info:  MetalInterop: captured InteropJobId=156 AppFrameId=190 generation=2 slot=1 slot-serial=83 history-id=6 output-id=7 READY=247 DONE=248 CONSUMED=249 copy-record-us=110
info:  MetalInterop: job-retired InteropJobId=155 AppFrameId=189 slot=2 slot-serial=73 native-job=155 semaphore-value=219 capture-to-retire-us=26651 terminal-to-retire-us=5473
info:  WSI: present origin=APPLICATION_SOURCE wsi=288 app=190 internal=0 acquire=295 image=2 generation=2
info:  MetalInterop: committed InteropJobId=156 AppFrameId=190 slot=1 slot-serial=83 native-job=156 READY=247 DONE=248 initial-job-state=1 kernel=rgb_invert_alpha_preserve ready-to-commit-us=1121
info:  WSI: app-completion app=190 app-signal=deferred
info:  WSI: app-frame-latency-signal app=190 via=source-present-retirement
info:  MetalInterop: Vulkan-consumer InteropJobId=156 AppFrameId=190 InternalPresentId=122 generation=2 DONE=248 CONSUMED=249
info:  MetalInterop: Metal output ready InteropJobId=156 AppFrameId=190 slot=1 slot-serial=83 generation=2 DONE=248 event-value=248
info:  MetalInterop: consumer-claimed InteropJobId=156 AppFrameId=190 slot=1 slot-serial=83 generation=2 DONE=248 metal-state=Completed-event-signaled
info:  MetalInterop: terminal InteropJobId=156 AppFrameId=190 slot=1 slot-serial=83 state=VULKAN_CONSUMED terminal-value=249 capture-to-terminal-us=18129
info:  WSI: present origin=INTERNAL_OUTPUT wsi=289 app=0 internal=122 acquire=296 image=0 generation=2
info:  MetalInterop: WSI-submit InteropJobId=156 AppFrameId=190 InternalPresentOpportunityId=156 InternalPresentId=122 WsiPresentId=289 VkPresentResult=VK_SUCCESS
info:  InternalWSI: retirement outcome=presented wsi=289 internal=122 status=VK_SUCCESS app-signals=unchanged actual-display-timing=separate
info:  InternalWSI: queued origin=INTERNAL_OUTPUT wsi=289 internal=122 app=none pattern=metal-invert InteropJobId=156 vkPresent=VK_SUCCESS
info:  InternalWSI: source-present app=191 duration-us=233 hr=0x0
info:  MetalInterop: captured InteropJobId=157 AppFrameId=191 generation=2 slot=2 slot-serial=74 history-id=8 output-id=9 READY=220 DONE=221 CONSUMED=222 copy-record-us=46
info:  MetalInterop: job-retired InteropJobId=156 AppFrameId=190 slot=1 slot-serial=83 native-job=156 semaphore-value=249 capture-to-retire-us=40692 terminal-to-retire-us=22563
info:  WSI: present origin=APPLICATION_SOURCE wsi=290 app=191 internal=0 acquire=297 image=1 generation=2
info:  MetalInterop: committed InteropJobId=157 AppFrameId=191 slot=2 slot-serial=74 native-job=157 READY=220 DONE=221 initial-job-state=1 kernel=rgb_invert_alpha_preserve ready-to-commit-us=2701
info:  WSI: app-completion app=191 app-signal=deferred
info:  WSI: app-frame-latency-signal app=191 via=source-present-retirement
info:  MetalInterop: Vulkan-consumer InteropJobId=157 AppFrameId=191 InternalPresentId=123 generation=2 DONE=221 CONSUMED=222
info:  MetalInterop: Metal output ready InteropJobId=157 AppFrameId=191 slot=2 slot-serial=74 generation=2 DONE=221 event-value=221
info:  MetalInterop: consumer-claimed InteropJobId=157 AppFrameId=191 slot=2 slot-serial=74 generation=2 DONE=221 metal-state=Completed-event-signaled
info:  MetalInterop: terminal InteropJobId=157 AppFrameId=191 slot=2 slot-serial=74 state=VULKAN_CONSUMED terminal-value=222 capture-to-terminal-us=27156
info:  WSI: present origin=INTERNAL_OUTPUT wsi=291 app=0 internal=123 acquire=298 image=2 generation=2
info:  MetalInterop: WSI-submit InteropJobId=157 AppFrameId=191 InternalPresentOpportunityId=157 InternalPresentId=123 WsiPresentId=291 VkPresentResult=VK_SUCCESS
info:  InternalWSI: retirement outcome=presented wsi=291 internal=123 status=VK_SUCCESS app-signals=unchanged actual-display-timing=separate
info:  InternalWSI: queued origin=INTERNAL_OUTPUT wsi=291 internal=123 app=none pattern=metal-invert InteropJobId=157 vkPresent=VK_SUCCESS
info:  InternalWSI: source-present app=192 duration-us=137 hr=0x0
info:  MetalInterop: job-retired InteropJobId=157 AppFrameId=191 slot=2 slot-serial=74 native-job=157 semaphore-value=222 capture-to-retire-us=33463 terminal-to-retire-us=6307
info:  MetalInterop: captured InteropJobId=158 AppFrameId=192 generation=2 slot=1 slot-serial=84 history-id=6 output-id=7 READY=250 DONE=251 CONSUMED=252 copy-record-us=41
info:  WSI: present origin=APPLICATION_SOURCE wsi=292 app=192 internal=0 acquire=299 image=0 generation=2
info:  MetalInterop: committed InteropJobId=158 AppFrameId=192 slot=1 slot-serial=84 native-job=158 READY=250 DONE=251 initial-job-state=1 kernel=rgb_invert_alpha_preserve ready-to-commit-us=997
info:  WSI: app-completion app=192 app-signal=deferred
info:  WSI: app-frame-latency-signal app=192 via=source-present-retirement
info:  MetalInterop: Vulkan-consumer InteropJobId=158 AppFrameId=192 InternalPresentId=124 generation=2 DONE=251 CONSUMED=252
info:  MetalInterop: Metal output ready InteropJobId=158 AppFrameId=192 slot=1 slot-serial=84 generation=2 DONE=251 event-value=251
info:  MetalInterop: consumer-claimed InteropJobId=158 AppFrameId=192 slot=1 slot-serial=84 generation=2 DONE=251 metal-state=Completed-event-signaled
info:  MetalInterop: terminal InteropJobId=158 AppFrameId=192 slot=1 slot-serial=84 state=VULKAN_CONSUMED terminal-value=252 capture-to-terminal-us=19710
info:  WSI: present origin=INTERNAL_OUTPUT wsi=293 app=0 internal=124 acquire=300 image=1 generation=2
info:  MetalInterop: WSI-submit InteropJobId=158 AppFrameId=192 InternalPresentOpportunityId=158 InternalPresentId=124 WsiPresentId=293 VkPresentResult=VK_SUCCESS
info:  InternalWSI: retirement outcome=presented wsi=293 internal=124 status=VK_SUCCESS app-signals=unchanged actual-display-timing=separate
info:  InternalWSI: queued origin=INTERNAL_OUTPUT wsi=293 internal=124 app=none pattern=metal-invert InteropJobId=158 vkPresent=VK_SUCCESS
info:  InternalWSI: source-present app=193 duration-us=73 hr=0x0
info:  MetalInterop: captured InteropJobId=159 AppFrameId=193 generation=2 slot=2 slot-serial=75 history-id=8 output-id=9 READY=223 DONE=224 CONSUMED=225 copy-record-us=11
info:  MetalInterop: job-retired InteropJobId=158 AppFrameId=192 slot=1 slot-serial=84 native-job=158 semaphore-value=252 capture-to-retire-us=32974 terminal-to-retire-us=13264
info:  WSI: present origin=APPLICATION_SOURCE wsi=294 app=193 internal=0 acquire=301 image=2 generation=2
info:  MetalInterop: committed InteropJobId=159 AppFrameId=193 slot=2 slot-serial=75 native-job=159 READY=223 DONE=224 initial-job-state=1 kernel=rgb_invert_alpha_preserve ready-to-commit-us=664
info:  WSI: app-completion app=193 app-signal=deferred
info:  WSI: app-frame-latency-signal app=193 via=source-present-retirement
info:  MetalInterop: Vulkan-consumer InteropJobId=159 AppFrameId=193 InternalPresentId=125 generation=2 DONE=224 CONSUMED=225
info:  MetalInterop: Metal output ready InteropJobId=159 AppFrameId=193 slot=2 slot-serial=75 generation=2 DONE=224 event-value=224
info:  MetalInterop: consumer-claimed InteropJobId=159 AppFrameId=193 slot=2 slot-serial=75 generation=2 DONE=224 metal-state=Completed-event-signaled
info:  MetalInterop: terminal InteropJobId=159 AppFrameId=193 slot=2 slot-serial=75 state=VULKAN_CONSUMED terminal-value=225 capture-to-terminal-us=20277
info:  WSI: present origin=INTERNAL_OUTPUT wsi=295 app=0 internal=125 acquire=302 image=0 generation=2
info:  MetalInterop: WSI-submit InteropJobId=159 AppFrameId=193 InternalPresentOpportunityId=159 InternalPresentId=125 WsiPresentId=295 VkPresentResult=VK_SUCCESS
info:  InternalWSI: retirement outcome=presented wsi=295 internal=125 status=VK_SUCCESS app-signals=unchanged actual-display-timing=separate
info:  InternalWSI: queued origin=INTERNAL_OUTPUT wsi=295 internal=125 app=none pattern=metal-invert InteropJobId=159 vkPresent=VK_SUCCESS
info:  InternalWSI: source-present app=194 duration-us=74 hr=0x0
info:  MetalInterop: captured InteropJobId=160 AppFrameId=194 generation=2 slot=1 slot-serial=85 history-id=6 output-id=7 READY=253 DONE=254 CONSUMED=255 copy-record-us=76
info:  MetalInterop: job-retired InteropJobId=159 AppFrameId=193 slot=2 slot-serial=75 native-job=159 semaphore-value=225 capture-to-retire-us=32881 terminal-to-retire-us=12604
info:  WSI: present origin=APPLICATION_SOURCE wsi=296 app=194 internal=0 acquire=303 image=1 generation=2
info:  MetalInterop: committed InteropJobId=160 AppFrameId=194 slot=1 slot-serial=85 native-job=160 READY=253 DONE=254 initial-job-state=1 kernel=rgb_invert_alpha_preserve ready-to-commit-us=559
info:  WSI: app-completion app=194 app-signal=deferred
info:  WSI: app-frame-latency-signal app=194 via=source-present-retirement
info:  MetalInterop: Vulkan-consumer InteropJobId=160 AppFrameId=194 InternalPresentId=126 generation=2 DONE=254 CONSUMED=255
info:  MetalInterop: Metal output ready InteropJobId=160 AppFrameId=194 slot=1 slot-serial=85 generation=2 DONE=254 event-value=254
info:  MetalInterop: consumer-claimed InteropJobId=160 AppFrameId=194 slot=1 slot-serial=85 generation=2 DONE=254 metal-state=Completed-event-signaled
info:  MetalInterop: terminal InteropJobId=160 AppFrameId=194 slot=1 slot-serial=85 state=VULKAN_CONSUMED terminal-value=255 capture-to-terminal-us=20248
info:  WSI: present origin=INTERNAL_OUTPUT wsi=297 app=0 internal=126 acquire=304 image=2 generation=2
info:  MetalInterop: WSI-submit InteropJobId=160 AppFrameId=194 InternalPresentOpportunityId=160 InternalPresentId=126 WsiPresentId=297 VkPresentResult=VK_SUCCESS
info:  InternalWSI: retirement outcome=presented wsi=297 internal=126 status=VK_SUCCESS app-signals=unchanged actual-display-timing=separate
info:  InternalWSI: queued origin=INTERNAL_OUTPUT wsi=297 internal=126 app=none pattern=metal-invert InteropJobId=160 vkPresent=VK_SUCCESS
info:  InternalWSI: source-present app=195 duration-us=83 hr=0x0
info:  MetalInterop: captured InteropJobId=161 AppFrameId=195 generation=2 slot=2 slot-serial=76 history-id=8 output-id=9 READY=226 DONE=227 CONSUMED=228 copy-record-us=12
info:  MetalInterop: job-retired InteropJobId=160 AppFrameId=194 slot=1 slot-serial=85 native-job=160 semaphore-value=255 capture-to-retire-us=34073 terminal-to-retire-us=13825
info:  WSI: present origin=APPLICATION_SOURCE wsi=298 app=195 internal=0 acquire=305 image=0 generation=2
info:  MetalInterop: committed InteropJobId=161 AppFrameId=195 slot=2 slot-serial=76 native-job=161 READY=226 DONE=227 initial-job-state=1 kernel=rgb_invert_alpha_preserve ready-to-commit-us=775
info:  WSI: app-completion app=195 app-signal=deferred
info:  WSI: app-frame-latency-signal app=195 via=source-present-retirement
info:  MetalInterop: Vulkan-consumer InteropJobId=161 AppFrameId=195 InternalPresentId=127 generation=2 DONE=227 CONSUMED=228
info:  MetalInterop: Metal output ready InteropJobId=161 AppFrameId=195 slot=2 slot-serial=76 generation=2 DONE=227 event-value=227
info:  MetalInterop: consumer-claimed InteropJobId=161 AppFrameId=195 slot=2 slot-serial=76 generation=2 DONE=227 metal-state=Completed-event-signaled
info:  MetalInterop: terminal InteropJobId=161 AppFrameId=195 slot=2 slot-serial=76 state=VULKAN_CONSUMED terminal-value=228 capture-to-terminal-us=19223
info:  WSI: present origin=INTERNAL_OUTPUT wsi=299 app=0 internal=127 acquire=306 image=1 generation=2
info:  MetalInterop: WSI-submit InteropJobId=161 AppFrameId=195 InternalPresentOpportunityId=161 InternalPresentId=127 WsiPresentId=299 VkPresentResult=VK_SUCCESS
info:  InternalWSI: retirement outcome=presented wsi=299 internal=127 status=VK_SUCCESS app-signals=unchanged actual-display-timing=separate
info:  InternalWSI: queued origin=INTERNAL_OUTPUT wsi=299 internal=127 app=none pattern=metal-invert InteropJobId=161 vkPresent=VK_SUCCESS
info:  InternalWSI: source-present app=196 duration-us=59 hr=0x0
info:  MetalInterop: captured InteropJobId=162 AppFrameId=196 generation=2 slot=1 slot-serial=86 history-id=6 output-id=7 READY=256 DONE=257 CONSUMED=258 copy-record-us=9
info:  MetalInterop: job-retired InteropJobId=161 AppFrameId=195 slot=2 slot-serial=76 native-job=161 semaphore-value=228 capture-to-retire-us=32764 terminal-to-retire-us=13541
info:  WSI: present origin=APPLICATION_SOURCE wsi=300 app=196 internal=0 acquire=307 image=2 generation=2
info:  MetalInterop: committed InteropJobId=162 AppFrameId=196 slot=1 slot-serial=86 native-job=162 READY=256 DONE=257 initial-job-state=1 kernel=rgb_invert_alpha_preserve ready-to-commit-us=521
info:  WSI: app-completion app=196 app-signal=deferred
info:  WSI: app-frame-latency-signal app=196 via=source-present-retirement
