event,seq,count_hr,count,stats_hr,stats_present,stats_refresh,sync_refresh,sync_qpc,wait,index,buffer0_identity,buffer1_identity,buffer0_hr,buffer1_hr,device_removed
setup,0,00000000,00000000000000a4,00000000,00000000,1
observe,1,00000000,1,887a000b,0,40535680,40535680,0,0,0,000000000099cc50,00000000009cd190,00000000,00000000,00000000
observe,2,00000000,2,00000000,1,40535681,40535681,6755946678456,258,0,000000000099cc50,00000000009cd190,00000000,00000000,00000000
observe,3,00000000,3,00000000,1,40535681,40535681,6755946678456,0,0,000000000099cc50,00000000009cd190,00000000,00000000,00000000
observe,4,00000000,4,00000000,2,40535681,40535681,6755946736390,0,0,000000000099cc50,00000000009cd190,00000000,00000000,00000000
observe,5,00000000,5,00000000,3,40535681,40535681,6755946760825,0,0,000000000099cc50,00000000009cd190,00000000,00000000,00000000
observe,6,00000000,6,00000000,5,40535681,40535681,6755946777460,0,0,000000000099cc50,00000000009cd190,00000000,00000000,00000000
observe,7,00000000,7,00000000,5,40535681,40535681,6755946777460,0,0,000000000099cc50,00000000009cd190,00000000,00000000,00000000
observe,8,00000000,8,00000000,7,40535682,40535682,6755946792107,0,0,000000000099cc50,00000000009cd190,00000000,00000000,00000000
observe,9,00000000,9,00000000,7,40535682,40535682,6755946792107,0,0,000000000099cc50,00000000009cd190,00000000,00000000,00000000
observe,10,00000000,10,00000000,9,40535682,40535682,6755946815988,0,0,000000000099cc50,00000000009cd190,00000000,00000000,00000000
observe,11,00000000,11,00000000,10,40535682,40535682,6755946832492,0,0,000000000099cc50,00000000009cd190,00000000,00000000,00000000
observe,12,00000000,12,00000000,10,40535682,40535682,6755946832492,0,0,000000000099cc50,00000000009cd190,00000000,00000000,00000000
observe,13,00000000,13,00000000,11,40535682,40535683,6755946844422,0,0,000000000099cc50,00000000009cd190,00000000,00000000,00000000
observe,14,00000000,14,00000000,13,40535684,40535684,6755947158802,0,0,000000000099cc50,00000000009cd190,00000000,00000000,00000000
observe,15,00000000,15,00000000,14,40535685,40535685,6755947327063,0,0,000000000099cc50,00000000009cd190,00000000,00000000,00000000
observe,16,00000000,16,00000000,15,40535686,40535686,6755947492156,0,0,000000000099cc50,00000000009cd190,00000000,00000000,00000000
observe,17,00000000,17,00000000,15,40535686,40535687,6755947492156,0,0,000000000099cc50,00000000009cd190,00000000,00000000,00000000
observe,18,00000000,18,00000000,17,40535688,40535688,6755947825470,0,0,000000000099cc50,00000000009cd190,00000000,00000000,00000000
observe,19,00000000,19,00000000,17,40535688,40535689,6755947825470,0,0,000000000099cc50,00000000009cd190,00000000,00000000,00000000
observe,20,00000000,20,00000000,18,40535689,40535690,6755947991048,0,0,000000000099cc50,00000000009cd190,00000000,00000000,00000000
observe,21,00000000,21,00000000,20,40535691,40535691,6755948325088,0,0,000000000099cc50,00000000009cd190,00000000,00000000,00000000
observe,22,00000000,22,00000000,21,40535692,40535692,6755948492667,0,0,000000000099cc50,00000000009cd190,00000000,00000000,00000000
observe,23,00000000,23,00000000,21,40535692,40535693,6755948492667,0,0,000000000099cc50,00000000009cd190,00000000,00000000,00000000
observe,24,00000000,24,00000000,22,40535693,40535694,6755948658552,0,0,000000000099cc50,00000000009cd190,00000000,00000000,00000000
observe,25,00000000,25,00000000,23,40535694,40535695,6755948824682,0,0,000000000099cc50,00000000009cd190,00000000,00000000,00000000
observe,26,00000000,26,00000000,25,40535696,40535696,6755949156711,0,0,000000000099cc50,00000000009cd190,00000000,00000000,00000000
observe,27,00000000,27,00000000,26,40535697,40535697,6755949327942,0,0,000000000099cc50,00000000009cd190,00000000,00000000,00000000
observe,28,00000000,28,00000000,27,40535698,40535698,6755949496004,0,0,000000000099cc50,00000000009cd190,00000000,00000000,00000000
observe,29,00000000,29,00000000,28,40535699,40535699,6755949660908,0,0,000000000099cc50,00000000009cd190,00000000,00000000,00000000
observe,30,00000000,30,00000000,29,40535700,40535700,6755949828878,0,0,000000000099cc50,00000000009cd190,00000000,00000000,00000000
observe,31,00000000,31,00000000,30,40535701,40535701,6755949996768,0,0,000000000099cc50,00000000009cd190,00000000,00000000,00000000
observe,32,00000000,32,00000000,30,40535701,40535702,6755949996768,0,0,000000000099cc50,00000000009cd190,00000000,00000000,00000000
observe,33,00000000,33,00000000,32,40535703,40535703,6755950328787,0,0,000000000099cc50,00000000009cd190,00000000,00000000,00000000
observe,34,00000000,34,00000000,33,40535704,40535705,6755950495688,0,0,000000000099cc50,00000000009cd190,00000000,00000000,00000000
observe,35,00000000,35,00000000,34,40535706,40535706,6755950831908,0,0,000000000099cc50,00000000009cd190,00000000,00000000,00000000
observe,36,00000000,36,00000000,35,40535707,40535709,6755951002560,0,0,000000000099cc50,00000000009cd190,00000000,00000000,00000000
observe,37,00000000,37,00000000,36,40535709,40535711,6755951303218,0,0,000000000099cc50,00000000009cd190,00000000,00000000,00000000
observe,38,00000000,38,00000000,37,40535711,40535712,6755951634852,0,0,000000000099cc50,00000000009cd190,00000000,00000000,00000000
observe,39,00000000,39,00000000,38,40535712,40535715,6755951925680,0,0,000000000099cc50,00000000009cd190,00000000,00000000,00000000
observe,40,00000000,40,00000000,39,40535715,40535717,6755952300092,0,0,000000000099cc50,00000000009cd190,00000000,00000000,00000000
observe,41,00000000,41,00000000,40,40535717,40535719,6755952640047,0,0,000000000099cc50,00000000009cd190,00000000,00000000,00000000
observe,42,00000000,42,00000000,41,40535719,40535720,6755952983115,0,0,000000000099cc50,00000000009cd190,00000000,00000000,00000000
observe,43,00000000,43,00000000,42,40535720,40535722,6755953268500,0,0,000000000099cc50,00000000009cd190,00000000,00000000,00000000
observe,44,00000000,44,00000000,43,40535722,40535725,6755953594351,0,0,000000000099cc50,00000000009cd190,00000000,00000000,00000000
observe,45,00000000,45,00000000,44,40535725,40535726,6755953985414,0,0,000000000099cc50,00000000009cd190,00000000,00000000,00000000
observe,46,00000000,46,00000000,45,40535726,40535728,6755954252628,0,0,000000000099cc50,00000000009cd190,00000000,00000000,00000000
observe,47,00000000,47,00000000,46,40535728,40535730,6755954573944,0,0,000000000099cc50,00000000009cd190,00000000,00000000,00000000
observe,48,00000000,48,00000000,47,40535731,40535732,6755954959548,0,0,000000000099cc50,00000000009cd190,00000000,00000000,00000000
observe,49,00000000,49,00000000,48,40535732,40535734,6755955247804,0,0,000000000099cc50,00000000009cd190,00000000,00000000,00000000
observe,50,00000000,50,00000000,49,40535734,40535737,6755955618897,0,0,000000000099cc50,00000000009cd190,00000000,00000000,00000000
observe,51,00000000,51,00000000,50,40535737,40535738,6755955984846,0,0,000000000099cc50,00000000009cd190,00000000,00000000,00000000
observe,52,00000000,52,00000000,51,40535738,40535740,6755956245645,0,0,000000000099cc50,00000000009cd190,00000000,00000000,00000000
observe,53,00000000,53,00000000,52,40535741,40535742,6755956623161,0,0,000000000099cc50,00000000009cd190,00000000,00000000,00000000
observe,54,00000000,54,00000000,53,40535742,40535744,6755956920045,0,0,000000000099cc50,00000000009cd190,00000000,00000000,00000000
observe,55,00000000,55,00000000,54,40535745,40535746,6755957289361,0,0,000000000099cc50,00000000009cd190,00000000,00000000,00000000
observe,56,00000000,56,00000000,55,40535747,40535748,6755957635359,0,0,000000000099cc50,00000000009cd190,00000000,00000000,00000000
observe,57,00000000,57,00000000,56,40535749,40535751,6755957967544,0,0,000000000099cc50,00000000009cd190,00000000,00000000,00000000
observe,58,00000000,58,00000000,57,40535751,40535753,6755958339124,0,0,000000000099cc50,00000000009cd190,00000000,00000000,00000000
observe,59,00000000,59,00000000,58,40535753,40535755,6755958644615,0,0,000000000099cc50,00000000009cd190,00000000,00000000,00000000
observe,60,00000000,60,00000000,59,40535755,40535756,6755958983634,0,0,000000000099cc50,00000000009cd190,00000000,00000000,00000000
observe,61,00000000,61,00000000,60,40535757,40535759,6755959290653,0,0,000000000099cc50,00000000009cd190,00000000,00000000,00000000
observe,62,00000000,62,00000000,61,40535759,40535761,6755959658840,0,0,000000000099cc50,00000000009cd190,00000000,00000000,00000000
observe,63,00000000,63,00000000,62,40535761,40535762,6755959974948,0,0,000000000099cc50,00000000009cd190,00000000,00000000,00000000
observe,64,00000000,64,00000000,63,40535762,40535764,6755960281934,0,0,000000000099cc50,00000000009cd190,00000000,00000000,00000000
observe,65,00000000,65,00000000,64,40535765,40535766,6755960646459,0,0,000000000099cc50,00000000009cd190,00000000,00000000,00000000
observe,66,00000000,66,00000000,65,40535766,40535768,6755960949296,0,0,000000000099cc50,00000000009cd190,00000000,00000000,00000000
observe,67,00000000,67,00000000,66,40535769,40535770,6755961300937,0,0,000000000099cc50,00000000009cd190,00000000,00000000,00000000
observe,68,00000000,68,00000000,67,40535771,40535772,6755961625490,0,0,000000000099cc50,00000000009cd190,00000000,00000000,00000000
observe,69,00000000,69,00000000,68,40535773,40535774,6755961968069,0,0,000000000099cc50,00000000009cd190,00000000,00000000,00000000
observe,70,00000000,70,00000000,69,40535774,40535777,6755962280081,0,0,000000000099cc50,00000000009cd190,00000000,00000000,00000000
observe,71,00000000,71,00000000,70,40535777,40535778,6755962661292,0,0,000000000099cc50,00000000009cd190,00000000,00000000,00000000
observe,72,00000000,72,00000000,71,40535778,40535780,6755962938530,0,0,000000000099cc50,00000000009cd190,00000000,00000000,00000000
observe,73,00000000,73,00000000,72,40535781,40535782,6755963306105,0,0,000000000099cc50,00000000009cd190,00000000,00000000,00000000
observe,74,00000000,74,00000000,73,40535783,40535784,6755963648821,0,0,000000000099cc50,00000000009cd190,00000000,00000000,00000000
observe,75,00000000,75,00000000,74,40535785,40535786,6755963967403,0,0,000000000099cc50,00000000009cd190,00000000,00000000,00000000
observe,76,00000000,76,00000000,75,40535786,40535788,6755964287276,0,0,000000000099cc50,00000000009cd190,00000000,00000000,00000000
observe,77,00000000,77,00000000,76,40535788,40535790,6755964618599,0,0,000000000099cc50,00000000009cd190,00000000,00000000,00000000
observe,78,00000000,78,00000000,77,40535790,40535792,6755964889172,0,0,000000000099cc50,00000000009cd190,00000000,00000000,00000000
observe,79,00000000,79,00000000,78,40535793,40535794,6755965290524,0,0,000000000099cc50,00000000009cd190,00000000,00000000,00000000
observe,80,00000000,80,00000000,79,40535794,40535797,6755965608994,0,0,000000000099cc50,00000000009cd190,00000000,00000000,00000000
observe,81,00000000,81,00000000,80,40535797,40535799,6755966018382,0,0,000000000099cc50,00000000009cd190,00000000,00000000,00000000
observe,82,00000000,82,00000000,81,40535799,40535800,6755966330011,0,0,000000000099cc50,00000000009cd190,00000000,00000000,00000000
observe,83,00000000,83,00000000,82,40535800,40535803,6755966601882,0,0,000000000099cc50,00000000009cd190,00000000,00000000,00000000
observe,84,00000000,84,00000000,83,40535803,40535805,6755966979519,0,0,000000000099cc50,00000000009cd190,00000000,00000000,00000000
observe,85,00000000,85,00000000,84,40535805,40535806,6755967317472,0,0,000000000099cc50,00000000009cd190,00000000,00000000,00000000
observe,86,00000000,86,00000000,85,40535807,40535809,6755967648760,0,0,000000000099cc50,00000000009cd190,00000000,00000000,00000000
observe,87,00000000,87,00000000,86,40535809,40535810,6755967989679,0,0,000000000099cc50,00000000009cd190,00000000,00000000,00000000
observe,88,00000000,88,00000000,87,40535810,40535813,6755968254076,0,0,000000000099cc50,00000000009cd190,00000000,00000000,00000000
observe,89,00000000,89,00000000,88,40535813,40535814,6755968671511,0,0,000000000099cc50,00000000009cd190,00000000,00000000,00000000
observe,90,00000000,90,00000000,89,40535815,40535816,6755968986957,0,0,000000000099cc50,00000000009cd190,00000000,00000000,00000000
observe,91,00000000,91,00000000,90,40535816,40535818,6755969276203,0,0,000000000099cc50,00000000009cd190,00000000,00000000,00000000
observe,92,00000000,92,00000000,91,40535819,40535821,6755969661918,0,0,000000000099cc50,00000000009cd190,00000000,00000000,00000000
observe,93,00000000,93,00000000,92,40535821,40535822,6755970007749,0,0,000000000099cc50,00000000009cd190,00000000,00000000,00000000
observe,94,00000000,94,00000000,93,40535822,40535825,6755970279530,0,0,000000000099cc50,00000000009cd190,00000000,00000000,00000000
observe,95,00000000,95,00000000,94,40535825,40535826,6755970724807,0,0,000000000099cc50,00000000009cd190,00000000,00000000,00000000
observe,96,00000000,96,00000000,95,40535826,40535829,6755970954306,0,0,000000000099cc50,00000000009cd190,00000000,00000000,00000000
observe,97,00000000,97,00000000,96,40535829,40535830,6755971351700,0,0,000000000099cc50,00000000009cd190,00000000,00000000,00000000
observe,98,00000000,98,00000000,97,40535831,40535832,6755971629269,0,0,000000000099cc50,00000000009cd190,00000000,00000000,00000000
observe,99,00000000,99,00000000,98,40535832,40535834,6755971937231,0,0,000000000099cc50,00000000009cd190,00000000,00000000,00000000
observe,100,00000000,100,00000000,99,40535834,40535836,6755972280857,0,0,000000000099cc50,00000000009cd190,00000000,00000000,00000000
observe,101,00000000,101,00000000,100,40535837,40535838,6755972621890,0,0,000000000099cc50,00000000009cd190,00000000,00000000,00000000
observe,102,00000000,102,00000000,101,40535838,40535840,6755972917760,0,0,000000000099cc50,00000000009cd190,00000000,00000000,00000000
observe,103,00000000,103,00000000,102,40535841,40535842,6755973304959,0,0,000000000099cc50,00000000009cd190,00000000,00000000,00000000
observe,104,00000000,104,00000000,103,40535843,40535844,6755973635896,0,0,000000000099cc50,00000000009cd190,00000000,00000000,00000000
observe,105,00000000,105,00000000,104,40535844,40535847,6755973933138,0,0,000000000099cc50,00000000009cd190,00000000,00000000,00000000
observe,106,00000000,106,00000000,105,40535847,40535848,6755974322543,0,0,000000000099cc50,00000000009cd190,00000000,00000000,00000000
observe,107,00000000,107,00000000,106,40535848,40535851,6755974587357,0,0,000000000099cc50,00000000009cd190,00000000,00000000,00000000
observe,108,00000000,108,00000000,107,40535851,40535852,6755974994778,0,0,000000000099cc50,00000000009cd190,00000000,00000000,00000000
observe,109,00000000,109,00000000,108,40535852,40535854,6755975277648,0,0,000000000099cc50,00000000009cd190,00000000,00000000,00000000
observe,110,00000000,110,00000000,109,40535854,40535856,6755975604515,0,0,000000000099cc50,00000000009cd190,00000000,00000000,00000000
observe,111,00000000,111,00000000,110,40535856,40535858,6755975945747,0,0,000000000099cc50,00000000009cd190,00000000,00000000,00000000
observe,112,00000000,112,00000000,111,40535859,40535860,6755976288822,0,0,000000000099cc50,00000000009cd190,00000000,00000000,00000000
observe,113,00000000,113,00000000,112,40535860,40535862,6755976578712,0,0,000000000099cc50,00000000009cd190,00000000,00000000,00000000
observe,114,00000000,114,00000000,113,40535863,40535864,6755976985336,0,0,000000000099cc50,00000000009cd190,00000000,00000000,00000000
observe,115,00000000,115,00000000,114,40535864,40535866,6755977255135,0,0,000000000099cc50,00000000009cd190,00000000,00000000,00000000
observe,116,00000000,116,00000000,115,40535866,40535868,6755977621747,0,0,000000000099cc50,00000000009cd190,00000000,00000000,00000000
observe,117,00000000,117,00000000,116,40535868,40535870,6755977935363,0,0,000000000099cc50,00000000009cd190,00000000,00000000,00000000
observe,118,00000000,118,00000000,117,40535870,40535872,6755978236730,0,0,000000000099cc50,00000000009cd190,00000000,00000000,00000000
observe,119,00000000,119,00000000,118,40535873,40535874,6755978631052,0,0,000000000099cc50,00000000009cd190,00000000,00000000,00000000
observe,120,00000000,120,00000000,119,40535875,40535877,6755978958535,0,0,000000000099cc50,00000000009cd190,00000000,00000000,00000000
observe,121,00000000,121,00000000,120,40535877,40535878,6755979329558,0,0,000000000099cc50,00000000009cd190,00000000,00000000,00000000
observe,122,00000000,122,00000000,121,40535878,40535881,6755979601695,0,0,000000000099cc50,00000000009cd190,00000000,00000000,00000000
observe,123,00000000,123,00000000,122,40535881,40535882,6755980024432,0,0,000000000099cc50,00000000009cd190,00000000,00000000,00000000
observe,124,00000000,124,00000000,123,40535882,40535884,6755980235742,0,0,000000000099cc50,00000000009cd190,00000000,00000000,00000000
observe,125,00000000,125,00000000,124,40535885,40535887,6755980651310,0,0,000000000099cc50,00000000009cd190,00000000,00000000,00000000
observe,126,00000000,126,00000000,125,40535887,40535888,6755981037955,0,0,000000000099cc50,00000000009cd190,00000000,00000000,00000000
observe,127,00000000,127,00000000,126,40535888,40535890,6755981274374,0,0,000000000099cc50,00000000009cd190,00000000,00000000,00000000
observe,128,00000000,128,00000000,127,40535891,40535892,6755981643022,0,0,000000000099cc50,00000000009cd190,00000000,00000000,00000000
observe,129,00000000,129,00000000,128,40535893,40535895,6755981986590,0,0,000000000099cc50,00000000009cd190,00000000,00000000,00000000
observe,130,00000000,130,00000000,129,40535895,40535896,6755982323940,0,0,000000000099cc50,00000000009cd190,00000000,00000000,00000000
observe,131,00000000,131,00000000,130,40535897,40535898,6755982638194,0,0,000000000099cc50,00000000009cd190,00000000,00000000,00000000
observe,132,00000000,132,00000000,131,40535898,40535901,6755982938082,0,0,000000000099cc50,00000000009cd190,00000000,00000000,00000000
observe,133,00000000,133,00000000,132,40535901,40535902,6755983310287,0,0,000000000099cc50,00000000009cd190,00000000,00000000,00000000
observe,134,00000000,134,00000000,133,40535902,40535905,6755983602039,0,0,000000000099cc50,00000000009cd190,00000000,00000000,00000000
observe,135,00000000,135,00000000,134,40535905,40535907,6755983997407,0,0,000000000099cc50,00000000009cd190,00000000,00000000,00000000
observe,136,00000000,136,00000000,135,40535907,40535908,6755984309267,0,0,000000000099cc50,00000000009cd190,00000000,00000000,00000000
observe,137,00000000,137,00000000,136,40535908,40535910,6755984613695,0,0,000000000099cc50,00000000009cd190,00000000,00000000,00000000
observe,138,00000000,138,00000000,137,40535910,40535912,6755984947141,0,0,000000000099cc50,00000000009cd190,00000000,00000000,00000000
observe,139,00000000,139,00000000,138,40535912,40535914,6755985270977,0,0,000000000099cc50,00000000009cd190,00000000,00000000,00000000
observe,140,00000000,140,00000000,139,40535915,40535917,6755985622326,0,0,000000000099cc50,00000000009cd190,00000000,00000000,00000000
observe,141,00000000,141,00000000,140,40535917,40535918,6755985993797,0,0,000000000099cc50,00000000009cd190,00000000,00000000,00000000
observe,142,00000000,142,00000000,141,40535919,40535920,6755986323563,0,0,000000000099cc50,00000000009cd190,00000000,00000000,00000000
observe,143,00000000,143,00000000,142,40535921,40535923,6755986632086,0,0,000000000099cc50,00000000009cd190,00000000,00000000,00000000
observe,144,00000000,144,00000000,143,40535923,40535924,6755987046686,0,0,000000000099cc50,00000000009cd190,00000000,00000000,00000000
observe,145,00000000,145,00000000,144,40535924,40535926,6755987234207,0,0,000000000099cc50,00000000009cd190,00000000,00000000,00000000
observe,146,00000000,146,00000000,145,40535926,40535929,6755987605564,0,0,000000000099cc50,00000000009cd190,00000000,00000000,00000000
observe,147,00000000,147,00000000,146,40535929,40535931,6755987986357,0,0,000000000099cc50,00000000009cd190,00000000,00000000,00000000
observe,148,00000000,148,00000000,147,40535931,40535932,6755988366832,0,0,000000000099cc50,00000000009cd190,00000000,00000000,00000000
observe,149,00000000,149,00000000,148,40535933,40535934,6755988646320,0,0,000000000099cc50,00000000009cd190,00000000,00000000,00000000
observe,150,00000000,150,00000000,149,40535934,40535936,6755988942200,0,0,000000000099cc50,00000000009cd190,00000000,00000000,00000000
observe,151,00000000,151,00000000,150,40535936,40535939,6755989245809,0,0,000000000099cc50,00000000009cd190,00000000,00000000,00000000
observe,152,00000000,152,00000000,151,40535939,40535940,6755989647083,0,0,000000000099cc50,00000000009cd190,00000000,00000000,00000000
observe,153,00000000,153,00000000,152,40535940,40535942,6755989935787,0,0,000000000099cc50,00000000009cd190,00000000,00000000,00000000
observe,154,00000000,154,00000000,153,40535943,40535945,6755990302835,0,0,000000000099cc50,00000000009cd190,00000000,00000000,00000000
observe,155,00000000,155,00000000,154,40535945,40535946,6755990656658,0,0,000000000099cc50,00000000009cd190,00000000,00000000,00000000
observe,156,00000000,156,00000000,155,40535946,40535948,6755990901173,0,0,000000000099cc50,00000000009cd190,00000000,00000000,00000000
observe,157,00000000,157,00000000,156,40535949,40535950,6755991297568,0,0,000000000099cc50,00000000009cd190,00000000,00000000,00000000
observe,158,00000000,158,00000000,157,40535951,40535952,6755991654205,0,0,000000000099cc50,00000000009cd190,00000000,00000000,00000000
observe,159,00000000,159,00000000,158,40535953,40535955,6755991963307,0,0,000000000099cc50,00000000009cd190,00000000,00000000,00000000
observe,160,00000000,160,00000000,159,40535955,40535956,6755992313827,0,0,000000000099cc50,00000000009cd190,00000000,00000000,00000000
observe,161,00000000,161,00000000,160,40535956,40535958,6755992602652,0,0,000000000099cc50,00000000009cd190,00000000,00000000,00000000
observe,162,00000000,162,00000000,161,40535958,40535960,6755992935115,0,0,000000000099cc50,00000000009cd190,00000000,00000000,00000000
observe,163,00000000,163,00000000,162,40535960,40535963,6755993281175,0,0,000000000099cc50,00000000009cd190,00000000,00000000,00000000
observe,164,00000000,164,00000000,163,40535963,40535964,6755993640959,0,0,000000000099cc50,00000000009cd190,00000000,00000000,00000000
observe,165,00000000,165,00000000,164,40535965,40535966,6755993960870,0,0,000000000099cc50,00000000009cd190,00000000,00000000,00000000
observe,166,00000000,166,00000000,165,40535966,40535969,6755994265636,0,0,000000000099cc50,00000000009cd190,00000000,00000000,00000000
observe,167,00000000,167,00000000,166,40535969,40535970,6755994650363,0,0,000000000099cc50,00000000009cd190,00000000,00000000,00000000
observe,168,00000000,168,00000000,167,40535970,40535973,6755994921466,0,0,000000000099cc50,00000000009cd190,00000000,00000000,00000000
observe,169,00000000,169,00000000,168,40535973,40535975,6755995339819,0,0,000000000099cc50,00000000009cd190,00000000,00000000,00000000
observe,170,00000000,170,00000000,169,40535975,40535976,6755995646452,0,0,000000000099cc50,00000000009cd190,00000000,00000000,00000000
observe,171,00000000,171,00000000,170,40535977,40535979,6755995955419,0,0,000000000099cc50,00000000009cd190,00000000,00000000,00000000
observe,172,00000000,172,00000000,171,40535979,40535981,6755996349600,0,0,000000000099cc50,00000000009cd190,00000000,00000000,00000000
observe,173,00000000,173,00000000,172,40535981,40535982,6755996681938,0,0,000000000099cc50,00000000009cd190,00000000,00000000,00000000
observe,174,00000000,174,00000000,173,40535983,40535984,6755996955535,0,0,000000000099cc50,00000000009cd190,00000000,00000000,00000000
observe,175,00000000,175,00000000,174,40535985,40535987,6755997304288,0,0,000000000099cc50,00000000009cd190,00000000,00000000,00000000
observe,176,00000000,176,00000000,175,40535987,40535988,6755997653236,0,0,000000000099cc50,00000000009cd190,00000000,00000000,00000000
observe,177,00000000,177,00000000,176,40535989,40535991,6755997955710,0,0,000000000099cc50,00000000009cd190,00000000,00000000,00000000
observe,178,00000000,178,00000000,177,40535991,40535993,6755998321108,0,0,000000000099cc50,00000000009cd190,00000000,00000000,00000000
observe,179,00000000,179,00000000,178,40535993,40535995,6755998638959,0,0,000000000099cc50,00000000009cd190,00000000,00000000,00000000
observe,180,00000000,180,00000000,179,40535995,40535997,6755999020243,0,0,000000000099cc50,00000000009cd190,00000000,00000000,00000000
observe,181,00000000,181,00000000,180,40535997,40535998,6755999320277,0,0,000000000099cc50,00000000009cd190,00000000,00000000,00000000
observe,182,00000000,182,00000000,181,40535998,40536000,6755999561502,0,0,000000000099cc50,00000000009cd190,00000000,00000000,00000000
observe,183,00000000,183,00000000,182,40536001,40536002,6755999976265,0,0,000000000099cc50,00000000009cd190,00000000,00000000,00000000
observe,184,00000000,184,00000000,183,40536003,40536004,6756000301922,0,0,000000000099cc50,00000000009cd190,00000000,00000000,00000000
observe,185,00000000,185,00000000,184,40536005,40536006,6756000641055,0,0,000000000099cc50,00000000009cd190,00000000,00000000,00000000
observe,186,00000000,186,00000000,185,40536006,40536008,6756000938404,0,0,000000000099cc50,00000000009cd190,00000000,00000000,00000000
observe,187,00000000,187,00000000,186,40536009,40536010,6756001305445,0,0,000000000099cc50,00000000009cd190,00000000,00000000,00000000
observe,188,00000000,188,00000000,187,40536011,40536012,6756001626343,0,0,000000000099cc50,00000000009cd190,00000000,00000000,00000000
observe,189,00000000,189,00000000,188,40536012,40536015,6756001941855,0,0,000000000099cc50,00000000009cd190,00000000,00000000,00000000
observe,190,00000000,190,00000000,189,40536015,40536016,6756002339831,0,0,000000000099cc50,00000000009cd190,00000000,00000000,00000000
observe,191,00000000,191,00000000,190,40536016,40536018,6756002604746,0,0,000000000099cc50,00000000009cd190,00000000,00000000,00000000
observe,192,00000000,192,00000000,191,40536019,40536020,6756002970274,0,0,000000000099cc50,00000000009cd190,00000000,00000000,00000000
observe,193,00000000,193,00000000,192,40536021,40536022,6756003307660,0,0,000000000099cc50,00000000009cd190,00000000,00000000,00000000
observe,194,00000000,194,00000000,193,40536023,40536024,6756003635367,0,0,000000000099cc50,00000000009cd190,00000000,00000000,00000000
observe,195,00000000,195,00000000,194,40536025,40536027,6756003983606,0,0,000000000099cc50,00000000009cd190,00000000,00000000,00000000
observe,196,00000000,196,00000000,195,40536027,40536028,6756004312317,0,0,000000000099cc50,00000000009cd190,00000000,00000000,00000000
observe,197,00000000,197,00000000,196,40536029,40536031,6756004637050,0,0,000000000099cc50,00000000009cd190,00000000,00000000,00000000
observe,198,00000000,198,00000000,197,40536031,40536033,6756005009559,0,0,000000000099cc50,00000000009cd190,00000000,00000000,00000000
observe,199,00000000,199,00000000,198,40536033,40536034,6756005309872,0,0,000000000099cc50,00000000009cd190,00000000,00000000,00000000
observe,200,00000000,200,00000000,199,40536034,40536036,6756005615423,0,0,000000000099cc50,00000000009cd190,00000000,00000000,00000000
observe,201,00000000,201,00000000,200,40536037,40536038,6756005962790,0,0,000000000099cc50,00000000009cd190,00000000,00000000,00000000
observe,202,00000000,202,00000000,201,40536039,40536040,6756006288884,0,0,000000000099cc50,00000000009cd190,00000000,00000000,00000000
observe,203,00000000,203,00000000,202,40536040,40536043,6756006620997,0,0,000000000099cc50,00000000009cd190,00000000,00000000,00000000
observe,204,00000000,204,00000000,203,40536043,40536045,6756007005768,0,0,000000000099cc50,00000000009cd190,00000000,00000000,00000000
observe,205,00000000,205,00000000,204,40536045,40536046,6756007323328,0,0,000000000099cc50,00000000009cd190,00000000,00000000,00000000
observe,206,00000000,206,00000000,205,40536046,40536048,6756007621305,0,0,000000000099cc50,00000000009cd190,00000000,00000000,00000000
observe,207,00000000,207,00000000,206,40536049,40536051,6756007969865,0,0,000000000099cc50,00000000009cd190,00000000,00000000,00000000
observe,208,00000000,208,00000000,207,40536051,40536052,6756008336514,0,0,000000000099cc50,00000000009cd190,00000000,00000000,00000000
observe,209,00000000,209,00000000,208,40536052,40536055,6756008596099,0,0,000000000099cc50,00000000009cd190,00000000,00000000,00000000
observe,210,00000000,210,00000000,209,40536055,40536057,6756009015567,0,0,000000000099cc50,00000000009cd190,00000000,00000000,00000000
observe,211,00000000,211,00000000,210,40536057,40536059,6756009351205,0,0,000000000099cc50,00000000009cd190,00000000,00000000,00000000
observe,212,00000000,212,00000000,211,40536059,40536062,6756009697367,0,0,000000000099cc50,00000000009cd190,00000000,00000000,00000000
observe,213,00000000,213,00000000,211,40536059,40536062,6756009697367,0,0,000000000099cc50,00000000009cd190,00000000,00000000,00000000
observe,214,00000000,214,00000000,213,40536063,40536064,6756010326202,0,0,000000000099cc50,00000000009cd190,00000000,00000000,00000000
observe,215,00000000,215,00000000,214,40536065,40536066,6756010776312,0,0,000000000099cc50,00000000009cd190,00000000,00000000,00000000
observe,216,00000000,216,00000000,215,40536066,40536068,6756010924142,0,0,000000000099cc50,00000000009cd190,00000000,00000000,00000000
observe,217,00000000,217,00000000,216,40536068,40536070,6756011248467,0,0,000000000099cc50,00000000009cd190,00000000,00000000,00000000
observe,218,00000000,218,00000000,217,40536070,40536072,6756011607435,0,0,000000000099cc50,00000000009cd190,00000000,00000000,00000000
observe,219,00000000,219,00000000,218,40536072,40536074,6756011892125,0,0,000000000099cc50,00000000009cd190,00000000,00000000,00000000
observe,220,00000000,220,00000000,219,40536074,40536076,6756012277722,0,0,000000000099cc50,00000000009cd190,00000000,00000000,00000000
observe,221,00000000,221,00000000,220,40536076,40536078,6756012613391,0,0,000000000099cc50,00000000009cd190,00000000,00000000,00000000
observe,222,00000000,222,00000000,221,40536079,40536080,6756012991963,0,0,000000000099cc50,00000000009cd190,00000000,00000000,00000000
observe,223,00000000,223,00000000,222,40536081,40536082,6756013323885,0,0,000000000099cc50,00000000009cd190,00000000,00000000,00000000
observe,224,00000000,224,00000000,223,40536083,40536084,6756013625478,0,0,000000000099cc50,00000000009cd190,00000000,00000000,00000000
observe,225,00000000,225,00000000,224,40536085,40536086,6756013960970,0,0,000000000099cc50,00000000009cd190,00000000,00000000,00000000
observe,226,00000000,226,00000000,225,40536087,40536088,6756014290495,0,0,000000000099cc50,00000000009cd190,00000000,00000000,00000000
observe,227,00000000,227,00000000,226,40536088,40536090,6756014620780,0,0,000000000099cc50,00000000009cd190,00000000,00000000,00000000
observe,228,00000000,228,00000000,227,40536091,40536093,6756014963910,0,0,000000000099cc50,00000000009cd190,00000000,00000000,00000000
observe,229,00000000,229,00000000,228,40536093,40536095,6756015337770,0,0,000000000099cc50,00000000009cd190,00000000,00000000,00000000
observe,230,00000000,230,00000000,229,40536095,40536096,6756015652252,0,0,000000000099cc50,00000000009cd190,00000000,00000000,00000000
observe,231,00000000,231,00000000,230,40536097,40536099,6756015969942,0,0,000000000099cc50,00000000009cd190,00000000,00000000,00000000
observe,232,00000000,232,00000000,231,40536099,40536100,6756016335927,0,0,000000000099cc50,00000000009cd190,00000000,00000000,00000000
observe,233,00000000,233,00000000,232,40536101,40536103,6756016639377,0,0,000000000099cc50,00000000009cd190,00000000,00000000,00000000
observe,234,00000000,234,00000000,233,40536103,40536104,6756016991672,0,0,000000000099cc50,00000000009cd190,00000000,00000000,00000000
observe,235,00000000,235,00000000,234,40536105,40536106,6756017292323,0,0,000000000099cc50,00000000009cd190,00000000,00000000,00000000
observe,236,00000000,236,00000000,235,40536106,40536109,6756017610069,0,0,000000000099cc50,00000000009cd190,00000000,00000000,00000000
observe,237,00000000,237,00000000,236,40536109,40536111,6756017996615,0,0,000000000099cc50,00000000009cd190,00000000,00000000,00000000
observe,238,00000000,238,00000000,237,40536111,40536112,6756018372962,0,0,000000000099cc50,00000000009cd190,00000000,00000000,00000000
observe,239,00000000,239,00000000,238,40536112,40536115,6756018603421,0,0,000000000099cc50,00000000009cd190,00000000,00000000,00000000
observe,240,00000000,240,00000000,239,40536115,40536116,6756018981808,0,0,000000000099cc50,00000000009cd190,00000000,00000000,00000000
observe,241,00000000,241,00000000,240,40536116,40536119,6756019280955,0,0,000000000099cc50,00000000009cd190,00000000,00000000,00000000
observe,242,00000000,242,00000000,241,40536119,40536120,6756019660720,0,0,000000000099cc50,00000000009cd190,00000000,00000000,00000000
observe,243,00000000,243,00000000,242,40536121,40536122,6756019966676,0,0,000000000099cc50,00000000009cd190,00000000,00000000,00000000
observe,244,00000000,244,00000000,243,40536122,40536125,6756020282662,0,0,000000000099cc50,00000000009cd190,00000000,00000000,00000000
observe,245,00000000,245,00000000,244,40536125,40536127,6756020684902,0,0,000000000099cc50,00000000009cd190,00000000,00000000,00000000
observe,246,00000000,246,00000000,245,40536127,40536129,6756020999515,0,0,000000000099cc50,00000000009cd190,00000000,00000000,00000000
observe,247,00000000,247,00000000,246,40536129,40536130,6756021323901,0,0,000000000099cc50,00000000009cd190,00000000,00000000,00000000
observe,248,00000000,248,00000000,247,40536130,40536133,6756021616660,0,0,000000000099cc50,00000000009cd190,00000000,00000000,00000000
observe,249,00000000,249,00000000,248,40536133,40536135,6756022011261,0,0,000000000099cc50,00000000009cd190,00000000,00000000,00000000
observe,250,00000000,250,00000000,249,40536135,40536136,6756022321015,0,0,000000000099cc50,00000000009cd190,00000000,00000000,00000000
observe,251,00000000,251,00000000,250,40536137,40536138,6756022632084,0,0,000000000099cc50,00000000009cd190,00000000,00000000,00000000
observe,252,00000000,252,00000000,251,40536138,40536140,6756022897170,0,0,000000000099cc50,00000000009cd190,00000000,00000000,00000000
observe,253,00000000,253,00000000,252,40536140,40536143,6756023272446,0,0,000000000099cc50,00000000009cd190,00000000,00000000,00000000
observe,254,00000000,254,00000000,253,40536143,40536145,6756023683633,0,0,000000000099cc50,00000000009cd190,00000000,00000000,00000000
observe,255,00000000,255,00000000,254,40536145,40536146,6756024007274,0,0,000000000099cc50,00000000009cd190,00000000,00000000,00000000
observe,256,00000000,256,00000000,255,40536147,40536148,6756024319417,0,0,000000000099cc50,00000000009cd190,00000000,00000000,00000000
observe,257,00000000,257,00000000,256,40536148,40536151,6756024614992,0,0,000000000099cc50,00000000009cd190,00000000,00000000,00000000
observe,258,00000000,258,00000000,257,40536151,40536153,6756024975048,0,0,000000000099cc50,00000000009cd190,00000000,00000000,00000000
observe,259,00000000,259,00000000,258,40536153,40536154,6756025333710,0,0,000000000099cc50,00000000009cd190,00000000,00000000,00000000
observe,260,00000000,260,00000000,259,40536155,40536156,6756025643210,0,0,000000000099cc50,00000000009cd190,00000000,00000000,00000000
observe,261,00000000,261,00000000,260,40536156,40536159,6756025954507,0,0,000000000099cc50,00000000009cd190,00000000,00000000,00000000
observe,262,00000000,262,00000000,261,40536159,40536160,6756026330198,0,0,000000000099cc50,00000000009cd190,00000000,00000000,00000000
observe,263,00000000,263,00000000,262,40536160,40536162,6756026620287,0,0,000000000099cc50,00000000009cd190,00000000,00000000,00000000
observe,264,00000000,264,00000000,263,40536163,40536164,6756026967259,0,0,000000000099cc50,00000000009cd190,00000000,00000000,00000000
observe,265,00000000,265,00000000,264,40536164,40536166,6756027256198,0,0,000000000099cc50,00000000009cd190,00000000,00000000,00000000
observe,266,00000000,266,00000000,265,40536166,40536169,6756027601093,0,0,000000000099cc50,00000000009cd190,00000000,00000000,00000000
observe,267,00000000,267,00000000,266,40536169,40536171,6756027980690,0,0,000000000099cc50,00000000009cd190,00000000,00000000,00000000
observe,268,00000000,268,00000000,267,40536171,40536172,6756028310712,0,0,000000000099cc50,00000000009cd190,00000000,00000000,00000000
observe,269,00000000,269,00000000,268,40536173,40536175,6756028636420,0,0,000000000099cc50,00000000009cd190,00000000,00000000,00000000
observe,270,00000000,270,00000000,269,40536175,40536177,6756028975553,0,0,000000000099cc50,00000000009cd190,00000000,00000000,00000000
observe,271,00000000,271,00000000,270,40536177,40536178,6756029312943,0,0,000000000099cc50,00000000009cd190,00000000,00000000,00000000
observe,272,00000000,272,00000000,271,40536178,40536181,6756029613143,0,0,000000000099cc50,00000000009cd190,00000000,00000000,00000000
observe,273,00000000,273,00000000,272,40536181,40536182,6756029988890,0,0,000000000099cc50,00000000009cd190,00000000,00000000,00000000
observe,274,00000000,274,00000000,273,40536182,40536184,6756030285045,0,0,000000000099cc50,00000000009cd190,00000000,00000000,00000000
observe,275,00000000,275,00000000,274,40536184,40536186,6756030614138,0,0,000000000099cc50,00000000009cd190,00000000,00000000,00000000
observe,276,00000000,276,00000000,275,40536186,40536188,6756030949195,0,0,000000000099cc50,00000000009cd190,00000000,00000000,00000000
observe,277,00000000,277,00000000,276,40536188,40536191,6756031267773,0,0,000000000099cc50,00000000009cd190,00000000,00000000,00000000
observe,278,00000000,278,00000000,277,40536191,40536193,6756031645050,0,0,000000000099cc50,00000000009cd190,00000000,00000000,00000000
observe,279,00000000,279,00000000,278,40536193,40536195,6756031973672,0,0,000000000099cc50,00000000009cd190,00000000,00000000,00000000
observe,280,00000000,280,00000000,279,40536195,40536196,6756032309751,0,0,000000000099cc50,00000000009cd190,00000000,00000000,00000000
observe,281,00000000,281,00000000,280,40536197,40536198,6756032637350,0,0,000000000099cc50,00000000009cd190,00000000,00000000,00000000
observe,282,00000000,282,00000000,281,40536199,40536200,6756032965568,0,0,000000000099cc50,00000000009cd190,00000000,00000000,00000000
observe,283,00000000,283,00000000,282,40536200,40536202,6756033221627,0,0,000000000099cc50,00000000009cd190,00000000,00000000,00000000
observe,284,00000000,284,00000000,283,40536202,40536204,6756033615853,0,0,000000000099cc50,00000000009cd190,00000000,00000000,00000000
observe,285,00000000,285,00000000,284,40536204,40536206,6756033950677,0,0,000000000099cc50,00000000009cd190,00000000,00000000,00000000
observe,286,00000000,286,00000000,285,40536206,40536209,6756034225808,0,0,000000000099cc50,00000000009cd190,00000000,00000000,00000000
observe,287,00000000,287,00000000,286,40536209,40536210,6756034646001,0,0,000000000099cc50,00000000009cd190,00000000,00000000,00000000
observe,288,00000000,288,00000000,287,40536211,40536213,6756034957132,0,0,000000000099cc50,00000000009cd190,00000000,00000000,00000000
observe,289,00000000,289,00000000,288,40536213,40536214,6756035306859,0,0,000000000099cc50,00000000009cd190,00000000,00000000,00000000
observe,290,00000000,290,00000000,289,40536214,40536216,6756035614733,0,0,000000000099cc50,00000000009cd190,00000000,00000000,00000000
observe,291,00000000,291,00000000,290,40536216,40536218,6756035923649,0,0,000000000099cc50,00000000009cd190,00000000,00000000,00000000
observe,292,00000000,292,00000000,291,40536219,40536221,6756036292692,0,0,000000000099cc50,00000000009cd190,00000000,00000000,00000000
observe,293,00000000,293,00000000,292,40536221,40536222,6756036668036,0,0,000000000099cc50,00000000009cd190,00000000,00000000,00000000
observe,294,00000000,294,00000000,293,40536223,40536225,6756036955194,0,0,000000000099cc50,00000000009cd190,00000000,00000000,00000000
observe,295,00000000,295,00000000,294,40536225,40536226,6756037312064,0,0,000000000099cc50,00000000009cd190,00000000,00000000,00000000
observe,296,00000000,296,00000000,295,40536226,40536229,6756037603305,0,0,000000000099cc50,00000000009cd190,00000000,00000000,00000000
observe,297,00000000,297,00000000,296,40536229,40536231,6756037989822,0,0,000000000099cc50,00000000009cd190,00000000,00000000,00000000
observe,298,00000000,298,00000000,297,40536231,40536233,6756038370150,0,0,000000000099cc50,00000000009cd190,00000000,00000000,00000000
observe,299,00000000,299,00000000,298,40536233,40536234,6756038657002,0,0,000000000099cc50,00000000009cd190,00000000,00000000,00000000
observe,300,00000000,300,00000000,299,40536234,40536237,6756038944628,0,0,000000000099cc50,00000000009cd190,00000000,00000000,00000000
observe,301,00000000,301,00000000,300,40536237,40536238,6756039353787,0,0,000000000099cc50,00000000009cd190,00000000,00000000,00000000
observe,302,00000000,302,00000000,301,40536238,40536240,6756039614097,0,0,000000000099cc50,00000000009cd190,00000000,00000000,00000000
observe,303,00000000,303,00000000,302,40536241,40536242,6756039973475,0,0,000000000099cc50,00000000009cd190,00000000,00000000,00000000
observe,304,00000000,304,00000000,303,40536243,40536245,6756040289736,0,0,000000000099cc50,00000000009cd190,00000000,00000000,00000000
observe,305,00000000,305,00000000,304,40536245,40536246,6756040652907,0,0,000000000099cc50,00000000009cd190,00000000,00000000,00000000
observe,306,00000000,306,00000000,305,40536247,40536249,6756040956310,0,0,000000000099cc50,00000000009cd190,00000000,00000000,00000000
observe,307,00000000,307,00000000,306,40536249,40536251,6756041363784,0,0,000000000099cc50,00000000009cd190,00000000,00000000,00000000
observe,308,00000000,308,00000000,307,40536251,40536252,6756041664069,0,0,000000000099cc50,00000000009cd190,00000000,00000000,00000000
observe,309,00000000,309,00000000,308,40536253,40536254,6756041955966,0,0,000000000099cc50,00000000009cd190,00000000,00000000,00000000
observe,310,00000000,310,00000000,309,40536255,40536256,6756042295281,0,0,000000000099cc50,00000000009cd190,00000000,00000000,00000000
observe,311,00000000,311,00000000,310,40536257,40536258,6756042629181,0,0,000000000099cc50,00000000009cd190,00000000,00000000,00000000
observe,312,00000000,312,00000000,311,40536258,40536260,6756042951228,0,0,000000000099cc50,00000000009cd190,00000000,00000000,00000000
observe,313,00000000,313,00000000,312,40536260,40536262,6756043237369,0,0,000000000099cc50,00000000009cd190,00000000,00000000,00000000
observe,314,00000000,314,00000000,313,40536263,40536264,6756043631106,0,0,000000000099cc50,00000000009cd190,00000000,00000000,00000000
observe,315,00000000,315,00000000,314,40536264,40536266,6756043940687,0,0,000000000099cc50,00000000009cd190,00000000,00000000,00000000
observe,316,00000000,316,00000000,315,40536267,40536268,6756044312701,0,0,000000000099cc50,00000000009cd190,00000000,00000000,00000000
observe,317,00000000,317,00000000,316,40536269,40536270,6756044637938,0,0,000000000099cc50,00000000009cd190,00000000,00000000,00000000
observe,318,00000000,318,00000000,317,40536270,40536272,6756044897932,0,0,000000000099cc50,00000000009cd190,00000000,00000000,00000000
observe,319,00000000,319,00000000,318,40536273,40536275,6756045311623,0,0,000000000099cc50,00000000009cd190,00000000,00000000,00000000
observe,320,00000000,320,00000000,319,40536275,40536276,6756045651338,0,0,000000000099cc50,00000000009cd190,00000000,00000000,00000000
observe,321,00000000,321,00000000,320,40536277,40536279,6756045961571,0,0,000000000099cc50,00000000009cd190,00000000,00000000,00000000
observe,322,00000000,322,00000000,321,40536279,40536281,6756046352245,0,0,000000000099cc50,00000000009cd190,00000000,00000000,00000000
observe,323,00000000,323,00000000,322,40536281,40536282,6756046677951,0,0,000000000099cc50,00000000009cd190,00000000,00000000,00000000
observe,324,00000000,324,00000000,323,40536283,40536284,6756046961355,0,0,000000000099cc50,00000000009cd190,00000000,00000000,00000000
observe,325,00000000,325,00000000,324,40536284,40536287,6756047221549,0,0,000000000099cc50,00000000009cd190,00000000,00000000,00000000
observe,326,00000000,326,00000000,325,40536287,40536289,6756047677515,0,0,000000000099cc50,00000000009cd190,00000000,00000000,00000000
observe,327,00000000,327,00000000,326,40536289,40536291,6756048027694,0,0,000000000099cc50,00000000009cd190,00000000,00000000,00000000
observe,328,00000000,328,00000000,327,40536291,40536293,6756048307915,0,0,000000000099cc50,00000000009cd190,00000000,00000000,00000000
observe,329,00000000,329,00000000,328,40536293,40536295,6756048646097,0,0,000000000099cc50,00000000009cd190,00000000,00000000,00000000
observe,330,00000000,330,00000000,329,40536295,40536296,6756049000300,0,0,000000000099cc50,00000000009cd190,00000000,00000000,00000000
observe,331,00000000,331,00000000,330,40536296,40536299,6756049275490,0,0,000000000099cc50,00000000009cd190,00000000,00000000,00000000
observe,332,00000000,332,00000000,331,40536299,40536300,6756049652604,0,0,000000000099cc50,00000000009cd190,00000000,00000000,00000000
observe,333,00000000,333,00000000,332,40536301,40536302,6756049959541,0,0,000000000099cc50,00000000009cd190,00000000,00000000,00000000
observe,334,00000000,334,00000000,333,40536303,40536304,6756050307741,0,0,000000000099cc50,00000000009cd190,00000000,00000000,00000000
observe,335,00000000,335,00000000,334,40536305,40536306,6756050635725,0,0,000000000099cc50,00000000009cd190,00000000,00000000,00000000
observe,336,00000000,336,00000000,335,40536307,40536308,6756050961579,0,0,000000000099cc50,00000000009cd190,00000000,00000000,00000000
observe,337,00000000,337,00000000,336,40536308,40536310,6756051230784,0,0,000000000099cc50,00000000009cd190,00000000,00000000,00000000
observe,338,00000000,338,00000000,337,40536311,40536312,6756051630896,0,0,000000000099cc50,00000000009cd190,00000000,00000000,00000000
observe,339,00000000,339,00000000,338,40536312,40536315,6756051955092,0,0,000000000099cc50,00000000009cd190,00000000,00000000,00000000
observe,340,00000000,340,00000000,339,40536315,40536317,6756052321852,0,0,000000000099cc50,00000000009cd190,00000000,00000000,00000000
observe,341,00000000,341,00000000,340,40536317,40536319,6756052649886,0,0,000000000099cc50,00000000009cd190,00000000,00000000,00000000
observe,342,00000000,342,00000000,341,40536319,40536320,6756052990139,0,0,000000000099cc50,00000000009cd190,00000000,00000000,00000000
observe,343,00000000,343,00000000,342,40536320,40536322,6756053284552,0,0,000000000099cc50,00000000009cd190,00000000,00000000,00000000
observe,344,00000000,344,00000000,343,40536322,40536324,6756053606367,0,0,000000000099cc50,00000000009cd190,00000000,00000000,00000000
observe,345,00000000,345,00000000,344,40536325,40536326,6756053959502,0,0,000000000099cc50,00000000009cd190,00000000,00000000,00000000
observe,346,00000000,346,00000000,345,40536327,40536328,6756054311928,0,0,000000000099cc50,00000000009cd190,00000000,00000000,00000000
observe,347,00000000,347,00000000,346,40536328,40536330,6756054596727,0,0,000000000099cc50,00000000009cd190,00000000,00000000,00000000
observe,348,00000000,348,00000000,347,40536331,40536332,6756054973633,0,0,000000000099cc50,00000000009cd190,00000000,00000000,00000000
observe,349,00000000,349,00000000,348,40536333,40536334,6756055308711,0,0,000000000099cc50,00000000009cd190,00000000,00000000,00000000
observe,350,00000000,350,00000000,349,40536334,40536336,6756055619225,0,0,000000000099cc50,00000000009cd190,00000000,00000000,00000000
observe,351,00000000,351,00000000,350,40536336,40536338,6756055954500,0,0,000000000099cc50,00000000009cd190,00000000,00000000,00000000
observe,352,00000000,352,00000000,351,40536338,40536340,6756056286475,0,0,000000000099cc50,00000000009cd190,00000000,00000000,00000000
observe,353,00000000,353,00000000,352,40536340,40536342,6756056598735,0,0,000000000099cc50,00000000009cd190,00000000,00000000,00000000
observe,354,00000000,354,00000000,353,40536343,40536345,6756056969118,0,0,000000000099cc50,00000000009cd190,00000000,00000000,00000000
observe,355,00000000,355,00000000,354,40536345,40536347,6756057337658,0,0,000000000099cc50,00000000009cd190,00000000,00000000,00000000
observe,356,00000000,356,00000000,355,40536347,40536349,6756057656965,0,0,000000000099cc50,00000000009cd190,00000000,00000000,00000000
observe,357,00000000,357,00000000,356,40536349,40536350,6756057986183,0,0,000000000099cc50,00000000009cd190,00000000,00000000,00000000
observe,358,00000000,358,00000000,357,40536350,40536353,6756058280180,0,0,000000000099cc50,00000000009cd190,00000000,00000000,00000000
observe,359,00000000,359,00000000,358,40536353,40536354,6756058643642,0,0,000000000099cc50,00000000009cd190,00000000,00000000,00000000
observe,360,00000000,360,00000000,359,40536355,40536356,6756058971350,0,0,000000000099cc50,00000000009cd190,00000000,00000000,00000000
observe,361,00000000,361,00000000,360,40536356,40536359,6756059279573,0,0,000000000099cc50,00000000009cd190,00000000,00000000,00000000
observe,362,00000000,362,00000000,361,40536359,40536361,6756059658599,0,0,000000000099cc50,00000000009cd190,00000000,00000000,00000000
observe,363,00000000,363,00000000,362,40536361,40536362,6756059988952,0,0,000000000099cc50,00000000009cd190,00000000,00000000,00000000
observe,364,00000000,364,00000000,363,40536363,40536365,6756060299924,0,0,000000000099cc50,00000000009cd190,00000000,00000000,00000000
observe,365,00000000,365,00000000,364,40536365,40536366,6756060643215,0,0,000000000099cc50,00000000009cd190,00000000,00000000,00000000
observe,366,00000000,366,00000000,365,40536366,40536369,6756060949057,0,0,000000000099cc50,00000000009cd190,00000000,00000000,00000000
observe,367,00000000,367,00000000,366,40536369,40536370,6756061329437,0,0,000000000099cc50,00000000009cd190,00000000,00000000,00000000
observe,368,00000000,368,00000000,367,40536370,40536372,6756061578017,0,0,000000000099cc50,00000000009cd190,00000000,00000000,00000000
observe,369,00000000,369,00000000,368,40536373,40536375,6756061982693,0,0,000000000099cc50,00000000009cd190,00000000,00000000,00000000
observe,370,00000000,370,00000000,369,40536375,40536376,6756062339477,0,0,000000000099cc50,00000000009cd190,00000000,00000000,00000000
observe,371,00000000,371,00000000,370,40536377,40536378,6756062644381,0,0,000000000099cc50,00000000009cd190,00000000,00000000,00000000
observe,372,00000000,372,00000000,371,40536378,40536380,6756062947778,0,0,000000000099cc50,00000000009cd190,00000000,00000000,00000000
observe,373,00000000,373,00000000,372,40536381,40536382,6756063297659,0,0,000000000099cc50,00000000009cd190,00000000,00000000,00000000
observe,374,00000000,374,00000000,373,40536382,40536384,6756063616003,0,0,000000000099cc50,00000000009cd190,00000000,00000000,00000000
observe,375,00000000,375,00000000,374,40536384,40536386,6756063914950,0,0,000000000099cc50,00000000009cd190,00000000,00000000,00000000
observe,376,00000000,376,00000000,375,40536386,40536388,6756064242446,0,0,000000000099cc50,00000000009cd190,00000000,00000000,00000000
observe,377,00000000,377,00000000,376,40536389,40536391,6756064646671,0,0,000000000099cc50,00000000009cd190,00000000,00000000,00000000
observe,378,00000000,378,00000000,377,40536391,40536392,6756064993772,0,0,000000000099cc50,00000000009cd190,00000000,00000000,00000000
observe,379,00000000,379,00000000,378,40536393,40536395,6756065301739,0,0,000000000099cc50,00000000009cd190,00000000,00000000,00000000
observe,380,00000000,380,00000000,379,40536395,40536397,6756065655851,0,0,000000000099cc50,00000000009cd190,00000000,00000000,00000000
observe,381,00000000,381,00000000,380,40536397,40536398,6756066008617,0,0,000000000099cc50,00000000009cd190,00000000,00000000,00000000
observe,382,00000000,382,00000000,381,40536399,40536400,6756066308752,0,0,000000000099cc50,00000000009cd190,00000000,00000000,00000000
observe,383,00000000,383,00000000,382,40536401,40536403,6756066632932,0,0,000000000099cc50,00000000009cd190,00000000,00000000,00000000
observe,384,00000000,384,00000000,383,40536403,40536404,6756066997739,0,0,000000000099cc50,00000000009cd190,00000000,00000000,00000000
observe,385,00000000,385,00000000,384,40536404,40536406,6756067236402,0,0,000000000099cc50,00000000009cd190,00000000,00000000,00000000
observe,386,00000000,386,00000000,385,40536406,40536408,6756067606336,0,0,000000000099cc50,00000000009cd190,00000000,00000000,00000000
observe,387,00000000,387,00000000,386,40536409,40536411,6756067971252,0,0,000000000099cc50,00000000009cd190,00000000,00000000,00000000
observe,388,00000000,388,00000000,387,40536411,40536413,6756068312101,0,0,000000000099cc50,00000000009cd190,00000000,00000000,00000000
observe,389,00000000,389,00000000,388,40536413,40536414,6756068641557,0,0,000000000099cc50,00000000009cd190,00000000,00000000,00000000
observe,390,00000000,390,00000000,389,40536414,40536416,6756068945947,0,0,000000000099cc50,00000000009cd190,00000000,00000000,00000000
observe,391,00000000,391,00000000,390,40536417,40536419,6756069288955,0,0,000000000099cc50,00000000009cd190,00000000,00000000,00000000
observe,392,00000000,392,00000000,391,40536419,40536420,6756069661690,0,0,000000000099cc50,00000000009cd190,00000000,00000000,00000000
observe,393,00000000,393,00000000,392,40536421,40536423,6756069963468,0,0,000000000099cc50,00000000009cd190,00000000,00000000,00000000
observe,394,00000000,394,00000000,393,40536423,40536425,6756070312089,0,0,000000000099cc50,00000000009cd190,00000000,00000000,00000000
observe,395,00000000,395,00000000,394,40536425,40536427,6756070640120,0,0,000000000099cc50,00000000009cd190,00000000,00000000,00000000
observe,396,00000000,396,00000000,395,40536427,40536429,6756070978212,0,0,000000000099cc50,00000000009cd190,00000000,00000000,00000000
observe,397,00000000,397,00000000,396,40536429,40536430,6756071307719,0,0,000000000099cc50,00000000009cd190,00000000,00000000,00000000
observe,398,00000000,398,00000000,397,40536430,40536433,6756071616582,0,0,000000000099cc50,00000000009cd190,00000000,00000000,00000000
observe,399,00000000,399,00000000,398,40536433,40536434,6756071991746,0,0,000000000099cc50,00000000009cd190,00000000,00000000,00000000
observe,400,00000000,400,00000000,399,40536434,40536436,6756072245602,0,0,000000000099cc50,00000000009cd190,00000000,00000000,00000000
observe,401,00000000,401,00000000,400,40536437,40536438,6756072646295,0,0,000000000099cc50,00000000009cd190,00000000,00000000,00000000
observe,402,00000000,402,00000000,401,40536438,40536441,6756072936951,0,0,000000000099cc50,00000000009cd190,00000000,00000000,00000000
observe,403,00000000,403,00000000,402,40536441,40536442,6756073327419,0,0,000000000099cc50,00000000009cd190,00000000,00000000,00000000
observe,404,00000000,404,00000000,403,40536442,40536445,6756073615349,0,0,000000000099cc50,00000000009cd190,00000000,00000000,00000000
observe,405,00000000,405,00000000,404,40536445,40536446,6756073977876,0,0,000000000099cc50,00000000009cd190,00000000,00000000,00000000
observe,406,00000000,406,00000000,405,40536447,40536449,6756074316507,0,0,000000000099cc50,00000000009cd190,00000000,00000000,00000000
observe,407,00000000,407,00000000,406,40536449,40536450,6756074645457,0,0,000000000099cc50,00000000009cd190,00000000,00000000,00000000
observe,408,00000000,408,00000000,407,40536450,40536452,6756074945401,0,0,000000000099cc50,00000000009cd190,00000000,00000000,00000000
observe,409,00000000,409,00000000,408,40536452,40536454,6756075279932,0,0,000000000099cc50,00000000009cd190,00000000,00000000,00000000
observe,410,00000000,410,00000000,409,40536454,40536457,6756075606586,0,0,000000000099cc50,00000000009cd190,00000000,00000000,00000000
observe,411,00000000,411,00000000,410,40536457,40536458,6756075993504,0,0,000000000099cc50,00000000009cd190,00000000,00000000,00000000
observe,412,00000000,412,00000000,411,40536458,40536460,6756076261463,0,0,000000000099cc50,00000000009cd190,00000000,00000000,00000000
observe,413,00000000,413,00000000,412,40536460,40536462,6756076594609,0,0,000000000099cc50,00000000009cd190,00000000,00000000,00000000
observe,414,00000000,414,00000000,413,40536462,40536464,6756076950977,0,0,000000000099cc50,00000000009cd190,00000000,00000000,00000000
observe,415,00000000,415,00000000,414,40536464,40536466,6756077285314,0,0,000000000099cc50,00000000009cd190,00000000,00000000,00000000
observe,416,00000000,416,00000000,415,40536467,40536468,6756077635579,0,0,000000000099cc50,00000000009cd190,00000000,00000000,00000000
observe,417,00000000,417,00000000,416,40536469,40536471,6756077970125,0,0,000000000099cc50,00000000009cd190,00000000,00000000,00000000
observe,418,00000000,418,00000000,417,40536471,40536472,6756078326145,0,0,000000000099cc50,00000000009cd190,00000000,00000000,00000000
observe,419,00000000,419,00000000,418,40536472,40536475,6756078595127,0,0,000000000099cc50,00000000009cd190,00000000,00000000,00000000
observe,420,00000000,420,00000000,419,40536475,40536476,6756079001954,0,0,000000000099cc50,00000000009cd190,00000000,00000000,00000000
observe,421,00000000,421,00000000,420,40536476,40536478,6756079287596,0,0,000000000099cc50,00000000009cd190,00000000,00000000,00000000
observe,422,00000000,422,00000000,421,40536479,40536480,6756079646575,0,0,000000000099cc50,00000000009cd190,00000000,00000000,00000000
observe,423,00000000,423,00000000,422,40536480,40536482,6756079924290,0,0,000000000099cc50,00000000009cd190,00000000,00000000,00000000
observe,424,00000000,424,00000000,423,40536483,40536485,6756080306512,0,0,000000000099cc50,00000000009cd190,00000000,00000000,00000000
observe,425,00000000,425,00000000,424,40536485,40536486,6756080691631,0,0,000000000099cc50,00000000009cd190,00000000,00000000,00000000
observe,426,00000000,426,00000000,425,40536486,40536488,6756080923587,0,0,000000000099cc50,00000000009cd190,00000000,00000000,00000000
observe,427,00000000,427,00000000,426,40536488,40536490,6756081241006,0,0,000000000099cc50,00000000009cd190,00000000,00000000,00000000
observe,428,00000000,428,00000000,427,40536490,40536492,6756081617002,0,0,000000000099cc50,00000000009cd190,00000000,00000000,00000000
observe,429,00000000,429,00000000,428,40536493,40536494,6756081963839,0,0,000000000099cc50,00000000009cd190,00000000,00000000,00000000
observe,430,00000000,430,00000000,429,40536494,40536497,6756082277645,0,0,000000000099cc50,00000000009cd190,00000000,00000000,00000000
observe,431,00000000,431,00000000,430,40536497,40536498,6756082678130,0,0,000000000099cc50,00000000009cd190,00000000,00000000,00000000
observe,432,00000000,432,00000000,431,40536498,40536501,6756082917598,0,0,000000000099cc50,00000000009cd190,00000000,00000000,00000000
observe,433,00000000,433,00000000,432,40536501,40536503,6756083361171,0,0,000000000099cc50,00000000009cd190,00000000,00000000,00000000
observe,434,00000000,434,00000000,433,40536503,40536504,6756083685555,0,0,000000000099cc50,00000000009cd190,00000000,00000000,00000000
observe,435,00000000,435,00000000,434,40536504,40536506,6756083951392,0,0,000000000099cc50,00000000009cd190,00000000,00000000,00000000
observe,436,00000000,436,00000000,435,40536507,40536508,6756084299184,0,0,000000000099cc50,00000000009cd190,00000000,00000000,00000000
observe,437,00000000,437,00000000,436,40536508,40536510,6756084606470,0,0,000000000099cc50,00000000009cd190,00000000,00000000,00000000
observe,438,00000000,438,00000000,437,40536511,40536512,6756084979009,0,0,000000000099cc50,00000000009cd190,00000000,00000000,00000000
observe,439,00000000,439,00000000,438,40536512,40536515,6756085288173,0,0,000000000099cc50,00000000009cd190,00000000,00000000,00000000
observe,440,00000000,440,00000000,439,40536515,40536516,6756085663326,0,0,000000000099cc50,00000000009cd190,00000000,00000000,00000000
observe,441,00000000,441,00000000,440,40536517,40536518,6756085971444,0,0,000000000099cc50,00000000009cd190,00000000,00000000,00000000
observe,442,00000000,442,00000000,441,40536518,40536520,6756086251020,0,0,000000000099cc50,00000000009cd190,00000000,00000000,00000000
observe,443,00000000,443,00000000,442,40536521,40536522,6756086626168,0,0,000000000099cc50,00000000009cd190,00000000,00000000,00000000
observe,444,00000000,444,00000000,443,40536523,40536524,6756086977567,0,0,000000000099cc50,00000000009cd190,00000000,00000000,00000000
observe,445,00000000,445,00000000,444,40536524,40536526,6756087281132,0,0,000000000099cc50,00000000009cd190,00000000,00000000,00000000
observe,446,00000000,446,00000000,445,40536527,40536528,6756087630555,0,0,000000000099cc50,00000000009cd190,00000000,00000000,00000000
observe,447,00000000,447,00000000,446,40536529,40536531,6756087959751,0,0,000000000099cc50,00000000009cd190,00000000,00000000,00000000
observe,448,00000000,448,00000000,447,40536531,40536532,6756088314077,0,0,000000000099cc50,00000000009cd190,00000000,00000000,00000000
observe,449,00000000,449,00000000,448,40536532,40536535,6756088598513,0,0,000000000099cc50,00000000009cd190,00000000,00000000,00000000
observe,450,00000000,450,00000000,449,40536535,40536537,6756089013717,0,0,000000000099cc50,00000000009cd190,00000000,00000000,00000000
observe,451,00000000,451,00000000,450,40536537,40536538,6756089370062,0,0,000000000099cc50,00000000009cd190,00000000,00000000,00000000
observe,452,00000000,452,00000000,451,40536539,40536540,6756089670459,0,0,000000000099cc50,00000000009cd190,00000000,00000000,00000000
observe,453,00000000,453,00000000,452,40536541,40536542,6756089965368,0,0,000000000099cc50,00000000009cd190,00000000,00000000,00000000
observe,454,00000000,454,00000000,453,40536543,40536544,6756090302737,0,0,000000000099cc50,00000000009cd190,00000000,00000000,00000000
observe,455,00000000,455,00000000,454,40536544,40536546,6756090583080,0,0,000000000099cc50,00000000009cd190,00000000,00000000,00000000
observe,456,00000000,456,00000000,455,40536546,40536548,6756090951443,0,0,000000000099cc50,00000000009cd190,00000000,00000000,00000000
observe,457,00000000,457,00000000,456,40536548,40536551,6756091246753,0,0,000000000099cc50,00000000009cd190,00000000,00000000,00000000
observe,458,00000000,458,00000000,457,40536551,40536552,6756091694363,0,0,000000000099cc50,00000000009cd190,00000000,00000000,00000000
observe,459,00000000,459,00000000,458,40536553,40536554,6756091986117,0,0,000000000099cc50,00000000009cd190,00000000,00000000,00000000
observe,460,00000000,460,00000000,459,40536555,40536557,6756092304621,0,0,000000000099cc50,00000000009cd190,00000000,00000000,00000000
observe,461,00000000,461,00000000,460,40536557,40536558,6756092646393,0,0,000000000099cc50,00000000009cd190,00000000,00000000,00000000
observe,462,00000000,462,00000000,461,40536558,40536560,6756092948253,0,0,000000000099cc50,00000000009cd190,00000000,00000000,00000000
observe,463,00000000,463,00000000,462,40536560,40536562,6756093273077,0,0,000000000099cc50,00000000009cd190,00000000,00000000,00000000
observe,464,00000000,464,00000000,463,40536563,40536564,6756093633609,0,0,000000000099cc50,00000000009cd190,00000000,00000000,00000000
observe,465,00000000,465,00000000,464,40536565,40536566,6756093969605,0,0,000000000099cc50,00000000009cd190,00000000,00000000,00000000
observe,466,00000000,466,00000000,465,40536567,40536568,6756094291703,0,0,000000000099cc50,00000000009cd190,00000000,00000000,00000000
observe,467,00000000,467,00000000,466,40536569,40536570,6756094644558,0,0,000000000099cc50,00000000009cd190,00000000,00000000,00000000
observe,468,00000000,468,00000000,467,40536571,40536573,6756094958635,0,0,000000000099cc50,00000000009cd190,00000000,00000000,00000000
observe,469,00000000,469,00000000,468,40536573,40536574,6756095328317,0,0,000000000099cc50,00000000009cd190,00000000,00000000,00000000
observe,470,00000000,470,00000000,469,40536574,40536577,6756095621031,0,0,000000000099cc50,00000000009cd190,00000000,00000000,00000000
observe,471,00000000,471,00000000,470,40536577,40536579,6756095979578,0,0,000000000099cc50,00000000009cd190,00000000,00000000,00000000
observe,472,00000000,472,00000000,471,40536579,40536581,6756096339240,0,0,000000000099cc50,00000000009cd190,00000000,00000000,00000000
observe,473,00000000,473,00000000,472,40536581,40536583,6756096657628,0,0,000000000099cc50,00000000009cd190,00000000,00000000,00000000
observe,474,00000000,474,00000000,473,40536583,40536584,6756096991780,0,0,000000000099cc50,00000000009cd190,00000000,00000000,00000000
observe,475,00000000,475,00000000,474,40536584,40536587,6756097288214,0,0,000000000099cc50,00000000009cd190,00000000,00000000,00000000
observe,476,00000000,476,00000000,475,40536587,40536588,6756097680496,0,0,000000000099cc50,00000000009cd190,00000000,00000000,00000000
observe,477,00000000,477,00000000,476,40536588,40536591,6756097911972,0,0,000000000099cc50,00000000009cd190,00000000,00000000,00000000
observe,478,00000000,478,00000000,477,40536591,40536593,6756098355028,0,0,000000000099cc50,00000000009cd190,00000000,00000000,00000000
observe,479,00000000,479,00000000,478,40536593,40536594,6756098662281,0,0,000000000099cc50,00000000009cd190,00000000,00000000,00000000
observe,480,00000000,480,00000000,479,40536595,40536596,6756098964428,0,0,000000000099cc50,00000000009cd190,00000000,00000000,00000000
observe,481,00000000,481,00000000,480,40536596,40536599,6756099270206,0,0,000000000099cc50,00000000009cd190,00000000,00000000,00000000
observe,482,00000000,482,00000000,481,40536599,40536600,6756099654844,0,0,000000000099cc50,00000000009cd190,00000000,00000000,00000000
observe,483,00000000,483,00000000,482,40536601,40536603,6756099975424,0,0,000000000099cc50,00000000009cd190,00000000,00000000,00000000
observe,484,00000000,484,00000000,483,40536603,40536605,6756100332663,0,0,000000000099cc50,00000000009cd190,00000000,00000000,00000000
observe,485,00000000,485,00000000,484,40536605,40536606,6756100654940,0,0,000000000099cc50,00000000009cd190,00000000,00000000,00000000
observe,486,00000000,486,00000000,485,40536606,40536608,6756100955017,0,0,000000000099cc50,00000000009cd190,00000000,00000000,00000000
observe,487,00000000,487,00000000,486,40536609,40536610,6756101298977,0,0,000000000099cc50,00000000009cd190,00000000,00000000,00000000
observe,488,00000000,488,00000000,487,40536611,40536612,6756101628030,0,0,000000000099cc50,00000000009cd190,00000000,00000000,00000000
observe,489,00000000,489,00000000,488,40536613,40536615,6756101959147,0,0,000000000099cc50,00000000009cd190,00000000,00000000,00000000
observe,490,00000000,490,00000000,489,40536615,40536617,6756102340700,0,0,000000000099cc50,00000000009cd190,00000000,00000000,00000000
observe,491,00000000,491,00000000,490,40536617,40536618,6756102674843,0,0,000000000099cc50,00000000009cd190,00000000,00000000,00000000
observe,492,00000000,492,00000000,491,40536618,40536621,6756102944096,0,0,000000000099cc50,00000000009cd190,00000000,00000000,00000000
observe,493,00000000,493,00000000,492,40536621,40536623,6756103343402,0,0,000000000099cc50,00000000009cd190,00000000,00000000,00000000
observe,494,00000000,494,00000000,493,40536623,40536624,6756103683130,0,0,000000000099cc50,00000000009cd190,00000000,00000000,00000000
observe,495,00000000,495,00000000,494,40536624,40536627,6756103904485,0,0,000000000099cc50,00000000009cd190,00000000,00000000,00000000
observe,496,00000000,496,00000000,495,40536627,40536628,6756104344170,0,0,000000000099cc50,00000000009cd190,00000000,00000000,00000000
observe,497,00000000,497,00000000,496,40536628,40536630,6756104595875,0,0,000000000099cc50,00000000009cd190,00000000,00000000,00000000
observe,498,00000000,498,00000000,497,40536631,40536632,6756104981625,0,0,000000000099cc50,00000000009cd190,00000000,00000000,00000000
observe,499,00000000,499,00000000,498,40536633,40536634,6756105298359,0,0,000000000099cc50,00000000009cd190,00000000,00000000,00000000
observe,500,00000000,500,00000000,499,40536634,40536636,6756105618331,0,0,000000000099cc50,00000000009cd190,00000000,00000000,00000000
observe,501,00000000,501,00000000,500,40536637,40536638,6756105969375,0,0,000000000099cc50,00000000009cd190,00000000,00000000,00000000
observe,502,00000000,502,00000000,501,40536639,40536641,6756106309814,0,0,000000000099cc50,00000000009cd190,00000000,00000000,00000000
observe,503,00000000,503,00000000,502,40536641,40536642,6756106666973,0,0,000000000099cc50,00000000009cd190,00000000,00000000,00000000
observe,504,00000000,504,00000000,503,40536643,40536644,6756106978088,0,0,000000000099cc50,00000000009cd190,00000000,00000000,00000000
observe,505,00000000,505,00000000,504,40536644,40536647,6756107221596,0,0,000000000099cc50,00000000009cd190,00000000,00000000,00000000
observe,506,00000000,506,00000000,505,40536647,40536648,6756107640965,0,0,000000000099cc50,00000000009cd190,00000000,00000000,00000000
observe,507,00000000,507,00000000,506,40536648,40536650,6756107927671,0,0,000000000099cc50,00000000009cd190,00000000,00000000,00000000
observe,508,00000000,508,00000000,507,40536650,40536653,6756108258951,0,0,000000000099cc50,00000000009cd190,00000000,00000000,00000000
observe,509,00000000,509,00000000,508,40536653,40536655,6756108635418,0,0,000000000099cc50,00000000009cd190,00000000,00000000,00000000
observe,510,00000000,510,00000000,509,40536655,40536656,6756108975710,0,0,000000000099cc50,00000000009cd190,00000000,00000000,00000000
observe,511,00000000,511,00000000,510,40536657,40536659,6756109302660,0,0,000000000099cc50,00000000009cd190,00000000,00000000,00000000
observe,512,00000000,512,00000000,511,40536659,40536660,6756109661152,0,0,000000000099cc50,00000000009cd190,00000000,00000000,00000000
observe,513,00000000,513,00000000,512,40536661,40536662,6756109956485,0,0,000000000099cc50,00000000009cd190,00000000,00000000,00000000
observe,514,00000000,514,00000000,513,40536662,40536665,6756110222338,0,0,000000000099cc50,00000000009cd190,00000000,00000000,00000000
observe,515,00000000,515,00000000,514,40536665,40536666,6756110658882,0,0,000000000099cc50,00000000009cd190,00000000,00000000,00000000
observe,516,00000000,516,00000000,515,40536666,40536668,6756110929970,0,0,000000000099cc50,00000000009cd190,00000000,00000000,00000000
observe,517,00000000,517,00000000,516,40536668,40536671,6756111269283,0,0,000000000099cc50,00000000009cd190,00000000,00000000,00000000
observe,518,00000000,518,00000000,517,40536671,40536672,6756111642853,0,0,000000000099cc50,00000000009cd190,00000000,00000000,00000000
observe,519,00000000,519,00000000,518,40536673,40536675,6756111969125,0,0,000000000099cc50,00000000009cd190,00000000,00000000,00000000
observe,520,00000000,520,00000000,519,40536675,40536676,6756112309383,0,0,000000000099cc50,00000000009cd190,00000000,00000000,00000000
observe,521,00000000,521,00000000,520,40536677,40536679,6756112637182,0,0,000000000099cc50,00000000009cd190,00000000,00000000,00000000
observe,522,00000000,522,00000000,521,40536679,40536680,6756112975932,0,0,000000000099cc50,00000000009cd190,00000000,00000000,00000000
observe,523,00000000,523,00000000,522,40536681,40536683,6756113303230,0,0,000000000099cc50,00000000009cd190,00000000,00000000,00000000
observe,524,00000000,524,00000000,523,40536683,40536684,6756113643182,0,0,000000000099cc50,00000000009cd190,00000000,00000000,00000000
observe,525,00000000,525,00000000,524,40536684,40536686,6756113944880,0,0,000000000099cc50,00000000009cd190,00000000,00000000,00000000
observe,526,00000000,526,00000000,525,40536686,40536688,6756114275667,0,0,000000000099cc50,00000000009cd190,00000000,00000000,00000000
observe,527,00000000,527,00000000,526,40536688,40536691,6756114612795,0,0,000000000099cc50,00000000009cd190,00000000,00000000,00000000
observe,528,00000000,528,00000000,527,40536691,40536692,6756114987777,0,0,000000000099cc50,00000000009cd190,00000000,00000000,00000000
observe,529,00000000,529,00000000,528,40536693,40536694,6756115290880,0,0,000000000099cc50,00000000009cd190,00000000,00000000,00000000
observe,530,00000000,530,00000000,529,40536695,40536696,6756115621877,0,0,000000000099cc50,00000000009cd190,00000000,00000000,00000000
observe,531,00000000,531,00000000,530,40536697,40536698,6756115972914,0,0,000000000099cc50,00000000009cd190,00000000,00000000,00000000
observe,532,00000000,532,00000000,531,40536698,40536700,6756116276997,0,0,000000000099cc50,00000000009cd190,00000000,00000000,00000000
observe,533,00000000,533,00000000,532,40536700,40536702,6756116601307,0,0,000000000099cc50,00000000009cd190,00000000,00000000,00000000
observe,534,00000000,534,00000000,533,40536703,40536704,6756116964020,0,0,000000000099cc50,00000000009cd190,00000000,00000000,00000000
observe,535,00000000,535,00000000,534,40536704,40536707,6756117268633,0,0,000000000099cc50,00000000009cd190,00000000,00000000,00000000
observe,536,00000000,536,00000000,535,40536707,40536708,6756117658293,0,0,000000000099cc50,00000000009cd190,00000000,00000000,00000000
observe,537,00000000,537,00000000,536,40536709,40536710,6756117964924,0,0,000000000099cc50,00000000009cd190,00000000,00000000,00000000
observe,538,00000000,538,00000000,537,40536710,40536712,6756118287336,0,0,000000000099cc50,00000000009cd190,00000000,00000000,00000000
observe,539,00000000,539,00000000,538,40536712,40536714,6756118612958,0,0,000000000099cc50,00000000009cd190,00000000,00000000,00000000
observe,540,00000000,540,00000000,539,40536714,40536716,6756118891434,0,0,000000000099cc50,00000000009cd190,00000000,00000000,00000000
observe,541,00000000,541,00000000,540,40536716,40536718,6756119288022,0,0,000000000099cc50,00000000009cd190,00000000,00000000,00000000
observe,542,00000000,542,00000000,541,40536719,40536721,6756119625535,0,0,000000000099cc50,00000000009cd190,00000000,00000000,00000000
observe,543,00000000,543,00000000,542,40536721,40536723,6756119991015,0,0,000000000099cc50,00000000009cd190,00000000,00000000,00000000
observe,544,00000000,544,00000000,543,40536723,40536724,6756120331242,0,0,000000000099cc50,00000000009cd190,00000000,00000000,00000000
observe,545,00000000,545,00000000,544,40536725,40536726,6756120623880,0,0,000000000099cc50,00000000009cd190,00000000,00000000,00000000
observe,546,00000000,546,00000000,545,40536726,40536728,6756120925879,0,0,000000000099cc50,00000000009cd190,00000000,00000000,00000000
observe,547,00000000,547,00000000,546,40536728,40536730,6756121256412,0,0,000000000099cc50,00000000009cd190,00000000,00000000,00000000
observe,548,00000000,548,00000000,547,40536731,40536732,6756121632597,0,0,000000000099cc50,00000000009cd190,00000000,00000000,00000000
observe,549,00000000,549,00000000,548,40536732,40536735,6756121927537,0,0,000000000099cc50,00000000009cd190,00000000,00000000,00000000
observe,550,00000000,550,00000000,549,40536735,40536736,6756122299843,0,0,000000000099cc50,00000000009cd190,00000000,00000000,00000000
observe,551,00000000,551,00000000,550,40536736,40536739,6756122588561,0,0,000000000099cc50,00000000009cd190,00000000,00000000,00000000
observe,552,00000000,552,00000000,551,40536739,40536740,6756122973538,0,0,000000000099cc50,00000000009cd190,00000000,00000000,00000000
observe,553,00000000,553,00000000,552,40536740,40536742,6756123268798,0,0,000000000099cc50,00000000009cd190,00000000,00000000,00000000
observe,554,00000000,554,00000000,553,40536742,40536744,6756123589641,0,0,000000000099cc50,00000000009cd190,00000000,00000000,00000000
observe,555,00000000,555,00000000,554,40536745,40536746,6756123968086,0,0,000000000099cc50,00000000009cd190,00000000,00000000,00000000
observe,556,00000000,556,00000000,555,40536746,40536748,6756124217115,0,0,000000000099cc50,00000000009cd190,00000000,00000000,00000000
observe,557,00000000,557,00000000,556,40536748,40536751,6756124612154,0,0,000000000099cc50,00000000009cd190,00000000,00000000,00000000
observe,558,00000000,558,00000000,557,40536751,40536752,6756125004885,0,0,000000000099cc50,00000000009cd190,00000000,00000000,00000000
observe,559,00000000,559,00000000,558,40536752,40536754,6756125240885,0,0,000000000099cc50,00000000009cd190,00000000,00000000,00000000
observe,560,00000000,560,00000000,559,40536754,40536756,6756125598850,0,0,000000000099cc50,00000000009cd190,00000000,00000000,00000000
observe,561,00000000,561,00000000,560,40536756,40536758,6756125952980,0,0,000000000099cc50,00000000009cd190,00000000,00000000,00000000
observe,562,00000000,562,00000000,561,40536759,40536760,6756126301484,0,0,000000000099cc50,00000000009cd190,00000000,00000000,00000000
observe,563,00000000,563,00000000,562,40536761,40536762,6756126632077,0,0,000000000099cc50,00000000009cd190,00000000,00000000,00000000
observe,564,00000000,564,00000000,563,40536763,40536765,6756126969747,0,0,000000000099cc50,00000000009cd190,00000000,00000000,00000000
observe,565,00000000,565,00000000,564,40536765,40536766,6756127321049,0,0,000000000099cc50,00000000009cd190,00000000,00000000,00000000
observe,566,00000000,566,00000000,565,40536767,40536769,6756127637596,0,0,000000000099cc50,00000000009cd190,00000000,00000000,00000000
observe,567,00000000,567,00000000,566,40536769,40536771,6756127989781,0,0,000000000099cc50,00000000009cd190,00000000,00000000,00000000
observe,568,00000000,568,00000000,567,40536771,40536773,6756128327507,0,0,000000000099cc50,00000000009cd190,00000000,00000000,00000000
observe,569,00000000,569,00000000,568,40536773,40536774,6756128657655,0,0,000000000099cc50,00000000009cd190,00000000,00000000,00000000
observe,570,00000000,570,00000000,569,40536775,40536776,6756128975715,0,0,000000000099cc50,00000000009cd190,00000000,00000000,00000000
observe,571,00000000,571,00000000,570,40536777,40536778,6756129289992,0,0,000000000099cc50,00000000009cd190,00000000,00000000,00000000
observe,572,00000000,572,00000000,571,40536778,40536781,6756129602346,0,0,000000000099cc50,00000000009cd190,00000000,00000000,00000000
observe,573,00000000,573,00000000,572,40536781,40536783,6756130024062,0,0,000000000099cc50,00000000009cd190,00000000,00000000,00000000
observe,574,00000000,574,00000000,573,40536783,40536784,6756130323608,0,0,000000000099cc50,00000000009cd190,00000000,00000000,00000000
observe,575,00000000,575,00000000,574,40536785,40536786,6756130628847,0,0,000000000099cc50,00000000009cd190,00000000,00000000,00000000
observe,576,00000000,576,00000000,575,40536787,40536788,6756130964103,0,0,000000000099cc50,00000000009cd190,00000000,00000000,00000000
observe,577,00000000,577,00000000,576,40536788,40536791,6756131228536,0,0,000000000099cc50,00000000009cd190,00000000,00000000,00000000
observe,578,00000000,578,00000000,577,40536791,40536792,6756131674989,0,0,000000000099cc50,00000000009cd190,00000000,00000000,00000000
observe,579,00000000,579,00000000,578,40536793,40536794,6756131990096,0,0,000000000099cc50,00000000009cd190,00000000,00000000,00000000
observe,580,00000000,580,00000000,579,40536795,40536796,6756132306596,0,0,000000000099cc50,00000000009cd190,00000000,00000000,00000000
observe,581,00000000,581,00000000,580,40536797,40536798,6756132632349,0,0,000000000099cc50,00000000009cd190,00000000,00000000,00000000
observe,582,00000000,582,00000000,581,40536798,40536800,6756132949397,0,0,000000000099cc50,00000000009cd190,00000000,00000000,00000000
observe,583,00000000,583,00000000,582,40536801,40536803,6756133296286,0,0,000000000099cc50,00000000009cd190,00000000,00000000,00000000
observe,584,00000000,584,00000000,583,40536803,40536804,6756133677783,0,0,000000000099cc50,00000000009cd190,00000000,00000000,00000000
observe,585,00000000,585,00000000,584,40536804,40536806,6756133904415,0,0,000000000099cc50,00000000009cd190,00000000,00000000,00000000
observe,586,00000000,586,00000000,585,40536806,40536809,6756134239162,0,0,000000000099cc50,00000000009cd190,00000000,00000000,00000000
observe,587,00000000,587,00000000,586,40536809,40536810,6756134662041,0,0,000000000099cc50,00000000009cd190,00000000,00000000,00000000
observe,588,00000000,588,00000000,587,40536811,40536812,6756134989107,0,0,000000000099cc50,00000000009cd190,00000000,00000000,00000000
observe,589,00000000,589,00000000,588,40536813,40536814,6756135292810,0,0,000000000099cc50,00000000009cd190,00000000,00000000,00000000
observe,590,00000000,590,00000000,589,40536815,40536816,6756135631990,0,0,000000000099cc50,00000000009cd190,00000000,00000000,00000000
observe,591,00000000,591,00000000,590,40536817,40536818,6756135966677,0,0,000000000099cc50,00000000009cd190,00000000,00000000,00000000
observe,592,00000000,592,00000000,591,40536819,40536821,6756136304580,0,0,000000000099cc50,00000000009cd190,00000000,00000000,00000000
observe,593,00000000,593,00000000,592,40536821,40536822,6756136659363,0,0,000000000099cc50,00000000009cd190,00000000,00000000,00000000
observe,594,00000000,594,00000000,593,40536823,40536824,6756136979452,0,0,000000000099cc50,00000000009cd190,00000000,00000000,00000000
observe,595,00000000,595,00000000,594,40536825,40536826,6756137318379,0,0,000000000099cc50,00000000009cd190,00000000,00000000,00000000
observe,596,00000000,596,00000000,595,40536826,40536828,6756137618439,0,0,000000000099cc50,00000000009cd190,00000000,00000000,00000000
observe,597,00000000,597,00000000,596,40536829,40536830,6756137968222,0,0,000000000099cc50,00000000009cd190,00000000,00000000,00000000
observe,598,00000000,598,00000000,597,40536830,40536833,6756138264764,0,0,000000000099cc50,00000000009cd190,00000000,00000000,00000000
observe,599,00000000,599,00000000,598,40536833,40536834,6756138644956,0,0,000000000099cc50,00000000009cd190,00000000,00000000,00000000
observe,600,00000000,600,00000000,599,40536834,40536836,6756138900340,0,0,000000000099cc50,00000000009cd190,00000000,00000000,00000000
observe,601,00000000,601,00000000,600,40536836,40536838,6756139287077,0,0,000000000099cc50,00000000009cd190,00000000,00000000,00000000
observe,602,00000000,602,00000000,601,40536839,40536840,6756139630637,0,0,000000000099cc50,00000000009cd190,00000000,00000000,00000000
observe,603,00000000,603,00000000,602,40536841,40536843,6756139966780,0,0,000000000099cc50,00000000009cd190,00000000,00000000,00000000
observe,604,00000000,604,00000000,603,40536843,40536844,6756140342555,0,0,000000000099cc50,00000000009cd190,00000000,00000000,00000000
observe,605,00000000,605,00000000,604,40536844,40536846,6756140599856,0,0,000000000099cc50,00000000009cd190,00000000,00000000,00000000
observe,606,00000000,606,00000000,605,40536847,40536848,6756140960589,0,0,000000000099cc50,00000000009cd190,00000000,00000000,00000000
observe,607,00000000,607,00000000,606,40536848,40536850,6756141282755,0,0,000000000099cc50,00000000009cd190,00000000,00000000,00000000
observe,608,00000000,608,00000000,607,40536851,40536852,6756141635971,0,0,000000000099cc50,00000000009cd190,00000000,00000000,00000000
observe,609,00000000,609,00000000,608,40536853,40536854,6756141985034,0,0,000000000099cc50,00000000009cd190,00000000,00000000,00000000
observe,610,00000000,610,00000000,609,40536854,40536857,6756142272661,0,0,000000000099cc50,00000000009cd190,00000000,00000000,00000000
observe,611,00000000,611,00000000,610,40536857,40536859,6756142673950,0,0,000000000099cc50,00000000009cd190,00000000,00000000,00000000
observe,612,00000000,612,00000000,611,40536859,40536860,6756142984723,0,0,000000000099cc50,00000000009cd190,00000000,00000000,00000000
observe,613,00000000,613,00000000,612,40536861,40536862,6756143318069,0,0,000000000099cc50,00000000009cd190,00000000,00000000,00000000
observe,614,00000000,614,00000000,613,40536862,40536864,6756143593185,0,0,000000000099cc50,00000000009cd190,00000000,00000000,00000000
observe,615,00000000,615,00000000,614,40536865,40536866,6756143962990,0,0,000000000099cc50,00000000009cd190,00000000,00000000,00000000
observe,616,00000000,616,00000000,615,40536866,40536868,6756144284761,0,0,000000000099cc50,00000000009cd190,00000000,00000000,00000000
observe,617,00000000,617,00000000,616,40536869,40536871,6756144622856,0,0,000000000099cc50,00000000009cd190,00000000,00000000,00000000
observe,618,00000000,618,00000000,617,40536871,40536873,6756145012183,0,0,000000000099cc50,00000000009cd190,00000000,00000000,00000000
observe,619,00000000,619,00000000,618,40536873,40536874,6756145341684,0,0,000000000099cc50,00000000009cd190,00000000,00000000,00000000
observe,620,00000000,620,00000000,619,40536874,40536876,6756145593484,0,0,000000000099cc50,00000000009cd190,00000000,00000000,00000000
observe,621,00000000,621,00000000,620,40536877,40536878,6756145978390,0,0,000000000099cc50,00000000009cd190,00000000,00000000,00000000
observe,622,00000000,622,00000000,621,40536878,40536881,6756146283910,0,0,000000000099cc50,00000000009cd190,00000000,00000000,00000000
observe,623,00000000,623,00000000,622,40536881,40536882,6756146643876,0,0,000000000099cc50,00000000009cd190,00000000,00000000,00000000
observe,624,00000000,624,00000000,623,40536882,40536884,6756146950799,0,0,000000000099cc50,00000000009cd190,00000000,00000000,00000000
observe,625,00000000,625,00000000,624,40536885,40536886,6756147306848,0,0,000000000099cc50,00000000009cd190,00000000,00000000,00000000
observe,626,00000000,626,00000000,625,40536886,40536888,6756147600263,0,0,000000000099cc50,00000000009cd190,00000000,00000000,00000000
observe,627,00000000,627,00000000,626,40536888,40536890,6756147951302,0,0,000000000099cc50,00000000009cd190,00000000,00000000,00000000
observe,628,00000000,628,00000000,627,40536891,40536893,6756148297879,0,0,000000000099cc50,00000000009cd190,00000000,00000000,00000000
observe,629,00000000,629,00000000,628,40536893,40536894,6756148660585,0,0,000000000099cc50,00000000009cd190,00000000,00000000,00000000
observe,630,00000000,630,00000000,629,40536894,40536897,6756148930690,0,0,000000000099cc50,00000000009cd190,00000000,00000000,00000000
observe,631,00000000,631,00000000,630,40536897,40536898,6756149312815,0,0,000000000099cc50,00000000009cd190,00000000,00000000,00000000
observe,632,00000000,632,00000000,631,40536898,40536900,6756149563738,0,0,000000000099cc50,00000000009cd190,00000000,00000000,00000000
observe,633,00000000,633,00000000,632,40536901,40536902,6756149961367,0,0,000000000099cc50,00000000009cd190,00000000,00000000,00000000
observe,634,00000000,634,00000000,633,40536902,40536904,6756150249517,0,0,000000000099cc50,00000000009cd190,00000000,00000000,00000000
observe,635,00000000,635,00000000,634,40536904,40536906,6756150618802,0,0,000000000099cc50,00000000009cd190,00000000,00000000,00000000
observe,636,00000000,636,00000000,635,40536906,40536908,6756150896886,0,0,000000000099cc50,00000000009cd190,00000000,00000000,00000000
observe,637,00000000,637,00000000,636,40536909,40536910,6756151292834,0,0,000000000099cc50,00000000009cd190,00000000,00000000,00000000
observe,638,00000000,638,00000000,637,40536911,40536912,6756151628045,0,0,000000000099cc50,00000000009cd190,00000000,00000000,00000000
observe,639,00000000,639,00000000,638,40536913,40536914,6756151955862,0,0,000000000099cc50,00000000009cd190,00000000,00000000,00000000
observe,640,00000000,640,00000000,639,40536914,40536916,6756152222835,0,0,000000000099cc50,00000000009cd190,00000000,00000000,00000000
observe,641,00000000,641,00000000,640,40536917,40536918,6756152634748,0,0,000000000099cc50,00000000009cd190,00000000,00000000,00000000
observe,642,00000000,642,00000000,641,40536918,40536920,6756152941482,0,0,000000000099cc50,00000000009cd190,00000000,00000000,00000000
observe,643,00000000,643,00000000,642,40536920,40536923,6756153281873,0,0,000000000099cc50,00000000009cd190,00000000,00000000,00000000
observe,644,00000000,644,00000000,643,40536923,40536924,6756153665189,0,0,000000000099cc50,00000000009cd190,00000000,00000000,00000000
observe,645,00000000,645,00000000,644,40536925,40536926,6756153958363,0,0,000000000099cc50,00000000009cd190,00000000,00000000,00000000
observe,646,00000000,646,00000000,645,40536926,40536928,6756154224065,0,0,000000000099cc50,00000000009cd190,00000000,00000000,00000000
observe,647,00000000,647,00000000,646,40536928,40536931,6756154621821,0,0,000000000099cc50,00000000009cd190,00000000,00000000,00000000
observe,648,00000000,648,00000000,647,40536931,40536933,6756155018046,0,0,000000000099cc50,00000000009cd190,00000000,00000000,00000000
observe,649,00000000,649,00000000,648,40536933,40536934,6756155372969,0,0,000000000099cc50,00000000009cd190,00000000,00000000,00000000
observe,650,00000000,650,00000000,649,40536935,40536936,6756155666572,0,0,000000000099cc50,00000000009cd190,00000000,00000000,00000000
observe,651,00000000,651,00000000,650,40536937,40536938,6756155962392,0,0,000000000099cc50,00000000009cd190,00000000,00000000,00000000
observe,652,00000000,652,00000000,651,40536938,40536940,6756156268040,0,0,000000000099cc50,00000000009cd190,00000000,00000000,00000000
observe,653,00000000,653,00000000,652,40536940,40536942,6756156609229,0,0,000000000099cc50,00000000009cd190,00000000,00000000,00000000
observe,654,00000000,654,00000000,653,40536942,40536944,6756156953704,0,0,000000000099cc50,00000000009cd190,00000000,00000000,00000000
observe,655,00000000,655,00000000,654,40536944,40536946,6756157261302,0,0,000000000099cc50,00000000009cd190,00000000,00000000,00000000
observe,656,00000000,656,00000000,655,40536946,40536949,6756157558572,0,0,000000000099cc50,00000000009cd190,00000000,00000000,00000000
observe,657,00000000,657,00000000,656,40536949,40536951,6756158000410,0,0,000000000099cc50,00000000009cd190,00000000,00000000,00000000
observe,658,00000000,658,00000000,657,40536951,40536953,6756158326007,0,0,000000000099cc50,00000000009cd190,00000000,00000000,00000000
observe,659,00000000,659,00000000,658,40536953,40536955,6756158642164,0,0,000000000099cc50,00000000009cd190,00000000,00000000,00000000
observe,660,00000000,660,00000000,659,40536955,40536957,6756158980829,0,0,000000000099cc50,00000000009cd190,00000000,00000000,00000000
observe,661,00000000,661,00000000,660,40536957,40536958,6756159328729,0,0,000000000099cc50,00000000009cd190,00000000,00000000,00000000
observe,662,00000000,662,00000000,661,40536959,40536961,6756159632089,0,0,000000000099cc50,00000000009cd190,00000000,00000000,00000000
observe,663,00000000,663,00000000,662,40536961,40536962,6756159990809,0,0,000000000099cc50,00000000009cd190,00000000,00000000,00000000
observe,664,00000000,664,00000000,663,40536962,40536964,6756160283469,0,0,000000000099cc50,00000000009cd190,00000000,00000000,00000000
observe,665,00000000,665,00000000,664,40536965,40536967,6756160623862,0,0,000000000099cc50,00000000009cd190,00000000,00000000,00000000
observe,666,00000000,666,00000000,665,40536967,40536968,6756160986210,0,0,000000000099cc50,00000000009cd190,00000000,00000000,00000000
observe,667,00000000,667,00000000,666,40536969,40536970,6756161297848,0,0,000000000099cc50,00000000009cd190,00000000,00000000,00000000
observe,668,00000000,668,00000000,667,40536971,40536972,6756161642220,0,0,000000000099cc50,00000000009cd190,00000000,00000000,00000000
observe,669,00000000,669,00000000,668,40536973,40536974,6756161976904,0,0,000000000099cc50,00000000009cd190,00000000,00000000,00000000
observe,670,00000000,670,00000000,669,40536975,40536976,6756162300641,0,0,000000000099cc50,00000000009cd190,00000000,00000000,00000000
observe,671,00000000,671,00000000,670,40536976,40536978,6756162611462,0,0,000000000099cc50,00000000009cd190,00000000,00000000,00000000
observe,672,00000000,672,00000000,671,40536978,40536980,6756162926562,0,0,000000000099cc50,00000000009cd190,00000000,00000000,00000000
observe,673,00000000,673,00000000,672,40536981,40536983,6756163302923,0,0,000000000099cc50,00000000009cd190,00000000,00000000,00000000
observe,674,00000000,674,00000000,673,40536983,40536985,6756163678893,0,0,000000000099cc50,00000000009cd190,00000000,00000000,00000000
observe,675,00000000,675,00000000,674,40536985,40536986,6756164016409,0,0,000000000099cc50,00000000009cd190,00000000,00000000,00000000
observe,676,00000000,676,00000000,675,40536987,40536989,6756164292971,0,0,000000000099cc50,00000000009cd190,00000000,00000000,00000000
observe,677,00000000,677,00000000,676,40536989,40536991,6756164674801,0,0,000000000099cc50,00000000009cd190,00000000,00000000,00000000
observe,678,00000000,678,00000000,677,40536991,40536992,6756165018659,0,0,000000000099cc50,00000000009cd190,00000000,00000000,00000000
observe,679,00000000,679,00000000,678,40536993,40536994,6756165314235,0,0,000000000099cc50,00000000009cd190,00000000,00000000,00000000
observe,680,00000000,680,00000000,679,40536995,40536996,6756165656945,0,0,000000000099cc50,00000000009cd190,00000000,00000000,00000000
observe,681,00000000,681,00000000,680,40536997,40536998,6756165956939,0,0,000000000099cc50,00000000009cd190,00000000,00000000,00000000
observe,682,00000000,682,00000000,681,40536998,40537000,6756166276533,0,0,000000000099cc50,00000000009cd190,00000000,00000000,00000000
observe,683,00000000,683,00000000,682,40537001,40537002,6756166643883,0,0,000000000099cc50,00000000009cd190,00000000,00000000,00000000
observe,684,00000000,684,00000000,683,40537002,40537004,6756166910656,0,0,000000000099cc50,00000000009cd190,00000000,00000000,00000000
observe,685,00000000,685,00000000,684,40537004,40537007,6756167234641,0,0,000000000099cc50,00000000009cd190,00000000,00000000,00000000
observe,686,00000000,686,00000000,685,40537007,40537008,6756167651162,0,0,000000000099cc50,00000000009cd190,00000000,00000000,00000000
observe,687,00000000,687,00000000,686,40537009,40537011,6756167976492,0,0,000000000099cc50,00000000009cd190,00000000,00000000,00000000
observe,688,00000000,688,00000000,687,40537011,40537012,6756168325496,0,0,000000000099cc50,00000000009cd190,00000000,00000000,00000000
observe,689,00000000,689,00000000,688,40537013,40537014,6756168634770,0,0,000000000099cc50,00000000009cd190,00000000,00000000,00000000
observe,690,00000000,690,00000000,689,40537015,40537016,6756168973164,0,0,000000000099cc50,00000000009cd190,00000000,00000000,00000000
observe,691,00000000,691,00000000,690,40537016,40537019,6756169284196,0,0,000000000099cc50,00000000009cd190,00000000,00000000,00000000
observe,692,00000000,692,00000000,691,40537019,40537020,6756169647175,0,0,000000000099cc50,00000000009cd190,00000000,00000000,00000000
observe,693,00000000,693,00000000,692,40537021,40537023,6756169961141,0,0,000000000099cc50,00000000009cd190,00000000,00000000,00000000
observe,694,00000000,694,00000000,693,40537023,40537024,6756170321218,0,0,000000000099cc50,00000000009cd190,00000000,00000000,00000000
observe,695,00000000,695,00000000,694,40537024,40537026,6756170615752,0,0,000000000099cc50,00000000009cd190,00000000,00000000,00000000
observe,696,00000000,696,00000000,695,40537026,40537028,6756170932716,0,0,000000000099cc50,00000000009cd190,00000000,00000000,00000000
observe,697,00000000,697,00000000,696,40537028,40537031,6756171275594,0,0,000000000099cc50,00000000009cd190,00000000,00000000,00000000
observe,698,00000000,698,00000000,697,40537031,40537033,6756171667530,0,0,000000000099cc50,00000000009cd190,00000000,00000000,00000000
observe,699,00000000,699,00000000,698,40537033,40537034,6756171999462,0,0,000000000099cc50,00000000009cd190,00000000,00000000,00000000
observe,700,00000000,700,00000000,699,40537035,40537036,6756172306233,0,0,000000000099cc50,00000000009cd190,00000000,00000000,00000000
observe,701,00000000,701,00000000,700,40537036,40537039,6756172615277,0,0,000000000099cc50,00000000009cd190,00000000,00000000,00000000
observe,702,00000000,702,00000000,701,40537039,40537040,6756172989909,0,0,000000000099cc50,00000000009cd190,00000000,00000000,00000000
observe,703,00000000,703,00000000,702,40537041,40537042,6756173296496,0,0,000000000099cc50,00000000009cd190,00000000,00000000,00000000
observe,704,00000000,704,00000000,703,40537042,40537044,6756173620391,0,0,000000000099cc50,00000000009cd190,00000000,00000000,00000000
observe,705,00000000,705,00000000,704,40537045,40537046,6756173964205,0,0,000000000099cc50,00000000009cd190,00000000,00000000,00000000
observe,706,00000000,706,00000000,705,40537047,40537048,6756174304752,0,0,000000000099cc50,00000000009cd190,00000000,00000000,00000000
observe,707,00000000,707,00000000,706,40537049,40537050,6756174629951,0,0,000000000099cc50,00000000009cd190,00000000,00000000,00000000
observe,708,00000000,708,00000000,707,40537050,40537052,6756174935514,0,0,000000000099cc50,00000000009cd190,00000000,00000000,00000000
observe,709,00000000,709,00000000,708,40537053,40537055,6756175297536,0,0,000000000099cc50,00000000009cd190,00000000,00000000,00000000
observe,710,00000000,710,00000000,709,40537055,40537057,6756175644389,0,0,000000000099cc50,00000000009cd190,00000000,00000000,00000000
observe,711,00000000,711,00000000,710,40537057,40537059,6756175979657,0,0,000000000099cc50,00000000009cd190,00000000,00000000,00000000
observe,712,00000000,712,00000000,711,40537059,40537060,6756176309568,0,0,000000000099cc50,00000000009cd190,00000000,00000000,00000000
observe,713,00000000,713,00000000,712,40537060,40537063,6756176612178,0,0,000000000099cc50,00000000009cd190,00000000,00000000,00000000
observe,714,00000000,714,00000000,713,40537063,40537064,6756177009326,0,0,000000000099cc50,00000000009cd190,00000000,00000000,00000000
observe,715,00000000,715,00000000,714,40537065,40537066,6756177291787,0,0,000000000099cc50,00000000009cd190,00000000,00000000,00000000
observe,716,00000000,716,00000000,715,40537067,40537068,6756177644664,0,0,000000000099cc50,00000000009cd190,00000000,00000000,00000000
observe,717,00000000,717,00000000,716,40537069,40537071,6756177956654,0,0,000000000099cc50,00000000009cd190,00000000,00000000,00000000
observe,718,00000000,718,00000000,717,40537071,40537072,6756178306748,0,0,000000000099cc50,00000000009cd190,00000000,00000000,00000000
observe,719,00000000,719,00000000,718,40537072,40537074,6756178600246,0,0,000000000099cc50,00000000009cd190,00000000,00000000,00000000
observe,720,00000000,720,00000000,719,40537074,40537076,6756178940425,0,0,000000000099cc50,00000000009cd190,00000000,00000000,00000000
observe,721,00000000,721,00000000,720,40537077,40537078,6756179303237,0,0,000000000099cc50,00000000009cd190,00000000,00000000,00000000
observe,722,00000000,722,00000000,721,40537079,40537081,6756179623628,0,0,000000000099cc50,00000000009cd190,00000000,00000000,00000000
observe,723,00000000,723,00000000,722,40537081,40537082,6756180044370,0,0,000000000099cc50,00000000009cd190,00000000,00000000,00000000
observe,724,00000000,724,00000000,723,40537082,40537084,6756180254558,0,0,000000000099cc50,00000000009cd190,00000000,00000000,00000000
observe,725,00000000,725,00000000,724,40537084,40537086,6756180613533,0,0,000000000099cc50,00000000009cd190,00000000,00000000,00000000
observe,726,00000000,726,00000000,725,40537087,40537088,6756180961951,0,0,000000000099cc50,00000000009cd190,00000000,00000000,00000000
observe,727,00000000,727,00000000,726,40537088,40537090,6756181262658,0,0,000000000099cc50,00000000009cd190,00000000,00000000,00000000
observe,728,00000000,728,00000000,727,40537091,40537092,6756181632662,0,0,000000000099cc50,00000000009cd190,00000000,00000000,00000000
observe,729,00000000,729,00000000,728,40537093,40537094,6756181988041,0,0,000000000099cc50,00000000009cd190,00000000,00000000,00000000
observe,730,00000000,730,00000000,729,40537094,40537097,6756182274190,0,0,000000000099cc50,00000000009cd190,00000000,00000000,00000000
observe,731,00000000,731,00000000,730,40537097,40537098,6756182662191,0,0,000000000099cc50,00000000009cd190,00000000,00000000,00000000
observe,732,00000000,732,00000000,731,40537099,40537100,6756182962651,0,0,000000000099cc50,00000000009cd190,00000000,00000000,00000000
observe,733,00000000,733,00000000,732,40537101,40537102,6756183290916,0,0,000000000099cc50,00000000009cd190,00000000,00000000,00000000
observe,734,00000000,734,00000000,733,40537103,40537104,6756183636837,0,0,000000000099cc50,00000000009cd190,00000000,00000000,00000000
observe,735,00000000,735,00000000,734,40537104,40537107,6756183951897,0,0,000000000099cc50,00000000009cd190,00000000,00000000,00000000
observe,736,00000000,736,00000000,735,40537107,40537108,6756184325691,0,0,000000000099cc50,00000000009cd190,00000000,00000000,00000000
observe,737,00000000,737,00000000,736,40537109,40537110,6756184626318,0,0,000000000099cc50,00000000009cd190,00000000,00000000,00000000
observe,738,00000000,738,00000000,737,40537110,40537113,6756184953485,0,0,000000000099cc50,00000000009cd190,00000000,00000000,00000000
observe,739,00000000,739,00000000,738,40537113,40537115,6756185312733,0,0,000000000099cc50,00000000009cd190,00000000,00000000,00000000
observe,740,00000000,740,00000000,739,40537115,40537117,6756185671972,0,0,000000000099cc50,00000000009cd190,00000000,00000000,00000000
observe,741,00000000,741,00000000,740,40537117,40537118,6756185992582,0,0,000000000099cc50,00000000009cd190,00000000,00000000,00000000
observe,742,00000000,742,00000000,741,40537119,40537120,6756186294073,0,0,000000000099cc50,00000000009cd190,00000000,00000000,00000000
observe,743,00000000,743,00000000,742,40537121,40537122,6756186645875,0,0,000000000099cc50,00000000009cd190,00000000,00000000,00000000
observe,744,00000000,744,00000000,743,40537123,40537124,6756186962435,0,0,000000000099cc50,00000000009cd190,00000000,00000000,00000000
observe,745,00000000,745,00000000,744,40537124,40537127,6756187267456,0,0,000000000099cc50,00000000009cd190,00000000,00000000,00000000
observe,746,00000000,746,00000000,745,40537127,40537128,6756187643573,0,0,000000000099cc50,00000000009cd190,00000000,00000000,00000000
observe,747,00000000,747,00000000,746,40537129,40537131,6756187971735,0,0,000000000099cc50,00000000009cd190,00000000,00000000,00000000
observe,748,00000000,748,00000000,747,40537131,40537132,6756188324624,0,0,000000000099cc50,00000000009cd190,00000000,00000000,00000000
observe,749,00000000,749,00000000,748,40537132,40537135,6756188610832,0,0,000000000099cc50,00000000009cd190,00000000,00000000,00000000
observe,750,00000000,750,00000000,749,40537135,40537137,6756188980012,0,0,000000000099cc50,00000000009cd190,00000000,00000000,00000000
observe,751,00000000,751,00000000,750,40537137,40537138,6756189310707,0,0,000000000099cc50,00000000009cd190,00000000,00000000,00000000
observe,752,00000000,752,00000000,751,40537139,40537141,6756189635639,0,0,000000000099cc50,00000000009cd190,00000000,00000000,00000000
observe,753,00000000,753,00000000,752,40537141,40537143,6756189973727,0,0,000000000099cc50,00000000009cd190,00000000,00000000,00000000
observe,754,00000000,754,00000000,753,40537143,40537144,6756190324615,0,0,000000000099cc50,00000000009cd190,00000000,00000000,00000000
observe,755,00000000,755,00000000,754,40537144,40537147,6756190599643,0,0,000000000099cc50,00000000009cd190,00000000,00000000,00000000
observe,756,00000000,756,00000000,755,40537147,40537148,6756190991012,0,0,000000000099cc50,00000000009cd190,00000000,00000000,00000000
observe,757,00000000,757,00000000,756,40537148,40537151,6756191276776,0,0,000000000099cc50,00000000009cd190,00000000,00000000,00000000
observe,758,00000000,758,00000000,757,40537151,40537152,6756191667582,0,0,000000000099cc50,00000000009cd190,00000000,00000000,00000000
observe,759,00000000,759,00000000,758,40537153,40537154,6756191968693,0,0,000000000099cc50,00000000009cd190,00000000,00000000,00000000
observe,760,00000000,760,00000000,759,40537154,40537156,6756192279415,0,0,000000000099cc50,00000000009cd190,00000000,00000000,00000000
observe,761,00000000,761,00000000,760,40537157,40537159,6756192633415,0,0,000000000099cc50,00000000009cd190,00000000,00000000,00000000
observe,762,00000000,762,00000000,761,40537159,40537161,6756192972310,0,0,000000000099cc50,00000000009cd190,00000000,00000000,00000000
observe,763,00000000,763,00000000,762,40537161,40537162,6756193311136,0,0,000000000099cc50,00000000009cd190,00000000,00000000,00000000
observe,764,00000000,764,00000000,763,40537163,40537165,6756193639254,0,0,000000000099cc50,00000000009cd190,00000000,00000000,00000000
observe,765,00000000,765,00000000,764,40537165,40537166,6756193975576,0,0,000000000099cc50,00000000009cd190,00000000,00000000,00000000
observe,766,00000000,766,00000000,765,40537167,40537169,6756194301991,0,0,000000000099cc50,00000000009cd190,00000000,00000000,00000000
observe,767,00000000,767,00000000,766,40537169,40537170,6756194651865,0,0,000000000099cc50,00000000009cd190,00000000,00000000,00000000
observe,768,00000000,768,00000000,767,40537171,40537172,6756194964382,0,0,000000000099cc50,00000000009cd190,00000000,00000000,00000000
observe,769,00000000,769,00000000,768,40537172,40537175,6756195288063,0,0,000000000099cc50,00000000009cd190,00000000,00000000,00000000
observe,770,00000000,770,00000000,769,40537175,40537177,6756195674155,0,0,000000000099cc50,00000000009cd190,00000000,00000000,00000000
observe,771,00000000,771,00000000,770,40537177,40537178,6756196005736,0,0,000000000099cc50,00000000009cd190,00000000,00000000,00000000
observe,772,00000000,772,00000000,771,40537178,40537181,6756196282658,0,0,000000000099cc50,00000000009cd190,00000000,00000000,00000000
observe,773,00000000,773,00000000,772,40537181,40537183,6756196670366,0,0,000000000099cc50,00000000009cd190,00000000,00000000,00000000
observe,774,00000000,774,00000000,773,40537183,40537185,6756196979584,0,0,000000000099cc50,00000000009cd190,00000000,00000000,00000000
observe,775,00000000,775,00000000,774,40537185,40537187,6756197309388,0,0,000000000099cc50,00000000009cd190,00000000,00000000,00000000
observe,776,00000000,776,00000000,775,40537187,40537188,6756197659443,0,0,000000000099cc50,00000000009cd190,00000000,00000000,00000000
observe,777,00000000,777,00000000,776,40537188,40537191,6756197944280,0,0,000000000099cc50,00000000009cd190,00000000,00000000,00000000
observe,778,00000000,778,00000000,777,40537191,40537192,6756198313002,0,0,000000000099cc50,00000000009cd190,00000000,00000000,00000000
observe,779,00000000,779,00000000,778,40537192,40537194,6756198569846,0,0,000000000099cc50,00000000009cd190,00000000,00000000,00000000
observe,780,00000000,780,00000000,779,40537195,40537196,6756198975628,0,0,000000000099cc50,00000000009cd190,00000000,00000000,00000000
observe,781,00000000,781,00000000,780,40537196,40537198,6756199239440,0,0,000000000099cc50,00000000009cd190,00000000,00000000,00000000
observe,782,00000000,782,00000000,781,40537198,40537200,6756199592008,0,0,000000000099cc50,00000000009cd190,00000000,00000000,00000000
observe,783,00000000,783,00000000,782,40537201,40537202,6756199981426,0,0,000000000099cc50,00000000009cd190,00000000,00000000,00000000
observe,784,00000000,784,00000000,783,40537202,40537204,6756200264539,0,0,000000000099cc50,00000000009cd190,00000000,00000000,00000000
observe,785,00000000,785,00000000,784,40537204,40537206,6756200619308,0,0,000000000099cc50,00000000009cd190,00000000,00000000,00000000
observe,786,00000000,786,00000000,785,40537207,40537208,6756200960596,0,0,000000000099cc50,00000000009cd190,00000000,00000000,00000000
observe,787,00000000,787,00000000,786,40537208,40537210,6756201270311,0,0,000000000099cc50,00000000009cd190,00000000,00000000,00000000
observe,788,00000000,788,00000000,787,40537210,40537213,6756201621211,0,0,000000000099cc50,00000000009cd190,00000000,00000000,00000000
observe,789,00000000,789,00000000,788,40537213,40537214,6756202017988,0,0,000000000099cc50,00000000009cd190,00000000,00000000,00000000
observe,790,00000000,790,00000000,789,40537214,40537216,6756202258170,0,0,000000000099cc50,00000000009cd190,00000000,00000000,00000000
observe,791,00000000,791,00000000,790,40537217,40537218,6756202643767,0,0,000000000099cc50,00000000009cd190,00000000,00000000,00000000
observe,792,00000000,792,00000000,791,40537219,40537221,6756202966435,0,0,000000000099cc50,00000000009cd190,00000000,00000000,00000000
observe,793,00000000,793,00000000,792,40537221,40537222,6756203317998,0,0,000000000099cc50,00000000009cd190,00000000,00000000,00000000
observe,794,00000000,794,00000000,793,40537222,40537224,6756203621815,0,0,000000000099cc50,00000000009cd190,00000000,00000000,00000000
observe,795,00000000,795,00000000,794,40537224,40537227,6756203905432,0,0,000000000099cc50,00000000009cd190,00000000,00000000,00000000
observe,796,00000000,796,00000000,795,40537227,40537228,6756204332962,0,0,000000000099cc50,00000000009cd190,00000000,00000000,00000000
observe,797,00000000,797,00000000,796,40537228,40537231,6756204620867,0,0,000000000099cc50,00000000009cd190,00000000,00000000,00000000
observe,798,00000000,798,00000000,797,40537231,40537233,6756205008177,0,0,000000000099cc50,00000000009cd190,00000000,00000000,00000000
observe,799,00000000,799,00000000,798,40537233,40537234,6756205352757,0,0,000000000099cc50,00000000009cd190,00000000,00000000,00000000
observe,800,00000000,800,00000000,799,40537234,40537237,6756205600204,0,0,000000000099cc50,00000000009cd190,00000000,00000000,00000000
observe,801,00000000,801,00000000,800,40537237,40537239,6756206017037,0,0,000000000099cc50,00000000009cd190,00000000,00000000,00000000
observe,802,00000000,802,00000000,801,40537239,40537240,6756206320845,0,0,000000000099cc50,00000000009cd190,00000000,00000000,00000000
observe,803,00000000,803,00000000,802,40537240,40537242,6756206614040,0,0,000000000099cc50,00000000009cd190,00000000,00000000,00000000
observe,804,00000000,804,00000000,803,40537242,40537245,6756206951387,0,0,000000000099cc50,00000000009cd190,00000000,00000000,00000000
observe,805,00000000,805,00000000,804,40537245,40537246,6756207325686,0,0,000000000099cc50,00000000009cd190,00000000,00000000,00000000
observe,806,00000000,806,00000000,805,40537246,40537248,6756207608272,0,0,000000000099cc50,00000000009cd190,00000000,00000000,00000000
observe,807,00000000,807,00000000,806,40537248,40537251,6756207952462,0,0,000000000099cc50,00000000009cd190,00000000,00000000,00000000
observe,808,00000000,808,00000000,807,40537251,40537252,6756208309661,0,0,000000000099cc50,00000000009cd190,00000000,00000000,00000000
observe,809,00000000,809,00000000,808,40537252,40537255,6756208598055,0,0,000000000099cc50,00000000009cd190,00000000,00000000,00000000
observe,810,00000000,810,00000000,809,40537255,40537256,6756208989555,0,0,000000000099cc50,00000000009cd190,00000000,00000000,00000000
observe,811,00000000,811,00000000,810,40537256,40537259,6756209254927,0,0,000000000099cc50,00000000009cd190,00000000,00000000,00000000
observe,812,00000000,812,00000000,811,40537259,40537260,6756209663945,0,0,000000000099cc50,00000000009cd190,00000000,00000000,00000000
observe,813,00000000,813,00000000,812,40537261,40537263,6756209986975,0,0,000000000099cc50,00000000009cd190,00000000,00000000,00000000
observe,814,00000000,814,00000000,813,40537263,40537264,6756210349162,0,0,000000000099cc50,00000000009cd190,00000000,00000000,00000000
observe,815,00000000,815,00000000,814,40537264,40537266,6756210606780,0,0,000000000099cc50,00000000009cd190,00000000,00000000,00000000
observe,816,00000000,816,00000000,815,40537267,40537268,6756210961091,0,0,000000000099cc50,00000000009cd190,00000000,00000000,00000000
observe,817,00000000,817,00000000,816,40537268,40537271,6756211287845,0,0,000000000099cc50,00000000009cd190,00000000,00000000,00000000
observe,818,00000000,818,00000000,817,40537271,40537272,6756211660627,0,0,000000000099cc50,00000000009cd190,00000000,00000000,00000000
observe,819,00000000,819,00000000,818,40537273,40537274,6756211982657,0,0,000000000099cc50,00000000009cd190,00000000,00000000,00000000
observe,820,00000000,820,00000000,819,40537274,40537276,6756212254663,0,0,000000000099cc50,00000000009cd190,00000000,00000000,00000000
observe,821,00000000,821,00000000,820,40537276,40537279,6756212601950,0,0,000000000099cc50,00000000009cd190,00000000,00000000,00000000
observe,822,00000000,822,00000000,821,40537279,40537281,6756213010370,0,0,000000000099cc50,00000000009cd190,00000000,00000000,00000000
observe,823,00000000,823,00000000,822,40537281,40537283,6756213328900,0,0,000000000099cc50,00000000009cd190,00000000,00000000,00000000
observe,824,00000000,824,00000000,823,40537283,40537284,6756213652871,0,0,000000000099cc50,00000000009cd190,00000000,00000000,00000000
observe,825,00000000,825,00000000,824,40537285,40537286,6756213966547,0,0,000000000099cc50,00000000009cd190,00000000,00000000,00000000
observe,826,00000000,826,00000000,825,40537286,40537288,6756214280408,0,0,000000000099cc50,00000000009cd190,00000000,00000000,00000000
observe,827,00000000,827,00000000,826,40537288,40537290,6756214556250,0,0,000000000099cc50,00000000009cd190,00000000,00000000,00000000
observe,828,00000000,828,00000000,827,40537291,40537292,6756214974945,0,0,000000000099cc50,00000000009cd190,00000000,00000000,00000000
observe,829,00000000,829,00000000,828,40537292,40537294,6756215278963,0,0,000000000099cc50,00000000009cd190,00000000,00000000,00000000
observe,830,00000000,830,00000000,829,40537294,40537296,6756215594319,0,0,000000000099cc50,00000000009cd190,00000000,00000000,00000000
observe,831,00000000,831,00000000,830,40537297,40537298,6756215970228,0,0,000000000099cc50,00000000009cd190,00000000,00000000,00000000
observe,832,00000000,832,00000000,831,40537299,40537300,6756216311338,0,0,000000000099cc50,00000000009cd190,00000000,00000000,00000000
observe,833,00000000,833,00000000,832,40537300,40537302,6756216620273,0,0,000000000099cc50,00000000009cd190,00000000,00000000,00000000
observe,834,00000000,834,00000000,833,40537303,40537305,6756216965002,0,0,000000000099cc50,00000000009cd190,00000000,00000000,00000000
observe,835,00000000,835,00000000,834,40537305,40537306,6756217335955,0,0,000000000099cc50,00000000009cd190,00000000,00000000,00000000
observe,836,00000000,836,00000000,835,40537307,40537308,6756217635638,0,0,000000000099cc50,00000000009cd190,00000000,00000000,00000000
observe,837,00000000,837,00000000,836,40537308,40537311,6756217951695,0,0,000000000099cc50,00000000009cd190,00000000,00000000,00000000
observe,838,00000000,838,00000000,837,40537311,40537313,6756218311415,0,0,000000000099cc50,00000000009cd190,00000000,00000000,00000000
observe,839,00000000,839,00000000,838,40537313,40537314,6756218707197,0,0,000000000099cc50,00000000009cd190,00000000,00000000,00000000
observe,840,00000000,840,00000000,839,40537314,40537317,6756218908491,0,0,000000000099cc50,00000000009cd190,00000000,00000000,00000000
observe,841,00000000,841,00000000,840,40537317,40537319,6756219311841,0,0,000000000099cc50,00000000009cd190,00000000,00000000,00000000
observe,842,00000000,842,00000000,841,40537319,40537320,6756219657050,0,0,000000000099cc50,00000000009cd190,00000000,00000000,00000000
observe,843,00000000,843,00000000,842,40537320,40537323,6756219924230,0,0,000000000099cc50,00000000009cd190,00000000,00000000,00000000
observe,844,00000000,844,00000000,843,40537323,40537325,6756220353664,0,0,000000000099cc50,00000000009cd190,00000000,00000000,00000000
observe,845,00000000,845,00000000,844,40537325,40537326,6756220680887,0,0,000000000099cc50,00000000009cd190,00000000,00000000,00000000
observe,846,00000000,846,00000000,845,40537326,40537328,6756220914027,0,0,000000000099cc50,00000000009cd190,00000000,00000000,00000000
observe,847,00000000,847,00000000,846,40537329,40537330,6756221291152,0,0,000000000099cc50,00000000009cd190,00000000,00000000,00000000
observe,848,00000000,848,00000000,847,40537331,40537332,6756221632815,0,0,000000000099cc50,00000000009cd190,00000000,00000000,00000000
observe,849,00000000,849,00000000,848,40537332,40537334,6756221909853,0,0,000000000099cc50,00000000009cd190,00000000,00000000,00000000
observe,850,00000000,850,00000000,849,40537334,40537337,6756222280232,0,0,000000000099cc50,00000000009cd190,00000000,00000000,00000000
observe,851,00000000,851,00000000,850,40537337,40537338,6756222676322,0,0,000000000099cc50,00000000009cd190,00000000,00000000,00000000
observe,852,00000000,852,00000000,851,40537339,40537340,6756222968460,0,0,000000000099cc50,00000000009cd190,00000000,00000000,00000000
observe,853,00000000,853,00000000,852,40537340,40537342,6756223273597,0,0,000000000099cc50,00000000009cd190,00000000,00000000,00000000
observe,854,00000000,854,00000000,853,40537342,40537344,6756223621221,0,0,000000000099cc50,00000000009cd190,00000000,00000000,00000000
observe,855,00000000,855,00000000,854,40537344,40537346,6756223911247,0,0,000000000099cc50,00000000009cd190,00000000,00000000,00000000
observe,856,00000000,856,00000000,855,40537347,40537348,6756224295583,0,0,000000000099cc50,00000000009cd190,00000000,00000000,00000000
observe,857,00000000,857,00000000,856,40537348,40537350,6756224618208,0,0,000000000099cc50,00000000009cd190,00000000,00000000,00000000
observe,858,00000000,858,00000000,857,40537351,40537352,6756224959560,0,0,000000000099cc50,00000000009cd190,00000000,00000000,00000000
observe,859,00000000,859,00000000,858,40537352,40537355,6756225287375,0,0,000000000099cc50,00000000009cd190,00000000,00000000,00000000
observe,860,00000000,860,00000000,859,40537355,40537356,6756225664728,0,0,000000000099cc50,00000000009cd190,00000000,00000000,00000000
observe,861,00000000,861,00000000,860,40537356,40537358,6756225950234,0,0,000000000099cc50,00000000009cd190,00000000,00000000,00000000
observe,862,00000000,862,00000000,861,40537358,40537360,6756226257893,0,0,000000000099cc50,00000000009cd190,00000000,00000000,00000000
observe,863,00000000,863,00000000,862,40537361,40537363,6756226633655,0,0,000000000099cc50,00000000009cd190,00000000,00000000,00000000
observe,864,00000000,864,00000000,863,40537363,40537364,6756226992729,0,0,000000000099cc50,00000000009cd190,00000000,00000000,00000000
observe,865,00000000,865,00000000,864,40537365,40537367,6756227291815,0,0,000000000099cc50,00000000009cd190,00000000,00000000,00000000
observe,866,00000000,866,00000000,865,40537367,40537369,6756227640987,0,0,000000000099cc50,00000000009cd190,00000000,00000000,00000000
observe,867,00000000,867,00000000,866,40537369,40537370,6756227987880,0,0,000000000099cc50,00000000009cd190,00000000,00000000,00000000
observe,868,00000000,868,00000000,867,40537370,40537373,6756228279299,0,0,000000000099cc50,00000000009cd190,00000000,00000000,00000000
observe,869,00000000,869,00000000,868,40537373,40537374,6756228656029,0,0,000000000099cc50,00000000009cd190,00000000,00000000,00000000
observe,870,00000000,870,00000000,869,40537374,40537376,6756228947001,0,0,000000000099cc50,00000000009cd190,00000000,00000000,00000000
observe,871,00000000,871,00000000,870,40537376,40537378,6756229238514,0,0,000000000099cc50,00000000009cd190,00000000,00000000,00000000
observe,872,00000000,872,00000000,871,40537378,40537380,6756229567227,0,0,000000000099cc50,00000000009cd190,00000000,00000000,00000000
observe,873,00000000,873,00000000,872,40537381,40537382,6756229957520,0,0,000000000099cc50,00000000009cd190,00000000,00000000,00000000
observe,874,00000000,874,00000000,873,40537382,40537385,6756230277101,0,0,000000000099cc50,00000000009cd190,00000000,00000000,00000000
observe,875,00000000,875,00000000,874,40537385,40537387,6756230647564,0,0,000000000099cc50,00000000009cd190,00000000,00000000,00000000
observe,876,00000000,876,00000000,875,40537387,40537389,6756230978260,0,0,000000000099cc50,00000000009cd190,00000000,00000000,00000000
observe,877,00000000,877,00000000,876,40537389,40537391,6756231307198,0,0,000000000099cc50,00000000009cd190,00000000,00000000,00000000
observe,878,00000000,878,00000000,877,40537391,40537392,6756231645155,0,0,000000000099cc50,00000000009cd190,00000000,00000000,00000000
observe,879,00000000,879,00000000,878,40537392,40537395,6756231931666,0,0,000000000099cc50,00000000009cd190,00000000,00000000,00000000
observe,880,00000000,880,00000000,879,40537395,40537397,6756232328452,0,0,000000000099cc50,00000000009cd190,00000000,00000000,00000000
observe,881,00000000,881,00000000,880,40537397,40537399,6756232645671,0,0,000000000099cc50,00000000009cd190,00000000,00000000,00000000
observe,882,00000000,882,00000000,881,40537399,40537400,6756232974455,0,0,000000000099cc50,00000000009cd190,00000000,00000000,00000000
observe,883,00000000,883,00000000,882,40537400,40537402,6756233279586,0,0,000000000099cc50,00000000009cd190,00000000,00000000,00000000
observe,884,00000000,884,00000000,883,40537403,40537404,6756233632737,0,0,000000000099cc50,00000000009cd190,00000000,00000000,00000000
observe,885,00000000,885,00000000,884,40537404,40537406,6756233952655,0,0,000000000099cc50,00000000009cd190,00000000,00000000,00000000
observe,886,00000000,886,00000000,885,40537406,40537409,6756234287090,0,0,000000000099cc50,00000000009cd190,00000000,00000000,00000000
observe,887,00000000,887,00000000,886,40537409,40537410,6756234655195,0,0,000000000099cc50,00000000009cd190,00000000,00000000,00000000
observe,888,00000000,888,00000000,887,40537411,40537412,6756234971480,0,0,000000000099cc50,00000000009cd190,00000000,00000000,00000000
observe,889,00000000,889,00000000,888,40537412,40537414,6756235282225,0,0,000000000099cc50,00000000009cd190,00000000,00000000,00000000
observe,890,00000000,890,00000000,889,40537414,40537416,6756235578614,0,0,000000000099cc50,00000000009cd190,00000000,00000000,00000000
observe,891,00000000,891,00000000,890,40537416,40537418,6756235950230,0,0,000000000099cc50,00000000009cd190,00000000,00000000,00000000
observe,892,00000000,892,00000000,891,40537418,40537421,6756236265241,0,0,000000000099cc50,00000000009cd190,00000000,00000000,00000000
observe,893,00000000,893,00000000,892,40537421,40537422,6756236659013,0,0,000000000099cc50,00000000009cd190,00000000,00000000,00000000
observe,894,00000000,894,00000000,893,40537422,40537424,6756236917625,0,0,000000000099cc50,00000000009cd190,00000000,00000000,00000000
observe,895,00000000,895,00000000,894,40537424,40537426,6756237223075,0,0,000000000099cc50,00000000009cd190,00000000,00000000,00000000
observe,896,00000000,896,00000000,895,40537426,40537428,6756237599912,0,0,000000000099cc50,00000000009cd190,00000000,00000000,00000000
observe,897,00000000,897,00000000,896,40537428,40537431,6756237948002,0,0,000000000099cc50,00000000009cd190,00000000,00000000,00000000
observe,898,00000000,898,00000000,897,40537431,40537432,6756238312642,0,0,000000000099cc50,00000000009cd190,00000000,00000000,00000000
observe,899,00000000,899,00000000,898,40537433,40537435,6756238640832,0,0,000000000099cc50,00000000009cd190,00000000,00000000,00000000
observe,900,00000000,900,00000000,899,40537435,40537437,6756238978465,0,0,000000000099cc50,00000000009cd190,00000000,00000000,00000000
observe,901,00000000,901,00000000,900,40537437,40537438,6756239317863,0,0,000000000099cc50,00000000009cd190,00000000,00000000,00000000
observe,902,00000000,902,00000000,901,40537438,40537440,6756239610967,0,0,000000000099cc50,00000000009cd190,00000000,00000000,00000000
observe,903,00000000,903,00000000,902,40537440,40537442,6756239912273,0,0,000000000099cc50,00000000009cd190,00000000,00000000,00000000
observe,904,00000000,904,00000000,903,40537443,40537444,6756240292664,0,0,000000000099cc50,00000000009cd190,00000000,00000000,00000000
observe,905,00000000,905,00000000,904,40537445,40537446,6756240622392,0,0,000000000099cc50,00000000009cd190,00000000,00000000,00000000
observe,906,00000000,906,00000000,905,40537447,40537448,6756240977628,0,0,000000000099cc50,00000000009cd190,00000000,00000000,00000000
observe,907,00000000,907,00000000,906,40537448,40537451,6756241273050,0,0,000000000099cc50,00000000009cd190,00000000,00000000,00000000
observe,908,00000000,908,00000000,907,40537451,40537452,6756241650720,0,0,000000000099cc50,00000000009cd190,00000000,00000000,00000000
observe,909,00000000,909,00000000,908,40537453,40537454,6756241965368,0,0,000000000099cc50,00000000009cd190,00000000,00000000,00000000
observe,910,00000000,910,00000000,909,40537455,40537456,6756242297082,0,0,000000000099cc50,00000000009cd190,00000000,00000000,00000000
observe,911,00000000,911,00000000,910,40537456,40537459,6756242616020,0,0,000000000099cc50,00000000009cd190,00000000,00000000,00000000
observe,912,00000000,912,00000000,911,40537459,40537461,6756242999047,0,0,000000000099cc50,00000000009cd190,00000000,00000000,00000000
observe,913,00000000,913,00000000,912,40537461,40537462,6756243322973,0,0,000000000099cc50,00000000009cd190,00000000,00000000,00000000
observe,914,00000000,914,00000000,913,40537462,40537464,6756243608292,0,0,000000000099cc50,00000000009cd190,00000000,00000000,00000000
observe,915,00000000,915,00000000,914,40537465,40537467,6756243966234,0,0,000000000099cc50,00000000009cd190,00000000,00000000,00000000
observe,916,00000000,916,00000000,915,40537467,40537468,6756244320419,0,0,000000000099cc50,00000000009cd190,00000000,00000000,00000000
observe,917,00000000,917,00000000,916,40537469,40537470,6756244646275,0,0,000000000099cc50,00000000009cd190,00000000,00000000,00000000
observe,918,00000000,918,00000000,917,40537471,40537472,6756244976519,0,0,000000000099cc50,00000000009cd190,00000000,00000000,00000000
observe,919,00000000,919,00000000,918,40537473,40537474,6756245307495,0,0,000000000099cc50,00000000009cd190,00000000,00000000,00000000
observe,920,00000000,920,00000000,919,40537475,40537477,6756245638847,0,0,000000000099cc50,00000000009cd190,00000000,00000000,00000000
observe,921,00000000,921,00000000,920,40537477,40537478,6756246007327,0,0,000000000099cc50,00000000009cd190,00000000,00000000,00000000
observe,922,00000000,922,00000000,921,40537478,40537481,6756246272088,0,0,000000000099cc50,00000000009cd190,00000000,00000000,00000000
observe,923,00000000,923,00000000,922,40537481,40537482,6756246664209,0,0,000000000099cc50,00000000009cd190,00000000,00000000,00000000
observe,924,00000000,924,00000000,923,40537482,40537484,6756246930257,0,0,000000000099cc50,00000000009cd190,00000000,00000000,00000000
observe,925,00000000,925,00000000,924,40537484,40537486,6756247281249,0,0,000000000099cc50,00000000009cd190,00000000,00000000,00000000
observe,926,00000000,926,00000000,925,40537486,40537489,6756247616292,0,0,000000000099cc50,00000000009cd190,00000000,00000000,00000000
observe,927,00000000,927,00000000,926,40537489,40537490,6756247988665,0,0,000000000099cc50,00000000009cd190,00000000,00000000,00000000
observe,928,00000000,928,00000000,927,40537491,40537493,6756248299195,0,0,000000000099cc50,00000000009cd190,00000000,00000000,00000000
observe,929,00000000,929,00000000,928,40537493,40537494,6756248663633,0,0,000000000099cc50,00000000009cd190,00000000,00000000,00000000
observe,930,00000000,930,00000000,929,40537495,40537496,6756248958306,0,0,000000000099cc50,00000000009cd190,00000000,00000000,00000000
observe,931,00000000,931,00000000,930,40537496,40537499,6756249286168,0,0,000000000099cc50,00000000009cd190,00000000,00000000,00000000
observe,932,00000000,932,00000000,931,40537499,40537501,6756249657977,0,0,000000000099cc50,00000000009cd190,00000000,00000000,00000000
observe,933,00000000,933,00000000,932,40537501,40537503,6756249982122,0,0,000000000099cc50,00000000009cd190,00000000,00000000,00000000
observe,934,00000000,934,00000000,933,40537503,40537504,6756250330461,0,0,000000000099cc50,00000000009cd190,00000000,00000000,00000000
observe,935,00000000,935,00000000,934,40537505,40537506,6756250641489,0,0,000000000099cc50,00000000009cd190,00000000,00000000,00000000
observe,936,00000000,936,00000000,935,40537507,40537508,6756250969233,0,0,000000000099cc50,00000000009cd190,00000000,00000000,00000000
observe,937,00000000,937,00000000,936,40537509,40537510,6756251302171,0,0,000000000099cc50,00000000009cd190,00000000,00000000,00000000
observe,938,00000000,938,00000000,937,40537511,40537512,6756251622683,0,0,000000000099cc50,00000000009cd190,00000000,00000000,00000000
observe,939,00000000,939,00000000,938,40537513,40537514,6756251961766,0,0,000000000099cc50,00000000009cd190,00000000,00000000,00000000
observe,940,00000000,940,00000000,939,40537515,40537516,6756252301439,0,0,000000000099cc50,00000000009cd190,00000000,00000000,00000000
observe,941,00000000,941,00000000,940,40537517,40537518,6756252643077,0,0,000000000099cc50,00000000009cd190,00000000,00000000,00000000
observe,942,00000000,942,00000000,941,40537518,40537520,6756252954168,0,0,000000000099cc50,00000000009cd190,00000000,00000000,00000000
observe,943,00000000,943,00000000,942,40537520,40537523,6756253279818,0,0,000000000099cc50,00000000009cd190,00000000,00000000,00000000
observe,944,00000000,944,00000000,943,40537523,40537524,6756253652049,0,0,000000000099cc50,00000000009cd190,00000000,00000000,00000000
observe,945,00000000,945,00000000,944,40537525,40537527,6756253957262,0,0,000000000099cc50,00000000009cd190,00000000,00000000,00000000
observe,946,00000000,946,00000000,945,40537527,40537529,6756254351717,0,0,000000000099cc50,00000000009cd190,00000000,00000000,00000000
observe,947,00000000,947,00000000,946,40537529,40537530,6756254675525,0,0,000000000099cc50,00000000009cd190,00000000,00000000,00000000
observe,948,00000000,948,00000000,947,40537530,40537533,6756254932052,0,0,000000000099cc50,00000000009cd190,00000000,00000000,00000000
observe,949,00000000,949,00000000,948,40537533,40537535,6756255352060,0,0,000000000099cc50,00000000009cd190,00000000,00000000,00000000
observe,950,00000000,950,00000000,949,40537535,40537536,6756255691330,0,0,000000000099cc50,00000000009cd190,00000000,00000000,00000000
observe,951,00000000,951,00000000,950,40537536,40537538,6756255946609,0,0,000000000099cc50,00000000009cd190,00000000,00000000,00000000
observe,952,00000000,952,00000000,951,40537538,40537541,6756256241747,0,0,000000000099cc50,00000000009cd190,00000000,00000000,00000000
observe,953,00000000,953,00000000,952,40537541,40537542,6756256655738,0,0,000000000099cc50,00000000009cd190,00000000,00000000,00000000
observe,954,00000000,954,00000000,953,40537543,40537544,6756256978709,0,0,000000000099cc50,00000000009cd190,00000000,00000000,00000000
observe,955,00000000,955,00000000,954,40537544,40537547,6756257282347,0,0,000000000099cc50,00000000009cd190,00000000,00000000,00000000
observe,956,00000000,956,00000000,955,40537547,40537548,6756257641526,0,0,000000000099cc50,00000000009cd190,00000000,00000000,00000000
observe,957,00000000,957,00000000,956,40537548,40537551,6756257950728,0,0,000000000099cc50,00000000009cd190,00000000,00000000,00000000
observe,958,00000000,958,00000000,957,40537551,40537552,6756258307701,0,0,000000000099cc50,00000000009cd190,00000000,00000000,00000000
observe,959,00000000,959,00000000,958,40537553,40537555,6756258641842,0,0,000000000099cc50,00000000009cd190,00000000,00000000,00000000
observe,960,00000000,960,00000000,959,40537555,40537556,6756259012021,0,0,000000000099cc50,00000000009cd190,00000000,00000000,00000000
observe,961,00000000,961,00000000,960,40537556,40537558,6756259259456,0,0,000000000099cc50,00000000009cd190,00000000,00000000,00000000
observe,962,00000000,962,00000000,961,40537559,40537561,6756259631283,0,0,000000000099cc50,00000000009cd190,00000000,00000000,00000000
observe,963,00000000,963,00000000,962,40537561,40537562,6756260003320,0,0,000000000099cc50,00000000009cd190,00000000,00000000,00000000
observe,964,00000000,964,00000000,963,40537562,40537565,6756260250825,0,0,000000000099cc50,00000000009cd190,00000000,00000000,00000000
observe,965,00000000,965,00000000,964,40537565,40537567,6756260691407,0,0,000000000099cc50,00000000009cd190,00000000,00000000,00000000
observe,966,00000000,966,00000000,965,40537567,40537568,6756260984123,0,0,000000000099cc50,00000000009cd190,00000000,00000000,00000000
observe,967,00000000,967,00000000,966,40537569,40537570,6756261295083,0,0,000000000099cc50,00000000009cd190,00000000,00000000,00000000
observe,968,00000000,968,00000000,967,40537571,40537572,6756261635070,0,0,000000000099cc50,00000000009cd190,00000000,00000000,00000000
observe,969,00000000,969,00000000,968,40537573,40537575,6756261963347,0,0,000000000099cc50,00000000009cd190,00000000,00000000,00000000
observe,970,00000000,970,00000000,969,40537575,40537576,6756262339866,0,0,000000000099cc50,00000000009cd190,00000000,00000000,00000000
observe,971,00000000,971,00000000,970,40537577,40537579,6756262632370,0,0,000000000099cc50,00000000009cd190,00000000,00000000,00000000
observe,972,00000000,972,00000000,971,40537579,40537580,6756263010630,0,0,000000000099cc50,00000000009cd190,00000000,00000000,00000000
observe,973,00000000,973,00000000,972,40537580,40537582,6756263246929,0,0,000000000099cc50,00000000009cd190,00000000,00000000,00000000
observe,974,00000000,974,00000000,973,40537582,40537584,6756263609768,0,0,000000000099cc50,00000000009cd190,00000000,00000000,00000000
observe,975,00000000,975,00000000,974,40537585,40537587,6756263967319,0,0,000000000099cc50,00000000009cd190,00000000,00000000,00000000
observe,976,00000000,976,00000000,975,40537587,40537589,6756264341831,0,0,000000000099cc50,00000000009cd190,00000000,00000000,00000000
observe,977,00000000,977,00000000,976,40537589,40537590,6756264662681,0,0,000000000099cc50,00000000009cd190,00000000,00000000,00000000
observe,978,00000000,978,00000000,977,40537590,40537593,6756264941954,0,0,000000000099cc50,00000000009cd190,00000000,00000000,00000000
observe,979,00000000,979,00000000,978,40537593,40537594,6756265342282,0,0,000000000099cc50,00000000009cd190,00000000,00000000,00000000
observe,980,00000000,980,00000000,979,40537594,40537597,6756265605328,0,0,000000000099cc50,00000000009cd190,00000000,00000000,00000000
observe,981,00000000,981,00000000,980,40537597,40537598,6756266004823,0,0,000000000099cc50,00000000009cd190,00000000,00000000,00000000
observe,982,00000000,982,00000000,981,40537599,40537600,6756266296340,0,0,000000000099cc50,00000000009cd190,00000000,00000000,00000000
observe,983,00000000,983,00000000,982,40537600,40537602,6756266614058,0,0,000000000099cc50,00000000009cd190,00000000,00000000,00000000
observe,984,00000000,984,00000000,983,40537603,40537604,6756266963440,0,0,000000000099cc50,00000000009cd190,00000000,00000000,00000000
observe,985,00000000,985,00000000,984,40537604,40537606,6756267265240,0,0,000000000099cc50,00000000009cd190,00000000,00000000,00000000
observe,986,00000000,986,00000000,985,40537606,40537609,6756267598974,0,0,000000000099cc50,00000000009cd190,00000000,00000000,00000000
observe,987,00000000,987,00000000,986,40537609,40537610,6756267976672,0,0,000000000099cc50,00000000009cd190,00000000,00000000,00000000
observe,988,00000000,988,00000000,987,40537610,40537613,6756268267443,0,0,000000000099cc50,00000000009cd190,00000000,00000000,00000000
observe,989,00000000,989,00000000,988,40537613,40537614,6756268644460,0,0,000000000099cc50,00000000009cd190,00000000,00000000,00000000
observe,990,00000000,990,00000000,989,40537615,40537617,6756268974283,0,0,000000000099cc50,00000000009cd190,00000000,00000000,00000000
observe,991,00000000,991,00000000,990,40537617,40537618,6756269309526,0,0,000000000099cc50,00000000009cd190,00000000,00000000,00000000
observe,992,00000000,992,00000000,991,40537619,40537621,6756269637449,0,0,000000000099cc50,00000000009cd190,00000000,00000000,00000000
observe,993,00000000,993,00000000,992,40537621,40537622,6756269975202,0,0,000000000099cc50,00000000009cd190,00000000,00000000,00000000
observe,994,00000000,994,00000000,993,40537622,40537625,6756270265192,0,0,000000000099cc50,00000000009cd190,00000000,00000000,00000000
observe,995,00000000,995,00000000,994,40537625,40537626,6756270643002,0,0,000000000099cc50,00000000009cd190,00000000,00000000,00000000
observe,996,00000000,996,00000000,995,40537627,40537629,6756270972065,0,0,000000000099cc50,00000000009cd190,00000000,00000000,00000000
observe,997,00000000,997,00000000,996,40537629,40537630,6756271310247,0,0,000000000099cc50,00000000009cd190,00000000,00000000,00000000
observe,998,00000000,998,00000000,997,40537631,40537633,6756271638321,0,0,000000000099cc50,00000000009cd190,00000000,00000000,00000000
observe,999,00000000,999,00000000,998,40537633,40537634,6756271987199,0,0,000000000099cc50,00000000009cd190,00000000,00000000,00000000
observe,1000,00000000,1000,00000000,999,40537634,40537636,6756272276646,0,0,000000000099cc50,00000000009cd190,00000000,00000000,00000000
observe,1001,00000000,1001,00000000,1000,40537637,40537638,6756272640518,0,0,000000000099cc50,00000000009cd190,00000000,00000000,00000000
observe,1002,00000000,1002,00000000,1001,40537638,40537641,6756272946343,0,0,000000000099cc50,00000000009cd190,00000000,00000000,00000000
observe,1003,00000000,1003,00000000,1002,40537641,40537643,6756273308469,0,0,000000000099cc50,00000000009cd190,00000000,00000000,00000000
observe,1004,00000000,1004,00000000,1003,40537643,40537645,6756273662951,0,0,000000000099cc50,00000000009cd190,00000000,00000000,00000000
observe,1005,00000000,1005,00000000,1004,40537645,40537646,6756273997722,0,0,000000000099cc50,00000000009cd190,00000000,00000000,00000000
observe,1006,00000000,1006,00000000,1005,40537646,40537648,6756274231401,0,0,000000000099cc50,00000000009cd190,00000000,00000000,00000000
observe,1007,00000000,1007,00000000,1006,40537648,40537650,6756274621670,0,0,000000000099cc50,00000000009cd190,00000000,00000000,00000000
observe,1008,00000000,1008,00000000,1007,40537651,40537652,6756274957036,0,0,000000000099cc50,00000000009cd190,00000000,00000000,00000000
observe,1009,00000000,1009,00000000,1008,40537652,40537654,6756275238175,0,0,000000000099cc50,00000000009cd190,00000000,00000000,00000000
observe,1010,00000000,1010,00000000,1009,40537655,40537656,6756275626297,0,0,000000000099cc50,00000000009cd190,00000000,00000000,00000000
observe,1011,00000000,1011,00000000,1010,40537656,40537658,6756275954602,0,0,000000000099cc50,00000000009cd190,00000000,00000000,00000000
observe,1012,00000000,1012,00000000,1011,40537658,40537661,6756276287375,0,0,000000000099cc50,00000000009cd190,00000000,00000000,00000000
observe,1013,00000000,1013,00000000,1012,40537661,40537662,6756276677414,0,0,000000000099cc50,00000000009cd190,00000000,00000000,00000000
observe,1014,00000000,1014,00000000,1013,40537663,40537665,6756276961018,0,0,000000000099cc50,00000000009cd190,00000000,00000000,00000000
observe,1015,00000000,1015,00000000,1014,40537665,40537666,6756277312325,0,0,000000000099cc50,00000000009cd190,00000000,00000000,00000000
observe,1016,00000000,1016,00000000,1015,40537667,40537668,6756277638605,0,0,000000000099cc50,00000000009cd190,00000000,00000000,00000000
observe,1017,00000000,1017,00000000,1016,40537668,40537671,6756277943881,0,0,000000000099cc50,00000000009cd190,00000000,00000000,00000000
observe,1018,00000000,1018,00000000,1017,40537671,40537672,6756278312985,0,0,000000000099cc50,00000000009cd190,00000000,00000000,00000000
observe,1019,00000000,1019,00000000,1018,40537673,40537674,6756278622540,0,0,000000000099cc50,00000000009cd190,00000000,00000000,00000000
observe,1020,00000000,1020,00000000,1019,40537674,40537676,6756278907997,0,0,000000000099cc50,00000000009cd190,00000000,00000000,00000000
observe,1021,00000000,1021,00000000,1020,40537676,40537678,6756279282820,0,0,000000000099cc50,00000000009cd190,00000000,00000000,00000000
observe,1022,00000000,1022,00000000,1021,40537678,40537680,6756279583785,0,0,000000000099cc50,00000000009cd190,00000000,00000000,00000000
observe,1023,00000000,1023,00000000,1022,40537681,40537682,6756279994809,0,0,000000000099cc50,00000000009cd190,00000000,00000000,00000000
observe,1024,00000000,1024,00000000,1023,40537682,40537685,6756280278108,0,0,000000000099cc50,00000000009cd190,00000000,00000000,00000000
observe,1025,00000000,1025,00000000,1024,40537685,40537687,6756280663596,0,0,000000000099cc50,00000000009cd190,00000000,00000000,00000000
observe,1026,00000000,1026,00000000,1025,40537687,40537688,6756280990829,0,0,000000000099cc50,00000000009cd190,00000000,00000000,00000000
observe,1027,00000000,1027,00000000,1026,40537688,40537690,6756281279400,0,0,000000000099cc50,00000000009cd190,00000000,00000000,00000000
observe,1028,00000000,1028,00000000,1027,40537691,40537692,6756281625348,0,0,000000000099cc50,00000000009cd190,00000000,00000000,00000000
observe,1029,00000000,1029,00000000,1028,40537693,40537694,6756281960072,0,0,000000000099cc50,00000000009cd190,00000000,00000000,00000000
observe,1030,00000000,1030,00000000,1029,40537694,40537696,6756282262466,0,0,000000000099cc50,00000000009cd190,00000000,00000000,00000000
observe,1031,00000000,1031,00000000,1030,40537697,40537699,6756282634702,0,0,000000000099cc50,00000000009cd190,00000000,00000000,00000000
observe,1032,00000000,1032,00000000,1031,40537699,40537701,6756283003690,0,0,000000000099cc50,00000000009cd190,00000000,00000000,00000000
observe,1033,00000000,1033,00000000,1032,40537701,40537702,6756283339585,0,0,000000000099cc50,00000000009cd190,00000000,00000000,00000000
observe,1034,00000000,1034,00000000,1033,40537702,40537704,6756283601087,0,0,000000000099cc50,00000000009cd190,00000000,00000000,00000000
observe,1035,00000000,1035,00000000,1034,40537704,40537706,6756283922856,0,0,000000000099cc50,00000000009cd190,00000000,00000000,00000000
observe,1036,00000000,1036,00000000,1035,40537706,40537709,6756284285212,0,0,000000000099cc50,00000000009cd190,00000000,00000000,00000000
observe,1037,00000000,1037,00000000,1036,40537709,40537710,6756284687016,0,0,000000000099cc50,00000000009cd190,00000000,00000000,00000000
observe,1038,00000000,1038,00000000,1037,40537710,40537713,6756284915974,0,0,000000000099cc50,00000000009cd190,00000000,00000000,00000000
observe,1039,00000000,1039,00000000,1038,40537713,40537714,6756285340787,0,0,000000000099cc50,00000000009cd190,00000000,00000000,00000000
observe,1040,00000000,1040,00000000,1039,40537714,40537717,6756285582630,0,0,000000000099cc50,00000000009cd190,00000000,00000000,00000000
observe,1041,00000000,1041,00000000,1040,40537717,40537718,6756286027452,0,0,000000000099cc50,00000000009cd190,00000000,00000000,00000000
observe,1042,00000000,1042,00000000,1041,40537719,40537720,6756286335590,0,0,000000000099cc50,00000000009cd190,00000000,00000000,00000000
observe,1043,00000000,1043,00000000,1042,40537721,40537722,6756286623304,0,0,000000000099cc50,00000000009cd190,00000000,00000000,00000000
observe,1044,00000000,1044,00000000,1043,40537723,40537724,6756286964601,0,0,000000000099cc50,00000000009cd190,00000000,00000000,00000000
observe,1045,00000000,1045,00000000,1044,40537724,40537727,6756287265170,0,0,000000000099cc50,00000000009cd190,00000000,00000000,00000000
observe,1046,00000000,1046,00000000,1045,40537727,40537728,6756287685767,0,0,000000000099cc50,00000000009cd190,00000000,00000000,00000000
observe,1047,00000000,1047,00000000,1046,40537729,40537730,6756287995001,0,0,000000000099cc50,00000000009cd190,00000000,00000000,00000000
observe,1048,00000000,1048,00000000,1047,40537730,40537733,6756288265330,0,0,000000000099cc50,00000000009cd190,00000000,00000000,00000000
observe,1049,00000000,1049,00000000,1048,40537733,40537735,6756288670136,0,0,000000000099cc50,00000000009cd190,00000000,00000000,00000000
observe,1050,00000000,1050,00000000,1049,40537735,40537736,6756289016545,0,0,000000000099cc50,00000000009cd190,00000000,00000000,00000000
observe,1051,00000000,1051,00000000,1050,40537736,40537739,6756289267237,0,0,000000000099cc50,00000000009cd190,00000000,00000000,00000000
observe,1052,00000000,1052,00000000,1051,40537739,40537740,6756289653397,0,0,000000000099cc50,00000000009cd190,00000000,00000000,00000000
observe,1053,00000000,1053,00000000,1052,40537740,40537742,6756289913602,0,0,000000000099cc50,00000000009cd190,00000000,00000000,00000000
observe,1054,00000000,1054,00000000,1053,40537742,40537744,6756290238172,0,0,000000000099cc50,00000000009cd190,00000000,00000000,00000000
observe,1055,00000000,1055,00000000,1054,40537745,40537746,6756290632130,0,0,000000000099cc50,00000000009cd190,00000000,00000000,00000000
observe,1056,00000000,1056,00000000,1055,40537747,40537748,6756290966930,0,0,000000000099cc50,00000000009cd190,00000000,00000000,00000000
observe,1057,00000000,1057,00000000,1056,40537749,40537750,6756291314471,0,0,000000000099cc50,00000000009cd190,00000000,00000000,00000000
observe,1058,00000000,1058,00000000,1057,40537750,40537752,6756291619526,0,0,000000000099cc50,00000000009cd190,00000000,00000000,00000000
observe,1059,00000000,1059,00000000,1058,40537752,40537755,6756291946242,0,0,000000000099cc50,00000000009cd190,00000000,00000000,00000000
observe,1060,00000000,1060,00000000,1059,40537755,40537756,6756292337812,0,0,000000000099cc50,00000000009cd190,00000000,00000000,00000000
observe,1061,00000000,1061,00000000,1060,40537756,40537759,6756292620003,0,0,000000000099cc50,00000000009cd190,00000000,00000000,00000000
observe,1062,00000000,1062,00000000,1061,40537759,40537760,6756293004940,0,0,000000000099cc50,00000000009cd190,00000000,00000000,00000000
observe,1063,00000000,1063,00000000,1062,40537760,40537763,6756293257330,0,0,000000000099cc50,00000000009cd190,00000000,00000000,00000000
observe,1064,00000000,1064,00000000,1063,40537763,40537764,6756293669627,0,0,000000000099cc50,00000000009cd190,00000000,00000000,00000000
observe,1065,00000000,1065,00000000,1064,40537765,40537766,6756293982599,0,0,000000000099cc50,00000000009cd190,00000000,00000000,00000000
observe,1066,00000000,1066,00000000,1065,40537766,40537768,6756294282987,0,0,000000000099cc50,00000000009cd190,00000000,00000000,00000000
observe,1067,00000000,1067,00000000,1066,40537768,40537771,6756294583665,0,0,000000000099cc50,00000000009cd190,00000000,00000000,00000000
observe,1068,00000000,1068,00000000,1067,40537771,40537772,6756295016240,0,0,000000000099cc50,00000000009cd190,00000000,00000000,00000000
observe,1069,00000000,1069,00000000,1068,40537773,40537774,6756295296806,0,0,000000000099cc50,00000000009cd190,00000000,00000000,00000000
observe,1070,00000000,1070,00000000,1069,40537774,40537777,6756295584286,0,0,000000000099cc50,00000000009cd190,00000000,00000000,00000000
observe,1071,00000000,1071,00000000,1070,40537777,40537779,6756296003910,0,0,000000000099cc50,00000000009cd190,00000000,00000000,00000000
observe,1072,00000000,1072,00000000,1071,40537779,40537781,6756296338629,0,0,000000000099cc50,00000000009cd190,00000000,00000000,00000000
observe,1073,00000000,1073,00000000,1072,40537781,40537783,6756296657040,0,0,000000000099cc50,00000000009cd190,00000000,00000000,00000000
observe,1074,00000000,1074,00000000,1073,40537783,40537784,6756296982829,0,0,000000000099cc50,00000000009cd190,00000000,00000000,00000000
observe,1075,00000000,1075,00000000,1074,40537785,40537786,6756297307439,0,0,000000000099cc50,00000000009cd190,00000000,00000000,00000000
observe,1076,00000000,1076,00000000,1075,40537786,40537788,6756297617651,0,0,000000000099cc50,00000000009cd190,00000000,00000000,00000000
observe,1077,00000000,1077,00000000,1076,40537789,40537790,6756297959980,0,0,000000000099cc50,00000000009cd190,00000000,00000000,00000000
observe,1078,00000000,1078,00000000,1077,40537790,40537793,6756298287569,0,0,000000000099cc50,00000000009cd190,00000000,00000000,00000000
observe,1079,00000000,1079,00000000,1078,40537793,40537795,6756298647589,0,0,000000000099cc50,00000000009cd190,00000000,00000000,00000000
observe,1080,00000000,1080,00000000,1079,40537795,40537796,6756298975297,0,0,000000000099cc50,00000000009cd190,00000000,00000000,00000000
observe,1081,00000000,1081,00000000,1080,40537796,40537798,6756299268948,0,0,000000000099cc50,00000000009cd190,00000000,00000000,00000000
observe,1082,00000000,1082,00000000,1081,40537798,40537800,6756299589786,0,0,000000000099cc50,00000000009cd190,00000000,00000000,00000000
observe,1083,00000000,1083,00000000,1082,40537801,40537803,6756299963477,0,0,000000000099cc50,00000000009cd190,00000000,00000000,00000000
observe,1084,00000000,1084,00000000,1083,40537803,40537804,6756300301182,0,0,000000000099cc50,00000000009cd190,00000000,00000000,00000000
observe,1085,00000000,1085,00000000,1084,40537804,40537807,6756300595410,0,0,000000000099cc50,00000000009cd190,00000000,00000000,00000000
observe,1086,00000000,1086,00000000,1085,40537807,40537809,6756300993821,0,0,000000000099cc50,00000000009cd190,00000000,00000000,00000000
observe,1087,00000000,1087,00000000,1086,40537809,40537811,6756301349225,0,0,000000000099cc50,00000000009cd190,00000000,00000000,00000000
observe,1088,00000000,1088,00000000,1087,40537811,40537813,6756301666060,0,0,000000000099cc50,00000000009cd190,00000000,00000000,00000000
observe,1089,00000000,1089,00000000,1088,40537813,40537814,6756301988752,0,0,000000000099cc50,00000000009cd190,00000000,00000000,00000000
observe,1090,00000000,1090,00000000,1089,40537814,40537816,6756302277963,0,0,000000000099cc50,00000000009cd190,00000000,00000000,00000000
observe,1091,00000000,1091,00000000,1090,40537816,40537819,6756302612473,0,0,000000000099cc50,00000000009cd190,00000000,00000000,00000000
observe,1092,00000000,1092,00000000,1091,40537819,40537821,6756302992369,0,0,000000000099cc50,00000000009cd190,00000000,00000000,00000000
observe,1093,00000000,1093,00000000,1092,40537821,40537822,6756303338878,0,0,000000000099cc50,00000000009cd190,00000000,00000000,00000000
observe,1094,00000000,1094,00000000,1093,40537822,40537824,6756303620209,0,0,000000000099cc50,00000000009cd190,00000000,00000000,00000000
observe,1095,00000000,1095,00000000,1094,40537825,40537827,6756303959759,0,0,000000000099cc50,00000000009cd190,00000000,00000000,00000000
observe,1096,00000000,1096,00000000,1095,40537827,40537828,6756304323242,0,0,000000000099cc50,00000000009cd190,00000000,00000000,00000000
observe,1097,00000000,1097,00000000,1096,40537829,40537830,6756304624102,0,0,000000000099cc50,00000000009cd190,00000000,00000000,00000000
observe,1098,00000000,1098,00000000,1097,40537831,40537832,6756304981390,0,0,000000000099cc50,00000000009cd190,00000000,00000000,00000000
observe,1099,00000000,1099,00000000,1098,40537832,40537835,6756305267679,0,0,000000000099cc50,00000000009cd190,00000000,00000000,00000000
observe,1100,00000000,1100,00000000,1099,40537835,40537837,6756305665876,0,0,000000000099cc50,00000000009cd190,00000000,00000000,00000000
observe,1101,00000000,1101,00000000,1100,40537837,40537838,6756305997368,0,0,000000000099cc50,00000000009cd190,00000000,00000000,00000000
observe,1102,00000000,1102,00000000,1101,40537839,40537840,6756306299693,0,0,000000000099cc50,00000000009cd190,00000000,00000000,00000000
observe,1103,00000000,1103,00000000,1102,40537840,40537842,6756306554496,0,0,000000000099cc50,00000000009cd190,00000000,00000000,00000000
observe,1104,00000000,1104,00000000,1103,40537842,40537845,6756306931942,0,0,000000000099cc50,00000000009cd190,00000000,00000000,00000000
observe,1105,00000000,1105,00000000,1104,40537845,40537847,6756307308705,0,0,000000000099cc50,00000000009cd190,00000000,00000000,00000000
observe,1106,00000000,1106,00000000,1105,40537847,40537848,6756307646666,0,0,000000000099cc50,00000000009cd190,00000000,00000000,00000000
observe,1107,00000000,1107,00000000,1106,40537848,40537851,6756307932760,0,0,000000000099cc50,00000000009cd190,00000000,00000000,00000000
observe,1108,00000000,1108,00000000,1107,40537851,40537852,6756308307238,0,0,000000000099cc50,00000000009cd190,00000000,00000000,00000000
observe,1109,00000000,1109,00000000,1108,40537852,40537855,6756308595440,0,0,000000000099cc50,00000000009cd190,00000000,00000000,00000000
observe,1110,00000000,1110,00000000,1109,40537855,40537856,6756309004931,0,0,000000000099cc50,00000000009cd190,00000000,00000000,00000000
observe,1111,00000000,1111,00000000,1110,40537856,40537858,6756309256962,0,0,000000000099cc50,00000000009cd190,00000000,00000000,00000000
observe,1112,00000000,1112,00000000,1111,40537859,40537860,6756309626509,0,0,000000000099cc50,00000000009cd190,00000000,00000000,00000000
observe,1113,00000000,1113,00000000,1112,40537860,40537863,6756309936662,0,0,000000000099cc50,00000000009cd190,00000000,00000000,00000000
observe,1114,00000000,1114,00000000,1113,40537863,40537864,6756310334940,0,0,000000000099cc50,00000000009cd190,00000000,00000000,00000000
observe,1115,00000000,1115,00000000,1114,40537865,40537867,6756310630160,0,0,000000000099cc50,00000000009cd190,00000000,00000000,00000000
observe,1116,00000000,1116,00000000,1115,40537867,40537868,6756310972702,0,0,000000000099cc50,00000000009cd190,00000000,00000000,00000000
observe,1117,00000000,1117,00000000,1116,40537869,40537871,6756311293847,0,0,000000000099cc50,00000000009cd190,00000000,00000000,00000000
observe,1118,00000000,1118,00000000,1117,40537871,40537876,6756311704086,0,0,000000000099cc50,00000000009cd190,00000000,00000000,00000000
observe,1119,00000000,1119,00000000,1117,40537871,40537876,6756311704086,0,0,000000000099cc50,00000000009cd190,00000000,00000000,00000000
observe,1120,00000000,1120,00000000,1118,40537876,40537876,6756312557322,0,0,000000000099cc50,00000000009cd190,00000000,00000000,00000000
observe,1121,00000000,1121,00000000,1120,40537877,40537878,6756312654172,0,0,000000000099cc50,00000000009cd190,00000000,00000000,00000000
observe,1122,00000000,1122,00000000,1121,40537879,40537880,6756312961135,0,0,000000000099cc50,00000000009cd190,00000000,00000000,00000000
observe,1123,00000000,1123,00000000,1122,40537881,40537882,6756313294702,0,0,000000000099cc50,00000000009cd190,00000000,00000000,00000000
observe,1124,00000000,1124,00000000,1123,40537883,40537884,6756313628778,0,0,000000000099cc50,00000000009cd190,00000000,00000000,00000000
observe,1125,00000000,1125,00000000,1124,40537885,40537886,6756313962837,0,0,000000000099cc50,00000000009cd190,00000000,00000000,00000000
observe,1126,00000000,1126,00000000,1125,40537887,40537889,6756314297296,0,0,000000000099cc50,00000000009cd190,00000000,00000000,00000000
observe,1127,00000000,1127,00000000,1126,40537889,40537890,6756314632859,0,0,000000000099cc50,00000000009cd190,00000000,00000000,00000000
observe,1128,00000000,1128,00000000,1127,40537890,40537892,6756314931888,0,0,000000000099cc50,00000000009cd190,00000000,00000000,00000000
observe,1129,00000000,1129,00000000,1128,40537893,40537894,6756315296287,0,0,000000000099cc50,00000000009cd190,00000000,00000000,00000000
observe,1130,00000000,1130,00000000,1129,40537895,40537896,6756315631284,0,0,000000000099cc50,00000000009cd190,00000000,00000000,00000000
observe,1131,00000000,1131,00000000,1130,40537897,40537899,6756315961634,0,0,000000000099cc50,00000000009cd190,00000000,00000000,00000000
observe,1132,00000000,1132,00000000,1131,40537899,40537900,6756316302370,0,0,000000000099cc50,00000000009cd190,00000000,00000000,00000000
observe,1133,00000000,1133,00000000,1132,40537901,40537902,6756316627160,0,0,000000000099cc50,00000000009cd190,00000000,00000000,00000000
observe,1134,00000000,1134,00000000,1133,40537902,40537904,6756316921547,0,0,000000000099cc50,00000000009cd190,00000000,00000000,00000000
observe,1135,00000000,1135,00000000,1134,40537905,40537906,6756317294567,0,0,000000000099cc50,00000000009cd190,00000000,00000000,00000000
observe,1136,00000000,1136,00000000,1135,40537907,40537908,6756317628529,0,0,000000000099cc50,00000000009cd190,00000000,00000000,00000000
observe,1137,00000000,1137,00000000,1136,40537908,40537910,6756317921016,0,0,000000000099cc50,00000000009cd190,00000000,00000000,00000000
observe,1138,00000000,1138,00000000,1137,40537910,40537912,6756318275177,0,0,000000000099cc50,00000000009cd190,00000000,00000000,00000000
observe,1139,00000000,1139,00000000,1138,40537912,40537914,6756318564517,0,0,000000000099cc50,00000000009cd190,00000000,00000000,00000000
observe,1140,00000000,1140,00000000,1139,40537914,40537916,6756318939826,0,0,000000000099cc50,00000000009cd190,00000000,00000000,00000000
observe,1141,00000000,1141,00000000,1140,40537916,40537918,6756319254025,0,0,000000000099cc50,00000000009cd190,00000000,00000000,00000000
observe,1142,00000000,1142,00000000,1141,40537919,40537920,6756319627249,0,0,000000000099cc50,00000000009cd190,00000000,00000000,00000000
observe,1143,00000000,1143,00000000,1142,40537920,40537922,6756319920645,0,0,000000000099cc50,00000000009cd190,00000000,00000000,00000000
observe,1144,00000000,1144,00000000,1143,40537922,40537924,6756320275225,0,0,000000000099cc50,00000000009cd190,00000000,00000000,00000000
observe,1145,00000000,1145,00000000,1144,40537925,40537926,6756320629086,0,0,000000000099cc50,00000000009cd190,00000000,00000000,00000000
observe,1146,00000000,1146,00000000,1145,40537926,40537928,6756320920404,0,0,000000000099cc50,00000000009cd190,00000000,00000000,00000000
observe,1147,00000000,1147,00000000,1146,40537928,40537930,6756321254420,0,0,000000000099cc50,00000000009cd190,00000000,00000000,00000000
observe,1148,00000000,1148,00000000,1147,40537931,40537932,6756321623569,0,0,000000000099cc50,00000000009cd190,00000000,00000000,00000000
observe,1149,00000000,1149,00000000,1148,40537932,40537934,6756321920650,0,0,000000000099cc50,00000000009cd190,00000000,00000000,00000000
observe,1150,00000000,1150,00000000,1149,40537935,40537936,6756322295166,0,0,000000000099cc50,00000000009cd190,00000000,00000000,00000000
observe,1151,00000000,1151,00000000,1150,40537936,40537938,6756322587412,0,0,000000000099cc50,00000000009cd190,00000000,00000000,00000000
observe,1152,00000000,1152,00000000,1151,40537939,40537940,6756322961754,0,0,000000000099cc50,00000000009cd190,00000000,00000000,00000000
observe,1153,00000000,1153,00000000,1152,40537940,40537942,6756323254020,0,0,000000000099cc50,00000000009cd190,00000000,00000000,00000000
observe,1154,00000000,1154,00000000,1153,40537943,40537944,6756323628421,0,0,000000000099cc50,00000000009cd190,00000000,00000000,00000000
observe,1155,00000000,1155,00000000,1154,40537944,40537946,6756323920774,0,0,000000000099cc50,00000000009cd190,00000000,00000000,00000000
observe,1156,00000000,1156,00000000,1155,40537946,40537948,6756324287300,0,0,000000000099cc50,00000000009cd190,00000000,00000000,00000000
observe,1157,00000000,1157,00000000,1156,40537948,40537950,6756324584175,0,0,000000000099cc50,00000000009cd190,00000000,00000000,00000000
observe,1158,00000000,1158,00000000,1157,40537950,40537952,6756324921205,0,0,000000000099cc50,00000000009cd190,00000000,00000000,00000000
observe,1159,00000000,1159,00000000,1158,40537952,40537954,6756325255362,0,0,000000000099cc50,00000000009cd190,00000000,00000000,00000000
observe,1160,00000000,1160,00000000,1159,40537955,40537956,6756325630807,0,0,000000000099cc50,00000000009cd190,00000000,00000000,00000000
observe,1161,00000000,1161,00000000,1160,40537956,40537958,6756325920788,0,0,000000000099cc50,00000000009cd190,00000000,00000000,00000000
observe,1162,00000000,1162,00000000,1161,40537958,40537960,6756326254796,0,0,000000000099cc50,00000000009cd190,00000000,00000000,00000000
observe,1163,00000000,1163,00000000,1162,40537960,40537962,6756326586168,0,0,000000000099cc50,00000000009cd190,00000000,00000000,00000000
observe,1164,00000000,1164,00000000,1163,40537962,40537964,6756326918462,0,0,000000000099cc50,00000000009cd190,00000000,00000000,00000000
observe,1165,00000000,1165,00000000,1164,40537965,40537966,6756327291706,0,0,000000000099cc50,00000000009cd190,00000000,00000000,00000000
observe,1166,00000000,1166,00000000,1165,40537967,40537968,6756327625439,0,0,000000000099cc50,00000000009cd190,00000000,00000000,00000000
observe,1167,00000000,1167,00000000,1166,40537968,40537970,6756327918706,0,0,000000000099cc50,00000000009cd190,00000000,00000000,00000000
observe,1168,00000000,1168,00000000,1167,40537970,40537972,6756328252162,0,0,000000000099cc50,00000000009cd190,00000000,00000000,00000000
observe,1169,00000000,1169,00000000,1168,40537972,40537974,6756328619786,0,0,000000000099cc50,00000000009cd190,00000000,00000000,00000000
observe,1170,00000000,1170,00000000,1169,40537975,40537976,6756328962555,0,0,000000000099cc50,00000000009cd190,00000000,00000000,00000000
observe,1171,00000000,1171,00000000,1170,40537977,40537978,6756329295916,0,0,000000000099cc50,00000000009cd190,00000000,00000000,00000000
observe,1172,00000000,1172,00000000,1171,40537978,40537980,6756329585125,0,0,000000000099cc50,00000000009cd190,00000000,00000000,00000000
observe,1173,00000000,1173,00000000,1172,40537980,40537982,6756329938407,0,0,000000000099cc50,00000000009cd190,00000000,00000000,00000000
observe,1174,00000000,1174,00000000,1173,40537982,40537984,6756330251810,0,0,000000000099cc50,00000000009cd190,00000000,00000000,00000000
observe,1175,00000000,1175,00000000,1174,40537984,40537986,6756330585220,0,0,000000000099cc50,00000000009cd190,00000000,00000000,00000000
observe,1176,00000000,1176,00000000,1175,40537986,40537988,6756330918837,0,0,000000000099cc50,00000000009cd190,00000000,00000000,00000000
observe,1177,00000000,1177,00000000,1176,40537988,40538009,6756331254403,0,0,000000000099cc50,00000000009cd190,00000000,00000000,00000000
observe,1178,00000000,1178,00000000,1177,40538009,40538009,6756334694941,0,0,000000000099cc50,00000000009cd190,00000000,00000000,00000000
observe,1179,00000000,1179,00000000,1178,40538009,40538009,6756334722010,0,0,000000000099cc50,00000000009cd190,00000000,00000000,00000000
observe,1180,00000000,1180,00000000,1178,40538009,40538010,6756334722010,0,0,000000000099cc50,00000000009cd190,00000000,00000000,00000000
observe,1181,00000000,1181,00000000,1179,40538010,40538011,6756334820991,0,0,000000000099cc50,00000000009cd190,00000000,00000000,00000000
observe,1182,00000000,1182,00000000,1180,40538011,40538012,6756334986944,0,0,000000000099cc50,00000000009cd190,00000000,00000000,00000000
observe,1183,00000000,1183,00000000,1181,40538012,40538013,6756335151885,0,0,000000000099cc50,00000000009cd190,00000000,00000000,00000000
observe,1184,00000000,1184,00000000,1183,40538014,40538014,6756335485835,0,0,000000000099cc50,00000000009cd190,00000000,00000000,00000000
observe,1185,00000000,1185,00000000,1183,40538014,40538015,6756335485835,0,0,000000000099cc50,00000000009cd190,00000000,00000000,00000000
observe,1186,00000000,1186,00000000,1185,40538016,40538016,6756335819895,0,0,000000000099cc50,00000000009cd190,00000000,00000000,00000000
observe,1187,00000000,1187,00000000,1185,40538016,40538017,6756335819895,0,0,000000000099cc50,00000000009cd190,00000000,00000000,00000000
observe,1188,00000000,1188,00000000,1186,40538017,40538018,6756335986959,0,0,000000000099cc50,00000000009cd190,00000000,00000000,00000000
observe,1189,00000000,1189,00000000,1188,40538037,40538037,6756339420004,0,0,000000000099cc50,00000000009cd190,00000000,00000000,00000000
observe,1190,00000000,1190,00000000,1189,40538037,40538037,6756339437095,0,0,000000000099cc50,00000000009cd190,00000000,00000000,00000000
observe,1191,00000000,1191,00000000,1189,40538037,40538038,6756339437095,0,0,000000000099cc50,00000000009cd190,00000000,00000000,00000000
observe,1192,00000000,1192,00000000,1190,40538038,40538039,6756339486453,0,0,000000000099cc50,00000000009cd190,00000000,00000000,00000000
observe,1193,00000000,1193,00000000,1191,40538039,40538040,6756339652882,0,0,000000000099cc50,00000000009cd190,00000000,00000000,00000000
observe,1194,00000000,1194,00000000,1192,40538040,40538041,6756339818842,0,0,000000000099cc50,00000000009cd190,00000000,00000000,00000000
observe,1195,00000000,1195,00000000,1194,40538065,40538065,6756344035929,0,0,000000000099cc50,00000000009cd190,00000000,00000000,00000000
observe,1196,00000000,1196,00000000,1194,40538065,40538065,6756344035929,0,0,000000000099cc50,00000000009cd190,00000000,00000000,00000000
observe,1197,00000000,1197,00000000,1196,40538084,40538084,6756347273716,0,0,000000000099cc50,00000000009cd190,00000000,00000000,00000000
observe,1198,00000000,1198,00000000,1197,40538085,40538085,6756347339893,0,0,000000000099cc50,00000000009cd190,00000000,00000000,00000000
observe,1199,00000000,1199,00000000,1198,40538085,40538085,6756347386557,0,0,000000000099cc50,00000000009cd190,00000000,00000000,00000000
observe,1200,00000000,1200,00000000,1198,40538085,40538086,6756347386557,0,0,000000000099cc50,00000000009cd190,00000000,00000000,00000000
observe,1201,00000000,1201,00000000,1200,40538104,40538104,6756350590170,0,0,000000000099cc50,00000000009cd190,00000000,00000000,00000000
observe,1202,00000000,1202,00000000,1200,40538104,40538105,6756350590170,0,0,000000000099cc50,00000000009cd190,00000000,00000000,00000000
observe,1203,00000000,1203,00000000,1201,40538105,40538105,6756350650584,0,0,000000000099cc50,00000000009cd190,00000000,00000000,00000000
observe,1204,00000000,1204,00000000,1202,40538105,40538106,6756350755867,0,0,000000000099cc50,00000000009cd190,00000000,00000000,00000000
observe,1205,00000000,1205,00000000,1204,40538107,40538107,6756351001512,0,0,000000000099cc50,00000000009cd190,00000000,00000000,00000000
observe,1206,00000000,1206,00000000,1205,40538126,40538126,6756354268506,0,0,000000000099cc50,00000000009cd190,00000000,00000000,00000000
observe,1207,00000000,1207,00000000,1206,40538127,40538127,6756354327605,0,0,000000000099cc50,00000000009cd190,00000000,00000000,00000000
observe,1208,00000000,1208,00000000,1207,40538127,40538127,6756354340398,0,0,000000000099cc50,00000000009cd190,00000000,00000000,00000000
observe,1209,00000000,1209,00000000,1208,40538146,40538146,6756357606431,0,0,000000000099cc50,00000000009cd190,00000000,00000000,00000000
observe,1210,00000000,1210,00000000,1208,40538146,40538146,6756357606431,0,0,000000000099cc50,00000000009cd190,00000000,00000000,00000000
observe,1211,00000000,1211,00000000,1209,40538147,40538147,6756357621823,0,0,000000000099cc50,00000000009cd190,00000000,00000000,00000000
observe,1212,00000000,1212,00000000,1210,40538147,40538148,6756357653987,0,0,000000000099cc50,00000000009cd190,00000000,00000000,00000000
observe,1213,00000000,1213,00000000,1211,40538148,40538149,6756357822282,0,0,000000000099cc50,00000000009cd190,00000000,00000000,00000000
observe,1214,00000000,1214,00000000,1213,40538150,40538150,6756358155730,0,0,000000000099cc50,00000000009cd190,00000000,00000000,00000000
observe,1215,00000000,1215,00000000,1213,40538150,40538151,6756358155730,0,0,000000000099cc50,00000000009cd190,00000000,00000000,00000000
observe,1216,00000000,1216,00000000,1215,40538152,40538152,6756358499314,0,0,000000000099cc50,00000000009cd190,00000000,00000000,00000000
observe,1217,00000000,1217,00000000,1215,40538152,40538153,6756358499314,0,0,000000000099cc50,00000000009cd190,00000000,00000000,00000000
observe,1218,00000000,1218,00000000,1217,40538154,40538154,6756358821460,0,0,000000000099cc50,00000000009cd190,00000000,00000000,00000000
observe,1219,00000000,1219,00000000,1218,40538155,40538155,6756358988102,0,0,000000000099cc50,00000000009cd190,00000000,00000000,00000000
observe,1220,00000000,1220,00000000,1219,40538156,40538156,6756359155191,0,0,000000000099cc50,00000000009cd190,00000000,00000000,00000000
observe,1221,00000000,1221,00000000,1219,40538156,40538157,6756359155191,0,0,000000000099cc50,00000000009cd190,00000000,00000000,00000000
observe,1222,00000000,1222,00000000,1220,40538157,40538158,6756359321075,0,0,000000000099cc50,00000000009cd190,00000000,00000000,00000000
observe,1223,00000000,1223,00000000,1222,40538159,40538159,6756359654900,0,0,000000000099cc50,00000000009cd190,00000000,00000000,00000000
observe,1224,00000000,1224,00000000,1223,40538160,40538160,6756359821166,0,0,000000000099cc50,00000000009cd190,00000000,00000000,00000000
observe,1225,00000000,1225,00000000,1223,40538160,40538161,6756359821166,0,0,000000000099cc50,00000000009cd190,00000000,00000000,00000000
observe,1226,00000000,1226,00000000,1225,40538162,40538162,6756360155055,0,0,000000000099cc50,00000000009cd190,00000000,00000000,00000000
observe,1227,00000000,1227,00000000,1225,40538162,40538163,6756360155055,0,0,000000000099cc50,00000000009cd190,00000000,00000000,00000000
observe,1228,00000000,1228,00000000,1226,40538163,40538164,6756360320721,0,0,000000000099cc50,00000000009cd190,00000000,00000000,00000000
observe,1229,00000000,1229,00000000,1228,40538165,40538165,6756360654878,0,0,000000000099cc50,00000000009cd190,00000000,00000000,00000000
observe,1230,00000000,1230,00000000,1229,40538166,40538166,6756360822655,0,0,000000000099cc50,00000000009cd190,00000000,00000000,00000000
observe,1231,00000000,1231,00000000,1229,40538166,40538167,6756360822655,0,0,000000000099cc50,00000000009cd190,00000000,00000000,00000000
observe,1232,00000000,1232,00000000,1231,40538168,40538168,6756361157255,0,0,000000000099cc50,00000000009cd190,00000000,00000000,00000000
observe,1233,00000000,1233,00000000,1231,40538168,40538169,6756361157255,0,0,000000000099cc50,00000000009cd190,00000000,00000000,00000000
observe,1234,00000000,1234,00000000,1232,40538169,40538170,6756361320679,0,0,000000000099cc50,00000000009cd190,00000000,00000000,00000000
observe,1235,00000000,1235,00000000,1234,40538171,40538171,6756361652992,0,0,000000000099cc50,00000000009cd190,00000000,00000000,00000000
observe,1236,00000000,1236,00000000,1234,40538171,40538172,6756361652992,0,0,000000000099cc50,00000000009cd190,00000000,00000000,00000000
observe,1237,00000000,1237,00000000,1235,40538172,40538173,6756361820032,0,0,000000000099cc50,00000000009cd190,00000000,00000000,00000000
observe,1238,00000000,1238,00000000,1237,40538174,40538174,6756362152409,0,0,000000000099cc50,00000000009cd190,00000000,00000000,00000000
observe,1239,00000000,1239,00000000,1238,40538217,40538217,6756369390879,0,0,000000000099cc50,00000000009cd190,00000000,00000000,00000000
observe,1240,00000000,1240,00000000,1238,40538217,40538217,6756369390879,0,0,000000000099cc50,00000000009cd190,00000000,00000000,00000000
observe,1241,00000000,1241,00000000,1239,40538217,40538218,6756369401792,0,0,000000000099cc50,00000000009cd190,00000000,00000000,00000000
observe,1242,00000000,1242,00000000,1240,40538218,40538219,6756369487230,0,0,000000000099cc50,00000000009cd190,00000000,00000000,00000000
observe,1243,00000000,1243,00000000,1241,40538219,40538220,6756369654495,0,0,000000000099cc50,00000000009cd190,00000000,00000000,00000000
observe,1244,00000000,1244,00000000,1242,40538220,40538221,6756369819976,0,0,000000000099cc50,00000000009cd190,00000000,00000000,00000000
observe,1245,00000000,1245,00000000,1243,40538221,40538222,6756369986978,0,0,000000000099cc50,00000000009cd190,00000000,00000000,00000000
observe,1246,00000000,1246,00000000,1244,40538222,40538223,6756370153652,0,0,000000000099cc50,00000000009cd190,00000000,00000000,00000000
observe,1247,00000000,1247,00000000,1246,40538224,40538224,6756370487458,0,0,000000000099cc50,00000000009cd190,00000000,00000000,00000000
observe,1248,00000000,1248,00000000,1246,40538224,40538225,6756370487458,0,0,000000000099cc50,00000000009cd190,00000000,00000000,00000000
observe,1249,00000000,1249,00000000,1247,40538225,40538226,6756370655285,0,0,000000000099cc50,00000000009cd190,00000000,00000000,00000000
observe,1250,00000000,1250,00000000,1249,40538227,40538227,6756370987240,0,0,000000000099cc50,00000000009cd190,00000000,00000000,00000000
observe,1251,00000000,1251,00000000,1249,40538227,40538228,6756370987240,0,0,000000000099cc50,00000000009cd190,00000000,00000000,00000000
observe,1252,00000000,1252,00000000,1250,40538228,40538229,6756371153750,0,0,000000000099cc50,00000000009cd190,00000000,00000000,00000000
observe,1253,00000000,1253,00000000,1252,40538230,40538230,6756371487501,0,0,000000000099cc50,00000000009cd190,00000000,00000000,00000000
observe,1254,00000000,1254,00000000,1252,40538230,40538231,6756371487501,0,0,000000000099cc50,00000000009cd190,00000000,00000000,00000000
observe,1255,00000000,1255,00000000,1253,40538231,40538232,6756371655007,0,0,000000000099cc50,00000000009cd190,00000000,00000000,00000000
observe,1256,00000000,1256,00000000,1254,40538232,40538233,6756371820044,0,0,000000000099cc50,00000000009cd190,00000000,00000000,00000000
observe,1257,00000000,1257,00000000,1255,40538233,40538234,6756371987236,0,0,000000000099cc50,00000000009cd190,00000000,00000000,00000000
observe,1258,00000000,1258,00000000,1256,40538234,40538235,6756372154100,0,0,000000000099cc50,00000000009cd190,00000000,00000000,00000000
observe,1259,00000000,1259,00000000,1257,40538235,40538236,6756372321152,0,0,000000000099cc50,00000000009cd190,00000000,00000000,00000000
observe,1260,00000000,1260,00000000,1258,40538236,40538237,6756372487469,0,0,000000000099cc50,00000000009cd190,00000000,00000000,00000000
observe,1261,00000000,1261,00000000,1259,40538237,40538238,6756372655398,0,0,000000000099cc50,00000000009cd190,00000000,00000000,00000000
observe,1262,00000000,1262,00000000,1260,40538238,40538239,6756372820811,0,0,000000000099cc50,00000000009cd190,00000000,00000000,00000000
observe,1263,00000000,1263,00000000,1261,40538239,40538240,6756372986641,0,0,000000000099cc50,00000000009cd190,00000000,00000000,00000000
observe,1264,00000000,1264,00000000,1262,40538240,40538241,6756373152933,0,0,000000000099cc50,00000000009cd190,00000000,00000000,00000000
observe,1265,00000000,1265,00000000,1263,40538241,40538242,6756373319356,0,0,000000000099cc50,00000000009cd190,00000000,00000000,00000000
observe,1266,00000000,1266,00000000,1264,40538242,40538243,6756373486426,0,0,000000000099cc50,00000000009cd190,00000000,00000000,00000000
observe,1267,00000000,1267,00000000,1265,40538243,40538244,6756373653817,0,0,000000000099cc50,00000000009cd190,00000000,00000000,00000000
observe,1268,00000000,1268,00000000,1266,40538244,40538245,6756373819174,0,0,000000000099cc50,00000000009cd190,00000000,00000000,00000000
observe,1269,00000000,1269,00000000,1267,40538245,40538246,6756373987355,0,0,000000000099cc50,00000000009cd190,00000000,00000000,00000000
observe,1270,00000000,1270,00000000,1268,40538246,40538247,6756374153306,0,0,000000000099cc50,00000000009cd190,00000000,00000000,00000000
observe,1271,00000000,1271,00000000,1269,40538247,40538248,6756374321400,0,0,000000000099cc50,00000000009cd190,00000000,00000000,00000000
observe,1272,00000000,1272,00000000,1270,40538248,40538249,6756374486667,0,0,000000000099cc50,00000000009cd190,00000000,00000000,00000000
observe,1273,00000000,1273,00000000,1271,40538249,40538250,6756374652605,0,0,000000000099cc50,00000000009cd190,00000000,00000000,00000000
observe,1274,00000000,1274,00000000,1272,40538250,40538251,6756374819412,0,0,000000000099cc50,00000000009cd190,00000000,00000000,00000000
observe,1275,00000000,1275,00000000,1273,40538251,40538252,6756374985937,0,0,000000000099cc50,00000000009cd190,00000000,00000000,00000000
observe,1276,00000000,1276,00000000,1274,40538252,40538253,6756375152708,0,0,000000000099cc50,00000000009cd190,00000000,00000000,00000000
observe,1277,00000000,1277,00000000,1275,40538253,40538254,6756375321280,0,0,000000000099cc50,00000000009cd190,00000000,00000000,00000000
observe,1278,00000000,1278,00000000,1276,40538254,40538255,6756375488793,0,0,000000000099cc50,00000000009cd190,00000000,00000000,00000000
observe,1279,00000000,1279,00000000,1277,40538255,40538256,6756375655322,0,0,000000000099cc50,00000000009cd190,00000000,00000000,00000000
observe,1280,00000000,1280,00000000,1279,40538257,40538257,6756375994111,0,0,000000000099cc50,00000000009cd190,00000000,00000000,00000000
observe,1281,00000000,1281,00000000,1280,40538258,40538258,6756376176388,0,0,000000000099cc50,00000000009cd190,00000000,00000000,00000000
observe,1282,00000000,1282,00000000,1281,40538259,40538259,6756376355695,0,0,000000000099cc50,00000000009cd190,00000000,00000000,00000000
observe,1283,00000000,1283,00000000,1282,40538260,40538260,6756376527453,0,0,000000000099cc50,00000000009cd190,00000000,00000000,00000000
observe,1284,00000000,1284,00000000,1283,40538261,40538261,6756376677740,0,0,000000000099cc50,00000000009cd190,00000000,00000000,00000000
observe,1285,00000000,1285,00000000,1284,40538262,40538262,6756376863832,0,0,000000000099cc50,00000000009cd190,00000000,00000000,00000000
observe,1286,00000000,1286,00000000,1285,40538263,40538263,6756377003934,0,0,000000000099cc50,00000000009cd190,00000000,00000000,00000000
observe,1287,00000000,1287,00000000,1286,40538264,40538264,6756377169449,0,0,000000000099cc50,00000000009cd190,00000000,00000000,00000000
observe,1288,00000000,1288,00000000,1287,40538265,40538265,6756377344345,0,0,000000000099cc50,00000000009cd190,00000000,00000000,00000000
observe,1289,00000000,1289,00000000,1288,40538266,40538266,6756377516839,0,0,000000000099cc50,00000000009cd190,00000000,00000000,00000000
observe,1290,00000000,1290,00000000,1289,40538267,40538267,6756377672819,0,0,000000000099cc50,00000000009cd190,00000000,00000000,00000000
observe,1291,00000000,1291,00000000,1290,40538268,40538268,6756377842142,0,0,000000000099cc50,00000000009cd190,00000000,00000000,00000000
observe,1292,00000000,1292,00000000,1291,40538269,40538269,6756378015273,0,0,000000000099cc50,00000000009cd190,00000000,00000000,00000000
observe,1293,00000000,1293,00000000,1292,40538270,40538270,6756378273184,0,0,000000000099cc50,00000000009cd190,00000000,00000000,00000000
observe,1294,00000000,1294,00000000,1292,40538270,40538271,6756378273184,0,0,000000000099cc50,00000000009cd190,00000000,00000000,00000000
observe,1295,00000000,1295,00000000,1293,40538271,40538272,6756378329059,0,0,000000000099cc50,00000000009cd190,00000000,00000000,00000000
observe,1296,00000000,1296,00000000,1295,40538273,40538273,6756378673204,0,0,000000000099cc50,00000000009cd190,00000000,00000000,00000000
observe,1297,00000000,1297,00000000,1295,40538273,40538274,6756378673204,0,0,000000000099cc50,00000000009cd190,00000000,00000000,00000000
observe,1298,00000000,1298,00000000,1297,40538275,40538275,6756379008546,0,0,000000000099cc50,00000000009cd190,00000000,00000000,00000000
observe,1299,00000000,1299,00000000,1298,40538276,40538276,6756379168442,0,0,000000000099cc50,00000000009cd190,00000000,00000000,00000000
observe,1300,00000000,1300,00000000,1299,40538277,40538277,6756379345645,0,0,000000000099cc50,00000000009cd190,00000000,00000000,00000000
observe,1301,00000000,1301,00000000,1300,40538278,40538278,6756379510498,0,0,000000000099cc50,00000000009cd190,00000000,00000000,00000000
observe,1302,00000000,1302,00000000,1301,40538279,40538279,6756379675822,0,0,000000000099cc50,00000000009cd190,00000000,00000000,00000000
observe,1303,00000000,1303,00000000,1302,40538280,40538280,6756379840853,0,0,000000000099cc50,00000000009cd190,00000000,00000000,00000000
observe,1304,00000000,1304,00000000,1303,40538281,40538281,6756380015912,0,0,000000000099cc50,00000000009cd190,00000000,00000000,00000000
observe,1305,00000000,1305,00000000,1304,40538282,40538282,6756380175446,0,0,000000000099cc50,00000000009cd190,00000000,00000000,00000000
observe,1306,00000000,1306,00000000,1305,40538283,40538283,6756380350200,0,0,000000000099cc50,00000000009cd190,00000000,00000000,00000000
observe,1307,00000000,1307,00000000,1306,40538284,40538284,6756380513715,0,0,000000000099cc50,00000000009cd190,00000000,00000000,00000000
observe,1308,00000000,1308,00000000,1307,40538285,40538285,6756380678877,0,0,000000000099cc50,00000000009cd190,00000000,00000000,00000000
observe,1309,00000000,1309,00000000,1307,40538285,40538286,6756380678877,0,0,000000000099cc50,00000000009cd190,00000000,00000000,00000000
observe,1310,00000000,1310,00000000,1309,40538287,40538287,6756381012876,0,0,000000000099cc50,00000000009cd190,00000000,00000000,00000000
observe,1311,00000000,1311,00000000,1310,40538288,40538288,6756381175684,0,0,000000000099cc50,00000000009cd190,00000000,00000000,00000000
observe,1312,00000000,1312,00000000,1311,40538289,40538289,6756381329505,0,0,000000000099cc50,00000000009cd190,00000000,00000000,00000000
observe,1313,00000000,1313,00000000,1312,40538290,40538290,6756381505989,0,0,000000000099cc50,00000000009cd190,00000000,00000000,00000000
observe,1314,00000000,1314,00000000,1313,40538291,40538291,6756381673650,0,0,000000000099cc50,00000000009cd190,00000000,00000000,00000000
observe,1315,00000000,1315,00000000,1314,40538292,40538292,6756381831633,0,0,000000000099cc50,00000000009cd190,00000000,00000000,00000000
observe,1316,00000000,1316,00000000,1314,40538292,40538293,6756381831633,0,0,000000000099cc50,00000000009cd190,00000000,00000000,00000000
observe,1317,00000000,1317,00000000,1316,40538294,40538294,6756382177519,0,0,000000000099cc50,00000000009cd190,00000000,00000000,00000000
observe,1318,00000000,1318,00000000,1317,40538295,40538295,6756382337965,0,0,000000000099cc50,00000000009cd190,00000000,00000000,00000000
observe,1319,00000000,1319,00000000,1318,40538296,40538296,6756382512913,0,0,000000000099cc50,00000000009cd190,00000000,00000000,00000000
observe,1320,00000000,1320,00000000,1319,40538297,40538297,6756382675253,0,0,000000000099cc50,00000000009cd190,00000000,00000000,00000000
observe,1321,00000000,1321,00000000,1320,40538298,40538298,6756382842015,0,0,000000000099cc50,00000000009cd190,00000000,00000000,00000000
observe,1322,00000000,1322,00000000,1321,40538299,40538299,6756383010966,0,0,000000000099cc50,00000000009cd190,00000000,00000000,00000000
observe,1323,00000000,1323,00000000,1322,40538300,40538300,6756383188034,0,0,000000000099cc50,00000000009cd190,00000000,00000000,00000000
observe,1324,00000000,1324,00000000,1322,40538300,40538301,6756383188034,0,0,000000000099cc50,00000000009cd190,00000000,00000000,00000000
observe,1325,00000000,1325,00000000,1324,40538302,40538302,6756383511192,0,0,000000000099cc50,00000000009cd190,00000000,00000000,00000000
observe,1326,00000000,1326,00000000,1325,40538303,40538303,6756383676811,0,0,000000000099cc50,00000000009cd190,00000000,00000000,00000000
observe,1327,00000000,1327,00000000,1326,40538304,40538304,6756383836141,0,0,000000000099cc50,00000000009cd190,00000000,00000000,00000000
observe,1328,00000000,1328,00000000,1327,40538305,40538305,6756384043977,0,0,000000000099cc50,00000000009cd190,00000000,00000000,00000000
observe,1329,00000000,1329,00000000,1327,40538305,40538306,6756384043977,0,0,000000000099cc50,00000000009cd190,00000000,00000000,00000000
observe,1330,00000000,1330,00000000,1329,40538307,40538307,6756384340409,0,0,000000000099cc50,00000000009cd190,00000000,00000000,00000000
observe,1331,00000000,1331,00000000,1330,40538308,40538308,6756384524125,0,0,000000000099cc50,00000000009cd190,00000000,00000000,00000000
observe,1332,00000000,1332,00000000,1331,40538309,40538309,6756384674902,0,0,000000000099cc50,00000000009cd190,00000000,00000000,00000000
observe,1333,00000000,1333,00000000,1332,40538310,40538310,6756384830494,0,0,000000000099cc50,00000000009cd190,00000000,00000000,00000000
observe,1334,00000000,1334,00000000,1332,40538310,40538311,6756384830494,0,0,000000000099cc50,00000000009cd190,00000000,00000000,00000000
observe,1335,00000000,1335,00000000,1333,40538311,40538312,6756384989578,0,0,000000000099cc50,00000000009cd190,00000000,00000000,00000000
observe,1336,00000000,1336,00000000,1334,40538312,40538313,6756385154366,0,0,000000000099cc50,00000000009cd190,00000000,00000000,00000000
observe,1337,00000000,1337,00000000,1335,40538313,40538314,6756385320350,0,0,000000000099cc50,00000000009cd190,00000000,00000000,00000000
observe,1338,00000000,1338,00000000,1337,40538315,40538315,6756385652980,0,0,000000000099cc50,00000000009cd190,00000000,00000000,00000000
observe,1339,00000000,1339,00000000,1337,40538315,40538316,6756385652980,0,0,000000000099cc50,00000000009cd190,00000000,00000000,00000000
observe,1340,00000000,1340,00000000,1339,40538317,40538317,6756385989103,0,0,000000000099cc50,00000000009cd190,00000000,00000000,00000000
observe,1341,00000000,1341,00000000,1340,40538318,40538319,6756386156799,0,0,000000000099cc50,00000000009cd190,00000000,00000000,00000000
observe,1342,00000000,1342,00000000,1341,40538320,40538320,6756386490049,0,0,000000000099cc50,00000000009cd190,00000000,00000000,00000000
observe,1343,00000000,1343,00000000,1342,40538321,40538322,6756386654274,0,0,000000000099cc50,00000000009cd190,00000000,00000000,00000000
observe,1344,00000000,1344,00000000,1343,40538323,40538324,6756386985801,0,0,000000000099cc50,00000000009cd190,00000000,00000000,00000000
observe,1345,00000000,1345,00000000,1344,40538325,40538326,6756387321719,0,0,000000000099cc50,00000000009cd190,00000000,00000000,00000000
observe,1346,00000000,1346,00000000,1345,40538327,40538328,6756387654969,0,0,000000000099cc50,00000000009cd190,00000000,00000000,00000000
observe,1347,00000000,1347,00000000,1346,40538329,40538331,6756387994005,0,0,000000000099cc50,00000000009cd190,00000000,00000000,00000000
observe,1348,00000000,1348,00000000,1347,40538331,40538332,6756388324301,0,0,000000000099cc50,00000000009cd190,00000000,00000000,00000000
observe,1349,00000000,1349,00000000,1348,40538333,40538334,6756388663030,0,0,000000000099cc50,00000000009cd190,00000000,00000000,00000000
observe,1350,00000000,1350,00000000,1349,40538335,40538337,6756388995226,0,0,000000000099cc50,00000000009cd190,00000000,00000000,00000000
observe,1351,00000000,1351,00000000,1350,40538337,40538339,6756389341805,0,0,000000000099cc50,00000000009cd190,00000000,00000000,00000000
observe,1352,00000000,1352,00000000,1351,40538339,40538341,6756389661295,0,0,000000000099cc50,00000000009cd190,00000000,00000000,00000000
observe,1353,00000000,1353,00000000,1352,40538341,40538342,6756389998781,0,0,000000000099cc50,00000000009cd190,00000000,00000000,00000000
observe,1354,00000000,1354,00000000,1353,40538343,40538344,6756390326802,0,0,000000000099cc50,00000000009cd190,00000000,00000000,00000000
observe,1355,00000000,1355,00000000,1354,40538345,40538347,6756390661698,0,0,000000000099cc50,00000000009cd190,00000000,00000000,00000000
observe,1356,00000000,1356,00000000,1355,40538347,40538348,6756390997111,0,0,000000000099cc50,00000000009cd190,00000000,00000000,00000000
observe,1357,00000000,1357,00000000,1356,40538349,40538351,6756391328471,0,0,000000000099cc50,00000000009cd190,00000000,00000000,00000000
observe,1358,00000000,1358,00000000,1357,40538351,40538353,6756391662160,0,0,000000000099cc50,00000000009cd190,00000000,00000000,00000000
observe,1359,00000000,1359,00000000,1358,40538353,40538354,6756391994321,0,0,000000000099cc50,00000000009cd190,00000000,00000000,00000000
observe,1360,00000000,1360,00000000,1359,40538355,40538357,6756392327440,0,0,000000000099cc50,00000000009cd190,00000000,00000000,00000000
observe,1361,00000000,1361,00000000,1360,40538357,40538359,6756392659169,0,0,000000000099cc50,00000000009cd190,00000000,00000000,00000000
observe,1362,00000000,1362,00000000,1361,40538359,40538360,6756392995964,0,0,000000000099cc50,00000000009cd190,00000000,00000000,00000000
observe,1363,00000000,1363,00000000,1362,40538361,40538362,6756393341161,0,0,000000000099cc50,00000000009cd190,00000000,00000000,00000000
observe,1364,00000000,1364,00000000,1363,40538363,40538365,6756393663448,0,0,000000000099cc50,00000000009cd190,00000000,00000000,00000000
observe,1365,00000000,1365,00000000,1364,40538365,40538366,6756393992930,0,0,000000000099cc50,00000000009cd190,00000000,00000000,00000000
observe,1366,00000000,1366,00000000,1365,40538367,40538368,6756394334967,0,0,000000000099cc50,00000000009cd190,00000000,00000000,00000000
observe,1367,00000000,1367,00000000,1366,40538369,40538370,6756394672388,0,0,000000000099cc50,00000000009cd190,00000000,00000000,00000000
observe,1368,00000000,1368,00000000,1367,40538371,40538372,6756395011856,0,0,000000000099cc50,00000000009cd190,00000000,00000000,00000000
observe,1369,00000000,1369,00000000,1368,40538372,40538374,6756395254348,0,0,000000000099cc50,00000000009cd190,00000000,00000000,00000000
observe,1370,00000000,1370,00000000,1369,40538375,40538376,6756395641384,0,0,000000000099cc50,00000000009cd190,00000000,00000000,00000000
observe,1371,00000000,1371,00000000,1370,40538377,40538379,6756395959622,0,0,000000000099cc50,00000000009cd190,00000000,00000000,00000000
observe,1372,00000000,1372,00000000,1371,40538379,40538380,6756396350252,0,0,000000000099cc50,00000000009cd190,00000000,00000000,00000000
observe,1373,00000000,1373,00000000,1372,40538381,40538382,6756396635218,0,0,000000000099cc50,00000000009cd190,00000000,00000000,00000000
observe,1374,00000000,1374,00000000,1373,40538382,40538384,6756396912766,0,0,000000000099cc50,00000000009cd190,00000000,00000000,00000000
observe,1375,00000000,1375,00000000,1374,40538384,40538386,6756397227565,0,0,000000000099cc50,00000000009cd190,00000000,00000000,00000000
observe,1376,00000000,1376,00000000,1375,40538386,40538389,6756397610970,0,0,000000000099cc50,00000000009cd190,00000000,00000000,00000000
observe,1377,00000000,1377,00000000,1376,40538389,40538391,6756398001159,0,0,000000000099cc50,00000000009cd190,00000000,00000000,00000000
observe,1378,00000000,1378,00000000,1377,40538391,40538392,6756398318740,0,0,000000000099cc50,00000000009cd190,00000000,00000000,00000000
observe,1379,00000000,1379,00000000,1378,40538392,40538394,6756398608952,0,0,000000000099cc50,00000000009cd190,00000000,00000000,00000000
observe,1380,00000000,1380,00000000,1379,40538394,40538397,6756398954518,0,0,000000000099cc50,00000000009cd190,00000000,00000000,00000000
observe,1381,00000000,1381,00000000,1380,40538397,40538398,6756399335982,0,0,000000000099cc50,00000000009cd190,00000000,00000000,00000000
observe,1382,00000000,1382,00000000,1381,40538398,40538401,6756399615910,0,0,000000000099cc50,00000000009cd190,00000000,00000000,00000000
observe,1383,00000000,1383,00000000,1382,40538401,40538402,6756399988548,0,0,000000000099cc50,00000000009cd190,00000000,00000000,00000000
observe,1384,00000000,1384,00000000,1383,40538403,40538404,6756400308645,0,0,000000000099cc50,00000000009cd190,00000000,00000000,00000000
observe,1385,00000000,1385,00000000,1384,40538405,40538406,6756400630452,0,0,000000000099cc50,00000000009cd190,00000000,00000000,00000000
observe,1386,00000000,1386,00000000,1385,40538407,40538409,6756400960937,0,0,000000000099cc50,00000000009cd190,00000000,00000000,00000000
observe,1387,00000000,1387,00000000,1386,40538409,40538410,6756401322229,0,0,000000000099cc50,00000000009cd190,00000000,00000000,00000000
observe,1388,00000000,1388,00000000,1387,40538411,40538412,6756401632227,0,0,000000000099cc50,00000000009cd190,00000000,00000000,00000000
observe,1389,00000000,1389,00000000,1388,40538412,40538415,6756401928497,0,0,000000000099cc50,00000000009cd190,00000000,00000000,00000000
observe,1390,00000000,1390,00000000,1389,40538415,40538416,6756402327615,0,0,000000000099cc50,00000000009cd190,00000000,00000000,00000000
observe,1391,00000000,1391,00000000,1390,40538417,40538418,6756402646293,0,0,000000000099cc50,00000000009cd190,00000000,00000000,00000000
observe,1392,00000000,1392,00000000,1391,40538419,40538420,6756402967380,0,0,000000000099cc50,00000000009cd190,00000000,00000000,00000000
observe,1393,00000000,1393,00000000,1392,40538420,40538422,6756403281767,0,0,000000000099cc50,00000000009cd190,00000000,00000000,00000000
observe,1394,00000000,1394,00000000,1393,40538423,40538424,6756403626420,0,0,000000000099cc50,00000000009cd190,00000000,00000000,00000000
observe,1395,00000000,1395,00000000,1394,40538424,40538427,6756403936852,0,0,000000000099cc50,00000000009cd190,00000000,00000000,00000000
observe,1396,00000000,1396,00000000,1395,40538427,40538428,6756404339791,0,0,000000000099cc50,00000000009cd190,00000000,00000000,00000000
observe,1397,00000000,1397,00000000,1396,40538428,40538430,6756404583752,0,0,000000000099cc50,00000000009cd190,00000000,00000000,00000000
observe,1398,00000000,1398,00000000,1397,40538431,40538432,6756404966328,0,0,000000000099cc50,00000000009cd190,00000000,00000000,00000000
observe,1399,00000000,1399,00000000,1398,40538433,40538435,6756405309678,0,0,000000000099cc50,00000000009cd190,00000000,00000000,00000000
observe,1400,00000000,1400,00000000,1399,40538435,40538437,6756405676524,0,0,000000000099cc50,00000000009cd190,00000000,00000000,00000000
observe,1401,00000000,1401,00000000,1400,40538437,40538438,6756405992142,0,0,000000000099cc50,00000000009cd190,00000000,00000000,00000000
observe,1402,00000000,1402,00000000,1401,40538438,40538441,6756406231797,0,0,000000000099cc50,00000000009cd190,00000000,00000000,00000000
observe,1403,00000000,1403,00000000,1402,40538441,40538442,6756406666100,0,0,000000000099cc50,00000000009cd190,00000000,00000000,00000000
observe,1404,00000000,1404,00000000,1403,40538442,40538445,6756406946975,0,0,000000000099cc50,00000000009cd190,00000000,00000000,00000000
observe,1405,00000000,1405,00000000,1404,40538445,40538447,6756407339793,0,0,000000000099cc50,00000000009cd190,00000000,00000000,00000000
observe,1406,00000000,1406,00000000,1405,40538447,40538448,6756407683112,0,0,000000000099cc50,00000000009cd190,00000000,00000000,00000000
observe,1407,00000000,1407,00000000,1406,40538448,40538450,6756407944837,0,0,000000000099cc50,00000000009cd190,00000000,00000000,00000000
observe,1408,00000000,1408,00000000,1407,40538451,40538452,6756408307617,0,0,000000000099cc50,00000000009cd190,00000000,00000000,00000000
observe,1409,00000000,1409,00000000,1408,40538452,40538455,6756408617250,0,0,000000000099cc50,00000000009cd190,00000000,00000000,00000000
observe,1410,00000000,1410,00000000,1409,40538455,40538457,6756408977030,0,0,000000000099cc50,00000000009cd190,00000000,00000000,00000000
observe,1411,00000000,1411,00000000,1410,40538457,40538458,6756409317781,0,0,000000000099cc50,00000000009cd190,00000000,00000000,00000000
observe,1412,00000000,1412,00000000,1411,40538458,40538460,6756409616061,0,0,000000000099cc50,00000000009cd190,00000000,00000000,00000000
observe,1413,00000000,1413,00000000,1412,40538460,40538462,6756409949947,0,0,000000000099cc50,00000000009cd190,00000000,00000000,00000000
observe,1414,00000000,1414,00000000,1413,40538463,40538464,6756410299536,0,0,000000000099cc50,00000000009cd190,00000000,00000000,00000000
observe,1415,00000000,1415,00000000,1414,40538464,40538466,6756410603586,0,0,000000000099cc50,00000000009cd190,00000000,00000000,00000000
observe,1416,00000000,1416,00000000,1415,40538467,40538469,6756410962117,0,0,000000000099cc50,00000000009cd190,00000000,00000000,00000000
observe,1417,00000000,1417,00000000,1416,40538469,40538470,6756411333685,0,0,000000000099cc50,00000000009cd190,00000000,00000000,00000000
observe,1418,00000000,1418,00000000,1417,40538471,40538473,6756411639217,0,0,000000000099cc50,00000000009cd190,00000000,00000000,00000000
observe,1419,00000000,1419,00000000,1418,40538473,40538474,6756412007017,0,0,000000000099cc50,00000000009cd190,00000000,00000000,00000000
observe,1420,00000000,1420,00000000,1419,40538475,40538476,6756412316992,0,0,000000000099cc50,00000000009cd190,00000000,00000000,00000000
observe,1421,00000000,1421,00000000,1420,40538477,40538478,6756412623979,0,0,000000000099cc50,00000000009cd190,00000000,00000000,00000000
observe,1422,00000000,1422,00000000,1421,40538478,40538481,6756412897629,0,0,000000000099cc50,00000000009cd190,00000000,00000000,00000000
observe,1423,00000000,1423,00000000,1422,40538481,40538482,6756413337407,0,0,000000000099cc50,00000000009cd190,00000000,00000000,00000000
observe,1424,00000000,1424,00000000,1423,40538482,40538485,6756413587120,0,0,000000000099cc50,00000000009cd190,00000000,00000000,00000000
observe,1425,00000000,1425,00000000,1424,40538485,40538486,6756414022393,0,0,000000000099cc50,00000000009cd190,00000000,00000000,00000000
observe,1426,00000000,1426,00000000,1425,40538487,40538488,6756414304267,0,0,000000000099cc50,00000000009cd190,00000000,00000000,00000000
observe,1427,00000000,1427,00000000,1426,40538489,40538490,6756414622253,0,0,000000000099cc50,00000000009cd190,00000000,00000000,00000000
observe,1428,00000000,1428,00000000,1427,40538491,40538493,6756414971440,0,0,000000000099cc50,00000000009cd190,00000000,00000000,00000000
observe,1429,00000000,1429,00000000,1428,40538493,40538494,6756415336302,0,0,000000000099cc50,00000000009cd190,00000000,00000000,00000000
observe,1430,00000000,1430,00000000,1429,40538495,40538496,6756415638650,0,0,000000000099cc50,00000000009cd190,00000000,00000000,00000000
observe,1431,00000000,1431,00000000,1430,40538496,40538498,6756415943606,0,0,000000000099cc50,00000000009cd190,00000000,00000000,00000000
observe,1432,00000000,1432,00000000,1431,40538499,40538500,6756416308019,0,0,000000000099cc50,00000000009cd190,00000000,00000000,00000000
observe,1433,00000000,1433,00000000,1432,40538501,40538503,6756416633163,0,0,000000000099cc50,00000000009cd190,00000000,00000000,00000000
observe,1434,00000000,1434,00000000,1433,40538503,40538504,6756416991305,0,0,000000000099cc50,00000000009cd190,00000000,00000000,00000000
observe,1435,00000000,1435,00000000,1434,40538505,40538506,6756417300560,0,0,000000000099cc50,00000000009cd190,00000000,00000000,00000000
observe,1436,00000000,1436,00000000,1435,40538507,40538509,6756417627754,0,0,000000000099cc50,00000000009cd190,00000000,00000000,00000000
observe,1437,00000000,1437,00000000,1436,40538509,40538511,6756417999611,0,0,000000000099cc50,00000000009cd190,00000000,00000000,00000000
observe,1438,00000000,1438,00000000,1437,40538511,40538512,6756418325092,0,0,000000000099cc50,00000000009cd190,00000000,00000000,00000000
observe,1439,00000000,1439,00000000,1438,40538512,40538514,6756418571036,0,0,000000000099cc50,00000000009cd190,00000000,00000000,00000000
observe,1440,00000000,1440,00000000,1439,40538515,40538516,6756418963049,0,0,000000000099cc50,00000000009cd190,00000000,00000000,00000000
observe,1441,00000000,1441,00000000,1440,40538516,40538519,6756419268337,0,0,000000000099cc50,00000000009cd190,00000000,00000000,00000000
observe,1442,00000000,1442,00000000,1441,40538519,40538521,6756419678107,0,0,000000000099cc50,00000000009cd190,00000000,00000000,00000000
observe,1443,00000000,1443,00000000,1442,40538521,40538522,6756419996310,0,0,000000000099cc50,00000000009cd190,00000000,00000000,00000000
observe,1444,00000000,1444,00000000,1443,40538523,40538525,6756420289116,0,0,000000000099cc50,00000000009cd190,00000000,00000000,00000000
observe,1445,00000000,1445,00000000,1444,40538525,40538526,6756420663778,0,0,000000000099cc50,00000000009cd190,00000000,00000000,00000000
observe,1446,00000000,1446,00000000,1445,40538527,40538528,6756420990105,0,0,000000000099cc50,00000000009cd190,00000000,00000000,00000000
observe,1447,00000000,1447,00000000,1446,40538529,40538531,6756421289717,0,0,000000000099cc50,00000000009cd190,00000000,00000000,00000000
observe,1448,00000000,1448,00000000,1447,40538531,40538533,6756421647510,0,0,000000000099cc50,00000000009cd190,00000000,00000000,00000000
observe,1449,00000000,1449,00000000,1448,40538533,40538534,6756421994988,0,0,000000000099cc50,00000000009cd190,00000000,00000000,00000000
observe,1450,00000000,1450,00000000,1449,40538534,40538536,6756422282620,0,0,000000000099cc50,00000000009cd190,00000000,00000000,00000000
observe,1451,00000000,1451,00000000,1450,40538537,40538539,6756422639764,0,0,000000000099cc50,00000000009cd190,00000000,00000000,00000000
observe,1452,00000000,1452,00000000,1451,40538539,40538541,6756422976798,0,0,000000000099cc50,00000000009cd190,00000000,00000000,00000000
observe,1453,00000000,1453,00000000,1452,40538541,40538543,6756423320376,0,0,000000000099cc50,00000000009cd190,00000000,00000000,00000000
observe,1454,00000000,1454,00000000,1453,40538543,40538544,6756423653573,0,0,000000000099cc50,00000000009cd190,00000000,00000000,00000000
observe,1455,00000000,1455,00000000,1454,40538545,40538546,6756423960081,0,0,000000000099cc50,00000000009cd190,00000000,00000000,00000000
observe,1456,00000000,1456,00000000,1455,40538546,40538549,6756424272169,0,0,000000000099cc50,00000000009cd190,00000000,00000000,00000000
observe,1457,00000000,1457,00000000,1456,40538549,40538550,6756424657366,0,0,000000000099cc50,00000000009cd190,00000000,00000000,00000000
observe,1458,00000000,1458,00000000,1457,40538551,40538552,6756424972321,0,0,000000000099cc50,00000000009cd190,00000000,00000000,00000000
observe,1459,00000000,1459,00000000,1458,40538552,40538555,6756425272047,0,0,000000000099cc50,00000000009cd190,00000000,00000000,00000000
observe,1460,00000000,1460,00000000,1459,40538555,40538556,6756425665939,0,0,000000000099cc50,00000000009cd190,00000000,00000000,00000000
observe,1461,00000000,1461,00000000,1460,40538557,40538558,6756425965765,0,0,000000000099cc50,00000000009cd190,00000000,00000000,00000000
observe,1462,00000000,1462,00000000,1461,40538558,40538560,6756426273686,0,0,000000000099cc50,00000000009cd190,00000000,00000000,00000000
observe,1463,00000000,1463,00000000,1462,40538561,40538562,6756426630867,0,0,000000000099cc50,00000000009cd190,00000000,00000000,00000000
observe,1464,00000000,1464,00000000,1463,40538563,40538564,6756426974839,0,0,000000000099cc50,00000000009cd190,00000000,00000000,00000000
observe,1465,00000000,1465,00000000,1464,40538564,40538566,6756427263007,0,0,000000000099cc50,00000000009cd190,00000000,00000000,00000000
observe,1466,00000000,1466,00000000,1465,40538566,40538569,6756427596157,0,0,000000000099cc50,00000000009cd190,00000000,00000000,00000000
observe,1467,00000000,1467,00000000,1466,40538569,40538570,6756427975822,0,0,000000000099cc50,00000000009cd190,00000000,00000000,00000000
observe,1468,00000000,1468,00000000,1467,40538570,40538573,6756428265767,0,0,000000000099cc50,00000000009cd190,00000000,00000000,00000000
observe,1469,00000000,1469,00000000,1468,40538573,40538574,6756428654088,0,0,000000000099cc50,00000000009cd190,00000000,00000000,00000000
observe,1470,00000000,1470,00000000,1469,40538575,40538576,6756428979676,0,0,000000000099cc50,00000000009cd190,00000000,00000000,00000000
observe,1471,00000000,1471,00000000,1470,40538577,40538578,6756429299659,0,0,000000000099cc50,00000000009cd190,00000000,00000000,00000000
observe,1472,00000000,1472,00000000,1471,40538579,40538581,6756429654834,0,0,000000000099cc50,00000000009cd190,00000000,00000000,00000000
observe,1473,00000000,1473,00000000,1472,40538581,40538582,6756429992073,0,0,000000000099cc50,00000000009cd190,00000000,00000000,00000000
observe,1474,00000000,1474,00000000,1473,40538583,40538585,6756430304554,0,0,000000000099cc50,00000000009cd190,00000000,00000000,00000000
observe,1475,00000000,1475,00000000,1474,40538585,40538586,6756430641214,0,0,000000000099cc50,00000000009cd190,00000000,00000000,00000000
observe,1476,00000000,1476,00000000,1475,40538586,40538589,6756430944485,0,0,000000000099cc50,00000000009cd190,00000000,00000000,00000000
observe,1477,00000000,1477,00000000,1476,40538589,40538591,6756431324363,0,0,000000000099cc50,00000000009cd190,00000000,00000000,00000000
observe,1478,00000000,1478,00000000,1477,40538591,40538593,6756431642217,0,0,000000000099cc50,00000000009cd190,00000000,00000000,00000000
observe,1479,00000000,1479,00000000,1478,40538593,40538594,6756431990993,0,0,000000000099cc50,00000000009cd190,00000000,00000000,00000000
observe,1480,00000000,1480,00000000,1479,40538594,40538596,6756432252637,0,0,000000000099cc50,00000000009cd190,00000000,00000000,00000000
observe,1481,00000000,1481,00000000,1480,40538597,40538599,6756432639700,0,0,000000000099cc50,00000000009cd190,00000000,00000000,00000000
observe,1482,00000000,1482,00000000,1481,40538599,40538600,6756432990296,0,0,000000000099cc50,00000000009cd190,00000000,00000000,00000000
observe,1483,00000000,1483,00000000,1482,40538600,40538603,6756433230219,0,0,000000000099cc50,00000000009cd190,00000000,00000000,00000000
observe,1484,00000000,1484,00000000,1483,40538603,40538604,6756433656026,0,0,000000000099cc50,00000000009cd190,00000000,00000000,00000000
observe,1485,00000000,1485,00000000,1484,40538605,40538607,6756433967535,0,0,000000000099cc50,00000000009cd190,00000000,00000000,00000000
observe,1486,00000000,1486,00000000,1485,40538607,40538608,6756434328324,0,0,000000000099cc50,00000000009cd190,00000000,00000000,00000000
observe,1487,00000000,1487,00000000,1486,40538609,40538611,6756434625577,0,0,000000000099cc50,00000000009cd190,00000000,00000000,00000000
observe,1488,00000000,1488,00000000,1487,40538611,40538612,6756435007398,0,0,000000000099cc50,00000000009cd190,00000000,00000000,00000000
observe,1489,00000000,1489,00000000,1488,40538613,40538614,6756435304017,0,0,000000000099cc50,00000000009cd190,00000000,00000000,00000000
observe,1490,00000000,1490,00000000,1489,40538615,40538617,6756435642657,0,0,000000000099cc50,00000000009cd190,00000000,00000000,00000000
observe,1491,00000000,1491,00000000,1490,40538617,40538618,6756436007355,0,0,000000000099cc50,00000000009cd190,00000000,00000000,00000000
observe,1492,00000000,1492,00000000,1491,40538619,40538620,6756436295068,0,0,000000000099cc50,00000000009cd190,00000000,00000000,00000000
observe,1493,00000000,1493,00000000,1492,40538621,40538622,6756436629672,0,0,000000000099cc50,00000000009cd190,00000000,00000000,00000000
observe,1494,00000000,1494,00000000,1493,40538623,40538624,6756436968200,0,0,000000000099cc50,00000000009cd190,00000000,00000000,00000000
observe,1495,00000000,1495,00000000,1494,40538624,40538626,6756437245456,0,0,000000000099cc50,00000000009cd190,00000000,00000000,00000000
observe,1496,00000000,1496,00000000,1495,40538626,40538629,6756437596363,0,0,000000000099cc50,00000000009cd190,00000000,00000000,00000000
observe,1497,00000000,1497,00000000,1496,40538629,40538630,6756438004898,0,0,000000000099cc50,00000000009cd190,00000000,00000000,00000000
observe,1498,00000000,1498,00000000,1497,40538630,40538633,6756438284289,0,0,000000000099cc50,00000000009cd190,00000000,00000000,00000000
observe,1499,00000000,1499,00000000,1498,40538633,40538635,6756438642315,0,0,000000000099cc50,00000000009cd190,00000000,00000000,00000000
observe,1500,00000000,1500,00000000,1499,40538635,40538636,6756438993138,0,0,000000000099cc50,00000000009cd190,00000000,00000000,00000000
observe,1501,00000000,1501,00000000,1500,40538636,40538639,6756439282208,0,0,000000000099cc50,00000000009cd190,00000000,00000000,00000000
observe,1502,00000000,1502,00000000,1501,40538639,40538640,6756439671757,0,0,000000000099cc50,00000000009cd190,00000000,00000000,00000000
observe,1503,00000000,1503,00000000,1502,40538641,40538642,6756439972897,0,0,000000000099cc50,00000000009cd190,00000000,00000000,00000000
observe,1504,00000000,1504,00000000,1503,40538642,40538644,6756440287051,0,0,000000000099cc50,00000000009cd190,00000000,00000000,00000000
observe,1505,00000000,1505,00000000,1504,40538645,40538646,6756440622717,0,0,000000000099cc50,00000000009cd190,00000000,00000000,00000000
observe,1506,00000000,1506,00000000,1505,40538646,40538648,6756440937235,0,0,000000000099cc50,00000000009cd190,00000000,00000000,00000000
observe,1507,00000000,1507,00000000,1506,40538648,40538651,6756441276675,0,0,000000000099cc50,00000000009cd190,00000000,00000000,00000000
observe,1508,00000000,1508,00000000,1507,40538651,40538652,6756441650377,0,0,000000000099cc50,00000000009cd190,00000000,00000000,00000000
observe,1509,00000000,1509,00000000,1508,40538653,40538654,6756441977768,0,0,000000000099cc50,00000000009cd190,00000000,00000000,00000000
observe,1510,00000000,1510,00000000,1509,40538655,40538656,6756442293705,0,0,000000000099cc50,00000000009cd190,00000000,00000000,00000000
observe,1511,00000000,1511,00000000,1510,40538656,40538659,6756442615904,0,0,000000000099cc50,00000000009cd190,00000000,00000000,00000000
observe,1512,00000000,1512,00000000,1511,40538659,40538661,6756442991488,0,0,000000000099cc50,00000000009cd190,00000000,00000000,00000000
observe,1513,00000000,1513,00000000,1512,40538661,40538662,6756443319004,0,0,000000000099cc50,00000000009cd190,00000000,00000000,00000000
observe,1514,00000000,1514,00000000,1513,40538663,40538664,6756443650853,0,0,000000000099cc50,00000000009cd190,00000000,00000000,00000000
observe,1515,00000000,1515,00000000,1514,40538665,40538666,6756443956558,0,0,000000000099cc50,00000000009cd190,00000000,00000000,00000000
observe,1516,00000000,1516,00000000,1515,40538666,40538668,6756444281747,0,0,000000000099cc50,00000000009cd190,00000000,00000000,00000000
observe,1517,00000000,1517,00000000,1516,40538669,40538670,6756444623844,0,0,000000000099cc50,00000000009cd190,00000000,00000000,00000000
observe,1518,00000000,1518,00000000,1517,40538670,40538673,6756444945862,0,0,000000000099cc50,00000000009cd190,00000000,00000000,00000000
observe,1519,00000000,1519,00000000,1518,40538673,40538674,6756445322961,0,0,000000000099cc50,00000000009cd190,00000000,00000000,00000000
observe,1520,00000000,1520,00000000,1519,40538674,40538676,6756445595214,0,0,000000000099cc50,00000000009cd190,00000000,00000000,00000000
observe,1521,00000000,1521,00000000,1520,40538677,40538678,6756445970401,0,0,000000000099cc50,00000000009cd190,00000000,00000000,00000000
observe,1522,00000000,1522,00000000,1521,40538679,40538680,6756446295097,0,0,000000000099cc50,00000000009cd190,00000000,00000000,00000000
observe,1523,00000000,1523,00000000,1522,40538680,40538683,6756446614505,0,0,000000000099cc50,00000000009cd190,00000000,00000000,00000000
observe,1524,00000000,1524,00000000,1523,40538683,40538684,6756446983643,0,0,000000000099cc50,00000000009cd190,00000000,00000000,00000000
observe,1525,00000000,1525,00000000,1524,40538685,40538687,6756447288487,0,0,000000000099cc50,00000000009cd190,00000000,00000000,00000000
observe,1526,00000000,1526,00000000,1525,40538687,40538689,6756447682561,0,0,000000000099cc50,00000000009cd190,00000000,00000000,00000000
observe,1527,00000000,1527,00000000,1526,40538689,40538690,6756447990394,0,0,000000000099cc50,00000000009cd190,00000000,00000000,00000000
observe,1528,00000000,1528,00000000,1527,40538690,40538693,6756448283253,0,0,000000000099cc50,00000000009cd190,00000000,00000000,00000000
observe,1529,00000000,1529,00000000,1528,40538693,40538695,6756448642535,0,0,000000000099cc50,00000000009cd190,00000000,00000000,00000000
observe,1530,00000000,1530,00000000,1529,40538695,40538697,6756449013458,0,0,000000000099cc50,00000000009cd190,00000000,00000000,00000000
observe,1531,00000000,1531,00000000,1530,40538697,40538698,6756449378891,0,0,000000000099cc50,00000000009cd190,00000000,00000000,00000000
observe,1532,00000000,1532,00000000,1531,40538698,40538701,6756449575982,0,0,000000000099cc50,00000000009cd190,00000000,00000000,00000000
observe,1533,00000000,1533,00000000,1532,40538701,40538703,6756450014155,0,0,000000000099cc50,00000000009cd190,00000000,00000000,00000000
observe,1534,00000000,1534,00000000,1533,40538703,40538704,6756450379310,0,0,000000000099cc50,00000000009cd190,00000000,00000000,00000000
observe,1535,00000000,1535,00000000,1534,40538705,40538707,6756450658500,0,0,000000000099cc50,00000000009cd190,00000000,00000000,00000000
observe,1536,00000000,1536,00000000,1535,40538707,40538708,6756450989987,0,0,000000000099cc50,00000000009cd190,00000000,00000000,00000000
observe,1537,00000000,1537,00000000,1536,40538709,40538710,6756451325753,0,0,000000000099cc50,00000000009cd190,00000000,00000000,00000000
observe,1538,00000000,1538,00000000,1537,40538711,40538712,6756451667098,0,0,000000000099cc50,00000000009cd190,00000000,00000000,00000000
observe,1539,00000000,1539,00000000,1538,40538712,40538714,6756451917617,0,0,000000000099cc50,00000000009cd190,00000000,00000000,00000000
observe,1540,00000000,1540,00000000,1539,40538715,40538716,6756452289658,0,0,000000000099cc50,00000000009cd190,00000000,00000000,00000000
observe,1541,00000000,1541,00000000,1540,40538717,40538718,6756452639303,0,0,000000000099cc50,00000000009cd190,00000000,00000000,00000000
observe,1542,00000000,1542,00000000,1541,40538718,40538721,6756452934925,0,0,000000000099cc50,00000000009cd190,00000000,00000000,00000000
observe,1543,00000000,1543,00000000,1542,40538721,40538722,6756453339720,0,0,000000000099cc50,00000000009cd190,00000000,00000000,00000000
observe,1544,00000000,1544,00000000,1543,40538722,40538724,6756453581516,0,0,000000000099cc50,00000000009cd190,00000000,00000000,00000000
observe,1545,00000000,1545,00000000,1544,40538724,40538727,6756453898889,0,0,000000000099cc50,00000000009cd190,00000000,00000000,00000000
observe,1546,00000000,1546,00000000,1545,40538727,40538729,6756454336460,0,0,000000000099cc50,00000000009cd190,00000000,00000000,00000000
observe,1547,00000000,1547,00000000,1546,40538729,40538731,6756454671259,0,0,000000000099cc50,00000000009cd190,00000000,00000000,00000000
observe,1548,00000000,1548,00000000,1547,40538731,40538732,6756454991050,0,0,000000000099cc50,00000000009cd190,00000000,00000000,00000000
observe,1549,00000000,1549,00000000,1548,40538732,40538735,6756455261182,0,0,000000000099cc50,00000000009cd190,00000000,00000000,00000000
observe,1550,00000000,1550,00000000,1549,40538735,40538736,6756455686175,0,0,000000000099cc50,00000000009cd190,00000000,00000000,00000000
observe,1551,00000000,1551,00000000,1550,40538737,40538738,6756455975692,0,0,000000000099cc50,00000000009cd190,00000000,00000000,00000000
observe,1552,00000000,1552,00000000,1551,40538738,40538741,6756456229274,0,0,000000000099cc50,00000000009cd190,00000000,00000000,00000000
observe,1553,00000000,1553,00000000,1552,40538741,40538742,6756456671090,0,0,000000000099cc50,00000000009cd190,00000000,00000000,00000000
observe,1554,00000000,1554,00000000,1553,40538742,40538745,6756456918152,0,0,000000000099cc50,00000000009cd190,00000000,00000000,00000000
observe,1555,00000000,1555,00000000,1554,40538745,40538746,6756457366982,0,0,000000000099cc50,00000000009cd190,00000000,00000000,00000000
observe,1556,00000000,1556,00000000,1555,40538747,40538748,6756457665727,0,0,000000000099cc50,00000000009cd190,00000000,00000000,00000000
observe,1557,00000000,1557,00000000,1556,40538749,40538751,6756457971135,0,0,000000000099cc50,00000000009cd190,00000000,00000000,00000000
observe,1558,00000000,1558,00000000,1557,40538751,40538752,6756458345436,0,0,000000000099cc50,00000000009cd190,00000000,00000000,00000000
observe,1559,00000000,1559,00000000,1558,40538753,40538755,6756458659046,0,0,000000000099cc50,00000000009cd190,00000000,00000000,00000000
observe,1560,00000000,1560,00000000,1559,40538755,40538756,6756459005016,0,0,000000000099cc50,00000000009cd190,00000000,00000000,00000000
observe,1561,00000000,1561,00000000,1560,40538757,40538758,6756459340094,0,0,000000000099cc50,00000000009cd190,00000000,00000000,00000000
observe,1562,00000000,1562,00000000,1561,40538759,40538761,6756459660490,0,0,000000000099cc50,00000000009cd190,00000000,00000000,00000000
observe,1563,00000000,1563,00000000,1562,40538761,40538763,6756460007941,0,0,000000000099cc50,00000000009cd190,00000000,00000000,00000000
observe,1564,00000000,1564,00000000,1563,40538763,40538765,6756460342436,0,0,000000000099cc50,00000000009cd190,00000000,00000000,00000000
observe,1565,00000000,1565,00000000,1564,40538765,40538766,6756460678686,0,0,000000000099cc50,00000000009cd190,00000000,00000000,00000000
observe,1566,00000000,1566,00000000,1565,40538767,40538768,6756461007034,0,0,000000000099cc50,00000000009cd190,00000000,00000000,00000000
observe,1567,00000000,1567,00000000,1566,40538768,40538771,6756461250058,0,0,000000000099cc50,00000000009cd190,00000000,00000000,00000000
observe,1568,00000000,1568,00000000,1567,40538771,40538773,6756461658830,0,0,000000000099cc50,00000000009cd190,00000000,00000000,00000000
observe,1569,00000000,1569,00000000,1568,40538773,40538774,6756461982768,0,0,000000000099cc50,00000000009cd190,00000000,00000000,00000000
observe,1570,00000000,1570,00000000,1569,40538774,40538776,6756462275100,0,0,000000000099cc50,00000000009cd190,00000000,00000000,00000000
observe,1571,00000000,1571,00000000,1570,40538777,40538778,6756462656785,0,0,000000000099cc50,00000000009cd190,00000000,00000000,00000000
observe,1572,00000000,1572,00000000,1571,40538779,40538780,6756462958954,0,0,000000000099cc50,00000000009cd190,00000000,00000000,00000000
observe,1573,00000000,1573,00000000,1572,40538781,40538782,6756463308132,0,0,000000000099cc50,00000000009cd190,00000000,00000000,00000000
observe,1574,00000000,1574,00000000,1573,40538782,40538785,6756463610515,0,0,000000000099cc50,00000000009cd190,00000000,00000000,00000000
observe,1575,00000000,1575,00000000,1574,40538785,40538786,6756463985839,0,0,000000000099cc50,00000000009cd190,00000000,00000000,00000000
observe,1576,00000000,1576,00000000,1575,40538786,40538789,6756464285810,0,0,000000000099cc50,00000000009cd190,00000000,00000000,00000000
observe,1577,00000000,1577,00000000,1576,40538789,40538791,6756464674802,0,0,000000000099cc50,00000000009cd190,00000000,00000000,00000000
observe,1578,00000000,1578,00000000,1577,40538791,40538792,6756464995546,0,0,000000000099cc50,00000000009cd190,00000000,00000000,00000000
observe,1579,00000000,1579,00000000,1578,40538792,40538795,6756465281960,0,0,000000000099cc50,00000000009cd190,00000000,00000000,00000000
observe,1580,00000000,1580,00000000,1579,40538795,40538796,6756465667360,0,0,000000000099cc50,00000000009cd190,00000000,00000000,00000000
observe,1581,00000000,1581,00000000,1580,40538797,40538798,6756465974562,0,0,000000000099cc50,00000000009cd190,00000000,00000000,00000000
observe,1582,00000000,1582,00000000,1581,40538798,40538800,6756466277945,0,0,000000000099cc50,00000000009cd190,00000000,00000000,00000000
observe,1583,00000000,1583,00000000,1582,40538801,40538803,6756466659555,0,0,000000000099cc50,00000000009cd190,00000000,00000000,00000000
observe,1584,00000000,1584,00000000,1583,40538803,40538804,6756466993337,0,0,000000000099cc50,00000000009cd190,00000000,00000000,00000000
observe,1585,00000000,1585,00000000,1584,40538805,40538806,6756467309740,0,0,000000000099cc50,00000000009cd190,00000000,00000000,00000000
observe,1586,00000000,1586,00000000,1585,40538807,40538809,6756467625617,0,0,000000000099cc50,00000000009cd190,00000000,00000000,00000000
observe,1587,00000000,1587,00000000,1586,40538809,40538811,6756467974838,0,0,000000000099cc50,00000000009cd190,00000000,00000000,00000000
observe,1588,00000000,1588,00000000,1587,40538811,40538813,6756468313538,0,0,000000000099cc50,00000000009cd190,00000000,00000000,00000000
observe,1589,00000000,1589,00000000,1588,40538813,40538815,6756468640897,0,0,000000000099cc50,00000000009cd190,00000000,00000000,00000000
observe,1590,00000000,1590,00000000,1589,40538815,40538817,6756468978547,0,0,000000000099cc50,00000000009cd190,00000000,00000000,00000000
observe,1591,00000000,1591,00000000,1590,40538817,40538819,6756469307031,0,0,000000000099cc50,00000000009cd190,00000000,00000000,00000000
observe,1592,00000000,1592,00000000,1591,40538819,40538820,6756469644157,0,0,000000000099cc50,00000000009cd190,00000000,00000000,00000000
observe,1593,00000000,1593,00000000,1592,40538821,40538823,6756469970675,0,0,000000000099cc50,00000000009cd190,00000000,00000000,00000000
observe,1594,00000000,1594,00000000,1593,40538823,40538825,6756470307613,0,0,000000000099cc50,00000000009cd190,00000000,00000000,00000000
observe,1595,00000000,1595,00000000,1594,40538825,40538827,6756470644780,0,0,000000000099cc50,00000000009cd190,00000000,00000000,00000000
observe,1596,00000000,1596,00000000,1595,40538827,40538828,6756470987495,0,0,000000000099cc50,00000000009cd190,00000000,00000000,00000000
observe,1597,00000000,1597,00000000,1596,40538828,40538831,6756471240054,0,0,000000000099cc50,00000000009cd190,00000000,00000000,00000000
observe,1598,00000000,1598,00000000,1597,40538831,40538832,6756471647554,0,0,000000000099cc50,00000000009cd190,00000000,00000000,00000000
observe,1599,00000000,1599,00000000,1598,40538832,40538835,6756471931515,0,0,000000000099cc50,00000000009cd190,00000000,00000000,00000000
observe,1600,00000000,1600,00000000,1599,40538835,40538836,6756472309025,0,0,000000000099cc50,00000000009cd190,00000000,00000000,00000000
observe,1601,00000000,1601,00000000,1600,40538837,40538839,6756472637413,0,0,000000000099cc50,00000000009cd190,00000000,00000000,00000000
observe,1602,00000000,1602,00000000,1601,40538839,40538841,6756472975335,0,0,000000000099cc50,00000000009cd190,00000000,00000000,00000000
observe,1603,00000000,1603,00000000,1602,40538841,40538842,6756473331368,0,0,000000000099cc50,00000000009cd190,00000000,00000000,00000000
observe,1604,00000000,1604,00000000,1603,40538842,40538845,6756473595537,0,0,000000000099cc50,00000000009cd190,00000000,00000000,00000000
observe,1605,00000000,1605,00000000,1604,40538845,40538846,6756473986851,0,0,000000000099cc50,00000000009cd190,00000000,00000000,00000000
observe,1606,00000000,1606,00000000,1605,40538847,40538849,6756474305485,0,0,000000000099cc50,00000000009cd190,00000000,00000000,00000000
observe,1607,00000000,1607,00000000,1606,40538849,40538850,6756474663212,0,0,000000000099cc50,00000000009cd190,00000000,00000000,00000000
observe,1608,00000000,1608,00000000,1607,40538851,40538852,6756474974887,0,0,000000000099cc50,00000000009cd190,00000000,00000000,00000000
observe,1609,00000000,1609,00000000,1608,40538852,40538854,6756475281226,0,0,000000000099cc50,00000000009cd190,00000000,00000000,00000000
observe,1610,00000000,1610,00000000,1609,40538855,40538856,6756475625049,0,0,000000000099cc50,00000000009cd190,00000000,00000000,00000000
observe,1611,00000000,1611,00000000,1610,40538857,40538858,6756475963188,0,0,000000000099cc50,00000000009cd190,00000000,00000000,00000000
observe,1612,00000000,1612,00000000,1611,40538859,40538860,6756476294258,0,0,000000000099cc50,00000000009cd190,00000000,00000000,00000000
observe,1613,00000000,1613,00000000,1612,40538861,40538862,6756476636714,0,0,000000000099cc50,00000000009cd190,00000000,00000000,00000000
observe,1614,00000000,1614,00000000,1613,40538863,40538865,6756476958719,0,0,000000000099cc50,00000000009cd190,00000000,00000000,00000000
observe,1615,00000000,1615,00000000,1614,40538865,40538866,6756477309199,0,0,000000000099cc50,00000000009cd190,00000000,00000000,00000000
observe,1616,00000000,1616,00000000,1615,40538866,40538869,6756477596423,0,0,000000000099cc50,00000000009cd190,00000000,00000000,00000000
observe,1617,00000000,1617,00000000,1616,40538869,40538870,6756478001242,0,0,000000000099cc50,00000000009cd190,00000000,00000000,00000000
observe,1618,00000000,1618,00000000,1617,40538870,40538872,6756478281766,0,0,000000000099cc50,00000000009cd190,00000000,00000000,00000000
observe,1619,00000000,1619,00000000,1618,40538873,40538875,6756478637112,0,0,000000000099cc50,00000000009cd190,00000000,00000000,00000000
observe,1620,00000000,1620,00000000,1619,40538875,40538876,6756479015166,0,0,000000000099cc50,00000000009cd190,00000000,00000000,00000000
observe,1621,00000000,1621,00000000,1620,40538877,40538879,6756479313739,0,0,000000000099cc50,00000000009cd190,00000000,00000000,00000000
observe,1622,00000000,1622,00000000,1621,40538879,40538880,6756479652351,0,0,000000000099cc50,00000000009cd190,00000000,00000000,00000000
observe,1623,00000000,1623,00000000,1622,40538881,40538882,6756479958427,0,0,000000000099cc50,00000000009cd190,00000000,00000000,00000000
observe,1624,00000000,1624,00000000,1623,40538882,40538885,6756480265660,0,0,000000000099cc50,00000000009cd190,00000000,00000000,00000000
observe,1625,00000000,1625,00000000,1624,40538885,40538886,6756480650080,0,0,000000000099cc50,00000000009cd190,00000000,00000000,00000000
observe,1626,00000000,1626,00000000,1625,40538887,40538888,6756480962151,0,0,000000000099cc50,00000000009cd190,00000000,00000000,00000000
observe,1627,00000000,1627,00000000,1626,40538888,40538890,6756481279878,0,0,000000000099cc50,00000000009cd190,00000000,00000000,00000000
observe,1628,00000000,1628,00000000,1627,40538891,40538893,6756481639392,0,0,000000000099cc50,00000000009cd190,00000000,00000000,00000000
observe,1629,00000000,1629,00000000,1628,40538893,40538894,6756481992961,0,0,000000000099cc50,00000000009cd190,00000000,00000000,00000000
observe,1630,00000000,1630,00000000,1629,40538894,40538897,6756482288322,0,0,000000000099cc50,00000000009cd190,00000000,00000000,00000000
observe,1631,00000000,1631,00000000,1630,40538897,40538898,6756482649357,0,0,000000000099cc50,00000000009cd190,00000000,00000000,00000000
observe,1632,00000000,1632,00000000,1631,40538898,40538900,6756482951943,0,0,000000000099cc50,00000000009cd190,00000000,00000000,00000000
observe,1633,00000000,1633,00000000,1632,40538901,40538903,6756483296255,0,0,000000000099cc50,00000000009cd190,00000000,00000000,00000000
observe,1634,00000000,1634,00000000,1633,40538903,40538905,6756483672021,0,0,000000000099cc50,00000000009cd190,00000000,00000000,00000000
observe,1635,00000000,1635,00000000,1634,40538905,40538906,6756484008523,0,0,000000000099cc50,00000000009cd190,00000000,00000000,00000000
observe,1636,00000000,1636,00000000,1635,40538907,40538908,6756484316382,0,0,000000000099cc50,00000000009cd190,00000000,00000000,00000000
observe,1637,00000000,1637,00000000,1636,40538908,40538911,6756484614695,0,0,000000000099cc50,00000000009cd190,00000000,00000000,00000000
observe,1638,00000000,1638,00000000,1637,40538911,40538912,6756485001795,0,0,000000000099cc50,00000000009cd190,00000000,00000000,00000000
observe,1639,00000000,1639,00000000,1638,40538912,40538915,6756485273507,0,0,000000000099cc50,00000000009cd190,00000000,00000000,00000000
observe,1640,00000000,1640,00000000,1639,40538915,40538916,6756485675860,0,0,000000000099cc50,00000000009cd190,00000000,00000000,00000000
observe,1641,00000000,1641,00000000,1640,40538917,40538918,6756485965167,0,0,000000000099cc50,00000000009cd190,00000000,00000000,00000000
observe,1642,00000000,1642,00000000,1641,40538918,40538920,6756486238129,0,0,000000000099cc50,00000000009cd190,00000000,00000000,00000000
observe,1643,00000000,1643,00000000,1642,40538920,40538923,6756486620489,0,0,000000000099cc50,00000000009cd190,00000000,00000000,00000000
observe,1644,00000000,1644,00000000,1643,40538923,40538925,6756487005128,0,0,000000000099cc50,00000000009cd190,00000000,00000000,00000000
observe,1645,00000000,1645,00000000,1644,40538925,40538926,6756487338020,0,0,000000000099cc50,00000000009cd190,00000000,00000000,00000000
observe,1646,00000000,1646,00000000,1645,40538926,40538929,6756487591257,0,0,000000000099cc50,00000000009cd190,00000000,00000000,00000000
observe,1647,00000000,1647,00000000,1646,40538929,40538931,6756488003172,0,0,000000000099cc50,00000000009cd190,00000000,00000000,00000000
observe,1648,00000000,1648,00000000,1647,40538931,40538932,6756488316281,0,0,000000000099cc50,00000000009cd190,00000000,00000000,00000000
observe,1649,00000000,1649,00000000,1648,40538932,40538935,6756488607866,0,0,000000000099cc50,00000000009cd190,00000000,00000000,00000000
observe,1650,00000000,1650,00000000,1649,40538935,40538936,6756489008006,0,0,000000000099cc50,00000000009cd190,00000000,00000000,00000000
observe,1651,00000000,1651,00000000,1650,40538937,40538938,6756489309087,0,0,000000000099cc50,00000000009cd190,00000000,00000000,00000000
observe,1652,00000000,1652,00000000,1651,40538939,40538940,6756489641338,0,0,000000000099cc50,00000000009cd190,00000000,00000000,00000000
observe,1653,00000000,1653,00000000,1652,40538940,40538943,6756489934630,0,0,000000000099cc50,00000000009cd190,00000000,00000000,00000000
observe,1654,00000000,1654,00000000,1653,40538943,40538945,6756490348562,0,0,000000000099cc50,00000000009cd190,00000000,00000000,00000000
observe,1655,00000000,1655,00000000,1654,40538945,40538947,6756490664131,0,0,000000000099cc50,00000000009cd190,00000000,00000000,00000000
observe,1656,00000000,1656,00000000,1655,40538947,40538948,6756490986922,0,0,000000000099cc50,00000000009cd190,00000000,00000000,00000000
observe,1657,00000000,1657,00000000,1656,40538948,40538950,6756491256465,0,0,000000000099cc50,00000000009cd190,00000000,00000000,00000000
observe,1658,00000000,1658,00000000,1657,40538951,40538952,6756491656442,0,0,000000000099cc50,00000000009cd190,00000000,00000000,00000000
observe,1659,00000000,1659,00000000,1658,40538952,40538955,6756491937362,0,0,000000000099cc50,00000000009cd190,00000000,00000000,00000000
observe,1660,00000000,1660,00000000,1659,40538955,40538957,6756492329722,0,0,000000000099cc50,00000000009cd190,00000000,00000000,00000000
observe,1661,00000000,1661,00000000,1660,40538957,40538959,6756492686145,0,0,000000000099cc50,00000000009cd190,00000000,00000000,00000000
observe,1662,00000000,1662,00000000,1661,40538959,40538960,6756492984071,0,0,000000000099cc50,00000000009cd190,00000000,00000000,00000000
observe,1663,00000000,1663,00000000,1662,40538960,40538962,6756493284687,0,0,000000000099cc50,00000000009cd190,00000000,00000000,00000000
observe,1664,00000000,1664,00000000,1663,40538963,40538964,6756493623094,0,0,000000000099cc50,00000000009cd190,00000000,00000000,00000000
observe,1665,00000000,1665,00000000,1664,40538964,40538966,6756493892548,0,0,000000000099cc50,00000000009cd190,00000000,00000000,00000000
observe,1666,00000000,1666,00000000,1665,40538966,40538968,6756494287457,0,0,000000000099cc50,00000000009cd190,00000000,00000000,00000000
observe,1667,00000000,1667,00000000,1666,40538969,40538970,6756494627072,0,0,000000000099cc50,00000000009cd190,00000000,00000000,00000000
observe,1668,00000000,1668,00000000,1667,40538971,40538972,6756494964027,0,0,000000000099cc50,00000000009cd190,00000000,00000000,00000000
observe,1669,00000000,1669,00000000,1668,40538973,40538975,6756495290113,0,0,000000000099cc50,00000000009cd190,00000000,00000000,00000000
observe,1670,00000000,1670,00000000,1669,40538975,40538977,6756495678690,0,0,000000000099cc50,00000000009cd190,00000000,00000000,00000000
observe,1671,00000000,1671,00000000,1670,40538977,40538978,6756495986965,0,0,000000000099cc50,00000000009cd190,00000000,00000000,00000000
observe,1672,00000000,1672,00000000,1671,40538978,40538980,6756496274642,0,0,000000000099cc50,00000000009cd190,00000000,00000000,00000000
observe,1673,00000000,1673,00000000,1672,40538980,40538983,6756496560909,0,0,000000000099cc50,00000000009cd190,00000000,00000000,00000000
observe,1674,00000000,1674,00000000,1673,40538983,40538984,6756497020925,0,0,000000000099cc50,00000000009cd190,00000000,00000000,00000000
observe,1675,00000000,1675,00000000,1674,40538985,40538986,6756497303115,0,0,000000000099cc50,00000000009cd190,00000000,00000000,00000000
observe,1676,00000000,1676,00000000,1675,40538987,40538988,6756497629889,0,0,000000000099cc50,00000000009cd190,00000000,00000000,00000000
observe,1677,00000000,1677,00000000,1676,40538988,40538990,6756497914904,0,0,000000000099cc50,00000000009cd190,00000000,00000000,00000000
observe,1678,00000000,1678,00000000,1677,40538991,40538993,6756498302838,0,0,000000000099cc50,00000000009cd190,00000000,00000000,00000000
observe,1679,00000000,1679,00000000,1678,40538993,40538995,6756498648281,0,0,000000000099cc50,00000000009cd190,00000000,00000000,00000000
observe,1680,00000000,1680,00000000,1679,40538995,40538996,6756498976280,0,0,000000000099cc50,00000000009cd190,00000000,00000000,00000000
observe,1681,00000000,1681,00000000,1680,40538997,40538999,6756499303641,0,0,000000000099cc50,00000000009cd190,00000000,00000000,00000000
observe,1682,00000000,1682,00000000,1681,40538999,40539000,6756499654872,0,0,000000000099cc50,00000000009cd190,00000000,00000000,00000000
observe,1683,00000000,1683,00000000,1682,40539001,40539003,6756499959397,0,0,000000000099cc50,00000000009cd190,00000000,00000000,00000000
observe,1684,00000000,1684,00000000,1683,40539003,40539004,6756500349319,0,0,000000000099cc50,00000000009cd190,00000000,00000000,00000000
observe,1685,00000000,1685,00000000,1684,40539005,40539006,6756500653417,0,0,000000000099cc50,00000000009cd190,00000000,00000000,00000000
observe,1686,00000000,1686,00000000,1685,40539006,40539008,6756500954875,0,0,000000000099cc50,00000000009cd190,00000000,00000000,00000000
observe,1687,00000000,1687,00000000,1686,40539009,40539010,6756501296812,0,0,000000000099cc50,00000000009cd190,00000000,00000000,00000000
observe,1688,00000000,1688,00000000,1687,40539011,40539013,6756501627531,0,0,000000000099cc50,00000000009cd190,00000000,00000000,00000000
observe,1689,00000000,1689,00000000,1688,40539013,40539015,6756502022617,0,0,000000000099cc50,00000000009cd190,00000000,00000000,00000000
observe,1690,00000000,1690,00000000,1689,40539015,40539017,6756502326720,0,0,000000000099cc50,00000000009cd190,00000000,00000000,00000000
observe,1691,00000000,1691,00000000,1690,40539017,40539018,6756502660463,0,0,000000000099cc50,00000000009cd190,00000000,00000000,00000000
observe,1692,00000000,1692,00000000,1691,40539019,40539021,6756502967925,0,0,000000000099cc50,00000000009cd190,00000000,00000000,00000000
observe,1693,00000000,1693,00000000,1692,40539021,40539023,6756503338493,0,0,000000000099cc50,00000000009cd190,00000000,00000000,00000000
observe,1694,00000000,1694,00000000,1693,40539023,40539025,6756503652802,0,0,000000000099cc50,00000000009cd190,00000000,00000000,00000000
observe,1695,00000000,1695,00000000,1694,40539025,40539026,6756503986119,0,0,000000000099cc50,00000000009cd190,00000000,00000000,00000000
observe,1696,00000000,1696,00000000,1695,40539026,40539029,6756504266958,0,0,000000000099cc50,00000000009cd190,00000000,00000000,00000000
observe,1697,00000000,1697,00000000,1696,40539029,40539030,6756504674417,0,0,000000000099cc50,00000000009cd190,00000000,00000000,00000000
observe,1698,00000000,1698,00000000,1697,40539030,40539032,6756504923898,0,0,000000000099cc50,00000000009cd190,00000000,00000000,00000000
observe,1699,00000000,1699,00000000,1698,40539032,40539035,6756505245262,0,0,000000000099cc50,00000000009cd190,00000000,00000000,00000000
observe,1700,00000000,1700,00000000,1699,40539035,40539036,6756505676458,0,0,000000000099cc50,00000000009cd190,00000000,00000000,00000000
observe,1701,00000000,1701,00000000,1700,40539036,40539039,6756505917351,0,0,000000000099cc50,00000000009cd190,00000000,00000000,00000000
observe,1702,00000000,1702,00000000,1701,40539039,40539041,6756506330711,0,0,000000000099cc50,00000000009cd190,00000000,00000000,00000000
observe,1703,00000000,1703,00000000,1702,40539041,40539042,6756506656092,0,0,000000000099cc50,00000000009cd190,00000000,00000000,00000000
observe,1704,00000000,1704,00000000,1703,40539042,40539045,6756506909773,0,0,000000000099cc50,00000000009cd190,00000000,00000000,00000000
observe,1705,00000000,1705,00000000,1704,40539045,40539046,6756507311769,0,0,000000000099cc50,00000000009cd190,00000000,00000000,00000000
observe,1706,00000000,1706,00000000,1705,40539047,40539048,6756507640205,0,0,000000000099cc50,00000000009cd190,00000000,00000000,00000000
observe,1707,00000000,1707,00000000,1706,40539048,40539050,6756507940393,0,0,000000000099cc50,00000000009cd190,00000000,00000000,00000000
observe,1708,00000000,1708,00000000,1707,40539051,40539052,6756508299853,0,0,000000000099cc50,00000000009cd190,00000000,00000000,00000000
observe,1709,00000000,1709,00000000,1708,40539052,40539055,6756508597011,0,0,000000000099cc50,00000000009cd190,00000000,00000000,00000000
observe,1710,00000000,1710,00000000,1709,40539055,40539056,6756508991692,0,0,000000000099cc50,00000000009cd190,00000000,00000000,00000000
observe,1711,00000000,1711,00000000,1710,40539057,40539058,6756509303170,0,0,000000000099cc50,00000000009cd190,00000000,00000000,00000000
observe,1712,00000000,1712,00000000,1711,40539059,40539060,6756509637057,0,0,000000000099cc50,00000000009cd190,00000000,00000000,00000000
observe,1713,00000000,1713,00000000,1712,40539060,40539063,6756509944732,0,0,000000000099cc50,00000000009cd190,00000000,00000000,00000000
observe,1714,00000000,1714,00000000,1713,40539063,40539065,6756510315445,0,0,000000000099cc50,00000000009cd190,00000000,00000000,00000000
observe,1715,00000000,1715,00000000,1714,40539065,40539067,6756510640736,0,0,000000000099cc50,00000000009cd190,00000000,00000000,00000000
observe,1716,00000000,1716,00000000,1715,40539067,40539068,6756510988464,0,0,000000000099cc50,00000000009cd190,00000000,00000000,00000000
observe,1717,00000000,1717,00000000,1716,40539069,40539070,6756511302095,0,0,000000000099cc50,00000000009cd190,00000000,00000000,00000000
observe,1718,00000000,1718,00000000,1717,40539070,40539072,6756511587512,0,0,000000000099cc50,00000000009cd190,00000000,00000000,00000000
observe,1719,00000000,1719,00000000,1718,40539072,40539074,6756511920002,0,0,000000000099cc50,00000000009cd190,00000000,00000000,00000000
observe,1720,00000000,1720,00000000,1719,40539074,40539076,6756512254382,0,0,000000000099cc50,00000000009cd190,00000000,00000000,00000000
observe,1721,00000000,1721,00000000,1720,40539076,40539079,6756512589825,0,0,000000000099cc50,00000000009cd190,00000000,00000000,00000000
observe,1722,00000000,1722,00000000,1721,40539079,40539080,6756512971433,0,0,000000000099cc50,00000000009cd190,00000000,00000000,00000000
observe,1723,00000000,1723,00000000,1722,40539080,40539082,6756513273913,0,0,000000000099cc50,00000000009cd190,00000000,00000000,00000000
observe,1724,00000000,1724,00000000,1723,40539082,40539085,6756513595420,0,0,000000000099cc50,00000000009cd190,00000000,00000000,00000000
observe,1725,00000000,1725,00000000,1724,40539085,40539086,6756513995180,0,0,000000000099cc50,00000000009cd190,00000000,00000000,00000000
observe,1726,00000000,1726,00000000,1725,40539086,40539088,6756514281693,0,0,000000000099cc50,00000000009cd190,00000000,00000000,00000000
observe,1727,00000000,1727,00000000,1726,40539088,40539090,6756514612046,0,0,000000000099cc50,00000000009cd190,00000000,00000000,00000000
observe,1728,00000000,1728,00000000,1727,40539090,40539092,6756514918805,0,0,000000000099cc50,00000000009cd190,00000000,00000000,00000000
observe,1729,00000000,1729,00000000,1728,40539092,40539094,6756515276146,0,0,000000000099cc50,00000000009cd190,00000000,00000000,00000000
observe,1730,00000000,1730,00000000,1729,40539094,40539096,6756515610782,0,0,000000000099cc50,00000000009cd190,00000000,00000000,00000000
observe,1731,00000000,1731,00000000,1730,40539097,40539098,6756515960927,0,0,000000000099cc50,00000000009cd190,00000000,00000000,00000000
observe,1732,00000000,1732,00000000,1731,40539099,40539100,6756516297704,0,0,000000000099cc50,00000000009cd190,00000000,00000000,00000000
observe,1733,00000000,1733,00000000,1732,40539100,40539102,6756516585774,0,0,000000000099cc50,00000000009cd190,00000000,00000000,00000000
observe,1734,00000000,1734,00000000,1733,40539102,40539104,6756516882341,0,0,000000000099cc50,00000000009cd190,00000000,00000000,00000000
observe,1735,00000000,1735,00000000,1734,40539105,40539106,6756517295663,0,0,000000000099cc50,00000000009cd190,00000000,00000000,00000000
observe,1736,00000000,1736,00000000,1735,40539106,40539108,6756517548346,0,0,000000000099cc50,00000000009cd190,00000000,00000000,00000000
observe,1737,00000000,1737,00000000,1736,40539108,40539110,6756517918612,0,0,000000000099cc50,00000000009cd190,00000000,00000000,00000000
observe,1738,00000000,1738,00000000,1737,40539110,40539112,6756518253539,0,0,000000000099cc50,00000000009cd190,00000000,00000000,00000000
observe,1739,00000000,1739,00000000,1738,40539113,40539114,6756518628849,0,0,000000000099cc50,00000000009cd190,00000000,00000000,00000000
observe,1740,00000000,1740,00000000,1739,40539114,40539116,6756518920049,0,0,000000000099cc50,00000000009cd190,00000000,00000000,00000000
observe,1741,00000000,1741,00000000,1740,40539116,40539119,6756519258073,0,0,000000000099cc50,00000000009cd190,00000000,00000000,00000000
observe,1742,00000000,1742,00000000,1741,40539119,40539120,6756519648402,0,0,000000000099cc50,00000000009cd190,00000000,00000000,00000000
observe,1743,00000000,1743,00000000,1742,40539120,40539122,6756519914501,0,0,000000000099cc50,00000000009cd190,00000000,00000000,00000000
observe,1744,00000000,1744,00000000,1743,40539122,40539124,6756520259817,0,0,000000000099cc50,00000000009cd190,00000000,00000000,00000000
observe,1745,00000000,1745,00000000,1744,40539124,40539126,6756520595450,0,0,000000000099cc50,00000000009cd190,00000000,00000000,00000000
observe,1746,00000000,1746,00000000,1745,40539127,40539128,6756520976141,0,0,000000000099cc50,00000000009cd190,00000000,00000000,00000000
observe,1747,00000000,1747,00000000,1746,40539128,40539130,6756521277364,0,0,000000000099cc50,00000000009cd190,00000000,00000000,00000000
observe,1748,00000000,1748,00000000,1747,40539130,40539133,6756521615324,0,0,000000000099cc50,00000000009cd190,00000000,00000000,00000000
observe,1749,00000000,1749,00000000,1748,40539133,40539134,6756521976082,0,0,000000000099cc50,00000000009cd190,00000000,00000000,00000000
observe,1750,00000000,1750,00000000,1749,40539134,40539137,6756522262624,0,0,000000000099cc50,00000000009cd190,00000000,00000000,00000000
observe,1751,00000000,1751,00000000,1750,40539137,40539138,6756522654493,0,0,000000000099cc50,00000000009cd190,00000000,00000000,00000000
observe,1752,00000000,1752,00000000,1751,40539139,40539140,6756522955930,0,0,000000000099cc50,00000000009cd190,00000000,00000000,00000000
observe,1753,00000000,1753,00000000,1752,40539140,40539142,6756523288331,0,0,000000000099cc50,00000000009cd190,00000000,00000000,00000000
observe,1754,00000000,1754,00000000,1753,40539142,40539144,6756523612918,0,0,000000000099cc50,00000000009cd190,00000000,00000000,00000000
observe,1755,00000000,1755,00000000,1754,40539145,40539146,6756523960105,0,0,000000000099cc50,00000000009cd190,00000000,00000000,00000000
observe,1756,00000000,1756,00000000,1755,40539146,40539148,6756524279205,0,0,000000000099cc50,00000000009cd190,00000000,00000000,00000000
observe,1757,00000000,1757,00000000,1756,40539148,40539150,6756524582868,0,0,000000000099cc50,00000000009cd190,00000000,00000000,00000000
observe,1758,00000000,1758,00000000,1757,40539151,40539152,6756524958654,0,0,000000000099cc50,00000000009cd190,00000000,00000000,00000000
observe,1759,00000000,1759,00000000,1758,40539152,40539155,6756525267112,0,0,000000000099cc50,00000000009cd190,00000000,00000000,00000000
observe,1760,00000000,1760,00000000,1759,40539155,40539156,6756525671657,0,0,000000000099cc50,00000000009cd190,00000000,00000000,00000000
observe,1761,00000000,1761,00000000,1760,40539157,40539158,6756525988798,0,0,000000000099cc50,00000000009cd190,00000000,00000000,00000000
observe,1762,00000000,1762,00000000,1761,40539158,40539160,6756526284071,0,0,000000000099cc50,00000000009cd190,00000000,00000000,00000000
observe,1763,00000000,1763,00000000,1762,40539161,40539162,6756526625493,0,0,000000000099cc50,00000000009cd190,00000000,00000000,00000000
observe,1764,00000000,1764,00000000,1763,40539162,40539164,6756526940332,0,0,000000000099cc50,00000000009cd190,00000000,00000000,00000000
observe,1765,00000000,1765,00000000,1764,40539165,40539166,6756527300032,0,0,000000000099cc50,00000000009cd190,00000000,00000000,00000000
observe,1766,00000000,1766,00000000,1765,40539167,40539169,6756527624197,0,0,000000000099cc50,00000000009cd190,00000000,00000000,00000000
observe,1767,00000000,1767,00000000,1766,40539169,40539170,6756527983229,0,0,000000000099cc50,00000000009cd190,00000000,00000000,00000000
observe,1768,00000000,1768,00000000,1767,40539170,40539173,6756528275462,0,0,000000000099cc50,00000000009cd190,00000000,00000000,00000000
observe,1769,00000000,1769,00000000,1768,40539173,40539174,6756528706736,0,0,000000000099cc50,00000000009cd190,00000000,00000000,00000000
observe,1770,00000000,1770,00000000,1769,40539175,40539176,6756528962396,0,0,000000000099cc50,00000000009cd190,00000000,00000000,00000000
observe,1771,00000000,1771,00000000,1770,40539177,40539179,6756529303282,0,0,000000000099cc50,00000000009cd190,00000000,00000000,00000000
observe,1772,00000000,1772,00000000,1771,40539179,40539181,6756529678871,0,0,000000000099cc50,00000000009cd190,00000000,00000000,00000000
observe,1773,00000000,1773,00000000,1772,40539181,40539182,6756530005883,0,0,000000000099cc50,00000000009cd190,00000000,00000000,00000000
observe,1774,00000000,1774,00000000,1773,40539182,40539185,6756530279354,0,0,000000000099cc50,00000000009cd190,00000000,00000000,00000000
observe,1775,00000000,1775,00000000,1774,40539185,40539187,6756530660170,0,0,000000000099cc50,00000000009cd190,00000000,00000000,00000000
observe,1776,00000000,1776,00000000,1775,40539187,40539188,6756530996907,0,0,000000000099cc50,00000000009cd190,00000000,00000000,00000000
observe,1777,00000000,1777,00000000,1776,40539189,40539190,6756531305125,0,0,000000000099cc50,00000000009cd190,00000000,00000000,00000000
observe,1778,00000000,1778,00000000,1777,40539190,40539192,6756531617403,0,0,000000000099cc50,00000000009cd190,00000000,00000000,00000000
observe,1779,00000000,1779,00000000,1778,40539192,40539194,6756531949164,0,0,000000000099cc50,00000000009cd190,00000000,00000000,00000000
observe,1780,00000000,1780,00000000,1779,40539195,40539196,6756532312055,0,0,000000000099cc50,00000000009cd190,00000000,00000000,00000000
observe,1781,00000000,1781,00000000,1780,40539196,40539199,6756532617002,0,0,000000000099cc50,00000000009cd190,00000000,00000000,00000000
observe,1782,00000000,1782,00000000,1781,40539199,40539201,6756532975104,0,0,000000000099cc50,00000000009cd190,00000000,00000000,00000000
observe,1783,00000000,1783,00000000,1782,40539201,40539202,6756533323247,0,0,000000000099cc50,00000000009cd190,00000000,00000000,00000000
observe,1784,00000000,1784,00000000,1783,40539203,40539205,6756533640109,0,0,000000000099cc50,00000000009cd190,00000000,00000000,00000000
observe,1785,00000000,1785,00000000,1784,40539205,40539206,6756534002190,0,0,000000000099cc50,00000000009cd190,00000000,00000000,00000000
observe,1786,00000000,1786,00000000,1785,40539206,40539208,6756534266196,0,0,000000000099cc50,00000000009cd190,00000000,00000000,00000000
observe,1787,00000000,1787,00000000,1786,40539209,40539211,6756534622302,0,0,000000000099cc50,00000000009cd190,00000000,00000000,00000000
observe,1788,00000000,1788,00000000,1787,40539211,40539212,6756535011177,0,0,000000000099cc50,00000000009cd190,00000000,00000000,00000000
observe,1789,00000000,1789,00000000,1788,40539213,40539214,6756535297726,0,0,000000000099cc50,00000000009cd190,00000000,00000000,00000000
observe,1790,00000000,1790,00000000,1789,40539214,40539217,6756535581280,0,0,000000000099cc50,00000000009cd190,00000000,00000000,00000000
observe,1791,00000000,1791,00000000,1790,40539217,40539219,6756536017284,0,0,000000000099cc50,00000000009cd190,00000000,00000000,00000000
observe,1792,00000000,1792,00000000,1791,40539219,40539221,6756536354165,0,0,000000000099cc50,00000000009cd190,00000000,00000000,00000000
observe,1793,00000000,1793,00000000,1792,40539221,40539222,6756536668223,0,0,000000000099cc50,00000000009cd190,00000000,00000000,00000000
observe,1794,00000000,1794,00000000,1793,40539222,40539224,6756536951702,0,0,000000000099cc50,00000000009cd190,00000000,00000000,00000000
observe,1795,00000000,1795,00000000,1794,40539224,40539226,6756537286893,0,0,000000000099cc50,00000000009cd190,00000000,00000000,00000000
observe,1796,00000000,1796,00000000,1795,40539226,40539228,6756537615113,0,0,000000000099cc50,00000000009cd190,00000000,00000000,00000000
observe,1797,00000000,1797,00000000,1796,40539229,40539230,6756537963953,0,0,000000000099cc50,00000000009cd190,00000000,00000000,00000000
observe,1798,00000000,1798,00000000,1797,40539231,40539233,6756538317922,0,0,000000000099cc50,00000000009cd190,00000000,00000000,00000000
observe,1799,00000000,1799,00000000,1798,40539233,40539235,6756538643027,0,0,000000000099cc50,00000000009cd190,00000000,00000000,00000000
observe,1800,00000000,1800,00000000,1799,40539235,40539236,6756538981765,0,0,000000000099cc50,00000000009cd190,00000000,00000000,00000000
observe,1801,00000000,1801,00000000,1800,40539237,40539239,6756539305942,0,0,000000000099cc50,00000000009cd190,00000000,00000000,00000000
