event,presenter_id,epoch,presentation_seq,tick_id,kind,source_id,pair_a_id,pair_b_id,source_ns,copy_ready_ns,generated_ready_ns,callback_ns,deadline_ns,target_ns,actual_presented_ns,present_submit_ns,callback_duration_ns,queue_depth,raw_callback_ca_bits,raw_deadline_ca_bits,raw_target_ca_bits,detail
epoch_reset,1,2,0,0,0,0,0,0,0,0,0,0,0,0,0,0,0,0,0,0,0,"2"
generated_late,1,2,0,1,0,0,0,0,0,0,0,237348698972375,237348698762083,237348732094083,0,0,1478875,0,0,0,0,"display callback arrived after raw submit deadline"
source_accepted,1,2,0,0,0,1,0,0,237348701896125,237348760732750,0,0,0,237348783138212,0,0,0,0,0,0,0,"owned history copy completed successfully"
history_copy_complete,1,2,0,0,0,1,0,0,237348701896125,237348760732750,0,0,0,237348783138212,0,0,0,0,0,0,0,"Metal command buffer completed"
source_accepted,1,2,0,0,0,2,0,0,237348756137208,237348760824208,0,0,0,237348837271356,0,0,0,0,0,0,0,"owned history copy completed successfully"
history_copy_complete,1,2,0,0,0,2,0,0,237348756137208,237348760824208,0,0,0,237348837271356,0,0,0,0,0,0,0,"Metal command buffer completed"
source_accepted,1,2,0,0,0,3,0,0,237348756490625,237348760932541,0,0,0,237348837624773,0,0,0,0,0,0,0,"owned history copy completed successfully"
history_copy_complete,1,2,0,0,0,3,0,0,237348756490625,237348760932541,0,0,0,237348837624773,0,0,0,0,0,0,0,"Metal command buffer completed"
generated_requested,1,2,0,0,2,2,1,2,237348756137208,237348760824208,0,0,0,237348810204784,0,0,0,0,0,0,0,"exact adjacent source pair submitted"
generated_dropped,1,2,0,0,2,3,2,3,237348756490625,237348760932541,0,0,0,237348837448064,0,0,0,0,0,0,0,"interpolation fraction must match the supplied interpolation timestamp"
framegen_failure,1,2,0,0,0,0,0,0,0,0,0,0,0,0,0,0,0,0,0,0,0,"Framegen submit returned an error"
generated_ready,1,2,0,6,2,2,1,2,0,0,237348765577083,237348765549333,237348782092083,237348810204784,0,0,10458,0,0,0,0,"Metal status completed"
selected_source,1,2,0,6,1,1,0,0,237348701896125,237348760732750,0,237348765549333,237348782092083,237348815424083,0,0,10458,0,0,0,0,"startup source after explicit lookahead"
presentation_submitted,1,2,1,6,1,1,0,0,237348701896125,0,0,237348765549333,237348782092083,237348815424083,0,237348769747333,10458,0,4687395254324221115,4687395254892508304,4687395256037787103,"external CAMetalDisplayLink drawable via DXMT Presenter"
source_accepted,1,2,0,0,0,4,0,0,237348775726416,237348776403875,0,0,0,237348857119805,0,0,0,0,0,0,0,"owned history copy completed successfully"
history_copy_complete,1,2,0,0,0,4,0,0,237348775726416,237348776403875,0,0,0,237348857119805,0,0,0,0,0,0,0,"Metal command buffer completed"
generated_requested,1,2,0,0,2,4,3,4,237348775726416,237348776403875,0,0,0,237348847372289,0,0,0,0,0,0,0,"exact adjacent source pair submitted"
presentation_dropped,1,2,1,6,1,1,0,0,237348701896125,0,0,237348765549333,237348782092083,237348815424083,0,0,10458,0,4687395254324221115,4687395254892508304,4687395256037787103,"Metal drawable presentedTime=0; associated frame was dropped or not presented"
generated_ready,1,2,0,7,2,4,3,4,0,0,237348782557291,237348782544166,237348798758082,237348847372289,0,0,2792,0,0,0,0,"Metal status completed"
generated_selected,1,2,0,7,2,2,1,2,237348729016666,237348760824208,237348765577083,237348782544166,237348798758082,237348832090083,0,0,2792,0,0,0,0,"exact A/B pair ready before display deadline"
presentation_submitted,1,2,2,7,2,2,1,2,237348729016666,0,237348765577083,237348782544166,237348798758082,237348832090083,0,237348782614458,2792,0,4687395254908136247,4687395255465147703,4687395256610426503,"external CAMetalDisplayLink drawable via DXMT Presenter"
presentation_dropped,1,2,2,7,2,2,1,2,237348729016666,0,237348765577083,237348782544166,237348798758082,237348832090083,0,0,2792,0,4687395254908136247,4687395255465147703,4687395256610426503,"Metal drawable presentedTime=0; associated frame was dropped or not presented"
selected_source,1,2,0,8,1,2,0,0,237348756137208,237348760824208,0,237348799122000,237348815424083,237348848756083,0,0,2708,0,0,0,0,"next real endpoint in source order"
presentation_submitted,1,2,3,8,1,2,0,0,237348756137208,0,0,237348799122000,237348815424083,237348848756083,0,237348799183750,2708,0,4687395255477744843,4687395256037787103,4687395257183065902,"external CAMetalDisplayLink drawable via DXMT Presenter"
source_accepted,1,2,0,0,0,5,0,0,237348808959750,237348809697666,0,0,0,237348890712407,0,0,0,0,0,0,0,"owned history copy completed successfully"
history_copy_complete,1,2,0,0,0,5,0,0,237348808959750,237348809697666,0,0,0,237348890712407,0,0,0,0,0,0,0,"Metal command buffer completed"
generated_requested,1,2,0,0,2,5,4,5,237348808959750,237348809697666,0,0,0,237348873916106,0,0,0,0,0,0,0,"exact adjacent source pair submitted"
presentation_dropped,1,2,3,8,1,2,0,0,237348756137208,0,0,237348799122000,237348815424083,237348848756083,0,0,2708,0,4687395255477744843,4687395256037787103,4687395257183065902,"Metal drawable presentedTime=0; associated frame was dropped or not presented"
generated_ready,1,2,0,9,2,5,4,5,0,0,237348815769125,237348815755708,237348832090083,237348873916106,0,0,1833,0,0,0,0,"Metal status completed"
selected_source,1,2,0,9,1,3,0,0,237348756490625,237348760932541,0,237348815755708,237348832090083,237348865422083,0,0,1833,0,0,0,0,"next real endpoint in source order"
presentation_submitted,1,2,4,9,1,3,0,0,237348756490625,0,0,237348815755708,237348832090083,237348865422083,0,237348815829125,1833,0,4687395256049277549,4687395256610426503,4687395257755705302,"external CAMetalDisplayLink drawable via DXMT Presenter"
generated_dropped,1,2,0,10,2,4,3,4,237348775726416,237348776403875,237348782557291,237348837906250,237348848756083,237348847372289,0,0,5125,0,0,0,0,"real endpoint deadline passed before generated selection"
selected_source,1,2,0,10,1,4,0,0,237348775726416,237348776403875,0,237348837906250,237348848756083,237348882088083,0,0,5125,0,0,0,0,"next real endpoint in source order"
presentation_submitted,1,2,5,10,1,4,0,0,237348775726416,0,0,237348837906250,237348848756083,237348882088083,0,237348838193875,5125,0,4687395256810361525,4687395257183065902,4687395258328344702,"external CAMetalDisplayLink drawable via DXMT Presenter"
source_accepted,1,2,0,0,0,6,0,0,237348842158750,237348848011708,0,0,0,237348923518116,0,0,0,0,0,0,0,"owned history copy completed successfully"
history_copy_complete,1,2,0,0,0,6,0,0,237348842158750,237348848011708,0,0,0,237348923518116,0,0,0,0,0,0,0,"Metal command buffer completed"
generated_requested,1,2,0,0,2,6,5,6,237348842158750,237348848011708,0,0,0,237348907115261,0,0,0,0,0,0,0,"exact adjacent source pair submitted"
generated_dropped,1,2,0,11,2,5,4,5,237348808959750,237348809697666,237348815769125,237348848809583,237348865422083,237348873916106,0,0,3167,0,0,0,0,"real endpoint deadline passed before generated selection"
selected_source,1,2,0,11,1,5,0,0,237348808959750,237348809697666,0,237348848809583,237348865422083,237348898754083,0,0,3167,0,0,0,0,"next real endpoint in source order"
presentation_submitted,1,2,6,11,1,5,0,0,237348808959750,0,0,237348848809583,237348865422083,237348898754083,0,237348848921791,3167,0,4687395257184997195,4687395257755705302,4687395258900984101,"external CAMetalDisplayLink drawable via DXMT Presenter"
source_displayed,1,2,4,9,1,3,0,0,237348756490625,0,0,237348815755708,237348832090083,237348865422083,237348848761374,0,1833,0,4687395256049277549,4687395256610426503,4687395257755705302,"normalized presentedTime from Core Animation clock"
generated_ready,1,2,0,12,2,6,5,6,0,0,237348865726041,237348865614541,237348882088083,237348907115261,0,0,21167,0,0,0,0,"Metal status completed"
generated_selected,1,2,0,12,2,6,5,6,237348825559250,237348848011708,237348865726041,237348865614541,237348882088083,237348915420083,0,0,21167,0,0,0,0,"exact A/B pair ready before display deadline"
presentation_submitted,1,2,7,12,2,6,5,6,237348825559250,0,237348865726041,237348865614541,237348882088083,237348915420083,0,237348866669625,21167,0,4687395257762464137,4687395258328344702,4687395259473623501,"external CAMetalDisplayLink drawable via DXMT Presenter"
source_accepted,1,2,0,0,0,7,0,0,237348875899708,237348876760750,0,0,0,237348957691344,0,0,0,0,0,0,0,"owned history copy completed successfully"
history_copy_complete,1,2,0,0,0,7,0,0,237348875899708,237348876760750,0,0,0,237348957691344,0,0,0,0,0,0,0,"Metal command buffer completed"
generated_requested,1,2,0,0,2,7,6,7,237348875899708,237348876760750,0,0,0,237348940604730,0,0,0,0,0,0,0,"exact adjacent source pair submitted"
source_displayed,1,2,5,10,1,4,0,0,237348775726416,0,0,237348837906250,237348848756083,237348882088083,237348871576833,0,5125,0,4687395256810361525,4687395257183065902,4687395258328344702,"normalized presentedTime from Core Animation clock"
generated_ready,1,2,0,13,2,7,6,7,0,0,237348882160208,237348882147666,237348898754083,237348940604730,0,0,2042,0,0,0,0,"Metal status completed"
selected_source,1,2,0,13,1,6,0,0,237348842158750,237348848011708,0,237348882147666,237348898754083,237348932086083,0,0,2042,0,0,0,0,"next real endpoint in source order"
presentation_submitted,1,2,8,13,1,6,0,0,237348842158750,0,0,237348882147666,237348898754083,237348932086083,0,237348882239291,2042,0,4687395258330487890,4687395258900984101,4687395260046262901,"external CAMetalDisplayLink drawable via DXMT Presenter"
source_displayed,1,2,6,11,1,5,0,0,237348808959750,0,0,237348848809583,237348865422083,237348898754083,237348883754333,0,3167,0,4687395257184997195,4687395257755705302,4687395258900984101,"normalized presentedTime from Core Animation clock"
generated_selected,1,2,0,14,2,7,6,7,237348859029229,237348876760750,237348882160208,237348898815750,237348915420083,237348948752083,0,0,3166,0,0,0,0,"exact A/B pair ready before display deadline"
presentation_submitted,1,2,9,14,2,7,6,7,237348859029229,0,237348882160208,237348898815750,237348915420083,237348948752083,0,237348898943541,3166,0,4687395258903201713,4687395259473623501,4687395260618902300,"external CAMetalDisplayLink drawable via DXMT Presenter"
generated_displayed,1,2,7,12,2,6,5,6,237348825559250,0,237348865726041,237348865614541,237348882088083,237348915420083,237348900198541,0,21167,0,4687395257762464137,4687395258328344702,4687395259473623501,"normalized presentedTime from Core Animation clock"
source_accepted,1,2,0,0,0,8,0,0,237348909179500,237348909909333,0,0,0,237348991317777,0,0,0,0,0,0,0,"owned history copy completed successfully"
history_copy_complete,1,2,0,0,0,8,0,0,237348909179500,237348909909333,0,0,0,237348991317777,0,0,0,0,0,0,0,"Metal command buffer completed"
generated_requested,1,2,0,0,2,8,7,8,237348909179500,237348909909333,0,0,0,237348974504560,0,0,0,0,0,0,0,"exact adjacent source pair submitted"
generated_ready,1,2,0,15,2,8,7,8,0,0,237348915470333,237348915461666,237348932086083,237348974504560,0,0,1917,0,0,0,0,"Metal status completed"
selected_source,1,2,0,15,1,7,0,0,237348875899708,237348876760750,0,237348915461666,237348932086083,237348965418083,0,0,1917,0,0,0,0,"next real endpoint in source order"
presentation_submitted,1,2,10,15,1,7,0,0,237348875899708,0,0,237348915461666,237348932086083,237348965418083,0,237348915533291,1917,0,4687395259475145328,4687395260046262901,4687395261191541700,"external CAMetalDisplayLink drawable via DXMT Presenter"
source_displayed,1,2,8,13,1,6,0,0,237348842158750,0,0,237348882147666,237348898754083,237348932086083,237348916891624,0,2042,0,4687395258330487890,4687395258900984101,4687395260046262901,"normalized presentedTime from Core Animation clock"
generated_selected,1,2,0,16,2,8,7,8,237348892539604,237348909909333,237348915470333,237348932165291,237348948752083,237348982084083,0,0,6459,0,0,0,0,"exact A/B pair ready before display deadline"
presentation_submitted,1,2,11,16,2,8,7,8,237348892539604,0,237348915470333,237348932165291,237348948752083,237348982084083,0,237348932395000,6459,0,4687395260049091841,4687395260618902300,4687395261764181100,"external CAMetalDisplayLink drawable via DXMT Presenter"
generated_displayed,1,2,9,14,2,7,6,7,237348859029229,0,237348882160208,237348898815750,237348915420083,237348948752083,237348934708041,0,3166,0,4687395258903201713,4687395259473623501,4687395260618902300,"normalized presentedTime from Core Animation clock"
source_accepted,1,2,0,0,0,9,0,0,237348942076666,237348943025291,0,0,0,237349024480116,0,0,0,0,0,0,0,"owned history copy completed successfully"
history_copy_complete,1,2,0,0,0,9,0,0,237348942076666,237348943025291,0,0,0,237349024480116,0,0,0,0,0,0,0,"Metal command buffer completed"
generated_requested,1,2,0,0,2,9,8,9,237348942076666,237348943025291,0,0,0,237349007898946,0,0,0,0,0,0,0,"exact adjacent source pair submitted"
generated_ready,1,2,0,17,2,9,8,9,0,0,237348948835791,237348948820708,237348965418083,237349007898946,0,0,3583,0,0,0,0,"Metal status completed"
selected_source,1,2,0,17,1,8,0,0,237348909179500,237348909909333,0,237348948820708,237348965418083,237348998750083,0,0,3583,0,0,0,0,"next real endpoint in source order"
presentation_submitted,1,2,12,17,1,8,0,0,237348909179500,0,0,237348948820708,237348965418083,237348998750083,0,237348948932125,3583,0,4687395260621357578,4687395261191541700,4687395262336820499,"external CAMetalDisplayLink drawable via DXMT Presenter"
generated_selected,1,2,0,18,2,9,8,9,237348925628083,237348943025291,237348948835791,237348965457791,237348982084083,237349015416083,0,0,2709,0,0,0,0,"exact A/B pair ready before display deadline"
presentation_submitted,1,2,13,18,2,9,8,9,237348925628083,0,237348948835791,237348965457791,237348982084083,237349015416083,0,237348965539458,2709,0,4687395261193000546,4687395261764181100,4687395262909459899,"external CAMetalDisplayLink drawable via DXMT Presenter"
source_displayed,1,2,10,15,1,7,0,0,237348875899708,0,0,237348915461666,237348932086083,237348965418083,237348965426708,0,1917,0,4687395259475145328,4687395260046262901,4687395261191541700,"normalized presentedTime from Core Animation clock"
source_accepted,1,2,0,0,0,10,0,0,237348975389250,237348976016041,0,0,0,237349057997703,0,0,0,0,0,0,0,"owned history copy completed successfully"
history_copy_complete,1,2,0,0,0,10,0,0,237348975389250,237348976016041,0,0,0,237349057997703,0,0,0,0,0,0,0,"Metal command buffer completed"
generated_requested,1,2,0,0,2,10,9,10,237348975389250,237348976016041,0,0,0,237349041238909,0,0,0,0,0,0,0,"exact adjacent source pair submitted"
generated_ready,1,2,0,19,2,10,9,10,0,0,237348982233708,237348982223041,237348998750083,237349041238909,0,0,1417,0,0,0,0,"Metal status completed"
selected_source,1,2,0,19,1,9,0,0,237348942076666,237348943025291,0,237348982223041,237348998750083,237349032082083,0,0,1417,0,0,0,0,"next real endpoint in source order"
presentation_submitted,1,2,14,19,1,9,0,0,237348942076666,0,0,237348982223041,237348998750083,237349032082083,0,237348982279958,1417,0,4687395261769043003,4687395262336820499,4687395263482099299,"external CAMetalDisplayLink drawable via DXMT Presenter"
generated_displayed,1,2,11,16,2,8,7,8,237348892539604,0,237348915470333,237348932165291,237348948752083,237348982084083,237348982093208,0,6459,0,4687395260049091841,4687395260618902300,4687395261764181100,"normalized presentedTime from Core Animation clock"
generated_selected,1,2,0,20,2,10,9,10,237348958732958,237348976016041,237348982233708,237348998803666,237349015416083,237349048748083,0,0,1709,0,0,0,0,"exact A/B pair ready before display deadline"
presentation_submitted,1,2,15,20,2,10,9,10,237348958732958,0,237348982233708,237348998803666,237349015416083,237349048748083,0,237348998868125,1709,0,4687395262338750348,4687395262909459899,4687395264054738698,"external CAMetalDisplayLink drawable via DXMT Presenter"
source_displayed,1,2,12,17,1,8,0,0,237348909179500,0,0,237348948820708,237348965418083,237348998750083,237348998759666,0,3583,0,4687395260621357578,4687395261191541700,4687395262336820499,"normalized presentedTime from Core Animation clock"
source_accepted,1,2,0,0,0,11,0,0,237349009538541,237349010218958,0,0,0,237349092294522,0,0,0,0,0,0,0,"owned history copy completed successfully"
history_copy_complete,1,2,0,0,0,11,0,0,237349009538541,237349010218958,0,0,0,237349092294522,0,0,0,0,0,0,0,"Metal command buffer completed"
generated_requested,1,2,0,0,2,11,10,11,237349009538541,237349010218958,0,0,0,237349075146112,0,0,0,0,0,0,0,"exact adjacent source pair submitted"
generated_displayed,1,2,13,18,2,9,8,9,237348925628083,0,237348948835791,237348965457791,237348982084083,237349015416083,237349005646166,0,2709,0,4687395261193000546,4687395261764181100,4687395262909459899,"normalized presentedTime from Core Animation clock"
generated_ready,1,2,0,21,2,11,10,11,0,0,237349015458208,237349015446458,237349032082083,237349075146112,0,0,1417,0,0,0,0,"Metal status completed"
selected_source,1,2,0,21,1,10,0,0,237348975389250,237348976016041,0,237349015446458,237349032082083,237349065414083,0,0,1417,0,0,0,0,"next real endpoint in source order"
presentation_submitted,1,2,16,21,1,10,0,0,237348975389250,0,0,237349015446458,237349032082083,237349065414083,0,237349015532541,1417,0,4687395262910592327,4687395263482099298,4687395264627378098,"external CAMetalDisplayLink drawable via DXMT Presenter"
source_displayed,1,2,14,19,1,9,0,0,237348942076666,0,0,237348982223041,237348998750083,237349032082083,237349017681208,0,1417,0,4687395261769043003,4687395262336820499,4687395263482099299,"normalized presentedTime from Core Animation clock"
generated_selected,1,2,0,22,2,11,10,11,237348992463895,237349010218958,237349015458208,237349032176083,237349048748083,237349082080083,0,0,6083,0,0,0,0,"exact A/B pair ready before display deadline"
presentation_submitted,1,2,17,22,2,11,10,11,237348992463895,0,237349015458208,237349032176083,237349048748083,237349082080083,0,237349032265125,6083,0,4687395263485425012,4687395264054738698,4687395265200017497,"external CAMetalDisplayLink drawable via DXMT Presenter"
generated_displayed,1,2,15,20,2,10,9,10,237348958732958,0,237348982233708,237348998803666,237349015416083,237349048748083,237349034497499,0,1709,0,4687395262338750348,4687395262909459899,4687395264054738698,"normalized presentedTime from Core Animation clock"
source_accepted,1,2,0,0,0,12,0,0,237349042677000,237349043446875,0,0,0,237349125552756,0,0,0,0,0,0,0,"owned history copy completed successfully"
history_copy_complete,1,2,0,0,0,12,0,0,237349042677000,237349043446875,0,0,0,237349125552756,0,0,0,0,0,0,0,"Metal command buffer completed"
generated_requested,1,2,0,0,2,12,11,12,237349042677000,237349043446875,0,0,0,237349108923639,0,0,0,0,0,0,0,"exact adjacent source pair submitted"
generated_ready,1,2,0,23,2,12,11,12,0,0,237349048791416,237349048781041,237349065414083,237349108923639,0,0,1125,0,0,0,0,"Metal status completed"
selected_source,1,2,0,23,1,11,0,0,237349009538541,237349010218958,0,237349048781041,237349065414083,237349098746083,0,0,1125,0,0,0,0,"next real endpoint in source order"
presentation_submitted,1,2,18,23,1,11,0,0,237349009538541,0,0,237349048781041,237349065414083,237349098746083,0,237349048836291,1125,0,4687395264055958469,4687395264627378098,4687395265772656897,"external CAMetalDisplayLink drawable via DXMT Presenter"
source_displayed,1,2,16,21,1,10,0,0,237348975389250,0,0,237349015446458,237349032082083,237349065414083,237349051584999,0,1417,0,4687395262910592327,4687395263482099298,4687395264627378098,"normalized presentedTime from Core Animation clock"
generated_selected,1,2,0,24,2,12,11,12,237349026107770,237349043446875,237349048791416,237349065515166,237349082080083,237349115412083,0,0,5709,0,0,0,0,"exact A/B pair ready before display deadline"
presentation_submitted,1,2,19,24,2,12,11,12,237349026107770,0,237349048791416,237349065515166,237349082080083,237349115412083,0,237349065613541,5709,0,4687395264630947216,4687395265200017497,4687395266345296297,"external CAMetalDisplayLink drawable via DXMT Presenter"
generated_displayed,1,2,17,22,2,11,10,11,237348992463895,0,237349015458208,237349032176083,237349048748083,237349082080083,237349068232833,0,6083,0,4687395263485425012,4687395264054738698,4687395265200017497,"normalized presentedTime from Core Animation clock"
source_accepted,1,2,0,0,0,13,0,0,237349075808958,237349076514250,0,0,0,237349158775249,0,0,0,0,0,0,0,"owned history copy completed successfully"
history_copy_complete,1,2,0,0,0,13,0,0,237349075808958,237349076514250,0,0,0,237349158775249,0,0,0,0,0,0,0,"Metal command buffer completed"
generated_requested,1,2,0,0,2,13,12,13,237349075808958,237349076514250,0,0,0,237349142164002,0,0,0,0,0,0,0,"exact adjacent source pair submitted"
generated_ready,1,2,0,25,2,13,12,13,0,0,237349082122875,237349082113083,237349098746083,237349142164002,0,0,1208,0,0,0,0,"Metal status completed"
selected_source,1,2,0,25,1,12,0,0,237349042677000,237349043446875,0,237349082113083,237349098746083,237349132078083,0,0,1208,0,0,0,0,"next real endpoint in source order"
presentation_submitted,1,2,20,25,1,12,0,0,237349042677000,0,0,237349082113083,237349098746083,237349132078083,0,237349082187208,1208,0,4687395265201241563,4687395265772656897,4687395266917935696,"external CAMetalDisplayLink drawable via DXMT Presenter"
source_displayed,1,2,18,23,1,11,0,0,237349009538541,0,0,237349048781041,237349065414083,237349098746083,237349085165166,0,1125,0,4687395264055958469,4687395264627378098,4687395265772656897,"normalized presentedTime from Core Animation clock"
generated_selected,1,2,0,26,2,13,12,13,237349059242979,237349076514250,237349082122875,237349098788458,237349115412083,237349148744083,0,0,1042,0,0,0,0,"exact A/B pair ready before display deadline"
presentation_submitted,1,2,21,26,2,13,12,13,237349059242979,0,237349082122875,237349098788458,237349115412083,237349148744083,0,237349098853166,1042,0,4687395265774198790,4687395266345296297,4687395267490575096,"external CAMetalDisplayLink drawable via DXMT Presenter"
source_accepted,1,2,0,0,0,14,0,0,237349108919541,237349109854041,0,0,0,237349191962482,0,0,0,0,0,0,0,"owned history copy completed successfully"
history_copy_complete,1,2,0,0,0,14,0,0,237349108919541,237349109854041,0,0,0,237349191962482,0,0,0,0,0,0,0,"Metal command buffer completed"
generated_requested,1,2,0,0,2,14,13,14,237349108919541,237349109854041,0,0,0,237349175368865,0,0,0,0,0,0,0,"exact adjacent source pair submitted"
generated_ready,1,2,0,27,2,14,13,14,0,0,237349115460750,237349115449375,237349132078083,237349175368865,0,0,1375,0,0,0,0,"Metal status completed"
selected_source,1,2,0,27,1,13,0,0,237349075808958,237349076514250,0,237349115449375,237349132078083,237349165410083,0,0,1375,0,0,0,0,"next real endpoint in source order"
presentation_submitted,1,2,22,27,1,13,0,0,237349075808958,0,0,237349115449375,237349132078083,237349165410083,0,237349115516500,1375,0,4687395266346664948,4687395266917935696,4687395268063214496,"external CAMetalDisplayLink drawable via DXMT Presenter"
generated_displayed,1,2,19,24,2,12,11,12,237349026107770,0,237349048791416,237349065515166,237349082080083,237349115412083,237349115425041,0,5709,0,4687395264630947216,4687395265200017497,4687395266345296297,"normalized presentedTime from Core Animation clock"
generated_selected,1,2,0,28,2,14,13,14,237349092364249,237349109854041,237349115460750,237349132182166,237349148744083,237349182076083,0,0,6709,0,0,0,0,"exact A/B pair ready before display deadline"
presentation_submitted,1,2,23,28,2,14,13,14,237349092364249,0,237349115460750,237349132182166,237349148744083,237349182076083,0,237349132271541,6709,0,4687395266921612188,4687395267490575096,4687395268635853895,"external CAMetalDisplayLink drawable via DXMT Presenter"
source_displayed,1,2,20,25,1,12,0,0,237349042677000,0,0,237349082113083,237349098746083,237349132078083,237349132091499,0,1208,0,4687395265201241563,4687395265772656897,4687395266917935696,"normalized presentedTime from Core Animation clock"
source_accepted,1,2,0,0,0,15,0,0,237349143052375,237349143717541,0,0,0,237349226145818,0,0,0,0,0,0,0,"owned history copy completed successfully"
history_copy_complete,1,2,0,0,0,15,0,0,237349143052375,237349143717541,0,0,0,237349226145818,0,0,0,0,0,0,0,"Metal command buffer completed"
generated_requested,1,2,0,0,2,15,14,15,237349143052375,237349143717541,0,0,0,237349209054150,0,0,0,0,0,0,0,"exact adjacent source pair submitted"
generated_ready,1,2,0,29,2,15,14,15,0,0,237349148798583,237349148787375,237349165410083,237349209054150,0,0,1416,0,0,0,0,"Metal status completed"
selected_source,1,2,0,29,1,14,0,0,237349108919541,237349109854041,0,237349148787375,237349165410083,237349198742083,0,0,1416,0,0,0,0,"next real endpoint in source order"
presentation_submitted,1,2,24,29,1,14,0,0,237349108919541,0,0,237349148787375,237349165410083,237349198742083,0,237349148853375,1416,0,4687395267492148463,4687395268063214496,4687395269208493295,"external CAMetalDisplayLink drawable via DXMT Presenter"
generated_selected,1,2,0,30,2,15,14,15,237349125985958,237349143717541,237349148798583,237349168554125,237349182076083,237349215408083,0,0,1000,0,0,0,0,"exact A/B pair ready before display deadline"
presentation_submitted,1,2,25,30,2,15,14,15,237349125985958,0,237349148798583,237349168554125,237349182076083,237349215408083,0,237349168645791,1000,0,4687395268171328821,4687395268635853895,4687395269781132695,"external CAMetalDisplayLink drawable via DXMT Presenter"
generated_displayed,1,2,21,26,2,13,12,13,237349059242979,0,237349082122875,237349098788458,237349115412083,237349148744083,237349167693916,0,1042,0,4687395265774198790,4687395266345296297,4687395267490575096,"normalized presentedTime from Core Animation clock"
presentation_dropped,1,2,22,27,1,13,0,0,237349075808958,0,0,237349115449375,237349132078083,237349165410083,0,0,1375,0,4687395266346664948,4687395266917935696,4687395268063214496,"Metal drawable presentedTime=0; associated frame was dropped or not presented"
source_accepted,1,2,0,0,0,16,0,0,237349176171041,237349176954083,0,0,0,237349258922498,0,0,0,0,0,0,0,"owned history copy completed successfully"
history_copy_complete,1,2,0,0,0,16,0,0,237349176171041,237349176954083,0,0,0,237349258922498,0,0,0,0,0,0,0,"Metal command buffer completed"
generated_requested,1,2,0,0,2,16,15,16,237349176171041,237349176954083,0,0,0,237349242534158,0,0,0,0,0,0,0,"exact adjacent source pair submitted"
generated_displayed,1,2,23,28,2,14,13,14,237349092364249,0,237349115460750,237349132182166,237349148744083,237349182076083,237349176116874,0,6709,0,4687395266921612188,4687395267490575096,4687395268635853895,"normalized presentedTime from Core Animation clock"
generated_ready,1,2,0,31,2,16,15,16,0,0,237349182119458,237349182107375,237349198742083,237349242534158,0,0,1583,0,0,0,0,"Metal status completed"
selected_source,1,2,0,31,1,15,0,0,237349143052375,237349143717541,0,237349182107375,237349198742083,237349232074083,0,0,1583,0,0,0,0,"next real endpoint in source order"
presentation_submitted,1,2,26,31,1,15,0,0,237349143052375,0,0,237349182107375,237349198742083,237349232074083,0,237349182173625,1583,0,4687395268637022126,4687395269208493295,4687395270353772094,"external CAMetalDisplayLink drawable via DXMT Presenter"
source_displayed,1,2,24,29,1,14,0,0,237349108919541,0,0,237349148787375,237349165410083,237349198742083,237349184712333,0,1416,0,4687395267492148463,4687395268063214496,4687395269208493295,"normalized presentedTime from Core Animation clock"
generated_selected,1,2,0,32,2,16,15,16,237349159611708,237349176954083,237349182119458,237349198781916,237349215408083,237349248740083,0,0,1750,0,0,0,0,"exact A/B pair ready before display deadline"
presentation_submitted,1,2,27,32,2,16,15,16,237349159611708,0,237349182119458,237349198781916,237349215408083,237349248740083,0,237349198859875,1750,0,4687395269209949289,4687395269781132695,4687395270926411494,"external CAMetalDisplayLink drawable via DXMT Presenter"
generated_displayed,1,2,25,30,2,15,14,15,237349125985958,0,237349148798583,237349168554125,237349182076083,237349215408083,237349201408958,0,1000,0,4687395268171328821,4687395268635853895,4687395269781132695,"normalized presentedTime from Core Animation clock"
source_accepted,1,2,0,0,0,17,0,0,237349209119041,237349209856833,0,0,0,237349291998004,0,0,0,0,0,0,0,"owned history copy completed successfully"
history_copy_complete,1,2,0,0,0,17,0,0,237349209119041,237349209856833,0,0,0,237349291998004,0,0,0,0,0,0,0,"Metal command buffer completed"
generated_requested,1,2,0,0,2,17,16,17,237349209119041,237349209856833,0,0,0,237349275460251,0,0,0,0,0,0,0,"exact adjacent source pair submitted"
generated_ready,1,2,0,33,2,17,16,17,0,0,237349215539458,237349215511083,237349232074083,237349275460251,0,0,6375,0,0,0,0,"Metal status completed"
selected_source,1,2,0,33,1,16,0,0,237349176171041,237349176954083,0,237349215511083,237349232074083,237349265406083,0,0,6375,0,0,0,0,"next real endpoint in source order"
presentation_submitted,1,2,28,33,1,16,0,0,237349176171041,0,0,237349215511083,237349232074083,237349265406083,0,237349215593750,6375,0,4687395269784779122,4687395270353772094,4687395271499050894,"external CAMetalDisplayLink drawable via DXMT Presenter"
source_displayed,1,2,26,31,1,15,0,0,237349143052375,0,0,237349182107375,237349198742083,237349232074083,237349218153416,0,1583,0,4687395268637022126,4687395269208493295,4687395270353772094,"normalized presentedTime from Core Animation clock"
generated_selected,1,2,0,34,2,17,16,17,237349192645041,237349209856833,237349215539458,237349232117916,237349248740083,237349282072083,0,0,1209,0,0,0,0,"exact A/B pair ready before display deadline"
presentation_submitted,1,2,29,34,2,17,16,17,237349192645041,0,237349215539458,237349232117916,237349248740083,237349282072083,0,237349232185041,1209,0,4687395270355365527,4687395270926411494,4687395272071690293,"external CAMetalDisplayLink drawable via DXMT Presenter"
generated_displayed,1,2,27,32,2,16,15,16,237349159611708,0,237349182119458,237349198781916,237349215408083,237349248740083,237349234849249,0,1750,0,4687395269209949289,4687395269781132695,4687395270926411494,"normalized presentedTime from Core Animation clock"
source_accepted,1,2,0,0,0,18,0,0,237349242256666,237349243171458,0,0,0,237349325224908,0,0,0,0,0,0,0,"owned history copy completed successfully"
history_copy_complete,1,2,0,0,0,18,0,0,237349242256666,237349243171458,0,0,0,237349325224908,0,0,0,0,0,0,0,"Metal command buffer completed"
generated_requested,1,2,0,0,2,18,17,18,237349242256666,237349243171458,0,0,0,237349308611456,0,0,0,0,0,0,0,"exact adjacent source pair submitted"
generated_ready,1,2,0,35,2,18,17,18,0,0,237349248854916,237349248828458,237349265406083,237349308611456,0,0,5167,0,0,0,0,"Metal status completed"
selected_source,1,2,0,35,1,17,0,0,237349209119041,237349209856833,0,237349248828458,237349265406083,237349298738083,0,0,5167,0,0,0,0,"next real endpoint in source order"
presentation_submitted,1,2,30,35,1,17,0,0,237349209119041,0,0,237349248828458,237349265406083,237349298738083,0,237349248903708,5167,0,4687395270929545377,4687395271499050893,4687395272644329693,"external CAMetalDisplayLink drawable via DXMT Presenter"
source_displayed,1,2,28,33,1,16,0,0,237349176171041,0,0,237349215511083,237349232074083,237349265406083,237349252022374,0,6375,0,4687395269784779122,4687395270353772094,4687395271499050894,"normalized presentedTime from Core Animation clock"
generated_selected,1,2,0,36,2,18,17,18,237349225687853,237349243171458,237349248854916,237349265444125,237349282072083,237349315404083,0,0,1333,0,0,0,0,"exact A/B pair ready before display deadline"
presentation_submitted,1,2,31,36,2,18,17,18,237349225687853,0,237349248854916,237349265444125,237349282072083,237349315404083,0,237349265535750,1333,0,4687395271500445315,4687395272071690293,4687395273216969092,"external CAMetalDisplayLink drawable via DXMT Presenter"
source_accepted,1,2,0,0,0,19,0,0,237349275691833,237349276616875,0,0,0,237349358730752,0,0,0,0,0,0,0,"owned history copy completed successfully"
history_copy_complete,1,2,0,0,0,19,0,0,237349275691833,237349276616875,0,0,0,237349358730752,0,0,0,0,0,0,0,"Metal command buffer completed"
generated_requested,1,2,0,0,2,19,18,19,237349275691833,237349276616875,0,0,0,237349341977830,0,0,0,0,0,0,0,"exact adjacent source pair submitted"
generated_displayed,1,2,29,34,2,17,16,17,237349192645041,0,237349215539458,237349232117916,237349248740083,237349282072083,237349268756083,0,1209,0,4687395270355365527,4687395270926411494,4687395272071690293,"normalized presentedTime from Core Animation clock"
generated_ready,1,2,0,37,2,19,18,19,0,0,237349282233375,237349282198875,237349298738083,237349341977830,0,0,15916,0,0,0,0,"Metal status completed"
selected_source,1,2,0,37,1,18,0,0,237349242256666,237349243171458,0,237349282198875,237349298738083,237349332070083,0,0,15916,0,0,0,0,"next real endpoint in source order"
presentation_submitted,1,2,32,37,1,18,0,0,237349242256666,0,0,237349282198875,237349298738083,237349332070083,0,237349282381583,15916,0,4687395272076159911,4687395272644329693,4687395273789608492,"external CAMetalDisplayLink drawable via DXMT Presenter"
generated_selected,1,2,0,38,2,19,18,19,237349258974249,237349276616875,237349282233375,237349298851291,237349315404083,237349348736083,0,0,4542,0,0,0,0,"exact A/B pair ready before display deadline"
presentation_submitted,1,2,33,38,2,19,18,19,237349258974249,0,237349282233375,237349298851291,237349315404083,237349348736083,0,237349299057083,4542,0,4687395272648321126,4687395273216969092,4687395274362247892,"external CAMetalDisplayLink drawable via DXMT Presenter"
source_displayed,1,2,30,35,1,17,0,0,237349209119041,0,0,237349248828458,237349265406083,237349298738083,237349298756291,0,5167,0,4687395270929545377,4687395271499050893,4687395272644329693,"normalized presentedTime from Core Animation clock"
source_accepted,1,2,0,0,0,20,0,0,237349308942750,237349309680000,0,0,0,237349392022184,0,0,0,0,0,0,0,"owned history copy completed successfully"
history_copy_complete,1,2,0,0,0,20,0,0,237349308942750,237349309680000,0,0,0,237349392022184,0,0,0,0,0,0,0,"Metal command buffer completed"
generated_requested,1,2,0,0,2,20,19,20,237349308942750,237349309680000,0,0,0,237349375376468,0,0,0,0,0,0,0,"exact adjacent source pair submitted"
generated_ready,1,2,0,39,2,20,19,20,0,0,237349315476375,237349315458541,237349332070083,237349375376468,0,0,3375,0,0,0,0,"Metal status completed"
selected_source,1,2,0,39,1,19,0,0,237349275691833,237349276616875,0,237349315458541,237349332070083,237349365402083,0,0,3375,0,0,0,0,"next real endpoint in source order"
presentation_submitted,1,2,34,39,1,19,0,0,237349275691833,0,0,237349315458541,237349332070083,237349365402083,0,237349315594000,3375,0,4687395273218936187,4687395273789608492,4687395274934887291,"external CAMetalDisplayLink drawable via DXMT Presenter"
generated_displayed,1,2,31,36,2,18,17,18,237349225687853,0,237349248854916,237349265444125,237349282072083,237349315404083,237349315422749,0,1333,0,4687395271500445315,4687395272071690293,4687395273216969092,"normalized presentedTime from Core Animation clock"
generated_selected,1,2,0,40,2,20,19,20,237349292317291,237349309680000,237349315476375,237349332113625,237349348736083,237349382068083,0,0,2500,0,0,0,0,"exact A/B pair ready before display deadline"
presentation_submitted,1,2,35,40,2,20,19,20,237349292317291,0,237349315476375,237349332113625,237349348736083,237349382068083,0,237349332232375,2500,0,4687395273791200482,4687395274362247892,4687395275507526691,"external CAMetalDisplayLink drawable via DXMT Presenter"
source_displayed,1,2,32,37,1,18,0,0,237349242256666,0,0,237349282198875,237349298738083,237349332070083,237349333362166,0,15916,0,4687395272076159911,4687395272644329693,4687395273789608492,"normalized presentedTime from Core Animation clock"
source_accepted,1,2,0,0,0,21,0,0,237349342224041,237349343035166,0,0,0,237349425351114,0,0,0,0,0,0,0,"owned history copy completed successfully"
history_copy_complete,1,2,0,0,0,21,0,0,237349342224041,237349343035166,0,0,0,237349425351114,0,0,0,0,0,0,0,"Metal command buffer completed"
generated_requested,1,2,0,0,2,21,20,21,237349342224041,237349343035166,0,0,0,237349408686649,0,0,0,0,0,0,0,"exact adjacent source pair submitted"
generated_displayed,1,2,33,38,2,19,18,19,237349258974249,0,237349282233375,237349298851291,237349315404083,237349348736083,237349340069374,0,4542,0,4687395272648321126,4687395273216969092,4687395274362247892,"normalized presentedTime from Core Animation clock"
generated_ready,1,2,0,41,2,21,20,21,0,0,237349348858500,237349348844625,237349365402083,237349408686649,0,0,2041,0,0,0,0,"Metal status completed"
selected_source,1,2,0,41,1,20,0,0,237349308942750,237349309680000,0,237349348844625,237349365402083,237349398734083,0,0,2041,0,0,0,0,"next real endpoint in source order"
presentation_submitted,1,2,36,41,1,20,0,0,237349308942750,0,0,237349348844625,237349365402083,237349398734083,0,237349348937416,2041,0,4687395274366076116,4687395274934887291,4687395276080166091,"external CAMetalDisplayLink drawable via DXMT Presenter"
source_displayed,1,2,34,39,1,19,0,0,237349275691833,0,0,237349315458541,237349332070083,237349365402083,237349351953749,0,3375,0,4687395273218936187,4687395273789608492,4687395274934887291,"normalized presentedTime from Core Animation clock"
generated_selected,1,2,0,42,2,21,20,21,237349325583395,237349343035166,237349348858500,237349365495333,237349382068083,237349415400083,0,0,7167,0,0,0,0,"exact A/B pair ready before display deadline"
presentation_submitted,1,2,37,42,2,21,20,21,237349325583395,0,237349348858500,237349365495333,237349382068083,237349415400083,0,237349365626041,7167,0,4687395274938194416,4687395275507526691,4687395276652805490,"external CAMetalDisplayLink drawable via DXMT Presenter"
generated_displayed,1,2,35,40,2,20,19,20,237349292317291,0,237349315476375,237349332113625,237349348736083,237349382068083,237349368537499,0,2500,0,4687395273791200482,4687395274362247892,4687395275507526691,"normalized presentedTime from Core Animation clock"
source_accepted,1,2,0,0,0,22,0,0,237349375476750,237349376246916,0,0,0,237349458628167,0,0,0,0,0,0,0,"owned history copy completed successfully"
history_copy_complete,1,2,0,0,0,22,0,0,237349375476750,237349376246916,0,0,0,237349458628167,0,0,0,0,0,0,0,"Metal command buffer completed"
generated_requested,1,2,0,0,2,22,21,22,237349375476750,237349376246916,0,0,0,237349441989640,0,0,0,0,0,0,0,"exact adjacent source pair submitted"
generated_ready,1,2,0,43,2,22,21,22,0,0,237349382112291,237349382101083,237349398734083,237349441989640,0,0,1417,0,0,0,0,"Metal status completed"
selected_source,1,2,0,43,1,21,0,0,237349342224041,237349343035166,0,237349382101083,237349398734083,237349432066083,0,0,1417,0,0,0,0,"next real endpoint in source order"
presentation_submitted,1,2,38,43,1,21,0,0,237349342224041,0,0,237349382101083,237349398734083,237349432066083,0,237349382167000,1417,0,4687395275508752165,4687395276080166091,4687395277225444890,"external CAMetalDisplayLink drawable via DXMT Presenter"
source_displayed,1,2,36,41,1,20,0,0,237349308942750,0,0,237349348844625,237349365402083,237349398734083,237349384586791,0,2041,0,4687395274366076116,4687395274934887291,4687395276080166091,"normalized presentedTime from Core Animation clock"
generated_selected,1,2,0,44,2,22,21,22,237349358850395,237349376246916,237349382112291,237349398783041,237349415400083,237349448732083,0,0,2417,0,0,0,0,"exact A/B pair ready before display deadline"
presentation_submitted,1,2,39,44,2,22,21,22,237349358850395,0,237349382112291,237349398783041,237349415400083,237349448732083,0,237349398893166,2417,0,4687395276081938469,4687395276652805490,4687395277798084290,"external CAMetalDisplayLink drawable via DXMT Presenter"
generated_displayed,1,2,37,42,2,21,20,21,237349325583395,0,237349348858500,237349365495333,237349382068083,237349415400083,237349401902916,0,7167,0,4687395274938194416,4687395275507526691,4687395276652805490,"normalized presentedTime from Core Animation clock"
source_accepted,1,2,0,0,0,23,0,0,237349409127666,237349409831500,0,0,0,237349492311521,0,0,0,0,0,0,0,"owned history copy completed successfully"
history_copy_complete,1,2,0,0,0,23,0,0,237349409127666,237349409831500,0,0,0,237349492311521,0,0,0,0,0,0,0,"Metal command buffer completed"
generated_requested,1,2,0,0,2,23,22,23,237349409127666,237349409831500,0,0,0,237349475469844,0,0,0,0,0,0,0,"exact adjacent source pair submitted"
generated_ready,1,2,0,45,2,23,22,23,0,0,237349415524416,237349415484250,237349432066083,237349475469844,0,0,7041,0,0,0,0,"Metal status completed"
selected_source,1,2,0,45,1,22,0,0,237349375476750,237349376246916,0,237349415484250,237349432066083,237349465398083,0,0,7041,0,0,0,0,"next real endpoint in source order"
presentation_submitted,1,2,40,45,1,22,0,0,237349375476750,0,0,237349415484250,237349432066083,237349465398083,0,237349415588916,7041,0,4687395276655811967,4687395277225444890,4687395278370723689,"external CAMetalDisplayLink drawable via DXMT Presenter"
generated_selected,1,2,0,46,2,23,22,23,237349392302208,237349409831500,237349415524416,237349432096625,237349448732082,237349482064083,0,0,2291,0,0,0,0,"exact A/B pair ready before display deadline"
presentation_submitted,1,2,41,46,2,23,22,23,237349392302208,0,237349415524416,237349432096625,237349448732082,237349482064083,0,237349432174708,2291,0,4687395277226581613,4687395277798084289,4687395278943363089,"external CAMetalDisplayLink drawable via DXMT Presenter"
source_displayed,1,2,38,43,1,21,0,0,237349342224041,0,0,237349382101083,237349398734083,237349432066083,237349432088166,0,1417,0,4687395275508752165,4687395276080166091,4687395277225444890,"normalized presentedTime from Core Animation clock"
source_accepted,1,2,0,0,0,24,0,0,237349442306583,237349443028750,0,0,0,237349525511978,0,0,0,0,0,0,0,"owned history copy completed successfully"
history_copy_complete,1,2,0,0,0,24,0,0,237349442306583,237349443028750,0,0,0,237349525511978,0,0,0,0,0,0,0,"Metal command buffer completed"
generated_requested,1,2,0,0,2,24,23,24,237349442306583,237349443028750,0,0,0,237349508911749,0,0,0,0,0,0,0,"exact adjacent source pair submitted"
generated_ready,1,2,0,47,2,24,23,24,0,0,237349448802000,237349448788583,237349465398083,237349508911749,0,0,3333,0,0,0,0,"Metal status completed"
selected_source,1,2,0,47,1,23,0,0,237349409127666,237349409831500,0,237349448788583,237349465398083,237349498730083,0,0,3333,0,0,0,0,"next real endpoint in source order"
presentation_submitted,1,2,42,47,1,23,0,0,237349409127666,0,0,237349448788583,237349465398083,237349498730083,0,237349448894125,3333,0,4687395277800118661,4687395278370723689,4687395279516002488,"external CAMetalDisplayLink drawable via DXMT Presenter"
generated_displayed,1,2,39,44,2,22,21,22,237349358850395,0,237349382112291,237349398783041,237349415400083,237349448732083,237349449917041,0,2417,0,4687395276081938469,4687395276652805490,4687395277798084290,"normalized presentedTime from Core Animation clock"
source_displayed,1,2,40,45,1,22,0,0,237349375476750,0,0,237349415484250,237349432066083,237349465398083,237349455741041,0,7041,0,4687395276655811967,4687395277225444890,4687395278370723689,"normalized presentedTime from Core Animation clock"
generated_selected,1,2,0,48,2,24,23,24,237349425717124,237349443028750,237349448802000,237349465456208,237349482064083,237349515396083,0,0,4042,0,0,0,0,"exact A/B pair ready before display deadline"
presentation_submitted,1,2,43,48,2,24,23,24,237349425717124,0,237349448802000,237349465456208,237349482064083,237349515396083,0,237349465631583,4042,0,4687395278372825337,4687395278943363089,4687395280088641888,"external CAMetalDisplayLink drawable via DXMT Presenter"
generated_displayed,1,2,41,46,2,23,22,23,237349392302208,0,237349415524416,237349432096625,237349448732082,237349482064083,237349469286541,0,2291,0,4687395277226581613,4687395277798084289,4687395278943363089,"normalized presentedTime from Core Animation clock"
source_accepted,1,2,0,0,0,25,0,0,237349475488250,237349476232625,0,0,0,237349558709715,0,0,0,0,0,0,0,"owned history copy completed successfully"
history_copy_complete,1,2,0,0,0,25,0,0,237349475488250,237349476232625,0,0,0,237349558709715,0,0,0,0,0,0,0,"Metal command buffer completed"
generated_requested,1,2,0,0,2,25,24,25,237349475488250,237349476232625,0,0,0,237349542110846,0,0,0,0,0,0,0,"exact adjacent source pair submitted"
generated_ready,1,2,0,49,2,25,24,25,0,0,237349482454250,237349482398583,237349498730083,237349542110846,0,0,4833,0,0,0,0,"Metal status completed"
selected_source,1,2,0,49,1,24,0,0,237349442306583,237349443028750,0,237349482398583,237349498730083,237349532062083,0,0,4833,0,0,0,0,"next real endpoint in source order"
presentation_submitted,1,2,44,49,1,24,0,0,237349442306583,0,0,237349482398583,237349498730083,237349532062083,0,237349482840708,4833,0,4687395278954955205,4687395279516002488,4687395280661281288,"external CAMetalDisplayLink drawable via DXMT Presenter"
source_displayed,1,2,42,47,1,23,0,0,237349409127666,0,0,237349448788583,237349465398083,237349498730083,237349484071083,0,3333,0,4687395277800118661,4687395278370723689,4687395279516002488,"normalized presentedTime from Core Animation clock"
generated_selected,1,2,0,50,2,25,24,25,237349458897416,237349476232625,237349482454250,237349498795291,237349515396083,237349548728083,0,0,8209,0,0,0,0,"exact A/B pair ready before display deadline"
presentation_submitted,1,2,45,50,2,25,24,25,237349458897416,0,237349482454250,237349498795291,237349515396083,237349548728083,0,237349499022000,8209,0,4687395279518358982,4687395280088641888,4687395281233920687,"external CAMetalDisplayLink drawable via DXMT Presenter"
generated_displayed,1,2,43,48,2,24,23,24,237349425717124,0,237349448802000,237349465456208,237349482064083,237349515396083,237349501600166,0,4042,0,4687395278372825337,4687395278943363089,4687395280088641888,"normalized presentedTime from Core Animation clock"
source_accepted,1,2,0,0,0,26,0,0,237349509712208,237349510483583,0,0,0,237349592914686,0,0,0,0,0,0,0,"owned history copy completed successfully"
history_copy_complete,1,2,0,0,0,26,0,0,237349509712208,237349510483583,0,0,0,237349592914686,0,0,0,0,0,0,0,"Metal command buffer completed"
generated_requested,1,2,0,0,2,26,25,26,237349509712208,237349510483583,0,0,0,237349575812200,0,0,0,0,0,0,0,"exact adjacent source pair submitted"
generated_ready,1,2,0,51,2,26,25,26,0,0,237349515453333,237349515441583,237349532062083,237349575812200,0,0,2917,0,0,0,0,"Metal status completed"
selected_source,1,2,0,51,1,25,0,0,237349475488250,237349476232625,0,237349515441583,237349532062083,237349565394083,0,0,2917,0,0,0,0,"next real endpoint in source order"
presentation_submitted,1,2,46,51,1,25,0,0,237349475488250,0,0,237349515441583,237349532062083,237349565394083,0,237349515545166,2917,0,4687395280090305449,4687395280661281288,4687395281806560087,"external CAMetalDisplayLink drawable via DXMT Presenter"
source_displayed,1,2,44,49,1,24,0,0,237349442306583,0,0,237349482398583,237349498730083,237349532062083,237349518050333,0,4833,0,4687395278954955205,4687395279516002488,4687395280661281288,"normalized presentedTime from Core Animation clock"
generated_selected,1,2,0,52,2,26,25,26,237349492600229,237349510483583,237349515453333,237349532112875,237349548728083,237349582060083,0,0,3708,0,0,0,0,"exact A/B pair ready before display deadline"
presentation_submitted,1,2,47,52,2,26,25,26,237349492600229,0,237349515453333,237349532112875,237349548728083,237349582060083,0,237349532294791,3708,0,4687395280663126681,4687395281233920687,4687395282379199487,"external CAMetalDisplayLink drawable via DXMT Presenter"
source_accepted,1,2,0,0,0,27,0,0,237349542990291,237349543765000,0,0,0,237349626211643,0,0,0,0,0,0,0,"owned history copy completed successfully"
history_copy_complete,1,2,0,0,0,27,0,0,237349542990291,237349543765000,0,0,0,237349626211643,0,0,0,0,0,0,0,"Metal command buffer completed"
generated_requested,1,2,0,0,2,27,26,27,237349542990291,237349543765000,0,0,0,237349609563164,0,0,0,0,0,0,0,"exact adjacent source pair submitted"
generated_ready,1,2,0,53,2,27,26,27,0,0,237349548794375,237349548781208,237349565394083,237349609563164,0,0,4125,0,0,0,0,"Metal status completed"
selected_source,1,2,0,53,1,26,0,0,237349509712208,237349510483583,0,237349548781208,237349565394083,237349598726083,0,0,4125,0,0,0,0,"next real endpoint in source order"
presentation_submitted,1,2,48,53,1,26,0,0,237349509712208,0,0,237349548781208,237349565394083,237349598726083,0,237349548881416,4125,0,4687395281235844833,4687395281806560087,4687395282951838886,"external CAMetalDisplayLink drawable via DXMT Presenter"
generated_selected,1,2,0,54,2,27,26,27,237349526351249,237349543765000,237349548794375,237349565615375,237349582060083,237349615392083,0,0,6750,0,0,0,0,"exact A/B pair ready before display deadline"
presentation_submitted,1,2,49,54,2,27,26,27,237349526351249,0,237349548794375,237349565615375,237349582060083,237349615392083,0,237349565833041,6750,0,4687395281814272405,4687395282379199487,4687395283524478286,"external CAMetalDisplayLink drawable via DXMT Presenter"
generated_displayed,1,2,45,50,2,25,24,25,237349458897416,0,237349482454250,237349498795291,237349515396083,237349548728083,237349565419958,0,8209,0,4687395279518358982,4687395280088641888,4687395281233920687,"normalized presentedTime from Core Animation clock"
source_accepted,1,2,0,0,0,28,0,0,237349576257916,237349577226541,0,0,0,237349659471572,0,0,0,0,0,0,0,"owned history copy completed successfully"
history_copy_complete,1,2,0,0,0,28,0,0,237349576257916,237349577226541,0,0,0,237349659471572,0,0,0,0,0,0,0,"Metal command buffer completed"
generated_requested,1,2,0,0,2,28,27,28,237349576257916,237349577226541,0,0,0,237349642841607,0,0,0,0,0,0,0,"exact adjacent source pair submitted"
generated_ready,1,2,0,55,2,28,27,28,0,0,237349582128083,237349582107208,237349598726083,237349642841607,0,0,4208,0,0,0,0,"Metal status completed"
selected_source,1,2,0,55,1,27,0,0,237349542990291,237349543765000,0,237349582107208,237349598726083,237349632058083,0,0,4208,0,0,0,0,"next real endpoint in source order"
presentation_submitted,1,2,50,55,1,27,0,0,237349542990291,0,0,237349582107208,237349598726083,237349632058083,0,237349582208250,4208,0,4687395282380917474,4687395282951838886,4687395284097117686,"external CAMetalDisplayLink drawable via DXMT Presenter"
source_displayed,1,2,46,51,1,25,0,0,237349475488250,0,0,237349515441583,237349532062083,237349565394083,237349582086499,0,2917,0,4687395280090305449,4687395280661281288,4687395281806560087,"normalized presentedTime from Core Animation clock"
generated_selected,1,2,0,56,2,28,27,28,237349559624103,237349577226541,237349582128083,237349598767375,237349615392083,237349648724083,0,0,2916,0,0,0,0,"exact A/B pair ready before display deadline"
presentation_submitted,1,2,51,56,2,28,27,28,237349559624103,0,237349582128083,237349598767375,237349615392083,237349648724083,0,237349598890666,2916,0,4687395282953353567,4687395283524478286,4687395284669757085,"external CAMetalDisplayLink drawable via DXMT Presenter"
generated_displayed,1,2,47,52,2,26,25,26,237349492600229,0,237349515453333,237349532112875,237349548728083,237349582060083,237349598752958,0,3708,0,4687395280663126681,4687395281233920687,4687395282379199487,"normalized presentedTime from Core Animation clock"
source_displayed,1,2,48,53,1,26,0,0,237349509712208,0,0,237349548781208,237349565394083,237349598726083,237349599898541,0,4125,0,4687395281235844833,4687395281806560087,4687395282951838886,"normalized presentedTime from Core Animation clock"
source_accepted,1,2,0,0,0,29,0,0,237349609548666,237349610349541,0,0,0,237349692779586,0,0,0,0,0,0,0,"owned history copy completed successfully"
history_copy_complete,1,2,0,0,0,29,0,0,237349609548666,237349610349541,0,0,0,237349692779586,0,0,0,0,0,0,0,"Metal command buffer completed"
generated_displayed,1,2,49,54,2,27,26,27,237349526351249,0,237349548794375,237349565615375,237349582060083,237349615392083,237349605606708,0,6750,0,4687395281814272405,4687395282379199487,4687395283524478286,"normalized presentedTime from Core Animation clock"
generated_requested,1,2,0,0,2,29,28,29,237349609548666,237349610349541,0,0,0,237349676125579,0,0,0,0,0,0,0,"exact adjacent source pair submitted"
generated_ready,1,2,0,57,2,29,28,29,0,0,237349615506333,237349615492250,237349632058083,237349676125579,0,0,2791,0,0,0,0,"Metal status completed"
selected_source,1,2,0,57,1,28,0,0,237349576257916,237349577226541,0,237349615492250,237349632058083,237349665390083,0,0,2791,0,0,0,0,"next real endpoint in source order"
presentation_submitted,1,2,52,57,1,28,0,0,237349576257916,0,0,237349615492250,237349632058083,237349665390083,0,237349615586541,2791,0,4687395283528018748,4687395284097117686,4687395285242396485,"external CAMetalDisplayLink drawable via DXMT Presenter"
source_displayed,1,2,50,55,1,27,0,0,237349542990291,0,0,237349582107208,237349598726083,237349632058083,237349618575833,0,4208,0,4687395282380917474,4687395282951838886,4687395284097117686,"normalized presentedTime from Core Animation clock"
generated_selected,1,2,0,58,2,29,28,29,237349592903291,237349610349541,237349615506333,237349632093958,237349648724083,237349682056083,0,0,1250,0,0,0,0,"exact A/B pair ready before display deadline"
presentation_submitted,1,2,53,58,2,29,28,29,237349592903291,0,237349615506333,237349632093958,237349648724083,237349682056083,0,237349632180833,1250,0,4687395284098443387,4687395284669757085,4687395285815035885,"external CAMetalDisplayLink drawable via DXMT Presenter"
generated_displayed,1,2,51,56,2,28,27,28,237349559624103,0,237349582128083,237349598767375,237349615392083,237349648724083,237349635383916,0,2916,0,4687395282953353567,4687395283524478286,4687395284669757085,"normalized presentedTime from Core Animation clock"
source_accepted,1,2,0,0,0,30,0,0,237349642452500,237349643182125,0,0,0,237349725691513,0,0,0,0,0,0,0,"owned history copy completed successfully"
history_copy_complete,1,2,0,0,0,30,0,0,237349642452500,237349643182125,0,0,0,237349725691513,0,0,0,0,0,0,0,"Metal command buffer completed"
generated_requested,1,2,0,0,2,30,29,30,237349642452500,237349643182125,0,0,0,237349709235549,0,0,0,0,0,0,0,"exact adjacent source pair submitted"
generated_ready,1,2,0,59,2,30,29,30,0,0,237349648770708,237349648758750,237349665390083,237349709235549,0,0,1375,0,0,0,0,"Metal status completed"
selected_source,1,2,0,59,1,29,0,0,237349609548666,237349610349541,0,237349648758750,237349665390083,237349698722083,0,0,1375,0,0,0,0,"next real endpoint in source order"
presentation_submitted,1,2,54,59,1,29,0,0,237349609548666,0,0,237349648758750,237349665390083,237349698722083,0,237349648823833,1375,0,4687395284671038394,4687395285242396485,4687395286387675284,"external CAMetalDisplayLink drawable via DXMT Presenter"
source_displayed,1,2,52,57,1,28,0,0,237349576257916,0,0,237349615492250,237349632058083,237349665390083,237349651436124,0,2791,0,4687395283528018748,4687395284097117686,4687395285242396485,"normalized presentedTime from Core Animation clock"
generated_selected,1,2,0,60,2,30,29,30,237349626000583,237349643182125,237349648770708,237349665423916,237349682056083,237349715388083,0,0,2917,0,0,0,0,"exact A/B pair ready before display deadline"
presentation_submitted,1,2,55,60,2,30,29,30,237349626000583,0,237349648770708,237349665423916,237349682056083,237349715388083,0,237349665528958,2917,0,4687395285243653467,4687395285815035884,4687395286960314684,"external CAMetalDisplayLink drawable via DXMT Presenter"
generated_displayed,1,2,53,58,2,29,28,29,237349592903291,0,237349615506333,237349632093958,237349648724083,237349682056083,237349668905833,0,1250,0,4687395284098443387,4687395284669757085,4687395285815035885,"normalized presentedTime from Core Animation clock"
source_accepted,1,2,0,0,0,31,0,0,237349675671666,237349676479666,0,0,0,237349758924295,0,0,0,0,0,0,0,"owned history copy completed successfully"
history_copy_complete,1,2,0,0,0,31,0,0,237349675671666,237349676479666,0,0,0,237349758924295,0,0,0,0,0,0,0,"Metal command buffer completed"
generated_requested,1,2,0,0,2,31,30,31,237349675671666,237349676479666,0,0,0,237349742307904,0,0,0,0,0,0,0,"exact adjacent source pair submitted"
generated_ready,1,2,0,61,2,31,30,31,0,0,237349682165875,237349682147625,237349698722083,237349742307904,0,0,5416,0,0,0,0,"Metal status completed"
selected_source,1,2,0,61,1,30,0,0,237349642452500,237349643182125,0,237349682147625,237349698722083,237349732054083,0,0,5416,0,0,0,0,"next real endpoint in source order"
presentation_submitted,1,2,56,61,1,30,0,0,237349642452500,0,0,237349682147625,237349698722083,237349732054083,0,237349682327541,5416,0,4687395285818281437,4687395286387675284,4687395287532954083,"external CAMetalDisplayLink drawable via DXMT Presenter"
source_displayed,1,2,54,59,1,29,0,0,237349609548666,0,0,237349648758750,237349665390083,237349698722083,237349684825291,0,1375,0,4687395284671038394,4687395285242396485,4687395286387675284,"normalized presentedTime from Core Animation clock"
generated_selected,1,2,0,62,2,31,30,31,237349659062083,237349676479666,237349682165875,237349698797791,237349715388083,237349748720083,0,0,7542,0,0,0,0,"exact A/B pair ready before display deadline"
presentation_submitted,1,2,57,62,2,31,30,31,237349659062083,0,237349682165875,237349698797791,237349715388083,237349748720083,0,237349699019625,7542,0,4687395286390393998,4687395286960314684,4687395288105593483,"external CAMetalDisplayLink drawable via DXMT Presenter"
source_accepted,1,2,0,0,0,32,0,0,237349708936125,237349709814583,0,0,0,237349792187724,0,0,0,0,0,0,0,"owned history copy completed successfully"
history_copy_complete,1,2,0,0,0,32,0,0,237349708936125,237349709814583,0,0,0,237349792187724,0,0,0,0,0,0,0,"Metal command buffer completed"
generated_requested,1,2,0,0,2,32,31,32,237349708936125,237349709814583,0,0,0,237349775556009,0,0,0,0,0,0,0,"exact adjacent source pair submitted"
generated_ready,1,2,0,63,2,32,31,32,0,0,237349715505291,237349715467333,237349732054083,237349775556009,0,0,5917,0,0,0,0,"Metal status completed"
selected_source,1,2,0,63,1,31,0,0,237349675671666,237349676479666,0,237349715467333,237349732054083,237349765386083,0,0,5917,0,0,0,0,"next real endpoint in source order"
presentation_submitted,1,2,58,63,1,31,0,0,237349675671666,0,0,237349715467333,237349732054083,237349765386083,0,237349715648125,5917,0,4687395286963142181,4687395287532954083,4687395288678232883,"external CAMetalDisplayLink drawable via DXMT Presenter"
generated_selected,1,2,0,64,2,32,31,32,237349692303895,237349709814583,237349715505291,237349732159875,237349748720083,237349782052083,0,0,8666,0,0,0,0,"exact A/B pair ready before display deadline"
presentation_submitted,1,2,59,64,2,32,31,32,237349692303895,0,237349715505291,237349732159875,237349748720083,237349782052083,0,237349732393958,8666,0,4687395287536702147,4687395288105593483,4687395289250872282,"external CAMetalDisplayLink drawable via DXMT Presenter"
generated_displayed,1,2,55,60,2,30,29,30,237349626000583,0,237349648770708,237349665423916,237349682056083,237349715388083,237349732084791,0,2917,0,4687395285243653467,4687395285815035884,4687395286960314684,"normalized presentedTime from Core Animation clock"
source_accepted,1,2,0,0,0,33,0,0,237349742242500,237349743151416,0,0,0,237349825490894,0,0,0,0,0,0,0,"owned history copy completed successfully"
history_copy_complete,1,2,0,0,0,33,0,0,237349742242500,237349743151416,0,0,0,237349825490894,0,0,0,0,0,0,0,"Metal command buffer completed"
generated_requested,1,2,0,0,2,33,32,33,237349742242500,237349743151416,0,0,0,237349808839309,0,0,0,0,0,0,0,"exact adjacent source pair submitted"
generated_ready,1,2,0,65,2,33,32,33,0,0,237349748806166,237349748783416,237349765386083,237349808839309,0,0,4917,0,0,0,0,"Metal status completed"
selected_source,1,2,0,65,1,32,0,0,237349708936125,237349709814583,0,237349748783416,237349765386083,237349798718083,0,0,4917,0,0,0,0,"next real endpoint in source order"
presentation_submitted,1,2,60,65,1,32,0,0,237349708936125,0,0,237349748783416,237349765386083,237349798718083,0,237349748914916,4917,0,4687395288107868373,4687395288678232883,4687395289823511682,"external CAMetalDisplayLink drawable via DXMT Presenter"
source_displayed,1,2,56,61,1,30,0,0,237349642452500,0,0,237349682147625,237349698722083,237349732054083,237349748751291,0,5416,0,4687395285818281437,4687395286387675284,4687395287532954083,"normalized presentedTime from Core Animation clock"
generated_selected,1,2,0,66,2,33,32,33,237349725589312,237349743151416,237349748806166,237349765460166,237349782052083,237349815384083,0,0,6459,0,0,0,0,"exact A/B pair ready before display deadline"
presentation_submitted,1,2,61,66,2,33,32,33,237349725589312,0,237349748806166,237349765460166,237349782052083,237349815384083,0,237349765698583,6459,0,4687395288680877139,4687395289250872282,4687395290396151082,"external CAMetalDisplayLink drawable via DXMT Presenter"
generated_displayed,1,2,57,62,2,31,30,31,237349659062083,0,237349682165875,237349698797791,237349715388083,237349748720083,237349765417749,0,7542,0,4687395286390393998,4687395286960314684,4687395288105593483,"normalized presentedTime from Core Animation clock"
source_accepted,1,2,0,0,0,34,0,0,237349775554458,237349776468041,0,0,0,237349858806102,0,0,0,0,0,0,0,"owned history copy completed successfully"
history_copy_complete,1,2,0,0,0,34,0,0,237349775554458,237349776468041,0,0,0,237349858806102,0,0,0,0,0,0,0,"Metal command buffer completed"
generated_requested,1,2,0,0,2,34,33,34,237349775554458,237349776468041,0,0,0,237349842148498,0,0,0,0,0,0,0,"exact adjacent source pair submitted"
generated_ready,1,2,0,67,2,34,33,34,0,0,237349782130583,237349782107708,237349798718083,237349842148498,0,0,3500,0,0,0,0,"Metal status completed"
selected_source,1,2,0,67,1,33,0,0,237349742242500,237349743151416,0,237349782107708,237349798718083,237349832050083,0,0,3500,0,0,0,0,"next real endpoint in source order"
presentation_submitted,1,2,62,67,1,33,0,0,237349742242500,0,0,237349782107708,237349798718083,237349832050083,0,237349782230916,3500,0,4687395289252880884,4687395289823511682,4687395290968790481,"external CAMetalDisplayLink drawable via DXMT Presenter"
source_displayed,1,2,58,63,1,31,0,0,237349675671666,0,0,237349715467333,237349732054083,237349765386083,237349782084291,0,5917,0,4687395286963142181,4687395287532954083,4687395288678232883,"normalized presentedTime from Core Animation clock"
generated_displayed,1,2,59,64,2,32,31,32,237349692303895,0,237349715505291,237349732159875,237349748720083,237349782052083,237349783365541,0,8666,0,4687395287536702147,4687395288105593483,4687395289250872282,"normalized presentedTime from Core Animation clock"
source_displayed,1,2,60,65,1,32,0,0,237349708936125,0,0,237349748783416,237349765386083,237349798718083,237349790108249,0,4917,0,4687395288107868373,4687395288678232883,4687395289823511682,"normalized presentedTime from Core Animation clock"
generated_selected,1,2,0,68,2,34,33,34,237349758898479,237349776468041,237349782130583,237349798786833,237349815384083,237349848716083,0,0,6417,0,0,0,0,"exact A/B pair ready before display deadline"
presentation_submitted,1,2,63,68,2,34,33,34,237349758898479,0,237349782130583,237349798786833,237349815384083,237349848716083,0,237349799033541,6417,0,4687395289825976993,4687395290396151082,4687395291541429881,"external CAMetalDisplayLink drawable via DXMT Presenter"
generated_displayed,1,2,61,66,2,33,32,33,237349725589312,0,237349748806166,237349765460166,237349782052083,237349815384083,237349801296041,0,6459,0,4687395288680877139,4687395289250872282,4687395290396151082,"normalized presentedTime from Core Animation clock"
source_accepted,1,2,0,0,0,35,0,0,237349808838125,237349809809541,0,0,0,237349892093768,0,0,0,0,0,0,0,"owned history copy completed successfully"
history_copy_complete,1,2,0,0,0,35,0,0,237349808838125,237349809809541,0,0,0,237349892093768,0,0,0,0,0,0,0,"Metal command buffer completed"
generated_requested,1,2,0,0,2,35,34,35,237349808838125,237349809809541,0,0,0,237349875449935,0,0,0,0,0,0,0,"exact adjacent source pair submitted"
generated_ready,1,2,0,69,2,35,34,35,0,0,237349815503791,237349815475791,237349832050083,237349875449935,0,0,6417,0,0,0,0,"Metal status completed"
selected_source,1,2,0,69,1,34,0,0,237349775554458,237349776468041,0,237349815475791,237349832050083,237349865382083,0,0,6417,0,0,0,0,"next real endpoint in source order"
presentation_submitted,1,2,64,69,1,34,0,0,237349775554458,0,0,237349815475791,237349832050083,237349865382083,0,237349815751041,6417,0,4687395290399402372,4687395290968790481,4687395292114069281,"external CAMetalDisplayLink drawable via DXMT Presenter"
source_displayed,1,2,62,67,1,33,0,0,237349742242500,0,0,237349782107708,237349798718083,237349832050083,237349817924624,0,3500,0,4687395289252880884,4687395289823511682,4687395290968790481,"normalized presentedTime from Core Animation clock"
generated_selected,1,2,0,70,2,35,34,35,237349792196291,237349809809541,237349815503791,237349832130333,237349848716083,237349882048083,0,0,8333,0,0,0,0,"exact A/B pair ready before display deadline"
presentation_submitted,1,2,65,70,2,35,34,35,237349792196291,0,237349815503791,237349832130333,237349848716083,237349882048083,0,237349832363291,8333,0,4687395290971668109,4687395291541429881,4687395292686708680,"external CAMetalDisplayLink drawable via DXMT Presenter"
generated_displayed,1,2,63,68,2,34,33,34,237349758898479,0,237349782130583,237349798786833,237349815384083,237349848716083,237349834462916,0,6417,0,4687395289825976993,4687395290396151082,4687395291541429881,"normalized presentedTime from Core Animation clock"
source_accepted,1,2,0,0,0,36,0,0,237349842161750,237349843203916,0,0,0,237349925415070,0,0,0,0,0,0,0,"owned history copy completed successfully"
history_copy_complete,1,2,0,0,0,36,0,0,237349842161750,237349843203916,0,0,0,237349925415070,0,0,0,0,0,0,0,"Metal command buffer completed"
generated_requested,1,2,0,0,2,36,35,36,237349842161750,237349843203916,0,0,0,237349908754419,0,0,0,0,0,0,0,"exact adjacent source pair submitted"
generated_ready,1,2,0,71,2,36,35,36,0,0,237349848845416,237349848802750,237349865382083,237349908754419,0,0,8083,0,0,0,0,"Metal status completed"
selected_source,1,2,0,71,1,35,0,0,237349808838125,237349809809541,0,237349848802750,237349865382083,237349898714083,0,0,8083,0,0,0,0,"next real endpoint in source order"
presentation_submitted,1,2,66,71,1,35,0,0,237349808838125,0,0,237349848802750,237349865382083,237349898714083,0,237349849018250,8083,0,4687395291544516519,4687395292114069281,4687395293259348080,"external CAMetalDisplayLink drawable via DXMT Presenter"
source_displayed,1,2,64,69,1,34,0,0,237349775554458,0,0,237349815475791,237349832050083,237349865382083,237349851267458,0,6417,0,4687395290399402372,4687395290968790481,4687395292114069281,"normalized presentedTime from Core Animation clock"
generated_selected,1,2,0,72,2,36,35,36,237349825499937,237349843203916,237349848845416,237349865446625,237349882048083,237349915380083,0,0,7875,0,0,0,0,"exact A/B pair ready before display deadline"
presentation_submitted,1,2,67,72,2,36,35,36,237349825499937,0,237349848845416,237349865446625,237349882048083,237349915380083,0,237349865818375,7875,0,4687395292116398562,4687395292686708680,4687395293831987480,"external CAMetalDisplayLink drawable via DXMT Presenter"
generated_displayed,1,2,65,70,2,35,34,35,237349792196291,0,237349815503791,237349832130333,237349848716083,237349882048083,237349867953833,0,8333,0,4687395290971668109,4687395291541429881,4687395292686708680,"normalized presentedTime from Core Animation clock"
source_accepted,1,2,0,0,0,37,0,0,237349875453041,237349876366875,0,0,0,237349958707098,0,0,0,0,0,0,0,"owned history copy completed successfully"
history_copy_complete,1,2,0,0,0,37,0,0,237349875453041,237349876366875,0,0,0,237349958707098,0,0,0,0,0,0,0,"Metal command buffer completed"
generated_requested,1,2,0,0,2,37,36,37,237349875453041,237349876366875,0,0,0,237349942061084,0,0,0,0,0,0,0,"exact adjacent source pair submitted"
generated_ready,1,2,0,73,2,37,36,37,0,0,237349882150041,237349882128958,237349898714083,237349942061084,0,0,6292,0,0,0,0,"Metal status completed"
selected_source,1,2,0,73,1,36,0,0,237349842161750,237349843203916,0,237349882128958,237349898714083,237349932046083,0,0,6292,0,0,0,0,"next real endpoint in source order"
presentation_submitted,1,2,68,73,1,36,0,0,237349842161750,0,0,237349882128958,237349898714083,237349932046083,0,237349882298500,6292,0,4687395292689594898,4687395293259348080,4687395294404626879,"external CAMetalDisplayLink drawable via DXMT Presenter"
generated_selected,1,2,0,74,2,37,36,37,237349858807395,237349876366875,237349882150041,237349898785833,237349915380083,237349948712083,0,0,6542,0,0,0,0,"exact A/B pair ready before display deadline"
presentation_submitted,1,2,69,74,2,37,36,37,237349858807395,0,237349882150041,237349898785833,237349915380083,237349948712083,0,237349899027166,6542,0,4687395293261923617,4687395293831987479,4687395294977266279,"external CAMetalDisplayLink drawable via DXMT Presenter"
source_accepted,1,2,0,0,0,38,0,0,237349909743958,237349910561666,0,0,0,237349992998312,0,0,0,0,0,0,0,"owned history copy completed successfully"
history_copy_complete,1,2,0,0,0,38,0,0,237349909743958,237349910561666,0,0,0,237349992998312,0,0,0,0,0,0,0,"Metal command buffer completed"
generated_requested,1,2,0,0,2,38,37,38,237349909743958,237349910561666,0,0,0,237349975852705,0,0,0,0,0,0,0,"exact adjacent source pair submitted"
generated_ready,1,2,0,75,2,38,37,38,0,0,237349915471958,237349915444416,237349932046083,237349975852705,0,0,5292,0,0,0,0,"Metal status completed"
selected_source,1,2,0,75,1,37,0,0,237349875453041,237349876366875,0,237349915444416,237349932046083,237349965378083,0,0,5292,0,0,0,0,"next real endpoint in source order"
presentation_submitted,1,2,70,75,1,37,0,0,237349875453041,0,0,237349915444416,237349932046083,237349965378083,0,237349915581583,5292,0,4687395293834296729,4687395294404626879,4687395295549905678,"external CAMetalDisplayLink drawable via DXMT Presenter"
source_displayed,1,2,66,71,1,35,0,0,237349808838125,0,0,237349848802750,237349865382083,237349898714083,237349915416083,0,8083,0,4687395291544516519,4687395292114069281,4687395293259348080,"normalized presentedTime from Core Animation clock"
generated_selected,1,2,0,76,2,38,37,38,237349892598499,237349910561666,237349915471958,237349932093375,237349948712083,237349982044083,0,0,3500,0,0,0,0,"exact A/B pair ready before display deadline"
presentation_submitted,1,2,71,76,2,38,37,38,237349892598499,0,237349915471958,237349932093375,237349948712083,237349982044083,0,237349932299208,3500,0,4687395294406349161,4687395294977266279,4687395296122545078,"external CAMetalDisplayLink drawable via DXMT Presenter"
generated_displayed,1,2,67,72,2,36,35,36,237349825499937,0,237349848845416,237349865446625,237349882048083,237349915380083,237349932082583,0,7875,0,4687395292116398562,4687395292686708680,4687395293831987480,"normalized presentedTime from Core Animation clock"
source_accepted,1,2,0,0,0,39,0,0,237349942999000,237349943731916,0,0,0,237350026258447,0,0,0,0,0,0,0,"owned history copy completed successfully"
history_copy_complete,1,2,0,0,0,39,0,0,237349942999000,237349943731916,0,0,0,237350026258447,0,0,0,0,0,0,0,"Metal command buffer completed"
generated_requested,1,2,0,0,2,39,38,39,237349942999000,237349943731916,0,0,0,237350009628379,0,0,0,0,0,0,0,"exact adjacent source pair submitted"
generated_ready,1,2,0,77,2,39,38,39,0,0,237349948786000,237349948772416,237349965378083,237350009628379,0,0,2167,0,0,0,0,"Metal status completed"
selected_source,1,2,0,77,1,38,0,0,237349909743958,237349910561666,0,237349948772416,237349965378083,237349998710083,0,0,2167,0,0,0,0,"next real endpoint in source order"
presentation_submitted,1,2,72,77,1,38,0,0,237349909743958,0,0,237349948772416,237349965378083,237349998710083,0,237349948842333,2167,0,4687395294979435237,4687395295549905678,4687395296695184478,"external CAMetalDisplayLink drawable via DXMT Presenter"
source_displayed,1,2,68,73,1,36,0,0,237349842161750,0,0,237349882128958,237349898714083,237349932046083,237349948749124,0,6292,0,4687395292689594898,4687395293259348080,4687395294404626879,"normalized presentedTime from Core Animation clock"
generated_displayed,1,2,69,74,2,37,36,37,237349858807395,0,237349882150041,237349898785833,237349915380083,237349948712083,237349949959458,0,6542,0,4687395293261923617,4687395293831987479,4687395294977266279,"normalized presentedTime from Core Animation clock"
source_displayed,1,2,70,75,1,37,0,0,237349875453041,0,0,237349915444416,237349932046083,237349965378083,237349958112458,0,5292,0,4687395293834296729,4687395294404626879,4687395295549905678,"normalized presentedTime from Core Animation clock"
generated_selected,1,2,0,78,2,39,38,39,237349926371479,237349943731916,237349948786000,237349965500541,237349982044083,237350015376083,0,0,6792,0,0,0,0,"exact A/B pair ready before display deadline"
presentation_submitted,1,2,73,78,2,39,38,39,237349926371479,0,237349948786000,237349965500541,237349982044083,237350015376083,0,237349965605708,6792,0,4687395295554214939,4687395296122545078,4687395297267823877,"external CAMetalDisplayLink drawable via DXMT Presenter"
generated_displayed,1,2,71,76,2,38,37,38,237349892598499,0,237349915471958,237349932093375,237349948712083,237349982044083,237349968638208,0,3500,0,4687395294406349161,4687395294977266279,4687395296122545078,"normalized presentedTime from Core Animation clock"
source_accepted,1,2,0,0,0,40,0,0,237349976186833,237349976816500,0,0,0,237350059441222,0,0,0,0,0,0,0,"owned history copy completed successfully"
history_copy_complete,1,2,0,0,0,40,0,0,237349976186833,237349976816500,0,0,0,237350059441222,0,0,0,0,0,0,0,"Metal command buffer completed"
generated_requested,1,2,0,0,2,40,39,40,237349976186833,237349976816500,0,0,0,237350042849834,0,0,0,0,0,0,0,"exact adjacent source pair submitted"
generated_ready,1,2,0,79,2,40,39,40,0,0,237349982090333,237349982079041,237349998710083,237350042849834,0,0,1542,0,0,0,0,"Metal status completed"
selected_source,1,2,0,79,1,39,0,0,237349942999000,237349943731916,0,237349982079041,237349998710083,237350032042083,0,0,1542,0,0,0,0,"next real endpoint in source order"
presentation_submitted,1,2,74,79,1,39,0,0,237349942999000,0,0,237349982079041,237349998710083,237350032042083,0,237349982148750,1542,0,4687395296123837863,4687395296695184478,4687395297840463277,"external CAMetalDisplayLink drawable via DXMT Presenter"
source_displayed,1,2,72,77,1,38,0,0,237349909743958,0,0,237349948772416,237349965378083,237349998710083,237349985215583,0,2167,0,4687395294979435237,4687395295549905678,4687395296695184478,"normalized presentedTime from Core Animation clock"
generated_selected,1,2,0,80,2,40,39,40,237349959592916,237349976816500,237349982090333,237349998751583,237350015376083,237350048708083,0,0,1292,0,0,0,0,"exact A/B pair ready before display deadline"
presentation_submitted,1,2,75,80,2,40,39,40,237349959592916,0,237349982090333,237349998751583,237350015376083,237350048708083,0,237349998819666,1292,0,4687395296696697715,4687395297267823877,4687395298413102677,"external CAMetalDisplayLink drawable via DXMT Presenter"
generated_displayed,1,2,73,78,2,39,38,39,237349926371479,0,237349948786000,237349965500541,237349982044083,237350015376083,237350001668166,0,6792,0,4687395295554214939,4687395296122545078,4687395297267823877,"normalized presentedTime from Core Animation clock"
source_accepted,1,2,0,0,0,41,0,0,237350009315666,237350010090375,0,0,0,237350092579077,0,0,0,0,0,0,0,"owned history copy completed successfully"
history_copy_complete,1,2,0,0,0,41,0,0,237350009315666,237350010090375,0,0,0,237350092579077,0,0,0,0,0,0,0,"Metal command buffer completed"
generated_requested,1,2,0,0,2,41,40,41,237350009315666,237350010090375,0,0,0,237350076010149,0,0,0,0,0,0,0,"exact adjacent source pair submitted"
generated_ready,1,2,0,81,2,41,40,41,0,0,237350015500500,237350015484375,237350032042083,237350076010149,0,0,5208,0,0,0,0,"Metal status completed"
selected_source,1,2,0,81,1,40,0,0,237349976186833,237349976816500,0,237350015484375,237350032042083,237350065374083,0,0,5208,0,0,0,0,"next real endpoint in source order"
presentation_submitted,1,2,76,81,1,40,0,0,237349976186833,0,0,237350015484375,237350032042083,237350065374083,0,237350015577583,5208,0,4687395297271647807,4687395297840463277,4687395298985742076,"external CAMetalDisplayLink drawable via DXMT Presenter"
source_displayed,1,2,74,79,1,39,0,0,237349942999000,0,0,237349982079041,237349998710083,237350032042083,237350019417999,0,1542,0,4687395296123837863,4687395296695184478,4687395297840463277,"normalized presentedTime from Core Animation clock"
generated_selected,1,2,0,82,2,41,40,41,237349992751249,237350010090375,237350015500500,237350032133958,237350048708083,237350082040083,0,0,3917,0,0,0,0,"exact A/B pair ready before display deadline"
presentation_submitted,1,2,77,82,2,41,40,41,237349992751249,0,237350015500500,237350032133958,237350048708083,237350082040083,0,237350032232041,3917,0,4687395297843724566,4687395298413102677,4687395299558381476,"external CAMetalDisplayLink drawable via DXMT Presenter"
generated_displayed,1,2,75,80,2,40,39,40,237349959592916,0,237349982090333,237349998751583,237350015376083,237350048708083,237350035197999,0,1292,0,4687395296696697715,4687395297267823877,4687395298413102677,"normalized presentedTime from Core Animation clock"
source_accepted,1,2,0,0,0,42,0,0,237350042452500,237350043264291,0,0,0,237350125708500,0,0,0,0,0,0,0,"owned history copy completed successfully"
history_copy_complete,1,2,0,0,0,42,0,0,237350042452500,237350043264291,0,0,0,237350125708500,0,0,0,0,0,0,0,"Metal command buffer completed"
generated_requested,1,2,0,0,2,42,41,42,237350042452500,237350043264291,0,0,0,237350109143788,0,0,0,0,0,0,0,"exact adjacent source pair submitted"
generated_ready,1,2,0,83,2,42,41,42,0,0,237350048766166,237350048753666,237350065374083,237350109143788,0,0,1459,0,0,0,0,"Metal status completed"
selected_source,1,2,0,83,1,41,0,0,237350009315666,237350010090375,0,237350048753666,237350065374083,237350098706083,0,0,1459,0,0,0,0,"next real endpoint in source order"
presentation_submitted,1,2,78,83,1,41,0,0,237350009315666,0,0,237350048753666,237350065374083,237350098706083,0,237350048821583,1459,0,4687395298414756239,4687395298985742076,4687395300131020876,"external CAMetalDisplayLink drawable via DXMT Presenter"
generated_selected,1,2,0,84,2,42,41,42,237350025884083,237350043264291,237350048766166,237350065458875,237350082040083,237350115372083,0,0,1875,0,0,0,0,"exact A/B pair ready before display deadline"
presentation_submitted,1,2,79,84,2,42,41,42,237350025884083,0,237350048766166,237350065458875,237350082040083,237350115372083,0,237350065553375,1875,0,4687395298988748553,4687395299558381476,4687395300703660275,"external CAMetalDisplayLink drawable via DXMT Presenter"
source_accepted,1,2,0,0,0,43,0,0,237350075645500,237350076745625,0,0,0,237350158903570,0,0,0,0,0,0,0,"owned history copy completed successfully"
history_copy_complete,1,2,0,0,0,43,0,0,237350075645500,237350076745625,0,0,0,237350158903570,0,0,0,0,0,0,0,"Metal command buffer completed"
generated_requested,1,2,0,0,2,43,42,43,237350075645500,237350076745625,0,0,0,237350142306035,0,0,0,0,0,0,0,"exact adjacent source pair submitted"
generated_ready,1,2,0,85,2,43,42,43,0,0,237350082102875,237350082091333,237350098706082,237350142306035,0,0,1500,0,0,0,0,"Metal status completed"
selected_source,1,2,0,85,1,42,0,0,237350042452500,237350043264291,0,237350082091333,237350098706082,237350132038083,0,0,1500,0,0,0,0,"next real endpoint in source order"
presentation_submitted,1,2,80,85,1,42,0,0,237350042452500,0,0,237350082091333,237350098706082,237350132038083,0,237350082158750,1500,0,4687395299560229721,4687395300131020875,4687395301276299675,"external CAMetalDisplayLink drawable via DXMT Presenter"
source_displayed,1,2,76,81,1,40,0,0,237349976186833,0,0,237350015484375,237350032042083,237350065374083,237350082080874,0,5208,0,4687395297271647807,4687395297840463277,4687395298985742076,"normalized presentedTime from Core Animation clock"
generated_selected,1,2,0,86,2,43,42,43,237350059049000,237350076745625,237350082102875,237350098747875,237350115372083,237350148704083,0,0,1041,0,0,0,0,"exact A/B pair ready before display deadline"
presentation_submitted,1,2,81,86,2,43,42,43,237350059049000,0,237350082102875,237350098747875,237350115372083,237350148704083,0,237350098845875,1041,0,4687395300132542703,4687395300703660275,4687395301848939074,"external CAMetalDisplayLink drawable via DXMT Presenter"
generated_displayed,1,2,77,82,2,41,40,41,237349992751249,0,237350015500500,237350032133958,237350048708083,237350082040083,237350098747374,0,3917,0,4687395297843724566,4687395298413102677,4687395299558381476,"normalized presentedTime from Core Animation clock"
source_accepted,1,2,0,0,0,44,0,0,237350108826000,237350109834083,0,0,0,237350192090411,0,0,0,0,0,0,0,"owned history copy completed successfully"
history_copy_complete,1,2,0,0,0,44,0,0,237350108826000,237350109834083,0,0,0,237350192090411,0,0,0,0,0,0,0,"Metal command buffer completed"
generated_requested,1,2,0,0,2,44,43,44,237350108826000,237350109834083,0,0,0,237350175496990,0,0,0,0,0,0,0,"exact adjacent source pair submitted"
source_displayed,1,2,78,83,1,41,0,0,237350009315666,0,0,237350048753666,237350065374083,237350098706083,237350115413874,0,1459,0,4687395298414756239,4687395298985742076,4687395300131020876,"normalized presentedTime from Core Animation clock"
generated_ready,1,2,0,87,2,44,43,44,0,0,237350118577416,237350118570500,237350132038083,237350175496990,0,0,1625,0,0,0,0,"Metal status completed"
selected_source,1,2,0,87,1,43,0,0,237350075645500,237350076745625,0,237350118570500,237350132038083,237350165370083,0,0,1625,0,0,0,0,"next real endpoint in source order"
presentation_submitted,1,2,82,87,1,43,0,0,237350075645500,0,0,237350118570500,237350132038083,237350165370083,0,237350118633833,1625,0,4687395300813654388,4687395301276299675,4687395302421578474,"external CAMetalDisplayLink drawable via DXMT Presenter"
presentation_dropped,1,2,79,84,2,42,41,42,237350025884083,0,237350048766166,237350065458875,237350082040083,237350115372083,0,0,1875,0,4687395298988748553,4687395299558381476,4687395300703660275,"Metal drawable presentedTime=0; associated frame was dropped or not presented"
source_displayed,1,2,80,85,1,42,0,0,237350042452500,0,0,237350082091333,237350098706082,237350132038083,237350121854749,0,1500,0,4687395299560229721,4687395300131020875,4687395301276299675,"normalized presentedTime from Core Animation clock"
generated_selected,1,2,0,88,2,44,43,44,237350092235750,237350109834083,237350118577416,237350132185208,237350148704083,237350182036083,0,0,6042,0,0,0,0,"exact A/B pair ready before display deadline"
presentation_submitted,1,2,83,88,2,44,43,44,237350092235750,0,237350118577416,237350132185208,237350148704083,237350182036083,0,237350132541375,6042,0,4687395301281467929,4687395301848939074,4687395302994217874,"external CAMetalDisplayLink drawable via DXMT Presenter"
generated_displayed,1,2,81,86,2,43,42,43,237350059049000,0,237350082102875,237350098747875,237350115372083,237350148704083,237350136403666,0,1041,0,4687395300132542703,4687395300703660275,4687395301848939074,"normalized presentedTime from Core Animation clock"
source_accepted,1,2,0,0,0,45,0,0,237350143086875,237350145259333,0,0,0,237350225998753,0,0,0,0,0,0,0,"owned history copy completed successfully"
history_copy_complete,1,2,0,0,0,45,0,0,237350143086875,237350145259333,0,0,0,237350225998753,0,0,0,0,0,0,0,"Metal command buffer completed"
generated_requested,1,2,0,0,2,45,44,45,237350143086875,237350145259333,0,0,0,237350209044582,0,0,0,0,0,0,0,"exact adjacent source pair submitted"
generated_ready,1,2,0,89,2,45,44,45,0,0,237350148937750,237350148893000,237350165370083,237350209044582,0,0,10416,0,0,0,0,"Metal status completed"
selected_source,1,2,0,89,1,44,0,0,237350108826000,237350109834083,0,237350148893000,237350165370083,237350198702083,0,0,10416,0,0,0,0,"next real endpoint in source order"
presentation_submitted,1,2,84,89,1,44,0,0,237350108826000,0,0,237350148893000,237350165370083,237350198702083,0,237350149375083,10416,0,4687395301855550438,4687395302421578474,4687395303566857273,"external CAMetalDisplayLink drawable via DXMT Presenter"
source_displayed,1,2,82,87,1,43,0,0,237350075645500,0,0,237350118570500,237350132038083,237350165370083,237350153294791,0,1625,0,4687395300813654388,4687395301276299675,4687395302421578474,"normalized presentedTime from Core Animation clock"
generated_selected,1,2,0,90,2,45,44,45,237350125956437,237350145259333,237350148937750,237350165588541,237350182036083,237350215368083,0,0,16000,0,0,0,0,"exact A/B pair ready before display deadline"
presentation_submitted,1,2,85,90,2,45,44,45,237350125956437,0,237350148937750,237350165588541,237350182036083,237350215368083,0,237350166321375,16000,0,4687395302429247843,4687395302994217874,4687395304139496673,"external CAMetalDisplayLink drawable via DXMT Presenter"
generated_displayed,1,2,83,88,2,44,43,44,237350092235750,0,237350118577416,237350132185208,237350148704083,237350182036083,237350169410458,0,6042,0,4687395301281467929,4687395301848939074,4687395302994217874,"normalized presentedTime from Core Animation clock"
source_accepted,1,2,0,0,0,46,0,0,237350176631791,237350179162166,0,0,0,237350259594008,0,0,0,0,0,0,0,"owned history copy completed successfully"
history_copy_complete,1,2,0,0,0,46,0,0,237350176631791,237350179162166,0,0,0,237350259594008,0,0,0,0,0,0,0,"Metal command buffer completed"
generated_requested,1,2,0,0,2,46,45,46,237350176631791,237350179162166,0,0,0,237350242796380,0,0,0,0,0,0,0,"exact adjacent source pair submitted"
generated_ready,1,2,0,91,2,46,45,46,0,0,237350182342041,237350182281458,237350198702083,237350242796380,0,0,17208,0,0,0,0,"Metal status completed"
selected_source,1,2,0,91,1,45,0,0,237350143086875,237350145259333,0,237350182281458,237350198702083,237350232034083,0,0,17208,0,0,0,0,"next real endpoint in source order"
presentation_submitted,1,2,86,91,1,45,0,0,237350143086875,0,0,237350182281458,237350198702083,237350232034083,0,237350182762125,17208,0,4687395303002774857,4687395303566857273,4687395304712136073,"external CAMetalDisplayLink drawable via DXMT Presenter"
source_displayed,1,2,84,89,1,44,0,0,237350108826000,0,0,237350148893000,237350165370083,237350198702083,237350187172958,0,10416,0,4687395301855550438,4687395302421578474,4687395303566857273,"normalized presentedTime from Core Animation clock"
generated_selected,1,2,0,92,2,46,45,46,237350159859333,237350179162166,237350182342041,237350198913958,237350215368083,237350248700083,0,0,17458,0,0,0,0,"exact A/B pair ready before display deadline"
presentation_submitted,1,2,87,92,2,46,45,46,237350159859333,0,237350182342041,237350198913958,237350215368083,237350248700083,0,237350199641583,17458,0,4687395303574321926,4687395304139496673,4687395305284775472,"external CAMetalDisplayLink drawable via DXMT Presenter"
source_accepted,1,2,0,0,0,47,0,0,237350209856416,237350212413416,0,0,0,237350292851821,0,0,0,0,0,0,0,"owned history copy completed successfully"
history_copy_complete,1,2,0,0,0,47,0,0,237350209856416,237350212413416,0,0,0,237350292851821,0,0,0,0,0,0,0,"Metal command buffer completed"
generated_requested,1,2,0,0,2,47,46,47,237350209856416,237350212413416,0,0,0,237350276222914,0,0,0,0,0,0,0,"exact adjacent source pair submitted"
generated_ready,1,2,0,93,2,47,46,47,0,0,237350216436458,237350216052416,237350232034083,237350276222914,0,0,19167,0,0,0,0,"Metal status completed"
selected_source,1,2,0,93,1,46,0,0,237350176631791,237350179162166,0,237350216052416,237350232034083,237350265366083,0,0,19167,0,0,0,0,"next real endpoint in source order"
presentation_submitted,1,2,88,93,1,46,0,0,237350176631791,0,0,237350216052416,237350232034083,237350265366083,0,237350217044000,19167,0,4687395304163141877,4687395304712136073,4687395305857414872,"external CAMetalDisplayLink drawable via DXMT Presenter"
generated_displayed,1,2,85,90,2,45,44,45,237350125956437,0,237350148937750,237350165588541,237350182036083,237350215368083,237350215412791,0,16000,0,4687395302429247843,4687395302994217874,4687395304139496673,"normalized presentedTime from Core Animation clock"
generated_selected,1,2,0,94,2,47,46,47,237350193244103,237350212413416,237350216436458,237350232249416,237350248700083,237350282032083,0,0,22000,0,0,0,0,"exact A/B pair ready before display deadline"
presentation_submitted,1,2,89,94,2,47,46,47,237350193244103,0,237350216436458,237350232249416,237350248700083,237350282032083,0,237350232810041,22000,0,4687395304719668002,4687395305284775472,4687395306430054272,"external CAMetalDisplayLink drawable via DXMT Presenter"
source_accepted,1,2,0,0,0,48,0,0,237350243049208,237350244547250,0,0,0,237350326021580,0,0,0,0,0,0,0,"owned history copy completed successfully"
history_copy_complete,1,2,0,0,0,48,0,0,237350243049208,237350244547250,0,0,0,237350326021580,0,0,0,0,0,0,0,"Metal command buffer completed"
generated_requested,1,2,0,0,2,48,47,48,237350243049208,237350244547250,0,0,0,237350309436700,0,0,0,0,0,0,0,"exact adjacent source pair submitted"
generated_ready,1,2,0,95,2,48,47,48,0,0,237350248885416,237350248851291,237350265366083,237350309436700,0,0,8042,0,0,0,0,"Metal status completed"
selected_source,1,2,0,95,1,47,0,0,237350209856416,237350212413416,0,237350248851291,237350265366083,237350298698083,0,0,8042,0,0,0,0,"next real endpoint in source order"
presentation_submitted,1,2,90,95,1,47,0,0,237350209856416,0,0,237350248851291,237350265366083,237350298698083,0,237350249188208,8042,0,4687395305290075462,4687395305857414872,4687395307002693671,"external CAMetalDisplayLink drawable via DXMT Presenter"
source_displayed,1,2,86,91,1,45,0,0,237350143086875,0,0,237350182281458,237350198702083,237350232034083,237350248745708,0,17208,0,4687395303002774857,4687395303566857273,4687395304712136073,"normalized presentedTime from Core Animation clock"
generated_displayed,1,2,87,92,2,46,45,46,237350159859333,0,237350182342041,237350198913958,237350215368083,237350248700083,237350250456791,0,17458,0,4687395303574321926,4687395304139496673,4687395305284775472,"normalized presentedTime from Core Animation clock"
source_displayed,1,2,88,93,1,46,0,0,237350176631791,0,0,237350216052416,237350232034083,237350265366083,237350257455124,0,19167,0,4687395304163141877,4687395304712136073,4687395305857414872,"normalized presentedTime from Core Animation clock"
generated_selected,1,2,0,96,2,48,47,48,237350226452812,237350244547250,237350248885416,237350265482625,237350282032083,237350315364083,0,0,8041,0,0,0,0,"exact A/B pair ready before display deadline"
presentation_submitted,1,2,91,96,2,48,47,48,237350226452812,0,237350248885416,237350265482625,237350282032083,237350315364083,0,237350265994750,8041,0,4687395305861545187,4687395306430054272,4687395307575333071,"external CAMetalDisplayLink drawable via DXMT Presenter"
generated_displayed,1,2,89,94,2,47,46,47,237350193244103,0,237350216436458,237350232249416,237350248700083,237350282032083,237350268513124,0,22000,0,4687395304719668002,4687395305284775472,4687395306430054272,"normalized presentedTime from Core Animation clock"
source_accepted,1,2,0,0,0,49,0,0,237350275424375,237350277282583,0,0,0,237350358449772,0,0,0,0,0,0,0,"owned history copy completed successfully"
history_copy_complete,1,2,0,0,0,49,0,0,237350275424375,237350277282583,0,0,0,237350358449772,0,0,0,0,0,0,0,"Metal command buffer completed"
generated_requested,1,2,0,0,2,49,48,49,237350275424375,237350277282583,0,0,0,237350342235676,0,0,0,0,0,0,0,"exact adjacent source pair submitted"
generated_ready,1,2,0,97,2,49,48,49,0,0,237350282195583,237350282159750,237350298698083,237350342235676,0,0,9500,0,0,0,0,"Metal status completed"
selected_source,1,2,0,97,1,48,0,0,237350243049208,237350244547250,0,237350282159750,237350298698083,237350332030083,0,0,9500,0,0,0,0,"next real endpoint in source order"
presentation_submitted,1,2,92,97,1,48,0,0,237350243049208,0,0,237350282159750,237350298698083,237350332030083,0,237350282477333,9500,0,4687395306434548216,4687395307002693671,4687395308147972471,"external CAMetalDisplayLink drawable via DXMT Presenter"
source_displayed,1,2,90,95,1,47,0,0,237350209856416,0,0,237350248851291,237350265366083,237350298698083,237350284909583,0,8042,0,4687395305290075462,4687395305857414872,4687395307002693671,"normalized presentedTime from Core Animation clock"
generated_selected,1,2,0,98,2,49,48,49,237350259236791,237350277282583,237350282195583,237350298830000,237350315364083,237350348696083,0,0,10333,0,0,0,0,"exact A/B pair ready before display deadline"
presentation_submitted,1,2,93,98,2,49,48,49,237350259236791,0,237350282195583,237350298830000,237350315364083,237350348696083,0,237350299222916,10333,0,4687395307007347973,4687395307575333071,4687395308720611870,"external CAMetalDisplayLink drawable via DXMT Presenter"
generated_displayed,1,2,91,96,2,48,47,48,237350226452812,0,237350248885416,237350265482625,237350282032083,237350315364083,237350301789208,0,8041,0,4687395305861545187,4687395306430054272,4687395307575333071,"normalized presentedTime from Core Animation clock"
source_accepted,1,2,0,0,0,50,0,0,237350308781750,237350310168541,0,0,0,237350391848397,0,0,0,0,0,0,0,"owned history copy completed successfully"
history_copy_complete,1,2,0,0,0,50,0,0,237350308781750,237350310168541,0,0,0,237350391848397,0,0,0,0,0,0,0,"Metal command buffer completed"
generated_requested,1,2,0,0,2,50,49,50,237350308781750,237350310168541,0,0,0,237350375149084,0,0,0,0,0,0,0,"exact adjacent source pair submitted"
generated_ready,1,2,0,99,2,50,49,50,0,0,237350315508583,237350315478000,237350332030083,237350375149084,0,0,6458,0,0,0,0,"Metal status completed"
selected_source,1,2,0,99,1,49,0,0,237350275424375,237350277282583,0,237350315478000,237350332030083,237350365362083,0,0,6458,0,0,0,0,"next real endpoint in source order"
presentation_submitted,1,2,94,99,1,49,0,0,237350275424375,0,0,237350315478000,237350332030083,237350365362083,0,237350315758291,6458,0,4687395307579350274,4687395308147972470,4687395309293251270,"external CAMetalDisplayLink drawable via DXMT Presenter"
source_displayed,1,2,92,97,1,48,0,0,237350243049208,0,0,237350282159750,237350298698083,237350332030083,237350318962208,0,9500,0,4687395306434548216,4687395307002693671,4687395308147972471,"normalized presentedTime from Core Animation clock"
generated_selected,1,2,0,100,2,50,49,50,237350292103062,237350310168541,237350315508583,237350332178500,237350348696083,237350382028083,0,0,10375,0,0,0,0,"exact A/B pair ready before display deadline"
presentation_submitted,1,2,95,100,2,50,49,50,237350292103062,0,237350315508583,237350332178500,237350348696083,237350382028083,0,237350332632208,10375,0,4687395308153199446,4687395308720611870,4687395309865890669,"external CAMetalDisplayLink drawable via DXMT Presenter"
generated_displayed,1,2,93,98,2,49,48,49,237350259236791,0,237350282195583,237350298830000,237350315364083,237350348696083,237350335139541,0,10333,0,4687395307007347973,4687395307575333071,4687395308720611870,"normalized presentedTime from Core Animation clock"
source_accepted,1,2,0,0,0,51,0,0,237350342409750,237350344578125,0,0,0,237350425507420,0,0,0,0,0,0,0,"owned history copy completed successfully"
history_copy_complete,1,2,0,0,0,51,0,0,237350342409750,237350344578125,0,0,0,237350425507420,0,0,0,0,0,0,0,"Metal command buffer completed"
generated_requested,1,2,0,0,2,51,50,51,237350342409750,237350344578125,0,0,0,237350408677908,0,0,0,0,0,0,0,"exact adjacent source pair submitted"
generated_ready,1,2,0,101,2,51,50,51,0,0,237350348884583,237350348850000,237350365362083,237350408677908,0,0,8583,0,0,0,0,"Metal status completed"
selected_source,1,2,0,101,1,50,0,0,237350308781750,237350310168541,0,237350348850000,237350365362083,237350398694083,0,0,8583,0,0,0,0,"next real endpoint in source order"
presentation_submitted,1,2,96,101,1,50,0,0,237350308781750,0,0,237350348850000,237350365362083,237350398694083,0,237350349169541,8583,0,4687395308726009201,4687395309293251270,4687395310438530069,"external CAMetalDisplayLink drawable via DXMT Presenter"
source_displayed,1,2,94,99,1,49,0,0,237350275424375,0,0,237350315478000,237350332030083,237350365362083,237350351621999,0,6458,0,4687395307579350274,4687395308147972470,4687395309293251270,"normalized presentedTime from Core Animation clock"
generated_selected,1,2,0,102,2,51,50,51,237350325595750,237350344578125,237350348884583,237350365498041,237350382028083,237350415360083,0,0,9459,0,0,0,0,"exact A/B pair ready before display deadline"
presentation_submitted,1,2,97,102,2,51,50,51,237350325595750,0,237350348884583,237350365498041,237350382028083,237350415360083,0,237350366016458,9459,0,4687395309298048748,4687395309865890669,4687395311011169469,"external CAMetalDisplayLink drawable via DXMT Presenter"
generated_displayed,1,2,95,100,2,50,49,50,237350292103062,0,237350315508583,237350332178500,237350348696083,237350382028083,237350368700874,0,10375,0,4687395308153199446,4687395308720611870,4687395309865890669,"normalized presentedTime from Core Animation clock"
source_accepted,1,2,0,0,0,52,0,0,237350375423166,237350377049416,0,0,0,237350458541771,0,0,0,0,0,0,0,"owned history copy completed successfully"
history_copy_complete,1,2,0,0,0,52,0,0,237350375423166,237350377049416,0,0,0,237350458541771,0,0,0,0,0,0,0,"Metal command buffer completed"
generated_requested,1,2,0,0,2,52,51,52,237350375423166,237350377049416,0,0,0,237350442024595,0,0,0,0,0,0,0,"exact adjacent source pair submitted"
generated_ready,1,2,0,103,2,52,51,52,0,0,237350382195375,237350382156250,237350398694083,237350442024595,0,0,10958,0,0,0,0,"Metal status completed"
selected_source,1,2,0,103,1,51,0,0,237350342409750,237350344578125,0,237350382156250,237350398694083,237350432026083,0,0,10958,0,0,0,0,"next real endpoint in source order"
presentation_submitted,1,2,98,103,1,51,0,0,237350342409750,0,0,237350382156250,237350398694083,237350432026083,0,237350382466458,10958,0,4687395309870410384,4687395310438530069,4687395311583808868,"external CAMetalDisplayLink drawable via DXMT Presenter"
generated_selected,1,2,0,104,2,52,51,52,237350358916458,237350377049416,237350382195375,237350398858500,237350415360083,237350448692083,0,0,29583,0,0,0,0,"exact A/B pair ready before display deadline"
presentation_submitted,1,2,99,104,2,52,51,52,237350358916458,0,237350382195375,237350398858500,237350415360083,237350448692083,0,237350399467083,29583,0,4687395310444313947,4687395311011169469,4687395312156448268,"external CAMetalDisplayLink drawable via DXMT Presenter"
source_displayed,1,2,96,101,1,50,0,0,237350308781750,0,0,237350348850000,237350365362083,237350398694083,237350398744041,0,8583,0,4687395308726009201,4687395309293251270,4687395310438530069,"normalized presentedTime from Core Animation clock"
source_accepted,1,2,0,0,0,53,0,0,237350409168166,237350411013958,0,0,0,237350492302058,0,0,0,0,0,0,0,"owned history copy completed successfully"
history_copy_complete,1,2,0,0,0,53,0,0,237350409168166,237350411013958,0,0,0,237350492302058,0,0,0,0,0,0,0,"Metal command buffer completed"
generated_requested,1,2,0,0,2,53,52,53,237350409168166,237350411013958,0,0,0,237350475421914,0,0,0,0,0,0,0,"exact adjacent source pair submitted"
generated_ready,1,2,0,105,2,53,52,53,0,0,237350415559333,237350415515500,237350432026083,237350475421914,0,0,10916,0,0,0,0,"Metal status completed"
selected_source,1,2,0,105,1,52,0,0,237350375423166,237350377049416,0,237350415515500,237350432026083,237350465358083,0,0,10916,0,0,0,0,"next real endpoint in source order"
presentation_submitted,1,2,100,105,1,52,0,0,237350375423166,0,0,237350415515500,237350432026083,237350465358083,0,237350416108958,10916,0,4687395311016629781,4687395311583808868,4687395312729087668,"external CAMetalDisplayLink drawable via DXMT Presenter"
generated_displayed,1,2,97,102,2,51,50,51,237350325595750,0,237350348884583,237350365498041,237350382028083,237350415360083,237350415410583,0,9459,0,4687395309298048748,4687395309865890669,4687395311011169469,"normalized presentedTime from Core Animation clock"
generated_selected,1,2,0,106,2,53,52,53,237350392295666,237350411013958,237350415559333,237350432231333,237350448692083,237350482024083,0,0,14958,0,0,0,0,"exact A/B pair ready before display deadline"
presentation_submitted,1,2,101,106,2,53,52,53,237350392295666,0,237350415559333,237350432231333,237350448692083,237350482024083,0,237350432696708,14958,0,4687395311590995757,4687395312156448268,4687395313301727067,"external CAMetalDisplayLink drawable via DXMT Presenter"
source_accepted,1,2,0,0,0,54,0,0,237350442750583,237350444345916,0,0,0,237350525888095,0,0,0,0,0,0,0,"owned history copy completed successfully"
history_copy_complete,1,2,0,0,0,54,0,0,237350442750583,237350444345916,0,0,0,237350525888095,0,0,0,0,0,0,0,"Metal command buffer completed"
generated_requested,1,2,0,0,2,54,53,54,237350442750583,237350444345916,0,0,0,237350509095076,0,0,0,0,0,0,0,"exact adjacent source pair submitted"
source_displayed,1,2,98,103,1,51,0,0,237350342409750,0,0,237350382156250,237350398694083,237350432026083,237350448743499,0,10958,0,4687395309870410384,4687395310438530069,4687395311583808868,"normalized presentedTime from Core Animation clock"
presentation_dropped,1,2,99,104,2,52,51,52,237350358916458,0,237350382195375,237350398858500,237350415360083,237350448692083,0,0,29583,0,4687395310444313947,4687395311011169469,4687395312156448268,"Metal drawable presentedTime=0; associated frame was dropped or not presented"
generated_ready,1,2,0,107,2,54,53,54,0,0,237350451699541,237350451473750,237350465358083,237350509095076,0,0,7458,0,0,0,0,"Metal status completed"
selected_source,1,2,0,107,1,53,0,0,237350409168166,237350411013958,0,237350451473750,237350465358083,237350498690083,0,0,7458,0,0,0,0,"next real endpoint in source order"
presentation_submitted,1,2,102,107,1,53,0,0,237350409168166,0,0,237350451473750,237350465358083,237350498690083,0,237350452210625,7458,0,4687395312252134401,4687395312729087668,4687395313874366467,"external CAMetalDisplayLink drawable via DXMT Presenter"
source_displayed,1,2,100,105,1,52,0,0,237350375423166,0,0,237350415515500,237350432026083,237350465358083,237350457960499,0,10916,0,4687395311016629781,4687395311583808868,4687395312729087668,"normalized presentedTime from Core Animation clock"
generated_selected,1,2,0,108,2,54,53,54,237350425959374,237350444345916,237350451699541,237350465446500,237350482024083,237350515356083,0,0,8166,0,0,0,0,"exact A/B pair ready before display deadline"
presentation_submitted,1,2,103,108,2,54,53,54,237350425959374,0,237350451699541,237350465446500,237350482024083,237350515356083,0,237350465813833,8166,0,4687395312732251615,4687395313301727067,4687395314447005867,"external CAMetalDisplayLink drawable via DXMT Presenter"
generated_displayed,1,2,101,106,2,53,52,53,237350392295666,0,237350415559333,237350432231333,237350448692083,237350482024083,237350470640833,0,14958,0,4687395311590995757,4687395312156448268,4687395313301727067,"normalized presentedTime from Core Animation clock"
source_accepted,1,2,0,0,0,55,0,0,237350476418708,237350477985291,0,0,0,237350559286349,0,0,0,0,0,0,0,"owned history copy completed successfully"
history_copy_complete,1,2,0,0,0,55,0,0,237350476418708,237350477985291,0,0,0,237350559286349,0,0,0,0,0,0,0,"Metal command buffer completed"
generated_requested,1,2,0,0,2,55,54,55,237350476418708,237350477985291,0,0,0,237350542587222,0,0,0,0,0,0,0,"exact adjacent source pair submitted"
generated_ready,1,2,0,109,2,55,54,55,0,0,237350482163750,237350482137041,237350498690083,237350542587222,0,0,6292,0,0,0,0,"Metal status completed"
selected_source,1,2,0,109,1,54,0,0,237350442750583,237350444345916,0,237350482137041,237350498690083,237350532022083,0,0,6292,0,0,0,0,"next real endpoint in source order"
presentation_submitted,1,2,104,109,1,54,0,0,237350442750583,0,0,237350482137041,237350498690083,237350532022083,0,237350482392208,6292,0,4687395313305712797,4687395313874366467,4687395315019645266,"external CAMetalDisplayLink drawable via DXMT Presenter"
source_displayed,1,2,102,107,1,53,0,0,237350409168166,0,0,237350451473750,237350465358083,237350498690083,237350484797208,0,7458,0,4687395312252134401,4687395312729087668,4687395313874366467,"normalized presentedTime from Core Animation clock"
generated_selected,1,2,0,110,2,55,54,55,237350459584645,237350477985291,237350482163750,237350498904416,237350515356083,237350548688083,0,0,13834,0,0,0,0,"exact A/B pair ready before display deadline"
presentation_submitted,1,2,105,110,2,55,54,55,237350459584645,0,237350482163750,237350498904416,237350515356083,237350548688083,0,237350499388458,13834,0,4687395313881872627,4687395314447005867,4687395315592284666,"external CAMetalDisplayLink drawable via DXMT Presenter"
generated_displayed,1,2,103,108,2,54,53,54,237350425959374,0,237350451699541,237350465446500,237350482024083,237350515356083,237350501955624,0,8166,0,4687395312732251615,4687395313301727067,4687395314447005867,"normalized presentedTime from Core Animation clock"
source_accepted,1,2,0,0,0,56,0,0,237350509136250,237350511012416,0,0,0,237350592073421,0,0,0,0,0,0,0,"owned history copy completed successfully"
history_copy_complete,1,2,0,0,0,56,0,0,237350509136250,237350511012416,0,0,0,237350592073421,0,0,0,0,0,0,0,"Metal command buffer completed"
generated_requested,1,2,0,0,2,56,55,56,237350509136250,237350511012416,0,0,0,237350575679885,0,0,0,0,0,0,0,"exact adjacent source pair submitted"
generated_ready,1,2,0,111,2,56,55,56,0,0,237350515533375,237350515504083,237350532022083,237350575679885,0,0,6250,0,0,0,0,"Metal status completed"
selected_source,1,2,0,111,1,55,0,0,237350476418708,237350477985291,0,237350515504083,237350532022083,237350565354083,0,0,6250,0,0,0,0,"next real endpoint in source order"
presentation_submitted,1,2,106,111,1,55,0,0,237350476418708,0,0,237350515504083,237350532022083,237350565354083,0,237350515800875,6250,0,4687395314452199891,4687395315019645266,4687395316164924066,"external CAMetalDisplayLink drawable via DXMT Presenter"
source_displayed,1,2,104,109,1,54,0,0,237350442750583,0,0,237350482137041,237350498690083,237350532022083,237350518799083,0,6292,0,4687395313305712797,4687395313874366467,4687395315019645266,"normalized presentedTime from Core Animation clock"
generated_selected,1,2,0,112,2,56,55,56,237350492777479,237350511012416,237350515533375,237350532218500,237350548688083,237350582020083,0,0,14083,0,0,0,0,"exact A/B pair ready before display deadline"
presentation_submitted,1,2,107,112,2,56,55,56,237350492777479,0,237350515533375,237350532218500,237350548688083,237350582020083,0,237350532803333,14083,0,4687395315026548687,4687395315592284666,4687395316737563465,"external CAMetalDisplayLink drawable via DXMT Presenter"
generated_displayed,1,2,105,110,2,55,54,55,237350459584645,0,237350482163750,237350498904416,237350515356083,237350548688083,237350535151374,0,13834,0,4687395313881872627,4687395314447005867,4687395315592284666,"normalized presentedTime from Core Animation clock"
source_accepted,1,2,0,0,0,57,0,0,237350542917208,237350544809958,0,0,0,237350625906020,0,0,0,0,0,0,0,"owned history copy completed successfully"
history_copy_complete,1,2,0,0,0,57,0,0,237350542917208,237350544809958,0,0,0,237350625906020,0,0,0,0,0,0,0,"Metal command buffer completed"
generated_requested,1,2,0,0,2,57,56,57,237350542917208,237350544809958,0,0,0,237350608989720,0,0,0,0,0,0,0,"exact adjacent source pair submitted"
generated_ready,1,2,0,113,2,57,56,57,0,0,237350548910666,237350548857000,237350565354083,237350608989720,0,0,22875,0,0,0,0,"Metal status completed"
selected_source,1,2,0,113,1,56,0,0,237350509136250,237350511012416,0,237350548857000,237350565354083,237350598686083,0,0,22875,0,0,0,0,"next real endpoint in source order"
presentation_submitted,1,2,108,113,1,56,0,0,237350509136250,0,0,237350548857000,237350565354083,237350598686083,0,237350549175500,22875,0,4687395315598198836,4687395316164924065,4687395317310202865,"external CAMetalDisplayLink drawable via DXMT Presenter"
source_displayed,1,2,106,111,1,55,0,0,237350476418708,0,0,237350515504083,237350532022083,237350565354083,237350552306291,0,6250,0,4687395314452199891,4687395315019645266,4687395316164924066,"normalized presentedTime from Core Animation clock"
generated_selected,1,2,0,114,2,57,56,57,237350526026729,237350544809958,237350548910666,237350565454916,237350582020083,237350615352083,0,0,9542,0,0,0,0,"exact A/B pair ready before display deadline"
presentation_submitted,1,2,109,114,2,57,56,57,237350526026729,0,237350548910666,237350565454916,237350582020083,237350615352083,0,237350565814166,9542,0,4687395316168514658,4687395316737563465,4687395317882842264,"external CAMetalDisplayLink drawable via DXMT Presenter"
source_accepted,1,2,0,0,0,58,0,0,237350575449250,237350577402791,0,0,0,237350658487260,0,0,0,0,0,0,0,"owned history copy completed successfully"
history_copy_complete,1,2,0,0,0,58,0,0,237350575449250,237350577402791,0,0,0,237350658487260,0,0,0,0,0,0,0,"Metal command buffer completed"
generated_requested,1,2,0,0,2,58,57,58,237350575449250,237350577402791,0,0,0,237350642196640,0,0,0,0,0,0,0,"exact adjacent source pair submitted"
generated_ready,1,2,0,115,2,58,57,58,0,0,237350582217916,237350582178541,237350598686083,237350642196640,0,0,7750,0,0,0,0,"Metal status completed"
selected_source,1,2,0,115,1,57,0,0,237350542917208,237350544809958,0,237350582178541,237350598686083,237350632018083,0,0,7750,0,0,0,0,"next real endpoint in source order"
presentation_submitted,1,2,110,115,1,57,0,0,237350542917208,0,0,237350582178541,237350598686083,237350632018083,0,237350582572958,7750,0,4687395316743115415,4687395317310202865,4687395318455481664,"external CAMetalDisplayLink drawable via DXMT Presenter"
generated_displayed,1,2,107,112,2,56,55,56,237350492777479,0,237350515533375,237350532218500,237350548688083,237350582020083,237350582075374,0,14083,0,4687395315026548687,4687395315592284666,4687395316737563465,"normalized presentedTime from Core Animation clock"
generated_selected,1,2,0,116,2,58,57,58,237350559183229,237350577402791,237350582217916,237350599001166,237350615352083,237350648684083,0,0,25917,0,0,0,0,"exact A/B pair ready before display deadline"
presentation_submitted,1,2,111,116,2,58,57,58,237350559183229,0,237350582217916,237350599001166,237350615352083,237350648684083,0,237350599549125,25917,0,4687395317321192243,4687395317882842264,4687395319028121064,"external CAMetalDisplayLink drawable via DXMT Presenter"
source_accepted,1,2,0,0,0,59,0,0,237350609407500,237350611166416,0,0,0,237350692457540,0,0,0,0,0,0,0,"owned history copy completed successfully"
history_copy_complete,1,2,0,0,0,59,0,0,237350609407500,237350611166416,0,0,0,237350692457540,0,0,0,0,0,0,0,"Metal command buffer completed"
generated_requested,1,2,0,0,2,59,58,59,237350609407500,237350611166416,0,0,0,237350675472400,0,0,0,0,0,0,0,"exact adjacent source pair submitted"
source_displayed,1,2,108,113,1,56,0,0,237350509136250,0,0,237350548857000,237350565354083,237350598686083,237350615408333,0,22875,0,4687395315598198836,4687395316164924065,4687395317310202865,"normalized presentedTime from Core Animation clock"
generated_ready,1,2,0,117,2,59,58,59,0,0,237350618529333,237350618487583,237350632018083,237350675472400,0,0,8875,0,0,0,0,"Metal status completed"
selected_source,1,2,0,117,1,58,0,0,237350575449250,237350577402791,0,237350618487583,237350632018083,237350665350083,0,0,8875,0,0,0,0,"next real endpoint in source order"
presentation_submitted,1,2,112,117,1,58,0,0,237350575449250,0,0,237350618487583,237350632018083,237350665350083,0,237350618857041,8875,0,4687395317990690302,4687395318455481664,4687395319600760463,"external CAMetalDisplayLink drawable via DXMT Presenter"
generated_selected,1,2,0,118,2,59,58,59,237350592428375,237350611166416,237350618529333,237350632194708,237350648684083,237350682016083,0,0,14292,0,0,0,0,"exact A/B pair ready before display deadline"
presentation_submitted,1,2,113,118,2,59,58,59,237350592428375,0,237350618529333,237350632194708,237350648684083,237350682016083,0,237350632690291,14292,0,4687395318461683597,4687395319028121064,4687395320173399863,"external CAMetalDisplayLink drawable via DXMT Presenter"
presentation_dropped,1,2,109,114,2,57,56,57,237350526026729,0,237350548910666,237350565454916,237350582020083,237350615352083,0,0,9542,0,4687395316168514658,4687395316737563465,4687395317882842264,"Metal drawable presentedTime=0; associated frame was dropped or not presented"
source_displayed,1,2,110,115,1,57,0,0,237350542917208,0,0,237350582178541,237350598686083,237350632018083,237350633729583,0,7750,0,4687395316743115415,4687395317310202865,4687395318455481664,"normalized presentedTime from Core Animation clock"
source_accepted,1,2,0,0,0,60,0,0,237350642128750,237350644161083,0,0,0,237350724879694,0,0,0,0,0,0,0,"owned history copy completed successfully"
history_copy_complete,1,2,0,0,0,60,0,0,237350642128750,237350644161083,0,0,0,237350724879694,0,0,0,0,0,0,0,"Metal command buffer completed"
generated_requested,1,2,0,0,2,60,59,60,237350642128750,237350644161083,0,0,0,237350708668617,0,0,0,0,0,0,0,"exact adjacent source pair submitted"
generated_displayed,1,2,111,116,2,58,57,58,237350559183229,0,237350582217916,237350599001166,237350615352083,237350648684083,237350640952416,0,25917,0,4687395317321192243,4687395317882842264,4687395319028121064,"normalized presentedTime from Core Animation clock"
generated_ready,1,2,0,119,2,60,59,60,0,0,237350648822000,237350648791375,237350665350083,237350708668617,0,0,7166,0,0,0,0,"Metal status completed"
selected_source,1,2,0,119,1,59,0,0,237350609407500,237350611166416,0,237350648791375,237350665350083,237350698682083,0,0,7166,0,0,0,0,"next real endpoint in source order"
presentation_submitted,1,2,114,119,1,59,0,0,237350609407500,0,0,237350648791375,237350665350083,237350698682083,0,237350649132958,7166,0,4687395319031930700,4687395319600760463,4687395320746039263,"external CAMetalDisplayLink drawable via DXMT Presenter"
source_displayed,1,2,112,117,1,58,0,0,237350575449250,0,0,237350618487583,237350632018083,237350665350083,237350652040166,0,8875,0,4687395317990690302,4687395318455481664,4687395319600760463,"normalized presentedTime from Core Animation clock"
generated_selected,1,2,0,120,2,60,59,60,237350625768125,237350644161083,237350648822000,237350665507625,237350682016083,237350715348083,0,0,11041,0,0,0,0,"exact A/B pair ready before display deadline"
presentation_submitted,1,2,115,120,2,60,59,60,237350625768125,0,237350648822000,237350665507625,237350682016083,237350715348083,0,237350665898958,11041,0,4687395319606299528,4687395320173399863,4687395321318678662,"external CAMetalDisplayLink drawable via DXMT Presenter"
generated_displayed,1,2,113,118,2,59,58,59,237350592428375,0,237350618529333,237350632194708,237350648684083,237350682016083,237350668321833,0,14292,0,4687395318461683597,4687395319028121064,4687395320173399863,"normalized presentedTime from Core Animation clock"
source_accepted,1,2,0,0,0,61,0,0,237350675924500,237350677295791,0,0,0,237350758780044,0,0,0,0,0,0,0,"owned history copy completed successfully"
history_copy_complete,1,2,0,0,0,61,0,0,237350675924500,237350677295791,0,0,0,237350758780044,0,0,0,0,0,0,0,"Metal command buffer completed"
generated_requested,1,2,0,0,2,61,60,61,237350675924500,237350677295791,0,0,0,237350741829869,0,0,0,0,0,0,0,"exact adjacent source pair submitted"
generated_ready,1,2,0,121,2,61,60,61,0,0,237350682142083,237350682116708,237350698682083,237350741829869,0,0,5542,0,0,0,0,"Metal status completed"
selected_source,1,2,0,121,1,60,0,0,237350642128750,237350644161083,0,237350682116708,237350698682083,237350732014083,0,0,5542,0,0,0,0,"next real endpoint in source order"
presentation_submitted,1,2,116,121,1,60,0,0,237350642128750,0,0,237350682116708,237350698682083,237350732014083,0,237350682341750,5542,0,4687395320176956096,4687395320746039263,4687395321891318062,"external CAMetalDisplayLink drawable via DXMT Presenter"
source_displayed,1,2,114,119,1,59,0,0,237350609407500,0,0,237350648791375,237350665350083,237350698682083,237350684888666,0,7166,0,4687395319031930700,4687395319600760463,4687395320746039263,"normalized presentedTime from Core Animation clock"
generated_selected,1,2,0,122,2,61,60,61,237350659026625,237350677295791,237350682142083,237350698845541,237350715348083,237350748680083,0,0,12917,0,0,0,0,"exact A/B pair ready before display deadline"
presentation_submitted,1,2,117,122,2,61,60,61,237350659026625,0,237350682142083,237350698845541,237350715348083,237350748680083,0,237350699315583,12917,0,4687395320751781634,4687395321318678662,4687395322463957462,"external CAMetalDisplayLink drawable via DXMT Presenter"
generated_displayed,1,2,115,120,2,60,59,60,237350625768125,0,237350648822000,237350665507625,237350682016083,237350715348083,237350701667708,0,11041,0,4687395319606299528,4687395320173399863,4687395321318678662,"normalized presentedTime from Core Animation clock"
source_accepted,1,2,0,0,0,62,0,0,237350709226541,237350710929500,0,0,0,237350792162159,0,0,0,0,0,0,0,"owned history copy completed successfully"
history_copy_complete,1,2,0,0,0,62,0,0,237350709226541,237350710929500,0,0,0,237350792162159,0,0,0,0,0,0,0,"Metal command buffer completed"
generated_requested,1,2,0,0,2,62,61,62,237350709226541,237350710929500,0,0,0,237350775471101,0,0,0,0,0,0,0,"exact adjacent source pair submitted"
generated_ready,1,2,0,123,2,62,61,62,0,0,237350715606708,237350715516750,237350732014083,237350775471101,0,0,13541,0,0,0,0,"Metal status completed"
selected_source,1,2,0,123,1,61,0,0,237350675924500,237350677295791,0,237350715516750,237350732014083,237350765346083,0,0,13541,0,0,0,0,"next real endpoint in source order"
presentation_submitted,1,2,118,123,1,61,0,0,237350675924500,0,0,237350715516750,237350732014083,237350765346083,0,237350716018291,13541,0,4687395321324602831,4687395321891318062,4687395323036596861,"external CAMetalDisplayLink drawable via DXMT Presenter"
source_displayed,1,2,116,121,1,60,0,0,237350642128750,0,0,237350682116708,237350698682083,237350732014083,237350718350249,0,5542,0,4687395320176956096,4687395320746039263,4687395321891318062,"normalized presentedTime from Core Animation clock"
generated_selected,1,2,0,124,2,62,61,62,237350692575520,237350710929500,237350715606708,237350732122250,237350748680082,237350782012083,0,0,10458,0,0,0,0,"exact A/B pair ready before display deadline"
presentation_submitted,1,2,119,124,2,62,61,62,237350692575520,0,237350715606708,237350732122250,237350748680082,237350782012083,0,237350732486458,10458,0,4687395321895167761,4687395322463957461,4687395323609236261,"external CAMetalDisplayLink drawable via DXMT Presenter"
source_accepted,1,2,0,0,0,63,0,0,237350742099750,237350743709500,0,0,0,237350825096144,0,0,0,0,0,0,0,"owned history copy completed successfully"
history_copy_complete,1,2,0,0,0,63,0,0,237350742099750,237350743709500,0,0,0,237350825096144,0,0,0,0,0,0,0,"Metal command buffer completed"
generated_requested,1,2,0,0,2,63,62,63,237350742099750,237350743709500,0,0,0,237350808629151,0,0,0,0,0,0,0,"exact adjacent source pair submitted"
generated_ready,1,2,0,125,2,63,62,63,0,0,237350748939916,237350748839291,237350765346083,237350808629151,0,0,10084,0,0,0,0,"Metal status completed"
selected_source,1,2,0,125,1,62,0,0,237350709226541,237350710929500,0,237350748839291,237350765346083,237350798678083,0,0,10084,0,0,0,0,"next real endpoint in source order"
presentation_submitted,1,2,120,125,1,62,0,0,237350709226541,0,0,237350748839291,237350765346083,237350798678083,0,237350749467541,10084,0,4687395322469535181,4687395323036596861,4687395324181875660,"external CAMetalDisplayLink drawable via DXMT Presenter"
generated_displayed,1,2,117,122,2,61,60,61,237350659026625,0,237350682142083,237350698845541,237350715348083,237350748680083,237350765406624,0,12917,0,4687395320751781634,4687395321318678662,4687395322463957462,"normalized presentedTime from Core Animation clock"
generated_selected,1,2,0,126,2,63,62,63,237350725663145,237350743709500,237350748939916,237350770406583,237350782012083,237350815344083,0,0,10875,0,0,0,0,"exact A/B pair ready before display deadline"
presentation_submitted,1,2,121,126,2,63,62,63,237350725663145,0,237350748939916,237350770406583,237350782012083,237350815344083,0,237350770908000,10875,0,4687395323210594576,4687395323609236261,4687395324754515060,"external CAMetalDisplayLink drawable via DXMT Presenter"
source_accepted,1,2,0,0,0,64,0,0,237350775884083,237350777331750,0,0,0,237350858309002,0,0,0,0,0,0,0,"owned history copy completed successfully"
history_copy_complete,1,2,0,0,0,64,0,0,237350775884083,237350777331750,0,0,0,237350858309002,0,0,0,0,0,0,0,"Metal command buffer completed"
generated_requested,1,2,0,0,2,64,63,64,237350775884083,237350777331750,0,0,0,237350841702573,0,0,0,0,0,0,0,"exact adjacent source pair submitted"
generated_ready,1,2,0,127,2,64,63,64,0,0,237350782189958,237350782151083,237350798678083,237350841702573,0,0,8500,0,0,0,0,"Metal status completed"
selected_source,1,2,0,127,1,63,0,0,237350742099750,237350743709500,0,237350782151083,237350798678083,237350832010083,0,0,8500,0,0,0,0,"next real endpoint in source order"
presentation_submitted,1,2,122,127,1,63,0,0,237350742099750,0,0,237350782151083,237350798678083,237350832010083,0,237350782536416,8500,0,4687395323614121047,4687395324181875660,4687395325327154460,"external CAMetalDisplayLink drawable via DXMT Presenter"
presentation_dropped,1,2,118,123,1,61,0,0,237350675924500,0,0,237350715516750,237350732014083,237350765346083,0,0,13541,0,4687395321324602831,4687395321891318062,4687395323036596861,"Metal drawable presentedTime=0; associated frame was dropped or not presented"
generated_displayed,1,2,119,124,2,62,61,62,237350692575520,0,237350715606708,237350732122250,237350748680082,237350782012083,237350784188958,0,10458,0,4687395321895167761,4687395322463957461,4687395323609236261,"normalized presentedTime from Core Animation clock"
source_displayed,1,2,120,125,1,62,0,0,237350709226541,0,0,237350748839291,237350765346083,237350798678083,237350791324374,0,10084,0,4687395322469535181,4687395323036596861,4687395324181875660,"normalized presentedTime from Core Animation clock"
generated_selected,1,2,0,128,2,64,63,64,237350758991916,237350777331750,237350782189958,237350798803958,237350815344083,237350848676083,0,0,9917,0,0,0,0,"exact A/B pair ready before display deadline"
presentation_submitted,1,2,123,128,2,64,63,64,237350758991916,0,237350782189958,237350798803958,237350815344083,237350848676083,0,237350799210250,9917,0,4687395324186330950,4687395324754515060,4687395325899793859,"external CAMetalDisplayLink drawable via DXMT Presenter"
generated_displayed,1,2,121,126,2,63,62,63,237350725663145,0,237350748939916,237350770406583,237350782012083,237350815344083,237350801802541,0,10875,0,4687395323210594576,4687395323609236261,4687395324754515060,"normalized presentedTime from Core Animation clock"
source_accepted,1,2,0,0,0,65,0,0,237350809629791,237350812146083,0,0,0,237350892236212,0,0,0,0,0,0,0,"owned history copy completed successfully"
history_copy_complete,1,2,0,0,0,65,0,0,237350809629791,237350812146083,0,0,0,237350892236212,0,0,0,0,0,0,0,"Metal command buffer completed"
generated_requested,1,2,0,0,2,65,64,65,237350809629791,237350812146083,0,0,0,237350875272607,0,0,0,0,0,0,0,"exact adjacent source pair submitted"
generated_ready,1,2,0,129,2,65,64,65,0,0,237350815585708,237350815551500,237350832010083,237350875272607,0,0,8041,0,0,0,0,"Metal status completed"
selected_source,1,2,0,129,1,64,0,0,237350775884083,237350777331750,0,237350815551500,237350832010083,237350865342083,0,0,8041,0,0,0,0,"next real endpoint in source order"
presentation_submitted,1,2,124,129,1,64,0,0,237350775884083,0,0,237350815551500,237350832010083,237350865342083,0,237350815950750,8041,0,4687395324761770669,4687395325327154460,4687395326472433259,"external CAMetalDisplayLink drawable via DXMT Presenter"
source_displayed,1,2,122,127,1,63,0,0,237350742099750,0,0,237350782151083,237350798678083,237350832010083,237350820529249,0,8500,0,4687395323614121047,4687395324181875660,4687395325327154460,"normalized presentedTime from Core Animation clock"
generated_selected,1,2,0,130,2,65,64,65,237350792756937,237350812146083,237350815585708,237350832213375,237350848676083,237350882008083,0,0,24000,0,0,0,0,"exact A/B pair ready before display deadline"
presentation_submitted,1,2,125,130,2,65,64,65,237350792756937,0,237350815585708,237350832213375,237350848676083,237350882008083,0,237350832964166,24000,0,4687395325334318465,4687395325899793859,4687395327045072659,"external CAMetalDisplayLink drawable via DXMT Presenter"
generated_displayed,1,2,123,128,2,64,63,64,237350758991916,0,237350782189958,237350798803958,237350815344083,237350848676083,237350836413541,0,9917,0,4687395324186330950,4687395324754515060,4687395325899793859,"normalized presentedTime from Core Animation clock"
source_accepted,1,2,0,0,0,66,0,0,237350844681333,237350847389666,0,0,0,237350927409556,0,0,0,0,0,0,0,"owned history copy completed successfully"
history_copy_complete,1,2,0,0,0,66,0,0,237350844681333,237350847389666,0,0,0,237350927409556,0,0,0,0,0,0,0,"Metal command buffer completed"
generated_requested,1,2,0,0,2,66,65,66,237350844681333,237350847389666,0,0,0,237350909822884,0,0,0,0,0,0,0,"exact adjacent source pair submitted"
generated_ready,1,2,0,131,2,66,65,66,0,0,237350848901166,237350848857791,237350865342083,237350909822884,0,0,10625,0,0,0,0,"Metal status completed"
selected_source,1,2,0,131,1,65,0,0,237350809629791,237350812146083,0,237350848857791,237350865342083,237350898674083,0,0,10625,0,0,0,0,"next real endpoint in source order"
presentation_submitted,1,2,126,131,1,65,0,0,237350809629791,0,0,237350848857791,237350865342083,237350898674083,0,237350849354333,10625,0,4687395325906156115,4687395326472433259,4687395327617712058,"external CAMetalDisplayLink drawable via DXMT Presenter"
source_displayed,1,2,124,129,1,64,0,0,237350775884083,0,0,237350815551500,237350832010083,237350865342083,237350853673166,0,8041,0,4687395324761770669,4687395325327154460,4687395326472433259,"normalized presentedTime from Core Animation clock"
generated_selected,1,2,0,132,2,66,65,66,237350827155562,237350847389666,237350848901166,237350865505625,237350882008083,237350915340083,0,0,12083,0,0,0,0,"exact A/B pair ready before display deadline"
presentation_submitted,1,2,127,132,2,66,65,66,237350827155562,0,237350848901166,237350865505625,237350882008083,237350915340083,0,237350865925291,12083,0,4687395326478181334,4687395327045072659,4687395328190351458,"external CAMetalDisplayLink drawable via DXMT Presenter"
generated_displayed,1,2,125,130,2,65,64,65,237350792756937,0,237350815585708,237350832213375,237350848676083,237350882008083,237350868112791,0,24000,0,4687395325334318465,4687395325899793859,4687395327045072659,"normalized presentedTime from Core Animation clock"
source_accepted,1,2,0,0,0,67,0,0,237350875871500,237350877574416,0,0,0,237350958700759,0,0,0,0,0,0,0,"owned history copy completed successfully"
history_copy_complete,1,2,0,0,0,67,0,0,237350875871500,237350877574416,0,0,0,237350958700759,0,0,0,0,0,0,0,"Metal command buffer completed"
generated_requested,1,2,0,0,2,67,66,67,237350875871500,237350877574416,0,0,0,237350943055157,0,0,0,0,0,0,0,"exact adjacent source pair submitted"
generated_ready,1,2,0,133,2,67,66,67,0,0,237350882160250,237350882134041,237350898674083,237350943055157,0,0,5542,0,0,0,0,"Metal status completed"
selected_source,1,2,0,133,1,66,0,0,237350844681333,237350847389666,0,237350882134041,237350898674083,237350932006083,0,0,5542,0,0,0,0,"next real endpoint in source order"
presentation_submitted,1,2,128,133,1,66,0,0,237350844681333,0,0,237350882134041,237350898674083,237350932006083,0,237350882456250,5542,0,4687395327049506474,4687395327617712058,4687395328762990858,"external CAMetalDisplayLink drawable via DXMT Presenter"
generated_selected,1,2,0,134,2,67,66,67,237350860276416,237350877574416,237350882160250,237350898852000,237350915340083,237350948672083,0,0,14166,0,0,0,0,"exact A/B pair ready before display deadline"
presentation_submitted,1,2,129,134,2,67,66,67,237350860276416,0,237350882160250,237350898852000,237350915340083,237350948672083,0,237350899308125,14166,0,4687395327623958349,4687395328190351458,4687395329335630257,"external CAMetalDisplayLink drawable via DXMT Presenter"
source_accepted,1,2,0,0,0,68,0,0,237350909175458,237350910886291,0,0,0,237350992086373,0,0,0,0,0,0,0,"owned history copy completed successfully"
history_copy_complete,1,2,0,0,0,68,0,0,237350909175458,237350910886291,0,0,0,237350992086373,0,0,0,0,0,0,0,"Metal command buffer completed"
generated_requested,1,2,0,0,2,68,67,68,237350909175458,237350910886291,0,0,0,237350975393566,0,0,0,0,0,0,0,"exact adjacent source pair submitted"
generated_ready,1,2,0,135,2,68,67,68,0,0,237350915543708,237350915502916,237350932006083,237350975393566,0,0,9709,0,0,0,0,"Metal status completed"
selected_source,1,2,0,135,1,67,0,0,237350875871500,237350877574416,0,237350915502916,237350932006083,237350965338083,0,0,9709,0,0,0,0,"next real endpoint in source order"
presentation_submitted,1,2,130,135,1,67,0,0,237350875871500,0,0,237350915502916,237350932006083,237350965338083,0,237350915894291,9709,0,4687395328196058026,4687395328762990858,4687395329908269657,"external CAMetalDisplayLink drawable via DXMT Presenter"
source_displayed,1,2,126,131,1,65,0,0,237350809629791,0,0,237350848857791,237350865342083,237350898674083,237350915404958,0,10625,0,4687395325906156115,4687395326472433259,4687395327617712058,"normalized presentedTime from Core Animation clock"
generated_selected,1,2,0,136,2,68,67,68,237350892523479,237350910886291,237350915543708,237350932149208,237350948672083,237350982004083,0,0,12083,0,0,0,0,"exact A/B pair ready before display deadline"
presentation_submitted,1,2,131,136,2,68,67,68,237350892523479,0,237350915543708,237350932149208,237350948672083,237350982004083,0,237350932570291,12083,0,4687395328768028854,4687395329335630257,4687395330480909057,"external CAMetalDisplayLink drawable via DXMT Presenter"
generated_displayed,1,2,127,132,2,66,65,66,237350827155562,0,237350848901166,237350865505625,237350882008083,237350915340083,237350932071416,0,12083,0,4687395326478181334,4687395327045072659,4687395328190351458,"normalized presentedTime from Core Animation clock"
source_accepted,1,2,0,0,0,69,0,0,237350942542416,237350944075750,0,0,0,237351025516165,0,0,0,0,0,0,0,"owned history copy completed successfully"
history_copy_complete,1,2,0,0,0,69,0,0,237350942542416,237350944075750,0,0,0,237351025516165,0,0,0,0,0,0,0,"Metal command buffer completed"
generated_requested,1,2,0,0,2,69,68,69,237350942542416,237350944075750,0,0,0,237351008801269,0,0,0,0,0,0,0,"exact adjacent source pair submitted"
source_displayed,1,2,128,133,1,66,0,0,237350844681333,0,0,237350882134041,237350898674083,237350932006083,237350948737958,0,5542,0,4687395327049506474,4687395327617712058,4687395328762990858,"normalized presentedTime from Core Animation clock"
generated_ready,1,2,0,137,2,69,68,69,0,0,237350952132958,237350952091333,237350965338083,237351008801269,0,0,8208,0,0,0,0,"Metal status completed"
selected_source,1,2,0,137,1,68,0,0,237350909175458,237350910886291,0,237350952091333,237350965338083,237350998670083,0,0,8208,0,0,0,0,"next real endpoint in source order"
presentation_submitted,1,2,132,137,1,68,0,0,237350909175458,0,0,237350952091333,237350965338083,237350998670083,0,237350952472541,8208,0,4687395329453227870,4687395329908269657,4687395331053548456,"external CAMetalDisplayLink drawable via DXMT Presenter"
presentation_dropped,1,2,129,134,2,67,66,67,237350860276416,0,237350882160250,237350898852000,237350915340083,237350948672083,0,0,14166,0,4687395327623958349,4687395328190351458,4687395329335630257,"Metal drawable presentedTime=0; associated frame was dropped or not presented"
source_displayed,1,2,130,135,1,67,0,0,237350875871500,0,0,237350915502916,237350932006083,237350965338083,237350954131166,0,9709,0,4687395328196058026,4687395328762990858,4687395329908269657,"normalized presentedTime from Core Animation clock"
generated_selected,1,2,0,138,2,69,68,69,237350925858937,237350944075750,237350952132958,237350965516041,237350982004083,237351015336083,0,0,12709,0,0,0,0,"exact A/B pair ready before display deadline"
presentation_submitted,1,2,133,138,2,69,68,69,237350925858937,0,237350952132958,237350965516041,237350982004083,237351015336083,0,237350966007666,12709,0,4687395329914514539,4687395330480909056,4687395331626187856,"external CAMetalDisplayLink drawable via DXMT Presenter"
generated_displayed,1,2,131,136,2,68,67,68,237350892523479,0,237350915543708,237350932149208,237350948672083,237350982004083,237350968851291,0,12083,0,4687395328768028854,4687395329335630257,4687395330480909057,"normalized presentedTime from Core Animation clock"
source_accepted,1,2,0,0,0,70,0,0,237350976189291,237350977734833,0,0,0,237351058850622,0,0,0,0,0,0,0,"owned history copy completed successfully"
history_copy_complete,1,2,0,0,0,70,0,0,237350976189291,237350977734833,0,0,0,237351058850622,0,0,0,0,0,0,0,"Metal command buffer completed"
generated_requested,1,2,0,0,2,70,69,70,237350976189291,237350977734833,0,0,0,237351042183393,0,0,0,0,0,0,0,"exact adjacent source pair submitted"
generated_ready,1,2,0,139,2,70,69,70,0,0,237350982301416,237350982194625,237350998670083,237351042183393,0,0,10708,0,0,0,0,"Metal status completed"
selected_source,1,2,0,139,1,69,0,0,237350942542416,237350944075750,0,237350982194625,237350998670083,237351032002083,0,0,10708,0,0,0,0,"next real endpoint in source order"
presentation_submitted,1,2,134,139,1,69,0,0,237350942542416,0,0,237350982194625,237350998670083,237351032002083,0,237350983016041,10708,0,4687395330487571959,4687395331053548456,4687395332198827255,"external CAMetalDisplayLink drawable via DXMT Presenter"
source_displayed,1,2,132,137,1,68,0,0,237350909175458,0,0,237350952091333,237350965338083,237350998670083,237350985367541,0,8208,0,4687395329453227870,4687395329908269657,4687395331053548456,"normalized presentedTime from Core Animation clock"
generated_selected,1,2,0,140,2,70,69,70,237350959365853,237350977734833,237350982301416,237350998810416,237351015336083,237351048668083,0,0,10042,0,0,0,0,"exact A/B pair ready before display deadline"
presentation_submitted,1,2,135,140,2,70,69,70,237350959365853,0,237350982301416,237350998810416,237351015336083,237351048668083,0,237350999240916,10042,0,4687395331058503405,4687395331626187856,4687395332771466655,"external CAMetalDisplayLink drawable via DXMT Presenter"
generated_displayed,1,2,133,138,2,69,68,69,237350925858937,0,237350952132958,237350965516041,237350982004083,237351015336083,237351001698958,0,12709,0,4687395329914514539,4687395330480909056,4687395331626187856,"normalized presentedTime from Core Animation clock"
source_accepted,1,2,0,0,0,71,0,0,237351008765375,237351010180833,0,0,0,237351091545355,0,0,0,0,0,0,0,"owned history copy completed successfully"
history_copy_complete,1,2,0,0,0,71,0,0,237351008765375,237351010180833,0,0,0,237351091545355,0,0,0,0,0,0,0,"Metal command buffer completed"
generated_requested,1,2,0,0,2,71,70,71,237351008765375,237351010180833,0,0,0,237351075197988,0,0,0,0,0,0,0,"exact adjacent source pair submitted"
generated_ready,1,2,0,141,2,71,70,71,0,0,237351015529041,237351015487916,237351032002083,237351075197988,0,0,7167,0,0,0,0,"Metal status completed"
selected_source,1,2,0,141,1,70,0,0,237350976189291,237350977734833,0,237351015487916,237351032002083,237351065334083,0,0,7167,0,0,0,0,"next real endpoint in source order"
presentation_submitted,1,2,136,141,1,70,0,0,237350976189291,0,0,237351015487916,237351032002083,237351065334083,0,237351016177166,7167,0,4687395331631512172,4687395332198827255,4687395333344106055,"external CAMetalDisplayLink drawable via DXMT Presenter"
source_displayed,1,2,134,139,1,69,0,0,237350942542416,0,0,237350982194625,237350998670083,237351032002083,237351017953458,0,10708,0,4687395330487571959,4687395331053548456,4687395332198827255,"normalized presentedTime from Core Animation clock"
generated_selected,1,2,0,142,2,71,70,71,237350992477333,237351010180833,237351015529041,237351032179291,237351048668083,237351082000083,0,0,14584,0,0,0,0,"exact A/B pair ready before display deadline"
presentation_submitted,1,2,137,142,2,71,70,71,237350992477333,0,237351015529041,237351032179291,237351048668083,237351082000083,0,237351032756791,14584,0,4687395332205059253,4687395332771466655,4687395333916745454,"external CAMetalDisplayLink drawable via DXMT Presenter"
source_accepted,1,2,0,0,0,72,0,0,237351042123083,237351043972708,0,0,0,237351124993528,0,0,0,0,0,0,0,"owned history copy completed successfully"
history_copy_complete,1,2,0,0,0,72,0,0,237351042123083,237351043972708,0,0,0,237351124993528,0,0,0,0,0,0,0,"Metal command buffer completed"
generated_requested,1,2,0,0,2,72,71,72,237351042123083,237351043972708,0,0,0,237351108269441,0,0,0,0,0,0,0,"exact adjacent source pair submitted"
generated_ready,1,2,0,143,2,72,71,72,0,0,237351048861958,237351048828583,237351065334083,237351108269441,0,0,8333,0,0,0,0,"Metal status completed"
selected_source,1,2,0,143,1,71,0,0,237351008765375,237351010180833,0,237351048828583,237351065334083,237351098666083,0,0,8333,0,0,0,0,"next real endpoint in source order"
presentation_submitted,1,2,138,143,1,71,0,0,237351008765375,0,0,237351048828583,237351065334083,237351098666083,0,237351049187791,8333,0,4687395332777093062,4687395333344106055,4687395334489384854,"external CAMetalDisplayLink drawable via DXMT Presenter"
generated_displayed,1,2,135,140,2,70,69,70,237350959365853,0,237350982301416,237350998810416,237351015336083,237351048668083,237351048736791,0,10042,0,4687395331058503405,4687395331626187856,4687395332771466655,"normalized presentedTime from Core Animation clock"
generated_selected,1,2,0,144,2,72,71,72,237351025444229,237351043972708,237351048861958,237351065539583,237351082000083,237351115332083,0,0,19042,0,0,0,0,"exact A/B pair ready before display deadline"
presentation_submitted,1,2,139,144,2,72,71,72,237351025444229,0,237351048861958,237351065539583,237351082000083,237351115332083,0,237351066522333,19042,0,4687395333351305829,4687395333916745454,4687395335062024254,"external CAMetalDisplayLink drawable via DXMT Presenter"
source_accepted,1,2,0,0,0,73,0,0,237351075447666,237351077403291,0,0,0,237351158382889,0,0,0,0,0,0,0,"owned history copy completed successfully"
history_copy_complete,1,2,0,0,0,73,0,0,237351075447666,237351077403291,0,0,0,237351158382889,0,0,0,0,0,0,0,"Metal command buffer completed"
generated_requested,1,2,0,0,2,73,72,73,237351075447666,237351077403291,0,0,0,237351141688208,0,0,0,0,0,0,0,"exact adjacent source pair submitted"
source_displayed,1,2,136,141,1,70,0,0,237350976189291,0,0,237351015487916,237351032002083,237351065334083,237351082069791,0,7167,0,4687395331631512172,4687395332198827255,4687395333344106055,"normalized presentedTime from Core Animation clock"
generated_ready,1,2,0,145,2,73,72,73,0,0,237351084383500,237351084344875,237351098666083,237351141688208,0,0,7916,0,0,0,0,"Metal status completed"
selected_source,1,2,0,145,1,72,0,0,237351042123083,237351043972708,0,237351084344875,237351098666083,237351131998083,0,0,7916,0,0,0,0,"next real endpoint in source order"
presentation_submitted,1,2,140,145,1,72,0,0,237351042123083,0,0,237351084344875,237351098666083,237351131998083,0,237351084750833,7916,0,4687395333997424972,4687395334489384854,4687395335634663653,"external CAMetalDisplayLink drawable via DXMT Presenter"
generated_selected,1,2,0,146,2,73,72,73,237351058785374,237351077403291,237351084383500,237351098856916,237351115332083,237351148664083,0,0,16000,0,0,0,0,"exact A/B pair ready before display deadline"
presentation_submitted,1,2,141,146,2,73,72,73,237351058785374,0,237351084383500,237351098856916,237351115332083,237351148664083,0,237351099515916,16000,0,4687395334496080708,4687395335062024254,4687395336207303053,"external CAMetalDisplayLink drawable via DXMT Presenter"
presentation_dropped,1,2,137,142,2,71,70,71,237350992477333,0,237351015529041,237351032179291,237351048668083,237351082000083,0,0,14584,0,4687395332205059253,4687395332771466655,4687395333916745454,"Metal drawable presentedTime=0; associated frame was dropped or not presented"
source_displayed,1,2,138,143,1,71,0,0,237351008765375,0,0,237351048828583,237351065334083,237351098666083,237351100756916,0,8333,0,4687395332777093062,4687395333344106055,4687395334489384854,"normalized presentedTime from Core Animation clock"
source_accepted,1,2,0,0,0,74,0,0,237351109368166,237351111909250,0,0,0,237351192115910,0,0,0,0,0,0,0,"owned history copy completed successfully"
history_copy_complete,1,2,0,0,0,74,0,0,237351109368166,237351111909250,0,0,0,237351192115910,0,0,0,0,0,0,0,"Metal command buffer completed"
generated_requested,1,2,0,0,2,74,73,74,237351109368166,237351111909250,0,0,0,237351175249399,0,0,0,0,0,0,0,"exact adjacent source pair submitted"
generated_displayed,1,2,139,144,2,72,71,72,237351025444229,0,237351048861958,237351065539583,237351082000083,237351115332083,237351108941208,0,19042,0,4687395333351305829,4687395333916745454,4687395335062024254,"normalized presentedTime from Core Animation clock"
generated_ready,1,2,0,147,2,74,73,74,0,0,237351115525416,237351115445166,237351131998083,237351175249399,0,0,7292,0,0,0,0,"Metal status completed"
selected_source,1,2,0,147,1,73,0,0,237351075447666,237351077403291,0,237351115445166,237351131998083,237351165330083,0,0,7292,0,0,0,0,"next real endpoint in source order"
presentation_submitted,1,2,142,147,1,73,0,0,237351075447666,0,0,237351115445166,237351131998083,237351165330083,0,237351115866083,7292,0,4687395335066027163,4687395335634663653,4687395336779942453,"external CAMetalDisplayLink drawable via DXMT Presenter"
source_displayed,1,2,140,145,1,72,0,0,237351042123083,0,0,237351084344875,237351098666083,237351131998083,237351119343166,0,7916,0,4687395333997424972,4687395334489384854,4687395335634663653,"normalized presentedTime from Core Animation clock"
generated_selected,1,2,0,148,2,74,73,74,237351092407916,237351111909250,237351115525416,237351132246000,237351148664083,237351181996083,0,0,20333,0,0,0,0,"exact A/B pair ready before display deadline"
presentation_submitted,1,2,143,148,2,74,73,74,237351092407916,0,237351115525416,237351132246000,237351148664083,237351181996083,0,237351133049291,20333,0,4687395335643348077,4687395336207303053,4687395337352581852,"external CAMetalDisplayLink drawable via DXMT Presenter"
generated_displayed,1,2,141,146,2,73,72,73,237351058785374,0,237351084383500,237351098856916,237351115332083,237351148664083,237351136464208,0,16000,0,4687395334496080708,4687395335062024254,4687395336207303053,"normalized presentedTime from Core Animation clock"
source_accepted,1,2,0,0,0,75,0,0,237351142166125,237351144543708,0,0,0,237351225007289,0,0,0,0,0,0,0,"owned history copy completed successfully"
history_copy_complete,1,2,0,0,0,75,0,0,237351142166125,237351144543708,0,0,0,237351225007289,0,0,0,0,0,0,0,"Metal command buffer completed"
generated_requested,1,2,0,0,2,75,74,75,237351142166125,237351144543708,0,0,0,237351208561599,0,0,0,0,0,0,0,"exact adjacent source pair submitted"
generated_ready,1,2,0,149,2,75,74,75,0,0,237351148980916,237351148886708,237351165330083,237351208561599,0,0,10875,0,0,0,0,"Metal status completed"
selected_source,1,2,0,149,1,74,0,0,237351109368166,237351111909250,0,237351148886708,237351165330083,237351198662083,0,0,10875,0,0,0,0,"next real endpoint in source order"
presentation_submitted,1,2,144,149,1,74,0,0,237351109368166,0,0,237351148886708,237351165330083,237351198662083,0,237351149392291,10875,0,4687395336215074057,4687395336779942453,4687395337925221252,"external CAMetalDisplayLink drawable via DXMT Presenter"
source_displayed,1,2,142,147,1,73,0,0,237351075447666,0,0,237351115445166,237351131998083,237351165330083,237351153196541,0,7292,0,4687395335066027163,4687395335634663653,4687395336779942453,"normalized presentedTime from Core Animation clock"
generated_selected,1,2,0,150,2,75,74,75,237351125767145,237351144543708,237351148980916,237351165511625,237351181996083,237351215328083,0,0,17416,0,0,0,0,"exact A/B pair ready before display deadline"
presentation_submitted,1,2,145,150,2,75,74,75,237351125767145,0,237351148980916,237351165511625,237351181996083,237351215328083,0,237351166014875,17416,0,4687395336786310446,4687395337352581852,4687395338497860652,"external CAMetalDisplayLink drawable via DXMT Presenter"
generated_displayed,1,2,143,148,2,74,73,74,237351092407916,0,237351115525416,237351132246000,237351148664083,237351181996083,237351168717624,0,20333,0,4687395335643348077,4687395336207303053,4687395337352581852,"normalized presentedTime from Core Animation clock"
source_accepted,1,2,0,0,0,76,0,0,237351175829541,237351177542250,0,0,0,237351258738546,0,0,0,0,0,0,0,"owned history copy completed successfully"
history_copy_complete,1,2,0,0,0,76,0,0,237351175829541,237351177542250,0,0,0,237351258738546,0,0,0,0,0,0,0,"Metal command buffer completed"
generated_requested,1,2,0,0,2,76,75,76,237351175829541,237351177542250,0,0,0,237351241872917,0,0,0,0,0,0,0,"exact adjacent source pair submitted"
generated_ready,1,2,0,151,2,76,75,76,0,0,237351182192041,237351182149916,237351198662083,237351241872917,0,0,10000,0,0,0,0,"Metal status completed"
selected_source,1,2,0,151,1,75,0,0,237351142166125,237351144543708,0,237351182149916,237351198662083,237351231994083,0,0,10000,0,0,0,0,"next real endpoint in source order"
presentation_submitted,1,2,146,151,1,75,0,0,237351142166125,0,0,237351182149916,237351198662083,237351231994083,0,237351182529666,10000,0,4687395337357982035,4687395337925221252,4687395339070500051,"external CAMetalDisplayLink drawable via DXMT Presenter"
source_displayed,1,2,144,149,1,74,0,0,237351109368166,0,0,237351148886708,237351165330083,237351198662083,237351185247458,0,10875,0,4687395336215074057,4687395336779942453,4687395337925221252,"normalized presentedTime from Core Animation clock"
generated_selected,1,2,0,152,2,76,75,76,237351158997833,237351177542250,237351182192041,237351198818583,237351215328083,237351248660083,0,0,13125,0,0,0,0,"exact A/B pair ready before display deadline"
presentation_submitted,1,2,147,152,2,76,75,76,237351158997833,0,237351182192041,237351198818583,237351215328083,237351248660083,0,237351199607166,13125,0,4687395337930734547,4687395338497860651,4687395339643139451,"external CAMetalDisplayLink drawable via DXMT Presenter"
generated_displayed,1,2,145,150,2,75,74,75,237351125767145,0,237351148980916,237351165511625,237351181996083,237351215328083,237351202487791,0,17416,0,4687395336786310446,4687395337352581852,4687395338497860652,"normalized presentedTime from Core Animation clock"
source_accepted,1,2,0,0,0,77,0,0,237351209177000,237351211012083,0,0,0,237351292148599,0,0,0,0,0,0,0,"owned history copy completed successfully"
history_copy_complete,1,2,0,0,0,77,0,0,237351209177000,237351211012083,0,0,0,237351292148599,0,0,0,0,0,0,0,"Metal command buffer completed"
generated_requested,1,2,0,0,2,77,76,77,237351209177000,237351211012083,0,0,0,237351275443572,0,0,0,0,0,0,0,"exact adjacent source pair submitted"
generated_ready,1,2,0,153,2,77,76,77,0,0,237351215475875,237351215449625,237351231994083,237351275443572,0,0,5625,0,0,0,0,"Metal status completed"
selected_source,1,2,0,153,1,76,0,0,237351175829541,237351177542250,0,237351215449625,237351231994083,237351265326083,0,0,5625,0,0,0,0,"next real endpoint in source order"
presentation_submitted,1,2,148,153,1,76,0,0,237351175829541,0,0,237351215449625,237351231994083,237351265326083,0,237351215686000,5625,0,4687395338502141291,4687395339070500051,4687395340215778850,"external CAMetalDisplayLink drawable via DXMT Presenter"
generated_selected,1,2,0,154,2,77,76,77,237351192503270,237351211012083,237351215475875,237351232170000,237351248660083,237351281992083,0,0,14375,0,0,0,0,"exact A/B pair ready before display deadline"
presentation_submitted,1,2,149,154,2,77,76,77,237351192503270,0,237351215475875,237351232170000,237351248660083,237351281992083,0,237351232776291,14375,0,4687395339076673328,4687395339643139451,4687395340788418250,"external CAMetalDisplayLink drawable via DXMT Presenter"
source_accepted,1,2,0,0,0,78,0,0,237351242103625,237351245097333,0,0,0,237351325124253,0,0,0,0,0,0,0,"owned history copy completed successfully"
history_copy_complete,1,2,0,0,0,78,0,0,237351242103625,237351245097333,0,0,0,237351325124253,0,0,0,0,0,0,0,"Metal command buffer completed"
generated_requested,1,2,0,0,2,78,77,78,237351242103625,237351245097333,0,0,0,237351308636426,0,0,0,0,0,0,0,"exact adjacent source pair submitted"
generated_ready,1,2,0,155,2,78,77,78,0,0,237351250695666,237351250609083,237351265326083,237351308636426,0,0,13958,0,0,0,0,"Metal status completed"
selected_source,1,2,0,155,1,77,0,0,237351209177000,237351211012083,0,237351250609083,237351265326083,237351298658083,0,0,13958,0,0,0,0,"next real endpoint in source order"
presentation_submitted,1,2,150,155,1,77,0,0,237351209177000,0,0,237351250609083,237351265326083,237351298658083,0,237351251020291,13958,0,4687395339710231135,4687395340215778850,4687395341361057650,"external CAMetalDisplayLink drawable via DXMT Presenter"
source_displayed,1,2,146,151,1,75,0,0,237351142166125,0,0,237351182149916,237351198662083,237351231994083,237351248734624,0,10000,0,4687395337357982035,4687395337925221252,4687395339070500051,"normalized presentedTime from Core Animation clock"
generated_selected,1,2,0,156,2,78,77,78,237351225640312,237351245097333,237351250695666,237351265510250,237351281992083,237351315324083,0,0,15333,0,0,0,0,"exact A/B pair ready before display deadline"
presentation_submitted,1,2,151,156,2,78,77,78,237351225640312,0,237351250695666,237351265510250,237351281992083,237351315324083,0,237351265978791,15333,0,4687395340222241333,4687395340788418250,4687395341933697049,"external CAMetalDisplayLink drawable via DXMT Presenter"
generated_displayed,1,2,147,152,2,76,75,76,237351158997833,0,237351182192041,237351198818583,237351215328083,237351248660083,237351265401041,0,13125,0,4687395337930734547,4687395338497860651,4687395339643139451,"normalized presentedTime from Core Animation clock"
source_accepted,1,2,0,0,0,79,0,0,237351275888708,237351277982166,0,0,0,237351358745964,0,0,0,0,0,0,0,"owned history copy completed successfully"
history_copy_complete,1,2,0,0,0,79,0,0,237351275888708,237351277982166,0,0,0,237351358745964,0,0,0,0,0,0,0,"Metal command buffer completed"
generated_requested,1,2,0,0,2,79,78,79,237351275888708,237351277982166,0,0,0,237351341935108,0,0,0,0,0,0,0,"exact adjacent source pair submitted"
generated_ready,1,2,0,157,2,79,78,79,0,0,237351282193541,237351282142000,237351298658083,237351341935108,0,0,11458,0,0,0,0,"Metal status completed"
selected_source,1,2,0,157,1,78,0,0,237351242103625,237351245097333,0,237351282142000,237351298658083,237351331990083,0,0,11458,0,0,0,0,"next real endpoint in source order"
presentation_submitted,1,2,152,157,1,78,0,0,237351242103625,0,0,237351282142000,237351298658083,237351331990083,0,237351282624250,11458,0,4687395340793682437,4687395341361057650,4687395342506336449,"external CAMetalDisplayLink drawable via DXMT Presenter"
source_displayed,1,2,148,153,1,76,0,0,237351175829541,0,0,237351215449625,237351231994083,237351265326083,237351282067499,0,5625,0,4687395338502141291,4687395339070500051,4687395340215778850,"normalized presentedTime from Core Animation clock"
generated_displayed,1,2,149,154,2,77,76,77,237351192503270,0,237351215475875,237351232170000,237351248660083,237351281992083,237351284243208,0,14375,0,4687395339076673328,4687395339643139451,4687395340788418250,"normalized presentedTime from Core Animation clock"
generated_selected,1,2,0,158,2,79,78,79,237351258996166,237351277982166,237351282193541,237351299847166,237351315324083,237351348656083,0,0,15125,0,0,0,0,"exact A/B pair ready before display deadline"
presentation_submitted,1,2,153,158,2,79,78,79,237351258996166,0,237351282193541,237351299847166,237351315324083,237351348656083,0,237351300464083,15125,0,4687395341402048818,4687395341933697049,4687395343078975849,"external CAMetalDisplayLink drawable via DXMT Presenter"
source_displayed,1,2,150,155,1,77,0,0,237351209177000,0,0,237351250609083,237351265326083,237351298658083,237351292872208,0,13958,0,4687395339710231135,4687395340215778850,4687395341361057650,"normalized presentedTime from Core Animation clock"
generated_displayed,1,2,151,156,2,78,77,78,237351225640312,0,237351250695666,237351265510250,237351281992083,237351315324083,237351307452666,0,15333,0,4687395340222241333,4687395340788418250,4687395341933697049,"normalized presentedTime from Core Animation clock"
source_accepted,1,2,0,0,0,80,0,0,237351309612916,237351312342833,0,0,0,237351392416251,0,0,0,0,0,0,0,"owned history copy completed successfully"
history_copy_complete,1,2,0,0,0,80,0,0,237351309612916,237351312342833,0,0,0,237351392416251,0,0,0,0,0,0,0,"Metal command buffer completed"
generated_requested,1,2,0,0,2,80,79,80,237351309612916,237351312342833,0,0,0,237351375581107,0,0,0,0,0,0,0,"exact adjacent source pair submitted"
generated_ready,1,2,0,159,2,80,79,80,0,0,237351315567125,237351315490541,237351331990083,237351375581107,0,0,10625,0,0,0,0,"Metal status completed"
selected_source,1,2,0,159,1,79,0,0,237351275888708,237351277982166,0,237351315490541,237351331990083,237351365322083,0,0,10625,0,0,0,0,"next real endpoint in source order"
presentation_submitted,1,2,154,159,1,79,0,0,237351275888708,0,0,237351315490541,237351331990083,237351365322083,0,237351315996666,10625,0,4687395341939529615,4687395342506336449,4687395343651615248,"external CAMetalDisplayLink drawable via DXMT Presenter"
source_displayed,1,2,152,157,1,78,0,0,237351242103625,0,0,237351282142000,237351298658083,237351331990083,237351317843666,0,11458,0,4687395340793682437,4687395341361057650,4687395342506336449,"normalized presentedTime from Core Animation clock"
generated_selected,1,2,0,160,2,80,79,80,237351292750812,237351312342833,237351315567125,237351332153916,237351348656083,237351381988083,0,0,11042,0,0,0,0,"exact A/B pair ready before display deadline"
presentation_submitted,1,2,155,160,2,80,79,80,237351292750812,0,237351315567125,237351332153916,237351348656083,237351381988083,0,237351332662416,11042,0,4687395342512103147,4687395343078975849,4687395344224254648,"external CAMetalDisplayLink drawable via DXMT Presenter"
generated_displayed,1,2,153,158,2,79,78,79,237351258996166,0,237351282193541,237351299847166,237351315324083,237351348656083,237351335148416,0,15125,0,4687395341402048818,4687395341933697049,4687395343078975849,"normalized presentedTime from Core Animation clock"
source_accepted,1,2,0,0,0,81,0,0,237351342123375,237351344198625,0,0,0,237351425011773,0,0,0,0,0,0,0,"owned history copy completed successfully"
history_copy_complete,1,2,0,0,0,81,0,0,237351342123375,237351344198625,0,0,0,237351425011773,0,0,0,0,0,0,0,"Metal command buffer completed"
generated_requested,1,2,0,0,2,81,80,81,237351342123375,237351344198625,0,0,0,237351408714012,0,0,0,0,0,0,0,"exact adjacent source pair submitted"
generated_ready,1,2,0,161,2,81,80,81,0,0,237351348815583,237351348788583,237351365322083,237351408714012,0,0,6083,0,0,0,0,"Metal status completed"
selected_source,1,2,0,161,1,80,0,0,237351309612916,237351312342833,0,237351348788583,237351365322083,237351398654083,0,0,6083,0,0,0,0,"next real endpoint in source order"
presentation_submitted,1,2,156,161,1,80,0,0,237351309612916,0,0,237351348788583,237351365322083,237351398654083,0,237351349061875,6083,0,4687395343083635888,4687395343651615248,4687395344796894048,"external CAMetalDisplayLink drawable via DXMT Presenter"
source_displayed,1,2,154,159,1,79,0,0,237351275888708,0,0,237351315490541,237351331990083,237351365322083,237351352421666,0,10625,0,4687395341939529615,4687395342506336449,4687395343651615248,"normalized presentedTime from Core Animation clock"
generated_selected,1,2,0,162,2,81,80,81,237351325868145,237351344198625,237351348815583,237351365512708,237351381988083,237351415320083,0,0,15750,0,0,0,0,"exact A/B pair ready before display deadline"
presentation_submitted,1,2,157,162,2,81,80,81,237351325868145,0,237351348815583,237351365512708,237351381988083,237351415320083,0,237351366354000,15750,0,4687395343658312511,4687395344224254648,4687395345369533447,"external CAMetalDisplayLink drawable via DXMT Presenter"
generated_displayed,1,2,155,160,2,80,79,80,237351292750812,0,237351315567125,237351332153916,237351348656083,237351381988083,237351369530624,0,11042,0,4687395342512103147,4687395343078975849,4687395344224254648,"normalized presentedTime from Core Animation clock"
source_accepted,1,2,0,0,0,82,0,0,237351376318333,237351378686416,0,0,0,237351459272223,0,0,0,0,0,0,0,"owned history copy completed successfully"
history_copy_complete,1,2,0,0,0,82,0,0,237351376318333,237351378686416,0,0,0,237351459272223,0,0,0,0,0,0,0,"Metal command buffer completed"
generated_requested,1,2,0,0,2,82,81,82,237351376318333,237351378686416,0,0,0,237351442141998,0,0,0,0,0,0,0,"exact adjacent source pair submitted"
generated_ready,1,2,0,163,2,82,81,82,0,0,237351382212416,237351382173583,237351398654082,237351442141998,0,0,9458,0,0,0,0,"Metal status completed"
selected_source,1,2,0,163,1,81,0,0,237351342123375,237351344198625,0,237351382173583,237351398654082,237351431986083,0,0,9458,0,0,0,0,"next real endpoint in source order"
presentation_submitted,1,2,158,163,1,81,0,0,237351342123375,0,0,237351382173583,237351398654082,237351431986083,0,237351382550875,9458,0,4687395344230751490,4687395344796894047,4687395345942172847,"external CAMetalDisplayLink drawable via DXMT Presenter"
source_displayed,1,2,156,161,1,80,0,0,237351309612916,0,0,237351348788583,237351365322083,237351398654083,237351387288708,0,6083,0,4687395343083635888,4687395343651615248,4687395344796894048,"normalized presentedTime from Core Animation clock"
generated_selected,1,2,0,164,2,82,81,82,237351359220854,237351378686416,237351382212416,237351398833458,237351415320083,237351448652083,0,0,14583,0,0,0,0,"exact A/B pair ready before display deadline"
presentation_submitted,1,2,159,164,2,82,81,82,237351359220854,0,237351382212416,237351398833458,237351415320083,237351448652083,0,237351399633416,14583,0,4687395344803219091,4687395345369533447,4687395346514812246,"external CAMetalDisplayLink drawable via DXMT Presenter"
generated_displayed,1,2,157,162,2,81,80,81,237351325868145,0,237351348815583,237351365512708,237351381988083,237351415320083,237351402704541,0,15750,0,4687395343658312511,4687395344224254648,4687395345369533447,"normalized presentedTime from Core Animation clock"
source_accepted,1,2,0,0,0,83,0,0,237351409320125,237351411557166,0,0,0,237351492319766,0,0,0,0,0,0,0,"owned history copy completed successfully"
history_copy_complete,1,2,0,0,0,83,0,0,237351409320125,237351411557166,0,0,0,237351492319766,0,0,0,0,0,0,0,"Metal command buffer completed"
generated_requested,1,2,0,0,2,83,82,83,237351409320125,237351411557166,0,0,0,237351475795994,0,0,0,0,0,0,0,"exact adjacent source pair submitted"
generated_ready,1,2,0,165,2,83,82,83,0,0,237351415549458,237351415509500,237351431986083,237351475795994,0,0,8458,0,0,0,0,"Metal status completed"
selected_source,1,2,0,165,1,82,0,0,237351376318333,237351378686416,0,237351415509500,237351431986083,237351465318083,0,0,8458,0,0,0,0,"next real endpoint in source order"
presentation_submitted,1,2,160,165,1,82,0,0,237351376318333,0,0,237351415509500,237351431986083,237351465318083,0,237351415925041,8458,0,4687395345376177762,4687395345942172847,4687395347087451646,"external CAMetalDisplayLink drawable via DXMT Presenter"
generated_selected,1,2,0,166,2,83,82,83,237351392819229,237351411557166,237351415549458,237351432266208,237351448652083,237351481984083,0,0,24083,0,0,0,0,"exact A/B pair ready before display deadline"
presentation_submitted,1,2,161,166,2,83,82,83,237351392819229,0,237351415549458,237351432266208,237351448652083,237351481984083,0,237351433060333,24083,0,4687395345951959634,4687395346514812246,4687395347660091046,"external CAMetalDisplayLink drawable via DXMT Presenter"
source_accepted,1,2,0,0,0,84,0,0,237351442162958,237351444720166,0,0,0,237351525184605,0,0,0,0,0,0,0,"owned history copy completed successfully"
history_copy_complete,1,2,0,0,0,84,0,0,237351442162958,237351444720166,0,0,0,237351525184605,0,0,0,0,0,0,0,"Metal command buffer completed"
generated_requested,1,2,0,0,2,84,83,84,237351442162958,237351444720166,0,0,0,237351508752185,0,0,0,0,0,0,0,"exact adjacent source pair submitted"
generated_ready,1,2,0,167,2,84,83,84,0,0,237351448893833,237351448846916,237351465318083,237351508752185,0,0,11625,0,0,0,0,"Metal status completed"
selected_source,1,2,0,167,1,83,0,0,237351409320125,237351411557166,0,237351448846916,237351465318083,237351498650083,0,0,11625,0,0,0,0,"next real endpoint in source order"
presentation_submitted,1,2,162,167,1,83,0,0,237351409320125,0,0,237351448846916,237351465318083,237351498650083,0,237351449302791,11625,0,4687395346521625473,4687395347087451646,4687395348232730445,"external CAMetalDisplayLink drawable via DXMT Presenter"
source_displayed,1,2,158,163,1,81,0,0,237351342123375,0,0,237351382173583,237351398654082,237351431986083,237351448732416,0,9458,0,4687395344230751490,4687395344796894047,4687395345942172847,"normalized presentedTime from Core Animation clock"
generated_selected,1,2,0,168,2,84,83,84,237351425741541,237351444720166,237351448893833,237351465528166,237351481984083,237351515316083,0,0,17709,0,0,0,0,"exact A/B pair ready before display deadline"
presentation_submitted,1,2,163,168,2,84,83,84,237351425741541,0,237351448893833,237351465528166,237351481984083,237351515316083,0,237351466432083,17709,0,4687395347094813220,4687395347660091046,4687395348805369845,"external CAMetalDisplayLink drawable via DXMT Presenter"
generated_displayed,1,2,159,164,2,82,81,82,237351359220854,0,237351382212416,237351398833458,237351415320083,237351448652083,237351465398833,0,14583,0,4687395344803219091,4687395345369533447,4687395346514812246,"normalized presentedTime from Core Animation clock"
source_accepted,1,2,0,0,0,85,0,0,237351476795458,237351479431125,0,0,0,237351559842116,0,0,0,0,0,0,0,"owned history copy completed successfully"
history_copy_complete,1,2,0,0,0,85,0,0,237351476795458,237351479431125,0,0,0,237351559842116,0,0,0,0,0,0,0,"Metal command buffer completed"
generated_requested,1,2,0,0,2,85,84,85,237351476795458,237351479431125,0,0,0,237351542513360,0,0,0,0,0,0,0,"exact adjacent source pair submitted"
generated_ready,1,2,0,169,2,85,84,85,0,0,237351483933291,237351483869833,237351498650083,237351542513360,0,0,12333,0,0,0,0,"Metal status completed"
selected_source,1,2,0,169,1,84,0,0,237351442162958,237351444720166,0,237351483869833,237351498650083,237351531982083,0,0,12333,0,0,0,0,"next real endpoint in source order"
presentation_submitted,1,2,164,169,1,84,0,0,237351442162958,0,0,237351483869833,237351498650083,237351531982083,0,237351484447041,12333,0,4687395347724999443,4687395348232730445,4687395349378009245,"external CAMetalDisplayLink drawable via DXMT Presenter"
generated_selected,1,2,0,170,2,85,84,85,237351459479208,237351479431125,237351483933291,237351498920041,237351515316083,237351548648083,0,0,26667,0,0,0,0,"exact A/B pair ready before display deadline"
presentation_submitted,1,2,165,170,2,85,84,85,237351459479208,0,237351483933291,237351498920041,237351515316083,237351548648083,0,237351499891166,26667,0,4687395348242179373,4687395348805369845,4687395349950648644,"external CAMetalDisplayLink drawable via DXMT Presenter"
source_displayed,1,2,160,165,1,82,0,0,237351376318333,0,0,237351415509500,237351431986083,237351465318083,237351498731791,0,8458,0,4687395345376177762,4687395345942172847,4687395347087451646,"normalized presentedTime from Core Animation clock"
presentation_dropped,1,2,161,166,2,83,82,83,237351392819229,0,237351415549458,237351432266208,237351448652083,237351481984083,0,0,24083,0,4687395345951959634,4687395346514812246,4687395347660091046,"Metal drawable presentedTime=0; associated frame was dropped or not presented"
source_accepted,1,2,0,0,0,86,0,0,237351509209500,237351512316000,0,0,0,237351592082879,0,0,0,0,0,0,0,"owned history copy completed successfully"
history_copy_complete,1,2,0,0,0,86,0,0,237351509209500,237351512316000,0,0,0,237351592082879,0,0,0,0,0,0,0,"Metal command buffer completed"
source_displayed,1,2,162,167,1,83,0,0,237351409320125,0,0,237351448846916,237351465318083,237351498650083,237351501365124,0,11625,0,4687395346521625473,4687395347087451646,4687395348232730445,"normalized presentedTime from Core Animation clock"
generated_requested,1,2,0,0,2,86,85,86,237351509209500,237351512316000,0,0,0,237351575962497,0,0,0,0,0,0,0,"exact adjacent source pair submitted"
generated_ready,1,2,0,171,2,86,85,86,0,0,237351518110625,237351517005583,237351531982083,237351575962497,0,0,24375,0,0,0,0,"Metal status completed"
selected_source,1,2,0,171,1,85,0,0,237351476795458,237351479431125,0,237351517005583,237351531982083,237351565314083,0,0,24375,0,0,0,0,"next real endpoint in source order"
presentation_submitted,1,2,166,171,1,85,0,0,237351476795458,0,0,237351517005583,237351531982083,237351565314083,0,237351519333208,24375,0,4687395348863545177,4687395349378009245,4687395350523288044,"external CAMetalDisplayLink drawable via DXMT Presenter"
generated_displayed,1,2,163,168,2,84,83,84,237351425741541,0,237351448893833,237351465528166,237351481984083,237351515316083,237351511946083,0,17709,0,4687395347094813220,4687395347660091046,4687395348805369845,"normalized presentedTime from Core Animation clock"
source_displayed,1,2,164,169,1,84,0,0,237351442162958,0,0,237351483869833,237351498650083,237351531982083,237351520677749,0,12333,0,4687395347724999443,4687395348232730445,4687395349378009245,"normalized presentedTime from Core Animation clock"
generated_selected,1,2,0,172,2,86,85,86,237351493002479,237351512316000,237351518110625,237351532302333,237351548648083,237351581980083,0,0,18917,0,0,0,0,"exact A/B pair ready before display deadline"
presentation_submitted,1,2,167,172,2,86,85,86,237351493002479,0,237351518110625,237351532302333,237351548648083,237351581980083,0,237351533239250,18917,0,4687395349389184750,4687395349950648644,4687395351095927444,"external CAMetalDisplayLink drawable via DXMT Presenter"
generated_displayed,1,2,165,170,2,85,84,85,237351459479208,0,237351483933291,237351498920041,237351515316083,237351548648083,237351536268791,0,26667,0,4687395348242179373,4687395348805369845,4687395349950648644,"normalized presentedTime from Core Animation clock"
source_accepted,1,2,0,0,0,87,0,0,237351542784791,237351544332750,0,0,0,237351625540682,0,0,0,0,0,0,0,"owned history copy completed successfully"
history_copy_complete,1,2,0,0,0,87,0,0,237351542784791,237351544332750,0,0,0,237351625540682,0,0,0,0,0,0,0,"Metal command buffer completed"
generated_requested,1,2,0,0,2,87,86,87,237351542784791,237351544332750,0,0,0,237351608811780,0,0,0,0,0,0,0,"exact adjacent source pair submitted"
generated_ready,1,2,0,173,2,87,86,87,0,0,237351548852791,237351548827375,237351565396291,237351608811780,0,0,5208,0,0,0,0,"Metal status completed"
selected_source,1,2,0,173,1,86,0,0,237351509209500,237351512316000,0,237351548827375,237351565396291,237351598728291,0,0,5208,0,0,0,0,"next real endpoint in source order"
presentation_submitted,1,2,168,173,1,86,0,0,237351509209500,0,0,237351548827375,237351565396291,237351598728291,0,237351549022708,5208,0,4687395349956910707,4687395350526112689,4687395351671391489,"external CAMetalDisplayLink drawable via DXMT Presenter"
source_displayed,1,2,166,171,1,85,0,0,237351476795458,0,0,237351517005583,237351531982083,237351565314083,237351551792624,0,24375,0,4687395348863545177,4687395349378009245,4687395350523288044,"normalized presentedTime from Core Animation clock"
generated_selected,1,2,0,174,2,87,86,87,237351525997145,237351544332750,237351548852791,237351565508916,237351582062291,237351615394291,0,0,10417,0,0,0,0,"exact A/B pair ready before display deadline"
presentation_submitted,1,2,169,174,2,87,86,87,237351525997145,0,237351548852791,237351565508916,237351582062291,237351615394291,0,237351565867125,10417,0,4687395350530117042,4687395351098752089,4687395352244030888,"external CAMetalDisplayLink drawable via DXMT Presenter"
generated_displayed,1,2,167,172,2,86,85,86,237351493002479,0,237351518110625,237351532302333,237351548648083,237351581980083,237351567955166,0,18917,0,4687395349389184750,4687395349950648644,4687395351095927444,"normalized presentedTime from Core Animation clock"
source_accepted,1,2,0,0,0,88,0,0,237351575807250,237351577141250,0,0,0,237351658673312,0,0,0,0,0,0,0,"owned history copy completed successfully"
history_copy_complete,1,2,0,0,0,88,0,0,237351575807250,237351577141250,0,0,0,237351658673312,0,0,0,0,0,0,0,"Metal command buffer completed"
generated_requested,1,2,0,0,2,88,87,88,237351575807250,237351577141250,0,0,0,237351642106997,0,0,0,0,0,0,0,"exact adjacent source pair submitted"
generated_ready,1,2,0,175,2,88,87,88,0,0,237351582283166,237351582233541,237351598728291,237351642106997,0,0,12709,0,0,0,0,"Metal status completed"
selected_source,1,2,0,175,1,87,0,0,237351542784791,237351544332750,0,237351582233541,237351598728291,237351632060291,0,0,12709,0,0,0,0,"next real endpoint in source order"
presentation_submitted,1,2,170,175,1,87,0,0,237351542784791,0,0,237351582233541,237351598728291,237351632060291,0,237351582605583,12709,0,4687395351104760748,4687395351671391489,4687395352816670288,"external CAMetalDisplayLink drawable via DXMT Presenter"
source_displayed,1,2,168,173,1,86,0,0,237351509209500,0,0,237351548827375,237351565396291,237351598728291,237351585523624,0,5208,0,4687395349956910707,4687395350526112689,4687395351671391489,"normalized presentedTime from Core Animation clock"
generated_selected,1,2,0,176,2,88,87,88,237351559296020,237351577141250,237351582283166,237351598875333,237351615394291,237351648726291,0,0,11750,0,0,0,0,"exact A/B pair ready before display deadline"
presentation_submitted,1,2,171,176,2,88,87,88,237351559296020,0,237351582283166,237351598875333,237351615394291,237351648726291,0,237351599323250,11750,0,4687395351676584104,4687395352244030888,4687395353389309688,"external CAMetalDisplayLink drawable via DXMT Presenter"
generated_displayed,1,2,169,174,2,87,86,87,237351525997145,0,237351548852791,237351565508916,237351582062291,237351615394291,237351601847124,0,10417,0,4687395350530117042,4687395351098752089,4687395352244030888,"normalized presentedTime from Core Animation clock"
source_accepted,1,2,0,0,0,89,0,0,237351608756041,237351610136541,0,0,0,237351691694039,0,0,0,0,0,0,0,"owned history copy completed successfully"
history_copy_complete,1,2,0,0,0,89,0,0,237351608756041,237351610136541,0,0,0,237351691694039,0,0,0,0,0,0,0,"Metal command buffer completed"
generated_requested,1,2,0,0,2,89,88,89,237351608756041,237351610136541,0,0,0,237351675183675,0,0,0,0,0,0,0,"exact adjacent source pair submitted"
generated_ready,1,2,0,177,2,89,88,89,0,0,237351615525125,237351615497666,237351632060291,237351675183675,0,0,6125,0,0,0,0,"Metal status completed"
selected_source,1,2,0,177,1,88,0,0,237351575807250,237351577141250,0,237351615497666,237351632060291,237351665392291,0,0,6125,0,0,0,0,"next real endpoint in source order"
presentation_submitted,1,2,172,177,1,88,0,0,237351575807250,0,0,237351615497666,237351632060291,237351665392291,0,237351615764125,6125,0,4687395352247687348,4687395352816670288,4687395353961949087,"external CAMetalDisplayLink drawable via DXMT Presenter"
generated_selected,1,2,0,178,2,89,88,89,237351592281645,237351610136541,237351615525125,237351632226208,237351648726290,237351682058291,0,0,12708,0,0,0,0,"exact A/B pair ready before display deadline"
presentation_submitted,1,2,173,178,2,89,88,89,237351592281645,0,237351615525125,237351632226208,237351648726290,237351682058291,0,237351632665500,12708,0,4687395352822502853,4687395353389309687,4687395354534588487,"external CAMetalDisplayLink drawable via DXMT Presenter"
source_accepted,1,2,0,0,0,90,0,0,237351642305041,237351644163208,0,0,0,237351725303180,0,0,0,0,0,0,0,"owned history copy completed successfully"
history_copy_complete,1,2,0,0,0,90,0,0,237351642305041,237351644163208,0,0,0,237351725303180,0,0,0,0,0,0,0,"Metal command buffer completed"
generated_requested,1,2,0,0,2,90,89,90,237351642305041,237351644163208,0,0,0,237351708498609,0,0,0,0,0,0,0,"exact adjacent source pair submitted"
generated_ready,1,2,0,179,2,90,89,90,0,0,237351648994458,237351648895875,237351665392291,237351708498609,0,0,9541,0,0,0,0,"Metal status completed"
selected_source,1,2,0,179,1,89,0,0,237351608756041,237351610136541,0,237351648895875,237351665392291,237351698724291,0,0,9541,0,0,0,0,"next real endpoint in source order"
presentation_submitted,1,2,174,179,1,89,0,0,237351608756041,0,0,237351648895875,237351665392291,237351698724291,0,237351649302250,9541,0,4687395353395248184,4687395353961949087,4687395355107227886,"external CAMetalDisplayLink drawable via DXMT Presenter"
source_displayed,1,2,170,175,1,87,0,0,237351542784791,0,0,237351582233541,237351598728291,237351632060291,237351648730124,0,12709,0,4687395351104760748,4687395351671391489,4687395352816670288,"normalized presentedTime from Core Animation clock"
generated_selected,1,2,0,180,2,90,89,90,237351625530541,237351644163208,237351648994458,237351665532458,237351682058291,237351715390291,0,0,13750,0,0,0,0,"exact A/B pair ready before display deadline"
presentation_submitted,1,2,175,180,2,90,89,90,237351625530541,0,237351648994458,237351665532458,237351682058291,237351715390291,0,237351666074000,13750,0,4687395353966896889,4687395354534588487,4687395355679867286,"external CAMetalDisplayLink drawable via DXMT Presenter"
generated_displayed,1,2,171,176,2,88,87,88,237351559296020,0,237351582283166,237351598875333,237351615394291,237351648726291,237351665396624,0,11750,0,4687395351676584104,4687395352244030888,4687395353389309688,"normalized presentedTime from Core Animation clock"
source_displayed,1,2,172,177,1,88,0,0,237351575807250,0,0,237351615497666,237351632060291,237351665392291,237351682063083,0,6125,0,4687395352247687348,4687395352816670288,4687395353961949087,"normalized presentedTime from Core Animation clock"
selected_source,1,2,0,181,1,90,0,0,237351642305041,237351644163208,0,237351688849000,237351698724291,237351732056291,0,0,10625,0,0,0,0,"next real endpoint in source order"
presentation_submitted,1,2,176,181,1,90,0,0,237351642305041,0,0,237351688849000,237351698724291,237351732056291,0,237351689439666,10625,0,4687395354768035696,4687395355107227886,4687395356252506686,"external CAMetalDisplayLink drawable via DXMT Presenter"
presentation_dropped,1,2,173,178,2,89,88,89,237351592281645,0,237351615525125,237351632226208,237351648726290,237351682058291,0,0,12708,0,4687395352822502853,4687395353389309687,4687395354534588487,"Metal drawable presentedTime=0; associated frame was dropped or not presented"
source_displayed,1,2,174,179,1,89,0,0,237351608756041,0,0,237351648895875,237351665392291,237351698724291,237351685759666,0,9541,0,4687395353395248184,4687395353961949087,4687395355107227886,"normalized presentedTime from Core Animation clock"
epoch_reset,1,3,0,0,0,0,0,0,0,0,0,0,0,0,0,0,0,0,0,0,0,"3"
presentation_dropped,1,3,175,180,2,90,89,90,237351625530541,0,237351648994458,237351665532458,237351682058291,237351715390291,0,0,13750,0,4687395353966896889,4687395354534588487,4687395355679867286,"Metal drawable presentedTime=0; associated frame was dropped or not presented"
presentation_dropped,1,3,176,181,1,90,0,0,237351642305041,0,0,237351688849000,237351698724291,237351732056291,0,0,10625,0,4687395354768035696,4687395355107227886,4687395356252506686,"Metal drawable presentedTime=0; associated frame was dropped or not presented"
source_accepted,1,3,0,0,0,1,0,0,237351693633625,237351695060416,0,0,0,237351775861344,0,0,0,0,0,0,0,"owned history copy completed successfully"
history_copy_complete,1,3,0,0,0,1,0,0,237351693633625,237351695060416,0,0,0,237351775861344,0,0,0,0,0,0,0,"Metal command buffer completed"
source_accepted,1,3,0,0,0,2,0,0,237351716806625,237351717952708,0,0,0,237351799114533,0,0,0,0,0,0,0,"owned history copy completed successfully"
history_copy_complete,1,3,0,0,0,2,0,0,237351716806625,237351717952708,0,0,0,237351799114533,0,0,0,0,0,0,0,"Metal command buffer completed"
generated_requested,1,3,0,0,2,2,1,2,237351716806625,237351717952708,0,0,0,237351787487938,0,0,0,0,0,0,0,"exact adjacent source pair submitted"
generated_ready,1,3,0,184,2,2,1,2,0,0,237351732144166,237351732128666,237351748722291,237351787487938,0,0,4750,0,0,0,0,"Metal status completed"
selected_source,1,3,0,184,1,1,0,0,237351693633625,237351695060416,0,237351732128666,237351748722291,237351782054291,0,0,4750,0,0,0,0,"startup source after explicit lookahead"
presentation_submitted,1,3,177,184,1,1,0,0,237351693633625,0,0,237351732128666,237351748722291,237351782054291,0,237351732286833,4750,0,4687395356255097994,4687395356825146085,4687395357970424885,"external CAMetalDisplayLink drawable via DXMT Presenter"
source_accepted,1,3,0,0,0,3,0,0,237351742125541,237351742890875,0,0,0,237351824552330,0,0,0,0,0,0,0,"owned history copy completed successfully"
history_copy_complete,1,3,0,0,0,3,0,0,237351742125541,237351742890875,0,0,0,237351824552330,0,0,0,0,0,0,0,"Metal command buffer completed"
generated_requested,1,3,0,0,2,3,2,3,237351742125541,237351742890875,0,0,0,237351811833431,0,0,0,0,0,0,0,"exact adjacent source pair submitted"
generated_ready,1,3,0,185,2,3,2,3,0,0,237351749078125,237351749067500,237351765388291,237351811833431,0,0,2833,0,0,0,0,"Metal status completed"
generated_selected,1,3,0,185,2,2,1,2,237351705220125,237351717952708,237351732144166,237351749067500,237351765388291,237351798720291,0,0,2833,0,0,0,0,"exact A/B pair ready before display deadline"
presentation_submitted,1,3,178,185,2,2,1,2,237351705220125,0,237351732144166,237351749067500,237351765388291,237351798720291,0,237351749147541,2833,0,4687395356837103274,4687395357397785485,4687395358543064284,"external CAMetalDisplayLink drawable via DXMT Presenter"
selected_source,1,3,0,186,1,2,0,0,237351716806625,237351717952708,0,237351765811750,237351782054291,237351815386291,0,0,4458,0,0,0,0,"next real endpoint in source order"
presentation_submitted,1,3,179,186,1,2,0,0,237351716806625,0,0,237351765811750,237351782054291,237351815386291,0,237351765919333,4458,0,4687395357412439913,4687395357970424885,4687395359115703684,"external CAMetalDisplayLink drawable via DXMT Presenter"
source_displayed,1,3,177,184,1,1,0,0,237351693633625,0,0,237351732128666,237351748722291,237351782054291,237351767849499,0,4750,0,4687395356255097994,4687395356825146085,4687395357970424885,"normalized presentedTime from Core Animation clock"
source_accepted,1,3,0,0,0,4,0,0,237351775802583,237351776991416,0,0,0,237351858350684,0,0,0,0,0,0,0,"owned history copy completed successfully"
history_copy_complete,1,3,0,0,0,4,0,0,237351775802583,237351776991416,0,0,0,237351858350684,0,0,0,0,0,0,0,"Metal command buffer completed"
generated_requested,1,3,0,0,2,4,3,4,237351775802583,237351776991416,0,0,0,237351841451507,0,0,0,0,0,0,0,"exact adjacent source pair submitted"
generated_ready,1,3,0,187,2,4,3,4,0,0,237351783904750,237351783848666,237351798720291,237351841451507,0,0,8250,0,0,0,0,"Metal status completed"
generated_dropped,1,3,0,187,2,3,2,3,237351742125541,237351742890875,237351749078125,237351783848666,237351798720291,237351811833431,0,0,8250,0,0,0,0,"real endpoint deadline passed before generated selection"
selected_source,1,3,0,187,1,3,0,0,237351742125541,237351742890875,0,237351783848666,237351798720291,237351832052291,0,0,8250,0,0,0,0,"next real endpoint in source order"
presentation_submitted,1,3,180,187,1,3,0,0,237351742125541,0,0,237351783848666,237351798720291,237351832052291,0,237351784203583,8250,0,4687395358032190809,4687395358543064284,4687395359688343084,"external CAMetalDisplayLink drawable via DXMT Presenter"
generated_displayed,1,3,178,185,2,2,1,2,237351705220125,0,237351732144166,237351749067500,237351765388291,237351798720291,237351785958916,0,2833,0,4687395356837103274,4687395357397785485,4687395358543064284,"normalized presentedTime from Core Animation clock"
generated_selected,1,3,0,188,2,4,3,4,237351758964062,237351776991416,237351783904750,237351798836791,237351815386291,237351848718291,0,0,9209,0,0,0,0,"exact A/B pair ready before display deadline"
presentation_submitted,1,3,181,188,2,4,3,4,237351758964062,0,237351783904750,237351798836791,237351815386291,237351848718291,0,237351799243416,9209,0,4687395358547193191,4687395359115703684,4687395360260982483,"external CAMetalDisplayLink drawable via DXMT Presenter"
source_displayed,1,3,179,186,1,2,0,0,237351716806625,0,0,237351765811750,237351782054291,237351815386291,237351802073541,0,4458,0,4687395357412439913,4687395357970424885,4687395359115703684,"normalized presentedTime from Core Animation clock"
source_accepted,1,3,0,0,0,5,0,0,237351808766375,237351810209250,0,0,0,237351891287223,0,0,0,0,0,0,0,"owned history copy completed successfully"
history_copy_complete,1,3,0,0,0,5,0,0,237351808766375,237351810209250,0,0,0,237351891287223,0,0,0,0,0,0,0,"Metal command buffer completed"
generated_requested,1,3,0,0,2,5,4,5,237351808766375,237351810209250,0,0,0,237351874818953,0,0,0,0,0,0,0,"exact adjacent source pair submitted"
generated_ready,1,3,0,189,2,5,4,5,0,0,237351815533041,237351815502416,237351832052291,237351874818953,0,0,6292,0,0,0,0,"Metal status completed"
selected_source,1,3,0,189,1,4,0,0,237351775802583,237351776991416,0,237351815502416,237351832052291,237351865384291,0,0,6292,0,0,0,0,"next real endpoint in source order"
presentation_submitted,1,3,182,189,1,4,0,0,237351775802583,0,0,237351815502416,237351832052291,237351865384291,0,237351815782708,6292,0,4687395359119798231,4687395359688343084,4687395360833621883,"external CAMetalDisplayLink drawable via DXMT Presenter"
generated_selected,1,3,0,190,2,5,4,5,237351792284479,237351810209250,237351815533041,237351832241083,237351848718291,237351882050291,0,0,16583,0,0,0,0,"exact A/B pair ready before display deadline"
presentation_submitted,1,3,183,190,2,5,4,5,237351792284479,0,237351815533041,237351832241083,237351848718291,237351882050291,0,237351832733541,16583,0,4687395359694971661,4687395360260982483,4687395361406261283,"external CAMetalDisplayLink drawable via DXMT Presenter"
source_accepted,1,3,0,0,0,6,0,0,237351842109791,237351844007083,0,0,0,237351924784296,0,0,0,0,0,0,0,"owned history copy completed successfully"
history_copy_complete,1,3,0,0,0,6,0,0,237351842109791,237351844007083,0,0,0,237351924784296,0,0,0,0,0,0,0,"Metal command buffer completed"
generated_requested,1,3,0,0,2,6,5,6,237351842109791,237351844007083,0,0,0,237351908035759,0,0,0,0,0,0,0,"exact adjacent source pair submitted"
generated_ready,1,3,0,191,2,6,5,6,0,0,237351848938750,237351848856625,237351865384291,237351908035759,0,0,9291,0,0,0,0,"Metal status completed"
selected_source,1,3,0,191,1,5,0,0,237351808766375,237351810209250,0,237351848856625,237351865384291,237351898716291,0,0,9291,0,0,0,0,"next real endpoint in source order"
presentation_submitted,1,3,184,191,1,5,0,0,237351808766375,0,0,237351848856625,237351865384291,237351898716291,0,237351849242875,9291,0,4687395360265863009,4687395360833621883,4687395361978900682,"external CAMetalDisplayLink drawable via DXMT Presenter"
source_displayed,1,3,180,187,1,3,0,0,237351742125541,0,0,237351783848666,237351798720291,237351832052291,237351848727916,0,8250,0,4687395358032190809,4687395358543064284,4687395359688343084,"normalized presentedTime from Core Animation clock"
generated_selected,1,3,0,192,2,6,5,6,237351825438083,237351844007083,237351848938750,237351867939041,237351882050291,237351915382291,0,0,21667,0,0,0,0,"exact A/B pair ready before display deadline"
presentation_submitted,1,3,185,192,2,6,5,6,237351825438083,0,237351848938750,237351867939041,237351882050291,237351915382291,0,237351869265000,21667,0,4687395360921554191,4687395361406261282,4687395362551540082,"external CAMetalDisplayLink drawable via DXMT Presenter"
generated_displayed,1,3,181,188,2,4,3,4,237351758964062,0,237351783904750,237351798836791,237351815386291,237351848718291,237351865394333,0,9209,0,4687395358547193191,4687395359115703684,4687395360260982483,"normalized presentedTime from Core Animation clock"
source_accepted,1,3,0,0,0,7,0,0,237351875471291,237351877111833,0,0,0,237351957965265,0,0,0,0,0,0,0,"owned history copy completed successfully"
history_copy_complete,1,3,0,0,0,7,0,0,237351875471291,237351877111833,0,0,0,237351957965265,0,0,0,0,0,0,0,"Metal command buffer completed"
generated_requested,1,3,0,0,2,7,6,7,237351875471291,237351877111833,0,0,0,237351941374780,0,0,0,0,0,0,0,"exact adjacent source pair submitted"
source_displayed,1,3,182,189,1,4,0,0,237351775802583,0,0,237351815502416,237351832052291,237351865384291,237351882060874,0,6292,0,4687395359119798231,4687395359688343084,4687395360833621883,"normalized presentedTime from Core Animation clock"
generated_ready,1,3,0,193,2,7,6,7,0,0,237351884464833,237351884454000,237351898716291,237351941374780,0,0,2041,0,0,0,0,"Metal status completed"
selected_source,1,3,0,193,1,6,0,0,237351842109791,237351844007083,0,237351884454000,237351898716291,237351932048291,0,0,2041,0,0,0,0,"next real endpoint in source order"
presentation_submitted,1,3,186,193,1,6,0,0,237351842109791,0,0,237351884454000,237351898716291,237351932048291,0,237351884583458,2041,0,4687395361488950845,4687395361978900682,4687395363124179481,"external CAMetalDisplayLink drawable via DXMT Presenter"
presentation_dropped,1,3,183,190,2,5,4,5,237351792284479,0,237351815533041,237351832241083,237351848718291,237351882050291,0,0,16583,0,4687395359694971661,4687395360260982483,4687395361406261283,"Metal drawable presentedTime=0; associated frame was dropped or not presented"
source_displayed,1,3,184,191,1,5,0,0,237351808766375,0,0,237351848856625,237351865384291,237351898716291,237351886452749,0,9291,0,4687395360265863009,4687395360833621883,4687395361978900682,"normalized presentedTime from Core Animation clock"
generated_selected,1,3,0,194,2,7,6,7,237351858790541,237351877111833,237351884464833,237351898800166,237351915382291,237351948714291,0,0,6292,0,0,0,0,"exact A/B pair ready before display deadline"
presentation_submitted,1,3,187,194,2,7,6,7,237351858790541,0,237351884464833,237351898800166,237351915382291,237351948714291,0,237351899030041,6292,0,4687395361981881389,4687395362551540082,4687395363696818881,"external CAMetalDisplayLink drawable via DXMT Presenter"
source_accepted,1,3,0,0,0,8,0,0,237351908742916,237351909691250,0,0,0,237351991159755,0,0,0,0,0,0,0,"owned history copy completed successfully"
history_copy_complete,1,3,0,0,0,8,0,0,237351908742916,237351909691250,0,0,0,237351991159755,0,0,0,0,0,0,0,"Metal command buffer completed"
generated_requested,1,3,0,0,2,8,7,8,237351908742916,237351909691250,0,0,0,237351974562510,0,0,0,0,0,0,0,"exact adjacent source pair submitted"
generated_displayed,1,3,185,192,2,6,5,6,237351825438083,0,237351848938750,237351867939041,237351882050291,237351915382291,237351902074041,0,21667,0,4687395360921554191,4687395361406261282,4687395362551540082,"normalized presentedTime from Core Animation clock"
generated_ready,1,3,0,195,2,8,7,8,0,0,237351915492791,237351915472250,237351932048291,237351974562510,0,0,4458,0,0,0,0,"Metal status completed"
selected_source,1,3,0,195,1,7,0,0,237351875471291,237351877111833,0,237351915472250,237351932048291,237351965380291,0,0,4458,0,0,0,0,"next real endpoint in source order"
presentation_submitted,1,3,188,195,1,7,0,0,237351875471291,0,0,237351915472250,237351932048291,237351965380291,0,237351915618125,4458,0,4687395362554736981,4687395363124179481,4687395364269458281,"external CAMetalDisplayLink drawable via DXMT Presenter"
source_displayed,1,3,186,193,1,6,0,0,237351842109791,0,0,237351884454000,237351898716291,237351932048291,237351918102374,0,2041,0,4687395361488950845,4687395361978900682,4687395363124179481,"normalized presentedTime from Core Animation clock"
generated_selected,1,3,0,196,2,8,7,8,237351892107103,237351909691250,237351915492791,237351932176083,237351948714291,237351982046291,0,0,22208,0,0,0,0,"exact A/B pair ready before display deadline"
presentation_submitted,1,3,189,196,2,8,7,8,237351892107103,0,237351915492791,237351932176083,237351948714291,237351982046291,0,237351932536666,22208,0,4687395363129164495,4687395363696818881,4687395364842097680,"external CAMetalDisplayLink drawable via DXMT Presenter"
generated_displayed,1,3,187,194,2,7,6,7,237351858790541,0,237351884464833,237351898800166,237351915382291,237351948714291,237351935575666,0,6292,0,4687395361981881389,4687395362551540082,4687395363696818881,"normalized presentedTime from Core Animation clock"
source_accepted,1,3,0,0,0,9,0,0,237351943066708,237351944934791,0,0,0,237352025672067,0,0,0,0,0,0,0,"owned history copy completed successfully"
history_copy_complete,1,3,0,0,0,9,0,0,237351943066708,237351944934791,0,0,0,237352025672067,0,0,0,0,0,0,0,"Metal command buffer completed"
generated_requested,1,3,0,0,2,9,8,9,237351943066708,237351944934791,0,0,0,237352008415911,0,0,0,0,0,0,0,"exact adjacent source pair submitted"
generated_ready,1,3,0,197,2,9,8,9,0,0,237351948871458,237351948835000,237351965380291,237352008415911,0,0,9750,0,0,0,0,"Metal status completed"
selected_source,1,3,0,197,1,8,0,0,237351908742916,237351909691250,0,237351948835000,237351965380291,237351998712291,0,0,9750,0,0,0,0,"next real endpoint in source order"
presentation_submitted,1,3,190,197,1,8,0,0,237351908742916,0,0,237351948835000,237351965380291,237351998712291,0,237351949194250,9750,0,4687395363701075194,4687395364269458281,4687395365414737080,"external CAMetalDisplayLink drawable via DXMT Presenter"
source_displayed,1,3,188,195,1,7,0,0,237351875471291,0,0,237351915472250,237351932048291,237351965380291,237351952247583,0,4458,0,4687395362554736981,4687395363124179481,4687395364269458281,"normalized presentedTime from Core Animation clock"
generated_selected,1,3,0,198,2,9,8,9,237351925904812,237351944934791,237351948871458,237351965494541,237351982046291,237352015378291,0,0,10375,0,0,0,0,"exact A/B pair ready before display deadline"
presentation_submitted,1,3,191,198,2,9,8,9,237351925904812,0,237351948871458,237351965494541,237351982046291,237352015378291,0,237351965940375,10375,0,4687395364273519877,4687395364842097680,4687395365987376480,"external CAMetalDisplayLink drawable via DXMT Presenter"
source_accepted,1,3,0,0,0,10,0,0,237351975450500,237351977567500,0,0,0,237352058198525,0,0,0,0,0,0,0,"owned history copy completed successfully"
history_copy_complete,1,3,0,0,0,10,0,0,237351975450500,237351977567500,0,0,0,237352058198525,0,0,0,0,0,0,0,"Metal command buffer completed"
generated_requested,1,3,0,0,2,10,9,10,237351975450500,237351977567500,0,0,0,237352041935296,0,0,0,0,0,0,0,"exact adjacent source pair submitted"
generated_ready,1,3,0,199,2,10,9,10,0,0,237351982320875,237351982215125,237351998712291,237352041935296,0,0,10666,0,0,0,0,"Metal status completed"
selected_source,1,3,0,199,1,9,0,0,237351943066708,237351944934791,0,237351982215125,237351998712291,237352032044291,0,0,10666,0,0,0,0,"next real endpoint in source order"
presentation_submitted,1,3,192,199,1,9,0,0,237351943066708,0,0,237351982215125,237351998712291,237352032044291,0,237351982657625,10666,0,4687395364848010407,4687395365414737080,4687395366560015879,"external CAMetalDisplayLink drawable via DXMT Presenter"
generated_displayed,1,3,189,196,2,8,7,8,237351892107103,0,237351915492791,237351932176083,237351948714291,237351982046291,237351982059749,0,22208,0,4687395363129164495,4687395363696818881,4687395364842097680,"normalized presentedTime from Core Animation clock"
generated_selected,1,3,0,200,2,10,9,10,237351959258604,237351977567500,237351982320875,237351998950416,237352015378291,237352048710291,0,0,28084,0,0,0,0,"exact A/B pair ready before display deadline"
presentation_submitted,1,3,193,200,2,10,9,10,237351959258604,0,237351982320875,237351998950416,237352015378291,237352048710291,0,237351999912250,28084,0,4687395365423077906,4687395365987376480,4687395367132655279,"external CAMetalDisplayLink drawable via DXMT Presenter"
source_accepted,1,3,0,0,0,11,0,0,237352010059333,237352014010625,0,0,0,237352092895838,0,0,0,0,0,0,0,"owned history copy completed successfully"
history_copy_complete,1,3,0,0,0,11,0,0,237352010059333,237352014010625,0,0,0,237352092895838,0,0,0,0,0,0,0,"Metal command buffer completed"
generated_requested,1,3,0,0,2,11,10,11,237352010059333,237352014010625,0,0,0,237352075547181,0,0,0,0,0,0,0,"exact adjacent source pair submitted"
generated_ready,1,3,0,201,2,11,10,11,0,0,237352016048583,237352015903458,237352032044291,237352075547181,0,0,17292,0,0,0,0,"Metal status completed"
selected_source,1,3,0,201,1,10,0,0,237351975450500,237351977567500,0,237352015903458,237352032044291,237352065376291,0,0,17292,0,0,0,0,"next real endpoint in source order"
presentation_submitted,1,3,194,201,1,10,0,0,237351975450500,0,0,237352015903458,237352032044291,237352065376291,0,237352016706500,17292,0,4687395366005542748,4687395366560015879,4687395367705294679,"external CAMetalDisplayLink drawable via DXMT Presenter"
source_displayed,1,3,190,197,1,8,0,0,237351908742916,0,0,237351948835000,237351965380291,237351998712291,237352015392708,0,9750,0,4687395363701075194,4687395364269458281,4687395365414737080,"normalized presentedTime from Core Animation clock"
generated_selected,1,3,0,202,2,11,10,11,237351992754916,237352014010625,237352016048583,237352032238666,237352048710291,237352082042291,0,0,24459,0,0,0,0,"exact A/B pair ready before display deadline"
presentation_submitted,1,3,195,202,2,11,10,11,237351992754916,0,237352016048583,237352032238666,237352048710291,237352082042291,0,237352033044500,24459,0,4687395366566856319,4687395367132655279,4687395368277934078,"external CAMetalDisplayLink drawable via DXMT Presenter"
generated_displayed,1,3,191,198,2,9,8,9,237351925904812,0,237351948871458,237351965494541,237351982046291,237352015378291,237352032059208,0,10375,0,4687395364273519877,4687395364842097680,4687395365987376480,"normalized presentedTime from Core Animation clock"
source_displayed,1,3,192,199,1,9,0,0,237351943066708,0,0,237351982215125,237351998712291,237352032044291,237352034122541,0,10666,0,4687395364848010407,4687395365414737080,4687395366560015879,"normalized presentedTime from Core Animation clock"
source_accepted,1,3,0,0,0,12,0,0,237352042332750,237352046636791,0,0,0,237352125203492,0,0,0,0,0,0,0,"owned history copy completed successfully"
history_copy_complete,1,3,0,0,0,12,0,0,237352042332750,237352046636791,0,0,0,237352125203492,0,0,0,0,0,0,0,"Metal command buffer completed"
generated_requested,1,3,0,0,2,12,11,12,237352042332750,237352046636791,0,0,0,237352109049665,0,0,0,0,0,0,0,"exact adjacent source pair submitted"
generated_ready,1,3,0,203,2,12,11,12,0,0,237352048983791,237352048862583,237352065376291,237352109049665,0,0,42875,0,0,0,0,"Metal status completed"
selected_source,1,3,0,203,1,11,0,0,237352010059333,237352014010625,0,237352048862583,237352065376291,237352098708291,0,0,42875,0,0,0,0,"next real endpoint in source order"
presentation_submitted,1,3,196,203,1,11,0,0,237352010059333,0,0,237352048862583,237352065376291,237352098708291,0,237352049517291,42875,0,4687395367138006808,4687395367705294679,4687395368850573478,"external CAMetalDisplayLink drawable via DXMT Presenter"
generated_displayed,1,3,193,200,2,10,9,10,237351959258604,0,237351982320875,237351998950416,237352015378291,237352048710291,237352043007624,0,28084,0,4687395365423077906,4687395365987376480,4687395367132655279,"normalized presentedTime from Core Animation clock"
source_displayed,1,3,194,201,1,10,0,0,237351975450500,0,0,237352015903458,237352032044291,237352065376291,237352055756916,0,17292,0,4687395366005542748,4687395366560015879,4687395367705294679,"normalized presentedTime from Core Animation clock"
generated_selected,1,3,0,204,2,12,11,12,237352026196041,237352046636791,237352048983791,237352065434625,237352082042291,237352115374291,0,0,4500,0,0,0,0,"exact A/B pair ready before display deadline"
presentation_submitted,1,3,197,204,2,12,11,12,237352026196041,0,237352048983791,237352065434625,237352082042291,237352115374291,0,237352065620541,4500,0,4687395367707407802,4687395368277934078,4687395369423212878,"external CAMetalDisplayLink drawable via DXMT Presenter"
generated_displayed,1,3,195,202,2,11,10,11,237351992754916,0,237352016048583,237352032238666,237352048710291,237352082042291,237352067985624,0,24459,0,4687395366566856319,4687395367132655279,4687395368277934078,"normalized presentedTime from Core Animation clock"
source_accepted,1,3,0,0,0,13,0,0,237352075771833,237352076595791,0,0,0,237352158726577,0,0,0,0,0,0,0,"owned history copy completed successfully"
history_copy_complete,1,3,0,0,0,13,0,0,237352075771833,237352076595791,0,0,0,237352158726577,0,0,0,0,0,0,0,"Metal command buffer completed"
generated_requested,1,3,0,0,2,13,12,13,237352075771833,237352076595791,0,0,0,237352141965034,0,0,0,0,0,0,0,"exact adjacent source pair submitted"
generated_ready,1,3,0,205,2,13,12,13,0,0,237352082205000,237352082172708,237352098708291,237352141965034,0,0,9208,0,0,0,0,"Metal status completed"
selected_source,1,3,0,205,1,12,0,0,237352042332750,237352046636791,0,237352082172708,237352098708291,237352132040291,0,0,9208,0,0,0,0,"next real endpoint in source order"
presentation_submitted,1,3,198,205,1,12,0,0,237352042332750,0,0,237352082172708,237352098708291,237352132040291,0,237352082445041,9208,0,4687395368282529693,4687395368850573478,4687395369995852277,"external CAMetalDisplayLink drawable via DXMT Presenter"
source_displayed,1,3,196,203,1,11,0,0,237352010059333,0,0,237352048862583,237352065376291,237352098708291,237352085056458,0,42875,0,4687395367138006808,4687395367705294679,4687395368850573478,"normalized presentedTime from Core Animation clock"
generated_selected,1,3,0,206,2,13,12,13,237352059052291,237352076595791,237352082205000,237352098839333,237352115374291,237352148706291,0,0,10000,0,0,0,0,"exact A/B pair ready before display deadline"
presentation_submitted,1,3,199,206,2,13,12,13,237352059052291,0,237352082205000,237352098839333,237352115374291,237352148706291,0,237352099267000,10000,0,4687395368855206304,4687395369423212877,4687395370568491677,"external CAMetalDisplayLink drawable via DXMT Presenter"
generated_displayed,1,3,197,204,2,12,11,12,237352026196041,0,237352048983791,237352065434625,237352082042291,237352115374291,237352101489333,0,4500,0,4687395367707407802,4687395368277934078,4687395369423212878,"normalized presentedTime from Core Animation clock"
source_accepted,1,3,0,0,0,14,0,0,237352109007708,237352110599083,0,0,0,237352192020070,0,0,0,0,0,0,0,"owned history copy completed successfully"
history_copy_complete,1,3,0,0,0,14,0,0,237352109007708,237352110599083,0,0,0,237352192020070,0,0,0,0,0,0,0,"Metal command buffer completed"
generated_requested,1,3,0,0,2,14,13,14,237352109007708,237352110599083,0,0,0,237352175373323,0,0,0,0,0,0,0,"exact adjacent source pair submitted"
generated_ready,1,3,0,207,2,14,13,14,0,0,237352115531208,237352115504291,237352132040291,237352175373323,0,0,5625,0,0,0,0,"Metal status completed"
selected_source,1,3,0,207,1,13,0,0,237352075771833,237352076595791,0,237352115504291,237352132040291,237352165372291,0,0,5625,0,0,0,0,"next real endpoint in source order"
presentation_submitted,1,3,200,207,1,13,0,0,237352075771833,0,0,237352115504291,237352132040291,237352165372291,0,237352115745125,5625,0,4687395369427787018,4687395369995852277,4687395371141131076,"external CAMetalDisplayLink drawable via DXMT Presenter"
source_displayed,1,3,198,205,1,12,0,0,237352042332750,0,0,237352082172708,237352098708291,237352132040291,237352118900624,0,9208,0,4687395368282529693,4687395368850573478,4687395369995852277,"normalized presentedTime from Core Animation clock"
generated_selected,1,3,0,208,2,14,13,14,237352092389770,237352110599083,237352115531208,237352132208875,237352148706291,237352182038291,0,0,43750,0,0,0,0,"exact A/B pair ready before display deadline"
presentation_submitted,1,3,201,208,2,14,13,14,237352092389770,0,237352115531208,237352132208875,237352148706291,237352182038291,0,237352139453083,43750,0,4687395370001785070,4687395370568491677,4687395371713770476,"external CAMetalDisplayLink drawable via DXMT Presenter"
generated_displayed,1,3,199,206,2,13,12,13,237352059052291,0,237352082205000,237352098839333,237352115374291,237352148706291,237352136199749,0,10000,0,4687395368855206304,4687395369423212877,4687395370568491677,"normalized presentedTime from Core Animation clock"
source_accepted,1,3,0,0,0,15,0,0,237352142051166,237352142976250,0,0,0,237352225102994,0,0,0,0,0,0,0,"owned history copy completed successfully"
history_copy_complete,1,3,0,0,0,15,0,0,237352142051166,237352142976250,0,0,0,237352225102994,0,0,0,0,0,0,0,"Metal command buffer completed"
generated_requested,1,3,0,0,2,15,14,15,237352142051166,237352142976250,0,0,0,237352208561532,0,0,0,0,0,0,0,"exact adjacent source pair submitted"
generated_ready,1,3,0,209,2,15,14,15,0,0,237352148749583,237352148739083,237352165372291,237352208561532,0,0,1792,0,0,0,0,"Metal status completed"
selected_source,1,3,0,209,1,14,0,0,237352109007708,237352110599083,0,237352148739083,237352165372291,237352198704291,0,0,1792,0,0,0,0,"next real endpoint in source order"
presentation_submitted,1,3,202,209,1,14,0,0,237352109007708,0,0,237352148739083,237352165372291,237352198704291,0,237352148815500,1792,0,4687395370569715742,4687395371141131076,4687395372286409876,"external CAMetalDisplayLink drawable via DXMT Presenter"
generated_selected,1,3,0,210,2,15,14,15,237352125529437,237352142976250,237352148749583,237352165460125,237352182038291,237352215370291,0,0,7750,0,0,0,0,"exact A/B pair ready before display deadline"
presentation_submitted,1,3,203,210,2,15,14,15,237352125529437,0,237352148749583,237352165460125,237352182038291,237352215370291,0,237352165699000,7750,0,4687395371144252074,4687395371713770476,4687395372859049275,"external CAMetalDisplayLink drawable via DXMT Presenter"
source_accepted,1,3,0,0,0,16,0,0,237352176248833,237352177610000,0,0,0,237352259351604,0,0,0,0,0,0,0,"owned history copy completed successfully"
history_copy_complete,1,3,0,0,0,16,0,0,237352176248833,237352177610000,0,0,0,237352259351604,0,0,0,0,0,0,0,"Metal command buffer completed"
generated_requested,1,3,0,0,2,16,15,16,237352176248833,237352177610000,0,0,0,237352242227299,0,0,0,0,0,0,0,"exact adjacent source pair submitted"
generated_ready,1,3,0,211,2,16,15,16,0,0,237352182180000,237352182152833,237352198704291,237352242227299,0,0,7333,0,0,0,0,"Metal status completed"
selected_source,1,3,0,211,1,15,0,0,237352142051166,237352142976250,0,237352182152833,237352198704291,237352232036291,0,0,7333,0,0,0,0,"next real endpoint in source order"
presentation_submitted,1,3,204,211,1,15,0,0,237352142051166,0,0,237352182152833,237352198704291,237352232036291,0,237352182408458,7333,0,4687395371717814892,4687395372286409876,4687395373431688675,"external CAMetalDisplayLink drawable via DXMT Presenter"
source_displayed,1,3,200,207,1,13,0,0,237352075771833,0,0,237352115504291,237352132040291,237352165372291,237352182057458,0,5625,0,4687395369427787018,4687395369995852277,4687395371141131076,"normalized presentedTime from Core Animation clock"
generated_selected,1,3,0,212,2,16,15,16,237352159149999,237352177610000,237352182180000,237352198848875,237352215370291,237352248702291,0,0,13750,0,0,0,0,"exact A/B pair ready before display deadline"
presentation_submitted,1,3,205,212,2,16,15,16,237352159149999,0,237352182180000,237352198848875,237352215370291,237352248702291,0,237352199362583,13750,0,4687395372291506559,4687395372859049275,4687395374004328075,"external CAMetalDisplayLink drawable via DXMT Presenter"
generated_displayed,1,3,201,208,2,14,13,14,237352092389770,0,237352115531208,237352132208875,237352148706291,237352182038291,237352198723958,0,43750,0,4687395370001785070,4687395370568491677,4687395371713770476,"normalized presentedTime from Core Animation clock"
source_accepted,1,3,0,0,0,17,0,0,237352209830208,237352211747958,0,0,0,237352292955946,0,0,0,0,0,0,0,"owned history copy completed successfully"
history_copy_complete,1,3,0,0,0,17,0,0,237352209830208,237352211747958,0,0,0,237352292955946,0,0,0,0,0,0,0,"Metal command buffer completed"
generated_requested,1,3,0,0,2,17,16,17,237352209830208,237352211747958,0,0,0,237352276153775,0,0,0,0,0,0,0,"exact adjacent source pair submitted"
source_displayed,1,3,202,209,1,14,0,0,237352109007708,0,0,237352148739083,237352165372291,237352198704291,237352215390499,0,1792,0,4687395370569715742,4687395371141131076,4687395372286409876,"normalized presentedTime from Core Animation clock"
generated_ready,1,3,0,213,2,17,16,17,0,0,237352218657541,237352218614666,237352232036291,237352276153775,0,0,8584,0,0,0,0,"Metal status completed"
selected_source,1,3,0,213,1,16,0,0,237352176248833,237352177610000,0,237352218614666,237352232036291,237352265368291,0,0,8584,0,0,0,0,"next real endpoint in source order"
presentation_submitted,1,3,206,213,1,16,0,0,237352176248833,0,0,237352218614666,237352232036291,237352265368291,0,237352219217583,8584,0,4687395372970642559,4687395373431688675,4687395374576967474,"external CAMetalDisplayLink drawable via DXMT Presenter"
presentation_dropped,1,3,203,210,2,15,14,15,237352125529437,0,237352148749583,237352165460125,237352182038291,237352215370291,0,0,7750,0,4687395371144252074,4687395371713770476,4687395372859049275,"Metal drawable presentedTime=0; associated frame was dropped or not presented"
source_displayed,1,3,204,211,1,15,0,0,237352142051166,0,0,237352182152833,237352198704291,237352232036291,237352220985333,0,7333,0,4687395371717814892,4687395372286409876,4687395373431688675,"normalized presentedTime from Core Animation clock"
generated_selected,1,3,0,214,2,17,16,17,237352193039520,237352211747958,237352218657541,237352232180291,237352248702291,237352282034291,0,0,30417,0,0,0,0,"exact A/B pair ready before display deadline"
presentation_submitted,1,3,207,214,2,17,16,17,237352193039520,0,237352218657541,237352232180291,237352248702291,237352282034291,0,237352232713458,30417,0,4687395373436773916,4687395374004328075,4687395375149606874,"external CAMetalDisplayLink drawable via DXMT Presenter"
generated_displayed,1,3,205,212,2,16,15,16,237352159149999,0,237352182180000,237352198848875,237352215370291,237352248702291,237352235807041,0,13750,0,4687395372291506559,4687395372859049275,4687395374004328075,"normalized presentedTime from Core Animation clock"
source_accepted,1,3,0,0,0,18,0,0,237352242108791,237352243937208,0,0,0,237352324909861,0,0,0,0,0,0,0,"owned history copy completed successfully"
history_copy_complete,1,3,0,0,0,18,0,0,237352242108791,237352243937208,0,0,0,237352324909861,0,0,0,0,0,0,0,"Metal command buffer completed"
generated_requested,1,3,0,0,2,18,17,18,237352242108791,237352243937208,0,0,0,237352308932903,0,0,0,0,0,0,0,"exact adjacent source pair submitted"
generated_ready,1,3,0,215,2,18,17,18,0,0,237352248872583,237352248837583,237352265368291,237352308932903,0,0,7958,0,0,0,0,"Metal status completed"
selected_source,1,3,0,215,1,17,0,0,237352209830208,237352211747958,0,237352248837583,237352265368291,237352298700291,0,0,7958,0,0,0,0,"next real endpoint in source order"
presentation_submitted,1,3,208,215,1,17,0,0,237352209830208,0,0,237352248837583,237352265368291,237352298700291,0,237352249200250,7958,0,4687395374009088341,4687395374576967474,4687395375722246274,"external CAMetalDisplayLink drawable via DXMT Presenter"
source_displayed,1,3,206,213,1,16,0,0,237352176248833,0,0,237352218614666,237352232036291,237352265368291,237352252609541,0,8584,0,4687395372970642559,4687395373431688675,4687395374576967474,"normalized presentedTime from Core Animation clock"
generated_selected,1,3,0,216,2,18,17,18,237352225969499,237352243937208,237352248872583,237352265504833,237352282034291,237352315366291,0,0,11792,0,0,0,0,"exact A/B pair ready before display deadline"
presentation_submitted,1,3,209,216,2,18,17,18,237352225969499,0,237352248872583,237352265504833,237352282034291,237352315366291,0,237352266029041,11792,0,4687395374581799312,4687395375149606874,4687395376294885673,"external CAMetalDisplayLink drawable via DXMT Presenter"
generated_displayed,1,3,207,214,2,17,16,17,237352193039520,0,237352218657541,237352232180291,237352248702291,237352282034291,237352269055333,0,30417,0,4687395373436773916,4687395374004328075,4687395375149606874,"normalized presentedTime from Core Animation clock"
source_accepted,1,3,0,0,0,19,0,0,237352275831000,237352277723875,0,0,0,237352358724484,0,0,0,0,0,0,0,"owned history copy completed successfully"
history_copy_complete,1,3,0,0,0,19,0,0,237352275831000,237352277723875,0,0,0,237352358724484,0,0,0,0,0,0,0,"Metal command buffer completed"
generated_requested,1,3,0,0,2,19,18,19,237352275831000,237352277723875,0,0,0,237352341817172,0,0,0,0,0,0,0,"exact adjacent source pair submitted"
generated_ready,1,3,0,217,2,19,18,19,0,0,237352282239125,237352282201583,237352298700290,237352341817172,0,0,8792,0,0,0,0,"Metal status completed"
selected_source,1,3,0,217,1,18,0,0,237352242108791,237352243937208,0,237352282201583,237352298700290,237352332032291,0,0,8792,0,0,0,0,"next real endpoint in source order"
presentation_submitted,1,3,210,217,1,18,0,0,237352242108791,0,0,237352282201583,237352298700290,237352332032291,0,237352282656250,8792,0,4687395375155468061,4687395375722246273,4687395376867525073,"external CAMetalDisplayLink drawable via DXMT Presenter"
source_displayed,1,3,208,215,1,17,0,0,237352209830208,0,0,237352248837583,237352265368291,237352298700291,237352286077624,0,7958,0,4687395374009088341,4687395374576967474,4687395375722246274,"normalized presentedTime from Core Animation clock"
generated_selected,1,3,0,218,2,19,18,19,237352258969895,237352277723875,237352282239125,237352298857250,237352315366291,237352348698291,0,0,32333,0,0,0,0,"exact A/B pair ready before display deadline"
presentation_submitted,1,3,211,218,2,19,18,19,237352258969895,0,237352282239125,237352298857250,237352315366291,237352348698291,0,237352299403916,32333,0,4687395375728372340,4687395376294885673,4687395377440164472,"external CAMetalDisplayLink drawable via DXMT Presenter"
source_accepted,1,3,0,0,0,20,0,0,237352309574833,237352311953583,0,0,0,237352392533019,0,0,0,0,0,0,0,"owned history copy completed successfully"
history_copy_complete,1,3,0,0,0,20,0,0,237352309574833,237352311953583,0,0,0,237352392533019,0,0,0,0,0,0,0,"Metal command buffer completed"
generated_requested,1,3,0,0,2,20,19,20,237352309574833,237352311953583,0,0,0,237352375628751,0,0,0,0,0,0,0,"exact adjacent source pair submitted"
generated_ready,1,3,0,219,2,20,19,20,0,0,237352315712083,237352315562750,237352332032291,237352375628751,0,0,14750,0,0,0,0,"Metal status completed"
selected_source,1,3,0,219,1,19,0,0,237352275831000,237352277723875,0,237352315562750,237352332032291,237352365364291,0,0,14750,0,0,0,0,"next real endpoint in source order"
presentation_submitted,1,3,212,219,1,19,0,0,237352275831000,0,0,237352315562750,237352332032291,237352365364291,0,237352316138916,14750,0,4687395376301761916,4687395376867525073,4687395378012803872,"external CAMetalDisplayLink drawable via DXMT Presenter"
generated_displayed,1,3,209,216,2,18,17,18,237352225969499,0,237352248872583,237352265504833,237352282034291,237352315366291,237352315389374,0,11792,0,4687395374581799312,4687395375149606874,4687395376294885673,"normalized presentedTime from Core Animation clock"
generated_selected,1,3,0,220,2,20,19,20,237352292702916,237352311953583,237352315712083,237352332303333,237352348698291,237352382030291,0,0,27042,0,0,0,0,"exact A/B pair ready before display deadline"
presentation_submitted,1,3,213,220,2,20,19,20,237352292702916,0,237352315712083,237352332303333,237352348698291,237352382030291,0,237352333692208,27042,0,4687395376876989738,4687395377440164472,4687395378585443272,"external CAMetalDisplayLink drawable via DXMT Presenter"
source_accepted,1,3,0,0,0,21,0,0,237352342150875,237352344521750,0,0,0,237352425141149,0,0,0,0,0,0,0,"owned history copy completed successfully"
history_copy_complete,1,3,0,0,0,21,0,0,237352342150875,237352344521750,0,0,0,237352425141149,0,0,0,0,0,0,0,"Metal command buffer completed"
generated_requested,1,3,0,0,2,21,20,21,237352342150875,237352344521750,0,0,0,237352408837084,0,0,0,0,0,0,0,"exact adjacent source pair submitted"
source_displayed,1,3,210,217,1,18,0,0,237352242108791,0,0,237352282201583,237352298700290,237352332032291,237352348722333,0,8792,0,4687395375155468061,4687395375722246273,4687395376867525073,"normalized presentedTime from Core Animation clock"
generated_ready,1,3,0,221,2,21,20,21,0,0,237352350752541,237352350718541,237352365364291,237352408837084,0,0,6084,0,0,0,0,"Metal status completed"
selected_source,1,3,0,221,1,20,0,0,237352309574833,237352311953583,0,237352350718541,237352365364291,237352398696291,0,0,6084,0,0,0,0,"next real endpoint in source order"
presentation_submitted,1,3,214,221,1,20,0,0,237352309574833,0,0,237352350718541,237352365364291,237352398696291,0,237352351047291,6084,0,4687395377509684256,4687395378012803872,4687395379158082671,"external CAMetalDisplayLink drawable via DXMT Presenter"
generated_selected,1,3,0,222,2,21,20,21,237352325862854,237352344521750,237352350752541,237352365535958,237352382030291,237352415362291,0,0,18542,0,0,0,0,"exact A/B pair ready before display deadline"
presentation_submitted,1,3,215,222,2,21,20,21,237352325862854,0,237352350752541,237352365535958,237352382030291,237352415362291,0,237352366177208,18542,0,4687395378019004362,4687395378585443272,4687395379730722071,"external CAMetalDisplayLink drawable via DXMT Presenter"
presentation_dropped,1,3,211,218,2,19,18,19,237352258969895,0,237352282239125,237352298857250,237352315366291,237352348698291,0,0,32333,0,4687395375728372340,4687395376294885673,4687395377440164472,"Metal drawable presentedTime=0; associated frame was dropped or not presented"
source_displayed,1,3,212,219,1,19,0,0,237352275831000,0,0,237352315562750,237352332032291,237352365364291,237352367341791,0,14750,0,4687395376301761916,4687395376867525073,4687395378012803872,"normalized presentedTime from Core Animation clock"
source_accepted,1,3,0,0,0,22,0,0,237352376285625,237352377885958,0,0,0,237352459113411,0,0,0,0,0,0,0,"owned history copy completed successfully"
history_copy_complete,1,3,0,0,0,22,0,0,237352376285625,237352377885958,0,0,0,237352459113411,0,0,0,0,0,0,0,"Metal command buffer completed"
generated_requested,1,3,0,0,2,22,21,22,237352376285625,237352377885958,0,0,0,237352442127280,0,0,0,0,0,0,0,"exact adjacent source pair submitted"
generated_displayed,1,3,213,220,2,20,19,20,237352292702916,0,237352315712083,237352332303333,237352348698291,237352382030291,237352376872833,0,27042,0,4687395376876989738,4687395377440164472,4687395378585443272,"normalized presentedTime from Core Animation clock"
generated_ready,1,3,0,223,2,22,21,22,0,0,237352382143500,237352382113583,237352398696291,237352442127280,0,0,4625,0,0,0,0,"Metal status completed"
selected_source,1,3,0,223,1,21,0,0,237352342150875,237352344521750,0,237352382113583,237352398696291,237352432028291,0,0,4625,0,0,0,0,"next real endpoint in source order"
presentation_submitted,1,3,216,223,1,21,0,0,237352342150875,0,0,237352382113583,237352398696291,237352432028291,0,237352382382250,4625,0,4687395378588411094,4687395379158082671,4687395380303361471,"external CAMetalDisplayLink drawable via DXMT Presenter"
source_displayed,1,3,214,221,1,20,0,0,237352309574833,0,0,237352350718541,237352365364291,237352398696291,237352384910833,0,6084,0,4687395377509684256,4687395378012803872,4687395379158082671,"normalized presentedTime from Core Animation clock"
generated_selected,1,3,0,224,2,22,21,22,237352359218250,237352377885958,237352382143500,237352398827916,237352415362291,237352448694291,0,0,10334,0,0,0,0,"exact A/B pair ready before display deadline"
presentation_submitted,1,3,217,224,2,22,21,22,237352359218250,0,237352382143500,237352398827916,237352415362291,237352448694291,0,237352399210291,10334,0,4687395379162735564,4687395379730722071,4687395380876000870,"external CAMetalDisplayLink drawable via DXMT Presenter"
generated_displayed,1,3,215,222,2,21,20,21,237352325862854,0,237352350752541,237352365535958,237352382030291,237352415362291,237352401832374,0,18542,0,4687395378019004362,4687395378585443272,4687395379730722071,"normalized presentedTime from Core Animation clock"
source_accepted,1,3,0,0,0,23,0,0,237352408792250,237352410623000,0,0,0,237352491712490,0,0,0,0,0,0,0,"owned history copy completed successfully"
history_copy_complete,1,3,0,0,0,23,0,0,237352408792250,237352410623000,0,0,0,237352491712490,0,0,0,0,0,0,0,"Metal command buffer completed"
generated_requested,1,3,0,0,2,23,22,23,237352408792250,237352410623000,0,0,0,237352475412950,0,0,0,0,0,0,0,"exact adjacent source pair submitted"
generated_ready,1,3,0,225,2,23,22,23,0,0,237352415519125,237352415483291,237352432028291,237352475412950,0,0,7250,0,0,0,0,"Metal status completed"
selected_source,1,3,0,225,1,22,0,0,237352376285625,237352377885958,0,237352415483291,237352432028291,237352465360291,0,0,7250,0,0,0,0,"next real endpoint in source order"
presentation_submitted,1,3,218,225,1,22,0,0,237352376285625,0,0,237352415483291,237352432028291,237352465360291,0,237352415869833,7250,0,4687395379734989825,4687395380303361471,4687395381448640270,"external CAMetalDisplayLink drawable via DXMT Presenter"
source_displayed,1,3,216,223,1,21,0,0,237352342150875,0,0,237352382113583,237352398696291,237352432028291,237352419003874,0,4625,0,4687395378588411094,4687395379158082671,4687395380303361471,"normalized presentedTime from Core Animation clock"
generated_selected,1,3,0,226,2,23,22,23,237352392538937,237352410623000,237352415519125,237352432181083,237352448694291,237352482026291,0,0,11000,0,0,0,0,"exact A/B pair ready before display deadline"
presentation_submitted,1,3,219,226,2,23,22,23,237352392538937,0,237352415519125,237352432181083,237352448694291,237352482026291,0,237352432717625,11000,0,4687395380308735918,4687395380876000870,4687395382021279670,"external CAMetalDisplayLink drawable via DXMT Presenter"
generated_displayed,1,3,217,224,2,22,21,22,237352359218250,0,237352382143500,237352398827916,237352415362291,237352448694291,237352435888749,0,10334,0,4687395379162735564,4687395379730722071,4687395380876000870,"normalized presentedTime from Core Animation clock"
source_accepted,1,3,0,0,0,24,0,0,237352442430916,237352444324666,0,0,0,237352525415172,0,0,0,0,0,0,0,"owned history copy completed successfully"
history_copy_complete,1,3,0,0,0,24,0,0,237352442430916,237352444324666,0,0,0,237352525415172,0,0,0,0,0,0,0,"Metal command buffer completed"
generated_requested,1,3,0,0,2,24,23,24,237352442430916,237352444324666,0,0,0,237352508563831,0,0,0,0,0,0,0,"exact adjacent source pair submitted"
generated_ready,1,3,0,227,2,24,23,24,0,0,237352448866958,237352448825708,237352465360291,237352508563831,0,0,10083,0,0,0,0,"Metal status completed"
selected_source,1,3,0,227,1,23,0,0,237352408792250,237352410623000,0,237352448825708,237352465360291,237352498692291,0,0,10083,0,0,0,0,"next real endpoint in source order"
presentation_submitted,1,3,220,227,1,23,0,0,237352408792250,0,0,237352448825708,237352465360291,237352498692291,0,237352449159916,10083,0,4687395380880626550,4687395381448640270,4687395382593919069,"external CAMetalDisplayLink drawable via DXMT Presenter"
source_displayed,1,3,218,225,1,22,0,0,237352376285625,0,0,237352415483291,237352432028291,237352465360291,237352452662124,0,7250,0,4687395379734989825,4687395380303361471,4687395381448640270,"normalized presentedTime from Core Animation clock"
generated_selected,1,3,0,228,2,24,23,24,237352425611583,237352444324666,237352448866958,237352465489833,237352482026291,237352515358291,0,0,9333,0,0,0,0,"exact A/B pair ready before display deadline"
presentation_submitted,1,3,221,228,2,24,23,24,237352425611583,0,237352448866958,237352465489833,237352482026291,237352515358291,0,237352465904000,9333,0,4687395381453211558,4687395382021279670,4687395383166558469,"external CAMetalDisplayLink drawable via DXMT Presenter"
source_accepted,1,3,0,0,0,25,0,0,237352476234416,237352478183750,0,0,0,237352559269451,0,0,0,0,0,0,0,"owned history copy completed successfully"
history_copy_complete,1,3,0,0,0,25,0,0,237352476234416,237352478183750,0,0,0,237352559269451,0,0,0,0,0,0,0,"Metal command buffer completed"
generated_requested,1,3,0,0,2,25,24,25,237352476234416,237352478183750,0,0,0,237352542342311,0,0,0,0,0,0,0,"exact adjacent source pair submitted"
generated_ready,1,3,0,229,2,25,24,25,0,0,237352482192708,237352482155166,237352498692291,237352542342311,0,0,9667,0,0,0,0,"Metal status completed"
selected_source,1,3,0,229,1,24,0,0,237352442430916,237352444324666,0,237352482155166,237352498692291,237352532024291,0,0,9667,0,0,0,0,"next real endpoint in source order"
presentation_submitted,1,3,222,229,1,24,0,0,237352442430916,0,0,237352482155166,237352498692291,237352532024291,0,237352482489625,9667,0,4687395382025820893,4687395382593919069,4687395383739197869,"external CAMetalDisplayLink drawable via DXMT Presenter"
generated_selected,1,3,0,230,2,25,24,25,237352459332666,237352478183750,237352482192708,237352498824375,237352515358291,237352548690291,0,0,13583,0,0,0,0,"exact A/B pair ready before display deadline"
presentation_submitted,1,3,223,230,2,25,24,25,237352459332666,0,237352482192708,237352498824375,237352515358291,237352548690291,0,237352499466458,13583,0,4687395382598577666,4687395383166558469,4687395384311837268,"external CAMetalDisplayLink drawable via DXMT Presenter"
generated_displayed,1,3,219,226,2,23,22,23,237352392538937,0,237352415519125,237352432181083,237352448694291,237352482026291,237352498720666,0,11000,0,4687395380308735918,4687395380876000870,4687395382021279670,"normalized presentedTime from Core Animation clock"
source_accepted,1,3,0,0,0,26,0,0,237352509098541,237352511494791,0,0,0,237352592172413,0,0,0,0,0,0,0,"owned history copy completed successfully"
history_copy_complete,1,3,0,0,0,26,0,0,237352509098541,237352511494791,0,0,0,237352592172413,0,0,0,0,0,0,0,"Metal command buffer completed"
generated_requested,1,3,0,0,2,26,25,26,237352509098541,237352511494791,0,0,0,237352575720932,0,0,0,0,0,0,0,"exact adjacent source pair submitted"
generated_ready,1,3,0,231,2,26,25,26,0,0,237352515546708,237352515502500,237352532024291,237352575720932,0,0,12250,0,0,0,0,"Metal status completed"
selected_source,1,3,0,231,1,25,0,0,237352476234416,237352478183750,0,237352515502500,237352532024291,237352565356291,0,0,12250,0,0,0,0,"next real endpoint in source order"
presentation_submitted,1,3,224,231,1,25,0,0,237352476234416,0,0,237352515502500,237352532024291,237352565356291,0,237352515970083,12250,0,4687395383171632268,4687395383739197868,4687395384884476668,"external CAMetalDisplayLink drawable via DXMT Presenter"
source_displayed,1,3,220,227,1,23,0,0,237352408792250,0,0,237352448825708,237352465360291,237352498692291,237352515387166,0,10083,0,4687395380880626550,4687395381448640270,4687395382593919069,"normalized presentedTime from Core Animation clock"
generated_selected,1,3,0,232,2,26,25,26,237352492666478,237352511494791,237352515546708,237352532228416,237352548690291,237352582022291,0,0,19334,0,0,0,0,"exact A/B pair ready before display deadline"
presentation_submitted,1,3,225,232,2,26,25,26,237352492666478,0,237352515546708,237352532228416,237352548690291,237352582022291,0,237352532941958,19334,0,4687395383746361874,4687395384311837268,4687395385457116067,"external CAMetalDisplayLink drawable via DXMT Presenter"
generated_displayed,1,3,221,228,2,24,23,24,237352425611583,0,237352448866958,237352465489833,237352482026291,237352515358291,237352532053583,0,9333,0,4687395381453211558,4687395382021279670,4687395383166558469,"normalized presentedTime from Core Animation clock"
source_displayed,1,3,222,229,1,24,0,0,237352442430916,0,0,237352482155166,237352498692291,237352532024291,237352534253624,0,9667,0,4687395382025820893,4687395382593919069,4687395383739197869,"normalized presentedTime from Core Animation clock"
source_accepted,1,3,0,0,0,27,0,0,237352542149041,237352544826208,0,0,0,237352625241966,0,0,0,0,0,0,0,"owned history copy completed successfully"
history_copy_complete,1,3,0,0,0,27,0,0,237352542149041,237352544826208,0,0,0,237352625241966,0,0,0,0,0,0,0,"Metal command buffer completed"
generated_requested,1,3,0,0,2,27,26,27,237352542149041,237352544826208,0,0,0,237352608707189,0,0,0,0,0,0,0,"exact adjacent source pair submitted"
generated_ready,1,3,0,233,2,27,26,27,0,0,237352548936541,237352548875500,237352565356291,237352608707189,0,0,27875,0,0,0,0,"Metal status completed"
selected_source,1,3,0,233,1,26,0,0,237352509098541,237352511494791,0,237352548875500,237352565356291,237352598688291,0,0,27875,0,0,0,0,"next real endpoint in source order"
presentation_submitted,1,3,226,233,1,26,0,0,237352509098541,0,0,237352548875500,237352565356291,237352598688291,0,237352549302625,27875,0,4687395384318358472,4687395384884476668,4687395386029755467,"external CAMetalDisplayLink drawable via DXMT Presenter"
generated_displayed,1,3,223,230,2,25,24,25,237352459332666,0,237352482192708,237352498824375,237352515358291,237352548690291,237352542272583,0,13583,0,4687395382598577666,4687395383166558469,4687395384311837268,"normalized presentedTime from Core Animation clock"
source_displayed,1,3,224,231,1,25,0,0,237352476234416,0,0,237352515502500,237352532024291,237352565356291,237352553938249,0,12250,0,4687395383171632268,4687395383739197868,4687395384884476668,"normalized presentedTime from Core Animation clock"
generated_selected,1,3,0,234,2,27,26,27,237352525623791,237352544826208,237352548936541,237352565400416,237352582022291,237352615354291,0,0,1709,0,0,0,0,"exact A/B pair ready before display deadline"
presentation_submitted,1,3,227,234,2,27,26,27,237352525623791,0,237352548936541,237352565400416,237352582022291,237352615354291,0,237352565619208,1709,0,4687395384886081542,4687395385457116067,4687395386602394867,"external CAMetalDisplayLink drawable via DXMT Presenter"
generated_displayed,1,3,225,232,2,26,25,26,237352492666478,0,237352515546708,237352532228416,237352548690291,237352582022291,237352570300166,0,19334,0,4687395383746361874,4687395384311837268,4687395385457116067,"normalized presentedTime from Core Animation clock"
source_accepted,1,3,0,0,0,28,0,0,237352576242125,237352577427375,0,0,0,237352659365153,0,0,0,0,0,0,0,"owned history copy completed successfully"
history_copy_complete,1,3,0,0,0,28,0,0,237352576242125,237352577427375,0,0,0,237352659365153,0,0,0,0,0,0,0,"Metal command buffer completed"
generated_requested,1,3,0,0,2,28,27,28,237352576242125,237352577427375,0,0,0,237352642303559,0,0,0,0,0,0,0,"exact adjacent source pair submitted"
generated_ready,1,3,0,235,2,28,27,28,0,0,237352582192541,237352582159291,237352598688291,237352642303559,0,0,9042,0,0,0,0,"Metal status completed"
selected_source,1,3,0,235,1,27,0,0,237352542149041,237352544826208,0,237352582159291,237352598688291,237352632020291,0,0,9042,0,0,0,0,"next real endpoint in source order"
presentation_submitted,1,3,228,235,1,27,0,0,237352542149041,0,0,237352582159291,237352598688291,237352632020291,0,237352582435625,9042,0,4687395385461929283,4687395386029755467,4687395387175034266,"external CAMetalDisplayLink drawable via DXMT Presenter"
source_displayed,1,3,226,233,1,26,0,0,237352509098541,0,0,237352548875500,237352565356291,237352598688291,237352587138874,0,27875,0,4687395384318358472,4687395384884476668,4687395386029755467,"normalized presentedTime from Core Animation clock"
generated_selected,1,3,0,236,2,28,27,28,237352559195583,237352577427375,237352582192541,237352598913000,237352615354291,237352648686291,0,0,18041,0,0,0,0,"exact A/B pair ready before display deadline"
presentation_submitted,1,3,229,236,2,28,27,28,237352559195583,0,237352582192541,237352598913000,237352615354291,237352648686291,0,237352599665791,18041,0,4687395386037643879,4687395386602394867,4687395387747673666,"external CAMetalDisplayLink drawable via DXMT Presenter"
generated_displayed,1,3,227,234,2,27,26,27,237352525623791,0,237352548936541,237352565400416,237352582022291,237352615354291,237352603538499,0,1709,0,4687395384886081542,4687395385457116067,4687395386602394867,"normalized presentedTime from Core Animation clock"
source_accepted,1,3,0,0,0,29,0,0,237352609633958,237352612110916,0,0,0,237352692762734,0,0,0,0,0,0,0,"owned history copy completed successfully"
history_copy_complete,1,3,0,0,0,29,0,0,237352609633958,237352612110916,0,0,0,237352692762734,0,0,0,0,0,0,0,"Metal command buffer completed"
generated_requested,1,3,0,0,2,29,28,29,237352609633958,237352612110916,0,0,0,237352676063943,0,0,0,0,0,0,0,"exact adjacent source pair submitted"
generated_ready,1,3,0,237,2,29,28,29,0,0,237352615595375,237352615554458,237352632020291,237352676063943,0,0,10458,0,0,0,0,"Metal status completed"
selected_source,1,3,0,237,1,28,0,0,237352576242125,237352577427375,0,237352615554458,237352632020291,237352665352291,0,0,10458,0,0,0,0,"next real endpoint in source order"
presentation_submitted,1,3,230,237,1,28,0,0,237352576242125,0,0,237352615554458,237352632020291,237352665352291,0,237352616029666,10458,0,4687395386609391368,4687395387175034266,4687395388320313066,"external CAMetalDisplayLink drawable via DXMT Presenter"
source_displayed,1,3,228,235,1,27,0,0,237352542149041,0,0,237352582159291,237352598688291,237352632020291,237352620942208,0,9042,0,4687395385461929283,4687395386029755467,4687395387175034266,"normalized presentedTime from Core Animation clock"
generated_selected,1,3,0,238,2,29,28,29,237352592938041,237352612110916,237352615595375,237352632193250,237352648686291,237352682018291,0,0,34583,0,0,0,0,"exact A/B pair ready before display deadline"
presentation_submitted,1,3,231,238,2,29,28,29,237352592938041,0,237352615595375,237352632193250,237352648686291,237352682018291,0,237352632922958,34583,0,4687395387181138858,4687395387747673666,4687395388892952465,"external CAMetalDisplayLink drawable via DXMT Presenter"
source_accepted,1,3,0,0,0,30,0,0,237352642147291,237352644870791,0,0,0,237352725280027,0,0,0,0,0,0,0,"owned history copy completed successfully"
history_copy_complete,1,3,0,0,0,30,0,0,237352642147291,237352644870791,0,0,0,237352725280027,0,0,0,0,0,0,0,"Metal command buffer completed"
generated_displayed,1,3,229,236,2,28,27,28,237352559195583,0,237352582192541,237352598913000,237352615354291,237352648686291,237352636960749,0,18041,0,4687395386037643879,4687395386602394867,4687395387747673666,"normalized presentedTime from Core Animation clock"
generated_requested,1,3,0,0,2,30,29,30,237352642147291,237352644870791,0,0,0,237352709021380,0,0,0,0,0,0,0,"exact adjacent source pair submitted"
generated_ready,1,3,0,239,2,30,29,30,0,0,237352648905666,237352648856791,237352665352291,237352709021380,0,0,9417,0,0,0,0,"Metal status completed"
selected_source,1,3,0,239,1,29,0,0,237352609633958,237352612110916,0,237352648856791,237352665352291,237352698684291,0,0,9417,0,0,0,0,"next real endpoint in source order"
presentation_submitted,1,3,232,239,1,29,0,0,237352609633958,0,0,237352648856791,237352665352291,237352698684291,0,237352649320208,9417,0,4687395387753653704,4687395388320313066,4687395389465591865,"external CAMetalDisplayLink drawable via DXMT Presenter"
generated_selected,1,3,0,240,2,30,29,30,237352625890624,237352644870791,237352648905666,237352665527958,237352682018291,237352715350291,0,0,15458,0,0,0,0,"exact A/B pair ready before display deadline"
presentation_submitted,1,3,233,240,2,30,29,30,237352625890624,0,237352648905666,237352665527958,237352682018291,237352715350291,0,237352666439875,15458,0,4687395388326487785,4687395388892952465,4687395390038231265,"external CAMetalDisplayLink drawable via DXMT Presenter"
source_displayed,1,3,230,237,1,28,0,0,237352576242125,0,0,237352615554458,237352632020291,237352665352291,237352665385499,0,10458,0,4687395386609391368,4687395387175034266,4687395388320313066,"normalized presentedTime from Core Animation clock"
source_accepted,1,3,0,0,0,31,0,0,237352676235500,237352678597208,0,0,0,237352759374175,0,0,0,0,0,0,0,"owned history copy completed successfully"
history_copy_complete,1,3,0,0,0,31,0,0,237352676235500,237352678597208,0,0,0,237352759374175,0,0,0,0,0,0,0,"Metal command buffer completed"
generated_requested,1,3,0,0,2,31,30,31,237352676235500,237352678597208,0,0,0,237352742327101,0,0,0,0,0,0,0,"exact adjacent source pair submitted"
generated_ready,1,3,0,241,2,31,30,31,0,0,237352682253958,237352682210041,237352698684291,237352742327101,0,0,11125,0,0,0,0,"Metal status completed"
selected_source,1,3,0,241,1,30,0,0,237352642147291,237352644870791,0,237352682210041,237352698684291,237352732016291,0,0,11125,0,0,0,0,"next real endpoint in source order"
presentation_submitted,1,3,234,241,1,30,0,0,237352642147291,0,0,237352682210041,237352698684291,237352732016291,0,237352682726666,11125,0,4687395388899666942,4687395389465591865,4687395390610870664,"external CAMetalDisplayLink drawable via DXMT Presenter"
generated_displayed,1,3,231,238,2,29,28,29,237352592938041,0,237352615595375,237352632193250,237352648686291,237352682018291,237352684291583,0,34583,0,4687395387181138858,4687395387747673666,4687395388892952465,"normalized presentedTime from Core Animation clock"
source_displayed,1,3,232,239,1,29,0,0,237352609633958,0,0,237352648856791,237352665352291,237352698684291,237352692660083,0,9417,0,4687395387753653704,4687395388320313066,4687395389465591865,"normalized presentedTime from Core Animation clock"
generated_selected,1,3,0,242,2,31,30,31,237352659191395,237352678597208,237352682253958,237352699179916,237352715350291,237352748682291,0,0,16000,0,0,0,0,"exact A/B pair ready before display deadline"
presentation_submitted,1,3,235,242,2,31,30,31,237352659191395,0,237352682253958,237352699179916,237352715350291,237352748682291,0,237352701596333,16000,0,4687395389482776029,4687395390038231265,4687395391183510064,"external CAMetalDisplayLink drawable via DXMT Presenter"
source_accepted,1,3,0,0,0,32,0,0,237352709350208,237352713177041,0,0,0,237352792451111,0,0,0,0,0,0,0,"owned history copy completed successfully"
history_copy_complete,1,3,0,0,0,32,0,0,237352709350208,237352713177041,0,0,0,237352792451111,0,0,0,0,0,0,0,"Metal command buffer completed"
generated_displayed,1,3,233,240,2,30,29,30,237352625890624,0,237352648905666,237352665527958,237352682018291,237352715350291,237352707928749,0,15458,0,4687395388326487785,4687395388892952465,4687395390038231265,"normalized presentedTime from Core Animation clock"
generated_requested,1,3,0,0,2,32,31,32,237352709350208,237352713177041,0,0,0,237352775912643,0,0,0,0,0,0,0,"exact adjacent source pair submitted"
generated_ready,1,3,0,243,2,32,31,32,0,0,237352715633375,237352715561458,237352732016291,237352775912643,0,0,14917,0,0,0,0,"Metal status completed"
selected_source,1,3,0,243,1,31,0,0,237352676235500,237352678597208,0,237352715561458,237352732016291,237352765348291,0,0,14917,0,0,0,0,"next real endpoint in source order"
presentation_submitted,1,3,236,243,1,31,0,0,237352676235500,0,0,237352715561458,237352732016291,237352765348291,0,237352715942541,14917,0,4687395390045610018,4687395390610870664,4687395391756149464,"external CAMetalDisplayLink drawable via DXMT Presenter"
source_displayed,1,3,234,241,1,30,0,0,237352642147291,0,0,237352682210041,237352698684291,237352732016291,237352721730583,0,11125,0,4687395388899666942,4687395389465591865,4687395390610870664,"normalized presentedTime from Core Animation clock"
generated_selected,1,3,0,244,2,32,31,32,237352692792854,237352713177041,237352715633375,237352732065000,237352748682291,237352782014291,0,0,3625,0,0,0,0,"exact A/B pair ready before display deadline"
presentation_submitted,1,3,237,244,2,32,31,32,237352692792854,0,237352715633375,237352732065000,237352748682291,237352782014291,0,237352732217291,3625,0,4687395390612635896,4687395391183510064,4687395392328788863,"external CAMetalDisplayLink drawable via DXMT Presenter"
generated_displayed,1,3,235,242,2,31,30,31,237352659191395,0,237352682253958,237352699179916,237352715350291,237352748682291,237352734734333,0,16000,0,4687395389482776029,4687395390038231265,4687395391183510064,"normalized presentedTime from Core Animation clock"
source_accepted,1,3,0,0,0,33,0,0,237352742091916,237352743371416,0,0,0,237352825217640,0,0,0,0,0,0,0,"owned history copy completed successfully"
history_copy_complete,1,3,0,0,0,33,0,0,237352742091916,237352743371416,0,0,0,237352825217640,0,0,0,0,0,0,0,"Metal command buffer completed"
generated_requested,1,3,0,0,2,33,32,33,237352742091916,237352743371416,0,0,0,237352808834375,0,0,0,0,0,0,0,"exact adjacent source pair submitted"
generated_ready,1,3,0,245,2,33,32,33,0,0,237352748816791,237352748793500,237352765348291,237352808834375,0,0,5916,0,0,0,0,"Metal status completed"
selected_source,1,3,0,245,1,32,0,0,237352709350208,237352713177041,0,237352748793500,237352765348291,237352798680291,0,0,5916,0,0,0,0,"next real endpoint in source order"
presentation_submitted,1,3,238,245,1,32,0,0,237352709350208,0,0,237352748793500,237352765348291,237352798680291,0,237352749031666,5916,0,4687395391187431369,4687395391756149463,4687395392901428263,"external CAMetalDisplayLink drawable via DXMT Presenter"
source_displayed,1,3,236,243,1,31,0,0,237352676235500,0,0,237352715561458,237352732016291,237352765348291,237352751606416,0,14917,0,4687395390045610018,4687395390610870664,4687395391756149464,"normalized presentedTime from Core Animation clock"
generated_selected,1,3,0,246,2,33,32,33,237352725721062,237352743371416,237352748816791,237352765480833,237352782014291,237352815346291,0,0,10917,0,0,0,0,"exact A/B pair ready before display deadline"
presentation_submitted,1,3,239,246,2,33,32,33,237352725721062,0,237352748816791,237352765480833,237352782014291,237352815346291,0,237352766001000,10917,0,4687395391760836716,4687395392328788863,4687395393474067662,"external CAMetalDisplayLink drawable via DXMT Presenter"
generated_displayed,1,3,237,244,2,32,31,32,237352692792854,0,237352715633375,237352732065000,237352748682291,237352782014291,237352768444624,0,3625,0,4687395390612635896,4687395391183510064,4687395392328788863,"normalized presentedTime from Core Animation clock"
source_accepted,1,3,0,0,0,34,0,0,237352775599125,237352777438833,0,0,0,237352858744307,0,0,0,0,0,0,0,"owned history copy completed successfully"
history_copy_complete,1,3,0,0,0,34,0,0,237352775599125,237352777438833,0,0,0,237352858744307,0,0,0,0,0,0,0,"Metal command buffer completed"
generated_requested,1,3,0,0,2,34,33,34,237352775599125,237352777438833,0,0,0,237352841980973,0,0,0,0,0,0,0,"exact adjacent source pair submitted"
generated_ready,1,3,0,247,2,34,33,34,0,0,237352782169500,237352782135958,237352798680291,237352841980973,0,0,6750,0,0,0,0,"Metal status completed"
selected_source,1,3,0,247,1,33,0,0,237352742091916,237352743371416,0,237352782135958,237352798680291,237352832012291,0,0,6750,0,0,0,0,"next real endpoint in source order"
presentation_submitted,1,3,240,247,1,33,0,0,237352742091916,0,0,237352782135958,237352798680291,237352832012291,0,237352782461458,6750,0,4687395392333073797,4687395392901428263,4687395394046707062,"external CAMetalDisplayLink drawable via DXMT Presenter"
source_displayed,1,3,238,245,1,32,0,0,237352709350208,0,0,237352748793500,237352765348291,237352798680291,237352787063333,0,5916,0,4687395391187431369,4687395391756149463,4687395392901428263,"normalized presentedTime from Core Animation clock"
generated_selected,1,3,0,248,2,34,33,34,237352758845520,237352777438833,237352782169500,237352798731458,237352815346291,237352848678291,0,0,6750,0,0,0,0,"exact A/B pair ready before display deadline"
presentation_submitted,1,3,241,248,2,34,33,34,237352758845520,0,237352782169500,237352798731458,237352815346291,237352848678291,0,237352798957958,6750,0,4687395392903302312,4687395393474067662,4687395394619346462,"external CAMetalDisplayLink drawable via DXMT Presenter"
generated_displayed,1,3,239,246,2,33,32,33,237352725721062,0,237352748816791,237352765480833,237352782014291,237352815346291,237352800512333,0,10917,0,4687395391760836716,4687395392328788863,4687395393474067662,"normalized presentedTime from Core Animation clock"
source_accepted,1,3,0,0,0,35,0,0,237352808901583,237352809645708,0,0,0,237352892070690,0,0,0,0,0,0,0,"owned history copy completed successfully"
history_copy_complete,1,3,0,0,0,35,0,0,237352808901583,237352809645708,0,0,0,237352892070690,0,0,0,0,0,0,0,"Metal command buffer completed"
generated_requested,1,3,0,0,2,35,34,35,237352808901583,237352809645708,0,0,0,237352875407498,0,0,0,0,0,0,0,"exact adjacent source pair submitted"
generated_ready,1,3,0,249,2,35,34,35,0,0,237352815409500,237352815390125,237352832012291,237352875407498,0,0,2708,0,0,0,0,"Metal status completed"
selected_source,1,3,0,249,1,34,0,0,237352775599125,237352777438833,0,237352815390125,237352832012291,237352865344291,0,0,2708,0,0,0,0,"next real endpoint in source order"
presentation_submitted,1,3,242,249,1,34,0,0,237352775599125,0,0,237352815390125,237352832012291,237352865344291,0,237352815499958,2708,0,4687395393475669685,4687395394046707062,4687395395191985861,"external CAMetalDisplayLink drawable via DXMT Presenter"
source_displayed,1,3,240,247,1,33,0,0,237352742091916,0,0,237352782135958,237352798680291,237352832012291,237352816927708,0,6750,0,4687395392333073797,4687395392901428263,4687395394046707062,"normalized presentedTime from Core Animation clock"
generated_selected,1,3,0,250,2,35,34,35,237352792250354,237352809645708,237352815409500,237352832116458,237352848678291,237352882010291,0,0,7292,0,0,0,0,"exact A/B pair ready before display deadline"
presentation_submitted,1,3,243,250,2,35,34,35,237352792250354,0,237352815409500,237352832116458,237352848678291,237352882010291,0,237352832416666,7292,0,4687395394050400734,4687395394619346462,4687395395764625261,"external CAMetalDisplayLink drawable via DXMT Presenter"
generated_displayed,1,3,241,248,2,34,33,34,237352758845520,0,237352782169500,237352798731458,237352815346291,237352848678291,237352834422999,0,6750,0,4687395392903302312,4687395393474067662,4687395394619346462,"normalized presentedTime from Core Animation clock"
source_accepted,1,3,0,0,0,36,0,0,237352842187500,237352843550708,0,0,0,237352925376813,0,0,0,0,0,0,0,"owned history copy completed successfully"
history_copy_complete,1,3,0,0,0,36,0,0,237352842187500,237352843550708,0,0,0,237352925376813,0,0,0,0,0,0,0,"Metal command buffer completed"
generated_requested,1,3,0,0,2,36,35,36,237352842187500,237352843550708,0,0,0,237352908723751,0,0,0,0,0,0,0,"exact adjacent source pair submitted"
generated_ready,1,3,0,251,2,36,35,36,0,0,237352848849875,237352848808458,237352865344291,237352908723751,0,0,7917,0,0,0,0,"Metal status completed"
selected_source,1,3,0,251,1,35,0,0,237352808901583,237352809645708,0,237352848808458,237352865344291,237352898676291,0,0,7917,0,0,0,0,"next real endpoint in source order"
presentation_submitted,1,3,244,251,1,35,0,0,237352808901583,0,0,237352848808458,237352865344291,237352898676291,0,237352849154208,7917,0,4687395394623922045,4687395395191985861,4687395396337264661,"external CAMetalDisplayLink drawable via DXMT Presenter"
source_displayed,1,3,242,249,1,34,0,0,237352775599125,0,0,237352815390125,237352832012291,237352865344291,237352852480124,0,2708,0,4687395393475669685,4687395394046707062,4687395395191985861,"normalized presentedTime from Core Animation clock"
generated_selected,1,3,0,252,2,36,35,36,237352825544541,237352843550708,237352848849875,237352865488625,237352882010291,237352915342291,0,0,13250,0,0,0,0,"exact A/B pair ready before display deadline"
presentation_submitted,1,3,245,252,2,36,35,36,237352825544541,0,237352848849875,237352865488625,237352882010291,237352915342291,0,237352866750958,13250,0,4687395395197076841,4687395395764625261,4687395396909904060,"external CAMetalDisplayLink drawable via DXMT Presenter"
generated_displayed,1,3,243,250,2,35,34,35,237352792250354,0,237352815409500,237352832116458,237352848678291,237352882010291,237352868615958,0,7292,0,4687395394050400734,4687395394619346462,4687395395764625261,"normalized presentedTime from Core Animation clock"
source_accepted,1,3,0,0,0,37,0,0,237352875744125,237352877165166,0,0,0,237352958934444,0,0,0,0,0,0,0,"owned history copy completed successfully"
history_copy_complete,1,3,0,0,0,37,0,0,237352875744125,237352877165166,0,0,0,237352958934444,0,0,0,0,0,0,0,"Metal command buffer completed"
generated_requested,1,3,0,0,2,37,36,37,237352875744125,237352877165166,0,0,0,237352942155628,0,0,0,0,0,0,0,"exact adjacent source pair submitted"
generated_ready,1,3,0,253,2,37,36,37,0,0,237352882092375,237352882065916,237352898676291,237352942155628,0,0,3334,0,0,0,0,"Metal status completed"
selected_source,1,3,0,253,1,36,0,0,237352842187500,237352843550708,0,237352882065916,237352898676291,237352932008291,0,0,3334,0,0,0,0,"next real endpoint in source order"
presentation_submitted,1,3,246,253,1,36,0,0,237352842187500,0,0,237352882065916,237352898676291,237352932008291,0,237352882258666,3334,0,4687395395766625273,4687395396337264661,4687395397482543460,"external CAMetalDisplayLink drawable via DXMT Presenter"
source_displayed,1,3,244,251,1,35,0,0,237352808901583,0,0,237352848808458,237352865344291,237352898676291,237352885473624,0,7917,0,4687395394623922045,4687395395191985861,4687395396337264661,"normalized presentedTime from Core Animation clock"
generated_selected,1,3,0,254,2,37,36,37,237352858965812,237352877165166,237352882092375,237352898778375,237352915342291,237352948674291,0,0,4625,0,0,0,0,"exact A/B pair ready before display deadline"
presentation_submitted,1,3,247,254,2,37,36,37,237352858965812,0,237352882092375,237352898778375,237352915342291,237352948674291,0,237352898971500,4625,0,4687395396340873876,4687395396909904060,4687395398055182860,"external CAMetalDisplayLink drawable via DXMT Presenter"
source_accepted,1,3,0,0,0,38,0,0,237352909361166,237352910782083,0,0,0,237352992565690,0,0,0,0,0,0,0,"owned history copy completed successfully"
history_copy_complete,1,3,0,0,0,38,0,0,237352909361166,237352910782083,0,0,0,237352992565690,0,0,0,0,0,0,0,"Metal command buffer completed"
generated_requested,1,3,0,0,2,38,37,38,237352909361166,237352910782083,0,0,0,237352975750067,0,0,0,0,0,0,0,"exact adjacent source pair submitted"
generated_ready,1,3,0,255,2,38,37,38,0,0,237352915474875,237352915451666,237352932008291,237352975750067,0,0,6000,0,0,0,0,"Metal status completed"
selected_source,1,3,0,255,1,37,0,0,237352875744125,237352877165166,0,237352915451666,237352932008291,237352965340291,0,0,6000,0,0,0,0,"next real endpoint in source order"
presentation_submitted,1,3,248,255,1,37,0,0,237352875744125,0,0,237352915451666,237352932008291,237352965340291,0,237352915680958,6000,0,4687395396913762384,4687395397482543460,4687395398627822259,"external CAMetalDisplayLink drawable via DXMT Presenter"
generated_selected,1,3,0,256,2,38,37,38,237352892552645,237352910782083,237352915474875,237352932161958,237352948674290,237352982006291,0,0,13417,0,0,0,0,"exact A/B pair ready before display deadline"
presentation_submitted,1,3,249,256,2,38,37,38,237352892552645,0,237352915474875,237352932161958,237352948674290,237352982006291,0,237352932757166,13417,0,4687395397487956562,4687395398055182859,4687395399200461659,"external CAMetalDisplayLink drawable via DXMT Presenter"
generated_displayed,1,3,245,252,2,36,35,36,237352825544541,0,237352848849875,237352865488625,237352882010291,237352915342291,237352932049166,0,13250,0,4687395395197076841,4687395395764625261,4687395396909904060,"normalized presentedTime from Core Animation clock"
source_accepted,1,3,0,0,0,39,0,0,237352942095500,237352943810500,0,0,0,237353025298573,0,0,0,0,0,0,0,"owned history copy completed successfully"
history_copy_complete,1,3,0,0,0,39,0,0,237352942095500,237352943810500,0,0,0,237353025298573,0,0,0,0,0,0,0,"Metal command buffer completed"
generated_requested,1,3,0,0,2,39,38,39,237352942095500,237352943810500,0,0,0,237353008932131,0,0,0,0,0,0,0,"exact adjacent source pair submitted"
generated_ready,1,3,0,257,2,39,38,39,0,0,237352948823000,237352948791166,237352965340291,237353008932131,0,0,8042,0,0,0,0,"Metal status completed"
selected_source,1,3,0,257,1,38,0,0,237352909361166,237352910782083,0,237352948791166,237352965340291,237352998672291,0,0,8042,0,0,0,0,"next real endpoint in source order"
presentation_submitted,1,3,250,257,1,38,0,0,237352909361166,0,0,237352948791166,237352965340291,237352998672291,0,237352949096291,8042,0,4687395398059307471,4687395398627822259,4687395399773101058,"external CAMetalDisplayLink drawable via DXMT Presenter"
source_displayed,1,3,246,253,1,36,0,0,237352842187500,0,0,237352882065916,237352898676291,237352932008291,237352948715583,0,3334,0,4687395395766625273,4687395396337264661,4687395397482543460,"normalized presentedTime from Core Animation clock"
generated_selected,1,3,0,258,2,39,38,39,237352925728333,237352943810500,237352948823000,237352965501541,237352982006291,237353015338291,0,0,18417,0,0,0,0,"exact A/B pair ready before display deadline"
presentation_submitted,1,3,251,258,2,39,38,39,237352925728333,0,237352948823000,237352965501541,237352982006291,237353015338291,0,237352966188708,18417,0,4687395398633511648,4687395399200461659,4687395400345740458,"external CAMetalDisplayLink drawable via DXMT Presenter"
generated_displayed,1,3,247,254,2,37,36,37,237352858965812,0,237352882092375,237352898778375,237352915342291,237352948674291,237352965382124,0,4625,0,4687395396340873876,4687395396909904060,4687395398055182860,"normalized presentedTime from Core Animation clock"
source_displayed,1,3,248,255,1,37,0,0,237352875744125,0,0,237352915451666,237352932008291,237352965340291,237352967718416,0,6000,0,4687395396913762384,4687395397482543460,4687395398627822259,"normalized presentedTime from Core Animation clock"
source_accepted,1,3,0,0,0,40,0,0,237352975436250,237352977659000,0,0,0,237353058636444,0,0,0,0,0,0,0,"owned history copy completed successfully"
history_copy_complete,1,3,0,0,0,40,0,0,237352975436250,237352977659000,0,0,0,237353058636444,0,0,0,0,0,0,0,"Metal command buffer completed"
generated_requested,1,3,0,0,2,40,39,40,237352975436250,237352977659000,0,0,0,237353041967508,0,0,0,0,0,0,0,"exact adjacent source pair submitted"
generated_displayed,1,3,249,256,2,38,37,38,237352892552645,0,237352915474875,237352932161958,237352948674290,237352982006291,237352975554749,0,13417,0,4687395397487956562,4687395398055182859,4687395399200461659,"normalized presentedTime from Core Animation clock"
generated_ready,1,3,0,259,2,40,39,40,0,0,237352982146916,237352982107291,237352998672291,237353041967508,0,0,8250,0,0,0,0,"Metal status completed"
selected_source,1,3,0,259,1,39,0,0,237352942095500,237352943810500,0,237352982107291,237352998672291,237353032004291,0,0,8250,0,0,0,0,"next real endpoint in source order"
presentation_submitted,1,3,252,259,1,39,0,0,237352942095500,0,0,237352982107291,237352998672291,237353032004291,0,237352982499291,8250,0,4687395399204052251,4687395399773101058,4687395400918379858,"external CAMetalDisplayLink drawable via DXMT Presenter"
source_displayed,1,3,250,257,1,38,0,0,237352909361166,0,0,237352948791166,237352965340291,237352998672291,237352984515916,0,8042,0,4687395398059307471,4687395398627822259,4687395399773101058,"normalized presentedTime from Core Animation clock"
generated_selected,1,3,0,260,2,40,39,40,237352958765875,237352977659000,237352982146916,237352998833166,237353015338291,237353048670291,0,0,13542,0,0,0,0,"exact A/B pair ready before display deadline"
presentation_submitted,1,3,253,260,2,40,39,40,237352958765875,0,237352982146916,237352998833166,237353015338291,237353048670291,0,237352999417625,13542,0,4687395399778768972,4687395400345740458,4687395401491019257,"external CAMetalDisplayLink drawable via DXMT Presenter"
generated_displayed,1,3,251,258,2,39,38,39,237352925728333,0,237352948823000,237352965501541,237352982006291,237353015338291,237353002415541,0,18417,0,4687395398633511648,4687395399200461659,4687395400345740458,"normalized presentedTime from Core Animation clock"
source_accepted,1,3,0,0,0,41,0,0,237353008798708,237353010685291,0,0,0,237353091998481,0,0,0,0,0,0,0,"owned history copy completed successfully"
history_copy_complete,1,3,0,0,0,41,0,0,237353008798708,237353010685291,0,0,0,237353091998481,0,0,0,0,0,0,0,"Metal command buffer completed"
generated_requested,1,3,0,0,2,41,40,41,237353008798708,237353010685291,0,0,0,237353075317462,0,0,0,0,0,0,0,"exact adjacent source pair submitted"
generated_ready,1,3,0,261,2,41,40,41,0,0,237353015565375,237353015525708,237353032004291,237353075317462,0,0,10917,0,0,0,0,"Metal status completed"
selected_source,1,3,0,261,1,40,0,0,237352975436250,237352977659000,0,237353015525708,237353032004291,237353065336291,0,0,10917,0,0,0,0,"next real endpoint in source order"
presentation_submitted,1,3,254,261,1,40,0,0,237352975436250,0,0,237353015525708,237353032004291,237353065336291,0,237353015923625,10917,0,4687395400352310315,4687395400918379858,4687395402063658657,"external CAMetalDisplayLink drawable via DXMT Presenter"
source_displayed,1,3,252,259,1,39,0,0,237352942095500,0,0,237352982107291,237352998672291,237353032004291,237353019311499,0,8250,0,4687395399204052251,4687395399773101058,4687395400918379858,"normalized presentedTime from Core Animation clock"
generated_selected,1,3,0,262,2,41,40,41,237352992117479,237353010685291,237353015565375,237353032206083,237353048670291,237353082002291,0,0,14000,0,0,0,0,"exact A/B pair ready before display deadline"
presentation_submitted,1,3,255,262,2,41,40,41,237352992117479,0,237353015565375,237353032206083,237353048670291,237353082002291,0,237353032776458,14000,0,4687395400925456521,4687395401491019257,4687395402636298057,"external CAMetalDisplayLink drawable via DXMT Presenter"
generated_displayed,1,3,253,260,2,40,39,40,237352958765875,0,237352982146916,237352998833166,237353015338291,237353048670291,237353035698833,0,13542,0,4687395399778768972,4687395400345740458,4687395401491019257,"normalized presentedTime from Core Animation clock"
source_accepted,1,3,0,0,0,42,0,0,237353042635416,237353045275000,0,0,0,237353125820299,0,0,0,0,0,0,0,"owned history copy completed successfully"
history_copy_complete,1,3,0,0,0,42,0,0,237353042635416,237353045275000,0,0,0,237353125820299,0,0,0,0,0,0,0,"Metal command buffer completed"
generated_requested,1,3,0,0,2,42,41,42,237353042635416,237353045275000,0,0,0,237353108909390,0,0,0,0,0,0,0,"exact adjacent source pair submitted"
generated_ready,1,3,0,263,2,42,41,42,0,0,237353048943958,237353048863291,237353065336291,237353108909390,0,0,31375,0,0,0,0,"Metal status completed"
selected_source,1,3,0,263,1,41,0,0,237353008798708,237353010685291,0,237353048863291,237353065336291,237353098668291,0,0,31375,0,0,0,0,"next real endpoint in source order"
presentation_submitted,1,3,256,263,1,41,0,0,237353008798708,0,0,237353048863291,237353065336291,237353098668291,0,237353049401541,31375,0,4687395401498385126,4687395402063658657,4687395403208937456,"external CAMetalDisplayLink drawable via DXMT Presenter"
source_displayed,1,3,254,261,1,40,0,0,237352975436250,0,0,237353015525708,237353032004291,237353065336291,237353054300791,0,10917,0,4687395400352310315,4687395400918379858,4687395402063658657,"normalized presentedTime from Core Animation clock"
generated_selected,1,3,0,264,2,42,41,42,237353025717062,237353045275000,237353048943958,237353065511666,237353082002291,237353115334291,0,0,15042,0,0,0,0,"exact A/B pair ready before display deadline"
presentation_submitted,1,3,257,264,2,42,41,42,237353025717062,0,237353048943958,237353065511666,237353082002291,237353115334291,0,237353066277333,15042,0,4687395402069850557,4687395402636298057,4687395403781576856,"external CAMetalDisplayLink drawable via DXMT Presenter"
generated_displayed,1,3,255,262,2,41,40,41,237352992117479,0,237353015565375,237353032206083,237353048670291,237353082002291,237353069957708,0,14000,0,4687395400925456521,4687395401491019257,4687395402636298057,"normalized presentedTime from Core Animation clock"
source_accepted,1,3,0,0,0,43,0,0,237353075486583,237353077885875,0,0,0,237353158662758,0,0,0,0,0,0,0,"owned history copy completed successfully"
history_copy_complete,1,3,0,0,0,43,0,0,237353075486583,237353077885875,0,0,0,237353158662758,0,0,0,0,0,0,0,"Metal command buffer completed"
generated_requested,1,3,0,0,2,43,42,43,237353075486583,237353077885875,0,0,0,237353142241528,0,0,0,0,0,0,0,"exact adjacent source pair submitted"
generated_ready,1,3,0,265,2,43,42,43,0,0,237353083614750,237353083544875,237353098668291,237353142241528,0,0,13875,0,0,0,0,"Metal status completed"
selected_source,1,3,0,265,1,42,0,0,237353042635416,237353045275000,0,237353083544875,237353098668291,237353132000291,0,0,13875,0,0,0,0,"next real endpoint in source order"
presentation_submitted,1,3,258,265,1,42,0,0,237353042635416,0,0,237353083544875,237353098668291,237353132000291,0,237353084109916,13875,0,4687395402689443982,4687395403208937456,4687395404354216256,"external CAMetalDisplayLink drawable via DXMT Presenter"
generated_selected,1,3,0,266,2,43,42,43,237353059060999,237353077885875,237353083614750,237353098837916,237353115334291,237353148666291,0,0,15250,0,0,0,0,"exact A/B pair ready before display deadline"
presentation_submitted,1,3,259,266,2,43,42,43,237353059060999,0,237353083614750,237353098837916,237353115334291,237353148666291,0,237353099440250,15250,0,4687395403214903166,4687395403781576856,4687395404926855655,"external CAMetalDisplayLink drawable via DXMT Presenter"
source_displayed,1,3,256,263,1,41,0,0,237353008798708,0,0,237353048863291,237353065336291,237353098668291,237353098713999,0,31375,0,4687395401498385126,4687395402063658657,4687395403208937456,"normalized presentedTime from Core Animation clock"
source_accepted,1,3,0,0,0,44,0,0,237353108901833,237353111058208,0,0,0,237353191924449,0,0,0,0,0,0,0,"owned history copy completed successfully"
history_copy_complete,1,3,0,0,0,44,0,0,237353108901833,237353111058208,0,0,0,237353191924449,0,0,0,0,0,0,0,"Metal command buffer completed"
generated_requested,1,3,0,0,2,44,43,44,237353108901833,237353111058208,0,0,0,237353175293603,0,0,0,0,0,0,0,"exact adjacent source pair submitted"
generated_ready,1,3,0,267,2,44,43,44,0,0,237353115596375,237353115544958,237353132000291,237353175293603,0,0,18500,0,0,0,0,"Metal status completed"
selected_source,1,3,0,267,1,43,0,0,237353075486583,237353077885875,0,237353115544958,237353132000291,237353165332291,0,0,18500,0,0,0,0,"next real endpoint in source order"
presentation_submitted,1,3,260,267,1,43,0,0,237353075486583,0,0,237353115544958,237353132000291,237353165332291,0,237353116017375,18500,0,4687395403788936987,4687395404354216256,4687395405499495055,"external CAMetalDisplayLink drawable via DXMT Presenter"
generated_displayed,1,3,257,264,2,42,41,42,237353025717062,0,237353048943958,237353065511666,237353082002291,237353115334291,237353117632916,0,15042,0,4687395402069850557,4687395402636298057,4687395403781576856,"normalized presentedTime from Core Animation clock"
source_displayed,1,3,258,265,1,42,0,0,237353042635416,0,0,237353083544875,237353098668291,237353132000291,237353126137708,0,13875,0,4687395402689443982,4687395403208937456,4687395404354216256,"normalized presentedTime from Core Animation clock"
generated_selected,1,3,0,268,2,44,43,44,237353092194208,237353111058208,237353115596375,237353132144875,237353148666291,237353181998291,0,0,13875,0,0,0,0,"exact A/B pair ready before display deadline"
presentation_submitted,1,3,261,268,2,44,43,44,237353092194208,0,237353115596375,237353132144875,237353148666291,237353181998291,0,237353132923791,13875,0,4687395404359358774,4687395404926855655,4687395406072134455,"external CAMetalDisplayLink drawable via DXMT Presenter"
generated_displayed,1,3,259,266,2,43,42,43,237353059060999,0,237353083614750,237353098837916,237353115334291,237353148666291,237353135763749,0,15250,0,4687395403214903166,4687395403781576856,4687395404926855655,"normalized presentedTime from Core Animation clock"
source_accepted,1,3,0,0,0,45,0,0,237353142097208,237353144057375,0,0,0,237353225151064,0,0,0,0,0,0,0,"owned history copy completed successfully"
history_copy_complete,1,3,0,0,0,45,0,0,237353142097208,237353144057375,0,0,0,237353225151064,0,0,0,0,0,0,0,"Metal command buffer completed"
generated_requested,1,3,0,0,2,45,44,45,237353142097208,237353144057375,0,0,0,237353208537756,0,0,0,0,0,0,0,"exact adjacent source pair submitted"
generated_ready,1,3,0,269,2,45,44,45,0,0,237353148956125,237353148842625,237353165332291,237353208537756,0,0,13416,0,0,0,0,"Metal status completed"
selected_source,1,3,0,269,1,44,0,0,237353108901833,237353111058208,0,237353148842625,237353165332291,237353198664291,0,0,13416,0,0,0,0,"next real endpoint in source order"
presentation_submitted,1,3,262,269,1,44,0,0,237353108901833,0,0,237353148842625,237353165332291,237353198664291,0,237353149426791,13416,0,4687395404933044703,4687395405499495055,4687395406644773854,"external CAMetalDisplayLink drawable via DXMT Presenter"
source_displayed,1,3,260,267,1,43,0,0,237353075486583,0,0,237353115544958,237353132000291,237353165332291,237353152233333,0,18500,0,4687395403788936987,4687395404354216256,4687395405499495055,"normalized presentedTime from Core Animation clock"
generated_selected,1,3,0,270,2,45,44,45,237353125499520,237353144057375,237353148956125,237353165491250,237353181998291,237353215330291,0,0,12000,0,0,0,0,"exact A/B pair ready before display deadline"
presentation_submitted,1,3,263,270,2,45,44,45,237353125499520,0,237353148956125,237353165491250,237353181998291,237353215330291,0,237353165914916,12000,0,4687395405505079955,4687395406072134454,4687395407217413254,"external CAMetalDisplayLink drawable via DXMT Presenter"
generated_displayed,1,3,261,268,2,44,43,44,237353092194208,0,237353115596375,237353132144875,237353148666291,237353181998291,237353168183499,0,13875,0,4687395404359358774,4687395404926855655,4687395406072134455,"normalized presentedTime from Core Animation clock"
source_accepted,1,3,0,0,0,46,0,0,237353175449875,237353177369791,0,0,0,237353258529607,0,0,0,0,0,0,0,"owned history copy completed successfully"
history_copy_complete,1,3,0,0,0,46,0,0,237353175449875,237353177369791,0,0,0,237353258529607,0,0,0,0,0,0,0,"Metal command buffer completed"
generated_requested,1,3,0,0,2,46,45,46,237353175449875,237353177369791,0,0,0,237353241840335,0,0,0,0,0,0,0,"exact adjacent source pair submitted"
generated_ready,1,3,0,271,2,46,45,46,0,0,237353182163083,237353182134916,237353198664291,237353241840335,0,0,6375,0,0,0,0,"Metal status completed"
selected_source,1,3,0,271,1,45,0,0,237353142097208,237353144057375,0,237353182134916,237353198664291,237353231996291,0,0,6375,0,0,0,0,"next real endpoint in source order"
presentation_submitted,1,3,264,271,1,45,0,0,237353142097208,0,0,237353182134916,237353198664291,237353231996291,0,237353182395875,6375,0,4687395406076933376,4687395406644773854,4687395407790052653,"external CAMetalDisplayLink drawable via DXMT Presenter"
source_displayed,1,3,262,269,1,44,0,0,237353108901833,0,0,237353148842625,237353165332291,237353198664291,237353185136333,0,13416,0,4687395404933044703,4687395405499495055,4687395406644773854,"normalized presentedTime from Core Animation clock"
generated_selected,1,3,0,272,2,46,45,46,237353158773541,237353177369791,237353182163083,237353198782583,237353215330291,237353248662291,0,0,9292,0,0,0,0,"exact A/B pair ready before display deadline"
presentation_submitted,1,3,265,272,2,46,45,46,237353158773541,0,237353182163083,237353198782583,237353215330291,237353248662291,0,237353199169750,9292,0,4687395406648970037,4687395407217413254,4687395408362692053,"external CAMetalDisplayLink drawable via DXMT Presenter"
generated_displayed,1,3,263,270,2,45,44,45,237353125499520,0,237353148956125,237353165491250,237353181998291,237353215330291,237353201464999,0,12000,0,4687395405505079955,4687395406072134454,4687395407217413254,"normalized presentedTime from Core Animation clock"
source_accepted,1,3,0,0,0,47,0,0,237353208775625,237353210693000,0,0,0,237353291884596,0,0,0,0,0,0,0,"owned history copy completed successfully"
history_copy_complete,1,3,0,0,0,47,0,0,237353208775625,237353210693000,0,0,0,237353291884596,0,0,0,0,0,0,0,"Metal command buffer completed"
generated_requested,1,3,0,0,2,47,46,47,237353208775625,237353210693000,0,0,0,237353275207101,0,0,0,0,0,0,0,"exact adjacent source pair submitted"
generated_ready,1,3,0,273,2,47,46,47,0,0,237353215507791,237353215479291,237353231996291,237353275207101,0,0,6917,0,0,0,0,"Metal status completed"
selected_source,1,3,0,273,1,46,0,0,237353175449875,237353177369791,0,237353215479291,237353231996291,237353265328291,0,0,6917,0,0,0,0,"next real endpoint in source order"
presentation_submitted,1,3,266,273,1,46,0,0,237353175449875,0,0,237353215479291,237353231996291,237353265328291,0,237353215777583,6917,0,4687395407222640229,4687395407790052653,4687395408935331453,"external CAMetalDisplayLink drawable via DXMT Presenter"
generated_selected,1,3,0,274,2,47,46,47,237353192112750,237353210693000,237353215507791,237353232181916,237353248662291,237353281994291,0,0,15417,0,0,0,0,"exact A/B pair ready before display deadline"
presentation_submitted,1,3,267,274,2,47,46,47,237353192112750,0,237353215507791,237353232181916,237353248662291,237353281994291,0,237353232673750,15417,0,4687395407796562381,4687395408362692053,4687395409507970852,"external CAMetalDisplayLink drawable via DXMT Presenter"
source_accepted,1,3,0,0,0,48,0,0,237353242471541,237353244258500,0,0,0,237353325593127,0,0,0,0,0,0,0,"owned history copy completed successfully"
history_copy_complete,1,3,0,0,0,48,0,0,237353242471541,237353244258500,0,0,0,237353325593127,0,0,0,0,0,0,0,"Metal command buffer completed"
generated_requested,1,3,0,0,2,48,47,48,237353242471541,237353244258500,0,0,0,237353308738861,0,0,0,0,0,0,0,"exact adjacent source pair submitted"
source_displayed,1,3,264,271,1,45,0,0,237353142097208,0,0,237353182134916,237353198664291,237353231996291,237353248712291,0,6375,0,4687395406076933376,4687395406644773854,4687395407790052653,"normalized presentedTime from Core Animation clock"
generated_ready,1,3,0,275,2,48,47,48,0,0,237353253404708,237353253190833,237353265328291,237353308738861,0,0,8208,0,0,0,0,"Metal status completed"
selected_source,1,3,0,275,1,47,0,0,237353208775625,237353210693000,0,237353253190833,237353265328291,237353298660291,0,0,8208,0,0,0,0,"next real endpoint in source order"
presentation_submitted,1,3,268,275,1,47,0,0,237353208775625,0,0,237353253190833,237353265328291,237353298660291,0,237353254028750,8208,0,4687395408518408944,4687395408935331453,4687395410080610252,"external CAMetalDisplayLink drawable via DXMT Presenter"
generated_selected,1,3,0,276,2,48,47,48,237353225623583,237353244258500,237353253404708,237353265514875,237353281994291,237353315326291,0,0,13625,0,0,0,0,"exact A/B pair ready before display deadline"
presentation_submitted,1,3,269,276,2,48,47,48,237353225623583,0,237353253404708,237353265514875,237353281994291,237353315326291,0,237353265976625,13625,0,4687395408941868393,4687395409507970852,4687395410653249652,"external CAMetalDisplayLink drawable via DXMT Presenter"
presentation_dropped,1,3,265,272,2,46,45,46,237353158773541,0,237353182163083,237353198782583,237353215330291,237353248662291,0,0,9292,0,4687395406648970037,4687395407217413254,4687395408362692053,"Metal drawable presentedTime=0; associated frame was dropped or not presented"
source_displayed,1,3,266,273,1,46,0,0,237353175449875,0,0,237353215479291,237353231996291,237353265328291,237353267124874,0,6917,0,4687395407222640229,4687395407790052653,4687395408935331453,"normalized presentedTime from Core Animation clock"
source_accepted,1,3,0,0,0,49,0,0,237353275606375,237353277071833,0,0,0,237353358258487,0,0,0,0,0,0,0,"owned history copy completed successfully"
history_copy_complete,1,3,0,0,0,49,0,0,237353275606375,237353277071833,0,0,0,237353358258487,0,0,0,0,0,0,0,"Metal command buffer completed"
generated_requested,1,3,0,0,2,49,48,49,237353275606375,237353277071833,0,0,0,237353341925807,0,0,0,0,0,0,0,"exact adjacent source pair submitted"
generated_displayed,1,3,267,274,2,47,46,47,237353192112750,0,237353215507791,237353232181916,237353248662291,237353281994291,237353274059249,0,15417,0,4687395407796562381,4687395408362692053,4687395409507970852,"normalized presentedTime from Core Animation clock"
generated_ready,1,3,0,277,2,49,48,49,0,0,237353282186875,237353282125500,237353298660291,237353341925807,0,0,8541,0,0,0,0,"Metal status completed"
selected_source,1,3,0,277,1,48,0,0,237353242471541,237353244258500,0,237353282125500,237353298660291,237353331992291,0,0,8541,0,0,0,0,"next real endpoint in source order"
presentation_submitted,1,3,270,277,1,48,0,0,237353242471541,0,0,237353282125500,237353298660291,237353331992291,0,237353282447458,8541,0,4687395409512597975,4687395410080610252,4687395411225889051,"external CAMetalDisplayLink drawable via DXMT Presenter"
source_displayed,1,3,268,275,1,47,0,0,237353208775625,0,0,237353253190833,237353265328291,237353298660291,237353284915958,0,8208,0,4687395408518408944,4687395408935331453,4687395410080610252,"normalized presentedTime from Core Animation clock"
generated_selected,1,3,0,278,2,49,48,49,237353259038958,237353277071833,237353282186875,237353298765875,237353315326291,237353348658291,0,0,10500,0,0,0,0,"exact A/B pair ready before display deadline"
presentation_submitted,1,3,271,278,2,49,48,49,237353259038958,0,237353282186875,237353298765875,237353315326291,237353348658291,0,237353298987333,10500,0,4687395410084356907,4687395410653249652,4687395411798528451,"external CAMetalDisplayLink drawable via DXMT Presenter"
source_accepted,1,3,0,0,0,50,0,0,237353308755166,237353310121000,0,0,0,237353391538921,0,0,0,0,0,0,0,"owned history copy completed successfully"
history_copy_complete,1,3,0,0,0,50,0,0,237353308755166,237353310121000,0,0,0,237353391538921,0,0,0,0,0,0,0,"Metal command buffer completed"
generated_requested,1,3,0,0,2,50,49,50,237353308755166,237353310121000,0,0,0,237353374898704,0,0,0,0,0,0,0,"exact adjacent source pair submitted"
generated_displayed,1,3,269,276,2,48,47,48,237353225623583,0,237353253404708,237353265514875,237353281994291,237353315326291,237353307995291,0,13625,0,4687395408941868393,4687395409507970852,4687395410653249652,"normalized presentedTime from Core Animation clock"
generated_ready,1,3,0,279,2,50,49,50,0,0,237353315553833,237353315501291,237353331992291,237353374898704,0,0,21250,0,0,0,0,"Metal status completed"
selected_source,1,3,0,279,1,49,0,0,237353275606375,237353277071833,0,237353315501291,237353331992291,237353365324291,0,0,21250,0,0,0,0,"next real endpoint in source order"
presentation_submitted,1,3,272,279,1,49,0,0,237353275606375,0,0,237353315501291,237353331992291,237353365324291,0,237353316128500,21250,0,4687395410659657743,4687395411225889051,4687395412371167851,"external CAMetalDisplayLink drawable via DXMT Presenter"
source_displayed,1,3,270,277,1,48,0,0,237353242471541,0,0,237353282125500,237353298660291,237353331992291,237353321955083,0,8541,0,4687395409512597975,4687395410080610252,4687395411225889051,"normalized presentedTime from Core Animation clock"
generated_selected,1,3,0,280,2,50,49,50,237353292180770,237353310121000,237353315553833,237353332137791,237353348658291,237353381990291,0,0,8625,0,0,0,0,"exact A/B pair ready before display deadline"
presentation_submitted,1,3,273,280,2,50,49,50,237353292180770,0,237353315553833,237353332137791,237353348658291,237353381990291,0,237353332493958,8625,0,4687395411231011504,4687395411798528451,4687395412943807250,"external CAMetalDisplayLink drawable via DXMT Presenter"
generated_displayed,1,3,271,278,2,49,48,49,237353259038958,0,237353282186875,237353298765875,237353315326291,237353348658291,237353335071958,0,10500,0,4687395410084356907,4687395410653249652,4687395411798528451,"normalized presentedTime from Core Animation clock"
source_accepted,1,3,0,0,0,51,0,0,237353342085541,237353343504500,0,0,0,237353424960306,0,0,0,0,0,0,0,"owned history copy completed successfully"
history_copy_complete,1,3,0,0,0,51,0,0,237353342085541,237353343504500,0,0,0,237353424960306,0,0,0,0,0,0,0,"Metal command buffer completed"
generated_requested,1,3,0,0,2,51,50,51,237353342085541,237353343504500,0,0,0,237353408249613,0,0,0,0,0,0,0,"exact adjacent source pair submitted"
generated_ready,1,3,0,281,2,51,50,51,0,0,237353348823875,237353348790833,237353365324291,237353408249613,0,0,8583,0,0,0,0,"Metal status completed"
selected_source,1,3,0,281,1,50,0,0,237353308755166,237353310121000,0,237353348790833,237353365324291,237353398656291,0,0,8583,0,0,0,0,"next real endpoint in source order"
presentation_submitted,1,3,274,281,1,50,0,0,237353308755166,0,0,237353348790833,237353365324291,237353398656291,0,237353349117875,8583,0,4687395411803191342,4687395412371167851,4687395413516446650,"external CAMetalDisplayLink drawable via DXMT Presenter"
source_displayed,1,3,272,279,1,49,0,0,237353275606375,0,0,237353315501291,237353331992291,237353365324291,237353352375791,0,21250,0,4687395410659657743,4687395411225889051,4687395412371167851,"normalized presentedTime from Core Animation clock"
generated_selected,1,3,0,282,2,51,50,51,237353325420353,237353343504500,237353348823875,237353365450416,237353381990291,237353415322291,0,0,11000,0,0,0,0,"exact A/B pair ready before display deadline"
presentation_submitted,1,3,275,282,2,51,50,51,237353325420353,0,237353348823875,237353365450416,237353381990291,237353415322291,0,237353365902791,11000,0,4687395412375633173,4687395412943807250,4687395414089086050,"external CAMetalDisplayLink drawable via DXMT Presenter"
generated_displayed,1,3,273,280,2,50,49,50,237353292180770,0,237353315553833,237353332137791,237353348658291,237353381990291,237353368831708,0,8625,0,4687395411231011504,4687395411798528451,4687395412943807250,"normalized presentedTime from Core Animation clock"
source_accepted,1,3,0,0,0,52,0,0,237353375639958,237353377576916,0,0,0,237353458591468,0,0,0,0,0,0,0,"owned history copy completed successfully"
history_copy_complete,1,3,0,0,0,52,0,0,237353375639958,237353377576916,0,0,0,237353458591468,0,0,0,0,0,0,0,"Metal command buffer completed"
generated_requested,1,3,0,0,2,52,51,52,237353375639958,237353377576916,0,0,0,237353441775887,0,0,0,0,0,0,0,"exact adjacent source pair submitted"
generated_ready,1,3,0,283,2,52,51,52,0,0,237353382183333,237353382143916,237353398656291,237353441775887,0,0,9500,0,0,0,0,"Metal status completed"
selected_source,1,3,0,283,1,51,0,0,237353342085541,237353343504500,0,237353382143916,237353398656291,237353431988291,0,0,9500,0,0,0,0,"next real endpoint in source order"
presentation_submitted,1,3,276,283,1,51,0,0,237353342085541,0,0,237353382143916,237353398656291,237353431988291,0,237353382725166,9500,0,4687395412949198877,4687395413516446650,4687395414661725449,"external CAMetalDisplayLink drawable via DXMT Presenter"
source_displayed,1,3,274,281,1,50,0,0,237353308755166,0,0,237353348790833,237353365324291,237353398656291,237353385936041,0,8583,0,4687395411803191342,4687395412371167851,4687395413516446650,"normalized presentedTime from Core Animation clock"
generated_selected,1,3,0,284,2,52,51,52,237353358862749,237353377576916,237353382183333,237353398836166,237353415322291,237353448654291,0,0,11500,0,0,0,0,"exact A/B pair ready before display deadline"
presentation_submitted,1,3,277,284,2,52,51,52,237353358862749,0,237353382183333,237353398836166,237353415322291,237353448654291,0,237353399352333,11500,0,4687395413522750219,4687395414089086049,4687395415234364849,"external CAMetalDisplayLink drawable via DXMT Presenter"
generated_displayed,1,3,275,282,2,51,50,51,237353325420353,0,237353348823875,237353365450416,237353381990291,237353415322291,237353402884124,0,11000,0,4687395412375633173,4687395412943807250,4687395414089086050,"normalized presentedTime from Core Animation clock"
source_accepted,1,3,0,0,0,53,0,0,237353409582541,237353411974958,0,0,0,237353492583784,0,0,0,0,0,0,0,"owned history copy completed successfully"
history_copy_complete,1,3,0,0,0,53,0,0,237353409582541,237353411974958,0,0,0,237353492583784,0,0,0,0,0,0,0,"Metal command buffer completed"
generated_requested,1,3,0,0,2,53,52,53,237353409582541,237353411974958,0,0,0,237353475587626,0,0,0,0,0,0,0,"exact adjacent source pair submitted"
generated_ready,1,3,0,285,2,53,52,53,0,0,237353415529125,237353415485708,237353431988291,237353475587626,0,0,9708,0,0,0,0,"Metal status completed"
selected_source,1,3,0,285,1,52,0,0,237353375639958,237353377576916,0,237353415485708,237353431988291,237353465320291,0,0,9708,0,0,0,0,"next real endpoint in source order"
presentation_submitted,1,3,278,285,1,52,0,0,237353375639958,0,0,237353415485708,237353431988291,237353465320291,0,237353415854291,9708,0,4687395414094811241,4687395414661725449,4687395415807004248,"external CAMetalDisplayLink drawable via DXMT Presenter"
generated_selected,1,3,0,286,2,53,52,53,237353392611249,237353411974958,237353415529125,237353432167083,237353448654291,237353481986291,0,0,13042,0,0,0,0,"exact A/B pair ready before display deadline"
presentation_submitted,1,3,279,286,2,53,52,53,237353392611249,0,237353415529125,237353432167083,237353448654291,237353481986291,0,237353432720208,13042,0,4687395414667988954,4687395415234364849,4687395416379643648,"external CAMetalDisplayLink drawable via DXMT Presenter"
source_accepted,1,3,0,0,0,54,0,0,237353442146083,237353444696041,0,0,0,237353525184468,0,0,0,0,0,0,0,"owned history copy completed successfully"
history_copy_complete,1,3,0,0,0,54,0,0,237353442146083,237353444696041,0,0,0,237353525184468,0,0,0,0,0,0,0,"Metal command buffer completed"
generated_requested,1,3,0,0,2,54,53,54,237353442146083,237353444696041,0,0,0,237353508884126,0,0,0,0,0,0,0,"exact adjacent source pair submitted"
generated_ready,1,3,0,287,2,54,53,54,0,0,237353449006708,237353448866958,237353465320291,237353508884126,0,0,27542,0,0,0,0,"Metal status completed"
selected_source,1,3,0,287,1,53,0,0,237353409582541,237353411974958,0,237353448866958,237353465320291,237353498652291,0,0,27542,0,0,0,0,"next real endpoint in source order"
presentation_submitted,1,3,280,287,1,53,0,0,237353409582541,0,0,237353448866958,237353465320291,237353498652291,0,237353449418916,27542,0,4687395415241792290,4687395415807004248,4687395416952283048,"external CAMetalDisplayLink drawable via DXMT Presenter"
source_displayed,1,3,276,283,1,51,0,0,237353342085541,0,0,237353382143916,237353398656291,237353431988291,237353448710041,0,9500,0,4687395412949198877,4687395413516446650,4687395414661725449,"normalized presentedTime from Core Animation clock"
generated_selected,1,3,0,288,2,54,53,54,237353425864312,237353444696041,237353449006708,237353465513041,237353481986291,237353515318291,0,0,35834,0,0,0,0,"exact A/B pair ready before display deadline"
presentation_submitted,1,3,281,288,2,54,53,54,237353425864312,0,237353449006708,237353465513041,237353481986291,237353515318291,0,237353466162166,35834,0,4687395415813755937,4687395416379643648,4687395417524922447,"external CAMetalDisplayLink drawable via DXMT Presenter"
generated_displayed,1,3,277,284,2,52,51,52,237353358862749,0,237353382183333,237353398836166,237353415322291,237353448654291,237353465376541,0,11500,0,4687395413522750219,4687395414089086049,4687395415234364849,"normalized presentedTime from Core Animation clock"
source_accepted,1,3,0,0,0,55,0,0,237353475441333,237353478881916,0,0,0,237353558501023,0,0,0,0,0,0,0,"owned history copy completed successfully"
history_copy_complete,1,3,0,0,0,55,0,0,237353475441333,237353478881916,0,0,0,237353558501023,0,0,0,0,0,0,0,"Metal command buffer completed"
generated_requested,1,3,0,0,2,55,54,55,237353475441333,237353478881916,0,0,0,237353541842745,0,0,0,0,0,0,0,"exact adjacent source pair submitted"
generated_ready,1,3,0,289,2,55,54,55,0,0,237353482283083,237353482229791,237353498652291,237353541842745,0,0,16542,0,0,0,0,"Metal status completed"
selected_source,1,3,0,289,1,54,0,0,237353442146083,237353444696041,0,237353482229791,237353498652291,237353531984291,0,0,16542,0,0,0,0,"next real endpoint in source order"
presentation_submitted,1,3,282,289,1,54,0,0,237353442146083,0,0,237353482229791,237353498652291,237353531984291,0,237353482770125,16542,0,4687395416388131946,4687395416952283048,4687395418097561847,"external CAMetalDisplayLink drawable via DXMT Presenter"
source_displayed,1,3,278,285,1,52,0,0,237353375639958,0,0,237353415485708,237353431988291,237353465320291,237353482042958,0,9708,0,4687395414094811241,4687395414661725449,4687395415807004248,"normalized presentedTime from Core Animation clock"
generated_displayed,1,3,279,286,2,53,52,53,237353392611249,0,237353415529125,237353432167083,237353448654291,237353481986291,237353483966374,0,13042,0,4687395414667988954,4687395415234364849,4687395416379643648,"normalized presentedTime from Core Animation clock"
generated_selected,1,3,0,290,2,55,54,55,237353458793708,237353478881916,237353482283083,237353498942625,237353515318291,237353548650291,0,0,24208,0,0,0,0,"exact A/B pair ready before display deadline"
presentation_submitted,1,3,283,290,2,55,54,55,237353458793708,0,237353482283083,237353498942625,237353515318291,237353548650291,0,237353500122333,24208,0,4687395416962429203,4687395417524922447,4687395418670201247,"external CAMetalDisplayLink drawable via DXMT Presenter"
source_displayed,1,3,280,287,1,53,0,0,237353409582541,0,0,237353448866958,237353465320291,237353498652291,237353491771999,0,27542,0,4687395415241792290,4687395415807004248,4687395416952283048,"normalized presentedTime from Core Animation clock"
source_accepted,1,3,0,0,0,56,0,0,237353508807583,237353511104708,0,0,0,237353591868014,0,0,0,0,0,0,0,"owned history copy completed successfully"
history_copy_complete,1,3,0,0,0,56,0,0,237353508807583,237353511104708,0,0,0,237353591868014,0,0,0,0,0,0,0,"Metal command buffer completed"
generated_requested,1,3,0,0,2,56,55,56,237353508807583,237353511104708,0,0,0,237353575184518,0,0,0,0,0,0,0,"exact adjacent source pair submitted"
generated_ready,1,3,0,291,2,56,55,56,0,0,237353517179250,237353517111666,237353531984291,237353575184518,0,0,18584,0,0,0,0,"Metal status completed"
selected_source,1,3,0,291,1,55,0,0,237353475441333,237353478881916,0,237353517111666,237353531984291,237353565316291,0,0,18584,0,0,0,0,"next real endpoint in source order"
presentation_submitted,1,3,284,291,1,55,0,0,237353475441333,0,0,237353517111666,237353531984291,237353565316291,0,237353517732583,18584,0,4687395417586688372,4687395418097561847,4687395419242840646,"external CAMetalDisplayLink drawable via DXMT Presenter"
presentation_dropped,1,3,281,288,2,54,53,54,237353425864312,0,237353449006708,237353465513041,237353481986291,237353515318291,0,0,35834,0,4687395415813755937,4687395416379643648,4687395417524922447,"Metal drawable presentedTime=0; associated frame was dropped or not presented"
source_displayed,1,3,282,289,1,54,0,0,237353442146083,0,0,237353482229791,237353498652291,237353531984291,237353520845458,0,16542,0,4687395416388131946,4687395416952283048,4687395418097561847,"normalized presentedTime from Core Animation clock"
generated_selected,1,3,0,292,2,56,55,56,237353492124458,237353511104708,237353517179250,237353532182250,237353548650291,237353581982291,0,0,18500,0,0,0,0,"exact A/B pair ready before display deadline"
presentation_submitted,1,3,285,292,2,56,55,56,237353492124458,0,237353517179250,237353532182250,237353548650291,237353581982291,0,237353532877125,18500,0,4687395418104532579,4687395418670201247,4687395419815480046,"external CAMetalDisplayLink drawable via DXMT Presenter"
generated_displayed,1,3,283,290,2,55,54,55,237353458793708,0,237353482283083,237353498942625,237353515318291,237353548650291,237353537102041,0,24208,0,4687395416962429203,4687395417524922447,4687395418670201247,"normalized presentedTime from Core Animation clock"
source_accepted,1,3,0,0,0,57,0,0,237353542245125,237353545205458,0,0,0,237353625148152,0,0,0,0,0,0,0,"owned history copy completed successfully"
history_copy_complete,1,3,0,0,0,57,0,0,237353542245125,237353545205458,0,0,0,237353625148152,0,0,0,0,0,0,0,"Metal command buffer completed"
generated_requested,1,3,0,0,2,57,56,57,237353542245125,237353545205458,0,0,0,237353608508083,0,0,0,0,0,0,0,"exact adjacent source pair submitted"
generated_ready,1,3,0,293,2,57,56,57,0,0,237353548959583,237353548912125,237353565316291,237353608508083,0,0,12125,0,0,0,0,"Metal status completed"
selected_source,1,3,0,293,1,56,0,0,237353508807583,237353511104708,0,237353548912125,237353565316291,237353598648291,0,0,12125,0,0,0,0,"next real endpoint in source order"
presentation_submitted,1,3,286,293,1,56,0,0,237353508807583,0,0,237353548912125,237353565316291,237353598648291,0,237353549447541,12125,0,4687395418679320905,4687395419242840646,4687395420388119446,"external CAMetalDisplayLink drawable via DXMT Presenter"
source_displayed,1,3,284,291,1,55,0,0,237353475441333,0,0,237353517111666,237353531984291,237353565316291,237353554258708,0,18584,0,4687395417586688372,4687395418097561847,4687395419242840646,"normalized presentedTime from Core Animation clock"
generated_selected,1,3,0,294,2,57,56,57,237353525526354,237353545205458,237353548959583,237353565579208,237353581982291,237353615314291,0,0,22750,0,0,0,0,"exact A/B pair ready before display deadline"
presentation_submitted,1,3,287,294,2,57,56,57,237353525526354,0,237353548959583,237353565579208,237353581982291,237353615314291,0,237353566344666,22750,0,4687395419252053351,4687395419815480046,4687395420960758845,"external CAMetalDisplayLink drawable via DXMT Presenter"
generated_displayed,1,3,285,292,2,56,55,56,237353492124458,0,237353517179250,237353532182250,237353548650291,237353581982291,237353570642958,0,18500,0,4687395418104532579,4687395418670201247,4687395419815480046,"normalized presentedTime from Core Animation clock"
source_accepted,1,3,0,0,0,58,0,0,237353576602583,237353579404916,0,0,0,237353659544491,0,0,0,0,0,0,0,"owned history copy completed successfully"
history_copy_complete,1,3,0,0,0,58,0,0,237353576602583,237353579404916,0,0,0,237353659544491,0,0,0,0,0,0,0,"Metal command buffer completed"
generated_requested,1,3,0,0,2,58,57,58,237353576602583,237353579404916,0,0,0,237353642346321,0,0,0,0,0,0,0,"exact adjacent source pair submitted"
generated_ready,1,3,0,295,2,58,57,58,0,0,237353582315000,237353582254333,237353598648290,237353642346321,0,0,19458,0,0,0,0,"Metal status completed"
selected_source,1,3,0,295,1,57,0,0,237353542245125,237353545205458,0,237353582254333,237353598648290,237353631980291,0,0,19458,0,0,0,0,"next real endpoint in source order"
presentation_submitted,1,3,288,295,1,57,0,0,237353542245125,0,0,237353582254333,237353598648290,237353631980291,0,237353583078333,19458,0,4687395419824970480,4687395420388119445,4687395421533398245,"external CAMetalDisplayLink drawable via DXMT Presenter"
source_displayed,1,3,286,293,1,56,0,0,237353508807583,0,0,237353548912125,237353565316291,237353598648291,237353587564166,0,12125,0,4687395418679320905,4687395419242840646,4687395420388119446,"normalized presentedTime from Core Animation clock"
generated_selected,1,3,0,296,2,58,57,58,237353559423854,237353579404916,237353582315000,237353598920000,237353615314291,237353648646291,0,0,23916,0,0,0,0,"exact A/B pair ready before display deadline"
presentation_submitted,1,3,289,296,2,58,57,58,237353559423854,0,237353582315000,237353598920000,237353615314291,237353648646291,0,237353599716125,23916,0,4687395420397617061,4687395420960758845,4687395422106037644,"external CAMetalDisplayLink drawable via DXMT Presenter"
source_accepted,1,3,0,0,0,59,0,0,237353609742083,237353611441166,0,0,0,237353692711543,0,0,0,0,0,0,0,"owned history copy completed successfully"
history_copy_complete,1,3,0,0,0,59,0,0,237353609742083,237353611441166,0,0,0,237353692711543,0,0,0,0,0,0,0,"Metal command buffer completed"
generated_requested,1,3,0,0,2,59,58,59,237353609742083,237353611441166,0,0,0,237353676128017,0,0,0,0,0,0,0,"exact adjacent source pair submitted"
generated_ready,1,3,0,297,2,59,58,59,0,0,237353615473125,237353615445500,237353631980291,237353676128017,0,0,8416,0,0,0,0,"Metal status completed"
selected_source,1,3,0,297,1,58,0,0,237353576602583,237353579404916,0,237353615445500,237353631980291,237353665312291,0,0,8416,0,0,0,0,"next real endpoint in source order"
presentation_submitted,1,3,290,297,1,58,0,0,237353576602583,0,0,237353615445500,237353631980291,237353665312291,0,237353615752583,8416,0,4687395420965377378,4687395421533398245,4687395422678677044,"external CAMetalDisplayLink drawable via DXMT Presenter"
generated_displayed,1,3,287,294,2,57,56,57,237353525526354,0,237353548959583,237353565579208,237353581982291,237353615314291,237353615374833,0,22750,0,4687395419252053351,4687395419815480046,4687395420960758845,"normalized presentedTime from Core Animation clock"
generated_selected,1,3,0,298,2,59,58,59,237353593172333,237353611441166,237353615473125,237353632225416,237353648646291,237353681978291,0,0,16000,0,0,0,0,"exact A/B pair ready before display deadline"
presentation_submitted,1,3,291,298,2,59,58,59,237353593172333,0,237353615473125,237353632225416,237353648646291,237353681978291,0,237353632895208,16000,0,4687395421541948082,4687395422106037644,4687395423251316444,"external CAMetalDisplayLink drawable via DXMT Presenter"
source_displayed,1,3,288,295,1,57,0,0,237353542245125,0,0,237353582254333,237353598648290,237353631980291,237353632041333,0,19458,0,4687395419824970480,4687395420388119445,4687395421533398245,"normalized presentedTime from Core Animation clock"
source_accepted,1,3,0,0,0,60,0,0,237353642797833,237353644350541,0,0,0,237353725807115,0,0,0,0,0,0,0,"owned history copy completed successfully"
history_copy_complete,1,3,0,0,0,60,0,0,237353642797833,237353644350541,0,0,0,237353725807115,0,0,0,0,0,0,0,"Metal command buffer completed"
generated_requested,1,3,0,0,2,60,59,60,237353642797833,237353644350541,0,0,0,237353709259329,0,0,0,0,0,0,0,"exact adjacent source pair submitted"
generated_ready,1,3,0,299,2,60,59,60,0,0,237353650993000,237353650950708,237353665312291,237353709259329,0,0,8875,0,0,0,0,"Metal status completed"
selected_source,1,3,0,299,1,59,0,0,237353609742083,237353611441166,0,237353650950708,237353665312291,237353698644291,0,0,8875,0,0,0,0,"next real endpoint in source order"
presentation_submitted,1,3,292,299,1,59,0,0,237353609742083,0,0,237353650950708,237353665312291,237353698644291,0,237353651257166,8875,0,4687395422185322741,4687395422678677044,4687395423823955843,"external CAMetalDisplayLink drawable via DXMT Presenter"
presentation_dropped,1,3,289,296,2,58,57,58,237353559423854,0,237353582315000,237353598920000,237353615314291,237353648646291,0,0,23916,0,4687395420397617061,4687395420960758845,4687395422106037644,"Metal drawable presentedTime=0; associated frame was dropped or not presented"
source_displayed,1,3,290,297,1,58,0,0,237353576602583,0,0,237353615445500,237353631980291,237353665312291,237353652946958,0,8416,0,4687395420965377378,4687395421533398245,4687395422678677044,"normalized presentedTime from Core Animation clock"
generated_selected,1,3,0,300,2,60,59,60,237353626269958,237353644350541,237353650993000,237353665456166,237353681978291,237353715310291,0,0,11084,0,0,0,0,"exact A/B pair ready before display deadline"
presentation_submitted,1,3,293,300,2,60,59,60,237353626269958,0,237353650993000,237353665456166,237353681978291,237353715310291,0,237353665877166,11084,0,4687395422683747957,4687395423251316444,4687395424396595243,"external CAMetalDisplayLink drawable via DXMT Presenter"
generated_displayed,1,3,291,298,2,59,58,59,237353593172333,0,237353615473125,237353632225416,237353648646291,237353681978291,237353669459666,0,16000,0,4687395421541948082,4687395422106037644,4687395423251316444,"normalized presentedTime from Core Animation clock"
source_accepted,1,3,0,0,0,61,0,0,237353675549958,237353677603541,0,0,0,237353758364690,0,0,0,0,0,0,0,"owned history copy completed successfully"
history_copy_complete,1,3,0,0,0,61,0,0,237353675549958,237353677603541,0,0,0,237353758364690,0,0,0,0,0,0,0,"Metal command buffer completed"
generated_requested,1,3,0,0,2,61,60,61,237353675549958,237353677603541,0,0,0,237353742085902,0,0,0,0,0,0,0,"exact adjacent source pair submitted"
generated_ready,1,3,0,301,2,61,60,61,0,0,237353682181250,237353682141625,237353698644291,237353742085902,0,0,9625,0,0,0,0,"Metal status completed"
selected_source,1,3,0,301,1,60,0,0,237353642797833,237353644350541,0,237353682141625,237353698644291,237353731976291,0,0,9625,0,0,0,0,"next real endpoint in source order"
presentation_submitted,1,3,294,301,1,60,0,0,237353642797833,0,0,237353682141625,237353698644291,237353731976291,0,237353682487000,9625,0,4687395423257043078,4687395423823955843,4687395424969234643,"external CAMetalDisplayLink drawable via DXMT Presenter"
source_displayed,1,3,292,299,1,59,0,0,237353609742083,0,0,237353650950708,237353665312291,237353698644291,237353685248083,0,8875,0,4687395422185322741,4687395422678677044,4687395423823955843,"normalized presentedTime from Core Animation clock"
generated_selected,1,3,0,302,2,61,60,61,237353659173895,237353677603541,237353682181250,237353698893541,237353715310291,237353748642291,0,0,14875,0,0,0,0,"exact A/B pair ready before display deadline"
presentation_submitted,1,3,295,302,2,61,60,61,237353659173895,0,237353682181250,237353698893541,237353715310291,237353748642291,0,237353699636375,14875,0,4687395423832658890,4687395424396595243,4687395425541874042,"external CAMetalDisplayLink drawable via DXMT Presenter"
generated_displayed,1,3,293,300,2,60,59,60,237353626269958,0,237353650993000,237353665456166,237353681978291,237353715310291,237353702036208,0,11084,0,4687395422683747957,4687395423251316444,4687395424396595243,"normalized presentedTime from Core Animation clock"
source_accepted,1,3,0,0,0,62,0,0,237353709239583,237353711945125,0,0,0,237353792126372,0,0,0,0,0,0,0,"owned history copy completed successfully"
history_copy_complete,1,3,0,0,0,62,0,0,237353709239583,237353711945125,0,0,0,237353792126372,0,0,0,0,0,0,0,"Metal command buffer completed"
generated_requested,1,3,0,0,2,62,61,62,237353709239583,237353711945125,0,0,0,237353775245531,0,0,0,0,0,0,0,"exact adjacent source pair submitted"
generated_ready,1,3,0,303,2,62,61,62,0,0,237353715597708,237353715498583,237353731976291,237353775245531,0,0,17708,0,0,0,0,"Metal status completed"
selected_source,1,3,0,303,1,61,0,0,237353675549958,237353677603541,0,237353715498583,237353731976291,237353765308291,0,0,17708,0,0,0,0,"next real endpoint in source order"
presentation_submitted,1,3,296,303,1,61,0,0,237353675549958,0,0,237353715498583,237353731976291,237353765308291,0,237353716038416,17708,0,4687395424403193756,4687395424969234643,4687395426114513442,"external CAMetalDisplayLink drawable via DXMT Presenter"
source_displayed,1,3,294,301,1,60,0,0,237353642797833,0,0,237353682141625,237353698644291,237353731976291,237353719132999,0,9625,0,4687395423257043078,4687395423823955843,4687395424969234643,"normalized presentedTime from Core Animation clock"
generated_selected,1,3,0,304,2,62,61,62,237353692394770,237353711945125,237353715597708,237353732104916,237353748642291,237353781974291,0,0,9917,0,0,0,0,"exact A/B pair ready before display deadline"
presentation_submitted,1,3,297,304,2,62,61,62,237353692394770,0,237353715597708,237353732104916,237353748642291,237353781974291,0,237353732526625,9917,0,4687395424973783013,4687395425541874042,4687395426687152842,"external CAMetalDisplayLink drawable via DXMT Presenter"
generated_displayed,1,3,295,302,2,61,60,61,237353659173895,0,237353682181250,237353698893541,237353715310291,237353748642291,237353735036958,0,14875,0,4687395423832658890,4687395424396595243,4687395425541874042,"normalized presentedTime from Core Animation clock"
source_accepted,1,3,0,0,0,63,0,0,237353743032958,237353744491458,0,0,0,237353825987264,0,0,0,0,0,0,0,"owned history copy completed successfully"
history_copy_complete,1,3,0,0,0,63,0,0,237353743032958,237353744491458,0,0,0,237353825987264,0,0,0,0,0,0,0,"Metal command buffer completed"
generated_requested,1,3,0,0,2,63,62,63,237353743032958,237353744491458,0,0,0,237353809056818,0,0,0,0,0,0,0,"exact adjacent source pair submitted"
generated_ready,1,3,0,305,2,63,62,63,0,0,237353748827791,237353748791541,237353765308291,237353809056818,0,0,8209,0,0,0,0,"Metal status completed"
selected_source,1,3,0,305,1,62,0,0,237353709239583,237353711945125,0,237353748791541,237353765308291,237353798640291,0,0,8209,0,0,0,0,"next real endpoint in source order"
presentation_submitted,1,3,298,305,1,62,0,0,237353709239583,0,0,237353748791541,237353765308291,237353798640291,0,237353749120125,8209,0,4687395425547113902,4687395426114513442,4687395427259792241,"external CAMetalDisplayLink drawable via DXMT Presenter"
source_displayed,1,3,296,303,1,61,0,0,237353675549958,0,0,237353715498583,237353731976291,237353765308291,237353752874916,0,17708,0,4687395424403193756,4687395424969234643,4687395426114513442,"normalized presentedTime from Core Animation clock"
generated_selected,1,3,0,306,2,63,62,63,237353726136270,237353744491458,237353748827791,237353765484041,237353781974291,237353815306291,0,0,14292,0,0,0,0,"exact A/B pair ready before display deadline"
presentation_submitted,1,3,299,306,2,63,62,63,237353726136270,0,237353748827791,237353765484041,237353781974291,237353815306291,0,237353766013875,14292,0,4687395426120689605,4687395426687152842,4687395427832431641,"external CAMetalDisplayLink drawable via DXMT Presenter"
generated_displayed,1,3,297,304,2,62,61,62,237353692394770,0,237353715597708,237353732104916,237353748642291,237353781974291,237353769357999,0,9917,0,4687395424973783013,4687395425541874042,4687395426687152842,"normalized presentedTime from Core Animation clock"
source_accepted,1,3,0,0,0,64,0,0,237353775469500,237353777609041,0,0,0,237353858473878,0,0,0,0,0,0,0,"owned history copy completed successfully"
history_copy_complete,1,3,0,0,0,64,0,0,237353775469500,237353777609041,0,0,0,237353858473878,0,0,0,0,0,0,0,"Metal command buffer completed"
generated_requested,1,3,0,0,2,64,63,64,237353775469500,237353777609041,0,0,0,237353842230571,0,0,0,0,0,0,0,"exact adjacent source pair submitted"
generated_ready,1,3,0,307,2,64,63,64,0,0,237353782295083,237353782225666,237353798640291,237353842230571,0,0,15875,0,0,0,0,"Metal status completed"
selected_source,1,3,0,307,1,63,0,0,237353743032958,237353744491458,0,237353782225666,237353798640291,237353831972291,0,0,15875,0,0,0,0,"next real endpoint in source order"
presentation_submitted,1,3,300,307,1,63,0,0,237353743032958,0,0,237353782225666,237353798640291,237353831972291,0,237353782851083,15875,0,4687395426695936050,4687395427259792241,4687395428405071041,"external CAMetalDisplayLink drawable via DXMT Presenter"
source_displayed,1,3,298,305,1,62,0,0,237353709239583,0,0,237353748791541,237353765308291,237353798640291,237353786840458,0,8209,0,4687395425547113902,4687395426114513442,4687395427259792241,"normalized presentedTime from Core Animation clock"
generated_selected,1,3,0,308,2,64,63,64,237353759251229,237353777609041,237353782295083,237353798912250,237353815306291,237353848638291,0,0,20375,0,0,0,0,"exact A/B pair ready before display deadline"
presentation_submitted,1,3,301,308,2,64,63,64,237353759251229,0,237353782295083,237353798912250,237353815306291,237353848638291,0,237353799694833,20375,0,4687395427269308446,4687395427832431641,4687395428977710440,"external CAMetalDisplayLink drawable via DXMT Presenter"
generated_displayed,1,3,299,306,2,63,62,63,237353726136270,0,237353748827791,237353765484041,237353781974291,237353815306291,237353802914249,0,14292,0,4687395426120689605,4687395426687152842,4687395427832431641,"normalized presentedTime from Core Animation clock"
source_accepted,1,3,0,0,0,65,0,0,237353810079083,237353811971708,0,0,0,237353893098601,0,0,0,0,0,0,0,"owned history copy completed successfully"
history_copy_complete,1,3,0,0,0,65,0,0,237353810079083,237353811971708,0,0,0,237353893098601,0,0,0,0,0,0,0,"Metal command buffer completed"
generated_requested,1,3,0,0,2,65,64,65,237353810079083,237353811971708,0,0,0,237353875786239,0,0,0,0,0,0,0,"exact adjacent source pair submitted"
generated_ready,1,3,0,309,2,65,64,65,0,0,237353815493166,237353815453375,237353831972291,237353875786239,0,0,10166,0,0,0,0,"Metal status completed"
selected_source,1,3,0,309,1,64,0,0,237353775469500,237353777609041,0,237353815453375,237353831972291,237353865304291,0,0,10166,0,0,0,0,"next real endpoint in source order"
presentation_submitted,1,3,302,309,1,64,0,0,237353775469500,0,0,237353815453375,237353831972291,237353865304291,0,237353815829083,10166,0,4687395427837601338,4687395428405071040,4687395429550349840,"external CAMetalDisplayLink drawable via DXMT Presenter"
generated_selected,1,3,0,310,2,65,64,65,237353792774291,237353811971708,237353815493166,237353832165625,237353848638291,237353881970291,0,0,14708,0,0,0,0,"exact A/B pair ready before display deadline"
presentation_submitted,1,3,303,310,2,65,64,65,237353792774291,0,237353815493166,237353832165625,237353848638291,237353881970291,0,237353832816916,14708,0,4687395428411845647,4687395428977710440,4687395430122989239,"external CAMetalDisplayLink drawable via DXMT Presenter"
source_displayed,1,3,300,307,1,63,0,0,237353743032958,0,0,237353782225666,237353798640291,237353831972291,237353832039083,0,15875,0,4687395426695936050,4687395427259792241,4687395428405071041,"normalized presentedTime from Core Animation clock"
source_accepted,1,3,0,0,0,66,0,0,237353842459833,237353844298708,0,0,0,237353925512178,0,0,0,0,0,0,0,"owned history copy completed successfully"
history_copy_complete,1,3,0,0,0,66,0,0,237353842459833,237353844298708,0,0,0,237353925512178,0,0,0,0,0,0,0,"Metal command buffer completed"
generated_requested,1,3,0,0,2,66,65,66,237353842459833,237353844298708,0,0,0,237353909305389,0,0,0,0,0,0,0,"exact adjacent source pair submitted"
generated_ready,1,3,0,311,2,66,65,66,0,0,237353849098000,237353848796833,237353865304291,237353909305389,0,0,12292,0,0,0,0,"Metal status completed"
selected_source,1,3,0,311,1,65,0,0,237353810079083,237353811971708,0,237353848796833,237353865304291,237353898636291,0,0,12292,0,0,0,0,"next real endpoint in source order"
presentation_submitted,1,3,304,311,1,65,0,0,237353810079083,0,0,237353848796833,237353865304291,237353898636291,0,237353849513583,12292,0,4687395428983268128,4687395429550349840,4687395430695628639,"external CAMetalDisplayLink drawable via DXMT Presenter"
generated_displayed,1,3,301,308,2,64,63,64,237353759251229,0,237353782295083,237353798912250,237353815306291,237353848638291,237353848705583,0,20375,0,4687395427269308446,4687395427832431641,4687395428977710440,"normalized presentedTime from Core Animation clock"
generated_selected,1,3,0,312,2,66,65,66,237353826269458,237353844298708,237353849098000,237353865491666,237353881970291,237353915302291,0,0,15750,0,0,0,0,"exact A/B pair ready before display deadline"
presentation_submitted,1,3,305,312,2,66,65,66,237353826269458,0,237353849098000,237353865491666,237353881970291,237353915302291,0,237353866046583,15750,0,4687395429556925435,4687395430122989239,4687395431268268039,"external CAMetalDisplayLink drawable via DXMT Presenter"
source_accepted,1,3,0,0,0,67,0,0,237353875832083,237353877985708,0,0,0,237353958909052,0,0,0,0,0,0,0,"owned history copy completed successfully"
history_copy_complete,1,3,0,0,0,67,0,0,237353875832083,237353877985708,0,0,0,237353958909052,0,0,0,0,0,0,0,"Metal command buffer completed"
generated_requested,1,3,0,0,2,67,66,67,237353875832083,237353877985708,0,0,0,237353942210615,0,0,0,0,0,0,0,"exact adjacent source pair submitted"
source_displayed,1,3,302,309,1,64,0,0,237353775469500,0,0,237353815453375,237353831972291,237353865304291,237353882038583,0,10166,0,4687395427837601338,4687395428405071040,4687395429550349840,"normalized presentedTime from Core Animation clock"
generated_ready,1,3,0,313,2,67,66,67,0,0,237353885102458,237353885051375,237353898636291,237353942210615,0,0,8583,0,0,0,0,"Metal status completed"
selected_source,1,3,0,313,1,66,0,0,237353842459833,237353844298708,0,237353885051375,237353898636291,237353931968291,0,0,8583,0,0,0,0,"next real endpoint in source order"
presentation_submitted,1,3,306,313,1,66,0,0,237353842459833,0,0,237353885051375,237353898636291,237353931968291,0,237353885482583,8583,0,4687395430228969001,4687395430695628639,4687395431840907438,"external CAMetalDisplayLink drawable via DXMT Presenter"
presentation_dropped,1,3,303,310,2,65,64,65,237353792774291,0,237353815493166,237353832165625,237353848638291,237353881970291,0,0,14708,0,4687395428411845647,4687395428977710440,4687395430122989239,"Metal drawable presentedTime=0; associated frame was dropped or not presented"
source_displayed,1,3,304,311,1,65,0,0,237353810079083,0,0,237353848796833,237353865304291,237353898636291,237353891925708,0,12292,0,4687395428983268128,4687395429550349840,4687395430695628639,"normalized presentedTime from Core Animation clock"
generated_selected,1,3,0,314,2,67,66,67,237353859145958,237353877985708,237353885102458,237353898819416,237353915302291,237353948634291,0,0,12792,0,0,0,0,"exact A/B pair ready before display deadline"
presentation_submitted,1,3,307,314,2,67,66,67,237353859145958,0,237353885102458,237353898819416,237353915302291,237353948634291,0,237353899793666,12792,0,4687395430702098303,4687395431268268039,4687395432413546838,"external CAMetalDisplayLink drawable via DXMT Presenter"
source_accepted,1,3,0,0,0,68,0,0,237353908901875,237353910600166,0,0,0,237353991678576,0,0,0,0,0,0,0,"owned history copy completed successfully"
history_copy_complete,1,3,0,0,0,68,0,0,237353908901875,237353910600166,0,0,0,237353991678576,0,0,0,0,0,0,0,"Metal command buffer completed"
generated_requested,1,3,0,0,2,68,67,68,237353908901875,237353910600166,0,0,0,237353975293814,0,0,0,0,0,0,0,"exact adjacent source pair submitted"
generated_displayed,1,3,305,312,2,66,65,66,237353826269458,0,237353849098000,237353865491666,237353881970291,237353915302291,237353907341874,0,15750,0,4687395429556925435,4687395430122989239,4687395431268268039,"normalized presentedTime from Core Animation clock"
generated_ready,1,3,0,315,2,68,67,68,0,0,237353915471791,237353915436833,237353931968291,237353975293814,0,0,10333,0,0,0,0,"Metal status completed"
selected_source,1,3,0,315,1,67,0,0,237353875832083,237353877985708,0,237353915436833,237353931968291,237353965300291,0,0,10333,0,0,0,0,"next real endpoint in source order"
presentation_submitted,1,3,308,315,1,67,0,0,237353875832083,0,0,237353915436833,237353931968291,237353965300291,0,237353915743375,10333,0,4687395431273008239,4687395431840907438,4687395432986186238,"external CAMetalDisplayLink drawable via DXMT Presenter"
source_displayed,1,3,306,313,1,66,0,0,237353842459833,0,0,237353885051375,237353898636291,237353931968291,237353920063499,0,8583,0,4687395430228969001,4687395430695628639,4687395431840907438,"normalized presentedTime from Core Animation clock"
generated_selected,1,3,0,316,2,68,67,68,237353892366979,237353910600166,237353915471791,237353932129541,237353948634291,237353981966291,0,0,10667,0,0,0,0,"exact A/B pair ready before display deadline"
presentation_submitted,1,3,309,316,2,68,67,68,237353892366979,0,237353915471791,237353932129541,237353948634291,237353981966291,0,237353932581333,10667,0,4687395431846575352,4687395432413546838,4687395433558825637,"external CAMetalDisplayLink drawable via DXMT Presenter"
generated_displayed,1,3,307,314,2,67,66,67,237353859145958,0,237353885102458,237353898819416,237353915302291,237353948634291,237353934883166,0,12792,0,4687395430702098303,4687395431268268039,4687395432413546838,"normalized presentedTime from Core Animation clock"
source_accepted,1,3,0,0,0,69,0,0,237353942166166,237353944160208,0,0,0,237354025037986,0,0,0,0,0,0,0,"owned history copy completed successfully"
history_copy_complete,1,3,0,0,0,69,0,0,237353942166166,237353944160208,0,0,0,237354025037986,0,0,0,0,0,0,0,"Metal command buffer completed"
generated_requested,1,3,0,0,2,69,68,69,237353942166166,237353944160208,0,0,0,237354008358281,0,0,0,0,0,0,0,"exact adjacent source pair submitted"
generated_ready,1,3,0,317,2,69,68,69,0,0,237353948876583,237353948810708,237353965300291,237354008358281,0,0,10250,0,0,0,0,"Metal status completed"
selected_source,1,3,0,317,1,68,0,0,237353908901875,237353910600166,0,237353948810708,237353965300291,237353998632291,0,0,10250,0,0,0,0,"next real endpoint in source order"
presentation_submitted,1,3,310,317,1,68,0,0,237353908901875,0,0,237353948810708,237353965300291,237353998632291,0,237353949184833,10250,0,4687395432419731591,4687395432986186238,4687395434131465037,"external CAMetalDisplayLink drawable via DXMT Presenter"
source_displayed,1,3,308,315,1,67,0,0,237353875832083,0,0,237353915436833,237353931968291,237353965300291,237353952139916,0,10333,0,4687395431273008239,4687395431840907438,4687395432986186238,"normalized presentedTime from Core Animation clock"
generated_selected,1,3,0,318,2,69,68,69,237353925534020,237353944160208,237353948876583,237353965474541,237353981966291,237354015298291,0,0,12709,0,0,0,0,"exact A/B pair ready before display deadline"
presentation_submitted,1,3,311,318,2,69,68,69,237353925534020,0,237353948876583,237353965474541,237353981966291,237354015298291,0,237353965946000,12709,0,4687395432992310861,4687395433558825637,4687395434704104437,"external CAMetalDisplayLink drawable via DXMT Presenter"
generated_displayed,1,3,309,316,2,68,67,68,237353892366979,0,237353915471791,237353932129541,237353948634291,237353981966291,237353968405166,0,10667,0,4687395431846575352,4687395432413546838,4687395433558825637,"normalized presentedTime from Core Animation clock"
source_accepted,1,3,0,0,0,70,0,0,237353975895500,237353977987958,0,0,0,237354058833941,0,0,0,0,0,0,0,"owned history copy completed successfully"
history_copy_complete,1,3,0,0,0,70,0,0,237353975895500,237353977987958,0,0,0,237354058833941,0,0,0,0,0,0,0,"Metal command buffer completed"
generated_requested,1,3,0,0,2,70,69,70,237353975895500,237353977987958,0,0,0,237354041935963,0,0,0,0,0,0,0,"exact adjacent source pair submitted"
generated_ready,1,3,0,319,2,70,69,70,0,0,237353982167125,237353982126166,237353998632291,237354041935963,0,0,11625,0,0,0,0,"Metal status completed"
selected_source,1,3,0,319,1,69,0,0,237353942166166,237353944160208,0,237353982126166,237353998632291,237354031964291,0,0,11625,0,0,0,0,"next real endpoint in source order"
presentation_submitted,1,3,312,319,1,69,0,0,237353942166166,0,0,237353982126166,237353998632291,237354031964291,0,237353982540916,11625,0,4687395433564433421,4687395434131465037,4687395435276743836,"external CAMetalDisplayLink drawable via DXMT Presenter"
source_displayed,1,3,310,317,1,68,0,0,237353908901875,0,0,237353948810708,237353965300291,237353998632291,237353985340833,0,10250,0,4687395432419731591,4687395432986186238,4687395434131465037,"normalized presentedTime from Core Animation clock"
generated_selected,1,3,0,320,2,70,69,70,237353959030833,237353977987958,237353982167125,237353998788500,237354015298291,237354048630291,0,0,12666,0,0,0,0,"exact A/B pair ready before display deadline"
presentation_submitted,1,3,313,320,2,70,69,70,237353959030833,0,237353982167125,237353998788500,237354015298291,237354048630291,0,237353999249791,12666,0,4687395434136964038,4687395434704104437,4687395435849383236,"external CAMetalDisplayLink drawable via DXMT Presenter"
generated_displayed,1,3,311,318,2,69,68,69,237353925534020,0,237353948876583,237353965474541,237353981966291,237354015298291,237354002208499,0,12709,0,4687395432992310861,4687395433558825637,4687395434704104437,"normalized presentedTime from Core Animation clock"
source_accepted,1,3,0,0,0,71,0,0,237354009624458,237354011484291,0,0,0,237354092617970,0,0,0,0,0,0,0,"owned history copy completed successfully"
history_copy_complete,1,3,0,0,0,71,0,0,237354009624458,237354011484291,0,0,0,237354092617970,0,0,0,0,0,0,0,"Metal command buffer completed"
generated_requested,1,3,0,0,2,71,70,71,237354009624458,237354011484291,0,0,0,237354075725955,0,0,0,0,0,0,0,"exact adjacent source pair submitted"
generated_ready,1,3,0,321,2,71,70,71,0,0,237354015514958,237354015465916,237354031964291,237354075725955,0,0,16084,0,0,0,0,"Metal status completed"
selected_source,1,3,0,321,1,70,0,0,237353975895500,237353977987958,0,237354015465916,237354031964291,237354065296291,0,0,16084,0,0,0,0,"next real endpoint in source order"
presentation_submitted,1,3,314,321,1,70,0,0,237353975895500,0,0,237354015465916,237354031964291,237354065296291,0,237354015828416,16084,0,4687395434709978509,4687395435276743836,4687395436422022636,"external CAMetalDisplayLink drawable via DXMT Presenter"
generated_selected,1,3,0,322,2,71,70,71,237353992759979,237354011484291,237354015514958,237354032137500,237354048630291,237354081962291,0,0,14500,0,0,0,0,"exact A/B pair ready before display deadline"
presentation_submitted,1,3,315,322,2,71,70,71,237353992759979,0,237354015514958,237354032137500,237354048630291,237354081962291,0,237354032662583,14500,0,4687395435282835543,4687395435849383236,4687395436994662035,"external CAMetalDisplayLink drawable via DXMT Presenter"
source_accepted,1,3,0,0,0,72,0,0,237354042113083,237354044072833,0,0,0,237354125145786,0,0,0,0,0,0,0,"owned history copy completed successfully"
history_copy_complete,1,3,0,0,0,72,0,0,237354042113083,237354044072833,0,0,0,237354125145786,0,0,0,0,0,0,0,"Metal command buffer completed"
generated_requested,1,3,0,0,2,72,71,72,237354042113083,237354044072833,0,0,0,237354108881878,0,0,0,0,0,0,0,"exact adjacent source pair submitted"
generated_ready,1,3,0,323,2,72,71,72,0,0,237354048995000,237354048814750,237354065296291,237354108881878,0,0,13875,0,0,0,0,"Metal status completed"
selected_source,1,3,0,323,1,71,0,0,237354009624458,237354011484291,0,237354048814750,237354065296291,237354098628291,0,0,13875,0,0,0,0,"next real endpoint in source order"
presentation_submitted,1,3,316,323,1,71,0,0,237354009624458,0,0,237354048814750,237354065296291,237354098628291,0,237354049417833,13875,0,4687395435855840015,4687395436422022635,4687395437567301435,"external CAMetalDisplayLink drawable via DXMT Presenter"
source_displayed,1,3,312,319,1,69,0,0,237353942166166,0,0,237353982126166,237353998632291,237354031964291,237354048703374,0,11625,0,4687395433564433421,4687395434131465037,4687395435276743836,"normalized presentedTime from Core Animation clock"
generated_selected,1,3,0,324,2,72,71,72,237354025868770,237354044072833,237354048995000,237354065627625,237354081962291,237354115294291,0,0,17458,0,0,0,0,"exact A/B pair ready before display deadline"
presentation_submitted,1,3,317,324,2,72,71,72,237354025868770,0,237354048995000,237354065627625,237354081962291,237354115294291,0,237354066271041,17458,0,4687395436433561769,4687395436994662035,4687395438139940834,"external CAMetalDisplayLink drawable via DXMT Presenter"
generated_displayed,1,3,313,320,2,70,69,70,237353959030833,0,237353982167125,237353998788500,237354015298291,237354048630291,237354065369874,0,12666,0,4687395434136964038,4687395434704104437,4687395435849383236,"normalized presentedTime from Core Animation clock"
source_accepted,1,3,0,0,0,73,0,0,237354075433625,237354077151791,0,0,0,237354158474727,0,0,0,0,0,0,0,"owned history copy completed successfully"
history_copy_complete,1,3,0,0,0,73,0,0,237354075433625,237354077151791,0,0,0,237354158474727,0,0,0,0,0,0,0,"Metal command buffer completed"
generated_requested,1,3,0,0,2,73,72,73,237354075433625,237354077151791,0,0,0,237354141810256,0,0,0,0,0,0,0,"exact adjacent source pair submitted"
generated_ready,1,3,0,325,2,73,72,73,0,0,237354082155458,237354082105083,237354098628291,237354141810256,0,0,9000,0,0,0,0,"Metal status completed"
selected_source,1,3,0,325,1,72,0,0,237354042113083,237354044072833,0,237354082105083,237354098628291,237354131960291,0,0,9000,0,0,0,0,"next real endpoint in source order"
presentation_submitted,1,3,318,325,1,72,0,0,237354042113083,0,0,237354082105083,237354098628291,237354131960291,0,237354082501125,9000,0,4687395436999680000,4687395437567301435,4687395438712580234,"external CAMetalDisplayLink drawable via DXMT Presenter"
source_displayed,1,3,314,321,1,70,0,0,237353975895500,0,0,237354015465916,237354031964291,237354065296291,237354082036333,0,16084,0,4687395434709978509,4687395435276743836,4687395436422022636,"normalized presentedTime from Core Animation clock"
generated_displayed,1,3,315,322,2,71,70,71,237353992759979,0,237354015514958,237354032137500,237354048630291,237354081962291,237354083768541,0,14500,0,4687395435282835543,4687395435849383236,4687395436994662035,"normalized presentedTime from Core Animation clock"
source_displayed,1,3,316,323,1,71,0,0,237354009624458,0,0,237354048814750,237354065296291,237354098628291,237354091930499,0,13875,0,4687395435855840015,4687395436422022635,4687395437567301435,"normalized presentedTime from Core Animation clock"
generated_selected,1,3,0,326,2,73,72,73,237354058773354,237354077151791,237354082155458,237354098726833,237354115294291,237354148626291,0,0,7583,0,0,0,0,"exact A/B pair ready before display deadline"
presentation_submitted,1,3,319,326,2,73,72,73,237354058773354,0,237354082155458,237354098726833,237354115294291,237354148626291,0,237354099090458,7583,0,4687395437570810423,4687395438139940834,4687395439285219634,"external CAMetalDisplayLink drawable via DXMT Presenter"
generated_displayed,1,3,317,324,2,72,71,72,237354025868770,0,237354048995000,237354065627625,237354081962291,237354115294291,237354101710416,0,17458,0,4687395436433561769,4687395436994662035,4687395438139940834,"normalized presentedTime from Core Animation clock"
source_accepted,1,3,0,0,0,74,0,0,237354109159208,237354111196000,0,0,0,237354192240396,0,0,0,0,0,0,0,"owned history copy completed successfully"
history_copy_complete,1,3,0,0,0,74,0,0,237354109159208,237354111196000,0,0,0,237354192240396,0,0,0,0,0,0,0,"Metal command buffer completed"
generated_requested,1,3,0,0,2,74,73,74,237354109159208,237354111196000,0,0,0,237354175357561,0,0,0,0,0,0,0,"exact adjacent source pair submitted"
generated_ready,1,3,0,327,2,74,73,74,0,0,237354115479750,237354115441916,237354131960291,237354175357561,0,0,9042,0,0,0,0,"Metal status completed"
selected_source,1,3,0,327,1,73,0,0,237354075433625,237354077151791,0,237354115441916,237354131960291,237354165292291,0,0,9042,0,0,0,0,"next real endpoint in source order"
presentation_submitted,1,3,320,327,1,73,0,0,237354075433625,0,0,237354115441916,237354131960291,237354165292291,0,237354115800500,9042,0,4687395438145119122,4687395438712580234,4687395439857859033,"external CAMetalDisplayLink drawable via DXMT Presenter"
source_displayed,1,3,318,325,1,72,0,0,237354042113083,0,0,237354082105083,237354098628291,237354131960291,237354118769749,0,9000,0,4687395436999680000,4687395437567301435,4687395438712580234,"normalized presentedTime from Core Animation clock"
generated_selected,1,3,0,328,2,74,73,74,237354092296416,237354111196000,237354115479750,237354132120458,237354148626291,237354181958291,0,0,13375,0,0,0,0,"exact A/B pair ready before display deadline"
presentation_submitted,1,3,321,328,2,74,73,74,237354092296416,0,237354115479750,237354132120458,237354148626291,237354181958291,0,237354132595250,13375,0,4687395438718219526,4687395439285219634,4687395440430498433,"external CAMetalDisplayLink drawable via DXMT Presenter"
generated_displayed,1,3,319,326,2,73,72,73,237354058773354,0,237354082155458,237354098726833,237354115294291,237354148626291,237354135069083,0,7583,0,4687395437570810423,4687395438139940834,4687395439285219634,"normalized presentedTime from Core Animation clock"
source_accepted,1,3,0,0,0,75,0,0,237354142475875,237354144210458,0,0,0,237354225579523,0,0,0,0,0,0,0,"owned history copy completed successfully"
history_copy_complete,1,3,0,0,0,75,0,0,237354142475875,237354144210458,0,0,0,237354225579523,0,0,0,0,0,0,0,"Metal command buffer completed"
generated_requested,1,3,0,0,2,75,74,75,237354142475875,237354144210458,0,0,0,237354208909959,0,0,0,0,0,0,0,"exact adjacent source pair submitted"
generated_ready,1,3,0,329,2,75,74,75,0,0,237354148788750,237354148759583,237354165292291,237354208909959,0,0,6708,0,0,0,0,"Metal status completed"
selected_source,1,3,0,329,1,74,0,0,237354109159208,237354111196000,0,237354148759583,237354165292291,237354198624291,0,0,6708,0,0,0,0,"next real endpoint in source order"
presentation_submitted,1,3,322,329,1,74,0,0,237354109159208,0,0,237354148759583,237354165292291,237354198624291,0,237354149005916,6708,0,4687395439289905443,4687395439857859033,4687395441003137833,"external CAMetalDisplayLink drawable via DXMT Presenter"
source_displayed,1,3,320,327,1,73,0,0,237354075433625,0,0,237354115441916,237354131960291,237354165292291,237354151749208,0,9042,0,4687395438145119122,4687395438712580234,4687395439857859033,"normalized presentedTime from Core Animation clock"
generated_selected,1,3,0,330,2,75,74,75,237354125817541,237354144210458,237354148788750,237354165453625,237354181958291,237354215290291,0,0,11458,0,0,0,0,"exact A/B pair ready before display deadline"
presentation_submitted,1,3,323,330,2,75,74,75,237354125817541,0,237354148788750,237354165453625,237354181958291,237354215290291,0,237354165912791,11458,0,4687395439863538423,4687395440430498433,4687395441575777232,"external CAMetalDisplayLink drawable via DXMT Presenter"
generated_displayed,1,3,321,328,2,74,73,74,237354092296416,0,237354115479750,237354132120458,237354148626291,237354181958291,237354168657249,0,13375,0,4687395438718219526,4687395439285219634,4687395440430498433,"normalized presentedTime from Core Animation clock"
source_accepted,1,3,0,0,0,76,0,0,237354176257000,237354177991125,0,0,0,237354259379266,0,0,0,0,0,0,0,"owned history copy completed successfully"
history_copy_complete,1,3,0,0,0,76,0,0,237354176257000,237354177991125,0,0,0,237354259379266,0,0,0,0,0,0,0,"Metal command buffer completed"
generated_requested,1,3,0,0,2,76,75,76,237354176257000,237354177991125,0,0,0,237354242479394,0,0,0,0,0,0,0,"exact adjacent source pair submitted"
generated_ready,1,3,0,331,2,76,75,76,0,0,237354182144250,237354182100875,237354198624291,237354242479394,0,0,10750,0,0,0,0,"Metal status completed"
selected_source,1,3,0,331,1,75,0,0,237354142475875,237354144210458,0,237354182100875,237354198624291,237354231956291,0,0,10750,0,0,0,0,"next real endpoint in source order"
presentation_submitted,1,3,324,331,1,75,0,0,237354142475875,0,0,237354182100875,237354198624291,237354231956291,0,237354182457083,10750,0,4687395440435509217,4687395441003137833,4687395442148416632,"external CAMetalDisplayLink drawable via DXMT Presenter"
generated_selected,1,3,0,332,2,76,75,76,237354159366437,237354177991125,237354182144250,237354198809500,237354215290291,237354248622291,0,0,14333,0,0,0,0,"exact A/B pair ready before display deadline"
presentation_submitted,1,3,325,332,2,76,75,76,237354159366437,0,237354182144250,237354198809500,237354215290291,237354248622291,0,237354199331291,14333,0,4687395441009637561,4687395441575777232,4687395442721056032,"external CAMetalDisplayLink drawable via DXMT Presenter"
source_accepted,1,3,0,0,0,77,0,0,237354208830333,237354210837208,0,0,0,237354291962852,0,0,0,0,0,0,0,"owned history copy completed successfully"
history_copy_complete,1,3,0,0,0,77,0,0,237354208830333,237354210837208,0,0,0,237354291962852,0,0,0,0,0,0,0,"Metal command buffer completed"
generated_requested,1,3,0,0,2,77,76,77,237354208830333,237354210837208,0,0,0,237354275671059,0,0,0,0,0,0,0,"exact adjacent source pair submitted"
generated_ready,1,3,0,333,2,77,76,77,0,0,237354215481083,237354215407041,237354231956291,237354275671059,0,0,8709,0,0,0,0,"Metal status completed"
selected_source,1,3,0,333,1,76,0,0,237354176257000,237354177991125,0,237354215407041,237354231956291,237354265288291,0,0,8709,0,0,0,0,"next real endpoint in source order"
presentation_submitted,1,3,326,333,1,76,0,0,237354176257000,0,0,237354215407041,237354231956291,237354265288291,0,237354215822708,8709,0,4687395441579897549,4687395442148416632,4687395443293695431,"external CAMetalDisplayLink drawable via DXMT Presenter"
source_displayed,1,3,322,329,1,74,0,0,237354109159208,0,0,237354148759583,237354165292291,237354198624291,237354215368166,0,6708,0,4687395439289905443,4687395439857859033,4687395441003137833,"normalized presentedTime from Core Animation clock"
generated_selected,1,3,0,334,2,77,76,77,237354192543666,237354210837208,237354215481083,237354232137166,237354248622290,237354281954291,0,0,17334,0,0,0,0,"exact A/B pair ready before display deadline"
presentation_submitted,1,3,327,334,2,77,76,77,237354192543666,0,237354215481083,237354232137166,237354248622290,237354281954291,0,237354233174208,17334,0,4687395442154777478,4687395442721056031,4687395443866334831,"external CAMetalDisplayLink drawable via DXMT Presenter"
generated_displayed,1,3,323,330,2,75,74,75,237354125817541,0,237354148788750,237354165453625,237354181958291,237354215290291,237354232034583,0,11458,0,4687395439863538423,4687395440430498433,4687395441575777232,"normalized presentedTime from Core Animation clock"
source_accepted,1,3,0,0,0,78,0,0,237354242681041,237354245565250,0,0,0,237354325824778,0,0,0,0,0,0,0,"owned history copy completed successfully"
history_copy_complete,1,3,0,0,0,78,0,0,237354242681041,237354245565250,0,0,0,237354325824778,0,0,0,0,0,0,0,"Metal command buffer completed"
generated_requested,1,3,0,0,2,78,77,78,237354242681041,237354245565250,0,0,0,237354308893815,0,0,0,0,0,0,0,"exact adjacent source pair submitted"
generated_ready,1,3,0,335,2,78,77,78,0,0,237354248798416,237354248761000,237354265288291,237354308893815,0,0,10458,0,0,0,0,"Metal status completed"
selected_source,1,3,0,335,1,77,0,0,237354208830333,237354210837208,0,237354248761000,237354265288291,237354298620291,0,0,10458,0,0,0,0,"next real endpoint in source order"
presentation_submitted,1,3,328,335,1,77,0,0,237354208830333,0,0,237354248761000,237354265288291,237354298620291,0,237354249168041,10458,0,4687395442725939409,4687395443293695431,4687395444438974230,"external CAMetalDisplayLink drawable via DXMT Presenter"
source_displayed,1,3,324,331,1,75,0,0,237354142475875,0,0,237354182100875,237354198624291,237354231956291,237354248701083,0,10750,0,4687395440435509217,4687395441003137833,4687395442148416632,"normalized presentedTime from Core Animation clock"
generated_displayed,1,3,325,332,2,76,75,76,237354159366437,0,237354182144250,237354198809500,237354215290291,237354248622291,237354250188999,0,14333,0,4687395441009637561,4687395441575777232,4687395442721056032,"normalized presentedTime from Core Animation clock"
source_displayed,1,3,326,333,1,76,0,0,237354176257000,0,0,237354215407041,237354231956291,237354265288291,237354256284791,0,8709,0,4687395441579897549,4687395442148416632,4687395443293695431,"normalized presentedTime from Core Animation clock"
generated_selected,1,3,0,336,2,78,77,78,237354225755687,237354245565250,237354248798416,237354265408708,237354281954291,237354315286291,0,0,9708,0,0,0,0,"exact A/B pair ready before display deadline"
presentation_submitted,1,3,329,336,2,78,77,78,237354225755687,0,237354248798416,237354265408708,237354281954291,237354315286291,0,237354265803000,9708,0,4687395443297958891,4687395443866334831,4687395445011613630,"external CAMetalDisplayLink drawable via DXMT Presenter"
generated_displayed,1,3,327,334,2,77,76,77,237354192543666,0,237354215481083,237354232137166,237354248622290,237354281954291,237354268151541,0,17334,0,4687395442154777478,4687395442721056031,4687395443866334831,"normalized presentedTime from Core Animation clock"
source_accepted,1,3,0,0,0,79,0,0,237354276369458,237354277987208,0,0,0,237354359526938,0,0,0,0,0,0,0,"owned history copy completed successfully"
history_copy_complete,1,3,0,0,0,79,0,0,237354276369458,237354277987208,0,0,0,237354359526938,0,0,0,0,0,0,0,"Metal command buffer completed"
generated_requested,1,3,0,0,2,79,78,79,237354276369458,237354277987208,0,0,0,237354342675858,0,0,0,0,0,0,0,"exact adjacent source pair submitted"
generated_ready,1,3,0,337,2,79,78,79,0,0,237354282162208,237354282092791,237354298620291,237354342675858,0,0,10959,0,0,0,0,"Metal status completed"
selected_source,1,3,0,337,1,78,0,0,237354242681041,237354245565250,0,237354282092791,237354298620291,237354331952291,0,0,10959,0,0,0,0,"next real endpoint in source order"
presentation_submitted,1,3,330,337,1,78,0,0,237354242681041,0,0,237354282092791,237354298620291,237354331952291,0,237354282442208,10959,0,4687395443871209619,4687395444438974230,4687395445584253030,"external CAMetalDisplayLink drawable via DXMT Presenter"
source_displayed,1,3,328,335,1,77,0,0,237354208830333,0,0,237354248761000,237354265288291,237354298620291,237354285109083,0,10458,0,4687395442725939409,4687395443293695431,4687395444438974230,"normalized presentedTime from Core Animation clock"
generated_selected,1,3,0,338,2,79,78,79,237354259525249,237354277987208,237354282162208,237354298817416,237354315286291,237354348618291,0,0,13209,0,0,0,0,"exact A/B pair ready before display deadline"
presentation_submitted,1,3,331,338,2,79,78,79,237354259525249,0,237354282162208,237354298817416,237354315286291,237354348618291,0,237354299285750,13209,0,4687395444445880538,4687395445011613630,4687395446156892429,"external CAMetalDisplayLink drawable via DXMT Presenter"
generated_displayed,1,3,329,336,2,78,77,78,237354225755687,0,237354248798416,237354265408708,237354281954291,237354315286291,237354303458374,0,9708,0,4687395443297958891,4687395443866334831,4687395445011613630,"normalized presentedTime from Core Animation clock"
source_accepted,1,3,0,0,0,80,0,0,237354308760875,237354310356833,0,0,0,237354391919312,0,0,0,0,0,0,0,"owned history copy completed successfully"
history_copy_complete,1,3,0,0,0,80,0,0,237354308760875,237354310356833,0,0,0,237354391919312,0,0,0,0,0,0,0,"Metal command buffer completed"
generated_requested,1,3,0,0,2,80,79,80,237354308760875,237354310356833,0,0,0,237354375723125,0,0,0,0,0,0,0,"exact adjacent source pair submitted"
generated_ready,1,3,0,339,2,80,79,80,0,0,237354315490541,237354315450583,237354331952291,237354375723125,0,0,10208,0,0,0,0,"Metal status completed"
selected_source,1,3,0,339,1,79,0,0,237354276369458,237354277987208,0,237354315450583,237354331952291,237354365284291,0,0,10208,0,0,0,0,"next real endpoint in source order"
presentation_submitted,1,3,332,339,1,79,0,0,237354276369458,0,0,237354315450583,237354331952291,237354365284291,0,237354315775166,10208,0,4687395445017380328,4687395445584253030,4687395446729531829,"external CAMetalDisplayLink drawable via DXMT Presenter"
source_displayed,1,3,330,337,1,78,0,0,237354242681041,0,0,237354282092791,237354298620291,237354331952291,237354318914416,0,10959,0,4687395443871209619,4687395444438974230,4687395445584253030,"normalized presentedTime from Core Animation clock"
generated_selected,1,3,0,340,2,80,79,80,237354292565166,237354310356833,237354315490541,237354332103708,237354348618291,237354381950291,0,0,10792,0,0,0,0,"exact A/B pair ready before display deadline"
presentation_submitted,1,3,333,340,2,80,79,80,237354292565166,0,237354315490541,237354332103708,237354348618291,237354381950291,0,237354332515000,10792,0,4687395445589588822,4687395446156892429,4687395447302171229,"external CAMetalDisplayLink drawable via DXMT Presenter"
generated_displayed,1,3,331,338,2,79,78,79,237354259525249,0,237354282162208,237354298817416,237354315286291,237354348618291,237354335342249,0,13209,0,4687395444445880538,4687395445011613630,4687395446156892429,"normalized presentedTime from Core Animation clock"
source_accepted,1,3,0,0,0,81,0,0,237354342119583,237354343902500,0,0,0,237354425281645,0,0,0,0,0,0,0,"owned history copy completed successfully"
history_copy_complete,1,3,0,0,0,81,0,0,237354342119583,237354343902500,0,0,0,237354425281645,0,0,0,0,0,0,0,"Metal command buffer completed"
generated_requested,1,3,0,0,2,81,80,81,237354342119583,237354343902500,0,0,0,237354408600478,0,0,0,0,0,0,0,"exact adjacent source pair submitted"
generated_ready,1,3,0,341,2,81,80,81,0,0,237354348852041,237354348777625,237354365284291,237354408600478,0,0,11875,0,0,0,0,"Metal status completed"
selected_source,1,3,0,341,1,80,0,0,237354308760875,237354310356833,0,237354348777625,237354365284291,237354398616291,0,0,11875,0,0,0,0,"next real endpoint in source order"
presentation_submitted,1,3,334,341,1,80,0,0,237354308760875,0,0,237354348777625,237354365284291,237354398616291,0,237354349146541,11875,0,4687395446162491624,4687395446729531829,4687395447874810628,"external CAMetalDisplayLink drawable via DXMT Presenter"
generated_selected,1,3,0,342,2,81,80,81,237354325440229,237354343902500,237354348852041,237354365467000,237354381950291,237354415282291,0,0,13916,0,0,0,0,"exact A/B pair ready before display deadline"
presentation_submitted,1,3,335,342,2,81,80,81,237354325440229,0,237354348852041,237354365467000,237354381950291,237354415282291,0,237354365976083,13916,0,4687395446735941363,4687395447302171229,4687395448447450028,"external CAMetalDisplayLink drawable via DXMT Presenter"
source_accepted,1,3,0,0,0,82,0,0,237354375842375,237354377640750,0,0,0,237354459003844,0,0,0,0,0,0,0,"owned history copy completed successfully"
history_copy_complete,1,3,0,0,0,82,0,0,237354375842375,237354377640750,0,0,0,237354459003844,0,0,0,0,0,0,0,"Metal command buffer completed"
generated_requested,1,3,0,0,2,82,81,82,237354375842375,237354377640750,0,0,0,237354442142744,0,0,0,0,0,0,0,"exact adjacent source pair submitted"
generated_ready,1,3,0,343,2,82,81,82,0,0,237354382330875,237354382114208,237354398616291,237354442142744,0,0,10417,0,0,0,0,"Metal status completed"
selected_source,1,3,0,343,1,81,0,0,237354342119583,237354343902500,0,237354382114208,237354398616291,237354431948291,0,0,10417,0,0,0,0,"next real endpoint in source order"
presentation_submitted,1,3,336,343,1,81,0,0,237354342119583,0,0,237354382114208,237354398616291,237354431948291,0,237354382680375,10417,0,4687395447307919338,4687395447874810628,4687395449020089428,"external CAMetalDisplayLink drawable via DXMT Presenter"
source_displayed,1,3,332,339,1,79,0,0,237354276369458,0,0,237354315450583,237354331952291,237354365284291,237354382032999,0,10208,0,4687395445017380328,4687395445584253030,4687395446729531829,"normalized presentedTime from Core Animation clock"
generated_selected,1,3,0,344,2,82,81,82,237354358980979,237354377640750,237354382330875,237354398796375,237354415282291,237354448614291,0,0,14666,0,0,0,0,"exact A/B pair ready before display deadline"
presentation_submitted,1,3,337,344,2,82,81,82,237354358980979,0,237354382330875,237354398796375,237354415282291,237354448614291,0,237354399310583,14666,0,4687395447881124230,4687395448447450028,4687395449592728827,"external CAMetalDisplayLink drawable via DXMT Presenter"
generated_displayed,1,3,333,340,2,80,79,80,237354292565166,0,237354315490541,237354332103708,237354348618291,237354381950291,237354398699499,0,10792,0,4687395445589588822,4687395446156892429,4687395447302171229,"normalized presentedTime from Core Animation clock"
source_accepted,1,3,0,0,0,83,0,0,237354409055666,237354410619500,0,0,0,237354492216507,0,0,0,0,0,0,0,"owned history copy completed successfully"
history_copy_complete,1,3,0,0,0,83,0,0,237354409055666,237354410619500,0,0,0,237354492216507,0,0,0,0,0,0,0,"Metal command buffer completed"
generated_requested,1,3,0,0,2,83,82,83,237354409055666,237354410619500,0,0,0,237354475610175,0,0,0,0,0,0,0,"exact adjacent source pair submitted"
source_displayed,1,3,334,341,1,80,0,0,237354308760875,0,0,237354348777625,237354365284291,237354398616291,237354415365999,0,11875,0,4687395446162491624,4687395446729531829,4687395447874810628,"normalized presentedTime from Core Animation clock"
generated_ready,1,3,0,345,2,83,82,83,0,0,237354418758333,237354418699750,237354431948291,237354475610175,0,0,8791,0,0,0,0,"Metal status completed"
selected_source,1,3,0,345,1,82,0,0,237354375842375,237354377640750,0,237354418699750,237354431948291,237354465280291,0,0,8791,0,0,0,0,"next real endpoint in source order"
presentation_submitted,1,3,338,345,1,82,0,0,237354375842375,0,0,237354418699750,237354431948291,237354465280291,0,237354419325416,8791,0,4687395448564984660,4687395449020089428,4687395450165368227,"external CAMetalDisplayLink drawable via DXMT Presenter"
presentation_dropped,1,3,335,342,2,81,80,81,237354325440229,0,237354348852041,237354365467000,237354381950291,237354415282291,0,0,13916,0,4687395446735941363,4687395447302171229,4687395448447450028,"Metal drawable presentedTime=0; associated frame was dropped or not presented"
source_displayed,1,3,336,343,1,81,0,0,237354342119583,0,0,237354382114208,237354398616291,237354431948291,237354421007416,0,10417,0,4687395447307919338,4687395447874810628,4687395449020089428,"normalized presentedTime from Core Animation clock"
generated_selected,1,3,0,346,2,83,82,83,237354392449020,237354410619500,237354418758333,237354432100291,237354448614291,237354481946291,0,0,12542,0,0,0,0,"exact A/B pair ready before display deadline"
presentation_submitted,1,3,339,346,2,83,82,83,237354392449020,0,237354418758333,237354432100291,237354448614291,237354481946291,0,237354432643375,12542,0,4687395449025440957,4687395449592728827,4687395450738007627,"external CAMetalDisplayLink drawable via DXMT Presenter"
generated_displayed,1,3,337,344,2,82,81,82,237354358980979,0,237354382330875,237354398796375,237354415282291,237354448614291,237354435509333,0,14666,0,4687395447881124230,4687395448447450028,4687395449592728827,"normalized presentedTime from Core Animation clock"
source_accepted,1,3,0,0,0,84,0,0,237354442685125,237354444326500,0,0,0,237354525493140,0,0,0,0,0,0,0,"owned history copy completed successfully"
history_copy_complete,1,3,0,0,0,84,0,0,237354442685125,237354444326500,0,0,0,237354525493140,0,0,0,0,0,0,0,"Metal command buffer completed"
generated_requested,1,3,0,0,2,84,83,84,237354442685125,237354444326500,0,0,0,237354508854823,0,0,0,0,0,0,0,"exact adjacent source pair submitted"
generated_ready,1,3,0,347,2,84,83,84,0,0,237354448824125,237354448777750,237354465280291,237354508854823,0,0,10375,0,0,0,0,"Metal status completed"
selected_source,1,3,0,347,1,83,0,0,237354409055666,237354410619500,0,237354448777750,237354465280291,237354498612291,0,0,10375,0,0,0,0,"next real endpoint in source order"
presentation_submitted,1,3,340,347,1,83,0,0,237354409055666,0,0,237354448777750,237354465280291,237354498612291,0,237354449180208,10375,0,4687395449598455462,4687395450165368227,4687395451310647026,"external CAMetalDisplayLink drawable via DXMT Presenter"
source_displayed,1,3,338,345,1,82,0,0,237354375842375,0,0,237354418699750,237354431948291,237354465280291,237354452046124,0,8791,0,4687395448564984660,4687395449020089428,4687395450165368227,"normalized presentedTime from Core Animation clock"
generated_selected,1,3,0,348,2,84,83,84,237354425870395,237354444326500,237354448824125,237354465453958,237354481946291,237354515278291,0,0,12667,0,0,0,0,"exact A/B pair ready before display deadline"
presentation_submitted,1,3,341,348,2,84,83,84,237354425870395,0,237354448824125,237354465453958,237354481946291,237354515278291,0,237354466012458,12667,0,4687395450171467080,4687395450738007626,4687395451883286426,"external CAMetalDisplayLink drawable via DXMT Presenter"
generated_displayed,1,3,339,346,2,83,82,83,237354392449020,0,237354418758333,237354432100291,237354448614291,237354481946291,237354468882583,0,12542,0,4687395449025440957,4687395449592728827,4687395450738007627,"normalized presentedTime from Core Animation clock"
source_accepted,1,3,0,0,0,85,0,0,237354477536958,237354479065208,0,0,0,237354560428038,0,0,0,0,0,0,0,"owned history copy completed successfully"
history_copy_complete,1,3,0,0,0,85,0,0,237354477536958,237354479065208,0,0,0,237354560428038,0,0,0,0,0,0,0,"Metal command buffer completed"
generated_requested,1,3,0,0,2,85,84,85,237354477536958,237354479065208,0,0,0,237354542960589,0,0,0,0,0,0,0,"exact adjacent source pair submitted"
generated_ready,1,3,0,349,2,85,84,85,0,0,237354482043666,237354482026875,237354498612291,237354542960589,0,0,4791,0,0,0,0,"Metal status completed"
selected_source,1,3,0,349,1,84,0,0,237354442685125,237354444326500,0,237354482026875,237354498612291,237354531944291,0,0,4791,0,0,0,0,"next real endpoint in source order"
presentation_submitted,1,3,342,349,1,84,0,0,237354442685125,0,0,237354482026875,237354498612291,237354531944291,0,237354482211291,4791,0,4687395450740873813,4687395451310647026,4687395452455925825,"external CAMetalDisplayLink drawable via DXMT Presenter"
source_displayed,1,3,340,347,1,83,0,0,237354409055666,0,0,237354448777750,237354465280291,237354498612291,237354485436458,0,10375,0,4687395449598455462,4687395450165368227,4687395451310647026,"normalized presentedTime from Core Animation clock"
generated_selected,1,3,0,350,2,85,84,85,237354460111041,237354479065208,237354482043666,237354498661166,237354515278291,237354548610291,0,0,3292,0,0,0,0,"exact A/B pair ready before display deadline"
presentation_submitted,1,3,343,350,2,85,84,85,237354460111041,0,237354482043666,237354498661166,237354515278291,237354548610291,0,237354498856791,3292,0,4687395451312422291,4687395451883286426,4687395453028565225,"external CAMetalDisplayLink drawable via DXMT Presenter"
source_accepted,1,3,0,0,0,86,0,0,237354509431541,237354511775708,0,0,0,237354592410881,0,0,0,0,0,0,0,"owned history copy completed successfully"
history_copy_complete,1,3,0,0,0,86,0,0,237354509431541,237354511775708,0,0,0,237354592410881,0,0,0,0,0,0,0,"Metal command buffer completed"
generated_requested,1,3,0,0,2,86,85,86,237354509431541,237354511775708,0,0,0,237354576419459,0,0,0,0,0,0,0,"exact adjacent source pair submitted"
generated_ready,1,3,0,351,2,86,85,86,0,0,237354515522250,237354515463666,237354531944291,237354576419459,0,0,15334,0,0,0,0,"Metal status completed"
selected_source,1,3,0,351,1,85,0,0,237354477536958,237354479065208,0,237354515463666,237354531944291,237354565276291,0,0,15334,0,0,0,0,"next real endpoint in source order"
presentation_submitted,1,3,344,351,1,85,0,0,237354477536958,0,0,237354515463666,237354531944291,237354565276291,0,237354516095500,15334,0,4687395451889781859,4687395452455925825,4687395453601204625,"external CAMetalDisplayLink drawable via DXMT Presenter"
generated_displayed,1,3,341,348,2,84,83,84,237354425870395,0,237354448824125,237354465453958,237354481946291,237354515278291,237354515364833,0,12667,0,4687395450171467080,4687395450738007626,4687395451883286426,"normalized presentedTime from Core Animation clock"
generated_selected,1,3,0,352,2,86,85,86,237354493484249,237354511775708,237354515522250,237354532115875,237354548610291,237354581942291,0,0,14541,0,0,0,0,"exact A/B pair ready before display deadline"
presentation_submitted,1,3,345,352,2,86,85,86,237354493484249,0,237354515522250,237354532115875,237354548610291,237354581942291,0,237354532673958,14541,0,4687395452461958811,4687395453028565225,4687395454173844024,"external CAMetalDisplayLink drawable via DXMT Presenter"
source_accepted,1,3,0,0,0,87,0,0,237354542102625,237354543765291,0,0,0,237354625122739,0,0,0,0,0,0,0,"owned history copy completed successfully"
history_copy_complete,1,3,0,0,0,87,0,0,237354542102625,237354543765291,0,0,0,237354625122739,0,0,0,0,0,0,0,"Metal command buffer completed"
generated_requested,1,3,0,0,2,87,86,87,237354542102625,237354543765291,0,0,0,237354608766810,0,0,0,0,0,0,0,"exact adjacent source pair submitted"
generated_ready,1,3,0,353,2,87,86,87,0,0,237354548769666,237354548737458,237354565276291,237354608766810,0,0,9667,0,0,0,0,"Metal status completed"
selected_source,1,3,0,353,1,86,0,0,237354509431541,237354511775708,0,237354548737458,237354565276291,237354598608291,0,0,9667,0,0,0,0,"next real endpoint in source order"
presentation_submitted,1,3,346,353,1,86,0,0,237354509431541,0,0,237354548737458,237354565276291,237354598608291,0,237354549119333,9667,0,4687395453033046319,4687395453601204625,4687395454746483424,"external CAMetalDisplayLink drawable via DXMT Presenter"
source_displayed,1,3,342,349,1,84,0,0,237354442685125,0,0,237354482026875,237354498612291,237354531944291,237354548697791,0,4791,0,4687395450740873813,4687395451310647026,4687395452455925825,"normalized presentedTime from Core Animation clock"
generated_displayed,1,3,343,350,2,85,84,85,237354460111041,0,237354482043666,237354498661166,237354515278291,237354548610291,237354550057374,0,3292,0,4687395451312422291,4687395451883286426,4687395453028565225,"normalized presentedTime from Core Animation clock"
source_displayed,1,3,344,351,1,85,0,0,237354477536958,0,0,237354515463666,237354531944291,237354565276291,237354554888499,0,15334,0,4687395451889781859,4687395452455925825,4687395453601204625,"normalized presentedTime from Core Animation clock"
generated_selected,1,3,0,354,2,87,86,87,237354525767083,237354543765291,237354548769666,237354565423208,237354581942291,237354615274291,0,0,10792,0,0,0,0,"exact A/B pair ready before display deadline"
presentation_submitted,1,3,347,354,2,87,86,87,237354525767083,0,237354548769666,237354565423208,237354581942291,237354615274291,0,237354565875333,10792,0,4687395453606381503,4687395454173844024,4687395455319122824,"external CAMetalDisplayLink drawable via DXMT Presenter"
generated_displayed,1,3,345,352,2,86,85,86,237354493484249,0,237354515522250,237354532115875,237354548610291,237354581942291,237354568943083,0,14541,0,4687395452461958811,4687395453028565225,4687395454173844024,"normalized presentedTime from Core Animation clock"
source_accepted,1,3,0,0,0,88,0,0,237354575793875,237354577395541,0,0,0,237354658854657,0,0,0,0,0,0,0,"owned history copy completed successfully"
history_copy_complete,1,3,0,0,0,88,0,0,237354575793875,237354577395541,0,0,0,237354658854657,0,0,0,0,0,0,0,"Metal command buffer completed"
generated_requested,1,3,0,0,2,88,87,88,237354575793875,237354577395541,0,0,0,237354641988698,0,0,0,0,0,0,0,"exact adjacent source pair submitted"
generated_ready,1,3,0,355,2,88,87,88,0,0,237354582144958,237354582107666,237354598608291,237354641988698,0,0,9792,0,0,0,0,"Metal status completed"
selected_source,1,3,0,355,1,87,0,0,237354542102625,237354543765291,0,237354582107666,237354598608291,237354631940291,0,0,9792,0,0,0,0,"next real endpoint in source order"
presentation_submitted,1,3,348,355,1,87,0,0,237354542102625,0,0,237354582107666,237354598608291,237354631940291,0,237354582475166,9792,0,4687395454179642230,4687395454746483424,4687395455891762223,"external CAMetalDisplayLink drawable via DXMT Presenter"
source_displayed,1,3,346,353,1,86,0,0,237354509431541,0,0,237354548737458,237354565276291,237354598608291,237354585541083,0,9667,0,4687395453033046319,4687395453601204625,4687395454746483424,"normalized presentedTime from Core Animation clock"
generated_selected,1,3,0,356,2,88,87,88,237354558948250,237354577395541,237354582144958,237354598770041,237354615274291,237354648606291,0,0,12000,0,0,0,0,"exact A/B pair ready before display deadline"
presentation_submitted,1,3,349,356,2,88,87,88,237354558948250,0,237354582144958,237354598770041,237354615274291,237354648606291,0,237354599235000,12000,0,4687395454752184289,4687395455319122824,4687395456464401623,"external CAMetalDisplayLink drawable via DXMT Presenter"
generated_displayed,1,3,347,354,2,87,86,87,237354525767083,0,237354548769666,237354565423208,237354581942291,237354615274291,237354602106208,0,10792,0,4687395453606381503,4687395454173844024,4687395455319122824,"normalized presentedTime from Core Animation clock"
source_accepted,1,3,0,0,0,89,0,0,237354609484708,237354610996041,0,0,0,237354692570593,0,0,0,0,0,0,0,"owned history copy completed successfully"
history_copy_complete,1,3,0,0,0,89,0,0,237354609484708,237354610996041,0,0,0,237354692570593,0,0,0,0,0,0,0,"Metal command buffer completed"
generated_requested,1,3,0,0,2,89,88,89,237354609484708,237354610996041,0,0,0,237354675712625,0,0,0,0,0,0,0,"exact adjacent source pair submitted"
generated_ready,1,3,0,357,2,89,88,89,0,0,237354615495458,237354615429000,237354631940291,237354675712625,0,0,11041,0,0,0,0,"Metal status completed"
selected_source,1,3,0,357,1,88,0,0,237354575793875,237354577395541,0,237354615429000,237354631940291,237354665272291,0,0,11041,0,0,0,0,"next real endpoint in source order"
presentation_submitted,1,3,350,357,1,88,0,0,237354575793875,0,0,237354615429000,237354631940291,237354665272291,0,237354615966333,11041,0,4687395455324554514,4687395455891762223,4687395457037041023,"external CAMetalDisplayLink drawable via DXMT Presenter"
source_displayed,1,3,348,355,1,87,0,0,237354542102625,0,0,237354582107666,237354598608291,237354631940291,237354618810541,0,9792,0,4687395454179642230,4687395454746483424,4687395455891762223,"normalized presentedTime from Core Animation clock"
generated_selected,1,3,0,358,2,89,88,89,237354592639291,237354610996041,237354615495458,237354632098583,237354648606291,237354681938291,0,0,11958,0,0,0,0,"exact A/B pair ready before display deadline"
presentation_submitted,1,3,351,358,2,89,88,89,237354592639291,0,237354615495458,237354632098583,237354648606291,237354681938291,0,237354632592166,11958,0,4687395455897327058,4687395456464401623,4687395457609680422,"external CAMetalDisplayLink drawable via DXMT Presenter"
source_accepted,1,3,0,0,0,90,0,0,237354642106875,237354644062416,0,0,0,237354725213578,0,0,0,0,0,0,0,"owned history copy completed successfully"
history_copy_complete,1,3,0,0,0,90,0,0,237354642106875,237354644062416,0,0,0,237354725213578,0,0,0,0,0,0,0,"Metal command buffer completed"
generated_requested,1,3,0,0,2,90,89,90,237354642106875,237354644062416,0,0,0,237354708892085,0,0,0,0,0,0,0,"exact adjacent source pair submitted"
generated_ready,1,3,0,359,2,90,89,90,0,0,237354648799666,237354648758916,237354665272291,237354708892085,0,0,10042,0,0,0,0,"Metal status completed"
selected_source,1,3,0,359,1,89,0,0,237354609484708,237354610996041,0,237354648758916,237354665272291,237354698604291,0,0,10042,0,0,0,0,"next real endpoint in source order"
presentation_submitted,1,3,352,359,1,89,0,0,237354609484708,0,0,237354648758916,237354665272291,237354698604291,0,237354649196291,10042,0,4687395456469761742,4687395457037041023,4687395458182319822,"external CAMetalDisplayLink drawable via DXMT Presenter"
generated_displayed,1,3,349,356,2,88,87,88,237354558948250,0,237354582144958,237354598770041,237354615274291,237354648606291,237354648696624,0,12000,0,4687395454752184289,4687395455319122824,4687395456464401623,"normalized presentedTime from Core Animation clock"
generated_selected,1,3,0,360,2,90,89,90,237354625795791,237354644062416,237354648799666,237354665443750,237354681938291,237354715270291,0,0,14625,0,0,0,0,"exact A/B pair ready before display deadline"
presentation_submitted,1,3,353,360,2,90,89,90,237354625795791,0,237354648799666,237354665443750,237354681938291,237354715270291,0,237354665919583,14625,0,4687395457043066862,4687395457609680422,4687395458754959222,"external CAMetalDisplayLink drawable via DXMT Presenter"
source_accepted,1,3,0,0,0,91,0,0,237354675436083,237354677068000,0,0,0,237354758557307,0,0,0,0,0,0,0,"owned history copy completed successfully"
history_copy_complete,1,3,0,0,0,91,0,0,237354675436083,237354677068000,0,0,0,237354758557307,0,0,0,0,0,0,0,"Metal command buffer completed"
generated_requested,1,3,0,0,2,91,90,91,237354675436083,237354677068000,0,0,0,237354741885442,0,0,0,0,0,0,0,"exact adjacent source pair submitted"
generated_ready,1,3,0,361,2,91,90,91,0,0,237354682174833,237354682121958,237354698604291,237354741885442,0,0,13042,0,0,0,0,"Metal status completed"
selected_source,1,3,0,361,1,90,0,0,237354642106875,237354644062416,0,237354682121958,237354698604291,237354731936291,0,0,13042,0,0,0,0,"next real endpoint in source order"
presentation_submitted,1,3,354,361,1,90,0,0,237354642106875,0,0,237354682121958,237354698604291,237354731936291,0,237354682693666,13042,0,4687395457616118578,4687395458182319822,4687395459327598621,"external CAMetalDisplayLink drawable via DXMT Presenter"
source_displayed,1,3,350,357,1,88,0,0,237354575793875,0,0,237354615429000,237354631940291,237354665272291,237354682029583,0,11041,0,4687395455324554514,4687395455891762223,4687395457037041023,"normalized presentedTime from Core Animation clock"
generated_displayed,1,3,351,358,2,89,88,89,237354592639291,0,237354615495458,237354632098583,237354648606291,237354681938291,237354684095458,0,11958,0,4687395455897327058,4687395456464401623,4687395457609680422,"normalized presentedTime from Core Animation clock"
generated_selected,1,3,0,362,2,91,90,91,237354658771479,237354677068000,237354682174833,237354698832916,237354715270291,237354748602291,0,0,17750,0,0,0,0,"exact A/B pair ready before display deadline"
presentation_submitted,1,3,355,362,2,91,90,91,237354658771479,0,237354682174833,237354698832916,237354715270291,237354748602291,0,237354699366458,17750,0,4687395458190318494,4687395458754959221,4687395459900238021,"external CAMetalDisplayLink drawable via DXMT Presenter"
source_displayed,1,3,352,359,1,89,0,0,237354609484708,0,0,237354648758916,237354665272291,237354698604291,237354692555208,0,10042,0,4687395456469761742,4687395457037041023,4687395458182319822,"normalized presentedTime from Core Animation clock"
generated_displayed,1,3,353,360,2,90,89,90,237354625795791,0,237354648799666,237354665443750,237354681938291,237354715270291,237354705328333,0,14625,0,4687395457043066862,4687395457609680422,4687395458754959222,"normalized presentedTime from Core Animation clock"
source_accepted,1,3,0,0,0,92,0,0,237354711902083,237354713452875,0,0,0,237354795023884,0,0,0,0,0,0,0,"owned history copy completed successfully"
history_copy_complete,1,3,0,0,0,92,0,0,237354711902083,237354713452875,0,0,0,237354795023884,0,0,0,0,0,0,0,"Metal command buffer completed"
generated_requested,1,3,0,0,2,92,91,92,237354711902083,237354713452875,0,0,0,237354776790595,0,0,0,0,0,0,0,"exact adjacent source pair submitted"
generated_ready,1,3,0,363,2,92,91,92,0,0,237354715403833,237354715354458,237354731936291,237354776790595,0,0,6333,0,0,0,0,"Metal status completed"
selected_source,1,3,0,363,1,91,0,0,237354675436083,237354677068000,0,237354715354458,237354731936291,237354765268291,0,0,6333,0,0,0,0,"next real endpoint in source order"
presentation_submitted,1,3,356,363,1,91,0,0,237354675436083,0,0,237354715354458,237354731936291,237354765268291,0,237354715658208,6333,0,4687395458757949962,4687395459327598621,4687395460472877420,"external CAMetalDisplayLink drawable via DXMT Presenter"
source_displayed,1,3,354,361,1,90,0,0,237354642106875,0,0,237354682121958,237354698604291,237354731936291,237354718509708,0,13042,0,4687395457616118578,4687395458182319822,4687395459327598621,"normalized presentedTime from Core Animation clock"
generated_selected,1,3,0,364,2,92,91,92,237354693669083,237354713452875,237354715403833,237354731997583,237354748602291,237354781934291,0,0,5292,0,0,0,0,"exact A/B pair ready before display deadline"
presentation_submitted,1,3,357,364,2,92,91,92,237354693669083,0,237354715403833,237354731997583,237354748602291,237354781934291,0,237354732172083,5292,0,4687395459329814824,4687395459900238021,4687395461045516820,"external CAMetalDisplayLink drawable via DXMT Presenter"
generated_displayed,1,3,355,362,2,91,90,91,237354658771479,0,237354682174833,237354698832916,237354715270291,237354748602291,237354734543708,0,17750,0,4687395458190318494,4687395458754959221,4687395459900238021,"normalized presentedTime from Core Animation clock"
source_accepted,1,3,0,0,0,93,0,0,237354742135750,237354742882791,0,0,0,237354825289792,0,0,0,0,0,0,0,"owned history copy completed successfully"
history_copy_complete,1,3,0,0,0,93,0,0,237354742135750,237354742882791,0,0,0,237354825289792,0,0,0,0,0,0,0,"Metal command buffer completed"
generated_requested,1,3,0,0,2,93,92,93,237354742135750,237354742882791,0,0,0,237354810156838,0,0,0,0,0,0,0,"exact adjacent source pair submitted"
generated_ready,1,3,0,365,2,93,92,93,0,0,237354748652083,237354748644375,237354765268291,237354810156838,0,0,1500,0,0,0,0,"Metal status completed"
selected_source,1,3,0,365,1,92,0,0,237354711902083,237354713452875,0,237354748644375,237354765268291,237354798600291,0,0,1500,0,0,0,0,"next real endpoint in source order"
presentation_submitted,1,3,358,365,1,92,0,0,237354711902083,0,0,237354748644375,237354765268291,237354798600291,0,237354748716083,1500,0,4687395459901778471,4687395460472877420,4687395461618156220,"external CAMetalDisplayLink drawable via DXMT Presenter"
source_displayed,1,3,356,363,1,91,0,0,237354675436083,0,0,237354715354458,237354731936291,237354765268291,237354751464416,0,6333,0,4687395458757949962,4687395459327598621,4687395460472877420,"normalized presentedTime from Core Animation clock"
generated_selected,1,3,0,366,2,93,92,93,237354727018916,237354742882791,237354748652083,237354765380208,237354781934291,237354815266291,0,0,7167,0,0,0,0,"exact A/B pair ready before display deadline"
presentation_submitted,1,3,359,366,2,93,92,93,237354727018916,0,237354748652083,237354765380208,237354781934291,237354815266291,0,237354765679833,7167,0,4687395460476833085,4687395461045516820,4687395462190795619,"external CAMetalDisplayLink drawable via DXMT Presenter"
generated_displayed,1,3,357,364,2,92,91,92,237354693669083,0,237354715403833,237354731997583,237354748602291,237354781934291,237354768750833,0,5292,0,4687395459329814824,4687395459900238021,4687395461045516820,"normalized presentedTime from Core Animation clock"
source_accepted,1,3,0,0,0,94,0,0,237354776409458,237354777953958,0,0,0,237354859586459,0,0,0,0,0,0,0,"owned history copy completed successfully"
history_copy_complete,1,3,0,0,0,94,0,0,237354776409458,237354777953958,0,0,0,237354859586459,0,0,0,0,0,0,0,"Metal command buffer completed"
generated_requested,1,3,0,0,2,94,93,94,237354776409458,237354777953958,0,0,0,237354842438125,0,0,0,0,0,0,0,"exact adjacent source pair submitted"
generated_ready,1,3,0,367,2,94,93,94,0,0,237354782152125,237354782109083,237354798600291,237354842438125,0,0,10833,0,0,0,0,"Metal status completed"
selected_source,1,3,0,367,1,93,0,0,237354742135750,237354742882791,0,237354782109083,237354798600291,237354831932291,0,0,10833,0,0,0,0,"next real endpoint in source order"
presentation_submitted,1,3,360,367,1,93,0,0,237354742135750,0,0,237354782109083,237354798600291,237354831932291,0,237354782510666,10833,0,4687395461051642886,4687395461618156220,4687395462763435019,"external CAMetalDisplayLink drawable via DXMT Presenter"
source_displayed,1,3,358,365,1,92,0,0,237354711902083,0,0,237354748644375,237354765268291,237354798600291,237354785314083,0,1500,0,4687395459901778471,4687395460472877420,4687395461618156220,"normalized presentedTime from Core Animation clock"
generated_selected,1,3,0,368,2,94,93,94,237354759272604,237354777953958,237354782152125,237354798781833,237354815266291,237354848598291,0,0,12583,0,0,0,0,"exact A/B pair ready before display deadline"
presentation_submitted,1,3,361,368,2,94,93,94,237354759272604,0,237354782152125,237354798781833,237354815266291,237354848598291,0,237354799413458,12583,0,4687395461624527099,4687395462190795619,4687395463336074419,"external CAMetalDisplayLink drawable via DXMT Presenter"
generated_displayed,1,3,359,366,2,93,92,93,237354727018916,0,237354748652083,237354765380208,237354781934291,237354815266291,237354801828958,0,7167,0,4687395460476833085,4687395461045516820,4687395462190795619,"normalized presentedTime from Core Animation clock"
source_accepted,1,3,0,0,0,95,0,0,237354808960750,237354810533750,0,0,0,237354892132111,0,0,0,0,0,0,0,"owned history copy completed successfully"
history_copy_complete,1,3,0,0,0,95,0,0,237354808960750,237354810533750,0,0,0,237354892132111,0,0,0,0,0,0,0,"Metal command buffer completed"
generated_requested,1,3,0,0,2,95,94,95,237354808960750,237354810533750,0,0,0,237354875859285,0,0,0,0,0,0,0,"exact adjacent source pair submitted"
generated_ready,1,3,0,369,2,95,94,95,0,0,237354815473041,237354815435958,237354831932291,237354875859285,0,0,9083,0,0,0,0,"Metal status completed"
selected_source,1,3,0,369,1,94,0,0,237354776409458,237354777953958,0,237354815435958,237354831932291,237354865264291,0,0,9083,0,0,0,0,"next real endpoint in source order"
presentation_submitted,1,3,362,369,1,94,0,0,237354776409458,0,0,237354815435958,237354831932291,237354865264291,0,237354815770791,9083,0,4687395462196748444,4687395462763435019,4687395463908713818,"external CAMetalDisplayLink drawable via DXMT Presenter"
source_displayed,1,3,360,367,1,93,0,0,237354742135750,0,0,237354782109083,237354798600291,237354831932291,237354818539999,0,10833,0,4687395461051642886,4687395461618156220,4687395462763435019,"normalized presentedTime from Core Animation clock"
generated_selected,1,3,0,370,2,95,94,95,237354792685104,237354810533750,237354815473041,237354832090750,237354848598291,237354881930291,0,0,11416,0,0,0,0,"exact A/B pair ready before display deadline"
presentation_submitted,1,3,363,370,2,95,94,95,237354792685104,0,237354815473041,237354832090750,237354848598291,237354881930291,0,237354832506500,11416,0,4687395462769012738,4687395463336074419,4687395464481353218,"external CAMetalDisplayLink drawable via DXMT Presenter"
source_accepted,1,3,0,0,0,96,0,0,237354842472666,237354844340083,0,0,0,237354925643155,0,0,0,0,0,0,0,"owned history copy completed successfully"
history_copy_complete,1,3,0,0,0,96,0,0,237354842472666,237354844340083,0,0,0,237354925643155,0,0,0,0,0,0,0,"Metal command buffer completed"
generated_requested,1,3,0,0,2,96,95,96,237354842472666,237354844340083,0,0,0,237354908887633,0,0,0,0,0,0,0,"exact adjacent source pair submitted"
generated_ready,1,3,0,371,2,96,95,96,0,0,237354848791875,237354848754000,237354865264291,237354908887633,0,0,10750,0,0,0,0,"Metal status completed"
selected_source,1,3,0,371,1,95,0,0,237354808960750,237354810533750,0,237354848754000,237354865264291,237354898596291,0,0,10750,0,0,0,0,"next real endpoint in source order"
presentation_submitted,1,3,364,371,1,95,0,0,237354808960750,0,0,237354848754000,237354865264291,237354898596291,0,237354849099333,10750,0,4687395463341530470,4687395463908713818,4687395465053992618,"external CAMetalDisplayLink drawable via DXMT Presenter"
generated_selected,1,3,0,372,2,96,95,96,237354825716708,237354844340083,237354848791875,237354865437500,237354881930291,237354915262291,0,0,12083,0,0,0,0,"exact A/B pair ready before display deadline"
presentation_submitted,1,3,365,372,2,96,95,96,237354825716708,0,237354848791875,237354865437500,237354881930291,237354915262291,0,237354865888833,12083,0,4687395463914794049,4687395464481353218,4687395465626632017,"external CAMetalDisplayLink drawable via DXMT Presenter"
generated_displayed,1,3,361,368,2,94,93,94,237354759272604,0,237354782152125,237354798781833,237354815266291,237354848598291,237354865360999,0,12583,0,4687395461624527099,4687395462190795619,4687395463336074419,"normalized presentedTime from Core Animation clock"
source_accepted,1,3,0,0,0,97,0,0,237354876251500,237354878053125,0,0,0,237354959421004,0,0,0,0,0,0,0,"owned history copy completed successfully"
history_copy_complete,1,3,0,0,0,97,0,0,237354876251500,237354878053125,0,0,0,237354959421004,0,0,0,0,0,0,0,"Metal command buffer completed"
generated_requested,1,3,0,0,2,97,96,97,237354876251500,237354878053125,0,0,0,237354942532079,0,0,0,0,0,0,0,"exact adjacent source pair submitted"
generated_ready,1,3,0,373,2,97,96,97,0,0,237354882275083,237354882141208,237354898596290,237354942532079,0,0,9792,0,0,0,0,"Metal status completed"
selected_source,1,3,0,373,1,96,0,0,237354842472666,237354844340083,0,237354882141208,237354898596290,237354931928291,0,0,9792,0,0,0,0,"next real endpoint in source order"
presentation_submitted,1,3,366,373,1,96,0,0,237354842472666,0,0,237354882141208,237354898596290,237354931928291,0,237354882565541,9792,0,4687395464488709054,4687395465053992617,4687395466199271417,"external CAMetalDisplayLink drawable via DXMT Presenter"
source_displayed,1,3,362,369,1,94,0,0,237354776409458,0,0,237354815435958,237354831932291,237354865264291,237354882027374,0,9083,0,4687395462196748444,4687395462763435019,4687395463908713818,"normalized presentedTime from Core Animation clock"
generated_selected,1,3,0,374,2,97,96,97,237354859362083,237354878053125,237354882275083,237354898808000,237354915262291,237354948594291,0,0,16708,0,0,0,0,"exact A/B pair ready before display deadline"
presentation_submitted,1,3,367,374,2,97,96,97,237354859362083,0,237354882275083,237354898808000,237354915262291,237354948594291,0,237354899569708,16708,0,4687395465061414321,4687395465626632017,4687395466771910816,"external CAMetalDisplayLink drawable via DXMT Presenter"
generated_displayed,1,3,363,370,2,95,94,95,237354792685104,0,237354815473041,237354832090750,237354848598291,237354881930291,237354898693874,0,11416,0,4687395462769012738,4687395463336074419,4687395464481353218,"normalized presentedTime from Core Animation clock"
source_accepted,1,3,0,0,0,98,0,0,237354908872333,237354910616416,0,0,0,237354992030233,0,0,0,0,0,0,0,"owned history copy completed successfully"
history_copy_complete,1,3,0,0,0,98,0,0,237354908872333,237354910616416,0,0,0,237354992030233,0,0,0,0,0,0,0,"Metal command buffer completed"
generated_requested,1,3,0,0,2,98,97,98,237354908872333,237354910616416,0,0,0,237354975725618,0,0,0,0,0,0,0,"exact adjacent source pair submitted"
generated_ready,1,3,0,375,2,98,97,98,0,0,237354915431791,237354915395458,237354931928291,237354975725618,0,0,10125,0,0,0,0,"Metal status completed"
selected_source,1,3,0,375,1,97,0,0,237354876251500,237354878053125,0,237354915395458,237354931928291,237354965260291,0,0,10125,0,0,0,0,"next real endpoint in source order"
presentation_submitted,1,3,368,375,1,97,0,0,237354876251500,0,0,237354915395458,237354931928291,237354965260291,0,237354915777000,10125,0,4687395465631323565,4687395466199271417,4687395467344550216,"external CAMetalDisplayLink drawable via DXMT Presenter"
source_displayed,1,3,364,371,1,95,0,0,237354808960750,0,0,237354848754000,237354865264291,237354898596291,237354915360333,0,10750,0,4687395463341530470,4687395463908713818,4687395465053992618,"normalized presentedTime from Core Animation clock"
generated_displayed,1,3,365,372,2,96,95,96,237354825716708,0,237354848791875,237354865437500,237354881930291,237354915262291,237354916814666,0,12083,0,4687395463914794049,4687395464481353218,4687395465626632017,"normalized presentedTime from Core Animation clock"
source_displayed,1,3,366,373,1,96,0,0,237354842472666,0,0,237354882141208,237354898596290,237354931928291,237354924571833,0,9792,0,4687395464488709054,4687395465053992617,4687395466199271417,"normalized presentedTime from Core Animation clock"
generated_selected,1,3,0,376,2,98,97,98,237354892561916,237354910616416,237354915431791,237354932045750,237354948594291,237354981926291,0,0,8166,0,0,0,0,"exact A/B pair ready before display deadline"
presentation_submitted,1,3,369,376,2,98,97,98,237354892561916,0,237354915431791,237354932045750,237354948594291,237354981926291,0,237354932417041,8166,0,4687395466203436092,4687395466771910816,4687395467917189616,"external CAMetalDisplayLink drawable via DXMT Presenter"
generated_displayed,1,3,367,374,2,97,96,97,237354859362083,0,237354882275083,237354898808000,237354915262291,237354948594291,237354934850708,0,16708,0,4687395465061414321,4687395465626632017,4687395466771910816,"normalized presentedTime from Core Animation clock"
source_accepted,1,3,0,0,0,99,0,0,237354942470750,237354944267125,0,0,0,237355025640050,0,0,0,0,0,0,0,"owned history copy completed successfully"
history_copy_complete,1,3,0,0,0,99,0,0,237354942470750,237354944267125,0,0,0,237355025640050,0,0,0,0,0,0,0,"Metal command buffer completed"
generated_requested,1,3,0,0,2,99,98,99,237354942470750,237354944267125,0,0,0,237355008835141,0,0,0,0,0,0,0,"exact adjacent source pair submitted"
generated_ready,1,3,0,377,2,99,98,99,0,0,237354948786375,237354948733083,237354965260291,237355008835141,0,0,7583,0,0,0,0,"Metal status completed"
selected_source,1,3,0,377,1,98,0,0,237354908872333,237354910616416,0,237354948733083,237354965260291,237354998592291,0,0,7583,0,0,0,0,"next real endpoint in source order"
presentation_submitted,1,3,370,377,1,98,0,0,237354908872333,0,0,237354948733083,237354965260291,237354998592291,0,237354949116166,7583,0,4687395466776787047,4687395467344550216,4687395468489829015,"external CAMetalDisplayLink drawable via DXMT Presenter"
source_displayed,1,3,368,375,1,97,0,0,237354876251500,0,0,237354915395458,237354931928291,237354965260291,237354952027749,0,10125,0,4687395465631323565,4687395466199271417,4687395467344550216,"normalized presentedTime from Core Animation clock"
generated_selected,1,3,0,378,2,99,98,99,237354925671541,237354944267125,237354948786375,237354965423625,237354981926291,237355015258291,0,0,11000,0,0,0,0,"exact A/B pair ready before display deadline"
presentation_submitted,1,3,371,378,2,99,98,99,237354925671541,0,237354948786375,237354965423625,237354981926291,237355015258291,0,237354965837250,11000,0,4687395467350288292,4687395467917189616,4687395469062468415,"external CAMetalDisplayLink drawable via DXMT Presenter"
generated_displayed,1,3,369,376,2,98,97,98,237354892561916,0,237354915431791,237354932045750,237354948594291,237354981926291,237354968337833,0,8166,0,4687395466203436092,4687395466771910816,4687395467917189616,"normalized presentedTime from Core Animation clock"
source_accepted,1,3,0,0,0,100,0,0,237354975604458,237354976991791,0,0,0,237355058776137,0,0,0,0,0,0,0,"owned history copy completed successfully"
history_copy_complete,1,3,0,0,0,100,0,0,237354975604458,237354976991791,0,0,0,237355058776137,0,0,0,0,0,0,0,"Metal command buffer completed"
generated_requested,1,3,0,0,2,100,99,100,237354975604458,237354976991791,0,0,0,237355042208093,0,0,0,0,0,0,0,"exact adjacent source pair submitted"
generated_ready,1,3,0,379,2,100,99,100,0,0,237354982191041,237354982108208,237354998592291,237355042208093,0,0,13375,0,0,0,0,"Metal status completed"
selected_source,1,3,0,379,1,99,0,0,237354942470750,237354944267125,0,237354982108208,237354998592291,237355031924291,0,0,13375,0,0,0,0,"next real endpoint in source order"
presentation_submitted,1,3,372,379,1,99,0,0,237354942470750,0,0,237354982108208,237354998592291,237355031924291,0,237354982523250,13375,0,4687395467923566199,4687395468489829015,4687395469635107815,"external CAMetalDisplayLink drawable via DXMT Presenter"
source_displayed,1,3,370,377,1,98,0,0,237354908872333,0,0,237354948733083,237354965260291,237354998592291,237354985219749,0,7583,0,4687395466776787047,4687395467344550216,4687395468489829015,"normalized presentedTime from Core Animation clock"
generated_selected,1,3,0,380,2,100,99,100,237354959037604,237354976991791,237354982191041,237354998757500,237355015258291,237355048590291,0,0,11833,0,0,0,0,"exact A/B pair ready before display deadline"
presentation_submitted,1,3,373,380,2,100,99,100,237354959037604,0,237354982191041,237354998757500,237355015258291,237355048590291,0,237354999202958,11833,0,4687395468495640106,4687395469062468415,4687395470207747214,"external CAMetalDisplayLink drawable via DXMT Presenter"
generated_displayed,1,3,371,378,2,99,98,99,237354925671541,0,237354948786375,237354965423625,237354981926291,237355015258291,237355002139916,0,11000,0,4687395467350288292,4687395467917189616,4687395469062468415,"normalized presentedTime from Core Animation clock"
source_accepted,1,3,0,0,0,101,0,0,237355009162666,237355011242250,0,0,0,237355092331215,0,0,0,0,0,0,0,"owned history copy completed successfully"
history_copy_complete,1,3,0,0,0,101,0,0,237355009162666,237355011242250,0,0,0,237355092331215,0,0,0,0,0,0,0,"Metal command buffer completed"
generated_requested,1,3,0,0,2,101,100,101,237355009162666,237355011242250,0,0,0,237355075553676,0,0,0,0,0,0,0,"exact adjacent source pair submitted"
generated_ready,1,3,0,381,2,101,100,101,0,0,237355015418625,237355015370458,237355031924291,237355075553676,0,0,10333,0,0,0,0,"Metal status completed"
selected_source,1,3,0,381,1,100,0,0,237354975604458,237354976991791,0,237355015370458,237355031924291,237355065256291,0,0,10333,0,0,0,0,"next real endpoint in source order"
presentation_submitted,1,3,374,381,1,100,0,0,237354975604458,0,0,237355015370458,237355031924291,237355065256291,0,237355015660208,10333,0,4687395469066425523,4687395469635107815,4687395470780386614,"external CAMetalDisplayLink drawable via DXMT Presenter"
generated_selected,1,3,0,382,2,101,100,101,237354992383562,237355011242250,237355015418625,237355032108416,237355048590291,237355081922291,0,0,14750,0,0,0,0,"exact A/B pair ready before display deadline"
presentation_submitted,1,3,375,382,2,101,100,101,237354992383562,0,237355015418625,237355032108416,237355048590291,237355081922291,0,237355032657041,14750,0,4687395469641570297,4687395470207747214,4687395471353026014,"external CAMetalDisplayLink drawable via DXMT Presenter"
source_accepted,1,3,0,0,0,102,0,0,237355042470041,237355044302916,0,0,0,237355125641458,0,0,0,0,0,0,0,"owned history copy completed successfully"
history_copy_complete,1,3,0,0,0,102,0,0,237355042470041,237355044302916,0,0,0,237355125641458,0,0,0,0,0,0,0,"Metal command buffer completed"
generated_requested,1,3,0,0,2,102,101,102,237355042470041,237355044302916,0,0,0,237355108986336,0,0,0,0,0,0,0,"exact adjacent source pair submitted"
generated_ready,1,3,0,383,2,102,101,102,0,0,237355048786958,237355048743500,237355065256291,237355108986336,0,0,10833,0,0,0,0,"Metal status completed"
selected_source,1,3,0,383,1,101,0,0,237355009162666,237355011242250,0,237355048743500,237355065256291,237355098588291,0,0,10833,0,0,0,0,"next real endpoint in source order"
presentation_submitted,1,3,376,383,1,101,0,0,237355009162666,0,0,237355048743500,237355065256291,237355098588291,0,237355049165875,10833,0,4687395470213123070,4687395470780386614,4687395471925665413,"external CAMetalDisplayLink drawable via DXMT Presenter"
source_displayed,1,3,372,379,1,99,0,0,237354942470750,0,0,237354982108208,237354998592291,237355031924291,237355048692208,0,13375,0,4687395467923566199,4687395468489829015,4687395469635107815,"normalized presentedTime from Core Animation clock"
generated_selected,1,3,0,384,2,102,101,102,237355025816353,237355044302916,237355048786958,237355065464250,237355081922291,237355115254291,0,0,15625,0,0,0,0,"exact A/B pair ready before display deadline"
presentation_submitted,1,3,377,384,2,102,101,102,237355025816353,0,237355048786958,237355065464250,237355081922291,237355115254291,0,237355066435791,15625,0,4687395470787672322,4687395471353026014,4687395472498304813,"external CAMetalDisplayLink drawable via DXMT Presenter"
generated_displayed,1,3,373,380,2,100,99,100,237354959037604,0,237354982191041,237354998757500,237355015258291,237355048590291,237355065358708,0,11833,0,4687395468495640106,4687395469062468415,4687395470207747214,"normalized presentedTime from Core Animation clock"
source_accepted,1,3,0,0,0,103,0,0,237355078320083,237355079740708,0,0,0,237355161486227,0,0,0,0,0,0,0,"owned history copy completed successfully"
history_copy_complete,1,3,0,0,0,103,0,0,237355078320083,237355079740708,0,0,0,237355161486227,0,0,0,0,0,0,0,"Metal command buffer completed"
generated_requested,1,3,0,0,2,103,102,103,237355078320083,237355079740708,0,0,0,237355143563842,0,0,0,0,0,0,0,"exact adjacent source pair submitted"
source_displayed,1,3,374,381,1,100,0,0,237354975604458,0,0,237355015370458,237355031924291,237355065256291,237355082025166,0,10333,0,4687395469066425523,4687395469635107815,4687395470780386614,"normalized presentedTime from Core Animation clock"
generated_ready,1,3,0,385,2,103,102,103,0,0,237355084753000,237355084740291,237355098588291,237355143563842,0,0,2917,0,0,0,0,"Metal status completed"
selected_source,1,3,0,385,1,102,0,0,237355042470041,237355044302916,0,237355084740291,237355098588291,237355131920291,0,0,2917,0,0,0,0,"next real endpoint in source order"
presentation_submitted,1,3,378,385,1,102,0,0,237355042470041,0,0,237355084740291,237355098588291,237355131920291,0,237355084847208,2917,0,4687395471449949097,4687395471925665413,4687395473070944213,"external CAMetalDisplayLink drawable via DXMT Presenter"
presentation_dropped,1,3,375,382,2,101,100,101,237354992383562,0,237355015418625,237355032108416,237355048590291,237355081922291,0,0,14750,0,4687395469641570297,4687395470207747214,4687395471353026014,"Metal drawable presentedTime=0; associated frame was dropped or not presented"
source_displayed,1,3,376,383,1,101,0,0,237355009162666,0,0,237355048743500,237355065256291,237355098588291,237355086962583,0,10833,0,4687395470213123070,4687395470780386614,4687395471925665413,"normalized presentedTime from Core Animation clock"
generated_selected,1,3,0,386,2,103,102,103,237355060395062,237355079740708,237355084753000,237355098738166,237355115254291,237355148586291,0,0,10917,0,0,0,0,"exact A/B pair ready before display deadline"
presentation_submitted,1,3,379,386,2,103,102,103,237355060395062,0,237355084753000,237355098738166,237355115254291,237355148586291,0,237355099242416,10917,0,4687395471930932486,4687395472498304813,4687395473643583612,"external CAMetalDisplayLink drawable via DXMT Presenter"
source_accepted,1,3,0,0,0,104,0,0,237355109112041,237355111901375,0,0,0,237355191989947,0,0,0,0,0,0,0,"owned history copy completed successfully"
history_copy_complete,1,3,0,0,0,104,0,0,237355109112041,237355111901375,0,0,0,237355191989947,0,0,0,0,0,0,0,"Metal command buffer completed"
generated_displayed,1,3,377,384,2,102,101,102,237355025816353,0,237355048786958,237355065464250,237355081922291,237355115254291,237355103221916,0,15625,0,4687395470787672322,4687395471353026014,4687395472498304813,"normalized presentedTime from Core Animation clock"
generated_requested,1,3,0,0,2,104,103,104,237355109112041,237355111901375,0,0,0,237355176738087,0,0,0,0,0,0,0,"exact adjacent source pair submitted"
generated_ready,1,3,0,387,2,104,103,104,0,0,237355115612083,237355115558291,237355131920291,237355176738087,0,0,16917,0,0,0,0,"Metal status completed"
selected_source,1,3,0,387,1,103,0,0,237355078320083,237355079740708,0,237355115558291,237355131920291,237355165252291,0,0,16917,0,0,0,0,"next real endpoint in source order"
presentation_submitted,1,3,380,387,1,103,0,0,237355078320083,0,0,237355115558291,237355131920291,237355165252291,0,237355116141208,16917,0,4687395472508890464,4687395473070944212,4687395474216223012,"external CAMetalDisplayLink drawable via DXMT Presenter"
source_displayed,1,3,378,385,1,102,0,0,237355042470041,0,0,237355084740291,237355098588291,237355131920291,237355120513916,0,2917,0,4687395471449949097,4687395471925665413,4687395473070944213,"normalized presentedTime from Core Animation clock"
generated_selected,1,3,0,388,2,104,103,104,237355093716062,237355111901375,237355115612083,237355132137833,237355148586291,237355181918291,0,0,19625,0,0,0,0,"exact A/B pair ready before display deadline"
presentation_submitted,1,3,381,388,2,104,103,104,237355093716062,0,237355115612083,237355132137833,237355148586291,237355181918291,0,237355132936708,19625,0,4687395473078582107,4687395473643583612,4687395474788862411,"external CAMetalDisplayLink drawable via DXMT Presenter"
source_accepted,1,3,0,0,0,105,0,0,237355142485875,237355145177125,0,0,0,237355225409609,0,0,0,0,0,0,0,"owned history copy completed successfully"
history_copy_complete,1,3,0,0,0,105,0,0,237355142485875,237355145177125,0,0,0,237355225409609,0,0,0,0,0,0,0,"Metal command buffer completed"
generated_displayed,1,3,379,386,2,103,102,103,237355060395062,0,237355084753000,237355098738166,237355115254291,237355148586291,237355136602416,0,10917,0,4687395471930932486,4687395472498304813,4687395473643583612,"normalized presentedTime from Core Animation clock"
generated_requested,1,3,0,0,2,105,104,105,237355142485875,237355145177125,0,0,0,237355208699778,0,0,0,0,0,0,0,"exact adjacent source pair submitted"
generated_ready,1,3,0,389,2,105,104,105,0,0,237355149007125,237355148902625,237355165252291,237355208699778,0,0,22375,0,0,0,0,"Metal status completed"
selected_source,1,3,0,389,1,104,0,0,237355109112041,237355111901375,0,237355148902625,237355165252291,237355198584291,0,0,22375,0,0,0,0,"next real endpoint in source order"
presentation_submitted,1,3,382,389,1,104,0,0,237355109112041,0,0,237355148902625,237355165252291,237355198584291,0,237355149679333,22375,0,4687395473654607350,4687395474216223012,4687395475361501811,"external CAMetalDisplayLink drawable via DXMT Presenter"
source_displayed,1,3,380,387,1,103,0,0,237355078320083,0,0,237355115558291,237355131920291,237355165252291,237355154400458,0,16917,0,4687395472508890464,4687395473070944212,4687395474216223012,"normalized presentedTime from Core Animation clock"
generated_selected,1,3,0,390,2,105,104,105,237355125798958,237355145177125,237355149007125,237355165497125,237355181918291,237355215250291,0,0,18458,0,0,0,0,"exact A/B pair ready before display deadline"
presentation_submitted,1,3,383,390,2,105,104,105,237355125798958,0,237355149007125,237355165497125,237355181918291,237355215250291,0,237355166311708,18458,0,4687395474224812946,4687395474788862411,4687395475934141211,"external CAMetalDisplayLink drawable via DXMT Presenter"
source_accepted,1,3,0,0,0,106,0,0,237355175511916,237355178309791,0,0,0,237355258465977,0,0,0,0,0,0,0,"owned history copy completed successfully"
history_copy_complete,1,3,0,0,0,106,0,0,237355175511916,237355178309791,0,0,0,237355258465977,0,0,0,0,0,0,0,"Metal command buffer completed"
generated_requested,1,3,0,0,2,106,105,106,237355175511916,237355178309791,0,0,0,237355241937793,0,0,0,0,0,0,0,"exact adjacent source pair submitted"
generated_ready,1,3,0,391,2,106,105,106,0,0,237355182219458,237355182140666,237355198584291,237355241937793,0,0,18125,0,0,0,0,"Metal status completed"
selected_source,1,3,0,391,1,105,0,0,237355142485875,237355145177125,0,237355182140666,237355198584291,237355231916291,0,0,18125,0,0,0,0,"next real endpoint in source order"
presentation_submitted,1,3,384,391,1,105,0,0,237355142485875,0,0,237355182140666,237355198584291,237355231916291,0,237355182796208,18125,0,4687395474796632007,4687395475361501811,4687395476506780610,"external CAMetalDisplayLink drawable via DXMT Presenter"
generated_displayed,1,3,381,388,2,104,103,104,237355093716062,0,237355115612083,237355132137833,237355148586291,237355181918291,237355182024041,0,19625,0,4687395473078582107,4687395473643583612,4687395474788862411,"normalized presentedTime from Core Animation clock"
generated_selected,1,3,0,392,2,106,105,106,237355158998895,237355178309791,237355182219458,237355198942458,237355215250291,237355248582291,0,0,27375,0,0,0,0,"exact A/B pair ready before display deadline"
presentation_submitted,1,3,385,392,2,106,105,106,237355158998895,0,237355182219458,237355198942458,237355215250291,237355248582291,0,237355199787250,27375,0,4687395475373970101,4687395475934141211,4687395477079420010,"external CAMetalDisplayLink drawable via DXMT Presenter"
source_accepted,1,3,0,0,0,107,0,0,237355208847166,237355210776583,0,0,0,237355291820556,0,0,0,0,0,0,0,"owned history copy completed successfully"
history_copy_complete,1,3,0,0,0,107,0,0,237355208847166,237355210776583,0,0,0,237355291820556,0,0,0,0,0,0,0,"Metal command buffer completed"
generated_requested,1,3,0,0,2,107,106,107,237355208847166,237355210776583,0,0,0,237355275143266,0,0,0,0,0,0,0,"exact adjacent source pair submitted"
generated_ready,1,3,0,393,2,107,106,107,0,0,237355215445291,237355215411083,237355231916291,237355275143266,0,0,8458,0,0,0,0,"Metal status completed"
selected_source,1,3,0,393,1,106,0,0,237355175511916,237355178309791,0,237355215411083,237355231916291,237355265248291,0,0,8458,0,0,0,0,"next real endpoint in source order"
presentation_submitted,1,3,386,393,1,106,0,0,237355175511916,0,0,237355215411083,237355231916291,237355265248291,0,237355215757458,8458,0,4687395475939777651,4687395476506780610,4687395477652059410,"external CAMetalDisplayLink drawable via DXMT Presenter"
source_displayed,1,3,382,389,1,104,0,0,237355109112041,0,0,237355148902625,237355165252291,237355198584291,237355215356999,0,22375,0,4687395473654607350,4687395474216223012,4687395475361501811,"normalized presentedTime from Core Animation clock"
generated_displayed,1,3,383,390,2,105,104,105,237355125798958,0,237355149007125,237355165497125,237355181918291,237355215250291,237355216773999,0,18458,0,4687395474224812946,4687395474788862411,4687395475934141211,"normalized presentedTime from Core Animation clock"
source_displayed,1,3,384,391,1,105,0,0,237355142485875,0,0,237355182140666,237355198584291,237355231916291,237355222770333,0,18125,0,4687395474796632007,4687395475361501811,4687395476506780610,"normalized presentedTime from Core Animation clock"
generated_selected,1,3,0,394,2,107,106,107,237355192179541,237355210776583,237355215445291,237355232087833,237355248582291,237355281914291,0,0,12292,0,0,0,0,"exact A/B pair ready before display deadline"
presentation_submitted,1,3,387,394,2,107,106,107,237355192179541,0,237355215445291,237355232087833,237355248582291,237355281914291,0,237355232553333,12292,0,4687395476512815039,4687395477079420010,4687395478224698809,"external CAMetalDisplayLink drawable via DXMT Presenter"
generated_displayed,1,3,385,392,2,106,105,106,237355158998895,0,237355182219458,237355198942458,237355215250291,237355248582291,237355235545833,0,27375,0,4687395475373970101,4687395475934141211,4687395477079420010,"normalized presentedTime from Core Animation clock"
source_accepted,1,3,0,0,0,108,0,0,237355242101958,237355244112250,0,0,0,237355325120210,0,0,0,0,0,0,0,"owned history copy completed successfully"
history_copy_complete,1,3,0,0,0,108,0,0,237355242101958,237355244112250,0,0,0,237355325120210,0,0,0,0,0,0,0,"Metal command buffer completed"
generated_requested,1,3,0,0,2,108,107,108,237355242101958,237355244112250,0,0,0,237355308470383,0,0,0,0,0,0,0,"exact adjacent source pair submitted"
generated_ready,1,3,0,395,2,108,107,108,0,0,237355248775250,237355248740791,237355265248291,237355308470383,0,0,8834,0,0,0,0,"Metal status completed"
selected_source,1,3,0,395,1,107,0,0,237355208847166,237355210776583,0,237355248740791,237355265248291,237355298580291,0,0,8834,0,0,0,0,"next real endpoint in source order"
presentation_submitted,1,3,388,395,1,107,0,0,237355208847166,0,0,237355248740791,237355265248291,237355298580291,0,237355249082833,8834,0,4687395477084974846,4687395477652059410,4687395478797338209,"external CAMetalDisplayLink drawable via DXMT Presenter"
source_displayed,1,3,386,393,1,106,0,0,237355175511916,0,0,237355215411083,237355231916291,237355265248291,237355252222541,0,8458,0,4687395475939777651,4687395476506780610,4687395477652059410,"normalized presentedTime from Core Animation clock"
generated_selected,1,3,0,396,2,108,107,108,237355225474562,237355244112250,237355248775250,237355265447541,237355281914291,237355315246291,0,0,19542,0,0,0,0,"exact A/B pair ready before display deadline"
presentation_submitted,1,3,389,396,2,108,107,108,237355225474562,0,237355248775250,237355265447541,237355281914291,237355315246291,0,237355266553166,19542,0,4687395477659050173,4687395478224698809,4687395479369977609,"external CAMetalDisplayLink drawable via DXMT Presenter"
generated_displayed,1,3,387,394,2,107,106,107,237355192179541,0,237355215445291,237355232087833,237355248582291,237355281914291,237355268967541,0,12292,0,4687395476512815039,4687395477079420010,4687395478224698809,"normalized presentedTime from Core Animation clock"
source_accepted,1,3,0,0,0,109,0,0,237355275436458,237355277102375,0,0,0,237355358485845,0,0,0,0,0,0,0,"owned history copy completed successfully"
history_copy_complete,1,3,0,0,0,109,0,0,237355275436458,237355277102375,0,0,0,237355358485845,0,0,0,0,0,0,0,"Metal command buffer completed"
generated_requested,1,3,0,0,2,109,108,109,237355275436458,237355277102375,0,0,0,237355341803027,0,0,0,0,0,0,0,"exact adjacent source pair submitted"
generated_ready,1,3,0,397,2,109,108,109,0,0,237355282139458,237355282096125,237355298580291,237355341803027,0,0,12125,0,0,0,0,"Metal status completed"
selected_source,1,3,0,397,1,108,0,0,237355242101958,237355244112250,0,237355282096125,237355298580291,237355331912291,0,0,12125,0,0,0,0,"next real endpoint in source order"
presentation_submitted,1,3,390,397,1,108,0,0,237355242101958,0,0,237355282096125,237355298580291,237355331912291,0,237355282520458,12125,0,4687395478231049623,4687395478797338209,4687395479942617008,"external CAMetalDisplayLink drawable via DXMT Presenter"
source_displayed,1,3,388,395,1,107,0,0,237355208847166,0,0,237355248740791,237355265248291,237355298580291,237355285876666,0,8834,0,4687395477084974846,4687395477652059410,4687395478797338209,"normalized presentedTime from Core Animation clock"
generated_selected,1,3,0,398,2,109,108,109,237355258769208,237355277102375,237355282139458,237355298805166,237355315246291,237355348578291,0,0,18959,0,0,0,0,"exact A/B pair ready before display deadline"
presentation_submitted,1,3,391,398,2,109,108,109,237355258769208,0,237355282139458,237355298805166,237355315246291,237355348578291,0,237355299515583,18959,0,4687395478805220917,4687395479369977609,4687395480515256408,"external CAMetalDisplayLink drawable via DXMT Presenter"
source_accepted,1,3,0,0,0,110,0,0,237355308870166,237355311723875,0,0,0,237355391937636,0,0,0,0,0,0,0,"owned history copy completed successfully"
history_copy_complete,1,3,0,0,0,110,0,0,237355308870166,237355311723875,0,0,0,237355391937636,0,0,0,0,0,0,0,"Metal command buffer completed"
generated_requested,1,3,0,0,2,110,109,110,237355308870166,237355311723875,0,0,0,237355375211740,0,0,0,0,0,0,0,"exact adjacent source pair submitted"
generated_ready,1,3,0,399,2,110,109,110,0,0,237355315882708,237355315504000,237355331912291,237355375211740,0,0,17916,0,0,0,0,"Metal status completed"
selected_source,1,3,0,399,1,109,0,0,237355275436458,237355277102375,0,237355315504000,237355331912291,237355365244291,0,0,17916,0,0,0,0,"next real endpoint in source order"
presentation_submitted,1,3,392,399,1,109,0,0,237355275436458,0,0,237355315504000,237355331912291,237355365244291,0,237355316428833,17916,0,4687395479378954090,4687395479942617008,4687395481087895808,"external CAMetalDisplayLink drawable via DXMT Presenter"
generated_displayed,1,3,389,396,2,108,107,108,237355225474562,0,237355248775250,237355265447541,237355281914291,237355315246291,237355315355916,0,19542,0,4687395477659050173,4687395478224698809,4687395479369977609,"normalized presentedTime from Core Animation clock"
generated_selected,1,3,0,400,2,110,109,110,237355292153312,237355311723875,237355315882708,237355332054208,237355348578291,237355381910291,0,0,12542,0,0,0,0,"exact A/B pair ready before display deadline"
presentation_submitted,1,3,393,400,2,110,109,110,237355292153312,0,237355315882708,237355332054208,237355348578291,237355381910291,0,237355332437500,12542,0,4687395479947612055,4687395480515256408,4687395481660535207,"external CAMetalDisplayLink drawable via DXMT Presenter"
source_accepted,1,3,0,0,0,111,0,0,237355342107916,237355343927083,0,0,0,237355425191302,0,0,0,0,0,0,0,"owned history copy completed successfully"
history_copy_complete,1,3,0,0,0,111,0,0,237355342107916,237355343927083,0,0,0,237355425191302,0,0,0,0,0,0,0,"Metal command buffer completed"
generated_requested,1,3,0,0,2,111,110,111,237355342107916,237355343927083,0,0,0,237355408564469,0,0,0,0,0,0,0,"exact adjacent source pair submitted"
generated_ready,1,3,0,401,2,111,110,111,0,0,237355348770750,237355348732166,237355365244291,237355408564469,0,0,9584,0,0,0,0,"Metal status completed"
selected_source,1,3,0,401,1,110,0,0,237355308870166,237355311723875,0,237355348732166,237355365244291,237355398576291,0,0,9584,0,0,0,0,"next real endpoint in source order"
presentation_submitted,1,3,394,401,1,110,0,0,237355308870166,0,0,237355348732166,237355365244291,237355398576291,0,237355349073708,9584,0,4687395480520656625,4687395481087895807,4687395482233174607,"external CAMetalDisplayLink drawable via DXMT Presenter"
source_displayed,1,3,390,397,1,108,0,0,237355242101958,0,0,237355282096125,237355298580291,237355331912291,237355348688874,0,12125,0,4687395478231049623,4687395478797338209,4687395479942617008,"normalized presentedTime from Core Animation clock"
generated_displayed,1,3,391,398,2,109,108,109,237355258769208,0,237355282139458,237355298805166,237355315246291,237355348578291,237355350447999,0,18959,0,4687395478805220917,4687395479369977609,4687395480515256408,"normalized presentedTime from Core Animation clock"
source_displayed,1,3,392,399,1,109,0,0,237355275436458,0,0,237355315504000,237355331912291,237355365244291,237355359164458,0,17916,0,4687395479378954090,4687395479942617008,4687395481087895808,"normalized presentedTime from Core Animation clock"
generated_selected,1,3,0,402,2,111,110,111,237355325489041,237355343927083,237355348770750,237355365345916,237355381910291,237355415242291,0,0,8209,0,0,0,0,"exact A/B pair ready before display deadline"
presentation_submitted,1,3,395,402,2,111,110,111,237355325489041,0,237355348770750,237355365345916,237355381910291,237355415242291,0,237355365751291,8209,0,4687395481091513613,4687395481660535207,4687395482805814006,"external CAMetalDisplayLink drawable via DXMT Presenter"
generated_displayed,1,3,393,400,2,110,109,110,237355292153312,0,237355315882708,237355332054208,237355348578291,237355381910291,237355371937249,0,12542,0,4687395479947612055,4687395480515256408,4687395481660535207,"normalized presentedTime from Core Animation clock"
source_accepted,1,3,0,0,0,112,0,0,237355375843000,237355377504625,0,0,0,237355458954965,0,0,0,0,0,0,0,"owned history copy completed successfully"
history_copy_complete,1,3,0,0,0,112,0,0,237355375843000,237355377504625,0,0,0,237355458954965,0,0,0,0,0,0,0,"Metal command buffer completed"
generated_requested,1,3,0,0,2,112,111,112,237355375843000,237355377504625,0,0,0,237355442073133,0,0,0,0,0,0,0,"exact adjacent source pair submitted"
generated_ready,1,3,0,403,2,112,111,112,0,0,237355382117125,237355382065791,237355398576291,237355442073133,0,0,9209,0,0,0,0,"Metal status completed"
selected_source,1,3,0,403,1,111,0,0,237355342107916,237355343927083,0,237355382065791,237355398576291,237355431908291,0,0,9209,0,0,0,0,"next real endpoint in source order"
presentation_submitted,1,3,396,403,1,111,0,0,237355342107916,0,0,237355382065791,237355398576291,237355431908291,0,237355382417958,9209,0,4687395481665986964,4687395482233174607,4687395483378453406,"external CAMetalDisplayLink drawable via DXMT Presenter"
source_displayed,1,3,394,401,1,110,0,0,237355308870166,0,0,237355348732166,237355365244291,237355398576291,237355384988624,0,9584,0,4687395480520656625,4687395481087895807,4687395482233174607,"normalized presentedTime from Core Animation clock"
generated_selected,1,3,0,404,2,112,111,112,237355358975458,237355377504625,237355382117125,237355398740375,237355415242291,237355448574291,0,0,12500,0,0,0,0,"exact A/B pair ready before display deadline"
presentation_submitted,1,3,397,404,2,112,111,112,237355358975458,0,237355382117125,237355398740375,237355415242291,237355448574291,0,237355399181541,12500,0,4687395482238949895,4687395482805814006,4687395483951092806,"external CAMetalDisplayLink drawable via DXMT Presenter"
generated_displayed,1,3,395,402,2,111,110,111,237355325489041,0,237355348770750,237355365345916,237355381910291,237355415242291,237355401903124,0,8209,0,4687395481091513613,4687395481660535207,4687395482805814006,"normalized presentedTime from Core Animation clock"
source_accepted,1,3,0,0,0,113,0,0,237355409536333,237355411412000,0,0,0,237355492662193,0,0,0,0,0,0,0,"owned history copy completed successfully"
history_copy_complete,1,3,0,0,0,113,0,0,237355409536333,237355411412000,0,0,0,237355492662193,0,0,0,0,0,0,0,"Metal command buffer completed"
generated_requested,1,3,0,0,2,113,112,113,237355409536333,237355411412000,0,0,0,237355475808579,0,0,0,0,0,0,0,"exact adjacent source pair submitted"
generated_ready,1,3,0,405,2,113,112,113,0,0,237355415447583,237355415412333,237355431908291,237355475808579,0,0,10000,0,0,0,0,"Metal status completed"
selected_source,1,3,0,405,1,112,0,0,237355375843000,237355377504625,0,237355415412333,237355431908291,237355465240291,0,0,10000,0,0,0,0,"next real endpoint in source order"
presentation_submitted,1,3,398,405,1,112,0,0,237355375843000,0,0,237355415412333,237355431908291,237355465240291,0,237355415767041,10000,0,4687395482811771126,4687395483378453406,4687395484523732205,"external CAMetalDisplayLink drawable via DXMT Presenter"
source_displayed,1,3,396,403,1,111,0,0,237355342107916,0,0,237355382065791,237355398576291,237355431908291,237355418921583,0,9209,0,4687395481665986964,4687395482233174607,4687395483378453406,"normalized presentedTime from Core Animation clock"
generated_selected,1,3,0,406,2,113,112,113,237355392689666,237355411412000,237355415447583,237355432096916,237355448574291,237355481906291,0,0,11917,0,0,0,0,"exact A/B pair ready before display deadline"
presentation_submitted,1,3,399,406,2,113,112,113,237355392689666,0,237355415447583,237355432096916,237355448574291,237355481906291,0,237355432522583,11917,0,4687395483385060509,4687395483951092806,4687395485096371605,"external CAMetalDisplayLink drawable via DXMT Presenter"
generated_displayed,1,3,397,404,2,112,111,112,237355358975458,0,237355382117125,237355398740375,237355415242291,237355448574291,237355435223999,0,12500,0,4687395482238949895,4687395482805814006,4687395483951092806,"normalized presentedTime from Core Animation clock"
source_accepted,1,3,0,0,0,114,0,0,237355442099208,237355443731541,0,0,0,237355525231048,0,0,0,0,0,0,0,"owned history copy completed successfully"
history_copy_complete,1,3,0,0,0,114,0,0,237355442099208,237355443731541,0,0,0,237355525231048,0,0,0,0,0,0,0,"Metal command buffer completed"
generated_requested,1,3,0,0,2,114,113,114,237355442099208,237355443731541,0,0,0,237355508946620,0,0,0,0,0,0,0,"exact adjacent source pair submitted"
generated_ready,1,3,0,407,2,114,113,114,0,0,237355448722416,237355448691541,237355465240291,237355508946620,0,0,7042,0,0,0,0,"Metal status completed"
selected_source,1,3,0,407,1,113,0,0,237355409536333,237355411412000,0,237355448691541,237355465240291,237355498572291,0,0,7042,0,0,0,0,"next real endpoint in source order"
presentation_submitted,1,3,400,407,1,113,0,0,237355409536333,0,0,237355448691541,237355465240291,237355498572291,0,237355448976375,7042,0,4687395483955228859,4687395484523732205,4687395485669011005,"external CAMetalDisplayLink drawable via DXMT Presenter"
source_displayed,1,3,398,405,1,112,0,0,237355375843000,0,0,237355415412333,237355431908291,237355465240291,237355452251333,0,10000,0,4687395482811771126,4687395483378453406,4687395484523732205,"normalized presentedTime from Core Animation clock"
generated_selected,1,3,0,408,2,114,113,114,237355425817770,237355443731541,237355448722416,237355465432458,237355481906291,237355515238291,0,0,12875,0,0,0,0,"exact A/B pair ready before display deadline"
presentation_submitted,1,3,401,408,2,114,113,114,237355425817770,0,237355448722416,237355465432458,237355481906291,237355515238291,0,237355465950500,12875,0,4687395484530469566,4687395485096371605,4687395486241650404,"external CAMetalDisplayLink drawable via DXMT Presenter"
source_accepted,1,3,0,0,0,115,0,0,237355475760750,237355477434166,0,0,0,237355558902500,0,0,0,0,0,0,0,"owned history copy completed successfully"
history_copy_complete,1,3,0,0,0,115,0,0,237355475760750,237355477434166,0,0,0,237355558902500,0,0,0,0,0,0,0,"Metal command buffer completed"
generated_requested,1,3,0,0,2,115,114,115,237355475760750,237355477434166,0,0,0,237355542066774,0,0,0,0,0,0,0,"exact adjacent source pair submitted"
generated_ready,1,3,0,409,2,115,114,115,0,0,237355482130000,237355482087083,237355498572291,237355542066774,0,0,12292,0,0,0,0,"Metal status completed"
selected_source,1,3,0,409,1,114,0,0,237355442099208,237355443731541,0,237355482087083,237355498572291,237355531904291,0,0,12292,0,0,0,0,"next real endpoint in source order"
presentation_submitted,1,3,402,409,1,114,0,0,237355442099208,0,0,237355482087083,237355498572291,237355531904291,0,237355482575791,12292,0,4687395485102700944,4687395485669011005,4687395486814289804,"external CAMetalDisplayLink drawable via DXMT Presenter"
generated_displayed,1,3,399,406,2,113,112,113,237355392689666,0,237355415447583,237355432096916,237355448574291,237355481906291,237355482020666,0,11917,0,4687395483385060509,4687395483951092806,4687395485096371605,"normalized presentedTime from Core Animation clock"
generated_selected,1,3,0,410,2,115,114,115,237355458929979,237355477434166,237355482130000,237355498757875,237355515238291,237355548570291,0,0,13833,0,0,0,0,"exact A/B pair ready before display deadline"
presentation_submitted,1,3,403,410,2,115,114,115,237355458929979,0,237355482130000,237355498757875,237355515238291,237355548570291,0,237355499257916,13833,0,4687395485675516437,4687395486241650404,4687395487386929204,"external CAMetalDisplayLink drawable via DXMT Presenter"
source_displayed,1,3,400,407,1,113,0,0,237355409536333,0,0,237355448691541,237355465240291,237355498572291,237355498687208,0,7042,0,4687395483955228859,4687395484523732205,4687395485669011005,"normalized presentedTime from Core Animation clock"
source_accepted,1,3,0,0,0,116,0,0,237355509464000,237355511737125,0,0,0,237355592607210,0,0,0,0,0,0,0,"owned history copy completed successfully"
history_copy_complete,1,3,0,0,0,116,0,0,237355509464000,237355511737125,0,0,0,237355592607210,0,0,0,0,0,0,0,"Metal command buffer completed"
generated_requested,1,3,0,0,2,116,115,116,237355509464000,237355511737125,0,0,0,237355575754855,0,0,0,0,0,0,0,"exact adjacent source pair submitted"
generated_ready,1,3,0,411,2,116,115,116,0,0,237355515407208,237355515368625,237355531904291,237355575754855,0,0,10208,0,0,0,0,"Metal status completed"
selected_source,1,3,0,411,1,115,0,0,237355475760750,237355477434166,0,237355515368625,237355531904291,237355565236291,0,0,10208,0,0,0,0,"next real endpoint in source order"
presentation_submitted,1,3,404,411,1,115,0,0,237355475760750,0,0,237355515368625,237355531904291,237355565236291,0,237355515718375,10208,0,4687395486246238872,4687395486814289804,4687395487959568603,"external CAMetalDisplayLink drawable via DXMT Presenter"
generated_displayed,1,3,401,408,2,114,113,114,237355425817770,0,237355448722416,237355465432458,237355481906291,237355515238291,237355517115458,0,12875,0,4687395484530469566,4687395485096371605,4687395486241650404,"normalized presentedTime from Core Animation clock"
source_displayed,1,3,402,409,1,114,0,0,237355442099208,0,0,237355482087083,237355498572291,237355531904291,237355523215708,0,12292,0,4687395485102700944,4687395485669011005,4687395486814289804,"normalized presentedTime from Core Animation clock"
generated_selected,1,3,0,412,2,116,115,116,237355492612375,237355511737125,237355515407208,237355532043000,237355548570290,237355581902291,0,0,9916,0,0,0,0,"exact A/B pair ready before display deadline"
presentation_submitted,1,3,405,412,2,116,115,116,237355492612375,0,237355515407208,237355532043000,237355548570290,237355581902291,0,237355532527958,9916,0,4687395486819186067,4687395487386929203,4687395488532208003,"external CAMetalDisplayLink drawable via DXMT Presenter"
generated_displayed,1,3,403,410,2,115,114,115,237355458929979,0,237355482130000,237355498757875,237355515238291,237355548570291,237355535282791,0,13833,0,4687395485675516437,4687395486241650404,4687395487386929204,"normalized presentedTime from Core Animation clock"
source_accepted,1,3,0,0,0,117,0,0,237355542103333,237355543668541,0,0,0,237355625259039,0,0,0,0,0,0,0,"owned history copy completed successfully"
history_copy_complete,1,3,0,0,0,117,0,0,237355542103333,237355543668541,0,0,0,237355625259039,0,0,0,0,0,0,0,"Metal command buffer completed"
generated_requested,1,3,0,0,2,117,116,117,237355542103333,237355543668541,0,0,0,237355608933124,0,0,0,0,0,0,0,"exact adjacent source pair submitted"
generated_ready,1,3,0,413,2,117,116,117,0,0,237355548789458,237355548747583,237355565236291,237355608933124,0,0,11167,0,0,0,0,"Metal status completed"
selected_source,1,3,0,413,1,116,0,0,237355509464000,237355511737125,0,237355548747583,237355565236291,237355598568291,0,0,11167,0,0,0,0,"next real endpoint in source order"
presentation_submitted,1,3,406,413,1,116,0,0,237355509464000,0,0,237355548747583,237355565236291,237355598568291,0,237355549106958,11167,0,4687395487393135431,4687395487959568603,4687395489104847402,"external CAMetalDisplayLink drawable via DXMT Presenter"
source_displayed,1,3,404,411,1,115,0,0,237355475760750,0,0,237355515368625,237355531904291,237355565236291,237355552052583,0,10208,0,4687395486246238872,4687395486814289804,4687395487959568603,"normalized presentedTime from Core Animation clock"
generated_selected,1,3,0,414,2,117,116,117,237355525783666,237355543668541,237355548789458,237355565359583,237355581902291,237355615234291,0,0,10625,0,0,0,0,"exact A/B pair ready before display deadline"
presentation_submitted,1,3,407,414,2,117,116,117,237355525783666,0,237355548789458,237355565359583,237355581902291,237355615234291,0,237355565817041,10625,0,4687395487963930847,4687395488532208003,4687395489677486802,"external CAMetalDisplayLink drawable via DXMT Presenter"
generated_displayed,1,3,405,412,2,116,115,116,237355492612375,0,237355515407208,237355532043000,237355548570290,237355581902291,237355568956666,0,9916,0,4687395486819186067,4687395487386929203,4687395488532208003,"normalized presentedTime from Core Animation clock"
source_accepted,1,3,0,0,0,118,0,0,237355575959833,237355577488500,0,0,0,237355659121898,0,0,0,0,0,0,0,"owned history copy completed successfully"
history_copy_complete,1,3,0,0,0,118,0,0,237355575959833,237355577488500,0,0,0,237355659121898,0,0,0,0,0,0,0,"Metal command buffer completed"
generated_requested,1,3,0,0,2,118,117,118,237355575959833,237355577488500,0,0,0,237355642190468,0,0,0,0,0,0,0,"exact adjacent source pair submitted"
generated_ready,1,3,0,415,2,118,117,118,0,0,237355582099916,237355582063208,237355598568291,237355642190468,0,0,9042,0,0,0,0,"Metal status completed"
selected_source,1,3,0,415,1,117,0,0,237355542103333,237355543668541,0,237355582063208,237355598568291,237355631900291,0,0,9042,0,0,0,0,"next real endpoint in source order"
presentation_submitted,1,3,408,415,1,117,0,0,237355542103333,0,0,237355582063208,237355598568291,237355631900291,0,237355582369625,9042,0,4687395488537844443,4687395489104847402,4687395490250126202,"external CAMetalDisplayLink drawable via DXMT Presenter"
source_displayed,1,3,406,413,1,116,0,0,237355509464000,0,0,237355548747583,237355565236291,237355598568291,237355584931708,0,11167,0,4687395487393135431,4687395487959568603,4687395489104847402,"normalized presentedTime from Core Animation clock"
generated_selected,1,3,0,416,2,118,117,118,237355559031583,237355577488500,237355582099916,237355598788541,237355615234291,237355648566291,0,0,16584,0,0,0,0,"exact A/B pair ready before display deadline"
presentation_submitted,1,3,409,416,2,118,117,118,237355559031583,0,237355582099916,237355598788541,237355615234291,237355648566291,0,237355599395583,16584,0,4687395489112554017,4687395489677486802,4687395490822765601,"external CAMetalDisplayLink drawable via DXMT Presenter"
generated_displayed,1,3,407,414,2,117,116,117,237355525783666,0,237355548789458,237355565359583,237355581902291,237355615234291,237355602436916,0,10625,0,4687395487963930847,4687395488532208003,4687395489677486802,"normalized presentedTime from Core Animation clock"
source_accepted,1,3,0,0,0,119,0,0,237355609151541,237355610744458,0,0,0,237355692308145,0,0,0,0,0,0,0,"owned history copy completed successfully"
history_copy_complete,1,3,0,0,0,119,0,0,237355609151541,237355610744458,0,0,0,237355692308145,0,0,0,0,0,0,0,"Metal command buffer completed"
generated_requested,1,3,0,0,2,119,118,119,237355609151541,237355610744458,0,0,0,237355675715021,0,0,0,0,0,0,0,"exact adjacent source pair submitted"
generated_ready,1,3,0,417,2,119,118,119,0,0,237355615421875,237355615385541,237355631900291,237355675715021,0,0,9000,0,0,0,0,"Metal status completed"
selected_source,1,3,0,417,1,118,0,0,237355575959833,237355577488500,0,237355615385541,237355631900291,237355665232291,0,0,9000,0,0,0,0,"next real endpoint in source order"
presentation_submitted,1,3,410,417,1,118,0,0,237355575959833,0,0,237355615385541,237355631900291,237355665232291,0,237355615722875,9000,0,4687395489682793939,4687395490250126202,4687395491395405001,"external CAMetalDisplayLink drawable via DXMT Presenter"
generated_selected,1,3,0,418,2,119,118,119,237355592555687,237355610744458,237355615421875,237355632076291,237355648566291,237355681898291,0,0,16542,0,0,0,0,"exact A/B pair ready before display deadline"
presentation_submitted,1,3,411,418,2,119,118,119,237355592555687,0,237355615421875,237355632076291,237355648566291,237355681898291,0,237355632473083,16542,0,4687395490256308103,4687395490822765601,4687395491968044401,"external CAMetalDisplayLink drawable via DXMT Presenter"
source_displayed,1,3,408,415,1,117,0,0,237355542103333,0,0,237355582063208,237355598568291,237355631900291,237355632018999,0,9042,0,4687395488537844443,4687395489104847402,4687395490250126202,"normalized presentedTime from Core Animation clock"
source_accepted,1,3,0,0,0,120,0,0,237355642460083,237355644229958,0,0,0,237355725619095,0,0,0,0,0,0,0,"owned history copy completed successfully"
history_copy_complete,1,3,0,0,0,120,0,0,237355642460083,237355644229958,0,0,0,237355725619095,0,0,0,0,0,0,0,"Metal command buffer completed"
generated_requested,1,3,0,0,2,120,119,120,237355642460083,237355644229958,0,0,0,237355708963620,0,0,0,0,0,0,0,"exact adjacent source pair submitted"
generated_ready,1,3,0,419,2,120,119,120,0,0,237355648764291,237355648721125,237355665232291,237355708963620,0,0,10541,0,0,0,0,"Metal status completed"
selected_source,1,3,0,419,1,119,0,0,237355609151541,237355610744458,0,237355648721125,237355665232291,237355698564291,0,0,10541,0,0,0,0,"next real endpoint in source order"
presentation_submitted,1,3,412,419,1,119,0,0,237355609151541,0,0,237355648721125,237355665232291,237355698564291,0,237355649183375,10541,0,4687395490828195883,4687395491395405001,4687395492540683800,"external CAMetalDisplayLink drawable via DXMT Presenter"
generated_displayed,1,3,409,416,2,118,117,118,237355559031583,0,237355582099916,237355598788541,237355615234291,237355648566291,237355650815916,0,16584,0,4687395489112554017,4687395489677486802,4687395490822765601,"normalized presentedTime from Core Animation clock"
source_displayed,1,3,410,417,1,118,0,0,237355575959833,0,0,237355615385541,237355631900291,237355665232291,237355659313874,0,9000,0,4687395489682793939,4687395490250126202,4687395491395405001,"normalized presentedTime from Core Animation clock"
generated_selected,1,3,0,420,2,120,119,120,237355625805812,237355644229958,237355648764291,237355665325291,237355681898291,237355715230291,0,0,7000,0,0,0,0,"exact A/B pair ready before display deadline"
presentation_submitted,1,3,413,420,2,120,119,120,237355625805812,0,237355648764291,237355665325291,237355681898291,237355715230291,0,237355665678875,7000,0,4687395491398723568,4687395491968044401,4687395493113323200,"external CAMetalDisplayLink drawable via DXMT Presenter"
generated_displayed,1,3,411,418,2,119,118,119,237355592555687,0,237355615421875,237355632076291,237355648566291,237355681898291,237355668335458,0,16542,0,4687395490256308103,4687395490822765601,4687395491968044401,"normalized presentedTime from Core Animation clock"
source_accepted,1,3,0,0,0,121,0,0,237355675797791,237355677077333,0,0,0,237355758968630,0,0,0,0,0,0,0,"owned history copy completed successfully"
history_copy_complete,1,3,0,0,0,121,0,0,237355675797791,237355677077333,0,0,0,237355758968630,0,0,0,0,0,0,0,"Metal command buffer completed"
generated_requested,1,3,0,0,2,121,120,121,237355675797791,237355677077333,0,0,0,237355742293862,0,0,0,0,0,0,0,"exact adjacent source pair submitted"
generated_ready,1,3,0,421,2,121,120,121,0,0,237355682072416,237355682037875,237355698564291,237355742293862,0,0,8333,0,0,0,0,"Metal status completed"
selected_source,1,3,0,421,1,120,0,0,237355642460083,237355644229958,0,237355682037875,237355698564291,237355731896291,0,0,8333,0,0,0,0,"next real endpoint in source order"
presentation_submitted,1,3,414,421,1,120,0,0,237355642460083,0,0,237355682037875,237355698564291,237355731896291,0,237355682327291,8333,0,4687395491972946401,4687395492540683800,4687395493685962600,"external CAMetalDisplayLink drawable via DXMT Presenter"
source_displayed,1,3,412,419,1,119,0,0,237355609151541,0,0,237355648721125,237355665232291,237355698564291,237355685598333,0,10541,0,4687395490828195883,4687395491395405001,4687395492540683800,"normalized presentedTime from Core Animation clock"
generated_selected,1,3,0,422,2,121,120,121,237355659128937,237355677077333,237355682072416,237355698728708,237355715230291,237355748562291,0,0,14292,0,0,0,0,"exact A/B pair ready before display deadline"
presentation_submitted,1,3,415,422,2,121,120,121,237355659128937,0,237355682072416,237355698728708,237355715230291,237355748562291,0,237355699273333,14292,0,4687395492546460531,4687395493113323200,4687395494258601999,"external CAMetalDisplayLink drawable via DXMT Presenter"
generated_displayed,1,3,413,420,2,120,119,120,237355625805812,0,237355648764291,237355665325291,237355681898291,237355715230291,237355701930708,0,7000,0,4687395491398723568,4687395491968044401,4687395493113323200,"normalized presentedTime from Core Animation clock"
source_accepted,1,3,0,0,0,122,0,0,237355709205250,237355710688500,0,0,0,237355792377885,0,0,0,0,0,0,0,"owned history copy completed successfully"
history_copy_complete,1,3,0,0,0,122,0,0,237355709205250,237355710688500,0,0,0,237355792377885,0,0,0,0,0,0,0,"Metal command buffer completed"
generated_requested,1,3,0,0,2,122,121,122,237355709205250,237355710688500,0,0,0,237355775673257,0,0,0,0,0,0,0,"exact adjacent source pair submitted"
generated_ready,1,3,0,423,2,122,121,122,0,0,237355715541500,237355715424625,237355731896291,237355775673257,0,0,14916,0,0,0,0,"Metal status completed"
selected_source,1,3,0,423,1,121,0,0,237355675797791,237355677077333,0,237355715424625,237355731896291,237355765228291,0,0,14916,0,0,0,0,"next real endpoint in source order"
presentation_submitted,1,3,416,423,1,121,0,0,237355675797791,0,0,237355715424625,237355731896291,237355765228291,0,237355715908250,14916,0,4687395493120139313,4687395493685962600,4687395494831241399,"external CAMetalDisplayLink drawable via DXMT Presenter"
source_displayed,1,3,414,421,1,120,0,0,237355642460083,0,0,237355682037875,237355698564291,237355731896291,237355718295208,0,8333,0,4687395491972946401,4687395492540683800,4687395493685962600,"normalized presentedTime from Core Animation clock"
generated_selected,1,3,0,424,2,122,121,122,237355692501520,237355710688500,237355715541500,237355732061833,237355748562291,237355781894291,0,0,11792,0,0,0,0,"exact A/B pair ready before display deadline"
presentation_submitted,1,3,417,424,2,122,121,122,237355692501520,0,237355715541500,237355732061833,237355748562291,237355781894291,0,237355732439750,11792,0,4687395493691775133,4687395494258601999,4687395495403880799,"external CAMetalDisplayLink drawable via DXMT Presenter"
generated_displayed,1,3,415,422,2,121,120,121,237355659128937,0,237355682072416,237355698728708,237355715230291,237355748562291,237355734825124,0,14292,0,4687395492546460531,4687395493113323200,4687395494258601999,"normalized presentedTime from Core Animation clock"
source_accepted,1,3,0,0,0,123,0,0,237355742781750,237355744186708,0,0,0,237355825949631,0,0,0,0,0,0,0,"owned history copy completed successfully"
history_copy_complete,1,3,0,0,0,123,0,0,237355742781750,237355744186708,0,0,0,237355825949631,0,0,0,0,0,0,0,"Metal command buffer completed"
generated_requested,1,3,0,0,2,123,122,123,237355742781750,237355744186708,0,0,0,237355809163758,0,0,0,0,0,0,0,"exact adjacent source pair submitted"
generated_ready,1,3,0,425,2,123,122,123,0,0,237355748734916,237355748706833,237355765228291,237355809163758,0,0,8500,0,0,0,0,"Metal status completed"
selected_source,1,3,0,425,1,122,0,0,237355709205250,237355710688500,0,237355748706833,237355765228291,237355798560291,0,0,8500,0,0,0,0,"next real endpoint in source order"
presentation_submitted,1,3,418,425,1,122,0,0,237355709205250,0,0,237355748706833,237355765228291,237355798560291,0,237355748971500,8500,0,4687395494263678651,4687395494831241399,4687395495976520198,"external CAMetalDisplayLink drawable via DXMT Presenter"
source_displayed,1,3,416,423,1,121,0,0,237355675797791,0,0,237355715424625,237355731896291,237355765228291,237355751494208,0,14916,0,4687395493120139313,4687395493685962600,4687395494831241399,"normalized presentedTime from Core Animation clock"
generated_selected,1,3,0,426,2,123,122,123,237355725993500,237355744186708,237355748734916,237355765417625,237355781894291,237355815226291,0,0,12666,0,0,0,0,"exact A/B pair ready before display deadline"
presentation_submitted,1,3,419,426,2,123,122,123,237355725993500,0,237355748734916,237355765417625,237355781894291,237355815226291,0,237355765970333,12666,0,4687395494837881418,4687395495403880798,4687395496549159598,"external CAMetalDisplayLink drawable via DXMT Presenter"
generated_displayed,1,3,417,424,2,122,121,122,237355692501520,0,237355715541500,237355732061833,237355748562291,237355781894291,237355768624666,0,11792,0,4687395493691775133,4687395494258601999,4687395495403880799,"normalized presentedTime from Core Animation clock"
source_accepted,1,3,0,0,0,124,0,0,237355776371458,237355778211166,0,0,0,237355859538171,0,0,0,0,0,0,0,"owned history copy completed successfully"
history_copy_complete,1,3,0,0,0,124,0,0,237355776371458,237355778211166,0,0,0,237355859538171,0,0,0,0,0,0,0,"Metal command buffer completed"
generated_requested,1,3,0,0,2,124,123,124,237355776371458,237355778211166,0,0,0,237355842743901,0,0,0,0,0,0,0,"exact adjacent source pair submitted"
generated_ready,1,3,0,427,2,124,123,124,0,0,237355782084750,237355782049958,237355798560291,237355842743901,0,0,9417,0,0,0,0,"Metal status completed"
selected_source,1,3,0,427,1,123,0,0,237355742781750,237355744186708,0,237355782049958,237355798560291,237355831892291,0,0,9417,0,0,0,0,"next real endpoint in source order"
presentation_submitted,1,3,420,427,1,123,0,0,237355742781750,0,0,237355782049958,237355798560291,237355831892291,0,237355782374208,9417,0,4687395495409338259,4687395495976520198,4687395497121798997,"external CAMetalDisplayLink drawable via DXMT Presenter"
source_displayed,1,3,418,425,1,122,0,0,237355709205250,0,0,237355748706833,237355765228291,237355798560291,237355785128166,0,8500,0,4687395494263678651,4687395494831241399,4687395495976520198,"normalized presentedTime from Core Animation clock"
generated_selected,1,3,0,428,2,124,123,124,237355759576604,237355778211166,237355782084750,237355798728291,237355815226291,237355848558291,0,0,14042,0,0,0,0,"exact A/B pair ready before display deadline"
presentation_submitted,1,3,421,428,2,124,123,124,237355759576604,0,237355782084750,237355798728291,237355815226291,237355848558291,0,237355799247500,14042,0,4687395495982437220,4687395496549159598,4687395497694438397,"external CAMetalDisplayLink drawable via DXMT Presenter"
generated_displayed,1,3,419,426,2,123,122,123,237355725993500,0,237355748734916,237355765417625,237355781894291,237355815226291,237355802514541,0,12666,0,4687395494837881418,4687395495403880798,4687395496549159598,"normalized presentedTime from Core Animation clock"
source_accepted,1,3,0,0,0,125,0,0,237355809141458,237355810972000,0,0,0,237355892308727,0,0,0,0,0,0,0,"owned history copy completed successfully"
history_copy_complete,1,3,0,0,0,125,0,0,237355809141458,237355810972000,0,0,0,237355892308727,0,0,0,0,0,0,0,"Metal command buffer completed"
generated_requested,1,3,0,0,2,125,124,125,237355809141458,237355810972000,0,0,0,237355875923449,0,0,0,0,0,0,0,"exact adjacent source pair submitted"
generated_ready,1,3,0,429,2,125,124,125,0,0,237355815441958,237355815396750,237355831892291,237355875923449,0,0,12833,0,0,0,0,"Metal status completed"
selected_source,1,3,0,429,1,124,0,0,237355776371458,237355778211166,0,237355815396750,237355831892291,237355865224291,0,0,12833,0,0,0,0,"next real endpoint in source order"
presentation_submitted,1,3,422,429,1,124,0,0,237355776371458,0,0,237355815396750,237355831892291,237355865224291,0,237355815808916,12833,0,4687395496555136749,4687395497121798997,4687395498267077797,"external CAMetalDisplayLink drawable via DXMT Presenter"
source_displayed,1,3,420,427,1,123,0,0,237355742781750,0,0,237355782049958,237355798560291,237355831892291,237355818758708,0,9417,0,4687395495409338259,4687395495976520198,4687395497121798997,"normalized presentedTime from Core Animation clock"
generated_selected,1,3,0,430,2,125,124,125,237355792756458,237355810972000,237355815441958,237355832036750,237355848558291,237355881890291,0,0,10708,0,0,0,0,"exact A/B pair ready before display deadline"
presentation_submitted,1,3,423,430,2,125,124,125,237355792756458,0,237355815441958,237355832036750,237355848558291,237355881890291,0,237355832452625,10708,0,4687395497126891385,4687395497694438397,4687395498839717196,"external CAMetalDisplayLink drawable via DXMT Presenter"
source_accepted,1,3,0,0,0,126,0,0,237355842898375,237355844709791,0,0,0,237355926067394,0,0,0,0,0,0,0,"owned history copy completed successfully"
history_copy_complete,1,3,0,0,0,126,0,0,237355842898375,237355844709791,0,0,0,237355926067394,0,0,0,0,0,0,0,"Metal command buffer completed"
generated_requested,1,3,0,0,2,126,125,126,237355842898375,237355844709791,0,0,0,237355909188060,0,0,0,0,0,0,0,"exact adjacent source pair submitted"
generated_ready,1,3,0,431,2,126,125,126,0,0,237355848722666,237355848691000,237355865224291,237355909188060,0,0,10000,0,0,0,0,"Metal status completed"
selected_source,1,3,0,431,1,125,0,0,237355809141458,237355810972000,0,237355848691000,237355865224291,237355898556291,0,0,10000,0,0,0,0,"next real endpoint in source order"
presentation_submitted,1,3,424,431,1,125,0,0,237355809141458,0,0,237355848691000,237355865224291,237355898556291,0,237355849040916,10000,0,4687395497699104175,4687395498267077797,4687395499412356596,"external CAMetalDisplayLink drawable via DXMT Presenter"
generated_selected,1,3,0,432,2,126,125,126,237355826019916,237355844709791,237355848722666,237355865401458,237355881890291,237355915222291,0,0,14542,0,0,0,0,"exact A/B pair ready before display deadline"
presentation_submitted,1,3,425,432,2,126,125,126,237355826019916,0,237355848722666,237355865401458,237355881890291,237355915222291,0,237355865923750,14542,0,4687395498273292614,4687395498839717196,4687395499984995996,"external CAMetalDisplayLink drawable via DXMT Presenter"
generated_displayed,1,3,421,428,2,124,123,124,237355759576604,0,237355782084750,237355798728291,237355815226291,237355848558291,237355865349791,0,14042,0,4687395495982437220,4687395496549159598,4687395497694438397,"normalized presentedTime from Core Animation clock"
source_accepted,1,3,0,0,0,127,0,0,237355875458125,237355877093750,0,0,0,237355958628524,0,0,0,0,0,0,0,"owned history copy completed successfully"
history_copy_complete,1,3,0,0,0,127,0,0,237355875458125,237355877093750,0,0,0,237355958628524,0,0,0,0,0,0,0,"Metal command buffer completed"
generated_requested,1,3,0,0,2,127,126,127,237355875458125,237355877093750,0,0,0,237355942347959,0,0,0,0,0,0,0,"exact adjacent source pair submitted"
generated_ready,1,3,0,433,2,127,126,127,0,0,237355882135583,237355882096875,237355898556291,237355942347959,0,0,10666,0,0,0,0,"Metal status completed"
selected_source,1,3,0,433,1,126,0,0,237355842898375,237355844709791,0,237355882096875,237355898556291,237355931888291,0,0,10666,0,0,0,0,"next real endpoint in source order"
presentation_submitted,1,3,426,433,1,126,0,0,237355842898375,0,0,237355882096875,237355898556291,237355931888291,0,237355882469708,10666,0,4687395498846929890,4687395499412356596,4687395500557635395,"external CAMetalDisplayLink drawable via DXMT Presenter"
source_displayed,1,3,422,429,1,124,0,0,237355776371458,0,0,237355815396750,237355831892291,237355865224291,237355882016249,0,12833,0,4687395496555136749,4687395497121798997,4687395498267077797,"normalized presentedTime from Core Animation clock"
generated_selected,1,3,0,434,2,127,126,127,237355859178250,237355877093750,237355882135583,237355898761500,237355915222291,237355948554291,0,0,15541,0,0,0,0,"exact A/B pair ready before display deadline"
presentation_submitted,1,3,427,434,2,127,126,127,237355859178250,0,237355882135583,237355898761500,237355915222291,237355948554291,0,237355899361166,15541,0,4687395499419544928,4687395499984995996,4687395501130274795,"external CAMetalDisplayLink drawable via DXMT Presenter"
generated_displayed,1,3,423,430,2,125,124,125,237355792756458,0,237355815441958,237355832036750,237355848558291,237355881890291,237355898682749,0,10708,0,4687395497126891385,4687395497694438397,4687395498839717196,"normalized presentedTime from Core Animation clock"
source_displayed,1,3,424,431,1,125,0,0,237355809141458,0,0,237355848691000,237355865224291,237355898556291,237355901005541,0,10000,0,4687395497699104175,4687395498267077797,4687395499412356596,"normalized presentedTime from Core Animation clock"
source_accepted,1,3,0,0,0,128,0,0,237355909172250,237355911623666,0,0,0,237355992332121,0,0,0,0,0,0,0,"owned history copy completed successfully"
history_copy_complete,1,3,0,0,0,128,0,0,237355909172250,237355911623666,0,0,0,237355992332121,0,0,0,0,0,0,0,"Metal command buffer completed"
generated_requested,1,3,0,0,2,128,127,128,237355909172250,237355911623666,0,0,0,237355975480322,0,0,0,0,0,0,0,"exact adjacent source pair submitted"
generated_displayed,1,3,425,432,2,126,125,126,237355826019916,0,237355848722666,237355865401458,237355881890291,237355915222291,237355909521083,0,14542,0,4687395498273292614,4687395498839717196,4687395499984995996,"normalized presentedTime from Core Animation clock"
generated_ready,1,3,0,435,2,128,127,128,0,0,237355916004875,237355915788875,237355931888291,237355975480322,0,0,7125,0,0,0,0,"Metal status completed"
selected_source,1,3,0,435,1,127,0,0,237355875458125,237355877093750,0,237355915788875,237355931888291,237355965220291,0,0,7125,0,0,0,0,"next real endpoint in source order"
presentation_submitted,1,3,428,435,1,127,0,0,237355875458125,0,0,237355915788875,237355931888291,237355965220291,0,237355916471083,7125,0,4687395500004578195,4687395500557635395,4687395501702914195,"external CAMetalDisplayLink drawable via DXMT Presenter"
source_displayed,1,3,426,433,1,126,0,0,237355842898375,0,0,237355882096875,237355898556291,237355931888291,237355918689374,0,10666,0,4687395498846929890,4687395499412356596,4687395500557635395,"normalized presentedTime from Core Animation clock"
generated_selected,1,3,0,436,2,128,127,128,237355892315187,237355911623666,237355916004875,237355932051750,237355948554291,237355981886291,0,0,11875,0,0,0,0,"exact A/B pair ready before display deadline"
presentation_submitted,1,3,429,436,2,128,127,128,237355892315187,0,237355916004875,237355932051750,237355948554291,237355981886291,0,237355932526166,11875,0,4687395500563384913,4687395501130274795,4687395502275553594,"external CAMetalDisplayLink drawable via DXMT Presenter"
generated_displayed,1,3,427,434,2,127,126,127,237355859178250,0,237355882135583,237355898761500,237355915222291,237355948554291,237355935254791,0,15541,0,4687395499419544928,4687395499984995996,4687395501130274795,"normalized presentedTime from Core Animation clock"
source_accepted,1,3,0,0,0,129,0,0,237355943121583,237355945115000,0,0,0,237356026239237,0,0,0,0,0,0,0,"owned history copy completed successfully"
history_copy_complete,1,3,0,0,0,129,0,0,237355943121583,237355945115000,0,0,0,237356026239237,0,0,0,0,0,0,0,"Metal command buffer completed"
generated_requested,1,3,0,0,2,129,128,129,237355943121583,237355945115000,0,0,0,237356009285679,0,0,0,0,0,0,0,"exact adjacent source pair submitted"
generated_ready,1,3,0,437,2,129,128,129,0,0,237355948730208,237355948695375,237355965220291,237356009285679,0,0,7708,0,0,0,0,"Metal status completed"
selected_source,1,3,0,437,1,128,0,0,237355909172250,237355911623666,0,237355948695375,237355965220291,237355998552291,0,0,7708,0,0,0,0,"next real endpoint in source order"
presentation_submitted,1,3,430,437,1,128,0,0,237355909172250,0,0,237355948695375,237355965220291,237355998552291,0,237355949013625,7708,0,4687395501135232630,4687395501702914195,4687395502848192994,"external CAMetalDisplayLink drawable via DXMT Presenter"
source_displayed,1,3,428,435,1,127,0,0,237355875458125,0,0,237355915788875,237355931888291,237355965220291,237355952486499,0,7125,0,4687395500004578195,4687395500557635395,4687395501702914195,"normalized presentedTime from Core Animation clock"
generated_selected,1,3,0,438,2,129,128,129,237355926146916,237355945115000,237355948730208,237355965441875,237355981886291,237356015218291,0,0,18916,0,0,0,0,"exact A/B pair ready before display deadline"
presentation_submitted,1,3,431,438,2,129,128,129,237355926146916,0,237355948730208,237355965441875,237355981886291,237356015218291,0,237355966119583,18916,0,4687395501710705265,4687395502275553594,4687395503420832394,"external CAMetalDisplayLink drawable via DXMT Presenter"
generated_displayed,1,3,429,436,2,128,127,128,237355892315187,0,237355916004875,237355932051750,237355948554291,237355981886291,237355969739749,0,11875,0,4687395500563384913,4687395501130274795,4687395502275553594,"normalized presentedTime from Core Animation clock"
source_accepted,1,3,0,0,0,130,0,0,237355976040500,237355978434166,0,0,0,237356059165105,0,0,0,0,0,0,0,"owned history copy completed successfully"
history_copy_complete,1,3,0,0,0,130,0,0,237355976040500,237355978434166,0,0,0,237356059165105,0,0,0,0,0,0,0,"Metal command buffer completed"
generated_requested,1,3,0,0,2,130,129,130,237355976040500,237355978434166,0,0,0,237356042702171,0,0,0,0,0,0,0,"exact adjacent source pair submitted"
generated_ready,1,3,0,439,2,130,129,130,0,0,237355982114000,237355982076375,237355998552291,237356042702171,0,0,8833,0,0,0,0,"Metal status completed"
selected_source,1,3,0,439,1,129,0,0,237355943121583,237355945115000,0,237355982076375,237355998552291,237356031884291,0,0,8833,0,0,0,0,"next real endpoint in source order"
presentation_submitted,1,3,432,439,1,129,0,0,237355943121583,0,0,237355982076375,237355998552291,237356031884291,0,237355982642291,8833,0,4687395502282213645,4687395502848192994,4687395503993471793,"external CAMetalDisplayLink drawable via DXMT Presenter"
source_displayed,1,3,430,437,1,128,0,0,237355909172250,0,0,237355948695375,237355965220291,237355998552291,237355987233583,0,7708,0,4687395501135232630,4687395501702914195,4687395502848192994,"normalized presentedTime from Core Animation clock"
generated_selected,1,3,0,440,2,130,129,130,237355959581041,237355978434166,237355982114000,237355998767958,237356015218291,237356048550291,0,0,17542,0,0,0,0,"exact A/B pair ready before display deadline"
presentation_submitted,1,3,433,440,2,130,129,130,237355959581041,0,237355982114000,237355998767958,237356015218291,237356048550291,0,237355999447458,17542,0,4687395502855767873,4687395503420832393,4687395504566111193,"external CAMetalDisplayLink drawable via DXMT Presenter"
generated_displayed,1,3,431,438,2,129,128,129,237355926146916,0,237355948730208,237355965441875,237355981886291,237356015218291,237356003160333,0,18916,0,4687395501710705265,4687395502275553594,4687395503420832394,"normalized presentedTime from Core Animation clock"
source_accepted,1,3,0,0,0,131,0,0,237356009945125,237356012687458,0,0,0,237356093070432,0,0,0,0,0,0,0,"owned history copy completed successfully"
history_copy_complete,1,3,0,0,0,131,0,0,237356009945125,237356012687458,0,0,0,237356093070432,0,0,0,0,0,0,0,"Metal command buffer completed"
generated_requested,1,3,0,0,2,131,130,131,237356009945125,237356012687458,0,0,0,237356076117768,0,0,0,0,0,0,0,"exact adjacent source pair submitted"
generated_ready,1,3,0,441,2,131,130,131,0,0,237356015711125,237356015564416,237356031884291,237356076117768,0,0,27542,0,0,0,0,"Metal status completed"
selected_source,1,3,0,441,1,130,0,0,237355976040500,237355978434166,0,237356015564416,237356031884291,237356065216291,0,0,27542,0,0,0,0,"next real endpoint in source order"
presentation_submitted,1,3,434,441,1,130,0,0,237355976040500,0,0,237356015564416,237356031884291,237356065216291,0,237356016447041,27542,0,4687395503432878334,4687395503993471793,4687395505138750592,"external CAMetalDisplayLink drawable via DXMT Presenter"
generated_selected,1,3,0,442,2,131,130,131,237355992992812,237356012687458,237356015711125,237356032196583,237356048550291,237356081882291,0,0,41875,0,0,0,0,"exact A/B pair ready before display deadline"
presentation_submitted,1,3,435,442,2,131,130,131,237355992992812,0,237356015711125,237356032196583,237356048550291,237356081882291,0,237356033162208,41875,0,4687395504004368125,4687395504566111193,4687395505711389992,"external CAMetalDisplayLink drawable via DXMT Presenter"
source_displayed,1,3,432,439,1,129,0,0,237355943121583,0,0,237355982076375,237355998552291,237356031884291,237356032014499,0,8833,0,4687395502282213645,4687395502848192994,4687395503993471793,"normalized presentedTime from Core Animation clock"
source_accepted,1,3,0,0,0,132,0,0,237356042143041,237356044709875,0,0,0,237356125239740,0,0,0,0,0,0,0,"owned history copy completed successfully"
history_copy_complete,1,3,0,0,0,132,0,0,237356042143041,237356044709875,0,0,0,237356125239740,0,0,0,0,0,0,0,"Metal command buffer completed"
generated_requested,1,3,0,0,2,132,131,132,237356042143041,237356044709875,0,0,0,237356109155086,0,0,0,0,0,0,0,"exact adjacent source pair submitted"
generated_ready,1,3,0,443,2,132,131,132,0,0,237356048796833,237356048750291,237356065216291,237356109155086,0,0,13167,0,0,0,0,"Metal status completed"
selected_source,1,3,0,443,1,131,0,0,237356009945125,237356012687458,0,237356048750291,237356065216291,237356098548291,0,0,13167,0,0,0,0,"next real endpoint in source order"
presentation_submitted,1,3,436,443,1,131,0,0,237356009945125,0,0,237356048750291,237356065216291,237356098548291,0,237356049254083,13167,0,4687395504573100548,4687395505138750592,4687395506284029392,"external CAMetalDisplayLink drawable via DXMT Presenter"
generated_displayed,1,3,433,440,2,130,129,130,237355959581041,0,237355982114000,237355998767958,237356015218291,237356048550291,237356050688999,0,17542,0,4687395502855767873,4687395503420832393,4687395504566111193,"normalized presentedTime from Core Animation clock"
source_displayed,1,3,434,441,1,130,0,0,237355976040500,0,0,237356015564416,237356031884291,237356065216291,237356058207291,0,27542,0,4687395503432878334,4687395503993471793,4687395505138750592,"normalized presentedTime from Core Animation clock"
generated_selected,1,3,0,444,2,132,131,132,237356026044083,237356044709875,237356048796833,237356065521000,237356082012499,237356115344499,0,0,13583,0,0,0,0,"exact A/B pair ready before display deadline"
presentation_submitted,1,3,437,444,2,132,131,132,237356026044083,0,237356048796833,237356065521000,237356082012499,237356115344499,0,237356066295958,13583,0,4687395505149389226,4687395505715863905,4687395506861142704,"external CAMetalDisplayLink drawable via DXMT Presenter"
generated_displayed,1,3,435,442,2,131,130,131,237355992992812,0,237356015711125,237356032196583,237356048550291,237356081882291,237356069446333,0,41875,0,4687395504004368125,4687395504566111193,4687395505711389992,"normalized presentedTime from Core Animation clock"
source_accepted,1,3,0,0,0,133,0,0,237356075815000,237356078264708,0,0,0,237356158923003,0,0,0,0,0,0,0,"owned history copy completed successfully"
history_copy_complete,1,3,0,0,0,133,0,0,237356075815000,237356078264708,0,0,0,237356158923003,0,0,0,0,0,0,0,"Metal command buffer completed"
generated_requested,1,3,0,0,2,133,132,133,237356075815000,237356078264708,0,0,0,237356142081371,0,0,0,0,0,0,0,"exact adjacent source pair submitted"
generated_ready,1,3,0,445,2,133,132,133,0,0,237356082265250,237356082215791,237356098678499,237356142081371,0,0,14584,0,0,0,0,"Metal status completed"
selected_source,1,3,0,445,1,132,0,0,237356042143041,237356044709875,0,237356082215791,237356098678499,237356132010499,0,0,14584,0,0,0,0,"next real endpoint in source order"
presentation_submitted,1,3,438,445,1,132,0,0,237356042143041,0,0,237356082215791,237356098678499,237356132010499,0,237356082713625,14584,0,4687395505722972076,4687395506288503304,4687395507433782104,"external CAMetalDisplayLink drawable via DXMT Presenter"
source_displayed,1,3,436,443,1,131,0,0,237356009945125,0,0,237356048750291,237356065216291,237356098548291,237356086223541,0,13167,0,4687395504573100548,4687395505138750592,4687395506284029392,"normalized presentedTime from Core Animation clock"
generated_selected,1,3,0,446,2,133,132,133,237356058979020,237356078264708,237356082265250,237356098862500,237356115344499,237356148676499,0,0,18166,0,0,0,0,"exact A/B pair ready before display deadline"
presentation_submitted,1,3,439,446,2,133,132,133,237356058979020,0,237356082265250,237356098862500,237356115344499,237356148676499,0,237356099597333,18166,0,4687395506294983001,4687395506861142704,4687395508006421503,"external CAMetalDisplayLink drawable via DXMT Presenter"
generated_displayed,1,3,437,444,2,132,131,132,237356026044083,0,237356048796833,237356065521000,237356082012499,237356115344499,237356102451624,0,13583,0,4687395505149389226,4687395505715863905,4687395506861142704,"normalized presentedTime from Core Animation clock"
source_accepted,1,3,0,0,0,134,0,0,237356108913500,237356111319916,0,0,0,237356192028610,0,0,0,0,0,0,0,"owned history copy completed successfully"
history_copy_complete,1,3,0,0,0,134,0,0,237356108913500,237356111319916,0,0,0,237356192028610,0,0,0,0,0,0,0,"Metal command buffer completed"
generated_requested,1,3,0,0,2,134,133,134,237356108913500,237356111319916,0,0,0,237356175475806,0,0,0,0,0,0,0,"exact adjacent source pair submitted"
generated_ready,1,3,0,447,2,134,133,134,0,0,237356115588708,237356115549375,237356132010499,237356175475806,0,0,12375,0,0,0,0,"Metal status completed"
selected_source,1,3,0,447,1,133,0,0,237356075815000,237356078264708,0,237356115549375,237356132010499,237356165342499,0,0,12375,0,0,0,0,"next real endpoint in source order"
presentation_submitted,1,3,440,447,1,133,0,0,237356075815000,0,0,237356115549375,237356132010499,237356165342499,0,237356116120708,12375,0,4687395506868299563,4687395507433782104,4687395508579060903,"external CAMetalDisplayLink drawable via DXMT Presenter"
source_displayed,1,3,438,445,1,132,0,0,237356042143041,0,0,237356082215791,237356098678499,237356132010499,237356120098999,0,14584,0,4687395505722972076,4687395506288503304,4687395507433782104,"normalized presentedTime from Core Animation clock"
generated_selected,1,3,0,448,2,134,133,134,237356092364250,237356111319916,237356115588708,237356132191708,237356148676499,237356182008499,0,0,19167,0,0,0,0,"exact A/B pair ready before display deadline"
presentation_submitted,1,3,441,448,2,134,133,134,237356092364250,0,237356115588708,237356132191708,237356148676499,237356182008499,0,237356132896125,19167,0,4687395507440184491,4687395508006421503,4687395509151700303,"external CAMetalDisplayLink drawable via DXMT Presenter"
generated_displayed,1,3,439,446,2,133,132,133,237356058979020,0,237356082265250,237356098862500,237356115344499,237356148676499,237356136516583,0,18166,0,4687395506294983001,4687395506861142704,4687395508006421503,"normalized presentedTime from Core Animation clock"
source_accepted,1,3,0,0,0,135,0,0,237356143096916,237356145542625,0,0,0,237356226217643,0,0,0,0,0,0,0,"owned history copy completed successfully"
history_copy_complete,1,3,0,0,0,135,0,0,237356143096916,237356145542625,0,0,0,237356226217643,0,0,0,0,0,0,0,"Metal command buffer completed"
generated_requested,1,3,0,0,2,135,134,135,237356143096916,237356145542625,0,0,0,237356209123126,0,0,0,0,0,0,0,"exact adjacent source pair submitted"
generated_ready,1,3,0,449,2,135,134,135,0,0,237356148923875,237356148879833,237356165342499,237356209123126,0,0,13333,0,0,0,0,"Metal status completed"
selected_source,1,3,0,449,1,134,0,0,237356108913500,237356111319916,0,237356148879833,237356165342499,237356198674499,0,0,13333,0,0,0,0,"next real endpoint in source order"
presentation_submitted,1,3,442,449,1,134,0,0,237356108913500,0,0,237356148879833,237356165342499,237356198674499,0,237356149352666,13333,0,4687395508013535412,4687395508579060903,4687395509724339702,"external CAMetalDisplayLink drawable via DXMT Presenter"
generated_selected,1,3,0,450,2,135,134,135,237356126005208,237356145542625,237356148923875,237356165596000,237356182008499,237356215340499,0,0,25208,0,0,0,0,"exact A/B pair ready before display deadline"
presentation_submitted,1,3,443,450,2,135,134,135,237356126005208,0,237356148923875,237356165596000,237356182008499,237356215340499,0,237356166380375,25208,0,4687395508587935749,4687395509151700303,4687395510296979102,"external CAMetalDisplayLink drawable via DXMT Presenter"
source_accepted,1,3,0,0,0,136,0,0,237356175871333,237356178601500,0,0,0,237356258987493,0,0,0,0,0,0,0,"owned history copy completed successfully"
history_copy_complete,1,3,0,0,0,136,0,0,237356175871333,237356178601500,0,0,0,237356258987493,0,0,0,0,0,0,0,"Metal command buffer completed"
generated_requested,1,3,0,0,2,136,135,136,237356175871333,237356178601500,0,0,0,237356242602568,0,0,0,0,0,0,0,"exact adjacent source pair submitted"
generated_ready,1,3,0,451,2,136,135,136,0,0,237356183204000,237356182662416,237356198674499,237356242602568,0,0,36542,0,0,0,0,"Metal status completed"
selected_source,1,3,0,451,1,135,0,0,237356143096916,237356145542625,0,237356182662416,237356198674499,237356232006499,0,0,36542,0,0,0,0,"next real endpoint in source order"
presentation_submitted,1,3,444,451,1,135,0,0,237356143096916,0,0,237356182662416,237356198674499,237356232006499,0,237356184443083,36542,0,4687395509174340518,4687395509724339702,4687395510869618502,"external CAMetalDisplayLink drawable via DXMT Presenter"
source_displayed,1,3,440,447,1,133,0,0,237356075815000,0,0,237356115549375,237356132010499,237356165342499,237356182012874,0,12375,0,4687395506868299563,4687395507433782104,4687395508579060903,"normalized presentedTime from Core Animation clock"
generated_selected,1,3,0,452,2,136,135,136,237356159484124,237356178601500,237356183204000,237356198819666,237356215340499,237356248672499,0,0,14500,0,0,0,0,"exact A/B pair ready before display deadline"
presentation_submitted,1,3,445,452,2,136,135,136,237356159484124,0,237356183204000,237356198819666,237356215340499,237356248672499,0,237356199418041,14500,0,4687395509729463598,4687395510296979102,4687395511442257901,"external CAMetalDisplayLink drawable via DXMT Presenter"
generated_displayed,1,3,441,448,2,134,133,134,237356092364250,0,237356115588708,237356132191708,237356148676499,237356182008499,237356198679333,0,19167,0,4687395507440184491,4687395508006421503,4687395509151700303,"normalized presentedTime from Core Animation clock"
source_accepted,1,3,0,0,0,137,0,0,237356208772583,237356210414625,0,0,0,237356291849506,0,0,0,0,0,0,0,"owned history copy completed successfully"
history_copy_complete,1,3,0,0,0,137,0,0,237356208772583,237356210414625,0,0,0,237356291849506,0,0,0,0,0,0,0,"Metal command buffer completed"
generated_requested,1,3,0,0,2,137,136,137,237356208772583,237356210414625,0,0,0,237356275418499,0,0,0,0,0,0,0,"exact adjacent source pair submitted"
generated_ready,1,3,0,453,2,137,136,137,0,0,237356215502208,237356215468333,237356232006499,237356275418499,0,0,8000,0,0,0,0,"Metal status completed"
selected_source,1,3,0,453,1,136,0,0,237356175871333,237356178601500,0,237356215468333,237356232006499,237356265338499,0,0,8000,0,0,0,0,"next real endpoint in source order"
presentation_submitted,1,3,446,453,1,136,0,0,237356175871333,0,0,237356215468333,237356232006499,237356265338499,0,237356215795958,8000,0,4687395510301480228,4687395510869618502,4687395512014897301,"external CAMetalDisplayLink drawable via DXMT Presenter"
source_displayed,1,3,442,449,1,134,0,0,237356108913500,0,0,237356148879833,237356165342499,237356198674499,237356215345874,0,13333,0,4687395508013535412,4687395508579060903,4687395509724339702,"normalized presentedTime from Core Animation clock"
generated_displayed,1,3,443,450,2,135,134,135,237356126005208,0,237356148923875,237356165596000,237356182008499,237356215340499,237356217053333,0,25208,0,4687395508587935749,4687395509151700303,4687395510296979102,"normalized presentedTime from Core Animation clock"
source_displayed,1,3,444,451,1,135,0,0,237356143096916,0,0,237356182662416,237356198674499,237356232006499,237356223892458,0,36542,0,4687395509174340518,4687395509724339702,4687395510869618502,"normalized presentedTime from Core Animation clock"
generated_selected,1,3,0,454,2,137,136,137,237356192321958,237356210414625,237356215502208,237356232156625,237356248672499,237356282004499,0,0,12125,0,0,0,0,"exact A/B pair ready before display deadline"
presentation_submitted,1,3,447,454,2,137,136,137,237356192321958,0,237356215502208,237356232156625,237356248672499,237356282004499,0,237356232656000,12125,0,4687395510874914196,4687395511442257901,4687395512587536701,"external CAMetalDisplayLink drawable via DXMT Presenter"
generated_displayed,1,3,445,452,2,136,135,136,237356159484124,0,237356183204000,237356198819666,237356215340499,237356248672499,237356235358249,0,14500,0,4687395509729463598,4687395510296979102,4687395511442257901,"normalized presentedTime from Core Animation clock"
source_accepted,1,3,0,0,0,138,0,0,237356242440416,237356244151583,0,0,0,237356325544218,0,0,0,0,0,0,0,"owned history copy completed successfully"
history_copy_complete,1,3,0,0,0,138,0,0,237356242440416,237356244151583,0,0,0,237356325544218,0,0,0,0,0,0,0,"Metal command buffer completed"
generated_requested,1,3,0,0,2,138,137,138,237356242440416,237356244151583,0,0,0,237356308696862,0,0,0,0,0,0,0,"exact adjacent source pair submitted"
generated_ready,1,3,0,455,2,138,137,138,0,0,237356248812416,237356248784583,237356265338499,237356308696862,0,0,6583,0,0,0,0,"Metal status completed"
selected_source,1,3,0,455,1,137,0,0,237356208772583,237356210414625,0,237356248784583,237356265338499,237356298670499,0,0,6583,0,0,0,0,"next real endpoint in source order"
presentation_submitted,1,3,448,455,1,137,0,0,237356208772583,0,0,237356248784583,237356265338499,237356298670499,0,237356249059083,6583,0,4687395511446217861,4687395512014897301,4687395513160176100,"external CAMetalDisplayLink drawable via DXMT Presenter"
source_displayed,1,3,446,453,1,136,0,0,237356175871333,0,0,237356215468333,237356232006499,237356265338499,237356252299374,0,8000,0,4687395510301480228,4687395510869618502,4687395512014897301,"normalized presentedTime from Core Animation clock"
generated_selected,1,3,0,456,2,138,137,138,237356225606499,237356244151583,237356248812416,237356265547916,237356282004499,237356315336499,0,0,18625,0,0,0,0,"exact A/B pair ready before display deadline"
presentation_submitted,1,3,449,456,2,138,137,138,237356225606499,0,237356248812416,237356265547916,237356282004499,237356315336499,0,237356266278833,18625,0,4687395512022243138,4687395512587536701,4687395513732815500,"external CAMetalDisplayLink drawable via DXMT Presenter"
generated_displayed,1,3,447,454,2,137,136,137,237356192321958,0,237356215502208,237356232156625,237356248672499,237356282004499,237356269844833,0,12125,0,4687395510874914196,4687395511442257901,4687395512587536701,"normalized presentedTime from Core Animation clock"
source_accepted,1,3,0,0,0,139,0,0,237356275479333,237356278162250,0,0,0,237356358598025,0,0,0,0,0,0,0,"owned history copy completed successfully"
history_copy_complete,1,3,0,0,0,139,0,0,237356275479333,237356278162250,0,0,0,237356358598025,0,0,0,0,0,0,0,"Metal command buffer completed"
generated_requested,1,3,0,0,2,139,138,139,237356275479333,237356278162250,0,0,0,237356342071121,0,0,0,0,0,0,0,"exact adjacent source pair submitted"
generated_ready,1,3,0,457,2,139,138,139,0,0,237356282217333,237356282181833,237356298670499,237356342071121,0,0,8167,0,0,0,0,"Metal status completed"
selected_source,1,3,0,457,1,138,0,0,237356242440416,237356244151583,0,237356282181833,237356298670499,237356332002499,0,0,8167,0,0,0,0,"next real endpoint in source order"
presentation_submitted,1,3,450,457,1,138,0,0,237356242440416,0,0,237356282181833,237356298670499,237356332002499,0,237356282559541,8167,0,4687395512593748666,4687395513160176100,4687395514305454900,"external CAMetalDisplayLink drawable via DXMT Presenter"
source_displayed,1,3,448,455,1,137,0,0,237356208772583,0,0,237356248784583,237356265338499,237356298670499,237356286699499,0,6583,0,4687395511446217861,4687395512014897301,4687395513160176100,"normalized presentedTime from Core Animation clock"
generated_selected,1,3,0,458,2,139,138,139,237356258959874,237356278162250,237356282217333,237356298874208,237356315336499,237356348668499,0,0,20750,0,0,0,0,"exact A/B pair ready before display deadline"
presentation_submitted,1,3,451,458,2,139,138,139,237356258959874,0,237356282217333,237356298874208,237356315336499,237356348668499,0,237356299621041,20750,0,4687395513167335811,4687395513732815500,4687395514878094299,"external CAMetalDisplayLink drawable via DXMT Presenter"
source_accepted,1,3,0,0,0,140,0,0,237356309810708,237356312396916,0,0,0,237356392934377,0,0,0,0,0,0,0,"owned history copy completed successfully"
history_copy_complete,1,3,0,0,0,140,0,0,237356309810708,237356312396916,0,0,0,237356392934377,0,0,0,0,0,0,0,"Metal command buffer completed"
generated_requested,1,3,0,0,2,140,139,140,237356309810708,237356312396916,0,0,0,237356375766201,0,0,0,0,0,0,0,"exact adjacent source pair submitted"
generated_ready,1,3,0,459,2,140,139,140,0,0,237356315638041,237356315533458,237356332002499,237356375766201,0,0,10125,0,0,0,0,"Metal status completed"
selected_source,1,3,0,459,1,139,0,0,237356275479333,237356278162250,0,237356315533458,237356332002499,237356365334499,0,0,10125,0,0,0,0,"next real endpoint in source order"
presentation_submitted,1,3,452,459,1,139,0,0,237356275479333,0,0,237356315533458,237356332002499,237356365334499,0,237356316027333,10125,0,4687395513739703219,4687395514305454899,4687395515450733699,"external CAMetalDisplayLink drawable via DXMT Presenter"
generated_displayed,1,3,449,456,2,138,137,138,237356225606499,0,237356248812416,237356265547916,237356282004499,237356315336499,237356315344749,0,18625,0,4687395512022243138,4687395512587536701,4687395513732815500,"normalized presentedTime from Core Animation clock"
generated_selected,1,3,0,460,2,140,139,140,237356292645020,237356312396916,237356315638041,237356332294416,237356348668499,237356382000499,0,0,105500,0,0,0,0,"exact A/B pair ready before display deadline"
presentation_submitted,1,3,453,460,2,140,139,140,237356292645020,0,237356315638041,237356332294416,237356348668499,237356382000499,0,237356333825500,105500,0,4687395514315782887,4687395514878094299,4687395516023373098,"external CAMetalDisplayLink drawable via DXMT Presenter"
source_accepted,1,3,0,0,0,141,0,0,237356344513458,237356348457625,0,0,0,237356427627766,0,0,0,0,0,0,0,"owned history copy completed successfully"
history_copy_complete,1,3,0,0,0,141,0,0,237356344513458,237356348457625,0,0,0,237356427627766,0,0,0,0,0,0,0,"Metal command buffer completed"
generated_requested,1,3,0,0,2,141,140,141,237356344513458,237356348457625,0,0,0,237356410281071,0,0,0,0,0,0,0,"exact adjacent source pair submitted"
source_displayed,1,3,450,457,1,138,0,0,237356242440416,0,0,237356282181833,237356298670499,237356332002499,237356348677624,0,8167,0,4687395512593748666,4687395513160176100,4687395514305454900,"normalized presentedTime from Core Animation clock"
generated_ready,1,3,0,461,2,141,140,141,0,0,237356351708875,237356351606291,237356365334499,237356410281071,0,0,9334,0,0,0,0,"Metal status completed"
selected_source,1,3,0,461,1,140,0,0,237356309810708,237356312396916,0,237356351606291,237356365334499,237356398666499,0,0,9334,0,0,0,0,"next real endpoint in source order"
presentation_submitted,1,3,454,461,1,140,0,0,237356309810708,0,0,237356351606291,237356365334499,237356398666499,0,237356353136666,9334,0,4687395514979144881,4687395515450733699,4687395516596012498,"external CAMetalDisplayLink drawable via DXMT Presenter"
generated_selected,1,3,0,462,2,141,140,141,237356327162083,237356348457625,237356351708875,237356365593125,237356382000499,237356415332499,0,0,22791,0,0,0,0,"exact A/B pair ready before display deadline"
presentation_submitted,1,3,455,462,2,141,140,141,237356327162083,0,237356351708875,237356365593125,237356382000499,237356415332499,0,237356366374458,22791,0,4687395515459787490,4687395516023373098,4687395517168651898,"external CAMetalDisplayLink drawable via DXMT Presenter"
presentation_dropped,1,3,451,458,2,139,138,139,237356258959874,0,237356282217333,237356298874208,237356315336499,237356348668499,0,0,20750,0,4687395513167335811,4687395513732815500,4687395514878094299,"Metal drawable presentedTime=0; associated frame was dropped or not presented"
source_displayed,1,3,452,459,1,139,0,0,237356275479333,0,0,237356315533458,237356332002499,237356365334499,237356367202666,0,10125,0,4687395513739703219,4687395514305454899,4687395515450733699,"normalized presentedTime from Core Animation clock"
source_accepted,1,3,0,0,0,142,0,0,237356375596375,237356378385416,0,0,0,237356458407898,0,0,0,0,0,0,0,"owned history copy completed successfully"
history_copy_complete,1,3,0,0,0,142,0,0,237356375596375,237356378385416,0,0,0,237356458407898,0,0,0,0,0,0,0,"Metal command buffer completed"
generated_requested,1,3,0,0,2,142,141,142,237356375596375,237356378385416,0,0,0,237356443017832,0,0,0,0,0,0,0,"exact adjacent source pair submitted"
generated_displayed,1,3,453,460,2,140,139,140,237356292645020,0,237356315638041,237356332294416,237356348668499,237356382000499,237356374970583,0,105500,0,4687395514315782887,4687395514878094299,4687395516023373098,"normalized presentedTime from Core Animation clock"
generated_ready,1,3,0,463,2,142,141,142,0,0,237356382239875,237356382154875,237356398666499,237356443017832,0,0,11333,0,0,0,0,"Metal status completed"
selected_source,1,3,0,463,1,141,0,0,237356344513458,237356348457625,0,237356382154875,237356398666499,237356431998499,0,0,11333,0,0,0,0,"next real endpoint in source order"
presentation_submitted,1,3,456,463,1,141,0,0,237356344513458,0,0,237356382154875,237356398666499,237356431998499,0,237356382721000,11333,0,4687395516028810527,4687395516596012498,4687395517741291297,"external CAMetalDisplayLink drawable via DXMT Presenter"
source_displayed,1,3,454,461,1,140,0,0,237356309810708,0,0,237356351606291,237356365334499,237356398666499,237356386401166,0,9334,0,4687395514979144881,4687395515450733699,4687395516596012498,"normalized presentedTime from Core Animation clock"
generated_selected,1,3,0,464,2,142,141,142,237356360054916,237356378385416,237356382239875,237356398878208,237356415332499,237356448664499,0,0,24875,0,0,0,0,"exact A/B pair ready before display deadline"
presentation_submitted,1,3,457,464,2,142,141,142,237356360054916,0,237356382239875,237356398878208,237356415332499,237356448664499,0,237356399586083,24875,0,4687395516603444235,4687395517168651898,4687395518313930697,"external CAMetalDisplayLink drawable via DXMT Presenter"
generated_displayed,1,3,455,462,2,141,140,141,237356327162083,0,237356351708875,237356365593125,237356382000499,237356415332499,237356402990999,0,22791,0,4687395515459787490,4687395516023373098,4687395517168651898,"normalized presentedTime from Core Animation clock"
source_accepted,1,3,0,0,0,143,0,0,237356408925708,237356411212208,0,0,0,237356491815712,0,0,0,0,0,0,0,"owned history copy completed successfully"
history_copy_complete,1,3,0,0,0,143,0,0,237356408925708,237356411212208,0,0,0,237356491815712,0,0,0,0,0,0,0,"Metal command buffer completed"
generated_requested,1,3,0,0,2,143,142,143,237356408925708,237356411212208,0,0,0,237356475111805,0,0,0,0,0,0,0,"exact adjacent source pair submitted"
generated_ready,1,3,0,465,2,143,142,143,0,0,237356415577958,237356415533458,237356431998499,237356475111805,0,0,13833,0,0,0,0,"Metal status completed"
selected_source,1,3,0,465,1,142,0,0,237356375596375,237356378385416,0,237356415533458,237356431998499,237356465330499,0,0,13833,0,0,0,0,"next real endpoint in source order"
presentation_submitted,1,3,458,465,1,142,0,0,237356375596375,0,0,237356415533458,237356431998499,237356465330499,0,237356415961708,13833,0,4687395517175687054,4687395517741291297,4687395518886570097,"external CAMetalDisplayLink drawable via DXMT Presenter"
source_displayed,1,3,456,463,1,141,0,0,237356344513458,0,0,237356382154875,237356398666499,237356431998499,237356420478124,0,11333,0,4687395516028810527,4687395516596012498,4687395517741291297,"normalized presentedTime from Core Animation clock"
generated_selected,1,3,0,466,2,143,142,143,237356392261041,237356411212208,237356415577958,237356432217666,237356448664499,237356481996499,0,0,18792,0,0,0,0,"exact A/B pair ready before display deadline"
presentation_submitted,1,3,459,466,2,143,142,143,237356392261041,0,237356415577958,237356432217666,237356448664499,237356481996499,0,237356432953625,18792,0,4687395517748990765,4687395518313930697,4687395519459209496,"external CAMetalDisplayLink drawable via DXMT Presenter"
generated_displayed,1,3,457,464,2,142,141,142,237356360054916,0,237356382239875,237356398878208,237356415332499,237356448664499,237356436432749,0,24875,0,4687395516603444235,4687395517168651898,4687395518313930697,"normalized presentedTime from Core Animation clock"
source_accepted,1,3,0,0,0,144,0,0,237356443004208,237356445273833,0,0,0,237356525948272,0,0,0,0,0,0,0,"owned history copy completed successfully"
history_copy_complete,1,3,0,0,0,144,0,0,237356443004208,237356445273833,0,0,0,237356525948272,0,0,0,0,0,0,0,"Metal command buffer completed"
generated_requested,1,3,0,0,2,144,143,144,237356443004208,237356445273833,0,0,0,237356508881992,0,0,0,0,0,0,0,"exact adjacent source pair submitted"
generated_ready,1,3,0,467,2,144,143,144,0,0,237356448970958,237356448907666,237356465330499,237356508881992,0,0,18292,0,0,0,0,"Metal status completed"
selected_source,1,3,0,467,1,143,0,0,237356408925708,237356411212208,0,237356448907666,237356465330499,237356498662499,0,0,18292,0,0,0,0,"next real endpoint in source order"
presentation_submitted,1,3,460,467,1,143,0,0,237356408925708,0,0,237356448907666,237356465330499,237356498662499,0,237356449789333,18292,0,4687395518322583647,4687395518886570097,4687395520031848896,"external CAMetalDisplayLink drawable via DXMT Presenter"
source_displayed,1,3,458,465,1,142,0,0,237356375596375,0,0,237356415533458,237356431998499,237356465330499,237356454195041,0,13833,0,4687395517175687054,4687395517741291297,4687395518886570097,"normalized presentedTime from Core Animation clock"
generated_selected,1,3,0,468,2,144,143,144,237356425964958,237356445273833,237356448970958,237356465573250,237356481996499,237356515328499,0,0,20666,0,0,0,0,"exact A/B pair ready before display deadline"
presentation_submitted,1,3,461,468,2,144,143,144,237356425964958,0,237356448970958,237356465573250,237356481996499,237356515328499,0,237356466462375,20666,0,4687395518895064133,4687395519459209496,4687395520604488296,"external CAMetalDisplayLink drawable via DXMT Presenter"
generated_displayed,1,3,459,466,2,143,142,143,237356392261041,0,237356415577958,237356432217666,237356448664499,237356481996499,237356469493041,0,18792,0,4687395517748990765,4687395518313930697,4687395519459209496,"normalized presentedTime from Core Animation clock"
source_accepted,1,3,0,0,0,145,0,0,237356476081041,237356478391000,0,0,0,237356559058930,0,0,0,0,0,0,0,"owned history copy completed successfully"
history_copy_complete,1,3,0,0,0,145,0,0,237356476081041,237356478391000,0,0,0,237356559058930,0,0,0,0,0,0,0,"Metal command buffer completed"
generated_requested,1,3,0,0,2,145,144,145,237356476081041,237356478391000,0,0,0,237356542503601,0,0,0,0,0,0,0,"exact adjacent source pair submitted"
generated_ready,1,3,0,469,2,145,144,145,0,0,237356482217083,237356482159625,237356498662499,237356542503601,0,0,7916,0,0,0,0,"Metal status completed"
selected_source,1,3,0,469,1,144,0,0,237356443004208,237356445273833,0,237356482159625,237356498662499,237356531994499,0,0,7916,0,0,0,0,"next real endpoint in source order"
presentation_submitted,1,3,462,469,1,144,0,0,237356443004208,0,0,237356482159625,237356498662499,237356531994499,0,237356482599000,7916,0,4687395519464933279,4687395520031848896,4687395521177127695,"external CAMetalDisplayLink drawable via DXMT Presenter"
generated_selected,1,3,0,470,2,145,144,145,237356459542624,237356478391000,237356482217083,237356498872125,237356515328498,237356548660499,0,0,19375,0,0,0,0,"exact A/B pair ready before display deadline"
presentation_submitted,1,3,463,470,2,145,144,145,237356459542624,0,237356482217083,237356498872125,237356515328498,237356548660499,0,237356499580458,19375,0,4687395520039207618,4687395520604488295,4687395521749767095,"external CAMetalDisplayLink drawable via DXMT Presenter"
source_accepted,1,3,0,0,0,146,0,0,237356508813250,237356511153750,0,0,0,237356591829931,0,0,0,0,0,0,0,"owned history copy completed successfully"
history_copy_complete,1,3,0,0,0,146,0,0,237356508813250,237356511153750,0,0,0,237356591829931,0,0,0,0,0,0,0,"Metal command buffer completed"
generated_requested,1,3,0,0,2,146,145,146,237356508813250,237356511153750,0,0,0,237356575444430,0,0,0,0,0,0,0,"exact adjacent source pair submitted"
source_displayed,1,3,460,467,1,143,0,0,237356408925708,0,0,237356448907666,237356465330499,237356498662499,237356515342499,0,18292,0,4687395518322583647,4687395518886570097,4687395520031848896,"normalized presentedTime from Core Animation clock"
generated_ready,1,3,0,471,2,146,145,146,0,0,237356522153000,237356522087208,237356531994499,237356575444430,0,0,10458,0,0,0,0,"Metal status completed"
selected_source,1,3,0,471,1,145,0,0,237356476081041,237356478391000,0,237356522087208,237356531994499,237356565326499,0,0,10458,0,0,0,0,"next real endpoint in source order"
presentation_submitted,1,3,464,471,1,145,0,0,237356476081041,0,0,237356522087208,237356531994499,237356565326499,0,237356522876291,10458,0,4687395520836854616,4687395521177127695,4687395522322406494,"external CAMetalDisplayLink drawable via DXMT Presenter"
generated_selected,1,3,0,472,2,146,145,146,237356492447145,237356511153750,237356522153000,237356532228125,237356548660499,237356581992499,0,0,23500,0,0,0,0,"exact A/B pair ready before display deadline"
presentation_submitted,1,3,465,472,2,146,145,146,237356492447145,0,237356522153000,237356532228125,237356548660499,237356581992499,0,237356533067875,23500,0,4687395521185323936,4687395521749767095,4687395522895045894,"external CAMetalDisplayLink drawable via DXMT Presenter"
presentation_dropped,1,3,461,468,2,144,143,144,237356425964958,0,237356448970958,237356465573250,237356481996499,237356515328499,0,0,20666,0,4687395518895064133,4687395519459209496,4687395520604488296,"Metal drawable presentedTime=0; associated frame was dropped or not presented"
source_displayed,1,3,462,469,1,144,0,0,237356443004208,0,0,237356482159625,237356498662499,237356531994499,237356533986249,0,7916,0,4687395519464933279,4687395520031848896,4687395521177127695,"normalized presentedTime from Core Animation clock"
source_accepted,1,3,0,0,0,147,0,0,237356542897375,237356545378208,0,0,0,237356625219364,0,0,0,0,0,0,0,"owned history copy completed successfully"
history_copy_complete,1,3,0,0,0,147,0,0,237356542897375,237356545378208,0,0,0,237356625219364,0,0,0,0,0,0,0,"Metal command buffer completed"
generated_requested,1,3,0,0,2,147,146,147,237356542897375,237356545378208,0,0,0,237356608524647,0,0,0,0,0,0,0,"exact adjacent source pair submitted"
generated_displayed,1,3,463,470,2,145,144,145,237356459542624,0,237356482217083,237356498872125,237356515328498,237356548660499,237356541305958,0,19375,0,4687395520039207618,4687395520604488295,4687395521749767095,"normalized presentedTime from Core Animation clock"
generated_ready,1,3,0,473,2,147,146,147,0,0,237356548877666,237356548810333,237356565326499,237356608524647,0,0,9667,0,0,0,0,"Metal status completed"
selected_source,1,3,0,473,1,146,0,0,237356508813250,237356511153750,0,237356548810333,237356565326499,237356598658499,0,0,9667,0,0,0,0,"next real endpoint in source order"
presentation_submitted,1,3,466,473,1,146,0,0,237356508813250,0,0,237356548810333,237356565326499,237356598658499,0,237356549322875,9667,0,4687395521755035611,4687395522322406494,4687395523467685294,"external CAMetalDisplayLink drawable via DXMT Presenter"
source_displayed,1,3,464,471,1,145,0,0,237356476081041,0,0,237356522087208,237356531994499,237356565326499,237356554057833,0,10458,0,4687395520836854616,4687395521177127695,4687395522322406494,"normalized presentedTime from Core Animation clock"
generated_selected,1,3,0,474,2,147,146,147,237356525855312,237356545378208,237356548877666,237356565583291,237356581992499,237356615324499,0,0,17959,0,0,0,0,"exact A/B pair ready before display deadline"
presentation_submitted,1,3,467,474,2,147,146,147,237356525855312,0,237356548877666,237356565583291,237356581992499,237356615324499,0,237356566268250,17959,0,4687395522331394452,4687395522895045894,4687395524040324693,"external CAMetalDisplayLink drawable via DXMT Presenter"
generated_displayed,1,3,465,472,2,146,145,146,237356492447145,0,237356522153000,237356532228125,237356548660499,237356581992499,237356569480083,0,23500,0,4687395521185323936,4687395521749767095,4687395522895045894,"normalized presentedTime from Core Animation clock"
source_accepted,1,3,0,0,0,148,0,0,237356576090125,237356578620375,0,0,0,237356658600191,0,0,0,0,0,0,0,"owned history copy completed successfully"
history_copy_complete,1,3,0,0,0,148,0,0,237356576090125,237356578620375,0,0,0,237356658600191,0,0,0,0,0,0,0,"Metal command buffer completed"
generated_requested,1,3,0,0,2,148,147,148,237356576090125,237356578620375,0,0,0,237356641909777,0,0,0,0,0,0,0,"exact adjacent source pair submitted"
generated_ready,1,3,0,475,2,148,147,148,0,0,237356582234375,237356582183458,237356598658499,237356641909777,0,0,23042,0,0,0,0,"Metal status completed"
selected_source,1,3,0,475,1,147,0,0,237356542897375,237356545378208,0,237356582183458,237356598658499,237356631990499,0,0,23042,0,0,0,0,"next real endpoint in source order"
presentation_submitted,1,3,468,475,1,147,0,0,237356542897375,0,0,237356582183458,237356598658499,237356631990499,0,237356582631500,23042,0,4687395522901721716,4687395523467685294,4687395524612964093,"external CAMetalDisplayLink drawable via DXMT Presenter"
source_displayed,1,3,466,473,1,146,0,0,237356508813250,0,0,237356548810333,237356565326499,237356598658499,237356586895041,0,9667,0,4687395521755035611,4687395522322406494,4687395523467685294,"normalized presentedTime from Core Animation clock"
generated_selected,1,3,0,476,2,148,147,148,237356559493750,237356578620375,237356582234375,237356598877250,237356615324499,237356648656499,0,0,17458,0,0,0,0,"exact A/B pair ready before display deadline"
presentation_submitted,1,3,469,476,2,148,147,148,237356559493750,0,237356582234375,237356598877250,237356615324499,237356648656499,0,237356599540958,17458,0,4687395523475370433,4687395524040324693,4687395525185603493,"external CAMetalDisplayLink drawable via DXMT Presenter"
generated_displayed,1,3,467,474,2,147,146,147,237356525855312,0,237356548877666,237356565583291,237356581992499,237356615324499,237356602497874,0,17959,0,4687395522331394452,4687395522895045894,4687395524040324693,"normalized presentedTime from Core Animation clock"
source_accepted,1,3,0,0,0,149,0,0,237356608802916,237356611189041,0,0,0,237356691457236,0,0,0,0,0,0,0,"owned history copy completed successfully"
history_copy_complete,1,3,0,0,0,149,0,0,237356608802916,237356611189041,0,0,0,237356691457236,0,0,0,0,0,0,0,"Metal command buffer completed"
generated_requested,1,3,0,0,2,149,148,149,237356608802916,237356611189041,0,0,0,237356675028713,0,0,0,0,0,0,0,"exact adjacent source pair submitted"
generated_ready,1,3,0,477,2,149,148,149,0,0,237356615689291,237356615626583,237356631990499,237356675028713,0,0,19667,0,0,0,0,"Metal status completed"
selected_source,1,3,0,477,1,148,0,0,237356576090125,237356578620375,0,237356615626583,237356631990499,237356665322499,0,0,19667,0,0,0,0,"next real endpoint in source order"
presentation_submitted,1,3,470,477,1,148,0,0,237356576090125,0,0,237356615626583,237356631990499,237356665322499,0,237356616288958,19667,0,4687395524050860248,4687395524612964093,4687395525758242892,"external CAMetalDisplayLink drawable via DXMT Presenter"
source_displayed,1,3,468,475,1,147,0,0,237356542897375,0,0,237356582183458,237356598658499,237356631990499,237356620819124,0,23042,0,4687395522901721716,4687395523467685294,4687395524612964093,"normalized presentedTime from Core Animation clock"
generated_selected,1,3,0,478,2,149,148,149,237356592446520,237356611189041,237356615689291,237356632270916,237356648656499,237356681988499,0,0,23875,0,0,0,0,"exact A/B pair ready before display deadline"
presentation_submitted,1,3,471,478,2,149,148,149,237356592446520,0,237356615689291,237356632270916,237356648656499,237356681988499,0,237356633162166,23875,0,4687395524622765208,4687395525185603493,4687395526330882292,"external CAMetalDisplayLink drawable via DXMT Presenter"
generated_displayed,1,3,469,476,2,148,147,148,237356559493750,0,237356582234375,237356598877250,237356615324499,237356648656499,237356636624083,0,17458,0,4687395523475370433,4687395524040324693,4687395525185603493,"normalized presentedTime from Core Animation clock"
source_accepted,1,3,0,0,0,150,0,0,237356642768208,237356644254583,0,0,0,237356725513110,0,0,0,0,0,0,0,"owned history copy completed successfully"
history_copy_complete,1,3,0,0,0,150,0,0,237356642768208,237356644254583,0,0,0,237356725513110,0,0,0,0,0,0,0,"Metal command buffer completed"
generated_requested,1,3,0,0,2,150,149,150,237356642768208,237356644254583,0,0,0,237356708485173,0,0,0,0,0,0,0,"exact adjacent source pair submitted"
generated_ready,1,3,0,479,2,150,149,150,0,0,237356648819458,237356648786416,237356665322499,237356708485173,0,0,8625,0,0,0,0,"Metal status completed"
selected_source,1,3,0,479,1,149,0,0,237356608802916,237356611189041,0,237356648786416,237356665322499,237356698654499,0,0,8625,0,0,0,0,"next real endpoint in source order"
presentation_submitted,1,3,472,479,1,149,0,0,237356608802916,0,0,237356648786416,237356665322499,237356698654499,0,237356649103708,8625,0,4687395525190170486,4687395525758242892,4687395526903521692,"external CAMetalDisplayLink drawable via DXMT Presenter"
generated_selected,1,3,0,480,2,150,149,150,237356625785562,237356644254583,237356648819458,237356665488666,237356681988499,237356715320499,0,0,18375,0,0,0,0,"exact A/B pair ready before display deadline"
presentation_submitted,1,3,473,480,2,150,149,150,237356625785562,0,237356648819458,237356665488666,237356681988499,237356715320499,0,237356665933791,18375,0,4687395525764084048,4687395526330882292,4687395527476161091,"external CAMetalDisplayLink drawable via DXMT Presenter"
source_accepted,1,3,0,0,0,151,0,0,237356676382208,237356678204125,0,0,0,237356759229574,0,0,0,0,0,0,0,"owned history copy completed successfully"
history_copy_complete,1,3,0,0,0,151,0,0,237356676382208,237356678204125,0,0,0,237356759229574,0,0,0,0,0,0,0,"Metal command buffer completed"
generated_requested,1,3,0,0,2,151,150,151,237356676382208,237356678204125,0,0,0,237356742371342,0,0,0,0,0,0,0,"exact adjacent source pair submitted"
generated_ready,1,3,0,481,2,151,150,151,0,0,237356682292291,237356682136791,237356698654499,237356742371342,0,0,12292,0,0,0,0,"Metal status completed"
selected_source,1,3,0,481,1,150,0,0,237356642768208,237356644254583,0,237356682136791,237356698654499,237356731986499,0,0,12292,0,0,0,0,"next real endpoint in source order"
presentation_submitted,1,3,474,481,1,150,0,0,237356642768208,0,0,237356682136791,237356698654499,237356731986499,0,237356682655750,12292,0,4687395526336093530,4687395526903521692,4687395528048800491,"external CAMetalDisplayLink drawable via DXMT Presenter"
source_displayed,1,3,470,477,1,148,0,0,237356576090125,0,0,237356615626583,237356631990499,237356665322499,237356682007374,0,19667,0,4687395524050860248,4687395524612964093,4687395525758242892,"normalized presentedTime from Core Animation clock"
generated_selected,1,3,0,482,2,151,150,151,237356659575208,237356678204125,237356682292291,237356698840625,237356715320499,237356748652499,0,0,16708,0,0,0,0,"exact A/B pair ready before display deadline"
presentation_submitted,1,3,475,482,2,151,150,151,237356659575208,0,237356682292291,237356698840625,237356715320499,237356748652499,0,237356699907166,16708,0,4687395526910058632,4687395527476161091,4687395528621439891,"external CAMetalDisplayLink drawable via DXMT Presenter"
generated_displayed,1,3,471,478,2,149,148,149,237356592446520,0,237356615689291,237356632270916,237356648656499,237356681988499,237356698673749,0,23875,0,4687395524622765208,4687395525185603493,4687395526330882292,"normalized presentedTime from Core Animation clock"
source_accepted,1,3,0,0,0,152,0,0,237356709165083,237356710950458,0,0,0,237356792086393,0,0,0,0,0,0,0,"owned history copy completed successfully"
history_copy_complete,1,3,0,0,0,152,0,0,237356709165083,237356710950458,0,0,0,237356792086393,0,0,0,0,0,0,0,"Metal command buffer completed"
generated_requested,1,3,0,0,2,152,151,152,237356709165083,237356710950458,0,0,0,237356775657983,0,0,0,0,0,0,0,"exact adjacent source pair submitted"
source_displayed,1,3,472,479,1,149,0,0,237356608802916,0,0,237356648786416,237356665322499,237356698654499,237356715340208,0,8625,0,4687395525190170486,4687395525758242892,4687395526903521692,"normalized presentedTime from Core Animation clock"
generated_ready,1,3,0,483,2,152,151,152,0,0,237356717790375,237356717756750,237356731986499,237356775657983,0,0,8291,0,0,0,0,"Metal status completed"
selected_source,1,3,0,483,1,151,0,0,237356676382208,237356678204125,0,237356717756750,237356731986499,237356765318499,0,0,8291,0,0,0,0,"next real endpoint in source order"
presentation_submitted,1,3,476,483,1,151,0,0,237356676382208,0,0,237356717756750,237356731986499,237356765318499,0,237356718132875,8291,0,4687395527559980264,4687395528048800491,4687395529194079290,"external CAMetalDisplayLink drawable via DXMT Presenter"
presentation_dropped,1,3,473,480,2,150,149,150,237356625785562,0,237356648819458,237356665488666,237356681988499,237356715320499,0,0,18375,0,4687395525764084048,4687395526330882292,4687395527476161091,"Metal drawable presentedTime=0; associated frame was dropped or not presented"
source_displayed,1,3,474,481,1,150,0,0,237356642768208,0,0,237356682136791,237356698654499,237356731986499,237356719473416,0,12292,0,4687395526336093530,4687395526903521692,4687395528048800491,"normalized presentedTime from Core Animation clock"
generated_selected,1,3,0,484,2,152,151,152,237356692773645,237356710950458,237356717790375,237356732122875,237356748652499,237356781984499,0,0,10583,0,0,0,0,"exact A/B pair ready before display deadline"
presentation_submitted,1,3,477,484,2,152,151,152,237356692773645,0,237356717790375,237356732122875,237356748652499,237356781984499,0,237356732580750,10583,0,4687395528053608002,4687395528621439890,4687395529766718690,"external CAMetalDisplayLink drawable via DXMT Presenter"
generated_displayed,1,3,475,482,2,151,150,151,237356659575208,0,237356682292291,237356698840625,237356715320499,237356748652499,237356734738249,0,16708,0,4687395526910058632,4687395527476161091,4687395528621439891,"normalized presentedTime from Core Animation clock"
source_accepted,1,3,0,0,0,153,0,0,237356742886541,237356744620166,0,0,0,237356825620437,0,0,0,0,0,0,0,"owned history copy completed successfully"
history_copy_complete,1,3,0,0,0,153,0,0,237356742886541,237356744620166,0,0,0,237356825620437,0,0,0,0,0,0,0,"Metal command buffer completed"
generated_requested,1,3,0,0,2,153,152,153,237356742886541,237356744620166,0,0,0,237356808853415,0,0,0,0,0,0,0,"exact adjacent source pair submitted"
generated_ready,1,3,0,485,2,153,152,153,0,0,237356748804833,237356748771500,237356765318499,237356808853415,0,0,7208,0,0,0,0,"Metal status completed"
selected_source,1,3,0,485,1,152,0,0,237356709165083,237356710950458,0,237356748771500,237356765318499,237356798650499,0,0,7208,0,0,0,0,"next real endpoint in source order"
presentation_submitted,1,3,478,485,1,152,0,0,237356709165083,0,0,237356748771500,237356765318499,237356798650499,0,237356749091125,7208,0,4687395528625634665,4687395529194079290,4687395530339358089,"external CAMetalDisplayLink drawable via DXMT Presenter"
source_displayed,1,3,476,483,1,151,0,0,237356676382208,0,0,237356717756750,237356731986499,237356765318499,237356753220708,0,8291,0,4687395527559980264,4687395528048800491,4687395529194079290,"normalized presentedTime from Core Animation clock"
generated_selected,1,3,0,486,2,153,152,153,237356726025812,237356744620166,237356748804833,237356765477291,237356781984499,237356815316499,0,0,12959,0,0,0,0,"exact A/B pair ready before display deadline"
presentation_submitted,1,3,479,486,2,153,152,153,237356726025812,0,237356748804833,237356765477291,237356781984499,237356815316499,0,237356765983000,12959,0,4687395529199669929,4687395529766718690,4687395530911997489,"external CAMetalDisplayLink drawable via DXMT Presenter"
generated_displayed,1,3,477,484,2,152,151,152,237356692773645,0,237356717790375,237356732122875,237356748652499,237356781984499,237356768866791,0,10583,0,4687395528053608002,4687395528621439890,4687395529766718690,"normalized presentedTime from Core Animation clock"
source_accepted,1,3,0,0,0,154,0,0,237356775581916,237356777546458,0,0,0,237356858422971,0,0,0,0,0,0,0,"owned history copy completed successfully"
history_copy_complete,1,3,0,0,0,154,0,0,237356775581916,237356777546458,0,0,0,237356858422971,0,0,0,0,0,0,0,"Metal command buffer completed"
generated_requested,1,3,0,0,2,154,153,154,237356775581916,237356777546458,0,0,0,237356842021704,0,0,0,0,0,0,0,"exact adjacent source pair submitted"
generated_ready,1,3,0,487,2,154,153,154,0,0,237356782277625,237356782211291,237356798650499,237356842021704,0,0,18625,0,0,0,0,"Metal status completed"
selected_source,1,3,0,487,1,153,0,0,237356742886541,237356744620166,0,237356782211291,237356798650499,237356831982499,0,0,18625,0,0,0,0,"next real endpoint in source order"
presentation_submitted,1,3,480,487,1,153,0,0,237356742886541,0,0,237356782211291,237356798650499,237356831982499,0,237356782858208,18625,0,4687395529774631463,4687395530339358089,4687395531484636889,"external CAMetalDisplayLink drawable via DXMT Presenter"
source_displayed,1,3,478,485,1,152,0,0,237356709165083,0,0,237356748771500,237356765318499,237356798650499,237356787366333,0,7208,0,4687395528625634665,4687395529194079290,4687395530339358089,"normalized presentedTime from Core Animation clock"
generated_selected,1,3,0,488,2,154,153,154,237356759234228,237356777546458,237356782277625,237356798891541,237356815316499,237356848648499,0,0,19000,0,0,0,0,"exact A/B pair ready before display deadline"
presentation_submitted,1,3,481,488,2,154,153,154,237356759234228,0,237356782277625,237356798891541,237356815316499,237356848648499,0,237356799894041,19000,0,4687395530347813471,4687395530911997489,4687395532057276288,"external CAMetalDisplayLink drawable via DXMT Presenter"
source_accepted,1,3,0,0,0,155,0,0,237356809272625,237356811778541,0,0,0,237356892173652,0,0,0,0,0,0,0,"owned history copy completed successfully"
history_copy_complete,1,3,0,0,0,155,0,0,237356809272625,237356811778541,0,0,0,237356892173652,0,0,0,0,0,0,0,"Metal command buffer completed"
generated_requested,1,3,0,0,2,155,154,155,237356809272625,237356811778541,0,0,0,237356875298311,0,0,0,0,0,0,0,"exact adjacent source pair submitted"
generated_ready,1,3,0,489,2,155,154,155,0,0,237356815786291,237356815518250,237356831982499,237356875298311,0,0,103541,0,0,0,0,"Metal status completed"
selected_source,1,3,0,489,1,154,0,0,237356775581916,237356777546458,0,237356815518250,237356831982499,237356865314499,0,0,103541,0,0,0,0,"next real endpoint in source order"
presentation_submitted,1,3,482,489,1,154,0,0,237356775581916,0,0,237356815518250,237356831982499,237356865314499,0,237356816214125,103541,0,4687395530919057007,4687395531484636889,4687395532629915688,"external CAMetalDisplayLink drawable via DXMT Presenter"
generated_displayed,1,3,479,486,2,153,152,153,237356726025812,0,237356748804833,237356765477291,237356781984499,237356815316499,237356815339124,0,12959,0,4687395529199669929,4687395529766718690,4687395530911997489,"normalized presentedTime from Core Animation clock"
generated_selected,1,3,0,490,2,155,154,155,237356792427270,237356811778541,237356815786291,237356832142125,237356848648499,237356881980499,0,0,12208,0,0,0,0,"exact A/B pair ready before display deadline"
presentation_submitted,1,3,483,490,2,155,154,155,237356792427270,0,237356815786291,237356832142125,237356848648499,237356881980499,0,237356832589000,12208,0,4687395531490247559,4687395532057276288,4687395533202555088,"external CAMetalDisplayLink drawable via DXMT Presenter"
source_accepted,1,3,0,0,0,156,0,0,237356842450208,237356844107625,0,0,0,237356925410067,0,0,0,0,0,0,0,"owned history copy completed successfully"
history_copy_complete,1,3,0,0,0,156,0,0,237356842450208,237356844107625,0,0,0,237356925410067,0,0,0,0,0,0,0,"Metal command buffer completed"
generated_requested,1,3,0,0,2,156,155,156,237356842450208,237356844107625,0,0,0,237356908791859,0,0,0,0,0,0,0,"exact adjacent source pair submitted"
generated_ready,1,3,0,491,2,156,155,156,0,0,237356848798083,237356848760708,237356865314499,237356908791859,0,0,7750,0,0,0,0,"Metal status completed"
selected_source,1,3,0,491,1,155,0,0,237356809272625,237356811778541,0,237356848760708,237356865314499,237356898646499,0,0,7750,0,0,0,0,"next real endpoint in source order"
presentation_submitted,1,3,484,491,1,155,0,0,237356809272625,0,0,237356848760708,237356865314499,237356898646499,0,237356849050958,7750,0,4687395532061234839,4687395532629915688,4687395533775194487,"external CAMetalDisplayLink drawable via DXMT Presenter"
source_displayed,1,3,480,487,1,153,0,0,237356742886541,0,0,237356782211291,237356798650499,237356831982499,237356848672124,0,18625,0,4687395529774631463,4687395530339358089,4687395531484636889,"normalized presentedTime from Core Animation clock"
generated_displayed,1,3,481,488,2,154,153,154,237356759234228,0,237356782277625,237356798891541,237356815316499,237356848648499,237356850254249,0,19000,0,4687395530347813471,4687395530911997489,4687395532057276288,"normalized presentedTime from Core Animation clock"
source_displayed,1,3,482,489,1,154,0,0,237356775581916,0,0,237356815518250,237356831982499,237356865314499,237356857540708,0,103541,0,4687395530919057007,4687395531484636889,4687395532629915688,"normalized presentedTime from Core Animation clock"
generated_selected,1,3,0,492,2,156,155,156,237356825861416,237356844107625,237356848798083,237356865414125,237356881980499,237356915312499,0,0,7333,0,0,0,0,"exact A/B pair ready before display deadline"
presentation_submitted,1,3,485,492,2,156,155,156,237356825861416,0,237356848798083,237356865414125,237356881980499,237356915312499,0,237356865768208,7333,0,4687395532633461922,4687395533202555088,4687395534347833887,"external CAMetalDisplayLink drawable via DXMT Presenter"
generated_displayed,1,3,483,490,2,155,154,155,237356792427270,0,237356815786291,237356832142125,237356848648499,237356881980499,237356868309999,0,12208,0,4687395531490247559,4687395532057276288,4687395533202555088,"normalized presentedTime from Core Animation clock"
source_accepted,1,3,0,0,0,157,0,0,237356876156250,237356878096458,0,0,0,237356959178447,0,0,0,0,0,0,0,"owned history copy completed successfully"
history_copy_complete,1,3,0,0,0,157,0,0,237356876156250,237356878096458,0,0,0,237356959178447,0,0,0,0,0,0,0,"Metal command buffer completed"
generated_requested,1,3,0,0,2,157,156,157,237356876156250,237356878096458,0,0,0,237356942294257,0,0,0,0,0,0,0,"exact adjacent source pair submitted"
generated_ready,1,3,0,493,2,157,156,157,0,0,237356882173166,237356882125208,237356898646499,237356942294257,0,0,10375,0,0,0,0,"Metal status completed"
selected_source,1,3,0,493,1,156,0,0,237356842450208,237356844107625,0,237356882125208,237356898646499,237356931978499,0,0,10375,0,0,0,0,"next real endpoint in source order"
presentation_submitted,1,3,486,493,1,156,0,0,237356842450208,0,0,237356882125208,237356898646499,237356931978499,0,237356882468708,10375,0,4687395533207648919,4687395533775194487,4687395534920473287,"external CAMetalDisplayLink drawable via DXMT Presenter"
source_displayed,1,3,484,491,1,155,0,0,237356809272625,0,0,237356848760708,237356865314499,237356898646499,237356885108874,0,7750,0,4687395532061234839,4687395532629915688,4687395533775194487,"normalized presentedTime from Core Animation clock"
generated_selected,1,3,0,494,2,157,156,157,237356859303229,237356878096458,237356882173166,237356898781000,237356915312499,237356948644499,0,0,11291,0,0,0,0,"exact A/B pair ready before display deadline"
presentation_submitted,1,3,487,494,2,157,156,157,237356859303229,0,237356882173166,237356898781000,237356915312499,237356948644499,0,237356899226208,11291,0,4687395533779953311,4687395534347833887,4687395535493112686,"external CAMetalDisplayLink drawable via DXMT Presenter"
generated_displayed,1,3,485,492,2,156,155,156,237356825861416,0,237356848798083,237356865414125,237356881980499,237356915312499,237356901975958,0,7333,0,4687395532633461922,4687395533202555088,4687395534347833887,"normalized presentedTime from Core Animation clock"
source_accepted,1,3,0,0,0,158,0,0,237356908996333,237356910717916,0,0,0,237356992058343,0,0,0,0,0,0,0,"owned history copy completed successfully"
history_copy_complete,1,3,0,0,0,158,0,0,237356908996333,237356910717916,0,0,0,237356992058343,0,0,0,0,0,0,0,"Metal command buffer completed"
generated_requested,1,3,0,0,2,158,157,158,237356908996333,237356910717916,0,0,0,237356975618395,0,0,0,0,0,0,0,"exact adjacent source pair submitted"
generated_ready,1,3,0,495,2,158,157,158,0,0,237356915489625,237356915449041,237356931978499,237356975618395,0,0,10167,0,0,0,0,"Metal status completed"
selected_source,1,3,0,495,1,157,0,0,237356876156250,237356878096458,0,237356915449041,237356931978499,237356965310499,0,0,10167,0,0,0,0,"next real endpoint in source order"
presentation_submitted,1,3,488,495,1,157,0,0,237356876156250,0,0,237356915449041,237356931978499,237356965310499,0,237356915785250,10167,0,4687395534352635660,4687395534920473287,4687395536065752086,"external CAMetalDisplayLink drawable via DXMT Presenter"
source_displayed,1,3,486,493,1,156,0,0,237356842450208,0,0,237356882125208,237356898646499,237356931978499,237356918521833,0,10375,0,4687395533207648919,4687395533775194487,4687395534920473287,"normalized presentedTime from Core Animation clock"
generated_selected,1,3,0,496,2,158,157,158,237356892576291,237356910717916,237356915489625,237356932115333,237356948644499,237356981976499,0,0,9958,0,0,0,0,"exact A/B pair ready before display deadline"
presentation_submitted,1,3,489,496,2,158,157,158,237356892576291,0,237356915489625,237356932115333,237356948644499,237356981976499,0,237356932524958,9958,0,4687395534925302273,4687395535493112686,4687395536638391486,"external CAMetalDisplayLink drawable via DXMT Presenter"
generated_displayed,1,3,487,494,2,157,156,157,237356859303229,0,237356882173166,237356898781000,237356915312499,237356948644499,237356935057708,0,11291,0,4687395533779953311,4687395534347833887,4687395535493112686,"normalized presentedTime from Core Animation clock"
source_accepted,1,3,0,0,0,159,0,0,237356942117208,237356943960708,0,0,0,237357025210301,0,0,0,0,0,0,0,"owned history copy completed successfully"
history_copy_complete,1,3,0,0,0,159,0,0,237356942117208,237356943960708,0,0,0,237357025210301,0,0,0,0,0,0,0,"Metal command buffer completed"
generated_requested,1,3,0,0,2,159,158,159,237356942117208,237356943960708,0,0,0,237357008634322,0,0,0,0,0,0,0,"exact adjacent source pair submitted"
generated_ready,1,3,0,497,2,159,158,159,0,0,237356948852083,237356948788708,237356965310499,237357008634322,0,0,8458,0,0,0,0,"Metal status completed"
selected_source,1,3,0,497,1,158,0,0,237356908996333,237356910717916,0,237356948788708,237356965310499,237356998642499,0,0,8458,0,0,0,0,"next real endpoint in source order"
presentation_submitted,1,3,490,497,1,158,0,0,237356908996333,0,0,237356948788708,237356965310499,237356998642499,0,237356949155041,8458,0,4687395535498175044,4687395536065752086,4687395537211030885,"external CAMetalDisplayLink drawable via DXMT Presenter"
generated_selected,1,3,0,498,2,159,158,159,237356925556770,237356943960708,237356948852083,237356965482458,237356981976499,237357015308499,0,0,14542,0,0,0,0,"exact A/B pair ready before display deadline"
presentation_submitted,1,3,491,498,2,159,158,159,237356925556770,0,237356948852083,237356965482458,237356981976499,237357015308499,0,237356965950291,14542,0,4687395536071796548,4687395536638391485,4687395537783670285,"external CAMetalDisplayLink drawable via DXMT Presenter"
source_accepted,1,3,0,0,0,160,0,0,237356975800791,237356977648541,0,0,0,237357058912453,0,0,0,0,0,0,0,"owned history copy completed successfully"
history_copy_complete,1,3,0,0,0,160,0,0,237356975800791,237356977648541,0,0,0,237357058912453,0,0,0,0,0,0,0,"Metal command buffer completed"
generated_requested,1,3,0,0,2,160,159,160,237356975800791,237356977648541,0,0,0,237357042061377,0,0,0,0,0,0,0,"exact adjacent source pair submitted"
source_displayed,1,3,488,495,1,157,0,0,237356876156250,0,0,237356915449041,237356931978499,237356965310499,237356982003958,0,10167,0,4687395534352635660,4687395534920473287,4687395536065752086,"normalized presentedTime from Core Animation clock"
generated_ready,1,3,0,499,2,160,159,160,0,0,237356988625375,237356988549583,237356998642499,237357042061377,0,0,10250,0,0,0,0,"Metal status completed"
selected_source,1,3,0,499,1,159,0,0,237356942117208,237356943960708,0,237356988549583,237356998642499,237357031974499,0,0,10250,0,0,0,0,"next real endpoint in source order"
presentation_submitted,1,3,492,499,1,159,0,0,237356942117208,0,0,237356988549583,237356998642499,237357031974499,0,237356989013875,10250,0,4687395536864359748,4687395537211030885,4687395538356309684,"external CAMetalDisplayLink drawable via DXMT Presenter"
generated_selected,1,3,0,500,2,160,159,160,237356958958999,237356977648541,237356988625375,237356998776375,237357015308499,237357048640499,0,0,11083,0,0,0,0,"exact A/B pair ready before display deadline"
presentation_submitted,1,3,493,500,2,160,159,160,237356958958999,0,237356988625375,237356998776375,237357015308499,237357048640499,0,237356999179291,11083,0,4687395537215752497,4687395537783670285,4687395538928949084,"external CAMetalDisplayLink drawable via DXMT Presenter"
presentation_dropped,1,3,489,496,2,158,157,158,237356892576291,0,237356915489625,237356932115333,237356948644499,237356981976499,0,0,9958,0,4687395534925302273,4687395535493112686,4687395536638391486,"Metal drawable presentedTime=0; associated frame was dropped or not presented"
source_displayed,1,3,490,497,1,158,0,0,237356908996333,0,0,237356948788708,237356965310499,237356998642499,237356999984874,0,8458,0,4687395535498175044,4687395536065752086,4687395537211030885,"normalized presentedTime from Core Animation clock"
generated_displayed,1,3,491,498,2,159,158,159,237356925556770,0,237356948852083,237356965482458,237356981976499,237357015308499,237357005151374,0,14542,0,4687395536071796548,4687395536638391485,4687395537783670285,"normalized presentedTime from Core Animation clock"
source_accepted,1,3,0,0,0,161,0,0,237357009436875,237357011104625,0,0,0,237357091864356,0,0,0,0,0,0,0,"owned history copy completed successfully"
history_copy_complete,1,3,0,0,0,161,0,0,237357009436875,237357011104625,0,0,0,237357091864356,0,0,0,0,0,0,0,"Metal command buffer completed"
generated_requested,1,3,0,0,2,161,160,161,237357009436875,237357011104625,0,0,0,237357075388404,0,0,0,0,0,0,0,"exact adjacent source pair submitted"
generated_ready,1,3,0,501,2,161,160,161,0,0,237357015491083,237357015453833,237357031974499,237357075388404,0,0,10625,0,0,0,0,"Metal status completed"
selected_source,1,3,0,501,1,160,0,0,237356975800791,237356977648541,0,237357015453833,237357031974499,237357065306499,0,0,10625,0,0,0,0,"next real endpoint in source order"
presentation_submitted,1,3,494,501,1,160,0,0,237356975800791,0,0,237357015453833,237357031974499,237357065306499,0,237357015839791,10625,0,4687395537788779887,4687395538356309684,4687395539501588484,"external CAMetalDisplayLink drawable via DXMT Presenter"
source_displayed,1,3,492,499,1,159,0,0,237356942117208,0,0,237356988549583,237356998642499,237357031974499,237357018630791,0,10250,0,4687395536864359748,4687395537211030885,4687395538356309684,"normalized presentedTime from Core Animation clock"
generated_selected,1,3,0,502,2,161,160,161,237356992618833,237357011104625,237357015491083,237357032152750,237357048640499,237357081972499,0,0,29416,0,0,0,0,"exact A/B pair ready before display deadline"
presentation_submitted,1,3,495,502,2,161,160,161,237356992618833,0,237357015491083,237357032152750,237357048640499,237357081972499,0,237357032631250,29416,0,4687395538362567452,4687395538928949084,4687395540074227883,"external CAMetalDisplayLink drawable via DXMT Presenter"
generated_displayed,1,3,493,500,2,160,159,160,237356958958999,0,237356988625375,237356998776375,237357015308499,237357048640499,237357035025083,0,11083,0,4687395537215752497,4687395537783670285,4687395538928949084,"normalized presentedTime from Core Animation clock"
source_accepted,1,3,0,0,0,162,0,0,237357043116333,237357045105041,0,0,0,237357125717476,0,0,0,0,0,0,0,"owned history copy completed successfully"
history_copy_complete,1,3,0,0,0,162,0,0,237357043116333,237357045105041,0,0,0,237357125717476,0,0,0,0,0,0,0,"Metal command buffer completed"
generated_requested,1,3,0,0,2,162,161,162,237357043116333,237357045105041,0,0,0,237357108790916,0,0,0,0,0,0,0,"exact adjacent source pair submitted"
generated_ready,1,3,0,503,2,162,161,162,0,0,237357048856125,237357048797958,237357065306499,237357108790916,0,0,10792,0,0,0,0,"Metal status completed"
selected_source,1,3,0,503,1,161,0,0,237357009436875,237357011104625,0,237357048797958,237357065306499,237357098638499,0,0,10792,0,0,0,0,"next real endpoint in source order"
presentation_submitted,1,3,496,503,1,161,0,0,237357009436875,0,0,237357048797958,237357065306499,237357098638499,0,237357049184583,10792,0,4687395538934476707,4687395539501588484,4687395540646867283,"external CAMetalDisplayLink drawable via DXMT Presenter"
source_displayed,1,3,494,501,1,160,0,0,237356975800791,0,0,237357015453833,237357031974499,237357065306499,237357052165499,0,10625,0,4687395537788779887,4687395538356309684,4687395539501588484,"normalized presentedTime from Core Animation clock"
generated_selected,1,3,0,504,2,162,161,162,237357026276604,237357045105041,237357048856125,237357065597666,237357081972499,237357115304499,0,0,21792,0,0,0,0,"exact A/B pair ready before display deadline"
presentation_submitted,1,3,497,504,2,162,161,162,237357026276604,0,237357048856125,237357065597666,237357081972499,237357115304499,0,237357066362625,21792,0,4687395539511756114,4687395540074227883,4687395541219506683,"external CAMetalDisplayLink drawable via DXMT Presenter"
generated_displayed,1,3,495,502,2,161,160,161,237356992618833,0,237357015491083,237357032152750,237357048640499,237357081972499,237357070154333,0,29416,0,4687395538362567452,4687395538928949084,4687395540074227883,"normalized presentedTime from Core Animation clock"
source_accepted,1,3,0,0,0,163,0,0,237357078185416,237357080949875,0,0,0,237357160904079,0,0,0,0,0,0,0,"owned history copy completed successfully"
history_copy_complete,1,3,0,0,0,163,0,0,237357078185416,237357080949875,0,0,0,237357160904079,0,0,0,0,0,0,0,"Metal command buffer completed"
generated_requested,1,3,0,0,2,163,162,163,237357078185416,237357080949875,0,0,0,237357143310777,0,0,0,0,0,0,0,"exact adjacent source pair submitted"
generated_ready,1,3,0,505,2,163,162,163,0,0,237357082079958,237357082062458,237357098638499,237357143310777,0,0,4458,0,0,0,0,"Metal status completed"
selected_source,1,3,0,505,1,162,0,0,237357043116333,237357045105041,0,237357082062458,237357098638499,237357131970499,0,0,4458,0,0,0,0,"next real endpoint in source order"
presentation_submitted,1,3,498,505,1,162,0,0,237357043116333,0,0,237357082062458,237357098638499,237357131970499,0,237357082276916,4458,0,4687395540077423339,4687395540646867283,4687395541792146082,"external CAMetalDisplayLink drawable via DXMT Presenter"
source_displayed,1,3,496,503,1,161,0,0,237357009436875,0,0,237357048797958,237357065306499,237357098638499,237357084710999,0,10792,0,4687395538934476707,4687395539501588484,4687395540646867283,"normalized presentedTime from Core Animation clock"
generated_selected,1,3,0,506,2,163,162,163,237357060650874,237357080949875,237357082079958,237357098835750,237357115304499,237357148636499,0,0,13708,0,0,0,0,"exact A/B pair ready before display deadline"
presentation_submitted,1,3,499,506,2,163,162,163,237357060650874,0,237357082079958,237357098835750,237357115304499,237357148636499,0,237357099352500,13708,0,4687395540653760705,4687395541219506683,4687395542364785482,"external CAMetalDisplayLink drawable via DXMT Presenter"
source_accepted,1,3,0,0,0,164,0,0,237357108836416,237357111469541,0,0,0,237357191664177,0,0,0,0,0,0,0,"owned history copy completed successfully"
history_copy_complete,1,3,0,0,0,164,0,0,237357108836416,237357111469541,0,0,0,237357191664177,0,0,0,0,0,0,0,"Metal command buffer completed"
generated_requested,1,3,0,0,2,164,163,164,237357108836416,237357111469541,0,0,0,237357176284128,0,0,0,0,0,0,0,"exact adjacent source pair submitted"
generated_ready,1,3,0,507,2,164,163,164,0,0,237357115633166,237357115566250,237357131970499,237357176284128,0,0,22041,0,0,0,0,"Metal status completed"
selected_source,1,3,0,507,1,163,0,0,237357078185416,237357080949875,0,237357115566250,237357131970499,237357165302499,0,0,22041,0,0,0,0,"next real endpoint in source order"
presentation_submitted,1,3,500,507,1,163,0,0,237357078185416,0,0,237357115566250,237357131970499,237357165302499,0,237357116168083,22041,0,4687395541228639226,4687395541792146082,4687395542937424882,"external CAMetalDisplayLink drawable via DXMT Presenter"
generated_selected,1,3,0,508,2,164,163,164,237357093510916,237357111469541,237357115633166,237357132285916,237357148636499,237357181968499,0,0,26667,0,0,0,0,"exact A/B pair ready before display deadline"
presentation_submitted,1,3,501,508,2,164,163,164,237357093510916,0,237357115633166,237357132285916,237357148636499,237357181968499,0,237357133155625,26667,0,4687395541803152675,4687395542364785482,4687395543510064281,"external CAMetalDisplayLink drawable via DXMT Presenter"
generated_displayed,1,3,497,504,2,162,161,162,237357026276604,0,237357048856125,237357065597666,237357081972499,237357115304499,237357132002291,0,21792,0,4687395539511756114,4687395540074227883,4687395541219506683,"normalized presentedTime from Core Animation clock"
source_accepted,1,3,0,0,0,165,0,0,237357142694708,237357148310833,0,0,0,237357225572437,0,0,0,0,0,0,0,"owned history copy completed successfully"
history_copy_complete,1,3,0,0,0,165,0,0,237357142694708,237357148310833,0,0,0,237357225572437,0,0,0,0,0,0,0,"Metal command buffer completed"
selected_source,1,3,0,509,1,164,0,0,237357108836416,237357111469541,0,237357148904416,237357165302498,237357198634499,0,0,4500,0,0,0,0,"next real endpoint in source order"
generated_requested,1,3,0,0,2,165,164,165,237357142694708,237357148310833,0,0,0,237357208618307,0,0,0,0,0,0,0,"exact adjacent source pair submitted"
presentation_submitted,1,3,502,509,1,164,0,0,237357108836416,0,0,237357148904416,237357165302498,237357198634499,0,237357149245750,4500,0,4687395542374082677,4687395542937424881,4687395544082703681,"external CAMetalDisplayLink drawable via DXMT Presenter"
source_displayed,1,3,498,505,1,162,0,0,237357043116333,0,0,237357082062458,237357098638499,237357131970499,237357165335249,0,4458,0,4687395540077423339,4687395540646867283,4687395541792146082,"normalized presentedTime from Core Animation clock"
generated_ready,1,3,0,510,2,165,164,165,0,0,237357169425750,237357169416125,237357181968499,237357208618307,0,0,1791,0,0,0,0,"Metal status completed"
generated_selected,1,3,0,510,2,165,164,165,237357125765562,237357148310833,237357169425750,237357169416125,237357181968499,237357215300499,0,0,1791,0,0,0,0,"exact A/B pair ready before display deadline"
presentation_submitted,1,3,503,510,2,165,164,165,237357125765562,0,237357169425750,237357169416125,237357181968499,237357215300499,0,237357169572375,1791,0,4687395543078853860,4687395543510064281,4687395544655343080,"external CAMetalDisplayLink drawable via DXMT Presenter"
source_accepted,1,3,0,0,0,166,0,0,237357176375875,237357177360541,0,0,0,237357258816410,0,0,0,0,0,0,0,"owned history copy completed successfully"
history_copy_complete,1,3,0,0,0,166,0,0,237357176375875,237357177360541,0,0,0,237357258816410,0,0,0,0,0,0,0,"Metal command buffer completed"
generated_requested,1,3,0,0,2,166,165,166,237357176375875,237357177360541,0,0,0,237357242194423,0,0,0,0,0,0,0,"exact adjacent source pair submitted"
generated_displayed,1,3,499,506,2,163,162,163,237357060650874,0,237357082079958,237357098835750,237357115304499,237357148636499,237357168061624,0,13708,0,4687395540653760705,4687395541219506683,4687395542364785482,"normalized presentedTime from Core Animation clock"
presentation_dropped,1,3,500,507,1,163,0,0,237357078185416,0,0,237357115566250,237357131970499,237357165302499,0,0,22041,0,4687395541228639226,4687395541792146082,4687395542937424882,"Metal drawable presentedTime=0; associated frame was dropped or not presented"
generated_ready,1,3,0,511,2,166,165,166,0,0,237357182574791,237357182493083,237357198634499,237357242194423,0,0,14292,0,0,0,0,"Metal status completed"
selected_source,1,3,0,511,1,165,0,0,237357142694708,237357148310833,0,237357182493083,237357198634499,237357231966499,0,0,14292,0,0,0,0,"next real endpoint in source order"
presentation_submitted,1,3,504,511,1,165,0,0,237357142694708,0,0,237357182493083,237357198634499,237357231966499,0,237357182992166,14292,0,4687395543528226289,4687395544082703681,4687395545227982480,"external CAMetalDisplayLink drawable via DXMT Presenter"
generated_displayed,1,3,501,508,2,164,163,164,237357093510916,0,237357115633166,237357132285916,237357148636499,237357181968499,237357178088416,0,26667,0,4687395541803152675,4687395542364785482,4687395543510064281,"normalized presentedTime from Core Animation clock"
source_displayed,1,3,502,509,1,164,0,0,237357108836416,0,0,237357148904416,237357165302498,237357198634499,237357185544333,0,4500,0,4687395542374082677,4687395542937424881,4687395544082703681,"normalized presentedTime from Core Animation clock"
generated_selected,1,3,0,512,2,166,165,166,237357159535291,237357177360541,237357182574791,237357198797791,237357215300499,237357248632499,0,0,12084,0,0,0,0,"exact A/B pair ready before display deadline"
presentation_submitted,1,3,505,512,2,166,165,166,237357159535291,0,237357182574791,237357198797791,237357215300499,237357248632499,0,237357199157833,12084,0,4687395544088436053,4687395544655343080,4687395545800621880,"external CAMetalDisplayLink drawable via DXMT Presenter"
generated_displayed,1,3,503,510,2,165,164,165,237357125765562,0,237357169425750,237357169416125,237357181968499,237357215300499,237357201029791,0,1791,0,4687395543078853860,4687395543510064281,4687395544655343080,"normalized presentedTime from Core Animation clock"
source_accepted,1,3,0,0,0,167,0,0,237357209733625,237357211435666,0,0,0,237357292305152,0,0,0,0,0,0,0,"owned history copy completed successfully"
history_copy_complete,1,3,0,0,0,167,0,0,237357209733625,237357211435666,0,0,0,237357292305152,0,0,0,0,0,0,0,"Metal command buffer completed"
generated_requested,1,3,0,0,2,167,166,167,237357209733625,237357211435666,0,0,0,237357275560781,0,0,0,0,0,0,0,"exact adjacent source pair submitted"
generated_ready,1,3,0,513,2,167,166,167,0,0,237357215552875,237357215481875,237357231999665,237357275560781,0,0,10750,0,0,0,0,"Metal status completed"
selected_source,1,3,0,513,1,166,0,0,237357176375875,237357177360541,0,237357215481875,237357231999665,237357265331666,0,0,10750,0,0,0,0,"next real endpoint in source order"
presentation_submitted,1,3,506,513,1,166,0,0,237357176375875,0,0,237357215481875,237357231999665,237357265331666,0,237357215883625,10750,0,4687395544661689633,4687395545229122089,4687395546374400889,"external CAMetalDisplayLink drawable via DXMT Presenter"
source_displayed,1,3,504,511,1,165,0,0,237357142694708,0,0,237357182493083,237357198634499,237357231966499,237357218698624,0,14292,0,4687395543528226289,4687395544082703681,4687395545227982480,"normalized presentedTime from Core Animation clock"
generated_selected,1,3,0,514,2,167,166,167,237357193054750,237357211435666,237357215552875,237357232206625,237357248665666,237357281997666,0,0,14541,0,0,0,0,"exact A/B pair ready before display deadline"
presentation_submitted,1,3,507,514,2,167,166,167,237357193054750,0,237357215552875,237357232206625,237357248665666,237357281997666,0,237357232714750,14541,0,4687395545236376289,4687395545801761489,4687395546947040288,"external CAMetalDisplayLink drawable via DXMT Presenter"
generated_displayed,1,3,505,512,2,166,165,166,237357159535291,0,237357182574791,237357198797791,237357215300499,237357248632499,237357235629624,0,12084,0,4687395544088436053,4687395544655343080,4687395545800621880,"normalized presentedTime from Core Animation clock"
source_accepted,1,3,0,0,0,168,0,0,237357244269000,237357245353166,0,0,0,237357326976525,0,0,0,0,0,0,0,"owned history copy completed successfully"
history_copy_complete,1,3,0,0,0,168,0,0,237357244269000,237357245353166,0,0,0,237357326976525,0,0,0,0,0,0,0,"Metal command buffer completed"
generated_requested,1,3,0,0,2,168,167,168,237357244269000,237357245353166,0,0,0,237357309640838,0,0,0,0,0,0,0,"exact adjacent source pair submitted"
generated_ready,1,3,0,515,2,168,167,168,0,0,237357248733333,237357248719541,237357265331666,237357309640838,0,0,2000,0,0,0,0,"Metal status completed"
selected_source,1,3,0,515,1,167,0,0,237357209733625,237357211435666,0,237357248719541,237357265331666,237357298663666,0,0,2000,0,0,0,0,"next real endpoint in source order"
presentation_submitted,1,3,508,515,1,167,0,0,237357209733625,0,0,237357248719541,237357265331666,237357298663666,0,237357248802166,2000,0,4687395545803712847,4687395546374400889,4687395547519679688,"external CAMetalDisplayLink drawable via DXMT Presenter"
source_displayed,1,3,506,513,1,166,0,0,237357176375875,0,0,237357215481875,237357231999665,237357265331666,237357253377333,0,10750,0,4687395544661689633,4687395545229122089,4687395546374400889,"normalized presentedTime from Core Animation clock"
generated_selected,1,3,0,516,2,168,167,168,237357227001312,237357245353166,237357248733333,237357265482541,237357281997666,237357315329666,0,0,17792,0,0,0,0,"exact A/B pair ready before display deadline"
presentation_submitted,1,3,509,516,2,168,167,168,237357227001312,0,237357248733333,237357265482541,237357281997666,237357315329666,0,237357265898625,17792,0,4687395546379700878,4687395546947040288,4687395548092319088,"external CAMetalDisplayLink drawable via DXMT Presenter"
generated_displayed,1,3,507,514,2,167,166,167,237357193054750,0,237357215552875,237357232206625,237357248665666,237357281997666,237357267865583,0,14541,0,4687395545236376289,4687395545801761489,4687395546947040288,"normalized presentedTime from Core Animation clock"
source_accepted,1,3,0,0,0,169,0,0,237357275423541,237357276948916,0,0,0,237357358252518,0,0,0,0,0,0,0,"owned history copy completed successfully"
history_copy_complete,1,3,0,0,0,169,0,0,237357275423541,237357276948916,0,0,0,237357358252518,0,0,0,0,0,0,0,"Metal command buffer completed"
generated_requested,1,3,0,0,2,169,168,169,237357275423541,237357276948916,0,0,0,237357342614521,0,0,0,0,0,0,0,"exact adjacent source pair submitted"
generated_ready,1,3,0,517,2,169,168,169,0,0,237357282182083,237357282142958,237357298663666,237357342614521,0,0,11417,0,0,0,0,"Metal status completed"
selected_source,1,3,0,517,1,168,0,0,237357244269000,237357245353166,0,237357282142958,237357298663666,237357331995666,0,0,11417,0,0,0,0,"next real endpoint in source order"
presentation_submitted,1,3,510,517,1,168,0,0,237357244269000,0,0,237357282142958,237357298663666,237357331995666,0,237357282474916,11417,0,4687395546952141266,4687395547519679688,4687395548664958487,"external CAMetalDisplayLink drawable via DXMT Presenter"
source_displayed,1,3,508,515,1,167,0,0,237357209733625,0,0,237357248719541,237357265331666,237357298663666,237357283912458,0,2000,0,4687395545803712847,4687395546374400889,4687395547519679688,"normalized presentedTime from Core Animation clock"
generated_selected,1,3,0,518,2,169,168,169,237357259846270,237357276948916,237357282182083,237357298753208,237357315329666,237357348661666,0,0,9333,0,0,0,0,"exact A/B pair ready before display deadline"
presentation_submitted,1,3,511,518,2,169,168,169,237357259846270,0,237357282182083,237357298753208,237357315329666,237357348661666,0,237357298993708,9333,0,4687395547522859407,4687395548092319088,4687395549237597887,"external CAMetalDisplayLink drawable via DXMT Presenter"
source_accepted,1,3,0,0,0,170,0,0,237357308744625,237357309712416,0,0,0,237357391664257,0,0,0,0,0,0,0,"owned history copy completed successfully"
history_copy_complete,1,3,0,0,0,170,0,0,237357308744625,237357309712416,0,0,0,237357391664257,0,0,0,0,0,0,0,"Metal command buffer completed"
generated_requested,1,3,0,0,2,170,169,170,237357308744625,237357309712416,0,0,0,237357374958387,0,0,0,0,0,0,0,"exact adjacent source pair submitted"
generated_displayed,1,3,509,516,2,168,167,168,237357227001312,0,237357248733333,237357265482541,237357281997666,237357315329666,237357308370791,0,17792,0,4687395546379700878,4687395546947040288,4687395548092319088,"normalized presentedTime from Core Animation clock"
generated_ready,1,3,0,519,2,170,169,170,0,0,237357315500666,237357315442250,237357331995666,237357374958387,0,0,8500,0,0,0,0,"Metal status completed"
selected_source,1,3,0,519,1,169,0,0,237357275423541,237357276948916,0,237357315442250,237357331995666,237357365327666,0,0,8500,0,0,0,0,"next real endpoint in source order"
presentation_submitted,1,3,512,519,1,169,0,0,237357275423541,0,0,237357315442250,237357331995666,237357365327666,0,237357315779000,8500,0,4687395548096310555,4687395548664958487,4687395549810237287,"external CAMetalDisplayLink drawable via DXMT Presenter"
source_displayed,1,3,510,517,1,168,0,0,237357244269000,0,0,237357282142958,237357298663666,237357331995666,237357318746083,0,11417,0,4687395546952141266,4687395547519679688,4687395548664958487,"normalized presentedTime from Core Animation clock"
generated_selected,1,3,0,520,2,170,169,170,237357292084083,237357309712416,237357315500666,237357332110291,237357348661666,237357381993666,0,0,13792,0,0,0,0,"exact A/B pair ready before display deadline"
presentation_submitted,1,3,513,520,2,170,169,170,237357292084083,0,237357315500666,237357332110291,237357348661666,237357381993666,0,237357332488416,13792,0,4687395548669018675,4687395549237597887,4687395550382876686,"external CAMetalDisplayLink drawable via DXMT Presenter"
generated_displayed,1,3,511,518,2,169,168,169,237357259846270,0,237357282182083,237357298753208,237357315329666,237357348661666,237357334880416,0,9333,0,4687395547522859407,4687395548092319088,4687395549237597887,"normalized presentedTime from Core Animation clock"
source_accepted,1,3,0,0,0,171,0,0,237357342956583,237357344396250,0,0,0,237357425946064,0,0,0,0,0,0,0,"owned history copy completed successfully"
history_copy_complete,1,3,0,0,0,171,0,0,237357342956583,237357344396250,0,0,0,237357425946064,0,0,0,0,0,0,0,"Metal command buffer completed"
generated_requested,1,3,0,0,2,171,170,171,237357342956583,237357344396250,0,0,0,237357408805160,0,0,0,0,0,0,0,"exact adjacent source pair submitted"
generated_ready,1,3,0,521,2,171,170,171,0,0,237357348791750,237357348762791,237357365327666,237357408805160,0,0,6875,0,0,0,0,"Metal status completed"
selected_source,1,3,0,521,1,170,0,0,237357308744625,237357309712416,0,237357348762791,237357365327666,237357398659666,0,0,6875,0,0,0,0,"next real endpoint in source order"
presentation_submitted,1,3,514,521,1,170,0,0,237357308744625,0,0,237357348762791,237357365327666,237357398659666,0,237357349029250,6875,0,4687395549241175595,4687395549810237287,4687395550955516086,"external CAMetalDisplayLink drawable via DXMT Presenter"
generated_selected,1,3,0,522,2,171,170,171,237357325850604,237357344396250,237357348791750,237357365492125,237357381993666,237357415325666,0,0,13916,0,0,0,0,"exact A/B pair ready before display deadline"
presentation_submitted,1,3,515,522,2,171,170,171,237357325850604,0,237357348791750,237357365492125,237357381993666,237357415325666,0,237357365948833,13916,0,4687395549816018313,4687395550382876686,4687395551528155486,"external CAMetalDisplayLink drawable via DXMT Presenter"
source_accepted,1,3,0,0,0,172,0,0,237357375554958,237357377491000,0,0,0,237357458592941,0,0,0,0,0,0,0,"owned history copy completed successfully"
history_copy_complete,1,3,0,0,0,172,0,0,237357375554958,237357377491000,0,0,0,237357458592941,0,0,0,0,0,0,0,"Metal command buffer completed"
generated_requested,1,3,0,0,2,172,171,172,237357375554958,237357377491000,0,0,0,237357442269502,0,0,0,0,0,0,0,"exact adjacent source pair submitted"
generated_ready,1,3,0,523,2,172,171,172,0,0,237357382263041,237357382154958,237357398659666,237357442269502,0,0,12792,0,0,0,0,"Metal status completed"
selected_source,1,3,0,523,1,171,0,0,237357342956583,237357344396250,0,237357382154958,237357398659666,237357431991666,0,0,12792,0,0,0,0,"next real endpoint in source order"
presentation_submitted,1,3,516,523,1,171,0,0,237357342956583,0,0,237357382154958,237357398659666,237357431991666,0,237357382641791,12792,0,4687395550388541748,4687395550955516086,4687395552100794885,"external CAMetalDisplayLink drawable via DXMT Presenter"
source_displayed,1,3,512,519,1,169,0,0,237357275423541,0,0,237357315442250,237357331995666,237357365327666,237357381999499,0,8500,0,4687395548096310555,4687395548664958487,4687395549810237287,"normalized presentedTime from Core Animation clock"
generated_selected,1,3,0,524,2,172,171,172,237357359255770,237357377491000,237357382263041,237357398845708,237357415325666,237357448657666,0,0,15458,0,0,0,0,"exact A/B pair ready before display deadline"
presentation_submitted,1,3,517,524,2,172,171,172,237357359255770,0,237357382263041,237357398845708,237357415325666,237357448657666,0,237357399361625,15458,0,4687395550962051583,4687395551528155486,4687395552673434285,"external CAMetalDisplayLink drawable via DXMT Presenter"
generated_displayed,1,3,513,520,2,170,169,170,237357292084083,0,237357315500666,237357332110291,237357348661666,237357381993666,237357398665958,0,13792,0,4687395548669018675,4687395549237597887,4687395550382876686,"normalized presentedTime from Core Animation clock"
source_accepted,1,3,0,0,0,173,0,0,237357408782666,237357410538000,0,0,0,237357491848506,0,0,0,0,0,0,0,"owned history copy completed successfully"
history_copy_complete,1,3,0,0,0,173,0,0,237357408782666,237357410538000,0,0,0,237357491848506,0,0,0,0,0,0,0,"Metal command buffer completed"
generated_requested,1,3,0,0,2,173,172,173,237357408782666,237357410538000,0,0,0,237357475220723,0,0,0,0,0,0,0,"exact adjacent source pair submitted"
source_displayed,1,3,514,521,1,170,0,0,237357308744625,0,0,237357348762791,237357365327666,237357398659666,237357415332458,0,6875,0,4687395549241175595,4687395549810237287,4687395550955516086,"normalized presentedTime from Core Animation clock"
generated_ready,1,3,0,525,2,173,172,173,0,0,237357418078500,237357418017666,237357431991666,237357475220723,0,0,8750,0,0,0,0,"Metal status completed"
selected_source,1,3,0,525,1,172,0,0,237357375554958,237357377491000,0,237357418017666,237357431991666,237357465323666,0,0,8750,0,0,0,0,"next real endpoint in source order"
presentation_submitted,1,3,518,525,1,172,0,0,237357375554958,0,0,237357418017666,237357431991666,237357465323666,0,237357418450625,8750,0,4687395551620767865,4687395552100794885,4687395553246073685,"external CAMetalDisplayLink drawable via DXMT Presenter"
presentation_dropped,1,3,515,522,2,171,170,171,237357325850604,0,237357348791750,237357365492125,237357381993666,237357415325666,0,0,13916,0,4687395549816018313,4687395550382876686,4687395551528155486,"Metal drawable presentedTime=0; associated frame was dropped or not presented"
source_displayed,1,3,516,523,1,171,0,0,237357342956583,0,0,237357382154958,237357398659666,237357431991666,237357420606624,0,12792,0,4687395550388541748,4687395550955516086,4687395552100794885,"normalized presentedTime from Core Animation clock"
generated_selected,1,3,0,526,2,173,172,173,237357392168812,237357410538000,237357418078500,237357432150958,237357448657666,237357481989666,0,0,14542,0,0,0,0,"exact A/B pair ready before display deadline"
presentation_submitted,1,3,519,526,2,173,172,173,237357392168812,0,237357418078500,237357432150958,237357448657666,237357481989666,0,237357432682625,14542,0,4687395552106405556,4687395552673434285,4687395553818713084,"external CAMetalDisplayLink drawable via DXMT Presenter"
generated_displayed,1,3,517,524,2,172,171,172,237357359255770,0,237357382263041,237357398845708,237357415325666,237357448657666,237357436193666,0,15458,0,4687395550962051583,4687395551528155486,4687395552673434285,"normalized presentedTime from Core Animation clock"
source_accepted,1,3,0,0,0,174,0,0,237357442589125,237357444580166,0,0,0,237357525402840,0,0,0,0,0,0,0,"owned history copy completed successfully"
history_copy_complete,1,3,0,0,0,174,0,0,237357442589125,237357444580166,0,0,0,237357525402840,0,0,0,0,0,0,0,"Metal command buffer completed"
generated_requested,1,3,0,0,2,174,173,174,237357442589125,237357444580166,0,0,0,237357508625673,0,0,0,0,0,0,0,"exact adjacent source pair submitted"
generated_ready,1,3,0,527,2,174,173,174,0,0,237357448881500,237357448830750,237357465323665,237357508625673,0,0,14625,0,0,0,0,"Metal status completed"
selected_source,1,3,0,527,1,173,0,0,237357408782666,237357410538000,0,237357448830750,237357465323665,237357498655666,0,0,14625,0,0,0,0,"next real endpoint in source order"
presentation_submitted,1,3,520,527,1,173,0,0,237357408782666,0,0,237357448830750,237357465323665,237357498655666,0,237357449291291,14625,0,4687395552679498779,4687395553246073684,4687395554391352484,"external CAMetalDisplayLink drawable via DXMT Presenter"
source_displayed,1,3,518,525,1,172,0,0,237357375554958,0,0,237357418017666,237357431991666,237357465323666,237357453404291,0,8750,0,4687395551620767865,4687395552100794885,4687395553246073685,"normalized presentedTime from Core Animation clock"
generated_selected,1,3,0,528,2,174,173,174,237357425685895,237357444580166,237357448881500,237357465500875,237357481989666,237357515321666,0,0,14083,0,0,0,0,"exact A/B pair ready before display deadline"
presentation_submitted,1,3,521,528,2,174,173,174,237357425685895,0,237357448881500,237357465500875,237357481989666,237357515321666,0,237357466075916,14083,0,4687395553252295649,4687395553818713084,4687395554963991883,"external CAMetalDisplayLink drawable via DXMT Presenter"
generated_displayed,1,3,519,526,2,173,172,173,237357392168812,0,237357418078500,237357432150958,237357448657666,237357481989666,237357469738291,0,14542,0,4687395552106405556,4687395552673434285,4687395553818713084,"normalized presentedTime from Core Animation clock"
source_accepted,1,3,0,0,0,175,0,0,237357476448208,237357479770125,0,0,0,237357559342156,0,0,0,0,0,0,0,"owned history copy completed successfully"
history_copy_complete,1,3,0,0,0,175,0,0,237357476448208,237357479770125,0,0,0,237357559342156,0,0,0,0,0,0,0,"Metal command buffer completed"
generated_requested,1,3,0,0,2,175,174,175,237357476448208,237357479770125,0,0,0,237357542372498,0,0,0,0,0,0,0,"exact adjacent source pair submitted"
generated_ready,1,3,0,529,2,175,174,175,0,0,237357482166750,237357482125083,237357498655666,237357542372498,0,0,11208,0,0,0,0,"Metal status completed"
selected_source,1,3,0,529,1,174,0,0,237357442589125,237357444580166,0,237357482125083,237357498655666,237357531987666,0,0,11208,0,0,0,0,"next real endpoint in source order"
presentation_submitted,1,3,522,529,1,174,0,0,237357442589125,0,0,237357482125083,237357498655666,237357531987666,0,237357482521458,11208,0,4687395553823476203,4687395554391352484,4687395555536631283,"external CAMetalDisplayLink drawable via DXMT Presenter"
source_displayed,1,3,520,527,1,173,0,0,237357408782666,0,0,237357448830750,237357465323665,237357498655666,237357487411124,0,14625,0,4687395552679498779,4687395553246073684,4687395554391352484,"normalized presentedTime from Core Animation clock"
generated_selected,1,3,0,530,2,175,174,175,237357459518666,237357479770125,237357482166750,237357498778125,237357515321666,237357548653666,0,0,8791,0,0,0,0,"exact A/B pair ready before display deadline"
presentation_submitted,1,3,523,530,2,175,174,175,237357459518666,0,237357482166750,237357498778125,237357515321666,237357548653666,0,237357499235791,8791,0,4687395554395690401,4687395554963991883,4687395556109270683,"external CAMetalDisplayLink drawable via DXMT Presenter"
source_accepted,1,3,0,0,0,176,0,0,237357509003416,237357510650583,0,0,0,237357591969757,0,0,0,0,0,0,0,"owned history copy completed successfully"
history_copy_complete,1,3,0,0,0,176,0,0,237357509003416,237357510650583,0,0,0,237357591969757,0,0,0,0,0,0,0,"Metal command buffer completed"
generated_requested,1,3,0,0,2,176,175,176,237357509003416,237357510650583,0,0,0,237357575655956,0,0,0,0,0,0,0,"exact adjacent source pair submitted"
generated_ready,1,3,0,531,2,176,175,176,0,0,237357515391791,237357515377416,237357531987666,237357575655956,0,0,2084,0,0,0,0,"Metal status completed"
selected_source,1,3,0,531,1,175,0,0,237357476448208,237357479770125,0,237357515377416,237357531987666,237357565319666,0,0,2084,0,0,0,0,"next real endpoint in source order"
presentation_submitted,1,3,524,531,1,175,0,0,237357476448208,0,0,237357515377416,237357531987666,237357565319666,0,237357515482791,2084,0,4687395554966011961,4687395555536631283,4687395556681910082,"external CAMetalDisplayLink drawable via DXMT Presenter"
generated_displayed,1,3,521,528,2,174,173,174,237357425685895,0,237357448881500,237357465500875,237357481989666,237357515321666,237357515331291,0,14083,0,4687395553252295649,4687395553818713084,4687395554963991883,"normalized presentedTime from Core Animation clock"
generated_selected,1,3,0,532,2,176,175,176,237357492725812,237357510650583,237357515391791,237357532076125,237357548653666,237357581985666,0,0,3625,0,0,0,0,"exact A/B pair ready before display deadline"
presentation_submitted,1,3,525,532,2,176,175,176,237357492725812,0,237357515391791,237357532076125,237357548653666,237357581985666,0,237357532272375,3625,0,4687395555539765166,4687395556109270683,4687395557254549482,"external CAMetalDisplayLink drawable via DXMT Presenter"
source_displayed,1,3,522,529,1,174,0,0,237357442589125,0,0,237357482125083,237357498655666,237357531987666,237357533930749,0,11208,0,4687395553823476203,4687395554391352484,4687395555536631283,"normalized presentedTime from Core Animation clock"
source_accepted,1,3,0,0,0,177,0,0,237357542097250,237357544018166,0,0,0,237357625131980,0,0,0,0,0,0,0,"owned history copy completed successfully"
history_copy_complete,1,3,0,0,0,177,0,0,237357542097250,237357544018166,0,0,0,237357625131980,0,0,0,0,0,0,0,"Metal command buffer completed"
generated_requested,1,3,0,0,2,177,176,177,237357542097250,237357544018166,0,0,0,237357608550868,0,0,0,0,0,0,0,"exact adjacent source pair submitted"
generated_displayed,1,3,523,530,2,175,174,175,237357459518666,0,237357482166750,237357498778125,237357515321666,237357548653666,237357541693583,0,8791,0,4687395554395690401,4687395554963991883,4687395556109270683,"normalized presentedTime from Core Animation clock"
generated_ready,1,3,0,533,2,177,176,177,0,0,237357548696958,237357548687125,237357565319666,237357608550868,0,0,958,0,0,0,0,"Metal status completed"
selected_source,1,3,0,533,1,176,0,0,237357509003416,237357510650583,0,237357548687125,237357565319666,237357598651666,0,0,958,0,0,0,0,"next real endpoint in source order"
presentation_submitted,1,3,526,533,1,176,0,0,237357509003416,0,0,237357548687125,237357565319666,237357598651666,0,237357548758541,958,0,4687395556110507633,4687395556681910082,4687395557827188882,"external CAMetalDisplayLink drawable via DXMT Presenter"
source_displayed,1,3,524,531,1,175,0,0,237357476448208,0,0,237357515377416,237357531987666,237357565319666,237357554012416,0,2084,0,4687395554966011961,4687395555536631283,4687395556681910082,"normalized presentedTime from Core Animation clock"
generated_selected,1,3,0,534,2,177,176,177,237357525550333,237357544018166,237357548696958,237357565557833,237357581985666,237357615317666,0,0,22458,0,0,0,0,"exact A/B pair ready before display deadline"
presentation_submitted,1,3,527,534,2,177,176,177,237357525550333,0,237357548696958,237357565557833,237357581985666,237357615317666,0,237357566216083,22458,0,4687395556690240876,4687395557254549482,4687395558399828281,"external CAMetalDisplayLink drawable via DXMT Presenter"
generated_displayed,1,3,525,532,2,176,175,176,237357492725812,0,237357515391791,237357532076125,237357548653666,237357581985666,237357570487333,0,3625,0,4687395555539765166,4687395556109270683,4687395557254549482,"normalized presentedTime from Core Animation clock"
source_accepted,1,3,0,0,0,178,0,0,237357575580125,237357578799500,0,0,0,237357658650940,0,0,0,0,0,0,0,"owned history copy completed successfully"
history_copy_complete,1,3,0,0,0,178,0,0,237357575580125,237357578799500,0,0,0,237357658650940,0,0,0,0,0,0,0,"Metal command buffer completed"
generated_requested,1,3,0,0,2,178,177,178,237357575580125,237357578799500,0,0,0,237357641891460,0,0,0,0,0,0,0,"exact adjacent source pair submitted"
generated_ready,1,3,0,535,2,178,177,178,0,0,237357582262541,237357582205833,237357598651666,237357641891460,0,0,18833,0,0,0,0,"Metal status completed"
selected_source,1,3,0,535,1,177,0,0,237357542097250,237357544018166,0,237357582205833,237357598651666,237357631983666,0,0,18833,0,0,0,0,"next real endpoint in source order"
presentation_submitted,1,3,528,535,1,177,0,0,237357542097250,0,0,237357582205833,237357598651666,237357631983666,0,237357582806666,18833,0,4687395557262246063,4687395557827188882,4687395558972467681,"external CAMetalDisplayLink drawable via DXMT Presenter"
source_displayed,1,3,526,533,1,176,0,0,237357509003416,0,0,237357548687125,237357565319666,237357598651666,237357587343499,0,958,0,4687395556110507633,4687395556681910082,4687395557827188882,"normalized presentedTime from Core Animation clock"
generated_selected,1,3,0,536,2,178,177,178,237357558838687,237357578799500,237357582262541,237357598705916,237357615317666,237357648649666,0,0,1125,0,0,0,0,"exact A/B pair ready before display deadline"
presentation_submitted,1,3,529,536,2,178,177,178,237357558838687,0,237357582262541,237357598705916,237357615317666,237357648649666,0,237357598825833,1125,0,4687395557829140240,4687395558399828281,4687395559545107081,"external CAMetalDisplayLink drawable via DXMT Presenter"
generated_displayed,1,3,527,534,2,177,176,177,237357525550333,0,237357548696958,237357565557833,237357581985666,237357615317666,237357603941374,0,22458,0,4687395556690240876,4687395557254549482,4687395558399828281,"normalized presentedTime from Core Animation clock"
source_accepted,1,3,0,0,0,179,0,0,237357609464833,237357612334291,0,0,0,237357692565844,0,0,0,0,0,0,0,"owned history copy completed successfully"
history_copy_complete,1,3,0,0,0,179,0,0,237357609464833,237357612334291,0,0,0,237357692565844,0,0,0,0,0,0,0,"Metal command buffer completed"
generated_requested,1,3,0,0,2,179,178,179,237357609464833,237357612334291,0,0,0,237357675608392,0,0,0,0,0,0,0,"exact adjacent source pair submitted"
generated_ready,1,3,0,537,2,179,178,179,0,0,237357615381041,237357615364166,237357631983666,237357675608392,0,0,1417,0,0,0,0,"Metal status completed"
selected_source,1,3,0,537,1,178,0,0,237357575580125,237357578799500,0,237357615364166,237357631983666,237357665315666,0,0,1417,0,0,0,0,"next real endpoint in source order"
presentation_submitted,1,3,530,537,1,178,0,0,237357575580125,0,0,237357615364166,237357631983666,237357665315666,0,237357615478583,1417,0,4687395558401514760,4687395558972467681,4687395560117746480,"external CAMetalDisplayLink drawable via DXMT Presenter"
source_displayed,1,3,528,535,1,177,0,0,237357542097250,0,0,237357582205833,237357598651666,237357631983666,237357620293874,0,18833,0,4687395557262246063,4687395557827188882,4687395558972467681,"normalized presentedTime from Core Animation clock"
generated_selected,1,3,0,538,2,179,178,179,237357592522479,237357612334291,237357615381041,237357632018125,237357648649666,237357681981666,0,0,1875,0,0,0,0,"exact A/B pair ready before display deadline"
presentation_submitted,1,3,531,538,2,179,178,179,237357592522479,0,237357615381041,237357632018125,237357648649666,237357681981666,0,237357632114583,1875,0,4687395558973738991,4687395559545107081,4687395560690385880,"external CAMetalDisplayLink drawable via DXMT Presenter"
selected_source,1,3,0,539,1,179,0,0,237357609464833,237357612334291,0,237357648914166,237357665315666,237357698647666,0,0,26334,0,0,0,0,"next real endpoint in source order"
presentation_submitted,1,3,532,539,1,179,0,0,237357609464833,0,0,237357648914166,237357665315666,237357698647666,0,237357649696916,26334,0,4687395559554375620,4687395560117746480,4687395561263025280,"external CAMetalDisplayLink drawable via DXMT Presenter"
source_accepted,1,3,0,0,0,180,0,0,237357652515500,237357654974875,0,0,0,237357735651252,0,0,0,0,0,0,0,"owned history copy completed successfully"
history_copy_complete,1,3,0,0,0,180,0,0,237357652515500,237357654974875,0,0,0,237357735651252,0,0,0,0,0,0,0,"Metal command buffer completed"
generated_requested,1,3,0,0,2,180,179,180,237357652515500,237357654974875,0,0,0,237357714108548,0,0,0,0,0,0,0,"exact adjacent source pair submitted"
generated_ready,1,3,0,540,2,180,179,180,0,0,237357665395458,237357665373541,237357681981666,237357714108548,0,0,4750,0,0,0,0,"Metal status completed"
generated_selected,1,3,0,540,2,180,179,180,237357630990166,237357654974875,237357665395458,237357665373541,237357681981666,237357715313666,0,0,4750,0,0,0,0,"exact A/B pair ready before display deadline"
presentation_submitted,1,3,533,540,2,180,179,180,237357630990166,0,237357665395458,237357665373541,237357681981666,237357715313666,0,237357665525833,4750,0,4687395560119861047,4687395560690385880,4687395561835664679,"external CAMetalDisplayLink drawable via DXMT Presenter"
generated_displayed,1,3,529,536,2,178,177,178,237357558838687,0,237357582262541,237357598705916,237357615317666,237357648649666,237357665329666,0,1125,0,4687395557829140240,4687395558399828281,4687395559545107081,"normalized presentedTime from Core Animation clock"
source_accepted,1,3,0,0,0,181,0,0,237357675436541,237357676721291,0,0,0,237357758589506,0,0,0,0,0,0,0,"owned history copy completed successfully"
history_copy_complete,1,3,0,0,0,181,0,0,237357675436541,237357676721291,0,0,0,237357758589506,0,0,0,0,0,0,0,"Metal command buffer completed"
generated_requested,1,3,0,0,2,181,180,181,237357675436541,237357676721291,0,0,0,237357747120379,0,0,0,0,0,0,0,"exact adjacent source pair submitted"
generated_ready,1,3,0,541,2,181,180,181,0,0,237357682034458,237357682025625,237357698647666,237357747120379,0,0,1458,0,0,0,0,"Metal status completed"
generated_dropped,1,3,0,541,2,180,179,180,237357652515500,237357654974875,237357665395458,237357682025625,237357698647666,237357714108548,0,0,1458,0,0,0,0,"generated output was not ready by exact-pair deadline"
selected_source_repeat,1,3,0,541,1,179,0,0,237357609464833,237357612334291,0,237357682025625,237357698647666,237357731979666,0,0,1458,0,0,0,0,"real-source fallback for late/missing exact-pair output"
presentation_submitted,1,3,534,541,1,179,0,0,237357609464833,0,0,237357682025625,237357698647666,237357731979666,0,237357682125041,1458,0,4687395560691985051,4687395561263025279,4687395562408304079,"external CAMetalDisplayLink drawable via DXMT Presenter"
source_displayed,1,3,530,537,1,178,0,0,237357575580125,0,0,237357615364166,237357631983666,237357665315666,237357681996166,0,1417,0,4687395558401514760,4687395558972467681,4687395560117746480,"normalized presentedTime from Core Animation clock"
selected_source,1,3,0,542,1,180,0,0,237357652515500,237357654974875,0,237357698755541,237357715313666,237357748645666,0,0,11250,0,0,0,0,"next real endpoint in source order"
presentation_submitted,1,3,535,542,1,180,0,0,237357652515500,0,0,237357698755541,237357715313666,237357748645666,0,237357698960791,11250,0,4687395561266852095,4687395561835664679,4687395562980943478,"external CAMetalDisplayLink drawable via DXMT Presenter"
generated_displayed,1,3,531,538,2,179,178,179,237357592522479,0,237357615381041,237357632018125,237357648649666,237357681981666,237357698662583,0,1875,0,4687395558973738991,4687395559545107081,4687395560690385880,"normalized presentedTime from Core Animation clock"
source_displayed,1,3,532,539,1,179,0,0,237357609464833,0,0,237357648914166,237357665315666,237357698647666,237357700421874,0,26334,0,4687395559554375620,4687395560117746480,4687395561263025280,"normalized presentedTime from Core Animation clock"
generated_displayed,1,3,533,540,2,180,179,180,237357630990166,0,237357665395458,237357665373541,237357681981666,237357715313666,237357704445041,0,4750,0,4687395560119861047,4687395560690385880,4687395561835664679,"normalized presentedTime from Core Animation clock"
source_accepted,1,3,0,0,0,182,0,0,237357708778750,237357709468791,0,0,0,237357791955227,0,0,0,0,0,0,0,"owned history copy completed successfully"
history_copy_complete,1,3,0,0,0,182,0,0,237357708778750,237357709468791,0,0,0,237357791955227,0,0,0,0,0,0,0,"Metal command buffer completed"
generated_requested,1,3,0,0,2,182,181,182,237357708778750,237357709468791,0,0,0,237357775272366,0,0,0,0,0,0,0,"exact adjacent source pair submitted"
generated_ready,1,3,0,543,2,182,181,182,0,0,237357715410875,237357715391625,237357731979666,237357775272366,0,0,6875,0,0,0,0,"Metal status completed"
generated_dropped,1,3,0,543,2,181,180,181,237357675436541,237357676721291,237357682034458,237357715391625,237357731979666,237357747120379,0,0,6875,0,0,0,0,"real endpoint deadline passed before generated selection"
selected_source,1,3,0,543,1,181,0,0,237357675436541,237357676721291,0,237357715391625,237357731979666,237357765311666,0,0,6875,0,0,0,0,"next real endpoint in source order"
presentation_submitted,1,3,536,543,1,181,0,0,237357675436541,0,0,237357715391625,237357731979666,237357765311666,0,237357715583583,6875,0,4687395561838459260,4687395562408304079,4687395563553582878,"external CAMetalDisplayLink drawable via DXMT Presenter"
source_displayed,1,3,534,541,1,179,0,0,237357609464833,0,0,237357682025625,237357698647666,237357731979666,237357717998041,0,1458,0,4687395560691985051,4687395561263025279,4687395562408304079,"normalized presentedTime from Core Animation clock"
generated_selected,1,3,0,544,2,182,181,182,237357692107645,237357709468791,237357715410875,237357732121791,237357748645666,237357781977666,0,0,11125,0,0,0,0,"exact A/B pair ready before display deadline"
presentation_submitted,1,3,537,544,2,182,181,182,237357692107645,0,237357715410875,237357732121791,237357748645666,237357781977666,0,237357732470291,11125,0,4687395562413309159,4687395562980943478,4687395564126222278,"external CAMetalDisplayLink drawable via DXMT Presenter"
source_displayed,1,3,535,542,1,180,0,0,237357652515500,0,0,237357698755541,237357715313666,237357748645666,237357734661499,0,11250,0,4687395561266852095,4687395561835664679,4687395562980943478,"normalized presentedTime from Core Animation clock"
source_accepted,1,3,0,0,0,183,0,0,237357742396958,237357743807750,0,0,0,237357825583436,0,0,0,0,0,0,0,"owned history copy completed successfully"
history_copy_complete,1,3,0,0,0,183,0,0,237357742396958,237357743807750,0,0,0,237357825583436,0,0,0,0,0,0,0,"Metal command buffer completed"
generated_requested,1,3,0,0,2,183,182,183,237357742396958,237357743807750,0,0,0,237357808769331,0,0,0,0,0,0,0,"exact adjacent source pair submitted"
generated_ready,1,3,0,545,2,183,182,183,0,0,237357748775166,237357748746583,237357765311666,237357808769331,0,0,7417,0,0,0,0,"Metal status completed"
selected_source,1,3,0,545,1,182,0,0,237357708778750,237357709468791,0,237357748746583,237357765311666,237357798643666,0,0,7417,0,0,0,0,"next real endpoint in source order"
presentation_submitted,1,3,538,545,1,182,0,0,237357708778750,0,0,237357748746583,237357765311666,237357798643666,0,237357749003375,7417,0,4687395562984515448,4687395563553582878,4687395564698861677,"external CAMetalDisplayLink drawable via DXMT Presenter"
source_displayed,1,3,536,543,1,181,0,0,237357675436541,0,0,237357715391625,237357731979666,237357765311666,237357751272166,0,6875,0,4687395561838459260,4687395562408304079,4687395563553582878,"normalized presentedTime from Core Animation clock"
generated_selected,1,3,0,546,2,183,182,183,237357725587854,237357743807750,237357748775166,237357765449875,237357781977666,237357815309666,0,0,11833,0,0,0,0,"exact A/B pair ready before display deadline"
presentation_submitted,1,3,539,546,2,183,182,183,237357725587854,0,237357748775166,237357765449875,237357781977666,237357815309666,0,237357765865208,11833,0,4687395563558461961,4687395564126222278,4687395565271501077,"external CAMetalDisplayLink drawable via DXMT Presenter"
generated_displayed,1,3,537,544,2,182,181,182,237357692107645,0,237357715410875,237357732121791,237357748645666,237357781977666,237357768439999,0,11125,0,4687395562413309159,4687395562980943478,4687395564126222278,"normalized presentedTime from Core Animation clock"
source_accepted,1,3,0,0,0,184,0,0,237357775970166,237357777662291,0,0,0,237357859162280,0,0,0,0,0,0,0,"owned history copy completed successfully"
history_copy_complete,1,3,0,0,0,184,0,0,237357775970166,237357777662291,0,0,0,237357859162280,0,0,0,0,0,0,0,"Metal command buffer completed"
generated_requested,1,3,0,0,2,184,183,184,237357775970166,237357777662291,0,0,0,237357842372858,0,0,0,0,0,0,0,"exact adjacent source pair submitted"
generated_ready,1,3,0,547,2,184,183,184,0,0,237357782165000,237357782115000,237357798643666,237357842372858,0,0,8541,0,0,0,0,"Metal status completed"
selected_source,1,3,0,547,1,183,0,0,237357742396958,237357743807750,0,237357782115000,237357798643666,237357831975666,0,0,8541,0,0,0,0,"next real endpoint in source order"
presentation_submitted,1,3,540,547,1,183,0,0,237357742396958,0,0,237357782115000,237357798643666,237357831975666,0,237357782462250,8541,0,4687395564131052673,4687395564698861677,4687395565844140477,"external CAMetalDisplayLink drawable via DXMT Presenter"
generated_selected,1,3,0,548,2,184,183,184,237357759183562,237357777662291,237357782165000,237357798828041,237357815309666,237357848641666,0,0,20709,0,0,0,0,"exact A/B pair ready before display deadline"
presentation_submitted,1,3,541,548,2,184,183,184,237357759183562,0,237357782165000,237357798828041,237357815309666,237357848641666,0,237357799418125,20709,0,4687395564705334193,4687395565271501077,4687395566416779876,"external CAMetalDisplayLink drawable via DXMT Presenter"
source_displayed,1,3,538,545,1,182,0,0,237357708778750,0,0,237357748746583,237357765311666,237357798643666,237357798661499,0,7417,0,4687395562984515448,4687395563553582878,4687395564698861677,"normalized presentedTime from Core Animation clock"
source_accepted,1,3,0,0,0,185,0,0,237357809812250,237357811936583,0,0,0,237357892998925,0,0,0,0,0,0,0,"owned history copy completed successfully"
history_copy_complete,1,3,0,0,0,185,0,0,237357809812250,237357811936583,0,0,0,237357892998925,0,0,0,0,0,0,0,"Metal command buffer completed"
generated_requested,1,3,0,0,2,185,184,185,237357809812250,237357811936583,0,0,0,237357876080602,0,0,0,0,0,0,0,"exact adjacent source pair submitted"
generated_ready,1,3,0,549,2,185,184,185,0,0,237357815601875,237357815460750,237357831975666,237357876080602,0,0,11958,0,0,0,0,"Metal status completed"
selected_source,1,3,0,549,1,184,0,0,237357775970166,237357777662291,0,237357815460750,237357831975666,237357865307666,0,0,11958,0,0,0,0,"next real endpoint in source order"
presentation_submitted,1,3,542,549,1,184,0,0,237357775970166,0,0,237357815460750,237357831975666,237357865307666,0,237357816049000,11958,0,4687395565276809657,4687395565844140477,4687395566989419276,"external CAMetalDisplayLink drawable via DXMT Presenter"
generated_displayed,1,3,539,546,2,183,182,183,237357725587854,0,237357748775166,237357765449875,237357781977666,237357815309666,237357815327958,0,11833,0,4687395563558461961,4687395564126222278,4687395565271501077,"normalized presentedTime from Core Animation clock"
generated_selected,1,3,0,550,2,185,184,185,237357792891208,237357811936583,237357815601875,237357838445333,237357848641666,237357881973666,0,0,22000,0,0,0,0,"exact A/B pair ready before display deadline"
presentation_submitted,1,3,543,550,2,185,184,185,237357792891208,0,237357815601875,237357838445333,237357848641666,237357881973666,0,237357839438458,22000,0,4687395566066598308,4687395566416779876,4687395567562058676,"external CAMetalDisplayLink drawable via DXMT Presenter"
source_accepted,1,3,0,0,0,186,0,0,237357842750458,237357843909791,0,0,0,237357925145803,0,0,0,0,0,0,0,"owned history copy completed successfully"
history_copy_complete,1,3,0,0,0,186,0,0,237357842750458,237357843909791,0,0,0,237357925145803,0,0,0,0,0,0,0,"Metal command buffer completed"
generated_requested,1,3,0,0,2,186,185,186,237357842750458,237357843909791,0,0,0,237357909072364,0,0,0,0,0,0,0,"exact adjacent source pair submitted"
generated_ready,1,3,0,551,2,186,185,186,0,0,237357848732000,237357848712041,237357865307666,237357909072364,0,0,5542,0,0,0,0,"Metal status completed"
selected_source,1,3,0,551,1,185,0,0,237357809812250,237357811936583,0,237357848712041,237357865307666,237357898639666,0,0,5542,0,0,0,0,"next real endpoint in source order"
presentation_submitted,1,3,544,551,1,185,0,0,237357809812250,0,0,237357848712041,237357865307666,237357898639666,0,237357848836791,5542,0,4687395566419295284,4687395566989419276,4687395568134698075,"external CAMetalDisplayLink drawable via DXMT Presenter"
source_displayed,1,3,540,547,1,183,0,0,237357742396958,0,0,237357782115000,237357798643666,237357831975666,237357848660916,0,8541,0,4687395564131052673,4687395564698861677,4687395565844140477,"normalized presentedTime from Core Animation clock"
generated_displayed,1,3,541,548,2,184,183,184,237357759183562,0,237357782165000,237357798828041,237357815309666,237357848641666,237357850152874,0,20709,0,4687395564705334193,4687395565271501077,4687395566416779876,"normalized presentedTime from Core Animation clock"
source_displayed,1,3,542,549,1,184,0,0,237357775970166,0,0,237357815460750,237357831975666,237357865307666,237357856270874,0,11958,0,4687395565276809657,4687395565844140477,4687395566989419276,"normalized presentedTime from Core Animation clock"
generated_selected,1,3,0,552,2,186,185,186,237357826281354,237357843909791,237357848732000,237357865367750,237357881973665,237357915305666,0,0,4416,0,0,0,0,"exact A/B pair ready before display deadline"
presentation_submitted,1,3,545,552,2,186,185,186,237357826281354,0,237357848732000,237357865367750,237357881973665,237357915305666,0,237357865579916,4416,0,4687395566991585382,4687395567562058675,4687395568707337475,"external CAMetalDisplayLink drawable via DXMT Presenter"
generated_displayed,1,3,543,550,2,185,184,185,237357792891208,0,237357815601875,237357838445333,237357848641666,237357881973666,237357869429833,0,22000,0,4687395566066598308,4687395566416779876,4687395567562058676,"normalized presentedTime from Core Animation clock"
source_accepted,1,3,0,0,0,187,0,0,237357876169500,237357877003375,0,0,0,237357958769008,0,0,0,0,0,0,0,"owned history copy completed successfully"
history_copy_complete,1,3,0,0,0,187,0,0,237357876169500,237357877003375,0,0,0,237357958769008,0,0,0,0,0,0,0,"Metal command buffer completed"
generated_requested,1,3,0,0,2,187,186,187,237357876169500,237357877003375,0,0,0,237357941957405,0,0,0,0,0,0,0,"exact adjacent source pair submitted"
generated_ready,1,3,0,553,2,187,186,187,0,0,237357882088708,237357882053083,237357898639666,237357941957405,0,0,3875,0,0,0,0,"Metal status completed"
selected_source,1,3,0,553,1,186,0,0,237357842750458,237357843909791,0,237357882053083,237357898639666,237357931971666,0,0,3875,0,0,0,0,"next real endpoint in source order"
presentation_submitted,1,3,546,553,1,186,0,0,237357842750458,0,0,237357882053083,237357898639666,237357931971666,0,237357882158958,3875,0,4687395567564887616,4687395568134698075,4687395569279976874,"external CAMetalDisplayLink drawable via DXMT Presenter"
source_displayed,1,3,544,551,1,185,0,0,237357809812250,0,0,237357848712041,237357865307666,237357898639666,237357883538958,0,5542,0,4687395566419295284,4687395566989419276,4687395568134698075,"normalized presentedTime from Core Animation clock"
generated_selected,1,3,0,554,2,187,186,187,237357859459979,237357877003375,237357882088708,237357898776833,237357915305666,237357948637666,0,0,9333,0,0,0,0,"exact A/B pair ready before display deadline"
presentation_submitted,1,3,547,554,2,187,186,187,237357859459979,0,237357882088708,237357898776833,237357915305666,237357948637666,0,237357899116916,9333,0,4687395568139527061,4687395568707337475,4687395569852616274,"external CAMetalDisplayLink drawable via DXMT Presenter"
generated_displayed,1,3,545,552,2,186,185,186,237357826281354,0,237357848732000,237357865367750,237357881973665,237357915305666,237357901376833,0,4416,0,4687395566991585382,4687395567562058675,4687395568707337475,"normalized presentedTime from Core Animation clock"
source_accepted,1,3,0,0,0,188,0,0,237357909425291,237357911011583,0,0,0,237357992170488,0,0,0,0,0,0,0,"owned history copy completed successfully"
history_copy_complete,1,3,0,0,0,188,0,0,237357909425291,237357911011583,0,0,0,237357992170488,0,0,0,0,0,0,0,"Metal command buffer completed"
generated_requested,1,3,0,0,2,188,187,188,237357909425291,237357911011583,0,0,0,237357975469748,0,0,0,0,0,0,0,"exact adjacent source pair submitted"
generated_ready,1,3,0,555,2,188,187,188,0,0,237357915506625,237357915466250,237357931971666,237357975469748,0,0,11750,0,0,0,0,"Metal status completed"
selected_source,1,3,0,555,1,187,0,0,237357876169500,237357877003375,0,237357915466250,237357931971666,237357965303666,0,0,11750,0,0,0,0,"next real endpoint in source order"
presentation_submitted,1,3,548,555,1,187,0,0,237357876169500,0,0,237357915466250,237357931971666,237357965303666,0,237357915834958,11750,0,4687395568712976767,4687395569279976874,4687395570425255674,"external CAMetalDisplayLink drawable via DXMT Presenter"
source_displayed,1,3,546,553,1,186,0,0,237357842750458,0,0,237357882053083,237357898639666,237357931971666,237357918441333,0,3875,0,4687395567564887616,4687395568134698075,4687395569279976874,"normalized presentedTime from Core Animation clock"
generated_selected,1,3,0,556,2,188,187,188,237357892797395,237357911011583,237357915506625,237357932124000,237357948637666,237357981969666,0,0,12541,0,0,0,0,"exact A/B pair ready before display deadline"
presentation_submitted,1,3,549,556,2,188,187,188,237357892797395,0,237357915506625,237357932124000,237357948637666,237357981969666,0,237357932576750,12541,0,4687395569285342732,4687395569852616274,4687395570997895073,"external CAMetalDisplayLink drawable via DXMT Presenter"
generated_displayed,1,3,547,554,2,187,186,187,237357859459979,0,237357882088708,237357898776833,237357915305666,237357948637666,237357935276541,0,9333,0,4687395568139527061,4687395568707337475,4687395569852616274,"normalized presentedTime from Core Animation clock"
source_accepted,1,3,0,0,0,189,0,0,237357942110500,237357943916750,0,0,0,237358024956467,0,0,0,0,0,0,0,"owned history copy completed successfully"
history_copy_complete,1,3,0,0,0,189,0,0,237357942110500,237357943916750,0,0,0,237358024956467,0,0,0,0,0,0,0,"Metal command buffer completed"
generated_requested,1,3,0,0,2,189,188,189,237357942110500,237357943916750,0,0,0,237358008563477,0,0,0,0,0,0,0,"exact adjacent source pair submitted"
generated_ready,1,3,0,557,2,189,188,189,0,0,237357948976291,237357948920083,237357965303666,237358008563477,0,0,17667,0,0,0,0,"Metal status completed"
selected_source,1,3,0,557,1,188,0,0,237357909425291,237357911011583,0,237357948920083,237357965303666,237357998635666,0,0,17667,0,0,0,0,"next real endpoint in source order"
presentation_submitted,1,3,550,557,1,188,0,0,237357909425291,0,0,237357948920083,237357965303666,237357998635666,0,237357949513375,17667,0,4687395569862453192,4687395570425255674,4687395571570534473,"external CAMetalDisplayLink drawable via DXMT Presenter"
source_displayed,1,3,548,555,1,187,0,0,237357876169500,0,0,237357915466250,237357931971666,237357965303666,237357953759791,0,11750,0,4687395568712976767,4687395569279976874,4687395570425255674,"normalized presentedTime from Core Animation clock"
generated_selected,1,3,0,558,2,189,188,189,237357925767895,237357943916750,237357948976291,237357965548666,237357981969666,237358015301666,0,0,21917,0,0,0,0,"exact A/B pair ready before display deadline"
presentation_submitted,1,3,551,558,2,189,188,189,237357925767895,0,237357948976291,237357965548666,237357981969666,237358015301666,0,237357966308750,21917,0,4687395570433841313,4687395570997895073,4687395572143173873,"external CAMetalDisplayLink drawable via DXMT Presenter"
source_accepted,1,3,0,0,0,190,0,0,237357976964791,237357979631250,0,0,0,237358059863000,0,0,0,0,0,0,0,"owned history copy completed successfully"
history_copy_complete,1,3,0,0,0,190,0,0,237357976964791,237357979631250,0,0,0,237358059863000,0,0,0,0,0,0,0,"Metal command buffer completed"
generated_requested,1,3,0,0,2,190,189,190,237357976964791,237357979631250,0,0,0,237358042409733,0,0,0,0,0,0,0,"exact adjacent source pair submitted"
generated_ready,1,3,0,559,2,190,189,190,0,0,237357982380250,237357982243958,237357998635666,237358042409733,0,0,17958,0,0,0,0,"Metal status completed"
selected_source,1,3,0,559,1,189,0,0,237357942110500,237357943916750,0,237357982243958,237357998635666,237358031967666,0,0,17958,0,0,0,0,"next real endpoint in source order"
presentation_submitted,1,3,552,559,1,189,0,0,237357942110500,0,0,237357982243958,237357998635666,237358031967666,0,237357982956750,17958,0,4687395571007452819,4687395571570534473,4687395572715813272,"external CAMetalDisplayLink drawable via DXMT Presenter"
generated_displayed,1,3,549,556,2,188,187,188,237357892797395,0,237357915506625,237357932124000,237357948637666,237357981969666,237357998659208,0,12541,0,4687395569285342732,4687395569852616274,4687395570997895073,"normalized presentedTime from Core Animation clock"
generated_selected,1,3,0,560,2,190,189,190,237357959537645,237357979631250,237357982380250,237358008731041,237358015301666,237358048633666,0,0,16042,0,0,0,0,"exact A/B pair ready before display deadline"
presentation_submitted,1,3,553,560,2,190,189,190,237357959537645,0,237357982380250,237358008731041,237358015301666,237358048633666,0,237358012004250,16042,0,4687395571917556389,4687395572143173873,4687395573288452672,"external CAMetalDisplayLink drawable via DXMT Presenter"
source_accepted,1,3,0,0,0,191,0,0,237358011812000,237358013024500,0,0,0,237358093519799,0,0,0,0,0,0,0,"owned history copy completed successfully"
history_copy_complete,1,3,0,0,0,191,0,0,237358011812000,237358013024500,0,0,0,237358093519799,0,0,0,0,0,0,0,"Metal command buffer completed"
generated_requested,1,3,0,0,2,191,190,191,237358011812000,237358013024500,0,0,0,237358076691399,0,0,0,0,0,0,0,"exact adjacent source pair submitted"
generated_ready,1,3,0,561,2,191,190,191,0,0,237358015365250,237358015353833,237358031967666,237358076691399,0,0,3083,0,0,0,0,"Metal status completed"
selected_source,1,3,0,561,1,190,0,0,237357976964791,237357979631250,0,237358015353833,237358031967666,237358065299666,0,0,3083,0,0,0,0,"next real endpoint in source order"
presentation_submitted,1,3,554,561,1,190,0,0,237357976964791,0,0,237358015353833,237358031967666,237358065299666,0,237358015426500,3083,0,4687395572145065101,4687395572715813272,4687395573861092072,"external CAMetalDisplayLink drawable via DXMT Presenter"
source_displayed,1,3,550,557,1,188,0,0,237357909425291,0,0,237357948920083,237357965303666,237357998635666,237358015325749,0,17667,0,4687395569862453192,4687395570425255674,4687395571570534473,"normalized presentedTime from Core Animation clock"
generated_displayed,1,3,551,558,2,189,188,189,237357925767895,0,237357948976291,237357965548666,237357981969666,237358015301666,237358016691291,0,21917,0,4687395570433841313,4687395570997895073,4687395572143173873,"normalized presentedTime from Core Animation clock"
source_displayed,1,3,552,559,1,189,0,0,237357942110500,0,0,237357982243958,237357998635666,237358031967666,237358022062749,0,17958,0,4687395571007452819,4687395571570534473,4687395572715813272,"normalized presentedTime from Core Animation clock"
generated_selected,1,3,0,562,2,191,190,191,237357994388395,237358013024500,237358015365250,237358032060458,237358048633666,237358081965666,0,0,3292,0,0,0,0,"exact A/B pair ready before display deadline"
presentation_submitted,1,3,555,562,2,191,190,191,237357994388395,0,237358015365250,237358032060458,237358048633666,237358081965666,0,237358032222125,3292,0,4687395572719108955,4687395573288452672,4687395574433731471,"external CAMetalDisplayLink drawable via DXMT Presenter"
generated_displayed,1,3,553,560,2,190,189,190,237357959537645,0,237357982380250,237358008731041,237358015301666,237358048633666,237358033555791,0,16042,0,4687395571917556389,4687395572143173873,4687395573288452672,"normalized presentedTime from Core Animation clock"
source_accepted,1,3,0,0,0,192,0,0,237358042067875,237358043055541,0,0,0,237358124138884,0,0,0,0,0,0,0,"owned history copy completed successfully"
history_copy_complete,1,3,0,0,0,192,0,0,237358042067875,237358043055541,0,0,0,237358124138884,0,0,0,0,0,0,0,"Metal command buffer completed"
generated_requested,1,3,0,0,2,192,191,192,237358042067875,237358043055541,0,0,0,237358108829341,0,0,0,0,0,0,0,"exact adjacent source pair submitted"
generated_ready,1,3,0,563,2,192,191,192,0,0,237358048693791,237358048681458,237358065299666,237358108829341,0,0,1917,0,0,0,0,"Metal status completed"
selected_source,1,3,0,563,1,191,0,0,237358011812000,237358013024500,0,237358048681458,237358065299666,237358098631666,0,0,1917,0,0,0,0,"next real endpoint in source order"
presentation_submitted,1,3,556,563,1,191,0,0,237358011812000,0,0,237358048681458,237358065299666,237358098631666,0,237358048761166,1917,0,4687395573290193577,4687395573861092072,4687395575006370871,"external CAMetalDisplayLink drawable via DXMT Presenter"
source_displayed,1,3,554,561,1,190,0,0,237357976964791,0,0,237358015353833,237358031967666,237358065299666,237358051369499,0,3083,0,4687395572145065101,4687395572715813272,4687395573861092072,"normalized presentedTime from Core Animation clock"
generated_selected,1,3,0,564,2,192,191,192,237358026939937,237358043055541,237358048693791,237358065453958,237358081965666,237358115297666,0,0,10292,0,0,0,0,"exact A/B pair ready before display deadline"
presentation_submitted,1,3,557,564,2,192,191,192,237358026939937,0,237358048693791,237358065453958,237358081965666,237358115297666,0,237358065811000,10292,0,4687395573866509468,4687395574433731471,4687395575579010271,"external CAMetalDisplayLink drawable via DXMT Presenter"
generated_displayed,1,3,555,562,2,191,190,191,237357994388395,0,237358015365250,237358032060458,237358048633666,237358081965666,237358068398291,0,3292,0,4687395572719108955,4687395573288452672,4687395574433731471,"normalized presentedTime from Core Animation clock"
source_accepted,1,3,0,0,0,193,0,0,237358075890708,237358077449125,0,0,0,237358158232591,0,0,0,0,0,0,0,"owned history copy completed successfully"
history_copy_complete,1,3,0,0,0,193,0,0,237358075890708,237358077449125,0,0,0,237358158232591,0,0,0,0,0,0,0,"Metal command buffer completed"
generated_requested,1,3,0,0,2,193,192,193,237358075890708,237358077449125,0,0,0,237358141185737,0,0,0,0,0,0,0,"exact adjacent source pair submitted"
generated_ready,1,3,0,565,2,193,192,193,0,0,237358082161750,237358082120708,237358098631666,237358141185737,0,0,10792,0,0,0,0,"Metal status completed"
selected_source,1,3,0,565,1,192,0,0,237358042067875,237358043055541,0,237358082120708,237358098631666,237358131963666,0,0,10792,0,0,0,0,"next real endpoint in source order"
presentation_submitted,1,3,558,565,1,192,0,0,237358042067875,0,0,237358082120708,237358098631666,237358131963666,0,237358082640375,10792,0,4687395574439180342,4687395575006370871,4687395576151649670,"external CAMetalDisplayLink drawable via DXMT Presenter"
source_displayed,1,3,556,563,1,191,0,0,237358011812000,0,0,237358048681458,237358065299666,237358098631666,237358085526749,0,1917,0,4687395573290193577,4687395573861092072,4687395575006370871,"normalized presentedTime from Core Animation clock"
generated_selected,1,3,0,566,2,193,192,193,237358058979291,237358077449125,237358082161750,237358098802750,237358115297665,237358148629666,0,0,29041,0,0,0,0,"exact A/B pair ready before display deadline"
presentation_submitted,1,3,559,566,2,193,192,193,237358058979291,0,237358082161750,237358098802750,237358115297665,237358148629666,0,237358099282666,29041,0,4687395575012957908,4687395575579010270,4687395576724289070,"external CAMetalDisplayLink drawable via DXMT Presenter"
generated_displayed,1,3,557,564,2,192,191,192,237358026939937,0,237358048693791,237358065453958,237358081965666,237358115297666,237358101787666,0,10292,0,4687395573866509468,4687395574433731471,4687395575579010271,"normalized presentedTime from Core Animation clock"
source_accepted,1,3,0,0,0,194,0,0,237358109117041,237358111291916,0,0,0,237358191652483,0,0,0,0,0,0,0,"owned history copy completed successfully"
history_copy_complete,1,3,0,0,0,194,0,0,237358109117041,237358111291916,0,0,0,237358191652483,0,0,0,0,0,0,0,"Metal command buffer completed"
generated_requested,1,3,0,0,2,194,193,194,237358109117041,237358111291916,0,0,0,237358174942537,0,0,0,0,0,0,0,"exact adjacent source pair submitted"
generated_ready,1,3,0,567,2,194,193,194,0,0,237358115486083,237358115436666,237358131963666,237358174942537,0,0,8417,0,0,0,0,"Metal status completed"
selected_source,1,3,0,567,1,193,0,0,237358075890708,237358077449125,0,237358115436666,237358131963666,237358165295666,0,0,8417,0,0,0,0,"next real endpoint in source order"
presentation_submitted,1,3,560,567,1,193,0,0,237358075890708,0,0,237358115436666,237358131963666,237358165295666,0,237358115828750,8417,0,4687395575583895091,4687395576151649670,4687395577296928469,"external CAMetalDisplayLink drawable via DXMT Presenter"
generated_selected,1,3,0,568,2,194,193,194,237358092503874,237358111291916,237358115486083,237358133658250,237358148629666,237358181961666,0,0,19666,0,0,0,0,"exact A/B pair ready before display deadline"
presentation_submitted,1,3,561,568,2,194,193,194,237358092503874,0,237358115486083,237358133658250,237358148629666,237358181961666,0,237358134667708,19666,0,4687395576210026866,4687395576724289070,4687395577869567869,"external CAMetalDisplayLink drawable via DXMT Presenter"
source_accepted,1,3,0,0,0,195,0,0,237358142596500,237358144750000,0,0,0,237358225091452,0,0,0,0,0,0,0,"owned history copy completed successfully"
history_copy_complete,1,3,0,0,0,195,0,0,237358142596500,237358144750000,0,0,0,237358225091452,0,0,0,0,0,0,0,"Metal command buffer completed"
generated_requested,1,3,0,0,2,195,194,195,237358142596500,237358144750000,0,0,0,237358208371967,0,0,0,0,0,0,0,"exact adjacent source pair submitted"
source_displayed,1,3,558,565,1,192,0,0,237358042067875,0,0,237358082120708,237358098631666,237358131963666,237358148657541,0,10792,0,4687395574439180342,4687395575006370871,4687395576151649670,"normalized presentedTime from Core Animation clock"
generated_ready,1,3,0,569,2,195,194,195,0,0,237358155813541,237358155624375,237358165295666,237358208371967,0,0,12041,0,0,0,0,"Metal status completed"
selected_source,1,3,0,569,1,194,0,0,237358109117041,237358111291916,0,237358155624375,237358165295666,237358198627666,0,0,12041,0,0,0,0,"next real endpoint in source order"
presentation_submitted,1,3,562,569,1,194,0,0,237358109117041,0,0,237358155624375,237358165295666,237358198627666,0,237358156434958,12041,0,4687395576964754256,4687395577296928469,4687395578442207269,"external CAMetalDisplayLink drawable via DXMT Presenter"
generated_selected,1,3,0,570,2,195,194,195,237358125856770,237358144750000,237358155813541,237358165546250,237358181961666,237358215293666,0,0,21625,0,0,0,0,"exact A/B pair ready before display deadline"
presentation_submitted,1,3,563,570,2,195,194,195,237358125856770,0,237358155813541,237358165546250,237358181961666,237358215293666,0,237358166383208,21625,0,4687395577305684465,4687395577869567869,4687395579014846668,"external CAMetalDisplayLink drawable via DXMT Presenter"
presentation_dropped,1,3,559,566,2,193,192,193,237358058979291,0,237358082161750,237358098802750,237358115297665,237358148629666,0,0,29041,0,4687395575012957908,4687395575579010270,4687395576724289070,"Metal drawable presentedTime=0; associated frame was dropped or not presented"
source_displayed,1,3,560,567,1,193,0,0,237358075890708,0,0,237358115436666,237358131963666,237358165295666,237358167249041,0,8417,0,4687395575583895091,4687395576151649670,4687395577296928469,"normalized presentedTime from Core Animation clock"
source_accepted,1,3,0,0,0,196,0,0,237358176779208,237358179519333,0,0,0,237358258673817,0,0,0,0,0,0,0,"owned history copy completed successfully"
history_copy_complete,1,3,0,0,0,196,0,0,237358176779208,237358179519333,0,0,0,237358258673817,0,0,0,0,0,0,0,"Metal command buffer completed"
generated_requested,1,3,0,0,2,196,195,196,237358176779208,237358179519333,0,0,0,237358241882634,0,0,0,0,0,0,0,"exact adjacent source pair submitted"
generated_ready,1,3,0,571,2,196,195,196,0,0,237358182406416,237358182237208,237358198627666,237358241882634,0,0,16375,0,0,0,0,"Metal status completed"
selected_source,1,3,0,571,1,195,0,0,237358142596500,237358144750000,0,237358182237208,237358198627666,237358231959666,0,0,16375,0,0,0,0,"next real endpoint in source order"
presentation_submitted,1,3,564,571,1,195,0,0,237358142596500,0,0,237358182237208,237358198627666,237358231959666,0,237358182958583,16375,0,4687395577879185744,4687395578442207269,4687395579587486068,"external CAMetalDisplayLink drawable via DXMT Presenter"
generated_displayed,1,3,561,568,2,194,193,194,237358092503874,0,237358115486083,237358133658250,237358148629666,237358181961666,237358175830041,0,19666,0,4687395576210026866,4687395576724289070,4687395577869567869,"normalized presentedTime from Core Animation clock"
source_displayed,1,3,562,569,1,194,0,0,237358109117041,0,0,237358155624375,237358165295666,237358198627666,237358185703583,0,12041,0,4687395576964754256,4687395577296928469,4687395578442207269,"normalized presentedTime from Core Animation clock"
generated_selected,1,3,0,572,2,196,195,196,237358159687854,237358179519333,237358182406416,237358198902041,237358215293666,237358248625666,0,0,21292,0,0,0,0,"exact A/B pair ready before display deadline"
presentation_submitted,1,3,565,572,2,196,195,196,237358159687854,0,237358182406416,237358198902041,237358215293666,237358248625666,0,237358199741416,21292,0,4687395578451796488,4687395579014846668,4687395580160125468,"external CAMetalDisplayLink drawable via DXMT Presenter"
generated_displayed,1,3,563,570,2,195,194,195,237358125856770,0,237358155813541,237358165546250,237358181961666,237358215293666,237358203624708,0,21625,0,4687395577305684465,4687395577869567869,4687395579014846668,"normalized presentedTime from Core Animation clock"
source_accepted,1,3,0,0,0,197,0,0,237358208858291,237358211589458,0,0,0,237358291025197,0,0,0,0,0,0,0,"owned history copy completed successfully"
history_copy_complete,1,3,0,0,0,197,0,0,237358208858291,237358211589458,0,0,0,237358291025197,0,0,0,0,0,0,0,"Metal command buffer completed"
generated_requested,1,3,0,0,2,197,196,197,237358208858291,237358211589458,0,0,0,237358274849507,0,0,0,0,0,0,0,"exact adjacent source pair submitted"
generated_ready,1,3,0,573,2,197,196,197,0,0,237358215734625,237358215626125,237358231959666,237358274849507,0,0,24666,0,0,0,0,"Metal status completed"
selected_source,1,3,0,573,1,196,0,0,237358176779208,237358179519333,0,237358215626125,237358231959666,237358265291666,0,0,24666,0,0,0,0,"next real endpoint in source order"
presentation_submitted,1,3,566,573,1,196,0,0,237358176779208,0,0,237358215626125,237358231959666,237358265291666,0,237358216587166,24666,0,4687395579026437342,4687395579587486068,4687395580732764867,"external CAMetalDisplayLink drawable via DXMT Presenter"
source_displayed,1,3,564,571,1,195,0,0,237358142596500,0,0,237358182237208,237358198627666,237358231959666,237358220052999,0,16375,0,4687395577879185744,4687395578442207269,4687395579587486068,"normalized presentedTime from Core Animation clock"
generated_selected,1,3,0,574,2,197,196,197,237358192818749,237358211589458,237358215734625,237358232059458,237358248625666,237358281957666,0,0,8542,0,0,0,0,"exact A/B pair ready before display deadline"
presentation_submitted,1,3,567,574,2,197,196,197,237358192818749,0,237358215734625,237358232059458,237358248625666,237358281957666,0,237358232345541,8542,0,4687395579591022269,4687395580160125468,4687395581305404267,"external CAMetalDisplayLink drawable via DXMT Presenter"
generated_displayed,1,3,565,572,2,196,195,196,237358159687854,0,237358182406416,237358198902041,237358215293666,237358248625666,237358236243666,0,21292,0,4687395578451796488,4687395579014846668,4687395580160125468,"normalized presentedTime from Core Animation clock"
source_accepted,1,3,0,0,0,198,0,0,237358243078833,237358244307208,0,0,0,237358325469814,0,0,0,0,0,0,0,"owned history copy completed successfully"
history_copy_complete,1,3,0,0,0,198,0,0,237358243078833,237358244307208,0,0,0,237358325469814,0,0,0,0,0,0,0,"Metal command buffer completed"
generated_requested,1,3,0,0,2,198,197,198,237358243078833,237358244307208,0,0,0,237358308247505,0,0,0,0,0,0,0,"exact adjacent source pair submitted"
generated_ready,1,3,0,575,2,198,197,198,0,0,237358248736750,237358248724500,237358265291666,237358308247505,0,0,2125,0,0,0,0,"Metal status completed"
selected_source,1,3,0,575,1,197,0,0,237358208858291,237358211589458,0,237358248724500,237358265291666,237358298623666,0,0,2125,0,0,0,0,"next real endpoint in source order"
presentation_submitted,1,3,568,575,1,197,0,0,237358208858291,0,0,237358248724500,237358265291666,237358298623666,0,237358248806708,2125,0,4687395580163610129,4687395580732764867,4687395581878043667,"external CAMetalDisplayLink drawable via DXMT Presenter"
source_displayed,1,3,566,573,1,196,0,0,237358176779208,0,0,237358215626125,237358231959666,237358265291666,237358253743291,0,24666,0,4687395579026437342,4687395579587486068,4687395580732764867,"normalized presentedTime from Core Animation clock"
generated_selected,1,3,0,576,2,198,197,198,237358225968562,237358244307208,237358248736750,237358265326375,237358281957666,237358315289666,0,0,1583,0,0,0,0,"exact A/B pair ready before display deadline"
presentation_submitted,1,3,569,576,2,198,197,198,237358225968562,0,237358248736750,237358265326375,237358281957666,237358315289666,0,237358265422166,1583,0,4687395580734046211,4687395581305404267,4687395582450683066,"external CAMetalDisplayLink drawable via DXMT Presenter"
generated_displayed,1,3,567,574,2,197,196,197,237358192818749,0,237358215734625,237358232059458,237358248625666,237358281957666,237358268212208,0,8542,0,4687395579591022269,4687395580160125468,4687395581305404267,"normalized presentedTime from Core Animation clock"
source_accepted,1,3,0,0,0,199,0,0,237358275732416,237358277069625,0,0,0,237358358328642,0,0,0,0,0,0,0,"owned history copy completed successfully"
history_copy_complete,1,3,0,0,0,199,0,0,237358275732416,237358277069625,0,0,0,237358358328642,0,0,0,0,0,0,0,"Metal command buffer completed"
generated_requested,1,3,0,0,2,199,198,199,237358275732416,237358277069625,0,0,0,237358341899228,0,0,0,0,0,0,0,"exact adjacent source pair submitted"
generated_ready,1,3,0,577,2,199,198,199,0,0,237358282153833,237358282108458,237358298623666,237358341899228,0,0,9333,0,0,0,0,"Metal status completed"
selected_source,1,3,0,577,1,198,0,0,237358243078833,237358244307208,0,237358282108458,237358298623666,237358331955666,0,0,9333,0,0,0,0,"next real endpoint in source order"
presentation_submitted,1,3,570,577,1,198,0,0,237358243078833,0,0,237358282108458,237358298623666,237358331955666,0,237358282421916,9333,0,4687395581310699962,4687395581878043667,4687395583023322466,"external CAMetalDisplayLink drawable via DXMT Presenter"
generated_selected,1,3,0,578,2,199,198,199,237358259405624,237358277069625,237358282153833,237358298759916,237358315289666,237358348621666,0,0,10625,0,0,0,0,"exact A/B pair ready before display deadline"
presentation_submitted,1,3,571,578,2,199,198,199,237358259405624,0,237358282153833,237358298759916,237358315289666,237358348621666,0,237358299150125,10625,0,4687395581882848292,4687395582450683066,4687395583595961866,"external CAMetalDisplayLink drawable via DXMT Presenter"
source_accepted,1,3,0,0,0,200,0,0,237358309210541,237358312467666,0,0,0,237358391945533,0,0,0,0,0,0,0,"owned history copy completed successfully"
history_copy_complete,1,3,0,0,0,200,0,0,237358309210541,237358312467666,0,0,0,237358391945533,0,0,0,0,0,0,0,"Metal command buffer completed"
generated_requested,1,3,0,0,2,200,199,200,237358309210541,237358312467666,0,0,0,237358375137087,0,0,0,0,0,0,0,"exact adjacent source pair submitted"
generated_ready,1,3,0,579,2,200,199,200,0,0,237358315799791,237358315535958,237358331955666,237358375137087,0,0,114833,0,0,0,0,"Metal status completed"
selected_source,1,3,0,579,1,199,0,0,237358275732416,237358277069625,0,237358315535958,237358331955666,237358365287666,0,0,114833,0,0,0,0,"next real endpoint in source order"
presentation_submitted,1,3,572,579,1,199,0,0,237358275732416,0,0,237358315535958,237358331955666,237358365287666,0,237358316333541,114833,0,4687395582459264411,4687395583023322466,4687395584168601265,"external CAMetalDisplayLink drawable via DXMT Presenter"
source_displayed,1,3,568,575,1,197,0,0,237358208858291,0,0,237358248724500,237358265291666,237358298623666,237358315322374,0,2125,0,4687395580163610129,4687395580732764867,4687395581878043667,"normalized presentedTime from Core Animation clock"
generated_selected,1,3,0,580,2,200,199,200,237358292471478,237358312467666,237358315799791,237358332258041,237358348621666,237358381953666,0,0,24417,0,0,0,0,"exact A/B pair ready before display deadline"
presentation_submitted,1,3,573,580,2,200,199,200,237358292471478,0,237358315799791,237358332258041,237358348621666,237358381953666,0,237358332996208,24417,0,4687395583033875200,4687395583595961865,4687395584741240665,"external CAMetalDisplayLink drawable via DXMT Presenter"
generated_displayed,1,3,569,576,2,198,197,198,237358225968562,0,237358248736750,237358265326375,237358281957666,237358315289666,237358331988833,0,1583,0,4687395580734046211,4687395581305404267,4687395582450683066,"normalized presentedTime from Core Animation clock"
source_accepted,1,3,0,0,0,201,0,0,237358342151666,237358344647916,0,0,0,237358424961690,0,0,0,0,0,0,0,"owned history copy completed successfully"
history_copy_complete,1,3,0,0,0,201,0,0,237358342151666,237358344647916,0,0,0,237358424961690,0,0,0,0,0,0,0,"Metal command buffer completed"
generated_requested,1,3,0,0,2,201,200,201,237358342151666,237358344647916,0,0,0,237358408453611,0,0,0,0,0,0,0,"exact adjacent source pair submitted"
generated_ready,1,3,0,581,2,201,200,201,0,0,237358348857416,237358348814083,237358365287666,237358408453611,0,0,12667,0,0,0,0,"Metal status completed"
selected_source,1,3,0,581,1,200,0,0,237358309210541,237358312467666,0,237358348814083,237358365287666,237358398619666,0,0,12667,0,0,0,0,"next real endpoint in source order"
presentation_submitted,1,3,574,581,1,200,0,0,237358309210541,0,0,237358348814083,237358365287666,237358398619666,0,237358349298291,12667,0,4687395583602699226,4687395584168601265,4687395585313880064,"external CAMetalDisplayLink drawable via DXMT Presenter"
source_displayed,1,3,570,577,1,198,0,0,237358243078833,0,0,237358282108458,237358298623666,237358331955666,237358348655374,0,9333,0,4687395581310699962,4687395581878043667,4687395583023322466,"normalized presentedTime from Core Animation clock"
generated_displayed,1,3,571,578,2,199,198,199,237358259405624,0,237358282153833,237358298759916,237358315289666,237358348621666,237358350632874,0,10625,0,4687395581882848292,4687395582450683066,4687395583595961866,"normalized presentedTime from Core Animation clock"
source_displayed,1,3,572,579,1,199,0,0,237358275732416,0,0,237358315535958,237358331955666,237358365287666,237358358566041,0,114833,0,4687395582459264411,4687395583023322466,4687395584168601265,"normalized presentedTime from Core Animation clock"
generated_selected,1,3,0,582,2,201,200,201,237358325681103,237358344647916,237358348857416,237358365484250,237358381953666,237358415285666,0,0,15125,0,0,0,0,"exact A/B pair ready before display deadline"
presentation_submitted,1,3,575,582,2,201,200,201,237358325681103,0,237358348857416,237358365484250,237358381953666,237358415285666,0,237358366217541,15125,0,4687395584175521901,4687395584741240665,4687395585886519464,"external CAMetalDisplayLink drawable via DXMT Presenter"
generated_displayed,1,3,573,580,2,200,199,200,237358292471478,0,237358315799791,237358332258041,237358348621666,237358381953666,237358369014499,0,24417,0,4687395583033875200,4687395583595961865,4687395584741240665,"normalized presentedTime from Core Animation clock"
source_accepted,1,3,0,0,0,202,0,0,237358375431250,237358377002958,0,0,0,237358458317836,0,0,0,0,0,0,0,"owned history copy completed successfully"
history_copy_complete,1,3,0,0,0,202,0,0,237358375431250,237358377002958,0,0,0,237358458317836,0,0,0,0,0,0,0,"Metal command buffer completed"
generated_requested,1,3,0,0,2,202,201,202,237358375431250,237358377002958,0,0,0,237358441639763,0,0,0,0,0,0,0,"exact adjacent source pair submitted"
generated_ready,1,3,0,583,2,202,201,202,0,0,237358382105541,237358382075833,237358398619666,237358441639763,0,0,6792,0,0,0,0,"Metal status completed"
selected_source,1,3,0,583,1,201,0,0,237358342151666,237358344647916,0,237358382075833,237358398619666,237358431951666,0,0,6792,0,0,0,0,"next real endpoint in source order"
presentation_submitted,1,3,576,583,1,201,0,0,237358342151666,0,0,237358382075833,237358398619666,237358431951666,0,237358382347041,6792,0,4687395584745544222,4687395585313880064,4687395586459158864,"external CAMetalDisplayLink drawable via DXMT Presenter"
source_displayed,1,3,574,581,1,200,0,0,237358309210541,0,0,237358348814083,237358365287666,237358398619666,237358385086416,0,12667,0,4687395583602699226,4687395584168601265,4687395585313880064,"normalized presentedTime from Core Animation clock"
generated_selected,1,3,0,584,2,202,201,202,237358358791458,237358377002958,237358382105541,237358398752583,237358415285666,237358448617666,0,0,13083,0,0,0,0,"exact A/B pair ready before display deadline"
presentation_submitted,1,3,577,584,2,202,201,202,237358358791458,0,237358382105541,237358398752583,237358415285666,237358448617666,0,237358399088958,13083,0,4687395585318563022,4687395585886519464,4687395587031798263,"external CAMetalDisplayLink drawable via DXMT Presenter"
generated_displayed,1,3,575,582,2,201,200,201,237358325681103,0,237358348857416,237358365484250,237358381953666,237358415285666,237358401458708,0,15125,0,4687395584175521901,4687395584741240665,4687395585886519464,"normalized presentedTime from Core Animation clock"
source_accepted,1,3,0,0,0,203,0,0,237358409092833,237358410708708,0,0,0,237358492053679,0,0,0,0,0,0,0,"owned history copy completed successfully"
history_copy_complete,1,3,0,0,0,203,0,0,237358409092833,237358410708708,0,0,0,237358492053679,0,0,0,0,0,0,0,"Metal command buffer completed"
generated_requested,1,3,0,0,2,203,202,203,237358409092833,237358410708708,0,0,0,237358475185757,0,0,0,0,0,0,0,"exact adjacent source pair submitted"
generated_ready,1,3,0,585,2,203,202,203,0,0,237358415431166,237358415406916,237358431951666,237358475185757,0,0,6792,0,0,0,0,"Metal status completed"
selected_source,1,3,0,585,1,202,0,0,237358375431250,237358377002958,0,237358415406916,237358431951666,237358465283666,0,0,6792,0,0,0,0,"next real endpoint in source order"
presentation_submitted,1,3,578,585,1,202,0,0,237358375431250,0,0,237358415406916,237358431951666,237358465283666,0,237358415652083,6792,0,4687395585890790105,4687395586459158864,4687395587604437663,"external CAMetalDisplayLink drawable via DXMT Presenter"
source_displayed,1,3,576,583,1,201,0,0,237358342151666,0,0,237358382075833,237358398619666,237358431951666,237358417919499,0,6792,0,4687395584745544222,4687395585313880064,4687395586459158864,"normalized presentedTime from Core Animation clock"
generated_selected,1,3,0,586,2,203,202,203,237358392262041,237358410708708,237358415431166,237358432116458,237358448617666,237358481949666,0,0,12417,0,0,0,0,"exact A/B pair ready before display deadline"
presentation_submitted,1,3,579,586,2,203,202,203,237358392262041,0,237358415431166,237358432116458,237358448617666,237358481949666,0,237358432526208,12417,0,4687395586464951331,4687395587031798263,4687395588177077063,"external CAMetalDisplayLink drawable via DXMT Presenter"
generated_displayed,1,3,577,584,2,202,201,202,237358358791458,0,237358382105541,237358398752583,237358415285666,237358448617666,237358434986999,0,13083,0,4687395585318563022,4687395585886519464,4687395587031798263,"normalized presentedTime from Core Animation clock"
source_accepted,1,3,0,0,0,204,0,0,237358442110750,237358443836541,0,0,0,237358525124567,0,0,0,0,0,0,0,"owned history copy completed successfully"
history_copy_complete,1,3,0,0,0,204,0,0,237358442110750,237358443836541,0,0,0,237358525124567,0,0,0,0,0,0,0,"Metal command buffer completed"
generated_requested,1,3,0,0,2,204,203,204,237358442110750,237358443836541,0,0,0,237358508589123,0,0,0,0,0,0,0,"exact adjacent source pair submitted"
generated_ready,1,3,0,587,2,204,203,204,0,0,237358448785125,237358448755291,237358465283666,237358508589123,0,0,7500,0,0,0,0,"Metal status completed"
selected_source,1,3,0,587,1,203,0,0,237358409092833,237358410708708,0,237358448755291,237358465283666,237358498615666,0,0,7500,0,0,0,0,"next real endpoint in source order"
presentation_submitted,1,3,580,587,1,203,0,0,237358409092833,0,0,237358448755291,237358465283666,237358498615666,0,237358449042166,7500,0,4687395587036642986,4687395587604437663,4687395588749716462,"external CAMetalDisplayLink drawable via DXMT Presenter"
generated_selected,1,3,0,588,2,204,203,204,237358425601791,237358443836541,237358448785125,237358465498333,237358481949666,237358515281666,0,0,18292,0,0,0,0,"exact A/B pair ready before display deadline"
presentation_submitted,1,3,581,588,2,204,203,204,237358425601791,0,237358448785125,237358465498333,237358481949666,237358515281666,0,237358466231541,18292,0,4687395587611958151,4687395588177077063,4687395589322355862,"external CAMetalDisplayLink drawable via DXMT Presenter"
source_displayed,1,3,578,585,1,202,0,0,237358375431250,0,0,237358415406916,237358431951666,237358465283666,237358465320708,0,6792,0,4687395585890790105,4687395586459158864,4687395587604437663,"normalized presentedTime from Core Animation clock"
source_accepted,1,3,0,0,0,205,0,0,237358475804750,237358478375291,0,0,0,237358558851098,0,0,0,0,0,0,0,"owned history copy completed successfully"
history_copy_complete,1,3,0,0,0,205,0,0,237358475804750,237358478375291,0,0,0,237358558851098,0,0,0,0,0,0,0,"Metal command buffer completed"
generated_requested,1,3,0,0,2,205,204,205,237358475804750,237358478375291,0,0,0,237358541987832,0,0,0,0,0,0,0,"exact adjacent source pair submitted"
generated_ready,1,3,0,589,2,205,204,205,0,0,237358482144791,237358482107541,237358498615666,237358541987832,0,0,11750,0,0,0,0,"Metal status completed"
selected_source,1,3,0,589,1,204,0,0,237358442110750,237358443836541,0,237358482107541,237358498615666,237358531947666,0,0,11750,0,0,0,0,"next real endpoint in source order"
presentation_submitted,1,3,582,589,1,204,0,0,237358442110750,0,0,237358482107541,237358498615666,237358531947666,0,237358482473125,11750,0,4687395588182614719,4687395588749716462,4687395589894995262,"external CAMetalDisplayLink drawable via DXMT Presenter"
generated_selected,1,3,0,590,2,205,204,205,237358458957750,237358478375291,237358482144791,237358498867958,237358515281666,237358548613666,0,0,15917,0,0,0,0,"exact A/B pair ready before display deadline"
presentation_submitted,1,3,583,590,2,205,204,205,237358458957750,0,237358482144791,237358498867958,237358515281666,237358548613666,0,237358499420791,15917,0,4687395588758518293,4687395589322355862,4687395590467634661,"external CAMetalDisplayLink drawable via DXMT Presenter"
generated_displayed,1,3,579,586,2,203,202,203,237358392262041,0,237358415431166,237358432116458,237358448617666,237358481949666,237358498653666,0,12417,0,4687395586464951331,4687395587031798263,4687395588177077063,"normalized presentedTime from Core Animation clock"
source_accepted,1,3,0,0,0,206,0,0,237358509108875,237358511121458,0,0,0,237358592173211,0,0,0,0,0,0,0,"owned history copy completed successfully"
history_copy_complete,1,3,0,0,0,206,0,0,237358509108875,237358511121458,0,0,0,237358592173211,0,0,0,0,0,0,0,"Metal command buffer completed"
generated_requested,1,3,0,0,2,206,205,206,237358509108875,237358511121458,0,0,0,237358575512154,0,0,0,0,0,0,0,"exact adjacent source pair submitted"
generated_ready,1,3,0,591,2,206,205,206,0,0,237358515455291,237358515419291,237358531947665,237358575512154,0,0,8584,0,0,0,0,"Metal status completed"
selected_source,1,3,0,591,1,205,0,0,237358475804750,237358478375291,0,237358515419291,237358531947665,237358565279666,0,0,8584,0,0,0,0,"next real endpoint in source order"
presentation_submitted,1,3,584,591,1,205,0,0,237358475804750,0,0,237358515419291,237358531947665,237358565279666,0,237358515795041,8584,0,4687395589327196290,4687395589894995261,4687395591040274061,"external CAMetalDisplayLink drawable via DXMT Presenter"
source_displayed,1,3,580,587,1,203,0,0,237358409092833,0,0,237358448755291,237358465283666,237358498615666,237358515320124,0,7500,0,4687395587036642986,4687395587604437663,4687395588749716462,"normalized presentedTime from Core Animation clock"
generated_displayed,1,3,581,588,2,204,203,204,237358425601791,0,237358448785125,237358465498333,237358481949666,237358515281666,237358517114624,0,18292,0,4687395587611958151,4687395588177077063,4687395589322355862,"normalized presentedTime from Core Animation clock"
source_displayed,1,3,582,589,1,204,0,0,237358442110750,0,0,237358482107541,237358498615666,237358531947666,237358524498708,0,11750,0,4687395588182614719,4687395588749716462,4687395589894995262,"normalized presentedTime from Core Animation clock"
generated_selected,1,3,0,592,2,206,205,206,237358492456812,237358511121458,237358515455291,237358532098958,237358548613666,237358581945666,0,0,13167,0,0,0,0,"exact A/B pair ready before display deadline"
presentation_submitted,1,3,585,592,2,206,205,206,237358492456812,0,237358515455291,237358532098958,237358548613666,237358581945666,0,237358532902416,13167,0,4687395589900352529,4687395590467634661,4687395591612913460,"external CAMetalDisplayLink drawable via DXMT Presenter"
generated_displayed,1,3,583,590,2,205,204,205,237358458957750,0,237358482144791,237358498867958,237358515281666,237358548613666,237358537075874,0,15917,0,4687395588758518293,4687395589322355862,4687395590467634661,"normalized presentedTime from Core Animation clock"
source_accepted,1,3,0,0,0,207,0,0,237358543256416,237358545569583,0,0,0,237358626349364,0,0,0,0,0,0,0,"owned history copy completed successfully"
history_copy_complete,1,3,0,0,0,207,0,0,237358543256416,237358545569583,0,0,0,237358626349364,0,0,0,0,0,0,0,"Metal command buffer completed"
generated_requested,1,3,0,0,2,207,206,207,237358543256416,237358545569583,0,0,0,237358609261287,0,0,0,0,0,0,0,"exact adjacent source pair submitted"
generated_ready,1,3,0,593,2,207,206,207,0,0,237358548861375,237358548799875,237358565279666,237358609261287,0,0,9541,0,0,0,0,"Metal status completed"
selected_source,1,3,0,593,1,206,0,0,237358509108875,237358511121458,0,237358548799875,237358565279666,237358598611666,0,0,9541,0,0,0,0,"next real endpoint in source order"
presentation_submitted,1,3,586,593,1,206,0,0,237358509108875,0,0,237358548799875,237358565279666,237358598611666,0,237358549241166,9541,0,4687395590474155865,4687395591040274061,4687395592185552860,"external CAMetalDisplayLink drawable via DXMT Presenter"
source_displayed,1,3,584,591,1,205,0,0,237358475804750,0,0,237358515419291,237358531947665,237358565279666,237358554115833,0,8584,0,4687395589327196290,4687395589894995261,4687395591040274061,"normalized presentedTime from Core Animation clock"
generated_selected,1,3,0,594,2,207,206,207,237358526182645,237358545569583,237358548861375,237358565509083,237358581945666,237358615277666,0,0,16958,0,0,0,0,"exact A/B pair ready before display deadline"
presentation_submitted,1,3,587,594,2,207,206,207,237358526182645,0,237358548861375,237358565509083,237358581945666,237358615277666,0,237358566006791,16958,0,4687395591048289913,4687395591612913460,4687395592758192260,"external CAMetalDisplayLink drawable via DXMT Presenter"
source_accepted,1,3,0,0,0,208,0,0,237358575488750,237358578036666,0,0,0,237358658588525,0,0,0,0,0,0,0,"owned history copy completed successfully"
history_copy_complete,1,3,0,0,0,208,0,0,237358575488750,237358578036666,0,0,0,237358658588525,0,0,0,0,0,0,0,"Metal command buffer completed"
generated_requested,1,3,0,0,2,208,207,208,237358575488750,237358578036666,0,0,0,237358642468944,0,0,0,0,0,0,0,"exact adjacent source pair submitted"
generated_ready,1,3,0,595,2,208,207,208,0,0,237358584019750,237358583951708,237358598611666,237358642468944,0,0,15292,0,0,0,0,"Metal status completed"
selected_source,1,3,0,595,1,207,0,0,237358543256416,237358545569583,0,237358583951708,237358598611666,237358631943666,0,0,15292,0,0,0,0,"next real endpoint in source order"
presentation_submitted,1,3,588,595,1,207,0,0,237358543256416,0,0,237358583951708,237358598611666,237358631943666,0,237358584510833,15292,0,4687395591681962207,4687395592185552860,4687395593330831659,"external CAMetalDisplayLink drawable via DXMT Presenter"
presentation_dropped,1,3,585,592,2,206,205,206,237358492456812,0,237358515455291,237358532098958,237358548613666,237358581945666,0,0,13167,0,4687395589900352529,4687395590467634661,4687395591612913460,"Metal drawable presentedTime=0; associated frame was dropped or not presented"
source_displayed,1,3,586,593,1,206,0,0,237358509108875,0,0,237358548799875,237358565279666,237358598611666,237358587281916,0,9541,0,4687395590474155865,4687395591040274061,4687395592185552860,"normalized presentedTime from Core Animation clock"
generated_selected,1,3,0,596,2,208,207,208,237358559372583,237358578036666,237358584019750,237358598998750,237358615277666,237358648609666,0,0,24166,0,0,0,0,"exact A/B pair ready before display deadline"
presentation_submitted,1,3,589,596,2,208,207,208,237358559372583,0,237358584019750,237358598998750,237358615277666,237358648609666,0,237358600186416,24166,0,4687395592199011844,4687395592758192260,4687395593903471059,"external CAMetalDisplayLink drawable via DXMT Presenter"
generated_displayed,1,3,587,594,2,207,206,207,237358526182645,0,237358548861375,237358565509083,237358581945666,237358615277666,237358603584374,0,16958,0,4687395591048289913,4687395591612913460,4687395592758192260,"normalized presentedTime from Core Animation clock"
source_accepted,1,3,0,0,0,209,0,0,237358609486916,237358612970458,0,0,0,237358692373165,0,0,0,0,0,0,0,"owned history copy completed successfully"
history_copy_complete,1,3,0,0,0,209,0,0,237358609486916,237358612970458,0,0,0,237358692373165,0,0,0,0,0,0,0,"Metal command buffer completed"
generated_requested,1,3,0,0,2,209,208,209,237358609486916,237358612970458,0,0,0,237358675480845,0,0,0,0,0,0,0,"exact adjacent source pair submitted"
generated_ready,1,3,0,597,2,209,208,209,0,0,237358615489625,237358615419500,237358631943666,237358675480845,0,0,10208,0,0,0,0,"Metal status completed"
selected_source,1,3,0,597,1,208,0,0,237358575488750,237358578036666,0,237358615419500,237358631943666,237358665275666,0,0,10208,0,0,0,0,"next real endpoint in source order"
presentation_submitted,1,3,590,597,1,208,0,0,237358575488750,0,0,237358615419500,237358631943666,237358665275666,0,237358615881375,10208,0,4687395592763184455,4687395593330831659,4687395594476110459,"external CAMetalDisplayLink drawable via DXMT Presenter"
source_displayed,1,3,588,595,1,207,0,0,237358543256416,0,0,237358583951708,237358598611666,237358631943666,237358620453333,0,15292,0,4687395591681962207,4687395592185552860,4687395593330831659,"normalized presentedTime from Core Animation clock"
generated_selected,1,3,0,598,2,209,208,209,237358592487833,237358612970458,237358615489625,237358632101666,237358648609666,237358681941666,0,0,11542,0,0,0,0,"exact A/B pair ready before display deadline"
presentation_submitted,1,3,591,598,2,209,208,209,237358592487833,0,237358615489625,237358632101666,237358648609666,237358681941666,0,237358632633500,11542,0,4687395593336387904,4687395593903471059,4687395595048749858,"external CAMetalDisplayLink drawable via DXMT Presenter"
generated_displayed,1,3,589,596,2,208,207,208,237358559372583,0,237358584019750,237358598998750,237358615277666,237358648609666,237358635521833,0,24166,0,4687395592199011844,4687395592758192260,4687395593903471059,"normalized presentedTime from Core Animation clock"
source_accepted,1,3,0,0,0,210,0,0,237358642098708,237358643750333,0,0,0,237358725054010,0,0,0,0,0,0,0,"owned history copy completed successfully"
history_copy_complete,1,3,0,0,0,210,0,0,237358642098708,237358643750333,0,0,0,237358725054010,0,0,0,0,0,0,0,"Metal command buffer completed"
generated_requested,1,3,0,0,2,210,209,210,237358642098708,237358643750333,0,0,0,237358708713587,0,0,0,0,0,0,0,"exact adjacent source pair submitted"
generated_ready,1,3,0,599,2,210,209,210,0,0,237358648778333,237358648743208,237358665275666,237358708713587,0,0,8708,0,0,0,0,"Metal status completed"
selected_source,1,3,0,599,1,209,0,0,237358609486916,237358612970458,0,237358648743208,237358665275666,237358698607666,0,0,8708,0,0,0,0,"next real endpoint in source order"
presentation_submitted,1,3,592,599,1,209,0,0,237358609486916,0,0,237358648743208,237358665275666,237358698607666,0,237358649079791,8708,0,4687395593908164015,4687395594476110459,4687395595621389258,"external CAMetalDisplayLink drawable via DXMT Presenter"
source_displayed,1,3,590,597,1,208,0,0,237358575488750,0,0,237358615419500,237358631943666,237358665275666,237358651829791,0,10208,0,4687395592763184455,4687395593330831659,4687395594476110459,"normalized presentedTime from Core Animation clock"
generated_selected,1,3,0,600,2,210,209,210,237358625792812,237358643750333,237358648778333,237358665469958,237358681941666,237358715273666,0,0,15667,0,0,0,0,"exact A/B pair ready before display deadline"
presentation_submitted,1,3,593,600,2,210,209,210,237358625792812,0,237358648778333,237358665469958,237358681941666,237358715273666,0,237358666034958,15667,0,4687395594482920834,4687395595048749858,4687395596194028658,"external CAMetalDisplayLink drawable via DXMT Presenter"
source_accepted,1,3,0,0,0,211,0,0,237358675760333,237358677676250,0,0,0,237358758764874,0,0,0,0,0,0,0,"owned history copy completed successfully"
history_copy_complete,1,3,0,0,0,211,0,0,237358675760333,237358677676250,0,0,0,237358758764874,0,0,0,0,0,0,0,"Metal command buffer completed"
generated_requested,1,3,0,0,2,211,210,211,237358675760333,237358677676250,0,0,0,237358741909442,0,0,0,0,0,0,0,"exact adjacent source pair submitted"
generated_ready,1,3,0,601,2,211,210,211,0,0,237358682222541,237358682130375,237358698607666,237358741909442,0,0,11500,0,0,0,0,"Metal status completed"
selected_source,1,3,0,601,1,210,0,0,237358642098708,237358643750333,0,237358682130375,237358698607666,237358731939666,0,0,11500,0,0,0,0,"next real endpoint in source order"
presentation_submitted,1,3,594,601,1,210,0,0,237358642098708,0,0,237358682130375,237358698607666,237358731939666,0,237358682535500,11500,0,4687395595055345485,4687395595621389258,4687395596766668057,"external CAMetalDisplayLink drawable via DXMT Presenter"
generated_displayed,1,3,591,598,2,209,208,209,237358592487833,0,237358615489625,237358632101666,237358648609666,237358681941666,237358681984916,0,11542,0,4687395593336387904,4687395593903471059,4687395595048749858,"normalized presentedTime from Core Animation clock"
generated_selected,1,3,0,602,2,211,210,211,237358658929520,237358677676250,237358682222541,237358698782708,237358715273666,237358748605666,0,0,15833,0,0,0,0,"exact A/B pair ready before display deadline"
presentation_submitted,1,3,595,602,2,211,210,211,237358658929520,0,237358682222541,237358698782708,237358715273666,237358748605666,0,237358700173958,15833,0,4687395595627538208,4687395596194028658,4687395597339307457,"external CAMetalDisplayLink drawable via DXMT Presenter"
selected_source,1,3,0,603,1,211,0,0,237358675760333,237358677676250,0,237358715363000,237358731939666,237358765271666,0,0,7375,0,0,0,0,"next real endpoint in source order"
presentation_submitted,1,3,596,603,1,211,0,0,237358675760333,0,0,237358715363000,237358731939666,237358765271666,0,237358715536791,7375,0,4687395596197201195,4687395596766668057,4687395597911946857,"external CAMetalDisplayLink drawable via DXMT Presenter"
source_accepted,1,3,0,0,0,212,0,0,237358714313916,237358715857375,0,0,0,237358797352528,0,0,0,0,0,0,0,"owned history copy completed successfully"
history_copy_complete,1,3,0,0,0,212,0,0,237358714313916,237358715857375,0,0,0,237358797352528,0,0,0,0,0,0,0,"Metal command buffer completed"
generated_requested,1,3,0,0,2,212,211,212,237358714313916,237358715857375,0,0,0,237358778058701,0,0,0,0,0,0,0,"exact adjacent source pair submitted"
source_displayed,1,3,592,599,1,209,0,0,237358609486916,0,0,237358648743208,237358665275666,237358698607666,237358715317916,0,8708,0,4687395593908164015,4687395594476110459,4687395595621389258,"normalized presentedTime from Core Animation clock"
generated_displayed,1,3,593,600,2,210,209,210,237358625792812,0,237358648778333,237358665469958,237358681941666,237358715273666,237358716873458,0,15667,0,4687395594482920834,4687395595048749858,4687395596194028658,"normalized presentedTime from Core Animation clock"
source_displayed,1,3,594,601,1,210,0,0,237358642098708,0,0,237358682130375,237358698607666,237358731939666,237358723600208,0,11500,0,4687395595055345485,4687395595621389258,4687395596766668057,"normalized presentedTime from Core Animation clock"
generated_ready,1,3,0,604,2,212,211,212,0,0,237358732009250,237358731990833,237358748605666,237358778058701,0,0,2417,0,0,0,0,"Metal status completed"
generated_selected,1,3,0,604,2,212,211,212,237358695037124,237358715857375,237358732009250,237358731990833,237358748605666,237358781937666,0,0,2417,0,0,0,0,"exact A/B pair ready before display deadline"
presentation_submitted,1,3,597,604,2,212,211,212,237358695037124,0,237358732009250,237358731990833,237358748605666,237358781937666,0,237358732170750,2417,0,4687395596768524926,4687395597339307457,4687395598484586256,"external CAMetalDisplayLink drawable via DXMT Presenter"
generated_displayed,1,3,595,602,2,211,210,211,237358658929520,0,237358682222541,237358698782708,237358715273666,237358748605666,237358736688541,0,15833,0,4687395595627538208,4687395596194028658,4687395597339307457,"normalized presentedTime from Core Animation clock"
source_accepted,1,3,0,0,0,213,0,0,237358742890208,237358743706708,0,0,0,237358825981259,0,0,0,0,0,0,0,"owned history copy completed successfully"
history_copy_complete,1,3,0,0,0,213,0,0,237358742890208,237358743706708,0,0,0,237358825981259,0,0,0,0,0,0,0,"Metal command buffer completed"
generated_requested,1,3,0,0,2,213,212,213,237358742890208,237358743706708,0,0,0,237358811666893,0,0,0,0,0,0,0,"exact adjacent source pair submitted"
generated_ready,1,3,0,605,2,213,212,213,0,0,237358748666583,237358748656458,237358765271665,237358811666893,0,0,1250,0,0,0,0,"Metal status completed"
selected_source,1,3,0,605,1,212,0,0,237358714313916,237358715857375,0,237358748656458,237358765271665,237358798603666,0,0,1250,0,0,0,0,"next real endpoint in source order"
presentation_submitted,1,3,598,605,1,212,0,0,237358714313916,0,0,237358748656458,237358765271665,237358798603666,0,237358748726541,1250,0,4687395597341141408,4687395597911946856,4687395599057225656,"external CAMetalDisplayLink drawable via DXMT Presenter"
source_displayed,1,3,596,603,1,211,0,0,237358675760333,0,0,237358715363000,237358731939666,237358765271666,237358752212208,0,7375,0,4687395596197201195,4687395596766668057,4687395597911946857,"normalized presentedTime from Core Animation clock"
generated_selected,1,3,0,606,2,213,212,213,237358728602062,237358743706708,237358748666583,237358765370041,237358781937666,237358815269666,0,0,7250,0,0,0,0,"exact A/B pair ready before display deadline"
presentation_submitted,1,3,599,606,2,213,212,213,237358728602062,0,237358748666583,237358765370041,237358781937666,237358815269666,0,237358765704250,7250,0,4687395597915435813,4687395598484586256,4687395599629865055,"external CAMetalDisplayLink drawable via DXMT Presenter"
generated_displayed,1,3,597,604,2,212,211,212,237358695037124,0,237358732009250,237358731990833,237358748605666,237358781937666,237358768193666,0,2417,0,4687395596768524926,4687395597339307457,4687395598484586256,"normalized presentedTime from Core Animation clock"
source_accepted,1,3,0,0,0,214,0,0,237358776145291,237358778027833,0,0,0,237358859274805,0,0,0,0,0,0,0,"owned history copy completed successfully"
history_copy_complete,1,3,0,0,0,214,0,0,237358776145291,237358778027833,0,0,0,237358859274805,0,0,0,0,0,0,0,"Metal command buffer completed"
generated_requested,1,3,0,0,2,214,213,214,237358776145291,237358778027833,0,0,0,237358842628032,0,0,0,0,0,0,0,"exact adjacent source pair submitted"
generated_ready,1,3,0,607,2,214,213,214,0,0,237358782174916,237358782119916,237358798603666,237358842628032,0,0,12125,0,0,0,0,"Metal status completed"
selected_source,1,3,0,607,1,213,0,0,237358742890208,237358743706708,0,237358782119916,237358798603666,237358831935666,0,0,12125,0,0,0,0,"next real endpoint in source order"
presentation_submitted,1,3,600,607,1,213,0,0,237358742890208,0,0,237358782119916,237358798603666,237358831935666,0,237358782540916,12125,0,4687395598490965726,4687395599057225656,4687395600202504455,"external CAMetalDisplayLink drawable via DXMT Presenter"
source_displayed,1,3,598,605,1,212,0,0,237358714313916,0,0,237358748656458,237358765271665,237358798603666,237358786250249,0,1250,0,4687395597341141408,4687395597911946856,4687395599057225656,"normalized presentedTime from Core Animation clock"
generated_selected,1,3,0,608,2,214,213,214,237358759517749,237358778027833,237358782174916,237358798876250,237358815269666,237358848601666,0,0,20541,0,0,0,0,"exact A/B pair ready before display deadline"
presentation_submitted,1,3,601,608,2,214,213,214,237358759517749,0,237358782174916,237358798876250,237358815269666,237358848601666,0,237358799853250,20541,0,4687395599066760483,4687395599629865055,4687395600775143855,"external CAMetalDisplayLink drawable via DXMT Presenter"
generated_displayed,1,3,599,606,2,213,212,213,237358728602062,0,237358748666583,237358765370041,237358781937666,237358815269666,237358803812083,0,7250,0,4687395597915435813,4687395598484586256,4687395599629865055,"normalized presentedTime from Core Animation clock"
source_accepted,1,3,0,0,0,215,0,0,237358810600666,237358812137583,0,0,0,237358893723474,0,0,0,0,0,0,0,"owned history copy completed successfully"
history_copy_complete,1,3,0,0,0,215,0,0,237358810600666,237358812137583,0,0,0,237358893723474,0,0,0,0,0,0,0,"Metal command buffer completed"
generated_requested,1,3,0,0,2,215,214,215,237358810600666,237358812137583,0,0,0,237358876499139,0,0,0,0,0,0,0,"exact adjacent source pair submitted"
generated_ready,1,3,0,609,2,215,214,215,0,0,237358815405625,237358815381708,237358831935666,237358876499139,0,0,7125,0,0,0,0,"Metal status completed"
selected_source,1,3,0,609,1,214,0,0,237358776145291,237358778027833,0,237358815381708,237358831935666,237358865267666,0,0,7125,0,0,0,0,"next real endpoint in source order"
presentation_submitted,1,3,602,609,1,214,0,0,237358776145291,0,0,237358815381708,237358831935666,237358865267666,0,237358815616416,7125,0,4687395599633826458,4687395600202504455,4687395601347783254,"external CAMetalDisplayLink drawable via DXMT Presenter"
source_displayed,1,3,600,607,1,213,0,0,237358742890208,0,0,237358782119916,237358798603666,237358831935666,237358817936083,0,12125,0,4687395598490965726,4687395599057225656,4687395600202504455,"normalized presentedTime from Core Animation clock"
generated_selected,1,3,0,610,2,215,214,215,237358793372978,237358812137583,237358815405625,237358832083666,237358848601666,237358881933666,0,0,11042,0,0,0,0,"exact A/B pair ready before display deadline"
presentation_submitted,1,3,603,610,2,215,214,215,237358793372978,0,237358815405625,237358832083666,237358848601666,237358881933666,0,237358832578041,11042,0,4687395600207717102,4687395600775143855,4687395601920422654,"external CAMetalDisplayLink drawable via DXMT Presenter"
source_accepted,1,3,0,0,0,216,0,0,237358842210750,237358843997291,0,0,0,237358925351676,0,0,0,0,0,0,0,"owned history copy completed successfully"
history_copy_complete,1,3,0,0,0,216,0,0,237358842210750,237358843997291,0,0,0,237358925351676,0,0,0,0,0,0,0,"Metal command buffer completed"
generated_requested,1,3,0,0,2,216,215,216,237358842210750,237358843997291,0,0,0,237358909537575,0,0,0,0,0,0,0,"exact adjacent source pair submitted"
generated_ready,1,3,0,611,2,216,215,216,0,0,237358848853541,237358848802166,237358865267666,237358909537575,0,0,11334,0,0,0,0,"Metal status completed"
selected_source,1,3,0,611,1,215,0,0,237358810600666,237358812137583,0,237358848802166,237358865267666,237358898599666,0,0,11334,0,0,0,0,"next real endpoint in source order"
presentation_submitted,1,3,604,611,1,215,0,0,237358810600666,0,0,237358848802166,237358865267666,237358898599666,0,237358849267958,11334,0,4687395600782146094,4687395601347783254,4687395602493062054,"external CAMetalDisplayLink drawable via DXMT Presenter"
generated_selected,1,3,0,612,2,216,215,216,237358826405708,237358843997291,237358848853541,237358866511875,237358881933666,237358915265666,0,0,7291,0,0,0,0,"exact A/B pair ready before display deadline"
presentation_submitted,1,3,605,612,2,216,215,216,237358826405708,0,237358848853541,237358866511875,237358881933666,237358915265666,0,237358866790416,7291,0,4687395601390636995,4687395601920422654,4687395603065701453,"external CAMetalDisplayLink drawable via DXMT Presenter"
generated_displayed,1,3,601,608,2,214,213,214,237358759517749,0,237358782174916,237358798876250,237358815269666,237358848601666,237358865316249,0,20541,0,4687395599066760483,4687395599629865055,4687395600775143855,"normalized presentedTime from Core Animation clock"
source_accepted,1,3,0,0,0,217,0,0,237358875413125,237358876170666,0,0,0,237358958421221,0,0,0,0,0,0,0,"owned history copy completed successfully"
history_copy_complete,1,3,0,0,0,217,0,0,237358875413125,237358876170666,0,0,0,237358958421221,0,0,0,0,0,0,0,"Metal command buffer completed"
generated_requested,1,3,0,0,2,217,216,217,237358875413125,237358876170666,0,0,0,237358941886448,0,0,0,0,0,0,0,"exact adjacent source pair submitted"
generated_ready,1,3,0,613,2,217,216,217,0,0,237358882018791,237358882002333,237358898599666,237358941886448,0,0,4125,0,0,0,0,"Metal status completed"
selected_source,1,3,0,613,1,216,0,0,237358842210750,237358843997291,0,237358882002333,237358898599666,237358931931666,0,0,4125,0,0,0,0,"next real endpoint in source order"
presentation_submitted,1,3,606,613,1,216,0,0,237358842210750,0,0,237358882002333,237358898599666,237358931931666,0,237358882106833,4125,0,4687395601922887965,4687395602493062054,4687395603638340853,"external CAMetalDisplayLink drawable via DXMT Presenter"
source_displayed,1,3,602,609,1,214,0,0,237358776145291,0,0,237358815381708,237358831935666,237358865267666,237358881982749,0,7125,0,4687395599633826458,4687395600202504455,4687395601347783254,"normalized presentedTime from Core Animation clock"
generated_selected,1,3,0,614,2,217,216,217,237358858811937,237358876170666,237358882018791,237358898634166,237358915265666,237358948597666,0,0,1959,0,0,0,0,"exact A/B pair ready before display deadline"
presentation_submitted,1,3,607,614,2,217,216,217,237358858811937,0,237358882018791,237358898634166,237358915265666,237358948597666,0,237358898738500,1959,0,4687395602494337659,4687395603065701453,4687395604210980253,"external CAMetalDisplayLink drawable via DXMT Presenter"
generated_displayed,1,3,603,610,2,215,214,215,237358793372978,0,237358815405625,237358832083666,237358848601666,237358881933666,237358898649249,0,11042,0,4687395600207717102,4687395600775143855,4687395601920422654,"normalized presentedTime from Core Animation clock"
source_displayed,1,3,604,611,1,215,0,0,237358810600666,0,0,237358848802166,237358865267666,237358898599666,237358900224208,0,11334,0,4687395600782146094,4687395601347783254,4687395602493062054,"normalized presentedTime from Core Animation clock"
source_accepted,1,3,0,0,0,218,0,0,237358909656208,237358910427375,0,0,0,237358992728239,0,0,0,0,0,0,0,"owned history copy completed successfully"
history_copy_complete,1,3,0,0,0,218,0,0,237358909656208,237358910427375,0,0,0,237358992728239,0,0,0,0,0,0,0,"Metal command buffer completed"
generated_requested,1,3,0,0,2,218,217,218,237358909656208,237358910427375,0,0,0,237358975574730,0,0,0,0,0,0,0,"exact adjacent source pair submitted"
generated_displayed,1,3,605,612,2,216,215,216,237358826405708,0,237358848853541,237358866511875,237358881933666,237358915265666,237358908860374,0,7291,0,4687395601390636995,4687395601920422654,4687395603065701453,"normalized presentedTime from Core Animation clock"
generated_ready,1,3,0,615,2,218,217,218,0,0,237358915349166,237358915327125,237358931931666,237358975574730,0,0,4625,0,0,0,0,"Metal status completed"
selected_source,1,3,0,615,1,217,0,0,237358875413125,237358876170666,0,237358915327125,237358931931666,237358965263666,0,0,4625,0,0,0,0,"next real endpoint in source order"
presentation_submitted,1,3,608,615,1,217,0,0,237358875413125,0,0,237358915327125,237358931931666,237358965263666,0,237358915524708,4625,0,4687395603067919099,4687395603638340853,4687395604783619652,"external CAMetalDisplayLink drawable via DXMT Presenter"
source_displayed,1,3,606,613,1,216,0,0,237358842210750,0,0,237358882002333,237358898599666,237358931931666,237358918023249,0,4125,0,4687395601922887965,4687395602493062054,4687395603638340853,"normalized presentedTime from Core Animation clock"
generated_selected,1,3,0,616,2,218,217,218,237358892534666,237358910427375,237358915349166,237358931970708,237358948597666,237358981929666,0,0,1792,0,0,0,0,"exact A/B pair ready before display deadline"
presentation_submitted,1,3,609,616,2,218,217,218,237358892534666,0,237358915349166,237358931970708,237358948597666,237358981929666,0,237358932064208,1792,0,4687395603639769634,4687395604210980253,4687395605356259052,"external CAMetalDisplayLink drawable via DXMT Presenter"
generated_displayed,1,3,607,614,2,217,216,217,237358858811937,0,237358882018791,237358898634166,237358915265666,237358948597666,237358935090124,0,1959,0,4687395602494337659,4687395603065701453,4687395604210980253,"normalized presentedTime from Core Animation clock"
source_accepted,1,3,0,0,0,219,0,0,237358942802791,237358943551208,0,0,0,237359025923993,0,0,0,0,0,0,0,"owned history copy completed successfully"
history_copy_complete,1,3,0,0,0,219,0,0,237358942802791,237358943551208,0,0,0,237359025923993,0,0,0,0,0,0,0,"Metal command buffer completed"
generated_requested,1,3,0,0,2,219,218,219,237358942802791,237358943551208,0,0,0,237359009326116,0,0,0,0,0,0,0,"exact adjacent source pair submitted"
generated_ready,1,3,0,617,2,219,218,219,0,0,237358948634458,237358948623083,237358965263666,237359009326116,0,0,1333,0,0,0,0,"Metal status completed"
selected_source,1,3,0,617,1,218,0,0,237358909656208,237358910427375,0,237358948623083,237358965263666,237358998595666,0,0,1333,0,0,0,0,"next real endpoint in source order"
presentation_submitted,1,3,610,617,1,218,0,0,237358909656208,0,0,237358948623083,237358965263666,237358998595666,0,237358948683416,1333,0,4687395604211942325,4687395604783619652,4687395605928898452,"external CAMetalDisplayLink drawable via DXMT Presenter"
source_displayed,1,3,608,615,1,217,0,0,237358875413125,0,0,237358915327125,237358931931666,237358965263666,237358953033041,0,4625,0,4687395603067919099,4687395603638340853,4687395604783619652,"normalized presentedTime from Core Animation clock"
generated_selected,1,3,0,618,2,219,218,219,237358926229499,237358943551208,237358948634458,237358965365333,237358981929666,237359015261666,0,0,5167,0,0,0,0,"exact A/B pair ready before display deadline"
presentation_submitted,1,3,611,618,2,219,218,219,237358926229499,0,237358948634458,237358965365333,237358981929666,237359015261666,0,237358965618958,5167,0,4687395604787220278,4687395605356259052,4687395606501537851,"external CAMetalDisplayLink drawable via DXMT Presenter"
generated_displayed,1,3,609,616,2,218,217,218,237358892534666,0,237358915349166,237358931970708,237358948597666,237358981929666,237358967935499,0,1792,0,4687395603639769634,4687395604210980253,4687395605356259052,"normalized presentedTime from Core Animation clock"
source_accepted,1,3,0,0,0,220,0,0,237358975980000,237358977367166,0,0,0,237359059134962,0,0,0,0,0,0,0,"owned history copy completed successfully"
history_copy_complete,1,3,0,0,0,220,0,0,237358975980000,237358977367166,0,0,0,237359059134962,0,0,0,0,0,0,0,"Metal command buffer completed"
generated_requested,1,3,0,0,2,220,219,220,237358975980000,237358977367166,0,0,0,237359042529477,0,0,0,0,0,0,0,"exact adjacent source pair submitted"
generated_ready,1,3,0,619,2,220,219,220,0,0,237358982136083,237358982090541,237358998595666,237359042529477,0,0,17125,0,0,0,0,"Metal status completed"
selected_source,1,3,0,619,1,219,0,0,237358942802791,237358943551208,0,237358982090541,237358998595666,237359031927666,0,0,17125,0,0,0,0,"next real endpoint in source order"
presentation_submitted,1,3,612,619,1,219,0,0,237358942802791,0,0,237358982090541,237358998595666,237359031927666,0,237358982447791,17125,0,4687395605361899787,4687395605928898451,4687395607074177251,"external CAMetalDisplayLink drawable via DXMT Presenter"
source_displayed,1,3,610,617,1,218,0,0,237358909656208,0,0,237358948623083,237358965263666,237358998595666,237358985353874,0,1333,0,4687395604211942325,4687395604783619652,4687395605928898452,"normalized presentedTime from Core Animation clock"
generated_selected,1,3,0,620,2,220,219,220,237358959391395,237358977367166,237358982136083,237358998744583,237359015261666,237359048593666,0,0,12417,0,0,0,0,"exact A/B pair ready before display deadline"
presentation_submitted,1,3,613,620,2,220,219,220,237358959391395,0,237358982136083,237358998744583,237359015261666,237359048593666,0,237358999234250,12417,0,4687395605934151196,4687395606501537851,4687395607646816650,"external CAMetalDisplayLink drawable via DXMT Presenter"
source_accepted,1,3,0,0,0,221,0,0,237359009100625,237359011127041,0,0,0,237359092260713,0,0,0,0,0,0,0,"owned history copy completed successfully"
history_copy_complete,1,3,0,0,0,221,0,0,237359009100625,237359011127041,0,0,0,237359092260713,0,0,0,0,0,0,0,"Metal command buffer completed"
generated_requested,1,3,0,0,2,221,220,221,237359009100625,237359011127041,0,0,0,237359075697837,0,0,0,0,0,0,0,"exact adjacent source pair submitted"
generated_ready,1,3,0,621,2,221,220,221,0,0,237359015506625,237359015432750,237359031927666,237359075697837,0,0,13500,0,0,0,0,"Metal status completed"
selected_source,1,3,0,621,1,220,0,0,237358975980000,237358977367166,0,237359015432750,237359031927666,237359065259666,0,0,13500,0,0,0,0,"next real endpoint in source order"
presentation_submitted,1,3,614,621,1,220,0,0,237358975980000,0,0,237359015432750,237359031927666,237359065259666,0,237359015882791,13500,0,4687395606507535069,4687395607074177251,4687395608219456050,"external CAMetalDisplayLink drawable via DXMT Presenter"
generated_selected,1,3,0,622,2,221,220,221,237358992540312,237359011127041,237359015506625,237359032122958,237359048593666,237359081925666,0,0,17000,0,0,0,0,"exact A/B pair ready before display deadline"
presentation_submitted,1,3,615,622,2,221,220,221,237358992540312,0,237359015506625,237359032122958,237359048593666,237359081925666,0,237359032782333,17000,0,4687395607081021985,4687395607646816650,4687395608792095450,"external CAMetalDisplayLink drawable via DXMT Presenter"
generated_displayed,1,3,611,618,2,219,218,219,237358926229499,0,237358948634458,237358965365333,237358981929666,237359015261666,237359031981041,0,5167,0,4687395604787220278,4687395605356259052,4687395606501537851,"normalized presentedTime from Core Animation clock"
source_accepted,1,3,0,0,0,222,0,0,237359043041333,237359045084000,0,0,0,237359126198432,0,0,0,0,0,0,0,"owned history copy completed successfully"
history_copy_complete,1,3,0,0,0,222,0,0,237359043041333,237359045084000,0,0,0,237359126198432,0,0,0,0,0,0,0,"Metal command buffer completed"
generated_requested,1,3,0,0,2,222,221,222,237359043041333,237359045084000,0,0,0,237359109229572,0,0,0,0,0,0,0,"exact adjacent source pair submitted"
generated_ready,1,3,0,623,2,222,221,222,0,0,237359048786416,237359048748000,237359065259666,237359109229572,0,0,10125,0,0,0,0,"Metal status completed"
selected_source,1,3,0,623,1,221,0,0,237359009100625,237359011127041,0,237359048748000,237359065259666,237359098591666,0,0,10125,0,0,0,0,"next real endpoint in source order"
presentation_submitted,1,3,616,623,1,221,0,0,237359009100625,0,0,237359048748000,237359065259666,237359098591666,0,237359049127208,10125,0,4687395607652228309,4687395608219456050,4687395609364734849,"external CAMetalDisplayLink drawable via DXMT Presenter"
source_displayed,1,3,612,619,1,219,0,0,237358942802791,0,0,237358982090541,237358998595666,237359031927666,237359048647499,0,17125,0,4687395605361899787,4687395605928898451,4687395607074177251,"normalized presentedTime from Core Animation clock"
generated_selected,1,3,0,624,2,222,221,222,237359026070979,237359045084000,237359048786416,237359065546791,237359081925666,237359115257666,0,0,25417,0,0,0,0,"exact A/B pair ready before display deadline"
presentation_submitted,1,3,617,624,2,222,221,222,237359026070979,0,237359048786416,237359065546791,237359081925666,237359115257666,0,237359066438875,25417,0,4687395608229489094,4687395608792095450,4687395609937374249,"external CAMetalDisplayLink drawable via DXMT Presenter"
generated_displayed,1,3,613,620,2,220,219,220,237358959391395,0,237358982136083,237358998744583,237359015261666,237359048593666,237359065314041,0,12417,0,4687395605934151196,4687395606501537851,4687395607646816650,"normalized presentedTime from Core Animation clock"
source_displayed,1,3,614,621,1,220,0,0,237358975980000,0,0,237359015432750,237359031927666,237359065259666,237359067790041,0,13500,0,4687395606507535069,4687395607074177251,4687395608219456050,"normalized presentedTime from Core Animation clock"
source_accepted,1,3,0,0,0,223,0,0,237359075981333,237359079518416,0,0,0,237359159126496,0,0,0,0,0,0,0,"owned history copy completed successfully"
history_copy_complete,1,3,0,0,0,223,0,0,237359075981333,237359079518416,0,0,0,237359159126496,0,0,0,0,0,0,0,"Metal command buffer completed"
generated_requested,1,3,0,0,2,223,222,223,237359075981333,237359079518416,0,0,0,237359142662464,0,0,0,0,0,0,0,"exact adjacent source pair submitted"
generated_ready,1,3,0,625,2,223,222,223,0,0,237359082274083,237359082145583,237359098591666,237359142662464,0,0,19208,0,0,0,0,"Metal status completed"
selected_source,1,3,0,625,1,222,0,0,237359043041333,237359045084000,0,237359082145583,237359098591666,237359131923666,0,0,19208,0,0,0,0,"next real endpoint in source order"
presentation_submitted,1,3,618,625,1,222,0,0,237359043041333,0,0,237359082145583,237359098591666,237359131923666,0,237359082973541,19208,0,4687395608799793474,4687395609364734849,4687395610510013649,"external CAMetalDisplayLink drawable via DXMT Presenter"
generated_displayed,1,3,615,622,2,221,220,221,237358992540312,0,237359015506625,237359032122958,237359048593666,237359081925666,237359076487999,0,17000,0,4687395607081021985,4687395607646816650,4687395608792095450,"normalized presentedTime from Core Animation clock"
source_displayed,1,3,616,623,1,221,0,0,237359009100625,0,0,237359048748000,237359065259666,237359098591666,237359085748958,0,10125,0,4687395607652228309,4687395608219456050,4687395609364734849,"normalized presentedTime from Core Animation clock"
generated_selected,1,3,0,626,2,223,222,223,237359059511333,237359079518416,237359082274083,237359098863666,237359115257666,237359148589666,0,0,20459,0,0,0,0,"exact A/B pair ready before display deadline"
presentation_submitted,1,3,619,626,2,223,222,223,237359059511333,0,237359082274083,237359098863666,237359115257666,237359148589666,0,237359099614375,20459,0,4687395609374273972,4687395609937374249,4687395611082653048,"external CAMetalDisplayLink drawable via DXMT Presenter"
generated_displayed,1,3,617,624,2,222,221,222,237359026070979,0,237359048786416,237359065546791,237359081925666,237359115257666,237359102632666,0,25417,0,4687395608229489094,4687395608792095450,4687395609937374249,"normalized presentedTime from Core Animation clock"
source_accepted,1,3,0,0,0,224,0,0,237359109024000,237359111372708,0,0,0,237359192154742,0,0,0,0,0,0,0,"owned history copy completed successfully"
history_copy_complete,1,3,0,0,0,224,0,0,237359109024000,237359111372708,0,0,0,237359192154742,0,0,0,0,0,0,0,"Metal command buffer completed"
generated_requested,1,3,0,0,2,224,223,224,237359109024000,237359111372708,0,0,0,237359175640619,0,0,0,0,0,0,0,"exact adjacent source pair submitted"
generated_ready,1,3,0,627,2,224,223,224,0,0,237359115519833,237359115464041,237359131923666,237359175640619,0,0,15334,0,0,0,0,"Metal status completed"
selected_source,1,3,0,627,1,223,0,0,237359075981333,237359079518416,0,237359115464041,237359131923666,237359165255666,0,0,15334,0,0,0,0,"next real endpoint in source order"
presentation_submitted,1,3,620,627,1,223,0,0,237359075981333,0,0,237359115464041,237359131923666,237359165255666,0,237359115994125,15334,0,4687395609944591237,4687395610510013649,4687395611655292448,"external CAMetalDisplayLink drawable via DXMT Presenter"
source_displayed,1,3,618,625,1,222,0,0,237359043041333,0,0,237359082145583,237359098591666,237359131923666,237359120235208,0,19208,0,4687395608799793474,4687395609364734849,4687395610510013649,"normalized presentedTime from Core Animation clock"
generated_selected,1,3,0,628,2,224,223,224,237359092502666,237359111372708,237359115519833,237359132198458,237359148589666,237359181921666,0,0,20333,0,0,0,0,"exact A/B pair ready before display deadline"
presentation_submitted,1,3,621,628,2,224,223,224,237359092502666,0,237359115519833,237359132198458,237359148589666,237359181921666,0,237359133327875,20333,0,4687395610519622934,4687395611082653048,4687395612227931848,"external CAMetalDisplayLink drawable via DXMT Presenter"
generated_displayed,1,3,619,626,2,223,222,223,237359059511333,0,237359082274083,237359098863666,237359115257666,237359148589666,237359136270374,0,20459,0,4687395609374273972,4687395609937374249,4687395611082653048,"normalized presentedTime from Core Animation clock"
source_accepted,1,3,0,0,0,225,0,0,237359142573041,237359145167666,0,0,0,237359225693875,0,0,0,0,0,0,0,"owned history copy completed successfully"
history_copy_complete,1,3,0,0,0,225,0,0,237359142573041,237359145167666,0,0,0,237359225693875,0,0,0,0,0,0,0,"Metal command buffer completed"
generated_requested,1,3,0,0,2,225,224,225,237359142573041,237359145167666,0,0,0,237359208924308,0,0,0,0,0,0,0,"exact adjacent source pair submitted"
generated_ready,1,3,0,629,2,225,224,225,0,0,237359148893583,237359148842750,237359165255666,237359208924308,0,0,16458,0,0,0,0,"Metal status completed"
selected_source,1,3,0,629,1,224,0,0,237359109024000,237359111372708,0,237359148842750,237359165255666,237359198587666,0,0,16458,0,0,0,0,"next real endpoint in source order"
presentation_submitted,1,3,622,629,1,224,0,0,237359109024000,0,0,237359148842750,237359165255666,237359198587666,0,237359149334416,16458,0,4687395611091470616,4687395611655292448,4687395612800571247,"external CAMetalDisplayLink drawable via DXMT Presenter"
source_displayed,1,3,620,627,1,223,0,0,237359075981333,0,0,237359115464041,237359131923666,237359165255666,237359153676166,0,15334,0,4687395609944591237,4687395610510013649,4687395611655292448,"normalized presentedTime from Core Animation clock"
generated_selected,1,3,0,630,2,225,224,225,237359125798520,237359145167666,237359148893583,237359165466916,237359181921666,237359215253666,0,0,18459,0,0,0,0,"exact A/B pair ready before display deadline"
presentation_submitted,1,3,623,630,2,225,224,225,237359125798520,0,237359148893583,237359165466916,237359181921666,237359215253666,0,237359166233750,18459,0,4687395611662709856,4687395612227931848,4687395613373210647,"external CAMetalDisplayLink drawable via DXMT Presenter"
generated_displayed,1,3,621,628,2,224,223,224,237359092502666,0,237359115519833,237359132198458,237359148589666,237359181921666,237359170051999,0,20333,0,4687395610519622934,4687395611082653048,4687395612227931848,"normalized presentedTime from Core Animation clock"
source_accepted,1,3,0,0,0,226,0,0,237359175834916,237359178647666,0,0,0,237359258950997,0,0,0,0,0,0,0,"owned history copy completed successfully"
history_copy_complete,1,3,0,0,0,226,0,0,237359175834916,237359178647666,0,0,0,237359258950997,0,0,0,0,0,0,0,"Metal command buffer completed"
generated_requested,1,3,0,0,2,226,225,226,237359175834916,237359178647666,0,0,0,237359242322436,0,0,0,0,0,0,0,"exact adjacent source pair submitted"
generated_ready,1,3,0,631,2,226,225,226,0,0,237359182183500,237359182139416,237359198587666,237359242322436,0,0,10334,0,0,0,0,"Metal status completed"
selected_source,1,3,0,631,1,225,0,0,237359142573041,237359145167666,0,237359182139416,237359198587666,237359231919666,0,0,10334,0,0,0,0,"next real endpoint in source order"
presentation_submitted,1,3,624,631,1,225,0,0,237359142573041,0,0,237359182139416,237359198587666,237359231919666,0,237359182637083,10334,0,4687395612235542530,4687395612800571247,4687395613945850047,"external CAMetalDisplayLink drawable via DXMT Presenter"
generated_selected,1,3,0,632,2,226,225,226,237359159203978,237359178647666,237359182183500,237359198937250,237359215253666,237359248585666,0,0,25875,0,0,0,0,"exact A/B pair ready before display deadline"
presentation_submitted,1,3,625,632,2,226,225,226,237359159203978,0,237359182183500,237359198937250,237359215253666,237359248585666,0,237359199714458,25875,0,4687395612812761807,4687395613373210647,4687395614518489446,"external CAMetalDisplayLink drawable via DXMT Presenter"
source_displayed,1,3,622,629,1,224,0,0,237359109024000,0,0,237359148842750,237359165255666,237359198587666,237359198645791,0,16458,0,4687395611091470616,4687395611655292448,4687395612800571247,"normalized presentedTime from Core Animation clock"
selected_source,1,3,0,633,1,226,0,0,237359175834916,237359178647666,0,237359215446625,237359231919666,237359265251666,0,0,10208,0,0,0,0,"next real endpoint in source order"
source_accepted,1,3,0,0,0,227,0,0,237359209937125,237359216104291,0,0,0,237359293036140,0,0,0,0,0,0,0,"owned history copy completed successfully"
history_copy_complete,1,3,0,0,0,227,0,0,237359209937125,237359216104291,0,0,0,237359293036140,0,0,0,0,0,0,0,"Metal command buffer completed"
presentation_submitted,1,3,626,633,1,226,0,0,237359175834916,0,0,237359215446625,237359231919666,237359265251666,0,237359216334583,10208,0,4687395613379960892,4687395613945850046,4687395615091128846,"external CAMetalDisplayLink drawable via DXMT Presenter"
generated_requested,1,3,0,0,2,227,226,227,237359209937125,237359216104291,0,0,0,237359275993568,0,0,0,0,0,0,0,"exact adjacent source pair submitted"
generated_ready,1,3,0,634,2,227,226,227,0,0,237359232255458,237359232199375,237359248585666,237359275993568,0,0,20666,0,0,0,0,"Metal status completed"
generated_selected,1,3,0,634,2,227,226,227,237359192886020,237359216104291,237359232255458,237359232199375,237359248585666,237359281917666,0,0,20666,0,0,0,0,"exact A/B pair ready before display deadline"
presentation_submitted,1,3,627,634,2,227,226,227,237359192886020,0,237359232255458,237359232199375,237359248585666,237359281917666,0,237359232691708,20666,0,4687395613955589589,4687395614518489446,4687395615663768245,"external CAMetalDisplayLink drawable via DXMT Presenter"
generated_displayed,1,3,623,630,2,225,224,225,237359125798520,0,237359148893583,237359165466916,237359181921666,237359215253666,237359231978833,0,18459,0,4687395611662709856,4687395612227931848,4687395613373210647,"normalized presentedTime from Core Animation clock"
source_accepted,1,3,0,0,0,228,0,0,237359242106791,237359243956666,0,0,0,237359325204186,0,0,0,0,0,0,0,"owned history copy completed successfully"
history_copy_complete,1,3,0,0,0,228,0,0,237359242106791,237359243956666,0,0,0,237359325204186,0,0,0,0,0,0,0,"Metal command buffer completed"
generated_requested,1,3,0,0,2,228,227,228,237359242106791,237359243956666,0,0,0,237359309120163,0,0,0,0,0,0,0,"exact adjacent source pair submitted"
generated_ready,1,3,0,635,2,228,227,228,0,0,237359248810625,237359248768958,237359265251666,237359309120163,0,0,11500,0,0,0,0,"Metal status completed"
selected_source,1,3,0,635,1,227,0,0,237359209937125,237359216104291,0,237359248768958,237359265251666,237359298583666,0,0,11500,0,0,0,0,"next real endpoint in source order"
presentation_submitted,1,3,628,635,1,227,0,0,237359209937125,0,0,237359248768958,237359265251666,237359298583666,0,237359249281875,11500,0,4687395614524907570,4687395615091128846,4687395616236407645,"external CAMetalDisplayLink drawable via DXMT Presenter"
source_displayed,1,3,624,631,1,225,0,0,237359142573041,0,0,237359182139416,237359198587666,237359231919666,237359248645291,0,10334,0,4687395612235542530,4687395612800571247,4687395613945850047,"normalized presentedTime from Core Animation clock"
generated_displayed,1,3,625,632,2,226,225,226,237359159203978,0,237359182183500,237359198937250,237359215253666,237359248585666,237359250563958,0,25875,0,4687395612812761807,4687395613373210647,4687395614518489446,"normalized presentedTime from Core Animation clock"
generated_selected,1,3,0,636,2,228,227,228,237359226021958,237359243956666,237359248810625,237359265430083,237359281917666,237359315249666,0,0,14875,0,0,0,0,"exact A/B pair ready before display deadline"
presentation_submitted,1,3,629,636,2,228,227,228,237359226021958,0,237359248810625,237359265430083,237359281917666,237359315249666,0,237359265915833,14875,0,4687395615097393760,4687395615663768245,4687395616809047045,"external CAMetalDisplayLink drawable via DXMT Presenter"
source_displayed,1,3,626,633,1,226,0,0,237359175834916,0,0,237359215446625,237359231919666,237359265251666,237359260153249,0,10208,0,4687395613379960892,4687395613945850046,4687395615091128846,"normalized presentedTime from Core Animation clock"
source_accepted,1,3,0,0,0,229,0,0,237359275787791,237359277517750,0,0,0,237359358897664,0,0,0,0,0,0,0,"owned history copy completed successfully"
history_copy_complete,1,3,0,0,0,229,0,0,237359275787791,237359277517750,0,0,0,237359358897664,0,0,0,0,0,0,0,"Metal command buffer completed"
generated_requested,1,3,0,0,2,229,228,229,237359275787791,237359277517750,0,0,0,237359342050925,0,0,0,0,0,0,0,"exact adjacent source pair submitted"
generated_displayed,1,3,627,634,2,227,226,227,237359192886020,0,237359232255458,237359232199375,237359248585666,237359281917666,237359273863374,0,20666,0,4687395613955589589,4687395614518489446,4687395615663768245,"normalized presentedTime from Core Animation clock"
generated_ready,1,3,0,637,2,229,228,229,0,0,237359282147166,237359282079166,237359298583666,237359342050925,0,0,11042,0,0,0,0,"Metal status completed"
selected_source,1,3,0,637,1,228,0,0,237359242106791,237359243956666,0,237359282079166,237359298583666,237359331915666,0,0,11042,0,0,0,0,"next real endpoint in source order"
presentation_submitted,1,3,630,637,1,228,0,0,237359242106791,0,0,237359282079166,237359298583666,237359331915666,0,237359282561708,11042,0,4687395615669449044,4687395616236407645,4687395617381686444,"external CAMetalDisplayLink drawable via DXMT Presenter"
source_displayed,1,3,628,635,1,227,0,0,237359209937125,0,0,237359248768958,237359265251666,237359298583666,237359285335333,0,11500,0,4687395614524907570,4687395615091128846,4687395616236407645,"normalized presentedTime from Core Animation clock"
generated_selected,1,3,0,638,2,229,228,229,237359258947291,237359277517750,237359282147166,237359298755625,237359315249666,237359348581666,0,0,13208,0,0,0,0,"exact A/B pair ready before display deadline"
presentation_submitted,1,3,631,638,2,229,228,229,237359258947291,0,237359282147166,237359298755625,237359315249666,237359348581666,0,237359299240083,13208,0,4687395616242452107,4687395616809047045,4687395617954325844,"external CAMetalDisplayLink drawable via DXMT Presenter"
generated_displayed,1,3,629,636,2,228,227,228,237359226021958,0,237359248810625,237359265430083,237359281917666,237359315249666,237359301785541,0,14875,0,4687395615097393760,4687395615663768245,4687395616809047045,"normalized presentedTime from Core Animation clock"
source_accepted,1,3,0,0,0,230,0,0,237359309511250,237359311344250,0,0,0,237359392633868,0,0,0,0,0,0,0,"owned history copy completed successfully"
history_copy_complete,1,3,0,0,0,230,0,0,237359309511250,237359311344250,0,0,0,237359392633868,0,0,0,0,0,0,0,"Metal command buffer completed"
generated_requested,1,3,0,0,2,230,229,230,237359309511250,237359311344250,0,0,0,237359375765766,0,0,0,0,0,0,0,"exact adjacent source pair submitted"
generated_ready,1,3,0,639,2,230,229,230,0,0,237359315457000,237359315417708,237359331915666,237359375765766,0,0,11917,0,0,0,0,"Metal status completed"
selected_source,1,3,0,639,1,229,0,0,237359275787791,237359277517750,0,237359315417708,237359331915666,237359365247666,0,0,11917,0,0,0,0,"next real endpoint in source order"
presentation_submitted,1,3,632,639,1,229,0,0,237359275787791,0,0,237359315417708,237359331915666,237359365247666,0,237359315775750,11917,0,4687395616814931150,4687395617381686444,4687395618526965244,"external CAMetalDisplayLink drawable via DXMT Presenter"
source_displayed,1,3,630,637,1,228,0,0,237359242106791,0,0,237359282079166,237359298583666,237359331915666,237359318970458,0,11042,0,4687395615669449044,4687395616236407645,4687395617381686444,"normalized presentedTime from Core Animation clock"
generated_selected,1,3,0,640,2,230,229,230,237359292649520,237359311344250,237359315457000,237359332151416,237359348581666,237359381913666,0,0,16167,0,0,0,0,"exact A/B pair ready before display deadline"
presentation_submitted,1,3,633,640,2,230,229,230,237359292649520,0,237359315457000,237359332151416,237359348581666,237359381913666,0,237359332697666,16167,0,4687395617389947109,4687395617954325844,4687395619099604643,"external CAMetalDisplayLink drawable via DXMT Presenter"
generated_displayed,1,3,631,638,2,229,228,229,237359258947291,0,237359282147166,237359298755625,237359315249666,237359348581666,237359335678708,0,13208,0,4687395616242452107,4687395616809047045,4687395617954325844,"normalized presentedTime from Core Animation clock"
source_accepted,1,3,0,0,0,231,0,0,237359342150583,237359344278750,0,0,0,237359425274270,0,0,0,0,0,0,0,"owned history copy completed successfully"
history_copy_complete,1,3,0,0,0,231,0,0,237359342150583,237359344278750,0,0,0,237359425274270,0,0,0,0,0,0,0,"Metal command buffer completed"
generated_requested,1,3,0,0,2,231,230,231,237359342150583,237359344278750,0,0,0,237359408954069,0,0,0,0,0,0,0,"exact adjacent source pair submitted"
generated_ready,1,3,0,641,2,231,230,231,0,0,237359348811708,237359348759666,237359365247666,237359408954069,0,0,8750,0,0,0,0,"Metal status completed"
selected_source,1,3,0,641,1,230,0,0,237359309511250,237359311344250,0,237359348759666,237359365247666,237359398579666,0,0,8750,0,0,0,0,"next real endpoint in source order"
presentation_submitted,1,3,634,641,1,230,0,0,237359309511250,0,0,237359348759666,237359365247666,237359398579666,0,237359349143541,8750,0,4687395617960550695,4687395618526965244,4687395619672244043,"external CAMetalDisplayLink drawable via DXMT Presenter"
generated_selected,1,3,0,642,2,231,230,231,237359325830916,237359344278750,237359348811708,237359365479750,237359381913666,237359415245666,0,0,18208,0,0,0,0,"exact A/B pair ready before display deadline"
presentation_submitted,1,3,635,642,2,231,230,231,237359325830916,0,237359348811708,237359365479750,237359381913666,237359415245666,0,237359366076750,18208,0,4687395618535087027,4687395619099604643,4687395620244883443,"external CAMetalDisplayLink drawable via DXMT Presenter"
source_accepted,1,3,0,0,0,232,0,0,237359379008458,237359381282875,0,0,0,237359462132332,0,0,0,0,0,0,0,"owned history copy completed successfully"
history_copy_complete,1,3,0,0,0,232,0,0,237359379008458,237359381282875,0,0,0,237359462132332,0,0,0,0,0,0,0,"Metal command buffer completed"
generated_requested,1,3,0,0,2,232,231,232,237359379008458,237359381282875,0,0,0,237359443703301,0,0,0,0,0,0,0,"exact adjacent source pair submitted"
selected_source,1,3,0,643,1,231,0,0,237359342150583,237359344278750,0,237359382093375,237359398579666,237359431911666,0,0,9583,0,0,0,0,"next real endpoint in source order"
presentation_submitted,1,3,636,643,1,231,0,0,237359342150583,0,0,237359382093375,237359398579666,237359431911666,0,237359382431166,9583,0,4687395619105893918,4687395619672244043,4687395620817522842,"external CAMetalDisplayLink drawable via DXMT Presenter"
source_displayed,1,3,632,639,1,229,0,0,237359275787791,0,0,237359315417708,237359331915666,237359365247666,237359381977124,0,11917,0,4687395616814931150,4687395617381686444,4687395618526965244,"normalized presentedTime from Core Animation clock"
generated_ready,1,3,0,644,2,232,231,232,0,0,237359398666708,237359398648500,237359415245665,237359443703301,0,0,4916,0,0,0,0,"Metal status completed"
generated_selected,1,3,0,644,2,232,231,232,237359360579520,237359381282875,237359398666708,237359398648500,237359415245665,237359448577666,0,0,4916,0,0,0,0,"exact A/B pair ready before display deadline"
presentation_submitted,1,3,637,644,2,232,231,232,237359360579520,0,237359398666708,237359398648500,237359415245665,237359448577666,0,237359398871083,4916,0,4687395619674697912,4687395620244883442,4687395621390162242,"external CAMetalDisplayLink drawable via DXMT Presenter"
generated_displayed,1,3,633,640,2,230,229,230,237359292649520,0,237359315457000,237359332151416,237359348581666,237359381913666,237359398643583,0,16167,0,4687395617389947109,4687395617954325844,4687395619099604643,"normalized presentedTime from Core Animation clock"
source_accepted,1,3,0,0,0,233,0,0,237359408833625,237359410291416,0,0,0,237359491977861,0,0,0,0,0,0,0,"owned history copy completed successfully"
history_copy_complete,1,3,0,0,0,233,0,0,237359408833625,237359410291416,0,0,0,237359491977861,0,0,0,0,0,0,0,"Metal command buffer completed"
generated_requested,1,3,0,0,2,233,232,233,237359408833625,237359410291416,0,0,0,237359477055096,0,0,0,0,0,0,0,"exact adjacent source pair submitted"
generated_ready,1,3,0,645,2,233,232,233,0,0,237359415337708,237359415326625,237359431911666,237359477055096,0,0,2583,0,0,0,0,"Metal status completed"
selected_source,1,3,0,645,1,232,0,0,237359379008458,237359381282875,0,237359415326625,237359431911666,237359465243666,0,0,2583,0,0,0,0,"next real endpoint in source order"
presentation_submitted,1,3,638,645,1,232,0,0,237359379008458,0,0,237359415326625,237359431911666,237359465243666,0,237359415410625,2583,0,4687395620247758219,4687395620817522842,4687395621962801641,"external CAMetalDisplayLink drawable via DXMT Presenter"
source_displayed,1,3,634,641,1,230,0,0,237359309511250,0,0,237359348759666,237359365247666,237359398579666,237359415310083,0,8750,0,4687395617960550695,4687395618526965244,4687395619672244043,"normalized presentedTime from Core Animation clock"
generated_displayed,1,3,635,642,2,231,230,231,237359325830916,0,237359348811708,237359365479750,237359381913666,237359415245666,237359417153333,0,18208,0,4687395618535087027,4687395619099604643,4687395620244883443,"normalized presentedTime from Core Animation clock"
source_displayed,1,3,636,643,1,231,0,0,237359342150583,0,0,237359382093375,237359398579666,237359431911666,237359424920041,0,9583,0,4687395619105893918,4687395619672244043,4687395620817522842,"normalized presentedTime from Core Animation clock"
generated_selected,1,3,0,646,2,233,232,233,237359393921041,237359410291416,237359415337708,237359432035208,237359448577666,237359481909666,0,0,9875,0,0,0,0,"exact A/B pair ready before display deadline"
presentation_submitted,1,3,639,646,2,233,232,233,237359393921041,0,237359415337708,237359432035208,237359448577666,237359481909666,0,237359432380750,9875,0,4687395620821905152,4687395621390162242,4687395622535441041,"external CAMetalDisplayLink drawable via DXMT Presenter"
generated_displayed,1,3,637,644,2,232,231,232,237359360579520,0,237359398666708,237359398648500,237359415245665,237359448577666,237359436774041,0,4916,0,4687395619674697912,4687395620244883442,4687395621390162242,"normalized presentedTime from Core Animation clock"
source_accepted,1,3,0,0,0,234,0,0,237359442283250,237359444820000,0,0,0,237359525447039,0,0,0,0,0,0,0,"owned history copy completed successfully"
history_copy_complete,1,3,0,0,0,234,0,0,237359442283250,237359444820000,0,0,0,237359525447039,0,0,0,0,0,0,0,"Metal command buffer completed"
generated_requested,1,3,0,0,2,234,233,234,237359442283250,237359444820000,0,0,0,237359508712450,0,0,0,0,0,0,0,"exact adjacent source pair submitted"
generated_ready,1,3,0,647,2,234,233,234,0,0,237359452041291,237359448870083,237359465243666,237359508712450,0,0,19833,0,0,0,0,"Metal status completed"
selected_source,1,3,0,647,1,233,0,0,237359408833625,237359410291416,0,237359448870083,237359465243666,237359498575666,0,0,19833,0,0,0,0,"next real endpoint in source order"
presentation_submitted,1,3,640,647,1,233,0,0,237359408833625,0,0,237359448870083,237359465243666,237359498575666,0,237359452825166,19833,0,4687395621400357051,4687395621962801641,4687395623108080441,"external CAMetalDisplayLink drawable via DXMT Presenter"
source_displayed,1,3,638,645,1,232,0,0,237359379008458,0,0,237359415326625,237359431911666,237359465243666,237359455219249,0,2583,0,4687395620247758219,4687395620817522842,4687395621962801641,"normalized presentedTime from Core Animation clock"
generated_selected,1,3,0,648,2,234,233,234,237359425558437,237359444820000,237359452041291,237359465479333,237359481909666,237359515241666,0,0,16917,0,0,0,0,"exact A/B pair ready before display deadline"
presentation_submitted,1,3,641,648,2,234,233,234,237359425558437,0,237359452041291,237359465479333,237359481909666,237359515241666,0,237359466302375,16917,0,4687395621971068010,4687395622535441041,4687395623680719840,"external CAMetalDisplayLink drawable via DXMT Presenter"
generated_displayed,1,3,639,646,2,233,232,233,237359393921041,0,237359415337708,237359432035208,237359448577666,237359481909666,237359469718916,0,9875,0,4687395620821905152,4687395621390162242,4687395622535441041,"normalized presentedTime from Core Animation clock"
source_accepted,1,3,0,0,0,235,0,0,237359475921166,237359478145375,0,0,0,237359559062780,0,0,0,0,0,0,0,"owned history copy completed successfully"
history_copy_complete,1,3,0,0,0,235,0,0,237359475921166,237359478145375,0,0,0,237359559062780,0,0,0,0,0,0,0,"Metal command buffer completed"
generated_requested,1,3,0,0,2,235,234,235,237359475921166,237359478145375,0,0,0,237359542254909,0,0,0,0,0,0,0,"exact adjacent source pair submitted"
generated_ready,1,3,0,649,2,235,234,235,0,0,237359482217875,237359482163666,237359498575666,237359542254909,0,0,19167,0,0,0,0,"Metal status completed"
selected_source,1,3,0,649,1,234,0,0,237359442283250,237359444820000,0,237359482163666,237359498575666,237359531907666,0,0,19167,0,0,0,0,"next real endpoint in source order"
presentation_submitted,1,3,642,649,1,234,0,0,237359442283250,0,0,237359482163666,237359498575666,237359531907666,0,237359482688291,19167,0,4687395622544294412,4687395623108080441,4687395624253359240,"external CAMetalDisplayLink drawable via DXMT Presenter"
source_displayed,1,3,640,647,1,233,0,0,237359408833625,0,0,237359448870083,237359465243666,237359498575666,237359486847083,0,19833,0,4687395621400357051,4687395621962801641,4687395623108080441,"normalized presentedTime from Core Animation clock"
generated_selected,1,3,0,650,2,235,234,235,237359459102208,237359478145375,237359482217875,237359498784750,237359515241666,237359548573666,0,0,19000,0,0,0,0,"exact A/B pair ready before display deadline"
presentation_submitted,1,3,643,650,2,235,234,235,237359459102208,0,237359482217875,237359498784750,237359515241666,237359548573666,0,237359499523958,19000,0,4687395623115439163,4687395623680719840,4687395624825998640,"external CAMetalDisplayLink drawable via DXMT Presenter"
source_accepted,1,3,0,0,0,236,0,0,237359508843958,237359511570708,0,0,0,237359591976119,0,0,0,0,0,0,0,"owned history copy completed successfully"
history_copy_complete,1,3,0,0,0,236,0,0,237359508843958,237359511570708,0,0,0,237359591976119,0,0,0,0,0,0,0,"Metal command buffer completed"
generated_requested,1,3,0,0,2,236,235,236,237359508843958,237359511570708,0,0,0,237359575519449,0,0,0,0,0,0,0,"exact adjacent source pair submitted"
generated_ready,1,3,0,651,2,236,235,236,0,0,237359515714333,237359515478750,237359531907666,237359575519449,0,0,16958,0,0,0,0,"Metal status completed"
selected_source,1,3,0,651,1,235,0,0,237359475921166,237359478145375,0,237359515478750,237359531907666,237359565239666,0,0,16958,0,0,0,0,"next real endpoint in source order"
presentation_submitted,1,3,644,651,1,235,0,0,237359475921166,0,0,237359515478750,237359531907666,237359565239666,0,237359516380000,16958,0,4687395623688984801,4687395624253359240,4687395625398638039,"external CAMetalDisplayLink drawable via DXMT Presenter"
generated_displayed,1,3,641,648,2,234,233,234,237359425558437,0,237359452041291,237359465479333,237359481909666,237359515241666,237359515308958,0,16917,0,4687395621971068010,4687395622535441041,4687395623680719840,"normalized presentedTime from Core Animation clock"
generated_selected,1,3,0,652,2,236,235,236,237359492382562,237359511570708,237359515714333,237359532170083,237359548573666,237359581905666,0,0,27292,0,0,0,0,"exact A/B pair ready before display deadline"
presentation_submitted,1,3,645,652,2,236,235,236,237359492382562,0,237359515714333,237359532170083,237359548573666,237359581905666,0,237359532960916,27292,0,4687395624262553322,4687395624825998640,4687395625971277439,"external CAMetalDisplayLink drawable via DXMT Presenter"
source_accepted,1,3,0,0,0,237,0,0,237359542125041,237359544463291,0,0,0,237359625245149,0,0,0,0,0,0,0,"owned history copy completed successfully"
history_copy_complete,1,3,0,0,0,237,0,0,237359542125041,237359544463291,0,0,0,237359625245149,0,0,0,0,0,0,0,"Metal command buffer completed"
generated_requested,1,3,0,0,2,237,236,237,237359542125041,237359544463291,0,0,0,237359608610634,0,0,0,0,0,0,0,"exact adjacent source pair submitted"
generated_ready,1,3,0,653,2,237,236,237,0,0,237359548864500,237359548815375,237359565239666,237359608610634,0,0,14250,0,0,0,0,"Metal status completed"
selected_source,1,3,0,653,1,236,0,0,237359508843958,237359511570708,0,237359548815375,237359565239666,237359598571666,0,0,14250,0,0,0,0,"next real endpoint in source order"
presentation_submitted,1,3,646,653,1,236,0,0,237359508843958,0,0,237359548815375,237359565239666,237359598571666,0,237359549341750,14250,0,4687395624834422514,4687395625398638039,4687395626543916839,"external CAMetalDisplayLink drawable via DXMT Presenter"
source_displayed,1,3,642,649,1,234,0,0,237359442283250,0,0,237359482163666,237359498575666,237359531907666,237359548641958,0,19167,0,4687395622544294412,4687395623108080441,4687395624253359240,"normalized presentedTime from Core Animation clock"
generated_displayed,1,3,643,650,2,235,234,235,237359459102208,0,237359482217875,237359498784750,237359515241666,237359548573666,237359550605041,0,19000,0,4687395623115439163,4687395623680719840,4687395624825998640,"normalized presentedTime from Core Animation clock"
generated_selected,1,3,0,654,2,237,236,237,237359525484499,237359544463291,237359548864500,237359565508875,237359581905666,237359615237666,0,0,16625,0,0,0,0,"exact A/B pair ready before display deadline"
presentation_submitted,1,3,647,654,2,237,236,237,237359525484499,0,237359548864500,237359565508875,237359581905666,237359615237666,0,237359566042375,16625,0,4687395625408025395,4687395625971277439,4687395627116556238,"external CAMetalDisplayLink drawable via DXMT Presenter"
source_displayed,1,3,644,651,1,235,0,0,237359475921166,0,0,237359515478750,237359531907666,237359565239666,237359558201208,0,16958,0,4687395623688984801,4687395624253359240,4687395625398638039,"normalized presentedTime from Core Animation clock"
source_accepted,1,3,0,0,0,238,0,0,237359575812958,237359578083166,0,0,0,237359658922483,0,0,0,0,0,0,0,"owned history copy completed successfully"
history_copy_complete,1,3,0,0,0,238,0,0,237359575812958,237359578083166,0,0,0,237359658922483,0,0,0,0,0,0,0,"Metal command buffer completed"
generated_requested,1,3,0,0,2,238,237,238,237359575812958,237359578083166,0,0,0,237359642083816,0,0,0,0,0,0,0,"exact adjacent source pair submitted"
generated_displayed,1,3,645,652,2,236,235,236,237359492382562,0,237359515714333,237359532170083,237359548573666,237359581905666,237359574446541,0,27292,0,4687395624262553322,4687395624825998640,4687395625971277439,"normalized presentedTime from Core Animation clock"
generated_ready,1,3,0,655,2,238,237,238,0,0,237359582617083,237359582123875,237359598571666,237359642083816,0,0,12708,0,0,0,0,"Metal status completed"
selected_source,1,3,0,655,1,237,0,0,237359542125041,237359544463291,0,237359582123875,237359598571666,237359631903666,0,0,12708,0,0,0,0,"next real endpoint in source order"
presentation_submitted,1,3,648,655,1,237,0,0,237359542125041,0,0,237359582123875,237359598571666,237359631903666,0,237359583203333,12708,0,4687395625978903858,4687395626543916839,4687395627689195638,"external CAMetalDisplayLink drawable via DXMT Presenter"
source_displayed,1,3,646,653,1,236,0,0,237359508843958,0,0,237359548815375,237359565239666,237359598571666,237359588725333,0,14250,0,4687395624834422514,4687395625398638039,4687395626543916839,"normalized presentedTime from Core Animation clock"
generated_selected,1,3,0,656,2,238,237,238,237359558968999,237359578083166,237359582617083,237359598780000,237359615237666,237359648569666,0,0,16750,0,0,0,0,"exact A/B pair ready before display deadline"
presentation_submitted,1,3,649,656,2,238,237,238,237359558968999,0,237359582617083,237359598780000,237359615237666,237359648569666,0,237359599536291,16750,0,4687395626551232611,4687395627116556238,4687395628261835038,"external CAMetalDisplayLink drawable via DXMT Presenter"
generated_displayed,1,3,647,654,2,237,236,237,237359525484499,0,237359548864500,237359565508875,237359581905666,237359615237666,237359603061583,0,16625,0,4687395625408025395,4687395625971277439,4687395627116556238,"normalized presentedTime from Core Animation clock"
source_accepted,1,3,0,0,0,239,0,0,237359608817291,237359611305166,0,0,0,237359691928893,0,0,0,0,0,0,0,"owned history copy completed successfully"
history_copy_complete,1,3,0,0,0,239,0,0,237359608817291,237359611305166,0,0,0,237359691928893,0,0,0,0,0,0,0,"Metal command buffer completed"
generated_requested,1,3,0,0,2,239,238,239,237359608817291,237359611305166,0,0,0,237359675425688,0,0,0,0,0,0,0,"exact adjacent source pair submitted"
generated_ready,1,3,0,657,2,239,238,239,0,0,237359615451000,237359615411541,237359631903666,237359675425688,0,0,10084,0,0,0,0,"Metal status completed"
selected_source,1,3,0,657,1,238,0,0,237359575812958,237359578083166,0,237359615411541,237359631903666,237359665235666,0,0,10084,0,0,0,0,"next real endpoint in source order"
presentation_submitted,1,3,650,657,1,238,0,0,237359575812958,0,0,237359615411541,237359631903666,237359665235666,0,237359615886708,10084,0,4687395627122647945,4687395627689195638,4687395628834474437,"external CAMetalDisplayLink drawable via DXMT Presenter"
source_displayed,1,3,648,655,1,237,0,0,237359542125041,0,0,237359582123875,237359598571666,237359631903666,237359620151708,0,12708,0,4687395625978903858,4687395626543916839,4687395627689195638,"normalized presentedTime from Core Animation clock"
generated_selected,1,3,0,658,2,239,238,239,237359592315124,237359611305166,237359615451000,237359632145916,237359648569666,237359681901666,0,0,19667,0,0,0,0,"exact A/B pair ready before display deadline"
presentation_submitted,1,3,651,658,2,239,238,239,237359592315124,0,237359615451000,237359632145916,237359648569666,237359681901666,0,237359632882708,19667,0,4687395627697692526,4687395628261835037,4687395629407113837,"external CAMetalDisplayLink drawable via DXMT Presenter"
generated_displayed,1,3,649,656,2,238,237,238,237359558968999,0,237359582617083,237359598780000,237359615237666,237359648569666,237359636547791,0,16750,0,4687395626551232611,4687395627116556238,4687395628261835038,"normalized presentedTime from Core Animation clock"
source_accepted,1,3,0,0,0,240,0,0,237359642290541,237359645245041,0,0,0,237359725404343,0,0,0,0,0,0,0,"owned history copy completed successfully"
history_copy_complete,1,3,0,0,0,240,0,0,237359642290541,237359645245041,0,0,0,237359725404343,0,0,0,0,0,0,0,"Metal command buffer completed"
generated_requested,1,3,0,0,2,240,239,240,237359642290541,237359645245041,0,0,0,237359708666618,0,0,0,0,0,0,0,"exact adjacent source pair submitted"
generated_ready,1,3,0,659,2,240,239,240,0,0,237359648831916,237359648784708,237359665235666,237359708666618,0,0,9083,0,0,0,0,"Metal status completed"
selected_source,1,3,0,659,1,239,0,0,237359608817291,237359611305166,0,237359648784708,237359665235666,237359698567666,0,0,9083,0,0,0,0,"next real endpoint in source order"
presentation_submitted,1,3,652,659,1,239,0,0,237359608817291,0,0,237359648784708,237359665235666,237359698567666,0,237359649260291,9083,0,4687395628269346935,4687395628834474437,4687395629979753236,"external CAMetalDisplayLink drawable via DXMT Presenter"
source_displayed,1,3,650,657,1,238,0,0,237359575812958,0,0,237359615411541,237359631903666,237359665235666,237359653845916,0,10084,0,4687395627122647945,4687395627689195638,4687395628834474437,"normalized presentedTime from Core Animation clock"
generated_selected,1,3,0,660,2,240,239,240,237359625553916,237359645245041,237359648831916,237359665475250,237359681901666,237359715233666,0,0,19541,0,0,0,0,"exact A/B pair ready before display deadline"
presentation_submitted,1,3,653,660,2,240,239,240,237359625553916,0,237359648831916,237359665475250,237359681901666,237359715233666,0,237359666257083,19541,0,4687395628842869655,4687395629407113837,4687395630552392636,"external CAMetalDisplayLink drawable via DXMT Presenter"
generated_displayed,1,3,651,658,2,239,238,239,237359592315124,0,237359615451000,237359632145916,237359648569666,237359681901666,237359670022999,0,19667,0,4687395627697692526,4687395628261835037,4687395629407113837,"normalized presentedTime from Core Animation clock"
source_accepted,1,3,0,0,0,241,0,0,237359675641416,237359678920750,0,0,0,237359758752733,0,0,0,0,0,0,0,"owned history copy completed successfully"
history_copy_complete,1,3,0,0,0,241,0,0,237359675641416,237359678920750,0,0,0,237359758752733,0,0,0,0,0,0,0,"Metal command buffer completed"
generated_requested,1,3,0,0,2,241,240,241,237359675641416,237359678920750,0,0,0,237359742078538,0,0,0,0,0,0,0,"exact adjacent source pair submitted"
generated_ready,1,3,0,661,2,241,240,241,0,0,237359682166791,237359682088041,237359698567666,237359742078538,0,0,16875,0,0,0,0,"Metal status completed"
selected_source,1,3,0,661,1,240,0,0,237359642290541,237359645245041,0,237359682088041,237359698567666,237359731899666,0,0,16875,0,0,0,0,"next real endpoint in source order"
presentation_submitted,1,3,654,661,1,240,0,0,237359642290541,0,0,237359682088041,237359698567666,237359731899666,0,237359682781708,16875,0,4687395629413633597,4687395629979753236,4687395631125032036,"external CAMetalDisplayLink drawable via DXMT Presenter"
generated_selected,1,3,0,662,2,241,240,241,237359658965978,237359678920750,237359682166791,237359699667458,237359715233666,237359748565666,0,0,46667,0,0,0,0,"exact A/B pair ready before display deadline"
presentation_submitted,1,3,655,662,2,241,240,241,237359658965978,0,237359682166791,237359699667458,237359715233666,237359748565666,0,237359702306916,46667,0,4687395630018018543,4687395630552392636,4687395631697671435,"external CAMetalDisplayLink drawable via DXMT Presenter"
source_displayed,1,3,652,659,1,239,0,0,237359608817291,0,0,237359648784708,237359665235666,237359698567666,237359698640249,0,9083,0,4687395628269346935,4687395628834474437,4687395629979753236,"normalized presentedTime from Core Animation clock"
source_accepted,1,3,0,0,0,242,0,0,237359710322541,237359712761375,0,0,0,237359793327565,0,0,0,0,0,0,0,"owned history copy completed successfully"
history_copy_complete,1,3,0,0,0,242,0,0,237359710322541,237359712761375,0,0,0,237359793327565,0,0,0,0,0,0,0,"Metal command buffer completed"
generated_requested,1,3,0,0,2,242,241,242,237359710322541,237359712761375,0,0,0,237359776040149,0,0,0,0,0,0,0,"exact adjacent source pair submitted"
generated_ready,1,3,0,663,2,242,241,242,0,0,237359715565166,237359715437875,237359731899666,237359776040149,0,0,9208,0,0,0,0,"Metal status completed"
selected_source,1,3,0,663,1,241,0,0,237359675641416,237359678920750,0,237359715437875,237359731899666,237359765231666,0,0,9208,0,0,0,0,"next real endpoint in source order"
presentation_submitted,1,3,656,663,1,241,0,0,237359675641416,0,0,237359715437875,237359731899666,237359765231666,0,237359715985625,9208,0,4687395630559530872,4687395631125032036,4687395632270310835,"external CAMetalDisplayLink drawable via DXMT Presenter"
generated_selected,1,3,0,664,2,242,241,242,237359692981978,237359712761375,237359715565166,237359734177250,237359748565666,237359781897666,0,0,5291,0,0,0,0,"exact A/B pair ready before display deadline"
presentation_submitted,1,3,657,664,2,242,241,242,237359692981978,0,237359715565166,237359734177250,237359748565666,237359781897666,0,237359734369208,5291,0,4687395631203395157,4687395631697671435,4687395632842950235,"external CAMetalDisplayLink drawable via DXMT Presenter"
generated_displayed,1,3,653,660,2,240,239,240,237359625553916,0,237359648831916,237359665475250,237359681901666,237359715233666,237359733610999,0,19541,0,4687395628842869655,4687395629407113837,4687395630552392636,"normalized presentedTime from Core Animation clock"
presentation_dropped,1,3,654,661,1,240,0,0,237359642290541,0,0,237359682088041,237359698567666,237359731899666,0,0,16875,0,4687395629413633597,4687395629979753236,4687395631125032036,"Metal drawable presentedTime=0; associated frame was dropped or not presented"
source_accepted,1,3,0,0,0,243,0,0,237359742244541,237359742983791,0,0,0,237359825019009,0,0,0,0,0,0,0,"owned history copy completed successfully"
history_copy_complete,1,3,0,0,0,243,0,0,237359742244541,237359742983791,0,0,0,237359825019009,0,0,0,0,0,0,0,"Metal command buffer completed"
generated_requested,1,3,0,0,2,243,242,243,237359742244541,237359742983791,0,0,0,237359809173287,0,0,0,0,0,0,0,"exact adjacent source pair submitted"
generated_displayed,1,3,655,662,2,241,240,241,237359658965978,0,237359682166791,237359699667458,237359715233666,237359748565666,237359740733083,0,46667,0,4687395630018018543,4687395630552392636,4687395631697671435,"normalized presentedTime from Core Animation clock"
generated_ready,1,3,0,665,2,243,242,243,0,0,237359748614000,237359748606166,237359765231666,237359809173287,0,0,1459,0,0,0,0,"Metal status completed"
selected_source,1,3,0,665,1,242,0,0,237359710322541,237359712761375,0,237359748606166,237359765231666,237359798563666,0,0,1459,0,0,0,0,"next real endpoint in source order"
presentation_submitted,1,3,658,665,1,242,0,0,237359710322541,0,0,237359748606166,237359765231666,237359798563666,0,237359748668375,1459,0,4687395631699151756,4687395632270310835,4687395633415589634,"external CAMetalDisplayLink drawable via DXMT Presenter"
source_displayed,1,3,656,663,1,241,0,0,237359675641416,0,0,237359715437875,237359731899666,237359765231666,237359751052499,0,9208,0,4687395630559530872,4687395631125032036,4687395632270310835,"normalized presentedTime from Core Animation clock"
generated_selected,1,3,0,666,2,243,242,243,237359726283541,237359742983791,237359748614000,237359765416000,237359781897666,237359815229666,0,0,11708,0,0,0,0,"exact A/B pair ready before display deadline"
presentation_submitted,1,3,659,666,2,243,242,243,237359726283541,0,237359748614000,237359765416000,237359781897666,237359815229666,0,237359766162500,11708,0,4687395632276771909,4687395632842950235,4687395633988229034,"external CAMetalDisplayLink drawable via DXMT Presenter"
generated_displayed,1,3,657,664,2,242,241,242,237359692981978,0,237359715565166,237359734177250,237359748565666,237359781897666,237359768068208,0,5291,0,4687395631203395157,4687395631697671435,4687395632842950235,"normalized presentedTime from Core Animation clock"
source_accepted,1,3,0,0,0,244,0,0,237359775476083,237359776527541,0,0,0,237359858353594,0,0,0,0,0,0,0,"owned history copy completed successfully"
history_copy_complete,1,3,0,0,0,244,0,0,237359775476083,237359776527541,0,0,0,237359858353594,0,0,0,0,0,0,0,"Metal command buffer completed"
generated_requested,1,3,0,0,2,244,243,244,237359775476083,237359776527541,0,0,0,237359841686301,0,0,0,0,0,0,0,"exact adjacent source pair submitted"
generated_ready,1,3,0,667,2,244,243,244,0,0,237359781996833,237359781980666,237359798563666,237359841686301,0,0,4542,0,0,0,0,"Metal status completed"
selected_source,1,3,0,667,1,243,0,0,237359742244541,237359742983791,0,237359781980666,237359798563666,237359831895666,0,0,4542,0,0,0,0,"next real endpoint in source order"
presentation_submitted,1,3,660,667,1,243,0,0,237359742244541,0,0,237359781980666,237359798563666,237359831895666,0,237359782155750,4542,0,4687395632845912319,4687395633415589634,4687395634560868434,"external CAMetalDisplayLink drawable via DXMT Presenter"
source_displayed,1,3,658,665,1,242,0,0,237359710322541,0,0,237359748606166,237359765231666,237359798563666,237359784525166,0,1459,0,4687395631699151756,4687395632270310835,4687395633415589634,"normalized presentedTime from Core Animation clock"
generated_selected,1,3,0,668,2,244,243,244,237359758860312,237359776527541,237359781996833,237359798668666,237359815229666,237359848561666,0,0,9000,0,0,0,0,"exact A/B pair ready before display deadline"
presentation_submitted,1,3,661,668,2,244,243,244,237359758860312,0,237359781996833,237359798668666,237359815229666,237359848561666,0,237359798896625,9000,0,4687395633419330551,4687395633988229034,4687395635133507833,"external CAMetalDisplayLink drawable via DXMT Presenter"
generated_displayed,1,3,659,666,2,243,242,243,237359726283541,0,237359748614000,237359765416000,237359781897666,237359815229666,237359802007208,0,11708,0,4687395632276771909,4687395632842950235,4687395633988229034,"normalized presentedTime from Core Animation clock"
source_accepted,1,3,0,0,0,245,0,0,237359808794625,237359809675000,0,0,0,237359891756296,0,0,0,0,0,0,0,"owned history copy completed successfully"
history_copy_complete,1,3,0,0,0,245,0,0,237359808794625,237359809675000,0,0,0,237359891756296,0,0,0,0,0,0,0,"Metal command buffer completed"
generated_requested,1,3,0,0,2,245,244,245,237359808794625,237359809675000,0,0,0,237359875054945,0,0,0,0,0,0,0,"exact adjacent source pair submitted"
generated_ready,1,3,0,669,2,245,244,245,0,0,237359815292625,237359815280916,237359831895666,237359875054945,0,0,1959,0,0,0,0,"Metal status completed"
selected_source,1,3,0,669,1,244,0,0,237359775476083,237359776527541,0,237359815280916,237359831895666,237359865227666,0,0,1959,0,0,0,0,"next real endpoint in source order"
presentation_submitted,1,3,662,669,1,244,0,0,237359775476083,0,0,237359815280916,237359831895666,237359865227666,0,237359815362666,1959,0,4687395633990083017,4687395634560868434,4687395635706147233,"external CAMetalDisplayLink drawable via DXMT Presenter"
source_displayed,1,3,660,667,1,243,0,0,237359742244541,0,0,237359781980666,237359798563666,237359831895666,237359818053874,0,4542,0,4687395632845912319,4687395633415589634,4687395634560868434,"normalized presentedTime from Core Animation clock"
generated_selected,1,3,0,670,2,245,244,245,237359792135354,237359809675000,237359815292625,237359831987250,237359848561666,237359881893666,0,0,5916,0,0,0,0,"exact A/B pair ready before display deadline"
presentation_submitted,1,3,663,670,2,245,244,245,237359792135354,0,237359815292625,237359831987250,237359848561666,237359881893666,0,237359832271875,5916,0,4687395634564116872,4687395635133507833,4687395636278786633,"external CAMetalDisplayLink drawable via DXMT Presenter"
generated_displayed,1,3,661,668,2,244,243,244,237359758860312,0,237359781996833,237359798668666,237359815229666,237359848561666,237359834451916,0,9000,0,4687395633419330551,4687395633988229034,4687395635133507833,"normalized presentedTime from Core Animation clock"
source_accepted,1,3,0,0,0,246,0,0,237359842137666,237359843589916,0,0,0,237359925168922,0,0,0,0,0,0,0,"owned history copy completed successfully"
history_copy_complete,1,3,0,0,0,246,0,0,237359842137666,237359843589916,0,0,0,237359925168922,0,0,0,0,0,0,0,"Metal command buffer completed"
generated_requested,1,3,0,0,2,246,245,246,237359842137666,237359843589916,0,0,0,237359908462609,0,0,0,0,0,0,0,"exact adjacent source pair submitted"
generated_ready,1,3,0,671,2,246,245,246,0,0,237359848750291,237359848712541,237359865227666,237359908462609,0,0,12167,0,0,0,0,"Metal status completed"
selected_source,1,3,0,671,1,245,0,0,237359808794625,237359809675000,0,237359848712541,237359865227666,237359898559666,0,0,12167,0,0,0,0,"next real endpoint in source order"
presentation_submitted,1,3,664,671,1,245,0,0,237359808794625,0,0,237359848712541,237359865227666,237359898559666,0,237359849064791,12167,0,4687395635138809266,4687395635706147233,4687395636851426032,"external CAMetalDisplayLink drawable via DXMT Presenter"
generated_selected,1,3,0,672,2,246,245,246,237359825466145,237359843589916,237359848750291,237359865411125,237359881893666,237359915225666,0,0,11166,0,0,0,0,"exact A/B pair ready before display deadline"
presentation_submitted,1,3,665,672,2,246,245,246,237359825466145,0,237359848750291,237359865411125,237359881893666,237359915225666,0,237359865821500,11166,0,4687395635712571061,4687395636278786632,4687395637424065432,"external CAMetalDisplayLink drawable via DXMT Presenter"
source_accepted,1,3,0,0,0,247,0,0,237359875425250,237359877460833,0,0,0,237359958487402,0,0,0,0,0,0,0,"owned history copy completed successfully"
history_copy_complete,1,3,0,0,0,247,0,0,237359875425250,237359877460833,0,0,0,237359958487402,0,0,0,0,0,0,0,"Metal command buffer completed"
generated_requested,1,3,0,0,2,247,246,247,237359875425250,237359877460833,0,0,0,237359941828162,0,0,0,0,0,0,0,"exact adjacent source pair submitted"
generated_ready,1,3,0,673,2,247,246,247,0,0,237359882049750,237359882016500,237359898559666,237359941828162,0,0,9666,0,0,0,0,"Metal status completed"
selected_source,1,3,0,673,1,246,0,0,237359842137666,237359843589916,0,237359882016500,237359898559666,237359931891666,0,0,9666,0,0,0,0,"next real endpoint in source order"
presentation_submitted,1,3,666,673,1,246,0,0,237359842137666,0,0,237359882016500,237359898559666,237359931891666,0,237359882321166,9666,0,4687395636283114516,4687395636851426032,4687395637996704831,"external CAMetalDisplayLink drawable via DXMT Presenter"
source_displayed,1,3,662,669,1,244,0,0,237359775476083,0,0,237359815280916,237359831895666,237359865227666,237359881971624,0,1959,0,4687395633990083017,4687395634560868434,4687395635706147233,"normalized presentedTime from Core Animation clock"
generated_selected,1,3,0,674,2,247,246,247,237359858781458,237359877460833,237359882049750,237359898702583,237359915225666,237359948557666,0,0,11792,0,0,0,0,"exact A/B pair ready before display deadline"
presentation_submitted,1,3,667,674,2,247,246,247,237359858781458,0,237359882049750,237359898702583,237359915225666,237359948557666,0,237359899093375,11792,0,4687395636856464029,4687395637424065432,4687395638569344231,"external CAMetalDisplayLink drawable via DXMT Presenter"
generated_displayed,1,3,663,670,2,245,244,245,237359792135354,0,237359815292625,237359831987250,237359848561666,237359881893666,237359898637999,0,5916,0,4687395634564116872,4687395635133507833,4687395636278786633,"normalized presentedTime from Core Animation clock"
source_accepted,1,3,0,0,0,248,0,0,237359909620458,237359911497208,0,0,0,237359992714399,0,0,0,0,0,0,0,"owned history copy completed successfully"
history_copy_complete,1,3,0,0,0,248,0,0,237359909620458,237359911497208,0,0,0,237359992714399,0,0,0,0,0,0,0,"Metal command buffer completed"
generated_requested,1,3,0,0,2,248,247,248,237359909620458,237359911497208,0,0,0,237359975600900,0,0,0,0,0,0,0,"exact adjacent source pair submitted"
generated_ready,1,3,0,675,2,248,247,248,0,0,237359915463333,237359915415833,237359931891666,237359975600900,0,0,14250,0,0,0,0,"Metal status completed"
selected_source,1,3,0,675,1,247,0,0,237359875425250,237359877460833,0,237359915415833,237359931891666,237359965223666,0,0,14250,0,0,0,0,"next real endpoint in source order"
presentation_submitted,1,3,668,675,1,247,0,0,237359875425250,0,0,237359915415833,237359931891666,237359965223666,0,237359915890625,14250,0,4687395637430725483,4687395637996704831,4687395639141983631,"external CAMetalDisplayLink drawable via DXMT Presenter"
source_displayed,1,3,664,671,1,245,0,0,237359808794625,0,0,237359848712541,237359865227666,237359898559666,237359915304499,0,12167,0,4687395635138809266,4687395635706147233,4687395636851426032,"normalized presentedTime from Core Animation clock"
generated_displayed,1,3,665,672,2,246,245,246,237359825466145,0,237359848750291,237359865411125,237359881893666,237359915225666,237359916828624,0,11166,0,4687395635712571061,4687395636278786632,4687395637424065432,"normalized presentedTime from Core Animation clock"
source_displayed,1,3,666,673,1,246,0,0,237359842137666,0,0,237359882016500,237359898559666,237359931891666,237359926089916,0,9666,0,4687395636283114516,4687395636851426032,4687395637996704831,"normalized presentedTime from Core Animation clock"
generated_selected,1,3,0,676,2,248,247,248,237359892522854,237359911497208,237359915463333,237359932045958,237359948557666,237359981889666,0,0,9333,0,0,0,0,"exact A/B pair ready before display deadline"
presentation_submitted,1,3,669,676,2,248,247,248,237359892522854,0,237359915463333,237359932045958,237359948557666,237359981889666,0,237359933793166,9333,0,4687395638002140817,4687395638569344231,4687395639714623030,"external CAMetalDisplayLink drawable via DXMT Presenter"
generated_displayed,1,3,667,674,2,247,246,247,237359858781458,0,237359882049750,237359898702583,237359915225666,237359948557666,237359938793708,0,11792,0,4687395636856464029,4687395637424065432,4687395638569344231,"normalized presentedTime from Core Animation clock"
source_accepted,1,3,0,0,0,249,0,0,237359942127958,237359944316250,0,0,0,237360025237451,0,0,0,0,0,0,0,"owned history copy completed successfully"
history_copy_complete,1,3,0,0,0,249,0,0,237359942127958,237359944316250,0,0,0,237360025237451,0,0,0,0,0,0,0,"Metal command buffer completed"
generated_requested,1,3,0,0,2,249,248,249,237359942127958,237359944316250,0,0,0,237360008975925,0,0,0,0,0,0,0,"exact adjacent source pair submitted"
generated_ready,1,3,0,677,2,249,248,249,0,0,237359948710166,237359948676541,237359965223666,237360008975925,0,0,6875,0,0,0,0,"Metal status completed"
selected_source,1,3,0,677,1,248,0,0,237359909620458,237359911497208,0,237359948676541,237359965223666,237359998555666,0,0,6875,0,0,0,0,"next real endpoint in source order"
presentation_submitted,1,3,670,677,1,248,0,0,237359909620458,0,0,237359948676541,237359965223666,237359998555666,0,237359948980208,6875,0,4687395638573533267,4687395639141983631,4687395640287262430,"external CAMetalDisplayLink drawable via DXMT Presenter"
source_displayed,1,3,668,675,1,247,0,0,237359875425250,0,0,237359915415833,237359931891666,237359965223666,237359951462416,0,14250,0,4687395637430725483,4687395637996704831,4687395639141983631,"normalized presentedTime from Core Animation clock"
generated_selected,1,3,0,678,2,249,248,249,237359925874208,237359944316250,237359948710166,237359965365875,237359981889666,237360015221666,0,0,9708,0,0,0,0,"exact A/B pair ready before display deadline"
presentation_submitted,1,3,671,678,2,249,248,249,237359925874208,0,237359948710166,237359965365875,237359981889666,237360015221666,0,237359965744666,9708,0,4687395639146995857,4687395639714623030,4687395640859901830,"external CAMetalDisplayLink drawable via DXMT Presenter"
generated_displayed,1,3,669,676,2,248,247,248,237359892522854,0,237359915463333,237359932045958,237359948557666,237359981889666,237359968040999,0,9333,0,4687395638002140817,4687395638569344231,4687395639714623030,"normalized presentedTime from Core Animation clock"
source_accepted,1,3,0,0,0,250,0,0,237359975426708,237359981979625,0,0,0,237360058557416,0,0,0,0,0,0,0,"owned history copy completed successfully"
history_copy_complete,1,3,0,0,0,250,0,0,237359975426708,237359981979625,0,0,0,237360058557416,0,0,0,0,0,0,0,"Metal command buffer completed"
selected_source,1,3,0,679,1,249,0,0,237359942127958,237359944316250,0,237359982411166,237359998555666,237360031887666,0,0,11417,0,0,0,0,"next real endpoint in source order"
presentation_submitted,1,3,672,679,1,249,0,0,237359942127958,0,0,237359982411166,237359998555666,237360031887666,0,237359983028875,11417,0,4687395639732650451,4687395640287262430,4687395641432541229,"external CAMetalDisplayLink drawable via DXMT Presenter"
generated_requested,1,3,0,0,2,250,249,250,237359975426708,237359981979625,0,0,0,237360041897433,0,0,0,0,0,0,0,"exact adjacent source pair submitted"
source_displayed,1,3,670,677,1,248,0,0,237359909620458,0,0,237359948676541,237359965223666,237359998555666,237359985289041,0,6875,0,4687395638573533267,4687395639141983631,4687395640287262430,"normalized presentedTime from Core Animation clock"
generated_ready,1,3,0,680,2,250,249,250,0,0,237359998740291,237359998704916,237360015221666,237360041897433,0,0,11792,0,0,0,0,"Metal status completed"
generated_selected,1,3,0,680,2,250,249,250,237359958777333,237359981979625,237359998740291,237359998704916,237360015221666,237360048553666,0,0,11792,0,0,0,0,"exact A/B pair ready before display deadline"
presentation_submitted,1,3,673,680,2,250,249,250,237359958777333,0,237359998740291,237359998704916,237360015221666,237360048553666,0,237359999128416,11792,0,4687395640292528060,4687395640859901830,4687395642005180629,"external CAMetalDisplayLink drawable via DXMT Presenter"
generated_displayed,1,3,671,678,2,249,248,249,237359925874208,0,237359948710166,237359965365875,237359981889666,237360015221666,237360001408374,0,9708,0,4687395639146995857,4687395639714623030,4687395640859901830,"normalized presentedTime from Core Animation clock"
source_accepted,1,3,0,0,0,251,0,0,237360009047250,237360010397291,0,0,0,237360092149283,0,0,0,0,0,0,0,"owned history copy completed successfully"
history_copy_complete,1,3,0,0,0,251,0,0,237360009047250,237360010397291,0,0,0,237360092149283,0,0,0,0,0,0,0,"Metal command buffer completed"
generated_requested,1,3,0,0,2,251,250,251,237360009047250,237360010397291,0,0,0,237360075353349,0,0,0,0,0,0,0,"exact adjacent source pair submitted"
generated_ready,1,3,0,681,2,251,250,251,0,0,237360015483916,237360015384416,237360031887666,237360075353349,0,0,10042,0,0,0,0,"Metal status completed"
selected_source,1,3,0,681,1,250,0,0,237359975426708,237359981979625,0,237360015384416,237360031887666,237360065219666,0,0,10042,0,0,0,0,"next real endpoint in source order"
presentation_submitted,1,3,674,681,1,250,0,0,237359975426708,0,0,237360015384416,237360031887666,237360065219666,0,237360015987333,10042,0,4687395640865602694,4687395641432541229,4687395642577820029,"external CAMetalDisplayLink drawable via DXMT Presenter"
generated_selected,1,3,0,682,2,251,250,251,237359992236979,237360010397291,237360015483916,237360032057833,237360048553666,237360081885666,0,0,11667,0,0,0,0,"exact A/B pair ready before display deadline"
presentation_submitted,1,3,675,682,2,251,250,251,237359992236979,0,237360015483916,237360032057833,237360048553666,237360081885666,0,237360032548916,11667,0,4687395641438512677,4687395642005180629,4687395643150459428,"external CAMetalDisplayLink drawable via DXMT Presenter"
source_accepted,1,3,0,0,0,252,0,0,237360042411625,237360044287875,0,0,0,237360125528327,0,0,0,0,0,0,0,"owned history copy completed successfully"
history_copy_complete,1,3,0,0,0,252,0,0,237360042411625,237360044287875,0,0,0,237360125528327,0,0,0,0,0,0,0,"Metal command buffer completed"
generated_requested,1,3,0,0,2,252,251,252,237360042411625,237360044287875,0,0,0,237360108838805,0,0,0,0,0,0,0,"exact adjacent source pair submitted"
generated_ready,1,3,0,683,2,252,251,252,0,0,237360048764083,237360048719416,237360065219665,237360108838805,0,0,12792,0,0,0,0,"Metal status completed"
selected_source,1,3,0,683,1,251,0,0,237360009047250,237360010397291,0,237360048719416,237360065219665,237360098551666,0,0,12792,0,0,0,0,"next real endpoint in source order"
presentation_submitted,1,3,676,683,1,251,0,0,237360009047250,0,0,237360048719416,237360065219665,237360098551666,0,237360049321500,12792,0,4687395642010990276,4687395642577820028,4687395643723098828,"external CAMetalDisplayLink drawable via DXMT Presenter"
source_displayed,1,3,672,679,1,249,0,0,237359942127958,0,0,237359982411166,237359998555666,237360031887666,237360048636333,0,11417,0,4687395639732650451,4687395640287262430,4687395641432541229,"normalized presentedTime from Core Animation clock"
generated_selected,1,3,0,684,2,252,251,252,237360025729437,237360044287875,237360048764083,237360068145791,237360081885666,237360115217666,0,0,8625,0,0,0,0,"exact A/B pair ready before display deadline"
presentation_submitted,1,3,677,684,2,252,251,252,237360025729437,0,237360048764083,237360068145791,237360081885666,237360115217666,0,237360068436791,8625,0,4687395642678469735,4687395643150459428,4687395644295738227,"external CAMetalDisplayLink drawable via DXMT Presenter"
generated_displayed,1,3,673,680,2,250,249,250,237359958777333,0,237359998740291,237359998704916,237360015221666,237360048553666,237360065302874,0,11792,0,4687395640292528060,4687395640859901830,4687395642005180629,"normalized presentedTime from Core Animation clock"
source_accepted,1,3,0,0,0,253,0,0,237360075706375,237360076735666,0,0,0,237360158489486,0,0,0,0,0,0,0,"owned history copy completed successfully"
history_copy_complete,1,3,0,0,0,253,0,0,237360075706375,237360076735666,0,0,0,237360158489486,0,0,0,0,0,0,0,"Metal command buffer completed"
generated_requested,1,3,0,0,2,253,252,253,237360075706375,237360076735666,0,0,0,237360142008906,0,0,0,0,0,0,0,"exact adjacent source pair submitted"
source_displayed,1,3,674,681,1,250,0,0,237359975426708,0,0,237360015384416,237360031887666,237360065219666,237360081969333,0,10042,0,4687395640865602694,4687395641432541229,4687395642577820029,"normalized presentedTime from Core Animation clock"
generated_ready,1,3,0,685,2,253,252,253,0,0,237360085012250,237360084999416,237360098551666,237360142008906,0,0,2584,0,0,0,0,"Metal status completed"
selected_source,1,3,0,685,1,252,0,0,237360042411625,237360044287875,0,237360084999416,237360098551666,237360131883666,0,0,2584,0,0,0,0,"next real endpoint in source order"
presentation_submitted,1,3,678,685,1,252,0,0,237360042411625,0,0,237360084999416,237360098551666,237360131883666,0,237360085077250,2584,0,4687395643257542996,4687395643723098828,4687395644868377627,"external CAMetalDisplayLink drawable via DXMT Presenter"
presentation_dropped,1,3,675,682,2,251,250,251,237359992236979,0,237360015483916,237360032057833,237360048553666,237360081885666,0,0,11667,0,4687395641438512677,4687395642005180629,4687395643150459428,"Metal drawable presentedTime=0; associated frame was dropped or not presented"
source_displayed,1,3,676,683,1,251,0,0,237360009047250,0,0,237360048719416,237360065219665,237360098551666,237360087424291,0,12792,0,4687395642010990276,4687395642577820028,4687395643723098828,"normalized presentedTime from Core Animation clock"
generated_selected,1,3,0,686,2,253,252,253,237360059059000,237360076735666,237360085012250,237360098600000,237360115217666,237360148549666,0,0,1208,0,0,0,0,"exact A/B pair ready before display deadline"
presentation_submitted,1,3,679,686,2,253,252,253,237360059059000,0,237360085012250,237360098600000,237360115217666,237360148549666,0,237360098690541,1208,0,4687395643724849731,4687395644295738227,4687395645441017027,"external CAMetalDisplayLink drawable via DXMT Presenter"
generated_displayed,1,3,677,684,2,252,251,252,237360025729437,0,237360048764083,237360068145791,237360081885666,237360115217666,237360102050624,0,8625,0,4687395642678469735,4687395643150459428,4687395644295738227,"normalized presentedTime from Core Animation clock"
source_accepted,1,3,0,0,0,254,0,0,237360108725750,237360109654750,0,0,0,237360191290742,0,0,0,0,0,0,0,"owned history copy completed successfully"
history_copy_complete,1,3,0,0,0,254,0,0,237360108725750,237360109654750,0,0,0,237360191290742,0,0,0,0,0,0,0,"Metal command buffer completed"
generated_requested,1,3,0,0,2,254,253,254,237360108725750,237360109654750,0,0,0,237360174890114,0,0,0,0,0,0,0,"exact adjacent source pair submitted"
generated_ready,1,3,0,687,2,254,253,254,0,0,237360115271541,237360115260708,237360131883666,237360174890114,0,0,1042,0,0,0,0,"Metal status completed"
selected_source,1,3,0,687,1,253,0,0,237360075706375,237360076735666,0,237360115260708,237360131883666,237360165215666,0,0,1042,0,0,0,0,"next real endpoint in source order"
presentation_submitted,1,3,680,687,1,253,0,0,237360075706375,0,0,237360115260708,237360131883666,237360165215666,0,237360115325375,1042,0,4687395644297303039,4687395644868377627,4687395646013656426,"external CAMetalDisplayLink drawable via DXMT Presenter"
source_displayed,1,3,678,685,1,252,0,0,237360042411625,0,0,237360084999416,237360098551666,237360131883666,237360118138374,0,2584,0,4687395643257542996,4687395643723098828,4687395644868377627,"normalized presentedTime from Core Animation clock"
generated_selected,1,3,0,688,2,254,253,254,237360092216062,237360109654750,237360115271541,237360132027958,237360148549666,237360181881666,0,0,10042,0,0,0,0,"exact A/B pair ready before display deadline"
presentation_submitted,1,3,681,688,2,254,253,254,237360092216062,0,237360115271541,237360132027958,237360148549666,237360181881666,0,237360132371666,10042,0,4687395644873460016,4687395645441017027,4687395646586295826,"external CAMetalDisplayLink drawable via DXMT Presenter"
generated_displayed,1,3,679,686,2,253,252,253,237360059059000,0,237360085012250,237360098600000,237360115217666,237360148549666,237360135299916,0,1208,0,4687395643724849731,4687395644295738227,4687395645441017027,"normalized presentedTime from Core Animation clock"
source_accepted,1,3,0,0,0,255,0,0,237360142929375,237360144791416,0,0,0,237360225651233,0,0,0,0,0,0,0,"owned history copy completed successfully"
history_copy_complete,1,3,0,0,0,255,0,0,237360142929375,237360144791416,0,0,0,237360225651233,0,0,0,0,0,0,0,"Metal command buffer completed"
generated_requested,1,3,0,0,2,255,254,255,237360142929375,237360144791416,0,0,0,237360208470987,0,0,0,0,0,0,0,"exact adjacent source pair submitted"
generated_ready,1,3,0,689,2,255,254,255,0,0,237360148756083,237360148715916,237360165215666,237360208470987,0,0,10334,0,0,0,0,"Metal status completed"
selected_source,1,3,0,689,1,254,0,0,237360108725750,237360109654750,0,237360148715916,237360165215666,237360198547666,0,0,10334,0,0,0,0,"next real endpoint in source order"
presentation_submitted,1,3,682,689,1,254,0,0,237360108725750,0,0,237360148715916,237360165215666,237360198547666,0,237360149122375,10334,0,4687395645446841002,4687395646013656426,4687395647158935226,"external CAMetalDisplayLink drawable via DXMT Presenter"
source_displayed,1,3,680,687,1,253,0,0,237360075706375,0,0,237360115260708,237360131883666,237360165215666,237360152056874,0,1042,0,4687395644297303039,4687395644868377627,4687395646013656426,"normalized presentedTime from Core Animation clock"
generated_selected,1,3,0,690,2,255,254,255,237360125827562,237360144791416,237360148756083,237360166358916,237360181881666,237360215213666,0,0,30834,0,0,0,0,"exact A/B pair ready before display deadline"
presentation_submitted,1,3,683,690,2,255,254,255,237360125827562,0,237360148756083,237360166358916,237360181881666,237360215213666,0,237360167620708,30834,0,4687395646053571001,4687395646586295826,4687395647731574625,"external CAMetalDisplayLink drawable via DXMT Presenter"
source_accepted,1,3,0,0,0,256,0,0,237360175462416,237360177722750,0,0,0,237360258166029,0,0,0,0,0,0,0,"owned history copy completed successfully"
history_copy_complete,1,3,0,0,0,256,0,0,237360175462416,237360177722750,0,0,0,237360258166029,0,0,0,0,0,0,0,"Metal command buffer completed"
generated_requested,1,3,0,0,2,256,255,256,237360175462416,237360177722750,0,0,0,237360241908631,0,0,0,0,0,0,0,"exact adjacent source pair submitted"
generated_ready,1,3,0,691,2,256,255,256,0,0,237360182111750,237360182063541,237360198547666,237360241908631,0,0,12459,0,0,0,0,"Metal status completed"
selected_source,1,3,0,691,1,255,0,0,237360142929375,237360144791416,0,237360182063541,237360198547666,237360231879666,0,0,12459,0,0,0,0,"next real endpoint in source order"
presentation_submitted,1,3,684,691,1,255,0,0,237360142929375,0,0,237360182063541,237360198547666,237360231879666,0,237360182623375,12459,0,4687395646592666706,4687395647158935226,4687395648304214025,"external CAMetalDisplayLink drawable via DXMT Presenter"
generated_displayed,1,3,681,688,2,254,253,254,237360092216062,0,237360115271541,237360132027958,237360148549666,237360181881666,237360181968166,0,10042,0,4687395644873460016,4687395645441017027,4687395646586295826,"normalized presentedTime from Core Animation clock"
generated_selected,1,3,0,692,2,256,255,256,237360159195895,237360177722750,237360182111750,237360198793666,237360215213666,237360248545666,0,0,16584,0,0,0,0,"exact A/B pair ready before display deadline"
presentation_submitted,1,3,685,692,2,256,255,256,237360159195895,0,237360182111750,237360198793666,237360215213666,237360248545666,0,237360199383166,16584,0,4687395647167526603,4687395647731574625,4687395648876853425,"external CAMetalDisplayLink drawable via DXMT Presenter"
source_displayed,1,3,682,689,1,254,0,0,237360108725750,0,0,237360148715916,237360165215666,237360198547666,237360198634833,0,10334,0,4687395645446841002,4687395646013656426,4687395647158935226,"normalized presentedTime from Core Animation clock"
source_accepted,1,3,0,0,0,257,0,0,237360208771375,237360210633083,0,0,0,237360291571466,0,0,0,0,0,0,0,"owned history copy completed successfully"
history_copy_complete,1,3,0,0,0,257,0,0,237360208771375,237360210633083,0,0,0,237360291571466,0,0,0,0,0,0,0,"Metal command buffer completed"
generated_requested,1,3,0,0,2,257,256,257,237360208771375,237360210633083,0,0,0,237360274868747,0,0,0,0,0,0,0,"exact adjacent source pair submitted"
generated_ready,1,3,0,693,2,257,256,257,0,0,237360215434083,237360215384416,237360231879666,237360274868747,0,0,13584,0,0,0,0,"Metal status completed"
selected_source,1,3,0,693,1,256,0,0,237360175462416,237360177722750,0,237360215384416,237360231879666,237360265211666,0,0,13584,0,0,0,0,"next real endpoint in source order"
presentation_submitted,1,3,686,693,1,256,0,0,237360175462416,0,0,237360215384416,237360231879666,237360265211666,0,237360215839125,13584,0,4687395647737556072,4687395648304214025,4687395649449492824,"external CAMetalDisplayLink drawable via DXMT Presenter"
generated_displayed,1,3,683,690,2,255,254,255,237360125827562,0,237360148756083,237360166358916,237360181881666,237360215213666,237360216956916,0,30834,0,4687395646053571001,4687395646586295826,4687395647731574625,"normalized presentedTime from Core Animation clock"
source_displayed,1,3,684,691,1,255,0,0,237360142929375,0,0,237360182063541,237360198547666,237360231879666,237360224013791,0,12459,0,4687395646592666706,4687395647158935226,4687395648304214025,"normalized presentedTime from Core Animation clock"
generated_selected,1,3,0,694,2,257,256,257,237360192116895,237360210633083,237360215434083,237360232030416,237360248545666,237360281877666,0,0,10042,0,0,0,0,"exact A/B pair ready before display deadline"
presentation_submitted,1,3,687,694,2,257,256,257,237360192116895,0,237360215434083,237360232030416,237360248545666,237360281877666,0,237360232563208,10042,0,4687395648309532638,4687395648876853425,4687395650022132224,"external CAMetalDisplayLink drawable via DXMT Presenter"
generated_displayed,1,3,685,692,2,256,255,256,237360159195895,0,237360182111750,237360198793666,237360215213666,237360248545666,237360235777874,0,16584,0,4687395647167526603,4687395647731574625,4687395648876853425,"normalized presentedTime from Core Animation clock"
source_accepted,1,3,0,0,0,258,0,0,237360242522500,237360244425208,0,0,0,237360325409580,0,0,0,0,0,0,0,"owned history copy completed successfully"
history_copy_complete,1,3,0,0,0,258,0,0,237360242522500,237360244425208,0,0,0,237360325409580,0,0,0,0,0,0,0,"Metal command buffer completed"
generated_requested,1,3,0,0,2,258,257,258,237360242522500,237360244425208,0,0,0,237360308490523,0,0,0,0,0,0,0,"exact adjacent source pair submitted"
generated_ready,1,3,0,695,2,258,257,258,0,0,237360251512958,237360248829708,237360265211666,237360308490523,0,0,39708,0,0,0,0,"Metal status completed"
selected_source,1,3,0,695,1,257,0,0,237360208771375,237360210633083,0,237360248829708,237360265211666,237360298543666,0,0,39708,0,0,0,0,"next real endpoint in source order"
presentation_submitted,1,3,688,695,1,257,0,0,237360208771375,0,0,237360248829708,237360265211666,237360298543666,0,237360253798916,39708,0,4687395648886749029,4687395649449492824,4687395650594771624,"external CAMetalDisplayLink drawable via DXMT Presenter"
source_displayed,1,3,686,693,1,256,0,0,237360175462416,0,0,237360215384416,237360231879666,237360265211666,237360252998166,0,13584,0,4687395647737556072,4687395648304214025,4687395649449492824,"normalized presentedTime from Core Animation clock"
generated_selected,1,3,0,696,2,258,257,258,237360225646937,237360244425208,237360251512958,237360265299916,237360281877666,237360315209666,0,0,5125,0,0,0,0,"exact A/B pair ready before display deadline"
presentation_submitted,1,3,689,696,2,258,257,258,237360225646937,0,237360251512958,237360265299916,237360281877666,237360315209666,0,237360265533083,5125,0,4687395649452622412,4687395650022132224,4687395651167411023,"external CAMetalDisplayLink drawable via DXMT Presenter"
generated_displayed,1,3,687,694,2,257,256,257,237360192116895,0,237360215434083,237360232030416,237360248545666,237360281877666,237360270136916,0,10042,0,4687395648309532638,4687395648876853425,4687395650022132224,"normalized presentedTime from Core Animation clock"
source_accepted,1,3,0,0,0,259,0,0,237360276230416,237360277259125,0,0,0,237360359179519,0,0,0,0,0,0,0,"owned history copy completed successfully"
history_copy_complete,1,3,0,0,0,259,0,0,237360276230416,237360277259125,0,0,0,237360359179519,0,0,0,0,0,0,0,"Metal command buffer completed"
generated_requested,1,3,0,0,2,259,258,259,237360276230416,237360277259125,0,0,0,237360342294549,0,0,0,0,0,0,0,"exact adjacent source pair submitted"
generated_ready,1,3,0,697,2,259,258,259,0,0,237360282221833,237360282169666,237360298543666,237360342294549,0,0,22084,0,0,0,0,"Metal status completed"
selected_source,1,3,0,697,1,258,0,0,237360242522500,237360244425208,0,237360282169666,237360298543666,237360331875666,0,0,22084,0,0,0,0,"next real endpoint in source order"
presentation_submitted,1,3,690,697,1,258,0,0,237360242522500,0,0,237360282169666,237360298543666,237360331875666,0,237360282719750,22084,0,4687395650032332771,4687395650594771623,4687395651740050423,"external CAMetalDisplayLink drawable via DXMT Presenter"
source_displayed,1,3,688,695,1,257,0,0,237360208771375,0,0,237360248829708,237360265211666,237360298543666,237360286913208,0,39708,0,4687395648886749029,4687395649449492824,4687395650594771624,"normalized presentedTime from Core Animation clock"
generated_selected,1,3,0,698,2,259,258,259,237360259376458,237360277259125,237360282221833,237360298721208,237360315209666,237360348541666,0,0,17250,0,0,0,0,"exact A/B pair ready before display deadline"
presentation_submitted,1,3,691,698,2,259,258,259,237360259376458,0,237360282221833,237360298721208,237360315209666,237360348541666,0,237360299667208,17250,0,4687395650601055161,4687395651167411023,4687395652312689822,"external CAMetalDisplayLink drawable via DXMT Presenter"
source_accepted,1,3,0,0,0,260,0,0,237360309573291,237360312838291,0,0,0,237360392557848,0,0,0,0,0,0,0,"owned history copy completed successfully"
history_copy_complete,1,3,0,0,0,260,0,0,237360309573291,237360312838291,0,0,0,237360392557848,0,0,0,0,0,0,0,"Metal command buffer completed"
generated_displayed,1,3,689,696,2,258,257,258,237360225646937,0,237360251512958,237360265299916,237360281877666,237360315209666,237360304019166,0,5125,0,4687395649452622412,4687395650022132224,4687395651167411023,"normalized presentedTime from Core Animation clock"
generated_requested,1,3,0,0,2,260,259,260,237360309573291,237360312838291,0,0,0,237360375868683,0,0,0,0,0,0,0,"exact adjacent source pair submitted"
selected_source,1,3,0,699,1,259,0,0,237360276230416,237360277259125,0,237360315576458,237360331875666,237360365207666,0,0,14417,0,0,0,0,"next real endpoint in source order"
presentation_submitted,1,3,692,699,1,259,0,0,237360276230416,0,0,237360315576458,237360331875666,237360365207666,0,237360316900416,14417,0,4687395651180145601,4687395651740050423,4687395652885329222,"external CAMetalDisplayLink drawable via DXMT Presenter"
generated_ready,1,3,0,700,2,260,259,260,0,0,237360332269625,237360332170625,237360348541666,237360375868683,0,0,37666,0,0,0,0,"Metal status completed"
generated_selected,1,3,0,700,2,260,259,260,237360292901853,237360312838291,237360332269625,237360332170625,237360348541666,237360381873666,0,0,37666,0,0,0,0,"exact A/B pair ready before display deadline"
presentation_submitted,1,3,693,700,2,260,259,260,237360292901853,0,237360332269625,237360332170625,237360348541666,237360381873666,0,237360332773666,37666,0,4687395651750292477,4687395652312689822,4687395653457968622,"external CAMetalDisplayLink drawable via DXMT Presenter"
source_displayed,1,3,690,697,1,258,0,0,237360242522500,0,0,237360282169666,237360298543666,237360331875666,237360331966541,0,22084,0,4687395650032332771,4687395650594771623,4687395651740050423,"normalized presentedTime from Core Animation clock"
source_accepted,1,3,0,0,0,261,0,0,237360342094791,237360343563083,0,0,0,237360425083635,0,0,0,0,0,0,0,"owned history copy completed successfully"
history_copy_complete,1,3,0,0,0,261,0,0,237360342094791,237360343563083,0,0,0,237360425083635,0,0,0,0,0,0,0,"Metal command buffer completed"
generated_requested,1,3,0,0,2,261,260,261,237360342094791,237360343563083,0,0,0,237360408820741,0,0,0,0,0,0,0,"exact adjacent source pair submitted"
generated_ready,1,3,0,701,2,261,260,261,0,0,237360348698166,237360348668250,237360365207666,237360408820741,0,0,7041,0,0,0,0,"Metal status completed"
selected_source,1,3,0,701,1,260,0,0,237360309573291,237360312838291,0,237360348668250,237360365207666,237360398539666,0,0,7041,0,0,0,0,"next real endpoint in source order"
presentation_submitted,1,3,694,701,1,260,0,0,237360309573291,0,0,237360348668250,237360365207666,237360398539666,0,237360348941750,7041,0,4687395652317146555,4687395652885329222,4687395654030608021,"external CAMetalDisplayLink drawable via DXMT Presenter"
generated_displayed,1,3,691,698,2,259,258,259,237360259376458,0,237360282221833,237360298721208,237360315209666,237360348541666,237360349970791,0,17250,0,4687395650601055161,4687395651167411023,4687395652312689822,"normalized presentedTime from Core Animation clock"
source_displayed,1,3,692,699,1,259,0,0,237360276230416,0,0,237360315576458,237360331875666,237360365207666,237360355788999,0,14417,0,4687395651180145601,4687395651740050423,4687395652885329222,"normalized presentedTime from Core Animation clock"
generated_selected,1,3,0,702,2,261,260,261,237360325834041,237360343563083,237360348698166,237360365326958,237360381873666,237360415205666,0,0,9042,0,0,0,0,"exact A/B pair ready before display deadline"
presentation_submitted,1,3,695,702,2,261,260,261,237360325834041,0,237360348698166,237360365326958,237360381873666,237360415205666,0,237360365693666,9042,0,4687395652889554027,4687395653457968622,4687395654603247421,"external CAMetalDisplayLink drawable via DXMT Presenter"
generated_displayed,1,3,693,700,2,260,259,260,237360292901853,0,237360332269625,237360332170625,237360348541666,237360381873666,237360368019041,0,37666,0,4687395651750292477,4687395652312689822,4687395653457968622,"normalized presentedTime from Core Animation clock"
source_accepted,1,3,0,0,0,262,0,0,237360375414291,237360376795000,0,0,0,237360458454649,0,0,0,0,0,0,0,"owned history copy completed successfully"
history_copy_complete,1,3,0,0,0,262,0,0,237360375414291,237360376795000,0,0,0,237360458454649,0,0,0,0,0,0,0,"Metal command buffer completed"
generated_requested,1,3,0,0,2,262,261,262,237360375414291,237360376795000,0,0,0,237360441769142,0,0,0,0,0,0,0,"exact adjacent source pair submitted"
generated_ready,1,3,0,703,2,262,261,262,0,0,237360382032750,237360382003875,237360398539666,237360441769142,0,0,7208,0,0,0,0,"Metal status completed"
selected_source,1,3,0,703,1,261,0,0,237360342094791,237360343563083,0,237360382003875,237360398539666,237360431871666,0,0,7208,0,0,0,0,"next real endpoint in source order"
presentation_submitted,1,3,696,703,1,261,0,0,237360342094791,0,0,237360382003875,237360398539666,237360431871666,0,237360382280333,7208,0,4687395653462551352,4687395654030608021,4687395655175886821,"external CAMetalDisplayLink drawable via DXMT Presenter"
source_displayed,1,3,694,701,1,260,0,0,237360309573291,0,0,237360348668250,237360365207666,237360398539666,237360385003124,0,7041,0,4687395652317146555,4687395652885329222,4687395654030608021,"normalized presentedTime from Core Animation clock"
generated_selected,1,3,0,704,2,262,261,262,237360358754541,237360376795000,237360382032750,237360398699916,237360415205666,237360448537666,0,0,12167,0,0,0,0,"exact A/B pair ready before display deadline"
presentation_submitted,1,3,697,704,2,262,261,262,237360358754541,0,237360382032750,237360398699916,237360415205666,237360448537666,0,237360399329791,12167,0,4687395654036254460,4687395654603247421,4687395655748526220,"external CAMetalDisplayLink drawable via DXMT Presenter"
generated_displayed,1,3,695,702,2,261,260,261,237360325834041,0,237360348698166,237360365326958,237360381873666,237360415205666,237360402121708,0,9042,0,4687395652889554027,4687395653457968622,4687395654603247421,"normalized presentedTime from Core Animation clock"
source_accepted,1,3,0,0,0,263,0,0,237360408770666,237360410720750,0,0,0,237360491844947,0,0,0,0,0,0,0,"owned history copy completed successfully"
history_copy_complete,1,3,0,0,0,263,0,0,237360408770666,237360410720750,0,0,0,237360491844947,0,0,0,0,0,0,0,"Metal command buffer completed"
generated_requested,1,3,0,0,2,263,262,263,237360408770666,237360410720750,0,0,0,237360475149798,0,0,0,0,0,0,0,"exact adjacent source pair submitted"
generated_ready,1,3,0,705,2,263,262,263,0,0,237360415520916,237360415395791,237360431871666,237360475149798,0,0,12292,0,0,0,0,"Metal status completed"
selected_source,1,3,0,705,1,262,0,0,237360375414291,237360376795000,0,237360415395791,237360431871666,237360465203666,0,0,12292,0,0,0,0,"next real endpoint in source order"
presentation_submitted,1,3,698,705,1,262,0,0,237360375414291,0,0,237360415395791,237360431871666,237360465203666,0,237360416106166,12292,0,4687395654609896030,4687395655175886821,4687395656321165620,"external CAMetalDisplayLink drawable via DXMT Presenter"
source_displayed,1,3,696,703,1,261,0,0,237360342094791,0,0,237360382003875,237360398539666,237360431871666,237360419184874,0,7208,0,4687395653462551352,4687395654030608021,4687395655175886821,"normalized presentedTime from Core Animation clock"
generated_selected,1,3,0,706,2,263,262,263,237360392092478,237360410720750,237360415520916,237360432060333,237360448537666,237360481869666,0,0,14542,0,0,0,0,"exact A/B pair ready before display deadline"
presentation_submitted,1,3,699,706,2,263,262,263,237360392092478,0,237360415520916,237360432060333,237360448537666,237360481869666,0,237360432623541,14542,0,4687395655182512512,4687395655748526220,4687395656893805020,"external CAMetalDisplayLink drawable via DXMT Presenter"
generated_displayed,1,3,697,704,2,262,261,262,237360358754541,0,237360382032750,237360398699916,237360415205666,237360448537666,237360435312166,0,12167,0,4687395654036254460,4687395654603247421,4687395655748526220,"normalized presentedTime from Core Animation clock"
source_accepted,1,3,0,0,0,264,0,0,237360442094541,237360443655416,0,0,0,237360525184689,0,0,0,0,0,0,0,"owned history copy completed successfully"
history_copy_complete,1,3,0,0,0,264,0,0,237360442094541,237360443655416,0,0,0,237360525184689,0,0,0,0,0,0,0,"Metal command buffer completed"
generated_requested,1,3,0,0,2,264,263,264,237360442094541,237360443655416,0,0,0,237360508514818,0,0,0,0,0,0,0,"exact adjacent source pair submitted"
generated_ready,1,3,0,707,2,264,263,264,0,0,237360448708791,237360448671958,237360465203666,237360508514818,0,0,8833,0,0,0,0,"Metal status completed"
selected_source,1,3,0,707,1,263,0,0,237360408770666,237360410720750,0,237360448671958,237360465203666,237360498535666,0,0,8833,0,0,0,0,"next real endpoint in source order"
presentation_submitted,1,3,700,707,1,263,0,0,237360408770666,0,0,237360448671958,237360465203666,237360498535666,0,237360448990458,8833,0,4687395655753246389,4687395656321165620,4687395657466444419,"external CAMetalDisplayLink drawable via DXMT Presenter"
generated_selected,1,3,0,708,2,264,263,264,237360425432603,237360443655416,237360448708791,237360465366125,237360481869666,237360515201666,0,0,12500,0,0,0,0,"exact A/B pair ready before display deadline"
presentation_submitted,1,3,701,708,2,264,263,264,237360425432603,0,237360448708791,237360465366125,237360481869666,237360515201666,0,237360465794875,12500,0,4687395656326873631,4687395656893805020,4687395658039083819,"external CAMetalDisplayLink drawable via DXMT Presenter"
source_displayed,1,3,698,705,1,262,0,0,237360375414291,0,0,237360415395791,237360431871666,237360465203666,237360465298374,0,12292,0,4687395654609896030,4687395655175886821,4687395656321165620,"normalized presentedTime from Core Animation clock"
source_accepted,1,3,0,0,0,265,0,0,237360475816208,237360478131083,0,0,0,237360558927887,0,0,0,0,0,0,0,"owned history copy completed successfully"
history_copy_complete,1,3,0,0,0,265,0,0,237360475816208,237360478131083,0,0,0,237360558927887,0,0,0,0,0,0,0,"Metal command buffer completed"
generated_requested,1,3,0,0,2,265,264,265,237360475816208,237360478131083,0,0,0,237360542056288,0,0,0,0,0,0,0,"exact adjacent source pair submitted"
generated_ready,1,3,0,709,2,265,264,265,0,0,237360482084625,237360482038208,237360498535666,237360542056288,0,0,12042,0,0,0,0,"Metal status completed"
selected_source,1,3,0,709,1,264,0,0,237360442094541,237360443655416,0,237360482038208,237360498535666,237360531867666,0,0,12042,0,0,0,0,"next real endpoint in source order"
presentation_submitted,1,3,702,709,1,264,0,0,237360442094541,0,0,237360482038208,237360498535666,237360531867666,0,237360482458541,12042,0,4687395656899707748,4687395657466444419,4687395658611723219,"external CAMetalDisplayLink drawable via DXMT Presenter"
generated_selected,1,3,0,710,2,265,264,265,237360458955374,237360478131083,237360482084625,237360498737708,237360515201666,237360548533666,0,0,14833,0,0,0,0,"exact A/B pair ready before display deadline"
presentation_submitted,1,3,703,710,2,265,264,265,237360458955374,0,237360482084625,237360498737708,237360515201666,237360548533666,0,237360499311166,14833,0,4687395657473518230,4687395658039083819,4687395659184362618,"external CAMetalDisplayLink drawable via DXMT Presenter"
generated_displayed,1,3,699,706,2,263,262,263,237360392092478,0,237360415520916,237360432060333,237360448537666,237360481869666,237360498631291,0,14542,0,4687395655182512512,4687395655748526220,4687395656893805020,"normalized presentedTime from Core Animation clock"
source_accepted,1,3,0,0,0,266,0,0,237360509429583,237360515409708,0,0,0,237360592549053,0,0,0,0,0,0,0,"owned history copy completed successfully"
history_copy_complete,1,3,0,0,0,266,0,0,237360509429583,237360515409708,0,0,0,237360592549053,0,0,0,0,0,0,0,"Metal command buffer completed"
selected_source,1,3,0,711,1,265,0,0,237360475816208,237360478131083,0,237360516371541,237360531867666,237360565199666,0,0,26334,0,0,0,0,"next real endpoint in source order"
source_displayed,1,3,700,707,1,263,0,0,237360408770666,0,0,237360448671958,237360465203666,237360498535666,237360515297874,0,8833,0,4687395655753246389,4687395656321165620,4687395657466444419,"normalized presentedTime from Core Animation clock"
presentation_submitted,1,3,704,711,1,265,0,0,237360475816208,0,0,237360516371541,237360531867666,237360565199666,0,237360517360708,26334,0,4687395658079406415,4687395658611723218,4687395659757002018,"external CAMetalDisplayLink drawable via DXMT Presenter"
generated_requested,1,3,0,0,2,266,265,266,237360509429583,237360515409708,0,0,0,237360575738470,0,0,0,0,0,0,0,"exact adjacent source pair submitted"
generated_displayed,1,3,701,708,2,264,263,264,237360425432603,0,237360448708791,237360465366125,237360481869666,237360515201666,237360516826583,0,12500,0,4687395656326873631,4687395656893805020,4687395658039083819,"normalized presentedTime from Core Animation clock"
source_displayed,1,3,702,709,1,264,0,0,237360442094541,0,0,237360482038208,237360498535666,237360531867666,237360523381208,0,12042,0,4687395656899707748,4687395657466444419,4687395658611723219,"normalized presentedTime from Core Animation clock"
generated_ready,1,3,0,712,2,266,265,266,0,0,237360532037750,237360531998708,237360548533666,237360575738470,0,0,9042,0,0,0,0,"Metal status completed"
generated_selected,1,3,0,712,2,266,265,266,237360492622895,237360515409708,237360532037750,237360531998708,237360548533666,237360581865666,0,0,9042,0,0,0,0,"exact A/B pair ready before display deadline"
presentation_submitted,1,3,705,712,2,266,265,266,237360492622895,0,237360532037750,237360531998708,237360548533666,237360581865666,0,237360532442041,9042,0,4687395658616348898,4687395659184362618,4687395660329641417,"external CAMetalDisplayLink drawable via DXMT Presenter"
generated_displayed,1,3,703,710,2,265,264,265,237360458955374,0,237360482084625,237360498737708,237360515201666,237360548533666,237360534941416,0,14833,0,4687395657473518230,4687395658039083819,4687395659184362618,"normalized presentedTime from Core Animation clock"
source_accepted,1,3,0,0,0,267,0,0,237360542397083,237360544104500,0,0,0,237360625421872,0,0,0,0,0,0,0,"owned history copy completed successfully"
history_copy_complete,1,3,0,0,0,267,0,0,237360542397083,237360544104500,0,0,0,237360625421872,0,0,0,0,0,0,0,"Metal command buffer completed"
generated_requested,1,3,0,0,2,267,266,267,237360542397083,237360544104500,0,0,0,237360608985462,0,0,0,0,0,0,0,"exact adjacent source pair submitted"
generated_ready,1,3,0,713,2,267,266,267,0,0,237360548721375,237360548686875,237360565199666,237360608985462,0,0,9500,0,0,0,0,"Metal status completed"
selected_source,1,3,0,713,1,266,0,0,237360509429583,237360515409708,0,237360548686875,237360565199666,237360598531666,0,0,9500,0,0,0,0,"next real endpoint in source order"
presentation_submitted,1,3,706,713,1,266,0,0,237360509429583,0,0,237360548686875,237360565199666,237360598531666,0,237360548989833,9500,0,4687395659189739917,4687395659757002018,4687395660902280817,"external CAMetalDisplayLink drawable via DXMT Presenter"
source_displayed,1,3,704,711,1,265,0,0,237360475816208,0,0,237360516371541,237360531867666,237360565199666,237360551768166,0,26334,0,4687395658079406415,4687395658611723218,4687395659757002018,"normalized presentedTime from Core Animation clock"
generated_selected,1,3,0,714,2,267,266,267,237360525913333,237360544104500,237360548721375,237360565340250,237360581865666,237360615197666,0,0,10958,0,0,0,0,"exact A/B pair ready before display deadline"
presentation_submitted,1,3,707,714,2,267,266,267,237360525913333,0,237360548721375,237360565340250,237360581865666,237360615197666,0,237360565747666,10958,0,4687395659761956967,4687395660329641417,4687395661474920217,"external CAMetalDisplayLink drawable via DXMT Presenter"
generated_displayed,1,3,705,712,2,266,265,266,237360492622895,0,237360532037750,237360531998708,237360548533666,237360581865666,237360568273208,0,9042,0,4687395658616348898,4687395659184362618,4687395660329641417,"normalized presentedTime from Core Animation clock"
source_accepted,1,3,0,0,0,268,0,0,237360575714291,237360577358583,0,0,0,237360658776595,0,0,0,0,0,0,0,"owned history copy completed successfully"
history_copy_complete,1,3,0,0,0,268,0,0,237360575714291,237360577358583,0,0,0,237360658776595,0,0,0,0,0,0,0,"Metal command buffer completed"
generated_requested,1,3,0,0,2,268,267,268,237360575714291,237360577358583,0,0,0,237360642099233,0,0,0,0,0,0,0,"exact adjacent source pair submitted"
generated_ready,1,3,0,715,2,268,267,268,0,0,237360582071500,237360582029125,237360598531666,237360642099233,0,0,8583,0,0,0,0,"Metal status completed"
selected_source,1,3,0,715,1,267,0,0,237360542397083,237360544104500,0,237360582029125,237360598531666,237360631863666,0,0,8583,0,0,0,0,"next real endpoint in source order"
presentation_submitted,1,3,708,715,1,267,0,0,237360542397083,0,0,237360582029125,237360598531666,237360631863666,0,237360582400458,8583,0,4687395660335369461,4687395660902280817,4687395662047559616,"external CAMetalDisplayLink drawable via DXMT Presenter"
source_displayed,1,3,706,713,1,266,0,0,237360509429583,0,0,237360548686875,237360565199666,237360598531666,237360585889041,0,9500,0,4687395659189739917,4687395659757002018,4687395660902280817,"normalized presentedTime from Core Animation clock"
generated_selected,1,3,0,716,2,268,267,268,237360559055687,237360577358583,237360582071500,237360598687083,237360615197666,237360648529666,0,0,12500,0,0,0,0,"exact A/B pair ready before display deadline"
presentation_submitted,1,3,709,716,2,268,267,268,237360559055687,0,237360582071500,237360598687083,237360615197666,237360648529666,0,237360599179250,12500,0,4687395660907758343,4687395661474920217,4687395662620199016,"external CAMetalDisplayLink drawable via DXMT Presenter"
generated_displayed,1,3,707,714,2,267,266,267,237360525913333,0,237360548721375,237360565340250,237360581865666,237360615197666,237360601785624,0,10958,0,4687395659761956967,4687395660329641417,4687395661474920217,"normalized presentedTime from Core Animation clock"
source_accepted,1,3,0,0,0,269,0,0,237360609373333,237360611223791,0,0,0,237360692461385,0,0,0,0,0,0,0,"owned history copy completed successfully"
history_copy_complete,1,3,0,0,0,269,0,0,237360609373333,237360611223791,0,0,0,237360692461385,0,0,0,0,0,0,0,"Metal command buffer completed"
generated_requested,1,3,0,0,2,269,268,269,237360609373333,237360611223791,0,0,0,237360675618990,0,0,0,0,0,0,0,"exact adjacent source pair submitted"
generated_ready,1,3,0,717,2,269,268,269,0,0,237360615385500,237360615351208,237360631863666,237360675618990,0,0,8667,0,0,0,0,"Metal status completed"
selected_source,1,3,0,717,1,268,0,0,237360575714291,237360577358583,0,237360615351208,237360631863666,237360665195666,0,0,8667,0,0,0,0,"next real endpoint in source order"
presentation_submitted,1,3,710,717,1,268,0,0,237360575714291,0,0,237360615351208,237360631863666,237360665195666,0,237360615682041,8667,0,4687395661480324729,4687395662047559616,4687395663192838416,"external CAMetalDisplayLink drawable via DXMT Presenter"
generated_selected,1,3,0,718,2,269,268,269,237360592543812,237360611223791,237360615385500,237360632052000,237360648529666,237360681861666,0,0,16208,0,0,0,0,"exact A/B pair ready before display deadline"
presentation_submitted,1,3,711,718,2,269,268,269,237360592543812,0,237360615385500,237360632052000,237360648529666,237360681861666,0,237360632568333,16208,0,4687395662054166719,4687395662620199016,4687395663765477815,"external CAMetalDisplayLink drawable via DXMT Presenter"
source_accepted,1,3,0,0,0,270,0,0,237360643170791,237360645560791,0,0,0,237360726275526,0,0,0,0,0,0,0,"owned history copy completed successfully"
history_copy_complete,1,3,0,0,0,270,0,0,237360643170791,237360645560791,0,0,0,237360726275526,0,0,0,0,0,0,0,"Metal command buffer completed"
generated_requested,1,3,0,0,2,270,269,270,237360643170791,237360645560791,0,0,0,237360709368455,0,0,0,0,0,0,0,"exact adjacent source pair submitted"
source_displayed,1,3,708,715,1,267,0,0,237360542397083,0,0,237360582029125,237360598531666,237360631863666,237360648629666,0,8583,0,4687395660335369461,4687395660902280817,4687395662047559616,"normalized presentedTime from Core Animation clock"
generated_ready,1,3,0,719,2,270,269,270,0,0,237360656672833,237360656588416,237360665195666,237360709368455,0,0,13875,0,0,0,0,"Metal status completed"
selected_source,1,3,0,719,1,269,0,0,237360609373333,237360611223791,0,237360656588416,237360665195666,237360698527666,0,0,13875,0,0,0,0,"next real endpoint in source order"
presentation_submitted,1,3,712,719,1,269,0,0,237360609373333,0,0,237360656588416,237360665195666,237360698527666,0,237360657265458,13875,0,4687395662897243029,4687395663192838416,4687395664338117215,"external CAMetalDisplayLink drawable via DXMT Presenter"
generated_selected,1,3,0,720,2,270,269,270,237360626272062,237360645560791,237360656672833,237360665468625,237360681861666,237360715193666,0,0,30458,0,0,0,0,"exact A/B pair ready before display deadline"
presentation_submitted,1,3,713,720,2,270,269,270,237360626272062,0,237360656672833,237360665468625,237360681861666,237360715193666,0,237360666354666,30458,0,4687395663202391866,4687395663765477815,4687395664910756615,"external CAMetalDisplayLink drawable via DXMT Presenter"
source_accepted,1,3,0,0,0,271,0,0,237360676116000,237360679026583,0,0,0,237360758358298,0,0,0,0,0,0,0,"owned history copy completed successfully"
history_copy_complete,1,3,0,0,0,271,0,0,237360676116000,237360679026583,0,0,0,237360758358298,0,0,0,0,0,0,0,"Metal command buffer completed"
generated_requested,1,3,0,0,2,271,270,271,237360676116000,237360679026583,0,0,0,237360742316912,0,0,0,0,0,0,0,"exact adjacent source pair submitted"
presentation_dropped,1,3,709,716,2,268,267,268,237360559055687,0,237360582071500,237360598687083,237360615197666,237360648529666,0,0,12500,0,4687395660907758343,4687395661474920217,4687395662620199016,"Metal drawable presentedTime=0; associated frame was dropped or not presented"
source_displayed,1,3,710,717,1,268,0,0,237360575714291,0,0,237360615351208,237360631863666,237360665195666,237360667496916,0,8667,0,4687395661480324729,4687395662047559616,4687395663192838416,"normalized presentedTime from Core Animation clock"
generated_ready,1,3,0,721,2,271,270,271,0,0,237360681929416,237360681917500,237360698527666,237360742316912,0,0,3500,0,0,0,0,"Metal status completed"
selected_source,1,3,0,721,1,270,0,0,237360643170791,237360645560791,0,237360681917500,237360698527666,237360731859666,0,0,3500,0,0,0,0,"next real endpoint in source order"
presentation_submitted,1,3,714,721,1,270,0,0,237360643170791,0,0,237360681917500,237360698527666,237360731859666,0,237360682014125,3500,0,4687395663767497893,4687395664338117215,4687395665483396014,"external CAMetalDisplayLink drawable via DXMT Presenter"
generated_displayed,1,3,711,718,2,269,268,269,237360592543812,0,237360615385500,237360632052000,237360648529666,237360681861666,237360680721083,0,16208,0,4687395662054166719,4687395662620199016,4687395663765477815,"normalized presentedTime from Core Animation clock"
source_displayed,1,3,712,719,1,269,0,0,237360609373333,0,0,237360656588416,237360665195666,237360698527666,237360683818499,0,13875,0,4687395662897243029,4687395663192838416,4687395664338117215,"normalized presentedTime from Core Animation clock"
generated_selected,1,3,0,722,2,271,270,271,237360659643395,237360679026583,237360681929416,237360698598500,237360715193665,237360748525666,0,0,4416,0,0,0,0,"exact A/B pair ready before display deadline"
presentation_submitted,1,3,715,722,2,271,270,271,237360659643395,0,237360681929416,237360698598500,237360715193665,237360748525666,0,237360698788708,4416,0,4687395664340652689,4687395664910756614,4687395666056035414,"external CAMetalDisplayLink drawable via DXMT Presenter"
generated_displayed,1,3,713,720,2,270,269,270,237360626272062,0,237360656672833,237360665468625,237360681861666,237360715193666,237360700270124,0,30458,0,4687395663202391866,4687395663765477815,4687395664910756615,"normalized presentedTime from Core Animation clock"
source_displayed,1,3,714,721,1,270,0,0,237360643170791,0,0,237360681917500,237360698527666,237360731859666,237360718425999,0,3500,0,4687395663767497893,4687395664338117215,4687395665483396014,"normalized presentedTime from Core Animation clock"
generated_displayed,1,3,715,722,2,271,270,271,237360659643395,0,237360681929416,237360698598500,237360715193665,237360748525666,237360735695583,0,4416,0,4687395664340652689,4687395664910756614,4687395666056035414,"normalized presentedTime from Core Animation clock"
selected_source,1,3,0,723,1,271,0,0,237360676116000,237360679026583,0,237360751480750,237360768116874,237360801448874,0,0,6958,0,0,0,0,"next real endpoint in source order"
presentation_submitted,1,3,716,723,1,271,0,0,237360676116000,0,0,237360751480750,237360768116874,237360801448874,0,237360751736000,6958,0,4687395666157681553,4687395666729184195,4687395667874462994,"external CAMetalDisplayLink drawable via DXMT Presenter"
selected_source_repeat,1,3,0,724,1,271,0,0,237360676116000,237360679026583,0,237360765491458,237360781857666,237360815189666,0,0,7042,0,0,0,0,"no newer accepted source yet"
presentation_dropped,1,3,716,723,1,271,0,0,237360676116000,0,0,237360751480750,237360768116874,237360801448874,0,0,6958,0,4687395666157681553,4687395666729184195,4687395667874462994,"Metal drawable presentedTime=0; associated frame was dropped or not presented"
