info:  Creating device:
info:  Apple M3:
info:    Driver   : MoltenVK 0.2.2210
info:  Queues:
info:    Graphics : (0, 0)
info:    Transfer : (0, 0)
info:    Sparse   : (4294967295, 0)
info:  Memory:
info:    Heap 0: 16.0 GiB (DEVICE_LOCAL)
info:    Budget: 11.84 GiB
info:      Type  0: DEVICE_LOCAL
info:      Type  1: DEVICE_LOCAL | HOST_VISIBLE | HOST_COHERENT | HOST_CACHED
info:      Type  2: DEVICE_LOCAL | LAZILY_ALLOCATED
info:  Enabled extensions:
info:    VK_EXT_extended_dynamic_state3
info:    VK_EXT_fragment_shader_interlock
info:    VK_EXT_hdr_metadata
info:    VK_EXT_robustness2
info:    VK_EXT_sample_locations
info:    VK_EXT_shader_stencil_export
info:    VK_EXT_vertex_attribute_divisor
info:    VK_KHR_calibrated_timestamps
info:    VK_KHR_dynamic_rendering_local_read
info:    VK_KHR_incremental_present
info:    VK_KHR_load_store_op_none
info:    VK_KHR_maintenance5
info:    VK_KHR_maintenance6
info:    VK_KHR_maintenance7
info:    VK_KHR_maintenance8
info:    VK_KHR_maintenance9
info:    VK_KHR_present_id
info:    VK_KHR_present_wait
info:    VK_KHR_shader_float_controls2
info:    VK_KHR_shader_subgroup_uniform_control_flow
info:    VK_KHR_swapchain
info:    VK_KHR_swapchain_maintenance1
info:    VK_KHR_swapchain_mutable_format
info:  Enabled features:
info:    depthBiasClamp                 : 1
info:    depthBounds                    : 0
info:    depthClamp                     : 1
info:    drawIndirectFirstInstance      : 1
info:    dualSrcBlend                   : 1
info:    fillModeNonSolid               : 1
info:    fragmentStoresAndAtomics       : 1
info:    fullDrawIndexUint32            : 1
info:    geometryShader                 : 0
info:    imageCubeArray                 : 1
info:    independentBlend               : 1
info:    largePoints                    : 1
info:    logicOp                        : 0
info:    multiDrawIndirect              : 1
info:    multiViewport                  : 1
info:    occlusionQueryPrecise          : 1
info:    pipelineStatisticsQuery        : 0
info:    robustBufferAccess             : 1
info:    sampleRateShading              : 1
info:    samplerAnisotropy              : 1
info:    shaderClipDistance             : 1
info:    shaderCullDistance             : 0
info:    shaderFloat64                  : 0
info:    shaderImageGatherExtended      : 1
info:    shaderInt16                    : 1
info:    shaderInt64                    : 1
info:    shaderUniformBufferArrayDynamicIndexing : 1
info:    shaderSampledImageArrayDynamicIndexing : 1
info:    shaderStorageBufferArrayDynamicIndexing : 1
info:    shaderStorageImageArrayDynamicIndexing : 1
info:    sparseBinding                  : 0
info:    sparseResidencyBuffer          : 0
info:    sparseResidencyImage2D         : 0
info:    sparseResidencyImage3D         : 0
info:    sparseResidency2Samples        : 0
info:    sparseResidency4Samples        : 0
info:    sparseResidency8Samples        : 0
info:    sparseResidency16Samples       : 0
info:    sparseResidencyAliased         : 0
info:    shaderResourceResidency        : 0
info:    shaderResourceMinLod           : 1
info:    tessellationShader             : 1
info:    textureCompressionBC           : 1
info:    variableMultisampleRate        : 0
info:    vertexPipelineStoresAndAtomics : 1
info:    wideLines                      : 0
info:    shaderDrawParameters           : 1
info:    storageBuffer16BitAccess       : 1
info:    storagePushConstant16          : 1
info:    bufferDeviceAddress            : 1
info:    descriptorIndexing             : 1
info:    storageBuffer8BitAccess        : 1
info:    storagePushConstant8           : 1
info:    shaderUniformTexelBufferArrayDynamicIndexing : 1
info:    shaderStorageTexelBufferArrayDynamicIndexing : 1
info:    shaderUniformBufferArrayNonUniformIndexing : 1
info:    shaderSampledImageArrayNonUniformIndexing : 1
info:    shaderStorageBufferArrayNonUniformIndexing : 1
info:    shaderStorageImageArrayNonUniformIndexing : 1
info:    shaderUniformTexelBufferArrayNonUniformIndexing : 1
info:    shaderStorageTexelBufferArrayNonUniformIndexing : 1
info:    descriptorBindingSampledImageUpdateAfterBind : 1
info:    descriptorBindingUpdateUnusedWhilePending : 1
info:    descriptorBindingPartiallyBound : 1
info:    drawIndirectCount              : 0
info:    hostQueryReset                 : 1
info:    runtimeDescriptorArray         : 1
info:    samplerFilterMinmax            : 0
info:    samplerMirrorClampToEdge       : 1
info:    scalarBlockLayout              : 1
info:    shaderFloat16                  : 1
info:    shaderInt8                     : 1
info:    shaderOutputViewportIndex      : 1
info:    shaderOutputLayer              : 1
info:    timelineSemaphore              : 1
info:    uniformBufferStandardLayout    : 1
info:    vulkanMemoryModel              : 1
info:    inlineUniformBlock             : 1
info:    computeFullSubgroups           : 1
info:    dynamicRendering               : 1
info:    maintenance4                   : 1
info:    robustImageAccess              : 0
info:    pipelineCreationCacheControl   : 1
info:    shaderDemoteToHelperInvocation : 1
info:    shaderZeroInitializeWorkgroupMemory : 1
info:    subgroupSizeControl            : 1
info:    synchronization2               : 1
info:  VK_EXT_attachment_feedback_loop_layout:
info:    attachmentFeedbackLoopLayout   : 0
info:  VK_EXT_border_color_swizzle:
info:    borderColorSwizzle             : 0
info:    borderColorSwizzleFromImage    : 0
info:  VK_EXT_conservative_rasterization:
info:    extConservativeRasterization   : 0
info:  VK_EXT_custom_border_color:
info:    customBorderColors             : 0
info:    customBorderColorWithoutFormat : 0
info:  VK_EXT_depth_clip_enable:
info:    depthClipEnable                : 0
info:  VK_EXT_depth_bias_control:
info:    depthBiasControl               : 0
info:    leastRepresentableValueForceUnormRepresentation : 0
info:    floatRepresentation            : 0
info:    depthBiasExact                 : 0
info:  VK_EXT_descriptor_buffer:
info:    descriptorBuffer               : 0
info:  VK_EXT_descriptor_heap:
info:    descriptorHeap                 : 0
info:  VK_EXT_dynamic_rendering_unused_attachments:
info:    dynamicRenderingUnusedAttachments : 0
info:  VK_EXT_extended_dynamic_state3:
info:    extendedDynamicState3AlphaToCoverageEnable : 0
info:    extendedDynamicState3DepthClipEnable : 1
info:    extendedDynamicState3RasterizationSamples : 0
info:    extendedDynamicState3SampleMask : 0
info:    extendedDynamicState3LineRasterizationMode : 1
info:    extendedDynamicState3SampleLocationsEnable : 1
info:  VK_EXT_fragment_shader_interlock:
info:    fragmentShaderSampleInterlock  : 1
info:    fragmentShaderPixelInterlock   : 1
info:  VK_EXT_full_screen_exclusive:
info:    extFullScreenExclusive         : 0
info:  VK_EXT_graphics_pipeline_library:
info:    graphicsPipelineLibrary        : 0
info:  VK_EXT_hdr_metadata:
info:    extHdrMetadata                 : 1
info:  VK_EXT_line_rasterization:
info:    rectangularLines               : 0
info:    smoothLines                    : 0
info:  VK_EXT_memory_budget:
info:    extMemoryBudget                : 1
info:  VK_EXT_memory_priority:
info:    memoryPriority                 : 0
info:  VK_EXT_multi_draw:
info:    multiDraw                      : 0
info:  VK_EXT_non_seamless_cube_map:
info:    nonSeamlessCubeMap             : 0
info:  VK_EXT_pageable_device_local_memory:
info:    pageableDeviceLocalMemory      : 0
info:  VK_EXT_present_timing:
info:    presentTiming                  : 0
info:    presentAtAbsoluteTime          : 0
info:    presentAtRelativeTime          : 0
info:  VK_EXT_robustness2:
info:    robustBufferAccess2            : 0
info:    robustImageAccess2             : 1
info:    nullDescriptor                 : 0
info:  VK_EXT_sample_locations:
info:    extSampleLocations             : 1
info:  VK_EXT_shader_module_identifier:
info:    shaderModuleIdentifier         : 0
info:  VK_EXT_shader_stencil_export:
info:    extShaderStencilExport         : 1
info:  VK_EXT_swapchain_colorspace:
info:    extSwapchainColorSpace         : 0
info:  VK_EXT_swapchain_maintenance1:
info:    swapchainMaintenance1          : 0
info:  VK_EXT_transform_feedback:
info:    transformFeedback              : 0
info:    geometryStreams                : 0
info:  VK_EXT_vertex_attribute_divisor:
info:    vertexAttributeInstanceRateDivisor : 1
info:    vertexAttributeInstanceRateZeroDivisor : 1
info:  VK_KHR_calibrated_timestamps:
info:    khrCalibratedTimestamps        : 1
info:  VK_KHR_device_fault:
info:    deviceFault                    : 0
info:    deviceFaultVendorBinary        : 0
info:  VK_KHR_dynamic_rendering_local_read:
info:    dynamicRenderingLocalRead      : 1
info:  VK_KHR_external_memory_win32:
info:    khrExternalMemoryWin32         : 0
info:  VK_KHR_external_semaphore_win32:
info:    khrExternalSemaphoreWin32      : 0
info:  VK_KHR_incremental_present:
info:    khrIncrementalPresent          : 1
info:  VK_KHR_load_store_op_none:
info:    khrLoadStoreOpNone             : 1
info:  VK_KHR_maintenance5:
info:    maintenance5                   : 1
info:  VK_KHR_maintenance6:
info:    maintenance6                   : 1
info:  VK_KHR_maintenance7:
info:    maintenance7                   : 1
info:  VK_KHR_maintenance8:
info:    maintenance8                   : 1
info:  VK_KHR_maintenance9:
info:    maintenance9                   : 1
info:  VK_KHR_maintenance10:
info:    maintenance10                  : 0
info:  VK_KHR_maintenance11:
info:    maintenance11                  : 0
info:  VK_KHR_pipeline_library:
info:    khrPipelineLibrary             : 0
info:  VK_KHR_present_id:
info:    presentId                      : 1
info:  VK_KHR_present_id2:
info:    presentId2                     : 0
info:  VK_KHR_present_wait:
info:    presentWait                    : 1
info:  VK_KHR_present_wait2:
info:    presentWait2                   : 0
info:  VK_KHR_shader_float_controls2:
info:    shaderFloatControls2           : 1
info:  VK_KHR_shader_subgroup_uniform_control_flow:
info:    shaderSubgroupUniformControlFlow : 1
info:  VK_KHR_shader_untyped_pointers:
info:    shaderUntypedPointers          : 0
info:  VK_KHR_swapchain:
info:    khrSwapchain                   : 1
info:  VK_KHR_swapchain_maintenance1:
info:    swapchainMaintenance1          : 1
info:  VK_KHR_swapchain_mutable_format:
info:    khrSwapchainMutableFormat      : 1
info:  VK_KHR_unified_image_layouts:
info:    unifiedImageLayouts            : 0
info:  VK_KHR_win32_keyed_mutex:
info:    khrWin32KeyedMutex             : 0
info:  VK_AMD_buffer_marker:
info:    amdBufferMarker                : 0
info:  VK_NV_device_diagnostic_checkpoints:
info:    nvDeviceDiagnosticCheckpoints  : 0
info:  VK_NV_low_latency2:
info:    nvLowLatency2                  : 0
info:  VK_NV_raw_access_chains:
info:    shaderRawAccessChains          : 0
info:  VK_NVX_binary_import:
info:    nvxBinaryImport                : 0
info:  VK_NVX_image_view_handle:
info:    nvxImageViewHandle             : 0
info:  Memory type mask for buffer resources: 0x3, usage: 0x201ff
info:  Graphics pipeline libraries not supported
warn:  InternalWSI: experimental synthetic output enabled; app-facing accounting remains source-only
info:  Binding model: Legacy
warn:  D3D11DeviceFeatures: External memory features not supported
info:  D3D11InternalCreateDevice: Maximum supported feature level: D3D_FEATURE_LEVEL_11_0
info:  D3D11InternalCreateDevice: Using feature level D3D_FEATURE_LEVEL_11_0
info:  DXGI: VK_FORMAT_D24_UNORM_S8_UINT -> VK_FORMAT_D32_SFLOAT_S8_UINT
warn:  D3D11DXGIDevice::QueryInterface: Unknown interface query
warn:  0ec870a6-5d7e-4c22-8cfc-5baae07616ed
info:  Presenter: Actual swapchain properties:
info:    Format:          VK_FORMAT_B8G8R8A8_UNORM
info:    Color space:     VK_COLOR_SPACE_SRGB_NONLINEAR_KHR
info:    Present mode:    VK_PRESENT_MODE_FIFO_KHR (dynamic: yes)
info:    Buffer size:     640x360
info:    Image count:     3
info:    Timing:          no
info:  Presenter: Created swapchain generation 2
info:  InternalWSI: source-present app=17 duration-us=7218 hr=0x0
info:  WSI: present origin=APPLICATION_SOURCE wsi=1 app=17 internal=0 acquire=1 image=0 generation=2
info:  WSI: app-frame-latency-signal app=17 via=source-submit-completion
info:  WSI: app-completion app=17 app-signal=signaled
info:  InternalWSI: source-present app=18 duration-us=34 hr=0x0
info:  WSI: present origin=APPLICATION_SOURCE wsi=2 app=18 internal=0 acquire=2 image=1 generation=2
info:  InternalWSI: dropped opportunity=2 reason=queue-full
info:  WSI: app-frame-latency-signal app=18 via=source-submit-completion
info:  WSI: app-completion app=18 app-signal=signaled
info:  InternalWSI: source-present app=19 duration-us=16 hr=0x0
info:  WSI: present origin=APPLICATION_SOURCE wsi=3 app=19 internal=0 acquire=3 image=2 generation=2
info:  InternalWSI: dropped opportunity=3 reason=queue-full
info:  InternalWSI: dropped request internal=1 reason=deadline-expired
info:  WSI: app-frame-latency-signal app=19 via=source-submit-completion
info:  WSI: app-completion app=19 app-signal=signaled
info:  InternalWSI: source-present app=20 duration-us=16 hr=0x0
info:  WSI: present origin=APPLICATION_SOURCE wsi=4 app=20 internal=0 acquire=4 image=0 generation=2
info:  WSI: app-frame-latency-signal app=20 via=source-submit-completion
info:  WSI: app-completion app=20 app-signal=signaled
info:  InternalWSI: source-present app=21 duration-us=12 hr=0x0
info:  WSI: present origin=APPLICATION_SOURCE wsi=5 app=21 internal=0 acquire=5 image=1 generation=2
info:  InternalWSI: dropped opportunity=5 reason=queue-full
info:  InternalWSI: dropped request internal=4 reason=deadline-expired
info:  WSI: app-frame-latency-signal app=21 via=source-submit-completion
info:  WSI: app-completion app=21 app-signal=signaled
info:  InternalWSI: source-present app=22 duration-us=20 hr=0x0
info:  WSI: present origin=APPLICATION_SOURCE wsi=6 app=22 internal=0 acquire=6 image=2 generation=2
info:  WSI: app-frame-latency-signal app=22 via=source-submit-completion
info:  WSI: app-completion app=22 app-signal=signaled
info:  InternalWSI: source-present app=23 duration-us=9 hr=0x0
info:  WSI: present origin=APPLICATION_SOURCE wsi=7 app=23 internal=0 acquire=7 image=0 generation=2
info:  InternalWSI: dropped opportunity=7 reason=queue-full
info:  InternalWSI: dropped request internal=6 reason=deadline-expired
info:  WSI: app-frame-latency-signal app=23 via=source-submit-completion
info:  WSI: app-completion app=23 app-signal=signaled
info:  InternalWSI: source-present app=24 duration-us=30 hr=0x0
info:  WSI: present origin=APPLICATION_SOURCE wsi=8 app=24 internal=0 acquire=8 image=1 generation=2
info:  WSI: app-frame-latency-signal app=24 via=source-submit-completion
info:  WSI: app-completion app=24 app-signal=signaled
info:  InternalWSI: source-present app=25 duration-us=50 hr=0x0
info:  WSI: present origin=APPLICATION_SOURCE wsi=9 app=25 internal=0 acquire=9 image=2 generation=2
info:  InternalWSI: dropped opportunity=9 reason=queue-full
info:  InternalWSI: dropped request internal=8 reason=deadline-expired
info:  WSI: app-frame-latency-signal app=25 via=source-submit-completion
info:  WSI: app-completion app=25 app-signal=signaled
info:  InternalWSI: source-present app=26 duration-us=43 hr=0x0
info:  WSI: present origin=APPLICATION_SOURCE wsi=10 app=26 internal=0 acquire=10 image=0 generation=2
info:  WSI: app-frame-latency-signal app=26 via=source-submit-completion
info:  WSI: app-completion app=26 app-signal=signaled
info:  InternalWSI: source-present app=27 duration-us=45 hr=0x0
info:  InternalWSI: dropped opportunity=10 reason=source-queue-nonempty generation=2
info:  WSI: present origin=APPLICATION_SOURCE wsi=11 app=27 internal=0 acquire=11 image=1 generation=2
info:  WSI: app-frame-latency-signal app=27 via=source-submit-completion
info:  WSI: app-completion app=27 app-signal=signaled
info:  InternalWSI: source-present app=28 duration-us=35 hr=0x0
info:  WSI: present origin=APPLICATION_SOURCE wsi=12 app=28 internal=0 acquire=12 image=2 generation=2
info:  InternalWSI: dropped opportunity=12 reason=queue-full
info:  InternalWSI: dropped request internal=11 reason=deadline-expired
info:  WSI: app-frame-latency-signal app=28 via=source-submit-completion
info:  WSI: app-completion app=28 app-signal=signaled
info:  InternalWSI: source-present app=29 duration-us=47 hr=0x0
info:  WSI: present origin=APPLICATION_SOURCE wsi=13 app=29 internal=0 acquire=13 image=0 generation=2
info:  WSI: app-frame-latency-signal app=29 via=source-submit-completion
info:  WSI: app-completion app=29 app-signal=signaled
info:  InternalWSI: source-present app=30 duration-us=55 hr=0x0
info:  WSI: present origin=APPLICATION_SOURCE wsi=14 app=30 internal=0 acquire=14 image=1 generation=2
info:  InternalWSI: dropped opportunity=14 reason=queue-full
info:  InternalWSI: dropped request internal=13 reason=deadline-expired
info:  WSI: app-frame-latency-signal app=30 via=source-submit-completion
info:  WSI: app-completion app=30 app-signal=signaled
info:  InternalWSI: source-present app=31 duration-us=54 hr=0x0
info:  WSI: present origin=APPLICATION_SOURCE wsi=15 app=31 internal=0 acquire=15 image=2 generation=2
info:  WSI: app-frame-latency-signal app=31 via=source-submit-completion
info:  WSI: app-completion app=31 app-signal=signaled
info:  InternalWSI: source-present app=32 duration-us=46 hr=0x0
info:  WSI: present origin=APPLICATION_SOURCE wsi=16 app=32 internal=0 acquire=16 image=0 generation=2
info:  InternalWSI: dropped opportunity=16 reason=queue-full
info:  WSI: app-frame-latency-signal app=32 via=source-submit-completion
info:  WSI: app-completion app=32 app-signal=signaled
info:  WSI: present origin=INTERNAL_OUTPUT wsi=17 app=0 internal=1 acquire=17 image=1 generation=2
info:  InternalWSI: queued origin=INTERNAL_OUTPUT wsi=17 internal=1 app=none pattern=magenta vkPresent=VK_SUCCESS
info:  InternalWSI: retirement outcome=present-submitted wsi=17 internal=1 app-signals=unchanged actual-display-timing=separate
info:  InternalWSI: source-present app=33 duration-us=117 hr=0x0
info:  WSI: present origin=APPLICATION_SOURCE wsi=18 app=33 internal=0 acquire=18 image=2 generation=2
info:  WSI: app-frame-latency-signal app=33 via=source-submit-completion
info:  WSI: app-completion app=33 app-signal=signaled
info:  InternalWSI: source-present app=34 duration-us=62 hr=0x0
info:  WSI: present origin=APPLICATION_SOURCE wsi=19 app=34 internal=0 acquire=19 image=0 generation=2
info:  InternalWSI: dropped opportunity=18 reason=queue-full
info:  InternalWSI: dropped request internal=17 reason=deadline-expired
info:  WSI: app-frame-latency-signal app=34 via=source-submit-completion
info:  WSI: app-completion app=34 app-signal=signaled
info:  InternalWSI: source-present app=35 duration-us=41 hr=0x0
info:  WSI: present origin=APPLICATION_SOURCE wsi=20 app=35 internal=0 acquire=20 image=1 generation=2
info:  WSI: app-frame-latency-signal app=35 via=source-submit-completion
info:  WSI: app-completion app=35 app-signal=signaled
info:  InternalWSI: source-present app=36 duration-us=43 hr=0x0
info:  WSI: present origin=APPLICATION_SOURCE wsi=21 app=36 internal=0 acquire=21 image=2 generation=2
info:  InternalWSI: dropped opportunity=20 reason=queue-full
info:  InternalWSI: dropped request internal=19 reason=deadline-expired
info:  WSI: app-frame-latency-signal app=36 via=source-submit-completion
info:  WSI: app-completion app=36 app-signal=signaled
info:  InternalWSI: source-present app=37 duration-us=43 hr=0x0
info:  WSI: present origin=APPLICATION_SOURCE wsi=22 app=37 internal=0 acquire=22 image=0 generation=2
info:  WSI: app-frame-latency-signal app=37 via=source-submit-completion
info:  WSI: app-completion app=37 app-signal=signaled
info:  InternalWSI: source-present app=38 duration-us=62 hr=0x0
info:  WSI: present origin=APPLICATION_SOURCE wsi=23 app=38 internal=0 acquire=23 image=1 generation=2
info:  InternalWSI: dropped opportunity=22 reason=queue-full
info:  InternalWSI: dropped request internal=21 reason=deadline-expired
info:  WSI: app-frame-latency-signal app=38 via=source-submit-completion
info:  WSI: app-completion app=38 app-signal=signaled
info:  InternalWSI: source-present app=39 duration-us=23 hr=0x0
info:  WSI: present origin=APPLICATION_SOURCE wsi=24 app=39 internal=0 acquire=24 image=2 generation=2
info:  WSI: app-frame-latency-signal app=39 via=source-submit-completion
info:  WSI: app-completion app=39 app-signal=signaled
info:  InternalWSI: source-present app=40 duration-us=25 hr=0x0
info:  WSI: present origin=APPLICATION_SOURCE wsi=25 app=40 internal=0 acquire=25 image=0 generation=2
info:  InternalWSI: dropped opportunity=24 reason=queue-full
info:  InternalWSI: dropped request internal=23 reason=deadline-expired
info:  WSI: app-frame-latency-signal app=40 via=source-submit-completion
info:  WSI: app-completion app=40 app-signal=signaled
info:  InternalWSI: source-present app=41 duration-us=20 hr=0x0
info:  WSI: present origin=APPLICATION_SOURCE wsi=26 app=41 internal=0 acquire=26 image=1 generation=2
info:  WSI: app-frame-latency-signal app=41 via=source-submit-completion
info:  WSI: app-completion app=41 app-signal=signaled
info:  InternalWSI: source-present app=42 duration-us=66 hr=0x0
info:  WSI: present origin=APPLICATION_SOURCE wsi=27 app=42 internal=0 acquire=27 image=2 generation=2
info:  InternalWSI: dropped opportunity=26 reason=queue-full
info:  WSI: app-frame-latency-signal app=42 via=source-submit-completion
info:  WSI: app-completion app=42 app-signal=signaled
info:  WSI: present origin=INTERNAL_OUTPUT wsi=28 app=0 internal=2 acquire=28 image=0 generation=2
info:  InternalWSI: retirement outcome=present-submitted wsi=28 internal=2 app-signals=unchanged actual-display-timing=separate
info:  InternalWSI: queued origin=INTERNAL_OUTPUT wsi=28 internal=2 app=none pattern=cyan vkPresent=VK_SUCCESS
info:  InternalWSI: source-present app=43 duration-us=97 hr=0x0
info:  WSI: present origin=APPLICATION_SOURCE wsi=29 app=43 internal=0 acquire=29 image=1 generation=2
info:  WSI: app-frame-latency-signal app=43 via=source-submit-completion
info:  WSI: app-completion app=43 app-signal=signaled
info:  InternalWSI: source-present app=44 duration-us=30 hr=0x0
info:  WSI: present origin=APPLICATION_SOURCE wsi=30 app=44 internal=0 acquire=30 image=2 generation=2
info:  InternalWSI: dropped opportunity=28 reason=queue-full
info:  InternalWSI: dropped request internal=27 reason=deadline-expired
info:  WSI: app-frame-latency-signal app=44 via=source-submit-completion
info:  WSI: app-completion app=44 app-signal=signaled
info:  InternalWSI: source-present app=45 duration-us=22 hr=0x0
info:  WSI: present origin=APPLICATION_SOURCE wsi=31 app=45 internal=0 acquire=31 image=0 generation=2
info:  WSI: app-frame-latency-signal app=45 via=source-submit-completion
info:  WSI: app-completion app=45 app-signal=signaled
info:  InternalWSI: source-present app=46 duration-us=15 hr=0x0
info:  WSI: present origin=APPLICATION_SOURCE wsi=32 app=46 internal=0 acquire=32 image=1 generation=2
info:  InternalWSI: dropped opportunity=30 reason=queue-full
info:  WSI: app-frame-latency-signal app=46 via=source-submit-completion
info:  WSI: app-completion app=46 app-signal=signaled
info:  WSI: present origin=INTERNAL_OUTPUT wsi=33 app=0 internal=3 acquire=33 image=2 generation=2
info:  InternalWSI: queued origin=INTERNAL_OUTPUT wsi=33 internal=3 app=none pattern=magenta vkPresent=VK_SUCCESS
info:  InternalWSI: retirement outcome=present-submitted wsi=33 internal=3 app-signals=unchanged actual-display-timing=separate
info:  InternalWSI: source-present app=47 duration-us=92 hr=0x0
info:  WSI: present origin=APPLICATION_SOURCE wsi=34 app=47 internal=0 acquire=34 image=0 generation=2
info:  WSI: app-frame-latency-signal app=47 via=source-submit-completion
info:  WSI: app-completion app=47 app-signal=signaled
info:  InternalWSI: source-present app=48 duration-us=31 hr=0x0
info:  WSI: present origin=APPLICATION_SOURCE wsi=35 app=48 internal=0 acquire=35 image=1 generation=2
info:  InternalWSI: dropped opportunity=32 reason=queue-full
info:  WSI: app-frame-latency-signal app=48 via=source-submit-completion
info:  WSI: app-completion app=48 app-signal=signaled
info:  WSI: present origin=INTERNAL_OUTPUT wsi=36 app=0 internal=4 acquire=36 image=2 generation=2
info:  InternalWSI: queued origin=INTERNAL_OUTPUT wsi=36 internal=4 app=none pattern=cyan vkPresent=VK_SUCCESS
info:  InternalWSI: retirement outcome=present-submitted wsi=36 internal=4 app-signals=unchanged actual-display-timing=separate
info:  InternalWSI: source-present app=49 duration-us=70 hr=0x0
info:  WSI: present origin=APPLICATION_SOURCE wsi=37 app=49 internal=0 acquire=37 image=0 generation=2
info:  WSI: app-frame-latency-signal app=49 via=source-submit-completion
info:  WSI: app-completion app=49 app-signal=signaled
info:  InternalWSI: source-present app=50 duration-us=17 hr=0x0
info:  WSI: present origin=APPLICATION_SOURCE wsi=38 app=50 internal=0 acquire=38 image=1 generation=2
info:  InternalWSI: dropped opportunity=34 reason=queue-full
info:  InternalWSI: dropped request internal=33 reason=deadline-expired
info:  WSI: app-frame-latency-signal app=50 via=source-submit-completion
info:  WSI: app-completion app=50 app-signal=signaled
info:  InternalWSI: source-present app=51 duration-us=19 hr=0x0
info:  WSI: present origin=APPLICATION_SOURCE wsi=39 app=51 internal=0 acquire=39 image=2 generation=2
info:  WSI: app-frame-latency-signal app=51 via=source-submit-completion
info:  WSI: app-completion app=51 app-signal=signaled
info:  InternalWSI: source-present app=52 duration-us=38 hr=0x0
info:  WSI: present origin=APPLICATION_SOURCE wsi=40 app=52 internal=0 acquire=40 image=0 generation=2
info:  InternalWSI: dropped opportunity=36 reason=queue-full
info:  WSI: app-frame-latency-signal app=52 via=source-submit-completion
info:  WSI: app-completion app=52 app-signal=signaled
info:  WSI: present origin=INTERNAL_OUTPUT wsi=41 app=0 internal=5 acquire=41 image=1 generation=2
info:  InternalWSI: queued origin=INTERNAL_OUTPUT wsi=41 internal=5 app=none pattern=magenta vkPresent=VK_SUCCESS
info:  InternalWSI: retirement outcome=present-submitted wsi=41 internal=5 app-signals=unchanged actual-display-timing=separate
info:  InternalWSI: source-present app=53 duration-us=128 hr=0x0
info:  WSI: present origin=APPLICATION_SOURCE wsi=42 app=53 internal=0 acquire=42 image=2 generation=2
info:  WSI: app-frame-latency-signal app=53 via=source-submit-completion
info:  WSI: app-completion app=53 app-signal=signaled
info:  InternalWSI: source-present app=54 duration-us=25 hr=0x0
info:  WSI: present origin=APPLICATION_SOURCE wsi=43 app=54 internal=0 acquire=43 image=0 generation=2
info:  InternalWSI: dropped opportunity=38 reason=queue-full
info:  WSI: app-frame-latency-signal app=54 via=source-submit-completion
info:  WSI: app-completion app=54 app-signal=signaled
info:  WSI: present origin=INTERNAL_OUTPUT wsi=44 app=0 internal=6 acquire=44 image=1 generation=2
info:  InternalWSI: queued origin=INTERNAL_OUTPUT wsi=44 internal=6 app=none pattern=cyan vkPresent=VK_SUCCESS
info:  InternalWSI: retirement outcome=present-submitted wsi=44 internal=6 app-signals=unchanged actual-display-timing=separate
info:  InternalWSI: source-present app=55 duration-us=81 hr=0x0
info:  WSI: present origin=APPLICATION_SOURCE wsi=45 app=55 internal=0 acquire=45 image=2 generation=2
info:  WSI: app-frame-latency-signal app=55 via=source-submit-completion
info:  WSI: app-completion app=55 app-signal=signaled
info:  InternalWSI: source-present app=56 duration-us=22 hr=0x0
info:  WSI: present origin=APPLICATION_SOURCE wsi=46 app=56 internal=0 acquire=46 image=0 generation=2
info:  InternalWSI: dropped opportunity=40 reason=queue-full
info:  WSI: app-frame-latency-signal app=56 via=source-submit-completion
info:  WSI: app-completion app=56 app-signal=signaled
info:  WSI: present origin=INTERNAL_OUTPUT wsi=47 app=0 internal=7 acquire=47 image=1 generation=2
info:  InternalWSI: queued origin=INTERNAL_OUTPUT wsi=47 internal=7 app=none pattern=magenta vkPresent=VK_SUCCESS
info:  InternalWSI: retirement outcome=present-submitted wsi=47 internal=7 app-signals=unchanged actual-display-timing=separate
info:  InternalWSI: source-present app=57 duration-us=78 hr=0x0
info:  WSI: present origin=APPLICATION_SOURCE wsi=48 app=57 internal=0 acquire=48 image=2 generation=2
info:  WSI: app-frame-latency-signal app=57 via=source-submit-completion
info:  WSI: app-completion app=57 app-signal=signaled
info:  InternalWSI: source-present app=58 duration-us=20 hr=0x0
info:  WSI: present origin=APPLICATION_SOURCE wsi=49 app=58 internal=0 acquire=49 image=0 generation=2
info:  InternalWSI: dropped opportunity=42 reason=queue-full
info:  WSI: app-frame-latency-signal app=58 via=source-submit-completion
info:  WSI: app-completion app=58 app-signal=signaled
info:  WSI: present origin=INTERNAL_OUTPUT wsi=50 app=0 internal=8 acquire=50 image=1 generation=2
info:  InternalWSI: queued origin=INTERNAL_OUTPUT wsi=50 internal=8 app=none pattern=cyan vkPresent=VK_SUCCESS
info:  InternalWSI: retirement outcome=present-submitted wsi=50 internal=8 app-signals=unchanged actual-display-timing=separate
info:  InternalWSI: source-present app=59 duration-us=62 hr=0x0
info:  WSI: present origin=APPLICATION_SOURCE wsi=51 app=59 internal=0 acquire=51 image=2 generation=2
info:  WSI: app-frame-latency-signal app=59 via=source-submit-completion
info:  WSI: app-completion app=59 app-signal=signaled
info:  InternalWSI: source-present app=60 duration-us=18 hr=0x0
info:  WSI: present origin=APPLICATION_SOURCE wsi=52 app=60 internal=0 acquire=52 image=0 generation=2
info:  InternalWSI: dropped opportunity=44 reason=queue-full
info:  WSI: app-frame-latency-signal app=60 via=source-submit-completion
info:  WSI: app-completion app=60 app-signal=signaled
info:  WSI: present origin=INTERNAL_OUTPUT wsi=53 app=0 internal=9 acquire=53 image=1 generation=2
info:  InternalWSI: queued origin=INTERNAL_OUTPUT wsi=53 internal=9 app=none pattern=magenta vkPresent=VK_SUCCESS
info:  InternalWSI: retirement outcome=present-submitted wsi=53 internal=9 app-signals=unchanged actual-display-timing=separate
info:  InternalWSI: source-present app=61 duration-us=65 hr=0x0
info:  WSI: present origin=APPLICATION_SOURCE wsi=54 app=61 internal=0 acquire=54 image=2 generation=2
info:  WSI: app-frame-latency-signal app=61 via=source-submit-completion
info:  WSI: app-completion app=61 app-signal=signaled
info:  InternalWSI: source-present app=62 duration-us=31 hr=0x0
info:  WSI: present origin=APPLICATION_SOURCE wsi=55 app=62 internal=0 acquire=55 image=0 generation=2
info:  InternalWSI: dropped opportunity=46 reason=queue-full
info:  InternalWSI: dropped request internal=45 reason=deadline-expired
info:  WSI: app-frame-latency-signal app=62 via=source-submit-completion
info:  WSI: app-completion app=62 app-signal=signaled
info:  InternalWSI: source-present app=63 duration-us=41 hr=0x0
info:  WSI: present origin=APPLICATION_SOURCE wsi=56 app=63 internal=0 acquire=56 image=1 generation=2
info:  WSI: app-frame-latency-signal app=63 via=source-submit-completion
info:  WSI: app-completion app=63 app-signal=signaled
info:  InternalWSI: source-present app=64 duration-us=40 hr=0x0
info:  WSI: present origin=APPLICATION_SOURCE wsi=57 app=64 internal=0 acquire=57 image=2 generation=2
info:  InternalWSI: dropped opportunity=48 reason=queue-full
info:  InternalWSI: dropped request internal=47 reason=deadline-expired
info:  WSI: app-frame-latency-signal app=64 via=source-submit-completion
info:  WSI: app-completion app=64 app-signal=signaled
info:  InternalWSI: source-present app=65 duration-us=41 hr=0x0
info:  WSI: present origin=APPLICATION_SOURCE wsi=58 app=65 internal=0 acquire=58 image=0 generation=2
info:  WSI: app-frame-latency-signal app=65 via=source-submit-completion
info:  WSI: app-completion app=65 app-signal=signaled
info:  InternalWSI: source-present app=66 duration-us=21 hr=0x0
info:  WSI: present origin=APPLICATION_SOURCE wsi=59 app=66 internal=0 acquire=59 image=1 generation=2
info:  InternalWSI: dropped opportunity=50 reason=queue-full
info:  InternalWSI: dropped request internal=49 reason=deadline-expired
info:  WSI: app-frame-latency-signal app=66 via=source-submit-completion
info:  WSI: app-completion app=66 app-signal=signaled
info:  InternalWSI: source-present app=67 duration-us=37 hr=0x0
info:  WSI: present origin=APPLICATION_SOURCE wsi=60 app=67 internal=0 acquire=60 image=2 generation=2
info:  WSI: app-frame-latency-signal app=67 via=source-submit-completion
info:  WSI: app-completion app=67 app-signal=signaled
info:  InternalWSI: source-present app=68 duration-us=22 hr=0x0
info:  WSI: present origin=APPLICATION_SOURCE wsi=61 app=68 internal=0 acquire=61 image=0 generation=2
info:  InternalWSI: dropped opportunity=52 reason=queue-full
info:  InternalWSI: dropped request internal=51 reason=deadline-expired
info:  WSI: app-frame-latency-signal app=68 via=source-submit-completion
info:  WSI: app-completion app=68 app-signal=signaled
info:  InternalWSI: source-present app=69 duration-us=24 hr=0x0
info:  WSI: present origin=APPLICATION_SOURCE wsi=62 app=69 internal=0 acquire=62 image=1 generation=2
info:  WSI: app-frame-latency-signal app=69 via=source-submit-completion
info:  WSI: app-completion app=69 app-signal=signaled
info:  InternalWSI: source-present app=70 duration-us=23 hr=0x0
info:  WSI: present origin=APPLICATION_SOURCE wsi=63 app=70 internal=0 acquire=63 image=2 generation=2
info:  InternalWSI: dropped opportunity=54 reason=queue-full
info:  WSI: app-frame-latency-signal app=70 via=source-submit-completion
info:  WSI: app-completion app=70 app-signal=signaled
info:  WSI: present origin=INTERNAL_OUTPUT wsi=64 app=0 internal=10 acquire=64 image=0 generation=2
info:  InternalWSI: queued origin=INTERNAL_OUTPUT wsi=64 internal=10 app=none pattern=cyan vkPresent=VK_SUCCESS
info:  InternalWSI: retirement outcome=present-submitted wsi=64 internal=10 app-signals=unchanged actual-display-timing=separate
info:  InternalWSI: source-present app=71 duration-us=69 hr=0x0
info:  WSI: present origin=APPLICATION_SOURCE wsi=65 app=71 internal=0 acquire=65 image=1 generation=2
info:  WSI: app-frame-latency-signal app=71 via=source-submit-completion
info:  WSI: app-completion app=71 app-signal=signaled
info:  InternalWSI: source-present app=72 duration-us=24 hr=0x0
info:  WSI: present origin=APPLICATION_SOURCE wsi=66 app=72 internal=0 acquire=66 image=2 generation=2
info:  InternalWSI: dropped opportunity=56 reason=queue-full
info:  WSI: app-frame-latency-signal app=72 via=source-submit-completion
info:  WSI: app-completion app=72 app-signal=signaled
info:  WSI: present origin=INTERNAL_OUTPUT wsi=67 app=0 internal=11 acquire=67 image=0 generation=2
info:  InternalWSI: queued origin=INTERNAL_OUTPUT wsi=67 internal=11 app=none pattern=magenta vkPresent=VK_SUCCESS
info:  InternalWSI: retirement outcome=present-submitted wsi=67 internal=11 app-signals=unchanged actual-display-timing=separate
info:  InternalWSI: source-present app=73 duration-us=70 hr=0x0
info:  WSI: present origin=APPLICATION_SOURCE wsi=68 app=73 internal=0 acquire=68 image=1 generation=2
info:  WSI: app-frame-latency-signal app=73 via=source-submit-completion
info:  WSI: app-completion app=73 app-signal=signaled
info:  InternalWSI: source-present app=74 duration-us=44 hr=0x0
info:  WSI: present origin=APPLICATION_SOURCE wsi=69 app=74 internal=0 acquire=69 image=2 generation=2
info:  InternalWSI: dropped opportunity=58 reason=queue-full
info:  InternalWSI: dropped request internal=57 reason=deadline-expired
info:  WSI: app-frame-latency-signal app=74 via=source-submit-completion
info:  WSI: app-completion app=74 app-signal=signaled
info:  InternalWSI: source-present app=75 duration-us=39 hr=0x0
info:  WSI: present origin=APPLICATION_SOURCE wsi=70 app=75 internal=0 acquire=70 image=0 generation=2
info:  WSI: app-frame-latency-signal app=75 via=source-submit-completion
info:  WSI: app-completion app=75 app-signal=signaled
info:  InternalWSI: source-present app=76 duration-us=28 hr=0x0
info:  WSI: present origin=APPLICATION_SOURCE wsi=71 app=76 internal=0 acquire=71 image=1 generation=2
info:  InternalWSI: dropped opportunity=60 reason=queue-full
info:  WSI: app-frame-latency-signal app=76 via=source-submit-completion
info:  WSI: app-completion app=76 app-signal=signaled
info:  WSI: present origin=INTERNAL_OUTPUT wsi=72 app=0 internal=12 acquire=72 image=2 generation=2
info:  InternalWSI: queued origin=INTERNAL_OUTPUT wsi=72 internal=12 app=none pattern=cyan vkPresent=VK_SUCCESS
info:  InternalWSI: retirement outcome=present-submitted wsi=72 internal=12 app-signals=unchanged actual-display-timing=separate
info:  InternalWSI: source-present app=77 duration-us=75 hr=0x0
info:  WSI: present origin=APPLICATION_SOURCE wsi=73 app=77 internal=0 acquire=73 image=0 generation=2
info:  WSI: app-frame-latency-signal app=77 via=source-submit-completion
info:  WSI: app-completion app=77 app-signal=signaled
info:  InternalWSI: source-present app=78 duration-us=24 hr=0x0
info:  WSI: present origin=APPLICATION_SOURCE wsi=74 app=78 internal=0 acquire=74 image=1 generation=2
info:  InternalWSI: dropped opportunity=62 reason=queue-full
info:  InternalWSI: dropped request internal=61 reason=deadline-expired
info:  WSI: app-frame-latency-signal app=78 via=source-submit-completion
info:  WSI: app-completion app=78 app-signal=signaled
info:  InternalWSI: source-present app=79 duration-us=22 hr=0x0
info:  WSI: present origin=APPLICATION_SOURCE wsi=75 app=79 internal=0 acquire=75 image=2 generation=2
info:  WSI: app-frame-latency-signal app=79 via=source-submit-completion
info:  WSI: app-completion app=79 app-signal=signaled
info:  InternalWSI: source-present app=80 duration-us=20 hr=0x0
info:  WSI: present origin=APPLICATION_SOURCE wsi=76 app=80 internal=0 acquire=76 image=0 generation=2
info:  InternalWSI: dropped opportunity=64 reason=queue-full
info:  InternalWSI: dropped request internal=63 reason=deadline-expired
info:  WSI: app-frame-latency-signal app=80 via=source-submit-completion
info:  WSI: app-completion app=80 app-signal=signaled
info:  InternalWSI: source-present app=81 duration-us=20 hr=0x0
info:  WSI: present origin=APPLICATION_SOURCE wsi=77 app=81 internal=0 acquire=77 image=1 generation=2
info:  WSI: app-frame-latency-signal app=81 via=source-submit-completion
info:  WSI: app-completion app=81 app-signal=signaled
info:  InternalWSI: source-present app=82 duration-us=22 hr=0x0
info:  WSI: present origin=APPLICATION_SOURCE wsi=78 app=82 internal=0 acquire=78 image=2 generation=2
info:  InternalWSI: dropped opportunity=66 reason=queue-full
info:  WSI: app-frame-latency-signal app=82 via=source-submit-completion
info:  WSI: app-completion app=82 app-signal=signaled
info:  WSI: present origin=INTERNAL_OUTPUT wsi=79 app=0 internal=13 acquire=79 image=0 generation=2
info:  InternalWSI: queued origin=INTERNAL_OUTPUT wsi=79 internal=13 app=none pattern=magenta vkPresent=VK_SUCCESS
info:  InternalWSI: retirement outcome=present-submitted wsi=79 internal=13 app-signals=unchanged actual-display-timing=separate
info:  InternalWSI: source-present app=83 duration-us=43 hr=0x0
info:  WSI: present origin=APPLICATION_SOURCE wsi=80 app=83 internal=0 acquire=80 image=1 generation=2
info:  WSI: app-frame-latency-signal app=83 via=source-submit-completion
info:  WSI: app-completion app=83 app-signal=signaled
info:  InternalWSI: source-present app=84 duration-us=26 hr=0x0
info:  WSI: present origin=APPLICATION_SOURCE wsi=81 app=84 internal=0 acquire=81 image=2 generation=2
info:  InternalWSI: dropped opportunity=68 reason=queue-full
info:  InternalWSI: dropped request internal=67 reason=deadline-expired
info:  WSI: app-frame-latency-signal app=84 via=source-submit-completion
info:  WSI: app-completion app=84 app-signal=signaled
info:  InternalWSI: source-present app=85 duration-us=25 hr=0x0
info:  WSI: present origin=APPLICATION_SOURCE wsi=82 app=85 internal=0 acquire=82 image=0 generation=2
info:  WSI: app-frame-latency-signal app=85 via=source-submit-completion
info:  WSI: app-completion app=85 app-signal=signaled
info:  InternalWSI: source-present app=86 duration-us=21 hr=0x0
info:  WSI: present origin=APPLICATION_SOURCE wsi=83 app=86 internal=0 acquire=83 image=1 generation=2
info:  InternalWSI: dropped opportunity=70 reason=queue-full
info:  InternalWSI: dropped request internal=69 reason=deadline-expired
info:  WSI: app-frame-latency-signal app=86 via=source-submit-completion
info:  WSI: app-completion app=86 app-signal=signaled
info:  InternalWSI: source-present app=87 duration-us=75 hr=0x0
info:  WSI: present origin=APPLICATION_SOURCE wsi=84 app=87 internal=0 acquire=84 image=2 generation=2
info:  WSI: app-frame-latency-signal app=87 via=source-submit-completion
info:  WSI: app-completion app=87 app-signal=signaled
info:  InternalWSI: source-present app=88 duration-us=64 hr=0x0
info:  WSI: present origin=APPLICATION_SOURCE wsi=85 app=88 internal=0 acquire=85 image=0 generation=2
info:  InternalWSI: dropped opportunity=72 reason=queue-full
info:  InternalWSI: dropped request internal=71 reason=deadline-expired
info:  WSI: app-frame-latency-signal app=88 via=source-submit-completion
info:  WSI: app-completion app=88 app-signal=signaled
info:  InternalWSI: source-present app=89 duration-us=25 hr=0x0
info:  WSI: present origin=APPLICATION_SOURCE wsi=86 app=89 internal=0 acquire=86 image=1 generation=2
info:  WSI: app-frame-latency-signal app=89 via=source-submit-completion
info:  WSI: app-completion app=89 app-signal=signaled
info:  InternalWSI: source-present app=90 duration-us=23 hr=0x0
info:  WSI: present origin=APPLICATION_SOURCE wsi=87 app=90 internal=0 acquire=87 image=2 generation=2
info:  InternalWSI: dropped opportunity=74 reason=queue-full
info:  WSI: app-frame-latency-signal app=90 via=source-submit-completion
info:  WSI: app-completion app=90 app-signal=signaled
info:  WSI: present origin=INTERNAL_OUTPUT wsi=88 app=0 internal=14 acquire=88 image=0 generation=2
info:  InternalWSI: queued origin=INTERNAL_OUTPUT wsi=88 internal=14 app=none pattern=cyan vkPresent=VK_SUCCESS
info:  InternalWSI: retirement outcome=present-submitted wsi=88 internal=14 app-signals=unchanged actual-display-timing=separate
info:  InternalWSI: source-present app=91 duration-us=41 hr=0x0
info:  WSI: present origin=APPLICATION_SOURCE wsi=89 app=91 internal=0 acquire=89 image=1 generation=2
info:  WSI: app-frame-latency-signal app=91 via=source-submit-completion
info:  WSI: app-completion app=91 app-signal=signaled
info:  InternalWSI: source-present app=92 duration-us=24 hr=0x0
info:  WSI: present origin=APPLICATION_SOURCE wsi=90 app=92 internal=0 acquire=90 image=2 generation=2
info:  InternalWSI: dropped opportunity=76 reason=queue-full
info:  WSI: app-frame-latency-signal app=92 via=source-submit-completion
info:  WSI: app-completion app=92 app-signal=signaled
info:  WSI: present origin=INTERNAL_OUTPUT wsi=91 app=0 internal=15 acquire=91 image=0 generation=2
info:  InternalWSI: queued origin=INTERNAL_OUTPUT wsi=91 internal=15 app=none pattern=magenta vkPresent=VK_SUCCESS
info:  InternalWSI: retirement outcome=present-submitted wsi=91 internal=15 app-signals=unchanged actual-display-timing=separate
info:  InternalWSI: source-present app=93 duration-us=45 hr=0x0
info:  WSI: present origin=APPLICATION_SOURCE wsi=92 app=93 internal=0 acquire=92 image=1 generation=2
info:  WSI: app-frame-latency-signal app=93 via=source-submit-completion
info:  WSI: app-completion app=93 app-signal=signaled
info:  InternalWSI: source-present app=94 duration-us=22 hr=0x0
info:  WSI: present origin=APPLICATION_SOURCE wsi=93 app=94 internal=0 acquire=93 image=2 generation=2
info:  InternalWSI: dropped opportunity=78 reason=queue-full
info:  InternalWSI: dropped request internal=77 reason=deadline-expired
info:  WSI: app-frame-latency-signal app=94 via=source-submit-completion
info:  WSI: app-completion app=94 app-signal=signaled
info:  InternalWSI: source-present app=95 duration-us=43 hr=0x0
info:  WSI: present origin=APPLICATION_SOURCE wsi=94 app=95 internal=0 acquire=94 image=0 generation=2
info:  WSI: app-frame-latency-signal app=95 via=source-submit-completion
info:  WSI: app-completion app=95 app-signal=signaled
info:  InternalWSI: source-present app=96 duration-us=27 hr=0x0
info:  WSI: present origin=APPLICATION_SOURCE wsi=95 app=96 internal=0 acquire=95 image=1 generation=2
info:  InternalWSI: dropped opportunity=80 reason=queue-full
info:  WSI: app-frame-latency-signal app=96 via=source-submit-completion
info:  WSI: app-completion app=96 app-signal=signaled
info:  WSI: present origin=INTERNAL_OUTPUT wsi=96 app=0 internal=16 acquire=96 image=2 generation=2
info:  InternalWSI: queued origin=INTERNAL_OUTPUT wsi=96 internal=16 app=none pattern=cyan vkPresent=VK_SUCCESS
info:  InternalWSI: retirement outcome=present-submitted wsi=96 internal=16 app-signals=unchanged actual-display-timing=separate
info:  InternalWSI: source-present app=97 duration-us=46 hr=0x0
info:  WSI: present origin=APPLICATION_SOURCE wsi=97 app=97 internal=0 acquire=97 image=0 generation=2
info:  WSI: app-frame-latency-signal app=97 via=source-submit-completion
info:  WSI: app-completion app=97 app-signal=signaled
info:  InternalWSI: source-present app=98 duration-us=22 hr=0x0
info:  WSI: present origin=APPLICATION_SOURCE wsi=98 app=98 internal=0 acquire=98 image=1 generation=2
info:  InternalWSI: dropped opportunity=82 reason=queue-full
info:  InternalWSI: dropped request internal=81 reason=deadline-expired
info:  WSI: app-frame-latency-signal app=98 via=source-submit-completion
info:  WSI: app-completion app=98 app-signal=signaled
info:  InternalWSI: source-present app=99 duration-us=23 hr=0x0
info:  WSI: present origin=APPLICATION_SOURCE wsi=99 app=99 internal=0 acquire=99 image=2 generation=2
info:  WSI: app-frame-latency-signal app=99 via=source-submit-completion
info:  WSI: app-completion app=99 app-signal=signaled
info:  InternalWSI: source-present app=100 duration-us=28 hr=0x0
info:  WSI: present origin=APPLICATION_SOURCE wsi=100 app=100 internal=0 acquire=100 image=0 generation=2
info:  InternalWSI: dropped opportunity=84 reason=queue-full
info:  InternalWSI: dropped request internal=83 reason=deadline-expired
info:  WSI: app-frame-latency-signal app=100 via=source-submit-completion
info:  WSI: app-completion app=100 app-signal=signaled
info:  InternalWSI: source-present app=101 duration-us=25 hr=0x0
info:  WSI: present origin=APPLICATION_SOURCE wsi=101 app=101 internal=0 acquire=101 image=1 generation=2
info:  WSI: app-frame-latency-signal app=101 via=source-submit-completion
info:  WSI: app-completion app=101 app-signal=signaled
info:  InternalWSI: source-present app=102 duration-us=27 hr=0x0
info:  WSI: present origin=APPLICATION_SOURCE wsi=102 app=102 internal=0 acquire=102 image=2 generation=2
info:  InternalWSI: dropped opportunity=86 reason=queue-full
info:  InternalWSI: dropped request internal=85 reason=deadline-expired
info:  WSI: app-frame-latency-signal app=102 via=source-submit-completion
info:  WSI: app-completion app=102 app-signal=signaled
info:  InternalWSI: source-present app=103 duration-us=28 hr=0x0
info:  WSI: present origin=APPLICATION_SOURCE wsi=103 app=103 internal=0 acquire=103 image=0 generation=2
info:  WSI: app-completion app=103 app-signal=deferred
info:  WSI: app-frame-latency-signal app=103 via=source-present-retirement
info:  InternalWSI: source-present app=104 duration-us=38 hr=0x0
info:  WSI: present origin=APPLICATION_SOURCE wsi=104 app=104 internal=0 acquire=104 image=1 generation=2
info:  InternalWSI: dropped opportunity=88 reason=queue-full
info:  WSI: app-frame-latency-signal app=104 via=source-submit-completion
info:  WSI: app-completion app=104 app-signal=signaled
info:  WSI: present origin=INTERNAL_OUTPUT wsi=105 app=0 internal=17 acquire=105 image=2 generation=2
info:  InternalWSI: queued origin=INTERNAL_OUTPUT wsi=105 internal=17 app=none pattern=magenta vkPresent=VK_SUCCESS
info:  InternalWSI: retirement outcome=present-submitted wsi=105 internal=17 app-signals=unchanged actual-display-timing=separate
info:  InternalWSI: source-present app=105 duration-us=52 hr=0x0
info:  WSI: present origin=APPLICATION_SOURCE wsi=106 app=105 internal=0 acquire=106 image=0 generation=2
info:  WSI: app-frame-latency-signal app=105 via=source-submit-completion
info:  WSI: app-completion app=105 app-signal=signaled
info:  InternalWSI: source-present app=106 duration-us=26 hr=0x0
info:  WSI: present origin=APPLICATION_SOURCE wsi=107 app=106 internal=0 acquire=107 image=1 generation=2
info:  InternalWSI: dropped opportunity=90 reason=queue-full
info:  WSI: app-frame-latency-signal app=106 via=source-submit-completion
info:  WSI: app-completion app=106 app-signal=signaled
info:  WSI: present origin=INTERNAL_OUTPUT wsi=108 app=0 internal=18 acquire=108 image=2 generation=2
info:  InternalWSI: retirement outcome=present-submitted wsi=108 internal=18 app-signals=unchanged actual-display-timing=separate
info:  InternalWSI: queued origin=INTERNAL_OUTPUT wsi=108 internal=18 app=none pattern=cyan vkPresent=VK_SUCCESS
info:  InternalWSI: source-present app=107 duration-us=46 hr=0x0
info:  WSI: present origin=APPLICATION_SOURCE wsi=109 app=107 internal=0 acquire=109 image=0 generation=2
info:  WSI: app-frame-latency-signal app=107 via=source-submit-completion
info:  WSI: app-completion app=107 app-signal=signaled
info:  InternalWSI: source-present app=108 duration-us=24 hr=0x0
info:  WSI: present origin=APPLICATION_SOURCE wsi=110 app=108 internal=0 acquire=110 image=1 generation=2
info:  InternalWSI: dropped opportunity=92 reason=queue-full
info:  WSI: app-frame-latency-signal app=108 via=source-submit-completion
info:  WSI: app-completion app=108 app-signal=signaled
info:  WSI: present origin=INTERNAL_OUTPUT wsi=111 app=0 internal=19 acquire=111 image=2 generation=2
info:  InternalWSI: queued origin=INTERNAL_OUTPUT wsi=111 internal=19 app=none pattern=magenta vkPresent=VK_SUCCESS
info:  InternalWSI: retirement outcome=present-submitted wsi=111 internal=19 app-signals=unchanged actual-display-timing=separate
info:  InternalWSI: source-present app=109 duration-us=44 hr=0x0
info:  WSI: present origin=APPLICATION_SOURCE wsi=112 app=109 internal=0 acquire=112 image=0 generation=2
info:  WSI: app-frame-latency-signal app=109 via=source-submit-completion
info:  WSI: app-completion app=109 app-signal=signaled
info:  InternalWSI: source-present app=110 duration-us=23 hr=0x0
info:  WSI: present origin=APPLICATION_SOURCE wsi=113 app=110 internal=0 acquire=113 image=1 generation=2
info:  InternalWSI: dropped opportunity=94 reason=queue-full
info:  InternalWSI: dropped request internal=93 reason=deadline-expired
info:  WSI: app-frame-latency-signal app=110 via=source-submit-completion
info:  WSI: app-completion app=110 app-signal=signaled
info:  InternalWSI: source-present app=111 duration-us=29 hr=0x0
info:  WSI: present origin=APPLICATION_SOURCE wsi=114 app=111 internal=0 acquire=114 image=2 generation=2
info:  WSI: app-frame-latency-signal app=111 via=source-submit-completion
info:  WSI: app-completion app=111 app-signal=signaled
info:  InternalWSI: source-present app=112 duration-us=27 hr=0x0
info:  WSI: present origin=APPLICATION_SOURCE wsi=115 app=112 internal=0 acquire=115 image=0 generation=2
info:  InternalWSI: dropped opportunity=96 reason=queue-full
info:  WSI: app-frame-latency-signal app=112 via=source-submit-completion
info:  WSI: app-completion app=112 app-signal=signaled
info:  WSI: present origin=INTERNAL_OUTPUT wsi=116 app=0 internal=20 acquire=116 image=1 generation=2
info:  InternalWSI: queued origin=INTERNAL_OUTPUT wsi=116 internal=20 app=none pattern=cyan vkPresent=VK_SUCCESS
info:  InternalWSI: retirement outcome=present-submitted wsi=116 internal=20 app-signals=unchanged actual-display-timing=separate
info:  InternalWSI: source-present app=113 duration-us=45 hr=0x0
info:  WSI: present origin=APPLICATION_SOURCE wsi=117 app=113 internal=0 acquire=117 image=2 generation=2
info:  WSI: app-frame-latency-signal app=113 via=source-submit-completion
info:  WSI: app-completion app=113 app-signal=signaled
info:  InternalWSI: source-present app=114 duration-us=22 hr=0x0
info:  WSI: present origin=APPLICATION_SOURCE wsi=118 app=114 internal=0 acquire=118 image=0 generation=2
info:  InternalWSI: dropped opportunity=98 reason=queue-full
info:  WSI: app-frame-latency-signal app=114 via=source-submit-completion
info:  WSI: app-completion app=114 app-signal=signaled
info:  WSI: present origin=INTERNAL_OUTPUT wsi=119 app=0 internal=21 acquire=119 image=1 generation=2
info:  InternalWSI: queued origin=INTERNAL_OUTPUT wsi=119 internal=21 app=none pattern=magenta vkPresent=VK_SUCCESS
info:  InternalWSI: retirement outcome=present-submitted wsi=119 internal=21 app-signals=unchanged actual-display-timing=separate
info:  InternalWSI: source-present app=115 duration-us=41 hr=0x0
info:  WSI: present origin=APPLICATION_SOURCE wsi=120 app=115 internal=0 acquire=120 image=2 generation=2
info:  WSI: app-frame-latency-signal app=115 via=source-submit-completion
info:  WSI: app-completion app=115 app-signal=signaled
info:  InternalWSI: source-present app=116 duration-us=23 hr=0x0
info:  WSI: present origin=APPLICATION_SOURCE wsi=121 app=116 internal=0 acquire=121 image=0 generation=2
info:  InternalWSI: dropped opportunity=100 reason=queue-full
info:  InternalWSI: dropped request internal=99 reason=deadline-expired
info:  WSI: app-frame-latency-signal app=116 via=source-submit-completion
info:  WSI: app-completion app=116 app-signal=signaled
info:  InternalWSI: source-present app=117 duration-us=21 hr=0x0
info:  WSI: present origin=APPLICATION_SOURCE wsi=122 app=117 internal=0 acquire=122 image=1 generation=2
info:  WSI: app-frame-latency-signal app=117 via=source-submit-completion
info:  WSI: app-completion app=117 app-signal=signaled
info:  InternalWSI: source-present app=118 duration-us=23 hr=0x0
info:  WSI: present origin=APPLICATION_SOURCE wsi=123 app=118 internal=0 acquire=123 image=2 generation=2
info:  InternalWSI: dropped opportunity=102 reason=queue-full
info:  InternalWSI: dropped request internal=101 reason=deadline-expired
info:  WSI: app-frame-latency-signal app=118 via=source-submit-completion
info:  WSI: app-completion app=118 app-signal=signaled
info:  InternalWSI: source-present app=119 duration-us=23 hr=0x0
info:  WSI: present origin=APPLICATION_SOURCE wsi=124 app=119 internal=0 acquire=124 image=0 generation=2
info:  WSI: app-frame-latency-signal app=119 via=source-submit-completion
info:  WSI: app-completion app=119 app-signal=signaled
info:  InternalWSI: source-present app=120 duration-us=26 hr=0x0
info:  WSI: present origin=APPLICATION_SOURCE wsi=125 app=120 internal=0 acquire=125 image=1 generation=2
info:  InternalWSI: dropped opportunity=104 reason=queue-full
info:  WSI: app-frame-latency-signal app=120 via=source-submit-completion
info:  WSI: app-completion app=120 app-signal=signaled
info:  WSI: present origin=INTERNAL_OUTPUT wsi=126 app=0 internal=22 acquire=126 image=2 generation=2
info:  InternalWSI: retirement outcome=present-submitted wsi=126 internal=22 app-signals=unchanged actual-display-timing=separate
info:  InternalWSI: queued origin=INTERNAL_OUTPUT wsi=126 internal=22 app=none pattern=cyan vkPresent=VK_SUCCESS
info:  InternalWSI: source-present app=121 duration-us=47 hr=0x0
info:  WSI: present origin=APPLICATION_SOURCE wsi=127 app=121 internal=0 acquire=127 image=0 generation=2
info:  WSI: app-frame-latency-signal app=121 via=source-submit-completion
info:  WSI: app-completion app=121 app-signal=signaled
info:  InternalWSI: source-present app=122 duration-us=21 hr=0x0
info:  WSI: present origin=APPLICATION_SOURCE wsi=128 app=122 internal=0 acquire=128 image=1 generation=2
info:  InternalWSI: dropped opportunity=106 reason=queue-full
info:  WSI: app-frame-latency-signal app=122 via=source-submit-completion
info:  WSI: app-completion app=122 app-signal=signaled
info:  WSI: present origin=INTERNAL_OUTPUT wsi=129 app=0 internal=23 acquire=129 image=2 generation=2
info:  InternalWSI: queued origin=INTERNAL_OUTPUT wsi=129 internal=23 app=none pattern=magenta vkPresent=VK_SUCCESS
info:  InternalWSI: retirement outcome=present-submitted wsi=129 internal=23 app-signals=unchanged actual-display-timing=separate
info:  InternalWSI: source-present app=123 duration-us=40 hr=0x0
info:  WSI: present origin=APPLICATION_SOURCE wsi=130 app=123 internal=0 acquire=130 image=0 generation=2
info:  WSI: app-frame-latency-signal app=123 via=source-submit-completion
info:  WSI: app-completion app=123 app-signal=signaled
info:  InternalWSI: source-present app=124 duration-us=24 hr=0x0
info:  WSI: present origin=APPLICATION_SOURCE wsi=131 app=124 internal=0 acquire=131 image=1 generation=2
info:  InternalWSI: dropped opportunity=108 reason=queue-full
info:  InternalWSI: dropped request internal=107 reason=deadline-expired
info:  WSI: app-frame-latency-signal app=124 via=source-submit-completion
info:  WSI: app-completion app=124 app-signal=signaled
info:  InternalWSI: source-present app=125 duration-us=23 hr=0x0
info:  WSI: present origin=APPLICATION_SOURCE wsi=132 app=125 internal=0 acquire=132 image=2 generation=2
info:  WSI: app-frame-latency-signal app=125 via=source-submit-completion
info:  WSI: app-completion app=125 app-signal=signaled
info:  InternalWSI: source-present app=126 duration-us=22 hr=0x0
info:  WSI: present origin=APPLICATION_SOURCE wsi=133 app=126 internal=0 acquire=133 image=0 generation=2
info:  InternalWSI: dropped opportunity=110 reason=queue-full
info:  InternalWSI: dropped request internal=109 reason=deadline-expired
info:  WSI: app-frame-latency-signal app=126 via=source-submit-completion
info:  WSI: app-completion app=126 app-signal=signaled
info:  InternalWSI: source-present app=127 duration-us=26 hr=0x0
info:  WSI: present origin=APPLICATION_SOURCE wsi=134 app=127 internal=0 acquire=134 image=1 generation=2
info:  WSI: app-frame-latency-signal app=127 via=source-submit-completion
info:  WSI: app-completion app=127 app-signal=signaled
info:  InternalWSI: source-present app=128 duration-us=21 hr=0x0
info:  WSI: present origin=APPLICATION_SOURCE wsi=135 app=128 internal=0 acquire=135 image=2 generation=2
info:  InternalWSI: dropped opportunity=112 reason=queue-full
info:  InternalWSI: dropped request internal=111 reason=deadline-expired
info:  WSI: app-frame-latency-signal app=128 via=source-submit-completion
info:  WSI: app-completion app=128 app-signal=signaled
info:  InternalWSI: source-present app=129 duration-us=20 hr=0x0
info:  WSI: present origin=APPLICATION_SOURCE wsi=136 app=129 internal=0 acquire=136 image=0 generation=2
info:  WSI: app-frame-latency-signal app=129 via=source-submit-completion
info:  WSI: app-completion app=129 app-signal=signaled
info:  InternalWSI: source-present app=130 duration-us=23 hr=0x0
info:  WSI: present origin=APPLICATION_SOURCE wsi=137 app=130 internal=0 acquire=137 image=1 generation=2
info:  InternalWSI: dropped opportunity=114 reason=queue-full
info:  InternalWSI: dropped request internal=113 reason=deadline-expired
info:  WSI: app-frame-latency-signal app=130 via=source-submit-completion
info:  WSI: app-completion app=130 app-signal=signaled
info:  InternalWSI: source-present app=131 duration-us=172 hr=0x0
info:  WSI: present origin=APPLICATION_SOURCE wsi=138 app=131 internal=0 acquire=138 image=2 generation=2
info:  WSI: app-frame-latency-signal app=131 via=source-submit-completion
info:  WSI: app-completion app=131 app-signal=signaled
info:  InternalWSI: source-present app=132 duration-us=29 hr=0x0
info:  WSI: present origin=APPLICATION_SOURCE wsi=139 app=132 internal=0 acquire=139 image=0 generation=2
info:  InternalWSI: dropped opportunity=116 reason=queue-full
info:  InternalWSI: dropped request internal=115 reason=deadline-expired
info:  WSI: app-frame-latency-signal app=132 via=source-submit-completion
info:  WSI: app-completion app=132 app-signal=signaled
info:  InternalWSI: source-present app=133 duration-us=24 hr=0x0
info:  WSI: present origin=APPLICATION_SOURCE wsi=140 app=133 internal=0 acquire=140 image=1 generation=2
info:  WSI: app-completion app=133 app-signal=deferred
info:  WSI: app-frame-latency-signal app=133 via=source-present-retirement
info:  InternalWSI: source-present app=134 duration-us=37 hr=0x0
info:  WSI: present origin=APPLICATION_SOURCE wsi=141 app=134 internal=0 acquire=141 image=2 generation=2
info:  InternalWSI: dropped opportunity=118 reason=queue-full
info:  WSI: app-frame-latency-signal app=134 via=source-submit-completion
info:  WSI: app-completion app=134 app-signal=signaled
info:  WSI: present origin=INTERNAL_OUTPUT wsi=142 app=0 internal=24 acquire=142 image=0 generation=2
info:  InternalWSI: queued origin=INTERNAL_OUTPUT wsi=142 internal=24 app=none pattern=cyan vkPresent=VK_SUCCESS
info:  InternalWSI: retirement outcome=present-submitted wsi=142 internal=24 app-signals=unchanged actual-display-timing=separate
info:  InternalWSI: source-present app=135 duration-us=52 hr=0x0
info:  WSI: present origin=APPLICATION_SOURCE wsi=143 app=135 internal=0 acquire=143 image=1 generation=2
info:  WSI: app-frame-latency-signal app=135 via=source-submit-completion
info:  WSI: app-completion app=135 app-signal=signaled
info:  InternalWSI: source-present app=136 duration-us=28 hr=0x0
info:  WSI: present origin=APPLICATION_SOURCE wsi=144 app=136 internal=0 acquire=144 image=2 generation=2
info:  InternalWSI: dropped opportunity=120 reason=queue-full
info:  InternalWSI: dropped request internal=119 reason=deadline-expired
info:  WSI: app-frame-latency-signal app=136 via=source-submit-completion
info:  WSI: app-completion app=136 app-signal=signaled
info:  InternalWSI: source-present app=137 duration-us=26 hr=0x0
info:  WSI: present origin=APPLICATION_SOURCE wsi=145 app=137 internal=0 acquire=145 image=0 generation=2
info:  WSI: app-frame-latency-signal app=137 via=source-submit-completion
info:  WSI: app-completion app=137 app-signal=signaled
info:  InternalWSI: source-present app=138 duration-us=27 hr=0x0
info:  WSI: present origin=APPLICATION_SOURCE wsi=146 app=138 internal=0 acquire=146 image=1 generation=2
info:  InternalWSI: dropped opportunity=122 reason=queue-full
info:  InternalWSI: dropped request internal=121 reason=deadline-expired
info:  WSI: app-frame-latency-signal app=138 via=source-submit-completion
info:  WSI: app-completion app=138 app-signal=signaled
info:  InternalWSI: source-present app=139 duration-us=21 hr=0x0
info:  WSI: present origin=APPLICATION_SOURCE wsi=147 app=139 internal=0 acquire=147 image=2 generation=2
info:  WSI: app-frame-latency-signal app=139 via=source-submit-completion
info:  WSI: app-completion app=139 app-signal=signaled
info:  InternalWSI: source-present app=140 duration-us=55 hr=0x0
info:  WSI: present origin=APPLICATION_SOURCE wsi=148 app=140 internal=0 acquire=148 image=0 generation=2
info:  InternalWSI: dropped opportunity=124 reason=queue-full
info:  InternalWSI: dropped request internal=123 reason=deadline-expired
info:  WSI: app-frame-latency-signal app=140 via=source-submit-completion
info:  WSI: app-completion app=140 app-signal=signaled
info:  InternalWSI: source-present app=141 duration-us=21 hr=0x0
info:  WSI: present origin=APPLICATION_SOURCE wsi=149 app=141 internal=0 acquire=149 image=1 generation=2
info:  WSI: app-frame-latency-signal app=141 via=source-submit-completion
info:  WSI: app-completion app=141 app-signal=signaled
info:  InternalWSI: source-present app=142 duration-us=23 hr=0x0
info:  WSI: present origin=APPLICATION_SOURCE wsi=150 app=142 internal=0 acquire=150 image=2 generation=2
info:  InternalWSI: dropped opportunity=126 reason=queue-full
info:  InternalWSI: dropped request internal=125 reason=deadline-expired
info:  WSI: app-frame-latency-signal app=142 via=source-submit-completion
info:  WSI: app-completion app=142 app-signal=signaled
info:  InternalWSI: source-present app=143 duration-us=21 hr=0x0
info:  WSI: present origin=APPLICATION_SOURCE wsi=151 app=143 internal=0 acquire=151 image=0 generation=2
info:  WSI: app-frame-latency-signal app=143 via=source-submit-completion
info:  WSI: app-completion app=143 app-signal=signaled
info:  InternalWSI: source-present app=144 duration-us=27 hr=0x0
info:  WSI: present origin=APPLICATION_SOURCE wsi=152 app=144 internal=0 acquire=152 image=1 generation=2
info:  InternalWSI: dropped opportunity=128 reason=queue-full
info:  InternalWSI: dropped request internal=127 reason=deadline-expired
info:  WSI: app-frame-latency-signal app=144 via=source-submit-completion
info:  WSI: app-completion app=144 app-signal=signaled
info:  InternalWSI: source-present app=145 duration-us=23 hr=0x0
info:  WSI: present origin=APPLICATION_SOURCE wsi=153 app=145 internal=0 acquire=153 image=2 generation=2
info:  WSI: app-frame-latency-signal app=145 via=source-submit-completion
info:  WSI: app-completion app=145 app-signal=signaled
info:  InternalWSI: source-present app=146 duration-us=25 hr=0x0
info:  WSI: present origin=APPLICATION_SOURCE wsi=154 app=146 internal=0 acquire=154 image=0 generation=2
info:  InternalWSI: dropped opportunity=130 reason=queue-full
info:  InternalWSI: dropped request internal=129 reason=deadline-expired
info:  WSI: app-frame-latency-signal app=146 via=source-submit-completion
info:  WSI: app-completion app=146 app-signal=signaled
info:  InternalWSI: source-present app=147 duration-us=24 hr=0x0
info:  WSI: present origin=APPLICATION_SOURCE wsi=155 app=147 internal=0 acquire=155 image=1 generation=2
info:  WSI: app-frame-latency-signal app=147 via=source-submit-completion
info:  WSI: app-completion app=147 app-signal=signaled
info:  InternalWSI: source-present app=148 duration-us=81 hr=0x0
info:  WSI: present origin=APPLICATION_SOURCE wsi=156 app=148 internal=0 acquire=156 image=2 generation=2
info:  InternalWSI: dropped opportunity=132 reason=queue-full
info:  InternalWSI: dropped request internal=131 reason=deadline-expired
info:  WSI: app-frame-latency-signal app=148 via=source-submit-completion
info:  WSI: app-completion app=148 app-signal=signaled
info:  InternalWSI: source-present app=149 duration-us=24 hr=0x0
info:  WSI: present origin=APPLICATION_SOURCE wsi=157 app=149 internal=0 acquire=157 image=0 generation=2
info:  WSI: app-frame-latency-signal app=149 via=source-submit-completion
info:  WSI: app-completion app=149 app-signal=signaled
info:  InternalWSI: source-present app=150 duration-us=24 hr=0x0
info:  WSI: present origin=APPLICATION_SOURCE wsi=158 app=150 internal=0 acquire=158 image=1 generation=2
info:  InternalWSI: dropped opportunity=134 reason=queue-full
info:  InternalWSI: dropped request internal=133 reason=deadline-expired
info:  WSI: app-frame-latency-signal app=150 via=source-submit-completion
info:  WSI: app-completion app=150 app-signal=signaled
info:  InternalWSI: source-present app=151 duration-us=22 hr=0x0
info:  WSI: present origin=APPLICATION_SOURCE wsi=159 app=151 internal=0 acquire=159 image=2 generation=2
info:  WSI: app-frame-latency-signal app=151 via=source-submit-completion
info:  WSI: app-completion app=151 app-signal=signaled
info:  InternalWSI: source-present app=152 duration-us=29 hr=0x0
info:  WSI: present origin=APPLICATION_SOURCE wsi=160 app=152 internal=0 acquire=160 image=0 generation=2
info:  InternalWSI: dropped opportunity=136 reason=queue-full
info:  InternalWSI: dropped request internal=135 reason=deadline-expired
info:  WSI: app-frame-latency-signal app=152 via=source-submit-completion
info:  WSI: app-completion app=152 app-signal=signaled
info:  InternalWSI: source-present app=153 duration-us=24 hr=0x0
info:  WSI: present origin=APPLICATION_SOURCE wsi=161 app=153 internal=0 acquire=161 image=1 generation=2
info:  WSI: app-frame-latency-signal app=153 via=source-submit-completion
info:  WSI: app-completion app=153 app-signal=signaled
info:  InternalWSI: source-present app=154 duration-us=22 hr=0x0
info:  WSI: present origin=APPLICATION_SOURCE wsi=162 app=154 internal=0 acquire=162 image=2 generation=2
info:  InternalWSI: dropped opportunity=138 reason=queue-full
info:  InternalWSI: dropped request internal=137 reason=deadline-expired
info:  WSI: app-frame-latency-signal app=154 via=source-submit-completion
info:  WSI: app-completion app=154 app-signal=signaled
info:  InternalWSI: source-present app=155 duration-us=25 hr=0x0
info:  WSI: present origin=APPLICATION_SOURCE wsi=163 app=155 internal=0 acquire=163 image=0 generation=2
info:  WSI: app-frame-latency-signal app=155 via=source-submit-completion
info:  WSI: app-completion app=155 app-signal=signaled
info:  InternalWSI: source-present app=156 duration-us=25 hr=0x0
info:  WSI: present origin=APPLICATION_SOURCE wsi=164 app=156 internal=0 acquire=164 image=1 generation=2
info:  InternalWSI: dropped opportunity=140 reason=queue-full
info:  WSI: app-frame-latency-signal app=156 via=source-submit-completion
info:  WSI: app-completion app=156 app-signal=signaled
info:  WSI: present origin=INTERNAL_OUTPUT wsi=165 app=0 internal=25 acquire=165 image=2 generation=2
info:  InternalWSI: queued origin=INTERNAL_OUTPUT wsi=165 internal=25 app=none pattern=magenta vkPresent=VK_SUCCESS
info:  InternalWSI: retirement outcome=present-submitted wsi=165 internal=25 app-signals=unchanged actual-display-timing=separate
info:  InternalWSI: source-present app=157 duration-us=45 hr=0x0
info:  WSI: present origin=APPLICATION_SOURCE wsi=166 app=157 internal=0 acquire=166 image=0 generation=2
info:  WSI: app-frame-latency-signal app=157 via=source-submit-completion
info:  WSI: app-completion app=157 app-signal=signaled
info:  InternalWSI: source-present app=158 duration-us=24 hr=0x0
info:  WSI: present origin=APPLICATION_SOURCE wsi=167 app=158 internal=0 acquire=167 image=1 generation=2
info:  InternalWSI: dropped opportunity=142 reason=queue-full
info:  InternalWSI: dropped request internal=141 reason=deadline-expired
info:  WSI: app-frame-latency-signal app=158 via=source-submit-completion
info:  WSI: app-completion app=158 app-signal=signaled
info:  InternalWSI: source-present app=159 duration-us=25 hr=0x0
info:  WSI: present origin=APPLICATION_SOURCE wsi=168 app=159 internal=0 acquire=168 image=2 generation=2
info:  WSI: app-frame-latency-signal app=159 via=source-submit-completion
info:  WSI: app-completion app=159 app-signal=signaled
info:  InternalWSI: source-present app=160 duration-us=31 hr=0x0
info:  WSI: present origin=APPLICATION_SOURCE wsi=169 app=160 internal=0 acquire=169 image=0 generation=2
info:  InternalWSI: dropped opportunity=144 reason=queue-full
info:  InternalWSI: dropped request internal=143 reason=deadline-expired
info:  WSI: app-frame-latency-signal app=160 via=source-submit-completion
info:  WSI: app-completion app=160 app-signal=signaled
info:  InternalWSI: source-present app=161 duration-us=24 hr=0x0
info:  WSI: present origin=APPLICATION_SOURCE wsi=170 app=161 internal=0 acquire=170 image=1 generation=2
info:  WSI: app-frame-latency-signal app=161 via=source-submit-completion
info:  WSI: app-completion app=161 app-signal=signaled
info:  InternalWSI: source-present app=162 duration-us=27 hr=0x0
info:  WSI: present origin=APPLICATION_SOURCE wsi=171 app=162 internal=0 acquire=171 image=2 generation=2
info:  InternalWSI: dropped opportunity=146 reason=queue-full
info:  InternalWSI: dropped request internal=145 reason=deadline-expired
info:  WSI: app-frame-latency-signal app=162 via=source-submit-completion
info:  WSI: app-completion app=162 app-signal=signaled
info:  InternalWSI: source-present app=163 duration-us=29 hr=0x0
info:  WSI: present origin=APPLICATION_SOURCE wsi=172 app=163 internal=0 acquire=172 image=0 generation=2
info:  WSI: app-frame-latency-signal app=163 via=source-submit-completion
info:  WSI: app-completion app=163 app-signal=signaled
info:  InternalWSI: source-present app=164 duration-us=43 hr=0x0
info:  WSI: present origin=APPLICATION_SOURCE wsi=173 app=164 internal=0 acquire=173 image=1 generation=2
info:  InternalWSI: dropped opportunity=148 reason=queue-full
info:  WSI: app-frame-latency-signal app=164 via=source-submit-completion
info:  WSI: app-completion app=164 app-signal=signaled
info:  WSI: present origin=INTERNAL_OUTPUT wsi=174 app=0 internal=26 acquire=174 image=2 generation=2
info:  InternalWSI: queued origin=INTERNAL_OUTPUT wsi=174 internal=26 app=none pattern=cyan vkPresent=VK_SUCCESS
info:  InternalWSI: retirement outcome=present-submitted wsi=174 internal=26 app-signals=unchanged actual-display-timing=separate
info:  InternalWSI: source-present app=165 duration-us=79 hr=0x0
info:  WSI: present origin=APPLICATION_SOURCE wsi=175 app=165 internal=0 acquire=175 image=0 generation=2
info:  WSI: app-frame-latency-signal app=165 via=source-submit-completion
info:  WSI: app-completion app=165 app-signal=signaled
info:  InternalWSI: source-present app=166 duration-us=41 hr=0x0
info:  WSI: present origin=APPLICATION_SOURCE wsi=176 app=166 internal=0 acquire=176 image=1 generation=2
info:  InternalWSI: dropped opportunity=150 reason=queue-full
info:  InternalWSI: dropped request internal=149 reason=deadline-expired
info:  WSI: app-frame-latency-signal app=166 via=source-submit-completion
info:  WSI: app-completion app=166 app-signal=signaled
info:  InternalWSI: source-present app=167 duration-us=40 hr=0x0
info:  WSI: present origin=APPLICATION_SOURCE wsi=177 app=167 internal=0 acquire=177 image=2 generation=2
info:  WSI: app-frame-latency-signal app=167 via=source-submit-completion
info:  WSI: app-completion app=167 app-signal=signaled
info:  InternalWSI: source-present app=168 duration-us=25 hr=0x0
info:  WSI: present origin=APPLICATION_SOURCE wsi=178 app=168 internal=0 acquire=178 image=0 generation=2
info:  InternalWSI: dropped opportunity=152 reason=queue-full
info:  InternalWSI: dropped request internal=151 reason=deadline-expired
info:  WSI: app-frame-latency-signal app=168 via=source-submit-completion
info:  WSI: app-completion app=168 app-signal=signaled
info:  InternalWSI: source-present app=169 duration-us=27 hr=0x0
info:  WSI: present origin=APPLICATION_SOURCE wsi=179 app=169 internal=0 acquire=179 image=1 generation=2
info:  WSI: app-frame-latency-signal app=169 via=source-submit-completion
info:  WSI: app-completion app=169 app-signal=signaled
info:  InternalWSI: source-present app=170 duration-us=22 hr=0x0
info:  WSI: present origin=APPLICATION_SOURCE wsi=180 app=170 internal=0 acquire=180 image=2 generation=2
info:  InternalWSI: dropped opportunity=154 reason=queue-full
info:  InternalWSI: dropped request internal=153 reason=deadline-expired
info:  WSI: app-frame-latency-signal app=170 via=source-submit-completion
info:  WSI: app-completion app=170 app-signal=signaled
info:  InternalWSI: source-present app=171 duration-us=25 hr=0x0
info:  WSI: present origin=APPLICATION_SOURCE wsi=181 app=171 internal=0 acquire=181 image=0 generation=2
info:  WSI: app-frame-latency-signal app=171 via=source-submit-completion
info:  WSI: app-completion app=171 app-signal=signaled
info:  InternalWSI: source-present app=172 duration-us=21 hr=0x0
info:  WSI: present origin=APPLICATION_SOURCE wsi=182 app=172 internal=0 acquire=182 image=1 generation=2
info:  InternalWSI: dropped opportunity=156 reason=queue-full
info:  WSI: app-frame-latency-signal app=172 via=source-submit-completion
info:  WSI: app-completion app=172 app-signal=signaled
info:  WSI: present origin=INTERNAL_OUTPUT wsi=183 app=0 internal=27 acquire=183 image=2 generation=2
info:  InternalWSI: queued origin=INTERNAL_OUTPUT wsi=183 internal=27 app=none pattern=magenta vkPresent=VK_SUCCESS
info:  InternalWSI: retirement outcome=present-submitted wsi=183 internal=27 app-signals=unchanged actual-display-timing=separate
info:  InternalWSI: source-present app=173 duration-us=44 hr=0x0
info:  WSI: present origin=APPLICATION_SOURCE wsi=184 app=173 internal=0 acquire=184 image=0 generation=2
info:  WSI: app-frame-latency-signal app=173 via=source-submit-completion
info:  WSI: app-completion app=173 app-signal=signaled
info:  InternalWSI: source-present app=174 duration-us=21 hr=0x0
info:  WSI: present origin=APPLICATION_SOURCE wsi=185 app=174 internal=0 acquire=185 image=1 generation=2
info:  InternalWSI: dropped opportunity=158 reason=queue-full
info:  WSI: app-frame-latency-signal app=174 via=source-submit-completion
info:  WSI: app-completion app=174 app-signal=signaled
info:  WSI: present origin=INTERNAL_OUTPUT wsi=186 app=0 internal=28 acquire=186 image=2 generation=2
info:  InternalWSI: queued origin=INTERNAL_OUTPUT wsi=186 internal=28 app=none pattern=cyan vkPresent=VK_SUCCESS
info:  InternalWSI: retirement outcome=present-submitted wsi=186 internal=28 app-signals=unchanged actual-display-timing=separate
info:  InternalWSI: source-present app=175 duration-us=38 hr=0x0
info:  WSI: present origin=APPLICATION_SOURCE wsi=187 app=175 internal=0 acquire=187 image=0 generation=2
info:  WSI: app-frame-latency-signal app=175 via=source-submit-completion
info:  WSI: app-completion app=175 app-signal=signaled
info:  InternalWSI: source-present app=176 duration-us=23 hr=0x0
info:  WSI: present origin=APPLICATION_SOURCE wsi=188 app=176 internal=0 acquire=188 image=1 generation=2
info:  InternalWSI: dropped opportunity=160 reason=queue-full
info:  WSI: app-frame-latency-signal app=176 via=source-submit-completion
info:  WSI: app-completion app=176 app-signal=signaled
info:  WSI: present origin=INTERNAL_OUTPUT wsi=189 app=0 internal=29 acquire=189 image=2 generation=2
info:  InternalWSI: queued origin=INTERNAL_OUTPUT wsi=189 internal=29 app=none pattern=magenta vkPresent=VK_SUCCESS
info:  InternalWSI: retirement outcome=present-submitted wsi=189 internal=29 app-signals=unchanged actual-display-timing=separate
info:  InternalWSI: source-present app=177 duration-us=49 hr=0x0
info:  WSI: present origin=APPLICATION_SOURCE wsi=190 app=177 internal=0 acquire=190 image=0 generation=2
info:  WSI: app-frame-latency-signal app=177 via=source-submit-completion
info:  WSI: app-completion app=177 app-signal=signaled
info:  InternalWSI: source-present app=178 duration-us=24 hr=0x0
info:  WSI: present origin=APPLICATION_SOURCE wsi=191 app=178 internal=0 acquire=191 image=1 generation=2
info:  InternalWSI: dropped opportunity=162 reason=queue-full
info:  InternalWSI: dropped request internal=161 reason=deadline-expired
info:  WSI: app-frame-latency-signal app=178 via=source-submit-completion
info:  WSI: app-completion app=178 app-signal=signaled
info:  InternalWSI: source-present app=179 duration-us=24 hr=0x0
info:  WSI: present origin=APPLICATION_SOURCE wsi=192 app=179 internal=0 acquire=192 image=2 generation=2
info:  WSI: app-frame-latency-signal app=179 via=source-submit-completion
info:  WSI: app-completion app=179 app-signal=signaled
info:  InternalWSI: source-present app=180 duration-us=24 hr=0x0
info:  WSI: present origin=APPLICATION_SOURCE wsi=193 app=180 internal=0 acquire=193 image=0 generation=2
info:  InternalWSI: dropped opportunity=164 reason=queue-full
info:  WSI: app-frame-latency-signal app=180 via=source-submit-completion
info:  WSI: app-completion app=180 app-signal=signaled
info:  WSI: present origin=INTERNAL_OUTPUT wsi=194 app=0 internal=30 acquire=194 image=1 generation=2
info:  InternalWSI: queued origin=INTERNAL_OUTPUT wsi=194 internal=30 app=none pattern=cyan vkPresent=VK_SUCCESS
info:  InternalWSI: retirement outcome=present-submitted wsi=194 internal=30 app-signals=unchanged actual-display-timing=separate
info:  InternalWSI: source-present app=181 duration-us=53 hr=0x0
info:  WSI: present origin=APPLICATION_SOURCE wsi=195 app=181 internal=0 acquire=195 image=2 generation=2
info:  WSI: app-frame-latency-signal app=181 via=source-submit-completion
info:  WSI: app-completion app=181 app-signal=signaled
info:  InternalWSI: source-present app=182 duration-us=27 hr=0x0
info:  WSI: present origin=APPLICATION_SOURCE wsi=196 app=182 internal=0 acquire=196 image=0 generation=2
info:  InternalWSI: dropped opportunity=166 reason=queue-full
info:  InternalWSI: dropped request internal=165 reason=deadline-expired
info:  WSI: app-frame-latency-signal app=182 via=source-submit-completion
info:  WSI: app-completion app=182 app-signal=signaled
info:  InternalWSI: source-present app=183 duration-us=25 hr=0x0
info:  WSI: present origin=APPLICATION_SOURCE wsi=197 app=183 internal=0 acquire=197 image=1 generation=2
info:  WSI: app-frame-latency-signal app=183 via=source-submit-completion
info:  WSI: app-completion app=183 app-signal=signaled
info:  InternalWSI: source-present app=184 duration-us=21 hr=0x0
info:  WSI: present origin=APPLICATION_SOURCE wsi=198 app=184 internal=0 acquire=198 image=2 generation=2
info:  InternalWSI: dropped opportunity=168 reason=queue-full
info:  WSI: app-frame-latency-signal app=184 via=source-submit-completion
info:  WSI: app-completion app=184 app-signal=signaled
info:  WSI: present origin=INTERNAL_OUTPUT wsi=199 app=0 internal=31 acquire=199 image=0 generation=2
info:  InternalWSI: queued origin=INTERNAL_OUTPUT wsi=199 internal=31 app=none pattern=magenta vkPresent=VK_SUCCESS
info:  InternalWSI: retirement outcome=present-submitted wsi=199 internal=31 app-signals=unchanged actual-display-timing=separate
info:  InternalWSI: source-present app=185 duration-us=46 hr=0x0
info:  WSI: present origin=APPLICATION_SOURCE wsi=200 app=185 internal=0 acquire=200 image=1 generation=2
info:  WSI: app-frame-latency-signal app=185 via=source-submit-completion
info:  WSI: app-completion app=185 app-signal=signaled
info:  InternalWSI: source-present app=186 duration-us=21 hr=0x0
info:  WSI: present origin=APPLICATION_SOURCE wsi=201 app=186 internal=0 acquire=201 image=2 generation=2
info:  InternalWSI: dropped opportunity=170 reason=queue-full
info:  InternalWSI: dropped request internal=169 reason=deadline-expired
info:  WSI: app-frame-latency-signal app=186 via=source-submit-completion
info:  WSI: app-completion app=186 app-signal=signaled
info:  InternalWSI: source-present app=187 duration-us=26 hr=0x0
info:  WSI: present origin=APPLICATION_SOURCE wsi=202 app=187 internal=0 acquire=202 image=0 generation=2
info:  WSI: app-frame-latency-signal app=187 via=source-submit-completion
info:  WSI: app-completion app=187 app-signal=signaled
info:  InternalWSI: source-present app=188 duration-us=23 hr=0x0
info:  WSI: present origin=APPLICATION_SOURCE wsi=203 app=188 internal=0 acquire=203 image=1 generation=2
info:  InternalWSI: dropped opportunity=172 reason=queue-full
info:  WSI: app-frame-latency-signal app=188 via=source-submit-completion
info:  WSI: app-completion app=188 app-signal=signaled
info:  WSI: present origin=INTERNAL_OUTPUT wsi=204 app=0 internal=32 acquire=204 image=2 generation=2
info:  InternalWSI: queued origin=INTERNAL_OUTPUT wsi=204 internal=32 app=none pattern=cyan vkPresent=VK_SUCCESS
info:  InternalWSI: retirement outcome=present-submitted wsi=204 internal=32 app-signals=unchanged actual-display-timing=separate
info:  InternalWSI: source-present app=189 duration-us=46 hr=0x0
info:  WSI: present origin=APPLICATION_SOURCE wsi=205 app=189 internal=0 acquire=205 image=0 generation=2
info:  WSI: app-frame-latency-signal app=189 via=source-submit-completion
info:  WSI: app-completion app=189 app-signal=signaled
info:  InternalWSI: source-present app=190 duration-us=24 hr=0x0
info:  WSI: present origin=APPLICATION_SOURCE wsi=206 app=190 internal=0 acquire=206 image=1 generation=2
info:  InternalWSI: dropped opportunity=174 reason=queue-full
info:  InternalWSI: dropped request internal=173 reason=deadline-expired
info:  WSI: app-frame-latency-signal app=190 via=source-submit-completion
info:  WSI: app-completion app=190 app-signal=signaled
info:  InternalWSI: source-present app=191 duration-us=27 hr=0x0
info:  WSI: present origin=APPLICATION_SOURCE wsi=207 app=191 internal=0 acquire=207 image=2 generation=2
info:  WSI: app-frame-latency-signal app=191 via=source-submit-completion
info:  WSI: app-completion app=191 app-signal=signaled
info:  InternalWSI: source-present app=192 duration-us=22 hr=0x0
info:  WSI: present origin=APPLICATION_SOURCE wsi=208 app=192 internal=0 acquire=208 image=0 generation=2
info:  InternalWSI: dropped opportunity=176 reason=queue-full
info:  WSI: app-frame-latency-signal app=192 via=source-submit-completion
info:  WSI: app-completion app=192 app-signal=signaled
info:  WSI: present origin=INTERNAL_OUTPUT wsi=209 app=0 internal=33 acquire=209 image=1 generation=2
info:  InternalWSI: queued origin=INTERNAL_OUTPUT wsi=209 internal=33 app=none pattern=magenta vkPresent=VK_SUCCESS
info:  InternalWSI: retirement outcome=present-submitted wsi=209 internal=33 app-signals=unchanged actual-display-timing=separate
info:  InternalWSI: source-present app=193 duration-us=54 hr=0x0
info:  WSI: present origin=APPLICATION_SOURCE wsi=210 app=193 internal=0 acquire=210 image=2 generation=2
info:  WSI: app-frame-latency-signal app=193 via=source-submit-completion
info:  WSI: app-completion app=193 app-signal=signaled
info:  InternalWSI: source-present app=194 duration-us=45 hr=0x0
info:  WSI: present origin=APPLICATION_SOURCE wsi=211 app=194 internal=0 acquire=211 image=0 generation=2
info:  InternalWSI: dropped opportunity=178 reason=queue-full
info:  WSI: app-frame-latency-signal app=194 via=source-submit-completion
info:  WSI: app-completion app=194 app-signal=signaled
info:  WSI: present origin=INTERNAL_OUTPUT wsi=212 app=0 internal=34 acquire=212 image=1 generation=2
info:  InternalWSI: queued origin=INTERNAL_OUTPUT wsi=212 internal=34 app=none pattern=cyan vkPresent=VK_SUCCESS
info:  InternalWSI: retirement outcome=present-submitted wsi=212 internal=34 app-signals=unchanged actual-display-timing=separate
info:  InternalWSI: source-present app=195 duration-us=59 hr=0x0
info:  WSI: present origin=APPLICATION_SOURCE wsi=213 app=195 internal=0 acquire=213 image=2 generation=2
info:  WSI: app-frame-latency-signal app=195 via=source-submit-completion
info:  WSI: app-completion app=195 app-signal=signaled
info:  InternalWSI: source-present app=196 duration-us=28 hr=0x0
info:  WSI: present origin=APPLICATION_SOURCE wsi=214 app=196 internal=0 acquire=214 image=0 generation=2
info:  InternalWSI: dropped opportunity=180 reason=queue-full
info:  WSI: app-frame-latency-signal app=196 via=source-submit-completion
info:  WSI: app-completion app=196 app-signal=signaled
info:  WSI: present origin=INTERNAL_OUTPUT wsi=215 app=0 internal=35 acquire=215 image=1 generation=2
info:  InternalWSI: queued origin=INTERNAL_OUTPUT wsi=215 internal=35 app=none pattern=magenta vkPresent=VK_SUCCESS
info:  InternalWSI: retirement outcome=present-submitted wsi=215 internal=35 app-signals=unchanged actual-display-timing=separate
info:  InternalWSI: source-present app=197 duration-us=48 hr=0x0
info:  WSI: present origin=APPLICATION_SOURCE wsi=216 app=197 internal=0 acquire=216 image=2 generation=2
info:  WSI: app-frame-latency-signal app=197 via=source-submit-completion
info:  WSI: app-completion app=197 app-signal=signaled
info:  InternalWSI: source-present app=198 duration-us=27 hr=0x0
info:  WSI: present origin=APPLICATION_SOURCE wsi=217 app=198 internal=0 acquire=217 image=0 generation=2
info:  InternalWSI: dropped opportunity=182 reason=queue-full
info:  InternalWSI: dropped request internal=181 reason=deadline-expired
info:  WSI: app-frame-latency-signal app=198 via=source-submit-completion
info:  WSI: app-completion app=198 app-signal=signaled
info:  InternalWSI: source-present app=199 duration-us=23 hr=0x0
info:  WSI: present origin=APPLICATION_SOURCE wsi=218 app=199 internal=0 acquire=218 image=1 generation=2
info:  WSI: app-frame-latency-signal app=199 via=source-submit-completion
info:  WSI: app-completion app=199 app-signal=signaled
info:  InternalWSI: source-present app=200 duration-us=24 hr=0x0
info:  WSI: present origin=APPLICATION_SOURCE wsi=219 app=200 internal=0 acquire=219 image=2 generation=2
info:  InternalWSI: dropped opportunity=184 reason=queue-full
info:  WSI: app-frame-latency-signal app=200 via=source-submit-completion
info:  WSI: app-completion app=200 app-signal=signaled
info:  WSI: present origin=INTERNAL_OUTPUT wsi=220 app=0 internal=36 acquire=220 image=0 generation=2
info:  InternalWSI: queued origin=INTERNAL_OUTPUT wsi=220 internal=36 app=none pattern=cyan vkPresent=VK_SUCCESS
info:  InternalWSI: retirement outcome=present-submitted wsi=220 internal=36 app-signals=unchanged actual-display-timing=separate
info:  InternalWSI: source-present app=201 duration-us=46 hr=0x0
info:  WSI: present origin=APPLICATION_SOURCE wsi=221 app=201 internal=0 acquire=221 image=1 generation=2
info:  WSI: app-frame-latency-signal app=201 via=source-submit-completion
info:  WSI: app-completion app=201 app-signal=signaled
info:  InternalWSI: source-present app=202 duration-us=27 hr=0x0
info:  WSI: present origin=APPLICATION_SOURCE wsi=222 app=202 internal=0 acquire=222 image=2 generation=2
info:  InternalWSI: dropped opportunity=186 reason=queue-full
info:  InternalWSI: dropped request internal=185 reason=deadline-expired
info:  WSI: app-frame-latency-signal app=202 via=source-submit-completion
info:  WSI: app-completion app=202 app-signal=signaled
info:  InternalWSI: source-present app=203 duration-us=27 hr=0x0
info:  WSI: present origin=APPLICATION_SOURCE wsi=223 app=203 internal=0 acquire=223 image=0 generation=2
info:  WSI: app-frame-latency-signal app=203 via=source-submit-completion
info:  WSI: app-completion app=203 app-signal=signaled
info:  InternalWSI: source-present app=204 duration-us=26 hr=0x0
info:  WSI: present origin=APPLICATION_SOURCE wsi=224 app=204 internal=0 acquire=224 image=1 generation=2
info:  InternalWSI: dropped opportunity=188 reason=queue-full
info:  InternalWSI: dropped request internal=187 reason=deadline-expired
info:  WSI: app-frame-latency-signal app=204 via=source-submit-completion
info:  WSI: app-completion app=204 app-signal=signaled
info:  InternalWSI: source-present app=205 duration-us=23 hr=0x0
info:  WSI: present origin=APPLICATION_SOURCE wsi=225 app=205 internal=0 acquire=225 image=2 generation=2
info:  WSI: app-frame-latency-signal app=205 via=source-submit-completion
info:  WSI: app-completion app=205 app-signal=signaled
info:  InternalWSI: source-present app=206 duration-us=21 hr=0x0
info:  WSI: present origin=APPLICATION_SOURCE wsi=226 app=206 internal=0 acquire=226 image=0 generation=2
info:  InternalWSI: dropped opportunity=190 reason=queue-full
info:  InternalWSI: dropped request internal=189 reason=deadline-expired
info:  WSI: app-frame-latency-signal app=206 via=source-submit-completion
info:  WSI: app-completion app=206 app-signal=signaled
info:  InternalWSI: source-present app=207 duration-us=24 hr=0x0
info:  WSI: present origin=APPLICATION_SOURCE wsi=227 app=207 internal=0 acquire=227 image=1 generation=2
info:  WSI: app-frame-latency-signal app=207 via=source-submit-completion
info:  WSI: app-completion app=207 app-signal=signaled
info:  InternalWSI: source-present app=208 duration-us=25 hr=0x0
info:  WSI: present origin=APPLICATION_SOURCE wsi=228 app=208 internal=0 acquire=228 image=2 generation=2
info:  InternalWSI: dropped opportunity=192 reason=queue-full
info:  InternalWSI: dropped request internal=191 reason=deadline-expired
info:  WSI: app-frame-latency-signal app=208 via=source-submit-completion
info:  WSI: app-completion app=208 app-signal=signaled
info:  InternalWSI: source-present app=209 duration-us=21 hr=0x0
info:  WSI: present origin=APPLICATION_SOURCE wsi=229 app=209 internal=0 acquire=229 image=0 generation=2
info:  WSI: app-frame-latency-signal app=209 via=source-submit-completion
info:  WSI: app-completion app=209 app-signal=signaled
info:  InternalWSI: source-present app=210 duration-us=25 hr=0x0
info:  WSI: present origin=APPLICATION_SOURCE wsi=230 app=210 internal=0 acquire=230 image=1 generation=2
info:  InternalWSI: dropped opportunity=194 reason=queue-full
info:  InternalWSI: dropped request internal=193 reason=deadline-expired
info:  WSI: app-frame-latency-signal app=210 via=source-submit-completion
info:  WSI: app-completion app=210 app-signal=signaled
info:  InternalWSI: source-present app=211 duration-us=21 hr=0x0
info:  WSI: present origin=APPLICATION_SOURCE wsi=231 app=211 internal=0 acquire=231 image=2 generation=2
info:  WSI: app-frame-latency-signal app=211 via=source-submit-completion
info:  WSI: app-completion app=211 app-signal=signaled
info:  InternalWSI: source-present app=212 duration-us=24 hr=0x0
info:  WSI: present origin=APPLICATION_SOURCE wsi=232 app=212 internal=0 acquire=232 image=0 generation=2
info:  InternalWSI: dropped opportunity=196 reason=queue-full
info:  InternalWSI: dropped request internal=195 reason=deadline-expired
info:  WSI: app-frame-latency-signal app=212 via=source-submit-completion
info:  WSI: app-completion app=212 app-signal=signaled
info:  InternalWSI: source-present app=213 duration-us=25 hr=0x0
info:  WSI: present origin=APPLICATION_SOURCE wsi=233 app=213 internal=0 acquire=233 image=1 generation=2
info:  WSI: app-frame-latency-signal app=213 via=source-submit-completion
info:  WSI: app-completion app=213 app-signal=signaled
info:  InternalWSI: source-present app=214 duration-us=35 hr=0x0
info:  WSI: present origin=APPLICATION_SOURCE wsi=234 app=214 internal=0 acquire=234 image=2 generation=2
info:  InternalWSI: dropped opportunity=198 reason=queue-full
info:  InternalWSI: dropped request internal=197 reason=deadline-expired
info:  WSI: app-frame-latency-signal app=214 via=source-submit-completion
info:  WSI: app-completion app=214 app-signal=signaled
info:  InternalWSI: source-present app=215 duration-us=14 hr=0x0
info:  WSI: present origin=APPLICATION_SOURCE wsi=235 app=215 internal=0 acquire=235 image=0 generation=2
info:  WSI: app-frame-latency-signal app=215 via=source-submit-completion
info:  WSI: app-completion app=215 app-signal=signaled
info:  InternalWSI: source-present app=216 duration-us=48 hr=0x0
info:  WSI: present origin=APPLICATION_SOURCE wsi=236 app=216 internal=0 acquire=236 image=1 generation=2
info:  InternalWSI: dropped opportunity=200 reason=queue-full
info:  InternalWSI: dropped request internal=199 reason=deadline-expired
info:  WSI: app-frame-latency-signal app=216 via=source-submit-completion
info:  WSI: app-completion app=216 app-signal=signaled
info:  InternalWSI: source-present app=217 duration-us=63 hr=0x0
info:  WSI: present origin=APPLICATION_SOURCE wsi=237 app=217 internal=0 acquire=237 image=2 generation=2
info:  WSI: app-frame-latency-signal app=217 via=source-submit-completion
info:  WSI: app-completion app=217 app-signal=signaled
info:  InternalWSI: source-present app=218 duration-us=59 hr=0x0
info:  WSI: present origin=APPLICATION_SOURCE wsi=238 app=218 internal=0 acquire=238 image=0 generation=2
info:  InternalWSI: dropped opportunity=202 reason=queue-full
info:  WSI: app-frame-latency-signal app=218 via=source-submit-completion
info:  WSI: app-completion app=218 app-signal=signaled
info:  WSI: present origin=INTERNAL_OUTPUT wsi=239 app=0 internal=37 acquire=239 image=1 generation=2
info:  InternalWSI: retirement outcome=present-submitted wsi=239 internal=37 app-signals=unchanged actual-display-timing=separate
info:  InternalWSI: queued origin=INTERNAL_OUTPUT wsi=239 internal=37 app=none pattern=magenta vkPresent=VK_SUCCESS
info:  InternalWSI: source-present app=219 duration-us=103 hr=0x0
info:  WSI: present origin=APPLICATION_SOURCE wsi=240 app=219 internal=0 acquire=240 image=2 generation=2
info:  WSI: app-frame-latency-signal app=219 via=source-submit-completion
info:  WSI: app-completion app=219 app-signal=signaled
info:  InternalWSI: source-present app=220 duration-us=46 hr=0x0
info:  WSI: present origin=APPLICATION_SOURCE wsi=241 app=220 internal=0 acquire=241 image=0 generation=2
info:  InternalWSI: dropped opportunity=204 reason=queue-full
info:  InternalWSI: dropped request internal=203 reason=deadline-expired
info:  WSI: app-frame-latency-signal app=220 via=source-submit-completion
info:  WSI: app-completion app=220 app-signal=signaled
info:  InternalWSI: source-present app=221 duration-us=26 hr=0x0
info:  WSI: present origin=APPLICATION_SOURCE wsi=242 app=221 internal=0 acquire=242 image=1 generation=2
info:  WSI: app-frame-latency-signal app=221 via=source-submit-completion
info:  WSI: app-completion app=221 app-signal=signaled
info:  InternalWSI: source-present app=222 duration-us=22 hr=0x0
info:  WSI: present origin=APPLICATION_SOURCE wsi=243 app=222 internal=0 acquire=243 image=2 generation=2
info:  InternalWSI: dropped opportunity=206 reason=queue-full
info:  WSI: app-frame-latency-signal app=222 via=source-submit-completion
info:  WSI: app-completion app=222 app-signal=signaled
info:  WSI: present origin=INTERNAL_OUTPUT wsi=244 app=0 internal=38 acquire=244 image=0 generation=2
info:  InternalWSI: queued origin=INTERNAL_OUTPUT wsi=244 internal=38 app=none pattern=cyan vkPresent=VK_SUCCESS
info:  InternalWSI: retirement outcome=present-submitted wsi=244 internal=38 app-signals=unchanged actual-display-timing=separate
info:  InternalWSI: source-present app=223 duration-us=45 hr=0x0
info:  WSI: present origin=APPLICATION_SOURCE wsi=245 app=223 internal=0 acquire=245 image=1 generation=2
info:  WSI: app-frame-latency-signal app=223 via=source-submit-completion
info:  WSI: app-completion app=223 app-signal=signaled
info:  InternalWSI: source-present app=224 duration-us=60 hr=0x0
info:  WSI: present origin=APPLICATION_SOURCE wsi=246 app=224 internal=0 acquire=246 image=2 generation=2
info:  InternalWSI: dropped opportunity=208 reason=queue-full
info:  WSI: app-frame-latency-signal app=224 via=source-submit-completion
info:  WSI: app-completion app=224 app-signal=signaled
info:  WSI: present origin=INTERNAL_OUTPUT wsi=247 app=0 internal=39 acquire=247 image=0 generation=2
info:  InternalWSI: retirement outcome=present-submitted wsi=247 internal=39 app-signals=unchanged actual-display-timing=separate
info:  InternalWSI: queued origin=INTERNAL_OUTPUT wsi=247 internal=39 app=none pattern=magenta vkPresent=VK_SUCCESS
info:  InternalWSI: source-present app=225 duration-us=61 hr=0x0
info:  WSI: present origin=APPLICATION_SOURCE wsi=248 app=225 internal=0 acquire=248 image=1 generation=2
info:  WSI: app-frame-latency-signal app=225 via=source-submit-completion
info:  WSI: app-completion app=225 app-signal=signaled
info:  InternalWSI: source-present app=226 duration-us=36 hr=0x0
info:  WSI: present origin=APPLICATION_SOURCE wsi=249 app=226 internal=0 acquire=249 image=2 generation=2
info:  InternalWSI: dropped opportunity=210 reason=queue-full
info:  InternalWSI: dropped request internal=209 reason=deadline-expired
info:  WSI: app-frame-latency-signal app=226 via=source-submit-completion
info:  WSI: app-completion app=226 app-signal=signaled
info:  InternalWSI: source-present app=227 duration-us=28 hr=0x0
info:  WSI: present origin=APPLICATION_SOURCE wsi=250 app=227 internal=0 acquire=250 image=0 generation=2
info:  WSI: app-frame-latency-signal app=227 via=source-submit-completion
info:  WSI: app-completion app=227 app-signal=signaled
info:  InternalWSI: source-present app=228 duration-us=22 hr=0x0
info:  WSI: present origin=APPLICATION_SOURCE wsi=251 app=228 internal=0 acquire=251 image=1 generation=2
info:  InternalWSI: dropped opportunity=212 reason=queue-full
info:  InternalWSI: dropped request internal=211 reason=deadline-expired
info:  WSI: app-frame-latency-signal app=228 via=source-submit-completion
info:  WSI: app-completion app=228 app-signal=signaled
info:  InternalWSI: source-present app=229 duration-us=25 hr=0x0
info:  WSI: present origin=APPLICATION_SOURCE wsi=252 app=229 internal=0 acquire=252 image=2 generation=2
info:  WSI: app-frame-latency-signal app=229 via=source-submit-completion
info:  WSI: app-completion app=229 app-signal=signaled
info:  InternalWSI: source-present app=230 duration-us=24 hr=0x0
info:  WSI: present origin=APPLICATION_SOURCE wsi=253 app=230 internal=0 acquire=253 image=0 generation=2
info:  InternalWSI: dropped opportunity=214 reason=queue-full
info:  InternalWSI: dropped request internal=213 reason=deadline-expired
info:  WSI: app-frame-latency-signal app=230 via=source-submit-completion
info:  WSI: app-completion app=230 app-signal=signaled
info:  InternalWSI: source-present app=231 duration-us=23 hr=0x0
info:  WSI: present origin=APPLICATION_SOURCE wsi=254 app=231 internal=0 acquire=254 image=1 generation=2
info:  WSI: app-frame-latency-signal app=231 via=source-submit-completion
info:  WSI: app-completion app=231 app-signal=signaled
info:  InternalWSI: source-present app=232 duration-us=21 hr=0x0
info:  WSI: present origin=APPLICATION_SOURCE wsi=255 app=232 internal=0 acquire=255 image=2 generation=2
info:  InternalWSI: dropped opportunity=216 reason=queue-full
info:  InternalWSI: dropped request internal=215 reason=deadline-expired
info:  WSI: app-frame-latency-signal app=232 via=source-submit-completion
info:  WSI: app-completion app=232 app-signal=signaled
info:  InternalWSI: source-present app=233 duration-us=20 hr=0x0
info:  WSI: present origin=APPLICATION_SOURCE wsi=256 app=233 internal=0 acquire=256 image=0 generation=2
info:  WSI: app-frame-latency-signal app=233 via=source-submit-completion
info:  WSI: app-completion app=233 app-signal=signaled
info:  InternalWSI: source-present app=234 duration-us=21 hr=0x0
info:  WSI: present origin=APPLICATION_SOURCE wsi=257 app=234 internal=0 acquire=257 image=1 generation=2
info:  InternalWSI: dropped opportunity=218 reason=queue-full
info:  InternalWSI: dropped request internal=217 reason=deadline-expired
info:  WSI: app-frame-latency-signal app=234 via=source-submit-completion
info:  WSI: app-completion app=234 app-signal=signaled
info:  InternalWSI: source-present app=235 duration-us=20 hr=0x0
info:  WSI: present origin=APPLICATION_SOURCE wsi=258 app=235 internal=0 acquire=258 image=2 generation=2
info:  WSI: app-frame-latency-signal app=235 via=source-submit-completion
info:  WSI: app-completion app=235 app-signal=signaled
info:  InternalWSI: source-present app=236 duration-us=23 hr=0x0
info:  WSI: present origin=APPLICATION_SOURCE wsi=259 app=236 internal=0 acquire=259 image=0 generation=2
info:  InternalWSI: dropped opportunity=220 reason=queue-full
info:  WSI: app-frame-latency-signal app=236 via=source-submit-completion
info:  WSI: app-completion app=236 app-signal=signaled
info:  WSI: present origin=INTERNAL_OUTPUT wsi=260 app=0 internal=40 acquire=260 image=1 generation=2
info:  InternalWSI: queued origin=INTERNAL_OUTPUT wsi=260 internal=40 app=none pattern=cyan vkPresent=VK_SUCCESS
info:  InternalWSI: retirement outcome=present-submitted wsi=260 internal=40 app-signals=unchanged actual-display-timing=separate
info:  InternalWSI: source-present app=237 duration-us=45 hr=0x0
info:  WSI: present origin=APPLICATION_SOURCE wsi=261 app=237 internal=0 acquire=261 image=2 generation=2
info:  WSI: app-frame-latency-signal app=237 via=source-submit-completion
info:  WSI: app-completion app=237 app-signal=signaled
info:  InternalWSI: source-present app=238 duration-us=24 hr=0x0
info:  WSI: present origin=APPLICATION_SOURCE wsi=262 app=238 internal=0 acquire=262 image=0 generation=2
info:  InternalWSI: dropped opportunity=222 reason=queue-full
info:  WSI: app-frame-latency-signal app=238 via=source-submit-completion
info:  WSI: app-completion app=238 app-signal=signaled
info:  WSI: present origin=INTERNAL_OUTPUT wsi=263 app=0 internal=41 acquire=263 image=1 generation=2
info:  InternalWSI: queued origin=INTERNAL_OUTPUT wsi=263 internal=41 app=none pattern=magenta vkPresent=VK_SUCCESS
info:  InternalWSI: retirement outcome=present-submitted wsi=263 internal=41 app-signals=unchanged actual-display-timing=separate
info:  InternalWSI: source-present app=239 duration-us=81 hr=0x0
info:  WSI: present origin=APPLICATION_SOURCE wsi=264 app=239 internal=0 acquire=264 image=2 generation=2
info:  WSI: app-frame-latency-signal app=239 via=source-submit-completion
info:  WSI: app-completion app=239 app-signal=signaled
info:  InternalWSI: source-present app=240 duration-us=22 hr=0x0
info:  WSI: present origin=APPLICATION_SOURCE wsi=265 app=240 internal=0 acquire=265 image=0 generation=2
info:  InternalWSI: dropped opportunity=224 reason=queue-full
info:  InternalWSI: dropped request internal=223 reason=deadline-expired
info:  WSI: app-frame-latency-signal app=240 via=source-submit-completion
info:  WSI: app-completion app=240 app-signal=signaled
info:  InternalWSI: source-present app=241 duration-us=23 hr=0x0
info:  WSI: present origin=APPLICATION_SOURCE wsi=266 app=241 internal=0 acquire=266 image=1 generation=2
info:  WSI: app-frame-latency-signal app=241 via=source-submit-completion
info:  WSI: app-completion app=241 app-signal=signaled
info:  InternalWSI: source-present app=242 duration-us=19 hr=0x0
info:  WSI: present origin=APPLICATION_SOURCE wsi=267 app=242 internal=0 acquire=267 image=2 generation=2
info:  InternalWSI: dropped opportunity=226 reason=queue-full
info:  InternalWSI: dropped request internal=225 reason=deadline-expired
info:  WSI: app-frame-latency-signal app=242 via=source-submit-completion
info:  WSI: app-completion app=242 app-signal=signaled
info:  InternalWSI: source-present app=243 duration-us=21 hr=0x0
info:  WSI: present origin=APPLICATION_SOURCE wsi=268 app=243 internal=0 acquire=268 image=0 generation=2
info:  WSI: app-frame-latency-signal app=243 via=source-submit-completion
info:  WSI: app-completion app=243 app-signal=signaled
info:  InternalWSI: source-present app=244 duration-us=28 hr=0x0
info:  WSI: present origin=APPLICATION_SOURCE wsi=269 app=244 internal=0 acquire=269 image=1 generation=2
info:  InternalWSI: dropped opportunity=228 reason=queue-full
info:  InternalWSI: dropped request internal=227 reason=deadline-expired
info:  WSI: app-frame-latency-signal app=244 via=source-submit-completion
info:  WSI: app-completion app=244 app-signal=signaled
info:  InternalWSI: source-present app=245 duration-us=26 hr=0x0
info:  WSI: present origin=APPLICATION_SOURCE wsi=270 app=245 internal=0 acquire=270 image=2 generation=2
info:  WSI: app-frame-latency-signal app=245 via=source-submit-completion
info:  WSI: app-completion app=245 app-signal=signaled
info:  InternalWSI: source-present app=246 duration-us=21 hr=0x0
info:  WSI: present origin=APPLICATION_SOURCE wsi=271 app=246 internal=0 acquire=271 image=0 generation=2
info:  InternalWSI: dropped opportunity=230 reason=queue-full
info:  InternalWSI: dropped request internal=229 reason=deadline-expired
info:  WSI: app-frame-latency-signal app=246 via=source-submit-completion
info:  WSI: app-completion app=246 app-signal=signaled
info:  InternalWSI: source-present app=247 duration-us=20 hr=0x0
info:  WSI: present origin=APPLICATION_SOURCE wsi=272 app=247 internal=0 acquire=272 image=1 generation=2
info:  WSI: app-frame-latency-signal app=247 via=source-submit-completion
info:  WSI: app-completion app=247 app-signal=signaled
info:  InternalWSI: source-present app=248 duration-us=23 hr=0x0
info:  WSI: present origin=APPLICATION_SOURCE wsi=273 app=248 internal=0 acquire=273 image=2 generation=2
info:  InternalWSI: dropped opportunity=232 reason=queue-full
info:  InternalWSI: dropped request internal=231 reason=deadline-expired
info:  WSI: app-frame-latency-signal app=248 via=source-submit-completion
info:  WSI: app-completion app=248 app-signal=signaled
info:  InternalWSI: source-present app=249 duration-us=23 hr=0x0
info:  WSI: present origin=APPLICATION_SOURCE wsi=274 app=249 internal=0 acquire=274 image=0 generation=2
info:  WSI: app-frame-latency-signal app=249 via=source-submit-completion
info:  WSI: app-completion app=249 app-signal=signaled
info:  InternalWSI: source-present app=250 duration-us=21 hr=0x0
info:  WSI: present origin=APPLICATION_SOURCE wsi=275 app=250 internal=0 acquire=275 image=1 generation=2
info:  InternalWSI: dropped opportunity=234 reason=queue-full
info:  WSI: app-frame-latency-signal app=250 via=source-submit-completion
info:  WSI: app-completion app=250 app-signal=signaled
info:  WSI: present origin=INTERNAL_OUTPUT wsi=276 app=0 internal=42 acquire=276 image=2 generation=2
info:  InternalWSI: queued origin=INTERNAL_OUTPUT wsi=276 internal=42 app=none pattern=cyan vkPresent=VK_SUCCESS
info:  InternalWSI: retirement outcome=present-submitted wsi=276 internal=42 app-signals=unchanged actual-display-timing=separate
info:  InternalWSI: source-present app=251 duration-us=46 hr=0x0
info:  WSI: present origin=APPLICATION_SOURCE wsi=277 app=251 internal=0 acquire=277 image=0 generation=2
info:  WSI: app-frame-latency-signal app=251 via=source-submit-completion
info:  WSI: app-completion app=251 app-signal=signaled
info:  InternalWSI: source-present app=252 duration-us=23 hr=0x0
info:  WSI: present origin=APPLICATION_SOURCE wsi=278 app=252 internal=0 acquire=278 image=1 generation=2
info:  InternalWSI: dropped opportunity=236 reason=queue-full
info:  InternalWSI: dropped request internal=235 reason=deadline-expired
info:  WSI: app-frame-latency-signal app=252 via=source-submit-completion
info:  WSI: app-completion app=252 app-signal=signaled
info:  InternalWSI: source-present app=253 duration-us=21 hr=0x0
info:  WSI: present origin=APPLICATION_SOURCE wsi=279 app=253 internal=0 acquire=279 image=2 generation=2
info:  WSI: app-frame-latency-signal app=253 via=source-submit-completion
info:  WSI: app-completion app=253 app-signal=signaled
info:  InternalWSI: source-present app=254 duration-us=53 hr=0x0
info:  WSI: present origin=APPLICATION_SOURCE wsi=280 app=254 internal=0 acquire=280 image=0 generation=2
info:  InternalWSI: dropped opportunity=238 reason=queue-full
info:  InternalWSI: dropped request internal=237 reason=deadline-expired
info:  WSI: app-frame-latency-signal app=254 via=source-submit-completion
info:  WSI: app-completion app=254 app-signal=signaled
info:  InternalWSI: source-present app=255 duration-us=37 hr=0x0
info:  WSI: present origin=APPLICATION_SOURCE wsi=281 app=255 internal=0 acquire=281 image=1 generation=2
info:  WSI: app-frame-latency-signal app=255 via=source-submit-completion
info:  WSI: app-completion app=255 app-signal=signaled
info:  InternalWSI: source-present app=256 duration-us=30 hr=0x0
info:  WSI: present origin=APPLICATION_SOURCE wsi=282 app=256 internal=0 acquire=282 image=2 generation=2
info:  InternalWSI: dropped opportunity=240 reason=queue-full
info:  WSI: app-frame-latency-signal app=256 via=source-submit-completion
info:  WSI: app-completion app=256 app-signal=signaled
info:  WSI: present origin=INTERNAL_OUTPUT wsi=283 app=0 internal=43 acquire=283 image=0 generation=2
info:  InternalWSI: retirement outcome=present-submitted wsi=283 internal=43 app-signals=unchanged actual-display-timing=separate
info:  InternalWSI: queued origin=INTERNAL_OUTPUT wsi=283 internal=43 app=none pattern=magenta vkPresent=VK_SUCCESS
info:  InternalWSI: source-present app=257 duration-us=47 hr=0x0
info:  WSI: present origin=APPLICATION_SOURCE wsi=284 app=257 internal=0 acquire=284 image=1 generation=2
info:  WSI: app-frame-latency-signal app=257 via=source-submit-completion
info:  WSI: app-completion app=257 app-signal=signaled
info:  InternalWSI: source-present app=258 duration-us=21 hr=0x0
info:  WSI: present origin=APPLICATION_SOURCE wsi=285 app=258 internal=0 acquire=285 image=2 generation=2
info:  InternalWSI: dropped opportunity=242 reason=queue-full
info:  InternalWSI: dropped request internal=241 reason=deadline-expired
info:  WSI: app-frame-latency-signal app=258 via=source-submit-completion
info:  WSI: app-completion app=258 app-signal=signaled
info:  InternalWSI: source-present app=259 duration-us=21 hr=0x0
info:  WSI: present origin=APPLICATION_SOURCE wsi=286 app=259 internal=0 acquire=286 image=0 generation=2
info:  WSI: app-frame-latency-signal app=259 via=source-submit-completion
info:  WSI: app-completion app=259 app-signal=signaled
info:  InternalWSI: source-present app=260 duration-us=35 hr=0x0
info:  WSI: present origin=APPLICATION_SOURCE wsi=287 app=260 internal=0 acquire=287 image=1 generation=2
info:  InternalWSI: dropped opportunity=244 reason=queue-full
info:  InternalWSI: dropped request internal=243 reason=deadline-expired
info:  WSI: app-frame-latency-signal app=260 via=source-submit-completion
info:  WSI: app-completion app=260 app-signal=signaled
info:  InternalWSI: source-present app=261 duration-us=28 hr=0x0
info:  WSI: present origin=APPLICATION_SOURCE wsi=288 app=261 internal=0 acquire=288 image=2 generation=2
info:  WSI: app-frame-latency-signal app=261 via=source-submit-completion
info:  WSI: app-completion app=261 app-signal=signaled
info:  InternalWSI: source-present app=262 duration-us=53 hr=0x0
info:  WSI: present origin=APPLICATION_SOURCE wsi=289 app=262 internal=0 acquire=289 image=0 generation=2
info:  InternalWSI: dropped opportunity=246 reason=queue-full
info:  WSI: app-frame-latency-signal app=262 via=source-submit-completion
info:  WSI: app-completion app=262 app-signal=signaled
info:  WSI: present origin=INTERNAL_OUTPUT wsi=290 app=0 internal=44 acquire=290 image=1 generation=2
info:  InternalWSI: retirement outcome=present-submitted wsi=290 internal=44 app-signals=unchanged actual-display-timing=separate
info:  InternalWSI: queued origin=INTERNAL_OUTPUT wsi=290 internal=44 app=none pattern=cyan vkPresent=VK_SUCCESS
info:  InternalWSI: source-present app=263 duration-us=72 hr=0x0
info:  WSI: present origin=APPLICATION_SOURCE wsi=291 app=263 internal=0 acquire=291 image=2 generation=2
info:  WSI: app-frame-latency-signal app=263 via=source-submit-completion
info:  WSI: app-completion app=263 app-signal=signaled
info:  InternalWSI: source-present app=264 duration-us=20 hr=0x0
info:  WSI: present origin=APPLICATION_SOURCE wsi=292 app=264 internal=0 acquire=292 image=0 generation=2
info:  InternalWSI: dropped opportunity=248 reason=queue-full
info:  InternalWSI: dropped request internal=247 reason=deadline-expired
info:  WSI: app-frame-latency-signal app=264 via=source-submit-completion
info:  WSI: app-completion app=264 app-signal=signaled
info:  InternalWSI: source-present app=265 duration-us=21 hr=0x0
info:  WSI: present origin=APPLICATION_SOURCE wsi=293 app=265 internal=0 acquire=293 image=1 generation=2
info:  WSI: app-frame-latency-signal app=265 via=source-submit-completion
info:  WSI: app-completion app=265 app-signal=signaled
info:  InternalWSI: source-present app=266 duration-us=20 hr=0x0
info:  WSI: present origin=APPLICATION_SOURCE wsi=294 app=266 internal=0 acquire=294 image=2 generation=2
info:  InternalWSI: dropped opportunity=250 reason=queue-full
info:  InternalWSI: dropped request internal=249 reason=deadline-expired
info:  WSI: app-frame-latency-signal app=266 via=source-submit-completion
info:  WSI: app-completion app=266 app-signal=signaled
info:  InternalWSI: source-present app=267 duration-us=60 hr=0x0
info:  WSI: present origin=APPLICATION_SOURCE wsi=295 app=267 internal=0 acquire=295 image=0 generation=2
info:  WSI: app-frame-latency-signal app=267 via=source-submit-completion
info:  WSI: app-completion app=267 app-signal=signaled
info:  InternalWSI: source-present app=268 duration-us=21 hr=0x0
info:  WSI: present origin=APPLICATION_SOURCE wsi=296 app=268 internal=0 acquire=296 image=1 generation=2
info:  InternalWSI: dropped opportunity=252 reason=queue-full
info:  InternalWSI: dropped request internal=251 reason=deadline-expired
info:  WSI: app-frame-latency-signal app=268 via=source-submit-completion
info:  WSI: app-completion app=268 app-signal=signaled
info:  InternalWSI: source-present app=269 duration-us=21 hr=0x0
info:  WSI: present origin=APPLICATION_SOURCE wsi=297 app=269 internal=0 acquire=297 image=2 generation=2
info:  WSI: app-frame-latency-signal app=269 via=source-submit-completion
info:  WSI: app-completion app=269 app-signal=signaled
info:  InternalWSI: source-present app=270 duration-us=25 hr=0x0
info:  WSI: present origin=APPLICATION_SOURCE wsi=298 app=270 internal=0 acquire=298 image=0 generation=2
info:  InternalWSI: dropped opportunity=254 reason=queue-full
info:  InternalWSI: dropped request internal=253 reason=deadline-expired
info:  WSI: app-frame-latency-signal app=270 via=source-submit-completion
info:  WSI: app-completion app=270 app-signal=signaled
info:  InternalWSI: source-present app=271 duration-us=24 hr=0x0
info:  WSI: present origin=APPLICATION_SOURCE wsi=299 app=271 internal=0 acquire=299 image=1 generation=2
info:  WSI: app-frame-latency-signal app=271 via=source-submit-completion
info:  WSI: app-completion app=271 app-signal=signaled
info:  InternalWSI: source-present app=272 duration-us=25 hr=0x0
info:  WSI: present origin=APPLICATION_SOURCE wsi=300 app=272 internal=0 acquire=300 image=2 generation=2
info:  InternalWSI: dropped opportunity=256 reason=queue-full
info:  InternalWSI: dropped request internal=255 reason=deadline-expired
info:  WSI: app-frame-latency-signal app=272 via=source-submit-completion
info:  WSI: app-completion app=272 app-signal=signaled
info:  InternalWSI: source-present app=273 duration-us=22 hr=0x0
info:  WSI: present origin=APPLICATION_SOURCE wsi=301 app=273 internal=0 acquire=301 image=0 generation=2
info:  WSI: app-frame-latency-signal app=273 via=source-submit-completion
info:  WSI: app-completion app=273 app-signal=signaled
info:  InternalWSI: source-present app=274 duration-us=21 hr=0x0
info:  WSI: present origin=APPLICATION_SOURCE wsi=302 app=274 internal=0 acquire=302 image=1 generation=2
info:  InternalWSI: dropped opportunity=258 reason=queue-full
info:  InternalWSI: dropped request internal=257 reason=deadline-expired
info:  WSI: app-frame-latency-signal app=274 via=source-submit-completion
info:  WSI: app-completion app=274 app-signal=signaled
info:  InternalWSI: source-present app=275 duration-us=23 hr=0x0
info:  WSI: present origin=APPLICATION_SOURCE wsi=303 app=275 internal=0 acquire=303 image=2 generation=2
info:  WSI: app-frame-latency-signal app=275 via=source-submit-completion
info:  WSI: app-completion app=275 app-signal=signaled
info:  InternalWSI: source-present app=276 duration-us=27 hr=0x0
info:  WSI: present origin=APPLICATION_SOURCE wsi=304 app=276 internal=0 acquire=304 image=0 generation=2
info:  InternalWSI: dropped opportunity=260 reason=queue-full
info:  InternalWSI: dropped request internal=259 reason=deadline-expired
info:  WSI: app-frame-latency-signal app=276 via=source-submit-completion
info:  WSI: app-completion app=276 app-signal=signaled
info:  InternalWSI: source-present app=277 duration-us=21 hr=0x0
info:  WSI: present origin=APPLICATION_SOURCE wsi=305 app=277 internal=0 acquire=305 image=1 generation=2
info:  WSI: app-frame-latency-signal app=277 via=source-submit-completion
info:  WSI: app-completion app=277 app-signal=signaled
info:  InternalWSI: source-present app=278 duration-us=26 hr=0x0
info:  WSI: present origin=APPLICATION_SOURCE wsi=306 app=278 internal=0 acquire=306 image=2 generation=2
info:  InternalWSI: dropped opportunity=262 reason=queue-full
info:  InternalWSI: dropped request internal=261 reason=deadline-expired
info:  WSI: app-frame-latency-signal app=278 via=source-submit-completion
info:  WSI: app-completion app=278 app-signal=signaled
info:  InternalWSI: source-present app=279 duration-us=21 hr=0x0
info:  WSI: present origin=APPLICATION_SOURCE wsi=307 app=279 internal=0 acquire=307 image=0 generation=2
info:  WSI: app-frame-latency-signal app=279 via=source-submit-completion
info:  WSI: app-completion app=279 app-signal=signaled
info:  InternalWSI: source-present app=280 duration-us=22 hr=0x0
info:  WSI: present origin=APPLICATION_SOURCE wsi=308 app=280 internal=0 acquire=308 image=1 generation=2
info:  InternalWSI: dropped opportunity=264 reason=queue-full
info:  WSI: app-frame-latency-signal app=280 via=source-submit-completion
info:  WSI: app-completion app=280 app-signal=signaled
info:  WSI: present origin=INTERNAL_OUTPUT wsi=309 app=0 internal=45 acquire=309 image=2 generation=2
info:  InternalWSI: queued origin=INTERNAL_OUTPUT wsi=309 internal=45 app=none pattern=magenta vkPresent=VK_SUCCESS
info:  InternalWSI: retirement outcome=present-submitted wsi=309 internal=45 app-signals=unchanged actual-display-timing=separate
info:  InternalWSI: source-present app=281 duration-us=42 hr=0x0
info:  WSI: present origin=APPLICATION_SOURCE wsi=310 app=281 internal=0 acquire=310 image=0 generation=2
info:  WSI: app-frame-latency-signal app=281 via=source-submit-completion
info:  WSI: app-completion app=281 app-signal=signaled
info:  InternalWSI: source-present app=282 duration-us=27 hr=0x0
info:  InternalWSI: dropped request internal=265 reason=deadline-expired
info:  WSI: present origin=APPLICATION_SOURCE wsi=311 app=282 internal=0 acquire=311 image=1 generation=2
info:  WSI: app-frame-latency-signal app=282 via=source-submit-completion
info:  WSI: app-completion app=282 app-signal=signaled
info:  InternalWSI: source-present app=283 duration-us=24 hr=0x0
info:  WSI: present origin=APPLICATION_SOURCE wsi=312 app=283 internal=0 acquire=312 image=2 generation=2
info:  InternalWSI: dropped opportunity=267 reason=queue-full
info:  InternalWSI: dropped request internal=266 reason=deadline-expired
info:  WSI: app-frame-latency-signal app=283 via=source-submit-completion
info:  WSI: app-completion app=283 app-signal=signaled
info:  InternalWSI: source-present app=284 duration-us=35 hr=0x0
info:  WSI: present origin=APPLICATION_SOURCE wsi=313 app=284 internal=0 acquire=313 image=0 generation=2
info:  WSI: app-frame-latency-signal app=284 via=source-submit-completion
info:  WSI: app-completion app=284 app-signal=signaled
info:  InternalWSI: source-present app=285 duration-us=35 hr=0x0
info:  WSI: present origin=APPLICATION_SOURCE wsi=314 app=285 internal=0 acquire=314 image=1 generation=2
info:  InternalWSI: dropped opportunity=269 reason=queue-full
info:  InternalWSI: dropped request internal=268 reason=deadline-expired
info:  WSI: app-frame-latency-signal app=285 via=source-submit-completion
info:  WSI: app-completion app=285 app-signal=signaled
info:  InternalWSI: source-present app=286 duration-us=35 hr=0x0
info:  WSI: present origin=APPLICATION_SOURCE wsi=315 app=286 internal=0 acquire=315 image=2 generation=2
info:  WSI: app-frame-latency-signal app=286 via=source-submit-completion
info:  WSI: app-completion app=286 app-signal=signaled
info:  InternalWSI: source-present app=287 duration-us=22 hr=0x0
info:  WSI: present origin=APPLICATION_SOURCE wsi=316 app=287 internal=0 acquire=316 image=0 generation=2
info:  InternalWSI: dropped opportunity=271 reason=queue-full
info:  InternalWSI: dropped request internal=270 reason=deadline-expired
info:  WSI: app-frame-latency-signal app=287 via=source-submit-completion
info:  WSI: app-completion app=287 app-signal=signaled
info:  InternalWSI: source-present app=288 duration-us=27 hr=0x0
info:  WSI: present origin=APPLICATION_SOURCE wsi=317 app=288 internal=0 acquire=317 image=1 generation=2
info:  WSI: app-frame-latency-signal app=288 via=source-submit-completion
info:  WSI: app-completion app=288 app-signal=signaled
info:  InternalWSI: source-present app=289 duration-us=25 hr=0x0
info:  WSI: present origin=APPLICATION_SOURCE wsi=318 app=289 internal=0 acquire=318 image=2 generation=2
info:  InternalWSI: dropped opportunity=273 reason=queue-full
info:  InternalWSI: dropped request internal=272 reason=deadline-expired
info:  WSI: app-frame-latency-signal app=289 via=source-submit-completion
info:  WSI: app-completion app=289 app-signal=signaled
info:  InternalWSI: source-present app=290 duration-us=24 hr=0x0
info:  WSI: present origin=APPLICATION_SOURCE wsi=319 app=290 internal=0 acquire=319 image=0 generation=2
info:  WSI: app-frame-latency-signal app=290 via=source-submit-completion
info:  WSI: app-completion app=290 app-signal=signaled
info:  InternalWSI: source-present app=291 duration-us=27 hr=0x0
info:  WSI: present origin=APPLICATION_SOURCE wsi=320 app=291 internal=0 acquire=320 image=1 generation=2
info:  InternalWSI: dropped opportunity=275 reason=queue-full
info:  InternalWSI: dropped request internal=274 reason=deadline-expired
info:  WSI: app-frame-latency-signal app=291 via=source-submit-completion
info:  WSI: app-completion app=291 app-signal=signaled
info:  InternalWSI: source-present app=292 duration-us=22 hr=0x0
info:  WSI: present origin=APPLICATION_SOURCE wsi=321 app=292 internal=0 acquire=321 image=2 generation=2
info:  WSI: app-frame-latency-signal app=292 via=source-submit-completion
info:  WSI: app-completion app=292 app-signal=signaled
info:  InternalWSI: source-present app=293 duration-us=20 hr=0x0
info:  WSI: present origin=APPLICATION_SOURCE wsi=322 app=293 internal=0 acquire=322 image=0 generation=2
info:  InternalWSI: dropped opportunity=277 reason=queue-full
info:  InternalWSI: dropped request internal=276 reason=deadline-expired
info:  WSI: app-frame-latency-signal app=293 via=source-submit-completion
info:  WSI: app-completion app=293 app-signal=signaled
info:  InternalWSI: source-present app=294 duration-us=22 hr=0x0
info:  WSI: present origin=APPLICATION_SOURCE wsi=323 app=294 internal=0 acquire=323 image=1 generation=2
info:  WSI: app-frame-latency-signal app=294 via=source-submit-completion
info:  WSI: app-completion app=294 app-signal=signaled
info:  InternalWSI: source-present app=295 duration-us=18 hr=0x0
info:  WSI: present origin=APPLICATION_SOURCE wsi=324 app=295 internal=0 acquire=324 image=2 generation=2
info:  InternalWSI: dropped opportunity=279 reason=queue-full
info:  InternalWSI: dropped request internal=278 reason=deadline-expired
info:  WSI: app-frame-latency-signal app=295 via=source-submit-completion
info:  WSI: app-completion app=295 app-signal=signaled
info:  InternalWSI: source-present app=296 duration-us=21 hr=0x0
info:  WSI: present origin=APPLICATION_SOURCE wsi=325 app=296 internal=0 acquire=325 image=0 generation=2
info:  WSI: app-frame-latency-signal app=296 via=source-submit-completion
info:  WSI: app-completion app=296 app-signal=signaled
info:  InternalWSI: source-present app=297 duration-us=97 hr=0x0
info:  WSI: present origin=APPLICATION_SOURCE wsi=326 app=297 internal=0 acquire=326 image=1 generation=2
info:  InternalWSI: dropped opportunity=281 reason=queue-full
info:  WSI: app-frame-latency-signal app=297 via=source-submit-completion
info:  WSI: app-completion app=297 app-signal=signaled
info:  WSI: present origin=INTERNAL_OUTPUT wsi=327 app=0 internal=46 acquire=327 image=2 generation=2
info:  InternalWSI: queued origin=INTERNAL_OUTPUT wsi=327 internal=46 app=none pattern=cyan vkPresent=VK_SUCCESS
info:  InternalWSI: retirement outcome=present-submitted wsi=327 internal=46 app-signals=unchanged actual-display-timing=separate
info:  InternalWSI: source-present app=298 duration-us=38 hr=0x0
info:  WSI: present origin=APPLICATION_SOURCE wsi=328 app=298 internal=0 acquire=328 image=0 generation=2
info:  WSI: app-frame-latency-signal app=298 via=source-submit-completion
info:  WSI: app-completion app=298 app-signal=signaled
info:  InternalWSI: source-present app=299 duration-us=23 hr=0x0
info:  WSI: present origin=APPLICATION_SOURCE wsi=329 app=299 internal=0 acquire=329 image=1 generation=2
info:  InternalWSI: dropped opportunity=283 reason=queue-full
info:  InternalWSI: dropped request internal=282 reason=deadline-expired
info:  WSI: app-frame-latency-signal app=299 via=source-submit-completion
info:  WSI: app-completion app=299 app-signal=signaled
info:  InternalWSI: source-present app=300 duration-us=24 hr=0x0
info:  WSI: present origin=APPLICATION_SOURCE wsi=330 app=300 internal=0 acquire=330 image=2 generation=2
info:  WSI: app-frame-latency-signal app=300 via=source-submit-completion
info:  WSI: app-completion app=300 app-signal=signaled
info:  InternalWSI: source-present app=301 duration-us=23 hr=0x0
info:  WSI: present origin=APPLICATION_SOURCE wsi=331 app=301 internal=0 acquire=331 image=0 generation=2
info:  InternalWSI: dropped opportunity=285 reason=queue-full
info:  WSI: app-frame-latency-signal app=301 via=source-submit-completion
info:  WSI: app-completion app=301 app-signal=signaled
info:  WSI: present origin=INTERNAL_OUTPUT wsi=332 app=0 internal=47 acquire=332 image=1 generation=2
info:  InternalWSI: queued origin=INTERNAL_OUTPUT wsi=332 internal=47 app=none pattern=magenta vkPresent=VK_SUCCESS
info:  InternalWSI: retirement outcome=present-submitted wsi=332 internal=47 app-signals=unchanged actual-display-timing=separate
info:  InternalWSI: source-present app=302 duration-us=40 hr=0x0
info:  WSI: present origin=APPLICATION_SOURCE wsi=333 app=302 internal=0 acquire=333 image=2 generation=2
info:  WSI: app-frame-latency-signal app=302 via=source-submit-completion
info:  WSI: app-completion app=302 app-signal=signaled
info:  InternalWSI: source-present app=303 duration-us=22 hr=0x0
info:  WSI: present origin=APPLICATION_SOURCE wsi=334 app=303 internal=0 acquire=334 image=0 generation=2
info:  InternalWSI: dropped opportunity=287 reason=queue-full
info:  WSI: app-frame-latency-signal app=303 via=source-submit-completion
info:  WSI: app-completion app=303 app-signal=signaled
info:  WSI: present origin=INTERNAL_OUTPUT wsi=335 app=0 internal=48 acquire=335 image=1 generation=2
info:  InternalWSI: queued origin=INTERNAL_OUTPUT wsi=335 internal=48 app=none pattern=cyan vkPresent=VK_SUCCESS
info:  InternalWSI: retirement outcome=present-submitted wsi=335 internal=48 app-signals=unchanged actual-display-timing=separate
info:  InternalWSI: source-present app=304 duration-us=43 hr=0x0
info:  WSI: present origin=APPLICATION_SOURCE wsi=336 app=304 internal=0 acquire=336 image=2 generation=2
info:  WSI: app-frame-latency-signal app=304 via=source-submit-completion
info:  WSI: app-completion app=304 app-signal=signaled
info:  InternalWSI: source-present app=305 duration-us=20 hr=0x0
info:  WSI: present origin=APPLICATION_SOURCE wsi=337 app=305 internal=0 acquire=337 image=0 generation=2
info:  InternalWSI: dropped opportunity=289 reason=queue-full
info:  InternalWSI: dropped request internal=288 reason=deadline-expired
info:  WSI: app-frame-latency-signal app=305 via=source-submit-completion
info:  WSI: app-completion app=305 app-signal=signaled
info:  InternalWSI: source-present app=306 duration-us=23 hr=0x0
info:  WSI: present origin=APPLICATION_SOURCE wsi=338 app=306 internal=0 acquire=338 image=1 generation=2
info:  WSI: app-frame-latency-signal app=306 via=source-submit-completion
info:  WSI: app-completion app=306 app-signal=signaled
info:  InternalWSI: source-present app=307 duration-us=24 hr=0x0
info:  WSI: present origin=APPLICATION_SOURCE wsi=339 app=307 internal=0 acquire=339 image=2 generation=2
info:  InternalWSI: dropped opportunity=291 reason=queue-full
info:  InternalWSI: dropped request internal=290 reason=deadline-expired
info:  WSI: app-frame-latency-signal app=307 via=source-submit-completion
info:  WSI: app-completion app=307 app-signal=signaled
info:  InternalWSI: source-present app=308 duration-us=19 hr=0x0
info:  WSI: present origin=APPLICATION_SOURCE wsi=340 app=308 internal=0 acquire=340 image=0 generation=2
info:  WSI: app-frame-latency-signal app=308 via=source-submit-completion
info:  WSI: app-completion app=308 app-signal=signaled
info:  InternalWSI: source-present app=309 duration-us=21 hr=0x0
info:  WSI: present origin=APPLICATION_SOURCE wsi=341 app=309 internal=0 acquire=341 image=1 generation=2
info:  InternalWSI: dropped opportunity=293 reason=queue-full
info:  WSI: app-frame-latency-signal app=309 via=source-submit-completion
info:  WSI: app-completion app=309 app-signal=signaled
info:  WSI: present origin=INTERNAL_OUTPUT wsi=342 app=0 internal=49 acquire=342 image=2 generation=2
info:  InternalWSI: retirement outcome=present-submitted wsi=342 internal=49 app-signals=unchanged actual-display-timing=separate
info:  InternalWSI: queued origin=INTERNAL_OUTPUT wsi=342 internal=49 app=none pattern=magenta vkPresent=VK_SUCCESS
info:  InternalWSI: source-present app=310 duration-us=68 hr=0x0
info:  WSI: present origin=APPLICATION_SOURCE wsi=343 app=310 internal=0 acquire=343 image=0 generation=2
info:  WSI: app-frame-latency-signal app=310 via=source-submit-completion
info:  WSI: app-completion app=310 app-signal=signaled
info:  InternalWSI: source-present app=311 duration-us=33 hr=0x0
info:  WSI: present origin=APPLICATION_SOURCE wsi=344 app=311 internal=0 acquire=344 image=1 generation=2
info:  InternalWSI: dropped opportunity=295 reason=queue-full
info:  WSI: app-frame-latency-signal app=311 via=source-submit-completion
info:  WSI: app-completion app=311 app-signal=signaled
info:  WSI: present origin=INTERNAL_OUTPUT wsi=345 app=0 internal=50 acquire=345 image=2 generation=2
info:  InternalWSI: queued origin=INTERNAL_OUTPUT wsi=345 internal=50 app=none pattern=cyan vkPresent=VK_SUCCESS
info:  InternalWSI: retirement outcome=present-submitted wsi=345 internal=50 app-signals=unchanged actual-display-timing=separate
info:  InternalWSI: source-present app=312 duration-us=69 hr=0x0
info:  WSI: present origin=APPLICATION_SOURCE wsi=346 app=312 internal=0 acquire=346 image=0 generation=2
info:  WSI: app-frame-latency-signal app=312 via=source-submit-completion
info:  WSI: app-completion app=312 app-signal=signaled
info:  InternalWSI: source-present app=313 duration-us=37 hr=0x0
info:  WSI: present origin=APPLICATION_SOURCE wsi=347 app=313 internal=0 acquire=347 image=1 generation=2
info:  InternalWSI: dropped opportunity=297 reason=queue-full
info:  InternalWSI: dropped request internal=296 reason=deadline-expired
info:  WSI: app-frame-latency-signal app=313 via=source-submit-completion
info:  WSI: app-completion app=313 app-signal=signaled
info:  InternalWSI: source-present app=314 duration-us=45 hr=0x0
info:  WSI: present origin=APPLICATION_SOURCE wsi=348 app=314 internal=0 acquire=348 image=2 generation=2
info:  WSI: app-frame-latency-signal app=314 via=source-submit-completion
info:  WSI: app-completion app=314 app-signal=signaled
info:  InternalWSI: source-present app=315 duration-us=31 hr=0x0
info:  InternalWSI: dropped request internal=298 reason=deadline-expired
info:  WSI: present origin=APPLICATION_SOURCE wsi=349 app=315 internal=0 acquire=349 image=0 generation=2
info:  WSI: app-frame-latency-signal app=315 via=source-submit-completion
info:  WSI: app-completion app=315 app-signal=signaled
info:  InternalWSI: source-present app=316 duration-us=34 hr=0x0
info:  WSI: present origin=APPLICATION_SOURCE wsi=350 app=316 internal=0 acquire=350 image=1 generation=2
info:  InternalWSI: dropped opportunity=300 reason=queue-full
info:  WSI: app-frame-latency-signal app=316 via=source-submit-completion
info:  WSI: app-completion app=316 app-signal=signaled
info:  WSI: present origin=INTERNAL_OUTPUT wsi=351 app=0 internal=51 acquire=351 image=2 generation=2
info:  InternalWSI: queued origin=INTERNAL_OUTPUT wsi=351 internal=51 app=none pattern=magenta vkPresent=VK_SUCCESS
info:  InternalWSI: retirement outcome=present-submitted wsi=351 internal=51 app-signals=unchanged actual-display-timing=separate
info:  InternalWSI: source-present app=317 duration-us=57 hr=0x0
info:  WSI: present origin=APPLICATION_SOURCE wsi=352 app=317 internal=0 acquire=352 image=0 generation=2
info:  WSI: app-frame-latency-signal app=317 via=source-submit-completion
info:  WSI: app-completion app=317 app-signal=signaled
info:  InternalWSI: source-present app=318 duration-us=32 hr=0x0
info:  WSI: present origin=APPLICATION_SOURCE wsi=353 app=318 internal=0 acquire=353 image=1 generation=2
info:  InternalWSI: dropped opportunity=302 reason=queue-full
info:  WSI: app-frame-latency-signal app=318 via=source-submit-completion
info:  WSI: app-completion app=318 app-signal=signaled
info:  WSI: present origin=INTERNAL_OUTPUT wsi=354 app=0 internal=52 acquire=354 image=2 generation=2
info:  InternalWSI: queued origin=INTERNAL_OUTPUT wsi=354 internal=52 app=none pattern=cyan vkPresent=VK_SUCCESS
info:  InternalWSI: retirement outcome=present-submitted wsi=354 internal=52 app-signals=unchanged actual-display-timing=separate
info:  InternalWSI: source-present app=319 duration-us=56 hr=0x0
info:  WSI: present origin=APPLICATION_SOURCE wsi=355 app=319 internal=0 acquire=355 image=0 generation=2
info:  WSI: app-frame-latency-signal app=319 via=source-submit-completion
info:  WSI: app-completion app=319 app-signal=signaled
info:  InternalWSI: source-present app=320 duration-us=36 hr=0x0
info:  WSI: present origin=APPLICATION_SOURCE wsi=356 app=320 internal=0 acquire=356 image=1 generation=2
info:  InternalWSI: dropped opportunity=304 reason=queue-full
info:  InternalWSI: dropped request internal=303 reason=deadline-expired
info:  WSI: app-frame-latency-signal app=320 via=source-submit-completion
info:  WSI: app-completion app=320 app-signal=signaled
info:  InternalWSI: source-present app=321 duration-us=51 hr=0x0
info:  WSI: present origin=APPLICATION_SOURCE wsi=357 app=321 internal=0 acquire=357 image=2 generation=2
info:  WSI: app-frame-latency-signal app=321 via=source-submit-completion
info:  WSI: app-completion app=321 app-signal=signaled
info:  InternalWSI: source-present app=322 duration-us=28 hr=0x0
info:  WSI: present origin=APPLICATION_SOURCE wsi=358 app=322 internal=0 acquire=358 image=0 generation=2
info:  InternalWSI: dropped opportunity=306 reason=queue-full
info:  InternalWSI: dropped request internal=305 reason=deadline-expired
info:  WSI: app-frame-latency-signal app=322 via=source-submit-completion
info:  WSI: app-completion app=322 app-signal=signaled
info:  InternalWSI: source-present app=323 duration-us=22 hr=0x0
info:  WSI: present origin=APPLICATION_SOURCE wsi=359 app=323 internal=0 acquire=359 image=1 generation=2
info:  WSI: app-frame-latency-signal app=323 via=source-submit-completion
info:  WSI: app-completion app=323 app-signal=signaled
info:  InternalWSI: source-present app=324 duration-us=23 hr=0x0
info:  WSI: present origin=APPLICATION_SOURCE wsi=360 app=324 internal=0 acquire=360 image=2 generation=2
info:  InternalWSI: dropped opportunity=308 reason=queue-full
info:  InternalWSI: dropped request internal=307 reason=deadline-expired
info:  WSI: app-frame-latency-signal app=324 via=source-submit-completion
info:  WSI: app-completion app=324 app-signal=signaled
info:  InternalWSI: source-present app=325 duration-us=19 hr=0x0
info:  WSI: present origin=APPLICATION_SOURCE wsi=361 app=325 internal=0 acquire=361 image=0 generation=2
info:  WSI: app-frame-latency-signal app=325 via=source-submit-completion
info:  WSI: app-completion app=325 app-signal=signaled
info:  InternalWSI: source-present app=326 duration-us=25 hr=0x0
info:  WSI: present origin=APPLICATION_SOURCE wsi=362 app=326 internal=0 acquire=362 image=1 generation=2
info:  InternalWSI: dropped opportunity=310 reason=queue-full
info:  InternalWSI: dropped request internal=309 reason=deadline-expired
info:  WSI: app-frame-latency-signal app=326 via=source-submit-completion
info:  WSI: app-completion app=326 app-signal=signaled
info:  InternalWSI: source-present app=327 duration-us=24 hr=0x0
info:  WSI: present origin=APPLICATION_SOURCE wsi=363 app=327 internal=0 acquire=363 image=2 generation=2
info:  WSI: app-frame-latency-signal app=327 via=source-submit-completion
info:  WSI: app-completion app=327 app-signal=signaled
info:  InternalWSI: source-present app=328 duration-us=22 hr=0x0
info:  WSI: present origin=APPLICATION_SOURCE wsi=364 app=328 internal=0 acquire=364 image=0 generation=2
info:  InternalWSI: dropped opportunity=312 reason=queue-full
info:  InternalWSI: dropped request internal=311 reason=deadline-expired
info:  WSI: app-frame-latency-signal app=328 via=source-submit-completion
info:  WSI: app-completion app=328 app-signal=signaled
info:  InternalWSI: source-present app=329 duration-us=20 hr=0x0
info:  WSI: present origin=APPLICATION_SOURCE wsi=365 app=329 internal=0 acquire=365 image=1 generation=2
info:  WSI: app-frame-latency-signal app=329 via=source-submit-completion
info:  WSI: app-completion app=329 app-signal=signaled
info:  InternalWSI: source-present app=330 duration-us=23 hr=0x0
info:  WSI: present origin=APPLICATION_SOURCE wsi=366 app=330 internal=0 acquire=366 image=2 generation=2
info:  InternalWSI: dropped opportunity=314 reason=queue-full
info:  InternalWSI: dropped request internal=313 reason=deadline-expired
info:  WSI: app-frame-latency-signal app=330 via=source-submit-completion
info:  WSI: app-completion app=330 app-signal=signaled
info:  InternalWSI: source-present app=331 duration-us=38 hr=0x0
info:  WSI: present origin=APPLICATION_SOURCE wsi=367 app=331 internal=0 acquire=367 image=0 generation=2
info:  WSI: app-frame-latency-signal app=331 via=source-submit-completion
info:  WSI: app-completion app=331 app-signal=signaled
info:  InternalWSI: source-present app=332 duration-us=27 hr=0x0
info:  WSI: present origin=APPLICATION_SOURCE wsi=368 app=332 internal=0 acquire=368 image=1 generation=2
info:  InternalWSI: dropped opportunity=316 reason=queue-full
info:  WSI: app-frame-latency-signal app=332 via=source-submit-completion
info:  WSI: app-completion app=332 app-signal=signaled
info:  WSI: present origin=INTERNAL_OUTPUT wsi=369 app=0 internal=53 acquire=369 image=2 generation=2
info:  InternalWSI: queued origin=INTERNAL_OUTPUT wsi=369 internal=53 app=none pattern=magenta vkPresent=VK_SUCCESS
info:  InternalWSI: retirement outcome=present-submitted wsi=369 internal=53 app-signals=unchanged actual-display-timing=separate
info:  InternalWSI: source-present app=333 duration-us=53 hr=0x0
info:  WSI: present origin=APPLICATION_SOURCE wsi=370 app=333 internal=0 acquire=370 image=0 generation=2
info:  WSI: app-frame-latency-signal app=333 via=source-submit-completion
info:  WSI: app-completion app=333 app-signal=signaled
info:  InternalWSI: source-present app=334 duration-us=25 hr=0x0
info:  WSI: present origin=APPLICATION_SOURCE wsi=371 app=334 internal=0 acquire=371 image=1 generation=2
info:  InternalWSI: dropped opportunity=318 reason=queue-full
info:  WSI: app-frame-latency-signal app=334 via=source-submit-completion
info:  WSI: app-completion app=334 app-signal=signaled
info:  WSI: present origin=INTERNAL_OUTPUT wsi=372 app=0 internal=54 acquire=372 image=2 generation=2
info:  InternalWSI: queued origin=INTERNAL_OUTPUT wsi=372 internal=54 app=none pattern=cyan vkPresent=VK_SUCCESS
info:  InternalWSI: retirement outcome=present-submitted wsi=372 internal=54 app-signals=unchanged actual-display-timing=separate
info:  InternalWSI: source-present app=335 duration-us=43 hr=0x0
info:  WSI: present origin=APPLICATION_SOURCE wsi=373 app=335 internal=0 acquire=373 image=0 generation=2
info:  WSI: app-frame-latency-signal app=335 via=source-submit-completion
info:  WSI: app-completion app=335 app-signal=signaled
info:  InternalWSI: source-present app=336 duration-us=22 hr=0x0
info:  WSI: present origin=APPLICATION_SOURCE wsi=374 app=336 internal=0 acquire=374 image=1 generation=2
info:  InternalWSI: dropped opportunity=320 reason=queue-full
info:  InternalWSI: dropped request internal=319 reason=deadline-expired
info:  WSI: app-frame-latency-signal app=336 via=source-submit-completion
info:  WSI: app-completion app=336 app-signal=signaled
info:  InternalWSI: source-present app=337 duration-us=21 hr=0x0
info:  WSI: present origin=APPLICATION_SOURCE wsi=375 app=337 internal=0 acquire=375 image=2 generation=2
info:  WSI: app-frame-latency-signal app=337 via=source-submit-completion
info:  WSI: app-completion app=337 app-signal=signaled
info:  InternalWSI: source-present app=338 duration-us=21 hr=0x0
info:  WSI: present origin=APPLICATION_SOURCE wsi=376 app=338 internal=0 acquire=376 image=0 generation=2
info:  InternalWSI: dropped opportunity=322 reason=queue-full
info:  InternalWSI: dropped request internal=321 reason=deadline-expired
info:  WSI: app-frame-latency-signal app=338 via=source-submit-completion
info:  WSI: app-completion app=338 app-signal=signaled
info:  InternalWSI: source-present app=339 duration-us=22 hr=0x0
info:  WSI: present origin=APPLICATION_SOURCE wsi=377 app=339 internal=0 acquire=377 image=1 generation=2
info:  WSI: app-frame-latency-signal app=339 via=source-submit-completion
info:  WSI: app-completion app=339 app-signal=signaled
info:  InternalWSI: source-present app=340 duration-us=26 hr=0x0
info:  WSI: present origin=APPLICATION_SOURCE wsi=378 app=340 internal=0 acquire=378 image=2 generation=2
info:  InternalWSI: dropped opportunity=324 reason=queue-full
info:  InternalWSI: dropped request internal=323 reason=deadline-expired
info:  WSI: app-frame-latency-signal app=340 via=source-submit-completion
info:  WSI: app-completion app=340 app-signal=signaled
info:  InternalWSI: source-present app=341 duration-us=49 hr=0x0
info:  WSI: present origin=APPLICATION_SOURCE wsi=379 app=341 internal=0 acquire=379 image=0 generation=2
info:  WSI: app-frame-latency-signal app=341 via=source-submit-completion
info:  WSI: app-completion app=341 app-signal=signaled
info:  InternalWSI: source-present app=342 duration-us=24 hr=0x0
info:  WSI: present origin=APPLICATION_SOURCE wsi=380 app=342 internal=0 acquire=380 image=1 generation=2
info:  InternalWSI: dropped opportunity=326 reason=queue-full
info:  InternalWSI: dropped request internal=325 reason=deadline-expired
info:  WSI: app-frame-latency-signal app=342 via=source-submit-completion
info:  WSI: app-completion app=342 app-signal=signaled
info:  InternalWSI: source-present app=343 duration-us=23 hr=0x0
info:  WSI: present origin=APPLICATION_SOURCE wsi=381 app=343 internal=0 acquire=381 image=2 generation=2
info:  WSI: app-frame-latency-signal app=343 via=source-submit-completion
info:  WSI: app-completion app=343 app-signal=signaled
info:  InternalWSI: source-present app=344 duration-us=48 hr=0x0
info:  WSI: present origin=APPLICATION_SOURCE wsi=382 app=344 internal=0 acquire=382 image=0 generation=2
info:  InternalWSI: dropped opportunity=328 reason=queue-full
info:  WSI: app-frame-latency-signal app=344 via=source-submit-completion
info:  WSI: app-completion app=344 app-signal=signaled
info:  WSI: present origin=INTERNAL_OUTPUT wsi=383 app=0 internal=55 acquire=383 image=1 generation=2
info:  InternalWSI: queued origin=INTERNAL_OUTPUT wsi=383 internal=55 app=none pattern=magenta vkPresent=VK_SUCCESS
info:  InternalWSI: retirement outcome=present-submitted wsi=383 internal=55 app-signals=unchanged actual-display-timing=separate
info:  InternalWSI: source-present app=345 duration-us=68 hr=0x0
info:  WSI: present origin=APPLICATION_SOURCE wsi=384 app=345 internal=0 acquire=384 image=2 generation=2
info:  WSI: app-frame-latency-signal app=345 via=source-submit-completion
info:  WSI: app-completion app=345 app-signal=signaled
info:  InternalWSI: source-present app=346 duration-us=36 hr=0x0
info:  WSI: present origin=APPLICATION_SOURCE wsi=385 app=346 internal=0 acquire=385 image=0 generation=2
info:  InternalWSI: dropped opportunity=330 reason=queue-full
info:  InternalWSI: dropped request internal=329 reason=deadline-expired
info:  WSI: app-frame-latency-signal app=346 via=source-submit-completion
info:  WSI: app-completion app=346 app-signal=signaled
info:  InternalWSI: source-present app=347 duration-us=29 hr=0x0
info:  WSI: present origin=APPLICATION_SOURCE wsi=386 app=347 internal=0 acquire=386 image=1 generation=2
info:  WSI: app-frame-latency-signal app=347 via=source-submit-completion
info:  WSI: app-completion app=347 app-signal=signaled
info:  InternalWSI: source-present app=348 duration-us=25 hr=0x0
info:  WSI: present origin=APPLICATION_SOURCE wsi=387 app=348 internal=0 acquire=387 image=2 generation=2
info:  InternalWSI: dropped opportunity=332 reason=queue-full
info:  InternalWSI: dropped request internal=331 reason=deadline-expired
info:  WSI: app-frame-latency-signal app=348 via=source-submit-completion
info:  WSI: app-completion app=348 app-signal=signaled
info:  InternalWSI: source-present app=349 duration-us=25 hr=0x0
info:  WSI: present origin=APPLICATION_SOURCE wsi=388 app=349 internal=0 acquire=388 image=0 generation=2
info:  WSI: app-frame-latency-signal app=349 via=source-submit-completion
info:  WSI: app-completion app=349 app-signal=signaled
info:  InternalWSI: source-present app=350 duration-us=31 hr=0x0
info:  WSI: present origin=APPLICATION_SOURCE wsi=389 app=350 internal=0 acquire=389 image=1 generation=2
info:  InternalWSI: dropped opportunity=334 reason=queue-full
info:  InternalWSI: dropped request internal=333 reason=deadline-expired
info:  WSI: app-frame-latency-signal app=350 via=source-submit-completion
info:  WSI: app-completion app=350 app-signal=signaled
info:  InternalWSI: source-present app=351 duration-us=26 hr=0x0
info:  WSI: present origin=APPLICATION_SOURCE wsi=390 app=351 internal=0 acquire=390 image=2 generation=2
info:  WSI: app-frame-latency-signal app=351 via=source-submit-completion
info:  WSI: app-completion app=351 app-signal=signaled
info:  InternalWSI: source-present app=352 duration-us=24 hr=0x0
info:  WSI: present origin=APPLICATION_SOURCE wsi=391 app=352 internal=0 acquire=391 image=0 generation=2
info:  InternalWSI: dropped opportunity=336 reason=queue-full
info:  InternalWSI: dropped request internal=335 reason=deadline-expired
info:  WSI: app-frame-latency-signal app=352 via=source-submit-completion
info:  WSI: app-completion app=352 app-signal=signaled
info:  InternalWSI: source-present app=353 duration-us=22 hr=0x0
info:  WSI: present origin=APPLICATION_SOURCE wsi=392 app=353 internal=0 acquire=392 image=1 generation=2
info:  WSI: app-frame-latency-signal app=353 via=source-submit-completion
info:  WSI: app-completion app=353 app-signal=signaled
info:  InternalWSI: source-present app=354 duration-us=24 hr=0x0
info:  WSI: present origin=APPLICATION_SOURCE wsi=393 app=354 internal=0 acquire=393 image=2 generation=2
info:  InternalWSI: dropped opportunity=338 reason=queue-full
info:  InternalWSI: dropped request internal=337 reason=deadline-expired
info:  WSI: app-frame-latency-signal app=354 via=source-submit-completion
info:  WSI: app-completion app=354 app-signal=signaled
info:  InternalWSI: source-present app=355 duration-us=31 hr=0x0
info:  WSI: present origin=APPLICATION_SOURCE wsi=394 app=355 internal=0 acquire=394 image=0 generation=2
info:  WSI: app-frame-latency-signal app=355 via=source-submit-completion
info:  WSI: app-completion app=355 app-signal=signaled
info:  InternalWSI: source-present app=356 duration-us=24 hr=0x0
info:  WSI: present origin=APPLICATION_SOURCE wsi=395 app=356 internal=0 acquire=395 image=1 generation=2
info:  InternalWSI: dropped opportunity=340 reason=queue-full
info:  InternalWSI: dropped request internal=339 reason=deadline-expired
info:  WSI: app-frame-latency-signal app=356 via=source-submit-completion
info:  WSI: app-completion app=356 app-signal=signaled
info:  InternalWSI: source-present app=357 duration-us=23 hr=0x0
info:  WSI: present origin=APPLICATION_SOURCE wsi=396 app=357 internal=0 acquire=396 image=2 generation=2
info:  WSI: app-frame-latency-signal app=357 via=source-submit-completion
info:  WSI: app-completion app=357 app-signal=signaled
info:  InternalWSI: source-present app=358 duration-us=26 hr=0x0
info:  WSI: present origin=APPLICATION_SOURCE wsi=397 app=358 internal=0 acquire=397 image=0 generation=2
info:  InternalWSI: dropped opportunity=342 reason=queue-full
info:  InternalWSI: dropped request internal=341 reason=deadline-expired
info:  WSI: app-frame-latency-signal app=358 via=source-submit-completion
info:  WSI: app-completion app=358 app-signal=signaled
info:  InternalWSI: source-present app=359 duration-us=25 hr=0x0
info:  WSI: present origin=APPLICATION_SOURCE wsi=398 app=359 internal=0 acquire=398 image=1 generation=2
info:  WSI: app-frame-latency-signal app=359 via=source-submit-completion
info:  WSI: app-completion app=359 app-signal=signaled
info:  InternalWSI: source-present app=360 duration-us=22 hr=0x0
info:  WSI: present origin=APPLICATION_SOURCE wsi=399 app=360 internal=0 acquire=399 image=2 generation=2
info:  InternalWSI: dropped opportunity=344 reason=queue-full
info:  InternalWSI: dropped request internal=343 reason=deadline-expired
info:  WSI: app-frame-latency-signal app=360 via=source-submit-completion
info:  WSI: app-completion app=360 app-signal=signaled
info:  InternalWSI: source-present app=361 duration-us=23 hr=0x0
info:  WSI: present origin=APPLICATION_SOURCE wsi=400 app=361 internal=0 acquire=400 image=0 generation=2
info:  WSI: app-frame-latency-signal app=361 via=source-submit-completion
info:  WSI: app-completion app=361 app-signal=signaled
info:  InternalWSI: source-present app=362 duration-us=23 hr=0x0
info:  WSI: present origin=APPLICATION_SOURCE wsi=401 app=362 internal=0 acquire=401 image=1 generation=2
info:  InternalWSI: dropped opportunity=346 reason=queue-full
info:  InternalWSI: dropped request internal=345 reason=deadline-expired
info:  WSI: app-frame-latency-signal app=362 via=source-submit-completion
info:  WSI: app-completion app=362 app-signal=signaled
info:  InternalWSI: source-present app=363 duration-us=22 hr=0x0
info:  WSI: present origin=APPLICATION_SOURCE wsi=402 app=363 internal=0 acquire=402 image=2 generation=2
info:  WSI: app-frame-latency-signal app=363 via=source-submit-completion
info:  WSI: app-completion app=363 app-signal=signaled
info:  InternalWSI: source-present app=364 duration-us=25 hr=0x0
info:  WSI: present origin=APPLICATION_SOURCE wsi=403 app=364 internal=0 acquire=403 image=0 generation=2
info:  InternalWSI: dropped opportunity=348 reason=queue-full
info:  InternalWSI: dropped request internal=347 reason=deadline-expired
info:  WSI: app-frame-latency-signal app=364 via=source-submit-completion
info:  WSI: app-completion app=364 app-signal=signaled
info:  InternalWSI: source-present app=365 duration-us=31 hr=0x0
info:  WSI: present origin=APPLICATION_SOURCE wsi=404 app=365 internal=0 acquire=404 image=1 generation=2
info:  WSI: app-frame-latency-signal app=365 via=source-submit-completion
info:  WSI: app-completion app=365 app-signal=signaled
info:  InternalWSI: source-present app=366 duration-us=28 hr=0x0
info:  WSI: present origin=APPLICATION_SOURCE wsi=405 app=366 internal=0 acquire=405 image=2 generation=2
info:  InternalWSI: dropped opportunity=350 reason=queue-full
info:  InternalWSI: dropped request internal=349 reason=deadline-expired
info:  WSI: app-frame-latency-signal app=366 via=source-submit-completion
info:  WSI: app-completion app=366 app-signal=signaled
info:  InternalWSI: source-present app=367 duration-us=23 hr=0x0
info:  WSI: present origin=APPLICATION_SOURCE wsi=406 app=367 internal=0 acquire=406 image=0 generation=2
info:  WSI: app-frame-latency-signal app=367 via=source-submit-completion
info:  WSI: app-completion app=367 app-signal=signaled
info:  InternalWSI: source-present app=368 duration-us=23 hr=0x0
info:  WSI: present origin=APPLICATION_SOURCE wsi=407 app=368 internal=0 acquire=407 image=1 generation=2
info:  InternalWSI: dropped opportunity=352 reason=queue-full
info:  InternalWSI: dropped request internal=351 reason=deadline-expired
info:  WSI: app-frame-latency-signal app=368 via=source-submit-completion
info:  WSI: app-completion app=368 app-signal=signaled
info:  InternalWSI: source-present app=369 duration-us=22 hr=0x0
info:  WSI: present origin=APPLICATION_SOURCE wsi=408 app=369 internal=0 acquire=408 image=2 generation=2
info:  WSI: app-frame-latency-signal app=369 via=source-submit-completion
info:  WSI: app-completion app=369 app-signal=signaled
info:  InternalWSI: source-present app=370 duration-us=22 hr=0x0
info:  WSI: present origin=APPLICATION_SOURCE wsi=409 app=370 internal=0 acquire=409 image=0 generation=2
info:  InternalWSI: dropped opportunity=354 reason=queue-full
info:  InternalWSI: dropped request internal=353 reason=deadline-expired
info:  WSI: app-frame-latency-signal app=370 via=source-submit-completion
info:  WSI: app-completion app=370 app-signal=signaled
info:  InternalWSI: source-present app=371 duration-us=22 hr=0x0
info:  WSI: present origin=APPLICATION_SOURCE wsi=410 app=371 internal=0 acquire=410 image=1 generation=2
info:  WSI: app-frame-latency-signal app=371 via=source-submit-completion
info:  WSI: app-completion app=371 app-signal=signaled
info:  InternalWSI: source-present app=372 duration-us=23 hr=0x0
info:  WSI: present origin=APPLICATION_SOURCE wsi=411 app=372 internal=0 acquire=411 image=2 generation=2
info:  InternalWSI: dropped opportunity=356 reason=queue-full
info:  InternalWSI: dropped request internal=355 reason=deadline-expired
info:  WSI: app-frame-latency-signal app=372 via=source-submit-completion
info:  WSI: app-completion app=372 app-signal=signaled
info:  InternalWSI: source-present app=373 duration-us=21 hr=0x0
info:  WSI: present origin=APPLICATION_SOURCE wsi=412 app=373 internal=0 acquire=412 image=0 generation=2
info:  WSI: app-frame-latency-signal app=373 via=source-submit-completion
info:  WSI: app-completion app=373 app-signal=signaled
info:  InternalWSI: source-present app=374 duration-us=51 hr=0x0
info:  WSI: present origin=APPLICATION_SOURCE wsi=413 app=374 internal=0 acquire=413 image=1 generation=2
info:  InternalWSI: dropped opportunity=358 reason=queue-full
info:  InternalWSI: dropped request internal=357 reason=deadline-expired
info:  WSI: app-frame-latency-signal app=374 via=source-submit-completion
info:  WSI: app-completion app=374 app-signal=signaled
info:  InternalWSI: source-present app=375 duration-us=33 hr=0x0
info:  WSI: present origin=APPLICATION_SOURCE wsi=414 app=375 internal=0 acquire=414 image=2 generation=2
info:  WSI: app-frame-latency-signal app=375 via=source-submit-completion
info:  WSI: app-completion app=375 app-signal=signaled
info:  InternalWSI: source-present app=376 duration-us=29 hr=0x0
info:  WSI: present origin=APPLICATION_SOURCE wsi=415 app=376 internal=0 acquire=415 image=0 generation=2
info:  InternalWSI: dropped opportunity=360 reason=queue-full
info:  WSI: app-frame-latency-signal app=376 via=source-submit-completion
info:  WSI: app-completion app=376 app-signal=signaled
info:  WSI: present origin=INTERNAL_OUTPUT wsi=416 app=0 internal=56 acquire=416 image=1 generation=2
info:  InternalWSI: queued origin=INTERNAL_OUTPUT wsi=416 internal=56 app=none pattern=cyan vkPresent=VK_SUCCESS
info:  InternalWSI: retirement outcome=present-submitted wsi=416 internal=56 app-signals=unchanged actual-display-timing=separate
info:  InternalWSI: source-present app=377 duration-us=49 hr=0x0
info:  WSI: present origin=APPLICATION_SOURCE wsi=417 app=377 internal=0 acquire=417 image=2 generation=2
info:  WSI: app-frame-latency-signal app=377 via=source-submit-completion
info:  WSI: app-completion app=377 app-signal=signaled
info:  InternalWSI: source-present app=378 duration-us=24 hr=0x0
info:  WSI: present origin=APPLICATION_SOURCE wsi=418 app=378 internal=0 acquire=418 image=0 generation=2
info:  InternalWSI: dropped opportunity=362 reason=queue-full
info:  WSI: app-frame-latency-signal app=378 via=source-submit-completion
info:  WSI: app-completion app=378 app-signal=signaled
info:  WSI: present origin=INTERNAL_OUTPUT wsi=419 app=0 internal=57 acquire=419 image=1 generation=2
info:  InternalWSI: queued origin=INTERNAL_OUTPUT wsi=419 internal=57 app=none pattern=magenta vkPresent=VK_SUCCESS
info:  InternalWSI: retirement outcome=present-submitted wsi=419 internal=57 app-signals=unchanged actual-display-timing=separate
info:  InternalWSI: source-present app=379 duration-us=55 hr=0x0
info:  WSI: present origin=APPLICATION_SOURCE wsi=420 app=379 internal=0 acquire=420 image=2 generation=2
info:  WSI: app-frame-latency-signal app=379 via=source-submit-completion
info:  WSI: app-completion app=379 app-signal=signaled
info:  InternalWSI: source-present app=380 duration-us=26 hr=0x0
info:  WSI: present origin=APPLICATION_SOURCE wsi=421 app=380 internal=0 acquire=421 image=0 generation=2
info:  InternalWSI: dropped opportunity=364 reason=queue-full
info:  InternalWSI: dropped request internal=363 reason=deadline-expired
info:  WSI: app-frame-latency-signal app=380 via=source-submit-completion
info:  WSI: app-completion app=380 app-signal=signaled
info:  InternalWSI: source-present app=381 duration-us=25 hr=0x0
info:  WSI: present origin=APPLICATION_SOURCE wsi=422 app=381 internal=0 acquire=422 image=1 generation=2
info:  WSI: app-frame-latency-signal app=381 via=source-submit-completion
info:  WSI: app-completion app=381 app-signal=signaled
info:  InternalWSI: source-present app=382 duration-us=27 hr=0x0
info:  WSI: present origin=APPLICATION_SOURCE wsi=423 app=382 internal=0 acquire=423 image=2 generation=2
info:  InternalWSI: dropped opportunity=366 reason=queue-full
info:  InternalWSI: dropped request internal=365 reason=deadline-expired
info:  WSI: app-frame-latency-signal app=382 via=source-submit-completion
info:  WSI: app-completion app=382 app-signal=signaled
info:  InternalWSI: source-present app=383 duration-us=24 hr=0x0
info:  WSI: present origin=APPLICATION_SOURCE wsi=424 app=383 internal=0 acquire=424 image=0 generation=2
info:  WSI: app-frame-latency-signal app=383 via=source-submit-completion
info:  WSI: app-completion app=383 app-signal=signaled
info:  InternalWSI: source-present app=384 duration-us=21 hr=0x0
info:  WSI: present origin=APPLICATION_SOURCE wsi=425 app=384 internal=0 acquire=425 image=1 generation=2
info:  InternalWSI: dropped opportunity=368 reason=queue-full
info:  WSI: app-frame-latency-signal app=384 via=source-submit-completion
info:  WSI: app-completion app=384 app-signal=signaled
info:  WSI: present origin=INTERNAL_OUTPUT wsi=426 app=0 internal=58 acquire=426 image=2 generation=2
info:  InternalWSI: queued origin=INTERNAL_OUTPUT wsi=426 internal=58 app=none pattern=cyan vkPresent=VK_SUCCESS
info:  InternalWSI: retirement outcome=present-submitted wsi=426 internal=58 app-signals=unchanged actual-display-timing=separate
info:  InternalWSI: source-present app=385 duration-us=50 hr=0x0
info:  WSI: present origin=APPLICATION_SOURCE wsi=427 app=385 internal=0 acquire=427 image=0 generation=2
info:  WSI: app-frame-latency-signal app=385 via=source-submit-completion
info:  WSI: app-completion app=385 app-signal=signaled
info:  InternalWSI: source-present app=386 duration-us=23 hr=0x0
info:  WSI: present origin=APPLICATION_SOURCE wsi=428 app=386 internal=0 acquire=428 image=1 generation=2
info:  InternalWSI: dropped opportunity=370 reason=queue-full
info:  WSI: app-frame-latency-signal app=386 via=source-submit-completion
info:  WSI: app-completion app=386 app-signal=signaled
info:  WSI: present origin=INTERNAL_OUTPUT wsi=429 app=0 internal=59 acquire=429 image=2 generation=2
info:  InternalWSI: queued origin=INTERNAL_OUTPUT wsi=429 internal=59 app=none pattern=magenta vkPresent=VK_SUCCESS
info:  InternalWSI: retirement outcome=present-submitted wsi=429 internal=59 app-signals=unchanged actual-display-timing=separate
info:  InternalWSI: source-present app=387 duration-us=96 hr=0x0
info:  WSI: present origin=APPLICATION_SOURCE wsi=430 app=387 internal=0 acquire=430 image=0 generation=2
info:  WSI: app-frame-latency-signal app=387 via=source-submit-completion
info:  WSI: app-completion app=387 app-signal=signaled
info:  InternalWSI: source-present app=388 duration-us=20 hr=0x0
info:  WSI: present origin=APPLICATION_SOURCE wsi=431 app=388 internal=0 acquire=431 image=1 generation=2
info:  InternalWSI: dropped opportunity=372 reason=queue-full
info:  InternalWSI: dropped request internal=371 reason=deadline-expired
info:  WSI: app-frame-latency-signal app=388 via=source-submit-completion
info:  WSI: app-completion app=388 app-signal=signaled
info:  InternalWSI: source-present app=389 duration-us=21 hr=0x0
info:  WSI: present origin=APPLICATION_SOURCE wsi=432 app=389 internal=0 acquire=432 image=2 generation=2
info:  WSI: app-frame-latency-signal app=389 via=source-submit-completion
info:  WSI: app-completion app=389 app-signal=signaled
info:  InternalWSI: source-present app=390 duration-us=22 hr=0x0
info:  WSI: present origin=APPLICATION_SOURCE wsi=433 app=390 internal=0 acquire=433 image=0 generation=2
info:  InternalWSI: dropped opportunity=374 reason=queue-full
info:  WSI: app-frame-latency-signal app=390 via=source-submit-completion
info:  WSI: app-completion app=390 app-signal=signaled
info:  WSI: present origin=INTERNAL_OUTPUT wsi=434 app=0 internal=60 acquire=434 image=1 generation=2
info:  InternalWSI: queued origin=INTERNAL_OUTPUT wsi=434 internal=60 app=none pattern=cyan vkPresent=VK_SUCCESS
info:  InternalWSI: retirement outcome=present-submitted wsi=434 internal=60 app-signals=unchanged actual-display-timing=separate
info:  InternalWSI: source-present app=391 duration-us=46 hr=0x0
info:  WSI: present origin=APPLICATION_SOURCE wsi=435 app=391 internal=0 acquire=435 image=2 generation=2
info:  WSI: app-frame-latency-signal app=391 via=source-submit-completion
info:  WSI: app-completion app=391 app-signal=signaled
info:  InternalWSI: source-present app=392 duration-us=21 hr=0x0
info:  WSI: present origin=APPLICATION_SOURCE wsi=436 app=392 internal=0 acquire=436 image=0 generation=2
info:  InternalWSI: dropped opportunity=376 reason=queue-full
info:  InternalWSI: dropped request internal=375 reason=deadline-expired
info:  WSI: app-frame-latency-signal app=392 via=source-submit-completion
info:  WSI: app-completion app=392 app-signal=signaled
info:  InternalWSI: source-present app=393 duration-us=20 hr=0x0
info:  WSI: present origin=APPLICATION_SOURCE wsi=437 app=393 internal=0 acquire=437 image=1 generation=2
info:  WSI: app-frame-latency-signal app=393 via=source-submit-completion
info:  WSI: app-completion app=393 app-signal=signaled
info:  InternalWSI: source-present app=394 duration-us=22 hr=0x0
info:  WSI: present origin=APPLICATION_SOURCE wsi=438 app=394 internal=0 acquire=438 image=2 generation=2
info:  InternalWSI: dropped opportunity=378 reason=queue-full
info:  WSI: app-frame-latency-signal app=394 via=source-submit-completion
info:  WSI: app-completion app=394 app-signal=signaled
info:  WSI: present origin=INTERNAL_OUTPUT wsi=439 app=0 internal=61 acquire=439 image=0 generation=2
info:  InternalWSI: queued origin=INTERNAL_OUTPUT wsi=439 internal=61 app=none pattern=magenta vkPresent=VK_SUCCESS
info:  InternalWSI: retirement outcome=present-submitted wsi=439 internal=61 app-signals=unchanged actual-display-timing=separate
info:  InternalWSI: source-present app=395 duration-us=45 hr=0x0
info:  WSI: present origin=APPLICATION_SOURCE wsi=440 app=395 internal=0 acquire=440 image=1 generation=2
info:  WSI: app-frame-latency-signal app=395 via=source-submit-completion
info:  WSI: app-completion app=395 app-signal=signaled
info:  InternalWSI: source-present app=396 duration-us=26 hr=0x0
info:  WSI: present origin=APPLICATION_SOURCE wsi=441 app=396 internal=0 acquire=441 image=2 generation=2
info:  InternalWSI: dropped opportunity=380 reason=queue-full
info:  WSI: app-frame-latency-signal app=396 via=source-submit-completion
info:  WSI: app-completion app=396 app-signal=signaled
info:  WSI: present origin=INTERNAL_OUTPUT wsi=442 app=0 internal=62 acquire=442 image=0 generation=2
info:  InternalWSI: queued origin=INTERNAL_OUTPUT wsi=442 internal=62 app=none pattern=cyan vkPresent=VK_SUCCESS
info:  InternalWSI: retirement outcome=present-submitted wsi=442 internal=62 app-signals=unchanged actual-display-timing=separate
info:  InternalWSI: source-present app=397 duration-us=44 hr=0x0
info:  WSI: present origin=APPLICATION_SOURCE wsi=443 app=397 internal=0 acquire=443 image=1 generation=2
info:  WSI: app-frame-latency-signal app=397 via=source-submit-completion
info:  WSI: app-completion app=397 app-signal=signaled
info:  InternalWSI: source-present app=398 duration-us=24 hr=0x0
info:  WSI: present origin=APPLICATION_SOURCE wsi=444 app=398 internal=0 acquire=444 image=2 generation=2
info:  InternalWSI: dropped opportunity=382 reason=queue-full
info:  WSI: app-frame-latency-signal app=398 via=source-submit-completion
info:  WSI: app-completion app=398 app-signal=signaled
info:  WSI: present origin=INTERNAL_OUTPUT wsi=445 app=0 internal=63 acquire=445 image=0 generation=2
info:  InternalWSI: queued origin=INTERNAL_OUTPUT wsi=445 internal=63 app=none pattern=magenta vkPresent=VK_SUCCESS
info:  InternalWSI: retirement outcome=present-submitted wsi=445 internal=63 app-signals=unchanged actual-display-timing=separate
info:  InternalWSI: source-present app=399 duration-us=43 hr=0x0
info:  WSI: present origin=APPLICATION_SOURCE wsi=446 app=399 internal=0 acquire=446 image=1 generation=2
info:  WSI: app-frame-latency-signal app=399 via=source-submit-completion
info:  WSI: app-completion app=399 app-signal=signaled
info:  InternalWSI: source-present app=400 duration-us=54 hr=0x0
info:  WSI: present origin=APPLICATION_SOURCE wsi=447 app=400 internal=0 acquire=447 image=2 generation=2
info:  InternalWSI: dropped opportunity=384 reason=queue-full
info:  InternalWSI: dropped request internal=383 reason=deadline-expired
info:  WSI: app-frame-latency-signal app=400 via=source-submit-completion
info:  WSI: app-completion app=400 app-signal=signaled
info:  InternalWSI: source-present app=401 duration-us=32 hr=0x0
info:  WSI: present origin=APPLICATION_SOURCE wsi=448 app=401 internal=0 acquire=448 image=0 generation=2
info:  WSI: app-frame-latency-signal app=401 via=source-submit-completion
info:  WSI: app-completion app=401 app-signal=signaled
info:  InternalWSI: source-present app=402 duration-us=26 hr=0x0
info:  WSI: present origin=APPLICATION_SOURCE wsi=449 app=402 internal=0 acquire=449 image=1 generation=2
info:  InternalWSI: dropped opportunity=386 reason=queue-full
info:  InternalWSI: dropped request internal=385 reason=deadline-expired
info:  WSI: app-frame-latency-signal app=402 via=source-submit-completion
info:  WSI: app-completion app=402 app-signal=signaled
info:  InternalWSI: source-present app=403 duration-us=26 hr=0x0
info:  WSI: present origin=APPLICATION_SOURCE wsi=450 app=403 internal=0 acquire=450 image=2 generation=2
info:  WSI: app-frame-latency-signal app=403 via=source-submit-completion
info:  WSI: app-completion app=403 app-signal=signaled
info:  InternalWSI: source-present app=404 duration-us=48 hr=0x0
info:  WSI: present origin=APPLICATION_SOURCE wsi=451 app=404 internal=0 acquire=451 image=0 generation=2
info:  InternalWSI: dropped opportunity=388 reason=queue-full
info:  InternalWSI: dropped request internal=387 reason=deadline-expired
info:  WSI: app-frame-latency-signal app=404 via=source-submit-completion
info:  WSI: app-completion app=404 app-signal=signaled
info:  InternalWSI: source-present app=405 duration-us=31 hr=0x0
info:  WSI: present origin=APPLICATION_SOURCE wsi=452 app=405 internal=0 acquire=452 image=1 generation=2
info:  WSI: app-frame-latency-signal app=405 via=source-submit-completion
info:  WSI: app-completion app=405 app-signal=signaled
info:  InternalWSI: source-present app=406 duration-us=29 hr=0x0
info:  WSI: present origin=APPLICATION_SOURCE wsi=453 app=406 internal=0 acquire=453 image=2 generation=2
info:  InternalWSI: dropped opportunity=390 reason=queue-full
info:  InternalWSI: dropped request internal=389 reason=deadline-expired
info:  WSI: app-frame-latency-signal app=406 via=source-submit-completion
info:  WSI: app-completion app=406 app-signal=signaled
info:  InternalWSI: source-present app=407 duration-us=22 hr=0x0
info:  WSI: present origin=APPLICATION_SOURCE wsi=454 app=407 internal=0 acquire=454 image=0 generation=2
info:  WSI: app-frame-latency-signal app=407 via=source-submit-completion
info:  WSI: app-completion app=407 app-signal=signaled
info:  InternalWSI: source-present app=408 duration-us=22 hr=0x0
info:  WSI: present origin=APPLICATION_SOURCE wsi=455 app=408 internal=0 acquire=455 image=1 generation=2
info:  InternalWSI: dropped opportunity=392 reason=queue-full
info:  WSI: app-frame-latency-signal app=408 via=source-submit-completion
info:  WSI: app-completion app=408 app-signal=signaled
info:  WSI: present origin=INTERNAL_OUTPUT wsi=456 app=0 internal=64 acquire=456 image=2 generation=2
info:  InternalWSI: queued origin=INTERNAL_OUTPUT wsi=456 internal=64 app=none pattern=cyan vkPresent=VK_SUCCESS
info:  InternalWSI: retirement outcome=present-submitted wsi=456 internal=64 app-signals=unchanged actual-display-timing=separate
info:  InternalWSI: source-present app=409 duration-us=47 hr=0x0
info:  WSI: present origin=APPLICATION_SOURCE wsi=457 app=409 internal=0 acquire=457 image=0 generation=2
info:  WSI: app-frame-latency-signal app=409 via=source-submit-completion
info:  WSI: app-completion app=409 app-signal=signaled
info:  InternalWSI: source-present app=410 duration-us=20 hr=0x0
info:  WSI: present origin=APPLICATION_SOURCE wsi=458 app=410 internal=0 acquire=458 image=1 generation=2
info:  InternalWSI: dropped opportunity=394 reason=queue-full
info:  WSI: app-frame-latency-signal app=410 via=source-submit-completion
info:  WSI: app-completion app=410 app-signal=signaled
info:  WSI: present origin=INTERNAL_OUTPUT wsi=459 app=0 internal=65 acquire=459 image=2 generation=2
info:  InternalWSI: queued origin=INTERNAL_OUTPUT wsi=459 internal=65 app=none pattern=magenta vkPresent=VK_SUCCESS
info:  InternalWSI: retirement outcome=present-submitted wsi=459 internal=65 app-signals=unchanged actual-display-timing=separate
info:  InternalWSI: source-present app=411 duration-us=90 hr=0x0
info:  WSI: present origin=APPLICATION_SOURCE wsi=460 app=411 internal=0 acquire=460 image=0 generation=2
info:  WSI: app-frame-latency-signal app=411 via=source-submit-completion
info:  WSI: app-completion app=411 app-signal=signaled
info:  InternalWSI: source-present app=412 duration-us=23 hr=0x0
info:  WSI: present origin=APPLICATION_SOURCE wsi=461 app=412 internal=0 acquire=461 image=1 generation=2
info:  InternalWSI: dropped opportunity=396 reason=queue-full
info:  InternalWSI: dropped request internal=395 reason=deadline-expired
info:  WSI: app-frame-latency-signal app=412 via=source-submit-completion
info:  WSI: app-completion app=412 app-signal=signaled
info:  InternalWSI: source-present app=413 duration-us=65 hr=0x0
info:  WSI: present origin=APPLICATION_SOURCE wsi=462 app=413 internal=0 acquire=462 image=2 generation=2
info:  WSI: app-frame-latency-signal app=413 via=source-submit-completion
info:  WSI: app-completion app=413 app-signal=signaled
info:  InternalWSI: source-present app=414 duration-us=22 hr=0x0
info:  WSI: present origin=APPLICATION_SOURCE wsi=463 app=414 internal=0 acquire=463 image=0 generation=2
info:  InternalWSI: dropped opportunity=398 reason=queue-full
info:  InternalWSI: dropped request internal=397 reason=deadline-expired
info:  WSI: app-frame-latency-signal app=414 via=source-submit-completion
info:  WSI: app-completion app=414 app-signal=signaled
info:  InternalWSI: source-present app=415 duration-us=21 hr=0x0
info:  WSI: present origin=APPLICATION_SOURCE wsi=464 app=415 internal=0 acquire=464 image=1 generation=2
info:  WSI: app-frame-latency-signal app=415 via=source-submit-completion
info:  WSI: app-completion app=415 app-signal=signaled
info:  InternalWSI: source-present app=416 duration-us=21 hr=0x0
info:  WSI: present origin=APPLICATION_SOURCE wsi=465 app=416 internal=0 acquire=465 image=2 generation=2
info:  InternalWSI: dropped opportunity=400 reason=queue-full
info:  WSI: app-frame-latency-signal app=416 via=source-submit-completion
info:  WSI: app-completion app=416 app-signal=signaled
info:  WSI: present origin=INTERNAL_OUTPUT wsi=466 app=0 internal=66 acquire=466 image=0 generation=2
info:  InternalWSI: retirement outcome=present-submitted wsi=466 internal=66 app-signals=unchanged actual-display-timing=separate
info:  InternalWSI: queued origin=INTERNAL_OUTPUT wsi=466 internal=66 app=none pattern=cyan vkPresent=VK_SUCCESS
info:  InternalWSI: source-present app=417 duration-us=45 hr=0x0
info:  WSI: present origin=APPLICATION_SOURCE wsi=467 app=417 internal=0 acquire=467 image=1 generation=2
info:  WSI: app-frame-latency-signal app=417 via=source-submit-completion
info:  WSI: app-completion app=417 app-signal=signaled
info:  InternalWSI: source-present app=418 duration-us=74 hr=0x0
info:  WSI: present origin=APPLICATION_SOURCE wsi=468 app=418 internal=0 acquire=468 image=2 generation=2
info:  InternalWSI: dropped opportunity=402 reason=queue-full
info:  InternalWSI: dropped request internal=401 reason=deadline-expired
info:  WSI: app-frame-latency-signal app=418 via=source-submit-completion
info:  WSI: app-completion app=418 app-signal=signaled
info:  InternalWSI: source-present app=419 duration-us=20 hr=0x0
info:  WSI: present origin=APPLICATION_SOURCE wsi=469 app=419 internal=0 acquire=469 image=0 generation=2
info:  WSI: app-frame-latency-signal app=419 via=source-submit-completion
info:  WSI: app-completion app=419 app-signal=signaled
info:  InternalWSI: source-present app=420 duration-us=24 hr=0x0
info:  WSI: present origin=APPLICATION_SOURCE wsi=470 app=420 internal=0 acquire=470 image=1 generation=2
info:  InternalWSI: dropped opportunity=404 reason=queue-full
info:  InternalWSI: dropped request internal=403 reason=deadline-expired
info:  WSI: app-frame-latency-signal app=420 via=source-submit-completion
info:  WSI: app-completion app=420 app-signal=signaled
info:  InternalWSI: source-present app=421 duration-us=28 hr=0x0
info:  WSI: present origin=APPLICATION_SOURCE wsi=471 app=421 internal=0 acquire=471 image=2 generation=2
info:  WSI: app-frame-latency-signal app=421 via=source-submit-completion
info:  WSI: app-completion app=421 app-signal=signaled
info:  InternalWSI: source-present app=422 duration-us=19 hr=0x0
info:  WSI: present origin=APPLICATION_SOURCE wsi=472 app=422 internal=0 acquire=472 image=0 generation=2
info:  InternalWSI: dropped opportunity=406 reason=queue-full
info:  InternalWSI: dropped request internal=405 reason=deadline-expired
info:  WSI: app-frame-latency-signal app=422 via=source-submit-completion
info:  WSI: app-completion app=422 app-signal=signaled
info:  InternalWSI: source-present app=423 duration-us=19 hr=0x0
info:  WSI: present origin=APPLICATION_SOURCE wsi=473 app=423 internal=0 acquire=473 image=1 generation=2
info:  WSI: app-frame-latency-signal app=423 via=source-submit-completion
info:  WSI: app-completion app=423 app-signal=signaled
info:  InternalWSI: source-present app=424 duration-us=22 hr=0x0
info:  WSI: present origin=APPLICATION_SOURCE wsi=474 app=424 internal=0 acquire=474 image=2 generation=2
info:  InternalWSI: dropped opportunity=408 reason=queue-full
info:  InternalWSI: dropped request internal=407 reason=deadline-expired
info:  WSI: app-frame-latency-signal app=424 via=source-submit-completion
info:  WSI: app-completion app=424 app-signal=signaled
info:  InternalWSI: source-present app=425 duration-us=19 hr=0x0
info:  WSI: present origin=APPLICATION_SOURCE wsi=475 app=425 internal=0 acquire=475 image=0 generation=2
info:  WSI: app-frame-latency-signal app=425 via=source-submit-completion
info:  WSI: app-completion app=425 app-signal=signaled
info:  InternalWSI: source-present app=426 duration-us=20 hr=0x0
info:  WSI: present origin=APPLICATION_SOURCE wsi=476 app=426 internal=0 acquire=476 image=1 generation=2
info:  InternalWSI: dropped opportunity=410 reason=queue-full
info:  WSI: app-frame-latency-signal app=426 via=source-submit-completion
info:  WSI: app-completion app=426 app-signal=signaled
info:  WSI: present origin=INTERNAL_OUTPUT wsi=477 app=0 internal=67 acquire=477 image=2 generation=2
info:  InternalWSI: queued origin=INTERNAL_OUTPUT wsi=477 internal=67 app=none pattern=magenta vkPresent=VK_SUCCESS
info:  InternalWSI: retirement outcome=present-submitted wsi=477 internal=67 app-signals=unchanged actual-display-timing=separate
info:  InternalWSI: source-present app=427 duration-us=44 hr=0x0
info:  WSI: present origin=APPLICATION_SOURCE wsi=478 app=427 internal=0 acquire=478 image=0 generation=2
info:  WSI: app-frame-latency-signal app=427 via=source-submit-completion
info:  WSI: app-completion app=427 app-signal=signaled
info:  InternalWSI: source-present app=428 duration-us=21 hr=0x0
info:  WSI: present origin=APPLICATION_SOURCE wsi=479 app=428 internal=0 acquire=479 image=1 generation=2
info:  InternalWSI: dropped opportunity=412 reason=queue-full
info:  InternalWSI: dropped request internal=411 reason=deadline-expired
info:  WSI: app-frame-latency-signal app=428 via=source-submit-completion
info:  WSI: app-completion app=428 app-signal=signaled
info:  InternalWSI: source-present app=429 duration-us=24 hr=0x0
info:  WSI: present origin=APPLICATION_SOURCE wsi=480 app=429 internal=0 acquire=480 image=2 generation=2
info:  WSI: app-frame-latency-signal app=429 via=source-submit-completion
info:  WSI: app-completion app=429 app-signal=signaled
info:  InternalWSI: source-present app=430 duration-us=20 hr=0x0
info:  WSI: present origin=APPLICATION_SOURCE wsi=481 app=430 internal=0 acquire=481 image=0 generation=2
info:  InternalWSI: dropped opportunity=414 reason=queue-full
info:  WSI: app-frame-latency-signal app=430 via=source-submit-completion
info:  WSI: app-completion app=430 app-signal=signaled
info:  WSI: present origin=INTERNAL_OUTPUT wsi=482 app=0 internal=68 acquire=482 image=1 generation=2
info:  InternalWSI: queued origin=INTERNAL_OUTPUT wsi=482 internal=68 app=none pattern=cyan vkPresent=VK_SUCCESS
info:  InternalWSI: retirement outcome=present-submitted wsi=482 internal=68 app-signals=unchanged actual-display-timing=separate
info:  InternalWSI: source-present app=431 duration-us=41 hr=0x0
info:  WSI: present origin=APPLICATION_SOURCE wsi=483 app=431 internal=0 acquire=483 image=2 generation=2
info:  WSI: app-frame-latency-signal app=431 via=source-submit-completion
info:  WSI: app-completion app=431 app-signal=signaled
info:  InternalWSI: source-present app=432 duration-us=24 hr=0x0
info:  WSI: present origin=APPLICATION_SOURCE wsi=484 app=432 internal=0 acquire=484 image=0 generation=2
info:  InternalWSI: dropped opportunity=416 reason=queue-full
info:  InternalWSI: dropped request internal=415 reason=deadline-expired
info:  WSI: app-frame-latency-signal app=432 via=source-submit-completion
info:  WSI: app-completion app=432 app-signal=signaled
info:  InternalWSI: source-present app=433 duration-us=63 hr=0x0
info:  WSI: present origin=APPLICATION_SOURCE wsi=485 app=433 internal=0 acquire=485 image=1 generation=2
info:  WSI: app-frame-latency-signal app=433 via=source-submit-completion
info:  WSI: app-completion app=433 app-signal=signaled
info:  InternalWSI: source-present app=434 duration-us=38 hr=0x0
info:  WSI: present origin=APPLICATION_SOURCE wsi=486 app=434 internal=0 acquire=486 image=2 generation=2
info:  InternalWSI: dropped opportunity=418 reason=queue-full
info:  WSI: app-frame-latency-signal app=434 via=source-submit-completion
info:  WSI: app-completion app=434 app-signal=signaled
info:  WSI: present origin=INTERNAL_OUTPUT wsi=487 app=0 internal=69 acquire=487 image=0 generation=2
info:  InternalWSI: queued origin=INTERNAL_OUTPUT wsi=487 internal=69 app=none pattern=magenta vkPresent=VK_SUCCESS
info:  InternalWSI: retirement outcome=present-submitted wsi=487 internal=69 app-signals=unchanged actual-display-timing=separate
info:  InternalWSI: source-present app=435 duration-us=47 hr=0x0
info:  WSI: present origin=APPLICATION_SOURCE wsi=488 app=435 internal=0 acquire=488 image=1 generation=2
info:  WSI: app-frame-latency-signal app=435 via=source-submit-completion
info:  WSI: app-completion app=435 app-signal=signaled
info:  InternalWSI: source-present app=436 duration-us=19 hr=0x0
info:  WSI: present origin=APPLICATION_SOURCE wsi=489 app=436 internal=0 acquire=489 image=2 generation=2
info:  InternalWSI: dropped opportunity=420 reason=queue-full
info:  WSI: app-frame-latency-signal app=436 via=source-submit-completion
info:  WSI: app-completion app=436 app-signal=signaled
info:  WSI: present origin=INTERNAL_OUTPUT wsi=490 app=0 internal=70 acquire=490 image=0 generation=2
info:  InternalWSI: retirement outcome=present-submitted wsi=490 internal=70 app-signals=unchanged actual-display-timing=separate
info:  InternalWSI: queued origin=INTERNAL_OUTPUT wsi=490 internal=70 app=none pattern=cyan vkPresent=VK_SUCCESS
info:  InternalWSI: source-present app=437 duration-us=36 hr=0x0
info:  WSI: present origin=APPLICATION_SOURCE wsi=491 app=437 internal=0 acquire=491 image=1 generation=2
info:  InternalWSI: source-present app=438 duration-us=8298 hr=0x0
info:  WSI: app-frame-latency-signal app=437 via=source-submit-completion
info:  WSI: app-completion app=437 app-signal=signaled
info:  WSI: present origin=APPLICATION_SOURCE wsi=492 app=438 internal=0 acquire=492 image=2 generation=2
info:  InternalWSI: dropped opportunity=422 reason=queue-full
info:  WSI: app-frame-latency-signal app=438 via=source-submit-completion
info:  WSI: app-completion app=438 app-signal=signaled
info:  InternalWSI: source-present app=439 duration-us=17 hr=0x0
info:  WSI: present origin=APPLICATION_SOURCE wsi=493 app=439 internal=0 acquire=493 image=0 generation=2
info:  InternalWSI: dropped opportunity=423 reason=queue-full
info:  WSI: app-frame-latency-signal app=439 via=source-submit-completion
info:  WSI: app-completion app=439 app-signal=signaled
info:  InternalWSI: source-present app=440 duration-us=7 hr=0x0
info:  WSI: present origin=APPLICATION_SOURCE wsi=494 app=440 internal=0 acquire=494 image=1 generation=2
info:  InternalWSI: dropped opportunity=424 reason=queue-full
info:  WSI: app-frame-latency-signal app=440 via=source-submit-completion
info:  WSI: app-completion app=440 app-signal=signaled
info:  WSI: present origin=INTERNAL_OUTPUT wsi=495 app=0 internal=71 acquire=495 image=2 generation=2
info:  InternalWSI: retirement outcome=present-submitted wsi=495 internal=71 app-signals=unchanged actual-display-timing=separate
info:  InternalWSI: queued origin=INTERNAL_OUTPUT wsi=495 internal=71 app=none pattern=magenta vkPresent=VK_SUCCESS
info:  InternalWSI: source-present app=441 duration-us=32 hr=0x0
info:  WSI: present origin=APPLICATION_SOURCE wsi=496 app=441 internal=0 acquire=496 image=0 generation=2
info:  WSI: app-frame-latency-signal app=441 via=source-submit-completion
info:  WSI: app-completion app=441 app-signal=signaled
info:  InternalWSI: source-present app=442 duration-us=28 hr=0x0
info:  WSI: present origin=APPLICATION_SOURCE wsi=497 app=442 internal=0 acquire=497 image=1 generation=2
info:  InternalWSI: dropped opportunity=426 reason=queue-full
info:  InternalWSI: dropped request internal=425 reason=deadline-expired
info:  WSI: app-frame-latency-signal app=442 via=source-submit-completion
info:  WSI: app-completion app=442 app-signal=signaled
info:  InternalWSI: source-present app=443 duration-us=29 hr=0x0
info:  WSI: present origin=APPLICATION_SOURCE wsi=498 app=443 internal=0 acquire=498 image=2 generation=2
info:  WSI: app-frame-latency-signal app=443 via=source-submit-completion
info:  WSI: app-completion app=443 app-signal=signaled
info:  InternalWSI: source-present app=444 duration-us=27 hr=0x0
info:  WSI: present origin=APPLICATION_SOURCE wsi=499 app=444 internal=0 acquire=499 image=0 generation=2
info:  InternalWSI: dropped opportunity=428 reason=queue-full
info:  WSI: app-frame-latency-signal app=444 via=source-submit-completion
info:  WSI: app-completion app=444 app-signal=signaled
info:  WSI: present origin=INTERNAL_OUTPUT wsi=500 app=0 internal=72 acquire=500 image=1 generation=2
info:  InternalWSI: queued origin=INTERNAL_OUTPUT wsi=500 internal=72 app=none pattern=cyan vkPresent=VK_SUCCESS
info:  InternalWSI: retirement outcome=present-submitted wsi=500 internal=72 app-signals=unchanged actual-display-timing=separate
info:  InternalWSI: source-present app=445 duration-us=47 hr=0x0
info:  WSI: present origin=APPLICATION_SOURCE wsi=501 app=445 internal=0 acquire=501 image=2 generation=2
info:  WSI: app-frame-latency-signal app=445 via=source-submit-completion
info:  WSI: app-completion app=445 app-signal=signaled
info:  InternalWSI: source-present app=446 duration-us=24 hr=0x0
info:  WSI: present origin=APPLICATION_SOURCE wsi=502 app=446 internal=0 acquire=502 image=0 generation=2
info:  InternalWSI: dropped opportunity=430 reason=queue-full
info:  InternalWSI: dropped request internal=429 reason=deadline-expired
info:  WSI: app-frame-latency-signal app=446 via=source-submit-completion
info:  WSI: app-completion app=446 app-signal=signaled
info:  InternalWSI: source-present app=447 duration-us=19 hr=0x0
info:  WSI: present origin=APPLICATION_SOURCE wsi=503 app=447 internal=0 acquire=503 image=1 generation=2
info:  WSI: app-frame-latency-signal app=447 via=source-submit-completion
info:  WSI: app-completion app=447 app-signal=signaled
info:  InternalWSI: source-present app=448 duration-us=23 hr=0x0
info:  WSI: present origin=APPLICATION_SOURCE wsi=504 app=448 internal=0 acquire=504 image=2 generation=2
info:  InternalWSI: dropped opportunity=432 reason=queue-full
info:  InternalWSI: dropped request internal=431 reason=deadline-expired
info:  WSI: app-frame-latency-signal app=448 via=source-submit-completion
info:  WSI: app-completion app=448 app-signal=signaled
info:  InternalWSI: source-present app=449 duration-us=22 hr=0x0
info:  WSI: present origin=APPLICATION_SOURCE wsi=505 app=449 internal=0 acquire=505 image=0 generation=2
info:  WSI: app-frame-latency-signal app=449 via=source-submit-completion
info:  WSI: app-completion app=449 app-signal=signaled
info:  InternalWSI: source-present app=450 duration-us=23 hr=0x0
info:  WSI: present origin=APPLICATION_SOURCE wsi=506 app=450 internal=0 acquire=506 image=1 generation=2
info:  InternalWSI: dropped opportunity=434 reason=queue-full
info:  WSI: app-frame-latency-signal app=450 via=source-submit-completion
info:  WSI: app-completion app=450 app-signal=signaled
info:  WSI: present origin=INTERNAL_OUTPUT wsi=507 app=0 internal=73 acquire=507 image=2 generation=2
info:  InternalWSI: queued origin=INTERNAL_OUTPUT wsi=507 internal=73 app=none pattern=magenta vkPresent=VK_SUCCESS
info:  InternalWSI: retirement outcome=present-submitted wsi=507 internal=73 app-signals=unchanged actual-display-timing=separate
info:  InternalWSI: source-present app=451 duration-us=54 hr=0x0
info:  WSI: present origin=APPLICATION_SOURCE wsi=508 app=451 internal=0 acquire=508 image=0 generation=2
info:  WSI: app-frame-latency-signal app=451 via=source-submit-completion
info:  WSI: app-completion app=451 app-signal=signaled
info:  InternalWSI: source-present app=452 duration-us=27 hr=0x0
info:  WSI: present origin=APPLICATION_SOURCE wsi=509 app=452 internal=0 acquire=509 image=1 generation=2
info:  InternalWSI: dropped opportunity=436 reason=queue-full
info:  WSI: app-frame-latency-signal app=452 via=source-submit-completion
info:  WSI: app-completion app=452 app-signal=signaled
info:  WSI: present origin=INTERNAL_OUTPUT wsi=510 app=0 internal=74 acquire=510 image=2 generation=2
info:  InternalWSI: retirement outcome=present-submitted wsi=510 internal=74 app-signals=unchanged actual-display-timing=separate
info:  InternalWSI: queued origin=INTERNAL_OUTPUT wsi=510 internal=74 app=none pattern=cyan vkPresent=VK_SUCCESS
info:  InternalWSI: source-present app=453 duration-us=50 hr=0x0
info:  WSI: present origin=APPLICATION_SOURCE wsi=511 app=453 internal=0 acquire=511 image=0 generation=2
info:  WSI: app-frame-latency-signal app=453 via=source-submit-completion
info:  WSI: app-completion app=453 app-signal=signaled
info:  InternalWSI: source-present app=454 duration-us=25 hr=0x0
info:  WSI: present origin=APPLICATION_SOURCE wsi=512 app=454 internal=0 acquire=512 image=1 generation=2
info:  InternalWSI: dropped opportunity=438 reason=queue-full
info:  InternalWSI: dropped request internal=437 reason=deadline-expired
info:  WSI: app-frame-latency-signal app=454 via=source-submit-completion
info:  WSI: app-completion app=454 app-signal=signaled
info:  InternalWSI: source-present app=455 duration-us=21 hr=0x0
info:  WSI: present origin=APPLICATION_SOURCE wsi=513 app=455 internal=0 acquire=513 image=2 generation=2
info:  WSI: app-frame-latency-signal app=455 via=source-submit-completion
info:  WSI: app-completion app=455 app-signal=signaled
info:  InternalWSI: source-present app=456 duration-us=29 hr=0x0
info:  WSI: present origin=APPLICATION_SOURCE wsi=514 app=456 internal=0 acquire=514 image=0 generation=2
info:  InternalWSI: dropped opportunity=440 reason=queue-full
info:  WSI: app-frame-latency-signal app=456 via=source-submit-completion
info:  WSI: app-completion app=456 app-signal=signaled
info:  WSI: present origin=INTERNAL_OUTPUT wsi=515 app=0 internal=75 acquire=515 image=1 generation=2
info:  InternalWSI: queued origin=INTERNAL_OUTPUT wsi=515 internal=75 app=none pattern=magenta vkPresent=VK_SUCCESS
info:  InternalWSI: retirement outcome=present-submitted wsi=515 internal=75 app-signals=unchanged actual-display-timing=separate
info:  InternalWSI: source-present app=457 duration-us=43 hr=0x0
info:  WSI: present origin=APPLICATION_SOURCE wsi=516 app=457 internal=0 acquire=516 image=2 generation=2
info:  WSI: app-frame-latency-signal app=457 via=source-submit-completion
info:  WSI: app-completion app=457 app-signal=signaled
info:  InternalWSI: source-present app=458 duration-us=39 hr=0x0
info:  WSI: present origin=APPLICATION_SOURCE wsi=517 app=458 internal=0 acquire=517 image=0 generation=2
info:  InternalWSI: dropped opportunity=442 reason=queue-full
info:  InternalWSI: dropped request internal=441 reason=deadline-expired
info:  WSI: app-frame-latency-signal app=458 via=source-submit-completion
info:  WSI: app-completion app=458 app-signal=signaled
info:  InternalWSI: source-present app=459 duration-us=28 hr=0x0
info:  WSI: present origin=APPLICATION_SOURCE wsi=518 app=459 internal=0 acquire=518 image=1 generation=2
info:  WSI: app-frame-latency-signal app=459 via=source-submit-completion
info:  WSI: app-completion app=459 app-signal=signaled
info:  InternalWSI: source-present app=460 duration-us=54 hr=0x0
info:  WSI: present origin=APPLICATION_SOURCE wsi=519 app=460 internal=0 acquire=519 image=2 generation=2
info:  InternalWSI: dropped opportunity=444 reason=queue-full
info:  InternalWSI: dropped request internal=443 reason=deadline-expired
info:  WSI: app-frame-latency-signal app=460 via=source-submit-completion
info:  WSI: app-completion app=460 app-signal=signaled
info:  InternalWSI: source-present app=461 duration-us=24 hr=0x0
info:  WSI: present origin=APPLICATION_SOURCE wsi=520 app=461 internal=0 acquire=520 image=0 generation=2
info:  WSI: app-frame-latency-signal app=461 via=source-submit-completion
info:  WSI: app-completion app=461 app-signal=signaled
info:  InternalWSI: source-present app=462 duration-us=32 hr=0x0
info:  WSI: present origin=APPLICATION_SOURCE wsi=521 app=462 internal=0 acquire=521 image=1 generation=2
info:  InternalWSI: dropped opportunity=446 reason=queue-full
info:  InternalWSI: dropped request internal=445 reason=deadline-expired
info:  WSI: app-frame-latency-signal app=462 via=source-submit-completion
info:  WSI: app-completion app=462 app-signal=signaled
info:  InternalWSI: source-present app=463 duration-us=102 hr=0x0
info:  WSI: present origin=APPLICATION_SOURCE wsi=522 app=463 internal=0 acquire=522 image=2 generation=2
info:  WSI: app-frame-latency-signal app=463 via=source-submit-completion
info:  WSI: app-completion app=463 app-signal=signaled
info:  InternalWSI: source-present app=464 duration-us=39 hr=0x0
info:  WSI: present origin=APPLICATION_SOURCE wsi=523 app=464 internal=0 acquire=523 image=0 generation=2
info:  InternalWSI: dropped opportunity=448 reason=queue-full
info:  InternalWSI: dropped request internal=447 reason=deadline-expired
info:  WSI: app-frame-latency-signal app=464 via=source-submit-completion
info:  WSI: app-completion app=464 app-signal=signaled
info:  InternalWSI: source-present app=465 duration-us=33 hr=0x0
info:  WSI: present origin=APPLICATION_SOURCE wsi=524 app=465 internal=0 acquire=524 image=1 generation=2
info:  WSI: app-frame-latency-signal app=465 via=source-submit-completion
info:  WSI: app-completion app=465 app-signal=signaled
info:  InternalWSI: source-present app=466 duration-us=32 hr=0x0
info:  WSI: present origin=APPLICATION_SOURCE wsi=525 app=466 internal=0 acquire=525 image=2 generation=2
info:  InternalWSI: dropped opportunity=450 reason=queue-full
info:  WSI: app-frame-latency-signal app=466 via=source-submit-completion
info:  WSI: app-completion app=466 app-signal=signaled
info:  WSI: present origin=INTERNAL_OUTPUT wsi=526 app=0 internal=76 acquire=526 image=0 generation=2
info:  InternalWSI: queued origin=INTERNAL_OUTPUT wsi=526 internal=76 app=none pattern=cyan vkPresent=VK_SUCCESS
info:  InternalWSI: retirement outcome=present-submitted wsi=526 internal=76 app-signals=unchanged actual-display-timing=separate
info:  InternalWSI: source-present app=467 duration-us=52 hr=0x0
info:  WSI: present origin=APPLICATION_SOURCE wsi=527 app=467 internal=0 acquire=527 image=1 generation=2
info:  WSI: app-frame-latency-signal app=467 via=source-submit-completion
info:  WSI: app-completion app=467 app-signal=signaled
