info:  Game: d3d11-flip-sequential-invariant-static.exe
info:  DXVK: 3.1.1
info:  Build: x86_64 gcc 16.2.0
info:  Vulkan: Found vkGetInstanceProcAddr in winevulkan.dll @ 0x6ffffba679c0
info:  Extension providers:
info:    Platform WSI
info:    OpenVR
info:  OpenVR: could not open registry key, status 2
info:  OpenVR: Failed to locate module
info:    OpenXR
info:  Enabled instance extensions:
info:    VK_KHR_get_surface_capabilities2
info:    VK_KHR_surface
info:    VK_KHR_surface_maintenance1
info:    VK_KHR_win32_surface
[mvk-info] MoltenVK version 1.4.2, supporting Vulkan version 1.4.357.
	The following 154 Vulkan extensions are supported:
	VK_KHR_16bit_storage v1
	VK_KHR_8bit_storage v1
	VK_KHR_bind_memory2 v1
	VK_KHR_buffer_device_address v1
	VK_KHR_calibrated_timestamps v1
	VK_KHR_copy_commands2 v1
	VK_KHR_create_renderpass2 v1
	VK_KHR_dedicated_allocation v3
	VK_KHR_deferred_host_operations v4
	VK_KHR_depth_stencil_resolve v1
	VK_KHR_descriptor_update_template v1
	VK_KHR_device_group v4
	VK_KHR_device_group_creation v1
	VK_KHR_driver_properties v1
	VK_KHR_dynamic_rendering v1
	VK_KHR_dynamic_rendering_local_read v1
	VK_KHR_external_fence v1
	VK_KHR_external_fence_capabilities v1
	VK_KHR_external_memory v1
	VK_KHR_external_memory_capabilities v1
	VK_KHR_external_semaphore v1
	VK_KHR_external_semaphore_capabilities v1
	VK_KHR_format_feature_flags2 v2
	VK_KHR_fragment_shader_barycentric v1
	VK_KHR_get_memory_requirements2 v1
	VK_KHR_get_physical_device_properties2 v2
	VK_KHR_get_surface_capabilities2 v1
	VK_KHR_global_priority v1
	VK_KHR_image_format_list v1
	VK_KHR_imageless_framebuffer v1
	VK_KHR_incremental_present v2
	VK_KHR_index_type_uint8 v1
	VK_KHR_line_rasterization v1
	VK_KHR_load_store_op_none v1
	VK_KHR_maintenance1 v2
	VK_KHR_maintenance2 v1
	VK_KHR_maintenance3 v1
	VK_KHR_maintenance4 v2
	VK_KHR_maintenance5 v1
	VK_KHR_maintenance6 v1
	VK_KHR_maintenance7 v1
	VK_KHR_maintenance8 v1
	VK_KHR_maintenance9 v1
	VK_KHR_map_memory2 v1
	VK_KHR_multiview v1
	VK_KHR_portability_subset v1
	VK_KHR_present_id v1
	VK_KHR_present_id2 v1
	VK_KHR_present_wait v1
	VK_KHR_present_wait2 v1
	VK_KHR_push_descriptor v2
	VK_KHR_relaxed_block_layout v1
	VK_KHR_robustness2 v1
	VK_KHR_sampler_mirror_clamp_to_edge v3
	VK_KHR_sampler_ycbcr_conversion v14
	VK_KHR_separate_depth_stencil_layouts v1
	VK_KHR_shader_draw_parameters v1
	VK_KHR_shader_expect_assume v1
	VK_KHR_shader_float_controls v4
	VK_KHR_shader_float_controls2 v1
	VK_KHR_shader_float16_int8 v1
	VK_KHR_shader_fma v1
	VK_KHR_shader_integer_dot_product v1
	VK_KHR_shader_maximal_reconvergence v1
	VK_KHR_shader_non_semantic_info v1
	VK_KHR_shader_quad_control v1
	VK_KHR_shader_relaxed_extended_instruction v1
	VK_KHR_shader_subgroup_extended_types v1
	VK_KHR_shader_subgroup_rotate v2
	VK_KHR_shader_subgroup_uniform_control_flow v1
	VK_KHR_shader_terminate_invocation v1
	VK_KHR_spirv_1_4 v1
	VK_KHR_storage_buffer_storage_class v1
	VK_KHR_surface v25
	VK_KHR_surface_maintenance1 v1
	VK_KHR_surface_protected_capabilities v1
	VK_KHR_swapchain v70
	VK_KHR_swapchain_maintenance1 v1
	VK_KHR_swapchain_mutable_format v1
	VK_KHR_synchronization2 v1
	VK_KHR_timeline_semaphore v2
	VK_KHR_uniform_buffer_standard_layout v1
	VK_KHR_variable_pointers v1
	VK_KHR_vertex_attribute_divisor v1
	VK_KHR_vulkan_memory_model v3
	VK_KHR_zero_initialize_workgroup_memory v1
	VK_EXT_4444_formats v1
	VK_EXT_buffer_device_address v2
	VK_EXT_calibrated_timestamps v2
	VK_EXT_debug_marker v4
	VK_EXT_debug_report v10
	VK_EXT_debug_utils v2
	VK_EXT_depth_clip_control v1
	VK_EXT_descriptor_indexing v2
	VK_EXT_extended_dynamic_state v1
	VK_EXT_extended_dynamic_state2 v1
	VK_EXT_extended_dynamic_state3 v2
	VK_EXT_external_memory_host v1
	VK_EXT_external_memory_metal v1
	VK_EXT_fragment_shader_interlock v1
	VK_EXT_global_priority v2
	VK_EXT_global_priority_query v1
	VK_EXT_hdr_metadata v3
	VK_EXT_headless_surface v1
	VK_EXT_host_image_copy v1
	VK_EXT_host_query_reset v1
	VK_EXT_image_2d_view_of_3d v1
	VK_EXT_image_robustness v1
	VK_EXT_index_type_uint8 v1
	VK_EXT_inline_uniform_block v1
	VK_EXT_layer_settings v2
	VK_EXT_legacy_dithering v2
	VK_EXT_line_rasterization v1
	VK_EXT_load_store_op_none v1
	VK_EXT_memory_budget v1
	VK_EXT_metal_objects v2
	VK_EXT_metal_surface v1
	VK_EXT_non_seamless_cube_map v1
	VK_EXT_pipeline_creation_cache_control v3
	VK_EXT_pipeline_creation_feedback v1
	VK_EXT_pipeline_robustness v1
	VK_EXT_post_depth_coverage v1
	VK_EXT_primitive_topology_list_restart v1
	VK_EXT_private_data v1
	VK_EXT_provoking_vertex v1
	VK_EXT_robustness2 v1
	VK_EXT_sample_locations v1
	VK_EXT_sampler_filter_minmax v2
	VK_EXT_scalar_block_layout v1
	VK_EXT_separate_stencil_usage v1
	VK_EXT_shader_atomic_float v1
	VK_EXT_shader_demote_to_helper_invocation v1
	VK_EXT_shader_stencil_export v1
	VK_EXT_shader_subgroup_ballot v1
	VK_EXT_shader_subgroup_vote v1
	VK_EXT_shader_viewport_index_layer v1
	VK_EXT_subgroup_size_control v2
	VK_EXT_surface_maintenance1 v1
	VK_EXT_swapchain_colorspace v5
	VK_EXT_swapchain_maintenance1 v1
	VK_EXT_texel_buffer_alignment v1
	VK_EXT_texture_compression_astc_hdr v1
	VK_EXT_tooling_info v1
	VK_EXT_vertex_attribute_divisor v3
	VK_AMD_gpu_shader_half_float v2
	VK_AMD_negative_viewport_height v1
	VK_AMD_shader_image_load_store_lod v1
	VK_AMD_shader_trinary_minmax v1
	VK_GOOGLE_display_timing v1
	VK_IMG_format_pvrtc v1
	VK_INTEL_shader_integer_functions2 v1
	VK_MVK_macos_surface v3
	VK_MVK_moltenvk v37
	VK_NV_fragment_shader_barycentric v1
[mvk-info] GPU device:
	model: Apple M3
	type: Integrated
	vendorID: 0x106b
	deviceID: 0x1b000209
	pipelineCacheUUID: DB660224-1B00-0209-0000-000100000000
	GPU memory available: 12124 MB
	GPU memory used: 0 MB
	Metal Shading Language 4.0
	supports the following GPU Features:
		GPU Family Metal 4
		GPU Family Apple 9
		GPU Family Mac 1
		GPU Family Mac 2
		Read-Write Texture Tier 2
[mvk-info] Created VkInstance for Vulkan version 1.3.357, as requested by app, with the following 6 Vulkan extensions enabled:
	VK_KHR_external_semaphore_capabilities v1
	VK_KHR_get_physical_device_properties2 v2
	VK_KHR_get_surface_capabilities2 v1
	VK_KHR_surface v25
	VK_KHR_surface_maintenance1 v1
	VK_EXT_metal_surface v1
[mvk-info] MoltenVK version 1.4.2, supporting Vulkan version 1.4.357.
	The following 154 Vulkan extensions are supported:
	VK_KHR_16bit_storage v1
	VK_KHR_8bit_storage v1
	VK_KHR_bind_memory2 v1
	VK_KHR_buffer_device_address v1
	VK_KHR_calibrated_timestamps v1
	VK_KHR_copy_commands2 v1
	VK_KHR_create_renderpass2 v1
	VK_KHR_dedicated_allocation v3
	VK_KHR_deferred_host_operations v4
	VK_KHR_depth_stencil_resolve v1
	VK_KHR_descriptor_update_template v1
	VK_KHR_device_group v4
	VK_KHR_device_group_creation v1
	VK_KHR_driver_properties v1
	VK_KHR_dynamic_rendering v1
	VK_KHR_dynamic_rendering_local_read v1
	VK_KHR_external_fence v1
	VK_KHR_external_fence_capabilities v1
	VK_KHR_external_memory v1
	VK_KHR_external_memory_capabilities v1
	VK_KHR_external_semaphore v1
	VK_KHR_external_semaphore_capabilities v1
	VK_KHR_format_feature_flags2 v2
	VK_KHR_fragment_shader_barycentric v1
	VK_KHR_get_memory_requirements2 v1
	VK_KHR_get_physical_device_properties2 v2
	VK_KHR_get_surface_capabilities2 v1
	VK_KHR_global_priority v1
	VK_KHR_image_format_list v1
	VK_KHR_imageless_framebuffer v1
	VK_KHR_incremental_present v2
	VK_KHR_index_type_uint8 v1
	VK_KHR_line_rasterization v1
	VK_KHR_load_store_op_none v1
	VK_KHR_maintenance1 v2
	VK_KHR_maintenance2 v1
	VK_KHR_maintenance3 v1
	VK_KHR_maintenance4 v2
	VK_KHR_maintenance5 v1
	VK_KHR_maintenance6 v1
	VK_KHR_maintenance7 v1
	VK_KHR_maintenance8 v1
	VK_KHR_maintenance9 v1
	VK_KHR_map_memory2 v1
	VK_KHR_multiview v1
	VK_KHR_portability_subset v1
	VK_KHR_present_id v1
	VK_KHR_present_id2 v1
	VK_KHR_present_wait v1
	VK_KHR_present_wait2 v1
	VK_KHR_push_descriptor v2
	VK_KHR_relaxed_block_layout v1
	VK_KHR_robustness2 v1
	VK_KHR_sampler_mirror_clamp_to_edge v3
	VK_KHR_sampler_ycbcr_conversion v14
	VK_KHR_separate_depth_stencil_layouts v1
	VK_KHR_shader_draw_parameters v1
	VK_KHR_shader_expect_assume v1
	VK_KHR_shader_float_controls v4
	VK_KHR_shader_float_controls2 v1
	VK_KHR_shader_float16_int8 v1
	VK_KHR_shader_fma v1
	VK_KHR_shader_integer_dot_product v1
	VK_KHR_shader_maximal_reconvergence v1
	VK_KHR_shader_non_semantic_info v1
	VK_KHR_shader_quad_control v1
	VK_KHR_shader_relaxed_extended_instruction v1
	VK_KHR_shader_subgroup_extended_types v1
	VK_KHR_shader_subgroup_rotate v2
	VK_KHR_shader_subgroup_uniform_control_flow v1
	VK_KHR_shader_terminate_invocation v1
	VK_KHR_spirv_1_4 v1
	VK_KHR_storage_buffer_storage_class v1
	VK_KHR_surface v25
	VK_KHR_surface_maintenance1 v1
	VK_KHR_surface_protected_capabilities v1
	VK_KHR_swapchain v70
	VK_KHR_swapchain_maintenance1 v1
	VK_KHR_swapchain_mutable_format v1
	VK_KHR_synchronization2 v1
	VK_KHR_timeline_semaphore v2
	VK_KHR_uniform_buffer_standard_layout v1
	VK_KHR_variable_pointers v1
	VK_KHR_vertex_attribute_divisor v1
	VK_KHR_vulkan_memory_model v3
	VK_KHR_zero_initialize_workgroup_memory v1
	VK_EXT_4444_formats v1
	VK_EXT_buffer_device_address v2
	VK_EXT_calibrated_timestamps v2
	VK_EXT_debug_marker v4
	VK_EXT_debug_report v10
	VK_EXT_debug_utils v2
	VK_EXT_depth_clip_control v1
	VK_EXT_descriptor_indexing v2
	VK_EXT_extended_dynamic_state v1
	VK_EXT_extended_dynamic_state2 v1
	VK_EXT_extended_dynamic_state3 v2
	VK_EXT_external_memory_host v1
	VK_EXT_external_memory_metal v1
	VK_EXT_fragment_shader_interlock v1
	VK_EXT_global_priority v2
	VK_EXT_global_priority_query v1
	VK_EXT_hdr_metadata v3
	VK_EXT_headless_surface v1
	VK_EXT_host_image_copy v1
	VK_EXT_host_query_reset v1
	VK_EXT_image_2d_view_of_3d v1
	VK_EXT_image_robustness v1
	VK_EXT_index_type_uint8 v1
	VK_EXT_inline_uniform_block v1
	VK_EXT_layer_settings v2
	VK_EXT_legacy_dithering v2
	VK_EXT_line_rasterization v1
	VK_EXT_load_store_op_none v1
	VK_EXT_memory_budget v1
	VK_EXT_metal_objects v2
	VK_EXT_metal_surface v1
	VK_EXT_non_seamless_cube_map v1
	VK_EXT_pipeline_creation_cache_control v3
	VK_EXT_pipeline_creation_feedback v1
	VK_EXT_pipeline_robustness v1
	VK_EXT_post_depth_coverage v1
	VK_EXT_primitive_topology_list_restart v1
	VK_EXT_private_data v1
	VK_EXT_provoking_vertex v1
	VK_EXT_robustness2 v1
	VK_EXT_sample_locations v1
	VK_EXT_sampler_filter_minmax v2
	VK_EXT_scalar_block_layout v1
	VK_EXT_separate_stencil_usage v1
	VK_EXT_shader_atomic_float v1
	VK_EXT_shader_demote_to_helper_invocation v1
	VK_EXT_shader_stencil_export v1
	VK_EXT_shader_subgroup_ballot v1
	VK_EXT_shader_subgroup_vote v1
	VK_EXT_shader_viewport_index_layer v1
	VK_EXT_subgroup_size_control v2
	VK_EXT_surface_maintenance1 v1
	VK_EXT_swapchain_colorspace v5
	VK_EXT_swapchain_maintenance1 v1
	VK_EXT_texel_buffer_alignment v1
	VK_EXT_texture_compression_astc_hdr v1
	VK_EXT_tooling_info v1
	VK_EXT_vertex_attribute_divisor v3
	VK_AMD_gpu_shader_half_float v2
	VK_AMD_negative_viewport_height v1
	VK_AMD_shader_image_load_store_lod v1
	VK_AMD_shader_trinary_minmax v1
	VK_GOOGLE_display_timing v1
	VK_IMG_format_pvrtc v1
	VK_INTEL_shader_integer_functions2 v1
	VK_MVK_macos_surface v3
	VK_MVK_moltenvk v37
	VK_NV_fragment_shader_barycentric v1
[mvk-info] GPU device:
	model: Apple M3
	type: Integrated
	vendorID: 0x106b
	deviceID: 0x1b000209
	pipelineCacheUUID: DB660224-1B00-0209-0000-000100000000
	GPU memory available: 12124 MB
	GPU memory used: 0 MB
	Metal Shading Language 4.0
	supports the following GPU Features:
		GPU Family Metal 4
		GPU Family Apple 9
		GPU Family Mac 1
		GPU Family Mac 2
		Read-Write Texture Tier 2
[mvk-info] Created VkInstance for Vulkan version 1.0.357, as requested by app, with the following 3 Vulkan extensions enabled:
	VK_KHR_external_fence_capabilities v1
	VK_KHR_external_semaphore_capabilities v1
	VK_KHR_get_physical_device_properties2 v2
info:  Found device: Apple M3 (MoltenVK 0.2.2210)
info:  Creating device:
info:  Apple M3:
info:    Driver   : MoltenVK 0.2.2210
info:  Queues:
info:    Graphics : (0, 0)
info:    Transfer : (0, 0)
info:    Sparse   : (4294967295, 0)
info:  Memory:
info:    Heap 0: 16.0 GiB (DEVICE_LOCAL)
info:    Budget: 11.84 GiB
info:      Type  0: DEVICE_LOCAL
info:      Type  1: DEVICE_LOCAL | HOST_VISIBLE | HOST_COHERENT | HOST_CACHED
info:      Type  2: DEVICE_LOCAL | LAZILY_ALLOCATED
info:  Enabled extensions:
info:    VK_EXT_extended_dynamic_state3
info:    VK_EXT_fragment_shader_interlock
info:    VK_EXT_hdr_metadata
info:    VK_EXT_robustness2
info:    VK_EXT_sample_locations
info:    VK_EXT_shader_stencil_export
info:    VK_EXT_vertex_attribute_divisor
info:    VK_KHR_calibrated_timestamps
info:    VK_KHR_dynamic_rendering_local_read
info:    VK_KHR_incremental_present
info:    VK_KHR_load_store_op_none
info:    VK_KHR_maintenance5
info:    VK_KHR_maintenance6
info:    VK_KHR_maintenance7
info:    VK_KHR_maintenance8
info:    VK_KHR_maintenance9
info:    VK_KHR_present_id
info:    VK_KHR_present_wait
info:    VK_KHR_shader_float_controls2
info:    VK_KHR_shader_subgroup_uniform_control_flow
info:    VK_KHR_swapchain
info:    VK_KHR_swapchain_maintenance1
info:    VK_KHR_swapchain_mutable_format
info:  Enabled features:
info:    depthBiasClamp                 : 1
info:    depthBounds                    : 0
info:    depthClamp                     : 1
info:    drawIndirectFirstInstance      : 1
info:    dualSrcBlend                   : 1
info:    fillModeNonSolid               : 1
info:    fragmentStoresAndAtomics       : 1
info:    fullDrawIndexUint32            : 1
info:    geometryShader                 : 0
info:    imageCubeArray                 : 1
info:    independentBlend               : 1
info:    largePoints                    : 1
info:    logicOp                        : 0
info:    multiDrawIndirect              : 1
info:    multiViewport                  : 1
info:    occlusionQueryPrecise          : 1
info:    pipelineStatisticsQuery        : 0
info:    robustBufferAccess             : 1
info:    sampleRateShading              : 1
info:    samplerAnisotropy              : 1
info:    shaderClipDistance             : 1
info:    shaderCullDistance             : 0
info:    shaderFloat64                  : 0
info:    shaderImageGatherExtended      : 1
info:    shaderInt16                    : 1
info:    shaderInt64                    : 1
info:    shaderUniformBufferArrayDynamicIndexing : 1
info:    shaderSampledImageArrayDynamicIndexing : 1
info:    shaderStorageBufferArrayDynamicIndexing : 1
info:    shaderStorageImageArrayDynamicIndexing : 1
info:    sparseBinding                  : 0
info:    sparseResidencyBuffer          : 0
info:    sparseResidencyImage2D         : 0
info:    sparseResidencyImage3D         : 0
info:    sparseResidency2Samples        : 0
info:    sparseResidency4Samples        : 0
info:    sparseResidency8Samples        : 0
info:    sparseResidency16Samples       : 0
info:    sparseResidencyAliased         : 0
info:    shaderResourceResidency        : 0
info:    shaderResourceMinLod           : 1
info:    tessellationShader             : 1
info:    textureCompressionBC           : 1
info:    variableMultisampleRate        : 0
info:    vertexPipelineStoresAndAtomics : 1
info:    wideLines                      : 0
info:    shaderDrawParameters           : 1
info:    storageBuffer16BitAccess       : 1
info:    storagePushConstant16          : 1
info:    bufferDeviceAddress            : 1
info:    descriptorIndexing             : 1
info:    storageBuffer8BitAccess        : 1
info:    storagePushConstant8           : 1
info:    shaderUniformTexelBufferArrayDynamicIndexing : 1
info:    shaderStorageTexelBufferArrayDynamicIndexing : 1
info:    shaderUniformBufferArrayNonUniformIndexing : 1
info:    shaderSampledImageArrayNonUniformIndexing : 1
info:    shaderStorageBufferArrayNonUniformIndexing : 1
info:    shaderStorageImageArrayNonUniformIndexing : 1
info:    shaderUniformTexelBufferArrayNonUniformIndexing : 1
info:    shaderStorageTexelBufferArrayNonUniformIndexing : 1
info:    descriptorBindingSampledImageUpdateAfterBind : 1
info:    descriptorBindingUpdateUnusedWhilePending : 1
info:    descriptorBindingPartiallyBound : 1
info:    drawIndirectCount              : 0
info:    hostQueryReset                 : 1
info:    runtimeDescriptorArray         : 1
info:    samplerFilterMinmax            : 0
info:    samplerMirrorClampToEdge       : 1
info:    scalarBlockLayout              : 1
info:    shaderFloat16                  : 1
info:    shaderInt8                     : 1
info:    shaderOutputViewportIndex      : 1
info:    shaderOutputLayer              : 1
info:    timelineSemaphore              : 1
info:    uniformBufferStandardLayout    : 1
info:    vulkanMemoryModel              : 1
info:    inlineUniformBlock             : 1
info:    computeFullSubgroups           : 1
info:    dynamicRendering               : 1
info:    maintenance4                   : 1
info:    robustImageAccess              : 0
info:    pipelineCreationCacheControl   : 1
info:    shaderDemoteToHelperInvocation : 1
info:    shaderZeroInitializeWorkgroupMemory : 1
info:    subgroupSizeControl            : 1
info:    synchronization2               : 1
info:  VK_EXT_attachment_feedback_loop_layout:
info:    attachmentFeedbackLoopLayout   : 0
info:  VK_EXT_border_color_swizzle:
info:    borderColorSwizzle             : 0
info:    borderColorSwizzleFromImage    : 0
info:  VK_EXT_conservative_rasterization:
info:    extConservativeRasterization   : 0
info:  VK_EXT_custom_border_color:
info:    customBorderColors             : 0
info:    customBorderColorWithoutFormat : 0
info:  VK_EXT_depth_clip_enable:
info:    depthClipEnable                : 0
info:  VK_EXT_depth_bias_control:
info:    depthBiasControl               : 0
info:    leastRepresentableValueForceUnormRepresentation : 0
info:    floatRepresentation            : 0
info:    depthBiasExact                 : 0
info:  VK_EXT_descriptor_buffer:
info:    descriptorBuffer               : 0
info:  VK_EXT_descriptor_heap:
info:    descriptorHeap                 : 0
info:  VK_EXT_dynamic_rendering_unused_attachments:
info:    dynamicRenderingUnusedAttachments : 0
info:  VK_EXT_extended_dynamic_state3:
info:    extendedDynamicState3AlphaToCoverageEnable : 0
info:    extendedDynamicState3DepthClipEnable : 1
info:    extendedDynamicState3RasterizationSamples : 0
info:    extendedDynamicState3SampleMask : 0
info:    extendedDynamicState3LineRasterizationMode : 1
info:    extendedDynamicState3SampleLocationsEnable : 1
info:  VK_EXT_fragment_shader_interlock:
info:    fragmentShaderSampleInterlock  : 1
info:    fragmentShaderPixelInterlock   : 1
info:  VK_EXT_full_screen_exclusive:
info:    extFullScreenExclusive         : 0
info:  VK_EXT_graphics_pipeline_library:
info:    graphicsPipelineLibrary        : 0
info:  VK_EXT_hdr_metadata:
info:    extHdrMetadata                 : 1
info:  VK_EXT_line_rasterization:
info:    rectangularLines               : 0
info:    smoothLines                    : 0
info:  VK_EXT_memory_budget:
info:    extMemoryBudget                : 1
info:  VK_EXT_memory_priority:
info:    memoryPriority                 : 0
info:  VK_EXT_multi_draw:
info:    multiDraw                      : 0
info:  VK_EXT_non_seamless_cube_map:
info:    nonSeamlessCubeMap             : 0
info:  VK_EXT_pageable_device_local_memory:
info:    pageableDeviceLocalMemory      : 0
info:  VK_EXT_present_timing:
info:    presentTiming                  : 0
info:    presentAtAbsoluteTime          : 0
info:    presentAtRelativeTime          : 0
info:  VK_EXT_robustness2:
info:    robustBufferAccess2            : 0
info:    robustImageAccess2             : 1
info:    nullDescriptor                 : 0
info:  VK_EXT_sample_locations:
info:    extSampleLocations             : 1
info:  VK_EXT_shader_module_identifier:
info:    shaderModuleIdentifier         : 0
info:  VK_EXT_shader_stencil_export:
info:    extShaderStencilExport         : 1
info:  VK_EXT_swapchain_colorspace:
info:    extSwapchainColorSpace         : 0
info:  VK_EXT_swapchain_maintenance1:
info:    swapchainMaintenance1          : 0
info:  VK_EXT_transform_feedback:
info:    transformFeedback              : 0
info:    geometryStreams                : 0
info:  VK_EXT_vertex_attribute_divisor:
info:    vertexAttributeInstanceRateDivisor : 1
info:    vertexAttributeInstanceRateZeroDivisor : 1
info:  VK_KHR_calibrated_timestamps:
info:    khrCalibratedTimestamps        : 1
info:  VK_KHR_device_fault:
info:    deviceFault                    : 0
info:    deviceFaultVendorBinary        : 0
info:  VK_KHR_dynamic_rendering_local_read:
info:    dynamicRenderingLocalRead      : 1
info:  VK_KHR_external_memory_win32:
info:    khrExternalMemoryWin32         : 0
info:  VK_KHR_external_semaphore_win32:
info:    khrExternalSemaphoreWin32      : 0
info:  VK_KHR_incremental_present:
info:    khrIncrementalPresent          : 1
info:  VK_KHR_load_store_op_none:
info:    khrLoadStoreOpNone             : 1
info:  VK_KHR_maintenance5:
info:    maintenance5                   : 1
info:  VK_KHR_maintenance6:
info:    maintenance6                   : 1
info:  VK_KHR_maintenance7:
info:    maintenance7                   : 1
info:  VK_KHR_maintenance8:
info:    maintenance8                   : 1
info:  VK_KHR_maintenance9:
info:    maintenance9                   : 1
info:  VK_KHR_maintenance10:
info:    maintenance10                  : 0
info:  VK_KHR_maintenance11:
info:    maintenance11                  : 0
info:  VK_KHR_pipeline_library:
info:    khrPipelineLibrary             : 0
info:  VK_KHR_present_id:
info:    presentId                      : 1
info:  VK_KHR_present_id2:
info:    presentId2                     : 0
info:  VK_KHR_present_wait:
info:    presentWait                    : 1
info:  VK_KHR_present_wait2:
info:    presentWait2                   : 0
info:  VK_KHR_shader_float_controls2:
info:    shaderFloatControls2           : 1
info:  VK_KHR_shader_subgroup_uniform_control_flow:
info:    shaderSubgroupUniformControlFlow : 1
info:  VK_KHR_shader_untyped_pointers:
info:    shaderUntypedPointers          : 0
info:  VK_KHR_swapchain:
info:    khrSwapchain                   : 1
info:  VK_KHR_swapchain_maintenance1:
info:    swapchainMaintenance1          : 1
info:  VK_KHR_swapchain_mutable_format:
info:    khrSwapchainMutableFormat      : 1
info:  VK_KHR_unified_image_layouts:
info:    unifiedImageLayouts            : 0
info:  VK_KHR_win32_keyed_mutex:
info:    khrWin32KeyedMutex             : 0
info:  VK_AMD_buffer_marker:
info:    amdBufferMarker                : 0
info:  VK_NV_device_diagnostic_checkpoints:
info:    nvDeviceDiagnosticCheckpoints  : 0
info:  VK_NV_low_latency2:
info:    nvLowLatency2                  : 0
info:  VK_NV_raw_access_chains:
info:    shaderRawAccessChains          : 0
info:  VK_NVX_binary_import:
info:    nvxBinaryImport                : 0
info:  VK_NVX_image_view_handle:
info:    nvxImageViewHandle             : 0
[mvk-info] Vulkan semaphores using Metal implicit guarantees within a single queue.
[mvk-info] Descriptor sets binding resources using Metal3 argument buffers.
[mvk-info] Created VkDevice to run on GPU Apple M3 with the following 24 Vulkan extensions enabled:
	VK_KHR_calibrated_timestamps v1
	VK_KHR_dynamic_rendering_local_read v1
	VK_KHR_image_format_list v1
	VK_KHR_incremental_present v2
	VK_KHR_load_store_op_none v1
	VK_KHR_maintenance5 v1
	VK_KHR_maintenance6 v1
	VK_KHR_maintenance7 v1
	VK_KHR_maintenance8 v1
	VK_KHR_maintenance9 v1
	VK_KHR_present_id v1
	VK_KHR_present_wait v1
	VK_KHR_shader_float_controls2 v1
	VK_KHR_shader_subgroup_uniform_control_flow v1
	VK_KHR_swapchain v70
	VK_KHR_swapchain_maintenance1 v1
	VK_KHR_swapchain_mutable_format v1
	VK_EXT_extended_dynamic_state3 v2
	VK_EXT_fragment_shader_interlock v1
	VK_EXT_hdr_metadata v3
	VK_EXT_robustness2 v1
	VK_EXT_sample_locations v1
	VK_EXT_shader_stencil_export v1
	VK_EXT_vertex_attribute_divisor v3
info:  Memory type mask for buffer resources: 0x3, usage: 0x201ff
info:  Graphics pipeline libraries not supported
info:  Binding model: Legacy
warn:  D3D11DeviceFeatures: External memory features not supported
info:  D3D11InternalCreateDevice: Maximum supported feature level: D3D_FEATURE_LEVEL_11_0
info:  D3D11InternalCreateDevice: Using feature level D3D_FEATURE_LEVEL_11_0
info:  DXGI: VK_FORMAT_D24_UNORM_S8_UINT -> VK_FORMAT_D32_SFLOAT_S8_UINT
warn:  D3D11DXGIDevice::QueryInterface: Unknown interface query
warn:  0ec870a6-5d7e-4c22-8cfc-5baae07616ed
info:  Presenter: Actual swapchain properties:
info:    Format:          VK_FORMAT_B8G8R8A8_UNORM
info:    Color space:     VK_COLOR_SPACE_SRGB_NONLINEAR_KHR
info:    Present mode:    VK_PRESENT_MODE_FIFO_KHR (dynamic: yes)
info:    Buffer size:     640x360
info:    Image count:     3
info:    Timing:          no
[mvk-info] Created 3 swapchain images with size (640, 360) and contents scale 1.0 in layer WineMetalLayer: WineMetalView (0x7fe4f8f7eab0) on screen Main Screen.
info:  Presenter: Created swapchain generation 2
info:  InternalWSI: source-present app=17 duration-us=13486 hr=0x0
warn:  DxgiSwapChain::GetFrameStatistics: Frame statistics may be inaccurate
info:  WSI: present origin=APPLICATION_SOURCE wsi=1 app=17 internal=0 acquire=1 image=0 generation=2
info:  InternalWSI: source-present app=18 duration-us=57662 hr=0x0
info:  WSI: app-frame-latency-signal app=17 via=source-submit-completion
info:  WSI: app-completion app=17 app-signal=signaled
info:  WSI: present origin=APPLICATION_SOURCE wsi=2 app=18 internal=0 acquire=2 image=1 generation=2
info:  InternalWSI: source-present app=19 duration-us=1594 hr=0x0
info:  WSI: app-completion app=18 app-signal=deferred
info:  WSI: app-frame-latency-signal app=18 via=source-present-retirement
info:  WSI: present origin=APPLICATION_SOURCE wsi=3 app=19 internal=0 acquire=3 image=2 generation=2
info:  InternalWSI: source-present app=20 duration-us=894 hr=0x0
info:  WSI: app-completion app=19 app-signal=deferred
info:  WSI: app-frame-latency-signal app=19 via=source-present-retirement
info:  WSI: present origin=APPLICATION_SOURCE wsi=4 app=20 internal=0 acquire=4 image=0 generation=2
info:  InternalWSI: source-present app=21 duration-us=694 hr=0x0
info:  WSI: app-completion app=20 app-signal=deferred
info:  WSI: present origin=APPLICATION_SOURCE wsi=5 app=21 internal=0 acquire=5 image=1 generation=2
info:  WSI: app-frame-latency-signal app=20 via=source-present-retirement
info:  InternalWSI: source-present app=22 duration-us=482 hr=0x0
info:  WSI: app-completion app=21 app-signal=deferred
info:  WSI: app-frame-latency-signal app=21 via=source-present-retirement
info:  WSI: present origin=APPLICATION_SOURCE wsi=6 app=22 internal=0 acquire=6 image=2 generation=2
info:  InternalWSI: source-present app=23 duration-us=441 hr=0x0
info:  WSI: app-completion app=22 app-signal=deferred
info:  WSI: present origin=APPLICATION_SOURCE wsi=7 app=23 internal=0 acquire=7 image=0 generation=2
info:  WSI: app-frame-latency-signal app=22 via=source-present-retirement
info:  InternalWSI: source-present app=24 duration-us=448 hr=0x0
info:  WSI: app-completion app=23 app-signal=deferred
info:  WSI: app-frame-latency-signal app=23 via=source-present-retirement
info:  WSI: present origin=APPLICATION_SOURCE wsi=8 app=24 internal=0 acquire=8 image=1 generation=2
info:  InternalWSI: source-present app=25 duration-us=350 hr=0x0
info:  WSI: app-completion app=24 app-signal=deferred
info:  WSI: present origin=APPLICATION_SOURCE wsi=9 app=25 internal=0 acquire=9 image=2 generation=2
info:  WSI: app-frame-latency-signal app=24 via=source-present-retirement
info:  InternalWSI: source-present app=26 duration-us=461 hr=0x0
info:  WSI: app-completion app=25 app-signal=deferred
info:  WSI: present origin=APPLICATION_SOURCE wsi=10 app=26 internal=0 acquire=10 image=0 generation=2
info:  WSI: app-frame-latency-signal app=25 via=source-present-retirement
info:  InternalWSI: source-present app=27 duration-us=437 hr=0x0
info:  WSI: app-completion app=26 app-signal=deferred
info:  WSI: app-frame-latency-signal app=26 via=source-present-retirement
info:  WSI: present origin=APPLICATION_SOURCE wsi=11 app=27 internal=0 acquire=11 image=1 generation=2
info:  InternalWSI: source-present app=28 duration-us=787 hr=0x0
info:  WSI: present origin=APPLICATION_SOURCE wsi=12 app=28 internal=0 acquire=12 image=2 generation=2
info:  WSI: app-completion app=27 app-signal=deferred
info:  WSI: app-frame-latency-signal app=27 via=source-present-retirement
info:  InternalWSI: source-present app=29 duration-us=447 hr=0x0
info:  WSI: app-completion app=28 app-signal=deferred
info:  WSI: present origin=APPLICATION_SOURCE wsi=13 app=29 internal=0 acquire=13 image=0 generation=2
info:  WSI: app-frame-latency-signal app=28 via=source-present-retirement
info:  InternalWSI: source-present app=30 duration-us=421 hr=0x0
info:  WSI: app-completion app=29 app-signal=deferred
info:  WSI: present origin=APPLICATION_SOURCE wsi=14 app=30 internal=0 acquire=14 image=1 generation=2
info:  WSI: app-frame-latency-signal app=29 via=source-present-retirement
info:  InternalWSI: source-present app=31 duration-us=384 hr=0x0
info:  WSI: app-completion app=30 app-signal=deferred
info:  WSI: present origin=APPLICATION_SOURCE wsi=15 app=31 internal=0 acquire=15 image=2 generation=2
info:  WSI: app-frame-latency-signal app=30 via=source-present-retirement
info:  InternalWSI: source-present app=32 duration-us=370 hr=0x0
info:  WSI: app-completion app=31 app-signal=deferred
info:  WSI: app-frame-latency-signal app=31 via=source-present-retirement
info:  WSI: present origin=APPLICATION_SOURCE wsi=16 app=32 internal=0 acquire=16 image=0 generation=2
info:  InternalWSI: source-present app=33 duration-us=671 hr=0x0
info:  WSI: present origin=APPLICATION_SOURCE wsi=17 app=33 internal=0 acquire=17 image=1 generation=2
info:  WSI: app-completion app=32 app-signal=deferred
info:  WSI: app-frame-latency-signal app=32 via=source-present-retirement
info:  InternalWSI: source-present app=34 duration-us=534 hr=0x0
info:  WSI: app-completion app=33 app-signal=deferred
info:  WSI: app-frame-latency-signal app=33 via=source-present-retirement
info:  WSI: present origin=APPLICATION_SOURCE wsi=18 app=34 internal=0 acquire=18 image=2 generation=2
info:  InternalWSI: source-present app=35 duration-us=16134 hr=0x0
info:  WSI: app-completion app=34 app-signal=deferred
info:  WSI: app-frame-latency-signal app=34 via=source-present-retirement
info:  WSI: present origin=APPLICATION_SOURCE wsi=19 app=35 internal=0 acquire=19 image=0 generation=2
info:  InternalWSI: source-present app=36 duration-us=16540 hr=0x0
info:  WSI: app-completion app=35 app-signal=deferred
info:  WSI: app-frame-latency-signal app=35 via=source-present-retirement
info:  WSI: present origin=APPLICATION_SOURCE wsi=20 app=36 internal=0 acquire=20 image=1 generation=2
info:  InternalWSI: source-present app=37 duration-us=16682 hr=0x0
info:  WSI: app-completion app=36 app-signal=deferred
info:  WSI: app-frame-latency-signal app=36 via=source-present-retirement
info:  WSI: present origin=APPLICATION_SOURCE wsi=21 app=37 internal=0 acquire=21 image=2 generation=2
info:  InternalWSI: source-present app=38 duration-us=16458 hr=0x0
info:  WSI: app-completion app=37 app-signal=deferred
info:  WSI: app-frame-latency-signal app=37 via=source-present-retirement
info:  WSI: present origin=APPLICATION_SOURCE wsi=22 app=38 internal=0 acquire=22 image=0 generation=2
info:  InternalWSI: source-present app=39 duration-us=16389 hr=0x0
info:  WSI: app-completion app=38 app-signal=deferred
info:  WSI: app-frame-latency-signal app=38 via=source-present-retirement
info:  WSI: present origin=APPLICATION_SOURCE wsi=23 app=39 internal=0 acquire=23 image=1 generation=2
info:  InternalWSI: source-present app=40 duration-us=16830 hr=0x0
info:  WSI: app-completion app=39 app-signal=deferred
info:  WSI: app-frame-latency-signal app=39 via=source-present-retirement
info:  WSI: present origin=APPLICATION_SOURCE wsi=24 app=40 internal=0 acquire=24 image=2 generation=2
info:  InternalWSI: source-present app=41 duration-us=16624 hr=0x0
info:  WSI: app-completion app=40 app-signal=deferred
info:  WSI: app-frame-latency-signal app=40 via=source-present-retirement
info:  WSI: present origin=APPLICATION_SOURCE wsi=25 app=41 internal=0 acquire=25 image=0 generation=2
info:  InternalWSI: source-present app=42 duration-us=16528 hr=0x0
info:  WSI: app-completion app=41 app-signal=deferred
info:  WSI: app-frame-latency-signal app=41 via=source-present-retirement
info:  WSI: present origin=APPLICATION_SOURCE wsi=26 app=42 internal=0 acquire=26 image=1 generation=2
info:  InternalWSI: source-present app=43 duration-us=16620 hr=0x0
info:  WSI: app-completion app=42 app-signal=deferred
info:  WSI: app-frame-latency-signal app=42 via=source-present-retirement
info:  WSI: present origin=APPLICATION_SOURCE wsi=27 app=43 internal=0 acquire=27 image=2 generation=2
info:  InternalWSI: source-present app=44 duration-us=17441 hr=0x0
info:  WSI: app-completion app=43 app-signal=deferred
info:  WSI: app-frame-latency-signal app=43 via=source-present-retirement
info:  WSI: present origin=APPLICATION_SOURCE wsi=28 app=44 internal=0 acquire=28 image=0 generation=2
info:  InternalWSI: source-present app=45 duration-us=15928 hr=0x0
info:  WSI: app-completion app=44 app-signal=deferred
info:  WSI: app-frame-latency-signal app=44 via=source-present-retirement
info:  WSI: present origin=APPLICATION_SOURCE wsi=29 app=45 internal=0 acquire=29 image=1 generation=2
info:  InternalWSI: source-present app=46 duration-us=16249 hr=0x0
info:  WSI: app-completion app=45 app-signal=deferred
info:  WSI: app-frame-latency-signal app=45 via=source-present-retirement
info:  WSI: present origin=APPLICATION_SOURCE wsi=30 app=46 internal=0 acquire=30 image=2 generation=2
info:  WSI: app-completion app=46 app-signal=deferred
info:  WSI: app-frame-latency-signal app=46 via=source-present-retirement
info:  InternalWSI: source-present app=47 duration-us=45 hr=0x0
info:  WSI: present origin=APPLICATION_SOURCE wsi=31 app=47 internal=0 acquire=31 image=0 generation=2
info:  WSI: app-completion app=47 app-signal=deferred
info:  WSI: app-frame-latency-signal app=47 via=source-present-retirement
info:  InternalWSI: source-present app=48 duration-us=48 hr=0x0
info:  WSI: present origin=APPLICATION_SOURCE wsi=32 app=48 internal=0 acquire=32 image=1 generation=2
info:  WSI: app-completion app=48 app-signal=deferred
info:  WSI: app-frame-latency-signal app=48 via=source-present-retirement
info:  InternalWSI: source-present app=49 duration-us=48 hr=0x0
info:  WSI: present origin=APPLICATION_SOURCE wsi=33 app=49 internal=0 acquire=33 image=2 generation=2
info:  WSI: app-completion app=49 app-signal=deferred
info:  WSI: app-frame-latency-signal app=49 via=source-present-retirement
info:  InternalWSI: source-present app=50 duration-us=114 hr=0x0
info:  WSI: present origin=APPLICATION_SOURCE wsi=34 app=50 internal=0 acquire=34 image=0 generation=2
info:  WSI: app-completion app=50 app-signal=deferred
info:  WSI: app-frame-latency-signal app=50 via=source-present-retirement
info:  InternalWSI: source-present app=51 duration-us=374 hr=0x0
info:  WSI: present origin=APPLICATION_SOURCE wsi=35 app=51 internal=0 acquire=35 image=1 generation=2
info:  WSI: app-frame-latency-signal app=51 via=source-submit-completion
info:  WSI: app-completion app=51 app-signal=signaled
info:  InternalWSI: source-present app=52 duration-us=205 hr=0x0
info:  WSI: present origin=APPLICATION_SOURCE wsi=36 app=52 internal=0 acquire=36 image=2 generation=2
info:  WSI: app-frame-latency-signal app=52 via=source-submit-completion
info:  WSI: app-completion app=52 app-signal=signaled
info:  InternalWSI: source-present app=53 duration-us=205 hr=0x0
info:  WSI: present origin=APPLICATION_SOURCE wsi=37 app=53 internal=0 acquire=37 image=0 generation=2
info:  WSI: app-frame-latency-signal app=53 via=source-submit-completion
info:  WSI: app-completion app=53 app-signal=signaled
info:  InternalWSI: source-present app=54 duration-us=73 hr=0x0
info:  WSI: present origin=APPLICATION_SOURCE wsi=38 app=54 internal=0 acquire=38 image=1 generation=2
info:  WSI: app-completion app=54 app-signal=deferred
info:  WSI: app-frame-latency-signal app=54 via=source-present-retirement
info:  InternalWSI: source-present app=55 duration-us=174 hr=0x0
info:  WSI: present origin=APPLICATION_SOURCE wsi=39 app=55 internal=0 acquire=39 image=2 generation=2
info:  WSI: app-frame-latency-signal app=55 via=source-submit-completion
info:  WSI: app-completion app=55 app-signal=signaled
info:  InternalWSI: source-present app=56 duration-us=208 hr=0x0
info:  WSI: present origin=APPLICATION_SOURCE wsi=40 app=56 internal=0 acquire=40 image=0 generation=2
info:  WSI: app-frame-latency-signal app=56 via=source-submit-completion
info:  WSI: app-completion app=56 app-signal=signaled
info:  InternalWSI: source-present app=57 duration-us=204 hr=0x0
info:  WSI: present origin=APPLICATION_SOURCE wsi=41 app=57 internal=0 acquire=41 image=1 generation=2
info:  WSI: app-completion app=57 app-signal=deferred
info:  WSI: app-frame-latency-signal app=57 via=source-present-retirement
info:  InternalWSI: source-present app=58 duration-us=212 hr=0x0
info:  WSI: present origin=APPLICATION_SOURCE wsi=42 app=58 internal=0 acquire=42 image=2 generation=2
info:  WSI: app-completion app=58 app-signal=deferred
info:  WSI: app-frame-latency-signal app=58 via=source-present-retirement
info:  InternalWSI: source-present app=59 duration-us=237 hr=0x0
info:  WSI: present origin=APPLICATION_SOURCE wsi=43 app=59 internal=0 acquire=43 image=0 generation=2
info:  WSI: app-frame-latency-signal app=59 via=source-submit-completion
info:  WSI: app-completion app=59 app-signal=signaled
info:  InternalWSI: source-present app=60 duration-us=198 hr=0x0
info:  WSI: present origin=APPLICATION_SOURCE wsi=44 app=60 internal=0 acquire=44 image=1 generation=2
info:  WSI: app-completion app=60 app-signal=deferred
info:  WSI: app-frame-latency-signal app=60 via=source-present-retirement
info:  InternalWSI: source-present app=61 duration-us=205 hr=0x0
info:  WSI: present origin=APPLICATION_SOURCE wsi=45 app=61 internal=0 acquire=45 image=2 generation=2
info:  WSI: app-completion app=61 app-signal=deferred
info:  WSI: app-frame-latency-signal app=61 via=source-present-retirement
info:  InternalWSI: source-present app=62 duration-us=196 hr=0x0
info:  WSI: present origin=APPLICATION_SOURCE wsi=46 app=62 internal=0 acquire=46 image=0 generation=2
info:  WSI: app-frame-latency-signal app=62 via=source-submit-completion
info:  WSI: app-completion app=62 app-signal=signaled
info:  InternalWSI: source-present app=63 duration-us=227 hr=0x0
info:  WSI: present origin=APPLICATION_SOURCE wsi=47 app=63 internal=0 acquire=47 image=1 generation=2
info:  WSI: app-completion app=63 app-signal=deferred
info:  WSI: app-frame-latency-signal app=63 via=source-present-retirement
info:  InternalWSI: source-present app=64 duration-us=320 hr=0x0
info:  WSI: present origin=APPLICATION_SOURCE wsi=48 app=64 internal=0 acquire=48 image=2 generation=2
info:  WSI: app-completion app=64 app-signal=deferred
info:  WSI: app-frame-latency-signal app=64 via=source-present-retirement
info:  InternalWSI: source-present app=65 duration-us=209 hr=0x0
info:  WSI: present origin=APPLICATION_SOURCE wsi=49 app=65 internal=0 acquire=49 image=0 generation=2
info:  WSI: app-completion app=65 app-signal=deferred
info:  WSI: app-frame-latency-signal app=65 via=source-present-retirement
info:  InternalWSI: source-present app=66 duration-us=195 hr=0x0
info:  WSI: present origin=APPLICATION_SOURCE wsi=50 app=66 internal=0 acquire=50 image=1 generation=2
info:  WSI: app-completion app=66 app-signal=deferred
info:  WSI: app-frame-latency-signal app=66 via=source-present-retirement
info:  InternalWSI: source-present app=67 duration-us=605 hr=0x0
info:  WSI: present origin=APPLICATION_SOURCE wsi=51 app=67 internal=0 acquire=51 image=2 generation=2
info:  WSI: app-frame-latency-signal app=67 via=source-submit-completion
info:  WSI: app-completion app=67 app-signal=signaled
info:  InternalWSI: source-present app=68 duration-us=180 hr=0x0
info:  WSI: present origin=APPLICATION_SOURCE wsi=52 app=68 internal=0 acquire=52 image=0 generation=2
info:  WSI: app-frame-latency-signal app=68 via=source-submit-completion
info:  WSI: app-completion app=68 app-signal=signaled
info:  InternalWSI: source-present app=69 duration-us=114 hr=0x0
info:  WSI: present origin=APPLICATION_SOURCE wsi=53 app=69 internal=0 acquire=53 image=1 generation=2
info:  WSI: app-completion app=69 app-signal=deferred
info:  WSI: app-frame-latency-signal app=69 via=source-present-retirement
info:  InternalWSI: source-present app=70 duration-us=80 hr=0x0
info:  WSI: present origin=APPLICATION_SOURCE wsi=54 app=70 internal=0 acquire=54 image=2 generation=2
info:  WSI: app-frame-latency-signal app=70 via=source-submit-completion
info:  WSI: app-completion app=70 app-signal=signaled
info:  InternalWSI: source-present app=71 duration-us=178 hr=0x0
info:  WSI: present origin=APPLICATION_SOURCE wsi=55 app=71 internal=0 acquire=55 image=0 generation=2
info:  WSI: app-completion app=71 app-signal=deferred
info:  WSI: app-frame-latency-signal app=71 via=source-present-retirement
info:  InternalWSI: source-present app=72 duration-us=203 hr=0x0
info:  WSI: present origin=APPLICATION_SOURCE wsi=56 app=72 internal=0 acquire=56 image=1 generation=2
info:  WSI: app-frame-latency-signal app=72 via=source-submit-completion
info:  WSI: app-completion app=72 app-signal=signaled
info:  InternalWSI: source-present app=73 duration-us=211 hr=0x0
info:  WSI: present origin=APPLICATION_SOURCE wsi=57 app=73 internal=0 acquire=57 image=2 generation=2
info:  WSI: app-frame-latency-signal app=73 via=source-submit-completion
info:  WSI: app-completion app=73 app-signal=signaled
info:  InternalWSI: source-present app=74 duration-us=203 hr=0x0
info:  WSI: present origin=APPLICATION_SOURCE wsi=58 app=74 internal=0 acquire=58 image=0 generation=2
info:  WSI: app-frame-latency-signal app=74 via=source-submit-completion
info:  WSI: app-completion app=74 app-signal=signaled
info:  InternalWSI: source-present app=75 duration-us=187 hr=0x0
info:  WSI: present origin=APPLICATION_SOURCE wsi=59 app=75 internal=0 acquire=59 image=1 generation=2
info:  WSI: app-frame-latency-signal app=75 via=source-submit-completion
info:  WSI: app-completion app=75 app-signal=signaled
info:  InternalWSI: source-present app=76 duration-us=193 hr=0x0
info:  WSI: present origin=APPLICATION_SOURCE wsi=60 app=76 internal=0 acquire=60 image=2 generation=2
info:  WSI: app-frame-latency-signal app=76 via=source-submit-completion
info:  WSI: app-completion app=76 app-signal=signaled
info:  InternalWSI: source-present app=77 duration-us=203 hr=0x0
info:  WSI: present origin=APPLICATION_SOURCE wsi=61 app=77 internal=0 acquire=61 image=0 generation=2
info:  WSI: app-frame-latency-signal app=77 via=source-submit-completion
info:  WSI: app-completion app=77 app-signal=signaled
info:  InternalWSI: source-present app=78 duration-us=227 hr=0x0
info:  WSI: present origin=APPLICATION_SOURCE wsi=62 app=78 internal=0 acquire=62 image=1 generation=2
info:  WSI: app-frame-latency-signal app=78 via=source-submit-completion
info:  WSI: app-completion app=78 app-signal=signaled
info:  InternalWSI: source-present app=79 duration-us=211 hr=0x0
info:  WSI: present origin=APPLICATION_SOURCE wsi=63 app=79 internal=0 acquire=63 image=2 generation=2
info:  WSI: app-frame-latency-signal app=79 via=source-submit-completion
info:  WSI: app-completion app=79 app-signal=signaled
info:  InternalWSI: source-present app=80 duration-us=209 hr=0x0
info:  WSI: present origin=APPLICATION_SOURCE wsi=64 app=80 internal=0 acquire=64 image=0 generation=2
info:  WSI: app-frame-latency-signal app=80 via=source-submit-completion
info:  WSI: app-completion app=80 app-signal=signaled
info:  InternalWSI: source-present app=81 duration-us=210 hr=0x0
info:  WSI: present origin=APPLICATION_SOURCE wsi=65 app=81 internal=0 acquire=65 image=1 generation=2
info:  WSI: app-frame-latency-signal app=81 via=source-submit-completion
info:  WSI: app-completion app=81 app-signal=signaled
info:  InternalWSI: source-present app=82 duration-us=315 hr=0x0
info:  WSI: present origin=APPLICATION_SOURCE wsi=66 app=82 internal=0 acquire=66 image=2 generation=2
info:  WSI: app-frame-latency-signal app=82 via=source-submit-completion
info:  WSI: app-completion app=82 app-signal=signaled
info:  InternalWSI: source-present app=83 duration-us=186 hr=0x0
info:  WSI: present origin=APPLICATION_SOURCE wsi=67 app=83 internal=0 acquire=67 image=0 generation=2
info:  WSI: app-frame-latency-signal app=83 via=source-submit-completion
info:  WSI: app-completion app=83 app-signal=signaled
info:  InternalWSI: source-present app=84 duration-us=63 hr=0x0
info:  WSI: present origin=APPLICATION_SOURCE wsi=68 app=84 internal=0 acquire=68 image=1 generation=2
info:  WSI: app-completion app=84 app-signal=deferred
info:  WSI: app-frame-latency-signal app=84 via=source-present-retirement
info:  InternalWSI: source-present app=85 duration-us=205 hr=0x0
info:  WSI: present origin=APPLICATION_SOURCE wsi=69 app=85 internal=0 acquire=69 image=2 generation=2
info:  WSI: app-frame-latency-signal app=85 via=source-submit-completion
info:  WSI: app-completion app=85 app-signal=signaled
info:  InternalWSI: source-present app=86 duration-us=208 hr=0x0
info:  WSI: present origin=APPLICATION_SOURCE wsi=70 app=86 internal=0 acquire=70 image=0 generation=2
info:  WSI: app-frame-latency-signal app=86 via=source-submit-completion
info:  WSI: app-completion app=86 app-signal=signaled
info:  InternalWSI: source-present app=87 duration-us=217 hr=0x0
info:  WSI: present origin=APPLICATION_SOURCE wsi=71 app=87 internal=0 acquire=71 image=1 generation=2
info:  WSI: app-frame-latency-signal app=87 via=source-submit-completion
info:  WSI: app-completion app=87 app-signal=signaled
info:  InternalWSI: source-present app=88 duration-us=192 hr=0x0
info:  WSI: present origin=APPLICATION_SOURCE wsi=72 app=88 internal=0 acquire=72 image=2 generation=2
info:  WSI: app-frame-latency-signal app=88 via=source-submit-completion
info:  WSI: app-completion app=88 app-signal=signaled
info:  InternalWSI: source-present app=89 duration-us=202 hr=0x0
info:  WSI: present origin=APPLICATION_SOURCE wsi=73 app=89 internal=0 acquire=73 image=0 generation=2
info:  WSI: app-frame-latency-signal app=89 via=source-submit-completion
info:  WSI: app-completion app=89 app-signal=signaled
info:  InternalWSI: source-present app=90 duration-us=308 hr=0x0
info:  WSI: present origin=APPLICATION_SOURCE wsi=74 app=90 internal=0 acquire=74 image=1 generation=2
info:  WSI: app-frame-latency-signal app=90 via=source-submit-completion
info:  WSI: app-completion app=90 app-signal=signaled
info:  InternalWSI: source-present app=91 duration-us=193 hr=0x0
info:  WSI: present origin=APPLICATION_SOURCE wsi=75 app=91 internal=0 acquire=75 image=2 generation=2
info:  WSI: app-frame-latency-signal app=91 via=source-submit-completion
info:  WSI: app-completion app=91 app-signal=signaled
info:  InternalWSI: source-present app=92 duration-us=189 hr=0x0
info:  WSI: present origin=APPLICATION_SOURCE wsi=76 app=92 internal=0 acquire=76 image=0 generation=2
info:  WSI: app-frame-latency-signal app=92 via=source-submit-completion
info:  WSI: app-completion app=92 app-signal=signaled
info:  InternalWSI: source-present app=93 duration-us=200 hr=0x0
info:  WSI: present origin=APPLICATION_SOURCE wsi=77 app=93 internal=0 acquire=77 image=1 generation=2
info:  WSI: app-frame-latency-signal app=93 via=source-submit-completion
info:  WSI: app-completion app=93 app-signal=signaled
info:  InternalWSI: source-present app=94 duration-us=218 hr=0x0
info:  WSI: present origin=APPLICATION_SOURCE wsi=78 app=94 internal=0 acquire=78 image=2 generation=2
info:  WSI: app-frame-latency-signal app=94 via=source-submit-completion
info:  WSI: app-completion app=94 app-signal=signaled
info:  InternalWSI: source-present app=95 duration-us=212 hr=0x0
info:  WSI: present origin=APPLICATION_SOURCE wsi=79 app=95 internal=0 acquire=79 image=0 generation=2
info:  WSI: app-frame-latency-signal app=95 via=source-submit-completion
info:  WSI: app-completion app=95 app-signal=signaled
info:  InternalWSI: source-present app=96 duration-us=205 hr=0x0
info:  WSI: present origin=APPLICATION_SOURCE wsi=80 app=96 internal=0 acquire=80 image=1 generation=2
info:  WSI: app-completion app=96 app-signal=deferred
info:  WSI: app-frame-latency-signal app=96 via=source-present-retirement
info:  InternalWSI: source-present app=97 duration-us=236 hr=0x0
info:  WSI: present origin=APPLICATION_SOURCE wsi=81 app=97 internal=0 acquire=81 image=2 generation=2
info:  WSI: app-frame-latency-signal app=97 via=source-submit-completion
info:  WSI: app-completion app=97 app-signal=signaled
info:  InternalWSI: source-present app=98 duration-us=207 hr=0x0
info:  WSI: present origin=APPLICATION_SOURCE wsi=82 app=98 internal=0 acquire=82 image=0 generation=2
info:  WSI: app-completion app=98 app-signal=deferred
info:  WSI: app-frame-latency-signal app=98 via=source-present-retirement
info:  InternalWSI: source-present app=99 duration-us=235 hr=0x0
info:  WSI: present origin=APPLICATION_SOURCE wsi=83 app=99 internal=0 acquire=83 image=1 generation=2
info:  WSI: app-frame-latency-signal app=99 via=source-submit-completion
info:  WSI: app-completion app=99 app-signal=signaled
info:  InternalWSI: source-present app=100 duration-us=229 hr=0x0
info:  WSI: present origin=APPLICATION_SOURCE wsi=84 app=100 internal=0 acquire=84 image=2 generation=2
info:  WSI: app-completion app=100 app-signal=deferred
info:  WSI: app-frame-latency-signal app=100 via=source-present-retirement
info:  InternalWSI: source-present app=101 duration-us=212 hr=0x0
info:  WSI: present origin=APPLICATION_SOURCE wsi=85 app=101 internal=0 acquire=85 image=0 generation=2
info:  WSI: app-frame-latency-signal app=101 via=source-submit-completion
info:  WSI: app-completion app=101 app-signal=signaled
info:  InternalWSI: source-present app=102 duration-us=197 hr=0x0
info:  WSI: present origin=APPLICATION_SOURCE wsi=86 app=102 internal=0 acquire=86 image=1 generation=2
info:  WSI: app-frame-latency-signal app=102 via=source-submit-completion
info:  WSI: app-completion app=102 app-signal=signaled
info:  InternalWSI: source-present app=103 duration-us=201 hr=0x0
info:  WSI: present origin=APPLICATION_SOURCE wsi=87 app=103 internal=0 acquire=87 image=2 generation=2
info:  WSI: app-frame-latency-signal app=103 via=source-submit-completion
info:  WSI: app-completion app=103 app-signal=signaled
info:  InternalWSI: source-present app=104 duration-us=191 hr=0x0
info:  WSI: present origin=APPLICATION_SOURCE wsi=88 app=104 internal=0 acquire=88 image=0 generation=2
info:  WSI: app-completion app=104 app-signal=deferred
info:  WSI: app-frame-latency-signal app=104 via=source-present-retirement
info:  InternalWSI: source-present app=105 duration-us=208 hr=0x0
info:  WSI: present origin=APPLICATION_SOURCE wsi=89 app=105 internal=0 acquire=89 image=1 generation=2
info:  WSI: app-completion app=105 app-signal=deferred
info:  WSI: app-frame-latency-signal app=105 via=source-present-retirement
info:  InternalWSI: source-present app=106 duration-us=190 hr=0x0
info:  WSI: present origin=APPLICATION_SOURCE wsi=90 app=106 internal=0 acquire=90 image=2 generation=2
info:  WSI: app-frame-latency-signal app=106 via=source-submit-completion
info:  WSI: app-completion app=106 app-signal=signaled
info:  InternalWSI: source-present app=107 duration-us=193 hr=0x0
info:  WSI: present origin=APPLICATION_SOURCE wsi=91 app=107 internal=0 acquire=91 image=0 generation=2
info:  WSI: app-frame-latency-signal app=107 via=source-submit-completion
info:  WSI: app-completion app=107 app-signal=signaled
info:  InternalWSI: source-present app=108 duration-us=206 hr=0x0
info:  WSI: present origin=APPLICATION_SOURCE wsi=92 app=108 internal=0 acquire=92 image=1 generation=2
info:  WSI: app-frame-latency-signal app=108 via=source-submit-completion
info:  WSI: app-completion app=108 app-signal=signaled
info:  InternalWSI: source-present app=109 duration-us=181 hr=0x0
info:  WSI: present origin=APPLICATION_SOURCE wsi=93 app=109 internal=0 acquire=93 image=2 generation=2
info:  WSI: app-frame-latency-signal app=109 via=source-submit-completion
info:  WSI: app-completion app=109 app-signal=signaled
info:  InternalWSI: source-present app=110 duration-us=193 hr=0x0
info:  WSI: present origin=APPLICATION_SOURCE wsi=94 app=110 internal=0 acquire=94 image=0 generation=2
info:  WSI: app-frame-latency-signal app=110 via=source-submit-completion
info:  WSI: app-completion app=110 app-signal=signaled
info:  InternalWSI: source-present app=111 duration-us=206 hr=0x0
info:  WSI: present origin=APPLICATION_SOURCE wsi=95 app=111 internal=0 acquire=95 image=1 generation=2
info:  WSI: app-completion app=111 app-signal=deferred
info:  WSI: app-frame-latency-signal app=111 via=source-present-retirement
info:  InternalWSI: source-present app=112 duration-us=197 hr=0x0
info:  WSI: present origin=APPLICATION_SOURCE wsi=96 app=112 internal=0 acquire=96 image=2 generation=2
info:  WSI: app-frame-latency-signal app=112 via=source-submit-completion
info:  WSI: app-completion app=112 app-signal=signaled
info:  InternalWSI: source-present app=113 duration-us=207 hr=0x0
info:  WSI: present origin=APPLICATION_SOURCE wsi=97 app=113 internal=0 acquire=97 image=0 generation=2
info:  WSI: app-frame-latency-signal app=113 via=source-submit-completion
info:  WSI: app-completion app=113 app-signal=signaled
info:  InternalWSI: source-present app=114 duration-us=188 hr=0x0
info:  WSI: present origin=APPLICATION_SOURCE wsi=98 app=114 internal=0 acquire=98 image=1 generation=2
info:  WSI: app-frame-latency-signal app=114 via=source-submit-completion
info:  WSI: app-completion app=114 app-signal=signaled
info:  InternalWSI: source-present app=115 duration-us=194 hr=0x0
info:  WSI: present origin=APPLICATION_SOURCE wsi=99 app=115 internal=0 acquire=99 image=2 generation=2
info:  WSI: app-frame-latency-signal app=115 via=source-submit-completion
info:  WSI: app-completion app=115 app-signal=signaled
info:  InternalWSI: source-present app=116 duration-us=200 hr=0x0
info:  WSI: present origin=APPLICATION_SOURCE wsi=100 app=116 internal=0 acquire=100 image=0 generation=2
info:  WSI: app-frame-latency-signal app=116 via=source-submit-completion
info:  WSI: app-completion app=116 app-signal=signaled
info:  InternalWSI: source-present app=117 duration-us=210 hr=0x0
info:  WSI: present origin=APPLICATION_SOURCE wsi=101 app=117 internal=0 acquire=101 image=1 generation=2
info:  WSI: app-frame-latency-signal app=117 via=source-submit-completion
info:  WSI: app-completion app=117 app-signal=signaled
info:  InternalWSI: source-present app=118 duration-us=195 hr=0x0
info:  WSI: present origin=APPLICATION_SOURCE wsi=102 app=118 internal=0 acquire=102 image=2 generation=2
info:  WSI: app-frame-latency-signal app=118 via=source-submit-completion
info:  WSI: app-completion app=118 app-signal=signaled
info:  InternalWSI: source-present app=119 duration-us=206 hr=0x0
info:  WSI: present origin=APPLICATION_SOURCE wsi=103 app=119 internal=0 acquire=103 image=0 generation=2
info:  WSI: app-completion app=119 app-signal=deferred
info:  WSI: app-frame-latency-signal app=119 via=source-present-retirement
info:  InternalWSI: source-present app=120 duration-us=188 hr=0x0
info:  WSI: present origin=APPLICATION_SOURCE wsi=104 app=120 internal=0 acquire=104 image=1 generation=2
info:  WSI: app-completion app=120 app-signal=deferred
info:  WSI: app-frame-latency-signal app=120 via=source-present-retirement
info:  InternalWSI: source-present app=121 duration-us=177 hr=0x0
info:  WSI: present origin=APPLICATION_SOURCE wsi=105 app=121 internal=0 acquire=105 image=2 generation=2
info:  WSI: app-completion app=121 app-signal=deferred
info:  WSI: app-frame-latency-signal app=121 via=source-present-retirement
info:  InternalWSI: source-present app=122 duration-us=205 hr=0x0
info:  WSI: present origin=APPLICATION_SOURCE wsi=106 app=122 internal=0 acquire=106 image=0 generation=2
info:  WSI: app-frame-latency-signal app=122 via=source-submit-completion
info:  WSI: app-completion app=122 app-signal=signaled
info:  InternalWSI: source-present app=123 duration-us=215 hr=0x0
info:  WSI: present origin=APPLICATION_SOURCE wsi=107 app=123 internal=0 acquire=107 image=1 generation=2
info:  WSI: app-completion app=123 app-signal=deferred
info:  WSI: app-frame-latency-signal app=123 via=source-present-retirement
info:  InternalWSI: source-present app=124 duration-us=202 hr=0x0
info:  WSI: present origin=APPLICATION_SOURCE wsi=108 app=124 internal=0 acquire=108 image=2 generation=2
info:  WSI: app-completion app=124 app-signal=deferred
info:  WSI: app-frame-latency-signal app=124 via=source-present-retirement
info:  InternalWSI: source-present app=125 duration-us=208 hr=0x0
info:  WSI: present origin=APPLICATION_SOURCE wsi=109 app=125 internal=0 acquire=109 image=0 generation=2
info:  WSI: app-frame-latency-signal app=125 via=source-submit-completion
info:  WSI: app-completion app=125 app-signal=signaled
info:  InternalWSI: source-present app=126 duration-us=207 hr=0x0
info:  WSI: present origin=APPLICATION_SOURCE wsi=110 app=126 internal=0 acquire=110 image=1 generation=2
info:  WSI: app-frame-latency-signal app=126 via=source-submit-completion
info:  WSI: app-completion app=126 app-signal=signaled
info:  InternalWSI: source-present app=127 duration-us=281 hr=0x0
info:  WSI: present origin=APPLICATION_SOURCE wsi=111 app=127 internal=0 acquire=111 image=2 generation=2
info:  WSI: app-frame-latency-signal app=127 via=source-submit-completion
info:  WSI: app-completion app=127 app-signal=signaled
info:  InternalWSI: source-present app=128 duration-us=250 hr=0x0
info:  WSI: present origin=APPLICATION_SOURCE wsi=112 app=128 internal=0 acquire=112 image=0 generation=2
info:  WSI: app-frame-latency-signal app=128 via=source-submit-completion
info:  WSI: app-completion app=128 app-signal=signaled
info:  InternalWSI: source-present app=129 duration-us=214 hr=0x0
info:  WSI: present origin=APPLICATION_SOURCE wsi=113 app=129 internal=0 acquire=113 image=1 generation=2
info:  WSI: app-frame-latency-signal app=129 via=source-submit-completion
info:  WSI: app-completion app=129 app-signal=signaled
info:  InternalWSI: source-present app=130 duration-us=210 hr=0x0
info:  WSI: present origin=APPLICATION_SOURCE wsi=114 app=130 internal=0 acquire=114 image=2 generation=2
info:  WSI: app-frame-latency-signal app=130 via=source-submit-completion
info:  WSI: app-completion app=130 app-signal=signaled
info:  InternalWSI: source-present app=131 duration-us=199 hr=0x0
info:  WSI: present origin=APPLICATION_SOURCE wsi=115 app=131 internal=0 acquire=115 image=0 generation=2
info:  WSI: app-frame-latency-signal app=131 via=source-submit-completion
info:  WSI: app-completion app=131 app-signal=signaled
info:  InternalWSI: source-present app=132 duration-us=205 hr=0x0
info:  WSI: present origin=APPLICATION_SOURCE wsi=116 app=132 internal=0 acquire=116 image=1 generation=2
info:  WSI: app-frame-latency-signal app=132 via=source-submit-completion
info:  WSI: app-completion app=132 app-signal=signaled
info:  InternalWSI: source-present app=133 duration-us=202 hr=0x0
info:  WSI: present origin=APPLICATION_SOURCE wsi=117 app=133 internal=0 acquire=117 image=2 generation=2
info:  WSI: app-frame-latency-signal app=133 via=source-submit-completion
info:  WSI: app-completion app=133 app-signal=signaled
info:  InternalWSI: source-present app=134 duration-us=314 hr=0x0
info:  WSI: present origin=APPLICATION_SOURCE wsi=118 app=134 internal=0 acquire=118 image=0 generation=2
info:  WSI: app-completion app=134 app-signal=deferred
info:  WSI: app-frame-latency-signal app=134 via=source-present-retirement
info:  InternalWSI: source-present app=135 duration-us=206 hr=0x0
info:  WSI: present origin=APPLICATION_SOURCE wsi=119 app=135 internal=0 acquire=119 image=1 generation=2
info:  WSI: app-frame-latency-signal app=135 via=source-submit-completion
info:  WSI: app-completion app=135 app-signal=signaled
info:  InternalWSI: source-present app=136 duration-us=198 hr=0x0
info:  WSI: present origin=APPLICATION_SOURCE wsi=120 app=136 internal=0 acquire=120 image=2 generation=2
info:  WSI: app-completion app=136 app-signal=deferred
info:  WSI: app-frame-latency-signal app=136 via=source-present-retirement
info:  InternalWSI: source-present app=137 duration-us=189 hr=0x0
info:  WSI: present origin=APPLICATION_SOURCE wsi=121 app=137 internal=0 acquire=121 image=0 generation=2
info:  WSI: app-frame-latency-signal app=137 via=source-submit-completion
info:  WSI: app-completion app=137 app-signal=signaled
info:  InternalWSI: source-present app=138 duration-us=221 hr=0x0
info:  WSI: present origin=APPLICATION_SOURCE wsi=122 app=138 internal=0 acquire=122 image=1 generation=2
info:  WSI: app-frame-latency-signal app=138 via=source-submit-completion
info:  WSI: app-completion app=138 app-signal=signaled
info:  InternalWSI: source-present app=139 duration-us=191 hr=0x0
info:  WSI: present origin=APPLICATION_SOURCE wsi=123 app=139 internal=0 acquire=123 image=2 generation=2
info:  WSI: app-completion app=139 app-signal=deferred
info:  WSI: app-frame-latency-signal app=139 via=source-present-retirement
info:  InternalWSI: source-present app=140 duration-us=203 hr=0x0
info:  WSI: present origin=APPLICATION_SOURCE wsi=124 app=140 internal=0 acquire=124 image=0 generation=2
info:  WSI: app-completion app=140 app-signal=deferred
info:  WSI: app-frame-latency-signal app=140 via=source-present-retirement
info:  InternalWSI: source-present app=141 duration-us=220 hr=0x0
info:  WSI: present origin=APPLICATION_SOURCE wsi=125 app=141 internal=0 acquire=125 image=1 generation=2
info:  WSI: app-completion app=141 app-signal=deferred
info:  WSI: app-frame-latency-signal app=141 via=source-present-retirement
info:  InternalWSI: source-present app=142 duration-us=212 hr=0x0
info:  WSI: present origin=APPLICATION_SOURCE wsi=126 app=142 internal=0 acquire=126 image=2 generation=2
info:  WSI: app-completion app=142 app-signal=deferred
info:  WSI: app-frame-latency-signal app=142 via=source-present-retirement
info:  InternalWSI: source-present app=143 duration-us=205 hr=0x0
info:  WSI: present origin=APPLICATION_SOURCE wsi=127 app=143 internal=0 acquire=127 image=0 generation=2
info:  WSI: app-frame-latency-signal app=143 via=source-submit-completion
info:  WSI: app-completion app=143 app-signal=signaled
info:  InternalWSI: source-present app=144 duration-us=185 hr=0x0
info:  WSI: present origin=APPLICATION_SOURCE wsi=128 app=144 internal=0 acquire=128 image=1 generation=2
info:  WSI: app-completion app=144 app-signal=deferred
info:  WSI: app-frame-latency-signal app=144 via=source-present-retirement
info:  InternalWSI: source-present app=145 duration-us=163 hr=0x0
info:  WSI: present origin=APPLICATION_SOURCE wsi=129 app=145 internal=0 acquire=129 image=2 generation=2
info:  WSI: app-frame-latency-signal app=145 via=source-submit-completion
info:  WSI: app-completion app=145 app-signal=signaled
info:  InternalWSI: source-present app=146 duration-us=297 hr=0x0
info:  WSI: present origin=APPLICATION_SOURCE wsi=130 app=146 internal=0 acquire=130 image=0 generation=2
info:  WSI: app-frame-latency-signal app=146 via=source-submit-completion
info:  WSI: app-completion app=146 app-signal=signaled
info:  InternalWSI: source-present app=147 duration-us=195 hr=0x0
info:  WSI: present origin=APPLICATION_SOURCE wsi=131 app=147 internal=0 acquire=131 image=1 generation=2
info:  WSI: app-frame-latency-signal app=147 via=source-submit-completion
info:  WSI: app-completion app=147 app-signal=signaled
info:  InternalWSI: source-present app=148 duration-us=205 hr=0x0
info:  WSI: present origin=APPLICATION_SOURCE wsi=132 app=148 internal=0 acquire=132 image=2 generation=2
info:  WSI: app-completion app=148 app-signal=deferred
info:  WSI: app-frame-latency-signal app=148 via=source-present-retirement
info:  InternalWSI: source-present app=149 duration-us=191 hr=0x0
info:  WSI: present origin=APPLICATION_SOURCE wsi=133 app=149 internal=0 acquire=133 image=0 generation=2
info:  WSI: app-frame-latency-signal app=149 via=source-submit-completion
info:  WSI: app-completion app=149 app-signal=signaled
info:  InternalWSI: source-present app=150 duration-us=200 hr=0x0
info:  WSI: present origin=APPLICATION_SOURCE wsi=134 app=150 internal=0 acquire=134 image=1 generation=2
info:  WSI: app-completion app=150 app-signal=deferred
info:  WSI: app-frame-latency-signal app=150 via=source-present-retirement
info:  InternalWSI: source-present app=151 duration-us=201 hr=0x0
info:  WSI: present origin=APPLICATION_SOURCE wsi=135 app=151 internal=0 acquire=135 image=2 generation=2
info:  WSI: app-completion app=151 app-signal=deferred
info:  WSI: app-frame-latency-signal app=151 via=source-present-retirement
info:  InternalWSI: source-present app=152 duration-us=206 hr=0x0
info:  WSI: present origin=APPLICATION_SOURCE wsi=136 app=152 internal=0 acquire=136 image=0 generation=2
info:  WSI: app-completion app=152 app-signal=deferred
info:  WSI: app-frame-latency-signal app=152 via=source-present-retirement
info:  InternalWSI: source-present app=153 duration-us=209 hr=0x0
info:  WSI: present origin=APPLICATION_SOURCE wsi=137 app=153 internal=0 acquire=137 image=1 generation=2
info:  WSI: app-completion app=153 app-signal=deferred
info:  WSI: app-frame-latency-signal app=153 via=source-present-retirement
info:  InternalWSI: source-present app=154 duration-us=184 hr=0x0
info:  WSI: present origin=APPLICATION_SOURCE wsi=138 app=154 internal=0 acquire=138 image=2 generation=2
info:  WSI: app-frame-latency-signal app=154 via=source-submit-completion
info:  WSI: app-completion app=154 app-signal=signaled
info:  InternalWSI: source-present app=155 duration-us=208 hr=0x0
info:  WSI: present origin=APPLICATION_SOURCE wsi=139 app=155 internal=0 acquire=139 image=0 generation=2
info:  WSI: app-completion app=155 app-signal=deferred
info:  WSI: app-frame-latency-signal app=155 via=source-present-retirement
info:  InternalWSI: source-present app=156 duration-us=222 hr=0x0
info:  WSI: present origin=APPLICATION_SOURCE wsi=140 app=156 internal=0 acquire=140 image=1 generation=2
info:  WSI: app-frame-latency-signal app=156 via=source-submit-completion
info:  WSI: app-completion app=156 app-signal=signaled
info:  InternalWSI: source-present app=157 duration-us=214 hr=0x0
info:  WSI: present origin=APPLICATION_SOURCE wsi=141 app=157 internal=0 acquire=141 image=2 generation=2
info:  WSI: app-frame-latency-signal app=157 via=source-submit-completion
info:  WSI: app-completion app=157 app-signal=signaled
info:  InternalWSI: source-present app=158 duration-us=220 hr=0x0
info:  WSI: present origin=APPLICATION_SOURCE wsi=142 app=158 internal=0 acquire=142 image=0 generation=2
info:  WSI: app-frame-latency-signal app=158 via=source-submit-completion
info:  WSI: app-completion app=158 app-signal=signaled
info:  InternalWSI: source-present app=159 duration-us=221 hr=0x0
info:  WSI: present origin=APPLICATION_SOURCE wsi=143 app=159 internal=0 acquire=143 image=1 generation=2
info:  WSI: app-frame-latency-signal app=159 via=source-submit-completion
info:  WSI: app-completion app=159 app-signal=signaled
info:  InternalWSI: source-present app=160 duration-us=210 hr=0x0
info:  WSI: present origin=APPLICATION_SOURCE wsi=144 app=160 internal=0 acquire=144 image=2 generation=2
info:  WSI: app-frame-latency-signal app=160 via=source-submit-completion
info:  WSI: app-completion app=160 app-signal=signaled
info:  InternalWSI: source-present app=161 duration-us=203 hr=0x0
info:  WSI: present origin=APPLICATION_SOURCE wsi=145 app=161 internal=0 acquire=145 image=0 generation=2
info:  WSI: app-frame-latency-signal app=161 via=source-submit-completion
info:  WSI: app-completion app=161 app-signal=signaled
info:  InternalWSI: source-present app=162 duration-us=207 hr=0x0
info:  WSI: present origin=APPLICATION_SOURCE wsi=146 app=162 internal=0 acquire=146 image=1 generation=2
info:  WSI: app-completion app=162 app-signal=deferred
info:  WSI: app-frame-latency-signal app=162 via=source-present-retirement
info:  InternalWSI: source-present app=163 duration-us=206 hr=0x0
info:  WSI: present origin=APPLICATION_SOURCE wsi=147 app=163 internal=0 acquire=147 image=2 generation=2
info:  WSI: app-frame-latency-signal app=163 via=source-submit-completion
info:  WSI: app-completion app=163 app-signal=signaled
info:  InternalWSI: source-present app=164 duration-us=398 hr=0x0
info:  WSI: present origin=APPLICATION_SOURCE wsi=148 app=164 internal=0 acquire=148 image=0 generation=2
info:  WSI: app-completion app=164 app-signal=deferred
info:  WSI: app-frame-latency-signal app=164 via=source-present-retirement
info:  InternalWSI: source-present app=165 duration-us=196 hr=0x0
info:  WSI: present origin=APPLICATION_SOURCE wsi=149 app=165 internal=0 acquire=149 image=1 generation=2
info:  WSI: app-completion app=165 app-signal=deferred
info:  WSI: app-frame-latency-signal app=165 via=source-present-retirement
info:  InternalWSI: source-present app=166 duration-us=185 hr=0x0
info:  WSI: present origin=APPLICATION_SOURCE wsi=150 app=166 internal=0 acquire=150 image=2 generation=2
info:  WSI: app-completion app=166 app-signal=deferred
info:  WSI: app-frame-latency-signal app=166 via=source-present-retirement
info:  InternalWSI: source-present app=167 duration-us=130 hr=0x0
info:  WSI: present origin=APPLICATION_SOURCE wsi=151 app=167 internal=0 acquire=151 image=0 generation=2
info:  WSI: app-completion app=167 app-signal=deferred
info:  WSI: app-frame-latency-signal app=167 via=source-present-retirement
info:  InternalWSI: source-present app=168 duration-us=161 hr=0x0
info:  WSI: present origin=APPLICATION_SOURCE wsi=152 app=168 internal=0 acquire=152 image=1 generation=2
info:  WSI: app-completion app=168 app-signal=deferred
info:  WSI: app-frame-latency-signal app=168 via=source-present-retirement
info:  InternalWSI: source-present app=169 duration-us=208 hr=0x0
info:  WSI: present origin=APPLICATION_SOURCE wsi=153 app=169 internal=0 acquire=153 image=2 generation=2
info:  WSI: app-completion app=169 app-signal=deferred
info:  WSI: app-frame-latency-signal app=169 via=source-present-retirement
info:  InternalWSI: source-present app=170 duration-us=241 hr=0x0
info:  WSI: present origin=APPLICATION_SOURCE wsi=154 app=170 internal=0 acquire=154 image=0 generation=2
info:  WSI: app-frame-latency-signal app=170 via=source-submit-completion
info:  WSI: app-completion app=170 app-signal=signaled
info:  InternalWSI: source-present app=171 duration-us=225 hr=0x0
info:  WSI: present origin=APPLICATION_SOURCE wsi=155 app=171 internal=0 acquire=155 image=1 generation=2
info:  WSI: app-frame-latency-signal app=171 via=source-submit-completion
info:  WSI: app-completion app=171 app-signal=signaled
info:  InternalWSI: source-present app=172 duration-us=203 hr=0x0
info:  WSI: present origin=APPLICATION_SOURCE wsi=156 app=172 internal=0 acquire=156 image=2 generation=2
info:  WSI: app-completion app=172 app-signal=deferred
info:  WSI: app-frame-latency-signal app=172 via=source-present-retirement
info:  InternalWSI: source-present app=173 duration-us=200 hr=0x0
info:  WSI: present origin=APPLICATION_SOURCE wsi=157 app=173 internal=0 acquire=157 image=0 generation=2
info:  WSI: app-frame-latency-signal app=173 via=source-submit-completion
info:  WSI: app-completion app=173 app-signal=signaled
info:  InternalWSI: source-present app=174 duration-us=193 hr=0x0
info:  WSI: present origin=APPLICATION_SOURCE wsi=158 app=174 internal=0 acquire=158 image=1 generation=2
info:  WSI: app-frame-latency-signal app=174 via=source-submit-completion
info:  WSI: app-completion app=174 app-signal=signaled
info:  InternalWSI: source-present app=175 duration-us=200 hr=0x0
info:  WSI: present origin=APPLICATION_SOURCE wsi=159 app=175 internal=0 acquire=159 image=2 generation=2
info:  WSI: app-completion app=175 app-signal=deferred
info:  WSI: app-frame-latency-signal app=175 via=source-present-retirement
info:  InternalWSI: source-present app=176 duration-us=208 hr=0x0
info:  WSI: present origin=APPLICATION_SOURCE wsi=160 app=176 internal=0 acquire=160 image=0 generation=2
info:  WSI: app-frame-latency-signal app=176 via=source-submit-completion
info:  WSI: app-completion app=176 app-signal=signaled
info:  InternalWSI: source-present app=177 duration-us=220 hr=0x0
info:  WSI: present origin=APPLICATION_SOURCE wsi=161 app=177 internal=0 acquire=161 image=1 generation=2
info:  WSI: app-frame-latency-signal app=177 via=source-submit-completion
info:  WSI: app-completion app=177 app-signal=signaled
info:  InternalWSI: source-present app=178 duration-us=206 hr=0x0
info:  WSI: present origin=APPLICATION_SOURCE wsi=162 app=178 internal=0 acquire=162 image=2 generation=2
info:  WSI: app-frame-latency-signal app=178 via=source-submit-completion
info:  WSI: app-completion app=178 app-signal=signaled
info:  InternalWSI: source-present app=179 duration-us=230 hr=0x0
info:  WSI: present origin=APPLICATION_SOURCE wsi=163 app=179 internal=0 acquire=163 image=0 generation=2
info:  WSI: app-completion app=179 app-signal=deferred
info:  WSI: app-frame-latency-signal app=179 via=source-present-retirement
info:  InternalWSI: source-present app=180 duration-us=211 hr=0x0
info:  WSI: present origin=APPLICATION_SOURCE wsi=164 app=180 internal=0 acquire=164 image=1 generation=2
info:  WSI: app-frame-latency-signal app=180 via=source-submit-completion
info:  WSI: app-completion app=180 app-signal=signaled
info:  InternalWSI: source-present app=181 duration-us=216 hr=0x0
info:  WSI: present origin=APPLICATION_SOURCE wsi=165 app=181 internal=0 acquire=165 image=2 generation=2
info:  WSI: app-completion app=181 app-signal=deferred
info:  WSI: app-frame-latency-signal app=181 via=source-present-retirement
info:  InternalWSI: source-present app=182 duration-us=225 hr=0x0
info:  WSI: present origin=APPLICATION_SOURCE wsi=166 app=182 internal=0 acquire=166 image=0 generation=2
info:  WSI: app-frame-latency-signal app=182 via=source-submit-completion
info:  WSI: app-completion app=182 app-signal=signaled
info:  InternalWSI: source-present app=183 duration-us=193 hr=0x0
info:  WSI: present origin=APPLICATION_SOURCE wsi=167 app=183 internal=0 acquire=167 image=1 generation=2
info:  WSI: app-frame-latency-signal app=183 via=source-submit-completion
info:  WSI: app-completion app=183 app-signal=signaled
info:  InternalWSI: source-present app=184 duration-us=235 hr=0x0
info:  WSI: present origin=APPLICATION_SOURCE wsi=168 app=184 internal=0 acquire=168 image=2 generation=2
info:  WSI: app-frame-latency-signal app=184 via=source-submit-completion
info:  WSI: app-completion app=184 app-signal=signaled
info:  InternalWSI: source-present app=185 duration-us=222 hr=0x0
info:  WSI: present origin=APPLICATION_SOURCE wsi=169 app=185 internal=0 acquire=169 image=0 generation=2
info:  WSI: app-completion app=185 app-signal=deferred
info:  WSI: app-frame-latency-signal app=185 via=source-present-retirement
info:  InternalWSI: source-present app=186 duration-us=222 hr=0x0
info:  WSI: present origin=APPLICATION_SOURCE wsi=170 app=186 internal=0 acquire=170 image=1 generation=2
info:  WSI: app-completion app=186 app-signal=deferred
info:  WSI: app-frame-latency-signal app=186 via=source-present-retirement
info:  InternalWSI: source-present app=187 duration-us=370 hr=0x0
info:  WSI: present origin=APPLICATION_SOURCE wsi=171 app=187 internal=0 acquire=171 image=2 generation=2
info:  WSI: app-frame-latency-signal app=187 via=source-submit-completion
info:  WSI: app-completion app=187 app-signal=signaled
info:  InternalWSI: source-present app=188 duration-us=225 hr=0x0
info:  WSI: present origin=APPLICATION_SOURCE wsi=172 app=188 internal=0 acquire=172 image=0 generation=2
info:  WSI: app-frame-latency-signal app=188 via=source-submit-completion
info:  WSI: app-completion app=188 app-signal=signaled
info:  InternalWSI: source-present app=189 duration-us=122 hr=0x0
info:  WSI: present origin=APPLICATION_SOURCE wsi=173 app=189 internal=0 acquire=173 image=1 generation=2
info:  WSI: app-completion app=189 app-signal=deferred
info:  WSI: app-frame-latency-signal app=189 via=source-present-retirement
info:  InternalWSI: source-present app=190 duration-us=167 hr=0x0
info:  WSI: present origin=APPLICATION_SOURCE wsi=174 app=190 internal=0 acquire=174 image=2 generation=2
info:  WSI: app-frame-latency-signal app=190 via=source-submit-completion
info:  WSI: app-completion app=190 app-signal=signaled
info:  InternalWSI: source-present app=191 duration-us=200 hr=0x0
info:  WSI: present origin=APPLICATION_SOURCE wsi=175 app=191 internal=0 acquire=175 image=0 generation=2
info:  WSI: app-completion app=191 app-signal=deferred
info:  WSI: app-frame-latency-signal app=191 via=source-present-retirement
info:  InternalWSI: source-present app=192 duration-us=321 hr=0x0
info:  WSI: present origin=APPLICATION_SOURCE wsi=176 app=192 internal=0 acquire=176 image=1 generation=2
info:  WSI: app-frame-latency-signal app=192 via=source-submit-completion
info:  WSI: app-completion app=192 app-signal=signaled
info:  InternalWSI: source-present app=193 duration-us=207 hr=0x0
info:  WSI: present origin=APPLICATION_SOURCE wsi=177 app=193 internal=0 acquire=177 image=2 generation=2
info:  WSI: app-frame-latency-signal app=193 via=source-submit-completion
info:  WSI: app-completion app=193 app-signal=signaled
info:  InternalWSI: source-present app=194 duration-us=196 hr=0x0
info:  WSI: present origin=APPLICATION_SOURCE wsi=178 app=194 internal=0 acquire=178 image=0 generation=2
info:  WSI: app-frame-latency-signal app=194 via=source-submit-completion
info:  WSI: app-completion app=194 app-signal=signaled
info:  InternalWSI: source-present app=195 duration-us=349 hr=0x0
info:  WSI: present origin=APPLICATION_SOURCE wsi=179 app=195 internal=0 acquire=179 image=1 generation=2
info:  WSI: app-completion app=195 app-signal=deferred
info:  WSI: app-frame-latency-signal app=195 via=source-present-retirement
info:  InternalWSI: source-present app=196 duration-us=219 hr=0x0
info:  WSI: present origin=APPLICATION_SOURCE wsi=180 app=196 internal=0 acquire=180 image=2 generation=2
info:  WSI: app-frame-latency-signal app=196 via=source-submit-completion
info:  WSI: app-completion app=196 app-signal=signaled
info:  InternalWSI: source-present app=197 duration-us=314 hr=0x0
info:  WSI: present origin=APPLICATION_SOURCE wsi=181 app=197 internal=0 acquire=181 image=0 generation=2
info:  WSI: app-frame-latency-signal app=197 via=source-submit-completion
info:  WSI: app-completion app=197 app-signal=signaled
info:  InternalWSI: source-present app=198 duration-us=281 hr=0x0
info:  WSI: present origin=APPLICATION_SOURCE wsi=182 app=198 internal=0 acquire=182 image=1 generation=2
info:  WSI: app-frame-latency-signal app=198 via=source-submit-completion
info:  WSI: app-completion app=198 app-signal=signaled
info:  InternalWSI: source-present app=199 duration-us=238 hr=0x0
info:  WSI: present origin=APPLICATION_SOURCE wsi=183 app=199 internal=0 acquire=183 image=2 generation=2
info:  WSI: app-frame-latency-signal app=199 via=source-submit-completion
info:  WSI: app-completion app=199 app-signal=signaled
info:  InternalWSI: source-present app=200 duration-us=223 hr=0x0
info:  WSI: present origin=APPLICATION_SOURCE wsi=184 app=200 internal=0 acquire=184 image=0 generation=2
info:  WSI: app-completion app=200 app-signal=deferred
info:  WSI: app-frame-latency-signal app=200 via=source-present-retirement
info:  InternalWSI: source-present app=201 duration-us=291 hr=0x0
info:  WSI: present origin=APPLICATION_SOURCE wsi=185 app=201 internal=0 acquire=185 image=1 generation=2
info:  WSI: app-frame-latency-signal app=201 via=source-submit-completion
info:  WSI: app-completion app=201 app-signal=signaled
info:  InternalWSI: source-present app=202 duration-us=202 hr=0x0
info:  WSI: present origin=APPLICATION_SOURCE wsi=186 app=202 internal=0 acquire=186 image=2 generation=2
info:  WSI: app-frame-latency-signal app=202 via=source-submit-completion
info:  WSI: app-completion app=202 app-signal=signaled
info:  InternalWSI: source-present app=203 duration-us=314 hr=0x0
info:  WSI: present origin=APPLICATION_SOURCE wsi=187 app=203 internal=0 acquire=187 image=0 generation=2
info:  WSI: app-frame-latency-signal app=203 via=source-submit-completion
info:  WSI: app-completion app=203 app-signal=signaled
info:  InternalWSI: source-present app=204 duration-us=207 hr=0x0
info:  WSI: present origin=APPLICATION_SOURCE wsi=188 app=204 internal=0 acquire=188 image=1 generation=2
info:  WSI: app-completion app=204 app-signal=deferred
info:  WSI: app-frame-latency-signal app=204 via=source-present-retirement
info:  InternalWSI: source-present app=205 duration-us=191 hr=0x0
info:  WSI: present origin=APPLICATION_SOURCE wsi=189 app=205 internal=0 acquire=189 image=2 generation=2
info:  WSI: app-frame-latency-signal app=205 via=source-submit-completion
info:  WSI: app-completion app=205 app-signal=signaled
info:  InternalWSI: source-present app=206 duration-us=564 hr=0x0
info:  WSI: present origin=APPLICATION_SOURCE wsi=190 app=206 internal=0 acquire=190 image=0 generation=2
info:  WSI: app-completion app=206 app-signal=deferred
info:  WSI: app-frame-latency-signal app=206 via=source-present-retirement
info:  InternalWSI: source-present app=207 duration-us=717 hr=0x0
info:  WSI: present origin=APPLICATION_SOURCE wsi=191 app=207 internal=0 acquire=191 image=1 generation=2
info:  WSI: app-frame-latency-signal app=207 via=source-submit-completion
info:  WSI: app-completion app=207 app-signal=signaled
info:  InternalWSI: source-present app=208 duration-us=211 hr=0x0
info:  WSI: present origin=APPLICATION_SOURCE wsi=192 app=208 internal=0 acquire=192 image=2 generation=2
info:  WSI: app-completion app=208 app-signal=deferred
info:  WSI: app-frame-latency-signal app=208 via=source-present-retirement
info:  InternalWSI: source-present app=209 duration-us=209 hr=0x0
info:  WSI: present origin=APPLICATION_SOURCE wsi=193 app=209 internal=0 acquire=193 image=0 generation=2
info:  WSI: app-frame-latency-signal app=209 via=source-submit-completion
info:  WSI: app-completion app=209 app-signal=signaled
info:  InternalWSI: source-present app=210 duration-us=217 hr=0x0
info:  WSI: present origin=APPLICATION_SOURCE wsi=194 app=210 internal=0 acquire=194 image=1 generation=2
info:  WSI: app-frame-latency-signal app=210 via=source-submit-completion
info:  WSI: app-completion app=210 app-signal=signaled
info:  InternalWSI: source-present app=211 duration-us=211 hr=0x0
info:  WSI: present origin=APPLICATION_SOURCE wsi=195 app=211 internal=0 acquire=195 image=2 generation=2
info:  WSI: app-frame-latency-signal app=211 via=source-submit-completion
info:  WSI: app-completion app=211 app-signal=signaled
info:  InternalWSI: source-present app=212 duration-us=283 hr=0x0
info:  WSI: present origin=APPLICATION_SOURCE wsi=196 app=212 internal=0 acquire=196 image=0 generation=2
info:  WSI: app-frame-latency-signal app=212 via=source-submit-completion
info:  WSI: app-completion app=212 app-signal=signaled
info:  InternalWSI: source-present app=213 duration-us=199 hr=0x0
info:  WSI: present origin=APPLICATION_SOURCE wsi=197 app=213 internal=0 acquire=197 image=1 generation=2
info:  WSI: app-frame-latency-signal app=213 via=source-submit-completion
info:  WSI: app-completion app=213 app-signal=signaled
info:  InternalWSI: source-present app=214 duration-us=208 hr=0x0
info:  WSI: present origin=APPLICATION_SOURCE wsi=198 app=214 internal=0 acquire=198 image=2 generation=2
info:  WSI: app-frame-latency-signal app=214 via=source-submit-completion
info:  WSI: app-completion app=214 app-signal=signaled
info:  InternalWSI: source-present app=215 duration-us=192 hr=0x0
info:  WSI: present origin=APPLICATION_SOURCE wsi=199 app=215 internal=0 acquire=199 image=0 generation=2
info:  WSI: app-frame-latency-signal app=215 via=source-submit-completion
info:  WSI: app-completion app=215 app-signal=signaled
info:  InternalWSI: source-present app=216 duration-us=219 hr=0x0
info:  WSI: present origin=APPLICATION_SOURCE wsi=200 app=216 internal=0 acquire=200 image=1 generation=2
info:  WSI: app-frame-latency-signal app=216 via=source-submit-completion
info:  WSI: app-completion app=216 app-signal=signaled
info:  InternalWSI: source-present app=217 duration-us=235 hr=0x0
info:  WSI: present origin=APPLICATION_SOURCE wsi=201 app=217 internal=0 acquire=201 image=2 generation=2
info:  WSI: app-frame-latency-signal app=217 via=source-submit-completion
info:  WSI: app-completion app=217 app-signal=signaled
info:  InternalWSI: source-present app=218 duration-us=202 hr=0x0
info:  WSI: present origin=APPLICATION_SOURCE wsi=202 app=218 internal=0 acquire=202 image=0 generation=2
info:  WSI: app-completion app=218 app-signal=deferred
info:  WSI: app-frame-latency-signal app=218 via=source-present-retirement
info:  InternalWSI: source-present app=219 duration-us=817 hr=0x0
info:  WSI: present origin=APPLICATION_SOURCE wsi=203 app=219 internal=0 acquire=203 image=1 generation=2
info:  WSI: app-frame-latency-signal app=219 via=source-submit-completion
info:  WSI: app-completion app=219 app-signal=signaled
info:  InternalWSI: source-present app=220 duration-us=198 hr=0x0
info:  WSI: present origin=APPLICATION_SOURCE wsi=204 app=220 internal=0 acquire=204 image=2 generation=2
info:  WSI: app-frame-latency-signal app=220 via=source-submit-completion
info:  WSI: app-completion app=220 app-signal=signaled
info:  InternalWSI: source-present app=221 duration-us=205 hr=0x0
info:  WSI: present origin=APPLICATION_SOURCE wsi=205 app=221 internal=0 acquire=205 image=0 generation=2
info:  WSI: app-frame-latency-signal app=221 via=source-submit-completion
info:  WSI: app-completion app=221 app-signal=signaled
info:  InternalWSI: source-present app=222 duration-us=194 hr=0x0
info:  WSI: present origin=APPLICATION_SOURCE wsi=206 app=222 internal=0 acquire=206 image=1 generation=2
info:  WSI: present origin=APPLICATION_SOURCE wsi=207 app=223 internal=0 acquire=207 image=2 generation=2
info:  WSI: app-frame-latency-signal app=222 via=source-submit-completion
info:  InternalWSI: source-present app=223 duration-us=29269 hr=0x0
info:  WSI: app-completion app=222 app-signal=signaled
info:  WSI: app-completion app=223 app-signal=deferred
info:  WSI: app-frame-latency-signal app=223 via=source-present-retirement
info:  InternalWSI: source-present app=224 duration-us=98 hr=0x0
info:  WSI: present origin=APPLICATION_SOURCE wsi=208 app=224 internal=0 acquire=208 image=0 generation=2
info:  WSI: app-completion app=224 app-signal=deferred
info:  WSI: app-frame-latency-signal app=224 via=source-present-retirement
info:  InternalWSI: source-present app=225 duration-us=48 hr=0x0
info:  WSI: present origin=APPLICATION_SOURCE wsi=209 app=225 internal=0 acquire=209 image=1 generation=2
info:  WSI: app-completion app=225 app-signal=deferred
info:  WSI: app-frame-latency-signal app=225 via=source-present-retirement
info:  InternalWSI: source-present app=226 duration-us=45 hr=0x0
info:  WSI: present origin=APPLICATION_SOURCE wsi=210 app=226 internal=0 acquire=210 image=2 generation=2
info:  WSI: app-completion app=226 app-signal=deferred
info:  WSI: app-frame-latency-signal app=226 via=source-present-retirement
info:  InternalWSI: source-present app=227 duration-us=47 hr=0x0
info:  WSI: present origin=APPLICATION_SOURCE wsi=211 app=227 internal=0 acquire=211 image=0 generation=2
info:  WSI: app-completion app=227 app-signal=deferred
info:  WSI: app-frame-latency-signal app=227 via=source-present-retirement
info:  InternalWSI: source-present app=228 duration-us=118 hr=0x0
info:  WSI: present origin=APPLICATION_SOURCE wsi=212 app=228 internal=0 acquire=212 image=1 generation=2
info:  WSI: app-frame-latency-signal app=228 via=source-submit-completion
info:  WSI: app-completion app=228 app-signal=signaled
info:  InternalWSI: source-present app=229 duration-us=216 hr=0x0
info:  WSI: present origin=APPLICATION_SOURCE wsi=213 app=229 internal=0 acquire=213 image=2 generation=2
info:  WSI: app-completion app=229 app-signal=deferred
info:  WSI: app-frame-latency-signal app=229 via=source-present-retirement
info:  InternalWSI: source-present app=230 duration-us=215 hr=0x0
info:  WSI: present origin=APPLICATION_SOURCE wsi=214 app=230 internal=0 acquire=214 image=0 generation=2
info:  WSI: app-frame-latency-signal app=230 via=source-submit-completion
info:  WSI: app-completion app=230 app-signal=signaled
info:  InternalWSI: source-present app=231 duration-us=207 hr=0x0
info:  WSI: present origin=APPLICATION_SOURCE wsi=215 app=231 internal=0 acquire=215 image=1 generation=2
info:  WSI: app-frame-latency-signal app=231 via=source-submit-completion
info:  WSI: app-completion app=231 app-signal=signaled
info:  InternalWSI: source-present app=232 duration-us=203 hr=0x0
info:  WSI: present origin=APPLICATION_SOURCE wsi=216 app=232 internal=0 acquire=216 image=2 generation=2
info:  WSI: app-completion app=232 app-signal=deferred
info:  WSI: app-frame-latency-signal app=232 via=source-present-retirement
info:  InternalWSI: source-present app=233 duration-us=210 hr=0x0
info:  WSI: present origin=APPLICATION_SOURCE wsi=217 app=233 internal=0 acquire=217 image=0 generation=2
info:  WSI: app-frame-latency-signal app=233 via=source-submit-completion
info:  WSI: app-completion app=233 app-signal=signaled
info:  InternalWSI: source-present app=234 duration-us=179 hr=0x0
info:  WSI: present origin=APPLICATION_SOURCE wsi=218 app=234 internal=0 acquire=218 image=1 generation=2
info:  WSI: app-frame-latency-signal app=234 via=source-submit-completion
info:  WSI: app-completion app=234 app-signal=signaled
info:  InternalWSI: source-present app=235 duration-us=214 hr=0x0
info:  WSI: present origin=APPLICATION_SOURCE wsi=219 app=235 internal=0 acquire=219 image=2 generation=2
info:  WSI: app-frame-latency-signal app=235 via=source-submit-completion
info:  WSI: app-completion app=235 app-signal=signaled
info:  InternalWSI: source-present app=236 duration-us=202 hr=0x0
info:  WSI: present origin=APPLICATION_SOURCE wsi=220 app=236 internal=0 acquire=220 image=0 generation=2
info:  WSI: app-frame-latency-signal app=236 via=source-submit-completion
info:  WSI: app-completion app=236 app-signal=signaled
info:  InternalWSI: source-present app=237 duration-us=213 hr=0x0
info:  WSI: present origin=APPLICATION_SOURCE wsi=221 app=237 internal=0 acquire=221 image=1 generation=2
info:  WSI: app-frame-latency-signal app=237 via=source-submit-completion
info:  WSI: app-completion app=237 app-signal=signaled
info:  InternalWSI: source-present app=238 duration-us=200 hr=0x0
info:  WSI: present origin=APPLICATION_SOURCE wsi=222 app=238 internal=0 acquire=222 image=2 generation=2
info:  WSI: app-completion app=238 app-signal=deferred
info:  WSI: app-frame-latency-signal app=238 via=source-present-retirement
info:  InternalWSI: source-present app=239 duration-us=199 hr=0x0
info:  WSI: present origin=APPLICATION_SOURCE wsi=223 app=239 internal=0 acquire=223 image=0 generation=2
info:  WSI: app-frame-latency-signal app=239 via=source-submit-completion
info:  WSI: app-completion app=239 app-signal=signaled
info:  InternalWSI: source-present app=240 duration-us=201 hr=0x0
info:  WSI: present origin=APPLICATION_SOURCE wsi=224 app=240 internal=0 acquire=224 image=1 generation=2
info:  WSI: app-frame-latency-signal app=240 via=source-submit-completion
info:  WSI: app-completion app=240 app-signal=signaled
info:  InternalWSI: source-present app=241 duration-us=196 hr=0x0
info:  WSI: present origin=APPLICATION_SOURCE wsi=225 app=241 internal=0 acquire=225 image=2 generation=2
info:  WSI: app-completion app=241 app-signal=deferred
info:  WSI: app-frame-latency-signal app=241 via=source-present-retirement
info:  InternalWSI: source-present app=242 duration-us=216 hr=0x0
info:  WSI: present origin=APPLICATION_SOURCE wsi=226 app=242 internal=0 acquire=226 image=0 generation=2
info:  WSI: app-frame-latency-signal app=242 via=source-submit-completion
info:  WSI: app-completion app=242 app-signal=signaled
info:  InternalWSI: source-present app=243 duration-us=328 hr=0x0
info:  WSI: present origin=APPLICATION_SOURCE wsi=227 app=243 internal=0 acquire=227 image=1 generation=2
info:  WSI: app-completion app=243 app-signal=deferred
info:  WSI: app-frame-latency-signal app=243 via=source-present-retirement
info:  InternalWSI: source-present app=244 duration-us=198 hr=0x0
info:  WSI: present origin=APPLICATION_SOURCE wsi=228 app=244 internal=0 acquire=228 image=2 generation=2
info:  WSI: app-frame-latency-signal app=244 via=source-submit-completion
info:  WSI: app-completion app=244 app-signal=signaled
info:  InternalWSI: source-present app=245 duration-us=204 hr=0x0
info:  WSI: present origin=APPLICATION_SOURCE wsi=229 app=245 internal=0 acquire=229 image=0 generation=2
info:  WSI: app-frame-latency-signal app=245 via=source-submit-completion
info:  WSI: app-completion app=245 app-signal=signaled
info:  InternalWSI: source-present app=246 duration-us=199 hr=0x0
info:  WSI: present origin=APPLICATION_SOURCE wsi=230 app=246 internal=0 acquire=230 image=1 generation=2
info:  WSI: app-completion app=246 app-signal=deferred
info:  WSI: app-frame-latency-signal app=246 via=source-present-retirement
info:  InternalWSI: source-present app=247 duration-us=216 hr=0x0
info:  WSI: present origin=APPLICATION_SOURCE wsi=231 app=247 internal=0 acquire=231 image=2 generation=2
info:  WSI: app-frame-latency-signal app=247 via=source-submit-completion
info:  WSI: app-completion app=247 app-signal=signaled
info:  InternalWSI: source-present app=248 duration-us=184 hr=0x0
info:  WSI: present origin=APPLICATION_SOURCE wsi=232 app=248 internal=0 acquire=232 image=0 generation=2
info:  WSI: app-frame-latency-signal app=248 via=source-submit-completion
info:  WSI: app-completion app=248 app-signal=signaled
info:  InternalWSI: source-present app=249 duration-us=261 hr=0x0
info:  WSI: present origin=APPLICATION_SOURCE wsi=233 app=249 internal=0 acquire=233 image=1 generation=2
info:  WSI: app-frame-latency-signal app=249 via=source-submit-completion
info:  WSI: app-completion app=249 app-signal=signaled
info:  InternalWSI: source-present app=250 duration-us=197 hr=0x0
info:  WSI: present origin=APPLICATION_SOURCE wsi=234 app=250 internal=0 acquire=234 image=2 generation=2
info:  WSI: app-frame-latency-signal app=250 via=source-submit-completion
info:  WSI: app-completion app=250 app-signal=signaled
info:  InternalWSI: source-present app=251 duration-us=210 hr=0x0
info:  WSI: present origin=APPLICATION_SOURCE wsi=235 app=251 internal=0 acquire=235 image=0 generation=2
info:  WSI: app-completion app=251 app-signal=deferred
info:  WSI: app-frame-latency-signal app=251 via=source-present-retirement
info:  InternalWSI: source-present app=252 duration-us=207 hr=0x0
info:  WSI: present origin=APPLICATION_SOURCE wsi=236 app=252 internal=0 acquire=236 image=1 generation=2
info:  WSI: app-frame-latency-signal app=252 via=source-submit-completion
info:  WSI: app-completion app=252 app-signal=signaled
info:  InternalWSI: source-present app=253 duration-us=202 hr=0x0
info:  WSI: present origin=APPLICATION_SOURCE wsi=237 app=253 internal=0 acquire=237 image=2 generation=2
info:  WSI: app-frame-latency-signal app=253 via=source-submit-completion
info:  WSI: app-completion app=253 app-signal=signaled
info:  InternalWSI: source-present app=254 duration-us=198 hr=0x0
info:  WSI: present origin=APPLICATION_SOURCE wsi=238 app=254 internal=0 acquire=238 image=0 generation=2
info:  WSI: app-frame-latency-signal app=254 via=source-submit-completion
info:  WSI: app-completion app=254 app-signal=signaled
info:  InternalWSI: source-present app=255 duration-us=223 hr=0x0
info:  WSI: present origin=APPLICATION_SOURCE wsi=239 app=255 internal=0 acquire=239 image=1 generation=2
info:  WSI: app-completion app=255 app-signal=deferred
info:  WSI: app-frame-latency-signal app=255 via=source-present-retirement
info:  InternalWSI: source-present app=256 duration-us=195 hr=0x0
info:  WSI: present origin=APPLICATION_SOURCE wsi=240 app=256 internal=0 acquire=240 image=2 generation=2
info:  WSI: app-frame-latency-signal app=256 via=source-submit-completion
info:  WSI: app-completion app=256 app-signal=signaled
info:  InternalWSI: source-present app=257 duration-us=260 hr=0x0
info:  WSI: present origin=APPLICATION_SOURCE wsi=241 app=257 internal=0 acquire=241 image=0 generation=2
info:  WSI: app-frame-latency-signal app=257 via=source-submit-completion
info:  WSI: app-completion app=257 app-signal=signaled
info:  InternalWSI: source-present app=258 duration-us=199 hr=0x0
info:  WSI: present origin=APPLICATION_SOURCE wsi=242 app=258 internal=0 acquire=242 image=1 generation=2
info:  WSI: app-frame-latency-signal app=258 via=source-submit-completion
info:  WSI: app-completion app=258 app-signal=signaled
info:  InternalWSI: source-present app=259 duration-us=196 hr=0x0
info:  WSI: present origin=APPLICATION_SOURCE wsi=243 app=259 internal=0 acquire=243 image=2 generation=2
info:  WSI: app-frame-latency-signal app=259 via=source-submit-completion
info:  WSI: app-completion app=259 app-signal=signaled
info:  InternalWSI: source-present app=260 duration-us=197 hr=0x0
info:  WSI: present origin=APPLICATION_SOURCE wsi=244 app=260 internal=0 acquire=244 image=0 generation=2
info:  WSI: app-frame-latency-signal app=260 via=source-submit-completion
info:  WSI: app-completion app=260 app-signal=signaled
info:  InternalWSI: source-present app=261 duration-us=199 hr=0x0
info:  WSI: present origin=APPLICATION_SOURCE wsi=245 app=261 internal=0 acquire=245 image=1 generation=2
info:  WSI: app-completion app=261 app-signal=deferred
info:  WSI: app-frame-latency-signal app=261 via=source-present-retirement
info:  InternalWSI: source-present app=262 duration-us=176 hr=0x0
info:  WSI: present origin=APPLICATION_SOURCE wsi=246 app=262 internal=0 acquire=246 image=2 generation=2
info:  WSI: app-frame-latency-signal app=262 via=source-submit-completion
info:  WSI: app-completion app=262 app-signal=signaled
info:  InternalWSI: source-present app=263 duration-us=202 hr=0x0
info:  WSI: present origin=APPLICATION_SOURCE wsi=247 app=263 internal=0 acquire=247 image=0 generation=2
info:  WSI: app-frame-latency-signal app=263 via=source-submit-completion
info:  WSI: app-completion app=263 app-signal=signaled
info:  InternalWSI: source-present app=264 duration-us=190 hr=0x0
info:  WSI: present origin=APPLICATION_SOURCE wsi=248 app=264 internal=0 acquire=248 image=1 generation=2
info:  WSI: app-completion app=264 app-signal=deferred
info:  WSI: app-frame-latency-signal app=264 via=source-present-retirement
info:  InternalWSI: source-present app=265 duration-us=208 hr=0x0
info:  WSI: present origin=APPLICATION_SOURCE wsi=249 app=265 internal=0 acquire=249 image=2 generation=2
info:  WSI: app-frame-latency-signal app=265 via=source-submit-completion
info:  WSI: app-completion app=265 app-signal=signaled
info:  InternalWSI: source-present app=266 duration-us=192 hr=0x0
info:  WSI: present origin=APPLICATION_SOURCE wsi=250 app=266 internal=0 acquire=250 image=0 generation=2
info:  WSI: app-frame-latency-signal app=266 via=source-submit-completion
info:  WSI: app-completion app=266 app-signal=signaled
info:  InternalWSI: source-present app=267 duration-us=199 hr=0x0
info:  WSI: present origin=APPLICATION_SOURCE wsi=251 app=267 internal=0 acquire=251 image=1 generation=2
info:  WSI: app-frame-latency-signal app=267 via=source-submit-completion
info:  WSI: app-completion app=267 app-signal=signaled
info:  InternalWSI: source-present app=268 duration-us=189 hr=0x0
info:  WSI: present origin=APPLICATION_SOURCE wsi=252 app=268 internal=0 acquire=252 image=2 generation=2
info:  WSI: app-frame-latency-signal app=268 via=source-submit-completion
info:  WSI: app-completion app=268 app-signal=signaled
info:  InternalWSI: source-present app=269 duration-us=205 hr=0x0
info:  WSI: present origin=APPLICATION_SOURCE wsi=253 app=269 internal=0 acquire=253 image=0 generation=2
info:  WSI: app-frame-latency-signal app=269 via=source-submit-completion
info:  WSI: app-completion app=269 app-signal=signaled
info:  InternalWSI: source-present app=270 duration-us=213 hr=0x0
info:  WSI: present origin=APPLICATION_SOURCE wsi=254 app=270 internal=0 acquire=254 image=1 generation=2
info:  WSI: app-completion app=270 app-signal=deferred
info:  WSI: app-frame-latency-signal app=270 via=source-present-retirement
info:  InternalWSI: source-present app=271 duration-us=199 hr=0x0
info:  WSI: present origin=APPLICATION_SOURCE wsi=255 app=271 internal=0 acquire=255 image=2 generation=2
info:  WSI: app-frame-latency-signal app=271 via=source-submit-completion
info:  WSI: app-completion app=271 app-signal=signaled
info:  InternalWSI: source-present app=272 duration-us=198 hr=0x0
info:  WSI: present origin=APPLICATION_SOURCE wsi=256 app=272 internal=0 acquire=256 image=0 generation=2
info:  WSI: app-frame-latency-signal app=272 via=source-submit-completion
info:  WSI: app-completion app=272 app-signal=signaled
info:  InternalWSI: source-present app=273 duration-us=377 hr=0x0
info:  WSI: present origin=APPLICATION_SOURCE wsi=257 app=273 internal=0 acquire=257 image=1 generation=2
info:  WSI: app-frame-latency-signal app=273 via=source-submit-completion
info:  WSI: app-completion app=273 app-signal=signaled
info:  InternalWSI: source-present app=274 duration-us=206 hr=0x0
info:  WSI: present origin=APPLICATION_SOURCE wsi=258 app=274 internal=0 acquire=258 image=2 generation=2
info:  WSI: app-frame-latency-signal app=274 via=source-submit-completion
info:  WSI: app-completion app=274 app-signal=signaled
info:  InternalWSI: source-present app=275 duration-us=202 hr=0x0
info:  WSI: present origin=APPLICATION_SOURCE wsi=259 app=275 internal=0 acquire=259 image=0 generation=2
info:  WSI: app-frame-latency-signal app=275 via=source-submit-completion
info:  WSI: app-completion app=275 app-signal=signaled
info:  InternalWSI: source-present app=276 duration-us=212 hr=0x0
info:  WSI: present origin=APPLICATION_SOURCE wsi=260 app=276 internal=0 acquire=260 image=1 generation=2
info:  WSI: app-frame-latency-signal app=276 via=source-submit-completion
info:  WSI: app-completion app=276 app-signal=signaled
info:  InternalWSI: source-present app=277 duration-us=53 hr=0x0
info:  WSI: present origin=APPLICATION_SOURCE wsi=261 app=277 internal=0 acquire=261 image=2 generation=2
info:  WSI: app-completion app=277 app-signal=deferred
info:  WSI: app-frame-latency-signal app=277 via=source-present-retirement
info:  InternalWSI: source-present app=278 duration-us=117 hr=0x0
info:  WSI: present origin=APPLICATION_SOURCE wsi=262 app=278 internal=0 acquire=262 image=0 generation=2
info:  WSI: app-completion app=278 app-signal=deferred
info:  WSI: app-frame-latency-signal app=278 via=source-present-retirement
info:  InternalWSI: source-present app=279 duration-us=67 hr=0x0
info:  WSI: present origin=APPLICATION_SOURCE wsi=263 app=279 internal=0 acquire=263 image=1 generation=2
info:  WSI: app-completion app=279 app-signal=deferred
info:  WSI: app-frame-latency-signal app=279 via=source-present-retirement
info:  InternalWSI: source-present app=280 duration-us=50 hr=0x0
info:  WSI: present origin=APPLICATION_SOURCE wsi=264 app=280 internal=0 acquire=264 image=2 generation=2
info:  WSI: app-completion app=280 app-signal=deferred
info:  WSI: app-frame-latency-signal app=280 via=source-present-retirement
info:  InternalWSI: source-present app=281 duration-us=43 hr=0x0
info:  WSI: present origin=APPLICATION_SOURCE wsi=265 app=281 internal=0 acquire=265 image=0 generation=2
info:  WSI: app-completion app=281 app-signal=deferred
info:  WSI: app-frame-latency-signal app=281 via=source-present-retirement
info:  InternalWSI: source-present app=282 duration-us=121 hr=0x0
info:  WSI: present origin=APPLICATION_SOURCE wsi=266 app=282 internal=0 acquire=266 image=1 generation=2
info:  WSI: app-frame-latency-signal app=282 via=source-submit-completion
info:  WSI: app-completion app=282 app-signal=signaled
info:  InternalWSI: source-present app=283 duration-us=196 hr=0x0
info:  WSI: present origin=APPLICATION_SOURCE wsi=267 app=283 internal=0 acquire=267 image=2 generation=2
info:  WSI: app-completion app=283 app-signal=deferred
info:  WSI: app-frame-latency-signal app=283 via=source-present-retirement
info:  InternalWSI: source-present app=284 duration-us=215 hr=0x0
info:  WSI: present origin=APPLICATION_SOURCE wsi=268 app=284 internal=0 acquire=268 image=0 generation=2
info:  WSI: app-completion app=284 app-signal=deferred
info:  WSI: app-frame-latency-signal app=284 via=source-present-retirement
info:  InternalWSI: source-present app=285 duration-us=219 hr=0x0
info:  WSI: present origin=APPLICATION_SOURCE wsi=269 app=285 internal=0 acquire=269 image=1 generation=2
info:  WSI: app-frame-latency-signal app=285 via=source-submit-completion
info:  WSI: app-completion app=285 app-signal=signaled
info:  InternalWSI: source-present app=286 duration-us=210 hr=0x0
info:  WSI: present origin=APPLICATION_SOURCE wsi=270 app=286 internal=0 acquire=270 image=2 generation=2
info:  WSI: app-frame-latency-signal app=286 via=source-submit-completion
info:  WSI: app-completion app=286 app-signal=signaled
info:  InternalWSI: source-present app=287 duration-us=222 hr=0x0
info:  WSI: present origin=APPLICATION_SOURCE wsi=271 app=287 internal=0 acquire=271 image=0 generation=2
info:  WSI: app-frame-latency-signal app=287 via=source-submit-completion
info:  WSI: app-completion app=287 app-signal=signaled
info:  InternalWSI: source-present app=288 duration-us=215 hr=0x0
info:  WSI: present origin=APPLICATION_SOURCE wsi=272 app=288 internal=0 acquire=272 image=1 generation=2
info:  WSI: app-completion app=288 app-signal=deferred
info:  WSI: app-frame-latency-signal app=288 via=source-present-retirement
info:  InternalWSI: source-present app=289 duration-us=183 hr=0x0
info:  WSI: present origin=APPLICATION_SOURCE wsi=273 app=289 internal=0 acquire=273 image=2 generation=2
info:  WSI: app-frame-latency-signal app=289 via=source-submit-completion
info:  WSI: app-completion app=289 app-signal=signaled
info:  InternalWSI: source-present app=290 duration-us=181 hr=0x0
info:  WSI: present origin=APPLICATION_SOURCE wsi=274 app=290 internal=0 acquire=274 image=0 generation=2
info:  WSI: app-completion app=290 app-signal=deferred
info:  WSI: app-frame-latency-signal app=290 via=source-present-retirement
info:  InternalWSI: source-present app=291 duration-us=240 hr=0x0
info:  WSI: present origin=APPLICATION_SOURCE wsi=275 app=291 internal=0 acquire=275 image=1 generation=2
info:  WSI: app-frame-latency-signal app=291 via=source-submit-completion
info:  WSI: app-completion app=291 app-signal=signaled
info:  InternalWSI: source-present app=292 duration-us=204 hr=0x0
info:  WSI: present origin=APPLICATION_SOURCE wsi=276 app=292 internal=0 acquire=276 image=2 generation=2
info:  WSI: app-frame-latency-signal app=292 via=source-submit-completion
info:  WSI: app-completion app=292 app-signal=signaled
info:  InternalWSI: source-present app=293 duration-us=202 hr=0x0
info:  WSI: present origin=APPLICATION_SOURCE wsi=277 app=293 internal=0 acquire=277 image=0 generation=2
info:  WSI: app-frame-latency-signal app=293 via=source-submit-completion
info:  WSI: app-completion app=293 app-signal=signaled
info:  InternalWSI: source-present app=294 duration-us=277 hr=0x0
info:  WSI: present origin=APPLICATION_SOURCE wsi=278 app=294 internal=0 acquire=278 image=1 generation=2
info:  WSI: app-completion app=294 app-signal=deferred
info:  WSI: app-frame-latency-signal app=294 via=source-present-retirement
info:  InternalWSI: source-present app=295 duration-us=228 hr=0x0
info:  WSI: present origin=APPLICATION_SOURCE wsi=279 app=295 internal=0 acquire=279 image=2 generation=2
info:  WSI: app-frame-latency-signal app=295 via=source-submit-completion
info:  WSI: app-completion app=295 app-signal=signaled
info:  InternalWSI: source-present app=296 duration-us=207 hr=0x0
info:  WSI: present origin=APPLICATION_SOURCE wsi=280 app=296 internal=0 acquire=280 image=0 generation=2
info:  WSI: app-completion app=296 app-signal=deferred
info:  WSI: app-frame-latency-signal app=296 via=source-present-retirement
info:  InternalWSI: source-present app=297 duration-us=251 hr=0x0
info:  WSI: present origin=APPLICATION_SOURCE wsi=281 app=297 internal=0 acquire=281 image=1 generation=2
info:  WSI: app-completion app=297 app-signal=deferred
info:  WSI: app-frame-latency-signal app=297 via=source-present-retirement
info:  InternalWSI: source-present app=298 duration-us=332 hr=0x0
info:  WSI: present origin=APPLICATION_SOURCE wsi=282 app=298 internal=0 acquire=282 image=2 generation=2
info:  WSI: app-completion app=298 app-signal=deferred
info:  WSI: app-frame-latency-signal app=298 via=source-present-retirement
info:  InternalWSI: source-present app=299 duration-us=321 hr=0x0
info:  WSI: present origin=APPLICATION_SOURCE wsi=283 app=299 internal=0 acquire=283 image=0 generation=2
info:  WSI: app-frame-latency-signal app=299 via=source-submit-completion
info:  WSI: app-completion app=299 app-signal=signaled
info:  InternalWSI: source-present app=300 duration-us=198 hr=0x0
info:  WSI: present origin=APPLICATION_SOURCE wsi=284 app=300 internal=0 acquire=284 image=1 generation=2
info:  WSI: app-frame-latency-signal app=300 via=source-submit-completion
info:  WSI: app-completion app=300 app-signal=signaled
info:  InternalWSI: source-present app=301 duration-us=192 hr=0x0
info:  WSI: present origin=APPLICATION_SOURCE wsi=285 app=301 internal=0 acquire=285 image=2 generation=2
info:  WSI: app-frame-latency-signal app=301 via=source-submit-completion
info:  WSI: app-completion app=301 app-signal=signaled
info:  InternalWSI: source-present app=302 duration-us=201 hr=0x0
info:  WSI: present origin=APPLICATION_SOURCE wsi=286 app=302 internal=0 acquire=286 image=0 generation=2
info:  WSI: app-frame-latency-signal app=302 via=source-submit-completion
info:  WSI: app-completion app=302 app-signal=signaled
info:  InternalWSI: source-present app=303 duration-us=195 hr=0x0
info:  WSI: present origin=APPLICATION_SOURCE wsi=287 app=303 internal=0 acquire=287 image=1 generation=2
info:  WSI: app-frame-latency-signal app=303 via=source-submit-completion
info:  WSI: app-completion app=303 app-signal=signaled
info:  InternalWSI: source-present app=304 duration-us=193 hr=0x0
info:  WSI: present origin=APPLICATION_SOURCE wsi=288 app=304 internal=0 acquire=288 image=2 generation=2
info:  WSI: app-completion app=304 app-signal=deferred
info:  WSI: app-frame-latency-signal app=304 via=source-present-retirement
info:  InternalWSI: source-present app=305 duration-us=190 hr=0x0
info:  WSI: present origin=APPLICATION_SOURCE wsi=289 app=305 internal=0 acquire=289 image=0 generation=2
info:  WSI: app-frame-latency-signal app=305 via=source-submit-completion
info:  WSI: app-completion app=305 app-signal=signaled
info:  InternalWSI: source-present app=306 duration-us=208 hr=0x0
info:  WSI: present origin=APPLICATION_SOURCE wsi=290 app=306 internal=0 acquire=290 image=1 generation=2
info:  WSI: app-completion app=306 app-signal=deferred
info:  WSI: app-frame-latency-signal app=306 via=source-present-retirement
info:  InternalWSI: source-present app=307 duration-us=321 hr=0x0
info:  WSI: present origin=APPLICATION_SOURCE wsi=291 app=307 internal=0 acquire=291 image=2 generation=2
info:  WSI: app-frame-latency-signal app=307 via=source-submit-completion
info:  WSI: app-completion app=307 app-signal=signaled
info:  InternalWSI: source-present app=308 duration-us=111 hr=0x0
info:  WSI: present origin=APPLICATION_SOURCE wsi=292 app=308 internal=0 acquire=292 image=0 generation=2
info:  WSI: app-completion app=308 app-signal=deferred
info:  WSI: app-frame-latency-signal app=308 via=source-present-retirement
info:  InternalWSI: source-present app=309 duration-us=114 hr=0x0
info:  WSI: present origin=APPLICATION_SOURCE wsi=293 app=309 internal=0 acquire=293 image=1 generation=2
info:  WSI: app-completion app=309 app-signal=deferred
info:  WSI: app-frame-latency-signal app=309 via=source-present-retirement
info:  InternalWSI: source-present app=310 duration-us=107 hr=0x0
info:  WSI: present origin=APPLICATION_SOURCE wsi=294 app=310 internal=0 acquire=294 image=2 generation=2
info:  WSI: app-completion app=310 app-signal=deferred
info:  WSI: app-frame-latency-signal app=310 via=source-present-retirement
info:  InternalWSI: source-present app=311 duration-us=179 hr=0x0
info:  WSI: present origin=APPLICATION_SOURCE wsi=295 app=311 internal=0 acquire=295 image=0 generation=2
info:  WSI: app-frame-latency-signal app=311 via=source-submit-completion
info:  WSI: app-completion app=311 app-signal=signaled
info:  InternalWSI: source-present app=312 duration-us=277 hr=0x0
info:  WSI: present origin=APPLICATION_SOURCE wsi=296 app=312 internal=0 acquire=296 image=1 generation=2
info:  WSI: app-frame-latency-signal app=312 via=source-submit-completion
info:  WSI: app-completion app=312 app-signal=signaled
info:  InternalWSI: source-present app=313 duration-us=252 hr=0x0
info:  WSI: present origin=APPLICATION_SOURCE wsi=297 app=313 internal=0 acquire=297 image=2 generation=2
info:  WSI: app-frame-latency-signal app=313 via=source-submit-completion
info:  WSI: app-completion app=313 app-signal=signaled
info:  InternalWSI: source-present app=314 duration-us=223 hr=0x0
info:  WSI: present origin=APPLICATION_SOURCE wsi=298 app=314 internal=0 acquire=298 image=0 generation=2
info:  WSI: app-frame-latency-signal app=314 via=source-submit-completion
info:  WSI: app-completion app=314 app-signal=signaled
info:  InternalWSI: source-present app=315 duration-us=210 hr=0x0
info:  WSI: present origin=APPLICATION_SOURCE wsi=299 app=315 internal=0 acquire=299 image=1 generation=2
info:  WSI: app-completion app=315 app-signal=deferred
info:  WSI: app-frame-latency-signal app=315 via=source-present-retirement
info:  InternalWSI: source-present app=316 duration-us=195 hr=0x0
info:  WSI: present origin=APPLICATION_SOURCE wsi=300 app=316 internal=0 acquire=300 image=2 generation=2
info:  WSI: app-frame-latency-signal app=316 via=source-submit-completion
info:  WSI: app-completion app=316 app-signal=signaled
info:  InternalWSI: source-present app=317 duration-us=217 hr=0x0
info:  WSI: present origin=APPLICATION_SOURCE wsi=301 app=317 internal=0 acquire=301 image=0 generation=2
info:  WSI: app-frame-latency-signal app=317 via=source-submit-completion
info:  WSI: app-completion app=317 app-signal=signaled
info:  InternalWSI: source-present app=318 duration-us=281 hr=0x0
info:  WSI: present origin=APPLICATION_SOURCE wsi=302 app=318 internal=0 acquire=302 image=1 generation=2
info:  WSI: app-frame-latency-signal app=318 via=source-submit-completion
info:  WSI: app-completion app=318 app-signal=signaled
info:  InternalWSI: source-present app=319 duration-us=237 hr=0x0
info:  WSI: present origin=APPLICATION_SOURCE wsi=303 app=319 internal=0 acquire=303 image=2 generation=2
info:  WSI: app-frame-latency-signal app=319 via=source-submit-completion
info:  WSI: app-completion app=319 app-signal=signaled
info:  InternalWSI: source-present app=320 duration-us=208 hr=0x0
info:  WSI: present origin=APPLICATION_SOURCE wsi=304 app=320 internal=0 acquire=304 image=0 generation=2
info:  WSI: app-frame-latency-signal app=320 via=source-submit-completion
info:  WSI: app-completion app=320 app-signal=signaled
info:  InternalWSI: source-present app=321 duration-us=207 hr=0x0
info:  WSI: present origin=APPLICATION_SOURCE wsi=305 app=321 internal=0 acquire=305 image=1 generation=2
info:  WSI: app-frame-latency-signal app=321 via=source-submit-completion
info:  WSI: app-completion app=321 app-signal=signaled
info:  InternalWSI: source-present app=322 duration-us=194 hr=0x0
info:  WSI: present origin=APPLICATION_SOURCE wsi=306 app=322 internal=0 acquire=306 image=2 generation=2
info:  WSI: app-frame-latency-signal app=322 via=source-submit-completion
info:  WSI: app-completion app=322 app-signal=signaled
info:  InternalWSI: source-present app=323 duration-us=193 hr=0x0
info:  WSI: present origin=APPLICATION_SOURCE wsi=307 app=323 internal=0 acquire=307 image=0 generation=2
info:  WSI: app-frame-latency-signal app=323 via=source-submit-completion
info:  WSI: app-completion app=323 app-signal=signaled
info:  InternalWSI: source-present app=324 duration-us=80 hr=0x0
info:  WSI: present origin=APPLICATION_SOURCE wsi=308 app=324 internal=0 acquire=308 image=1 generation=2
info:  WSI: app-completion app=324 app-signal=deferred
info:  WSI: app-frame-latency-signal app=324 via=source-present-retirement
info:  InternalWSI: source-present app=325 duration-us=219 hr=0x0
info:  WSI: present origin=APPLICATION_SOURCE wsi=309 app=325 internal=0 acquire=309 image=2 generation=2
info:  WSI: app-frame-latency-signal app=325 via=source-submit-completion
info:  WSI: app-completion app=325 app-signal=signaled
info:  InternalWSI: source-present app=326 duration-us=274 hr=0x0
info:  WSI: present origin=APPLICATION_SOURCE wsi=310 app=326 internal=0 acquire=310 image=0 generation=2
info:  WSI: app-frame-latency-signal app=326 via=source-submit-completion
info:  WSI: app-completion app=326 app-signal=signaled
info:  InternalWSI: source-present app=327 duration-us=228 hr=0x0
info:  WSI: present origin=APPLICATION_SOURCE wsi=311 app=327 internal=0 acquire=311 image=1 generation=2
info:  WSI: app-frame-latency-signal app=327 via=source-submit-completion
info:  WSI: app-completion app=327 app-signal=signaled
info:  InternalWSI: source-present app=328 duration-us=299 hr=0x0
info:  WSI: present origin=APPLICATION_SOURCE wsi=312 app=328 internal=0 acquire=312 image=2 generation=2
info:  WSI: app-frame-latency-signal app=328 via=source-submit-completion
info:  WSI: app-completion app=328 app-signal=signaled
info:  InternalWSI: source-present app=329 duration-us=213 hr=0x0
info:  WSI: present origin=APPLICATION_SOURCE wsi=313 app=329 internal=0 acquire=313 image=0 generation=2
info:  WSI: app-frame-latency-signal app=329 via=source-submit-completion
info:  WSI: app-completion app=329 app-signal=signaled
info:  InternalWSI: source-present app=330 duration-us=203 hr=0x0
info:  WSI: present origin=APPLICATION_SOURCE wsi=314 app=330 internal=0 acquire=314 image=1 generation=2
info:  WSI: app-frame-latency-signal app=330 via=source-submit-completion
info:  WSI: app-completion app=330 app-signal=signaled
info:  InternalWSI: source-present app=331 duration-us=261 hr=0x0
info:  WSI: present origin=APPLICATION_SOURCE wsi=315 app=331 internal=0 acquire=315 image=2 generation=2
info:  WSI: app-frame-latency-signal app=331 via=source-submit-completion
info:  WSI: app-completion app=331 app-signal=signaled
info:  InternalWSI: source-present app=332 duration-us=212 hr=0x0
info:  WSI: present origin=APPLICATION_SOURCE wsi=316 app=332 internal=0 acquire=316 image=0 generation=2
info:  WSI: app-frame-latency-signal app=332 via=source-submit-completion
info:  WSI: app-completion app=332 app-signal=signaled
info:  InternalWSI: source-present app=333 duration-us=204 hr=0x0
info:  WSI: present origin=APPLICATION_SOURCE wsi=317 app=333 internal=0 acquire=317 image=1 generation=2
info:  WSI: app-frame-latency-signal app=333 via=source-submit-completion
info:  WSI: app-completion app=333 app-signal=signaled
info:  InternalWSI: source-present app=334 duration-us=223 hr=0x0
info:  WSI: present origin=APPLICATION_SOURCE wsi=318 app=334 internal=0 acquire=318 image=2 generation=2
info:  WSI: app-completion app=334 app-signal=deferred
info:  WSI: app-frame-latency-signal app=334 via=source-present-retirement
info:  InternalWSI: source-present app=335 duration-us=218 hr=0x0
info:  WSI: present origin=APPLICATION_SOURCE wsi=319 app=335 internal=0 acquire=319 image=0 generation=2
info:  WSI: app-frame-latency-signal app=335 via=source-submit-completion
info:  WSI: app-completion app=335 app-signal=signaled
info:  InternalWSI: source-present app=336 duration-us=208 hr=0x0
info:  WSI: present origin=APPLICATION_SOURCE wsi=320 app=336 internal=0 acquire=320 image=1 generation=2
info:  WSI: app-frame-latency-signal app=336 via=source-submit-completion
info:  WSI: app-completion app=336 app-signal=signaled
info:  InternalWSI: source-present app=337 duration-us=231 hr=0x0
info:  WSI: present origin=APPLICATION_SOURCE wsi=321 app=337 internal=0 acquire=321 image=2 generation=2
info:  WSI: app-frame-latency-signal app=337 via=source-submit-completion
info:  WSI: app-completion app=337 app-signal=signaled
info:  InternalWSI: source-present app=338 duration-us=191 hr=0x0
info:  WSI: present origin=APPLICATION_SOURCE wsi=322 app=338 internal=0 acquire=322 image=0 generation=2
info:  WSI: app-completion app=338 app-signal=deferred
info:  WSI: app-frame-latency-signal app=338 via=source-present-retirement
info:  InternalWSI: source-present app=339 duration-us=211 hr=0x0
info:  WSI: present origin=APPLICATION_SOURCE wsi=323 app=339 internal=0 acquire=323 image=1 generation=2
info:  WSI: app-completion app=339 app-signal=deferred
info:  WSI: app-frame-latency-signal app=339 via=source-present-retirement
info:  InternalWSI: source-present app=340 duration-us=197 hr=0x0
info:  WSI: present origin=APPLICATION_SOURCE wsi=324 app=340 internal=0 acquire=324 image=2 generation=2
info:  WSI: app-completion app=340 app-signal=deferred
info:  WSI: app-frame-latency-signal app=340 via=source-present-retirement
info:  InternalWSI: source-present app=341 duration-us=212 hr=0x0
info:  WSI: present origin=APPLICATION_SOURCE wsi=325 app=341 internal=0 acquire=325 image=0 generation=2
info:  WSI: app-completion app=341 app-signal=deferred
info:  WSI: app-frame-latency-signal app=341 via=source-present-retirement
info:  InternalWSI: source-present app=342 duration-us=206 hr=0x0
info:  WSI: present origin=APPLICATION_SOURCE wsi=326 app=342 internal=0 acquire=326 image=1 generation=2
info:  WSI: app-completion app=342 app-signal=deferred
info:  WSI: app-frame-latency-signal app=342 via=source-present-retirement
info:  InternalWSI: source-present app=343 duration-us=621 hr=0x0
info:  WSI: present origin=APPLICATION_SOURCE wsi=327 app=343 internal=0 acquire=327 image=2 generation=2
info:  WSI: app-completion app=343 app-signal=deferred
info:  WSI: app-frame-latency-signal app=343 via=source-present-retirement
info:  InternalWSI: source-present app=344 duration-us=213 hr=0x0
info:  WSI: present origin=APPLICATION_SOURCE wsi=328 app=344 internal=0 acquire=328 image=0 generation=2
info:  WSI: app-frame-latency-signal app=344 via=source-submit-completion
info:  WSI: app-completion app=344 app-signal=signaled
info:  InternalWSI: source-present app=345 duration-us=200 hr=0x0
info:  WSI: present origin=APPLICATION_SOURCE wsi=329 app=345 internal=0 acquire=329 image=1 generation=2
info:  WSI: app-frame-latency-signal app=345 via=source-submit-completion
info:  WSI: app-completion app=345 app-signal=signaled
info:  InternalWSI: source-present app=346 duration-us=199 hr=0x0
info:  WSI: present origin=APPLICATION_SOURCE wsi=330 app=346 internal=0 acquire=330 image=2 generation=2
info:  WSI: app-frame-latency-signal app=346 via=source-submit-completion
info:  WSI: app-completion app=346 app-signal=signaled
info:  InternalWSI: source-present app=347 duration-us=282 hr=0x0
info:  WSI: present origin=APPLICATION_SOURCE wsi=331 app=347 internal=0 acquire=331 image=0 generation=2
info:  WSI: app-frame-latency-signal app=347 via=source-submit-completion
info:  WSI: app-completion app=347 app-signal=signaled
info:  InternalWSI: source-present app=348 duration-us=251 hr=0x0
info:  WSI: present origin=APPLICATION_SOURCE wsi=332 app=348 internal=0 acquire=332 image=1 generation=2
info:  WSI: app-completion app=348 app-signal=deferred
info:  WSI: app-frame-latency-signal app=348 via=source-present-retirement
info:  InternalWSI: source-present app=349 duration-us=329 hr=0x0
info:  WSI: present origin=APPLICATION_SOURCE wsi=333 app=349 internal=0 acquire=333 image=2 generation=2
info:  WSI: app-completion app=349 app-signal=deferred
info:  WSI: app-frame-latency-signal app=349 via=source-present-retirement
info:  InternalWSI: source-present app=350 duration-us=235 hr=0x0
info:  WSI: present origin=APPLICATION_SOURCE wsi=334 app=350 internal=0 acquire=334 image=0 generation=2
info:  WSI: app-completion app=350 app-signal=deferred
info:  WSI: app-frame-latency-signal app=350 via=source-present-retirement
info:  InternalWSI: source-present app=351 duration-us=221 hr=0x0
info:  WSI: present origin=APPLICATION_SOURCE wsi=335 app=351 internal=0 acquire=335 image=1 generation=2
info:  WSI: app-frame-latency-signal app=351 via=source-submit-completion
info:  WSI: app-completion app=351 app-signal=signaled
info:  InternalWSI: source-present app=352 duration-us=222 hr=0x0
info:  WSI: present origin=APPLICATION_SOURCE wsi=336 app=352 internal=0 acquire=336 image=2 generation=2
info:  WSI: app-frame-latency-signal app=352 via=source-submit-completion
info:  WSI: app-completion app=352 app-signal=signaled
info:  InternalWSI: source-present app=353 duration-us=371 hr=0x0
info:  WSI: present origin=APPLICATION_SOURCE wsi=337 app=353 internal=0 acquire=337 image=0 generation=2
info:  WSI: app-frame-latency-signal app=353 via=source-submit-completion
info:  WSI: app-completion app=353 app-signal=signaled
info:  InternalWSI: source-present app=354 duration-us=225 hr=0x0
info:  WSI: present origin=APPLICATION_SOURCE wsi=338 app=354 internal=0 acquire=338 image=1 generation=2
info:  WSI: app-frame-latency-signal app=354 via=source-submit-completion
info:  WSI: app-completion app=354 app-signal=signaled
info:  InternalWSI: source-present app=355 duration-us=207 hr=0x0
info:  WSI: present origin=APPLICATION_SOURCE wsi=339 app=355 internal=0 acquire=339 image=2 generation=2
info:  WSI: app-frame-latency-signal app=355 via=source-submit-completion
info:  WSI: app-completion app=355 app-signal=signaled
info:  InternalWSI: source-present app=356 duration-us=304 hr=0x0
info:  WSI: present origin=APPLICATION_SOURCE wsi=340 app=356 internal=0 acquire=340 image=0 generation=2
info:  WSI: app-frame-latency-signal app=356 via=source-submit-completion
info:  WSI: app-completion app=356 app-signal=signaled
info:  InternalWSI: source-present app=357 duration-us=190 hr=0x0
info:  WSI: present origin=APPLICATION_SOURCE wsi=341 app=357 internal=0 acquire=341 image=1 generation=2
info:  WSI: app-completion app=357 app-signal=deferred
info:  WSI: app-frame-latency-signal app=357 via=source-present-retirement
info:  InternalWSI: source-present app=358 duration-us=211 hr=0x0
info:  WSI: present origin=APPLICATION_SOURCE wsi=342 app=358 internal=0 acquire=342 image=2 generation=2
info:  WSI: app-frame-latency-signal app=358 via=source-submit-completion
info:  WSI: app-completion app=358 app-signal=signaled
info:  InternalWSI: source-present app=359 duration-us=182 hr=0x0
info:  WSI: present origin=APPLICATION_SOURCE wsi=343 app=359 internal=0 acquire=343 image=0 generation=2
info:  WSI: app-frame-latency-signal app=359 via=source-submit-completion
info:  WSI: app-completion app=359 app-signal=signaled
info:  InternalWSI: source-present app=360 duration-us=198 hr=0x0
info:  WSI: present origin=APPLICATION_SOURCE wsi=344 app=360 internal=0 acquire=344 image=1 generation=2
info:  WSI: app-frame-latency-signal app=360 via=source-submit-completion
info:  WSI: app-completion app=360 app-signal=signaled
info:  InternalWSI: source-present app=361 duration-us=268 hr=0x0
info:  WSI: present origin=APPLICATION_SOURCE wsi=345 app=361 internal=0 acquire=345 image=2 generation=2
info:  WSI: app-completion app=361 app-signal=deferred
info:  WSI: app-frame-latency-signal app=361 via=source-present-retirement
info:  InternalWSI: source-present app=362 duration-us=204 hr=0x0
info:  WSI: present origin=APPLICATION_SOURCE wsi=346 app=362 internal=0 acquire=346 image=0 generation=2
info:  WSI: app-frame-latency-signal app=362 via=source-submit-completion
info:  WSI: app-completion app=362 app-signal=signaled
info:  InternalWSI: source-present app=363 duration-us=190 hr=0x0
info:  WSI: present origin=APPLICATION_SOURCE wsi=347 app=363 internal=0 acquire=347 image=1 generation=2
info:  WSI: app-frame-latency-signal app=363 via=source-submit-completion
info:  WSI: app-completion app=363 app-signal=signaled
info:  InternalWSI: source-present app=364 duration-us=196 hr=0x0
info:  WSI: present origin=APPLICATION_SOURCE wsi=348 app=364 internal=0 acquire=348 image=2 generation=2
info:  WSI: app-frame-latency-signal app=364 via=source-submit-completion
info:  WSI: app-completion app=364 app-signal=signaled
info:  InternalWSI: source-present app=365 duration-us=213 hr=0x0
info:  WSI: present origin=APPLICATION_SOURCE wsi=349 app=365 internal=0 acquire=349 image=0 generation=2
info:  WSI: app-frame-latency-signal app=365 via=source-submit-completion
info:  WSI: app-completion app=365 app-signal=signaled
info:  InternalWSI: source-present app=366 duration-us=205 hr=0x0
info:  WSI: present origin=APPLICATION_SOURCE wsi=350 app=366 internal=0 acquire=350 image=1 generation=2
info:  WSI: app-completion app=366 app-signal=deferred
info:  WSI: app-frame-latency-signal app=366 via=source-present-retirement
info:  InternalWSI: source-present app=367 duration-us=467 hr=0x0
info:  WSI: present origin=APPLICATION_SOURCE wsi=351 app=367 internal=0 acquire=351 image=2 generation=2
info:  WSI: app-frame-latency-signal app=367 via=source-submit-completion
info:  WSI: app-completion app=367 app-signal=signaled
info:  InternalWSI: source-present app=368 duration-us=239 hr=0x0
info:  WSI: present origin=APPLICATION_SOURCE wsi=352 app=368 internal=0 acquire=352 image=0 generation=2
info:  WSI: app-frame-latency-signal app=368 via=source-submit-completion
info:  WSI: app-completion app=368 app-signal=signaled
info:  InternalWSI: source-present app=369 duration-us=188 hr=0x0
info:  WSI: present origin=APPLICATION_SOURCE wsi=353 app=369 internal=0 acquire=353 image=1 generation=2
info:  WSI: app-completion app=369 app-signal=deferred
info:  WSI: app-frame-latency-signal app=369 via=source-present-retirement
info:  InternalWSI: source-present app=370 duration-us=203 hr=0x0
info:  WSI: present origin=APPLICATION_SOURCE wsi=354 app=370 internal=0 acquire=354 image=2 generation=2
info:  WSI: app-completion app=370 app-signal=deferred
info:  WSI: app-frame-latency-signal app=370 via=source-present-retirement
info:  InternalWSI: source-present app=371 duration-us=221 hr=0x0
info:  WSI: present origin=APPLICATION_SOURCE wsi=355 app=371 internal=0 acquire=355 image=0 generation=2
info:  WSI: app-completion app=371 app-signal=deferred
info:  WSI: app-frame-latency-signal app=371 via=source-present-retirement
info:  InternalWSI: source-present app=372 duration-us=215 hr=0x0
info:  WSI: present origin=APPLICATION_SOURCE wsi=356 app=372 internal=0 acquire=356 image=1 generation=2
info:  WSI: app-completion app=372 app-signal=deferred
info:  WSI: app-frame-latency-signal app=372 via=source-present-retirement
info:  InternalWSI: source-present app=373 duration-us=211 hr=0x0
info:  WSI: present origin=APPLICATION_SOURCE wsi=357 app=373 internal=0 acquire=357 image=2 generation=2
info:  WSI: app-completion app=373 app-signal=deferred
info:  WSI: app-frame-latency-signal app=373 via=source-present-retirement
info:  InternalWSI: source-present app=374 duration-us=198 hr=0x0
info:  WSI: present origin=APPLICATION_SOURCE wsi=358 app=374 internal=0 acquire=358 image=0 generation=2
info:  WSI: app-completion app=374 app-signal=deferred
info:  WSI: app-frame-latency-signal app=374 via=source-present-retirement
info:  InternalWSI: source-present app=375 duration-us=225 hr=0x0
info:  WSI: present origin=APPLICATION_SOURCE wsi=359 app=375 internal=0 acquire=359 image=1 generation=2
info:  WSI: app-completion app=375 app-signal=deferred
info:  WSI: app-frame-latency-signal app=375 via=source-present-retirement
info:  InternalWSI: source-present app=376 duration-us=196 hr=0x0
info:  WSI: present origin=APPLICATION_SOURCE wsi=360 app=376 internal=0 acquire=360 image=2 generation=2
info:  WSI: app-completion app=376 app-signal=deferred
info:  WSI: app-frame-latency-signal app=376 via=source-present-retirement
info:  InternalWSI: source-present app=377 duration-us=207 hr=0x0
info:  WSI: present origin=APPLICATION_SOURCE wsi=361 app=377 internal=0 acquire=361 image=0 generation=2
info:  WSI: app-frame-latency-signal app=377 via=source-submit-completion
info:  WSI: app-completion app=377 app-signal=signaled
info:  InternalWSI: source-present app=378 duration-us=203 hr=0x0
info:  WSI: present origin=APPLICATION_SOURCE wsi=362 app=378 internal=0 acquire=362 image=1 generation=2
info:  WSI: app-completion app=378 app-signal=deferred
info:  WSI: app-frame-latency-signal app=378 via=source-present-retirement
info:  InternalWSI: source-present app=379 duration-us=204 hr=0x0
info:  WSI: present origin=APPLICATION_SOURCE wsi=363 app=379 internal=0 acquire=363 image=2 generation=2
info:  WSI: app-frame-latency-signal app=379 via=source-submit-completion
info:  WSI: app-completion app=379 app-signal=signaled
info:  InternalWSI: source-present app=380 duration-us=210 hr=0x0
info:  WSI: present origin=APPLICATION_SOURCE wsi=364 app=380 internal=0 acquire=364 image=0 generation=2
info:  WSI: app-frame-latency-signal app=380 via=source-submit-completion
info:  WSI: app-completion app=380 app-signal=signaled
info:  InternalWSI: source-present app=381 duration-us=211 hr=0x0
info:  WSI: present origin=APPLICATION_SOURCE wsi=365 app=381 internal=0 acquire=365 image=1 generation=2
info:  WSI: app-completion app=381 app-signal=deferred
info:  WSI: app-frame-latency-signal app=381 via=source-present-retirement
info:  InternalWSI: source-present app=382 duration-us=207 hr=0x0
info:  WSI: present origin=APPLICATION_SOURCE wsi=366 app=382 internal=0 acquire=366 image=2 generation=2
info:  WSI: app-completion app=382 app-signal=deferred
info:  WSI: app-frame-latency-signal app=382 via=source-present-retirement
info:  InternalWSI: source-present app=383 duration-us=210 hr=0x0
info:  WSI: present origin=APPLICATION_SOURCE wsi=367 app=383 internal=0 acquire=367 image=0 generation=2
info:  WSI: app-completion app=383 app-signal=deferred
info:  WSI: app-frame-latency-signal app=383 via=source-present-retirement
info:  InternalWSI: source-present app=384 duration-us=278 hr=0x0
info:  WSI: present origin=APPLICATION_SOURCE wsi=368 app=384 internal=0 acquire=368 image=1 generation=2
info:  WSI: app-completion app=384 app-signal=deferred
info:  WSI: app-frame-latency-signal app=384 via=source-present-retirement
info:  InternalWSI: source-present app=385 duration-us=203 hr=0x0
info:  WSI: present origin=APPLICATION_SOURCE wsi=369 app=385 internal=0 acquire=369 image=2 generation=2
info:  WSI: app-frame-latency-signal app=385 via=source-submit-completion
info:  WSI: app-completion app=385 app-signal=signaled
info:  InternalWSI: source-present app=386 duration-us=202 hr=0x0
info:  WSI: present origin=APPLICATION_SOURCE wsi=370 app=386 internal=0 acquire=370 image=0 generation=2
info:  WSI: app-frame-latency-signal app=386 via=source-submit-completion
info:  WSI: app-completion app=386 app-signal=signaled
info:  InternalWSI: source-present app=387 duration-us=252 hr=0x0
info:  WSI: present origin=APPLICATION_SOURCE wsi=371 app=387 internal=0 acquire=371 image=1 generation=2
info:  WSI: app-completion app=387 app-signal=deferred
info:  WSI: app-frame-latency-signal app=387 via=source-present-retirement
info:  InternalWSI: source-present app=388 duration-us=202 hr=0x0
info:  WSI: present origin=APPLICATION_SOURCE wsi=372 app=388 internal=0 acquire=372 image=2 generation=2
info:  WSI: app-completion app=388 app-signal=deferred
info:  WSI: app-frame-latency-signal app=388 via=source-present-retirement
info:  InternalWSI: source-present app=389 duration-us=206 hr=0x0
info:  WSI: present origin=APPLICATION_SOURCE wsi=373 app=389 internal=0 acquire=373 image=0 generation=2
info:  WSI: app-frame-latency-signal app=389 via=source-submit-completion
info:  WSI: app-completion app=389 app-signal=signaled
info:  InternalWSI: source-present app=390 duration-us=231 hr=0x0
info:  WSI: present origin=APPLICATION_SOURCE wsi=374 app=390 internal=0 acquire=374 image=1 generation=2
info:  WSI: app-frame-latency-signal app=390 via=source-submit-completion
info:  WSI: app-completion app=390 app-signal=signaled
info:  InternalWSI: source-present app=391 duration-us=207 hr=0x0
info:  WSI: present origin=APPLICATION_SOURCE wsi=375 app=391 internal=0 acquire=375 image=2 generation=2
info:  WSI: app-frame-latency-signal app=391 via=source-submit-completion
info:  WSI: app-completion app=391 app-signal=signaled
info:  InternalWSI: source-present app=392 duration-us=206 hr=0x0
info:  WSI: present origin=APPLICATION_SOURCE wsi=376 app=392 internal=0 acquire=376 image=0 generation=2
info:  WSI: app-completion app=392 app-signal=deferred
info:  WSI: app-frame-latency-signal app=392 via=source-present-retirement
info:  InternalWSI: source-present app=393 duration-us=193 hr=0x0
info:  WSI: present origin=APPLICATION_SOURCE wsi=377 app=393 internal=0 acquire=377 image=1 generation=2
info:  WSI: app-completion app=393 app-signal=deferred
info:  WSI: app-frame-latency-signal app=393 via=source-present-retirement
info:  InternalWSI: source-present app=394 duration-us=205 hr=0x0
info:  WSI: present origin=APPLICATION_SOURCE wsi=378 app=394 internal=0 acquire=378 image=2 generation=2
info:  WSI: app-completion app=394 app-signal=deferred
info:  WSI: app-frame-latency-signal app=394 via=source-present-retirement
info:  InternalWSI: source-present app=395 duration-us=204 hr=0x0
info:  WSI: present origin=APPLICATION_SOURCE wsi=379 app=395 internal=0 acquire=379 image=0 generation=2
info:  WSI: app-frame-latency-signal app=395 via=source-submit-completion
info:  WSI: app-completion app=395 app-signal=signaled
info:  InternalWSI: source-present app=396 duration-us=203 hr=0x0
info:  WSI: present origin=APPLICATION_SOURCE wsi=380 app=396 internal=0 acquire=380 image=1 generation=2
info:  WSI: app-frame-latency-signal app=396 via=source-submit-completion
info:  WSI: app-completion app=396 app-signal=signaled
info:  InternalWSI: source-present app=397 duration-us=220 hr=0x0
info:  WSI: present origin=APPLICATION_SOURCE wsi=381 app=397 internal=0 acquire=381 image=2 generation=2
info:  WSI: app-frame-latency-signal app=397 via=source-submit-completion
info:  WSI: app-completion app=397 app-signal=signaled
info:  InternalWSI: source-present app=398 duration-us=221 hr=0x0
info:  WSI: present origin=APPLICATION_SOURCE wsi=382 app=398 internal=0 acquire=382 image=0 generation=2
info:  WSI: app-frame-latency-signal app=398 via=source-submit-completion
info:  WSI: app-completion app=398 app-signal=signaled
info:  InternalWSI: source-present app=399 duration-us=207 hr=0x0
info:  WSI: present origin=APPLICATION_SOURCE wsi=383 app=399 internal=0 acquire=383 image=1 generation=2
info:  WSI: app-frame-latency-signal app=399 via=source-submit-completion
info:  WSI: app-completion app=399 app-signal=signaled
info:  InternalWSI: source-present app=400 duration-us=208 hr=0x0
info:  WSI: present origin=APPLICATION_SOURCE wsi=384 app=400 internal=0 acquire=384 image=2 generation=2
info:  WSI: app-completion app=400 app-signal=deferred
info:  WSI: app-frame-latency-signal app=400 via=source-present-retirement
info:  InternalWSI: source-present app=401 duration-us=199 hr=0x0
info:  WSI: present origin=APPLICATION_SOURCE wsi=385 app=401 internal=0 acquire=385 image=0 generation=2
info:  WSI: app-completion app=401 app-signal=deferred
info:  WSI: app-frame-latency-signal app=401 via=source-present-retirement
info:  InternalWSI: source-present app=402 duration-us=210 hr=0x0
info:  WSI: present origin=APPLICATION_SOURCE wsi=386 app=402 internal=0 acquire=386 image=1 generation=2
info:  WSI: app-completion app=402 app-signal=deferred
info:  WSI: app-frame-latency-signal app=402 via=source-present-retirement
info:  InternalWSI: source-present app=403 duration-us=198 hr=0x0
info:  WSI: present origin=APPLICATION_SOURCE wsi=387 app=403 internal=0 acquire=387 image=2 generation=2
info:  WSI: app-completion app=403 app-signal=deferred
info:  WSI: app-frame-latency-signal app=403 via=source-present-retirement
info:  InternalWSI: source-present app=404 duration-us=206 hr=0x0
info:  WSI: present origin=APPLICATION_SOURCE wsi=388 app=404 internal=0 acquire=388 image=0 generation=2
info:  WSI: app-completion app=404 app-signal=deferred
info:  WSI: app-frame-latency-signal app=404 via=source-present-retirement
info:  InternalWSI: source-present app=405 duration-us=202 hr=0x0
info:  WSI: present origin=APPLICATION_SOURCE wsi=389 app=405 internal=0 acquire=389 image=1 generation=2
info:  WSI: app-frame-latency-signal app=405 via=source-submit-completion
info:  WSI: app-completion app=405 app-signal=signaled
info:  InternalWSI: source-present app=406 duration-us=206 hr=0x0
info:  WSI: present origin=APPLICATION_SOURCE wsi=390 app=406 internal=0 acquire=390 image=2 generation=2
info:  WSI: app-completion app=406 app-signal=deferred
info:  WSI: app-frame-latency-signal app=406 via=source-present-retirement
info:  InternalWSI: source-present app=407 duration-us=209 hr=0x0
info:  WSI: present origin=APPLICATION_SOURCE wsi=391 app=407 internal=0 acquire=391 image=0 generation=2
info:  WSI: app-completion app=407 app-signal=deferred
info:  WSI: app-frame-latency-signal app=407 via=source-present-retirement
info:  InternalWSI: source-present app=408 duration-us=209 hr=0x0
info:  WSI: present origin=APPLICATION_SOURCE wsi=392 app=408 internal=0 acquire=392 image=1 generation=2
info:  WSI: app-frame-latency-signal app=408 via=source-submit-completion
info:  WSI: app-completion app=408 app-signal=signaled
info:  InternalWSI: source-present app=409 duration-us=203 hr=0x0
info:  WSI: present origin=APPLICATION_SOURCE wsi=393 app=409 internal=0 acquire=393 image=2 generation=2
info:  WSI: app-frame-latency-signal app=409 via=source-submit-completion
info:  WSI: app-completion app=409 app-signal=signaled
info:  InternalWSI: source-present app=410 duration-us=200 hr=0x0
info:  WSI: present origin=APPLICATION_SOURCE wsi=394 app=410 internal=0 acquire=394 image=0 generation=2
info:  WSI: app-completion app=410 app-signal=deferred
info:  WSI: app-frame-latency-signal app=410 via=source-present-retirement
info:  InternalWSI: source-present app=411 duration-us=196 hr=0x0
info:  WSI: present origin=APPLICATION_SOURCE wsi=395 app=411 internal=0 acquire=395 image=1 generation=2
info:  WSI: app-frame-latency-signal app=411 via=source-submit-completion
info:  WSI: app-completion app=411 app-signal=signaled
info:  InternalWSI: source-present app=412 duration-us=517 hr=0x0
info:  WSI: present origin=APPLICATION_SOURCE wsi=396 app=412 internal=0 acquire=396 image=2 generation=2
info:  WSI: app-completion app=412 app-signal=deferred
info:  WSI: app-frame-latency-signal app=412 via=source-present-retirement
info:  InternalWSI: source-present app=413 duration-us=198 hr=0x0
info:  WSI: present origin=APPLICATION_SOURCE wsi=397 app=413 internal=0 acquire=397 image=0 generation=2
info:  WSI: app-frame-latency-signal app=413 via=source-submit-completion
info:  WSI: app-completion app=413 app-signal=signaled
info:  InternalWSI: source-present app=414 duration-us=114 hr=0x0
info:  WSI: present origin=APPLICATION_SOURCE wsi=398 app=414 internal=0 acquire=398 image=1 generation=2
info:  WSI: app-completion app=414 app-signal=deferred
info:  WSI: app-frame-latency-signal app=414 via=source-present-retirement
info:  InternalWSI: source-present app=415 duration-us=220 hr=0x0
info:  WSI: present origin=APPLICATION_SOURCE wsi=399 app=415 internal=0 acquire=399 image=2 generation=2
info:  WSI: app-completion app=415 app-signal=deferred
info:  WSI: app-frame-latency-signal app=415 via=source-present-retirement
info:  InternalWSI: source-present app=416 duration-us=298 hr=0x0
info:  WSI: present origin=APPLICATION_SOURCE wsi=400 app=416 internal=0 acquire=400 image=0 generation=2
info:  WSI: app-frame-latency-signal app=416 via=source-submit-completion
info:  WSI: app-completion app=416 app-signal=signaled
info:  InternalWSI: source-present app=417 duration-us=203 hr=0x0
info:  WSI: present origin=APPLICATION_SOURCE wsi=401 app=417 internal=0 acquire=401 image=1 generation=2
info:  WSI: app-frame-latency-signal app=417 via=source-submit-completion
info:  WSI: app-completion app=417 app-signal=signaled
info:  InternalWSI: source-present app=418 duration-us=206 hr=0x0
info:  WSI: present origin=APPLICATION_SOURCE wsi=402 app=418 internal=0 acquire=402 image=2 generation=2
info:  WSI: app-frame-latency-signal app=418 via=source-submit-completion
info:  WSI: app-completion app=418 app-signal=signaled
info:  InternalWSI: source-present app=419 duration-us=206 hr=0x0
info:  WSI: present origin=APPLICATION_SOURCE wsi=403 app=419 internal=0 acquire=403 image=0 generation=2
info:  WSI: app-completion app=419 app-signal=deferred
info:  WSI: app-frame-latency-signal app=419 via=source-present-retirement
info:  InternalWSI: source-present app=420 duration-us=277 hr=0x0
info:  WSI: present origin=APPLICATION_SOURCE wsi=404 app=420 internal=0 acquire=404 image=1 generation=2
info:  WSI: app-frame-latency-signal app=420 via=source-submit-completion
info:  WSI: app-completion app=420 app-signal=signaled
info:  InternalWSI: source-present app=421 duration-us=197 hr=0x0
info:  WSI: present origin=APPLICATION_SOURCE wsi=405 app=421 internal=0 acquire=405 image=2 generation=2
info:  WSI: app-completion app=421 app-signal=deferred
info:  WSI: app-frame-latency-signal app=421 via=source-present-retirement
info:  InternalWSI: source-present app=422 duration-us=202 hr=0x0
info:  WSI: present origin=APPLICATION_SOURCE wsi=406 app=422 internal=0 acquire=406 image=0 generation=2
info:  WSI: app-frame-latency-signal app=422 via=source-submit-completion
info:  WSI: app-completion app=422 app-signal=signaled
info:  InternalWSI: source-present app=423 duration-us=369 hr=0x0
info:  WSI: present origin=APPLICATION_SOURCE wsi=407 app=423 internal=0 acquire=407 image=1 generation=2
info:  WSI: app-frame-latency-signal app=423 via=source-submit-completion
info:  WSI: app-completion app=423 app-signal=signaled
info:  InternalWSI: source-present app=424 duration-us=214 hr=0x0
info:  WSI: present origin=APPLICATION_SOURCE wsi=408 app=424 internal=0 acquire=408 image=2 generation=2
info:  WSI: app-completion app=424 app-signal=deferred
info:  WSI: app-frame-latency-signal app=424 via=source-present-retirement
info:  InternalWSI: source-present app=425 duration-us=208 hr=0x0
info:  WSI: present origin=APPLICATION_SOURCE wsi=409 app=425 internal=0 acquire=409 image=0 generation=2
info:  WSI: app-frame-latency-signal app=425 via=source-submit-completion
info:  WSI: app-completion app=425 app-signal=signaled
info:  InternalWSI: source-present app=426 duration-us=207 hr=0x0
info:  WSI: present origin=APPLICATION_SOURCE wsi=410 app=426 internal=0 acquire=410 image=1 generation=2
info:  WSI: app-completion app=426 app-signal=deferred
info:  WSI: app-frame-latency-signal app=426 via=source-present-retirement
info:  InternalWSI: source-present app=427 duration-us=235 hr=0x0
info:  WSI: present origin=APPLICATION_SOURCE wsi=411 app=427 internal=0 acquire=411 image=2 generation=2
info:  WSI: app-frame-latency-signal app=427 via=source-submit-completion
info:  WSI: app-completion app=427 app-signal=signaled
info:  InternalWSI: source-present app=428 duration-us=228 hr=0x0
info:  WSI: present origin=APPLICATION_SOURCE wsi=412 app=428 internal=0 acquire=412 image=0 generation=2
info:  WSI: app-completion app=428 app-signal=deferred
info:  WSI: app-frame-latency-signal app=428 via=source-present-retirement
info:  InternalWSI: source-present app=429 duration-us=303 hr=0x0
info:  WSI: present origin=APPLICATION_SOURCE wsi=413 app=429 internal=0 acquire=413 image=1 generation=2
info:  WSI: app-completion app=429 app-signal=deferred
info:  WSI: app-frame-latency-signal app=429 via=source-present-retirement
info:  InternalWSI: source-present app=430 duration-us=105 hr=0x0
info:  WSI: present origin=APPLICATION_SOURCE wsi=414 app=430 internal=0 acquire=414 image=2 generation=2
info:  WSI: app-completion app=430 app-signal=deferred
info:  WSI: app-frame-latency-signal app=430 via=source-present-retirement
info:  InternalWSI: source-present app=431 duration-us=194 hr=0x0
info:  WSI: present origin=APPLICATION_SOURCE wsi=415 app=431 internal=0 acquire=415 image=0 generation=2
info:  WSI: app-frame-latency-signal app=431 via=source-submit-completion
info:  WSI: app-completion app=431 app-signal=signaled
info:  InternalWSI: source-present app=432 duration-us=215 hr=0x0
info:  WSI: present origin=APPLICATION_SOURCE wsi=416 app=432 internal=0 acquire=416 image=1 generation=2
info:  WSI: app-frame-latency-signal app=432 via=source-submit-completion
info:  WSI: app-completion app=432 app-signal=signaled
info:  InternalWSI: source-present app=433 duration-us=201 hr=0x0
info:  WSI: present origin=APPLICATION_SOURCE wsi=417 app=433 internal=0 acquire=417 image=2 generation=2
info:  WSI: app-frame-latency-signal app=433 via=source-submit-completion
info:  WSI: app-completion app=433 app-signal=signaled
info:  InternalWSI: source-present app=434 duration-us=178 hr=0x0
info:  WSI: present origin=APPLICATION_SOURCE wsi=418 app=434 internal=0 acquire=418 image=0 generation=2
info:  WSI: app-completion app=434 app-signal=deferred
info:  WSI: app-frame-latency-signal app=434 via=source-present-retirement
info:  InternalWSI: source-present app=435 duration-us=212 hr=0x0
info:  WSI: present origin=APPLICATION_SOURCE wsi=419 app=435 internal=0 acquire=419 image=1 generation=2
info:  WSI: app-frame-latency-signal app=435 via=source-submit-completion
info:  WSI: app-completion app=435 app-signal=signaled
info:  InternalWSI: source-present app=436 duration-us=188 hr=0x0
info:  WSI: present origin=APPLICATION_SOURCE wsi=420 app=436 internal=0 acquire=420 image=2 generation=2
info:  WSI: app-frame-latency-signal app=436 via=source-submit-completion
info:  WSI: app-completion app=436 app-signal=signaled
info:  InternalWSI: source-present app=437 duration-us=311 hr=0x0
info:  WSI: present origin=APPLICATION_SOURCE wsi=421 app=437 internal=0 acquire=421 image=0 generation=2
info:  WSI: app-frame-latency-signal app=437 via=source-submit-completion
info:  WSI: app-completion app=437 app-signal=signaled
info:  InternalWSI: source-present app=438 duration-us=190 hr=0x0
info:  WSI: present origin=APPLICATION_SOURCE wsi=422 app=438 internal=0 acquire=422 image=1 generation=2
info:  WSI: app-frame-latency-signal app=438 via=source-submit-completion
info:  WSI: app-completion app=438 app-signal=signaled
info:  InternalWSI: source-present app=439 duration-us=190 hr=0x0
info:  WSI: present origin=APPLICATION_SOURCE wsi=423 app=439 internal=0 acquire=423 image=2 generation=2
info:  WSI: app-frame-latency-signal app=439 via=source-submit-completion
info:  WSI: app-completion app=439 app-signal=signaled
info:  InternalWSI: source-present app=440 duration-us=204 hr=0x0
info:  WSI: present origin=APPLICATION_SOURCE wsi=424 app=440 internal=0 acquire=424 image=0 generation=2
info:  WSI: app-frame-latency-signal app=440 via=source-submit-completion
info:  WSI: app-completion app=440 app-signal=signaled
info:  InternalWSI: source-present app=441 duration-us=214 hr=0x0
info:  WSI: present origin=APPLICATION_SOURCE wsi=425 app=441 internal=0 acquire=425 image=1 generation=2
info:  WSI: app-frame-latency-signal app=441 via=source-submit-completion
info:  WSI: app-completion app=441 app-signal=signaled
info:  InternalWSI: source-present app=442 duration-us=206 hr=0x0
info:  WSI: present origin=APPLICATION_SOURCE wsi=426 app=442 internal=0 acquire=426 image=2 generation=2
info:  WSI: app-frame-latency-signal app=442 via=source-submit-completion
info:  WSI: app-completion app=442 app-signal=signaled
info:  InternalWSI: source-present app=443 duration-us=203 hr=0x0
info:  WSI: present origin=APPLICATION_SOURCE wsi=427 app=443 internal=0 acquire=427 image=0 generation=2
info:  WSI: app-frame-latency-signal app=443 via=source-submit-completion
info:  WSI: app-completion app=443 app-signal=signaled
info:  InternalWSI: source-present app=444 duration-us=634 hr=0x0
info:  WSI: present origin=APPLICATION_SOURCE wsi=428 app=444 internal=0 acquire=428 image=1 generation=2
info:  WSI: app-frame-latency-signal app=444 via=source-submit-completion
info:  WSI: app-completion app=444 app-signal=signaled
info:  InternalWSI: source-present app=445 duration-us=193 hr=0x0
info:  WSI: present origin=APPLICATION_SOURCE wsi=429 app=445 internal=0 acquire=429 image=2 generation=2
info:  WSI: app-frame-latency-signal app=445 via=source-submit-completion
info:  WSI: app-completion app=445 app-signal=signaled
info:  InternalWSI: source-present app=446 duration-us=192 hr=0x0
info:  WSI: present origin=APPLICATION_SOURCE wsi=430 app=446 internal=0 acquire=430 image=0 generation=2
info:  WSI: app-frame-latency-signal app=446 via=source-submit-completion
info:  WSI: app-completion app=446 app-signal=signaled
info:  InternalWSI: source-present app=447 duration-us=193 hr=0x0
info:  WSI: present origin=APPLICATION_SOURCE wsi=431 app=447 internal=0 acquire=431 image=1 generation=2
info:  WSI: app-frame-latency-signal app=447 via=source-submit-completion
info:  WSI: app-completion app=447 app-signal=signaled
info:  InternalWSI: source-present app=448 duration-us=209 hr=0x0
info:  WSI: present origin=APPLICATION_SOURCE wsi=432 app=448 internal=0 acquire=432 image=2 generation=2
info:  WSI: app-frame-latency-signal app=448 via=source-submit-completion
info:  WSI: app-completion app=448 app-signal=signaled
info:  InternalWSI: source-present app=449 duration-us=193 hr=0x0
info:  WSI: present origin=APPLICATION_SOURCE wsi=433 app=449 internal=0 acquire=433 image=0 generation=2
info:  WSI: app-completion app=449 app-signal=deferred
info:  WSI: app-frame-latency-signal app=449 via=source-present-retirement
info:  InternalWSI: source-present app=450 duration-us=208 hr=0x0
info:  WSI: present origin=APPLICATION_SOURCE wsi=434 app=450 internal=0 acquire=434 image=1 generation=2
info:  WSI: app-frame-latency-signal app=450 via=source-submit-completion
info:  WSI: app-completion app=450 app-signal=signaled
info:  InternalWSI: source-present app=451 duration-us=192 hr=0x0
info:  WSI: present origin=APPLICATION_SOURCE wsi=435 app=451 internal=0 acquire=435 image=2 generation=2
info:  WSI: app-frame-latency-signal app=451 via=source-submit-completion
info:  WSI: app-completion app=451 app-signal=signaled
info:  InternalWSI: source-present app=452 duration-us=209 hr=0x0
info:  WSI: present origin=APPLICATION_SOURCE wsi=436 app=452 internal=0 acquire=436 image=0 generation=2
info:  WSI: app-frame-latency-signal app=452 via=source-submit-completion
info:  WSI: app-completion app=452 app-signal=signaled
info:  InternalWSI: source-present app=453 duration-us=221 hr=0x0
info:  WSI: present origin=APPLICATION_SOURCE wsi=437 app=453 internal=0 acquire=437 image=1 generation=2
info:  WSI: app-frame-latency-signal app=453 via=source-submit-completion
info:  WSI: app-completion app=453 app-signal=signaled
info:  InternalWSI: source-present app=454 duration-us=215 hr=0x0
info:  WSI: present origin=APPLICATION_SOURCE wsi=438 app=454 internal=0 acquire=438 image=2 generation=2
info:  WSI: app-completion app=454 app-signal=deferred
info:  WSI: app-frame-latency-signal app=454 via=source-present-retirement
info:  InternalWSI: source-present app=455 duration-us=360 hr=0x0
info:  WSI: present origin=APPLICATION_SOURCE wsi=439 app=455 internal=0 acquire=439 image=0 generation=2
info:  WSI: app-frame-latency-signal app=455 via=source-submit-completion
info:  WSI: app-completion app=455 app-signal=signaled
info:  InternalWSI: source-present app=456 duration-us=217 hr=0x0
info:  WSI: present origin=APPLICATION_SOURCE wsi=440 app=456 internal=0 acquire=440 image=1 generation=2
info:  WSI: app-frame-latency-signal app=456 via=source-submit-completion
info:  WSI: app-completion app=456 app-signal=signaled
info:  InternalWSI: source-present app=457 duration-us=503 hr=0x0
info:  WSI: present origin=APPLICATION_SOURCE wsi=441 app=457 internal=0 acquire=441 image=2 generation=2
info:  WSI: app-frame-latency-signal app=457 via=source-submit-completion
info:  WSI: app-completion app=457 app-signal=signaled
info:  InternalWSI: source-present app=458 duration-us=207 hr=0x0
info:  WSI: present origin=APPLICATION_SOURCE wsi=442 app=458 internal=0 acquire=442 image=0 generation=2
info:  WSI: app-frame-latency-signal app=458 via=source-submit-completion
info:  WSI: app-completion app=458 app-signal=signaled
info:  InternalWSI: source-present app=459 duration-us=85 hr=0x0
info:  WSI: present origin=APPLICATION_SOURCE wsi=443 app=459 internal=0 acquire=443 image=1 generation=2
info:  WSI: app-completion app=459 app-signal=deferred
info:  WSI: app-frame-latency-signal app=459 via=source-present-retirement
info:  InternalWSI: source-present app=460 duration-us=73 hr=0x0
info:  WSI: present origin=APPLICATION_SOURCE wsi=444 app=460 internal=0 acquire=444 image=2 generation=2
info:  WSI: app-completion app=460 app-signal=deferred
info:  WSI: app-frame-latency-signal app=460 via=source-present-retirement
info:  InternalWSI: source-present app=461 duration-us=61 hr=0x0
info:  WSI: present origin=APPLICATION_SOURCE wsi=445 app=461 internal=0 acquire=445 image=0 generation=2
info:  WSI: app-completion app=461 app-signal=deferred
info:  WSI: app-frame-latency-signal app=461 via=source-present-retirement
info:  InternalWSI: source-present app=462 duration-us=60 hr=0x0
info:  WSI: present origin=APPLICATION_SOURCE wsi=446 app=462 internal=0 acquire=446 image=1 generation=2
info:  WSI: app-completion app=462 app-signal=deferred
info:  WSI: app-frame-latency-signal app=462 via=source-present-retirement
info:  InternalWSI: source-present app=463 duration-us=124 hr=0x0
info:  WSI: present origin=APPLICATION_SOURCE wsi=447 app=463 internal=0 acquire=447 image=2 generation=2
info:  WSI: app-completion app=463 app-signal=deferred
info:  WSI: app-frame-latency-signal app=463 via=source-present-retirement
info:  InternalWSI: source-present app=464 duration-us=133 hr=0x0
info:  WSI: present origin=APPLICATION_SOURCE wsi=448 app=464 internal=0 acquire=448 image=0 generation=2
info:  WSI: app-completion app=464 app-signal=deferred
info:  WSI: app-frame-latency-signal app=464 via=source-present-retirement
info:  InternalWSI: source-present app=465 duration-us=217 hr=0x0
info:  WSI: present origin=APPLICATION_SOURCE wsi=449 app=465 internal=0 acquire=449 image=1 generation=2
info:  WSI: app-completion app=465 app-signal=deferred
info:  WSI: app-frame-latency-signal app=465 via=source-present-retirement
info:  InternalWSI: source-present app=466 duration-us=221 hr=0x0
info:  WSI: present origin=APPLICATION_SOURCE wsi=450 app=466 internal=0 acquire=450 image=2 generation=2
info:  WSI: app-completion app=466 app-signal=deferred
info:  WSI: app-frame-latency-signal app=466 via=source-present-retirement
info:  InternalWSI: source-present app=467 duration-us=377 hr=0x0
info:  WSI: present origin=APPLICATION_SOURCE wsi=451 app=467 internal=0 acquire=451 image=0 generation=2
info:  WSI: app-frame-latency-signal app=467 via=source-submit-completion
info:  WSI: app-completion app=467 app-signal=signaled
info:  InternalWSI: source-present app=468 duration-us=211 hr=0x0
info:  WSI: present origin=APPLICATION_SOURCE wsi=452 app=468 internal=0 acquire=452 image=1 generation=2
info:  WSI: app-frame-latency-signal app=468 via=source-submit-completion
info:  WSI: app-completion app=468 app-signal=signaled
info:  InternalWSI: source-present app=469 duration-us=205 hr=0x0
info:  WSI: present origin=APPLICATION_SOURCE wsi=453 app=469 internal=0 acquire=453 image=2 generation=2
info:  WSI: app-frame-latency-signal app=469 via=source-submit-completion
info:  WSI: app-completion app=469 app-signal=signaled
info:  InternalWSI: source-present app=470 duration-us=207 hr=0x0
info:  WSI: present origin=APPLICATION_SOURCE wsi=454 app=470 internal=0 acquire=454 image=0 generation=2
info:  WSI: app-frame-latency-signal app=470 via=source-submit-completion
info:  WSI: app-completion app=470 app-signal=signaled
info:  InternalWSI: source-present app=471 duration-us=209 hr=0x0
info:  WSI: present origin=APPLICATION_SOURCE wsi=455 app=471 internal=0 acquire=455 image=1 generation=2
info:  WSI: app-completion app=471 app-signal=deferred
info:  WSI: app-frame-latency-signal app=471 via=source-present-retirement
info:  InternalWSI: source-present app=472 duration-us=210 hr=0x0
info:  WSI: present origin=APPLICATION_SOURCE wsi=456 app=472 internal=0 acquire=456 image=2 generation=2
info:  WSI: app-frame-latency-signal app=472 via=source-submit-completion
info:  WSI: app-completion app=472 app-signal=signaled
info:  InternalWSI: source-present app=473 duration-us=281 hr=0x0
info:  WSI: present origin=APPLICATION_SOURCE wsi=457 app=473 internal=0 acquire=457 image=0 generation=2
info:  WSI: app-frame-latency-signal app=473 via=source-submit-completion
info:  WSI: app-completion app=473 app-signal=signaled
info:  InternalWSI: source-present app=474 duration-us=244 hr=0x0
info:  WSI: present origin=APPLICATION_SOURCE wsi=458 app=474 internal=0 acquire=458 image=1 generation=2
info:  WSI: app-frame-latency-signal app=474 via=source-submit-completion
info:  WSI: app-completion app=474 app-signal=signaled
info:  InternalWSI: source-present app=475 duration-us=216 hr=0x0
info:  WSI: present origin=APPLICATION_SOURCE wsi=459 app=475 internal=0 acquire=459 image=2 generation=2
info:  WSI: app-completion app=475 app-signal=deferred
info:  WSI: app-frame-latency-signal app=475 via=source-present-retirement
info:  InternalWSI: source-present app=476 duration-us=204 hr=0x0
info:  WSI: present origin=APPLICATION_SOURCE wsi=460 app=476 internal=0 acquire=460 image=0 generation=2
info:  WSI: app-completion app=476 app-signal=deferred
info:  WSI: app-frame-latency-signal app=476 via=source-present-retirement
info:  InternalWSI: source-present app=477 duration-us=199 hr=0x0
info:  WSI: present origin=APPLICATION_SOURCE wsi=461 app=477 internal=0 acquire=461 image=1 generation=2
info:  WSI: app-frame-latency-signal app=477 via=source-submit-completion
info:  WSI: app-completion app=477 app-signal=signaled
info:  InternalWSI: source-present app=478 duration-us=208 hr=0x0
info:  WSI: present origin=APPLICATION_SOURCE wsi=462 app=478 internal=0 acquire=462 image=2 generation=2
info:  WSI: app-completion app=478 app-signal=deferred
info:  WSI: app-frame-latency-signal app=478 via=source-present-retirement
info:  InternalWSI: source-present app=479 duration-us=207 hr=0x0
info:  WSI: present origin=APPLICATION_SOURCE wsi=463 app=479 internal=0 acquire=463 image=0 generation=2
info:  WSI: app-frame-latency-signal app=479 via=source-submit-completion
info:  WSI: app-completion app=479 app-signal=signaled
info:  InternalWSI: source-present app=480 duration-us=210 hr=0x0
info:  WSI: present origin=APPLICATION_SOURCE wsi=464 app=480 internal=0 acquire=464 image=1 generation=2
info:  WSI: app-frame-latency-signal app=480 via=source-submit-completion
info:  WSI: app-completion app=480 app-signal=signaled
info:  InternalWSI: source-present app=481 duration-us=217 hr=0x0
info:  WSI: present origin=APPLICATION_SOURCE wsi=465 app=481 internal=0 acquire=465 image=2 generation=2
info:  WSI: app-frame-latency-signal app=481 via=source-submit-completion
info:  WSI: app-completion app=481 app-signal=signaled
info:  InternalWSI: source-present app=482 duration-us=304 hr=0x0
info:  WSI: present origin=APPLICATION_SOURCE wsi=466 app=482 internal=0 acquire=466 image=0 generation=2
info:  WSI: app-completion app=482 app-signal=deferred
info:  WSI: app-frame-latency-signal app=482 via=source-present-retirement
info:  InternalWSI: source-present app=483 duration-us=192 hr=0x0
info:  WSI: present origin=APPLICATION_SOURCE wsi=467 app=483 internal=0 acquire=467 image=1 generation=2
info:  WSI: app-frame-latency-signal app=483 via=source-submit-completion
info:  WSI: app-completion app=483 app-signal=signaled
info:  InternalWSI: source-present app=484 duration-us=207 hr=0x0
info:  WSI: present origin=APPLICATION_SOURCE wsi=468 app=484 internal=0 acquire=468 image=2 generation=2
info:  WSI: app-frame-latency-signal app=484 via=source-submit-completion
info:  WSI: app-completion app=484 app-signal=signaled
info:  InternalWSI: source-present app=485 duration-us=200 hr=0x0
info:  WSI: present origin=APPLICATION_SOURCE wsi=469 app=485 internal=0 acquire=469 image=0 generation=2
info:  WSI: app-frame-latency-signal app=485 via=source-submit-completion
info:  WSI: app-completion app=485 app-signal=signaled
info:  InternalWSI: source-present app=486 duration-us=267 hr=0x0
info:  WSI: present origin=APPLICATION_SOURCE wsi=470 app=486 internal=0 acquire=470 image=1 generation=2
info:  WSI: app-completion app=486 app-signal=deferred
info:  WSI: app-frame-latency-signal app=486 via=source-present-retirement
info:  InternalWSI: source-present app=487 duration-us=396 hr=0x0
info:  WSI: present origin=APPLICATION_SOURCE wsi=471 app=487 internal=0 acquire=471 image=2 generation=2
info:  WSI: app-completion app=487 app-signal=deferred
info:  WSI: app-frame-latency-signal app=487 via=source-present-retirement
info:  InternalWSI: source-present app=488 duration-us=260 hr=0x0
info:  WSI: present origin=APPLICATION_SOURCE wsi=472 app=488 internal=0 acquire=472 image=0 generation=2
info:  WSI: app-frame-latency-signal app=488 via=source-submit-completion
info:  WSI: app-completion app=488 app-signal=signaled
info:  InternalWSI: source-present app=489 duration-us=199 hr=0x0
info:  WSI: present origin=APPLICATION_SOURCE wsi=473 app=489 internal=0 acquire=473 image=1 generation=2
info:  WSI: app-frame-latency-signal app=489 via=source-submit-completion
info:  WSI: app-completion app=489 app-signal=signaled
info:  InternalWSI: source-present app=490 duration-us=248 hr=0x0
info:  WSI: present origin=APPLICATION_SOURCE wsi=474 app=490 internal=0 acquire=474 image=2 generation=2
info:  WSI: app-frame-latency-signal app=490 via=source-submit-completion
info:  WSI: app-completion app=490 app-signal=signaled
info:  InternalWSI: source-present app=491 duration-us=220 hr=0x0
info:  WSI: present origin=APPLICATION_SOURCE wsi=475 app=491 internal=0 acquire=475 image=0 generation=2
info:  WSI: app-completion app=491 app-signal=deferred
info:  WSI: app-frame-latency-signal app=491 via=source-present-retirement
info:  InternalWSI: source-present app=492 duration-us=205 hr=0x0
info:  WSI: present origin=APPLICATION_SOURCE wsi=476 app=492 internal=0 acquire=476 image=1 generation=2
info:  WSI: app-completion app=492 app-signal=deferred
info:  WSI: app-frame-latency-signal app=492 via=source-present-retirement
info:  InternalWSI: source-present app=493 duration-us=212 hr=0x0
info:  WSI: present origin=APPLICATION_SOURCE wsi=477 app=493 internal=0 acquire=477 image=2 generation=2
info:  WSI: app-completion app=493 app-signal=deferred
info:  WSI: app-frame-latency-signal app=493 via=source-present-retirement
info:  InternalWSI: source-present app=494 duration-us=248 hr=0x0
info:  WSI: present origin=APPLICATION_SOURCE wsi=478 app=494 internal=0 acquire=478 image=0 generation=2
info:  WSI: app-frame-latency-signal app=494 via=source-submit-completion
info:  WSI: app-completion app=494 app-signal=signaled
info:  InternalWSI: source-present app=495 duration-us=201 hr=0x0
info:  WSI: present origin=APPLICATION_SOURCE wsi=479 app=495 internal=0 acquire=479 image=1 generation=2
info:  WSI: app-completion app=495 app-signal=deferred
info:  WSI: app-frame-latency-signal app=495 via=source-present-retirement
info:  InternalWSI: source-present app=496 duration-us=214 hr=0x0
info:  WSI: present origin=APPLICATION_SOURCE wsi=480 app=496 internal=0 acquire=480 image=2 generation=2
info:  WSI: app-completion app=496 app-signal=deferred
info:  WSI: app-frame-latency-signal app=496 via=source-present-retirement
info:  InternalWSI: source-present app=497 duration-us=202 hr=0x0
info:  WSI: present origin=APPLICATION_SOURCE wsi=481 app=497 internal=0 acquire=481 image=0 generation=2
info:  WSI: app-frame-latency-signal app=497 via=source-submit-completion
info:  WSI: app-completion app=497 app-signal=signaled
info:  InternalWSI: source-present app=498 duration-us=193 hr=0x0
info:  WSI: present origin=APPLICATION_SOURCE wsi=482 app=498 internal=0 acquire=482 image=1 generation=2
info:  WSI: app-frame-latency-signal app=498 via=source-submit-completion
info:  WSI: app-completion app=498 app-signal=signaled
info:  InternalWSI: source-present app=499 duration-us=202 hr=0x0
info:  WSI: present origin=APPLICATION_SOURCE wsi=483 app=499 internal=0 acquire=483 image=2 generation=2
info:  WSI: app-frame-latency-signal app=499 via=source-submit-completion
info:  WSI: app-completion app=499 app-signal=signaled
info:  InternalWSI: source-present app=500 duration-us=201 hr=0x0
info:  WSI: present origin=APPLICATION_SOURCE wsi=484 app=500 internal=0 acquire=484 image=0 generation=2
info:  WSI: app-frame-latency-signal app=500 via=source-submit-completion
info:  WSI: app-completion app=500 app-signal=signaled
info:  InternalWSI: source-present app=501 duration-us=204 hr=0x0
info:  WSI: present origin=APPLICATION_SOURCE wsi=485 app=501 internal=0 acquire=485 image=1 generation=2
info:  WSI: app-frame-latency-signal app=501 via=source-submit-completion
info:  WSI: app-completion app=501 app-signal=signaled
info:  InternalWSI: source-present app=502 duration-us=196 hr=0x0
info:  WSI: present origin=APPLICATION_SOURCE wsi=486 app=502 internal=0 acquire=486 image=2 generation=2
info:  WSI: app-frame-latency-signal app=502 via=source-submit-completion
info:  WSI: app-completion app=502 app-signal=signaled
info:  InternalWSI: source-present app=503 duration-us=183 hr=0x0
info:  WSI: present origin=APPLICATION_SOURCE wsi=487 app=503 internal=0 acquire=487 image=0 generation=2
info:  WSI: app-completion app=503 app-signal=deferred
info:  WSI: app-frame-latency-signal app=503 via=source-present-retirement
info:  InternalWSI: source-present app=504 duration-us=71 hr=0x0
info:  WSI: present origin=APPLICATION_SOURCE wsi=488 app=504 internal=0 acquire=488 image=1 generation=2
info:  WSI: app-completion app=504 app-signal=deferred
info:  WSI: app-frame-latency-signal app=504 via=source-present-retirement
info:  InternalWSI: source-present app=505 duration-us=66 hr=0x0
info:  WSI: present origin=APPLICATION_SOURCE wsi=489 app=505 internal=0 acquire=489 image=2 generation=2
info:  WSI: app-completion app=505 app-signal=deferred
info:  WSI: app-frame-latency-signal app=505 via=source-present-retirement
info:  InternalWSI: source-present app=506 duration-us=191 hr=0x0
info:  WSI: present origin=APPLICATION_SOURCE wsi=490 app=506 internal=0 acquire=490 image=0 generation=2
info:  WSI: app-completion app=506 app-signal=deferred
info:  WSI: app-frame-latency-signal app=506 via=source-present-retirement
info:  InternalWSI: source-present app=507 duration-us=179 hr=0x0
info:  WSI: present origin=APPLICATION_SOURCE wsi=491 app=507 internal=0 acquire=491 image=1 generation=2
info:  WSI: app-frame-latency-signal app=507 via=source-submit-completion
info:  WSI: app-completion app=507 app-signal=signaled
info:  InternalWSI: source-present app=508 duration-us=202 hr=0x0
info:  WSI: present origin=APPLICATION_SOURCE wsi=492 app=508 internal=0 acquire=492 image=2 generation=2
info:  WSI: app-frame-latency-signal app=508 via=source-submit-completion
info:  WSI: app-completion app=508 app-signal=signaled
info:  InternalWSI: source-present app=509 duration-us=211 hr=0x0
info:  WSI: present origin=APPLICATION_SOURCE wsi=493 app=509 internal=0 acquire=493 image=0 generation=2
info:  WSI: app-completion app=509 app-signal=deferred
info:  WSI: app-frame-latency-signal app=509 via=source-present-retirement
info:  InternalWSI: source-present app=510 duration-us=201 hr=0x0
info:  WSI: present origin=APPLICATION_SOURCE wsi=494 app=510 internal=0 acquire=494 image=1 generation=2
info:  WSI: app-completion app=510 app-signal=deferred
info:  WSI: app-frame-latency-signal app=510 via=source-present-retirement
info:  InternalWSI: source-present app=511 duration-us=200 hr=0x0
info:  WSI: present origin=APPLICATION_SOURCE wsi=495 app=511 internal=0 acquire=495 image=2 generation=2
info:  WSI: app-frame-latency-signal app=511 via=source-submit-completion
info:  WSI: app-completion app=511 app-signal=signaled
info:  InternalWSI: source-present app=512 duration-us=209 hr=0x0
info:  WSI: present origin=APPLICATION_SOURCE wsi=496 app=512 internal=0 acquire=496 image=0 generation=2
info:  WSI: app-frame-latency-signal app=512 via=source-submit-completion
info:  WSI: app-completion app=512 app-signal=signaled
info:  InternalWSI: source-present app=513 duration-us=201 hr=0x0
info:  WSI: present origin=APPLICATION_SOURCE wsi=497 app=513 internal=0 acquire=497 image=1 generation=2
info:  WSI: app-frame-latency-signal app=513 via=source-submit-completion
info:  WSI: app-completion app=513 app-signal=signaled
info:  InternalWSI: source-present app=514 duration-us=196 hr=0x0
info:  WSI: present origin=APPLICATION_SOURCE wsi=498 app=514 internal=0 acquire=498 image=2 generation=2
info:  WSI: app-completion app=514 app-signal=deferred
info:  WSI: app-frame-latency-signal app=514 via=source-present-retirement
info:  InternalWSI: source-present app=515 duration-us=199 hr=0x0
info:  WSI: present origin=APPLICATION_SOURCE wsi=499 app=515 internal=0 acquire=499 image=0 generation=2
info:  WSI: app-completion app=515 app-signal=deferred
info:  WSI: app-frame-latency-signal app=515 via=source-present-retirement
info:  InternalWSI: source-present app=516 duration-us=211 hr=0x0
info:  WSI: present origin=APPLICATION_SOURCE wsi=500 app=516 internal=0 acquire=500 image=1 generation=2
info:  WSI: app-frame-latency-signal app=516 via=source-submit-completion
info:  WSI: app-completion app=516 app-signal=signaled
info:  InternalWSI: source-present app=517 duration-us=220 hr=0x0
info:  WSI: present origin=APPLICATION_SOURCE wsi=501 app=517 internal=0 acquire=501 image=2 generation=2
info:  WSI: app-frame-latency-signal app=517 via=source-submit-completion
info:  WSI: app-completion app=517 app-signal=signaled
info:  InternalWSI: source-present app=518 duration-us=194 hr=0x0
info:  WSI: present origin=APPLICATION_SOURCE wsi=502 app=518 internal=0 acquire=502 image=0 generation=2
info:  WSI: app-frame-latency-signal app=518 via=source-submit-completion
info:  WSI: app-completion app=518 app-signal=signaled
info:  InternalWSI: source-present app=519 duration-us=211 hr=0x0
info:  WSI: present origin=APPLICATION_SOURCE wsi=503 app=519 internal=0 acquire=503 image=1 generation=2
info:  WSI: app-completion app=519 app-signal=deferred
info:  WSI: app-frame-latency-signal app=519 via=source-present-retirement
info:  InternalWSI: source-present app=520 duration-us=217 hr=0x0
info:  WSI: present origin=APPLICATION_SOURCE wsi=504 app=520 internal=0 acquire=504 image=2 generation=2
info:  WSI: app-frame-latency-signal app=520 via=source-submit-completion
info:  WSI: app-completion app=520 app-signal=signaled
info:  InternalWSI: source-present app=521 duration-us=203 hr=0x0
info:  WSI: present origin=APPLICATION_SOURCE wsi=505 app=521 internal=0 acquire=505 image=0 generation=2
info:  WSI: app-frame-latency-signal app=521 via=source-submit-completion
info:  WSI: app-completion app=521 app-signal=signaled
info:  InternalWSI: source-present app=522 duration-us=228 hr=0x0
info:  WSI: present origin=APPLICATION_SOURCE wsi=506 app=522 internal=0 acquire=506 image=1 generation=2
info:  WSI: app-frame-latency-signal app=522 via=source-submit-completion
info:  WSI: app-completion app=522 app-signal=signaled
info:  InternalWSI: source-present app=523 duration-us=200 hr=0x0
info:  WSI: present origin=APPLICATION_SOURCE wsi=507 app=523 internal=0 acquire=507 image=2 generation=2
info:  WSI: app-frame-latency-signal app=523 via=source-submit-completion
info:  WSI: app-completion app=523 app-signal=signaled
info:  InternalWSI: source-present app=524 duration-us=198 hr=0x0
info:  WSI: present origin=APPLICATION_SOURCE wsi=508 app=524 internal=0 acquire=508 image=0 generation=2
info:  WSI: app-completion app=524 app-signal=deferred
info:  WSI: app-frame-latency-signal app=524 via=source-present-retirement
info:  InternalWSI: source-present app=525 duration-us=201 hr=0x0
info:  WSI: present origin=APPLICATION_SOURCE wsi=509 app=525 internal=0 acquire=509 image=1 generation=2
info:  WSI: app-frame-latency-signal app=525 via=source-submit-completion
info:  WSI: app-completion app=525 app-signal=signaled
info:  InternalWSI: source-present app=526 duration-us=313 hr=0x0
info:  WSI: present origin=APPLICATION_SOURCE wsi=510 app=526 internal=0 acquire=510 image=2 generation=2
info:  WSI: app-frame-latency-signal app=526 via=source-submit-completion
info:  WSI: app-completion app=526 app-signal=signaled
info:  InternalWSI: source-present app=527 duration-us=202 hr=0x0
info:  WSI: present origin=APPLICATION_SOURCE wsi=511 app=527 internal=0 acquire=511 image=0 generation=2
info:  WSI: app-completion app=527 app-signal=deferred
info:  WSI: app-frame-latency-signal app=527 via=source-present-retirement
info:  InternalWSI: source-present app=528 duration-us=207 hr=0x0
info:  WSI: present origin=APPLICATION_SOURCE wsi=512 app=528 internal=0 acquire=512 image=1 generation=2
info:  WSI: app-frame-latency-signal app=528 via=source-submit-completion
info:  WSI: app-completion app=528 app-signal=signaled
info:  InternalWSI: source-present app=529 duration-us=206 hr=0x0
info:  WSI: present origin=APPLICATION_SOURCE wsi=513 app=529 internal=0 acquire=513 image=2 generation=2
info:  WSI: app-frame-latency-signal app=529 via=source-submit-completion
info:  WSI: app-completion app=529 app-signal=signaled
info:  InternalWSI: source-present app=530 duration-us=206 hr=0x0
info:  WSI: present origin=APPLICATION_SOURCE wsi=514 app=530 internal=0 acquire=514 image=0 generation=2
info:  WSI: app-frame-latency-signal app=530 via=source-submit-completion
info:  WSI: app-completion app=530 app-signal=signaled
info:  InternalWSI: source-present app=531 duration-us=251 hr=0x0
info:  WSI: present origin=APPLICATION_SOURCE wsi=515 app=531 internal=0 acquire=515 image=1 generation=2
info:  WSI: app-frame-latency-signal app=531 via=source-submit-completion
info:  WSI: app-completion app=531 app-signal=signaled
info:  InternalWSI: source-present app=532 duration-us=208 hr=0x0
info:  WSI: present origin=APPLICATION_SOURCE wsi=516 app=532 internal=0 acquire=516 image=2 generation=2
info:  WSI: app-completion app=532 app-signal=deferred
info:  WSI: app-frame-latency-signal app=532 via=source-present-retirement
info:  InternalWSI: source-present app=533 duration-us=203 hr=0x0
info:  WSI: present origin=APPLICATION_SOURCE wsi=517 app=533 internal=0 acquire=517 image=0 generation=2
info:  WSI: app-frame-latency-signal app=533 via=source-submit-completion
info:  WSI: app-completion app=533 app-signal=signaled
info:  InternalWSI: source-present app=534 duration-us=191 hr=0x0
info:  WSI: present origin=APPLICATION_SOURCE wsi=518 app=534 internal=0 acquire=518 image=1 generation=2
info:  WSI: app-completion app=534 app-signal=deferred
info:  WSI: app-frame-latency-signal app=534 via=source-present-retirement
info:  InternalWSI: source-present app=535 duration-us=198 hr=0x0
info:  WSI: present origin=APPLICATION_SOURCE wsi=519 app=535 internal=0 acquire=519 image=2 generation=2
info:  WSI: app-frame-latency-signal app=535 via=source-submit-completion
info:  WSI: app-completion app=535 app-signal=signaled
info:  InternalWSI: source-present app=536 duration-us=204 hr=0x0
info:  WSI: present origin=APPLICATION_SOURCE wsi=520 app=536 internal=0 acquire=520 image=0 generation=2
info:  WSI: app-frame-latency-signal app=536 via=source-submit-completion
info:  WSI: app-completion app=536 app-signal=signaled
info:  InternalWSI: source-present app=537 duration-us=203 hr=0x0
info:  WSI: present origin=APPLICATION_SOURCE wsi=521 app=537 internal=0 acquire=521 image=1 generation=2
info:  WSI: app-frame-latency-signal app=537 via=source-submit-completion
info:  WSI: app-completion app=537 app-signal=signaled
info:  InternalWSI: source-present app=538 duration-us=204 hr=0x0
info:  WSI: present origin=APPLICATION_SOURCE wsi=522 app=538 internal=0 acquire=522 image=2 generation=2
info:  WSI: app-frame-latency-signal app=538 via=source-submit-completion
info:  WSI: app-completion app=538 app-signal=signaled
info:  InternalWSI: source-present app=539 duration-us=211 hr=0x0
info:  WSI: present origin=APPLICATION_SOURCE wsi=523 app=539 internal=0 acquire=523 image=0 generation=2
info:  WSI: app-frame-latency-signal app=539 via=source-submit-completion
info:  WSI: app-completion app=539 app-signal=signaled
info:  InternalWSI: source-present app=540 duration-us=209 hr=0x0
info:  WSI: present origin=APPLICATION_SOURCE wsi=524 app=540 internal=0 acquire=524 image=1 generation=2
info:  WSI: app-completion app=540 app-signal=deferred
info:  WSI: app-frame-latency-signal app=540 via=source-present-retirement
info:  InternalWSI: source-present app=541 duration-us=204 hr=0x0
info:  WSI: present origin=APPLICATION_SOURCE wsi=525 app=541 internal=0 acquire=525 image=2 generation=2
info:  WSI: app-frame-latency-signal app=541 via=source-submit-completion
info:  WSI: app-completion app=541 app-signal=signaled
info:  InternalWSI: source-present app=542 duration-us=303 hr=0x0
info:  WSI: present origin=APPLICATION_SOURCE wsi=526 app=542 internal=0 acquire=526 image=0 generation=2
info:  WSI: app-completion app=542 app-signal=deferred
info:  WSI: app-frame-latency-signal app=542 via=source-present-retirement
info:  InternalWSI: source-present app=543 duration-us=196 hr=0x0
info:  WSI: present origin=APPLICATION_SOURCE wsi=527 app=543 internal=0 acquire=527 image=1 generation=2
info:  WSI: app-completion app=543 app-signal=deferred
info:  WSI: app-frame-latency-signal app=543 via=source-present-retirement
info:  InternalWSI: source-present app=544 duration-us=387 hr=0x0
info:  WSI: present origin=APPLICATION_SOURCE wsi=528 app=544 internal=0 acquire=528 image=2 generation=2
info:  WSI: app-completion app=544 app-signal=deferred
info:  WSI: app-frame-latency-signal app=544 via=source-present-retirement
info:  InternalWSI: source-present app=545 duration-us=212 hr=0x0
info:  WSI: present origin=APPLICATION_SOURCE wsi=529 app=545 internal=0 acquire=529 image=0 generation=2
info:  WSI: app-completion app=545 app-signal=deferred
info:  WSI: app-frame-latency-signal app=545 via=source-present-retirement
info:  InternalWSI: source-present app=546 duration-us=108 hr=0x0
info:  WSI: present origin=APPLICATION_SOURCE wsi=530 app=546 internal=0 acquire=530 image=1 generation=2
info:  WSI: app-completion app=546 app-signal=deferred
info:  WSI: app-frame-latency-signal app=546 via=source-present-retirement
info:  InternalWSI: source-present app=547 duration-us=75 hr=0x0
info:  WSI: present origin=APPLICATION_SOURCE wsi=531 app=547 internal=0 acquire=531 image=2 generation=2
info:  WSI: app-completion app=547 app-signal=deferred
info:  WSI: app-frame-latency-signal app=547 via=source-present-retirement
info:  InternalWSI: source-present app=548 duration-us=61 hr=0x0
info:  WSI: present origin=APPLICATION_SOURCE wsi=532 app=548 internal=0 acquire=532 image=0 generation=2
info:  WSI: app-completion app=548 app-signal=deferred
info:  WSI: app-frame-latency-signal app=548 via=source-present-retirement
info:  InternalWSI: source-present app=549 duration-us=106 hr=0x0
info:  WSI: present origin=APPLICATION_SOURCE wsi=533 app=549 internal=0 acquire=533 image=1 generation=2
info:  WSI: app-completion app=549 app-signal=deferred
info:  WSI: app-frame-latency-signal app=549 via=source-present-retirement
info:  InternalWSI: source-present app=550 duration-us=109 hr=0x0
info:  WSI: present origin=APPLICATION_SOURCE wsi=534 app=550 internal=0 acquire=534 image=2 generation=2
info:  WSI: app-completion app=550 app-signal=deferred
info:  WSI: app-frame-latency-signal app=550 via=source-present-retirement
info:  InternalWSI: source-present app=551 duration-us=136 hr=0x0
info:  WSI: present origin=APPLICATION_SOURCE wsi=535 app=551 internal=0 acquire=535 image=0 generation=2
info:  WSI: app-frame-latency-signal app=551 via=source-submit-completion
info:  WSI: app-completion app=551 app-signal=signaled
info:  InternalWSI: source-present app=552 duration-us=205 hr=0x0
info:  WSI: present origin=APPLICATION_SOURCE wsi=536 app=552 internal=0 acquire=536 image=1 generation=2
info:  WSI: app-frame-latency-signal app=552 via=source-submit-completion
info:  WSI: app-completion app=552 app-signal=signaled
info:  InternalWSI: source-present app=553 duration-us=200 hr=0x0
info:  WSI: present origin=APPLICATION_SOURCE wsi=537 app=553 internal=0 acquire=537 image=2 generation=2
info:  WSI: app-frame-latency-signal app=553 via=source-submit-completion
info:  WSI: app-completion app=553 app-signal=signaled
info:  InternalWSI: source-present app=554 duration-us=215 hr=0x0
info:  WSI: present origin=APPLICATION_SOURCE wsi=538 app=554 internal=0 acquire=538 image=0 generation=2
info:  WSI: app-frame-latency-signal app=554 via=source-submit-completion
info:  WSI: app-completion app=554 app-signal=signaled
info:  InternalWSI: source-present app=555 duration-us=267 hr=0x0
info:  WSI: present origin=APPLICATION_SOURCE wsi=539 app=555 internal=0 acquire=539 image=1 generation=2
info:  WSI: app-frame-latency-signal app=555 via=source-submit-completion
info:  WSI: app-completion app=555 app-signal=signaled
info:  InternalWSI: source-present app=556 duration-us=219 hr=0x0
info:  WSI: present origin=APPLICATION_SOURCE wsi=540 app=556 internal=0 acquire=540 image=2 generation=2
info:  WSI: app-completion app=556 app-signal=deferred
info:  WSI: app-frame-latency-signal app=556 via=source-present-retirement
info:  InternalWSI: source-present app=557 duration-us=229 hr=0x0
info:  WSI: present origin=APPLICATION_SOURCE wsi=541 app=557 internal=0 acquire=541 image=0 generation=2
info:  WSI: app-frame-latency-signal app=557 via=source-submit-completion
info:  WSI: app-completion app=557 app-signal=signaled
info:  InternalWSI: source-present app=558 duration-us=235 hr=0x0
info:  WSI: present origin=APPLICATION_SOURCE wsi=542 app=558 internal=0 acquire=542 image=1 generation=2
info:  WSI: app-completion app=558 app-signal=deferred
info:  WSI: app-frame-latency-signal app=558 via=source-present-retirement
info:  InternalWSI: source-present app=559 duration-us=237 hr=0x0
info:  WSI: present origin=APPLICATION_SOURCE wsi=543 app=559 internal=0 acquire=543 image=2 generation=2
info:  WSI: app-frame-latency-signal app=559 via=source-submit-completion
info:  WSI: app-completion app=559 app-signal=signaled
info:  InternalWSI: source-present app=560 duration-us=209 hr=0x0
info:  WSI: present origin=APPLICATION_SOURCE wsi=544 app=560 internal=0 acquire=544 image=0 generation=2
info:  WSI: app-frame-latency-signal app=560 via=source-submit-completion
info:  WSI: app-completion app=560 app-signal=signaled
info:  InternalWSI: source-present app=561 duration-us=226 hr=0x0
info:  WSI: present origin=APPLICATION_SOURCE wsi=545 app=561 internal=0 acquire=545 image=1 generation=2
info:  WSI: app-frame-latency-signal app=561 via=source-submit-completion
info:  WSI: app-completion app=561 app-signal=signaled
info:  InternalWSI: source-present app=562 duration-us=245 hr=0x0
info:  WSI: present origin=APPLICATION_SOURCE wsi=546 app=562 internal=0 acquire=546 image=2 generation=2
info:  WSI: app-frame-latency-signal app=562 via=source-submit-completion
info:  WSI: app-completion app=562 app-signal=signaled
info:  InternalWSI: source-present app=563 duration-us=244 hr=0x0
info:  WSI: present origin=APPLICATION_SOURCE wsi=547 app=563 internal=0 acquire=547 image=0 generation=2
info:  WSI: app-frame-latency-signal app=563 via=source-submit-completion
info:  WSI: app-completion app=563 app-signal=signaled
info:  InternalWSI: source-present app=564 duration-us=198 hr=0x0
info:  WSI: present origin=APPLICATION_SOURCE wsi=548 app=564 internal=0 acquire=548 image=1 generation=2
info:  WSI: app-completion app=564 app-signal=deferred
info:  WSI: app-frame-latency-signal app=564 via=source-present-retirement
info:  InternalWSI: source-present app=565 duration-us=220 hr=0x0
info:  WSI: present origin=APPLICATION_SOURCE wsi=549 app=565 internal=0 acquire=549 image=2 generation=2
info:  WSI: app-frame-latency-signal app=565 via=source-submit-completion
info:  WSI: app-completion app=565 app-signal=signaled
info:  InternalWSI: source-present app=566 duration-us=188 hr=0x0
info:  WSI: present origin=APPLICATION_SOURCE wsi=550 app=566 internal=0 acquire=550 image=0 generation=2
info:  WSI: app-completion app=566 app-signal=deferred
info:  WSI: app-frame-latency-signal app=566 via=source-present-retirement
info:  InternalWSI: source-present app=567 duration-us=208 hr=0x0
info:  WSI: present origin=APPLICATION_SOURCE wsi=551 app=567 internal=0 acquire=551 image=1 generation=2
info:  WSI: app-frame-latency-signal app=567 via=source-submit-completion
info:  WSI: app-completion app=567 app-signal=signaled
info:  InternalWSI: source-present app=568 duration-us=244 hr=0x0
info:  WSI: present origin=APPLICATION_SOURCE wsi=552 app=568 internal=0 acquire=552 image=2 generation=2
info:  WSI: app-frame-latency-signal app=568 via=source-submit-completion
info:  WSI: app-completion app=568 app-signal=signaled
info:  InternalWSI: source-present app=569 duration-us=217 hr=0x0
info:  WSI: present origin=APPLICATION_SOURCE wsi=553 app=569 internal=0 acquire=553 image=0 generation=2
info:  WSI: app-completion app=569 app-signal=deferred
info:  WSI: app-frame-latency-signal app=569 via=source-present-retirement
info:  InternalWSI: source-present app=570 duration-us=224 hr=0x0
info:  WSI: present origin=APPLICATION_SOURCE wsi=554 app=570 internal=0 acquire=554 image=1 generation=2
info:  WSI: app-frame-latency-signal app=570 via=source-submit-completion
info:  WSI: app-completion app=570 app-signal=signaled
info:  InternalWSI: source-present app=571 duration-us=195 hr=0x0
info:  WSI: present origin=APPLICATION_SOURCE wsi=555 app=571 internal=0 acquire=555 image=2 generation=2
info:  WSI: app-frame-latency-signal app=571 via=source-submit-completion
info:  WSI: app-completion app=571 app-signal=signaled
info:  InternalWSI: source-present app=572 duration-us=203 hr=0x0
info:  WSI: present origin=APPLICATION_SOURCE wsi=556 app=572 internal=0 acquire=556 image=0 generation=2
info:  WSI: app-frame-latency-signal app=572 via=source-submit-completion
info:  WSI: app-completion app=572 app-signal=signaled
info:  InternalWSI: source-present app=573 duration-us=199 hr=0x0
info:  WSI: present origin=APPLICATION_SOURCE wsi=557 app=573 internal=0 acquire=557 image=1 generation=2
info:  WSI: app-frame-latency-signal app=573 via=source-submit-completion
info:  WSI: app-completion app=573 app-signal=signaled
info:  InternalWSI: source-present app=574 duration-us=196 hr=0x0
info:  WSI: present origin=APPLICATION_SOURCE wsi=558 app=574 internal=0 acquire=558 image=2 generation=2
info:  WSI: app-frame-latency-signal app=574 via=source-submit-completion
info:  WSI: app-completion app=574 app-signal=signaled
info:  InternalWSI: source-present app=575 duration-us=236 hr=0x0
info:  WSI: present origin=APPLICATION_SOURCE wsi=559 app=575 internal=0 acquire=559 image=0 generation=2
info:  WSI: app-frame-latency-signal app=575 via=source-submit-completion
info:  WSI: app-completion app=575 app-signal=signaled
info:  InternalWSI: source-present app=576 duration-us=208 hr=0x0
info:  WSI: present origin=APPLICATION_SOURCE wsi=560 app=576 internal=0 acquire=560 image=1 generation=2
info:  WSI: app-frame-latency-signal app=576 via=source-submit-completion
info:  WSI: app-completion app=576 app-signal=signaled
info:  InternalWSI: source-present app=577 duration-us=245 hr=0x0
info:  WSI: present origin=APPLICATION_SOURCE wsi=561 app=577 internal=0 acquire=561 image=2 generation=2
info:  WSI: app-frame-latency-signal app=577 via=source-submit-completion
info:  WSI: app-completion app=577 app-signal=signaled
info:  InternalWSI: source-present app=578 duration-us=110 hr=0x0
info:  WSI: present origin=APPLICATION_SOURCE wsi=562 app=578 internal=0 acquire=562 image=0 generation=2
info:  WSI: app-completion app=578 app-signal=deferred
info:  WSI: app-frame-latency-signal app=578 via=source-present-retirement
info:  InternalWSI: source-present app=579 duration-us=269 hr=0x0
info:  WSI: present origin=APPLICATION_SOURCE wsi=563 app=579 internal=0 acquire=563 image=1 generation=2
info:  WSI: app-frame-latency-signal app=579 via=source-submit-completion
info:  WSI: app-completion app=579 app-signal=signaled
info:  InternalWSI: source-present app=580 duration-us=212 hr=0x0
info:  WSI: present origin=APPLICATION_SOURCE wsi=564 app=580 internal=0 acquire=564 image=2 generation=2
info:  WSI: app-frame-latency-signal app=580 via=source-submit-completion
info:  WSI: app-completion app=580 app-signal=signaled
info:  InternalWSI: source-present app=581 duration-us=208 hr=0x0
info:  WSI: present origin=APPLICATION_SOURCE wsi=565 app=581 internal=0 acquire=565 image=0 generation=2
info:  WSI: app-completion app=581 app-signal=deferred
info:  WSI: app-frame-latency-signal app=581 via=source-present-retirement
info:  InternalWSI: source-present app=582 duration-us=208 hr=0x0
info:  WSI: present origin=APPLICATION_SOURCE wsi=566 app=582 internal=0 acquire=566 image=1 generation=2
info:  WSI: app-frame-latency-signal app=582 via=source-submit-completion
info:  WSI: app-completion app=582 app-signal=signaled
info:  InternalWSI: source-present app=583 duration-us=219 hr=0x0
info:  WSI: present origin=APPLICATION_SOURCE wsi=567 app=583 internal=0 acquire=567 image=2 generation=2
info:  WSI: app-frame-latency-signal app=583 via=source-submit-completion
info:  WSI: app-completion app=583 app-signal=signaled
info:  InternalWSI: source-present app=584 duration-us=208 hr=0x0
info:  WSI: present origin=APPLICATION_SOURCE wsi=568 app=584 internal=0 acquire=568 image=0 generation=2
info:  WSI: app-frame-latency-signal app=584 via=source-submit-completion
info:  WSI: app-completion app=584 app-signal=signaled
info:  InternalWSI: source-present app=585 duration-us=199 hr=0x0
info:  WSI: present origin=APPLICATION_SOURCE wsi=569 app=585 internal=0 acquire=569 image=1 generation=2
info:  WSI: app-frame-latency-signal app=585 via=source-submit-completion
info:  WSI: app-completion app=585 app-signal=signaled
info:  InternalWSI: source-present app=586 duration-us=221 hr=0x0
info:  WSI: present origin=APPLICATION_SOURCE wsi=570 app=586 internal=0 acquire=570 image=2 generation=2
info:  WSI: app-frame-latency-signal app=586 via=source-submit-completion
info:  WSI: app-completion app=586 app-signal=signaled
info:  InternalWSI: source-present app=587 duration-us=209 hr=0x0
info:  WSI: present origin=APPLICATION_SOURCE wsi=571 app=587 internal=0 acquire=571 image=0 generation=2
info:  WSI: app-frame-latency-signal app=587 via=source-submit-completion
info:  WSI: app-completion app=587 app-signal=signaled
info:  InternalWSI: source-present app=588 duration-us=197 hr=0x0
info:  WSI: present origin=APPLICATION_SOURCE wsi=572 app=588 internal=0 acquire=572 image=1 generation=2
info:  WSI: app-frame-latency-signal app=588 via=source-submit-completion
info:  WSI: app-completion app=588 app-signal=signaled
info:  InternalWSI: source-present app=589 duration-us=203 hr=0x0
info:  WSI: present origin=APPLICATION_SOURCE wsi=573 app=589 internal=0 acquire=573 image=2 generation=2
info:  WSI: app-frame-latency-signal app=589 via=source-submit-completion
info:  WSI: app-completion app=589 app-signal=signaled
info:  InternalWSI: source-present app=590 duration-us=124 hr=0x0
info:  WSI: present origin=APPLICATION_SOURCE wsi=574 app=590 internal=0 acquire=574 image=0 generation=2
info:  WSI: app-completion app=590 app-signal=deferred
info:  WSI: app-frame-latency-signal app=590 via=source-present-retirement
info:  InternalWSI: source-present app=591 duration-us=63 hr=0x0
info:  WSI: present origin=APPLICATION_SOURCE wsi=575 app=591 internal=0 acquire=575 image=1 generation=2
info:  WSI: app-completion app=591 app-signal=deferred
info:  WSI: app-frame-latency-signal app=591 via=source-present-retirement
info:  InternalWSI: source-present app=592 duration-us=70 hr=0x0
info:  WSI: present origin=APPLICATION_SOURCE wsi=576 app=592 internal=0 acquire=576 image=2 generation=2
info:  WSI: app-completion app=592 app-signal=deferred
info:  WSI: app-frame-latency-signal app=592 via=source-present-retirement
info:  InternalWSI: source-present app=593 duration-us=58 hr=0x0
info:  WSI: present origin=APPLICATION_SOURCE wsi=577 app=593 internal=0 acquire=577 image=0 generation=2
info:  WSI: app-completion app=593 app-signal=deferred
info:  WSI: app-frame-latency-signal app=593 via=source-present-retirement
info:  InternalWSI: source-present app=594 duration-us=68 hr=0x0
info:  WSI: present origin=APPLICATION_SOURCE wsi=578 app=594 internal=0 acquire=578 image=1 generation=2
info:  WSI: app-completion app=594 app-signal=deferred
info:  WSI: app-frame-latency-signal app=594 via=source-present-retirement
info:  InternalWSI: source-present app=595 duration-us=125 hr=0x0
info:  WSI: present origin=APPLICATION_SOURCE wsi=579 app=595 internal=0 acquire=579 image=2 generation=2
info:  WSI: app-frame-latency-signal app=595 via=source-submit-completion
info:  WSI: app-completion app=595 app-signal=signaled
info:  InternalWSI: source-present app=596 duration-us=205 hr=0x0
info:  WSI: present origin=APPLICATION_SOURCE wsi=580 app=596 internal=0 acquire=580 image=0 generation=2
info:  WSI: app-frame-latency-signal app=596 via=source-submit-completion
info:  WSI: app-completion app=596 app-signal=signaled
info:  InternalWSI: source-present app=597 duration-us=211 hr=0x0
info:  WSI: present origin=APPLICATION_SOURCE wsi=581 app=597 internal=0 acquire=581 image=1 generation=2
info:  WSI: app-frame-latency-signal app=597 via=source-submit-completion
info:  WSI: app-completion app=597 app-signal=signaled
info:  InternalWSI: source-present app=598 duration-us=216 hr=0x0
info:  WSI: present origin=APPLICATION_SOURCE wsi=582 app=598 internal=0 acquire=582 image=2 generation=2
info:  WSI: app-frame-latency-signal app=598 via=source-submit-completion
info:  WSI: app-completion app=598 app-signal=signaled
info:  InternalWSI: source-present app=599 duration-us=288 hr=0x0
info:  WSI: present origin=APPLICATION_SOURCE wsi=583 app=599 internal=0 acquire=583 image=0 generation=2
info:  WSI: app-completion app=599 app-signal=deferred
info:  WSI: app-frame-latency-signal app=599 via=source-present-retirement
info:  InternalWSI: source-present app=600 duration-us=197 hr=0x0
info:  WSI: present origin=APPLICATION_SOURCE wsi=584 app=600 internal=0 acquire=584 image=1 generation=2
info:  WSI: app-frame-latency-signal app=600 via=source-submit-completion
info:  WSI: app-completion app=600 app-signal=signaled
info:  InternalWSI: source-present app=601 duration-us=206 hr=0x0
info:  WSI: present origin=APPLICATION_SOURCE wsi=585 app=601 internal=0 acquire=585 image=2 generation=2
info:  WSI: app-completion app=601 app-signal=deferred
info:  WSI: app-frame-latency-signal app=601 via=source-present-retirement
info:  InternalWSI: source-present app=602 duration-us=201 hr=0x0
info:  WSI: present origin=APPLICATION_SOURCE wsi=586 app=602 internal=0 acquire=586 image=0 generation=2
info:  WSI: app-frame-latency-signal app=602 via=source-submit-completion
info:  WSI: app-completion app=602 app-signal=signaled
info:  InternalWSI: source-present app=603 duration-us=193 hr=0x0
info:  WSI: present origin=APPLICATION_SOURCE wsi=587 app=603 internal=0 acquire=587 image=1 generation=2
info:  WSI: app-frame-latency-signal app=603 via=source-submit-completion
info:  WSI: app-completion app=603 app-signal=signaled
info:  InternalWSI: source-present app=604 duration-us=248 hr=0x0
info:  WSI: present origin=APPLICATION_SOURCE wsi=588 app=604 internal=0 acquire=588 image=2 generation=2
info:  WSI: app-frame-latency-signal app=604 via=source-submit-completion
info:  WSI: app-completion app=604 app-signal=signaled
info:  InternalWSI: source-present app=605 duration-us=278 hr=0x0
info:  WSI: present origin=APPLICATION_SOURCE wsi=589 app=605 internal=0 acquire=589 image=0 generation=2
info:  WSI: app-frame-latency-signal app=605 via=source-submit-completion
info:  WSI: app-completion app=605 app-signal=signaled
info:  InternalWSI: source-present app=606 duration-us=197 hr=0x0
info:  WSI: present origin=APPLICATION_SOURCE wsi=590 app=606 internal=0 acquire=590 image=1 generation=2
info:  WSI: app-completion app=606 app-signal=deferred
info:  WSI: app-frame-latency-signal app=606 via=source-present-retirement
info:  InternalWSI: source-present app=607 duration-us=233 hr=0x0
info:  WSI: present origin=APPLICATION_SOURCE wsi=591 app=607 internal=0 acquire=591 image=2 generation=2
info:  WSI: app-frame-latency-signal app=607 via=source-submit-completion
info:  WSI: app-completion app=607 app-signal=signaled
info:  InternalWSI: source-present app=608 duration-us=202 hr=0x0
info:  WSI: present origin=APPLICATION_SOURCE wsi=592 app=608 internal=0 acquire=592 image=0 generation=2
info:  WSI: app-frame-latency-signal app=608 via=source-submit-completion
info:  WSI: app-completion app=608 app-signal=signaled
info:  InternalWSI: source-present app=609 duration-us=225 hr=0x0
info:  WSI: present origin=APPLICATION_SOURCE wsi=593 app=609 internal=0 acquire=593 image=1 generation=2
info:  WSI: app-frame-latency-signal app=609 via=source-submit-completion
info:  WSI: app-completion app=609 app-signal=signaled
info:  InternalWSI: source-present app=610 duration-us=200 hr=0x0
info:  WSI: present origin=APPLICATION_SOURCE wsi=594 app=610 internal=0 acquire=594 image=2 generation=2
info:  WSI: app-frame-latency-signal app=610 via=source-submit-completion
info:  WSI: app-completion app=610 app-signal=signaled
info:  InternalWSI: source-present app=611 duration-us=290 hr=0x0
info:  WSI: present origin=APPLICATION_SOURCE wsi=595 app=611 internal=0 acquire=595 image=0 generation=2
info:  WSI: app-completion app=611 app-signal=deferred
info:  WSI: app-frame-latency-signal app=611 via=source-present-retirement
info:  InternalWSI: source-present app=612 duration-us=199 hr=0x0
info:  WSI: present origin=APPLICATION_SOURCE wsi=596 app=612 internal=0 acquire=596 image=1 generation=2
info:  WSI: app-completion app=612 app-signal=deferred
info:  WSI: app-frame-latency-signal app=612 via=source-present-retirement
info:  InternalWSI: source-present app=613 duration-us=213 hr=0x0
info:  WSI: present origin=APPLICATION_SOURCE wsi=597 app=613 internal=0 acquire=597 image=2 generation=2
info:  WSI: app-frame-latency-signal app=613 via=source-submit-completion
info:  WSI: app-completion app=613 app-signal=signaled
info:  InternalWSI: source-present app=614 duration-us=229 hr=0x0
info:  WSI: present origin=APPLICATION_SOURCE wsi=598 app=614 internal=0 acquire=598 image=0 generation=2
info:  WSI: app-frame-latency-signal app=614 via=source-submit-completion
info:  WSI: app-completion app=614 app-signal=signaled
info:  InternalWSI: source-present app=615 duration-us=201 hr=0x0
info:  WSI: present origin=APPLICATION_SOURCE wsi=599 app=615 internal=0 acquire=599 image=1 generation=2
info:  WSI: app-frame-latency-signal app=615 via=source-submit-completion
info:  WSI: app-completion app=615 app-signal=signaled
info:  InternalWSI: source-present app=616 duration-us=546 hr=0x0
info:  WSI: present origin=APPLICATION_SOURCE wsi=600 app=616 internal=0 acquire=600 image=2 generation=2
info:  WSI: app-completion app=616 app-signal=deferred
info:  WSI: app-frame-latency-signal app=616 via=source-present-retirement
info:  InternalWSI: source-present app=617 duration-us=197 hr=0x0
info:  WSI: present origin=APPLICATION_SOURCE wsi=601 app=617 internal=0 acquire=601 image=0 generation=2
info:  WSI: app-completion app=617 app-signal=deferred
info:  WSI: app-frame-latency-signal app=617 via=source-present-retirement
info:  InternalWSI: source-present app=618 duration-us=195 hr=0x0
info:  WSI: present origin=APPLICATION_SOURCE wsi=602 app=618 internal=0 acquire=602 image=1 generation=2
info:  WSI: app-frame-latency-signal app=618 via=source-submit-completion
info:  WSI: app-completion app=618 app-signal=signaled
info:  InternalWSI: source-present app=619 duration-us=241 hr=0x0
info:  WSI: present origin=APPLICATION_SOURCE wsi=603 app=619 internal=0 acquire=603 image=2 generation=2
info:  WSI: app-completion app=619 app-signal=deferred
info:  WSI: app-frame-latency-signal app=619 via=source-present-retirement
info:  InternalWSI: source-present app=620 duration-us=306 hr=0x0
info:  WSI: present origin=APPLICATION_SOURCE wsi=604 app=620 internal=0 acquire=604 image=0 generation=2
info:  WSI: app-completion app=620 app-signal=deferred
info:  WSI: app-frame-latency-signal app=620 via=source-present-retirement
info:  InternalWSI: source-present app=621 duration-us=263 hr=0x0
info:  WSI: present origin=APPLICATION_SOURCE wsi=605 app=621 internal=0 acquire=605 image=1 generation=2
info:  WSI: app-completion app=621 app-signal=deferred
info:  WSI: app-frame-latency-signal app=621 via=source-present-retirement
info:  InternalWSI: source-present app=622 duration-us=202 hr=0x0
info:  WSI: present origin=APPLICATION_SOURCE wsi=606 app=622 internal=0 acquire=606 image=2 generation=2
info:  WSI: app-completion app=622 app-signal=deferred
info:  WSI: app-frame-latency-signal app=622 via=source-present-retirement
info:  InternalWSI: source-present app=623 duration-us=203 hr=0x0
info:  WSI: present origin=APPLICATION_SOURCE wsi=607 app=623 internal=0 acquire=607 image=0 generation=2
info:  WSI: app-completion app=623 app-signal=deferred
info:  WSI: app-frame-latency-signal app=623 via=source-present-retirement
info:  InternalWSI: source-present app=624 duration-us=91 hr=0x0
info:  WSI: present origin=APPLICATION_SOURCE wsi=608 app=624 internal=0 acquire=608 image=1 generation=2
info:  WSI: app-completion app=624 app-signal=deferred
info:  WSI: app-frame-latency-signal app=624 via=source-present-retirement
info:  InternalWSI: source-present app=625 duration-us=60 hr=0x0
info:  WSI: present origin=APPLICATION_SOURCE wsi=609 app=625 internal=0 acquire=609 image=2 generation=2
info:  WSI: app-completion app=625 app-signal=deferred
info:  WSI: app-frame-latency-signal app=625 via=source-present-retirement
info:  InternalWSI: source-present app=626 duration-us=221 hr=0x0
info:  WSI: present origin=APPLICATION_SOURCE wsi=610 app=626 internal=0 acquire=610 image=0 generation=2
info:  WSI: app-completion app=626 app-signal=deferred
info:  WSI: app-frame-latency-signal app=626 via=source-present-retirement
info:  InternalWSI: source-present app=627 duration-us=202 hr=0x0
info:  WSI: present origin=APPLICATION_SOURCE wsi=611 app=627 internal=0 acquire=611 image=1 generation=2
info:  WSI: app-frame-latency-signal app=627 via=source-submit-completion
info:  WSI: app-completion app=627 app-signal=signaled
info:  InternalWSI: source-present app=628 duration-us=229 hr=0x0
info:  WSI: present origin=APPLICATION_SOURCE wsi=612 app=628 internal=0 acquire=612 image=2 generation=2
info:  WSI: app-completion app=628 app-signal=deferred
info:  WSI: app-frame-latency-signal app=628 via=source-present-retirement
info:  InternalWSI: source-present app=629 duration-us=233 hr=0x0
info:  WSI: present origin=APPLICATION_SOURCE wsi=613 app=629 internal=0 acquire=613 image=0 generation=2
info:  WSI: app-frame-latency-signal app=629 via=source-submit-completion
info:  WSI: app-completion app=629 app-signal=signaled
info:  InternalWSI: source-present app=630 duration-us=216 hr=0x0
info:  WSI: present origin=APPLICATION_SOURCE wsi=614 app=630 internal=0 acquire=614 image=1 generation=2
info:  WSI: app-frame-latency-signal app=630 via=source-submit-completion
info:  WSI: app-completion app=630 app-signal=signaled
info:  InternalWSI: source-present app=631 duration-us=202 hr=0x0
info:  WSI: present origin=APPLICATION_SOURCE wsi=615 app=631 internal=0 acquire=615 image=2 generation=2
info:  WSI: app-frame-latency-signal app=631 via=source-submit-completion
info:  WSI: app-completion app=631 app-signal=signaled
info:  InternalWSI: source-present app=632 duration-us=206 hr=0x0
info:  WSI: present origin=APPLICATION_SOURCE wsi=616 app=632 internal=0 acquire=616 image=0 generation=2
info:  WSI: app-frame-latency-signal app=632 via=source-submit-completion
info:  WSI: app-completion app=632 app-signal=signaled
info:  InternalWSI: source-present app=633 duration-us=204 hr=0x0
info:  WSI: present origin=APPLICATION_SOURCE wsi=617 app=633 internal=0 acquire=617 image=1 generation=2
info:  WSI: app-frame-latency-signal app=633 via=source-submit-completion
info:  WSI: app-completion app=633 app-signal=signaled
info:  InternalWSI: source-present app=634 duration-us=207 hr=0x0
info:  WSI: present origin=APPLICATION_SOURCE wsi=618 app=634 internal=0 acquire=618 image=2 generation=2
info:  WSI: app-frame-latency-signal app=634 via=source-submit-completion
info:  WSI: app-completion app=634 app-signal=signaled
info:  InternalWSI: source-present app=635 duration-us=204 hr=0x0
info:  WSI: present origin=APPLICATION_SOURCE wsi=619 app=635 internal=0 acquire=619 image=0 generation=2
info:  WSI: app-completion app=635 app-signal=deferred
info:  WSI: app-frame-latency-signal app=635 via=source-present-retirement
info:  InternalWSI: source-present app=636 duration-us=216 hr=0x0
info:  WSI: present origin=APPLICATION_SOURCE wsi=620 app=636 internal=0 acquire=620 image=1 generation=2
info:  WSI: app-completion app=636 app-signal=deferred
info:  WSI: app-frame-latency-signal app=636 via=source-present-retirement
info:  InternalWSI: source-present app=637 duration-us=227 hr=0x0
info:  WSI: present origin=APPLICATION_SOURCE wsi=621 app=637 internal=0 acquire=621 image=2 generation=2
info:  WSI: app-frame-latency-signal app=637 via=source-submit-completion
info:  WSI: app-completion app=637 app-signal=signaled
info:  InternalWSI: source-present app=638 duration-us=219 hr=0x0
info:  WSI: present origin=APPLICATION_SOURCE wsi=622 app=638 internal=0 acquire=622 image=0 generation=2
info:  WSI: app-frame-latency-signal app=638 via=source-submit-completion
info:  WSI: app-completion app=638 app-signal=signaled
info:  InternalWSI: source-present app=639 duration-us=148 hr=0x0
info:  WSI: present origin=APPLICATION_SOURCE wsi=623 app=639 internal=0 acquire=623 image=1 generation=2
info:  WSI: app-frame-latency-signal app=639 via=source-submit-completion
info:  WSI: app-completion app=639 app-signal=signaled
info:  InternalWSI: source-present app=640 duration-us=211 hr=0x0
info:  WSI: present origin=APPLICATION_SOURCE wsi=624 app=640 internal=0 acquire=624 image=2 generation=2
info:  WSI: app-frame-latency-signal app=640 via=source-submit-completion
info:  WSI: app-completion app=640 app-signal=signaled
info:  InternalWSI: source-present app=641 duration-us=202 hr=0x0
info:  WSI: present origin=APPLICATION_SOURCE wsi=625 app=641 internal=0 acquire=625 image=0 generation=2
info:  WSI: app-frame-latency-signal app=641 via=source-submit-completion
info:  WSI: app-completion app=641 app-signal=signaled
info:  InternalWSI: source-present app=642 duration-us=219 hr=0x0
info:  WSI: present origin=APPLICATION_SOURCE wsi=626 app=642 internal=0 acquire=626 image=1 generation=2
info:  WSI: app-frame-latency-signal app=642 via=source-submit-completion
info:  WSI: app-completion app=642 app-signal=signaled
info:  InternalWSI: source-present app=643 duration-us=217 hr=0x0
info:  WSI: present origin=APPLICATION_SOURCE wsi=627 app=643 internal=0 acquire=627 image=2 generation=2
info:  WSI: app-frame-latency-signal app=643 via=source-submit-completion
info:  WSI: app-completion app=643 app-signal=signaled
info:  InternalWSI: source-present app=644 duration-us=211 hr=0x0
info:  WSI: present origin=APPLICATION_SOURCE wsi=628 app=644 internal=0 acquire=628 image=0 generation=2
info:  WSI: app-completion app=644 app-signal=deferred
info:  WSI: app-frame-latency-signal app=644 via=source-present-retirement
info:  InternalWSI: source-present app=645 duration-us=205 hr=0x0
info:  WSI: present origin=APPLICATION_SOURCE wsi=629 app=645 internal=0 acquire=629 image=1 generation=2
info:  WSI: app-frame-latency-signal app=645 via=source-submit-completion
info:  WSI: app-completion app=645 app-signal=signaled
info:  InternalWSI: source-present app=646 duration-us=199 hr=0x0
info:  WSI: present origin=APPLICATION_SOURCE wsi=630 app=646 internal=0 acquire=630 image=2 generation=2
info:  WSI: app-frame-latency-signal app=646 via=source-submit-completion
info:  WSI: app-completion app=646 app-signal=signaled
info:  InternalWSI: source-present app=647 duration-us=205 hr=0x0
info:  WSI: present origin=APPLICATION_SOURCE wsi=631 app=647 internal=0 acquire=631 image=0 generation=2
info:  WSI: app-completion app=647 app-signal=deferred
info:  WSI: app-frame-latency-signal app=647 via=source-present-retirement
info:  InternalWSI: source-present app=648 duration-us=208 hr=0x0
info:  WSI: present origin=APPLICATION_SOURCE wsi=632 app=648 internal=0 acquire=632 image=1 generation=2
info:  WSI: app-frame-latency-signal app=648 via=source-submit-completion
info:  WSI: app-completion app=648 app-signal=signaled
info:  InternalWSI: source-present app=649 duration-us=199 hr=0x0
info:  WSI: present origin=APPLICATION_SOURCE wsi=633 app=649 internal=0 acquire=633 image=2 generation=2
info:  WSI: app-frame-latency-signal app=649 via=source-submit-completion
info:  WSI: app-completion app=649 app-signal=signaled
info:  InternalWSI: source-present app=650 duration-us=199 hr=0x0
info:  WSI: present origin=APPLICATION_SOURCE wsi=634 app=650 internal=0 acquire=634 image=0 generation=2
info:  WSI: app-frame-latency-signal app=650 via=source-submit-completion
info:  WSI: app-completion app=650 app-signal=signaled
info:  InternalWSI: source-present app=651 duration-us=197 hr=0x0
info:  WSI: present origin=APPLICATION_SOURCE wsi=635 app=651 internal=0 acquire=635 image=1 generation=2
info:  WSI: app-frame-latency-signal app=651 via=source-submit-completion
info:  WSI: app-completion app=651 app-signal=signaled
info:  InternalWSI: source-present app=652 duration-us=200 hr=0x0
info:  WSI: present origin=APPLICATION_SOURCE wsi=636 app=652 internal=0 acquire=636 image=2 generation=2
info:  WSI: app-frame-latency-signal app=652 via=source-submit-completion
info:  WSI: app-completion app=652 app-signal=signaled
info:  InternalWSI: source-present app=653 duration-us=211 hr=0x0
info:  WSI: present origin=APPLICATION_SOURCE wsi=637 app=653 internal=0 acquire=637 image=0 generation=2
info:  WSI: app-completion app=653 app-signal=deferred
info:  WSI: app-frame-latency-signal app=653 via=source-present-retirement
info:  InternalWSI: source-present app=654 duration-us=179 hr=0x0
info:  WSI: present origin=APPLICATION_SOURCE wsi=638 app=654 internal=0 acquire=638 image=1 generation=2
info:  WSI: app-completion app=654 app-signal=deferred
info:  WSI: app-frame-latency-signal app=654 via=source-present-retirement
info:  InternalWSI: source-present app=655 duration-us=214 hr=0x0
info:  WSI: present origin=APPLICATION_SOURCE wsi=639 app=655 internal=0 acquire=639 image=2 generation=2
info:  WSI: app-frame-latency-signal app=655 via=source-submit-completion
info:  WSI: app-completion app=655 app-signal=signaled
info:  InternalWSI: source-present app=656 duration-us=205 hr=0x0
info:  WSI: present origin=APPLICATION_SOURCE wsi=640 app=656 internal=0 acquire=640 image=0 generation=2
info:  WSI: app-frame-latency-signal app=656 via=source-submit-completion
info:  WSI: app-completion app=656 app-signal=signaled
info:  InternalWSI: source-present app=657 duration-us=208 hr=0x0
info:  WSI: present origin=APPLICATION_SOURCE wsi=641 app=657 internal=0 acquire=641 image=1 generation=2
info:  WSI: app-frame-latency-signal app=657 via=source-submit-completion
info:  WSI: app-completion app=657 app-signal=signaled
info:  InternalWSI: source-present app=658 duration-us=204 hr=0x0
info:  WSI: present origin=APPLICATION_SOURCE wsi=642 app=658 internal=0 acquire=642 image=2 generation=2
info:  WSI: app-completion app=658 app-signal=deferred
info:  WSI: app-frame-latency-signal app=658 via=source-present-retirement
info:  InternalWSI: source-present app=659 duration-us=224 hr=0x0
info:  WSI: present origin=APPLICATION_SOURCE wsi=643 app=659 internal=0 acquire=643 image=0 generation=2
info:  WSI: app-frame-latency-signal app=659 via=source-submit-completion
info:  WSI: app-completion app=659 app-signal=signaled
info:  InternalWSI: source-present app=660 duration-us=215 hr=0x0
info:  WSI: present origin=APPLICATION_SOURCE wsi=644 app=660 internal=0 acquire=644 image=1 generation=2
info:  WSI: app-frame-latency-signal app=660 via=source-submit-completion
info:  WSI: app-completion app=660 app-signal=signaled
info:  InternalWSI: source-present app=661 duration-us=205 hr=0x0
info:  WSI: present origin=APPLICATION_SOURCE wsi=645 app=661 internal=0 acquire=645 image=2 generation=2
info:  WSI: app-completion app=661 app-signal=deferred
info:  WSI: app-frame-latency-signal app=661 via=source-present-retirement
info:  InternalWSI: source-present app=662 duration-us=198 hr=0x0
info:  WSI: present origin=APPLICATION_SOURCE wsi=646 app=662 internal=0 acquire=646 image=0 generation=2
info:  WSI: app-completion app=662 app-signal=deferred
info:  WSI: app-frame-latency-signal app=662 via=source-present-retirement
info:  InternalWSI: source-present app=663 duration-us=210 hr=0x0
info:  WSI: present origin=APPLICATION_SOURCE wsi=647 app=663 internal=0 acquire=647 image=1 generation=2
info:  WSI: app-frame-latency-signal app=663 via=source-submit-completion
info:  WSI: app-completion app=663 app-signal=signaled
info:  InternalWSI: source-present app=664 duration-us=197 hr=0x0
info:  WSI: present origin=APPLICATION_SOURCE wsi=648 app=664 internal=0 acquire=648 image=2 generation=2
info:  WSI: app-completion app=664 app-signal=deferred
info:  WSI: app-frame-latency-signal app=664 via=source-present-retirement
info:  InternalWSI: source-present app=665 duration-us=210 hr=0x0
info:  WSI: present origin=APPLICATION_SOURCE wsi=649 app=665 internal=0 acquire=649 image=0 generation=2
info:  WSI: app-completion app=665 app-signal=deferred
info:  WSI: app-frame-latency-signal app=665 via=source-present-retirement
info:  InternalWSI: source-present app=666 duration-us=198 hr=0x0
info:  WSI: present origin=APPLICATION_SOURCE wsi=650 app=666 internal=0 acquire=650 image=1 generation=2
info:  WSI: app-frame-latency-signal app=666 via=source-submit-completion
info:  WSI: app-completion app=666 app-signal=signaled
info:  InternalWSI: source-present app=667 duration-us=223 hr=0x0
info:  WSI: present origin=APPLICATION_SOURCE wsi=651 app=667 internal=0 acquire=651 image=2 generation=2
info:  WSI: app-frame-latency-signal app=667 via=source-submit-completion
info:  WSI: app-completion app=667 app-signal=signaled
info:  InternalWSI: source-present app=668 duration-us=256 hr=0x0
info:  WSI: present origin=APPLICATION_SOURCE wsi=652 app=668 internal=0 acquire=652 image=0 generation=2
info:  WSI: app-frame-latency-signal app=668 via=source-submit-completion
info:  WSI: app-completion app=668 app-signal=signaled
info:  InternalWSI: source-present app=669 duration-us=117 hr=0x0
info:  WSI: present origin=APPLICATION_SOURCE wsi=653 app=669 internal=0 acquire=653 image=1 generation=2
info:  WSI: app-completion app=669 app-signal=deferred
info:  WSI: app-frame-latency-signal app=669 via=source-present-retirement
info:  InternalWSI: source-present app=670 duration-us=197 hr=0x0
info:  WSI: present origin=APPLICATION_SOURCE wsi=654 app=670 internal=0 acquire=654 image=2 generation=2
info:  WSI: app-frame-latency-signal app=670 via=source-submit-completion
info:  WSI: app-completion app=670 app-signal=signaled
info:  InternalWSI: source-present app=671 duration-us=181 hr=0x0
info:  WSI: present origin=APPLICATION_SOURCE wsi=655 app=671 internal=0 acquire=655 image=0 generation=2
info:  WSI: app-completion app=671 app-signal=deferred
info:  WSI: app-frame-latency-signal app=671 via=source-present-retirement
info:  InternalWSI: source-present app=672 duration-us=419 hr=0x0
info:  WSI: present origin=APPLICATION_SOURCE wsi=656 app=672 internal=0 acquire=656 image=1 generation=2
info:  WSI: app-frame-latency-signal app=672 via=source-submit-completion
info:  WSI: app-completion app=672 app-signal=signaled
info:  InternalWSI: source-present app=673 duration-us=206 hr=0x0
info:  WSI: present origin=APPLICATION_SOURCE wsi=657 app=673 internal=0 acquire=657 image=2 generation=2
info:  WSI: app-frame-latency-signal app=673 via=source-submit-completion
info:  WSI: app-completion app=673 app-signal=signaled
info:  InternalWSI: source-present app=674 duration-us=189 hr=0x0
info:  WSI: present origin=APPLICATION_SOURCE wsi=658 app=674 internal=0 acquire=658 image=0 generation=2
info:  WSI: app-frame-latency-signal app=674 via=source-submit-completion
info:  WSI: app-completion app=674 app-signal=signaled
info:  InternalWSI: source-present app=675 duration-us=219 hr=0x0
info:  WSI: present origin=APPLICATION_SOURCE wsi=659 app=675 internal=0 acquire=659 image=1 generation=2
info:  WSI: app-frame-latency-signal app=675 via=source-submit-completion
info:  WSI: app-completion app=675 app-signal=signaled
info:  InternalWSI: source-present app=676 duration-us=231 hr=0x0
info:  WSI: present origin=APPLICATION_SOURCE wsi=660 app=676 internal=0 acquire=660 image=2 generation=2
info:  WSI: app-frame-latency-signal app=676 via=source-submit-completion
info:  WSI: app-completion app=676 app-signal=signaled
info:  InternalWSI: source-present app=677 duration-us=204 hr=0x0
info:  WSI: present origin=APPLICATION_SOURCE wsi=661 app=677 internal=0 acquire=661 image=0 generation=2
info:  WSI: app-frame-latency-signal app=677 via=source-submit-completion
info:  WSI: app-completion app=677 app-signal=signaled
info:  InternalWSI: source-present app=678 duration-us=199 hr=0x0
info:  WSI: present origin=APPLICATION_SOURCE wsi=662 app=678 internal=0 acquire=662 image=1 generation=2
info:  WSI: app-frame-latency-signal app=678 via=source-submit-completion
info:  WSI: app-completion app=678 app-signal=signaled
info:  InternalWSI: source-present app=679 duration-us=204 hr=0x0
info:  WSI: present origin=APPLICATION_SOURCE wsi=663 app=679 internal=0 acquire=663 image=2 generation=2
info:  WSI: app-frame-latency-signal app=679 via=source-submit-completion
info:  WSI: app-completion app=679 app-signal=signaled
info:  InternalWSI: source-present app=680 duration-us=203 hr=0x0
info:  WSI: present origin=APPLICATION_SOURCE wsi=664 app=680 internal=0 acquire=664 image=0 generation=2
info:  WSI: app-frame-latency-signal app=680 via=source-submit-completion
info:  WSI: app-completion app=680 app-signal=signaled
info:  InternalWSI: source-present app=681 duration-us=232 hr=0x0
info:  WSI: present origin=APPLICATION_SOURCE wsi=665 app=681 internal=0 acquire=665 image=1 generation=2
info:  WSI: app-frame-latency-signal app=681 via=source-submit-completion
info:  WSI: app-completion app=681 app-signal=signaled
info:  InternalWSI: source-present app=682 duration-us=192 hr=0x0
info:  WSI: present origin=APPLICATION_SOURCE wsi=666 app=682 internal=0 acquire=666 image=2 generation=2
info:  WSI: app-frame-latency-signal app=682 via=source-submit-completion
info:  WSI: app-completion app=682 app-signal=signaled
info:  InternalWSI: source-present app=683 duration-us=200 hr=0x0
info:  WSI: present origin=APPLICATION_SOURCE wsi=667 app=683 internal=0 acquire=667 image=0 generation=2
info:  WSI: app-frame-latency-signal app=683 via=source-submit-completion
info:  WSI: app-completion app=683 app-signal=signaled
info:  InternalWSI: source-present app=684 duration-us=103 hr=0x0
info:  WSI: present origin=APPLICATION_SOURCE wsi=668 app=684 internal=0 acquire=668 image=1 generation=2
info:  WSI: app-completion app=684 app-signal=deferred
info:  WSI: app-frame-latency-signal app=684 via=source-present-retirement
info:  InternalWSI: source-present app=685 duration-us=178 hr=0x0
info:  WSI: present origin=APPLICATION_SOURCE wsi=669 app=685 internal=0 acquire=669 image=2 generation=2
info:  WSI: app-frame-latency-signal app=685 via=source-submit-completion
info:  WSI: app-completion app=685 app-signal=signaled
info:  InternalWSI: source-present app=686 duration-us=184 hr=0x0
info:  WSI: present origin=APPLICATION_SOURCE wsi=670 app=686 internal=0 acquire=670 image=0 generation=2
info:  WSI: app-completion app=686 app-signal=deferred
info:  WSI: app-frame-latency-signal app=686 via=source-present-retirement
info:  InternalWSI: source-present app=687 duration-us=188 hr=0x0
info:  WSI: present origin=APPLICATION_SOURCE wsi=671 app=687 internal=0 acquire=671 image=1 generation=2
info:  WSI: app-frame-latency-signal app=687 via=source-submit-completion
info:  WSI: app-completion app=687 app-signal=signaled
info:  InternalWSI: source-present app=688 duration-us=317 hr=0x0
info:  WSI: present origin=APPLICATION_SOURCE wsi=672 app=688 internal=0 acquire=672 image=2 generation=2
info:  WSI: app-frame-latency-signal app=688 via=source-submit-completion
info:  WSI: app-completion app=688 app-signal=signaled
info:  InternalWSI: source-present app=689 duration-us=211 hr=0x0
info:  WSI: present origin=APPLICATION_SOURCE wsi=673 app=689 internal=0 acquire=673 image=0 generation=2
info:  WSI: app-frame-latency-signal app=689 via=source-submit-completion
info:  WSI: app-completion app=689 app-signal=signaled
info:  InternalWSI: source-present app=690 duration-us=205 hr=0x0
info:  WSI: present origin=APPLICATION_SOURCE wsi=674 app=690 internal=0 acquire=674 image=1 generation=2
info:  WSI: app-frame-latency-signal app=690 via=source-submit-completion
info:  WSI: app-completion app=690 app-signal=signaled
info:  InternalWSI: source-present app=691 duration-us=217 hr=0x0
info:  WSI: present origin=APPLICATION_SOURCE wsi=675 app=691 internal=0 acquire=675 image=2 generation=2
info:  WSI: app-frame-latency-signal app=691 via=source-submit-completion
info:  WSI: app-completion app=691 app-signal=signaled
info:  InternalWSI: source-present app=692 duration-us=432 hr=0x0
info:  WSI: present origin=APPLICATION_SOURCE wsi=676 app=692 internal=0 acquire=676 image=0 generation=2
info:  WSI: app-frame-latency-signal app=692 via=source-submit-completion
info:  WSI: app-completion app=692 app-signal=signaled
info:  InternalWSI: source-present app=693 duration-us=191 hr=0x0
info:  WSI: present origin=APPLICATION_SOURCE wsi=677 app=693 internal=0 acquire=677 image=1 generation=2
info:  WSI: app-frame-latency-signal app=693 via=source-submit-completion
info:  WSI: app-completion app=693 app-signal=signaled
info:  InternalWSI: source-present app=694 duration-us=239 hr=0x0
info:  WSI: present origin=APPLICATION_SOURCE wsi=678 app=694 internal=0 acquire=678 image=2 generation=2
info:  WSI: app-frame-latency-signal app=694 via=source-submit-completion
info:  WSI: app-completion app=694 app-signal=signaled
info:  InternalWSI: source-present app=695 duration-us=223 hr=0x0
info:  WSI: present origin=APPLICATION_SOURCE wsi=679 app=695 internal=0 acquire=679 image=0 generation=2
info:  WSI: app-frame-latency-signal app=695 via=source-submit-completion
info:  WSI: app-completion app=695 app-signal=signaled
info:  InternalWSI: source-present app=696 duration-us=210 hr=0x0
info:  WSI: present origin=APPLICATION_SOURCE wsi=680 app=696 internal=0 acquire=680 image=1 generation=2
info:  WSI: app-completion app=696 app-signal=deferred
info:  WSI: app-frame-latency-signal app=696 via=source-present-retirement
info:  InternalWSI: source-present app=697 duration-us=229 hr=0x0
info:  WSI: present origin=APPLICATION_SOURCE wsi=681 app=697 internal=0 acquire=681 image=2 generation=2
info:  WSI: app-frame-latency-signal app=697 via=source-submit-completion
info:  WSI: app-completion app=697 app-signal=signaled
info:  InternalWSI: source-present app=698 duration-us=222 hr=0x0
info:  WSI: present origin=APPLICATION_SOURCE wsi=682 app=698 internal=0 acquire=682 image=0 generation=2
info:  WSI: app-completion app=698 app-signal=deferred
info:  WSI: app-frame-latency-signal app=698 via=source-present-retirement
info:  InternalWSI: source-present app=699 duration-us=207 hr=0x0
info:  WSI: present origin=APPLICATION_SOURCE wsi=683 app=699 internal=0 acquire=683 image=1 generation=2
info:  WSI: app-completion app=699 app-signal=deferred
info:  WSI: app-frame-latency-signal app=699 via=source-present-retirement
info:  InternalWSI: source-present app=700 duration-us=210 hr=0x0
info:  WSI: present origin=APPLICATION_SOURCE wsi=684 app=700 internal=0 acquire=684 image=2 generation=2
info:  WSI: app-frame-latency-signal app=700 via=source-submit-completion
info:  WSI: app-completion app=700 app-signal=signaled
info:  InternalWSI: source-present app=701 duration-us=210 hr=0x0
info:  WSI: present origin=APPLICATION_SOURCE wsi=685 app=701 internal=0 acquire=685 image=0 generation=2
info:  WSI: app-frame-latency-signal app=701 via=source-submit-completion
info:  WSI: app-completion app=701 app-signal=signaled
info:  InternalWSI: source-present app=702 duration-us=207 hr=0x0
info:  WSI: present origin=APPLICATION_SOURCE wsi=686 app=702 internal=0 acquire=686 image=1 generation=2
info:  WSI: app-frame-latency-signal app=702 via=source-submit-completion
info:  WSI: app-completion app=702 app-signal=signaled
info:  InternalWSI: source-present app=703 duration-us=207 hr=0x0
info:  WSI: present origin=APPLICATION_SOURCE wsi=687 app=703 internal=0 acquire=687 image=2 generation=2
info:  WSI: app-completion app=703 app-signal=deferred
info:  WSI: app-frame-latency-signal app=703 via=source-present-retirement
info:  InternalWSI: source-present app=704 duration-us=289 hr=0x0
info:  WSI: present origin=APPLICATION_SOURCE wsi=688 app=704 internal=0 acquire=688 image=0 generation=2
info:  WSI: app-frame-latency-signal app=704 via=source-submit-completion
info:  WSI: app-completion app=704 app-signal=signaled
info:  InternalWSI: source-present app=705 duration-us=338 hr=0x0
info:  WSI: present origin=APPLICATION_SOURCE wsi=689 app=705 internal=0 acquire=689 image=1 generation=2
info:  WSI: app-completion app=705 app-signal=deferred
info:  WSI: app-frame-latency-signal app=705 via=source-present-retirement
info:  InternalWSI: source-present app=706 duration-us=206 hr=0x0
info:  WSI: present origin=APPLICATION_SOURCE wsi=690 app=706 internal=0 acquire=690 image=2 generation=2
info:  WSI: app-frame-latency-signal app=706 via=source-submit-completion
info:  WSI: app-completion app=706 app-signal=signaled
info:  InternalWSI: source-present app=707 duration-us=209 hr=0x0
info:  WSI: present origin=APPLICATION_SOURCE wsi=691 app=707 internal=0 acquire=691 image=0 generation=2
info:  WSI: app-frame-latency-signal app=707 via=source-submit-completion
info:  WSI: app-completion app=707 app-signal=signaled
info:  InternalWSI: source-present app=708 duration-us=194 hr=0x0
info:  WSI: present origin=APPLICATION_SOURCE wsi=692 app=708 internal=0 acquire=692 image=1 generation=2
info:  WSI: app-frame-latency-signal app=708 via=source-submit-completion
info:  WSI: app-completion app=708 app-signal=signaled
info:  InternalWSI: source-present app=709 duration-us=350 hr=0x0
info:  WSI: present origin=APPLICATION_SOURCE wsi=693 app=709 internal=0 acquire=693 image=2 generation=2
info:  WSI: app-frame-latency-signal app=709 via=source-submit-completion
info:  WSI: app-completion app=709 app-signal=signaled
info:  InternalWSI: source-present app=710 duration-us=261 hr=0x0
info:  WSI: present origin=APPLICATION_SOURCE wsi=694 app=710 internal=0 acquire=694 image=0 generation=2
info:  WSI: app-frame-latency-signal app=710 via=source-submit-completion
info:  WSI: app-completion app=710 app-signal=signaled
info:  InternalWSI: source-present app=711 duration-us=199 hr=0x0
info:  WSI: present origin=APPLICATION_SOURCE wsi=695 app=711 internal=0 acquire=695 image=1 generation=2
info:  WSI: app-completion app=711 app-signal=deferred
info:  WSI: app-frame-latency-signal app=711 via=source-present-retirement
info:  InternalWSI: source-present app=712 duration-us=205 hr=0x0
info:  WSI: present origin=APPLICATION_SOURCE wsi=696 app=712 internal=0 acquire=696 image=2 generation=2
info:  WSI: app-frame-latency-signal app=712 via=source-submit-completion
info:  WSI: app-completion app=712 app-signal=signaled
info:  InternalWSI: source-present app=713 duration-us=195 hr=0x0
info:  WSI: present origin=APPLICATION_SOURCE wsi=697 app=713 internal=0 acquire=697 image=0 generation=2
info:  WSI: app-completion app=713 app-signal=deferred
info:  WSI: app-frame-latency-signal app=713 via=source-present-retirement
info:  InternalWSI: source-present app=714 duration-us=199 hr=0x0
info:  WSI: present origin=APPLICATION_SOURCE wsi=698 app=714 internal=0 acquire=698 image=1 generation=2
info:  WSI: app-frame-latency-signal app=714 via=source-submit-completion
info:  WSI: app-completion app=714 app-signal=signaled
info:  InternalWSI: source-present app=715 duration-us=207 hr=0x0
info:  WSI: present origin=APPLICATION_SOURCE wsi=699 app=715 internal=0 acquire=699 image=2 generation=2
info:  WSI: app-frame-latency-signal app=715 via=source-submit-completion
info:  WSI: app-completion app=715 app-signal=signaled
info:  InternalWSI: source-present app=716 duration-us=202 hr=0x0
info:  WSI: present origin=APPLICATION_SOURCE wsi=700 app=716 internal=0 acquire=700 image=0 generation=2
info:  WSI: app-completion app=716 app-signal=deferred
info:  WSI: app-frame-latency-signal app=716 via=source-present-retirement
info:  InternalWSI: source-present app=717 duration-us=207 hr=0x0
info:  WSI: present origin=APPLICATION_SOURCE wsi=701 app=717 internal=0 acquire=701 image=1 generation=2
info:  WSI: app-frame-latency-signal app=717 via=source-submit-completion
info:  WSI: app-completion app=717 app-signal=signaled
info:  InternalWSI: source-present app=718 duration-us=182 hr=0x0
info:  WSI: present origin=APPLICATION_SOURCE wsi=702 app=718 internal=0 acquire=702 image=2 generation=2
info:  WSI: app-completion app=718 app-signal=deferred
info:  WSI: app-frame-latency-signal app=718 via=source-present-retirement
info:  InternalWSI: source-present app=719 duration-us=200 hr=0x0
info:  WSI: present origin=APPLICATION_SOURCE wsi=703 app=719 internal=0 acquire=703 image=0 generation=2
info:  WSI: app-frame-latency-signal app=719 via=source-submit-completion
info:  WSI: app-completion app=719 app-signal=signaled
info:  InternalWSI: source-present app=720 duration-us=200 hr=0x0
info:  WSI: present origin=APPLICATION_SOURCE wsi=704 app=720 internal=0 acquire=704 image=1 generation=2
info:  WSI: app-frame-latency-signal app=720 via=source-submit-completion
info:  WSI: app-completion app=720 app-signal=signaled
info:  InternalWSI: source-present app=721 duration-us=211 hr=0x0
info:  WSI: present origin=APPLICATION_SOURCE wsi=705 app=721 internal=0 acquire=705 image=2 generation=2
info:  WSI: app-completion app=721 app-signal=deferred
info:  WSI: app-frame-latency-signal app=721 via=source-present-retirement
info:  InternalWSI: source-present app=722 duration-us=208 hr=0x0
info:  WSI: present origin=APPLICATION_SOURCE wsi=706 app=722 internal=0 acquire=706 image=0 generation=2
info:  WSI: app-completion app=722 app-signal=deferred
info:  WSI: app-frame-latency-signal app=722 via=source-present-retirement
info:  InternalWSI: source-present app=723 duration-us=194 hr=0x0
info:  WSI: present origin=APPLICATION_SOURCE wsi=707 app=723 internal=0 acquire=707 image=1 generation=2
info:  WSI: app-completion app=723 app-signal=deferred
info:  WSI: app-frame-latency-signal app=723 via=source-present-retirement
info:  InternalWSI: source-present app=724 duration-us=204 hr=0x0
info:  WSI: present origin=APPLICATION_SOURCE wsi=708 app=724 internal=0 acquire=708 image=2 generation=2
info:  WSI: app-frame-latency-signal app=724 via=source-submit-completion
info:  WSI: app-completion app=724 app-signal=signaled
info:  InternalWSI: source-present app=725 duration-us=202 hr=0x0
info:  WSI: present origin=APPLICATION_SOURCE wsi=709 app=725 internal=0 acquire=709 image=0 generation=2
info:  WSI: app-frame-latency-signal app=725 via=source-submit-completion
info:  WSI: app-completion app=725 app-signal=signaled
info:  InternalWSI: source-present app=726 duration-us=202 hr=0x0
info:  WSI: present origin=APPLICATION_SOURCE wsi=710 app=726 internal=0 acquire=710 image=1 generation=2
info:  WSI: app-completion app=726 app-signal=deferred
info:  WSI: app-frame-latency-signal app=726 via=source-present-retirement
info:  InternalWSI: source-present app=727 duration-us=431 hr=0x0
info:  WSI: present origin=APPLICATION_SOURCE wsi=711 app=727 internal=0 acquire=711 image=2 generation=2
info:  WSI: app-frame-latency-signal app=727 via=source-submit-completion
info:  WSI: app-completion app=727 app-signal=signaled
info:  InternalWSI: source-present app=728 duration-us=199 hr=0x0
info:  WSI: present origin=APPLICATION_SOURCE wsi=712 app=728 internal=0 acquire=712 image=0 generation=2
info:  WSI: app-frame-latency-signal app=728 via=source-submit-completion
info:  WSI: app-completion app=728 app-signal=signaled
info:  InternalWSI: source-present app=729 duration-us=278 hr=0x0
info:  WSI: present origin=APPLICATION_SOURCE wsi=713 app=729 internal=0 acquire=713 image=1 generation=2
info:  WSI: app-frame-latency-signal app=729 via=source-submit-completion
info:  WSI: app-completion app=729 app-signal=signaled
info:  InternalWSI: source-present app=730 duration-us=196 hr=0x0
info:  WSI: present origin=APPLICATION_SOURCE wsi=714 app=730 internal=0 acquire=714 image=2 generation=2
info:  WSI: app-completion app=730 app-signal=deferred
info:  WSI: app-frame-latency-signal app=730 via=source-present-retirement
info:  InternalWSI: source-present app=731 duration-us=219 hr=0x0
info:  WSI: present origin=APPLICATION_SOURCE wsi=715 app=731 internal=0 acquire=715 image=0 generation=2
info:  WSI: app-completion app=731 app-signal=deferred
info:  WSI: app-frame-latency-signal app=731 via=source-present-retirement
info:  InternalWSI: source-present app=732 duration-us=252 hr=0x0
info:  WSI: present origin=APPLICATION_SOURCE wsi=716 app=732 internal=0 acquire=716 image=1 generation=2
info:  WSI: app-completion app=732 app-signal=deferred
info:  WSI: app-frame-latency-signal app=732 via=source-present-retirement
info:  InternalWSI: source-present app=733 duration-us=205 hr=0x0
info:  WSI: present origin=APPLICATION_SOURCE wsi=717 app=733 internal=0 acquire=717 image=2 generation=2
info:  WSI: app-completion app=733 app-signal=deferred
info:  WSI: app-frame-latency-signal app=733 via=source-present-retirement
info:  InternalWSI: source-present app=734 duration-us=188 hr=0x0
info:  WSI: present origin=APPLICATION_SOURCE wsi=718 app=734 internal=0 acquire=718 image=0 generation=2
info:  WSI: app-frame-latency-signal app=734 via=source-submit-completion
info:  WSI: app-completion app=734 app-signal=signaled
info:  InternalWSI: source-present app=735 duration-us=206 hr=0x0
info:  WSI: present origin=APPLICATION_SOURCE wsi=719 app=735 internal=0 acquire=719 image=1 generation=2
info:  WSI: app-frame-latency-signal app=735 via=source-submit-completion
info:  WSI: app-completion app=735 app-signal=signaled
info:  InternalWSI: source-present app=736 duration-us=206 hr=0x0
info:  WSI: present origin=APPLICATION_SOURCE wsi=720 app=736 internal=0 acquire=720 image=2 generation=2
info:  WSI: app-completion app=736 app-signal=deferred
info:  WSI: app-frame-latency-signal app=736 via=source-present-retirement
info:  InternalWSI: source-present app=737 duration-us=211 hr=0x0
info:  WSI: present origin=APPLICATION_SOURCE wsi=721 app=737 internal=0 acquire=721 image=0 generation=2
info:  WSI: app-frame-latency-signal app=737 via=source-submit-completion
info:  WSI: app-completion app=737 app-signal=signaled
info:  InternalWSI: source-present app=738 duration-us=211 hr=0x0
info:  WSI: present origin=APPLICATION_SOURCE wsi=722 app=738 internal=0 acquire=722 image=1 generation=2
info:  WSI: app-frame-latency-signal app=738 via=source-submit-completion
info:  WSI: app-completion app=738 app-signal=signaled
info:  InternalWSI: source-present app=739 duration-us=189 hr=0x0
info:  WSI: present origin=APPLICATION_SOURCE wsi=723 app=739 internal=0 acquire=723 image=2 generation=2
info:  WSI: app-completion app=739 app-signal=deferred
info:  WSI: app-frame-latency-signal app=739 via=source-present-retirement
info:  InternalWSI: source-present app=740 duration-us=203 hr=0x0
info:  WSI: present origin=APPLICATION_SOURCE wsi=724 app=740 internal=0 acquire=724 image=0 generation=2
info:  WSI: app-frame-latency-signal app=740 via=source-submit-completion
info:  WSI: app-completion app=740 app-signal=signaled
info:  InternalWSI: source-present app=741 duration-us=202 hr=0x0
info:  WSI: present origin=APPLICATION_SOURCE wsi=725 app=741 internal=0 acquire=725 image=1 generation=2
info:  WSI: app-frame-latency-signal app=741 via=source-submit-completion
info:  WSI: app-completion app=741 app-signal=signaled
info:  InternalWSI: source-present app=742 duration-us=199 hr=0x0
info:  WSI: present origin=APPLICATION_SOURCE wsi=726 app=742 internal=0 acquire=726 image=2 generation=2
info:  WSI: app-frame-latency-signal app=742 via=source-submit-completion
info:  WSI: app-completion app=742 app-signal=signaled
info:  InternalWSI: source-present app=743 duration-us=205 hr=0x0
info:  WSI: present origin=APPLICATION_SOURCE wsi=727 app=743 internal=0 acquire=727 image=0 generation=2
info:  WSI: app-frame-latency-signal app=743 via=source-submit-completion
info:  WSI: app-completion app=743 app-signal=signaled
info:  InternalWSI: source-present app=744 duration-us=269 hr=0x0
info:  WSI: present origin=APPLICATION_SOURCE wsi=728 app=744 internal=0 acquire=728 image=1 generation=2
info:  WSI: app-completion app=744 app-signal=deferred
info:  WSI: app-frame-latency-signal app=744 via=source-present-retirement
info:  InternalWSI: source-present app=745 duration-us=205 hr=0x0
info:  WSI: present origin=APPLICATION_SOURCE wsi=729 app=745 internal=0 acquire=729 image=2 generation=2
info:  WSI: app-frame-latency-signal app=745 via=source-submit-completion
info:  WSI: app-completion app=745 app-signal=signaled
info:  InternalWSI: source-present app=746 duration-us=492 hr=0x0
info:  WSI: present origin=APPLICATION_SOURCE wsi=730 app=746 internal=0 acquire=730 image=0 generation=2
info:  WSI: app-frame-latency-signal app=746 via=source-submit-completion
info:  WSI: app-completion app=746 app-signal=signaled
info:  InternalWSI: source-present app=747 duration-us=201 hr=0x0
info:  WSI: present origin=APPLICATION_SOURCE wsi=731 app=747 internal=0 acquire=731 image=1 generation=2
info:  WSI: app-completion app=747 app-signal=deferred
info:  WSI: app-frame-latency-signal app=747 via=source-present-retirement
info:  InternalWSI: source-present app=748 duration-us=204 hr=0x0
info:  WSI: present origin=APPLICATION_SOURCE wsi=732 app=748 internal=0 acquire=732 image=2 generation=2
info:  WSI: app-frame-latency-signal app=748 via=source-submit-completion
info:  WSI: app-completion app=748 app-signal=signaled
info:  InternalWSI: source-present app=749 duration-us=200 hr=0x0
info:  WSI: present origin=APPLICATION_SOURCE wsi=733 app=749 internal=0 acquire=733 image=0 generation=2
info:  WSI: app-completion app=749 app-signal=deferred
info:  WSI: app-frame-latency-signal app=749 via=source-present-retirement
info:  InternalWSI: source-present app=750 duration-us=385 hr=0x0
info:  WSI: present origin=APPLICATION_SOURCE wsi=734 app=750 internal=0 acquire=734 image=1 generation=2
info:  WSI: app-completion app=750 app-signal=deferred
info:  WSI: app-frame-latency-signal app=750 via=source-present-retirement
info:  InternalWSI: source-present app=751 duration-us=189 hr=0x0
info:  WSI: present origin=APPLICATION_SOURCE wsi=735 app=751 internal=0 acquire=735 image=2 generation=2
info:  WSI: app-completion app=751 app-signal=deferred
info:  WSI: app-frame-latency-signal app=751 via=source-present-retirement
info:  InternalWSI: source-present app=752 duration-us=200 hr=0x0
info:  WSI: present origin=APPLICATION_SOURCE wsi=736 app=752 internal=0 acquire=736 image=0 generation=2
info:  WSI: app-frame-latency-signal app=752 via=source-submit-completion
info:  WSI: app-completion app=752 app-signal=signaled
info:  InternalWSI: source-present app=753 duration-us=209 hr=0x0
info:  WSI: present origin=APPLICATION_SOURCE wsi=737 app=753 internal=0 acquire=737 image=1 generation=2
info:  WSI: app-completion app=753 app-signal=deferred
info:  WSI: app-frame-latency-signal app=753 via=source-present-retirement
info:  InternalWSI: source-present app=754 duration-us=309 hr=0x0
info:  WSI: present origin=APPLICATION_SOURCE wsi=738 app=754 internal=0 acquire=738 image=2 generation=2
info:  WSI: app-frame-latency-signal app=754 via=source-submit-completion
info:  WSI: app-completion app=754 app-signal=signaled
info:  InternalWSI: source-present app=755 duration-us=192 hr=0x0
info:  WSI: present origin=APPLICATION_SOURCE wsi=739 app=755 internal=0 acquire=739 image=0 generation=2
info:  WSI: app-frame-latency-signal app=755 via=source-submit-completion
info:  WSI: app-completion app=755 app-signal=signaled
info:  InternalWSI: source-present app=756 duration-us=199 hr=0x0
info:  WSI: present origin=APPLICATION_SOURCE wsi=740 app=756 internal=0 acquire=740 image=1 generation=2
info:  WSI: app-completion app=756 app-signal=deferred
info:  WSI: app-frame-latency-signal app=756 via=source-present-retirement
info:  InternalWSI: source-present app=757 duration-us=215 hr=0x0
info:  WSI: present origin=APPLICATION_SOURCE wsi=741 app=757 internal=0 acquire=741 image=2 generation=2
info:  WSI: app-frame-latency-signal app=757 via=source-submit-completion
info:  WSI: app-completion app=757 app-signal=signaled
info:  InternalWSI: source-present app=758 duration-us=267 hr=0x0
info:  WSI: present origin=APPLICATION_SOURCE wsi=742 app=758 internal=0 acquire=742 image=0 generation=2
info:  WSI: app-frame-latency-signal app=758 via=source-submit-completion
info:  WSI: app-completion app=758 app-signal=signaled
info:  InternalWSI: source-present app=759 duration-us=219 hr=0x0
info:  WSI: present origin=APPLICATION_SOURCE wsi=743 app=759 internal=0 acquire=743 image=1 generation=2
info:  WSI: app-frame-latency-signal app=759 via=source-submit-completion
info:  WSI: app-completion app=759 app-signal=signaled
info:  InternalWSI: source-present app=760 duration-us=215 hr=0x0
info:  WSI: present origin=APPLICATION_SOURCE wsi=744 app=760 internal=0 acquire=744 image=2 generation=2
info:  WSI: app-completion app=760 app-signal=deferred
info:  WSI: app-frame-latency-signal app=760 via=source-present-retirement
info:  InternalWSI: source-present app=761 duration-us=208 hr=0x0
info:  WSI: present origin=APPLICATION_SOURCE wsi=745 app=761 internal=0 acquire=745 image=0 generation=2
info:  WSI: app-frame-latency-signal app=761 via=source-submit-completion
info:  WSI: app-completion app=761 app-signal=signaled
info:  InternalWSI: source-present app=762 duration-us=200 hr=0x0
info:  WSI: present origin=APPLICATION_SOURCE wsi=746 app=762 internal=0 acquire=746 image=1 generation=2
info:  WSI: app-frame-latency-signal app=762 via=source-submit-completion
info:  WSI: app-completion app=762 app-signal=signaled
info:  InternalWSI: source-present app=763 duration-us=263 hr=0x0
info:  WSI: present origin=APPLICATION_SOURCE wsi=747 app=763 internal=0 acquire=747 image=2 generation=2
info:  WSI: app-completion app=763 app-signal=deferred
info:  WSI: app-frame-latency-signal app=763 via=source-present-retirement
info:  InternalWSI: source-present app=764 duration-us=197 hr=0x0
info:  WSI: present origin=APPLICATION_SOURCE wsi=748 app=764 internal=0 acquire=748 image=0 generation=2
info:  WSI: app-frame-latency-signal app=764 via=source-submit-completion
info:  WSI: app-completion app=764 app-signal=signaled
info:  InternalWSI: source-present app=765 duration-us=197 hr=0x0
info:  WSI: present origin=APPLICATION_SOURCE wsi=749 app=765 internal=0 acquire=749 image=1 generation=2
info:  WSI: app-completion app=765 app-signal=deferred
info:  WSI: app-frame-latency-signal app=765 via=source-present-retirement
info:  InternalWSI: source-present app=766 duration-us=202 hr=0x0
info:  WSI: present origin=APPLICATION_SOURCE wsi=750 app=766 internal=0 acquire=750 image=2 generation=2
info:  WSI: app-frame-latency-signal app=766 via=source-submit-completion
info:  WSI: app-completion app=766 app-signal=signaled
info:  InternalWSI: source-present app=767 duration-us=200 hr=0x0
info:  WSI: present origin=APPLICATION_SOURCE wsi=751 app=767 internal=0 acquire=751 image=0 generation=2
info:  WSI: app-completion app=767 app-signal=deferred
info:  WSI: app-frame-latency-signal app=767 via=source-present-retirement
info:  InternalWSI: source-present app=768 duration-us=201 hr=0x0
info:  WSI: present origin=APPLICATION_SOURCE wsi=752 app=768 internal=0 acquire=752 image=1 generation=2
info:  WSI: app-frame-latency-signal app=768 via=source-submit-completion
info:  WSI: app-completion app=768 app-signal=signaled
info:  InternalWSI: source-present app=769 duration-us=198 hr=0x0
info:  WSI: present origin=APPLICATION_SOURCE wsi=753 app=769 internal=0 acquire=753 image=2 generation=2
info:  WSI: app-completion app=769 app-signal=deferred
info:  WSI: app-frame-latency-signal app=769 via=source-present-retirement
info:  InternalWSI: source-present app=770 duration-us=193 hr=0x0
info:  WSI: present origin=APPLICATION_SOURCE wsi=754 app=770 internal=0 acquire=754 image=0 generation=2
info:  WSI: app-frame-latency-signal app=770 via=source-submit-completion
info:  WSI: app-completion app=770 app-signal=signaled
info:  InternalWSI: source-present app=771 duration-us=206 hr=0x0
info:  WSI: present origin=APPLICATION_SOURCE wsi=755 app=771 internal=0 acquire=755 image=1 generation=2
info:  WSI: app-frame-latency-signal app=771 via=source-submit-completion
info:  WSI: app-completion app=771 app-signal=signaled
info:  InternalWSI: source-present app=772 duration-us=221 hr=0x0
info:  WSI: present origin=APPLICATION_SOURCE wsi=756 app=772 internal=0 acquire=756 image=2 generation=2
info:  WSI: app-frame-latency-signal app=772 via=source-submit-completion
info:  WSI: app-completion app=772 app-signal=signaled
info:  InternalWSI: source-present app=773 duration-us=255 hr=0x0
info:  WSI: present origin=APPLICATION_SOURCE wsi=757 app=773 internal=0 acquire=757 image=0 generation=2
info:  WSI: app-completion app=773 app-signal=deferred
info:  WSI: app-frame-latency-signal app=773 via=source-present-retirement
info:  InternalWSI: source-present app=774 duration-us=185 hr=0x0
info:  WSI: present origin=APPLICATION_SOURCE wsi=758 app=774 internal=0 acquire=758 image=1 generation=2
info:  WSI: app-completion app=774 app-signal=deferred
info:  WSI: app-frame-latency-signal app=774 via=source-present-retirement
info:  InternalWSI: source-present app=775 duration-us=200 hr=0x0
info:  WSI: present origin=APPLICATION_SOURCE wsi=759 app=775 internal=0 acquire=759 image=2 generation=2
info:  WSI: app-completion app=775 app-signal=deferred
info:  WSI: app-frame-latency-signal app=775 via=source-present-retirement
info:  InternalWSI: source-present app=776 duration-us=205 hr=0x0
info:  WSI: present origin=APPLICATION_SOURCE wsi=760 app=776 internal=0 acquire=760 image=0 generation=2
info:  WSI: app-frame-latency-signal app=776 via=source-submit-completion
info:  WSI: app-completion app=776 app-signal=signaled
info:  InternalWSI: source-present app=777 duration-us=197 hr=0x0
info:  WSI: present origin=APPLICATION_SOURCE wsi=761 app=777 internal=0 acquire=761 image=1 generation=2
info:  WSI: app-frame-latency-signal app=777 via=source-submit-completion
info:  WSI: app-completion app=777 app-signal=signaled
info:  InternalWSI: source-present app=778 duration-us=192 hr=0x0
info:  WSI: present origin=APPLICATION_SOURCE wsi=762 app=778 internal=0 acquire=762 image=2 generation=2
info:  WSI: app-frame-latency-signal app=778 via=source-submit-completion
info:  WSI: app-completion app=778 app-signal=signaled
info:  InternalWSI: source-present app=779 duration-us=209 hr=0x0
info:  WSI: present origin=APPLICATION_SOURCE wsi=763 app=779 internal=0 acquire=763 image=0 generation=2
info:  WSI: app-frame-latency-signal app=779 via=source-submit-completion
info:  WSI: app-completion app=779 app-signal=signaled
info:  InternalWSI: source-present app=780 duration-us=314 hr=0x0
info:  WSI: present origin=APPLICATION_SOURCE wsi=764 app=780 internal=0 acquire=764 image=1 generation=2
info:  WSI: app-completion app=780 app-signal=deferred
info:  WSI: app-frame-latency-signal app=780 via=source-present-retirement
info:  InternalWSI: source-present app=781 duration-us=212 hr=0x0
info:  WSI: present origin=APPLICATION_SOURCE wsi=765 app=781 internal=0 acquire=765 image=2 generation=2
info:  WSI: app-completion app=781 app-signal=deferred
info:  WSI: app-frame-latency-signal app=781 via=source-present-retirement
info:  InternalWSI: source-present app=782 duration-us=208 hr=0x0
info:  WSI: present origin=APPLICATION_SOURCE wsi=766 app=782 internal=0 acquire=766 image=0 generation=2
info:  WSI: app-frame-latency-signal app=782 via=source-submit-completion
info:  WSI: app-completion app=782 app-signal=signaled
info:  InternalWSI: source-present app=783 duration-us=199 hr=0x0
info:  WSI: present origin=APPLICATION_SOURCE wsi=767 app=783 internal=0 acquire=767 image=1 generation=2
info:  WSI: app-frame-latency-signal app=783 via=source-submit-completion
info:  WSI: app-completion app=783 app-signal=signaled
info:  InternalWSI: source-present app=784 duration-us=221 hr=0x0
info:  WSI: present origin=APPLICATION_SOURCE wsi=768 app=784 internal=0 acquire=768 image=2 generation=2
info:  WSI: app-frame-latency-signal app=784 via=source-submit-completion
info:  WSI: app-completion app=784 app-signal=signaled
info:  InternalWSI: source-present app=785 duration-us=210 hr=0x0
info:  WSI: present origin=APPLICATION_SOURCE wsi=769 app=785 internal=0 acquire=769 image=0 generation=2
info:  WSI: app-completion app=785 app-signal=deferred
info:  WSI: app-frame-latency-signal app=785 via=source-present-retirement
info:  InternalWSI: source-present app=786 duration-us=212 hr=0x0
info:  WSI: present origin=APPLICATION_SOURCE wsi=770 app=786 internal=0 acquire=770 image=1 generation=2
info:  WSI: app-frame-latency-signal app=786 via=source-submit-completion
info:  WSI: app-completion app=786 app-signal=signaled
info:  InternalWSI: source-present app=787 duration-us=571 hr=0x0
info:  WSI: present origin=APPLICATION_SOURCE wsi=771 app=787 internal=0 acquire=771 image=2 generation=2
info:  WSI: app-frame-latency-signal app=787 via=source-submit-completion
info:  WSI: app-completion app=787 app-signal=signaled
info:  InternalWSI: source-present app=788 duration-us=113 hr=0x0
info:  WSI: present origin=APPLICATION_SOURCE wsi=772 app=788 internal=0 acquire=772 image=0 generation=2
info:  WSI: app-completion app=788 app-signal=deferred
info:  WSI: app-frame-latency-signal app=788 via=source-present-retirement
info:  InternalWSI: source-present app=789 duration-us=125 hr=0x0
info:  WSI: present origin=APPLICATION_SOURCE wsi=773 app=789 internal=0 acquire=773 image=1 generation=2
info:  WSI: app-completion app=789 app-signal=deferred
info:  WSI: app-frame-latency-signal app=789 via=source-present-retirement
info:  InternalWSI: source-present app=790 duration-us=136 hr=0x0
info:  WSI: present origin=APPLICATION_SOURCE wsi=774 app=790 internal=0 acquire=774 image=2 generation=2
info:  WSI: app-completion app=790 app-signal=deferred
info:  WSI: app-frame-latency-signal app=790 via=source-present-retirement
info:  InternalWSI: source-present app=791 duration-us=138 hr=0x0
info:  WSI: present origin=APPLICATION_SOURCE wsi=775 app=791 internal=0 acquire=775 image=0 generation=2
info:  WSI: app-completion app=791 app-signal=deferred
info:  WSI: app-frame-latency-signal app=791 via=source-present-retirement
info:  InternalWSI: source-present app=792 duration-us=261 hr=0x0
info:  WSI: present origin=APPLICATION_SOURCE wsi=776 app=792 internal=0 acquire=776 image=1 generation=2
info:  WSI: app-frame-latency-signal app=792 via=source-submit-completion
info:  WSI: app-completion app=792 app-signal=signaled
info:  InternalWSI: source-present app=793 duration-us=230 hr=0x0
info:  WSI: present origin=APPLICATION_SOURCE wsi=777 app=793 internal=0 acquire=777 image=2 generation=2
info:  WSI: app-frame-latency-signal app=793 via=source-submit-completion
info:  WSI: app-completion app=793 app-signal=signaled
info:  InternalWSI: source-present app=794 duration-us=234 hr=0x0
info:  WSI: present origin=APPLICATION_SOURCE wsi=778 app=794 internal=0 acquire=778 image=0 generation=2
info:  WSI: app-frame-latency-signal app=794 via=source-submit-completion
info:  WSI: app-completion app=794 app-signal=signaled
info:  InternalWSI: source-present app=795 duration-us=204 hr=0x0
info:  WSI: present origin=APPLICATION_SOURCE wsi=779 app=795 internal=0 acquire=779 image=1 generation=2
info:  WSI: app-frame-latency-signal app=795 via=source-submit-completion
info:  WSI: app-completion app=795 app-signal=signaled
info:  InternalWSI: source-present app=796 duration-us=195 hr=0x0
info:  WSI: present origin=APPLICATION_SOURCE wsi=780 app=796 internal=0 acquire=780 image=2 generation=2
info:  WSI: app-frame-latency-signal app=796 via=source-submit-completion
info:  WSI: app-completion app=796 app-signal=signaled
info:  InternalWSI: source-present app=797 duration-us=230 hr=0x0
info:  WSI: present origin=APPLICATION_SOURCE wsi=781 app=797 internal=0 acquire=781 image=0 generation=2
info:  WSI: app-frame-latency-signal app=797 via=source-submit-completion
info:  WSI: app-completion app=797 app-signal=signaled
info:  InternalWSI: source-present app=798 duration-us=196 hr=0x0
info:  WSI: present origin=APPLICATION_SOURCE wsi=782 app=798 internal=0 acquire=782 image=1 generation=2
info:  WSI: app-frame-latency-signal app=798 via=source-submit-completion
info:  WSI: app-completion app=798 app-signal=signaled
info:  InternalWSI: source-present app=799 duration-us=216 hr=0x0
info:  WSI: present origin=APPLICATION_SOURCE wsi=783 app=799 internal=0 acquire=783 image=2 generation=2
info:  WSI: app-frame-latency-signal app=799 via=source-submit-completion
info:  WSI: app-completion app=799 app-signal=signaled
info:  InternalWSI: source-present app=800 duration-us=202 hr=0x0
info:  WSI: present origin=APPLICATION_SOURCE wsi=784 app=800 internal=0 acquire=784 image=0 generation=2
info:  WSI: app-frame-latency-signal app=800 via=source-submit-completion
info:  WSI: app-completion app=800 app-signal=signaled
info:  InternalWSI: source-present app=801 duration-us=227 hr=0x0
info:  WSI: present origin=APPLICATION_SOURCE wsi=785 app=801 internal=0 acquire=785 image=1 generation=2
info:  WSI: app-frame-latency-signal app=801 via=source-submit-completion
info:  WSI: app-completion app=801 app-signal=signaled
info:  InternalWSI: source-present app=802 duration-us=189 hr=0x0
info:  WSI: present origin=APPLICATION_SOURCE wsi=786 app=802 internal=0 acquire=786 image=2 generation=2
info:  WSI: app-frame-latency-signal app=802 via=source-submit-completion
info:  WSI: app-completion app=802 app-signal=signaled
info:  InternalWSI: source-present app=803 duration-us=235 hr=0x0
info:  WSI: present origin=APPLICATION_SOURCE wsi=787 app=803 internal=0 acquire=787 image=0 generation=2
info:  WSI: app-completion app=803 app-signal=deferred
info:  WSI: app-frame-latency-signal app=803 via=source-present-retirement
info:  InternalWSI: source-present app=804 duration-us=123 hr=0x0
info:  WSI: present origin=APPLICATION_SOURCE wsi=788 app=804 internal=0 acquire=788 image=1 generation=2
info:  WSI: app-completion app=804 app-signal=deferred
info:  WSI: app-frame-latency-signal app=804 via=source-present-retirement
info:  InternalWSI: source-present app=805 duration-us=142 hr=0x0
info:  WSI: present origin=APPLICATION_SOURCE wsi=789 app=805 internal=0 acquire=789 image=2 generation=2
info:  WSI: app-frame-latency-signal app=805 via=source-submit-completion
info:  WSI: app-completion app=805 app-signal=signaled
info:  InternalWSI: source-present app=806 duration-us=184 hr=0x0
info:  WSI: present origin=APPLICATION_SOURCE wsi=790 app=806 internal=0 acquire=790 image=0 generation=2
info:  WSI: app-frame-latency-signal app=806 via=source-submit-completion
info:  WSI: app-completion app=806 app-signal=signaled
info:  InternalWSI: source-present app=807 duration-us=195 hr=0x0
info:  WSI: present origin=APPLICATION_SOURCE wsi=791 app=807 internal=0 acquire=791 image=1 generation=2
info:  WSI: app-frame-latency-signal app=807 via=source-submit-completion
info:  WSI: app-completion app=807 app-signal=signaled
info:  InternalWSI: source-present app=808 duration-us=216 hr=0x0
info:  WSI: present origin=APPLICATION_SOURCE wsi=792 app=808 internal=0 acquire=792 image=2 generation=2
info:  WSI: app-frame-latency-signal app=808 via=source-submit-completion
info:  WSI: app-completion app=808 app-signal=signaled
info:  InternalWSI: source-present app=809 duration-us=218 hr=0x0
info:  WSI: present origin=APPLICATION_SOURCE wsi=793 app=809 internal=0 acquire=793 image=0 generation=2
info:  WSI: app-frame-latency-signal app=809 via=source-submit-completion
info:  WSI: app-completion app=809 app-signal=signaled
info:  InternalWSI: source-present app=810 duration-us=195 hr=0x0
info:  WSI: present origin=APPLICATION_SOURCE wsi=794 app=810 internal=0 acquire=794 image=1 generation=2
info:  WSI: app-frame-latency-signal app=810 via=source-submit-completion
info:  WSI: app-completion app=810 app-signal=signaled
info:  InternalWSI: source-present app=811 duration-us=245 hr=0x0
info:  WSI: present origin=APPLICATION_SOURCE wsi=795 app=811 internal=0 acquire=795 image=2 generation=2
info:  WSI: app-frame-latency-signal app=811 via=source-submit-completion
info:  WSI: app-completion app=811 app-signal=signaled
info:  InternalWSI: source-present app=812 duration-us=187 hr=0x0
info:  WSI: present origin=APPLICATION_SOURCE wsi=796 app=812 internal=0 acquire=796 image=0 generation=2
info:  WSI: app-completion app=812 app-signal=deferred
info:  WSI: app-frame-latency-signal app=812 via=source-present-retirement
info:  InternalWSI: source-present app=813 duration-us=210 hr=0x0
info:  WSI: present origin=APPLICATION_SOURCE wsi=797 app=813 internal=0 acquire=797 image=1 generation=2
info:  WSI: app-frame-latency-signal app=813 via=source-submit-completion
info:  WSI: app-completion app=813 app-signal=signaled
info:  InternalWSI: source-present app=814 duration-us=201 hr=0x0
info:  WSI: present origin=APPLICATION_SOURCE wsi=798 app=814 internal=0 acquire=798 image=2 generation=2
info:  WSI: app-frame-latency-signal app=814 via=source-submit-completion
info:  WSI: app-completion app=814 app-signal=signaled
info:  InternalWSI: source-present app=815 duration-us=235 hr=0x0
info:  WSI: present origin=APPLICATION_SOURCE wsi=799 app=815 internal=0 acquire=799 image=0 generation=2
info:  WSI: app-frame-latency-signal app=815 via=source-submit-completion
info:  WSI: app-completion app=815 app-signal=signaled
info:  InternalWSI: source-present app=816 duration-us=223 hr=0x0
info:  WSI: present origin=APPLICATION_SOURCE wsi=800 app=816 internal=0 acquire=800 image=1 generation=2
info:  WSI: app-completion app=816 app-signal=deferred
info:  WSI: app-frame-latency-signal app=816 via=source-present-retirement
info:  InternalWSI: source-present app=817 duration-us=226 hr=0x0
info:  WSI: present origin=APPLICATION_SOURCE wsi=801 app=817 internal=0 acquire=801 image=2 generation=2
info:  WSI: app-frame-latency-signal app=817 via=source-submit-completion
info:  WSI: app-completion app=817 app-signal=signaled
info:  InternalWSI: source-present app=818 duration-us=211 hr=0x0
info:  WSI: present origin=APPLICATION_SOURCE wsi=802 app=818 internal=0 acquire=802 image=0 generation=2
info:  WSI: app-frame-latency-signal app=818 via=source-submit-completion
info:  WSI: app-completion app=818 app-signal=signaled
info:  InternalWSI: source-present app=819 duration-us=197 hr=0x0
info:  WSI: present origin=APPLICATION_SOURCE wsi=803 app=819 internal=0 acquire=803 image=1 generation=2
info:  WSI: app-frame-latency-signal app=819 via=source-submit-completion
info:  WSI: app-completion app=819 app-signal=signaled
info:  InternalWSI: source-present app=820 duration-us=216 hr=0x0
info:  WSI: present origin=APPLICATION_SOURCE wsi=804 app=820 internal=0 acquire=804 image=2 generation=2
info:  WSI: app-frame-latency-signal app=820 via=source-submit-completion
info:  WSI: app-completion app=820 app-signal=signaled
info:  InternalWSI: source-present app=821 duration-us=209 hr=0x0
info:  WSI: present origin=APPLICATION_SOURCE wsi=805 app=821 internal=0 acquire=805 image=0 generation=2
info:  WSI: app-frame-latency-signal app=821 via=source-submit-completion
info:  WSI: app-completion app=821 app-signal=signaled
info:  InternalWSI: source-present app=822 duration-us=209 hr=0x0
info:  WSI: present origin=APPLICATION_SOURCE wsi=806 app=822 internal=0 acquire=806 image=1 generation=2
info:  WSI: app-completion app=822 app-signal=deferred
info:  WSI: app-frame-latency-signal app=822 via=source-present-retirement
info:  InternalWSI: source-present app=823 duration-us=236 hr=0x0
info:  WSI: present origin=APPLICATION_SOURCE wsi=807 app=823 internal=0 acquire=807 image=2 generation=2
info:  WSI: app-completion app=823 app-signal=deferred
info:  WSI: app-frame-latency-signal app=823 via=source-present-retirement
info:  InternalWSI: source-present app=824 duration-us=203 hr=0x0
info:  WSI: present origin=APPLICATION_SOURCE wsi=808 app=824 internal=0 acquire=808 image=0 generation=2
info:  WSI: app-frame-latency-signal app=824 via=source-submit-completion
info:  WSI: app-completion app=824 app-signal=signaled
info:  InternalWSI: source-present app=825 duration-us=220 hr=0x0
info:  WSI: present origin=APPLICATION_SOURCE wsi=809 app=825 internal=0 acquire=809 image=1 generation=2
info:  WSI: app-frame-latency-signal app=825 via=source-submit-completion
info:  WSI: app-completion app=825 app-signal=signaled
info:  InternalWSI: source-present app=826 duration-us=210 hr=0x0
info:  WSI: present origin=APPLICATION_SOURCE wsi=810 app=826 internal=0 acquire=810 image=2 generation=2
info:  WSI: app-completion app=826 app-signal=deferred
info:  WSI: app-frame-latency-signal app=826 via=source-present-retirement
info:  InternalWSI: source-present app=827 duration-us=209 hr=0x0
info:  WSI: present origin=APPLICATION_SOURCE wsi=811 app=827 internal=0 acquire=811 image=0 generation=2
info:  WSI: app-frame-latency-signal app=827 via=source-submit-completion
info:  WSI: app-completion app=827 app-signal=signaled
info:  InternalWSI: source-present app=828 duration-us=206 hr=0x0
info:  WSI: present origin=APPLICATION_SOURCE wsi=812 app=828 internal=0 acquire=812 image=1 generation=2
info:  WSI: app-completion app=828 app-signal=deferred
info:  WSI: app-frame-latency-signal app=828 via=source-present-retirement
info:  InternalWSI: source-present app=829 duration-us=202 hr=0x0
info:  WSI: present origin=APPLICATION_SOURCE wsi=813 app=829 internal=0 acquire=813 image=2 generation=2
info:  WSI: app-completion app=829 app-signal=deferred
info:  WSI: app-frame-latency-signal app=829 via=source-present-retirement
info:  InternalWSI: source-present app=830 duration-us=205 hr=0x0
info:  WSI: present origin=APPLICATION_SOURCE wsi=814 app=830 internal=0 acquire=814 image=0 generation=2
info:  WSI: app-completion app=830 app-signal=deferred
info:  WSI: app-frame-latency-signal app=830 via=source-present-retirement
info:  InternalWSI: source-present app=831 duration-us=117 hr=0x0
info:  WSI: present origin=APPLICATION_SOURCE wsi=815 app=831 internal=0 acquire=815 image=1 generation=2
info:  WSI: app-completion app=831 app-signal=deferred
info:  WSI: app-frame-latency-signal app=831 via=source-present-retirement
info:  InternalWSI: source-present app=832 duration-us=64 hr=0x0
info:  WSI: present origin=APPLICATION_SOURCE wsi=816 app=832 internal=0 acquire=816 image=2 generation=2
info:  WSI: app-frame-latency-signal app=832 via=source-submit-completion
info:  WSI: app-completion app=832 app-signal=signaled
info:  InternalWSI: source-present app=833 duration-us=69 hr=0x0
info:  WSI: present origin=APPLICATION_SOURCE wsi=817 app=833 internal=0 acquire=817 image=0 generation=2
info:  WSI: app-frame-latency-signal app=833 via=source-submit-completion
info:  WSI: app-completion app=833 app-signal=signaled
info:  InternalWSI: source-present app=834 duration-us=67 hr=0x0
info:  WSI: present origin=APPLICATION_SOURCE wsi=818 app=834 internal=0 acquire=818 image=1 generation=2
info:  WSI: app-completion app=834 app-signal=deferred
info:  WSI: app-frame-latency-signal app=834 via=source-present-retirement
info:  InternalWSI: source-present app=835 duration-us=57 hr=0x0
info:  WSI: present origin=APPLICATION_SOURCE wsi=819 app=835 internal=0 acquire=819 image=2 generation=2
info:  WSI: app-completion app=835 app-signal=deferred
info:  WSI: app-frame-latency-signal app=835 via=source-present-retirement
info:  InternalWSI: source-present app=836 duration-us=59 hr=0x0
info:  WSI: present origin=APPLICATION_SOURCE wsi=820 app=836 internal=0 acquire=820 image=0 generation=2
info:  WSI: app-completion app=836 app-signal=deferred
info:  WSI: app-frame-latency-signal app=836 via=source-present-retirement
info:  InternalWSI: source-present app=837 duration-us=34 hr=0x0
info:  WSI: present origin=APPLICATION_SOURCE wsi=821 app=837 internal=0 acquire=821 image=1 generation=2
info:  WSI: app-completion app=837 app-signal=deferred
info:  WSI: app-frame-latency-signal app=837 via=source-present-retirement
info:  InternalWSI: source-present app=838 duration-us=56 hr=0x0
info:  WSI: present origin=APPLICATION_SOURCE wsi=822 app=838 internal=0 acquire=822 image=2 generation=2
info:  WSI: app-completion app=838 app-signal=deferred
info:  WSI: app-frame-latency-signal app=838 via=source-present-retirement
info:  InternalWSI: source-present app=839 duration-us=59 hr=0x0
info:  WSI: present origin=APPLICATION_SOURCE wsi=823 app=839 internal=0 acquire=823 image=0 generation=2
info:  WSI: app-completion app=839 app-signal=deferred
info:  WSI: app-frame-latency-signal app=839 via=source-present-retirement
info:  InternalWSI: source-present app=840 duration-us=133 hr=0x0
info:  WSI: present origin=APPLICATION_SOURCE wsi=824 app=840 internal=0 acquire=824 image=1 generation=2
info:  WSI: app-frame-latency-signal app=840 via=source-submit-completion
info:  WSI: app-completion app=840 app-signal=signaled
info:  InternalWSI: source-present app=841 duration-us=212 hr=0x0
info:  WSI: present origin=APPLICATION_SOURCE wsi=825 app=841 internal=0 acquire=825 image=2 generation=2
info:  WSI: app-frame-latency-signal app=841 via=source-submit-completion
info:  WSI: app-completion app=841 app-signal=signaled
info:  InternalWSI: source-present app=842 duration-us=212 hr=0x0
info:  WSI: present origin=APPLICATION_SOURCE wsi=826 app=842 internal=0 acquire=826 image=0 generation=2
info:  WSI: app-completion app=842 app-signal=deferred
info:  WSI: app-frame-latency-signal app=842 via=source-present-retirement
info:  InternalWSI: source-present app=843 duration-us=202 hr=0x0
info:  WSI: present origin=APPLICATION_SOURCE wsi=827 app=843 internal=0 acquire=827 image=1 generation=2
info:  WSI: app-completion app=843 app-signal=deferred
info:  WSI: app-frame-latency-signal app=843 via=source-present-retirement
info:  InternalWSI: source-present app=844 duration-us=209 hr=0x0
info:  WSI: present origin=APPLICATION_SOURCE wsi=828 app=844 internal=0 acquire=828 image=2 generation=2
info:  WSI: app-frame-latency-signal app=844 via=source-submit-completion
info:  WSI: app-completion app=844 app-signal=signaled
info:  InternalWSI: source-present app=845 duration-us=215 hr=0x0
info:  WSI: present origin=APPLICATION_SOURCE wsi=829 app=845 internal=0 acquire=829 image=0 generation=2
info:  WSI: app-frame-latency-signal app=845 via=source-submit-completion
info:  WSI: app-completion app=845 app-signal=signaled
info:  InternalWSI: source-present app=846 duration-us=301 hr=0x0
info:  WSI: present origin=APPLICATION_SOURCE wsi=830 app=846 internal=0 acquire=830 image=1 generation=2
info:  WSI: app-frame-latency-signal app=846 via=source-submit-completion
info:  WSI: app-completion app=846 app-signal=signaled
info:  InternalWSI: source-present app=847 duration-us=504 hr=0x0
info:  WSI: present origin=APPLICATION_SOURCE wsi=831 app=847 internal=0 acquire=831 image=2 generation=2
info:  WSI: app-frame-latency-signal app=847 via=source-submit-completion
info:  WSI: app-completion app=847 app-signal=signaled
info:  InternalWSI: source-present app=848 duration-us=235 hr=0x0
info:  WSI: present origin=APPLICATION_SOURCE wsi=832 app=848 internal=0 acquire=832 image=0 generation=2
info:  WSI: app-completion app=848 app-signal=deferred
info:  WSI: app-frame-latency-signal app=848 via=source-present-retirement
info:  InternalWSI: source-present app=849 duration-us=210 hr=0x0
info:  WSI: present origin=APPLICATION_SOURCE wsi=833 app=849 internal=0 acquire=833 image=1 generation=2
info:  WSI: app-completion app=849 app-signal=deferred
info:  WSI: app-frame-latency-signal app=849 via=source-present-retirement
info:  InternalWSI: source-present app=850 duration-us=260 hr=0x0
info:  WSI: present origin=APPLICATION_SOURCE wsi=834 app=850 internal=0 acquire=834 image=2 generation=2
info:  WSI: app-completion app=850 app-signal=deferred
info:  WSI: app-frame-latency-signal app=850 via=source-present-retirement
info:  InternalWSI: source-present app=851 duration-us=204 hr=0x0
info:  WSI: present origin=APPLICATION_SOURCE wsi=835 app=851 internal=0 acquire=835 image=0 generation=2
info:  WSI: app-completion app=851 app-signal=deferred
info:  WSI: app-frame-latency-signal app=851 via=source-present-retirement
info:  InternalWSI: source-present app=852 duration-us=215 hr=0x0
info:  WSI: present origin=APPLICATION_SOURCE wsi=836 app=852 internal=0 acquire=836 image=1 generation=2
info:  WSI: app-completion app=852 app-signal=deferred
info:  WSI: app-frame-latency-signal app=852 via=source-present-retirement
info:  InternalWSI: source-present app=853 duration-us=206 hr=0x0
info:  WSI: present origin=APPLICATION_SOURCE wsi=837 app=853 internal=0 acquire=837 image=2 generation=2
info:  WSI: app-frame-latency-signal app=853 via=source-submit-completion
info:  WSI: app-completion app=853 app-signal=signaled
info:  InternalWSI: source-present app=854 duration-us=259 hr=0x0
info:  WSI: present origin=APPLICATION_SOURCE wsi=838 app=854 internal=0 acquire=838 image=0 generation=2
info:  WSI: app-completion app=854 app-signal=deferred
info:  WSI: app-frame-latency-signal app=854 via=source-present-retirement
info:  InternalWSI: source-present app=855 duration-us=303 hr=0x0
info:  WSI: present origin=APPLICATION_SOURCE wsi=839 app=855 internal=0 acquire=839 image=1 generation=2
info:  WSI: app-frame-latency-signal app=855 via=source-submit-completion
info:  WSI: app-completion app=855 app-signal=signaled
info:  InternalWSI: source-present app=856 duration-us=200 hr=0x0
info:  WSI: present origin=APPLICATION_SOURCE wsi=840 app=856 internal=0 acquire=840 image=2 generation=2
info:  WSI: app-frame-latency-signal app=856 via=source-submit-completion
info:  WSI: app-completion app=856 app-signal=signaled
info:  InternalWSI: source-present app=857 duration-us=201 hr=0x0
info:  WSI: present origin=APPLICATION_SOURCE wsi=841 app=857 internal=0 acquire=841 image=0 generation=2
info:  WSI: app-frame-latency-signal app=857 via=source-submit-completion
info:  WSI: app-completion app=857 app-signal=signaled
info:  InternalWSI: source-present app=858 duration-us=218 hr=0x0
info:  WSI: present origin=APPLICATION_SOURCE wsi=842 app=858 internal=0 acquire=842 image=1 generation=2
info:  WSI: app-frame-latency-signal app=858 via=source-submit-completion
info:  WSI: app-completion app=858 app-signal=signaled
info:  InternalWSI: source-present app=859 duration-us=216 hr=0x0
info:  WSI: present origin=APPLICATION_SOURCE wsi=843 app=859 internal=0 acquire=843 image=2 generation=2
info:  WSI: app-completion app=859 app-signal=deferred
info:  WSI: app-frame-latency-signal app=859 via=source-present-retirement
info:  InternalWSI: source-present app=860 duration-us=224 hr=0x0
info:  WSI: present origin=APPLICATION_SOURCE wsi=844 app=860 internal=0 acquire=844 image=0 generation=2
info:  WSI: app-completion app=860 app-signal=deferred
info:  WSI: app-frame-latency-signal app=860 via=source-present-retirement
info:  InternalWSI: source-present app=861 duration-us=205 hr=0x0
info:  WSI: present origin=APPLICATION_SOURCE wsi=845 app=861 internal=0 acquire=845 image=1 generation=2
info:  WSI: app-frame-latency-signal app=861 via=source-submit-completion
info:  WSI: app-completion app=861 app-signal=signaled
info:  InternalWSI: source-present app=862 duration-us=204 hr=0x0
info:  WSI: present origin=APPLICATION_SOURCE wsi=846 app=862 internal=0 acquire=846 image=2 generation=2
info:  WSI: app-frame-latency-signal app=862 via=source-submit-completion
info:  WSI: app-completion app=862 app-signal=signaled
info:  InternalWSI: source-present app=863 duration-us=190 hr=0x0
info:  WSI: present origin=APPLICATION_SOURCE wsi=847 app=863 internal=0 acquire=847 image=0 generation=2
info:  WSI: app-frame-latency-signal app=863 via=source-submit-completion
info:  WSI: app-completion app=863 app-signal=signaled
info:  InternalWSI: source-present app=864 duration-us=178 hr=0x0
info:  WSI: present origin=APPLICATION_SOURCE wsi=848 app=864 internal=0 acquire=848 image=1 generation=2
info:  WSI: app-completion app=864 app-signal=deferred
info:  WSI: app-frame-latency-signal app=864 via=source-present-retirement
info:  InternalWSI: source-present app=865 duration-us=205 hr=0x0
info:  WSI: present origin=APPLICATION_SOURCE wsi=849 app=865 internal=0 acquire=849 image=2 generation=2
info:  WSI: app-frame-latency-signal app=865 via=source-submit-completion
info:  WSI: app-completion app=865 app-signal=signaled
info:  InternalWSI: source-present app=866 duration-us=207 hr=0x0
info:  WSI: present origin=APPLICATION_SOURCE wsi=850 app=866 internal=0 acquire=850 image=0 generation=2
info:  WSI: app-frame-latency-signal app=866 via=source-submit-completion
info:  WSI: app-completion app=866 app-signal=signaled
info:  InternalWSI: source-present app=867 duration-us=198 hr=0x0
info:  WSI: present origin=APPLICATION_SOURCE wsi=851 app=867 internal=0 acquire=851 image=1 generation=2
info:  WSI: app-completion app=867 app-signal=deferred
info:  WSI: app-frame-latency-signal app=867 via=source-present-retirement
info:  InternalWSI: source-present app=868 duration-us=204 hr=0x0
info:  WSI: present origin=APPLICATION_SOURCE wsi=852 app=868 internal=0 acquire=852 image=2 generation=2
info:  WSI: app-frame-latency-signal app=868 via=source-submit-completion
info:  WSI: app-completion app=868 app-signal=signaled
info:  InternalWSI: source-present app=869 duration-us=205 hr=0x0
info:  WSI: present origin=APPLICATION_SOURCE wsi=853 app=869 internal=0 acquire=853 image=0 generation=2
info:  WSI: app-completion app=869 app-signal=deferred
info:  WSI: app-frame-latency-signal app=869 via=source-present-retirement
info:  InternalWSI: source-present app=870 duration-us=206 hr=0x0
info:  WSI: present origin=APPLICATION_SOURCE wsi=854 app=870 internal=0 acquire=854 image=1 generation=2
info:  WSI: app-completion app=870 app-signal=deferred
info:  WSI: app-frame-latency-signal app=870 via=source-present-retirement
info:  InternalWSI: source-present app=871 duration-us=199 hr=0x0
info:  WSI: present origin=APPLICATION_SOURCE wsi=855 app=871 internal=0 acquire=855 image=2 generation=2
info:  WSI: app-completion app=871 app-signal=deferred
info:  WSI: app-frame-latency-signal app=871 via=source-present-retirement
info:  InternalWSI: source-present app=872 duration-us=198 hr=0x0
info:  WSI: present origin=APPLICATION_SOURCE wsi=856 app=872 internal=0 acquire=856 image=0 generation=2
info:  WSI: app-frame-latency-signal app=872 via=source-submit-completion
info:  WSI: app-completion app=872 app-signal=signaled
info:  InternalWSI: source-present app=873 duration-us=199 hr=0x0
info:  WSI: present origin=APPLICATION_SOURCE wsi=857 app=873 internal=0 acquire=857 image=1 generation=2
info:  WSI: app-frame-latency-signal app=873 via=source-submit-completion
info:  WSI: app-completion app=873 app-signal=signaled
info:  InternalWSI: source-present app=874 duration-us=194 hr=0x0
info:  WSI: present origin=APPLICATION_SOURCE wsi=858 app=874 internal=0 acquire=858 image=2 generation=2
info:  WSI: app-completion app=874 app-signal=deferred
info:  WSI: app-frame-latency-signal app=874 via=source-present-retirement
info:  InternalWSI: source-present app=875 duration-us=201 hr=0x0
info:  WSI: present origin=APPLICATION_SOURCE wsi=859 app=875 internal=0 acquire=859 image=0 generation=2
info:  WSI: app-completion app=875 app-signal=deferred
info:  WSI: app-frame-latency-signal app=875 via=source-present-retirement
info:  InternalWSI: source-present app=876 duration-us=202 hr=0x0
info:  WSI: present origin=APPLICATION_SOURCE wsi=860 app=876 internal=0 acquire=860 image=1 generation=2
info:  WSI: app-frame-latency-signal app=876 via=source-submit-completion
info:  WSI: app-completion app=876 app-signal=signaled
info:  InternalWSI: source-present app=877 duration-us=229 hr=0x0
info:  WSI: present origin=APPLICATION_SOURCE wsi=861 app=877 internal=0 acquire=861 image=2 generation=2
info:  WSI: app-frame-latency-signal app=877 via=source-submit-completion
info:  WSI: app-completion app=877 app-signal=signaled
info:  InternalWSI: source-present app=878 duration-us=220 hr=0x0
info:  WSI: present origin=APPLICATION_SOURCE wsi=862 app=878 internal=0 acquire=862 image=0 generation=2
info:  WSI: app-frame-latency-signal app=878 via=source-submit-completion
info:  WSI: app-completion app=878 app-signal=signaled
info:  InternalWSI: source-present app=879 duration-us=231 hr=0x0
info:  WSI: present origin=APPLICATION_SOURCE wsi=863 app=879 internal=0 acquire=863 image=1 generation=2
info:  WSI: app-frame-latency-signal app=879 via=source-submit-completion
info:  WSI: app-completion app=879 app-signal=signaled
info:  InternalWSI: source-present app=880 duration-us=215 hr=0x0
info:  WSI: present origin=APPLICATION_SOURCE wsi=864 app=880 internal=0 acquire=864 image=2 generation=2
info:  WSI: app-frame-latency-signal app=880 via=source-submit-completion
info:  WSI: app-completion app=880 app-signal=signaled
info:  InternalWSI: source-present app=881 duration-us=205 hr=0x0
info:  WSI: present origin=APPLICATION_SOURCE wsi=865 app=881 internal=0 acquire=865 image=0 generation=2
info:  WSI: app-frame-latency-signal app=881 via=source-submit-completion
info:  WSI: app-completion app=881 app-signal=signaled
info:  InternalWSI: source-present app=882 duration-us=211 hr=0x0
info:  WSI: present origin=APPLICATION_SOURCE wsi=866 app=882 internal=0 acquire=866 image=1 generation=2
info:  WSI: app-completion app=882 app-signal=deferred
info:  WSI: app-frame-latency-signal app=882 via=source-present-retirement
info:  InternalWSI: source-present app=883 duration-us=212 hr=0x0
info:  WSI: present origin=APPLICATION_SOURCE wsi=867 app=883 internal=0 acquire=867 image=2 generation=2
info:  WSI: app-frame-latency-signal app=883 via=source-submit-completion
info:  WSI: app-completion app=883 app-signal=signaled
info:  InternalWSI: source-present app=884 duration-us=217 hr=0x0
info:  WSI: present origin=APPLICATION_SOURCE wsi=868 app=884 internal=0 acquire=868 image=0 generation=2
info:  WSI: app-completion app=884 app-signal=deferred
info:  WSI: app-frame-latency-signal app=884 via=source-present-retirement
info:  InternalWSI: source-present app=885 duration-us=214 hr=0x0
info:  WSI: present origin=APPLICATION_SOURCE wsi=869 app=885 internal=0 acquire=869 image=1 generation=2
info:  WSI: app-frame-latency-signal app=885 via=source-submit-completion
info:  WSI: app-completion app=885 app-signal=signaled
info:  InternalWSI: source-present app=886 duration-us=318 hr=0x0
info:  WSI: present origin=APPLICATION_SOURCE wsi=870 app=886 internal=0 acquire=870 image=2 generation=2
info:  WSI: app-completion app=886 app-signal=deferred
info:  WSI: app-frame-latency-signal app=886 via=source-present-retirement
info:  InternalWSI: source-present app=887 duration-us=307 hr=0x0
info:  WSI: present origin=APPLICATION_SOURCE wsi=871 app=887 internal=0 acquire=871 image=0 generation=2
info:  WSI: app-frame-latency-signal app=887 via=source-submit-completion
info:  WSI: app-completion app=887 app-signal=signaled
info:  InternalWSI: source-present app=888 duration-us=195 hr=0x0
info:  WSI: present origin=APPLICATION_SOURCE wsi=872 app=888 internal=0 acquire=872 image=1 generation=2
info:  WSI: app-frame-latency-signal app=888 via=source-submit-completion
info:  WSI: app-completion app=888 app-signal=signaled
info:  InternalWSI: source-present app=889 duration-us=200 hr=0x0
info:  WSI: present origin=APPLICATION_SOURCE wsi=873 app=889 internal=0 acquire=873 image=2 generation=2
info:  WSI: app-frame-latency-signal app=889 via=source-submit-completion
info:  WSI: app-completion app=889 app-signal=signaled
info:  InternalWSI: source-present app=890 duration-us=168 hr=0x0
info:  WSI: present origin=APPLICATION_SOURCE wsi=874 app=890 internal=0 acquire=874 image=0 generation=2
info:  WSI: app-frame-latency-signal app=890 via=source-submit-completion
info:  WSI: app-completion app=890 app-signal=signaled
info:  InternalWSI: source-present app=891 duration-us=204 hr=0x0
info:  WSI: present origin=APPLICATION_SOURCE wsi=875 app=891 internal=0 acquire=875 image=1 generation=2
info:  WSI: app-frame-latency-signal app=891 via=source-submit-completion
info:  WSI: app-completion app=891 app-signal=signaled
info:  InternalWSI: source-present app=892 duration-us=274 hr=0x0
info:  WSI: present origin=APPLICATION_SOURCE wsi=876 app=892 internal=0 acquire=876 image=2 generation=2
info:  WSI: app-frame-latency-signal app=892 via=source-submit-completion
info:  WSI: app-completion app=892 app-signal=signaled
info:  InternalWSI: source-present app=893 duration-us=199 hr=0x0
info:  WSI: present origin=APPLICATION_SOURCE wsi=877 app=893 internal=0 acquire=877 image=0 generation=2
info:  WSI: app-frame-latency-signal app=893 via=source-submit-completion
info:  WSI: app-completion app=893 app-signal=signaled
info:  InternalWSI: source-present app=894 duration-us=184 hr=0x0
info:  WSI: present origin=APPLICATION_SOURCE wsi=878 app=894 internal=0 acquire=878 image=1 generation=2
info:  WSI: app-completion app=894 app-signal=deferred
info:  WSI: app-frame-latency-signal app=894 via=source-present-retirement
info:  InternalWSI: source-present app=895 duration-us=182 hr=0x0
info:  WSI: present origin=APPLICATION_SOURCE wsi=879 app=895 internal=0 acquire=879 image=2 generation=2
info:  WSI: app-frame-latency-signal app=895 via=source-submit-completion
info:  WSI: app-completion app=895 app-signal=signaled
info:  InternalWSI: source-present app=896 duration-us=69 hr=0x0
info:  WSI: present origin=APPLICATION_SOURCE wsi=880 app=896 internal=0 acquire=880 image=0 generation=2
info:  WSI: app-completion app=896 app-signal=deferred
info:  WSI: app-frame-latency-signal app=896 via=source-present-retirement
info:  InternalWSI: source-present app=897 duration-us=74 hr=0x0
info:  WSI: present origin=APPLICATION_SOURCE wsi=881 app=897 internal=0 acquire=881 image=1 generation=2
info:  WSI: app-completion app=897 app-signal=deferred
info:  WSI: app-frame-latency-signal app=897 via=source-present-retirement
info:  InternalWSI: source-present app=898 duration-us=56 hr=0x0
info:  WSI: present origin=APPLICATION_SOURCE wsi=882 app=898 internal=0 acquire=882 image=2 generation=2
info:  WSI: app-completion app=898 app-signal=deferred
info:  WSI: app-frame-latency-signal app=898 via=source-present-retirement
info:  InternalWSI: source-present app=899 duration-us=116 hr=0x0
info:  WSI: present origin=APPLICATION_SOURCE wsi=883 app=899 internal=0 acquire=883 image=0 generation=2
info:  WSI: app-completion app=899 app-signal=deferred
info:  WSI: app-frame-latency-signal app=899 via=source-present-retirement
info:  InternalWSI: source-present app=900 duration-us=219 hr=0x0
info:  WSI: present origin=APPLICATION_SOURCE wsi=884 app=900 internal=0 acquire=884 image=1 generation=2
info:  WSI: app-frame-latency-signal app=900 via=source-submit-completion
info:  WSI: app-completion app=900 app-signal=signaled
info:  InternalWSI: source-present app=901 duration-us=264 hr=0x0
info:  WSI: present origin=APPLICATION_SOURCE wsi=885 app=901 internal=0 acquire=885 image=2 generation=2
info:  WSI: app-completion app=901 app-signal=deferred
info:  WSI: app-frame-latency-signal app=901 via=source-present-retirement
info:  InternalWSI: source-present app=902 duration-us=197 hr=0x0
info:  WSI: present origin=APPLICATION_SOURCE wsi=886 app=902 internal=0 acquire=886 image=0 generation=2
info:  WSI: app-completion app=902 app-signal=deferred
info:  WSI: app-frame-latency-signal app=902 via=source-present-retirement
info:  InternalWSI: source-present app=903 duration-us=183 hr=0x0
info:  WSI: present origin=APPLICATION_SOURCE wsi=887 app=903 internal=0 acquire=887 image=1 generation=2
info:  WSI: app-completion app=903 app-signal=deferred
info:  WSI: app-frame-latency-signal app=903 via=source-present-retirement
info:  InternalWSI: source-present app=904 duration-us=207 hr=0x0
info:  WSI: present origin=APPLICATION_SOURCE wsi=888 app=904 internal=0 acquire=888 image=2 generation=2
info:  WSI: app-frame-latency-signal app=904 via=source-submit-completion
info:  WSI: app-completion app=904 app-signal=signaled
info:  InternalWSI: source-present app=905 duration-us=201 hr=0x0
info:  WSI: present origin=APPLICATION_SOURCE wsi=889 app=905 internal=0 acquire=889 image=0 generation=2
info:  WSI: app-frame-latency-signal app=905 via=source-submit-completion
info:  WSI: app-completion app=905 app-signal=signaled
info:  InternalWSI: source-present app=906 duration-us=196 hr=0x0
info:  WSI: present origin=APPLICATION_SOURCE wsi=890 app=906 internal=0 acquire=890 image=1 generation=2
info:  WSI: app-frame-latency-signal app=906 via=source-submit-completion
info:  WSI: app-completion app=906 app-signal=signaled
info:  InternalWSI: source-present app=907 duration-us=223 hr=0x0
info:  WSI: present origin=APPLICATION_SOURCE wsi=891 app=907 internal=0 acquire=891 image=2 generation=2
info:  WSI: app-frame-latency-signal app=907 via=source-submit-completion
info:  WSI: app-completion app=907 app-signal=signaled
info:  InternalWSI: source-present app=908 duration-us=187 hr=0x0
info:  WSI: present origin=APPLICATION_SOURCE wsi=892 app=908 internal=0 acquire=892 image=0 generation=2
info:  WSI: app-frame-latency-signal app=908 via=source-submit-completion
info:  WSI: app-completion app=908 app-signal=signaled
info:  InternalWSI: source-present app=909 duration-us=314 hr=0x0
info:  WSI: present origin=APPLICATION_SOURCE wsi=893 app=909 internal=0 acquire=893 image=1 generation=2
info:  WSI: app-frame-latency-signal app=909 via=source-submit-completion
info:  WSI: app-completion app=909 app-signal=signaled
info:  InternalWSI: source-present app=910 duration-us=177 hr=0x0
info:  WSI: present origin=APPLICATION_SOURCE wsi=894 app=910 internal=0 acquire=894 image=2 generation=2
info:  WSI: app-completion app=910 app-signal=deferred
info:  WSI: app-frame-latency-signal app=910 via=source-present-retirement
info:  InternalWSI: source-present app=911 duration-us=171 hr=0x0
info:  WSI: present origin=APPLICATION_SOURCE wsi=895 app=911 internal=0 acquire=895 image=0 generation=2
info:  WSI: app-frame-latency-signal app=911 via=source-submit-completion
info:  WSI: app-completion app=911 app-signal=signaled
info:  InternalWSI: source-present app=912 duration-us=187 hr=0x0
info:  WSI: present origin=APPLICATION_SOURCE wsi=896 app=912 internal=0 acquire=896 image=1 generation=2
info:  WSI: app-frame-latency-signal app=912 via=source-submit-completion
info:  WSI: app-completion app=912 app-signal=signaled
info:  InternalWSI: source-present app=913 duration-us=190 hr=0x0
info:  WSI: present origin=APPLICATION_SOURCE wsi=897 app=913 internal=0 acquire=897 image=2 generation=2
info:  WSI: app-frame-latency-signal app=913 via=source-submit-completion
info:  WSI: app-completion app=913 app-signal=signaled
info:  InternalWSI: source-present app=914 duration-us=190 hr=0x0
info:  WSI: present origin=APPLICATION_SOURCE wsi=898 app=914 internal=0 acquire=898 image=0 generation=2
info:  WSI: app-frame-latency-signal app=914 via=source-submit-completion
info:  WSI: app-completion app=914 app-signal=signaled
info:  InternalWSI: source-present app=915 duration-us=223 hr=0x0
info:  WSI: present origin=APPLICATION_SOURCE wsi=899 app=915 internal=0 acquire=899 image=1 generation=2
info:  WSI: app-frame-latency-signal app=915 via=source-submit-completion
info:  WSI: app-completion app=915 app-signal=signaled
info:  InternalWSI: source-present app=916 duration-us=209 hr=0x0
info:  WSI: present origin=APPLICATION_SOURCE wsi=900 app=916 internal=0 acquire=900 image=2 generation=2
info:  WSI: app-completion app=916 app-signal=deferred
info:  WSI: app-frame-latency-signal app=916 via=source-present-retirement
info:  InternalWSI: source-present app=917 duration-us=219 hr=0x0
info:  WSI: present origin=APPLICATION_SOURCE wsi=901 app=917 internal=0 acquire=901 image=0 generation=2
info:  WSI: app-frame-latency-signal app=917 via=source-submit-completion
info:  WSI: app-completion app=917 app-signal=signaled
