event,presenter_id,epoch,presentation_seq,tick_id,kind,source_id,pair_a_id,pair_b_id,source_ns,copy_ready_ns,generated_ready_ns,generated_requested_ns,callback_ns,deadline_ns,target_ns,actual_presented_ns,present_submit_ns,gpu_complete_ns,callback_duration_ns,queue_depth,raw_callback_ca_bits,raw_deadline_ca_bits,raw_target_ca_bits,detail,worker_wake_ns,mutex_wait_start_ns,mutex_acquired_ns,presenter_encode_start_ns,presenter_encode_end_ns,gpu_submit_ns,present_call_ns,lifecycle_state,circuit_state,drawable_record_id,escrow_texture_id,command_buffer_id
source_candidate_reserved,1,1,0,0,1,1,0,0,261019694355666,0,0,0,0,0,261019777688999,0,0,0,0,1,0,0,0,"mandatory SourceEscrow allocated; source-only mode",0,0,0,0,0,0,0,0,0,0,1,0
escrow_setup_failed,1,1,0,0,1,1,0,0,261019694355666,0,0,0,0,0,261019777688999,0,0,0,0,0,0,0,0,"injected pre-commit SourceEscrow copy setup failure",0,0,0,0,0,0,0,0,0,0,1,0
source_state_transition,1,1,0,0,1,1,0,0,261019694355666,0,0,0,0,0,261019777688999,0,0,0,0,0,0,0,0,"escrow_preparing->retired:reservation cancelled before transfer",0,0,0,0,0,0,0,0,0,0,0,0
source_terminal,1,1,0,0,1,1,0,0,261019694355666,0,0,0,0,0,261019777688999,0,0,0,0,0,0,0,0,"ordinary_fallback:ordinary DXMT Presenter retained this source",0,0,0,0,0,0,0,0,0,0,0,0
source_candidate_cancelled,1,1,0,0,1,1,0,0,261019694355666,0,0,0,0,0,261019777688999,0,0,0,0,0,0,0,0,"uncommitted reservation returned to ordinary Presenter",0,0,0,0,0,0,0,0,0,0,0,0
layer_owner_claimed,1,1,0,0,0,0,0,0,0,0,0,0,0,0,0,0,0,0,0,0,0,0,0,"exclusive CAMetalLayer claim acquired before display-link attachment",0,0,0,0,0,0,0,0,0,0,0,0
display_link_attached,1,1,0,0,0,0,0,0,0,0,0,0,0,0,0,0,0,0,0,0,0,0,0,"display link attached after ordinary Presenter drained",0,0,0,0,0,0,0,0,0,0,0,0
display_callbacks_enabled,1,1,0,0,0,0,0,0,0,0,0,0,0,0,0,0,0,0,0,0,0,0,0,"display-link callbacks enabled under exclusive layer claim",0,0,0,0,0,0,0,0,0,0,0,0
session_active,1,1,0,0,0,0,0,0,0,0,0,0,0,0,0,0,0,0,0,0,0,0,0,"display resumed in fresh epoch",0,0,0,0,0,0,0,0,0,0,0,0
source_candidate_reserved,1,1,0,0,1,2,0,0,261019714052750,0,0,0,0,0,261019797386083,0,0,0,0,1,0,0,0,"mandatory SourceEscrow allocated; source-only mode",0,0,0,0,0,0,0,0,0,0,2,0
escrow_setup_failed,1,1,0,0,1,2,0,0,261019714052750,0,0,0,0,0,261019797386083,0,0,0,0,0,0,0,0,"injected pre-commit SourceEscrow copy setup failure",0,0,0,0,0,0,0,0,0,0,2,0
source_state_transition,1,1,0,0,1,2,0,0,261019714052750,0,0,0,0,0,261019797386083,0,0,0,0,0,0,0,0,"escrow_preparing->retired:reservation cancelled before transfer",0,0,0,0,0,0,0,0,0,0,0,0
source_terminal,1,1,0,0,1,2,0,0,261019714052750,0,0,0,0,0,261019797386083,0,0,0,0,0,0,0,0,"ordinary_fallback:ordinary DXMT Presenter retained this source",0,0,0,0,0,0,0,0,0,0,0,0
source_candidate_cancelled,1,1,0,0,1,2,0,0,261019714052750,0,0,0,0,0,261019797386083,0,0,0,0,0,0,0,0,"uncommitted reservation returned to ordinary Presenter",0,0,0,0,0,0,0,0,0,0,0,0
layer_owner_draining,1,1,0,0,0,0,0,0,0,0,0,0,0,0,0,0,0,0,0,0,0,0,0,"generation stopped; display worker drains accepted real sources before callbacks stop",0,0,0,0,0,0,0,0,0,0,0,0
generation_submissions_drained,1,1,0,0,0,0,0,0,0,0,0,0,0,0,0,0,0,0,0,0,0,0,0,"no synthetic generation submission remains in flight",0,0,0,0,0,0,0,0,0,0,0,0
presentation_feedback_drained,1,1,0,0,0,0,0,0,0,0,0,0,0,0,0,0,0,0,0,0,0,0,0,"all accepted sources are terminal and drawable/GPU callbacks retired",0,0,0,0,0,0,0,0,0,0,0,0
display_callbacks_stopped,1,1,0,0,0,0,0,0,0,0,0,0,0,0,0,0,0,0,0,0,0,0,0,"display-link invalidated after in-flight delegate callbacks returned",0,0,0,0,0,0,0,0,0,0,0,0
worker_drawables_retired,1,1,0,0,0,0,0,0,0,0,0,0,0,0,0,0,0,0,0,0,0,0,0,"no presentation worker tick retains a callback-owned drawable",0,0,0,0,0,0,0,0,0,0,0,0
synthetic_gpu_work_drained,1,1,0,0,0,0,0,0,0,0,0,0,0,0,0,0,0,0,0,0,0,0,0,"all synthetic Framegen GPU completions retired before resource release",0,0,0,0,0,0,0,0,0,0,0,0
epoch_reset,1,2,0,0,0,0,0,0,0,0,0,0,0,0,0,0,0,0,0,0,0,0,0,"2",0,0,0,0,0,0,0,0,0,0,0,0
layer_owner_released,1,2,0,0,0,0,0,0,0,0,0,0,0,0,0,0,0,0,0,0,0,0,0,"callbacks, worker drawables, DXMT presentation, SourceEscrow, and synthetic GPU work retired",0,0,0,0,0,0,0,0,0,0,0,0
layer_owner_claimed,1,2,0,0,0,0,0,0,0,0,0,0,0,0,0,0,0,0,0,0,0,0,0,"exclusive CAMetalLayer claim acquired before display-link attachment",0,0,0,0,0,0,0,0,0,0,0,0
display_link_attached,1,2,0,0,0,0,0,0,0,0,0,0,0,0,0,0,0,0,0,0,0,0,0,"display link attached after ordinary Presenter drained",0,0,0,0,0,0,0,0,0,0,0,0
display_callbacks_enabled,1,2,0,0,0,0,0,0,0,0,0,0,0,0,0,0,0,0,0,0,0,0,0,"display-link callbacks enabled under exclusive layer claim",0,0,0,0,0,0,0,0,0,0,0,0
session_active,1,2,0,0,0,0,0,0,0,0,0,0,0,0,0,0,0,0,0,0,0,0,0,"display resumed in fresh epoch",0,0,0,0,0,0,0,0,0,0,0,0
source_candidate_reserved,1,2,0,0,1,3,0,0,261019748159125,0,0,0,0,0,261019831492458,0,0,0,0,1,0,0,0,"mandatory SourceEscrow allocated; source-only mode",0,0,0,0,0,0,0,0,0,0,3,0
escrow_setup_failed,1,2,0,0,1,3,0,0,261019748159125,0,0,0,0,0,261019831492458,0,0,0,0,0,0,0,0,"injected pre-commit SourceEscrow copy setup failure",0,0,0,0,0,0,0,0,0,0,3,0
source_state_transition,1,2,0,0,1,3,0,0,261019748159125,0,0,0,0,0,261019831492458,0,0,0,0,0,0,0,0,"escrow_preparing->retired:reservation cancelled before transfer",0,0,0,0,0,0,0,0,0,0,0,0
source_terminal,1,2,0,0,1,3,0,0,261019748159125,0,0,0,0,0,261019831492458,0,0,0,0,0,0,0,0,"ordinary_fallback:ordinary DXMT Presenter retained this source",0,0,0,0,0,0,0,0,0,0,0,0
source_candidate_cancelled,1,2,0,0,1,3,0,0,261019748159125,0,0,0,0,0,261019831492458,0,0,0,0,0,0,0,0,"uncommitted reservation returned to ordinary Presenter",0,0,0,0,0,0,0,0,0,0,0,0
layer_owner_draining,1,2,0,0,0,0,0,0,0,0,0,0,0,0,0,0,0,0,0,0,0,0,0,"generation stopped; display worker drains accepted real sources before callbacks stop",0,0,0,0,0,0,0,0,0,0,0,0
generation_submissions_drained,1,2,0,0,0,0,0,0,0,0,0,0,0,0,0,0,0,0,0,0,0,0,0,"no synthetic generation submission remains in flight",0,0,0,0,0,0,0,0,0,0,0,0
presentation_feedback_drained,1,2,0,0,0,0,0,0,0,0,0,0,0,0,0,0,0,0,0,0,0,0,0,"all accepted sources are terminal and drawable/GPU callbacks retired",0,0,0,0,0,0,0,0,0,0,0,0
display_callbacks_stopped,1,2,0,0,0,0,0,0,0,0,0,0,0,0,0,0,0,0,0,0,0,0,0,"display-link invalidated after in-flight delegate callbacks returned",0,0,0,0,0,0,0,0,0,0,0,0
worker_drawables_retired,1,2,0,0,0,0,0,0,0,0,0,0,0,0,0,0,0,0,0,0,0,0,0,"no presentation worker tick retains a callback-owned drawable",0,0,0,0,0,0,0,0,0,0,0,0
synthetic_gpu_work_drained,1,2,0,0,0,0,0,0,0,0,0,0,0,0,0,0,0,0,0,0,0,0,0,"all synthetic Framegen GPU completions retired before resource release",0,0,0,0,0,0,0,0,0,0,0,0
epoch_reset,1,3,0,0,0,0,0,0,0,0,0,0,0,0,0,0,0,0,0,0,0,0,0,"3",0,0,0,0,0,0,0,0,0,0,0,0
layer_owner_released,1,3,0,0,0,0,0,0,0,0,0,0,0,0,0,0,0,0,0,0,0,0,0,"callbacks, worker drawables, DXMT presentation, SourceEscrow, and synthetic GPU work retired",0,0,0,0,0,0,0,0,0,0,0,0
layer_owner_claimed,1,3,0,0,0,0,0,0,0,0,0,0,0,0,0,0,0,0,0,0,0,0,0,"exclusive CAMetalLayer claim acquired before display-link attachment",0,0,0,0,0,0,0,0,0,0,0,0
display_link_attached,1,3,0,0,0,0,0,0,0,0,0,0,0,0,0,0,0,0,0,0,0,0,0,"display link attached after ordinary Presenter drained",0,0,0,0,0,0,0,0,0,0,0,0
display_callbacks_enabled,1,3,0,0,0,0,0,0,0,0,0,0,0,0,0,0,0,0,0,0,0,0,0,"display-link callbacks enabled under exclusive layer claim",0,0,0,0,0,0,0,0,0,0,0,0
session_active,1,3,0,0,0,0,0,0,0,0,0,0,0,0,0,0,0,0,0,0,0,0,0,"display resumed in fresh epoch",0,0,0,0,0,0,0,0,0,0,0,0
source_candidate_reserved,1,3,0,0,1,4,0,0,261019781221208,0,0,0,0,0,261019864554541,0,0,0,0,1,0,0,0,"mandatory SourceEscrow allocated; source-only mode",0,0,0,0,0,0,0,0,0,0,4,0
escrow_setup_failed,1,3,0,0,1,4,0,0,261019781221208,0,0,0,0,0,261019864554541,0,0,0,0,0,0,0,0,"injected pre-commit SourceEscrow copy setup failure",0,0,0,0,0,0,0,0,0,0,4,0
source_state_transition,1,3,0,0,1,4,0,0,261019781221208,0,0,0,0,0,261019864554541,0,0,0,0,0,0,0,0,"escrow_preparing->retired:reservation cancelled before transfer",0,0,0,0,0,0,0,0,0,0,0,0
source_terminal,1,3,0,0,1,4,0,0,261019781221208,0,0,0,0,0,261019864554541,0,0,0,0,0,0,0,0,"ordinary_fallback:ordinary DXMT Presenter retained this source",0,0,0,0,0,0,0,0,0,0,0,0
source_candidate_cancelled,1,3,0,0,1,4,0,0,261019781221208,0,0,0,0,0,261019864554541,0,0,0,0,0,0,0,0,"uncommitted reservation returned to ordinary Presenter",0,0,0,0,0,0,0,0,0,0,0,0
layer_owner_draining,1,3,0,0,0,0,0,0,0,0,0,0,0,0,0,0,0,0,0,0,0,0,0,"generation stopped; display worker drains accepted real sources before callbacks stop",0,0,0,0,0,0,0,0,0,0,0,0
generation_submissions_drained,1,3,0,0,0,0,0,0,0,0,0,0,0,0,0,0,0,0,0,0,0,0,0,"no synthetic generation submission remains in flight",0,0,0,0,0,0,0,0,0,0,0,0
presentation_feedback_drained,1,3,0,0,0,0,0,0,0,0,0,0,0,0,0,0,0,0,0,0,0,0,0,"all accepted sources are terminal and drawable/GPU callbacks retired",0,0,0,0,0,0,0,0,0,0,0,0
display_callbacks_stopped,1,3,0,0,0,0,0,0,0,0,0,0,0,0,0,0,0,0,0,0,0,0,0,"display-link invalidated after in-flight delegate callbacks returned",0,0,0,0,0,0,0,0,0,0,0,0
worker_drawables_retired,1,3,0,0,0,0,0,0,0,0,0,0,0,0,0,0,0,0,0,0,0,0,0,"no presentation worker tick retains a callback-owned drawable",0,0,0,0,0,0,0,0,0,0,0,0
synthetic_gpu_work_drained,1,3,0,0,0,0,0,0,0,0,0,0,0,0,0,0,0,0,0,0,0,0,0,"all synthetic Framegen GPU completions retired before resource release",0,0,0,0,0,0,0,0,0,0,0,0
epoch_reset,1,4,0,0,0,0,0,0,0,0,0,0,0,0,0,0,0,0,0,0,0,0,0,"4",0,0,0,0,0,0,0,0,0,0,0,0
layer_owner_released,1,4,0,0,0,0,0,0,0,0,0,0,0,0,0,0,0,0,0,0,0,0,0,"callbacks, worker drawables, DXMT presentation, SourceEscrow, and synthetic GPU work retired",0,0,0,0,0,0,0,0,0,0,0,0
layer_owner_claimed,1,4,0,0,0,0,0,0,0,0,0,0,0,0,0,0,0,0,0,0,0,0,0,"exclusive CAMetalLayer claim acquired before display-link attachment",0,0,0,0,0,0,0,0,0,0,0,0
display_link_attached,1,4,0,0,0,0,0,0,0,0,0,0,0,0,0,0,0,0,0,0,0,0,0,"display link attached after ordinary Presenter drained",0,0,0,0,0,0,0,0,0,0,0,0
display_callbacks_enabled,1,4,0,0,0,0,0,0,0,0,0,0,0,0,0,0,0,0,0,0,0,0,0,"display-link callbacks enabled under exclusive layer claim",0,0,0,0,0,0,0,0,0,0,0,0
session_active,1,4,0,0,0,0,0,0,0,0,0,0,0,0,0,0,0,0,0,0,0,0,0,"display resumed in fresh epoch",0,0,0,0,0,0,0,0,0,0,0,0
source_candidate_reserved,1,4,0,0,1,5,0,0,261019813952916,0,0,0,0,0,261019897286249,0,0,0,0,1,0,0,0,"mandatory SourceEscrow allocated; source-only mode",0,0,0,0,0,0,0,0,0,0,5,0
escrow_setup_failed,1,4,0,0,1,5,0,0,261019813952916,0,0,0,0,0,261019897286249,0,0,0,0,0,0,0,0,"injected pre-commit SourceEscrow copy setup failure",0,0,0,0,0,0,0,0,0,0,5,0
source_state_transition,1,4,0,0,1,5,0,0,261019813952916,0,0,0,0,0,261019897286249,0,0,0,0,0,0,0,0,"escrow_preparing->retired:reservation cancelled before transfer",0,0,0,0,0,0,0,0,0,0,0,0
source_terminal,1,4,0,0,1,5,0,0,261019813952916,0,0,0,0,0,261019897286249,0,0,0,0,0,0,0,0,"ordinary_fallback:ordinary DXMT Presenter retained this source",0,0,0,0,0,0,0,0,0,0,0,0
source_candidate_cancelled,1,4,0,0,1,5,0,0,261019813952916,0,0,0,0,0,261019897286249,0,0,0,0,0,0,0,0,"uncommitted reservation returned to ordinary Presenter",0,0,0,0,0,0,0,0,0,0,0,0
layer_owner_draining,1,4,0,0,0,0,0,0,0,0,0,0,0,0,0,0,0,0,0,0,0,0,0,"generation stopped; display worker drains accepted real sources before callbacks stop",0,0,0,0,0,0,0,0,0,0,0,0
generation_submissions_drained,1,4,0,0,0,0,0,0,0,0,0,0,0,0,0,0,0,0,0,0,0,0,0,"no synthetic generation submission remains in flight",0,0,0,0,0,0,0,0,0,0,0,0
presentation_feedback_drained,1,4,0,0,0,0,0,0,0,0,0,0,0,0,0,0,0,0,0,0,0,0,0,"all accepted sources are terminal and drawable/GPU callbacks retired",0,0,0,0,0,0,0,0,0,0,0,0
display_callbacks_stopped,1,4,0,0,0,0,0,0,0,0,0,0,0,0,0,0,0,0,0,0,0,0,0,"display-link invalidated after in-flight delegate callbacks returned",0,0,0,0,0,0,0,0,0,0,0,0
worker_drawables_retired,1,4,0,0,0,0,0,0,0,0,0,0,0,0,0,0,0,0,0,0,0,0,0,"no presentation worker tick retains a callback-owned drawable",0,0,0,0,0,0,0,0,0,0,0,0
synthetic_gpu_work_drained,1,4,0,0,0,0,0,0,0,0,0,0,0,0,0,0,0,0,0,0,0,0,0,"all synthetic Framegen GPU completions retired before resource release",0,0,0,0,0,0,0,0,0,0,0,0
epoch_reset,1,5,0,0,0,0,0,0,0,0,0,0,0,0,0,0,0,0,0,0,0,0,0,"5",0,0,0,0,0,0,0,0,0,0,0,0
layer_owner_released,1,5,0,0,0,0,0,0,0,0,0,0,0,0,0,0,0,0,0,0,0,0,0,"callbacks, worker drawables, DXMT presentation, SourceEscrow, and synthetic GPU work retired",0,0,0,0,0,0,0,0,0,0,0,0
layer_owner_claimed,1,5,0,0,0,0,0,0,0,0,0,0,0,0,0,0,0,0,0,0,0,0,0,"exclusive CAMetalLayer claim acquired before display-link attachment",0,0,0,0,0,0,0,0,0,0,0,0
display_link_attached,1,5,0,0,0,0,0,0,0,0,0,0,0,0,0,0,0,0,0,0,0,0,0,"display link attached after ordinary Presenter drained",0,0,0,0,0,0,0,0,0,0,0,0
display_callbacks_enabled,1,5,0,0,0,0,0,0,0,0,0,0,0,0,0,0,0,0,0,0,0,0,0,"display-link callbacks enabled under exclusive layer claim",0,0,0,0,0,0,0,0,0,0,0,0
session_active,1,5,0,0,0,0,0,0,0,0,0,0,0,0,0,0,0,0,0,0,0,0,0,"display resumed in fresh epoch",0,0,0,0,0,0,0,0,0,0,0,0
source_candidate_reserved,1,5,0,0,1,6,0,0,261019847172250,0,0,0,0,0,261019930505583,0,0,0,0,1,0,0,0,"mandatory SourceEscrow allocated; source-only mode",0,0,0,0,0,0,0,0,0,0,6,0
escrow_setup_failed,1,5,0,0,1,6,0,0,261019847172250,0,0,0,0,0,261019930505583,0,0,0,0,0,0,0,0,"injected pre-commit SourceEscrow copy setup failure",0,0,0,0,0,0,0,0,0,0,6,0
source_state_transition,1,5,0,0,1,6,0,0,261019847172250,0,0,0,0,0,261019930505583,0,0,0,0,0,0,0,0,"escrow_preparing->retired:reservation cancelled before transfer",0,0,0,0,0,0,0,0,0,0,0,0
source_terminal,1,5,0,0,1,6,0,0,261019847172250,0,0,0,0,0,261019930505583,0,0,0,0,0,0,0,0,"ordinary_fallback:ordinary DXMT Presenter retained this source",0,0,0,0,0,0,0,0,0,0,0,0
source_candidate_cancelled,1,5,0,0,1,6,0,0,261019847172250,0,0,0,0,0,261019930505583,0,0,0,0,0,0,0,0,"uncommitted reservation returned to ordinary Presenter",0,0,0,0,0,0,0,0,0,0,0,0
layer_owner_draining,1,5,0,0,0,0,0,0,0,0,0,0,0,0,0,0,0,0,0,0,0,0,0,"generation stopped; display worker drains accepted real sources before callbacks stop",0,0,0,0,0,0,0,0,0,0,0,0
generation_submissions_drained,1,5,0,0,0,0,0,0,0,0,0,0,0,0,0,0,0,0,0,0,0,0,0,"no synthetic generation submission remains in flight",0,0,0,0,0,0,0,0,0,0,0,0
presentation_feedback_drained,1,5,0,0,0,0,0,0,0,0,0,0,0,0,0,0,0,0,0,0,0,0,0,"all accepted sources are terminal and drawable/GPU callbacks retired",0,0,0,0,0,0,0,0,0,0,0,0
display_callbacks_stopped,1,5,0,0,0,0,0,0,0,0,0,0,0,0,0,0,0,0,0,0,0,0,0,"display-link invalidated after in-flight delegate callbacks returned",0,0,0,0,0,0,0,0,0,0,0,0
worker_drawables_retired,1,5,0,0,0,0,0,0,0,0,0,0,0,0,0,0,0,0,0,0,0,0,0,"no presentation worker tick retains a callback-owned drawable",0,0,0,0,0,0,0,0,0,0,0,0
synthetic_gpu_work_drained,1,5,0,0,0,0,0,0,0,0,0,0,0,0,0,0,0,0,0,0,0,0,0,"all synthetic Framegen GPU completions retired before resource release",0,0,0,0,0,0,0,0,0,0,0,0
epoch_reset,1,6,0,0,0,0,0,0,0,0,0,0,0,0,0,0,0,0,0,0,0,0,0,"6",0,0,0,0,0,0,0,0,0,0,0,0
layer_owner_released,1,6,0,0,0,0,0,0,0,0,0,0,0,0,0,0,0,0,0,0,0,0,0,"callbacks, worker drawables, DXMT presentation, SourceEscrow, and synthetic GPU work retired",0,0,0,0,0,0,0,0,0,0,0,0
layer_owner_claimed,1,6,0,0,0,0,0,0,0,0,0,0,0,0,0,0,0,0,0,0,0,0,0,"exclusive CAMetalLayer claim acquired before display-link attachment",0,0,0,0,0,0,0,0,0,0,0,0
display_link_attached,1,6,0,0,0,0,0,0,0,0,0,0,0,0,0,0,0,0,0,0,0,0,0,"display link attached after ordinary Presenter drained",0,0,0,0,0,0,0,0,0,0,0,0
display_callbacks_enabled,1,6,0,0,0,0,0,0,0,0,0,0,0,0,0,0,0,0,0,0,0,0,0,"display-link callbacks enabled under exclusive layer claim",0,0,0,0,0,0,0,0,0,0,0,0
session_active,1,6,0,0,0,0,0,0,0,0,0,0,0,0,0,0,0,0,0,0,0,0,0,"display resumed in fresh epoch",0,0,0,0,0,0,0,0,0,0,0,0
source_candidate_reserved,1,6,0,0,1,7,0,0,261019881256708,0,0,0,0,0,261019964590041,0,0,0,0,1,0,0,0,"mandatory SourceEscrow allocated; source-only mode",0,0,0,0,0,0,0,0,0,0,7,0
escrow_setup_failed,1,6,0,0,1,7,0,0,261019881256708,0,0,0,0,0,261019964590041,0,0,0,0,0,0,0,0,"injected pre-commit SourceEscrow copy setup failure",0,0,0,0,0,0,0,0,0,0,7,0
source_state_transition,1,6,0,0,1,7,0,0,261019881256708,0,0,0,0,0,261019964590041,0,0,0,0,0,0,0,0,"escrow_preparing->retired:reservation cancelled before transfer",0,0,0,0,0,0,0,0,0,0,0,0
source_terminal,1,6,0,0,1,7,0,0,261019881256708,0,0,0,0,0,261019964590041,0,0,0,0,0,0,0,0,"ordinary_fallback:ordinary DXMT Presenter retained this source",0,0,0,0,0,0,0,0,0,0,0,0
source_candidate_cancelled,1,6,0,0,1,7,0,0,261019881256708,0,0,0,0,0,261019964590041,0,0,0,0,0,0,0,0,"uncommitted reservation returned to ordinary Presenter",0,0,0,0,0,0,0,0,0,0,0,0
layer_owner_draining,1,6,0,0,0,0,0,0,0,0,0,0,0,0,0,0,0,0,0,0,0,0,0,"generation stopped; display worker drains accepted real sources before callbacks stop",0,0,0,0,0,0,0,0,0,0,0,0
generation_submissions_drained,1,6,0,0,0,0,0,0,0,0,0,0,0,0,0,0,0,0,0,0,0,0,0,"no synthetic generation submission remains in flight",0,0,0,0,0,0,0,0,0,0,0,0
presentation_feedback_drained,1,6,0,0,0,0,0,0,0,0,0,0,0,0,0,0,0,0,0,0,0,0,0,"all accepted sources are terminal and drawable/GPU callbacks retired",0,0,0,0,0,0,0,0,0,0,0,0
display_callbacks_stopped,1,6,0,0,0,0,0,0,0,0,0,0,0,0,0,0,0,0,0,0,0,0,0,"display-link invalidated after in-flight delegate callbacks returned",0,0,0,0,0,0,0,0,0,0,0,0
worker_drawables_retired,1,6,0,0,0,0,0,0,0,0,0,0,0,0,0,0,0,0,0,0,0,0,0,"no presentation worker tick retains a callback-owned drawable",0,0,0,0,0,0,0,0,0,0,0,0
synthetic_gpu_work_drained,1,6,0,0,0,0,0,0,0,0,0,0,0,0,0,0,0,0,0,0,0,0,0,"all synthetic Framegen GPU completions retired before resource release",0,0,0,0,0,0,0,0,0,0,0,0
epoch_reset,1,7,0,0,0,0,0,0,0,0,0,0,0,0,0,0,0,0,0,0,0,0,0,"7",0,0,0,0,0,0,0,0,0,0,0,0
layer_owner_released,1,7,0,0,0,0,0,0,0,0,0,0,0,0,0,0,0,0,0,0,0,0,0,"callbacks, worker drawables, DXMT presentation, SourceEscrow, and synthetic GPU work retired",0,0,0,0,0,0,0,0,0,0,0,0
layer_owner_claimed,1,7,0,0,0,0,0,0,0,0,0,0,0,0,0,0,0,0,0,0,0,0,0,"exclusive CAMetalLayer claim acquired before display-link attachment",0,0,0,0,0,0,0,0,0,0,0,0
display_link_attached,1,7,0,0,0,0,0,0,0,0,0,0,0,0,0,0,0,0,0,0,0,0,0,"display link attached after ordinary Presenter drained",0,0,0,0,0,0,0,0,0,0,0,0
display_callbacks_enabled,1,7,0,0,0,0,0,0,0,0,0,0,0,0,0,0,0,0,0,0,0,0,0,"display-link callbacks enabled under exclusive layer claim",0,0,0,0,0,0,0,0,0,0,0,0
session_active,1,7,0,0,0,0,0,0,0,0,0,0,0,0,0,0,0,0,0,0,0,0,0,"display resumed in fresh epoch",0,0,0,0,0,0,0,0,0,0,0,0
source_candidate_reserved,1,7,0,0,1,8,0,0,261019914186375,0,0,0,0,0,261019997519708,0,0,0,0,1,0,0,0,"mandatory SourceEscrow allocated; source-only mode",0,0,0,0,0,0,0,0,0,0,8,0
escrow_setup_failed,1,7,0,0,1,8,0,0,261019914186375,0,0,0,0,0,261019997519708,0,0,0,0,0,0,0,0,"injected pre-commit SourceEscrow copy setup failure",0,0,0,0,0,0,0,0,0,0,8,0
source_state_transition,1,7,0,0,1,8,0,0,261019914186375,0,0,0,0,0,261019997519708,0,0,0,0,0,0,0,0,"escrow_preparing->retired:reservation cancelled before transfer",0,0,0,0,0,0,0,0,0,0,0,0
source_terminal,1,7,0,0,1,8,0,0,261019914186375,0,0,0,0,0,261019997519708,0,0,0,0,0,0,0,0,"ordinary_fallback:ordinary DXMT Presenter retained this source",0,0,0,0,0,0,0,0,0,0,0,0
source_candidate_cancelled,1,7,0,0,1,8,0,0,261019914186375,0,0,0,0,0,261019997519708,0,0,0,0,0,0,0,0,"uncommitted reservation returned to ordinary Presenter",0,0,0,0,0,0,0,0,0,0,0,0
layer_owner_draining,1,7,0,0,0,0,0,0,0,0,0,0,0,0,0,0,0,0,0,0,0,0,0,"generation stopped; display worker drains accepted real sources before callbacks stop",0,0,0,0,0,0,0,0,0,0,0,0
generation_submissions_drained,1,7,0,0,0,0,0,0,0,0,0,0,0,0,0,0,0,0,0,0,0,0,0,"no synthetic generation submission remains in flight",0,0,0,0,0,0,0,0,0,0,0,0
presentation_feedback_drained,1,7,0,0,0,0,0,0,0,0,0,0,0,0,0,0,0,0,0,0,0,0,0,"all accepted sources are terminal and drawable/GPU callbacks retired",0,0,0,0,0,0,0,0,0,0,0,0
display_callbacks_stopped,1,7,0,0,0,0,0,0,0,0,0,0,0,0,0,0,0,0,0,0,0,0,0,"display-link invalidated after in-flight delegate callbacks returned",0,0,0,0,0,0,0,0,0,0,0,0
worker_drawables_retired,1,7,0,0,0,0,0,0,0,0,0,0,0,0,0,0,0,0,0,0,0,0,0,"no presentation worker tick retains a callback-owned drawable",0,0,0,0,0,0,0,0,0,0,0,0
synthetic_gpu_work_drained,1,7,0,0,0,0,0,0,0,0,0,0,0,0,0,0,0,0,0,0,0,0,0,"all synthetic Framegen GPU completions retired before resource release",0,0,0,0,0,0,0,0,0,0,0,0
epoch_reset,1,8,0,0,0,0,0,0,0,0,0,0,0,0,0,0,0,0,0,0,0,0,0,"8",0,0,0,0,0,0,0,0,0,0,0,0
layer_owner_released,1,8,0,0,0,0,0,0,0,0,0,0,0,0,0,0,0,0,0,0,0,0,0,"callbacks, worker drawables, DXMT presentation, SourceEscrow, and synthetic GPU work retired",0,0,0,0,0,0,0,0,0,0,0,0
layer_owner_claimed,1,8,0,0,0,0,0,0,0,0,0,0,0,0,0,0,0,0,0,0,0,0,0,"exclusive CAMetalLayer claim acquired before display-link attachment",0,0,0,0,0,0,0,0,0,0,0,0
display_link_attached,1,8,0,0,0,0,0,0,0,0,0,0,0,0,0,0,0,0,0,0,0,0,0,"display link attached after ordinary Presenter drained",0,0,0,0,0,0,0,0,0,0,0,0
display_callbacks_enabled,1,8,0,0,0,0,0,0,0,0,0,0,0,0,0,0,0,0,0,0,0,0,0,"display-link callbacks enabled under exclusive layer claim",0,0,0,0,0,0,0,0,0,0,0,0
session_active,1,8,0,0,0,0,0,0,0,0,0,0,0,0,0,0,0,0,0,0,0,0,0,"display resumed in fresh epoch",0,0,0,0,0,0,0,0,0,0,0,0
source_candidate_reserved,1,8,0,0,1,9,0,0,261019947146833,0,0,0,0,0,261020030480166,0,0,0,0,1,0,0,0,"mandatory SourceEscrow allocated; source-only mode",0,0,0,0,0,0,0,0,0,0,9,0
escrow_setup_failed,1,8,0,0,1,9,0,0,261019947146833,0,0,0,0,0,261020030480166,0,0,0,0,0,0,0,0,"injected pre-commit SourceEscrow copy setup failure",0,0,0,0,0,0,0,0,0,0,9,0
source_state_transition,1,8,0,0,1,9,0,0,261019947146833,0,0,0,0,0,261020030480166,0,0,0,0,0,0,0,0,"escrow_preparing->retired:reservation cancelled before transfer",0,0,0,0,0,0,0,0,0,0,0,0
source_terminal,1,8,0,0,1,9,0,0,261019947146833,0,0,0,0,0,261020030480166,0,0,0,0,0,0,0,0,"ordinary_fallback:ordinary DXMT Presenter retained this source",0,0,0,0,0,0,0,0,0,0,0,0
source_candidate_cancelled,1,8,0,0,1,9,0,0,261019947146833,0,0,0,0,0,261020030480166,0,0,0,0,0,0,0,0,"uncommitted reservation returned to ordinary Presenter",0,0,0,0,0,0,0,0,0,0,0,0
layer_owner_draining,1,8,0,0,0,0,0,0,0,0,0,0,0,0,0,0,0,0,0,0,0,0,0,"generation stopped; display worker drains accepted real sources before callbacks stop",0,0,0,0,0,0,0,0,0,0,0,0
generation_submissions_drained,1,8,0,0,0,0,0,0,0,0,0,0,0,0,0,0,0,0,0,0,0,0,0,"no synthetic generation submission remains in flight",0,0,0,0,0,0,0,0,0,0,0,0
presentation_feedback_drained,1,8,0,0,0,0,0,0,0,0,0,0,0,0,0,0,0,0,0,0,0,0,0,"all accepted sources are terminal and drawable/GPU callbacks retired",0,0,0,0,0,0,0,0,0,0,0,0
display_callbacks_stopped,1,8,0,0,0,0,0,0,0,0,0,0,0,0,0,0,0,0,0,0,0,0,0,"display-link invalidated after in-flight delegate callbacks returned",0,0,0,0,0,0,0,0,0,0,0,0
worker_drawables_retired,1,8,0,0,0,0,0,0,0,0,0,0,0,0,0,0,0,0,0,0,0,0,0,"no presentation worker tick retains a callback-owned drawable",0,0,0,0,0,0,0,0,0,0,0,0
synthetic_gpu_work_drained,1,8,0,0,0,0,0,0,0,0,0,0,0,0,0,0,0,0,0,0,0,0,0,"all synthetic Framegen GPU completions retired before resource release",0,0,0,0,0,0,0,0,0,0,0,0
epoch_reset,1,9,0,0,0,0,0,0,0,0,0,0,0,0,0,0,0,0,0,0,0,0,0,"9",0,0,0,0,0,0,0,0,0,0,0,0
layer_owner_released,1,9,0,0,0,0,0,0,0,0,0,0,0,0,0,0,0,0,0,0,0,0,0,"callbacks, worker drawables, DXMT presentation, SourceEscrow, and synthetic GPU work retired",0,0,0,0,0,0,0,0,0,0,0,0
layer_owner_claimed,1,9,0,0,0,0,0,0,0,0,0,0,0,0,0,0,0,0,0,0,0,0,0,"exclusive CAMetalLayer claim acquired before display-link attachment",0,0,0,0,0,0,0,0,0,0,0,0
display_link_attached,1,9,0,0,0,0,0,0,0,0,0,0,0,0,0,0,0,0,0,0,0,0,0,"display link attached after ordinary Presenter drained",0,0,0,0,0,0,0,0,0,0,0,0
display_callbacks_enabled,1,9,0,0,0,0,0,0,0,0,0,0,0,0,0,0,0,0,0,0,0,0,0,"display-link callbacks enabled under exclusive layer claim",0,0,0,0,0,0,0,0,0,0,0,0
session_active,1,9,0,0,0,0,0,0,0,0,0,0,0,0,0,0,0,0,0,0,0,0,0,"display resumed in fresh epoch",0,0,0,0,0,0,0,0,0,0,0,0
source_candidate_reserved,1,9,0,0,1,10,0,0,261019981271833,0,0,0,0,0,261020064605166,0,0,0,0,1,0,0,0,"mandatory SourceEscrow allocated; source-only mode",0,0,0,0,0,0,0,0,0,0,10,0
escrow_setup_failed,1,9,0,0,1,10,0,0,261019981271833,0,0,0,0,0,261020064605166,0,0,0,0,0,0,0,0,"injected pre-commit SourceEscrow copy setup failure",0,0,0,0,0,0,0,0,0,0,10,0
source_state_transition,1,9,0,0,1,10,0,0,261019981271833,0,0,0,0,0,261020064605166,0,0,0,0,0,0,0,0,"escrow_preparing->retired:reservation cancelled before transfer",0,0,0,0,0,0,0,0,0,0,0,0
source_terminal,1,9,0,0,1,10,0,0,261019981271833,0,0,0,0,0,261020064605166,0,0,0,0,0,0,0,0,"ordinary_fallback:ordinary DXMT Presenter retained this source",0,0,0,0,0,0,0,0,0,0,0,0
source_candidate_cancelled,1,9,0,0,1,10,0,0,261019981271833,0,0,0,0,0,261020064605166,0,0,0,0,0,0,0,0,"uncommitted reservation returned to ordinary Presenter",0,0,0,0,0,0,0,0,0,0,0,0
layer_owner_draining,1,9,0,0,0,0,0,0,0,0,0,0,0,0,0,0,0,0,0,0,0,0,0,"generation stopped; display worker drains accepted real sources before callbacks stop",0,0,0,0,0,0,0,0,0,0,0,0
generation_submissions_drained,1,9,0,0,0,0,0,0,0,0,0,0,0,0,0,0,0,0,0,0,0,0,0,"no synthetic generation submission remains in flight",0,0,0,0,0,0,0,0,0,0,0,0
presentation_feedback_drained,1,9,0,0,0,0,0,0,0,0,0,0,0,0,0,0,0,0,0,0,0,0,0,"all accepted sources are terminal and drawable/GPU callbacks retired",0,0,0,0,0,0,0,0,0,0,0,0
display_callbacks_stopped,1,9,0,0,0,0,0,0,0,0,0,0,0,0,0,0,0,0,0,0,0,0,0,"display-link invalidated after in-flight delegate callbacks returned",0,0,0,0,0,0,0,0,0,0,0,0
worker_drawables_retired,1,9,0,0,0,0,0,0,0,0,0,0,0,0,0,0,0,0,0,0,0,0,0,"no presentation worker tick retains a callback-owned drawable",0,0,0,0,0,0,0,0,0,0,0,0
synthetic_gpu_work_drained,1,9,0,0,0,0,0,0,0,0,0,0,0,0,0,0,0,0,0,0,0,0,0,"all synthetic Framegen GPU completions retired before resource release",0,0,0,0,0,0,0,0,0,0,0,0
epoch_reset,1,10,0,0,0,0,0,0,0,0,0,0,0,0,0,0,0,0,0,0,0,0,0,"10",0,0,0,0,0,0,0,0,0,0,0,0
layer_owner_released,1,10,0,0,0,0,0,0,0,0,0,0,0,0,0,0,0,0,0,0,0,0,0,"callbacks, worker drawables, DXMT presentation, SourceEscrow, and synthetic GPU work retired",0,0,0,0,0,0,0,0,0,0,0,0
layer_owner_claimed,1,10,0,0,0,0,0,0,0,0,0,0,0,0,0,0,0,0,0,0,0,0,0,"exclusive CAMetalLayer claim acquired before display-link attachment",0,0,0,0,0,0,0,0,0,0,0,0
display_link_attached,1,10,0,0,0,0,0,0,0,0,0,0,0,0,0,0,0,0,0,0,0,0,0,"display link attached after ordinary Presenter drained",0,0,0,0,0,0,0,0,0,0,0,0
display_callbacks_enabled,1,10,0,0,0,0,0,0,0,0,0,0,0,0,0,0,0,0,0,0,0,0,0,"display-link callbacks enabled under exclusive layer claim",0,0,0,0,0,0,0,0,0,0,0,0
session_active,1,10,0,0,0,0,0,0,0,0,0,0,0,0,0,0,0,0,0,0,0,0,0,"display resumed in fresh epoch",0,0,0,0,0,0,0,0,0,0,0,0
source_candidate_reserved,1,10,0,0,1,11,0,0,261020013979333,0,0,0,0,0,261020097312666,0,0,0,0,1,0,0,0,"mandatory SourceEscrow allocated; source-only mode",0,0,0,0,0,0,0,0,0,0,11,0
escrow_setup_failed,1,10,0,0,1,11,0,0,261020013979333,0,0,0,0,0,261020097312666,0,0,0,0,0,0,0,0,"injected pre-commit SourceEscrow copy setup failure",0,0,0,0,0,0,0,0,0,0,11,0
source_state_transition,1,10,0,0,1,11,0,0,261020013979333,0,0,0,0,0,261020097312666,0,0,0,0,0,0,0,0,"escrow_preparing->retired:reservation cancelled before transfer",0,0,0,0,0,0,0,0,0,0,0,0
source_terminal,1,10,0,0,1,11,0,0,261020013979333,0,0,0,0,0,261020097312666,0,0,0,0,0,0,0,0,"ordinary_fallback:ordinary DXMT Presenter retained this source",0,0,0,0,0,0,0,0,0,0,0,0
source_candidate_cancelled,1,10,0,0,1,11,0,0,261020013979333,0,0,0,0,0,261020097312666,0,0,0,0,0,0,0,0,"uncommitted reservation returned to ordinary Presenter",0,0,0,0,0,0,0,0,0,0,0,0
layer_owner_draining,1,10,0,0,0,0,0,0,0,0,0,0,0,0,0,0,0,0,0,0,0,0,0,"generation stopped; display worker drains accepted real sources before callbacks stop",0,0,0,0,0,0,0,0,0,0,0,0
generation_submissions_drained,1,10,0,0,0,0,0,0,0,0,0,0,0,0,0,0,0,0,0,0,0,0,0,"no synthetic generation submission remains in flight",0,0,0,0,0,0,0,0,0,0,0,0
presentation_feedback_drained,1,10,0,0,0,0,0,0,0,0,0,0,0,0,0,0,0,0,0,0,0,0,0,"all accepted sources are terminal and drawable/GPU callbacks retired",0,0,0,0,0,0,0,0,0,0,0,0
display_callbacks_stopped,1,10,0,0,0,0,0,0,0,0,0,0,0,0,0,0,0,0,0,0,0,0,0,"display-link invalidated after in-flight delegate callbacks returned",0,0,0,0,0,0,0,0,0,0,0,0
worker_drawables_retired,1,10,0,0,0,0,0,0,0,0,0,0,0,0,0,0,0,0,0,0,0,0,0,"no presentation worker tick retains a callback-owned drawable",0,0,0,0,0,0,0,0,0,0,0,0
synthetic_gpu_work_drained,1,10,0,0,0,0,0,0,0,0,0,0,0,0,0,0,0,0,0,0,0,0,0,"all synthetic Framegen GPU completions retired before resource release",0,0,0,0,0,0,0,0,0,0,0,0
epoch_reset,1,11,0,0,0,0,0,0,0,0,0,0,0,0,0,0,0,0,0,0,0,0,0,"11",0,0,0,0,0,0,0,0,0,0,0,0
layer_owner_released,1,11,0,0,0,0,0,0,0,0,0,0,0,0,0,0,0,0,0,0,0,0,0,"callbacks, worker drawables, DXMT presentation, SourceEscrow, and synthetic GPU work retired",0,0,0,0,0,0,0,0,0,0,0,0
layer_owner_claimed,1,11,0,0,0,0,0,0,0,0,0,0,0,0,0,0,0,0,0,0,0,0,0,"exclusive CAMetalLayer claim acquired before display-link attachment",0,0,0,0,0,0,0,0,0,0,0,0
display_link_attached,1,11,0,0,0,0,0,0,0,0,0,0,0,0,0,0,0,0,0,0,0,0,0,"display link attached after ordinary Presenter drained",0,0,0,0,0,0,0,0,0,0,0,0
display_callbacks_enabled,1,11,0,0,0,0,0,0,0,0,0,0,0,0,0,0,0,0,0,0,0,0,0,"display-link callbacks enabled under exclusive layer claim",0,0,0,0,0,0,0,0,0,0,0,0
session_active,1,11,0,0,0,0,0,0,0,0,0,0,0,0,0,0,0,0,0,0,0,0,0,"display resumed in fresh epoch",0,0,0,0,0,0,0,0,0,0,0,0
source_candidate_reserved,1,11,0,0,1,12,0,0,261020047762125,0,0,0,0,0,261020131095458,0,0,0,0,1,0,0,0,"mandatory SourceEscrow allocated; source-only mode",0,0,0,0,0,0,0,0,0,0,12,0
escrow_setup_failed,1,11,0,0,1,12,0,0,261020047762125,0,0,0,0,0,261020131095458,0,0,0,0,0,0,0,0,"injected pre-commit SourceEscrow copy setup failure",0,0,0,0,0,0,0,0,0,0,12,0
source_state_transition,1,11,0,0,1,12,0,0,261020047762125,0,0,0,0,0,261020131095458,0,0,0,0,0,0,0,0,"escrow_preparing->retired:reservation cancelled before transfer",0,0,0,0,0,0,0,0,0,0,0,0
source_terminal,1,11,0,0,1,12,0,0,261020047762125,0,0,0,0,0,261020131095458,0,0,0,0,0,0,0,0,"ordinary_fallback:ordinary DXMT Presenter retained this source",0,0,0,0,0,0,0,0,0,0,0,0
source_candidate_cancelled,1,11,0,0,1,12,0,0,261020047762125,0,0,0,0,0,261020131095458,0,0,0,0,0,0,0,0,"uncommitted reservation returned to ordinary Presenter",0,0,0,0,0,0,0,0,0,0,0,0
layer_owner_draining,1,11,0,0,0,0,0,0,0,0,0,0,0,0,0,0,0,0,0,0,0,0,0,"generation stopped; display worker drains accepted real sources before callbacks stop",0,0,0,0,0,0,0,0,0,0,0,0
generation_submissions_drained,1,11,0,0,0,0,0,0,0,0,0,0,0,0,0,0,0,0,0,0,0,0,0,"no synthetic generation submission remains in flight",0,0,0,0,0,0,0,0,0,0,0,0
presentation_feedback_drained,1,11,0,0,0,0,0,0,0,0,0,0,0,0,0,0,0,0,0,0,0,0,0,"all accepted sources are terminal and drawable/GPU callbacks retired",0,0,0,0,0,0,0,0,0,0,0,0
display_callbacks_stopped,1,11,0,0,0,0,0,0,0,0,0,0,0,0,0,0,0,0,0,0,0,0,0,"display-link invalidated after in-flight delegate callbacks returned",0,0,0,0,0,0,0,0,0,0,0,0
worker_drawables_retired,1,11,0,0,0,0,0,0,0,0,0,0,0,0,0,0,0,0,0,0,0,0,0,"no presentation worker tick retains a callback-owned drawable",0,0,0,0,0,0,0,0,0,0,0,0
synthetic_gpu_work_drained,1,11,0,0,0,0,0,0,0,0,0,0,0,0,0,0,0,0,0,0,0,0,0,"all synthetic Framegen GPU completions retired before resource release",0,0,0,0,0,0,0,0,0,0,0,0
epoch_reset,1,12,0,0,0,0,0,0,0,0,0,0,0,0,0,0,0,0,0,0,0,0,0,"12",0,0,0,0,0,0,0,0,0,0,0,0
layer_owner_released,1,12,0,0,0,0,0,0,0,0,0,0,0,0,0,0,0,0,0,0,0,0,0,"callbacks, worker drawables, DXMT presentation, SourceEscrow, and synthetic GPU work retired",0,0,0,0,0,0,0,0,0,0,0,0
layer_owner_claimed,1,12,0,0,0,0,0,0,0,0,0,0,0,0,0,0,0,0,0,0,0,0,0,"exclusive CAMetalLayer claim acquired before display-link attachment",0,0,0,0,0,0,0,0,0,0,0,0
display_link_attached,1,12,0,0,0,0,0,0,0,0,0,0,0,0,0,0,0,0,0,0,0,0,0,"display link attached after ordinary Presenter drained",0,0,0,0,0,0,0,0,0,0,0,0
display_callbacks_enabled,1,12,0,0,0,0,0,0,0,0,0,0,0,0,0,0,0,0,0,0,0,0,0,"display-link callbacks enabled under exclusive layer claim",0,0,0,0,0,0,0,0,0,0,0,0
session_active,1,12,0,0,0,0,0,0,0,0,0,0,0,0,0,0,0,0,0,0,0,0,0,"display resumed in fresh epoch",0,0,0,0,0,0,0,0,0,0,0,0
source_candidate_reserved,1,12,0,0,1,13,0,0,261020081054125,0,0,0,0,0,261020164387458,0,0,0,0,1,0,0,0,"mandatory SourceEscrow allocated; source-only mode",0,0,0,0,0,0,0,0,0,0,13,0
escrow_setup_failed,1,12,0,0,1,13,0,0,261020081054125,0,0,0,0,0,261020164387458,0,0,0,0,0,0,0,0,"injected pre-commit SourceEscrow copy setup failure",0,0,0,0,0,0,0,0,0,0,13,0
source_state_transition,1,12,0,0,1,13,0,0,261020081054125,0,0,0,0,0,261020164387458,0,0,0,0,0,0,0,0,"escrow_preparing->retired:reservation cancelled before transfer",0,0,0,0,0,0,0,0,0,0,0,0
source_terminal,1,12,0,0,1,13,0,0,261020081054125,0,0,0,0,0,261020164387458,0,0,0,0,0,0,0,0,"ordinary_fallback:ordinary DXMT Presenter retained this source",0,0,0,0,0,0,0,0,0,0,0,0
source_candidate_cancelled,1,12,0,0,1,13,0,0,261020081054125,0,0,0,0,0,261020164387458,0,0,0,0,0,0,0,0,"uncommitted reservation returned to ordinary Presenter",0,0,0,0,0,0,0,0,0,0,0,0
layer_owner_draining,1,12,0,0,0,0,0,0,0,0,0,0,0,0,0,0,0,0,0,0,0,0,0,"generation stopped; display worker drains accepted real sources before callbacks stop",0,0,0,0,0,0,0,0,0,0,0,0
generation_submissions_drained,1,12,0,0,0,0,0,0,0,0,0,0,0,0,0,0,0,0,0,0,0,0,0,"no synthetic generation submission remains in flight",0,0,0,0,0,0,0,0,0,0,0,0
presentation_feedback_drained,1,12,0,0,0,0,0,0,0,0,0,0,0,0,0,0,0,0,0,0,0,0,0,"all accepted sources are terminal and drawable/GPU callbacks retired",0,0,0,0,0,0,0,0,0,0,0,0
display_callbacks_stopped,1,12,0,0,0,0,0,0,0,0,0,0,0,0,0,0,0,0,0,0,0,0,0,"display-link invalidated after in-flight delegate callbacks returned",0,0,0,0,0,0,0,0,0,0,0,0
worker_drawables_retired,1,12,0,0,0,0,0,0,0,0,0,0,0,0,0,0,0,0,0,0,0,0,0,"no presentation worker tick retains a callback-owned drawable",0,0,0,0,0,0,0,0,0,0,0,0
synthetic_gpu_work_drained,1,12,0,0,0,0,0,0,0,0,0,0,0,0,0,0,0,0,0,0,0,0,0,"all synthetic Framegen GPU completions retired before resource release",0,0,0,0,0,0,0,0,0,0,0,0
epoch_reset,1,13,0,0,0,0,0,0,0,0,0,0,0,0,0,0,0,0,0,0,0,0,0,"13",0,0,0,0,0,0,0,0,0,0,0,0
layer_owner_released,1,13,0,0,0,0,0,0,0,0,0,0,0,0,0,0,0,0,0,0,0,0,0,"callbacks, worker drawables, DXMT presentation, SourceEscrow, and synthetic GPU work retired",0,0,0,0,0,0,0,0,0,0,0,0
layer_owner_claimed,1,13,0,0,0,0,0,0,0,0,0,0,0,0,0,0,0,0,0,0,0,0,0,"exclusive CAMetalLayer claim acquired before display-link attachment",0,0,0,0,0,0,0,0,0,0,0,0
display_link_attached,1,13,0,0,0,0,0,0,0,0,0,0,0,0,0,0,0,0,0,0,0,0,0,"display link attached after ordinary Presenter drained",0,0,0,0,0,0,0,0,0,0,0,0
display_callbacks_enabled,1,13,0,0,0,0,0,0,0,0,0,0,0,0,0,0,0,0,0,0,0,0,0,"display-link callbacks enabled under exclusive layer claim",0,0,0,0,0,0,0,0,0,0,0,0
session_active,1,13,0,0,0,0,0,0,0,0,0,0,0,0,0,0,0,0,0,0,0,0,0,"display resumed in fresh epoch",0,0,0,0,0,0,0,0,0,0,0,0
source_candidate_reserved,1,13,0,0,1,14,0,0,261020114457416,0,0,0,0,0,261020197790749,0,0,0,0,1,0,0,0,"mandatory SourceEscrow allocated; source-only mode",0,0,0,0,0,0,0,0,0,0,14,0
escrow_setup_failed,1,13,0,0,1,14,0,0,261020114457416,0,0,0,0,0,261020197790749,0,0,0,0,0,0,0,0,"injected pre-commit SourceEscrow copy setup failure",0,0,0,0,0,0,0,0,0,0,14,0
source_state_transition,1,13,0,0,1,14,0,0,261020114457416,0,0,0,0,0,261020197790749,0,0,0,0,0,0,0,0,"escrow_preparing->retired:reservation cancelled before transfer",0,0,0,0,0,0,0,0,0,0,0,0
source_terminal,1,13,0,0,1,14,0,0,261020114457416,0,0,0,0,0,261020197790749,0,0,0,0,0,0,0,0,"ordinary_fallback:ordinary DXMT Presenter retained this source",0,0,0,0,0,0,0,0,0,0,0,0
source_candidate_cancelled,1,13,0,0,1,14,0,0,261020114457416,0,0,0,0,0,261020197790749,0,0,0,0,0,0,0,0,"uncommitted reservation returned to ordinary Presenter",0,0,0,0,0,0,0,0,0,0,0,0
layer_owner_draining,1,13,0,0,0,0,0,0,0,0,0,0,0,0,0,0,0,0,0,0,0,0,0,"generation stopped; display worker drains accepted real sources before callbacks stop",0,0,0,0,0,0,0,0,0,0,0,0
generation_submissions_drained,1,13,0,0,0,0,0,0,0,0,0,0,0,0,0,0,0,0,0,0,0,0,0,"no synthetic generation submission remains in flight",0,0,0,0,0,0,0,0,0,0,0,0
presentation_feedback_drained,1,13,0,0,0,0,0,0,0,0,0,0,0,0,0,0,0,0,0,0,0,0,0,"all accepted sources are terminal and drawable/GPU callbacks retired",0,0,0,0,0,0,0,0,0,0,0,0
display_callbacks_stopped,1,13,0,0,0,0,0,0,0,0,0,0,0,0,0,0,0,0,0,0,0,0,0,"display-link invalidated after in-flight delegate callbacks returned",0,0,0,0,0,0,0,0,0,0,0,0
worker_drawables_retired,1,13,0,0,0,0,0,0,0,0,0,0,0,0,0,0,0,0,0,0,0,0,0,"no presentation worker tick retains a callback-owned drawable",0,0,0,0,0,0,0,0,0,0,0,0
synthetic_gpu_work_drained,1,13,0,0,0,0,0,0,0,0,0,0,0,0,0,0,0,0,0,0,0,0,0,"all synthetic Framegen GPU completions retired before resource release",0,0,0,0,0,0,0,0,0,0,0,0
epoch_reset,1,14,0,0,0,0,0,0,0,0,0,0,0,0,0,0,0,0,0,0,0,0,0,"14",0,0,0,0,0,0,0,0,0,0,0,0
layer_owner_released,1,14,0,0,0,0,0,0,0,0,0,0,0,0,0,0,0,0,0,0,0,0,0,"callbacks, worker drawables, DXMT presentation, SourceEscrow, and synthetic GPU work retired",0,0,0,0,0,0,0,0,0,0,0,0
layer_owner_claimed,1,14,0,0,0,0,0,0,0,0,0,0,0,0,0,0,0,0,0,0,0,0,0,"exclusive CAMetalLayer claim acquired before display-link attachment",0,0,0,0,0,0,0,0,0,0,0,0
display_link_attached,1,14,0,0,0,0,0,0,0,0,0,0,0,0,0,0,0,0,0,0,0,0,0,"display link attached after ordinary Presenter drained",0,0,0,0,0,0,0,0,0,0,0,0
display_callbacks_enabled,1,14,0,0,0,0,0,0,0,0,0,0,0,0,0,0,0,0,0,0,0,0,0,"display-link callbacks enabled under exclusive layer claim",0,0,0,0,0,0,0,0,0,0,0,0
session_active,1,14,0,0,0,0,0,0,0,0,0,0,0,0,0,0,0,0,0,0,0,0,0,"display resumed in fresh epoch",0,0,0,0,0,0,0,0,0,0,0,0
source_candidate_reserved,1,14,0,0,1,15,0,0,261020148729291,0,0,0,0,0,261020232062624,0,0,0,0,1,0,0,0,"mandatory SourceEscrow allocated; source-only mode",0,0,0,0,0,0,0,0,0,0,15,0
escrow_setup_failed,1,14,0,0,1,15,0,0,261020148729291,0,0,0,0,0,261020232062624,0,0,0,0,0,0,0,0,"injected pre-commit SourceEscrow copy setup failure",0,0,0,0,0,0,0,0,0,0,15,0
source_state_transition,1,14,0,0,1,15,0,0,261020148729291,0,0,0,0,0,261020232062624,0,0,0,0,0,0,0,0,"escrow_preparing->retired:reservation cancelled before transfer",0,0,0,0,0,0,0,0,0,0,0,0
source_terminal,1,14,0,0,1,15,0,0,261020148729291,0,0,0,0,0,261020232062624,0,0,0,0,0,0,0,0,"ordinary_fallback:ordinary DXMT Presenter retained this source",0,0,0,0,0,0,0,0,0,0,0,0
source_candidate_cancelled,1,14,0,0,1,15,0,0,261020148729291,0,0,0,0,0,261020232062624,0,0,0,0,0,0,0,0,"uncommitted reservation returned to ordinary Presenter",0,0,0,0,0,0,0,0,0,0,0,0
layer_owner_draining,1,14,0,0,0,0,0,0,0,0,0,0,0,0,0,0,0,0,0,0,0,0,0,"generation stopped; display worker drains accepted real sources before callbacks stop",0,0,0,0,0,0,0,0,0,0,0,0
generation_submissions_drained,1,14,0,0,0,0,0,0,0,0,0,0,0,0,0,0,0,0,0,0,0,0,0,"no synthetic generation submission remains in flight",0,0,0,0,0,0,0,0,0,0,0,0
presentation_feedback_drained,1,14,0,0,0,0,0,0,0,0,0,0,0,0,0,0,0,0,0,0,0,0,0,"all accepted sources are terminal and drawable/GPU callbacks retired",0,0,0,0,0,0,0,0,0,0,0,0
display_callbacks_stopped,1,14,0,0,0,0,0,0,0,0,0,0,0,0,0,0,0,0,0,0,0,0,0,"display-link invalidated after in-flight delegate callbacks returned",0,0,0,0,0,0,0,0,0,0,0,0
worker_drawables_retired,1,14,0,0,0,0,0,0,0,0,0,0,0,0,0,0,0,0,0,0,0,0,0,"no presentation worker tick retains a callback-owned drawable",0,0,0,0,0,0,0,0,0,0,0,0
synthetic_gpu_work_drained,1,14,0,0,0,0,0,0,0,0,0,0,0,0,0,0,0,0,0,0,0,0,0,"all synthetic Framegen GPU completions retired before resource release",0,0,0,0,0,0,0,0,0,0,0,0
epoch_reset,1,15,0,0,0,0,0,0,0,0,0,0,0,0,0,0,0,0,0,0,0,0,0,"15",0,0,0,0,0,0,0,0,0,0,0,0
layer_owner_released,1,15,0,0,0,0,0,0,0,0,0,0,0,0,0,0,0,0,0,0,0,0,0,"callbacks, worker drawables, DXMT presentation, SourceEscrow, and synthetic GPU work retired",0,0,0,0,0,0,0,0,0,0,0,0
layer_owner_claimed,1,15,0,0,0,0,0,0,0,0,0,0,0,0,0,0,0,0,0,0,0,0,0,"exclusive CAMetalLayer claim acquired before display-link attachment",0,0,0,0,0,0,0,0,0,0,0,0
display_link_attached,1,15,0,0,0,0,0,0,0,0,0,0,0,0,0,0,0,0,0,0,0,0,0,"display link attached after ordinary Presenter drained",0,0,0,0,0,0,0,0,0,0,0,0
display_callbacks_enabled,1,15,0,0,0,0,0,0,0,0,0,0,0,0,0,0,0,0,0,0,0,0,0,"display-link callbacks enabled under exclusive layer claim",0,0,0,0,0,0,0,0,0,0,0,0
session_active,1,15,0,0,0,0,0,0,0,0,0,0,0,0,0,0,0,0,0,0,0,0,0,"display resumed in fresh epoch",0,0,0,0,0,0,0,0,0,0,0,0
source_candidate_reserved,1,15,0,0,1,16,0,0,261020182070666,0,0,0,0,0,261020265403999,0,0,0,0,1,0,0,0,"mandatory SourceEscrow allocated; source-only mode",0,0,0,0,0,0,0,0,0,0,16,0
escrow_setup_failed,1,15,0,0,1,16,0,0,261020182070666,0,0,0,0,0,261020265403999,0,0,0,0,0,0,0,0,"injected pre-commit SourceEscrow copy setup failure",0,0,0,0,0,0,0,0,0,0,16,0
source_state_transition,1,15,0,0,1,16,0,0,261020182070666,0,0,0,0,0,261020265403999,0,0,0,0,0,0,0,0,"escrow_preparing->retired:reservation cancelled before transfer",0,0,0,0,0,0,0,0,0,0,0,0
source_terminal,1,15,0,0,1,16,0,0,261020182070666,0,0,0,0,0,261020265403999,0,0,0,0,0,0,0,0,"ordinary_fallback:ordinary DXMT Presenter retained this source",0,0,0,0,0,0,0,0,0,0,0,0
source_candidate_cancelled,1,15,0,0,1,16,0,0,261020182070666,0,0,0,0,0,261020265403999,0,0,0,0,0,0,0,0,"uncommitted reservation returned to ordinary Presenter",0,0,0,0,0,0,0,0,0,0,0,0
layer_owner_draining,1,15,0,0,0,0,0,0,0,0,0,0,0,0,0,0,0,0,0,0,0,0,0,"generation stopped; display worker drains accepted real sources before callbacks stop",0,0,0,0,0,0,0,0,0,0,0,0
generation_submissions_drained,1,15,0,0,0,0,0,0,0,0,0,0,0,0,0,0,0,0,0,0,0,0,0,"no synthetic generation submission remains in flight",0,0,0,0,0,0,0,0,0,0,0,0
presentation_feedback_drained,1,15,0,0,0,0,0,0,0,0,0,0,0,0,0,0,0,0,0,0,0,0,0,"all accepted sources are terminal and drawable/GPU callbacks retired",0,0,0,0,0,0,0,0,0,0,0,0
display_callbacks_stopped,1,15,0,0,0,0,0,0,0,0,0,0,0,0,0,0,0,0,0,0,0,0,0,"display-link invalidated after in-flight delegate callbacks returned",0,0,0,0,0,0,0,0,0,0,0,0
worker_drawables_retired,1,15,0,0,0,0,0,0,0,0,0,0,0,0,0,0,0,0,0,0,0,0,0,"no presentation worker tick retains a callback-owned drawable",0,0,0,0,0,0,0,0,0,0,0,0
synthetic_gpu_work_drained,1,15,0,0,0,0,0,0,0,0,0,0,0,0,0,0,0,0,0,0,0,0,0,"all synthetic Framegen GPU completions retired before resource release",0,0,0,0,0,0,0,0,0,0,0,0
epoch_reset,1,16,0,0,0,0,0,0,0,0,0,0,0,0,0,0,0,0,0,0,0,0,0,"16",0,0,0,0,0,0,0,0,0,0,0,0
layer_owner_released,1,16,0,0,0,0,0,0,0,0,0,0,0,0,0,0,0,0,0,0,0,0,0,"callbacks, worker drawables, DXMT presentation, SourceEscrow, and synthetic GPU work retired",0,0,0,0,0,0,0,0,0,0,0,0
layer_owner_claimed,1,16,0,0,0,0,0,0,0,0,0,0,0,0,0,0,0,0,0,0,0,0,0,"exclusive CAMetalLayer claim acquired before display-link attachment",0,0,0,0,0,0,0,0,0,0,0,0
display_link_attached,1,16,0,0,0,0,0,0,0,0,0,0,0,0,0,0,0,0,0,0,0,0,0,"display link attached after ordinary Presenter drained",0,0,0,0,0,0,0,0,0,0,0,0
display_callbacks_enabled,1,16,0,0,0,0,0,0,0,0,0,0,0,0,0,0,0,0,0,0,0,0,0,"display-link callbacks enabled under exclusive layer claim",0,0,0,0,0,0,0,0,0,0,0,0
session_active,1,16,0,0,0,0,0,0,0,0,0,0,0,0,0,0,0,0,0,0,0,0,0,"display resumed in fresh epoch",0,0,0,0,0,0,0,0,0,0,0,0
source_candidate_reserved,1,16,0,0,1,17,0,0,261020216695208,0,0,0,0,0,261020300028541,0,0,0,0,1,0,0,0,"mandatory SourceEscrow allocated; source-only mode",0,0,0,0,0,0,0,0,0,0,17,0
escrow_setup_failed,1,16,0,0,1,17,0,0,261020216695208,0,0,0,0,0,261020300028541,0,0,0,0,0,0,0,0,"injected pre-commit SourceEscrow copy setup failure",0,0,0,0,0,0,0,0,0,0,17,0
source_state_transition,1,16,0,0,1,17,0,0,261020216695208,0,0,0,0,0,261020300028541,0,0,0,0,0,0,0,0,"escrow_preparing->retired:reservation cancelled before transfer",0,0,0,0,0,0,0,0,0,0,0,0
source_terminal,1,16,0,0,1,17,0,0,261020216695208,0,0,0,0,0,261020300028541,0,0,0,0,0,0,0,0,"ordinary_fallback:ordinary DXMT Presenter retained this source",0,0,0,0,0,0,0,0,0,0,0,0
source_candidate_cancelled,1,16,0,0,1,17,0,0,261020216695208,0,0,0,0,0,261020300028541,0,0,0,0,0,0,0,0,"uncommitted reservation returned to ordinary Presenter",0,0,0,0,0,0,0,0,0,0,0,0
layer_owner_draining,1,16,0,0,0,0,0,0,0,0,0,0,0,0,0,0,0,0,0,0,0,0,0,"generation stopped; display worker drains accepted real sources before callbacks stop",0,0,0,0,0,0,0,0,0,0,0,0
generation_submissions_drained,1,16,0,0,0,0,0,0,0,0,0,0,0,0,0,0,0,0,0,0,0,0,0,"no synthetic generation submission remains in flight",0,0,0,0,0,0,0,0,0,0,0,0
presentation_feedback_drained,1,16,0,0,0,0,0,0,0,0,0,0,0,0,0,0,0,0,0,0,0,0,0,"all accepted sources are terminal and drawable/GPU callbacks retired",0,0,0,0,0,0,0,0,0,0,0,0
display_callbacks_stopped,1,16,0,0,0,0,0,0,0,0,0,0,0,0,0,0,0,0,0,0,0,0,0,"display-link invalidated after in-flight delegate callbacks returned",0,0,0,0,0,0,0,0,0,0,0,0
worker_drawables_retired,1,16,0,0,0,0,0,0,0,0,0,0,0,0,0,0,0,0,0,0,0,0,0,"no presentation worker tick retains a callback-owned drawable",0,0,0,0,0,0,0,0,0,0,0,0
synthetic_gpu_work_drained,1,16,0,0,0,0,0,0,0,0,0,0,0,0,0,0,0,0,0,0,0,0,0,"all synthetic Framegen GPU completions retired before resource release",0,0,0,0,0,0,0,0,0,0,0,0
epoch_reset,1,17,0,0,0,0,0,0,0,0,0,0,0,0,0,0,0,0,0,0,0,0,0,"17",0,0,0,0,0,0,0,0,0,0,0,0
layer_owner_released,1,17,0,0,0,0,0,0,0,0,0,0,0,0,0,0,0,0,0,0,0,0,0,"callbacks, worker drawables, DXMT presentation, SourceEscrow, and synthetic GPU work retired",0,0,0,0,0,0,0,0,0,0,0,0
layer_owner_claimed,1,17,0,0,0,0,0,0,0,0,0,0,0,0,0,0,0,0,0,0,0,0,0,"exclusive CAMetalLayer claim acquired before display-link attachment",0,0,0,0,0,0,0,0,0,0,0,0
display_link_attached,1,17,0,0,0,0,0,0,0,0,0,0,0,0,0,0,0,0,0,0,0,0,0,"display link attached after ordinary Presenter drained",0,0,0,0,0,0,0,0,0,0,0,0
display_callbacks_enabled,1,17,0,0,0,0,0,0,0,0,0,0,0,0,0,0,0,0,0,0,0,0,0,"display-link callbacks enabled under exclusive layer claim",0,0,0,0,0,0,0,0,0,0,0,0
session_active,1,17,0,0,0,0,0,0,0,0,0,0,0,0,0,0,0,0,0,0,0,0,0,"display resumed in fresh epoch",0,0,0,0,0,0,0,0,0,0,0,0
source_candidate_reserved,1,17,0,0,1,18,0,0,261020249812958,0,0,0,0,0,261020333146291,0,0,0,0,1,0,0,0,"mandatory SourceEscrow allocated; source-only mode",0,0,0,0,0,0,0,0,0,0,18,0
escrow_setup_failed,1,17,0,0,1,18,0,0,261020249812958,0,0,0,0,0,261020333146291,0,0,0,0,0,0,0,0,"injected pre-commit SourceEscrow copy setup failure",0,0,0,0,0,0,0,0,0,0,18,0
source_state_transition,1,17,0,0,1,18,0,0,261020249812958,0,0,0,0,0,261020333146291,0,0,0,0,0,0,0,0,"escrow_preparing->retired:reservation cancelled before transfer",0,0,0,0,0,0,0,0,0,0,0,0
source_terminal,1,17,0,0,1,18,0,0,261020249812958,0,0,0,0,0,261020333146291,0,0,0,0,0,0,0,0,"ordinary_fallback:ordinary DXMT Presenter retained this source",0,0,0,0,0,0,0,0,0,0,0,0
source_candidate_cancelled,1,17,0,0,1,18,0,0,261020249812958,0,0,0,0,0,261020333146291,0,0,0,0,0,0,0,0,"uncommitted reservation returned to ordinary Presenter",0,0,0,0,0,0,0,0,0,0,0,0
layer_owner_draining,1,17,0,0,0,0,0,0,0,0,0,0,0,0,0,0,0,0,0,0,0,0,0,"generation stopped; display worker drains accepted real sources before callbacks stop",0,0,0,0,0,0,0,0,0,0,0,0
generation_submissions_drained,1,17,0,0,0,0,0,0,0,0,0,0,0,0,0,0,0,0,0,0,0,0,0,"no synthetic generation submission remains in flight",0,0,0,0,0,0,0,0,0,0,0,0
presentation_feedback_drained,1,17,0,0,0,0,0,0,0,0,0,0,0,0,0,0,0,0,0,0,0,0,0,"all accepted sources are terminal and drawable/GPU callbacks retired",0,0,0,0,0,0,0,0,0,0,0,0
display_callbacks_stopped,1,17,0,0,0,0,0,0,0,0,0,0,0,0,0,0,0,0,0,0,0,0,0,"display-link invalidated after in-flight delegate callbacks returned",0,0,0,0,0,0,0,0,0,0,0,0
worker_drawables_retired,1,17,0,0,0,0,0,0,0,0,0,0,0,0,0,0,0,0,0,0,0,0,0,"no presentation worker tick retains a callback-owned drawable",0,0,0,0,0,0,0,0,0,0,0,0
synthetic_gpu_work_drained,1,17,0,0,0,0,0,0,0,0,0,0,0,0,0,0,0,0,0,0,0,0,0,"all synthetic Framegen GPU completions retired before resource release",0,0,0,0,0,0,0,0,0,0,0,0
epoch_reset,1,18,0,0,0,0,0,0,0,0,0,0,0,0,0,0,0,0,0,0,0,0,0,"18",0,0,0,0,0,0,0,0,0,0,0,0
layer_owner_released,1,18,0,0,0,0,0,0,0,0,0,0,0,0,0,0,0,0,0,0,0,0,0,"callbacks, worker drawables, DXMT presentation, SourceEscrow, and synthetic GPU work retired",0,0,0,0,0,0,0,0,0,0,0,0
layer_owner_claimed,1,18,0,0,0,0,0,0,0,0,0,0,0,0,0,0,0,0,0,0,0,0,0,"exclusive CAMetalLayer claim acquired before display-link attachment",0,0,0,0,0,0,0,0,0,0,0,0
display_link_attached,1,18,0,0,0,0,0,0,0,0,0,0,0,0,0,0,0,0,0,0,0,0,0,"display link attached after ordinary Presenter drained",0,0,0,0,0,0,0,0,0,0,0,0
display_callbacks_enabled,1,18,0,0,0,0,0,0,0,0,0,0,0,0,0,0,0,0,0,0,0,0,0,"display-link callbacks enabled under exclusive layer claim",0,0,0,0,0,0,0,0,0,0,0,0
session_active,1,18,0,0,0,0,0,0,0,0,0,0,0,0,0,0,0,0,0,0,0,0,0,"display resumed in fresh epoch",0,0,0,0,0,0,0,0,0,0,0,0
source_candidate_reserved,1,18,0,0,1,19,0,0,261020282539125,0,0,0,0,0,261020365872458,0,0,0,0,1,0,0,0,"mandatory SourceEscrow allocated; source-only mode",0,0,0,0,0,0,0,0,0,0,19,0
escrow_setup_failed,1,18,0,0,1,19,0,0,261020282539125,0,0,0,0,0,261020365872458,0,0,0,0,0,0,0,0,"injected pre-commit SourceEscrow copy setup failure",0,0,0,0,0,0,0,0,0,0,19,0
source_state_transition,1,18,0,0,1,19,0,0,261020282539125,0,0,0,0,0,261020365872458,0,0,0,0,0,0,0,0,"escrow_preparing->retired:reservation cancelled before transfer",0,0,0,0,0,0,0,0,0,0,0,0
source_terminal,1,18,0,0,1,19,0,0,261020282539125,0,0,0,0,0,261020365872458,0,0,0,0,0,0,0,0,"ordinary_fallback:ordinary DXMT Presenter retained this source",0,0,0,0,0,0,0,0,0,0,0,0
source_candidate_cancelled,1,18,0,0,1,19,0,0,261020282539125,0,0,0,0,0,261020365872458,0,0,0,0,0,0,0,0,"uncommitted reservation returned to ordinary Presenter",0,0,0,0,0,0,0,0,0,0,0,0
layer_owner_draining,1,18,0,0,0,0,0,0,0,0,0,0,0,0,0,0,0,0,0,0,0,0,0,"generation stopped; display worker drains accepted real sources before callbacks stop",0,0,0,0,0,0,0,0,0,0,0,0
generation_submissions_drained,1,18,0,0,0,0,0,0,0,0,0,0,0,0,0,0,0,0,0,0,0,0,0,"no synthetic generation submission remains in flight",0,0,0,0,0,0,0,0,0,0,0,0
presentation_feedback_drained,1,18,0,0,0,0,0,0,0,0,0,0,0,0,0,0,0,0,0,0,0,0,0,"all accepted sources are terminal and drawable/GPU callbacks retired",0,0,0,0,0,0,0,0,0,0,0,0
display_callbacks_stopped,1,18,0,0,0,0,0,0,0,0,0,0,0,0,0,0,0,0,0,0,0,0,0,"display-link invalidated after in-flight delegate callbacks returned",0,0,0,0,0,0,0,0,0,0,0,0
worker_drawables_retired,1,18,0,0,0,0,0,0,0,0,0,0,0,0,0,0,0,0,0,0,0,0,0,"no presentation worker tick retains a callback-owned drawable",0,0,0,0,0,0,0,0,0,0,0,0
synthetic_gpu_work_drained,1,18,0,0,0,0,0,0,0,0,0,0,0,0,0,0,0,0,0,0,0,0,0,"all synthetic Framegen GPU completions retired before resource release",0,0,0,0,0,0,0,0,0,0,0,0
epoch_reset,1,19,0,0,0,0,0,0,0,0,0,0,0,0,0,0,0,0,0,0,0,0,0,"19",0,0,0,0,0,0,0,0,0,0,0,0
layer_owner_released,1,19,0,0,0,0,0,0,0,0,0,0,0,0,0,0,0,0,0,0,0,0,0,"callbacks, worker drawables, DXMT presentation, SourceEscrow, and synthetic GPU work retired",0,0,0,0,0,0,0,0,0,0,0,0
layer_owner_claimed,1,19,0,0,0,0,0,0,0,0,0,0,0,0,0,0,0,0,0,0,0,0,0,"exclusive CAMetalLayer claim acquired before display-link attachment",0,0,0,0,0,0,0,0,0,0,0,0
display_link_attached,1,19,0,0,0,0,0,0,0,0,0,0,0,0,0,0,0,0,0,0,0,0,0,"display link attached after ordinary Presenter drained",0,0,0,0,0,0,0,0,0,0,0,0
display_callbacks_enabled,1,19,0,0,0,0,0,0,0,0,0,0,0,0,0,0,0,0,0,0,0,0,0,"display-link callbacks enabled under exclusive layer claim",0,0,0,0,0,0,0,0,0,0,0,0
session_active,1,19,0,0,0,0,0,0,0,0,0,0,0,0,0,0,0,0,0,0,0,0,0,"display resumed in fresh epoch",0,0,0,0,0,0,0,0,0,0,0,0
source_candidate_reserved,1,19,0,0,1,20,0,0,261020316502916,0,0,0,0,0,261020399836249,0,0,0,0,1,0,0,0,"mandatory SourceEscrow allocated; source-only mode",0,0,0,0,0,0,0,0,0,0,20,0
escrow_setup_failed,1,19,0,0,1,20,0,0,261020316502916,0,0,0,0,0,261020399836249,0,0,0,0,0,0,0,0,"injected pre-commit SourceEscrow copy setup failure",0,0,0,0,0,0,0,0,0,0,20,0
source_state_transition,1,19,0,0,1,20,0,0,261020316502916,0,0,0,0,0,261020399836249,0,0,0,0,0,0,0,0,"escrow_preparing->retired:reservation cancelled before transfer",0,0,0,0,0,0,0,0,0,0,0,0
source_terminal,1,19,0,0,1,20,0,0,261020316502916,0,0,0,0,0,261020399836249,0,0,0,0,0,0,0,0,"ordinary_fallback:ordinary DXMT Presenter retained this source",0,0,0,0,0,0,0,0,0,0,0,0
source_candidate_cancelled,1,19,0,0,1,20,0,0,261020316502916,0,0,0,0,0,261020399836249,0,0,0,0,0,0,0,0,"uncommitted reservation returned to ordinary Presenter",0,0,0,0,0,0,0,0,0,0,0,0
layer_owner_draining,1,19,0,0,0,0,0,0,0,0,0,0,0,0,0,0,0,0,0,0,0,0,0,"generation stopped; display worker drains accepted real sources before callbacks stop",0,0,0,0,0,0,0,0,0,0,0,0
generation_submissions_drained,1,19,0,0,0,0,0,0,0,0,0,0,0,0,0,0,0,0,0,0,0,0,0,"no synthetic generation submission remains in flight",0,0,0,0,0,0,0,0,0,0,0,0
presentation_feedback_drained,1,19,0,0,0,0,0,0,0,0,0,0,0,0,0,0,0,0,0,0,0,0,0,"all accepted sources are terminal and drawable/GPU callbacks retired",0,0,0,0,0,0,0,0,0,0,0,0
display_callbacks_stopped,1,19,0,0,0,0,0,0,0,0,0,0,0,0,0,0,0,0,0,0,0,0,0,"display-link invalidated after in-flight delegate callbacks returned",0,0,0,0,0,0,0,0,0,0,0,0
worker_drawables_retired,1,19,0,0,0,0,0,0,0,0,0,0,0,0,0,0,0,0,0,0,0,0,0,"no presentation worker tick retains a callback-owned drawable",0,0,0,0,0,0,0,0,0,0,0,0
synthetic_gpu_work_drained,1,19,0,0,0,0,0,0,0,0,0,0,0,0,0,0,0,0,0,0,0,0,0,"all synthetic Framegen GPU completions retired before resource release",0,0,0,0,0,0,0,0,0,0,0,0
epoch_reset,1,20,0,0,0,0,0,0,0,0,0,0,0,0,0,0,0,0,0,0,0,0,0,"20",0,0,0,0,0,0,0,0,0,0,0,0
layer_owner_released,1,20,0,0,0,0,0,0,0,0,0,0,0,0,0,0,0,0,0,0,0,0,0,"callbacks, worker drawables, DXMT presentation, SourceEscrow, and synthetic GPU work retired",0,0,0,0,0,0,0,0,0,0,0,0
layer_owner_claimed,1,20,0,0,0,0,0,0,0,0,0,0,0,0,0,0,0,0,0,0,0,0,0,"exclusive CAMetalLayer claim acquired before display-link attachment",0,0,0,0,0,0,0,0,0,0,0,0
display_link_attached,1,20,0,0,0,0,0,0,0,0,0,0,0,0,0,0,0,0,0,0,0,0,0,"display link attached after ordinary Presenter drained",0,0,0,0,0,0,0,0,0,0,0,0
display_callbacks_enabled,1,20,0,0,0,0,0,0,0,0,0,0,0,0,0,0,0,0,0,0,0,0,0,"display-link callbacks enabled under exclusive layer claim",0,0,0,0,0,0,0,0,0,0,0,0
session_active,1,20,0,0,0,0,0,0,0,0,0,0,0,0,0,0,0,0,0,0,0,0,0,"display resumed in fresh epoch",0,0,0,0,0,0,0,0,0,0,0,0
source_candidate_reserved,1,20,0,0,1,21,0,0,261020349296666,0,0,0,0,0,261020432629999,0,0,0,0,1,0,0,0,"mandatory SourceEscrow allocated; source-only mode",0,0,0,0,0,0,0,0,0,0,21,0
escrow_setup_failed,1,20,0,0,1,21,0,0,261020349296666,0,0,0,0,0,261020432629999,0,0,0,0,0,0,0,0,"injected pre-commit SourceEscrow copy setup failure",0,0,0,0,0,0,0,0,0,0,21,0
source_state_transition,1,20,0,0,1,21,0,0,261020349296666,0,0,0,0,0,261020432629999,0,0,0,0,0,0,0,0,"escrow_preparing->retired:reservation cancelled before transfer",0,0,0,0,0,0,0,0,0,0,0,0
source_terminal,1,20,0,0,1,21,0,0,261020349296666,0,0,0,0,0,261020432629999,0,0,0,0,0,0,0,0,"ordinary_fallback:ordinary DXMT Presenter retained this source",0,0,0,0,0,0,0,0,0,0,0,0
source_candidate_cancelled,1,20,0,0,1,21,0,0,261020349296666,0,0,0,0,0,261020432629999,0,0,0,0,0,0,0,0,"uncommitted reservation returned to ordinary Presenter",0,0,0,0,0,0,0,0,0,0,0,0
layer_owner_draining,1,20,0,0,0,0,0,0,0,0,0,0,0,0,0,0,0,0,0,0,0,0,0,"generation stopped; display worker drains accepted real sources before callbacks stop",0,0,0,0,0,0,0,0,0,0,0,0
generation_submissions_drained,1,20,0,0,0,0,0,0,0,0,0,0,0,0,0,0,0,0,0,0,0,0,0,"no synthetic generation submission remains in flight",0,0,0,0,0,0,0,0,0,0,0,0
presentation_feedback_drained,1,20,0,0,0,0,0,0,0,0,0,0,0,0,0,0,0,0,0,0,0,0,0,"all accepted sources are terminal and drawable/GPU callbacks retired",0,0,0,0,0,0,0,0,0,0,0,0
display_callbacks_stopped,1,20,0,0,0,0,0,0,0,0,0,0,0,0,0,0,0,0,0,0,0,0,0,"display-link invalidated after in-flight delegate callbacks returned",0,0,0,0,0,0,0,0,0,0,0,0
worker_drawables_retired,1,20,0,0,0,0,0,0,0,0,0,0,0,0,0,0,0,0,0,0,0,0,0,"no presentation worker tick retains a callback-owned drawable",0,0,0,0,0,0,0,0,0,0,0,0
synthetic_gpu_work_drained,1,20,0,0,0,0,0,0,0,0,0,0,0,0,0,0,0,0,0,0,0,0,0,"all synthetic Framegen GPU completions retired before resource release",0,0,0,0,0,0,0,0,0,0,0,0
epoch_reset,1,21,0,0,0,0,0,0,0,0,0,0,0,0,0,0,0,0,0,0,0,0,0,"21",0,0,0,0,0,0,0,0,0,0,0,0
layer_owner_released,1,21,0,0,0,0,0,0,0,0,0,0,0,0,0,0,0,0,0,0,0,0,0,"callbacks, worker drawables, DXMT presentation, SourceEscrow, and synthetic GPU work retired",0,0,0,0,0,0,0,0,0,0,0,0
layer_owner_claimed,1,21,0,0,0,0,0,0,0,0,0,0,0,0,0,0,0,0,0,0,0,0,0,"exclusive CAMetalLayer claim acquired before display-link attachment",0,0,0,0,0,0,0,0,0,0,0,0
display_link_attached,1,21,0,0,0,0,0,0,0,0,0,0,0,0,0,0,0,0,0,0,0,0,0,"display link attached after ordinary Presenter drained",0,0,0,0,0,0,0,0,0,0,0,0
display_callbacks_enabled,1,21,0,0,0,0,0,0,0,0,0,0,0,0,0,0,0,0,0,0,0,0,0,"display-link callbacks enabled under exclusive layer claim",0,0,0,0,0,0,0,0,0,0,0,0
session_active,1,21,0,0,0,0,0,0,0,0,0,0,0,0,0,0,0,0,0,0,0,0,0,"display resumed in fresh epoch",0,0,0,0,0,0,0,0,0,0,0,0
source_candidate_reserved,1,21,0,0,1,22,0,0,261020382593833,0,0,0,0,0,261020465927166,0,0,0,0,1,0,0,0,"mandatory SourceEscrow allocated; source-only mode",0,0,0,0,0,0,0,0,0,0,22,0
escrow_setup_failed,1,21,0,0,1,22,0,0,261020382593833,0,0,0,0,0,261020465927166,0,0,0,0,0,0,0,0,"injected pre-commit SourceEscrow copy setup failure",0,0,0,0,0,0,0,0,0,0,22,0
source_state_transition,1,21,0,0,1,22,0,0,261020382593833,0,0,0,0,0,261020465927166,0,0,0,0,0,0,0,0,"escrow_preparing->retired:reservation cancelled before transfer",0,0,0,0,0,0,0,0,0,0,0,0
source_terminal,1,21,0,0,1,22,0,0,261020382593833,0,0,0,0,0,261020465927166,0,0,0,0,0,0,0,0,"ordinary_fallback:ordinary DXMT Presenter retained this source",0,0,0,0,0,0,0,0,0,0,0,0
source_candidate_cancelled,1,21,0,0,1,22,0,0,261020382593833,0,0,0,0,0,261020465927166,0,0,0,0,0,0,0,0,"uncommitted reservation returned to ordinary Presenter",0,0,0,0,0,0,0,0,0,0,0,0
layer_owner_draining,1,21,0,0,0,0,0,0,0,0,0,0,0,0,0,0,0,0,0,0,0,0,0,"generation stopped; display worker drains accepted real sources before callbacks stop",0,0,0,0,0,0,0,0,0,0,0,0
generation_submissions_drained,1,21,0,0,0,0,0,0,0,0,0,0,0,0,0,0,0,0,0,0,0,0,0,"no synthetic generation submission remains in flight",0,0,0,0,0,0,0,0,0,0,0,0
presentation_feedback_drained,1,21,0,0,0,0,0,0,0,0,0,0,0,0,0,0,0,0,0,0,0,0,0,"all accepted sources are terminal and drawable/GPU callbacks retired",0,0,0,0,0,0,0,0,0,0,0,0
display_callbacks_stopped,1,21,0,0,0,0,0,0,0,0,0,0,0,0,0,0,0,0,0,0,0,0,0,"display-link invalidated after in-flight delegate callbacks returned",0,0,0,0,0,0,0,0,0,0,0,0
worker_drawables_retired,1,21,0,0,0,0,0,0,0,0,0,0,0,0,0,0,0,0,0,0,0,0,0,"no presentation worker tick retains a callback-owned drawable",0,0,0,0,0,0,0,0,0,0,0,0
synthetic_gpu_work_drained,1,21,0,0,0,0,0,0,0,0,0,0,0,0,0,0,0,0,0,0,0,0,0,"all synthetic Framegen GPU completions retired before resource release",0,0,0,0,0,0,0,0,0,0,0,0
epoch_reset,1,22,0,0,0,0,0,0,0,0,0,0,0,0,0,0,0,0,0,0,0,0,0,"22",0,0,0,0,0,0,0,0,0,0,0,0
layer_owner_released,1,22,0,0,0,0,0,0,0,0,0,0,0,0,0,0,0,0,0,0,0,0,0,"callbacks, worker drawables, DXMT presentation, SourceEscrow, and synthetic GPU work retired",0,0,0,0,0,0,0,0,0,0,0,0
layer_owner_claimed,1,22,0,0,0,0,0,0,0,0,0,0,0,0,0,0,0,0,0,0,0,0,0,"exclusive CAMetalLayer claim acquired before display-link attachment",0,0,0,0,0,0,0,0,0,0,0,0
display_link_attached,1,22,0,0,0,0,0,0,0,0,0,0,0,0,0,0,0,0,0,0,0,0,0,"display link attached after ordinary Presenter drained",0,0,0,0,0,0,0,0,0,0,0,0
display_callbacks_enabled,1,22,0,0,0,0,0,0,0,0,0,0,0,0,0,0,0,0,0,0,0,0,0,"display-link callbacks enabled under exclusive layer claim",0,0,0,0,0,0,0,0,0,0,0,0
session_active,1,22,0,0,0,0,0,0,0,0,0,0,0,0,0,0,0,0,0,0,0,0,0,"display resumed in fresh epoch",0,0,0,0,0,0,0,0,0,0,0,0
source_candidate_reserved,1,22,0,0,1,23,0,0,261020416510458,0,0,0,0,0,261020499843791,0,0,0,0,1,0,0,0,"mandatory SourceEscrow allocated; source-only mode",0,0,0,0,0,0,0,0,0,0,23,0
escrow_setup_failed,1,22,0,0,1,23,0,0,261020416510458,0,0,0,0,0,261020499843791,0,0,0,0,0,0,0,0,"injected pre-commit SourceEscrow copy setup failure",0,0,0,0,0,0,0,0,0,0,23,0
source_state_transition,1,22,0,0,1,23,0,0,261020416510458,0,0,0,0,0,261020499843791,0,0,0,0,0,0,0,0,"escrow_preparing->retired:reservation cancelled before transfer",0,0,0,0,0,0,0,0,0,0,0,0
source_terminal,1,22,0,0,1,23,0,0,261020416510458,0,0,0,0,0,261020499843791,0,0,0,0,0,0,0,0,"ordinary_fallback:ordinary DXMT Presenter retained this source",0,0,0,0,0,0,0,0,0,0,0,0
source_candidate_cancelled,1,22,0,0,1,23,0,0,261020416510458,0,0,0,0,0,261020499843791,0,0,0,0,0,0,0,0,"uncommitted reservation returned to ordinary Presenter",0,0,0,0,0,0,0,0,0,0,0,0
layer_owner_draining,1,22,0,0,0,0,0,0,0,0,0,0,0,0,0,0,0,0,0,0,0,0,0,"generation stopped; display worker drains accepted real sources before callbacks stop",0,0,0,0,0,0,0,0,0,0,0,0
generation_submissions_drained,1,22,0,0,0,0,0,0,0,0,0,0,0,0,0,0,0,0,0,0,0,0,0,"no synthetic generation submission remains in flight",0,0,0,0,0,0,0,0,0,0,0,0
presentation_feedback_drained,1,22,0,0,0,0,0,0,0,0,0,0,0,0,0,0,0,0,0,0,0,0,0,"all accepted sources are terminal and drawable/GPU callbacks retired",0,0,0,0,0,0,0,0,0,0,0,0
display_callbacks_stopped,1,22,0,0,0,0,0,0,0,0,0,0,0,0,0,0,0,0,0,0,0,0,0,"display-link invalidated after in-flight delegate callbacks returned",0,0,0,0,0,0,0,0,0,0,0,0
worker_drawables_retired,1,22,0,0,0,0,0,0,0,0,0,0,0,0,0,0,0,0,0,0,0,0,0,"no presentation worker tick retains a callback-owned drawable",0,0,0,0,0,0,0,0,0,0,0,0
synthetic_gpu_work_drained,1,22,0,0,0,0,0,0,0,0,0,0,0,0,0,0,0,0,0,0,0,0,0,"all synthetic Framegen GPU completions retired before resource release",0,0,0,0,0,0,0,0,0,0,0,0
epoch_reset,1,23,0,0,0,0,0,0,0,0,0,0,0,0,0,0,0,0,0,0,0,0,0,"23",0,0,0,0,0,0,0,0,0,0,0,0
layer_owner_released,1,23,0,0,0,0,0,0,0,0,0,0,0,0,0,0,0,0,0,0,0,0,0,"callbacks, worker drawables, DXMT presentation, SourceEscrow, and synthetic GPU work retired",0,0,0,0,0,0,0,0,0,0,0,0
layer_owner_claimed,1,23,0,0,0,0,0,0,0,0,0,0,0,0,0,0,0,0,0,0,0,0,0,"exclusive CAMetalLayer claim acquired before display-link attachment",0,0,0,0,0,0,0,0,0,0,0,0
display_link_attached,1,23,0,0,0,0,0,0,0,0,0,0,0,0,0,0,0,0,0,0,0,0,0,"display link attached after ordinary Presenter drained",0,0,0,0,0,0,0,0,0,0,0,0
display_callbacks_enabled,1,23,0,0,0,0,0,0,0,0,0,0,0,0,0,0,0,0,0,0,0,0,0,"display-link callbacks enabled under exclusive layer claim",0,0,0,0,0,0,0,0,0,0,0,0
session_active,1,23,0,0,0,0,0,0,0,0,0,0,0,0,0,0,0,0,0,0,0,0,0,"display resumed in fresh epoch",0,0,0,0,0,0,0,0,0,0,0,0
source_candidate_reserved,1,23,0,0,1,24,0,0,261020449201125,0,0,0,0,0,261020532534458,0,0,0,0,1,0,0,0,"mandatory SourceEscrow allocated; source-only mode",0,0,0,0,0,0,0,0,0,0,24,0
escrow_setup_failed,1,23,0,0,1,24,0,0,261020449201125,0,0,0,0,0,261020532534458,0,0,0,0,0,0,0,0,"injected pre-commit SourceEscrow copy setup failure",0,0,0,0,0,0,0,0,0,0,24,0
source_state_transition,1,23,0,0,1,24,0,0,261020449201125,0,0,0,0,0,261020532534458,0,0,0,0,0,0,0,0,"escrow_preparing->retired:reservation cancelled before transfer",0,0,0,0,0,0,0,0,0,0,0,0
source_terminal,1,23,0,0,1,24,0,0,261020449201125,0,0,0,0,0,261020532534458,0,0,0,0,0,0,0,0,"ordinary_fallback:ordinary DXMT Presenter retained this source",0,0,0,0,0,0,0,0,0,0,0,0
source_candidate_cancelled,1,23,0,0,1,24,0,0,261020449201125,0,0,0,0,0,261020532534458,0,0,0,0,0,0,0,0,"uncommitted reservation returned to ordinary Presenter",0,0,0,0,0,0,0,0,0,0,0,0
layer_owner_draining,1,23,0,0,0,0,0,0,0,0,0,0,0,0,0,0,0,0,0,0,0,0,0,"generation stopped; display worker drains accepted real sources before callbacks stop",0,0,0,0,0,0,0,0,0,0,0,0
generation_submissions_drained,1,23,0,0,0,0,0,0,0,0,0,0,0,0,0,0,0,0,0,0,0,0,0,"no synthetic generation submission remains in flight",0,0,0,0,0,0,0,0,0,0,0,0
presentation_feedback_drained,1,23,0,0,0,0,0,0,0,0,0,0,0,0,0,0,0,0,0,0,0,0,0,"all accepted sources are terminal and drawable/GPU callbacks retired",0,0,0,0,0,0,0,0,0,0,0,0
display_callbacks_stopped,1,23,0,0,0,0,0,0,0,0,0,0,0,0,0,0,0,0,0,0,0,0,0,"display-link invalidated after in-flight delegate callbacks returned",0,0,0,0,0,0,0,0,0,0,0,0
worker_drawables_retired,1,23,0,0,0,0,0,0,0,0,0,0,0,0,0,0,0,0,0,0,0,0,0,"no presentation worker tick retains a callback-owned drawable",0,0,0,0,0,0,0,0,0,0,0,0
synthetic_gpu_work_drained,1,23,0,0,0,0,0,0,0,0,0,0,0,0,0,0,0,0,0,0,0,0,0,"all synthetic Framegen GPU completions retired before resource release",0,0,0,0,0,0,0,0,0,0,0,0
epoch_reset,1,24,0,0,0,0,0,0,0,0,0,0,0,0,0,0,0,0,0,0,0,0,0,"24",0,0,0,0,0,0,0,0,0,0,0,0
layer_owner_released,1,24,0,0,0,0,0,0,0,0,0,0,0,0,0,0,0,0,0,0,0,0,0,"callbacks, worker drawables, DXMT presentation, SourceEscrow, and synthetic GPU work retired",0,0,0,0,0,0,0,0,0,0,0,0
layer_owner_claimed,1,24,0,0,0,0,0,0,0,0,0,0,0,0,0,0,0,0,0,0,0,0,0,"exclusive CAMetalLayer claim acquired before display-link attachment",0,0,0,0,0,0,0,0,0,0,0,0
display_link_attached,1,24,0,0,0,0,0,0,0,0,0,0,0,0,0,0,0,0,0,0,0,0,0,"display link attached after ordinary Presenter drained",0,0,0,0,0,0,0,0,0,0,0,0
display_callbacks_enabled,1,24,0,0,0,0,0,0,0,0,0,0,0,0,0,0,0,0,0,0,0,0,0,"display-link callbacks enabled under exclusive layer claim",0,0,0,0,0,0,0,0,0,0,0,0
session_active,1,24,0,0,0,0,0,0,0,0,0,0,0,0,0,0,0,0,0,0,0,0,0,"display resumed in fresh epoch",0,0,0,0,0,0,0,0,0,0,0,0
source_candidate_reserved,1,24,0,0,1,25,0,0,261020483134333,0,0,0,0,0,261020566467666,0,0,0,0,1,0,0,0,"mandatory SourceEscrow allocated; source-only mode",0,0,0,0,0,0,0,0,0,0,25,0
escrow_setup_failed,1,24,0,0,1,25,0,0,261020483134333,0,0,0,0,0,261020566467666,0,0,0,0,0,0,0,0,"injected pre-commit SourceEscrow copy setup failure",0,0,0,0,0,0,0,0,0,0,25,0
source_state_transition,1,24,0,0,1,25,0,0,261020483134333,0,0,0,0,0,261020566467666,0,0,0,0,0,0,0,0,"escrow_preparing->retired:reservation cancelled before transfer",0,0,0,0,0,0,0,0,0,0,0,0
source_terminal,1,24,0,0,1,25,0,0,261020483134333,0,0,0,0,0,261020566467666,0,0,0,0,0,0,0,0,"ordinary_fallback:ordinary DXMT Presenter retained this source",0,0,0,0,0,0,0,0,0,0,0,0
source_candidate_cancelled,1,24,0,0,1,25,0,0,261020483134333,0,0,0,0,0,261020566467666,0,0,0,0,0,0,0,0,"uncommitted reservation returned to ordinary Presenter",0,0,0,0,0,0,0,0,0,0,0,0
layer_owner_draining,1,24,0,0,0,0,0,0,0,0,0,0,0,0,0,0,0,0,0,0,0,0,0,"generation stopped; display worker drains accepted real sources before callbacks stop",0,0,0,0,0,0,0,0,0,0,0,0
generation_submissions_drained,1,24,0,0,0,0,0,0,0,0,0,0,0,0,0,0,0,0,0,0,0,0,0,"no synthetic generation submission remains in flight",0,0,0,0,0,0,0,0,0,0,0,0
presentation_feedback_drained,1,24,0,0,0,0,0,0,0,0,0,0,0,0,0,0,0,0,0,0,0,0,0,"all accepted sources are terminal and drawable/GPU callbacks retired",0,0,0,0,0,0,0,0,0,0,0,0
display_callbacks_stopped,1,24,0,0,0,0,0,0,0,0,0,0,0,0,0,0,0,0,0,0,0,0,0,"display-link invalidated after in-flight delegate callbacks returned",0,0,0,0,0,0,0,0,0,0,0,0
worker_drawables_retired,1,24,0,0,0,0,0,0,0,0,0,0,0,0,0,0,0,0,0,0,0,0,0,"no presentation worker tick retains a callback-owned drawable",0,0,0,0,0,0,0,0,0,0,0,0
synthetic_gpu_work_drained,1,24,0,0,0,0,0,0,0,0,0,0,0,0,0,0,0,0,0,0,0,0,0,"all synthetic Framegen GPU completions retired before resource release",0,0,0,0,0,0,0,0,0,0,0,0
epoch_reset,1,25,0,0,0,0,0,0,0,0,0,0,0,0,0,0,0,0,0,0,0,0,0,"25",0,0,0,0,0,0,0,0,0,0,0,0
layer_owner_released,1,25,0,0,0,0,0,0,0,0,0,0,0,0,0,0,0,0,0,0,0,0,0,"callbacks, worker drawables, DXMT presentation, SourceEscrow, and synthetic GPU work retired",0,0,0,0,0,0,0,0,0,0,0,0
layer_owner_claimed,1,25,0,0,0,0,0,0,0,0,0,0,0,0,0,0,0,0,0,0,0,0,0,"exclusive CAMetalLayer claim acquired before display-link attachment",0,0,0,0,0,0,0,0,0,0,0,0
display_link_attached,1,25,0,0,0,0,0,0,0,0,0,0,0,0,0,0,0,0,0,0,0,0,0,"display link attached after ordinary Presenter drained",0,0,0,0,0,0,0,0,0,0,0,0
display_callbacks_enabled,1,25,0,0,0,0,0,0,0,0,0,0,0,0,0,0,0,0,0,0,0,0,0,"display-link callbacks enabled under exclusive layer claim",0,0,0,0,0,0,0,0,0,0,0,0
session_active,1,25,0,0,0,0,0,0,0,0,0,0,0,0,0,0,0,0,0,0,0,0,0,"display resumed in fresh epoch",0,0,0,0,0,0,0,0,0,0,0,0
source_candidate_reserved,1,25,0,0,1,26,0,0,261020515836958,0,0,0,0,0,261020599170291,0,0,0,0,1,0,0,0,"mandatory SourceEscrow allocated; source-only mode",0,0,0,0,0,0,0,0,0,0,26,0
escrow_setup_failed,1,25,0,0,1,26,0,0,261020515836958,0,0,0,0,0,261020599170291,0,0,0,0,0,0,0,0,"injected pre-commit SourceEscrow copy setup failure",0,0,0,0,0,0,0,0,0,0,26,0
source_state_transition,1,25,0,0,1,26,0,0,261020515836958,0,0,0,0,0,261020599170291,0,0,0,0,0,0,0,0,"escrow_preparing->retired:reservation cancelled before transfer",0,0,0,0,0,0,0,0,0,0,0,0
source_terminal,1,25,0,0,1,26,0,0,261020515836958,0,0,0,0,0,261020599170291,0,0,0,0,0,0,0,0,"ordinary_fallback:ordinary DXMT Presenter retained this source",0,0,0,0,0,0,0,0,0,0,0,0
source_candidate_cancelled,1,25,0,0,1,26,0,0,261020515836958,0,0,0,0,0,261020599170291,0,0,0,0,0,0,0,0,"uncommitted reservation returned to ordinary Presenter",0,0,0,0,0,0,0,0,0,0,0,0
layer_owner_draining,1,25,0,0,0,0,0,0,0,0,0,0,0,0,0,0,0,0,0,0,0,0,0,"generation stopped; display worker drains accepted real sources before callbacks stop",0,0,0,0,0,0,0,0,0,0,0,0
generation_submissions_drained,1,25,0,0,0,0,0,0,0,0,0,0,0,0,0,0,0,0,0,0,0,0,0,"no synthetic generation submission remains in flight",0,0,0,0,0,0,0,0,0,0,0,0
presentation_feedback_drained,1,25,0,0,0,0,0,0,0,0,0,0,0,0,0,0,0,0,0,0,0,0,0,"all accepted sources are terminal and drawable/GPU callbacks retired",0,0,0,0,0,0,0,0,0,0,0,0
display_callbacks_stopped,1,25,0,0,0,0,0,0,0,0,0,0,0,0,0,0,0,0,0,0,0,0,0,"display-link invalidated after in-flight delegate callbacks returned",0,0,0,0,0,0,0,0,0,0,0,0
worker_drawables_retired,1,25,0,0,0,0,0,0,0,0,0,0,0,0,0,0,0,0,0,0,0,0,0,"no presentation worker tick retains a callback-owned drawable",0,0,0,0,0,0,0,0,0,0,0,0
synthetic_gpu_work_drained,1,25,0,0,0,0,0,0,0,0,0,0,0,0,0,0,0,0,0,0,0,0,0,"all synthetic Framegen GPU completions retired before resource release",0,0,0,0,0,0,0,0,0,0,0,0
epoch_reset,1,26,0,0,0,0,0,0,0,0,0,0,0,0,0,0,0,0,0,0,0,0,0,"26",0,0,0,0,0,0,0,0,0,0,0,0
layer_owner_released,1,26,0,0,0,0,0,0,0,0,0,0,0,0,0,0,0,0,0,0,0,0,0,"callbacks, worker drawables, DXMT presentation, SourceEscrow, and synthetic GPU work retired",0,0,0,0,0,0,0,0,0,0,0,0
layer_owner_claimed,1,26,0,0,0,0,0,0,0,0,0,0,0,0,0,0,0,0,0,0,0,0,0,"exclusive CAMetalLayer claim acquired before display-link attachment",0,0,0,0,0,0,0,0,0,0,0,0
display_link_attached,1,26,0,0,0,0,0,0,0,0,0,0,0,0,0,0,0,0,0,0,0,0,0,"display link attached after ordinary Presenter drained",0,0,0,0,0,0,0,0,0,0,0,0
display_callbacks_enabled,1,26,0,0,0,0,0,0,0,0,0,0,0,0,0,0,0,0,0,0,0,0,0,"display-link callbacks enabled under exclusive layer claim",0,0,0,0,0,0,0,0,0,0,0,0
session_active,1,26,0,0,0,0,0,0,0,0,0,0,0,0,0,0,0,0,0,0,0,0,0,"display resumed in fresh epoch",0,0,0,0,0,0,0,0,0,0,0,0
source_candidate_reserved,1,26,0,0,1,27,0,0,261020549278833,0,0,0,0,0,261020632612166,0,0,0,0,1,0,0,0,"mandatory SourceEscrow allocated; source-only mode",0,0,0,0,0,0,0,0,0,0,27,0
escrow_setup_failed,1,26,0,0,1,27,0,0,261020549278833,0,0,0,0,0,261020632612166,0,0,0,0,0,0,0,0,"injected pre-commit SourceEscrow copy setup failure",0,0,0,0,0,0,0,0,0,0,27,0
source_state_transition,1,26,0,0,1,27,0,0,261020549278833,0,0,0,0,0,261020632612166,0,0,0,0,0,0,0,0,"escrow_preparing->retired:reservation cancelled before transfer",0,0,0,0,0,0,0,0,0,0,0,0
source_terminal,1,26,0,0,1,27,0,0,261020549278833,0,0,0,0,0,261020632612166,0,0,0,0,0,0,0,0,"ordinary_fallback:ordinary DXMT Presenter retained this source",0,0,0,0,0,0,0,0,0,0,0,0
source_candidate_cancelled,1,26,0,0,1,27,0,0,261020549278833,0,0,0,0,0,261020632612166,0,0,0,0,0,0,0,0,"uncommitted reservation returned to ordinary Presenter",0,0,0,0,0,0,0,0,0,0,0,0
layer_owner_draining,1,26,0,0,0,0,0,0,0,0,0,0,0,0,0,0,0,0,0,0,0,0,0,"generation stopped; display worker drains accepted real sources before callbacks stop",0,0,0,0,0,0,0,0,0,0,0,0
generation_submissions_drained,1,26,0,0,0,0,0,0,0,0,0,0,0,0,0,0,0,0,0,0,0,0,0,"no synthetic generation submission remains in flight",0,0,0,0,0,0,0,0,0,0,0,0
presentation_feedback_drained,1,26,0,0,0,0,0,0,0,0,0,0,0,0,0,0,0,0,0,0,0,0,0,"all accepted sources are terminal and drawable/GPU callbacks retired",0,0,0,0,0,0,0,0,0,0,0,0
display_callbacks_stopped,1,26,0,0,0,0,0,0,0,0,0,0,0,0,0,0,0,0,0,0,0,0,0,"display-link invalidated after in-flight delegate callbacks returned",0,0,0,0,0,0,0,0,0,0,0,0
worker_drawables_retired,1,26,0,0,0,0,0,0,0,0,0,0,0,0,0,0,0,0,0,0,0,0,0,"no presentation worker tick retains a callback-owned drawable",0,0,0,0,0,0,0,0,0,0,0,0
synthetic_gpu_work_drained,1,26,0,0,0,0,0,0,0,0,0,0,0,0,0,0,0,0,0,0,0,0,0,"all synthetic Framegen GPU completions retired before resource release",0,0,0,0,0,0,0,0,0,0,0,0
epoch_reset,1,27,0,0,0,0,0,0,0,0,0,0,0,0,0,0,0,0,0,0,0,0,0,"27",0,0,0,0,0,0,0,0,0,0,0,0
layer_owner_released,1,27,0,0,0,0,0,0,0,0,0,0,0,0,0,0,0,0,0,0,0,0,0,"callbacks, worker drawables, DXMT presentation, SourceEscrow, and synthetic GPU work retired",0,0,0,0,0,0,0,0,0,0,0,0
layer_owner_claimed,1,27,0,0,0,0,0,0,0,0,0,0,0,0,0,0,0,0,0,0,0,0,0,"exclusive CAMetalLayer claim acquired before display-link attachment",0,0,0,0,0,0,0,0,0,0,0,0
display_link_attached,1,27,0,0,0,0,0,0,0,0,0,0,0,0,0,0,0,0,0,0,0,0,0,"display link attached after ordinary Presenter drained",0,0,0,0,0,0,0,0,0,0,0,0
display_callbacks_enabled,1,27,0,0,0,0,0,0,0,0,0,0,0,0,0,0,0,0,0,0,0,0,0,"display-link callbacks enabled under exclusive layer claim",0,0,0,0,0,0,0,0,0,0,0,0
session_active,1,27,0,0,0,0,0,0,0,0,0,0,0,0,0,0,0,0,0,0,0,0,0,"display resumed in fresh epoch",0,0,0,0,0,0,0,0,0,0,0,0
source_candidate_reserved,1,27,0,0,1,28,0,0,261020582926125,0,0,0,0,0,261020666259458,0,0,0,0,1,0,0,0,"mandatory SourceEscrow allocated; source-only mode",0,0,0,0,0,0,0,0,0,0,28,0
escrow_setup_failed,1,27,0,0,1,28,0,0,261020582926125,0,0,0,0,0,261020666259458,0,0,0,0,0,0,0,0,"injected pre-commit SourceEscrow copy setup failure",0,0,0,0,0,0,0,0,0,0,28,0
source_state_transition,1,27,0,0,1,28,0,0,261020582926125,0,0,0,0,0,261020666259458,0,0,0,0,0,0,0,0,"escrow_preparing->retired:reservation cancelled before transfer",0,0,0,0,0,0,0,0,0,0,0,0
source_terminal,1,27,0,0,1,28,0,0,261020582926125,0,0,0,0,0,261020666259458,0,0,0,0,0,0,0,0,"ordinary_fallback:ordinary DXMT Presenter retained this source",0,0,0,0,0,0,0,0,0,0,0,0
source_candidate_cancelled,1,27,0,0,1,28,0,0,261020582926125,0,0,0,0,0,261020666259458,0,0,0,0,0,0,0,0,"uncommitted reservation returned to ordinary Presenter",0,0,0,0,0,0,0,0,0,0,0,0
layer_owner_draining,1,27,0,0,0,0,0,0,0,0,0,0,0,0,0,0,0,0,0,0,0,0,0,"generation stopped; display worker drains accepted real sources before callbacks stop",0,0,0,0,0,0,0,0,0,0,0,0
generation_submissions_drained,1,27,0,0,0,0,0,0,0,0,0,0,0,0,0,0,0,0,0,0,0,0,0,"no synthetic generation submission remains in flight",0,0,0,0,0,0,0,0,0,0,0,0
presentation_feedback_drained,1,27,0,0,0,0,0,0,0,0,0,0,0,0,0,0,0,0,0,0,0,0,0,"all accepted sources are terminal and drawable/GPU callbacks retired",0,0,0,0,0,0,0,0,0,0,0,0
display_callbacks_stopped,1,27,0,0,0,0,0,0,0,0,0,0,0,0,0,0,0,0,0,0,0,0,0,"display-link invalidated after in-flight delegate callbacks returned",0,0,0,0,0,0,0,0,0,0,0,0
worker_drawables_retired,1,27,0,0,0,0,0,0,0,0,0,0,0,0,0,0,0,0,0,0,0,0,0,"no presentation worker tick retains a callback-owned drawable",0,0,0,0,0,0,0,0,0,0,0,0
synthetic_gpu_work_drained,1,27,0,0,0,0,0,0,0,0,0,0,0,0,0,0,0,0,0,0,0,0,0,"all synthetic Framegen GPU completions retired before resource release",0,0,0,0,0,0,0,0,0,0,0,0
epoch_reset,1,28,0,0,0,0,0,0,0,0,0,0,0,0,0,0,0,0,0,0,0,0,0,"28",0,0,0,0,0,0,0,0,0,0,0,0
layer_owner_released,1,28,0,0,0,0,0,0,0,0,0,0,0,0,0,0,0,0,0,0,0,0,0,"callbacks, worker drawables, DXMT presentation, SourceEscrow, and synthetic GPU work retired",0,0,0,0,0,0,0,0,0,0,0,0
layer_owner_claimed,1,28,0,0,0,0,0,0,0,0,0,0,0,0,0,0,0,0,0,0,0,0,0,"exclusive CAMetalLayer claim acquired before display-link attachment",0,0,0,0,0,0,0,0,0,0,0,0
display_link_attached,1,28,0,0,0,0,0,0,0,0,0,0,0,0,0,0,0,0,0,0,0,0,0,"display link attached after ordinary Presenter drained",0,0,0,0,0,0,0,0,0,0,0,0
display_callbacks_enabled,1,28,0,0,0,0,0,0,0,0,0,0,0,0,0,0,0,0,0,0,0,0,0,"display-link callbacks enabled under exclusive layer claim",0,0,0,0,0,0,0,0,0,0,0,0
session_active,1,28,0,0,0,0,0,0,0,0,0,0,0,0,0,0,0,0,0,0,0,0,0,"display resumed in fresh epoch",0,0,0,0,0,0,0,0,0,0,0,0
source_candidate_reserved,1,28,0,0,1,29,0,0,261020615569375,0,0,0,0,0,261020698902708,0,0,0,0,1,0,0,0,"mandatory SourceEscrow allocated; source-only mode",0,0,0,0,0,0,0,0,0,0,29,0
escrow_setup_failed,1,28,0,0,1,29,0,0,261020615569375,0,0,0,0,0,261020698902708,0,0,0,0,0,0,0,0,"injected pre-commit SourceEscrow copy setup failure",0,0,0,0,0,0,0,0,0,0,29,0
source_state_transition,1,28,0,0,1,29,0,0,261020615569375,0,0,0,0,0,261020698902708,0,0,0,0,0,0,0,0,"escrow_preparing->retired:reservation cancelled before transfer",0,0,0,0,0,0,0,0,0,0,0,0
source_terminal,1,28,0,0,1,29,0,0,261020615569375,0,0,0,0,0,261020698902708,0,0,0,0,0,0,0,0,"ordinary_fallback:ordinary DXMT Presenter retained this source",0,0,0,0,0,0,0,0,0,0,0,0
source_candidate_cancelled,1,28,0,0,1,29,0,0,261020615569375,0,0,0,0,0,261020698902708,0,0,0,0,0,0,0,0,"uncommitted reservation returned to ordinary Presenter",0,0,0,0,0,0,0,0,0,0,0,0
layer_owner_draining,1,28,0,0,0,0,0,0,0,0,0,0,0,0,0,0,0,0,0,0,0,0,0,"generation stopped; display worker drains accepted real sources before callbacks stop",0,0,0,0,0,0,0,0,0,0,0,0
generation_submissions_drained,1,28,0,0,0,0,0,0,0,0,0,0,0,0,0,0,0,0,0,0,0,0,0,"no synthetic generation submission remains in flight",0,0,0,0,0,0,0,0,0,0,0,0
presentation_feedback_drained,1,28,0,0,0,0,0,0,0,0,0,0,0,0,0,0,0,0,0,0,0,0,0,"all accepted sources are terminal and drawable/GPU callbacks retired",0,0,0,0,0,0,0,0,0,0,0,0
display_callbacks_stopped,1,28,0,0,0,0,0,0,0,0,0,0,0,0,0,0,0,0,0,0,0,0,0,"display-link invalidated after in-flight delegate callbacks returned",0,0,0,0,0,0,0,0,0,0,0,0
worker_drawables_retired,1,28,0,0,0,0,0,0,0,0,0,0,0,0,0,0,0,0,0,0,0,0,0,"no presentation worker tick retains a callback-owned drawable",0,0,0,0,0,0,0,0,0,0,0,0
synthetic_gpu_work_drained,1,28,0,0,0,0,0,0,0,0,0,0,0,0,0,0,0,0,0,0,0,0,0,"all synthetic Framegen GPU completions retired before resource release",0,0,0,0,0,0,0,0,0,0,0,0
epoch_reset,1,29,0,0,0,0,0,0,0,0,0,0,0,0,0,0,0,0,0,0,0,0,0,"29",0,0,0,0,0,0,0,0,0,0,0,0
layer_owner_released,1,29,0,0,0,0,0,0,0,0,0,0,0,0,0,0,0,0,0,0,0,0,0,"callbacks, worker drawables, DXMT presentation, SourceEscrow, and synthetic GPU work retired",0,0,0,0,0,0,0,0,0,0,0,0
layer_owner_claimed,1,29,0,0,0,0,0,0,0,0,0,0,0,0,0,0,0,0,0,0,0,0,0,"exclusive CAMetalLayer claim acquired before display-link attachment",0,0,0,0,0,0,0,0,0,0,0,0
display_link_attached,1,29,0,0,0,0,0,0,0,0,0,0,0,0,0,0,0,0,0,0,0,0,0,"display link attached after ordinary Presenter drained",0,0,0,0,0,0,0,0,0,0,0,0
display_callbacks_enabled,1,29,0,0,0,0,0,0,0,0,0,0,0,0,0,0,0,0,0,0,0,0,0,"display-link callbacks enabled under exclusive layer claim",0,0,0,0,0,0,0,0,0,0,0,0
session_active,1,29,0,0,0,0,0,0,0,0,0,0,0,0,0,0,0,0,0,0,0,0,0,"display resumed in fresh epoch",0,0,0,0,0,0,0,0,0,0,0,0
source_candidate_reserved,1,29,0,0,1,30,0,0,261020648849125,0,0,0,0,0,261020732182458,0,0,0,0,1,0,0,0,"mandatory SourceEscrow allocated; source-only mode",0,0,0,0,0,0,0,0,0,0,30,0
escrow_setup_failed,1,29,0,0,1,30,0,0,261020648849125,0,0,0,0,0,261020732182458,0,0,0,0,0,0,0,0,"injected pre-commit SourceEscrow copy setup failure",0,0,0,0,0,0,0,0,0,0,30,0
source_state_transition,1,29,0,0,1,30,0,0,261020648849125,0,0,0,0,0,261020732182458,0,0,0,0,0,0,0,0,"escrow_preparing->retired:reservation cancelled before transfer",0,0,0,0,0,0,0,0,0,0,0,0
source_terminal,1,29,0,0,1,30,0,0,261020648849125,0,0,0,0,0,261020732182458,0,0,0,0,0,0,0,0,"ordinary_fallback:ordinary DXMT Presenter retained this source",0,0,0,0,0,0,0,0,0,0,0,0
source_candidate_cancelled,1,29,0,0,1,30,0,0,261020648849125,0,0,0,0,0,261020732182458,0,0,0,0,0,0,0,0,"uncommitted reservation returned to ordinary Presenter",0,0,0,0,0,0,0,0,0,0,0,0
layer_owner_draining,1,29,0,0,0,0,0,0,0,0,0,0,0,0,0,0,0,0,0,0,0,0,0,"generation stopped; display worker drains accepted real sources before callbacks stop",0,0,0,0,0,0,0,0,0,0,0,0
generation_submissions_drained,1,29,0,0,0,0,0,0,0,0,0,0,0,0,0,0,0,0,0,0,0,0,0,"no synthetic generation submission remains in flight",0,0,0,0,0,0,0,0,0,0,0,0
presentation_feedback_drained,1,29,0,0,0,0,0,0,0,0,0,0,0,0,0,0,0,0,0,0,0,0,0,"all accepted sources are terminal and drawable/GPU callbacks retired",0,0,0,0,0,0,0,0,0,0,0,0
display_callbacks_stopped,1,29,0,0,0,0,0,0,0,0,0,0,0,0,0,0,0,0,0,0,0,0,0,"display-link invalidated after in-flight delegate callbacks returned",0,0,0,0,0,0,0,0,0,0,0,0
worker_drawables_retired,1,29,0,0,0,0,0,0,0,0,0,0,0,0,0,0,0,0,0,0,0,0,0,"no presentation worker tick retains a callback-owned drawable",0,0,0,0,0,0,0,0,0,0,0,0
synthetic_gpu_work_drained,1,29,0,0,0,0,0,0,0,0,0,0,0,0,0,0,0,0,0,0,0,0,0,"all synthetic Framegen GPU completions retired before resource release",0,0,0,0,0,0,0,0,0,0,0,0
epoch_reset,1,30,0,0,0,0,0,0,0,0,0,0,0,0,0,0,0,0,0,0,0,0,0,"30",0,0,0,0,0,0,0,0,0,0,0,0
layer_owner_released,1,30,0,0,0,0,0,0,0,0,0,0,0,0,0,0,0,0,0,0,0,0,0,"callbacks, worker drawables, DXMT presentation, SourceEscrow, and synthetic GPU work retired",0,0,0,0,0,0,0,0,0,0,0,0
layer_owner_claimed,1,30,0,0,0,0,0,0,0,0,0,0,0,0,0,0,0,0,0,0,0,0,0,"exclusive CAMetalLayer claim acquired before display-link attachment",0,0,0,0,0,0,0,0,0,0,0,0
display_link_attached,1,30,0,0,0,0,0,0,0,0,0,0,0,0,0,0,0,0,0,0,0,0,0,"display link attached after ordinary Presenter drained",0,0,0,0,0,0,0,0,0,0,0,0
display_callbacks_enabled,1,30,0,0,0,0,0,0,0,0,0,0,0,0,0,0,0,0,0,0,0,0,0,"display-link callbacks enabled under exclusive layer claim",0,0,0,0,0,0,0,0,0,0,0,0
session_active,1,30,0,0,0,0,0,0,0,0,0,0,0,0,0,0,0,0,0,0,0,0,0,"display resumed in fresh epoch",0,0,0,0,0,0,0,0,0,0,0,0
source_candidate_reserved,1,30,0,0,1,31,0,0,261020682415791,0,0,0,0,0,261020765749124,0,0,0,0,1,0,0,0,"mandatory SourceEscrow allocated; source-only mode",0,0,0,0,0,0,0,0,0,0,31,0
escrow_setup_failed,1,30,0,0,1,31,0,0,261020682415791,0,0,0,0,0,261020765749124,0,0,0,0,0,0,0,0,"injected pre-commit SourceEscrow copy setup failure",0,0,0,0,0,0,0,0,0,0,31,0
source_state_transition,1,30,0,0,1,31,0,0,261020682415791,0,0,0,0,0,261020765749124,0,0,0,0,0,0,0,0,"escrow_preparing->retired:reservation cancelled before transfer",0,0,0,0,0,0,0,0,0,0,0,0
source_terminal,1,30,0,0,1,31,0,0,261020682415791,0,0,0,0,0,261020765749124,0,0,0,0,0,0,0,0,"ordinary_fallback:ordinary DXMT Presenter retained this source",0,0,0,0,0,0,0,0,0,0,0,0
source_candidate_cancelled,1,30,0,0,1,31,0,0,261020682415791,0,0,0,0,0,261020765749124,0,0,0,0,0,0,0,0,"uncommitted reservation returned to ordinary Presenter",0,0,0,0,0,0,0,0,0,0,0,0
layer_owner_draining,1,30,0,0,0,0,0,0,0,0,0,0,0,0,0,0,0,0,0,0,0,0,0,"generation stopped; display worker drains accepted real sources before callbacks stop",0,0,0,0,0,0,0,0,0,0,0,0
generation_submissions_drained,1,30,0,0,0,0,0,0,0,0,0,0,0,0,0,0,0,0,0,0,0,0,0,"no synthetic generation submission remains in flight",0,0,0,0,0,0,0,0,0,0,0,0
presentation_feedback_drained,1,30,0,0,0,0,0,0,0,0,0,0,0,0,0,0,0,0,0,0,0,0,0,"all accepted sources are terminal and drawable/GPU callbacks retired",0,0,0,0,0,0,0,0,0,0,0,0
display_callbacks_stopped,1,30,0,0,0,0,0,0,0,0,0,0,0,0,0,0,0,0,0,0,0,0,0,"display-link invalidated after in-flight delegate callbacks returned",0,0,0,0,0,0,0,0,0,0,0,0
worker_drawables_retired,1,30,0,0,0,0,0,0,0,0,0,0,0,0,0,0,0,0,0,0,0,0,0,"no presentation worker tick retains a callback-owned drawable",0,0,0,0,0,0,0,0,0,0,0,0
synthetic_gpu_work_drained,1,30,0,0,0,0,0,0,0,0,0,0,0,0,0,0,0,0,0,0,0,0,0,"all synthetic Framegen GPU completions retired before resource release",0,0,0,0,0,0,0,0,0,0,0,0
epoch_reset,1,31,0,0,0,0,0,0,0,0,0,0,0,0,0,0,0,0,0,0,0,0,0,"31",0,0,0,0,0,0,0,0,0,0,0,0
layer_owner_released,1,31,0,0,0,0,0,0,0,0,0,0,0,0,0,0,0,0,0,0,0,0,0,"callbacks, worker drawables, DXMT presentation, SourceEscrow, and synthetic GPU work retired",0,0,0,0,0,0,0,0,0,0,0,0
layer_owner_claimed,1,31,0,0,0,0,0,0,0,0,0,0,0,0,0,0,0,0,0,0,0,0,0,"exclusive CAMetalLayer claim acquired before display-link attachment",0,0,0,0,0,0,0,0,0,0,0,0
display_link_attached,1,31,0,0,0,0,0,0,0,0,0,0,0,0,0,0,0,0,0,0,0,0,0,"display link attached after ordinary Presenter drained",0,0,0,0,0,0,0,0,0,0,0,0
display_callbacks_enabled,1,31,0,0,0,0,0,0,0,0,0,0,0,0,0,0,0,0,0,0,0,0,0,"display-link callbacks enabled under exclusive layer claim",0,0,0,0,0,0,0,0,0,0,0,0
session_active,1,31,0,0,0,0,0,0,0,0,0,0,0,0,0,0,0,0,0,0,0,0,0,"display resumed in fresh epoch",0,0,0,0,0,0,0,0,0,0,0,0
source_candidate_reserved,1,31,0,0,1,32,0,0,261020714577666,0,0,0,0,0,261020797910999,0,0,0,0,1,0,0,0,"mandatory SourceEscrow allocated; source-only mode",0,0,0,0,0,0,0,0,0,0,32,0
escrow_setup_failed,1,31,0,0,1,32,0,0,261020714577666,0,0,0,0,0,261020797910999,0,0,0,0,0,0,0,0,"injected pre-commit SourceEscrow copy setup failure",0,0,0,0,0,0,0,0,0,0,32,0
source_state_transition,1,31,0,0,1,32,0,0,261020714577666,0,0,0,0,0,261020797910999,0,0,0,0,0,0,0,0,"escrow_preparing->retired:reservation cancelled before transfer",0,0,0,0,0,0,0,0,0,0,0,0
source_terminal,1,31,0,0,1,32,0,0,261020714577666,0,0,0,0,0,261020797910999,0,0,0,0,0,0,0,0,"ordinary_fallback:ordinary DXMT Presenter retained this source",0,0,0,0,0,0,0,0,0,0,0,0
source_candidate_cancelled,1,31,0,0,1,32,0,0,261020714577666,0,0,0,0,0,261020797910999,0,0,0,0,0,0,0,0,"uncommitted reservation returned to ordinary Presenter",0,0,0,0,0,0,0,0,0,0,0,0
layer_owner_draining,1,31,0,0,0,0,0,0,0,0,0,0,0,0,0,0,0,0,0,0,0,0,0,"generation stopped; display worker drains accepted real sources before callbacks stop",0,0,0,0,0,0,0,0,0,0,0,0
generation_submissions_drained,1,31,0,0,0,0,0,0,0,0,0,0,0,0,0,0,0,0,0,0,0,0,0,"no synthetic generation submission remains in flight",0,0,0,0,0,0,0,0,0,0,0,0
presentation_feedback_drained,1,31,0,0,0,0,0,0,0,0,0,0,0,0,0,0,0,0,0,0,0,0,0,"all accepted sources are terminal and drawable/GPU callbacks retired",0,0,0,0,0,0,0,0,0,0,0,0
display_callbacks_stopped,1,31,0,0,0,0,0,0,0,0,0,0,0,0,0,0,0,0,0,0,0,0,0,"display-link invalidated after in-flight delegate callbacks returned",0,0,0,0,0,0,0,0,0,0,0,0
worker_drawables_retired,1,31,0,0,0,0,0,0,0,0,0,0,0,0,0,0,0,0,0,0,0,0,0,"no presentation worker tick retains a callback-owned drawable",0,0,0,0,0,0,0,0,0,0,0,0
synthetic_gpu_work_drained,1,31,0,0,0,0,0,0,0,0,0,0,0,0,0,0,0,0,0,0,0,0,0,"all synthetic Framegen GPU completions retired before resource release",0,0,0,0,0,0,0,0,0,0,0,0
epoch_reset,1,32,0,0,0,0,0,0,0,0,0,0,0,0,0,0,0,0,0,0,0,0,0,"32",0,0,0,0,0,0,0,0,0,0,0,0
layer_owner_released,1,32,0,0,0,0,0,0,0,0,0,0,0,0,0,0,0,0,0,0,0,0,0,"callbacks, worker drawables, DXMT presentation, SourceEscrow, and synthetic GPU work retired",0,0,0,0,0,0,0,0,0,0,0,0
layer_owner_claimed,1,32,0,0,0,0,0,0,0,0,0,0,0,0,0,0,0,0,0,0,0,0,0,"exclusive CAMetalLayer claim acquired before display-link attachment",0,0,0,0,0,0,0,0,0,0,0,0
display_link_attached,1,32,0,0,0,0,0,0,0,0,0,0,0,0,0,0,0,0,0,0,0,0,0,"display link attached after ordinary Presenter drained",0,0,0,0,0,0,0,0,0,0,0,0
display_callbacks_enabled,1,32,0,0,0,0,0,0,0,0,0,0,0,0,0,0,0,0,0,0,0,0,0,"display-link callbacks enabled under exclusive layer claim",0,0,0,0,0,0,0,0,0,0,0,0
session_active,1,32,0,0,0,0,0,0,0,0,0,0,0,0,0,0,0,0,0,0,0,0,0,"display resumed in fresh epoch",0,0,0,0,0,0,0,0,0,0,0,0
source_candidate_reserved,1,32,0,0,1,33,0,0,261020749175000,0,0,0,0,0,261020832508333,0,0,0,0,1,0,0,0,"mandatory SourceEscrow allocated; source-only mode",0,0,0,0,0,0,0,0,0,0,33,0
escrow_setup_failed,1,32,0,0,1,33,0,0,261020749175000,0,0,0,0,0,261020832508333,0,0,0,0,0,0,0,0,"injected pre-commit SourceEscrow copy setup failure",0,0,0,0,0,0,0,0,0,0,33,0
source_state_transition,1,32,0,0,1,33,0,0,261020749175000,0,0,0,0,0,261020832508333,0,0,0,0,0,0,0,0,"escrow_preparing->retired:reservation cancelled before transfer",0,0,0,0,0,0,0,0,0,0,0,0
source_terminal,1,32,0,0,1,33,0,0,261020749175000,0,0,0,0,0,261020832508333,0,0,0,0,0,0,0,0,"ordinary_fallback:ordinary DXMT Presenter retained this source",0,0,0,0,0,0,0,0,0,0,0,0
source_candidate_cancelled,1,32,0,0,1,33,0,0,261020749175000,0,0,0,0,0,261020832508333,0,0,0,0,0,0,0,0,"uncommitted reservation returned to ordinary Presenter",0,0,0,0,0,0,0,0,0,0,0,0
layer_owner_draining,1,32,0,0,0,0,0,0,0,0,0,0,0,0,0,0,0,0,0,0,0,0,0,"generation stopped; display worker drains accepted real sources before callbacks stop",0,0,0,0,0,0,0,0,0,0,0,0
generation_submissions_drained,1,32,0,0,0,0,0,0,0,0,0,0,0,0,0,0,0,0,0,0,0,0,0,"no synthetic generation submission remains in flight",0,0,0,0,0,0,0,0,0,0,0,0
presentation_feedback_drained,1,32,0,0,0,0,0,0,0,0,0,0,0,0,0,0,0,0,0,0,0,0,0,"all accepted sources are terminal and drawable/GPU callbacks retired",0,0,0,0,0,0,0,0,0,0,0,0
display_callbacks_stopped,1,32,0,0,0,0,0,0,0,0,0,0,0,0,0,0,0,0,0,0,0,0,0,"display-link invalidated after in-flight delegate callbacks returned",0,0,0,0,0,0,0,0,0,0,0,0
worker_drawables_retired,1,32,0,0,0,0,0,0,0,0,0,0,0,0,0,0,0,0,0,0,0,0,0,"no presentation worker tick retains a callback-owned drawable",0,0,0,0,0,0,0,0,0,0,0,0
synthetic_gpu_work_drained,1,32,0,0,0,0,0,0,0,0,0,0,0,0,0,0,0,0,0,0,0,0,0,"all synthetic Framegen GPU completions retired before resource release",0,0,0,0,0,0,0,0,0,0,0,0
epoch_reset,1,33,0,0,0,0,0,0,0,0,0,0,0,0,0,0,0,0,0,0,0,0,0,"33",0,0,0,0,0,0,0,0,0,0,0,0
layer_owner_released,1,33,0,0,0,0,0,0,0,0,0,0,0,0,0,0,0,0,0,0,0,0,0,"callbacks, worker drawables, DXMT presentation, SourceEscrow, and synthetic GPU work retired",0,0,0,0,0,0,0,0,0,0,0,0
layer_owner_claimed,1,33,0,0,0,0,0,0,0,0,0,0,0,0,0,0,0,0,0,0,0,0,0,"exclusive CAMetalLayer claim acquired before display-link attachment",0,0,0,0,0,0,0,0,0,0,0,0
display_link_attached,1,33,0,0,0,0,0,0,0,0,0,0,0,0,0,0,0,0,0,0,0,0,0,"display link attached after ordinary Presenter drained",0,0,0,0,0,0,0,0,0,0,0,0
display_callbacks_enabled,1,33,0,0,0,0,0,0,0,0,0,0,0,0,0,0,0,0,0,0,0,0,0,"display-link callbacks enabled under exclusive layer claim",0,0,0,0,0,0,0,0,0,0,0,0
session_active,1,33,0,0,0,0,0,0,0,0,0,0,0,0,0,0,0,0,0,0,0,0,0,"display resumed in fresh epoch",0,0,0,0,0,0,0,0,0,0,0,0
source_candidate_reserved,1,33,0,0,1,34,0,0,261020781842875,0,0,0,0,0,261020865176208,0,0,0,0,1,0,0,0,"mandatory SourceEscrow allocated; source-only mode",0,0,0,0,0,0,0,0,0,0,34,0
escrow_setup_failed,1,33,0,0,1,34,0,0,261020781842875,0,0,0,0,0,261020865176208,0,0,0,0,0,0,0,0,"injected pre-commit SourceEscrow copy setup failure",0,0,0,0,0,0,0,0,0,0,34,0
source_state_transition,1,33,0,0,1,34,0,0,261020781842875,0,0,0,0,0,261020865176208,0,0,0,0,0,0,0,0,"escrow_preparing->retired:reservation cancelled before transfer",0,0,0,0,0,0,0,0,0,0,0,0
source_terminal,1,33,0,0,1,34,0,0,261020781842875,0,0,0,0,0,261020865176208,0,0,0,0,0,0,0,0,"ordinary_fallback:ordinary DXMT Presenter retained this source",0,0,0,0,0,0,0,0,0,0,0,0
source_candidate_cancelled,1,33,0,0,1,34,0,0,261020781842875,0,0,0,0,0,261020865176208,0,0,0,0,0,0,0,0,"uncommitted reservation returned to ordinary Presenter",0,0,0,0,0,0,0,0,0,0,0,0
layer_owner_draining,1,33,0,0,0,0,0,0,0,0,0,0,0,0,0,0,0,0,0,0,0,0,0,"generation stopped; display worker drains accepted real sources before callbacks stop",0,0,0,0,0,0,0,0,0,0,0,0
generation_submissions_drained,1,33,0,0,0,0,0,0,0,0,0,0,0,0,0,0,0,0,0,0,0,0,0,"no synthetic generation submission remains in flight",0,0,0,0,0,0,0,0,0,0,0,0
presentation_feedback_drained,1,33,0,0,0,0,0,0,0,0,0,0,0,0,0,0,0,0,0,0,0,0,0,"all accepted sources are terminal and drawable/GPU callbacks retired",0,0,0,0,0,0,0,0,0,0,0,0
display_callbacks_stopped,1,33,0,0,0,0,0,0,0,0,0,0,0,0,0,0,0,0,0,0,0,0,0,"display-link invalidated after in-flight delegate callbacks returned",0,0,0,0,0,0,0,0,0,0,0,0
worker_drawables_retired,1,33,0,0,0,0,0,0,0,0,0,0,0,0,0,0,0,0,0,0,0,0,0,"no presentation worker tick retains a callback-owned drawable",0,0,0,0,0,0,0,0,0,0,0,0
synthetic_gpu_work_drained,1,33,0,0,0,0,0,0,0,0,0,0,0,0,0,0,0,0,0,0,0,0,0,"all synthetic Framegen GPU completions retired before resource release",0,0,0,0,0,0,0,0,0,0,0,0
epoch_reset,1,34,0,0,0,0,0,0,0,0,0,0,0,0,0,0,0,0,0,0,0,0,0,"34",0,0,0,0,0,0,0,0,0,0,0,0
layer_owner_released,1,34,0,0,0,0,0,0,0,0,0,0,0,0,0,0,0,0,0,0,0,0,0,"callbacks, worker drawables, DXMT presentation, SourceEscrow, and synthetic GPU work retired",0,0,0,0,0,0,0,0,0,0,0,0
layer_owner_claimed,1,34,0,0,0,0,0,0,0,0,0,0,0,0,0,0,0,0,0,0,0,0,0,"exclusive CAMetalLayer claim acquired before display-link attachment",0,0,0,0,0,0,0,0,0,0,0,0
display_link_attached,1,34,0,0,0,0,0,0,0,0,0,0,0,0,0,0,0,0,0,0,0,0,0,"display link attached after ordinary Presenter drained",0,0,0,0,0,0,0,0,0,0,0,0
display_callbacks_enabled,1,34,0,0,0,0,0,0,0,0,0,0,0,0,0,0,0,0,0,0,0,0,0,"display-link callbacks enabled under exclusive layer claim",0,0,0,0,0,0,0,0,0,0,0,0
session_active,1,34,0,0,0,0,0,0,0,0,0,0,0,0,0,0,0,0,0,0,0,0,0,"display resumed in fresh epoch",0,0,0,0,0,0,0,0,0,0,0,0
source_candidate_reserved,1,34,0,0,1,35,0,0,261020814127041,0,0,0,0,0,261020897460374,0,0,0,0,1,0,0,0,"mandatory SourceEscrow allocated; source-only mode",0,0,0,0,0,0,0,0,0,0,35,0
escrow_setup_failed,1,34,0,0,1,35,0,0,261020814127041,0,0,0,0,0,261020897460374,0,0,0,0,0,0,0,0,"injected pre-commit SourceEscrow copy setup failure",0,0,0,0,0,0,0,0,0,0,35,0
source_state_transition,1,34,0,0,1,35,0,0,261020814127041,0,0,0,0,0,261020897460374,0,0,0,0,0,0,0,0,"escrow_preparing->retired:reservation cancelled before transfer",0,0,0,0,0,0,0,0,0,0,0,0
source_terminal,1,34,0,0,1,35,0,0,261020814127041,0,0,0,0,0,261020897460374,0,0,0,0,0,0,0,0,"ordinary_fallback:ordinary DXMT Presenter retained this source",0,0,0,0,0,0,0,0,0,0,0,0
source_candidate_cancelled,1,34,0,0,1,35,0,0,261020814127041,0,0,0,0,0,261020897460374,0,0,0,0,0,0,0,0,"uncommitted reservation returned to ordinary Presenter",0,0,0,0,0,0,0,0,0,0,0,0
layer_owner_draining,1,34,0,0,0,0,0,0,0,0,0,0,0,0,0,0,0,0,0,0,0,0,0,"generation stopped; display worker drains accepted real sources before callbacks stop",0,0,0,0,0,0,0,0,0,0,0,0
generation_submissions_drained,1,34,0,0,0,0,0,0,0,0,0,0,0,0,0,0,0,0,0,0,0,0,0,"no synthetic generation submission remains in flight",0,0,0,0,0,0,0,0,0,0,0,0
presentation_feedback_drained,1,34,0,0,0,0,0,0,0,0,0,0,0,0,0,0,0,0,0,0,0,0,0,"all accepted sources are terminal and drawable/GPU callbacks retired",0,0,0,0,0,0,0,0,0,0,0,0
display_callbacks_stopped,1,34,0,0,0,0,0,0,0,0,0,0,0,0,0,0,0,0,0,0,0,0,0,"display-link invalidated after in-flight delegate callbacks returned",0,0,0,0,0,0,0,0,0,0,0,0
worker_drawables_retired,1,34,0,0,0,0,0,0,0,0,0,0,0,0,0,0,0,0,0,0,0,0,0,"no presentation worker tick retains a callback-owned drawable",0,0,0,0,0,0,0,0,0,0,0,0
synthetic_gpu_work_drained,1,34,0,0,0,0,0,0,0,0,0,0,0,0,0,0,0,0,0,0,0,0,0,"all synthetic Framegen GPU completions retired before resource release",0,0,0,0,0,0,0,0,0,0,0,0
epoch_reset,1,35,0,0,0,0,0,0,0,0,0,0,0,0,0,0,0,0,0,0,0,0,0,"35",0,0,0,0,0,0,0,0,0,0,0,0
layer_owner_released,1,35,0,0,0,0,0,0,0,0,0,0,0,0,0,0,0,0,0,0,0,0,0,"callbacks, worker drawables, DXMT presentation, SourceEscrow, and synthetic GPU work retired",0,0,0,0,0,0,0,0,0,0,0,0
layer_owner_claimed,1,35,0,0,0,0,0,0,0,0,0,0,0,0,0,0,0,0,0,0,0,0,0,"exclusive CAMetalLayer claim acquired before display-link attachment",0,0,0,0,0,0,0,0,0,0,0,0
display_link_attached,1,35,0,0,0,0,0,0,0,0,0,0,0,0,0,0,0,0,0,0,0,0,0,"display link attached after ordinary Presenter drained",0,0,0,0,0,0,0,0,0,0,0,0
display_callbacks_enabled,1,35,0,0,0,0,0,0,0,0,0,0,0,0,0,0,0,0,0,0,0,0,0,"display-link callbacks enabled under exclusive layer claim",0,0,0,0,0,0,0,0,0,0,0,0
session_active,1,35,0,0,0,0,0,0,0,0,0,0,0,0,0,0,0,0,0,0,0,0,0,"display resumed in fresh epoch",0,0,0,0,0,0,0,0,0,0,0,0
source_candidate_reserved,1,35,0,0,1,36,0,0,261020847901541,0,0,0,0,0,261020931234874,0,0,0,0,1,0,0,0,"mandatory SourceEscrow allocated; source-only mode",0,0,0,0,0,0,0,0,0,0,36,0
escrow_setup_failed,1,35,0,0,1,36,0,0,261020847901541,0,0,0,0,0,261020931234874,0,0,0,0,0,0,0,0,"injected pre-commit SourceEscrow copy setup failure",0,0,0,0,0,0,0,0,0,0,36,0
source_state_transition,1,35,0,0,1,36,0,0,261020847901541,0,0,0,0,0,261020931234874,0,0,0,0,0,0,0,0,"escrow_preparing->retired:reservation cancelled before transfer",0,0,0,0,0,0,0,0,0,0,0,0
source_terminal,1,35,0,0,1,36,0,0,261020847901541,0,0,0,0,0,261020931234874,0,0,0,0,0,0,0,0,"ordinary_fallback:ordinary DXMT Presenter retained this source",0,0,0,0,0,0,0,0,0,0,0,0
source_candidate_cancelled,1,35,0,0,1,36,0,0,261020847901541,0,0,0,0,0,261020931234874,0,0,0,0,0,0,0,0,"uncommitted reservation returned to ordinary Presenter",0,0,0,0,0,0,0,0,0,0,0,0
layer_owner_draining,1,35,0,0,0,0,0,0,0,0,0,0,0,0,0,0,0,0,0,0,0,0,0,"generation stopped; display worker drains accepted real sources before callbacks stop",0,0,0,0,0,0,0,0,0,0,0,0
generation_submissions_drained,1,35,0,0,0,0,0,0,0,0,0,0,0,0,0,0,0,0,0,0,0,0,0,"no synthetic generation submission remains in flight",0,0,0,0,0,0,0,0,0,0,0,0
presentation_feedback_drained,1,35,0,0,0,0,0,0,0,0,0,0,0,0,0,0,0,0,0,0,0,0,0,"all accepted sources are terminal and drawable/GPU callbacks retired",0,0,0,0,0,0,0,0,0,0,0,0
display_callbacks_stopped,1,35,0,0,0,0,0,0,0,0,0,0,0,0,0,0,0,0,0,0,0,0,0,"display-link invalidated after in-flight delegate callbacks returned",0,0,0,0,0,0,0,0,0,0,0,0
worker_drawables_retired,1,35,0,0,0,0,0,0,0,0,0,0,0,0,0,0,0,0,0,0,0,0,0,"no presentation worker tick retains a callback-owned drawable",0,0,0,0,0,0,0,0,0,0,0,0
synthetic_gpu_work_drained,1,35,0,0,0,0,0,0,0,0,0,0,0,0,0,0,0,0,0,0,0,0,0,"all synthetic Framegen GPU completions retired before resource release",0,0,0,0,0,0,0,0,0,0,0,0
epoch_reset,1,36,0,0,0,0,0,0,0,0,0,0,0,0,0,0,0,0,0,0,0,0,0,"36",0,0,0,0,0,0,0,0,0,0,0,0
layer_owner_released,1,36,0,0,0,0,0,0,0,0,0,0,0,0,0,0,0,0,0,0,0,0,0,"callbacks, worker drawables, DXMT presentation, SourceEscrow, and synthetic GPU work retired",0,0,0,0,0,0,0,0,0,0,0,0
layer_owner_claimed,1,36,0,0,0,0,0,0,0,0,0,0,0,0,0,0,0,0,0,0,0,0,0,"exclusive CAMetalLayer claim acquired before display-link attachment",0,0,0,0,0,0,0,0,0,0,0,0
display_link_attached,1,36,0,0,0,0,0,0,0,0,0,0,0,0,0,0,0,0,0,0,0,0,0,"display link attached after ordinary Presenter drained",0,0,0,0,0,0,0,0,0,0,0,0
display_callbacks_enabled,1,36,0,0,0,0,0,0,0,0,0,0,0,0,0,0,0,0,0,0,0,0,0,"display-link callbacks enabled under exclusive layer claim",0,0,0,0,0,0,0,0,0,0,0,0
session_active,1,36,0,0,0,0,0,0,0,0,0,0,0,0,0,0,0,0,0,0,0,0,0,"display resumed in fresh epoch",0,0,0,0,0,0,0,0,0,0,0,0
source_candidate_reserved,1,36,0,0,1,37,0,0,261020880648750,0,0,0,0,0,261020963982083,0,0,0,0,1,0,0,0,"mandatory SourceEscrow allocated; source-only mode",0,0,0,0,0,0,0,0,0,0,37,0
escrow_setup_failed,1,36,0,0,1,37,0,0,261020880648750,0,0,0,0,0,261020963982083,0,0,0,0,0,0,0,0,"injected pre-commit SourceEscrow copy setup failure",0,0,0,0,0,0,0,0,0,0,37,0
source_state_transition,1,36,0,0,1,37,0,0,261020880648750,0,0,0,0,0,261020963982083,0,0,0,0,0,0,0,0,"escrow_preparing->retired:reservation cancelled before transfer",0,0,0,0,0,0,0,0,0,0,0,0
source_terminal,1,36,0,0,1,37,0,0,261020880648750,0,0,0,0,0,261020963982083,0,0,0,0,0,0,0,0,"ordinary_fallback:ordinary DXMT Presenter retained this source",0,0,0,0,0,0,0,0,0,0,0,0
source_candidate_cancelled,1,36,0,0,1,37,0,0,261020880648750,0,0,0,0,0,261020963982083,0,0,0,0,0,0,0,0,"uncommitted reservation returned to ordinary Presenter",0,0,0,0,0,0,0,0,0,0,0,0
layer_owner_draining,1,36,0,0,0,0,0,0,0,0,0,0,0,0,0,0,0,0,0,0,0,0,0,"generation stopped; display worker drains accepted real sources before callbacks stop",0,0,0,0,0,0,0,0,0,0,0,0
generation_submissions_drained,1,36,0,0,0,0,0,0,0,0,0,0,0,0,0,0,0,0,0,0,0,0,0,"no synthetic generation submission remains in flight",0,0,0,0,0,0,0,0,0,0,0,0
presentation_feedback_drained,1,36,0,0,0,0,0,0,0,0,0,0,0,0,0,0,0,0,0,0,0,0,0,"all accepted sources are terminal and drawable/GPU callbacks retired",0,0,0,0,0,0,0,0,0,0,0,0
display_callbacks_stopped,1,36,0,0,0,0,0,0,0,0,0,0,0,0,0,0,0,0,0,0,0,0,0,"display-link invalidated after in-flight delegate callbacks returned",0,0,0,0,0,0,0,0,0,0,0,0
worker_drawables_retired,1,36,0,0,0,0,0,0,0,0,0,0,0,0,0,0,0,0,0,0,0,0,0,"no presentation worker tick retains a callback-owned drawable",0,0,0,0,0,0,0,0,0,0,0,0
synthetic_gpu_work_drained,1,36,0,0,0,0,0,0,0,0,0,0,0,0,0,0,0,0,0,0,0,0,0,"all synthetic Framegen GPU completions retired before resource release",0,0,0,0,0,0,0,0,0,0,0,0
epoch_reset,1,37,0,0,0,0,0,0,0,0,0,0,0,0,0,0,0,0,0,0,0,0,0,"37",0,0,0,0,0,0,0,0,0,0,0,0
layer_owner_released,1,37,0,0,0,0,0,0,0,0,0,0,0,0,0,0,0,0,0,0,0,0,0,"callbacks, worker drawables, DXMT presentation, SourceEscrow, and synthetic GPU work retired",0,0,0,0,0,0,0,0,0,0,0,0
layer_owner_claimed,1,37,0,0,0,0,0,0,0,0,0,0,0,0,0,0,0,0,0,0,0,0,0,"exclusive CAMetalLayer claim acquired before display-link attachment",0,0,0,0,0,0,0,0,0,0,0,0
display_link_attached,1,37,0,0,0,0,0,0,0,0,0,0,0,0,0,0,0,0,0,0,0,0,0,"display link attached after ordinary Presenter drained",0,0,0,0,0,0,0,0,0,0,0,0
display_callbacks_enabled,1,37,0,0,0,0,0,0,0,0,0,0,0,0,0,0,0,0,0,0,0,0,0,"display-link callbacks enabled under exclusive layer claim",0,0,0,0,0,0,0,0,0,0,0,0
session_active,1,37,0,0,0,0,0,0,0,0,0,0,0,0,0,0,0,0,0,0,0,0,0,"display resumed in fresh epoch",0,0,0,0,0,0,0,0,0,0,0,0
source_candidate_reserved,1,37,0,0,1,38,0,0,261020914723291,0,0,0,0,0,261020998056624,0,0,0,0,1,0,0,0,"mandatory SourceEscrow allocated; source-only mode",0,0,0,0,0,0,0,0,0,0,38,0
escrow_setup_failed,1,37,0,0,1,38,0,0,261020914723291,0,0,0,0,0,261020998056624,0,0,0,0,0,0,0,0,"injected pre-commit SourceEscrow copy setup failure",0,0,0,0,0,0,0,0,0,0,38,0
source_state_transition,1,37,0,0,1,38,0,0,261020914723291,0,0,0,0,0,261020998056624,0,0,0,0,0,0,0,0,"escrow_preparing->retired:reservation cancelled before transfer",0,0,0,0,0,0,0,0,0,0,0,0
source_terminal,1,37,0,0,1,38,0,0,261020914723291,0,0,0,0,0,261020998056624,0,0,0,0,0,0,0,0,"ordinary_fallback:ordinary DXMT Presenter retained this source",0,0,0,0,0,0,0,0,0,0,0,0
source_candidate_cancelled,1,37,0,0,1,38,0,0,261020914723291,0,0,0,0,0,261020998056624,0,0,0,0,0,0,0,0,"uncommitted reservation returned to ordinary Presenter",0,0,0,0,0,0,0,0,0,0,0,0
layer_owner_draining,1,37,0,0,0,0,0,0,0,0,0,0,0,0,0,0,0,0,0,0,0,0,0,"generation stopped; display worker drains accepted real sources before callbacks stop",0,0,0,0,0,0,0,0,0,0,0,0
generation_submissions_drained,1,37,0,0,0,0,0,0,0,0,0,0,0,0,0,0,0,0,0,0,0,0,0,"no synthetic generation submission remains in flight",0,0,0,0,0,0,0,0,0,0,0,0
presentation_feedback_drained,1,37,0,0,0,0,0,0,0,0,0,0,0,0,0,0,0,0,0,0,0,0,0,"all accepted sources are terminal and drawable/GPU callbacks retired",0,0,0,0,0,0,0,0,0,0,0,0
display_callbacks_stopped,1,37,0,0,0,0,0,0,0,0,0,0,0,0,0,0,0,0,0,0,0,0,0,"display-link invalidated after in-flight delegate callbacks returned",0,0,0,0,0,0,0,0,0,0,0,0
worker_drawables_retired,1,37,0,0,0,0,0,0,0,0,0,0,0,0,0,0,0,0,0,0,0,0,0,"no presentation worker tick retains a callback-owned drawable",0,0,0,0,0,0,0,0,0,0,0,0
synthetic_gpu_work_drained,1,37,0,0,0,0,0,0,0,0,0,0,0,0,0,0,0,0,0,0,0,0,0,"all synthetic Framegen GPU completions retired before resource release",0,0,0,0,0,0,0,0,0,0,0,0
epoch_reset,1,38,0,0,0,0,0,0,0,0,0,0,0,0,0,0,0,0,0,0,0,0,0,"38",0,0,0,0,0,0,0,0,0,0,0,0
layer_owner_released,1,38,0,0,0,0,0,0,0,0,0,0,0,0,0,0,0,0,0,0,0,0,0,"callbacks, worker drawables, DXMT presentation, SourceEscrow, and synthetic GPU work retired",0,0,0,0,0,0,0,0,0,0,0,0
layer_owner_claimed,1,38,0,0,0,0,0,0,0,0,0,0,0,0,0,0,0,0,0,0,0,0,0,"exclusive CAMetalLayer claim acquired before display-link attachment",0,0,0,0,0,0,0,0,0,0,0,0
display_link_attached,1,38,0,0,0,0,0,0,0,0,0,0,0,0,0,0,0,0,0,0,0,0,0,"display link attached after ordinary Presenter drained",0,0,0,0,0,0,0,0,0,0,0,0
display_callbacks_enabled,1,38,0,0,0,0,0,0,0,0,0,0,0,0,0,0,0,0,0,0,0,0,0,"display-link callbacks enabled under exclusive layer claim",0,0,0,0,0,0,0,0,0,0,0,0
session_active,1,38,0,0,0,0,0,0,0,0,0,0,0,0,0,0,0,0,0,0,0,0,0,"display resumed in fresh epoch",0,0,0,0,0,0,0,0,0,0,0,0
source_candidate_reserved,1,38,0,0,1,39,0,0,261020947860500,0,0,0,0,0,261021031193833,0,0,0,0,1,0,0,0,"mandatory SourceEscrow allocated; source-only mode",0,0,0,0,0,0,0,0,0,0,39,0
escrow_setup_failed,1,38,0,0,1,39,0,0,261020947860500,0,0,0,0,0,261021031193833,0,0,0,0,0,0,0,0,"injected pre-commit SourceEscrow copy setup failure",0,0,0,0,0,0,0,0,0,0,39,0
source_state_transition,1,38,0,0,1,39,0,0,261020947860500,0,0,0,0,0,261021031193833,0,0,0,0,0,0,0,0,"escrow_preparing->retired:reservation cancelled before transfer",0,0,0,0,0,0,0,0,0,0,0,0
source_terminal,1,38,0,0,1,39,0,0,261020947860500,0,0,0,0,0,261021031193833,0,0,0,0,0,0,0,0,"ordinary_fallback:ordinary DXMT Presenter retained this source",0,0,0,0,0,0,0,0,0,0,0,0
source_candidate_cancelled,1,38,0,0,1,39,0,0,261020947860500,0,0,0,0,0,261021031193833,0,0,0,0,0,0,0,0,"uncommitted reservation returned to ordinary Presenter",0,0,0,0,0,0,0,0,0,0,0,0
layer_owner_draining,1,38,0,0,0,0,0,0,0,0,0,0,0,0,0,0,0,0,0,0,0,0,0,"generation stopped; display worker drains accepted real sources before callbacks stop",0,0,0,0,0,0,0,0,0,0,0,0
generation_submissions_drained,1,38,0,0,0,0,0,0,0,0,0,0,0,0,0,0,0,0,0,0,0,0,0,"no synthetic generation submission remains in flight",0,0,0,0,0,0,0,0,0,0,0,0
presentation_feedback_drained,1,38,0,0,0,0,0,0,0,0,0,0,0,0,0,0,0,0,0,0,0,0,0,"all accepted sources are terminal and drawable/GPU callbacks retired",0,0,0,0,0,0,0,0,0,0,0,0
display_callbacks_stopped,1,38,0,0,0,0,0,0,0,0,0,0,0,0,0,0,0,0,0,0,0,0,0,"display-link invalidated after in-flight delegate callbacks returned",0,0,0,0,0,0,0,0,0,0,0,0
worker_drawables_retired,1,38,0,0,0,0,0,0,0,0,0,0,0,0,0,0,0,0,0,0,0,0,0,"no presentation worker tick retains a callback-owned drawable",0,0,0,0,0,0,0,0,0,0,0,0
synthetic_gpu_work_drained,1,38,0,0,0,0,0,0,0,0,0,0,0,0,0,0,0,0,0,0,0,0,0,"all synthetic Framegen GPU completions retired before resource release",0,0,0,0,0,0,0,0,0,0,0,0
epoch_reset,1,39,0,0,0,0,0,0,0,0,0,0,0,0,0,0,0,0,0,0,0,0,0,"39",0,0,0,0,0,0,0,0,0,0,0,0
layer_owner_released,1,39,0,0,0,0,0,0,0,0,0,0,0,0,0,0,0,0,0,0,0,0,0,"callbacks, worker drawables, DXMT presentation, SourceEscrow, and synthetic GPU work retired",0,0,0,0,0,0,0,0,0,0,0,0
layer_owner_claimed,1,39,0,0,0,0,0,0,0,0,0,0,0,0,0,0,0,0,0,0,0,0,0,"exclusive CAMetalLayer claim acquired before display-link attachment",0,0,0,0,0,0,0,0,0,0,0,0
display_link_attached,1,39,0,0,0,0,0,0,0,0,0,0,0,0,0,0,0,0,0,0,0,0,0,"display link attached after ordinary Presenter drained",0,0,0,0,0,0,0,0,0,0,0,0
display_callbacks_enabled,1,39,0,0,0,0,0,0,0,0,0,0,0,0,0,0,0,0,0,0,0,0,0,"display-link callbacks enabled under exclusive layer claim",0,0,0,0,0,0,0,0,0,0,0,0
session_active,1,39,0,0,0,0,0,0,0,0,0,0,0,0,0,0,0,0,0,0,0,0,0,"display resumed in fresh epoch",0,0,0,0,0,0,0,0,0,0,0,0
source_candidate_reserved,1,39,0,0,1,40,0,0,261020980726541,0,0,0,0,0,261021064059874,0,0,0,0,1,0,0,0,"mandatory SourceEscrow allocated; source-only mode",0,0,0,0,0,0,0,0,0,0,40,0
escrow_setup_failed,1,39,0,0,1,40,0,0,261020980726541,0,0,0,0,0,261021064059874,0,0,0,0,0,0,0,0,"injected pre-commit SourceEscrow copy setup failure",0,0,0,0,0,0,0,0,0,0,40,0
source_state_transition,1,39,0,0,1,40,0,0,261020980726541,0,0,0,0,0,261021064059874,0,0,0,0,0,0,0,0,"escrow_preparing->retired:reservation cancelled before transfer",0,0,0,0,0,0,0,0,0,0,0,0
source_terminal,1,39,0,0,1,40,0,0,261020980726541,0,0,0,0,0,261021064059874,0,0,0,0,0,0,0,0,"ordinary_fallback:ordinary DXMT Presenter retained this source",0,0,0,0,0,0,0,0,0,0,0,0
source_candidate_cancelled,1,39,0,0,1,40,0,0,261020980726541,0,0,0,0,0,261021064059874,0,0,0,0,0,0,0,0,"uncommitted reservation returned to ordinary Presenter",0,0,0,0,0,0,0,0,0,0,0,0
layer_owner_draining,1,39,0,0,0,0,0,0,0,0,0,0,0,0,0,0,0,0,0,0,0,0,0,"generation stopped; display worker drains accepted real sources before callbacks stop",0,0,0,0,0,0,0,0,0,0,0,0
generation_submissions_drained,1,39,0,0,0,0,0,0,0,0,0,0,0,0,0,0,0,0,0,0,0,0,0,"no synthetic generation submission remains in flight",0,0,0,0,0,0,0,0,0,0,0,0
presentation_feedback_drained,1,39,0,0,0,0,0,0,0,0,0,0,0,0,0,0,0,0,0,0,0,0,0,"all accepted sources are terminal and drawable/GPU callbacks retired",0,0,0,0,0,0,0,0,0,0,0,0
display_callbacks_stopped,1,39,0,0,0,0,0,0,0,0,0,0,0,0,0,0,0,0,0,0,0,0,0,"display-link invalidated after in-flight delegate callbacks returned",0,0,0,0,0,0,0,0,0,0,0,0
worker_drawables_retired,1,39,0,0,0,0,0,0,0,0,0,0,0,0,0,0,0,0,0,0,0,0,0,"no presentation worker tick retains a callback-owned drawable",0,0,0,0,0,0,0,0,0,0,0,0
synthetic_gpu_work_drained,1,39,0,0,0,0,0,0,0,0,0,0,0,0,0,0,0,0,0,0,0,0,0,"all synthetic Framegen GPU completions retired before resource release",0,0,0,0,0,0,0,0,0,0,0,0
epoch_reset,1,40,0,0,0,0,0,0,0,0,0,0,0,0,0,0,0,0,0,0,0,0,0,"40",0,0,0,0,0,0,0,0,0,0,0,0
layer_owner_released,1,40,0,0,0,0,0,0,0,0,0,0,0,0,0,0,0,0,0,0,0,0,0,"callbacks, worker drawables, DXMT presentation, SourceEscrow, and synthetic GPU work retired",0,0,0,0,0,0,0,0,0,0,0,0
layer_owner_claimed,1,40,0,0,0,0,0,0,0,0,0,0,0,0,0,0,0,0,0,0,0,0,0,"exclusive CAMetalLayer claim acquired before display-link attachment",0,0,0,0,0,0,0,0,0,0,0,0
display_link_attached,1,40,0,0,0,0,0,0,0,0,0,0,0,0,0,0,0,0,0,0,0,0,0,"display link attached after ordinary Presenter drained",0,0,0,0,0,0,0,0,0,0,0,0
display_callbacks_enabled,1,40,0,0,0,0,0,0,0,0,0,0,0,0,0,0,0,0,0,0,0,0,0,"display-link callbacks enabled under exclusive layer claim",0,0,0,0,0,0,0,0,0,0,0,0
session_active,1,40,0,0,0,0,0,0,0,0,0,0,0,0,0,0,0,0,0,0,0,0,0,"display resumed in fresh epoch",0,0,0,0,0,0,0,0,0,0,0,0
source_candidate_reserved,1,40,0,0,1,41,0,0,261021015459291,0,0,0,0,0,261021098792624,0,0,0,0,1,0,0,0,"mandatory SourceEscrow allocated; source-only mode",0,0,0,0,0,0,0,0,0,0,41,0
escrow_setup_failed,1,40,0,0,1,41,0,0,261021015459291,0,0,0,0,0,261021098792624,0,0,0,0,0,0,0,0,"injected pre-commit SourceEscrow copy setup failure",0,0,0,0,0,0,0,0,0,0,41,0
source_state_transition,1,40,0,0,1,41,0,0,261021015459291,0,0,0,0,0,261021098792624,0,0,0,0,0,0,0,0,"escrow_preparing->retired:reservation cancelled before transfer",0,0,0,0,0,0,0,0,0,0,0,0
source_terminal,1,40,0,0,1,41,0,0,261021015459291,0,0,0,0,0,261021098792624,0,0,0,0,0,0,0,0,"ordinary_fallback:ordinary DXMT Presenter retained this source",0,0,0,0,0,0,0,0,0,0,0,0
source_candidate_cancelled,1,40,0,0,1,41,0,0,261021015459291,0,0,0,0,0,261021098792624,0,0,0,0,0,0,0,0,"uncommitted reservation returned to ordinary Presenter",0,0,0,0,0,0,0,0,0,0,0,0
layer_owner_draining,1,40,0,0,0,0,0,0,0,0,0,0,0,0,0,0,0,0,0,0,0,0,0,"generation stopped; display worker drains accepted real sources before callbacks stop",0,0,0,0,0,0,0,0,0,0,0,0
generation_submissions_drained,1,40,0,0,0,0,0,0,0,0,0,0,0,0,0,0,0,0,0,0,0,0,0,"no synthetic generation submission remains in flight",0,0,0,0,0,0,0,0,0,0,0,0
presentation_feedback_drained,1,40,0,0,0,0,0,0,0,0,0,0,0,0,0,0,0,0,0,0,0,0,0,"all accepted sources are terminal and drawable/GPU callbacks retired",0,0,0,0,0,0,0,0,0,0,0,0
display_callbacks_stopped,1,40,0,0,0,0,0,0,0,0,0,0,0,0,0,0,0,0,0,0,0,0,0,"display-link invalidated after in-flight delegate callbacks returned",0,0,0,0,0,0,0,0,0,0,0,0
worker_drawables_retired,1,40,0,0,0,0,0,0,0,0,0,0,0,0,0,0,0,0,0,0,0,0,0,"no presentation worker tick retains a callback-owned drawable",0,0,0,0,0,0,0,0,0,0,0,0
synthetic_gpu_work_drained,1,40,0,0,0,0,0,0,0,0,0,0,0,0,0,0,0,0,0,0,0,0,0,"all synthetic Framegen GPU completions retired before resource release",0,0,0,0,0,0,0,0,0,0,0,0
epoch_reset,1,41,0,0,0,0,0,0,0,0,0,0,0,0,0,0,0,0,0,0,0,0,0,"41",0,0,0,0,0,0,0,0,0,0,0,0
layer_owner_released,1,41,0,0,0,0,0,0,0,0,0,0,0,0,0,0,0,0,0,0,0,0,0,"callbacks, worker drawables, DXMT presentation, SourceEscrow, and synthetic GPU work retired",0,0,0,0,0,0,0,0,0,0,0,0
layer_owner_claimed,1,41,0,0,0,0,0,0,0,0,0,0,0,0,0,0,0,0,0,0,0,0,0,"exclusive CAMetalLayer claim acquired before display-link attachment",0,0,0,0,0,0,0,0,0,0,0,0
display_link_attached,1,41,0,0,0,0,0,0,0,0,0,0,0,0,0,0,0,0,0,0,0,0,0,"display link attached after ordinary Presenter drained",0,0,0,0,0,0,0,0,0,0,0,0
display_callbacks_enabled,1,41,0,0,0,0,0,0,0,0,0,0,0,0,0,0,0,0,0,0,0,0,0,"display-link callbacks enabled under exclusive layer claim",0,0,0,0,0,0,0,0,0,0,0,0
session_active,1,41,0,0,0,0,0,0,0,0,0,0,0,0,0,0,0,0,0,0,0,0,0,"display resumed in fresh epoch",0,0,0,0,0,0,0,0,0,0,0,0
source_candidate_reserved,1,41,0,0,1,42,0,0,261021049536583,0,0,0,0,0,261021132869916,0,0,0,0,1,0,0,0,"mandatory SourceEscrow allocated; source-only mode",0,0,0,0,0,0,0,0,0,0,42,0
escrow_setup_failed,1,41,0,0,1,42,0,0,261021049536583,0,0,0,0,0,261021132869916,0,0,0,0,0,0,0,0,"injected pre-commit SourceEscrow copy setup failure",0,0,0,0,0,0,0,0,0,0,42,0
source_state_transition,1,41,0,0,1,42,0,0,261021049536583,0,0,0,0,0,261021132869916,0,0,0,0,0,0,0,0,"escrow_preparing->retired:reservation cancelled before transfer",0,0,0,0,0,0,0,0,0,0,0,0
source_terminal,1,41,0,0,1,42,0,0,261021049536583,0,0,0,0,0,261021132869916,0,0,0,0,0,0,0,0,"ordinary_fallback:ordinary DXMT Presenter retained this source",0,0,0,0,0,0,0,0,0,0,0,0
source_candidate_cancelled,1,41,0,0,1,42,0,0,261021049536583,0,0,0,0,0,261021132869916,0,0,0,0,0,0,0,0,"uncommitted reservation returned to ordinary Presenter",0,0,0,0,0,0,0,0,0,0,0,0
layer_owner_draining,1,41,0,0,0,0,0,0,0,0,0,0,0,0,0,0,0,0,0,0,0,0,0,"generation stopped; display worker drains accepted real sources before callbacks stop",0,0,0,0,0,0,0,0,0,0,0,0
generation_submissions_drained,1,41,0,0,0,0,0,0,0,0,0,0,0,0,0,0,0,0,0,0,0,0,0,"no synthetic generation submission remains in flight",0,0,0,0,0,0,0,0,0,0,0,0
presentation_feedback_drained,1,41,0,0,0,0,0,0,0,0,0,0,0,0,0,0,0,0,0,0,0,0,0,"all accepted sources are terminal and drawable/GPU callbacks retired",0,0,0,0,0,0,0,0,0,0,0,0
display_callbacks_stopped,1,41,0,0,0,0,0,0,0,0,0,0,0,0,0,0,0,0,0,0,0,0,0,"display-link invalidated after in-flight delegate callbacks returned",0,0,0,0,0,0,0,0,0,0,0,0
worker_drawables_retired,1,41,0,0,0,0,0,0,0,0,0,0,0,0,0,0,0,0,0,0,0,0,0,"no presentation worker tick retains a callback-owned drawable",0,0,0,0,0,0,0,0,0,0,0,0
synthetic_gpu_work_drained,1,41,0,0,0,0,0,0,0,0,0,0,0,0,0,0,0,0,0,0,0,0,0,"all synthetic Framegen GPU completions retired before resource release",0,0,0,0,0,0,0,0,0,0,0,0
epoch_reset,1,42,0,0,0,0,0,0,0,0,0,0,0,0,0,0,0,0,0,0,0,0,0,"42",0,0,0,0,0,0,0,0,0,0,0,0
layer_owner_released,1,42,0,0,0,0,0,0,0,0,0,0,0,0,0,0,0,0,0,0,0,0,0,"callbacks, worker drawables, DXMT presentation, SourceEscrow, and synthetic GPU work retired",0,0,0,0,0,0,0,0,0,0,0,0
layer_owner_claimed,1,42,0,0,0,0,0,0,0,0,0,0,0,0,0,0,0,0,0,0,0,0,0,"exclusive CAMetalLayer claim acquired before display-link attachment",0,0,0,0,0,0,0,0,0,0,0,0
display_link_attached,1,42,0,0,0,0,0,0,0,0,0,0,0,0,0,0,0,0,0,0,0,0,0,"display link attached after ordinary Presenter drained",0,0,0,0,0,0,0,0,0,0,0,0
display_callbacks_enabled,1,42,0,0,0,0,0,0,0,0,0,0,0,0,0,0,0,0,0,0,0,0,0,"display-link callbacks enabled under exclusive layer claim",0,0,0,0,0,0,0,0,0,0,0,0
session_active,1,42,0,0,0,0,0,0,0,0,0,0,0,0,0,0,0,0,0,0,0,0,0,"display resumed in fresh epoch",0,0,0,0,0,0,0,0,0,0,0,0
source_candidate_reserved,1,42,0,0,1,43,0,0,261021083846000,0,0,0,0,0,261021167179333,0,0,0,0,1,0,0,0,"mandatory SourceEscrow allocated; source-only mode",0,0,0,0,0,0,0,0,0,0,43,0
escrow_setup_failed,1,42,0,0,1,43,0,0,261021083846000,0,0,0,0,0,261021167179333,0,0,0,0,0,0,0,0,"injected pre-commit SourceEscrow copy setup failure",0,0,0,0,0,0,0,0,0,0,43,0
source_state_transition,1,42,0,0,1,43,0,0,261021083846000,0,0,0,0,0,261021167179333,0,0,0,0,0,0,0,0,"escrow_preparing->retired:reservation cancelled before transfer",0,0,0,0,0,0,0,0,0,0,0,0
source_terminal,1,42,0,0,1,43,0,0,261021083846000,0,0,0,0,0,261021167179333,0,0,0,0,0,0,0,0,"ordinary_fallback:ordinary DXMT Presenter retained this source",0,0,0,0,0,0,0,0,0,0,0,0
source_candidate_cancelled,1,42,0,0,1,43,0,0,261021083846000,0,0,0,0,0,261021167179333,0,0,0,0,0,0,0,0,"uncommitted reservation returned to ordinary Presenter",0,0,0,0,0,0,0,0,0,0,0,0
layer_owner_draining,1,42,0,0,0,0,0,0,0,0,0,0,0,0,0,0,0,0,0,0,0,0,0,"generation stopped; display worker drains accepted real sources before callbacks stop",0,0,0,0,0,0,0,0,0,0,0,0
generation_submissions_drained,1,42,0,0,0,0,0,0,0,0,0,0,0,0,0,0,0,0,0,0,0,0,0,"no synthetic generation submission remains in flight",0,0,0,0,0,0,0,0,0,0,0,0
presentation_feedback_drained,1,42,0,0,0,0,0,0,0,0,0,0,0,0,0,0,0,0,0,0,0,0,0,"all accepted sources are terminal and drawable/GPU callbacks retired",0,0,0,0,0,0,0,0,0,0,0,0
display_callbacks_stopped,1,42,0,0,0,0,0,0,0,0,0,0,0,0,0,0,0,0,0,0,0,0,0,"display-link invalidated after in-flight delegate callbacks returned",0,0,0,0,0,0,0,0,0,0,0,0
worker_drawables_retired,1,42,0,0,0,0,0,0,0,0,0,0,0,0,0,0,0,0,0,0,0,0,0,"no presentation worker tick retains a callback-owned drawable",0,0,0,0,0,0,0,0,0,0,0,0
synthetic_gpu_work_drained,1,42,0,0,0,0,0,0,0,0,0,0,0,0,0,0,0,0,0,0,0,0,0,"all synthetic Framegen GPU completions retired before resource release",0,0,0,0,0,0,0,0,0,0,0,0
epoch_reset,1,43,0,0,0,0,0,0,0,0,0,0,0,0,0,0,0,0,0,0,0,0,0,"43",0,0,0,0,0,0,0,0,0,0,0,0
layer_owner_released,1,43,0,0,0,0,0,0,0,0,0,0,0,0,0,0,0,0,0,0,0,0,0,"callbacks, worker drawables, DXMT presentation, SourceEscrow, and synthetic GPU work retired",0,0,0,0,0,0,0,0,0,0,0,0
layer_owner_claimed,1,43,0,0,0,0,0,0,0,0,0,0,0,0,0,0,0,0,0,0,0,0,0,"exclusive CAMetalLayer claim acquired before display-link attachment",0,0,0,0,0,0,0,0,0,0,0,0
display_link_attached,1,43,0,0,0,0,0,0,0,0,0,0,0,0,0,0,0,0,0,0,0,0,0,"display link attached after ordinary Presenter drained",0,0,0,0,0,0,0,0,0,0,0,0
display_callbacks_enabled,1,43,0,0,0,0,0,0,0,0,0,0,0,0,0,0,0,0,0,0,0,0,0,"display-link callbacks enabled under exclusive layer claim",0,0,0,0,0,0,0,0,0,0,0,0
session_active,1,43,0,0,0,0,0,0,0,0,0,0,0,0,0,0,0,0,0,0,0,0,0,"display resumed in fresh epoch",0,0,0,0,0,0,0,0,0,0,0,0
source_candidate_reserved,1,43,0,0,1,44,0,0,261021115678875,0,0,0,0,0,261021199012208,0,0,0,0,1,0,0,0,"mandatory SourceEscrow allocated; source-only mode",0,0,0,0,0,0,0,0,0,0,44,0
escrow_setup_failed,1,43,0,0,1,44,0,0,261021115678875,0,0,0,0,0,261021199012208,0,0,0,0,0,0,0,0,"injected pre-commit SourceEscrow copy setup failure",0,0,0,0,0,0,0,0,0,0,44,0
source_state_transition,1,43,0,0,1,44,0,0,261021115678875,0,0,0,0,0,261021199012208,0,0,0,0,0,0,0,0,"escrow_preparing->retired:reservation cancelled before transfer",0,0,0,0,0,0,0,0,0,0,0,0
source_terminal,1,43,0,0,1,44,0,0,261021115678875,0,0,0,0,0,261021199012208,0,0,0,0,0,0,0,0,"ordinary_fallback:ordinary DXMT Presenter retained this source",0,0,0,0,0,0,0,0,0,0,0,0
source_candidate_cancelled,1,43,0,0,1,44,0,0,261021115678875,0,0,0,0,0,261021199012208,0,0,0,0,0,0,0,0,"uncommitted reservation returned to ordinary Presenter",0,0,0,0,0,0,0,0,0,0,0,0
layer_owner_draining,1,43,0,0,0,0,0,0,0,0,0,0,0,0,0,0,0,0,0,0,0,0,0,"generation stopped; display worker drains accepted real sources before callbacks stop",0,0,0,0,0,0,0,0,0,0,0,0
generation_submissions_drained,1,43,0,0,0,0,0,0,0,0,0,0,0,0,0,0,0,0,0,0,0,0,0,"no synthetic generation submission remains in flight",0,0,0,0,0,0,0,0,0,0,0,0
presentation_feedback_drained,1,43,0,0,0,0,0,0,0,0,0,0,0,0,0,0,0,0,0,0,0,0,0,"all accepted sources are terminal and drawable/GPU callbacks retired",0,0,0,0,0,0,0,0,0,0,0,0
display_callbacks_stopped,1,43,0,0,0,0,0,0,0,0,0,0,0,0,0,0,0,0,0,0,0,0,0,"display-link invalidated after in-flight delegate callbacks returned",0,0,0,0,0,0,0,0,0,0,0,0
worker_drawables_retired,1,43,0,0,0,0,0,0,0,0,0,0,0,0,0,0,0,0,0,0,0,0,0,"no presentation worker tick retains a callback-owned drawable",0,0,0,0,0,0,0,0,0,0,0,0
synthetic_gpu_work_drained,1,43,0,0,0,0,0,0,0,0,0,0,0,0,0,0,0,0,0,0,0,0,0,"all synthetic Framegen GPU completions retired before resource release",0,0,0,0,0,0,0,0,0,0,0,0
epoch_reset,1,44,0,0,0,0,0,0,0,0,0,0,0,0,0,0,0,0,0,0,0,0,0,"44",0,0,0,0,0,0,0,0,0,0,0,0
layer_owner_released,1,44,0,0,0,0,0,0,0,0,0,0,0,0,0,0,0,0,0,0,0,0,0,"callbacks, worker drawables, DXMT presentation, SourceEscrow, and synthetic GPU work retired",0,0,0,0,0,0,0,0,0,0,0,0
layer_owner_claimed,1,44,0,0,0,0,0,0,0,0,0,0,0,0,0,0,0,0,0,0,0,0,0,"exclusive CAMetalLayer claim acquired before display-link attachment",0,0,0,0,0,0,0,0,0,0,0,0
display_link_attached,1,44,0,0,0,0,0,0,0,0,0,0,0,0,0,0,0,0,0,0,0,0,0,"display link attached after ordinary Presenter drained",0,0,0,0,0,0,0,0,0,0,0,0
display_callbacks_enabled,1,44,0,0,0,0,0,0,0,0,0,0,0,0,0,0,0,0,0,0,0,0,0,"display-link callbacks enabled under exclusive layer claim",0,0,0,0,0,0,0,0,0,0,0,0
session_active,1,44,0,0,0,0,0,0,0,0,0,0,0,0,0,0,0,0,0,0,0,0,0,"display resumed in fresh epoch",0,0,0,0,0,0,0,0,0,0,0,0
source_candidate_reserved,1,44,0,0,1,45,0,0,261021149213083,0,0,0,0,0,261021232546416,0,0,0,0,1,0,0,0,"mandatory SourceEscrow allocated; source-only mode",0,0,0,0,0,0,0,0,0,0,45,0
escrow_setup_failed,1,44,0,0,1,45,0,0,261021149213083,0,0,0,0,0,261021232546416,0,0,0,0,0,0,0,0,"injected pre-commit SourceEscrow copy setup failure",0,0,0,0,0,0,0,0,0,0,45,0
source_state_transition,1,44,0,0,1,45,0,0,261021149213083,0,0,0,0,0,261021232546416,0,0,0,0,0,0,0,0,"escrow_preparing->retired:reservation cancelled before transfer",0,0,0,0,0,0,0,0,0,0,0,0
source_terminal,1,44,0,0,1,45,0,0,261021149213083,0,0,0,0,0,261021232546416,0,0,0,0,0,0,0,0,"ordinary_fallback:ordinary DXMT Presenter retained this source",0,0,0,0,0,0,0,0,0,0,0,0
source_candidate_cancelled,1,44,0,0,1,45,0,0,261021149213083,0,0,0,0,0,261021232546416,0,0,0,0,0,0,0,0,"uncommitted reservation returned to ordinary Presenter",0,0,0,0,0,0,0,0,0,0,0,0
layer_owner_draining,1,44,0,0,0,0,0,0,0,0,0,0,0,0,0,0,0,0,0,0,0,0,0,"generation stopped; display worker drains accepted real sources before callbacks stop",0,0,0,0,0,0,0,0,0,0,0,0
generation_submissions_drained,1,44,0,0,0,0,0,0,0,0,0,0,0,0,0,0,0,0,0,0,0,0,0,"no synthetic generation submission remains in flight",0,0,0,0,0,0,0,0,0,0,0,0
presentation_feedback_drained,1,44,0,0,0,0,0,0,0,0,0,0,0,0,0,0,0,0,0,0,0,0,0,"all accepted sources are terminal and drawable/GPU callbacks retired",0,0,0,0,0,0,0,0,0,0,0,0
display_callbacks_stopped,1,44,0,0,0,0,0,0,0,0,0,0,0,0,0,0,0,0,0,0,0,0,0,"display-link invalidated after in-flight delegate callbacks returned",0,0,0,0,0,0,0,0,0,0,0,0
worker_drawables_retired,1,44,0,0,0,0,0,0,0,0,0,0,0,0,0,0,0,0,0,0,0,0,0,"no presentation worker tick retains a callback-owned drawable",0,0,0,0,0,0,0,0,0,0,0,0
synthetic_gpu_work_drained,1,44,0,0,0,0,0,0,0,0,0,0,0,0,0,0,0,0,0,0,0,0,0,"all synthetic Framegen GPU completions retired before resource release",0,0,0,0,0,0,0,0,0,0,0,0
epoch_reset,1,45,0,0,0,0,0,0,0,0,0,0,0,0,0,0,0,0,0,0,0,0,0,"45",0,0,0,0,0,0,0,0,0,0,0,0
layer_owner_released,1,45,0,0,0,0,0,0,0,0,0,0,0,0,0,0,0,0,0,0,0,0,0,"callbacks, worker drawables, DXMT presentation, SourceEscrow, and synthetic GPU work retired",0,0,0,0,0,0,0,0,0,0,0,0
layer_owner_claimed,1,45,0,0,0,0,0,0,0,0,0,0,0,0,0,0,0,0,0,0,0,0,0,"exclusive CAMetalLayer claim acquired before display-link attachment",0,0,0,0,0,0,0,0,0,0,0,0
display_link_attached,1,45,0,0,0,0,0,0,0,0,0,0,0,0,0,0,0,0,0,0,0,0,0,"display link attached after ordinary Presenter drained",0,0,0,0,0,0,0,0,0,0,0,0
display_callbacks_enabled,1,45,0,0,0,0,0,0,0,0,0,0,0,0,0,0,0,0,0,0,0,0,0,"display-link callbacks enabled under exclusive layer claim",0,0,0,0,0,0,0,0,0,0,0,0
session_active,1,45,0,0,0,0,0,0,0,0,0,0,0,0,0,0,0,0,0,0,0,0,0,"display resumed in fresh epoch",0,0,0,0,0,0,0,0,0,0,0,0
source_candidate_reserved,1,45,0,0,1,46,0,0,261021183088791,0,0,0,0,0,261021266422124,0,0,0,0,1,0,0,0,"mandatory SourceEscrow allocated; source-only mode",0,0,0,0,0,0,0,0,0,0,46,0
escrow_setup_failed,1,45,0,0,1,46,0,0,261021183088791,0,0,0,0,0,261021266422124,0,0,0,0,0,0,0,0,"injected pre-commit SourceEscrow copy setup failure",0,0,0,0,0,0,0,0,0,0,46,0
source_state_transition,1,45,0,0,1,46,0,0,261021183088791,0,0,0,0,0,261021266422124,0,0,0,0,0,0,0,0,"escrow_preparing->retired:reservation cancelled before transfer",0,0,0,0,0,0,0,0,0,0,0,0
source_terminal,1,45,0,0,1,46,0,0,261021183088791,0,0,0,0,0,261021266422124,0,0,0,0,0,0,0,0,"ordinary_fallback:ordinary DXMT Presenter retained this source",0,0,0,0,0,0,0,0,0,0,0,0
source_candidate_cancelled,1,45,0,0,1,46,0,0,261021183088791,0,0,0,0,0,261021266422124,0,0,0,0,0,0,0,0,"uncommitted reservation returned to ordinary Presenter",0,0,0,0,0,0,0,0,0,0,0,0
layer_owner_draining,1,45,0,0,0,0,0,0,0,0,0,0,0,0,0,0,0,0,0,0,0,0,0,"generation stopped; display worker drains accepted real sources before callbacks stop",0,0,0,0,0,0,0,0,0,0,0,0
generation_submissions_drained,1,45,0,0,0,0,0,0,0,0,0,0,0,0,0,0,0,0,0,0,0,0,0,"no synthetic generation submission remains in flight",0,0,0,0,0,0,0,0,0,0,0,0
presentation_feedback_drained,1,45,0,0,0,0,0,0,0,0,0,0,0,0,0,0,0,0,0,0,0,0,0,"all accepted sources are terminal and drawable/GPU callbacks retired",0,0,0,0,0,0,0,0,0,0,0,0
display_callbacks_stopped,1,45,0,0,0,0,0,0,0,0,0,0,0,0,0,0,0,0,0,0,0,0,0,"display-link invalidated after in-flight delegate callbacks returned",0,0,0,0,0,0,0,0,0,0,0,0
worker_drawables_retired,1,45,0,0,0,0,0,0,0,0,0,0,0,0,0,0,0,0,0,0,0,0,0,"no presentation worker tick retains a callback-owned drawable",0,0,0,0,0,0,0,0,0,0,0,0
synthetic_gpu_work_drained,1,45,0,0,0,0,0,0,0,0,0,0,0,0,0,0,0,0,0,0,0,0,0,"all synthetic Framegen GPU completions retired before resource release",0,0,0,0,0,0,0,0,0,0,0,0
epoch_reset,1,46,0,0,0,0,0,0,0,0,0,0,0,0,0,0,0,0,0,0,0,0,0,"46",0,0,0,0,0,0,0,0,0,0,0,0
layer_owner_released,1,46,0,0,0,0,0,0,0,0,0,0,0,0,0,0,0,0,0,0,0,0,0,"callbacks, worker drawables, DXMT presentation, SourceEscrow, and synthetic GPU work retired",0,0,0,0,0,0,0,0,0,0,0,0
layer_owner_claimed,1,46,0,0,0,0,0,0,0,0,0,0,0,0,0,0,0,0,0,0,0,0,0,"exclusive CAMetalLayer claim acquired before display-link attachment",0,0,0,0,0,0,0,0,0,0,0,0
display_link_attached,1,46,0,0,0,0,0,0,0,0,0,0,0,0,0,0,0,0,0,0,0,0,0,"display link attached after ordinary Presenter drained",0,0,0,0,0,0,0,0,0,0,0,0
display_callbacks_enabled,1,46,0,0,0,0,0,0,0,0,0,0,0,0,0,0,0,0,0,0,0,0,0,"display-link callbacks enabled under exclusive layer claim",0,0,0,0,0,0,0,0,0,0,0,0
session_active,1,46,0,0,0,0,0,0,0,0,0,0,0,0,0,0,0,0,0,0,0,0,0,"display resumed in fresh epoch",0,0,0,0,0,0,0,0,0,0,0,0
source_candidate_reserved,1,46,0,0,1,47,0,0,261021216930333,0,0,0,0,0,261021300263666,0,0,0,0,1,0,0,0,"mandatory SourceEscrow allocated; source-only mode",0,0,0,0,0,0,0,0,0,0,47,0
escrow_setup_failed,1,46,0,0,1,47,0,0,261021216930333,0,0,0,0,0,261021300263666,0,0,0,0,0,0,0,0,"injected pre-commit SourceEscrow copy setup failure",0,0,0,0,0,0,0,0,0,0,47,0
source_state_transition,1,46,0,0,1,47,0,0,261021216930333,0,0,0,0,0,261021300263666,0,0,0,0,0,0,0,0,"escrow_preparing->retired:reservation cancelled before transfer",0,0,0,0,0,0,0,0,0,0,0,0
source_terminal,1,46,0,0,1,47,0,0,261021216930333,0,0,0,0,0,261021300263666,0,0,0,0,0,0,0,0,"ordinary_fallback:ordinary DXMT Presenter retained this source",0,0,0,0,0,0,0,0,0,0,0,0
source_candidate_cancelled,1,46,0,0,1,47,0,0,261021216930333,0,0,0,0,0,261021300263666,0,0,0,0,0,0,0,0,"uncommitted reservation returned to ordinary Presenter",0,0,0,0,0,0,0,0,0,0,0,0
layer_owner_draining,1,46,0,0,0,0,0,0,0,0,0,0,0,0,0,0,0,0,0,0,0,0,0,"generation stopped; display worker drains accepted real sources before callbacks stop",0,0,0,0,0,0,0,0,0,0,0,0
generation_submissions_drained,1,46,0,0,0,0,0,0,0,0,0,0,0,0,0,0,0,0,0,0,0,0,0,"no synthetic generation submission remains in flight",0,0,0,0,0,0,0,0,0,0,0,0
presentation_feedback_drained,1,46,0,0,0,0,0,0,0,0,0,0,0,0,0,0,0,0,0,0,0,0,0,"all accepted sources are terminal and drawable/GPU callbacks retired",0,0,0,0,0,0,0,0,0,0,0,0
display_callbacks_stopped,1,46,0,0,0,0,0,0,0,0,0,0,0,0,0,0,0,0,0,0,0,0,0,"display-link invalidated after in-flight delegate callbacks returned",0,0,0,0,0,0,0,0,0,0,0,0
worker_drawables_retired,1,46,0,0,0,0,0,0,0,0,0,0,0,0,0,0,0,0,0,0,0,0,0,"no presentation worker tick retains a callback-owned drawable",0,0,0,0,0,0,0,0,0,0,0,0
synthetic_gpu_work_drained,1,46,0,0,0,0,0,0,0,0,0,0,0,0,0,0,0,0,0,0,0,0,0,"all synthetic Framegen GPU completions retired before resource release",0,0,0,0,0,0,0,0,0,0,0,0
epoch_reset,1,47,0,0,0,0,0,0,0,0,0,0,0,0,0,0,0,0,0,0,0,0,0,"47",0,0,0,0,0,0,0,0,0,0,0,0
layer_owner_released,1,47,0,0,0,0,0,0,0,0,0,0,0,0,0,0,0,0,0,0,0,0,0,"callbacks, worker drawables, DXMT presentation, SourceEscrow, and synthetic GPU work retired",0,0,0,0,0,0,0,0,0,0,0,0
layer_owner_claimed,1,47,0,0,0,0,0,0,0,0,0,0,0,0,0,0,0,0,0,0,0,0,0,"exclusive CAMetalLayer claim acquired before display-link attachment",0,0,0,0,0,0,0,0,0,0,0,0
display_link_attached,1,47,0,0,0,0,0,0,0,0,0,0,0,0,0,0,0,0,0,0,0,0,0,"display link attached after ordinary Presenter drained",0,0,0,0,0,0,0,0,0,0,0,0
display_callbacks_enabled,1,47,0,0,0,0,0,0,0,0,0,0,0,0,0,0,0,0,0,0,0,0,0,"display-link callbacks enabled under exclusive layer claim",0,0,0,0,0,0,0,0,0,0,0,0
session_active,1,47,0,0,0,0,0,0,0,0,0,0,0,0,0,0,0,0,0,0,0,0,0,"display resumed in fresh epoch",0,0,0,0,0,0,0,0,0,0,0,0
source_candidate_reserved,1,47,0,0,1,48,0,0,261021249837958,0,0,0,0,0,261021333171291,0,0,0,0,1,0,0,0,"mandatory SourceEscrow allocated; source-only mode",0,0,0,0,0,0,0,0,0,0,48,0
escrow_setup_failed,1,47,0,0,1,48,0,0,261021249837958,0,0,0,0,0,261021333171291,0,0,0,0,0,0,0,0,"injected pre-commit SourceEscrow copy setup failure",0,0,0,0,0,0,0,0,0,0,48,0
source_state_transition,1,47,0,0,1,48,0,0,261021249837958,0,0,0,0,0,261021333171291,0,0,0,0,0,0,0,0,"escrow_preparing->retired:reservation cancelled before transfer",0,0,0,0,0,0,0,0,0,0,0,0
source_terminal,1,47,0,0,1,48,0,0,261021249837958,0,0,0,0,0,261021333171291,0,0,0,0,0,0,0,0,"ordinary_fallback:ordinary DXMT Presenter retained this source",0,0,0,0,0,0,0,0,0,0,0,0
source_candidate_cancelled,1,47,0,0,1,48,0,0,261021249837958,0,0,0,0,0,261021333171291,0,0,0,0,0,0,0,0,"uncommitted reservation returned to ordinary Presenter",0,0,0,0,0,0,0,0,0,0,0,0
layer_owner_draining,1,47,0,0,0,0,0,0,0,0,0,0,0,0,0,0,0,0,0,0,0,0,0,"generation stopped; display worker drains accepted real sources before callbacks stop",0,0,0,0,0,0,0,0,0,0,0,0
generation_submissions_drained,1,47,0,0,0,0,0,0,0,0,0,0,0,0,0,0,0,0,0,0,0,0,0,"no synthetic generation submission remains in flight",0,0,0,0,0,0,0,0,0,0,0,0
presentation_feedback_drained,1,47,0,0,0,0,0,0,0,0,0,0,0,0,0,0,0,0,0,0,0,0,0,"all accepted sources are terminal and drawable/GPU callbacks retired",0,0,0,0,0,0,0,0,0,0,0,0
display_callbacks_stopped,1,47,0,0,0,0,0,0,0,0,0,0,0,0,0,0,0,0,0,0,0,0,0,"display-link invalidated after in-flight delegate callbacks returned",0,0,0,0,0,0,0,0,0,0,0,0
worker_drawables_retired,1,47,0,0,0,0,0,0,0,0,0,0,0,0,0,0,0,0,0,0,0,0,0,"no presentation worker tick retains a callback-owned drawable",0,0,0,0,0,0,0,0,0,0,0,0
synthetic_gpu_work_drained,1,47,0,0,0,0,0,0,0,0,0,0,0,0,0,0,0,0,0,0,0,0,0,"all synthetic Framegen GPU completions retired before resource release",0,0,0,0,0,0,0,0,0,0,0,0
epoch_reset,1,48,0,0,0,0,0,0,0,0,0,0,0,0,0,0,0,0,0,0,0,0,0,"48",0,0,0,0,0,0,0,0,0,0,0,0
layer_owner_released,1,48,0,0,0,0,0,0,0,0,0,0,0,0,0,0,0,0,0,0,0,0,0,"callbacks, worker drawables, DXMT presentation, SourceEscrow, and synthetic GPU work retired",0,0,0,0,0,0,0,0,0,0,0,0
layer_owner_claimed,1,48,0,0,0,0,0,0,0,0,0,0,0,0,0,0,0,0,0,0,0,0,0,"exclusive CAMetalLayer claim acquired before display-link attachment",0,0,0,0,0,0,0,0,0,0,0,0
display_link_attached,1,48,0,0,0,0,0,0,0,0,0,0,0,0,0,0,0,0,0,0,0,0,0,"display link attached after ordinary Presenter drained",0,0,0,0,0,0,0,0,0,0,0,0
display_callbacks_enabled,1,48,0,0,0,0,0,0,0,0,0,0,0,0,0,0,0,0,0,0,0,0,0,"display-link callbacks enabled under exclusive layer claim",0,0,0,0,0,0,0,0,0,0,0,0
session_active,1,48,0,0,0,0,0,0,0,0,0,0,0,0,0,0,0,0,0,0,0,0,0,"display resumed in fresh epoch",0,0,0,0,0,0,0,0,0,0,0,0
source_candidate_reserved,1,48,0,0,1,49,0,0,261021282230333,0,0,0,0,0,261021365563666,0,0,0,0,1,0,0,0,"mandatory SourceEscrow allocated; source-only mode",0,0,0,0,0,0,0,0,0,0,49,0
escrow_setup_failed,1,48,0,0,1,49,0,0,261021282230333,0,0,0,0,0,261021365563666,0,0,0,0,0,0,0,0,"injected pre-commit SourceEscrow copy setup failure",0,0,0,0,0,0,0,0,0,0,49,0
source_state_transition,1,48,0,0,1,49,0,0,261021282230333,0,0,0,0,0,261021365563666,0,0,0,0,0,0,0,0,"escrow_preparing->retired:reservation cancelled before transfer",0,0,0,0,0,0,0,0,0,0,0,0
source_terminal,1,48,0,0,1,49,0,0,261021282230333,0,0,0,0,0,261021365563666,0,0,0,0,0,0,0,0,"ordinary_fallback:ordinary DXMT Presenter retained this source",0,0,0,0,0,0,0,0,0,0,0,0
source_candidate_cancelled,1,48,0,0,1,49,0,0,261021282230333,0,0,0,0,0,261021365563666,0,0,0,0,0,0,0,0,"uncommitted reservation returned to ordinary Presenter",0,0,0,0,0,0,0,0,0,0,0,0
layer_owner_draining,1,48,0,0,0,0,0,0,0,0,0,0,0,0,0,0,0,0,0,0,0,0,0,"generation stopped; display worker drains accepted real sources before callbacks stop",0,0,0,0,0,0,0,0,0,0,0,0
generation_submissions_drained,1,48,0,0,0,0,0,0,0,0,0,0,0,0,0,0,0,0,0,0,0,0,0,"no synthetic generation submission remains in flight",0,0,0,0,0,0,0,0,0,0,0,0
presentation_feedback_drained,1,48,0,0,0,0,0,0,0,0,0,0,0,0,0,0,0,0,0,0,0,0,0,"all accepted sources are terminal and drawable/GPU callbacks retired",0,0,0,0,0,0,0,0,0,0,0,0
display_callbacks_stopped,1,48,0,0,0,0,0,0,0,0,0,0,0,0,0,0,0,0,0,0,0,0,0,"display-link invalidated after in-flight delegate callbacks returned",0,0,0,0,0,0,0,0,0,0,0,0
worker_drawables_retired,1,48,0,0,0,0,0,0,0,0,0,0,0,0,0,0,0,0,0,0,0,0,0,"no presentation worker tick retains a callback-owned drawable",0,0,0,0,0,0,0,0,0,0,0,0
synthetic_gpu_work_drained,1,48,0,0,0,0,0,0,0,0,0,0,0,0,0,0,0,0,0,0,0,0,0,"all synthetic Framegen GPU completions retired before resource release",0,0,0,0,0,0,0,0,0,0,0,0
epoch_reset,1,49,0,0,0,0,0,0,0,0,0,0,0,0,0,0,0,0,0,0,0,0,0,"49",0,0,0,0,0,0,0,0,0,0,0,0
layer_owner_released,1,49,0,0,0,0,0,0,0,0,0,0,0,0,0,0,0,0,0,0,0,0,0,"callbacks, worker drawables, DXMT presentation, SourceEscrow, and synthetic GPU work retired",0,0,0,0,0,0,0,0,0,0,0,0
layer_owner_claimed,1,49,0,0,0,0,0,0,0,0,0,0,0,0,0,0,0,0,0,0,0,0,0,"exclusive CAMetalLayer claim acquired before display-link attachment",0,0,0,0,0,0,0,0,0,0,0,0
display_link_attached,1,49,0,0,0,0,0,0,0,0,0,0,0,0,0,0,0,0,0,0,0,0,0,"display link attached after ordinary Presenter drained",0,0,0,0,0,0,0,0,0,0,0,0
display_callbacks_enabled,1,49,0,0,0,0,0,0,0,0,0,0,0,0,0,0,0,0,0,0,0,0,0,"display-link callbacks enabled under exclusive layer claim",0,0,0,0,0,0,0,0,0,0,0,0
session_active,1,49,0,0,0,0,0,0,0,0,0,0,0,0,0,0,0,0,0,0,0,0,0,"display resumed in fresh epoch",0,0,0,0,0,0,0,0,0,0,0,0
source_candidate_reserved,1,49,0,0,1,50,0,0,261021315931583,0,0,0,0,0,261021399264916,0,0,0,0,1,0,0,0,"mandatory SourceEscrow allocated; source-only mode",0,0,0,0,0,0,0,0,0,0,50,0
escrow_setup_failed,1,49,0,0,1,50,0,0,261021315931583,0,0,0,0,0,261021399264916,0,0,0,0,0,0,0,0,"injected pre-commit SourceEscrow copy setup failure",0,0,0,0,0,0,0,0,0,0,50,0
source_state_transition,1,49,0,0,1,50,0,0,261021315931583,0,0,0,0,0,261021399264916,0,0,0,0,0,0,0,0,"escrow_preparing->retired:reservation cancelled before transfer",0,0,0,0,0,0,0,0,0,0,0,0
source_terminal,1,49,0,0,1,50,0,0,261021315931583,0,0,0,0,0,261021399264916,0,0,0,0,0,0,0,0,"ordinary_fallback:ordinary DXMT Presenter retained this source",0,0,0,0,0,0,0,0,0,0,0,0
source_candidate_cancelled,1,49,0,0,1,50,0,0,261021315931583,0,0,0,0,0,261021399264916,0,0,0,0,0,0,0,0,"uncommitted reservation returned to ordinary Presenter",0,0,0,0,0,0,0,0,0,0,0,0
layer_owner_draining,1,49,0,0,0,0,0,0,0,0,0,0,0,0,0,0,0,0,0,0,0,0,0,"generation stopped; display worker drains accepted real sources before callbacks stop",0,0,0,0,0,0,0,0,0,0,0,0
generation_submissions_drained,1,49,0,0,0,0,0,0,0,0,0,0,0,0,0,0,0,0,0,0,0,0,0,"no synthetic generation submission remains in flight",0,0,0,0,0,0,0,0,0,0,0,0
presentation_feedback_drained,1,49,0,0,0,0,0,0,0,0,0,0,0,0,0,0,0,0,0,0,0,0,0,"all accepted sources are terminal and drawable/GPU callbacks retired",0,0,0,0,0,0,0,0,0,0,0,0
display_callbacks_stopped,1,49,0,0,0,0,0,0,0,0,0,0,0,0,0,0,0,0,0,0,0,0,0,"display-link invalidated after in-flight delegate callbacks returned",0,0,0,0,0,0,0,0,0,0,0,0
worker_drawables_retired,1,49,0,0,0,0,0,0,0,0,0,0,0,0,0,0,0,0,0,0,0,0,0,"no presentation worker tick retains a callback-owned drawable",0,0,0,0,0,0,0,0,0,0,0,0
synthetic_gpu_work_drained,1,49,0,0,0,0,0,0,0,0,0,0,0,0,0,0,0,0,0,0,0,0,0,"all synthetic Framegen GPU completions retired before resource release",0,0,0,0,0,0,0,0,0,0,0,0
epoch_reset,1,50,0,0,0,0,0,0,0,0,0,0,0,0,0,0,0,0,0,0,0,0,0,"50",0,0,0,0,0,0,0,0,0,0,0,0
layer_owner_released,1,50,0,0,0,0,0,0,0,0,0,0,0,0,0,0,0,0,0,0,0,0,0,"callbacks, worker drawables, DXMT presentation, SourceEscrow, and synthetic GPU work retired",0,0,0,0,0,0,0,0,0,0,0,0
layer_owner_claimed,1,50,0,0,0,0,0,0,0,0,0,0,0,0,0,0,0,0,0,0,0,0,0,"exclusive CAMetalLayer claim acquired before display-link attachment",0,0,0,0,0,0,0,0,0,0,0,0
display_link_attached,1,50,0,0,0,0,0,0,0,0,0,0,0,0,0,0,0,0,0,0,0,0,0,"display link attached after ordinary Presenter drained",0,0,0,0,0,0,0,0,0,0,0,0
display_callbacks_enabled,1,50,0,0,0,0,0,0,0,0,0,0,0,0,0,0,0,0,0,0,0,0,0,"display-link callbacks enabled under exclusive layer claim",0,0,0,0,0,0,0,0,0,0,0,0
session_active,1,50,0,0,0,0,0,0,0,0,0,0,0,0,0,0,0,0,0,0,0,0,0,"display resumed in fresh epoch",0,0,0,0,0,0,0,0,0,0,0,0
source_candidate_reserved,1,50,0,0,1,51,0,0,261021350116583,0,0,0,0,0,261021433449916,0,0,0,0,1,0,0,0,"mandatory SourceEscrow allocated; source-only mode",0,0,0,0,0,0,0,0,0,0,51,0
escrow_setup_failed,1,50,0,0,1,51,0,0,261021350116583,0,0,0,0,0,261021433449916,0,0,0,0,0,0,0,0,"injected pre-commit SourceEscrow copy setup failure",0,0,0,0,0,0,0,0,0,0,51,0
source_state_transition,1,50,0,0,1,51,0,0,261021350116583,0,0,0,0,0,261021433449916,0,0,0,0,0,0,0,0,"escrow_preparing->retired:reservation cancelled before transfer",0,0,0,0,0,0,0,0,0,0,0,0
source_terminal,1,50,0,0,1,51,0,0,261021350116583,0,0,0,0,0,261021433449916,0,0,0,0,0,0,0,0,"ordinary_fallback:ordinary DXMT Presenter retained this source",0,0,0,0,0,0,0,0,0,0,0,0
source_candidate_cancelled,1,50,0,0,1,51,0,0,261021350116583,0,0,0,0,0,261021433449916,0,0,0,0,0,0,0,0,"uncommitted reservation returned to ordinary Presenter",0,0,0,0,0,0,0,0,0,0,0,0
layer_owner_draining,1,50,0,0,0,0,0,0,0,0,0,0,0,0,0,0,0,0,0,0,0,0,0,"generation stopped; display worker drains accepted real sources before callbacks stop",0,0,0,0,0,0,0,0,0,0,0,0
generation_submissions_drained,1,50,0,0,0,0,0,0,0,0,0,0,0,0,0,0,0,0,0,0,0,0,0,"no synthetic generation submission remains in flight",0,0,0,0,0,0,0,0,0,0,0,0
presentation_feedback_drained,1,50,0,0,0,0,0,0,0,0,0,0,0,0,0,0,0,0,0,0,0,0,0,"all accepted sources are terminal and drawable/GPU callbacks retired",0,0,0,0,0,0,0,0,0,0,0,0
display_callbacks_stopped,1,50,0,0,0,0,0,0,0,0,0,0,0,0,0,0,0,0,0,0,0,0,0,"display-link invalidated after in-flight delegate callbacks returned",0,0,0,0,0,0,0,0,0,0,0,0
worker_drawables_retired,1,50,0,0,0,0,0,0,0,0,0,0,0,0,0,0,0,0,0,0,0,0,0,"no presentation worker tick retains a callback-owned drawable",0,0,0,0,0,0,0,0,0,0,0,0
synthetic_gpu_work_drained,1,50,0,0,0,0,0,0,0,0,0,0,0,0,0,0,0,0,0,0,0,0,0,"all synthetic Framegen GPU completions retired before resource release",0,0,0,0,0,0,0,0,0,0,0,0
epoch_reset,1,51,0,0,0,0,0,0,0,0,0,0,0,0,0,0,0,0,0,0,0,0,0,"51",0,0,0,0,0,0,0,0,0,0,0,0
layer_owner_released,1,51,0,0,0,0,0,0,0,0,0,0,0,0,0,0,0,0,0,0,0,0,0,"callbacks, worker drawables, DXMT presentation, SourceEscrow, and synthetic GPU work retired",0,0,0,0,0,0,0,0,0,0,0,0
layer_owner_claimed,1,51,0,0,0,0,0,0,0,0,0,0,0,0,0,0,0,0,0,0,0,0,0,"exclusive CAMetalLayer claim acquired before display-link attachment",0,0,0,0,0,0,0,0,0,0,0,0
display_link_attached,1,51,0,0,0,0,0,0,0,0,0,0,0,0,0,0,0,0,0,0,0,0,0,"display link attached after ordinary Presenter drained",0,0,0,0,0,0,0,0,0,0,0,0
display_callbacks_enabled,1,51,0,0,0,0,0,0,0,0,0,0,0,0,0,0,0,0,0,0,0,0,0,"display-link callbacks enabled under exclusive layer claim",0,0,0,0,0,0,0,0,0,0,0,0
session_active,1,51,0,0,0,0,0,0,0,0,0,0,0,0,0,0,0,0,0,0,0,0,0,"display resumed in fresh epoch",0,0,0,0,0,0,0,0,0,0,0,0
source_candidate_reserved,1,51,0,0,1,52,0,0,261021383326541,0,0,0,0,0,261021466659874,0,0,0,0,1,0,0,0,"mandatory SourceEscrow allocated; source-only mode",0,0,0,0,0,0,0,0,0,0,52,0
escrow_setup_failed,1,51,0,0,1,52,0,0,261021383326541,0,0,0,0,0,261021466659874,0,0,0,0,0,0,0,0,"injected pre-commit SourceEscrow copy setup failure",0,0,0,0,0,0,0,0,0,0,52,0
source_state_transition,1,51,0,0,1,52,0,0,261021383326541,0,0,0,0,0,261021466659874,0,0,0,0,0,0,0,0,"escrow_preparing->retired:reservation cancelled before transfer",0,0,0,0,0,0,0,0,0,0,0,0
source_terminal,1,51,0,0,1,52,0,0,261021383326541,0,0,0,0,0,261021466659874,0,0,0,0,0,0,0,0,"ordinary_fallback:ordinary DXMT Presenter retained this source",0,0,0,0,0,0,0,0,0,0,0,0
source_candidate_cancelled,1,51,0,0,1,52,0,0,261021383326541,0,0,0,0,0,261021466659874,0,0,0,0,0,0,0,0,"uncommitted reservation returned to ordinary Presenter",0,0,0,0,0,0,0,0,0,0,0,0
layer_owner_draining,1,51,0,0,0,0,0,0,0,0,0,0,0,0,0,0,0,0,0,0,0,0,0,"generation stopped; display worker drains accepted real sources before callbacks stop",0,0,0,0,0,0,0,0,0,0,0,0
generation_submissions_drained,1,51,0,0,0,0,0,0,0,0,0,0,0,0,0,0,0,0,0,0,0,0,0,"no synthetic generation submission remains in flight",0,0,0,0,0,0,0,0,0,0,0,0
presentation_feedback_drained,1,51,0,0,0,0,0,0,0,0,0,0,0,0,0,0,0,0,0,0,0,0,0,"all accepted sources are terminal and drawable/GPU callbacks retired",0,0,0,0,0,0,0,0,0,0,0,0
display_callbacks_stopped,1,51,0,0,0,0,0,0,0,0,0,0,0,0,0,0,0,0,0,0,0,0,0,"display-link invalidated after in-flight delegate callbacks returned",0,0,0,0,0,0,0,0,0,0,0,0
worker_drawables_retired,1,51,0,0,0,0,0,0,0,0,0,0,0,0,0,0,0,0,0,0,0,0,0,"no presentation worker tick retains a callback-owned drawable",0,0,0,0,0,0,0,0,0,0,0,0
synthetic_gpu_work_drained,1,51,0,0,0,0,0,0,0,0,0,0,0,0,0,0,0,0,0,0,0,0,0,"all synthetic Framegen GPU completions retired before resource release",0,0,0,0,0,0,0,0,0,0,0,0
epoch_reset,1,52,0,0,0,0,0,0,0,0,0,0,0,0,0,0,0,0,0,0,0,0,0,"52",0,0,0,0,0,0,0,0,0,0,0,0
layer_owner_released,1,52,0,0,0,0,0,0,0,0,0,0,0,0,0,0,0,0,0,0,0,0,0,"callbacks, worker drawables, DXMT presentation, SourceEscrow, and synthetic GPU work retired",0,0,0,0,0,0,0,0,0,0,0,0
layer_owner_claimed,1,52,0,0,0,0,0,0,0,0,0,0,0,0,0,0,0,0,0,0,0,0,0,"exclusive CAMetalLayer claim acquired before display-link attachment",0,0,0,0,0,0,0,0,0,0,0,0
display_link_attached,1,52,0,0,0,0,0,0,0,0,0,0,0,0,0,0,0,0,0,0,0,0,0,"display link attached after ordinary Presenter drained",0,0,0,0,0,0,0,0,0,0,0,0
display_callbacks_enabled,1,52,0,0,0,0,0,0,0,0,0,0,0,0,0,0,0,0,0,0,0,0,0,"display-link callbacks enabled under exclusive layer claim",0,0,0,0,0,0,0,0,0,0,0,0
session_active,1,52,0,0,0,0,0,0,0,0,0,0,0,0,0,0,0,0,0,0,0,0,0,"display resumed in fresh epoch",0,0,0,0,0,0,0,0,0,0,0,0
source_candidate_reserved,1,52,0,0,1,53,0,0,261021415620416,0,0,0,0,0,261021498953749,0,0,0,0,1,0,0,0,"mandatory SourceEscrow allocated; source-only mode",0,0,0,0,0,0,0,0,0,0,53,0
escrow_setup_failed,1,52,0,0,1,53,0,0,261021415620416,0,0,0,0,0,261021498953749,0,0,0,0,0,0,0,0,"injected pre-commit SourceEscrow copy setup failure",0,0,0,0,0,0,0,0,0,0,53,0
source_state_transition,1,52,0,0,1,53,0,0,261021415620416,0,0,0,0,0,261021498953749,0,0,0,0,0,0,0,0,"escrow_preparing->retired:reservation cancelled before transfer",0,0,0,0,0,0,0,0,0,0,0,0
source_terminal,1,52,0,0,1,53,0,0,261021415620416,0,0,0,0,0,261021498953749,0,0,0,0,0,0,0,0,"ordinary_fallback:ordinary DXMT Presenter retained this source",0,0,0,0,0,0,0,0,0,0,0,0
source_candidate_cancelled,1,52,0,0,1,53,0,0,261021415620416,0,0,0,0,0,261021498953749,0,0,0,0,0,0,0,0,"uncommitted reservation returned to ordinary Presenter",0,0,0,0,0,0,0,0,0,0,0,0
layer_owner_draining,1,52,0,0,0,0,0,0,0,0,0,0,0,0,0,0,0,0,0,0,0,0,0,"generation stopped; display worker drains accepted real sources before callbacks stop",0,0,0,0,0,0,0,0,0,0,0,0
generation_submissions_drained,1,52,0,0,0,0,0,0,0,0,0,0,0,0,0,0,0,0,0,0,0,0,0,"no synthetic generation submission remains in flight",0,0,0,0,0,0,0,0,0,0,0,0
presentation_feedback_drained,1,52,0,0,0,0,0,0,0,0,0,0,0,0,0,0,0,0,0,0,0,0,0,"all accepted sources are terminal and drawable/GPU callbacks retired",0,0,0,0,0,0,0,0,0,0,0,0
display_callbacks_stopped,1,52,0,0,0,0,0,0,0,0,0,0,0,0,0,0,0,0,0,0,0,0,0,"display-link invalidated after in-flight delegate callbacks returned",0,0,0,0,0,0,0,0,0,0,0,0
worker_drawables_retired,1,52,0,0,0,0,0,0,0,0,0,0,0,0,0,0,0,0,0,0,0,0,0,"no presentation worker tick retains a callback-owned drawable",0,0,0,0,0,0,0,0,0,0,0,0
synthetic_gpu_work_drained,1,52,0,0,0,0,0,0,0,0,0,0,0,0,0,0,0,0,0,0,0,0,0,"all synthetic Framegen GPU completions retired before resource release",0,0,0,0,0,0,0,0,0,0,0,0
epoch_reset,1,53,0,0,0,0,0,0,0,0,0,0,0,0,0,0,0,0,0,0,0,0,0,"53",0,0,0,0,0,0,0,0,0,0,0,0
layer_owner_released,1,53,0,0,0,0,0,0,0,0,0,0,0,0,0,0,0,0,0,0,0,0,0,"callbacks, worker drawables, DXMT presentation, SourceEscrow, and synthetic GPU work retired",0,0,0,0,0,0,0,0,0,0,0,0
layer_owner_claimed,1,53,0,0,0,0,0,0,0,0,0,0,0,0,0,0,0,0,0,0,0,0,0,"exclusive CAMetalLayer claim acquired before display-link attachment",0,0,0,0,0,0,0,0,0,0,0,0
display_link_attached,1,53,0,0,0,0,0,0,0,0,0,0,0,0,0,0,0,0,0,0,0,0,0,"display link attached after ordinary Presenter drained",0,0,0,0,0,0,0,0,0,0,0,0
display_callbacks_enabled,1,53,0,0,0,0,0,0,0,0,0,0,0,0,0,0,0,0,0,0,0,0,0,"display-link callbacks enabled under exclusive layer claim",0,0,0,0,0,0,0,0,0,0,0,0
session_active,1,53,0,0,0,0,0,0,0,0,0,0,0,0,0,0,0,0,0,0,0,0,0,"display resumed in fresh epoch",0,0,0,0,0,0,0,0,0,0,0,0
source_candidate_reserved,1,53,0,0,1,54,0,0,261021448862916,0,0,0,0,0,261021532196249,0,0,0,0,1,0,0,0,"mandatory SourceEscrow allocated; source-only mode",0,0,0,0,0,0,0,0,0,0,54,0
escrow_setup_failed,1,53,0,0,1,54,0,0,261021448862916,0,0,0,0,0,261021532196249,0,0,0,0,0,0,0,0,"injected pre-commit SourceEscrow copy setup failure",0,0,0,0,0,0,0,0,0,0,54,0
source_state_transition,1,53,0,0,1,54,0,0,261021448862916,0,0,0,0,0,261021532196249,0,0,0,0,0,0,0,0,"escrow_preparing->retired:reservation cancelled before transfer",0,0,0,0,0,0,0,0,0,0,0,0
source_terminal,1,53,0,0,1,54,0,0,261021448862916,0,0,0,0,0,261021532196249,0,0,0,0,0,0,0,0,"ordinary_fallback:ordinary DXMT Presenter retained this source",0,0,0,0,0,0,0,0,0,0,0,0
source_candidate_cancelled,1,53,0,0,1,54,0,0,261021448862916,0,0,0,0,0,261021532196249,0,0,0,0,0,0,0,0,"uncommitted reservation returned to ordinary Presenter",0,0,0,0,0,0,0,0,0,0,0,0
layer_owner_draining,1,53,0,0,0,0,0,0,0,0,0,0,0,0,0,0,0,0,0,0,0,0,0,"generation stopped; display worker drains accepted real sources before callbacks stop",0,0,0,0,0,0,0,0,0,0,0,0
generation_submissions_drained,1,53,0,0,0,0,0,0,0,0,0,0,0,0,0,0,0,0,0,0,0,0,0,"no synthetic generation submission remains in flight",0,0,0,0,0,0,0,0,0,0,0,0
presentation_feedback_drained,1,53,0,0,0,0,0,0,0,0,0,0,0,0,0,0,0,0,0,0,0,0,0,"all accepted sources are terminal and drawable/GPU callbacks retired",0,0,0,0,0,0,0,0,0,0,0,0
display_callbacks_stopped,1,53,0,0,0,0,0,0,0,0,0,0,0,0,0,0,0,0,0,0,0,0,0,"display-link invalidated after in-flight delegate callbacks returned",0,0,0,0,0,0,0,0,0,0,0,0
worker_drawables_retired,1,53,0,0,0,0,0,0,0,0,0,0,0,0,0,0,0,0,0,0,0,0,0,"no presentation worker tick retains a callback-owned drawable",0,0,0,0,0,0,0,0,0,0,0,0
synthetic_gpu_work_drained,1,53,0,0,0,0,0,0,0,0,0,0,0,0,0,0,0,0,0,0,0,0,0,"all synthetic Framegen GPU completions retired before resource release",0,0,0,0,0,0,0,0,0,0,0,0
epoch_reset,1,54,0,0,0,0,0,0,0,0,0,0,0,0,0,0,0,0,0,0,0,0,0,"54",0,0,0,0,0,0,0,0,0,0,0,0
layer_owner_released,1,54,0,0,0,0,0,0,0,0,0,0,0,0,0,0,0,0,0,0,0,0,0,"callbacks, worker drawables, DXMT presentation, SourceEscrow, and synthetic GPU work retired",0,0,0,0,0,0,0,0,0,0,0,0
layer_owner_claimed,1,54,0,0,0,0,0,0,0,0,0,0,0,0,0,0,0,0,0,0,0,0,0,"exclusive CAMetalLayer claim acquired before display-link attachment",0,0,0,0,0,0,0,0,0,0,0,0
display_link_attached,1,54,0,0,0,0,0,0,0,0,0,0,0,0,0,0,0,0,0,0,0,0,0,"display link attached after ordinary Presenter drained",0,0,0,0,0,0,0,0,0,0,0,0
display_callbacks_enabled,1,54,0,0,0,0,0,0,0,0,0,0,0,0,0,0,0,0,0,0,0,0,0,"display-link callbacks enabled under exclusive layer claim",0,0,0,0,0,0,0,0,0,0,0,0
session_active,1,54,0,0,0,0,0,0,0,0,0,0,0,0,0,0,0,0,0,0,0,0,0,"display resumed in fresh epoch",0,0,0,0,0,0,0,0,0,0,0,0
source_candidate_reserved,1,54,0,0,1,55,0,0,261021483041125,0,0,0,0,0,261021566374458,0,0,0,0,1,0,0,0,"mandatory SourceEscrow allocated; source-only mode",0,0,0,0,0,0,0,0,0,0,55,0
escrow_setup_failed,1,54,0,0,1,55,0,0,261021483041125,0,0,0,0,0,261021566374458,0,0,0,0,0,0,0,0,"injected pre-commit SourceEscrow copy setup failure",0,0,0,0,0,0,0,0,0,0,55,0
source_state_transition,1,54,0,0,1,55,0,0,261021483041125,0,0,0,0,0,261021566374458,0,0,0,0,0,0,0,0,"escrow_preparing->retired:reservation cancelled before transfer",0,0,0,0,0,0,0,0,0,0,0,0
source_terminal,1,54,0,0,1,55,0,0,261021483041125,0,0,0,0,0,261021566374458,0,0,0,0,0,0,0,0,"ordinary_fallback:ordinary DXMT Presenter retained this source",0,0,0,0,0,0,0,0,0,0,0,0
source_candidate_cancelled,1,54,0,0,1,55,0,0,261021483041125,0,0,0,0,0,261021566374458,0,0,0,0,0,0,0,0,"uncommitted reservation returned to ordinary Presenter",0,0,0,0,0,0,0,0,0,0,0,0
layer_owner_draining,1,54,0,0,0,0,0,0,0,0,0,0,0,0,0,0,0,0,0,0,0,0,0,"generation stopped; display worker drains accepted real sources before callbacks stop",0,0,0,0,0,0,0,0,0,0,0,0
generation_submissions_drained,1,54,0,0,0,0,0,0,0,0,0,0,0,0,0,0,0,0,0,0,0,0,0,"no synthetic generation submission remains in flight",0,0,0,0,0,0,0,0,0,0,0,0
presentation_feedback_drained,1,54,0,0,0,0,0,0,0,0,0,0,0,0,0,0,0,0,0,0,0,0,0,"all accepted sources are terminal and drawable/GPU callbacks retired",0,0,0,0,0,0,0,0,0,0,0,0
display_callbacks_stopped,1,54,0,0,0,0,0,0,0,0,0,0,0,0,0,0,0,0,0,0,0,0,0,"display-link invalidated after in-flight delegate callbacks returned",0,0,0,0,0,0,0,0,0,0,0,0
worker_drawables_retired,1,54,0,0,0,0,0,0,0,0,0,0,0,0,0,0,0,0,0,0,0,0,0,"no presentation worker tick retains a callback-owned drawable",0,0,0,0,0,0,0,0,0,0,0,0
synthetic_gpu_work_drained,1,54,0,0,0,0,0,0,0,0,0,0,0,0,0,0,0,0,0,0,0,0,0,"all synthetic Framegen GPU completions retired before resource release",0,0,0,0,0,0,0,0,0,0,0,0
epoch_reset,1,55,0,0,0,0,0,0,0,0,0,0,0,0,0,0,0,0,0,0,0,0,0,"55",0,0,0,0,0,0,0,0,0,0,0,0
layer_owner_released,1,55,0,0,0,0,0,0,0,0,0,0,0,0,0,0,0,0,0,0,0,0,0,"callbacks, worker drawables, DXMT presentation, SourceEscrow, and synthetic GPU work retired",0,0,0,0,0,0,0,0,0,0,0,0
layer_owner_claimed,1,55,0,0,0,0,0,0,0,0,0,0,0,0,0,0,0,0,0,0,0,0,0,"exclusive CAMetalLayer claim acquired before display-link attachment",0,0,0,0,0,0,0,0,0,0,0,0
display_link_attached,1,55,0,0,0,0,0,0,0,0,0,0,0,0,0,0,0,0,0,0,0,0,0,"display link attached after ordinary Presenter drained",0,0,0,0,0,0,0,0,0,0,0,0
display_callbacks_enabled,1,55,0,0,0,0,0,0,0,0,0,0,0,0,0,0,0,0,0,0,0,0,0,"display-link callbacks enabled under exclusive layer claim",0,0,0,0,0,0,0,0,0,0,0,0
session_active,1,55,0,0,0,0,0,0,0,0,0,0,0,0,0,0,0,0,0,0,0,0,0,"display resumed in fresh epoch",0,0,0,0,0,0,0,0,0,0,0,0
source_candidate_reserved,1,55,0,0,1,56,0,0,261021516073125,0,0,0,0,0,261021599406458,0,0,0,0,1,0,0,0,"mandatory SourceEscrow allocated; source-only mode",0,0,0,0,0,0,0,0,0,0,56,0
escrow_setup_failed,1,55,0,0,1,56,0,0,261021516073125,0,0,0,0,0,261021599406458,0,0,0,0,0,0,0,0,"injected pre-commit SourceEscrow copy setup failure",0,0,0,0,0,0,0,0,0,0,56,0
source_state_transition,1,55,0,0,1,56,0,0,261021516073125,0,0,0,0,0,261021599406458,0,0,0,0,0,0,0,0,"escrow_preparing->retired:reservation cancelled before transfer",0,0,0,0,0,0,0,0,0,0,0,0
source_terminal,1,55,0,0,1,56,0,0,261021516073125,0,0,0,0,0,261021599406458,0,0,0,0,0,0,0,0,"ordinary_fallback:ordinary DXMT Presenter retained this source",0,0,0,0,0,0,0,0,0,0,0,0
source_candidate_cancelled,1,55,0,0,1,56,0,0,261021516073125,0,0,0,0,0,261021599406458,0,0,0,0,0,0,0,0,"uncommitted reservation returned to ordinary Presenter",0,0,0,0,0,0,0,0,0,0,0,0
layer_owner_draining,1,55,0,0,0,0,0,0,0,0,0,0,0,0,0,0,0,0,0,0,0,0,0,"generation stopped; display worker drains accepted real sources before callbacks stop",0,0,0,0,0,0,0,0,0,0,0,0
generation_submissions_drained,1,55,0,0,0,0,0,0,0,0,0,0,0,0,0,0,0,0,0,0,0,0,0,"no synthetic generation submission remains in flight",0,0,0,0,0,0,0,0,0,0,0,0
presentation_feedback_drained,1,55,0,0,0,0,0,0,0,0,0,0,0,0,0,0,0,0,0,0,0,0,0,"all accepted sources are terminal and drawable/GPU callbacks retired",0,0,0,0,0,0,0,0,0,0,0,0
display_callbacks_stopped,1,55,0,0,0,0,0,0,0,0,0,0,0,0,0,0,0,0,0,0,0,0,0,"display-link invalidated after in-flight delegate callbacks returned",0,0,0,0,0,0,0,0,0,0,0,0
worker_drawables_retired,1,55,0,0,0,0,0,0,0,0,0,0,0,0,0,0,0,0,0,0,0,0,0,"no presentation worker tick retains a callback-owned drawable",0,0,0,0,0,0,0,0,0,0,0,0
synthetic_gpu_work_drained,1,55,0,0,0,0,0,0,0,0,0,0,0,0,0,0,0,0,0,0,0,0,0,"all synthetic Framegen GPU completions retired before resource release",0,0,0,0,0,0,0,0,0,0,0,0
epoch_reset,1,56,0,0,0,0,0,0,0,0,0,0,0,0,0,0,0,0,0,0,0,0,0,"56",0,0,0,0,0,0,0,0,0,0,0,0
layer_owner_released,1,56,0,0,0,0,0,0,0,0,0,0,0,0,0,0,0,0,0,0,0,0,0,"callbacks, worker drawables, DXMT presentation, SourceEscrow, and synthetic GPU work retired",0,0,0,0,0,0,0,0,0,0,0,0
layer_owner_claimed,1,56,0,0,0,0,0,0,0,0,0,0,0,0,0,0,0,0,0,0,0,0,0,"exclusive CAMetalLayer claim acquired before display-link attachment",0,0,0,0,0,0,0,0,0,0,0,0
display_link_attached,1,56,0,0,0,0,0,0,0,0,0,0,0,0,0,0,0,0,0,0,0,0,0,"display link attached after ordinary Presenter drained",0,0,0,0,0,0,0,0,0,0,0,0
display_callbacks_enabled,1,56,0,0,0,0,0,0,0,0,0,0,0,0,0,0,0,0,0,0,0,0,0,"display-link callbacks enabled under exclusive layer claim",0,0,0,0,0,0,0,0,0,0,0,0
session_active,1,56,0,0,0,0,0,0,0,0,0,0,0,0,0,0,0,0,0,0,0,0,0,"display resumed in fresh epoch",0,0,0,0,0,0,0,0,0,0,0,0
source_candidate_reserved,1,56,0,0,1,57,0,0,261021550225750,0,0,0,0,0,261021633559083,0,0,0,0,1,0,0,0,"mandatory SourceEscrow allocated; source-only mode",0,0,0,0,0,0,0,0,0,0,57,0
escrow_setup_failed,1,56,0,0,1,57,0,0,261021550225750,0,0,0,0,0,261021633559083,0,0,0,0,0,0,0,0,"injected pre-commit SourceEscrow copy setup failure",0,0,0,0,0,0,0,0,0,0,57,0
source_state_transition,1,56,0,0,1,57,0,0,261021550225750,0,0,0,0,0,261021633559083,0,0,0,0,0,0,0,0,"escrow_preparing->retired:reservation cancelled before transfer",0,0,0,0,0,0,0,0,0,0,0,0
source_terminal,1,56,0,0,1,57,0,0,261021550225750,0,0,0,0,0,261021633559083,0,0,0,0,0,0,0,0,"ordinary_fallback:ordinary DXMT Presenter retained this source",0,0,0,0,0,0,0,0,0,0,0,0
source_candidate_cancelled,1,56,0,0,1,57,0,0,261021550225750,0,0,0,0,0,261021633559083,0,0,0,0,0,0,0,0,"uncommitted reservation returned to ordinary Presenter",0,0,0,0,0,0,0,0,0,0,0,0
layer_owner_draining,1,56,0,0,0,0,0,0,0,0,0,0,0,0,0,0,0,0,0,0,0,0,0,"generation stopped; display worker drains accepted real sources before callbacks stop",0,0,0,0,0,0,0,0,0,0,0,0
generation_submissions_drained,1,56,0,0,0,0,0,0,0,0,0,0,0,0,0,0,0,0,0,0,0,0,0,"no synthetic generation submission remains in flight",0,0,0,0,0,0,0,0,0,0,0,0
presentation_feedback_drained,1,56,0,0,0,0,0,0,0,0,0,0,0,0,0,0,0,0,0,0,0,0,0,"all accepted sources are terminal and drawable/GPU callbacks retired",0,0,0,0,0,0,0,0,0,0,0,0
display_callbacks_stopped,1,56,0,0,0,0,0,0,0,0,0,0,0,0,0,0,0,0,0,0,0,0,0,"display-link invalidated after in-flight delegate callbacks returned",0,0,0,0,0,0,0,0,0,0,0,0
worker_drawables_retired,1,56,0,0,0,0,0,0,0,0,0,0,0,0,0,0,0,0,0,0,0,0,0,"no presentation worker tick retains a callback-owned drawable",0,0,0,0,0,0,0,0,0,0,0,0
synthetic_gpu_work_drained,1,56,0,0,0,0,0,0,0,0,0,0,0,0,0,0,0,0,0,0,0,0,0,"all synthetic Framegen GPU completions retired before resource release",0,0,0,0,0,0,0,0,0,0,0,0
epoch_reset,1,57,0,0,0,0,0,0,0,0,0,0,0,0,0,0,0,0,0,0,0,0,0,"57",0,0,0,0,0,0,0,0,0,0,0,0
layer_owner_released,1,57,0,0,0,0,0,0,0,0,0,0,0,0,0,0,0,0,0,0,0,0,0,"callbacks, worker drawables, DXMT presentation, SourceEscrow, and synthetic GPU work retired",0,0,0,0,0,0,0,0,0,0,0,0
layer_owner_claimed,1,57,0,0,0,0,0,0,0,0,0,0,0,0,0,0,0,0,0,0,0,0,0,"exclusive CAMetalLayer claim acquired before display-link attachment",0,0,0,0,0,0,0,0,0,0,0,0
display_link_attached,1,57,0,0,0,0,0,0,0,0,0,0,0,0,0,0,0,0,0,0,0,0,0,"display link attached after ordinary Presenter drained",0,0,0,0,0,0,0,0,0,0,0,0
display_callbacks_enabled,1,57,0,0,0,0,0,0,0,0,0,0,0,0,0,0,0,0,0,0,0,0,0,"display-link callbacks enabled under exclusive layer claim",0,0,0,0,0,0,0,0,0,0,0,0
session_active,1,57,0,0,0,0,0,0,0,0,0,0,0,0,0,0,0,0,0,0,0,0,0,"display resumed in fresh epoch",0,0,0,0,0,0,0,0,0,0,0,0
source_candidate_reserved,1,57,0,0,1,58,0,0,261021582730708,0,0,0,0,0,261021666064041,0,0,0,0,1,0,0,0,"mandatory SourceEscrow allocated; source-only mode",0,0,0,0,0,0,0,0,0,0,58,0
escrow_setup_failed,1,57,0,0,1,58,0,0,261021582730708,0,0,0,0,0,261021666064041,0,0,0,0,0,0,0,0,"injected pre-commit SourceEscrow copy setup failure",0,0,0,0,0,0,0,0,0,0,58,0
source_state_transition,1,57,0,0,1,58,0,0,261021582730708,0,0,0,0,0,261021666064041,0,0,0,0,0,0,0,0,"escrow_preparing->retired:reservation cancelled before transfer",0,0,0,0,0,0,0,0,0,0,0,0
source_terminal,1,57,0,0,1,58,0,0,261021582730708,0,0,0,0,0,261021666064041,0,0,0,0,0,0,0,0,"ordinary_fallback:ordinary DXMT Presenter retained this source",0,0,0,0,0,0,0,0,0,0,0,0
source_candidate_cancelled,1,57,0,0,1,58,0,0,261021582730708,0,0,0,0,0,261021666064041,0,0,0,0,0,0,0,0,"uncommitted reservation returned to ordinary Presenter",0,0,0,0,0,0,0,0,0,0,0,0
layer_owner_draining,1,57,0,0,0,0,0,0,0,0,0,0,0,0,0,0,0,0,0,0,0,0,0,"generation stopped; display worker drains accepted real sources before callbacks stop",0,0,0,0,0,0,0,0,0,0,0,0
generation_submissions_drained,1,57,0,0,0,0,0,0,0,0,0,0,0,0,0,0,0,0,0,0,0,0,0,"no synthetic generation submission remains in flight",0,0,0,0,0,0,0,0,0,0,0,0
presentation_feedback_drained,1,57,0,0,0,0,0,0,0,0,0,0,0,0,0,0,0,0,0,0,0,0,0,"all accepted sources are terminal and drawable/GPU callbacks retired",0,0,0,0,0,0,0,0,0,0,0,0
display_callbacks_stopped,1,57,0,0,0,0,0,0,0,0,0,0,0,0,0,0,0,0,0,0,0,0,0,"display-link invalidated after in-flight delegate callbacks returned",0,0,0,0,0,0,0,0,0,0,0,0
worker_drawables_retired,1,57,0,0,0,0,0,0,0,0,0,0,0,0,0,0,0,0,0,0,0,0,0,"no presentation worker tick retains a callback-owned drawable",0,0,0,0,0,0,0,0,0,0,0,0
synthetic_gpu_work_drained,1,57,0,0,0,0,0,0,0,0,0,0,0,0,0,0,0,0,0,0,0,0,0,"all synthetic Framegen GPU completions retired before resource release",0,0,0,0,0,0,0,0,0,0,0,0
epoch_reset,1,58,0,0,0,0,0,0,0,0,0,0,0,0,0,0,0,0,0,0,0,0,0,"58",0,0,0,0,0,0,0,0,0,0,0,0
layer_owner_released,1,58,0,0,0,0,0,0,0,0,0,0,0,0,0,0,0,0,0,0,0,0,0,"callbacks, worker drawables, DXMT presentation, SourceEscrow, and synthetic GPU work retired",0,0,0,0,0,0,0,0,0,0,0,0
layer_owner_claimed,1,58,0,0,0,0,0,0,0,0,0,0,0,0,0,0,0,0,0,0,0,0,0,"exclusive CAMetalLayer claim acquired before display-link attachment",0,0,0,0,0,0,0,0,0,0,0,0
display_link_attached,1,58,0,0,0,0,0,0,0,0,0,0,0,0,0,0,0,0,0,0,0,0,0,"display link attached after ordinary Presenter drained",0,0,0,0,0,0,0,0,0,0,0,0
display_callbacks_enabled,1,58,0,0,0,0,0,0,0,0,0,0,0,0,0,0,0,0,0,0,0,0,0,"display-link callbacks enabled under exclusive layer claim",0,0,0,0,0,0,0,0,0,0,0,0
session_active,1,58,0,0,0,0,0,0,0,0,0,0,0,0,0,0,0,0,0,0,0,0,0,"display resumed in fresh epoch",0,0,0,0,0,0,0,0,0,0,0,0
source_candidate_reserved,1,58,0,0,1,59,0,0,261021615615125,0,0,0,0,0,261021698948458,0,0,0,0,1,0,0,0,"mandatory SourceEscrow allocated; source-only mode",0,0,0,0,0,0,0,0,0,0,59,0
escrow_setup_failed,1,58,0,0,1,59,0,0,261021615615125,0,0,0,0,0,261021698948458,0,0,0,0,0,0,0,0,"injected pre-commit SourceEscrow copy setup failure",0,0,0,0,0,0,0,0,0,0,59,0
source_state_transition,1,58,0,0,1,59,0,0,261021615615125,0,0,0,0,0,261021698948458,0,0,0,0,0,0,0,0,"escrow_preparing->retired:reservation cancelled before transfer",0,0,0,0,0,0,0,0,0,0,0,0
source_terminal,1,58,0,0,1,59,0,0,261021615615125,0,0,0,0,0,261021698948458,0,0,0,0,0,0,0,0,"ordinary_fallback:ordinary DXMT Presenter retained this source",0,0,0,0,0,0,0,0,0,0,0,0
source_candidate_cancelled,1,58,0,0,1,59,0,0,261021615615125,0,0,0,0,0,261021698948458,0,0,0,0,0,0,0,0,"uncommitted reservation returned to ordinary Presenter",0,0,0,0,0,0,0,0,0,0,0,0
layer_owner_draining,1,58,0,0,0,0,0,0,0,0,0,0,0,0,0,0,0,0,0,0,0,0,0,"generation stopped; display worker drains accepted real sources before callbacks stop",0,0,0,0,0,0,0,0,0,0,0,0
generation_submissions_drained,1,58,0,0,0,0,0,0,0,0,0,0,0,0,0,0,0,0,0,0,0,0,0,"no synthetic generation submission remains in flight",0,0,0,0,0,0,0,0,0,0,0,0
presentation_feedback_drained,1,58,0,0,0,0,0,0,0,0,0,0,0,0,0,0,0,0,0,0,0,0,0,"all accepted sources are terminal and drawable/GPU callbacks retired",0,0,0,0,0,0,0,0,0,0,0,0
display_callbacks_stopped,1,58,0,0,0,0,0,0,0,0,0,0,0,0,0,0,0,0,0,0,0,0,0,"display-link invalidated after in-flight delegate callbacks returned",0,0,0,0,0,0,0,0,0,0,0,0
worker_drawables_retired,1,58,0,0,0,0,0,0,0,0,0,0,0,0,0,0,0,0,0,0,0,0,0,"no presentation worker tick retains a callback-owned drawable",0,0,0,0,0,0,0,0,0,0,0,0
synthetic_gpu_work_drained,1,58,0,0,0,0,0,0,0,0,0,0,0,0,0,0,0,0,0,0,0,0,0,"all synthetic Framegen GPU completions retired before resource release",0,0,0,0,0,0,0,0,0,0,0,0
epoch_reset,1,59,0,0,0,0,0,0,0,0,0,0,0,0,0,0,0,0,0,0,0,0,0,"59",0,0,0,0,0,0,0,0,0,0,0,0
layer_owner_released,1,59,0,0,0,0,0,0,0,0,0,0,0,0,0,0,0,0,0,0,0,0,0,"callbacks, worker drawables, DXMT presentation, SourceEscrow, and synthetic GPU work retired",0,0,0,0,0,0,0,0,0,0,0,0
layer_owner_claimed,1,59,0,0,0,0,0,0,0,0,0,0,0,0,0,0,0,0,0,0,0,0,0,"exclusive CAMetalLayer claim acquired before display-link attachment",0,0,0,0,0,0,0,0,0,0,0,0
display_link_attached,1,59,0,0,0,0,0,0,0,0,0,0,0,0,0,0,0,0,0,0,0,0,0,"display link attached after ordinary Presenter drained",0,0,0,0,0,0,0,0,0,0,0,0
display_callbacks_enabled,1,59,0,0,0,0,0,0,0,0,0,0,0,0,0,0,0,0,0,0,0,0,0,"display-link callbacks enabled under exclusive layer claim",0,0,0,0,0,0,0,0,0,0,0,0
session_active,1,59,0,0,0,0,0,0,0,0,0,0,0,0,0,0,0,0,0,0,0,0,0,"display resumed in fresh epoch",0,0,0,0,0,0,0,0,0,0,0,0
source_candidate_reserved,1,59,0,0,1,60,0,0,261021648230416,0,0,0,0,0,261021731563749,0,0,0,0,1,0,0,0,"mandatory SourceEscrow allocated; source-only mode",0,0,0,0,0,0,0,0,0,0,60,0
escrow_setup_failed,1,59,0,0,1,60,0,0,261021648230416,0,0,0,0,0,261021731563749,0,0,0,0,0,0,0,0,"injected pre-commit SourceEscrow copy setup failure",0,0,0,0,0,0,0,0,0,0,60,0
source_state_transition,1,59,0,0,1,60,0,0,261021648230416,0,0,0,0,0,261021731563749,0,0,0,0,0,0,0,0,"escrow_preparing->retired:reservation cancelled before transfer",0,0,0,0,0,0,0,0,0,0,0,0
source_terminal,1,59,0,0,1,60,0,0,261021648230416,0,0,0,0,0,261021731563749,0,0,0,0,0,0,0,0,"ordinary_fallback:ordinary DXMT Presenter retained this source",0,0,0,0,0,0,0,0,0,0,0,0
source_candidate_cancelled,1,59,0,0,1,60,0,0,261021648230416,0,0,0,0,0,261021731563749,0,0,0,0,0,0,0,0,"uncommitted reservation returned to ordinary Presenter",0,0,0,0,0,0,0,0,0,0,0,0
layer_owner_draining,1,59,0,0,0,0,0,0,0,0,0,0,0,0,0,0,0,0,0,0,0,0,0,"generation stopped; display worker drains accepted real sources before callbacks stop",0,0,0,0,0,0,0,0,0,0,0,0
generation_submissions_drained,1,59,0,0,0,0,0,0,0,0,0,0,0,0,0,0,0,0,0,0,0,0,0,"no synthetic generation submission remains in flight",0,0,0,0,0,0,0,0,0,0,0,0
presentation_feedback_drained,1,59,0,0,0,0,0,0,0,0,0,0,0,0,0,0,0,0,0,0,0,0,0,"all accepted sources are terminal and drawable/GPU callbacks retired",0,0,0,0,0,0,0,0,0,0,0,0
display_callbacks_stopped,1,59,0,0,0,0,0,0,0,0,0,0,0,0,0,0,0,0,0,0,0,0,0,"display-link invalidated after in-flight delegate callbacks returned",0,0,0,0,0,0,0,0,0,0,0,0
worker_drawables_retired,1,59,0,0,0,0,0,0,0,0,0,0,0,0,0,0,0,0,0,0,0,0,0,"no presentation worker tick retains a callback-owned drawable",0,0,0,0,0,0,0,0,0,0,0,0
synthetic_gpu_work_drained,1,59,0,0,0,0,0,0,0,0,0,0,0,0,0,0,0,0,0,0,0,0,0,"all synthetic Framegen GPU completions retired before resource release",0,0,0,0,0,0,0,0,0,0,0,0
epoch_reset,1,60,0,0,0,0,0,0,0,0,0,0,0,0,0,0,0,0,0,0,0,0,0,"60",0,0,0,0,0,0,0,0,0,0,0,0
layer_owner_released,1,60,0,0,0,0,0,0,0,0,0,0,0,0,0,0,0,0,0,0,0,0,0,"callbacks, worker drawables, DXMT presentation, SourceEscrow, and synthetic GPU work retired",0,0,0,0,0,0,0,0,0,0,0,0
layer_owner_claimed,1,60,0,0,0,0,0,0,0,0,0,0,0,0,0,0,0,0,0,0,0,0,0,"exclusive CAMetalLayer claim acquired before display-link attachment",0,0,0,0,0,0,0,0,0,0,0,0
display_link_attached,1,60,0,0,0,0,0,0,0,0,0,0,0,0,0,0,0,0,0,0,0,0,0,"display link attached after ordinary Presenter drained",0,0,0,0,0,0,0,0,0,0,0,0
display_callbacks_enabled,1,60,0,0,0,0,0,0,0,0,0,0,0,0,0,0,0,0,0,0,0,0,0,"display-link callbacks enabled under exclusive layer claim",0,0,0,0,0,0,0,0,0,0,0,0
session_active,1,60,0,0,0,0,0,0,0,0,0,0,0,0,0,0,0,0,0,0,0,0,0,"display resumed in fresh epoch",0,0,0,0,0,0,0,0,0,0,0,0
source_candidate_reserved,1,60,0,0,1,61,0,0,261021683105250,0,0,0,0,0,261021766438583,0,0,0,0,1,0,0,0,"mandatory SourceEscrow allocated; source-only mode",0,0,0,0,0,0,0,0,0,0,61,0
escrow_setup_failed,1,60,0,0,1,61,0,0,261021683105250,0,0,0,0,0,261021766438583,0,0,0,0,0,0,0,0,"injected pre-commit SourceEscrow copy setup failure",0,0,0,0,0,0,0,0,0,0,61,0
source_state_transition,1,60,0,0,1,61,0,0,261021683105250,0,0,0,0,0,261021766438583,0,0,0,0,0,0,0,0,"escrow_preparing->retired:reservation cancelled before transfer",0,0,0,0,0,0,0,0,0,0,0,0
source_terminal,1,60,0,0,1,61,0,0,261021683105250,0,0,0,0,0,261021766438583,0,0,0,0,0,0,0,0,"ordinary_fallback:ordinary DXMT Presenter retained this source",0,0,0,0,0,0,0,0,0,0,0,0
source_candidate_cancelled,1,60,0,0,1,61,0,0,261021683105250,0,0,0,0,0,261021766438583,0,0,0,0,0,0,0,0,"uncommitted reservation returned to ordinary Presenter",0,0,0,0,0,0,0,0,0,0,0,0
layer_owner_draining,1,60,0,0,0,0,0,0,0,0,0,0,0,0,0,0,0,0,0,0,0,0,0,"generation stopped; display worker drains accepted real sources before callbacks stop",0,0,0,0,0,0,0,0,0,0,0,0
generation_submissions_drained,1,60,0,0,0,0,0,0,0,0,0,0,0,0,0,0,0,0,0,0,0,0,0,"no synthetic generation submission remains in flight",0,0,0,0,0,0,0,0,0,0,0,0
presentation_feedback_drained,1,60,0,0,0,0,0,0,0,0,0,0,0,0,0,0,0,0,0,0,0,0,0,"all accepted sources are terminal and drawable/GPU callbacks retired",0,0,0,0,0,0,0,0,0,0,0,0
display_callbacks_stopped,1,60,0,0,0,0,0,0,0,0,0,0,0,0,0,0,0,0,0,0,0,0,0,"display-link invalidated after in-flight delegate callbacks returned",0,0,0,0,0,0,0,0,0,0,0,0
worker_drawables_retired,1,60,0,0,0,0,0,0,0,0,0,0,0,0,0,0,0,0,0,0,0,0,0,"no presentation worker tick retains a callback-owned drawable",0,0,0,0,0,0,0,0,0,0,0,0
synthetic_gpu_work_drained,1,60,0,0,0,0,0,0,0,0,0,0,0,0,0,0,0,0,0,0,0,0,0,"all synthetic Framegen GPU completions retired before resource release",0,0,0,0,0,0,0,0,0,0,0,0
epoch_reset,1,61,0,0,0,0,0,0,0,0,0,0,0,0,0,0,0,0,0,0,0,0,0,"61",0,0,0,0,0,0,0,0,0,0,0,0
layer_owner_released,1,61,0,0,0,0,0,0,0,0,0,0,0,0,0,0,0,0,0,0,0,0,0,"callbacks, worker drawables, DXMT presentation, SourceEscrow, and synthetic GPU work retired",0,0,0,0,0,0,0,0,0,0,0,0
layer_owner_claimed,1,61,0,0,0,0,0,0,0,0,0,0,0,0,0,0,0,0,0,0,0,0,0,"exclusive CAMetalLayer claim acquired before display-link attachment",0,0,0,0,0,0,0,0,0,0,0,0
display_link_attached,1,61,0,0,0,0,0,0,0,0,0,0,0,0,0,0,0,0,0,0,0,0,0,"display link attached after ordinary Presenter drained",0,0,0,0,0,0,0,0,0,0,0,0
display_callbacks_enabled,1,61,0,0,0,0,0,0,0,0,0,0,0,0,0,0,0,0,0,0,0,0,0,"display-link callbacks enabled under exclusive layer claim",0,0,0,0,0,0,0,0,0,0,0,0
session_active,1,61,0,0,0,0,0,0,0,0,0,0,0,0,0,0,0,0,0,0,0,0,0,"display resumed in fresh epoch",0,0,0,0,0,0,0,0,0,0,0,0
source_candidate_reserved,1,61,0,0,1,62,0,0,261021717230583,0,0,0,0,0,261021800563916,0,0,0,0,1,0,0,0,"mandatory SourceEscrow allocated; source-only mode",0,0,0,0,0,0,0,0,0,0,62,0
escrow_setup_failed,1,61,0,0,1,62,0,0,261021717230583,0,0,0,0,0,261021800563916,0,0,0,0,0,0,0,0,"injected pre-commit SourceEscrow copy setup failure",0,0,0,0,0,0,0,0,0,0,62,0
source_state_transition,1,61,0,0,1,62,0,0,261021717230583,0,0,0,0,0,261021800563916,0,0,0,0,0,0,0,0,"escrow_preparing->retired:reservation cancelled before transfer",0,0,0,0,0,0,0,0,0,0,0,0
source_terminal,1,61,0,0,1,62,0,0,261021717230583,0,0,0,0,0,261021800563916,0,0,0,0,0,0,0,0,"ordinary_fallback:ordinary DXMT Presenter retained this source",0,0,0,0,0,0,0,0,0,0,0,0
source_candidate_cancelled,1,61,0,0,1,62,0,0,261021717230583,0,0,0,0,0,261021800563916,0,0,0,0,0,0,0,0,"uncommitted reservation returned to ordinary Presenter",0,0,0,0,0,0,0,0,0,0,0,0
layer_owner_draining,1,61,0,0,0,0,0,0,0,0,0,0,0,0,0,0,0,0,0,0,0,0,0,"generation stopped; display worker drains accepted real sources before callbacks stop",0,0,0,0,0,0,0,0,0,0,0,0
generation_submissions_drained,1,61,0,0,0,0,0,0,0,0,0,0,0,0,0,0,0,0,0,0,0,0,0,"no synthetic generation submission remains in flight",0,0,0,0,0,0,0,0,0,0,0,0
presentation_feedback_drained,1,61,0,0,0,0,0,0,0,0,0,0,0,0,0,0,0,0,0,0,0,0,0,"all accepted sources are terminal and drawable/GPU callbacks retired",0,0,0,0,0,0,0,0,0,0,0,0
display_callbacks_stopped,1,61,0,0,0,0,0,0,0,0,0,0,0,0,0,0,0,0,0,0,0,0,0,"display-link invalidated after in-flight delegate callbacks returned",0,0,0,0,0,0,0,0,0,0,0,0
worker_drawables_retired,1,61,0,0,0,0,0,0,0,0,0,0,0,0,0,0,0,0,0,0,0,0,0,"no presentation worker tick retains a callback-owned drawable",0,0,0,0,0,0,0,0,0,0,0,0
synthetic_gpu_work_drained,1,61,0,0,0,0,0,0,0,0,0,0,0,0,0,0,0,0,0,0,0,0,0,"all synthetic Framegen GPU completions retired before resource release",0,0,0,0,0,0,0,0,0,0,0,0
epoch_reset,1,62,0,0,0,0,0,0,0,0,0,0,0,0,0,0,0,0,0,0,0,0,0,"62",0,0,0,0,0,0,0,0,0,0,0,0
layer_owner_released,1,62,0,0,0,0,0,0,0,0,0,0,0,0,0,0,0,0,0,0,0,0,0,"callbacks, worker drawables, DXMT presentation, SourceEscrow, and synthetic GPU work retired",0,0,0,0,0,0,0,0,0,0,0,0
layer_owner_claimed,1,62,0,0,0,0,0,0,0,0,0,0,0,0,0,0,0,0,0,0,0,0,0,"exclusive CAMetalLayer claim acquired before display-link attachment",0,0,0,0,0,0,0,0,0,0,0,0
display_link_attached,1,62,0,0,0,0,0,0,0,0,0,0,0,0,0,0,0,0,0,0,0,0,0,"display link attached after ordinary Presenter drained",0,0,0,0,0,0,0,0,0,0,0,0
display_callbacks_enabled,1,62,0,0,0,0,0,0,0,0,0,0,0,0,0,0,0,0,0,0,0,0,0,"display-link callbacks enabled under exclusive layer claim",0,0,0,0,0,0,0,0,0,0,0,0
session_active,1,62,0,0,0,0,0,0,0,0,0,0,0,0,0,0,0,0,0,0,0,0,0,"display resumed in fresh epoch",0,0,0,0,0,0,0,0,0,0,0,0
source_candidate_reserved,1,62,0,0,1,63,0,0,261021749991625,0,0,0,0,0,261021833324958,0,0,0,0,1,0,0,0,"mandatory SourceEscrow allocated; source-only mode",0,0,0,0,0,0,0,0,0,0,63,0
escrow_setup_failed,1,62,0,0,1,63,0,0,261021749991625,0,0,0,0,0,261021833324958,0,0,0,0,0,0,0,0,"injected pre-commit SourceEscrow copy setup failure",0,0,0,0,0,0,0,0,0,0,63,0
source_state_transition,1,62,0,0,1,63,0,0,261021749991625,0,0,0,0,0,261021833324958,0,0,0,0,0,0,0,0,"escrow_preparing->retired:reservation cancelled before transfer",0,0,0,0,0,0,0,0,0,0,0,0
source_terminal,1,62,0,0,1,63,0,0,261021749991625,0,0,0,0,0,261021833324958,0,0,0,0,0,0,0,0,"ordinary_fallback:ordinary DXMT Presenter retained this source",0,0,0,0,0,0,0,0,0,0,0,0
source_candidate_cancelled,1,62,0,0,1,63,0,0,261021749991625,0,0,0,0,0,261021833324958,0,0,0,0,0,0,0,0,"uncommitted reservation returned to ordinary Presenter",0,0,0,0,0,0,0,0,0,0,0,0
layer_owner_draining,1,62,0,0,0,0,0,0,0,0,0,0,0,0,0,0,0,0,0,0,0,0,0,"generation stopped; display worker drains accepted real sources before callbacks stop",0,0,0,0,0,0,0,0,0,0,0,0
generation_submissions_drained,1,62,0,0,0,0,0,0,0,0,0,0,0,0,0,0,0,0,0,0,0,0,0,"no synthetic generation submission remains in flight",0,0,0,0,0,0,0,0,0,0,0,0
presentation_feedback_drained,1,62,0,0,0,0,0,0,0,0,0,0,0,0,0,0,0,0,0,0,0,0,0,"all accepted sources are terminal and drawable/GPU callbacks retired",0,0,0,0,0,0,0,0,0,0,0,0
display_callbacks_stopped,1,62,0,0,0,0,0,0,0,0,0,0,0,0,0,0,0,0,0,0,0,0,0,"display-link invalidated after in-flight delegate callbacks returned",0,0,0,0,0,0,0,0,0,0,0,0
worker_drawables_retired,1,62,0,0,0,0,0,0,0,0,0,0,0,0,0,0,0,0,0,0,0,0,0,"no presentation worker tick retains a callback-owned drawable",0,0,0,0,0,0,0,0,0,0,0,0
synthetic_gpu_work_drained,1,62,0,0,0,0,0,0,0,0,0,0,0,0,0,0,0,0,0,0,0,0,0,"all synthetic Framegen GPU completions retired before resource release",0,0,0,0,0,0,0,0,0,0,0,0
epoch_reset,1,63,0,0,0,0,0,0,0,0,0,0,0,0,0,0,0,0,0,0,0,0,0,"63",0,0,0,0,0,0,0,0,0,0,0,0
layer_owner_released,1,63,0,0,0,0,0,0,0,0,0,0,0,0,0,0,0,0,0,0,0,0,0,"callbacks, worker drawables, DXMT presentation, SourceEscrow, and synthetic GPU work retired",0,0,0,0,0,0,0,0,0,0,0,0
layer_owner_claimed,1,63,0,0,0,0,0,0,0,0,0,0,0,0,0,0,0,0,0,0,0,0,0,"exclusive CAMetalLayer claim acquired before display-link attachment",0,0,0,0,0,0,0,0,0,0,0,0
display_link_attached,1,63,0,0,0,0,0,0,0,0,0,0,0,0,0,0,0,0,0,0,0,0,0,"display link attached after ordinary Presenter drained",0,0,0,0,0,0,0,0,0,0,0,0
display_callbacks_enabled,1,63,0,0,0,0,0,0,0,0,0,0,0,0,0,0,0,0,0,0,0,0,0,"display-link callbacks enabled under exclusive layer claim",0,0,0,0,0,0,0,0,0,0,0,0
session_active,1,63,0,0,0,0,0,0,0,0,0,0,0,0,0,0,0,0,0,0,0,0,0,"display resumed in fresh epoch",0,0,0,0,0,0,0,0,0,0,0,0
source_candidate_reserved,1,63,0,0,1,64,0,0,261021782275833,0,0,0,0,0,261021865609166,0,0,0,0,1,0,0,0,"mandatory SourceEscrow allocated; source-only mode",0,0,0,0,0,0,0,0,0,0,64,0
escrow_setup_failed,1,63,0,0,1,64,0,0,261021782275833,0,0,0,0,0,261021865609166,0,0,0,0,0,0,0,0,"injected pre-commit SourceEscrow copy setup failure",0,0,0,0,0,0,0,0,0,0,64,0
source_state_transition,1,63,0,0,1,64,0,0,261021782275833,0,0,0,0,0,261021865609166,0,0,0,0,0,0,0,0,"escrow_preparing->retired:reservation cancelled before transfer",0,0,0,0,0,0,0,0,0,0,0,0
source_terminal,1,63,0,0,1,64,0,0,261021782275833,0,0,0,0,0,261021865609166,0,0,0,0,0,0,0,0,"ordinary_fallback:ordinary DXMT Presenter retained this source",0,0,0,0,0,0,0,0,0,0,0,0
source_candidate_cancelled,1,63,0,0,1,64,0,0,261021782275833,0,0,0,0,0,261021865609166,0,0,0,0,0,0,0,0,"uncommitted reservation returned to ordinary Presenter",0,0,0,0,0,0,0,0,0,0,0,0
layer_owner_draining,1,63,0,0,0,0,0,0,0,0,0,0,0,0,0,0,0,0,0,0,0,0,0,"generation stopped; display worker drains accepted real sources before callbacks stop",0,0,0,0,0,0,0,0,0,0,0,0
generation_submissions_drained,1,63,0,0,0,0,0,0,0,0,0,0,0,0,0,0,0,0,0,0,0,0,0,"no synthetic generation submission remains in flight",0,0,0,0,0,0,0,0,0,0,0,0
presentation_feedback_drained,1,63,0,0,0,0,0,0,0,0,0,0,0,0,0,0,0,0,0,0,0,0,0,"all accepted sources are terminal and drawable/GPU callbacks retired",0,0,0,0,0,0,0,0,0,0,0,0
display_callbacks_stopped,1,63,0,0,0,0,0,0,0,0,0,0,0,0,0,0,0,0,0,0,0,0,0,"display-link invalidated after in-flight delegate callbacks returned",0,0,0,0,0,0,0,0,0,0,0,0
worker_drawables_retired,1,63,0,0,0,0,0,0,0,0,0,0,0,0,0,0,0,0,0,0,0,0,0,"no presentation worker tick retains a callback-owned drawable",0,0,0,0,0,0,0,0,0,0,0,0
synthetic_gpu_work_drained,1,63,0,0,0,0,0,0,0,0,0,0,0,0,0,0,0,0,0,0,0,0,0,"all synthetic Framegen GPU completions retired before resource release",0,0,0,0,0,0,0,0,0,0,0,0
epoch_reset,1,64,0,0,0,0,0,0,0,0,0,0,0,0,0,0,0,0,0,0,0,0,0,"64",0,0,0,0,0,0,0,0,0,0,0,0
layer_owner_released,1,64,0,0,0,0,0,0,0,0,0,0,0,0,0,0,0,0,0,0,0,0,0,"callbacks, worker drawables, DXMT presentation, SourceEscrow, and synthetic GPU work retired",0,0,0,0,0,0,0,0,0,0,0,0
layer_owner_claimed,1,64,0,0,0,0,0,0,0,0,0,0,0,0,0,0,0,0,0,0,0,0,0,"exclusive CAMetalLayer claim acquired before display-link attachment",0,0,0,0,0,0,0,0,0,0,0,0
display_link_attached,1,64,0,0,0,0,0,0,0,0,0,0,0,0,0,0,0,0,0,0,0,0,0,"display link attached after ordinary Presenter drained",0,0,0,0,0,0,0,0,0,0,0,0
display_callbacks_enabled,1,64,0,0,0,0,0,0,0,0,0,0,0,0,0,0,0,0,0,0,0,0,0,"display-link callbacks enabled under exclusive layer claim",0,0,0,0,0,0,0,0,0,0,0,0
session_active,1,64,0,0,0,0,0,0,0,0,0,0,0,0,0,0,0,0,0,0,0,0,0,"display resumed in fresh epoch",0,0,0,0,0,0,0,0,0,0,0,0
source_candidate_reserved,1,64,0,0,1,65,0,0,261021815853875,0,0,0,0,0,261021899187208,0,0,0,0,1,0,0,0,"mandatory SourceEscrow allocated; source-only mode",0,0,0,0,0,0,0,0,0,0,65,0
escrow_setup_failed,1,64,0,0,1,65,0,0,261021815853875,0,0,0,0,0,261021899187208,0,0,0,0,0,0,0,0,"injected pre-commit SourceEscrow copy setup failure",0,0,0,0,0,0,0,0,0,0,65,0
source_state_transition,1,64,0,0,1,65,0,0,261021815853875,0,0,0,0,0,261021899187208,0,0,0,0,0,0,0,0,"escrow_preparing->retired:reservation cancelled before transfer",0,0,0,0,0,0,0,0,0,0,0,0
source_terminal,1,64,0,0,1,65,0,0,261021815853875,0,0,0,0,0,261021899187208,0,0,0,0,0,0,0,0,"ordinary_fallback:ordinary DXMT Presenter retained this source",0,0,0,0,0,0,0,0,0,0,0,0
source_candidate_cancelled,1,64,0,0,1,65,0,0,261021815853875,0,0,0,0,0,261021899187208,0,0,0,0,0,0,0,0,"uncommitted reservation returned to ordinary Presenter",0,0,0,0,0,0,0,0,0,0,0,0
layer_owner_draining,1,64,0,0,0,0,0,0,0,0,0,0,0,0,0,0,0,0,0,0,0,0,0,"generation stopped; display worker drains accepted real sources before callbacks stop",0,0,0,0,0,0,0,0,0,0,0,0
generation_submissions_drained,1,64,0,0,0,0,0,0,0,0,0,0,0,0,0,0,0,0,0,0,0,0,0,"no synthetic generation submission remains in flight",0,0,0,0,0,0,0,0,0,0,0,0
presentation_feedback_drained,1,64,0,0,0,0,0,0,0,0,0,0,0,0,0,0,0,0,0,0,0,0,0,"all accepted sources are terminal and drawable/GPU callbacks retired",0,0,0,0,0,0,0,0,0,0,0,0
display_callbacks_stopped,1,64,0,0,0,0,0,0,0,0,0,0,0,0,0,0,0,0,0,0,0,0,0,"display-link invalidated after in-flight delegate callbacks returned",0,0,0,0,0,0,0,0,0,0,0,0
worker_drawables_retired,1,64,0,0,0,0,0,0,0,0,0,0,0,0,0,0,0,0,0,0,0,0,0,"no presentation worker tick retains a callback-owned drawable",0,0,0,0,0,0,0,0,0,0,0,0
synthetic_gpu_work_drained,1,64,0,0,0,0,0,0,0,0,0,0,0,0,0,0,0,0,0,0,0,0,0,"all synthetic Framegen GPU completions retired before resource release",0,0,0,0,0,0,0,0,0,0,0,0
epoch_reset,1,65,0,0,0,0,0,0,0,0,0,0,0,0,0,0,0,0,0,0,0,0,0,"65",0,0,0,0,0,0,0,0,0,0,0,0
layer_owner_released,1,65,0,0,0,0,0,0,0,0,0,0,0,0,0,0,0,0,0,0,0,0,0,"callbacks, worker drawables, DXMT presentation, SourceEscrow, and synthetic GPU work retired",0,0,0,0,0,0,0,0,0,0,0,0
layer_owner_claimed,1,65,0,0,0,0,0,0,0,0,0,0,0,0,0,0,0,0,0,0,0,0,0,"exclusive CAMetalLayer claim acquired before display-link attachment",0,0,0,0,0,0,0,0,0,0,0,0
display_link_attached,1,65,0,0,0,0,0,0,0,0,0,0,0,0,0,0,0,0,0,0,0,0,0,"display link attached after ordinary Presenter drained",0,0,0,0,0,0,0,0,0,0,0,0
display_callbacks_enabled,1,65,0,0,0,0,0,0,0,0,0,0,0,0,0,0,0,0,0,0,0,0,0,"display-link callbacks enabled under exclusive layer claim",0,0,0,0,0,0,0,0,0,0,0,0
session_active,1,65,0,0,0,0,0,0,0,0,0,0,0,0,0,0,0,0,0,0,0,0,0,"display resumed in fresh epoch",0,0,0,0,0,0,0,0,0,0,0,0
source_candidate_reserved,1,65,0,0,1,66,0,0,261021851030708,0,0,0,0,0,261021934364041,0,0,0,0,1,0,0,0,"mandatory SourceEscrow allocated; source-only mode",0,0,0,0,0,0,0,0,0,0,66,0
escrow_setup_failed,1,65,0,0,1,66,0,0,261021851030708,0,0,0,0,0,261021934364041,0,0,0,0,0,0,0,0,"injected pre-commit SourceEscrow copy setup failure",0,0,0,0,0,0,0,0,0,0,66,0
source_state_transition,1,65,0,0,1,66,0,0,261021851030708,0,0,0,0,0,261021934364041,0,0,0,0,0,0,0,0,"escrow_preparing->retired:reservation cancelled before transfer",0,0,0,0,0,0,0,0,0,0,0,0
source_terminal,1,65,0,0,1,66,0,0,261021851030708,0,0,0,0,0,261021934364041,0,0,0,0,0,0,0,0,"ordinary_fallback:ordinary DXMT Presenter retained this source",0,0,0,0,0,0,0,0,0,0,0,0
source_candidate_cancelled,1,65,0,0,1,66,0,0,261021851030708,0,0,0,0,0,261021934364041,0,0,0,0,0,0,0,0,"uncommitted reservation returned to ordinary Presenter",0,0,0,0,0,0,0,0,0,0,0,0
layer_owner_draining,1,65,0,0,0,0,0,0,0,0,0,0,0,0,0,0,0,0,0,0,0,0,0,"generation stopped; display worker drains accepted real sources before callbacks stop",0,0,0,0,0,0,0,0,0,0,0,0
generation_submissions_drained,1,65,0,0,0,0,0,0,0,0,0,0,0,0,0,0,0,0,0,0,0,0,0,"no synthetic generation submission remains in flight",0,0,0,0,0,0,0,0,0,0,0,0
presentation_feedback_drained,1,65,0,0,0,0,0,0,0,0,0,0,0,0,0,0,0,0,0,0,0,0,0,"all accepted sources are terminal and drawable/GPU callbacks retired",0,0,0,0,0,0,0,0,0,0,0,0
display_callbacks_stopped,1,65,0,0,0,0,0,0,0,0,0,0,0,0,0,0,0,0,0,0,0,0,0,"display-link invalidated after in-flight delegate callbacks returned",0,0,0,0,0,0,0,0,0,0,0,0
worker_drawables_retired,1,65,0,0,0,0,0,0,0,0,0,0,0,0,0,0,0,0,0,0,0,0,0,"no presentation worker tick retains a callback-owned drawable",0,0,0,0,0,0,0,0,0,0,0,0
synthetic_gpu_work_drained,1,65,0,0,0,0,0,0,0,0,0,0,0,0,0,0,0,0,0,0,0,0,0,"all synthetic Framegen GPU completions retired before resource release",0,0,0,0,0,0,0,0,0,0,0,0
epoch_reset,1,66,0,0,0,0,0,0,0,0,0,0,0,0,0,0,0,0,0,0,0,0,0,"66",0,0,0,0,0,0,0,0,0,0,0,0
layer_owner_released,1,66,0,0,0,0,0,0,0,0,0,0,0,0,0,0,0,0,0,0,0,0,0,"callbacks, worker drawables, DXMT presentation, SourceEscrow, and synthetic GPU work retired",0,0,0,0,0,0,0,0,0,0,0,0
layer_owner_claimed,1,66,0,0,0,0,0,0,0,0,0,0,0,0,0,0,0,0,0,0,0,0,0,"exclusive CAMetalLayer claim acquired before display-link attachment",0,0,0,0,0,0,0,0,0,0,0,0
display_link_attached,1,66,0,0,0,0,0,0,0,0,0,0,0,0,0,0,0,0,0,0,0,0,0,"display link attached after ordinary Presenter drained",0,0,0,0,0,0,0,0,0,0,0,0
display_callbacks_enabled,1,66,0,0,0,0,0,0,0,0,0,0,0,0,0,0,0,0,0,0,0,0,0,"display-link callbacks enabled under exclusive layer claim",0,0,0,0,0,0,0,0,0,0,0,0
session_active,1,66,0,0,0,0,0,0,0,0,0,0,0,0,0,0,0,0,0,0,0,0,0,"display resumed in fresh epoch",0,0,0,0,0,0,0,0,0,0,0,0
source_candidate_reserved,1,66,0,0,1,67,0,0,261021884068291,0,0,0,0,0,261021967401624,0,0,0,0,1,0,0,0,"mandatory SourceEscrow allocated; source-only mode",0,0,0,0,0,0,0,0,0,0,67,0
escrow_setup_failed,1,66,0,0,1,67,0,0,261021884068291,0,0,0,0,0,261021967401624,0,0,0,0,0,0,0,0,"injected pre-commit SourceEscrow copy setup failure",0,0,0,0,0,0,0,0,0,0,67,0
source_state_transition,1,66,0,0,1,67,0,0,261021884068291,0,0,0,0,0,261021967401624,0,0,0,0,0,0,0,0,"escrow_preparing->retired:reservation cancelled before transfer",0,0,0,0,0,0,0,0,0,0,0,0
source_terminal,1,66,0,0,1,67,0,0,261021884068291,0,0,0,0,0,261021967401624,0,0,0,0,0,0,0,0,"ordinary_fallback:ordinary DXMT Presenter retained this source",0,0,0,0,0,0,0,0,0,0,0,0
source_candidate_cancelled,1,66,0,0,1,67,0,0,261021884068291,0,0,0,0,0,261021967401624,0,0,0,0,0,0,0,0,"uncommitted reservation returned to ordinary Presenter",0,0,0,0,0,0,0,0,0,0,0,0
layer_owner_draining,1,66,0,0,0,0,0,0,0,0,0,0,0,0,0,0,0,0,0,0,0,0,0,"generation stopped; display worker drains accepted real sources before callbacks stop",0,0,0,0,0,0,0,0,0,0,0,0
generation_submissions_drained,1,66,0,0,0,0,0,0,0,0,0,0,0,0,0,0,0,0,0,0,0,0,0,"no synthetic generation submission remains in flight",0,0,0,0,0,0,0,0,0,0,0,0
presentation_feedback_drained,1,66,0,0,0,0,0,0,0,0,0,0,0,0,0,0,0,0,0,0,0,0,0,"all accepted sources are terminal and drawable/GPU callbacks retired",0,0,0,0,0,0,0,0,0,0,0,0
display_callbacks_stopped,1,66,0,0,0,0,0,0,0,0,0,0,0,0,0,0,0,0,0,0,0,0,0,"display-link invalidated after in-flight delegate callbacks returned",0,0,0,0,0,0,0,0,0,0,0,0
worker_drawables_retired,1,66,0,0,0,0,0,0,0,0,0,0,0,0,0,0,0,0,0,0,0,0,0,"no presentation worker tick retains a callback-owned drawable",0,0,0,0,0,0,0,0,0,0,0,0
synthetic_gpu_work_drained,1,66,0,0,0,0,0,0,0,0,0,0,0,0,0,0,0,0,0,0,0,0,0,"all synthetic Framegen GPU completions retired before resource release",0,0,0,0,0,0,0,0,0,0,0,0
epoch_reset,1,67,0,0,0,0,0,0,0,0,0,0,0,0,0,0,0,0,0,0,0,0,0,"67",0,0,0,0,0,0,0,0,0,0,0,0
layer_owner_released,1,67,0,0,0,0,0,0,0,0,0,0,0,0,0,0,0,0,0,0,0,0,0,"callbacks, worker drawables, DXMT presentation, SourceEscrow, and synthetic GPU work retired",0,0,0,0,0,0,0,0,0,0,0,0
layer_owner_claimed,1,67,0,0,0,0,0,0,0,0,0,0,0,0,0,0,0,0,0,0,0,0,0,"exclusive CAMetalLayer claim acquired before display-link attachment",0,0,0,0,0,0,0,0,0,0,0,0
display_link_attached,1,67,0,0,0,0,0,0,0,0,0,0,0,0,0,0,0,0,0,0,0,0,0,"display link attached after ordinary Presenter drained",0,0,0,0,0,0,0,0,0,0,0,0
display_callbacks_enabled,1,67,0,0,0,0,0,0,0,0,0,0,0,0,0,0,0,0,0,0,0,0,0,"display-link callbacks enabled under exclusive layer claim",0,0,0,0,0,0,0,0,0,0,0,0
session_active,1,67,0,0,0,0,0,0,0,0,0,0,0,0,0,0,0,0,0,0,0,0,0,"display resumed in fresh epoch",0,0,0,0,0,0,0,0,0,0,0,0
source_candidate_reserved,1,67,0,0,1,68,0,0,261021929072750,0,0,0,0,0,261022012406083,0,0,0,0,1,0,0,0,"mandatory SourceEscrow allocated; source-only mode",0,0,0,0,0,0,0,0,0,0,68,0
escrow_setup_failed,1,67,0,0,1,68,0,0,261021929072750,0,0,0,0,0,261022012406083,0,0,0,0,0,0,0,0,"injected pre-commit SourceEscrow copy setup failure",0,0,0,0,0,0,0,0,0,0,68,0
source_state_transition,1,67,0,0,1,68,0,0,261021929072750,0,0,0,0,0,261022012406083,0,0,0,0,0,0,0,0,"escrow_preparing->retired:reservation cancelled before transfer",0,0,0,0,0,0,0,0,0,0,0,0
source_terminal,1,67,0,0,1,68,0,0,261021929072750,0,0,0,0,0,261022012406083,0,0,0,0,0,0,0,0,"ordinary_fallback:ordinary DXMT Presenter retained this source",0,0,0,0,0,0,0,0,0,0,0,0
source_candidate_cancelled,1,67,0,0,1,68,0,0,261021929072750,0,0,0,0,0,261022012406083,0,0,0,0,0,0,0,0,"uncommitted reservation returned to ordinary Presenter",0,0,0,0,0,0,0,0,0,0,0,0
layer_owner_draining,1,67,0,0,0,0,0,0,0,0,0,0,0,0,0,0,0,0,0,0,0,0,0,"generation stopped; display worker drains accepted real sources before callbacks stop",0,0,0,0,0,0,0,0,0,0,0,0
generation_submissions_drained,1,67,0,0,0,0,0,0,0,0,0,0,0,0,0,0,0,0,0,0,0,0,0,"no synthetic generation submission remains in flight",0,0,0,0,0,0,0,0,0,0,0,0
presentation_feedback_drained,1,67,0,0,0,0,0,0,0,0,0,0,0,0,0,0,0,0,0,0,0,0,0,"all accepted sources are terminal and drawable/GPU callbacks retired",0,0,0,0,0,0,0,0,0,0,0,0
display_callbacks_stopped,1,67,0,0,0,0,0,0,0,0,0,0,0,0,0,0,0,0,0,0,0,0,0,"display-link invalidated after in-flight delegate callbacks returned",0,0,0,0,0,0,0,0,0,0,0,0
worker_drawables_retired,1,67,0,0,0,0,0,0,0,0,0,0,0,0,0,0,0,0,0,0,0,0,0,"no presentation worker tick retains a callback-owned drawable",0,0,0,0,0,0,0,0,0,0,0,0
synthetic_gpu_work_drained,1,67,0,0,0,0,0,0,0,0,0,0,0,0,0,0,0,0,0,0,0,0,0,"all synthetic Framegen GPU completions retired before resource release",0,0,0,0,0,0,0,0,0,0,0,0
epoch_reset,1,68,0,0,0,0,0,0,0,0,0,0,0,0,0,0,0,0,0,0,0,0,0,"68",0,0,0,0,0,0,0,0,0,0,0,0
layer_owner_released,1,68,0,0,0,0,0,0,0,0,0,0,0,0,0,0,0,0,0,0,0,0,0,"callbacks, worker drawables, DXMT presentation, SourceEscrow, and synthetic GPU work retired",0,0,0,0,0,0,0,0,0,0,0,0
layer_owner_claimed,1,68,0,0,0,0,0,0,0,0,0,0,0,0,0,0,0,0,0,0,0,0,0,"exclusive CAMetalLayer claim acquired before display-link attachment",0,0,0,0,0,0,0,0,0,0,0,0
display_link_attached,1,68,0,0,0,0,0,0,0,0,0,0,0,0,0,0,0,0,0,0,0,0,0,"display link attached after ordinary Presenter drained",0,0,0,0,0,0,0,0,0,0,0,0
display_callbacks_enabled,1,68,0,0,0,0,0,0,0,0,0,0,0,0,0,0,0,0,0,0,0,0,0,"display-link callbacks enabled under exclusive layer claim",0,0,0,0,0,0,0,0,0,0,0,0
session_active,1,68,0,0,0,0,0,0,0,0,0,0,0,0,0,0,0,0,0,0,0,0,0,"display resumed in fresh epoch",0,0,0,0,0,0,0,0,0,0,0,0
source_candidate_reserved,1,68,0,0,1,69,0,0,261021947678250,0,0,0,0,0,261022031011583,0,0,0,0,1,0,0,0,"mandatory SourceEscrow allocated; source-only mode",0,0,0,0,0,0,0,0,0,0,69,0
escrow_setup_failed,1,68,0,0,1,69,0,0,261021947678250,0,0,0,0,0,261022031011583,0,0,0,0,0,0,0,0,"injected pre-commit SourceEscrow copy setup failure",0,0,0,0,0,0,0,0,0,0,69,0
source_state_transition,1,68,0,0,1,69,0,0,261021947678250,0,0,0,0,0,261022031011583,0,0,0,0,0,0,0,0,"escrow_preparing->retired:reservation cancelled before transfer",0,0,0,0,0,0,0,0,0,0,0,0
source_terminal,1,68,0,0,1,69,0,0,261021947678250,0,0,0,0,0,261022031011583,0,0,0,0,0,0,0,0,"ordinary_fallback:ordinary DXMT Presenter retained this source",0,0,0,0,0,0,0,0,0,0,0,0
source_candidate_cancelled,1,68,0,0,1,69,0,0,261021947678250,0,0,0,0,0,261022031011583,0,0,0,0,0,0,0,0,"uncommitted reservation returned to ordinary Presenter",0,0,0,0,0,0,0,0,0,0,0,0
layer_owner_draining,1,68,0,0,0,0,0,0,0,0,0,0,0,0,0,0,0,0,0,0,0,0,0,"generation stopped; display worker drains accepted real sources before callbacks stop",0,0,0,0,0,0,0,0,0,0,0,0
generation_submissions_drained,1,68,0,0,0,0,0,0,0,0,0,0,0,0,0,0,0,0,0,0,0,0,0,"no synthetic generation submission remains in flight",0,0,0,0,0,0,0,0,0,0,0,0
presentation_feedback_drained,1,68,0,0,0,0,0,0,0,0,0,0,0,0,0,0,0,0,0,0,0,0,0,"all accepted sources are terminal and drawable/GPU callbacks retired",0,0,0,0,0,0,0,0,0,0,0,0
display_callbacks_stopped,1,68,0,0,0,0,0,0,0,0,0,0,0,0,0,0,0,0,0,0,0,0,0,"display-link invalidated after in-flight delegate callbacks returned",0,0,0,0,0,0,0,0,0,0,0,0
worker_drawables_retired,1,68,0,0,0,0,0,0,0,0,0,0,0,0,0,0,0,0,0,0,0,0,0,"no presentation worker tick retains a callback-owned drawable",0,0,0,0,0,0,0,0,0,0,0,0
synthetic_gpu_work_drained,1,68,0,0,0,0,0,0,0,0,0,0,0,0,0,0,0,0,0,0,0,0,0,"all synthetic Framegen GPU completions retired before resource release",0,0,0,0,0,0,0,0,0,0,0,0
epoch_reset,1,69,0,0,0,0,0,0,0,0,0,0,0,0,0,0,0,0,0,0,0,0,0,"69",0,0,0,0,0,0,0,0,0,0,0,0
layer_owner_released,1,69,0,0,0,0,0,0,0,0,0,0,0,0,0,0,0,0,0,0,0,0,0,"callbacks, worker drawables, DXMT presentation, SourceEscrow, and synthetic GPU work retired",0,0,0,0,0,0,0,0,0,0,0,0
layer_owner_claimed,1,69,0,0,0,0,0,0,0,0,0,0,0,0,0,0,0,0,0,0,0,0,0,"exclusive CAMetalLayer claim acquired before display-link attachment",0,0,0,0,0,0,0,0,0,0,0,0
display_link_attached,1,69,0,0,0,0,0,0,0,0,0,0,0,0,0,0,0,0,0,0,0,0,0,"display link attached after ordinary Presenter drained",0,0,0,0,0,0,0,0,0,0,0,0
display_callbacks_enabled,1,69,0,0,0,0,0,0,0,0,0,0,0,0,0,0,0,0,0,0,0,0,0,"display-link callbacks enabled under exclusive layer claim",0,0,0,0,0,0,0,0,0,0,0,0
session_active,1,69,0,0,0,0,0,0,0,0,0,0,0,0,0,0,0,0,0,0,0,0,0,"display resumed in fresh epoch",0,0,0,0,0,0,0,0,0,0,0,0
source_candidate_reserved,1,69,0,0,1,70,0,0,261021982565208,0,0,0,0,0,261022065898541,0,0,0,0,1,0,0,0,"mandatory SourceEscrow allocated; source-only mode",0,0,0,0,0,0,0,0,0,0,70,0
escrow_setup_failed,1,69,0,0,1,70,0,0,261021982565208,0,0,0,0,0,261022065898541,0,0,0,0,0,0,0,0,"injected pre-commit SourceEscrow copy setup failure",0,0,0,0,0,0,0,0,0,0,70,0
source_state_transition,1,69,0,0,1,70,0,0,261021982565208,0,0,0,0,0,261022065898541,0,0,0,0,0,0,0,0,"escrow_preparing->retired:reservation cancelled before transfer",0,0,0,0,0,0,0,0,0,0,0,0
source_terminal,1,69,0,0,1,70,0,0,261021982565208,0,0,0,0,0,261022065898541,0,0,0,0,0,0,0,0,"ordinary_fallback:ordinary DXMT Presenter retained this source",0,0,0,0,0,0,0,0,0,0,0,0
source_candidate_cancelled,1,69,0,0,1,70,0,0,261021982565208,0,0,0,0,0,261022065898541,0,0,0,0,0,0,0,0,"uncommitted reservation returned to ordinary Presenter",0,0,0,0,0,0,0,0,0,0,0,0
layer_owner_draining,1,69,0,0,0,0,0,0,0,0,0,0,0,0,0,0,0,0,0,0,0,0,0,"generation stopped; display worker drains accepted real sources before callbacks stop",0,0,0,0,0,0,0,0,0,0,0,0
generation_submissions_drained,1,69,0,0,0,0,0,0,0,0,0,0,0,0,0,0,0,0,0,0,0,0,0,"no synthetic generation submission remains in flight",0,0,0,0,0,0,0,0,0,0,0,0
presentation_feedback_drained,1,69,0,0,0,0,0,0,0,0,0,0,0,0,0,0,0,0,0,0,0,0,0,"all accepted sources are terminal and drawable/GPU callbacks retired",0,0,0,0,0,0,0,0,0,0,0,0
display_callbacks_stopped,1,69,0,0,0,0,0,0,0,0,0,0,0,0,0,0,0,0,0,0,0,0,0,"display-link invalidated after in-flight delegate callbacks returned",0,0,0,0,0,0,0,0,0,0,0,0
worker_drawables_retired,1,69,0,0,0,0,0,0,0,0,0,0,0,0,0,0,0,0,0,0,0,0,0,"no presentation worker tick retains a callback-owned drawable",0,0,0,0,0,0,0,0,0,0,0,0
synthetic_gpu_work_drained,1,69,0,0,0,0,0,0,0,0,0,0,0,0,0,0,0,0,0,0,0,0,0,"all synthetic Framegen GPU completions retired before resource release",0,0,0,0,0,0,0,0,0,0,0,0
epoch_reset,1,70,0,0,0,0,0,0,0,0,0,0,0,0,0,0,0,0,0,0,0,0,0,"70",0,0,0,0,0,0,0,0,0,0,0,0
layer_owner_released,1,70,0,0,0,0,0,0,0,0,0,0,0,0,0,0,0,0,0,0,0,0,0,"callbacks, worker drawables, DXMT presentation, SourceEscrow, and synthetic GPU work retired",0,0,0,0,0,0,0,0,0,0,0,0
layer_owner_claimed,1,70,0,0,0,0,0,0,0,0,0,0,0,0,0,0,0,0,0,0,0,0,0,"exclusive CAMetalLayer claim acquired before display-link attachment",0,0,0,0,0,0,0,0,0,0,0,0
display_link_attached,1,70,0,0,0,0,0,0,0,0,0,0,0,0,0,0,0,0,0,0,0,0,0,"display link attached after ordinary Presenter drained",0,0,0,0,0,0,0,0,0,0,0,0
display_callbacks_enabled,1,70,0,0,0,0,0,0,0,0,0,0,0,0,0,0,0,0,0,0,0,0,0,"display-link callbacks enabled under exclusive layer claim",0,0,0,0,0,0,0,0,0,0,0,0
session_active,1,70,0,0,0,0,0,0,0,0,0,0,0,0,0,0,0,0,0,0,0,0,0,"display resumed in fresh epoch",0,0,0,0,0,0,0,0,0,0,0,0
source_candidate_reserved,1,70,0,0,1,71,0,0,261022016133041,0,0,0,0,0,261022099466374,0,0,0,0,1,0,0,0,"mandatory SourceEscrow allocated; source-only mode",0,0,0,0,0,0,0,0,0,0,71,0
escrow_setup_failed,1,70,0,0,1,71,0,0,261022016133041,0,0,0,0,0,261022099466374,0,0,0,0,0,0,0,0,"injected pre-commit SourceEscrow copy setup failure",0,0,0,0,0,0,0,0,0,0,71,0
source_state_transition,1,70,0,0,1,71,0,0,261022016133041,0,0,0,0,0,261022099466374,0,0,0,0,0,0,0,0,"escrow_preparing->retired:reservation cancelled before transfer",0,0,0,0,0,0,0,0,0,0,0,0
source_terminal,1,70,0,0,1,71,0,0,261022016133041,0,0,0,0,0,261022099466374,0,0,0,0,0,0,0,0,"ordinary_fallback:ordinary DXMT Presenter retained this source",0,0,0,0,0,0,0,0,0,0,0,0
source_candidate_cancelled,1,70,0,0,1,71,0,0,261022016133041,0,0,0,0,0,261022099466374,0,0,0,0,0,0,0,0,"uncommitted reservation returned to ordinary Presenter",0,0,0,0,0,0,0,0,0,0,0,0
layer_owner_draining,1,70,0,0,0,0,0,0,0,0,0,0,0,0,0,0,0,0,0,0,0,0,0,"generation stopped; display worker drains accepted real sources before callbacks stop",0,0,0,0,0,0,0,0,0,0,0,0
generation_submissions_drained,1,70,0,0,0,0,0,0,0,0,0,0,0,0,0,0,0,0,0,0,0,0,0,"no synthetic generation submission remains in flight",0,0,0,0,0,0,0,0,0,0,0,0
presentation_feedback_drained,1,70,0,0,0,0,0,0,0,0,0,0,0,0,0,0,0,0,0,0,0,0,0,"all accepted sources are terminal and drawable/GPU callbacks retired",0,0,0,0,0,0,0,0,0,0,0,0
display_callbacks_stopped,1,70,0,0,0,0,0,0,0,0,0,0,0,0,0,0,0,0,0,0,0,0,0,"display-link invalidated after in-flight delegate callbacks returned",0,0,0,0,0,0,0,0,0,0,0,0
worker_drawables_retired,1,70,0,0,0,0,0,0,0,0,0,0,0,0,0,0,0,0,0,0,0,0,0,"no presentation worker tick retains a callback-owned drawable",0,0,0,0,0,0,0,0,0,0,0,0
synthetic_gpu_work_drained,1,70,0,0,0,0,0,0,0,0,0,0,0,0,0,0,0,0,0,0,0,0,0,"all synthetic Framegen GPU completions retired before resource release",0,0,0,0,0,0,0,0,0,0,0,0
epoch_reset,1,71,0,0,0,0,0,0,0,0,0,0,0,0,0,0,0,0,0,0,0,0,0,"71",0,0,0,0,0,0,0,0,0,0,0,0
layer_owner_released,1,71,0,0,0,0,0,0,0,0,0,0,0,0,0,0,0,0,0,0,0,0,0,"callbacks, worker drawables, DXMT presentation, SourceEscrow, and synthetic GPU work retired",0,0,0,0,0,0,0,0,0,0,0,0
layer_owner_claimed,1,71,0,0,0,0,0,0,0,0,0,0,0,0,0,0,0,0,0,0,0,0,0,"exclusive CAMetalLayer claim acquired before display-link attachment",0,0,0,0,0,0,0,0,0,0,0,0
display_link_attached,1,71,0,0,0,0,0,0,0,0,0,0,0,0,0,0,0,0,0,0,0,0,0,"display link attached after ordinary Presenter drained",0,0,0,0,0,0,0,0,0,0,0,0
display_callbacks_enabled,1,71,0,0,0,0,0,0,0,0,0,0,0,0,0,0,0,0,0,0,0,0,0,"display-link callbacks enabled under exclusive layer claim",0,0,0,0,0,0,0,0,0,0,0,0
session_active,1,71,0,0,0,0,0,0,0,0,0,0,0,0,0,0,0,0,0,0,0,0,0,"display resumed in fresh epoch",0,0,0,0,0,0,0,0,0,0,0,0
source_candidate_reserved,1,71,0,0,1,72,0,0,261022049936250,0,0,0,0,0,261022133269583,0,0,0,0,1,0,0,0,"mandatory SourceEscrow allocated; source-only mode",0,0,0,0,0,0,0,0,0,0,72,0
escrow_setup_failed,1,71,0,0,1,72,0,0,261022049936250,0,0,0,0,0,261022133269583,0,0,0,0,0,0,0,0,"injected pre-commit SourceEscrow copy setup failure",0,0,0,0,0,0,0,0,0,0,72,0
source_state_transition,1,71,0,0,1,72,0,0,261022049936250,0,0,0,0,0,261022133269583,0,0,0,0,0,0,0,0,"escrow_preparing->retired:reservation cancelled before transfer",0,0,0,0,0,0,0,0,0,0,0,0
source_terminal,1,71,0,0,1,72,0,0,261022049936250,0,0,0,0,0,261022133269583,0,0,0,0,0,0,0,0,"ordinary_fallback:ordinary DXMT Presenter retained this source",0,0,0,0,0,0,0,0,0,0,0,0
source_candidate_cancelled,1,71,0,0,1,72,0,0,261022049936250,0,0,0,0,0,261022133269583,0,0,0,0,0,0,0,0,"uncommitted reservation returned to ordinary Presenter",0,0,0,0,0,0,0,0,0,0,0,0
layer_owner_draining,1,71,0,0,0,0,0,0,0,0,0,0,0,0,0,0,0,0,0,0,0,0,0,"generation stopped; display worker drains accepted real sources before callbacks stop",0,0,0,0,0,0,0,0,0,0,0,0
generation_submissions_drained,1,71,0,0,0,0,0,0,0,0,0,0,0,0,0,0,0,0,0,0,0,0,0,"no synthetic generation submission remains in flight",0,0,0,0,0,0,0,0,0,0,0,0
presentation_feedback_drained,1,71,0,0,0,0,0,0,0,0,0,0,0,0,0,0,0,0,0,0,0,0,0,"all accepted sources are terminal and drawable/GPU callbacks retired",0,0,0,0,0,0,0,0,0,0,0,0
display_callbacks_stopped,1,71,0,0,0,0,0,0,0,0,0,0,0,0,0,0,0,0,0,0,0,0,0,"display-link invalidated after in-flight delegate callbacks returned",0,0,0,0,0,0,0,0,0,0,0,0
worker_drawables_retired,1,71,0,0,0,0,0,0,0,0,0,0,0,0,0,0,0,0,0,0,0,0,0,"no presentation worker tick retains a callback-owned drawable",0,0,0,0,0,0,0,0,0,0,0,0
synthetic_gpu_work_drained,1,71,0,0,0,0,0,0,0,0,0,0,0,0,0,0,0,0,0,0,0,0,0,"all synthetic Framegen GPU completions retired before resource release",0,0,0,0,0,0,0,0,0,0,0,0
epoch_reset,1,72,0,0,0,0,0,0,0,0,0,0,0,0,0,0,0,0,0,0,0,0,0,"72",0,0,0,0,0,0,0,0,0,0,0,0
layer_owner_released,1,72,0,0,0,0,0,0,0,0,0,0,0,0,0,0,0,0,0,0,0,0,0,"callbacks, worker drawables, DXMT presentation, SourceEscrow, and synthetic GPU work retired",0,0,0,0,0,0,0,0,0,0,0,0
layer_owner_claimed,1,72,0,0,0,0,0,0,0,0,0,0,0,0,0,0,0,0,0,0,0,0,0,"exclusive CAMetalLayer claim acquired before display-link attachment",0,0,0,0,0,0,0,0,0,0,0,0
display_link_attached,1,72,0,0,0,0,0,0,0,0,0,0,0,0,0,0,0,0,0,0,0,0,0,"display link attached after ordinary Presenter drained",0,0,0,0,0,0,0,0,0,0,0,0
display_callbacks_enabled,1,72,0,0,0,0,0,0,0,0,0,0,0,0,0,0,0,0,0,0,0,0,0,"display-link callbacks enabled under exclusive layer claim",0,0,0,0,0,0,0,0,0,0,0,0
session_active,1,72,0,0,0,0,0,0,0,0,0,0,0,0,0,0,0,0,0,0,0,0,0,"display resumed in fresh epoch",0,0,0,0,0,0,0,0,0,0,0,0
source_candidate_reserved,1,72,0,0,1,73,0,0,261022082223208,0,0,0,0,0,261022165556541,0,0,0,0,1,0,0,0,"mandatory SourceEscrow allocated; source-only mode",0,0,0,0,0,0,0,0,0,0,73,0
escrow_setup_failed,1,72,0,0,1,73,0,0,261022082223208,0,0,0,0,0,261022165556541,0,0,0,0,0,0,0,0,"injected pre-commit SourceEscrow copy setup failure",0,0,0,0,0,0,0,0,0,0,73,0
source_state_transition,1,72,0,0,1,73,0,0,261022082223208,0,0,0,0,0,261022165556541,0,0,0,0,0,0,0,0,"escrow_preparing->retired:reservation cancelled before transfer",0,0,0,0,0,0,0,0,0,0,0,0
source_terminal,1,72,0,0,1,73,0,0,261022082223208,0,0,0,0,0,261022165556541,0,0,0,0,0,0,0,0,"ordinary_fallback:ordinary DXMT Presenter retained this source",0,0,0,0,0,0,0,0,0,0,0,0
source_candidate_cancelled,1,72,0,0,1,73,0,0,261022082223208,0,0,0,0,0,261022165556541,0,0,0,0,0,0,0,0,"uncommitted reservation returned to ordinary Presenter",0,0,0,0,0,0,0,0,0,0,0,0
layer_owner_draining,1,72,0,0,0,0,0,0,0,0,0,0,0,0,0,0,0,0,0,0,0,0,0,"generation stopped; display worker drains accepted real sources before callbacks stop",0,0,0,0,0,0,0,0,0,0,0,0
generation_submissions_drained,1,72,0,0,0,0,0,0,0,0,0,0,0,0,0,0,0,0,0,0,0,0,0,"no synthetic generation submission remains in flight",0,0,0,0,0,0,0,0,0,0,0,0
presentation_feedback_drained,1,72,0,0,0,0,0,0,0,0,0,0,0,0,0,0,0,0,0,0,0,0,0,"all accepted sources are terminal and drawable/GPU callbacks retired",0,0,0,0,0,0,0,0,0,0,0,0
display_callbacks_stopped,1,72,0,0,0,0,0,0,0,0,0,0,0,0,0,0,0,0,0,0,0,0,0,"display-link invalidated after in-flight delegate callbacks returned",0,0,0,0,0,0,0,0,0,0,0,0
worker_drawables_retired,1,72,0,0,0,0,0,0,0,0,0,0,0,0,0,0,0,0,0,0,0,0,0,"no presentation worker tick retains a callback-owned drawable",0,0,0,0,0,0,0,0,0,0,0,0
synthetic_gpu_work_drained,1,72,0,0,0,0,0,0,0,0,0,0,0,0,0,0,0,0,0,0,0,0,0,"all synthetic Framegen GPU completions retired before resource release",0,0,0,0,0,0,0,0,0,0,0,0
epoch_reset,1,73,0,0,0,0,0,0,0,0,0,0,0,0,0,0,0,0,0,0,0,0,0,"73",0,0,0,0,0,0,0,0,0,0,0,0
layer_owner_released,1,73,0,0,0,0,0,0,0,0,0,0,0,0,0,0,0,0,0,0,0,0,0,"callbacks, worker drawables, DXMT presentation, SourceEscrow, and synthetic GPU work retired",0,0,0,0,0,0,0,0,0,0,0,0
layer_owner_claimed,1,73,0,0,0,0,0,0,0,0,0,0,0,0,0,0,0,0,0,0,0,0,0,"exclusive CAMetalLayer claim acquired before display-link attachment",0,0,0,0,0,0,0,0,0,0,0,0
display_link_attached,1,73,0,0,0,0,0,0,0,0,0,0,0,0,0,0,0,0,0,0,0,0,0,"display link attached after ordinary Presenter drained",0,0,0,0,0,0,0,0,0,0,0,0
display_callbacks_enabled,1,73,0,0,0,0,0,0,0,0,0,0,0,0,0,0,0,0,0,0,0,0,0,"display-link callbacks enabled under exclusive layer claim",0,0,0,0,0,0,0,0,0,0,0,0
session_active,1,73,0,0,0,0,0,0,0,0,0,0,0,0,0,0,0,0,0,0,0,0,0,"display resumed in fresh epoch",0,0,0,0,0,0,0,0,0,0,0,0
source_candidate_reserved,1,73,0,0,1,74,0,0,261022115972541,0,0,0,0,0,261022199305874,0,0,0,0,1,0,0,0,"mandatory SourceEscrow allocated; source-only mode",0,0,0,0,0,0,0,0,0,0,74,0
escrow_setup_failed,1,73,0,0,1,74,0,0,261022115972541,0,0,0,0,0,261022199305874,0,0,0,0,0,0,0,0,"injected pre-commit SourceEscrow copy setup failure",0,0,0,0,0,0,0,0,0,0,74,0
source_state_transition,1,73,0,0,1,74,0,0,261022115972541,0,0,0,0,0,261022199305874,0,0,0,0,0,0,0,0,"escrow_preparing->retired:reservation cancelled before transfer",0,0,0,0,0,0,0,0,0,0,0,0
source_terminal,1,73,0,0,1,74,0,0,261022115972541,0,0,0,0,0,261022199305874,0,0,0,0,0,0,0,0,"ordinary_fallback:ordinary DXMT Presenter retained this source",0,0,0,0,0,0,0,0,0,0,0,0
source_candidate_cancelled,1,73,0,0,1,74,0,0,261022115972541,0,0,0,0,0,261022199305874,0,0,0,0,0,0,0,0,"uncommitted reservation returned to ordinary Presenter",0,0,0,0,0,0,0,0,0,0,0,0
layer_owner_draining,1,73,0,0,0,0,0,0,0,0,0,0,0,0,0,0,0,0,0,0,0,0,0,"generation stopped; display worker drains accepted real sources before callbacks stop",0,0,0,0,0,0,0,0,0,0,0,0
generation_submissions_drained,1,73,0,0,0,0,0,0,0,0,0,0,0,0,0,0,0,0,0,0,0,0,0,"no synthetic generation submission remains in flight",0,0,0,0,0,0,0,0,0,0,0,0
presentation_feedback_drained,1,73,0,0,0,0,0,0,0,0,0,0,0,0,0,0,0,0,0,0,0,0,0,"all accepted sources are terminal and drawable/GPU callbacks retired",0,0,0,0,0,0,0,0,0,0,0,0
display_callbacks_stopped,1,73,0,0,0,0,0,0,0,0,0,0,0,0,0,0,0,0,0,0,0,0,0,"display-link invalidated after in-flight delegate callbacks returned",0,0,0,0,0,0,0,0,0,0,0,0
worker_drawables_retired,1,73,0,0,0,0,0,0,0,0,0,0,0,0,0,0,0,0,0,0,0,0,0,"no presentation worker tick retains a callback-owned drawable",0,0,0,0,0,0,0,0,0,0,0,0
synthetic_gpu_work_drained,1,73,0,0,0,0,0,0,0,0,0,0,0,0,0,0,0,0,0,0,0,0,0,"all synthetic Framegen GPU completions retired before resource release",0,0,0,0,0,0,0,0,0,0,0,0
epoch_reset,1,74,0,0,0,0,0,0,0,0,0,0,0,0,0,0,0,0,0,0,0,0,0,"74",0,0,0,0,0,0,0,0,0,0,0,0
layer_owner_released,1,74,0,0,0,0,0,0,0,0,0,0,0,0,0,0,0,0,0,0,0,0,0,"callbacks, worker drawables, DXMT presentation, SourceEscrow, and synthetic GPU work retired",0,0,0,0,0,0,0,0,0,0,0,0
layer_owner_claimed,1,74,0,0,0,0,0,0,0,0,0,0,0,0,0,0,0,0,0,0,0,0,0,"exclusive CAMetalLayer claim acquired before display-link attachment",0,0,0,0,0,0,0,0,0,0,0,0
display_link_attached,1,74,0,0,0,0,0,0,0,0,0,0,0,0,0,0,0,0,0,0,0,0,0,"display link attached after ordinary Presenter drained",0,0,0,0,0,0,0,0,0,0,0,0
display_callbacks_enabled,1,74,0,0,0,0,0,0,0,0,0,0,0,0,0,0,0,0,0,0,0,0,0,"display-link callbacks enabled under exclusive layer claim",0,0,0,0,0,0,0,0,0,0,0,0
session_active,1,74,0,0,0,0,0,0,0,0,0,0,0,0,0,0,0,0,0,0,0,0,0,"display resumed in fresh epoch",0,0,0,0,0,0,0,0,0,0,0,0
source_candidate_reserved,1,74,0,0,1,75,0,0,261022150223583,0,0,0,0,0,261022233556916,0,0,0,0,1,0,0,0,"mandatory SourceEscrow allocated; source-only mode",0,0,0,0,0,0,0,0,0,0,75,0
escrow_setup_failed,1,74,0,0,1,75,0,0,261022150223583,0,0,0,0,0,261022233556916,0,0,0,0,0,0,0,0,"injected pre-commit SourceEscrow copy setup failure",0,0,0,0,0,0,0,0,0,0,75,0
source_state_transition,1,74,0,0,1,75,0,0,261022150223583,0,0,0,0,0,261022233556916,0,0,0,0,0,0,0,0,"escrow_preparing->retired:reservation cancelled before transfer",0,0,0,0,0,0,0,0,0,0,0,0
source_terminal,1,74,0,0,1,75,0,0,261022150223583,0,0,0,0,0,261022233556916,0,0,0,0,0,0,0,0,"ordinary_fallback:ordinary DXMT Presenter retained this source",0,0,0,0,0,0,0,0,0,0,0,0
source_candidate_cancelled,1,74,0,0,1,75,0,0,261022150223583,0,0,0,0,0,261022233556916,0,0,0,0,0,0,0,0,"uncommitted reservation returned to ordinary Presenter",0,0,0,0,0,0,0,0,0,0,0,0
layer_owner_draining,1,74,0,0,0,0,0,0,0,0,0,0,0,0,0,0,0,0,0,0,0,0,0,"generation stopped; display worker drains accepted real sources before callbacks stop",0,0,0,0,0,0,0,0,0,0,0,0
generation_submissions_drained,1,74,0,0,0,0,0,0,0,0,0,0,0,0,0,0,0,0,0,0,0,0,0,"no synthetic generation submission remains in flight",0,0,0,0,0,0,0,0,0,0,0,0
presentation_feedback_drained,1,74,0,0,0,0,0,0,0,0,0,0,0,0,0,0,0,0,0,0,0,0,0,"all accepted sources are terminal and drawable/GPU callbacks retired",0,0,0,0,0,0,0,0,0,0,0,0
display_callbacks_stopped,1,74,0,0,0,0,0,0,0,0,0,0,0,0,0,0,0,0,0,0,0,0,0,"display-link invalidated after in-flight delegate callbacks returned",0,0,0,0,0,0,0,0,0,0,0,0
worker_drawables_retired,1,74,0,0,0,0,0,0,0,0,0,0,0,0,0,0,0,0,0,0,0,0,0,"no presentation worker tick retains a callback-owned drawable",0,0,0,0,0,0,0,0,0,0,0,0
synthetic_gpu_work_drained,1,74,0,0,0,0,0,0,0,0,0,0,0,0,0,0,0,0,0,0,0,0,0,"all synthetic Framegen GPU completions retired before resource release",0,0,0,0,0,0,0,0,0,0,0,0
epoch_reset,1,75,0,0,0,0,0,0,0,0,0,0,0,0,0,0,0,0,0,0,0,0,0,"75",0,0,0,0,0,0,0,0,0,0,0,0
layer_owner_released,1,75,0,0,0,0,0,0,0,0,0,0,0,0,0,0,0,0,0,0,0,0,0,"callbacks, worker drawables, DXMT presentation, SourceEscrow, and synthetic GPU work retired",0,0,0,0,0,0,0,0,0,0,0,0
layer_owner_claimed,1,75,0,0,0,0,0,0,0,0,0,0,0,0,0,0,0,0,0,0,0,0,0,"exclusive CAMetalLayer claim acquired before display-link attachment",0,0,0,0,0,0,0,0,0,0,0,0
display_link_attached,1,75,0,0,0,0,0,0,0,0,0,0,0,0,0,0,0,0,0,0,0,0,0,"display link attached after ordinary Presenter drained",0,0,0,0,0,0,0,0,0,0,0,0
display_callbacks_enabled,1,75,0,0,0,0,0,0,0,0,0,0,0,0,0,0,0,0,0,0,0,0,0,"display-link callbacks enabled under exclusive layer claim",0,0,0,0,0,0,0,0,0,0,0,0
session_active,1,75,0,0,0,0,0,0,0,0,0,0,0,0,0,0,0,0,0,0,0,0,0,"display resumed in fresh epoch",0,0,0,0,0,0,0,0,0,0,0,0
source_candidate_reserved,1,75,0,0,1,76,0,0,261022185730375,0,0,0,0,0,261022269063708,0,0,0,0,1,0,0,0,"mandatory SourceEscrow allocated; source-only mode",0,0,0,0,0,0,0,0,0,0,76,0
escrow_setup_failed,1,75,0,0,1,76,0,0,261022185730375,0,0,0,0,0,261022269063708,0,0,0,0,0,0,0,0,"injected pre-commit SourceEscrow copy setup failure",0,0,0,0,0,0,0,0,0,0,76,0
source_state_transition,1,75,0,0,1,76,0,0,261022185730375,0,0,0,0,0,261022269063708,0,0,0,0,0,0,0,0,"escrow_preparing->retired:reservation cancelled before transfer",0,0,0,0,0,0,0,0,0,0,0,0
source_terminal,1,75,0,0,1,76,0,0,261022185730375,0,0,0,0,0,261022269063708,0,0,0,0,0,0,0,0,"ordinary_fallback:ordinary DXMT Presenter retained this source",0,0,0,0,0,0,0,0,0,0,0,0
source_candidate_cancelled,1,75,0,0,1,76,0,0,261022185730375,0,0,0,0,0,261022269063708,0,0,0,0,0,0,0,0,"uncommitted reservation returned to ordinary Presenter",0,0,0,0,0,0,0,0,0,0,0,0
layer_owner_draining,1,75,0,0,0,0,0,0,0,0,0,0,0,0,0,0,0,0,0,0,0,0,0,"generation stopped; display worker drains accepted real sources before callbacks stop",0,0,0,0,0,0,0,0,0,0,0,0
generation_submissions_drained,1,75,0,0,0,0,0,0,0,0,0,0,0,0,0,0,0,0,0,0,0,0,0,"no synthetic generation submission remains in flight",0,0,0,0,0,0,0,0,0,0,0,0
presentation_feedback_drained,1,75,0,0,0,0,0,0,0,0,0,0,0,0,0,0,0,0,0,0,0,0,0,"all accepted sources are terminal and drawable/GPU callbacks retired",0,0,0,0,0,0,0,0,0,0,0,0
display_callbacks_stopped,1,75,0,0,0,0,0,0,0,0,0,0,0,0,0,0,0,0,0,0,0,0,0,"display-link invalidated after in-flight delegate callbacks returned",0,0,0,0,0,0,0,0,0,0,0,0
worker_drawables_retired,1,75,0,0,0,0,0,0,0,0,0,0,0,0,0,0,0,0,0,0,0,0,0,"no presentation worker tick retains a callback-owned drawable",0,0,0,0,0,0,0,0,0,0,0,0
synthetic_gpu_work_drained,1,75,0,0,0,0,0,0,0,0,0,0,0,0,0,0,0,0,0,0,0,0,0,"all synthetic Framegen GPU completions retired before resource release",0,0,0,0,0,0,0,0,0,0,0,0
epoch_reset,1,76,0,0,0,0,0,0,0,0,0,0,0,0,0,0,0,0,0,0,0,0,0,"76",0,0,0,0,0,0,0,0,0,0,0,0
layer_owner_released,1,76,0,0,0,0,0,0,0,0,0,0,0,0,0,0,0,0,0,0,0,0,0,"callbacks, worker drawables, DXMT presentation, SourceEscrow, and synthetic GPU work retired",0,0,0,0,0,0,0,0,0,0,0,0
layer_owner_claimed,1,76,0,0,0,0,0,0,0,0,0,0,0,0,0,0,0,0,0,0,0,0,0,"exclusive CAMetalLayer claim acquired before display-link attachment",0,0,0,0,0,0,0,0,0,0,0,0
display_link_attached,1,76,0,0,0,0,0,0,0,0,0,0,0,0,0,0,0,0,0,0,0,0,0,"display link attached after ordinary Presenter drained",0,0,0,0,0,0,0,0,0,0,0,0
display_callbacks_enabled,1,76,0,0,0,0,0,0,0,0,0,0,0,0,0,0,0,0,0,0,0,0,0,"display-link callbacks enabled under exclusive layer claim",0,0,0,0,0,0,0,0,0,0,0,0
session_active,1,76,0,0,0,0,0,0,0,0,0,0,0,0,0,0,0,0,0,0,0,0,0,"display resumed in fresh epoch",0,0,0,0,0,0,0,0,0,0,0,0
source_candidate_reserved,1,76,0,0,1,77,0,0,261022216249958,0,0,0,0,0,261022299583291,0,0,0,0,1,0,0,0,"mandatory SourceEscrow allocated; source-only mode",0,0,0,0,0,0,0,0,0,0,77,0
escrow_setup_failed,1,76,0,0,1,77,0,0,261022216249958,0,0,0,0,0,261022299583291,0,0,0,0,0,0,0,0,"injected pre-commit SourceEscrow copy setup failure",0,0,0,0,0,0,0,0,0,0,77,0
source_state_transition,1,76,0,0,1,77,0,0,261022216249958,0,0,0,0,0,261022299583291,0,0,0,0,0,0,0,0,"escrow_preparing->retired:reservation cancelled before transfer",0,0,0,0,0,0,0,0,0,0,0,0
source_terminal,1,76,0,0,1,77,0,0,261022216249958,0,0,0,0,0,261022299583291,0,0,0,0,0,0,0,0,"ordinary_fallback:ordinary DXMT Presenter retained this source",0,0,0,0,0,0,0,0,0,0,0,0
source_candidate_cancelled,1,76,0,0,1,77,0,0,261022216249958,0,0,0,0,0,261022299583291,0,0,0,0,0,0,0,0,"uncommitted reservation returned to ordinary Presenter",0,0,0,0,0,0,0,0,0,0,0,0
layer_owner_draining,1,76,0,0,0,0,0,0,0,0,0,0,0,0,0,0,0,0,0,0,0,0,0,"generation stopped; display worker drains accepted real sources before callbacks stop",0,0,0,0,0,0,0,0,0,0,0,0
generation_submissions_drained,1,76,0,0,0,0,0,0,0,0,0,0,0,0,0,0,0,0,0,0,0,0,0,"no synthetic generation submission remains in flight",0,0,0,0,0,0,0,0,0,0,0,0
presentation_feedback_drained,1,76,0,0,0,0,0,0,0,0,0,0,0,0,0,0,0,0,0,0,0,0,0,"all accepted sources are terminal and drawable/GPU callbacks retired",0,0,0,0,0,0,0,0,0,0,0,0
display_callbacks_stopped,1,76,0,0,0,0,0,0,0,0,0,0,0,0,0,0,0,0,0,0,0,0,0,"display-link invalidated after in-flight delegate callbacks returned",0,0,0,0,0,0,0,0,0,0,0,0
worker_drawables_retired,1,76,0,0,0,0,0,0,0,0,0,0,0,0,0,0,0,0,0,0,0,0,0,"no presentation worker tick retains a callback-owned drawable",0,0,0,0,0,0,0,0,0,0,0,0
synthetic_gpu_work_drained,1,76,0,0,0,0,0,0,0,0,0,0,0,0,0,0,0,0,0,0,0,0,0,"all synthetic Framegen GPU completions retired before resource release",0,0,0,0,0,0,0,0,0,0,0,0
epoch_reset,1,77,0,0,0,0,0,0,0,0,0,0,0,0,0,0,0,0,0,0,0,0,0,"77",0,0,0,0,0,0,0,0,0,0,0,0
layer_owner_released,1,77,0,0,0,0,0,0,0,0,0,0,0,0,0,0,0,0,0,0,0,0,0,"callbacks, worker drawables, DXMT presentation, SourceEscrow, and synthetic GPU work retired",0,0,0,0,0,0,0,0,0,0,0,0
layer_owner_claimed,1,77,0,0,0,0,0,0,0,0,0,0,0,0,0,0,0,0,0,0,0,0,0,"exclusive CAMetalLayer claim acquired before display-link attachment",0,0,0,0,0,0,0,0,0,0,0,0
display_link_attached,1,77,0,0,0,0,0,0,0,0,0,0,0,0,0,0,0,0,0,0,0,0,0,"display link attached after ordinary Presenter drained",0,0,0,0,0,0,0,0,0,0,0,0
display_callbacks_enabled,1,77,0,0,0,0,0,0,0,0,0,0,0,0,0,0,0,0,0,0,0,0,0,"display-link callbacks enabled under exclusive layer claim",0,0,0,0,0,0,0,0,0,0,0,0
session_active,1,77,0,0,0,0,0,0,0,0,0,0,0,0,0,0,0,0,0,0,0,0,0,"display resumed in fresh epoch",0,0,0,0,0,0,0,0,0,0,0,0
source_candidate_reserved,1,77,0,0,1,78,0,0,261022251538375,0,0,0,0,0,261022334871708,0,0,0,0,1,0,0,0,"mandatory SourceEscrow allocated; source-only mode",0,0,0,0,0,0,0,0,0,0,78,0
escrow_setup_failed,1,77,0,0,1,78,0,0,261022251538375,0,0,0,0,0,261022334871708,0,0,0,0,0,0,0,0,"injected pre-commit SourceEscrow copy setup failure",0,0,0,0,0,0,0,0,0,0,78,0
source_state_transition,1,77,0,0,1,78,0,0,261022251538375,0,0,0,0,0,261022334871708,0,0,0,0,0,0,0,0,"escrow_preparing->retired:reservation cancelled before transfer",0,0,0,0,0,0,0,0,0,0,0,0
source_terminal,1,77,0,0,1,78,0,0,261022251538375,0,0,0,0,0,261022334871708,0,0,0,0,0,0,0,0,"ordinary_fallback:ordinary DXMT Presenter retained this source",0,0,0,0,0,0,0,0,0,0,0,0
source_candidate_cancelled,1,77,0,0,1,78,0,0,261022251538375,0,0,0,0,0,261022334871708,0,0,0,0,0,0,0,0,"uncommitted reservation returned to ordinary Presenter",0,0,0,0,0,0,0,0,0,0,0,0
layer_owner_draining,1,77,0,0,0,0,0,0,0,0,0,0,0,0,0,0,0,0,0,0,0,0,0,"generation stopped; display worker drains accepted real sources before callbacks stop",0,0,0,0,0,0,0,0,0,0,0,0
generation_submissions_drained,1,77,0,0,0,0,0,0,0,0,0,0,0,0,0,0,0,0,0,0,0,0,0,"no synthetic generation submission remains in flight",0,0,0,0,0,0,0,0,0,0,0,0
presentation_feedback_drained,1,77,0,0,0,0,0,0,0,0,0,0,0,0,0,0,0,0,0,0,0,0,0,"all accepted sources are terminal and drawable/GPU callbacks retired",0,0,0,0,0,0,0,0,0,0,0,0
display_callbacks_stopped,1,77,0,0,0,0,0,0,0,0,0,0,0,0,0,0,0,0,0,0,0,0,0,"display-link invalidated after in-flight delegate callbacks returned",0,0,0,0,0,0,0,0,0,0,0,0
worker_drawables_retired,1,77,0,0,0,0,0,0,0,0,0,0,0,0,0,0,0,0,0,0,0,0,0,"no presentation worker tick retains a callback-owned drawable",0,0,0,0,0,0,0,0,0,0,0,0
synthetic_gpu_work_drained,1,77,0,0,0,0,0,0,0,0,0,0,0,0,0,0,0,0,0,0,0,0,0,"all synthetic Framegen GPU completions retired before resource release",0,0,0,0,0,0,0,0,0,0,0,0
epoch_reset,1,78,0,0,0,0,0,0,0,0,0,0,0,0,0,0,0,0,0,0,0,0,0,"78",0,0,0,0,0,0,0,0,0,0,0,0
layer_owner_released,1,78,0,0,0,0,0,0,0,0,0,0,0,0,0,0,0,0,0,0,0,0,0,"callbacks, worker drawables, DXMT presentation, SourceEscrow, and synthetic GPU work retired",0,0,0,0,0,0,0,0,0,0,0,0
layer_owner_claimed,1,78,0,0,0,0,0,0,0,0,0,0,0,0,0,0,0,0,0,0,0,0,0,"exclusive CAMetalLayer claim acquired before display-link attachment",0,0,0,0,0,0,0,0,0,0,0,0
display_link_attached,1,78,0,0,0,0,0,0,0,0,0,0,0,0,0,0,0,0,0,0,0,0,0,"display link attached after ordinary Presenter drained",0,0,0,0,0,0,0,0,0,0,0,0
display_callbacks_enabled,1,78,0,0,0,0,0,0,0,0,0,0,0,0,0,0,0,0,0,0,0,0,0,"display-link callbacks enabled under exclusive layer claim",0,0,0,0,0,0,0,0,0,0,0,0
session_active,1,78,0,0,0,0,0,0,0,0,0,0,0,0,0,0,0,0,0,0,0,0,0,"display resumed in fresh epoch",0,0,0,0,0,0,0,0,0,0,0,0
source_candidate_reserved,1,78,0,0,1,79,0,0,261022284666041,0,0,0,0,0,261022367999374,0,0,0,0,1,0,0,0,"mandatory SourceEscrow allocated; source-only mode",0,0,0,0,0,0,0,0,0,0,79,0
escrow_setup_failed,1,78,0,0,1,79,0,0,261022284666041,0,0,0,0,0,261022367999374,0,0,0,0,0,0,0,0,"injected pre-commit SourceEscrow copy setup failure",0,0,0,0,0,0,0,0,0,0,79,0
source_state_transition,1,78,0,0,1,79,0,0,261022284666041,0,0,0,0,0,261022367999374,0,0,0,0,0,0,0,0,"escrow_preparing->retired:reservation cancelled before transfer",0,0,0,0,0,0,0,0,0,0,0,0
source_terminal,1,78,0,0,1,79,0,0,261022284666041,0,0,0,0,0,261022367999374,0,0,0,0,0,0,0,0,"ordinary_fallback:ordinary DXMT Presenter retained this source",0,0,0,0,0,0,0,0,0,0,0,0
source_candidate_cancelled,1,78,0,0,1,79,0,0,261022284666041,0,0,0,0,0,261022367999374,0,0,0,0,0,0,0,0,"uncommitted reservation returned to ordinary Presenter",0,0,0,0,0,0,0,0,0,0,0,0
layer_owner_draining,1,78,0,0,0,0,0,0,0,0,0,0,0,0,0,0,0,0,0,0,0,0,0,"generation stopped; display worker drains accepted real sources before callbacks stop",0,0,0,0,0,0,0,0,0,0,0,0
generation_submissions_drained,1,78,0,0,0,0,0,0,0,0,0,0,0,0,0,0,0,0,0,0,0,0,0,"no synthetic generation submission remains in flight",0,0,0,0,0,0,0,0,0,0,0,0
presentation_feedback_drained,1,78,0,0,0,0,0,0,0,0,0,0,0,0,0,0,0,0,0,0,0,0,0,"all accepted sources are terminal and drawable/GPU callbacks retired",0,0,0,0,0,0,0,0,0,0,0,0
display_callbacks_stopped,1,78,0,0,0,0,0,0,0,0,0,0,0,0,0,0,0,0,0,0,0,0,0,"display-link invalidated after in-flight delegate callbacks returned",0,0,0,0,0,0,0,0,0,0,0,0
worker_drawables_retired,1,78,0,0,0,0,0,0,0,0,0,0,0,0,0,0,0,0,0,0,0,0,0,"no presentation worker tick retains a callback-owned drawable",0,0,0,0,0,0,0,0,0,0,0,0
synthetic_gpu_work_drained,1,78,0,0,0,0,0,0,0,0,0,0,0,0,0,0,0,0,0,0,0,0,0,"all synthetic Framegen GPU completions retired before resource release",0,0,0,0,0,0,0,0,0,0,0,0
epoch_reset,1,79,0,0,0,0,0,0,0,0,0,0,0,0,0,0,0,0,0,0,0,0,0,"79",0,0,0,0,0,0,0,0,0,0,0,0
layer_owner_released,1,79,0,0,0,0,0,0,0,0,0,0,0,0,0,0,0,0,0,0,0,0,0,"callbacks, worker drawables, DXMT presentation, SourceEscrow, and synthetic GPU work retired",0,0,0,0,0,0,0,0,0,0,0,0
layer_owner_claimed,1,79,0,0,0,0,0,0,0,0,0,0,0,0,0,0,0,0,0,0,0,0,0,"exclusive CAMetalLayer claim acquired before display-link attachment",0,0,0,0,0,0,0,0,0,0,0,0
display_link_attached,1,79,0,0,0,0,0,0,0,0,0,0,0,0,0,0,0,0,0,0,0,0,0,"display link attached after ordinary Presenter drained",0,0,0,0,0,0,0,0,0,0,0,0
display_callbacks_enabled,1,79,0,0,0,0,0,0,0,0,0,0,0,0,0,0,0,0,0,0,0,0,0,"display-link callbacks enabled under exclusive layer claim",0,0,0,0,0,0,0,0,0,0,0,0
session_active,1,79,0,0,0,0,0,0,0,0,0,0,0,0,0,0,0,0,0,0,0,0,0,"display resumed in fresh epoch",0,0,0,0,0,0,0,0,0,0,0,0
source_candidate_reserved,1,79,0,0,1,80,0,0,261022316669875,0,0,0,0,0,261022400003208,0,0,0,0,1,0,0,0,"mandatory SourceEscrow allocated; source-only mode",0,0,0,0,0,0,0,0,0,0,80,0
escrow_setup_failed,1,79,0,0,1,80,0,0,261022316669875,0,0,0,0,0,261022400003208,0,0,0,0,0,0,0,0,"injected pre-commit SourceEscrow copy setup failure",0,0,0,0,0,0,0,0,0,0,80,0
source_state_transition,1,79,0,0,1,80,0,0,261022316669875,0,0,0,0,0,261022400003208,0,0,0,0,0,0,0,0,"escrow_preparing->retired:reservation cancelled before transfer",0,0,0,0,0,0,0,0,0,0,0,0
source_terminal,1,79,0,0,1,80,0,0,261022316669875,0,0,0,0,0,261022400003208,0,0,0,0,0,0,0,0,"ordinary_fallback:ordinary DXMT Presenter retained this source",0,0,0,0,0,0,0,0,0,0,0,0
source_candidate_cancelled,1,79,0,0,1,80,0,0,261022316669875,0,0,0,0,0,261022400003208,0,0,0,0,0,0,0,0,"uncommitted reservation returned to ordinary Presenter",0,0,0,0,0,0,0,0,0,0,0,0
layer_owner_draining,1,79,0,0,0,0,0,0,0,0,0,0,0,0,0,0,0,0,0,0,0,0,0,"generation stopped; display worker drains accepted real sources before callbacks stop",0,0,0,0,0,0,0,0,0,0,0,0
generation_submissions_drained,1,79,0,0,0,0,0,0,0,0,0,0,0,0,0,0,0,0,0,0,0,0,0,"no synthetic generation submission remains in flight",0,0,0,0,0,0,0,0,0,0,0,0
presentation_feedback_drained,1,79,0,0,0,0,0,0,0,0,0,0,0,0,0,0,0,0,0,0,0,0,0,"all accepted sources are terminal and drawable/GPU callbacks retired",0,0,0,0,0,0,0,0,0,0,0,0
display_callbacks_stopped,1,79,0,0,0,0,0,0,0,0,0,0,0,0,0,0,0,0,0,0,0,0,0,"display-link invalidated after in-flight delegate callbacks returned",0,0,0,0,0,0,0,0,0,0,0,0
worker_drawables_retired,1,79,0,0,0,0,0,0,0,0,0,0,0,0,0,0,0,0,0,0,0,0,0,"no presentation worker tick retains a callback-owned drawable",0,0,0,0,0,0,0,0,0,0,0,0
synthetic_gpu_work_drained,1,79,0,0,0,0,0,0,0,0,0,0,0,0,0,0,0,0,0,0,0,0,0,"all synthetic Framegen GPU completions retired before resource release",0,0,0,0,0,0,0,0,0,0,0,0
epoch_reset,1,80,0,0,0,0,0,0,0,0,0,0,0,0,0,0,0,0,0,0,0,0,0,"80",0,0,0,0,0,0,0,0,0,0,0,0
layer_owner_released,1,80,0,0,0,0,0,0,0,0,0,0,0,0,0,0,0,0,0,0,0,0,0,"callbacks, worker drawables, DXMT presentation, SourceEscrow, and synthetic GPU work retired",0,0,0,0,0,0,0,0,0,0,0,0
layer_owner_claimed,1,80,0,0,0,0,0,0,0,0,0,0,0,0,0,0,0,0,0,0,0,0,0,"exclusive CAMetalLayer claim acquired before display-link attachment",0,0,0,0,0,0,0,0,0,0,0,0
display_link_attached,1,80,0,0,0,0,0,0,0,0,0,0,0,0,0,0,0,0,0,0,0,0,0,"display link attached after ordinary Presenter drained",0,0,0,0,0,0,0,0,0,0,0,0
display_callbacks_enabled,1,80,0,0,0,0,0,0,0,0,0,0,0,0,0,0,0,0,0,0,0,0,0,"display-link callbacks enabled under exclusive layer claim",0,0,0,0,0,0,0,0,0,0,0,0
session_active,1,80,0,0,0,0,0,0,0,0,0,0,0,0,0,0,0,0,0,0,0,0,0,"display resumed in fresh epoch",0,0,0,0,0,0,0,0,0,0,0,0
source_candidate_reserved,1,80,0,0,1,81,0,0,261022349208541,0,0,0,0,0,261022432541874,0,0,0,0,1,0,0,0,"mandatory SourceEscrow allocated; source-only mode",0,0,0,0,0,0,0,0,0,0,81,0
escrow_setup_failed,1,80,0,0,1,81,0,0,261022349208541,0,0,0,0,0,261022432541874,0,0,0,0,0,0,0,0,"injected pre-commit SourceEscrow copy setup failure",0,0,0,0,0,0,0,0,0,0,81,0
source_state_transition,1,80,0,0,1,81,0,0,261022349208541,0,0,0,0,0,261022432541874,0,0,0,0,0,0,0,0,"escrow_preparing->retired:reservation cancelled before transfer",0,0,0,0,0,0,0,0,0,0,0,0
source_terminal,1,80,0,0,1,81,0,0,261022349208541,0,0,0,0,0,261022432541874,0,0,0,0,0,0,0,0,"ordinary_fallback:ordinary DXMT Presenter retained this source",0,0,0,0,0,0,0,0,0,0,0,0
source_candidate_cancelled,1,80,0,0,1,81,0,0,261022349208541,0,0,0,0,0,261022432541874,0,0,0,0,0,0,0,0,"uncommitted reservation returned to ordinary Presenter",0,0,0,0,0,0,0,0,0,0,0,0
layer_owner_draining,1,80,0,0,0,0,0,0,0,0,0,0,0,0,0,0,0,0,0,0,0,0,0,"generation stopped; display worker drains accepted real sources before callbacks stop",0,0,0,0,0,0,0,0,0,0,0,0
generation_submissions_drained,1,80,0,0,0,0,0,0,0,0,0,0,0,0,0,0,0,0,0,0,0,0,0,"no synthetic generation submission remains in flight",0,0,0,0,0,0,0,0,0,0,0,0
presentation_feedback_drained,1,80,0,0,0,0,0,0,0,0,0,0,0,0,0,0,0,0,0,0,0,0,0,"all accepted sources are terminal and drawable/GPU callbacks retired",0,0,0,0,0,0,0,0,0,0,0,0
display_callbacks_stopped,1,80,0,0,0,0,0,0,0,0,0,0,0,0,0,0,0,0,0,0,0,0,0,"display-link invalidated after in-flight delegate callbacks returned",0,0,0,0,0,0,0,0,0,0,0,0
worker_drawables_retired,1,80,0,0,0,0,0,0,0,0,0,0,0,0,0,0,0,0,0,0,0,0,0,"no presentation worker tick retains a callback-owned drawable",0,0,0,0,0,0,0,0,0,0,0,0
synthetic_gpu_work_drained,1,80,0,0,0,0,0,0,0,0,0,0,0,0,0,0,0,0,0,0,0,0,0,"all synthetic Framegen GPU completions retired before resource release",0,0,0,0,0,0,0,0,0,0,0,0
epoch_reset,1,81,0,0,0,0,0,0,0,0,0,0,0,0,0,0,0,0,0,0,0,0,0,"81",0,0,0,0,0,0,0,0,0,0,0,0
layer_owner_released,1,81,0,0,0,0,0,0,0,0,0,0,0,0,0,0,0,0,0,0,0,0,0,"callbacks, worker drawables, DXMT presentation, SourceEscrow, and synthetic GPU work retired",0,0,0,0,0,0,0,0,0,0,0,0
layer_owner_claimed,1,81,0,0,0,0,0,0,0,0,0,0,0,0,0,0,0,0,0,0,0,0,0,"exclusive CAMetalLayer claim acquired before display-link attachment",0,0,0,0,0,0,0,0,0,0,0,0
display_link_attached,1,81,0,0,0,0,0,0,0,0,0,0,0,0,0,0,0,0,0,0,0,0,0,"display link attached after ordinary Presenter drained",0,0,0,0,0,0,0,0,0,0,0,0
display_callbacks_enabled,1,81,0,0,0,0,0,0,0,0,0,0,0,0,0,0,0,0,0,0,0,0,0,"display-link callbacks enabled under exclusive layer claim",0,0,0,0,0,0,0,0,0,0,0,0
session_active,1,81,0,0,0,0,0,0,0,0,0,0,0,0,0,0,0,0,0,0,0,0,0,"display resumed in fresh epoch",0,0,0,0,0,0,0,0,0,0,0,0
source_candidate_reserved,1,81,0,0,1,82,0,0,261022383848958,0,0,0,0,0,261022467182291,0,0,0,0,1,0,0,0,"mandatory SourceEscrow allocated; source-only mode",0,0,0,0,0,0,0,0,0,0,82,0
escrow_setup_failed,1,81,0,0,1,82,0,0,261022383848958,0,0,0,0,0,261022467182291,0,0,0,0,0,0,0,0,"injected pre-commit SourceEscrow copy setup failure",0,0,0,0,0,0,0,0,0,0,82,0
source_state_transition,1,81,0,0,1,82,0,0,261022383848958,0,0,0,0,0,261022467182291,0,0,0,0,0,0,0,0,"escrow_preparing->retired:reservation cancelled before transfer",0,0,0,0,0,0,0,0,0,0,0,0
source_terminal,1,81,0,0,1,82,0,0,261022383848958,0,0,0,0,0,261022467182291,0,0,0,0,0,0,0,0,"ordinary_fallback:ordinary DXMT Presenter retained this source",0,0,0,0,0,0,0,0,0,0,0,0
source_candidate_cancelled,1,81,0,0,1,82,0,0,261022383848958,0,0,0,0,0,261022467182291,0,0,0,0,0,0,0,0,"uncommitted reservation returned to ordinary Presenter",0,0,0,0,0,0,0,0,0,0,0,0
layer_owner_draining,1,81,0,0,0,0,0,0,0,0,0,0,0,0,0,0,0,0,0,0,0,0,0,"generation stopped; display worker drains accepted real sources before callbacks stop",0,0,0,0,0,0,0,0,0,0,0,0
generation_submissions_drained,1,81,0,0,0,0,0,0,0,0,0,0,0,0,0,0,0,0,0,0,0,0,0,"no synthetic generation submission remains in flight",0,0,0,0,0,0,0,0,0,0,0,0
presentation_feedback_drained,1,81,0,0,0,0,0,0,0,0,0,0,0,0,0,0,0,0,0,0,0,0,0,"all accepted sources are terminal and drawable/GPU callbacks retired",0,0,0,0,0,0,0,0,0,0,0,0
display_callbacks_stopped,1,81,0,0,0,0,0,0,0,0,0,0,0,0,0,0,0,0,0,0,0,0,0,"display-link invalidated after in-flight delegate callbacks returned",0,0,0,0,0,0,0,0,0,0,0,0
worker_drawables_retired,1,81,0,0,0,0,0,0,0,0,0,0,0,0,0,0,0,0,0,0,0,0,0,"no presentation worker tick retains a callback-owned drawable",0,0,0,0,0,0,0,0,0,0,0,0
synthetic_gpu_work_drained,1,81,0,0,0,0,0,0,0,0,0,0,0,0,0,0,0,0,0,0,0,0,0,"all synthetic Framegen GPU completions retired before resource release",0,0,0,0,0,0,0,0,0,0,0,0
epoch_reset,1,82,0,0,0,0,0,0,0,0,0,0,0,0,0,0,0,0,0,0,0,0,0,"82",0,0,0,0,0,0,0,0,0,0,0,0
layer_owner_released,1,82,0,0,0,0,0,0,0,0,0,0,0,0,0,0,0,0,0,0,0,0,0,"callbacks, worker drawables, DXMT presentation, SourceEscrow, and synthetic GPU work retired",0,0,0,0,0,0,0,0,0,0,0,0
layer_owner_claimed,1,82,0,0,0,0,0,0,0,0,0,0,0,0,0,0,0,0,0,0,0,0,0,"exclusive CAMetalLayer claim acquired before display-link attachment",0,0,0,0,0,0,0,0,0,0,0,0
display_link_attached,1,82,0,0,0,0,0,0,0,0,0,0,0,0,0,0,0,0,0,0,0,0,0,"display link attached after ordinary Presenter drained",0,0,0,0,0,0,0,0,0,0,0,0
display_callbacks_enabled,1,82,0,0,0,0,0,0,0,0,0,0,0,0,0,0,0,0,0,0,0,0,0,"display-link callbacks enabled under exclusive layer claim",0,0,0,0,0,0,0,0,0,0,0,0
session_active,1,82,0,0,0,0,0,0,0,0,0,0,0,0,0,0,0,0,0,0,0,0,0,"display resumed in fresh epoch",0,0,0,0,0,0,0,0,0,0,0,0
source_candidate_reserved,1,82,0,0,1,83,0,0,261022416651666,0,0,0,0,0,261022499984999,0,0,0,0,1,0,0,0,"mandatory SourceEscrow allocated; source-only mode",0,0,0,0,0,0,0,0,0,0,83,0
escrow_setup_failed,1,82,0,0,1,83,0,0,261022416651666,0,0,0,0,0,261022499984999,0,0,0,0,0,0,0,0,"injected pre-commit SourceEscrow copy setup failure",0,0,0,0,0,0,0,0,0,0,83,0
source_state_transition,1,82,0,0,1,83,0,0,261022416651666,0,0,0,0,0,261022499984999,0,0,0,0,0,0,0,0,"escrow_preparing->retired:reservation cancelled before transfer",0,0,0,0,0,0,0,0,0,0,0,0
source_terminal,1,82,0,0,1,83,0,0,261022416651666,0,0,0,0,0,261022499984999,0,0,0,0,0,0,0,0,"ordinary_fallback:ordinary DXMT Presenter retained this source",0,0,0,0,0,0,0,0,0,0,0,0
source_candidate_cancelled,1,82,0,0,1,83,0,0,261022416651666,0,0,0,0,0,261022499984999,0,0,0,0,0,0,0,0,"uncommitted reservation returned to ordinary Presenter",0,0,0,0,0,0,0,0,0,0,0,0
layer_owner_draining,1,82,0,0,0,0,0,0,0,0,0,0,0,0,0,0,0,0,0,0,0,0,0,"generation stopped; display worker drains accepted real sources before callbacks stop",0,0,0,0,0,0,0,0,0,0,0,0
generation_submissions_drained,1,82,0,0,0,0,0,0,0,0,0,0,0,0,0,0,0,0,0,0,0,0,0,"no synthetic generation submission remains in flight",0,0,0,0,0,0,0,0,0,0,0,0
presentation_feedback_drained,1,82,0,0,0,0,0,0,0,0,0,0,0,0,0,0,0,0,0,0,0,0,0,"all accepted sources are terminal and drawable/GPU callbacks retired",0,0,0,0,0,0,0,0,0,0,0,0
display_callbacks_stopped,1,82,0,0,0,0,0,0,0,0,0,0,0,0,0,0,0,0,0,0,0,0,0,"display-link invalidated after in-flight delegate callbacks returned",0,0,0,0,0,0,0,0,0,0,0,0
worker_drawables_retired,1,82,0,0,0,0,0,0,0,0,0,0,0,0,0,0,0,0,0,0,0,0,0,"no presentation worker tick retains a callback-owned drawable",0,0,0,0,0,0,0,0,0,0,0,0
synthetic_gpu_work_drained,1,82,0,0,0,0,0,0,0,0,0,0,0,0,0,0,0,0,0,0,0,0,0,"all synthetic Framegen GPU completions retired before resource release",0,0,0,0,0,0,0,0,0,0,0,0
epoch_reset,1,83,0,0,0,0,0,0,0,0,0,0,0,0,0,0,0,0,0,0,0,0,0,"83",0,0,0,0,0,0,0,0,0,0,0,0
layer_owner_released,1,83,0,0,0,0,0,0,0,0,0,0,0,0,0,0,0,0,0,0,0,0,0,"callbacks, worker drawables, DXMT presentation, SourceEscrow, and synthetic GPU work retired",0,0,0,0,0,0,0,0,0,0,0,0
layer_owner_claimed,1,83,0,0,0,0,0,0,0,0,0,0,0,0,0,0,0,0,0,0,0,0,0,"exclusive CAMetalLayer claim acquired before display-link attachment",0,0,0,0,0,0,0,0,0,0,0,0
display_link_attached,1,83,0,0,0,0,0,0,0,0,0,0,0,0,0,0,0,0,0,0,0,0,0,"display link attached after ordinary Presenter drained",0,0,0,0,0,0,0,0,0,0,0,0
display_callbacks_enabled,1,83,0,0,0,0,0,0,0,0,0,0,0,0,0,0,0,0,0,0,0,0,0,"display-link callbacks enabled under exclusive layer claim",0,0,0,0,0,0,0,0,0,0,0,0
session_active,1,83,0,0,0,0,0,0,0,0,0,0,0,0,0,0,0,0,0,0,0,0,0,"display resumed in fresh epoch",0,0,0,0,0,0,0,0,0,0,0,0
source_candidate_reserved,1,83,0,0,1,84,0,0,261022451499083,0,0,0,0,0,261022534832416,0,0,0,0,1,0,0,0,"mandatory SourceEscrow allocated; source-only mode",0,0,0,0,0,0,0,0,0,0,84,0
escrow_setup_failed,1,83,0,0,1,84,0,0,261022451499083,0,0,0,0,0,261022534832416,0,0,0,0,0,0,0,0,"injected pre-commit SourceEscrow copy setup failure",0,0,0,0,0,0,0,0,0,0,84,0
source_state_transition,1,83,0,0,1,84,0,0,261022451499083,0,0,0,0,0,261022534832416,0,0,0,0,0,0,0,0,"escrow_preparing->retired:reservation cancelled before transfer",0,0,0,0,0,0,0,0,0,0,0,0
source_terminal,1,83,0,0,1,84,0,0,261022451499083,0,0,0,0,0,261022534832416,0,0,0,0,0,0,0,0,"ordinary_fallback:ordinary DXMT Presenter retained this source",0,0,0,0,0,0,0,0,0,0,0,0
source_candidate_cancelled,1,83,0,0,1,84,0,0,261022451499083,0,0,0,0,0,261022534832416,0,0,0,0,0,0,0,0,"uncommitted reservation returned to ordinary Presenter",0,0,0,0,0,0,0,0,0,0,0,0
layer_owner_draining,1,83,0,0,0,0,0,0,0,0,0,0,0,0,0,0,0,0,0,0,0,0,0,"generation stopped; display worker drains accepted real sources before callbacks stop",0,0,0,0,0,0,0,0,0,0,0,0
generation_submissions_drained,1,83,0,0,0,0,0,0,0,0,0,0,0,0,0,0,0,0,0,0,0,0,0,"no synthetic generation submission remains in flight",0,0,0,0,0,0,0,0,0,0,0,0
presentation_feedback_drained,1,83,0,0,0,0,0,0,0,0,0,0,0,0,0,0,0,0,0,0,0,0,0,"all accepted sources are terminal and drawable/GPU callbacks retired",0,0,0,0,0,0,0,0,0,0,0,0
display_callbacks_stopped,1,83,0,0,0,0,0,0,0,0,0,0,0,0,0,0,0,0,0,0,0,0,0,"display-link invalidated after in-flight delegate callbacks returned",0,0,0,0,0,0,0,0,0,0,0,0
worker_drawables_retired,1,83,0,0,0,0,0,0,0,0,0,0,0,0,0,0,0,0,0,0,0,0,0,"no presentation worker tick retains a callback-owned drawable",0,0,0,0,0,0,0,0,0,0,0,0
synthetic_gpu_work_drained,1,83,0,0,0,0,0,0,0,0,0,0,0,0,0,0,0,0,0,0,0,0,0,"all synthetic Framegen GPU completions retired before resource release",0,0,0,0,0,0,0,0,0,0,0,0
epoch_reset,1,84,0,0,0,0,0,0,0,0,0,0,0,0,0,0,0,0,0,0,0,0,0,"84",0,0,0,0,0,0,0,0,0,0,0,0
layer_owner_released,1,84,0,0,0,0,0,0,0,0,0,0,0,0,0,0,0,0,0,0,0,0,0,"callbacks, worker drawables, DXMT presentation, SourceEscrow, and synthetic GPU work retired",0,0,0,0,0,0,0,0,0,0,0,0
layer_owner_claimed,1,84,0,0,0,0,0,0,0,0,0,0,0,0,0,0,0,0,0,0,0,0,0,"exclusive CAMetalLayer claim acquired before display-link attachment",0,0,0,0,0,0,0,0,0,0,0,0
display_link_attached,1,84,0,0,0,0,0,0,0,0,0,0,0,0,0,0,0,0,0,0,0,0,0,"display link attached after ordinary Presenter drained",0,0,0,0,0,0,0,0,0,0,0,0
display_callbacks_enabled,1,84,0,0,0,0,0,0,0,0,0,0,0,0,0,0,0,0,0,0,0,0,0,"display-link callbacks enabled under exclusive layer claim",0,0,0,0,0,0,0,0,0,0,0,0
session_active,1,84,0,0,0,0,0,0,0,0,0,0,0,0,0,0,0,0,0,0,0,0,0,"display resumed in fresh epoch",0,0,0,0,0,0,0,0,0,0,0,0
source_candidate_reserved,1,84,0,0,1,85,0,0,261022482616041,0,0,0,0,0,261022565949374,0,0,0,0,1,0,0,0,"mandatory SourceEscrow allocated; source-only mode",0,0,0,0,0,0,0,0,0,0,85,0
escrow_setup_failed,1,84,0,0,1,85,0,0,261022482616041,0,0,0,0,0,261022565949374,0,0,0,0,0,0,0,0,"injected pre-commit SourceEscrow copy setup failure",0,0,0,0,0,0,0,0,0,0,85,0
source_state_transition,1,84,0,0,1,85,0,0,261022482616041,0,0,0,0,0,261022565949374,0,0,0,0,0,0,0,0,"escrow_preparing->retired:reservation cancelled before transfer",0,0,0,0,0,0,0,0,0,0,0,0
source_terminal,1,84,0,0,1,85,0,0,261022482616041,0,0,0,0,0,261022565949374,0,0,0,0,0,0,0,0,"ordinary_fallback:ordinary DXMT Presenter retained this source",0,0,0,0,0,0,0,0,0,0,0,0
source_candidate_cancelled,1,84,0,0,1,85,0,0,261022482616041,0,0,0,0,0,261022565949374,0,0,0,0,0,0,0,0,"uncommitted reservation returned to ordinary Presenter",0,0,0,0,0,0,0,0,0,0,0,0
layer_owner_draining,1,84,0,0,0,0,0,0,0,0,0,0,0,0,0,0,0,0,0,0,0,0,0,"generation stopped; display worker drains accepted real sources before callbacks stop",0,0,0,0,0,0,0,0,0,0,0,0
generation_submissions_drained,1,84,0,0,0,0,0,0,0,0,0,0,0,0,0,0,0,0,0,0,0,0,0,"no synthetic generation submission remains in flight",0,0,0,0,0,0,0,0,0,0,0,0
presentation_feedback_drained,1,84,0,0,0,0,0,0,0,0,0,0,0,0,0,0,0,0,0,0,0,0,0,"all accepted sources are terminal and drawable/GPU callbacks retired",0,0,0,0,0,0,0,0,0,0,0,0
display_callbacks_stopped,1,84,0,0,0,0,0,0,0,0,0,0,0,0,0,0,0,0,0,0,0,0,0,"display-link invalidated after in-flight delegate callbacks returned",0,0,0,0,0,0,0,0,0,0,0,0
worker_drawables_retired,1,84,0,0,0,0,0,0,0,0,0,0,0,0,0,0,0,0,0,0,0,0,0,"no presentation worker tick retains a callback-owned drawable",0,0,0,0,0,0,0,0,0,0,0,0
synthetic_gpu_work_drained,1,84,0,0,0,0,0,0,0,0,0,0,0,0,0,0,0,0,0,0,0,0,0,"all synthetic Framegen GPU completions retired before resource release",0,0,0,0,0,0,0,0,0,0,0,0
epoch_reset,1,85,0,0,0,0,0,0,0,0,0,0,0,0,0,0,0,0,0,0,0,0,0,"85",0,0,0,0,0,0,0,0,0,0,0,0
layer_owner_released,1,85,0,0,0,0,0,0,0,0,0,0,0,0,0,0,0,0,0,0,0,0,0,"callbacks, worker drawables, DXMT presentation, SourceEscrow, and synthetic GPU work retired",0,0,0,0,0,0,0,0,0,0,0,0
layer_owner_claimed,1,85,0,0,0,0,0,0,0,0,0,0,0,0,0,0,0,0,0,0,0,0,0,"exclusive CAMetalLayer claim acquired before display-link attachment",0,0,0,0,0,0,0,0,0,0,0,0
display_link_attached,1,85,0,0,0,0,0,0,0,0,0,0,0,0,0,0,0,0,0,0,0,0,0,"display link attached after ordinary Presenter drained",0,0,0,0,0,0,0,0,0,0,0,0
display_callbacks_enabled,1,85,0,0,0,0,0,0,0,0,0,0,0,0,0,0,0,0,0,0,0,0,0,"display-link callbacks enabled under exclusive layer claim",0,0,0,0,0,0,0,0,0,0,0,0
session_active,1,85,0,0,0,0,0,0,0,0,0,0,0,0,0,0,0,0,0,0,0,0,0,"display resumed in fresh epoch",0,0,0,0,0,0,0,0,0,0,0,0
source_candidate_reserved,1,85,0,0,1,86,0,0,261022516480166,0,0,0,0,0,261022599813499,0,0,0,0,1,0,0,0,"mandatory SourceEscrow allocated; source-only mode",0,0,0,0,0,0,0,0,0,0,86,0
escrow_setup_failed,1,85,0,0,1,86,0,0,261022516480166,0,0,0,0,0,261022599813499,0,0,0,0,0,0,0,0,"injected pre-commit SourceEscrow copy setup failure",0,0,0,0,0,0,0,0,0,0,86,0
source_state_transition,1,85,0,0,1,86,0,0,261022516480166,0,0,0,0,0,261022599813499,0,0,0,0,0,0,0,0,"escrow_preparing->retired:reservation cancelled before transfer",0,0,0,0,0,0,0,0,0,0,0,0
source_terminal,1,85,0,0,1,86,0,0,261022516480166,0,0,0,0,0,261022599813499,0,0,0,0,0,0,0,0,"ordinary_fallback:ordinary DXMT Presenter retained this source",0,0,0,0,0,0,0,0,0,0,0,0
source_candidate_cancelled,1,85,0,0,1,86,0,0,261022516480166,0,0,0,0,0,261022599813499,0,0,0,0,0,0,0,0,"uncommitted reservation returned to ordinary Presenter",0,0,0,0,0,0,0,0,0,0,0,0
layer_owner_draining,1,85,0,0,0,0,0,0,0,0,0,0,0,0,0,0,0,0,0,0,0,0,0,"generation stopped; display worker drains accepted real sources before callbacks stop",0,0,0,0,0,0,0,0,0,0,0,0
generation_submissions_drained,1,85,0,0,0,0,0,0,0,0,0,0,0,0,0,0,0,0,0,0,0,0,0,"no synthetic generation submission remains in flight",0,0,0,0,0,0,0,0,0,0,0,0
presentation_feedback_drained,1,85,0,0,0,0,0,0,0,0,0,0,0,0,0,0,0,0,0,0,0,0,0,"all accepted sources are terminal and drawable/GPU callbacks retired",0,0,0,0,0,0,0,0,0,0,0,0
display_callbacks_stopped,1,85,0,0,0,0,0,0,0,0,0,0,0,0,0,0,0,0,0,0,0,0,0,"display-link invalidated after in-flight delegate callbacks returned",0,0,0,0,0,0,0,0,0,0,0,0
worker_drawables_retired,1,85,0,0,0,0,0,0,0,0,0,0,0,0,0,0,0,0,0,0,0,0,0,"no presentation worker tick retains a callback-owned drawable",0,0,0,0,0,0,0,0,0,0,0,0
synthetic_gpu_work_drained,1,85,0,0,0,0,0,0,0,0,0,0,0,0,0,0,0,0,0,0,0,0,0,"all synthetic Framegen GPU completions retired before resource release",0,0,0,0,0,0,0,0,0,0,0,0
epoch_reset,1,86,0,0,0,0,0,0,0,0,0,0,0,0,0,0,0,0,0,0,0,0,0,"86",0,0,0,0,0,0,0,0,0,0,0,0
layer_owner_released,1,86,0,0,0,0,0,0,0,0,0,0,0,0,0,0,0,0,0,0,0,0,0,"callbacks, worker drawables, DXMT presentation, SourceEscrow, and synthetic GPU work retired",0,0,0,0,0,0,0,0,0,0,0,0
layer_owner_claimed,1,86,0,0,0,0,0,0,0,0,0,0,0,0,0,0,0,0,0,0,0,0,0,"exclusive CAMetalLayer claim acquired before display-link attachment",0,0,0,0,0,0,0,0,0,0,0,0
display_link_attached,1,86,0,0,0,0,0,0,0,0,0,0,0,0,0,0,0,0,0,0,0,0,0,"display link attached after ordinary Presenter drained",0,0,0,0,0,0,0,0,0,0,0,0
display_callbacks_enabled,1,86,0,0,0,0,0,0,0,0,0,0,0,0,0,0,0,0,0,0,0,0,0,"display-link callbacks enabled under exclusive layer claim",0,0,0,0,0,0,0,0,0,0,0,0
session_active,1,86,0,0,0,0,0,0,0,0,0,0,0,0,0,0,0,0,0,0,0,0,0,"display resumed in fresh epoch",0,0,0,0,0,0,0,0,0,0,0,0
source_candidate_reserved,1,86,0,0,1,87,0,0,261022549455083,0,0,0,0,0,261022632788416,0,0,0,0,1,0,0,0,"mandatory SourceEscrow allocated; source-only mode",0,0,0,0,0,0,0,0,0,0,87,0
escrow_setup_failed,1,86,0,0,1,87,0,0,261022549455083,0,0,0,0,0,261022632788416,0,0,0,0,0,0,0,0,"injected pre-commit SourceEscrow copy setup failure",0,0,0,0,0,0,0,0,0,0,87,0
source_state_transition,1,86,0,0,1,87,0,0,261022549455083,0,0,0,0,0,261022632788416,0,0,0,0,0,0,0,0,"escrow_preparing->retired:reservation cancelled before transfer",0,0,0,0,0,0,0,0,0,0,0,0
source_terminal,1,86,0,0,1,87,0,0,261022549455083,0,0,0,0,0,261022632788416,0,0,0,0,0,0,0,0,"ordinary_fallback:ordinary DXMT Presenter retained this source",0,0,0,0,0,0,0,0,0,0,0,0
source_candidate_cancelled,1,86,0,0,1,87,0,0,261022549455083,0,0,0,0,0,261022632788416,0,0,0,0,0,0,0,0,"uncommitted reservation returned to ordinary Presenter",0,0,0,0,0,0,0,0,0,0,0,0
layer_owner_draining,1,86,0,0,0,0,0,0,0,0,0,0,0,0,0,0,0,0,0,0,0,0,0,"generation stopped; display worker drains accepted real sources before callbacks stop",0,0,0,0,0,0,0,0,0,0,0,0
generation_submissions_drained,1,86,0,0,0,0,0,0,0,0,0,0,0,0,0,0,0,0,0,0,0,0,0,"no synthetic generation submission remains in flight",0,0,0,0,0,0,0,0,0,0,0,0
presentation_feedback_drained,1,86,0,0,0,0,0,0,0,0,0,0,0,0,0,0,0,0,0,0,0,0,0,"all accepted sources are terminal and drawable/GPU callbacks retired",0,0,0,0,0,0,0,0,0,0,0,0
display_callbacks_stopped,1,86,0,0,0,0,0,0,0,0,0,0,0,0,0,0,0,0,0,0,0,0,0,"display-link invalidated after in-flight delegate callbacks returned",0,0,0,0,0,0,0,0,0,0,0,0
worker_drawables_retired,1,86,0,0,0,0,0,0,0,0,0,0,0,0,0,0,0,0,0,0,0,0,0,"no presentation worker tick retains a callback-owned drawable",0,0,0,0,0,0,0,0,0,0,0,0
synthetic_gpu_work_drained,1,86,0,0,0,0,0,0,0,0,0,0,0,0,0,0,0,0,0,0,0,0,0,"all synthetic Framegen GPU completions retired before resource release",0,0,0,0,0,0,0,0,0,0,0,0
epoch_reset,1,87,0,0,0,0,0,0,0,0,0,0,0,0,0,0,0,0,0,0,0,0,0,"87",0,0,0,0,0,0,0,0,0,0,0,0
layer_owner_released,1,87,0,0,0,0,0,0,0,0,0,0,0,0,0,0,0,0,0,0,0,0,0,"callbacks, worker drawables, DXMT presentation, SourceEscrow, and synthetic GPU work retired",0,0,0,0,0,0,0,0,0,0,0,0
layer_owner_claimed,1,87,0,0,0,0,0,0,0,0,0,0,0,0,0,0,0,0,0,0,0,0,0,"exclusive CAMetalLayer claim acquired before display-link attachment",0,0,0,0,0,0,0,0,0,0,0,0
display_link_attached,1,87,0,0,0,0,0,0,0,0,0,0,0,0,0,0,0,0,0,0,0,0,0,"display link attached after ordinary Presenter drained",0,0,0,0,0,0,0,0,0,0,0,0
display_callbacks_enabled,1,87,0,0,0,0,0,0,0,0,0,0,0,0,0,0,0,0,0,0,0,0,0,"display-link callbacks enabled under exclusive layer claim",0,0,0,0,0,0,0,0,0,0,0,0
session_active,1,87,0,0,0,0,0,0,0,0,0,0,0,0,0,0,0,0,0,0,0,0,0,"display resumed in fresh epoch",0,0,0,0,0,0,0,0,0,0,0,0
source_candidate_reserved,1,87,0,0,1,88,0,0,261022585944583,0,0,0,0,0,261022669277916,0,0,0,0,1,0,0,0,"mandatory SourceEscrow allocated; source-only mode",0,0,0,0,0,0,0,0,0,0,88,0
escrow_setup_failed,1,87,0,0,1,88,0,0,261022585944583,0,0,0,0,0,261022669277916,0,0,0,0,0,0,0,0,"injected pre-commit SourceEscrow copy setup failure",0,0,0,0,0,0,0,0,0,0,88,0
source_state_transition,1,87,0,0,1,88,0,0,261022585944583,0,0,0,0,0,261022669277916,0,0,0,0,0,0,0,0,"escrow_preparing->retired:reservation cancelled before transfer",0,0,0,0,0,0,0,0,0,0,0,0
source_terminal,1,87,0,0,1,88,0,0,261022585944583,0,0,0,0,0,261022669277916,0,0,0,0,0,0,0,0,"ordinary_fallback:ordinary DXMT Presenter retained this source",0,0,0,0,0,0,0,0,0,0,0,0
source_candidate_cancelled,1,87,0,0,1,88,0,0,261022585944583,0,0,0,0,0,261022669277916,0,0,0,0,0,0,0,0,"uncommitted reservation returned to ordinary Presenter",0,0,0,0,0,0,0,0,0,0,0,0
layer_owner_draining,1,87,0,0,0,0,0,0,0,0,0,0,0,0,0,0,0,0,0,0,0,0,0,"generation stopped; display worker drains accepted real sources before callbacks stop",0,0,0,0,0,0,0,0,0,0,0,0
generation_submissions_drained,1,87,0,0,0,0,0,0,0,0,0,0,0,0,0,0,0,0,0,0,0,0,0,"no synthetic generation submission remains in flight",0,0,0,0,0,0,0,0,0,0,0,0
presentation_feedback_drained,1,87,0,0,0,0,0,0,0,0,0,0,0,0,0,0,0,0,0,0,0,0,0,"all accepted sources are terminal and drawable/GPU callbacks retired",0,0,0,0,0,0,0,0,0,0,0,0
display_callbacks_stopped,1,87,0,0,0,0,0,0,0,0,0,0,0,0,0,0,0,0,0,0,0,0,0,"display-link invalidated after in-flight delegate callbacks returned",0,0,0,0,0,0,0,0,0,0,0,0
worker_drawables_retired,1,87,0,0,0,0,0,0,0,0,0,0,0,0,0,0,0,0,0,0,0,0,0,"no presentation worker tick retains a callback-owned drawable",0,0,0,0,0,0,0,0,0,0,0,0
synthetic_gpu_work_drained,1,87,0,0,0,0,0,0,0,0,0,0,0,0,0,0,0,0,0,0,0,0,0,"all synthetic Framegen GPU completions retired before resource release",0,0,0,0,0,0,0,0,0,0,0,0
epoch_reset,1,88,0,0,0,0,0,0,0,0,0,0,0,0,0,0,0,0,0,0,0,0,0,"88",0,0,0,0,0,0,0,0,0,0,0,0
layer_owner_released,1,88,0,0,0,0,0,0,0,0,0,0,0,0,0,0,0,0,0,0,0,0,0,"callbacks, worker drawables, DXMT presentation, SourceEscrow, and synthetic GPU work retired",0,0,0,0,0,0,0,0,0,0,0,0
layer_owner_claimed,1,88,0,0,0,0,0,0,0,0,0,0,0,0,0,0,0,0,0,0,0,0,0,"exclusive CAMetalLayer claim acquired before display-link attachment",0,0,0,0,0,0,0,0,0,0,0,0
display_link_attached,1,88,0,0,0,0,0,0,0,0,0,0,0,0,0,0,0,0,0,0,0,0,0,"display link attached after ordinary Presenter drained",0,0,0,0,0,0,0,0,0,0,0,0
display_callbacks_enabled,1,88,0,0,0,0,0,0,0,0,0,0,0,0,0,0,0,0,0,0,0,0,0,"display-link callbacks enabled under exclusive layer claim",0,0,0,0,0,0,0,0,0,0,0,0
session_active,1,88,0,0,0,0,0,0,0,0,0,0,0,0,0,0,0,0,0,0,0,0,0,"display resumed in fresh epoch",0,0,0,0,0,0,0,0,0,0,0,0
source_candidate_reserved,1,88,0,0,1,89,0,0,261022617023208,0,0,0,0,0,261022700356541,0,0,0,0,1,0,0,0,"mandatory SourceEscrow allocated; source-only mode",0,0,0,0,0,0,0,0,0,0,89,0
escrow_setup_failed,1,88,0,0,1,89,0,0,261022617023208,0,0,0,0,0,261022700356541,0,0,0,0,0,0,0,0,"injected pre-commit SourceEscrow copy setup failure",0,0,0,0,0,0,0,0,0,0,89,0
source_state_transition,1,88,0,0,1,89,0,0,261022617023208,0,0,0,0,0,261022700356541,0,0,0,0,0,0,0,0,"escrow_preparing->retired:reservation cancelled before transfer",0,0,0,0,0,0,0,0,0,0,0,0
source_terminal,1,88,0,0,1,89,0,0,261022617023208,0,0,0,0,0,261022700356541,0,0,0,0,0,0,0,0,"ordinary_fallback:ordinary DXMT Presenter retained this source",0,0,0,0,0,0,0,0,0,0,0,0
source_candidate_cancelled,1,88,0,0,1,89,0,0,261022617023208,0,0,0,0,0,261022700356541,0,0,0,0,0,0,0,0,"uncommitted reservation returned to ordinary Presenter",0,0,0,0,0,0,0,0,0,0,0,0
layer_owner_draining,1,88,0,0,0,0,0,0,0,0,0,0,0,0,0,0,0,0,0,0,0,0,0,"generation stopped; display worker drains accepted real sources before callbacks stop",0,0,0,0,0,0,0,0,0,0,0,0
generation_submissions_drained,1,88,0,0,0,0,0,0,0,0,0,0,0,0,0,0,0,0,0,0,0,0,0,"no synthetic generation submission remains in flight",0,0,0,0,0,0,0,0,0,0,0,0
presentation_feedback_drained,1,88,0,0,0,0,0,0,0,0,0,0,0,0,0,0,0,0,0,0,0,0,0,"all accepted sources are terminal and drawable/GPU callbacks retired",0,0,0,0,0,0,0,0,0,0,0,0
display_callbacks_stopped,1,88,0,0,0,0,0,0,0,0,0,0,0,0,0,0,0,0,0,0,0,0,0,"display-link invalidated after in-flight delegate callbacks returned",0,0,0,0,0,0,0,0,0,0,0,0
worker_drawables_retired,1,88,0,0,0,0,0,0,0,0,0,0,0,0,0,0,0,0,0,0,0,0,0,"no presentation worker tick retains a callback-owned drawable",0,0,0,0,0,0,0,0,0,0,0,0
synthetic_gpu_work_drained,1,88,0,0,0,0,0,0,0,0,0,0,0,0,0,0,0,0,0,0,0,0,0,"all synthetic Framegen GPU completions retired before resource release",0,0,0,0,0,0,0,0,0,0,0,0
epoch_reset,1,89,0,0,0,0,0,0,0,0,0,0,0,0,0,0,0,0,0,0,0,0,0,"89",0,0,0,0,0,0,0,0,0,0,0,0
layer_owner_released,1,89,0,0,0,0,0,0,0,0,0,0,0,0,0,0,0,0,0,0,0,0,0,"callbacks, worker drawables, DXMT presentation, SourceEscrow, and synthetic GPU work retired",0,0,0,0,0,0,0,0,0,0,0,0
layer_owner_claimed,1,89,0,0,0,0,0,0,0,0,0,0,0,0,0,0,0,0,0,0,0,0,0,"exclusive CAMetalLayer claim acquired before display-link attachment",0,0,0,0,0,0,0,0,0,0,0,0
display_link_attached,1,89,0,0,0,0,0,0,0,0,0,0,0,0,0,0,0,0,0,0,0,0,0,"display link attached after ordinary Presenter drained",0,0,0,0,0,0,0,0,0,0,0,0
display_callbacks_enabled,1,89,0,0,0,0,0,0,0,0,0,0,0,0,0,0,0,0,0,0,0,0,0,"display-link callbacks enabled under exclusive layer claim",0,0,0,0,0,0,0,0,0,0,0,0
session_active,1,89,0,0,0,0,0,0,0,0,0,0,0,0,0,0,0,0,0,0,0,0,0,"display resumed in fresh epoch",0,0,0,0,0,0,0,0,0,0,0,0
source_candidate_reserved,1,89,0,0,1,90,0,0,261022649143541,0,0,0,0,0,261022732476874,0,0,0,0,1,0,0,0,"mandatory SourceEscrow allocated; source-only mode",0,0,0,0,0,0,0,0,0,0,90,0
escrow_setup_failed,1,89,0,0,1,90,0,0,261022649143541,0,0,0,0,0,261022732476874,0,0,0,0,0,0,0,0,"injected pre-commit SourceEscrow copy setup failure",0,0,0,0,0,0,0,0,0,0,90,0
source_state_transition,1,89,0,0,1,90,0,0,261022649143541,0,0,0,0,0,261022732476874,0,0,0,0,0,0,0,0,"escrow_preparing->retired:reservation cancelled before transfer",0,0,0,0,0,0,0,0,0,0,0,0
source_terminal,1,89,0,0,1,90,0,0,261022649143541,0,0,0,0,0,261022732476874,0,0,0,0,0,0,0,0,"ordinary_fallback:ordinary DXMT Presenter retained this source",0,0,0,0,0,0,0,0,0,0,0,0
source_candidate_cancelled,1,89,0,0,1,90,0,0,261022649143541,0,0,0,0,0,261022732476874,0,0,0,0,0,0,0,0,"uncommitted reservation returned to ordinary Presenter",0,0,0,0,0,0,0,0,0,0,0,0
layer_owner_draining,1,89,0,0,0,0,0,0,0,0,0,0,0,0,0,0,0,0,0,0,0,0,0,"generation stopped; display worker drains accepted real sources before callbacks stop",0,0,0,0,0,0,0,0,0,0,0,0
generation_submissions_drained,1,89,0,0,0,0,0,0,0,0,0,0,0,0,0,0,0,0,0,0,0,0,0,"no synthetic generation submission remains in flight",0,0,0,0,0,0,0,0,0,0,0,0
presentation_feedback_drained,1,89,0,0,0,0,0,0,0,0,0,0,0,0,0,0,0,0,0,0,0,0,0,"all accepted sources are terminal and drawable/GPU callbacks retired",0,0,0,0,0,0,0,0,0,0,0,0
display_callbacks_stopped,1,89,0,0,0,0,0,0,0,0,0,0,0,0,0,0,0,0,0,0,0,0,0,"display-link invalidated after in-flight delegate callbacks returned",0,0,0,0,0,0,0,0,0,0,0,0
worker_drawables_retired,1,89,0,0,0,0,0,0,0,0,0,0,0,0,0,0,0,0,0,0,0,0,0,"no presentation worker tick retains a callback-owned drawable",0,0,0,0,0,0,0,0,0,0,0,0
synthetic_gpu_work_drained,1,89,0,0,0,0,0,0,0,0,0,0,0,0,0,0,0,0,0,0,0,0,0,"all synthetic Framegen GPU completions retired before resource release",0,0,0,0,0,0,0,0,0,0,0,0
epoch_reset,1,90,0,0,0,0,0,0,0,0,0,0,0,0,0,0,0,0,0,0,0,0,0,"90",0,0,0,0,0,0,0,0,0,0,0,0
layer_owner_released,1,90,0,0,0,0,0,0,0,0,0,0,0,0,0,0,0,0,0,0,0,0,0,"callbacks, worker drawables, DXMT presentation, SourceEscrow, and synthetic GPU work retired",0,0,0,0,0,0,0,0,0,0,0,0
layer_owner_claimed,1,90,0,0,0,0,0,0,0,0,0,0,0,0,0,0,0,0,0,0,0,0,0,"exclusive CAMetalLayer claim acquired before display-link attachment",0,0,0,0,0,0,0,0,0,0,0,0
display_link_attached,1,90,0,0,0,0,0,0,0,0,0,0,0,0,0,0,0,0,0,0,0,0,0,"display link attached after ordinary Presenter drained",0,0,0,0,0,0,0,0,0,0,0,0
display_callbacks_enabled,1,90,0,0,0,0,0,0,0,0,0,0,0,0,0,0,0,0,0,0,0,0,0,"display-link callbacks enabled under exclusive layer claim",0,0,0,0,0,0,0,0,0,0,0,0
session_active,1,90,0,0,0,0,0,0,0,0,0,0,0,0,0,0,0,0,0,0,0,0,0,"display resumed in fresh epoch",0,0,0,0,0,0,0,0,0,0,0,0
source_candidate_reserved,1,90,0,0,1,91,0,0,261022700402833,0,0,0,0,0,261022783736166,0,0,0,0,1,0,0,0,"mandatory SourceEscrow allocated; source-only mode",0,0,0,0,0,0,0,0,0,0,91,0
escrow_setup_failed,1,90,0,0,1,91,0,0,261022700402833,0,0,0,0,0,261022783736166,0,0,0,0,0,0,0,0,"injected pre-commit SourceEscrow copy setup failure",0,0,0,0,0,0,0,0,0,0,91,0
source_state_transition,1,90,0,0,1,91,0,0,261022700402833,0,0,0,0,0,261022783736166,0,0,0,0,0,0,0,0,"escrow_preparing->retired:reservation cancelled before transfer",0,0,0,0,0,0,0,0,0,0,0,0
source_terminal,1,90,0,0,1,91,0,0,261022700402833,0,0,0,0,0,261022783736166,0,0,0,0,0,0,0,0,"ordinary_fallback:ordinary DXMT Presenter retained this source",0,0,0,0,0,0,0,0,0,0,0,0
source_candidate_cancelled,1,90,0,0,1,91,0,0,261022700402833,0,0,0,0,0,261022783736166,0,0,0,0,0,0,0,0,"uncommitted reservation returned to ordinary Presenter",0,0,0,0,0,0,0,0,0,0,0,0
layer_owner_draining,1,90,0,0,0,0,0,0,0,0,0,0,0,0,0,0,0,0,0,0,0,0,0,"generation stopped; display worker drains accepted real sources before callbacks stop",0,0,0,0,0,0,0,0,0,0,0,0
generation_submissions_drained,1,90,0,0,0,0,0,0,0,0,0,0,0,0,0,0,0,0,0,0,0,0,0,"no synthetic generation submission remains in flight",0,0,0,0,0,0,0,0,0,0,0,0
presentation_feedback_drained,1,90,0,0,0,0,0,0,0,0,0,0,0,0,0,0,0,0,0,0,0,0,0,"all accepted sources are terminal and drawable/GPU callbacks retired",0,0,0,0,0,0,0,0,0,0,0,0
display_callbacks_stopped,1,90,0,0,0,0,0,0,0,0,0,0,0,0,0,0,0,0,0,0,0,0,0,"display-link invalidated after in-flight delegate callbacks returned",0,0,0,0,0,0,0,0,0,0,0,0
worker_drawables_retired,1,90,0,0,0,0,0,0,0,0,0,0,0,0,0,0,0,0,0,0,0,0,0,"no presentation worker tick retains a callback-owned drawable",0,0,0,0,0,0,0,0,0,0,0,0
synthetic_gpu_work_drained,1,90,0,0,0,0,0,0,0,0,0,0,0,0,0,0,0,0,0,0,0,0,0,"all synthetic Framegen GPU completions retired before resource release",0,0,0,0,0,0,0,0,0,0,0,0
epoch_reset,1,91,0,0,0,0,0,0,0,0,0,0,0,0,0,0,0,0,0,0,0,0,0,"91",0,0,0,0,0,0,0,0,0,0,0,0
layer_owner_released,1,91,0,0,0,0,0,0,0,0,0,0,0,0,0,0,0,0,0,0,0,0,0,"callbacks, worker drawables, DXMT presentation, SourceEscrow, and synthetic GPU work retired",0,0,0,0,0,0,0,0,0,0,0,0
layer_owner_claimed,1,91,0,0,0,0,0,0,0,0,0,0,0,0,0,0,0,0,0,0,0,0,0,"exclusive CAMetalLayer claim acquired before display-link attachment",0,0,0,0,0,0,0,0,0,0,0,0
display_link_attached,1,91,0,0,0,0,0,0,0,0,0,0,0,0,0,0,0,0,0,0,0,0,0,"display link attached after ordinary Presenter drained",0,0,0,0,0,0,0,0,0,0,0,0
display_callbacks_enabled,1,91,0,0,0,0,0,0,0,0,0,0,0,0,0,0,0,0,0,0,0,0,0,"display-link callbacks enabled under exclusive layer claim",0,0,0,0,0,0,0,0,0,0,0,0
session_active,1,91,0,0,0,0,0,0,0,0,0,0,0,0,0,0,0,0,0,0,0,0,0,"display resumed in fresh epoch",0,0,0,0,0,0,0,0,0,0,0,0
source_candidate_reserved,1,91,0,0,1,92,0,0,261022714742208,0,0,0,0,0,261022798075541,0,0,0,0,1,0,0,0,"mandatory SourceEscrow allocated; source-only mode",0,0,0,0,0,0,0,0,0,0,92,0
escrow_setup_failed,1,91,0,0,1,92,0,0,261022714742208,0,0,0,0,0,261022798075541,0,0,0,0,0,0,0,0,"injected pre-commit SourceEscrow copy setup failure",0,0,0,0,0,0,0,0,0,0,92,0
source_state_transition,1,91,0,0,1,92,0,0,261022714742208,0,0,0,0,0,261022798075541,0,0,0,0,0,0,0,0,"escrow_preparing->retired:reservation cancelled before transfer",0,0,0,0,0,0,0,0,0,0,0,0
source_terminal,1,91,0,0,1,92,0,0,261022714742208,0,0,0,0,0,261022798075541,0,0,0,0,0,0,0,0,"ordinary_fallback:ordinary DXMT Presenter retained this source",0,0,0,0,0,0,0,0,0,0,0,0
source_candidate_cancelled,1,91,0,0,1,92,0,0,261022714742208,0,0,0,0,0,261022798075541,0,0,0,0,0,0,0,0,"uncommitted reservation returned to ordinary Presenter",0,0,0,0,0,0,0,0,0,0,0,0
layer_owner_draining,1,91,0,0,0,0,0,0,0,0,0,0,0,0,0,0,0,0,0,0,0,0,0,"generation stopped; display worker drains accepted real sources before callbacks stop",0,0,0,0,0,0,0,0,0,0,0,0
generation_submissions_drained,1,91,0,0,0,0,0,0,0,0,0,0,0,0,0,0,0,0,0,0,0,0,0,"no synthetic generation submission remains in flight",0,0,0,0,0,0,0,0,0,0,0,0
presentation_feedback_drained,1,91,0,0,0,0,0,0,0,0,0,0,0,0,0,0,0,0,0,0,0,0,0,"all accepted sources are terminal and drawable/GPU callbacks retired",0,0,0,0,0,0,0,0,0,0,0,0
display_callbacks_stopped,1,91,0,0,0,0,0,0,0,0,0,0,0,0,0,0,0,0,0,0,0,0,0,"display-link invalidated after in-flight delegate callbacks returned",0,0,0,0,0,0,0,0,0,0,0,0
worker_drawables_retired,1,91,0,0,0,0,0,0,0,0,0,0,0,0,0,0,0,0,0,0,0,0,0,"no presentation worker tick retains a callback-owned drawable",0,0,0,0,0,0,0,0,0,0,0,0
synthetic_gpu_work_drained,1,91,0,0,0,0,0,0,0,0,0,0,0,0,0,0,0,0,0,0,0,0,0,"all synthetic Framegen GPU completions retired before resource release",0,0,0,0,0,0,0,0,0,0,0,0
epoch_reset,1,92,0,0,0,0,0,0,0,0,0,0,0,0,0,0,0,0,0,0,0,0,0,"92",0,0,0,0,0,0,0,0,0,0,0,0
layer_owner_released,1,92,0,0,0,0,0,0,0,0,0,0,0,0,0,0,0,0,0,0,0,0,0,"callbacks, worker drawables, DXMT presentation, SourceEscrow, and synthetic GPU work retired",0,0,0,0,0,0,0,0,0,0,0,0
layer_owner_claimed,1,92,0,0,0,0,0,0,0,0,0,0,0,0,0,0,0,0,0,0,0,0,0,"exclusive CAMetalLayer claim acquired before display-link attachment",0,0,0,0,0,0,0,0,0,0,0,0
display_link_attached,1,92,0,0,0,0,0,0,0,0,0,0,0,0,0,0,0,0,0,0,0,0,0,"display link attached after ordinary Presenter drained",0,0,0,0,0,0,0,0,0,0,0,0
display_callbacks_enabled,1,92,0,0,0,0,0,0,0,0,0,0,0,0,0,0,0,0,0,0,0,0,0,"display-link callbacks enabled under exclusive layer claim",0,0,0,0,0,0,0,0,0,0,0,0
session_active,1,92,0,0,0,0,0,0,0,0,0,0,0,0,0,0,0,0,0,0,0,0,0,"display resumed in fresh epoch",0,0,0,0,0,0,0,0,0,0,0,0
source_candidate_reserved,1,92,0,0,1,93,0,0,261022748514166,0,0,0,0,0,261022831847499,0,0,0,0,1,0,0,0,"mandatory SourceEscrow allocated; source-only mode",0,0,0,0,0,0,0,0,0,0,93,0
escrow_setup_failed,1,92,0,0,1,93,0,0,261022748514166,0,0,0,0,0,261022831847499,0,0,0,0,0,0,0,0,"injected pre-commit SourceEscrow copy setup failure",0,0,0,0,0,0,0,0,0,0,93,0
source_state_transition,1,92,0,0,1,93,0,0,261022748514166,0,0,0,0,0,261022831847499,0,0,0,0,0,0,0,0,"escrow_preparing->retired:reservation cancelled before transfer",0,0,0,0,0,0,0,0,0,0,0,0
source_terminal,1,92,0,0,1,93,0,0,261022748514166,0,0,0,0,0,261022831847499,0,0,0,0,0,0,0,0,"ordinary_fallback:ordinary DXMT Presenter retained this source",0,0,0,0,0,0,0,0,0,0,0,0
source_candidate_cancelled,1,92,0,0,1,93,0,0,261022748514166,0,0,0,0,0,261022831847499,0,0,0,0,0,0,0,0,"uncommitted reservation returned to ordinary Presenter",0,0,0,0,0,0,0,0,0,0,0,0
layer_owner_draining,1,92,0,0,0,0,0,0,0,0,0,0,0,0,0,0,0,0,0,0,0,0,0,"generation stopped; display worker drains accepted real sources before callbacks stop",0,0,0,0,0,0,0,0,0,0,0,0
generation_submissions_drained,1,92,0,0,0,0,0,0,0,0,0,0,0,0,0,0,0,0,0,0,0,0,0,"no synthetic generation submission remains in flight",0,0,0,0,0,0,0,0,0,0,0,0
presentation_feedback_drained,1,92,0,0,0,0,0,0,0,0,0,0,0,0,0,0,0,0,0,0,0,0,0,"all accepted sources are terminal and drawable/GPU callbacks retired",0,0,0,0,0,0,0,0,0,0,0,0
display_callbacks_stopped,1,92,0,0,0,0,0,0,0,0,0,0,0,0,0,0,0,0,0,0,0,0,0,"display-link invalidated after in-flight delegate callbacks returned",0,0,0,0,0,0,0,0,0,0,0,0
worker_drawables_retired,1,92,0,0,0,0,0,0,0,0,0,0,0,0,0,0,0,0,0,0,0,0,0,"no presentation worker tick retains a callback-owned drawable",0,0,0,0,0,0,0,0,0,0,0,0
synthetic_gpu_work_drained,1,92,0,0,0,0,0,0,0,0,0,0,0,0,0,0,0,0,0,0,0,0,0,"all synthetic Framegen GPU completions retired before resource release",0,0,0,0,0,0,0,0,0,0,0,0
epoch_reset,1,93,0,0,0,0,0,0,0,0,0,0,0,0,0,0,0,0,0,0,0,0,0,"93",0,0,0,0,0,0,0,0,0,0,0,0
layer_owner_released,1,93,0,0,0,0,0,0,0,0,0,0,0,0,0,0,0,0,0,0,0,0,0,"callbacks, worker drawables, DXMT presentation, SourceEscrow, and synthetic GPU work retired",0,0,0,0,0,0,0,0,0,0,0,0
layer_owner_claimed,1,93,0,0,0,0,0,0,0,0,0,0,0,0,0,0,0,0,0,0,0,0,0,"exclusive CAMetalLayer claim acquired before display-link attachment",0,0,0,0,0,0,0,0,0,0,0,0
display_link_attached,1,93,0,0,0,0,0,0,0,0,0,0,0,0,0,0,0,0,0,0,0,0,0,"display link attached after ordinary Presenter drained",0,0,0,0,0,0,0,0,0,0,0,0
display_callbacks_enabled,1,93,0,0,0,0,0,0,0,0,0,0,0,0,0,0,0,0,0,0,0,0,0,"display-link callbacks enabled under exclusive layer claim",0,0,0,0,0,0,0,0,0,0,0,0
session_active,1,93,0,0,0,0,0,0,0,0,0,0,0,0,0,0,0,0,0,0,0,0,0,"display resumed in fresh epoch",0,0,0,0,0,0,0,0,0,0,0,0
source_candidate_reserved,1,93,0,0,1,94,0,0,261022781646333,0,0,0,0,0,261022864979666,0,0,0,0,1,0,0,0,"mandatory SourceEscrow allocated; source-only mode",0,0,0,0,0,0,0,0,0,0,94,0
escrow_setup_failed,1,93,0,0,1,94,0,0,261022781646333,0,0,0,0,0,261022864979666,0,0,0,0,0,0,0,0,"injected pre-commit SourceEscrow copy setup failure",0,0,0,0,0,0,0,0,0,0,94,0
source_state_transition,1,93,0,0,1,94,0,0,261022781646333,0,0,0,0,0,261022864979666,0,0,0,0,0,0,0,0,"escrow_preparing->retired:reservation cancelled before transfer",0,0,0,0,0,0,0,0,0,0,0,0
source_terminal,1,93,0,0,1,94,0,0,261022781646333,0,0,0,0,0,261022864979666,0,0,0,0,0,0,0,0,"ordinary_fallback:ordinary DXMT Presenter retained this source",0,0,0,0,0,0,0,0,0,0,0,0
source_candidate_cancelled,1,93,0,0,1,94,0,0,261022781646333,0,0,0,0,0,261022864979666,0,0,0,0,0,0,0,0,"uncommitted reservation returned to ordinary Presenter",0,0,0,0,0,0,0,0,0,0,0,0
layer_owner_draining,1,93,0,0,0,0,0,0,0,0,0,0,0,0,0,0,0,0,0,0,0,0,0,"generation stopped; display worker drains accepted real sources before callbacks stop",0,0,0,0,0,0,0,0,0,0,0,0
generation_submissions_drained,1,93,0,0,0,0,0,0,0,0,0,0,0,0,0,0,0,0,0,0,0,0,0,"no synthetic generation submission remains in flight",0,0,0,0,0,0,0,0,0,0,0,0
presentation_feedback_drained,1,93,0,0,0,0,0,0,0,0,0,0,0,0,0,0,0,0,0,0,0,0,0,"all accepted sources are terminal and drawable/GPU callbacks retired",0,0,0,0,0,0,0,0,0,0,0,0
display_callbacks_stopped,1,93,0,0,0,0,0,0,0,0,0,0,0,0,0,0,0,0,0,0,0,0,0,"display-link invalidated after in-flight delegate callbacks returned",0,0,0,0,0,0,0,0,0,0,0,0
worker_drawables_retired,1,93,0,0,0,0,0,0,0,0,0,0,0,0,0,0,0,0,0,0,0,0,0,"no presentation worker tick retains a callback-owned drawable",0,0,0,0,0,0,0,0,0,0,0,0
synthetic_gpu_work_drained,1,93,0,0,0,0,0,0,0,0,0,0,0,0,0,0,0,0,0,0,0,0,0,"all synthetic Framegen GPU completions retired before resource release",0,0,0,0,0,0,0,0,0,0,0,0
epoch_reset,1,94,0,0,0,0,0,0,0,0,0,0,0,0,0,0,0,0,0,0,0,0,0,"94",0,0,0,0,0,0,0,0,0,0,0,0
layer_owner_released,1,94,0,0,0,0,0,0,0,0,0,0,0,0,0,0,0,0,0,0,0,0,0,"callbacks, worker drawables, DXMT presentation, SourceEscrow, and synthetic GPU work retired",0,0,0,0,0,0,0,0,0,0,0,0
layer_owner_claimed,1,94,0,0,0,0,0,0,0,0,0,0,0,0,0,0,0,0,0,0,0,0,0,"exclusive CAMetalLayer claim acquired before display-link attachment",0,0,0,0,0,0,0,0,0,0,0,0
display_link_attached,1,94,0,0,0,0,0,0,0,0,0,0,0,0,0,0,0,0,0,0,0,0,0,"display link attached after ordinary Presenter drained",0,0,0,0,0,0,0,0,0,0,0,0
display_callbacks_enabled,1,94,0,0,0,0,0,0,0,0,0,0,0,0,0,0,0,0,0,0,0,0,0,"display-link callbacks enabled under exclusive layer claim",0,0,0,0,0,0,0,0,0,0,0,0
session_active,1,94,0,0,0,0,0,0,0,0,0,0,0,0,0,0,0,0,0,0,0,0,0,"display resumed in fresh epoch",0,0,0,0,0,0,0,0,0,0,0,0
source_candidate_reserved,1,94,0,0,1,95,0,0,261022815652583,0,0,0,0,0,261022898985916,0,0,0,0,1,0,0,0,"mandatory SourceEscrow allocated; source-only mode",0,0,0,0,0,0,0,0,0,0,95,0
escrow_setup_failed,1,94,0,0,1,95,0,0,261022815652583,0,0,0,0,0,261022898985916,0,0,0,0,0,0,0,0,"injected pre-commit SourceEscrow copy setup failure",0,0,0,0,0,0,0,0,0,0,95,0
source_state_transition,1,94,0,0,1,95,0,0,261022815652583,0,0,0,0,0,261022898985916,0,0,0,0,0,0,0,0,"escrow_preparing->retired:reservation cancelled before transfer",0,0,0,0,0,0,0,0,0,0,0,0
source_terminal,1,94,0,0,1,95,0,0,261022815652583,0,0,0,0,0,261022898985916,0,0,0,0,0,0,0,0,"ordinary_fallback:ordinary DXMT Presenter retained this source",0,0,0,0,0,0,0,0,0,0,0,0
source_candidate_cancelled,1,94,0,0,1,95,0,0,261022815652583,0,0,0,0,0,261022898985916,0,0,0,0,0,0,0,0,"uncommitted reservation returned to ordinary Presenter",0,0,0,0,0,0,0,0,0,0,0,0
layer_owner_draining,1,94,0,0,0,0,0,0,0,0,0,0,0,0,0,0,0,0,0,0,0,0,0,"generation stopped; display worker drains accepted real sources before callbacks stop",0,0,0,0,0,0,0,0,0,0,0,0
generation_submissions_drained,1,94,0,0,0,0,0,0,0,0,0,0,0,0,0,0,0,0,0,0,0,0,0,"no synthetic generation submission remains in flight",0,0,0,0,0,0,0,0,0,0,0,0
presentation_feedback_drained,1,94,0,0,0,0,0,0,0,0,0,0,0,0,0,0,0,0,0,0,0,0,0,"all accepted sources are terminal and drawable/GPU callbacks retired",0,0,0,0,0,0,0,0,0,0,0,0
display_callbacks_stopped,1,94,0,0,0,0,0,0,0,0,0,0,0,0,0,0,0,0,0,0,0,0,0,"display-link invalidated after in-flight delegate callbacks returned",0,0,0,0,0,0,0,0,0,0,0,0
worker_drawables_retired,1,94,0,0,0,0,0,0,0,0,0,0,0,0,0,0,0,0,0,0,0,0,0,"no presentation worker tick retains a callback-owned drawable",0,0,0,0,0,0,0,0,0,0,0,0
synthetic_gpu_work_drained,1,94,0,0,0,0,0,0,0,0,0,0,0,0,0,0,0,0,0,0,0,0,0,"all synthetic Framegen GPU completions retired before resource release",0,0,0,0,0,0,0,0,0,0,0,0
epoch_reset,1,95,0,0,0,0,0,0,0,0,0,0,0,0,0,0,0,0,0,0,0,0,0,"95",0,0,0,0,0,0,0,0,0,0,0,0
layer_owner_released,1,95,0,0,0,0,0,0,0,0,0,0,0,0,0,0,0,0,0,0,0,0,0,"callbacks, worker drawables, DXMT presentation, SourceEscrow, and synthetic GPU work retired",0,0,0,0,0,0,0,0,0,0,0,0
layer_owner_claimed,1,95,0,0,0,0,0,0,0,0,0,0,0,0,0,0,0,0,0,0,0,0,0,"exclusive CAMetalLayer claim acquired before display-link attachment",0,0,0,0,0,0,0,0,0,0,0,0
display_link_attached,1,95,0,0,0,0,0,0,0,0,0,0,0,0,0,0,0,0,0,0,0,0,0,"display link attached after ordinary Presenter drained",0,0,0,0,0,0,0,0,0,0,0,0
display_callbacks_enabled,1,95,0,0,0,0,0,0,0,0,0,0,0,0,0,0,0,0,0,0,0,0,0,"display-link callbacks enabled under exclusive layer claim",0,0,0,0,0,0,0,0,0,0,0,0
session_active,1,95,0,0,0,0,0,0,0,0,0,0,0,0,0,0,0,0,0,0,0,0,0,"display resumed in fresh epoch",0,0,0,0,0,0,0,0,0,0,0,0
source_candidate_reserved,1,95,0,0,1,96,0,0,261022849191916,0,0,0,0,0,261022932525249,0,0,0,0,1,0,0,0,"mandatory SourceEscrow allocated; source-only mode",0,0,0,0,0,0,0,0,0,0,96,0
escrow_setup_failed,1,95,0,0,1,96,0,0,261022849191916,0,0,0,0,0,261022932525249,0,0,0,0,0,0,0,0,"injected pre-commit SourceEscrow copy setup failure",0,0,0,0,0,0,0,0,0,0,96,0
source_state_transition,1,95,0,0,1,96,0,0,261022849191916,0,0,0,0,0,261022932525249,0,0,0,0,0,0,0,0,"escrow_preparing->retired:reservation cancelled before transfer",0,0,0,0,0,0,0,0,0,0,0,0
source_terminal,1,95,0,0,1,96,0,0,261022849191916,0,0,0,0,0,261022932525249,0,0,0,0,0,0,0,0,"ordinary_fallback:ordinary DXMT Presenter retained this source",0,0,0,0,0,0,0,0,0,0,0,0
source_candidate_cancelled,1,95,0,0,1,96,0,0,261022849191916,0,0,0,0,0,261022932525249,0,0,0,0,0,0,0,0,"uncommitted reservation returned to ordinary Presenter",0,0,0,0,0,0,0,0,0,0,0,0
layer_owner_draining,1,95,0,0,0,0,0,0,0,0,0,0,0,0,0,0,0,0,0,0,0,0,0,"generation stopped; display worker drains accepted real sources before callbacks stop",0,0,0,0,0,0,0,0,0,0,0,0
generation_submissions_drained,1,95,0,0,0,0,0,0,0,0,0,0,0,0,0,0,0,0,0,0,0,0,0,"no synthetic generation submission remains in flight",0,0,0,0,0,0,0,0,0,0,0,0
presentation_feedback_drained,1,95,0,0,0,0,0,0,0,0,0,0,0,0,0,0,0,0,0,0,0,0,0,"all accepted sources are terminal and drawable/GPU callbacks retired",0,0,0,0,0,0,0,0,0,0,0,0
display_callbacks_stopped,1,95,0,0,0,0,0,0,0,0,0,0,0,0,0,0,0,0,0,0,0,0,0,"display-link invalidated after in-flight delegate callbacks returned",0,0,0,0,0,0,0,0,0,0,0,0
worker_drawables_retired,1,95,0,0,0,0,0,0,0,0,0,0,0,0,0,0,0,0,0,0,0,0,0,"no presentation worker tick retains a callback-owned drawable",0,0,0,0,0,0,0,0,0,0,0,0
synthetic_gpu_work_drained,1,95,0,0,0,0,0,0,0,0,0,0,0,0,0,0,0,0,0,0,0,0,0,"all synthetic Framegen GPU completions retired before resource release",0,0,0,0,0,0,0,0,0,0,0,0
epoch_reset,1,96,0,0,0,0,0,0,0,0,0,0,0,0,0,0,0,0,0,0,0,0,0,"96",0,0,0,0,0,0,0,0,0,0,0,0
layer_owner_released,1,96,0,0,0,0,0,0,0,0,0,0,0,0,0,0,0,0,0,0,0,0,0,"callbacks, worker drawables, DXMT presentation, SourceEscrow, and synthetic GPU work retired",0,0,0,0,0,0,0,0,0,0,0,0
layer_owner_claimed,1,96,0,0,0,0,0,0,0,0,0,0,0,0,0,0,0,0,0,0,0,0,0,"exclusive CAMetalLayer claim acquired before display-link attachment",0,0,0,0,0,0,0,0,0,0,0,0
display_link_attached,1,96,0,0,0,0,0,0,0,0,0,0,0,0,0,0,0,0,0,0,0,0,0,"display link attached after ordinary Presenter drained",0,0,0,0,0,0,0,0,0,0,0,0
display_callbacks_enabled,1,96,0,0,0,0,0,0,0,0,0,0,0,0,0,0,0,0,0,0,0,0,0,"display-link callbacks enabled under exclusive layer claim",0,0,0,0,0,0,0,0,0,0,0,0
session_active,1,96,0,0,0,0,0,0,0,0,0,0,0,0,0,0,0,0,0,0,0,0,0,"display resumed in fresh epoch",0,0,0,0,0,0,0,0,0,0,0,0
source_candidate_reserved,1,96,0,0,1,97,0,0,261022883269625,0,0,0,0,0,261022966602958,0,0,0,0,1,0,0,0,"mandatory SourceEscrow allocated; source-only mode",0,0,0,0,0,0,0,0,0,0,97,0
escrow_setup_failed,1,96,0,0,1,97,0,0,261022883269625,0,0,0,0,0,261022966602958,0,0,0,0,0,0,0,0,"injected pre-commit SourceEscrow copy setup failure",0,0,0,0,0,0,0,0,0,0,97,0
source_state_transition,1,96,0,0,1,97,0,0,261022883269625,0,0,0,0,0,261022966602958,0,0,0,0,0,0,0,0,"escrow_preparing->retired:reservation cancelled before transfer",0,0,0,0,0,0,0,0,0,0,0,0
source_terminal,1,96,0,0,1,97,0,0,261022883269625,0,0,0,0,0,261022966602958,0,0,0,0,0,0,0,0,"ordinary_fallback:ordinary DXMT Presenter retained this source",0,0,0,0,0,0,0,0,0,0,0,0
source_candidate_cancelled,1,96,0,0,1,97,0,0,261022883269625,0,0,0,0,0,261022966602958,0,0,0,0,0,0,0,0,"uncommitted reservation returned to ordinary Presenter",0,0,0,0,0,0,0,0,0,0,0,0
layer_owner_draining,1,96,0,0,0,0,0,0,0,0,0,0,0,0,0,0,0,0,0,0,0,0,0,"generation stopped; display worker drains accepted real sources before callbacks stop",0,0,0,0,0,0,0,0,0,0,0,0
generation_submissions_drained,1,96,0,0,0,0,0,0,0,0,0,0,0,0,0,0,0,0,0,0,0,0,0,"no synthetic generation submission remains in flight",0,0,0,0,0,0,0,0,0,0,0,0
presentation_feedback_drained,1,96,0,0,0,0,0,0,0,0,0,0,0,0,0,0,0,0,0,0,0,0,0,"all accepted sources are terminal and drawable/GPU callbacks retired",0,0,0,0,0,0,0,0,0,0,0,0
display_callbacks_stopped,1,96,0,0,0,0,0,0,0,0,0,0,0,0,0,0,0,0,0,0,0,0,0,"display-link invalidated after in-flight delegate callbacks returned",0,0,0,0,0,0,0,0,0,0,0,0
worker_drawables_retired,1,96,0,0,0,0,0,0,0,0,0,0,0,0,0,0,0,0,0,0,0,0,0,"no presentation worker tick retains a callback-owned drawable",0,0,0,0,0,0,0,0,0,0,0,0
synthetic_gpu_work_drained,1,96,0,0,0,0,0,0,0,0,0,0,0,0,0,0,0,0,0,0,0,0,0,"all synthetic Framegen GPU completions retired before resource release",0,0,0,0,0,0,0,0,0,0,0,0
epoch_reset,1,97,0,0,0,0,0,0,0,0,0,0,0,0,0,0,0,0,0,0,0,0,0,"97",0,0,0,0,0,0,0,0,0,0,0,0
layer_owner_released,1,97,0,0,0,0,0,0,0,0,0,0,0,0,0,0,0,0,0,0,0,0,0,"callbacks, worker drawables, DXMT presentation, SourceEscrow, and synthetic GPU work retired",0,0,0,0,0,0,0,0,0,0,0,0
layer_owner_claimed,1,97,0,0,0,0,0,0,0,0,0,0,0,0,0,0,0,0,0,0,0,0,0,"exclusive CAMetalLayer claim acquired before display-link attachment",0,0,0,0,0,0,0,0,0,0,0,0
display_link_attached,1,97,0,0,0,0,0,0,0,0,0,0,0,0,0,0,0,0,0,0,0,0,0,"display link attached after ordinary Presenter drained",0,0,0,0,0,0,0,0,0,0,0,0
display_callbacks_enabled,1,97,0,0,0,0,0,0,0,0,0,0,0,0,0,0,0,0,0,0,0,0,0,"display-link callbacks enabled under exclusive layer claim",0,0,0,0,0,0,0,0,0,0,0,0
session_active,1,97,0,0,0,0,0,0,0,0,0,0,0,0,0,0,0,0,0,0,0,0,0,"display resumed in fresh epoch",0,0,0,0,0,0,0,0,0,0,0,0
source_candidate_reserved,1,97,0,0,1,98,0,0,261022916545541,0,0,0,0,0,261022999878874,0,0,0,0,1,0,0,0,"mandatory SourceEscrow allocated; source-only mode",0,0,0,0,0,0,0,0,0,0,98,0
escrow_setup_failed,1,97,0,0,1,98,0,0,261022916545541,0,0,0,0,0,261022999878874,0,0,0,0,0,0,0,0,"injected pre-commit SourceEscrow copy setup failure",0,0,0,0,0,0,0,0,0,0,98,0
source_state_transition,1,97,0,0,1,98,0,0,261022916545541,0,0,0,0,0,261022999878874,0,0,0,0,0,0,0,0,"escrow_preparing->retired:reservation cancelled before transfer",0,0,0,0,0,0,0,0,0,0,0,0
source_terminal,1,97,0,0,1,98,0,0,261022916545541,0,0,0,0,0,261022999878874,0,0,0,0,0,0,0,0,"ordinary_fallback:ordinary DXMT Presenter retained this source",0,0,0,0,0,0,0,0,0,0,0,0
source_candidate_cancelled,1,97,0,0,1,98,0,0,261022916545541,0,0,0,0,0,261022999878874,0,0,0,0,0,0,0,0,"uncommitted reservation returned to ordinary Presenter",0,0,0,0,0,0,0,0,0,0,0,0
layer_owner_draining,1,97,0,0,0,0,0,0,0,0,0,0,0,0,0,0,0,0,0,0,0,0,0,"generation stopped; display worker drains accepted real sources before callbacks stop",0,0,0,0,0,0,0,0,0,0,0,0
generation_submissions_drained,1,97,0,0,0,0,0,0,0,0,0,0,0,0,0,0,0,0,0,0,0,0,0,"no synthetic generation submission remains in flight",0,0,0,0,0,0,0,0,0,0,0,0
presentation_feedback_drained,1,97,0,0,0,0,0,0,0,0,0,0,0,0,0,0,0,0,0,0,0,0,0,"all accepted sources are terminal and drawable/GPU callbacks retired",0,0,0,0,0,0,0,0,0,0,0,0
display_callbacks_stopped,1,97,0,0,0,0,0,0,0,0,0,0,0,0,0,0,0,0,0,0,0,0,0,"display-link invalidated after in-flight delegate callbacks returned",0,0,0,0,0,0,0,0,0,0,0,0
worker_drawables_retired,1,97,0,0,0,0,0,0,0,0,0,0,0,0,0,0,0,0,0,0,0,0,0,"no presentation worker tick retains a callback-owned drawable",0,0,0,0,0,0,0,0,0,0,0,0
synthetic_gpu_work_drained,1,97,0,0,0,0,0,0,0,0,0,0,0,0,0,0,0,0,0,0,0,0,0,"all synthetic Framegen GPU completions retired before resource release",0,0,0,0,0,0,0,0,0,0,0,0
epoch_reset,1,98,0,0,0,0,0,0,0,0,0,0,0,0,0,0,0,0,0,0,0,0,0,"98",0,0,0,0,0,0,0,0,0,0,0,0
layer_owner_released,1,98,0,0,0,0,0,0,0,0,0,0,0,0,0,0,0,0,0,0,0,0,0,"callbacks, worker drawables, DXMT presentation, SourceEscrow, and synthetic GPU work retired",0,0,0,0,0,0,0,0,0,0,0,0
layer_owner_claimed,1,98,0,0,0,0,0,0,0,0,0,0,0,0,0,0,0,0,0,0,0,0,0,"exclusive CAMetalLayer claim acquired before display-link attachment",0,0,0,0,0,0,0,0,0,0,0,0
display_link_attached,1,98,0,0,0,0,0,0,0,0,0,0,0,0,0,0,0,0,0,0,0,0,0,"display link attached after ordinary Presenter drained",0,0,0,0,0,0,0,0,0,0,0,0
display_callbacks_enabled,1,98,0,0,0,0,0,0,0,0,0,0,0,0,0,0,0,0,0,0,0,0,0,"display-link callbacks enabled under exclusive layer claim",0,0,0,0,0,0,0,0,0,0,0,0
session_active,1,98,0,0,0,0,0,0,0,0,0,0,0,0,0,0,0,0,0,0,0,0,0,"display resumed in fresh epoch",0,0,0,0,0,0,0,0,0,0,0,0
source_candidate_reserved,1,98,0,0,1,99,0,0,261022950979416,0,0,0,0,0,261023034312749,0,0,0,0,1,0,0,0,"mandatory SourceEscrow allocated; source-only mode",0,0,0,0,0,0,0,0,0,0,99,0
escrow_setup_failed,1,98,0,0,1,99,0,0,261022950979416,0,0,0,0,0,261023034312749,0,0,0,0,0,0,0,0,"injected pre-commit SourceEscrow copy setup failure",0,0,0,0,0,0,0,0,0,0,99,0
source_state_transition,1,98,0,0,1,99,0,0,261022950979416,0,0,0,0,0,261023034312749,0,0,0,0,0,0,0,0,"escrow_preparing->retired:reservation cancelled before transfer",0,0,0,0,0,0,0,0,0,0,0,0
source_terminal,1,98,0,0,1,99,0,0,261022950979416,0,0,0,0,0,261023034312749,0,0,0,0,0,0,0,0,"ordinary_fallback:ordinary DXMT Presenter retained this source",0,0,0,0,0,0,0,0,0,0,0,0
source_candidate_cancelled,1,98,0,0,1,99,0,0,261022950979416,0,0,0,0,0,261023034312749,0,0,0,0,0,0,0,0,"uncommitted reservation returned to ordinary Presenter",0,0,0,0,0,0,0,0,0,0,0,0
layer_owner_draining,1,98,0,0,0,0,0,0,0,0,0,0,0,0,0,0,0,0,0,0,0,0,0,"generation stopped; display worker drains accepted real sources before callbacks stop",0,0,0,0,0,0,0,0,0,0,0,0
generation_submissions_drained,1,98,0,0,0,0,0,0,0,0,0,0,0,0,0,0,0,0,0,0,0,0,0,"no synthetic generation submission remains in flight",0,0,0,0,0,0,0,0,0,0,0,0
presentation_feedback_drained,1,98,0,0,0,0,0,0,0,0,0,0,0,0,0,0,0,0,0,0,0,0,0,"all accepted sources are terminal and drawable/GPU callbacks retired",0,0,0,0,0,0,0,0,0,0,0,0
display_callbacks_stopped,1,98,0,0,0,0,0,0,0,0,0,0,0,0,0,0,0,0,0,0,0,0,0,"display-link invalidated after in-flight delegate callbacks returned",0,0,0,0,0,0,0,0,0,0,0,0
worker_drawables_retired,1,98,0,0,0,0,0,0,0,0,0,0,0,0,0,0,0,0,0,0,0,0,0,"no presentation worker tick retains a callback-owned drawable",0,0,0,0,0,0,0,0,0,0,0,0
synthetic_gpu_work_drained,1,98,0,0,0,0,0,0,0,0,0,0,0,0,0,0,0,0,0,0,0,0,0,"all synthetic Framegen GPU completions retired before resource release",0,0,0,0,0,0,0,0,0,0,0,0
epoch_reset,1,99,0,0,0,0,0,0,0,0,0,0,0,0,0,0,0,0,0,0,0,0,0,"99",0,0,0,0,0,0,0,0,0,0,0,0
layer_owner_released,1,99,0,0,0,0,0,0,0,0,0,0,0,0,0,0,0,0,0,0,0,0,0,"callbacks, worker drawables, DXMT presentation, SourceEscrow, and synthetic GPU work retired",0,0,0,0,0,0,0,0,0,0,0,0
layer_owner_claimed,1,99,0,0,0,0,0,0,0,0,0,0,0,0,0,0,0,0,0,0,0,0,0,"exclusive CAMetalLayer claim acquired before display-link attachment",0,0,0,0,0,0,0,0,0,0,0,0
display_link_attached,1,99,0,0,0,0,0,0,0,0,0,0,0,0,0,0,0,0,0,0,0,0,0,"display link attached after ordinary Presenter drained",0,0,0,0,0,0,0,0,0,0,0,0
display_callbacks_enabled,1,99,0,0,0,0,0,0,0,0,0,0,0,0,0,0,0,0,0,0,0,0,0,"display-link callbacks enabled under exclusive layer claim",0,0,0,0,0,0,0,0,0,0,0,0
session_active,1,99,0,0,0,0,0,0,0,0,0,0,0,0,0,0,0,0,0,0,0,0,0,"display resumed in fresh epoch",0,0,0,0,0,0,0,0,0,0,0,0
source_candidate_reserved,1,99,0,0,1,100,0,0,261022982560916,0,0,0,0,0,261023065894249,0,0,0,0,1,0,0,0,"mandatory SourceEscrow allocated; source-only mode",0,0,0,0,0,0,0,0,0,0,100,0
escrow_setup_failed,1,99,0,0,1,100,0,0,261022982560916,0,0,0,0,0,261023065894249,0,0,0,0,0,0,0,0,"injected pre-commit SourceEscrow copy setup failure",0,0,0,0,0,0,0,0,0,0,100,0
source_state_transition,1,99,0,0,1,100,0,0,261022982560916,0,0,0,0,0,261023065894249,0,0,0,0,0,0,0,0,"escrow_preparing->retired:reservation cancelled before transfer",0,0,0,0,0,0,0,0,0,0,0,0
source_terminal,1,99,0,0,1,100,0,0,261022982560916,0,0,0,0,0,261023065894249,0,0,0,0,0,0,0,0,"ordinary_fallback:ordinary DXMT Presenter retained this source",0,0,0,0,0,0,0,0,0,0,0,0
source_candidate_cancelled,1,99,0,0,1,100,0,0,261022982560916,0,0,0,0,0,261023065894249,0,0,0,0,0,0,0,0,"uncommitted reservation returned to ordinary Presenter",0,0,0,0,0,0,0,0,0,0,0,0
layer_owner_draining,1,99,0,0,0,0,0,0,0,0,0,0,0,0,0,0,0,0,0,0,0,0,0,"generation stopped; display worker drains accepted real sources before callbacks stop",0,0,0,0,0,0,0,0,0,0,0,0
generation_submissions_drained,1,99,0,0,0,0,0,0,0,0,0,0,0,0,0,0,0,0,0,0,0,0,0,"no synthetic generation submission remains in flight",0,0,0,0,0,0,0,0,0,0,0,0
presentation_feedback_drained,1,99,0,0,0,0,0,0,0,0,0,0,0,0,0,0,0,0,0,0,0,0,0,"all accepted sources are terminal and drawable/GPU callbacks retired",0,0,0,0,0,0,0,0,0,0,0,0
display_callbacks_stopped,1,99,0,0,0,0,0,0,0,0,0,0,0,0,0,0,0,0,0,0,0,0,0,"display-link invalidated after in-flight delegate callbacks returned",0,0,0,0,0,0,0,0,0,0,0,0
worker_drawables_retired,1,99,0,0,0,0,0,0,0,0,0,0,0,0,0,0,0,0,0,0,0,0,0,"no presentation worker tick retains a callback-owned drawable",0,0,0,0,0,0,0,0,0,0,0,0
synthetic_gpu_work_drained,1,99,0,0,0,0,0,0,0,0,0,0,0,0,0,0,0,0,0,0,0,0,0,"all synthetic Framegen GPU completions retired before resource release",0,0,0,0,0,0,0,0,0,0,0,0
epoch_reset,1,100,0,0,0,0,0,0,0,0,0,0,0,0,0,0,0,0,0,0,0,0,0,"100",0,0,0,0,0,0,0,0,0,0,0,0
layer_owner_released,1,100,0,0,0,0,0,0,0,0,0,0,0,0,0,0,0,0,0,0,0,0,0,"callbacks, worker drawables, DXMT presentation, SourceEscrow, and synthetic GPU work retired",0,0,0,0,0,0,0,0,0,0,0,0
layer_owner_claimed,1,100,0,0,0,0,0,0,0,0,0,0,0,0,0,0,0,0,0,0,0,0,0,"exclusive CAMetalLayer claim acquired before display-link attachment",0,0,0,0,0,0,0,0,0,0,0,0
display_link_attached,1,100,0,0,0,0,0,0,0,0,0,0,0,0,0,0,0,0,0,0,0,0,0,"display link attached after ordinary Presenter drained",0,0,0,0,0,0,0,0,0,0,0,0
display_callbacks_enabled,1,100,0,0,0,0,0,0,0,0,0,0,0,0,0,0,0,0,0,0,0,0,0,"display-link callbacks enabled under exclusive layer claim",0,0,0,0,0,0,0,0,0,0,0,0
session_active,1,100,0,0,0,0,0,0,0,0,0,0,0,0,0,0,0,0,0,0,0,0,0,"display resumed in fresh epoch",0,0,0,0,0,0,0,0,0,0,0,0
source_candidate_reserved,1,100,0,0,1,101,0,0,261023015708000,0,0,0,0,0,261023099041333,0,0,0,0,1,0,0,0,"mandatory SourceEscrow allocated; source-only mode",0,0,0,0,0,0,0,0,0,0,101,0
escrow_setup_failed,1,100,0,0,1,101,0,0,261023015708000,0,0,0,0,0,261023099041333,0,0,0,0,0,0,0,0,"injected pre-commit SourceEscrow copy setup failure",0,0,0,0,0,0,0,0,0,0,101,0
source_state_transition,1,100,0,0,1,101,0,0,261023015708000,0,0,0,0,0,261023099041333,0,0,0,0,0,0,0,0,"escrow_preparing->retired:reservation cancelled before transfer",0,0,0,0,0,0,0,0,0,0,0,0
source_terminal,1,100,0,0,1,101,0,0,261023015708000,0,0,0,0,0,261023099041333,0,0,0,0,0,0,0,0,"ordinary_fallback:ordinary DXMT Presenter retained this source",0,0,0,0,0,0,0,0,0,0,0,0
source_candidate_cancelled,1,100,0,0,1,101,0,0,261023015708000,0,0,0,0,0,261023099041333,0,0,0,0,0,0,0,0,"uncommitted reservation returned to ordinary Presenter",0,0,0,0,0,0,0,0,0,0,0,0
layer_owner_draining,1,100,0,0,0,0,0,0,0,0,0,0,0,0,0,0,0,0,0,0,0,0,0,"generation stopped; display worker drains accepted real sources before callbacks stop",0,0,0,0,0,0,0,0,0,0,0,0
generation_submissions_drained,1,100,0,0,0,0,0,0,0,0,0,0,0,0,0,0,0,0,0,0,0,0,0,"no synthetic generation submission remains in flight",0,0,0,0,0,0,0,0,0,0,0,0
presentation_feedback_drained,1,100,0,0,0,0,0,0,0,0,0,0,0,0,0,0,0,0,0,0,0,0,0,"all accepted sources are terminal and drawable/GPU callbacks retired",0,0,0,0,0,0,0,0,0,0,0,0
display_callbacks_stopped,1,100,0,0,0,0,0,0,0,0,0,0,0,0,0,0,0,0,0,0,0,0,0,"display-link invalidated after in-flight delegate callbacks returned",0,0,0,0,0,0,0,0,0,0,0,0
worker_drawables_retired,1,100,0,0,0,0,0,0,0,0,0,0,0,0,0,0,0,0,0,0,0,0,0,"no presentation worker tick retains a callback-owned drawable",0,0,0,0,0,0,0,0,0,0,0,0
synthetic_gpu_work_drained,1,100,0,0,0,0,0,0,0,0,0,0,0,0,0,0,0,0,0,0,0,0,0,"all synthetic Framegen GPU completions retired before resource release",0,0,0,0,0,0,0,0,0,0,0,0
epoch_reset,1,101,0,0,0,0,0,0,0,0,0,0,0,0,0,0,0,0,0,0,0,0,0,"101",0,0,0,0,0,0,0,0,0,0,0,0
layer_owner_released,1,101,0,0,0,0,0,0,0,0,0,0,0,0,0,0,0,0,0,0,0,0,0,"callbacks, worker drawables, DXMT presentation, SourceEscrow, and synthetic GPU work retired",0,0,0,0,0,0,0,0,0,0,0,0
layer_owner_claimed,1,101,0,0,0,0,0,0,0,0,0,0,0,0,0,0,0,0,0,0,0,0,0,"exclusive CAMetalLayer claim acquired before display-link attachment",0,0,0,0,0,0,0,0,0,0,0,0
display_link_attached,1,101,0,0,0,0,0,0,0,0,0,0,0,0,0,0,0,0,0,0,0,0,0,"display link attached after ordinary Presenter drained",0,0,0,0,0,0,0,0,0,0,0,0
display_callbacks_enabled,1,101,0,0,0,0,0,0,0,0,0,0,0,0,0,0,0,0,0,0,0,0,0,"display-link callbacks enabled under exclusive layer claim",0,0,0,0,0,0,0,0,0,0,0,0
session_active,1,101,0,0,0,0,0,0,0,0,0,0,0,0,0,0,0,0,0,0,0,0,0,"display resumed in fresh epoch",0,0,0,0,0,0,0,0,0,0,0,0
source_candidate_reserved,1,101,0,0,1,102,0,0,261023049002250,0,0,0,0,0,261023132335583,0,0,0,0,1,0,0,0,"mandatory SourceEscrow allocated; source-only mode",0,0,0,0,0,0,0,0,0,0,102,0
escrow_setup_failed,1,101,0,0,1,102,0,0,261023049002250,0,0,0,0,0,261023132335583,0,0,0,0,0,0,0,0,"injected pre-commit SourceEscrow copy setup failure",0,0,0,0,0,0,0,0,0,0,102,0
source_state_transition,1,101,0,0,1,102,0,0,261023049002250,0,0,0,0,0,261023132335583,0,0,0,0,0,0,0,0,"escrow_preparing->retired:reservation cancelled before transfer",0,0,0,0,0,0,0,0,0,0,0,0
source_terminal,1,101,0,0,1,102,0,0,261023049002250,0,0,0,0,0,261023132335583,0,0,0,0,0,0,0,0,"ordinary_fallback:ordinary DXMT Presenter retained this source",0,0,0,0,0,0,0,0,0,0,0,0
source_candidate_cancelled,1,101,0,0,1,102,0,0,261023049002250,0,0,0,0,0,261023132335583,0,0,0,0,0,0,0,0,"uncommitted reservation returned to ordinary Presenter",0,0,0,0,0,0,0,0,0,0,0,0
layer_owner_draining,1,101,0,0,0,0,0,0,0,0,0,0,0,0,0,0,0,0,0,0,0,0,0,"generation stopped; display worker drains accepted real sources before callbacks stop",0,0,0,0,0,0,0,0,0,0,0,0
generation_submissions_drained,1,101,0,0,0,0,0,0,0,0,0,0,0,0,0,0,0,0,0,0,0,0,0,"no synthetic generation submission remains in flight",0,0,0,0,0,0,0,0,0,0,0,0
presentation_feedback_drained,1,101,0,0,0,0,0,0,0,0,0,0,0,0,0,0,0,0,0,0,0,0,0,"all accepted sources are terminal and drawable/GPU callbacks retired",0,0,0,0,0,0,0,0,0,0,0,0
display_callbacks_stopped,1,101,0,0,0,0,0,0,0,0,0,0,0,0,0,0,0,0,0,0,0,0,0,"display-link invalidated after in-flight delegate callbacks returned",0,0,0,0,0,0,0,0,0,0,0,0
worker_drawables_retired,1,101,0,0,0,0,0,0,0,0,0,0,0,0,0,0,0,0,0,0,0,0,0,"no presentation worker tick retains a callback-owned drawable",0,0,0,0,0,0,0,0,0,0,0,0
synthetic_gpu_work_drained,1,101,0,0,0,0,0,0,0,0,0,0,0,0,0,0,0,0,0,0,0,0,0,"all synthetic Framegen GPU completions retired before resource release",0,0,0,0,0,0,0,0,0,0,0,0
epoch_reset,1,102,0,0,0,0,0,0,0,0,0,0,0,0,0,0,0,0,0,0,0,0,0,"102",0,0,0,0,0,0,0,0,0,0,0,0
layer_owner_released,1,102,0,0,0,0,0,0,0,0,0,0,0,0,0,0,0,0,0,0,0,0,0,"callbacks, worker drawables, DXMT presentation, SourceEscrow, and synthetic GPU work retired",0,0,0,0,0,0,0,0,0,0,0,0
layer_owner_claimed,1,102,0,0,0,0,0,0,0,0,0,0,0,0,0,0,0,0,0,0,0,0,0,"exclusive CAMetalLayer claim acquired before display-link attachment",0,0,0,0,0,0,0,0,0,0,0,0
display_link_attached,1,102,0,0,0,0,0,0,0,0,0,0,0,0,0,0,0,0,0,0,0,0,0,"display link attached after ordinary Presenter drained",0,0,0,0,0,0,0,0,0,0,0,0
display_callbacks_enabled,1,102,0,0,0,0,0,0,0,0,0,0,0,0,0,0,0,0,0,0,0,0,0,"display-link callbacks enabled under exclusive layer claim",0,0,0,0,0,0,0,0,0,0,0,0
session_active,1,102,0,0,0,0,0,0,0,0,0,0,0,0,0,0,0,0,0,0,0,0,0,"display resumed in fresh epoch",0,0,0,0,0,0,0,0,0,0,0,0
source_candidate_reserved,1,102,0,0,1,103,0,0,261023082564375,0,0,0,0,0,261023165897708,0,0,0,0,1,0,0,0,"mandatory SourceEscrow allocated; source-only mode",0,0,0,0,0,0,0,0,0,0,103,0
escrow_setup_failed,1,102,0,0,1,103,0,0,261023082564375,0,0,0,0,0,261023165897708,0,0,0,0,0,0,0,0,"injected pre-commit SourceEscrow copy setup failure",0,0,0,0,0,0,0,0,0,0,103,0
source_state_transition,1,102,0,0,1,103,0,0,261023082564375,0,0,0,0,0,261023165897708,0,0,0,0,0,0,0,0,"escrow_preparing->retired:reservation cancelled before transfer",0,0,0,0,0,0,0,0,0,0,0,0
source_terminal,1,102,0,0,1,103,0,0,261023082564375,0,0,0,0,0,261023165897708,0,0,0,0,0,0,0,0,"ordinary_fallback:ordinary DXMT Presenter retained this source",0,0,0,0,0,0,0,0,0,0,0,0
source_candidate_cancelled,1,102,0,0,1,103,0,0,261023082564375,0,0,0,0,0,261023165897708,0,0,0,0,0,0,0,0,"uncommitted reservation returned to ordinary Presenter",0,0,0,0,0,0,0,0,0,0,0,0
layer_owner_draining,1,102,0,0,0,0,0,0,0,0,0,0,0,0,0,0,0,0,0,0,0,0,0,"generation stopped; display worker drains accepted real sources before callbacks stop",0,0,0,0,0,0,0,0,0,0,0,0
generation_submissions_drained,1,102,0,0,0,0,0,0,0,0,0,0,0,0,0,0,0,0,0,0,0,0,0,"no synthetic generation submission remains in flight",0,0,0,0,0,0,0,0,0,0,0,0
presentation_feedback_drained,1,102,0,0,0,0,0,0,0,0,0,0,0,0,0,0,0,0,0,0,0,0,0,"all accepted sources are terminal and drawable/GPU callbacks retired",0,0,0,0,0,0,0,0,0,0,0,0
display_callbacks_stopped,1,102,0,0,0,0,0,0,0,0,0,0,0,0,0,0,0,0,0,0,0,0,0,"display-link invalidated after in-flight delegate callbacks returned",0,0,0,0,0,0,0,0,0,0,0,0
worker_drawables_retired,1,102,0,0,0,0,0,0,0,0,0,0,0,0,0,0,0,0,0,0,0,0,0,"no presentation worker tick retains a callback-owned drawable",0,0,0,0,0,0,0,0,0,0,0,0
synthetic_gpu_work_drained,1,102,0,0,0,0,0,0,0,0,0,0,0,0,0,0,0,0,0,0,0,0,0,"all synthetic Framegen GPU completions retired before resource release",0,0,0,0,0,0,0,0,0,0,0,0
epoch_reset,1,103,0,0,0,0,0,0,0,0,0,0,0,0,0,0,0,0,0,0,0,0,0,"103",0,0,0,0,0,0,0,0,0,0,0,0
layer_owner_released,1,103,0,0,0,0,0,0,0,0,0,0,0,0,0,0,0,0,0,0,0,0,0,"callbacks, worker drawables, DXMT presentation, SourceEscrow, and synthetic GPU work retired",0,0,0,0,0,0,0,0,0,0,0,0
layer_owner_claimed,1,103,0,0,0,0,0,0,0,0,0,0,0,0,0,0,0,0,0,0,0,0,0,"exclusive CAMetalLayer claim acquired before display-link attachment",0,0,0,0,0,0,0,0,0,0,0,0
display_link_attached,1,103,0,0,0,0,0,0,0,0,0,0,0,0,0,0,0,0,0,0,0,0,0,"display link attached after ordinary Presenter drained",0,0,0,0,0,0,0,0,0,0,0,0
display_callbacks_enabled,1,103,0,0,0,0,0,0,0,0,0,0,0,0,0,0,0,0,0,0,0,0,0,"display-link callbacks enabled under exclusive layer claim",0,0,0,0,0,0,0,0,0,0,0,0
session_active,1,103,0,0,0,0,0,0,0,0,0,0,0,0,0,0,0,0,0,0,0,0,0,"display resumed in fresh epoch",0,0,0,0,0,0,0,0,0,0,0,0
source_candidate_reserved,1,103,0,0,1,104,0,0,261023115964291,0,0,0,0,0,261023199297624,0,0,0,0,1,0,0,0,"mandatory SourceEscrow allocated; source-only mode",0,0,0,0,0,0,0,0,0,0,104,0
escrow_setup_failed,1,103,0,0,1,104,0,0,261023115964291,0,0,0,0,0,261023199297624,0,0,0,0,0,0,0,0,"injected pre-commit SourceEscrow copy setup failure",0,0,0,0,0,0,0,0,0,0,104,0
source_state_transition,1,103,0,0,1,104,0,0,261023115964291,0,0,0,0,0,261023199297624,0,0,0,0,0,0,0,0,"escrow_preparing->retired:reservation cancelled before transfer",0,0,0,0,0,0,0,0,0,0,0,0
source_terminal,1,103,0,0,1,104,0,0,261023115964291,0,0,0,0,0,261023199297624,0,0,0,0,0,0,0,0,"ordinary_fallback:ordinary DXMT Presenter retained this source",0,0,0,0,0,0,0,0,0,0,0,0
source_candidate_cancelled,1,103,0,0,1,104,0,0,261023115964291,0,0,0,0,0,261023199297624,0,0,0,0,0,0,0,0,"uncommitted reservation returned to ordinary Presenter",0,0,0,0,0,0,0,0,0,0,0,0
layer_owner_draining,1,103,0,0,0,0,0,0,0,0,0,0,0,0,0,0,0,0,0,0,0,0,0,"generation stopped; display worker drains accepted real sources before callbacks stop",0,0,0,0,0,0,0,0,0,0,0,0
generation_submissions_drained,1,103,0,0,0,0,0,0,0,0,0,0,0,0,0,0,0,0,0,0,0,0,0,"no synthetic generation submission remains in flight",0,0,0,0,0,0,0,0,0,0,0,0
presentation_feedback_drained,1,103,0,0,0,0,0,0,0,0,0,0,0,0,0,0,0,0,0,0,0,0,0,"all accepted sources are terminal and drawable/GPU callbacks retired",0,0,0,0,0,0,0,0,0,0,0,0
display_callbacks_stopped,1,103,0,0,0,0,0,0,0,0,0,0,0,0,0,0,0,0,0,0,0,0,0,"display-link invalidated after in-flight delegate callbacks returned",0,0,0,0,0,0,0,0,0,0,0,0
worker_drawables_retired,1,103,0,0,0,0,0,0,0,0,0,0,0,0,0,0,0,0,0,0,0,0,0,"no presentation worker tick retains a callback-owned drawable",0,0,0,0,0,0,0,0,0,0,0,0
synthetic_gpu_work_drained,1,103,0,0,0,0,0,0,0,0,0,0,0,0,0,0,0,0,0,0,0,0,0,"all synthetic Framegen GPU completions retired before resource release",0,0,0,0,0,0,0,0,0,0,0,0
epoch_reset,1,104,0,0,0,0,0,0,0,0,0,0,0,0,0,0,0,0,0,0,0,0,0,"104",0,0,0,0,0,0,0,0,0,0,0,0
layer_owner_released,1,104,0,0,0,0,0,0,0,0,0,0,0,0,0,0,0,0,0,0,0,0,0,"callbacks, worker drawables, DXMT presentation, SourceEscrow, and synthetic GPU work retired",0,0,0,0,0,0,0,0,0,0,0,0
layer_owner_claimed,1,104,0,0,0,0,0,0,0,0,0,0,0,0,0,0,0,0,0,0,0,0,0,"exclusive CAMetalLayer claim acquired before display-link attachment",0,0,0,0,0,0,0,0,0,0,0,0
display_link_attached,1,104,0,0,0,0,0,0,0,0,0,0,0,0,0,0,0,0,0,0,0,0,0,"display link attached after ordinary Presenter drained",0,0,0,0,0,0,0,0,0,0,0,0
display_callbacks_enabled,1,104,0,0,0,0,0,0,0,0,0,0,0,0,0,0,0,0,0,0,0,0,0,"display-link callbacks enabled under exclusive layer claim",0,0,0,0,0,0,0,0,0,0,0,0
session_active,1,104,0,0,0,0,0,0,0,0,0,0,0,0,0,0,0,0,0,0,0,0,0,"display resumed in fresh epoch",0,0,0,0,0,0,0,0,0,0,0,0
source_candidate_reserved,1,104,0,0,1,105,0,0,261023149414458,0,0,0,0,0,261023232747791,0,0,0,0,1,0,0,0,"mandatory SourceEscrow allocated; source-only mode",0,0,0,0,0,0,0,0,0,0,105,0
escrow_setup_failed,1,104,0,0,1,105,0,0,261023149414458,0,0,0,0,0,261023232747791,0,0,0,0,0,0,0,0,"injected pre-commit SourceEscrow copy setup failure",0,0,0,0,0,0,0,0,0,0,105,0
source_state_transition,1,104,0,0,1,105,0,0,261023149414458,0,0,0,0,0,261023232747791,0,0,0,0,0,0,0,0,"escrow_preparing->retired:reservation cancelled before transfer",0,0,0,0,0,0,0,0,0,0,0,0
source_terminal,1,104,0,0,1,105,0,0,261023149414458,0,0,0,0,0,261023232747791,0,0,0,0,0,0,0,0,"ordinary_fallback:ordinary DXMT Presenter retained this source",0,0,0,0,0,0,0,0,0,0,0,0
source_candidate_cancelled,1,104,0,0,1,105,0,0,261023149414458,0,0,0,0,0,261023232747791,0,0,0,0,0,0,0,0,"uncommitted reservation returned to ordinary Presenter",0,0,0,0,0,0,0,0,0,0,0,0
layer_owner_draining,1,104,0,0,0,0,0,0,0,0,0,0,0,0,0,0,0,0,0,0,0,0,0,"generation stopped; display worker drains accepted real sources before callbacks stop",0,0,0,0,0,0,0,0,0,0,0,0
generation_submissions_drained,1,104,0,0,0,0,0,0,0,0,0,0,0,0,0,0,0,0,0,0,0,0,0,"no synthetic generation submission remains in flight",0,0,0,0,0,0,0,0,0,0,0,0
presentation_feedback_drained,1,104,0,0,0,0,0,0,0,0,0,0,0,0,0,0,0,0,0,0,0,0,0,"all accepted sources are terminal and drawable/GPU callbacks retired",0,0,0,0,0,0,0,0,0,0,0,0
display_callbacks_stopped,1,104,0,0,0,0,0,0,0,0,0,0,0,0,0,0,0,0,0,0,0,0,0,"display-link invalidated after in-flight delegate callbacks returned",0,0,0,0,0,0,0,0,0,0,0,0
worker_drawables_retired,1,104,0,0,0,0,0,0,0,0,0,0,0,0,0,0,0,0,0,0,0,0,0,"no presentation worker tick retains a callback-owned drawable",0,0,0,0,0,0,0,0,0,0,0,0
synthetic_gpu_work_drained,1,104,0,0,0,0,0,0,0,0,0,0,0,0,0,0,0,0,0,0,0,0,0,"all synthetic Framegen GPU completions retired before resource release",0,0,0,0,0,0,0,0,0,0,0,0
epoch_reset,1,105,0,0,0,0,0,0,0,0,0,0,0,0,0,0,0,0,0,0,0,0,0,"105",0,0,0,0,0,0,0,0,0,0,0,0
layer_owner_released,1,105,0,0,0,0,0,0,0,0,0,0,0,0,0,0,0,0,0,0,0,0,0,"callbacks, worker drawables, DXMT presentation, SourceEscrow, and synthetic GPU work retired",0,0,0,0,0,0,0,0,0,0,0,0
layer_owner_claimed,1,105,0,0,0,0,0,0,0,0,0,0,0,0,0,0,0,0,0,0,0,0,0,"exclusive CAMetalLayer claim acquired before display-link attachment",0,0,0,0,0,0,0,0,0,0,0,0
display_link_attached,1,105,0,0,0,0,0,0,0,0,0,0,0,0,0,0,0,0,0,0,0,0,0,"display link attached after ordinary Presenter drained",0,0,0,0,0,0,0,0,0,0,0,0
display_callbacks_enabled,1,105,0,0,0,0,0,0,0,0,0,0,0,0,0,0,0,0,0,0,0,0,0,"display-link callbacks enabled under exclusive layer claim",0,0,0,0,0,0,0,0,0,0,0,0
session_active,1,105,0,0,0,0,0,0,0,0,0,0,0,0,0,0,0,0,0,0,0,0,0,"display resumed in fresh epoch",0,0,0,0,0,0,0,0,0,0,0,0
source_candidate_reserved,1,105,0,0,1,106,0,0,261023182556000,0,0,0,0,0,261023265889333,0,0,0,0,1,0,0,0,"mandatory SourceEscrow allocated; source-only mode",0,0,0,0,0,0,0,0,0,0,106,0
escrow_setup_failed,1,105,0,0,1,106,0,0,261023182556000,0,0,0,0,0,261023265889333,0,0,0,0,0,0,0,0,"injected pre-commit SourceEscrow copy setup failure",0,0,0,0,0,0,0,0,0,0,106,0
source_state_transition,1,105,0,0,1,106,0,0,261023182556000,0,0,0,0,0,261023265889333,0,0,0,0,0,0,0,0,"escrow_preparing->retired:reservation cancelled before transfer",0,0,0,0,0,0,0,0,0,0,0,0
source_terminal,1,105,0,0,1,106,0,0,261023182556000,0,0,0,0,0,261023265889333,0,0,0,0,0,0,0,0,"ordinary_fallback:ordinary DXMT Presenter retained this source",0,0,0,0,0,0,0,0,0,0,0,0
source_candidate_cancelled,1,105,0,0,1,106,0,0,261023182556000,0,0,0,0,0,261023265889333,0,0,0,0,0,0,0,0,"uncommitted reservation returned to ordinary Presenter",0,0,0,0,0,0,0,0,0,0,0,0
layer_owner_draining,1,105,0,0,0,0,0,0,0,0,0,0,0,0,0,0,0,0,0,0,0,0,0,"generation stopped; display worker drains accepted real sources before callbacks stop",0,0,0,0,0,0,0,0,0,0,0,0
generation_submissions_drained,1,105,0,0,0,0,0,0,0,0,0,0,0,0,0,0,0,0,0,0,0,0,0,"no synthetic generation submission remains in flight",0,0,0,0,0,0,0,0,0,0,0,0
presentation_feedback_drained,1,105,0,0,0,0,0,0,0,0,0,0,0,0,0,0,0,0,0,0,0,0,0,"all accepted sources are terminal and drawable/GPU callbacks retired",0,0,0,0,0,0,0,0,0,0,0,0
display_callbacks_stopped,1,105,0,0,0,0,0,0,0,0,0,0,0,0,0,0,0,0,0,0,0,0,0,"display-link invalidated after in-flight delegate callbacks returned",0,0,0,0,0,0,0,0,0,0,0,0
worker_drawables_retired,1,105,0,0,0,0,0,0,0,0,0,0,0,0,0,0,0,0,0,0,0,0,0,"no presentation worker tick retains a callback-owned drawable",0,0,0,0,0,0,0,0,0,0,0,0
synthetic_gpu_work_drained,1,105,0,0,0,0,0,0,0,0,0,0,0,0,0,0,0,0,0,0,0,0,0,"all synthetic Framegen GPU completions retired before resource release",0,0,0,0,0,0,0,0,0,0,0,0
epoch_reset,1,106,0,0,0,0,0,0,0,0,0,0,0,0,0,0,0,0,0,0,0,0,0,"106",0,0,0,0,0,0,0,0,0,0,0,0
layer_owner_released,1,106,0,0,0,0,0,0,0,0,0,0,0,0,0,0,0,0,0,0,0,0,0,"callbacks, worker drawables, DXMT presentation, SourceEscrow, and synthetic GPU work retired",0,0,0,0,0,0,0,0,0,0,0,0
layer_owner_claimed,1,106,0,0,0,0,0,0,0,0,0,0,0,0,0,0,0,0,0,0,0,0,0,"exclusive CAMetalLayer claim acquired before display-link attachment",0,0,0,0,0,0,0,0,0,0,0,0
display_link_attached,1,106,0,0,0,0,0,0,0,0,0,0,0,0,0,0,0,0,0,0,0,0,0,"display link attached after ordinary Presenter drained",0,0,0,0,0,0,0,0,0,0,0,0
display_callbacks_enabled,1,106,0,0,0,0,0,0,0,0,0,0,0,0,0,0,0,0,0,0,0,0,0,"display-link callbacks enabled under exclusive layer claim",0,0,0,0,0,0,0,0,0,0,0,0
session_active,1,106,0,0,0,0,0,0,0,0,0,0,0,0,0,0,0,0,0,0,0,0,0,"display resumed in fresh epoch",0,0,0,0,0,0,0,0,0,0,0,0
source_candidate_reserved,1,106,0,0,1,107,0,0,261023216038791,0,0,0,0,0,261023299372124,0,0,0,0,1,0,0,0,"mandatory SourceEscrow allocated; source-only mode",0,0,0,0,0,0,0,0,0,0,107,0
escrow_setup_failed,1,106,0,0,1,107,0,0,261023216038791,0,0,0,0,0,261023299372124,0,0,0,0,0,0,0,0,"injected pre-commit SourceEscrow copy setup failure",0,0,0,0,0,0,0,0,0,0,107,0
source_state_transition,1,106,0,0,1,107,0,0,261023216038791,0,0,0,0,0,261023299372124,0,0,0,0,0,0,0,0,"escrow_preparing->retired:reservation cancelled before transfer",0,0,0,0,0,0,0,0,0,0,0,0
source_terminal,1,106,0,0,1,107,0,0,261023216038791,0,0,0,0,0,261023299372124,0,0,0,0,0,0,0,0,"ordinary_fallback:ordinary DXMT Presenter retained this source",0,0,0,0,0,0,0,0,0,0,0,0
source_candidate_cancelled,1,106,0,0,1,107,0,0,261023216038791,0,0,0,0,0,261023299372124,0,0,0,0,0,0,0,0,"uncommitted reservation returned to ordinary Presenter",0,0,0,0,0,0,0,0,0,0,0,0
layer_owner_draining,1,106,0,0,0,0,0,0,0,0,0,0,0,0,0,0,0,0,0,0,0,0,0,"generation stopped; display worker drains accepted real sources before callbacks stop",0,0,0,0,0,0,0,0,0,0,0,0
generation_submissions_drained,1,106,0,0,0,0,0,0,0,0,0,0,0,0,0,0,0,0,0,0,0,0,0,"no synthetic generation submission remains in flight",0,0,0,0,0,0,0,0,0,0,0,0
presentation_feedback_drained,1,106,0,0,0,0,0,0,0,0,0,0,0,0,0,0,0,0,0,0,0,0,0,"all accepted sources are terminal and drawable/GPU callbacks retired",0,0,0,0,0,0,0,0,0,0,0,0
display_callbacks_stopped,1,106,0,0,0,0,0,0,0,0,0,0,0,0,0,0,0,0,0,0,0,0,0,"display-link invalidated after in-flight delegate callbacks returned",0,0,0,0,0,0,0,0,0,0,0,0
worker_drawables_retired,1,106,0,0,0,0,0,0,0,0,0,0,0,0,0,0,0,0,0,0,0,0,0,"no presentation worker tick retains a callback-owned drawable",0,0,0,0,0,0,0,0,0,0,0,0
synthetic_gpu_work_drained,1,106,0,0,0,0,0,0,0,0,0,0,0,0,0,0,0,0,0,0,0,0,0,"all synthetic Framegen GPU completions retired before resource release",0,0,0,0,0,0,0,0,0,0,0,0
epoch_reset,1,107,0,0,0,0,0,0,0,0,0,0,0,0,0,0,0,0,0,0,0,0,0,"107",0,0,0,0,0,0,0,0,0,0,0,0
layer_owner_released,1,107,0,0,0,0,0,0,0,0,0,0,0,0,0,0,0,0,0,0,0,0,0,"callbacks, worker drawables, DXMT presentation, SourceEscrow, and synthetic GPU work retired",0,0,0,0,0,0,0,0,0,0,0,0
layer_owner_claimed,1,107,0,0,0,0,0,0,0,0,0,0,0,0,0,0,0,0,0,0,0,0,0,"exclusive CAMetalLayer claim acquired before display-link attachment",0,0,0,0,0,0,0,0,0,0,0,0
display_link_attached,1,107,0,0,0,0,0,0,0,0,0,0,0,0,0,0,0,0,0,0,0,0,0,"display link attached after ordinary Presenter drained",0,0,0,0,0,0,0,0,0,0,0,0
display_callbacks_enabled,1,107,0,0,0,0,0,0,0,0,0,0,0,0,0,0,0,0,0,0,0,0,0,"display-link callbacks enabled under exclusive layer claim",0,0,0,0,0,0,0,0,0,0,0,0
session_active,1,107,0,0,0,0,0,0,0,0,0,0,0,0,0,0,0,0,0,0,0,0,0,"display resumed in fresh epoch",0,0,0,0,0,0,0,0,0,0,0,0
source_candidate_reserved,1,107,0,0,1,108,0,0,261023249176583,0,0,0,0,0,261023332509916,0,0,0,0,1,0,0,0,"mandatory SourceEscrow allocated; source-only mode",0,0,0,0,0,0,0,0,0,0,108,0
escrow_setup_failed,1,107,0,0,1,108,0,0,261023249176583,0,0,0,0,0,261023332509916,0,0,0,0,0,0,0,0,"injected pre-commit SourceEscrow copy setup failure",0,0,0,0,0,0,0,0,0,0,108,0
source_state_transition,1,107,0,0,1,108,0,0,261023249176583,0,0,0,0,0,261023332509916,0,0,0,0,0,0,0,0,"escrow_preparing->retired:reservation cancelled before transfer",0,0,0,0,0,0,0,0,0,0,0,0
source_terminal,1,107,0,0,1,108,0,0,261023249176583,0,0,0,0,0,261023332509916,0,0,0,0,0,0,0,0,"ordinary_fallback:ordinary DXMT Presenter retained this source",0,0,0,0,0,0,0,0,0,0,0,0
source_candidate_cancelled,1,107,0,0,1,108,0,0,261023249176583,0,0,0,0,0,261023332509916,0,0,0,0,0,0,0,0,"uncommitted reservation returned to ordinary Presenter",0,0,0,0,0,0,0,0,0,0,0,0
layer_owner_draining,1,107,0,0,0,0,0,0,0,0,0,0,0,0,0,0,0,0,0,0,0,0,0,"generation stopped; display worker drains accepted real sources before callbacks stop",0,0,0,0,0,0,0,0,0,0,0,0
generation_submissions_drained,1,107,0,0,0,0,0,0,0,0,0,0,0,0,0,0,0,0,0,0,0,0,0,"no synthetic generation submission remains in flight",0,0,0,0,0,0,0,0,0,0,0,0
presentation_feedback_drained,1,107,0,0,0,0,0,0,0,0,0,0,0,0,0,0,0,0,0,0,0,0,0,"all accepted sources are terminal and drawable/GPU callbacks retired",0,0,0,0,0,0,0,0,0,0,0,0
display_callbacks_stopped,1,107,0,0,0,0,0,0,0,0,0,0,0,0,0,0,0,0,0,0,0,0,0,"display-link invalidated after in-flight delegate callbacks returned",0,0,0,0,0,0,0,0,0,0,0,0
worker_drawables_retired,1,107,0,0,0,0,0,0,0,0,0,0,0,0,0,0,0,0,0,0,0,0,0,"no presentation worker tick retains a callback-owned drawable",0,0,0,0,0,0,0,0,0,0,0,0
synthetic_gpu_work_drained,1,107,0,0,0,0,0,0,0,0,0,0,0,0,0,0,0,0,0,0,0,0,0,"all synthetic Framegen GPU completions retired before resource release",0,0,0,0,0,0,0,0,0,0,0,0
epoch_reset,1,108,0,0,0,0,0,0,0,0,0,0,0,0,0,0,0,0,0,0,0,0,0,"108",0,0,0,0,0,0,0,0,0,0,0,0
layer_owner_released,1,108,0,0,0,0,0,0,0,0,0,0,0,0,0,0,0,0,0,0,0,0,0,"callbacks, worker drawables, DXMT presentation, SourceEscrow, and synthetic GPU work retired",0,0,0,0,0,0,0,0,0,0,0,0
layer_owner_claimed,1,108,0,0,0,0,0,0,0,0,0,0,0,0,0,0,0,0,0,0,0,0,0,"exclusive CAMetalLayer claim acquired before display-link attachment",0,0,0,0,0,0,0,0,0,0,0,0
display_link_attached,1,108,0,0,0,0,0,0,0,0,0,0,0,0,0,0,0,0,0,0,0,0,0,"display link attached after ordinary Presenter drained",0,0,0,0,0,0,0,0,0,0,0,0
display_callbacks_enabled,1,108,0,0,0,0,0,0,0,0,0,0,0,0,0,0,0,0,0,0,0,0,0,"display-link callbacks enabled under exclusive layer claim",0,0,0,0,0,0,0,0,0,0,0,0
session_active,1,108,0,0,0,0,0,0,0,0,0,0,0,0,0,0,0,0,0,0,0,0,0,"display resumed in fresh epoch",0,0,0,0,0,0,0,0,0,0,0,0
source_candidate_reserved,1,108,0,0,1,109,0,0,261023282994125,0,0,0,0,0,261023366327458,0,0,0,0,1,0,0,0,"mandatory SourceEscrow allocated; source-only mode",0,0,0,0,0,0,0,0,0,0,109,0
escrow_setup_failed,1,108,0,0,1,109,0,0,261023282994125,0,0,0,0,0,261023366327458,0,0,0,0,0,0,0,0,"injected pre-commit SourceEscrow copy setup failure",0,0,0,0,0,0,0,0,0,0,109,0
source_state_transition,1,108,0,0,1,109,0,0,261023282994125,0,0,0,0,0,261023366327458,0,0,0,0,0,0,0,0,"escrow_preparing->retired:reservation cancelled before transfer",0,0,0,0,0,0,0,0,0,0,0,0
source_terminal,1,108,0,0,1,109,0,0,261023282994125,0,0,0,0,0,261023366327458,0,0,0,0,0,0,0,0,"ordinary_fallback:ordinary DXMT Presenter retained this source",0,0,0,0,0,0,0,0,0,0,0,0
source_candidate_cancelled,1,108,0,0,1,109,0,0,261023282994125,0,0,0,0,0,261023366327458,0,0,0,0,0,0,0,0,"uncommitted reservation returned to ordinary Presenter",0,0,0,0,0,0,0,0,0,0,0,0
layer_owner_draining,1,108,0,0,0,0,0,0,0,0,0,0,0,0,0,0,0,0,0,0,0,0,0,"generation stopped; display worker drains accepted real sources before callbacks stop",0,0,0,0,0,0,0,0,0,0,0,0
generation_submissions_drained,1,108,0,0,0,0,0,0,0,0,0,0,0,0,0,0,0,0,0,0,0,0,0,"no synthetic generation submission remains in flight",0,0,0,0,0,0,0,0,0,0,0,0
presentation_feedback_drained,1,108,0,0,0,0,0,0,0,0,0,0,0,0,0,0,0,0,0,0,0,0,0,"all accepted sources are terminal and drawable/GPU callbacks retired",0,0,0,0,0,0,0,0,0,0,0,0
display_callbacks_stopped,1,108,0,0,0,0,0,0,0,0,0,0,0,0,0,0,0,0,0,0,0,0,0,"display-link invalidated after in-flight delegate callbacks returned",0,0,0,0,0,0,0,0,0,0,0,0
worker_drawables_retired,1,108,0,0,0,0,0,0,0,0,0,0,0,0,0,0,0,0,0,0,0,0,0,"no presentation worker tick retains a callback-owned drawable",0,0,0,0,0,0,0,0,0,0,0,0
synthetic_gpu_work_drained,1,108,0,0,0,0,0,0,0,0,0,0,0,0,0,0,0,0,0,0,0,0,0,"all synthetic Framegen GPU completions retired before resource release",0,0,0,0,0,0,0,0,0,0,0,0
epoch_reset,1,109,0,0,0,0,0,0,0,0,0,0,0,0,0,0,0,0,0,0,0,0,0,"109",0,0,0,0,0,0,0,0,0,0,0,0
layer_owner_released,1,109,0,0,0,0,0,0,0,0,0,0,0,0,0,0,0,0,0,0,0,0,0,"callbacks, worker drawables, DXMT presentation, SourceEscrow, and synthetic GPU work retired",0,0,0,0,0,0,0,0,0,0,0,0
layer_owner_claimed,1,109,0,0,0,0,0,0,0,0,0,0,0,0,0,0,0,0,0,0,0,0,0,"exclusive CAMetalLayer claim acquired before display-link attachment",0,0,0,0,0,0,0,0,0,0,0,0
display_link_attached,1,109,0,0,0,0,0,0,0,0,0,0,0,0,0,0,0,0,0,0,0,0,0,"display link attached after ordinary Presenter drained",0,0,0,0,0,0,0,0,0,0,0,0
display_callbacks_enabled,1,109,0,0,0,0,0,0,0,0,0,0,0,0,0,0,0,0,0,0,0,0,0,"display-link callbacks enabled under exclusive layer claim",0,0,0,0,0,0,0,0,0,0,0,0
session_active,1,109,0,0,0,0,0,0,0,0,0,0,0,0,0,0,0,0,0,0,0,0,0,"display resumed in fresh epoch",0,0,0,0,0,0,0,0,0,0,0,0
source_candidate_reserved,1,109,0,0,1,110,0,0,261023316474791,0,0,0,0,0,261023399808124,0,0,0,0,1,0,0,0,"mandatory SourceEscrow allocated; source-only mode",0,0,0,0,0,0,0,0,0,0,110,0
escrow_setup_failed,1,109,0,0,1,110,0,0,261023316474791,0,0,0,0,0,261023399808124,0,0,0,0,0,0,0,0,"injected pre-commit SourceEscrow copy setup failure",0,0,0,0,0,0,0,0,0,0,110,0
source_state_transition,1,109,0,0,1,110,0,0,261023316474791,0,0,0,0,0,261023399808124,0,0,0,0,0,0,0,0,"escrow_preparing->retired:reservation cancelled before transfer",0,0,0,0,0,0,0,0,0,0,0,0
source_terminal,1,109,0,0,1,110,0,0,261023316474791,0,0,0,0,0,261023399808124,0,0,0,0,0,0,0,0,"ordinary_fallback:ordinary DXMT Presenter retained this source",0,0,0,0,0,0,0,0,0,0,0,0
source_candidate_cancelled,1,109,0,0,1,110,0,0,261023316474791,0,0,0,0,0,261023399808124,0,0,0,0,0,0,0,0,"uncommitted reservation returned to ordinary Presenter",0,0,0,0,0,0,0,0,0,0,0,0
layer_owner_draining,1,109,0,0,0,0,0,0,0,0,0,0,0,0,0,0,0,0,0,0,0,0,0,"generation stopped; display worker drains accepted real sources before callbacks stop",0,0,0,0,0,0,0,0,0,0,0,0
generation_submissions_drained,1,109,0,0,0,0,0,0,0,0,0,0,0,0,0,0,0,0,0,0,0,0,0,"no synthetic generation submission remains in flight",0,0,0,0,0,0,0,0,0,0,0,0
presentation_feedback_drained,1,109,0,0,0,0,0,0,0,0,0,0,0,0,0,0,0,0,0,0,0,0,0,"all accepted sources are terminal and drawable/GPU callbacks retired",0,0,0,0,0,0,0,0,0,0,0,0
display_callbacks_stopped,1,109,0,0,0,0,0,0,0,0,0,0,0,0,0,0,0,0,0,0,0,0,0,"display-link invalidated after in-flight delegate callbacks returned",0,0,0,0,0,0,0,0,0,0,0,0
worker_drawables_retired,1,109,0,0,0,0,0,0,0,0,0,0,0,0,0,0,0,0,0,0,0,0,0,"no presentation worker tick retains a callback-owned drawable",0,0,0,0,0,0,0,0,0,0,0,0
synthetic_gpu_work_drained,1,109,0,0,0,0,0,0,0,0,0,0,0,0,0,0,0,0,0,0,0,0,0,"all synthetic Framegen GPU completions retired before resource release",0,0,0,0,0,0,0,0,0,0,0,0
epoch_reset,1,110,0,0,0,0,0,0,0,0,0,0,0,0,0,0,0,0,0,0,0,0,0,"110",0,0,0,0,0,0,0,0,0,0,0,0
layer_owner_released,1,110,0,0,0,0,0,0,0,0,0,0,0,0,0,0,0,0,0,0,0,0,0,"callbacks, worker drawables, DXMT presentation, SourceEscrow, and synthetic GPU work retired",0,0,0,0,0,0,0,0,0,0,0,0
layer_owner_claimed,1,110,0,0,0,0,0,0,0,0,0,0,0,0,0,0,0,0,0,0,0,0,0,"exclusive CAMetalLayer claim acquired before display-link attachment",0,0,0,0,0,0,0,0,0,0,0,0
display_link_attached,1,110,0,0,0,0,0,0,0,0,0,0,0,0,0,0,0,0,0,0,0,0,0,"display link attached after ordinary Presenter drained",0,0,0,0,0,0,0,0,0,0,0,0
display_callbacks_enabled,1,110,0,0,0,0,0,0,0,0,0,0,0,0,0,0,0,0,0,0,0,0,0,"display-link callbacks enabled under exclusive layer claim",0,0,0,0,0,0,0,0,0,0,0,0
session_active,1,110,0,0,0,0,0,0,0,0,0,0,0,0,0,0,0,0,0,0,0,0,0,"display resumed in fresh epoch",0,0,0,0,0,0,0,0,0,0,0,0
source_candidate_reserved,1,110,0,0,1,111,0,0,261023348982708,0,0,0,0,0,261023432316041,0,0,0,0,1,0,0,0,"mandatory SourceEscrow allocated; source-only mode",0,0,0,0,0,0,0,0,0,0,111,0
escrow_setup_failed,1,110,0,0,1,111,0,0,261023348982708,0,0,0,0,0,261023432316041,0,0,0,0,0,0,0,0,"injected pre-commit SourceEscrow copy setup failure",0,0,0,0,0,0,0,0,0,0,111,0
source_state_transition,1,110,0,0,1,111,0,0,261023348982708,0,0,0,0,0,261023432316041,0,0,0,0,0,0,0,0,"escrow_preparing->retired:reservation cancelled before transfer",0,0,0,0,0,0,0,0,0,0,0,0
source_terminal,1,110,0,0,1,111,0,0,261023348982708,0,0,0,0,0,261023432316041,0,0,0,0,0,0,0,0,"ordinary_fallback:ordinary DXMT Presenter retained this source",0,0,0,0,0,0,0,0,0,0,0,0
source_candidate_cancelled,1,110,0,0,1,111,0,0,261023348982708,0,0,0,0,0,261023432316041,0,0,0,0,0,0,0,0,"uncommitted reservation returned to ordinary Presenter",0,0,0,0,0,0,0,0,0,0,0,0
layer_owner_draining,1,110,0,0,0,0,0,0,0,0,0,0,0,0,0,0,0,0,0,0,0,0,0,"generation stopped; display worker drains accepted real sources before callbacks stop",0,0,0,0,0,0,0,0,0,0,0,0
generation_submissions_drained,1,110,0,0,0,0,0,0,0,0,0,0,0,0,0,0,0,0,0,0,0,0,0,"no synthetic generation submission remains in flight",0,0,0,0,0,0,0,0,0,0,0,0
presentation_feedback_drained,1,110,0,0,0,0,0,0,0,0,0,0,0,0,0,0,0,0,0,0,0,0,0,"all accepted sources are terminal and drawable/GPU callbacks retired",0,0,0,0,0,0,0,0,0,0,0,0
display_callbacks_stopped,1,110,0,0,0,0,0,0,0,0,0,0,0,0,0,0,0,0,0,0,0,0,0,"display-link invalidated after in-flight delegate callbacks returned",0,0,0,0,0,0,0,0,0,0,0,0
worker_drawables_retired,1,110,0,0,0,0,0,0,0,0,0,0,0,0,0,0,0,0,0,0,0,0,0,"no presentation worker tick retains a callback-owned drawable",0,0,0,0,0,0,0,0,0,0,0,0
synthetic_gpu_work_drained,1,110,0,0,0,0,0,0,0,0,0,0,0,0,0,0,0,0,0,0,0,0,0,"all synthetic Framegen GPU completions retired before resource release",0,0,0,0,0,0,0,0,0,0,0,0
epoch_reset,1,111,0,0,0,0,0,0,0,0,0,0,0,0,0,0,0,0,0,0,0,0,0,"111",0,0,0,0,0,0,0,0,0,0,0,0
layer_owner_released,1,111,0,0,0,0,0,0,0,0,0,0,0,0,0,0,0,0,0,0,0,0,0,"callbacks, worker drawables, DXMT presentation, SourceEscrow, and synthetic GPU work retired",0,0,0,0,0,0,0,0,0,0,0,0
layer_owner_claimed,1,111,0,0,0,0,0,0,0,0,0,0,0,0,0,0,0,0,0,0,0,0,0,"exclusive CAMetalLayer claim acquired before display-link attachment",0,0,0,0,0,0,0,0,0,0,0,0
display_link_attached,1,111,0,0,0,0,0,0,0,0,0,0,0,0,0,0,0,0,0,0,0,0,0,"display link attached after ordinary Presenter drained",0,0,0,0,0,0,0,0,0,0,0,0
display_callbacks_enabled,1,111,0,0,0,0,0,0,0,0,0,0,0,0,0,0,0,0,0,0,0,0,0,"display-link callbacks enabled under exclusive layer claim",0,0,0,0,0,0,0,0,0,0,0,0
session_active,1,111,0,0,0,0,0,0,0,0,0,0,0,0,0,0,0,0,0,0,0,0,0,"display resumed in fresh epoch",0,0,0,0,0,0,0,0,0,0,0,0
source_candidate_reserved,1,111,0,0,1,112,0,0,261023382622875,0,0,0,0,0,261023465956208,0,0,0,0,1,0,0,0,"mandatory SourceEscrow allocated; source-only mode",0,0,0,0,0,0,0,0,0,0,112,0
escrow_setup_failed,1,111,0,0,1,112,0,0,261023382622875,0,0,0,0,0,261023465956208,0,0,0,0,0,0,0,0,"injected pre-commit SourceEscrow copy setup failure",0,0,0,0,0,0,0,0,0,0,112,0
source_state_transition,1,111,0,0,1,112,0,0,261023382622875,0,0,0,0,0,261023465956208,0,0,0,0,0,0,0,0,"escrow_preparing->retired:reservation cancelled before transfer",0,0,0,0,0,0,0,0,0,0,0,0
source_terminal,1,111,0,0,1,112,0,0,261023382622875,0,0,0,0,0,261023465956208,0,0,0,0,0,0,0,0,"ordinary_fallback:ordinary DXMT Presenter retained this source",0,0,0,0,0,0,0,0,0,0,0,0
source_candidate_cancelled,1,111,0,0,1,112,0,0,261023382622875,0,0,0,0,0,261023465956208,0,0,0,0,0,0,0,0,"uncommitted reservation returned to ordinary Presenter",0,0,0,0,0,0,0,0,0,0,0,0
layer_owner_draining,1,111,0,0,0,0,0,0,0,0,0,0,0,0,0,0,0,0,0,0,0,0,0,"generation stopped; display worker drains accepted real sources before callbacks stop",0,0,0,0,0,0,0,0,0,0,0,0
generation_submissions_drained,1,111,0,0,0,0,0,0,0,0,0,0,0,0,0,0,0,0,0,0,0,0,0,"no synthetic generation submission remains in flight",0,0,0,0,0,0,0,0,0,0,0,0
presentation_feedback_drained,1,111,0,0,0,0,0,0,0,0,0,0,0,0,0,0,0,0,0,0,0,0,0,"all accepted sources are terminal and drawable/GPU callbacks retired",0,0,0,0,0,0,0,0,0,0,0,0
display_callbacks_stopped,1,111,0,0,0,0,0,0,0,0,0,0,0,0,0,0,0,0,0,0,0,0,0,"display-link invalidated after in-flight delegate callbacks returned",0,0,0,0,0,0,0,0,0,0,0,0
worker_drawables_retired,1,111,0,0,0,0,0,0,0,0,0,0,0,0,0,0,0,0,0,0,0,0,0,"no presentation worker tick retains a callback-owned drawable",0,0,0,0,0,0,0,0,0,0,0,0
synthetic_gpu_work_drained,1,111,0,0,0,0,0,0,0,0,0,0,0,0,0,0,0,0,0,0,0,0,0,"all synthetic Framegen GPU completions retired before resource release",0,0,0,0,0,0,0,0,0,0,0,0
epoch_reset,1,112,0,0,0,0,0,0,0,0,0,0,0,0,0,0,0,0,0,0,0,0,0,"112",0,0,0,0,0,0,0,0,0,0,0,0
layer_owner_released,1,112,0,0,0,0,0,0,0,0,0,0,0,0,0,0,0,0,0,0,0,0,0,"callbacks, worker drawables, DXMT presentation, SourceEscrow, and synthetic GPU work retired",0,0,0,0,0,0,0,0,0,0,0,0
layer_owner_claimed,1,112,0,0,0,0,0,0,0,0,0,0,0,0,0,0,0,0,0,0,0,0,0,"exclusive CAMetalLayer claim acquired before display-link attachment",0,0,0,0,0,0,0,0,0,0,0,0
display_link_attached,1,112,0,0,0,0,0,0,0,0,0,0,0,0,0,0,0,0,0,0,0,0,0,"display link attached after ordinary Presenter drained",0,0,0,0,0,0,0,0,0,0,0,0
display_callbacks_enabled,1,112,0,0,0,0,0,0,0,0,0,0,0,0,0,0,0,0,0,0,0,0,0,"display-link callbacks enabled under exclusive layer claim",0,0,0,0,0,0,0,0,0,0,0,0
session_active,1,112,0,0,0,0,0,0,0,0,0,0,0,0,0,0,0,0,0,0,0,0,0,"display resumed in fresh epoch",0,0,0,0,0,0,0,0,0,0,0,0
source_candidate_reserved,1,112,0,0,1,113,0,0,261023415621500,0,0,0,0,0,261023498954833,0,0,0,0,1,0,0,0,"mandatory SourceEscrow allocated; source-only mode",0,0,0,0,0,0,0,0,0,0,113,0
escrow_setup_failed,1,112,0,0,1,113,0,0,261023415621500,0,0,0,0,0,261023498954833,0,0,0,0,0,0,0,0,"injected pre-commit SourceEscrow copy setup failure",0,0,0,0,0,0,0,0,0,0,113,0
source_state_transition,1,112,0,0,1,113,0,0,261023415621500,0,0,0,0,0,261023498954833,0,0,0,0,0,0,0,0,"escrow_preparing->retired:reservation cancelled before transfer",0,0,0,0,0,0,0,0,0,0,0,0
source_terminal,1,112,0,0,1,113,0,0,261023415621500,0,0,0,0,0,261023498954833,0,0,0,0,0,0,0,0,"ordinary_fallback:ordinary DXMT Presenter retained this source",0,0,0,0,0,0,0,0,0,0,0,0
source_candidate_cancelled,1,112,0,0,1,113,0,0,261023415621500,0,0,0,0,0,261023498954833,0,0,0,0,0,0,0,0,"uncommitted reservation returned to ordinary Presenter",0,0,0,0,0,0,0,0,0,0,0,0
layer_owner_draining,1,112,0,0,0,0,0,0,0,0,0,0,0,0,0,0,0,0,0,0,0,0,0,"generation stopped; display worker drains accepted real sources before callbacks stop",0,0,0,0,0,0,0,0,0,0,0,0
generation_submissions_drained,1,112,0,0,0,0,0,0,0,0,0,0,0,0,0,0,0,0,0,0,0,0,0,"no synthetic generation submission remains in flight",0,0,0,0,0,0,0,0,0,0,0,0
presentation_feedback_drained,1,112,0,0,0,0,0,0,0,0,0,0,0,0,0,0,0,0,0,0,0,0,0,"all accepted sources are terminal and drawable/GPU callbacks retired",0,0,0,0,0,0,0,0,0,0,0,0
display_callbacks_stopped,1,112,0,0,0,0,0,0,0,0,0,0,0,0,0,0,0,0,0,0,0,0,0,"display-link invalidated after in-flight delegate callbacks returned",0,0,0,0,0,0,0,0,0,0,0,0
worker_drawables_retired,1,112,0,0,0,0,0,0,0,0,0,0,0,0,0,0,0,0,0,0,0,0,0,"no presentation worker tick retains a callback-owned drawable",0,0,0,0,0,0,0,0,0,0,0,0
synthetic_gpu_work_drained,1,112,0,0,0,0,0,0,0,0,0,0,0,0,0,0,0,0,0,0,0,0,0,"all synthetic Framegen GPU completions retired before resource release",0,0,0,0,0,0,0,0,0,0,0,0
epoch_reset,1,113,0,0,0,0,0,0,0,0,0,0,0,0,0,0,0,0,0,0,0,0,0,"113",0,0,0,0,0,0,0,0,0,0,0,0
layer_owner_released,1,113,0,0,0,0,0,0,0,0,0,0,0,0,0,0,0,0,0,0,0,0,0,"callbacks, worker drawables, DXMT presentation, SourceEscrow, and synthetic GPU work retired",0,0,0,0,0,0,0,0,0,0,0,0
layer_owner_claimed,1,113,0,0,0,0,0,0,0,0,0,0,0,0,0,0,0,0,0,0,0,0,0,"exclusive CAMetalLayer claim acquired before display-link attachment",0,0,0,0,0,0,0,0,0,0,0,0
display_link_attached,1,113,0,0,0,0,0,0,0,0,0,0,0,0,0,0,0,0,0,0,0,0,0,"display link attached after ordinary Presenter drained",0,0,0,0,0,0,0,0,0,0,0,0
display_callbacks_enabled,1,113,0,0,0,0,0,0,0,0,0,0,0,0,0,0,0,0,0,0,0,0,0,"display-link callbacks enabled under exclusive layer claim",0,0,0,0,0,0,0,0,0,0,0,0
session_active,1,113,0,0,0,0,0,0,0,0,0,0,0,0,0,0,0,0,0,0,0,0,0,"display resumed in fresh epoch",0,0,0,0,0,0,0,0,0,0,0,0
source_candidate_reserved,1,113,0,0,1,114,0,0,261023448755583,0,0,0,0,0,261023532088916,0,0,0,0,1,0,0,0,"mandatory SourceEscrow allocated; source-only mode",0,0,0,0,0,0,0,0,0,0,114,0
escrow_setup_failed,1,113,0,0,1,114,0,0,261023448755583,0,0,0,0,0,261023532088916,0,0,0,0,0,0,0,0,"injected pre-commit SourceEscrow copy setup failure",0,0,0,0,0,0,0,0,0,0,114,0
source_state_transition,1,113,0,0,1,114,0,0,261023448755583,0,0,0,0,0,261023532088916,0,0,0,0,0,0,0,0,"escrow_preparing->retired:reservation cancelled before transfer",0,0,0,0,0,0,0,0,0,0,0,0
source_terminal,1,113,0,0,1,114,0,0,261023448755583,0,0,0,0,0,261023532088916,0,0,0,0,0,0,0,0,"ordinary_fallback:ordinary DXMT Presenter retained this source",0,0,0,0,0,0,0,0,0,0,0,0
source_candidate_cancelled,1,113,0,0,1,114,0,0,261023448755583,0,0,0,0,0,261023532088916,0,0,0,0,0,0,0,0,"uncommitted reservation returned to ordinary Presenter",0,0,0,0,0,0,0,0,0,0,0,0
layer_owner_draining,1,113,0,0,0,0,0,0,0,0,0,0,0,0,0,0,0,0,0,0,0,0,0,"generation stopped; display worker drains accepted real sources before callbacks stop",0,0,0,0,0,0,0,0,0,0,0,0
generation_submissions_drained,1,113,0,0,0,0,0,0,0,0,0,0,0,0,0,0,0,0,0,0,0,0,0,"no synthetic generation submission remains in flight",0,0,0,0,0,0,0,0,0,0,0,0
presentation_feedback_drained,1,113,0,0,0,0,0,0,0,0,0,0,0,0,0,0,0,0,0,0,0,0,0,"all accepted sources are terminal and drawable/GPU callbacks retired",0,0,0,0,0,0,0,0,0,0,0,0
display_callbacks_stopped,1,113,0,0,0,0,0,0,0,0,0,0,0,0,0,0,0,0,0,0,0,0,0,"display-link invalidated after in-flight delegate callbacks returned",0,0,0,0,0,0,0,0,0,0,0,0
worker_drawables_retired,1,113,0,0,0,0,0,0,0,0,0,0,0,0,0,0,0,0,0,0,0,0,0,"no presentation worker tick retains a callback-owned drawable",0,0,0,0,0,0,0,0,0,0,0,0
synthetic_gpu_work_drained,1,113,0,0,0,0,0,0,0,0,0,0,0,0,0,0,0,0,0,0,0,0,0,"all synthetic Framegen GPU completions retired before resource release",0,0,0,0,0,0,0,0,0,0,0,0
epoch_reset,1,114,0,0,0,0,0,0,0,0,0,0,0,0,0,0,0,0,0,0,0,0,0,"114",0,0,0,0,0,0,0,0,0,0,0,0
layer_owner_released,1,114,0,0,0,0,0,0,0,0,0,0,0,0,0,0,0,0,0,0,0,0,0,"callbacks, worker drawables, DXMT presentation, SourceEscrow, and synthetic GPU work retired",0,0,0,0,0,0,0,0,0,0,0,0
layer_owner_claimed,1,114,0,0,0,0,0,0,0,0,0,0,0,0,0,0,0,0,0,0,0,0,0,"exclusive CAMetalLayer claim acquired before display-link attachment",0,0,0,0,0,0,0,0,0,0,0,0
display_link_attached,1,114,0,0,0,0,0,0,0,0,0,0,0,0,0,0,0,0,0,0,0,0,0,"display link attached after ordinary Presenter drained",0,0,0,0,0,0,0,0,0,0,0,0
display_callbacks_enabled,1,114,0,0,0,0,0,0,0,0,0,0,0,0,0,0,0,0,0,0,0,0,0,"display-link callbacks enabled under exclusive layer claim",0,0,0,0,0,0,0,0,0,0,0,0
session_active,1,114,0,0,0,0,0,0,0,0,0,0,0,0,0,0,0,0,0,0,0,0,0,"display resumed in fresh epoch",0,0,0,0,0,0,0,0,0,0,0,0
source_candidate_reserved,1,114,0,0,1,115,0,0,261023482142958,0,0,0,0,0,261023565476291,0,0,0,0,1,0,0,0,"mandatory SourceEscrow allocated; source-only mode",0,0,0,0,0,0,0,0,0,0,115,0
escrow_setup_failed,1,114,0,0,1,115,0,0,261023482142958,0,0,0,0,0,261023565476291,0,0,0,0,0,0,0,0,"injected pre-commit SourceEscrow copy setup failure",0,0,0,0,0,0,0,0,0,0,115,0
source_state_transition,1,114,0,0,1,115,0,0,261023482142958,0,0,0,0,0,261023565476291,0,0,0,0,0,0,0,0,"escrow_preparing->retired:reservation cancelled before transfer",0,0,0,0,0,0,0,0,0,0,0,0
source_terminal,1,114,0,0,1,115,0,0,261023482142958,0,0,0,0,0,261023565476291,0,0,0,0,0,0,0,0,"ordinary_fallback:ordinary DXMT Presenter retained this source",0,0,0,0,0,0,0,0,0,0,0,0
source_candidate_cancelled,1,114,0,0,1,115,0,0,261023482142958,0,0,0,0,0,261023565476291,0,0,0,0,0,0,0,0,"uncommitted reservation returned to ordinary Presenter",0,0,0,0,0,0,0,0,0,0,0,0
layer_owner_draining,1,114,0,0,0,0,0,0,0,0,0,0,0,0,0,0,0,0,0,0,0,0,0,"generation stopped; display worker drains accepted real sources before callbacks stop",0,0,0,0,0,0,0,0,0,0,0,0
generation_submissions_drained,1,114,0,0,0,0,0,0,0,0,0,0,0,0,0,0,0,0,0,0,0,0,0,"no synthetic generation submission remains in flight",0,0,0,0,0,0,0,0,0,0,0,0
presentation_feedback_drained,1,114,0,0,0,0,0,0,0,0,0,0,0,0,0,0,0,0,0,0,0,0,0,"all accepted sources are terminal and drawable/GPU callbacks retired",0,0,0,0,0,0,0,0,0,0,0,0
display_callbacks_stopped,1,114,0,0,0,0,0,0,0,0,0,0,0,0,0,0,0,0,0,0,0,0,0,"display-link invalidated after in-flight delegate callbacks returned",0,0,0,0,0,0,0,0,0,0,0,0
worker_drawables_retired,1,114,0,0,0,0,0,0,0,0,0,0,0,0,0,0,0,0,0,0,0,0,0,"no presentation worker tick retains a callback-owned drawable",0,0,0,0,0,0,0,0,0,0,0,0
synthetic_gpu_work_drained,1,114,0,0,0,0,0,0,0,0,0,0,0,0,0,0,0,0,0,0,0,0,0,"all synthetic Framegen GPU completions retired before resource release",0,0,0,0,0,0,0,0,0,0,0,0
epoch_reset,1,115,0,0,0,0,0,0,0,0,0,0,0,0,0,0,0,0,0,0,0,0,0,"115",0,0,0,0,0,0,0,0,0,0,0,0
layer_owner_released,1,115,0,0,0,0,0,0,0,0,0,0,0,0,0,0,0,0,0,0,0,0,0,"callbacks, worker drawables, DXMT presentation, SourceEscrow, and synthetic GPU work retired",0,0,0,0,0,0,0,0,0,0,0,0
layer_owner_claimed,1,115,0,0,0,0,0,0,0,0,0,0,0,0,0,0,0,0,0,0,0,0,0,"exclusive CAMetalLayer claim acquired before display-link attachment",0,0,0,0,0,0,0,0,0,0,0,0
display_link_attached,1,115,0,0,0,0,0,0,0,0,0,0,0,0,0,0,0,0,0,0,0,0,0,"display link attached after ordinary Presenter drained",0,0,0,0,0,0,0,0,0,0,0,0
display_callbacks_enabled,1,115,0,0,0,0,0,0,0,0,0,0,0,0,0,0,0,0,0,0,0,0,0,"display-link callbacks enabled under exclusive layer claim",0,0,0,0,0,0,0,0,0,0,0,0
session_active,1,115,0,0,0,0,0,0,0,0,0,0,0,0,0,0,0,0,0,0,0,0,0,"display resumed in fresh epoch",0,0,0,0,0,0,0,0,0,0,0,0
source_candidate_reserved,1,115,0,0,1,116,0,0,261023516418541,0,0,0,0,0,261023599751874,0,0,0,0,1,0,0,0,"mandatory SourceEscrow allocated; source-only mode",0,0,0,0,0,0,0,0,0,0,116,0
escrow_setup_failed,1,115,0,0,1,116,0,0,261023516418541,0,0,0,0,0,261023599751874,0,0,0,0,0,0,0,0,"injected pre-commit SourceEscrow copy setup failure",0,0,0,0,0,0,0,0,0,0,116,0
source_state_transition,1,115,0,0,1,116,0,0,261023516418541,0,0,0,0,0,261023599751874,0,0,0,0,0,0,0,0,"escrow_preparing->retired:reservation cancelled before transfer",0,0,0,0,0,0,0,0,0,0,0,0
source_terminal,1,115,0,0,1,116,0,0,261023516418541,0,0,0,0,0,261023599751874,0,0,0,0,0,0,0,0,"ordinary_fallback:ordinary DXMT Presenter retained this source",0,0,0,0,0,0,0,0,0,0,0,0
source_candidate_cancelled,1,115,0,0,1,116,0,0,261023516418541,0,0,0,0,0,261023599751874,0,0,0,0,0,0,0,0,"uncommitted reservation returned to ordinary Presenter",0,0,0,0,0,0,0,0,0,0,0,0
layer_owner_draining,1,115,0,0,0,0,0,0,0,0,0,0,0,0,0,0,0,0,0,0,0,0,0,"generation stopped; display worker drains accepted real sources before callbacks stop",0,0,0,0,0,0,0,0,0,0,0,0
generation_submissions_drained,1,115,0,0,0,0,0,0,0,0,0,0,0,0,0,0,0,0,0,0,0,0,0,"no synthetic generation submission remains in flight",0,0,0,0,0,0,0,0,0,0,0,0
presentation_feedback_drained,1,115,0,0,0,0,0,0,0,0,0,0,0,0,0,0,0,0,0,0,0,0,0,"all accepted sources are terminal and drawable/GPU callbacks retired",0,0,0,0,0,0,0,0,0,0,0,0
display_callbacks_stopped,1,115,0,0,0,0,0,0,0,0,0,0,0,0,0,0,0,0,0,0,0,0,0,"display-link invalidated after in-flight delegate callbacks returned",0,0,0,0,0,0,0,0,0,0,0,0
worker_drawables_retired,1,115,0,0,0,0,0,0,0,0,0,0,0,0,0,0,0,0,0,0,0,0,0,"no presentation worker tick retains a callback-owned drawable",0,0,0,0,0,0,0,0,0,0,0,0
synthetic_gpu_work_drained,1,115,0,0,0,0,0,0,0,0,0,0,0,0,0,0,0,0,0,0,0,0,0,"all synthetic Framegen GPU completions retired before resource release",0,0,0,0,0,0,0,0,0,0,0,0
epoch_reset,1,116,0,0,0,0,0,0,0,0,0,0,0,0,0,0,0,0,0,0,0,0,0,"116",0,0,0,0,0,0,0,0,0,0,0,0
layer_owner_released,1,116,0,0,0,0,0,0,0,0,0,0,0,0,0,0,0,0,0,0,0,0,0,"callbacks, worker drawables, DXMT presentation, SourceEscrow, and synthetic GPU work retired",0,0,0,0,0,0,0,0,0,0,0,0
layer_owner_claimed,1,116,0,0,0,0,0,0,0,0,0,0,0,0,0,0,0,0,0,0,0,0,0,"exclusive CAMetalLayer claim acquired before display-link attachment",0,0,0,0,0,0,0,0,0,0,0,0
display_link_attached,1,116,0,0,0,0,0,0,0,0,0,0,0,0,0,0,0,0,0,0,0,0,0,"display link attached after ordinary Presenter drained",0,0,0,0,0,0,0,0,0,0,0,0
display_callbacks_enabled,1,116,0,0,0,0,0,0,0,0,0,0,0,0,0,0,0,0,0,0,0,0,0,"display-link callbacks enabled under exclusive layer claim",0,0,0,0,0,0,0,0,0,0,0,0
session_active,1,116,0,0,0,0,0,0,0,0,0,0,0,0,0,0,0,0,0,0,0,0,0,"display resumed in fresh epoch",0,0,0,0,0,0,0,0,0,0,0,0
source_candidate_reserved,1,116,0,0,1,117,0,0,261023548958083,0,0,0,0,0,261023632291416,0,0,0,0,1,0,0,0,"mandatory SourceEscrow allocated; source-only mode",0,0,0,0,0,0,0,0,0,0,117,0
escrow_setup_failed,1,116,0,0,1,117,0,0,261023548958083,0,0,0,0,0,261023632291416,0,0,0,0,0,0,0,0,"injected pre-commit SourceEscrow copy setup failure",0,0,0,0,0,0,0,0,0,0,117,0
source_state_transition,1,116,0,0,1,117,0,0,261023548958083,0,0,0,0,0,261023632291416,0,0,0,0,0,0,0,0,"escrow_preparing->retired:reservation cancelled before transfer",0,0,0,0,0,0,0,0,0,0,0,0
source_terminal,1,116,0,0,1,117,0,0,261023548958083,0,0,0,0,0,261023632291416,0,0,0,0,0,0,0,0,"ordinary_fallback:ordinary DXMT Presenter retained this source",0,0,0,0,0,0,0,0,0,0,0,0
source_candidate_cancelled,1,116,0,0,1,117,0,0,261023548958083,0,0,0,0,0,261023632291416,0,0,0,0,0,0,0,0,"uncommitted reservation returned to ordinary Presenter",0,0,0,0,0,0,0,0,0,0,0,0
layer_owner_draining,1,116,0,0,0,0,0,0,0,0,0,0,0,0,0,0,0,0,0,0,0,0,0,"generation stopped; display worker drains accepted real sources before callbacks stop",0,0,0,0,0,0,0,0,0,0,0,0
generation_submissions_drained,1,116,0,0,0,0,0,0,0,0,0,0,0,0,0,0,0,0,0,0,0,0,0,"no synthetic generation submission remains in flight",0,0,0,0,0,0,0,0,0,0,0,0
presentation_feedback_drained,1,116,0,0,0,0,0,0,0,0,0,0,0,0,0,0,0,0,0,0,0,0,0,"all accepted sources are terminal and drawable/GPU callbacks retired",0,0,0,0,0,0,0,0,0,0,0,0
display_callbacks_stopped,1,116,0,0,0,0,0,0,0,0,0,0,0,0,0,0,0,0,0,0,0,0,0,"display-link invalidated after in-flight delegate callbacks returned",0,0,0,0,0,0,0,0,0,0,0,0
worker_drawables_retired,1,116,0,0,0,0,0,0,0,0,0,0,0,0,0,0,0,0,0,0,0,0,0,"no presentation worker tick retains a callback-owned drawable",0,0,0,0,0,0,0,0,0,0,0,0
synthetic_gpu_work_drained,1,116,0,0,0,0,0,0,0,0,0,0,0,0,0,0,0,0,0,0,0,0,0,"all synthetic Framegen GPU completions retired before resource release",0,0,0,0,0,0,0,0,0,0,0,0
epoch_reset,1,117,0,0,0,0,0,0,0,0,0,0,0,0,0,0,0,0,0,0,0,0,0,"117",0,0,0,0,0,0,0,0,0,0,0,0
layer_owner_released,1,117,0,0,0,0,0,0,0,0,0,0,0,0,0,0,0,0,0,0,0,0,0,"callbacks, worker drawables, DXMT presentation, SourceEscrow, and synthetic GPU work retired",0,0,0,0,0,0,0,0,0,0,0,0
layer_owner_claimed,1,117,0,0,0,0,0,0,0,0,0,0,0,0,0,0,0,0,0,0,0,0,0,"exclusive CAMetalLayer claim acquired before display-link attachment",0,0,0,0,0,0,0,0,0,0,0,0
display_link_attached,1,117,0,0,0,0,0,0,0,0,0,0,0,0,0,0,0,0,0,0,0,0,0,"display link attached after ordinary Presenter drained",0,0,0,0,0,0,0,0,0,0,0,0
display_callbacks_enabled,1,117,0,0,0,0,0,0,0,0,0,0,0,0,0,0,0,0,0,0,0,0,0,"display-link callbacks enabled under exclusive layer claim",0,0,0,0,0,0,0,0,0,0,0,0
session_active,1,117,0,0,0,0,0,0,0,0,0,0,0,0,0,0,0,0,0,0,0,0,0,"display resumed in fresh epoch",0,0,0,0,0,0,0,0,0,0,0,0
source_candidate_reserved,1,117,0,0,1,118,0,0,261023582521958,0,0,0,0,0,261023665855291,0,0,0,0,1,0,0,0,"mandatory SourceEscrow allocated; source-only mode",0,0,0,0,0,0,0,0,0,0,118,0
escrow_setup_failed,1,117,0,0,1,118,0,0,261023582521958,0,0,0,0,0,261023665855291,0,0,0,0,0,0,0,0,"injected pre-commit SourceEscrow copy setup failure",0,0,0,0,0,0,0,0,0,0,118,0
source_state_transition,1,117,0,0,1,118,0,0,261023582521958,0,0,0,0,0,261023665855291,0,0,0,0,0,0,0,0,"escrow_preparing->retired:reservation cancelled before transfer",0,0,0,0,0,0,0,0,0,0,0,0
source_terminal,1,117,0,0,1,118,0,0,261023582521958,0,0,0,0,0,261023665855291,0,0,0,0,0,0,0,0,"ordinary_fallback:ordinary DXMT Presenter retained this source",0,0,0,0,0,0,0,0,0,0,0,0
source_candidate_cancelled,1,117,0,0,1,118,0,0,261023582521958,0,0,0,0,0,261023665855291,0,0,0,0,0,0,0,0,"uncommitted reservation returned to ordinary Presenter",0,0,0,0,0,0,0,0,0,0,0,0
layer_owner_draining,1,117,0,0,0,0,0,0,0,0,0,0,0,0,0,0,0,0,0,0,0,0,0,"generation stopped; display worker drains accepted real sources before callbacks stop",0,0,0,0,0,0,0,0,0,0,0,0
generation_submissions_drained,1,117,0,0,0,0,0,0,0,0,0,0,0,0,0,0,0,0,0,0,0,0,0,"no synthetic generation submission remains in flight",0,0,0,0,0,0,0,0,0,0,0,0
presentation_feedback_drained,1,117,0,0,0,0,0,0,0,0,0,0,0,0,0,0,0,0,0,0,0,0,0,"all accepted sources are terminal and drawable/GPU callbacks retired",0,0,0,0,0,0,0,0,0,0,0,0
display_callbacks_stopped,1,117,0,0,0,0,0,0,0,0,0,0,0,0,0,0,0,0,0,0,0,0,0,"display-link invalidated after in-flight delegate callbacks returned",0,0,0,0,0,0,0,0,0,0,0,0
worker_drawables_retired,1,117,0,0,0,0,0,0,0,0,0,0,0,0,0,0,0,0,0,0,0,0,0,"no presentation worker tick retains a callback-owned drawable",0,0,0,0,0,0,0,0,0,0,0,0
synthetic_gpu_work_drained,1,117,0,0,0,0,0,0,0,0,0,0,0,0,0,0,0,0,0,0,0,0,0,"all synthetic Framegen GPU completions retired before resource release",0,0,0,0,0,0,0,0,0,0,0,0
epoch_reset,1,118,0,0,0,0,0,0,0,0,0,0,0,0,0,0,0,0,0,0,0,0,0,"118",0,0,0,0,0,0,0,0,0,0,0,0
layer_owner_released,1,118,0,0,0,0,0,0,0,0,0,0,0,0,0,0,0,0,0,0,0,0,0,"callbacks, worker drawables, DXMT presentation, SourceEscrow, and synthetic GPU work retired",0,0,0,0,0,0,0,0,0,0,0,0
layer_owner_claimed,1,118,0,0,0,0,0,0,0,0,0,0,0,0,0,0,0,0,0,0,0,0,0,"exclusive CAMetalLayer claim acquired before display-link attachment",0,0,0,0,0,0,0,0,0,0,0,0
display_link_attached,1,118,0,0,0,0,0,0,0,0,0,0,0,0,0,0,0,0,0,0,0,0,0,"display link attached after ordinary Presenter drained",0,0,0,0,0,0,0,0,0,0,0,0
display_callbacks_enabled,1,118,0,0,0,0,0,0,0,0,0,0,0,0,0,0,0,0,0,0,0,0,0,"display-link callbacks enabled under exclusive layer claim",0,0,0,0,0,0,0,0,0,0,0,0
session_active,1,118,0,0,0,0,0,0,0,0,0,0,0,0,0,0,0,0,0,0,0,0,0,"display resumed in fresh epoch",0,0,0,0,0,0,0,0,0,0,0,0
source_candidate_reserved,1,118,0,0,1,119,0,0,261023616251375,0,0,0,0,0,261023699584708,0,0,0,0,1,0,0,0,"mandatory SourceEscrow allocated; source-only mode",0,0,0,0,0,0,0,0,0,0,119,0
escrow_setup_failed,1,118,0,0,1,119,0,0,261023616251375,0,0,0,0,0,261023699584708,0,0,0,0,0,0,0,0,"injected pre-commit SourceEscrow copy setup failure",0,0,0,0,0,0,0,0,0,0,119,0
source_state_transition,1,118,0,0,1,119,0,0,261023616251375,0,0,0,0,0,261023699584708,0,0,0,0,0,0,0,0,"escrow_preparing->retired:reservation cancelled before transfer",0,0,0,0,0,0,0,0,0,0,0,0
source_terminal,1,118,0,0,1,119,0,0,261023616251375,0,0,0,0,0,261023699584708,0,0,0,0,0,0,0,0,"ordinary_fallback:ordinary DXMT Presenter retained this source",0,0,0,0,0,0,0,0,0,0,0,0
source_candidate_cancelled,1,118,0,0,1,119,0,0,261023616251375,0,0,0,0,0,261023699584708,0,0,0,0,0,0,0,0,"uncommitted reservation returned to ordinary Presenter",0,0,0,0,0,0,0,0,0,0,0,0
layer_owner_draining,1,118,0,0,0,0,0,0,0,0,0,0,0,0,0,0,0,0,0,0,0,0,0,"generation stopped; display worker drains accepted real sources before callbacks stop",0,0,0,0,0,0,0,0,0,0,0,0
generation_submissions_drained,1,118,0,0,0,0,0,0,0,0,0,0,0,0,0,0,0,0,0,0,0,0,0,"no synthetic generation submission remains in flight",0,0,0,0,0,0,0,0,0,0,0,0
presentation_feedback_drained,1,118,0,0,0,0,0,0,0,0,0,0,0,0,0,0,0,0,0,0,0,0,0,"all accepted sources are terminal and drawable/GPU callbacks retired",0,0,0,0,0,0,0,0,0,0,0,0
display_callbacks_stopped,1,118,0,0,0,0,0,0,0,0,0,0,0,0,0,0,0,0,0,0,0,0,0,"display-link invalidated after in-flight delegate callbacks returned",0,0,0,0,0,0,0,0,0,0,0,0
worker_drawables_retired,1,118,0,0,0,0,0,0,0,0,0,0,0,0,0,0,0,0,0,0,0,0,0,"no presentation worker tick retains a callback-owned drawable",0,0,0,0,0,0,0,0,0,0,0,0
synthetic_gpu_work_drained,1,118,0,0,0,0,0,0,0,0,0,0,0,0,0,0,0,0,0,0,0,0,0,"all synthetic Framegen GPU completions retired before resource release",0,0,0,0,0,0,0,0,0,0,0,0
epoch_reset,1,119,0,0,0,0,0,0,0,0,0,0,0,0,0,0,0,0,0,0,0,0,0,"119",0,0,0,0,0,0,0,0,0,0,0,0
layer_owner_released,1,119,0,0,0,0,0,0,0,0,0,0,0,0,0,0,0,0,0,0,0,0,0,"callbacks, worker drawables, DXMT presentation, SourceEscrow, and synthetic GPU work retired",0,0,0,0,0,0,0,0,0,0,0,0
layer_owner_claimed,1,119,0,0,0,0,0,0,0,0,0,0,0,0,0,0,0,0,0,0,0,0,0,"exclusive CAMetalLayer claim acquired before display-link attachment",0,0,0,0,0,0,0,0,0,0,0,0
display_link_attached,1,119,0,0,0,0,0,0,0,0,0,0,0,0,0,0,0,0,0,0,0,0,0,"display link attached after ordinary Presenter drained",0,0,0,0,0,0,0,0,0,0,0,0
display_callbacks_enabled,1,119,0,0,0,0,0,0,0,0,0,0,0,0,0,0,0,0,0,0,0,0,0,"display-link callbacks enabled under exclusive layer claim",0,0,0,0,0,0,0,0,0,0,0,0
session_active,1,119,0,0,0,0,0,0,0,0,0,0,0,0,0,0,0,0,0,0,0,0,0,"display resumed in fresh epoch",0,0,0,0,0,0,0,0,0,0,0,0
source_candidate_reserved,1,119,0,0,1,120,0,0,261023649829458,0,0,0,0,0,261023733162791,0,0,0,0,1,0,0,0,"mandatory SourceEscrow allocated; source-only mode",0,0,0,0,0,0,0,0,0,0,120,0
escrow_setup_failed,1,119,0,0,1,120,0,0,261023649829458,0,0,0,0,0,261023733162791,0,0,0,0,0,0,0,0,"injected pre-commit SourceEscrow copy setup failure",0,0,0,0,0,0,0,0,0,0,120,0
source_state_transition,1,119,0,0,1,120,0,0,261023649829458,0,0,0,0,0,261023733162791,0,0,0,0,0,0,0,0,"escrow_preparing->retired:reservation cancelled before transfer",0,0,0,0,0,0,0,0,0,0,0,0
source_terminal,1,119,0,0,1,120,0,0,261023649829458,0,0,0,0,0,261023733162791,0,0,0,0,0,0,0,0,"ordinary_fallback:ordinary DXMT Presenter retained this source",0,0,0,0,0,0,0,0,0,0,0,0
source_candidate_cancelled,1,119,0,0,1,120,0,0,261023649829458,0,0,0,0,0,261023733162791,0,0,0,0,0,0,0,0,"uncommitted reservation returned to ordinary Presenter",0,0,0,0,0,0,0,0,0,0,0,0
layer_owner_draining,1,119,0,0,0,0,0,0,0,0,0,0,0,0,0,0,0,0,0,0,0,0,0,"generation stopped; display worker drains accepted real sources before callbacks stop",0,0,0,0,0,0,0,0,0,0,0,0
generation_submissions_drained,1,119,0,0,0,0,0,0,0,0,0,0,0,0,0,0,0,0,0,0,0,0,0,"no synthetic generation submission remains in flight",0,0,0,0,0,0,0,0,0,0,0,0
presentation_feedback_drained,1,119,0,0,0,0,0,0,0,0,0,0,0,0,0,0,0,0,0,0,0,0,0,"all accepted sources are terminal and drawable/GPU callbacks retired",0,0,0,0,0,0,0,0,0,0,0,0
display_callbacks_stopped,1,119,0,0,0,0,0,0,0,0,0,0,0,0,0,0,0,0,0,0,0,0,0,"display-link invalidated after in-flight delegate callbacks returned",0,0,0,0,0,0,0,0,0,0,0,0
worker_drawables_retired,1,119,0,0,0,0,0,0,0,0,0,0,0,0,0,0,0,0,0,0,0,0,0,"no presentation worker tick retains a callback-owned drawable",0,0,0,0,0,0,0,0,0,0,0,0
synthetic_gpu_work_drained,1,119,0,0,0,0,0,0,0,0,0,0,0,0,0,0,0,0,0,0,0,0,0,"all synthetic Framegen GPU completions retired before resource release",0,0,0,0,0,0,0,0,0,0,0,0
epoch_reset,1,120,0,0,0,0,0,0,0,0,0,0,0,0,0,0,0,0,0,0,0,0,0,"120",0,0,0,0,0,0,0,0,0,0,0,0
layer_owner_released,1,120,0,0,0,0,0,0,0,0,0,0,0,0,0,0,0,0,0,0,0,0,0,"callbacks, worker drawables, DXMT presentation, SourceEscrow, and synthetic GPU work retired",0,0,0,0,0,0,0,0,0,0,0,0
layer_owner_claimed,1,120,0,0,0,0,0,0,0,0,0,0,0,0,0,0,0,0,0,0,0,0,0,"exclusive CAMetalLayer claim acquired before display-link attachment",0,0,0,0,0,0,0,0,0,0,0,0
display_link_attached,1,120,0,0,0,0,0,0,0,0,0,0,0,0,0,0,0,0,0,0,0,0,0,"display link attached after ordinary Presenter drained",0,0,0,0,0,0,0,0,0,0,0,0
display_callbacks_enabled,1,120,0,0,0,0,0,0,0,0,0,0,0,0,0,0,0,0,0,0,0,0,0,"display-link callbacks enabled under exclusive layer claim",0,0,0,0,0,0,0,0,0,0,0,0
session_active,1,120,0,0,0,0,0,0,0,0,0,0,0,0,0,0,0,0,0,0,0,0,0,"display resumed in fresh epoch",0,0,0,0,0,0,0,0,0,0,0,0
source_candidate_reserved,1,120,0,0,1,121,0,0,261023682037416,0,0,0,0,0,261023765370749,0,0,0,0,1,0,0,0,"mandatory SourceEscrow allocated; source-only mode",0,0,0,0,0,0,0,0,0,0,121,0
escrow_setup_failed,1,120,0,0,1,121,0,0,261023682037416,0,0,0,0,0,261023765370749,0,0,0,0,0,0,0,0,"injected pre-commit SourceEscrow copy setup failure",0,0,0,0,0,0,0,0,0,0,121,0
source_state_transition,1,120,0,0,1,121,0,0,261023682037416,0,0,0,0,0,261023765370749,0,0,0,0,0,0,0,0,"escrow_preparing->retired:reservation cancelled before transfer",0,0,0,0,0,0,0,0,0,0,0,0
source_terminal,1,120,0,0,1,121,0,0,261023682037416,0,0,0,0,0,261023765370749,0,0,0,0,0,0,0,0,"ordinary_fallback:ordinary DXMT Presenter retained this source",0,0,0,0,0,0,0,0,0,0,0,0
source_candidate_cancelled,1,120,0,0,1,121,0,0,261023682037416,0,0,0,0,0,261023765370749,0,0,0,0,0,0,0,0,"uncommitted reservation returned to ordinary Presenter",0,0,0,0,0,0,0,0,0,0,0,0
layer_owner_draining,1,120,0,0,0,0,0,0,0,0,0,0,0,0,0,0,0,0,0,0,0,0,0,"generation stopped; display worker drains accepted real sources before callbacks stop",0,0,0,0,0,0,0,0,0,0,0,0
generation_submissions_drained,1,120,0,0,0,0,0,0,0,0,0,0,0,0,0,0,0,0,0,0,0,0,0,"no synthetic generation submission remains in flight",0,0,0,0,0,0,0,0,0,0,0,0
presentation_feedback_drained,1,120,0,0,0,0,0,0,0,0,0,0,0,0,0,0,0,0,0,0,0,0,0,"all accepted sources are terminal and drawable/GPU callbacks retired",0,0,0,0,0,0,0,0,0,0,0,0
display_callbacks_stopped,1,120,0,0,0,0,0,0,0,0,0,0,0,0,0,0,0,0,0,0,0,0,0,"display-link invalidated after in-flight delegate callbacks returned",0,0,0,0,0,0,0,0,0,0,0,0
worker_drawables_retired,1,120,0,0,0,0,0,0,0,0,0,0,0,0,0,0,0,0,0,0,0,0,0,"no presentation worker tick retains a callback-owned drawable",0,0,0,0,0,0,0,0,0,0,0,0
synthetic_gpu_work_drained,1,120,0,0,0,0,0,0,0,0,0,0,0,0,0,0,0,0,0,0,0,0,0,"all synthetic Framegen GPU completions retired before resource release",0,0,0,0,0,0,0,0,0,0,0,0
epoch_reset,1,121,0,0,0,0,0,0,0,0,0,0,0,0,0,0,0,0,0,0,0,0,0,"121",0,0,0,0,0,0,0,0,0,0,0,0
layer_owner_released,1,121,0,0,0,0,0,0,0,0,0,0,0,0,0,0,0,0,0,0,0,0,0,"callbacks, worker drawables, DXMT presentation, SourceEscrow, and synthetic GPU work retired",0,0,0,0,0,0,0,0,0,0,0,0
layer_owner_claimed,1,121,0,0,0,0,0,0,0,0,0,0,0,0,0,0,0,0,0,0,0,0,0,"exclusive CAMetalLayer claim acquired before display-link attachment",0,0,0,0,0,0,0,0,0,0,0,0
display_link_attached,1,121,0,0,0,0,0,0,0,0,0,0,0,0,0,0,0,0,0,0,0,0,0,"display link attached after ordinary Presenter drained",0,0,0,0,0,0,0,0,0,0,0,0
display_callbacks_enabled,1,121,0,0,0,0,0,0,0,0,0,0,0,0,0,0,0,0,0,0,0,0,0,"display-link callbacks enabled under exclusive layer claim",0,0,0,0,0,0,0,0,0,0,0,0
session_active,1,121,0,0,0,0,0,0,0,0,0,0,0,0,0,0,0,0,0,0,0,0,0,"display resumed in fresh epoch",0,0,0,0,0,0,0,0,0,0,0,0
source_candidate_reserved,1,121,0,0,1,122,0,0,261023716328833,0,0,0,0,0,261023799662166,0,0,0,0,1,0,0,0,"mandatory SourceEscrow allocated; source-only mode",0,0,0,0,0,0,0,0,0,0,122,0
escrow_setup_failed,1,121,0,0,1,122,0,0,261023716328833,0,0,0,0,0,261023799662166,0,0,0,0,0,0,0,0,"injected pre-commit SourceEscrow copy setup failure",0,0,0,0,0,0,0,0,0,0,122,0
source_state_transition,1,121,0,0,1,122,0,0,261023716328833,0,0,0,0,0,261023799662166,0,0,0,0,0,0,0,0,"escrow_preparing->retired:reservation cancelled before transfer",0,0,0,0,0,0,0,0,0,0,0,0
source_terminal,1,121,0,0,1,122,0,0,261023716328833,0,0,0,0,0,261023799662166,0,0,0,0,0,0,0,0,"ordinary_fallback:ordinary DXMT Presenter retained this source",0,0,0,0,0,0,0,0,0,0,0,0
source_candidate_cancelled,1,121,0,0,1,122,0,0,261023716328833,0,0,0,0,0,261023799662166,0,0,0,0,0,0,0,0,"uncommitted reservation returned to ordinary Presenter",0,0,0,0,0,0,0,0,0,0,0,0
layer_owner_draining,1,121,0,0,0,0,0,0,0,0,0,0,0,0,0,0,0,0,0,0,0,0,0,"generation stopped; display worker drains accepted real sources before callbacks stop",0,0,0,0,0,0,0,0,0,0,0,0
generation_submissions_drained,1,121,0,0,0,0,0,0,0,0,0,0,0,0,0,0,0,0,0,0,0,0,0,"no synthetic generation submission remains in flight",0,0,0,0,0,0,0,0,0,0,0,0
presentation_feedback_drained,1,121,0,0,0,0,0,0,0,0,0,0,0,0,0,0,0,0,0,0,0,0,0,"all accepted sources are terminal and drawable/GPU callbacks retired",0,0,0,0,0,0,0,0,0,0,0,0
display_callbacks_stopped,1,121,0,0,0,0,0,0,0,0,0,0,0,0,0,0,0,0,0,0,0,0,0,"display-link invalidated after in-flight delegate callbacks returned",0,0,0,0,0,0,0,0,0,0,0,0
worker_drawables_retired,1,121,0,0,0,0,0,0,0,0,0,0,0,0,0,0,0,0,0,0,0,0,0,"no presentation worker tick retains a callback-owned drawable",0,0,0,0,0,0,0,0,0,0,0,0
synthetic_gpu_work_drained,1,121,0,0,0,0,0,0,0,0,0,0,0,0,0,0,0,0,0,0,0,0,0,"all synthetic Framegen GPU completions retired before resource release",0,0,0,0,0,0,0,0,0,0,0,0
epoch_reset,1,122,0,0,0,0,0,0,0,0,0,0,0,0,0,0,0,0,0,0,0,0,0,"122",0,0,0,0,0,0,0,0,0,0,0,0
layer_owner_released,1,122,0,0,0,0,0,0,0,0,0,0,0,0,0,0,0,0,0,0,0,0,0,"callbacks, worker drawables, DXMT presentation, SourceEscrow, and synthetic GPU work retired",0,0,0,0,0,0,0,0,0,0,0,0
layer_owner_claimed,1,122,0,0,0,0,0,0,0,0,0,0,0,0,0,0,0,0,0,0,0,0,0,"exclusive CAMetalLayer claim acquired before display-link attachment",0,0,0,0,0,0,0,0,0,0,0,0
display_link_attached,1,122,0,0,0,0,0,0,0,0,0,0,0,0,0,0,0,0,0,0,0,0,0,"display link attached after ordinary Presenter drained",0,0,0,0,0,0,0,0,0,0,0,0
display_callbacks_enabled,1,122,0,0,0,0,0,0,0,0,0,0,0,0,0,0,0,0,0,0,0,0,0,"display-link callbacks enabled under exclusive layer claim",0,0,0,0,0,0,0,0,0,0,0,0
session_active,1,122,0,0,0,0,0,0,0,0,0,0,0,0,0,0,0,0,0,0,0,0,0,"display resumed in fresh epoch",0,0,0,0,0,0,0,0,0,0,0,0
source_candidate_reserved,1,122,0,0,1,123,0,0,261023748795291,0,0,0,0,0,261023832128624,0,0,0,0,1,0,0,0,"mandatory SourceEscrow allocated; source-only mode",0,0,0,0,0,0,0,0,0,0,123,0
escrow_setup_failed,1,122,0,0,1,123,0,0,261023748795291,0,0,0,0,0,261023832128624,0,0,0,0,0,0,0,0,"injected pre-commit SourceEscrow copy setup failure",0,0,0,0,0,0,0,0,0,0,123,0
source_state_transition,1,122,0,0,1,123,0,0,261023748795291,0,0,0,0,0,261023832128624,0,0,0,0,0,0,0,0,"escrow_preparing->retired:reservation cancelled before transfer",0,0,0,0,0,0,0,0,0,0,0,0
source_terminal,1,122,0,0,1,123,0,0,261023748795291,0,0,0,0,0,261023832128624,0,0,0,0,0,0,0,0,"ordinary_fallback:ordinary DXMT Presenter retained this source",0,0,0,0,0,0,0,0,0,0,0,0
source_candidate_cancelled,1,122,0,0,1,123,0,0,261023748795291,0,0,0,0,0,261023832128624,0,0,0,0,0,0,0,0,"uncommitted reservation returned to ordinary Presenter",0,0,0,0,0,0,0,0,0,0,0,0
layer_owner_draining,1,122,0,0,0,0,0,0,0,0,0,0,0,0,0,0,0,0,0,0,0,0,0,"generation stopped; display worker drains accepted real sources before callbacks stop",0,0,0,0,0,0,0,0,0,0,0,0
generation_submissions_drained,1,122,0,0,0,0,0,0,0,0,0,0,0,0,0,0,0,0,0,0,0,0,0,"no synthetic generation submission remains in flight",0,0,0,0,0,0,0,0,0,0,0,0
presentation_feedback_drained,1,122,0,0,0,0,0,0,0,0,0,0,0,0,0,0,0,0,0,0,0,0,0,"all accepted sources are terminal and drawable/GPU callbacks retired",0,0,0,0,0,0,0,0,0,0,0,0
display_callbacks_stopped,1,122,0,0,0,0,0,0,0,0,0,0,0,0,0,0,0,0,0,0,0,0,0,"display-link invalidated after in-flight delegate callbacks returned",0,0,0,0,0,0,0,0,0,0,0,0
worker_drawables_retired,1,122,0,0,0,0,0,0,0,0,0,0,0,0,0,0,0,0,0,0,0,0,0,"no presentation worker tick retains a callback-owned drawable",0,0,0,0,0,0,0,0,0,0,0,0
synthetic_gpu_work_drained,1,122,0,0,0,0,0,0,0,0,0,0,0,0,0,0,0,0,0,0,0,0,0,"all synthetic Framegen GPU completions retired before resource release",0,0,0,0,0,0,0,0,0,0,0,0
epoch_reset,1,123,0,0,0,0,0,0,0,0,0,0,0,0,0,0,0,0,0,0,0,0,0,"123",0,0,0,0,0,0,0,0,0,0,0,0
layer_owner_released,1,123,0,0,0,0,0,0,0,0,0,0,0,0,0,0,0,0,0,0,0,0,0,"callbacks, worker drawables, DXMT presentation, SourceEscrow, and synthetic GPU work retired",0,0,0,0,0,0,0,0,0,0,0,0
layer_owner_claimed,1,123,0,0,0,0,0,0,0,0,0,0,0,0,0,0,0,0,0,0,0,0,0,"exclusive CAMetalLayer claim acquired before display-link attachment",0,0,0,0,0,0,0,0,0,0,0,0
display_link_attached,1,123,0,0,0,0,0,0,0,0,0,0,0,0,0,0,0,0,0,0,0,0,0,"display link attached after ordinary Presenter drained",0,0,0,0,0,0,0,0,0,0,0,0
display_callbacks_enabled,1,123,0,0,0,0,0,0,0,0,0,0,0,0,0,0,0,0,0,0,0,0,0,"display-link callbacks enabled under exclusive layer claim",0,0,0,0,0,0,0,0,0,0,0,0
session_active,1,123,0,0,0,0,0,0,0,0,0,0,0,0,0,0,0,0,0,0,0,0,0,"display resumed in fresh epoch",0,0,0,0,0,0,0,0,0,0,0,0
source_candidate_reserved,1,123,0,0,1,124,0,0,261023783462375,0,0,0,0,0,261023866795708,0,0,0,0,1,0,0,0,"mandatory SourceEscrow allocated; source-only mode",0,0,0,0,0,0,0,0,0,0,124,0
escrow_setup_failed,1,123,0,0,1,124,0,0,261023783462375,0,0,0,0,0,261023866795708,0,0,0,0,0,0,0,0,"injected pre-commit SourceEscrow copy setup failure",0,0,0,0,0,0,0,0,0,0,124,0
source_state_transition,1,123,0,0,1,124,0,0,261023783462375,0,0,0,0,0,261023866795708,0,0,0,0,0,0,0,0,"escrow_preparing->retired:reservation cancelled before transfer",0,0,0,0,0,0,0,0,0,0,0,0
source_terminal,1,123,0,0,1,124,0,0,261023783462375,0,0,0,0,0,261023866795708,0,0,0,0,0,0,0,0,"ordinary_fallback:ordinary DXMT Presenter retained this source",0,0,0,0,0,0,0,0,0,0,0,0
source_candidate_cancelled,1,123,0,0,1,124,0,0,261023783462375,0,0,0,0,0,261023866795708,0,0,0,0,0,0,0,0,"uncommitted reservation returned to ordinary Presenter",0,0,0,0,0,0,0,0,0,0,0,0
layer_owner_draining,1,123,0,0,0,0,0,0,0,0,0,0,0,0,0,0,0,0,0,0,0,0,0,"generation stopped; display worker drains accepted real sources before callbacks stop",0,0,0,0,0,0,0,0,0,0,0,0
generation_submissions_drained,1,123,0,0,0,0,0,0,0,0,0,0,0,0,0,0,0,0,0,0,0,0,0,"no synthetic generation submission remains in flight",0,0,0,0,0,0,0,0,0,0,0,0
presentation_feedback_drained,1,123,0,0,0,0,0,0,0,0,0,0,0,0,0,0,0,0,0,0,0,0,0,"all accepted sources are terminal and drawable/GPU callbacks retired",0,0,0,0,0,0,0,0,0,0,0,0
display_callbacks_stopped,1,123,0,0,0,0,0,0,0,0,0,0,0,0,0,0,0,0,0,0,0,0,0,"display-link invalidated after in-flight delegate callbacks returned",0,0,0,0,0,0,0,0,0,0,0,0
worker_drawables_retired,1,123,0,0,0,0,0,0,0,0,0,0,0,0,0,0,0,0,0,0,0,0,0,"no presentation worker tick retains a callback-owned drawable",0,0,0,0,0,0,0,0,0,0,0,0
synthetic_gpu_work_drained,1,123,0,0,0,0,0,0,0,0,0,0,0,0,0,0,0,0,0,0,0,0,0,"all synthetic Framegen GPU completions retired before resource release",0,0,0,0,0,0,0,0,0,0,0,0
epoch_reset,1,124,0,0,0,0,0,0,0,0,0,0,0,0,0,0,0,0,0,0,0,0,0,"124",0,0,0,0,0,0,0,0,0,0,0,0
layer_owner_released,1,124,0,0,0,0,0,0,0,0,0,0,0,0,0,0,0,0,0,0,0,0,0,"callbacks, worker drawables, DXMT presentation, SourceEscrow, and synthetic GPU work retired",0,0,0,0,0,0,0,0,0,0,0,0
layer_owner_claimed,1,124,0,0,0,0,0,0,0,0,0,0,0,0,0,0,0,0,0,0,0,0,0,"exclusive CAMetalLayer claim acquired before display-link attachment",0,0,0,0,0,0,0,0,0,0,0,0
display_link_attached,1,124,0,0,0,0,0,0,0,0,0,0,0,0,0,0,0,0,0,0,0,0,0,"display link attached after ordinary Presenter drained",0,0,0,0,0,0,0,0,0,0,0,0
display_callbacks_enabled,1,124,0,0,0,0,0,0,0,0,0,0,0,0,0,0,0,0,0,0,0,0,0,"display-link callbacks enabled under exclusive layer claim",0,0,0,0,0,0,0,0,0,0,0,0
session_active,1,124,0,0,0,0,0,0,0,0,0,0,0,0,0,0,0,0,0,0,0,0,0,"display resumed in fresh epoch",0,0,0,0,0,0,0,0,0,0,0,0
source_candidate_reserved,1,124,0,0,1,125,0,0,261023816503541,0,0,0,0,0,261023899836874,0,0,0,0,1,0,0,0,"mandatory SourceEscrow allocated; source-only mode",0,0,0,0,0,0,0,0,0,0,125,0
escrow_setup_failed,1,124,0,0,1,125,0,0,261023816503541,0,0,0,0,0,261023899836874,0,0,0,0,0,0,0,0,"injected pre-commit SourceEscrow copy setup failure",0,0,0,0,0,0,0,0,0,0,125,0
source_state_transition,1,124,0,0,1,125,0,0,261023816503541,0,0,0,0,0,261023899836874,0,0,0,0,0,0,0,0,"escrow_preparing->retired:reservation cancelled before transfer",0,0,0,0,0,0,0,0,0,0,0,0
source_terminal,1,124,0,0,1,125,0,0,261023816503541,0,0,0,0,0,261023899836874,0,0,0,0,0,0,0,0,"ordinary_fallback:ordinary DXMT Presenter retained this source",0,0,0,0,0,0,0,0,0,0,0,0
source_candidate_cancelled,1,124,0,0,1,125,0,0,261023816503541,0,0,0,0,0,261023899836874,0,0,0,0,0,0,0,0,"uncommitted reservation returned to ordinary Presenter",0,0,0,0,0,0,0,0,0,0,0,0
layer_owner_draining,1,124,0,0,0,0,0,0,0,0,0,0,0,0,0,0,0,0,0,0,0,0,0,"generation stopped; display worker drains accepted real sources before callbacks stop",0,0,0,0,0,0,0,0,0,0,0,0
generation_submissions_drained,1,124,0,0,0,0,0,0,0,0,0,0,0,0,0,0,0,0,0,0,0,0,0,"no synthetic generation submission remains in flight",0,0,0,0,0,0,0,0,0,0,0,0
presentation_feedback_drained,1,124,0,0,0,0,0,0,0,0,0,0,0,0,0,0,0,0,0,0,0,0,0,"all accepted sources are terminal and drawable/GPU callbacks retired",0,0,0,0,0,0,0,0,0,0,0,0
display_callbacks_stopped,1,124,0,0,0,0,0,0,0,0,0,0,0,0,0,0,0,0,0,0,0,0,0,"display-link invalidated after in-flight delegate callbacks returned",0,0,0,0,0,0,0,0,0,0,0,0
worker_drawables_retired,1,124,0,0,0,0,0,0,0,0,0,0,0,0,0,0,0,0,0,0,0,0,0,"no presentation worker tick retains a callback-owned drawable",0,0,0,0,0,0,0,0,0,0,0,0
synthetic_gpu_work_drained,1,124,0,0,0,0,0,0,0,0,0,0,0,0,0,0,0,0,0,0,0,0,0,"all synthetic Framegen GPU completions retired before resource release",0,0,0,0,0,0,0,0,0,0,0,0
epoch_reset,1,125,0,0,0,0,0,0,0,0,0,0,0,0,0,0,0,0,0,0,0,0,0,"125",0,0,0,0,0,0,0,0,0,0,0,0
layer_owner_released,1,125,0,0,0,0,0,0,0,0,0,0,0,0,0,0,0,0,0,0,0,0,0,"callbacks, worker drawables, DXMT presentation, SourceEscrow, and synthetic GPU work retired",0,0,0,0,0,0,0,0,0,0,0,0
layer_owner_claimed,1,125,0,0,0,0,0,0,0,0,0,0,0,0,0,0,0,0,0,0,0,0,0,"exclusive CAMetalLayer claim acquired before display-link attachment",0,0,0,0,0,0,0,0,0,0,0,0
display_link_attached,1,125,0,0,0,0,0,0,0,0,0,0,0,0,0,0,0,0,0,0,0,0,0,"display link attached after ordinary Presenter drained",0,0,0,0,0,0,0,0,0,0,0,0
display_callbacks_enabled,1,125,0,0,0,0,0,0,0,0,0,0,0,0,0,0,0,0,0,0,0,0,0,"display-link callbacks enabled under exclusive layer claim",0,0,0,0,0,0,0,0,0,0,0,0
session_active,1,125,0,0,0,0,0,0,0,0,0,0,0,0,0,0,0,0,0,0,0,0,0,"display resumed in fresh epoch",0,0,0,0,0,0,0,0,0,0,0,0
source_candidate_reserved,1,125,0,0,1,126,0,0,261023849427250,0,0,0,0,0,261023932760583,0,0,0,0,1,0,0,0,"mandatory SourceEscrow allocated; source-only mode",0,0,0,0,0,0,0,0,0,0,126,0
escrow_setup_failed,1,125,0,0,1,126,0,0,261023849427250,0,0,0,0,0,261023932760583,0,0,0,0,0,0,0,0,"injected pre-commit SourceEscrow copy setup failure",0,0,0,0,0,0,0,0,0,0,126,0
source_state_transition,1,125,0,0,1,126,0,0,261023849427250,0,0,0,0,0,261023932760583,0,0,0,0,0,0,0,0,"escrow_preparing->retired:reservation cancelled before transfer",0,0,0,0,0,0,0,0,0,0,0,0
source_terminal,1,125,0,0,1,126,0,0,261023849427250,0,0,0,0,0,261023932760583,0,0,0,0,0,0,0,0,"ordinary_fallback:ordinary DXMT Presenter retained this source",0,0,0,0,0,0,0,0,0,0,0,0
source_candidate_cancelled,1,125,0,0,1,126,0,0,261023849427250,0,0,0,0,0,261023932760583,0,0,0,0,0,0,0,0,"uncommitted reservation returned to ordinary Presenter",0,0,0,0,0,0,0,0,0,0,0,0
layer_owner_draining,1,125,0,0,0,0,0,0,0,0,0,0,0,0,0,0,0,0,0,0,0,0,0,"generation stopped; display worker drains accepted real sources before callbacks stop",0,0,0,0,0,0,0,0,0,0,0,0
generation_submissions_drained,1,125,0,0,0,0,0,0,0,0,0,0,0,0,0,0,0,0,0,0,0,0,0,"no synthetic generation submission remains in flight",0,0,0,0,0,0,0,0,0,0,0,0
presentation_feedback_drained,1,125,0,0,0,0,0,0,0,0,0,0,0,0,0,0,0,0,0,0,0,0,0,"all accepted sources are terminal and drawable/GPU callbacks retired",0,0,0,0,0,0,0,0,0,0,0,0
display_callbacks_stopped,1,125,0,0,0,0,0,0,0,0,0,0,0,0,0,0,0,0,0,0,0,0,0,"display-link invalidated after in-flight delegate callbacks returned",0,0,0,0,0,0,0,0,0,0,0,0
worker_drawables_retired,1,125,0,0,0,0,0,0,0,0,0,0,0,0,0,0,0,0,0,0,0,0,0,"no presentation worker tick retains a callback-owned drawable",0,0,0,0,0,0,0,0,0,0,0,0
synthetic_gpu_work_drained,1,125,0,0,0,0,0,0,0,0,0,0,0,0,0,0,0,0,0,0,0,0,0,"all synthetic Framegen GPU completions retired before resource release",0,0,0,0,0,0,0,0,0,0,0,0
epoch_reset,1,126,0,0,0,0,0,0,0,0,0,0,0,0,0,0,0,0,0,0,0,0,0,"126",0,0,0,0,0,0,0,0,0,0,0,0
layer_owner_released,1,126,0,0,0,0,0,0,0,0,0,0,0,0,0,0,0,0,0,0,0,0,0,"callbacks, worker drawables, DXMT presentation, SourceEscrow, and synthetic GPU work retired",0,0,0,0,0,0,0,0,0,0,0,0
layer_owner_claimed,1,126,0,0,0,0,0,0,0,0,0,0,0,0,0,0,0,0,0,0,0,0,0,"exclusive CAMetalLayer claim acquired before display-link attachment",0,0,0,0,0,0,0,0,0,0,0,0
display_link_attached,1,126,0,0,0,0,0,0,0,0,0,0,0,0,0,0,0,0,0,0,0,0,0,"display link attached after ordinary Presenter drained",0,0,0,0,0,0,0,0,0,0,0,0
display_callbacks_enabled,1,126,0,0,0,0,0,0,0,0,0,0,0,0,0,0,0,0,0,0,0,0,0,"display-link callbacks enabled under exclusive layer claim",0,0,0,0,0,0,0,0,0,0,0,0
session_active,1,126,0,0,0,0,0,0,0,0,0,0,0,0,0,0,0,0,0,0,0,0,0,"display resumed in fresh epoch",0,0,0,0,0,0,0,0,0,0,0,0
source_candidate_reserved,1,126,0,0,1,127,0,0,261023883282958,0,0,0,0,0,261023966616291,0,0,0,0,1,0,0,0,"mandatory SourceEscrow allocated; source-only mode",0,0,0,0,0,0,0,0,0,0,127,0
escrow_setup_failed,1,126,0,0,1,127,0,0,261023883282958,0,0,0,0,0,261023966616291,0,0,0,0,0,0,0,0,"injected pre-commit SourceEscrow copy setup failure",0,0,0,0,0,0,0,0,0,0,127,0
source_state_transition,1,126,0,0,1,127,0,0,261023883282958,0,0,0,0,0,261023966616291,0,0,0,0,0,0,0,0,"escrow_preparing->retired:reservation cancelled before transfer",0,0,0,0,0,0,0,0,0,0,0,0
source_terminal,1,126,0,0,1,127,0,0,261023883282958,0,0,0,0,0,261023966616291,0,0,0,0,0,0,0,0,"ordinary_fallback:ordinary DXMT Presenter retained this source",0,0,0,0,0,0,0,0,0,0,0,0
source_candidate_cancelled,1,126,0,0,1,127,0,0,261023883282958,0,0,0,0,0,261023966616291,0,0,0,0,0,0,0,0,"uncommitted reservation returned to ordinary Presenter",0,0,0,0,0,0,0,0,0,0,0,0
layer_owner_draining,1,126,0,0,0,0,0,0,0,0,0,0,0,0,0,0,0,0,0,0,0,0,0,"generation stopped; display worker drains accepted real sources before callbacks stop",0,0,0,0,0,0,0,0,0,0,0,0
generation_submissions_drained,1,126,0,0,0,0,0,0,0,0,0,0,0,0,0,0,0,0,0,0,0,0,0,"no synthetic generation submission remains in flight",0,0,0,0,0,0,0,0,0,0,0,0
presentation_feedback_drained,1,126,0,0,0,0,0,0,0,0,0,0,0,0,0,0,0,0,0,0,0,0,0,"all accepted sources are terminal and drawable/GPU callbacks retired",0,0,0,0,0,0,0,0,0,0,0,0
display_callbacks_stopped,1,126,0,0,0,0,0,0,0,0,0,0,0,0,0,0,0,0,0,0,0,0,0,"display-link invalidated after in-flight delegate callbacks returned",0,0,0,0,0,0,0,0,0,0,0,0
worker_drawables_retired,1,126,0,0,0,0,0,0,0,0,0,0,0,0,0,0,0,0,0,0,0,0,0,"no presentation worker tick retains a callback-owned drawable",0,0,0,0,0,0,0,0,0,0,0,0
synthetic_gpu_work_drained,1,126,0,0,0,0,0,0,0,0,0,0,0,0,0,0,0,0,0,0,0,0,0,"all synthetic Framegen GPU completions retired before resource release",0,0,0,0,0,0,0,0,0,0,0,0
epoch_reset,1,127,0,0,0,0,0,0,0,0,0,0,0,0,0,0,0,0,0,0,0,0,0,"127",0,0,0,0,0,0,0,0,0,0,0,0
layer_owner_released,1,127,0,0,0,0,0,0,0,0,0,0,0,0,0,0,0,0,0,0,0,0,0,"callbacks, worker drawables, DXMT presentation, SourceEscrow, and synthetic GPU work retired",0,0,0,0,0,0,0,0,0,0,0,0
layer_owner_claimed,1,127,0,0,0,0,0,0,0,0,0,0,0,0,0,0,0,0,0,0,0,0,0,"exclusive CAMetalLayer claim acquired before display-link attachment",0,0,0,0,0,0,0,0,0,0,0,0
display_link_attached,1,127,0,0,0,0,0,0,0,0,0,0,0,0,0,0,0,0,0,0,0,0,0,"display link attached after ordinary Presenter drained",0,0,0,0,0,0,0,0,0,0,0,0
display_callbacks_enabled,1,127,0,0,0,0,0,0,0,0,0,0,0,0,0,0,0,0,0,0,0,0,0,"display-link callbacks enabled under exclusive layer claim",0,0,0,0,0,0,0,0,0,0,0,0
session_active,1,127,0,0,0,0,0,0,0,0,0,0,0,0,0,0,0,0,0,0,0,0,0,"display resumed in fresh epoch",0,0,0,0,0,0,0,0,0,0,0,0
source_candidate_reserved,1,127,0,0,1,128,0,0,261023916944791,0,0,0,0,0,261024000278124,0,0,0,0,1,0,0,0,"mandatory SourceEscrow allocated; source-only mode",0,0,0,0,0,0,0,0,0,0,128,0
escrow_setup_failed,1,127,0,0,1,128,0,0,261023916944791,0,0,0,0,0,261024000278124,0,0,0,0,0,0,0,0,"injected pre-commit SourceEscrow copy setup failure",0,0,0,0,0,0,0,0,0,0,128,0
source_state_transition,1,127,0,0,1,128,0,0,261023916944791,0,0,0,0,0,261024000278124,0,0,0,0,0,0,0,0,"escrow_preparing->retired:reservation cancelled before transfer",0,0,0,0,0,0,0,0,0,0,0,0
source_terminal,1,127,0,0,1,128,0,0,261023916944791,0,0,0,0,0,261024000278124,0,0,0,0,0,0,0,0,"ordinary_fallback:ordinary DXMT Presenter retained this source",0,0,0,0,0,0,0,0,0,0,0,0
source_candidate_cancelled,1,127,0,0,1,128,0,0,261023916944791,0,0,0,0,0,261024000278124,0,0,0,0,0,0,0,0,"uncommitted reservation returned to ordinary Presenter",0,0,0,0,0,0,0,0,0,0,0,0
layer_owner_draining,1,127,0,0,0,0,0,0,0,0,0,0,0,0,0,0,0,0,0,0,0,0,0,"generation stopped; display worker drains accepted real sources before callbacks stop",0,0,0,0,0,0,0,0,0,0,0,0
generation_submissions_drained,1,127,0,0,0,0,0,0,0,0,0,0,0,0,0,0,0,0,0,0,0,0,0,"no synthetic generation submission remains in flight",0,0,0,0,0,0,0,0,0,0,0,0
presentation_feedback_drained,1,127,0,0,0,0,0,0,0,0,0,0,0,0,0,0,0,0,0,0,0,0,0,"all accepted sources are terminal and drawable/GPU callbacks retired",0,0,0,0,0,0,0,0,0,0,0,0
display_callbacks_stopped,1,127,0,0,0,0,0,0,0,0,0,0,0,0,0,0,0,0,0,0,0,0,0,"display-link invalidated after in-flight delegate callbacks returned",0,0,0,0,0,0,0,0,0,0,0,0
worker_drawables_retired,1,127,0,0,0,0,0,0,0,0,0,0,0,0,0,0,0,0,0,0,0,0,0,"no presentation worker tick retains a callback-owned drawable",0,0,0,0,0,0,0,0,0,0,0,0
synthetic_gpu_work_drained,1,127,0,0,0,0,0,0,0,0,0,0,0,0,0,0,0,0,0,0,0,0,0,"all synthetic Framegen GPU completions retired before resource release",0,0,0,0,0,0,0,0,0,0,0,0
epoch_reset,1,128,0,0,0,0,0,0,0,0,0,0,0,0,0,0,0,0,0,0,0,0,0,"128",0,0,0,0,0,0,0,0,0,0,0,0
layer_owner_released,1,128,0,0,0,0,0,0,0,0,0,0,0,0,0,0,0,0,0,0,0,0,0,"callbacks, worker drawables, DXMT presentation, SourceEscrow, and synthetic GPU work retired",0,0,0,0,0,0,0,0,0,0,0,0
layer_owner_claimed,1,128,0,0,0,0,0,0,0,0,0,0,0,0,0,0,0,0,0,0,0,0,0,"exclusive CAMetalLayer claim acquired before display-link attachment",0,0,0,0,0,0,0,0,0,0,0,0
display_link_attached,1,128,0,0,0,0,0,0,0,0,0,0,0,0,0,0,0,0,0,0,0,0,0,"display link attached after ordinary Presenter drained",0,0,0,0,0,0,0,0,0,0,0,0
display_callbacks_enabled,1,128,0,0,0,0,0,0,0,0,0,0,0,0,0,0,0,0,0,0,0,0,0,"display-link callbacks enabled under exclusive layer claim",0,0,0,0,0,0,0,0,0,0,0,0
session_active,1,128,0,0,0,0,0,0,0,0,0,0,0,0,0,0,0,0,0,0,0,0,0,"display resumed in fresh epoch",0,0,0,0,0,0,0,0,0,0,0,0
source_candidate_reserved,1,128,0,0,1,129,0,0,261023949636458,0,0,0,0,0,261024032969791,0,0,0,0,1,0,0,0,"mandatory SourceEscrow allocated; source-only mode",0,0,0,0,0,0,0,0,0,0,129,0
escrow_setup_failed,1,128,0,0,1,129,0,0,261023949636458,0,0,0,0,0,261024032969791,0,0,0,0,0,0,0,0,"injected pre-commit SourceEscrow copy setup failure",0,0,0,0,0,0,0,0,0,0,129,0
source_state_transition,1,128,0,0,1,129,0,0,261023949636458,0,0,0,0,0,261024032969791,0,0,0,0,0,0,0,0,"escrow_preparing->retired:reservation cancelled before transfer",0,0,0,0,0,0,0,0,0,0,0,0
source_terminal,1,128,0,0,1,129,0,0,261023949636458,0,0,0,0,0,261024032969791,0,0,0,0,0,0,0,0,"ordinary_fallback:ordinary DXMT Presenter retained this source",0,0,0,0,0,0,0,0,0,0,0,0
source_candidate_cancelled,1,128,0,0,1,129,0,0,261023949636458,0,0,0,0,0,261024032969791,0,0,0,0,0,0,0,0,"uncommitted reservation returned to ordinary Presenter",0,0,0,0,0,0,0,0,0,0,0,0
layer_owner_draining,1,128,0,0,0,0,0,0,0,0,0,0,0,0,0,0,0,0,0,0,0,0,0,"generation stopped; display worker drains accepted real sources before callbacks stop",0,0,0,0,0,0,0,0,0,0,0,0
generation_submissions_drained,1,128,0,0,0,0,0,0,0,0,0,0,0,0,0,0,0,0,0,0,0,0,0,"no synthetic generation submission remains in flight",0,0,0,0,0,0,0,0,0,0,0,0
presentation_feedback_drained,1,128,0,0,0,0,0,0,0,0,0,0,0,0,0,0,0,0,0,0,0,0,0,"all accepted sources are terminal and drawable/GPU callbacks retired",0,0,0,0,0,0,0,0,0,0,0,0
display_callbacks_stopped,1,128,0,0,0,0,0,0,0,0,0,0,0,0,0,0,0,0,0,0,0,0,0,"display-link invalidated after in-flight delegate callbacks returned",0,0,0,0,0,0,0,0,0,0,0,0
worker_drawables_retired,1,128,0,0,0,0,0,0,0,0,0,0,0,0,0,0,0,0,0,0,0,0,0,"no presentation worker tick retains a callback-owned drawable",0,0,0,0,0,0,0,0,0,0,0,0
synthetic_gpu_work_drained,1,128,0,0,0,0,0,0,0,0,0,0,0,0,0,0,0,0,0,0,0,0,0,"all synthetic Framegen GPU completions retired before resource release",0,0,0,0,0,0,0,0,0,0,0,0
epoch_reset,1,129,0,0,0,0,0,0,0,0,0,0,0,0,0,0,0,0,0,0,0,0,0,"129",0,0,0,0,0,0,0,0,0,0,0,0
layer_owner_released,1,129,0,0,0,0,0,0,0,0,0,0,0,0,0,0,0,0,0,0,0,0,0,"callbacks, worker drawables, DXMT presentation, SourceEscrow, and synthetic GPU work retired",0,0,0,0,0,0,0,0,0,0,0,0
layer_owner_claimed,1,129,0,0,0,0,0,0,0,0,0,0,0,0,0,0,0,0,0,0,0,0,0,"exclusive CAMetalLayer claim acquired before display-link attachment",0,0,0,0,0,0,0,0,0,0,0,0
display_link_attached,1,129,0,0,0,0,0,0,0,0,0,0,0,0,0,0,0,0,0,0,0,0,0,"display link attached after ordinary Presenter drained",0,0,0,0,0,0,0,0,0,0,0,0
display_callbacks_enabled,1,129,0,0,0,0,0,0,0,0,0,0,0,0,0,0,0,0,0,0,0,0,0,"display-link callbacks enabled under exclusive layer claim",0,0,0,0,0,0,0,0,0,0,0,0
session_active,1,129,0,0,0,0,0,0,0,0,0,0,0,0,0,0,0,0,0,0,0,0,0,"display resumed in fresh epoch",0,0,0,0,0,0,0,0,0,0,0,0
source_candidate_reserved,1,129,0,0,1,130,0,0,261023982950875,0,0,0,0,0,261024066284208,0,0,0,0,1,0,0,0,"mandatory SourceEscrow allocated; source-only mode",0,0,0,0,0,0,0,0,0,0,130,0
escrow_setup_failed,1,129,0,0,1,130,0,0,261023982950875,0,0,0,0,0,261024066284208,0,0,0,0,0,0,0,0,"injected pre-commit SourceEscrow copy setup failure",0,0,0,0,0,0,0,0,0,0,130,0
source_state_transition,1,129,0,0,1,130,0,0,261023982950875,0,0,0,0,0,261024066284208,0,0,0,0,0,0,0,0,"escrow_preparing->retired:reservation cancelled before transfer",0,0,0,0,0,0,0,0,0,0,0,0
source_terminal,1,129,0,0,1,130,0,0,261023982950875,0,0,0,0,0,261024066284208,0,0,0,0,0,0,0,0,"ordinary_fallback:ordinary DXMT Presenter retained this source",0,0,0,0,0,0,0,0,0,0,0,0
source_candidate_cancelled,1,129,0,0,1,130,0,0,261023982950875,0,0,0,0,0,261024066284208,0,0,0,0,0,0,0,0,"uncommitted reservation returned to ordinary Presenter",0,0,0,0,0,0,0,0,0,0,0,0
layer_owner_draining,1,129,0,0,0,0,0,0,0,0,0,0,0,0,0,0,0,0,0,0,0,0,0,"generation stopped; display worker drains accepted real sources before callbacks stop",0,0,0,0,0,0,0,0,0,0,0,0
generation_submissions_drained,1,129,0,0,0,0,0,0,0,0,0,0,0,0,0,0,0,0,0,0,0,0,0,"no synthetic generation submission remains in flight",0,0,0,0,0,0,0,0,0,0,0,0
presentation_feedback_drained,1,129,0,0,0,0,0,0,0,0,0,0,0,0,0,0,0,0,0,0,0,0,0,"all accepted sources are terminal and drawable/GPU callbacks retired",0,0,0,0,0,0,0,0,0,0,0,0
display_callbacks_stopped,1,129,0,0,0,0,0,0,0,0,0,0,0,0,0,0,0,0,0,0,0,0,0,"display-link invalidated after in-flight delegate callbacks returned",0,0,0,0,0,0,0,0,0,0,0,0
worker_drawables_retired,1,129,0,0,0,0,0,0,0,0,0,0,0,0,0,0,0,0,0,0,0,0,0,"no presentation worker tick retains a callback-owned drawable",0,0,0,0,0,0,0,0,0,0,0,0
synthetic_gpu_work_drained,1,129,0,0,0,0,0,0,0,0,0,0,0,0,0,0,0,0,0,0,0,0,0,"all synthetic Framegen GPU completions retired before resource release",0,0,0,0,0,0,0,0,0,0,0,0
epoch_reset,1,130,0,0,0,0,0,0,0,0,0,0,0,0,0,0,0,0,0,0,0,0,0,"130",0,0,0,0,0,0,0,0,0,0,0,0
layer_owner_released,1,130,0,0,0,0,0,0,0,0,0,0,0,0,0,0,0,0,0,0,0,0,0,"callbacks, worker drawables, DXMT presentation, SourceEscrow, and synthetic GPU work retired",0,0,0,0,0,0,0,0,0,0,0,0
layer_owner_claimed,1,130,0,0,0,0,0,0,0,0,0,0,0,0,0,0,0,0,0,0,0,0,0,"exclusive CAMetalLayer claim acquired before display-link attachment",0,0,0,0,0,0,0,0,0,0,0,0
display_link_attached,1,130,0,0,0,0,0,0,0,0,0,0,0,0,0,0,0,0,0,0,0,0,0,"display link attached after ordinary Presenter drained",0,0,0,0,0,0,0,0,0,0,0,0
display_callbacks_enabled,1,130,0,0,0,0,0,0,0,0,0,0,0,0,0,0,0,0,0,0,0,0,0,"display-link callbacks enabled under exclusive layer claim",0,0,0,0,0,0,0,0,0,0,0,0
session_active,1,130,0,0,0,0,0,0,0,0,0,0,0,0,0,0,0,0,0,0,0,0,0,"display resumed in fresh epoch",0,0,0,0,0,0,0,0,0,0,0,0
source_candidate_reserved,1,130,0,0,1,131,0,0,261024017222833,0,0,0,0,0,261024100556166,0,0,0,0,1,0,0,0,"mandatory SourceEscrow allocated; source-only mode",0,0,0,0,0,0,0,0,0,0,131,0
escrow_setup_failed,1,130,0,0,1,131,0,0,261024017222833,0,0,0,0,0,261024100556166,0,0,0,0,0,0,0,0,"injected pre-commit SourceEscrow copy setup failure",0,0,0,0,0,0,0,0,0,0,131,0
source_state_transition,1,130,0,0,1,131,0,0,261024017222833,0,0,0,0,0,261024100556166,0,0,0,0,0,0,0,0,"escrow_preparing->retired:reservation cancelled before transfer",0,0,0,0,0,0,0,0,0,0,0,0
source_terminal,1,130,0,0,1,131,0,0,261024017222833,0,0,0,0,0,261024100556166,0,0,0,0,0,0,0,0,"ordinary_fallback:ordinary DXMT Presenter retained this source",0,0,0,0,0,0,0,0,0,0,0,0
source_candidate_cancelled,1,130,0,0,1,131,0,0,261024017222833,0,0,0,0,0,261024100556166,0,0,0,0,0,0,0,0,"uncommitted reservation returned to ordinary Presenter",0,0,0,0,0,0,0,0,0,0,0,0
layer_owner_draining,1,130,0,0,0,0,0,0,0,0,0,0,0,0,0,0,0,0,0,0,0,0,0,"generation stopped; display worker drains accepted real sources before callbacks stop",0,0,0,0,0,0,0,0,0,0,0,0
generation_submissions_drained,1,130,0,0,0,0,0,0,0,0,0,0,0,0,0,0,0,0,0,0,0,0,0,"no synthetic generation submission remains in flight",0,0,0,0,0,0,0,0,0,0,0,0
presentation_feedback_drained,1,130,0,0,0,0,0,0,0,0,0,0,0,0,0,0,0,0,0,0,0,0,0,"all accepted sources are terminal and drawable/GPU callbacks retired",0,0,0,0,0,0,0,0,0,0,0,0
display_callbacks_stopped,1,130,0,0,0,0,0,0,0,0,0,0,0,0,0,0,0,0,0,0,0,0,0,"display-link invalidated after in-flight delegate callbacks returned",0,0,0,0,0,0,0,0,0,0,0,0
worker_drawables_retired,1,130,0,0,0,0,0,0,0,0,0,0,0,0,0,0,0,0,0,0,0,0,0,"no presentation worker tick retains a callback-owned drawable",0,0,0,0,0,0,0,0,0,0,0,0
synthetic_gpu_work_drained,1,130,0,0,0,0,0,0,0,0,0,0,0,0,0,0,0,0,0,0,0,0,0,"all synthetic Framegen GPU completions retired before resource release",0,0,0,0,0,0,0,0,0,0,0,0
epoch_reset,1,131,0,0,0,0,0,0,0,0,0,0,0,0,0,0,0,0,0,0,0,0,0,"131",0,0,0,0,0,0,0,0,0,0,0,0
layer_owner_released,1,131,0,0,0,0,0,0,0,0,0,0,0,0,0,0,0,0,0,0,0,0,0,"callbacks, worker drawables, DXMT presentation, SourceEscrow, and synthetic GPU work retired",0,0,0,0,0,0,0,0,0,0,0,0
layer_owner_claimed,1,131,0,0,0,0,0,0,0,0,0,0,0,0,0,0,0,0,0,0,0,0,0,"exclusive CAMetalLayer claim acquired before display-link attachment",0,0,0,0,0,0,0,0,0,0,0,0
display_link_attached,1,131,0,0,0,0,0,0,0,0,0,0,0,0,0,0,0,0,0,0,0,0,0,"display link attached after ordinary Presenter drained",0,0,0,0,0,0,0,0,0,0,0,0
display_callbacks_enabled,1,131,0,0,0,0,0,0,0,0,0,0,0,0,0,0,0,0,0,0,0,0,0,"display-link callbacks enabled under exclusive layer claim",0,0,0,0,0,0,0,0,0,0,0,0
session_active,1,131,0,0,0,0,0,0,0,0,0,0,0,0,0,0,0,0,0,0,0,0,0,"display resumed in fresh epoch",0,0,0,0,0,0,0,0,0,0,0,0
source_candidate_reserved,1,131,0,0,1,132,0,0,261024049434416,0,0,0,0,0,261024132767749,0,0,0,0,1,0,0,0,"mandatory SourceEscrow allocated; source-only mode",0,0,0,0,0,0,0,0,0,0,132,0
escrow_setup_failed,1,131,0,0,1,132,0,0,261024049434416,0,0,0,0,0,261024132767749,0,0,0,0,0,0,0,0,"injected pre-commit SourceEscrow copy setup failure",0,0,0,0,0,0,0,0,0,0,132,0
source_state_transition,1,131,0,0,1,132,0,0,261024049434416,0,0,0,0,0,261024132767749,0,0,0,0,0,0,0,0,"escrow_preparing->retired:reservation cancelled before transfer",0,0,0,0,0,0,0,0,0,0,0,0
source_terminal,1,131,0,0,1,132,0,0,261024049434416,0,0,0,0,0,261024132767749,0,0,0,0,0,0,0,0,"ordinary_fallback:ordinary DXMT Presenter retained this source",0,0,0,0,0,0,0,0,0,0,0,0
source_candidate_cancelled,1,131,0,0,1,132,0,0,261024049434416,0,0,0,0,0,261024132767749,0,0,0,0,0,0,0,0,"uncommitted reservation returned to ordinary Presenter",0,0,0,0,0,0,0,0,0,0,0,0
layer_owner_draining,1,131,0,0,0,0,0,0,0,0,0,0,0,0,0,0,0,0,0,0,0,0,0,"generation stopped; display worker drains accepted real sources before callbacks stop",0,0,0,0,0,0,0,0,0,0,0,0
generation_submissions_drained,1,131,0,0,0,0,0,0,0,0,0,0,0,0,0,0,0,0,0,0,0,0,0,"no synthetic generation submission remains in flight",0,0,0,0,0,0,0,0,0,0,0,0
presentation_feedback_drained,1,131,0,0,0,0,0,0,0,0,0,0,0,0,0,0,0,0,0,0,0,0,0,"all accepted sources are terminal and drawable/GPU callbacks retired",0,0,0,0,0,0,0,0,0,0,0,0
display_callbacks_stopped,1,131,0,0,0,0,0,0,0,0,0,0,0,0,0,0,0,0,0,0,0,0,0,"display-link invalidated after in-flight delegate callbacks returned",0,0,0,0,0,0,0,0,0,0,0,0
worker_drawables_retired,1,131,0,0,0,0,0,0,0,0,0,0,0,0,0,0,0,0,0,0,0,0,0,"no presentation worker tick retains a callback-owned drawable",0,0,0,0,0,0,0,0,0,0,0,0
synthetic_gpu_work_drained,1,131,0,0,0,0,0,0,0,0,0,0,0,0,0,0,0,0,0,0,0,0,0,"all synthetic Framegen GPU completions retired before resource release",0,0,0,0,0,0,0,0,0,0,0,0
epoch_reset,1,132,0,0,0,0,0,0,0,0,0,0,0,0,0,0,0,0,0,0,0,0,0,"132",0,0,0,0,0,0,0,0,0,0,0,0
layer_owner_released,1,132,0,0,0,0,0,0,0,0,0,0,0,0,0,0,0,0,0,0,0,0,0,"callbacks, worker drawables, DXMT presentation, SourceEscrow, and synthetic GPU work retired",0,0,0,0,0,0,0,0,0,0,0,0
layer_owner_claimed,1,132,0,0,0,0,0,0,0,0,0,0,0,0,0,0,0,0,0,0,0,0,0,"exclusive CAMetalLayer claim acquired before display-link attachment",0,0,0,0,0,0,0,0,0,0,0,0
display_link_attached,1,132,0,0,0,0,0,0,0,0,0,0,0,0,0,0,0,0,0,0,0,0,0,"display link attached after ordinary Presenter drained",0,0,0,0,0,0,0,0,0,0,0,0
display_callbacks_enabled,1,132,0,0,0,0,0,0,0,0,0,0,0,0,0,0,0,0,0,0,0,0,0,"display-link callbacks enabled under exclusive layer claim",0,0,0,0,0,0,0,0,0,0,0,0
session_active,1,132,0,0,0,0,0,0,0,0,0,0,0,0,0,0,0,0,0,0,0,0,0,"display resumed in fresh epoch",0,0,0,0,0,0,0,0,0,0,0,0
source_candidate_reserved,1,132,0,0,1,133,0,0,261024082859250,0,0,0,0,0,261024166192583,0,0,0,0,1,0,0,0,"mandatory SourceEscrow allocated; source-only mode",0,0,0,0,0,0,0,0,0,0,133,0
escrow_setup_failed,1,132,0,0,1,133,0,0,261024082859250,0,0,0,0,0,261024166192583,0,0,0,0,0,0,0,0,"injected pre-commit SourceEscrow copy setup failure",0,0,0,0,0,0,0,0,0,0,133,0
source_state_transition,1,132,0,0,1,133,0,0,261024082859250,0,0,0,0,0,261024166192583,0,0,0,0,0,0,0,0,"escrow_preparing->retired:reservation cancelled before transfer",0,0,0,0,0,0,0,0,0,0,0,0
source_terminal,1,132,0,0,1,133,0,0,261024082859250,0,0,0,0,0,261024166192583,0,0,0,0,0,0,0,0,"ordinary_fallback:ordinary DXMT Presenter retained this source",0,0,0,0,0,0,0,0,0,0,0,0
source_candidate_cancelled,1,132,0,0,1,133,0,0,261024082859250,0,0,0,0,0,261024166192583,0,0,0,0,0,0,0,0,"uncommitted reservation returned to ordinary Presenter",0,0,0,0,0,0,0,0,0,0,0,0
layer_owner_draining,1,132,0,0,0,0,0,0,0,0,0,0,0,0,0,0,0,0,0,0,0,0,0,"generation stopped; display worker drains accepted real sources before callbacks stop",0,0,0,0,0,0,0,0,0,0,0,0
generation_submissions_drained,1,132,0,0,0,0,0,0,0,0,0,0,0,0,0,0,0,0,0,0,0,0,0,"no synthetic generation submission remains in flight",0,0,0,0,0,0,0,0,0,0,0,0
presentation_feedback_drained,1,132,0,0,0,0,0,0,0,0,0,0,0,0,0,0,0,0,0,0,0,0,0,"all accepted sources are terminal and drawable/GPU callbacks retired",0,0,0,0,0,0,0,0,0,0,0,0
display_callbacks_stopped,1,132,0,0,0,0,0,0,0,0,0,0,0,0,0,0,0,0,0,0,0,0,0,"display-link invalidated after in-flight delegate callbacks returned",0,0,0,0,0,0,0,0,0,0,0,0
worker_drawables_retired,1,132,0,0,0,0,0,0,0,0,0,0,0,0,0,0,0,0,0,0,0,0,0,"no presentation worker tick retains a callback-owned drawable",0,0,0,0,0,0,0,0,0,0,0,0
synthetic_gpu_work_drained,1,132,0,0,0,0,0,0,0,0,0,0,0,0,0,0,0,0,0,0,0,0,0,"all synthetic Framegen GPU completions retired before resource release",0,0,0,0,0,0,0,0,0,0,0,0
epoch_reset,1,133,0,0,0,0,0,0,0,0,0,0,0,0,0,0,0,0,0,0,0,0,0,"133",0,0,0,0,0,0,0,0,0,0,0,0
layer_owner_released,1,133,0,0,0,0,0,0,0,0,0,0,0,0,0,0,0,0,0,0,0,0,0,"callbacks, worker drawables, DXMT presentation, SourceEscrow, and synthetic GPU work retired",0,0,0,0,0,0,0,0,0,0,0,0
layer_owner_claimed,1,133,0,0,0,0,0,0,0,0,0,0,0,0,0,0,0,0,0,0,0,0,0,"exclusive CAMetalLayer claim acquired before display-link attachment",0,0,0,0,0,0,0,0,0,0,0,0
display_link_attached,1,133,0,0,0,0,0,0,0,0,0,0,0,0,0,0,0,0,0,0,0,0,0,"display link attached after ordinary Presenter drained",0,0,0,0,0,0,0,0,0,0,0,0
display_callbacks_enabled,1,133,0,0,0,0,0,0,0,0,0,0,0,0,0,0,0,0,0,0,0,0,0,"display-link callbacks enabled under exclusive layer claim",0,0,0,0,0,0,0,0,0,0,0,0
session_active,1,133,0,0,0,0,0,0,0,0,0,0,0,0,0,0,0,0,0,0,0,0,0,"display resumed in fresh epoch",0,0,0,0,0,0,0,0,0,0,0,0
source_candidate_reserved,1,133,0,0,1,134,0,0,261024116165916,0,0,0,0,0,261024199499249,0,0,0,0,1,0,0,0,"mandatory SourceEscrow allocated; source-only mode",0,0,0,0,0,0,0,0,0,0,134,0
escrow_setup_failed,1,133,0,0,1,134,0,0,261024116165916,0,0,0,0,0,261024199499249,0,0,0,0,0,0,0,0,"injected pre-commit SourceEscrow copy setup failure",0,0,0,0,0,0,0,0,0,0,134,0
source_state_transition,1,133,0,0,1,134,0,0,261024116165916,0,0,0,0,0,261024199499249,0,0,0,0,0,0,0,0,"escrow_preparing->retired:reservation cancelled before transfer",0,0,0,0,0,0,0,0,0,0,0,0
source_terminal,1,133,0,0,1,134,0,0,261024116165916,0,0,0,0,0,261024199499249,0,0,0,0,0,0,0,0,"ordinary_fallback:ordinary DXMT Presenter retained this source",0,0,0,0,0,0,0,0,0,0,0,0
source_candidate_cancelled,1,133,0,0,1,134,0,0,261024116165916,0,0,0,0,0,261024199499249,0,0,0,0,0,0,0,0,"uncommitted reservation returned to ordinary Presenter",0,0,0,0,0,0,0,0,0,0,0,0
layer_owner_draining,1,133,0,0,0,0,0,0,0,0,0,0,0,0,0,0,0,0,0,0,0,0,0,"generation stopped; display worker drains accepted real sources before callbacks stop",0,0,0,0,0,0,0,0,0,0,0,0
generation_submissions_drained,1,133,0,0,0,0,0,0,0,0,0,0,0,0,0,0,0,0,0,0,0,0,0,"no synthetic generation submission remains in flight",0,0,0,0,0,0,0,0,0,0,0,0
presentation_feedback_drained,1,133,0,0,0,0,0,0,0,0,0,0,0,0,0,0,0,0,0,0,0,0,0,"all accepted sources are terminal and drawable/GPU callbacks retired",0,0,0,0,0,0,0,0,0,0,0,0
display_callbacks_stopped,1,133,0,0,0,0,0,0,0,0,0,0,0,0,0,0,0,0,0,0,0,0,0,"display-link invalidated after in-flight delegate callbacks returned",0,0,0,0,0,0,0,0,0,0,0,0
worker_drawables_retired,1,133,0,0,0,0,0,0,0,0,0,0,0,0,0,0,0,0,0,0,0,0,0,"no presentation worker tick retains a callback-owned drawable",0,0,0,0,0,0,0,0,0,0,0,0
synthetic_gpu_work_drained,1,133,0,0,0,0,0,0,0,0,0,0,0,0,0,0,0,0,0,0,0,0,0,"all synthetic Framegen GPU completions retired before resource release",0,0,0,0,0,0,0,0,0,0,0,0
epoch_reset,1,134,0,0,0,0,0,0,0,0,0,0,0,0,0,0,0,0,0,0,0,0,0,"134",0,0,0,0,0,0,0,0,0,0,0,0
layer_owner_released,1,134,0,0,0,0,0,0,0,0,0,0,0,0,0,0,0,0,0,0,0,0,0,"callbacks, worker drawables, DXMT presentation, SourceEscrow, and synthetic GPU work retired",0,0,0,0,0,0,0,0,0,0,0,0
layer_owner_claimed,1,134,0,0,0,0,0,0,0,0,0,0,0,0,0,0,0,0,0,0,0,0,0,"exclusive CAMetalLayer claim acquired before display-link attachment",0,0,0,0,0,0,0,0,0,0,0,0
display_link_attached,1,134,0,0,0,0,0,0,0,0,0,0,0,0,0,0,0,0,0,0,0,0,0,"display link attached after ordinary Presenter drained",0,0,0,0,0,0,0,0,0,0,0,0
display_callbacks_enabled,1,134,0,0,0,0,0,0,0,0,0,0,0,0,0,0,0,0,0,0,0,0,0,"display-link callbacks enabled under exclusive layer claim",0,0,0,0,0,0,0,0,0,0,0,0
session_active,1,134,0,0,0,0,0,0,0,0,0,0,0,0,0,0,0,0,0,0,0,0,0,"display resumed in fresh epoch",0,0,0,0,0,0,0,0,0,0,0,0
source_candidate_reserved,1,134,0,0,1,135,0,0,261024149131250,0,0,0,0,0,261024232464583,0,0,0,0,1,0,0,0,"mandatory SourceEscrow allocated; source-only mode",0,0,0,0,0,0,0,0,0,0,135,0
escrow_setup_failed,1,134,0,0,1,135,0,0,261024149131250,0,0,0,0,0,261024232464583,0,0,0,0,0,0,0,0,"injected pre-commit SourceEscrow copy setup failure",0,0,0,0,0,0,0,0,0,0,135,0
source_state_transition,1,134,0,0,1,135,0,0,261024149131250,0,0,0,0,0,261024232464583,0,0,0,0,0,0,0,0,"escrow_preparing->retired:reservation cancelled before transfer",0,0,0,0,0,0,0,0,0,0,0,0
source_terminal,1,134,0,0,1,135,0,0,261024149131250,0,0,0,0,0,261024232464583,0,0,0,0,0,0,0,0,"ordinary_fallback:ordinary DXMT Presenter retained this source",0,0,0,0,0,0,0,0,0,0,0,0
source_candidate_cancelled,1,134,0,0,1,135,0,0,261024149131250,0,0,0,0,0,261024232464583,0,0,0,0,0,0,0,0,"uncommitted reservation returned to ordinary Presenter",0,0,0,0,0,0,0,0,0,0,0,0
layer_owner_draining,1,134,0,0,0,0,0,0,0,0,0,0,0,0,0,0,0,0,0,0,0,0,0,"generation stopped; display worker drains accepted real sources before callbacks stop",0,0,0,0,0,0,0,0,0,0,0,0
generation_submissions_drained,1,134,0,0,0,0,0,0,0,0,0,0,0,0,0,0,0,0,0,0,0,0,0,"no synthetic generation submission remains in flight",0,0,0,0,0,0,0,0,0,0,0,0
presentation_feedback_drained,1,134,0,0,0,0,0,0,0,0,0,0,0,0,0,0,0,0,0,0,0,0,0,"all accepted sources are terminal and drawable/GPU callbacks retired",0,0,0,0,0,0,0,0,0,0,0,0
display_callbacks_stopped,1,134,0,0,0,0,0,0,0,0,0,0,0,0,0,0,0,0,0,0,0,0,0,"display-link invalidated after in-flight delegate callbacks returned",0,0,0,0,0,0,0,0,0,0,0,0
worker_drawables_retired,1,134,0,0,0,0,0,0,0,0,0,0,0,0,0,0,0,0,0,0,0,0,0,"no presentation worker tick retains a callback-owned drawable",0,0,0,0,0,0,0,0,0,0,0,0
synthetic_gpu_work_drained,1,134,0,0,0,0,0,0,0,0,0,0,0,0,0,0,0,0,0,0,0,0,0,"all synthetic Framegen GPU completions retired before resource release",0,0,0,0,0,0,0,0,0,0,0,0
epoch_reset,1,135,0,0,0,0,0,0,0,0,0,0,0,0,0,0,0,0,0,0,0,0,0,"135",0,0,0,0,0,0,0,0,0,0,0,0
layer_owner_released,1,135,0,0,0,0,0,0,0,0,0,0,0,0,0,0,0,0,0,0,0,0,0,"callbacks, worker drawables, DXMT presentation, SourceEscrow, and synthetic GPU work retired",0,0,0,0,0,0,0,0,0,0,0,0
layer_owner_claimed,1,135,0,0,0,0,0,0,0,0,0,0,0,0,0,0,0,0,0,0,0,0,0,"exclusive CAMetalLayer claim acquired before display-link attachment",0,0,0,0,0,0,0,0,0,0,0,0
display_link_attached,1,135,0,0,0,0,0,0,0,0,0,0,0,0,0,0,0,0,0,0,0,0,0,"display link attached after ordinary Presenter drained",0,0,0,0,0,0,0,0,0,0,0,0
display_callbacks_enabled,1,135,0,0,0,0,0,0,0,0,0,0,0,0,0,0,0,0,0,0,0,0,0,"display-link callbacks enabled under exclusive layer claim",0,0,0,0,0,0,0,0,0,0,0,0
session_active,1,135,0,0,0,0,0,0,0,0,0,0,0,0,0,0,0,0,0,0,0,0,0,"display resumed in fresh epoch",0,0,0,0,0,0,0,0,0,0,0,0
source_candidate_reserved,1,135,0,0,1,136,0,0,261024183524041,0,0,0,0,0,261024266857374,0,0,0,0,1,0,0,0,"mandatory SourceEscrow allocated; source-only mode",0,0,0,0,0,0,0,0,0,0,136,0
escrow_setup_failed,1,135,0,0,1,136,0,0,261024183524041,0,0,0,0,0,261024266857374,0,0,0,0,0,0,0,0,"injected pre-commit SourceEscrow copy setup failure",0,0,0,0,0,0,0,0,0,0,136,0
source_state_transition,1,135,0,0,1,136,0,0,261024183524041,0,0,0,0,0,261024266857374,0,0,0,0,0,0,0,0,"escrow_preparing->retired:reservation cancelled before transfer",0,0,0,0,0,0,0,0,0,0,0,0
source_terminal,1,135,0,0,1,136,0,0,261024183524041,0,0,0,0,0,261024266857374,0,0,0,0,0,0,0,0,"ordinary_fallback:ordinary DXMT Presenter retained this source",0,0,0,0,0,0,0,0,0,0,0,0
source_candidate_cancelled,1,135,0,0,1,136,0,0,261024183524041,0,0,0,0,0,261024266857374,0,0,0,0,0,0,0,0,"uncommitted reservation returned to ordinary Presenter",0,0,0,0,0,0,0,0,0,0,0,0
layer_owner_draining,1,135,0,0,0,0,0,0,0,0,0,0,0,0,0,0,0,0,0,0,0,0,0,"generation stopped; display worker drains accepted real sources before callbacks stop",0,0,0,0,0,0,0,0,0,0,0,0
generation_submissions_drained,1,135,0,0,0,0,0,0,0,0,0,0,0,0,0,0,0,0,0,0,0,0,0,"no synthetic generation submission remains in flight",0,0,0,0,0,0,0,0,0,0,0,0
presentation_feedback_drained,1,135,0,0,0,0,0,0,0,0,0,0,0,0,0,0,0,0,0,0,0,0,0,"all accepted sources are terminal and drawable/GPU callbacks retired",0,0,0,0,0,0,0,0,0,0,0,0
display_callbacks_stopped,1,135,0,0,0,0,0,0,0,0,0,0,0,0,0,0,0,0,0,0,0,0,0,"display-link invalidated after in-flight delegate callbacks returned",0,0,0,0,0,0,0,0,0,0,0,0
worker_drawables_retired,1,135,0,0,0,0,0,0,0,0,0,0,0,0,0,0,0,0,0,0,0,0,0,"no presentation worker tick retains a callback-owned drawable",0,0,0,0,0,0,0,0,0,0,0,0
synthetic_gpu_work_drained,1,135,0,0,0,0,0,0,0,0,0,0,0,0,0,0,0,0,0,0,0,0,0,"all synthetic Framegen GPU completions retired before resource release",0,0,0,0,0,0,0,0,0,0,0,0
epoch_reset,1,136,0,0,0,0,0,0,0,0,0,0,0,0,0,0,0,0,0,0,0,0,0,"136",0,0,0,0,0,0,0,0,0,0,0,0
layer_owner_released,1,136,0,0,0,0,0,0,0,0,0,0,0,0,0,0,0,0,0,0,0,0,0,"callbacks, worker drawables, DXMT presentation, SourceEscrow, and synthetic GPU work retired",0,0,0,0,0,0,0,0,0,0,0,0
layer_owner_claimed,1,136,0,0,0,0,0,0,0,0,0,0,0,0,0,0,0,0,0,0,0,0,0,"exclusive CAMetalLayer claim acquired before display-link attachment",0,0,0,0,0,0,0,0,0,0,0,0
display_link_attached,1,136,0,0,0,0,0,0,0,0,0,0,0,0,0,0,0,0,0,0,0,0,0,"display link attached after ordinary Presenter drained",0,0,0,0,0,0,0,0,0,0,0,0
display_callbacks_enabled,1,136,0,0,0,0,0,0,0,0,0,0,0,0,0,0,0,0,0,0,0,0,0,"display-link callbacks enabled under exclusive layer claim",0,0,0,0,0,0,0,0,0,0,0,0
session_active,1,136,0,0,0,0,0,0,0,0,0,0,0,0,0,0,0,0,0,0,0,0,0,"display resumed in fresh epoch",0,0,0,0,0,0,0,0,0,0,0,0
source_candidate_reserved,1,136,0,0,1,137,0,0,261024217385708,0,0,0,0,0,261024300719041,0,0,0,0,1,0,0,0,"mandatory SourceEscrow allocated; source-only mode",0,0,0,0,0,0,0,0,0,0,137,0
escrow_setup_failed,1,136,0,0,1,137,0,0,261024217385708,0,0,0,0,0,261024300719041,0,0,0,0,0,0,0,0,"injected pre-commit SourceEscrow copy setup failure",0,0,0,0,0,0,0,0,0,0,137,0
source_state_transition,1,136,0,0,1,137,0,0,261024217385708,0,0,0,0,0,261024300719041,0,0,0,0,0,0,0,0,"escrow_preparing->retired:reservation cancelled before transfer",0,0,0,0,0,0,0,0,0,0,0,0
source_terminal,1,136,0,0,1,137,0,0,261024217385708,0,0,0,0,0,261024300719041,0,0,0,0,0,0,0,0,"ordinary_fallback:ordinary DXMT Presenter retained this source",0,0,0,0,0,0,0,0,0,0,0,0
source_candidate_cancelled,1,136,0,0,1,137,0,0,261024217385708,0,0,0,0,0,261024300719041,0,0,0,0,0,0,0,0,"uncommitted reservation returned to ordinary Presenter",0,0,0,0,0,0,0,0,0,0,0,0
layer_owner_draining,1,136,0,0,0,0,0,0,0,0,0,0,0,0,0,0,0,0,0,0,0,0,0,"generation stopped; display worker drains accepted real sources before callbacks stop",0,0,0,0,0,0,0,0,0,0,0,0
generation_submissions_drained,1,136,0,0,0,0,0,0,0,0,0,0,0,0,0,0,0,0,0,0,0,0,0,"no synthetic generation submission remains in flight",0,0,0,0,0,0,0,0,0,0,0,0
presentation_feedback_drained,1,136,0,0,0,0,0,0,0,0,0,0,0,0,0,0,0,0,0,0,0,0,0,"all accepted sources are terminal and drawable/GPU callbacks retired",0,0,0,0,0,0,0,0,0,0,0,0
display_callbacks_stopped,1,136,0,0,0,0,0,0,0,0,0,0,0,0,0,0,0,0,0,0,0,0,0,"display-link invalidated after in-flight delegate callbacks returned",0,0,0,0,0,0,0,0,0,0,0,0
worker_drawables_retired,1,136,0,0,0,0,0,0,0,0,0,0,0,0,0,0,0,0,0,0,0,0,0,"no presentation worker tick retains a callback-owned drawable",0,0,0,0,0,0,0,0,0,0,0,0
synthetic_gpu_work_drained,1,136,0,0,0,0,0,0,0,0,0,0,0,0,0,0,0,0,0,0,0,0,0,"all synthetic Framegen GPU completions retired before resource release",0,0,0,0,0,0,0,0,0,0,0,0
epoch_reset,1,137,0,0,0,0,0,0,0,0,0,0,0,0,0,0,0,0,0,0,0,0,0,"137",0,0,0,0,0,0,0,0,0,0,0,0
layer_owner_released,1,137,0,0,0,0,0,0,0,0,0,0,0,0,0,0,0,0,0,0,0,0,0,"callbacks, worker drawables, DXMT presentation, SourceEscrow, and synthetic GPU work retired",0,0,0,0,0,0,0,0,0,0,0,0
layer_owner_claimed,1,137,0,0,0,0,0,0,0,0,0,0,0,0,0,0,0,0,0,0,0,0,0,"exclusive CAMetalLayer claim acquired before display-link attachment",0,0,0,0,0,0,0,0,0,0,0,0
display_link_attached,1,137,0,0,0,0,0,0,0,0,0,0,0,0,0,0,0,0,0,0,0,0,0,"display link attached after ordinary Presenter drained",0,0,0,0,0,0,0,0,0,0,0,0
display_callbacks_enabled,1,137,0,0,0,0,0,0,0,0,0,0,0,0,0,0,0,0,0,0,0,0,0,"display-link callbacks enabled under exclusive layer claim",0,0,0,0,0,0,0,0,0,0,0,0
session_active,1,137,0,0,0,0,0,0,0,0,0,0,0,0,0,0,0,0,0,0,0,0,0,"display resumed in fresh epoch",0,0,0,0,0,0,0,0,0,0,0,0
source_candidate_reserved,1,137,0,0,1,138,0,0,261024249088541,0,0,0,0,0,261024332421874,0,0,0,0,1,0,0,0,"mandatory SourceEscrow allocated; source-only mode",0,0,0,0,0,0,0,0,0,0,138,0
escrow_setup_failed,1,137,0,0,1,138,0,0,261024249088541,0,0,0,0,0,261024332421874,0,0,0,0,0,0,0,0,"injected pre-commit SourceEscrow copy setup failure",0,0,0,0,0,0,0,0,0,0,138,0
source_state_transition,1,137,0,0,1,138,0,0,261024249088541,0,0,0,0,0,261024332421874,0,0,0,0,0,0,0,0,"escrow_preparing->retired:reservation cancelled before transfer",0,0,0,0,0,0,0,0,0,0,0,0
source_terminal,1,137,0,0,1,138,0,0,261024249088541,0,0,0,0,0,261024332421874,0,0,0,0,0,0,0,0,"ordinary_fallback:ordinary DXMT Presenter retained this source",0,0,0,0,0,0,0,0,0,0,0,0
source_candidate_cancelled,1,137,0,0,1,138,0,0,261024249088541,0,0,0,0,0,261024332421874,0,0,0,0,0,0,0,0,"uncommitted reservation returned to ordinary Presenter",0,0,0,0,0,0,0,0,0,0,0,0
layer_owner_draining,1,137,0,0,0,0,0,0,0,0,0,0,0,0,0,0,0,0,0,0,0,0,0,"generation stopped; display worker drains accepted real sources before callbacks stop",0,0,0,0,0,0,0,0,0,0,0,0
generation_submissions_drained,1,137,0,0,0,0,0,0,0,0,0,0,0,0,0,0,0,0,0,0,0,0,0,"no synthetic generation submission remains in flight",0,0,0,0,0,0,0,0,0,0,0,0
presentation_feedback_drained,1,137,0,0,0,0,0,0,0,0,0,0,0,0,0,0,0,0,0,0,0,0,0,"all accepted sources are terminal and drawable/GPU callbacks retired",0,0,0,0,0,0,0,0,0,0,0,0
display_callbacks_stopped,1,137,0,0,0,0,0,0,0,0,0,0,0,0,0,0,0,0,0,0,0,0,0,"display-link invalidated after in-flight delegate callbacks returned",0,0,0,0,0,0,0,0,0,0,0,0
worker_drawables_retired,1,137,0,0,0,0,0,0,0,0,0,0,0,0,0,0,0,0,0,0,0,0,0,"no presentation worker tick retains a callback-owned drawable",0,0,0,0,0,0,0,0,0,0,0,0
synthetic_gpu_work_drained,1,137,0,0,0,0,0,0,0,0,0,0,0,0,0,0,0,0,0,0,0,0,0,"all synthetic Framegen GPU completions retired before resource release",0,0,0,0,0,0,0,0,0,0,0,0
epoch_reset,1,138,0,0,0,0,0,0,0,0,0,0,0,0,0,0,0,0,0,0,0,0,0,"138",0,0,0,0,0,0,0,0,0,0,0,0
layer_owner_released,1,138,0,0,0,0,0,0,0,0,0,0,0,0,0,0,0,0,0,0,0,0,0,"callbacks, worker drawables, DXMT presentation, SourceEscrow, and synthetic GPU work retired",0,0,0,0,0,0,0,0,0,0,0,0
layer_owner_claimed,1,138,0,0,0,0,0,0,0,0,0,0,0,0,0,0,0,0,0,0,0,0,0,"exclusive CAMetalLayer claim acquired before display-link attachment",0,0,0,0,0,0,0,0,0,0,0,0
display_link_attached,1,138,0,0,0,0,0,0,0,0,0,0,0,0,0,0,0,0,0,0,0,0,0,"display link attached after ordinary Presenter drained",0,0,0,0,0,0,0,0,0,0,0,0
display_callbacks_enabled,1,138,0,0,0,0,0,0,0,0,0,0,0,0,0,0,0,0,0,0,0,0,0,"display-link callbacks enabled under exclusive layer claim",0,0,0,0,0,0,0,0,0,0,0,0
session_active,1,138,0,0,0,0,0,0,0,0,0,0,0,0,0,0,0,0,0,0,0,0,0,"display resumed in fresh epoch",0,0,0,0,0,0,0,0,0,0,0,0
source_candidate_reserved,1,138,0,0,1,139,0,0,261024282642833,0,0,0,0,0,261024365976166,0,0,0,0,1,0,0,0,"mandatory SourceEscrow allocated; source-only mode",0,0,0,0,0,0,0,0,0,0,139,0
escrow_setup_failed,1,138,0,0,1,139,0,0,261024282642833,0,0,0,0,0,261024365976166,0,0,0,0,0,0,0,0,"injected pre-commit SourceEscrow copy setup failure",0,0,0,0,0,0,0,0,0,0,139,0
source_state_transition,1,138,0,0,1,139,0,0,261024282642833,0,0,0,0,0,261024365976166,0,0,0,0,0,0,0,0,"escrow_preparing->retired:reservation cancelled before transfer",0,0,0,0,0,0,0,0,0,0,0,0
source_terminal,1,138,0,0,1,139,0,0,261024282642833,0,0,0,0,0,261024365976166,0,0,0,0,0,0,0,0,"ordinary_fallback:ordinary DXMT Presenter retained this source",0,0,0,0,0,0,0,0,0,0,0,0
source_candidate_cancelled,1,138,0,0,1,139,0,0,261024282642833,0,0,0,0,0,261024365976166,0,0,0,0,0,0,0,0,"uncommitted reservation returned to ordinary Presenter",0,0,0,0,0,0,0,0,0,0,0,0
layer_owner_draining,1,138,0,0,0,0,0,0,0,0,0,0,0,0,0,0,0,0,0,0,0,0,0,"generation stopped; display worker drains accepted real sources before callbacks stop",0,0,0,0,0,0,0,0,0,0,0,0
generation_submissions_drained,1,138,0,0,0,0,0,0,0,0,0,0,0,0,0,0,0,0,0,0,0,0,0,"no synthetic generation submission remains in flight",0,0,0,0,0,0,0,0,0,0,0,0
presentation_feedback_drained,1,138,0,0,0,0,0,0,0,0,0,0,0,0,0,0,0,0,0,0,0,0,0,"all accepted sources are terminal and drawable/GPU callbacks retired",0,0,0,0,0,0,0,0,0,0,0,0
display_callbacks_stopped,1,138,0,0,0,0,0,0,0,0,0,0,0,0,0,0,0,0,0,0,0,0,0,"display-link invalidated after in-flight delegate callbacks returned",0,0,0,0,0,0,0,0,0,0,0,0
worker_drawables_retired,1,138,0,0,0,0,0,0,0,0,0,0,0,0,0,0,0,0,0,0,0,0,0,"no presentation worker tick retains a callback-owned drawable",0,0,0,0,0,0,0,0,0,0,0,0
synthetic_gpu_work_drained,1,138,0,0,0,0,0,0,0,0,0,0,0,0,0,0,0,0,0,0,0,0,0,"all synthetic Framegen GPU completions retired before resource release",0,0,0,0,0,0,0,0,0,0,0,0
epoch_reset,1,139,0,0,0,0,0,0,0,0,0,0,0,0,0,0,0,0,0,0,0,0,0,"139",0,0,0,0,0,0,0,0,0,0,0,0
layer_owner_released,1,139,0,0,0,0,0,0,0,0,0,0,0,0,0,0,0,0,0,0,0,0,0,"callbacks, worker drawables, DXMT presentation, SourceEscrow, and synthetic GPU work retired",0,0,0,0,0,0,0,0,0,0,0,0
layer_owner_claimed,1,139,0,0,0,0,0,0,0,0,0,0,0,0,0,0,0,0,0,0,0,0,0,"exclusive CAMetalLayer claim acquired before display-link attachment",0,0,0,0,0,0,0,0,0,0,0,0
display_link_attached,1,139,0,0,0,0,0,0,0,0,0,0,0,0,0,0,0,0,0,0,0,0,0,"display link attached after ordinary Presenter drained",0,0,0,0,0,0,0,0,0,0,0,0
display_callbacks_enabled,1,139,0,0,0,0,0,0,0,0,0,0,0,0,0,0,0,0,0,0,0,0,0,"display-link callbacks enabled under exclusive layer claim",0,0,0,0,0,0,0,0,0,0,0,0
session_active,1,139,0,0,0,0,0,0,0,0,0,0,0,0,0,0,0,0,0,0,0,0,0,"display resumed in fresh epoch",0,0,0,0,0,0,0,0,0,0,0,0
source_candidate_reserved,1,139,0,0,1,140,0,0,261024315705125,0,0,0,0,0,261024399038458,0,0,0,0,1,0,0,0,"mandatory SourceEscrow allocated; source-only mode",0,0,0,0,0,0,0,0,0,0,140,0
escrow_setup_failed,1,139,0,0,1,140,0,0,261024315705125,0,0,0,0,0,261024399038458,0,0,0,0,0,0,0,0,"injected pre-commit SourceEscrow copy setup failure",0,0,0,0,0,0,0,0,0,0,140,0
source_state_transition,1,139,0,0,1,140,0,0,261024315705125,0,0,0,0,0,261024399038458,0,0,0,0,0,0,0,0,"escrow_preparing->retired:reservation cancelled before transfer",0,0,0,0,0,0,0,0,0,0,0,0
source_terminal,1,139,0,0,1,140,0,0,261024315705125,0,0,0,0,0,261024399038458,0,0,0,0,0,0,0,0,"ordinary_fallback:ordinary DXMT Presenter retained this source",0,0,0,0,0,0,0,0,0,0,0,0
source_candidate_cancelled,1,139,0,0,1,140,0,0,261024315705125,0,0,0,0,0,261024399038458,0,0,0,0,0,0,0,0,"uncommitted reservation returned to ordinary Presenter",0,0,0,0,0,0,0,0,0,0,0,0
layer_owner_draining,1,139,0,0,0,0,0,0,0,0,0,0,0,0,0,0,0,0,0,0,0,0,0,"generation stopped; display worker drains accepted real sources before callbacks stop",0,0,0,0,0,0,0,0,0,0,0,0
generation_submissions_drained,1,139,0,0,0,0,0,0,0,0,0,0,0,0,0,0,0,0,0,0,0,0,0,"no synthetic generation submission remains in flight",0,0,0,0,0,0,0,0,0,0,0,0
presentation_feedback_drained,1,139,0,0,0,0,0,0,0,0,0,0,0,0,0,0,0,0,0,0,0,0,0,"all accepted sources are terminal and drawable/GPU callbacks retired",0,0,0,0,0,0,0,0,0,0,0,0
display_callbacks_stopped,1,139,0,0,0,0,0,0,0,0,0,0,0,0,0,0,0,0,0,0,0,0,0,"display-link invalidated after in-flight delegate callbacks returned",0,0,0,0,0,0,0,0,0,0,0,0
worker_drawables_retired,1,139,0,0,0,0,0,0,0,0,0,0,0,0,0,0,0,0,0,0,0,0,0,"no presentation worker tick retains a callback-owned drawable",0,0,0,0,0,0,0,0,0,0,0,0
synthetic_gpu_work_drained,1,139,0,0,0,0,0,0,0,0,0,0,0,0,0,0,0,0,0,0,0,0,0,"all synthetic Framegen GPU completions retired before resource release",0,0,0,0,0,0,0,0,0,0,0,0
epoch_reset,1,140,0,0,0,0,0,0,0,0,0,0,0,0,0,0,0,0,0,0,0,0,0,"140",0,0,0,0,0,0,0,0,0,0,0,0
layer_owner_released,1,140,0,0,0,0,0,0,0,0,0,0,0,0,0,0,0,0,0,0,0,0,0,"callbacks, worker drawables, DXMT presentation, SourceEscrow, and synthetic GPU work retired",0,0,0,0,0,0,0,0,0,0,0,0
layer_owner_claimed,1,140,0,0,0,0,0,0,0,0,0,0,0,0,0,0,0,0,0,0,0,0,0,"exclusive CAMetalLayer claim acquired before display-link attachment",0,0,0,0,0,0,0,0,0,0,0,0
display_link_attached,1,140,0,0,0,0,0,0,0,0,0,0,0,0,0,0,0,0,0,0,0,0,0,"display link attached after ordinary Presenter drained",0,0,0,0,0,0,0,0,0,0,0,0
display_callbacks_enabled,1,140,0,0,0,0,0,0,0,0,0,0,0,0,0,0,0,0,0,0,0,0,0,"display-link callbacks enabled under exclusive layer claim",0,0,0,0,0,0,0,0,0,0,0,0
session_active,1,140,0,0,0,0,0,0,0,0,0,0,0,0,0,0,0,0,0,0,0,0,0,"display resumed in fresh epoch",0,0,0,0,0,0,0,0,0,0,0,0
source_candidate_reserved,1,140,0,0,1,141,0,0,261024349160375,0,0,0,0,0,261024432493708,0,0,0,0,1,0,0,0,"mandatory SourceEscrow allocated; source-only mode",0,0,0,0,0,0,0,0,0,0,141,0
escrow_setup_failed,1,140,0,0,1,141,0,0,261024349160375,0,0,0,0,0,261024432493708,0,0,0,0,0,0,0,0,"injected pre-commit SourceEscrow copy setup failure",0,0,0,0,0,0,0,0,0,0,141,0
source_state_transition,1,140,0,0,1,141,0,0,261024349160375,0,0,0,0,0,261024432493708,0,0,0,0,0,0,0,0,"escrow_preparing->retired:reservation cancelled before transfer",0,0,0,0,0,0,0,0,0,0,0,0
source_terminal,1,140,0,0,1,141,0,0,261024349160375,0,0,0,0,0,261024432493708,0,0,0,0,0,0,0,0,"ordinary_fallback:ordinary DXMT Presenter retained this source",0,0,0,0,0,0,0,0,0,0,0,0
source_candidate_cancelled,1,140,0,0,1,141,0,0,261024349160375,0,0,0,0,0,261024432493708,0,0,0,0,0,0,0,0,"uncommitted reservation returned to ordinary Presenter",0,0,0,0,0,0,0,0,0,0,0,0
layer_owner_draining,1,140,0,0,0,0,0,0,0,0,0,0,0,0,0,0,0,0,0,0,0,0,0,"generation stopped; display worker drains accepted real sources before callbacks stop",0,0,0,0,0,0,0,0,0,0,0,0
generation_submissions_drained,1,140,0,0,0,0,0,0,0,0,0,0,0,0,0,0,0,0,0,0,0,0,0,"no synthetic generation submission remains in flight",0,0,0,0,0,0,0,0,0,0,0,0
presentation_feedback_drained,1,140,0,0,0,0,0,0,0,0,0,0,0,0,0,0,0,0,0,0,0,0,0,"all accepted sources are terminal and drawable/GPU callbacks retired",0,0,0,0,0,0,0,0,0,0,0,0
display_callbacks_stopped,1,140,0,0,0,0,0,0,0,0,0,0,0,0,0,0,0,0,0,0,0,0,0,"display-link invalidated after in-flight delegate callbacks returned",0,0,0,0,0,0,0,0,0,0,0,0
worker_drawables_retired,1,140,0,0,0,0,0,0,0,0,0,0,0,0,0,0,0,0,0,0,0,0,0,"no presentation worker tick retains a callback-owned drawable",0,0,0,0,0,0,0,0,0,0,0,0
synthetic_gpu_work_drained,1,140,0,0,0,0,0,0,0,0,0,0,0,0,0,0,0,0,0,0,0,0,0,"all synthetic Framegen GPU completions retired before resource release",0,0,0,0,0,0,0,0,0,0,0,0
epoch_reset,1,141,0,0,0,0,0,0,0,0,0,0,0,0,0,0,0,0,0,0,0,0,0,"141",0,0,0,0,0,0,0,0,0,0,0,0
layer_owner_released,1,141,0,0,0,0,0,0,0,0,0,0,0,0,0,0,0,0,0,0,0,0,0,"callbacks, worker drawables, DXMT presentation, SourceEscrow, and synthetic GPU work retired",0,0,0,0,0,0,0,0,0,0,0,0
layer_owner_claimed,1,141,0,0,0,0,0,0,0,0,0,0,0,0,0,0,0,0,0,0,0,0,0,"exclusive CAMetalLayer claim acquired before display-link attachment",0,0,0,0,0,0,0,0,0,0,0,0
display_link_attached,1,141,0,0,0,0,0,0,0,0,0,0,0,0,0,0,0,0,0,0,0,0,0,"display link attached after ordinary Presenter drained",0,0,0,0,0,0,0,0,0,0,0,0
display_callbacks_enabled,1,141,0,0,0,0,0,0,0,0,0,0,0,0,0,0,0,0,0,0,0,0,0,"display-link callbacks enabled under exclusive layer claim",0,0,0,0,0,0,0,0,0,0,0,0
session_active,1,141,0,0,0,0,0,0,0,0,0,0,0,0,0,0,0,0,0,0,0,0,0,"display resumed in fresh epoch",0,0,0,0,0,0,0,0,0,0,0,0
source_candidate_reserved,1,141,0,0,1,142,0,0,261024383030333,0,0,0,0,0,261024466363666,0,0,0,0,1,0,0,0,"mandatory SourceEscrow allocated; source-only mode",0,0,0,0,0,0,0,0,0,0,142,0
escrow_setup_failed,1,141,0,0,1,142,0,0,261024383030333,0,0,0,0,0,261024466363666,0,0,0,0,0,0,0,0,"injected pre-commit SourceEscrow copy setup failure",0,0,0,0,0,0,0,0,0,0,142,0
source_state_transition,1,141,0,0,1,142,0,0,261024383030333,0,0,0,0,0,261024466363666,0,0,0,0,0,0,0,0,"escrow_preparing->retired:reservation cancelled before transfer",0,0,0,0,0,0,0,0,0,0,0,0
source_terminal,1,141,0,0,1,142,0,0,261024383030333,0,0,0,0,0,261024466363666,0,0,0,0,0,0,0,0,"ordinary_fallback:ordinary DXMT Presenter retained this source",0,0,0,0,0,0,0,0,0,0,0,0
source_candidate_cancelled,1,141,0,0,1,142,0,0,261024383030333,0,0,0,0,0,261024466363666,0,0,0,0,0,0,0,0,"uncommitted reservation returned to ordinary Presenter",0,0,0,0,0,0,0,0,0,0,0,0
layer_owner_draining,1,141,0,0,0,0,0,0,0,0,0,0,0,0,0,0,0,0,0,0,0,0,0,"generation stopped; display worker drains accepted real sources before callbacks stop",0,0,0,0,0,0,0,0,0,0,0,0
generation_submissions_drained,1,141,0,0,0,0,0,0,0,0,0,0,0,0,0,0,0,0,0,0,0,0,0,"no synthetic generation submission remains in flight",0,0,0,0,0,0,0,0,0,0,0,0
presentation_feedback_drained,1,141,0,0,0,0,0,0,0,0,0,0,0,0,0,0,0,0,0,0,0,0,0,"all accepted sources are terminal and drawable/GPU callbacks retired",0,0,0,0,0,0,0,0,0,0,0,0
display_callbacks_stopped,1,141,0,0,0,0,0,0,0,0,0,0,0,0,0,0,0,0,0,0,0,0,0,"display-link invalidated after in-flight delegate callbacks returned",0,0,0,0,0,0,0,0,0,0,0,0
worker_drawables_retired,1,141,0,0,0,0,0,0,0,0,0,0,0,0,0,0,0,0,0,0,0,0,0,"no presentation worker tick retains a callback-owned drawable",0,0,0,0,0,0,0,0,0,0,0,0
synthetic_gpu_work_drained,1,141,0,0,0,0,0,0,0,0,0,0,0,0,0,0,0,0,0,0,0,0,0,"all synthetic Framegen GPU completions retired before resource release",0,0,0,0,0,0,0,0,0,0,0,0
epoch_reset,1,142,0,0,0,0,0,0,0,0,0,0,0,0,0,0,0,0,0,0,0,0,0,"142",0,0,0,0,0,0,0,0,0,0,0,0
layer_owner_released,1,142,0,0,0,0,0,0,0,0,0,0,0,0,0,0,0,0,0,0,0,0,0,"callbacks, worker drawables, DXMT presentation, SourceEscrow, and synthetic GPU work retired",0,0,0,0,0,0,0,0,0,0,0,0
layer_owner_claimed,1,142,0,0,0,0,0,0,0,0,0,0,0,0,0,0,0,0,0,0,0,0,0,"exclusive CAMetalLayer claim acquired before display-link attachment",0,0,0,0,0,0,0,0,0,0,0,0
display_link_attached,1,142,0,0,0,0,0,0,0,0,0,0,0,0,0,0,0,0,0,0,0,0,0,"display link attached after ordinary Presenter drained",0,0,0,0,0,0,0,0,0,0,0,0
display_callbacks_enabled,1,142,0,0,0,0,0,0,0,0,0,0,0,0,0,0,0,0,0,0,0,0,0,"display-link callbacks enabled under exclusive layer claim",0,0,0,0,0,0,0,0,0,0,0,0
session_active,1,142,0,0,0,0,0,0,0,0,0,0,0,0,0,0,0,0,0,0,0,0,0,"display resumed in fresh epoch",0,0,0,0,0,0,0,0,0,0,0,0
source_candidate_reserved,1,142,0,0,1,143,0,0,261024416012666,0,0,0,0,0,261024499345999,0,0,0,0,1,0,0,0,"mandatory SourceEscrow allocated; source-only mode",0,0,0,0,0,0,0,0,0,0,143,0
escrow_setup_failed,1,142,0,0,1,143,0,0,261024416012666,0,0,0,0,0,261024499345999,0,0,0,0,0,0,0,0,"injected pre-commit SourceEscrow copy setup failure",0,0,0,0,0,0,0,0,0,0,143,0
source_state_transition,1,142,0,0,1,143,0,0,261024416012666,0,0,0,0,0,261024499345999,0,0,0,0,0,0,0,0,"escrow_preparing->retired:reservation cancelled before transfer",0,0,0,0,0,0,0,0,0,0,0,0
source_terminal,1,142,0,0,1,143,0,0,261024416012666,0,0,0,0,0,261024499345999,0,0,0,0,0,0,0,0,"ordinary_fallback:ordinary DXMT Presenter retained this source",0,0,0,0,0,0,0,0,0,0,0,0
source_candidate_cancelled,1,142,0,0,1,143,0,0,261024416012666,0,0,0,0,0,261024499345999,0,0,0,0,0,0,0,0,"uncommitted reservation returned to ordinary Presenter",0,0,0,0,0,0,0,0,0,0,0,0
layer_owner_draining,1,142,0,0,0,0,0,0,0,0,0,0,0,0,0,0,0,0,0,0,0,0,0,"generation stopped; display worker drains accepted real sources before callbacks stop",0,0,0,0,0,0,0,0,0,0,0,0
generation_submissions_drained,1,142,0,0,0,0,0,0,0,0,0,0,0,0,0,0,0,0,0,0,0,0,0,"no synthetic generation submission remains in flight",0,0,0,0,0,0,0,0,0,0,0,0
presentation_feedback_drained,1,142,0,0,0,0,0,0,0,0,0,0,0,0,0,0,0,0,0,0,0,0,0,"all accepted sources are terminal and drawable/GPU callbacks retired",0,0,0,0,0,0,0,0,0,0,0,0
display_callbacks_stopped,1,142,0,0,0,0,0,0,0,0,0,0,0,0,0,0,0,0,0,0,0,0,0,"display-link invalidated after in-flight delegate callbacks returned",0,0,0,0,0,0,0,0,0,0,0,0
worker_drawables_retired,1,142,0,0,0,0,0,0,0,0,0,0,0,0,0,0,0,0,0,0,0,0,0,"no presentation worker tick retains a callback-owned drawable",0,0,0,0,0,0,0,0,0,0,0,0
synthetic_gpu_work_drained,1,142,0,0,0,0,0,0,0,0,0,0,0,0,0,0,0,0,0,0,0,0,0,"all synthetic Framegen GPU completions retired before resource release",0,0,0,0,0,0,0,0,0,0,0,0
epoch_reset,1,143,0,0,0,0,0,0,0,0,0,0,0,0,0,0,0,0,0,0,0,0,0,"143",0,0,0,0,0,0,0,0,0,0,0,0
layer_owner_released,1,143,0,0,0,0,0,0,0,0,0,0,0,0,0,0,0,0,0,0,0,0,0,"callbacks, worker drawables, DXMT presentation, SourceEscrow, and synthetic GPU work retired",0,0,0,0,0,0,0,0,0,0,0,0
layer_owner_claimed,1,143,0,0,0,0,0,0,0,0,0,0,0,0,0,0,0,0,0,0,0,0,0,"exclusive CAMetalLayer claim acquired before display-link attachment",0,0,0,0,0,0,0,0,0,0,0,0
display_link_attached,1,143,0,0,0,0,0,0,0,0,0,0,0,0,0,0,0,0,0,0,0,0,0,"display link attached after ordinary Presenter drained",0,0,0,0,0,0,0,0,0,0,0,0
display_callbacks_enabled,1,143,0,0,0,0,0,0,0,0,0,0,0,0,0,0,0,0,0,0,0,0,0,"display-link callbacks enabled under exclusive layer claim",0,0,0,0,0,0,0,0,0,0,0,0
session_active,1,143,0,0,0,0,0,0,0,0,0,0,0,0,0,0,0,0,0,0,0,0,0,"display resumed in fresh epoch",0,0,0,0,0,0,0,0,0,0,0,0
source_candidate_reserved,1,143,0,0,1,144,0,0,261024449718666,0,0,0,0,0,261024533051999,0,0,0,0,1,0,0,0,"mandatory SourceEscrow allocated; source-only mode",0,0,0,0,0,0,0,0,0,0,144,0
escrow_setup_failed,1,143,0,0,1,144,0,0,261024449718666,0,0,0,0,0,261024533051999,0,0,0,0,0,0,0,0,"injected pre-commit SourceEscrow copy setup failure",0,0,0,0,0,0,0,0,0,0,144,0
source_state_transition,1,143,0,0,1,144,0,0,261024449718666,0,0,0,0,0,261024533051999,0,0,0,0,0,0,0,0,"escrow_preparing->retired:reservation cancelled before transfer",0,0,0,0,0,0,0,0,0,0,0,0
source_terminal,1,143,0,0,1,144,0,0,261024449718666,0,0,0,0,0,261024533051999,0,0,0,0,0,0,0,0,"ordinary_fallback:ordinary DXMT Presenter retained this source",0,0,0,0,0,0,0,0,0,0,0,0
source_candidate_cancelled,1,143,0,0,1,144,0,0,261024449718666,0,0,0,0,0,261024533051999,0,0,0,0,0,0,0,0,"uncommitted reservation returned to ordinary Presenter",0,0,0,0,0,0,0,0,0,0,0,0
layer_owner_draining,1,143,0,0,0,0,0,0,0,0,0,0,0,0,0,0,0,0,0,0,0,0,0,"generation stopped; display worker drains accepted real sources before callbacks stop",0,0,0,0,0,0,0,0,0,0,0,0
generation_submissions_drained,1,143,0,0,0,0,0,0,0,0,0,0,0,0,0,0,0,0,0,0,0,0,0,"no synthetic generation submission remains in flight",0,0,0,0,0,0,0,0,0,0,0,0
presentation_feedback_drained,1,143,0,0,0,0,0,0,0,0,0,0,0,0,0,0,0,0,0,0,0,0,0,"all accepted sources are terminal and drawable/GPU callbacks retired",0,0,0,0,0,0,0,0,0,0,0,0
display_callbacks_stopped,1,143,0,0,0,0,0,0,0,0,0,0,0,0,0,0,0,0,0,0,0,0,0,"display-link invalidated after in-flight delegate callbacks returned",0,0,0,0,0,0,0,0,0,0,0,0
worker_drawables_retired,1,143,0,0,0,0,0,0,0,0,0,0,0,0,0,0,0,0,0,0,0,0,0,"no presentation worker tick retains a callback-owned drawable",0,0,0,0,0,0,0,0,0,0,0,0
synthetic_gpu_work_drained,1,143,0,0,0,0,0,0,0,0,0,0,0,0,0,0,0,0,0,0,0,0,0,"all synthetic Framegen GPU completions retired before resource release",0,0,0,0,0,0,0,0,0,0,0,0
epoch_reset,1,144,0,0,0,0,0,0,0,0,0,0,0,0,0,0,0,0,0,0,0,0,0,"144",0,0,0,0,0,0,0,0,0,0,0,0
layer_owner_released,1,144,0,0,0,0,0,0,0,0,0,0,0,0,0,0,0,0,0,0,0,0,0,"callbacks, worker drawables, DXMT presentation, SourceEscrow, and synthetic GPU work retired",0,0,0,0,0,0,0,0,0,0,0,0
layer_owner_claimed,1,144,0,0,0,0,0,0,0,0,0,0,0,0,0,0,0,0,0,0,0,0,0,"exclusive CAMetalLayer claim acquired before display-link attachment",0,0,0,0,0,0,0,0,0,0,0,0
display_link_attached,1,144,0,0,0,0,0,0,0,0,0,0,0,0,0,0,0,0,0,0,0,0,0,"display link attached after ordinary Presenter drained",0,0,0,0,0,0,0,0,0,0,0,0
display_callbacks_enabled,1,144,0,0,0,0,0,0,0,0,0,0,0,0,0,0,0,0,0,0,0,0,0,"display-link callbacks enabled under exclusive layer claim",0,0,0,0,0,0,0,0,0,0,0,0
session_active,1,144,0,0,0,0,0,0,0,0,0,0,0,0,0,0,0,0,0,0,0,0,0,"display resumed in fresh epoch",0,0,0,0,0,0,0,0,0,0,0,0
source_candidate_reserved,1,144,0,0,1,145,0,0,261024483211166,0,0,0,0,0,261024566544499,0,0,0,0,1,0,0,0,"mandatory SourceEscrow allocated; source-only mode",0,0,0,0,0,0,0,0,0,0,145,0
escrow_setup_failed,1,144,0,0,1,145,0,0,261024483211166,0,0,0,0,0,261024566544499,0,0,0,0,0,0,0,0,"injected pre-commit SourceEscrow copy setup failure",0,0,0,0,0,0,0,0,0,0,145,0
source_state_transition,1,144,0,0,1,145,0,0,261024483211166,0,0,0,0,0,261024566544499,0,0,0,0,0,0,0,0,"escrow_preparing->retired:reservation cancelled before transfer",0,0,0,0,0,0,0,0,0,0,0,0
source_terminal,1,144,0,0,1,145,0,0,261024483211166,0,0,0,0,0,261024566544499,0,0,0,0,0,0,0,0,"ordinary_fallback:ordinary DXMT Presenter retained this source",0,0,0,0,0,0,0,0,0,0,0,0
source_candidate_cancelled,1,144,0,0,1,145,0,0,261024483211166,0,0,0,0,0,261024566544499,0,0,0,0,0,0,0,0,"uncommitted reservation returned to ordinary Presenter",0,0,0,0,0,0,0,0,0,0,0,0
layer_owner_draining,1,144,0,0,0,0,0,0,0,0,0,0,0,0,0,0,0,0,0,0,0,0,0,"generation stopped; display worker drains accepted real sources before callbacks stop",0,0,0,0,0,0,0,0,0,0,0,0
generation_submissions_drained,1,144,0,0,0,0,0,0,0,0,0,0,0,0,0,0,0,0,0,0,0,0,0,"no synthetic generation submission remains in flight",0,0,0,0,0,0,0,0,0,0,0,0
presentation_feedback_drained,1,144,0,0,0,0,0,0,0,0,0,0,0,0,0,0,0,0,0,0,0,0,0,"all accepted sources are terminal and drawable/GPU callbacks retired",0,0,0,0,0,0,0,0,0,0,0,0
display_callbacks_stopped,1,144,0,0,0,0,0,0,0,0,0,0,0,0,0,0,0,0,0,0,0,0,0,"display-link invalidated after in-flight delegate callbacks returned",0,0,0,0,0,0,0,0,0,0,0,0
worker_drawables_retired,1,144,0,0,0,0,0,0,0,0,0,0,0,0,0,0,0,0,0,0,0,0,0,"no presentation worker tick retains a callback-owned drawable",0,0,0,0,0,0,0,0,0,0,0,0
synthetic_gpu_work_drained,1,144,0,0,0,0,0,0,0,0,0,0,0,0,0,0,0,0,0,0,0,0,0,"all synthetic Framegen GPU completions retired before resource release",0,0,0,0,0,0,0,0,0,0,0,0
epoch_reset,1,145,0,0,0,0,0,0,0,0,0,0,0,0,0,0,0,0,0,0,0,0,0,"145",0,0,0,0,0,0,0,0,0,0,0,0
layer_owner_released,1,145,0,0,0,0,0,0,0,0,0,0,0,0,0,0,0,0,0,0,0,0,0,"callbacks, worker drawables, DXMT presentation, SourceEscrow, and synthetic GPU work retired",0,0,0,0,0,0,0,0,0,0,0,0
layer_owner_claimed,1,145,0,0,0,0,0,0,0,0,0,0,0,0,0,0,0,0,0,0,0,0,0,"exclusive CAMetalLayer claim acquired before display-link attachment",0,0,0,0,0,0,0,0,0,0,0,0
display_link_attached,1,145,0,0,0,0,0,0,0,0,0,0,0,0,0,0,0,0,0,0,0,0,0,"display link attached after ordinary Presenter drained",0,0,0,0,0,0,0,0,0,0,0,0
display_callbacks_enabled,1,145,0,0,0,0,0,0,0,0,0,0,0,0,0,0,0,0,0,0,0,0,0,"display-link callbacks enabled under exclusive layer claim",0,0,0,0,0,0,0,0,0,0,0,0
session_active,1,145,0,0,0,0,0,0,0,0,0,0,0,0,0,0,0,0,0,0,0,0,0,"display resumed in fresh epoch",0,0,0,0,0,0,0,0,0,0,0,0
source_candidate_reserved,1,145,0,0,1,146,0,0,261024516551916,0,0,0,0,0,261024599885249,0,0,0,0,1,0,0,0,"mandatory SourceEscrow allocated; source-only mode",0,0,0,0,0,0,0,0,0,0,146,0
escrow_setup_failed,1,145,0,0,1,146,0,0,261024516551916,0,0,0,0,0,261024599885249,0,0,0,0,0,0,0,0,"injected pre-commit SourceEscrow copy setup failure",0,0,0,0,0,0,0,0,0,0,146,0
source_state_transition,1,145,0,0,1,146,0,0,261024516551916,0,0,0,0,0,261024599885249,0,0,0,0,0,0,0,0,"escrow_preparing->retired:reservation cancelled before transfer",0,0,0,0,0,0,0,0,0,0,0,0
source_terminal,1,145,0,0,1,146,0,0,261024516551916,0,0,0,0,0,261024599885249,0,0,0,0,0,0,0,0,"ordinary_fallback:ordinary DXMT Presenter retained this source",0,0,0,0,0,0,0,0,0,0,0,0
source_candidate_cancelled,1,145,0,0,1,146,0,0,261024516551916,0,0,0,0,0,261024599885249,0,0,0,0,0,0,0,0,"uncommitted reservation returned to ordinary Presenter",0,0,0,0,0,0,0,0,0,0,0,0
layer_owner_draining,1,145,0,0,0,0,0,0,0,0,0,0,0,0,0,0,0,0,0,0,0,0,0,"generation stopped; display worker drains accepted real sources before callbacks stop",0,0,0,0,0,0,0,0,0,0,0,0
generation_submissions_drained,1,145,0,0,0,0,0,0,0,0,0,0,0,0,0,0,0,0,0,0,0,0,0,"no synthetic generation submission remains in flight",0,0,0,0,0,0,0,0,0,0,0,0
presentation_feedback_drained,1,145,0,0,0,0,0,0,0,0,0,0,0,0,0,0,0,0,0,0,0,0,0,"all accepted sources are terminal and drawable/GPU callbacks retired",0,0,0,0,0,0,0,0,0,0,0,0
display_callbacks_stopped,1,145,0,0,0,0,0,0,0,0,0,0,0,0,0,0,0,0,0,0,0,0,0,"display-link invalidated after in-flight delegate callbacks returned",0,0,0,0,0,0,0,0,0,0,0,0
worker_drawables_retired,1,145,0,0,0,0,0,0,0,0,0,0,0,0,0,0,0,0,0,0,0,0,0,"no presentation worker tick retains a callback-owned drawable",0,0,0,0,0,0,0,0,0,0,0,0
synthetic_gpu_work_drained,1,145,0,0,0,0,0,0,0,0,0,0,0,0,0,0,0,0,0,0,0,0,0,"all synthetic Framegen GPU completions retired before resource release",0,0,0,0,0,0,0,0,0,0,0,0
epoch_reset,1,146,0,0,0,0,0,0,0,0,0,0,0,0,0,0,0,0,0,0,0,0,0,"146",0,0,0,0,0,0,0,0,0,0,0,0
layer_owner_released,1,146,0,0,0,0,0,0,0,0,0,0,0,0,0,0,0,0,0,0,0,0,0,"callbacks, worker drawables, DXMT presentation, SourceEscrow, and synthetic GPU work retired",0,0,0,0,0,0,0,0,0,0,0,0
layer_owner_claimed,1,146,0,0,0,0,0,0,0,0,0,0,0,0,0,0,0,0,0,0,0,0,0,"exclusive CAMetalLayer claim acquired before display-link attachment",0,0,0,0,0,0,0,0,0,0,0,0
display_link_attached,1,146,0,0,0,0,0,0,0,0,0,0,0,0,0,0,0,0,0,0,0,0,0,"display link attached after ordinary Presenter drained",0,0,0,0,0,0,0,0,0,0,0,0
display_callbacks_enabled,1,146,0,0,0,0,0,0,0,0,0,0,0,0,0,0,0,0,0,0,0,0,0,"display-link callbacks enabled under exclusive layer claim",0,0,0,0,0,0,0,0,0,0,0,0
session_active,1,146,0,0,0,0,0,0,0,0,0,0,0,0,0,0,0,0,0,0,0,0,0,"display resumed in fresh epoch",0,0,0,0,0,0,0,0,0,0,0,0
source_candidate_reserved,1,146,0,0,1,147,0,0,261024549372916,0,0,0,0,0,261024632706249,0,0,0,0,1,0,0,0,"mandatory SourceEscrow allocated; source-only mode",0,0,0,0,0,0,0,0,0,0,147,0
escrow_setup_failed,1,146,0,0,1,147,0,0,261024549372916,0,0,0,0,0,261024632706249,0,0,0,0,0,0,0,0,"injected pre-commit SourceEscrow copy setup failure",0,0,0,0,0,0,0,0,0,0,147,0
source_state_transition,1,146,0,0,1,147,0,0,261024549372916,0,0,0,0,0,261024632706249,0,0,0,0,0,0,0,0,"escrow_preparing->retired:reservation cancelled before transfer",0,0,0,0,0,0,0,0,0,0,0,0
source_terminal,1,146,0,0,1,147,0,0,261024549372916,0,0,0,0,0,261024632706249,0,0,0,0,0,0,0,0,"ordinary_fallback:ordinary DXMT Presenter retained this source",0,0,0,0,0,0,0,0,0,0,0,0
source_candidate_cancelled,1,146,0,0,1,147,0,0,261024549372916,0,0,0,0,0,261024632706249,0,0,0,0,0,0,0,0,"uncommitted reservation returned to ordinary Presenter",0,0,0,0,0,0,0,0,0,0,0,0
layer_owner_draining,1,146,0,0,0,0,0,0,0,0,0,0,0,0,0,0,0,0,0,0,0,0,0,"generation stopped; display worker drains accepted real sources before callbacks stop",0,0,0,0,0,0,0,0,0,0,0,0
generation_submissions_drained,1,146,0,0,0,0,0,0,0,0,0,0,0,0,0,0,0,0,0,0,0,0,0,"no synthetic generation submission remains in flight",0,0,0,0,0,0,0,0,0,0,0,0
presentation_feedback_drained,1,146,0,0,0,0,0,0,0,0,0,0,0,0,0,0,0,0,0,0,0,0,0,"all accepted sources are terminal and drawable/GPU callbacks retired",0,0,0,0,0,0,0,0,0,0,0,0
display_callbacks_stopped,1,146,0,0,0,0,0,0,0,0,0,0,0,0,0,0,0,0,0,0,0,0,0,"display-link invalidated after in-flight delegate callbacks returned",0,0,0,0,0,0,0,0,0,0,0,0
worker_drawables_retired,1,146,0,0,0,0,0,0,0,0,0,0,0,0,0,0,0,0,0,0,0,0,0,"no presentation worker tick retains a callback-owned drawable",0,0,0,0,0,0,0,0,0,0,0,0
synthetic_gpu_work_drained,1,146,0,0,0,0,0,0,0,0,0,0,0,0,0,0,0,0,0,0,0,0,0,"all synthetic Framegen GPU completions retired before resource release",0,0,0,0,0,0,0,0,0,0,0,0
epoch_reset,1,147,0,0,0,0,0,0,0,0,0,0,0,0,0,0,0,0,0,0,0,0,0,"147",0,0,0,0,0,0,0,0,0,0,0,0
layer_owner_released,1,147,0,0,0,0,0,0,0,0,0,0,0,0,0,0,0,0,0,0,0,0,0,"callbacks, worker drawables, DXMT presentation, SourceEscrow, and synthetic GPU work retired",0,0,0,0,0,0,0,0,0,0,0,0
layer_owner_claimed,1,147,0,0,0,0,0,0,0,0,0,0,0,0,0,0,0,0,0,0,0,0,0,"exclusive CAMetalLayer claim acquired before display-link attachment",0,0,0,0,0,0,0,0,0,0,0,0
display_link_attached,1,147,0,0,0,0,0,0,0,0,0,0,0,0,0,0,0,0,0,0,0,0,0,"display link attached after ordinary Presenter drained",0,0,0,0,0,0,0,0,0,0,0,0
display_callbacks_enabled,1,147,0,0,0,0,0,0,0,0,0,0,0,0,0,0,0,0,0,0,0,0,0,"display-link callbacks enabled under exclusive layer claim",0,0,0,0,0,0,0,0,0,0,0,0
session_active,1,147,0,0,0,0,0,0,0,0,0,0,0,0,0,0,0,0,0,0,0,0,0,"display resumed in fresh epoch",0,0,0,0,0,0,0,0,0,0,0,0
source_candidate_reserved,1,147,0,0,1,148,0,0,261024583276250,0,0,0,0,0,261024666609583,0,0,0,0,1,0,0,0,"mandatory SourceEscrow allocated; source-only mode",0,0,0,0,0,0,0,0,0,0,148,0
escrow_setup_failed,1,147,0,0,1,148,0,0,261024583276250,0,0,0,0,0,261024666609583,0,0,0,0,0,0,0,0,"injected pre-commit SourceEscrow copy setup failure",0,0,0,0,0,0,0,0,0,0,148,0
source_state_transition,1,147,0,0,1,148,0,0,261024583276250,0,0,0,0,0,261024666609583,0,0,0,0,0,0,0,0,"escrow_preparing->retired:reservation cancelled before transfer",0,0,0,0,0,0,0,0,0,0,0,0
source_terminal,1,147,0,0,1,148,0,0,261024583276250,0,0,0,0,0,261024666609583,0,0,0,0,0,0,0,0,"ordinary_fallback:ordinary DXMT Presenter retained this source",0,0,0,0,0,0,0,0,0,0,0,0
source_candidate_cancelled,1,147,0,0,1,148,0,0,261024583276250,0,0,0,0,0,261024666609583,0,0,0,0,0,0,0,0,"uncommitted reservation returned to ordinary Presenter",0,0,0,0,0,0,0,0,0,0,0,0
layer_owner_draining,1,147,0,0,0,0,0,0,0,0,0,0,0,0,0,0,0,0,0,0,0,0,0,"generation stopped; display worker drains accepted real sources before callbacks stop",0,0,0,0,0,0,0,0,0,0,0,0
generation_submissions_drained,1,147,0,0,0,0,0,0,0,0,0,0,0,0,0,0,0,0,0,0,0,0,0,"no synthetic generation submission remains in flight",0,0,0,0,0,0,0,0,0,0,0,0
presentation_feedback_drained,1,147,0,0,0,0,0,0,0,0,0,0,0,0,0,0,0,0,0,0,0,0,0,"all accepted sources are terminal and drawable/GPU callbacks retired",0,0,0,0,0,0,0,0,0,0,0,0
display_callbacks_stopped,1,147,0,0,0,0,0,0,0,0,0,0,0,0,0,0,0,0,0,0,0,0,0,"display-link invalidated after in-flight delegate callbacks returned",0,0,0,0,0,0,0,0,0,0,0,0
worker_drawables_retired,1,147,0,0,0,0,0,0,0,0,0,0,0,0,0,0,0,0,0,0,0,0,0,"no presentation worker tick retains a callback-owned drawable",0,0,0,0,0,0,0,0,0,0,0,0
synthetic_gpu_work_drained,1,147,0,0,0,0,0,0,0,0,0,0,0,0,0,0,0,0,0,0,0,0,0,"all synthetic Framegen GPU completions retired before resource release",0,0,0,0,0,0,0,0,0,0,0,0
epoch_reset,1,148,0,0,0,0,0,0,0,0,0,0,0,0,0,0,0,0,0,0,0,0,0,"148",0,0,0,0,0,0,0,0,0,0,0,0
layer_owner_released,1,148,0,0,0,0,0,0,0,0,0,0,0,0,0,0,0,0,0,0,0,0,0,"callbacks, worker drawables, DXMT presentation, SourceEscrow, and synthetic GPU work retired",0,0,0,0,0,0,0,0,0,0,0,0
layer_owner_claimed,1,148,0,0,0,0,0,0,0,0,0,0,0,0,0,0,0,0,0,0,0,0,0,"exclusive CAMetalLayer claim acquired before display-link attachment",0,0,0,0,0,0,0,0,0,0,0,0
display_link_attached,1,148,0,0,0,0,0,0,0,0,0,0,0,0,0,0,0,0,0,0,0,0,0,"display link attached after ordinary Presenter drained",0,0,0,0,0,0,0,0,0,0,0,0
display_callbacks_enabled,1,148,0,0,0,0,0,0,0,0,0,0,0,0,0,0,0,0,0,0,0,0,0,"display-link callbacks enabled under exclusive layer claim",0,0,0,0,0,0,0,0,0,0,0,0
session_active,1,148,0,0,0,0,0,0,0,0,0,0,0,0,0,0,0,0,0,0,0,0,0,"display resumed in fresh epoch",0,0,0,0,0,0,0,0,0,0,0,0
source_candidate_reserved,1,148,0,0,1,149,0,0,261024616093458,0,0,0,0,0,261024699426791,0,0,0,0,1,0,0,0,"mandatory SourceEscrow allocated; source-only mode",0,0,0,0,0,0,0,0,0,0,149,0
escrow_setup_failed,1,148,0,0,1,149,0,0,261024616093458,0,0,0,0,0,261024699426791,0,0,0,0,0,0,0,0,"injected pre-commit SourceEscrow copy setup failure",0,0,0,0,0,0,0,0,0,0,149,0
source_state_transition,1,148,0,0,1,149,0,0,261024616093458,0,0,0,0,0,261024699426791,0,0,0,0,0,0,0,0,"escrow_preparing->retired:reservation cancelled before transfer",0,0,0,0,0,0,0,0,0,0,0,0
source_terminal,1,148,0,0,1,149,0,0,261024616093458,0,0,0,0,0,261024699426791,0,0,0,0,0,0,0,0,"ordinary_fallback:ordinary DXMT Presenter retained this source",0,0,0,0,0,0,0,0,0,0,0,0
source_candidate_cancelled,1,148,0,0,1,149,0,0,261024616093458,0,0,0,0,0,261024699426791,0,0,0,0,0,0,0,0,"uncommitted reservation returned to ordinary Presenter",0,0,0,0,0,0,0,0,0,0,0,0
layer_owner_draining,1,148,0,0,0,0,0,0,0,0,0,0,0,0,0,0,0,0,0,0,0,0,0,"generation stopped; display worker drains accepted real sources before callbacks stop",0,0,0,0,0,0,0,0,0,0,0,0
generation_submissions_drained,1,148,0,0,0,0,0,0,0,0,0,0,0,0,0,0,0,0,0,0,0,0,0,"no synthetic generation submission remains in flight",0,0,0,0,0,0,0,0,0,0,0,0
presentation_feedback_drained,1,148,0,0,0,0,0,0,0,0,0,0,0,0,0,0,0,0,0,0,0,0,0,"all accepted sources are terminal and drawable/GPU callbacks retired",0,0,0,0,0,0,0,0,0,0,0,0
display_callbacks_stopped,1,148,0,0,0,0,0,0,0,0,0,0,0,0,0,0,0,0,0,0,0,0,0,"display-link invalidated after in-flight delegate callbacks returned",0,0,0,0,0,0,0,0,0,0,0,0
worker_drawables_retired,1,148,0,0,0,0,0,0,0,0,0,0,0,0,0,0,0,0,0,0,0,0,0,"no presentation worker tick retains a callback-owned drawable",0,0,0,0,0,0,0,0,0,0,0,0
synthetic_gpu_work_drained,1,148,0,0,0,0,0,0,0,0,0,0,0,0,0,0,0,0,0,0,0,0,0,"all synthetic Framegen GPU completions retired before resource release",0,0,0,0,0,0,0,0,0,0,0,0
epoch_reset,1,149,0,0,0,0,0,0,0,0,0,0,0,0,0,0,0,0,0,0,0,0,0,"149",0,0,0,0,0,0,0,0,0,0,0,0
layer_owner_released,1,149,0,0,0,0,0,0,0,0,0,0,0,0,0,0,0,0,0,0,0,0,0,"callbacks, worker drawables, DXMT presentation, SourceEscrow, and synthetic GPU work retired",0,0,0,0,0,0,0,0,0,0,0,0
layer_owner_claimed,1,149,0,0,0,0,0,0,0,0,0,0,0,0,0,0,0,0,0,0,0,0,0,"exclusive CAMetalLayer claim acquired before display-link attachment",0,0,0,0,0,0,0,0,0,0,0,0
display_link_attached,1,149,0,0,0,0,0,0,0,0,0,0,0,0,0,0,0,0,0,0,0,0,0,"display link attached after ordinary Presenter drained",0,0,0,0,0,0,0,0,0,0,0,0
display_callbacks_enabled,1,149,0,0,0,0,0,0,0,0,0,0,0,0,0,0,0,0,0,0,0,0,0,"display-link callbacks enabled under exclusive layer claim",0,0,0,0,0,0,0,0,0,0,0,0
session_active,1,149,0,0,0,0,0,0,0,0,0,0,0,0,0,0,0,0,0,0,0,0,0,"display resumed in fresh epoch",0,0,0,0,0,0,0,0,0,0,0,0
source_candidate_reserved,1,149,0,0,1,150,0,0,261024650016208,0,0,0,0,0,261024733349541,0,0,0,0,1,0,0,0,"mandatory SourceEscrow allocated; source-only mode",0,0,0,0,0,0,0,0,0,0,150,0
escrow_setup_failed,1,149,0,0,1,150,0,0,261024650016208,0,0,0,0,0,261024733349541,0,0,0,0,0,0,0,0,"injected pre-commit SourceEscrow copy setup failure",0,0,0,0,0,0,0,0,0,0,150,0
source_state_transition,1,149,0,0,1,150,0,0,261024650016208,0,0,0,0,0,261024733349541,0,0,0,0,0,0,0,0,"escrow_preparing->retired:reservation cancelled before transfer",0,0,0,0,0,0,0,0,0,0,0,0
source_terminal,1,149,0,0,1,150,0,0,261024650016208,0,0,0,0,0,261024733349541,0,0,0,0,0,0,0,0,"ordinary_fallback:ordinary DXMT Presenter retained this source",0,0,0,0,0,0,0,0,0,0,0,0
source_candidate_cancelled,1,149,0,0,1,150,0,0,261024650016208,0,0,0,0,0,261024733349541,0,0,0,0,0,0,0,0,"uncommitted reservation returned to ordinary Presenter",0,0,0,0,0,0,0,0,0,0,0,0
layer_owner_draining,1,149,0,0,0,0,0,0,0,0,0,0,0,0,0,0,0,0,0,0,0,0,0,"generation stopped; display worker drains accepted real sources before callbacks stop",0,0,0,0,0,0,0,0,0,0,0,0
generation_submissions_drained,1,149,0,0,0,0,0,0,0,0,0,0,0,0,0,0,0,0,0,0,0,0,0,"no synthetic generation submission remains in flight",0,0,0,0,0,0,0,0,0,0,0,0
presentation_feedback_drained,1,149,0,0,0,0,0,0,0,0,0,0,0,0,0,0,0,0,0,0,0,0,0,"all accepted sources are terminal and drawable/GPU callbacks retired",0,0,0,0,0,0,0,0,0,0,0,0
display_callbacks_stopped,1,149,0,0,0,0,0,0,0,0,0,0,0,0,0,0,0,0,0,0,0,0,0,"display-link invalidated after in-flight delegate callbacks returned",0,0,0,0,0,0,0,0,0,0,0,0
worker_drawables_retired,1,149,0,0,0,0,0,0,0,0,0,0,0,0,0,0,0,0,0,0,0,0,0,"no presentation worker tick retains a callback-owned drawable",0,0,0,0,0,0,0,0,0,0,0,0
synthetic_gpu_work_drained,1,149,0,0,0,0,0,0,0,0,0,0,0,0,0,0,0,0,0,0,0,0,0,"all synthetic Framegen GPU completions retired before resource release",0,0,0,0,0,0,0,0,0,0,0,0
epoch_reset,1,150,0,0,0,0,0,0,0,0,0,0,0,0,0,0,0,0,0,0,0,0,0,"150",0,0,0,0,0,0,0,0,0,0,0,0
layer_owner_released,1,150,0,0,0,0,0,0,0,0,0,0,0,0,0,0,0,0,0,0,0,0,0,"callbacks, worker drawables, DXMT presentation, SourceEscrow, and synthetic GPU work retired",0,0,0,0,0,0,0,0,0,0,0,0
layer_owner_claimed,1,150,0,0,0,0,0,0,0,0,0,0,0,0,0,0,0,0,0,0,0,0,0,"exclusive CAMetalLayer claim acquired before display-link attachment",0,0,0,0,0,0,0,0,0,0,0,0
display_link_attached,1,150,0,0,0,0,0,0,0,0,0,0,0,0,0,0,0,0,0,0,0,0,0,"display link attached after ordinary Presenter drained",0,0,0,0,0,0,0,0,0,0,0,0
display_callbacks_enabled,1,150,0,0,0,0,0,0,0,0,0,0,0,0,0,0,0,0,0,0,0,0,0,"display-link callbacks enabled under exclusive layer claim",0,0,0,0,0,0,0,0,0,0,0,0
session_active,1,150,0,0,0,0,0,0,0,0,0,0,0,0,0,0,0,0,0,0,0,0,0,"display resumed in fresh epoch",0,0,0,0,0,0,0,0,0,0,0,0
source_candidate_reserved,1,150,0,0,1,151,0,0,261024682937958,0,0,0,0,0,261024766271291,0,0,0,0,1,0,0,0,"mandatory SourceEscrow allocated; source-only mode",0,0,0,0,0,0,0,0,0,0,151,0
escrow_setup_failed,1,150,0,0,1,151,0,0,261024682937958,0,0,0,0,0,261024766271291,0,0,0,0,0,0,0,0,"injected pre-commit SourceEscrow copy setup failure",0,0,0,0,0,0,0,0,0,0,151,0
source_state_transition,1,150,0,0,1,151,0,0,261024682937958,0,0,0,0,0,261024766271291,0,0,0,0,0,0,0,0,"escrow_preparing->retired:reservation cancelled before transfer",0,0,0,0,0,0,0,0,0,0,0,0
source_terminal,1,150,0,0,1,151,0,0,261024682937958,0,0,0,0,0,261024766271291,0,0,0,0,0,0,0,0,"ordinary_fallback:ordinary DXMT Presenter retained this source",0,0,0,0,0,0,0,0,0,0,0,0
source_candidate_cancelled,1,150,0,0,1,151,0,0,261024682937958,0,0,0,0,0,261024766271291,0,0,0,0,0,0,0,0,"uncommitted reservation returned to ordinary Presenter",0,0,0,0,0,0,0,0,0,0,0,0
layer_owner_draining,1,150,0,0,0,0,0,0,0,0,0,0,0,0,0,0,0,0,0,0,0,0,0,"generation stopped; display worker drains accepted real sources before callbacks stop",0,0,0,0,0,0,0,0,0,0,0,0
generation_submissions_drained,1,150,0,0,0,0,0,0,0,0,0,0,0,0,0,0,0,0,0,0,0,0,0,"no synthetic generation submission remains in flight",0,0,0,0,0,0,0,0,0,0,0,0
presentation_feedback_drained,1,150,0,0,0,0,0,0,0,0,0,0,0,0,0,0,0,0,0,0,0,0,0,"all accepted sources are terminal and drawable/GPU callbacks retired",0,0,0,0,0,0,0,0,0,0,0,0
display_callbacks_stopped,1,150,0,0,0,0,0,0,0,0,0,0,0,0,0,0,0,0,0,0,0,0,0,"display-link invalidated after in-flight delegate callbacks returned",0,0,0,0,0,0,0,0,0,0,0,0
worker_drawables_retired,1,150,0,0,0,0,0,0,0,0,0,0,0,0,0,0,0,0,0,0,0,0,0,"no presentation worker tick retains a callback-owned drawable",0,0,0,0,0,0,0,0,0,0,0,0
synthetic_gpu_work_drained,1,150,0,0,0,0,0,0,0,0,0,0,0,0,0,0,0,0,0,0,0,0,0,"all synthetic Framegen GPU completions retired before resource release",0,0,0,0,0,0,0,0,0,0,0,0
epoch_reset,1,151,0,0,0,0,0,0,0,0,0,0,0,0,0,0,0,0,0,0,0,0,0,"151",0,0,0,0,0,0,0,0,0,0,0,0
layer_owner_released,1,151,0,0,0,0,0,0,0,0,0,0,0,0,0,0,0,0,0,0,0,0,0,"callbacks, worker drawables, DXMT presentation, SourceEscrow, and synthetic GPU work retired",0,0,0,0,0,0,0,0,0,0,0,0
layer_owner_draining,1,151,0,0,0,0,0,0,0,0,0,0,0,0,0,0,0,0,0,0,0,0,0,"generation stopped; display worker drains accepted real sources before callbacks stop",0,0,0,0,0,0,0,0,0,0,0,0
generation_submissions_drained,1,151,0,0,0,0,0,0,0,0,0,0,0,0,0,0,0,0,0,0,0,0,0,"no synthetic generation submission remains in flight",0,0,0,0,0,0,0,0,0,0,0,0
presentation_feedback_drained,1,151,0,0,0,0,0,0,0,0,0,0,0,0,0,0,0,0,0,0,0,0,0,"all accepted sources are terminal and drawable/GPU callbacks retired",0,0,0,0,0,0,0,0,0,0,0,0
display_callbacks_stopped,1,151,0,0,0,0,0,0,0,0,0,0,0,0,0,0,0,0,0,0,0,0,0,"display-link invalidated after in-flight delegate callbacks returned",0,0,0,0,0,0,0,0,0,0,0,0
worker_drawables_retired,1,151,0,0,0,0,0,0,0,0,0,0,0,0,0,0,0,0,0,0,0,0,0,"no presentation worker tick retains a callback-owned drawable",0,0,0,0,0,0,0,0,0,0,0,0
synthetic_gpu_work_drained,1,151,0,0,0,0,0,0,0,0,0,0,0,0,0,0,0,0,0,0,0,0,0,"all synthetic Framegen GPU completions retired before resource release",0,0,0,0,0,0,0,0,0,0,0,0
epoch_reset,1,152,0,0,0,0,0,0,0,0,0,0,0,0,0,0,0,0,0,0,0,0,0,"152",0,0,0,0,0,0,0,0,0,0,0,0
layer_owner_released,1,152,0,0,0,0,0,0,0,0,0,0,0,0,0,0,0,0,0,0,0,0,0,"callbacks, worker drawables, DXMT presentation, SourceEscrow, and synthetic GPU work retired",0,0,0,0,0,0,0,0,0,0,0,0
