event,app_present_seq,elapsed_us,present_hr,requested_buffer_index,current_backbuffer_index_before,current_backbuffer_index_after,current_index_query_hr,buffer0_query_hr,color_id
present,1,22105,0x00000000,0,0,0,0x00000000,0x00000000,0
present,2,34249,0x00000000,0,0,0,0x00000000,0x00000000,0
present,3,67523,0x00000000,0,0,0,0x00000000,0x00000000,0
present,4,100739,0x00000000,0,0,0,0x00000000,0x00000000,0
present,5,133972,0x00000000,0,0,0,0x00000000,0x00000000,0
present,6,167240,0x00000000,0,0,0,0x00000000,0x00000000,0
present,7,200289,0x00000000,0,0,0,0x00000000,0x00000000,0
present,8,234493,0x00000000,0,0,0,0x00000000,0x00000000,0
present,9,267915,0x00000000,0,0,0,0x00000000,0x00000000,0
present,10,301114,0x00000000,0,0,0,0x00000000,0x00000000,0
present,11,334322,0x00000000,0,0,0,0x00000000,0x00000000,0
present,12,367614,0x00000000,0,0,0,0x00000000,0x00000000,0
present,13,400786,0x00000000,0,0,0,0x00000000,0x00000000,0
present,14,433969,0x00000000,0,0,0,0x00000000,0x00000000,0
present,15,467181,0x00000000,0,0,0,0x00000000,0x00000000,0
present,16,500726,0x00000000,0,0,0,0x00000000,0x00000000,0
present,17,534694,0x00000000,0,0,0,0x00000000,0x00000000,0
present,18,567556,0x00000000,0,0,0,0x00000000,0x00000000,0
present,19,601708,0x00000000,0,0,0,0x00000000,0x00000000,0
present,20,634174,0x00000000,0,0,0,0x00000000,0x00000000,0
present,21,667963,0x00000000,0,0,0,0x00000000,0x00000000,0
present,22,700656,0x00000000,0,0,0,0x00000000,0x00000000,0
present,23,734408,0x00000000,0,0,0,0x00000000,0x00000000,0
present,24,767213,0x00000000,0,0,0,0x00000000,0x00000000,0
present,25,800819,0x00000000,0,0,0,0x00000000,0x00000000,0
present,26,834639,0x00000000,0,0,0,0x00000000,0x00000000,0
present,27,867359,0x00000000,0,0,0,0x00000000,0x00000000,0
present,28,900646,0x00000000,0,0,0,0x00000000,0x00000000,0
present,29,934565,0x00000000,0,0,0,0x00000000,0x00000000,0
present,30,967371,0x00000000,0,0,0,0x00000000,0x00000000,0
present,31,1001347,0x00000000,0,0,0,0x00000000,0x00000000,0
present,32,1033857,0x00000000,0,0,0,0x00000000,0x00000000,0
present,33,1067251,0x00000000,0,0,0,0x00000000,0x00000000,0
present,34,1100582,0x00000000,0,0,0,0x00000000,0x00000000,0
present,35,1133880,0x00000000,0,0,0,0x00000000,0x00000000,0
present,36,1167199,0x00000000,0,0,0,0x00000000,0x00000000,0
present,37,1200513,0x00000000,0,0,0,0x00000000,0x00000000,0
present,38,1233731,0x00000000,0,0,0,0x00000000,0x00000000,0
present,39,1266919,0x00000000,0,0,0,0x00000000,0x00000000,0
present,40,1301451,0x00000000,0,0,0,0x00000000,0x00000000,0
present,41,1334107,0x00000000,0,0,0,0x00000000,0x00000000,0
present,42,1367966,0x00000000,0,0,0,0x00000000,0x00000000,0
present,43,1401013,0x00000000,0,0,0,0x00000000,0x00000000,0
present,44,1434891,0x00000000,0,0,0,0x00000000,0x00000000,0
present,45,1467588,0x00000000,0,0,0,0x00000000,0x00000000,0
present,46,1501543,0x00000000,0,0,0,0x00000000,0x00000000,0
present,47,1534259,0x00000000,0,0,0,0x00000000,0x00000000,0
present,48,1567496,0x00000000,0,0,0,0x00000000,0x00000000,0
present,49,1601208,0x00000000,0,0,0,0x00000000,0x00000000,0
present,50,1633832,0x00000000,0,0,0,0x00000000,0x00000000,0
present,51,1667512,0x00000000,0,0,0,0x00000000,0x00000000,0
present,52,1700670,0x00000000,0,0,0,0x00000000,0x00000000,0
present,53,1734068,0x00000000,0,0,0,0x00000000,0x00000000,0
present,54,1768061,0x00000000,0,0,0,0x00000000,0x00000000,0
present,55,1800653,0x00000000,0,0,0,0x00000000,0x00000000,0
present,56,1834029,0x00000000,0,0,0,0x00000000,0x00000000,0
present,57,1867240,0x00000000,0,0,0,0x00000000,0x00000000,0
present,58,1900561,0x00000000,0,0,0,0x00000000,0x00000000,0
present,59,1934432,0x00000000,0,0,0,0x00000000,0x00000000,0
present,60,1968263,0x00000000,0,0,0,0x00000000,0x00000000,0
present,61,2001322,0x00000000,0,0,0,0x00000000,0x00000000,1
present,62,2034016,0x00000000,0,0,0,0x00000000,0x00000000,1
present,63,2067851,0x00000000,0,0,0,0x00000000,0x00000000,1
present,64,2100721,0x00000000,0,0,0,0x00000000,0x00000000,1
present,65,2134003,0x00000000,0,0,0,0x00000000,0x00000000,1
present,66,2167845,0x00000000,0,0,0,0x00000000,0x00000000,1
present,67,2200706,0x00000000,0,0,0,0x00000000,0x00000000,1
present,68,2234670,0x00000000,0,0,0,0x00000000,0x00000000,1
present,69,2267534,0x00000000,0,0,0,0x00000000,0x00000000,1
present,70,2301018,0x00000000,0,0,0,0x00000000,0x00000000,1
present,71,2334639,0x00000000,0,0,0,0x00000000,0x00000000,1
present,72,2367271,0x00000000,0,0,0,0x00000000,0x00000000,1
present,73,2400838,0x00000000,0,0,0,0x00000000,0x00000000,1
present,74,2434551,0x00000000,0,0,0,0x00000000,0x00000000,1
present,75,2467235,0x00000000,0,0,0,0x00000000,0x00000000,1
present,76,2501124,0x00000000,0,0,0,0x00000000,0x00000000,1
present,77,2534811,0x00000000,0,0,0,0x00000000,0x00000000,1
present,78,2567598,0x00000000,0,0,0,0x00000000,0x00000000,1
present,79,2606742,0x00000000,0,0,0,0x00000000,0x00000000,1
present,80,2633603,0x00000000,0,0,0,0x00000000,0x00000000,1
present,81,2668256,0x00000000,0,0,0,0x00000000,0x00000000,1
present,82,2700935,0x00000000,0,0,0,0x00000000,0x00000000,1
present,83,2733875,0x00000000,0,0,0,0x00000000,0x00000000,1
present,84,2767366,0x00000000,0,0,0,0x00000000,0x00000000,1
present,85,2801458,0x00000000,0,0,0,0x00000000,0x00000000,1
present,86,2834403,0x00000000,0,0,0,0x00000000,0x00000000,1
present,87,2867324,0x00000000,0,0,0,0x00000000,0x00000000,1
present,88,2900723,0x00000000,0,0,0,0x00000000,0x00000000,1
present,89,2934871,0x00000000,0,0,0,0x00000000,0x00000000,1
present,90,2967375,0x00000000,0,0,0,0x00000000,0x00000000,1
present,91,3057666,0x00000000,0,0,0,0x00000000,0x00000000,1
present,92,3059028,0x00000000,0,0,0,0x00000000,0x00000000,1
present,93,3066926,0x00000000,0,0,0,0x00000000,0x00000000,1
present,94,3101512,0x00000000,0,0,0,0x00000000,0x00000000,1
present,95,3134515,0x00000000,0,0,0,0x00000000,0x00000000,1
present,96,3167493,0x00000000,0,0,0,0x00000000,0x00000000,1
present,97,3201341,0x00000000,0,0,0,0x00000000,0x00000000,1
present,98,3234070,0x00000000,0,0,0,0x00000000,0x00000000,1
present,99,3267276,0x00000000,0,0,0,0x00000000,0x00000000,1
present,100,3301747,0x00000000,0,0,0,0x00000000,0x00000000,1
present,101,3334592,0x00000000,0,0,0,0x00000000,0x00000000,1
present,102,3367276,0x00000000,0,0,0,0x00000000,0x00000000,1
present,103,3401080,0x00000000,0,0,0,0x00000000,0x00000000,1
present,104,3434933,0x00000000,0,0,0,0x00000000,0x00000000,1
present,105,3467673,0x00000000,0,0,0,0x00000000,0x00000000,1
present,106,3502247,0x00000000,0,0,0,0x00000000,0x00000000,1
present,107,3534195,0x00000000,0,0,0,0x00000000,0x00000000,1
present,108,3568017,0x00000000,0,0,0,0x00000000,0x00000000,1
present,109,3608887,0x00000000,0,0,0,0x00000000,0x00000000,1
present,110,3634386,0x00000000,0,0,0,0x00000000,0x00000000,1
present,111,3668131,0x00000000,0,0,0,0x00000000,0x00000000,1
present,112,3701038,0x00000000,0,0,0,0x00000000,0x00000000,1
present,113,3735192,0x00000000,0,0,0,0x00000000,0x00000000,1
present,114,3767259,0x00000000,0,0,0,0x00000000,0x00000000,1
present,115,3801205,0x00000000,0,0,0,0x00000000,0x00000000,1
present,116,3834134,0x00000000,0,0,0,0x00000000,0x00000000,1
present,117,3867214,0x00000000,0,0,0,0x00000000,0x00000000,1
present,118,3900561,0x00000000,0,0,0,0x00000000,0x00000000,1
present,119,3933936,0x00000000,0,0,0,0x00000000,0x00000000,1
present,120,3967415,0x00000000,0,0,0,0x00000000,0x00000000,1
present,121,4001156,0x00000000,0,0,0,0x00000000,0x00000000,2
present,122,4035889,0x00000000,0,0,0,0x00000000,0x00000000,2
present,123,4067239,0x00000000,0,0,0,0x00000000,0x00000000,2
present,124,4101101,0x00000000,0,0,0,0x00000000,0x00000000,2
present,125,4133931,0x00000000,0,0,0,0x00000000,0x00000000,2
present,126,4167450,0x00000000,0,0,0,0x00000000,0x00000000,2
present,127,4201220,0x00000000,0,0,0,0x00000000,0x00000000,2
present,128,4234133,0x00000000,0,0,0,0x00000000,0x00000000,2
present,129,4267932,0x00000000,0,0,0,0x00000000,0x00000000,2
present,130,4301049,0x00000000,0,0,0,0x00000000,0x00000000,2
present,131,4334900,0x00000000,0,0,0,0x00000000,0x00000000,2
present,132,4367776,0x00000000,0,0,0,0x00000000,0x00000000,2
present,133,4400587,0x00000000,0,0,0,0x00000000,0x00000000,2
present,134,4434529,0x00000000,0,0,0,0x00000000,0x00000000,2
present,135,4467272,0x00000000,0,0,0,0x00000000,0x00000000,2
present,136,4500557,0x00000000,0,0,0,0x00000000,0x00000000,2
present,137,4534265,0x00000000,0,0,0,0x00000000,0x00000000,2
present,138,4567233,0x00000000,0,0,0,0x00000000,0x00000000,2
present,139,4601126,0x00000000,0,0,0,0x00000000,0x00000000,2
present,140,4635049,0x00000000,0,0,0,0x00000000,0x00000000,2
present,141,4667523,0x00000000,0,0,0,0x00000000,0x00000000,2
present,142,4701086,0x00000000,0,0,0,0x00000000,0x00000000,2
present,143,4734964,0x00000000,0,0,0,0x00000000,0x00000000,2
present,144,4767290,0x00000000,0,0,0,0x00000000,0x00000000,2
present,145,4800619,0x00000000,0,0,0,0x00000000,0x00000000,2
present,146,4834209,0x00000000,0,0,0,0x00000000,0x00000000,2
present,147,4867961,0x00000000,0,0,0,0x00000000,0x00000000,2
present,148,4900874,0x00000000,0,0,0,0x00000000,0x00000000,2
present,149,4935497,0x00000000,0,0,0,0x00000000,0x00000000,2
present,150,4967258,0x00000000,0,0,0,0x00000000,0x00000000,2
present,151,5000690,0x00000000,0,0,0,0x00000000,0x00000000,2
present,152,5034562,0x00000000,0,0,0,0x00000000,0x00000000,2
present,153,5067435,0x00000000,0,0,0,0x00000000,0x00000000,2
present,154,5101040,0x00000000,0,0,0,0x00000000,0x00000000,2
present,155,5134304,0x00000000,0,0,0,0x00000000,0x00000000,2
present,156,5168025,0x00000000,0,0,0,0x00000000,0x00000000,2
present,157,5200648,0x00000000,0,0,0,0x00000000,0x00000000,2
present,158,5234485,0x00000000,0,0,0,0x00000000,0x00000000,2
present,159,5268733,0x00000000,0,0,0,0x00000000,0x00000000,2
present,160,5301759,0x00000000,0,0,0,0x00000000,0x00000000,2
present,161,5334033,0x00000000,0,0,0,0x00000000,0x00000000,2
present,162,5367907,0x00000000,0,0,0,0x00000000,0x00000000,2
present,163,5400308,0x00000000,0,0,0,0x00000000,0x00000000,2
present,164,5434128,0x00000000,0,0,0,0x00000000,0x00000000,2
present,165,5467397,0x00000000,0,0,0,0x00000000,0x00000000,2
present,166,5500698,0x00000000,0,0,0,0x00000000,0x00000000,2
present,167,5534590,0x00000000,0,0,0,0x00000000,0x00000000,2
present,168,5567773,0x00000000,0,0,0,0x00000000,0x00000000,2
present,169,5608142,0x00000000,0,0,0,0x00000000,0x00000000,2
present,170,5634571,0x00000000,0,0,0,0x00000000,0x00000000,2
present,171,5668437,0x00000000,0,0,0,0x00000000,0x00000000,2
present,172,5701267,0x00000000,0,0,0,0x00000000,0x00000000,2
present,173,5734470,0x00000000,0,0,0,0x00000000,0x00000000,2
present,174,5768436,0x00000000,0,0,0,0x00000000,0x00000000,2
present,175,5800756,0x00000000,0,0,0,0x00000000,0x00000000,2
present,176,5834687,0x00000000,0,0,0,0x00000000,0x00000000,2
present,177,5867276,0x00000000,0,0,0,0x00000000,0x00000000,2
present,178,5901181,0x00000000,0,0,0,0x00000000,0x00000000,2
present,179,5933933,0x00000000,0,0,0,0x00000000,0x00000000,2
present,180,5967825,0x00000000,0,0,0,0x00000000,0x00000000,2
present,181,6000675,0x00000000,0,0,0,0x00000000,0x00000000,3
present,182,6033947,0x00000000,0,0,0,0x00000000,0x00000000,3
present,183,6067613,0x00000000,0,0,0,0x00000000,0x00000000,3
present,184,6101626,0x00000000,0,0,0,0x00000000,0x00000000,3
present,185,6133943,0x00000000,0,0,0,0x00000000,0x00000000,3
present,186,6167382,0x00000000,0,0,0,0x00000000,0x00000000,3
present,187,6201262,0x00000000,0,0,0,0x00000000,0x00000000,3
present,188,6234312,0x00000000,0,0,0,0x00000000,0x00000000,3
present,189,6268160,0x00000000,0,0,0,0x00000000,0x00000000,3
present,190,6300681,0x00000000,0,0,0,0x00000000,0x00000000,3
present,191,6333963,0x00000000,0,0,0,0x00000000,0x00000000,3
present,192,6367285,0x00000000,0,0,0,0x00000000,0x00000000,3
present,193,6401195,0x00000000,0,0,0,0x00000000,0x00000000,3
present,194,6434270,0x00000000,0,0,0,0x00000000,0x00000000,3
present,195,6468009,0x00000000,0,0,0,0x00000000,0x00000000,3
present,196,6500850,0x00000000,0,0,0,0x00000000,0x00000000,3
present,197,6533996,0x00000000,0,0,0,0x00000000,0x00000000,3
present,198,6567869,0x00000000,0,0,0,0x00000000,0x00000000,3
present,199,6600428,0x00000000,0,0,0,0x00000000,0x00000000,3
present,200,6634172,0x00000000,0,0,0,0x00000000,0x00000000,3
present,201,6667413,0x00000000,0,0,0,0x00000000,0x00000000,3
present,202,6701221,0x00000000,0,0,0,0x00000000,0x00000000,3
present,203,6733949,0x00000000,0,0,0,0x00000000,0x00000000,3
present,204,6767804,0x00000000,0,0,0,0x00000000,0x00000000,3
present,205,6801841,0x00000000,0,0,0,0x00000000,0x00000000,3
present,206,6834078,0x00000000,0,0,0,0x00000000,0x00000000,3
present,207,6867456,0x00000000,0,0,0,0x00000000,0x00000000,3
present,208,6901277,0x00000000,0,0,0,0x00000000,0x00000000,3
present,209,6934122,0x00000000,0,0,0,0x00000000,0x00000000,3
present,210,6967917,0x00000000,0,0,0,0x00000000,0x00000000,3
present,211,7000678,0x00000000,0,0,0,0x00000000,0x00000000,3
present,212,7034558,0x00000000,0,0,0,0x00000000,0x00000000,3
present,213,7067391,0x00000000,0,0,0,0x00000000,0x00000000,3
present,214,7100935,0x00000000,0,0,0,0x00000000,0x00000000,3
present,215,7133940,0x00000000,0,0,0,0x00000000,0x00000000,3
present,216,7168110,0x00000000,0,0,0,0x00000000,0x00000000,3
present,217,7200822,0x00000000,0,0,0,0x00000000,0x00000000,3
present,218,7234790,0x00000000,0,0,0,0x00000000,0x00000000,3
present,219,7267618,0x00000000,0,0,0,0x00000000,0x00000000,3
present,220,7301449,0x00000000,0,0,0,0x00000000,0x00000000,3
present,221,7334047,0x00000000,0,0,0,0x00000000,0x00000000,3
present,222,7367702,0x00000000,0,0,0,0x00000000,0x00000000,3
present,223,7400556,0x00000000,0,0,0,0x00000000,0x00000000,3
present,224,7434366,0x00000000,0,0,0,0x00000000,0x00000000,3
present,225,7468334,0x00000000,0,0,0,0x00000000,0x00000000,3
present,226,7501230,0x00000000,0,0,0,0x00000000,0x00000000,3
present,227,7534301,0x00000000,0,0,0,0x00000000,0x00000000,3
present,228,7568085,0x00000000,0,0,0,0x00000000,0x00000000,3
present,229,7607800,0x00000000,0,0,0,0x00000000,0x00000000,3
present,230,7634231,0x00000000,0,0,0,0x00000000,0x00000000,3
present,231,7668483,0x00000000,0,0,0,0x00000000,0x00000000,3
present,232,7700708,0x00000000,0,0,0,0x00000000,0x00000000,3
present,233,7734470,0x00000000,0,0,0,0x00000000,0x00000000,3
present,234,7768365,0x00000000,0,0,0,0x00000000,0x00000000,3
present,235,7801509,0x00000000,0,0,0,0x00000000,0x00000000,3
present,236,7834711,0x00000000,0,0,0,0x00000000,0x00000000,3
present,237,7867613,0x00000000,0,0,0,0x00000000,0x00000000,3
present,238,7900619,0x00000000,0,0,0,0x00000000,0x00000000,3
present,239,7934453,0x00000000,0,0,0,0x00000000,0x00000000,3
present,240,7967310,0x00000000,0,0,0,0x00000000,0x00000000,3
present,241,8001235,0x00000000,0,0,0,0x00000000,0x00000000,0
present,242,8033932,0x00000000,0,0,0,0x00000000,0x00000000,0
present,243,8067750,0x00000000,0,0,0,0x00000000,0x00000000,0
present,244,8101711,0x00000000,0,0,0,0x00000000,0x00000000,0
present,245,8135594,0x00000000,0,0,0,0x00000000,0x00000000,0
present,246,8167414,0x00000000,0,0,0,0x00000000,0x00000000,0
present,247,8201212,0x00000000,0,0,0,0x00000000,0x00000000,0
present,248,8233976,0x00000000,0,0,0,0x00000000,0x00000000,0
present,249,8267866,0x00000000,0,0,0,0x00000000,0x00000000,0
present,250,8300784,0x00000000,0,0,0,0x00000000,0x00000000,0
present,251,8334743,0x00000000,0,0,0,0x00000000,0x00000000,0
present,252,8367527,0x00000000,0,0,0,0x00000000,0x00000000,0
present,253,8400761,0x00000000,0,0,0,0x00000000,0x00000000,0
present,254,8434464,0x00000000,0,0,0,0x00000000,0x00000000,0
present,255,8468426,0x00000000,0,0,0,0x00000000,0x00000000,0
present,256,8501393,0x00000000,0,0,0,0x00000000,0x00000000,0
present,257,8534015,0x00000000,0,0,0,0x00000000,0x00000000,0
present,258,8567690,0x00000000,0,0,0,0x00000000,0x00000000,0
present,259,8607860,0x00000000,0,0,0,0x00000000,0x00000000,0
present,260,8634239,0x00000000,0,0,0,0x00000000,0x00000000,0
present,261,8668073,0x00000000,0,0,0,0x00000000,0x00000000,0
present,262,8700590,0x00000000,0,0,0,0x00000000,0x00000000,0
present,263,8734472,0x00000000,0,0,0,0x00000000,0x00000000,0
present,264,8768516,0x00000000,0,0,0,0x00000000,0x00000000,0
present,265,8800569,0x00000000,0,0,0,0x00000000,0x00000000,0
present,266,8834293,0x00000000,0,0,0,0x00000000,0x00000000,0
present,267,8868100,0x00000000,0,0,0,0x00000000,0x00000000,0
present,268,8901055,0x00000000,0,0,0,0x00000000,0x00000000,0
present,269,8934253,0x00000000,0,0,0,0x00000000,0x00000000,0
present,270,8968269,0x00000000,0,0,0,0x00000000,0x00000000,0
present,271,9002162,0x00000000,0,0,0,0x00000000,0x00000000,0
present,272,9035032,0x00000000,0,0,0,0x00000000,0x00000000,0
present,273,9067330,0x00000000,0,0,0,0x00000000,0x00000000,0
present,274,9100829,0x00000000,0,0,0,0x00000000,0x00000000,0
present,275,9134168,0x00000000,0,0,0,0x00000000,0x00000000,0
present,276,9167917,0x00000000,0,0,0,0x00000000,0x00000000,0
present,277,9200622,0x00000000,0,0,0,0x00000000,0x00000000,0
present,278,9234064,0x00000000,0,0,0,0x00000000,0x00000000,0
present,279,9267357,0x00000000,0,0,0,0x00000000,0x00000000,0
present,280,9301226,0x00000000,0,0,0,0x00000000,0x00000000,0
present,281,9334199,0x00000000,0,0,0,0x00000000,0x00000000,0
present,282,9366843,0x00000000,0,0,0,0x00000000,0x00000000,0
present,283,9401756,0x00000000,0,0,0,0x00000000,0x00000000,0
present,284,9434546,0x00000000,0,0,0,0x00000000,0x00000000,0
present,285,9467296,0x00000000,0,0,0,0x00000000,0x00000000,0
present,286,9500650,0x00000000,0,0,0,0x00000000,0x00000000,0
present,287,9534565,0x00000000,0,0,0,0x00000000,0x00000000,0
present,288,9567212,0x00000000,0,0,0,0x00000000,0x00000000,0
present,289,9600604,0x00000000,0,0,0,0x00000000,0x00000000,0
present,290,9634319,0x00000000,0,0,0,0x00000000,0x00000000,0
present,291,9667468,0x00000000,0,0,0,0x00000000,0x00000000,0
present,292,9700943,0x00000000,0,0,0,0x00000000,0x00000000,0
present,293,9734058,0x00000000,0,0,0,0x00000000,0x00000000,0
present,294,9768710,0x00000000,0,0,0,0x00000000,0x00000000,0
present,295,9801582,0x00000000,0,0,0,0x00000000,0x00000000,0
present,296,9834596,0x00000000,0,0,0,0x00000000,0x00000000,0
present,297,9867265,0x00000000,0,0,0,0x00000000,0x00000000,0
present,298,9900564,0x00000000,0,0,0,0x00000000,0x00000000,0
present,299,9934300,0x00000000,0,0,0,0x00000000,0x00000000,0
present,300,9968069,0x00000000,0,0,0,0x00000000,0x00000000,0
present,301,10000867,0x00000000,0,0,0,0x00000000,0x00000000,1
present,302,10034138,0x00000000,0,0,0,0x00000000,0x00000000,1
present,303,10067278,0x00000000,0,0,0,0x00000000,0x00000000,1
present,304,10100523,0x00000000,0,0,0,0x00000000,0x00000000,1
present,305,10134209,0x00000000,0,0,0,0x00000000,0x00000000,1
present,306,10167369,0x00000000,0,0,0,0x00000000,0x00000000,1
present,307,10201222,0x00000000,0,0,0,0x00000000,0x00000000,1
present,308,10234732,0x00000000,0,0,0,0x00000000,0x00000000,1
present,309,10267588,0x00000000,0,0,0,0x00000000,0x00000000,1
present,310,10301492,0x00000000,0,0,0,0x00000000,0x00000000,1
present,311,10334498,0x00000000,0,0,0,0x00000000,0x00000000,1
present,312,10368350,0x00000000,0,0,0,0x00000000,0x00000000,1
present,313,10400619,0x00000000,0,0,0,0x00000000,0x00000000,1
present,314,10434019,0x00000000,0,0,0,0x00000000,0x00000000,1
present,315,10467542,0x00000000,0,0,0,0x00000000,0x00000000,1
present,316,10500651,0x00000000,0,0,0,0x00000000,0x00000000,1
present,317,10534539,0x00000000,0,0,0,0x00000000,0x00000000,1
present,318,10567435,0x00000000,0,0,0,0x00000000,0x00000000,1
present,319,10600907,0x00000000,0,0,0,0x00000000,0x00000000,1
present,320,10634624,0x00000000,0,0,0,0x00000000,0x00000000,1
present,321,10667310,0x00000000,0,0,0,0x00000000,0x00000000,1
present,322,10701371,0x00000000,0,0,0,0x00000000,0x00000000,1
present,323,10734554,0x00000000,0,0,0,0x00000000,0x00000000,1
present,324,10767236,0x00000000,0,0,0,0x00000000,0x00000000,1
present,325,10800605,0x00000000,0,0,0,0x00000000,0x00000000,1
present,326,10833909,0x00000000,0,0,0,0x00000000,0x00000000,1
present,327,10867660,0x00000000,0,0,0,0x00000000,0x00000000,1
present,328,10901453,0x00000000,0,0,0,0x00000000,0x00000000,1
present,329,10934253,0x00000000,0,0,0,0x00000000,0x00000000,1
present,330,10967285,0x00000000,0,0,0,0x00000000,0x00000000,1
present,331,11000604,0x00000000,0,0,0,0x00000000,0x00000000,1
present,332,11033928,0x00000000,0,0,0,0x00000000,0x00000000,1
present,333,11067251,0x00000000,0,0,0,0x00000000,0x00000000,1
present,334,11101062,0x00000000,0,0,0,0x00000000,0x00000000,1
present,335,11133993,0x00000000,0,0,0,0x00000000,0x00000000,1
present,336,11167284,0x00000000,0,0,0,0x00000000,0x00000000,1
present,337,11200604,0x00000000,0,0,0,0x00000000,0x00000000,1
present,338,11233781,0x00000000,0,0,0,0x00000000,0x00000000,1
present,339,11267197,0x00000000,0,0,0,0x00000000,0x00000000,1
present,340,11301093,0x00000000,0,0,0,0x00000000,0x00000000,1
present,341,11334799,0x00000000,0,0,0,0x00000000,0x00000000,1
present,342,11367586,0x00000000,0,0,0,0x00000000,0x00000000,1
present,343,11400856,0x00000000,0,0,0,0x00000000,0x00000000,1
present,344,11434721,0x00000000,0,0,0,0x00000000,0x00000000,1
present,345,11467272,0x00000000,0,0,0,0x00000000,0x00000000,1
present,346,11500644,0x00000000,0,0,0,0x00000000,0x00000000,1
present,347,11533955,0x00000000,0,0,0,0x00000000,0x00000000,1
present,348,11567755,0x00000000,0,0,0,0x00000000,0x00000000,1
present,349,11601000,0x00000000,0,0,0,0x00000000,0x00000000,1
present,350,11634044,0x00000000,0,0,0,0x00000000,0x00000000,1
present,351,11667837,0x00000000,0,0,0,0x00000000,0x00000000,1
present,352,11701764,0x00000000,0,0,0,0x00000000,0x00000000,1
present,353,11734111,0x00000000,0,0,0,0x00000000,0x00000000,1
present,354,11767910,0x00000000,0,0,0,0x00000000,0x00000000,1
present,355,11800566,0x00000000,0,0,0,0x00000000,0x00000000,1
present,356,11833901,0x00000000,0,0,0,0x00000000,0x00000000,1
present,357,11867307,0x00000000,0,0,0,0x00000000,0x00000000,1
present,358,11901247,0x00000000,0,0,0,0x00000000,0x00000000,1
present,359,11933978,0x00000000,0,0,0,0x00000000,0x00000000,1
present,360,11967231,0x00000000,0,0,0,0x00000000,0x00000000,1
present,361,12000560,0x00000000,0,0,0,0x00000000,0x00000000,2
present,362,12034196,0x00000000,0,0,0,0x00000000,0x00000000,2
present,363,12068030,0x00000000,0,0,0,0x00000000,0x00000000,2
present,364,12100563,0x00000000,0,0,0,0x00000000,0x00000000,2
present,365,12134432,0x00000000,0,0,0,0x00000000,0x00000000,2
present,366,12167701,0x00000000,0,0,0,0x00000000,0x00000000,2
present,367,12201581,0x00000000,0,0,0,0x00000000,0x00000000,2
present,368,12234665,0x00000000,0,0,0,0x00000000,0x00000000,2
present,369,12267433,0x00000000,0,0,0,0x00000000,0x00000000,2
present,370,12300824,0x00000000,0,0,0,0x00000000,0x00000000,2
present,371,12334735,0x00000000,0,0,0,0x00000000,0x00000000,2
present,372,12367543,0x00000000,0,0,0,0x00000000,0x00000000,2
present,373,12401401,0x00000000,0,0,0,0x00000000,0x00000000,2
present,374,12434000,0x00000000,0,0,0,0x00000000,0x00000000,2
present,375,12467910,0x00000000,0,0,0,0x00000000,0x00000000,2
present,376,12500812,0x00000000,0,0,0,0x00000000,0x00000000,2
present,377,12533958,0x00000000,0,0,0,0x00000000,0x00000000,2
present,378,12567200,0x00000000,0,0,0,0x00000000,0x00000000,2
present,379,12601170,0x00000000,0,0,0,0x00000000,0x00000000,2
present,380,12633641,0x00000000,0,0,0,0x00000000,0x00000000,2
present,381,12667550,0x00000000,0,0,0,0x00000000,0x00000000,2
present,382,12701380,0x00000000,0,0,0,0x00000000,0x00000000,2
present,383,12734268,0x00000000,0,0,0,0x00000000,0x00000000,2
present,384,12767266,0x00000000,0,0,0,0x00000000,0x00000000,2
present,385,12801631,0x00000000,0,0,0,0x00000000,0x00000000,2
present,386,12834452,0x00000000,0,0,0,0x00000000,0x00000000,2
present,387,12868399,0x00000000,0,0,0,0x00000000,0x00000000,2
present,388,12900592,0x00000000,0,0,0,0x00000000,0x00000000,2
present,389,12933987,0x00000000,0,0,0,0x00000000,0x00000000,2
present,390,12967873,0x00000000,0,0,0,0x00000000,0x00000000,2
present,391,13000765,0x00000000,0,0,0,0x00000000,0x00000000,2
present,392,13034514,0x00000000,0,0,0,0x00000000,0x00000000,2
present,393,13067312,0x00000000,0,0,0,0x00000000,0x00000000,2
present,394,13101016,0x00000000,0,0,0,0x00000000,0x00000000,2
present,395,13133665,0x00000000,0,0,0,0x00000000,0x00000000,2
present,396,13167561,0x00000000,0,0,0,0x00000000,0x00000000,2
present,397,13201104,0x00000000,0,0,0,0x00000000,0x00000000,2
present,398,13234670,0x00000000,0,0,0,0x00000000,0x00000000,2
present,399,13267299,0x00000000,0,0,0,0x00000000,0x00000000,2
present,400,13300503,0x00000000,0,0,0,0x00000000,0x00000000,2
present,401,13334271,0x00000000,0,0,0,0x00000000,0x00000000,2
present,402,13367293,0x00000000,0,0,0,0x00000000,0x00000000,2
present,403,13400727,0x00000000,0,0,0,0x00000000,0x00000000,2
present,404,13433986,0x00000000,0,0,0,0x00000000,0x00000000,2
present,405,13467257,0x00000000,0,0,0,0x00000000,0x00000000,2
present,406,13501093,0x00000000,0,0,0,0x00000000,0x00000000,2
present,407,13534138,0x00000000,0,0,0,0x00000000,0x00000000,2
present,408,13567300,0x00000000,0,0,0,0x00000000,0x00000000,2
present,409,13601751,0x00000000,0,0,0,0x00000000,0x00000000,2
present,410,13634193,0x00000000,0,0,0,0x00000000,0x00000000,2
present,411,13668005,0x00000000,0,0,0,0x00000000,0x00000000,2
present,412,13700843,0x00000000,0,0,0,0x00000000,0x00000000,2
present,413,13734947,0x00000000,0,0,0,0x00000000,0x00000000,2
present,414,13767690,0x00000000,0,0,0,0x00000000,0x00000000,2
present,415,13801636,0x00000000,0,0,0,0x00000000,0x00000000,2
present,416,13834442,0x00000000,0,0,0,0x00000000,0x00000000,2
present,417,13867320,0x00000000,0,0,0,0x00000000,0x00000000,2
present,418,13900685,0x00000000,0,0,0,0x00000000,0x00000000,2
present,419,13934790,0x00000000,0,0,0,0x00000000,0x00000000,2
present,420,13967594,0x00000000,0,0,0,0x00000000,0x00000000,2
present,421,14001468,0x00000000,0,0,0,0x00000000,0x00000000,3
present,422,14043313,0x00000000,0,0,0,0x00000000,0x00000000,3
present,423,14067666,0x00000000,0,0,0,0x00000000,0x00000000,3
present,424,14100948,0x00000000,0,0,0,0x00000000,0x00000000,3
present,425,14134133,0x00000000,0,0,0,0x00000000,0x00000000,3
present,426,14166820,0x00000000,0,0,0,0x00000000,0x00000000,3
present,427,14201786,0x00000000,0,0,0,0x00000000,0x00000000,3
present,428,14234464,0x00000000,0,0,0,0x00000000,0x00000000,3
present,429,14267329,0x00000000,0,0,0,0x00000000,0x00000000,3
present,430,14301201,0x00000000,0,0,0,0x00000000,0x00000000,3
present,431,14334042,0x00000000,0,0,0,0x00000000,0x00000000,3
present,432,14367297,0x00000000,0,0,0,0x00000000,0x00000000,3
present,433,14401239,0x00000000,0,0,0,0x00000000,0x00000000,3
present,434,14434048,0x00000000,0,0,0,0x00000000,0x00000000,3
present,435,14468079,0x00000000,0,0,0,0x00000000,0x00000000,3
present,436,14500974,0x00000000,0,0,0,0x00000000,0x00000000,3
present,437,14535383,0x00000000,0,0,0,0x00000000,0x00000000,3
present,438,14566789,0x00000000,0,0,0,0x00000000,0x00000000,3
present,439,14601627,0x00000000,0,0,0,0x00000000,0x00000000,3
present,440,14634528,0x00000000,0,0,0,0x00000000,0x00000000,3
present,441,14667393,0x00000000,0,0,0,0x00000000,0x00000000,3
present,442,14701264,0x00000000,0,0,0,0x00000000,0x00000000,3
present,443,14733919,0x00000000,0,0,0,0x00000000,0x00000000,3
present,444,14767961,0x00000000,0,0,0,0x00000000,0x00000000,3
present,445,14800628,0x00000000,0,0,0,0x00000000,0x00000000,3
present,446,14834593,0x00000000,0,0,0,0x00000000,0x00000000,3
present,447,14867449,0x00000000,0,0,0,0x00000000,0x00000000,3
present,448,14900621,0x00000000,0,0,0,0x00000000,0x00000000,3
present,449,14933911,0x00000000,0,0,0,0x00000000,0x00000000,3
present,450,14968008,0x00000000,0,0,0,0x00000000,0x00000000,3
present,451,15000758,0x00000000,0,0,0,0x00000000,0x00000000,3
framegen_disabled,451,15001,0,0,0
present,452,15097652,0x00000000,0,0,0,0x00000000,0x00000000,3
present,453,15097893,0x00000000,0,0,0,0x00000000,0x00000000,3
present,454,15100174,0x00000000,0,0,0,0x00000000,0x00000000,3
present,455,15133682,0x00000000,0,0,0,0x00000000,0x00000000,3
present,456,15167203,0x00000000,0,0,0,0x00000000,0x00000000,3
present,457,15200625,0x00000000,0,0,0,0x00000000,0x00000000,3
present,458,15234170,0x00000000,0,0,0,0x00000000,0x00000000,3
present,459,15267773,0x00000000,0,0,0,0x00000000,0x00000000,3
present,460,15301288,0x00000000,0,0,0,0x00000000,0x00000000,3
present,461,15333725,0x00000000,0,0,0,0x00000000,0x00000000,3
present,462,15367036,0x00000000,0,0,0,0x00000000,0x00000000,3
present,463,15400361,0x00000000,0,0,0,0x00000000,0x00000000,3
present,464,15433655,0x00000000,0,0,0,0x00000000,0x00000000,3
present,465,15467230,0x00000000,0,0,0,0x00000000,0x00000000,3
present,466,15500783,0x00000000,0,0,0,0x00000000,0x00000000,3
present,467,15534361,0x00000000,0,0,0,0x00000000,0x00000000,3
present,468,15566993,0x00000000,0,0,0,0x00000000,0x00000000,3
present,469,15600727,0x00000000,0,0,0,0x00000000,0x00000000,3
present,470,15634364,0x00000000,0,0,0,0x00000000,0x00000000,3
present,471,15668008,0x00000000,0,0,0,0x00000000,0x00000000,3
present,472,15700355,0x00000000,0,0,0,0x00000000,0x00000000,3
present,473,15733702,0x00000000,0,0,0,0x00000000,0x00000000,3
present,474,15767289,0x00000000,0,0,0,0x00000000,0x00000000,3
present,475,15800872,0x00000000,0,0,0,0x00000000,0x00000000,3
present,476,15833783,0x00000000,0,0,0,0x00000000,0x00000000,3
present,477,15867027,0x00000000,0,0,0,0x00000000,0x00000000,3
present,478,15900513,0x00000000,0,0,0,0x00000000,0x00000000,3
present,479,15933789,0x00000000,0,0,0,0x00000000,0x00000000,3
present,480,15967062,0x00000000,0,0,0,0x00000000,0x00000000,3
present,481,16000674,0x00000000,0,0,0,0x00000000,0x00000000,0
present,482,16034275,0x00000000,0,0,0,0x00000000,0x00000000,0
present,483,16067057,0x00000000,0,0,0,0x00000000,0x00000000,0
present,484,16100353,0x00000000,0,0,0,0x00000000,0x00000000,0
present,485,16133952,0x00000000,0,0,0,0x00000000,0x00000000,0
present,486,16167008,0x00000000,0,0,0,0x00000000,0x00000000,0
present,487,16200568,0x00000000,0,0,0,0x00000000,0x00000000,0
present,488,16233708,0x00000000,0,0,0,0x00000000,0x00000000,0
present,489,16267048,0x00000000,0,0,0,0x00000000,0x00000000,0
present,490,16300386,0x00000000,0,0,0,0x00000000,0x00000000,0
present,491,16333970,0x00000000,0,0,0,0x00000000,0x00000000,0
present,492,16367030,0x00000000,0,0,0,0x00000000,0x00000000,0
present,493,16400560,0x00000000,0,0,0,0x00000000,0x00000000,0
present,494,16433733,0x00000000,0,0,0,0x00000000,0x00000000,0
present,495,16467279,0x00000000,0,0,0,0x00000000,0x00000000,0
present,496,16500379,0x00000000,0,0,0,0x00000000,0x00000000,0
present,497,16533926,0x00000000,0,0,0,0x00000000,0x00000000,0
present,498,16567335,0x00000000,0,0,0,0x00000000,0x00000000,0
present,499,16600413,0x00000000,0,0,0,0x00000000,0x00000000,0
present,500,16634047,0x00000000,0,0,0,0x00000000,0x00000000,0
present,501,16667105,0x00000000,0,0,0,0x00000000,0x00000000,0
present,502,16700661,0x00000000,0,0,0,0x00000000,0x00000000,0
present,503,16734224,0x00000000,0,0,0,0x00000000,0x00000000,0
present,504,16767896,0x00000000,0,0,0,0x00000000,0x00000000,0
present,505,16800391,0x00000000,0,0,0,0x00000000,0x00000000,0
present,506,16833970,0x00000000,0,0,0,0x00000000,0x00000000,0
present,507,16867547,0x00000000,0,0,0,0x00000000,0x00000000,0
present,508,16901227,0x00000000,0,0,0,0x00000000,0x00000000,0
present,509,16933749,0x00000000,0,0,0,0x00000000,0x00000000,0
present,510,16967360,0x00000000,0,0,0,0x00000000,0x00000000,0
present,511,17000388,0x00000000,0,0,0,0x00000000,0x00000000,0
present,512,17033710,0x00000000,0,0,0,0x00000000,0x00000000,0
present,513,17067103,0x00000000,0,0,0,0x00000000,0x00000000,0
present,514,17100502,0x00000000,0,0,0,0x00000000,0x00000000,0
present,515,17133456,0x00000000,0,0,0,0x00000000,0x00000000,0
present,516,17167765,0x00000000,0,0,0,0x00000000,0x00000000,0
present,517,17200291,0x00000000,0,0,0,0x00000000,0x00000000,0
present,518,17233753,0x00000000,0,0,0,0x00000000,0x00000000,0
present,519,17267053,0x00000000,0,0,0,0x00000000,0x00000000,0
present,520,17300713,0x00000000,0,0,0,0x00000000,0x00000000,0
present,521,17334297,0x00000000,0,0,0,0x00000000,0x00000000,0
present,522,17367860,0x00000000,0,0,0,0x00000000,0x00000000,0
present,523,17400444,0x00000000,0,0,0,0x00000000,0x00000000,0
present,524,17434004,0x00000000,0,0,0,0x00000000,0x00000000,0
present,525,17467017,0x00000000,0,0,0,0x00000000,0x00000000,0
present,526,17500566,0x00000000,0,0,0,0x00000000,0x00000000,0
present,527,17533696,0x00000000,0,0,0,0x00000000,0x00000000,0
present,528,17567241,0x00000000,0,0,0,0x00000000,0x00000000,0
present,529,17600933,0x00000000,0,0,0,0x00000000,0x00000000,0
present,530,17633737,0x00000000,0,0,0,0x00000000,0x00000000,0
present,531,17667189,0x00000000,0,0,0,0x00000000,0x00000000,0
present,532,17700543,0x00000000,0,0,0,0x00000000,0x00000000,0
present,533,17733742,0x00000000,0,0,0,0x00000000,0x00000000,0
present,534,17767060,0x00000000,0,0,0,0x00000000,0x00000000,0
present,535,17800668,0x00000000,0,0,0,0x00000000,0x00000000,0
present,536,17834317,0x00000000,0,0,0,0x00000000,0x00000000,0
present,537,17867105,0x00000000,0,0,0,0x00000000,0x00000000,0
present,538,17900395,0x00000000,0,0,0,0x00000000,0x00000000,0
present,539,17934097,0x00000000,0,0,0,0x00000000,0x00000000,0
present,540,17967740,0x00000000,0,0,0,0x00000000,0x00000000,0
present,541,18001344,0x00000000,0,0,0,0x00000000,0x00000000,1
present,542,18033940,0x00000000,0,0,0,0x00000000,0x00000000,1
present,543,18066876,0x00000000,0,0,0,0x00000000,0x00000000,1
present,544,18101176,0x00000000,0,0,0,0x00000000,0x00000000,1
present,545,18134612,0x00000000,0,0,0,0x00000000,0x00000000,1
present,546,18167134,0x00000000,0,0,0,0x00000000,0x00000000,1
present,547,18200809,0x00000000,0,0,0,0x00000000,0x00000000,1
present,548,18233790,0x00000000,0,0,0,0x00000000,0x00000000,1
present,549,18267030,0x00000000,0,0,0,0x00000000,0x00000000,1
present,550,18300360,0x00000000,0,0,0,0x00000000,0x00000000,1
present,551,18333919,0x00000000,0,0,0,0x00000000,0x00000000,1
present,552,18367031,0x00000000,0,0,0,0x00000000,0x00000000,1
present,553,18400316,0x00000000,0,0,0,0x00000000,0x00000000,1
present,554,18433699,0x00000000,0,0,0,0x00000000,0x00000000,1
present,555,18467038,0x00000000,0,0,0,0x00000000,0x00000000,1
present,556,18500600,0x00000000,0,0,0,0x00000000,0x00000000,1
present,557,18533769,0x00000000,0,0,0,0x00000000,0x00000000,1
present,558,18567314,0x00000000,0,0,0,0x00000000,0x00000000,1
present,559,18606817,0x00000000,0,0,0,0x00000000,0x00000000,1
present,560,18634114,0x00000000,0,0,0,0x00000000,0x00000000,1
present,561,18667455,0x00000000,0,0,0,0x00000000,0x00000000,1
present,562,18700267,0x00000000,0,0,0,0x00000000,0x00000000,1
present,563,18733651,0x00000000,0,0,0,0x00000000,0x00000000,1
present,564,18767177,0x00000000,0,0,0,0x00000000,0x00000000,1
present,565,18800378,0x00000000,0,0,0,0x00000000,0x00000000,1
present,566,18833676,0x00000000,0,0,0,0x00000000,0x00000000,1
present,567,18867000,0x00000000,0,0,0,0x00000000,0x00000000,1
present,568,18900357,0x00000000,0,0,0,0x00000000,0x00000000,1
present,569,18933668,0x00000000,0,0,0,0x00000000,0x00000000,1
present,570,18967367,0x00000000,0,0,0,0x00000000,0x00000000,1
present,571,19000922,0x00000000,0,0,0,0x00000000,0x00000000,1
present,572,19033662,0x00000000,0,0,0,0x00000000,0x00000000,1
present,573,19067004,0x00000000,0,0,0,0x00000000,0x00000000,1
present,574,19100639,0x00000000,0,0,0,0x00000000,0x00000000,1
present,575,19134222,0x00000000,0,0,0,0x00000000,0x00000000,1
present,576,19167829,0x00000000,0,0,0,0x00000000,0x00000000,1
present,577,19200385,0x00000000,0,0,0,0x00000000,0x00000000,1
present,578,19233645,0x00000000,0,0,0,0x00000000,0x00000000,1
present,579,19267005,0x00000000,0,0,0,0x00000000,0x00000000,1
present,580,19300582,0x00000000,0,0,0,0x00000000,0x00000000,1
present,581,19333676,0x00000000,0,0,0,0x00000000,0x00000000,1
present,582,19366990,0x00000000,0,0,0,0x00000000,0x00000000,1
present,583,19400317,0x00000000,0,0,0,0x00000000,0x00000000,1
present,584,19433852,0x00000000,0,0,0,0x00000000,0x00000000,1
present,585,19467042,0x00000000,0,0,0,0x00000000,0x00000000,1
present,586,19500346,0x00000000,0,0,0,0x00000000,0x00000000,1
present,587,19533703,0x00000000,0,0,0,0x00000000,0x00000000,1
present,588,19567209,0x00000000,0,0,0,0x00000000,0x00000000,1
present,589,19601033,0x00000000,0,0,0,0x00000000,0x00000000,1
present,590,19634112,0x00000000,0,0,0,0x00000000,0x00000000,1
present,591,19667639,0x00000000,0,0,0,0x00000000,0x00000000,1
present,592,19700335,0x00000000,0,0,0,0x00000000,0x00000000,1
present,593,19733910,0x00000000,0,0,0,0x00000000,0x00000000,1
present,594,19767098,0x00000000,0,0,0,0x00000000,0x00000000,1
present,595,19800327,0x00000000,0,0,0,0x00000000,0x00000000,1
present,596,19833915,0x00000000,0,0,0,0x00000000,0x00000000,1
present,597,19867556,0x00000000,0,0,0,0x00000000,0x00000000,1
present,598,19901279,0x00000000,0,0,0,0x00000000,0x00000000,1
present,599,19934137,0x00000000,0,0,0,0x00000000,0x00000000,1
present,600,19966989,0x00000000,0,0,0,0x00000000,0x00000000,1
present,601,20000465,0x00000000,0,0,0,0x00000000,0x00000000,2
framegen_enabled,601,20001,0,0,0
present,602,20037719,0x00000000,0,0,0,0x00000000,0x00000000,2
present,603,20067788,0x00000000,0,0,0,0x00000000,0x00000000,2
present,604,20101736,0x00000000,0,0,0,0x00000000,0x00000000,2
present,605,20134329,0x00000000,0,0,0,0x00000000,0x00000000,2
present,606,20168083,0x00000000,0,0,0,0x00000000,0x00000000,2
present,607,20200699,0x00000000,0,0,0,0x00000000,0x00000000,2
present,608,20233928,0x00000000,0,0,0,0x00000000,0x00000000,2
present,609,20267672,0x00000000,0,0,0,0x00000000,0x00000000,2
present,610,20301571,0x00000000,0,0,0,0x00000000,0x00000000,2
present,611,20333776,0x00000000,0,0,0,0x00000000,0x00000000,2
present,612,20367572,0x00000000,0,0,0,0x00000000,0x00000000,2
present,613,20400579,0x00000000,0,0,0,0x00000000,0x00000000,2
present,614,20433881,0x00000000,0,0,0,0x00000000,0x00000000,2
present,615,20467802,0x00000000,0,0,0,0x00000000,0x00000000,2
present,616,20500645,0x00000000,0,0,0,0x00000000,0x00000000,2
present,617,20534513,0x00000000,0,0,0,0x00000000,0x00000000,2
present,618,20567321,0x00000000,0,0,0,0x00000000,0x00000000,2
present,619,20602822,0x00000000,0,0,0,0x00000000,0x00000000,2
present,620,20634351,0x00000000,0,0,0,0x00000000,0x00000000,2
present,621,20668105,0x00000000,0,0,0,0x00000000,0x00000000,2
present,622,20700643,0x00000000,0,0,0,0x00000000,0x00000000,2
present,623,20734575,0x00000000,0,0,0,0x00000000,0x00000000,2
present,624,20767466,0x00000000,0,0,0,0x00000000,0x00000000,2
present,625,20801148,0x00000000,0,0,0,0x00000000,0x00000000,2
present,626,20835109,0x00000000,0,0,0,0x00000000,0x00000000,2
present,627,20867238,0x00000000,0,0,0,0x00000000,0x00000000,2
present,628,20901042,0x00000000,0,0,0,0x00000000,0x00000000,2
present,629,20933953,0x00000000,0,0,0,0x00000000,0x00000000,2
present,630,20967249,0x00000000,0,0,0,0x00000000,0x00000000,2
present,631,21000575,0x00000000,0,0,0,0x00000000,0x00000000,2
present,632,21034066,0x00000000,0,0,0,0x00000000,0x00000000,2
present,633,21067879,0x00000000,0,0,0,0x00000000,0x00000000,2
present,634,21100310,0x00000000,0,0,0,0x00000000,0x00000000,2
present,635,21133883,0x00000000,0,0,0,0x00000000,0x00000000,2
present,636,21167446,0x00000000,0,0,0,0x00000000,0x00000000,2
present,637,21200751,0x00000000,0,0,0,0x00000000,0x00000000,2
present,638,21233938,0x00000000,0,0,0,0x00000000,0x00000000,2
present,639,21267275,0x00000000,0,0,0,0x00000000,0x00000000,2
present,640,21301158,0x00000000,0,0,0,0x00000000,0x00000000,2
present,641,21334987,0x00000000,0,0,0,0x00000000,0x00000000,2
present,642,21367898,0x00000000,0,0,0,0x00000000,0x00000000,2
present,643,21400794,0x00000000,0,0,0,0x00000000,0x00000000,2
present,644,21434713,0x00000000,0,0,0,0x00000000,0x00000000,2
present,645,21467263,0x00000000,0,0,0,0x00000000,0x00000000,2
present,646,21501152,0x00000000,0,0,0,0x00000000,0x00000000,2
present,647,21535021,0x00000000,0,0,0,0x00000000,0x00000000,2
present,648,21567676,0x00000000,0,0,0,0x00000000,0x00000000,2
present,649,21606574,0x00000000,0,0,0,0x00000000,0x00000000,2
present,650,21633521,0x00000000,0,0,0,0x00000000,0x00000000,2
present,651,21668199,0x00000000,0,0,0,0x00000000,0x00000000,2
present,652,21701085,0x00000000,0,0,0,0x00000000,0x00000000,2
present,653,21734226,0x00000000,0,0,0,0x00000000,0x00000000,2
present,654,21767937,0x00000000,0,0,0,0x00000000,0x00000000,2
present,655,21800789,0x00000000,0,0,0,0x00000000,0x00000000,2
present,656,21834654,0x00000000,0,0,0,0x00000000,0x00000000,2
present,657,21867402,0x00000000,0,0,0,0x00000000,0x00000000,2
present,658,21901302,0x00000000,0,0,0,0x00000000,0x00000000,2
present,659,21934195,0x00000000,0,0,0,0x00000000,0x00000000,2
present,660,21968393,0x00000000,0,0,0,0x00000000,0x00000000,2
present,661,22001245,0x00000000,0,0,0,0x00000000,0x00000000,3
present,662,22034115,0x00000000,0,0,0,0x00000000,0x00000000,3
present,663,22067973,0x00000000,0,0,0,0x00000000,0x00000000,3
present,664,22100755,0x00000000,0,0,0,0x00000000,0x00000000,3
present,665,22133910,0x00000000,0,0,0,0x00000000,0x00000000,3
present,666,22167694,0x00000000,0,0,0,0x00000000,0x00000000,3
present,667,22200723,0x00000000,0,0,0,0x00000000,0x00000000,3
present,668,22235497,0x00000000,0,0,0,0x00000000,0x00000000,3
present,669,22267575,0x00000000,0,0,0,0x00000000,0x00000000,3
present,670,22301371,0x00000000,0,0,0,0x00000000,0x00000000,3
present,671,22334230,0x00000000,0,0,0,0x00000000,0x00000000,3
present,672,22392639,0x00000000,0,0,0,0x00000000,0x00000000,3
present,673,22400267,0x00000000,0,0,0,0x00000000,0x00000000,3
present,674,22434421,0x00000000,0,0,0,0x00000000,0x00000000,3
present,675,22467567,0x00000000,0,0,0,0x00000000,0x00000000,3
present,676,22500743,0x00000000,0,0,0,0x00000000,0x00000000,3
present,677,22534097,0x00000000,0,0,0,0x00000000,0x00000000,3
present,678,22567785,0x00000000,0,0,0,0x00000000,0x00000000,3
present,679,22600835,0x00000000,0,0,0,0x00000000,0x00000000,3
present,680,22634336,0x00000000,0,0,0,0x00000000,0x00000000,3
present,681,22668325,0x00000000,0,0,0,0x00000000,0x00000000,3
present,682,22701491,0x00000000,0,0,0,0x00000000,0x00000000,3
present,683,22734693,0x00000000,0,0,0,0x00000000,0x00000000,3
present,684,22767525,0x00000000,0,0,0,0x00000000,0x00000000,3
present,685,22801496,0x00000000,0,0,0,0x00000000,0x00000000,3
present,686,22834135,0x00000000,0,0,0,0x00000000,0x00000000,3
present,687,22867830,0x00000000,0,0,0,0x00000000,0x00000000,3
present,688,22901764,0x00000000,0,0,0,0x00000000,0x00000000,3
present,689,22934464,0x00000000,0,0,0,0x00000000,0x00000000,3
present,690,22967395,0x00000000,0,0,0,0x00000000,0x00000000,3
present,691,23001210,0x00000000,0,0,0,0x00000000,0x00000000,3
present,692,23034042,0x00000000,0,0,0,0x00000000,0x00000000,3
present,693,23067292,0x00000000,0,0,0,0x00000000,0x00000000,3
present,694,23101077,0x00000000,0,0,0,0x00000000,0x00000000,3
present,695,23135011,0x00000000,0,0,0,0x00000000,0x00000000,3
present,696,23167684,0x00000000,0,0,0,0x00000000,0x00000000,3
present,697,23201411,0x00000000,0,0,0,0x00000000,0x00000000,3
present,698,23234380,0x00000000,0,0,0,0x00000000,0x00000000,3
present,699,23268169,0x00000000,0,0,0,0x00000000,0x00000000,3
present,700,23300482,0x00000000,0,0,0,0x00000000,0x00000000,3
present,701,23334246,0x00000000,0,0,0,0x00000000,0x00000000,3
present,702,23368121,0x00000000,0,0,0,0x00000000,0x00000000,3
present,703,23400911,0x00000000,0,0,0,0x00000000,0x00000000,3
present,704,23433953,0x00000000,0,0,0,0x00000000,0x00000000,3
present,705,23467873,0x00000000,0,0,0,0x00000000,0x00000000,3
present,706,23500685,0x00000000,0,0,0,0x00000000,0x00000000,3
present,707,23534522,0x00000000,0,0,0,0x00000000,0x00000000,3
present,708,23567312,0x00000000,0,0,0,0x00000000,0x00000000,3
present,709,23600787,0x00000000,0,0,0,0x00000000,0x00000000,3
present,710,23634888,0x00000000,0,0,0,0x00000000,0x00000000,3
present,711,23667759,0x00000000,0,0,0,0x00000000,0x00000000,3
present,712,23701678,0x00000000,0,0,0,0x00000000,0x00000000,3
present,713,23734487,0x00000000,0,0,0,0x00000000,0x00000000,3
present,714,23767406,0x00000000,0,0,0,0x00000000,0x00000000,3
present,715,23801244,0x00000000,0,0,0,0x00000000,0x00000000,3
present,716,23834044,0x00000000,0,0,0,0x00000000,0x00000000,3
present,717,23867787,0x00000000,0,0,0,0x00000000,0x00000000,3
present,718,23901617,0x00000000,0,0,0,0x00000000,0x00000000,3
present,719,23934693,0x00000000,0,0,0,0x00000000,0x00000000,3
present,720,23967305,0x00000000,0,0,0,0x00000000,0x00000000,3
present,721,24001111,0x00000000,0,0,0,0x00000000,0x00000000,0
present,722,24033922,0x00000000,0,0,0,0x00000000,0x00000000,0
present,723,24067365,0x00000000,0,0,0,0x00000000,0x00000000,0
present,724,24101314,0x00000000,0,0,0,0x00000000,0x00000000,0
present,725,24134342,0x00000000,0,0,0,0x00000000,0x00000000,0
present,726,24168171,0x00000000,0,0,0,0x00000000,0x00000000,0
present,727,24201583,0x00000000,0,0,0,0x00000000,0x00000000,0
present,728,24233929,0x00000000,0,0,0,0x00000000,0x00000000,0
present,729,24267311,0x00000000,0,0,0,0x00000000,0x00000000,0
present,730,24300705,0x00000000,0,0,0,0x00000000,0x00000000,0
present,731,24333882,0x00000000,0,0,0,0x00000000,0x00000000,0
present,732,24367678,0x00000000,0,0,0,0x00000000,0x00000000,0
present,733,24400630,0x00000000,0,0,0,0x00000000,0x00000000,0
present,734,24433924,0x00000000,0,0,0,0x00000000,0x00000000,0
present,735,24467255,0x00000000,0,0,0,0x00000000,0x00000000,0
present,736,24501061,0x00000000,0,0,0,0x00000000,0x00000000,0
present,737,24534980,0x00000000,0,0,0,0x00000000,0x00000000,0
present,738,24568011,0x00000000,0,0,0,0x00000000,0x00000000,0
present,739,24602632,0x00000000,0,0,0,0x00000000,0x00000000,0
present,740,24633583,0x00000000,0,0,0,0x00000000,0x00000000,0
present,741,24668281,0x00000000,0,0,0,0x00000000,0x00000000,0
present,742,24700615,0x00000000,0,0,0,0x00000000,0x00000000,0
present,743,24734080,0x00000000,0,0,0,0x00000000,0x00000000,0
present,744,24767698,0x00000000,0,0,0,0x00000000,0x00000000,0
present,745,24801647,0x00000000,0,0,0,0x00000000,0x00000000,0
present,746,24834416,0x00000000,0,0,0,0x00000000,0x00000000,0
present,747,24867231,0x00000000,0,0,0,0x00000000,0x00000000,0
present,748,24900746,0x00000000,0,0,0,0x00000000,0x00000000,0
present,749,24933905,0x00000000,0,0,0,0x00000000,0x00000000,0
present,750,24967698,0x00000000,0,0,0,0x00000000,0x00000000,0
present,751,25001632,0x00000000,0,0,0,0x00000000,0x00000000,0
present,752,25354229,0x087a0001,0,0,0,0x00000000,0x00000000,0
present,753,25355319,0x087a0001,0,0,0,0x00000000,0x00000000,0
present,754,25355374,0x087a0001,0,0,0,0x00000000,0x00000000,0
present,755,25355395,0x087a0001,0,0,0,0x00000000,0x00000000,0
present,756,25355413,0x087a0001,0,0,0,0x00000000,0x00000000,0
present,757,25355429,0x087a0001,0,0,0,0x00000000,0x00000000,0
present,758,25355445,0x087a0001,0,0,0,0x00000000,0x00000000,0
present,759,25355460,0x087a0001,0,0,0,0x00000000,0x00000000,0
present,760,25355476,0x087a0001,0,0,0,0x00000000,0x00000000,0
present,761,25355494,0x087a0001,0,0,0,0x00000000,0x00000000,0
present,762,25367588,0x087a0001,0,0,0,0x00000000,0x00000000,0
present,763,25400706,0x087a0001,0,0,0,0x00000000,0x00000000,0
present,764,25433842,0x087a0001,0,0,0,0x00000000,0x00000000,0
present,765,25466973,0x087a0001,0,0,0,0x00000000,0x00000000,0
present,766,25500157,0x087a0001,0,0,0,0x00000000,0x00000000,0
present,767,25534563,0x087a0001,0,0,0,0x00000000,0x00000000,0
present,768,25567007,0x087a0001,0,0,0,0x00000000,0x00000000,0
present,769,25600548,0x087a0001,0,0,0,0x00000000,0x00000000,0
present,770,25633581,0x087a0001,0,0,0,0x00000000,0x00000000,0
present,771,25666961,0x087a0001,0,0,0,0x00000000,0x00000000,0
present,772,25700328,0x087a0001,0,0,0,0x00000000,0x00000000,0
present,773,25733494,0x087a0001,0,0,0,0x00000000,0x00000000,0
present,774,25766870,0x087a0001,0,0,0,0x00000000,0x00000000,0
present,775,25800220,0x087a0001,0,0,0,0x00000000,0x00000000,0
present,776,25833589,0x087a0001,0,0,0,0x00000000,0x00000000,0
present,777,25867041,0x087a0001,0,0,0,0x00000000,0x00000000,0
present,778,25900418,0x087a0001,0,0,0,0x00000000,0x00000000,0
present,779,25933821,0x087a0001,0,0,0,0x00000000,0x00000000,0
present,780,25967199,0x087a0001,0,0,0,0x00000000,0x00000000,0
present,781,26000566,0x087a0001,0,0,0,0x00000000,0x00000000,1
present,782,26276389,0x00000000,0,0,0,0x00000000,0x00000000,1
present,783,26276630,0x00000000,0,0,0,0x00000000,0x00000000,1
present,784,26276754,0x00000000,0,0,0,0x00000000,0x00000000,1
present,785,26278555,0x00000000,0,0,0,0x00000000,0x00000000,1
present,786,26278945,0x00000000,0,0,0,0x00000000,0x00000000,1
present,787,26279112,0x00000000,0,0,0,0x00000000,0x00000000,1
present,788,26279284,0x00000000,0,0,0,0x00000000,0x00000000,1
present,789,26397699,0x00000000,0,0,0,0x00000000,0x00000000,1
present,790,26397957,0x00000000,0,0,0,0x00000000,0x00000000,1
present,791,26398113,0x00000000,0,0,0,0x00000000,0x00000000,1
present,792,26399415,0x00000000,0,0,0,0x00000000,0x00000000,1
present,793,26400162,0x00000000,0,0,0,0x00000000,0x00000000,1
present,794,26434913,0x00000000,0,0,0,0x00000000,0x00000000,1
present,795,26546703,0x00000000,0,0,0,0x00000000,0x00000000,1
present,796,26546899,0x00000000,0,0,0,0x00000000,0x00000000,1
present,797,26547000,0x00000000,0,0,0,0x00000000,0x00000000,1
present,798,26567535,0x00000000,0,0,0,0x00000000,0x00000000,1
present,799,26601955,0x00000000,0,0,0,0x00000000,0x00000000,1
present,800,26634909,0x00000000,0,0,0,0x00000000,0x00000000,1
present,801,26667436,0x00000000,0,0,0,0x00000000,0x00000000,1
present,802,26700168,0x00000000,0,0,0,0x00000000,0x00000000,1
present,803,26734687,0x00000000,0,0,0,0x00000000,0x00000000,1
present,804,26767302,0x00000000,0,0,0,0x00000000,0x00000000,1
present,805,26800814,0x00000000,0,0,0,0x00000000,0x00000000,1
present,806,26834770,0x00000000,0,0,0,0x00000000,0x00000000,1
present,807,26867825,0x00000000,0,0,0,0x00000000,0x00000000,1
present,808,26900561,0x00000000,0,0,0,0x00000000,0x00000000,1
present,809,26934468,0x00000000,0,0,0,0x00000000,0x00000000,1
present,810,26968269,0x00000000,0,0,0,0x00000000,0x00000000,1
present,811,27000555,0x00000000,0,0,0,0x00000000,0x00000000,1
present,812,27034533,0x00000000,0,0,0,0x00000000,0x00000000,1
present,813,27067308,0x00000000,0,0,0,0x00000000,0x00000000,1
present,814,27101073,0x00000000,0,0,0,0x00000000,0x00000000,1
present,815,27134995,0x00000000,0,0,0,0x00000000,0x00000000,1
present,816,27167822,0x00000000,0,0,0,0x00000000,0x00000000,1
present,817,27201605,0x00000000,0,0,0,0x00000000,0x00000000,1
present,818,27233884,0x00000000,0,0,0,0x00000000,0x00000000,1
present,819,27267798,0x00000000,0,0,0,0x00000000,0x00000000,1
present,820,27301791,0x00000000,0,0,0,0x00000000,0x00000000,1
present,821,27333953,0x00000000,0,0,0,0x00000000,0x00000000,1
present,822,27367965,0x00000000,0,0,0,0x00000000,0x00000000,1
present,823,27400990,0x00000000,0,0,0,0x00000000,0x00000000,1
present,824,27434540,0x00000000,0,0,0,0x00000000,0x00000000,1
present,825,27467327,0x00000000,0,0,0,0x00000000,0x00000000,1
present,826,27500587,0x00000000,0,0,0,0x00000000,0x00000000,1
present,827,27534412,0x00000000,0,0,0,0x00000000,0x00000000,1
present,828,27567285,0x00000000,0,0,0,0x00000000,0x00000000,1
present,829,27601358,0x00000000,0,0,0,0x00000000,0x00000000,1
present,830,27634034,0x00000000,0,0,0,0x00000000,0x00000000,1
present,831,27667903,0x00000000,0,0,0,0x00000000,0x00000000,1
present,832,27700740,0x00000000,0,0,0,0x00000000,0x00000000,1
present,833,27734559,0x00000000,0,0,0,0x00000000,0x00000000,1
present,834,27767292,0x00000000,0,0,0,0x00000000,0x00000000,1
present,835,27801193,0x00000000,0,0,0,0x00000000,0x00000000,1
present,836,27834058,0x00000000,0,0,0,0x00000000,0x00000000,1
present,837,27867890,0x00000000,0,0,0,0x00000000,0x00000000,1
present,838,27900773,0x00000000,0,0,0,0x00000000,0x00000000,1
present,839,27934076,0x00000000,0,0,0,0x00000000,0x00000000,1
present,840,27967944,0x00000000,0,0,0,0x00000000,0x00000000,1
present,841,28000677,0x00000000,0,0,0,0x00000000,0x00000000,2
present,842,28033953,0x00000000,0,0,0,0x00000000,0x00000000,2
present,843,28067415,0x00000000,0,0,0,0x00000000,0x00000000,2
present,844,28100664,0x00000000,0,0,0,0x00000000,0x00000000,2
present,845,28134472,0x00000000,0,0,0,0x00000000,0x00000000,2
present,846,28170227,0x00000000,0,0,0,0x00000000,0x00000000,2
present,847,28200672,0x00000000,0,0,0,0x00000000,0x00000000,2
present,848,28234027,0x00000000,0,0,0,0x00000000,0x00000000,2
present,849,28267210,0x00000000,0,0,0,0x00000000,0x00000000,2
present,850,28300435,0x00000000,0,0,0,0x00000000,0x00000000,2
present,851,28333608,0x00000000,0,0,0,0x00000000,0x00000000,2
present,852,28367830,0x00000000,0,0,0,0x00000000,0x00000000,2
present,853,28400530,0x00000000,0,0,0,0x00000000,0x00000000,2
present,854,28433944,0x00000000,0,0,0,0x00000000,0x00000000,2
present,855,28467564,0x00000000,0,0,0,0x00000000,0x00000000,2
present,856,28501352,0x00000000,0,0,0,0x00000000,0x00000000,2
present,857,28534116,0x00000000,0,0,0,0x00000000,0x00000000,2
present,858,28567882,0x00000000,0,0,0,0x00000000,0x00000000,2
present,859,28600792,0x00000000,0,0,0,0x00000000,0x00000000,2
present,860,28633944,0x00000000,0,0,0,0x00000000,0x00000000,2
present,861,28667485,0x00000000,0,0,0,0x00000000,0x00000000,2
present,862,28700832,0x00000000,0,0,0,0x00000000,0x00000000,2
present,863,28733930,0x00000000,0,0,0,0x00000000,0x00000000,2
present,864,28767243,0x00000000,0,0,0,0x00000000,0x00000000,2
present,865,28801113,0x00000000,0,0,0,0x00000000,0x00000000,2
present,866,28834988,0x00000000,0,0,0,0x00000000,0x00000000,2
present,867,28867751,0x00000000,0,0,0,0x00000000,0x00000000,2
present,868,28901656,0x00000000,0,0,0,0x00000000,0x00000000,2
present,869,28934020,0x00000000,0,0,0,0x00000000,0x00000000,2
present,870,28967601,0x00000000,0,0,0,0x00000000,0x00000000,2
present,871,29000497,0x00000000,0,0,0,0x00000000,0x00000000,2
present,872,29034402,0x00000000,0,0,0,0x00000000,0x00000000,2
present,873,29067591,0x00000000,0,0,0,0x00000000,0x00000000,2
present,874,29101009,0x00000000,0,0,0,0x00000000,0x00000000,2
present,875,29134555,0x00000000,0,0,0,0x00000000,0x00000000,2
present,876,29168139,0x00000000,0,0,0,0x00000000,0x00000000,2
present,877,29200523,0x00000000,0,0,0,0x00000000,0x00000000,2
present,878,29234307,0x00000000,0,0,0,0x00000000,0x00000000,2
present,879,29268209,0x00000000,0,0,0,0x00000000,0x00000000,2
present,880,29301268,0x00000000,0,0,0,0x00000000,0x00000000,2
present,881,29334004,0x00000000,0,0,0,0x00000000,0x00000000,2
present,882,29367338,0x00000000,0,0,0,0x00000000,0x00000000,2
present,883,29401220,0x00000000,0,0,0,0x00000000,0x00000000,2
present,884,29434026,0x00000000,0,0,0,0x00000000,0x00000000,2
present,885,29467843,0x00000000,0,0,0,0x00000000,0x00000000,2
present,886,29500654,0x00000000,0,0,0,0x00000000,0x00000000,2
present,887,29534062,0x00000000,0,0,0,0x00000000,0x00000000,2
present,888,29567893,0x00000000,0,0,0,0x00000000,0x00000000,2
present,889,29600873,0x00000000,0,0,0,0x00000000,0x00000000,2
present,890,29634884,0x00000000,0,0,0,0x00000000,0x00000000,2
present,891,29667914,0x00000000,0,0,0,0x00000000,0x00000000,2
present,892,29700858,0x00000000,0,0,0,0x00000000,0x00000000,2
present,893,29734889,0x00000000,0,0,0,0x00000000,0x00000000,2
present,894,29767760,0x00000000,0,0,0,0x00000000,0x00000000,2
present,895,29800604,0x00000000,0,0,0,0x00000000,0x00000000,2
present,896,29834062,0x00000000,0,0,0,0x00000000,0x00000000,2
present,897,29867258,0x00000000,0,0,0,0x00000000,0x00000000,2
present,898,29901024,0x00000000,0,0,0,0x00000000,0x00000000,2
present,899,29933859,0x00000000,0,0,0,0x00000000,0x00000000,2
present,900,29967297,0x00000000,0,0,0,0x00000000,0x00000000,2
present,901,30001153,0x00000000,0,0,0,0x00000000,0x00000000,3
present,902,30035107,0x00000000,0,0,0,0x00000000,0x00000000,3
present,903,30067978,0x00000000,0,0,0,0x00000000,0x00000000,3
present,904,30100359,0x00000000,0,0,0,0x00000000,0x00000000,3
present,905,30134173,0x00000000,0,0,0,0x00000000,0x00000000,3
present,906,30167386,0x00000000,0,0,0,0x00000000,0x00000000,3
present,907,30200780,0x00000000,0,0,0,0x00000000,0x00000000,3
present,908,30234723,0x00000000,0,0,0,0x00000000,0x00000000,3
present,909,30268845,0x00000000,0,0,0,0x00000000,0x00000000,3
present,910,30300709,0x00000000,0,0,0,0x00000000,0x00000000,3
present,911,30334001,0x00000000,0,0,0,0x00000000,0x00000000,3
present,912,30367744,0x00000000,0,0,0,0x00000000,0x00000000,3
present,913,30400569,0x00000000,0,0,0,0x00000000,0x00000000,3
present,914,30434322,0x00000000,0,0,0,0x00000000,0x00000000,3
present,915,30468132,0x00000000,0,0,0,0x00000000,0x00000000,3
present,916,30500428,0x00000000,0,0,0,0x00000000,0x00000000,3
present,917,30533923,0x00000000,0,0,0,0x00000000,0x00000000,3
present,918,30567295,0x00000000,0,0,0,0x00000000,0x00000000,3
present,919,30600596,0x00000000,0,0,0,0x00000000,0x00000000,3
present,920,30633826,0x00000000,0,0,0,0x00000000,0x00000000,3
present,921,30666996,0x00000000,0,0,0,0x00000000,0x00000000,3
present,922,30700150,0x00000000,0,0,0,0x00000000,0x00000000,3
present,923,30734277,0x00000000,0,0,0,0x00000000,0x00000000,3
present,924,30767495,0x00000000,0,0,0,0x00000000,0x00000000,3
present,925,30801164,0x00000000,0,0,0,0x00000000,0x00000000,3
present,926,30835119,0x00000000,0,0,0,0x00000000,0x00000000,3
present,927,30868055,0x00000000,0,0,0,0x00000000,0x00000000,3
present,928,30900925,0x00000000,0,0,0,0x00000000,0x00000000,3
present,929,30933973,0x00000000,0,0,0,0x00000000,0x00000000,3
present,930,30967889,0x00000000,0,0,0,0x00000000,0x00000000,3
present,931,31000783,0x00000000,0,0,0,0x00000000,0x00000000,3
present,932,31033966,0x00000000,0,0,0,0x00000000,0x00000000,3
present,933,31067283,0x00000000,0,0,0,0x00000000,0x00000000,3
present,934,31101146,0x00000000,0,0,0,0x00000000,0x00000000,3
present,935,31135706,0x00000000,0,0,0,0x00000000,0x00000000,3
present,936,31167500,0x00000000,0,0,0,0x00000000,0x00000000,3
present,937,31200609,0x00000000,0,0,0,0x00000000,0x00000000,3
present,938,31234745,0x00000000,0,0,0,0x00000000,0x00000000,3
present,939,31267711,0x00000000,0,0,0,0x00000000,0x00000000,3
present,940,31300690,0x00000000,0,0,0,0x00000000,0x00000000,3
present,941,31334032,0x00000000,0,0,0,0x00000000,0x00000000,3
present,942,31367236,0x00000000,0,0,0,0x00000000,0x00000000,3
present,943,31401015,0x00000000,0,0,0,0x00000000,0x00000000,3
present,944,31433887,0x00000000,0,0,0,0x00000000,0x00000000,3
present,945,31467710,0x00000000,0,0,0,0x00000000,0x00000000,3
present,946,31501083,0x00000000,0,0,0,0x00000000,0x00000000,3
present,947,31534529,0x00000000,0,0,0,0x00000000,0x00000000,3
present,948,31567332,0x00000000,0,0,0,0x00000000,0x00000000,3
present,949,31608908,0x00000000,0,0,0,0x00000000,0x00000000,3
present,950,31634300,0x00000000,0,0,0,0x00000000,0x00000000,3
present,951,31667321,0x00000000,0,0,0,0x00000000,0x00000000,3
present,952,31701258,0x00000000,0,0,0,0x00000000,0x00000000,3
present,953,31733935,0x00000000,0,0,0,0x00000000,0x00000000,3
present,954,31767769,0x00000000,0,0,0,0x00000000,0x00000000,3
present,955,31801856,0x00000000,0,0,0,0x00000000,0x00000000,3
present,956,31834775,0x00000000,0,0,0,0x00000000,0x00000000,3
present,957,31867314,0x00000000,0,0,0,0x00000000,0x00000000,3
present,958,31900725,0x00000000,0,0,0,0x00000000,0x00000000,3
present,959,31935467,0x00000000,0,0,0,0x00000000,0x00000000,3
present,960,31967411,0x00000000,0,0,0,0x00000000,0x00000000,3
present,961,32001204,0x00000000,0,0,0,0x00000000,0x00000000,0
present,962,32033879,0x00000000,0,0,0,0x00000000,0x00000000,0
present,963,32067679,0x00000000,0,0,0,0x00000000,0x00000000,0
present,964,32101611,0x00000000,0,0,0,0x00000000,0x00000000,0
present,965,32134059,0x00000000,0,0,0,0x00000000,0x00000000,0
present,966,32167226,0x00000000,0,0,0,0x00000000,0x00000000,0
present,967,32201021,0x00000000,0,0,0,0x00000000,0x00000000,0
present,968,32234888,0x00000000,0,0,0,0x00000000,0x00000000,0
present,969,32267686,0x00000000,0,0,0,0x00000000,0x00000000,0
present,970,32301787,0x00000000,0,0,0,0x00000000,0x00000000,0
present,971,32334762,0x00000000,0,0,0,0x00000000,0x00000000,0
present,972,32373853,0x00000000,0,0,0,0x00000000,0x00000000,0
present,973,32401182,0x00000000,0,0,0,0x00000000,0x00000000,0
present,974,32435188,0x00000000,0,0,0,0x00000000,0x00000000,0
present,975,32467546,0x00000000,0,0,0,0x00000000,0x00000000,0
present,976,32501792,0x00000000,0,0,0,0x00000000,0x00000000,0
present,977,32534147,0x00000000,0,0,0,0x00000000,0x00000000,0
present,978,32567328,0x00000000,0,0,0,0x00000000,0x00000000,0
present,979,32600474,0x00000000,0,0,0,0x00000000,0x00000000,0
present,980,32633641,0x00000000,0,0,0,0x00000000,0x00000000,0
present,981,32667804,0x00000000,0,0,0,0x00000000,0x00000000,0
present,982,32701004,0x00000000,0,0,0,0x00000000,0x00000000,0
present,983,32734757,0x00000000,0,0,0,0x00000000,0x00000000,0
present,984,32767117,0x00000000,0,0,0,0x00000000,0x00000000,0
present,985,32800929,0x00000000,0,0,0,0x00000000,0x00000000,0
present,986,32834129,0x00000000,0,0,0,0x00000000,0x00000000,0
present,987,32867500,0x00000000,0,0,0,0x00000000,0x00000000,0
present,988,32900530,0x00000000,0,0,0,0x00000000,0x00000000,0
present,989,32933926,0x00000000,0,0,0,0x00000000,0x00000000,0
present,990,32967649,0x00000000,0,0,0,0x00000000,0x00000000,0
present,991,33001531,0x00000000,0,0,0,0x00000000,0x00000000,0
present,992,33034515,0x00000000,0,0,0,0x00000000,0x00000000,0
present,993,33067563,0x00000000,0,0,0,0x00000000,0x00000000,0
present,994,33100299,0x00000000,0,0,0,0x00000000,0x00000000,0
present,995,33133811,0x00000000,0,0,0,0x00000000,0x00000000,0
present,996,33167651,0x00000000,0,0,0,0x00000000,0x00000000,0
present,997,33201513,0x00000000,0,0,0,0x00000000,0x00000000,0
present,998,33234393,0x00000000,0,0,0,0x00000000,0x00000000,0
present,999,33267252,0x00000000,0,0,0,0x00000000,0x00000000,0
present,1000,33300646,0x00000000,0,0,0,0x00000000,0x00000000,0
present,1001,33334475,0x00000000,0,0,0,0x00000000,0x00000000,0
present,1002,33367310,0x00000000,0,0,0,0x00000000,0x00000000,0
present,1003,33401316,0x00000000,0,0,0,0x00000000,0x00000000,0
present,1004,33434026,0x00000000,0,0,0,0x00000000,0x00000000,0
present,1005,33467311,0x00000000,0,0,0,0x00000000,0x00000000,0
present,1006,33501332,0x00000000,0,0,0,0x00000000,0x00000000,0
present,1007,33534202,0x00000000,0,0,0,0x00000000,0x00000000,0
present,1008,33568129,0x00000000,0,0,0,0x00000000,0x00000000,0
present,1009,33608815,0x00000000,0,0,0,0x00000000,0x00000000,0
present,1010,33634210,0x00000000,0,0,0,0x00000000,0x00000000,0
present,1011,33667972,0x00000000,0,0,0,0x00000000,0x00000000,0
present,1012,33700703,0x00000000,0,0,0,0x00000000,0x00000000,0
present,1013,33734219,0x00000000,0,0,0,0x00000000,0x00000000,0
present,1014,33767986,0x00000000,0,0,0,0x00000000,0x00000000,0
present,1015,33800826,0x00000000,0,0,0,0x00000000,0x00000000,0
present,1016,33833682,0x00000000,0,0,0,0x00000000,0x00000000,0
present,1017,33867427,0x00000000,0,0,0,0x00000000,0x00000000,0
present,1018,33901704,0x00000000,0,0,0,0x00000000,0x00000000,0
present,1019,33935258,0x00000000,0,0,0,0x00000000,0x00000000,0
present,1020,33968162,0x00000000,0,0,0,0x00000000,0x00000000,0
present,1021,34001175,0x00000000,0,0,0,0x00000000,0x00000000,1
present,1022,34036444,0x00000000,0,0,0,0x00000000,0x00000000,1
present,1023,34069215,0x00000000,0,0,0,0x00000000,0x00000000,1
present,1024,34100712,0x00000000,0,0,0,0x00000000,0x00000000,1
present,1025,34134366,0x00000000,0,0,0,0x00000000,0x00000000,1
present,1026,34167609,0x00000000,0,0,0,0x00000000,0x00000000,1
present,1027,34201523,0x00000000,0,0,0,0x00000000,0x00000000,1
present,1028,34233998,0x00000000,0,0,0,0x00000000,0x00000000,1
present,1029,34267362,0x00000000,0,0,0,0x00000000,0x00000000,1
present,1030,34301196,0x00000000,0,0,0,0x00000000,0x00000000,1
present,1031,34333985,0x00000000,0,0,0,0x00000000,0x00000000,1
present,1032,34367945,0x00000000,0,0,0,0x00000000,0x00000000,1
present,1033,34400602,0x00000000,0,0,0,0x00000000,0x00000000,1
present,1034,34434042,0x00000000,0,0,0,0x00000000,0x00000000,1
present,1035,34467578,0x00000000,0,0,0,0x00000000,0x00000000,1
present,1036,34500892,0x00000000,0,0,0,0x00000000,0x00000000,1
present,1037,34534994,0x00000000,0,0,0,0x00000000,0x00000000,1
present,1038,34566821,0x00000000,0,0,0,0x00000000,0x00000000,1
present,1039,34600858,0x00000000,0,0,0,0x00000000,0x00000000,1
present,1040,34634318,0x00000000,0,0,0,0x00000000,0x00000000,1
present,1041,34678263,0x00000000,0,0,0,0x00000000,0x00000000,1
present,1042,34700646,0x00000000,0,0,0,0x00000000,0x00000000,1
present,1043,34733861,0x00000000,0,0,0,0x00000000,0x00000000,1
present,1044,34767582,0x00000000,0,0,0,0x00000000,0x00000000,1
present,1045,34800131,0x00000000,0,0,0,0x00000000,0x00000000,1
present,1046,34845212,0x00000000,0,0,0,0x00000000,0x00000000,1
present,1047,34867556,0x00000000,0,0,0,0x00000000,0x00000000,1
present,1048,34901517,0x00000000,0,0,0,0x00000000,0x00000000,1
present,1049,34934491,0x00000000,0,0,0,0x00000000,0x00000000,1
present,1050,34967490,0x00000000,0,0,0,0x00000000,0x00000000,1
present,1051,35000772,0x00000000,0,0,0,0x00000000,0x00000000,1
present,1052,35135457,0x00000000,0,0,0,0x00000000,0x00000000,1
present,1053,35135516,0x00000000,0,0,0,0x00000000,0x00000000,1
present,1054,35135542,0x00000000,0,0,0,0x00000000,0x00000000,1
present,1055,35138290,0x00000000,0,0,0,0x00000000,0x00000000,1
present,1056,35167456,0x00000000,0,0,0,0x00000000,0x00000000,1
present,1057,35200665,0x00000000,0,0,0,0x00000000,0x00000000,1
present,1058,35233811,0x00000000,0,0,0,0x00000000,0x00000000,1
present,1059,35266970,0x00000000,0,0,0,0x00000000,0x00000000,1
present,1060,35300134,0x00000000,0,0,0,0x00000000,0x00000000,1
present,1061,35334675,0x00000000,0,0,0,0x00000000,0x00000000,1
present,1062,35367415,0x00000000,0,0,0,0x00000000,0x00000000,1
present,1063,35400538,0x00000000,0,0,0,0x00000000,0x00000000,1
present,1064,35434151,0x00000000,0,0,0,0x00000000,0x00000000,1
present,1065,35467851,0x00000000,0,0,0,0x00000000,0x00000000,1
present,1066,35500541,0x00000000,0,0,0,0x00000000,0x00000000,1
present,1067,35534264,0x00000000,0,0,0,0x00000000,0x00000000,1
present,1068,35568141,0x00000000,0,0,0,0x00000000,0x00000000,1
present,1069,35600637,0x00000000,0,0,0,0x00000000,0x00000000,1
present,1070,35634266,0x00000000,0,0,0,0x00000000,0x00000000,1
present,1071,35667868,0x00000000,0,0,0,0x00000000,0x00000000,1
present,1072,35701644,0x00000000,0,0,0,0x00000000,0x00000000,1
present,1073,35734345,0x00000000,0,0,0,0x00000000,0x00000000,1
present,1074,35768184,0x00000000,0,0,0,0x00000000,0x00000000,1
present,1075,35800899,0x00000000,0,0,0,0x00000000,0x00000000,1
present,1076,35834575,0x00000000,0,0,0,0x00000000,0x00000000,1
present,1077,35867091,0x00000000,0,0,0,0x00000000,0x00000000,1
present,1078,35900455,0x00000000,0,0,0,0x00000000,0x00000000,1
present,1079,35934081,0x00000000,0,0,0,0x00000000,0x00000000,1
present,1080,35967750,0x00000000,0,0,0,0x00000000,0x00000000,1
present,1081,36001825,0x00000000,0,0,0,0x00000000,0x00000000,2
present,1082,36034504,0x00000000,0,0,0,0x00000000,0x00000000,2
present,1083,36067165,0x00000000,0,0,0,0x00000000,0x00000000,2
present,1084,36100866,0x00000000,0,0,0,0x00000000,0x00000000,2
present,1085,36133810,0x00000000,0,0,0,0x00000000,0x00000000,2
present,1086,36170053,0x00000000,0,0,0,0x00000000,0x00000000,2
present,1087,36200681,0x00000000,0,0,0,0x00000000,0x00000000,2
present,1088,36234316,0x00000000,0,0,0,0x00000000,0x00000000,2
present,1089,36268309,0x00000000,0,0,0,0x00000000,0x00000000,2
present,1090,36300906,0x00000000,0,0,0,0x00000000,0x00000000,2
present,1091,36334428,0x00000000,0,0,0,0x00000000,0x00000000,2
present,1092,36368183,0x00000000,0,0,0,0x00000000,0x00000000,2
present,1093,36400879,0x00000000,0,0,0,0x00000000,0x00000000,2
present,1094,36434614,0x00000000,0,0,0,0x00000000,0x00000000,2
present,1095,36467367,0x00000000,0,0,0,0x00000000,0x00000000,2
present,1096,36501083,0x00000000,0,0,0,0x00000000,0x00000000,2
present,1097,36580148,0x00000000,0,0,0,0x00000000,0x00000000,2
present,1098,36580291,0x00000000,0,0,0,0x00000000,0x00000000,2
present,1099,36600260,0x00000000,0,0,0,0x00000000,0x00000000,2
present,1100,36634710,0x00000000,0,0,0,0x00000000,0x00000000,2
present,1101,36666952,0x00000000,0,0,0,0x00000000,0x00000000,2
present,1102,36701294,0x00000000,0,0,0,0x00000000,0x00000000,2
present,1103,36733529,0x00000000,0,0,0,0x00000000,0x00000000,2
present,1104,36768323,0x00000000,0,0,0,0x00000000,0x00000000,2
present,1105,36800853,0x00000000,0,0,0,0x00000000,0x00000000,2
present,1106,36834298,0x00000000,0,0,0,0x00000000,0x00000000,2
present,1107,36868347,0x00000000,0,0,0,0x00000000,0x00000000,2
present,1108,36900770,0x00000000,0,0,0,0x00000000,0x00000000,2
present,1109,36935030,0x00000000,0,0,0,0x00000000,0x00000000,2
present,1110,36967474,0x00000000,0,0,0,0x00000000,0x00000000,2
present,1111,37001543,0x00000000,0,0,0,0x00000000,0x00000000,2
present,1112,37034588,0x00000000,0,0,0,0x00000000,0x00000000,2
present,1113,37067943,0x00000000,0,0,0,0x00000000,0x00000000,2
present,1114,37100419,0x00000000,0,0,0,0x00000000,0x00000000,2
present,1115,37133742,0x00000000,0,0,0,0x00000000,0x00000000,2
present,1116,37167452,0x00000000,0,0,0,0x00000000,0x00000000,2
present,1117,37201582,0x00000000,0,0,0,0x00000000,0x00000000,2
present,1118,37234602,0x00000000,0,0,0,0x00000000,0x00000000,2
present,1119,37267636,0x00000000,0,0,0,0x00000000,0x00000000,2
present,1120,37300193,0x00000000,0,0,0,0x00000000,0x00000000,2
present,1121,37335155,0x00000000,0,0,0,0x00000000,0x00000000,2
present,1122,37367532,0x00000000,0,0,0,0x00000000,0x00000000,2
present,1123,37400741,0x00000000,0,0,0,0x00000000,0x00000000,2
present,1124,37434063,0x00000000,0,0,0,0x00000000,0x00000000,2
present,1125,37468398,0x00000000,0,0,0,0x00000000,0x00000000,2
present,1126,37501105,0x00000000,0,0,0,0x00000000,0x00000000,2
present,1127,37535226,0x00000000,0,0,0,0x00000000,0x00000000,2
present,1128,37567665,0x00000000,0,0,0,0x00000000,0x00000000,2
present,1129,37601481,0x00000000,0,0,0,0x00000000,0x00000000,2
present,1130,37634632,0x00000000,0,0,0,0x00000000,0x00000000,2
present,1131,37666966,0x00000000,0,0,0,0x00000000,0x00000000,2
present,1132,37700818,0x00000000,0,0,0,0x00000000,0x00000000,2
present,1133,37734764,0x00000000,0,0,0,0x00000000,0x00000000,2
present,1134,37767965,0x00000000,0,0,0,0x00000000,0x00000000,2
present,1135,37800924,0x00000000,0,0,0,0x00000000,0x00000000,2
present,1136,37835010,0x00000000,0,0,0,0x00000000,0x00000000,2
present,1137,37867460,0x00000000,0,0,0,0x00000000,0x00000000,2
present,1138,37900744,0x00000000,0,0,0,0x00000000,0x00000000,2
present,1139,37934987,0x00000000,0,0,0,0x00000000,0x00000000,2
present,1140,37967399,0x00000000,0,0,0,0x00000000,0x00000000,2
present,1141,38001037,0x00000000,0,0,0,0x00000000,0x00000000,3
present,1142,38035795,0x00000000,0,0,0,0x00000000,0x00000000,3
present,1143,38067782,0x00000000,0,0,0,0x00000000,0x00000000,3
present,1144,38100687,0x00000000,0,0,0,0x00000000,0x00000000,3
present,1145,38134581,0x00000000,0,0,0,0x00000000,0x00000000,3
present,1146,38167663,0x00000000,0,0,0,0x00000000,0x00000000,3
present,1147,38201643,0x00000000,0,0,0,0x00000000,0x00000000,3
present,1148,38234772,0x00000000,0,0,0,0x00000000,0x00000000,3
present,1149,38267902,0x00000000,0,0,0,0x00000000,0x00000000,3
present,1150,38300908,0x00000000,0,0,0,0x00000000,0x00000000,3
present,1151,38334880,0x00000000,0,0,0,0x00000000,0x00000000,3
present,1152,38368020,0x00000000,0,0,0,0x00000000,0x00000000,3
present,1153,38400746,0x00000000,0,0,0,0x00000000,0x00000000,3
present,1154,38434074,0x00000000,0,0,0,0x00000000,0x00000000,3
present,1155,38468248,0x00000000,0,0,0,0x00000000,0x00000000,3
present,1156,38501415,0x00000000,0,0,0,0x00000000,0x00000000,3
present,1157,38534434,0x00000000,0,0,0,0x00000000,0x00000000,3
present,1158,38569937,0x00000000,0,0,0,0x00000000,0x00000000,3
present,1159,38600911,0x00000000,0,0,0,0x00000000,0x00000000,3
present,1160,38635027,0x00000000,0,0,0,0x00000000,0x00000000,3
present,1161,38668186,0x00000000,0,0,0,0x00000000,0x00000000,3
present,1162,38700826,0x00000000,0,0,0,0x00000000,0x00000000,3
present,1163,38734703,0x00000000,0,0,0,0x00000000,0x00000000,3
present,1164,38767553,0x00000000,0,0,0,0x00000000,0x00000000,3
present,1165,38800660,0x00000000,0,0,0,0x00000000,0x00000000,3
present,1166,38834550,0x00000000,0,0,0,0x00000000,0x00000000,3
present,1167,38867267,0x00000000,0,0,0,0x00000000,0x00000000,3
present,1168,38901138,0x00000000,0,0,0,0x00000000,0x00000000,3
present,1169,38935092,0x00000000,0,0,0,0x00000000,0x00000000,3
present,1170,38967741,0x00000000,0,0,0,0x00000000,0x00000000,3
present,1171,39001615,0x00000000,0,0,0,0x00000000,0x00000000,3
present,1172,39034566,0x00000000,0,0,0,0x00000000,0x00000000,3
present,1173,39067560,0x00000000,0,0,0,0x00000000,0x00000000,3
present,1174,39100652,0x00000000,0,0,0,0x00000000,0x00000000,3
present,1175,39134120,0x00000000,0,0,0,0x00000000,0x00000000,3
present,1176,39167940,0x00000000,0,0,0,0x00000000,0x00000000,3
present,1177,39200841,0x00000000,0,0,0,0x00000000,0x00000000,3
present,1178,39233999,0x00000000,0,0,0,0x00000000,0x00000000,3
present,1179,39267451,0x00000000,0,0,0,0x00000000,0x00000000,3
present,1180,39300689,0x00000000,0,0,0,0x00000000,0x00000000,3
present,1181,39334551,0x00000000,0,0,0,0x00000000,0x00000000,3
present,1182,39367351,0x00000000,0,0,0,0x00000000,0x00000000,3
present,1183,39400798,0x00000000,0,0,0,0x00000000,0x00000000,3
present,1184,39434736,0x00000000,0,0,0,0x00000000,0x00000000,3
present,1185,39467754,0x00000000,0,0,0,0x00000000,0x00000000,3
present,1186,39500682,0x00000000,0,0,0,0x00000000,0x00000000,3
present,1187,39533962,0x00000000,0,0,0,0x00000000,0x00000000,3
present,1188,39567811,0x00000000,0,0,0,0x00000000,0x00000000,3
present,1189,39603653,0x00000000,0,0,0,0x00000000,0x00000000,3
present,1190,39634287,0x00000000,0,0,0,0x00000000,0x00000000,3
present,1191,39668218,0x00000000,0,0,0,0x00000000,0x00000000,3
present,1192,39701175,0x00000000,0,0,0,0x00000000,0x00000000,3
present,1193,39733915,0x00000000,0,0,0,0x00000000,0x00000000,3
present,1194,39767668,0x00000000,0,0,0,0x00000000,0x00000000,3
present,1195,39801232,0x00000000,0,0,0,0x00000000,0x00000000,3
present,1196,39834496,0x00000000,0,0,0,0x00000000,0x00000000,3
present,1197,39868372,0x00000000,0,0,0,0x00000000,0x00000000,3
present,1198,39903452,0x00000000,0,0,0,0x00000000,0x00000000,3
present,1199,39933937,0x00000000,0,0,0,0x00000000,0x00000000,3
present,1200,39967736,0x00000000,0,0,0,0x00000000,0x00000000,3
present,1201,40001782,0x00000000,0,0,0,0x00000000,0x00000000,0
present,1202,40034629,0x00000000,0,0,0,0x00000000,0x00000000,0
present,1203,40067330,0x00000000,0,0,0,0x00000000,0x00000000,0
present,1204,40101313,0x00000000,0,0,0,0x00000000,0x00000000,0
present,1205,40133986,0x00000000,0,0,0,0x00000000,0x00000000,0
present,1206,40167711,0x00000000,0,0,0,0x00000000,0x00000000,0
present,1207,40201689,0x00000000,0,0,0,0x00000000,0x00000000,0
present,1208,40234551,0x00000000,0,0,0,0x00000000,0x00000000,0
present,1209,40267284,0x00000000,0,0,0,0x00000000,0x00000000,0
present,1210,40300560,0x00000000,0,0,0,0x00000000,0x00000000,0
present,1211,40334300,0x00000000,0,0,0,0x00000000,0x00000000,0
present,1212,40368248,0x00000000,0,0,0,0x00000000,0x00000000,0
present,1213,40400945,0x00000000,0,0,0,0x00000000,0x00000000,0
present,1214,40442021,0x00000000,0,0,0,0x00000000,0x00000000,0
present,1215,40466874,0x00000000,0,0,0,0x00000000,0x00000000,0
present,1216,40501582,0x00000000,0,0,0,0x00000000,0x00000000,0
present,1217,40534716,0x00000000,0,0,0,0x00000000,0x00000000,0
present,1218,40567312,0x00000000,0,0,0,0x00000000,0x00000000,0
present,1219,40605767,0x00000000,0,0,0,0x00000000,0x00000000,0
present,1220,40634228,0x00000000,0,0,0,0x00000000,0x00000000,0
present,1221,40668003,0x00000000,0,0,0,0x00000000,0x00000000,0
present,1222,40700850,0x00000000,0,0,0,0x00000000,0x00000000,0
present,1223,40734037,0x00000000,0,0,0,0x00000000,0x00000000,0
present,1224,40768012,0x00000000,0,0,0,0x00000000,0x00000000,0
present,1225,40800772,0x00000000,0,0,0,0x00000000,0x00000000,0
present,1226,40834824,0x00000000,0,0,0,0x00000000,0x00000000,0
present,1227,40867217,0x00000000,0,0,0,0x00000000,0x00000000,0
present,1228,40901807,0x00000000,0,0,0,0x00000000,0x00000000,0
present,1229,40935002,0x00000000,0,0,0,0x00000000,0x00000000,0
present,1230,40967965,0x00000000,0,0,0,0x00000000,0x00000000,0
present,1231,41000724,0x00000000,0,0,0,0x00000000,0x00000000,0
present,1232,41033923,0x00000000,0,0,0,0x00000000,0x00000000,0
present,1233,41067313,0x00000000,0,0,0,0x00000000,0x00000000,0
present,1234,41100379,0x00000000,0,0,0,0x00000000,0x00000000,0
present,1235,41133678,0x00000000,0,0,0,0x00000000,0x00000000,0
present,1236,41167376,0x00000000,0,0,0,0x00000000,0x00000000,0
present,1237,41201343,0x00000000,0,0,0,0x00000000,0x00000000,0
present,1238,41234393,0x00000000,0,0,0,0x00000000,0x00000000,0
present,1239,41268219,0x00000000,0,0,0,0x00000000,0x00000000,0
present,1240,41301003,0x00000000,0,0,0,0x00000000,0x00000000,0
present,1241,41334904,0x00000000,0,0,0,0x00000000,0x00000000,0
present,1242,41367396,0x00000000,0,0,0,0x00000000,0x00000000,0
present,1243,41401307,0x00000000,0,0,0,0x00000000,0x00000000,0
present,1244,41434149,0x00000000,0,0,0,0x00000000,0x00000000,0
present,1245,41467289,0x00000000,0,0,0,0x00000000,0x00000000,0
present,1246,41500715,0x00000000,0,0,0,0x00000000,0x00000000,0
present,1247,41534746,0x00000000,0,0,0,0x00000000,0x00000000,0
present,1248,41567120,0x00000000,0,0,0,0x00000000,0x00000000,0
present,1249,41600887,0x00000000,0,0,0,0x00000000,0x00000000,0
present,1250,41634690,0x00000000,0,0,0,0x00000000,0x00000000,0
present,1251,41667647,0x00000000,0,0,0,0x00000000,0x00000000,0
present,1252,41700637,0x00000000,0,0,0,0x00000000,0x00000000,0
present,1253,41734093,0x00000000,0,0,0,0x00000000,0x00000000,0
present,1254,41768090,0x00000000,0,0,0,0x00000000,0x00000000,0
present,1255,41801350,0x00000000,0,0,0,0x00000000,0x00000000,0
present,1256,41834153,0x00000000,0,0,0,0x00000000,0x00000000,0
present,1257,41868171,0x00000000,0,0,0,0x00000000,0x00000000,0
present,1258,41900577,0x00000000,0,0,0,0x00000000,0x00000000,0
present,1259,41933849,0x00000000,0,0,0,0x00000000,0x00000000,0
present,1260,41967698,0x00000000,0,0,0,0x00000000,0x00000000,0
present,1261,42001812,0x00000000,0,0,0,0x00000000,0x00000000,1
present,1262,42034836,0x00000000,0,0,0,0x00000000,0x00000000,1
present,1263,42067352,0x00000000,0,0,0,0x00000000,0x00000000,1
present,1264,42100730,0x00000000,0,0,0,0x00000000,0x00000000,1
present,1265,42133963,0x00000000,0,0,0,0x00000000,0x00000000,1
present,1266,42167953,0x00000000,0,0,0,0x00000000,0x00000000,1
present,1267,42200759,0x00000000,0,0,0,0x00000000,0x00000000,1
present,1268,42234656,0x00000000,0,0,0,0x00000000,0x00000000,1
present,1269,42267402,0x00000000,0,0,0,0x00000000,0x00000000,1
present,1270,42301325,0x00000000,0,0,0,0x00000000,0x00000000,1
present,1271,42334018,0x00000000,0,0,0,0x00000000,0x00000000,1
present,1272,42367185,0x00000000,0,0,0,0x00000000,0x00000000,1
present,1273,42401179,0x00000000,0,0,0,0x00000000,0x00000000,1
present,1274,42434899,0x00000000,0,0,0,0x00000000,0x00000000,1
present,1275,42467898,0x00000000,0,0,0,0x00000000,0x00000000,1
present,1276,42500799,0x00000000,0,0,0,0x00000000,0x00000000,1
present,1277,42534966,0x00000000,0,0,0,0x00000000,0x00000000,1
present,1278,42567886,0x00000000,0,0,0,0x00000000,0x00000000,1
present,1279,42600851,0x00000000,0,0,0,0x00000000,0x00000000,1
present,1280,42634355,0x00000000,0,0,0,0x00000000,0x00000000,1
present,1281,42668259,0x00000000,0,0,0,0x00000000,0x00000000,1
present,1282,42701713,0x00000000,0,0,0,0x00000000,0x00000000,1
present,1283,42734319,0x00000000,0,0,0,0x00000000,0x00000000,1
present,1284,42768298,0x00000000,0,0,0,0x00000000,0x00000000,1
present,1285,42801334,0x00000000,0,0,0,0x00000000,0x00000000,1
present,1286,42834248,0x00000000,0,0,0,0x00000000,0x00000000,1
present,1287,42867687,0x00000000,0,0,0,0x00000000,0x00000000,1
present,1288,42901340,0x00000000,0,0,0,0x00000000,0x00000000,1
present,1289,42934209,0x00000000,0,0,0,0x00000000,0x00000000,1
present,1290,42968099,0x00000000,0,0,0,0x00000000,0x00000000,1
present,1291,43000546,0x00000000,0,0,0,0x00000000,0x00000000,1
present,1292,43034109,0x00000000,0,0,0,0x00000000,0x00000000,1
present,1293,43067799,0x00000000,0,0,0,0x00000000,0x00000000,1
present,1294,43101585,0x00000000,0,0,0,0x00000000,0x00000000,1
present,1295,43134076,0x00000000,0,0,0,0x00000000,0x00000000,1
present,1296,43168078,0x00000000,0,0,0,0x00000000,0x00000000,1
present,1297,43200939,0x00000000,0,0,0,0x00000000,0x00000000,1
present,1298,43234016,0x00000000,0,0,0,0x00000000,0x00000000,1
present,1299,43267980,0x00000000,0,0,0,0x00000000,0x00000000,1
present,1300,43300625,0x00000000,0,0,0,0x00000000,0x00000000,1
present,1301,43333932,0x00000000,0,0,0,0x00000000,0x00000000,1
present,1302,43367970,0x00000000,0,0,0,0x00000000,0x00000000,1
present,1303,43400841,0x00000000,0,0,0,0x00000000,0x00000000,1
present,1304,43434092,0x00000000,0,0,0,0x00000000,0x00000000,1
present,1305,43467972,0x00000000,0,0,0,0x00000000,0x00000000,1
present,1306,43500985,0x00000000,0,0,0,0x00000000,0x00000000,1
present,1307,43534082,0x00000000,0,0,0,0x00000000,0x00000000,1
present,1308,43566917,0x00000000,0,0,0,0x00000000,0x00000000,1
present,1309,43603759,0x00000000,0,0,0,0x00000000,0x00000000,1
present,1310,43634066,0x00000000,0,0,0,0x00000000,0x00000000,1
present,1311,43668339,0x00000000,0,0,0,0x00000000,0x00000000,1
present,1312,43700801,0x00000000,0,0,0,0x00000000,0x00000000,1
present,1313,43734620,0x00000000,0,0,0,0x00000000,0x00000000,1
present,1314,43767395,0x00000000,0,0,0,0x00000000,0x00000000,1
present,1315,43801334,0x00000000,0,0,0,0x00000000,0x00000000,1
present,1316,43834025,0x00000000,0,0,0,0x00000000,0x00000000,1
present,1317,43868052,0x00000000,0,0,0,0x00000000,0x00000000,1
present,1318,43901035,0x00000000,0,0,0,0x00000000,0x00000000,1
present,1319,43934017,0x00000000,0,0,0,0x00000000,0x00000000,1
present,1320,43968059,0x00000000,0,0,0,0x00000000,0x00000000,1
present,1321,44000588,0x00000000,0,0,0,0x00000000,0x00000000,2
present,1322,44034448,0x00000000,0,0,0,0x00000000,0x00000000,2
present,1323,44068155,0x00000000,0,0,0,0x00000000,0x00000000,2
present,1324,44101916,0x00000000,0,0,0,0x00000000,0x00000000,2
present,1325,44134725,0x00000000,0,0,0,0x00000000,0x00000000,2
present,1326,44167221,0x00000000,0,0,0,0x00000000,0x00000000,2
present,1327,44201137,0x00000000,0,0,0,0x00000000,0x00000000,2
present,1328,44234439,0x00000000,0,0,0,0x00000000,0x00000000,2
present,1329,44268375,0x00000000,0,0,0,0x00000000,0x00000000,2
present,1330,44301326,0x00000000,0,0,0,0x00000000,0x00000000,2
present,1331,44333966,0x00000000,0,0,0,0x00000000,0x00000000,2
present,1332,44367903,0x00000000,0,0,0,0x00000000,0x00000000,2
present,1333,44400715,0x00000000,0,0,0,0x00000000,0x00000000,2
present,1334,44435282,0x00000000,0,0,0,0x00000000,0x00000000,2
present,1335,44467322,0x00000000,0,0,0,0x00000000,0x00000000,2
present,1336,44501260,0x00000000,0,0,0,0x00000000,0x00000000,2
present,1337,44534170,0x00000000,0,0,0,0x00000000,0x00000000,2
present,1338,44567993,0x00000000,0,0,0,0x00000000,0x00000000,2
present,1339,44601293,0x00000000,0,0,0,0x00000000,0x00000000,2
present,1340,44633711,0x00000000,0,0,0,0x00000000,0x00000000,2
present,1341,44667508,0x00000000,0,0,0,0x00000000,0x00000000,2
present,1342,44700837,0x00000000,0,0,0,0x00000000,0x00000000,2
present,1343,44734332,0x00000000,0,0,0,0x00000000,0x00000000,2
present,1344,44767999,0x00000000,0,0,0,0x00000000,0x00000000,2
present,1345,44811015,0x00000000,0,0,0,0x00000000,0x00000000,2
present,1346,44834432,0x00000000,0,0,0,0x00000000,0x00000000,2
present,1347,44867661,0x00000000,0,0,0,0x00000000,0x00000000,2
present,1348,44901997,0x00000000,0,0,0,0x00000000,0x00000000,2
present,1349,44934880,0x00000000,0,0,0,0x00000000,0x00000000,2
present,1350,44967714,0x00000000,0,0,0,0x00000000,0x00000000,2
present,1351,45001614,0x00000000,0,0,0,0x00000000,0x00000000,2
present,1352,45095859,0x00000000,0,0,0,0x00000000,0x00000000,2
present,1353,45098331,0x00000000,0,0,0,0x00000000,0x00000000,2
present,1354,45100094,0x00000000,0,0,0,0x00000000,0x00000000,2
present,1355,45134297,0x00000000,0,0,0,0x00000000,0x00000000,2
present,1356,45167497,0x00000000,0,0,0,0x00000000,0x00000000,2
present,1357,45200686,0x00000000,0,0,0,0x00000000,0x00000000,2
present,1358,45233668,0x00000000,0,0,0,0x00000000,0x00000000,2
present,1359,45267419,0x00000000,0,0,0,0x00000000,0x00000000,2
present,1360,45301246,0x00000000,0,0,0,0x00000000,0x00000000,2
present,1361,45334227,0x00000000,0,0,0,0x00000000,0x00000000,2
present,1362,45368018,0x00000000,0,0,0,0x00000000,0x00000000,2
present,1363,45400807,0x00000000,0,0,0,0x00000000,0x00000000,2
present,1364,45434213,0x00000000,0,0,0,0x00000000,0x00000000,2
present,1365,45466875,0x00000000,0,0,0,0x00000000,0x00000000,2
present,1366,45501580,0x00000000,0,0,0,0x00000000,0x00000000,2
present,1367,45534542,0x00000000,0,0,0,0x00000000,0x00000000,2
present,1368,45566780,0x00000000,0,0,0,0x00000000,0x00000000,2
present,1369,45611717,0x00000000,0,0,0,0x00000000,0x00000000,2
present,1370,45634102,0x00000000,0,0,0,0x00000000,0x00000000,2
present,1371,45667388,0x00000000,0,0,0,0x00000000,0x00000000,2
present,1372,45701394,0x00000000,0,0,0,0x00000000,0x00000000,2
present,1373,45733968,0x00000000,0,0,0,0x00000000,0x00000000,2
present,1374,45767749,0x00000000,0,0,0,0x00000000,0x00000000,2
present,1375,45801698,0x00000000,0,0,0,0x00000000,0x00000000,2
present,1376,45834663,0x00000000,0,0,0,0x00000000,0x00000000,2
present,1377,45867694,0x00000000,0,0,0,0x00000000,0x00000000,2
present,1378,45900672,0x00000000,0,0,0,0x00000000,0x00000000,2
present,1379,45934130,0x00000000,0,0,0,0x00000000,0x00000000,2
present,1380,45968263,0x00000000,0,0,0,0x00000000,0x00000000,2
present,1381,46001086,0x00000000,0,0,0,0x00000000,0x00000000,3
present,1382,46039526,0x00000000,0,0,0,0x00000000,0x00000000,3
present,1383,46068092,0x00000000,0,0,0,0x00000000,0x00000000,3
present,1384,46100836,0x00000000,0,0,0,0x00000000,0x00000000,3
present,1385,46134055,0x00000000,0,0,0,0x00000000,0x00000000,3
present,1386,46167676,0x00000000,0,0,0,0x00000000,0x00000000,3
present,1387,46201294,0x00000000,0,0,0,0x00000000,0x00000000,3
present,1388,46233617,0x00000000,0,0,0,0x00000000,0x00000000,3
present,1389,46267976,0x00000000,0,0,0,0x00000000,0x00000000,3
present,1390,46300216,0x00000000,0,0,0,0x00000000,0x00000000,3
present,1391,46334581,0x00000000,0,0,0,0x00000000,0x00000000,3
present,1392,46366899,0x00000000,0,0,0,0x00000000,0x00000000,3
present,1393,46401299,0x00000000,0,0,0,0x00000000,0x00000000,3
present,1394,46434445,0x00000000,0,0,0,0x00000000,0x00000000,3
present,1395,46467627,0x00000000,0,0,0,0x00000000,0x00000000,3
present,1396,46501529,0x00000000,0,0,0,0x00000000,0x00000000,3
present,1397,46534264,0x00000000,0,0,0,0x00000000,0x00000000,3
present,1398,46567222,0x00000000,0,0,0,0x00000000,0x00000000,3
present,1399,46600588,0x00000000,0,0,0,0x00000000,0x00000000,3
present,1400,46634302,0x00000000,0,0,0,0x00000000,0x00000000,3
present,1401,46668252,0x00000000,0,0,0,0x00000000,0x00000000,3
present,1402,46701250,0x00000000,0,0,0,0x00000000,0x00000000,3
present,1403,46734289,0x00000000,0,0,0,0x00000000,0x00000000,3
present,1404,46768459,0x00000000,0,0,0,0x00000000,0x00000000,3
present,1405,46800521,0x00000000,0,0,0,0x00000000,0x00000000,3
present,1406,46833951,0x00000000,0,0,0,0x00000000,0x00000000,3
present,1407,46867142,0x00000000,0,0,0,0x00000000,0x00000000,3
present,1408,46900923,0x00000000,0,0,0,0x00000000,0x00000000,3
present,1409,46934684,0x00000000,0,0,0,0x00000000,0x00000000,3
present,1410,46966842,0x00000000,0,0,0,0x00000000,0x00000000,3
present,1411,47001720,0x00000000,0,0,0,0x00000000,0x00000000,3
present,1412,47035638,0x00000000,0,0,0,0x00000000,0x00000000,3
present,1413,47067424,0x00000000,0,0,0,0x00000000,0x00000000,3
present,1414,47101892,0x00000000,0,0,0,0x00000000,0x00000000,3
present,1415,47134194,0x00000000,0,0,0,0x00000000,0x00000000,3
present,1416,47168024,0x00000000,0,0,0,0x00000000,0x00000000,3
present,1417,47200759,0x00000000,0,0,0,0x00000000,0x00000000,3
present,1418,47234625,0x00000000,0,0,0,0x00000000,0x00000000,3
present,1419,47267303,0x00000000,0,0,0,0x00000000,0x00000000,3
present,1420,47300665,0x00000000,0,0,0,0x00000000,0x00000000,3
present,1421,47334563,0x00000000,0,0,0,0x00000000,0x00000000,3
present,1422,47367465,0x00000000,0,0,0,0x00000000,0x00000000,3
present,1423,47401609,0x00000000,0,0,0,0x00000000,0x00000000,3
present,1424,47434041,0x00000000,0,0,0,0x00000000,0x00000000,3
present,1425,47468135,0x00000000,0,0,0,0x00000000,0x00000000,3
present,1426,47501006,0x00000000,0,0,0,0x00000000,0x00000000,3
present,1427,47533945,0x00000000,0,0,0,0x00000000,0x00000000,3
present,1428,47567431,0x00000000,0,0,0,0x00000000,0x00000000,3
present,1429,47608163,0x00000000,0,0,0,0x00000000,0x00000000,3
present,1430,47633575,0x00000000,0,0,0,0x00000000,0x00000000,3
present,1431,47668491,0x00000000,0,0,0,0x00000000,0x00000000,3
present,1432,47701492,0x00000000,0,0,0,0x00000000,0x00000000,3
present,1433,47734101,0x00000000,0,0,0,0x00000000,0x00000000,3
present,1434,47767304,0x00000000,0,0,0,0x00000000,0x00000000,3
present,1435,47800702,0x00000000,0,0,0,0x00000000,0x00000000,3
present,1436,47834059,0x00000000,0,0,0,0x00000000,0x00000000,3
present,1437,47868790,0x00000000,0,0,0,0x00000000,0x00000000,3
present,1438,47900533,0x00000000,0,0,0,0x00000000,0x00000000,3
present,1439,47934373,0x00000000,0,0,0,0x00000000,0x00000000,3
present,1440,47967322,0x00000000,0,0,0,0x00000000,0x00000000,3
present,1441,48000566,0x00000000,0,0,0,0x00000000,0x00000000,0
present,1442,48034323,0x00000000,0,0,0,0x00000000,0x00000000,0
present,1443,48067454,0x00000000,0,0,0,0x00000000,0x00000000,0
present,1444,48101266,0x00000000,0,0,0,0x00000000,0x00000000,0
present,1445,48134214,0x00000000,0,0,0,0x00000000,0x00000000,0
present,1446,48168562,0x00000000,0,0,0,0x00000000,0x00000000,0
present,1447,48201397,0x00000000,0,0,0,0x00000000,0x00000000,0
present,1448,48234202,0x00000000,0,0,0,0x00000000,0x00000000,0
present,1449,48268058,0x00000000,0,0,0,0x00000000,0x00000000,0
present,1450,48300626,0x00000000,0,0,0,0x00000000,0x00000000,0
present,1451,48334999,0x00000000,0,0,0,0x00000000,0x00000000,0
present,1452,48367580,0x00000000,0,0,0,0x00000000,0x00000000,0
present,1453,48400694,0x00000000,0,0,0,0x00000000,0x00000000,0
present,1454,48434571,0x00000000,0,0,0,0x00000000,0x00000000,0
present,1455,48467398,0x00000000,0,0,0,0x00000000,0x00000000,0
present,1456,48500506,0x00000000,0,0,0,0x00000000,0x00000000,0
present,1457,48534380,0x00000000,0,0,0,0x00000000,0x00000000,0
present,1458,48568332,0x00000000,0,0,0,0x00000000,0x00000000,0
present,1459,48600765,0x00000000,0,0,0,0x00000000,0x00000000,0
present,1460,48634663,0x00000000,0,0,0,0x00000000,0x00000000,0
present,1461,48667442,0x00000000,0,0,0,0x00000000,0x00000000,0
present,1462,48701368,0x00000000,0,0,0,0x00000000,0x00000000,0
present,1463,48734267,0x00000000,0,0,0,0x00000000,0x00000000,0
present,1464,48768053,0x00000000,0,0,0,0x00000000,0x00000000,0
present,1465,48800374,0x00000000,0,0,0,0x00000000,0x00000000,0
present,1466,48833631,0x00000000,0,0,0,0x00000000,0x00000000,0
present,1467,48869461,0x00000000,0,0,0,0x00000000,0x00000000,0
present,1468,48900883,0x00000000,0,0,0,0x00000000,0x00000000,0
present,1469,48934784,0x00000000,0,0,0,0x00000000,0x00000000,0
present,1470,48967646,0x00000000,0,0,0,0x00000000,0x00000000,0
present,1471,49001506,0x00000000,0,0,0,0x00000000,0x00000000,0
present,1472,49034406,0x00000000,0,0,0,0x00000000,0x00000000,0
present,1473,49068286,0x00000000,0,0,0,0x00000000,0x00000000,0
present,1474,49100944,0x00000000,0,0,0,0x00000000,0x00000000,0
present,1475,49134652,0x00000000,0,0,0,0x00000000,0x00000000,0
present,1476,49167414,0x00000000,0,0,0,0x00000000,0x00000000,0
present,1477,49200622,0x00000000,0,0,0,0x00000000,0x00000000,0
present,1478,49234572,0x00000000,0,0,0,0x00000000,0x00000000,0
present,1479,49267363,0x00000000,0,0,0,0x00000000,0x00000000,0
present,1480,49301437,0x00000000,0,0,0,0x00000000,0x00000000,0
present,1481,49334299,0x00000000,0,0,0,0x00000000,0x00000000,0
present,1482,49368004,0x00000000,0,0,0,0x00000000,0x00000000,0
present,1483,49400631,0x00000000,0,0,0,0x00000000,0x00000000,0
present,1484,49434510,0x00000000,0,0,0,0x00000000,0x00000000,0
present,1485,49467325,0x00000000,0,0,0,0x00000000,0x00000000,0
present,1486,49501247,0x00000000,0,0,0,0x00000000,0x00000000,0
present,1487,49534046,0x00000000,0,0,0,0x00000000,0x00000000,0
present,1488,49567225,0x00000000,0,0,0,0x00000000,0x00000000,0
present,1489,49608123,0x00000000,0,0,0,0x00000000,0x00000000,0
present,1490,49634598,0x00000000,0,0,0,0x00000000,0x00000000,0
present,1491,49668912,0x00000000,0,0,0,0x00000000,0x00000000,0
present,1492,49700744,0x00000000,0,0,0,0x00000000,0x00000000,0
present,1493,49734563,0x00000000,0,0,0,0x00000000,0x00000000,0
present,1494,49767550,0x00000000,0,0,0,0x00000000,0x00000000,0
present,1495,49801585,0x00000000,0,0,0,0x00000000,0x00000000,0
present,1496,49834418,0x00000000,0,0,0,0x00000000,0x00000000,0
present,1497,49867330,0x00000000,0,0,0,0x00000000,0x00000000,0
present,1498,49901505,0x00000000,0,0,0,0x00000000,0x00000000,0
present,1499,49933976,0x00000000,0,0,0,0x00000000,0x00000000,0
present,1500,49967285,0x00000000,0,0,0,0x00000000,0x00000000,0
present,1501,50000655,0x00000000,0,0,0,0x00000000,0x00000000,1
present,1502,50033942,0x00000000,0,0,0,0x00000000,0x00000000,1
present,1503,50067944,0x00000000,0,0,0,0x00000000,0x00000000,1
present,1504,50100528,0x00000000,0,0,0,0x00000000,0x00000000,1
present,1505,50134245,0x00000000,0,0,0,0x00000000,0x00000000,1
present,1506,50168126,0x00000000,0,0,0,0x00000000,0x00000000,1
present,1507,50200919,0x00000000,0,0,0,0x00000000,0x00000000,1
present,1508,50235492,0x00000000,0,0,0,0x00000000,0x00000000,1
present,1509,50267430,0x00000000,0,0,0,0x00000000,0x00000000,1
present,1510,50300578,0x00000000,0,0,0,0x00000000,0x00000000,1
present,1511,50334622,0x00000000,0,0,0,0x00000000,0x00000000,1
present,1512,50367030,0x00000000,0,0,0,0x00000000,0x00000000,1
present,1513,50400397,0x00000000,0,0,0,0x00000000,0x00000000,1
present,1514,50433605,0x00000000,0,0,0,0x00000000,0x00000000,1
present,1515,50467663,0x00000000,0,0,0,0x00000000,0x00000000,1
present,1516,50500852,0x00000000,0,0,0,0x00000000,0x00000000,1
present,1517,50534100,0x00000000,0,0,0,0x00000000,0x00000000,1
present,1518,50567336,0x00000000,0,0,0,0x00000000,0x00000000,1
present,1519,50601351,0x00000000,0,0,0,0x00000000,0x00000000,1
present,1520,50633571,0x00000000,0,0,0,0x00000000,0x00000000,1
present,1521,50668762,0x00000000,0,0,0,0x00000000,0x00000000,1
present,1522,50701352,0x00000000,0,0,0,0x00000000,0x00000000,1
present,1523,50733839,0x00000000,0,0,0,0x00000000,0x00000000,1
present,1524,50767371,0x00000000,0,0,0,0x00000000,0x00000000,1
present,1525,50800647,0x00000000,0,0,0,0x00000000,0x00000000,1
present,1526,50834530,0x00000000,0,0,0,0x00000000,0x00000000,1
present,1527,50867032,0x00000000,0,0,0,0x00000000,0x00000000,1
present,1528,50900229,0x00000000,0,0,0,0x00000000,0x00000000,1
present,1529,50939974,0x00000000,0,0,0,0x00000000,0x00000000,1
present,1530,50967327,0x00000000,0,0,0,0x00000000,0x00000000,1
present,1531,51000713,0x00000000,0,0,0,0x00000000,0x00000000,1
present,1532,51034636,0x00000000,0,0,0,0x00000000,0x00000000,1
present,1533,51067481,0x00000000,0,0,0,0x00000000,0x00000000,1
present,1534,51101521,0x00000000,0,0,0,0x00000000,0x00000000,1
present,1535,51133983,0x00000000,0,0,0,0x00000000,0x00000000,1
present,1536,51167986,0x00000000,0,0,0,0x00000000,0x00000000,1
present,1537,51200774,0x00000000,0,0,0,0x00000000,0x00000000,1
present,1538,51234865,0x00000000,0,0,0,0x00000000,0x00000000,1
present,1539,51267409,0x00000000,0,0,0,0x00000000,0x00000000,1
present,1540,51301339,0x00000000,0,0,0,0x00000000,0x00000000,1
present,1541,51333932,0x00000000,0,0,0,0x00000000,0x00000000,1
present,1542,51367956,0x00000000,0,0,0,0x00000000,0x00000000,1
present,1543,51400765,0x00000000,0,0,0,0x00000000,0x00000000,1
present,1544,51434759,0x00000000,0,0,0,0x00000000,0x00000000,1
present,1545,51467619,0x00000000,0,0,0,0x00000000,0x00000000,1
present,1546,51500611,0x00000000,0,0,0,0x00000000,0x00000000,1
present,1547,51534651,0x00000000,0,0,0,0x00000000,0x00000000,1
present,1548,51567604,0x00000000,0,0,0,0x00000000,0x00000000,1
present,1549,51605946,0x00000000,0,0,0,0x00000000,0x00000000,1
present,1550,51634396,0x00000000,0,0,0,0x00000000,0x00000000,1
present,1551,51667377,0x00000000,0,0,0,0x00000000,0x00000000,1
present,1552,51700690,0x00000000,0,0,0,0x00000000,0x00000000,1
present,1553,51734546,0x00000000,0,0,0,0x00000000,0x00000000,1
present,1554,51767379,0x00000000,0,0,0,0x00000000,0x00000000,1
present,1555,51801000,0x00000000,0,0,0,0x00000000,0x00000000,1
present,1556,51834019,0x00000000,0,0,0,0x00000000,0x00000000,1
present,1557,51868073,0x00000000,0,0,0,0x00000000,0x00000000,1
present,1558,51900879,0x00000000,0,0,0,0x00000000,0x00000000,1
present,1559,51934018,0x00000000,0,0,0,0x00000000,0x00000000,1
present,1560,51967248,0x00000000,0,0,0,0x00000000,0x00000000,1
present,1561,52002094,0x00000000,0,0,0,0x00000000,0x00000000,2
present,1562,52033919,0x00000000,0,0,0,0x00000000,0x00000000,2
present,1563,52067847,0x00000000,0,0,0,0x00000000,0x00000000,2
present,1564,52100667,0x00000000,0,0,0,0x00000000,0x00000000,2
present,1565,52133951,0x00000000,0,0,0,0x00000000,0x00000000,2
present,1566,52167210,0x00000000,0,0,0,0x00000000,0x00000000,2
present,1567,52200892,0x00000000,0,0,0,0x00000000,0x00000000,2
present,1568,52234650,0x00000000,0,0,0,0x00000000,0x00000000,2
present,1569,52267426,0x00000000,0,0,0,0x00000000,0x00000000,2
present,1570,52300554,0x00000000,0,0,0,0x00000000,0x00000000,2
present,1571,52333917,0x00000000,0,0,0,0x00000000,0x00000000,2
present,1572,52367796,0x00000000,0,0,0,0x00000000,0x00000000,2
present,1573,52401157,0x00000000,0,0,0,0x00000000,0x00000000,2
present,1574,52434069,0x00000000,0,0,0,0x00000000,0x00000000,2
present,1575,52467997,0x00000000,0,0,0,0x00000000,0x00000000,2
present,1576,52500892,0x00000000,0,0,0,0x00000000,0x00000000,2
present,1577,52536395,0x00000000,0,0,0,0x00000000,0x00000000,2
present,1578,52567223,0x00000000,0,0,0,0x00000000,0x00000000,2
present,1579,52600520,0x00000000,0,0,0,0x00000000,0x00000000,2
present,1580,52634271,0x00000000,0,0,0,0x00000000,0x00000000,2
present,1581,52667359,0x00000000,0,0,0,0x00000000,0x00000000,2
present,1582,52700564,0x00000000,0,0,0,0x00000000,0x00000000,2
present,1583,52734205,0x00000000,0,0,0,0x00000000,0x00000000,2
present,1584,52768177,0x00000000,0,0,0,0x00000000,0x00000000,2
present,1585,52801077,0x00000000,0,0,0,0x00000000,0x00000000,2
present,1586,52834499,0x00000000,0,0,0,0x00000000,0x00000000,2
present,1587,52866899,0x00000000,0,0,0,0x00000000,0x00000000,2
present,1588,52901452,0x00000000,0,0,0,0x00000000,0x00000000,2
present,1589,52933724,0x00000000,0,0,0,0x00000000,0x00000000,2
present,1590,52967112,0x00000000,0,0,0,0x00000000,0x00000000,2
present,1591,53000336,0x00000000,0,0,0,0x00000000,0x00000000,2
present,1592,53033495,0x00000000,0,0,0,0x00000000,0x00000000,2
present,1593,53067955,0x00000000,0,0,0,0x00000000,0x00000000,2
present,1594,53100219,0x00000000,0,0,0,0x00000000,0x00000000,2
present,1595,53134583,0x00000000,0,0,0,0x00000000,0x00000000,2
present,1596,53167798,0x00000000,0,0,0,0x00000000,0x00000000,2
present,1597,53201242,0x00000000,0,0,0,0x00000000,0x00000000,2
present,1598,53234840,0x00000000,0,0,0,0x00000000,0x00000000,2
present,1599,53267589,0x00000000,0,0,0,0x00000000,0x00000000,2
present,1600,53301509,0x00000000,0,0,0,0x00000000,0x00000000,2
present,1601,53333943,0x00000000,0,0,0,0x00000000,0x00000000,2
present,1602,53368436,0x00000000,0,0,0,0x00000000,0x00000000,2
present,1603,53401315,0x00000000,0,0,0,0x00000000,0x00000000,2
present,1604,53434062,0x00000000,0,0,0,0x00000000,0x00000000,2
present,1605,53468133,0x00000000,0,0,0,0x00000000,0x00000000,2
present,1606,53502019,0x00000000,0,0,0,0x00000000,0x00000000,2
present,1607,53533658,0x00000000,0,0,0,0x00000000,0x00000000,2
present,1608,53566992,0x00000000,0,0,0,0x00000000,0x00000000,2
present,1609,53600173,0x00000000,0,0,0,0x00000000,0x00000000,2
present,1610,53634312,0x00000000,0,0,0,0x00000000,0x00000000,2
present,1611,53667655,0x00000000,0,0,0,0x00000000,0x00000000,2
present,1612,53700192,0x00000000,0,0,0,0x00000000,0x00000000,2
present,1613,53735359,0x00000000,0,0,0,0x00000000,0x00000000,2
present,1614,53767289,0x00000000,0,0,0,0x00000000,0x00000000,2
present,1615,53801347,0x00000000,0,0,0,0x00000000,0x00000000,2
present,1616,53833726,0x00000000,0,0,0,0x00000000,0x00000000,2
present,1617,53866933,0x00000000,0,0,0,0x00000000,0x00000000,2
present,1618,53902929,0x00000000,0,0,0,0x00000000,0x00000000,2
present,1619,53934823,0x00000000,0,0,0,0x00000000,0x00000000,2
present,1620,53967841,0x00000000,0,0,0,0x00000000,0x00000000,2
present,1621,54000529,0x00000000,0,0,0,0x00000000,0x00000000,3
present,1622,54034920,0x00000000,0,0,0,0x00000000,0x00000000,3
present,1623,54067791,0x00000000,0,0,0,0x00000000,0x00000000,3
present,1624,54101408,0x00000000,0,0,0,0x00000000,0x00000000,3
present,1625,54133974,0x00000000,0,0,0,0x00000000,0x00000000,3
present,1626,54167975,0x00000000,0,0,0,0x00000000,0x00000000,3
present,1627,54200848,0x00000000,0,0,0,0x00000000,0x00000000,3
present,1628,54233766,0x00000000,0,0,0,0x00000000,0x00000000,3
present,1629,54267360,0x00000000,0,0,0,0x00000000,0x00000000,3
present,1630,54300979,0x00000000,0,0,0,0x00000000,0x00000000,3
present,1631,54335044,0x00000000,0,0,0,0x00000000,0x00000000,3
present,1632,54367841,0x00000000,0,0,0,0x00000000,0x00000000,3
present,1633,54400677,0x00000000,0,0,0,0x00000000,0x00000000,3
present,1634,54434262,0x00000000,0,0,0,0x00000000,0x00000000,3
present,1635,54470442,0x00000000,0,0,0,0x00000000,0x00000000,3
present,1636,54500856,0x00000000,0,0,0,0x00000000,0x00000000,3
present,1637,54534026,0x00000000,0,0,0,0x00000000,0x00000000,3
present,1638,54567244,0x00000000,0,0,0,0x00000000,0x00000000,3
present,1639,54600427,0x00000000,0,0,0,0x00000000,0x00000000,3
present,1640,54633588,0x00000000,0,0,0,0x00000000,0x00000000,3
present,1641,54667933,0x00000000,0,0,0,0x00000000,0x00000000,3
present,1642,54701759,0x00000000,0,0,0,0x00000000,0x00000000,3
present,1643,54734579,0x00000000,0,0,0,0x00000000,0x00000000,3
present,1644,54768050,0x00000000,0,0,0,0x00000000,0x00000000,3
present,1645,54800952,0x00000000,0,0,0,0x00000000,0x00000000,3
present,1646,54833897,0x00000000,0,0,0,0x00000000,0x00000000,3
present,1647,54867804,0x00000000,0,0,0,0x00000000,0x00000000,3
present,1648,54902739,0x00000000,0,0,0,0x00000000,0x00000000,3
present,1649,54934705,0x00000000,0,0,0,0x00000000,0x00000000,3
present,1650,54967203,0x00000000,0,0,0,0x00000000,0x00000000,3
present,1651,55000632,0x00000000,0,0,0,0x00000000,0x00000000,3
present,1652,55033988,0x00000000,0,0,0,0x00000000,0x00000000,3
present,1653,55067253,0x00000000,0,0,0,0x00000000,0x00000000,3
present,1654,55100940,0x00000000,0,0,0,0x00000000,0x00000000,3
present,1655,55134869,0x00000000,0,0,0,0x00000000,0x00000000,3
present,1656,55167740,0x00000000,0,0,0,0x00000000,0x00000000,3
present,1657,55201665,0x00000000,0,0,0,0x00000000,0x00000000,3
present,1658,55234539,0x00000000,0,0,0,0x00000000,0x00000000,3
present,1659,55267191,0x00000000,0,0,0,0x00000000,0x00000000,3
present,1660,55300738,0x00000000,0,0,0,0x00000000,0x00000000,3
present,1661,55333791,0x00000000,0,0,0,0x00000000,0x00000000,3
present,1662,55367600,0x00000000,0,0,0,0x00000000,0x00000000,3
present,1663,55401495,0x00000000,0,0,0,0x00000000,0x00000000,3
present,1664,55433898,0x00000000,0,0,0,0x00000000,0x00000000,3
present,1665,55467652,0x00000000,0,0,0,0x00000000,0x00000000,3
present,1666,55501641,0x00000000,0,0,0,0x00000000,0x00000000,3
present,1667,55534200,0x00000000,0,0,0,0x00000000,0x00000000,3
present,1668,55567539,0x00000000,0,0,0,0x00000000,0x00000000,3
present,1669,55600911,0x00000000,0,0,0,0x00000000,0x00000000,3
present,1670,55634252,0x00000000,0,0,0,0x00000000,0x00000000,3
present,1671,55715815,0x00000000,0,0,0,0x00000000,0x00000000,3
present,1672,55715973,0x00000000,0,0,0,0x00000000,0x00000000,3
present,1673,55736431,0x00000000,0,0,0,0x00000000,0x00000000,3
present,1674,55766838,0x00000000,0,0,0,0x00000000,0x00000000,3
present,1675,55801289,0x00000000,0,0,0,0x00000000,0x00000000,3
present,1676,55833519,0x00000000,0,0,0,0x00000000,0x00000000,3
present,1677,55867804,0x00000000,0,0,0,0x00000000,0x00000000,3
present,1678,55901042,0x00000000,0,0,0,0x00000000,0x00000000,3
present,1679,55934331,0x00000000,0,0,0,0x00000000,0x00000000,3
present,1680,55967622,0x00000000,0,0,0,0x00000000,0x00000000,3
present,1681,56000858,0x00000000,0,0,0,0x00000000,0x00000000,0
present,1682,56034267,0x00000000,0,0,0,0x00000000,0x00000000,0
present,1683,56066903,0x00000000,0,0,0,0x00000000,0x00000000,0
present,1684,56101291,0x00000000,0,0,0,0x00000000,0x00000000,0
present,1685,56133529,0x00000000,0,0,0,0x00000000,0x00000000,0
present,1686,56167927,0x00000000,0,0,0,0x00000000,0x00000000,0
present,1687,56200248,0x00000000,0,0,0,0x00000000,0x00000000,0
present,1688,56234667,0x00000000,0,0,0,0x00000000,0x00000000,0
present,1689,56266891,0x00000000,0,0,0,0x00000000,0x00000000,0
present,1690,56301206,0x00000000,0,0,0,0x00000000,0x00000000,0
present,1691,56334477,0x00000000,0,0,0,0x00000000,0x00000000,0
present,1692,56368010,0x00000000,0,0,0,0x00000000,0x00000000,0
present,1693,56400367,0x00000000,0,0,0,0x00000000,0x00000000,0
present,1694,56433541,0x00000000,0,0,0,0x00000000,0x00000000,0
present,1695,56466959,0x00000000,0,0,0,0x00000000,0x00000000,0
present,1696,56500199,0x00000000,0,0,0,0x00000000,0x00000000,0
present,1697,56534623,0x00000000,0,0,0,0x00000000,0x00000000,0
present,1698,56567818,0x00000000,0,0,0,0x00000000,0x00000000,0
present,1699,56600495,0x00000000,0,0,0,0x00000000,0x00000000,0
present,1700,56633826,0x00000000,0,0,0,0x00000000,0x00000000,0
present,1701,56667409,0x00000000,0,0,0,0x00000000,0x00000000,0
present,1702,56700874,0x00000000,0,0,0,0x00000000,0x00000000,0
present,1703,56734117,0x00000000,0,0,0,0x00000000,0x00000000,0
present,1704,56767384,0x00000000,0,0,0,0x00000000,0x00000000,0
present,1705,56800193,0x00000000,0,0,0,0x00000000,0x00000000,0
present,1706,56833494,0x00000000,0,0,0,0x00000000,0x00000000,0
present,1707,56868044,0x00000000,0,0,0,0x00000000,0x00000000,0
present,1708,56900763,0x00000000,0,0,0,0x00000000,0x00000000,0
present,1709,56934323,0x00000000,0,0,0,0x00000000,0x00000000,0
present,1710,56968059,0x00000000,0,0,0,0x00000000,0x00000000,0
present,1711,57000425,0x00000000,0,0,0,0x00000000,0x00000000,0
present,1712,57033681,0x00000000,0,0,0,0x00000000,0x00000000,0
present,1713,57067024,0x00000000,0,0,0,0x00000000,0x00000000,0
present,1714,57100583,0x00000000,0,0,0,0x00000000,0x00000000,0
present,1715,57134319,0x00000000,0,0,0,0x00000000,0x00000000,0
present,1716,57170046,0x00000000,0,0,0,0x00000000,0x00000000,0
present,1717,57200574,0x00000000,0,0,0,0x00000000,0x00000000,0
present,1718,57233891,0x00000000,0,0,0,0x00000000,0x00000000,0
present,1719,57267772,0x00000000,0,0,0,0x00000000,0x00000000,0
present,1720,57300809,0x00000000,0,0,0,0x00000000,0x00000000,0
present,1721,57335337,0x00000000,0,0,0,0x00000000,0x00000000,0
present,1722,57367449,0x00000000,0,0,0,0x00000000,0x00000000,0
present,1723,57401510,0x00000000,0,0,0,0x00000000,0x00000000,0
present,1724,57434494,0x00000000,0,0,0,0x00000000,0x00000000,0
present,1725,57467426,0x00000000,0,0,0,0x00000000,0x00000000,0
present,1726,57501312,0x00000000,0,0,0,0x00000000,0x00000000,0
present,1727,57534436,0x00000000,0,0,0,0x00000000,0x00000000,0
present,1728,57567730,0x00000000,0,0,0,0x00000000,0x00000000,0
present,1729,57601393,0x00000000,0,0,0,0x00000000,0x00000000,0
present,1730,57634356,0x00000000,0,0,0,0x00000000,0x00000000,0
present,1731,57670718,0x00000000,0,0,0,0x00000000,0x00000000,0
present,1732,57701419,0x00000000,0,0,0,0x00000000,0x00000000,0
present,1733,57734364,0x00000000,0,0,0,0x00000000,0x00000000,0
present,1734,57769355,0x00000000,0,0,0,0x00000000,0x00000000,0
present,1735,57801250,0x00000000,0,0,0,0x00000000,0x00000000,0
present,1736,57834129,0x00000000,0,0,0,0x00000000,0x00000000,0
present,1737,57867967,0x00000000,0,0,0,0x00000000,0x00000000,0
present,1738,57900625,0x00000000,0,0,0,0x00000000,0x00000000,0
present,1739,57934436,0x00000000,0,0,0,0x00000000,0x00000000,0
present,1740,57969599,0x00000000,0,0,0,0x00000000,0x00000000,0
present,1741,58001586,0x00000000,0,0,0,0x00000000,0x00000000,1
present,1742,58034448,0x00000000,0,0,0,0x00000000,0x00000000,1
present,1743,58069565,0x00000000,0,0,0,0x00000000,0x00000000,1
present,1744,58101394,0x00000000,0,0,0,0x00000000,0x00000000,1
present,1745,58134275,0x00000000,0,0,0,0x00000000,0x00000000,1
present,1746,58168314,0x00000000,0,0,0,0x00000000,0x00000000,1
present,1747,58200747,0x00000000,0,0,0,0x00000000,0x00000000,1
present,1748,58234672,0x00000000,0,0,0,0x00000000,0x00000000,1
present,1749,58267581,0x00000000,0,0,0,0x00000000,0x00000000,1
present,1750,58301318,0x00000000,0,0,0,0x00000000,0x00000000,1
present,1751,58334161,0x00000000,0,0,0,0x00000000,0x00000000,1
present,1752,58368035,0x00000000,0,0,0,0x00000000,0x00000000,1
present,1753,58400700,0x00000000,0,0,0,0x00000000,0x00000000,1
present,1754,58434387,0x00000000,0,0,0,0x00000000,0x00000000,1
present,1755,58467299,0x00000000,0,0,0,0x00000000,0x00000000,1
present,1756,58501427,0x00000000,0,0,0,0x00000000,0x00000000,1
present,1757,58534182,0x00000000,0,0,0,0x00000000,0x00000000,1
present,1758,58568056,0x00000000,0,0,0,0x00000000,0x00000000,1
present,1759,58600268,0x00000000,0,0,0,0x00000000,0x00000000,1
present,1760,58635574,0x00000000,0,0,0,0x00000000,0x00000000,1
present,1761,58667433,0x00000000,0,0,0,0x00000000,0x00000000,1
present,1762,58701335,0x00000000,0,0,0,0x00000000,0x00000000,1
present,1763,58734196,0x00000000,0,0,0,0x00000000,0x00000000,1
present,1764,58768336,0x00000000,0,0,0,0x00000000,0x00000000,1
present,1765,58800645,0x00000000,0,0,0,0x00000000,0x00000000,1
present,1766,58834547,0x00000000,0,0,0,0x00000000,0x00000000,1
present,1767,58867553,0x00000000,0,0,0,0x00000000,0x00000000,1
present,1768,58900606,0x00000000,0,0,0,0x00000000,0x00000000,1
present,1769,58934464,0x00000000,0,0,0,0x00000000,0x00000000,1
present,1770,58967870,0x00000000,0,0,0,0x00000000,0x00000000,1
present,1771,59000666,0x00000000,0,0,0,0x00000000,0x00000000,1
present,1772,59033976,0x00000000,0,0,0,0x00000000,0x00000000,1
present,1773,59067860,0x00000000,0,0,0,0x00000000,0x00000000,1
present,1774,59100648,0x00000000,0,0,0,0x00000000,0x00000000,1
present,1775,59134229,0x00000000,0,0,0,0x00000000,0x00000000,1
present,1776,59168081,0x00000000,0,0,0,0x00000000,0x00000000,1
present,1777,59200620,0x00000000,0,0,0,0x00000000,0x00000000,1
present,1778,59233970,0x00000000,0,0,0,0x00000000,0x00000000,1
present,1779,59267341,0x00000000,0,0,0,0x00000000,0x00000000,1
present,1780,59301385,0x00000000,0,0,0,0x00000000,0x00000000,1
present,1781,59333882,0x00000000,0,0,0,0x00000000,0x00000000,1
present,1782,59367316,0x00000000,0,0,0,0x00000000,0x00000000,1
present,1783,59400622,0x00000000,0,0,0,0x00000000,0x00000000,1
present,1784,59434629,0x00000000,0,0,0,0x00000000,0x00000000,1
present,1785,59467359,0x00000000,0,0,0,0x00000000,0x00000000,1
present,1786,59500669,0x00000000,0,0,0,0x00000000,0x00000000,1
present,1787,59534587,0x00000000,0,0,0,0x00000000,0x00000000,1
present,1788,59567006,0x00000000,0,0,0,0x00000000,0x00000000,1
present,1789,59600833,0x00000000,0,0,0,0x00000000,0x00000000,1
present,1790,59634783,0x00000000,0,0,0,0x00000000,0x00000000,1
present,1791,59667306,0x00000000,0,0,0,0x00000000,0x00000000,1
present,1792,59700657,0x00000000,0,0,0,0x00000000,0x00000000,1
present,1793,59734463,0x00000000,0,0,0,0x00000000,0x00000000,1
present,1794,59767127,0x00000000,0,0,0,0x00000000,0x00000000,1
present,1795,59800571,0x00000000,0,0,0,0x00000000,0x00000000,1
present,1796,59833947,0x00000000,0,0,0,0x00000000,0x00000000,1
present,1797,59867348,0x00000000,0,0,0,0x00000000,0x00000000,1
present,1798,59900571,0x00000000,0,0,0,0x00000000,0x00000000,1
present,1799,59934502,0x00000000,0,0,0,0x00000000,0x00000000,1
present,1800,59967485,0x00000000,0,0,0,0x00000000,0x00000000,1
present,1801,60001386,0x00000000,0,0,0,0x00000000,0x00000000,2
present,1802,60033932,0x00000000,0,0,0,0x00000000,0x00000000,2
present,1803,60067402,0x00000000,0,0,0,0x00000000,0x00000000,2
present,1804,60102014,0x00000000,0,0,0,0x00000000,0x00000000,2
present,1805,60134673,0x00000000,0,0,0,0x00000000,0x00000000,2
present,1806,60167185,0x00000000,0,0,0,0x00000000,0x00000000,2
present,1807,60201050,0x00000000,0,0,0,0x00000000,0x00000000,2
present,1808,60235265,0x00000000,0,0,0,0x00000000,0x00000000,2
present,1809,60267655,0x00000000,0,0,0,0x00000000,0x00000000,2
present,1810,60300932,0x00000000,0,0,0,0x00000000,0x00000000,2
present,1811,60334000,0x00000000,0,0,0,0x00000000,0x00000000,2
present,1812,60367700,0x00000000,0,0,0,0x00000000,0x00000000,2
present,1813,60403005,0x00000000,0,0,0,0x00000000,0x00000000,2
present,1814,60435470,0x00000000,0,0,0,0x00000000,0x00000000,2
present,1815,60467453,0x00000000,0,0,0,0x00000000,0x00000000,2
present,1816,60500699,0x00000000,0,0,0,0x00000000,0x00000000,2
present,1817,60534138,0x00000000,0,0,0,0x00000000,0x00000000,2
present,1818,60567543,0x00000000,0,0,0,0x00000000,0x00000000,2
present,1819,60600829,0x00000000,0,0,0,0x00000000,0x00000000,2
present,1820,60634487,0x00000000,0,0,0,0x00000000,0x00000000,2
present,1821,60667985,0x00000000,0,0,0,0x00000000,0x00000000,2
present,1822,60700899,0x00000000,0,0,0,0x00000000,0x00000000,2
present,1823,60734685,0x00000000,0,0,0,0x00000000,0x00000000,2
present,1824,60767386,0x00000000,0,0,0,0x00000000,0x00000000,2
present,1825,60800556,0x00000000,0,0,0,0x00000000,0x00000000,2
present,1826,60834427,0x00000000,0,0,0,0x00000000,0x00000000,2
present,1827,60869348,0x00000000,0,0,0,0x00000000,0x00000000,2
present,1828,60900877,0x00000000,0,0,0,0x00000000,0x00000000,2
present,1829,60934615,0x00000000,0,0,0,0x00000000,0x00000000,2
present,1830,60967403,0x00000000,0,0,0,0x00000000,0x00000000,2
present,1831,61001246,0x00000000,0,0,0,0x00000000,0x00000000,2
present,1832,61033650,0x00000000,0,0,0,0x00000000,0x00000000,2
present,1833,61067338,0x00000000,0,0,0,0x00000000,0x00000000,2
present,1834,61100590,0x00000000,0,0,0,0x00000000,0x00000000,2
present,1835,61134455,0x00000000,0,0,0,0x00000000,0x00000000,2
present,1836,61169531,0x00000000,0,0,0,0x00000000,0x00000000,2
present,1837,61203986,0x00000000,0,0,0,0x00000000,0x00000000,2
present,1838,61234639,0x00000000,0,0,0,0x00000000,0x00000000,2
present,1839,61267224,0x00000000,0,0,0,0x00000000,0x00000000,2
present,1840,61300738,0x00000000,0,0,0,0x00000000,0x00000000,2
present,1841,61334112,0x00000000,0,0,0,0x00000000,0x00000000,2
present,1842,61367356,0x00000000,0,0,0,0x00000000,0x00000000,2
present,1843,61403204,0x00000000,0,0,0,0x00000000,0x00000000,2
present,1844,61433918,0x00000000,0,0,0,0x00000000,0x00000000,2
present,1845,61467443,0x00000000,0,0,0,0x00000000,0x00000000,2
present,1846,61501677,0x00000000,0,0,0,0x00000000,0x00000000,2
present,1847,61534790,0x00000000,0,0,0,0x00000000,0x00000000,2
present,1848,61567639,0x00000000,0,0,0,0x00000000,0x00000000,2
present,1849,61600928,0x00000000,0,0,0,0x00000000,0x00000000,2
present,1850,61633980,0x00000000,0,0,0,0x00000000,0x00000000,2
present,1851,61667844,0x00000000,0,0,0,0x00000000,0x00000000,2
present,1852,61700777,0x00000000,0,0,0,0x00000000,0x00000000,2
present,1853,61734655,0x00000000,0,0,0,0x00000000,0x00000000,2
present,1854,61767279,0x00000000,0,0,0,0x00000000,0x00000000,2
present,1855,61801179,0x00000000,0,0,0,0x00000000,0x00000000,2
present,1856,61834025,0x00000000,0,0,0,0x00000000,0x00000000,2
present,1857,61867970,0x00000000,0,0,0,0x00000000,0x00000000,2
present,1858,61901071,0x00000000,0,0,0,0x00000000,0x00000000,2
present,1859,61934506,0x00000000,0,0,0,0x00000000,0x00000000,2
present,1860,61970878,0x00000000,0,0,0,0x00000000,0x00000000,2
present,1861,62000247,0x00000000,0,0,0,0x00000000,0x00000000,3
present,1862,62034518,0x00000000,0,0,0,0x00000000,0x00000000,3
present,1863,62068105,0x00000000,0,0,0,0x00000000,0x00000000,3
present,1864,62101057,0x00000000,0,0,0,0x00000000,0x00000000,3
present,1865,62134747,0x00000000,0,0,0,0x00000000,0x00000000,3
present,1866,62167362,0x00000000,0,0,0,0x00000000,0x00000000,3
present,1867,62201259,0x00000000,0,0,0,0x00000000,0x00000000,3
present,1868,62234234,0x00000000,0,0,0,0x00000000,0x00000000,3
present,1869,62267964,0x00000000,0,0,0,0x00000000,0x00000000,3
present,1870,62300936,0x00000000,0,0,0,0x00000000,0x00000000,3
present,1871,62335853,0x00000000,0,0,0,0x00000000,0x00000000,3
present,1872,62367818,0x00000000,0,0,0,0x00000000,0x00000000,3
present,1873,62402433,0x00000000,0,0,0,0x00000000,0x00000000,3
present,1874,62434447,0x00000000,0,0,0,0x00000000,0x00000000,3
present,1875,62469670,0x00000000,0,0,0,0x00000000,0x00000000,3
present,1876,62501789,0x00000000,0,0,0,0x00000000,0x00000000,3
present,1877,62533866,0x00000000,0,0,0,0x00000000,0x00000000,3
present,1878,62567811,0x00000000,0,0,0,0x00000000,0x00000000,3
present,1879,62610896,0x00000000,0,0,0,0x00000000,0x00000000,3
present,1880,62634352,0x00000000,0,0,0,0x00000000,0x00000000,3
present,1881,62667207,0x00000000,0,0,0,0x00000000,0x00000000,3
present,1882,62701230,0x00000000,0,0,0,0x00000000,0x00000000,3
present,1883,62734101,0x00000000,0,0,0,0x00000000,0x00000000,3
present,1884,62768212,0x00000000,0,0,0,0x00000000,0x00000000,3
present,1885,62800585,0x00000000,0,0,0,0x00000000,0x00000000,3
present,1886,62834428,0x00000000,0,0,0,0x00000000,0x00000000,3
present,1887,62868826,0x00000000,0,0,0,0x00000000,0x00000000,3
present,1888,62900941,0x00000000,0,0,0,0x00000000,0x00000000,3
present,1889,62934609,0x00000000,0,0,0,0x00000000,0x00000000,3
present,1890,62967574,0x00000000,0,0,0,0x00000000,0x00000000,3
present,1891,63001505,0x00000000,0,0,0,0x00000000,0x00000000,3
present,1892,63033886,0x00000000,0,0,0,0x00000000,0x00000000,3
present,1893,63067942,0x00000000,0,0,0,0x00000000,0x00000000,3
present,1894,63100808,0x00000000,0,0,0,0x00000000,0x00000000,3
present,1895,63134709,0x00000000,0,0,0,0x00000000,0x00000000,3
present,1896,63167793,0x00000000,0,0,0,0x00000000,0x00000000,3
present,1897,63201120,0x00000000,0,0,0,0x00000000,0x00000000,3
present,1898,63235060,0x00000000,0,0,0,0x00000000,0x00000000,3
present,1899,63267432,0x00000000,0,0,0,0x00000000,0x00000000,3
present,1900,63300684,0x00000000,0,0,0,0x00000000,0x00000000,3
present,1901,63334790,0x00000000,0,0,0,0x00000000,0x00000000,3
present,1902,63367305,0x00000000,0,0,0,0x00000000,0x00000000,3
present,1903,63401395,0x00000000,0,0,0,0x00000000,0x00000000,3
present,1904,63434163,0x00000000,0,0,0,0x00000000,0x00000000,3
present,1905,63468088,0x00000000,0,0,0,0x00000000,0x00000000,3
present,1906,63500916,0x00000000,0,0,0,0x00000000,0x00000000,3
present,1907,63538780,0x00000000,0,0,0,0x00000000,0x00000000,3
present,1908,63567787,0x00000000,0,0,0,0x00000000,0x00000000,3
present,1909,63600993,0x00000000,0,0,0,0x00000000,0x00000000,3
present,1910,63633577,0x00000000,0,0,0,0x00000000,0x00000000,3
present,1911,63668519,0x00000000,0,0,0,0x00000000,0x00000000,3
present,1912,63701054,0x00000000,0,0,0,0x00000000,0x00000000,3
present,1913,63734800,0x00000000,0,0,0,0x00000000,0x00000000,3
present,1914,63767333,0x00000000,0,0,0,0x00000000,0x00000000,3
present,1915,63801577,0x00000000,0,0,0,0x00000000,0x00000000,3
present,1916,63834605,0x00000000,0,0,0,0x00000000,0x00000000,3
present,1917,63866814,0x00000000,0,0,0,0x00000000,0x00000000,3
present,1918,63900770,0x00000000,0,0,0,0x00000000,0x00000000,3
present,1919,63934676,0x00000000,0,0,0,0x00000000,0x00000000,3
present,1920,63967357,0x00000000,0,0,0,0x00000000,0x00000000,3
present,1921,64000706,0x00000000,0,0,0,0x00000000,0x00000000,0
present,1922,64034539,0x00000000,0,0,0,0x00000000,0x00000000,0
present,1923,64067382,0x00000000,0,0,0,0x00000000,0x00000000,0
present,1924,64101230,0x00000000,0,0,0,0x00000000,0x00000000,0
present,1925,64134166,0x00000000,0,0,0,0x00000000,0x00000000,0
present,1926,64168314,0x00000000,0,0,0,0x00000000,0x00000000,0
present,1927,64200605,0x00000000,0,0,0,0x00000000,0x00000000,0
present,1928,64234277,0x00000000,0,0,0,0x00000000,0x00000000,0
present,1929,64267829,0x00000000,0,0,0,0x00000000,0x00000000,0
present,1930,64300917,0x00000000,0,0,0,0x00000000,0x00000000,0
present,1931,64334714,0x00000000,0,0,0,0x00000000,0x00000000,0
present,1932,64367103,0x00000000,0,0,0,0x00000000,0x00000000,0
present,1933,64400814,0x00000000,0,0,0,0x00000000,0x00000000,0
present,1934,64434866,0x00000000,0,0,0,0x00000000,0x00000000,0
present,1935,64467264,0x00000000,0,0,0,0x00000000,0x00000000,0
present,1936,64503071,0x00000000,0,0,0,0x00000000,0x00000000,0
present,1937,64534322,0x00000000,0,0,0,0x00000000,0x00000000,0
present,1938,64568016,0x00000000,0,0,0,0x00000000,0x00000000,0
present,1939,64601089,0x00000000,0,0,0,0x00000000,0x00000000,0
present,1940,64634744,0x00000000,0,0,0,0x00000000,0x00000000,0
present,1941,64667907,0x00000000,0,0,0,0x00000000,0x00000000,0
present,1942,64700321,0x00000000,0,0,0,0x00000000,0x00000000,0
present,1943,64734729,0x00000000,0,0,0,0x00000000,0x00000000,0
present,1944,64767260,0x00000000,0,0,0,0x00000000,0x00000000,0
present,1945,64800616,0x00000000,0,0,0,0x00000000,0x00000000,0
present,1946,64834563,0x00000000,0,0,0,0x00000000,0x00000000,0
present,1947,64867367,0x00000000,0,0,0,0x00000000,0x00000000,0
present,1948,64900631,0x00000000,0,0,0,0x00000000,0x00000000,0
present,1949,64934465,0x00000000,0,0,0,0x00000000,0x00000000,0
present,1950,64969504,0x00000000,0,0,0,0x00000000,0x00000000,0
present,1951,65001366,0x00000000,0,0,0,0x00000000,0x00000000,0
exit,1951,65033747,0x00000000,0,0
