callback_index,callback_ns,scheduler_target_ns,render_deadline_ns,metal_target_presentation_ns,actual_presentation_ns,scheduler_feedback_actual_ns,actual_minus_metal_target_ns,source_count,source_frame_id,previous_source_timestamp_ns,current_source_timestamp_ns,source_ready_ns,generation_request_id,disposition,selection,generated_ready,generated_ready_ns,actual_drop,drop_reason
1,355567969872125,355567969872125,355567985991291,355568002657958,,,,0,0,,,355567338640625,0,no_frame,-,0,,0,
2,355567985181500,355567985181500,355568001809874,355568018476541,,,,1,1,355567969872125,355567969872125,355567338640625,0,real_frame,A,0,,1,drawable_presented_time_unavailable
3,355568025750416,355568025750416,355568042037499,355568075369499,355568042038458,355567992419375,-33331041,2,2,355567985181500,355567985181500,355567338640625,0,real_frame,B,1,355567988474208,0,
4,355568042325083,355568042325083,355568058703499,355568092035499,355568092037874,355568042327458,2375,3,3,355567985181500,355568025750416,355567338640625,2,generated_frame,G,1,355568026468208,0,
5,355568058908666,355568058908666,355568075369499,355568108701499,355568108704333,355568058911500,2834,3,2,355567985181500,355567985181500,355567338640625,0,real_frame,B,1,355568026468208,0,
6,355568075401666,355568075401666,355568092035499,355568125367499,355568125370874,355568075405041,3375,4,4,355568025750416,355568058908666,355567338640625,3,generated_frame,G,1,355568059563791,0,
7,355568092072166,355568092072166,355568108701499,355568142033499,355568142037333,355568092076000,3834,4,4,355568058908666,355568058908666,355567338640625,0,real_frame,B,1,355568059563791,0,
8,355568108728416,355568108728416,355568125367499,355568158699499,355568158703833,355568108732750,4334,5,5,355568058908666,355568092072166,355567338640625,4,generated_frame,G,1,355568092953333,0,
9,355568125394583,355568125394583,355568142033499,355568175365499,355568175370333,355568125399417,4834,5,5,355568092072166,355568092072166,355567338640625,0,real_frame,A,1,355568092953333,0,
10,355568142060833,355568142060833,355568158699499,355568192031499,355568192036791,355568142066125,5292,6,6,355568092072166,355568125394583,355567338640625,5,generated_frame,G,1,355568126228708,0,
11,355568158738916,355568158738916,355568175365499,355568208697499,355568208703291,355568158744708,5792,6,6,355568125394583,355568125394583,355567338640625,0,real_frame,B,1,355568126228708,0,
12,355568209153250,355568209153250,355568225799333,355568259131333,355568258702791,355568208724708,-428542,7,7,355568158738916,355568158738916,355567338640625,0,real_frame,A,1,355568159622916,0,
13,355568225398291,355568225398291,355568242029499,355568275361499,355568275369208,355568225406000,7709,8,7,355568158738916,355568158738916,355567338640625,0,real_frame,A,1,355568210242208,0,
14,355568242066541,355568242066541,355568258695499,355568292027499,355568292035624,355568242074666,8125,9,8,355568158738916,355568209153250,355567338640625,7,generated_frame,G,1,355568210242208,0,
15,355568258730666,355568258730666,355568275361499,355568308693499,355568308702124,355568258739291,8625,9,9,355568225398291,355568225398291,355567338640625,0,real_frame,A,1,355568210242208,0,
16,355568275484083,355568275484083,355568292027499,355568325359499,355568325368624,355568275493208,9125,10,10,355568225398291,355568258730666,355567338640625,8,generated_frame,G,1,355568259721791,0,
17,355568292160125,355568292160125,355568308693499,355568342025499,355568342035124,355568292169750,9625,10,10,355568258730666,355568258730666,355567338640625,0,real_frame,B,1,355568259721791,0,
18,355568308869583,355568308869583,355568325359499,355568358691499,355568358701666,355568308879750,10167,11,11,355568258730666,355568292160125,355567338640625,9,generated_frame,G,1,355568293552291,0,
19,355568325540416,355568325540416,355568342025499,355568375357499,355568375368083,355568325551000,10584,11,10,355568258730666,355568258730666,355567338640625,0,real_frame,B,1,355568293552291,0,
20,355568342252125,355568342252125,355568358691499,355568392023499,355568392034583,355568342263209,11084,12,12,355568292160125,355568325540416,355567338640625,10,generated_frame,G,1,355568327192250,0,
21,355568358909208,355568358909208,355568375357499,355568408689499,355568408700999,355568358920708,11500,12,11,355568292160125,355568292160125,355567338640625,0,real_frame,A,1,355568327192250,0,
22,355568375446916,355568375446916,355568392023499,355568425355499,355568425367499,355568375458916,12000,13,13,355568325540416,355568358909208,355567338640625,11,generated_frame,G,1,355568360902625,0,
23,355568392111208,355568392111208,355568408689499,355568442021499,355568442034041,355568392123750,12542,13,12,355568325540416,355568325540416,355567338640625,0,real_frame,B,1,355568360902625,0,
24,355568408775166,355568408775166,355568425355499,355568458687499,355568458700499,355568408788166,13000,14,14,355568358909208,355568392111208,355567338640625,12,generated_frame,G,1,355568393283250,0,
25,355568425467791,355568425467791,355568442021499,355568475353499,355568475366999,355568425481291,13500,14,14,355568392111208,355568392111208,355567338640625,0,real_frame,B,1,355568393283250,0,
26,355568442096958,355568442096958,355568458687499,355568492019499,355568492033416,355568442110875,13917,15,15,355568392111208,355568425467791,355567338640625,13,generated_frame,G,1,355568426620000,0,
27,355568461449416,355568461449416,355568475353499,355568508685499,355568508699916,355568461463833,14417,15,15,355568425467791,355568425467791,355567338640625,0,real_frame,A,1,355568426620000,0,
28,355568475392416,355568475392416,355568492019499,355568525351499,355568525366458,355568475407375,14959,16,16,355568425467791,355568461449416,355567338640625,14,generated_frame,G,1,355568464576500,0,
29,355568492051083,355568492051083,355568508685499,355568542017499,355568542032874,355568492066458,15375,16,15,355568425467791,355568425467791,355567338640625,0,real_frame,A,1,355568464576500,0,
30,355568508704375,355568508704375,355568525351499,355568558683499,355568558699416,355568508720292,15917,17,17,355568461449416,355568492051083,355567338640625,15,generated_frame,G,1,355568492826958,0,
31,355568525434000,355568525434000,355568542017499,355568575349499,355568575365833,355568525450334,16334,17,17,355568492051083,355568492051083,355567338640625,0,real_frame,A,1,355568492826958,0,
32,355568542121666,355568542121666,355568558683499,355568592015499,355568592032374,355568542138541,16875,18,18,355568492051083,355568525434000,355567338640625,16,generated_frame,G,1,355568528217916,0,
33,355568558791750,355568558791750,355568575349499,355568608681499,355568608698833,355568558809084,17334,18,17,355568492051083,355568492051083,355567338640625,0,real_frame,A,1,355568528217916,0,
34,355568575435458,355568575435458,355568592015499,355568625347499,355568625365249,355568575453208,17750,19,19,355568525434000,355568558791750,355567338640625,17,generated_frame,G,1,355568559964458,0,
35,355568592093708,355568592093708,355568608681499,355568642013499,355568642031749,355568592111958,18250,19,18,355568525434000,355568525434000,355567338640625,0,real_frame,B,1,355568559964458,0,
36,355568608761958,355568608761958,355568625347499,355568658679499,355568658698249,355568608780708,18750,20,20,355568558791750,355568592093708,355567338640625,18,generated_frame,G,1,355568593193625,0,
37,355568625436250,355568625436250,355568642013499,355568675345499,355568675364791,355568625455542,19292,20,20,355568592093708,355568592093708,355567338640625,0,real_frame,B,1,355568593193625,0,
38,355568642093541,355568642093541,355568658679499,355568692011499,355568692031208,355568642113250,19709,21,21,355568592093708,355568625436250,355567338640625,19,generated_frame,G,1,355568626718625,0,
39,355568658777250,355568658777250,355568675345499,355568708677499,355568708697708,355568658797459,20209,21,20,355568592093708,355568592093708,355567338640625,0,real_frame,B,1,355568626718625,0,
40,355568675444791,355568675444791,355568692011499,355568725343499,355568725364208,355568675465500,20709,22,22,355568625436250,355568658777250,355567338640625,20,generated_frame,G,1,355568660163250,0,
41,355568692085083,355568692085083,355568708677499,355568742009499,355568742030624,355568692106208,21125,22,21,355568625436250,355568625436250,355567338640625,0,real_frame,A,1,355568660163250,0,
42,355568708757750,355568708757750,355568725343499,355568758675499,355568758697166,355568708779417,21667,23,23,355568658777250,355568692085083,355567338640625,21,generated_frame,G,1,355568693159000,0,
43,355568725435291,355568725435291,355568742009499,355568775341499,355568775363624,355568725457416,22125,23,23,355568692085083,355568692085083,355567338640625,0,real_frame,A,1,355568693159000,0,
44,355568742108166,355568742108166,355568758675499,355568792007499,355568792030124,355568742130791,22625,24,24,355568692085083,355568725435291,355567338640625,22,generated_frame,G,1,355568726739125,0,
45,355568758773125,355568758773125,355568775341499,355568808673499,355568808696583,355568758796209,23084,24,23,355568692085083,355568692085083,355567338640625,0,real_frame,A,1,355568726739125,0,
46,355568775419625,355568775419625,355568792007499,355568825339499,355568825363041,355568775443167,23542,25,25,355568725435291,355568758773125,355567338640625,23,generated_frame,G,1,355568760190833,0,
47,355568792036666,355568792036666,355568808673499,355568842005499,355568842029541,355568792060708,24042,25,24,355568725435291,355568725435291,355567338640625,0,real_frame,B,1,355568760190833,0,
48,355568808738750,355568808738750,355568825339499,355568858671499,355568858696041,355568808763292,24542,26,26,355568758773125,355568792036666,355567338640625,24,generated_frame,G,1,355568792884625,0,
49,355568825427375,355568825427375,355568842005499,355568875337499,355568875362499,355568825452375,25000,26,26,355568792036666,355568792036666,355567338640625,0,real_frame,B,1,355568792884625,0,
50,355568842091500,355568842091500,355568858671499,355568892003499,355568892028958,355568842116959,25459,27,27,355568792036666,355568825427375,355567338640625,25,generated_frame,G,1,355568826719541,0,
51,355568858819708,355568858819708,355568875337499,355568908669499,355568908695499,355568858845708,26000,27,27,355568825427375,355568825427375,355567338640625,0,real_frame,A,1,355568826719541,0,
52,355568875526000,355568875526000,355568892003499,355568925335499,355568925361958,355568875552459,26459,28,28,355568825427375,355568858819708,355567338640625,26,generated_frame,G,1,355568860599875,0,
53,355568892098458,355568892098458,355568908669499,355568942001499,355568942028416,355568892125375,26917,28,27,355568825427375,355568825427375,355567338640625,0,real_frame,A,1,355568860599875,0,
54,355568908777833,355568908777833,355568925335499,355568958667499,355568958694958,355568908805292,27459,29,29,355568858819708,355568892098458,355567338640625,27,generated_frame,G,1,355568893241041,0,
55,355568925415083,355568925415083,355568942001499,355568975333499,355568975361374,355568925442958,27875,29,29,355568892098458,355568892098458,355567338640625,0,real_frame,A,1,355568893241041,0,
56,355568942085708,355568942085708,355568958667499,355568991999499,355568992027916,355568942114125,28417,30,30,355568892098458,355568925415083,355567338640625,28,generated_frame,G,1,355568926494333,0,
57,355568958760166,355568958760166,355568975333499,355569008665499,355569008694374,355568958789041,28875,30,30,355568925415083,355568925415083,355567338640625,0,real_frame,B,1,355568926494333,0,
58,355568975423125,355568975423125,355568991999499,355569025331499,355569025360999,355568975452625,29500,31,31,355568925415083,355568958760166,355567338640625,29,generated_frame,G,1,355568959905791,0,
59,355568992075250,355568992075250,355569008665499,355569041997499,355569042027333,355568992105084,29834,31,30,355568925415083,355568925415083,355567338640625,0,real_frame,B,1,355568959905791,0,
60,355569008732666,355569008732666,355569025331499,355569058663499,355569058693791,355569008762958,30292,32,32,355568958760166,355568992075250,355567338640625,30,generated_frame,G,1,355568993160416,0,
61,355569028848375,355569028848375,355569041997499,355569075329499,355569075360291,355569028879167,30792,32,32,355568992075250,355568992075250,355567338640625,0,real_frame,B,1,355568993160416,0,
62,355569042075458,355569042075458,355569058663499,355569091995499,355569092026708,355569042106667,31209,33,33,355568992075250,355569028848375,355567338640625,31,generated_frame,G,1,355569029865583,0,
63,355569058735208,355569058735208,355569075329499,355569108661499,355569108693291,355569058767000,31792,33,32,355568992075250,355568992075250,355567338640625,0,real_frame,B,1,355569029865583,0,
64,355569078126916,355569078126916,355569091995499,355569125327499,355569125359749,355569078159166,32250,34,34,355569028848375,355569058735208,355567338640625,32,generated_frame,G,1,355569059812708,0,
65,355569092042208,355569092042208,355569108661499,355569141993499,355569142026208,355569092074917,32709,34,34,355569058735208,355569058735208,355567338640625,0,real_frame,B,1,355569059812708,0,
66,355569108682916,355569108682916,355569125327499,355569158659499,355569158692708,355569108716125,33209,35,35,355569058735208,355569092042208,355567338640625,33,generated_frame,G,1,355569092950750,0,
67,355569125438583,355569125438583,355569141993499,355569175325499,355569175359166,355569125472250,33667,35,35,355569092042208,355569092042208,355567338640625,0,real_frame,A,1,355569092950750,0,
68,355569142113208,355569142113208,355569158659499,355569191991499,355569192025666,355569142147375,34167,36,36,355569092042208,355569125438583,355567338640625,34,generated_frame,G,1,355569126709250,0,
69,355569158780666,355569158780666,355569175325499,355569208657499,355569208692124,355569158815291,34625,36,35,355569092042208,355569092042208,355567338640625,0,real_frame,A,1,355569126709250,0,
70,355569175447791,355569175447791,355569191991499,355569225323499,355569225358666,355569175482958,35167,37,37,355569125438583,355569158780666,355567338640625,35,generated_frame,G,1,355569160184583,0,
71,355569192036333,355569192036333,355569208657499,355569241989499,355569242025083,355569192071917,35584,37,36,355569125438583,355569125438583,355567338640625,0,real_frame,B,1,355569160184583,0,
72,355569208726458,355569208726458,355569225323499,355569258655499,355569258691583,355569208762542,36084,38,38,355569158780666,355569192036333,355567338640625,36,generated_frame,G,1,355569193456541,0,
73,355569225369375,355569225369375,355569241989499,355569275321499,355569275358083,355569225405959,36584,38,38,355569192036333,355569192036333,355567338640625,0,real_frame,B,1,355569193456541,0,
74,355569242095125,355569242095125,355569258655499,355569291987499,355569292024499,355569242132125,37000,39,39,355569192036333,355569225369375,355567338640625,37,generated_frame,G,1,355569226267750,0,
75,355569258768208,355569258768208,355569275321499,355569308653499,355569308691083,355569258805792,37584,39,39,355569225369375,355569225369375,355567338640625,0,real_frame,A,1,355569226267750,0,
76,355569275454958,355569275454958,355569291987499,355569325319499,355569325357499,355569275492958,38000,40,40,355569225369375,355569258768208,355567338640625,38,generated_frame,G,1,355569260198250,0,
77,355569292127416,355569292127416,355569308653499,355569341985499,355569342023999,355569292165916,38500,40,39,355569225369375,355569225369375,355567338640625,0,real_frame,A,1,355569260198250,0,
78,355569308775708,355569308775708,355569325319499,355569358651499,355569358690499,355569308814708,39000,41,41,355569258768208,355569292127416,355567338640625,39,generated_frame,G,1,355569293861416,0,
79,355569325473791,355569325473791,355569341985499,355569375317499,355569375356916,355569325513208,39417,41,40,355569258768208,355569258768208,355567338640625,0,real_frame,B,1,355569293861416,0,
80,355569342134750,355569342134750,355569358651499,355569391983499,355569392023416,355569342174667,39917,42,42,355569292127416,355569325473791,355567338640625,40,generated_frame,G,1,355569327006791,0,
81,355569358773666,355569358773666,355569375317499,355569408649499,355569408689958,355569358814125,40459,42,41,355569292127416,355569292127416,355567338640625,0,real_frame,A,1,355569327006791,0,
82,355569375437625,355569375437625,355569391983499,355569425315499,355569425356416,355569375478542,40917,43,43,355569325473791,355569358773666,355567338640625,41,generated_frame,G,1,355569360278958,0,
83,355569392086208,355569392086208,355569408649499,355569441981499,355569442022916,355569392127625,41417,43,43,355569358773666,355569358773666,355567338640625,0,real_frame,A,1,355569360278958,0,
84,355569408753500,355569408753500,355569425315499,355569458647499,355569458689374,355569408795375,41875,44,44,355569358773666,355569392086208,355567338640625,42,generated_frame,G,1,355569393267583,0,
85,355569425439666,355569425439666,355569441981499,355569475313499,355569475355833,355569425482000,42334,44,44,355569392086208,355569392086208,355567338640625,0,real_frame,B,1,355569393267583,0,
86,355569442105166,355569442105166,355569458647499,355569491979499,355569492022291,355569442147958,42792,45,45,355569392086208,355569425439666,355567338640625,43,generated_frame,G,1,355569426845666,0,
87,355569458747833,355569458747833,355569475313499,355569508645499,355569508688791,355569458791125,43292,45,44,355569392086208,355569392086208,355567338640625,0,real_frame,B,1,355569426845666,0,
88,355569475470291,355569475470291,355569491979499,355569525311499,355569525355374,355569475514166,43875,46,46,355569425439666,355569458747833,355567338640625,44,generated_frame,G,1,355569459908791,0,
89,355569492073291,355569492073291,355569508645499,355569541977499,355569542021791,355569492117583,44292,46,46,355569458747833,355569458747833,355567338640625,0,real_frame,B,1,355569459908791,0,
90,355569508707666,355569508707666,355569525311499,355569558643499,355569558688249,355569508752416,44750,47,47,355569458747833,355569492073291,355567338640625,45,generated_frame,G,1,355569493163208,0,
91,355569525367083,355569525367083,355569541977499,355569575309499,355569575354749,355569525412333,45250,47,46,355569458747833,355569458747833,355567338640625,0,real_frame,B,1,355569493163208,0,
92,355569542007250,355569542007250,355569558643499,355569591975499,355569592021166,355569542052917,45667,48,48,355569492073291,355569525367083,355567338640625,46,generated_frame,G,1,355569526293125,0,
93,355569558683250,355569558683250,355569575309499,355569608641499,355569608687708,355569558729459,46209,48,48,355569525367083,355569525367083,355567338640625,0,real_frame,B,1,355569526293125,0,
94,355569575419666,355569575419666,355569591975499,355569625307499,355569625354208,355569575466375,46709,49,49,355569525367083,355569558683250,355567338640625,47,generated_frame,G,1,355569559688500,0,
95,355569592069875,355569592069875,355569608641499,355569641973499,355569642020666,355569592117042,47167,49,49,355569558683250,355569558683250,355567338640625,0,real_frame,A,1,355569559688500,0,
96,355569608748750,355569608748750,355569625307499,355569658639499,355569658687124,355569608796375,47625,50,50,355569558683250,355569592069875,355567338640625,48,generated_frame,G,1,355569593177583,0,
97,355569625417208,355569625417208,355569641973499,355569675305499,355569675353583,355569625465292,48084,50,49,355569558683250,355569558683250,355567338640625,0,real_frame,A,1,355569593177583,0,
98,355569642071000,355569642071000,355569658639499,355569691971499,355569692020083,355569642119584,48584,51,51,355569592069875,355569625417208,355567338640625,49,generated_frame,G,1,355569626608291,0,
99,355569658747291,355569658747291,355569675305499,355569708637499,355569708686541,355569658796333,49042,51,50,355569592069875,355569592069875,355567338640625,0,real_frame,B,1,355569626608291,0,
100,355569675400000,355569675400000,355569691971499,355569725303499,355569725353041,355569675449542,49542,52,52,355569625417208,355569658747291,355567338640625,50,generated_frame,G,1,355569660102916,0,
101,355569692091708,355569692091708,355569708637499,355569741969499,355569742019583,355569692141792,50084,52,52,355569658747291,355569658747291,355567338640625,0,real_frame,B,1,355569660102916,0,
102,355569708748375,355569708748375,355569725303499,355569758635499,355569758685999,355569708798875,50500,53,53,355569658747291,355569692091708,355567338640625,51,generated_frame,G,1,355569693554125,0,
103,355569725400375,355569725400375,355569741969499,355569775301499,355569775352541,355569725451417,51042,53,52,355569658747291,355569658747291,355567338640625,0,real_frame,B,1,355569693554125,0,
104,355569742053666,355569742053666,355569758635499,355569791967499,355569792018958,355569742105125,51459,54,54,355569692091708,355569725400375,355567338640625,52,generated_frame,G,1,355569726501291,0,
105,355569758727666,355569758727666,355569775301499,355569808633499,355569808685458,355569758779625,51959,54,54,355569725400375,355569725400375,355567338640625,0,real_frame,B,1,355569726501291,0,
106,355569775397750,355569775397750,355569791967499,355569825299499,355569825351958,355569775450209,52459,55,55,355569725400375,355569758727666,355567338640625,53,generated_frame,G,1,355569759929333,0,
107,355569792076166,355569792076166,355569808633499,355569841965499,355569842018374,355569792129041,52875,55,55,355569758727666,355569758727666,355567338640625,0,real_frame,A,1,355569759929333,0,
108,355569808774750,355569808774750,355569825299499,355569858631499,355569858684958,355569808828209,53459,56,56,355569758727666,355569792076166,355567338640625,54,generated_frame,G,1,355569793391583,0,
109,355569828280625,355569828280625,355569841965499,355569875297499,355569875351374,355569828334500,53875,56,56,355569792076166,355569792076166,355567338640625,0,real_frame,B,1,355569793391583,0,
110,355569842061208,355569842061208,355569858631499,355569891963499,355569892017874,355569842115583,54375,57,57,355569792076166,355569828280625,355567338640625,55,generated_frame,G,1,355569831146125,0,
111,355569858662208,355569858662208,355569875297499,355569908629499,355569908684374,355569858717083,54875,57,56,355569792076166,355569792076166,355567338640625,0,real_frame,B,1,355569831146125,0,
112,355569875377541,355569875377541,355569891963499,355569925295499,355569925350833,355569875432875,55334,58,58,355569828280625,355569858662208,355567338640625,56,generated_frame,G,1,355569859528666,0,
113,355569892076333,355569892076333,355569908629499,355569941961499,355569942017291,355569892132125,55792,58,58,355569858662208,355569858662208,355567338640625,0,real_frame,B,1,355569859528666,0,
114,355569908741000,355569908741000,355569925295499,355569958627499,355569958683749,355569908797250,56250,59,59,355569858662208,355569892076333,355567338640625,57,generated_frame,G,1,355569893430833,0,
115,355569925497583,355569925497583,355569941961499,355569975293499,355569975350291,355569925554375,56792,59,59,355569892076333,355569892076333,355567338640625,0,real_frame,A,1,355569893430833,0,
116,355569942119250,355569942119250,355569958627499,355569991959499,355569992016749,355569942176500,57250,60,60,355569892076333,355569925497583,355567338640625,58,generated_frame,G,1,355569927410916,0,
117,355569958711291,355569958711291,355569975293499,355570008625499,355570008683208,355569958769000,57709,60,59,355569892076333,355569892076333,355567338640625,0,real_frame,A,1,355569927410916,0,
118,355569975370708,355569975370708,355569991959499,355570025291499,355570025349749,355569975428958,58250,61,61,355569925497583,355569958711291,355567338640625,59,generated_frame,G,1,355569959835333,0,
119,355569992038708,355569992038708,355570008625499,355570041957499,355570042016249,355569992097458,58750,61,61,355569958711291,355569958711291,355567338640625,0,real_frame,A,1,355569959835333,0,
120,355570008702708,355570008702708,355570025291499,355570058623499,355570058682666,355570008761875,59167,62,62,355569958711291,355569992038708,355567338640625,60,generated_frame,G,1,355569993075375,0,
121,355570025378500,355570025378500,355570041957499,355570075289499,355570075349166,355570025438167,59667,62,62,355569992038708,355569992038708,355567338640625,0,real_frame,B,1,355569993075375,0,
122,355570042103166,355570042103166,355570058623499,355570091955499,355570092015624,355570042163291,60125,63,63,355569992038708,355570025378500,355567338640625,61,generated_frame,G,1,355570026706291,0,
123,355570058817583,355570058817583,355570075289499,355570108621499,355570108682124,355570058878208,60625,63,63,355570025378500,355570025378500,355567338640625,0,real_frame,A,1,355570026706291,0,
124,355570075319375,355570075319375,355570091955499,355570125287499,355570125348624,355570075380500,61125,64,64,355570025378500,355570058817583,355567338640625,62,generated_frame,G,1,355570064597000,0,
125,355570091996750,355570091996750,355570108621499,355570141953499,355570142015124,355570092058375,61625,64,63,355570025378500,355570025378500,355567338640625,0,real_frame,A,1,355570064597000,0,
126,355570108647666,355570108647666,355570125287499,355570158619499,355570158681541,355570108709708,62042,65,65,355570058817583,355570091996750,355567338640625,63,generated_frame,G,1,355570092901875,0,
127,355570125388000,355570125388000,355570141953499,355570175285499,355570175348041,355570125450542,62542,65,65,355570091996750,355570091996750,355567338640625,0,real_frame,A,1,355570092901875,0,
128,355570142099500,355570142099500,355570158619499,355570191951499,355570192014541,355570142162542,63042,66,66,355570091996750,355570125388000,355567338640625,64,generated_frame,G,1,355570126648708,0,
129,355570158736083,355570158736083,355570175285499,355570208617499,355570208680999,355570158799583,63500,66,65,355570091996750,355570091996750,355567338640625,0,real_frame,A,1,355570126648708,0,
130,355570175328791,355570175328791,355570191951499,355570225283499,355570225347583,355570175392875,64084,67,67,355570125388000,355570158736083,355567338640625,65,generated_frame,G,1,355570160097666,0,
131,355570191978958,355570191978958,355570208617499,355570241949499,355570242013958,355570192043417,64459,67,66,355570125388000,355570125388000,355567338640625,0,real_frame,B,1,355570160097666,0,
132,355570208663291,355570208663291,355570225283499,355570258615499,355570258680458,355570208728250,64959,68,68,355570158736083,355570191978958,355567338640625,66,generated_frame,G,1,355570192781000,0,
133,355570225372875,355570225372875,355570241949499,355570275281499,355570275346916,355570225438292,65417,68,68,355570191978958,355570191978958,355567338640625,0,real_frame,B,1,355570192781000,0,
134,355570242034625,355570242034625,355570258615499,355570291947499,355570292013416,355570242100542,65917,69,69,355570191978958,355570225372875,355567338640625,67,generated_frame,G,1,355570226442375,0,
135,355570258739875,355570258739875,355570275281499,355570308613499,355570308679916,355570258806292,66417,69,68,355570191978958,355570191978958,355567338640625,0,real_frame,B,1,355570226442375,0,
136,355570275401791,355570275401791,355570291947499,355570325279499,355570325346374,355570275468666,66875,70,70,355570225372875,355570258739875,355567338640625,68,generated_frame,G,1,355570260052916,0,
137,355570292060625,355570292060625,355570308613499,355570341945499,355570342012874,355570292128000,67375,70,69,355570225372875,355570225372875,355567338640625,0,real_frame,A,1,355570260052916,0,
138,355570308717291,355570308717291,355570325279499,355570358611499,355570358679333,355570308785125,67834,71,71,355570258739875,355570292060625,355567338640625,69,generated_frame,G,1,355570293409625,0,
139,355570325430958,355570325430958,355570341945499,355570375277499,355570375345874,355570325499333,68375,71,71,355570292060625,355570292060625,355567338640625,0,real_frame,A,1,355570293409625,0,
140,355570342088833,355570342088833,355570358611499,355570391943499,355570392012249,355570342157583,68750,72,72,355570292060625,355570325430958,355567338640625,70,generated_frame,G,1,355570327149166,0,
141,355570358752500,355570358752500,355570375277499,355570408609499,355570408678791,355570358821792,69292,72,71,355570292060625,355570292060625,355567338640625,0,real_frame,A,1,355570327149166,0,
142,355570380601375,355570380601375,355570391943499,355570425275499,355570425345249,355570380671125,69750,73,73,355570325430958,355570358752500,355567338640625,71,generated_frame,G,1,355570360270250,0,
143,355570391994291,355570391994291,355570408609499,355570441941499,355570442011791,355570392064583,70292,74,74,355570358752500,355570380601375,355567338640625,72,generated_frame,G,1,355570382383333,0,
144,355570408655166,355570408655166,355570425275499,355570458607499,355570458678291,355570408725958,70792,74,74,355570380601375,355570380601375,355567338640625,0,real_frame,B,1,355570382383333,0,
145,355570425337041,355570425337041,355570441941499,355570475273499,355570475344708,355570425408250,71209,74,74,355570380601375,355570380601375,355567338640625,0,real_frame,B,1,355570382383333,0,
146,355570442031541,355570442031541,355570458607499,355570491939499,355570492011249,355570442103291,71750,75,75,355570380601375,355570425337041,355567338640625,73,generated_frame,G,1,355570426067583,0,
147,355570458702041,355570458702041,355570475273499,355570508605499,355570508677666,355570458774208,72167,75,74,355570380601375,355570380601375,355567338640625,0,real_frame,B,1,355570426067583,0,
148,355570475377666,355570475377666,355570491939499,355570525271499,355570525344249,355570475450416,72750,76,76,355570425337041,355570458702041,355567338640625,74,generated_frame,G,1,355570459684958,0,
149,355570495068958,355570495068958,355570508605499,355570541937499,355570542010624,355570495142083,73125,76,76,355570458702041,355570458702041,355567338640625,0,real_frame,B,1,355570459684958,0,
150,355570508650333,355570508650333,355570525271499,355570558603499,355570558677124,355570508723958,73625,77,77,355570458702041,355570495068958,355567338640625,75,generated_frame,G,1,355570496687125,0,
151,355570525306875,355570525306875,355570541937499,355570575269499,355570575343624,355570525381000,74125,77,76,355570458702041,355570458702041,355567338640625,0,real_frame,B,1,355570496687125,0,
152,355570542007041,355570542007041,355570558603499,355570591935499,355570592010041,355570542081583,74542,78,78,355570495068958,355570525306875,355567338640625,76,generated_frame,G,1,355570526101375,0,
153,355570558647041,355570558647041,355570575269499,355570608601499,355570608676583,355570558722125,75084,78,78,355570525306875,355570525306875,355567338640625,0,real_frame,B,1,355570526101375,0,
154,355570575332125,355570575332125,355570591935499,355570625267499,355570625343083,355570575407709,75584,79,79,355570525306875,355570558647041,355567338640625,77,generated_frame,G,1,355570559485875,0,
155,355570592036708,355570592036708,355570608601499,355570641933499,355570642009499,355570592112708,76000,79,79,355570558647041,355570558647041,355567338640625,0,real_frame,A,1,355570559485875,0,
156,355570608716541,355570608716541,355570625267499,355570658599499,355570658676041,355570608793083,76542,80,80,355570558647041,355570592036708,355567338640625,78,generated_frame,G,1,355570593413041,0,
157,355570625341250,355570625341250,355570641933499,355570675265499,355570675342458,355570625418209,76959,80,79,355570558647041,355570558647041,355567338640625,0,real_frame,A,1,355570593413041,0,
158,355570642002083,355570642002083,355570658599499,355570691931499,355570692008999,355570642079583,77500,81,81,355570592036708,355570625341250,355567338640625,79,generated_frame,G,1,355570626375750,0,
159,355570658688458,355570658688458,355570675265499,355570708597499,355570708675499,355570658766458,78000,81,81,355570625341250,355570625341250,355567338640625,0,real_frame,A,1,355570626375750,0,
160,355570675391416,355570675391416,355570691931499,355570725263499,355570725341916,355570675469833,78417,82,82,355570625341250,355570658688458,355567338640625,80,generated_frame,G,1,355570659901708,0,
161,355570692053083,355570692053083,355570708597499,355570741929499,355570742008374,355570692131958,78875,82,82,355570658688458,355570658688458,355567338640625,0,real_frame,B,1,355570659901708,0,
162,355570708677125,355570708677125,355570725263499,355570758595499,355570758674833,355570708756459,79334,83,83,355570658688458,355570692053083,355567338640625,81,generated_frame,G,1,355570693507791,0,
163,355570725368875,355570725368875,355570741929499,355570775261499,355570775341374,355570725448750,79875,83,82,355570658688458,355570658688458,355567338640625,0,real_frame,B,1,355570693507791,0,
164,355570742029750,355570742029750,355570758595499,355570791927499,355570792007874,355570742110125,80375,84,84,355570692053083,355570725368875,355567338640625,82,generated_frame,G,1,355570726481750,0,
165,355570758703583,355570758703583,355570775261499,355570808593499,355570808674374,355570758784458,80875,84,84,355570725368875,355570725368875,355567338640625,0,real_frame,B,1,355570726481750,0,
166,355570775351208,355570775351208,355570791927499,355570825259499,355570825340874,355570775432583,81375,85,85,355570725368875,355570758703583,355567338640625,83,generated_frame,G,1,355570760094708,0,
167,355570792030958,355570792030958,355570808593499,355570841925499,355570842007333,355570792112792,81834,85,84,355570725368875,355570725368875,355567338640625,0,real_frame,B,1,355570760094708,0,
168,355570808667208,355570808667208,355570825259499,355570858591499,355570858673833,355570808749542,82334,86,86,355570758703583,355570792030958,355567338640625,84,generated_frame,G,1,355570793221083,0,
169,355570825365916,355570825365916,355570841925499,355570875257499,355570875340249,355570825448666,82750,86,86,355570792030958,355570792030958,355567338640625,0,real_frame,B,1,355570793221083,0,
170,355570842026500,355570842026500,355570858591499,355570891923499,355570892006708,355570842109709,83209,87,87,355570792030958,355570825365916,355567338640625,85,generated_frame,G,1,355570826711750,0,
171,355570858800125,355570858800125,355570875257499,355570908589499,355570908673208,355570858883834,83709,87,87,355570825365916,355570825365916,355567338640625,0,real_frame,A,1,355570826711750,0,
172,355570875318458,355570875318458,355570891923499,355570925255499,355570925339708,355570875402667,84209,88,88,355570825365916,355570858800125,355567338640625,86,generated_frame,G,1,355570862671333,0,
173,355570891992500,355570891992500,355570908589499,355570941921499,355570942006249,355570892077250,84750,88,87,355570825365916,355570825365916,355567338640625,0,real_frame,A,1,355570862671333,0,
174,355570908667333,355570908667333,355570925255499,355570958587499,355570958672666,355570908752500,85167,89,89,355570858800125,355570891992500,355567338640625,87,generated_frame,G,1,355570893094750,0,
175,355570925349291,355570925349291,355570941921499,355570975253499,355570975339166,355570925434958,85667,89,89,355570891992500,355570891992500,355567338640625,0,real_frame,A,1,355570893094750,0,
176,355570942102750,355570942102750,355570958587499,355570991919499,355570992005624,355570942188875,86125,90,90,355570891992500,355570925349291,355567338640625,88,generated_frame,G,1,355570926634541,0,
177,355570958650708,355570958650708,355570975253499,355571008585499,355571008672083,355570958737292,86584,90,89,355570891992500,355570891992500,355567338640625,0,real_frame,A,1,355570926634541,0,
178,355570975313041,355570975313041,355570991919499,355571025251499,355571025338583,355570975400125,87084,91,91,355570925349291,355570958650708,355567338640625,89,generated_frame,G,1,355570959951291,0,
179,355570991947250,355570991947250,355571008585499,355571041917499,355571042005083,355570992034834,87584,91,90,355570925349291,355570925349291,355567338640625,0,real_frame,B,1,355570959951291,0,
180,355571008667291,355571008667291,355571025251499,355571058583499,355571058671541,355571008755333,88042,92,92,355570958650708,355570991947250,355567338640625,90,generated_frame,G,1,355570992789291,0,
181,355571025350583,355571025350583,355571041917499,355571075249499,355571075338041,355571025439125,88542,92,92,355570991947250,355570991947250,355567338640625,0,real_frame,B,1,355570992789291,0,
182,355571042050875,355571042050875,355571058583499,355571091915499,355571092004499,355571042139875,89000,93,93,355570991947250,355571025350583,355567338640625,91,generated_frame,G,1,355571026623208,0,
183,355571058692125,355571058692125,355571075249499,355571108581499,355571108670999,355571058781625,89500,93,92,355570991947250,355570991947250,355567338640625,0,real_frame,B,1,355571026623208,0,
184,355571075352458,355571075352458,355571091915499,355571125247499,355571125337499,355571075442458,90000,94,94,355571025350583,355571058692125,355567338640625,92,generated_frame,G,1,355571060087083,0,
185,355571092040583,355571092040583,355571108581499,355571141913499,355571142003958,355571092131042,90459,94,94,355571058692125,355571058692125,355567338640625,0,real_frame,B,1,355571060087083,0,
186,355571108701166,355571108701166,355571125247499,355571158579499,355571158670458,355571108792125,90959,95,95,355571058692125,355571092040583,355567338640625,93,generated_frame,G,1,355571093454541,0,
187,355571125331125,355571125331125,355571141913499,355571175245499,355571175336916,355571125422542,91417,95,94,355571058692125,355571058692125,355567338640625,0,real_frame,B,1,355571093454541,0,
188,355571141997041,355571141997041,355571158579499,355571191911499,355571192003416,355571142088958,91917,96,96,355571092040583,355571125331125,355567338640625,94,generated_frame,G,1,355571126433500,0,
189,355571158674750,355571158674750,355571175245499,355571208577499,355571208669916,355571158767167,92417,96,96,355571125331125,355571125331125,355567338640625,0,real_frame,B,1,355571126433500,0,
190,355571175344000,355571175344000,355571191911499,355571225243499,355571225336374,355571175436875,92875,97,97,355571125331125,355571158674750,355567338640625,95,generated_frame,G,1,355571160044541,0,
191,355571192001708,355571192001708,355571208577499,355571241909499,355571242002874,355571192095083,93375,97,96,355571125331125,355571125331125,355567338640625,0,real_frame,B,1,355571160044541,0,
192,355571208809125,355571208809125,355571225243499,355571258575499,355571258669333,355571208902959,93834,98,98,355571158674750,355571192001708,355567338640625,96,generated_frame,G,1,355571193106083,0,
193,355571225296833,355571225296833,355571241909499,355571275241499,355571275335874,355571225391208,94375,98,97,355571158674750,355571158674750,355567338640625,0,real_frame,A,1,355571193106083,0,
194,355571241944041,355571241944041,355571258575499,355571291907499,355571292002333,355571242038875,94834,99,99,355571192001708,355571225296833,355567338640625,97,generated_frame,G,1,355571226372333,0,
195,355571258643208,355571258643208,355571275241499,355571308573499,355571308668791,355571258738500,95292,99,99,355571225296833,355571225296833,355567338640625,0,real_frame,A,1,355571226372333,0,
196,355571275337500,355571275337500,355571291907499,355571325239499,355571325335249,355571275433250,95750,100,100,355571225296833,355571258643208,355567338640625,98,generated_frame,G,1,355571259669416,0,
197,355571292010125,355571292010125,355571308573499,355571341905499,355571342001749,355571292106375,96250,100,100,355571258643208,355571258643208,355567338640625,0,real_frame,B,1,355571259669416,0,
198,355571308689875,355571308689875,355571325239499,355571358571499,355571358668249,355571308786625,96750,101,101,355571258643208,355571292010125,355567338640625,99,generated_frame,G,1,355571293446000,0,
199,355571325335291,355571325335291,355571341905499,355571375237499,355571375334749,355571325432541,97250,101,100,355571258643208,355571258643208,355567338640625,0,real_frame,B,1,355571293446000,0,
200,355571341980833,355571341980833,355571358571499,355571391903499,355571392001166,355571342078500,97667,102,102,355571292010125,355571325335291,355567338640625,100,generated_frame,G,1,355571326419541,0,
201,355571358674541,355571358674541,355571375237499,355571408569499,355571408667749,355571358772791,98250,102,102,355571325335291,355571325335291,355567338640625,0,real_frame,B,1,355571326419541,0,
202,355571375348750,355571375348750,355571391903499,355571425235499,355571425334166,355571375447417,98667,103,103,355571325335291,355571358674541,355567338640625,101,generated_frame,G,1,355571360087250,0,
203,355571391984166,355571391984166,355571408569499,355571441901499,355571442000708,355571392083375,99209,103,102,355571325335291,355571325335291,355567338640625,0,real_frame,B,1,355571360087250,0,
204,355571408654458,355571408654458,355571425235499,355571458567499,355571458667083,355571408754042,99584,104,104,355571358674541,355571391984166,355567338640625,102,generated_frame,G,1,355571393052500,0,
205,355571425342250,355571425342250,355571441901499,355571475233499,355571475333624,355571425442375,100125,104,104,355571391984166,355571391984166,355567338640625,0,real_frame,B,1,355571393052500,0,
206,355571441955958,355571441955958,355571458567499,355571491899499,355571492000124,355571442056583,100625,105,105,355571391984166,355571425342250,355567338640625,103,generated_frame,G,1,355571432230625,0,
207,355571458615416,355571458615416,355571475233499,355571508565499,355571508666541,355571458716458,101042,105,104,355571391984166,355571391984166,355567338640625,0,real_frame,B,1,355571432230625,0,
208,355571475291708,355571475291708,355571491899499,355571525231499,355571525333083,355571475393292,101584,106,106,355571425342250,355571458615416,355567338640625,104,generated_frame,G,1,355571459417666,0,
209,355571491953500,355571491953500,355571508565499,355571541897499,355571541999541,355571492055542,102042,106,106,355571458615416,355571458615416,355567338640625,0,real_frame,B,1,355571459417666,0,
210,355571508648958,355571508648958,355571525231499,355571558563499,355571558665999,355571508751458,102500,107,107,355571458615416,355571491953500,355567338640625,105,generated_frame,G,1,355571492801291,0,
211,355571525317875,355571525317875,355571541897499,355571575229499,355571575332499,355571525420875,103000,107,107,355571491953500,355571491953500,355567338640625,0,real_frame,A,1,355571492801291,0,
212,355571541972750,355571541972750,355571558563499,355571591895499,355571591998958,355571542076209,103459,108,108,355571491953500,355571525317875,355567338640625,106,generated_frame,G,1,355571526303750,0,
213,355571558653250,355571558653250,355571575229499,355571608561499,355571608665458,355571558757209,103959,108,107,355571491953500,355571491953500,355567338640625,0,real_frame,A,1,355571526303750,0,
214,355571575328041,355571575328041,355571591895499,355571625227499,355571625331958,355571575432500,104459,109,109,355571525317875,355571558653250,355567338640625,107,generated_frame,G,1,355571559682458,0,
215,355571591970166,355571591970166,355571608561499,355571641893499,355571641998416,355571592075083,104917,109,108,355571525317875,355571525317875,355567338640625,0,real_frame,B,1,355571559682458,0,
216,355571608634375,355571608634375,355571625227499,355571658559499,355571658664874,355571608739750,105375,110,110,355571558653250,355571591970166,355567338640625,108,generated_frame,G,1,355571592944208,0,
217,355571625306916,355571625306916,355571641893499,355571675225499,355571675331416,355571625412833,105917,110,110,355571591970166,355571591970166,355567338640625,0,real_frame,B,1,355571592944208,0,
218,355571641990375,355571641990375,355571658559499,355571691891499,355571691997874,355571642096750,106375,111,111,355571591970166,355571625306916,355567338640625,109,generated_frame,G,1,355571626285916,0,
219,355571658678916,355571658678916,355571675225499,355571708557499,355571708664333,355571658785750,106834,111,111,355571625306916,355571625306916,355567338640625,0,real_frame,A,1,355571626285916,0,
220,355571675346625,355571675346625,355571691891499,355571725223499,355571725330791,355571675453917,107292,112,112,355571625306916,355571658678916,355567338640625,110,generated_frame,G,1,355571659904625,0,
221,355571692098958,355571692098958,355571708557499,355571741889499,355571741997291,355571692206750,107792,112,112,355571658678916,355571658678916,355567338640625,0,real_frame,B,1,355571659904625,0,
222,355571708642083,355571708642083,355571725223499,355571758555499,355571758663874,355571708750458,108375,113,113,355571658678916,355571692098958,355567338640625,111,generated_frame,G,1,355571693848791,0,
223,355571725304958,355571725304958,355571741889499,355571775221499,355571775330291,355571725413750,108792,113,112,355571658678916,355571658678916,355567338640625,0,real_frame,B,1,355571693848791,0,
224,355571742023916,355571742023916,355571758555499,355571791887499,355571791996749,355571742133166,109250,114,114,355571692098958,355571725304958,355567338640625,112,generated_frame,G,1,355571726387875,0,
225,355571758710583,355571758710583,355571775221499,355571808553499,355571808663208,355571758820292,109709,114,114,355571725304958,355571725304958,355567338640625,0,real_frame,B,1,355571726387875,0,
226,355571775343083,355571775343083,355571791887499,355571825219499,355571825329708,355571775453292,110209,115,115,355571725304958,355571758710583,355567338640625,113,generated_frame,G,1,355571760373125,0,
227,355571791996166,355571791996166,355571808553499,355571841885499,355571841996208,355571792106875,110709,115,114,355571725304958,355571725304958,355567338640625,0,real_frame,B,1,355571760373125,0,
228,355571808667916,355571808667916,355571825219499,355571858551499,355571858662624,355571808779041,111125,116,116,355571758710583,355571791996166,355567338640625,114,generated_frame,G,1,355571793296875,0,
229,355571825338500,355571825338500,355571841885499,355571875217499,355571875329166,355571825450167,111667,116,116,355571791996166,355571791996166,355567338640625,0,real_frame,B,1,355571793296875,0,
230,355571842147875,355571842147875,355571858551499,355571891883499,355571891995583,355571842259959,112084,117,117,355571791996166,355571825338500,355567338640625,115,generated_frame,G,1,355571826735833,0,
231,355571858807916,355571858807916,355571875217499,355571908549499,355571908662124,355571858920541,112625,117,117,355571825338500,355571825338500,355567338640625,0,real_frame,A,1,355571826735833,0,
232,355571875307125,355571875307125,355571891883499,355571925215499,355571925328624,355571875420250,113125,118,118,355571825338500,355571858807916,355567338640625,116,generated_frame,G,1,355571861020875,0,
233,355571891965666,355571891965666,355571908549499,355571941881499,355571941995041,355571892079208,113542,118,117,355571825338500,355571825338500,355567338640625,0,real_frame,A,1,355571861020875,0,
234,355571908664291,355571908664291,355571925215499,355571958547499,355571958661541,355571908778333,114042,119,119,355571858807916,355571891965666,355567338640625,117,generated_frame,G,1,355571893074541,0,
235,355571925299875,355571925299875,355571941881499,355571975213499,355571975327999,355571925414375,114500,119,119,355571891965666,355571891965666,355567338640625,0,real_frame,A,1,355571893074541,0,
236,355571941964583,355571941964583,355571958547499,355571991879499,355571991994666,355571942079750,115167,120,120,355571891965666,355571925299875,355567338640625,118,generated_frame,G,1,355571926412333,0,
237,355571958657541,355571958657541,355571975213499,355572008545499,355572008660999,355571958773041,115500,120,120,355571925299875,355571925299875,355567338640625,0,real_frame,B,1,355571926412333,0,
238,355571975298583,355571975298583,355571991879499,355572025211499,355572025327458,355571975414542,115959,121,121,355571925299875,355571958657541,355567338640625,119,generated_frame,G,1,355571960074166,0,
239,355571991959375,355571991959375,355572008545499,355572041877499,355572041993958,355571992075834,116459,121,120,355571925299875,355571925299875,355567338640625,0,real_frame,B,1,355571960074166,0,
240,355572008649541,355572008649541,355572025211499,355572058543499,355572058660416,355572008766458,116917,122,122,355571958657541,355571991959375,355567338640625,120,generated_frame,G,1,355571993046208,0,
241,355572025301541,355572025301541,355572041877499,355572075209499,355572075326916,355572025418958,117417,122,122,355571991959375,355571991959375,355567338640625,0,real_frame,B,1,355571993046208,0,
242,355572041963083,355572041963083,355572058543499,355572091875499,355572091993416,355572042081000,117917,123,123,355571991959375,355572025301541,355567338640625,121,generated_frame,G,1,355572026416125,0,
243,355572058723791,355572058723791,355572075209499,355572108541499,355572108659874,355572058842166,118375,123,123,355572025301541,355572025301541,355567338640625,0,real_frame,A,1,355572026416125,0,
244,355572075289125,355572075289125,355572091875499,355572125207499,355572125326374,355572075408000,118875,124,124,355572025301541,355572058723791,355567338640625,122,generated_frame,G,1,355572061245708,0,
245,355572091959000,355572091959000,355572108541499,355572141873499,355572141992874,355572092078375,119375,124,123,355572025301541,355572025301541,355567338640625,0,real_frame,A,1,355572061245708,0,
246,355572108608208,355572108608208,355572125207499,355572158539499,355572158659333,355572108728042,119834,125,125,355572058723791,355572091959000,355567338640625,123,generated_frame,G,1,355572093181333,0,
247,355572125327958,355572125327958,355572141873499,355572175205499,355572175325791,355572125448250,120292,125,125,355572091959000,355572091959000,355567338640625,0,real_frame,A,1,355572093181333,0,
248,355572141972000,355572141972000,355572158539499,355572191871499,355572191992333,355572142092834,120834,126,126,355572091959000,355572125327958,355567338640625,124,generated_frame,G,1,355572126493500,0,
249,355572158669291,355572158669291,355572175205499,355572208537499,355572208658749,355572158790541,121250,126,125,355572091959000,355572091959000,355567338640625,0,real_frame,A,1,355572126493500,0,
250,355572175339958,355572175339958,355572191871499,355572225203499,355572225325333,355572175461792,121834,127,127,355572125327958,355572158669291,355567338640625,125,generated_frame,G,1,355572160079208,0,
251,355572192069875,355572192069875,355572208537499,355572241869499,355572241991749,355572192192125,122250,127,127,355572158669291,355572158669291,355567338640625,0,real_frame,A,1,355572160079208,0,
252,355572208635625,355572208635625,355572225203499,355572258535499,355572258658208,355572208758334,122709,128,128,355572158669291,355572192069875,355567338640625,126,generated_frame,G,1,355572193971416,0,
253,355572225303541,355572225303541,355572241869499,355572275201499,355572275324666,355572225426708,123167,128,127,355572158669291,355572158669291,355567338640625,0,real_frame,A,1,355572193971416,0,
254,355572241951875,355572241951875,355572258535499,355572291867499,355572291991208,355572242075584,123709,129,129,355572192069875,355572225303541,355567338640625,127,generated_frame,G,1,355572226408625,0,
255,355572258643583,355572258643583,355572275201499,355572308533499,355572308657708,355572258767792,124209,129,129,355572225303541,355572225303541,355567338640625,0,real_frame,A,1,355572226408625,0,
256,355572275329666,355572275329666,355572291867499,355572325199499,355572325324124,355572275454291,124625,130,130,355572225303541,355572258643583,355567338640625,128,generated_frame,G,1,355572259963916,0,
257,355572291991125,355572291991125,355572308533499,355572341865499,355572341990624,355572292116250,125125,130,130,355572258643583,355572258643583,355567338640625,0,real_frame,B,1,355572259963916,0,
258,355572308667583,355572308667583,355572325199499,355572358531499,355572358657083,355572308793167,125584,131,131,355572258643583,355572291991125,355567338640625,129,generated_frame,G,1,355572293377083,0,
259,355572325326916,355572325326916,355572341865499,355572375197499,355572375323624,355572325453041,126125,131,130,355572258643583,355572258643583,355567338640625,0,real_frame,B,1,355572293377083,0,
260,355572342008125,355572342008125,355572358531499,355572391863499,355572391990166,355572342134792,126667,132,132,355572291991125,355572325326916,355567338640625,130,generated_frame,G,1,355572326606333,0,
261,355572358663750,355572358663750,355572375197499,355572408529499,355572408656541,355572358790792,127042,132,132,355572325326916,355572325326916,355567338640625,0,real_frame,B,1,355572326606333,0,
262,355572375311208,355572375311208,355572391863499,355572425195499,355572425323083,355572375438792,127584,133,133,355572325326916,355572358663750,355567338640625,131,generated_frame,G,1,355572359856250,0,
263,355572391990458,355572391990458,355572408529499,355572441861499,355572441989541,355572392118500,128042,133,132,355572325326916,355572325326916,355567338640625,0,real_frame,B,1,355572359856250,0,
264,355572408667916,355572408667916,355572425195499,355572458527499,355572458655999,355572408796416,128500,134,134,355572358663750,355572391990458,355567338640625,132,generated_frame,G,1,355572393336500,0,
265,355572425309916,355572425309916,355572441861499,355572475193499,355572475322458,355572425438875,128959,134,133,355572358663750,355572358663750,355567338640625,0,real_frame,A,1,355572393336500,0,
266,355572441966333,355572441966333,355572458527499,355572491859499,355572491988958,355572442095792,129459,135,135,355572391990458,355572425309916,355567338640625,133,generated_frame,G,1,355572426523416,0,
267,355572458640416,355572458640416,355572475193499,355572508525499,355572508655458,355572458770375,129959,135,135,355572425309916,355572425309916,355567338640625,0,real_frame,A,1,355572426523416,0,
268,355572475275416,355572475275416,355572491859499,355572525191499,355572525321916,355572475405833,130417,136,136,355572425309916,355572458640416,355567338640625,134,generated_frame,G,1,355572459789500,0,
269,355572491932291,355572491932291,355572508525499,355572541857499,355572541988499,355572492063291,131000,136,135,355572425309916,355572425309916,355567338640625,0,real_frame,A,1,355572459789500,0,
270,355572508636958,355572508636958,355572525191499,355572558523499,355572558654874,355572508768333,131375,137,137,355572458640416,355572491932291,355567338640625,135,generated_frame,G,1,355572493066083,0,
271,355572525289625,355572525289625,355572541857499,355572575189499,355572575321416,355572525421542,131917,137,137,355572491932291,355572491932291,355567338640625,0,real_frame,A,1,355572493066083,0,
272,355572541989041,355572541989041,355572558523499,355572591855499,355572591987874,355572542121416,132375,138,138,355572491932291,355572525289625,355567338640625,136,generated_frame,G,1,355572526491583,0,
273,355572558778541,355572558778541,355572575319874,355572608651874,355572608654333,355572558781000,2459,138,138,355572525289625,355572525289625,355567338640625,0,real_frame,B,1,355572526491583,0,
274,355572575443666,355572575443666,355572591985874,355572625317874,355572625320833,355572575446625,2959,139,139,355572525289625,355572558778541,355567338640625,137,generated_frame,G,1,355572560226208,0,
275,355572592159708,355572592159708,355572608651874,355572641983874,355572641987291,355572592163125,3417,139,138,355572525289625,355572525289625,355567338640625,0,real_frame,B,1,355572560226208,0,
276,355572608714208,355572608714208,355572625317874,355572658649874,355572658653791,355572608718125,3917,140,140,355572558778541,355572592159708,355567338640625,138,generated_frame,G,1,355572597108583,0,
277,355572625365958,355572625365958,355572641983874,355572675315874,355572675320249,355572625370333,4375,140,139,355572558778541,355572558778541,355567338640625,0,real_frame,A,1,355572597108583,0,
278,355572642113541,355572642113541,355572658649874,355572691981874,355572691986833,355572642118500,4959,141,141,355572592159708,355572625365958,355567338640625,139,generated_frame,G,1,355572626268416,0,
279,355572658773166,355572658773166,355572675315874,355572708647874,355572708653249,355572658778541,5375,141,141,355572625365958,355572625365958,355567338640625,0,real_frame,A,1,355572626268416,0,
280,355572675427458,355572675427458,355572691981874,355572725313874,355572725319666,355572675433250,5792,142,142,355572625365958,355572658773166,355567338640625,140,generated_frame,G,1,355572660045083,0,
281,355572692072291,355572692072291,355572708647874,355572741979874,355572741986249,355572692078666,6375,142,141,355572625365958,355572625365958,355567338640625,0,real_frame,A,1,355572660045083,0,
282,355572708748833,355572708748833,355572725313874,355572758645874,355572758652624,355572708755583,6750,143,143,355572658773166,355572692072291,355567338640625,141,generated_frame,G,1,355572693293375,0,
283,355572725439166,355572725439166,355572741979874,355572775311874,355572775319166,355572725446458,7292,143,143,355572692072291,355572692072291,355567338640625,0,real_frame,A,1,355572693293375,0,
284,355572742092083,355572742092083,355572758645874,355572791977874,355572791985833,355572742100042,7959,144,144,355572692072291,355572725439166,355567338640625,142,generated_frame,G,1,355572726819541,0,
285,355572758754583,355572758754583,355572775311874,355572808643874,355572808652124,355572758762833,8250,144,143,355572692072291,355572692072291,355567338640625,0,real_frame,A,1,355572726819541,0,
286,355572775448708,355572775448708,355572791977874,355572825309874,355572825318624,355572775457458,8750,145,145,355572725439166,355572758754583,355567338640625,143,generated_frame,G,1,355572760034208,0,
287,355572792077166,355572792077166,355572808643874,355572841975874,355572841985083,355572792086375,9209,145,145,355572758754583,355572758754583,355567338640625,0,real_frame,A,1,355572760034208,0,
288,355572808750708,355572808750708,355572825309874,355572858641874,355572858651541,355572808760375,9667,146,146,355572758754583,355572792077166,355567338640625,144,generated_frame,G,1,355572793362958,0,
289,355572825449458,355572825449458,355572841975874,355572875307874,355572875318041,355572825459625,10167,146,146,355572792077166,355572792077166,355567338640625,0,real_frame,B,1,355572793362958,0,
290,355572842102000,355572842102000,355572858641874,355572891973874,355572891984541,355572842112667,10667,147,147,355572792077166,355572825449458,355567338640625,145,generated_frame,G,1,355572826908166,0,
291,355572858793250,355572858793250,355572875307874,355572908639874,355572908650958,355572858804334,11084,147,146,355572792077166,355572792077166,355567338640625,0,real_frame,B,1,355572826908166,0,
292,355572875436000,355572875436000,355572891973874,355572925305874,355572925317458,355572875447584,11584,148,148,355572825449458,355572858793250,355567338640625,146,generated_frame,G,1,355572860294791,0,
293,355572892114958,355572892114958,355572908639874,355572941971874,355572941983958,355572892127042,12084,148,147,355572825449458,355572825449458,355567338640625,0,real_frame,A,1,355572860294791,0,
294,355572908775875,355572908775875,355572925305874,355572958637874,355572958650416,355572908788417,12542,149,149,355572858793250,355572892114958,355567338640625,147,generated_frame,G,1,355572894003958,0,
295,355572925439791,355572925439791,355572941971874,355572975303874,355572975316958,355572925452875,13084,149,149,355572892114958,355572892114958,355567338640625,0,real_frame,A,1,355572894003958,0,
296,355572942153458,355572942153458,355572958637874,355572991969874,355572991983458,355572942167042,13584,150,150,355572892114958,355572925439791,355567338640625,148,generated_frame,G,1,355572927119208,0,
297,355572958768708,355572958768708,355572975303874,355573008635874,355573008649958,355572958782792,14084,150,150,355572925439791,355572925439791,355567338640625,0,real_frame,B,1,355572927119208,0,
298,355572975453000,355572975453000,355572991969874,355573025301874,355573025316374,355572975467500,14500,151,151,355572925439791,355572958768708,355567338640625,149,generated_frame,G,1,355572960215125,0,
299,355572992151583,355572992151583,355573008635874,355573041967874,355573041982833,355572992166542,14959,151,151,355572958768708,355572958768708,355567338640625,0,real_frame,A,1,355572960215125,0,
300,355573008814333,355573008814333,355573025301874,355573058633874,355573058649374,355573008829833,15500,152,152,355572958768708,355572992151583,355567338640625,150,generated_frame,G,1,355572993924208,0,
301,355573025517458,355573025517458,355573041967874,355573075299874,355573075315833,355573025533417,15959,152,151,355572958768708,355572958768708,355567338640625,0,real_frame,A,1,355572993924208,0,
302,355573042021583,355573042021583,355573058633874,355573091965874,355573091982333,355573042038042,16459,153,153,355572992151583,355573025517458,355567338640625,151,generated_frame,G,1,355573032915708,0,
303,355573058699458,355573058699458,355573075299874,355573108631874,355573108648791,355573058716375,16917,153,152,355572992151583,355572992151583,355567338640625,0,real_frame,B,1,355573032915708,0,
304,355573075367333,355573075367333,355573091965874,355573125297874,355573125315249,355573075384708,17375,154,154,355573025517458,355573058699458,355567338640625,152,generated_frame,G,1,355573059688416,0,
305,355573092080750,355573092080750,355573108631874,355573141963874,355573141981708,355573092098584,17834,154,154,355573058699458,355573058699458,355567338640625,0,real_frame,B,1,355573059688416,0,
306,355573108762208,355573108762208,355573125297874,355573158629874,355573158648208,355573108780542,18334,155,155,355573058699458,355573092080750,355567338640625,153,generated_frame,G,1,355573093317375,0,
307,355573125419291,355573125419291,355573141963874,355573175295874,355573175314749,355573125438166,18875,155,154,355573058699458,355573058699458,355567338640625,0,real_frame,B,1,355573093317375,0,
308,355573142101916,355573142101916,355573158629874,355573191961874,355573191981166,355573142121208,19292,156,156,355573092080750,355573125419291,355567338640625,154,generated_frame,G,1,355573126635000,0,
309,355573158765833,355573158765833,355573175295874,355573208627874,355573208647666,355573158785625,19792,156,156,355573125419291,355573125419291,355567338640625,0,real_frame,B,1,355573126635000,0,
310,355573175406875,355573175406875,355573191961874,355573225293874,355573225314166,355573175427167,20292,157,157,355573125419291,355573158765833,355567338640625,155,generated_frame,G,1,355573160223083,0,
311,355573192150583,355573192150583,355573208627874,355573241959874,355573241980583,355573192171292,20709,157,157,355573158765833,355573158765833,355567338640625,0,real_frame,A,1,355573160223083,0,
312,355573208805875,355573208805875,355573225293874,355573258625874,355573258647083,355573208827084,21209,158,158,355573158765833,355573192150583,355567338640625,156,generated_frame,G,1,355573193958125,0,
313,355573225479333,355573225479333,355573241959874,355573275291874,355573275313708,355573225501167,21834,158,157,355573158765833,355573158765833,355567338640625,0,real_frame,A,1,355573193958125,0,
314,355573242153416,355573242153416,355573258625874,355573291957874,355573291980124,355573242175666,22250,159,159,355573192150583,355573225479333,355567338640625,157,generated_frame,G,1,355573227192208,0,
315,355573258830500,355573258830500,355573275291874,355573308623874,355573308646583,355573258853209,22709,159,159,355573225479333,355573225479333,355567338640625,0,real_frame,A,1,355573227192208,0,
316,355573275427000,355573275427000,355573291957874,355573325289874,355573325313041,355573275450167,23167,160,160,355573225479333,355573258830500,355567338640625,158,generated_frame,G,1,355573260792375,0,
317,355573292087083,355573292087083,355573308623874,355573341955874,355573341979499,355573292110708,23625,160,159,355573225479333,355573225479333,355567338640625,0,real_frame,A,1,355573260792375,0,
318,355573308782916,355573308782916,355573325289874,355573358621874,355573358645958,355573308807000,24084,161,161,355573258830500,355573292087083,355567338640625,159,generated_frame,G,1,355573293299458,0,
319,355573325438208,355573325438208,355573341955874,355573375287874,355573375312499,355573325462833,24625,161,161,355573292087083,355573292087083,355567338640625,0,real_frame,A,1,355573293299458,0,
320,355573342105583,355573342105583,355573358621874,355573391953874,355573391978958,355573342130667,25084,162,162,355573292087083,355573325438208,355567338640625,160,generated_frame,G,1,355573326850833,0,
321,355573358749000,355573358749000,355573375287874,355573408619874,355573408645416,355573358774542,25542,162,161,355573292087083,355573292087083,355567338640625,0,real_frame,A,1,355573326850833,0,
322,355573375420750,355573375420750,355573391953874,355573425285874,355573425311958,355573375446834,26084,163,163,355573325438208,355573358749000,355567338640625,161,generated_frame,G,1,355573359898833,0,
323,355573392071250,355573392071250,355573408619874,355573441951874,355573441978458,355573392097834,26584,163,163,355573358749000,355573358749000,355567338640625,0,real_frame,A,1,355573359898833,0,
324,355573408711375,355573408711375,355573425285874,355573458617874,355573458644874,355573408738375,27000,164,164,355573358749000,355573392071250,355567338640625,162,generated_frame,G,1,355573393547875,0,
325,355573425418541,355573425418541,355573441951874,355573475283874,355573475311374,355573425446041,27500,164,164,355573392071250,355573392071250,355567338640625,0,real_frame,B,1,355573393547875,0,
326,355573442102916,355573442102916,355573458617874,355573491949874,355573491977874,355573442130916,28000,165,165,355573392071250,355573425418541,355567338640625,163,generated_frame,G,1,355573426763541,0,
327,355573458755833,355573458755833,355573475283874,355573508615874,355573508644291,355573458784250,28417,165,164,355573392071250,355573392071250,355567338640625,0,real_frame,B,1,355573426763541,0,
328,355573475442541,355573475442541,355573491949874,355573525281874,355573525310791,355573475471458,28917,166,166,355573425418541,355573458755833,355567338640625,164,generated_frame,G,1,355573460263666,0,
329,355573492133500,355573492133500,355573508615874,355573541947874,355573541977333,355573492162959,29459,166,166,355573458755833,355573458755833,355567338640625,0,real_frame,B,1,355573460263666,0,
330,355573508672625,355573508672625,355573525281874,355573558613874,355573558643749,355573508702500,29875,167,167,355573458755833,355573492133500,355567338640625,165,generated_frame,G,1,355573493936750,0,
331,355573525394833,355573525394833,355573541947874,355573575279874,355573575310208,355573525425167,30334,167,166,355573458755833,355573458755833,355567338640625,0,real_frame,B,1,355573493936750,0,
332,355573542072750,355573542072750,355573558613874,355573591945874,355573591976749,355573542103625,30875,168,168,355573492133500,355573525394833,355567338640625,166,generated_frame,G,1,355573526508166,0,
333,355573558724458,355573558724458,355573575279874,355573608611874,355573608643166,355573558755750,31292,168,168,355573525394833,355573525394833,355567338640625,0,real_frame,B,1,355573526508166,0,
334,355573575409416,355573575409416,355573591945874,355573625277874,355573625309666,355573575441208,31792,169,169,355573525394833,355573558724458,355567338640625,167,generated_frame,G,1,355573560139708,0,
335,355573592073166,355573592073166,355573608611874,355573641943874,355573641976166,355573592105458,32292,169,169,355573558724458,355573558724458,355567338640625,0,real_frame,A,1,355573560139708,0,
336,355573608727125,355573608727125,355573625277874,355573658609874,355573658642624,355573608759875,32750,170,170,355573558724458,355573592073166,355567338640625,168,generated_frame,G,1,355573593415625,0,
337,355573625506375,355573625506375,355573641943874,355573675275874,355573675309124,355573625539625,33250,170,170,355573592073166,355573592073166,355567338640625,0,real_frame,B,1,355573593415625,0,
338,355573641990166,355573641990166,355573658609874,355573691941874,355573691975624,355573642023916,33750,171,171,355573592073166,355573625506375,355567338640625,169,generated_frame,G,1,355573635548916,0,
339,355573658673666,355573658673666,355573675275874,355573708607874,355573708642083,355573658707875,34209,171,170,355573592073166,355573592073166,355567338640625,0,real_frame,B,1,355573635548916,0,
340,355573675310708,355573675310708,355573691941874,355573725273874,355573725308583,355573675345417,34709,172,172,355573625506375,355573658673666,355567338640625,170,generated_frame,G,1,355573659475166,0,
341,355573692047583,355573692047583,355573708607874,355573741939874,355573741975083,355573692082792,35209,172,172,355573658673666,355573658673666,355567338640625,0,real_frame,B,1,355573659475166,0,
342,355573708714208,355573708714208,355573725273874,355573758605874,355573758641583,355573708749917,35709,173,173,355573658673666,355573692047583,355567338640625,171,generated_frame,G,1,355573693248333,0,
343,355573725420208,355573725420208,355573741939874,355573775271874,355573775307999,355573725456333,36125,173,172,355573658673666,355573658673666,355567338640625,0,real_frame,B,1,355573693248333,0,
344,355573742096541,355573742096541,355573758605874,355573791937874,355573791974499,355573742133166,36625,174,174,355573692047583,355573725420208,355567338640625,172,generated_frame,G,1,355573726649791,0,
345,355573758753291,355573758753291,355573775271874,355573808603874,355573808641041,355573758790458,37167,174,173,355573692047583,355573692047583,355567338640625,0,real_frame,A,1,355573726649791,0,
346,355573775428833,355573775428833,355573791937874,355573825269874,355573825307416,355573775466375,37542,175,175,355573725420208,355573758753291,355567338640625,173,generated_frame,G,1,355573760029250,0,
347,355573792081458,355573792081458,355573808603874,355573841935874,355573841974041,355573792119625,38167,175,174,355573725420208,355573725420208,355567338640625,0,real_frame,B,1,355573760029250,0,
348,355573808741958,355573808741958,355573825269874,355573858601874,355573858640458,355573808780542,38584,176,176,355573758753291,355573792081458,355567338640625,174,generated_frame,G,1,355573793170916,0,
349,355573825361833,355573825361833,355573841935874,355573875267874,355573875306916,355573825400875,39042,176,175,355573758753291,355573758753291,355567338640625,0,real_frame,A,1,355573793170916,0,
350,355573842070375,355573842070375,355573858601874,355573891933874,355573891973416,355573842109917,39542,177,177,355573792081458,355573825361833,355567338640625,175,generated_frame,G,1,355573826571083,0,
351,355573858742291,355573858742291,355573875267874,355573908599874,355573908639916,355573858782333,40042,177,177,355573825361833,355573825361833,355567338640625,0,real_frame,A,1,355573826571083,0,
352,355573875389500,355573875389500,355573891933874,355573925265874,355573925306333,355573875429959,40459,178,178,355573825361833,355573858742291,355567338640625,176,generated_frame,G,1,355573860180083,0,
353,355573892071083,355573892071083,355573908599874,355573941931874,355573941972791,355573892112000,40917,178,177,355573825361833,355573825361833,355567338640625,0,real_frame,A,1,355573860180083,0,
354,355573908742625,355573908742625,355573925265874,355573958597874,355573958639374,355573908784125,41500,179,179,355573858742291,355573892071083,355567338640625,177,generated_frame,G,1,355573893340833,0,
355,355573925377833,355573925377833,355573941931874,355573975263874,355573975305833,355573925419792,41959,179,178,355573858742291,355573858742291,355567338640625,0,real_frame,B,1,355573893340833,0,
356,355573942093083,355573942093083,355573958597874,355573991929874,355573991972249,355573942135458,42375,180,180,355573892071083,355573925377833,355567338640625,178,generated_frame,G,1,355573926551000,0,
357,355573958720916,355573958720916,355573975263874,355574008595874,355574008638791,355573958763833,42917,180,180,355573925377833,355573925377833,355567338640625,0,real_frame,B,1,355573926551000,0,
358,355573975353541,355573975353541,355573991929874,355574025261874,355574025305208,355573975396875,43334,181,181,355573925377833,355573958720916,355567338640625,179,generated_frame,G,1,355573960018791,0,
359,355573992057291,355573992057291,355574008595874,355574041927874,355574041971749,355573992101166,43875,181,180,355573925377833,355573925377833,355567338640625,0,real_frame,B,1,355573960018791,0,
360,355574008737750,355574008737750,355574025261874,355574058593874,355574058638208,355574008782084,44334,182,182,355573958720916,355573992057291,355567338640625,180,generated_frame,G,1,355573993324791,0,
361,355574025403083,355574025403083,355574041927874,355574075259874,355574075304708,355574025447917,44834,182,182,355573992057291,355573992057291,355567338640625,0,real_frame,B,1,355573993324791,0,
362,355574042060541,355574042060541,355574058593874,355574091925874,355574091971166,355574042105833,45292,183,183,355573992057291,355574025403083,355567338640625,181,generated_frame,G,1,355574026600041,0,
363,355574058712625,355574058712625,355574075259874,355574108591874,355574108637708,355574058758459,45834,183,182,355573992057291,355573992057291,355567338640625,0,real_frame,B,1,355574026600041,0,
364,355574075390750,355574075390750,355574091925874,355574125257874,355574125304208,355574075437084,46334,184,184,355574025403083,355574058712625,355567338640625,182,generated_frame,G,1,355574059894500,0,
365,355574092035625,355574092035625,355574108591874,355574141923874,355574141970624,355574092082375,46750,184,184,355574058712625,355574058712625,355567338640625,0,real_frame,B,1,355574059894500,0,
366,355574108746333,355574108746333,355574125257874,355574158589874,355574158637083,355574108793542,47209,185,185,355574058712625,355574092035625,355567338640625,183,generated_frame,G,1,355574093180541,0,
367,355574125404041,355574125404041,355574141923874,355574175255874,355574175303541,355574125451708,47667,185,185,355574092035625,355574092035625,355567338640625,0,real_frame,A,1,355574093180541,0,
368,355574142060250,355574142060250,355574158589874,355574191921874,355574191970041,355574142108417,48167,186,186,355574092035625,355574125404041,355567338640625,184,generated_frame,G,1,355574126626708,0,
369,355574158726958,355574158726958,355574175255874,355574208587874,355574208636499,355574158775583,48625,186,185,355574092035625,355574092035625,355567338640625,0,real_frame,A,1,355574126626708,0,
370,355574175311875,355574175311875,355574191921874,355574225253874,355574225302999,355574175361000,49125,187,187,355574125404041,355574158726958,355567338640625,185,generated_frame,G,1,355574160754833,0,
371,355574191986708,355574191986708,355574208587874,355574241919874,355574241969541,355574192036375,49667,187,186,355574125404041,355574125404041,355567338640625,0,real_frame,B,1,355574160754833,0,
372,355574208634416,355574208634416,355574225253874,355574258585874,355574258635916,355574208684458,50042,188,188,355574158726958,355574191986708,355567338640625,186,generated_frame,G,1,355574192873041,0,
373,355574225291958,355574225291958,355574241919874,355574275251874,355574275302458,355574225342542,50584,188,188,355574191986708,355574191986708,355567338640625,0,real_frame,B,1,355574192873041,0,
374,355574242023458,355574242023458,355574258585874,355574291917874,355574291968958,355574242074542,51084,189,189,355574191986708,355574225291958,355567338640625,187,generated_frame,G,1,355574226096750,0,
375,355574258695083,355574258695083,355574275251874,355574308583874,355574308635416,355574258746625,51542,189,189,355574225291958,355574225291958,355567338640625,0,real_frame,A,1,355574226096750,0,
376,355574275405958,355574275405958,355574291917874,355574325249874,355574325301916,355574275458000,52042,190,190,355574225291958,355574258695083,355567338640625,188,generated_frame,G,1,355574259701166,0,
377,355574292039708,355574292039708,355574308583874,355574341915874,355574341968374,355574292092208,52500,190,189,355574225291958,355574225291958,355567338640625,0,real_frame,A,1,355574259701166,0,
378,355574308718666,355574308718666,355574325249874,355574358581874,355574358634916,355574308771708,53042,191,191,355574258695083,355574292039708,355567338640625,189,generated_frame,G,1,355574293132583,0,
379,355574325387000,355574325387000,355574341915874,355574375247874,355574375301291,355574325440417,53417,191,191,355574292039708,355574292039708,355567338640625,0,real_frame,A,1,355574293132583,0,
380,355574342052041,355574342052041,355574358581874,355574391913874,355574391967874,355574342106041,54000,192,192,355574292039708,355574325387000,355567338640625,190,generated_frame,G,1,355574326720166,0,
381,355574358736041,355574358736041,355574375247874,355574408579874,355574408634333,355574358790500,54459,192,192,355574325387000,355574325387000,355567338640625,0,real_frame,B,1,355574326720166,0,
382,355574375416291,355574375416291,355574391913874,355574425245874,355574425300791,355574375471208,54917,193,193,355574325387000,355574358736041,355567338640625,191,generated_frame,G,1,355574360198833,0,
383,355574392085416,355574392085416,355574408579874,355574441911874,355574441967291,355574392140833,55417,193,193,355574358736041,355574358736041,355567338640625,0,real_frame,A,1,355574360198833,0,
384,355574408760583,355574408760583,355574425245874,355574458577874,355574458633708,355574408816417,55834,194,194,355574358736041,355574392085416,355567338640625,192,generated_frame,G,1,355574393438250,0,
385,355574425459375,355574425459375,355574441911874,355574475243874,355574475300291,355574425515792,56417,194,194,355574392085416,355574392085416,355567338640625,0,real_frame,B,1,355574393438250,0,
386,355574442063833,355574442063833,355574458577874,355574491909874,355574491966666,355574442120625,56792,195,195,355574392085416,355574425459375,355567338640625,193,generated_frame,G,1,355574426940375,0,
387,355574458790166,355574458790166,355574475243874,355574508575874,355574508633166,355574458847458,57292,195,194,355574392085416,355574392085416,355567338640625,0,real_frame,B,1,355574426940375,0,
388,355574475408041,355574475408041,355574491909874,355574525241874,355574525299708,355574475465875,57834,196,196,355574425459375,355574458790166,355567338640625,194,generated_frame,G,1,355574460368083,0,
389,355574492067750,355574492067750,355574508575874,355574541907874,355574541966166,355574492126042,58292,196,195,355574425459375,355574425459375,355567338640625,0,real_frame,A,1,355574460368083,0,
390,355574508724666,355574508724666,355574525241874,355574558573874,355574558632666,355574508783458,58792,197,197,355574458790166,355574492067750,355567338640625,195,generated_frame,G,1,355574493692333,0,
391,355574525395458,355574525395458,355574541907874,355574575239874,355574575299124,355574525454708,59250,197,197,355574492067750,355574492067750,355567338640625,0,real_frame,A,1,355574493692333,0,
392,355574542105875,355574542105875,355574558573874,355574591905874,355574591965624,355574542165625,59750,198,198,355574492067750,355574525395458,355567338640625,196,generated_frame,G,1,355574526870916,0,
393,355574558766166,355574558766166,355574575239874,355574608571874,355574608632041,355574558826333,60167,198,198,355574525395458,355574525395458,355567338640625,0,real_frame,B,1,355574526870916,0,
394,355574575331166,355574575331166,355574591905874,355574625237874,355574625298583,355574575391875,60709,199,199,355574525395458,355574558766166,355567338640625,197,generated_frame,G,1,355574560529541,0,
395,355574591950208,355574591950208,355574608571874,355574641903874,355574641965041,355574592011375,61167,199,198,355574525395458,355574525395458,355567338640625,0,real_frame,B,1,355574560529541,0,
396,355574608738541,355574608738541,355574625237874,355574658569874,355574658631499,355574608800166,61625,200,200,355574558766166,355574591950208,355567338640625,198,generated_frame,G,1,355574593021041,0,
397,355574625442166,355574625442166,355574641903874,355574675235874,355574675297999,355574625504291,62125,200,200,355574591950208,355574591950208,355567338640625,0,real_frame,B,1,355574593021041,0,
398,355574642069416,355574642069416,355574658569874,355574691901874,355574691964499,355574642132041,62625,201,201,355574591950208,355574625442166,355567338640625,199,generated_frame,G,1,355574626920416,0,
399,355574658806666,355574658806666,355574675235874,355574708567874,355574708630958,355574658869750,63084,201,200,355574591950208,355574591950208,355567338640625,0,real_frame,B,1,355574626920416,0,
400,355574675395583,355574675395583,355574691901874,355574725233874,355574725297458,355574675459167,63584,202,202,355574625442166,355574658806666,355567338640625,200,generated_frame,G,1,355574660474500,0,
401,355574692089375,355574692089375,355574708567874,355574741899874,355574741963874,355574692153375,64000,202,201,355574625442166,355574625442166,355567338640625,0,real_frame,A,1,355574660474500,0,
402,355574708769208,355574708769208,355574725233874,355574758565874,355574758630374,355574708833708,64500,203,203,355574658806666,355574692089375,355567338640625,201,generated_frame,G,1,355574693961166,0,
403,355574725422000,355574725422000,355574741899874,355574775231874,355574775296874,355574725487000,65000,203,203,355574692089375,355574692089375,355567338640625,0,real_frame,A,1,355574693961166,0,
404,355574742112916,355574742112916,355574758565874,355574791897874,355574791963374,355574742178416,65500,204,204,355574692089375,355574725422000,355567338640625,202,generated_frame,G,1,355574727394625,0,
405,355574758622541,355574758622541,355574775231874,355574808563874,355574808629833,355574758688500,65959,204,203,355574692089375,355574692089375,355567338640625,0,real_frame,A,1,355574727394625,0,
406,355574775285791,355574775285791,355574791897874,355574825229874,355574825296374,355574775352291,66500,205,205,355574725422000,355574758622541,355567338640625,203,generated_frame,G,1,355574759554875,0,
407,355574791933791,355574791933791,355574808563874,355574841895874,355574841962833,355574792000750,66959,205,205,355574758622541,355574758622541,355567338640625,0,real_frame,A,1,355574759554875,0,
408,355574808600833,355574808600833,355574825229874,355574858561874,355574858629249,355574808668208,67375,206,206,355574758622541,355574791933791,355567338640625,204,generated_frame,G,1,355574792777875,0,
409,355574825342666,355574825342666,355574841895874,355574875227874,355574875295791,355574825410583,67917,206,206,355574791933791,355574791933791,355567338640625,0,real_frame,B,1,355574792777875,0,
410,355574842010541,355574842010541,355574858561874,355574891893874,355574891962249,355574842078916,68375,207,207,355574791933791,355574825342666,355567338640625,205,generated_frame,G,1,355574826406916,0,
411,355574858725666,355574858725666,355574875227874,355574908559874,355574908628749,355574858794541,68875,207,206,355574791933791,355574791933791,355567338640625,0,real_frame,B,1,355574826406916,0,
412,355574875383208,355574875383208,355574891893874,355574925225874,355574925295249,355574875452583,69375,208,208,355574825342666,355574858725666,355567338640625,206,generated_frame,G,1,355574860142333,0,
413,355574892084333,355574892084333,355574908559874,355574941891874,355574941961791,355574892154250,69917,208,207,355574825342666,355574825342666,355567338640625,0,real_frame,A,1,355574860142333,0,
414,355574908733208,355574908733208,355574925225874,355574958557874,355574958628166,355574908803500,70292,209,209,355574858725666,355574892084333,355567338640625,207,generated_frame,G,1,355574893831583,0,
415,355574925441625,355574925441625,355574941891874,355574975223874,355574975294624,355574925512375,70750,209,208,355574858725666,355574858725666,355567338640625,0,real_frame,B,1,355574893831583,0,
416,355574942090250,355574942090250,355574958557874,355574991889874,355574991961166,355574942161542,71292,210,210,355574892084333,355574925441625,355567338640625,208,generated_frame,G,1,355574927200791,0,
417,355574966055666,355574966055666,355574975223874,355575008555874,355575008627624,355574966127416,71750,210,210,355574925441625,355574925441625,355567338640625,0,real_frame,B,1,355574927200791,0,
418,355574975272333,355574975272333,355574991889874,355575025221874,355575025294166,355574975344625,72292,211,210,355574925441625,355574925441625,355567338640625,0,real_frame,B,1,355574967079833,0,
419,355574991946750,355574991946750,355575008555874,355575041887874,355575041960583,355574992019459,72709,211,211,355574925441625,355574966055666,355567338640625,209,generated_frame,G,1,355574967079833,0,
420,355575008630125,355575008630125,355575025221874,355575058553874,355575058627083,355575008703334,73209,212,212,355574966055666,355574991946750,355567338640625,210,generated_frame,G,1,355574992872416,0,
421,355575025332916,355575025332916,355575041887874,355575075219874,355575075293583,355575025406625,73709,212,212,355574991946750,355574991946750,355567338640625,0,real_frame,B,1,355574992872416,0,
422,355575041968958,355575041968958,355575058553874,355575091885874,355575091960041,355575042043125,74167,213,213,355574991946750,355575025332916,355567338640625,211,generated_frame,G,1,355575026368208,0,
423,355575058690583,355575058690583,355575075219874,355575108551874,355575108626541,355575058765250,74667,213,212,355574991946750,355574991946750,355567338640625,0,real_frame,B,1,355575026368208,0,
424,355575075342458,355575075342458,355575091885874,355575125217874,355575125292999,355575075417583,75125,214,214,355575025332916,355575058690583,355567338640625,212,generated_frame,G,1,355575059864875,0,
425,355575092001416,355575092001416,355575108551874,355575141883874,355575141959541,355575092077083,75667,214,213,355575025332916,355575025332916,355567338640625,0,real_frame,A,1,355575059864875,0,
426,355575108675333,355575108675333,355575125217874,355575158549874,355575158625999,355575108751458,76125,215,215,355575058690583,355575092001416,355567338640625,213,generated_frame,G,1,355575093154833,0,
427,355575125350833,355575125350833,355575141883874,355575175215874,355575175292416,355575125427375,76542,215,215,355575092001416,355575092001416,355567338640625,0,real_frame,A,1,355575093154833,0,
428,355575142023375,355575142023375,355575158549874,355575191881874,355575191958958,355575142100459,77084,216,216,355575092001416,355575125350833,355567338640625,214,generated_frame,G,1,355575126603583,0,
429,355575158714083,355575158714083,355575175215874,355575208547874,355575208625374,355575158791583,77500,216,216,355575125350833,355575125350833,355567338640625,0,real_frame,B,1,355575126603583,0,
430,355575175396625,355575175396625,355575191881874,355575225213874,355575225291874,355575175474625,78000,217,217,355575125350833,355575158714083,355567338640625,215,generated_frame,G,1,355575160386666,0,
431,355575192075708,355575192075708,355575208547874,355575241879874,355575241958416,355575192154250,78542,217,216,355575125350833,355575125350833,355567338640625,0,real_frame,B,1,355575160386666,0,
432,355575208685958,355575208685958,355575225213874,355575258545874,355575258624833,355575208764917,78959,218,218,355575158714083,355575192075708,355567338640625,216,generated_frame,G,1,355575193679000,0,
433,355575225394541,355575225394541,355575241879874,355575275211874,355575275291374,355575225474041,79500,218,217,355575158714083,355575158714083,355567338640625,0,real_frame,A,1,355575193679000,0,
434,355575242100791,355575242100791,355575258545874,355575291877874,355575291957791,355575242180708,79917,219,219,355575192075708,355575225394541,355567338640625,217,generated_frame,G,1,355575227673916,0,
435,355575258715083,355575258715083,355575275211874,355575308543874,355575308624333,355575258795542,80459,219,219,355575225394541,355575225394541,355567338640625,0,real_frame,A,1,355575227673916,0,
436,355575275402208,355575275402208,355575291877874,355575325209874,355575325290791,355575275483125,80917,220,220,355575225394541,355575258715083,355567338640625,218,generated_frame,G,1,355575260478625,0,
437,355575292045083,355575292045083,355575308543874,355575341875874,355575341957291,355575292126500,81417,220,220,355575258715083,355575258715083,355567338640625,0,real_frame,B,1,355575260478625,0,
438,355575308726958,355575308726958,355575325209874,355575358541874,355575358623749,355575308808833,81875,221,221,355575258715083,355575292045083,355567338640625,219,generated_frame,G,1,355575293667500,0,
439,355575325398958,355575325398958,355575341875874,355575375207874,355575375290208,355575325481292,82334,221,221,355575292045083,355575292045083,355567338640625,0,real_frame,A,1,355575293667500,0,
440,355575342059083,355575342059083,355575358541874,355575391873874,355575391956708,355575342141917,82834,222,222,355575292045083,355575325398958,355567338640625,220,generated_frame,G,1,355575326972000,0,
441,355575358706041,355575358706041,355575375207874,355575408539874,355575408623166,355575358789333,83292,222,221,355575292045083,355575292045083,355567338640625,0,real_frame,A,1,355575326972000,0,
442,355575375372875,355575375372875,355575391873874,355575425205874,355575425289666,355575375456667,83792,223,223,355575325398958,355575358706041,355567338640625,221,generated_frame,G,1,355575360376291,0,
443,355575392051291,355575392051291,355575408539874,355575441871874,355575441956166,355575392135583,84292,223,223,355575358706041,355575358706041,355567338640625,0,real_frame,A,1,355575360376291,0,
444,355575408695416,355575408695416,355575425205874,355575458537874,355575458622583,355575408780125,84709,224,224,355575358706041,355575392051291,355567338640625,222,generated_frame,G,1,355575393719791,0,
445,355575425353125,355575425353125,355575441871874,355575475203874,355575475289124,355575425438375,85250,224,223,355575358706041,355575358706041,355567338640625,0,real_frame,A,1,355575393719791,0,
446,355575442010541,355575442010541,355575458537874,355575491869874,355575491955583,355575442096250,85709,225,225,355575392051291,355575425353125,355567338640625,223,generated_frame,G,1,355575426777375,0,
447,355575458692541,355575458692541,355575475203874,355575508535874,355575508622041,355575458778708,86167,225,225,355575425353125,355575425353125,355567338640625,0,real_frame,A,1,355575426777375,0,
448,355575475371875,355575475371875,355575491869874,355575525201874,355575525288541,355575475458542,86667,226,226,355575425353125,355575458692541,355567338640625,224,generated_frame,G,1,355575460115500,0,
449,355575492126041,355575492126041,355575508535874,355575541867874,355575541955041,355575492213208,87167,226,226,355575458692541,355575458692541,355567338640625,0,real_frame,B,1,355575460115500,0,
450,355575508688833,355575508688833,355575525201874,355575558533874,355575558621541,355575508776500,87667,227,227,355575458692541,355575492126041,355567338640625,225,generated_frame,G,1,355575494614916,0,
451,355575525312916,355575525312916,355575541867874,355575575199874,355575575288041,355575525401083,88167,227,226,355575458692541,355575458692541,355567338640625,0,real_frame,B,1,355575494614916,0,
452,355575541989958,355575541989958,355575558533874,355575591865874,355575591954458,355575542078542,88584,228,228,355575492126041,355575525312916,355567338640625,226,generated_frame,G,1,355575526385250,0,
453,355575558669750,355575558669750,355575575199874,355575608531874,355575608620958,355575558758834,89084,228,228,355575525312916,355575525312916,355567338640625,0,real_frame,B,1,355575526385250,0,
454,355575575314875,355575575314875,355575591865874,355575625197874,355575625287458,355575575404459,89584,229,229,355575525312916,355575558669750,355567338640625,227,generated_frame,G,1,355575559870750,0,
455,355575591998291,355575591998291,355575608531874,355575641863874,355575641953958,355575592088375,90084,229,228,355575525312916,355575525312916,355567338640625,0,real_frame,B,1,355575559870750,0,
456,355575608671875,355575608671875,355575625197874,355575658529874,355575658620458,355575608762459,90584,230,230,355575558669750,355575591998291,355567338640625,228,generated_frame,G,1,355575593422208,0,
457,355575625344708,355575625344708,355575641863874,355575675195874,355575675286874,355575625435708,91000,230,230,355575591998291,355575591998291,355567338640625,0,real_frame,B,1,355575593422208,0,
458,355575641965208,355575641965208,355575658529874,355575691861874,355575691953374,355575642056708,91500,231,231,355575591998291,355575625344708,355567338640625,229,generated_frame,G,1,355575626720750,0,
459,355575658647458,355575658647458,355575675195874,355575708527874,355575708619833,355575658739417,91959,231,230,355575591998291,355575591998291,355567338640625,0,real_frame,B,1,355575626720750,0,
460,355575675338458,355575675338458,355575691861874,355575725193874,355575725286333,355575675430917,92459,232,232,355575625344708,355575658647458,355567338640625,230,generated_frame,G,1,355575659775916,0,
461,355575691981833,355575691981833,355575708527874,355575741859874,355575741952833,355575692074792,92959,232,232,355575658647458,355575658647458,355567338640625,0,real_frame,B,1,355575659775916,0,
462,355575708678500,355575708678500,355575725193874,355575758525874,355575758619291,355575708771917,93417,233,233,355575658647458,355575691981833,355567338640625,231,generated_frame,G,1,355575693438208,0,
463,355575725323375,355575725323375,355575741859874,355575775191874,355575775285833,355575725417334,93959,233,233,355575691981833,355575691981833,355567338640625,0,real_frame,A,1,355575693438208,0,
464,355575741996291,355575741996291,355575758525874,355575791857874,355575791952249,355575742090666,94375,234,234,355575691981833,355575725323375,355567338640625,232,generated_frame,G,1,355575726580208,0,
465,355575758648375,355575758648375,355575775191874,355575808523874,355575808618791,355575758743292,94917,234,233,355575691981833,355575691981833,355567338640625,0,real_frame,A,1,355575726580208,0,
466,355575775379958,355575775379958,355575791857874,355575825189874,355575825285249,355575775475333,95375,235,235,355575725323375,355575758648375,355567338640625,233,generated_frame,G,1,355575760183125,0,
467,355575791914250,355575791914250,355575808523874,355575841855874,355575841951708,355575792010084,95834,235,234,355575725323375,355575725323375,355567338640625,0,real_frame,B,1,355575760183125,0,
468,355575808558791,355575808558791,355575825189874,355575858521874,355575858618166,355575808655083,96292,236,236,355575758648375,355575791914250,355567338640625,234,generated_frame,G,1,355575793016875,0,
469,355575825314333,355575825314333,355575841855874,355575875187874,355575875284666,355575825411125,96792,236,236,355575791914250,355575791914250,355567338640625,0,real_frame,B,1,355575793016875,0,
470,355575842023375,355575842023375,355575858521874,355575891853874,355575891951208,355575842120709,97334,237,237,355575791914250,355575825314333,355567338640625,235,generated_frame,G,1,355575826766708,0,
471,355575858705750,355575858705750,355575875187874,355575908519874,355575908617583,355575858803459,97709,237,236,355575791914250,355575791914250,355567338640625,0,real_frame,B,1,355575826766708,0,
472,355575875362125,355575875362125,355575891853874,355575925185874,355575925284041,355575875460292,98167,238,238,355575825314333,355575858705750,355567338640625,236,generated_frame,G,1,355575860271583,0,
473,355575892068625,355575892068625,355575908519874,355575941851874,355575941950583,355575892167334,98709,238,237,355575825314333,355575825314333,355567338640625,0,real_frame,A,1,355575860271583,0,
474,355575908713791,355575908713791,355575925185874,355575958517874,355575958617083,355575908813000,99209,239,239,355575858705750,355575892068625,355567338640625,237,generated_frame,G,1,355575894152458,0,
475,355575925363000,355575925363000,355575941851874,355575975183874,355575975283583,355575925462709,99709,239,238,355575858705750,355575858705750,355567338640625,0,real_frame,B,1,355575894152458,0,
476,355575942020083,355575942020083,355575958517874,355575991849874,355575991950041,355575942120250,100167,240,240,355575892068625,355575925363000,355567338640625,238,generated_frame,G,1,355575927070833,0,
477,355575958706208,355575958706208,355575975183874,355576008515874,355576008616541,355575958806875,100667,240,240,355575925363000,355575925363000,355567338640625,0,real_frame,B,1,355575927070833,0,
478,355575975366041,355575975366041,355575991849874,355576025181874,355576025283041,355575975467208,101167,241,241,355575925363000,355575958706208,355567338640625,239,generated_frame,G,1,355575960507750,0,
479,355575992047541,355575992047541,355576008515874,355576041847874,355576041949416,355575992149083,101542,241,240,355575925363000,355575925363000,355567338640625,0,real_frame,B,1,355575960507750,0,
480,355576008682666,355576008682666,355576025181874,355576058513874,355576058615958,355576008784750,102084,242,242,355575958706208,355575992047541,355567338640625,240,generated_frame,G,1,355575994258875,0,
481,355576025399375,355576025399375,355576041847874,355576075179874,355576075282458,355576025501959,102584,242,242,355575992047541,355575992047541,355567338640625,0,real_frame,B,1,355575994258875,0,
482,355576042038333,355576042038333,355576058513874,355576091845874,355576091948958,355576042141417,103084,243,243,355575992047541,355576025399375,355567338640625,241,generated_frame,G,1,355576027402583,0,
483,355576058813416,355576058813416,355576075179874,355576108511874,355576108615374,355576058916916,103500,243,243,355576025399375,355576025399375,355567338640625,0,real_frame,A,1,355576027402583,0,
484,355576075255750,355576075255750,355576091845874,355576125177874,355576125281958,355576075359834,104084,244,244,355576025399375,355576058813416,355567338640625,242,generated_frame,G,1,355576064469625,0,
485,355576091881958,355576091881958,355576108511874,355576141843874,355576141948416,355576091986500,104542,244,243,355576025399375,355576025399375,355567338640625,0,real_frame,A,1,355576064469625,0,
486,355576108682541,355576108682541,355576125177874,355576158509874,355576158614791,355576108787458,104917,245,245,355576058813416,355576091881958,355567338640625,243,generated_frame,G,1,355576092880666,0,
487,355576125368000,355576125368000,355576141843874,355576175175874,355576175281333,355576125473459,105459,245,245,355576091881958,355576091881958,355567338640625,0,real_frame,A,1,355576092880666,0,
488,355576142036583,355576142036583,355576158509874,355576191841874,355576191947874,355576142142583,106000,246,246,355576091881958,355576125368000,355567338640625,244,generated_frame,G,1,355576127102291,0,
489,355576158712500,355576158712500,355576175175874,355576208507874,355576208614333,355576158818959,106459,246,245,355576091881958,355576091881958,355567338640625,0,real_frame,A,1,355576127102291,0,
490,355576175356458,355576175356458,355576191841874,355576225173874,355576225280749,355576175463333,106875,247,247,355576125368000,355576158712500,355567338640625,245,generated_frame,G,1,355576160390083,0,
491,355576192071750,355576192071750,355576208507874,355576241839874,355576241947249,355576192179125,107375,247,247,355576158712500,355576158712500,355567338640625,0,real_frame,A,1,355576160390083,0,
492,355576208571916,355576208571916,355576225173874,355576258505874,355576258613708,355576208679750,107834,248,248,355576158712500,355576192071750,355567338640625,246,generated_frame,G,1,355576196161333,0,
493,355576225215083,355576225215083,355576241839874,355576275171874,355576275280208,355576225323417,108334,248,247,355576158712500,355576158712500,355567338640625,0,real_frame,A,1,355576196161333,0,
494,355576242026625,355576242026625,355576258505874,355576291837874,355576291946708,355576242135459,108834,249,249,355576192071750,355576225215083,355567338640625,247,generated_frame,G,1,355576226345208,0,
495,355576258740000,355576258740000,355576275171874,355576308503874,355576308613208,355576258849334,109334,249,249,355576225215083,355576225215083,355567338640625,0,real_frame,A,1,355576226345208,0,
496,355576275365250,355576275365250,355576291837874,355576325169874,355576325279666,355576275475042,109792,250,250,355576225215083,355576258740000,355567338640625,248,generated_frame,G,1,355576260622416,0,
497,355576292034166,355576292034166,355576308503874,355576341835874,355576341946166,355576292144458,110292,250,249,355576225215083,355576225215083,355567338640625,0,real_frame,A,1,355576260622416,0,
498,355576308565416,355576308565416,355576325169874,355576358501874,355576358612583,355576308676125,110709,251,251,355576258740000,355576292034166,355567338640625,249,generated_frame,G,1,355576299549083,0,
499,355576325212041,355576325212041,355576341835874,355576375167874,355576375279083,355576325323250,111209,251,250,355576258740000,355576258740000,355567338640625,0,real_frame,B,1,355576299549083,0,
500,355576341870708,355576341870708,355576358501874,355576391833874,355576391945583,355576341982417,111709,252,252,355576292034166,355576325212041,355567338640625,250,generated_frame,G,1,355576326473291,0,
501,355576358685041,355576358685041,355576375167874,355576408499874,355576408612083,355576358797250,112209,252,252,355576325212041,355576325212041,355567338640625,0,real_frame,B,1,355576326473291,0,
502,355576375366333,355576375366333,355576391833874,355576425165874,355576425278499,355576375478958,112625,253,253,355576325212041,355576358685041,355567338640625,251,generated_frame,G,1,355576360544541,0,
503,355576391987458,355576391987458,355576408499874,355576441831874,355576441945083,355576392100667,113209,253,252,355576325212041,355576325212041,355567338640625,0,real_frame,B,1,355576360544541,0,
504,355576408653208,355576408653208,355576425165874,355576458497874,355576458611499,355576408766833,113625,254,254,355576358685041,355576391987458,355567338640625,252,generated_frame,G,1,355576393542833,0,
505,355576425294791,355576425294791,355576441831874,355576475163874,355576475277916,355576425408833,114042,254,254,355576391987458,355576391987458,355567338640625,0,real_frame,B,1,355576393542833,0,
506,355576441953708,355576441953708,355576458497874,355576491829874,355576491944458,355576442068292,114584,255,255,355576391987458,355576425294791,355567338640625,253,generated_frame,G,1,355576426720958,0,
507,355576458613708,355576458613708,355576475163874,355576508495874,355576508610916,355576458728750,115042,255,255,355576425294791,355576425294791,355567338640625,0,real_frame,A,1,355576426720958,0,
508,355576475298791,355576475298791,355576491829874,355576525161874,355576525277416,355576475414333,115542,256,256,355576425294791,355576458613708,355567338640625,254,generated_frame,G,1,355576459846000,0,
509,355576491980250,355576491980250,355576508495874,355576541827874,355576541943916,355576492096292,116042,256,256,355576458613708,355576458613708,355567338640625,0,real_frame,B,1,355576459846000,0,
510,355576508713916,355576508713916,355576525161874,355576558493874,355576558610416,355576508830458,116542,257,257,355576458613708,355576491980250,355567338640625,255,generated_frame,G,1,355576493433625,0,
511,355576525359583,355576525359583,355576541827874,355576575159874,355576575276874,355576525476583,117000,257,257,355576491980250,355576491980250,355567338640625,0,real_frame,A,1,355576493433625,0,
512,355576542039125,355576542039125,355576558493874,355576591825874,355576591943333,355576542156584,117459,258,258,355576491980250,355576525359583,355567338640625,256,generated_frame,G,1,355576527691583,0,
513,355576558716500,355576558716500,355576575159874,355576608491874,355576608609874,355576558834500,118000,258,257,355576491980250,355576491980250,355567338640625,0,real_frame,A,1,355576527691583,0,
514,355576575373208,355576575373208,355576591825874,355576625157874,355576625276249,355576575491583,118375,259,259,355576525359583,355576558716500,355567338640625,257,generated_frame,G,1,355576560658083,0,
515,355576592023000,355576592023000,355576608491874,355576641823874,355576641942791,355576592141917,118917,259,258,355576525359583,355576525359583,355567338640625,0,real_frame,B,1,355576560658083,0,
516,355576608696625,355576608696625,355576625157874,355576658489874,355576658609249,355576608816000,119375,260,260,355576558716500,355576592023000,355567338640625,258,generated_frame,G,1,355576593706333,0,
517,355576625332083,355576625332083,355576641823874,355576675155874,355576675275749,355576625451958,119875,260,260,355576592023000,355576592023000,355567338640625,0,real_frame,B,1,355576593706333,0,
518,355576642085916,355576642085916,355576658489874,355576691821874,355576691942374,355576642206416,120500,261,261,355576592023000,355576625332083,355567338640625,259,generated_frame,G,1,355576627207000,0,
519,355576658625458,355576658625458,355576675155874,355576708487874,355576708608708,355576658746292,120834,261,260,355576592023000,355576592023000,355567338640625,0,real_frame,B,1,355576627207000,0,
520,355576675286875,355576675286875,355576691821874,355576725153874,355576725275208,355576675408209,121334,262,262,355576625332083,355576658625458,355567338640625,260,generated_frame,G,1,355576659912041,0,
521,355576691957291,355576691957291,355576708487874,355576741819874,355576741941749,355576692079166,121875,262,262,355576658625458,355576658625458,355567338640625,0,real_frame,B,1,355576659912041,0,
522,355576708620125,355576708620125,355576725153874,355576758485874,355576758608166,355576708742417,122292,263,263,355576658625458,355576691957291,355567338640625,261,generated_frame,G,1,355576693149125,0,
523,355576725290250,355576725290250,355576741819874,355576775151874,355576775274624,355576725413000,122750,263,263,355576691957291,355576691957291,355567338640625,0,real_frame,A,1,355576693149125,0,
524,355576741958916,355576741958916,355576758485874,355576791817874,355576791941124,355576742082166,123250,264,264,355576691957291,355576725290250,355567338640625,262,generated_frame,G,1,355576726740833,0,
525,355576758635125,355576758635125,355576775151874,355576808483874,355576808607666,355576758758917,123792,264,264,355576725290250,355576725290250,355567338640625,0,real_frame,B,1,355576726740833,0,
526,355576775236083,355576775236083,355576791817874,355576825149874,355576825274083,355576775360292,124209,265,265,355576725290250,355576758635125,355567338640625,263,generated_frame,G,1,355576760632500,0,
527,355576791852666,355576791852666,355576808483874,355576841815874,355576841940541,355576791977333,124667,265,264,355576725290250,355576725290250,355567338640625,0,real_frame,B,1,355576760632500,0,
528,355576808601333,355576808601333,355576825149874,355576858481874,355576858607041,355576808726500,125167,266,266,355576758635125,355576791852666,355567338640625,264,generated_frame,G,1,355576792867458,0,
529,355576825349750,355576825349750,355576841815874,355576875147874,355576875273541,355576825475417,125667,266,266,355576791852666,355576791852666,355567338640625,0,real_frame,B,1,355576792867458,0,
530,355576842029708,355576842029708,355576858481874,355576891813874,355576891939999,355576842155833,126125,267,267,355576791852666,355576825349750,355567338640625,265,generated_frame,G,1,355576827483541,0,
531,355576858668333,355576858668333,355576875147874,355576908479874,355576908606458,355576858794917,126584,267,266,355576791852666,355576791852666,355567338640625,0,real_frame,B,1,355576827483541,0,
532,355576875367500,355576875367500,355576891813874,355576925145874,355576925272999,355576875494625,127125,268,268,355576825349750,355576858668333,355567338640625,266,generated_frame,G,1,355576860254166,0,
533,355576891987041,355576891987041,355576908479874,355576941811874,355576941939499,355576892114666,127625,268,268,355576858668333,355576858668333,355567338640625,0,real_frame,B,1,355576860254166,0,
534,355576909960500,355576909960500,355576925145874,355576958477874,355576958605958,355576910088584,128084,269,269,355576858668333,355576891987041,355567338640625,267,generated_frame,G,1,355576893630083,0,
535,355576925366208,355576925366208,355576941811874,355576975143874,355576975272416,355576925494750,128542,269,269,355576891987041,355576891987041,355567338640625,0,real_frame,A,1,355576893630083,0,
536,355576941954166,355576941954166,355576958477874,355576991809874,355576991938958,355576942083250,129084,270,270,355576891987041,355576925366208,355567338640625,268,generated_frame,G,1,355576927378125,0,
537,355576958593541,355576958593541,355576975143874,355577008475874,355577008605374,355576958723041,129500,270,269,355576891987041,355576891987041,355567338640625,0,real_frame,A,1,355576927378125,0,
538,355576975274708,355576975274708,355576991809874,355577025141874,355577025271874,355576975404708,130000,271,271,355576925366208,355576958593541,355567338640625,269,generated_frame,G,1,355576959784791,0,
539,355576991947750,355576991947750,355577008475874,355577041807874,355577041938333,355576992078209,130459,271,271,355576958593541,355576958593541,355567338640625,0,real_frame,A,1,355576959784791,0,
540,355577008626833,355577008626833,355577025141874,355577058473874,355577058604874,355577008757833,131000,272,272,355576958593541,355576991947750,355567338640625,270,generated_frame,G,1,355576993251708,0,
541,355577025325416,355577025325416,355577041807874,355577075139874,355577075271333,355577025456875,131459,272,272,355576991947750,355576991947750,355567338640625,0,real_frame,B,1,355576993251708,0,
542,355577042032250,355577042032250,355577058473874,355577091805874,355577091937749,355577042164125,131875,273,273,355576991947750,355577025325416,355567338640625,271,generated_frame,G,1,355577026999125,0,
543,355577058690625,355577058690625,355577075139874,355577108471874,355577108604291,355577058823042,132417,273,272,355576991947750,355576991947750,355567338640625,0,real_frame,B,1,355577026999125,0,
544,355577075471083,355577075471083,355577091936291,355577125268291,355577125270791,355577075473583,2500,274,274,355577025325416,355577058690625,355567338640625,272,generated_frame,G,1,355577060408375,0,
545,355577092121041,355577092121041,355577108602291,355577141934291,355577141937208,355577092123958,2917,274,274,355577058690625,355577058690625,355567338640625,0,real_frame,B,1,355577060408375,0,
546,355577108810791,355577108810791,355577125268291,355577158600291,355577158603749,355577108814249,3458,275,275,355577058690625,355577092121041,355567338640625,273,generated_frame,G,1,355577093791333,0,
547,355577125442166,355577125442166,355577141934291,355577175266291,355577175270166,355577125446041,3875,275,274,355577058690625,355577058690625,355567338640625,0,real_frame,B,1,355577093791333,0,
548,355577142016666,355577142016666,355577158600291,355577191932291,355577191936666,355577142021041,4375,276,276,355577092121041,355577125442166,355567338640625,274,generated_frame,G,1,355577128729416,0,
549,355577158747583,355577158747583,355577175266291,355577208598291,355577208603124,355577158752416,4833,276,275,355577092121041,355577092121041,355567338640625,0,real_frame,A,1,355577128729416,0,
550,355577175426833,355577175426833,355577191932291,355577225264291,355577225269624,355577175432166,5333,277,277,355577125442166,355577158747583,355567338640625,275,generated_frame,G,1,355577159941500,0,
551,355577192068041,355577192068041,355577208598291,355577241930291,355577241936124,355577192073874,5833,277,277,355577158747583,355577158747583,355567338640625,0,real_frame,A,1,355577159941500,0,
552,355577208725833,355577208725833,355577225264291,355577258596291,355577258602583,355577208732125,6292,278,278,355577158747583,355577192068041,355567338640625,276,generated_frame,G,1,355577193285000,0,
553,355577225457708,355577225457708,355577241930291,355577275262291,355577275269083,355577225464500,6792,278,278,355577192068041,355577192068041,355567338640625,0,real_frame,B,1,355577193285000,0,
554,355577241987416,355577241987416,355577258596291,355577291928291,355577291935541,355577241994666,7250,279,279,355577192068041,355577225457708,355567338640625,277,generated_frame,G,1,355577226833083,0,
555,355577258719583,355577258719583,355577275262291,355577308594291,355577308602124,355577258727416,7833,279,278,355577192068041,355577192068041,355567338640625,0,real_frame,B,1,355577226833083,0,
556,355577275405583,355577275405583,355577291928291,355577325260291,355577325268499,355577275413791,8208,280,280,355577225457708,355577258719583,355567338640625,278,generated_frame,G,1,355577259807833,0,
557,355577292080708,355577292080708,355577308594291,355577341926291,355577341934999,355577292089416,8708,280,280,355577258719583,355577258719583,355567338640625,0,real_frame,B,1,355577259807833,0,
558,355577308734500,355577308734500,355577325260291,355577358592291,355577358601541,355577308743750,9250,281,281,355577258719583,355577292080708,355567338640625,279,generated_frame,G,1,355577293269416,0,
559,355577325367666,355577325367666,355577341926291,355577375258291,355577375267958,355577325377333,9667,281,280,355577258719583,355577258719583,355567338640625,0,real_frame,B,1,355577293269416,0,
560,355577342068625,355577342068625,355577358592291,355577391924291,355577391934458,355577342078792,10167,282,282,355577292080708,355577325367666,355567338640625,280,generated_frame,G,1,355577326504708,0,
561,355577358744041,355577358744041,355577375258291,355577408590291,355577408600916,355577358754666,10625,282,282,355577325367666,355577325367666,355567338640625,0,real_frame,B,1,355577326504708,0,
562,355577375421416,355577375421416,355577391924291,355577425256291,355577425267416,355577375432541,11125,283,283,355577325367666,355577358744041,355567338640625,281,generated_frame,G,1,355577360196458,0,
563,355577392059666,355577392059666,355577408590291,355577441922291,355577441933874,355577392071249,11583,283,282,355577325367666,355577325367666,355567338640625,0,real_frame,B,1,355577360196458,0,
564,355577408756708,355577408756708,355577425256291,355577458588291,355577458600374,355577408768791,12083,284,284,355577358744041,355577392059666,355567338640625,282,generated_frame,G,1,355577393465125,0,
565,355577425318583,355577425318583,355577441922291,355577475254291,355577475266833,355577425331125,12542,284,283,355577358744041,355577358744041,355567338640625,0,real_frame,A,1,355577393465125,0,
566,355577441977166,355577441977166,355577458588291,355577491920291,355577491933333,355577441990208,13042,285,285,355577392059666,355577425318583,355567338640625,283,generated_frame,G,1,355577426500291,0,
567,355577458683375,355577458683375,355577475254291,355577508586291,355577508599791,355577458696875,13500,285,285,355577425318583,355577425318583,355567338640625,0,real_frame,A,1,355577426500291,0,
568,355577475367333,355577475367333,355577491920291,355577525252291,355577525266249,355577475381291,13958,286,286,355577425318583,355577458683375,355567338640625,284,generated_frame,G,1,355577459812708,0,
569,355577492063666,355577492063666,355577508586291,355577541918291,355577541932791,355577492078166,14500,286,286,355577458683375,355577458683375,355567338640625,0,real_frame,B,1,355577459812708,0,
570,355577508770458,355577508770458,355577525252291,355577558584291,355577558599249,355577508785416,14958,287,287,355577458683375,355577492063666,355567338640625,285,generated_frame,G,1,355577493378333,0,
571,355577525321583,355577525321583,355577541918291,355577575250291,355577575265749,355577525337041,15458,287,286,355577458683375,355577458683375,355567338640625,0,real_frame,B,1,355577493378333,0,
572,355577541977291,355577541977291,355577558584291,355577591916291,355577591932208,355577541993208,15917,288,288,355577492063666,355577525321583,355567338640625,286,generated_frame,G,1,355577526489458,0,
573,355577558649666,355577558649666,355577575250291,355577608582291,355577608598708,355577558666083,16417,288,288,355577525321583,355577525321583,355567338640625,0,real_frame,B,1,355577526489458,0,
574,355577575328166,355577575328166,355577591916291,355577625248291,355577625265249,355577575345124,16958,289,289,355577525321583,355577558649666,355567338640625,287,generated_frame,G,1,355577559581458,0,
575,355577592032791,355577592032791,355577608582291,355577641914291,355577641931624,355577592050124,17333,289,289,355577558649666,355577558649666,355567338640625,0,real_frame,A,1,355577559581458,0,
576,355577608672875,355577608672875,355577625248291,355577658580291,355577658598166,355577608690750,17875,290,290,355577558649666,355577592032791,355567338640625,288,generated_frame,G,1,355577593200041,0,
577,355577625339208,355577625339208,355577641914291,355577675246291,355577675264624,355577625357541,18333,290,289,355577558649666,355577558649666,355567338640625,0,real_frame,A,1,355577593200041,0,
578,355577641967833,355577641967833,355577658580291,355577691912291,355577691931124,355577641986666,18833,291,291,355577592032791,355577625339208,355567338640625,289,generated_frame,G,1,355577626351791,0,
579,355577658622458,355577658622458,355577675246291,355577708578291,355577708597624,355577658641791,19333,291,290,355577592032791,355577592032791,355567338640625,0,real_frame,B,1,355577626351791,0,
580,355577675341500,355577675341500,355577691912291,355577725244291,355577725264083,355577675361292,19792,292,292,355577625339208,355577658622458,355567338640625,290,generated_frame,G,1,355577659498291,0,
581,355577692054000,355577692054000,355577708578291,355577741910291,355577741930624,355577692074333,20333,292,292,355577658622458,355577658622458,355567338640625,0,real_frame,B,1,355577659498291,0,
582,355577708696708,355577708696708,355577725244291,355577758576291,355577758596999,355577708717416,20708,293,293,355577658622458,355577692054000,355567338640625,291,generated_frame,G,1,355577693443250,0,
583,355577725371083,355577725371083,355577741910291,355577775242291,355577775263458,355577725392250,21167,293,292,355577658622458,355577658622458,355567338640625,0,real_frame,B,1,355577693443250,0,
584,355577742045125,355577742045125,355577758576291,355577791908291,355577791929999,355577742066833,21708,294,294,355577692054000,355577725371083,355567338640625,292,generated_frame,G,1,355577726688833,0,
585,355577758713416,355577758713416,355577775242291,355577808574291,355577808596458,355577758735583,22167,294,294,355577725371083,355577725371083,355567338640625,0,real_frame,B,1,355577726688833,0,
586,355577775364791,355577775364791,355577791908291,355577825240291,355577825262958,355577775387458,22667,295,295,355577725371083,355577758713416,355567338640625,293,generated_frame,G,1,355577760277083,0,
587,355577792114750,355577792114750,355577808574291,355577841906291,355577841929458,355577792137917,23167,295,295,355577758713416,355577758713416,355567338640625,0,real_frame,A,1,355577760277083,0,
588,355577809237875,355577809237875,355577825240291,355577858572291,355577858595958,355577809261542,23667,296,296,355577758713416,355577792114750,355567338640625,294,generated_frame,G,1,355577793818750,0,
589,355577825343833,355577825343833,355577841906291,355577875238291,355577875262374,355577825367916,24083,296,295,355577758713416,355577758713416,355567338640625,0,real_frame,A,1,355577793818750,0,
590,355577841962208,355577841962208,355577858572291,355577891904291,355577891928874,355577841986791,24583,297,297,355577792114750,355577825343833,355567338640625,295,generated_frame,G,1,355577826660583,0,
591,355577858601708,355577858601708,355577875238291,355577908570291,355577908595374,355577858626791,25083,297,297,355577825343833,355577825343833,355567338640625,0,real_frame,A,1,355577826660583,0,
592,355577875356875,355577875356875,355577891904291,355577925236291,355577925261833,355577875382417,25542,298,298,355577825343833,355577858601708,355567338640625,296,generated_frame,G,1,355577859446833,0,
593,355577892020833,355577892020833,355577908570291,355577941902291,355577941928374,355577892046916,26083,298,298,355577858601708,355577858601708,355567338640625,0,real_frame,B,1,355577859446833,0,
594,355577908692541,355577908692541,355577925236291,355577958568291,355577958594833,355577908719083,26542,299,299,355577858601708,355577892020833,355567338640625,297,generated_frame,G,1,355577893350583,0,
595,355577925355375,355577925355375,355577941902291,355577975234291,355577975261249,355577925382333,26958,299,298,355577858601708,355577858601708,355567338640625,0,real_frame,B,1,355577893350583,0,
596,355577942055458,355577942055458,355577958568291,355577991900291,355577991927791,355577942082958,27500,300,300,355577892020833,355577925355375,355567338640625,298,generated_frame,G,1,355577927640791,0,
597,355577958666125,355577958666125,355577975234291,355578008566291,355578008594208,355577958694042,27917,300,299,355577892020833,355577892020833,355567338640625,0,real_frame,A,1,355577927640791,0,
598,355577975336541,355577975336541,355577991900291,355578025232291,355578025260749,355577975364999,28458,301,301,355577925355375,355577958666125,355567338640625,299,generated_frame,G,1,355577959860500,0,
599,355577991987708,355577991987708,355578008566291,355578041898291,355578041927208,355577992016625,28917,301,301,355577958666125,355577958666125,355567338640625,0,real_frame,A,1,355577959860500,0,
600,355578008702833,355578008702833,355578025232291,355578058564291,355578058593749,355578008732291,29458,302,302,355577958666125,355577991987708,355567338640625,300,generated_frame,G,1,355577993116666,0,
601,355578025316125,355578025316125,355578041898291,355578075230291,355578075260166,355578025346000,29875,302,302,355577991987708,355577991987708,355567338640625,0,real_frame,B,1,355577993116666,0,
602,355578041985458,355578041985458,355578058564291,355578091896291,355578091926666,355578042015833,30375,303,303,355577991987708,355578025316125,355567338640625,301,generated_frame,G,1,355578026416500,0,
603,355578058664833,355578058664833,355578075230291,355578108562291,355578108593208,355578058695750,30917,303,303,355578025316125,355578025316125,355567338640625,0,real_frame,A,1,355578026416500,0,
604,355578075318625,355578075318625,355578091896291,355578125228291,355578125259583,355578075349917,31292,304,304,355578025316125,355578058664833,355567338640625,302,generated_frame,G,1,355578059797541,0,
605,355578091999750,355578091999750,355578108562291,355578141894291,355578141926083,355578092031542,31792,304,303,355578025316125,355578025316125,355567338640625,0,real_frame,A,1,355578059797541,0,
606,355578108692125,355578108692125,355578125228291,355578158560291,355578158592583,355578108724417,32292,305,305,355578058664833,355578091999750,355567338640625,303,generated_frame,G,1,355578093358583,0,
607,355578125367875,355578125367875,355578141894291,355578175226291,355578175259124,355578125400708,32833,305,305,355578091999750,355578091999750,355567338640625,0,real_frame,A,1,355578093358583,0,
608,355578142017125,355578142017125,355578158560291,355578191892291,355578191925541,355578142050375,33250,306,306,355578091999750,355578125367875,355567338640625,304,generated_frame,G,1,355578126764750,0,
609,355578158703208,355578158703208,355578175226291,355578208558291,355578208591999,355578158736916,33708,306,305,355578091999750,355578091999750,355567338640625,0,real_frame,A,1,355578126764750,0,
610,355578175449250,355578175449250,355578191892291,355578225224291,355578225258499,355578175483458,34208,307,307,355578125367875,355578158703208,355567338640625,305,generated_frame,G,1,355578160153583,0,
611,355578191945666,355578191945666,355578208558291,355578241890291,355578241924999,355578191980374,34708,307,306,355578125367875,355578125367875,355567338640625,0,real_frame,B,1,355578160153583,0,
612,355578208600000,355578208600000,355578225224291,355578258556291,355578258591499,355578208635208,35208,308,308,355578158703208,355578191945666,355567338640625,306,generated_frame,G,1,355578192548458,0,
613,355578225333666,355578225333666,355578241890291,355578275222291,355578275257958,355578225369333,35667,308,308,355578191945666,355578191945666,355567338640625,0,real_frame,B,1,355578192548458,0,
614,355578242034125,355578242034125,355578258556291,355578291888291,355578291924499,355578242070333,36208,309,309,355578191945666,355578225333666,355567338640625,307,generated_frame,G,1,355578226378500,0,
615,355578258702833,355578258702833,355578275222291,355578308554291,355578308590958,355578258739500,36667,309,308,355578191945666,355578191945666,355567338640625,0,real_frame,B,1,355578226378500,0,
616,355578275353541,355578275353541,355578291888291,355578325220291,355578325257416,355578275390666,37125,310,310,355578225333666,355578258702833,355567338640625,308,generated_frame,G,1,355578259891250,0,
617,355578292030291,355578292030291,355578308554291,355578341886291,355578341923958,355578292067958,37667,310,309,355578225333666,355578225333666,355567338640625,0,real_frame,A,1,355578259891250,0,
618,355578308711416,355578308711416,355578325220291,355578358552291,355578358590416,355578308749541,38125,311,311,355578258702833,355578292030291,355567338640625,309,generated_frame,G,1,355578293399125,0,
619,355578325373791,355578325373791,355578341886291,355578375218291,355578375256833,355578325412333,38542,311,311,355578292030291,355578292030291,355567338640625,0,real_frame,A,1,355578293399125,0,
620,355578342057833,355578342057833,355578358552291,355578391884291,355578391923333,355578342096875,39042,312,312,355578292030291,355578325373791,355567338640625,310,generated_frame,G,1,355578326822916,0,
621,355578358710833,355578358710833,355578375218291,355578408550291,355578408589791,355578358750333,39500,312,311,355578292030291,355578292030291,355567338640625,0,real_frame,A,1,355578326822916,0,
622,355578375402625,355578375402625,355578391884291,355578425216291,355578425256291,355578375442625,40000,313,313,355578325373791,355578358710833,355567338640625,311,generated_frame,G,1,355578360168875,0,
623,355578392125166,355578392125166,355578408550291,355578441882291,355578441922749,355578392165624,40458,313,313,355578358710833,355578358710833,355567338640625,0,real_frame,A,1,355578360168875,0,
624,355578408787500,355578408787500,355578425216291,355578458548291,355578458589291,355578408828500,41000,314,314,355578358710833,355578392125166,355567338640625,312,generated_frame,G,1,355578393723125,0,
625,355578425389791,355578425389791,355578441882291,355578475214291,355578475255708,355578425431208,41417,314,313,355578358710833,355578358710833,355567338640625,0,real_frame,A,1,355578393723125,0,
626,355578441976500,355578441976500,355578458548291,355578491880291,355578491922249,355578442018458,41958,315,315,355578392125166,355578425389791,355567338640625,313,generated_frame,G,1,355578427050958,0,
627,355578458668000,355578458668000,355578475214291,355578508546291,355578508588666,355578458710375,42375,315,315,355578425389791,355578425389791,355567338640625,0,real_frame,A,1,355578427050958,0,
628,355578475327958,355578475327958,355578491880291,355578525212291,355578525255124,355578475370791,42833,316,316,355578425389791,355578458668000,355567338640625,314,generated_frame,G,1,355578459968791,0,
629,355578491988708,355578491988708,355578508546291,355578541878291,355578541921708,355578492032125,43417,316,316,355578458668000,355578458668000,355567338640625,0,real_frame,B,1,355578459968791,0,
630,355578508749666,355578508749666,355578525212291,355578558544291,355578558588124,355578508793499,43833,317,317,355578458668000,355578491988708,355567338640625,315,generated_frame,G,1,355578493241958,0,
631,355578525293250,355578525293250,355578541878291,355578575210291,355578575254583,355578525337542,44292,317,316,355578458668000,355578458668000,355567338640625,0,real_frame,B,1,355578493241958,0,
632,355578541965583,355578541965583,355578558544291,355578591876291,355578591921083,355578542010375,44792,318,318,355578491988708,355578525293250,355567338640625,316,generated_frame,G,1,355578526357375,0,
633,355578558661458,355578558661458,355578575210291,355578608542291,355578608587583,355578558706750,45292,318,318,355578525293250,355578525293250,355567338640625,0,real_frame,B,1,355578526357375,0,
634,355578575402291,355578575402291,355578591876291,355578625208291,355578625254041,355578575448041,45750,319,319,355578525293250,355578558661458,355567338640625,317,generated_frame,G,1,355578560150000,0,
635,355578591930666,355578591930666,355578608542291,355578641874291,355578641920499,355578591976874,46208,319,318,355578525293250,355578525293250,355567338640625,0,real_frame,B,1,355578560150000,0,
636,355578608583458,355578608583458,355578625208291,355578658540291,355578658587041,355578608630208,46750,320,320,355578558661458,355578591930666,355567338640625,318,generated_frame,G,1,355578593041208,0,
637,355578625318166,355578625318166,355578641874291,355578675206291,355578675253499,355578625365374,47208,320,320,355578591930666,355578591930666,355567338640625,0,real_frame,B,1,355578593041208,0,
638,355578641978750,355578641978750,355578658540291,355578691872291,355578691919999,355578642026458,47708,321,321,355578591930666,355578625318166,355567338640625,319,generated_frame,G,1,355578626783791,0,
639,355578658632791,355578658632791,355578675206291,355578708538291,355578708586458,355578658680958,48167,321,320,355578591930666,355578591930666,355567338640625,0,real_frame,B,1,355578626783791,0,
640,355578675320875,355578675320875,355578691872291,355578725204291,355578725252874,355578675369458,48583,322,322,355578625318166,355578658632791,355567338640625,320,generated_frame,G,1,355578659628041,0,
641,355578691987083,355578691987083,355578708538291,355578741870291,355578741919458,355578692036250,49167,322,322,355578658632791,355578658632791,355567338640625,0,real_frame,B,1,355578659628041,0,
642,355578708672041,355578708672041,355578725204291,355578758536291,355578758585874,355578708721624,49583,323,323,355578658632791,355578691987083,355567338640625,321,generated_frame,G,1,355578693298375,0,
643,355578725344625,355578725344625,355578741870291,355578775202291,355578775252374,355578725394708,50083,323,323,355578691987083,355578691987083,355567338640625,0,real_frame,A,1,355578693298375,0,
644,355578742026375,355578742026375,355578758536291,355578791868291,355578791918874,355578742076958,50583,324,324,355578691987083,355578725344625,355567338640625,322,generated_frame,G,1,355578726898166,0,
645,355578758640583,355578758640583,355578775202291,355578808534291,355578808585374,355578758691666,51083,324,323,355578691987083,355578691987083,355567338640625,0,real_frame,A,1,355578726898166,0,
646,355578775296500,355578775296500,355578791868291,355578825200291,355578825251791,355578775348000,51500,325,325,355578725344625,355578758640583,355567338640625,323,generated_frame,G,1,355578759848750,0,
647,355578791967916,355578791967916,355578808534291,355578841866291,355578841918291,355578792019916,52000,325,325,355578758640583,355578758640583,355567338640625,0,real_frame,A,1,355578759848750,0,
648,355578808625625,355578808625625,355578825200291,355578858532291,355578858584791,355578808678125,52500,326,326,355578758640583,355578791967916,355567338640625,324,generated_frame,G,1,355578793113000,0,
649,355578825297000,355578825297000,355578841866291,355578875198291,355578875251249,355578825349958,52958,326,326,355578791967916,355578791967916,355567338640625,0,real_frame,B,1,355578793113000,0,
650,355578841982375,355578841982375,355578858532291,355578891864291,355578891917749,355578842035833,53458,327,327,355578791967916,355578825297000,355567338640625,325,generated_frame,G,1,355578826385875,0,
651,355578858590250,355578858590250,355578875198291,355578908530291,355578908584249,355578858644208,53958,327,326,355578791967916,355578791967916,355567338640625,0,real_frame,B,1,355578826385875,0,
652,355578875256916,355578875256916,355578891864291,355578925196291,355578925250708,355578875311333,54417,328,328,355578825297000,355578858590250,355567338640625,326,generated_frame,G,1,355578859535583,0,
653,355578891920083,355578891920083,355578908530291,355578941862291,355578941917166,355578891974958,54875,328,328,355578858590250,355578858590250,355567338640625,0,real_frame,B,1,355578859535583,0,
654,355578908578000,355578908578000,355578925196291,355578958528291,355578958583666,355578908633375,55375,329,329,355578858590250,355578891920083,355567338640625,327,generated_frame,G,1,355578892725125,0,
655,355578925222958,355578925222958,355578941862291,355578975194291,355578975250208,355578925278875,55917,329,328,355578858590250,355578858590250,355567338640625,0,real_frame,B,1,355578892725125,0,
656,355578941891708,355578941891708,355578958528291,355578991860291,355578991916666,355578941948083,56375,330,330,355578891920083,355578925222958,355567338640625,328,generated_frame,G,1,355578925989041,0,
657,355578958607083,355578958607083,355578975194291,355579008526291,355579008583124,355578958663916,56833,330,330,355578925222958,355578925222958,355567338640625,0,real_frame,B,1,355578925989041,0,
658,355578975238708,355578975238708,355578991860291,355579025192291,355579025249624,355578975296041,57333,331,331,355578925222958,355578958607083,355567338640625,329,generated_frame,G,1,355578959385250,0,
659,355578991943125,355578991943125,355579008526291,355579041858291,355579041916124,355578992000958,57833,331,330,355578925222958,355578925222958,355567338640625,0,real_frame,B,1,355578959385250,0,
660,355579008573416,355579008573416,355579025192291,355579058524291,355579058582583,355579008631708,58292,332,332,355578958607083,355578991943125,355567338640625,330,generated_frame,G,1,355578993231833,0,
661,355579025238500,355579025238500,355579041858291,355579075190291,355579075248999,355579025297208,58708,332,331,355578958607083,355578958607083,355567338640625,0,real_frame,A,1,355578993231833,0,
662,355579041936833,355579041936833,355579058524291,355579091856291,355579091915583,355579041996125,59292,333,333,355578991943125,355579025238500,355567338640625,331,generated_frame,G,1,355579026186333,0,
663,355579058571625,355579058571625,355579075190291,355579108522291,355579108581999,355579058631333,59708,333,333,355579025238500,355579025238500,355567338640625,0,real_frame,A,1,355579026186333,0,
664,355579075293541,355579075293541,355579091856291,355579125188291,355579125248708,355579075353958,60417,334,334,355579025238500,355579058571625,355567338640625,332,generated_frame,G,1,355579059677708,0,
665,355579091937375,355579091937375,355579108522291,355579141854291,355579141914958,355579091998042,60667,334,334,355579058571625,355579058571625,355567338640625,0,real_frame,B,1,355579059677708,0,
666,355579108574916,355579108574916,355579125188291,355579158520291,355579158581499,355579108636124,61208,335,335,355579058571625,355579091937375,355567338640625,333,generated_frame,G,1,355579093306791,0,
667,355579125267208,355579125267208,355579141854291,355579175186291,355579175247916,355579125328833,61625,335,334,355579058571625,355579058571625,355567338640625,0,real_frame,B,1,355579093306791,0,
668,355579141971916,355579141971916,355579158520291,355579191852291,355579191914416,355579142034041,62125,336,336,355579091937375,355579125267208,355567338640625,334,generated_frame,G,1,355579126168500,0,
669,355579158600500,355579158600500,355579175186291,355579208518291,355579208580916,355579158663125,62625,336,336,355579125267208,355579125267208,355567338640625,0,real_frame,B,1,355579126168500,0,
670,355579175245833,355579175245833,355579191852291,355579225184291,355579225247374,355579175308916,63083,337,337,355579125267208,355579158600500,355567338640625,335,generated_frame,G,1,355579160559458,0,
671,355579191901458,355579191901458,355579208518291,355579241850291,355579241913874,355579191965041,63583,337,336,355579125267208,355579125267208,355567338640625,0,real_frame,B,1,355579160559458,0,
672,355579208574041,355579208574041,355579225184291,355579258516291,355579258580374,355579208638124,64083,338,338,355579158600500,355579191901458,355567338640625,336,generated_frame,G,1,355579192746750,0,
673,355579225231291,355579225231291,355579241850291,355579275182291,355579275246833,355579225295833,64542,338,338,355579191901458,355579191901458,355567338640625,0,real_frame,B,1,355579192746750,0,
674,355579241890208,355579241890208,355579258516291,355579291848291,355579291913291,355579241955208,65000,339,339,355579191901458,355579225231291,355567338640625,337,generated_frame,G,1,355579226064916,0,
675,355579258569875,355579258569875,355579275182291,355579308514291,355579308579749,355579258635333,65458,339,339,355579225231291,355579225231291,355567338640625,0,real_frame,A,1,355579226064916,0,
676,355579275243291,355579275243291,355579291848291,355579325180291,355579325246249,355579275309249,65958,340,340,355579225231291,355579258569875,355567338640625,338,generated_frame,G,1,355579259371375,0,
677,355579291903333,355579291903333,355579308514291,355579341846291,355579341912749,355579291969791,66458,340,339,355579225231291,355579225231291,355567338640625,0,real_frame,A,1,355579259371375,0,
678,355579308555916,355579308555916,355579325180291,355579358512291,355579358579249,355579308622874,66958,341,341,355579258569875,355579291903333,355567338640625,339,generated_frame,G,1,355579292749958,0,
679,355579325224250,355579325224250,355579341846291,355579375178291,355579375245708,355579325291667,67417,341,340,355579258569875,355579258569875,355567338640625,0,real_frame,B,1,355579292749958,0,
680,355579341878791,355579341878791,355579358512291,355579391844291,355579391912166,355579341946666,67875,342,342,355579291903333,355579325224250,355567338640625,340,generated_frame,G,1,355579326034833,0,
681,355579358567916,355579358567916,355579375178291,355579408510291,355579408578666,355579358636291,68375,342,342,355579325224250,355579325224250,355567338640625,0,real_frame,B,1,355579326034833,0,
682,355579375229458,355579375229458,355579391844291,355579425176291,355579425245124,355579375298291,68833,343,343,355579325224250,355579358567916,355567338640625,341,generated_frame,G,1,355579359382333,0,
683,355579391887500,355579391887500,355579408510291,355579441842291,355579441911666,355579391956875,69375,343,342,355579325224250,355579325224250,355567338640625,0,real_frame,B,1,355579359382333,0,
684,355579408575291,355579408575291,355579425176291,355579458508291,355579458578124,355579408645124,69833,344,344,355579358567916,355579391887500,355567338640625,342,generated_frame,G,1,355579392681875,0,
685,355579425229458,355579425229458,355579441842291,355579475174291,355579475244583,355579425299750,70292,344,344,355579391887500,355579391887500,355567338640625,0,real_frame,B,1,355579392681875,0,
686,355579441898791,355579441898791,355579458508291,355579491840291,355579491911124,355579441969624,70833,345,345,355579391887500,355579425229458,355567338640625,343,generated_frame,G,1,355579426070458,0,
687,355579458539291,355579458539291,355579475174291,355579508506291,355579508577541,355579458610541,71250,345,344,355579391887500,355579391887500,355567338640625,0,real_frame,B,1,355579426070458,0,
688,355579475205083,355579475205083,355579491840291,355579525172291,355579525244041,355579475276833,71750,346,346,355579425229458,355579458539291,355567338640625,344,generated_frame,G,1,355579459288416,0,
689,355579491939791,355579491939791,355579508506291,355579541838291,355579541910541,355579492012041,72250,346,346,355579458539291,355579458539291,355567338640625,0,real_frame,B,1,355579459288416,0,
690,355579508537291,355579508537291,355579525172291,355579558504291,355579558577041,355579508610041,72750,347,347,355579458539291,355579491939791,355567338640625,345,generated_frame,G,1,355579492746833,0,
691,355579525230250,355579525230250,355579541838291,355579575170291,355579575243499,355579525303458,73208,347,346,355579458539291,355579458539291,355567338640625,0,real_frame,B,1,355579492746833,0,
692,355579541871750,355579541871750,355579558504291,355579591836291,355579591909958,355579541945417,73667,348,348,355579491939791,355579525230250,355567338640625,346,generated_frame,G,1,355579526094708,0,
693,355579558559000,355579558559000,355579575170291,355579608502291,355579608576416,355579558633125,74125,348,348,355579525230250,355579525230250,355567338640625,0,real_frame,B,1,355579526094708,0,
694,355579575238416,355579575238416,355579591836291,355579625168291,355579625242874,355579575312999,74583,349,349,355579525230250,355579558559000,355567338640625,347,generated_frame,G,1,355579559364208,0,
695,355579591881541,355579591881541,355579608502291,355579641834291,355579641909458,355579591956708,75167,349,348,355579525230250,355579525230250,355567338640625,0,real_frame,B,1,355579559364208,0,
696,355579608537875,355579608537875,355579625168291,355579658500291,355579658575916,355579608613500,75625,350,350,355579558559000,355579591881541,355567338640625,348,generated_frame,G,1,355579592679500,0,
697,355579625207375,355579625207375,355579641834291,355579675166291,355579675242374,355579625283458,76083,350,350,355579591881541,355579591881541,355567338640625,0,real_frame,B,1,355579592679500,0,
698,355579641882833,355579641882833,355579658500291,355579691832291,355579691908833,355579641959375,76542,351,351,355579591881541,355579625207375,355567338640625,349,generated_frame,G,1,355579625992666,0,
699,355579658537250,355579658537250,355579675166291,355579708498291,355579708575333,355579658614292,77042,351,351,355579625207375,355579625207375,355567338640625,0,real_frame,A,1,355579625992666,0,
700,355579675207833,355579675207833,355579691832291,355579725164291,355579725241874,355579675285416,77583,352,352,355579625207375,355579658537250,355567338640625,350,generated_frame,G,1,355579659287791,0,
701,355579691875625,355579691875625,355579708498291,355579741830291,355579741908291,355579691953625,78000,352,352,355579658537250,355579658537250,355567338640625,0,real_frame,B,1,355579659287791,0,
702,355579708528833,355579708528833,355579725164291,355579758496291,355579758574833,355579708607375,78542,353,353,355579658537250,355579691875625,355567338640625,351,generated_frame,G,1,355579693112458,0,
703,355579725227750,355579725227750,355579741830291,355579775162291,355579775241249,355579725306708,78958,353,353,355579691875625,355579691875625,355567338640625,0,real_frame,A,1,355579693112458,0,
704,355579742117125,355579742117125,355579758496291,355579791828291,355579791907749,355579742196583,79458,354,354,355579691875625,355579725227750,355567338640625,352,generated_frame,G,1,355579726167000,0,
705,355579759147541,355579759147541,355579775162291,355579808494291,355579808574249,355579759227499,79958,354,354,355579725227750,355579725227750,355567338640625,0,real_frame,B,1,355579726167000,0,
706,355579775235625,355579775235625,355579791828291,355579825160291,355579825240666,355579775316000,80375,355,355,355579725227750,355579759147541,355567338640625,353,generated_frame,G,1,355579760043833,0,
707,355579791937166,355579791937166,355579808494291,355579841826291,355579841907208,355579792018083,80917,355,354,355579725227750,355579725227750,355567338640625,0,real_frame,B,1,355579760043833,0,
708,355579808608416,355579808608416,355579825160291,355579858492291,355579858573624,355579808689749,81333,356,356,355579759147541,355579791937166,355567338640625,354,generated_frame,G,1,355579793142083,0,
709,355579825348208,355579825348208,355579841826291,355579875158291,355579875240208,355579825430125,81917,356,356,355579791937166,355579791937166,355567338640625,0,real_frame,B,1,355579793142083,0,
710,355579841986125,355579841986125,355579858492291,355579891824291,355579891906624,355579842068458,82333,357,357,355579791937166,355579825348208,355567338640625,355,generated_frame,G,1,355579826885125,0,
711,355579858676166,355579858676166,355579875158291,355579908490291,355579908573083,355579858758958,82792,357,356,355579791937166,355579791937166,355567338640625,0,real_frame,B,1,355579826885125,0,
712,355579875313250,355579875313250,355579891824291,355579925156291,355579925239666,355579875396625,83375,358,358,355579825348208,355579858676166,355567338640625,356,generated_frame,G,1,355579860440958,0,
713,355579892018250,355579892018250,355579908490291,355579941822291,355579941906083,355579892102042,83792,358,358,355579858676166,355579858676166,355567338640625,0,real_frame,B,1,355579860440958,0,
714,355579908659625,355579908659625,355579925156291,355579958488291,355579958572541,355579908743875,84250,359,359,355579858676166,355579892018250,355567338640625,357,generated_frame,G,1,355579893761125,0,
715,355579925329458,355579925329458,355579941822291,355579975154291,355579975239041,355579925414208,84750,359,358,355579858676166,355579858676166,355567338640625,0,real_frame,B,1,355579893761125,0,
716,355579941997416,355579941997416,355579958488291,355579991820291,355579991905499,355579942082624,85208,360,360,355579892018250,355579925329458,355567338640625,358,generated_frame,G,1,355579927034625,0,
717,355579958686333,355579958686333,355579975154291,355580008486291,355580008572041,355579958772083,85750,360,360,355579925329458,355579925329458,355567338640625,0,real_frame,B,1,355579927034625,0,
718,355579975324833,355579975324833,355579991820291,355580025152291,355580025238458,355579975411000,86167,361,361,355579925329458,355579958686333,355567338640625,359,generated_frame,G,1,355579960278291,0,
719,355579991982958,355579991982958,355580008486291,355580041818291,355580041904999,355579992069666,86708,361,360,355579925329458,355579925329458,355567338640625,0,real_frame,B,1,355579960278291,0,
720,355580008653041,355580008653041,355580025152291,355580058484291,355580058571416,355580008740166,87125,362,362,355579958686333,355579991982958,355567338640625,360,generated_frame,G,1,355579993568333,0,
721,355580025281916,355580025281916,355580041818291,355580075150291,355580075237874,355580025369499,87583,362,362,355579991982958,355579991982958,355567338640625,0,real_frame,B,1,355579993568333,0,
722,355580041901416,355580041901416,355580058484291,355580091816291,355580091904374,355580041989499,88083,363,363,355579991982958,355580025281916,355567338640625,361,generated_frame,G,1,355580026746750,0,
723,355580058635583,355580058635583,355580075150291,355580108482291,355580108570874,355580058724166,88583,363,363,355580025281916,355580025281916,355567338640625,0,real_frame,A,1,355580026746750,0,
724,355580075305458,355580075305458,355580091816291,355580125148291,355580125237374,355580075394541,89083,364,364,355580025281916,355580058635583,355567338640625,362,generated_frame,G,1,355580060202291,0,
725,355580091986666,355580091986666,355580108482291,355580141814291,355580141903874,355580092076249,89583,364,363,355580025281916,355580025281916,355567338640625,0,real_frame,A,1,355580060202291,0,
726,355580108650375,355580108650375,355580125148291,355580158480291,355580158570416,355580108740500,90125,365,365,355580058635583,355580091986666,355567338640625,363,generated_frame,G,1,355580093570875,0,
727,355580125399625,355580125399625,355580141814291,355580175146291,355580175236833,355580125490167,90542,365,365,355580091986666,355580091986666,355567338640625,0,real_frame,A,1,355580093570875,0,
728,355580142006416,355580142006416,355580158480291,355580191812291,355580191903291,355580142097416,91000,366,366,355580091986666,355580125399625,355567338640625,364,generated_frame,G,1,355580127758208,0,
729,355580158650958,355580158650958,355580175146291,355580208478291,355580208569791,355580158742458,91500,366,365,355580091986666,355580091986666,355567338640625,0,real_frame,A,1,355580127758208,0,
730,355580175310958,355580175310958,355580191812291,355580225144291,355580225236291,355580175402958,92000,367,367,355580125399625,355580158650958,355567338640625,365,generated_frame,G,1,355580160438333,0,
731,355580191998291,355580191998291,355580208478291,355580241810291,355580241902708,355580192090708,92417,367,367,355580158650958,355580158650958,355567338640625,0,real_frame,A,1,355580160438333,0,
732,355580208643416,355580208643416,355580225144291,355580258476291,355580258569208,355580208736333,92917,368,368,355580158650958,355580191998291,355567338640625,366,generated_frame,G,1,355580193583500,0,
733,355580225324291,355580225324291,355580241810291,355580275142291,355580275235708,355580225417708,93417,368,367,355580158650958,355580158650958,355567338640625,0,real_frame,A,1,355580193583500,0,
734,355580241967541,355580241967541,355580258476291,355580291808291,355580291902208,355580242061458,93917,369,369,355580191998291,355580225324291,355567338640625,367,generated_frame,G,1,355580227072708,0,
735,355580258657375,355580258657375,355580275142291,355580308474291,355580308568708,355580258751792,94417,369,369,355580225324291,355580225324291,355567338640625,0,real_frame,A,1,355580227072708,0,
736,355580275317583,355580275317583,355580291808291,355580325140291,355580325235124,355580275412416,94833,370,370,355580225324291,355580258657375,355567338640625,368,generated_frame,G,1,355580260300041,0,
737,355580291964750,355580291964750,355580308474291,355580341806291,355580341901624,355580292060083,95333,370,369,355580225324291,355580225324291,355567338640625,0,real_frame,A,1,355580260300041,0,
738,355580308621916,355580308621916,355580325140291,355580358472291,355580358568124,355580308717749,95833,371,371,355580258657375,355580291964750,355567338640625,369,generated_frame,G,1,355580293444291,0,
739,355580325321083,355580325321083,355580341806291,355580375138291,355580375234541,355580325417333,96250,371,371,355580291964750,355580291964750,355567338640625,0,real_frame,A,1,355580293444291,0,
740,355580341972000,355580341972000,355580358472291,355580391804291,355580391901041,355580342068750,96750,372,372,355580291964750,355580325321083,355567338640625,370,generated_frame,G,1,355580326916583,0,
741,355580358642041,355580358642041,355580375138291,355580408470291,355580408567499,355580358739249,97208,372,371,355580291964750,355580291964750,355567338640625,0,real_frame,A,1,355580326916583,0,
742,355580375316250,355580375316250,355580391804291,355580425136291,355580425234083,355580375414042,97792,373,373,355580325321083,355580358642041,355567338640625,371,generated_frame,G,1,355580360208166,0,
743,355580391999041,355580391999041,355580408470291,355580441802291,355580441900499,355580392097249,98208,373,373,355580358642041,355580358642041,355567338640625,0,real_frame,A,1,355580360208166,0,
744,355580408635000,355580408635000,355580425136291,355580458468291,355580458566999,355580408733708,98708,374,374,355580358642041,355580391999041,355567338640625,372,generated_frame,G,1,355580393913458,0,
745,355580425268541,355580425268541,355580441802291,355580475134291,355580475233499,355580425367749,99208,374,373,355580358642041,355580358642041,355567338640625,0,real_frame,A,1,355580393913458,0,
746,355580441931000,355580441931000,355580458468291,355580491800291,355580491899958,355580442030667,99667,375,375,355580391999041,355580425268541,355567338640625,373,generated_frame,G,1,355580427039416,0,
747,355580458611208,355580458611208,355580475134291,355580508466291,355580508566458,355580458711375,100167,375,375,355580425268541,355580425268541,355567338640625,0,real_frame,A,1,355580427039416,0,
748,355580475298791,355580475298791,355580491800291,355580525132291,355580525232874,355580475399374,100583,376,376,355580425268541,355580458611208,355567338640625,374,generated_frame,G,1,355580460016250,0,
749,355580492038291,355580492038291,355580508466291,355580541798291,355580541899416,355580492139416,101125,376,376,355580458611208,355580458611208,355567338640625,0,real_frame,B,1,355580460016250,0,
750,355580508688416,355580508688416,355580525132291,355580558464291,355580558565833,355580508789958,101542,377,377,355580458611208,355580492038291,355567338640625,375,generated_frame,G,1,355580493851250,0,
751,355580525334250,355580525334250,355580541798291,355580575130291,355580575232291,355580525436250,102000,377,376,355580458611208,355580458611208,355567338640625,0,real_frame,B,1,355580493851250,0,
752,355580541849000,355580541849000,355580558464291,355580591796291,355580591898916,355580541951625,102625,378,378,355580492038291,355580525334250,355567338640625,376,generated_frame,G,1,355580530368125,0,
753,355580558553041,355580558553041,355580575130291,355580608462291,355580608565374,355580558656124,103083,378,377,355580492038291,355580492038291,355567338640625,0,real_frame,A,1,355580530368125,0,
754,355580575263541,355580575263541,355580591796291,355580625128291,355580625231791,355580575367041,103500,379,379,355580525334250,355580558553041,355567338640625,377,generated_frame,G,1,355580559540791,0,
755,355580591928625,355580591928625,355580608462291,355580641794291,355580641898249,355580592032583,103958,379,379,355580558553041,355580558553041,355567338640625,0,real_frame,A,1,355580559540791,0,
756,355580608611416,355580608611416,355580625128291,355580658460291,355580658564749,355580608715874,104458,380,380,355580558553041,355580591928625,355567338640625,378,generated_frame,G,1,355580593175958,0,
757,355580625282708,355580625282708,355580641794291,355580675126291,355580675231249,355580625387666,104958,380,379,355580558553041,355580558553041,355567338640625,0,real_frame,A,1,355580593175958,0,
758,355580641931625,355580641931625,355580658460291,355580691792291,355580691897708,355580642037042,105417,381,381,355580591928625,355580625282708,355567338640625,379,generated_frame,G,1,355580626673333,0,
759,355580658569333,355580658569333,355580675126291,355580708458291,355580708564291,355580658675333,106000,381,380,355580591928625,355580591928625,355567338640625,0,real_frame,B,1,355580626673333,0,
760,355580675262916,355580675262916,355580691792291,355580725124291,355580725230708,355580675369333,106417,382,382,355580625282708,355580658569333,355567338640625,380,generated_frame,G,1,355580659779000,0,
761,355580691921791,355580691921791,355580708458291,355580741790291,355580741897166,355580692028666,106875,382,382,355580658569333,355580658569333,355567338640625,0,real_frame,B,1,355580659779000,0,
762,355580708595833,355580708595833,355580725124291,355580758456291,355580758563708,355580708703250,107417,383,383,355580658569333,355580691921791,355567338640625,381,generated_frame,G,1,355580693264083,0,
763,355580725276666,355580725276666,355580741790291,355580775122291,355580775230083,355580725384458,107792,383,383,355580691921791,355580691921791,355567338640625,0,real_frame,A,1,355580693264083,0,
764,355580741946333,355580741946333,355580758456291,355580791788291,355580791896583,355580742054625,108292,384,384,355580691921791,355580725276666,355567338640625,382,generated_frame,G,1,355580726763416,0,
765,355580758590041,355580758590041,355580775122291,355580808454291,355580808563083,355580758698833,108792,384,383,355580691921791,355580691921791,355567338640625,0,real_frame,A,1,355580726763416,0,
766,355580775352208,355580775352208,355580791788291,355580825120291,355580825229583,355580775461500,109292,385,385,355580725276666,355580758590041,355567338640625,383,generated_frame,G,1,355580760003291,0,
767,355580791974416,355580791974416,355580808454291,355580841786291,355580841896041,355580792084166,109750,385,385,355580758590041,355580758590041,355567338640625,0,real_frame,A,1,355580760003291,0,
768,355580808714333,355580808714333,355580825120291,355580858452291,355580858562541,355580808824583,110250,386,386,355580758590041,355580791974416,355567338640625,384,generated_frame,G,1,355580793705166,0,
769,355580825298166,355580825298166,355580841786291,355580875118291,355580875228958,355580825408833,110667,386,385,355580758590041,355580758590041,355567338640625,0,real_frame,A,1,355580793705166,0,
770,355580841975291,355580841975291,355580858452291,355580891784291,355580891895499,355580842086499,111208,387,387,355580791974416,355580825298166,355567338640625,385,generated_frame,G,1,355580826943666,0,
771,355580858680750,355580858680750,355580875118291,355580908450291,355580908561999,355580858792458,111708,387,387,355580825298166,355580825298166,355567338640625,0,real_frame,A,1,355580826943666,0,
772,355580875361875,355580875361875,355580891784291,355580925116291,355580925228416,355580875474000,112125,388,388,355580825298166,355580858680750,355567338640625,386,generated_frame,G,1,355580860468625,0,
773,355580891889708,355580891889708,355580908450291,355580941782291,355580941894916,355580892002333,112625,388,387,355580825298166,355580825298166,355567338640625,0,real_frame,A,1,355580860468625,0,
774,355580908490583,355580908490583,355580925116291,355580958448291,355580958561416,355580908603708,113125,389,389,355580858680750,355580891889708,355567338640625,387,generated_frame,G,1,355580893408208,0,
775,355580925230375,355580925230375,355580941782291,355580975114291,355580975227916,355580925344000,113625,389,389,355580891889708,355580891889708,355567338640625,0,real_frame,A,1,355580893408208,0,
776,355580941876083,355580941876083,355580958448291,355580991780291,355580991894333,355580941990125,114042,390,390,355580891889708,355580925230375,355567338640625,388,generated_frame,G,1,355580927262166,0,
777,355580958572041,355580958572041,355580975114291,355581008446291,355581008560874,355580958686624,114583,390,390,355580925230375,355580925230375,355567338640625,0,real_frame,B,1,355580927262166,0,
778,355580975202583,355580975202583,355580991780291,355581025112291,355581025227374,355580975317666,115083,391,391,355580925230375,355580958572041,355567338640625,389,generated_frame,G,1,355580959546375,0,
779,355580991863875,355580991863875,355581008446291,355581041778291,355581041893833,355580991979417,115542,391,390,355580925230375,355580925230375,355567338640625,0,real_frame,B,1,355580959546375,0,
780,355581008574291,355581008574291,355581025112291,355581058444291,355581058560333,355581008690333,116042,392,392,355580958572041,355580991863875,355567338640625,390,generated_frame,G,1,355580992867791,0,
781,355581025222458,355581025222458,355581041778291,355581075110291,355581075226791,355581025338958,116500,392,392,355580991863875,355580991863875,355567338640625,0,real_frame,B,1,355580992867791,0,
782,355581041912625,355581041912625,355581058444291,355581091776291,355581091893291,355581042029625,117000,393,393,355580991863875,355581025222458,355567338640625,391,generated_frame,G,1,355581026236583,0,
783,355581058562583,355581058562583,355581075110291,355581108442291,355581108559708,355581058680000,117417,393,392,355580991863875,355580991863875,355567338640625,0,real_frame,B,1,355581026236583,0,
784,355581075217833,355581075217833,355581091776291,355581125108291,355581125226208,355581075335750,117917,394,394,355581025222458,355581058562583,355567338640625,392,generated_frame,G,1,355581059686125,0,
785,355581091888750,355581091888750,355581108442291,355581141774291,355581141892749,355581092007208,118458,394,393,355581025222458,355581025222458,355567338640625,0,real_frame,A,1,355581059686125,0,
786,355581108540958,355581108540958,355581125108291,355581158440291,355581158559166,355581108659833,118875,395,395,355581058562583,355581091888750,355567338640625,393,generated_frame,G,1,355581092974791,0,
787,355581125236791,355581125236791,355581141774291,355581175106291,355581175225666,355581125356166,119375,395,395,355581091888750,355581091888750,355567338640625,0,real_frame,A,1,355581092974791,0,
788,355581141865458,355581141865458,355581158440291,355581191772291,355581191892166,355581141985333,119875,396,396,355581091888750,355581125236791,355567338640625,394,generated_frame,G,1,355581126307166,0,
789,355581158543500,355581158543500,355581175106291,355581208438291,355581208558666,355581158663875,120375,396,395,355581091888750,355581091888750,355567338640625,0,real_frame,A,1,355581126307166,0,
790,355581175215833,355581175215833,355581191772291,355581225104291,355581225225124,355581175336666,120833,397,397,355581125236791,355581158543500,355567338640625,395,generated_frame,G,1,355581159560291,0,
791,355581191895583,355581191895583,355581208438291,355581241770291,355581241891583,355581192016875,121292,397,397,355581158543500,355581158543500,355567338640625,0,real_frame,A,1,355581159560291,0,
792,355581208565583,355581208565583,355581225104291,355581258436291,355581258558124,355581208687416,121833,398,398,355581158543500,355581191895583,355567338640625,396,generated_frame,G,1,355581193015458,0,
793,355581225222208,355581225222208,355581241770291,355581275102291,355581275224583,355581225344500,122292,398,397,355581158543500,355581158543500,355567338640625,0,real_frame,A,1,355581193015458,0,
794,355581241882458,355581241882458,355581258436291,355581291768291,355581291891083,355581242005250,122792,399,399,355581191895583,355581225222208,355567338640625,397,generated_frame,G,1,355581226343625,0,
795,355581258567666,355581258567666,355581275102291,355581308434291,355581308557499,355581258690874,123208,399,399,355581225222208,355581225222208,355567338640625,0,real_frame,A,1,355581226343625,0,
796,355581275226250,355581275226250,355581291768291,355581325100291,355581325223958,355581275349917,123667,400,400,355581225222208,355581258567666,355567338640625,398,generated_frame,G,1,355581259813416,0,
797,355581291951416,355581291951416,355581308434291,355581341766291,355581341890499,355581292075624,124208,400,400,355581258567666,355581258567666,355567338640625,0,real_frame,B,1,355581259813416,0,
798,355581308675375,355581308675375,355581325100291,355581358432291,355581358556916,355581308800000,124625,401,401,355581258567666,355581291951416,355567338640625,399,generated_frame,G,1,355581293418416,0,
799,355581325266375,355581325266375,355581341766291,355581375098291,355581375223416,355581325391500,125125,401,400,355581258567666,355581258567666,355567338640625,0,real_frame,B,1,355581293418416,0,
800,355581341903666,355581341903666,355581358432291,355581391764291,355581391889916,355581342029291,125625,402,402,355581291951416,355581325266375,355567338640625,400,generated_frame,G,1,355581326742166,0,
801,355581358620916,355581358620916,355581375098291,355581408430291,355581408556416,355581358747041,126125,402,402,355581325266375,355581325266375,355567338640625,0,real_frame,B,1,355581326742166,0,
802,355581375240041,355581375240041,355581391764291,355581425096291,355581425222874,355581375366624,126583,403,403,355581325266375,355581358620916,355567338640625,401,generated_frame,G,1,355581360235208,0,
803,355581391996625,355581391996625,355581408430291,355581441762291,355581441889374,355581392123708,127083,403,403,355581358620916,355581358620916,355567338640625,0,real_frame,A,1,355581360235208,0,
804,355581408475541,355581408475541,355581425096291,355581458428291,355581458555833,355581408603083,127542,404,404,355581358620916,355581391996625,355567338640625,402,generated_frame,G,1,355581396239291,0,
805,355581425162291,355581425162291,355581441762291,355581475094291,355581475222333,355581425290333,128042,404,403,355581358620916,355581358620916,355567338640625,0,real_frame,A,1,355581396239291,0,
806,355581441827916,355581441827916,355581458428291,355581491760291,355581491888874,355581441956499,128583,405,405,355581391996625,355581425162291,355567338640625,403,generated_frame,G,1,355581426109208,0,
807,355581458536125,355581458536125,355581475094291,355581508426291,355581508555374,355581458665208,129083,405,405,355581425162291,355581425162291,355567338640625,0,real_frame,A,1,355581426109208,0,
808,355581475209166,355581475209166,355581491760291,355581525092291,355581525221791,355581475338666,129500,406,406,355581425162291,355581458536125,355567338640625,404,generated_frame,G,1,355581459800291,0,
809,355581491875291,355581491875291,355581508426291,355581541758291,355581541888249,355581492005249,129958,406,405,355581425162291,355581425162291,355567338640625,0,real_frame,A,1,355581459800291,0,
810,355581508587458,355581508587458,355581525092291,355581558424291,355581558554749,355581508717916,130458,407,407,355581458536125,355581491875291,355567338640625,405,generated_frame,G,1,355581493135583,0,
811,355581525240250,355581525240250,355581541758291,355581575090291,355581575221208,355581525371167,130917,407,407,355581491875291,355581491875291,355567338640625,0,real_frame,A,1,355581493135583,0,
812,355581541941958,355581541941958,355581558424291,355581591756291,355581591887708,355581542073375,131417,408,408,355581491875291,355581525240250,355567338640625,406,generated_frame,G,1,355581526670958,0,
813,355581558658333,355581558658333,355581575090291,355581608422291,355581608554208,355581558790250,131917,408,408,355581525240250,355581525240250,355567338640625,0,real_frame,B,1,355581526670958,0,
814,355581575282708,355581575282708,355581591756291,355581625088291,355581625220666,355581575415083,132375,409,409,355581525240250,355581558658333,355567338640625,407,generated_frame,G,1,355581560460208,0,
815,355581592079791,355581592079791,355581608552749,355581641884749,355581641887124,355581592082166,2375,409,409,355581558658333,355581558658333,355567338640625,0,real_frame,A,1,355581560460208,0,
816,355581608686000,355581608686000,355581625218749,355581658550749,355581658553624,355581608688875,2875,410,410,355581558658333,355581592079791,355567338640625,408,generated_frame,G,1,355581593397708,0,
817,355581625373000,355581625373000,355581641884749,355581675216749,355581675220041,355581625376292,3292,410,409,355581558658333,355581558658333,355567338640625,0,real_frame,A,1,355581593397708,0,
818,355581642023875,355581642023875,355581658550749,355581691882749,355581691886666,355581642027792,3917,411,411,355581592079791,355581625373000,355567338640625,409,generated_frame,G,1,355581626828750,0,
819,355581658691625,355581658691625,355581675216749,355581708548749,355581708553041,355581658695917,4292,411,411,355581625373000,355581625373000,355567338640625,0,real_frame,A,1,355581626828750,0,
820,355581675376333,355581675376333,355581691882749,355581725214749,355581725219583,355581675381167,4834,412,412,355581625373000,355581658691625,355567338640625,410,generated_frame,G,1,355581660171458,0,
821,355581692040291,355581692040291,355581708548749,355581741880749,355581741885999,355581692045541,5250,412,412,355581658691625,355581658691625,355567338640625,0,real_frame,B,1,355581660171458,0,
822,355581708706041,355581708706041,355581725214749,355581758546749,355581758552541,355581708711833,5792,413,413,355581658691625,355581692040291,355567338640625,411,generated_frame,G,1,355581693888541,0,
823,355581725257875,355581725257875,355581741880749,355581775212749,355581775218958,355581725264084,6209,413,412,355581658691625,355581658691625,355567338640625,0,real_frame,B,1,355581693888541,0,
824,355581742021916,355581742021916,355581758546749,355581791878749,355581791885416,355581742028583,6667,414,414,355581692040291,355581725257875,355567338640625,412,generated_frame,G,1,355581726149166,0,
825,355581758651666,355581758651666,355581775212749,355581808544749,355581808551958,355581758658875,7209,414,414,355581725257875,355581725257875,355567338640625,0,real_frame,B,1,355581726149166,0,
826,355581775318458,355581775318458,355581791878749,355581825210749,355581825218458,355581775326167,7709,415,415,355581725257875,355581758651666,355567338640625,413,generated_frame,G,1,355581759791833,0,
827,355581792019333,355581792019333,355581808544749,355581841876749,355581841884916,355581792027500,8167,415,414,355581725257875,355581725257875,355567338640625,0,real_frame,B,1,355581759791833,0,
828,355581808652625,355581808652625,355581825210749,355581858542749,355581858551416,355581808661292,8667,416,416,355581758651666,355581792019333,355567338640625,414,generated_frame,G,1,355581793262666,0,
829,355581825340208,355581825340208,355581841876749,355581875208749,355581875217874,355581825349333,9125,416,415,355581758651666,355581758651666,355567338640625,0,real_frame,A,1,355581793262666,0,
830,355581842009583,355581842009583,355581858542749,355581891874749,355581891884333,355581842019167,9584,417,417,355581792019333,355581825340208,355567338640625,415,generated_frame,G,1,355581826736875,0,
831,355581858679041,355581858679041,355581875208749,355581908540749,355581908550791,355581858689083,10042,417,417,355581825340208,355581825340208,355567338640625,0,real_frame,A,1,355581826736875,0,
832,355581875353708,355581875353708,355581891874749,355581925206749,355581925217333,355581875364292,10584,418,418,355581825340208,355581858679041,355567338640625,416,generated_frame,G,1,355581860043541,0,
833,355581892080291,355581892080291,355581908540749,355581941872749,355581941883833,355581892091375,11084,418,418,355581858679041,355581858679041,355567338640625,0,real_frame,B,1,355581860043541,0,
834,355581908780791,355581908780791,355581925206749,355581958538749,355581958550291,355581908792333,11542,419,419,355581858679041,355581892080291,355567338640625,417,generated_frame,G,1,355581894027666,0,
835,355581925373791,355581925373791,355581941872749,355581975204749,355581975216833,355581925385875,12084,419,418,355581858679041,355581858679041,355567338640625,0,real_frame,B,1,355581894027666,0,
836,355581942032958,355581942032958,355581958538749,355581991870749,355581991883249,355581942045458,12500,420,420,355581892080291,355581925373791,355567338640625,418,generated_frame,G,1,355581927118208,0,
837,355581958745875,355581958745875,355581975204749,355582008536749,355582008549749,355581958758875,13000,420,420,355581925373791,355581925373791,355567338640625,0,real_frame,B,1,355581927118208,0,
838,355581975362083,355581975362083,355581991870749,355582025202749,355582025216208,355581975375542,13459,421,421,355581925373791,355581958745875,355567338640625,419,generated_frame,G,1,355581960880541,0,
839,355581991990958,355581991990958,355582008536749,355582041868749,355582041882708,355581992004917,13959,421,420,355581925373791,355581925373791,355567338640625,0,real_frame,B,1,355581960880541,0,
840,355582008642625,355582008642625,355582025202749,355582058534749,355582058549208,355582008657084,14459,422,422,355581958745875,355581991990958,355567338640625,420,generated_frame,G,1,355581993480500,0,
841,355582025255541,355582025255541,355582041868749,355582075200749,355582075215666,355582025270458,14917,422,422,355581991990958,355581991990958,355567338640625,0,real_frame,B,1,355581993480500,0,
842,355582041981416,355582041981416,355582058534749,355582091866749,355582091882083,355582041996750,15334,423,423,355581991990958,355582025255541,355567338640625,421,generated_frame,G,1,355582026126666,0,
843,355582058770791,355582058770791,355582075200749,355582108532749,355582108548583,355582058786625,15834,423,423,355582025255541,355582025255541,355567338640625,0,real_frame,A,1,355582026126666,0,
844,355582075376708,355582075376708,355582091866749,355582125198749,355582125215041,355582075393000,16292,424,424,355582025255541,355582058770791,355567338640625,422,generated_frame,G,1,355582060769041,0,
845,355582092031708,355582092031708,355582108532749,355582141864749,355582141881541,355582092048500,16792,424,423,355582025255541,355582025255541,355567338640625,0,real_frame,A,1,355582060769041,0,
846,355582108718125,355582108718125,355582125198749,355582158530749,355582158548083,355582108735459,17334,425,425,355582058770791,355582092031708,355567338640625,423,generated_frame,G,1,355582093719583,0,
847,355582125373875,355582125373875,355582141864749,355582175196749,355582175214499,355582125391625,17750,425,425,355582092031708,355582092031708,355567338640625,0,real_frame,A,1,355582093719583,0,
848,355582142015458,355582142015458,355582158530749,355582191862749,355582191880999,355582142033708,18250,426,426,355582092031708,355582125373875,355567338640625,424,generated_frame,G,1,355582127040750,0,
849,355582158693416,355582158693416,355582175196749,355582208528749,355582208547458,355582158712125,18709,426,425,355582092031708,355582092031708,355567338640625,0,real_frame,A,1,355582127040750,0,
850,355582175383500,355582175383500,355582191862749,355582225194749,355582225213999,355582175402750,19250,427,427,355582125373875,355582158693416,355567338640625,425,generated_frame,G,1,355582160267666,0,
851,355582191933750,355582191933750,355582208528749,355582241860749,355582241880541,355582191953542,19792,427,426,355582125373875,355582125373875,355567338640625,0,real_frame,B,1,355582160267666,0,
852,355582208582125,355582208582125,355582225194749,355582258526749,355582258546916,355582208602292,20167,428,428,355582158693416,355582191933750,355567338640625,426,generated_frame,G,1,355582192647041,0,
853,355582225240083,355582225240083,355582241860749,355582275192749,355582275213416,355582225260750,20667,428,428,355582191933750,355582191933750,355567338640625,0,real_frame,B,1,355582192647041,0,
854,355582241945583,355582241945583,355582258526749,355582291858749,355582291879874,355582241966708,21125,429,429,355582191933750,355582225240083,355567338640625,427,generated_frame,G,1,355582226068125,0,
855,355582258625250,355582258625250,355582275192749,355582308524749,355582308546374,355582258646875,21625,429,429,355582225240083,355582225240083,355567338640625,0,real_frame,A,1,355582226068125,0,
856,355582275302500,355582275302500,355582291858749,355582325190749,355582325212874,355582275324625,22125,430,430,355582225240083,355582258625250,355567338640625,428,generated_frame,G,1,355582259472625,0,
857,355582291966416,355582291966416,355582308524749,355582341856749,355582341879333,355582291989000,22584,430,429,355582225240083,355582225240083,355567338640625,0,real_frame,A,1,355582259472625,0,
858,355582308626500,355582308626500,355582325190749,355582358522749,355582358545833,355582308649584,23084,431,431,355582258625250,355582291966416,355567338640625,429,generated_frame,G,1,355582292884250,0,
859,355582325302583,355582325302583,355582341856749,355582375188749,355582375212333,355582325326167,23584,431,430,355582258625250,355582258625250,355567338640625,0,real_frame,B,1,355582292884250,0,
860,355582341989666,355582341989666,355582358522749,355582391854749,355582391878749,355582342013666,24000,432,432,355582291966416,355582325302583,355567338640625,430,generated_frame,G,1,355582326193541,0,
861,355582358641000,355582358641000,355582375188749,355582408520749,355582408545333,355582358665584,24584,432,432,355582325302583,355582325302583,355567338640625,0,real_frame,B,1,355582326193541,0,
862,355582375317875,355582375317875,355582391854749,355582425186749,355582425211749,355582375342875,25000,433,433,355582325302583,355582358641000,355567338640625,431,generated_frame,G,1,355582359715291,0,
863,355582391971166,355582391971166,355582408520749,355582441852749,355582441878249,355582391996666,25500,433,432,355582325302583,355582325302583,355567338640625,0,real_frame,B,1,355582359715291,0,
864,355582408711666,355582408711666,355582425186749,355582458518749,355582458544666,355582408737583,25917,434,434,355582358641000,355582391971166,355567338640625,432,generated_frame,G,1,355582393155958,0,
865,355582425366333,355582425366333,355582441852749,355582475184749,355582475211249,355582425392833,26500,434,434,355582391971166,355582391971166,355567338640625,0,real_frame,B,1,355582393155958,0,
866,355582441973583,355582441973583,355582458518749,355582491850749,355582491877708,355582442000542,26959,435,435,355582391971166,355582425366333,355567338640625,433,generated_frame,G,1,355582426881083,0,
867,355582458641833,355582458641833,355582475184749,355582508516749,355582508544124,355582458669208,27375,435,434,355582391971166,355582391971166,355567338640625,0,real_frame,B,1,355582426881083,0,
868,355582475305291,355582475305291,355582491850749,355582525182749,355582525210624,355582475333166,27875,436,436,355582425366333,355582458641833,355567338640625,434,generated_frame,G,1,355582459820625,0,
869,355582491981458,355582491981458,355582508516749,355582541848749,355582541877041,355582492009750,28292,436,436,355582458641833,355582458641833,355567338640625,0,real_frame,B,1,355582459820625,0,
870,355582508675083,355582508675083,355582525182749,355582558514749,355582558543624,355582508703958,28875,437,437,355582458641833,355582491981458,355567338640625,435,generated_frame,G,1,355582493175458,0,
871,355582525303666,355582525303666,355582541848749,355582575180749,355582575210083,355582525333000,29334,437,436,355582458641833,355582458641833,355567338640625,0,real_frame,B,1,355582493175458,0,
872,355582542001750,355582542001750,355582558514749,355582591846749,355582591876541,355582542031542,29792,438,438,355582491981458,355582525303666,355567338640625,436,generated_frame,G,1,355582526579916,0,
873,355582558770958,355582558770958,355582575180749,355582608512749,355582608552874,355582558811083,40125,438,438,355582525303666,355582525303666,355567338640625,0,real_frame,B,1,355582526579916,0,
874,355582575376458,355582575376458,355582591846749,355582625178749,355582625209499,355582575407208,30750,439,439,355582525303666,355582558770958,355567338640625,437,generated_frame,G,1,355582560537083,0,
875,355582592009625,355582592009625,355582608512749,355582641844749,355582641875999,355582592040875,31250,439,438,355582525303666,355582525303666,355567338640625,0,real_frame,B,1,355582560537083,0,
876,355582608672083,355582608672083,355582625178749,355582658510749,355582658542458,355582608703792,31709,440,440,355582558770958,355582592009625,355567338640625,438,generated_frame,G,1,355582593248833,0,
877,355582625340375,355582625340375,355582641844749,355582675176749,355582675208999,355582625372625,32250,440,440,355582592009625,355582592009625,355567338640625,0,real_frame,B,1,355582593248833,0,
878,355582641996541,355582641996541,355582658510749,355582691842749,355582691875416,355582642029208,32667,441,441,355582592009625,355582625340375,355567338640625,439,generated_frame,G,1,355582626561500,0,
879,355582658666708,355582658666708,355582675176749,355582708508749,355582708541916,355582658699875,33167,441,440,355582592009625,355582592009625,355567338640625,0,real_frame,B,1,355582626561500,0,
880,355582675383583,355582675383583,355582691842749,355582725174749,355582725208458,355582675417292,33709,442,442,355582625340375,355582658666708,355567338640625,440,generated_frame,G,1,355582659903875,0,
881,355582692016416,355582692016416,355582708508749,355582741840749,355582741874874,355582692050541,34125,442,442,355582658666708,355582658666708,355567338640625,0,real_frame,B,1,355582659903875,0,
882,355582708682166,355582708682166,355582725174749,355582758506749,355582758541374,355582708716791,34625,443,443,355582658666708,355582692016416,355567338640625,441,generated_frame,G,1,355582693721041,0,
883,355582725332000,355582725332000,355582741840749,355582775172749,355582775207874,355582725367125,35125,443,442,355582658666708,355582658666708,355567338640625,0,real_frame,B,1,355582693721041,0,
884,355582741999583,355582741999583,355582758506749,355582791838749,355582791874333,355582742035167,35584,444,444,355582692016416,355582725332000,355567338640625,442,generated_frame,G,1,355582727088666,0,
885,355582758655958,355582758655958,355582775172749,355582808504749,355582808540791,355582758692000,36042,444,444,355582725332000,355582725332000,355567338640625,0,real_frame,B,1,355582727088666,0,
886,355582775341500,355582775341500,355582791838749,355582825170749,355582825207249,355582775378000,36500,445,445,355582725332000,355582758655958,355567338640625,443,generated_frame,G,1,355582760359083,0,
887,355582791996166,355582791996166,355582808504749,355582841836749,355582841873749,355582792033166,37000,445,445,355582758655958,355582758655958,355567338640625,0,real_frame,A,1,355582760359083,0,
888,355582808675750,355582808675750,355582825170749,355582858502749,355582858540291,355582808713292,37542,446,446,355582758655958,355582791996166,355567338640625,444,generated_frame,G,1,355582793762625,0,
889,355582825376166,355582825376166,355582841836749,355582875168749,355582875206791,355582825414208,38042,446,446,355582791996166,355582791996166,355567338640625,0,real_frame,B,1,355582793762625,0,
890,355582842092375,355582842092375,355582858502749,355582891834749,355582891873208,355582842130834,38459,447,447,355582791996166,355582825376166,355567338640625,445,generated_frame,G,1,355582827840000,0,
891,355582858632958,355582858632958,355582875168749,355582908500749,355582908539708,355582858671917,38959,447,446,355582791996166,355582791996166,355567338640625,0,real_frame,B,1,355582827840000,0,
892,355582875273500,355582875273500,355582891834749,355582925166749,355582925206124,355582875312875,39375,448,448,355582825376166,355582858632958,355567338640625,446,generated_frame,G,1,355582859801333,0,
893,355582891929250,355582891929250,355582908500749,355582941832749,355582941872624,355582891969125,39875,448,448,355582858632958,355582858632958,355567338640625,0,real_frame,B,1,355582859801333,0,
894,355582908637833,355582908637833,355582925166749,355582958498749,355582958539124,355582908678208,40375,449,449,355582858632958,355582891929250,355567338640625,447,generated_frame,G,1,355582893173375,0,
895,355582925285750,355582925285750,355582941832749,355582975164749,355582975205666,355582925326667,40917,449,449,355582891929250,355582891929250,355567338640625,0,real_frame,A,1,355582893173375,0,
896,355582941996416,355582941996416,355582958498749,355582991830749,355582991872083,355582942037750,41334,450,450,355582891929250,355582925285750,355567338640625,448,generated_frame,G,1,355582926590000,0,
897,355582958673791,355582958673791,355582975164749,355583008496749,355583008538541,355582958715583,41792,450,450,355582925285750,355582925285750,355567338640625,0,real_frame,B,1,355582926590000,0,
898,355582975360708,355582975360708,355582991830749,355583025162749,355583025205124,355582975403083,42375,451,451,355582925285750,355582958673791,355567338640625,449,generated_frame,G,1,355582960353625,0,
899,355582992027708,355582992027708,355583008496749,355583041828749,355583041871499,355582992070458,42750,451,450,355582925285750,355582925285750,355567338640625,0,real_frame,B,1,355582960353625,0,
900,355583008694625,355583008694625,355583025162749,355583058494749,355583058537999,355583008737875,43250,452,452,355582958673791,355582992027708,355567338640625,450,generated_frame,G,1,355582993762875,0,
901,355583025339625,355583025339625,355583041828749,355583075160749,355583075204499,355583025383375,43750,452,451,355582958673791,355582958673791,355567338640625,0,real_frame,A,1,355582993762875,0,
902,355583042012041,355583042012041,355583058494749,355583091826749,355583091870958,355583042056250,44209,453,453,355582992027708,355583025339625,355567338640625,451,generated_frame,G,1,355583027018291,0,
903,355583058668541,355583058668541,355583075160749,355583108492749,355583108537458,355583058713250,44709,453,453,355583025339625,355583025339625,355567338640625,0,real_frame,A,1,355583027018291,0,
904,355583075342041,355583075342041,355583091826749,355583125158749,355583125203958,355583075387250,45209,454,454,355583025339625,355583058668541,355567338640625,452,generated_frame,G,1,355583060318791,0,
905,355583092018250,355583092018250,355583108492749,355583141824749,355583141870416,355583092063917,45667,454,454,355583058668541,355583058668541,355567338640625,0,real_frame,B,1,355583060318791,0,
906,355583108587000,355583108587000,355583125158749,355583158490749,355583158536916,355583108633167,46167,455,455,355583058668541,355583092018250,355567338640625,453,generated_frame,G,1,355583094228458,0,
907,355583125272250,355583125272250,355583141824749,355583175156749,355583175203333,355583125318834,46584,455,454,355583058668541,355583058668541,355567338640625,0,real_frame,B,1,355583094228458,0,
908,355583141923583,355583141923583,355583158490749,355583191822749,355583191869916,355583141970750,47167,456,456,355583092018250,355583125272250,355567338640625,454,generated_frame,G,1,355583126382875,0,
909,355583158584041,355583158584041,355583175156749,355583208488749,355583208536374,355583158631666,47625,456,456,355583125272250,355583125272250,355567338640625,0,real_frame,B,1,355583126382875,0,
910,355583175279958,355583175279958,355583191822749,355583225154749,355583225202874,355583175328083,48125,457,457,355583125272250,355583158584041,355567338640625,455,generated_frame,G,1,355583159820500,0,
911,355583191935791,355583191935791,355583208488749,355583241820749,355583241869291,355583191984333,48542,457,457,355583158584041,355583158584041,355567338640625,0,real_frame,A,1,355583159820500,0,
912,355583208599166,355583208599166,355583225154749,355583258486749,355583258535749,355583208648166,49000,458,458,355583158584041,355583191935791,355567338640625,456,generated_frame,G,1,355583193235541,0,
913,355583225276958,355583225276958,355583241820749,355583275152749,355583275202291,355583225326500,49542,458,457,355583158584041,355583158584041,355567338640625,0,real_frame,A,1,355583193235541,0,
914,355583241974875,355583241974875,355583258486749,355583291818749,355583291868749,355583242024875,50000,459,459,355583191935791,355583225276958,355567338640625,457,generated_frame,G,1,355583226650416,0,
915,355583258608916,355583258608916,355583275152749,355583308484749,355583308535249,355583258659416,50500,459,458,355583191935791,355583191935791,355567338640625,0,real_frame,B,1,355583226650416,0,
916,355583275245458,355583275245458,355583291818749,355583325150749,355583325201708,355583275296417,50959,460,460,355583225276958,355583258608916,355567338640625,458,generated_frame,G,1,355583260016750,0,
917,355583291916666,355583291916666,355583308484749,355583341816749,355583341868166,355583291968083,51417,460,459,355583225276958,355583225276958,355567338640625,0,real_frame,A,1,355583260016750,0,
918,355583308603208,355583308603208,355583325150749,355583358482749,355583358534708,355583308655167,51959,461,461,355583258608916,355583291916666,355567338640625,459,generated_frame,G,1,355583293027916,0,
919,355583325257583,355583325257583,355583341816749,355583375148749,355583375201166,355583325310000,52417,461,461,355583291916666,355583291916666,355567338640625,0,real_frame,A,1,355583293027916,0,
920,355583341966583,355583341966583,355583358482749,355583391814749,355583391867624,355583342019458,52875,462,462,355583291916666,355583325257583,355567338640625,460,generated_frame,G,1,355583326870166,0,
921,355583358578041,355583358578041,355583375148749,355583408480749,355583408534124,355583358631416,53375,462,461,355583291916666,355583291916666,355567338640625,0,real_frame,A,1,355583326870166,0,
922,355583375248500,355583375248500,355583391814749,355583425146749,355583425200624,355583375302375,53875,463,463,355583325257583,355583358578041,355567338640625,461,generated_frame,G,1,355583359712875,0,
923,355583391925625,355583391925625,355583408480749,355583441812749,355583441867124,355583391980000,54375,463,463,355583358578041,355583358578041,355567338640625,0,real_frame,A,1,355583359712875,0,
924,355583408564875,355583408564875,355583425146749,355583458478749,355583458533583,355583408619709,54834,464,464,355583358578041,355583391925625,355567338640625,462,generated_frame,G,1,355583393097833,0,
925,355583425246166,355583425246166,355583441812749,355583475144749,355583475200041,355583425301458,55292,464,463,355583358578041,355583358578041,355567338640625,0,real_frame,A,1,355583393097833,0,
926,355583441901166,355583441901166,355583458478749,355583491810749,355583491866541,355583441956958,55792,465,465,355583391925625,355583425246166,355567338640625,463,generated_frame,G,1,355583426357208,0,
927,355583458579041,355583458579041,355583475144749,355583508476749,355583508532999,355583458635291,56250,465,465,355583425246166,355583425246166,355567338640625,0,real_frame,A,1,355583426357208,0,
928,355583475279500,355583475279500,355583491810749,355583525142749,355583525199499,355583475336250,56750,466,466,355583425246166,355583458579041,355567338640625,464,generated_frame,G,1,355583459661125,0,
929,355583491917500,355583491917500,355583508476749,355583541808749,355583541865999,355583491974750,57250,466,466,355583458579041,355583458579041,355567338640625,0,real_frame,B,1,355583459661125,0,
930,355583508595416,355583508595416,355583525142749,355583558474749,355583558532416,355583508653083,57667,467,467,355583458579041,355583491917500,355567338640625,465,generated_frame,G,1,355583493025041,0,
931,355583525236875,355583525236875,355583541808749,355583575140749,355583575198958,355583525295084,58209,467,466,355583458579041,355583458579041,355567338640625,0,real_frame,B,1,355583493025041,0,
932,355583541902041,355583541902041,355583558474749,355583591806749,355583591865374,355583541960666,58625,468,468,355583491917500,355583525236875,355567338640625,466,generated_frame,G,1,355583526367333,0,
933,355583558586083,355583558586083,355583575140749,355583608472749,355583608531874,355583558645208,59125,468,468,355583525236875,355583525236875,355567338640625,0,real_frame,B,1,355583526367333,0,
934,355583575252083,355583575252083,355583591806749,355583625138749,355583625198416,355583575311750,59667,469,469,355583525236875,355583558586083,355567338640625,467,generated_frame,G,1,355583559964458,0,
935,355583591916416,355583591916416,355583608472749,355583641804749,355583641864833,355583591976500,60084,469,468,355583525236875,355583525236875,355567338640625,0,real_frame,B,1,355583559964458,0,
936,355583608592125,355583608592125,355583625138749,355583658470749,355583658531333,355583608652709,60584,470,470,355583558586083,355583591916416,355567338640625,468,generated_frame,G,1,355583593045125,0,
937,355583625246458,355583625246458,355583641804749,355583675136749,355583675197833,355583625307542,61084,470,469,355583558586083,355583558586083,355567338640625,0,real_frame,A,1,355583593045125,0,
938,355583641905458,355583641905458,355583658470749,355583691802749,355583691864249,355583641966958,61500,471,471,355583591916416,355583625246458,355567338640625,469,generated_frame,G,1,355583626337458,0,
939,355583658577916,355583658577916,355583675136749,355583708468749,355583708530749,355583658639916,62000,471,471,355583625246458,355583625246458,355567338640625,0,real_frame,A,1,355583626337458,0,
940,355583675311916,355583675311916,355583691802749,355583725134749,355583725197249,355583675374416,62500,472,472,355583625246458,355583658577916,355567338640625,470,generated_frame,G,1,355583659907375,0,
941,355583691900166,355583691900166,355583708468749,355583741800749,355583741863791,355583691963208,63042,472,471,355583625246458,355583625246458,355567338640625,0,real_frame,A,1,355583659907375,0,
942,355583708593375,355583708593375,355583725134749,355583758466749,355583758530208,355583708656834,63459,473,473,355583658577916,355583691900166,355567338640625,471,generated_frame,G,1,355583693024666,0,
943,355583725190041,355583725190041,355583741800749,355583775132749,355583775196749,355583725254041,64000,473,472,355583658577916,355583658577916,355567338640625,0,real_frame,B,1,355583693024666,0,
944,355583741834333,355583741834333,355583758466749,355583791798749,355583791863166,355583741898750,64417,474,474,355583691900166,355583725190041,355567338640625,472,generated_frame,G,1,355583726115666,0,
945,355583758596458,355583758596458,355583775132749,355583808464749,355583808529624,355583758661333,64875,474,474,355583725190041,355583725190041,355567338640625,0,real_frame,B,1,355583726115666,0,
946,355583775229500,355583775229500,355583791798749,355583825130749,355583825196124,355583775294875,65375,475,475,355583725190041,355583758596458,355567338640625,473,generated_frame,G,1,355583760426791,0,
947,355583791894291,355583791894291,355583808464749,355583841796749,355583841862583,355583791960125,65834,475,474,355583725190041,355583725190041,355567338640625,0,real_frame,B,1,355583760426791,0,
948,355583808580958,355583808580958,355583825130749,355583858462749,355583858529166,355583808647375,66417,476,476,355583758596458,355583791894291,355567338640625,474,generated_frame,G,1,355583793020541,0,
949,355583825238666,355583825238666,355583841796749,355583875128749,355583875195624,355583825305541,66875,476,476,355583791894291,355583791894291,355567338640625,0,real_frame,B,1,355583793020541,0,
950,355583841988583,355583841988583,355583858462749,355583891794749,355583891862083,355583842055917,67334,477,477,355583791894291,355583825238666,355567338640625,475,generated_frame,G,1,355583826542041,0,
951,355583858644208,355583858644208,355583875128749,355583908460749,355583908528583,355583858712042,67834,477,477,355583825238666,355583825238666,355567338640625,0,real_frame,A,1,355583826542041,0,
952,355583875336916,355583875336916,355583891794749,355583925126749,355583925194999,355583875405166,68250,478,478,355583825238666,355583858644208,355567338640625,476,generated_frame,G,1,355583860283083,0,
953,355583891966041,355583891966041,355583908460749,355583941792749,355583941861499,355583892034791,68750,478,477,355583825238666,355583825238666,355567338640625,0,real_frame,A,1,355583860283083,0,
954,355583908759625,355583908759625,355583925126749,355583958458749,355583958527958,355583908828834,69209,479,479,355583858644208,355583891966041,355567338640625,477,generated_frame,G,1,355583893620166,0,
955,355583925183666,355583925183666,355583941792749,355583975124749,355583975194541,355583925253458,69792,479,478,355583858644208,355583858644208,355567338640625,0,real_frame,B,1,355583893620166,0,
956,355583941830666,355583941830666,355583958458749,355583991790749,355583991860958,355583941900875,70209,480,480,355583891966041,355583925183666,355567338640625,478,generated_frame,G,1,355583926362666,0,
957,355583958485166,355583958485166,355583975124749,355584008456749,355584008527416,355583958555833,70667,480,480,355583925183666,355583925183666,355567338640625,0,real_frame,B,1,355583926362666,0,
958,355583975229541,355583975229541,355583991790749,355584025122749,355584025193958,355583975300750,71209,481,481,355583925183666,355583958485166,355567338640625,479,generated_frame,G,1,355583959316208,0,
959,355583992047833,355583992047833,355584008456749,355584041788749,355584041860416,355583992119500,71667,481,481,355583958485166,355583958485166,355567338640625,0,real_frame,A,1,355583959316208,0,
960,355584008552750,355584008552750,355584025122749,355584058454749,355584058526874,355584008624875,72125,482,482,355583958485166,355583992047833,355567338640625,480,generated_frame,G,1,355583993280708,0,
961,355584025237500,355584025237500,355584041788749,355584075120749,355584075193374,355584025310125,72625,482,481,355583958485166,355583958485166,355567338640625,0,real_frame,A,1,355583993280708,0,
962,355584041906958,355584041906958,355584058454749,355584091786749,355584091859833,355584041980042,73084,483,483,355583992047833,355584025237500,355567338640625,481,generated_frame,G,1,355584026378375,0,
963,355584058552125,355584058552125,355584075120749,355584108452749,355584108526333,355584058625709,73584,483,483,355584025237500,355584025237500,355567338640625,0,real_frame,A,1,355584026378375,0,
964,355584075246708,355584075246708,355584091786749,355584125118749,355584125192791,355584075320750,74042,484,484,355584025237500,355584058552125,355567338640625,482,generated_frame,G,1,355584059842083,0,
965,355584091916416,355584091916416,355584108452749,355584141784749,355584141859249,355584091990916,74500,484,484,355584058552125,355584058552125,355567338640625,0,real_frame,B,1,355584059842083,0,
966,355584108711750,355584108711750,355584125118749,355584158450749,355584158525791,355584108786792,75042,485,485,355584058552125,355584091916416,355567338640625,483,generated_frame,G,1,355584093455166,0,
967,355584125393875,355584125393875,355584141784749,355584175116749,355584175192291,355584125469417,75542,485,485,355584091916416,355584091916416,355567338640625,0,real_frame,A,1,355584093455166,0,
968,355584141923958,355584141923958,355584158450749,355584191782749,355584191858749,355584141999958,76000,486,486,355584091916416,355584125393875,355567338640625,484,generated_frame,G,1,355584127063166,0,
969,355584158562916,355584158562916,355584175116749,355584208448749,355584208525208,355584158639375,76459,486,485,355584091916416,355584091916416,355567338640625,0,real_frame,A,1,355584127063166,0,
970,355584175266166,355584175266166,355584191782749,355584225114749,355584225191708,355584175343125,76959,487,487,355584125393875,355584158562916,355567338640625,485,generated_frame,G,1,355584159713041,0,
971,355584191932000,355584191932000,355584208448749,355584241780749,355584241858166,355584192009417,77417,487,487,355584158562916,355584158562916,355567338640625,0,real_frame,A,1,355584159713041,0,
972,355584208615291,355584208615291,355584225114749,355584258446749,355584258524624,355584208693166,77875,488,488,355584158562916,355584191932000,355567338640625,486,generated_frame,G,1,355584193250708,0,
973,355584225270416,355584225270416,355584241780749,355584275112749,355584275191166,355584225348833,78417,488,487,355584158562916,355584158562916,355567338640625,0,real_frame,A,1,355584193250708,0,
974,355584241940041,355584241940041,355584258446749,355584291778749,355584291857624,355584242018916,78875,489,489,355584191932000,355584225270416,355567338640625,487,generated_frame,G,1,355584226777833,0,
975,355584258551083,355584258551083,355584275112749,355584308444749,355584308524124,355584258630458,79375,489,488,355584191932000,355584191932000,355567338640625,0,real_frame,B,1,355584226777833,0,
976,355584275220541,355584275220541,355584291778749,355584325110749,355584325190583,355584275300375,79834,490,490,355584225270416,355584258551083,355567338640625,488,generated_frame,G,1,355584259628000,0,
977,355584291895541,355584291895541,355584308444749,355584341776749,355584341857083,355584291975875,80334,490,490,355584258551083,355584258551083,355567338640625,0,real_frame,B,1,355584259628000,0,
978,355584308559916,355584308559916,355584325110749,355584358442749,355584358523541,355584308640708,80792,491,491,355584258551083,355584291895541,355567338640625,489,generated_frame,G,1,355584293203208,0,
979,355584325302375,355584325302375,355584341776749,355584375108749,355584375190041,355584325383667,81292,491,491,355584291895541,355584291895541,355567338640625,0,real_frame,A,1,355584293203208,0,
980,355584342044500,355584342044500,355584358442749,355584391774749,355584391856458,355584342126209,81709,492,492,355584291895541,355584325302375,355567338640625,490,generated_frame,G,1,355584326944125,0,
981,355584358655708,355584358655708,355584375108749,355584408440749,355584408523041,355584358738000,82292,492,491,355584291895541,355584291895541,355567338640625,0,real_frame,A,1,355584326944125,0,
982,355584375219291,355584375219291,355584391774749,355584425106749,355584425189499,355584375302041,82750,493,493,355584325302375,355584358655708,355567338640625,491,generated_frame,G,1,355584362950250,0,
983,355584391825500,355584391825500,355584408440749,355584441772749,355584441855916,355584391908667,83167,493,492,355584325302375,355584325302375,355567338640625,0,real_frame,B,1,355584362950250,0,
984,355584408494458,355584408494458,355584425106749,355584458438749,355584458522416,355584408578125,83667,494,494,355584358655708,355584391825500,355567338640625,492,generated_frame,G,1,355584392662541,0,
985,355584425154416,355584425154416,355584441772749,355584475104749,355584475188874,355584425238541,84125,494,494,355584391825500,355584391825500,355567338640625,0,real_frame,B,1,355584392662541,0,
986,355584441824083,355584441824083,355584458438749,355584491770749,355584491855374,355584441908708,84625,495,495,355584391825500,355584425154416,355567338640625,493,generated_frame,G,1,355584425976083,0,
987,355584458469375,355584458469375,355584475104749,355584508436749,355584508521874,355584458554500,85125,495,494,355584391825500,355584391825500,355567338640625,0,real_frame,B,1,355584425976083,0,
988,355584475171166,355584475171166,355584491770749,355584525102749,355584525188374,355584475256791,85625,496,496,355584425154416,355584458469375,355567338640625,494,generated_frame,G,1,355584459231666,0,
989,355584491818541,355584491818541,355584508436749,355584541768749,355584541854833,355584491904625,86084,496,496,355584458469375,355584458469375,355567338640625,0,real_frame,B,1,355584459231666,0,
990,355584508465833,355584508465833,355584525102749,355584558434749,355584558521291,355584508552375,86542,497,497,355584458469375,355584491818541,355567338640625,495,generated_frame,G,1,355584492638166,0,
991,355584525131875,355584525131875,355584541768749,355584575100749,355584575187791,355584525218917,87042,497,496,355584458469375,355584458469375,355567338640625,0,real_frame,B,1,355584492638166,0,
992,355584541800916,355584541800916,355584558434749,355584591766749,355584591854291,355584541888458,87542,498,498,355584491818541,355584525131875,355567338640625,496,generated_frame,G,1,355584525898125,0,
993,355584558475500,355584558475500,355584575100749,355584608432749,355584608520749,355584558563500,88000,498,498,355584525131875,355584525131875,355567338640625,0,real_frame,B,1,355584525898125,0,
994,355584575129333,355584575129333,355584591766749,355584625098749,355584625187249,355584575217833,88500,499,499,355584525131875,355584558475500,355567338640625,497,generated_frame,G,1,355584559260500,0,
995,355584591796791,355584591796791,355584608432749,355584641764749,355584641853708,355584591885750,88959,499,498,355584525131875,355584525131875,355567338640625,0,real_frame,B,1,355584559260500,0,
996,355584608462791,355584608462791,355584625098749,355584658430749,355584658520208,355584608552250,89459,500,500,355584558475500,355584591796791,355567338640625,498,generated_frame,G,1,355584592652250,0,
997,355584625133958,355584625133958,355584641764749,355584675096749,355584675186708,355584625223917,89959,500,500,355584591796791,355584591796791,355567338640625,0,real_frame,B,1,355584592652250,0,
998,355584641875916,355584641875916,355584658430749,355584691762749,355584691853124,355584641966291,90375,501,501,355584591796791,355584625133958,355567338640625,499,generated_frame,G,1,355584626009208,0,
999,355584658526625,355584658526625,355584675096749,355584708428749,355584708519666,355584658617542,90917,501,501,355584625133958,355584625133958,355567338640625,0,real_frame,A,1,355584626009208,0,
1000,355584675198750,355584675198750,355584691762749,355584725094749,355584725186124,355584675290125,91375,502,502,355584625133958,355584658526625,355567338640625,500,generated_frame,G,1,355584659637666,0,
1001,355584691862166,355584691862166,355584708428749,355584741760749,355584741852583,355584691954000,91834,502,501,355584625133958,355584625133958,355567338640625,0,real_frame,A,1,355584659637666,0,
1002,355584708533541,355584708533541,355584725094749,355584758426749,355584758519041,355584708625833,92292,503,503,355584658526625,355584691862166,355567338640625,501,generated_frame,G,1,355584692961791,0,
1003,355584725226375,355584725226375,355584741760749,355584775092749,355584775185583,355584725319209,92834,503,503,355584691862166,355584691862166,355567338640625,0,real_frame,A,1,355584692961791,0,
1004,355584741869625,355584741869625,355584758426749,355584791758749,355584791852083,355584741962959,93334,504,504,355584691862166,355584725226375,355567338640625,502,generated_frame,G,1,355584726744125,0,
1005,355584758522625,355584758522625,355584775092749,355584808424749,355584808518541,355584758616417,93792,504,503,355584691862166,355584691862166,355567338640625,0,real_frame,A,1,355584726744125,0,
1006,355584775195083,355584775195083,355584791758749,355584825090749,355584825184999,355584775289333,94250,505,505,355584725226375,355584758522625,355567338640625,503,generated_frame,G,1,355584759588708,0,
1007,355584791896666,355584791896666,355584808424749,355584841756749,355584841851541,355584791991458,94792,505,505,355584758522625,355584758522625,355567338640625,0,real_frame,A,1,355584759588708,0,
1008,355584808603333,355584808603333,355584825090749,355584858422749,355584858517999,355584808698583,95250,506,506,355584758522625,355584791896666,355567338640625,504,generated_frame,G,1,355584793218625,0,
1009,355584825259375,355584825259375,355584841756749,355584875088749,355584875184416,355584825355042,95667,506,505,355584758522625,355584758522625,355567338640625,0,real_frame,A,1,355584793218625,0,
1010,355584843387875,355584843387875,355584858422749,355584891754749,355584891850958,355584843484084,96209,507,507,355584791896666,355584825259375,355567338640625,505,generated_frame,G,1,355584827007625,0,
1011,355584858600000,355584858600000,355584875088749,355584908420749,355584908517416,355584858696667,96667,507,506,355584791896666,355584791896666,355567338640625,0,real_frame,B,1,355584827007625,0,
1012,355584875265375,355584875265375,355584891754749,355584925086749,355584925183916,355584875362542,97167,508,508,355584825259375,355584858600000,355567338640625,506,generated_frame,G,1,355584860227291,0,
1013,355584891955083,355584891955083,355584908420749,355584941752749,355584941850333,355584892052667,97584,508,508,355584858600000,355584858600000,355567338640625,0,real_frame,B,1,355584860227291,0,
1014,355584908623208,355584908623208,355584925086749,355584958418749,355584958516916,355584908721375,98167,509,509,355584858600000,355584891955083,355567338640625,507,generated_frame,G,1,355584893596666,0,
1015,355584925371750,355584925371750,355584941752749,355584975084749,355584975183374,355584925470375,98625,509,509,355584891955083,355584891955083,355567338640625,0,real_frame,A,1,355584893596666,0,
1016,355584941884458,355584941884458,355584958418749,355584991750749,355584991849791,355584941983500,99042,510,510,355584891955083,355584925371750,355567338640625,508,generated_frame,G,1,355584927537666,0,
1017,355584958524791,355584958524791,355584975084749,355585008416749,355585008516291,355584958624333,99542,510,509,355584891955083,355584891955083,355567338640625,0,real_frame,A,1,355584927537666,0,
1018,355584975199333,355584975199333,355584991750749,355585025082749,355585025182791,355584975299375,100042,511,511,355584925371750,355584958524791,355567338640625,509,generated_frame,G,1,355584959662666,0,
1019,355584991845000,355584991845000,355585008416749,355585041748749,355585041849333,355584991945584,100584,511,511,355584958524791,355584958524791,355567338640625,0,real_frame,A,1,355584959662666,0,
1020,355585008519416,355585008519416,355585025082749,355585058414749,355585058515749,355585008620416,101000,512,512,355584958524791,355584991845000,355567338640625,510,generated_frame,G,1,355584992962291,0,
1021,355585025169875,355585025169875,355585041748749,355585075080749,355585075182291,355585025271417,101542,512,512,355584991845000,355584991845000,355567338640625,0,real_frame,B,1,355584992962291,0,
1022,355585041839583,355585041839583,355585058414749,355585091746749,355585091848708,355585041941542,101959,513,513,355584991845000,355585025169875,355567338640625,511,generated_frame,G,1,355585026261375,0,
1023,355585058525833,355585058525833,355585075080749,355585108412749,355585108515208,355585058628292,102459,513,513,355585025169875,355585025169875,355567338640625,0,real_frame,A,1,355585026261375,0,
1024,355585075179916,355585075179916,355585091746749,355585125078749,355585125181666,355585075282833,102917,514,514,355585025169875,355585058525833,355567338640625,512,generated_frame,G,1,355585059948500,0,
1025,355585091871125,355585091871125,355585108412749,355585141744749,355585141848124,355585091974500,103375,514,513,355585025169875,355585025169875,355567338640625,0,real_frame,A,1,355585059948500,0,
1026,355585108535500,355585108535500,355585125078749,355585158410749,355585158514666,355585108639417,103917,515,515,355585058525833,355585091871125,355567338640625,513,generated_frame,G,1,355585093242916,0,
1027,355585125262541,355585125262541,355585141744749,355585175076749,355585175181083,355585125366875,104334,515,515,355585091871125,355585091871125,355567338640625,0,real_frame,A,1,355585093242916,0,
1028,355585141903041,355585141903041,355585158410749,355585191742749,355585191847583,355585142007875,104834,516,516,355585091871125,355585125262541,355567338640625,514,generated_frame,G,1,355585126783916,0,
1029,355585158518416,355585158518416,355585175076749,355585208408749,355585208514124,355585158623791,105375,516,515,355585091871125,355585091871125,355567338640625,0,real_frame,A,1,355585126783916,0,
1030,355585175179583,355585175179583,355585191742749,355585225074749,355585225180541,355585175285375,105792,517,517,355585125262541,355585158518416,355567338640625,515,generated_frame,G,1,355585159673125,0,
1031,355585191829750,355585191829750,355585208408749,355585241740749,355585241846999,355585191936000,106250,517,517,355585158518416,355585158518416,355567338640625,0,real_frame,A,1,355585159673125,0,
1032,355585208528416,355585208528416,355585225074749,355585258406749,355585258513499,355585208635166,106750,518,518,355585158518416,355585191829750,355567338640625,516,generated_frame,G,1,355585192931541,0,
1033,355585225186625,355585225186625,355585241740749,355585275072749,355585275180041,355585225293917,107292,518,518,355585191829750,355585191829750,355567338640625,0,real_frame,B,1,355585192931541,0,
1034,355585241825750,355585241825750,355585258406749,355585291738749,355585291846499,355585241933500,107750,519,519,355585191829750,355585225186625,355567338640625,517,generated_frame,G,1,355585226563541,0,
1035,355585258511750,355585258511750,355585275072749,355585308404749,355585308512958,355585258619959,108209,519,518,355585191829750,355585191829750,355567338640625,0,real_frame,B,1,355585226563541,0,
1036,355585275161458,355585275161458,355585291738749,355585325070749,355585325179458,355585275270167,108709,520,520,355585225186625,355585258511750,355567338640625,518,generated_frame,G,1,355585259689416,0,
1037,355585291822708,355585291822708,355585308404749,355585341736749,355585341845958,355585291931917,109209,520,519,355585225186625,355585225186625,355567338640625,0,real_frame,A,1,355585259689416,0,
1038,355585308542500,355585308542500,355585325070749,355585358402749,355585358512416,355585308652167,109667,521,521,355585258511750,355585291822708,355567338640625,519,generated_frame,G,1,355585292925375,0,
1039,355585325171916,355585325171916,355585341736749,355585375068749,355585375178874,355585325282041,110125,521,521,355585291822708,355585291822708,355567338640625,0,real_frame,A,1,355585292925375,0,
1040,355585341844625,355585341844625,355585358402749,355585391734749,355585391845374,355585341955250,110625,522,522,355585291822708,355585325171916,355567338640625,520,generated_frame,G,1,355585326433375,0,
1041,355585358570041,355585358570041,355585375068749,355585408400749,355585408511874,355585358681166,111125,522,522,355585325171916,355585325171916,355567338640625,0,real_frame,B,1,355585326433375,0,
1042,355585375166708,355585375166708,355585391734749,355585425066749,355585425178333,355585375278292,111584,523,523,355585325171916,355585358570041,355567338640625,521,generated_frame,G,1,355585361276458,0,
1043,355585391823208,355585391823208,355585408400749,355585441732749,355585441844791,355585391935250,112042,523,522,355585325171916,355585325171916,355567338640625,0,real_frame,B,1,355585361276458,0,
1044,355585408484250,355585408484250,355585425066749,355585458398749,355585458511333,355585408596834,112584,524,524,355585358570041,355585391823208,355567338640625,522,generated_frame,G,1,355585392915916,0,
1045,355585425152708,355585425152708,355585441732749,355585475064749,355585475177833,355585425265792,113084,524,524,355585391823208,355585391823208,355567338640625,0,real_frame,B,1,355585392915916,0,
1046,355585441862583,355585441862583,355585458398749,355585491730749,355585491844208,355585441976042,113459,525,525,355585391823208,355585425152708,355567338640625,523,generated_frame,G,1,355585426257041,0,
1047,355585458479041,355585458479041,355585475064749,355585508396749,355585508510708,355585458593000,113959,525,524,355585391823208,355585391823208,355567338640625,0,real_frame,B,1,355585426257041,0,
1048,355585475140166,355585475140166,355585491730749,355585525062749,355585525177208,355585475254625,114459,526,526,355585425152708,355585458479041,355567338640625,524,generated_frame,G,1,355585459467208,0,
1049,355585491800791,355585491800791,355585508396749,355585541728749,355585541843666,355585491915708,114917,526,525,355585425152708,355585425152708,355567338640625,0,real_frame,A,1,355585459467208,0,
1050,355585508446333,355585508446333,355585525062749,355585558394749,355585558510166,355585508561750,115417,527,527,355585458479041,355585491800791,355567338640625,525,generated_frame,G,1,355585492664500,0,
1051,355585525152041,355585525152041,355585541728749,355585575060749,355585575176666,355585525267958,115917,527,527,355585491800791,355585491800791,355567338640625,0,real_frame,A,1,355585492664500,0,
1052,355585541761041,355585541761041,355585558394749,355585591726749,355585591843166,355585541877458,116417,528,528,355585491800791,355585525152041,355567338640625,526,generated_frame,G,1,355585526012750,0,
1053,355585558430000,355585558430000,355585575060749,355585608392749,355585608509624,355585558546875,116875,528,527,355585491800791,355585491800791,355567338640625,0,real_frame,A,1,355585526012750,0,
1054,355585575084333,355585575084333,355585591726749,355585625058749,355585625176083,355585575201667,117334,529,529,355585525152041,355585558430000,355567338640625,527,generated_frame,G,1,355585559205708,0,
1055,355585591749458,355585591749458,355585608392749,355585641724749,355585641842583,355585591867292,117834,529,529,355585558430000,355585558430000,355567338640625,0,real_frame,A,1,355585559205708,0,
1056,355585608425250,355585608425250,355585625058749,355585658390749,355585658509083,355585608543584,118334,530,530,355585558430000,355585591749458,355567338640625,528,generated_frame,G,1,355585592478125,0,
1057,355585625084958,355585625084958,355585641724749,355585675056749,355585675175583,355585625203792,118834,530,530,355585591749458,355585591749458,355567338640625,0,real_frame,B,1,355585592478125,0,
1058,355585641751416,355585641751416,355585658390749,355585691722749,355585691841999,355585641870666,119250,531,531,355585591749458,355585625084958,355567338640625,529,generated_frame,G,1,355585625920333,0,
1059,355585658419416,355585658419416,355585675056749,355585708388749,355585708508583,355585658539250,119834,531,530,355585591749458,355585591749458,355567338640625,0,real_frame,B,1,355585625920333,0,
1060,355585675089750,355585675089750,355585691722749,355585725054749,355585725174999,355585675210000,120250,532,532,355585625084958,355585658419416,355567338640625,530,generated_frame,G,1,355585659281166,0,
1061,355585691806083,355585691806083,355585708388749,355585741720749,355585741841416,355585691926750,120667,532,532,355585658419416,355585658419416,355567338640625,0,real_frame,B,1,355585659281166,0,
1062,355585708470666,355585708470666,355585725054749,355585758386749,355585758507958,355585708591875,121209,533,533,355585658419416,355585691806083,355567338640625,531,generated_frame,G,1,355585692883916,0,
1063,355585725170458,355585725170458,355585741720749,355585775052749,355585775174458,355585725292167,121709,533,532,355585658419416,355585658419416,355567338640625,0,real_frame,B,1,355585692883916,0,
1064,355585741818708,355585741818708,355585758386749,355585791718749,355585791840958,355585741940917,122209,534,534,355585691806083,355585725170458,355567338640625,532,generated_frame,G,1,355585726479791,0,
1065,355585758503750,355585758503750,355585775052749,355585808384749,355585808507374,355585758626375,122625,534,533,355585691806083,355585691806083,355567338640625,0,real_frame,A,1,355585726479791,0,
1066,355585775213500,355585775213500,355585791718749,355585825050749,355585825173958,355585775336709,123209,535,535,355585725170458,355585758503750,355567338640625,533,generated_frame,G,1,355585759835458,0,
1067,355585791910000,355585791910000,355585808384749,355585841716749,355585841840333,355585792033584,123584,535,535,355585758503750,355585758503750,355567338640625,0,real_frame,A,1,355585759835458,0,
1068,355585808556291,355585808556291,355585825050749,355585858382749,355585858506791,355585808680333,124042,536,536,355585758503750,355585791910000,355567338640625,534,generated_frame,G,1,355585793597875,0,
1069,355585831631041,355585831631041,355585841716749,355585875048749,355585875173374,355585831755666,124625,536,536,355585791910000,355585791910000,355567338640625,0,real_frame,B,1,355585793597875,0,
1070,355585841749000,355585841749000,355585858382749,355585891714749,355585891839791,355585841874042,125042,537,536,355585791910000,355585791910000,355567338640625,0,real_frame,B,1,355585832760416,0,
1071,355585858561708,355585858561708,355585875048749,355585908380749,355585908506333,355585858687292,125584,537,537,355585791910000,355585831631041,355567338640625,535,generated_frame,G,1,355585832760416,0,
1072,355585875099208,355585875099208,355585891714749,355585925046749,355585925172749,355585875225208,126000,538,538,355585831631041,355585858561708,355567338640625,536,generated_frame,G,1,355585859738708,0,
1073,355585891812416,355585891812416,355585908380749,355585941712749,355585941839208,355585891938875,126459,538,538,355585858561708,355585858561708,355567338640625,0,real_frame,B,1,355585859738708,0,
1074,355585908467833,355585908467833,355585925046749,355585958378749,355585958505749,355585908594833,127000,539,539,355585858561708,355585891812416,355567338640625,537,generated_frame,G,1,355585892946500,0,
1075,355585925127041,355585925127041,355585941712749,355585975044749,355585975172208,355585925254500,127459,539,539,355585891812416,355585891812416,355567338640625,0,real_frame,A,1,355585892946500,0,
1076,355585941842458,355585941842458,355585958378749,355585991710749,355585991838666,355585941970375,127917,540,540,355585891812416,355585925127041,355567338640625,538,generated_frame,G,1,355585926256791,0,
1077,355585958512250,355585958512250,355585975044749,355586008376749,355586008505208,355585958640709,128459,540,540,355585925127041,355585925127041,355567338640625,0,real_frame,B,1,355585926256791,0,
1078,355585975148875,355585975148875,355585991710749,355586025042749,355586025171624,355585975277750,128875,541,541,355585925127041,355585958512250,355567338640625,539,generated_frame,G,1,355585959829708,0,
1079,355585991828833,355585991828833,355586008376749,355586041708749,355586041838124,355585991958208,129375,541,540,355585925127041,355585925127041,355567338640625,0,real_frame,B,1,355585959829708,0,
1080,355586008496000,355586008496000,355586025042749,355586058374749,355586058504624,355586008625875,129875,542,542,355585958512250,355585991828833,355567338640625,540,generated_frame,G,1,355585993157958,0,
1081,355586025231791,355586025231791,355586041708749,355586075040749,355586075171083,355586025362125,130334,542,542,355585991828833,355585991828833,355567338640625,0,real_frame,B,1,355585993157958,0,
1082,355586041865083,355586041865083,355586058374749,355586091706749,355586091837541,355586041995875,130792,543,543,355585991828833,355586025231791,355567338640625,541,generated_frame,G,1,355586026837375,0,
1083,355586058604208,355586058604208,355586075040749,355586108372749,355586108504041,355586058735500,131292,543,542,355585991828833,355585991828833,355567338640625,0,real_frame,B,1,355586026837375,0,
1084,355586075206041,355586075206041,355586091706749,355586125038749,355586125170541,355586075337833,131792,544,544,355586025231791,355586058604208,355567338640625,542,generated_frame,G,1,355586060292291,0,
1085,355586091890208,355586091890208,355586108372749,355586141704749,355586141837083,355586092022542,132334,544,543,355586025231791,355586025231791,355567338640625,0,real_frame,A,1,355586060292291,0,
1086,355586108670000,355586108670000,355586125169041,355586158501041,355586158503499,355586108672458,2458,545,545,355586058604208,355586091890208,355567338640625,543,generated_frame,G,1,355586093608500,0,
1087,355586125322583,355586125322583,355586141835041,355586175167041,355586175169999,355586125325541,2958,545,545,355586091890208,355586091890208,355567338640625,0,real_frame,A,1,355586093608500,0,
1088,355586141974458,355586141974458,355586158501041,355586191833041,355586191836416,355586141977833,3375,546,546,355586091890208,355586125322583,355567338640625,544,generated_frame,G,1,355586127055125,0,
1089,355586158655708,355586158655708,355586175167041,355586208499041,355586208502916,355586158659583,3875,546,545,355586091890208,355586091890208,355567338640625,0,real_frame,A,1,355586127055125,0,
1090,355586175387875,355586175387875,355586191833041,355586225165041,355586225169416,355586175392250,4375,547,547,355586125322583,355586158655708,355567338640625,545,generated_frame,G,1,355586160401666,0,
1091,355586191898208,355586191898208,355586208499041,355586241831041,355586241835916,355586191903083,4875,547,546,355586125322583,355586125322583,355567338640625,0,real_frame,B,1,355586160401666,0,
1092,355586208540416,355586208540416,355586225165041,355586258497041,355586258502416,355586208545791,5375,548,548,355586158655708,355586191898208,355567338640625,546,generated_frame,G,1,355586192997333,0,
1093,355586225233708,355586225233708,355586241831041,355586275163041,355586275168833,355586225239500,5792,548,548,355586191898208,355586191898208,355567338640625,0,real_frame,B,1,355586192997333,0,
1094,355586241912208,355586241912208,355586258497041,355586291829041,355586291835333,355586241918500,6292,549,549,355586191898208,355586225233708,355567338640625,547,generated_frame,G,1,355586226250041,0,
1095,355586258575958,355586258575958,355586275163041,355586308495041,355586308501833,355586258582750,6792,549,549,355586225233708,355586225233708,355567338640625,0,real_frame,A,1,355586226250041,0,
1096,355586275257333,355586275257333,355586291829041,355586325161041,355586325168333,355586275264625,7292,550,550,355586225233708,355586258575958,355567338640625,548,generated_frame,G,1,355586259635583,0,
1097,355586291925250,355586291925250,355586308495041,355586341827041,355586341834833,355586291933042,7792,550,550,355586258575958,355586258575958,355567338640625,0,real_frame,B,1,355586259635583,0,
1098,355586308594916,355586308594916,355586325161041,355586358493041,355586358501291,355586308603166,8250,551,551,355586258575958,355586291925250,355567338640625,549,generated_frame,G,1,355586293187583,0,
1099,355586325286791,355586325286791,355586341827041,355586375159041,355586375167791,355586325295541,8750,551,551,355586291925250,355586291925250,355567338640625,0,real_frame,A,1,355586293187583,0,
1100,355586341979041,355586341979041,355586358493041,355586391825041,355586391834249,355586341988249,9208,552,552,355586291925250,355586325286791,355567338640625,550,generated_frame,G,1,355586326641166,0,
1101,355586358612750,355586358612750,355586375159041,355586408491041,355586408500708,355586358622417,9667,552,551,355586291925250,355586291925250,355567338640625,0,real_frame,A,1,355586326641166,0,
1102,355586375281958,355586375281958,355586391825041,355586425157041,355586425167208,355586375292125,10167,553,553,355586325286791,355586358612750,355567338640625,551,generated_frame,G,1,355586360023583,0,
1103,355586391957583,355586391957583,355586408491041,355586441823041,355586441833708,355586391968250,10667,553,553,355586358612750,355586358612750,355567338640625,0,real_frame,A,1,355586360023583,0,
1104,355586408663666,355586408663666,355586425157041,355586458489041,355586458500208,355586408674833,11167,554,554,355586358612750,355586391957583,355567338640625,552,generated_frame,G,1,355586393434208,0,
1105,355586425288083,355586425288083,355586441823041,355586475155041,355586475166666,355586425299708,11625,554,553,355586358612750,355586358612750,355567338640625,0,real_frame,A,1,355586393434208,0,
1106,355586441933416,355586441933416,355586458489041,355586491821041,355586491833083,355586441945458,12042,555,555,355586391957583,355586425288083,355567338640625,553,generated_frame,G,1,355586426643541,0,
1107,355586458615666,355586458615666,355586475155041,355586508487041,355586508499583,355586458628208,12542,555,554,355586391957583,355586391957583,355567338640625,0,real_frame,B,1,355586426643541,0,
1108,355586475283666,355586475283666,355586491821041,355586525153041,355586525166041,355586475296666,13000,556,556,355586425288083,355586458615666,355567338640625,554,generated_frame,G,1,355586459842250,0,
1109,355586491923916,355586491923916,355586508487041,355586541819041,355586541832583,355586491937458,13542,556,555,355586425288083,355586425288083,355567338640625,0,real_frame,A,1,355586459842250,0,
1110,355586508598875,355586508598875,355586525153041,355586558485041,355586558499041,355586508612875,14000,557,557,355586458615666,355586491923916,355567338640625,555,generated_frame,G,1,355586493238583,0,
1111,355586525310833,355586525310833,355586541819041,355586575151041,355586575165541,355586525325333,14500,557,557,355586491923916,355586491923916,355567338640625,0,real_frame,A,1,355586493238583,0,
1112,355586541982750,355586541982750,355586558485041,355586591817041,355586591831999,355586541997708,14958,558,558,355586491923916,355586525310833,355567338640625,556,generated_frame,G,1,355586526818333,0,
1113,355586558673500,355586558673500,355586575151041,355586608483041,355586608498499,355586558688958,15458,558,557,355586491923916,355586491923916,355567338640625,0,real_frame,A,1,355586526818333,0,
1114,355586575269875,355586575269875,355586591817041,355586625149041,355586625164958,355586575285792,15917,559,559,355586525310833,355586558673500,355567338640625,557,generated_frame,G,1,355586560382375,0,
1115,355586591966291,355586591966291,355586608483041,355586641815041,355586641831416,355586591982666,16375,559,558,355586525310833,355586525310833,355567338640625,0,real_frame,B,1,355586560382375,0,
1116,355586608672125,355586608672125,355586625149041,355586658481041,355586658497916,355586608689000,16875,560,560,355586558673500,355586591966291,355567338640625,558,generated_frame,G,1,355586593475833,0,
1117,355586625323541,355586625323541,355586641815041,355586675147041,355586675164416,355586625340916,17375,560,560,355586591966291,355586591966291,355567338640625,0,real_frame,B,1,355586593475833,0,
1118,355586641970333,355586641970333,355586658481041,355586691813041,355586691830833,355586641988125,17792,561,561,355586591966291,355586625323541,355567338640625,559,generated_frame,G,1,355586626871291,0,
1119,355586658631041,355586658631041,355586675147041,355586708479041,355586708497374,355586658649374,18333,561,560,355586591966291,355586591966291,355567338640625,0,real_frame,B,1,355586626871291,0,
1120,355586675326125,355586675326125,355586691813041,355586725145041,355586725163833,355586675344917,18792,562,562,355586625323541,355586658631041,355567338640625,560,generated_frame,G,1,355586660004541,0,
1121,355586691983250,355586691983250,355586708479041,355586741811041,355586741830291,355586692002500,19250,562,562,355586658631041,355586658631041,355567338640625,0,real_frame,B,1,355586660004541,0,
1122,355586708668833,355586708668833,355586725145041,355586758477041,355586758496791,355586708688583,19750,563,563,355586658631041,355586691983250,355567338640625,561,generated_frame,G,1,355586693697458,0,
1123,355586725318000,355586725318000,355586741811041,355586775143041,355586775163333,355586725338292,20292,563,562,355586658631041,355586658631041,355567338640625,0,real_frame,B,1,355586693697458,0,
1124,355586742010250,355586742010250,355586758477041,355586791809041,355586791829791,355586742031000,20750,564,564,355586691983250,355586725318000,355567338640625,562,generated_frame,G,1,355586726930750,0,
1125,355586758638291,355586758638291,355586775143041,355586808475041,355586808496208,355586758659458,21167,564,563,355586691983250,355586691983250,355567338640625,0,real_frame,A,1,355586726930750,0,
1126,355586775324500,355586775324500,355586791809041,355586825141041,355586825162708,355586775346167,21667,565,565,355586725318000,355586758638291,355567338640625,563,generated_frame,G,1,355586760285250,0,
1127,355586791993500,355586791993500,355586808475041,355586841807041,355586841829208,355586792015667,22167,565,565,355586758638291,355586758638291,355567338640625,0,real_frame,A,1,355586760285250,0,
1128,355586808809166,355586808809166,355586825141041,355586858473041,355586858495666,355586808831791,22625,566,566,355586758638291,355586791993500,355567338640625,564,generated_frame,G,1,355586793645583,0,
1129,355586825253083,355586825253083,355586841807041,355586875139041,355586875162208,355586825276250,23167,566,565,355586758638291,355586758638291,355567338640625,0,real_frame,A,1,355586793645583,0,
1130,355586841913000,355586841913000,355586858473041,355586891805041,355586891828666,355586841936625,23625,567,567,355586791993500,355586825253083,355567338640625,565,generated_frame,G,1,355586826370250,0,
1131,355586858555791,355586858555791,355586875139041,355586908471041,355586908495124,355586858579874,24083,567,567,355586825253083,355586825253083,355567338640625,0,real_frame,A,1,355586826370250,0,
1132,355586875229625,355586875229625,355586891805041,355586925137041,355586925161583,355586875254167,24542,568,568,355586825253083,355586858555791,355567338640625,566,generated_frame,G,1,355586859512333,0,
1133,355586891901958,355586891901958,355586908471041,355586941803041,355586941828083,355586891927000,25042,568,568,355586858555791,355586858555791,355567338640625,0,real_frame,B,1,355586859512333,0,
1134,355586908580666,355586908580666,355586925137041,355586958469041,355586958494541,355586908606166,25500,569,569,355586858555791,355586891901958,355567338640625,567,generated_frame,G,1,355586893052166,0,
1135,355586925261000,355586925261000,355586941803041,355586975135041,355586975161041,355586925287000,26000,569,569,355586891901958,355586891901958,355567338640625,0,real_frame,A,1,355586893052166,0,
1136,355586941920375,355586941920375,355586958469041,355586991801041,355586991827541,355586941946875,26500,570,570,355586891901958,355586925261000,355567338640625,568,generated_frame,G,1,355586926481500,0,
1137,355586958586583,355586958586583,355586975135041,355587008467041,355587008494041,355586958613583,27000,570,569,355586891901958,355586891901958,355567338640625,0,real_frame,A,1,355586926481500,0,
1138,355586975322375,355586975322375,355586991801041,355587025133041,355587025160499,355586975349833,27458,571,571,355586925261000,355586958586583,355567338640625,569,generated_frame,G,1,355586959914000,0,
1139,355586991974625,355586991974625,355587008467041,355587041799041,355587041826958,355586992002542,27917,571,571,355586958586583,355586958586583,355567338640625,0,real_frame,A,1,355586959914000,0,
1140,355587008628625,355587008628625,355587025133041,355587058465041,355587058493499,355587008657083,28458,572,572,355586958586583,355586991974625,355567338640625,570,generated_frame,G,1,355586993640000,0,
1141,355587025346583,355587025346583,355587041799041,355587075131041,355587075159916,355587025375458,28875,572,571,355586958586583,355586958586583,355567338640625,0,real_frame,A,1,355586993640000,0,
1142,355587041967958,355587041967958,355587058465041,355587091797041,355587091826458,355587041997375,29417,573,573,355586991974625,355587025346583,355567338640625,571,generated_frame,G,1,355587027013875,0,
1143,355587058672750,355587058672750,355587075131041,355587108463041,355587108492916,355587058702625,29875,573,572,355586991974625,355586991974625,355567338640625,0,real_frame,B,1,355587027013875,0,
1144,355587075298625,355587075298625,355587091797041,355587125129041,355587125159374,355587075328958,30333,574,574,355587025346583,355587058672750,355567338640625,572,generated_frame,G,1,355587060309833,0,
1145,355587091996916,355587091996916,355587108463041,355587141795041,355587141825874,355587092027749,30833,574,573,355587025346583,355587025346583,355567338640625,0,real_frame,A,1,355587060309833,0,
1146,355587108652625,355587108652625,355587125129041,355587158461041,355587158492291,355587108683875,31250,575,575,355587058672750,355587091996916,355567338640625,573,generated_frame,G,1,355587093699416,0,
1147,355587125254208,355587125254208,355587141795041,355587175127041,355587175158874,355587125286041,31833,575,574,355587058672750,355587058672750,355567338640625,0,real_frame,B,1,355587093699416,0,
1148,355587141894166,355587141894166,355587158461041,355587191793041,355587191825291,355587141926416,32250,576,576,355587091996916,355587125254208,355567338640625,574,generated_frame,G,1,355587126838791,0,
1149,355587158547666,355587158547666,355587175127041,355587208459041,355587208491791,355587158580416,32750,576,576,355587125254208,355587125254208,355567338640625,0,real_frame,B,1,355587126838791,0,
1150,355587175214333,355587175214333,355587191793041,355587225125041,355587225158291,355587175247583,33250,577,577,355587125254208,355587158547666,355567338640625,575,generated_frame,G,1,355587159627541,0,
1151,355587191903375,355587191903375,355587208459041,355587241791041,355587241824708,355587191937042,33667,577,577,355587158547666,355587158547666,355567338640625,0,real_frame,A,1,355587159627541,0,
1152,355587208566208,355587208566208,355587225125041,355587258457041,355587258491291,355587208600458,34250,578,578,355587158547666,355587191903375,355567338640625,576,generated_frame,G,1,355587193201791,0,
1153,355587225241041,355587225241041,355587241791041,355587275123041,355587275157708,355587225275708,34667,578,577,355587158547666,355587158547666,355567338640625,0,real_frame,A,1,355587193201791,0,
1154,355587245269791,355587245269791,355587258457041,355587291789041,355587291824166,355587245304916,35125,579,579,355587191903375,355587225241041,355567338640625,577,generated_frame,G,1,355587226615958,0,
1155,355587258523166,355587258523166,355587275123041,355587308455041,355587308490708,355587258558833,35667,579,578,355587191903375,355587191903375,355567338640625,0,real_frame,B,1,355587226615958,0,
1156,355587275180125,355587275180125,355587291789041,355587325121041,355587325157166,355587275216250,36125,580,580,355587225241041,355587258523166,355567338640625,578,generated_frame,G,1,355587259620333,0,
1157,355587291873583,355587291873583,355587308455041,355587341787041,355587341823708,355587291910250,36667,580,580,355587258523166,355587258523166,355567338640625,0,real_frame,B,1,355587259620333,0,
1158,355587308570166,355587308570166,355587325121041,355587358453041,355587358490083,355587308607208,37042,581,581,355587258523166,355587291873583,355567338640625,579,generated_frame,G,1,355587292943666,0,
1159,355587325243250,355587325243250,355587341787041,355587375119041,355587375156624,355587325280833,37583,581,581,355587291873583,355587291873583,355567338640625,0,real_frame,A,1,355587292943666,0,
1160,355587341908375,355587341908375,355587358453041,355587391785041,355587391823041,355587341946375,38000,582,582,355587291873583,355587325243250,355567338640625,580,generated_frame,G,1,355587326574083,0,
1161,355587358581708,355587358581708,355587375119041,355587408451041,355587408489541,355587358620208,38500,582,581,355587291873583,355587291873583,355567338640625,0,real_frame,A,1,355587326574083,0,
1162,355587375295791,355587375295791,355587391785041,355587425117041,355587425156041,355587375334791,39000,583,583,355587325243250,355587358581708,355567338640625,581,generated_frame,G,1,355587359930541,0,
1163,355587391966833,355587391966833,355587408451041,355587441783041,355587441822583,355587392006375,39542,583,583,355587358581708,355587358581708,355567338640625,0,real_frame,A,1,355587359930541,0,
1164,355587408610375,355587408610375,355587425117041,355587458449041,355587458488999,355587408650333,39958,584,584,355587358581708,355587391966833,355567338640625,582,generated_frame,G,1,355587393885666,0,
1165,355587425276875,355587425276875,355587441783041,355587475115041,355587475155458,355587425317292,40417,584,583,355587358581708,355587358581708,355567338640625,0,real_frame,A,1,355587393885666,0,
1166,355587441955875,355587441955875,355587458449041,355587491781041,355587491821958,355587441996792,40917,585,585,355587391966833,355587425276875,355567338640625,583,generated_frame,G,1,355587427098000,0,
1167,355587458681791,355587458681791,355587475115041,355587508447041,355587508488458,355587458723208,41417,585,585,355587425276875,355587425276875,355567338640625,0,real_frame,A,1,355587427098000,0,
1168,355587475328250,355587475328250,355587491781041,355587525113041,355587525154916,355587475370125,41875,586,586,355587425276875,355587458681791,355567338640625,584,generated_frame,G,1,355587460748958,0,
1169,355587491870125,355587491870125,355587508447041,355587541779041,355587541821374,355587491912458,42333,586,585,355587425276875,355587425276875,355567338640625,0,real_frame,A,1,355587460748958,0,
1170,355587508551750,355587508551750,355587525113041,355587558445041,355587558487874,355587508594583,42833,587,587,355587458681791,355587491870125,355567338640625,585,generated_frame,G,1,355587492958916,0,
1171,355587525239916,355587525239916,355587541779041,355587575111041,355587575154416,355587525283291,43375,587,587,355587491870125,355587491870125,355567338640625,0,real_frame,A,1,355587492958916,0,
1172,355587542177750,355587542177750,355587558445041,355587591777041,355587591820874,355587542221583,43833,588,588,355587491870125,355587525239916,355567338640625,586,generated_frame,G,1,355587526537291,0,
1173,355587558583541,355587558583541,355587575111041,355587608443041,355587608487374,355587558627874,44333,588,587,355587491870125,355587491870125,355567338640625,0,real_frame,A,1,355587526537291,0,
1174,355587575208916,355587575208916,355587591777041,355587625109041,355587625153874,355587575253749,44833,589,589,355587525239916,355587558583541,355567338640625,587,generated_frame,G,1,355587560058333,0,
1175,355587591871875,355587591871875,355587608443041,355587641775041,355587641820291,355587591917125,45250,589,588,355587525239916,355587525239916,355567338640625,0,real_frame,B,1,355587560058333,0,
1176,355587608555291,355587608555291,355587625109041,355587658441041,355587658486749,355587608600999,45708,590,590,355587558583541,355587591871875,355567338640625,588,generated_frame,G,1,355587592951166,0,
1177,355587625228583,355587625228583,355587641775041,355587675107041,355587675153291,355587625274833,46250,590,590,355587591871875,355587591871875,355567338640625,0,real_frame,B,1,355587592951166,0,
1178,355587641886500,355587641886500,355587658441041,355587691773041,355587691819749,355587641933208,46708,591,591,355587591871875,355587625228583,355567338640625,589,generated_frame,G,1,355587626535041,0,
1179,355587658560083,355587658560083,355587675107041,355587708439041,355587708486208,355587658607250,47167,591,590,355587591871875,355587591871875,355567338640625,0,real_frame,B,1,355587626535041,0,
1180,355587675274125,355587675274125,355587691773041,355587725105041,355587725152749,355587675321833,47708,592,592,355587625228583,355587658560083,355567338640625,590,generated_frame,G,1,355587659913166,0,
1181,355587691955291,355587691955291,355587708439041,355587741771041,355587741819208,355587692003458,48167,592,592,355587658560083,355587658560083,355567338640625,0,real_frame,B,1,355587659913166,0,
1182,355587708617416,355587708617416,355587725105041,355587758437041,355587758485666,355587708666041,48625,593,593,355587658560083,355587691955291,355567338640625,591,generated_frame,G,1,355587693556416,0,
1183,355587725302500,355587725302500,355587741771041,355587775103041,355587775152124,355587725351583,49083,593,592,355587658560083,355587658560083,355567338640625,0,real_frame,B,1,355587693556416,0,
1184,355587741952125,355587741952125,355587758437041,355587791769041,355587791818624,355587742001708,49583,594,594,355587691955291,355587725302500,355567338640625,592,generated_frame,G,1,355587727025625,0,
1185,355587758588750,355587758588750,355587775103041,355587808435041,355587808485166,355587758638875,50125,594,593,355587691955291,355587691955291,355567338640625,0,real_frame,A,1,355587727025625,0,
1186,355587775239666,355587775239666,355587791769041,355587825101041,355587825151541,355587775290166,50500,595,595,355587725302500,355587758588750,355567338640625,593,generated_frame,G,1,355587760174000,0,
1187,355587791872875,355587791872875,355587808435041,355587841767041,355587841818083,355587791923917,51042,595,594,355587725302500,355587725302500,355567338640625,0,real_frame,B,1,355587760174000,0,
1188,355587808567291,355587808567291,355587825101041,355587858433041,355587858484541,355587808618791,51500,596,596,355587758588750,355587791872875,355567338640625,594,generated_frame,G,1,355587793199958,0,
1189,355587825278333,355587825278333,355587841767041,355587875099041,355587875150999,355587825330291,51958,596,596,355587791872875,355587791872875,355567338640625,0,real_frame,B,1,355587793199958,0,
1190,355587841933875,355587841933875,355587858433041,355587891765041,355587891817541,355587841986375,52500,597,597,355587791872875,355587825278333,355567338640625,595,generated_frame,G,1,355587826949166,0,
1191,355587858638541,355587858638541,355587875099041,355587908431041,355587908483958,355587858691458,52917,597,596,355587791872875,355587791872875,355567338640625,0,real_frame,B,1,355587826949166,0,
1192,355587875272291,355587875272291,355587891765041,355587925097041,355587925150499,355587875325749,53458,598,598,355587825278333,355587858638541,355567338640625,596,generated_frame,G,1,355587860301333,0,
1193,355587891963083,355587891963083,355587908431041,355587941763041,355587941816916,355587892016958,53875,598,597,355587825278333,355587825278333,355567338640625,0,real_frame,A,1,355587860301333,0,
1194,355587908640458,355587908640458,355587925097041,355587958429041,355587958483416,355587908694833,54375,599,599,355587858638541,355587891963083,355567338640625,597,generated_frame,G,1,355587893794958,0,
1195,355587925319333,355587925319333,355587941763041,355587975095041,355587975149916,355587925374208,54875,599,599,355587891963083,355587891963083,355567338640625,0,real_frame,A,1,355587893794958,0,
1196,355587942006125,355587942006125,355587958429041,355587991761041,355587991816374,355587942061458,55333,600,600,355587891963083,355587925319333,355567338640625,598,generated_frame,G,1,355587927166208,0,
1197,355587958521083,355587958521083,355587975095041,355588008427041,355588008482874,355587958576916,55833,600,599,355587891963083,355587891963083,355567338640625,0,real_frame,A,1,355587927166208,0,
1198,355587975195791,355587975195791,355587991761041,355588025093041,355588025149333,355587975252083,56292,601,601,355587925319333,355587958521083,355567338640625,599,generated_frame,G,1,355587959604958,0,
1199,355587991870291,355587991870291,355588008427041,355588041759041,355588041815874,355587991927124,56833,601,601,355587958521083,355587958521083,355567338640625,0,real_frame,A,1,355587959604958,0,
1200,355588008549375,355588008549375,355588025093041,355588058425041,355588058482333,355588008606667,57292,602,602,355587958521083,355587991870291,355567338640625,600,generated_frame,G,1,355587993154291,0,
1201,355588025249083,355588025249083,355588041759041,355588075091041,355588075148791,355588025306833,57750,602,602,355587991870291,355587991870291,355567338640625,0,real_frame,B,1,355587993154291,0,
1202,355588041911500,355588041911500,355588058425041,355588091757041,355588091815291,355588041969750,58250,603,603,355587991870291,355588025249083,355567338640625,601,generated_frame,G,1,355588026738958,0,
1203,355588058516166,355588058516166,355588075091041,355588108423041,355588108481749,355588058574874,58708,603,602,355587991870291,355587991870291,355567338640625,0,real_frame,B,1,355588026738958,0,
1204,355588075188916,355588075188916,355588091757041,355588125089041,355588125148249,355588075248124,59208,604,604,355588025249083,355588058516166,355567338640625,602,generated_frame,G,1,355588059604875,0,
1205,355588091877708,355588091877708,355588108423041,355588141755041,355588141814749,355588091937416,59708,604,604,355588058516166,355588058516166,355567338640625,0,real_frame,B,1,355588059604875,0,
1206,355588108521666,355588108521666,355588125089041,355588158421041,355588158481249,355588108581874,60208,605,605,355588058516166,355588091877708,355567338640625,603,generated_frame,G,1,355588093164416,0,
1207,355588125219458,355588125219458,355588141755041,355588175087041,355588175147708,355588125280125,60667,605,604,355588058516166,355588058516166,355567338640625,0,real_frame,B,1,355588093164416,0,
1208,355588141915666,355588141915666,355588158421041,355588191753041,355588191814166,355588141976791,61125,606,606,355588091877708,355588125219458,355567338640625,604,generated_frame,G,1,355588126539458,0,
1209,355588162560416,355588162560416,355588175087041,355588208419041,355588208480666,355588162622041,61625,606,606,355588125219458,355588125219458,355567338640625,0,real_frame,B,1,355588126539458,0,
1210,355588175162000,355588175162000,355588191753041,355588225085041,355588225147166,355588175224125,62125,607,607,355588125219458,355588162560416,355567338640625,605,generated_frame,G,1,355588165204375,0,
1211,355588191827583,355588191827583,355588208419041,355588241751041,355588241813624,355588191890166,62583,607,606,355588125219458,355588125219458,355567338640625,0,real_frame,B,1,355588165204375,0,
1212,355588208450666,355588208450666,355588225085041,355588258417041,355588258480041,355588208513666,63000,608,608,355588162560416,355588191827583,355567338640625,606,generated_frame,G,1,355588192773666,0,
1213,355588225226166,355588225226166,355588241751041,355588275083041,355588275146624,355588225289749,63583,608,608,355588191827583,355588191827583,355567338640625,0,real_frame,B,1,355588192773666,0,
1214,355588241844041,355588241844041,355588258417041,355588291749041,355588291812999,355588241907999,63958,609,609,355588191827583,355588225226166,355567338640625,607,generated_frame,G,1,355588226665875,0,
1215,355588258520750,355588258520750,355588275083041,355588308415041,355588308479541,355588258585250,64500,609,608,355588191827583,355588191827583,355567338640625,0,real_frame,B,1,355588226665875,0,
1216,355588275222916,355588275222916,355588291749041,355588325081041,355588325146041,355588275287916,65000,610,610,355588225226166,355588258520750,355567338640625,608,generated_frame,G,1,355588259860416,0,
1217,355588291854250,355588291854250,355588308415041,355588341747041,355588341812541,355588291919750,65500,610,610,355588258520750,355588258520750,355567338640625,0,real_frame,B,1,355588259860416,0,
1218,355588308502708,355588308502708,355588325081041,355588358413041,355588358478999,355588308568666,65958,611,611,355588258520750,355588291854250,355567338640625,609,generated_frame,G,1,355588293046208,0,
1219,355588325161458,355588325161458,355588341747041,355588375079041,355588375145416,355588325227833,66375,611,610,355588258520750,355588258520750,355567338640625,0,real_frame,B,1,355588293046208,0,
1220,355588341855500,355588341855500,355588358413041,355588391745041,355588391811999,355588341922458,66958,612,612,355588291854250,355588325161458,355567338640625,610,generated_frame,G,1,355588326292833,0,
1221,355588358529125,355588358529125,355588375079041,355588408411041,355588408478374,355588358596458,67333,612,612,355588325161458,355588325161458,355567338640625,0,real_frame,B,1,355588326292833,0,
1222,355588375187291,355588375187291,355588391745041,355588425077041,355588425144916,355588375255166,67875,613,613,355588325161458,355588358529125,355567338640625,611,generated_frame,G,1,355588359843958,0,
1223,355588391854791,355588391854791,355588408411041,355588441743041,355588441811374,355588391923124,68333,613,612,355588325161458,355588325161458,355567338640625,0,real_frame,B,1,355588359843958,0,
1224,355588408526291,355588408526291,355588425077041,355588458409041,355588458477833,355588408595083,68792,614,614,355588358529125,355588391854791,355567338640625,612,generated_frame,G,1,355588393319416,0,
1225,355588425192458,355588425192458,355588441743041,355588475075041,355588475144374,355588425261791,69333,614,614,355588391854791,355588391854791,355567338640625,0,real_frame,B,1,355588393319416,0,
1226,355588441907458,355588441907458,355588458409041,355588491741041,355588491810833,355588441977250,69792,615,615,355588391854791,355588425192458,355567338640625,613,generated_frame,G,1,355588426691125,0,
1227,355588458561583,355588458561583,355588475075041,355588508407041,355588508477291,355588458631833,70250,615,615,355588425192458,355588425192458,355567338640625,0,real_frame,A,1,355588426691125,0,
1228,355588475224708,355588475224708,355588491741041,355588525073041,355588525143791,355588475295458,70750,616,616,355588425192458,355588458561583,355567338640625,614,generated_frame,G,1,355588460096041,0,
1229,355588491828083,355588491828083,355588508407041,355588541739041,355588541810208,355588491899250,71167,616,615,355588425192458,355588425192458,355567338640625,0,real_frame,A,1,355588460096041,0,
1230,355588508493458,355588508493458,355588525073041,355588558405041,355588558476749,355588508565166,71708,617,617,355588458561583,355588491828083,355567338640625,615,generated_frame,G,1,355588493012125,0,
1231,355588525171541,355588525171541,355588541739041,355588575071041,355588575143208,355588525243708,72167,617,617,355588491828083,355588491828083,355567338640625,0,real_frame,A,1,355588493012125,0,
1232,355588541840708,355588541840708,355588558405041,355588591737041,355588591809791,355588541913458,72750,618,618,355588491828083,355588525171541,355567338640625,616,generated_frame,G,1,355588526273000,0,
1233,355588558502250,355588558502250,355588575071041,355588608403041,355588608476208,355588558575417,73167,618,617,355588491828083,355588491828083,355567338640625,0,real_frame,A,1,355588526273000,0,
1234,355588575167416,355588575167416,355588591737041,355588625069041,355588625142666,355588575241041,73625,619,619,355588525171541,355588558502250,355567338640625,617,generated_frame,G,1,355588559614666,0,
1235,355588591867208,355588591867208,355588608403041,355588641735041,355588641809166,355588591941333,74125,619,619,355588558502250,355588558502250,355567338640625,0,real_frame,A,1,355588559614666,0,
1236,355588608494208,355588608494208,355588625069041,355588658401041,355588658475666,355588608568833,74625,620,620,355588558502250,355588591867208,355567338640625,618,generated_frame,G,1,355588593223458,0,
1237,355588625199916,355588625199916,355588641735041,355588675067041,355588675142124,355588625274999,75083,620,619,355588558502250,355588558502250,355567338640625,0,real_frame,A,1,355588593223458,0,
1238,355588641835041,355588641835041,355588658401041,355588691733041,355588691808583,355588641910583,75542,621,621,355588591867208,355588625199916,355567338640625,619,generated_frame,G,1,355588626323083,0,
1239,355588658494250,355588658494250,355588675067041,355588708399041,355588708475083,355588658570292,76042,621,620,355588591867208,355588591867208,355567338640625,0,real_frame,B,1,355588626323083,0,
1240,355588677816166,355588677816166,355588691733041,355588725065041,355588725141583,355588677892708,76542,622,622,355588625199916,355588658494250,355567338640625,620,generated_frame,G,1,355588659567500,0,
1241,355588691793333,355588691793333,355588708399041,355588741731041,355588741807999,355588691870291,76958,622,622,355588658494250,355588658494250,355567338640625,0,real_frame,B,1,355588659567500,0,
1242,355588708498666,355588708498666,355588725065041,355588758397041,355588758474499,355588708576124,77458,623,623,355588658494250,355588691793333,355567338640625,621,generated_frame,G,1,355588692863000,0,
1243,355588725240875,355588725240875,355588741731041,355588775063041,355588775140999,355588725318833,77958,623,623,355588691793333,355588691793333,355567338640625,0,real_frame,A,1,355588692863000,0,
1244,355588741820666,355588741820666,355588758397041,355588791729041,355588791807541,355588741899166,78500,624,624,355588691793333,355588725240875,355567338640625,622,generated_frame,G,1,355588726941125,0,
1245,355588758580041,355588758580041,355588775063041,355588808395041,355588808473958,355588758658958,78917,624,623,355588691793333,355588691793333,355567338640625,0,real_frame,A,1,355588726941125,0,
1246,355588775265000,355588775265000,355588791729041,355588825061041,355588825140458,355588775344417,79417,625,625,355588725240875,355588758580041,355567338640625,623,generated_frame,G,1,355588760238208,0,
1247,355588791924625,355588791924625,355588808395041,355588841727041,355588841806958,355588792004542,79917,625,625,355588758580041,355588758580041,355567338640625,0,real_frame,A,1,355588760238208,0,
1248,355588808583125,355588808583125,355588825061041,355588858393041,355588858473416,355588808663500,80375,626,626,355588758580041,355588791924625,355567338640625,624,generated_frame,G,1,355588793543750,0,
1249,355588825252125,355588825252125,355588841727041,355588875059041,355588875139874,355588825332958,80833,626,625,355588758580041,355588758580041,355567338640625,0,real_frame,A,1,355588793543750,0,
1250,355588841960791,355588841960791,355588858393041,355588891725041,355588891806374,355588842042124,81333,627,627,355588791924625,355588825252125,355567338640625,625,generated_frame,G,1,355588827055708,0,
1251,355588858495041,355588858495041,355588875059041,355588908391041,355588908472874,355588858576874,81833,627,626,355588791924625,355588791924625,355567338640625,0,real_frame,B,1,355588827055708,0,
1252,355588875159166,355588875159166,355588891725041,355588925057041,355588925139333,355588875241458,82292,628,628,355588825252125,355588858495041,355567338640625,626,generated_frame,G,1,355588859617875,0,
1253,355588891851000,355588891851000,355588908391041,355588941723041,355588941805874,355588891933833,82833,628,628,355588858495041,355588858495041,355567338640625,0,real_frame,B,1,355588859617875,0,
1254,355588908505416,355588908505416,355588925057041,355588958389041,355588958472249,355588908588624,83208,629,629,355588858495041,355588891851000,355567338640625,627,generated_frame,G,1,355588893170666,0,
1255,355588925230458,355588925230458,355588941723041,355588975055041,355588975138791,355588925314208,83750,629,629,355588891851000,355588891851000,355567338640625,0,real_frame,A,1,355588893170666,0,
1256,355588941835708,355588941835708,355588958389041,355588991721041,355588991805291,355588941919958,84250,630,630,355588891851000,355588925230458,355567338640625,628,generated_frame,G,1,355588926769750,0,
1257,355588958478416,355588958478416,355588975055041,355589008387041,355589008471708,355588958563083,84667,630,629,355588891851000,355588891851000,355567338640625,0,real_frame,A,1,355588926769750,0,
1258,355588975145000,355588975145000,355588991721041,355589025053041,355589025138291,355588975230250,85250,631,631,355588925230458,355588958478416,355567338640625,629,generated_frame,G,1,355588959618041,0,
1259,355588991817208,355588991817208,355589008387041,355589041719041,355589041804708,355588991902875,85667,631,631,355588958478416,355588958478416,355567338640625,0,real_frame,A,1,355588959618041,0,
1260,355589008522000,355589008522000,355589025053041,355589058385041,355589058471166,355589008608125,86125,632,632,355588958478416,355588991817208,355567338640625,630,generated_frame,G,1,355588993112375,0,
1261,355589025134958,355589025134958,355589041719041,355589075051041,355589075137624,355589025221541,86583,632,631,355588958478416,355588958478416,355567338640625,0,real_frame,A,1,355588993112375,0,
1262,355589041792958,355589041792958,355589058385041,355589091717041,355589091804124,355589041880041,87083,633,633,355588991817208,355589025134958,355567338640625,631,generated_frame,G,1,355589026216541,0,
1263,355589058497041,355589058497041,355589075051041,355589108383041,355589108470624,355589058584624,87583,633,633,355589025134958,355589025134958,355567338640625,0,real_frame,A,1,355589026216541,0,
1264,355589075110416,355589075110416,355589091717041,355589125049041,355589125137083,355589075198458,88042,634,634,355589025134958,355589058497041,355567338640625,632,generated_frame,G,1,355589061101333,0,
1265,355589091792583,355589091792583,355589108383041,355589141715041,355589141803624,355589091881166,88583,634,633,355589025134958,355589025134958,355567338640625,0,real_frame,A,1,355589061101333,0,
1266,355589108452666,355589108452666,355589125049041,355589158381041,355589158470041,355589108541666,89000,635,635,355589058497041,355589091792583,355567338640625,633,generated_frame,G,1,355589092840708,0,
1267,355589125151375,355589125151375,355589141715041,355589175047041,355589175136499,355589125240833,89458,635,635,355589091792583,355589091792583,355567338640625,0,real_frame,A,1,355589092840708,0,
1268,355589141798250,355589141798250,355589158381041,355589191713041,355589191803083,355589141888292,90042,636,636,355589091792583,355589125151375,355567338640625,634,generated_frame,G,1,355589126430208,0,
1269,355589158481208,355589158481208,355589175047041,355589208379041,355589208469458,355589158571625,90417,636,635,355589091792583,355589091792583,355567338640625,0,real_frame,A,1,355589126430208,0,
1270,355589175181166,355589175181166,355589191713041,355589225045041,355589225135999,355589175272124,90958,637,637,355589125151375,355589158481208,355567338640625,635,generated_frame,G,1,355589159804416,0,
1271,355589199614916,355589199614916,355589208379041,355589241711041,355589241802458,355589199706333,91417,637,637,355589158481208,355589158481208,355567338640625,0,real_frame,A,1,355589159804416,0,
1272,355589208413875,355589208413875,355589225045041,355589258377041,355589258468958,355589208505792,91917,638,637,355589158481208,355589158481208,355567338640625,0,real_frame,A,1,355589201532666,0,
1273,355589225100125,355589225100125,355589241711041,355589275043041,355589275135458,355589225192542,92417,638,638,355589158481208,355589199614916,355567338640625,636,generated_frame,G,1,355589201532666,0,
1274,355589241768458,355589241768458,355589258377041,355589291709041,355589291801874,355589241861291,92833,639,639,355589199614916,355589225100125,355567338640625,637,generated_frame,G,1,355589226054791,0,
1275,355589258451166,355589258451166,355589275043041,355589308375041,355589308468374,355589258544499,93333,639,639,355589225100125,355589225100125,355567338640625,0,real_frame,A,1,355589226054791,0,
1276,355589275138041,355589275138041,355589291709041,355589325041041,355589325134833,355589275231833,93792,640,640,355589225100125,355589258451166,355567338640625,638,generated_frame,G,1,355589259482708,0,
1277,355589291803000,355589291803000,355589308375041,355589341707041,355589341801416,355589291897375,94375,640,640,355589258451166,355589258451166,355567338640625,0,real_frame,B,1,355589259482708,0,
1278,355589308481000,355589308481000,355589325041041,355589358373041,355589358467833,355589308575792,94792,641,641,355589258451166,355589291803000,355567338640625,639,generated_frame,G,1,355589293098166,0,
1279,355589325158875,355589325158875,355589341707041,355589375039041,355589375134333,355589325254167,95292,641,641,355589291803000,355589291803000,355567338640625,0,real_frame,A,1,355589293098166,0,
1280,355589341817708,355589341817708,355589358373041,355589391705041,355589391800791,355589341913458,95750,642,642,355589291803000,355589325158875,355567338640625,640,generated_frame,G,1,355589326524916,0,
1281,355589358531791,355589358531791,355589375039041,355589408371041,355589408467291,355589358628041,96250,642,642,355589325158875,355589325158875,355567338640625,0,real_frame,B,1,355589326524916,0,
1282,355589375159416,355589375159416,355589391705041,355589425037041,355589425133749,355589375256124,96708,643,643,355589325158875,355589358531791,355567338640625,641,generated_frame,G,1,355589360147041,0,
1283,355589391870041,355589391870041,355589408371041,355589441703041,355589441800249,355589391967249,97208,643,642,355589325158875,355589325158875,355567338640625,0,real_frame,B,1,355589360147041,0,
1284,355589408521125,355589408521125,355589425037041,355589458369041,355589458466708,355589408618792,97667,644,644,355589358531791,355589391870041,355567338640625,642,generated_frame,G,1,355589393495916,0,
1285,355589425098750,355589425098750,355589441703041,355589475035041,355589475133208,355589425196917,98167,644,643,355589358531791,355589358531791,355567338640625,0,real_frame,A,1,355589393495916,0,
1286,355589441796750,355589441796750,355589458369041,355589491701041,355589491799708,355589441895417,98667,645,645,355589391870041,355589425098750,355567338640625,643,generated_frame,G,1,355589425984875,0,
1287,355589458462916,355589458462916,355589475035041,355589508367041,355589508466124,355589458561999,99083,645,645,355589425098750,355589425098750,355567338640625,0,real_frame,A,1,355589425984875,0,
1288,355589475134333,355589475134333,355589491701041,355589525033041,355589525132666,355589475233958,99625,646,646,355589425098750,355589458462916,355567338640625,644,generated_frame,G,1,355589459478375,0,
1289,355589491805291,355589491805291,355589508367041,355589541699041,355589541799124,355589491905374,100083,646,645,355589425098750,355589425098750,355567338640625,0,real_frame,A,1,355589459478375,0,
1290,355589508477208,355589508477208,355589525033041,355589558365041,355589558465583,355589508577750,100542,647,647,355589458462916,355589491805291,355567338640625,645,generated_frame,G,1,355589493116416,0,
1291,355589525135625,355589525135625,355589541699041,355589575031041,355589575132166,355589525236750,101125,647,646,355589458462916,355589458462916,355567338640625,0,real_frame,B,1,355589493116416,0,
1292,355589541812500,355589541812500,355589558365041,355589591697041,355589591798583,355589541914042,101542,648,648,355589491805291,355589525135625,355567338640625,646,generated_frame,G,1,355589526488416,0,
1293,355589558524625,355589558524625,355589575031041,355589608363041,355589608465041,355589558626625,102000,648,648,355589525135625,355589525135625,355567338640625,0,real_frame,B,1,355589526488416,0,
1294,355589575206875,355589575206875,355589591697041,355589625029041,355589625131499,355589575309333,102458,649,649,355589525135625,355589558524625,355567338640625,647,generated_frame,G,1,355589559978125,0,
1295,355589591900416,355589591900416,355589608363041,355589641695041,355589641797999,355589592003374,102958,649,648,355589525135625,355589525135625,355567338640625,0,real_frame,B,1,355589559978125,0,
1296,355589608390708,355589608390708,355589625029041,355589658361041,355589658464499,355589608494166,103458,650,650,355589558524625,355589591900416,355567338640625,648,generated_frame,G,1,355589598147250,0,
1297,355589625080791,355589625080791,355589641695041,355589675027041,355589675130958,355589625184708,103917,650,649,355589558524625,355589558524625,355567338640625,0,real_frame,A,1,355589598147250,0,
1298,355589641758541,355589641758541,355589658361041,355589691693041,355589691797541,355589641863041,104500,651,651,355589591900416,355589625080791,355567338640625,649,generated_frame,G,1,355589625992791,0,
1299,355589658453916,355589658453916,355589675027041,355589708359041,355589708463958,355589658558833,104917,651,651,355589625080791,355589625080791,355567338640625,0,real_frame,A,1,355589625992791,0,
1300,355589675140833,355589675140833,355589691693041,355589725025041,355589725130416,355589675246208,105375,652,652,355589625080791,355589658453916,355567338640625,650,generated_frame,G,1,355589659712333,0,
1301,355589691793250,355589691793250,355589708359041,355589741691041,355589741796916,355589691899125,105875,652,651,355589625080791,355589625080791,355567338640625,0,real_frame,A,1,355589659712333,0,
1302,355589708492958,355589708492958,355589725025041,355589758357041,355589758463333,355589708599250,106292,653,653,355589658453916,355589691793250,355567338640625,651,generated_frame,G,1,355589693166708,0,
1303,355589725149583,355589725149583,355589741691041,355589775023041,355589775129916,355589725256458,106875,653,653,355589691793250,355589691793250,355567338640625,0,real_frame,A,1,355589693166708,0,
1304,355589741816208,355589741816208,355589758357041,355589791689041,355589791796333,355589741923500,107292,654,654,355589691793250,355589725149583,355567338640625,652,generated_frame,G,1,355589726561083,0,
1305,355589758556708,355589758556708,355589775023041,355589808355041,355589808462791,355589758664458,107750,654,654,355589725149583,355589725149583,355567338640625,0,real_frame,B,1,355589726561083,0,
1306,355589775115583,355589775115583,355589791689041,355589825021041,355589825129333,355589775223875,108292,655,655,355589725149583,355589758556708,355567338640625,653,generated_frame,G,1,355589760514708,0,
1307,355589791783833,355589791783833,355589808355041,355589841687041,355589841795791,355589791892583,108750,655,654,355589725149583,355589725149583,355567338640625,0,real_frame,B,1,355589760514708,0,
1308,355589808463500,355589808463500,355589825021041,355589858353041,355589858462291,355589808572750,109250,656,656,355589758556708,355589791783833,355567338640625,654,generated_frame,G,1,355589792864458,0,
1309,355589825120208,355589825120208,355589841687041,355589875019041,355589875128749,355589825229916,109708,656,656,355589791783833,355589791783833,355567338640625,0,real_frame,B,1,355589792864458,0,
1310,355589841789166,355589841789166,355589858353041,355589891685041,355589891795291,355589841899416,110250,657,657,355589791783833,355589825120208,355567338640625,655,generated_frame,G,1,355589826449916,0,
1311,355589858448125,355589858448125,355589875019041,355589908351041,355589908461749,355589858558833,110708,657,656,355589791783833,355589791783833,355567338640625,0,real_frame,B,1,355589826449916,0,
1312,355589875116333,355589875116333,355589891685041,355589925017041,355589925128166,355589875227458,111125,658,658,355589825120208,355589858448125,355567338640625,656,generated_frame,G,1,355589859809916,0,
1313,355589891846333,355589891846333,355589908351041,355589941683041,355589941794666,355589891957958,111625,658,658,355589858448125,355589858448125,355567338640625,0,real_frame,B,1,355589859809916,0,
1314,355589908485625,355589908485625,355589925017041,355589958349041,355589958461124,355589908597708,112083,659,659,355589858448125,355589891846333,355567338640625,657,generated_frame,G,1,355589893491291,0,
1315,355589925164125,355589925164125,355589941683041,355589975015041,355589975127666,355589925276750,112625,659,658,355589858448125,355589858448125,355567338640625,0,real_frame,B,1,355589893491291,0,
1316,355589941890000,355589941890000,355589958349041,355589991681041,355589991794124,355589942003083,113083,660,660,355589891846333,355589925164125,355567338640625,658,generated_frame,G,1,355589926841791,0,
1317,355589958375500,355589958375500,355589975015041,355590008347041,355590008460583,355589958489042,113542,660,659,355589891846333,355589891846333,355567338640625,0,real_frame,A,1,355589926841791,0,
1318,355589975089916,355589975089916,355589991681041,355590025013041,355590025127083,355589975203958,114042,661,661,355589925164125,355589958375500,355567338640625,659,generated_frame,G,1,355589959203375,0,
1319,355589991743083,355589991743083,355590008347041,355590041679041,355590041793541,355589991857583,114500,661,661,355589958375500,355589958375500,355567338640625,0,real_frame,A,1,355589959203375,0,
1320,355590008428166,355590008428166,355590025013041,355590058345041,355590058459999,355590008543124,114958,662,662,355589958375500,355589991743083,355567338640625,660,generated_frame,G,1,355589992781500,0,
1321,355590025134416,355590025134416,355590041679041,355590075011041,355590075126499,355590025249874,115458,662,662,355589991743083,355589991743083,355567338640625,0,real_frame,B,1,355589992781500,0,
1322,355590041798250,355590041798250,355590058345041,355590091677041,355590091793041,355590041914250,116000,663,663,355589991743083,355590025134416,355567338640625,661,generated_frame,G,1,355590026421708,0,
1323,355590058449833,355590058449833,355590075011041,355590108343041,355590108459458,355590058566250,116417,663,662,355589991743083,355589991743083,355567338640625,0,real_frame,B,1,355590026421708,0,
1324,355590075167833,355590075167833,355590091677041,355590125009041,355590125125958,355590075284750,116917,664,664,355590025134416,355590058449833,355567338640625,662,generated_frame,G,1,355590059827291,0,
1325,355590091847625,355590091847625,355590108343041,355590141675041,355590141792499,355590091965083,117458,664,664,355590058449833,355590058449833,355567338640625,0,real_frame,B,1,355590059827291,0,
1326,355590108462625,355590108462625,355590125009041,355590158341041,355590158458958,355590108580542,117917,665,665,355590058449833,355590091847625,355567338640625,663,generated_frame,G,1,355590093226333,0,
1327,355590125179625,355590125179625,355590141675041,355590175007041,355590175125374,355590125297958,118333,665,664,355590058449833,355590058449833,355567338640625,0,real_frame,B,1,355590093226333,0,
1328,355590141822750,355590141822750,355590158341041,355590191673041,355590191791874,355590141941583,118833,666,666,355590091847625,355590125179625,355567338640625,664,generated_frame,G,1,355590127181000,0,
1329,355590158500750,355590158500750,355590175007041,355590208339041,355590208458374,355590158620083,119333,666,665,355590091847625,355590091847625,355567338640625,0,real_frame,A,1,355590127181000,0,
1330,355590175250541,355590175250541,355590191673041,355590225005041,355590225124874,355590175370374,119833,667,667,355590125179625,355590158500750,355567338640625,665,generated_frame,G,1,355590160159708,0,
1331,355590191767500,355590191767500,355590208339041,355590241671041,355590241791333,355590191887792,120292,667,666,355590125179625,355590125179625,355567338640625,0,real_frame,B,1,355590160159708,0,
1332,355590208377166,355590208377166,355590225005041,355590258337041,355590258457791,355590208497916,120750,668,668,355590158500750,355590191767500,355567338640625,666,generated_frame,G,1,355590192733250,0,
1333,355590225151375,355590225151375,355590241671041,355590275003041,355590275124291,355590225272625,121250,668,668,355590191767500,355590191767500,355567338640625,0,real_frame,B,1,355590192733250,0,
1334,355590241763666,355590241763666,355590258337041,355590291669041,355590291790791,355590241885416,121750,669,669,355590191767500,355590225151375,355567338640625,667,generated_frame,G,1,355590226541916,0,
1335,355590258440333,355590258440333,355590275003041,355590308335041,355590308457208,355590258562500,122167,669,668,355590191767500,355590191767500,355567338640625,0,real_frame,B,1,355590226541916,0,
1336,355590275099750,355590275099750,355590291669041,355590325001041,355590325123749,355590275222458,122708,670,670,355590225151375,355590258440333,355567338640625,668,generated_frame,G,1,355590259463250,0,
1337,355590291767916,355590291767916,355590308335041,355590341667041,355590341790249,355590291891124,123208,670,670,355590258440333,355590258440333,355567338640625,0,real_frame,B,1,355590259463250,0,
1338,355590308457916,355590308457916,355590325001041,355590358333041,355590358456666,355590308581541,123625,671,671,355590258440333,355590291767916,355567338640625,669,generated_frame,G,1,355590293026833,0,
1339,355590325117833,355590325117833,355590341667041,355590374999041,355590375123208,355590325242000,124167,671,671,355590291767916,355590291767916,355567338640625,0,real_frame,A,1,355590293026833,0,
1340,355590341833166,355590341833166,355590358333041,355590391665041,355590391789666,355590341957791,124625,672,672,355590291767916,355590325117833,355567338640625,670,generated_frame,G,1,355590326476791,0,
1341,355590358484750,355590358484750,355590374999041,355590408331041,355590408456166,355590358609875,125125,672,672,355590325117833,355590325117833,355567338640625,0,real_frame,B,1,355590326476791,0,
1342,355590375161416,355590375161416,355590391665041,355590424997041,355590425122583,355590375286958,125542,673,673,355590325117833,355590358484750,355567338640625,671,generated_frame,G,1,355590359878750,0,
1343,355590391824000,355590391824000,355590408331041,355590441663041,355590441789124,355590391950083,126083,673,672,355590325117833,355590325117833,355567338640625,0,real_frame,B,1,355590359878750,0,
1344,355590408490250,355590408490250,355590424997041,355590458329041,355590458455583,355590408616792,126542,674,674,355590358484750,355590391824000,355567338640625,672,generated_frame,G,1,355590393412875,0,
1345,355590425173166,355590425173166,355590441663041,355590474995041,355590475121999,355590425300124,126958,674,674,355590391824000,355590391824000,355567338640625,0,real_frame,B,1,355590393412875,0,
1346,355590441753458,355590441753458,355590458329041,355590491661041,355590491788583,355590441881000,127542,675,675,355590391824000,355590425173166,355567338640625,673,generated_frame,G,1,355590426355416,0,
1347,355590458446500,355590458446500,355590474995041,355590508327041,355590508454999,355590458574458,127958,675,674,355590391824000,355590391824000,355567338640625,0,real_frame,B,1,355590426355416,0,
1348,355590475095791,355590475095791,355590491661041,355590524993041,355590525121499,355590475224249,128458,676,676,355590425173166,355590458446500,355567338640625,674,generated_frame,G,1,355590459682375,0,
1349,355590491819583,355590491819583,355590508327041,355590541659041,355590541787958,355590491948500,128917,676,676,355590458446500,355590458446500,355567338640625,0,real_frame,B,1,355590459682375,0,
1350,355590508526250,355590508526250,355590524993041,355590558325041,355590558454499,355590508655708,129458,677,677,355590458446500,355590491819583,355567338640625,675,generated_frame,G,1,355590493480208,0,
1351,355590525146125,355590525146125,355590541659041,355590574991041,355590575120958,355590525276042,129917,677,676,355590458446500,355590458446500,355567338640625,0,real_frame,B,1,355590493480208,0,
1352,355590541800333,355590541800333,355590558325041,355590591657041,355590591787416,355590541930708,130375,678,678,355590491819583,355590525146125,355567338640625,676,generated_frame,G,1,355590526785500,0,
1353,355590558405833,355590558405833,355590574991041,355590608323041,355590608453874,355590558536666,130833,678,677,355590491819583,355590491819583,355567338640625,0,real_frame,A,1,355590526785500,0,
1354,355590575038250,355590575038250,355590591657041,355590624989041,355590625120374,355590575169583,131333,679,679,355590525146125,355590558405833,355567338640625,677,generated_frame,G,1,355590559454458,0,
1355,355590591725041,355590591725041,355590608323041,355590641655041,355590641786874,355590591856874,131833,679,679,355590558405833,355590558405833,355567338640625,0,real_frame,A,1,355590559454458,0,
1356,355590608416625,355590608416625,355590624989041,355590658321041,355590658453333,355590608548917,132292,680,680,355590558405833,355590591725041,355567338640625,678,generated_frame,G,1,355590592634666,0,
1357,355590625219041,355590625219041,355590641785374,355590675117374,355590675119874,355590625221541,2500,680,680,355590591725041,355590591725041,355567338640625,0,real_frame,B,1,355590592634666,0,
1358,355590641877833,355590641877833,355590658451374,355590691783374,355590691786374,355590641880833,3000,681,681,355590591725041,355590625219041,355567338640625,679,generated_frame,G,1,355590626443416,0,
1359,355590658549166,355590658549166,355590675117374,355590708449374,355590708452833,355590658552625,3459,681,680,355590591725041,355590591725041,355567338640625,0,real_frame,B,1,355590626443416,0,
1360,355590675218583,355590675218583,355590691783374,355590725115374,355590725119291,355590675222500,3917,682,682,355590625219041,355590658549166,355567338640625,680,generated_frame,G,1,355590659817375,0,
1361,355590691893333,355590691893333,355590708449374,355590741781374,355590741785749,355590691897708,4375,682,682,355590658549166,355590658549166,355567338640625,0,real_frame,B,1,355590659817375,0,
1362,355590708568166,355590708568166,355590725115374,355590758447374,355590758452249,355590708573041,4875,683,683,355590658549166,355590691893333,355567338640625,681,generated_frame,G,1,355590693257750,0,
1363,355590725306291,355590725306291,355590741781374,355590775113374,355590775118708,355590725311625,5334,683,683,355590691893333,355590691893333,355567338640625,0,real_frame,A,1,355590693257750,0,
1364,355590741922000,355590741922000,355590758447374,355590791779374,355590791785166,355590741927792,5792,684,684,355590691893333,355590725306291,355567338640625,682,generated_frame,G,1,355590726962250,0,
1365,355590758623708,355590758623708,355590775113374,355590808445374,355590808451666,355590758630000,6292,684,683,355590691893333,355590691893333,355567338640625,0,real_frame,A,1,355590726962250,0,
1366,355590775262208,355590775262208,355590791779374,355590825111374,355590825118166,355590775269000,6792,685,685,355590725306291,355590758623708,355567338640625,683,generated_frame,G,1,355590760348666,0,
1367,355590791949208,355590791949208,355590808445374,355590841777374,355590841784666,355590791956500,7292,685,685,355590758623708,355590758623708,355567338640625,0,real_frame,A,1,355590760348666,0,
1368,355590808620208,355590808620208,355590825111374,355590858443374,355590858451083,355590808627917,7709,686,686,355590758623708,355590791949208,355567338640625,684,generated_frame,G,1,355590793579041,0,
1369,355590825296250,355590825296250,355590841777374,355590875109374,355590875117624,355590825304500,8250,686,686,355590791949208,355590791949208,355567338640625,0,real_frame,B,1,355590793579041,0,
1370,355590841937833,355590841937833,355590858443374,355590891775374,355590891784124,355590841946583,8750,687,687,355590791949208,355590825296250,355567338640625,685,generated_frame,G,1,355590826984500,0,
1371,355590858647250,355590858647250,355590875109374,355590908441374,355590908450541,355590858656417,9167,687,687,355590825296250,355590825296250,355567338640625,0,real_frame,A,1,355590826984500,0,
1372,355590880331833,355590880331833,355590891775374,355590925107374,355590925117083,355590880341542,9709,688,688,355590825296250,355590858647250,355567338640625,686,generated_frame,G,1,355590860413125,0,
1373,355590891815750,355590891815750,355590908441374,355590941773374,355590941783499,355590891825875,10125,689,689,355590858647250,355590880331833,355567338640625,687,generated_frame,G,1,355590883260166,0,
1374,355590908512416,355590908512416,355590925107374,355590958439374,355590958450041,355590908523083,10667,689,689,355590880331833,355590880331833,355567338640625,0,real_frame,A,1,355590883260166,0,
1375,355590925133666,355590925133666,355590941773374,355590975105374,355590975116458,355590925144750,11084,689,689,355590880331833,355590880331833,355567338640625,0,real_frame,A,1,355590883260166,0,
1376,355590941860583,355590941860583,355590958439374,355590991771374,355590991782999,355590941872208,11625,690,690,355590880331833,355590925133666,355567338640625,688,generated_frame,G,1,355590926120375,0,
1377,355590958555000,355590958555000,355590975105374,355591008437374,355591008449458,355590958567084,12084,690,689,355590880331833,355590880331833,355567338640625,0,real_frame,A,1,355590926120375,0,
1378,355590975211083,355590975211083,355590991771374,355591025103374,355591025115916,355590975223625,12542,691,691,355590925133666,355590958555000,355567338640625,689,generated_frame,G,1,355590959879541,0,
1379,355590991894250,355590991894250,355591008437374,355591041769374,355591041782458,355590991907334,13084,691,690,355590925133666,355590925133666,355567338640625,0,real_frame,B,1,355590959879541,0,
1380,355591008558375,355591008558375,355591025103374,355591058435374,355591058448874,355591008571875,13500,692,692,355590958555000,355590991894250,355567338640625,690,generated_frame,G,1,355590993215208,0,
1381,355591025231458,355591025231458,355591041769374,355591075101374,355591075115416,355591025245500,14042,692,691,355590958555000,355590958555000,355567338640625,0,real_frame,A,1,355590993215208,0,
1382,355591041935791,355591041935791,355591058435374,355591091767374,355591091781833,355591041950250,14459,693,693,355590991894250,355591025231458,355567338640625,691,generated_frame,G,1,355591026659666,0,
1383,355591058608041,355591058608041,355591075101374,355591108433374,355591108448333,355591058623000,14959,693,693,355591025231458,355591025231458,355567338640625,0,real_frame,A,1,355591026659666,0,
1384,355591075277916,355591075277916,355591091767374,355591125099374,355591125114874,355591075293416,15500,694,694,355591025231458,355591058608041,355567338640625,692,generated_frame,G,1,355591060234125,0,
1385,355591091999958,355591091999958,355591108433374,355591141765374,355591141781249,355591092015833,15875,694,694,355591058608041,355591058608041,355567338640625,0,real_frame,B,1,355591060234125,0,
1386,355591108611000,355591108611000,355591125099374,355591158431374,355591158447833,355591108627459,16459,695,695,355591058608041,355591091999958,355567338640625,693,generated_frame,G,1,355591094190166,0,
1387,355591125260750,355591125260750,355591141765374,355591175097374,355591175114249,355591125277625,16875,695,694,355591058608041,355591058608041,355567338640625,0,real_frame,B,1,355591094190166,0,
1388,355591141933416,355591141933416,355591158431374,355591191763374,355591191780791,355591141950833,17417,696,696,355591091999958,355591125260750,355567338640625,694,generated_frame,G,1,355591126878666,0,
1389,355591158579791,355591158579791,355591175097374,355591208429374,355591208447249,355591158597666,17875,696,696,355591125260750,355591125260750,355567338640625,0,real_frame,B,1,355591126878666,0,
1390,355591175312875,355591175312875,355591191763374,355591225095374,355591225113708,355591175331209,18334,697,697,355591125260750,355591158579791,355567338640625,695,generated_frame,G,1,355591160195916,0,
1391,355591191926458,355591191926458,355591208429374,355591241761374,355591241780249,355591191945333,18875,697,697,355591158579791,355591158579791,355567338640625,0,real_frame,A,1,355591160195916,0,
1392,355591208608333,355591208608333,355591225095374,355591258427374,355591258446666,355591208627625,19292,698,698,355591158579791,355591191926458,355567338640625,696,generated_frame,G,1,355591193607541,0,
1393,355591227496125,355591227496125,355591241761374,355591275093374,355591275113124,355591227515875,19750,698,698,355591191926458,355591191926458,355567338640625,0,real_frame,B,1,355591193607541,0,
1394,355591241951125,355591241951125,355591258427374,355591291759374,355591291779666,355591241971417,20292,699,699,355591191926458,355591227496125,355567338640625,697,generated_frame,G,1,355591229483125,0,
1395,355591258536333,355591258536333,355591275093374,355591308425374,355591308446083,355591258557042,20709,699,698,355591191926458,355591191926458,355567338640625,0,real_frame,B,1,355591229483125,0,
1396,355591275182666,355591275182666,355591291759374,355591325091374,355591325112583,355591275203875,21209,700,700,355591227496125,355591258536333,355567338640625,698,generated_frame,G,1,355591259707541,0,
1397,355591291846708,355591291846708,355591308425374,355591341757374,355591341779041,355591291868375,21667,700,700,355591258536333,355591258536333,355567338640625,0,real_frame,B,1,355591259707541,0,
1398,355591308542250,355591308542250,355591325091374,355591358423374,355591358445541,355591308564417,22167,701,701,355591258536333,355591291846708,355567338640625,699,generated_frame,G,1,355591292985666,0,
1399,355591325194166,355591325194166,355591341757374,355591375089374,355591375112041,355591325216833,22667,701,701,355591291846708,355591291846708,355567338640625,0,real_frame,A,1,355591292985666,0,
1400,355591341916708,355591341916708,355591358423374,355591391755374,355591391778499,355591341939833,23125,702,702,355591291846708,355591325194166,355567338640625,700,generated_frame,G,1,355591326465708,0,
1401,355591358518833,355591358518833,355591375089374,355591408421374,355591408444999,355591358542458,23625,702,701,355591291846708,355591291846708,355567338640625,0,real_frame,A,1,355591326465708,0,
1402,355591375197041,355591375197041,355591391755374,355591425087374,355591425111499,355591375221166,24125,703,703,355591325194166,355591358518833,355567338640625,701,generated_frame,G,1,355591359587958,0,
1403,355591391862291,355591391862291,355591408421374,355591441753374,355591441777958,355591391886875,24584,703,703,355591358518833,355591358518833,355567338640625,0,real_frame,A,1,355591359587958,0,
1404,355591408524666,355591408524666,355591425087374,355591458419374,355591458444416,355591408549708,25042,704,704,355591358518833,355591391862291,355567338640625,702,generated_frame,G,1,355591393126458,0,
1405,355591425203333,355591425203333,355591441753374,355591475085374,355591475110958,355591425228917,25584,704,703,355591358518833,355591358518833,355567338640625,0,real_frame,A,1,355591393126458,0,
1406,355591441808666,355591441808666,355591458419374,355591491751374,355591491777458,355591441834750,26084,705,705,355591391862291,355591425203333,355567338640625,703,generated_frame,G,1,355591435282958,0,
1407,355591458485250,355591458485250,355591475085374,355591508417374,355591508443874,355591458511750,26500,705,704,355591391862291,355591391862291,355567338640625,0,real_frame,B,1,355591435282958,0,
1408,355591475113750,355591475113750,355591491751374,355591525083374,355591525110333,355591475140709,26959,706,706,355591425203333,355591458485250,355567338640625,704,generated_frame,G,1,355591459371833,0,
1409,355591491845291,355591491845291,355591508417374,355591541749374,355591541776833,355591491872750,27459,706,706,355591458485250,355591458485250,355567338640625,0,real_frame,B,1,355591459371833,0,
1410,355591508524250,355591508524250,355591525083374,355591558415374,355591558443291,355591508552167,27917,707,707,355591458485250,355591491845291,355567338640625,705,generated_frame,G,1,355591493019583,0,
1411,355591525204916,355591525204916,355591541749374,355591575081374,355591575109791,355591525233333,28417,707,706,355591458485250,355591458485250,355567338640625,0,real_frame,B,1,355591493019583,0,
1412,355591541929500,355591541929500,355591558415374,355591591747374,355591591776291,355591541958417,28917,708,708,355591491845291,355591525204916,355567338640625,706,generated_frame,G,1,355591526563208,0,
1413,355591558627291,355591558627291,355591575081374,355591608413374,355591608442749,355591558656666,29375,708,708,355591525204916,355591525204916,355567338640625,0,real_frame,B,1,355591526563208,0,
1414,355591575278041,355591575278041,355591591747374,355591625079374,355591625109249,355591575307916,29875,709,709,355591525204916,355591558627291,355567338640625,707,generated_frame,G,1,355591560531541,0,
1415,355591591925625,355591591925625,355591608413374,355591641745374,355591641775708,355591591955959,30334,709,708,355591525204916,355591525204916,355567338640625,0,real_frame,B,1,355591560531541,0,
1416,355591608615125,355591608615125,355591625079374,355591658411374,355591658442208,355591608645959,30834,710,710,355591558627291,355591591925625,355567338640625,708,generated_frame,G,1,355591593571208,0,
1417,355591625172666,355591625172666,355591641745374,355591675077374,355591675108708,355591625204000,31334,710,709,355591558627291,355591558627291,355567338640625,0,real_frame,A,1,355591593571208,0,
1418,355591641834458,355591641834458,355591658411374,355591691743374,355591691775166,355591641866250,31792,711,711,355591591925625,355591625172666,355567338640625,709,generated_frame,G,1,355591626652375,0,
1419,355591658447375,355591658447375,355591675077374,355591708409374,355591708441666,355591658479667,32292,711,711,355591625172666,355591625172666,355567338640625,0,real_frame,A,1,355591626652375,0,
1420,355591675235708,355591675235708,355591691743374,355591725075374,355591725108124,355591675268458,32750,712,712,355591625172666,355591658447375,355567338640625,710,generated_frame,G,1,355591659564416,0,
1421,355591691963041,355591691963041,355591708409374,355591741741374,355591741774666,355591691996333,33292,712,712,355591658447375,355591658447375,355567338640625,0,real_frame,B,1,355591659564416,0,
1422,355591708578416,355591708578416,355591725075374,355591758407374,355591758441124,355591708612166,33750,713,713,355591658447375,355591691963041,355567338640625,711,generated_frame,G,1,355591693669250,0,
1423,355591725262625,355591725262625,355591741741374,355591775073374,355591775107541,355591725296792,34167,713,712,355591658447375,355591658447375,355567338640625,0,real_frame,B,1,355591693669250,0,
1424,355591741921791,355591741921791,355591758407374,355591791739374,355591791774124,355591741956541,34750,714,714,355591691963041,355591725262625,355567338640625,712,generated_frame,G,1,355591726968625,0,
1425,355591758623000,355591758623000,355591775073374,355591808405374,355591808440499,355591758658125,35125,714,714,355591725262625,355591725262625,355567338640625,0,real_frame,B,1,355591726968625,0,
1426,355591775164250,355591775164250,355591791739374,355591825071374,355591825107041,355591775199917,35667,715,715,355591725262625,355591758623000,355567338640625,713,generated_frame,G,1,355591760671666,0,
1427,355591791834208,355591791834208,355591808405374,355591841737374,355591841773499,355591791870333,36125,715,714,355591725262625,355591725262625,355567338640625,0,real_frame,B,1,355591760671666,0,
1428,355591808510291,355591808510291,355591825071374,355591858403374,355591858439958,355591808546875,36584,716,716,355591758623000,355591791834208,355567338640625,714,generated_frame,G,1,355591792943166,0,
1429,355591825169875,355591825169875,355591841737374,355591875069374,355591875106458,355591825206959,37084,716,716,355591791834208,355591791834208,355567338640625,0,real_frame,B,1,355591792943166,0,
1430,355591841880916,355591841880916,355591858403374,355591891735374,355591891772958,355591841918500,37584,717,717,355591791834208,355591825169875,355567338640625,715,generated_frame,G,1,355591826522875,0,
1431,355591858785666,355591858785666,355591875069374,355591908401374,355591908439416,355591858823708,38042,717,717,355591825169875,355591825169875,355567338640625,0,real_frame,A,1,355591826522875,0,
1432,355591875212083,355591875212083,355591891735374,355591925067374,355591925105874,355591875250583,38500,718,718,355591825169875,355591858785666,355567338640625,716,generated_frame,G,1,355591860171041,0,
1433,355591891827541,355591891827541,355591908401374,355591941733374,355591941772374,355591891866541,39000,718,717,355591825169875,355591825169875,355567338640625,0,real_frame,A,1,355591860171041,0,
1434,355591914156916,355591914156916,355591925067374,355591958399374,355591958438874,355591914196416,39500,719,719,355591858785666,355591891827541,355567338640625,717,generated_frame,G,1,355591892953916,0,
1435,355591925156208,355591925156208,355591941733374,355591975065374,355591975105333,355591925196167,39959,720,720,355591891827541,355591914156916,355567338640625,718,generated_frame,G,1,355591915456375,0,
1436,355591941764166,355591941764166,355591958399374,355591991731374,355591991771833,355591941804625,40459,720,720,355591914156916,355591914156916,355567338640625,0,real_frame,B,1,355591915456375,0,
1437,355591958433291,355591958433291,355591975065374,355592008397374,355592008438291,355591958474208,40917,720,720,355591914156916,355591914156916,355567338640625,0,real_frame,B,1,355591915456375,0,
1438,355591975255500,355591975255500,355591991731374,355592025063374,355592025104791,355591975296917,41417,721,721,355591914156916,355591958433291,355567338640625,719,generated_frame,G,1,355591959497208,0,
1439,355591991903666,355591991903666,355592008397374,355592041729374,355592041771249,355591991945541,41875,721,720,355591914156916,355591914156916,355567338640625,0,real_frame,B,1,355591959497208,0,
1440,355592008557541,355592008557541,355592025063374,355592058395374,355592058437791,355592008599958,42417,722,722,355591958433291,355591991903666,355567338640625,720,generated_frame,G,1,355591993488000,0,
1441,355592025273791,355592025273791,355592041729374,355592075061374,355592075104208,355592025316625,42834,722,721,355591958433291,355591958433291,355567338640625,0,real_frame,A,1,355591993488000,0,
1442,355592041920333,355592041920333,355592058395374,355592091727374,355592091770708,355592041963667,43334,723,723,355591991903666,355592025273791,355567338640625,721,generated_frame,G,1,355592026991208,0,
1443,355592058587125,355592058587125,355592075061374,355592108393374,355592108437208,355592058630959,43834,723,722,355591991903666,355591991903666,355567338640625,0,real_frame,B,1,355592026991208,0,
1444,355592075238625,355592075238625,355592091727374,355592125059374,355592125103708,355592075282959,44334,724,724,355592025273791,355592058587125,355567338640625,722,generated_frame,G,1,355592061306583,0,
1445,355592091891208,355592091891208,355592108393374,355592141725374,355592141770208,355592091936042,44834,724,723,355592025273791,355592025273791,355567338640625,0,real_frame,A,1,355592061306583,0,
1446,355592108556541,355592108556541,355592125059374,355592158391374,355592158436666,355592108601833,45292,725,725,355592058587125,355592091891208,355567338640625,723,generated_frame,G,1,355592093580916,0,
1447,355592125240666,355592125240666,355592141725374,355592175057374,355592175103166,355592125286458,45792,725,725,355592091891208,355592091891208,355567338640625,0,real_frame,A,1,355592093580916,0,
1448,355592141968083,355592141968083,355592158391374,355592191723374,355592191769583,355592142014292,46209,726,726,355592091891208,355592125240666,355567338640625,724,generated_frame,G,1,355592127012125,0,
1449,355592158588708,355592158588708,355592175057374,355592208389374,355592208436083,355592158635417,46709,726,725,355592091891208,355592091891208,355567338640625,0,real_frame,A,1,355592127012125,0,
1450,355592175158041,355592175158041,355592191723374,355592225055374,355592225102541,355592175205208,47167,727,727,355592125240666,355592158588708,355567338640625,725,generated_frame,G,1,355592159990791,0,
1451,355592191805833,355592191805833,355592208389374,355592241721374,355592241769041,355592191853500,47667,727,726,355592125240666,355592125240666,355567338640625,0,real_frame,B,1,355592159990791,0,
1452,355592208501250,355592208501250,355592225055374,355592258387374,355592258435541,355592208549417,48167,728,728,355592158588708,355592191805833,355567338640625,726,generated_frame,G,1,355592192888458,0,
1453,355592225179750,355592225179750,355592241721374,355592275053374,355592275101958,355592225228334,48584,728,728,355592191805833,355592191805833,355567338640625,0,real_frame,B,1,355592192888458,0,
1454,355592241858750,355592241858750,355592258387374,355592291719374,355592291768499,355592241907875,49125,729,729,355592191805833,355592225179750,355567338640625,727,generated_frame,G,1,355592226543875,0,
1455,355592258504500,355592258504500,355592275053374,355592308385374,355592308434999,355592258554125,49625,729,728,355592191805833,355592191805833,355567338640625,0,real_frame,B,1,355592226543875,0,
1456,355592275138250,355592275138250,355592291719374,355592325051374,355592325101416,355592275188292,50042,730,730,355592225179750,355592258504500,355567338640625,728,generated_frame,G,1,355592259597416,0,
1457,355592291827916,355592291827916,355592308385374,355592341717374,355592341767916,355592291878458,50542,730,729,355592225179750,355592225179750,355567338640625,0,real_frame,A,1,355592259597416,0,
1458,355592308485916,355592308485916,355592325051374,355592358383374,355592358434374,355592308536916,51000,731,731,355592258504500,355592291827916,355567338640625,729,generated_frame,G,1,355592293175458,0,
1459,355592325179166,355592325179166,355592341717374,355592375049374,355592375100916,355592325230708,51542,731,731,355592291827916,355592291827916,355567338640625,0,real_frame,A,1,355592293175458,0,
1460,355592341893000,355592341893000,355592358383374,355592391715374,355592391767333,355592341944959,51959,732,732,355592291827916,355592325179166,355567338640625,730,generated_frame,G,1,355592326567125,0,
1461,355592358550041,355592358550041,355592375049374,355592408381374,355592408433791,355592358602458,52417,732,732,355592325179166,355592325179166,355567338640625,0,real_frame,B,1,355592326567125,0,
1462,355592375239916,355592375239916,355592391715374,355592425047374,355592425100333,355592375292875,52959,733,733,355592325179166,355592358550041,355567338640625,731,generated_frame,G,1,355592360141666,0,
1463,355592391892333,355592391892333,355592408381374,355592441713374,355592441766791,355592391945750,53417,733,732,355592325179166,355592325179166,355567338640625,0,real_frame,B,1,355592360141666,0,
1464,355592408553250,355592408553250,355592425047374,355592458379374,355592458433291,355592408607167,53917,734,734,355592358550041,355592391892333,355567338640625,732,generated_frame,G,1,355592393714666,0,
1465,355592425173125,355592425173125,355592441713374,355592475045374,355592475099749,355592425227500,54375,734,733,355592358550041,355592358550041,355567338640625,0,real_frame,A,1,355592393714666,0,
1466,355592441953166,355592441953166,355592458379374,355592491711374,355592491766333,355592442008125,54959,735,735,355592391892333,355592425173125,355567338640625,733,generated_frame,G,1,355592426687583,0,
1467,355592458467375,355592458467375,355592475045374,355592508377374,355592508432791,355592458522792,55417,735,735,355592425173125,355592425173125,355567338640625,0,real_frame,A,1,355592426687583,0,
1468,355592476144500,355592476144500,355592491711374,355592525043374,355592525099166,355592476200292,55792,736,736,355592425173125,355592458467375,355567338640625,734,generated_frame,G,1,355592459537000,0,
1469,355592491812541,355592491812541,355592508377374,355592541709374,355592541765708,355592491868875,56334,736,736,355592458467375,355592458467375,355567338640625,0,real_frame,B,1,355592459537000,0,
1470,355592508476166,355592508476166,355592525043374,355592558375374,355592558432208,355592508533000,56834,737,737,355592458467375,355592491812541,355567338640625,735,generated_frame,G,1,355592492916083,0,
1471,355592525133083,355592525133083,355592541709374,355592575041374,355592575098708,355592525190417,57334,737,736,355592458467375,355592458467375,355567338640625,0,real_frame,B,1,355592492916083,0,
1472,355592541822416,355592541822416,355592558375374,355592591707374,355592591765124,355592541880166,57750,738,738,355592491812541,355592525133083,355567338640625,736,generated_frame,G,1,355592526218791,0,
1473,355592558505875,355592558505875,355592575041374,355592608373374,355592608431624,355592558564125,58250,738,738,355592525133083,355592525133083,355567338640625,0,real_frame,B,1,355592526218791,0,
1474,355592575154833,355592575154833,355592591707374,355592625039374,355592625098124,355592575213583,58750,739,739,355592525133083,355592558505875,355567338640625,737,generated_frame,G,1,355592559881125,0,
1475,355592591813875,355592591813875,355592608373374,355592641705374,355592641764541,355592591873042,59167,739,738,355592525133083,355592525133083,355567338640625,0,real_frame,B,1,355592559881125,0,
1476,355592608539916,355592608539916,355592625039374,355592658371374,355592658431041,355592608599583,59667,740,740,355592558505875,355592591813875,355567338640625,738,generated_frame,G,1,355592593106000,0,
1477,355592625207791,355592625207791,355592641705374,355592675037374,355592675097583,355592625268000,60209,740,740,355592591813875,355592591813875,355567338640625,0,real_frame,B,1,355592593106000,0,
1478,355592641902916,355592641902916,355592658371374,355592691703374,355592691764041,355592641963583,60667,741,741,355592591813875,355592625207791,355567338640625,739,generated_frame,G,1,355592626921875,0,
1479,355592658555333,355592658555333,355592675037374,355592708369374,355592708430458,355592658616417,61084,741,740,355592591813875,355592591813875,355567338640625,0,real_frame,B,1,355592626921875,0,
1480,355592675229500,355592675229500,355592691703374,355592725035374,355592725096958,355592675291084,61584,742,742,355592625207791,355592658555333,355567338640625,740,generated_frame,G,1,355592660198333,0,
1481,355592691889916,355592691889916,355592708369374,355592741701374,355592741763499,355592691952041,62125,742,741,355592625207791,355592625207791,355567338640625,0,real_frame,A,1,355592660198333,0,
1482,355592708571083,355592708571083,355592725035374,355592758367374,355592758429916,355592708633625,62542,743,743,355592658555333,355592691889916,355567338640625,741,generated_frame,G,1,355592693515291,0,
1483,355592725237875,355592725237875,355592741701374,355592775033374,355592775096416,355592725300917,63042,743,743,355592691889916,355592691889916,355567338640625,0,real_frame,A,1,355592693515291,0,
1484,355592741807916,355592741807916,355592758367374,355592791699374,355592791762916,355592741871458,63542,744,744,355592691889916,355592725237875,355567338640625,742,generated_frame,G,1,355592727731208,0,
1485,355592758479125,355592758479125,355592775033374,355592808365374,355592808429458,355592758543209,64084,744,743,355592691889916,355592691889916,355567338640625,0,real_frame,A,1,355592727731208,0,
1486,355592775117125,355592775117125,355592791699374,355592825031374,355592825095833,355592775181584,64459,745,745,355592725237875,355592758479125,355567338640625,743,generated_frame,G,1,355592759593500,0,
1487,355592791789916,355592791789916,355592808365374,355592841697374,355592841762333,355592791854875,64959,745,745,355592758479125,355592758479125,355567338640625,0,real_frame,A,1,355592759593500,0,
1488,355592808458041,355592808458041,355592825031374,355592858363374,355592858428833,355592808523500,65459,746,746,355592758479125,355592791789916,355567338640625,744,generated_frame,G,1,355592792962541,0,
1489,355592825137083,355592825137083,355592841697374,355592875029374,355592875095333,355592825203042,65959,746,746,355592791789916,355592791789916,355567338640625,0,real_frame,B,1,355592792962541,0,
1490,355592841827958,355592841827958,355592858363374,355592891695374,355592891761791,355592841894375,66417,747,747,355592791789916,355592825137083,355567338640625,745,generated_frame,G,1,355592826447375,0,
1491,355592858479541,355592858479541,355592875029374,355592908361374,355592908428249,355592858546416,66875,747,746,355592791789916,355592791789916,355567338640625,0,real_frame,B,1,355592826447375,0,
1492,355592875152833,355592875152833,355592891695374,355592925027374,355592925094833,355592875220292,67459,748,748,355592825137083,355592858479541,355567338640625,746,generated_frame,G,1,355592859818791,0,
1493,355592891847750,355592891847750,355592908361374,355592941693374,355592941761249,355592891915625,67875,748,748,355592858479541,355592858479541,355567338640625,0,real_frame,B,1,355592859818791,0,
1494,355592908536041,355592908536041,355592925027374,355592958359374,355592958427666,355592908604333,68292,749,749,355592858479541,355592891847750,355567338640625,747,generated_frame,G,1,355592893402750,0,
1495,355592925189750,355592925189750,355592941693374,355592975025374,355592975094208,355592925258584,68834,749,748,355592858479541,355592858479541,355567338640625,0,real_frame,B,1,355592893402750,0,
1496,355592941849500,355592941849500,355592958359374,355592991691374,355592991760666,355592941918792,69292,750,750,355592891847750,355592925189750,355567338640625,748,generated_frame,G,1,355592926759166,0,
1497,355592958480958,355592958480958,355592975025374,355593008357374,355593008427166,355592958550750,69792,750,749,355592891847750,355592891847750,355567338640625,0,real_frame,A,1,355592926759166,0,
1498,355592975100458,355592975100458,355592991691374,355593025023374,355593025093624,355592975170708,70250,751,751,355592925189750,355592958480958,355567338640625,749,generated_frame,G,1,355592959828666,0,
1499,355592991780916,355592991780916,355593008357374,355593041689374,355593041760208,355592991851750,70834,751,751,355592958480958,355592958480958,355567338640625,0,real_frame,A,1,355592959828666,0,
1500,355593008455666,355593008455666,355593025023374,355593058355374,355593058426666,355593008526958,71292,752,752,355592958480958,355592991780916,355567338640625,750,generated_frame,G,1,355592992821875,0,
1501,355593025131375,355593025131375,355593041689374,355593075021374,355593075093041,355593025203042,71667,752,752,355592991780916,355592991780916,355567338640625,0,real_frame,B,1,355592992821875,0,
1502,355593041789583,355593041789583,355593058355374,355593091687374,355593091759583,355593041861792,72209,753,753,355592991780916,355593025131375,355567338640625,751,generated_frame,G,1,355593026414583,0,
1503,355593058479208,355593058479208,355593075021374,355593108353374,355593108426041,355593058551875,72667,753,752,355592991780916,355592991780916,355567338640625,0,real_frame,B,1,355593026414583,0,
1504,355593075155416,355593075155416,355593091687374,355593125019374,355593125092541,355593075228583,73167,754,754,355593025131375,355593058479208,355567338640625,752,generated_frame,G,1,355593059872083,0,
1505,355593091820208,355593091820208,355593108353374,355593141685374,355593141759041,355593091893875,73667,754,753,355593025131375,355593025131375,355567338640625,0,real_frame,A,1,355593059872083,0,
1506,355593108545875,355593108545875,355593125019374,355593158351374,355593158425458,355593108619959,74084,755,755,355593058479208,355593091820208,355567338640625,753,generated_frame,G,1,355593093415083,0,
1507,355593125066250,355593125066250,355593141685374,355593175017374,355593175091958,355593125140834,74584,755,754,355593058479208,355593058479208,355567338640625,0,real_frame,B,1,355593093415083,0,
1508,355593141762041,355593141762041,355593158351374,355593191683374,355593191758416,355593141837083,75042,756,756,355593091820208,355593125066250,355567338640625,754,generated_frame,G,1,355593125936041,0,
1509,355593158423333,355593158423333,355593175017374,355593208349374,355593208424958,355593158498917,75584,756,756,355593125066250,355593125066250,355567338640625,0,real_frame,B,1,355593125936041,0,
1510,355593175122625,355593175122625,355593191683374,355593225015374,355593225091416,355593175198667,76042,757,757,355593125066250,355593158423333,355567338640625,755,generated_frame,G,1,355593159485875,0,
1511,355593191800875,355593191800875,355593208349374,355593241681374,355593241757916,355593191877417,76542,757,757,355593158423333,355593158423333,355567338640625,0,real_frame,A,1,355593159485875,0,
1512,355593208440916,355593208440916,355593225015374,355593258347374,355593258424374,355593208517916,77000,758,758,355593158423333,355593191800875,355567338640625,756,generated_frame,G,1,355593193075708,0,
1513,355593225122125,355593225122125,355593241681374,355593275013374,355593275090874,355593225199625,77500,758,757,355593158423333,355593158423333,355567338640625,0,real_frame,A,1,355593193075708,0,
1514,355593241766708,355593241766708,355593258347374,355593291679374,355593291757374,355593241844708,78000,759,759,355593191800875,355593225122125,355567338640625,757,generated_frame,G,1,355593226437875,0,
1515,355593258497291,355593258497291,355593275013374,355593308345374,355593308423833,355593258575750,78459,759,759,355593225122125,355593225122125,355567338640625,0,real_frame,A,1,355593226437875,0,
1516,355593291711000,355593291711000,355593308345374,355593341677374,355593341756833,355593291790459,79459,760,759,355593225122125,355593225122125,355567338640625,0,real_frame,A,1,355593260031833,0,
1517,355593308392083,355593308392083,355593325011374,355593358343374,355593358423291,355593308472000,79917,761,761,355593258497291,355593291711000,355567338640625,759,generated_frame,G,1,355593292750625,0,
1518,355593325087416,355593325087416,355593341677374,355593375009374,355593375089708,355593325167750,80334,761,761,355593291711000,355593291711000,355567338640625,0,real_frame,A,1,355593292750625,0,
1519,355593341755708,355593341755708,355593358343374,355593391675374,355593391756249,355593341836583,80875,762,762,355593291711000,355593325087416,355567338640625,760,generated_frame,G,1,355593326003250,0,
1520,355593358455625,355593358455625,355593375009374,355593408341374,355593408422708,355593358536959,81334,762,761,355593291711000,355593291711000,355567338640625,0,real_frame,A,1,355593326003250,0,
1521,355593375123166,355593375123166,355593391675374,355593425007374,355593425089166,355593375204958,81792,763,763,355593325087416,355593358455625,355567338640625,761,generated_frame,G,1,355593359793666,0,
1522,355593391796791,355593391796791,355593408341374,355593441673374,355593441755666,355593391879083,82292,763,762,355593325087416,355593325087416,355567338640625,0,real_frame,B,1,355593359793666,0,
1523,355593408523375,355593408523375,355593425007374,355593458339374,355593458422124,355593408606125,82750,764,764,355593358455625,355593391796791,355567338640625,762,generated_frame,G,1,355593393186916,0,
1524,355593425234041,355593425234041,355593441673374,355593475005374,355593475088708,355593425317375,83334,764,764,355593391796791,355593391796791,355567338640625,0,real_frame,B,1,355593393186916,0,
1525,355593441868958,355593441868958,355593458339374,355593491671374,355593491755124,355593441952708,83750,765,765,355593391796791,355593425234041,355567338640625,763,generated_frame,G,1,355593426991083,0,
1526,355593458550416,355593458550416,355593475005374,355593508337374,355593508421583,355593458634625,84209,765,764,355593391796791,355593391796791,355567338640625,0,real_frame,B,1,355593426991083,0,
1527,355593475178041,355593475178041,355593491671374,355593525003374,355593525088083,355593475262750,84709,766,766,355593425234041,355593458550416,355567338640625,764,generated_frame,G,1,355593460179791,0,
1528,355593491832166,355593491832166,355593508337374,355593541669374,355593541754583,355593491917375,85209,766,765,355593425234041,355593425234041,355567338640625,0,real_frame,A,1,355593460179791,0,
1529,355593508499000,355593508499000,355593525003374,355593558335374,355593558421041,355593508584667,85667,767,767,355593458550416,355593491832166,355567338640625,765,generated_frame,G,1,355593493461375,0,
1530,355593528094041,355593528094041,355593541669374,355593575001374,355593575087499,355593528180166,86125,767,767,355593491832166,355593491832166,355567338640625,0,real_frame,A,1,355593493461375,0,
1531,355593541716458,355593541716458,355593558335374,355593591667374,355593591754041,355593541803125,86667,768,768,355593491832166,355593528094041,355567338640625,766,generated_frame,G,1,355593529100416,0,
1532,355593558407250,355593558407250,355593575001374,355593608333374,355593608420458,355593558494334,87084,768,767,355593491832166,355593491832166,355567338640625,0,real_frame,A,1,355593529100416,0,
1533,355593575080375,355593575080375,355593591667374,355593624999374,355593625086916,355593575167917,87542,769,769,355593528094041,355593558407250,355567338640625,767,generated_frame,G,1,355593559340250,0,
1534,355593591814291,355593591814291,355593608333374,355593641665374,355593641753458,355593591902375,88084,769,769,355593558407250,355593558407250,355567338640625,0,real_frame,A,1,355593559340250,0,
1535,355593608443250,355593608443250,355593624999374,355593658331374,355593658419916,355593608531792,88542,770,770,355593558407250,355593591814291,355567338640625,768,generated_frame,G,1,355593593440375,0,
1536,355593625119166,355593625119166,355593641665374,355593674997374,355593675086416,355593625208208,89042,770,769,355593558407250,355593558407250,355567338640625,0,real_frame,A,1,355593593440375,0,
1537,355593641783166,355593641783166,355593658331374,355593691663374,355593691752874,355593641872666,89500,771,771,355593591814291,355593625119166,355567338640625,769,generated_frame,G,1,355593626519208,0,
1538,355593658463416,355593658463416,355593674997374,355593708329374,355593708419333,355593658553375,89959,771,771,355593625119166,355593625119166,355567338640625,0,real_frame,A,1,355593626519208,0,
1539,355593675136750,355593675136750,355593691663374,355593724995374,355593725085874,355593675227250,90500,772,772,355593625119166,355593658463416,355567338640625,770,generated_frame,G,1,355593659826125,0,
1540,355593691832458,355593691832458,355593708329374,355593741661374,355593741752291,355593691923375,90917,772,772,355593658463416,355593658463416,355567338640625,0,real_frame,B,1,355593659826125,0,
1541,355593708537250,355593708537250,355593724995374,355593758327374,355593758418833,355593708628709,91459,773,773,355593658463416,355593691832458,355567338640625,771,generated_frame,G,1,355593693520625,0,
1542,355593725255666,355593725255666,355593741661374,355593774993374,355593775085291,355593725347583,91917,773,773,355593691832458,355593691832458,355567338640625,0,real_frame,A,1,355593693520625,0,
1543,355593741784916,355593741784916,355593758327374,355593791659374,355593791751791,355593741877333,92417,774,774,355593691832458,355593725255666,355567338640625,772,generated_frame,G,1,355593727111916,0,
1544,355593758440833,355593758440833,355593774993374,355593808325374,355593808418291,355593758533750,92917,774,773,355593691832458,355593691832458,355567338640625,0,real_frame,A,1,355593727111916,0,
1545,355593775076291,355593775076291,355593791659374,355593824991374,355593825084749,355593775169666,93375,775,775,355593725255666,355593758440833,355567338640625,773,generated_frame,G,1,355593759566083,0,
1546,355593791746458,355593791746458,355593808325374,355593841657374,355593841751249,355593791840333,93875,775,775,355593758440833,355593758440833,355567338640625,0,real_frame,A,1,355593759566083,0,
1547,355593808435583,355593808435583,355593824991374,355593858323374,355593858417708,355593808529917,94334,776,776,355593758440833,355593791746458,355567338640625,774,generated_frame,G,1,355593793037875,0,
1548,355593825138833,355593825138833,355593841657374,355593874989374,355593875084166,355593825233625,94792,776,776,355593791746458,355593791746458,355567338640625,0,real_frame,B,1,355593793037875,0,
1549,355593841752583,355593841752583,355593858323374,355593891655374,355593891750666,355593841847875,95292,777,777,355593791746458,355593825138833,355567338640625,775,generated_frame,G,1,355593826578208,0,
1550,355593858419791,355593858419791,355593874989374,355593908321374,355593908417124,355593858515541,95750,777,776,355593791746458,355593791746458,355567338640625,0,real_frame,B,1,355593826578208,0,
1551,355593875108875,355593875108875,355593891655374,355593924987374,355593925083624,355593875205125,96250,778,778,355593825138833,355593858419791,355567338640625,776,generated_frame,G,1,355593859572166,0,
1552,355593891767708,355593891767708,355593908321374,355593941653374,355593941750124,355593891864458,96750,778,778,355593858419791,355593858419791,355567338640625,0,real_frame,B,1,355593859572166,0,
1553,355593908524208,355593908524208,355593924987374,355593958319374,355593958416541,355593908621375,97167,779,779,355593858419791,355593891767708,355567338640625,777,generated_frame,G,1,355593893062083,0,
1554,355593925119000,355593925119000,355593941653374,355593974985374,355593975083083,355593925216709,97709,779,779,355593891767708,355593891767708,355567338640625,0,real_frame,A,1,355593893062083,0,
1555,355593941746791,355593941746791,355593958319374,355593991651374,355593991749541,355593941844958,98167,780,780,355593891767708,355593925119000,355567338640625,778,generated_frame,G,1,355593926314291,0,
1556,355593958411083,355593958411083,355593974985374,355594008317374,355594008416041,355593958509750,98667,780,779,355593891767708,355593891767708,355567338640625,0,real_frame,A,1,355593926314291,0,
1557,355593975108750,355593975108750,355593991651374,355594024983374,355594025082541,355593975207917,99167,781,781,355593925119000,355593958411083,355567338640625,779,generated_frame,G,1,355593959472375,0,
1558,355593991766333,355593991766333,355594008317374,355594041649374,355594041748999,355593991865958,99625,781,781,355593958411083,355593958411083,355567338640625,0,real_frame,A,1,355593959472375,0,
1559,355594008458666,355594008458666,355594024983374,355594058315374,355594058415458,355594008558750,100084,782,782,355593958411083,355593991766333,355567338640625,780,generated_frame,G,1,355593993033208,0,
1560,355594025098416,355594025098416,355594041649374,355594074981374,355594075081958,355594025199000,100584,782,781,355593958411083,355593958411083,355567338640625,0,real_frame,A,1,355593993033208,0,
1561,355594041812208,355594041812208,355594058315374,355594091647374,355594091748416,355594041913250,101042,783,783,355593991766333,355594025098416,355567338640625,781,generated_frame,G,1,355594026509583,0,
1562,355594058403333,355594058403333,355594074981374,355594108313374,355594108414916,355594058504875,101542,783,782,355593991766333,355593991766333,355567338640625,0,real_frame,B,1,355594026509583,0,
1563,355594075088416,355594075088416,355594091647374,355594124979374,355594125081374,355594075190416,102000,784,784,355594025098416,355594058403333,355567338640625,782,generated_frame,G,1,355594059493291,0,
1564,355594091751208,355594091751208,355594108313374,355594141645374,355594141747916,355594091853750,102542,784,784,355594058403333,355594058403333,355567338640625,0,real_frame,B,1,355594059493291,0,
1565,355594108407000,355594108407000,355594124979374,355594158311374,355594158414333,355594108509959,102959,785,785,355594058403333,355594091751208,355567338640625,783,generated_frame,G,1,355594092859916,0,
1566,355594125076625,355594125076625,355594141645374,355594174977374,355594175080874,355594125180125,103500,785,784,355594058403333,355594058403333,355567338640625,0,real_frame,B,1,355594092859916,0,
1567,355594141744958,355594141744958,355594158311374,355594191643374,355594191747333,355594141848917,103959,786,786,355594091751208,355594125076625,355567338640625,784,generated_frame,G,1,355594126205666,0,
1568,355594158459458,355594158459458,355594174977374,355594208309374,355594208413791,355594158563875,104417,786,786,355594125076625,355594125076625,355567338640625,0,real_frame,B,1,355594126205666,0,
1569,355594175078875,355594175078875,355594191643374,355594224975374,355594225080291,355594175183792,104917,787,787,355594125076625,355594158459458,355567338640625,785,generated_frame,G,1,355594159877583,0,
1570,355594191710125,355594191710125,355594208309374,355594241641374,355594241746749,355594191815500,105375,787,786,355594125076625,355594125076625,355567338640625,0,real_frame,B,1,355594159877583,0,
1571,355594208372916,355594208372916,355594224975374,355594258307374,355594258413291,355594208478833,105917,788,788,355594158459458,355594191710125,355567338640625,786,generated_frame,G,1,355594192556166,0,
1572,355594225058958,355594225058958,355594241641374,355594274973374,355594275079749,355594225165333,106375,788,788,355594191710125,355594191710125,355567338640625,0,real_frame,B,1,355594192556166,0,
1573,355594241757166,355594241757166,355594258307374,355594291639374,355594291746208,355594241864000,106834,789,789,355594191710125,355594225058958,355567338640625,787,generated_frame,G,1,355594225957541,0,
1574,355594258415708,355594258415708,355594274973374,355594308305374,355594308412708,355594258523042,107334,789,789,355594225058958,355594225058958,355567338640625,0,real_frame,A,1,355594225957541,0,
1575,355594275081250,355594275081250,355594291639374,355594324971374,355594325079124,355594275189000,107750,790,790,355594225058958,355594258415708,355567338640625,788,generated_frame,G,1,355594259440666,0,
1576,355594291757625,355594291757625,355594308305374,355594341637374,355594341745666,355594291865917,108292,790,789,355594225058958,355594225058958,355567338640625,0,real_frame,A,1,355594259440666,0,
1577,355594308437250,355594308437250,355594324971374,355594358303374,355594358412124,355594308546000,108750,791,791,355594258415708,355594291757625,355567338640625,789,generated_frame,G,1,355594292969583,0,
1578,355594325104916,355594325104916,355594341637374,355594374969374,355594375078583,355594325214125,109209,791,791,355594291757625,355594291757625,355567338640625,0,real_frame,A,1,355594292969583,0,
1579,355594341768083,355594341768083,355594358303374,355594391635374,355594391745124,355594341877833,109750,792,792,355594291757625,355594325104916,355567338640625,790,generated_frame,G,1,355594326312083,0,
1580,355594358438583,355594358438583,355594374969374,355594408301374,355594408411541,355594358548750,110167,792,791,355594291757625,355594291757625,355567338640625,0,real_frame,A,1,355594326312083,0,
1581,355594375141125,355594375141125,355594391635374,355594424967374,355594425078041,355594375251792,110667,793,793,355594325104916,355594358438583,355567338640625,791,generated_frame,G,1,355594359782208,0,
1582,355594391794500,355594391794500,355594408301374,355594441633374,355594441744499,355594391905625,111125,793,793,355594358438583,355594358438583,355567338640625,0,real_frame,A,1,355594359782208,0,
1583,355594408460500,355594408460500,355594424967374,355594458299374,355594458410999,355594408572125,111625,794,794,355594358438583,355594391794500,355567338640625,792,generated_frame,G,1,355594393391333,0,
1584,355594425113833,355594425113833,355594441633374,355594474965374,355594475077499,355594425225958,112125,794,793,355594358438583,355594358438583,355567338640625,0,real_frame,A,1,355594393391333,0,
1585,355594441743583,355594441743583,355594458299374,355594491631374,355594491743958,355594441856167,112584,795,795,355594391794500,355594425113833,355567338640625,793,generated_frame,G,1,355594426620208,0,
1586,355594458413166,355594458413166,355594474965374,355594508297374,355594508410499,355594458526291,113125,795,794,355594391794500,355594391794500,355567338640625,0,real_frame,B,1,355594426620208,0,
1587,355594475082916,355594475082916,355594491631374,355594524963374,355594525076916,355594475196458,113542,796,796,355594425113833,355594458413166,355567338640625,794,generated_frame,G,1,355594459643125,0,
1588,355594491790083,355594491790083,355594508297374,355594541629374,355594541743416,355594491904125,114042,796,796,355594458413166,355594458413166,355567338640625,0,real_frame,B,1,355594459643125,0,
1589,355594508370166,355594508370166,355594524963374,355594558295374,355594558409916,355594508484708,114542,797,797,355594458413166,355594491790083,355567338640625,795,generated_frame,G,1,355594493355250,0,
1590,355594524996166,355594524996166,355594541629374,355594574961374,355594575076333,355594525111125,114959,797,796,355594458413166,355594458413166,355567338640625,0,real_frame,B,1,355594493355250,0,
1591,355594541662958,355594541662958,355594558295374,355594591627374,355594591742874,355594541778458,115500,798,798,355594491790083,355594524996166,355567338640625,796,generated_frame,G,1,355594525725166,0,
1592,355594558330541,355594558330541,355594574961374,355594608293374,355594608409333,355594558446500,115959,798,798,355594524996166,355594524996166,355567338640625,0,real_frame,B,1,355594525725166,0,
1593,355594575027083,355594575027083,355594591627374,355594624959374,355594625075833,355594575143542,116459,799,799,355594524996166,355594558330541,355567338640625,797,generated_frame,G,1,355594559041666,0,
1594,355594591727583,355594591727583,355594608293374,355594641625374,355594641742291,355594591844500,116917,799,799,355594558330541,355594558330541,355567338640625,0,real_frame,A,1,355594559041666,0,
1595,355594608376708,355594608376708,355594624959374,355594658291374,355594658408749,355594608494083,117375,800,800,355594558330541,355594591727583,355567338640625,798,generated_frame,G,1,355594592717000,0,
1596,355594625066250,355594625066250,355594641625374,355594674957374,355594675075291,355594625184167,117917,800,799,355594558330541,355594558330541,355567338640625,0,real_frame,A,1,355594592717000,0,
1597,355594641743250,355594641743250,355594658291374,355594691623374,355594691741791,355594641861667,118417,801,801,355594591727583,355594625066250,355567338640625,799,generated_frame,G,1,355594626109041,0,
1598,355594658396708,355594658396708,355594674957374,355594708289374,355594708408208,355594658515542,118834,801,800,355594591727583,355594591727583,355567338640625,0,real_frame,B,1,355594626109041,0,
1599,355594675100791,355594675100791,355594691623374,355594724955374,355594725074749,355594675220166,119375,802,802,355594625066250,355594658396708,355567338640625,800,generated_frame,G,1,355594659500375,0,
1600,355594691845666,355594691845666,355594708289374,355594741621374,355594741741208,355594691965500,119834,802,802,355594658396708,355594658396708,355567338640625,0,real_frame,B,1,355594659500375,0,
1601,355594708397166,355594708397166,355594724955374,355594758287374,355594758407666,355594708517458,120292,803,803,355594658396708,355594691845666,355567338640625,801,generated_frame,G,1,355594693818500,0,
1602,355594725055875,355594725055875,355594741621374,355594774953374,355594775074166,355594725176667,120792,803,802,355594658396708,355594658396708,355567338640625,0,real_frame,B,1,355594693818500,0,
1603,355594741710708,355594741710708,355594758287374,355594791619374,355594791740624,355594741831958,121250,804,804,355594691845666,355594725055875,355567338640625,802,generated_frame,G,1,355594726201875,0,
1604,355594758394541,355594758394541,355594774953374,355594808285374,355594808407166,355594758516333,121792,804,804,355594725055875,355594725055875,355567338640625,0,real_frame,B,1,355594726201875,0,
1605,355594775037875,355594775037875,355594791619374,355594824951374,355594825073583,355594775160084,122209,805,805,355594725055875,355594758394541,355567338640625,803,generated_frame,G,1,355594759672666,0,
1606,355594791731875,355594791731875,355594808285374,355594841617374,355594841740124,355594791854625,122750,805,804,355594725055875,355594725055875,355567338640625,0,real_frame,B,1,355594759672666,0,
1607,355594808410916,355594808410916,355594824951374,355594858283374,355594858406583,355594808534125,123209,806,806,355594758394541,355594791731875,355567338640625,804,generated_frame,G,1,355594793022416,0,
1608,355594825123083,355594825123083,355594841617374,355594874949374,355594875072999,355594825246708,123625,806,806,355594791731875,355594791731875,355567338640625,0,real_frame,B,1,355594793022416,0,
1609,355594841752666,355594841752666,355594858283374,355594891615374,355594891739499,355594841876791,124125,807,807,355594791731875,355594825123083,355567338640625,805,generated_frame,G,1,355594826773625,0,
1610,355594858453416,355594858453416,355594874949374,355594908281374,355594908406249,355594858578291,124875,807,806,355594791731875,355594791731875,355567338640625,0,real_frame,B,1,355594826773625,0,
1611,355594875156500,355594875156500,355594891615374,355594924947374,355594925072499,355594875281625,125125,808,808,355594825123083,355594858453416,355567338640625,806,generated_frame,G,1,355594860064541,0,
1612,355594891702958,355594891702958,355594908281374,355594941613374,355594941738999,355594891828583,125625,808,807,355594825123083,355594825123083,355567338640625,0,real_frame,A,1,355594860064541,0,
1613,355594908434125,355594908434125,355594924947374,355594958279374,355594958405458,355594908560209,126084,809,809,355594858453416,355594891702958,355567338640625,807,generated_frame,G,1,355594892892958,0,
1614,355594925092500,355594925092500,355594941613374,355594974945374,355594975071958,355594925219084,126584,809,809,355594891702958,355594891702958,355567338640625,0,real_frame,A,1,355594892892958,0,
1615,355594941715291,355594941715291,355594958279374,355594991611374,355594991738416,355594941842333,127042,810,810,355594891702958,355594925092500,355567338640625,808,generated_frame,G,1,355594926342083,0,
1616,355594958391000,355594958391000,355594974945374,355595008277374,355595008404874,355594958518500,127500,810,809,355594891702958,355594891702958,355567338640625,0,real_frame,A,1,355594926342083,0,
1617,355594975048541,355594975048541,355594991611374,355595024943374,355595025071374,355594975176541,128000,811,811,355594925092500,355594958391000,355567338640625,809,generated_frame,G,1,355594959491166,0,
1618,355594991758250,355594991758250,355595008277374,355595041609374,355595041737916,355594991886792,128542,811,811,355594958391000,355594958391000,355567338640625,0,real_frame,A,1,355594959491166,0,
1619,355595008404541,355595008404541,355595024943374,355595058275374,355595058404374,355595008533541,129000,812,812,355594958391000,355594991758250,355567338640625,810,generated_frame,G,1,355594993187583,0,
1620,355595025087875,355595025087875,355595041609374,355595074941374,355595075070791,355595025217292,129417,812,811,355594958391000,355594958391000,355567338640625,0,real_frame,A,1,355594993187583,0,
1621,355595041756875,355595041756875,355595058275374,355595091607374,355595091737249,355595041886750,129875,813,813,355594991758250,355595025087875,355567338640625,811,generated_frame,G,1,355595026490083,0,
1622,355595058455750,355595058455750,355595074941374,355595108273374,355595108403749,355595058586125,130375,813,813,355595025087875,355595025087875,355567338640625,0,real_frame,A,1,355595026490083,0,
1623,355595075087458,355595075087458,355595091607374,355595124939374,355595125070249,355595075218333,130875,814,814,355595025087875,355595058455750,355567338640625,812,generated_frame,G,1,355595059893291,0,
1624,355595091763416,355595091763416,355595108273374,355595141605374,355595141736749,355595091894791,131375,814,813,355595025087875,355595025087875,355567338640625,0,real_frame,A,1,355595059893291,0,
1625,355595108411583,355595108411583,355595124939374,355595158271374,355595158403208,355595108543417,131834,815,815,355595058455750,355595091763416,355567338640625,813,generated_frame,G,1,355595093266041,0,
1626,355595125087833,355595125087833,355595141605374,355595174937374,355595175069666,355595125220125,132292,815,815,355595091763416,355595091763416,355567338640625,0,real_frame,A,1,355595093266041,0,
1627,355595141906416,355595141906416,355595158401749,355595191733749,355595191736166,355595141908833,2417,816,816,355595091763416,355595125087833,355567338640625,814,generated_frame,G,1,355595126782833,0,
1628,355595158544875,355595158544875,355595175067749,355595208399749,355595208402624,355595158547750,2875,816,816,355595125087833,355595125087833,355567338640625,0,real_frame,B,1,355595126782833,0,
1629,355595175235125,355595175235125,355595191733749,355595225065749,355595225069166,355595175238542,3417,817,817,355595125087833,355595158544875,355567338640625,815,generated_frame,G,1,355595160246208,0,
1630,355595191892458,355595191892458,355595208399749,355595241731749,355595241735583,355595191896292,3834,817,816,355595125087833,355595125087833,355567338640625,0,real_frame,B,1,355595160246208,0,
1631,355595208530291,355595208530291,355595225065749,355595258397749,355595258402166,355595208534708,4417,818,818,355595158544875,355595191892458,355567338640625,816,generated_frame,G,1,355595193473375,0,
1632,355595227781625,355595227781625,355595241731749,355595275063749,355595275068583,355595227786459,4834,818,818,355595191892458,355595191892458,355567338640625,0,real_frame,B,1,355595193473375,0,
1633,355595241764416,355595241764416,355595258397749,355595291729749,355595291735083,355595241769750,5334,819,819,355595191892458,355595227781625,355567338640625,817,generated_frame,G,1,355595232075750,0,
1634,355595258481125,355595258481125,355595275063749,355595308395749,355595308401583,355595258486959,5834,819,818,355595191892458,355595191892458,355567338640625,0,real_frame,B,1,355595232075750,0,
1635,355595275176208,355595275176208,355595291729749,355595325061749,355595325068041,355595275182500,6292,820,820,355595227781625,355595258481125,355567338640625,818,generated_frame,G,1,355595259427291,0,
1636,355595291825958,355595291825958,355595308395749,355595341727749,355595341734541,355595291832750,6792,820,820,355595258481125,355595258481125,355567338640625,0,real_frame,B,1,355595259427291,0,
1637,355595308508208,355595308508208,355595325061749,355595358393749,355595358401041,355595308515500,7292,821,821,355595258481125,355595291825958,355567338640625,819,generated_frame,G,1,355595292966625,0,
1638,355595325180333,355595325180333,355595341727749,355595375059749,355595375067541,355595325188125,7792,821,821,355595291825958,355595291825958,355567338640625,0,real_frame,A,1,355595292966625,0,
1639,355595341845750,355595341845750,355595358393749,355595391725749,355595391733958,355595341853959,8209,822,822,355595291825958,355595325180333,355567338640625,820,generated_frame,G,1,355595326413416,0,
1640,355595358542416,355595358542416,355595375059749,355595408391749,355595408400416,355595358551083,8667,822,822,355595325180333,355595325180333,355567338640625,0,real_frame,B,1,355595326413416,0,
1641,355595375198333,355595375198333,355595391725749,355595425057749,355595425066916,355595375207500,9167,823,823,355595325180333,355595358542416,355567338640625,821,generated_frame,G,1,355595360034666,0,
1642,355595391868625,355595391868625,355595408391749,355595441723749,355595441733416,355595391878292,9667,823,822,355595325180333,355595325180333,355567338640625,0,real_frame,B,1,355595360034666,0,
1643,355595408551416,355595408551416,355595425057749,355595458389749,355595458399916,355595408561583,10167,824,824,355595358542416,355595391868625,355567338640625,822,generated_frame,G,1,355595393649958,0,
1644,355595425195750,355595425195750,355595441723749,355595475055749,355595475066333,355595425206334,10584,824,824,355595391868625,355595391868625,355567338640625,0,real_frame,B,1,355595393649958,0,
1645,355595441840041,355595441840041,355595458389749,355595491721749,355595491732874,355595441851166,11125,825,825,355595391868625,355595425195750,355567338640625,823,generated_frame,G,1,355595426552708,0,
1646,355595458502375,355595458502375,355595475055749,355595508387749,355595508399374,355595458514000,11625,825,824,355595391868625,355595391868625,355567338640625,0,real_frame,B,1,355595426552708,0,
1647,355595475193583,355595475193583,355595491721749,355595525053749,355595525065749,355595475205583,12000,826,826,355595425195750,355595458502375,355567338640625,824,generated_frame,G,1,355595459815541,0,
1648,355595491865125,355595491865125,355595508387749,355595541719749,355595541732249,355595491877625,12500,826,826,355595458502375,355595458502375,355567338640625,0,real_frame,B,1,355595459815541,0,
1649,355595508538958,355595508538958,355595525053749,355595558385749,355595558398791,355595508552000,13042,827,827,355595458502375,355595491865125,355567338640625,825,generated_frame,G,1,355595493388916,0,
1650,355595525217125,355595525217125,355595541719749,355595575051749,355595575065374,355595525230750,13625,827,826,355595458502375,355595458502375,355567338640625,0,real_frame,B,1,355595493388916,0,
1651,355595541883625,355595541883625,355595558385749,355595591717749,355595591731666,355595541897542,13917,828,828,355595491865125,355595525217125,355567338640625,826,generated_frame,G,1,355595526894208,0,
1652,355595558465250,355595558465250,355595575051749,355595608383749,355595608398291,355595558479792,14542,828,827,355595491865125,355595491865125,355567338640625,0,real_frame,A,1,355595526894208,0,
1653,355595575160666,355595575160666,355595591717749,355595625049749,355595625064666,355595575175583,14917,829,829,355595525217125,355595558465250,355567338640625,827,generated_frame,G,1,355595559657083,0,
1654,355595591847250,355595591847250,355595608383749,355595641715749,355595641731166,355595591862667,15417,829,829,355595558465250,355595558465250,355567338640625,0,real_frame,A,1,355595559657083,0,
1655,355595608488458,355595608488458,355595625049749,355595658381749,355595658397666,355595608504375,15917,830,830,355595558465250,355595591847250,355567338640625,828,generated_frame,G,1,355595592984000,0,
1656,355595625174791,355595625174791,355595641715749,355595675047749,355595675064124,355595625191166,16375,830,829,355595558465250,355595558465250,355567338640625,0,real_frame,A,1,355595592984000,0,
1657,355595641826041,355595641826041,355595658381749,355595691713749,355595691730666,355595641842958,16917,831,831,355595591847250,355595625174791,355567338640625,829,generated_frame,G,1,355595626556375,0,
1658,355595658472000,355595658472000,355595675047749,355595708379749,355595708397083,355595658489334,17334,831,830,355595591847250,355595591847250,355567338640625,0,real_frame,B,1,355595626556375,0,
1659,355595675172750,355595675172750,355595691713749,355595725045749,355595725063583,355595675190584,17834,832,832,355595625174791,355595658472000,355567338640625,830,generated_frame,G,1,355595659709125,0,
1660,355595691828375,355595691828375,355595708379749,355595741711749,355595741730041,355595691846667,18292,832,832,355595658472000,355595658472000,355567338640625,0,real_frame,B,1,355595659709125,0,
1661,355595708490500,355595708490500,355595725045749,355595758377749,355595758396541,355595708509292,18792,833,833,355595658472000,355595691828375,355567338640625,831,generated_frame,G,1,355595694442416,0,
1662,355595725151958,355595725151958,355595741711749,355595775043749,355595775062999,355595725171208,19250,833,832,355595658472000,355595658472000,355567338640625,0,real_frame,B,1,355595694442416,0,
1663,355595741872625,355595741872625,355595758377749,355595791709749,355595791729499,355595741892375,19750,834,834,355595691828375,355595725151958,355567338640625,832,generated_frame,G,1,355595726442666,0,
1664,355595758516958,355595758516958,355595775043749,355595808375749,355595808396083,355595758537292,20334,834,834,355595725151958,355595725151958,355567338640625,0,real_frame,B,1,355595726442666,0,
1665,355595775785625,355595775785625,355595791709749,355595825041749,355595825062499,355595775806375,20750,835,835,355595725151958,355595758516958,355567338640625,833,generated_frame,G,1,355595759899541,0,
1666,355595791907333,355595791907333,355595808375749,355595841707749,355595841728916,355595791928500,21167,835,835,355595758516958,355595758516958,355567338640625,0,real_frame,A,1,355595759899541,0,
1667,355595808541750,355595808541750,355595825041749,355595858373749,355595858395416,355595808563417,21667,836,836,355595758516958,355595791907333,355567338640625,834,generated_frame,G,1,355595793650250,0,
1668,355595825222958,355595825222958,355595841707749,355595875039749,355595875061833,355595825245042,22084,836,835,355595758516958,355595758516958,355567338640625,0,real_frame,A,1,355595793650250,0,
1669,355595841854041,355595841854041,355595858373749,355595891705749,355595891728374,355595841876666,22625,837,837,355595791907333,355595825222958,355567338640625,835,generated_frame,G,1,355595826704291,0,
1670,355595858562083,355595858562083,355595875039749,355595908371749,355595908394833,355595858585167,23084,837,837,355595825222958,355595825222958,355567338640625,0,real_frame,A,1,355595826704291,0,
1671,355595875179500,355595875179500,355595891705749,355595925037749,355595925061374,355595875203125,23625,838,838,355595825222958,355595858562083,355567338640625,836,generated_frame,G,1,355595860274041,0,
1672,355595891967375,355595891967375,355595908371749,355595941703749,355595941727874,355595891991500,24125,838,838,355595858562083,355595858562083,355567338640625,0,real_frame,B,1,355595860274041,0,
1673,355595908578833,355595908578833,355595925037749,355595958369749,355595958394291,355595908603375,24542,839,839,355595858562083,355595891967375,355567338640625,837,generated_frame,G,1,355595893951750,0,
1674,355595925209041,355595925209041,355595941703749,355595975035749,355595975060749,355595925234041,25000,839,838,355595858562083,355595858562083,355567338640625,0,real_frame,B,1,355595893951750,0,
1675,355595941861541,355595941861541,355595958369749,355595991701749,355595991727249,355595941887041,25500,840,840,355595891967375,355595925209041,355567338640625,838,generated_frame,G,1,355595927793708,0,
1676,355595963534375,355595963534375,355595975035749,355596008367749,355596008393791,355595963560417,26042,840,840,355595925209041,355595925209041,355567338640625,0,real_frame,B,1,355595927793708,0,
1677,355595975128208,355595975128208,355595991701749,355596025033749,355596025060249,355595975154708,26500,841,841,355595925209041,355595963534375,355567338640625,839,generated_frame,G,1,355595966397791,0,
1678,355595991759375,355595991759375,355596008367749,355596041699749,355596041726749,355595991786375,27000,841,840,355595925209041,355595925209041,355567338640625,0,real_frame,B,1,355595966397791,0,
1679,355596008404708,355596008404708,355596025033749,355596058365749,355596058393208,355596008432167,27459,842,842,355595963534375,355595991759375,355567338640625,840,generated_frame,G,1,355595992900250,0,
1680,355596025186500,355596025186500,355596041699749,355596075031749,355596075059666,355596025214417,27917,842,842,355595991759375,355595991759375,355567338640625,0,real_frame,B,1,355595992900250,0,
1681,355596041844000,355596041844000,355596058365749,355596091697749,355596091726124,355596041872375,28375,843,843,355595991759375,355596025186500,355567338640625,841,generated_frame,G,1,355596026714958,0,
1682,355596058528875,355596058528875,355596075031749,355596108363749,355596108392708,355596058557834,28959,843,842,355595991759375,355595991759375,355567338640625,0,real_frame,B,1,355596026714958,0,
1683,355596075273958,355596075273958,355596091697749,355596125029749,355596125059166,355596075303375,29417,844,844,355596025186500,355596058528875,355567338640625,842,generated_frame,G,1,355596060121083,0,
1684,355596091897750,355596091897750,355596108363749,355596141695749,355596141725583,355596091927584,29834,844,844,355596058528875,355596058528875,355567338640625,0,real_frame,B,1,355596060121083,0,
1685,355596108506083,355596108506083,355596125029749,355596158361749,355596158392083,355596108536417,30334,845,845,355596058528875,355596091897750,355567338640625,843,generated_frame,G,1,355596093650750,0,
1686,355596125179625,355596125179625,355596141695749,355596175027749,355596175058541,355596125210417,30792,845,844,355596058528875,355596058528875,355567338640625,0,real_frame,B,1,355596093650750,0,
1687,355596141810291,355596141810291,355596158361749,355596191693749,355596191725041,355596141841583,31292,846,846,355596091897750,355596125179625,355567338640625,844,generated_frame,G,1,355596126366958,0,
1688,355596158480583,355596158480583,355596175027749,355596208359749,355596208391583,355596158512417,31834,846,846,355596125179625,355596125179625,355567338640625,0,real_frame,B,1,355596126366958,0,
1689,355596180491875,355596180491875,355596191693749,355596225025749,355596225057999,355596180524125,32250,847,847,355596125179625,355596158480583,355567338640625,845,generated_frame,G,1,355596159791750,0,
1690,355596191769208,355596191769208,355596208359749,355596241691749,355596241724541,355596191802000,32792,848,848,355596158480583,355596180491875,355567338640625,846,generated_frame,G,1,355596181718541,0,
1691,355596208452125,355596208452125,355596225025749,355596258357749,355596258390958,355596208485334,33209,848,848,355596180491875,355596180491875,355567338640625,0,real_frame,B,1,355596181718541,0,
1692,355596225075083,355596225075083,355596241691749,355596275023749,355596275057458,355596225108792,33709,848,848,355596180491875,355596180491875,355567338640625,0,real_frame,B,1,355596181718541,0,
1693,355596241822041,355596241822041,355596258357749,355596291689749,355596291723916,355596241856208,34167,849,849,355596180491875,355596225075083,355567338640625,847,generated_frame,G,1,355596225913125,0,
1694,355596258491583,355596258491583,355596275023749,355596308355749,355596308390458,355596258526292,34709,849,848,355596180491875,355596180491875,355567338640625,0,real_frame,B,1,355596225913125,0,
1695,355596275144166,355596275144166,355596291689749,355596325021749,355596325056874,355596275179291,35125,850,850,355596225075083,355596258491583,355567338640625,848,generated_frame,G,1,355596259741458,0,
1696,355596291859791,355596291859791,355596308355749,355596341687749,355596341723374,355596291895416,35625,850,849,355596225075083,355596225075083,355567338640625,0,real_frame,A,1,355596259741458,0,
1697,355596308532750,355596308532750,355596325021749,355596358353749,355596358389916,355596308568917,36167,851,851,355596258491583,355596291859791,355567338640625,849,generated_frame,G,1,355596293320166,0,
1698,355596325178916,355596325178916,355596341687749,355596375019749,355596375056291,355596325215458,36542,851,850,355596258491583,355596258491583,355567338640625,0,real_frame,B,1,355596293320166,0,
1699,355596341850791,355596341850791,355596358353749,355596391685749,355596391722749,355596341887791,37000,852,852,355596291859791,355596325178916,355567338640625,850,generated_frame,G,1,355596326489708,0,
1700,355596362792166,355596362792166,355596375019749,355596408351749,355596408389333,355596362829750,37584,852,852,355596325178916,355596325178916,355567338640625,0,real_frame,B,1,355596326489708,0,
1701,355596375049541,355596375049541,355596391685749,355596425017749,355596425055749,355596375087541,38000,853,853,355596325178916,355596362792166,355567338640625,851,generated_frame,G,1,355596363540583,0,
1702,355596391741125,355596391741125,355596408351749,355596441683749,355596441722291,355596391779667,38542,853,852,355596325178916,355596325178916,355567338640625,0,real_frame,B,1,355596363540583,0,
1703,355596408385583,355596408385583,355596425017749,355596458349749,355596458388749,355596408424583,39000,854,854,355596362792166,355596391741125,355567338640625,852,generated_frame,G,1,355596392658750,0,
1704,355596425154625,355596425154625,355596441683749,355596475015749,355596475055208,355596425194084,39459,854,854,355596391741125,355596391741125,355567338640625,0,real_frame,B,1,355596392658750,0,
1705,355596441816708,355596441816708,355596458349749,355596491681749,355596491721666,355596441856625,39917,855,855,355596391741125,355596425154625,355567338640625,853,generated_frame,G,1,355596426808333,0,
1706,355596458498083,355596458498083,355596475015749,355596508347749,355596508388166,355596458538500,40417,855,854,355596391741125,355596391741125,355567338640625,0,real_frame,B,1,355596426808333,0,
1707,355596475144833,355596475144833,355596491681749,355596525013749,355596525054666,355596475185750,40917,856,856,355596425154625,355596458498083,355567338640625,854,generated_frame,G,1,355596459975916,0,
1708,355596491829875,355596491829875,355596508347749,355596541679749,355596541721083,355596491871209,41334,856,855,355596425154625,355596425154625,355567338640625,0,real_frame,A,1,355596459975916,0,
1709,355596508492875,355596508492875,355596525013749,355596558345749,355596558387624,355596508534750,41875,857,857,355596458498083,355596491829875,355567338640625,855,generated_frame,G,1,355596493239166,0,
1710,355596525179291,355596525179291,355596541679749,355596575011749,355596575054083,355596525221625,42334,857,857,355596491829875,355596491829875,355567338640625,0,real_frame,A,1,355596493239166,0,
1711,355596541833666,355596541833666,355596558345749,355596591677749,355596591720583,355596541876500,42834,858,858,355596491829875,355596525179291,355567338640625,856,generated_frame,G,1,355596526704375,0,
1712,355596558601958,355596558601958,355596575011749,355596608343749,355596608387124,355596558645333,43375,858,858,355596525179291,355596525179291,355567338640625,0,real_frame,B,1,355596526704375,0,
1713,355596575040750,355596575040750,355596591677749,355596625009749,355596625053541,355596575084542,43792,859,859,355596525179291,355596558601958,355567338640625,857,generated_frame,G,1,355596567343625,0,
1714,355596591774083,355596591774083,355596608343749,355596641675749,355596641720041,355596591818375,44292,859,858,355596525179291,355596525179291,355567338640625,0,real_frame,B,1,355596567343625,0,
1715,355596608432625,355596608432625,355596625009749,355596658341749,355596658386541,355596608477417,44792,860,860,355596558601958,355596591774083,355567338640625,858,generated_frame,G,1,355596592713333,0,
1716,355596625138458,355596625138458,355596641675749,355596675007749,355596675052999,355596625183708,45250,860,860,355596591774083,355596591774083,355567338640625,0,real_frame,B,1,355596592713333,0,
1717,355596641809166,355596641809166,355596658341749,355596691673749,355596691719499,355596641854916,45750,861,861,355596591774083,355596625138458,355567338640625,859,generated_frame,G,1,355596626533875,0,
1718,355596658476375,355596658476375,355596675007749,355596708339749,355596708385958,355596658522584,46209,861,860,355596591774083,355596591774083,355567338640625,0,real_frame,B,1,355596626533875,0,
1719,355596675150625,355596675150625,355596691673749,355596725005749,355596725052416,355596675197292,46667,862,862,355596625138458,355596658476375,355567338640625,860,generated_frame,G,1,355596659914333,0,
1720,355596691822000,355596691822000,355596708339749,355596741671749,355596741718916,355596691869167,47167,862,862,355596658476375,355596658476375,355567338640625,0,real_frame,B,1,355596659914333,0,
1721,355596708495375,355596708495375,355596725005749,355596758337749,355596758385416,355596708543042,47667,863,863,355596658476375,355596691822000,355567338640625,861,generated_frame,G,1,355596693310333,0,
1722,355596725150583,355596725150583,355596741671749,355596775003749,355596775051916,355596725198750,48167,863,862,355596658476375,355596658476375,355567338640625,0,real_frame,B,1,355596693310333,0,
1723,355596741835708,355596741835708,355596758337749,355596791669749,355596791718416,355596741884375,48667,864,864,355596691822000,355596725150583,355567338640625,862,generated_frame,G,1,355596726956750,0,
1724,355596759372583,355596759372583,355596775003749,355596808335749,355596808384916,355596759421750,49167,864,864,355596725150583,355596725150583,355567338640625,0,real_frame,B,1,355596726956750,0,
1725,355596775139708,355596775139708,355596791669749,355596825001749,355596825051333,355596775189292,49584,865,865,355596725150583,355596759372583,355567338640625,863,generated_frame,G,1,355596761052791,0,
1726,355596791789625,355596791789625,355596808335749,355596841667749,355596841717791,355596791839667,50042,865,864,355596725150583,355596725150583,355567338640625,0,real_frame,B,1,355596761052791,0,
1727,355596808474000,355596808474000,355596825001749,355596858333749,355596858384249,355596808524500,50500,866,866,355596759372583,355596791789625,355567338640625,864,generated_frame,G,1,355596792928291,0,
1728,355596825130083,355596825130083,355596841667749,355596874999749,355596875050833,355596825181167,51084,866,866,355596791789625,355596791789625,355567338640625,0,real_frame,B,1,355596792928291,0,
1729,355596841792416,355596841792416,355596858333749,355596891665749,355596891717249,355596841843916,51500,867,867,355596791789625,355596825130083,355567338640625,865,generated_frame,G,1,355596826505916,0,
1730,355596858467791,355596858467791,355596874999749,355596908331749,355596908383833,355596858519875,52084,867,866,355596791789625,355596791789625,355567338640625,0,real_frame,B,1,355596826505916,0,
1731,355596875145250,355596875145250,355596891665749,355596924997749,355596925050166,355596875197667,52417,868,868,355596825130083,355596858467791,355567338640625,866,generated_frame,G,1,355596859793000,0,
1732,355596891729083,355596891729083,355596908331749,355596941663749,355596941716708,355596891782042,52959,868,867,355596825130083,355596825130083,355567338640625,0,real_frame,A,1,355596859793000,0,
1733,355596908417916,355596908417916,355596924997749,355596958329749,355596958383124,355596908471291,53375,869,869,355596858467791,355596891729083,355567338640625,867,generated_frame,G,1,355596892856500,0,
1734,355596925117083,355596925117083,355596941663749,355596974995749,355596975049666,355596925171000,53917,869,869,355596891729083,355596891729083,355567338640625,0,real_frame,A,1,355596892856500,0,
1735,355596941793791,355596941793791,355596958329749,355596991661749,355596991716166,355596941848208,54417,870,870,355596891729083,355596925117083,355567338640625,868,generated_frame,G,1,355596926232291,0,
1736,355596958425250,355596958425250,355596974995749,355597008327749,355597008382583,355596958480084,54834,870,869,355596891729083,355596891729083,355567338640625,0,real_frame,A,1,355596926232291,0,
1737,355596975121250,355596975121250,355596991661749,355597024993749,355597025049083,355596975176584,55334,871,871,355596925117083,355596958425250,355567338640625,869,generated_frame,G,1,355596959758750,0,
1738,355596991791166,355596991791166,355597008327749,355597041659749,355597041715541,355596991846958,55792,871,871,355596958425250,355596958425250,355567338640625,0,real_frame,A,1,355596959758750,0,
1739,355597008469250,355597008469250,355597024993749,355597058325749,355597058382041,355597008525542,56292,872,872,355596958425250,355596991791166,355567338640625,870,generated_frame,G,1,355596993152250,0,
1740,355597025140666,355597025140666,355597041659749,355597074991749,355597075048583,355597025197500,56834,872,871,355596958425250,355596958425250,355567338640625,0,real_frame,A,1,355596993152250,0,
1741,355597041804541,355597041804541,355597058325749,355597091657749,355597091714958,355597041861750,57209,873,873,355596991791166,355597025140666,355567338640625,871,generated_frame,G,1,355597026648833,0,
1742,355597058490541,355597058490541,355597074991749,355597108323749,355597108381499,355597058548291,57750,873,873,355597025140666,355597025140666,355567338640625,0,real_frame,A,1,355597026648833,0,
1743,355597075128333,355597075128333,355597091657749,355597124989749,355597125047958,355597075186542,58209,874,874,355597025140666,355597058490541,355567338640625,872,generated_frame,G,1,355597059932125,0,
1744,355597091717208,355597091717208,355597108323749,355597141655749,355597141714458,355597091775917,58709,874,873,355597025140666,355597025140666,355567338640625,0,real_frame,A,1,355597059932125,0,
1745,355597108365625,355597108365625,355597124989749,355597158321749,355597158380958,355597108424834,59209,875,875,355597058490541,355597091717208,355567338640625,873,generated_frame,G,1,355597092630208,0,
1746,355597125126000,355597125126000,355597141655749,355597174987749,355597175047416,355597125185667,59667,875,875,355597091717208,355597091717208,355567338640625,0,real_frame,A,1,355597092630208,0,
1747,355597141759541,355597141759541,355597158321749,355597191653749,355597191713958,355597141819750,60209,876,876,355597091717208,355597125126000,355567338640625,874,generated_frame,G,1,355597126193625,0,
1748,355597158433833,355597158433833,355597174987749,355597208319749,355597208380374,355597158494458,60625,876,875,355597091717208,355597091717208,355567338640625,0,real_frame,A,1,355597126193625,0,
1749,355597175112708,355597175112708,355597191653749,355597224985749,355597225046874,355597175173833,61125,877,877,355597125126000,355597158433833,355567338640625,875,generated_frame,G,1,355597159805750,0,
1750,355597191805166,355597191805166,355597208319749,355597241651749,355597241713374,355597191866791,61625,877,877,355597158433833,355597158433833,355567338640625,0,real_frame,A,1,355597159805750,0,
1751,355597208450208,355597208450208,355597224985749,355597258317749,355597258379791,355597208512250,62042,878,878,355597158433833,355597191805166,355567338640625,876,generated_frame,G,1,355597193270166,0,
1752,355597225121000,355597225121000,355597241651749,355597274983749,355597275046249,355597225183500,62500,878,877,355597158433833,355597158433833,355567338640625,0,real_frame,A,1,355597193270166,0,
1753,355597241776708,355597241776708,355597258317749,355597291649749,355597291712749,355597241839708,63000,879,879,355597191805166,355597225121000,355567338640625,877,generated_frame,G,1,355597226542416,0,
1754,355597263414166,355597263414166,355597274983749,355597308315749,355597308379249,355597263477666,63500,879,879,355597225121000,355597225121000,355567338640625,0,real_frame,A,1,355597226542416,0,
1755,355597275017666,355597275017666,355597291649749,355597324981749,355597325045749,355597275081666,64000,880,880,355597225121000,355597263414166,355567338640625,878,generated_frame,G,1,355597265194333,0,
1756,355597291729250,355597291729250,355597308315749,355597341647749,355597341712208,355597291793709,64459,880,879,355597225121000,355597225121000,355567338640625,0,real_frame,A,1,355597265194333,0,
1757,355597308357375,355597308357375,355597324981749,355597358313749,355597358378749,355597308422375,65000,881,881,355597263414166,355597291729250,355567338640625,879,generated_frame,G,1,355597292643166,0,
1758,355597325026750,355597325026750,355597341647749,355597374979749,355597375045208,355597325092209,65459,881,881,355597291729250,355597291729250,355567338640625,0,real_frame,A,1,355597292643166,0,
1759,355597341702375,355597341702375,355597358313749,355597391645749,355597391711708,355597341768334,65959,882,882,355597291729250,355597325026750,355567338640625,880,generated_frame,G,1,355597325857791,0,
1760,355597358361250,355597358361250,355597374979749,355597408311749,355597408378124,355597358427625,66375,882,882,355597325026750,355597325026750,355567338640625,0,real_frame,B,1,355597325857791,0,
1761,355597375024458,355597375024458,355597391645749,355597424977749,355597425044666,355597375091375,66917,883,883,355597325026750,355597358361250,355567338640625,881,generated_frame,G,1,355597359318708,0,
1762,355597391681750,355597391681750,355597408311749,355597441643749,355597441711083,355597391749084,67334,883,882,355597325026750,355597325026750,355567338640625,0,real_frame,B,1,355597359318708,0,
1763,355597408344458,355597408344458,355597424977749,355597458309749,355597458377541,355597408412250,67792,884,884,355597358361250,355597391681750,355567338640625,882,generated_frame,G,1,355597392700541,0,
1764,355597425018541,355597425018541,355597441643749,355597474975749,355597475044041,355597425086833,68292,884,884,355597391681750,355597391681750,355567338640625,0,real_frame,B,1,355597392700541,0,
1765,355597441788791,355597441788791,355597458309749,355597491641749,355597491710583,355597441857625,68834,885,885,355597391681750,355597425018541,355567338640625,883,generated_frame,G,1,355597426132625,0,
1766,355597458502833,355597458502833,355597474975749,355597508307749,355597508377041,355597458572125,69292,885,885,355597425018541,355597425018541,355567338640625,0,real_frame,A,1,355597426132625,0,
1767,355597475124958,355597475124958,355597491641749,355597524973749,355597525043458,355597475194667,69709,886,886,355597425018541,355597458502833,355567338640625,884,generated_frame,G,1,355597460150166,0,
1768,355597491790583,355597491790583,355597508307749,355597541639749,,,,886,885,355597425018541,355597425018541,355567338640625,0,real_frame,A,1,355597460150166,1,drawable_presented_time_unavailable
1769,355597508454166,355597508454166,355597524973749,355597558305749,355597558376458,355597508524875,70709,887,887,355597458502833,355597491790583,355567338640625,885,generated_frame,G,1,355597493326958,0,
1770,355597545832541,355597545832541,355597562483374,355597595815374,355597608375916,355597558393083,12560542,887,887,355597491790583,355597491790583,355567338640625,0,real_frame,A,1,355597493326958,0,
1771,355597575063083,355597575063083,355597591637749,355597624969749,355597625042374,355597575135708,72625,888,888,355597491790583,355597545832541,355567338640625,886,generated_frame,G,1,355597546615583,0,
1772,355597591682333,355597591682333,355597608303749,355597641635749,355597641708874,355597591755458,73125,889,889,355597545832541,355597575063083,355567338640625,887,generated_frame,G,1,355597576060541,0,
1773,355597608403541,355597608403541,355597624969749,355597658301749,355597658375374,355597608477166,73625,890,890,355597591682333,355597591682333,355567338640625,0,real_frame,B,1,355597592563500,0,
1774,355597625086291,355597625086291,355597641635749,355597674967749,355597675042083,355597625160625,74334,890,890,355597591682333,355597591682333,355567338640625,0,real_frame,B,1,355597592563500,0,
1775,355597641750958,355597641750958,355597658301749,355597691633749,355597691708333,355597641825542,74584,891,891,355597591682333,355597625086291,355567338640625,889,generated_frame,G,1,355597626332541,0,
1776,355597658465250,355597658465250,355597674967749,355597708299749,355597708374833,355597658540334,75084,891,890,355597591682333,355597591682333,355567338640625,0,real_frame,B,1,355597626332541,0,
1777,355597675113375,355597675113375,355597691633749,355597724965749,355597725041291,355597675188917,75542,892,892,355597625086291,355597658465250,355567338640625,890,generated_frame,G,1,355597659991250,0,
1778,355597691826666,355597691826666,355597708299749,355597741631749,355597741707791,355597691902708,76042,892,891,355597625086291,355597625086291,355567338640625,0,real_frame,A,1,355597659991250,0,
1779,355597708378291,355597708378291,355597724965749,355597758297749,355597758374249,355597708454791,76500,893,893,355597658465250,355597691826666,355567338640625,891,generated_frame,G,1,355597693660083,0,
1780,355597724993750,355597724993750,355597741631749,355597774963749,355597775040708,355597725070709,76959,893,892,355597658465250,355597658465250,355567338640625,0,real_frame,B,1,355597693660083,0,
1781,355597741725583,355597741725583,355597758297749,355597791629749,355597791707208,355597741803042,77459,894,894,355597691826666,355597724993750,355567338640625,892,generated_frame,G,1,355597725836416,0,
1782,355597758367250,355597758367250,355597774963749,355597808295749,355597808373749,355597758445250,78000,894,894,355597724993750,355597724993750,355567338640625,0,real_frame,B,1,355597725836416,0,
1783,355597775068083,355597775068083,355597791629749,355597824961749,355597825040166,355597775146500,78417,895,895,355597724993750,355597758367250,355567338640625,893,generated_frame,G,1,355597759417125,0,
1784,355597791749375,355597791749375,355597808295749,355597841627749,355597841706666,355597791828292,78917,895,895,355597758367250,355597758367250,355567338640625,0,real_frame,A,1,355597759417125,0,
1785,355597808428333,355597808428333,355597824961749,355597858293749,355597858373124,355597808507708,79375,896,896,355597758367250,355597791749375,355567338640625,894,generated_frame,G,1,355597792988875,0,
1786,355597825107083,355597825107083,355597841627749,355597874959749,355597875039624,355597825186958,79875,896,895,355597758367250,355597758367250,355567338640625,0,real_frame,A,1,355597792988875,0,
1787,355597841804333,355597841804333,355597858293749,355597891625749,355597891706041,355597841884625,80292,897,897,355597791749375,355597825107083,355567338640625,895,generated_frame,G,1,355597826489208,0,
1788,355597858467583,355597858467583,355597874959749,355597908291749,355597908372583,355597858548417,80834,897,897,355597825107083,355597825107083,355567338640625,0,real_frame,A,1,355597826489208,0,
1789,355597875090291,355597875090291,355597891625749,355597924957749,355597925039083,355597875171625,81334,898,898,355597825107083,355597858467583,355567338640625,896,generated_frame,G,1,355597860027000,0,
1790,355597891772375,355597891772375,355597908291749,355597941623749,355597941705541,355597891854167,81792,898,897,355597825107083,355597825107083,355567338640625,0,real_frame,A,1,355597860027000,0,
1791,355597908565750,355597908565750,355597924957749,355597958289749,355597958372041,355597908648042,82292,899,899,355597858467583,355597891772375,355567338640625,897,generated_frame,G,1,355597893258666,0,
1792,355597925099041,355597925099041,355597941623749,355597974955749,355597975038499,355597925181791,82750,899,899,355597891772375,355597891772375,355567338640625,0,real_frame,A,1,355597893258666,0,
1793,355597941771500,355597941771500,355597958289749,355597991621749,355597991704999,355597941854750,83250,900,900,355597891772375,355597925099041,355567338640625,898,generated_frame,G,1,355597926316583,0,
1794,355597958401000,355597958401000,355597974955749,355598008287749,355598008371416,355597958484667,83667,900,899,355597891772375,355597891772375,355567338640625,0,real_frame,A,1,355597926316583,0,
1795,355597975082375,355597975082375,355597991621749,355598024953749,355598025037958,355597975166584,84209,901,901,355597925099041,355597958401000,355567338640625,899,generated_frame,G,1,355597959604666,0,
1796,355597991770791,355597991770791,355598008287749,355598041619749,355598041704416,355597991855458,84667,901,901,355597958401000,355597958401000,355567338640625,0,real_frame,A,1,355597959604666,0,
1797,355598008410000,355598008410000,355598024953749,355598058285749,355598058370916,355598008495167,85167,902,902,355597958401000,355597991770791,355567338640625,900,generated_frame,G,1,355597993268125,0,
1798,355598025174875,355598025174875,355598041619749,355598074951749,355598075037374,355598025260500,85625,902,902,355597991770791,355597991770791,355567338640625,0,real_frame,B,1,355597993268125,0,
1799,355598041672375,355598041672375,355598058285749,355598091617749,355598091703916,355598041758542,86167,903,903,355597991770791,355598025174875,355567338640625,901,generated_frame,G,1,355598030648625,0,
1800,355598058379625,355598058379625,355598074951749,355598108283749,355598108370333,355598058466209,86584,903,902,355597991770791,355597991770791,355567338640625,0,real_frame,B,1,355598030648625,0,
1801,355598075043333,355598075043333,355598091617749,355598124949749,355598125036874,355598075130458,87125,904,904,355598025174875,355598058379625,355567338640625,902,generated_frame,G,1,355598059349958,0,
1802,355598091760375,355598091760375,355598108283749,355598141615749,355598141703333,355598091847959,87584,904,904,355598058379625,355598058379625,355567338640625,0,real_frame,B,1,355598059349958,0,
1803,355598108395166,355598108395166,355598124949749,355598158281749,355598158369833,355598108483250,88084,905,905,355598058379625,355598091760375,355567338640625,903,generated_frame,G,1,355598093180291,0,
1804,355598125098625,355598125098625,355598141615749,355598174947749,355598175036249,355598125187125,88500,905,904,355598058379625,355598058379625,355567338640625,0,real_frame,B,1,355598093180291,0,
1805,355598141741458,355598141741458,355598158281749,355598191613749,355598191702708,355598141830417,88959,906,906,355598091760375,355598125098625,355567338640625,904,generated_frame,G,1,355598126366875,0,
1806,355598158405916,355598158405916,355598174947749,355598208279749,355598208369249,355598158495416,89500,906,905,355598091760375,355598091760375,355567338640625,0,real_frame,A,1,355598126366875,0,
1807,355598175105708,355598175105708,355598191613749,355598224945749,355598225035708,355598175195667,89959,907,907,355598125098625,355598158405916,355567338640625,905,generated_frame,G,1,355598159834458,0,
1808,355598191684750,355598191684750,355598208279749,355598241611749,355598241702208,355598191775209,90459,907,906,355598125098625,355598125098625,355567338640625,0,real_frame,B,1,355598159834458,0,
1809,355598208320000,355598208320000,355598224945749,355598258277749,355598258368666,355598208410917,90917,908,908,355598158405916,355598191684750,355567338640625,906,generated_frame,G,1,355598193837208,0,
1810,355598225026583,355598225026583,355598241611749,355598274943749,355598275035166,355598225118000,91417,908,908,355598191684750,355598191684750,355567338640625,0,real_frame,B,1,355598193837208,0,
1811,355598241738750,355598241738750,355598258277749,355598291609749,355598291701666,355598241830667,91917,909,909,355598191684750,355598225026583,355567338640625,907,generated_frame,G,1,355598226008041,0,
1812,355598258420000,355598258420000,355598274943749,355598308275749,355598308368124,355598258512375,92375,909,909,355598225026583,355598225026583,355567338640625,0,real_frame,A,1,355598226008041,0,
1813,355598275049333,355598275049333,355598291609749,355598324941749,355598325034541,355598275142125,92792,910,910,355598225026583,355598258420000,355567338640625,908,generated_frame,G,1,355598259527125,0,
1814,355598291715666,355598291715666,355598308275749,355598341607749,355598341701083,355598291809000,93334,910,909,355598225026583,355598225026583,355567338640625,0,real_frame,A,1,355598259527125,0,
1815,355598308406500,355598308406500,355598324941749,355598358273749,355598358367541,355598308500292,93792,911,911,355598258420000,355598291715666,355567338640625,909,generated_frame,G,1,355598292812958,0,
1816,355598325052458,355598325052458,355598341607749,355598374939749,355598375034083,355598325146792,94334,911,911,355598291715666,355598291715666,355567338640625,0,real_frame,A,1,355598292812958,0,
1817,355598341740875,355598341740875,355598358273749,355598391605749,355598391700499,355598341835625,94750,912,912,355598291715666,355598325052458,355567338640625,910,generated_frame,G,1,355598326107083,0,
1818,355598358396625,355598358396625,355598374939749,355598408271749,355598408367041,355598358491917,95292,912,912,355598325052458,355598325052458,355567338640625,0,real_frame,B,1,355598326107083,0,
1819,355598375079791,355598375079791,355598391605749,355598424937749,355598425033499,355598375175541,95750,913,913,355598325052458,355598358396625,355567338640625,911,generated_frame,G,1,355598359576666,0,
1820,355598391726125,355598391726125,355598408271749,355598441603749,355598441699958,355598391822334,96209,913,912,355598325052458,355598325052458,355567338640625,0,real_frame,B,1,355598359576666,0,
1821,355598408458500,355598408458500,355598424937749,355598458269749,355598458366458,355598408555209,96709,914,914,355598358396625,355598391726125,355567338640625,912,generated_frame,G,1,355598392909583,0,
1822,355598425113875,355598425113875,355598441603749,355598474935749,355598475032958,355598425211084,97209,914,914,355598391726125,355598391726125,355567338640625,0,real_frame,B,1,355598392909583,0,
1823,355598441745833,355598441745833,355598458269749,355598491601749,355598491699416,355598441843500,97667,915,915,355598391726125,355598425113875,355567338640625,913,generated_frame,G,1,355598426622416,0,
1824,355598458413708,355598458413708,355598474935749,355598508267749,355598508365916,355598458511875,98167,915,914,355598391726125,355598391726125,355567338640625,0,real_frame,B,1,355598426622416,0,
1825,355598475076000,355598475076000,355598491601749,355598524933749,355598525032374,355598475174625,98625,916,916,355598425113875,355598458413708,355567338640625,914,generated_frame,G,1,355598459656208,0,
1826,355598491725416,355598491725416,355598508267749,355598541599749,355598541698874,355598491824541,99125,916,916,355598458413708,355598458413708,355567338640625,0,real_frame,B,1,355598459656208,0,
1827,355598508417625,355598508417625,355598524933749,355598558265749,355598558365333,355598508517209,99584,917,917,355598458413708,355598491725416,355567338640625,915,generated_frame,G,1,355598493078916,0,
1828,355598525083208,355598525083208,355598541599749,355598574931749,355598575031791,355598525183250,100042,917,917,355598491725416,355598491725416,355567338640625,0,real_frame,A,1,355598493078916,0,
1829,355598541736666,355598541736666,355598558265749,355598591597749,355598591698291,355598541837208,100542,918,918,355598491725416,355598525083208,355567338640625,916,generated_frame,G,1,355598526549250,0,
1830,355598558439541,355598558439541,355598574931749,355598608263749,355598608364749,355598558540541,101000,918,917,355598491725416,355598491725416,355567338640625,0,real_frame,A,1,355598526549250,0,
1831,355598575070125,355598575070125,355598591597749,355598624929749,355598625031249,355598575171625,101500,919,919,355598525083208,355598558439541,355567338640625,917,generated_frame,G,1,355598560104666,0,
1832,355598591717250,355598591717250,355598608263749,355598641595749,355598641697749,355598591819250,102000,919,918,355598525083208,355598525083208,355567338640625,0,real_frame,B,1,355598560104666,0,
1833,355598608399000,355598608399000,355598624929749,355598658261749,355598658364208,355598608501459,102459,920,920,355598558439541,355598591717250,355567338640625,918,generated_frame,G,1,355598592965958,0,
1834,355598625091583,355598625091583,355598641595749,355598674927749,355598675030708,355598625194542,102959,920,920,355598591717250,355598591717250,355567338640625,0,real_frame,B,1,355598592965958,0,
1835,355598641659666,355598641659666,355598658261749,355598691593749,355598691697249,355598641763166,103500,921,921,355598591717250,355598625091583,355567338640625,919,generated_frame,G,1,355598626512875,0,
1836,355598658303541,355598658303541,355598674927749,355598708259749,355598708363666,355598658407458,103917,921,920,355598591717250,355598591717250,355567338640625,0,real_frame,B,1,355598626512875,0,
1837,355598674954125,355598674954125,355598691593749,355598724925749,355598725030166,355598675058542,104417,922,922,355598625091583,355598658303541,355567338640625,920,generated_frame,G,1,355598658985666,0,
1838,355598691653666,355598691653666,355598708259749,355598741591749,355598741696624,355598691758541,104875,922,922,355598658303541,355598658303541,355567338640625,0,real_frame,B,1,355598658985666,0,
1839,355598708296750,355598708296750,355598724925749,355598758257749,355598758363041,355598708402042,105292,923,923,355598658303541,355598691653666,355567338640625,921,generated_frame,G,1,355598692433541,0,
1840,355598724979833,355598724979833,355598741591749,355598774923749,355598775029541,355598725085625,105792,923,922,355598658303541,355598658303541,355567338640625,0,real_frame,B,1,355598692433541,0,
1841,355598741662250,355598741662250,355598758257749,355598791589749,355598791696083,355598741768584,106334,924,924,355598691653666,355598724979833,355567338640625,922,generated_frame,G,1,355598725771041,0,
1842,355598758334958,355598758334958,355598774923749,355598808255749,355598808362583,355598758441792,106834,924,924,355598724979833,355598724979833,355567338640625,0,real_frame,B,1,355598725771041,0,
1843,355598774989333,355598774989333,355598791589749,355598824921749,355598825028999,355598775096583,107250,925,925,355598724979833,355598758334958,355567338640625,923,generated_frame,G,1,355598759184208,0,
1844,355598791675083,355598791675083,355598808255749,355598841587749,355598841695499,355598791782833,107750,925,924,355598724979833,355598724979833,355567338640625,0,real_frame,B,1,355598759184208,0,
1845,355598808362791,355598808362791,355598824921749,355598858253749,355598858361999,355598808471041,108250,926,926,355598758334958,355598791675083,355567338640625,924,generated_frame,G,1,355598792498708,0,
1846,355598825006916,355598825006916,355598841587749,355598874919749,355598875028499,355598825115666,108750,926,925,355598758334958,355598758334958,355567338640625,0,real_frame,A,1,355598792498708,0,
1847,355598841664833,355598841664833,355598858253749,355598891585749,355598891694916,355598841774000,109167,927,927,355598791675083,355598825006916,355567338640625,925,generated_frame,G,1,355598825817208,0,
1848,355598858314083,355598858314083,355598874919749,355598908251749,355598908361416,355598858423750,109667,927,926,355598791675083,355598791675083,355567338640625,0,real_frame,B,1,355598825817208,0,
1849,355598874967458,355598874967458,355598891585749,355598924917749,355598925027958,355598875077667,110209,928,928,355598825006916,355598858314083,355567338640625,926,generated_frame,G,1,355598859120916,0,
1850,355598891625708,355598891625708,355598908251749,355598941583749,355598941694416,355598891736375,110667,928,928,355598858314083,355598858314083,355567338640625,0,real_frame,B,1,355598859120916,0,
1851,355598908293625,355598908293625,355598924917749,355598958249749,355598958360916,355598908404792,111167,929,929,355598858314083,355598891625708,355567338640625,927,generated_frame,G,1,355598892316208,0,
1852,355598924954291,355598924954291,355598941583749,355598974915749,355598975027374,355598925065916,111625,929,929,355598891625708,355598891625708,355567338640625,0,real_frame,A,1,355598892316208,0,
1853,355598941656666,355598941656666,355598958249749,355598991581749,355598991693791,355598941768708,112042,930,930,355598891625708,355598924954291,355567338640625,928,generated_frame,G,1,355598925688291,0,
1854,355598958294000,355598958294000,355598974915749,355599008247749,355599008360374,355598958406625,112625,930,930,355598924954291,355598924954291,355567338640625,0,real_frame,B,1,355598925688291,0,
1855,355598974968000,355598974968000,355598991581749,355599024913749,355599025026749,355598975081000,113000,931,931,355598924954291,355598958294000,355567338640625,929,generated_frame,G,1,355598959009208,0,
1856,355598991616666,355598991616666,355599008247749,355599041579749,355599041693374,355598991730291,113625,931,930,355598924954291,355598924954291,355567338640625,0,real_frame,B,1,355598959009208,0,
1857,355599008302250,355599008302250,355599024913749,355599058245749,355599058359791,355599008416292,114042,932,932,355598958294000,355598991616666,355567338640625,930,generated_frame,G,1,355598992429125,0,
1858,355599024963750,355599024963750,355599041579749,355599074911749,355599075026208,355599025078209,114459,932,932,355598991616666,355598991616666,355567338640625,0,real_frame,B,1,355598992429125,0,
1859,355599041644416,355599041644416,355599058245749,355599091577749,355599091692708,355599041759375,114959,933,933,355598991616666,355599024963750,355567338640625,931,generated_frame,G,1,355599025826541,0,
1860,355599058291041,355599058291041,355599074911749,355599108243749,355599108359166,355599058406458,115417,933,932,355598991616666,355598991616666,355567338640625,0,real_frame,B,1,355599025826541,0,
1861,355599075012541,355599075012541,355599091577749,355599124909749,355599125025749,355599075128541,116000,934,934,355599024963750,355599058291041,355567338640625,932,generated_frame,G,1,355599059163166,0,
1862,355599091715000,355599091715000,355599108243749,355599141575749,355599141692124,355599091831375,116375,934,934,355599058291041,355599058291041,355567338640625,0,real_frame,B,1,355599059163166,0,
1863,355599108409291,355599108409291,355599124909749,355599158241749,355599158358666,355599108526208,116917,935,935,355599058291041,355599091715000,355567338640625,933,generated_frame,G,1,355599093009791,0,
1864,355599125057291,355599125057291,355599141575749,355599174907749,355599175025124,355599125174666,117375,935,934,355599058291041,355599058291041,355567338640625,0,real_frame,B,1,355599093009791,0,
1865,355599141696208,355599141696208,355599158241749,355599191573749,355599191691583,355599141814042,117834,936,936,355599091715000,355599125057291,355567338640625,934,generated_frame,G,1,355599126426750,0,
1866,355599158363916,355599158363916,355599174907749,355599208239749,355599208358124,355599158482291,118375,936,935,355599091715000,355599091715000,355567338640625,0,real_frame,A,1,355599126426750,0,
1867,355599180283083,355599180283083,355599191573749,355599224905749,355599225024583,355599180401917,118834,937,937,355599125057291,355599158363916,355567338640625,935,generated_frame,G,1,355599159566791,0,
1868,355599191626166,355599191626166,355599208239749,355599241571749,355599241691083,355599191745500,119334,938,938,355599158363916,355599180283083,355567338640625,936,generated_frame,G,1,355599181317708,0,
1869,355599208338541,355599208338541,355599224905749,355599258237749,355599258357583,355599208458375,119834,938,938,355599180283083,355599180283083,355567338640625,0,real_frame,B,1,355599181317708,0,
1870,355599224988333,355599224988333,355599241571749,355599274903749,355599275024041,355599225108625,120292,938,938,355599180283083,355599180283083,355567338640625,0,real_frame,B,1,355599181317708,0,
1871,355599241696208,355599241696208,355599258237749,355599291569749,355599291690541,355599241817000,120792,939,939,355599180283083,355599224988333,355567338640625,937,generated_frame,G,1,355599225908083,0,
1872,355599258407625,355599258407625,355599274903749,355599308235749,355599308356958,355599258528834,121209,939,938,355599180283083,355599180283083,355567338640625,0,real_frame,B,1,355599225908083,0,
1873,355599275047958,355599275047958,355599291569749,355599324901749,355599325023416,355599275169625,121667,940,940,355599224988333,355599258407625,355567338640625,938,generated_frame,G,1,355599259836541,0,
1874,355599291751916,355599291751916,355599308235749,355599341567749,355599341689958,355599291874125,122209,940,939,355599224988333,355599224988333,355567338640625,0,real_frame,A,1,355599259836541,0,
1875,355599308411250,355599308411250,355599324901749,355599358233749,355599358356416,355599308533917,122667,941,941,355599258407625,355599291751916,355567338640625,939,generated_frame,G,1,355599293645333,0,
1876,355599325088208,355599325088208,355599341567749,355599374899749,355599375022874,355599325211333,123125,941,940,355599258407625,355599258407625,355567338640625,0,real_frame,B,1,355599293645333,0,
1877,355599341857541,355599341857541,355599358233749,355599391565749,355599391689416,355599341981208,123667,942,942,355599291751916,355599325088208,355567338640625,940,generated_frame,G,1,355599326781208,0,
1878,355599358267291,355599358267291,355599374899749,355599408231749,355599408355874,355599358391416,124125,942,941,355599291751916,355599291751916,355567338640625,0,real_frame,A,1,355599326781208,0,
1879,355599374973750,355599374973750,355599391565749,355599424897749,355599425022333,355599375098334,124584,943,943,355599325088208,355599358267291,355567338640625,941,generated_frame,G,1,355599359099000,0,
1880,355599391613958,355599391613958,355599408231749,355599441563749,355599441688833,355599391739042,125084,943,943,355599358267291,355599358267291,355567338640625,0,real_frame,A,1,355599359099000,0,
1881,355599408329041,355599408329041,355599424897749,355599458229749,355599458355333,355599408454625,125584,944,944,355599358267291,355599391613958,355567338640625,942,generated_frame,G,1,355599392545958,0,
1882,355599425044000,355599425044000,355599441563749,355599474895749,355599475021833,355599425170084,126084,944,944,355599391613958,355599391613958,355567338640625,0,real_frame,B,1,355599392545958,0,
1883,355599441709000,355599441709000,355599458229749,355599491561749,355599491688249,355599441835500,126500,945,945,355599391613958,355599425044000,355567338640625,943,generated_frame,G,1,355599426513083,0,
1884,355599458375916,355599458375916,355599474895749,355599508227749,355599508354749,355599458502916,127000,945,944,355599391613958,355599391613958,355567338640625,0,real_frame,B,1,355599426513083,0,
1885,355599475049375,355599475049375,355599491561749,355599524893749,355599525021249,355599475176875,127500,946,946,355599425044000,355599458375916,355567338640625,944,generated_frame,G,1,355599459907291,0,
1886,355599491719583,355599491719583,355599508227749,355599541559749,355599541687708,355599491847542,127959,946,946,355599458375916,355599458375916,355567338640625,0,real_frame,B,1,355599459907291,0,
1887,355599508429000,355599508429000,355599524893749,355599558225749,355599558354166,355599508557417,128417,947,947,355599458375916,355599491719583,355567338640625,945,generated_frame,G,1,355599493234666,0,
1888,355599528982833,355599528982833,355599541559749,355599574891749,355599575020666,355599529111750,128917,947,947,355599491719583,355599491719583,355567338640625,0,real_frame,A,1,355599493234666,0,
1889,355599541617291,355599541617291,355599558225749,355599591557749,355599591687166,355599541746708,129417,948,948,355599491719583,355599528982833,355567338640625,946,generated_frame,G,1,355599530343416,0,
1890,355599558300250,355599558300250,355599574891749,355599608223749,355599608353624,355599558430125,129875,948,947,355599491719583,355599491719583,355567338640625,0,real_frame,A,1,355599530343416,0,
1891,355599574972875,355599574972875,355599591557749,355599624889749,355599625020124,355599575103250,130375,949,949,355599528982833,355599558300250,355567338640625,947,generated_frame,G,1,355599559256083,0,
1892,355599591661166,355599591661166,355599608223749,355599641555749,355599641686583,355599591792000,130834,949,949,355599558300250,355599558300250,355567338640625,0,real_frame,A,1,355599559256083,0,
1893,355599608324583,355599608324583,355599624889749,355599658221749,355599658353083,355599608455917,131334,950,950,355599558300250,355599591661166,355567338640625,948,generated_frame,G,1,355599592964833,0,
1894,355599624994583,355599624994583,355599641555749,355599674887749,355599675019583,355599625126417,131834,950,949,355599558300250,355599558300250,355567338640625,0,real_frame,A,1,355599592964833,0,
1895,355599641713000,355599641713000,355599658221749,355599691553749,355599691686041,355599641845292,132292,951,951,355599591661166,355599624994583,355567338640625,949,generated_frame,G,1,355599626320708,0,
1896,355599658500750,355599658500750,355599675018124,355599708350124,355599708352541,355599658503167,2417,951,951,355599624994583,355599624994583,355567338640625,0,real_frame,A,1,355599626320708,0,
1897,355599675157125,355599675157125,355599691684124,355599725016124,355599725018999,355599675160000,2875,952,952,355599624994583,355599658500750,355567338640625,950,generated_frame,G,1,355599659963416,0,
1898,355599691861625,355599691861625,355599708350124,355599741682124,355599741685416,355599691864917,3292,952,951,355599624994583,355599624994583,355567338640625,0,real_frame,A,1,355599659963416,0,
1899,355599708544875,355599708544875,355599725016124,355599758348124,355599758351999,355599708548750,3875,953,953,355599658500750,355599691861625,355567338640625,951,generated_frame,G,1,355599693662000,0,
1900,355599725612291,355599725612291,355599741682124,355599775014124,355599775018458,355599725616625,4334,953,953,355599691861625,355599691861625,355567338640625,0,real_frame,A,1,355599693662000,0,
1901,355599741751083,355599741751083,355599758348124,355599791680124,355599791684958,355599741755917,4834,954,954,355599691861625,355599725612291,355567338640625,952,generated_frame,G,1,355599727507833,0,
1902,355599758458666,355599758458666,355599775014124,355599808346124,355599808351416,355599758463958,5292,954,953,355599691861625,355599691861625,355567338640625,0,real_frame,A,1,355599727507833,0,
1903,355599775096625,355599775096625,355599791680124,355599825012124,355599825017916,355599775102417,5792,955,955,355599725612291,355599758458666,355567338640625,953,generated_frame,G,1,355599759669583,0,
1904,355599791763375,355599791763375,355599808346124,355599841678124,355599841684416,355599791769667,6292,955,955,355599758458666,355599758458666,355567338640625,0,real_frame,A,1,355599759669583,0,
1905,355599808442458,355599808442458,355599825012124,355599858344124,355599858350833,355599808449167,6709,956,956,355599758458666,355599791763375,355567338640625,954,generated_frame,G,1,355599793150708,0,
1906,355599825142458,355599825142458,355599841678124,355599875010124,355599875017374,355599825149708,7250,956,956,355599791763375,355599791763375,355567338640625,0,real_frame,B,1,355599793150708,0,
1907,355599841822750,355599841822750,355599858344124,355599891676124,355599891683833,355599841830459,7709,957,957,355599791763375,355599825142458,355567338640625,955,generated_frame,G,1,355599826629333,0,
1908,355599858494250,355599858494250,355599875010124,355599908342124,355599908350333,355599858502459,8209,957,956,355599791763375,355599791763375,355567338640625,0,real_frame,B,1,355599826629333,0,
1909,355599875143541,355599875143541,355599891676124,355599925008124,355599925016791,355599875152208,8667,958,958,355599825142458,355599858494250,355567338640625,956,generated_frame,G,1,355599859946250,0,
1910,355599891862166,355599891862166,355599908342124,355599941674124,355599941683249,355599891871291,9125,958,958,355599858494250,355599858494250,355567338640625,0,real_frame,B,1,355599859946250,0,
1911,355599908531916,355599908531916,355599925008124,355599958340124,355599958349791,355599908541583,9667,959,959,355599858494250,355599891862166,355567338640625,957,generated_frame,G,1,355599893733958,0,
1912,355599925109125,355599925109125,355599941674124,355599975006124,355599975016208,355599925119209,10084,959,958,355599858494250,355599858494250,355567338640625,0,real_frame,B,1,355599893733958,0,
1913,355599941806541,355599941806541,355599958340124,355599991672124,355599991682666,355599941817083,10542,960,960,355599891862166,355599925109125,355567338640625,958,generated_frame,G,1,355599926352625,0,
1914,355599958465083,355599958465083,355599975006124,355600008338124,355600008349208,355599958476167,11084,960,960,355599925109125,355599925109125,355567338640625,0,real_frame,B,1,355599926352625,0,
1915,355599975140333,355599975140333,355599991672124,355600025004124,355600025015666,355599975151875,11542,961,961,355599925109125,355599958465083,355567338640625,959,generated_frame,G,1,355599959716416,0,
1916,355599991781666,355599991781666,355600008338124,355600041670124,355600041682124,355599991793666,12000,961,960,355599925109125,355599925109125,355567338640625,0,real_frame,B,1,355599959716416,0,
1917,355600008458250,355600008458250,355600025004124,355600058336124,355600058348624,355600008470750,12500,962,962,355599958465083,355599991781666,355567338640625,960,generated_frame,G,1,355599992949125,0,
1918,355600025108958,355600025108958,355600041670124,355600075002124,355600075015166,355600025122000,13042,962,962,355599991781666,355599991781666,355567338640625,0,real_frame,B,1,355599992949125,0,
1919,355600041797541,355600041797541,355600058336124,355600091668124,355600091681583,355600041811000,13459,963,963,355599991781666,355600025108958,355567338640625,961,generated_frame,G,1,355600026326208,0,
1920,355600058507208,355600058507208,355600075002124,355600108334124,355600108348083,355600058521167,13959,963,963,355600025108958,355600025108958,355567338640625,0,real_frame,A,1,355600026326208,0,
1921,355600075119583,355600075119583,355600091668124,355600125000124,355600125014541,355600075134000,14417,964,964,355600025108958,355600058507208,355567338640625,962,generated_frame,G,1,355600059761416,0,
1922,355600091794083,355600091794083,355600108334124,355600141666124,355600141681041,355600091809000,14917,964,963,355600025108958,355600025108958,355567338640625,0,real_frame,A,1,355600059761416,0,
1923,355600108456000,355600108456000,355600125000124,355600158332124,355600158347499,355600108471375,15375,965,965,355600058507208,355600091794083,355567338640625,963,generated_frame,G,1,355600093210583,0,
1924,355600125083791,355600125083791,355600141666124,355600174998124,355600175013999,355600125099666,15875,965,965,355600091794083,355600091794083,355567338640625,0,real_frame,A,1,355600093210583,0,
1925,355600141786541,355600141786541,355600158332124,355600191664124,355600191680499,355600141802916,16375,966,966,355600091794083,355600125083791,355567338640625,964,generated_frame,G,1,355600126385625,0,
1926,355600158453750,355600158453750,355600174998124,355600208330124,355600208346958,355600158470584,16834,966,966,355600125083791,355600125083791,355567338640625,0,real_frame,B,1,355600126385625,0,
1927,355600175153250,355600175153250,355600191664124,355600224996124,355600225013416,355600175170542,17292,967,967,355600125083791,355600158453750,355567338640625,965,generated_frame,G,1,355600159784750,0,
1928,355600191820375,355600191820375,355600208330124,355600241662124,355600241679874,355600191838125,17750,967,966,355600125083791,355600125083791,355567338640625,0,real_frame,B,1,355600159784750,0,
1929,355600208481708,355600208481708,355600224996124,355600258328124,355600258346416,355600208500000,18292,968,968,355600158453750,355600191820375,355567338640625,966,generated_frame,G,1,355600193502958,0,
1930,355600225170375,355600225170375,355600241662124,355600274994124,355600275012874,355600225189125,18750,968,967,355600158453750,355600158453750,355567338640625,0,real_frame,A,1,355600193502958,0,
1931,355600241841125,355600241841125,355600258328124,355600291660124,355600291679374,355600241860375,19250,969,969,355600191820375,355600225170375,355567338640625,967,generated_frame,G,1,355600227087583,0,
1932,355600258438875,355600258438875,355600274994124,355600308326124,355600308345833,355600258458584,19709,969,968,355600191820375,355600191820375,355567338640625,0,real_frame,B,1,355600227087583,0,
1933,355600275092708,355600275092708,355600291660124,355600324992124,355600325012333,355600275112917,20209,970,970,355600225170375,355600258438875,355567338640625,968,generated_frame,G,1,355600259633375,0,
1934,355600291807000,355600291807000,355600308326124,355600341658124,355600341678874,355600291827750,20750,970,970,355600258438875,355600258438875,355567338640625,0,real_frame,B,1,355600259633375,0,
1935,355600308497291,355600308497291,355600324992124,355600358324124,355600358345249,355600308518416,21125,971,971,355600258438875,355600291807000,355567338640625,969,generated_frame,G,1,355600293210583,0,
1936,355600325112875,355600325112875,355600341658124,355600374990124,355600375011791,355600325134542,21667,971,970,355600258438875,355600258438875,355567338640625,0,real_frame,B,1,355600293210583,0,
1937,355600341766000,355600341766000,355600358324124,355600391656124,355600391678249,355600341788125,22125,972,972,355600291807000,355600325112875,355567338640625,970,generated_frame,G,1,355600326489166,0,
1938,355600358420458,355600358420458,355600374990124,355600408322124,355600408344708,355600358443042,22584,972,972,355600325112875,355600325112875,355567338640625,0,real_frame,B,1,355600326489166,0,
1939,355600375134708,355600375134708,355600391656124,355600424988124,355600425011208,355600375157792,23084,973,973,355600325112875,355600358420458,355567338640625,971,generated_frame,G,1,355600359696916,0,
1940,355600391797583,355600391797583,355600408322124,355600441654124,355600441677666,355600391821125,23542,973,973,355600358420458,355600358420458,355567338640625,0,real_frame,A,1,355600359696916,0,
1941,355600408427125,355600408427125,355600424988124,355600458320124,355600458344208,355600408451209,24084,974,974,355600358420458,355600391797583,355567338640625,972,generated_frame,G,1,355600393286958,0,
1942,355600425057916,355600425057916,355600441654124,355600474986124,355600475010624,355600425082416,24500,974,973,355600358420458,355600358420458,355567338640625,0,real_frame,A,1,355600393286958,0,
1943,355600441764333,355600441764333,355600458320124,355600491652124,355600491677124,355600441789333,25000,975,975,355600391797583,355600425057916,355567338640625,973,generated_frame,G,1,355600426171000,0,
1944,355600458426083,355600458426083,355600474986124,355600508318124,355600508343624,355600458451583,25500,975,975,355600425057916,355600425057916,355567338640625,0,real_frame,A,1,355600426171000,0,
1945,355600475073916,355600475073916,355600491652124,355600524984124,355600525010083,355600475099875,25959,976,976,355600425057916,355600458426083,355567338640625,974,generated_frame,G,1,355600459497208,0,
1946,355600491764125,355600491764125,355600508318124,355600541650124,355600541676541,355600491790542,26417,976,975,355600425057916,355600425057916,355567338640625,0,real_frame,A,1,355600459497208,0,
1947,355600508415500,355600508415500,355600524984124,355600558316124,355600558343041,355600508442417,26917,977,977,355600458426083,355600491764125,355567338640625,975,generated_frame,G,1,355600492865708,0,
1948,355600525131750,355600525131750,355600541650124,355600574982124,355600575009583,355600525159209,27459,977,977,355600491764125,355600491764125,355567338640625,0,real_frame,A,1,355600492865708,0,
1949,355600541908125,355600541908125,355600558316124,355600591648124,355600591675999,355600541936000,27875,978,978,355600491764125,355600525131750,355567338640625,976,generated_frame,G,1,355600526672916,0,
1950,355600558455250,355600558455250,355600574982124,355600608314124,355600608342458,355600558483584,28334,978,977,355600491764125,355600491764125,355567338640625,0,real_frame,A,1,355600526672916,0,
1951,355600575098833,355600575098833,355600591648124,355600624980124,355600625008999,355600575127708,28875,979,979,355600525131750,355600558455250,355567338640625,977,generated_frame,G,1,355600560038500,0,
1952,355600591768750,355600591768750,355600608314124,355600641646124,355600641675458,355600591798084,29334,979,978,355600525131750,355600525131750,355567338640625,0,real_frame,B,1,355600560038500,0,
1953,355600608429333,355600608429333,355600624980124,355600658312124,355600658341958,355600608459167,29834,980,980,355600558455250,355600591768750,355567338640625,978,generated_frame,G,1,355600593010041,0,
1954,355600625100541,355600625100541,355600641646124,355600674978124,355600675008416,355600625130833,30292,980,980,355600591768750,355600591768750,355567338640625,0,real_frame,B,1,355600593010041,0,
1955,355600641807625,355600641807625,355600658312124,355600691644124,355600691674916,355600641838417,30792,981,981,355600591768750,355600625100541,355567338640625,979,generated_frame,G,1,355600626349000,0,
1956,355600658427708,355600658427708,355600674978124,355600708310124,355600708341333,355600658458917,31209,981,980,355600591768750,355600591768750,355567338640625,0,real_frame,B,1,355600626349000,0,
1957,355600675046416,355600675046416,355600691644124,355600724976124,355600725007833,355600675078125,31709,982,982,355600625100541,355600658427708,355567338640625,980,generated_frame,G,1,355600659559166,0,
1958,355600691789416,355600691789416,355600708310124,355600741642124,355600741674416,355600691821708,32292,982,982,355600658427708,355600658427708,355567338640625,0,real_frame,B,1,355600659559166,0,
1959,355600708405000,355600708405000,355600724976124,355600758308124,355600758340874,355600708437750,32750,983,983,355600658427708,355600691789416,355567338640625,981,generated_frame,G,1,355600693079250,0,
1960,355600725098708,355600725098708,355600741642124,355600774974124,355600775007291,355600725131875,33167,983,982,355600658427708,355600658427708,355567338640625,0,real_frame,B,1,355600693079250,0,
1961,355600741763416,355600741763416,355600758308124,355600791640124,355600791673749,355600741797041,33625,984,984,355600691789416,355600725098708,355567338640625,982,generated_frame,G,1,355600726485458,0,
1962,355600758424500,355600758424500,355600774974124,355600808306124,355600808340249,355600758458625,34125,984,984,355600725098708,355600725098708,355567338640625,0,real_frame,B,1,355600726485458,0,
1963,355600791675583,355600791675583,355600808306124,355600841638124,355600841673208,355600791710667,35084,985,984,355600725098708,355600725098708,355567338640625,0,real_frame,B,1,355600759741166,0,
1964,355600808348750,355600808348750,355600824972124,355600858304124,355600858339708,355600808384334,35584,986,986,355600758424500,355600791675583,355567338640625,984,generated_frame,G,1,355600792338375,0,
1965,355600825037583,355600825037583,355600841638124,355600874970124,355600875006208,355600825073667,36084,986,986,355600791675583,355600791675583,355567338640625,0,real_frame,B,1,355600792338375,0,
1966,355600841736291,355600841736291,355600858304124,355600891636124,355600891672708,355600841772875,36584,987,987,355600791675583,355600825037583,355567338640625,985,generated_frame,G,1,355600825959041,0,
1967,355600858426458,355600858426458,355600874970124,355600908302124,355600908339124,355600858463458,37000,987,987,355600825037583,355600825037583,355567338640625,0,real_frame,A,1,355600825959041,0,
1968,355600875110708,355600875110708,355600891636124,355600924968124,355600925005624,355600875148208,37500,988,988,355600825037583,355600858426458,355567338640625,986,generated_frame,G,1,355600859614416,0,
1969,355600891768125,355600891768125,355600908302124,355600941634124,355600941672124,355600891806125,38000,988,987,355600825037583,355600825037583,355567338640625,0,real_frame,A,1,355600859614416,0,
1970,355600908421250,355600908421250,355600924968124,355600958300124,355600958338583,355600908459709,38459,989,989,355600858426458,355600891768125,355567338640625,987,generated_frame,G,1,355600893016291,0,
1971,355600925097000,355600925097000,355600941634124,355600974966124,355600975005124,355600925136000,39000,989,988,355600858426458,355600858426458,355567338640625,0,real_frame,B,1,355600893016291,0,
1972,355600941756875,355600941756875,355600958300124,355600991632124,355600991671499,355600941796250,39375,990,990,355600891768125,355600925097000,355567338640625,988,generated_frame,G,1,355600926281041,0,
1973,355600958447458,355600958447458,355600974966124,355601008298124,355601008338083,355600958487417,39959,990,990,355600925097000,355600925097000,355567338640625,0,real_frame,B,1,355600926281041,0,
1974,355600975084791,355600975084791,355600991632124,355601024964124,355601025004499,355600975125166,40375,991,991,355600925097000,355600958447458,355567338640625,989,generated_frame,G,1,355600959797583,0,
1975,355600991805083,355600991805083,355601008298124,355601041630124,355601041670999,355600991845958,40875,991,991,355600958447458,355600958447458,355567338640625,0,real_frame,A,1,355600959797583,0,
1976,355601008424041,355601008424041,355601024964124,355601058296124,355601058337499,355601008465416,41375,992,992,355600958447458,355600991805083,355567338640625,990,generated_frame,G,1,355600993326125,0,
1977,355601025151333,355601025151333,355601041630124,355601074962124,355601075003999,355601025193208,41875,992,991,355600958447458,355600958447458,355567338640625,0,real_frame,A,1,355600993326125,0,
1978,355601041796791,355601041796791,355601058296124,355601091628124,355601091670416,355601041839083,42292,993,993,355600991805083,355601025151333,355567338640625,991,generated_frame,G,1,355601026771250,0,
1979,355601058484208,355601058484208,355601074962124,355601108294124,355601108336958,355601058527042,42834,993,992,355600991805083,355600991805083,355567338640625,0,real_frame,B,1,355601026771250,0,
1980,355601075148125,355601075148125,355601091628124,355601124960124,355601125003416,355601075191417,43292,994,994,355601025151333,355601058484208,355567338640625,992,generated_frame,G,1,355601060260208,0,
1981,355601091901875,355601091901875,355601108294124,355601141626124,355601141669916,355601091945667,43792,994,994,355601058484208,355601058484208,355567338640625,0,real_frame,B,1,355601060260208,0,
1982,355601108493958,355601108493958,355601124960124,355601158292124,355601158336333,355601108538167,44209,995,995,355601058484208,355601091901875,355567338640625,993,generated_frame,G,1,355601093650000,0,
1983,355601125098500,355601125098500,355601141626124,355601174958124,355601175002874,355601125143250,44750,995,994,355601058484208,355601058484208,355567338640625,0,real_frame,B,1,355601093650000,0,
1984,355601141797750,355601141797750,355601158292124,355601191624124,355601191669333,355601141842959,45209,996,996,355601091901875,355601125098500,355567338640625,994,generated_frame,G,1,355601126606500,0,
1985,355601158449000,355601158449000,355601174958124,355601208290124,355601208335791,355601158494667,45667,996,996,355601125098500,355601125098500,355567338640625,0,real_frame,B,1,355601126606500,0,
1986,355601175111916,355601175111916,355601191624124,355601224956124,355601225002333,355601175158125,46209,997,997,355601125098500,355601158449000,355567338640625,995,generated_frame,G,1,355601159960083,0,
1987,355601191780541,355601191780541,355601208290124,355601241622124,355601241668749,355601191827166,46625,997,996,355601125098500,355601125098500,355567338640625,0,real_frame,B,1,355601159960083,0,
1988,355601208441958,355601208441958,355601224956124,355601258288124,355601258335249,355601208489083,47125,998,998,355601158449000,355601191780541,355567338640625,996,generated_frame,G,1,355601193248416,0,
1989,355601225131750,355601225131750,355601241622124,355601274954124,355601275001749,355601225179375,47625,998,998,355601191780541,355601191780541,355567338640625,0,real_frame,B,1,355601193248416,0,
1990,355601241765375,355601241765375,355601258288124,355601291620124,355601291668249,355601241813500,48125,999,999,355601191780541,355601225131750,355567338640625,997,generated_frame,G,1,355601226702916,0,
1991,355601258465333,355601258465333,355601274954124,355601308286124,355601308334666,355601258513875,48542,999,998,355601191780541,355601191780541,355567338640625,0,real_frame,B,1,355601226702916,0,
1992,355601275084041,355601275084041,355601291620124,355601324952124,355601325001208,355601275133125,49084,1000,1000,355601225131750,355601258465333,355567338640625,998,generated_frame,G,1,355601259943083,0,
1993,355601296294791,355601296294791,355601308286124,355601341618124,355601341667624,355601296344291,49500,1000,1000,355601258465333,355601258465333,355567338640625,0,real_frame,B,1,355601259943083,0,
1994,355601308328083,355601308328083,355601324952124,355601358284124,355601358334166,355601308378125,50042,1001,1001,355601258465333,355601296294791,355567338640625,999,generated_frame,G,1,355601298730166,0,
1995,355601324999500,355601324999500,355601341618124,355601374950124,355601375000666,355601325050042,50542,1001,1000,355601258465333,355601258465333,355567338640625,0,real_frame,B,1,355601298730166,0,
1996,355601341705625,355601341705625,355601358284124,355601391616124,355601391667124,355601341756625,51000,1002,1002,355601296294791,355601324999500,355567338640625,1000,generated_frame,G,1,355601325926375,0,
1997,355601358368041,355601358368041,355601374950124,355601408282124,355601408333583,355601358419500,51459,1002,1002,355601324999500,355601324999500,355567338640625,0,real_frame,B,1,355601325926375,0,
1998,355601375035666,355601375035666,355601391616124,355601424948124,355601425000083,355601375087625,51959,1003,1003,355601324999500,355601358368041,355567338640625,1001,generated_frame,G,1,355601359220375,0,
1999,355601391689833,355601391689833,355601408282124,355601441614124,355601441666583,355601391742292,52459,1003,1002,355601324999500,355601324999500,355567338640625,0,real_frame,B,1,355601359220375,0,
2000,355601408355416,355601408355416,355601424948124,355601458280124,355601458333041,355601408408333,52917,1004,1004,355601358368041,355601391689833,355567338640625,1002,generated_frame,G,1,355601392536875,0,
2001,355601424988708,355601424988708,355601441614124,355601474946124,355601474999541,355601425042125,53417,1004,1003,355601358368041,355601358368041,355567338640625,0,real_frame,A,1,355601392536875,0,
2002,355601441675083,355601441675083,355601458280124,355601491612124,355601491665958,355601441728917,53834,1005,1005,355601391689833,355601424988708,355567338640625,1003,generated_frame,G,1,355601425830708,0,
2003,355601458329708,355601458329708,355601474946124,355601508278124,355601508332499,355601458384083,54375,1005,1005,355601424988708,355601424988708,355567338640625,0,real_frame,A,1,355601425830708,0,
2004,355601474992708,355601474992708,355601491612124,355601524944124,355601524998999,355601475047583,54875,1006,1006,355601424988708,355601458329708,355567338640625,1004,generated_frame,G,1,355601459145208,0,
2005,355601491641666,355601491641666,355601508278124,355601541610124,355601541665416,355601491696958,55292,1006,1005,355601424988708,355601424988708,355567338640625,0,real_frame,A,1,355601459145208,0,
2006,355601508332166,355601508332166,355601524944124,355601558276124,355601558331874,355601508387916,55750,1007,1007,355601458329708,355601491641666,355567338640625,1005,generated_frame,G,1,355601492355208,0,
2007,355601524996583,355601524996583,355601541610124,355601574942124,355601574998416,355601525052875,56292,1007,1007,355601491641666,355601491641666,355567338640625,0,real_frame,A,1,355601492355208,0,
2008,355601541648583,355601541648583,355601558276124,355601591608124,355601591664833,355601541705292,56709,1008,1008,355601491641666,355601524996583,355567338640625,1006,generated_frame,G,1,355601525805583,0,
2009,355601558323541,355601558323541,355601574942124,355601608274124,355601608331374,355601558380791,57250,1008,1007,355601491641666,355601491641666,355567338640625,0,real_frame,A,1,355601525805583,0,
2010,355601574981000,355601574981000,355601591608124,355601624940124,355601624997833,355601575038709,57709,1009,1009,355601524996583,355601558323541,355567338640625,1007,generated_frame,G,1,355601559086958,0,
2011,355601591631375,355601591631375,355601608274124,355601641606124,355601641664333,355601591689584,58209,1009,1008,355601524996583,355601524996583,355567338640625,0,real_frame,B,1,355601559086958,0,
2012,355601608330166,355601608330166,355601624940124,355601658272124,355601658330749,355601608388791,58625,1010,1010,355601558323541,355601591631375,355567338640625,1008,generated_frame,G,1,355601592345791,0,
2013,355601624986500,355601624986500,355601641606124,355601674938124,355601674997249,355601625045625,59125,1010,1010,355601591631375,355601591631375,355567338640625,0,real_frame,B,1,355601592345791,0,
2014,355601641637625,355601641637625,355601658272124,355601691604124,355601691663749,355601641697250,59625,1011,1011,355601591631375,355601624986500,355567338640625,1009,generated_frame,G,1,355601625915458,0,
2015,355601658312916,355601658312916,355601674938124,355601708270124,355601708330249,355601658373041,60125,1011,1010,355601591631375,355601591631375,355567338640625,0,real_frame,B,1,355601625915458,0,
2016,355601675016500,355601675016500,355601691604124,355601724936124,355601724996749,355601675077125,60625,1012,1012,355601624986500,355601658312916,355567338640625,1010,generated_frame,G,1,355601659150750,0,
2017,355601691742041,355601691742041,355601708270124,355601741602124,355601741663208,355601691803125,61084,1012,1012,355601658312916,355601658312916,355567338640625,0,real_frame,B,1,355601659150750,0,
2018,355601708372416,355601708372416,355601724936124,355601758268124,355601758329708,355601708434000,61584,1013,1013,355601658312916,355601691742041,355567338640625,1011,generated_frame,G,1,355601692827666,0,
2019,355601725114916,355601725114916,355601741602124,355601774934124,355601774996124,355601725176916,62000,1013,1012,355601658312916,355601658312916,355567338640625,0,real_frame,B,1,355601692827666,0,
2020,355601741752250,355601741752250,355601758268124,355601791600124,355601791662624,355601741814750,62500,1014,1014,355601691742041,355601725114916,355567338640625,1012,generated_frame,G,1,355601726654458,0,
2021,355601758426041,355601758426041,355601774934124,355601808266124,355601808329166,355601758489083,63042,1014,1013,355601691742041,355601691742041,355567338640625,0,real_frame,A,1,355601726654458,0,
2022,355601775080208,355601775080208,355601791600124,355601824932124,355601824995583,355601775143667,63459,1015,1015,355601725114916,355601758426041,355567338640625,1013,generated_frame,G,1,355601759929416,0,
2023,355601791776833,355601791776833,355601808266124,355601841598124,355601841662083,355601791840792,63959,1015,1015,355601758426041,355601758426041,355567338640625,0,real_frame,A,1,355601759929416,0,
2024,355601808429375,355601808429375,355601824932124,355601858264124,355601858328583,355601808493834,64459,1016,1016,355601758426041,355601791776833,355567338640625,1014,generated_frame,G,1,355601793351416,0,
2025,355601825094000,355601825094000,355601841598124,355601874930124,355601874995041,355601825158917,64917,1016,1015,355601758426041,355601758426041,355567338640625,0,real_frame,A,1,355601793351416,0,
2026,355601841735083,355601841735083,355601858264124,355601891596124,355601891661499,355601841800458,65375,1017,1017,355601791776833,355601825094000,355567338640625,1015,generated_frame,G,1,355601826607750,0,
2027,355601858430250,355601858430250,355601874930124,355601908262124,355601908327999,355601858496125,65875,1017,1017,355601825094000,355601825094000,355567338640625,0,real_frame,A,1,355601826607750,0,
2028,355601875104291,355601875104291,355601891596124,355601924928124,355601924994499,355601875170666,66375,1018,1018,355601825094000,355601858430250,355567338640625,1016,generated_frame,G,1,355601859985166,0,
2029,355601891775875,355601891775875,355601908262124,355601941594124,355601941660999,355601891842750,66875,1018,1018,355601858430250,355601858430250,355567338640625,0,real_frame,B,1,355601859985166,0,
2030,355601908394250,355601908394250,355601924928124,355601958260124,355601958327458,355601908461584,67334,1019,1019,355601858430250,355601891775875,355567338640625,1017,generated_frame,G,1,355601893563833,0,
2031,355601925067750,355601925067750,355601941594124,355601974926124,355601974993958,355601925135584,67834,1019,1018,355601858430250,355601858430250,355567338640625,0,real_frame,B,1,355601893563833,0,
2032,355601941738333,355601941738333,355601958260124,355601991592124,355601991660458,355601941806667,68334,1020,1020,355601891775875,355601925067750,355567338640625,1018,generated_frame,G,1,355601926181000,0,
2033,355601958384958,355601958384958,355601974926124,355602008258124,355602008326916,355601958453750,68792,1020,1020,355601925067750,355601925067750,355567338640625,0,real_frame,B,1,355601926181000,0,
2034,355601975042291,355601975042291,355601991592124,355602024924124,355602024993416,355601975111583,69292,1021,1021,355601925067750,355601958384958,355567338640625,1019,generated_frame,G,1,355601959472958,0,
2035,355601991719041,355601991719041,355602008258124,355602041590124,355602041659833,355601991788750,69709,1021,1021,355601958384958,355601958384958,355567338640625,0,real_frame,A,1,355601959472958,0,
2036,355602008376875,355602008376875,355602024924124,355602058256124,355602058326374,355602008447125,70250,1022,1022,355601958384958,355601991719041,355567338640625,1020,generated_frame,G,1,355601993002291,0,
2037,355602025053458,355602025053458,355602041590124,355602074922124,355602074992874,355602025124208,70750,1022,1022,355601991719041,355601991719041,355567338640625,0,real_frame,B,1,355601993002291,0,
2038,355602041711666,355602041711666,355602058256124,355602091588124,355602091659291,355602041782833,71167,1023,1023,355601991719041,355602025053458,355567338640625,1021,generated_frame,G,1,355602026408291,0,
2039,355602058405666,355602058405666,355602074922124,355602108254124,355602108325791,355602058477333,71667,1023,1023,355602025053458,355602025053458,355567338640625,0,real_frame,A,1,355602026408291,0,
2040,355602075055583,355602075055583,355602091588124,355602124920124,355602124992249,355602075127708,72125,1024,1024,355602025053458,355602058405666,355567338640625,1022,generated_frame,G,1,355602059746875,0,
2041,355602091790416,355602091790416,355602108254124,355602141586124,355602141658708,355602091863000,72584,1024,1024,355602058405666,355602058405666,355567338640625,0,real_frame,B,1,355602059746875,0,
2042,355602108418166,355602108418166,355602124920124,355602158252124,355602158325208,355602108491250,73084,1025,1025,355602058405666,355602091790416,355567338640625,1023,generated_frame,G,1,355602093612208,0,
2043,355602125115166,355602125115166,355602141586124,355602174918124,355602174991749,355602125188791,73625,1025,1024,355602058405666,355602058405666,355567338640625,0,real_frame,B,1,355602093612208,0,
2044,355602141718833,355602141718833,355602158252124,355602191584124,355602191658208,355602141792917,74084,1026,1026,355602091790416,355602125115166,355567338640625,1024,generated_frame,G,1,355602126861541,0,
2045,355602158400166,355602158400166,355602174918124,355602208250124,355602208324624,355602158474666,74500,1026,1025,355602091790416,355602091790416,355567338640625,0,real_frame,A,1,355602126861541,0,
2046,355602175123333,355602175123333,355602191584124,355602224916124,355602224991124,355602175198333,75000,1027,1027,355602125115166,355602158400166,355567338640625,1025,generated_frame,G,1,355602160042833,0,
2047,355602193656166,355602193656166,355602208250124,355602241582124,355602241657624,355602193731666,75500,1027,1027,355602158400166,355602158400166,355567338640625,0,real_frame,A,1,355602160042833,0,
2048,355602208318208,355602208318208,355602224916124,355602258248124,355602258324083,355602208394167,75959,1028,1028,355602158400166,355602193656166,355567338640625,1026,generated_frame,G,1,355602194439541,0,
2049,355602224974958,355602224974958,355602241582124,355602274914124,355602274990624,355602225051458,76500,1028,1027,355602158400166,355602158400166,355567338640625,0,real_frame,A,1,355602194439541,0,
2050,355602241622416,355602241622416,355602258248124,355602291580124,355602291657041,355602241699333,76917,1029,1029,355602193656166,355602224974958,355567338640625,1027,generated_frame,G,1,355602225842583,0,
2051,355602258306541,355602258306541,355602274914124,355602308246124,355602308323541,355602258383958,77417,1029,1029,355602224974958,355602224974958,355567338640625,0,real_frame,A,1,355602225842583,0,
2052,355602274988458,355602274988458,355602291580124,355602324912124,355602324990083,355602275066417,77959,1030,1030,355602224974958,355602258306541,355567338640625,1028,generated_frame,G,1,355602259218916,0,
2053,355602291660166,355602291660166,355602308246124,355602341578124,355602341656458,355602291738500,78334,1030,1030,355602258306541,355602258306541,355567338640625,0,real_frame,B,1,355602259218916,0,
2054,355602308312666,355602308312666,355602324912124,355602358244124,355602358323041,355602308391583,78917,1031,1031,355602258306541,355602291660166,355567338640625,1029,generated_frame,G,1,355602292499833,0,
2055,355602324944958,355602324944958,355602341578124,355602374910124,355602374989458,355602325024292,79334,1031,1030,355602258306541,355602258306541,355567338640625,0,real_frame,B,1,355602292499833,0,
2056,355602341656250,355602341656250,355602358244124,355602391576124,355602391655958,355602341736084,79834,1032,1032,355602291660166,355602324944958,355567338640625,1030,generated_frame,G,1,355602325762333,0,
2057,355602358312958,355602358312958,355602374910124,355602408242124,355602408322458,355602358393292,80334,1032,1032,355602324944958,355602324944958,355567338640625,0,real_frame,B,1,355602325762333,0,
2058,355602374952416,355602374952416,355602391576124,355602424908124,355602424988958,355602375033250,80834,1033,1033,355602324944958,355602358312958,355567338640625,1031,generated_frame,G,1,355602359306875,0,
2059,355602391614208,355602391614208,355602408242124,355602441574124,355602441655416,355602391695500,81292,1033,1032,355602324944958,355602324944958,355567338640625,0,real_frame,B,1,355602359306875,0,
2060,355602408323375,355602408323375,355602424908124,355602458240124,355602458321874,355602408405125,81750,1034,1034,355602358312958,355602391614208,355567338640625,1032,generated_frame,G,1,355602392644250,0,
2061,355602424986458,355602424986458,355602441574124,355602474906124,355602474988416,355602425068750,82292,1034,1034,355602391614208,355602391614208,355567338640625,0,real_frame,B,1,355602392644250,0,
2062,355602441621708,355602441621708,355602458240124,355602491572124,355602491654874,355602441704458,82750,1035,1035,355602391614208,355602424986458,355567338640625,1033,generated_frame,G,1,355602425981416,0,
2063,355602458282750,355602458282750,355602474906124,355602508238124,355602508321291,355602458365917,83167,1035,1034,355602391614208,355602391614208,355567338640625,0,real_frame,B,1,355602425981416,0,
2064,355602474984416,355602474984416,355602491572124,355602524904124,355602524987833,355602475068125,83709,1036,1036,355602424986458,355602458282750,355567338640625,1034,generated_frame,G,1,355602459249666,0,
2065,355602491617291,355602491617291,355602508238124,355602541570124,355602541654249,355602491701416,84125,1036,1036,355602458282750,355602458282750,355567338640625,0,real_frame,B,1,355602459249666,0,
2066,355602508266125,355602508266125,355602524904124,355602558236124,355602558320791,355602508350792,84667,1037,1037,355602458282750,355602491617291,355567338640625,1035,generated_frame,G,1,355602492620416,0,
2067,355602524939041,355602524939041,355602541570124,355602574902124,355602574987291,355602525024208,85167,1037,1036,355602458282750,355602458282750,355567338640625,0,real_frame,B,1,355602492620416,0,
2068,355602541608291,355602541608291,355602558236124,355602591568124,355602591653708,355602541693875,85584,1038,1038,355602491617291,355602524939041,355567338640625,1036,generated_frame,G,1,355602525723541,0,
2069,355602558284750,355602558284750,355602574902124,355602608234124,355602608320208,355602558370834,86084,1038,1038,355602524939041,355602524939041,355567338640625,0,real_frame,B,1,355602525723541,0,
2070,355602574944291,355602574944291,355602591568124,355602624900124,355602624986708,355602575030875,86584,1039,1039,355602524939041,355602558284750,355567338640625,1037,generated_frame,G,1,355602558998000,0,
2071,355602591604208,355602591604208,355602608234124,355602641566124,355602641653166,355602591691250,87042,1039,1038,355602524939041,355602524939041,355567338640625,0,real_frame,B,1,355602558998000,0,
2072,355602608259833,355602608259833,355602624900124,355602658232124,355602658319666,355602608347375,87542,1040,1040,355602558284750,355602591604208,355567338640625,1038,generated_frame,G,1,355602592287125,0,
2073,355602624927791,355602624927791,355602641566124,355602674898124,355602674986166,355602625015833,88042,1040,1040,355602591604208,355602591604208,355567338640625,0,real_frame,B,1,355602592287125,0,
2074,355602641601791,355602641601791,355602658232124,355602691564124,355602691652583,355602641690250,88459,1041,1041,355602591604208,355602624927791,355567338640625,1039,generated_frame,G,1,355602625617208,0,
2075,355602658267625,355602658267625,355602674898124,355602708230124,355602708319083,355602658356584,88959,1041,1041,355602624927791,355602624927791,355567338640625,0,real_frame,A,1,355602625617208,0,
2076,355602674928333,355602674928333,355602691564124,355602724896124,355602724985583,355602675017792,89459,1042,1042,355602624927791,355602658267625,355567338640625,1040,generated_frame,G,1,355602659085958,0,
2077,355602691674416,355602691674416,355602708230124,355602741562124,355602741651999,355602691764291,89875,1042,1042,355602658267625,355602658267625,355567338640625,0,real_frame,B,1,355602659085958,0,
2078,355602708380375,355602708380375,355602724896124,355602758228124,355602758318541,355602708470792,90417,1043,1043,355602658267625,355602691674416,355567338640625,1041,generated_frame,G,1,355602692739500,0,
2079,355602725039958,355602725039958,355602741562124,355602774894124,355602774985041,355602725130875,90917,1043,1042,355602658267625,355602658267625,355567338640625,0,real_frame,B,1,355602692739500,0,
2080,355602741710958,355602741710958,355602758228124,355602791560124,355602791651499,355602741802333,91375,1044,1044,355602691674416,355602725039958,355567338640625,1042,generated_frame,G,1,355602726293458,0,
2081,355602758362541,355602758362541,355602774894124,355602808226124,355602808317958,355602758454375,91834,1044,1043,355602691674416,355602691674416,355567338640625,0,real_frame,A,1,355602726293458,0,
2082,355602775054000,355602775054000,355602791560124,355602824892124,355602824984458,355602775146334,92334,1045,1045,355602725039958,355602758362541,355567338640625,1043,generated_frame,G,1,355602759560875,0,
2083,355602791689000,355602791689000,355602808226124,355602841558124,355602841650916,355602791781792,92792,1045,1045,355602758362541,355602758362541,355567338640625,0,real_frame,A,1,355602759560875,0,
2084,355602808372500,355602808372500,355602824892124,355602858224124,355602858317374,355602808465750,93250,1046,1046,355602758362541,355602791689000,355567338640625,1044,generated_frame,G,1,355602792918000,0,
2085,355602825046500,355602825046500,355602841558124,355602874890124,355602874983874,355602825140250,93750,1046,1046,355602791689000,355602791689000,355567338640625,0,real_frame,B,1,355602792918000,0,
2086,355602841705666,355602841705666,355602858224124,355602891556124,355602891650374,355602841799916,94250,1047,1047,355602791689000,355602825046500,355567338640625,1045,generated_frame,G,1,355602826383791,0,
2087,355602858391750,355602858391750,355602874890124,355602908222124,355602908316916,355602858486542,94792,1047,1046,355602791689000,355602791689000,355567338640625,0,real_frame,B,1,355602826383791,0,
2088,355602875070958,355602875070958,355602891556124,355602924888124,355602924983333,355602875166167,95209,1048,1048,355602825046500,355602858391750,355567338640625,1046,generated_frame,G,1,355602859815000,0,
2089,355602896347875,355602896347875,355602908222124,355602941554124,355602941649791,355602896443542,95667,1048,1048,355602858391750,355602858391750,355567338640625,0,real_frame,B,1,355602859815000,0,
2090,355602908247000,355602908247000,355602924888124,355602958220124,355602958316291,355602908343167,96167,1049,1049,355602858391750,355602896347875,355567338640625,1047,generated_frame,G,1,355602897231625,0,
2091,355602924958833,355602924958833,355602941554124,355602974886124,355602974982791,355602925055500,96667,1049,1048,355602858391750,355602858391750,355567338640625,0,real_frame,B,1,355602897231625,0,
2092,355602941653208,355602941653208,355602958220124,355602991552124,355602991649291,355602941750375,97167,1050,1050,355602896347875,355602924958833,355567338640625,1048,generated_frame,G,1,355602925846500,0,
2093,355602958332416,355602958332416,355602974886124,355603008218124,355603008315749,355602958430041,97625,1050,1050,355602924958833,355602924958833,355567338640625,0,real_frame,B,1,355602925846500,0,
2094,355602974993375,355602974993375,355602991552124,355603024884124,355603024982249,355602975091500,98125,1051,1051,355602924958833,355602958332416,355567338640625,1049,generated_frame,G,1,355602959456958,0,
2095,355602991663625,355602991663625,355603008218124,355603041550124,355603041648708,355602991762209,98584,1051,1050,355602924958833,355602924958833,355567338640625,0,real_frame,B,1,355602959456958,0,
2096,355603008333083,355603008333083,355603024884124,355603058216124,355603058315166,355603008432125,99042,1052,1052,355602958332416,355602991663625,355567338640625,1050,generated_frame,G,1,355602992967000,0,
2097,355603024963750,355603024963750,355603041550124,355603074882124,355603074981708,355603025063334,99584,1052,1051,355602958332416,355602958332416,355567338640625,0,real_frame,A,1,355602992967000,0,
2098,355603041667083,355603041667083,355603058216124,355603091548124,355603091648083,355603041767042,99959,1053,1053,355602991663625,355603024963750,355567338640625,1051,generated_frame,G,1,355603026187583,0,
2099,355603058350875,355603058350875,355603074882124,355603108214124,355603108314666,355603058451417,100542,1053,1053,355603024963750,355603024963750,355567338640625,0,real_frame,A,1,355603026187583,0,
2100,355603075016708,355603075016708,355603091548124,355603124880124,355603124981124,355603075117708,101000,1054,1054,355603024963750,355603058350875,355567338640625,1052,generated_frame,G,1,355603059707250,0,
2101,355603091739458,355603091739458,355603108214124,355603141546124,355603141647583,355603091840917,101459,1054,1054,355603058350875,355603058350875,355567338640625,0,real_frame,B,1,355603059707250,0,
2102,355603108373500,355603108373500,355603124880124,355603158212124,355603158314124,355603108475500,102000,1055,1055,355603058350875,355603091739458,355567338640625,1053,generated_frame,G,1,355603093388958,0,
2103,355603125021375,355603125021375,355603141546124,355603174878124,355603174980499,355603125123750,102375,1055,1054,355603058350875,355603058350875,355567338640625,0,real_frame,B,1,355603093388958,0,
2104,355603141726000,355603141726000,355603158212124,355603191544124,355603191647041,355603141828917,102917,1056,1056,355603091739458,355603125021375,355567338640625,1054,generated_frame,G,1,355603126436666,0,
2105,355603158366708,355603158366708,355603174878124,355603208210124,355603208313499,355603158470083,103375,1056,1056,355603125021375,355603125021375,355567338640625,0,real_frame,B,1,355603126436666,0,
2106,355603175058083,355603175058083,355603191544124,355603224876124,355603224980041,355603175162000,103917,1057,1057,355603125021375,355603158366708,355567338640625,1055,generated_frame,G,1,355603160104958,0,
2107,355603191734416,355603191734416,355603208210124,355603241542124,355603241646458,355603191838750,104334,1057,1057,355603158366708,355603158366708,355567338640625,0,real_frame,A,1,355603160104958,0,
2108,355603208343708,355603208343708,355603224876124,355603258208124,355603258313041,355603208448625,104917,1058,1058,355603158366708,355603191734416,355567338640625,1056,generated_frame,G,1,355603193348500,0,
2109,355603225012875,355603225012875,355603241542124,355603274874124,355603274979499,355603225118250,105375,1058,1057,355603158366708,355603158366708,355567338640625,0,real_frame,A,1,355603193348500,0,
2110,355603241695333,355603241695333,355603258208124,355603291540124,355603291645874,355603241801083,105750,1059,1059,355603191734416,355603225012875,355567338640625,1057,generated_frame,G,1,355603226552541,0,
2111,355603258370666,355603258370666,355603274874124,355603308206124,355603308312374,355603258476916,106250,1059,1059,355603225012875,355603225012875,355567338640625,0,real_frame,A,1,355603226552541,0,
2112,355603275012416,355603275012416,355603291540124,355603324872124,355603324978874,355603275119166,106750,1060,1060,355603225012875,355603258370666,355567338640625,1058,generated_frame,G,1,355603259927000,0,
2113,355603295135166,355603295135166,355603308206124,355603341538124,355603341645333,355603295242375,107209,1060,1060,355603258370666,355603258370666,355567338640625,0,real_frame,B,1,355603259927000,0,
2114,355603308234958,355603308234958,355603324872124,355603358204124,355603358311874,355603308342708,107750,1061,1061,355603258370666,355603295135166,355567338640625,1059,generated_frame,G,1,355603297179958,0,
2115,355603324955750,355603324955750,355603341538124,355603374870124,355603374978416,355603325064042,108292,1061,1060,355603258370666,355603258370666,355567338640625,0,real_frame,B,1,355603297179958,0,
2116,355603341628166,355603341628166,355603358204124,355603391536124,355603391644833,355603341736875,108709,1062,1062,355603295135166,355603324955750,355567338640625,1060,generated_frame,G,1,355603325881291,0,
2117,355603358313958,355603358313958,355603374870124,355603408202124,355603408311249,355603358423083,109125,1062,1062,355603324955750,355603324955750,355567338640625,0,real_frame,B,1,355603325881291,0,
2118,355603375003708,355603375003708,355603391536124,355603424868124,355603424977791,355603375113375,109667,1063,1063,355603324955750,355603358313958,355567338640625,1061,generated_frame,G,1,355603359337833,0,
2119,355603391644041,355603391644041,355603408202124,355603441534124,355603441644249,355603391754166,110125,1063,1062,355603324955750,355603324955750,355567338640625,0,real_frame,B,1,355603359337833,0,
2120,355603408315416,355603408315416,355603424868124,355603458200124,355603458310791,355603408426083,110667,1064,1064,355603358313958,355603391644041,355567338640625,1062,generated_frame,G,1,355603393022750,0,
2121,355603425012000,355603425012000,355603441534124,355603474866124,355603474977249,355603425123125,111125,1064,1064,355603391644041,355603391644041,355567338640625,0,real_frame,B,1,355603393022750,0,
2122,355603441671750,355603441671750,355603458200124,355603491532124,355603491643708,355603441783334,111584,1065,1065,355603391644041,355603425012000,355567338640625,1063,generated_frame,G,1,355603426339500,0,
2123,355603458387458,355603458387458,355603474866124,355603508198124,355603508310208,355603458499542,112084,1065,1065,355603425012000,355603425012000,355567338640625,0,real_frame,A,1,355603426339500,0,
2124,355603475046500,355603475046500,355603491532124,355603524864124,355603524976666,355603475159042,112542,1066,1066,355603425012000,355603458387458,355567338640625,1064,generated_frame,G,1,355603460123625,0,
2125,355603491674375,355603491674375,355603508198124,355603541530124,355603541643166,355603491787417,113042,1066,1065,355603425012000,355603425012000,355567338640625,0,real_frame,A,1,355603460123625,0,
2126,355603508358375,355603508358375,355603524864124,355603558196124,355603558309583,355603508471834,113459,1067,1067,355603458387458,355603491674375,355567338640625,1065,generated_frame,G,1,355603493305291,0,
2127,355603525040791,355603525040791,355603541530124,355603574862124,355603574976166,355603525154833,114042,1067,1067,355603491674375,355603491674375,355567338640625,0,real_frame,A,1,355603493305291,0,
2128,355603541695583,355603541695583,355603558196124,355603591528124,355603591642583,355603541810042,114459,1068,1068,355603491674375,355603525040791,355567338640625,1066,generated_frame,G,1,355603526555875,0,
2129,355603558368833,355603558368833,355603574862124,355603608194124,355603608309083,355603558483792,114959,1068,1067,355603491674375,355603491674375,355567338640625,0,real_frame,A,1,355603526555875,0,
2130,355603575055375,355603575055375,355603591528124,355603624860124,355603624975583,355603575170834,115459,1069,1069,355603525040791,355603558368833,355567338640625,1067,generated_frame,G,1,355603560119291,0,
2131,355603591698291,355603591698291,355603608194124,355603641526124,355603641641999,355603591814166,115875,1069,1069,355603558368833,355603558368833,355567338640625,0,real_frame,A,1,355603560119291,0,
2132,355603608317958,355603608317958,355603624860124,355603658192124,355603658308541,355603608434375,116417,1070,1070,355603558368833,355603591698291,355567338640625,1068,generated_frame,G,1,355603593199833,0,
2133,355603624997000,355603624997000,355603641526124,355603674858124,355603674974999,355603625113875,116875,1070,1069,355603558368833,355603558368833,355567338640625,0,real_frame,A,1,355603593199833,0,
2134,355603641634666,355603641634666,355603658192124,355603691524124,355603691641499,355603641752041,117375,1071,1071,355603591698291,355603624997000,355567338640625,1069,generated_frame,G,1,355603626295291,0,
2135,355603658311041,355603658311041,355603674858124,355603708190124,355603708307958,355603658428875,117834,1071,1071,355603624997000,355603624997000,355567338640625,0,real_frame,A,1,355603626295291,0,
2136,355603674981083,355603674981083,355603691524124,355603724856124,355603724974416,355603675099375,118292,1072,1072,355603624997000,355603658311041,355567338640625,1070,generated_frame,G,1,355603659629250,0,
2137,355603691673958,355603691673958,355603708190124,355603741522124,355603741640916,355603691792750,118792,1072,1072,355603658311041,355603658311041,355567338640625,0,real_frame,B,1,355603659629250,0,
2138,355603708308708,355603708308708,355603724856124,355603758188124,355603758307333,355603708427917,119209,1073,1073,355603658311041,355603691673958,355567338640625,1071,generated_frame,G,1,355603693162666,0,
2139,355603724968083,355603724968083,355603741522124,355603774854124,355603774973916,355603725087875,119792,1073,1072,355603658311041,355603658311041,355567338640625,0,real_frame,B,1,355603693162666,0,
2140,355603741633125,355603741633125,355603758188124,355603791520124,355603791640333,355603741753334,120209,1074,1074,355603691673958,355603724968083,355567338640625,1072,generated_frame,G,1,355603726132166,0,
2141,355603758270083,355603758270083,355603774854124,355603808186124,355603808306874,355603758390833,120750,1074,1074,355603724968083,355603724968083,355567338640625,0,real_frame,B,1,355603726132166,0,
2142,355603774888000,355603774888000,355603791520124,355603824852124,355603824973333,355603775009209,121209,1075,1075,355603724968083,355603758270083,355567338640625,1073,generated_frame,G,1,355603759232750,0,
2143,355603791562125,355603791562125,355603808186124,355603841518124,355603841639791,355603791683792,121667,1075,1074,355603724968083,355603724968083,355567338640625,0,real_frame,B,1,355603759232750,0,
2144,355603808305083,355603808305083,355603824852124,355603858184124,355603858306291,355603808427250,122167,1076,1076,355603758270083,355603791562125,355567338640625,1074,generated_frame,G,1,355603792533833,0,
2145,355603824986083,355603824986083,355603841518124,355603874850124,355603874972708,355603825108667,122584,1076,1076,355603791562125,355603791562125,355567338640625,0,real_frame,B,1,355603792533833,0,
2146,355603841650500,355603841650500,355603858184124,355603891516124,355603891639249,355603841773625,123125,1077,1077,355603791562125,355603824986083,355567338640625,1075,generated_frame,G,1,355603826229416,0,
2147,355603858323833,355603858323833,355603874850124,355603908182124,355603908305749,355603858447458,123625,1077,1076,355603791562125,355603791562125,355567338640625,0,real_frame,B,1,355603826229416,0,
2148,355603874997583,355603874997583,355603891516124,355603924848124,355603924972166,355603875121625,124042,1078,1078,355603824986083,355603858323833,355567338640625,1076,generated_frame,G,1,355603859840791,0,
2149,355603891744041,355603891744041,355603908182124,355603941514124,355603941638666,355603891868583,124542,1078,1078,355603858323833,355603858323833,355567338640625,0,real_frame,B,1,355603859840791,0,
2150,355603908412041,355603908412041,355603924848124,355603958180124,355603958305124,355603908537041,125000,1079,1079,355603858323833,355603891744041,355567338640625,1077,generated_frame,G,1,355603893433166,0,
2151,355603925063000,355603925063000,355603941514124,355603974846124,355603974971666,355603925188542,125542,1079,1078,355603858323833,355603858323833,355567338640625,0,real_frame,B,1,355603893433166,0,
2152,355603941746125,355603941746125,355603958180124,355603991512124,355603991638124,355603941872125,126000,1080,1080,355603891744041,355603925063000,355567338640625,1078,generated_frame,G,1,355603926748333,0,
2153,355603958360833,355603958360833,355603974846124,355604008178124,355604008304624,355603958487333,126500,1080,1079,355603891744041,355603891744041,355567338640625,0,real_frame,A,1,355603926748333,0,
2154,355603974996458,355603974996458,355603991512124,355604024844124,355604024971124,355603975123458,127000,1081,1081,355603925063000,355603958360833,355567338640625,1079,generated_frame,G,1,355603960340500,0,
2155,355603991621625,355603991621625,355604008178124,355604041510124,355604041637583,355603991749084,127459,1081,1080,355603925063000,355603925063000,355567338640625,0,real_frame,B,1,355603960340500,0,
2156,355604008260500,355604008260500,355604024844124,355604058176124,355604058304041,355604008388417,127917,1082,1082,355603958360833,355603991621625,355567338640625,1080,generated_frame,G,1,355603992740000,0,
2157,355604024965875,355604024965875,355604041510124,355604074842124,355604074970583,355604025094334,128459,1082,1082,355603991621625,355603991621625,355567338640625,0,real_frame,B,1,355603992740000,0,
2158,355604041625583,355604041625583,355604058176124,355604091508124,355604091637041,355604041754500,128917,1083,1083,355603991621625,355604024965875,355567338640625,1081,generated_frame,G,1,355604026312708,0,
2159,355604058302875,355604058302875,355604074842124,355604108174124,355604108303458,355604058432209,129334,1083,1082,355603991621625,355603991621625,355567338640625,0,real_frame,B,1,355604026312708,0,
2160,355604074960791,355604074960791,355604091508124,355604124840124,355604124970083,355604075090750,129959,1084,1084,355604024965875,355604058302875,355567338640625,1082,generated_frame,G,1,355604059674083,0,
2161,355604092690541,355604092690541,355604108174124,355604141506124,355604141636458,355604092820875,130334,1084,1084,355604058302875,355604058302875,355567338640625,0,real_frame,B,1,355604059674083,0,
2162,355604108199916,355604108199916,355604124840124,355604158172124,355604158302958,355604108330750,130834,1085,1085,355604058302875,355604092690541,355567338640625,1083,generated_frame,G,1,355604093983916,0,
2163,355604124936791,355604124936791,355604141506124,355604174838124,355604174969416,355604125068083,131292,1085,1084,355604058302875,355604058302875,355567338640625,0,real_frame,B,1,355604093983916,0,
2164,355604141584625,355604141584625,355604158172124,355604191504124,355604191635874,355604141716375,131750,1086,1086,355604092690541,355604124936791,355567338640625,1084,generated_frame,G,1,355604125849416,0,
2165,355604158289250,355604158289250,355604174838124,355604208170124,355604208302416,355604158421542,132292,1086,1086,355604124936791,355604124936791,355567338640625,0,real_frame,B,1,355604125849416,0,
2166,355604175067875,355604175067875,355604191634374,355604224966374,355604224968833,355604175070334,2459,1087,1087,355604124936791,355604158289250,355567338640625,1085,generated_frame,G,1,355604159647708,0,
2167,355604191736041,355604191736041,355604208300374,355604241632374,355604241635333,355604191739000,2959,1087,1087,355604158289250,355604158289250,355567338640625,0,real_frame,A,1,355604159647708,0,
2168,355604208413000,355604208413000,355604224966374,355604258298374,355604258301833,355604208416459,3459,1088,1088,355604158289250,355604191736041,355567338640625,1086,generated_frame,G,1,355604193059875,0,
2169,355604225069291,355604225069291,355604241632374,355604274964374,355604274968291,355604225073208,3917,1088,1087,355604158289250,355604158289250,355567338640625,0,real_frame,A,1,355604193059875,0,
2170,355604241747625,355604241747625,355604258298374,355604291630374,355604291634874,355604241752125,4500,1089,1089,355604191736041,355604225069291,355567338640625,1087,generated_frame,G,1,355604226268083,0,
2171,355604258445750,355604258445750,355604274964374,355604308296374,355604308301208,355604258450584,4834,1089,1089,355604225069291,355604225069291,355567338640625,0,real_frame,A,1,355604226268083,0,
2172,355604275103166,355604275103166,355604291630374,355604324962374,355604324967749,355604275108541,5375,1090,1090,355604225069291,355604258445750,355567338640625,1088,generated_frame,G,1,355604259970625,0,
2173,355604297615333,355604297615333,355604308296374,355604341628374,355604341634249,355604297621208,5875,1090,1090,355604258445750,355604258445750,355567338640625,0,real_frame,B,1,355604259970625,0,
2174,355604308325958,355604308325958,355604324962374,355604358294374,355604358300666,355604308332250,6292,1091,1090,355604258445750,355604258445750,355567338640625,0,real_frame,B,1,355604299304666,0,
2175,355604325021291,355604325021291,355604341628374,355604374960374,355604374967208,355604325028125,6834,1091,1091,355604258445750,355604297615333,355567338640625,1089,generated_frame,G,1,355604299304666,0,
2176,355604341657208,355604341657208,355604358294374,355604391626374,355604391633624,355604341664458,7250,1092,1092,355604297615333,355604325021291,355567338640625,1090,generated_frame,G,1,355604325915500,0,
2177,355604358420416,355604358420416,355604374960374,355604408292374,355604408300208,355604358428250,7834,1092,1092,355604325021291,355604325021291,355567338640625,0,real_frame,B,1,355604325915500,0,
2178,355604375012875,355604375012875,355604391626374,355604424958374,355604424966666,355604375021167,8292,1093,1093,355604325021291,355604358420416,355567338640625,1091,generated_frame,G,1,355604359763291,0,
2179,355604391735375,355604391735375,355604408292374,355604441624374,355604441633124,355604391744125,8750,1093,1092,355604325021291,355604325021291,355567338640625,0,real_frame,B,1,355604359763291,0,
2180,355604408387583,355604408387583,355604424958374,355604458290374,355604458299624,355604408396833,9250,1094,1094,355604358420416,355604391735375,355567338640625,1092,generated_frame,G,1,355604393095125,0,
2181,355604425096208,355604425096208,355604441624374,355604474956374,355604474966041,355604425105875,9667,1094,1094,355604391735375,355604391735375,355567338640625,0,real_frame,B,1,355604393095125,0,
2182,355604441735000,355604441735000,355604458290374,355604491622374,355604491632791,355604441745417,10417,1095,1095,355604391735375,355604425096208,355567338640625,1093,generated_frame,G,1,355604426443125,0,
2183,355604458389375,355604458389375,355604474956374,355604508288374,355604508298999,355604458400000,10625,1095,1094,355604391735375,355604391735375,355567338640625,0,real_frame,B,1,355604426443125,0,
2184,355604474988333,355604474988333,355604491622374,355604524954374,355604524965583,355604474999542,11209,1096,1096,355604425096208,355604458389375,355567338640625,1094,generated_frame,G,1,355604465272958,0,
2185,355604491681291,355604491681291,355604508288374,355604541620374,355604541631999,355604491692916,11625,1096,1095,355604425096208,355604425096208,355567338640625,0,real_frame,A,1,355604465272958,0,
2186,355604508322375,355604508322375,355604524954374,355604558286374,355604558298499,355604508334500,12125,1097,1097,355604458389375,355604491681291,355567338640625,1095,generated_frame,G,1,355604492581833,0,
2187,355604525060083,355604525060083,355604541620374,355604574952374,355604574964999,355604525072708,12625,1097,1097,355604491681291,355604491681291,355567338640625,0,real_frame,A,1,355604492581833,0,
2188,355604541724500,355604541724500,355604558286374,355604591618374,355604591631458,355604541737584,13084,1098,1098,355604491681291,355604525060083,355567338640625,1096,generated_frame,G,1,355604526456791,0,
2189,355604558424083,355604558424083,355604574952374,355604608284374,355604608297958,355604558437667,13584,1098,1097,355604491681291,355604491681291,355567338640625,0,real_frame,A,1,355604526456791,0,
2190,355604575090750,355604575090750,355604591618374,355604624950374,355604624964416,355604575104792,14042,1099,1099,355604525060083,355604558424083,355567338640625,1097,generated_frame,G,1,355604560245625,0,
2191,355604591725583,355604591725583,355604608284374,355604641616374,355604641630916,355604591740125,14542,1099,1098,355604525060083,355604525060083,355567338640625,0,real_frame,B,1,355604560245625,0,
2192,355604608382791,355604608382791,355604624950374,355604658282374,355604658297374,355604608397791,15000,1100,1100,355604558424083,355604591725583,355567338640625,1098,generated_frame,G,1,355604592925500,0,
2193,355604625058208,355604625058208,355604641616374,355604674948374,355604674963833,355604625073667,15459,1100,1100,355604591725583,355604591725583,355567338640625,0,real_frame,B,1,355604592925500,0,
2194,355604641717750,355604641717750,355604658282374,355604691614374,355604691630333,355604641733709,15959,1101,1101,355604591725583,355604625058208,355567338640625,1099,generated_frame,G,1,355604626343916,0,
2195,355604658421208,355604658421208,355604674948374,355604708280374,355604708296833,355604658437667,16459,1101,1101,355604625058208,355604625058208,355567338640625,0,real_frame,A,1,355604626343916,0,
2196,355604675073250,355604675073250,355604691614374,355604724946374,355604724963333,355604675090209,16959,1102,1102,355604625058208,355604658421208,355567338640625,1100,generated_frame,G,1,355604659914708,0,
2197,355604691727791,355604691727791,355604708280374,355604741612374,355604741629749,355604691745166,17375,1102,1101,355604625058208,355604625058208,355567338640625,0,real_frame,A,1,355604659914708,0,
2198,355604708377541,355604708377541,355604724946374,355604758278374,355604758296249,355604708395416,17875,1103,1103,355604658421208,355604691727791,355567338640625,1101,generated_frame,G,1,355604692939916,0,
2199,355604725078375,355604725078375,355604741612374,355604774944374,355604774962749,355604725096750,18375,1103,1103,355604691727791,355604691727791,355567338640625,0,real_frame,A,1,355604692939916,0,
2200,355604741728083,355604741728083,355604758278374,355604791610374,355604791629166,355604741746875,18792,1104,1104,355604691727791,355604725078375,355567338640625,1102,generated_frame,G,1,355604726369625,0,
2201,355604758406208,355604758406208,355604774944374,355604808276374,355604808295708,355604758425542,19334,1104,1103,355604691727791,355604691727791,355567338640625,0,real_frame,A,1,355604726369625,0,
2202,355604775106583,355604775106583,355604791610374,355604824942374,355604824962166,355604775126375,19792,1105,1105,355604725078375,355604758406208,355567338640625,1103,generated_frame,G,1,355604759847166,0,
2203,355604791753666,355604791753666,355604808276374,355604841608374,355604841628666,355604791773958,20292,1105,1105,355604758406208,355604758406208,355567338640625,0,real_frame,A,1,355604759847166,0,
2204,355604812808916,355604812808916,355604824942374,355604858274374,355604858295083,355604812829625,20709,1106,1106,355604758406208,355604791753666,355567338640625,1104,generated_frame,G,1,355604793182250,0,
2205,355604824985291,355604824985291,355604841608374,355604874940374,355604874961666,355604825006583,21292,1106,1105,355604758406208,355604758406208,355567338640625,0,real_frame,A,1,355604793182250,0,
2206,355604841671291,355604841671291,355604858274374,355604891606374,355604891628124,355604841693041,21750,1107,1107,355604791753666,355604824985291,355567338640625,1105,generated_frame,G,1,355604825897458,0,
2207,355604858357333,355604858357333,355604874940374,355604908272374,355604908294583,355604858379542,22209,1107,1107,355604824985291,355604824985291,355567338640625,0,real_frame,A,1,355604825897458,0,
2208,355604875069250,355604875069250,355604891606374,355604924938374,355604924961083,355604875091959,22709,1108,1108,355604824985291,355604858357333,355567338640625,1106,generated_frame,G,1,355604859317125,0,
2209,355604891734666,355604891734666,355604908272374,355604941604374,355604941627583,355604891757875,23209,1108,1108,355604858357333,355604858357333,355567338640625,0,real_frame,B,1,355604859317125,0,
2210,355604908375583,355604908375583,355604924938374,355604958270374,355604958294083,355604908399292,23709,1109,1109,355604858357333,355604891734666,355567338640625,1107,generated_frame,G,1,355604892997833,0,
2211,355604925104041,355604925104041,355604941604374,355604974936374,355604974960499,355604925128166,24125,1109,1108,355604858357333,355604858357333,355567338640625,0,real_frame,B,1,355604892997833,0,
2212,355604941711958,355604941711958,355604958270374,355604991602374,355604991626958,355604941736542,24584,1110,1110,355604891734666,355604925104041,355567338640625,1108,generated_frame,G,1,355604926328958,0,
2213,355604958423958,355604958423958,355604974936374,355605008268374,355605008293499,355604958449083,25125,1110,1109,355604891734666,355604891734666,355567338640625,0,real_frame,A,1,355604926328958,0,
2214,355604975080083,355604975080083,355604991602374,355605024934374,355605024959916,355604975105625,25542,1111,1111,355604925104041,355604958423958,355567338640625,1109,generated_frame,G,1,355604960482666,0,
2215,355604991734875,355604991734875,355605008268374,355605041600374,355605041626458,355604991760959,26084,1111,1110,355604925104041,355604925104041,355567338640625,0,real_frame,B,1,355604960482666,0,
2216,355605008461250,355605008461250,355605024934374,355605058266374,355605058292916,355605008487792,26542,1112,1112,355604958423958,355604991734875,355567338640625,1110,generated_frame,G,1,355604993175583,0,
2217,355605025038083,355605025038083,355605041600374,355605074932374,355605074959458,355605025065167,27084,1112,1111,355604958423958,355604958423958,355567338640625,0,real_frame,A,1,355604993175583,0,
2218,355605041715875,355605041715875,355605058266374,355605091598374,355605091625874,355605041743375,27500,1113,1113,355604991734875,355605025038083,355567338640625,1111,generated_frame,G,1,355605026216833,0,
2219,355605058367500,355605058367500,355605074932374,355605108264374,355605108292291,355605058395417,27917,1113,1113,355605025038083,355605025038083,355567338640625,0,real_frame,A,1,355605026216833,0,
2220,355605075029916,355605075029916,355605091598374,355605124930374,355605124958874,355605075058416,28500,1114,1114,355605025038083,355605058367500,355567338640625,1112,generated_frame,G,1,355605059539125,0,
2221,355605091716250,355605091716250,355605108264374,355605141596374,355605141625333,355605091745209,28959,1114,1114,355605058367500,355605058367500,355567338640625,0,real_frame,B,1,355605059539125,0,
2222,355605108383458,355605108383458,355605124930374,355605158262374,355605158291833,355605108412917,29459,1115,1115,355605058367500,355605091716250,355567338640625,1113,generated_frame,G,1,355605093072208,0,
2223,355605125031000,355605125031000,355605141596374,355605174928374,355605174958249,355605125060875,29875,1115,1114,355605058367500,355605058367500,355567338640625,0,real_frame,B,1,355605093072208,0,
2224,355605141693291,355605141693291,355605158262374,355605191594374,355605191624791,355605141723708,30417,1116,1116,355605091716250,355605125031000,355567338640625,1114,generated_frame,G,1,355605126178250,0,
2225,355605158363750,355605158363750,355605174928374,355605208260374,355605208291249,355605158394625,30875,1116,1116,355605125031000,355605125031000,355567338640625,0,real_frame,B,1,355605126178250,0,
2226,355605175035833,355605175035833,355605191594374,355605224926374,355605224957666,355605175067125,31292,1117,1117,355605125031000,355605158363750,355567338640625,1115,generated_frame,G,1,355605159552875,0,
2227,355605191695583,355605191695583,355605208260374,355605241592374,355605241624166,355605191727375,31792,1117,1116,355605125031000,355605125031000,355567338640625,0,real_frame,B,1,355605159552875,0,
2228,355605208377041,355605208377041,355605224926374,355605258258374,355605258290666,355605208409333,32292,1118,1118,355605158363750,355605191695583,355567338640625,1116,generated_frame,G,1,355605192942125,0,
2229,355605225022416,355605225022416,355605241592374,355605274924374,355605274957291,355605225055333,32917,1118,1117,355605158363750,355605158363750,355567338640625,0,real_frame,A,1,355605192942125,0,
2230,355605241741458,355605241741458,355605258258374,355605291590374,355605291623666,355605241774750,33292,1119,1119,355605191695583,355605225022416,355567338640625,1117,generated_frame,G,1,355605226234833,0,
2231,355605258361250,355605258361250,355605274924374,355605308256374,355605308290124,355605258395000,33750,1119,1119,355605225022416,355605225022416,355567338640625,0,real_frame,A,1,355605226234833,0,
2232,355605275062208,355605275062208,355605291590374,355605324922374,355605324956583,355605275096417,34209,1120,1120,355605225022416,355605258361250,355567338640625,1118,generated_frame,G,1,355605259464708,0,
2233,355605291708458,355605291708458,355605308256374,355605341588374,355605341623124,355605291743208,34750,1120,1120,355605258361250,355605258361250,355567338640625,0,real_frame,B,1,355605259464708,0,
2234,355605308349208,355605308349208,355605324922374,355605358254374,355605358289583,355605308384417,35209,1121,1121,355605258361250,355605291708458,355567338640625,1119,generated_frame,G,1,355605292853041,0,
2235,355605325039958,355605325039958,355605341588374,355605374920374,355605374956083,355605325075667,35709,1121,1120,355605258361250,355605258361250,355567338640625,0,real_frame,B,1,355605292853041,0,
2236,355605341699791,355605341699791,355605358254374,355605391586374,355605391622583,355605341736000,36209,1122,1122,355605291708458,355605325039958,355567338640625,1120,generated_frame,G,1,355605326245041,0,
2237,355605358378875,355605358378875,355605374920374,355605408252374,355605408288958,355605358415459,36584,1122,1122,355605325039958,355605325039958,355567338640625,0,real_frame,B,1,355605326245041,0,
2238,355605375039500,355605375039500,355605391586374,355605424918374,355605424955541,355605375076667,37167,1123,1123,355605325039958,355605358378875,355567338640625,1121,generated_frame,G,1,355605359617416,0,
2239,355605391706125,355605391706125,355605408252374,355605441584374,355605441621999,355605391743750,37625,1123,1122,355605325039958,355605325039958,355567338640625,0,real_frame,B,1,355605359617416,0,
2240,355605408362250,355605408362250,355605424918374,355605458250374,355605458288499,355605408400375,38125,1124,1124,355605358378875,355605391706125,355567338640625,1122,generated_frame,G,1,355605392937583,0,
2241,355605425060541,355605425060541,355605441584374,355605474916374,355605474954958,355605425099125,38584,1124,1124,355605391706125,355605391706125,355567338640625,0,real_frame,B,1,355605392937583,0,
2242,355605441718833,355605441718833,355605458250374,355605491582374,355605491621374,355605441757833,39000,1125,1125,355605391706125,355605425060541,355567338640625,1123,generated_frame,G,1,355605426496583,0,
2243,355605458382000,355605458382000,355605474916374,355605508248374,355605508287916,355605458421542,39542,1125,1124,355605391706125,355605391706125,355567338640625,0,real_frame,B,1,355605426496583,0,
2244,355605475071291,355605475071291,355605491582374,355605524914374,355605524954374,355605475111291,40000,1126,1126,355605425060541,355605458382000,355567338640625,1124,generated_frame,G,1,355605459964916,0,
2245,355605491764625,355605491764625,355605508248374,355605541580374,355605541620874,355605491805125,40500,1126,1126,355605458382000,355605458382000,355567338640625,0,real_frame,B,1,355605459964916,0,
2246,355605508380125,355605508380125,355605524914374,355605558246374,355605558287333,355605508421084,40959,1127,1127,355605458382000,355605491764625,355567338640625,1125,generated_frame,G,1,355605493791791,0,
2247,355605525055000,355605525055000,355605541580374,355605574912374,355605574953833,355605525096459,41459,1127,1126,355605458382000,355605458382000,355567338640625,0,real_frame,B,1,355605493791791,0,
2248,355605541752625,355605541752625,355605558246374,355605591578374,355605591620291,355605541794542,41917,1128,1128,355605491764625,355605525055000,355567338640625,1126,generated_frame,G,1,355605526509750,0,
2249,355605558435041,355605558435041,355605574912374,355605608244374,355605608286749,355605558477416,42375,1128,1128,355605525055000,355605525055000,355567338640625,0,real_frame,B,1,355605526509750,0,
2250,355605575119166,355605575119166,355605591578374,355605624910374,355605624953374,355605575162166,43000,1129,1129,355605525055000,355605558435041,355567338640625,1127,generated_frame,G,1,355605560222708,0,
2251,355605591760000,355605591760000,355605608244374,355605641576374,355605641619791,355605591803417,43417,1129,1128,355605525055000,355605525055000,355567338640625,0,real_frame,B,1,355605560222708,0,
2252,355605608373125,355605608373125,355605624910374,355605658242374,355605658286208,355605608416959,43834,1130,1130,355605558435041,355605591760000,355567338640625,1128,generated_frame,G,1,355605593512791,0,
2253,355605625044375,355605625044375,355605641576374,355605674908374,355605674952749,355605625088750,44375,1130,1129,355605558435041,355605558435041,355567338640625,0,real_frame,A,1,355605593512791,0,
2254,355605641700666,355605641700666,355605658242374,355605691574374,355605691619166,355605641745458,44792,1131,1131,355605591760000,355605625044375,355567338640625,1129,generated_frame,G,1,355605626328750,0,
2255,355605658377291,355605658377291,355605674908374,355605708240374,355605708285708,355605658422625,45334,1131,1131,355605625044375,355605625044375,355567338640625,0,real_frame,A,1,355605626328750,0,
2256,355605675019708,355605675019708,355605691574374,355605724906374,355605724952124,355605675065458,45750,1132,1132,355605625044375,355605658377291,355567338640625,1130,generated_frame,G,1,355605659806500,0,
2257,355605691706083,355605691706083,355605708240374,355605741572374,355605741618666,355605691752375,46292,1132,1131,355605625044375,355605625044375,355567338640625,0,real_frame,A,1,355605659806500,0,
2258,355605713685708,355605713685708,355605724906374,355605758238374,355605758285124,355605713732458,46750,1133,1133,355605658377291,355605691706083,355567338640625,1131,generated_frame,G,1,355605692963916,0,
2259,355605724956166,355605724956166,355605741572374,355605774904374,355605774951583,355605725003375,47209,1134,1134,355605691706083,355605713685708,355567338640625,1132,generated_frame,G,1,355605717981541,0,
2260,355605741627666,355605741627666,355605758238374,355605791570374,355605791618124,355605741675416,47750,1134,1134,355605713685708,355605713685708,355567338640625,0,real_frame,B,1,355605717981541,0,
2261,355605758291625,355605758291625,355605774904374,355605808236374,355605808284541,355605758339792,48167,1134,1134,355605713685708,355605713685708,355567338640625,0,real_frame,B,1,355605717981541,0,
2262,355605775022416,355605775022416,355605791570374,355605824902374,355605824951083,355605775071125,48709,1135,1135,355605713685708,355605758291625,355567338640625,1133,generated_frame,G,1,355605759178666,0,
2263,355605791663000,355605791663000,355605808236374,355605841568374,355605841617541,355605791712167,49167,1135,1134,355605713685708,355605713685708,355567338640625,0,real_frame,B,1,355605759178666,0,
2264,355605808344166,355605808344166,355605824902374,355605858234374,355605858283999,355605808393791,49625,1136,1136,355605758291625,355605791663000,355567338640625,1134,generated_frame,G,1,355605792608416,0,
2265,355605825008333,355605825008333,355605841568374,355605874900374,355605874950541,355605825058500,50167,1136,1135,355605758291625,355605758291625,355567338640625,0,real_frame,A,1,355605792608416,0,
2266,355605841668625,355605841668625,355605858234374,355605891566374,355605891616958,355605841719209,50584,1137,1137,355605791663000,355605825008333,355567338640625,1135,generated_frame,G,1,355605826109875,0,
2267,355605858355750,355605858355750,355605874900374,355605908232374,355605908283458,355605858406834,51084,1137,1137,355605825008333,355605825008333,355567338640625,0,real_frame,A,1,355605826109875,0,
2268,355605875010833,355605875010833,355605891566374,355605924898374,355605924949958,355605875062417,51584,1138,1138,355605825008333,355605858355750,355567338640625,1136,generated_frame,G,1,355605859512791,0,
2269,355605891703416,355605891703416,355605908232374,355605941564374,355605941616416,355605891755458,52042,1138,1138,355605858355750,355605858355750,355567338640625,0,real_frame,B,1,355605859512791,0,
2270,355605908362375,355605908362375,355605924898374,355605958230374,355605958282874,355605908414875,52500,1139,1139,355605858355750,355605891703416,355567338640625,1137,generated_frame,G,1,355605893007708,0,
2271,355605925063541,355605925063541,355605941564374,355605974896374,355605974949416,355605925116583,53042,1139,1139,355605891703416,355605891703416,355567338640625,0,real_frame,A,1,355605893007708,0,
2272,355605941721000,355605941721000,355605958230374,355605991562374,355605991615916,355605941774542,53542,1140,1140,355605891703416,355605925063541,355567338640625,1138,generated_frame,G,1,355605926632333,0,
2273,355605958381375,355605958381375,355605974896374,355606008228374,355606008282333,355605958435334,53959,1140,1139,355605891703416,355605891703416,355567338640625,0,real_frame,A,1,355605926632333,0,
2274,355605975096750,355605975096750,355605991562374,355606024894374,355606024948791,355605975151167,54417,1141,1141,355605925063541,355605958381375,355567338640625,1139,generated_frame,G,1,355605959940291,0,
2275,355605991712791,355605991712791,355606008228374,355606041560374,355606041615291,355605991767708,54917,1141,1141,355605958381375,355605958381375,355567338640625,0,real_frame,A,1,355605959940291,0,
2276,355606008371916,355606008371916,355606024894374,355606058226374,355606058281791,355606008427333,55417,1142,1142,355605958381375,355605991712791,355567338640625,1140,generated_frame,G,1,355605993285375,0,
2277,355606025034916,355606025034916,355606041560374,355606074892374,355606074948249,355606025090791,55875,1142,1141,355605958381375,355605958381375,355567338640625,0,real_frame,A,1,355605993285375,0,
2278,355606041712666,355606041712666,355606058226374,355606091558374,355606091614749,355606041769041,56375,1143,1143,355605991712791,355606025034916,355567338640625,1141,generated_frame,G,1,355606026507708,0,
2279,355606058371208,355606058371208,355606074892374,355606108224374,355606108281249,355606058428083,56875,1143,1143,355606025034916,355606025034916,355567338640625,0,real_frame,A,1,355606026507708,0,
2280,355606075034500,355606075034500,355606091558374,355606124890374,355606124947708,355606075091834,57334,1144,1144,355606025034916,355606058371208,355567338640625,1142,generated_frame,G,1,355606059774708,0,
2281,355606091710583,355606091710583,355606108224374,355606141556374,355606141614208,355606091768417,57834,1144,1144,355606058371208,355606058371208,355567338640625,0,real_frame,B,1,355606059774708,0,
2282,355606108405333,355606108405333,355606124890374,355606158222374,355606158280624,355606108463583,58250,1145,1145,355606058371208,355606091710583,355567338640625,1143,generated_frame,G,1,355606093192125,0,
2283,355606125069291,355606125069291,355606141556374,355606174888374,355606174947166,355606125128083,58792,1145,1145,355606091710583,355606091710583,355567338640625,0,real_frame,A,1,355606093192125,0,
2284,355606141691875,355606141691875,355606158222374,355606191554374,355606191613624,355606141751125,59250,1146,1146,355606091710583,355606125069291,355567338640625,1144,generated_frame,G,1,355606126531958,0,
2285,355606158370583,355606158370583,355606174888374,355606208220374,355606208280083,355606158430292,59709,1146,1145,355606091710583,355606091710583,355567338640625,0,real_frame,A,1,355606126531958,0,
2286,355606175059791,355606175059791,355606191554374,355606224886374,355606224946583,355606175120000,60209,1147,1147,355606125069291,355606158370583,355567338640625,1145,generated_frame,G,1,355606159878666,0,
2287,355606191745250,355606191745250,355606208220374,355606241552374,355606241612999,355606191805875,60625,1147,1147,355606158370583,355606158370583,355567338640625,0,real_frame,A,1,355606159878666,0,
2288,355606208312666,355606208312666,355606224886374,355606258218374,355606258279541,355606208373833,61167,1148,1148,355606158370583,355606191745250,355567338640625,1146,generated_frame,G,1,355606192586250,0,
2289,355606225017416,355606225017416,355606241552374,355606274884374,355606274945999,355606225079041,61625,1148,1147,355606158370583,355606158370583,355567338640625,0,real_frame,A,1,355606192586250,0,
2290,355606241694666,355606241694666,355606258218374,355606291550374,355606291612541,355606241756833,62167,1149,1149,355606191745250,355606225017416,355567338640625,1147,generated_frame,G,1,355606226057541,0,
2291,355606258317708,355606258317708,355606274884374,355606308216374,355606308278999,355606258380333,62625,1149,1149,355606225017416,355606225017416,355567338640625,0,real_frame,A,1,355606226057541,0,
2292,355606275010208,355606275010208,355606291550374,355606324882374,355606324945416,355606275073250,63042,1150,1150,355606225017416,355606258317708,355567338640625,1148,generated_frame,G,1,355606259276333,0,
2293,355606291635125,355606291635125,355606308216374,355606341548374,355606341612041,355606291698792,63667,1150,1150,355606258317708,355606258317708,355567338640625,0,real_frame,B,1,355606259276333,0,
2294,355606308322833,355606308322833,355606324882374,355606358214374,355606358278416,355606308386875,64042,1151,1151,355606258317708,355606291635125,355567338640625,1149,generated_frame,G,1,355606292561083,0,
2295,355606325007541,355606325007541,355606341548374,355606374880374,355606374944958,355606325072125,64584,1151,1151,355606291635125,355606291635125,355567338640625,0,real_frame,A,1,355606292561083,0,
2296,355606341654083,355606341654083,355606358214374,355606391546374,355606391611416,355606341719125,65042,1152,1152,355606291635125,355606325007541,355567338640625,1150,generated_frame,G,1,355606326062916,0,
2297,355606358325666,355606358325666,355606374880374,355606408212374,355606408277833,355606358391125,65459,1152,1151,355606291635125,355606291635125,355567338640625,0,real_frame,A,1,355606326062916,0,
2298,355606375008958,355606375008958,355606391546374,355606424878374,355606424944333,355606375074917,65959,1153,1153,355606325007541,355606358325666,355567338640625,1151,generated_frame,G,1,355606359454083,0,
2299,355606391679208,355606391679208,355606408212374,355606441544374,355606441610833,355606391745667,66459,1153,1153,355606358325666,355606358325666,355567338640625,0,real_frame,A,1,355606359454083,0,
2300,355606408422833,355606408422833,355606424878374,355606458210374,355606458277291,355606408489750,66917,1154,1154,355606358325666,355606391679208,355567338640625,1152,generated_frame,G,1,355606392885708,0,
2301,355606424978041,355606424978041,355606441544374,355606474876374,355606474943833,355606425045500,67459,1154,1153,355606358325666,355606358325666,355567338640625,0,real_frame,A,1,355606392885708,0,
2302,355606441679833,355606441679833,355606458210374,355606491542374,355606491610249,355606441747708,67875,1155,1155,355606391679208,355606424978041,355567338640625,1153,generated_frame,G,1,355606426160166,0,
2303,355606458326541,355606458326541,355606474876374,355606508208374,355606508276791,355606458394958,68417,1155,1155,355606424978041,355606424978041,355567338640625,0,real_frame,A,1,355606426160166,0,
2304,355606474996000,355606474996000,355606491542374,355606524874374,355606524943208,355606475064834,68834,1156,1156,355606424978041,355606458326541,355567338640625,1154,generated_frame,G,1,355606459297708,0,
2305,355606491645208,355606491645208,355606508208374,355606541540374,355606541609791,355606491714625,69417,1156,1155,355606424978041,355606424978041,355567338640625,0,real_frame,A,1,355606459297708,0,
2306,355606508361791,355606508361791,355606524874374,355606558206374,355606558276208,355606508431625,69834,1157,1157,355606458326541,355606491645208,355567338640625,1155,generated_frame,G,1,355606492735916,0,
2307,355606525014000,355606525014000,355606541540374,355606574872374,355606574942708,355606525084334,70334,1157,1157,355606491645208,355606491645208,355567338640625,0,real_frame,A,1,355606492735916,0,
2308,355606541685333,355606541685333,355606558206374,355606591538374,355606591609166,355606541756125,70792,1158,1158,355606491645208,355606525014000,355567338640625,1156,generated_frame,G,1,355606526465625,0,
2309,355606558390791,355606558390791,355606574872374,355606608204374,355606608275666,355606558462083,71292,1158,1158,355606525014000,355606525014000,355567338640625,0,real_frame,B,1,355606526465625,0,
2310,355606575045458,355606575045458,355606591538374,355606624870374,355606624942166,355606575117250,71792,1159,1159,355606525014000,355606558390791,355567338640625,1157,generated_frame,G,1,355606560193833,0,
2311,355606591680500,355606591680500,355606608204374,355606641536374,355606641608583,355606591752709,72209,1159,1158,355606525014000,355606525014000,355567338640625,0,real_frame,B,1,355606560193833,0,
2312,355606608347500,355606608347500,355606624870374,355606658202374,355606658275041,355606608420167,72667,1160,1160,355606558390791,355606591680500,355567338640625,1158,generated_frame,G,1,355606592953541,0,
2313,355606625001875,355606625001875,355606641536374,355606674868374,355606674941583,355606625075084,73209,1160,1160,355606591680500,355606591680500,355567338640625,0,real_frame,B,1,355606592953541,0,
2314,355606641665416,355606641665416,355606658202374,355606691534374,355606691608083,355606641739125,73709,1161,1161,355606591680500,355606625001875,355567338640625,1159,generated_frame,G,1,355606626262250,0,
2315,355606658329958,355606658329958,355606674868374,355606708200374,355606708274499,355606658404083,74125,1161,1161,355606625001875,355606625001875,355567338640625,0,real_frame,A,1,355606626262250,0,
2316,355606675000458,355606675000458,355606691534374,355606724866374,355606724940999,355606675075083,74625,1162,1162,355606625001875,355606658329958,355567338640625,1160,generated_frame,G,1,355606659513166,0,
2317,355606691692833,355606691692833,355606708200374,355606741532374,355606741607458,355606691767917,75084,1162,1162,355606658329958,355606658329958,355567338640625,0,real_frame,B,1,355606659513166,0,
2318,355606708340208,355606708340208,355606724866374,355606758198374,355606758273999,355606708415833,75625,1163,1163,355606658329958,355606691692833,355567338640625,1161,generated_frame,G,1,355606693054625,0,
2319,355606725016333,355606725016333,355606741532374,355606774864374,355606774940458,355606725092417,76084,1163,1162,355606658329958,355606658329958,355567338640625,0,real_frame,B,1,355606693054625,0,
2320,355606741675750,355606741675750,355606758198374,355606791530374,355606791606958,355606741752334,76584,1164,1164,355606691692833,355606725016333,355567338640625,1162,generated_frame,G,1,355606726305708,0,
2321,355606758335583,355606758335583,355606774864374,355606808196374,355606808273416,355606758412625,77042,1164,1163,355606691692833,355606691692833,355567338640625,0,real_frame,A,1,355606726305708,0,
2322,355606775011333,355606775011333,355606791530374,355606824862374,355606824939916,355606775088875,77542,1165,1165,355606725016333,355606758335583,355567338640625,1163,generated_frame,G,1,355606759679833,0,
2323,355606796942291,355606796942291,355606808196374,355606841528374,355606841606374,355606797020291,78000,1165,1165,355606758335583,355606758335583,355567338640625,0,real_frame,A,1,355606759679833,0,
2324,355606808219708,355606808219708,355606824862374,355606858194374,355606858272874,355606808298208,78500,1166,1166,355606758335583,355606796942291,355567338640625,1164,generated_frame,G,1,355606798018708,0,
2325,355606824930666,355606824930666,355606841528374,355606874860374,355606874939333,355606825009625,78959,1166,1165,355606758335583,355606758335583,355567338640625,0,real_frame,A,1,355606798018708,0,
2326,355606841612375,355606841612375,355606858194374,355606891526374,355606891605874,355606841691875,79500,1167,1167,355606796942291,355606824930666,355567338640625,1165,generated_frame,G,1,355606825849833,0,
2327,355606858310500,355606858310500,355606874860374,355606908192374,355606908272291,355606858390417,79917,1167,1167,355606824930666,355606824930666,355567338640625,0,real_frame,A,1,355606825849833,0,
2328,355606874964833,355606874964833,355606891526374,355606924858374,355606924938791,355606875045250,80417,1168,1168,355606824930666,355606858310500,355567338640625,1166,generated_frame,G,1,355606859402666,0,
2329,355606891628791,355606891628791,355606908192374,355606941524374,355606941605249,355606891709666,80875,1168,1167,355606824930666,355606824930666,355567338640625,0,real_frame,A,1,355606859402666,0,
2330,355606908347000,355606908347000,355606924858374,355606958190374,355606958271749,355606908428375,81375,1169,1169,355606858310500,355606891628791,355567338640625,1167,generated_frame,G,1,355606892740750,0,
2331,355606924974041,355606924974041,355606941524374,355606974856374,355606974938249,355606925055916,81875,1169,1169,355606891628791,355606891628791,355567338640625,0,real_frame,A,1,355606892740750,0,
2332,355606941632958,355606941632958,355606958190374,355606991522374,355606991604708,355606941715292,82334,1170,1170,355606891628791,355606924974041,355567338640625,1168,generated_frame,G,1,355606926233291,0,
2333,355606958318708,355606958318708,355606974856374,355607008188374,355607008271291,355606958401625,82917,1170,1169,355606891628791,355606891628791,355567338640625,0,real_frame,A,1,355606926233291,0,
2334,355606974965166,355606974965166,355606991522374,355607024854374,355607024937624,355606975048416,83250,1171,1171,355606924974041,355606958318708,355567338640625,1169,generated_frame,G,1,355606959537583,0,
2335,355606991690166,355606991690166,355607008188374,355607041520374,355607041604166,355606991773958,83792,1171,1171,355606958318708,355606958318708,355567338640625,0,real_frame,A,1,355606959537583,0,
2336,355607008354375,355607008354375,355607024854374,355607058186374,355607058270666,355607008438667,84292,1172,1172,355606958318708,355606991690166,355567338640625,1170,generated_frame,G,1,355606993197208,0,
2337,355607024988500,355607024988500,355607041520374,355607074852374,355607074937124,355607025073250,84750,1172,1171,355606958318708,355606958318708,355567338640625,0,real_frame,A,1,355606993197208,0,
2338,355607041632833,355607041632833,355607058186374,355607091518374,355607091603624,355607041718083,85250,1173,1173,355606991690166,355607024988500,355567338640625,1171,generated_frame,G,1,355607026409250,0,
2339,355607058342333,355607058342333,355607074852374,355607108184374,355607108270083,355607058428042,85709,1173,1173,355607024988500,355607024988500,355567338640625,0,real_frame,A,1,355607026409250,0,
2340,355607075002833,355607075002833,355607091518374,355607124850374,355607124936583,355607075089042,86209,1174,1174,355607024988500,355607058342333,355567338640625,1172,generated_frame,G,1,355607059922583,0,
2341,355607091646375,355607091646375,355607108184374,355607141516374,355607141603041,355607091733042,86667,1174,1173,355607024988500,355607024988500,355567338640625,0,real_frame,A,1,355607059922583,0,
2342,355607108340875,355607108340875,355607124850374,355607158182374,355607158269458,355607108427959,87084,1175,1175,355607058342333,355607091646375,355567338640625,1173,generated_frame,G,1,355607093025041,0,
2343,355607125001791,355607125001791,355607141516374,355607174848374,355607174935999,355607125089416,87625,1175,1175,355607091646375,355607091646375,355567338640625,0,real_frame,A,1,355607093025041,0,
2344,355607141715041,355607141715041,355607158182374,355607191514374,355607191602499,355607141803166,88125,1176,1176,355607091646375,355607125001791,355567338640625,1174,generated_frame,G,1,355607126483958,0,
2345,355607158342375,355607158342375,355607174848374,355607208180374,355607208268916,355607158430917,88542,1176,1175,355607091646375,355607091646375,355567338640625,0,real_frame,A,1,355607126483958,0,
2346,355607175026791,355607175026791,355607191514374,355607224846374,355607224935458,355607175115875,89084,1177,1177,355607125001791,355607158342375,355567338640625,1175,generated_frame,G,1,355607160004208,0,
2347,355607191604625,355607191604625,355607208180374,355607241512374,355607241601958,355607191694209,89584,1177,1176,355607125001791,355607125001791,355567338640625,0,real_frame,B,1,355607160004208,0,
2348,355607208265458,355607208265458,355607224846374,355607258178374,355607258268374,355607208355458,90000,1178,1178,355607158342375,355607191604625,355567338640625,1176,generated_frame,G,1,355607192896000,0,
2349,355607224942333,355607224942333,355607241512374,355607274844374,355607274934916,355607225032875,90542,1178,1178,355607191604625,355607191604625,355567338640625,0,real_frame,B,1,355607192896000,0,
2350,355607241572375,355607241572375,355607258178374,355607291510374,355607291601416,355607241663417,91042,1179,1179,355607191604625,355607224942333,355567338640625,1177,generated_frame,G,1,355607226065041,0,
2351,355607258295458,355607258295458,355607274844374,355607308176374,355607308267874,355607258386958,91500,1179,1179,355607224942333,355607224942333,355567338640625,0,real_frame,A,1,355607226065041,0,
2352,355607274968958,355607274968958,355607291510374,355607324842374,355607324934374,355607275060958,92000,1180,1180,355607224942333,355607258295458,355567338640625,1178,generated_frame,G,1,355607259379791,0,
2353,355607291640416,355607291640416,355607308176374,355607341508374,355607341600791,355607291732833,92417,1180,1179,355607224942333,355607224942333,355567338640625,0,real_frame,A,1,355607259379791,0,
2354,355607308282500,355607308282500,355607324842374,355607358174374,355607358267291,355607308375417,92917,1181,1181,355607258295458,355607291640416,355567338640625,1179,generated_frame,G,1,355607292835833,0,
2355,355607324954041,355607324954041,355607341508374,355607374840374,355607374933791,355607325047458,93417,1181,1180,355607258295458,355607258295458,355567338640625,0,real_frame,B,1,355607292835833,0,
2356,355607341633291,355607341633291,355607358174374,355607391506374,355607391600291,355607341727208,93917,1182,1182,355607291640416,355607324954041,355567338640625,1180,generated_frame,G,1,355607326263958,0,
2357,355607358280041,355607358280041,355607374840374,355607408172374,355607408266708,355607358374375,94334,1182,1182,355607324954041,355607324954041,355567338640625,0,real_frame,B,1,355607326263958,0,
2358,355607374964666,355607374964666,355607391506374,355607424838374,355607424933249,355607375059541,94875,1183,1183,355607324954041,355607358280041,355567338640625,1181,generated_frame,G,1,355607359592041,0,
2359,355607391657125,355607391657125,355607408172374,355607441504374,355607441599666,355607391752417,95292,1183,1183,355607358280041,355607358280041,355567338640625,0,real_frame,A,1,355607359592041,0,
2360,355607408333083,355607408333083,355607424838374,355607458170374,355607458266166,355607408428875,95792,1184,1184,355607358280041,355607391657125,355567338640625,1182,generated_frame,G,1,355607392997000,0,
2361,355607425044541,355607425044541,355607441504374,355607474836374,355607474932666,355607425140833,96292,1184,1184,355607391657125,355607391657125,355567338640625,0,real_frame,B,1,355607392997000,0,
2362,355607441661208,355607441661208,355607458170374,355607491502374,355607491599166,355607441758000,96792,1185,1185,355607391657125,355607425044541,355567338640625,1183,generated_frame,G,1,355607426849916,0,
2363,355607458280375,355607458280375,355607474836374,355607508168374,355607508265624,355607458377625,97250,1185,1184,355607391657125,355607391657125,355567338640625,0,real_frame,B,1,355607426849916,0,
2364,355607474862500,355607474862500,355607491502374,355607524834374,355607524932166,355607474960292,97792,1186,1186,355607425044541,355607458280375,355567338640625,1184,generated_frame,G,1,355607459675333,0,
2365,355607491561250,355607491561250,355607508168374,355607541500374,355607541598624,355607491659500,98250,1186,1186,355607458280375,355607458280375,355567338640625,0,real_frame,B,1,355607459675333,0,
2366,355607508288750,355607508288750,355607524834374,355607558166374,355607558265124,355607508387500,98750,1187,1187,355607458280375,355607491561250,355567338640625,1185,generated_frame,G,1,355607492457500,0,
2367,355607524933458,355607524933458,355607541500374,355607574832374,355607574931541,355607525032625,99167,1187,1187,355607491561250,355607491561250,355567338640625,0,real_frame,A,1,355607492457500,0,
2368,355607541619333,355607541619333,355607558166374,355607591498374,355607591597999,355607541718958,99625,1188,1188,355607491561250,355607524933458,355567338640625,1186,generated_frame,G,1,355607526084666,0,
2369,355607558290666,355607558290666,355607574832374,355607608164374,355607608264499,355607558390791,100125,1188,1187,355607491561250,355607491561250,355567338640625,0,real_frame,A,1,355607526084666,0,
2370,355607574966125,355607574966125,355607591498374,355607624830374,355607624930958,355607575066709,100584,1189,1189,355607524933458,355607558290666,355567338640625,1187,generated_frame,G,1,355607559996166,0,
2371,355607591625041,355607591625041,355607608164374,355607641496374,355607641597499,355607591726166,101125,1189,1188,355607524933458,355607524933458,355567338640625,0,real_frame,B,1,355607559996166,0,
2372,355607608292000,355607608292000,355607624830374,355607658162374,355607658263958,355607608393584,101584,1190,1190,355607558290666,355607591625041,355567338640625,1188,generated_frame,G,1,355607592951750,0,
2373,355607624968041,355607624968041,355607641496374,355607674828374,355607674930458,355607625070125,102084,1190,1190,355607591625041,355607591625041,355567338640625,0,real_frame,B,1,355607592951750,0,
2374,355607641641125,355607641641125,355607658162374,355607691494374,355607691596916,355607641743667,102542,1191,1191,355607591625041,355607624968041,355567338640625,1189,generated_frame,G,1,355607626373791,0,
2375,355607658322541,355607658322541,355607674828374,355607708160374,355607708263416,355607658425583,103042,1191,1191,355607624968041,355607624968041,355567338640625,0,real_frame,A,1,355607626373791,0,
2376,355607674966583,355607674966583,355607691494374,355607724826374,355607724929874,355607675070083,103500,1192,1192,355607624968041,355607658322541,355567338640625,1190,generated_frame,G,1,355607659860250,0,
2377,355607691686916,355607691686916,355607708160374,355607741492374,355607741596374,355607691790916,104000,1192,1192,355607658322541,355607658322541,355567338640625,0,real_frame,B,1,355607659860250,0,
2378,355607708305666,355607708305666,355607724826374,355607758158374,355607758262833,355607708410125,104459,1193,1193,355607658322541,355607691686916,355567338640625,1191,generated_frame,G,1,355607693378250,0,
2379,355607724983750,355607724983750,355607741492374,355607774824374,355607774929333,355607725088709,104959,1193,1192,355607658322541,355607658322541,355567338640625,0,real_frame,B,1,355607693378250,0,
2380,355607741621833,355607741621833,355607758158374,355607791490374,355607791595791,355607741727250,105417,1194,1194,355607691686916,355607724983750,355567338640625,1192,generated_frame,G,1,355607726557041,0,
2381,355607758279208,355607758279208,355607774824374,355607808156374,355607808262291,355607758385125,105917,1194,1193,355607691686916,355607691686916,355567338640625,0,real_frame,A,1,355607726557041,0,
2382,355607774963291,355607774963291,355607791490374,355607824822374,355607824928749,355607775069666,106375,1195,1195,355607724983750,355607758279208,355567338640625,1193,generated_frame,G,1,355607759658125,0,
2383,355607791642125,355607791642125,355607808156374,355607841488374,355607841595249,355607791749000,106875,1195,1195,355607758279208,355607758279208,355567338640625,0,real_frame,A,1,355607759658125,0,
2384,355607808301333,355607808301333,355607824822374,355607858154374,355607858261708,355607808408667,107334,1196,1196,355607758279208,355607791642125,355567338640625,1194,generated_frame,G,1,355607793343791,0,
2385,355607825047583,355607825047583,355607841488374,355607874820374,355607874928208,355607825155417,107834,1196,1196,355607791642125,355607791642125,355567338640625,0,real_frame,B,1,355607793343791,0,
2386,355607841535666,355607841535666,355607858154374,355607891486374,355607891594666,355607841643958,108292,1197,1197,355607791642125,355607825047583,355567338640625,1195,generated_frame,G,1,355607830880125,0,
2387,355607858233666,355607858233666,355607874820374,355607908152374,355607908261166,355607858342458,108792,1197,1196,355607791642125,355607791642125,355567338640625,0,real_frame,B,1,355607830880125,0,
2388,355607874916625,355607874916625,355607891486374,355607924818374,355607924927666,355607875025917,109292,1198,1198,355607825047583,355607858233666,355567338640625,1196,generated_frame,G,1,355607859167000,0,
2389,355607891575083,355607891575083,355607908152374,355607941484374,355607941594124,355607891684833,109750,1198,1198,355607858233666,355607858233666,355567338640625,0,real_frame,B,1,355607859167000,0,
2390,355607908250666,355607908250666,355607924818374,355607958150374,355607958260583,355607908360875,110209,1199,1199,355607858233666,355607891575083,355567338640625,1197,generated_frame,G,1,355607892698916,0,
2391,355607924943125,355607924943125,355607941484374,355607974816374,355607974927124,355607925053875,110750,1199,1199,355607891575083,355607891575083,355567338640625,0,real_frame,A,1,355607892698916,0,
2392,355607941664875,355607941664875,355607958150374,355607991482374,355607991593583,355607941776084,111209,1200,1200,355607891575083,355607924943125,355567338640625,1198,generated_frame,G,1,355607926367833,0,
2393,355607958291708,355607958291708,355607974816374,355608008148374,355608008260041,355607958403375,111667,1200,1199,355607891575083,355607891575083,355567338640625,0,real_frame,A,1,355607926367833,0,
2394,355607974934791,355607974934791,355607991482374,355608024814374,355608024926541,355607975046958,112167,1201,1201,355607924943125,355607958291708,355567338640625,1199,generated_frame,G,1,355607959704708,0,
2395,355607991638875,355607991638875,355608008148374,355608041480374,355608041593041,355607991751542,112667,1201,1200,355607924943125,355607924943125,355567338640625,0,real_frame,B,1,355607959704708,0,
2396,355608008325083,355608008325083,355608024814374,355608058146374,355608058259499,355608008438208,113125,1202,1202,355607958291708,355607991638875,355567338640625,1200,generated_frame,G,1,355607993183708,0,
2397,355608024974833,355608024974833,355608041480374,355608074812374,355608074925958,355608025088417,113584,1202,1201,355607958291708,355607958291708,355567338640625,0,real_frame,A,1,355607993183708,0,
2398,355608041622416,355608041622416,355608058146374,355608091478374,355608091592499,355608041736541,114125,1203,1203,355607991638875,355608024974833,355567338640625,1201,generated_frame,G,1,355608026471166,0,
2399,355608058318916,355608058318916,355608074812374,355608108144374,355608108258999,355608058433541,114625,1203,1203,355608024974833,355608024974833,355567338640625,0,real_frame,A,1,355608026471166,0,
2400,355608074968125,355608074968125,355608091478374,355608124810374,355608124925416,355608075083167,115042,1204,1204,355608024974833,355608058318916,355567338640625,1202,generated_frame,G,1,355608059914375,0,
2401,355608091611208,355608091611208,355608108144374,355608141476374,355608141591916,355608091726750,115542,1204,1203,355608024974833,355608024974833,355567338640625,0,real_frame,A,1,355608059914375,0,
2402,355608108293333,355608108293333,355608124810374,355608158142374,355608158258374,355608108409333,116000,1205,1205,355608058318916,355608091611208,355567338640625,1203,generated_frame,G,1,355608093097958,0,
2403,355608124940625,355608124940625,355608141476374,355608174808374,355608174924833,355608125057084,116459,1205,1205,355608091611208,355608091611208,355567338640625,0,real_frame,A,1,355608093097958,0,
2404,355608141530833,355608141530833,355608158142374,355608191474374,355608191591374,355608141647833,117000,1206,1206,355608091611208,355608124940625,355567338640625,1204,generated_frame,G,1,355608126436708,0,
2405,355608158182791,355608158182791,355608174808374,355608208140374,355608208257833,355608158300250,117459,1206,1205,355608091611208,355608091611208,355567338640625,0,real_frame,A,1,355608126436708,0,
2406,355608174931166,355608174931166,355608191474374,355608224806374,355608224924333,355608175049125,117959,1207,1207,355608124940625,355608158182791,355567338640625,1205,generated_frame,G,1,355608159035958,0,
2407,355608191593166,355608191593166,355608208140374,355608241472374,355608241590749,355608191711541,118375,1207,1207,355608158182791,355608158182791,355567338640625,0,real_frame,A,1,355608159035958,0,
2408,355608208239750,355608208239750,355608224806374,355608258138374,355608258257249,355608208358625,118875,1208,1208,355608158182791,355608191593166,355567338640625,1206,generated_frame,G,1,355608192733750,0,
2409,355608224914041,355608224914041,355608241472374,355608274804374,355608274923749,355608225033416,119375,1208,1207,355608158182791,355608158182791,355567338640625,0,real_frame,A,1,355608192733750,0,
2410,355608241587208,355608241587208,355608258138374,355608291470374,355608291590249,355608241707083,119875,1209,1209,355608191593166,355608224914041,355567338640625,1207,generated_frame,G,1,355608226097125,0,
2411,355608258283916,355608258283916,355608274804374,355608308136374,355608308256708,355608258404250,120334,1209,1209,355608224914041,355608224914041,355567338640625,0,real_frame,A,1,355608226097125,0,
2412,355608274914583,355608274914583,355608291470374,355608324802374,355608324923166,355608275035375,120792,1210,1210,355608224914041,355608258283916,355567338640625,1208,generated_frame,G,1,355608259595916,0,
2413,355608291583083,355608291583083,355608308136374,355608341468374,355608341589624,355608291704333,121250,1210,1209,355608224914041,355608224914041,355567338640625,0,real_frame,A,1,355608259595916,0,
2414,355608308300041,355608308300041,355608324802374,355608358134374,355608358256166,355608308421833,121792,1211,1211,355608258283916,355608291583083,355567338640625,1209,generated_frame,G,1,355608292938666,0,
2415,355608324904083,355608324904083,355608341468374,355608374800374,355608374922583,355608325026292,122209,1211,1211,355608291583083,355608291583083,355567338640625,0,real_frame,A,1,355608292938666,0,
2416,355608341597791,355608341597791,355608358134374,355608391466374,355608391589124,355608341720541,122750,1212,1212,355608291583083,355608324904083,355567338640625,1210,generated_frame,G,1,355608326279750,0,
2417,355608358247500,355608358247500,355608374800374,355608408132374,355608408255624,355608358370750,123250,1212,1212,355608324904083,355608324904083,355567338640625,0,real_frame,B,1,355608326279750,0,
2418,355608374955833,355608374955833,355608391466374,355608424798374,355608424922041,355608375079500,123667,1213,1213,355608324904083,355608358247500,355567338640625,1211,generated_frame,G,1,355608359686500,0,
2419,355608391587750,355608391587750,355608408132374,355608441464374,355608441588583,355608391711959,124209,1213,1212,355608324904083,355608324904083,355567338640625,0,real_frame,B,1,355608359686500,0,
2420,355608408367958,355608408367958,355608424798374,355608458130374,355608458254999,355608408492583,124625,1214,1214,355608358247500,355608391587750,355567338640625,1212,generated_frame,G,1,355608393191250,0,
2421,355608424838458,355608424838458,355608441464374,355608474796374,355608474921541,355608424963625,125167,1214,1213,355608358247500,355608358247500,355567338640625,0,real_frame,A,1,355608393191250,0,
2422,355608441576125,355608441576125,355608458130374,355608491462374,355608491587999,355608441701750,125625,1215,1215,355608391587750,355608424838458,355567338640625,1213,generated_frame,G,1,355608425733208,0,
2423,355608458256166,355608458256166,355608474796374,355608508128374,355608508254499,355608458382291,126125,1215,1215,355608424838458,355608424838458,355567338640625,0,real_frame,A,1,355608425733208,0,
2424,355608474917166,355608474917166,355608491462374,355608524794374,355608524920999,355608475043791,126625,1216,1216,355608424838458,355608458256166,355567338640625,1214,generated_frame,G,1,355608459443583,0,
2425,355608491601458,355608491601458,355608508128374,355608541460374,355608541587416,355608491728500,127042,1216,1215,355608424838458,355608424838458,355567338640625,0,real_frame,A,1,355608459443583,0,
2426,355608508242291,355608508242291,355608524794374,355608558126374,355608558253874,355608508369791,127500,1217,1217,355608458256166,355608491601458,355567338640625,1215,generated_frame,G,1,355608492994291,0,
2427,355608524906041,355608524906041,355608541460374,355608574792374,355608574920416,355608525034083,128042,1217,1216,355608458256166,355608458256166,355567338640625,0,real_frame,B,1,355608492994291,0,
2428,355608541572250,355608541572250,355608558126374,355608591458374,355608591586874,355608541700750,128500,1218,1218,355608491601458,355608524906041,355567338640625,1216,generated_frame,G,1,355608526245500,0,
2429,355608558281958,355608558281958,355608574792374,355608608124374,355608608253333,355608558410917,128959,1218,1218,355608524906041,355608524906041,355567338640625,0,real_frame,B,1,355608526245500,0,
2430,355608574993083,355608574993083,355608591458374,355608624790374,355608624919874,355608575122583,129500,1219,1219,355608524906041,355608558281958,355567338640625,1217,generated_frame,G,1,355608559744833,0,
2431,355608591678333,355608591678333,355608608124374,355608641456374,355608641586374,355608591808333,130000,1219,1219,355608558281958,355608558281958,355567338640625,0,real_frame,A,1,355608559744833,0,
2432,355608608251416,355608608251416,355608624790374,355608658122374,355608658252833,355608608381875,130459,1220,1220,355608558281958,355608591678333,355567338640625,1218,generated_frame,G,1,355608593147041,0,
2433,355608624909750,355608624909750,355608641456374,355608674788374,355608674919291,355608625040667,130917,1220,1219,355608558281958,355608558281958,355567338640625,0,real_frame,A,1,355608593147041,0,
2434,355608641571791,355608641571791,355608658122374,355608691454374,355608691585833,355608641703250,131459,1221,1221,355608591678333,355608624909750,355567338640625,1219,generated_frame,G,1,355608626035750,0,
2435,355608658256291,355608658256291,355608674788374,355608708120374,355608708252249,355608658388166,131875,1221,1221,355608624909750,355608624909750,355567338640625,0,real_frame,A,1,355608626035750,0,
2436,355608674966333,355608674966333,355608691454374,355608724786374,355608724918749,355608675098708,132375,1222,1222,355608624909750,355608658256291,355567338640625,1220,generated_frame,G,1,355608659691541,0,
2437,355608691701791,355608691701791,355608708250749,355608741582749,355608741585249,355608691704291,2500,1222,1222,355608658256291,355608658256291,355567338640625,0,real_frame,B,1,355608659691541,0,
2438,355608708363375,355608708363375,355608724916749,355608758248749,355608758251708,355608708366334,2959,1223,1223,355608658256291,355608691701791,355567338640625,1221,generated_frame,G,1,355608692842458,0,
2439,355608725023958,355608725023958,355608741582749,355608774914749,355608774918166,355608725027375,3417,1223,1222,355608658256291,355608658256291,355567338640625,0,real_frame,B,1,355608692842458,0,
2440,355608741744833,355608741744833,355608758248749,355608791580749,355608791584666,355608741748750,3917,1224,1224,355608691701791,355608725023958,355567338640625,1222,generated_frame,G,1,355608726215875,0,
2441,355608758367583,355608758367583,355608774914749,355608808246749,355608808251124,355608758371958,4375,1224,1224,355608725023958,355608725023958,355567338640625,0,real_frame,B,1,355608726215875,0,
2442,355608775064250,355608775064250,355608791580749,355608824912749,355608824917666,355608775069167,4917,1225,1225,355608725023958,355608758367583,355567338640625,1223,generated_frame,G,1,355608759725791,0,
2443,355608791768458,355608791768458,355608808246749,355608841578749,355608841584083,355608791773792,5334,1225,1225,355608758367583,355608758367583,355567338640625,0,real_frame,A,1,355608759725791,0,
2444,355608808335250,355608808335250,355608824912749,355608858244749,355608858250583,355608808341084,5834,1226,1226,355608758367583,355608791768458,355567338640625,1224,generated_frame,G,1,355608793193416,0,
2445,355608825005458,355608825005458,355608841578749,355608874910749,355608874917041,355608825011750,6292,1226,1225,355608758367583,355608758367583,355567338640625,0,real_frame,A,1,355608793193416,0,
2446,355608841649833,355608841649833,355608858244749,355608891576749,355608891583583,355608841656667,6834,1227,1227,355608791768458,355608825005458,355567338640625,1225,generated_frame,G,1,355608826138791,0,
2447,355608858296916,355608858296916,355608874910749,355608908242749,355608908250041,355608858304208,7292,1227,1227,355608825005458,355608825005458,355567338640625,0,real_frame,A,1,355608826138791,0,
2448,355608874938000,355608874938000,355608891576749,355608924908749,355608924916458,355608874945709,7709,1228,1228,355608825005458,355608858296916,355567338640625,1226,generated_frame,G,1,355608859192500,0,
2449,355608891659875,355608891659875,355608908242749,355608941574749,355608941582999,355608891668125,8250,1228,1228,355608858296916,355608858296916,355567338640625,0,real_frame,B,1,355608859192500,0,
2450,355608908290291,355608908290291,355608924908749,355608958240749,355608958249499,355608908299041,8750,1229,1229,355608858296916,355608891659875,355567338640625,1227,generated_frame,G,1,355608897581000,0,
2451,355608924997166,355608924997166,355608941574749,355608974906749,355608974915999,355608925006416,9250,1229,1228,355608858296916,355608858296916,355567338640625,0,real_frame,B,1,355608897581000,0,
2452,355608941636958,355608941636958,355608958240749,355608991572749,355608991582458,355608941646667,9709,1230,1230,355608891659875,355608924997166,355567338640625,1228,generated_frame,G,1,355608925916666,0,
2453,355608958360208,355608958360208,355608974906749,355609008238749,355609008248874,355608958370333,10125,1230,1230,355608924997166,355608924997166,355567338640625,0,real_frame,B,1,355608925916666,0,
2454,355608975017416,355608975017416,355608991572749,355609024904749,355609024915374,355608975028041,10625,1231,1231,355608924997166,355608958360208,355567338640625,1229,generated_frame,G,1,355608959782291,0,
2455,355608991686625,355608991686625,355609008238749,355609041570749,355609041581874,355608991697750,11125,1231,1230,355608924997166,355608924997166,355567338640625,0,real_frame,B,1,355608959782291,0,
2456,355609008438125,355609008438125,355609024904749,355609058236749,355609058248374,355609008449750,11625,1232,1232,355608958360208,355608991686625,355567338640625,1230,generated_frame,G,1,355608992941833,0,
2457,355609025068291,355609025068291,355609041570749,355609074902749,355609074914874,355609025080416,12125,1232,1232,355608991686625,355608991686625,355567338640625,0,real_frame,B,1,355608992941833,0,
2458,355609041729416,355609041729416,355609058236749,355609091568749,355609091581249,355609041741916,12500,1233,1233,355608991686625,355609025068291,355567338640625,1231,generated_frame,G,1,355609026683833,0,
2459,355609058271958,355609058271958,355609074902749,355609108234749,355609108247833,355609058285042,13084,1233,1232,355608991686625,355608991686625,355567338640625,0,real_frame,B,1,355609026683833,0,
2460,355609074972250,355609074972250,355609091568749,355609124900749,355609124914291,355609074985792,13542,1234,1234,355609025068291,355609058271958,355567338640625,1232,generated_frame,G,1,355609059097500,0,
2461,355609091615375,355609091615375,355609108234749,355609141566749,355609141580791,355609091629417,14042,1234,1234,355609058271958,355609058271958,355567338640625,0,real_frame,B,1,355609059097500,0,
2462,355609108335041,355609108335041,355609124900749,355609158232749,355609158247249,355609108349541,14500,1235,1235,355609058271958,355609091615375,355567338640625,1233,generated_frame,G,1,355609092497291,0,
2463,355609125020000,355609125020000,355609141566749,355609174898749,355609174913708,355609125034959,14959,1235,1235,355609091615375,355609091615375,355567338640625,0,real_frame,A,1,355609092497291,0,
2464,355609141683458,355609141683458,355609158232749,355609191564749,355609191580249,355609141698958,15500,1236,1236,355609091615375,355609125020000,355567338640625,1234,generated_frame,G,1,355609126276666,0,
2465,355609158326833,355609158326833,355609174898749,355609208230749,355609208246708,355609158342792,15959,1236,1235,355609091615375,355609091615375,355567338640625,0,real_frame,A,1,355609126276666,0,
2466,355609175018416,355609175018416,355609191564749,355609224896749,355609224913124,355609175034791,16375,1237,1237,355609125020000,355609158326833,355567338640625,1235,generated_frame,G,1,355609159566458,0,
2467,355609191688541,355609191688541,355609208230749,355609241562749,355609241579624,355609191705416,16875,1237,1237,355609158326833,355609158326833,355567338640625,0,real_frame,A,1,355609159566458,0,
2468,355609208371916,355609208371916,355609224896749,355609258228749,355609258246124,355609208389291,17375,1238,1238,355609158326833,355609191688541,355567338640625,1236,generated_frame,G,1,355609193075916,0,
2469,355609225004708,355609225004708,355609241562749,355609274894749,355609274912624,355609225022583,17875,1238,1237,355609158326833,355609158326833,355567338640625,0,real_frame,A,1,355609193075916,0,
2470,355609241673166,355609241673166,355609258228749,355609291560749,355609291579124,355609241691541,18375,1239,1239,355609191688541,355609225004708,355567338640625,1237,generated_frame,G,1,355609226264291,0,
2471,355609258344583,355609258344583,355609274894749,355609308226749,355609308245541,355609258363375,18792,1239,1239,355609225004708,355609225004708,355567338640625,0,real_frame,A,1,355609226264291,0,
2472,355609274991500,355609274991500,355609291560749,355609324892749,355609324912124,355609275010875,19375,1240,1240,355609225004708,355609258344583,355567338640625,1238,generated_frame,G,1,355609259668416,0,
2473,355609291677041,355609291677041,355609308226749,355609341558749,355609341578499,355609291696791,19750,1240,1239,355609225004708,355609225004708,355567338640625,0,real_frame,A,1,355609259668416,0,
2474,355609308321458,355609308321458,355609324892749,355609358224749,355609358244999,355609308341708,20250,1241,1241,355609258344583,355609291677041,355567338640625,1239,generated_frame,G,1,355609292977625,0,
2475,355609325010125,355609325010125,355609341558749,355609374890749,355609374911499,355609325030875,20750,1241,1241,355609291677041,355609291677041,355567338640625,0,real_frame,A,1,355609292977625,0,
2476,355609341655916,355609341655916,355609358224749,355609391556749,355609391577999,355609341677166,21250,1242,1242,355609291677041,355609325010125,355567338640625,1240,generated_frame,G,1,355609326429125,0,
2477,355609358339625,355609358339625,355609374890749,355609408222749,355609408244499,355609358361375,21750,1242,1241,355609291677041,355609291677041,355567338640625,0,real_frame,A,1,355609326429125,0,
2478,355609374993208,355609374993208,355609391556749,355609424888749,355609424910916,355609375015375,22167,1243,1243,355609325010125,355609358339625,355567338640625,1241,generated_frame,G,1,355609359769666,0,
2479,355609391670583,355609391670583,355609408222749,355609441554749,355609441577458,355609391693292,22709,1243,1243,355609358339625,355609358339625,355567338640625,0,real_frame,A,1,355609359769666,0,
2480,355609408377041,355609408377041,355609424888749,355609458220749,355609458243874,355609408400166,23125,1244,1244,355609358339625,355609391670583,355567338640625,1242,generated_frame,G,1,355609393132125,0,
2481,355609425034208,355609425034208,355609441554749,355609474886749,355609474910374,355609425057833,23625,1244,1244,355609391670583,355609391670583,355567338640625,0,real_frame,B,1,355609393132125,0,
2482,355609441679041,355609441679041,355609458220749,355609491552749,355609491576874,355609441703166,24125,1245,1245,355609391670583,355609425034208,355567338640625,1243,generated_frame,G,1,355609426798333,0,
2483,355609458342375,355609458342375,355609474886749,355609508218749,355609508243333,355609458366959,24584,1245,1244,355609391670583,355609391670583,355567338640625,0,real_frame,B,1,355609426798333,0,
2484,355609474991000,355609474991000,355609491552749,355609524884749,355609524909791,355609475016042,25042,1246,1246,355609425034208,355609458342375,355567338640625,1244,generated_frame,G,1,355609459636333,0,
2485,355609491661166,355609491661166,355609508218749,355609541550749,355609541576333,355609491686750,25584,1246,1246,355609458342375,355609458342375,355567338640625,0,real_frame,B,1,355609459636333,0,
2486,355609508324583,355609508324583,355609524884749,355609558216749,355609558242791,355609508350625,26042,1247,1247,355609458342375,355609491661166,355567338640625,1245,generated_frame,G,1,355609492987875,0,
2487,355609525050750,355609525050750,355609541550749,355609574882749,355609574909291,355609525077292,26542,1247,1247,355609491661166,355609491661166,355567338640625,0,real_frame,A,1,355609492987875,0,
2488,355609541674875,355609541674875,355609558216749,355609591548749,355609591575749,355609541701875,27000,1248,1248,355609491661166,355609525050750,355567338640625,1246,generated_frame,G,1,355609526657875,0,
2489,355609558318666,355609558318666,355609574882749,355609608214749,355609608242208,355609558346125,27459,1248,1247,355609491661166,355609491661166,355567338640625,0,real_frame,A,1,355609526657875,0,
2490,355609574957625,355609574957625,355609591548749,355609624880749,355609624908708,355609574985584,27959,1249,1249,355609525050750,355609558318666,355567338640625,1247,generated_frame,G,1,355609559276958,0,
2491,355609591587375,355609591587375,355609608214749,355609641546749,355609641575249,355609591615875,28500,1249,1249,355609558318666,355609558318666,355567338640625,0,real_frame,A,1,355609559276958,0,
2492,355609608246416,355609608246416,355609624880749,355609658212749,355609658241666,355609608275333,28917,1250,1250,355609558318666,355609591587375,355567338640625,1248,generated_frame,G,1,355609592559166,0,
2493,355609625016958,355609625016958,355609641546749,355609674878749,355609674908166,355609625046375,29417,1250,1250,355609591587375,355609591587375,355567338640625,0,real_frame,B,1,355609592559166,0,
2494,355609641634583,355609641634583,355609658212749,355609691544749,355609691574666,355609641664500,29917,1251,1251,355609591587375,355609625016958,355567338640625,1249,generated_frame,G,1,355609626910833,0,
2495,355609658284291,355609658284291,355609674878749,355609708210749,355609708241083,355609658314625,30334,1251,1250,355609591587375,355609591587375,355567338640625,0,real_frame,B,1,355609626910833,0,
2496,355609674936791,355609674936791,355609691544749,355609724876749,355609724907624,355609674967666,30875,1252,1252,355609625016958,355609658284291,355567338640625,1250,generated_frame,G,1,355609659261875,0,
2497,355609691580583,355609691580583,355609708210749,355609741542749,355609741574124,355609691611958,31375,1252,1252,355609658284291,355609658284291,355567338640625,0,real_frame,B,1,355609659261875,0,
2498,355609708264875,355609708264875,355609724876749,355609758208749,355609758240541,355609708296667,31792,1253,1253,355609658284291,355609691580583,355567338640625,1251,generated_frame,G,1,355609692344500,0,
2499,355609724902875,355609724902875,355609741542749,355609774874749,355609774907041,355609724935167,32292,1253,1253,355609691580583,355609691580583,355567338640625,0,real_frame,A,1,355609692344500,0,
2500,355609741571458,355609741571458,355609758208749,355609791540749,355609791573499,355609741604208,32750,1254,1254,355609691580583,355609724902875,355567338640625,1252,generated_frame,G,1,355609725658500,0,
2501,355609758287583,355609758287583,355609774874749,355609808206749,355609808240041,355609758320875,33292,1254,1254,355609724902875,355609724902875,355567338640625,0,real_frame,B,1,355609725658500,0,
2502,355609774962583,355609774962583,355609791540749,355609824872749,355609824906458,355609774996292,33709,1255,1255,355609724902875,355609758287583,355567338640625,1253,generated_frame,G,1,355609759301583,0,
2503,355609791643583,355609791643583,355609808206749,355609841538749,355609841572958,355609791677792,34209,1255,1254,355609724902875,355609724902875,355567338640625,0,real_frame,B,1,355609759301583,0,
2504,355609808329875,355609808329875,355609824872749,355609858204749,355609858239458,355609808364584,34709,1256,1256,355609758287583,355609791643583,355567338640625,1254,generated_frame,G,1,355609792817333,0,
2505,355609825002416,355609825002416,355609841538749,355609874870749,355609874905958,355609825037625,35209,1256,1256,355609791643583,355609791643583,355567338640625,0,real_frame,B,1,355609792817333,0,
2506,355609841673083,355609841673083,355609858204749,355609891536749,355609891572458,355609841708792,35709,1257,1257,355609791643583,355609825002416,355567338640625,1255,generated_frame,G,1,355609826222625,0,
2507,355609858366541,355609858366541,355609874870749,355609908202749,355609908238916,355609858402708,36167,1257,1257,355609825002416,355609825002416,355567338640625,0,real_frame,A,1,355609826222625,0,
2508,355609875005666,355609875005666,355609891536749,355609924868749,355609924905333,355609875042250,36584,1258,1258,355609825002416,355609858366541,355567338640625,1256,generated_frame,G,1,355609860030166,0,
2509,355609891695791,355609891695791,355609908202749,355609941534749,355609941571833,355609891732875,37084,1258,1257,355609825002416,355609825002416,355567338640625,0,real_frame,A,1,355609860030166,0,
2510,355609908333833,355609908333833,355609924868749,355609958200749,355609958238291,355609908371375,37542,1259,1259,355609858366541,355609891695791,355567338640625,1257,generated_frame,G,1,355609893847750,0,
2511,355609925010458,355609925010458,355609941534749,355609974866749,355609974904791,355609925048500,38042,1259,1258,355609858366541,355609858366541,355567338640625,0,real_frame,B,1,355609893847750,0,
2512,355609941697916,355609941697916,355609958200749,355609991532749,355609991571291,355609941736458,38542,1260,1260,355609891695791,355609925010458,355567338640625,1258,generated_frame,G,1,355609926475916,0,
2513,355609958334583,355609958334583,355609974866749,355610008198749,355610008237791,355609958373625,39042,1260,1260,355609925010458,355609925010458,355567338640625,0,real_frame,B,1,355609926475916,0,
2514,355609975007166,355609975007166,355609991532749,355610024864749,355610024904291,355609975046708,39542,1261,1261,355609925010458,355609958334583,355567338640625,1259,generated_frame,G,1,355609959889458,0,
2515,355609991663416,355609991663416,355610008198749,355610041530749,355610041570791,355609991703458,40042,1261,1261,355609958334583,355609958334583,355567338640625,0,real_frame,A,1,355609959889458,0,
2516,355610008362916,355610008362916,355610024864749,355610058196749,355610058237166,355610008403333,40417,1262,1262,355609958334583,355609991663416,355567338640625,1260,generated_frame,G,1,355609993230208,0,
2517,355610025029958,355610025029958,355610041530749,355610074862749,355610074903708,355610025070917,40959,1262,1262,355609991663416,355609991663416,355567338640625,0,real_frame,B,1,355609993230208,0,
2518,355610041666583,355610041666583,355610058196749,355610091528749,355610091570208,355610041708042,41459,1263,1263,355609991663416,355610025029958,355567338640625,1261,generated_frame,G,1,355610026534375,0,
2519,355610058357083,355610058357083,355610074862749,355610108194749,355610108236666,355610058399000,41917,1263,1262,355609991663416,355609991663416,355567338640625,0,real_frame,B,1,355610026534375,0,
2520,355610075011750,355610075011750,355610091528749,355610124860749,355610124903208,355610075054209,42459,1264,1264,355610025029958,355610058357083,355567338640625,1262,generated_frame,G,1,355610060376041,0,
2521,355610091682250,355610091682250,355610108194749,355610141526749,355610141569666,355610091725167,42917,1264,1263,355610025029958,355610025029958,355567338640625,0,real_frame,A,1,355610060376041,0,
2522,355610108364333,355610108364333,355610124860749,355610158192749,355610158236083,355610108407667,43334,1265,1265,355610058357083,355610091682250,355567338640625,1263,generated_frame,G,1,355610093145750,0,
2523,355610125015083,355610125015083,355610141526749,355610174858749,355610174902583,355610125058917,43834,1265,1265,355610091682250,355610091682250,355567338640625,0,real_frame,A,1,355610093145750,0,
2524,355610141657916,355610141657916,355610158192749,355610191524749,355610191569083,355610141702250,44334,1266,1266,355610091682250,355610125015083,355567338640625,1264,generated_frame,G,1,355610126585666,0,
2525,355610158312125,355610158312125,355610174858749,355610208190749,355610208235541,355610158356917,44792,1266,1265,355610091682250,355610091682250,355567338640625,0,real_frame,A,1,355610126585666,0,
2526,355610175003583,355610175003583,355610191524749,355610224856749,355610224901999,355610175048833,45250,1267,1267,355610125015083,355610158312125,355567338640625,1265,generated_frame,G,1,355610159875833,0,
2527,355610191627125,355610191627125,355610208190749,355610241522749,355610241568499,355610191672875,45750,1267,1267,355610158312125,355610158312125,355567338640625,0,real_frame,A,1,355610159875833,0,
2528,355610208337250,355610208337250,355610224856749,355610258188749,355610258234999,355610208383500,46250,1268,1268,355610158312125,355610191627125,355567338640625,1266,generated_frame,G,1,355610192784416,0,
2529,355610224974166,355610224974166,355610241522749,355610274854749,355610274901499,355610225020916,46750,1268,1268,355610191627125,355610191627125,355567338640625,0,real_frame,B,1,355610192784416,0,
2530,355610241676125,355610241676125,355610258188749,355610291520749,355610291567916,355610241723292,47167,1269,1269,355610191627125,355610224974166,355567338640625,1267,generated_frame,G,1,355610226178083,0,
2531,355610258325083,355610258325083,355610274854749,355610308186749,355610308234416,355610258372750,47667,1269,1269,355610224974166,355610224974166,355567338640625,0,real_frame,A,1,355610226178083,0,
2532,355610275008250,355610275008250,355610291520749,355610324852749,355610324900958,355610275056459,48209,1270,1270,355610224974166,355610258325083,355567338640625,1268,generated_frame,G,1,355610259620875,0,
2533,355610291553916,355610291553916,355610308186749,355610341518749,355610341567458,355610291602625,48709,1270,1269,355610224974166,355610224974166,355567338640625,0,real_frame,A,1,355610259620875,0,
2534,355610308317875,355610308317875,355610324852749,355610358184749,355610358233874,355610308367000,49125,1271,1271,355610258325083,355610291553916,355567338640625,1269,generated_frame,G,1,355610292354291,0,
2535,355610324965250,355610324965250,355610341518749,355610374850749,355610374900374,355610325014875,49625,1271,1271,355610291553916,355610291553916,355567338640625,0,real_frame,A,1,355610292354291,0,
2536,355610341630166,355610341630166,355610358184749,355610391516749,355610391566791,355610341680208,50042,1272,1272,355610291553916,355610324965250,355567338640625,1270,generated_frame,G,1,355610326041833,0,
2537,355610358288000,355610358288000,355610374850749,355610408182749,355610408233374,355610358338625,50625,1272,1271,355610291553916,355610291553916,355567338640625,0,real_frame,A,1,355610326041833,0,
2538,355610374962833,355610374962833,355610391516749,355610424848749,355610424899749,355610375013833,51000,1273,1273,355610324965250,355610358288000,355567338640625,1271,generated_frame,G,1,355610359334208,0,
2539,355610391621625,355610391621625,355610408182749,355610441514749,355610441566333,355610391673209,51584,1273,1273,355610358288000,355610358288000,355567338640625,0,real_frame,A,1,355610359334208,0,
2540,355610408313375,355610408313375,355610424848749,355610458180749,355610458232749,355610408365375,52000,1274,1274,355610358288000,355610391621625,355567338640625,1272,generated_frame,G,1,355610392933875,0,
2541,355610424956791,355610424956791,355610441514749,355610474846749,355610474899208,355610425009250,52459,1274,1274,355610391621625,355610391621625,355567338640625,0,real_frame,B,1,355610392933875,0,
2542,355610441640791,355610441640791,355610458180749,355610491512749,355610491565708,355610441693750,52959,1275,1275,355610391621625,355610424956791,355567338640625,1273,generated_frame,G,1,355610426356666,0,
2543,355610458304375,355610458304375,355610474846749,355610508178749,355610508232208,355610458357834,53459,1275,1275,355610424956791,355610424956791,355567338640625,0,real_frame,A,1,355610426356666,0,
2544,355610474972375,355610474972375,355610491512749,355610524844749,355610524898666,355610475026292,53917,1276,1276,355610424956791,355610458304375,355567338640625,1274,generated_frame,G,1,355610459340291,0,
2545,355610491641750,355610491641750,355610508178749,355610541510749,355610541565124,355610491696125,54375,1276,1275,355610424956791,355610424956791,355567338640625,0,real_frame,A,1,355610459340291,0,
2546,355610508330833,355610508330833,355610524844749,355610558176749,355610558231624,355610508385708,54875,1277,1277,355610458304375,355610491641750,355567338640625,1275,generated_frame,G,1,355610492880416,0,
2547,355610524988958,355610524988958,355610541510749,355610574842749,355610574898083,355610525044292,55334,1277,1277,355610491641750,355610491641750,355567338640625,0,real_frame,A,1,355610492880416,0,
2548,355610541654333,355610541654333,355610558176749,355610591508749,355610591564624,355610541710208,55875,1278,1278,355610491641750,355610524988958,355567338640625,1276,generated_frame,G,1,355610526297041,0,
2549,355610558340833,355610558340833,355610574842749,355610608174749,355610608231041,355610558397125,56292,1278,1278,355610524988958,355610524988958,355567338640625,0,real_frame,B,1,355610526297041,0,
2550,355610575009916,355610575009916,355610591508749,355610624840749,355610624897541,355610575066708,56792,1279,1279,355610524988958,355610558340833,355567338640625,1277,generated_frame,G,1,355610560100000,0,
2551,355610591687208,355610591687208,355610608174749,355610641506749,355610641564041,355610591744500,57292,1279,1278,355610524988958,355610524988958,355567338640625,0,real_frame,B,1,355610560100000,0,
2552,355610608215958,355610608215958,355610624840749,355610658172749,355610658230541,355610608273750,57792,1280,1280,355610558340833,355610591687208,355567338640625,1278,generated_frame,G,1,355610596855791,0,
2553,355610624916875,355610624916875,355610641506749,355610674838749,355610674896999,355610624975125,58250,1280,1279,355610558340833,355610558340833,355567338640625,0,real_frame,A,1,355610596855791,0,
2554,355610641628291,355610641628291,355610658172749,355610691504749,355610691563499,355610641687041,58750,1281,1281,355610591687208,355610624916875,355567338640625,1279,generated_frame,G,1,355610625837416,0,
2555,355610658284250,355610658284250,355610674838749,355610708170749,355610708229916,355610658343417,59167,1281,1281,355610624916875,355610624916875,355567338640625,0,real_frame,A,1,355610625837416,0,
2556,355610674946333,355610674946333,355610691504749,355610724836749,355610724896416,355610675006000,59667,1282,1282,355610624916875,355610658284250,355567338640625,1280,generated_frame,G,1,355610659357916,0,
2557,355610691635500,355610691635500,355610708170749,355610741502749,355610741562958,355610691695709,60209,1282,1281,355610624916875,355610624916875,355567338640625,0,real_frame,A,1,355610659357916,0,
2558,355610708304833,355610708304833,355610724836749,355610758168749,355610758229416,355610708365500,60667,1283,1283,355610658284250,355610691635500,355567338640625,1281,generated_frame,G,1,355610692792833,0,
2559,355610724961041,355610724961041,355610741502749,355610774834749,355610774895833,355610725022125,61084,1283,1282,355610658284250,355610658284250,355567338640625,0,real_frame,B,1,355610692792833,0,
2560,355610741629916,355610741629916,355610758168749,355610791500749,355610791562416,355610741691583,61667,1284,1284,355610691635500,355610724961041,355567338640625,1282,generated_frame,G,1,355610726028916,0,
2561,355610758314875,355610758314875,355610774834749,355610808166749,355610808228874,355610758377000,62125,1284,1284,355610724961041,355610724961041,355567338640625,0,real_frame,B,1,355610726028916,0,
2562,355610774992166,355610774992166,355610791500749,355610824832749,355610824895291,355610775054708,62542,1285,1285,355610724961041,355610758314875,355567338640625,1283,generated_frame,G,1,355610759586250,0,
2563,355610791649375,355610791649375,355610808166749,355610841498749,355610841561833,355610791712459,63084,1285,1284,355610724961041,355610724961041,355567338640625,0,real_frame,B,1,355610759586250,0,
2564,355610808360416,355610808360416,355610824832749,355610858164749,355610858228291,355610808423958,63542,1286,1286,355610758314875,355610791649375,355567338640625,1284,generated_frame,G,1,355610792962500,0,
2565,355610824874333,355610824874333,355610841498749,355610874830749,355610874894833,355610824938417,64084,1286,1285,355610758314875,355610758314875,355567338640625,0,real_frame,A,1,355610792962500,0,
2566,355610841540333,355610841540333,355610858164749,355610891496749,355610891561208,355610841604792,64459,1287,1287,355610791649375,355610824874333,355567338640625,1285,generated_frame,G,1,355610825695000,0,
2567,355610858254000,355610858254000,355610874830749,355610908162749,355610908227749,355610858319000,65000,1287,1287,355610824874333,355610824874333,355567338640625,0,real_frame,A,1,355610825695000,0,
2568,355610874873375,355610874873375,355610891496749,355610924828749,355610924894208,355610874938834,65459,1288,1288,355610824874333,355610858254000,355567338640625,1286,generated_frame,G,1,355610859205458,0,
2569,355610891620041,355610891620041,355610908162749,355610941494749,355610941560708,355610891686000,65959,1288,1287,355610824874333,355610824874333,355567338640625,0,real_frame,A,1,355610859205458,0,
2570,355610908303208,355610908303208,355610924828749,355610958160749,355610958227208,355610908369667,66459,1289,1289,355610858254000,355610891620041,355567338640625,1287,generated_frame,G,1,355610893045708,0,
2571,355610924953791,355610924953791,355610941494749,355610974826749,355610974893624,355610925020666,66875,1289,1288,355610858254000,355610858254000,355567338640625,0,real_frame,B,1,355610893045708,0,
2572,355610941617666,355610941617666,355610958160749,355610991492749,355610991560166,355610941685083,67417,1290,1290,355610891620041,355610924953791,355567338640625,1288,generated_frame,G,1,355610926212541,0,
2573,355610958290583,355610958290583,355610974826749,355611008158749,355611008226583,355610958358417,67834,1290,1290,355610924953791,355610924953791,355567338640625,0,real_frame,B,1,355610926212541,0,
2574,355610975017250,355610975017250,355610991492749,355611024824749,355611024893124,355610975085625,68375,1291,1291,355610924953791,355610958290583,355567338640625,1289,generated_frame,G,1,355610959546458,0,
2575,355610991635958,355610991635958,355611008158749,355611041490749,355611041559624,355610991704833,68875,1291,1291,355610958290583,355610958290583,355567338640625,0,real_frame,A,1,355610959546458,0,
2576,355611008398666,355611008398666,355611024824749,355611058156749,355611058226083,355611008468000,69334,1292,1292,355610958290583,355610991635958,355567338640625,1290,generated_frame,G,1,355610992969291,0,
2577,355611024954541,355611024954541,355611041490749,355611074822749,355611074892583,355611025024375,69834,1292,1291,355610958290583,355610958290583,355567338640625,0,real_frame,A,1,355610992969291,0,
2578,355611041606250,355611041606250,355611058156749,355611091488749,355611091559041,355611041676542,70292,1293,1293,355610991635958,355611024954541,355567338640625,1291,generated_frame,G,1,355611026111250,0,
2579,355611058270416,355611058270416,355611074822749,355611108154749,355611108225541,355611058341208,70792,1293,1292,355610991635958,355610991635958,355567338640625,0,real_frame,B,1,355611026111250,0,
2580,355611074989833,355611074989833,355611091488749,355611124820749,355611124891999,355611075061083,71250,1294,1294,355611024954541,355611058270416,355567338640625,1292,generated_frame,G,1,355611059405083,0,
2581,355611091603333,355611091603333,355611108154749,355611141486749,355611141558416,355611091675000,71667,1294,1294,355611058270416,355611058270416,355567338640625,0,real_frame,B,1,355611059405083,0,
2582,355611108274000,355611108274000,355611124820749,355611158152749,355611158224999,355611108346250,72250,1295,1295,355611058270416,355611091603333,355567338640625,1293,generated_frame,G,1,355611092923875,0,
2583,355611124950000,355611124950000,355611141486749,355611174818749,355611174891416,355611125022667,72667,1295,1295,355611091603333,355611091603333,355567338640625,0,real_frame,A,1,355611092923875,0,
2584,355611141600541,355611141600541,355611158152749,355611191484749,355611191557958,355611141673750,73209,1296,1296,355611091603333,355611124950000,355567338640625,1294,generated_frame,G,1,355611126273041,0,
2585,355611158315333,355611158315333,355611174818749,355611208150749,355611208224416,355611158389000,73667,1296,1296,355611124950000,355611124950000,355567338640625,0,real_frame,B,1,355611126273041,0,
2586,355611174995333,355611174995333,355611191484749,355611224816749,355611224890874,355611175069458,74125,1297,1297,355611124950000,355611158315333,355567338640625,1295,generated_frame,G,1,355611160052833,0,
2587,355611191682125,355611191682125,355611208150749,355611241482749,355611241557416,355611191756792,74667,1297,1297,355611158315333,355611158315333,355567338640625,0,real_frame,A,1,355611160052833,0,
2588,355611208253666,355611208253666,355611224816749,355611258148749,355611258223874,355611208328791,75125,1298,1298,355611158315333,355611191682125,355567338640625,1296,generated_frame,G,1,355611193236166,0,
2589,355611224945375,355611224945375,355611241482749,355611274814749,355611274890333,355611225020959,75584,1298,1297,355611158315333,355611158315333,355567338640625,0,real_frame,A,1,355611193236166,0,
2590,355611241610041,355611241610041,355611258148749,355611291480749,355611291556833,355611241686125,76084,1299,1299,355611191682125,355611224945375,355567338640625,1297,generated_frame,G,1,355611226043375,0,
2591,355611258263750,355611258263750,355611274814749,355611308146749,355611308223333,355611258340334,76584,1299,1299,355611224945375,355611224945375,355567338640625,0,real_frame,A,1,355611226043375,0,
2592,355611274913958,355611274913958,355611291480749,355611324812749,355611324889749,355611274990958,77000,1300,1300,355611224945375,355611258263750,355567338640625,1298,generated_frame,G,1,355611259475958,0,
2593,355611291619791,355611291619791,355611308146749,355611341478749,355611341556333,355611291697375,77584,1300,1300,355611258263750,355611258263750,355567338640625,0,real_frame,B,1,355611259475958,0,
2594,355611308261500,355611308261500,355611324812749,355611358144749,355611358222749,355611308339500,78000,1301,1301,355611258263750,355611291619791,355567338640625,1299,generated_frame,G,1,355611292872583,0,
2595,355611324958041,355611324958041,355611341478749,355611374810749,355611374889208,355611325036500,78459,1301,1300,355611258263750,355611258263750,355567338640625,0,real_frame,B,1,355611292872583,0,
2596,355611341610458,355611341610458,355611358144749,355611391476749,355611391555708,355611341689417,78959,1302,1302,355611291619791,355611324958041,355567338640625,1300,generated_frame,G,1,355611326387458,0,
2597,355611358294583,355611358294583,355611374810749,355611408142749,355611408222166,355611358374000,79417,1302,1301,355611291619791,355611291619791,355567338640625,0,real_frame,A,1,355611326387458,0,
2598,355611374950041,355611374950041,355611391476749,355611424808749,355611424888666,355611375029958,79917,1303,1303,355611324958041,355611358294583,355567338640625,1301,generated_frame,G,1,355611359629416,0,
2599,355611391626958,355611391626958,355611408142749,355611441474749,355611441555083,355611391707292,80334,1303,1302,355611324958041,355611324958041,355567338640625,0,real_frame,B,1,355611359629416,0,
2600,355611408305708,355611408305708,355611424808749,355611458140749,355611458221624,355611408386583,80875,1304,1304,355611358294583,355611391626958,355567338640625,1302,generated_frame,G,1,355611393476125,0,
2601,355611430408625,355611430408625,355611441474749,355611474806749,355611474888083,355611430489959,81334,1304,1304,355611391626958,355611391626958,355567338640625,0,real_frame,B,1,355611393476125,0,
2602,355611441573208,355611441573208,355611458140749,355611491472749,355611491554583,355611441655042,81834,1305,1305,355611391626958,355611430408625,355567338640625,1303,generated_frame,G,1,355611432044708,0,
2603,355611458185500,355611458185500,355611474806749,355611508138749,355611508221083,355611458267834,82334,1305,1304,355611391626958,355611391626958,355567338640625,0,real_frame,B,1,355611432044708,0,
2604,355611474841166,355611474841166,355611491472749,355611524804749,355611524887541,355611474923958,82792,1306,1306,355611430408625,355611458185500,355567338640625,1304,generated_frame,G,1,355611459021708,0,
2605,355611491581625,355611491581625,355611508138749,355611541470749,355611541554083,355611491664959,83334,1306,1306,355611458185500,355611458185500,355567338640625,0,real_frame,B,1,355611459021708,0,
2606,355611508270666,355611508270666,355611524804749,355611558136749,355611558220458,355611508354375,83709,1307,1307,355611458185500,355611491581625,355567338640625,1305,generated_frame,G,1,355611492825666,0,
2607,355611524963375,355611524963375,355611541470749,355611574802749,355611574886916,355611525047542,84167,1307,1306,355611458185500,355611458185500,355567338640625,0,real_frame,B,1,355611492825666,0,
2608,355611541635208,355611541635208,355611558136749,355611591468749,355611591553499,355611541719958,84750,1308,1308,355611491581625,355611524963375,355567338640625,1306,generated_frame,G,1,355611526454000,0,
2609,355611558264250,355611558264250,355611574802749,355611608134749,355611608219916,355611558349417,85167,1308,1307,355611491581625,355611491581625,355567338640625,0,real_frame,A,1,355611526454000,0,
2610,355611574939166,355611574939166,355611591468749,355611624800749,355611624886458,355611575024875,85709,1309,1309,355611524963375,355611558264250,355567338640625,1307,generated_frame,G,1,355611559742125,0,
2611,355611591635583,355611591635583,355611608134749,355611641466749,355611641552958,355611591721792,86209,1309,1309,355611558264250,355611558264250,355567338640625,0,real_frame,A,1,355611559742125,0,
2612,355611608292750,355611608292750,355611624800749,355611658132749,355611658219416,355611608379417,86667,1310,1310,355611558264250,355611591635583,355567338640625,1308,generated_frame,G,1,355611593367250,0,
2613,355611625036541,355611625036541,355611641466749,355611674798749,355611674885833,355611625123625,87084,1310,1310,355611591635583,355611591635583,355567338640625,0,real_frame,B,1,355611593367250,0,
2614,355611641590625,355611641590625,355611658132749,355611691464749,355611691552291,355611641678167,87542,1311,1311,355611591635583,355611625036541,355567338640625,1309,generated_frame,G,1,355611627038916,0,
2615,355611658232291,355611658232291,355611674798749,355611708130749,355611708218874,355611658320416,88125,1311,1310,355611591635583,355611591635583,355567338640625,0,real_frame,B,1,355611627038916,0,
2616,355611674915208,355611674915208,355611691464749,355611724796749,355611724885291,355611675003750,88542,1312,1312,355611625036541,355611658232291,355567338640625,1310,generated_frame,G,1,355611659310833,0,
2617,355611691618083,355611691618083,355611708130749,355611741462749,355611741551833,355611691707167,89084,1312,1312,355611658232291,355611658232291,355567338640625,0,real_frame,B,1,355611659310833,0,
2618,355611708244041,355611708244041,355611724796749,355611758128749,355611758218249,355611708333541,89500,1313,1313,355611658232291,355611691618083,355567338640625,1311,generated_frame,G,1,355611692941041,0,
2619,355611724926375,355611724926375,355611741462749,355611774794749,355611774884749,355611725016375,90000,1313,1312,355611658232291,355611658232291,355567338640625,0,real_frame,B,1,355611692941041,0,
2620,355611741600750,355611741600750,355611758128749,355611791460749,355611791551249,355611741691250,90500,1314,1314,355611691618083,355611724926375,355567338640625,1312,generated_frame,G,1,355611726448083,0,
2621,355611758186583,355611758186583,355611774794749,355611808126749,355611808217708,355611758277542,90959,1314,1313,355611691618083,355611691618083,355567338640625,0,real_frame,A,1,355611726448083,0,
2622,355611774868125,355611774868125,355611791460749,355611824792749,355611824884208,355611774959584,91459,1315,1315,355611724926375,355611758186583,355567338640625,1313,generated_frame,G,1,355611759281666,0,
2623,355611791555500,355611791555500,355611808126749,355611841458749,355611841550666,355611791647417,91917,1315,1315,355611758186583,355611758186583,355567338640625,0,real_frame,A,1,355611759281666,0,
2624,355611808172291,355611808172291,355611824792749,355611858124749,355611858217124,355611808264666,92375,1316,1316,355611758186583,355611791555500,355567338640625,1314,generated_frame,G,1,355611792519583,0,
2625,355611824838708,355611824838708,355611841458749,355611874790749,355611874883624,355611824931583,92875,1316,1315,355611758186583,355611758186583,355567338640625,0,real_frame,A,1,355611792519583,0,
2626,355611841577583,355611841577583,355611858124749,355611891456749,355611891550083,355611841670917,93334,1317,1317,355611791555500,355611824838708,355567338640625,1315,generated_frame,G,1,355611825669166,0,
2627,355611858234125,355611858234125,355611874790749,355611908122749,355611908216624,355611858328000,93875,1317,1317,355611824838708,355611824838708,355567338640625,0,real_frame,A,1,355611825669166,0,
2628,355611874906875,355611874906875,355611891456749,355611924788749,355611924883041,355611875001167,94292,1318,1318,355611824838708,355611858234125,355567338640625,1316,generated_frame,G,1,355611859486041,0,
2629,355611891568583,355611891568583,355611908122749,355611941454749,355611941549624,355611891663458,94875,1318,1317,355611824838708,355611824838708,355567338640625,0,real_frame,A,1,355611859486041,0,
2630,355611908262458,355611908262458,355611924788749,355611958120749,355611958216041,355611908357750,95292,1319,1319,355611858234125,355611891568583,355567338640625,1317,generated_frame,G,1,355611892902625,0,
2631,355611924947541,355611924947541,355611941454749,355611974786749,355611974882541,355611925043333,95792,1319,1319,355611891568583,355611891568583,355567338640625,0,real_frame,A,1,355611892902625,0,
2632,355611941595333,355611941595333,355611958120749,355611991452749,355611991548999,355611941691583,96250,1320,1320,355611891568583,355611924947541,355567338640625,1318,generated_frame,G,1,355611926487916,0,
2633,355611958291458,355611958291458,355611974786749,355612008118749,355612008215499,355611958388208,96750,1320,1319,355611891568583,355611891568583,355567338640625,0,real_frame,A,1,355611926487916,0,
2634,355611974948208,355611974948208,355611991452749,355612024784749,355612024881958,355611975045417,97209,1321,1321,355611924947541,355611958291458,355567338640625,1319,generated_frame,G,1,355611960013958,0,
2635,355611991491125,355611991491125,355612008118749,355612041450749,355612041548458,355611991588834,97709,1321,1320,355611924947541,355611924947541,355567338640625,0,real_frame,B,1,355611960013958,0,
2636,355612008148291,355612008148291,355612024784749,355612058116749,355612058214958,355612008246500,98209,1322,1322,355611958291458,355611991491125,355567338640625,1320,generated_frame,G,1,355611992371250,0,
2637,355612024824375,355612024824375,355612041450749,355612074782749,355612074881416,355612024923042,98667,1322,1322,355611991491125,355611991491125,355567338640625,0,real_frame,B,1,355611992371250,0,
2638,355612041570666,355612041570666,355612058116749,355612091448749,355612091547958,355612041669875,99209,1323,1323,355611991491125,355612024824375,355567338640625,1321,generated_frame,G,1,355612025819041,0,
2639,355612058244250,355612058244250,355612074782749,355612108114749,355612108214374,355612058343875,99625,1323,1323,355612024824375,355612024824375,355567338640625,0,real_frame,A,1,355612025819041,0,
2640,355612074889041,355612074889041,355612091448749,355612124780749,355612124880833,355612074989125,100084,1324,1324,355612024824375,355612058244250,355567338640625,1322,generated_frame,G,1,355612059575500,0,
2641,355612091587375,355612091587375,355612108114749,355612141446749,355612141547333,355612091687959,100584,1324,1323,355612024824375,355612024824375,355567338640625,0,real_frame,A,1,355612059575500,0,
2642,355612108294500,355612108294500,355612124780749,355612158112749,355612158213833,355612108395584,101084,1325,1325,355612058244250,355612091587375,355567338640625,1323,generated_frame,G,1,355612092985291,0,
2643,355612124918291,355612124918291,355612141446749,355612174778749,355612174880291,355612125019833,101542,1325,1324,355612058244250,355612058244250,355567338640625,0,real_frame,B,1,355612092985291,0,
2644,355612141600958,355612141600958,355612158112749,355612191444749,355612191546749,355612141702958,102000,1326,1326,355612091587375,355612124918291,355567338640625,1324,generated_frame,G,1,355612126244291,0,
2645,355612158264666,355612158264666,355612174778749,355612208110749,355612208213333,355612158367250,102584,1326,1326,355612124918291,355612124918291,355567338640625,0,real_frame,B,1,355612126244291,0,
2646,355612174889458,355612174889458,355612191444749,355612224776749,355612224879708,355612174992417,102959,1327,1327,355612124918291,355612158264666,355567338640625,1325,generated_frame,G,1,355612159903291,0,
2647,355612191596458,355612191596458,355612208110749,355612241442749,355612241546249,355612191699958,103500,1327,1326,355612124918291,355612124918291,355567338640625,0,real_frame,B,1,355612159903291,0,
2648,355612208310333,355612208310333,355612224776749,355612258108749,355612258212749,355612208414333,104000,1328,1328,355612158264666,355612191596458,355567338640625,1326,generated_frame,G,1,355612193252583,0,
2649,355612224923416,355612224923416,355612241442749,355612274774749,355612274879124,355612225027791,104375,1328,1327,355612158264666,355612158264666,355567338640625,0,real_frame,A,1,355612193252583,0,
2650,355612241610291,355612241610291,355612258108749,355612291440749,355612291545708,355612241715250,104959,1329,1329,355612191596458,355612224923416,355567338640625,1327,generated_frame,G,1,355612226462750,0,
2651,355612258335708,355612258335708,355612274774749,355612308106749,355612308212166,355612258441125,105417,1329,1329,355612224923416,355612224923416,355567338640625,0,real_frame,A,1,355612226462750,0,
2652,355612274888458,355612274888458,355612291440749,355612324772749,355612324878583,355612274994292,105834,1330,1330,355612224923416,355612258335708,355567338640625,1328,generated_frame,G,1,355612260067125,0,
2653,355612291557458,355612291557458,355612308106749,355612341438749,355612341545124,355612291663833,106375,1330,1329,355612224923416,355612224923416,355567338640625,0,real_frame,A,1,355612260067125,0,
2654,355612308234250,355612308234250,355612324772749,355612358104749,355612358211541,355612308341042,106792,1331,1331,355612258335708,355612291557458,355567338640625,1329,generated_frame,G,1,355612292743875,0,
2655,355612324886625,355612324886625,355612341438749,355612374770749,355612374878124,355612324994000,107375,1331,1331,355612291557458,355612291557458,355567338640625,0,real_frame,A,1,355612292743875,0,
2656,355612341541916,355612341541916,355612358104749,355612391436749,355612391544541,355612341649708,107792,1332,1332,355612291557458,355612324886625,355567338640625,1330,generated_frame,G,1,355612326083291,0,
2657,355612358209166,355612358209166,355612374770749,355612408102749,355612408211208,355612358317625,108459,1332,1331,355612291557458,355612291557458,355567338640625,0,real_frame,A,1,355612326083291,0,
2658,355612374865458,355612374865458,355612391436749,355612424768749,355612424877499,355612374974208,108750,1333,1333,355612324886625,355612358209166,355567338640625,1331,generated_frame,G,1,355612359361500,0,
2659,355612391548333,355612391548333,355612408102749,355612441434749,355612441543999,355612391657583,109250,1333,1333,355612358209166,355612358209166,355567338640625,0,real_frame,A,1,355612359361500,0,
2660,355612408227166,355612408227166,355612424768749,355612458100749,355612458210499,355612408336916,109750,1334,1334,355612358209166,355612391548333,355567338640625,1332,generated_frame,G,1,355612392839041,0,
2661,355612424866000,355612424866000,355612441434749,355612474766749,355612474876958,355612424976209,110209,1334,1333,355612358209166,355612358209166,355567338640625,0,real_frame,A,1,355612392839041,0,
2662,355612441570041,355612441570041,355612458100749,355612491432749,355612491543458,355612441680750,110709,1335,1335,355612391548333,355612424866000,355567338640625,1333,generated_frame,G,1,355612426163875,0,
2663,355612458229750,355612458229750,355612474766749,355612508098749,355612508209916,355612458340917,111167,1335,1335,355612424866000,355612424866000,355567338640625,0,real_frame,A,1,355612426163875,0,
2664,355612474896458,355612474896458,355612491432749,355612524764749,355612524876416,355612475008125,111667,1336,1336,355612424866000,355612458229750,355567338640625,1334,generated_frame,G,1,355612459662541,0,
2665,355612491592083,355612491592083,355612508098749,355612541430749,355612541542874,355612491704208,112125,1336,1335,355612424866000,355612424866000,355567338640625,0,real_frame,A,1,355612459662541,0,
2666,355612508258250,355612508258250,355612524764749,355612558096749,355612558209333,355612508370834,112584,1337,1337,355612458229750,355612491592083,355567338640625,1335,generated_frame,G,1,355612493188166,0,
2667,355612524895750,355612524895750,355612541430749,355612574762749,355612574875833,355612525008834,113084,1337,1336,355612458229750,355612458229750,355567338640625,0,real_frame,B,1,355612493188166,0,
2668,355612541567541,355612541567541,355612558096749,355612591428749,355612591542291,355612541681083,113542,1338,1338,355612491592083,355612524895750,355567338640625,1336,generated_frame,G,1,355612526367833,0,
2669,355612558304916,355612558304916,355612574762749,355612608094749,355612608208791,355612558418958,114042,1338,1338,355612524895750,355612524895750,355567338640625,0,real_frame,B,1,355612526367833,0,
2670,355612574957291,355612574957291,355612591428749,355612624760749,355612624875249,355612575071791,114500,1339,1339,355612524895750,355612558304916,355567338640625,1337,generated_frame,G,1,355612559885791,0,
2671,355612591595208,355612591595208,355612608094749,355612641426749,355612641541749,355612591710208,115000,1339,1338,355612524895750,355612524895750,355567338640625,0,real_frame,B,1,355612559885791,0,
2672,355612608237458,355612608237458,355612624760749,355612658092749,355612658208291,355612608353000,115542,1340,1340,355612558304916,355612591595208,355567338640625,1338,generated_frame,G,1,355612593047416,0,
2673,355612624927625,355612624927625,355612641426749,355612674758749,355612674874708,355612625043584,115959,1340,1340,355612591595208,355612591595208,355567338640625,0,real_frame,B,1,355612593047416,0,
2674,355612641587625,355612641587625,355612658092749,355612691424749,355612691541249,355612641704125,116500,1341,1341,355612591595208,355612624927625,355567338640625,1339,generated_frame,G,1,355612626322416,0,
2675,355612658267541,355612658267541,355612674758749,355612708090749,355612708207749,355612658384541,117000,1341,1341,355612624927625,355612624927625,355567338640625,0,real_frame,A,1,355612626322416,0,
2676,355612674819791,355612674819791,355612691424749,355612724756749,355612724874249,355612674937291,117500,1342,1342,355612624927625,355612658267541,355567338640625,1340,generated_frame,G,1,355612659888833,0,
2677,355612691554291,355612691554291,355612708090749,355612741422749,355612741540666,355612691672208,117917,1342,1341,355612624927625,355612624927625,355567338640625,0,real_frame,A,1,355612659888833,0,
2678,355612708218458,355612708218458,355612724756749,355612758088749,355612758207124,355612708336833,118375,1343,1343,355612658267541,355612691554291,355567338640625,1341,generated_frame,G,1,355612692649375,0,
2679,355612724868458,355612724868458,355612741422749,355612774754749,355612774873583,355612724987292,118834,1343,1343,355612691554291,355612691554291,355567338640625,0,real_frame,A,1,355612692649375,0,
2680,355612741535416,355612741535416,355612758088749,355612791420749,355612791540124,355612741654791,119375,1344,1344,355612691554291,355612724868458,355567338640625,1342,generated_frame,G,1,355612726139416,0,
2681,355612758201166,355612758201166,355612774754749,355612808086749,355612808206583,355612758321000,119834,1344,1344,355612724868458,355612724868458,355567338640625,0,real_frame,B,1,355612726139416,0,
2682,355612774875083,355612774875083,355612791420749,355612824752749,355612824873041,355612774995375,120292,1345,1345,355612724868458,355612758201166,355567338640625,1343,generated_frame,G,1,355612759493958,0,
2683,355612791539291,355612791539291,355612808086749,355612841418749,355612841539583,355612791660125,120834,1345,1345,355612758201166,355612758201166,355567338640625,0,real_frame,A,1,355612759493958,0,
2684,355612808218750,355612808218750,355612824752749,355612858084749,355612858206041,355612808340042,121292,1346,1346,355612758201166,355612791539291,355567338640625,1344,generated_frame,G,1,355612792937833,0,
2685,355612824884333,355612824884333,355612841418749,355612874750749,355612874872499,355612825006083,121750,1346,1346,355612791539291,355612791539291,355567338640625,0,real_frame,B,1,355612792937833,0,
2686,355612841552875,355612841552875,355612858084749,355612891416749,355612891538999,355612841675125,122250,1347,1347,355612791539291,355612824884333,355567338640625,1345,generated_frame,G,1,355612826080833,0,
2687,355612858237500,355612858237500,355612874750749,355612908082749,355612908205499,355612858360250,122750,1347,1347,355612824884333,355612824884333,355567338640625,0,real_frame,A,1,355612826080833,0,
2688,355612874883541,355612874883541,355612891416749,355612924748749,355612924871999,355612875006791,123250,1348,1348,355612824884333,355612858237500,355567338640625,1346,generated_frame,G,1,355612859691791,0,
2689,355612891585416,355612891585416,355612908082749,355612941414749,355612941538416,355612891709083,123667,1348,1347,355612824884333,355612824884333,355567338640625,0,real_frame,A,1,355612859691791,0,
2690,355612908223625,355612908223625,355612924748749,355612958080749,355612958204916,355612908347792,124167,1349,1349,355612858237500,355612891585416,355567338640625,1347,generated_frame,G,1,355612893257041,0,
2691,355612924902625,355612924902625,355612941414749,355612974746749,355612974871374,355612925027250,124625,1349,1348,355612858237500,355612858237500,355567338640625,0,real_frame,B,1,355612893257041,0,
2692,355612948248291,355612948248291,355612958080749,355612991412749,355612991537833,355612948373375,125084,1350,1350,355612891585416,355612924902625,355567338640625,1348,generated_frame,G,1,355612926435083,0,
2693,355612958110666,355612958110666,355612974746749,355613008078749,355613008204374,355612958236291,125625,1351,1351,355612924902625,355612948248291,355567338640625,1349,generated_frame,G,1,355612949139833,0,
2694,355612974819250,355612974819250,355612991412749,355613024744749,355613024870791,355612974945292,126042,1351,1351,355612948248291,355612948248291,355567338640625,0,real_frame,A,1,355612949139833,0,
2695,355612991504000,355612991504000,355613008078749,355613041410749,355613041537374,355612991630625,126625,1351,1351,355612948248291,355612948248291,355567338640625,0,real_frame,A,1,355612949139833,0,
2696,355613008193500,355613008193500,355613024744749,355613058076749,355613058203833,355613008320584,127084,1352,1352,355612948248291,355612991504000,355567338640625,1350,generated_frame,G,1,355612992446833,0,
2697,355613024855708,355613024855708,355613041410749,355613074742749,355613074870249,355613024983208,127500,1352,1351,355612948248291,355612948248291,355567338640625,0,real_frame,A,1,355612992446833,0,
2698,355613041528291,355613041528291,355613058076749,355613091408749,355613091536749,355613041656291,128000,1353,1353,355612991504000,355613024855708,355567338640625,1351,generated_frame,G,1,355613026167416,0,
2699,355613058193750,355613058193750,355613074742749,355613108074749,355613108203208,355613058322209,128459,1353,1352,355612991504000,355612991504000,355567338640625,0,real_frame,B,1,355613026167416,0,
2700,355613074855833,355613074855833,355613091408749,355613124740749,355613124869749,355613074984833,129000,1354,1354,355613024855708,355613058193750,355567338640625,1352,generated_frame,G,1,355613059558041,0,
2701,355613091551791,355613091551791,355613108074749,355613141406749,355613141536208,355613091681250,129459,1354,1354,355613058193750,355613058193750,355567338640625,0,real_frame,B,1,355613059558041,0,
2702,355613108233333,355613108233333,355613124740749,355613158072749,355613158202666,355613108363250,129917,1355,1355,355613058193750,355613091551791,355567338640625,1353,generated_frame,G,1,355613092881583,0,
2703,355613124942000,355613124942000,355613141406749,355613174738749,355613174869124,355613125072375,130375,1355,1355,355613091551791,355613091551791,355567338640625,0,real_frame,A,1,355613092881583,0,
2704,355613141578791,355613141578791,355613158072749,355613191404749,355613191535583,355613141709625,130834,1356,1356,355613091551791,355613124942000,355567338640625,1354,generated_frame,G,1,355613126551125,0,
2705,355613158211458,355613158211458,355613174738749,355613208070749,355613208202124,355613158342833,131375,1356,1355,355613091551791,355613091551791,355567338640625,0,real_frame,A,1,355613126551125,0,
2706,355613174891958,355613174891958,355613191404749,355613224736749,355613224868583,355613175023792,131834,1357,1357,355613124942000,355613158211458,355567338640625,1355,generated_frame,G,1,355613159850583,0,
2707,355613191550500,355613191550500,355613208070749,355613241402749,355613241535041,355613191682792,132292,1357,1357,355613158211458,355613158211458,355567338640625,0,real_frame,A,1,355613159850583,0,
2708,355613208334500,355613208334500,355613224867124,355613258199124,355613258201583,355613208336959,2459,1358,1358,355613158211458,355613191550500,355567338640625,1356,generated_frame,G,1,355613193056541,0,
2709,355613225012250,355613225012250,355613241533124,355613274865124,355613274868041,355613225015167,2917,1358,1358,355613191550500,355613191550500,355567338640625,0,real_frame,B,1,355613193056541,0,
2710,355613241571916,355613241571916,355613258199124,355613291531124,355613291534541,355613241575333,3417,1359,1359,355613191550500,355613225012250,355567338640625,1357,generated_frame,G,1,355613232471833,0,
2711,355613258243125,355613258243125,355613274865124,355613308197124,355613308200999,355613258247000,3875,1359,1358,355613191550500,355613191550500,355567338640625,0,real_frame,B,1,355613232471833,0,
2712,355613274948541,355613274948541,355613291531124,355613324863124,355613324867541,355613274952958,4417,1360,1360,355613225012250,355613258243125,355567338640625,1358,generated_frame,G,1,355613259143666,0,
2713,355613291627541,355613291627541,355613308197124,355613341529124,355613341533958,355613291632375,4834,1360,1360,355613258243125,355613258243125,355567338640625,0,real_frame,B,1,355613259143666,0,
2714,355613308311458,355613308311458,355613324863124,355613358195124,355613358200458,355613308316792,5334,1361,1361,355613258243125,355613291627541,355567338640625,1359,generated_frame,G,1,355613292803250,0,
2715,355613324980916,355613324980916,355613341529124,355613374861124,355613374866958,355613324986750,5834,1361,1360,355613258243125,355613258243125,355567338640625,0,real_frame,B,1,355613292803250,0,
2716,355613341641208,355613341641208,355613358195124,355613391527124,355613391533458,355613341647542,6334,1362,1362,355613291627541,355613324980916,355567338640625,1360,generated_frame,G,1,355613326410416,0,
2717,355613358306583,355613358306583,355613374861124,355613408193124,355613408199916,355613358313375,6792,1362,1361,355613291627541,355613291627541,355567338640625,0,real_frame,A,1,355613326410416,0,
2718,355613375003125,355613375003125,355613391527124,355613424859124,355613424866374,355613375010375,7250,1363,1363,355613324980916,355613358306583,355567338640625,1361,generated_frame,G,1,355613359659416,0,
2719,355613391688166,355613391688166,355613408193124,355613441525124,355613441532916,355613391695958,7792,1363,1363,355613358306583,355613358306583,355567338640625,0,real_frame,A,1,355613359659416,0,
2720,355613408357208,355613408357208,355613424859124,355613458191124,355613458199416,355613408365500,8292,1364,1364,355613358306583,355613391688166,355567338640625,1362,generated_frame,G,1,355613393231416,0,
2721,355613425042666,355613425042666,355613441525124,355613474857124,355613474865833,355613425051375,8709,1364,1363,355613358306583,355613358306583,355567338640625,0,real_frame,A,1,355613393231416,0,
2722,355613441646083,355613441646083,355613458191124,355613491523124,355613491532249,355613441655208,9125,1365,1365,355613391688166,355613425042666,355567338640625,1363,generated_frame,G,1,355613426959208,0,
2723,355613458347958,355613458347958,355613474857124,355613508189124,355613508198791,355613458357625,9667,1365,1364,355613391688166,355613391688166,355567338640625,0,real_frame,B,1,355613426959208,0,
2724,355613475038583,355613475038583,355613491523124,355613524855124,355613524865291,355613475048750,10167,1366,1366,355613425042666,355613458347958,355567338640625,1364,generated_frame,G,1,355613459875666,0,
2725,355613491625625,355613491625625,355613508189124,355613541521124,355613541531749,355613491636250,10625,1366,1365,355613425042666,355613425042666,355567338640625,0,real_frame,A,1,355613459875666,0,
2726,355613508296250,355613508296250,355613524855124,355613558187124,355613558198208,355613508307334,11084,1367,1367,355613458347958,355613491625625,355567338640625,1365,generated_frame,G,1,355613492836666,0,
2727,355613524939708,355613524939708,355613541521124,355613574853124,355613574864708,355613524951292,11584,1367,1367,355613491625625,355613491625625,355567338640625,0,real_frame,A,1,355613492836666,0,
2728,355613541626541,355613541626541,355613558187124,355613591519124,355613591531249,355613541638666,12125,1368,1368,355613491625625,355613524939708,355567338640625,1366,generated_frame,G,1,355613526095208,0,
2729,355613558286083,355613558286083,355613574853124,355613608185124,355613608197624,355613558298583,12500,1368,1368,355613524939708,355613524939708,355567338640625,0,real_frame,B,1,355613526095208,0,
2730,355613574957250,355613574957250,355613591519124,355613624851124,355613624864124,355613574970250,13000,1369,1369,355613524939708,355613558286083,355567338640625,1367,generated_frame,G,1,355613559455250,0,
2731,355613591610875,355613591610875,355613608185124,355613641517124,355613641530624,355613591624375,13500,1369,1368,355613524939708,355613524939708,355567338640625,0,real_frame,B,1,355613559455250,0,
2732,355613608263458,355613608263458,355613624851124,355613658183124,355613658197124,355613608277458,14000,1370,1370,355613558286083,355613591610875,355567338640625,1368,generated_frame,G,1,355613592723666,0,
2733,355613624981541,355613624981541,355613641517124,355613674849124,355613674863583,355613624996000,14459,1370,1370,355613591610875,355613591610875,355567338640625,0,real_frame,B,1,355613592723666,0,
2734,355613641607833,355613641607833,355613658183124,355613691515124,355613691530083,355613641622792,14959,1371,1371,355613591610875,355613624981541,355567338640625,1369,generated_frame,G,1,355613626438958,0,
2735,355613658286916,355613658286916,355613674849124,355613708181124,355613708196624,355613658302416,15500,1371,1370,355613591610875,355613591610875,355567338640625,0,real_frame,B,1,355613626438958,0,
2736,355613675000083,355613675000083,355613691515124,355613724847124,355613724862999,355613675015958,15875,1372,1372,355613624981541,355613658286916,355567338640625,1370,generated_frame,G,1,355613659472583,0,
2737,355613691619166,355613691619166,355613708181124,355613741513124,355613741529541,355613691635583,16417,1372,1372,355613658286916,355613658286916,355567338640625,0,real_frame,B,1,355613659472583,0,
2738,355613708272500,355613708272500,355613724847124,355613758179124,355613758196041,355613708289417,16917,1373,1373,355613658286916,355613691619166,355567338640625,1371,generated_frame,G,1,355613692826416,0,
2739,355613724949708,355613724949708,355613741513124,355613774845124,355613774862499,355613724967083,17375,1373,1372,355613658286916,355613658286916,355567338640625,0,real_frame,B,1,355613692826416,0,
2740,355613741640625,355613741640625,355613758179124,355613791511124,355613791528958,355613741658459,17834,1374,1374,355613691619166,355613724949708,355567338640625,1372,generated_frame,G,1,355613726114458,0,
2741,355613758279958,355613758279958,355613774845124,355613808177124,355613808195458,355613758298292,18334,1374,1373,355613691619166,355613691619166,355567338640625,0,real_frame,A,1,355613726114458,0,
2742,355613774940625,355613774940625,355613791511124,355613824843124,355613824861958,355613774959459,18834,1375,1375,355613724949708,355613758279958,355567338640625,1373,generated_frame,G,1,355613759562750,0,
2743,355613791620333,355613791620333,355613808177124,355613841509124,355613841528416,355613791639625,19292,1375,1375,355613758279958,355613758279958,355567338640625,0,real_frame,A,1,355613759562750,0,
2744,355613808279208,355613808279208,355613824843124,355613858175124,355613858194916,355613808299000,19792,1376,1376,355613758279958,355613791620333,355567338640625,1374,generated_frame,G,1,355613792965458,0,
2745,355613824977916,355613824977916,355613841509124,355613874841124,355613874861333,355613824998125,20209,1376,1376,355613791620333,355613791620333,355567338640625,0,real_frame,B,1,355613792965458,0,
2746,355613841623041,355613841623041,355613858175124,355613891507124,355613891527874,355613841643791,20750,1377,1377,355613791620333,355613824977916,355567338640625,1375,generated_frame,G,1,355613826464833,0,
2747,355613858278916,355613858278916,355613874841124,355613908173124,355613908194333,355613858300125,21209,1377,1376,355613791620333,355613791620333,355567338640625,0,real_frame,B,1,355613826464833,0,
2748,355613874959208,355613874959208,355613891507124,355613924839124,355613924860791,355613874980875,21667,1378,1378,355613824977916,355613858278916,355567338640625,1376,generated_frame,G,1,355613859448375,0,
2749,355613891606750,355613891606750,355613908173124,355613941505124,355613941527249,355613891628875,22125,1378,1378,355613858278916,355613858278916,355567338640625,0,real_frame,B,1,355613859448375,0,
2750,355613914198041,355613914198041,355613924839124,355613958171124,355613958193749,355613914220666,22625,1379,1379,355613858278916,355613891606750,355567338640625,1377,generated_frame,G,1,355613892925833,0,
2751,355613924884791,355613924884791,355613941505124,355613974837124,355613974860208,355613924907875,23084,1380,1380,355613891606750,355613914198041,355567338640625,1378,generated_frame,G,1,355613917476250,0,
2752,355613941556375,355613941556375,355613958171124,355613991503124,355613991526708,355613941579959,23584,1380,1380,355613914198041,355613914198041,355567338640625,0,real_frame,B,1,355613917476250,0,
2753,355613958257166,355613958257166,355613974837124,355614008169124,355614008193291,355613958281333,24167,1380,1380,355613914198041,355613914198041,355567338640625,0,real_frame,B,1,355613917476250,0,
2754,355613974929625,355613974929625,355613991503124,355614024835124,355614024859749,355613974954250,24625,1381,1381,355613914198041,355613958257166,355567338640625,1379,generated_frame,G,1,355613959105250,0,
2755,355613991627083,355613991627083,355614008169124,355614041501124,355614041526124,355613991652083,25000,1381,1380,355613914198041,355613914198041,355567338640625,0,real_frame,B,1,355613959105250,0,
2756,355614008286083,355614008286083,355614024835124,355614058167124,355614058192624,355614008311583,25500,1382,1382,355613958257166,355613991627083,355567338640625,1380,generated_frame,G,1,355613993048291,0,
2757,355614031168375,355614031168375,355614041501124,355614074833124,355614074859124,355614031194375,26000,1382,1382,355613991627083,355613991627083,355567338640625,0,real_frame,B,1,355613993048291,0,
2758,355614041549833,355614041549833,355614058167124,355614091499124,355614091525583,355614041576292,26459,1383,1382,355613991627083,355613991627083,355567338640625,0,real_frame,B,1,355614032647333,0,
2759,355614058212500,355614058212500,355614074833124,355614108165124,355614108192124,355614058239500,27000,1383,1383,355613991627083,355614031168375,355567338640625,1381,generated_frame,G,1,355614032647333,0,
2760,355614074908791,355614074908791,355614091499124,355614124831124,355614124858583,355614074936250,27459,1384,1384,355614031168375,355614058212500,355567338640625,1382,generated_frame,G,1,355614059096791,0,
2761,355614091611416,355614091611416,355614108165124,355614141497124,355614141525124,355614091639416,28000,1384,1384,355614058212500,355614058212500,355567338640625,0,real_frame,B,1,355614059096791,0,
2762,355614108295833,355614108295833,355614124831124,355614158163124,355614158191541,355614108324250,28417,1385,1385,355614058212500,355614091611416,355567338640625,1383,generated_frame,G,1,355614092797375,0,
2763,355614124980541,355614124980541,355614141497124,355614174829124,355614174857958,355614125009375,28834,1385,1384,355614058212500,355614058212500,355567338640625,0,real_frame,B,1,355614092797375,0,
2764,355614141634083,355614141634083,355614158163124,355614191495124,355614191524583,355614141663542,29459,1386,1386,355614091611416,355614124980541,355567338640625,1384,generated_frame,G,1,355614126418166,0,
2765,355614158316333,355614158316333,355614174829124,355614208161124,355614224857499,355614175012708,16696375,1386,1385,355614091611416,355614091611416,355567338640625,0,real_frame,A,1,355614126418166,0,
2766,355614174969791,355614174969791,355614191495124,355614224827124,355614241523916,355614191666583,16696792,1387,1387,355614124980541,355614158316333,355567338640625,1385,generated_frame,G,1,355614159842041,0,
2767,355614191562916,355614191562916,355614208161124,355614241493124,355614258190416,355614208260208,16697292,1387,1386,355614124980541,355614124980541,355567338640625,0,real_frame,B,1,355614159842041,0,
2768,355614208307291,355614208307291,355614224827124,355614258159124,355614274856916,355614225005083,16697792,1388,1388,355614158316333,355614191562916,355567338640625,1386,generated_frame,G,1,355614192615583,0,
2769,355614225163333,355614225163333,355614241493124,355614274825124,355614291523333,355614241861542,16698209,1388,1388,355614191562916,355614191562916,355567338640625,0,real_frame,B,1,355614192615583,0,
2770,355614241658708,355614241658708,355614258159124,355614291491124,355614308189916,355614258357500,16698792,1389,1389,355614191562916,355614225163333,355567338640625,1387,generated_frame,G,1,355614226919458,0,
2771,355614258340500,355614258340500,355614274825124,355614308157124,355614324856416,355614275039792,16699292,1389,1388,355614191562916,355614191562916,355567338640625,0,real_frame,B,1,355614226919458,0,
2772,355614274988208,355614274988208,355614291491124,355614324823124,355614341522874,355614291687958,16699750,1390,1390,355614225163333,355614258340500,355567338640625,1388,generated_frame,G,1,355614259920500,0,
2773,355614291662916,355614291662916,355614308157124,355614341489124,355614358189333,355614308363125,16700209,1390,1390,355614258340500,355614258340500,355567338640625,0,real_frame,B,1,355614259920500,0,
2774,355614308290833,355614308290833,355614324823124,355614358155124,355614374855749,355614324991458,16700625,1391,1391,355614258340500,355614291662916,355567338640625,1389,generated_frame,G,1,355614293122291,0,
2775,355614324969625,355614324969625,355614341489124,355614374821124,355614391522291,355614341670792,16701167,1391,1390,355614258340500,355614258340500,355567338640625,0,real_frame,B,1,355614293122291,0,
2776,355614341628500,355614341628500,355614358155124,355614391487124,355614408188749,355614358330125,16701625,1392,1392,355614291662916,355614324969625,355567338640625,1390,generated_frame,G,1,355614326238083,0,
2777,355614358295375,355614358295375,355614374821124,355614408153124,355614424855208,355614374997459,16702084,1392,1392,355614324969625,355614324969625,355567338640625,0,real_frame,B,1,355614326238083,0,
2778,355614374970291,355614374970291,355614391487124,355614424819124,355614441521749,355614391672916,16702625,1393,1393,355614324969625,355614358295375,355567338640625,1391,generated_frame,G,1,355614359501916,0,
2779,355614391656583,355614391656583,355614408153124,355614441485124,355614458188208,355614408359667,16703084,1393,1393,355614358295375,355614358295375,355567338640625,0,real_frame,A,1,355614359501916,0,
2780,355614408187791,355614408187791,355614424819124,355614458151124,355614474854708,355614424891375,16703584,1394,1394,355614358295375,355614391656583,355567338640625,1392,generated_frame,G,1,355614398737916,0,
2781,355614424858541,355614424858541,355614441485124,355614474817124,355614491521166,355614441562583,16704042,1394,1393,355614358295375,355614358295375,355567338640625,0,real_frame,A,1,355614398737916,0,
2782,355614441595583,355614441595583,355614458151124,355614491483124,355614508187666,355614458300125,16704542,1395,1394,355614391656583,355614391656583,355567338640625,0,real_frame_fallback,B,1,355614398737916,0,
2783,355614458265458,355614458265458,355614474817124,355614508149124,355614524854083,355614474970417,16704959,1395,1395,355614424858541,355614424858541,355567338640625,0,real_frame,A,1,355614398737916,0,
2784,355614474919208,355614474919208,355614491483124,355614524815124,355614541520624,355614491624708,16705500,1396,1395,355614424858541,355614424858541,355567338640625,0,real_frame_fallback,A,1,355614398737916,0,
2785,355614491603958,355614491603958,355614508149124,355614541481124,355614558187124,355614508309958,16706000,1396,1395,355614424858541,355614424858541,355567338640625,0,real_frame,A,1,355614398737916,0,
2786,355614508238750,355614508238750,355614524815124,355614558147124,355614574853583,355614524945209,16706459,1397,1396,355614458265458,355614458265458,355567338640625,0,real_frame_fallback,B,1,355614398737916,0,
2787,355614524883875,355614524883875,355614541481124,355614574813124,355614591520041,355614541590792,16706917,1397,1396,355614458265458,355614458265458,355567338640625,0,real_frame,B,1,355614398737916,0,
2788,355614541577125,355614541577125,355614558147124,355614591479124,355614608186541,355614558284542,16707417,1398,1397,355614491603958,355614491603958,355567338640625,0,real_frame_fallback,A,1,355614398737916,0,
2789,355614558257333,355614558257333,355614574813124,355614608145124,355614624852958,355614574965167,16707834,1398,1398,355614524883875,355614524883875,355567338640625,0,real_frame,B,1,355614398737916,0,
2790,355614574935166,355614574935166,355614591479124,355614624811124,355614641519499,355614591643541,16708375,1399,1398,355614524883875,355614524883875,355567338640625,0,real_frame_fallback,B,1,355614398737916,0,
2791,355614591588000,355614591588000,355614608145124,355614641477124,355614658185958,355614608296834,16708834,1399,1398,355614524883875,355614524883875,355567338640625,0,real_frame,B,1,355614398737916,0,
2792,355614608276958,355614608276958,355614624811124,355614658143124,355614674852458,355614624986292,16709334,1400,1399,355614558257333,355614558257333,355567338640625,0,real_frame_fallback,A,1,355614398737916,0,
2793,355614624934708,355614624934708,355614641477124,355614674809124,355614691518958,355614641644542,16709834,1400,1400,355614591588000,355614591588000,355567338640625,0,real_frame,B,1,355614398737916,0,
2794,355614641627291,355614641627291,355614658143124,355614691475124,355614708185416,355614658337583,16710292,1401,1400,355614591588000,355614591588000,355567338640625,0,real_frame_fallback,B,1,355614398737916,0,
2795,355614658304625,355614658304625,355614674809124,355614708141124,355614724851874,355614675015375,16710750,1401,1401,355614624934708,355614624934708,355567338640625,0,real_frame,A,1,355614398737916,0,
2796,355614674999708,355614674999708,355614691475124,355614724807124,355614741518333,355614691710917,16711209,1402,1401,355614624934708,355614624934708,355567338640625,0,real_frame_fallback,A,1,355614398737916,0,
2797,355614691626458,355614691626458,355614708141124,355614741473124,355614758184833,355614708338167,16711709,1402,1401,355614624934708,355614624934708,355567338640625,0,real_frame,A,1,355614398737916,0,
2798,355614708272083,355614708272083,355614724807124,355614758139124,355614774851333,355614724984292,16712209,1403,1403,355614658304625,355614691626458,355567338640625,1393,generated_frame,G,1,355614693044250,0,
2799,355614724942666,355614724942666,355614741473124,355614774805124,355614791517791,355614741655333,16712667,1403,1402,355614658304625,355614658304625,355567338640625,0,real_frame,B,1,355614693044250,0,
2800,355614741613250,355614741613250,355614758139124,355614791471124,355614808184333,355614758326459,16713209,1404,1404,355614691626458,355614724942666,355567338640625,1394,generated_frame,G,1,355614726203083,0,
2801,355614758277666,355614758277666,355614774805124,355614808137124,355614824850749,355614774991291,16713625,1404,1404,355614724942666,355614724942666,355567338640625,0,real_frame,B,1,355614726203083,0,
2802,355614774935791,355614774935791,355614791471124,355614824803124,355614841517249,355614791649916,16714125,1405,1405,355614724942666,355614758277666,355567338640625,1395,generated_frame,G,1,355614759596708,0,
2803,355614791640875,355614791640875,355614808137124,355614841469124,355614858183749,355614808355500,16714625,1405,1405,355614758277666,355614758277666,355567338640625,0,real_frame,A,1,355614759596708,0,
2804,355614808275666,355614808275666,355614824803124,355614858135124,355614874850208,355614824990750,16715084,1406,1406,355614758277666,355614791640875,355567338640625,1396,generated_frame,G,1,355614793027333,0,
2805,355614824953000,355614824953000,355614841469124,355614874801124,355614891516749,355614841668625,16715625,1406,1405,355614758277666,355614758277666,355567338640625,0,real_frame,A,1,355614793027333,0,
2806,355614841623916,355614841623916,355614858135124,355614891467124,355614908183166,355614858339958,16716042,1407,1407,355614791640875,355614824953000,355567338640625,1397,generated_frame,G,1,355614826319833,0,
2807,355614858271500,355614858271500,355614874801124,355614908133124,355614924849624,355614874988000,16716500,1407,1407,355614824953000,355614824953000,355567338640625,0,real_frame,A,1,355614826319833,0,
2808,355614874946500,355614874946500,355614891467124,355614924799124,355614941516124,355614891663500,16717000,1408,1407,355614824953000,355614824953000,355567338640625,0,real_frame_fallback,A,1,355614826319833,0,
2809,355614891620416,355614891620416,355614908133124,355614941465124,355614958182583,355614908337875,16717459,1408,1408,355614858271500,355614858271500,355567338640625,0,real_frame,B,1,355614826319833,0,
2810,355614908270458,355614908270458,355614924799124,355614958131124,355614974849083,355614924988417,16717959,1409,1408,355614858271500,355614858271500,355567338640625,0,real_frame_fallback,B,1,355614826319833,0,
2811,355614924940250,355614924940250,355614941465124,355614974797124,355614991515624,355614941658750,16718500,1409,1408,355614858271500,355614858271500,355567338640625,0,real_frame,B,1,355614826319833,0,
2812,355614941611708,355614941611708,355614958131124,355614991463124,355615008182083,355614958330667,16718959,1410,1409,355614891620416,355614891620416,355567338640625,0,real_frame_fallback,A,1,355614826319833,0,
2813,355614958286333,355614958286333,355614974797124,355615008129124,355615024848583,355614975005792,16719459,1410,1410,355614924940250,355614924940250,355567338640625,0,real_frame,B,1,355614826319833,0,
2814,355614974947125,355614974947125,355614991463124,355615024795124,355615041514999,355614991667000,16719875,1411,1410,355614924940250,355614924940250,355567338640625,0,real_frame_fallback,B,1,355614826319833,0,
2815,355614991602041,355614991602041,355615008129124,355615041461124,355615058181499,355615008322416,16720375,1411,1410,355614924940250,355614924940250,355567338640625,0,real_frame,B,1,355614826319833,0,
2816,355615008280625,355615008280625,355615024795124,355615058127124,355615074847999,355615025001500,16720875,1412,1411,355614958286333,355614958286333,355567338640625,0,real_frame_fallback,A,1,355614826319833,0,
2817,355615024989750,355615024989750,355615041461124,355615074793124,355615091514499,355615041711125,16721375,1412,1412,355614991602041,355614991602041,355567338640625,0,real_frame,B,1,355614826319833,0,
2818,355615041546208,355615041546208,355615058127124,355615091459124,355615108180958,355615058268042,16721834,1413,1412,355614991602041,355614991602041,355567338640625,0,real_frame_fallback,B,1,355614826319833,0,
2819,355615058296125,355615058296125,355615074793124,355615108125124,355615124847416,355615075018417,16722292,1413,1412,355614991602041,355614991602041,355567338640625,0,real_frame,B,1,355614826319833,0,
2820,355615074918708,355615074918708,355615091459124,355615124791124,355615141513916,355615091641500,16722792,1414,1413,355615024989750,355615024989750,355567338640625,0,real_frame_fallback,A,1,355614826319833,0,
2821,355615091579000,355615091579000,355615108125124,355615141457124,355615158180416,355615108302292,16723292,1414,1413,355615024989750,355615024989750,355567338640625,0,real_frame,A,1,355614826319833,0,
2822,355615108229250,355615108229250,355615124791124,355615158123124,355615174846874,355615124953000,16723750,1415,1414,355615058296125,355615058296125,355567338640625,0,real_frame_fallback,B,1,355614826319833,0,
2823,355615124911958,355615124911958,355615141457124,355615174789124,355615191513333,355615141636167,16724209,1415,1415,355615091579000,355615091579000,355567338640625,0,real_frame,A,1,355614826319833,0,
2824,355615141593208,355615141593208,355615158123124,355615191455124,355615208179833,355615158317917,16724709,1416,1415,355615091579000,355615091579000,355567338640625,0,real_frame_fallback,A,1,355614826319833,0,
2825,355615158236208,355615158236208,355615174789124,355615208121124,355615224846291,355615174961375,16725167,1416,1415,355615091579000,355615091579000,355567338640625,0,real_frame,A,1,355614826319833,0,
2826,355615174904000,355615174904000,355615191455124,355615224787124,355615241512833,355615191629709,16725709,1417,1417,355615124911958,355615158236208,355567338640625,1398,generated_frame,G,1,355615159577000,0,
2827,355615191637875,355615191637875,355615208121124,355615241453124,355615258179291,355615208364042,16726167,1417,1417,355615158236208,355615158236208,355567338640625,0,real_frame,A,1,355615159577000,0,
2828,355615208270375,355615208270375,355615224787124,355615258119124,355615274845833,355615224997084,16726709,1418,1418,355615158236208,355615191637875,355567338640625,1399,generated_frame,G,1,355615193054041,0,
2829,355615224999291,355615224999291,355615241453124,355615274785124,355615291512208,355615241726375,16727084,1418,1417,355615158236208,355615158236208,355567338640625,0,real_frame,A,1,355615193054041,0,
2830,355615241618041,355615241618041,355615258119124,355615291451124,355615308178749,355615258345666,16727625,1419,1419,355615191637875,355615224999291,355567338640625,1400,generated_frame,G,1,355615226845750,0,
2831,355615258273625,355615258273625,355615274785124,355615308117124,355615324845291,355615275001792,16728167,1419,1418,355615191637875,355615191637875,355567338640625,0,real_frame,B,1,355615226845750,0,
2832,355615274930875,355615274930875,355615291451124,355615324783124,355615341511708,355615291659459,16728584,1420,1420,355615224999291,355615258273625,355567338640625,1401,generated_frame,G,1,355615259816500,0,
2833,355615291620833,355615291620833,355615308117124,355615341449124,355615358178208,355615308349917,16729084,1420,1420,355615258273625,355615258273625,355567338640625,0,real_frame,B,1,355615259816500,0,
2834,355615308285333,355615308285333,355615324783124,355615358115124,355615374844666,355615325014875,16729542,1421,1421,355615258273625,355615291620833,355567338640625,1402,generated_frame,G,1,355615293239000,0,
2835,355615324955208,355615324955208,355615341449124,355615374781124,355615391511124,355615341685208,16730000,1421,1420,355615258273625,355615258273625,355567338640625,0,real_frame,B,1,355615293239000,0,
2836,355615341594208,355615341594208,355615358115124,355615391447124,355615408177583,355615358324667,16730459,1422,1422,355615291620833,355615324955208,355567338640625,1403,generated_frame,G,1,355615326662333,0,
2837,355615358290333,355615358290333,355615374781124,355615408113124,355615424844083,355615375021292,16730959,1422,1422,355615324955208,355615324955208,355567338640625,0,real_frame,B,1,355615326662333,0,
2838,355615374932750,355615374932750,355615391447124,355615424779124,355615441510624,355615391664250,16731500,1423,1423,355615324955208,355615358290333,355567338640625,1404,generated_frame,G,1,355615359921125,0,
2839,355615391623458,355615391623458,355615408113124,355615441445124,355615458177083,355615408355417,16731959,1423,1422,355615324955208,355615324955208,355567338640625,0,real_frame,B,1,355615359921125,0,
2840,355615408283416,355615408283416,355615424779124,355615458111124,355615474843541,355615425015833,16732417,1424,1424,355615358290333,355615391623458,355567338640625,1405,generated_frame,G,1,355615393303000,0,
2841,355615424904541,355615424904541,355615441445124,355615474777124,355615491510041,355615441637458,16732917,1424,1423,355615358290333,355615358290333,355567338640625,0,real_frame,A,1,355615393303000,0,
2842,355615441580750,355615441580750,355615458111124,355615491443124,355615508176499,355615458314125,16733375,1425,1424,355615391623458,355615391623458,355567338640625,0,real_frame_fallback,B,1,355615393303000,0,
2843,355615458253250,355615458253250,355615474777124,355615508109124,355615524842999,355615474987125,16733875,1425,1425,355615424904541,355615424904541,355567338640625,0,real_frame,A,1,355615393303000,0,
2844,355615474895416,355615474895416,355615491443124,355615524775124,355615541509458,355615491629750,16734334,1426,1425,355615424904541,355615424904541,355567338640625,0,real_frame_fallback,A,1,355615393303000,0,
2845,355615491619708,355615491619708,355615508109124,355615541441124,355615558175958,355615508354542,16734834,1426,1426,355615458253250,355615458253250,355567338640625,0,real_frame,B,1,355615393303000,0,
2846,355615508301625,355615508301625,355615524775124,355615558107124,355615574842458,355615525036959,16735334,1427,1426,355615458253250,355615458253250,355567338640625,0,real_frame_fallback,B,1,355615393303000,0,
2847,355615524896000,355615524896000,355615541441124,355615574773124,355615591508916,355615541631792,16735792,1427,1426,355615458253250,355615458253250,355567338640625,0,real_frame,B,1,355615393303000,0,
2848,355615541591583,355615541591583,355615558107124,355615591439124,355615608175374,355615558327833,16736250,1428,1427,355615491619708,355615491619708,355567338640625,0,real_frame_fallback,A,1,355615393303000,0,
2849,355615558220458,355615558220458,355615574773124,355615608105124,355615624841874,355615574957208,16736750,1428,1428,355615524896000,355615524896000,355567338640625,0,real_frame,B,1,355615393303000,0,
2850,355615574919083,355615574919083,355615591439124,355615624771124,355615641508374,355615591656333,16737250,1429,1428,355615524896000,355615524896000,355567338640625,0,real_frame_fallback,B,1,355615393303000,0,
2851,355615591567583,355615591567583,355615608105124,355615641437124,355615658174791,355615608305250,16737667,1429,1429,355615558220458,355615558220458,355567338640625,0,real_frame,A,1,355615393303000,0,
2852,355615608234500,355615608234500,355615624771124,355615658103124,355615674841249,355615624972625,16738125,1430,1429,355615558220458,355615558220458,355567338640625,0,real_frame_fallback,A,1,355615393303000,0,
2853,355615624890916,355615624890916,355615641437124,355615674769124,355615691507874,355615641629666,16738750,1430,1429,355615558220458,355615558220458,355567338640625,0,real_frame,A,1,355615393303000,0,
2854,355615641560166,355615641560166,355615658103124,355615691435124,355615708174291,355615658299333,16739167,1431,1430,355615591567583,355615591567583,355567338640625,0,real_frame_fallback,B,1,355615393303000,0,
2855,355615658194375,355615658194375,355615674769124,355615708101124,355615724840749,355615674934000,16739625,1431,1430,355615591567583,355615591567583,355567338640625,0,real_frame,B,1,355615393303000,0,
2856,355615674894458,355615674894458,355615691435124,355615724767124,355615741507249,355615691634583,16740125,1432,1431,355615624890916,355615624890916,355567338640625,0,real_frame_fallback,A,1,355615393303000,0,
2857,355615691569333,355615691569333,355615708101124,355615741433124,355615758173708,355615708309917,16740584,1432,1432,355615658194375,355615658194375,355567338640625,0,real_frame,B,1,355615393303000,0,
2858,355615708205750,355615708205750,355615724767124,355615758099124,355615774840208,355615724946834,16741084,1433,1432,355615658194375,355615658194375,355567338640625,0,real_frame_fallback,B,1,355615393303000,0,
2859,355615724885416,355615724885416,355615741433124,355615774765124,355615791506624,355615741626916,16741500,1433,1432,355615658194375,355615658194375,355567338640625,0,real_frame,B,1,355615393303000,0,
2860,355615741520125,355615741520125,355615758099124,355615791431124,355615808173208,355615758262209,16742084,1434,1434,355615691569333,355615724885416,355567338640625,1406,generated_frame,G,1,355615726207083,0,
2861,355615758157916,355615758157916,355615774765124,355615808097124,355615824839666,355615774900458,16742542,1434,1433,355615691569333,355615691569333,355567338640625,0,real_frame,A,1,355615726207083,0,
2862,355615774819208,355615774819208,355615791431124,355615824763124,355615841506083,355615791562167,16742959,1435,1435,355615724885416,355615758157916,355567338640625,1407,generated_frame,G,1,355615759146083,0,
2863,355615791485541,355615791485541,355615808097124,355615841429124,355615858172583,355615808229000,16743459,1435,1435,355615758157916,355615758157916,355567338640625,0,real_frame,A,1,355615759146083,0,
2864,355615808132958,355615808132958,355615824763124,355615858095124,355615874839083,355615824876917,16743959,1436,1436,355615758157916,355615791485541,355567338640625,1408,generated_frame,G,1,355615792326000,0,
2865,355615824874500,355615824874500,355615841429124,355615874761124,355615891505583,355615841618959,16744459,1436,1436,355615791485541,355615791485541,355567338640625,0,real_frame,B,1,355615792326000,0,
2866,355615841476333,355615841476333,355615858095124,355615891427124,355615908172083,355615858221292,16744959,1437,1437,355615791485541,355615824874500,355567338640625,1409,generated_frame,G,1,355615825697208,0,
2867,355615858145458,355615858145458,355615874761124,355615908093124,355615924838499,355615874890833,16745375,1437,1436,355615791485541,355615791485541,355567338640625,0,real_frame,B,1,355615825697208,0,
2868,355615874796875,355615874796875,355615891427124,355615924759124,355615941505041,355615891542792,16745917,1438,1438,355615824874500,355615858145458,355567338640625,1410,generated_frame,G,1,355615858907250,0,
2869,355615891486958,355615891486958,355615908093124,355615941425124,355615958171541,355615908233375,16746417,1438,1438,355615858145458,355615858145458,355567338640625,0,real_frame,B,1,355615858907250,0,
2870,355615908134000,355615908134000,355615924759124,355615958091124,355615974837916,355615924880792,16746792,1439,1438,355615858145458,355615858145458,355567338640625,0,real_frame_fallback,B,1,355615858907250,0,
2871,355615924812750,355615924812750,355615941425124,355615974757124,355615991504458,355615941560084,16747334,1439,1438,355615858145458,355615858145458,355567338640625,0,real_frame,B,1,355615858907250,0,
2872,355615941467208,355615941467208,355615958091124,355615991423124,355616008170916,355615958215000,16747792,1440,1439,355615891486958,355615891486958,355567338640625,0,real_frame_fallback,A,1,355615858907250,0,
2873,355615958149833,355615958149833,355615974757124,355616008089124,355616024837416,355615974898125,16748292,1440,1440,355615924812750,355615924812750,355567338640625,0,real_frame,B,1,355615858907250,0,
2874,355615974840333,355615974840333,355615991423124,355616024755124,355616041503916,355615991589125,16748792,1441,1440,355615924812750,355615924812750,355567338640625,0,real_frame_fallback,B,1,355615858907250,0,
2875,355615991454583,355615991454583,355616008089124,355616041421124,355616058170416,355616008203875,16749292,1441,1440,355615924812750,355615924812750,355567338640625,0,real_frame,B,1,355615858907250,0,
2876,355616008119416,355616008119416,355616024755124,355616058087124,355616074836916,355616024869208,16749792,1442,1441,355615958149833,355615958149833,355567338640625,0,real_frame_fallback,A,1,355615858907250,0,
2877,355616024789458,355616024789458,355616041421124,355616074753124,355616091503333,355616041539667,16750209,1442,1442,355615991454583,355615991454583,355567338640625,0,real_frame,B,1,355615858907250,0,
2878,355616041454916,355616041454916,355616058087124,355616091419124,355616108169791,355616058205583,16750667,1443,1442,355615991454583,355615991454583,355567338640625,0,real_frame_fallback,B,1,355615858907250,0,
2879,355616058117750,355616058117750,355616074753124,355616108085124,355616124836291,355616074868917,16751167,1443,1442,355615991454583,355615991454583,355567338640625,0,real_frame,B,1,355615858907250,0,
2880,355616074798291,355616074798291,355616091419124,355616124751124,355616141502791,355616091549958,16751667,1444,1443,355616024789458,355616024789458,355567338640625,0,real_frame_fallback,A,1,355615858907250,0,
2881,355616091460750,355616091460750,355616108085124,355616141417124,355616158169249,355616108212875,16752125,1444,1444,355616058117750,355616058117750,355567338640625,0,real_frame,B,1,355615858907250,0,
2882,355616108108291,355616108108291,355616124751124,355616158083124,355616174835708,355616124860875,16752584,1445,1444,355616058117750,355616058117750,355567338640625,0,real_frame_fallback,B,1,355615858907250,0,
2883,355616124828333,355616124828333,355616141417124,355616174749124,355616191502291,355616141581500,16753167,1445,1445,355616091460750,355616091460750,355567338640625,0,real_frame,A,1,355615858907250,0,
2884,355616141543541,355616141543541,355616158083124,355616191415124,355616208168666,355616158297083,16753542,1446,1446,355616091460750,355616124828333,355567338640625,1411,generated_frame,G,1,355616125944750,0,
2885,355616158203458,355616158203458,355616174749124,355616208081124,355616224835124,355616174957458,16754000,1446,1446,355616124828333,355616124828333,355567338640625,0,real_frame,B,1,355616125944750,0,
2886,355616174894791,355616174894791,355616191415124,355616224747124,355616241501666,355616191649333,16754542,1447,1447,355616124828333,355616158203458,355567338640625,1412,generated_frame,G,1,355616159689000,0,
2887,355616191589625,355616191589625,355616208081124,355616241413124,355616258168166,355616208344667,16755042,1447,1447,355616158203458,355616158203458,355567338640625,0,real_frame,A,1,355616159689000,0,
2888,355616208250583,355616208250583,355616224747124,355616258079124,355616274834666,355616225006125,16755542,1448,1448,355616158203458,355616191589625,355567338640625,1413,generated_frame,G,1,355616193029375,0,
2889,355616225176791,355616225176791,355616241413124,355616274745124,355616291501083,355616241932750,16755959,1448,1448,355616191589625,355616191589625,355567338640625,0,real_frame,B,1,355616193029375,0,
2890,355616241630375,355616241630375,355616258079124,355616291411124,355616308167624,355616258386875,16756500,1449,1449,355616191589625,355616225176791,355567338640625,1414,generated_frame,G,1,355616227014416,0,
2891,355616258233125,355616258233125,355616274745124,355616308077124,355616324834083,355616274990084,16756959,1449,1448,355616191589625,355616191589625,355567338640625,0,real_frame,B,1,355616227014416,0,
2892,355616274860125,355616274860125,355616291411124,355616324743124,355616341500583,355616291617584,16757459,1450,1450,355616225176791,355616258233125,355567338640625,1415,generated_frame,G,1,355616259499583,0,
2893,355616291534000,355616291534000,355616308077124,355616341409124,355616358167083,355616308291959,16757959,1450,1450,355616258233125,355616258233125,355567338640625,0,real_frame,B,1,355616259499583,0,
2894,355616308199000,355616308199000,355616324743124,355616358075124,355616374833541,355616324957417,16758417,1451,1450,355616258233125,355616258233125,355567338640625,0,real_frame_fallback,B,1,355616259499583,0,
2895,355616324857041,355616324857041,355616341409124,355616374741124,355616391499999,355616341615916,16758875,1451,1451,355616291534000,355616291534000,355567338640625,0,real_frame,A,1,355616259499583,0,
2896,355616341539958,355616341539958,355616358075124,355616391407124,355616408166499,355616358299333,16759375,1452,1451,355616291534000,355616291534000,355567338640625,0,real_frame_fallback,A,1,355616259499583,0,
2897,355616358206958,355616358206958,355616374741124,355616408073124,355616424832916,355616374966750,16759792,1452,1452,355616324857041,355616324857041,355567338640625,0,real_frame,B,1,355616259499583,0,
2898,355616374866083,355616374866083,355616391407124,355616424739124,355616441499458,355616391626417,16760334,1453,1452,355616324857041,355616324857041,355567338640625,0,real_frame_fallback,B,1,355616259499583,0,
2899,355616391546083,355616391546083,355616408073124,355616441405124,355616458165916,355616408306875,16760792,1453,1452,355616324857041,355616324857041,355567338640625,0,real_frame,B,1,355616259499583,0,
2900,355616408189833,355616408189833,355616424739124,355616458071124,355616474832416,355616424951125,16761292,1454,1453,355616358206958,355616358206958,355567338640625,0,real_frame_fallback,A,1,355616259499583,0,
2901,355616424815541,355616424815541,355616441405124,355616474737124,355616491498916,355616441577333,16761792,1454,1453,355616358206958,355616358206958,355567338640625,0,real_frame,A,1,355616259499583,0,
2902,355616441560583,355616441560583,355616458071124,355616491403124,355616508165416,355616458322875,16762292,1455,1454,355616391546083,355616391546083,355567338640625,0,real_frame_fallback,B,1,355616259499583,0,
2903,355616458194083,355616458194083,355616474737124,355616508069124,355616524831874,355616474956833,16762750,1455,1455,355616424815541,355616424815541,355567338640625,0,real_frame,A,1,355616259499583,0,
2904,355616474879583,355616474879583,355616491403124,355616524735124,355616541498333,355616491642792,16763209,1456,1455,355616424815541,355616424815541,355567338640625,0,real_frame_fallback,A,1,355616259499583,0,
2905,355616491524416,355616491524416,355616508069124,355616541401124,355616558164791,355616508288083,16763667,1456,1455,355616424815541,355616424815541,355567338640625,0,real_frame,A,1,355616259499583,0,
2906,355616508168625,355616508168625,355616524735124,355616558067124,355616574831249,355616524932750,16764125,1457,1456,355616458194083,355616458194083,355567338640625,0,real_frame_fallback,B,1,355616259499583,0,
2907,355616524916250,355616524916250,355616541401124,355616574733124,355616591497791,355616541680917,16764667,1457,1457,355616491524416,355616491524416,355567338640625,0,real_frame,A,1,355616259499583,0,
2908,355616541531625,355616541531625,355616558067124,355616591399124,355616608164249,355616558296750,16765125,1458,1458,355616491524416,355616524916250,355567338640625,1416,generated_frame,G,1,355616526507250,0,
2909,355616558278625,355616558278625,355616574733124,355616608065124,355616624830791,355616575044292,16765667,1458,1457,355616491524416,355616491524416,355567338640625,0,real_frame,A,1,355616526507250,0,
2910,355616574874500,355616574874500,355616591399124,355616624731124,355616641497249,355616591640625,16766125,1459,1459,355616524916250,355616558278625,355567338640625,1417,generated_frame,G,1,355616560160958,0,
2911,355616591539083,355616591539083,355616608065124,355616641397124,355616658163666,355616608305625,16766542,1459,1458,355616524916250,355616524916250,355567338640625,0,real_frame,B,1,355616560160958,0,
2912,355616608222500,355616608222500,355616624731124,355616658063124,355616674830249,355616624989625,16767125,1460,1460,355616558278625,355616591539083,355567338640625,1418,generated_frame,G,1,355616593022083,0,
2913,355616624872541,355616624872541,355616641397124,355616674729124,355616691496666,355616641640083,16767542,1460,1460,355616591539083,355616591539083,355567338640625,0,real_frame,B,1,355616593022083,0,
2914,355616641552625,355616641552625,355616658063124,355616691395124,355616708163124,355616658320625,16768000,1461,1461,355616591539083,355616624872541,355567338640625,1419,generated_frame,G,1,355616626374958,0,
2915,355616658241666,355616658241666,355616674729124,355616708061124,355616724829624,355616675010166,16768500,1461,1461,355616624872541,355616624872541,355567338640625,0,real_frame,A,1,355616626374958,0,
2916,355616674900708,355616674900708,355616691395124,355616724727124,355616741496166,355616691669750,16769042,1462,1462,355616624872541,355616658241666,355567338640625,1420,generated_frame,G,1,355616659914041,0,
2917,355616691560125,355616691560125,355616708061124,355616741393124,355616758162583,355616708329584,16769459,1462,1461,355616624872541,355616624872541,355567338640625,0,real_frame,A,1,355616659914041,0,
2918,355616708229083,355616708229083,355616724727124,355616758059124,355616774829041,355616724999000,16769917,1463,1462,355616658241666,355616658241666,355567338640625,0,real_frame_fallback,B,1,355616659914041,0,
2919,355616724867833,355616724867833,355616741393124,355616774725124,355616791495541,355616741638250,16770417,1463,1462,355616658241666,355616658241666,355567338640625,0,real_frame,B,1,355616659914041,0,
2920,355616741482208,355616741482208,355616758059124,355616791391124,355616808162041,355616758253125,16770917,1464,1463,355616691560125,355616691560125,355567338640625,0,real_frame_fallback,A,1,355616659914041,0,
2921,355616758191625,355616758191625,355616774725124,355616808057124,355616824828541,355616774963042,16771417,1464,1464,355616724867833,355616724867833,355567338640625,0,real_frame,B,1,355616659914041,0,
2922,355616774842625,355616774842625,355616791391124,355616824723124,355616841494958,355616791614459,16771834,1465,1464,355616724867833,355616724867833,355567338640625,0,real_frame_fallback,B,1,355616659914041,0,
2923,355616791558041,355616791558041,355616808057124,355616841389124,355616858161458,355616808330375,16772334,1465,1465,355616758191625,355616758191625,355567338640625,0,real_frame,A,1,355616659914041,0,
2924,355616808172708,355616808172708,355616824723124,355616858055124,355616874827958,355616824945542,16772834,1466,1465,355616758191625,355616758191625,355567338640625,0,real_frame_fallback,A,1,355616659914041,0,
2925,355616824837875,355616824837875,355616841389124,355616874721124,355616891494374,355616841611125,16773250,1466,1465,355616758191625,355616758191625,355567338640625,0,real_frame,A,1,355616659914041,0,
2926,355616841535875,355616841535875,355616858055124,355616891387124,355616908160916,355616858309667,16773792,1467,1466,355616791558041,355616791558041,355567338640625,0,real_frame_fallback,B,1,355616659914041,0,
2927,355616858172083,355616858172083,355616874721124,355616908053124,355616924827374,355616874946333,16774250,1467,1467,355616824837875,355616824837875,355567338640625,0,real_frame,A,1,355616659914041,0,
2928,355616874874208,355616874874208,355616891387124,355616924719124,355616941493874,355616891648958,16774750,1468,1467,355616824837875,355616824837875,355567338640625,0,real_frame_fallback,A,1,355616659914041,0,
2929,355616891642916,355616891642916,355616908053124,355616941385124,355616958160374,355616908418166,16775250,1468,1468,355616858172083,355616858172083,355567338640625,0,real_frame,B,1,355616659914041,0,
2930,355616908225125,355616908225125,355616924719124,355616958051124,355616974826833,355616925000834,16775709,1469,1468,355616858172083,355616858172083,355567338640625,0,real_frame_fallback,B,1,355616659914041,0,
2931,355616924858625,355616924858625,355616941385124,355616974717124,355616991493291,355616941634792,16776167,1469,1468,355616858172083,355616858172083,355567338640625,0,real_frame,B,1,355616659914041,0,
2932,355616941575791,355616941575791,355616958051124,355616991383124,355617008159791,355616958352458,16776667,1470,1469,355616891642916,355616891642916,355567338640625,0,real_frame_fallback,A,1,355616659914041,0,
2933,355616958211583,355616958211583,355616974717124,355617008049124,355617024826291,355616974988750,16777167,1470,1470,355616924858625,355616924858625,355567338640625,0,real_frame,B,1,355616659914041,0,
2934,355616978884125,355616978884125,355616991383124,355617024715124,355617041492749,355616995661750,16777625,1471,1470,355616924858625,355616924858625,355567338640625,0,real_frame_fallback,B,1,355616659914041,0,
2935,355616991479583,355616991479583,355617008049124,355617041381124,355617058159249,355617008257708,16778125,1471,1470,355616924858625,355616924858625,355567338640625,0,real_frame,B,1,355616659914041,0,
2936,355617008093291,355617008093291,355617024715124,355617058047124,355617074825708,355617024871875,16778584,1472,1472,355616958211583,355616991479583,355567338640625,1421,generated_frame,G,1,355616992809166,0,
2937,355617024767291,355617024767291,355617041381124,355617074713124,355617091492166,355617041546333,16779042,1472,1472,355616991479583,355616991479583,355567338640625,0,real_frame,B,1,355616992809166,0,
2938,355617041554166,355617041554166,355617058047124,355617091379124,355617108158666,355617058333708,16779542,1473,1473,355616991479583,355617024767291,355567338640625,1422,generated_frame,G,1,355617025947791,0,
2939,355617058202000,355617058202000,355617074713124,355617108045124,355617124825124,355617074982000,16780000,1473,1473,355617024767291,355617024767291,355567338640625,0,real_frame,A,1,355617025947791,0,
2940,355617074892041,355617074892041,355617091379124,355617124711124,355617141491624,355617091672541,16780500,1474,1474,355617024767291,355617058202000,355567338640625,1423,generated_frame,G,1,355617060050125,0,
2941,355617091546666,355617091546666,355617108045124,355617141377124,355617158158124,355617108327666,16781000,1474,1473,355617024767291,355617024767291,355567338640625,0,real_frame,A,1,355617060050125,0,
2942,355617108197250,355617108197250,355617124711124,355617158043124,355617174824583,355617124978709,16781459,1475,1475,355617058202000,355617091546666,355567338640625,1424,generated_frame,G,1,355617093146375,0,
2943,355617124866541,355617124866541,355617141377124,355617174709124,355617191491083,355617141648500,16781959,1475,1474,355617058202000,355617058202000,355567338640625,0,real_frame,B,1,355617093146375,0,
2944,355617141533625,355617141533625,355617158043124,355617191375124,355617208157541,355617158316042,16782417,1476,1476,355617091546666,355617124866541,355567338640625,1425,generated_frame,G,1,355617126669458,0,
2945,355617158163791,355617158163791,355617174709124,355617208041124,355617224823999,355617174946666,16782875,1476,1475,355617091546666,355617091546666,355567338640625,0,real_frame,A,1,355617126669458,0,
2946,355617174872125,355617174872125,355617191375124,355617224707124,355617241490541,355617191655542,16783417,1477,1476,355617124866541,355617124866541,355567338640625,0,real_frame_fallback,B,1,355617126669458,0,
2947,355617191637666,355617191637666,355617208041124,355617241373124,355617258156999,355617208421541,16783875,1477,1477,355617158163791,355617158163791,355567338640625,0,real_frame,A,1,355617126669458,0,
2948,355617208219416,355617208219416,355617224707124,355617258039124,355617274823541,355617225003833,16784417,1478,1477,355617158163791,355617158163791,355567338640625,0,real_frame_fallback,A,1,355617126669458,0,
2949,355617224840541,355617224840541,355617241373124,355617274705124,355617291489999,355617241625416,16784875,1478,1477,355617158163791,355617158163791,355567338640625,0,real_frame,A,1,355617126669458,0,
2950,355617241485125,355617241485125,355617258039124,355617291371124,355617308156458,355617258270459,16785334,1479,1478,355617191637666,355617191637666,355567338640625,0,real_frame_fallback,B,1,355617126669458,0,
2951,355617258162708,355617258162708,355617274705124,355617308037124,355617324822958,355617274948542,16785834,1479,1479,355617224840541,355617224840541,355567338640625,0,real_frame,A,1,355617126669458,0,
2952,355617274817875,355617274817875,355617291371124,355617324703124,355617341489458,355617291604209,16786334,1480,1479,355617224840541,355617224840541,355567338640625,0,real_frame_fallback,A,1,355617126669458,0,
2953,355617291499250,355617291499250,355617308037124,355617341369124,355617358155958,355617308286084,16786834,1480,1480,355617258162708,355617258162708,355567338640625,0,real_frame,B,1,355617126669458,0,
2954,355617308146750,355617308146750,355617324703124,355617358035124,355617374822374,355617324934000,16787250,1481,1480,355617258162708,355617258162708,355567338640625,0,real_frame_fallback,B,1,355617126669458,0,
2955,355617324835458,355617324835458,355617341369124,355617374701124,355617391488833,355617341623167,16787709,1481,1480,355617258162708,355617258162708,355567338640625,0,real_frame,B,1,355617126669458,0,
2956,355617341474250,355617341474250,355617358035124,355617391367124,355617408155333,355617358262459,16788209,1482,1481,355617291499250,355617291499250,355567338640625,0,real_frame_fallback,A,1,355617126669458,0,
2957,355617358154625,355617358154625,355617374701124,355617408033124,355617424821791,355617374943292,16788667,1482,1481,355617291499250,355617291499250,355567338640625,0,real_frame,A,1,355617126669458,0,
2958,355617374832750,355617374832750,355617391367124,355617424699124,355617441488333,355617391621959,16789209,1483,1482,355617324835458,355617324835458,355567338640625,0,real_frame_fallback,B,1,355617126669458,0,
2959,355617391485375,355617391485375,355617408033124,355617441365124,355617458154791,355617408275042,16789667,1483,1483,355617358154625,355617358154625,355567338640625,0,real_frame,A,1,355617126669458,0,
2960,355617408190208,355617408190208,355617424699124,355617458031124,355617474821333,355617424980417,16790209,1484,1483,355617358154625,355617358154625,355567338640625,0,real_frame_fallback,A,1,355617126669458,0,
2961,355617424892875,355617424892875,355617441365124,355617474697124,355617491487749,355617441683500,16790625,1484,1484,355617391485375,355617391485375,355567338640625,0,real_frame,B,1,355617126669458,0,
2962,355617441543000,355617441543000,355617458031124,355617491363124,355617508154291,355617458334167,16791167,1485,1484,355617391485375,355617391485375,355567338640625,0,real_frame_fallback,B,1,355617126669458,0,
2963,355617458184833,355617458184833,355617474697124,355617508029124,355617524820666,355617474976375,16791542,1485,1484,355617391485375,355617391485375,355567338640625,0,real_frame,B,1,355617126669458,0,
2964,355617474817208,355617474817208,355617491363124,355617524695124,355617541487166,355617491609250,16792042,1486,1486,355617424892875,355617458184833,355567338640625,1426,generated_frame,G,1,355617460075833,0,
2965,355617491477500,355617491477500,355617508029124,355617541361124,355617558153666,355617508270042,16792542,1486,1486,355617458184833,355617458184833,355567338640625,0,real_frame,B,1,355617460075833,0,
2966,355617508156541,355617508156541,355617524695124,355617558027124,355617574820208,355617524949625,16793084,1487,1487,355617458184833,355617491477500,355567338640625,1427,generated_frame,G,1,355617492720833,0,
2967,355617524823416,355617524823416,355617541361124,355617574693124,355617591486624,355617541616916,16793500,1487,1487,355617491477500,355617491477500,355567338640625,0,real_frame,A,1,355617492720833,0,
2968,355617541479333,355617541479333,355617558027124,355617591359124,355617608153124,355617558273333,16794000,1488,1488,355617491477500,355617524823416,355567338640625,1428,generated_frame,G,1,355617526209416,0,
2969,355617558164500,355617558164500,355617574693124,355617608025124,355617624819624,355617574959000,16794500,1488,1487,355617491477500,355617491477500,355567338640625,0,real_frame,A,1,355617526209416,0,
2970,355617574824208,355617574824208,355617591359124,355617624691124,355617641486041,355617591619125,16794917,1489,1489,355617524823416,355617558164500,355567338640625,1429,generated_frame,G,1,355617559489875,0,
2971,355617591568666,355617591568666,355617608025124,355617641357124,355617658152583,355617608364125,16795459,1489,1489,355617558164500,355617558164500,355567338640625,0,real_frame,A,1,355617559489875,0,
2972,355617608069458,355617608069458,355617624691124,355617658023124,355617674818999,355617624865333,16795875,1490,1490,355617558164500,355617591568666,355567338640625,1430,generated_frame,G,1,355617600225000,0,
2973,355617624756208,355617624756208,355617641357124,355617674689124,355617691485583,355617641552667,16796459,1490,1489,355617558164500,355617558164500,355567338640625,0,real_frame,A,1,355617600225000,0,
2974,355617641429583,355617641429583,355617658023124,355617691355124,355617708152041,355617658226500,16796917,1491,1490,355617591568666,355617591568666,355567338640625,0,real_frame_fallback,B,1,355617600225000,0,
2975,355617658140375,355617658140375,355617674689124,355617708021124,355617724818499,355617674937750,16797375,1491,1491,355617624756208,355617624756208,355567338640625,0,real_frame,A,1,355617600225000,0,
2976,355617674838625,355617674838625,355617691355124,355617724687124,355617741484999,355617691636500,16797875,1492,1491,355617624756208,355617624756208,355567338640625,0,real_frame_fallback,A,1,355617600225000,0,
2977,355617691495875,355617691495875,355617708021124,355617741353124,355617758151416,355617708294167,16798292,1492,1491,355617624756208,355617624756208,355567338640625,0,real_frame,A,1,355617600225000,0,
2978,355617708161916,355617708161916,355617724687124,355617758019124,355617774817874,355617724960666,16798750,1493,1492,355617658140375,355617658140375,355567338640625,0,real_frame_fallback,B,1,355617600225000,0,
2979,355617724953833,355617724953833,355617741483499,355617774815499,355617791484416,355617741622750,16668917,1493,1493,355617691495875,355617691495875,355567338640625,0,real_frame,A,1,355617600225000,0,
2980,355617741613041,355617741613041,355617758149499,355617791481499,355617808150874,355617758282416,16669375,1494,1493,355617691495875,355617691495875,355567338640625,0,real_frame_fallback,A,1,355617600225000,0,
2981,355617758297458,355617758297458,355617774815499,355617808147499,355617824817416,355617774967375,16669917,1494,1493,355617691495875,355617691495875,355567338640625,0,real_frame,A,1,355617600225000,0,
2982,355617774932125,355617774932125,355617791481499,355617824813499,355617841483833,355617791602459,16670334,1495,1494,355617724953833,355617724953833,355567338640625,0,real_frame_fallback,B,1,355617600225000,0,
2983,355617792054625,355617792054625,355617808147499,355617841479499,355617858150333,355617808725459,16670834,1495,1495,355617758297458,355617758297458,355567338640625,0,real_frame,A,1,355617600225000,0,
2984,355617808178583,355617808178583,355617824813499,355617858145499,355617874816833,355617824849917,16671334,1496,1495,355617758297458,355617758297458,355567338640625,0,real_frame_fallback,A,1,355617600225000,0,
2985,355617824881333,355617824881333,355617841479499,355617874811499,355617891483333,355617841553167,16671834,1496,1495,355617758297458,355617758297458,355567338640625,0,real_frame,A,1,355617600225000,0,
2986,355617841506500,355617841506500,355617858145499,355617891477499,355617908149749,355617858178750,16672250,1497,1496,355617792054625,355617792054625,355567338640625,0,real_frame_fallback,B,1,355617600225000,0,
2987,355617858264458,355617858264458,355617874811499,355617908143499,355617924816208,355617874937167,16672709,1497,1497,355617824881333,355617824881333,355567338640625,0,real_frame,A,1,355617600225000,0,
2988,355617874919625,355617874919625,355617891477499,355617924809499,355617941482791,355617891592917,16673292,1498,1497,355617824881333,355617824881333,355567338640625,0,real_frame_fallback,A,1,355617600225000,0,
2989,355617891588916,355617891588916,355617908143499,355617941475499,355617958149208,355617908262625,16673709,1498,1497,355617824881333,355617824881333,355567338640625,0,real_frame,A,1,355617600225000,0,
2990,355617908250708,355617908250708,355617924809499,355617958141499,355617974815708,355617924924917,16674209,1499,1499,355617858264458,355617891588916,355567338640625,1431,generated_frame,G,1,355617892818416,0,
2991,355617924908666,355617924908666,355617941475499,355617974807499,355617991482166,355617941583333,16674667,1499,1498,355617858264458,355617858264458,355567338640625,0,real_frame,B,1,355617892818416,0,
2992,355617941591958,355617941591958,355617958141499,355617991473499,355618008148708,355617958267167,16675209,1500,1500,355617891588916,355617924908666,355567338640625,1432,generated_frame,G,1,355617926268375,0,
2993,355617958247250,355617958247250,355617974807499,355618008139499,355618024815124,355617974922875,16675625,1500,1500,355617924908666,355617924908666,355567338640625,0,real_frame,B,1,355617926268375,0,
2994,355617974947708,355617974947708,355617991473499,355618024805499,355618041481624,355617991623833,16676125,1501,1501,355617924908666,355617958247250,355567338640625,1433,generated_frame,G,1,355617959664666,0,
2995,355617991606333,355617991606333,355618008139499,355618041471499,355618058148166,355618008283000,16676667,1501,1501,355617958247250,355617958247250,355567338640625,0,real_frame,A,1,355617959664666,0,
2996,355618008289791,355618008289791,355618024805499,355618058137499,355618074814624,355618024966916,16677125,1502,1502,355617958247250,355617991606333,355567338640625,1434,generated_frame,G,1,355617993185250,0,
2997,355618024952833,355618024952833,355618041471499,355618074803499,355618091481083,355618041630417,16677584,1502,1501,355617958247250,355617958247250,355567338640625,0,real_frame,A,1,355617993185250,0,
2998,355618041628125,355618041628125,355618058137499,355618091469499,355618108147541,355618058306167,16678042,1503,1503,355617991606333,355618024952833,355567338640625,1435,generated_frame,G,1,355618026506625,0,
2999,355618058243125,355618058243125,355618074803499,355618108135499,355618124814041,355618074921667,16678542,1503,1502,355617991606333,355617991606333,355567338640625,0,real_frame,B,1,355618026506625,0,
3000,355618074885958,355618074885958,355618091469499,355618124801499,355618141480499,355618091564958,16679000,1504,1503,355618024952833,355618024952833,355567338640625,0,real_frame_fallback,A,1,355618026506625,0,
3001,355618091572291,355618091572291,355618108135499,355618141467499,355618158146958,355618108251750,16679459,1504,1504,355618058243125,355618058243125,355567338640625,0,real_frame,B,1,355618026506625,0,
3002,355618108219458,355618108219458,355618124801499,355618158133499,355618174813499,355618124899458,16680000,1505,1504,355618058243125,355618058243125,355567338640625,0,real_frame_fallback,B,1,355618026506625,0,
3003,355618124926666,355618124926666,355618141467499,355618174799499,355618191479958,355618141607125,16680459,1505,1505,355618091572291,355618091572291,355567338640625,0,real_frame,A,1,355618026506625,0,
3004,355618141593166,355618141593166,355618158133499,355618191465499,355618208146416,355618158274083,16680917,1506,1505,355618091572291,355618091572291,355567338640625,0,real_frame_fallback,A,1,355618026506625,0,
3005,355618158263791,355618158263791,355618174799499,355618208131499,355618224812916,355618174945208,16681417,1506,1505,355618091572291,355618091572291,355567338640625,0,real_frame,A,1,355618026506625,0,
3006,355618174987583,355618174987583,355618191465499,355618224797499,,,,1507,1506,355618124926666,355618124926666,355567338640625,0,real_frame_fallback,B,1,355618026506625,1,drawable_presented_time_unavailable
3007,355618191514125,355618191514125,355618208131499,355618241463499,355618241479416,355618191530042,15917,1507,1506,355618124926666,355618124926666,355567338640625,0,real_frame,B,1,355618026506625,0,
3008,355618208173625,355618208173625,355618224797499,355618258129499,355618258145916,355618208190042,16417,1508,1507,355618158263791,355618158263791,355567338640625,0,real_frame_fallback,A,1,355618026506625,0,
3009,355618226024166,355618226024166,355618241463499,355618274795499,355618274812333,355618226041000,16834,1508,1508,355618191514125,355618191514125,355567338640625,0,real_frame,B,1,355618026506625,0,
3010,355618241559500,355618241559500,355618258129499,355618291461499,355618291478833,355618241576834,17334,1509,1508,355618191514125,355618191514125,355567338640625,0,real_frame_fallback,B,1,355618026506625,0,
3011,355618258213500,355618258213500,355618274795499,355618308127499,355618308145333,355618258231334,17834,1509,1508,355618191514125,355618191514125,355567338640625,0,real_frame,B,1,355618026506625,0,
3012,355618274873291,355618274873291,355618291461499,355618324793499,355618324811791,355618274891583,18292,1510,1509,355618226024166,355618226024166,355567338640625,0,real_frame_fallback,A,1,355618026506625,0,
3013,355618291546125,355618291546125,355618308127499,355618341459499,355618341478291,355618291564917,18792,1510,1510,355618258213500,355618258213500,355567338640625,0,real_frame,B,1,355618026506625,0,
3014,355618308225458,355618308225458,355618324793499,355618358125499,355618358144708,355618308244667,19209,1511,1510,355618258213500,355618258213500,355567338640625,0,real_frame_fallback,B,1,355618026506625,0,
3015,355618324883791,355618324883791,355618341459499,355618374791499,355618374811291,355618324903583,19792,1511,1511,355618291546125,355618291546125,355567338640625,0,real_frame,A,1,355618026506625,0,
3016,355618341567958,355618341567958,355618358125499,355618391457499,355618391477749,355618341588208,20250,1512,1511,355618291546125,355618291546125,355567338640625,0,real_frame_fallback,A,1,355618026506625,0,
3017,355618358231208,355618358231208,355618374791499,355618408123499,355618408144249,355618358251958,20750,1512,1512,355618324883791,355618324883791,355567338640625,0,real_frame,B,1,355618026506625,0,
3018,355618374887708,355618374887708,355618391457499,355618424789499,355618424810708,355618374908917,21209,1513,1513,355618324883791,355618358231208,355567338640625,1436,generated_frame,G,1,355618359505791,0,
3019,355618391602916,355618391602916,355618408123499,355618441455499,355618441477249,355618391624666,21750,1513,1513,355618358231208,355618358231208,355567338640625,0,real_frame,A,1,355618359505791,0,
3020,355618408269208,355618408269208,355618424789499,355618458121499,355618458143666,355618408291375,22167,1514,1514,355618358231208,355618391602916,355567338640625,1437,generated_frame,G,1,355618393033583,0,
3021,355618424884375,355618424884375,355618441455499,355618474787499,355618474810124,355618424907000,22625,1514,1513,355618358231208,355618358231208,355567338640625,0,real_frame,A,1,355618393033583,0,
3022,355618441560000,355618441560000,355618458121499,355618491453499,355618491476624,355618441583125,23125,1515,1515,355618391602916,355618424884375,355567338640625,1438,generated_frame,G,1,355618425844125,0,
3023,355618458228666,355618458228666,355618474787499,355618508119499,355618508143083,355618458252250,23584,1515,1515,355618424884375,355618424884375,355567338640625,0,real_frame,A,1,355618425844125,0,
3024,355618474886958,355618474886958,355618491453499,355618524785499,355618524809583,355618474911042,24084,1516,1516,355618424884375,355618458228666,355567338640625,1439,generated_frame,G,1,355618459429083,0,
3025,355618491591791,355618491591791,355618508119499,355618541451499,355618541476041,355618491616333,24542,1516,1516,355618458228666,355618458228666,355567338640625,0,real_frame,B,1,355618459429083,0,
3026,355618508275666,355618508275666,355618524785499,355618558117499,355618558142541,355618508300708,25042,1517,1517,355618458228666,355618491591791,355567338640625,1440,generated_frame,G,1,355618492783708,0,
3027,355618524927875,355618524927875,355618541451499,355618574783499,355618574808999,355618524953375,25500,1517,1516,355618458228666,355618458228666,355567338640625,0,real_frame,B,1,355618492783708,0,
3028,355618541590083,355618541590083,355618558117499,355618591449499,355618591475499,355618541616083,26000,1518,1518,355618491591791,355618524927875,355567338640625,1441,generated_frame,G,1,355618526262000,0,
3029,355618558303791,355618558303791,355618574783499,355618608115499,355618608141999,355618558330291,26500,1518,1518,355618524927875,355618524927875,355567338640625,0,real_frame,B,1,355618526262000,0,
3030,355618574933541,355618574933541,355618591449499,355618624781499,355618624808458,355618574960500,26959,1519,1519,355618524927875,355618558303791,355567338640625,1442,generated_frame,G,1,355618559984000,0,
3031,355618591597375,355618591597375,355618608115499,355618641447499,355618641474958,355618591624834,27459,1519,1518,355618524927875,355618524927875,355567338640625,0,real_frame,B,1,355618559984000,0,
3032,355618608249166,355618608249166,355618624781499,355618658113499,355618658141416,355618608277083,27917,1520,1520,355618558303791,355618591597375,355567338640625,1443,generated_frame,G,1,355618593005916,0,
3033,355618624957750,355618624957750,355618641447499,355618674779499,355618674807874,355618624986125,28375,1520,1520,355618591597375,355618591597375,355567338640625,0,real_frame,B,1,355618593005916,0,
3034,355618641523208,355618641523208,355618658113499,355618691445499,355618691474374,355618641552083,28875,1521,1521,355618591597375,355618624957750,355567338640625,1444,generated_frame,G,1,355618626949750,0,
3035,355618658213666,355618658213666,355618674779499,355618708111499,355618708140833,355618658243000,29334,1521,1520,355618591597375,355618591597375,355567338640625,0,real_frame,B,1,355618626949750,0,
3036,355618674873083,355618674873083,355618691445499,355618724777499,355618724807333,355618674902917,29834,1522,1522,355618624957750,355618658213666,355567338640625,1445,generated_frame,G,1,355618659271958,0,
3037,355618691544541,355618691544541,355618708111499,355618741443499,355618741473833,355618691574875,30334,1522,1522,355618658213666,355618658213666,355567338640625,0,real_frame,B,1,355618659271958,0,
3038,355618708225541,355618708225541,355618724777499,355618758109499,355618758140333,355618708256375,30834,1523,1523,355618658213666,355618691544541,355567338640625,1446,generated_frame,G,1,355618692786375,0,
3039,355618724879250,355618724879250,355618741443499,355618774775499,355618774806833,355618724910584,31334,1523,1523,355618691544541,355618691544541,355567338640625,0,real_frame,A,1,355618692786375,0,
3040,355618741557625,355618741557625,355618758109499,355618791441499,355618791473249,355618741589375,31750,1524,1524,355618691544541,355618724879250,355567338640625,1447,generated_frame,G,1,355618726087250,0,
3041,355618758194833,355618758194833,355618774775499,355618808107499,355618808139749,355618758227083,32250,1524,1523,355618691544541,355618691544541,355567338640625,0,real_frame,A,1,355618726087250,0,
3042,355618774894000,355618774894000,355618791441499,355618824773499,355618824806249,355618774926750,32750,1525,1525,355618724879250,355618758194833,355567338640625,1448,generated_frame,G,1,355618759270625,0,
3043,355618791566583,355618791566583,355618808107499,355618841439499,355618841472749,355618791599833,33250,1525,1525,355618758194833,355618758194833,355567338640625,0,real_frame,A,1,355618759270625,0,
3044,355618808243333,355618808243333,355618824773499,355618858105499,355618858139166,355618808277000,33667,1526,1526,355618758194833,355618791566583,355567338640625,1449,generated_frame,G,1,355618792824083,0,
3045,355618824944041,355618824944041,355618841439499,355618874771499,355618874805749,355618824978291,34250,1526,1526,355618791566583,355618791566583,355567338640625,0,real_frame,B,1,355618792824083,0,
3046,355618841584333,355618841584333,355618858105499,355618891437499,355618891472124,355618841618958,34625,1527,1527,355618791566583,355618824944041,355567338640625,1450,generated_frame,G,1,355618826637500,0,
3047,355618858265875,355618858265875,355618874771499,355618908103499,355618908138583,355618858300959,35084,1527,1526,355618791566583,355618791566583,355567338640625,0,real_frame,B,1,355618826637500,0,
3048,355618874912291,355618874912291,355618891437499,355618924769499,355618924805124,355618874947916,35625,1528,1528,355618824944041,355618858265875,355567338640625,1451,generated_frame,G,1,355618859719791,0,
3049,355618891590166,355618891590166,355618908103499,355618941435499,355618941471583,355618891626250,36084,1528,1528,355618858265875,355618858265875,355567338640625,0,real_frame,B,1,355618859719791,0,
3050,355618908244333,355618908244333,355618924769499,355618958101499,355618958138083,355618908280917,36584,1529,1529,355618858265875,355618891590166,355567338640625,1452,generated_frame,G,1,355618892969500,0,
3051,355618924913000,355618924913000,355618941435499,355618974767499,355618974804583,355618924950084,37084,1529,1528,355618858265875,355618858265875,355567338640625,0,real_frame,B,1,355618892969500,0,
3052,355618941647291,355618941647291,355618958101499,355618991433499,355618991471041,355618941684833,37542,1530,1530,355618891590166,355618924913000,355567338640625,1453,generated_frame,G,1,355618926223333,0,
3053,355618958250708,355618958250708,355618974767499,355619008099499,355619008137499,355618958288708,38000,1530,1530,355618924913000,355618924913000,355567338640625,0,real_frame,B,1,355618926223333,0,
3054,355618974878500,355618974878500,355618991433499,355619024765499,355619024803999,355618974917000,38500,1531,1531,355618924913000,355618958250708,355567338640625,1454,generated_frame,G,1,355618960171583,0,
3055,355618991549416,355618991549416,355619008099499,355619041431499,355619041470541,355618991588458,39042,1531,1530,355618924913000,355618924913000,355567338640625,0,real_frame,B,1,355618960171583,0,
3056,355619008198083,355619008198083,355619024765499,355619058097499,355619058136916,355619008237500,39417,1532,1532,355618958250708,355618991549416,355567338640625,1455,generated_frame,G,1,355618992601541,0,
3057,355619024861750,355619024861750,355619041431499,355619074763499,355619074803499,355619024901750,40000,1532,1532,355618991549416,355618991549416,355567338640625,0,real_frame,B,1,355618992601541,0,
3058,355619041531125,355619041531125,355619058097499,355619091429499,355619091469958,355619041571584,40459,1533,1533,355618991549416,355619024861750,355567338640625,1456,generated_frame,G,1,355619025904958,0,
3059,355619058216916,355619058216916,355619074763499,355619108095499,355619108136458,355619058257875,40959,1533,1533,355619024861750,355619024861750,355567338640625,0,real_frame,A,1,355619025904958,0,
3060,355619074887958,355619074887958,355619091429499,355619124761499,355619124802916,355619074929375,41417,1534,1534,355619024861750,355619058216916,355567338640625,1457,generated_frame,G,1,355619059533333,0,
3061,355619091546750,355619091546750,355619108095499,355619141427499,355619141469333,355619091588584,41834,1534,1533,355619024861750,355619024861750,355567338640625,0,real_frame,A,1,355619059533333,0,
3062,355619108209708,355619108209708,355619124761499,355619158093499,355619158135833,355619108252042,42334,1535,1535,355619058216916,355619091546750,355567338640625,1458,generated_frame,G,1,355619092874333,0,
3063,355619124947708,355619124947708,355619141427499,355619174759499,355619174802333,355619124990542,42834,1535,1535,355619091546750,355619091546750,355567338640625,0,real_frame,A,1,355619092874333,0,
3064,355619141565291,355619141565291,355619158093499,355619191425499,355619191468791,355619141608583,43292,1536,1536,355619091546750,355619124947708,355567338640625,1459,generated_frame,G,1,355619126520291,0,
3065,355619158235750,355619158235750,355619174759499,355619208091499,355619208135291,355619158279542,43792,1536,1535,355619091546750,355619091546750,355567338640625,0,real_frame,A,1,355619126520291,0,
3066,355619174940041,355619174940041,355619191425499,355619224757499,355619224801791,355619174984333,44292,1537,1537,355619124947708,355619158235750,355567338640625,1460,generated_frame,G,1,355619159853875,0,
3067,355619191655250,355619191655250,355619208091499,355619241423499,355619241468208,355619191699959,44709,1537,1537,355619158235750,355619158235750,355567338640625,0,real_frame,A,1,355619159853875,0,
3068,355619208174750,355619208174750,355619224757499,355619258089499,355619258134749,355619208220000,45250,1538,1538,355619158235750,355619191655250,355567338640625,1461,generated_frame,G,1,355619193660666,0,
3069,355619224885708,355619224885708,355619241423499,355619274755499,355619274801249,355619224931458,45750,1538,1537,355619158235750,355619158235750,355567338640625,0,real_frame,A,1,355619193660666,0,
3070,355619241544750,355619241544750,355619258089499,355619291421499,355619291467708,355619241590959,46209,1539,1539,355619191655250,355619224885708,355567338640625,1462,generated_frame,G,1,355619226062583,0,
3071,355619258220916,355619258220916,355619274755499,355619308087499,355619308134249,355619258267666,46750,1539,1539,355619224885708,355619224885708,355567338640625,0,real_frame,A,1,355619226062583,0,
3072,355619274884875,355619274884875,355619291421499,355619324753499,355619324800749,355619274932125,47250,1540,1540,355619224885708,355619258220916,355567338640625,1463,generated_frame,G,1,355619259421375,0,
3073,355619291572208,355619291572208,355619308087499,355619341419499,355619341467166,355619291619875,47667,1540,1540,355619258220916,355619258220916,355567338640625,0,real_frame,B,1,355619259421375,0,
3074,355619308191875,355619308191875,355619324753499,355619358085499,355619358133708,355619308240084,48209,1541,1541,355619258220916,355619291572208,355567338640625,1464,generated_frame,G,1,355619293012458,0,
3075,355619324931291,355619324931291,355619341419499,355619374751499,355619374800124,355619324979916,48625,1541,1541,355619291572208,355619291572208,355567338640625,0,real_frame,A,1,355619293012458,0,
3076,355619341563416,355619341563416,355619358085499,355619391417499,355619391466583,355619341612500,49084,1542,1542,355619291572208,355619324931291,355567338640625,1465,generated_frame,G,1,355619326620833,0,
3077,355619358244583,355619358244583,355619374751499,355619408083499,355619408133083,355619358294167,49584,1542,1541,355619291572208,355619291572208,355567338640625,0,real_frame,A,1,355619326620833,0,
3078,355619374888875,355619374888875,355619391417499,355619424749499,355619424799624,355619374939000,50125,1543,1543,355619324931291,355619358244583,355567338640625,1466,generated_frame,G,1,355619359792458,0,
3079,355619391560208,355619391560208,355619408083499,355619441415499,355619441466041,355619391610750,50542,1543,1543,355619358244583,355619358244583,355567338640625,0,real_frame,A,1,355619359792458,0,
3080,355619408229791,355619408229791,355619424749499,355619458081499,355619458132541,355619408280833,51042,1544,1544,355619358244583,355619391560208,355567338640625,1467,generated_frame,G,1,355619393077750,0,
3081,355619424866000,355619424866000,355619441415499,355619474747499,355619474799041,355619424917542,51542,1544,1543,355619358244583,355619358244583,355567338640625,0,real_frame,A,1,355619393077750,0,
3082,355619441541791,355619441541791,355619458081499,355619491413499,355619491465458,355619441593750,51959,1545,1545,355619391560208,355619424866000,355567338640625,1468,generated_frame,G,1,355619426080791,0,
3083,355619458212750,355619458212750,355619474747499,355619508079499,355619508131999,355619458265250,52500,1545,1545,355619424866000,355619424866000,355567338640625,0,real_frame,A,1,355619426080791,0,
3084,355619474856416,355619474856416,355619491413499,355619524745499,355619524798458,355619474909375,52959,1546,1546,355619424866000,355619458212750,355567338640625,1469,generated_frame,G,1,355619459601375,0,
3085,355619491521791,355619491521791,355619508079499,355619541411499,355619541464874,355619491575166,53375,1546,1545,355619424866000,355619424866000,355567338640625,0,real_frame,A,1,355619459601375,0,
3086,355619508186291,355619508186291,355619524745499,355619558077499,355619558131416,355619508240208,53917,1547,1547,355619458212750,355619491521791,355567338640625,1470,generated_frame,G,1,355619492714416,0,
3087,355619524875500,355619524875500,355619541411499,355619574743499,355619574797833,355619524929834,54334,1547,1547,355619491521791,355619491521791,355567338640625,0,real_frame,A,1,355619492714416,0,
3088,355619541524083,355619541524083,355619558077499,355619591409499,355619591464374,355619541578958,54875,1548,1548,355619491521791,355619524875500,355567338640625,1471,generated_frame,G,1,355619526047541,0,
3089,355619558196208,355619558196208,355619574743499,355619608075499,355619608130833,355619558251542,55334,1548,1547,355619491521791,355619491521791,355567338640625,0,real_frame,A,1,355619526047541,0,
3090,355619574858750,355619574858750,355619591409499,355619624741499,355619624797333,355619574914584,55834,1549,1549,355619524875500,355619558196208,355567338640625,1472,generated_frame,G,1,355619559385375,0,
3091,355619591482500,355619591482500,355619608075499,355619641407499,355619641463874,355619591538875,56375,1549,1548,355619524875500,355619524875500,355567338640625,0,real_frame,B,1,355619559385375,0,
3092,355619608185291,355619608185291,355619624741499,355619658073499,355619658130291,355619608242083,56792,1550,1550,355619558196208,355619591482500,355567338640625,1473,generated_frame,G,1,355619592574958,0,
3093,355619624854375,355619624854375,355619641407499,355619674739499,355619674796791,355619624911667,57292,1550,1550,355619591482500,355619591482500,355567338640625,0,real_frame,B,1,355619592574958,0,
3094,355619641548625,355619641548625,355619658073499,355619691405499,355619691463291,355619641606417,57792,1551,1551,355619591482500,355619624854375,355567338640625,1474,generated_frame,G,1,355619625988666,0,
3095,355619658191458,355619658191458,355619674739499,355619708071499,355619708129749,355619658249708,58250,1551,1550,355619591482500,355619591482500,355567338640625,0,real_frame,B,1,355619625988666,0,
3096,355619674845083,355619674845083,355619691405499,355619724737499,355619724796208,355619674903792,58709,1552,1552,355619624854375,355619658191458,355567338640625,1475,generated_frame,G,1,355619659414208,0,
3097,355619691532583,355619691532583,355619708071499,355619741403499,355619741462666,355619691591750,59167,1552,1552,355619658191458,355619658191458,355567338640625,0,real_frame,B,1,355619659414208,0,
3098,355619708196375,355619708196375,355619724737499,355619758069499,355619758129166,355619708256042,59667,1553,1553,355619658191458,355619691532583,355567338640625,1476,generated_frame,G,1,355619692916958,0,
3099,355619724863708,355619724863708,355619741403499,355619774735499,355619774795666,355619724923875,60167,1553,1552,355619658191458,355619658191458,355567338640625,0,real_frame,B,1,355619692916958,0,
3100,355619741551500,355619741551500,355619758069499,355619791401499,355619791462124,355619741612125,60625,1554,1554,355619691532583,355619724863708,355567338640625,1477,generated_frame,G,1,355619726321375,0,
3101,355619758207125,355619758207125,355619774735499,355619808067499,355619808128624,355619758268250,61125,1554,1554,355619724863708,355619724863708,355567338640625,0,real_frame,B,1,355619726321375,0,
3102,355619774889583,355619774889583,355619791401499,355619824733499,355619824795083,355619774951167,61584,1555,1555,355619724863708,355619758207125,355567338640625,1478,generated_frame,G,1,355619759599166,0,
3103,355619791561125,355619791561125,355619808067499,355619841399499,355619841461583,355619791623209,62084,1555,1555,355619758207125,355619758207125,355567338640625,0,real_frame,A,1,355619759599166,0,
3104,355619808235958,355619808235958,355619824733499,355619858065499,355619858127999,355619808298458,62500,1556,1556,355619758207125,355619791561125,355567338640625,1479,generated_frame,G,1,355619793305833,0,
3105,355619824868458,355619824868458,355619841399499,355619874731499,355619874794541,355619824931500,63042,1556,1555,355619758207125,355619758207125,355567338640625,0,real_frame,A,1,355619793305833,0,
3106,355619841527750,355619841527750,355619858065499,355619891397499,355619891460999,355619841591250,63500,1557,1557,355619791561125,355619824868458,355567338640625,1480,generated_frame,G,1,355619826169916,0,
3107,355619858185125,355619858185125,355619874731499,355619908063499,355619908127541,355619858249167,64042,1557,1557,355619824868458,355619824868458,355567338640625,0,real_frame,A,1,355619826169916,0,
3108,355619874846666,355619874846666,355619891397499,355619924729499,355619924794041,355619874911208,64542,1558,1558,355619824868458,355619858185125,355567338640625,1481,generated_frame,G,1,355619859611125,0,
3109,355619891537791,355619891537791,355619908063499,355619941395499,355619941460458,355619891602750,64959,1558,1558,355619858185125,355619858185125,355567338640625,0,real_frame,B,1,355619859611125,0,
3110,355619908189000,355619908189000,355619924729499,355619958061499,355619958126958,355619908254459,65459,1559,1559,355619858185125,355619891537791,355567338640625,1482,generated_frame,G,1,355619892874500,0,
3111,355619924858458,355619924858458,355619941395499,355619974727499,355619974793374,355619924924333,65875,1559,1558,355619858185125,355619858185125,355567338640625,0,real_frame,B,1,355619892874500,0,
3112,355619941552875,355619941552875,355619958061499,355619991393499,355619991459916,355619941619292,66417,1560,1560,355619891537791,355619924858458,355567338640625,1483,generated_frame,G,1,355619926188916,0,
3113,355619958260375,355619958260375,355619974727499,355620008059499,355620008126374,355619958327250,66875,1560,1560,355619924858458,355619924858458,355567338640625,0,real_frame,B,1,355619926188916,0,
3114,355619974974500,355619974974500,355619991393499,355620024725499,355620024792874,355619975041875,67375,1561,1561,355619924858458,355619958260375,355567338640625,1484,generated_frame,G,1,355619960745666,0,
3115,355619991629750,355619991629750,355620008059499,355620041391499,355620041459333,355619991697584,67834,1561,1560,355619924858458,355619924858458,355567338640625,0,real_frame,B,1,355619960745666,0,
3116,355620008121541,355620008121541,355620024725499,355620058057499,355620058125874,355620008189916,68375,1562,1562,355619958260375,355619991629750,355567338640625,1485,generated_frame,G,1,355619996173958,0,
3117,355620024809250,355620024809250,355620041391499,355620074723499,355620074792333,355620024878084,68834,1562,1561,355619958260375,355619958260375,355567338640625,0,real_frame,A,1,355619996173958,0,
3118,355620041519625,355620041519625,355620058057499,355620091389499,355620091458749,355620041588875,69250,1563,1563,355619991629750,355620024809250,355567338640625,1486,generated_frame,G,1,355620025747916,0,
3119,355620058180958,355620058180958,355620074723499,355620108055499,355620108125333,355620058250792,69834,1563,1563,355620024809250,355620024809250,355567338640625,0,real_frame,A,1,355620025747916,0,
3120,355620074855666,355620074855666,355620091389499,355620124721499,355620124791791,355620074925958,70292,1564,1564,355620024809250,355620058180958,355567338640625,1487,generated_frame,G,1,355620059421250,0,
3121,355620091503375,355620091503375,355620108055499,355620141387499,355620141458291,355620091574167,70792,1564,1563,355620024809250,355620024809250,355567338640625,0,real_frame,A,1,355620059421250,0,
3122,355620108174333,355620108174333,355620124721499,355620158053499,355620158124749,355620108245583,71250,1565,1565,355620058180958,355620091503375,355567338640625,1488,generated_frame,G,1,355620092609916,0,
3123,355620124848000,355620124848000,355620141387499,355620174719499,355620174791249,355620124919750,71750,1565,1565,355620091503375,355620091503375,355567338640625,0,real_frame,A,1,355620092609916,0,
3124,355620141495541,355620141495541,355620158053499,355620191385499,355620191457708,355620141567750,72209,1566,1566,355620091503375,355620124848000,355567338640625,1489,generated_frame,G,1,355620126056125,0,
3125,355620158175375,355620158175375,355620174719499,355620208051499,355620208124124,355620158248000,72625,1566,1565,355620091503375,355620091503375,355567338640625,0,real_frame,A,1,355620126056125,0,
3126,355620174828750,355620174828750,355620191385499,355620224717499,355620224790708,355620174901959,73209,1567,1567,355620124848000,355620158175375,355567338640625,1490,generated_frame,G,1,355620159298666,0,
3127,355620191486583,355620191486583,355620208051499,355620241383499,355620241457083,355620191560167,73584,1567,1566,355620124848000,355620124848000,355567338640625,0,real_frame,B,1,355620159298666,0,
3128,355620208149833,355620208149833,355620224717499,355620258049499,355620258123666,355620208224000,74167,1568,1568,355620158175375,355620191486583,355567338640625,1491,generated_frame,G,1,355620192521375,0,
3129,355620224861625,355620224861625,355620241383499,355620274715499,355620274790124,355620224936250,74625,1568,1568,355620191486583,355620191486583,355567338640625,0,real_frame,B,1,355620192521375,0,
3130,355620241529291,355620241529291,355620258049499,355620291381499,355620291456499,355620241604291,75000,1569,1569,355620191486583,355620224861625,355567338640625,1492,generated_frame,G,1,355620226069583,0,
3131,355620258168833,355620258168833,355620274715499,355620308047499,355620308123041,355620258244375,75542,1569,1568,355620191486583,355620191486583,355567338640625,0,real_frame,B,1,355620226069583,0,
3132,355620274819000,355620274819000,355620291381499,355620324713499,355620324789499,355620274895000,76000,1570,1570,355620224861625,355620258168833,355567338640625,1493,generated_frame,G,1,355620259139166,0,
3133,355620291483041,355620291483041,355620308047499,355620341379499,355620341456083,355620291559625,76584,1570,1570,355620258168833,355620258168833,355567338640625,0,real_frame,B,1,355620259139166,0,
3134,355620308176166,355620308176166,355620324713499,355620358045499,355620358122499,355620308253166,77000,1571,1571,355620258168833,355620291483041,355567338640625,1494,generated_frame,G,1,355620292545041,0,
3135,355620324822666,355620324822666,355620341379499,355620374711499,355620374789041,355620324900208,77542,1571,1571,355620291483041,355620291483041,355567338640625,0,real_frame,A,1,355620292545041,0,
3136,355620341479625,355620341479625,355620358045499,355620391377499,355620391455458,355620341557584,77959,1572,1572,355620291483041,355620324822666,355567338640625,1495,generated_frame,G,1,355620325889708,0,
3137,355620358151208,355620358151208,355620374711499,355620408043499,355620408121874,355620358229583,78375,1572,1571,355620291483041,355620291483041,355567338640625,0,real_frame,A,1,355620325889708,0,
3138,355620374845708,355620374845708,355620391377499,355620424709499,355620424788416,355620374924625,78917,1573,1573,355620324822666,355620358151208,355567338640625,1496,generated_frame,G,1,355620359126333,0,
3139,355620391498166,355620391498166,355620408043499,355620441375499,355620441454916,355620391577583,79417,1573,1573,355620358151208,355620358151208,355567338640625,0,real_frame,A,1,355620359126333,0,
3140,355620408146166,355620408146166,355620424709499,355620458041499,355620458121374,355620408226041,79875,1574,1574,355620358151208,355620391498166,355567338640625,1497,generated_frame,G,1,355620392689416,0,
3141,355620424846916,355620424846916,355620441375499,355620474707499,355620474787916,355620424927333,80417,1574,1574,355620391498166,355620391498166,355567338640625,0,real_frame,B,1,355620392689416,0,
3142,355620441497958,355620441497958,355620458041499,355620491373499,355620491454333,355620441578792,80834,1575,1575,355620391498166,355620424846916,355567338640625,1498,generated_frame,G,1,355620426052208,0,
3143,355620458169958,355620458169958,355620474707499,355620508039499,355620508120874,355620458251333,81375,1575,1574,355620391498166,355620391498166,355567338640625,0,real_frame,B,1,355620426052208,0,
3144,355620474830750,355620474830750,355620491373499,355620524705499,355620524787291,355620474912542,81792,1576,1576,355620424846916,355620458169958,355567338640625,1499,generated_frame,G,1,355620459422958,0,
3145,355620491495333,355620491495333,355620508039499,355620541371499,355620541453791,355620491577625,82292,1576,1576,355620458169958,355620458169958,355567338640625,0,real_frame,B,1,355620459422958,0,
3146,355620508189083,355620508189083,355620524705499,355620558037499,355620558120291,355620508271875,82792,1577,1577,355620458169958,355620491495333,355567338640625,1500,generated_frame,G,1,355620492937041,0,
3147,355620524829333,355620524829333,355620541371499,355620574703499,355620574786791,355620524912625,83292,1577,1577,355620491495333,355620491495333,355567338640625,0,real_frame,A,1,355620492937041,0,
3148,355620541485000,355620541485000,355620558037499,355620591369499,355620591453208,355620541568709,83709,1578,1578,355620491495333,355620524829333,355567338640625,1501,generated_frame,G,1,355620526023791,0,
3149,355620558151291,355620558151291,355620574703499,355620608035499,355620608119708,355620558235500,84209,1578,1577,355620491495333,355620491495333,355567338640625,0,real_frame,A,1,355620526023791,0,
3150,355620574823083,355620574823083,355620591369499,355620624701499,355620624786208,355620574907792,84709,1579,1579,355620524829333,355620558151291,355567338640625,1502,generated_frame,G,1,355620559288666,0,
3151,355620591489291,355620591489291,355620608035499,355620641367499,355620641452666,355620591574458,85167,1579,1579,355620558151291,355620558151291,355567338640625,0,real_frame,A,1,355620559288666,0,
3152,355620608146750,355620608146750,355620624701499,355620658033499,355620658119124,355620608232375,85625,1580,1580,355620558151291,355620591489291,355567338640625,1503,generated_frame,G,1,355620592892791,0,
3153,355620624834458,355620624834458,355620641367499,355620674699499,355620674785666,355620624920625,86167,1580,1580,355620591489291,355620591489291,355567338640625,0,real_frame,B,1,355620592892791,0,
3154,355620641452791,355620641452791,355620658033499,355620691365499,355620691452166,355620641539458,86667,1581,1581,355620591489291,355620624834458,355567338640625,1504,generated_frame,G,1,355620626004208,0,
3155,355620658151416,355620658151416,355620674699499,355620708031499,355620708118624,355620658238541,87125,1581,1580,355620591489291,355620591489291,355567338640625,0,real_frame,B,1,355620626004208,0,
3156,355620674801958,355620674801958,355620691365499,355620724697499,355620724785041,355620674889500,87542,1582,1582,355620624834458,355620658151416,355567338640625,1505,generated_frame,G,1,355620659206458,0,
3157,355620691481458,355620691481458,355620708031499,355620741363499,355620741451583,355620691569542,88084,1582,1582,355620658151416,355620658151416,355567338640625,0,real_frame,B,1,355620659206458,0,
3158,355620708140291,355620708140291,355620724697499,355620758029499,355620758117999,355620708228791,88500,1583,1583,355620658151416,355620691481458,355567338640625,1506,generated_frame,G,1,355620692585791,0,
3159,355620724812000,355620724812000,355620741363499,355620774695499,355620774784499,355620724901000,89000,1583,1583,355620691481458,355620691481458,355567338640625,0,real_frame,A,1,355620692585791,0,
3160,355620741480375,355620741480375,355620758029499,355620791361499,355620791450958,355620741569834,89459,1584,1584,355620691481458,355620724812000,355567338640625,1507,generated_frame,G,1,355620726169000,0,
3161,355620758157916,355620758157916,355620774695499,355620808027499,355620808117499,355620758247916,90000,1584,1584,355620724812000,355620724812000,355567338640625,0,real_frame,B,1,355620726169000,0,
3162,355620774867708,355620774867708,355620791361499,355620824693499,355620824783958,355620774958167,90459,1585,1585,355620724812000,355620758157916,355567338640625,1508,generated_frame,G,1,355620759463666,0,
3163,355620791498291,355620791498291,355620808027499,355620841359499,355620841450374,355620791589166,90875,1585,1584,355620724812000,355620724812000,355567338640625,0,real_frame,B,1,355620759463666,0,
3164,355620808888208,355620808888208,355620824693499,355620858025499,355620858116958,355620808979667,91459,1586,1586,355620758157916,355620791498291,355567338640625,1509,generated_frame,G,1,355620792915166,0,
3165,355620824737500,355620824737500,355620841359499,355620874691499,355620874783416,355620824829417,91917,1586,1585,355620758157916,355620758157916,355567338640625,0,real_frame,A,1,355620792915166,0,
3166,355620841437250,355620841437250,355620858025499,355620891357499,355620891449874,355620841529625,92375,1587,1587,355620791498291,355620824737500,355567338640625,1510,generated_frame,G,1,355620825639250,0,
3167,355620858130708,355620858130708,355620874691499,355620908023499,355620908116374,355620858223583,92875,1587,1587,355620824737500,355620824737500,355567338640625,0,real_frame,A,1,355620825639250,0,
3168,355620874816708,355620874816708,355620891357499,355620924689499,355620924782916,355620874910125,93417,1588,1588,355620824737500,355620858130708,355567338640625,1511,generated_frame,G,1,355620859300583,0,
3169,355620891489875,355620891489875,355620908023499,355620941355499,355620941449374,355620891583750,93875,1588,1587,355620824737500,355620824737500,355567338640625,0,real_frame,A,1,355620859300583,0,
3170,355620908163833,355620908163833,355620924689499,355620958021499,355620958115791,355620908258125,94292,1589,1589,355620858130708,355620891489875,355567338640625,1512,generated_frame,G,1,355620892933708,0,
3171,355620924822875,355620924822875,355620941355499,355620974687499,355620974782291,355620924917667,94792,1589,1588,355620858130708,355620858130708,355567338640625,0,real_frame,B,1,355620892933708,0,
3172,355620941487208,355620941487208,355620958021499,355620991353499,355620991448749,355620941582458,95250,1590,1590,355620891489875,355620924822875,355567338640625,1513,generated_frame,G,1,355620926171875,0,
3173,355620958149750,355620958149750,355620974687499,355621008019499,355621008115333,355620958245584,95834,1590,1589,355620891489875,355620891489875,355567338640625,0,real_frame,A,1,355620926171875,0,
3174,355620974860416,355620974860416,355620991353499,355621024685499,355621024781749,355620974956666,96250,1591,1591,355620924822875,355620958149750,355567338640625,1514,generated_frame,G,1,355620959549916,0,
3175,355620991538916,355620991538916,355621008019499,355621041351499,355621041448208,355620991635625,96709,1591,1591,355620958149750,355620958149750,355567338640625,0,real_frame,A,1,355620959549916,0,
3176,355621008146333,355621008146333,355621024685499,355621058017499,355621058114708,355621008243542,97209,1592,1592,355620958149750,355620991538916,355567338640625,1515,generated_frame,G,1,355620993653750,0,
3177,355621024796916,355621024796916,355621041351499,355621074683499,355621074781166,355621024894583,97667,1592,1591,355620958149750,355620958149750,355567338640625,0,real_frame,A,1,355620993653750,0,
3178,355621041459000,355621041459000,355621058017499,355621091349499,355621091447624,355621041557125,98125,1593,1593,355620991538916,355621024796916,355567338640625,1516,generated_frame,G,1,355621025977041,0,
3179,355621058139791,355621058139791,355621074683499,355621108015499,355621108114166,355621058238458,98667,1593,1593,355621024796916,355621024796916,355567338640625,0,real_frame,A,1,355621025977041,0,
3180,355621074824708,355621074824708,355621091349499,355621124681499,355621124780666,355621074923875,99167,1594,1594,355621024796916,355621058139791,355567338640625,1517,generated_frame,G,1,355621059460166,0,
3181,355621091499250,355621091499250,355621108015499,355621141347499,355621141447124,355621091598875,99625,1594,1594,355621058139791,355621058139791,355567338640625,0,real_frame,B,1,355621059460166,0,
3182,355621108152333,355621108152333,355621124681499,355621158013499,355621158113583,355621108252417,100084,1595,1595,355621058139791,355621091499250,355567338640625,1518,generated_frame,G,1,355621092917208,0,
3183,355621124823666,355621124823666,355621141347499,355621174679499,355621174780083,355621124924250,100584,1595,1594,355621058139791,355621058139791,355567338640625,0,real_frame,B,1,355621092917208,0,
3184,355621141484041,355621141484041,355621158013499,355621191345499,355621191446583,355621141585125,101084,1596,1596,355621091499250,355621124823666,355567338640625,1519,generated_frame,G,1,355621126277750,0,
3185,355621158187041,355621158187041,355621174679499,355621208011499,355621208112999,355621158288541,101500,1596,1596,355621124823666,355621124823666,355567338640625,0,real_frame,B,1,355621126277750,0,
3186,355621174895083,355621174895083,355621191345499,355621224677499,355621224779499,355621174997083,102000,1597,1597,355621124823666,355621158187041,355567338640625,1520,generated_frame,G,1,355621160056708,0,
3187,355621191474291,355621191474291,355621208011499,355621241343499,355621241445999,355621191576791,102500,1597,1596,355621124823666,355621124823666,355567338640625,0,real_frame,B,1,355621160056708,0,
3188,355621208119916,355621208119916,355621224677499,355621258009499,355621258112499,355621208222916,103000,1598,1598,355621158187041,355621191474291,355567338640625,1521,generated_frame,G,1,355621192644416,0,
3189,355621224776958,355621224776958,355621241343499,355621274675499,355621274778916,355621224880375,103417,1598,1598,355621191474291,355621191474291,355567338640625,0,real_frame,B,1,355621192644416,0,
3190,355621241461041,355621241461041,355621258009499,355621291341499,355621291445416,355621241564958,103917,1599,1599,355621191474291,355621224776958,355567338640625,1522,generated_frame,G,1,355621225939666,0,
3191,355621258147833,355621258147833,355621274675499,355621308007499,355621308111916,355621258252250,104417,1599,1599,355621224776958,355621224776958,355567338640625,0,real_frame,A,1,355621225939666,0,
3192,355621274782333,355621274782333,355621291341499,355621324673499,355621324778374,355621274887208,104875,1600,1600,355621224776958,355621258147833,355567338640625,1523,generated_frame,G,1,355621259481958,0,
3193,355621291501208,355621291501208,355621308007499,355621341339499,355621341444874,355621291606583,105375,1600,1599,355621224776958,355621224776958,355567338640625,0,real_frame,A,1,355621259481958,0,
3194,355621308246500,355621308246500,355621324673499,355621358005499,355621358111374,355621308352375,105875,1601,1601,355621258147833,355621291501208,355567338640625,1524,generated_frame,G,1,355621292445583,0,
3195,355621324711041,355621324711041,355621341339499,355621374671499,355621374777874,355621324817416,106375,1601,1600,355621258147833,355621258147833,355567338640625,0,real_frame,B,1,355621292445583,0,
3196,355621341405083,355621341405083,355621358005499,355621391337499,355621391444333,355621341511917,106834,1602,1602,355621291501208,355621324711041,355567338640625,1525,generated_frame,G,1,355621325553583,0,
3197,355621358107708,355621358107708,355621374671499,355621408003499,355621408110791,355621358215000,107292,1602,1602,355621324711041,355621324711041,355567338640625,0,real_frame,B,1,355621325553583,0,
3198,355621374780416,355621374780416,355621391337499,355621424669499,355621424777333,355621374888250,107834,1603,1603,355621324711041,355621358107708,355567338640625,1526,generated_frame,G,1,355621359030000,0,
3199,355621391467125,355621391467125,355621408003499,355621441335499,355621441443833,355621391575459,108334,1603,1602,355621324711041,355621324711041,355567338640625,0,real_frame,B,1,355621359030000,0,
3200,355621408107416,355621408107416,355621424669499,355621458001499,355621458110249,355621408216166,108750,1604,1604,355621358107708,355621391467125,355567338640625,1527,generated_frame,G,1,355621392692583,0,
3201,355621424825125,355621424825125,355621441335499,355621474667499,355621474776708,355621424934334,109209,1604,1603,355621358107708,355621358107708,355567338640625,0,real_frame,A,1,355621392692583,0,
3202,355621441472875,355621441472875,355621458001499,355621491333499,355621491443249,355621441582625,109750,1605,1605,355621391467125,355621424825125,355567338640625,1528,generated_frame,G,1,355621426320833,0,
3203,355621458158833,355621458158833,355621474667499,355621507999499,355621508109708,355621458269042,110209,1605,1604,355621391467125,355621391467125,355567338640625,0,real_frame,B,1,355621426320833,0,
3204,355621474820250,355621474820250,355621491333499,355621524665499,355621524776166,355621474930917,110667,1606,1606,355621424825125,355621458158833,355567338640625,1529,generated_frame,G,1,355621459619291,0,
3205,355621491473666,355621491473666,355621507999499,355621541331499,355621541442624,355621491584791,111125,1606,1605,355621424825125,355621424825125,355567338640625,0,real_frame,A,1,355621459619291,0,
3206,355621508149208,355621508149208,355621524665499,355621557997499,355621558109166,355621508260875,111667,1607,1607,355621458158833,355621491473666,355567338640625,1530,generated_frame,G,1,355621492986875,0,
3207,355621524811750,355621524811750,355621541331499,355621574663499,355621574775583,355621524923834,112084,1607,1607,355621491473666,355621491473666,355567338640625,0,real_frame,A,1,355621492986875,0,
3208,355621548673125,355621548673125,355621557997499,355621591329499,355621591442083,355621548785709,112584,1608,1608,355621491473666,355621524811750,355567338640625,1531,generated_frame,G,1,355621526464250,0,
3209,355621558049791,355621558049791,355621574663499,355621607995499,355621608108624,355621558162916,113125,1609,1609,355621524811750,355621548673125,355567338640625,1532,generated_frame,G,1,355621550156083,0,
3210,355621574846791,355621574846791,355621591440624,355621624772624,355621624775083,355621574849250,2459,1609,1609,355621548673125,355621548673125,355567338640625,0,real_frame,A,1,355621550156083,0,
3211,355621591508250,355621591508250,355621608106624,355621641438624,355621641441541,355621591511167,2917,1609,1609,355621548673125,355621548673125,355567338640625,0,real_frame,A,1,355621550156083,0,
3212,355621608201750,355621608201750,355621624772624,355621658104624,355621658108041,355621608205167,3417,1610,1610,355621548673125,355621591508250,355567338640625,1533,generated_frame,G,1,355621592441166,0,
3213,355621624868541,355621624868541,355621641438624,355621674770624,355621674774541,355621624872458,3917,1610,1609,355621548673125,355621548673125,355567338640625,0,real_frame,A,1,355621592441166,0,
3214,355621641529958,355621641529958,355621658104624,355621691436624,355621691440958,355621641534292,4334,1611,1611,355621591508250,355621624868541,355567338640625,1534,generated_frame,G,1,355621626279833,0,
3215,355621658215625,355621658215625,355621674770624,355621708102624,355621708107458,355621658220459,4834,1611,1610,355621591508250,355621591508250,355567338640625,0,real_frame,B,1,355621626279833,0,
3216,355621674870666,355621674870666,355621691436624,355621724768624,355621724773958,355621674876000,5334,1612,1612,355621624868541,355621658215625,355567338640625,1535,generated_frame,G,1,355621659611250,0,
3217,355621691545958,355621691545958,355621708102624,355621741434624,355621741440458,355621691551792,5834,1612,1611,355621624868541,355621624868541,355567338640625,0,real_frame,A,1,355621659611250,0,
3218,355621708271625,355621708271625,355621724768624,355621758100624,355621758106916,355621708277917,6292,1613,1613,355621658215625,355621691545958,355567338640625,1536,generated_frame,G,1,355621692931541,0,
3219,355621724936458,355621724936458,355621741434624,355621774766624,355621774773374,355621724943208,6750,1613,1613,355621691545958,355621691545958,355567338640625,0,real_frame,A,1,355621692931541,0,
3220,355621741669291,355621741669291,355621758100624,355621791432624,355621791439874,355621741676541,7250,1614,1614,355621691545958,355621724936458,355567338640625,1537,generated_frame,G,1,355621726727000,0,
3221,355621758325375,355621758325375,355621774766624,355621808098624,355621808106333,355621758333084,7709,1614,1613,355621691545958,355621691545958,355567338640625,0,real_frame,A,1,355621726727000,0,
3222,355621774961708,355621774961708,355621791432624,355621824764624,355621824772791,355621774969875,8167,1615,1615,355621724936458,355621758325375,355567338640625,1538,generated_frame,G,1,355621760148291,0,
3223,355621791498958,355621791498958,355621808098624,355621841430624,355621841439374,355621791507708,8750,1615,1614,355621724936458,355621724936458,355567338640625,0,real_frame,B,1,355621760148291,0,
3224,355621808215250,355621808215250,355621824764624,355621858096624,355621858105791,355621808224417,9167,1616,1616,355621758325375,355621791498958,355567338640625,1539,generated_frame,G,1,355621792360916,0,
3225,355621824898166,355621824898166,355621841430624,355621874762624,355621874772333,355621824907875,9709,1616,1616,355621791498958,355621791498958,355567338640625,0,real_frame,B,1,355621792360916,0,
3226,355621841564916,355621841564916,355621858096624,355621891428624,355621891438749,355621841575041,10125,1617,1617,355621791498958,355621824898166,355567338640625,1540,generated_frame,G,1,355621826318458,0,
3227,355621858224333,355621858224333,355621874762624,355621908094624,355621908105208,355621858234917,10584,1617,1616,355621791498958,355621791498958,355567338640625,0,real_frame,B,1,355621826318458,0,
3228,355621874883833,355621874883833,355621891428624,355621924760624,355621924771708,355621874894917,11084,1618,1618,355621824898166,355621858224333,355567338640625,1541,generated_frame,G,1,355621859668083,0,
3229,355621891550708,355621891550708,355621908094624,355621941426624,355621941438208,355621891562292,11584,1618,1618,355621858224333,355621858224333,355567338640625,0,real_frame,B,1,355621859668083,0,
3230,355621908321041,355621908321041,355621924760624,355621958092624,355621958104666,355621908333083,12042,1619,1619,355621858224333,355621891550708,355567338640625,1542,generated_frame,G,1,355621892981750,0,
3231,355621924871333,355621924871333,355621941426624,355621974758624,355621974771249,355621924883958,12625,1619,1618,355621858224333,355621858224333,355567338640625,0,real_frame,B,1,355621892981750,0,
3232,355621941566500,355621941566500,355621958092624,355621991424624,355621991437666,355621941579542,13042,1620,1620,355621891550708,355621924871333,355567338640625,1543,generated_frame,G,1,355621926320375,0,
3233,355621958246291,355621958246291,355621974758624,355622008090624,355622008104083,355621958259750,13459,1620,1620,355621924871333,355621924871333,355567338640625,0,real_frame,B,1,355621926320375,0,
3234,355621974930166,355621974930166,355621991424624,355622024756624,355622024770583,355621974944125,13959,1621,1621,355621924871333,355621958246291,355567338640625,1544,generated_frame,G,1,355621959583250,0,
3235,355621991484166,355621991484166,355622008090624,355622041422624,355622041437124,355621991498666,14500,1621,1620,355621924871333,355621924871333,355567338640625,0,real_frame,B,1,355621959583250,0,
3236,355622008159208,355622008159208,355622024756624,355622058088624,355622058103583,355622008174167,14959,1622,1622,355621958246291,355621991484166,355567338640625,1545,generated_frame,G,1,355621992809250,0,
3237,355622024840166,355622024840166,355622041422624,355622074754624,355622074770041,355622024855583,15417,1622,1622,355621991484166,355621991484166,355567338640625,0,real_frame,B,1,355621992809250,0,
3238,355622041546916,355622041546916,355622058088624,355622091420624,355622091436499,355622041562791,15875,1623,1623,355621991484166,355622024840166,355567338640625,1546,generated_frame,G,1,355622025798333,0,
3239,355622058192666,355622058192666,355622074754624,355622108086624,355622108103083,355622058209125,16459,1623,1622,355621991484166,355621991484166,355567338640625,0,real_frame,B,1,355622025798333,0,
3240,355622074858541,355622074858541,355622091420624,355622124752624,355622124769499,355622074875416,16875,1624,1624,355622024840166,355622058192666,355567338640625,1547,generated_frame,G,1,355622059415166,0,
3241,355622091515458,355622091515458,355622108086624,355622141418624,355622141435916,355622091532750,17292,1624,1623,355622024840166,355622024840166,355567338640625,0,real_frame,A,1,355622059415166,0,
3242,355622108194291,355622108194291,355622124752624,355622158084624,355622158102458,355622108212125,17834,1625,1625,355622058192666,355622091515458,355567338640625,1548,generated_frame,G,1,355622092829666,0,
3243,355622124866166,355622124866166,355622141418624,355622174750624,355622174768916,355622124884458,18292,1625,1625,355622091515458,355622091515458,355567338640625,0,real_frame,A,1,355622092829666,0,
3244,355622141550916,355622141550916,355622158084624,355622191416624,355622191435458,355622141569750,18834,1626,1626,355622091515458,355622124866166,355567338640625,1549,generated_frame,G,1,355622126225958,0,
3245,355622158245875,355622158245875,355622174750624,355622208082624,355622208101874,355622158265125,19250,1626,1626,355622124866166,355622124866166,355567338640625,0,real_frame,B,1,355622126225958,0,
3246,355622174937958,355622174937958,355622191416624,355622224748624,355622224768416,355622174957750,19792,1627,1627,355622124866166,355622158245875,355567338640625,1550,generated_frame,G,1,355622160065416,0,
3247,355622191506916,355622191506916,355622208082624,355622241414624,355622241434833,355622191527125,20209,1627,1626,355622124866166,355622124866166,355567338640625,0,real_frame,B,1,355622160065416,0,
3248,355622208124541,355622208124541,355622224748624,355622258080624,355622258101291,355622208145208,20667,1628,1628,355622158245875,355622191506916,355567338640625,1551,generated_frame,G,1,355622193721708,0,
3249,355622224848250,355622224848250,355622241414624,355622274746624,355622274767874,355622224869500,21250,1628,1628,355622191506916,355622191506916,355567338640625,0,real_frame,B,1,355622193721708,0,
3250,355622241500708,355622241500708,355622258080624,355622291412624,355622291434291,355622241522375,21667,1629,1629,355622191506916,355622224848250,355567338640625,1552,generated_frame,G,1,355622225828958,0,
3251,355622258167125,355622258167125,355622274746624,355622308078624,355622308100833,355622258189334,22209,1629,1628,355622191506916,355622191506916,355567338640625,0,real_frame,B,1,355622225828958,0,
3252,355622274838916,355622274838916,355622291412624,355622324744624,355622324767291,355622274861583,22667,1630,1630,355622224848250,355622258167125,355567338640625,1553,generated_frame,G,1,355622259173875,0,
3253,355622291524500,355622291524500,355622308078624,355622341410624,355622341433749,355622291547625,23125,1630,1630,355622258167125,355622258167125,355567338640625,0,real_frame,B,1,355622259173875,0,
3254,355622308173625,355622308173625,355622324744624,355622358076624,355622358100249,355622308197250,23625,1631,1631,355622258167125,355622291524500,355567338640625,1554,generated_frame,G,1,355622292681625,0,
3255,355622324884375,355622324884375,355622341410624,355622374742624,355622374766708,355622324908459,24084,1631,1631,355622291524500,355622291524500,355567338640625,0,real_frame,A,1,355622292681625,0,
3256,355622341508916,355622341508916,355622358076624,355622391408624,355622391433208,355622341533500,24584,1632,1632,355622291524500,355622324884375,355567338640625,1555,generated_frame,G,1,355622326322000,0,
3257,355622358179541,355622358179541,355622374742624,355622408074624,355622408099708,355622358204625,25084,1632,1631,355622291524500,355622291524500,355567338640625,0,real_frame,A,1,355622326322000,0,
3258,355622374855291,355622374855291,355622391408624,355622424740624,355622424766166,355622374880833,25542,1633,1633,355622324884375,355622358179541,355567338640625,1556,generated_frame,G,1,355622359442458,0,
3259,355622391537458,355622391537458,355622408074624,355622441406624,355622441432666,355622391563500,26042,1633,1633,355622358179541,355622358179541,355567338640625,0,real_frame,A,1,355622359442458,0,
3260,355622408238541,355622408238541,355622424740624,355622458072624,355622458099124,355622408265041,26500,1634,1634,355622358179541,355622391537458,355567338640625,1557,generated_frame,G,1,355622392966458,0,
3261,355622424883166,355622424883166,355622441406624,355622474738624,355622474765624,355622424910166,27000,1634,1633,355622358179541,355622358179541,355567338640625,0,real_frame,A,1,355622392966458,0,
3262,355622441512833,355622441512833,355622458072624,355622491404624,355622491432083,355622441540292,27459,1635,1635,355622391537458,355622424883166,355567338640625,1558,generated_frame,G,1,355622426287666,0,
3263,355622458180750,355622458180750,355622474738624,355622508070624,355622508098541,355622458208667,27917,1635,1634,355622391537458,355622391537458,355567338640625,0,real_frame,B,1,355622426287666,0,
3264,355622474837500,355622474837500,355622491404624,355622524736624,355622524765083,355622474865959,28459,1636,1636,355622424883166,355622458180750,355567338640625,1559,generated_frame,G,1,355622459363625,0,
3265,355622491514208,355622491514208,355622508070624,355622541402624,355622541431541,355622491543125,28917,1636,1636,355622458180750,355622458180750,355567338640625,0,real_frame,B,1,355622459363625,0,
3266,355622508210625,355622508210625,355622524736624,355622558068624,355622558097999,355622508240000,29375,1637,1637,355622458180750,355622491514208,355567338640625,1560,generated_frame,G,1,355622492790583,0,
3267,355622524888625,355622524888625,355622541402624,355622574734624,355622574764458,355622524918459,29834,1637,1637,355622491514208,355622491514208,355567338640625,0,real_frame,A,1,355622492790583,0,
3268,355622541527583,355622541527583,355622558068624,355622591400624,355622591430958,355622541557917,30334,1638,1638,355622491514208,355622524888625,355567338640625,1561,generated_frame,G,1,355622526352791,0,
3269,355622558232541,355622558232541,355622574734624,355622608066624,355622608097416,355622558263333,30792,1638,1637,355622491514208,355622491514208,355567338640625,0,real_frame,A,1,355622526352791,0,
3270,355622574829458,355622574829458,355622591400624,355622624732624,355622624763916,355622574860750,31292,1639,1639,355622524888625,355622558232541,355567338640625,1562,generated_frame,G,1,355622560496083,0,
3271,355622591495833,355622591495833,355622608066624,355622641398624,355622641430416,355622591527625,31792,1639,1638,355622524888625,355622524888625,355567338640625,0,real_frame,B,1,355622560496083,0,
3272,355622608211250,355622608211250,355622624732624,355622658064624,355622658096874,355622608243500,32250,1640,1640,355622558232541,355622591495833,355567338640625,1563,generated_frame,G,1,355622592804791,0,
3273,355622624861833,355622624861833,355622641398624,355622674730624,355622674763374,355622624894583,32750,1640,1640,355622591495833,355622591495833,355567338640625,0,real_frame,B,1,355622592804791,0,
3274,355622641545708,355622641545708,355622658064624,355622691396624,355622691429833,355622641578917,33209,1641,1641,355622591495833,355622624861833,355567338640625,1564,generated_frame,G,1,355622626084041,0,
3275,355622658210541,355622658210541,355622674730624,355622708062624,355622708096333,355622658244250,33709,1641,1640,355622591495833,355622591495833,355567338640625,0,real_frame,B,1,355622626084041,0,
3276,355622674861583,355622674861583,355622691396624,355622724728624,355622724762791,355622674895750,34167,1642,1642,355622624861833,355622658210541,355567338640625,1565,generated_frame,G,1,355622659460958,0,
3277,355622691552458,355622691552458,355622708062624,355622741394624,355622741429291,355622691587125,34667,1642,1641,355622624861833,355622624861833,355567338640625,0,real_frame,A,1,355622659460958,0,
3278,355622708201458,355622708201458,355622724728624,355622758060624,355622758095749,355622708236583,35125,1643,1643,355622658210541,355622691552458,355567338640625,1566,generated_frame,G,1,355622692836416,0,
3279,355622724864416,355622724864416,355622741394624,355622774726624,355622774762291,355622724900083,35667,1643,1642,355622658210541,355622658210541,355567338640625,0,real_frame,B,1,355622692836416,0,
3280,355622741519791,355622741519791,355622758060624,355622791392624,355622791428749,355622741555916,36125,1644,1644,355622691552458,355622724864416,355567338640625,1567,generated_frame,G,1,355622726231791,0,
3281,355622758206333,355622758206333,355622774726624,355622808058624,355622808095166,355622758242875,36542,1644,1644,355622724864416,355622724864416,355567338640625,0,real_frame,B,1,355622726231791,0,
3282,355622774850875,355622774850875,355622791392624,355622824724624,355622824761708,355622774887959,37084,1645,1645,355622724864416,355622758206333,355567338640625,1568,generated_frame,G,1,355622759603666,0,
3283,355622791534291,355622791534291,355622808058624,355622841390624,355622841428166,355622791571833,37542,1645,1644,355622724864416,355622724864416,355567338640625,0,real_frame,B,1,355622759603666,0,
3284,355622808228041,355622808228041,355622824724624,355622858056624,355622858094666,355622808266083,38042,1646,1646,355622758206333,355622791534291,355567338640625,1569,generated_frame,G,1,355622793042000,0,
3285,355622824857958,355622824857958,355622841390624,355622874722624,355622874761166,355622824896500,38542,1646,1645,355622758206333,355622758206333,355567338640625,0,real_frame,A,1,355622793042000,0,
3286,355622841426250,355622841426250,355622858056624,355622891388624,355622891427624,355622841465250,39000,1647,1647,355622791534291,355622824857958,355567338640625,1570,generated_frame,G,1,355622834112625,0,
3287,355622858113416,355622858113416,355622874722624,355622908054624,355622908094124,355622858152916,39500,1647,1646,355622791534291,355622791534291,355567338640625,0,real_frame,B,1,355622834112625,0,
3288,355622874782500,355622874782500,355622891388624,355622924720624,355622924760583,355622874822459,39959,1648,1648,355622824857958,355622858113416,355567338640625,1571,generated_frame,G,1,355622858997250,0,
3289,355622891495041,355622891495041,355622908054624,355622941386624,355622941427124,355622891535541,40500,1648,1648,355622858113416,355622858113416,355567338640625,0,real_frame,B,1,355622858997250,0,
3290,355622908150958,355622908150958,355622924720624,355622958052624,355622958093541,355622908191875,40917,1649,1649,355622858113416,355622891495041,355567338640625,1572,generated_frame,G,1,355622892638291,0,
3291,355622924839875,355622924839875,355622941386624,355622974718624,355622974760041,355622924881292,41417,1649,1648,355622858113416,355622858113416,355567338640625,0,real_frame,B,1,355622892638291,0,
3292,355622941562875,355622941562875,355622958052624,355622991384624,355622991426499,355622941604750,41875,1650,1650,355622891495041,355622924839875,355567338640625,1573,generated_frame,G,1,355622926150333,0,
3293,355622958164208,355622958164208,355622974718624,355623008050624,355623008092999,355622958206583,42375,1650,1649,355622891495041,355622891495041,355567338640625,0,real_frame,A,1,355622926150333,0,
3294,355622974821291,355622974821291,355622991384624,355623024716624,355623024759541,355622974864208,42917,1651,1651,355622924839875,355622958164208,355567338640625,1574,generated_frame,G,1,355622959360208,0,
3295,355622991493833,355622991493833,355623008050624,355623041382624,355623041425916,355622991537125,43292,1651,1651,355622958164208,355622958164208,355567338640625,0,real_frame,A,1,355622959360208,0,
3296,355623008165875,355623008165875,355623024716624,355623058048624,355623058092416,355623008209667,43792,1652,1652,355622958164208,355622991493833,355567338640625,1575,generated_frame,G,1,355622992703083,0,
3297,355623024860375,355623024860375,355623041382624,355623074714624,355623074758958,355623024904709,44334,1652,1652,355622991493833,355622991493833,355567338640625,0,real_frame,B,1,355622992703083,0,
3298,355623041527416,355623041527416,355623058048624,355623091380624,355623091425416,355623041572208,44792,1653,1653,355622991493833,355623024860375,355567338640625,1576,generated_frame,G,1,355623026132583,0,
3299,355623058204041,355623058204041,355623074714624,355623108046624,355623108091916,355623058249333,45292,1653,1652,355622991493833,355622991493833,355567338640625,0,real_frame,B,1,355623026132583,0,
3300,355623074871958,355623074871958,355623091380624,355623124712624,355623124758333,355623074917667,45709,1654,1654,355623024860375,355623058204041,355567338640625,1577,generated_frame,G,1,355623059869000,0,
3301,355623091520875,355623091520875,355623108046624,355623141378624,355623141424833,355623091567084,46209,1654,1653,355623024860375,355623024860375,355567338640625,0,real_frame,A,1,355623059869000,0,
3302,355623108183500,355623108183500,355623124712624,355623158044624,355623158091374,355623108230250,46750,1655,1655,355623058204041,355623091520875,355567338640625,1578,generated_frame,G,1,355623093014416,0,
3303,355623124858500,355623124858500,355623141378624,355623174710624,355623174757833,355623124905709,47209,1655,1655,355623091520875,355623091520875,355567338640625,0,real_frame,A,1,355623093014416,0,
3304,355623141528625,355623141528625,355623158044624,355623191376624,355623191424333,355623141576334,47709,1656,1656,355623091520875,355623124858500,355567338640625,1579,generated_frame,G,1,355623126293958,0,
3305,355623158216000,355623158216000,355623174710624,355623208042624,355623208090749,355623158264125,48125,1656,1656,355623124858500,355623124858500,355567338640625,0,real_frame,B,1,355623126293958,0,
3306,355623174879916,355623174879916,355623191376624,355623224708624,355623224757291,355623174928583,48667,1657,1657,355623124858500,355623158216000,355567338640625,1580,generated_frame,G,1,355623159712000,0,
3307,355623191469875,355623191469875,355623208042624,355623241374624,355623241423749,355623191519000,49125,1657,1656,355623124858500,355623124858500,355567338640625,0,real_frame,B,1,355623159712000,0,
3308,355623208139083,355623208139083,355623224708624,355623258040624,355623258090208,355623208188667,49584,1658,1658,355623158216000,355623191469875,355567338640625,1581,generated_frame,G,1,355623192777500,0,
3309,355623224873541,355623224873541,355623241374624,355623274706624,355623274756749,355623224923666,50125,1658,1658,355623191469875,355623191469875,355567338640625,0,real_frame,B,1,355623192777500,0,
3310,355623241878166,355623241878166,355623258040624,355623291372624,355623291423208,355623241928750,50584,1659,1659,355623191469875,355623224873541,355567338640625,1582,generated_frame,G,1,355623226556541,0,
3311,355623258169333,355623258169333,355623274706624,355623308038624,355623308089666,355623258220375,51042,1659,1658,355623191469875,355623191469875,355567338640625,0,real_frame,B,1,355623226556541,0,
3312,355623274793541,355623274793541,355623291372624,355623324704624,355623324756166,355623274845083,51542,1660,1660,355623224873541,355623258169333,355567338640625,1583,generated_frame,G,1,355623259400750,0,
3313,355623291484208,355623291484208,355623308038624,355623341370624,355623341422666,355623291536250,52042,1660,1660,355623258169333,355623258169333,355567338640625,0,real_frame,B,1,355623259400750,0,
3314,355623308146833,355623308146833,355623324704624,355623358036624,355623358089083,355623308199292,52459,1661,1661,355623258169333,355623291484208,355567338640625,1584,generated_frame,G,1,355623292855541,0,
3315,355623324813541,355623324813541,355623341370624,355623374702624,355623374755624,355623324866541,53000,1661,1661,355623291484208,355623291484208,355567338640625,0,real_frame,A,1,355623292855541,0,
3316,355623341515250,355623341515250,355623358036624,355623391368624,355623391422041,355623341568667,53417,1662,1662,355623291484208,355623324813541,355567338640625,1585,generated_frame,G,1,355623326163708,0,
3317,355623358163041,355623358163041,355623374702624,355623408034624,355623408088624,355623358217041,54000,1662,1662,355623324813541,355623324813541,355567338640625,0,real_frame,B,1,355623326163708,0,
3318,355623374847625,355623374847625,355623391368624,355623424700624,355623424755041,355623374902042,54417,1663,1663,355623324813541,355623358163041,355567338640625,1586,generated_frame,G,1,355623359596708,0,
3319,355623391508458,355623391508458,355623408034624,355623441366624,355623441421541,355623391563375,54917,1663,1662,355623324813541,355623324813541,355567338640625,0,real_frame,B,1,355623359596708,0,
3320,355623408129541,355623408129541,355623424700624,355623458032624,355623458088041,355623408184958,55417,1664,1664,355623358163041,355623391508458,355567338640625,1587,generated_frame,G,1,355623393112208,0,
3321,355623424833125,355623424833125,355623441366624,355623474698624,355623474754541,355623424889042,55917,1664,1663,355623358163041,355623358163041,355567338640625,0,real_frame,A,1,355623393112208,0,
3322,355623441470541,355623441470541,355623458032624,355623491364624,355623491420999,355623441526916,56375,1665,1665,355623391508458,355623424833125,355567338640625,1588,generated_frame,G,1,355623426016333,0,
3323,355623458175125,355623458175125,355623474698624,355623508030624,355623508087416,355623458231917,56792,1665,1665,355623424833125,355623424833125,355567338640625,0,real_frame,A,1,355623426016333,0,
3324,355623474799041,355623474799041,355623491364624,355623524696624,355623524753874,355623474856291,57250,1666,1666,355623424833125,355623458175125,355567338640625,1589,generated_frame,G,1,355623459448916,0,
3325,355623491468541,355623491468541,355623508030624,355623541362624,355623541420416,355623491526333,57792,1666,1665,355623424833125,355623424833125,355567338640625,0,real_frame,A,1,355623459448916,0,
3326,355623508116666,355623508116666,355623524696624,355623558028624,355623558086874,355623508174916,58250,1667,1667,355623458175125,355623491468541,355567338640625,1590,generated_frame,G,1,355623492595166,0,
3327,355623524814125,355623524814125,355623541362624,355623574694624,355623574753374,355623524872875,58750,1667,1667,355623491468541,355623491468541,355567338640625,0,real_frame,A,1,355623492595166,0,
3328,355623541468750,355623541468750,355623558028624,355623591360624,355623591419833,355623541527959,59209,1668,1668,355623491468541,355623524814125,355567338640625,1591,generated_frame,G,1,355623526009875,0,
3329,355623558118708,355623558118708,355623574694624,355623608026624,355623608086291,355623558178375,59667,1668,1667,355623491468541,355623491468541,355567338640625,0,real_frame,A,1,355623526009875,0,
3330,355623574801875,355623574801875,355623591360624,355623624692624,355623624752833,355623574862084,60209,1669,1669,355623524814125,355623558118708,355567338640625,1592,generated_frame,G,1,355623559300041,0,
3331,355623591509291,355623591509291,355623608026624,355623641358624,355623641419249,355623591569916,60625,1669,1669,355623558118708,355623558118708,355567338640625,0,real_frame,A,1,355623559300041,0,
3332,355623608078708,355623608078708,355623624692624,355623658024624,355623658085791,355623608139875,61167,1670,1670,355623558118708,355623591509291,355567338640625,1593,generated_frame,G,1,355623597082708,0,
3333,355623624789791,355623624789791,355623641358624,355623674690624,355623674752249,355623624851416,61625,1670,1669,355623558118708,355623558118708,355567338640625,0,real_frame,A,1,355623597082708,0,
3334,355623641408375,355623641408375,355623658024624,355623691356624,355623691418791,355623641470542,62167,1671,1671,355623591509291,355623624789791,355567338640625,1594,generated_frame,G,1,355623625746458,0,
3335,355623658086666,355623658086666,355623674690624,355623708022624,355623708085208,355623658149250,62584,1671,1671,355623624789791,355623624789791,355567338640625,0,real_frame,A,1,355623625746458,0,
3336,355623674750666,355623674750666,355623691356624,355623724688624,355623724751708,355623674813750,63084,1672,1672,355623624789791,355623658086666,355567338640625,1595,generated_frame,G,1,355623659143916,0,
3337,355623691399791,355623691399791,355623708022624,355623741354624,355623741418166,355623691463333,63542,1672,1672,355623658086666,355623658086666,355567338640625,0,real_frame,B,1,355623659143916,0,
3338,355623708057250,355623708057250,355623724688624,355623758020624,355623758084666,355623708121292,64042,1673,1673,355623658086666,355623691399791,355567338640625,1596,generated_frame,G,1,355623692231791,0,
3339,355623724793916,355623724793916,355623741354624,355623774686624,355623774751166,355623724858458,64542,1673,1673,355623691399791,355623691399791,355567338640625,0,real_frame,A,1,355623692231791,0,
3340,355623741449000,355623741449000,355623758020624,355623791352624,355623791417583,355623741513959,64959,1674,1674,355623691399791,355623724793916,355567338640625,1597,generated_frame,G,1,355623725893208,0,
3341,355623758161000,355623758161000,355623774686624,355623808018624,355623808084083,355623758226459,65459,1674,1673,355623691399791,355623691399791,355567338640625,0,real_frame,A,1,355623725893208,0,
3342,355623774839750,355623774839750,355623791352624,355623824684624,355623824750666,355623774905792,66042,1675,1675,355623724793916,355623758161000,355567338640625,1598,generated_frame,G,1,355623759566958,0,
3343,355623791440708,355623791440708,355623808018624,355623841350624,355623841417083,355623791507167,66459,1675,1674,355623724793916,355623724793916,355567338640625,0,real_frame,B,1,355623759566958,0,
3344,355623808142875,355623808142875,355623824684624,355623858016624,355623858083499,355623808209750,66875,1676,1676,355623758161000,355623791440708,355567338640625,1599,generated_frame,G,1,355623792687083,0,
3345,355623824804875,355623824804875,355623841350624,355623874682624,355623874749999,355623824872250,67375,1676,1676,355623791440708,355623791440708,355567338640625,0,real_frame,B,1,355623792687083,0,
3346,355623841453875,355623841453875,355623858016624,355623891348624,355623891416499,355623841521750,67875,1677,1677,355623791440708,355623824804875,355567338640625,1600,generated_frame,G,1,355623826035250,0,
3347,355623858125916,355623858125916,355623874682624,355623908014624,355623908082958,355623858194250,68334,1677,1676,355623791440708,355623791440708,355567338640625,0,real_frame,B,1,355623826035250,0,
3348,355623874792875,355623874792875,355623891348624,355623924680624,355623924749499,355623874861750,68875,1678,1678,355623824804875,355623858125916,355567338640625,1601,generated_frame,G,1,355623859526458,0,
3349,355623891475541,355623891475541,355623908014624,355623941346624,355623941415999,355623891544916,69375,1678,1678,355623858125916,355623858125916,355567338640625,0,real_frame,B,1,355623859526458,0,
3350,355623908138583,355623908138583,355623924680624,355623958012624,355623958082458,355623908208417,69834,1679,1679,355623858125916,355623891475541,355567338640625,1602,generated_frame,G,1,355623892726166,0,
3351,355623924823541,355623924823541,355623941346624,355623974678624,355623974748916,355623924893833,70292,1679,1678,355623858125916,355623858125916,355567338640625,0,real_frame,B,1,355623892726166,0,
3352,355623941523250,355623941523250,355623958012624,355623991344624,355623991415416,355623941594042,70792,1680,1680,355623891475541,355623924823541,355567338640625,1603,generated_frame,G,1,355623926095041,0,
3353,355623958193958,355623958193958,355623974678624,355624008010624,355624008081916,355623958265250,71292,1680,1680,355623924823541,355623924823541,355567338640625,0,real_frame,B,1,355623926095041,0,
3354,355623978495583,355623978495583,355623991344624,355624024676624,355624024748333,355623978567292,71709,1681,1681,355623924823541,355623958193958,355567338640625,1604,generated_frame,G,1,355623959727250,0,
3355,355623991389958,355623991389958,355624008010624,355624041342624,355624041414874,355623991462208,72250,1681,1680,355623924823541,355623924823541,355567338640625,0,real_frame,B,1,355623959727250,0,
3356,355624008096833,355624008096833,355624024676624,355624058008624,355624058081333,355624008169542,72709,1682,1682,355623958193958,355623991389958,355567338640625,1605,generated_frame,G,1,355623992266750,0,
3357,355624024792500,355624024792500,355624041342624,355624074674624,355624074747833,355624024865709,73209,1682,1682,355623991389958,355623991389958,355567338640625,0,real_frame,B,1,355623992266750,0,
3358,355624041453000,355624041453000,355624058008624,355624091340624,355624091414291,355624041526667,73667,1683,1683,355623991389958,355624024792500,355567338640625,1606,generated_frame,G,1,355624025788250,0,
3359,355624058152833,355624058152833,355624074674624,355624108006624,355624108080749,355624058226958,74125,1683,1682,355623991389958,355623991389958,355567338640625,0,real_frame,B,1,355624025788250,0,
3360,355624074789500,355624074789500,355624091340624,355624124672624,355624124747249,355624074864125,74625,1684,1684,355624024792500,355624058152833,355567338640625,1607,generated_frame,G,1,355624059591333,0,
3361,355624091500083,355624091500083,355624108006624,355624141338624,355624141413749,355624091575208,75125,1684,1683,355624024792500,355624024792500,355567338640625,0,real_frame,A,1,355624059591333,0,
3362,355624108136166,355624108136166,355624124672624,355624158004624,355624158080208,355624108211750,75584,1685,1685,355624058152833,355624091500083,355567338640625,1608,generated_frame,G,1,355624092985541,0,
3363,355624124830833,355624124830833,355624141338624,355624174670624,355624174746708,355624124906917,76084,1685,1684,355624058152833,355624058152833,355567338640625,0,real_frame,B,1,355624092985541,0,
3364,355624141526458,355624141526458,355624158004624,355624191336624,355624191413208,355624141603042,76584,1686,1686,355624091500083,355624124830833,355567338640625,1609,generated_frame,G,1,355624126408750,0,
3365,355624158132791,355624158132791,355624174670624,355624208002624,355624208079708,355624158209875,77084,1686,1685,355624091500083,355624091500083,355567338640625,0,real_frame,A,1,355624126408750,0,
3366,355624174826500,355624174826500,355624191336624,355624224668624,355624224746124,355624174904000,77500,1687,1687,355624124830833,355624158132791,355567338640625,1610,generated_frame,G,1,355624159554833,0,
3367,355624191559125,355624191559125,355624208002624,355624241334624,355624241412666,355624191637167,78042,1687,1687,355624158132791,355624158132791,355567338640625,0,real_frame,A,1,355624159554833,0,
3368,355624208036875,355624208036875,355624224668624,355624258000624,355624258079124,355624208115375,78500,1688,1688,355624158132791,355624191559125,355567338640625,1611,generated_frame,G,1,355624197417166,0,
3369,355624224743041,355624224743041,355624241334624,355624274666624,355624274745583,355624224822000,78959,1688,1687,355624158132791,355624158132791,355567338640625,0,real_frame,A,1,355624197417166,0,
3370,355624241426750,355624241426750,355624258000624,355624291332624,355624291412124,355624241506250,79500,1689,1689,355624191559125,355624224743041,355567338640625,1612,generated_frame,G,1,355624225686625,0,
3371,355624258149750,355624258149750,355624274666624,355624307998624,355624308078541,355624258229667,79917,1689,1689,355624224743041,355624224743041,355567338640625,0,real_frame,A,1,355624225686625,0,
3372,355624274764750,355624274764750,355624291332624,355624324664624,355624324745083,355624274845209,80459,1690,1690,355624224743041,355624258149750,355567338640625,1613,generated_frame,G,1,355624259373250,0,
3373,355624291457375,355624291457375,355624307998624,355624341330624,355624341411499,355624291538250,80875,1690,1689,355624224743041,355624224743041,355567338640625,0,real_frame,A,1,355624259373250,0,
3374,355624308120166,355624308120166,355624324664624,355624357996624,355624358077958,355624308201500,81334,1691,1691,355624258149750,355624291457375,355567338640625,1614,generated_frame,G,1,355624292764958,0,
3375,355624324792041,355624324792041,355624341330624,355624374662624,355624374744541,355624324873958,81917,1691,1691,355624291457375,355624291457375,355567338640625,0,real_frame,A,1,355624292764958,0,
3376,355624341557291,355624341557291,355624357996624,355624391328624,355624391410958,355624341639625,82334,1692,1692,355624291457375,355624324792041,355567338640625,1615,generated_frame,G,1,355624326097791,0,
3377,355624358148291,355624358148291,355624374662624,355624407994624,355624408077416,355624358231083,82792,1692,1692,355624324792041,355624324792041,355567338640625,0,real_frame,B,1,355624326097791,0,
3378,355624374793750,355624374793750,355624391328624,355624424660624,355624424743916,355624374877042,83292,1693,1693,355624324792041,355624358148291,355567338640625,1616,generated_frame,G,1,355624359620333,0,
3379,355624391446875,355624391446875,355624407994624,355624441326624,355624441410458,355624391530709,83834,1693,1692,355624324792041,355624324792041,355567338640625,0,real_frame,B,1,355624359620333,0,
3380,355624408094416,355624408094416,355624424660624,355624457992624,355624458076874,355624408178666,84250,1694,1694,355624358148291,355624391446875,355567338640625,1617,generated_frame,G,1,355624392710750,0,
3381,355624424802375,355624424802375,355624441326624,355624474658624,355624474743374,355624424887125,84750,1694,1694,355624391446875,355624391446875,355567338640625,0,real_frame,B,1,355624392710750,0,
3382,355624441460958,355624441460958,355624457992624,355624491324624,355624491409874,355624441546208,85250,1695,1695,355624391446875,355624424802375,355567338640625,1618,generated_frame,G,1,355624426082208,0,
3383,355624458130041,355624458130041,355624474658624,355624507990624,355624508076291,355624458215708,85667,1695,1694,355624391446875,355624391446875,355567338640625,0,real_frame,B,1,355624426082208,0,
3384,355624474749791,355624474749791,355624491324624,355624524656624,355624524742833,355624474836000,86209,1696,1696,355624424802375,355624458130041,355567338640625,1619,generated_frame,G,1,355624459496250,0,
3385,355624491429166,355624491429166,355624507990624,355624541322624,355624541409333,355624491515875,86709,1696,1695,355624424802375,355624424802375,355567338640625,0,real_frame,A,1,355624459496250,0,
3386,355624508157875,355624508157875,355624524656624,355624557988624,355624558075791,355624508245042,87167,1697,1697,355624458130041,355624491429166,355567338640625,1620,generated_frame,G,1,355624492610291,0,
3387,355624524757250,355624524757250,355624541322624,355624574654624,355624574742291,355624524844917,87667,1697,1697,355624491429166,355624491429166,355567338640625,0,real_frame,A,1,355624492610291,0,
3388,355624541423041,355624541423041,355624557988624,355624591320624,355624591408749,355624541511166,88125,1698,1698,355624491429166,355624524757250,355567338640625,1621,generated_frame,G,1,355624525939041,0,
3389,355624558114333,355624558114333,355624574654624,355624607986624,355624608075208,355624558202917,88584,1698,1698,355624524757250,355624524757250,355567338640625,0,real_frame,B,1,355624525939041,0,
3390,355624574789250,355624574789250,355624591320624,355624624652624,355624624741666,355624574878292,89042,1699,1699,355624524757250,355624558114333,355567338640625,1622,generated_frame,G,1,355624559430916,0,
3391,355624591470291,355624591470291,355624607986624,355624641318624,355624641408208,355624591559875,89584,1699,1698,355624524757250,355624524757250,355567338640625,0,real_frame,B,1,355624559430916,0,
3392,355624608114416,355624608114416,355624624652624,355624657984624,355624658074583,355624608204375,89959,1700,1700,355624558114333,355624591470291,355567338640625,1623,generated_frame,G,1,355624592969458,0,
3393,355624624791916,355624624791916,355624641318624,355624674650624,355624674741166,355624624882458,90542,1700,1699,355624558114333,355624558114333,355567338640625,0,real_frame,A,1,355624592969458,0,
3394,355624641424541,355624641424541,355624657984624,355624691316624,355624691407666,355624641515583,91042,1701,1701,355624591470291,355624624791916,355567338640625,1624,generated_frame,G,1,355624626002750,0,
3395,355624658097500,355624658097500,355624674650624,355624707982624,355624708074083,355624658188959,91459,1701,1700,355624591470291,355624591470291,355567338640625,0,real_frame,B,1,355624626002750,0,
3396,355624674769791,355624674769791,355624691316624,355624724648624,355624724740583,355624674861750,91959,1702,1702,355624624791916,355624658097500,355567338640625,1625,generated_frame,G,1,355624659320041,0,
3397,355624691427916,355624691427916,355624707982624,355624741314624,355624741407083,355624691520375,92459,1702,1702,355624658097500,355624658097500,355567338640625,0,real_frame,B,1,355624659320041,0,
3398,355624708112208,355624708112208,355624724648624,355624757980624,355624758073583,355624708205167,92959,1703,1703,355624658097500,355624691427916,355567338640625,1626,generated_frame,G,1,355624692740000,0,
3399,355624724831833,355624724831833,355624741314624,355624774646624,355624774739958,355624724925167,93334,1703,1703,355624691427916,355624691427916,355567338640625,0,real_frame,A,1,355624692740000,0,
3400,355624741472000,355624741472000,355624757980624,355624791312624,355624791406499,355624741565875,93875,1704,1704,355624691427916,355624724831833,355567338640625,1627,generated_frame,G,1,355624726418791,0,
3401,355624758147541,355624758147541,355624774646624,355624807978624,355624808072999,355624758241916,94375,1704,1703,355624691427916,355624691427916,355567338640625,0,real_frame,A,1,355624726418791,0,
3402,355624774797958,355624774797958,355624791312624,355624824644624,355624824739416,355624774892750,94792,1705,1705,355624724831833,355624758147541,355567338640625,1628,generated_frame,G,1,355624759734083,0,
3403,355624791485000,355624791485000,355624807978624,355624841310624,355624841405958,355624791580334,95334,1705,1705,355624758147541,355624758147541,355567338640625,0,real_frame,A,1,355624759734083,0,
3404,355624808104250,355624808104250,355624824644624,355624857976624,355624858072374,355624808200000,95750,1706,1706,355624758147541,355624791485000,355567338640625,1629,generated_frame,G,1,355624792953833,0,
3405,355624824791041,355624824791041,355624841310624,355624874642624,355624874738958,355624824887375,96334,1706,1705,355624758147541,355624758147541,355567338640625,0,real_frame,A,1,355624792953833,0,
3406,355624841434000,355624841434000,355624857976624,355624891308624,355624891405416,355624841530792,96792,1707,1707,355624791485000,355624824791041,355567338640625,1630,generated_frame,G,1,355624826036291,0,
3407,355624858102541,355624858102541,355624874642624,355624907974624,355624908071874,355624858199791,97250,1707,1707,355624824791041,355624824791041,355567338640625,0,real_frame,A,1,355624826036291,0,
3408,355624874787291,355624874787291,355624891308624,355624924640624,355624924738333,355624874885000,97709,1708,1708,355624824791041,355624858102541,355567338640625,1631,generated_frame,G,1,355624859574458,0,
3409,355624891416250,355624891416250,355624907974624,355624941306624,355624941404833,355624891514459,98209,1708,1708,355624858102541,355624858102541,355567338640625,0,real_frame,B,1,355624859574458,0,
3410,355624908081125,355624908081125,355624924640624,355624957972624,355624958071333,355624908179834,98709,1709,1709,355624858102541,355624891416250,355567338640625,1632,generated_frame,G,1,355624892662416,0,
3411,355624924701583,355624924701583,355624941306624,355624974638624,355624974737791,355624924800750,99167,1709,1708,355624858102541,355624858102541,355567338640625,0,real_frame,B,1,355624892662416,0,
3412,355624941370625,355624941370625,355624957972624,355624991304624,355624991404333,355624941470334,99709,1710,1710,355624891416250,355624924701583,355567338640625,1633,generated_frame,G,1,355624925512666,0,
3413,355624958009250,355624958009250,355624974638624,355625007970624,355625008070791,355624958109417,100167,1710,1710,355624924701583,355624924701583,355567338640625,0,real_frame,B,1,355624925512666,0,
3414,355624974673625,355624974673625,355624991304624,355625024636624,355625024737249,355624974774250,100625,1711,1711,355624924701583,355624958009250,355567338640625,1634,generated_frame,G,1,355624958738750,0,
3415,355624991331666,355624991331666,355625007970624,355625041302624,355625041403791,355624991432833,101167,1711,1711,355624958009250,355624958009250,355567338640625,0,real_frame,A,1,355624958738750,0,
3416,355625008095583,355625008095583,355625024636624,355625057968624,355625058070249,355625008197208,101625,1712,1712,355624958009250,355624991331666,355567338640625,1635,generated_frame,G,1,355624992075916,0,
3417,355625024714666,355625024714666,355625041302624,355625074634624,355625074736708,355625024816750,102084,1712,1712,355624991331666,355624991331666,355567338640625,0,real_frame,B,1,355624992075916,0,
3418,355625041451291,355625041451291,355625057968624,355625091300624,355625091403166,355625041553833,102542,1713,1713,355624991331666,355625024714666,355567338640625,1636,generated_frame,G,1,355625025806833,0,
3419,355625058092000,355625058092000,355625074634624,355625107966624,355625108069708,355625058195084,103084,1713,1712,355624991331666,355624991331666,355567338640625,0,real_frame,B,1,355625025806833,0,
3420,355625074699791,355625074699791,355625091300624,355625124632624,355625124736124,355625074803291,103500,1714,1714,355625024714666,355625058092000,355567338640625,1637,generated_frame,G,1,355625059272208,0,
3421,355625091413541,355625091413541,355625107966624,355625141298624,355625141402583,355625091517500,103959,1714,1713,355625024714666,355625024714666,355567338640625,0,real_frame,A,1,355625059272208,0,
3422,355625108070041,355625108070041,355625124632624,355625157964624,355625158069083,355625108174500,104459,1715,1715,355625058092000,355625091413541,355567338640625,1638,generated_frame,G,1,355625092787208,0,
3423,355625124768041,355625124768041,355625141298624,355625174630624,355625174735583,355625124873000,104959,1715,1715,355625091413541,355625091413541,355567338640625,0,real_frame,A,1,355625092787208,0,
3424,355625141394625,355625141394625,355625157964624,355625191296624,355625191402041,355625141500042,105417,1716,1716,355625091413541,355625124768041,355567338640625,1639,generated_frame,G,1,355625126211375,0,
3425,355625158046625,355625158046625,355625174630624,355625207962624,355625208068541,355625158152542,105917,1716,1715,355625091413541,355625091413541,355567338640625,0,real_frame,A,1,355625126211375,0,
3426,355625174744916,355625174744916,355625191296624,355625224628624,355625224735041,355625174851333,106417,1717,1717,355625124768041,355625158046625,355567338640625,1640,generated_frame,G,1,355625159194333,0,
3427,355625191412041,355625191412041,355625207962624,355625241294624,355625241401499,355625191518916,106875,1717,1717,355625158046625,355625158046625,355567338640625,0,real_frame,A,1,355625159194333,0,
3428,355625208084916,355625208084916,355625224628624,355625257960624,355625258067999,355625208192291,107375,1718,1718,355625158046625,355625191412041,355567338640625,1641,generated_frame,G,1,355625192665166,0,
3429,355625224750708,355625224750708,355625241294624,355625274626624,355625274734458,355625224858542,107834,1718,1717,355625158046625,355625158046625,355567338640625,0,real_frame,A,1,355625192665166,0,
3430,355625242541791,355625242541791,355625257960624,355625291292624,355625291400958,355625242650125,108334,1719,1719,355625191412041,355625224750708,355567338640625,1642,generated_frame,G,1,355625226195208,0,
3431,355625258154416,355625258154416,355625274626624,355625307958624,355625308067458,355625258263250,108834,1719,1719,355625224750708,355625224750708,355567338640625,0,real_frame,A,1,355625226195208,0,
3432,355625274740958,355625274740958,355625291292624,355625324624624,355625324733916,355625274850250,109292,1720,1720,355625224750708,355625258154416,355567338640625,1643,generated_frame,G,1,355625259651041,0,
3433,355625291378916,355625291378916,355625307958624,355625341290624,355625341400416,355625291488708,109792,1720,1719,355625224750708,355625224750708,355567338640625,0,real_frame,A,1,355625259651041,0,
3434,355625308083125,355625308083125,355625324624624,355625357956624,355625358066833,355625308193334,110209,1721,1721,355625258154416,355625291378916,355567338640625,1644,generated_frame,G,1,355625294935458,0,
3435,355625324716041,355625324716041,355625341290624,355625374622624,355625374733374,355625324826791,110750,1721,1721,355625291378916,355625291378916,355567338640625,0,real_frame,A,1,355625294935458,0,
3436,355625341393541,355625341393541,355625357956624,355625391288624,355625391399874,355625341504791,111250,1722,1722,355625291378916,355625324716041,355567338640625,1645,generated_frame,G,1,355625325748291,0,
3437,355625358083458,355625358083458,355625374622624,355625407954624,355625408066249,355625358195083,111625,1722,1722,355625324716041,355625324716041,355567338640625,0,real_frame,B,1,355625325748291,0,
3438,355625374800083,355625374800083,355625391288624,355625424620624,355625424732791,355625374912250,112167,1723,1723,355625324716041,355625358083458,355567338640625,1646,generated_frame,G,1,355625359587875,0,
3439,355625391454125,355625391454125,355625407954624,355625441286624,355625441399291,355625391566792,112667,1723,1723,355625358083458,355625358083458,355567338640625,0,real_frame,A,1,355625359587875,0,
3440,355625408127541,355625408127541,355625424620624,355625457952624,355625458065749,355625408240666,113125,1724,1724,355625358083458,355625391454125,355567338640625,1647,generated_frame,G,1,355625393944000,0,
3441,355625424746416,355625424746416,355625441286624,355625474618624,355625474732249,355625424860041,113625,1724,1723,355625358083458,355625358083458,355567338640625,0,real_frame,A,1,355625393944000,0,
3442,355625441409500,355625441409500,355625457952624,355625491284624,355625491398749,355625441523625,114125,1725,1725,355625391454125,355625424746416,355567338640625,1648,generated_frame,G,1,355625425911166,0,
3443,355625458062375,355625458062375,355625474618624,355625507950624,355625508065208,355625458176959,114584,1725,1725,355625424746416,355625424746416,355567338640625,0,real_frame,A,1,355625425911166,0,
3444,355625474742500,355625474742500,355625491284624,355625524616624,355625524731624,355625474857500,115000,1726,1726,355625424746416,355625458062375,355567338640625,1649,generated_frame,G,1,355625459421458,0,
3445,355625491407041,355625491407041,355625507950624,355625541282624,355625541398249,355625491522666,115625,1726,1726,355625458062375,355625458062375,355567338640625,0,real_frame,B,1,355625459421458,0,
3446,355625508045291,355625508045291,355625524616624,355625557948624,355625558064624,355625508161291,116000,1727,1727,355625458062375,355625491407041,355567338640625,1650,generated_frame,G,1,355625492608166,0,
3447,355625524752708,355625524752708,355625541282624,355625574614624,355625574731083,355625524869167,116459,1727,1727,355625491407041,355625491407041,355567338640625,0,real_frame,A,1,355625492608166,0,
3448,355625541408708,355625541408708,355625557948624,355625591280624,355625591397624,355625541525708,117000,1728,1728,355625491407041,355625524752708,355567338640625,1651,generated_frame,G,1,355625526077416,0,
3449,355625558088291,355625558088291,355625574614624,355625607946624,355625608064041,355625558205708,117417,1728,1727,355625491407041,355625491407041,355567338640625,0,real_frame,A,1,355625526077416,0,
3450,355625574672791,355625574672791,355625591280624,355625624612624,355625624730624,355625574790791,118000,1729,1729,355625524752708,355625558088291,355567338640625,1652,generated_frame,G,1,355625559672000,0,
3451,355625591404916,355625591404916,355625607946624,355625641278624,355625641396999,355625591523291,118375,1729,1728,355625524752708,355625524752708,355567338640625,0,real_frame,B,1,355625559672000,0,
3452,355625608057000,355625608057000,355625624612624,355625657944624,355625658063541,355625608175917,118917,1730,1730,355625558088291,355625591404916,355567338640625,1653,generated_frame,G,1,355625592548416,0,
3453,355625624735708,355625624735708,355625641278624,355625674610624,355625674730041,355625624855125,119417,1730,1730,355625591404916,355625591404916,355567338640625,0,real_frame,B,1,355625592548416,0,
3454,355625641373583,355625641373583,355625657944624,355625691276624,355625691396499,355625641493458,119875,1731,1731,355625591404916,355625624735708,355567338640625,1654,generated_frame,G,1,355625625876875,0,
3455,355625658050500,355625658050500,355625674610624,355625707942624,355625708062999,355625658170875,120375,1731,1730,355625591404916,355625591404916,355567338640625,0,real_frame,B,1,355625625876875,0,
3456,355625674717000,355625674717000,355625691276624,355625724608624,355625724729458,355625674837834,120834,1732,1732,355625624735708,355625658050500,355567338640625,1655,generated_frame,G,1,355625659294916,0,
3457,355625691389750,355625691389750,355625707942624,355625741274624,355625741395999,355625691511125,121375,1732,1732,355625658050500,355625658050500,355567338640625,0,real_frame,B,1,355625659294916,0,
3458,355625708056250,355625708056250,355625724608624,355625757940624,355625758062458,355625708178084,121834,1733,1733,355625658050500,355625691389750,355567338640625,1656,generated_frame,G,1,355625692665541,0,
3459,355625724732208,355625724732208,355625741274624,355625774606624,355625774728874,355625724854458,122250,1733,1733,355625691389750,355625691389750,355567338640625,0,real_frame,A,1,355625692665541,0,
3460,355625741393541,355625741393541,355625757940624,355625791272624,355625791395374,355625741516291,122750,1734,1734,355625691389750,355625724732208,355567338640625,1657,generated_frame,G,1,355625725982083,0,
3461,355625758066166,355625758066166,355625774606624,355625807938624,355625808061874,355625758189416,123250,1734,1733,355625691389750,355625691389750,355567338640625,0,real_frame,A,1,355625725982083,0,
3462,355625774774583,355625774774583,355625791272624,355625824604624,355625824728333,355625774898292,123709,1735,1735,355625724732208,355625758066166,355567338640625,1658,generated_frame,G,1,355625759345166,0,
3463,355625791392750,355625791392750,355625807938624,355625841270624,355625841394791,355625791516917,124167,1735,1734,355625724732208,355625724732208,355567338640625,0,real_frame,B,1,355625759345166,0,
3464,355625808094500,355625808094500,355625824604624,355625857936624,355625858061291,355625808219167,124667,1736,1736,355625758066166,355625791392750,355567338640625,1659,generated_frame,G,1,355625792899708,0,
3465,355625824757375,355625824757375,355625841270624,355625874602624,355625874727833,355625824882584,125209,1736,1736,355625791392750,355625791392750,355567338640625,0,real_frame,B,1,355625792899708,0,
3466,355625841415125,355625841415125,355625857936624,355625891268624,355625891394208,355625841540709,125584,1737,1737,355625791392750,355625824757375,355567338640625,1660,generated_frame,G,1,355625826228375,0,
3467,355625858087125,355625858087125,355625874602624,355625907934624,355625908060791,355625858213292,126167,1737,1736,355625791392750,355625791392750,355567338640625,0,real_frame,B,1,355625826228375,0,
3468,355625874739958,355625874739958,355625891268624,355625924600624,355625924727249,355625874866583,126625,1738,1738,355625824757375,355625858087125,355567338640625,1661,generated_frame,G,1,355625859575125,0,
3469,355625891403208,355625891403208,355625907934624,355625941266624,355625941393708,355625891530292,127084,1738,1737,355625824757375,355625824757375,355567338640625,0,real_frame,A,1,355625859575125,0,
3470,355625908071333,355625908071333,355625924600624,355625957932624,355625958060124,355625908198833,127500,1739,1739,355625858087125,355625891403208,355567338640625,1662,generated_frame,G,1,355625893045166,0,
3471,355625924749750,355625924749750,355625941266624,355625974598624,355625974726666,355625924877792,128042,1739,1739,355625891403208,355625891403208,355567338640625,0,real_frame,A,1,355625893045166,0,
3472,355625941409416,355625941409416,355625957932624,355625991264624,355625991393166,355625941537958,128542,1740,1740,355625891403208,355625924749750,355567338640625,1663,generated_frame,G,1,355625926930375,0,
3473,355625958067166,355625958067166,355625974598624,355626007930624,355626008059583,355625958196125,128959,1740,1739,355625891403208,355625891403208,355567338640625,0,real_frame,A,1,355625926930375,0,
3474,355625974797958,355625974797958,355625991264624,355626024596624,355626024726124,355625974927458,129500,1741,1741,355625924749750,355625958067166,355567338640625,1664,generated_frame,G,1,355625959474583,0,
3475,355625991453541,355625991453541,355626007930624,355626041262624,355626041392583,355625991583500,129959,1741,1741,355625958067166,355625958067166,355567338640625,0,real_frame,A,1,355625959474583,0,
3476,355626008084041,355626008084041,355626024596624,355626057928624,355626058059124,355626008214541,130500,1742,1742,355625958067166,355625991453541,355567338640625,1665,generated_frame,G,1,355625993163125,0,
3477,355626024769833,355626024769833,355626041262624,355626074594624,355626074725541,355626024900750,130917,1742,1741,355625958067166,355625958067166,355567338640625,0,real_frame,A,1,355625993163125,0,
3478,355626041412791,355626041412791,355626057928624,355626091260624,355626091392041,355626041544208,131417,1743,1743,355625991453541,355626024769833,355567338640625,1666,generated_frame,G,1,355626026474166,0,
3479,355626058078750,355626058078750,355626074594624,355626107926624,355626108058541,355626058210667,131917,1743,1742,355625991453541,355625991453541,355567338640625,0,real_frame,B,1,355626026474166,0,
3480,355626074736708,355626074736708,355626091260624,355626124592624,355626124724958,355626074869042,132334,1744,1744,355626024769833,355626058078750,355567338640625,1667,generated_frame,G,1,355626059570958,0,
3481,355626091521083,355626091521083,355626108057041,355626141389041,355626141391458,355626091523500,2417,1744,1744,355626058078750,355626058078750,355567338640625,0,real_frame,B,1,355626059570958,0,
3482,355626108161083,355626108161083,355626124723041,355626158055041,355626158057999,355626108164041,2958,1745,1745,355626058078750,355626091521083,355567338640625,1668,generated_frame,G,1,355626092992666,0,
3483,355626124870166,355626124870166,355626141389041,355626174721041,355626174724499,355626124873624,3458,1745,1744,355626058078750,355626058078750,355567338640625,0,real_frame,B,1,355626092992666,0,
3484,355626141504333,355626141504333,355626158055041,355626191387041,355626191390916,355626141508208,3875,1746,1746,355626091521083,355626124870166,355567338640625,1669,generated_frame,G,1,355626126420666,0,
3485,355626158202250,355626158202250,355626174721041,355626208053041,355626208057374,355626158206583,4333,1746,1745,355626091521083,355626091521083,355567338640625,0,real_frame,A,1,355626126420666,0,
3486,355626174904500,355626174904500,355626191387041,355626224719041,355626224723874,355626174909333,4833,1747,1747,355626124870166,355626158202250,355567338640625,1670,generated_frame,G,1,355626159901500,0,
3487,355626191429750,355626191429750,355626208053041,355626241385041,355626241390333,355626191435042,5292,1747,1746,355626124870166,355626124870166,355567338640625,0,real_frame,B,1,355626159901500,0,
3488,355626208178125,355626208178125,355626224719041,355626258051041,355626258056874,355626208183958,5833,1748,1748,355626158202250,355626191429750,355567338640625,1671,generated_frame,G,1,355626192261208,0,
3489,355626224807833,355626224807833,355626241385041,355626274717041,355626274723333,355626224814125,6292,1748,1748,355626191429750,355626191429750,355567338640625,0,real_frame,B,1,355626192261208,0,
3490,355626241464333,355626241464333,355626258051041,355626291383041,355626291389874,355626241471166,6833,1749,1749,355626191429750,355626224807833,355567338640625,1672,generated_frame,G,1,355626225790333,0,
3491,355626258136125,355626258136125,355626274717041,355626308049041,355626308056333,355626258143417,7292,1749,1748,355626191429750,355626191429750,355567338640625,0,real_frame,B,1,355626225790333,0,
3492,355626274805333,355626274805333,355626291383041,355626324715041,355626324722749,355626274813041,7708,1750,1750,355626224807833,355626258136125,355567338640625,1673,generated_frame,G,1,355626259076458,0,
3493,355626291464000,355626291464000,355626308049041,355626341381041,355626341389291,355626291472250,8250,1750,1749,355626224807833,355626224807833,355567338640625,0,real_frame,A,1,355626259076458,0,
3494,355626308129250,355626308129250,355626324715041,355626358047041,355626358055708,355626308137917,8667,1751,1751,355626258136125,355626291464000,355567338640625,1674,generated_frame,G,1,355626292522916,0,
3495,355626324794583,355626324794583,355626341381041,355626374713041,355626374722208,355626324803750,9167,1751,1751,355626291464000,355626291464000,355567338640625,0,real_frame,A,1,355626292522916,0,
3496,355626341471333,355626341471333,355626358047041,355626391379041,355626391388708,355626341481000,9667,1752,1752,355626291464000,355626324794583,355567338640625,1675,generated_frame,G,1,355626325901125,0,
3497,355626358158416,355626358158416,355626374713041,355626408045041,355626408055208,355626358168583,10167,1752,1752,355626324794583,355626324794583,355567338640625,0,real_frame,B,1,355626325901125,0,
3498,355626374827750,355626374827750,355626391379041,355626424711041,355626424721666,355626374838375,10625,1753,1753,355626324794583,355626358158416,355567338640625,1676,generated_frame,G,1,355626359438375,0,
3499,355626391516083,355626391516083,355626408045041,355626441377041,355626441388166,355626391527208,11125,1753,1752,355626324794583,355626324794583,355567338640625,0,real_frame,B,1,355626359438375,0,
3500,355626408196958,355626408196958,355626424711041,355626458043041,355626458054583,355626408208500,11542,1754,1754,355626358158416,355626391516083,355567338640625,1677,generated_frame,G,1,355626392820541,0,
3501,355626424851375,355626424851375,355626441377041,355626474709041,355626474721124,355626424863458,12083,1754,1753,355626358158416,355626358158416,355567338640625,0,real_frame,A,1,355626392820541,0,
3502,355626441481416,355626441481416,355626458043041,355626491375041,355626491387624,355626441493999,12583,1755,1755,355626391516083,355626424851375,355567338640625,1678,generated_frame,G,1,355626426229583,0,
3503,355626458149166,355626458149166,355626474709041,355626508041041,355626508054083,355626458162208,13042,1755,1754,355626391516083,355626391516083,355567338640625,0,real_frame,B,1,355626426229583,0,
3504,355626474804500,355626474804500,355626491375041,355626524707041,355626524720541,355626474818000,13500,1756,1756,355626424851375,355626458149166,355567338640625,1679,generated_frame,G,1,355626459336458,0,
3505,355626491508916,355626491508916,355626508041041,355626541373041,355626541387041,355626491522916,14000,1756,1756,355626458149166,355626458149166,355567338640625,0,real_frame,B,1,355626459336458,0,
3506,355626508187041,355626508187041,355626524707041,355626558039041,355626558053541,355626508201541,14500,1757,1757,355626458149166,355626491508916,355567338640625,1680,generated_frame,G,1,355626492775083,0,
3507,355626524847625,355626524847625,355626541373041,355626574705041,355626574719999,355626524862583,14958,1757,1756,355626458149166,355626458149166,355567338640625,0,real_frame,B,1,355626492775083,0,
3508,355626541512041,355626541512041,355626558039041,355626591371041,355626591386458,355626541527458,15417,1758,1758,355626491508916,355626524847625,355567338640625,1681,generated_frame,G,1,355626526064416,0,
3509,355626558216625,355626558216625,355626574705041,355626608037041,355626608052958,355626558232542,15917,1758,1758,355626524847625,355626524847625,355567338640625,0,real_frame,B,1,355626526064416,0,
3510,355626574789708,355626574789708,355626591371041,355626624703041,355626624719416,355626574806083,16375,1759,1759,355626524847625,355626558216625,355567338640625,1682,generated_frame,G,1,355626559973125,0,
3511,355626591493083,355626591493083,355626608037041,355626641369041,355626641385958,355626591510000,16917,1759,1758,355626524847625,355626524847625,355567338640625,0,real_frame,B,1,355626559973125,0,
3512,355626608162833,355626608162833,355626624703041,355626658035041,355626658052374,355626608180166,17333,1760,1760,355626558216625,355626591493083,355567338640625,1683,generated_frame,G,1,355626592741375,0,
3513,355626624836083,355626624836083,355626641369041,355626674701041,355626674718958,355626624854000,17917,1760,1760,355626591493083,355626591493083,355567338640625,0,real_frame,B,1,355626592741375,0,
3514,355626641505250,355626641505250,355626658035041,355626691367041,355626691385374,355626641523583,18333,1760,1760,355626591493083,355626591493083,355567338640625,0,real_frame,B,1,355626592741375,0,
3515,355626658187791,355626658187791,355626674701041,355626708033041,355626708051791,355626658206541,18750,1760,1760,355626591493083,355626591493083,355567338640625,0,real_frame,B,1,355626592741375,0,
3516,355626674847708,355626674847708,355626691367041,355626724699041,355626724718333,355626674867000,19292,1760,1760,355626591493083,355626591493083,355567338640625,0,real_frame,B,1,355626592741375,0,
3517,355626691537083,355626691537083,355626708033041,355626741365041,355626741384833,355626691556875,19792,1760,1760,355626591493083,355626591493083,355567338640625,0,real_frame,B,1,355626592741375,0,
3518,355626708163583,355626708163583,355626724699041,355626758031041,355626758051249,355626708183791,20208,1760,1760,355626591493083,355626591493083,355567338640625,0,real_frame,B,1,355626592741375,0,
3519,355626724819375,355626724819375,355626741365041,355626774697041,355626774717749,355626724840083,20708,1760,1760,355626591493083,355626591493083,355567338640625,0,real_frame,B,1,355626592741375,0,
3520,355626741490125,355626741490125,355626758031041,355626791363041,355626791384249,355626741511333,21208,1760,1760,355626591493083,355626591493083,355567338640625,0,real_frame,B,1,355626592741375,0,
3521,355626758147291,355626758147291,355626774697041,355626808029041,355626808050791,355626758169041,21750,1760,1760,355626591493083,355626591493083,355567338640625,0,real_frame,B,1,355626592741375,0,
3522,355626774837458,355626774837458,355626791363041,355626824695041,355626824717291,355626774859708,22250,1760,1760,355626591493083,355626591493083,355567338640625,0,real_frame,B,1,355626592741375,0,
3523,355626791486250,355626791486250,355626808029041,355626841361041,355626841383708,355626791508917,22667,1760,1760,355626591493083,355626591493083,355567338640625,0,real_frame,B,1,355626592741375,0,
3524,355626808174875,355626808174875,355626824695041,355626858027041,355626858050166,355626808198000,23125,1760,1760,355626591493083,355626591493083,355567338640625,0,real_frame,B,1,355626592741375,0,
3525,355626832295041,355626832295041,355626841361041,355626874693041,355626874716624,355626832318624,23583,1760,1760,355626591493083,355626591493083,355567338640625,0,real_frame,B,1,355626592741375,0,
3526,355626841391833,355626841391833,355626858027041,355626891359041,355626891383208,355626841416000,24167,1760,1760,355626591493083,355626591493083,355567338640625,0,real_frame,B,1,355626592741375,0,
3527,355626858067750,355626858067750,355626874693041,355626908025041,355626908049624,355626858092333,24583,1760,1760,355626591493083,355626591493083,355567338640625,0,real_frame,B,1,355626592741375,0,
3528,355626874768416,355626874768416,355626891359041,355626924691041,355626924716166,355626874793541,25125,1760,1760,355626591493083,355626591493083,355567338640625,0,real_frame,B,1,355626592741375,0,
3529,355626891441000,355626891441000,355626908025041,355626941357041,355626941382541,355626891466500,25500,1760,1760,355626591493083,355626591493083,355567338640625,0,real_frame,B,1,355626592741375,0,
3530,355626908120666,355626908120666,355626924691041,355626958023041,355626958049083,355626908146708,26042,1760,1760,355626591493083,355626591493083,355567338640625,0,real_frame,B,1,355626592741375,0,
3531,355626924797000,355626924797000,355626941357041,355626974689041,355626974715583,355626924823542,26542,1760,1760,355626591493083,355626591493083,355567338640625,0,real_frame,B,1,355626592741375,0,
3532,355626941443166,355626941443166,355626958023041,355626991355041,355626991381999,355626941470124,26958,1760,1760,355626591493083,355626591493083,355567338640625,0,real_frame,B,1,355626592741375,0,
3533,355626958112916,355626958112916,355626974689041,355627008021041,355627008048541,355626958140416,27500,1760,1760,355626591493083,355626591493083,355567338640625,0,real_frame,B,1,355626592741375,0,
3534,355626974787541,355626974787541,355626991355041,355627024687041,355627024714958,355626974815458,27917,1760,1760,355626591493083,355626591493083,355567338640625,0,real_frame,B,1,355626592741375,0,
3535,355626991445000,355626991445000,355627008021041,355627041353041,355627041381499,355626991473458,28458,1760,1760,355626591493083,355626591493083,355567338640625,0,real_frame,B,1,355626592741375,0,
3536,355627008154541,355627008154541,355627024687041,355627058019041,355627058047916,355627008183416,28875,1760,1760,355626591493083,355626591493083,355567338640625,0,real_frame,B,1,355626592741375,0,
3537,355627024803583,355627024803583,355627041353041,355627074685041,355627074714416,355627024832958,29375,1760,1760,355626591493083,355626591493083,355567338640625,0,real_frame,B,1,355626592741375,0,
3538,355627041509541,355627041509541,355627058019041,355627091351041,355627091380958,355627041539458,29917,1760,1760,355626591493083,355626591493083,355567338640625,0,real_frame,B,1,355626592741375,0,
3539,355627058154125,355627058154125,355627074685041,355627108017041,355627108047416,355627058184500,30375,1760,1760,355626591493083,355626591493083,355567338640625,0,real_frame,B,1,355626592741375,0,
3540,355627074848458,355627074848458,355627091351041,355627124683041,355627124713874,355627074879291,30833,1760,1760,355626591493083,355626591493083,355567338640625,0,real_frame,B,1,355626592741375,0,
3541,355627091496166,355627091496166,355627108017041,355627141349041,355627141380333,355627091527458,31292,1760,1760,355626591493083,355626591493083,355567338640625,0,real_frame,B,1,355626592741375,0,
3542,355627108141791,355627108141791,355627124683041,355627158015041,355627158046833,355627108173583,31792,1760,1760,355626591493083,355626591493083,355567338640625,0,real_frame,B,1,355626592741375,0,
3543,355627124829250,355627124829250,355627141349041,355627174681041,355627174713333,355627124861542,32292,1760,1760,355626591493083,355626591493083,355567338640625,0,real_frame,B,1,355626592741375,0,
3544,355627141492416,355627141492416,355627158015041,355627191347041,355627191379791,355627141525166,32750,1760,1760,355626591493083,355626591493083,355567338640625,0,real_frame,B,1,355626592741375,0,
3545,355627158178291,355627158178291,355627174681041,355627208013041,355627208046249,355627158211499,33208,1760,1760,355626591493083,355626591493083,355567338640625,0,real_frame,B,1,355626592741375,0,
3546,355627174847375,355627174847375,355627191347041,355627224679041,355627224712791,355627174881125,33750,1760,1760,355626591493083,355626591493083,355567338640625,0,real_frame,B,1,355626592741375,0,
3547,355627191440708,355627191440708,355627208013041,355627241345041,355627241379291,355627191474958,34250,1760,1760,355626591493083,355626591493083,355567338640625,0,real_frame,B,1,355626592741375,0,
3548,355627208121000,355627208121000,355627224679041,355627258011041,355627258045749,355627208155708,34708,1760,1760,355626591493083,355626591493083,355567338640625,0,real_frame,B,1,355626592741375,0,
3549,355627224778875,355627224778875,355627241345041,355627274677041,355627274712208,355627224814042,35167,1760,1760,355626591493083,355626591493083,355567338640625,0,real_frame,B,1,355626592741375,0,
3550,355627241502250,355627241502250,355627258011041,355627291343041,355627291378666,355627241537875,35625,1760,1760,355626591493083,355626591493083,355567338640625,0,real_frame,B,1,355626592741375,0,
3551,355627263496541,355627263496541,355627274677041,355627308009041,355627308045208,355627263532708,36167,1760,1760,355626591493083,355626591493083,355567338640625,0,real_frame,B,1,355626592741375,0,
3552,355627274704083,355627274704083,355627291343041,355627324675041,355627324711666,355627274740708,36625,1760,1760,355626591493083,355626591493083,355567338640625,0,real_frame,B,1,355626592741375,0,
3553,355627291406958,355627291406958,355627308009041,355627341341041,355627341378166,355627291444083,37125,1760,1760,355626591493083,355626591493083,355567338640625,0,real_frame,B,1,355626592741375,0,
3554,355627308059666,355627308059666,355627324675041,355627358007041,355627358044666,355627308097291,37625,1760,1760,355626591493083,355626591493083,355567338640625,0,real_frame,B,1,355626592741375,0,
3555,355627324783041,355627324783041,355627341341041,355627374673041,355627374711083,355627324821083,38042,1760,1760,355626591493083,355626591493083,355567338640625,0,real_frame,B,1,355626592741375,0,
3556,355627341433125,355627341433125,355627358007041,355627391339041,355627391377583,355627341471667,38542,1760,1760,355626591493083,355626591493083,355567338640625,0,real_frame,B,1,355626592741375,0,
3557,355627358097333,355627358097333,355627374673041,355627408005041,355627408044041,355627358136333,39000,1760,1760,355626591493083,355626591493083,355567338640625,0,real_frame,B,1,355626592741375,0,
3558,355627374777916,355627374777916,355627391339041,355627424671041,355627424710499,355627374817374,39458,1760,1760,355626591493083,355626591493083,355567338640625,0,real_frame,B,1,355626592741375,0,
3559,355627391441208,355627391441208,355627408005041,355627441337041,355627441377041,355627391481208,40000,1760,1760,355626591493083,355626591493083,355567338640625,0,real_frame,B,1,355626592741375,0,
3560,355627408123333,355627408123333,355627424671041,355627458003041,355627458043499,355627408163791,40458,1760,1760,355626591493083,355626591493083,355567338640625,0,real_frame,B,1,355626592741375,0,
3561,355627424798791,355627424798791,355627441337041,355627474669041,355627474710083,355627424839833,41042,1760,1760,355626591493083,355626591493083,355567338640625,0,real_frame,B,1,355626592741375,0,
3562,355627441434875,355627441434875,355627458003041,355627491335041,355627491376499,355627441476333,41458,1760,1760,355626591493083,355626591493083,355567338640625,0,real_frame,B,1,355626592741375,0,
3563,355627458114708,355627458114708,355627474669041,355627508001041,355627508042916,355627458156583,41875,1760,1760,355626591493083,355626591493083,355567338640625,0,real_frame,B,1,355626592741375,0,
3564,355627474774125,355627474774125,355627491335041,355627524667041,355627524709416,355627474816500,42375,1760,1760,355626591493083,355626591493083,355567338640625,0,real_frame,B,1,355626592741375,0,
3565,355627491459958,355627491459958,355627508001041,355627541333041,355627541375874,355627491502791,42833,1760,1760,355626591493083,355626591493083,355567338640625,0,real_frame,B,1,355626592741375,0,
3566,355627508137833,355627508137833,355627524667041,355627557999041,355627558042374,355627508181166,43333,1760,1760,355626591493083,355626591493083,355567338640625,0,real_frame,B,1,355626592741375,0,
3567,355627524831208,355627524831208,355627541333041,355627574665041,355627574708874,355627524875041,43833,1760,1760,355626591493083,355626591493083,355567338640625,0,real_frame,B,1,355626592741375,0,
3568,355627541496541,355627541496541,355627557999041,355627591331041,355627591375374,355627541540874,44333,1760,1760,355626591493083,355626591493083,355567338640625,0,real_frame,B,1,355626592741375,0,
3569,355627558174958,355627558174958,355627574665041,355627607997041,355627608041833,355627558219750,44792,1760,1760,355626591493083,355626591493083,355567338640625,0,real_frame,B,1,355626592741375,0,
3570,355627574811250,355627574811250,355627591331041,355627624663041,355627624708291,355627574856500,45250,1760,1760,355626591493083,355626591493083,355567338640625,0,real_frame,B,1,355626592741375,0,
3571,355627591465583,355627591465583,355627607997041,355627641329041,355627641374833,355627591511375,45792,1760,1760,355626591493083,355626591493083,355567338640625,0,real_frame,B,1,355626592741375,0,
3572,355627608130291,355627608130291,355627624663041,355627657995041,355627658041249,355627608176499,46208,1760,1760,355626591493083,355626591493083,355567338640625,0,real_frame,B,1,355626592741375,0,
3573,355627624809500,355627624809500,355627641329041,355627674661041,355627674707749,355627624856208,46708,1760,1760,355626591493083,355626591493083,355567338640625,0,real_frame,B,1,355626592741375,0,
