event,app_present_seq,elapsed_us,present_hr,requested_buffer_index,current_backbuffer_index_before,current_backbuffer_index_after,current_index_query_hr,buffer0_query_hr,color_id,static_texture_mode,window_visible,window_iconic,window_foreground
present,1,768514,0x00000000,0,0,0,0x00000000,0x00000000,0,0,1,0,1
present,2,787114,0x00000000,0,0,0,0x00000000,0x00000000,0,0,1,0,1
present,3,794572,0x00000000,0,0,0,0x00000000,0x00000000,0,0,1,0,1
present,4,795757,0x00000000,0,0,0,0x00000000,0x00000000,0,0,1,0,1
present,5,796330,0x00000000,0,0,0,0x00000000,0x00000000,0,0,1,0,1
present,6,796816,0x00000000,0,0,0,0x00000000,0x00000000,0,0,1,0,1
present,7,797244,0x00000000,0,0,0,0x00000000,0x00000000,0,0,1,0,1
present,8,797841,0x00000000,0,0,0,0x00000000,0x00000000,0,0,1,0,1
present,9,798053,0x00000000,0,0,0,0x00000000,0x00000000,0,0,1,0,1
present,10,798450,0x00000000,0,0,0,0x00000000,0x00000000,0,0,1,0,1
present,11,798939,0x00000000,0,0,0,0x00000000,0x00000000,0,0,1,0,1
present,12,799329,0x00000000,0,0,0,0x00000000,0x00000000,0,0,1,0,1
present,13,799741,0x00000000,0,0,0,0x00000000,0x00000000,0,0,1,0,1
present,14,800181,0x00000000,0,0,0,0x00000000,0x00000000,0,0,1,0,1
present,15,800585,0x00000000,0,0,0,0x00000000,0x00000000,0,0,1,0,1
present,16,800987,0x00000000,0,0,0,0x00000000,0x00000000,0,0,1,0,1
present,17,801451,0x00000000,0,0,0,0x00000000,0x00000000,0,0,1,0,1
present,18,801872,0x00000000,0,0,0,0x00000000,0x00000000,0,0,1,0,1
present,19,802310,0x00000000,0,0,0,0x00000000,0x00000000,0,0,1,0,1
present,20,802696,0x00000000,0,0,0,0x00000000,0x00000000,0,0,1,0,1
present,21,803134,0x00000000,0,0,0,0x00000000,0x00000000,0,0,1,0,1
present,22,803503,0x00000000,0,0,0,0x00000000,0x00000000,0,0,1,0,1
present,23,803891,0x00000000,0,0,0,0x00000000,0x00000000,0,0,1,0,1
present,24,804250,0x00000000,0,0,0,0x00000000,0x00000000,0,0,1,0,1
present,25,804682,0x00000000,0,0,0,0x00000000,0x00000000,0,0,1,0,1
present,26,835589,0x00000000,0,0,0,0x00000000,0x00000000,0,0,1,0,1
present,27,868955,0x00000000,0,0,0,0x00000000,0x00000000,0,0,1,0,1
present,28,904027,0x00000000,0,0,0,0x00000000,0x00000000,0,0,1,0,1
present,29,937088,0x00000000,0,0,0,0x00000000,0x00000000,0,0,1,0,1
present,30,970138,0x00000000,0,0,0,0x00000000,0x00000000,0,0,1,0,1
present,31,1003195,0x00000000,0,0,0,0x00000000,0x00000000,0,0,1,0,1
present,32,1035635,0x00000000,0,0,0,0x00000000,0x00000000,0,0,1,0,1
present,33,1066708,0x00000000,0,0,0,0x00000000,0x00000000,0,0,1,0,1
present,34,1102218,0x00000000,0,0,0,0x00000000,0x00000000,0,0,1,0,1
present,35,1135929,0x00000000,0,0,0,0x00000000,0x00000000,0,0,1,0,1
present,36,1168940,0x00000000,0,0,0,0x00000000,0x00000000,0,0,1,0,1
present,37,1202274,0x00000000,0,0,0,0x00000000,0x00000000,0,0,1,0,1
present,38,1236401,0x00000000,0,0,0,0x00000000,0x00000000,0,0,1,0,1
present,39,1268984,0x00000000,0,0,0,0x00000000,0x00000000,0,0,1,0,1
present,40,1303106,0x00000000,0,0,0,0x00000000,0x00000000,0,0,1,0,1
present,41,1337218,0x00000000,0,0,0,0x00000000,0x00000000,0,0,1,0,1
present,42,1370298,0x00000000,0,0,0,0x00000000,0x00000000,0,0,1,0,1
present,43,1403374,0x00000000,0,0,0,0x00000000,0x00000000,0,0,1,0,1
present,44,1435580,0x00000000,0,0,0,0x00000000,0x00000000,0,0,1,0,1
present,45,1470019,0x00000000,0,0,0,0x00000000,0x00000000,0,0,1,0,1
present,46,1501811,0x00000000,0,0,0,0x00000000,0x00000000,0,0,1,0,1
present,47,1536865,0x00000000,0,0,0,0x00000000,0x00000000,0,0,1,0,1
present,48,1569099,0x00000000,0,0,0,0x00000000,0x00000000,0,0,1,0,1
present,49,1602392,0x00000000,0,0,0,0x00000000,0x00000000,0,0,1,0,1
present,50,1634939,0x00000000,0,0,0,0x00000000,0x00000000,0,0,1,0,1
present,51,1670362,0x00000000,0,0,0,0x00000000,0x00000000,0,0,1,0,1
present,52,1702436,0x00000000,0,0,0,0x00000000,0x00000000,0,0,1,0,1
present,53,1733739,0x00000000,0,0,0,0x00000000,0x00000000,0,0,1,0,1
present,54,1769020,0x00000000,0,0,0,0x00000000,0x00000000,0,0,1,0,1
present,55,1802378,0x00000000,0,0,0,0x00000000,0x00000000,0,0,1,0,1
present,56,1834672,0x00000000,0,0,0,0x00000000,0x00000000,0,0,1,0,1
present,57,1869334,0x00000000,0,0,0,0x00000000,0x00000000,0,0,1,0,1
present,58,1902533,0x00000000,0,0,0,0x00000000,0x00000000,0,0,1,0,1
present,59,1935906,0x00000000,0,0,0,0x00000000,0x00000000,0,0,1,0,1
present,60,1970497,0x00000000,0,0,0,0x00000000,0x00000000,0,0,1,0,1
present,61,2003023,0x00000000,0,0,0,0x00000000,0x00000000,1,0,1,0,1
present,62,2035785,0x00000000,0,0,0,0x00000000,0x00000000,1,0,1,0,1
present,63,2070139,0x00000000,0,0,0,0x00000000,0x00000000,1,0,1,0,1
present,64,2102107,0x00000000,0,0,0,0x00000000,0x00000000,1,0,1,0,1
present,65,2136764,0x00000000,0,0,0,0x00000000,0x00000000,1,0,1,0,1
present,66,2170085,0x00000000,0,0,0,0x00000000,0x00000000,1,0,1,0,1
present,67,2202382,0x00000000,0,0,0,0x00000000,0x00000000,1,0,1,0,1
present,68,2235694,0x00000000,0,0,0,0x00000000,0x00000000,1,0,1,0,1
present,69,2266756,0x00000000,0,0,0,0x00000000,0x00000000,1,0,1,0,1
present,70,2302261,0x00000000,0,0,0,0x00000000,0x00000000,1,0,1,0,1
present,71,2333376,0x00000000,0,0,0,0x00000000,0x00000000,1,0,1,0,1
present,72,2368887,0x00000000,0,0,0,0x00000000,0x00000000,1,0,1,0,1
present,73,2403997,0x00000000,0,0,0,0x00000000,0x00000000,1,0,1,0,1
present,74,2435586,0x00000000,0,0,0,0x00000000,0x00000000,1,0,1,0,1
present,75,2469200,0x00000000,0,0,0,0x00000000,0x00000000,1,0,1,0,1
present,76,2502171,0x00000000,0,0,0,0x00000000,0x00000000,1,0,1,0,1
present,77,2536683,0x00000000,0,0,0,0x00000000,0x00000000,1,0,1,0,1
present,78,2569937,0x00000000,0,0,0,0x00000000,0x00000000,1,0,1,0,1
present,79,2603255,0x00000000,0,0,0,0x00000000,0x00000000,1,0,1,0,1
present,80,2635685,0x00000000,0,0,0,0x00000000,0x00000000,1,0,1,0,1
present,81,2669146,0x00000000,0,0,0,0x00000000,0x00000000,1,0,1,0,1
present,82,2702351,0x00000000,0,0,0,0x00000000,0x00000000,1,0,1,0,1
present,83,2735645,0x00000000,0,0,0,0x00000000,0x00000000,1,0,1,0,1
present,84,2770103,0x00000000,0,0,0,0x00000000,0x00000000,1,0,1,0,1
present,85,2803443,0x00000000,0,0,0,0x00000000,0x00000000,1,0,1,0,1
present,86,2835677,0x00000000,0,0,0,0x00000000,0x00000000,1,0,1,0,1
present,87,2867920,0x00000000,0,0,0,0x00000000,0x00000000,1,0,1,0,1
present,88,2902346,0x00000000,0,0,0,0x00000000,0x00000000,1,0,1,0,1
present,89,2934646,0x00000000,0,0,0,0x00000000,0x00000000,1,0,1,0,1
present,90,2969002,0x00000000,0,0,0,0x00000000,0x00000000,1,0,1,0,1
present,91,3001899,0x00000000,0,0,0,0x00000000,0x00000000,1,0,1,0,1
present,92,3037026,0x00000000,0,0,0,0x00000000,0x00000000,1,0,1,0,1
present,93,3067892,0x00000000,0,0,0,0x00000000,0x00000000,1,0,1,0,1
present,94,3103624,0x00000000,0,0,0,0x00000000,0x00000000,1,0,1,0,1
present,95,3135222,0x00000000,0,0,0,0x00000000,0x00000000,1,0,1,0,1
present,96,3168918,0x00000000,0,0,0,0x00000000,0x00000000,1,0,1,0,1
present,97,3202309,0x00000000,0,0,0,0x00000000,0x00000000,1,0,1,0,1
present,98,3236238,0x00000000,0,0,0,0x00000000,0x00000000,1,0,1,0,1
present,99,3268500,0x00000000,0,0,0,0x00000000,0x00000000,1,0,1,0,1
present,100,3301238,0x00000000,0,0,0,0x00000000,0x00000000,1,0,1,0,1
present,101,3333478,0x00000000,0,0,0,0x00000000,0x00000000,1,0,1,0,1
present,102,3369044,0x00000000,0,0,0,0x00000000,0x00000000,1,0,1,0,1
present,103,3401925,0x00000000,0,0,0,0x00000000,0x00000000,1,0,1,0,1
present,104,3435679,0x00000000,0,0,0,0x00000000,0x00000000,1,0,1,0,1
present,105,3468995,0x00000000,0,0,0,0x00000000,0x00000000,1,0,1,0,1
present,106,3502330,0x00000000,0,0,0,0x00000000,0x00000000,1,0,1,0,1
present,107,3535724,0x00000000,0,0,0,0x00000000,0x00000000,1,0,1,0,1
present,108,3568995,0x00000000,0,0,0,0x00000000,0x00000000,1,0,1,0,1
present,109,3603441,0x00000000,0,0,0,0x00000000,0x00000000,1,0,1,0,1
present,110,3636789,0x00000000,0,0,0,0x00000000,0x00000000,1,0,1,0,1
present,111,3670205,0x00000000,0,0,0,0x00000000,0x00000000,1,0,1,0,1
present,112,3702337,0x00000000,0,0,0,0x00000000,0x00000000,1,0,1,0,1
present,113,3735835,0x00000000,0,0,0,0x00000000,0x00000000,1,0,1,0,1
present,114,3767833,0x00000000,0,0,0,0x00000000,0x00000000,1,0,1,0,1
present,115,3800300,0x00000000,0,0,0,0x00000000,0x00000000,1,0,1,0,1
present,116,3835278,0x00000000,0,0,0,0x00000000,0x00000000,1,0,1,0,1
present,117,3867790,0x00000000,0,0,0,0x00000000,0x00000000,1,0,1,0,1
present,118,3903939,0x00000000,0,0,0,0x00000000,0x00000000,1,0,1,0,1
present,119,3937130,0x00000000,0,0,0,0x00000000,0x00000000,1,0,1,0,1
present,120,3969001,0x00000000,0,0,0,0x00000000,0x00000000,1,0,1,0,1
present,121,4003385,0x00000000,0,0,0,0x00000000,0x00000000,2,0,1,0,1
present,122,4036805,0x00000000,0,0,0,0x00000000,0x00000000,2,0,1,0,1
present,123,4069536,0x00000000,0,0,0,0x00000000,0x00000000,2,0,1,0,1
present,124,4103962,0x00000000,0,0,0,0x00000000,0x00000000,2,0,1,0,1
present,125,4134606,0x00000000,0,0,0,0x00000000,0x00000000,2,0,1,0,1
present,126,4167912,0x00000000,0,0,0,0x00000000,0x00000000,2,0,1,0,1
present,127,4201240,0x00000000,0,0,0,0x00000000,0x00000000,2,0,1,0,1
present,128,4236243,0x00000000,0,0,0,0x00000000,0x00000000,2,0,1,0,1
present,129,4266816,0x00000000,0,0,0,0x00000000,0x00000000,2,0,1,0,1
present,130,4301210,0x00000000,0,0,0,0x00000000,0x00000000,2,0,1,0,1
present,131,4336595,0x00000000,0,0,0,0x00000000,0x00000000,2,0,1,0,1
present,132,4370001,0x00000000,0,0,0,0x00000000,0x00000000,2,0,1,0,1
present,133,4400140,0x00000000,0,0,0,0x00000000,0x00000000,2,0,1,0,1
present,134,4435643,0x00000000,0,0,0,0x00000000,0x00000000,2,0,1,0,1
present,135,4470076,0x00000000,0,0,0,0x00000000,0x00000000,2,0,1,0,1
present,136,4503471,0x00000000,0,0,0,0x00000000,0x00000000,2,0,1,0,1
present,137,4535678,0x00000000,0,0,0,0x00000000,0x00000000,2,0,1,0,1
present,138,4570090,0x00000000,0,0,0,0x00000000,0x00000000,2,0,1,0,1
present,139,4601169,0x00000000,0,0,0,0x00000000,0x00000000,2,0,1,0,1
present,140,4637421,0x00000000,0,0,0,0x00000000,0x00000000,2,0,1,0,1
present,141,4669006,0x00000000,0,0,0,0x00000000,0x00000000,2,0,1,0,1
present,142,4702317,0x00000000,0,0,0,0x00000000,0x00000000,2,0,1,0,1
present,143,4734551,0x00000000,0,0,0,0x00000000,0x00000000,2,0,1,0,1
present,144,4769345,0x00000000,0,0,0,0x00000000,0x00000000,2,0,1,0,1
present,145,4802373,0x00000000,0,0,0,0x00000000,0x00000000,2,0,1,0,1
present,146,4835854,0x00000000,0,0,0,0x00000000,0x00000000,2,0,1,0,1
present,147,4868286,0x00000000,0,0,0,0x00000000,0x00000000,2,0,1,0,1
present,148,4904605,0x00000000,0,0,0,0x00000000,0x00000000,2,0,1,0,1
present,149,4937117,0x00000000,0,0,0,0x00000000,0x00000000,2,0,1,0,1
present,150,4967957,0x00000000,0,0,0,0x00000000,0x00000000,2,0,1,0,1
present,151,5002418,0x00000000,0,0,0,0x00000000,0x00000000,2,0,1,0,1
present,152,5035738,0x00000000,0,0,0,0x00000000,0x00000000,2,0,1,0,1
present,153,5070135,0x00000000,0,0,0,0x00000000,0x00000000,2,0,1,0,1
present,154,5103924,0x00000000,0,0,0,0x00000000,0x00000000,2,0,1,0,1
present,155,5137309,0x00000000,0,0,0,0x00000000,0x00000000,2,0,1,0,1
present,156,5168045,0x00000000,0,0,0,0x00000000,0x00000000,2,0,1,0,1
present,157,5204086,0x00000000,0,0,0,0x00000000,0x00000000,2,0,1,0,1
present,158,5237515,0x00000000,0,0,0,0x00000000,0x00000000,2,0,1,0,1
present,159,5269908,0x00000000,0,0,0,0x00000000,0x00000000,2,0,1,0,1
present,160,5302381,0x00000000,0,0,0,0x00000000,0x00000000,2,0,1,0,1
present,161,5335697,0x00000000,0,0,0,0x00000000,0x00000000,2,0,1,0,1
present,162,5369785,0x00000000,0,0,0,0x00000000,0x00000000,2,0,1,0,1
present,163,5402824,0x00000000,0,0,0,0x00000000,0x00000000,2,0,1,0,1
present,164,5435688,0x00000000,0,0,0,0x00000000,0x00000000,2,0,1,0,1
present,165,5470405,0x00000000,0,0,0,0x00000000,0x00000000,2,0,1,0,1
present,166,5503792,0x00000000,0,0,0,0x00000000,0x00000000,2,0,1,0,1
present,167,5534599,0x00000000,0,0,0,0x00000000,0x00000000,2,0,1,0,1
present,168,5569818,0x00000000,0,0,0,0x00000000,0x00000000,2,0,1,0,1
present,169,5603555,0x00000000,0,0,0,0x00000000,0x00000000,2,0,1,0,1
present,170,5636897,0x00000000,0,0,0,0x00000000,0x00000000,2,0,1,0,1
present,171,5669050,0x00000000,0,0,0,0x00000000,0x00000000,2,0,1,0,1
present,172,5705198,0x00000000,0,0,0,0x00000000,0x00000000,2,0,1,0,1
present,173,5736141,0x00000000,0,0,0,0x00000000,0x00000000,2,0,1,0,1
present,174,5770529,0x00000000,0,0,0,0x00000000,0x00000000,2,0,1,0,1
present,175,5800557,0x00000000,0,0,0,0x00000000,0x00000000,2,0,1,0,1
present,176,5835785,0x00000000,0,0,0,0x00000000,0x00000000,2,0,1,0,1
present,177,5869011,0x00000000,0,0,0,0x00000000,0x00000000,2,0,1,0,1
present,178,5902075,0x00000000,0,0,0,0x00000000,0x00000000,2,0,1,0,1
present,179,5933775,0x00000000,0,0,0,0x00000000,0x00000000,2,0,1,0,1
present,180,5969363,0x00000000,0,0,0,0x00000000,0x00000000,2,0,1,0,1
present,181,6002383,0x00000000,0,0,0,0x00000000,0x00000000,3,0,1,0,1
present,182,6036770,0x00000000,0,0,0,0x00000000,0x00000000,3,0,1,0,1
present,183,6069189,0x00000000,0,0,0,0x00000000,0x00000000,3,0,1,0,1
present,184,6103618,0x00000000,0,0,0,0x00000000,0x00000000,3,0,1,0,1
present,185,6134586,0x00000000,0,0,0,0x00000000,0x00000000,3,0,1,0,1
present,186,6166834,0x00000000,0,0,0,0x00000000,0x00000000,3,0,1,0,1
present,187,6201497,0x00000000,0,0,0,0x00000000,0x00000000,3,0,1,0,1
present,188,6233513,0x00000000,0,0,0,0x00000000,0x00000000,3,0,1,0,1
present,189,6268998,0x00000000,0,0,0,0x00000000,0x00000000,3,0,1,0,1
present,190,6302334,0x00000000,0,0,0,0x00000000,0x00000000,3,0,1,0,1
present,191,6336806,0x00000000,0,0,0,0x00000000,0x00000000,3,0,1,0,1
present,192,6370216,0x00000000,0,0,0,0x00000000,0x00000000,3,0,1,0,1
present,193,6402519,0x00000000,0,0,0,0x00000000,0x00000000,3,0,1,0,1
present,194,6434522,0x00000000,0,0,0,0x00000000,0x00000000,3,0,1,0,1
present,195,6469137,0x00000000,0,0,0,0x00000000,0x00000000,3,0,1,0,1
present,196,6500163,0x00000000,0,0,0,0x00000000,0x00000000,3,0,1,0,1
present,197,6535727,0x00000000,0,0,0,0x00000000,0x00000000,3,0,1,0,1
present,198,6568995,0x00000000,0,0,0,0x00000000,0x00000000,3,0,1,0,1
present,199,6602317,0x00000000,0,0,0,0x00000000,0x00000000,3,0,1,0,1
present,200,6635687,0x00000000,0,0,0,0x00000000,0x00000000,3,0,1,0,1
present,201,6668928,0x00000000,0,0,0,0x00000000,0x00000000,3,0,1,0,1
present,202,6703109,0x00000000,0,0,0,0x00000000,0x00000000,3,0,1,0,1
present,203,6735468,0x00000000,0,0,0,0x00000000,0x00000000,3,0,1,0,1
present,204,6770543,0x00000000,0,0,0,0x00000000,0x00000000,3,0,1,0,1
present,205,6803649,0x00000000,0,0,0,0x00000000,0x00000000,3,0,1,0,1
present,206,6836445,0x00000000,0,0,0,0x00000000,0x00000000,3,0,1,0,1
present,207,6868784,0x00000000,0,0,0,0x00000000,0x00000000,3,0,1,0,1
present,208,6903934,0x00000000,0,0,0,0x00000000,0x00000000,3,0,1,0,1
present,209,6937018,0x00000000,0,0,0,0x00000000,0x00000000,3,0,1,0,1
present,210,6970097,0x00000000,0,0,0,0x00000000,0x00000000,3,0,1,0,1
present,211,7003180,0x00000000,0,0,0,0x00000000,0x00000000,3,0,1,0,1
present,212,7037344,0x00000000,0,0,0,0x00000000,0x00000000,3,0,1,0,1
present,213,7069015,0x00000000,0,0,0,0x00000000,0x00000000,3,0,1,0,1
present,214,7102203,0x00000000,0,0,0,0x00000000,0x00000000,3,0,1,0,1
present,215,7136591,0x00000000,0,0,0,0x00000000,0x00000000,3,0,1,0,1
present,216,7169993,0x00000000,0,0,0,0x00000000,0x00000000,3,0,1,0,1
present,217,7202465,0x00000000,0,0,0,0x00000000,0x00000000,3,0,1,0,1
present,218,7236264,0x00000000,0,0,0,0x00000000,0x00000000,3,0,1,0,1
present,219,7270698,0x00000000,0,0,0,0x00000000,0x00000000,3,0,1,0,1
present,220,7302439,0x00000000,0,0,0,0x00000000,0x00000000,3,0,1,0,1
present,221,7335736,0x00000000,0,0,0,0x00000000,0x00000000,3,0,1,0,1
present,222,7367870,0x00000000,0,0,0,0x00000000,0x00000000,3,0,1,0,1
present,223,7403307,0x00000000,0,0,0,0x00000000,0x00000000,3,0,1,0,1
present,224,7433525,0x00000000,0,0,0,0x00000000,0x00000000,3,0,1,0,1
present,225,7466810,0x00000000,0,0,0,0x00000000,0x00000000,3,0,1,0,1
present,226,7503235,0x00000000,0,0,0,0x00000000,0x00000000,3,0,1,0,1
present,227,7536622,0x00000000,0,0,0,0x00000000,0x00000000,3,0,1,0,1
present,228,7567915,0x00000000,0,0,0,0x00000000,0x00000000,3,0,1,0,1
present,229,7601124,0x00000000,0,0,0,0x00000000,0x00000000,3,0,1,0,1
present,230,7635673,0x00000000,0,0,0,0x00000000,0x00000000,3,0,1,0,1
present,231,7667850,0x00000000,0,0,0,0x00000000,0x00000000,3,0,1,0,1
present,232,7700162,0x00000000,0,0,0,0x00000000,0x00000000,3,0,1,0,1
present,233,7738007,0x00000000,0,0,0,0x00000000,0x00000000,3,0,1,0,1
present,234,7767383,0x00000000,0,0,0,0x00000000,0x00000000,3,0,1,0,1
present,235,7802335,0x00000000,0,0,0,0x00000000,0x00000000,3,0,1,0,1
present,236,7836840,0x00000000,0,0,0,0x00000000,0x00000000,3,0,1,0,1
present,237,7869075,0x00000000,0,0,0,0x00000000,0x00000000,3,0,1,0,1
present,238,7902300,0x00000000,0,0,0,0x00000000,0x00000000,3,0,1,0,1
present,239,7936727,0x00000000,0,0,0,0x00000000,0x00000000,3,0,1,0,1
present,240,7970171,0x00000000,0,0,0,0x00000000,0x00000000,3,0,1,0,1
present,241,8002412,0x00000000,0,0,0,0x00000000,0x00000000,0,0,1,0,1
present,242,8035784,0x00000000,0,0,0,0x00000000,0x00000000,0,0,1,0,1
present,243,8066824,0x00000000,0,0,0,0x00000000,0x00000000,0,0,1,0,1
present,244,8104486,0x00000000,0,0,0,0x00000000,0x00000000,0,0,1,0,1
present,245,8133518,0x00000000,0,0,0,0x00000000,0x00000000,0,0,1,0,1
present,246,8167868,0x00000000,0,0,0,0x00000000,0x00000000,0,0,1,0,1
present,247,8203327,0x00000000,0,0,0,0x00000000,0x00000000,0,0,1,0,1
present,248,8233502,0x00000000,0,0,0,0x00000000,0x00000000,0,0,1,0,1
present,249,8267905,0x00000000,0,0,0,0x00000000,0x00000000,0,0,1,0,1
present,250,8303348,0x00000000,0,0,0,0x00000000,0x00000000,0,0,1,0,1
present,251,8336494,0x00000000,0,0,0,0x00000000,0x00000000,0,0,1,0,1
present,252,8367409,0x00000000,0,0,0,0x00000000,0x00000000,0,0,1,0,1
present,253,8400553,0x00000000,0,0,0,0x00000000,0x00000000,0,0,1,0,1
present,254,8435679,0x00000000,0,0,0,0x00000000,0x00000000,0,0,1,0,1
present,255,8470085,0x00000000,0,0,0,0x00000000,0x00000000,0,0,1,0,1
present,256,8502290,0x00000000,0,0,0,0x00000000,0x00000000,0,0,1,0,1
present,257,8534507,0x00000000,0,0,0,0x00000000,0x00000000,0,0,1,0,1
present,258,8568034,0x00000000,0,0,0,0x00000000,0x00000000,0,0,1,0,1
present,259,8601390,0x00000000,0,0,0,0x00000000,0x00000000,0,0,1,0,1
present,260,8634447,0x00000000,0,0,0,0x00000000,0x00000000,0,0,1,0,1
present,261,8669858,0x00000000,0,0,0,0x00000000,0x00000000,0,0,1,0,1
present,262,8701210,0x00000000,0,0,0,0x00000000,0x00000000,0,0,1,0,1
present,263,8736604,0x00000000,0,0,0,0x00000000,0x00000000,0,0,1,0,1
present,264,8770068,0x00000000,0,0,0,0x00000000,0x00000000,0,0,1,0,1
present,265,8802223,0x00000000,0,0,0,0x00000000,0x00000000,0,0,1,0,1
present,266,8836566,0x00000000,0,0,0,0x00000000,0x00000000,0,0,1,0,1
present,267,8868835,0x00000000,0,0,0,0x00000000,0x00000000,0,0,1,0,1
present,268,8902388,0x00000000,0,0,0,0x00000000,0x00000000,0,0,1,0,1
present,269,8936901,0x00000000,0,0,0,0x00000000,0x00000000,0,0,1,0,1
present,270,8968928,0x00000000,0,0,0,0x00000000,0x00000000,0,0,1,0,1
present,271,9004113,0x00000000,0,0,0,0x00000000,0x00000000,0,0,1,0,1
present,272,9037529,0x00000000,0,0,0,0x00000000,0x00000000,0,0,1,0,1
present,273,9068061,0x00000000,0,0,0,0x00000000,0x00000000,0,0,1,0,1
present,274,9113511,0x00000000,0,0,0,0x00000000,0x00000000,0,0,1,0,1
present,275,9135422,0x00000000,0,0,0,0x00000000,0x00000000,0,0,1,0,1
present,276,9167946,0x00000000,0,0,0,0x00000000,0x00000000,0,0,1,0,1
present,277,9202091,0x00000000,0,0,0,0x00000000,0x00000000,0,0,1,0,1
present,278,9237244,0x00000000,0,0,0,0x00000000,0x00000000,0,0,1,0,1
present,279,9270517,0x00000000,0,0,0,0x00000000,0x00000000,0,0,1,0,1
present,280,9302063,0x00000000,0,0,0,0x00000000,0x00000000,0,0,1,0,1
present,281,9337537,0x00000000,0,0,0,0x00000000,0x00000000,0,0,1,0,1
present,282,9368973,0x00000000,0,0,0,0x00000000,0x00000000,0,0,1,0,1
present,283,9401543,0x00000000,0,0,0,0x00000000,0x00000000,0,0,1,0,1
present,284,9435739,0x00000000,0,0,0,0x00000000,0x00000000,0,0,1,0,1
present,285,9468828,0x00000000,0,0,0,0x00000000,0x00000000,0,0,1,0,1
present,286,9502382,0x00000000,0,0,0,0x00000000,0x00000000,0,0,1,0,1
present,287,9536799,0x00000000,0,0,0,0x00000000,0x00000000,0,0,1,0,1
present,288,9569090,0x00000000,0,0,0,0x00000000,0x00000000,0,0,1,0,1
present,289,9602317,0x00000000,0,0,0,0x00000000,0x00000000,0,0,1,0,1
present,290,9635706,0x00000000,0,0,0,0x00000000,0x00000000,0,0,1,0,1
present,291,9668174,0x00000000,0,0,0,0x00000000,0x00000000,0,0,1,0,1
present,292,9703563,0x00000000,0,0,0,0x00000000,0x00000000,0,0,1,0,1
present,293,9736439,0x00000000,0,0,0,0x00000000,0x00000000,0,0,1,0,1
present,294,9769109,0x00000000,0,0,0,0x00000000,0x00000000,0,0,1,0,1
present,295,9800629,0x00000000,0,0,0,0x00000000,0x00000000,0,0,1,0,1
present,296,9837229,0x00000000,0,0,0,0x00000000,0x00000000,0,0,1,0,1
present,297,9869817,0x00000000,0,0,0,0x00000000,0x00000000,0,0,1,0,1
present,298,9903040,0x00000000,0,0,0,0x00000000,0x00000000,0,0,1,0,1
present,299,9934767,0x00000000,0,0,0,0x00000000,0x00000000,0,0,1,0,1
present,300,9970160,0x00000000,0,0,0,0x00000000,0x00000000,0,0,1,0,1
present,301,10003553,0x00000000,0,0,0,0x00000000,0x00000000,1,0,1,0,1
present,302,10035653,0x00000000,0,0,0,0x00000000,0x00000000,1,0,1,0,1
present,303,10068985,0x00000000,0,0,0,0x00000000,0x00000000,1,0,1,0,1
present,304,10109598,0x00000000,0,0,0,0x00000000,0x00000000,1,0,1,0,1
present,305,10136378,0x00000000,0,0,0,0x00000000,0x00000000,1,0,1,0,1
present,306,10169043,0x00000000,0,0,0,0x00000000,0x00000000,1,0,1,0,1
present,307,10203460,0x00000000,0,0,0,0x00000000,0x00000000,1,0,1,0,1
present,308,10236878,0x00000000,0,0,0,0x00000000,0x00000000,1,0,1,0,1
present,309,10270297,0x00000000,0,0,0,0x00000000,0x00000000,1,0,1,0,1
present,310,10303238,0x00000000,0,0,0,0x00000000,0x00000000,1,0,1,0,1
present,311,10336627,0x00000000,0,0,0,0x00000000,0x00000000,1,0,1,0,1
present,312,10370320,0x00000000,0,0,0,0x00000000,0x00000000,1,0,1,0,1
present,313,10405496,0x00000000,0,0,0,0x00000000,0x00000000,1,0,1,0,1
present,314,10435910,0x00000000,0,0,0,0x00000000,0x00000000,1,0,1,0,1
present,315,10469049,0x00000000,0,0,0,0x00000000,0x00000000,1,0,1,0,1
present,316,10502231,0x00000000,0,0,0,0x00000000,0x00000000,1,0,1,0,1
present,317,10536806,0x00000000,0,0,0,0x00000000,0x00000000,1,0,1,0,1
present,318,10568791,0x00000000,0,0,0,0x00000000,0x00000000,1,0,1,0,1
present,319,10603947,0x00000000,0,0,0,0x00000000,0x00000000,1,0,1,0,1
present,320,10635202,0x00000000,0,0,0,0x00000000,0x00000000,1,0,1,0,1
present,321,10668950,0x00000000,0,0,0,0x00000000,0x00000000,1,0,1,0,1
present,322,10703367,0x00000000,0,0,0,0x00000000,0x00000000,1,0,1,0,1
present,323,10736777,0x00000000,0,0,0,0x00000000,0x00000000,1,0,1,0,1
present,324,10767817,0x00000000,0,0,0,0x00000000,0x00000000,1,0,1,0,1
present,325,10803655,0x00000000,0,0,0,0x00000000,0x00000000,1,0,1,0,1
present,326,10835646,0x00000000,0,0,0,0x00000000,0x00000000,1,0,1,0,1
present,327,10867814,0x00000000,0,0,0,0x00000000,0x00000000,1,0,1,0,1
present,328,10902456,0x00000000,0,0,0,0x00000000,0x00000000,1,0,1,0,1
present,329,10935659,0x00000000,0,0,0,0x00000000,0x00000000,1,0,1,0,1
present,330,10970052,0x00000000,0,0,0,0x00000000,0x00000000,1,0,1,0,1
present,331,11003455,0x00000000,0,0,0,0x00000000,0x00000000,1,0,1,0,1
present,332,11036982,0x00000000,0,0,0,0x00000000,0x00000000,1,0,1,0,1
present,333,11068893,0x00000000,0,0,0,0x00000000,0x00000000,1,0,1,0,1
present,334,11102810,0x00000000,0,0,0,0x00000000,0x00000000,1,0,1,0,1
present,335,11135786,0x00000000,0,0,0,0x00000000,0x00000000,1,0,1,0,1
present,336,11168911,0x00000000,0,0,0,0x00000000,0x00000000,1,0,1,0,1
present,337,11202310,0x00000000,0,0,0,0x00000000,0x00000000,1,0,1,0,1
present,338,11234493,0x00000000,0,0,0,0x00000000,0x00000000,1,0,1,0,1
present,339,11267822,0x00000000,0,0,0,0x00000000,0x00000000,1,0,1,0,1
present,340,11303339,0x00000000,0,0,0,0x00000000,0x00000000,1,0,1,0,1
present,341,11335569,0x00000000,0,0,0,0x00000000,0x00000000,1,0,1,0,1
present,342,11368565,0x00000000,0,0,0,0x00000000,0x00000000,1,0,1,0,1
present,343,11403846,0x00000000,0,0,0,0x00000000,0x00000000,1,0,1,0,1
present,344,11434486,0x00000000,0,0,0,0x00000000,0x00000000,1,0,1,0,1
present,345,11469067,0x00000000,0,0,0,0x00000000,0x00000000,1,0,1,0,1
present,346,11502508,0x00000000,0,0,0,0x00000000,0x00000000,1,0,1,0,1
present,347,11535237,0x00000000,0,0,0,0x00000000,0x00000000,1,0,1,0,1
present,348,11567012,0x00000000,0,0,0,0x00000000,0x00000000,1,0,1,0,1
present,349,11600105,0x00000000,0,0,0,0x00000000,0x00000000,1,0,1,0,1
present,350,11635492,0x00000000,0,0,0,0x00000000,0x00000000,1,0,1,0,1
present,351,11670709,0x00000000,0,0,0,0x00000000,0x00000000,1,0,1,0,1
present,352,11702277,0x00000000,0,0,0,0x00000000,0x00000000,1,0,1,0,1
present,353,11735584,0x00000000,0,0,0,0x00000000,0x00000000,1,0,1,0,1
present,354,11770076,0x00000000,0,0,0,0x00000000,0x00000000,1,0,1,0,1
present,355,11801151,0x00000000,0,0,0,0x00000000,0x00000000,1,0,1,0,1
present,356,11834539,0x00000000,0,0,0,0x00000000,0x00000000,1,0,1,0,1
present,357,11868935,0x00000000,0,0,0,0x00000000,0x00000000,1,0,1,0,1
present,358,11903382,0x00000000,0,0,0,0x00000000,0x00000000,1,0,1,0,1
present,359,11936421,0x00000000,0,0,0,0x00000000,0x00000000,1,0,1,0,1
present,360,11968911,0x00000000,0,0,0,0x00000000,0x00000000,1,0,1,0,1
present,361,12003329,0x00000000,0,0,0,0x00000000,0x00000000,2,0,1,0,1
present,362,12034462,0x00000000,0,0,0,0x00000000,0x00000000,2,0,1,0,1
present,363,12068204,0x00000000,0,0,0,0x00000000,0x00000000,2,0,1,0,1
present,364,12102294,0x00000000,0,0,0,0x00000000,0x00000000,2,0,1,0,1
present,365,12134483,0x00000000,0,0,0,0x00000000,0x00000000,2,0,1,0,1
present,366,12169012,0x00000000,0,0,0,0x00000000,0x00000000,2,0,1,0,1
present,367,12203457,0x00000000,0,0,0,0x00000000,0x00000000,2,0,1,0,1
present,368,12234455,0x00000000,0,0,0,0x00000000,0x00000000,2,0,1,0,1
present,369,12269029,0x00000000,0,0,0,0x00000000,0x00000000,2,0,1,0,1
present,370,12303465,0x00000000,0,0,0,0x00000000,0x00000000,2,0,1,0,1
present,371,12334840,0x00000000,0,0,0,0x00000000,0x00000000,2,0,1,0,1
present,372,12370313,0x00000000,0,0,0,0x00000000,0x00000000,2,0,1,0,1
present,373,12402326,0x00000000,0,0,0,0x00000000,0x00000000,2,0,1,0,1
present,374,12435609,0x00000000,0,0,0,0x00000000,0x00000000,2,0,1,0,1
present,375,12468920,0x00000000,0,0,0,0x00000000,0x00000000,2,0,1,0,1
present,376,12503396,0x00000000,0,0,0,0x00000000,0x00000000,2,0,1,0,1
present,377,12536808,0x00000000,0,0,0,0x00000000,0x00000000,2,0,1,0,1
present,378,12569511,0x00000000,0,0,0,0x00000000,0x00000000,2,0,1,0,1
present,379,12602139,0x00000000,0,0,0,0x00000000,0x00000000,2,0,1,0,1
present,380,12637378,0x00000000,0,0,0,0x00000000,0x00000000,2,0,1,0,1
present,381,12668778,0x00000000,0,0,0,0x00000000,0x00000000,2,0,1,0,1
present,382,12703539,0x00000000,0,0,0,0x00000000,0x00000000,2,0,1,0,1
present,383,12735698,0x00000000,0,0,0,0x00000000,0x00000000,2,0,1,0,1
present,384,12769121,0x00000000,0,0,0,0x00000000,0x00000000,2,0,1,0,1
present,385,12800371,0x00000000,0,0,0,0x00000000,0x00000000,2,0,1,0,1
present,386,12835679,0x00000000,0,0,0,0x00000000,0x00000000,2,0,1,0,1
present,387,12870159,0x00000000,0,0,0,0x00000000,0x00000000,2,0,1,0,1
present,388,12903553,0x00000000,0,0,0,0x00000000,0x00000000,2,0,1,0,1
present,389,12935681,0x00000000,0,0,0,0x00000000,0x00000000,2,0,1,0,1
present,390,12970068,0x00000000,0,0,0,0x00000000,0x00000000,2,0,1,0,1
present,391,13001380,0x00000000,0,0,0,0x00000000,0x00000000,2,0,1,0,1
present,392,13035867,0x00000000,0,0,0,0x00000000,0x00000000,2,0,1,0,1
present,393,13067169,0x00000000,0,0,0,0x00000000,0x00000000,2,0,1,0,1
present,394,13103254,0x00000000,0,0,0,0x00000000,0x00000000,2,0,1,0,1
present,395,13134992,0x00000000,0,0,0,0x00000000,0x00000000,2,0,1,0,1
present,396,13168911,0x00000000,0,0,0,0x00000000,0x00000000,2,0,1,0,1
present,397,13202077,0x00000000,0,0,0,0x00000000,0x00000000,2,0,1,0,1
present,398,13235644,0x00000000,0,0,0,0x00000000,0x00000000,2,0,1,0,1
present,399,13270067,0x00000000,0,0,0,0x00000000,0x00000000,2,0,1,0,1
present,400,13300186,0x00000000,0,0,0,0x00000000,0x00000000,2,0,1,0,1
present,401,13336604,0x00000000,0,0,0,0x00000000,0x00000000,2,0,1,0,1
present,402,13369164,0x00000000,0,0,0,0x00000000,0x00000000,2,0,1,0,1
present,403,13402352,0x00000000,0,0,0,0x00000000,0x00000000,2,0,1,0,1
present,404,13434504,0x00000000,0,0,0,0x00000000,0x00000000,2,0,1,0,1
present,405,13469735,0x00000000,0,0,0,0x00000000,0x00000000,2,0,1,0,1
present,406,13502263,0x00000000,0,0,0,0x00000000,0x00000000,2,0,1,0,1
present,407,13536484,0x00000000,0,0,0,0x00000000,0x00000000,2,0,1,0,1
present,408,13569958,0x00000000,0,0,0,0x00000000,0x00000000,2,0,1,0,1
present,409,13600148,0x00000000,0,0,0,0x00000000,0x00000000,2,0,1,0,1
present,410,13635529,0x00000000,0,0,0,0x00000000,0x00000000,2,0,1,0,1
present,411,13668919,0x00000000,0,0,0,0x00000000,0x00000000,2,0,1,0,1
present,412,13703291,0x00000000,0,0,0,0x00000000,0x00000000,2,0,1,0,1
present,413,13736656,0x00000000,0,0,0,0x00000000,0x00000000,2,0,1,0,1
present,414,13768963,0x00000000,0,0,0,0x00000000,0x00000000,2,0,1,0,1
present,415,13802230,0x00000000,0,0,0,0x00000000,0x00000000,2,0,1,0,1
present,416,13835510,0x00000000,0,0,0,0x00000000,0x00000000,2,0,1,0,1
present,417,13868962,0x00000000,0,0,0,0x00000000,0x00000000,2,0,1,0,1
present,418,13902290,0x00000000,0,0,0,0x00000000,0x00000000,2,0,1,0,1
present,419,13935511,0x00000000,0,0,0,0x00000000,0x00000000,2,0,1,0,1
present,420,13966934,0x00000000,0,0,0,0x00000000,0x00000000,2,0,1,0,1
present,421,14000143,0x00000000,0,0,0,0x00000000,0x00000000,3,0,1,0,1
present,422,14035555,0x00000000,0,0,0,0x00000000,0x00000000,3,0,1,0,1
present,423,14068986,0x00000000,0,0,0,0x00000000,0x00000000,3,0,1,0,1
present,424,14103728,0x00000000,0,0,0,0x00000000,0x00000000,3,0,1,0,1
present,425,14137154,0x00000000,0,0,0,0x00000000,0x00000000,3,0,1,0,1
present,426,14170675,0x00000000,0,0,0,0x00000000,0x00000000,3,0,1,0,1
present,427,14204073,0x00000000,0,0,0,0x00000000,0x00000000,3,0,1,0,1
present,428,14237490,0x00000000,0,0,0,0x00000000,0x00000000,3,0,1,0,1
present,429,14267770,0x00000000,0,0,0,0x00000000,0x00000000,3,0,1,0,1
present,430,14304167,0x00000000,0,0,0,0x00000000,0x00000000,3,0,1,0,1
present,431,14335605,0x00000000,0,0,0,0x00000000,0x00000000,3,0,1,0,1
present,432,14368918,0x00000000,0,0,0,0x00000000,0x00000000,3,0,1,0,1
present,433,14403221,0x00000000,0,0,0,0x00000000,0x00000000,3,0,1,0,1
present,434,14435541,0x00000000,0,0,0,0x00000000,0x00000000,3,0,1,0,1
present,435,14469912,0x00000000,0,0,0,0x00000000,0x00000000,3,0,1,0,1
present,436,14503282,0x00000000,0,0,0,0x00000000,0x00000000,3,0,1,0,1
present,437,14536564,0x00000000,0,0,0,0x00000000,0x00000000,3,0,1,0,1
present,438,14568869,0x00000000,0,0,0,0x00000000,0x00000000,3,0,1,0,1
present,439,14601129,0x00000000,0,0,0,0x00000000,0x00000000,3,0,1,0,1
present,440,14637523,0x00000000,0,0,0,0x00000000,0x00000000,3,0,1,0,1
present,441,14668857,0x00000000,0,0,0,0x00000000,0x00000000,3,0,1,0,1
present,442,14703433,0x00000000,0,0,0,0x00000000,0x00000000,3,0,1,0,1
present,443,14735290,0x00000000,0,0,0,0x00000000,0x00000000,3,0,1,0,1
present,444,14769187,0x00000000,0,0,0,0x00000000,0x00000000,3,0,1,0,1
present,445,14801123,0x00000000,0,0,0,0x00000000,0x00000000,3,0,1,0,1
present,446,14836563,0x00000000,0,0,0,0x00000000,0x00000000,3,0,1,0,1
present,447,14868945,0x00000000,0,0,0,0x00000000,0x00000000,3,0,1,0,1
present,448,14903018,0x00000000,0,0,0,0x00000000,0x00000000,3,0,1,0,1
present,449,14937443,0x00000000,0,0,0,0x00000000,0x00000000,3,0,1,0,1
present,450,14968902,0x00000000,0,0,0,0x00000000,0x00000000,3,0,1,0,1
present,451,15003739,0x00000000,0,0,0,0x00000000,0x00000000,3,0,1,0,1
present,452,15035546,0x00000000,0,0,0,0x00000000,0x00000000,3,0,1,0,1
present,453,15069945,0x00000000,0,0,0,0x00000000,0x00000000,3,0,1,0,1
present,454,15103196,0x00000000,0,0,0,0x00000000,0x00000000,3,0,1,0,1
present,455,15136614,0x00000000,0,0,0,0x00000000,0x00000000,3,0,1,0,1
present,456,15168635,0x00000000,0,0,0,0x00000000,0x00000000,3,0,1,0,1
present,457,15202312,0x00000000,0,0,0,0x00000000,0x00000000,3,0,1,0,1
present,458,15236791,0x00000000,0,0,0,0x00000000,0x00000000,3,0,1,0,1
present,459,15269286,0x00000000,0,0,0,0x00000000,0x00000000,3,0,1,0,1
present,460,15302228,0x00000000,0,0,0,0x00000000,0x00000000,3,0,1,0,1
present,461,15333477,0x00000000,0,0,0,0x00000000,0x00000000,3,0,1,0,1
present,462,15369880,0x00000000,0,0,0,0x00000000,0x00000000,3,0,1,0,1
present,463,15402189,0x00000000,0,0,0,0x00000000,0x00000000,3,0,1,0,1
present,464,15435583,0x00000000,0,0,0,0x00000000,0x00000000,3,0,1,0,1
present,465,15466807,0x00000000,0,0,0,0x00000000,0x00000000,3,0,1,0,1
present,466,15502798,0x00000000,0,0,0,0x00000000,0x00000000,3,0,1,0,1
present,467,15537149,0x00000000,0,0,0,0x00000000,0x00000000,3,0,1,0,1
present,468,15568901,0x00000000,0,0,0,0x00000000,0x00000000,3,0,1,0,1
present,469,15601029,0x00000000,0,0,0,0x00000000,0x00000000,3,0,1,0,1
present,470,15635536,0x00000000,0,0,0,0x00000000,0x00000000,3,0,1,0,1
present,471,15668891,0x00000000,0,0,0,0x00000000,0x00000000,3,0,1,0,1
present,472,15703283,0x00000000,0,0,0,0x00000000,0x00000000,3,0,1,0,1
present,473,15736567,0x00000000,0,0,0,0x00000000,0x00000000,3,0,1,0,1
present,474,15770699,0x00000000,0,0,0,0x00000000,0x00000000,3,0,1,0,1
present,475,15800475,0x00000000,0,0,0,0x00000000,0x00000000,3,0,1,0,1
present,476,15835418,0x00000000,0,0,0,0x00000000,0x00000000,3,0,1,0,1
present,477,15870577,0x00000000,0,0,0,0x00000000,0x00000000,3,0,1,0,1
present,478,15903710,0x00000000,0,0,0,0x00000000,0x00000000,3,0,1,0,1
present,479,15936768,0x00000000,0,0,0,0x00000000,0x00000000,3,0,1,0,1
present,480,15969828,0x00000000,0,0,0,0x00000000,0x00000000,3,0,1,0,1
present,481,16002048,0x00000000,0,0,0,0x00000000,0x00000000,0,0,1,0,1
present,482,16037160,0x00000000,0,0,0,0x00000000,0x00000000,0,0,1,0,1
present,483,16068731,0x00000000,0,0,0,0x00000000,0x00000000,0,0,1,0,1
present,484,16103854,0x00000000,0,0,0,0x00000000,0x00000000,0,0,1,0,1
present,485,16135996,0x00000000,0,0,0,0x00000000,0x00000000,0,0,1,0,1
present,486,16166835,0x00000000,0,0,0,0x00000000,0x00000000,0,0,1,0,1
present,487,16202215,0x00000000,0,0,0,0x00000000,0x00000000,0,0,1,0,1
present,488,16236589,0x00000000,0,0,0,0x00000000,0x00000000,0,0,1,0,1
present,489,16268856,0x00000000,0,0,0,0x00000000,0x00000000,0,0,1,0,1
present,490,16302059,0x00000000,0,0,0,0x00000000,0x00000000,0,0,1,0,1
present,491,16335306,0x00000000,0,0,0,0x00000000,0x00000000,0,0,1,0,1
present,492,16368860,0x00000000,0,0,0,0x00000000,0x00000000,0,0,1,0,1
present,493,16402233,0x00000000,0,0,0,0x00000000,0x00000000,0,0,1,0,1
present,494,16435525,0x00000000,0,0,0,0x00000000,0x00000000,0,0,1,0,1
present,495,16469934,0x00000000,0,0,0,0x00000000,0x00000000,0,0,1,0,1
present,496,16501050,0x00000000,0,0,0,0x00000000,0x00000000,0,0,1,0,1
present,497,16535482,0x00000000,0,0,0,0x00000000,0x00000000,0,0,1,0,1
present,498,16569570,0x00000000,0,0,0,0x00000000,0x00000000,0,0,1,0,1
present,499,16601450,0x00000000,0,0,0,0x00000000,0x00000000,0,0,1,0,1
present,500,16635527,0x00000000,0,0,0,0x00000000,0x00000000,0,0,1,0,1
present,501,16669954,0x00000000,0,0,0,0x00000000,0x00000000,0,0,1,0,1
present,502,16703309,0x00000000,0,0,0,0x00000000,0x00000000,0,0,1,0,1
present,503,16735654,0x00000000,0,0,0,0x00000000,0x00000000,0,0,1,0,1
present,504,16768945,0x00000000,0,0,0,0x00000000,0x00000000,0,0,1,0,1
present,505,16803156,0x00000000,0,0,0,0x00000000,0x00000000,0,0,1,0,1
present,506,16834395,0x00000000,0,0,0,0x00000000,0x00000000,0,0,1,0,1
present,507,16868115,0x00000000,0,0,0,0x00000000,0x00000000,0,0,1,0,1
present,508,16902730,0x00000000,0,0,0,0x00000000,0x00000000,0,0,1,0,1
present,509,16934593,0x00000000,0,0,0,0x00000000,0x00000000,0,0,1,0,1
present,510,16968814,0x00000000,0,0,0,0x00000000,0x00000000,0,0,1,0,1
present,511,17002181,0x00000000,0,0,0,0x00000000,0x00000000,0,0,1,0,1
present,512,17034396,0x00000000,0,0,0,0x00000000,0x00000000,0,0,1,0,1
present,513,17069027,0x00000000,0,0,0,0x00000000,0x00000000,0,0,1,0,1
present,514,17100753,0x00000000,0,0,0,0x00000000,0x00000000,0,0,1,0,1
present,515,17133504,0x00000000,0,0,0,0x00000000,0x00000000,0,0,1,0,1
present,516,17168772,0x00000000,0,0,0,0x00000000,0x00000000,0,0,1,0,1
present,517,17202195,0x00000000,0,0,0,0x00000000,0x00000000,0,0,1,0,1
present,518,17235571,0x00000000,0,0,0,0x00000000,0x00000000,0,0,1,0,1
present,519,17269964,0x00000000,0,0,0,0x00000000,0x00000000,0,0,1,0,1
present,520,17302178,0x00000000,0,0,0,0x00000000,0x00000000,0,0,1,0,1
present,521,17335510,0x00000000,0,0,0,0x00000000,0x00000000,0,0,1,0,1
present,522,17369917,0x00000000,0,0,0,0x00000000,0x00000000,0,0,1,0,1
present,523,17401902,0x00000000,0,0,0,0x00000000,0x00000000,0,0,1,0,1
present,524,17435540,0x00000000,0,0,0,0x00000000,0x00000000,0,0,1,0,1
present,525,17468859,0x00000000,0,0,0,0x00000000,0x00000000,0,0,1,0,1
present,526,17502116,0x00000000,0,0,0,0x00000000,0x00000000,0,0,1,0,1
present,527,17537484,0x00000000,0,0,0,0x00000000,0x00000000,0,0,1,0,1
present,528,17567728,0x00000000,0,0,0,0x00000000,0x00000000,0,0,1,0,1
present,529,17604053,0x00000000,0,0,0,0x00000000,0x00000000,0,0,1,0,1
present,530,17637336,0x00000000,0,0,0,0x00000000,0x00000000,0,0,1,0,1
present,531,17670689,0x00000000,0,0,0,0x00000000,0x00000000,0,0,1,0,1
present,532,17704076,0x00000000,0,0,0,0x00000000,0x00000000,0,0,1,0,1
present,533,17737449,0x00000000,0,0,0,0x00000000,0x00000000,0,0,1,0,1
present,534,17768266,0x00000000,0,0,0,0x00000000,0x00000000,0,0,1,0,1
present,535,17801053,0x00000000,0,0,0,0x00000000,0x00000000,0,0,1,0,1
present,536,17837420,0x00000000,0,0,0,0x00000000,0x00000000,0,0,1,0,1
present,537,17870839,0x00000000,0,0,0,0x00000000,0x00000000,0,0,1,0,1
present,538,17901047,0x00000000,0,0,0,0x00000000,0x00000000,0,0,1,0,1
present,539,17937421,0x00000000,0,0,0,0x00000000,0x00000000,0,0,1,0,1
present,540,17968842,0x00000000,0,0,0,0x00000000,0x00000000,0,0,1,0,1
present,541,18002150,0x00000000,0,0,0,0x00000000,0x00000000,1,0,1,0,1
present,542,18035697,0x00000000,0,0,0,0x00000000,0x00000000,1,0,1,0,1
present,543,18067716,0x00000000,0,0,0,0x00000000,0x00000000,1,0,1,0,1
present,544,18101090,0x00000000,0,0,0,0x00000000,0x00000000,1,0,1,0,1
present,545,18137469,0x00000000,0,0,0,0x00000000,0x00000000,1,0,1,0,1
present,546,18168011,0x00000000,0,0,0,0x00000000,0x00000000,1,0,1,0,1
present,547,18203402,0x00000000,0,0,0,0x00000000,0x00000000,1,0,1,0,1
present,548,18235522,0x00000000,0,0,0,0x00000000,0x00000000,1,0,1,0,1
present,549,18268832,0x00000000,0,0,0,0x00000000,0x00000000,1,0,1,0,1
present,550,18300144,0x00000000,0,0,0,0x00000000,0x00000000,1,0,1,0,1
present,551,18335499,0x00000000,0,0,0,0x00000000,0x00000000,1,0,1,0,1
present,552,18369019,0x00000000,0,0,0,0x00000000,0x00000000,1,0,1,0,1
present,553,18401871,0x00000000,0,0,0,0x00000000,0x00000000,1,0,1,0,1
present,554,18436115,0x00000000,0,0,0,0x00000000,0x00000000,1,0,1,0,1
present,555,18467698,0x00000000,0,0,0,0x00000000,0x00000000,1,0,1,0,1
present,556,18502206,0x00000000,0,0,0,0x00000000,0x00000000,1,0,1,0,1
present,557,18535893,0x00000000,0,0,0,0x00000000,0x00000000,1,0,1,0,1
present,558,18568816,0x00000000,0,0,0,0x00000000,0x00000000,1,0,1,0,1
present,559,18600120,0x00000000,0,0,0,0x00000000,0x00000000,1,0,1,0,1
present,560,18635608,0x00000000,0,0,0,0x00000000,0x00000000,1,0,1,0,1
present,561,18670250,0x00000000,0,0,0,0x00000000,0x00000000,1,0,1,0,1
present,562,18702777,0x00000000,0,0,0,0x00000000,0x00000000,1,0,1,0,1
present,563,18737457,0x00000000,0,0,0,0x00000000,0x00000000,1,0,1,0,1
present,564,18767579,0x00000000,0,0,0,0x00000000,0x00000000,1,0,1,0,1
present,565,18801012,0x00000000,0,0,0,0x00000000,0x00000000,1,0,1,0,1
present,566,18837405,0x00000000,0,0,0,0x00000000,0x00000000,1,0,1,0,1
present,567,18870795,0x00000000,0,0,0,0x00000000,0x00000000,1,0,1,0,1
present,568,18901085,0x00000000,0,0,0,0x00000000,0x00000000,1,0,1,0,1
present,569,18937316,0x00000000,0,0,0,0x00000000,0x00000000,1,0,1,0,1
present,570,18968704,0x00000000,0,0,0,0x00000000,0x00000000,1,0,1,0,1
present,571,19003827,0x00000000,0,0,0,0x00000000,0x00000000,1,0,1,0,1
present,572,19036995,0x00000000,0,0,0,0x00000000,0x00000000,1,0,1,0,1
present,573,19068800,0x00000000,0,0,0,0x00000000,0x00000000,1,0,1,0,1
present,574,19102991,0x00000000,0,0,0,0x00000000,0x00000000,1,0,1,0,1
present,575,19135667,0x00000000,0,0,0,0x00000000,0x00000000,1,0,1,0,1
present,576,19167945,0x00000000,0,0,0,0x00000000,0x00000000,1,0,1,0,1
present,577,19203324,0x00000000,0,0,0,0x00000000,0x00000000,1,0,1,0,1
present,578,19236698,0x00000000,0,0,0,0x00000000,0x00000000,1,0,1,0,1
present,579,19268160,0x00000000,0,0,0,0x00000000,0x00000000,1,0,1,0,1
present,580,19303583,0x00000000,0,0,0,0x00000000,0x00000000,1,0,1,0,1
present,581,19333475,0x00000000,0,0,0,0x00000000,0x00000000,1,0,1,0,1
present,582,19370810,0x00000000,0,0,0,0x00000000,0x00000000,1,0,1,0,1
present,583,19402161,0x00000000,0,0,0,0x00000000,0x00000000,1,0,1,0,1
present,584,19435478,0x00000000,0,0,0,0x00000000,0x00000000,1,0,1,0,1
present,585,19469791,0x00000000,0,0,0,0x00000000,0x00000000,1,0,1,0,1
present,586,19502881,0x00000000,0,0,0,0x00000000,0x00000000,1,0,1,0,1
present,587,19535479,0x00000000,0,0,0,0x00000000,0x00000000,1,0,1,0,1
present,588,19568837,0x00000000,0,0,0,0x00000000,0x00000000,1,0,1,0,1
present,589,19600101,0x00000000,0,0,0,0x00000000,0x00000000,1,0,1,0,1
present,590,19636396,0x00000000,0,0,0,0x00000000,0x00000000,1,0,1,0,1
present,591,19669609,0x00000000,0,0,0,0x00000000,0x00000000,1,0,1,0,1
present,592,19702172,0x00000000,0,0,0,0x00000000,0x00000000,1,0,1,0,1
present,593,19733476,0x00000000,0,0,0,0x00000000,0x00000000,1,0,1,0,1
present,594,19768955,0x00000000,0,0,0,0x00000000,0x00000000,1,0,1,0,1
present,595,19801462,0x00000000,0,0,0,0x00000000,0x00000000,1,0,1,0,1
present,596,19836610,0x00000000,0,0,0,0x00000000,0x00000000,1,0,1,0,1
present,597,19868813,0x00000000,0,0,0,0x00000000,0x00000000,1,0,1,0,1
present,598,19902136,0x00000000,0,0,0,0x00000000,0x00000000,1,0,1,0,1
present,599,19937546,0x00000000,0,0,0,0x00000000,0x00000000,1,0,1,0,1
present,600,19968817,0x00000000,0,0,0,0x00000000,0x00000000,1,0,1,0,1
present,601,20003230,0x00000000,0,0,0,0x00000000,0x00000000,2,0,1,0,1
present,602,20035576,0x00000000,0,0,0,0x00000000,0x00000000,2,0,1,0,1
present,603,20068093,0x00000000,0,0,0,0x00000000,0x00000000,2,0,1,0,1
present,604,20101494,0x00000000,0,0,0,0x00000000,0x00000000,2,0,1,0,1
present,605,20134999,0x00000000,0,0,0,0x00000000,0x00000000,2,0,1,0,1
present,606,20170470,0x00000000,0,0,0,0x00000000,0x00000000,2,0,1,0,1
present,607,20201005,0x00000000,0,0,0,0x00000000,0x00000000,2,0,1,0,1
present,608,20237367,0x00000000,0,0,0,0x00000000,0x00000000,2,0,1,0,1
present,609,20270787,0x00000000,0,0,0,0x00000000,0x00000000,2,0,1,0,1
present,610,20304166,0x00000000,0,0,0,0x00000000,0x00000000,2,0,1,0,1
present,611,20334950,0x00000000,0,0,0,0x00000000,0x00000000,2,0,1,0,1
present,612,20368920,0x00000000,0,0,0,0x00000000,0x00000000,2,0,1,0,1
present,613,20401134,0x00000000,0,0,0,0x00000000,0x00000000,2,0,1,0,1
present,614,20436306,0x00000000,0,0,0,0x00000000,0x00000000,2,0,1,0,1
present,615,20467689,0x00000000,0,0,0,0x00000000,0x00000000,2,0,1,0,1
present,616,20502134,0x00000000,0,0,0,0x00000000,0x00000000,2,0,1,0,1
present,617,20537666,0x00000000,0,0,0,0x00000000,0x00000000,2,0,1,0,1
present,618,20570129,0x00000000,0,0,0,0x00000000,0x00000000,2,0,1,0,1
present,619,20603467,0x00000000,0,0,0,0x00000000,0x00000000,2,0,1,0,1
present,620,20634825,0x00000000,0,0,0,0x00000000,0x00000000,2,0,1,0,1
present,621,20670144,0x00000000,0,0,0,0x00000000,0x00000000,2,0,1,0,1
present,622,20702196,0x00000000,0,0,0,0x00000000,0x00000000,2,0,1,0,1
present,623,20734346,0x00000000,0,0,0,0x00000000,0x00000000,2,0,1,0,1
present,624,20770137,0x00000000,0,0,0,0x00000000,0x00000000,2,0,1,0,1
present,625,20802144,0x00000000,0,0,0,0x00000000,0x00000000,2,0,1,0,1
present,626,20835485,0x00000000,0,0,0,0x00000000,0x00000000,2,0,1,0,1
present,627,20868722,0x00000000,0,0,0,0x00000000,0x00000000,2,0,1,0,1
present,628,20903489,0x00000000,0,0,0,0x00000000,0x00000000,2,0,1,0,1
present,629,20935612,0x00000000,0,0,0,0x00000000,0x00000000,2,0,1,0,1
present,630,20968866,0x00000000,0,0,0,0x00000000,0x00000000,2,0,1,0,1
present,631,21003126,0x00000000,0,0,0,0x00000000,0x00000000,2,0,1,0,1
present,632,21035670,0x00000000,0,0,0,0x00000000,0x00000000,2,0,1,0,1
present,633,21070062,0x00000000,0,0,0,0x00000000,0x00000000,2,0,1,0,1
present,634,21103654,0x00000000,0,0,0,0x00000000,0x00000000,2,0,1,0,1
present,635,21135517,0x00000000,0,0,0,0x00000000,0x00000000,2,0,1,0,1
present,636,21167972,0x00000000,0,0,0,0x00000000,0x00000000,2,0,1,0,1
present,637,21203369,0x00000000,0,0,0,0x00000000,0x00000000,2,0,1,0,1
present,638,21236805,0x00000000,0,0,0,0x00000000,0x00000000,2,0,1,0,1
present,639,21268802,0x00000000,0,0,0,0x00000000,0x00000000,2,0,1,0,1
present,640,21304174,0x00000000,0,0,0,0x00000000,0x00000000,2,0,1,0,1
present,641,21335441,0x00000000,0,0,0,0x00000000,0x00000000,2,0,1,0,1
present,642,21369506,0x00000000,0,0,0,0x00000000,0x00000000,2,0,1,0,1
present,643,21401099,0x00000000,0,0,0,0x00000000,0x00000000,2,0,1,0,1
present,644,21436645,0x00000000,0,0,0,0x00000000,0x00000000,2,0,1,0,1
present,645,21470036,0x00000000,0,0,0,0x00000000,0x00000000,2,0,1,0,1
present,646,21503416,0x00000000,0,0,0,0x00000000,0x00000000,2,0,1,0,1
present,647,21536835,0x00000000,0,0,0,0x00000000,0x00000000,2,0,1,0,1
present,648,21570228,0x00000000,0,0,0,0x00000000,0x00000000,2,0,1,0,1
present,649,21600120,0x00000000,0,0,0,0x00000000,0x00000000,2,0,1,0,1
present,650,21635523,0x00000000,0,0,0,0x00000000,0x00000000,2,0,1,0,1
present,651,21667699,0x00000000,0,0,0,0x00000000,0x00000000,2,0,1,0,1
present,652,21704106,0x00000000,0,0,0,0x00000000,0x00000000,2,0,1,0,1
present,653,21735533,0x00000000,0,0,0,0x00000000,0x00000000,2,0,1,0,1
present,654,21769085,0x00000000,0,0,0,0x00000000,0x00000000,2,0,1,0,1
present,655,21802138,0x00000000,0,0,0,0x00000000,0x00000000,2,0,1,0,1
present,656,21836248,0x00000000,0,0,0,0x00000000,0x00000000,2,0,1,0,1
present,657,21870697,0x00000000,0,0,0,0x00000000,0x00000000,2,0,1,0,1
present,658,21902123,0x00000000,0,0,0,0x00000000,0x00000000,2,0,1,0,1
present,659,21937558,0x00000000,0,0,0,0x00000000,0x00000000,2,0,1,0,1
present,660,21968823,0x00000000,0,0,0,0x00000000,0x00000000,2,0,1,0,1
present,661,22000162,0x00000000,0,0,0,0x00000000,0x00000000,3,0,1,0,1
present,662,22035401,0x00000000,0,0,0,0x00000000,0x00000000,3,0,1,0,1
present,663,22070772,0x00000000,0,0,0,0x00000000,0x00000000,3,0,1,0,1
present,664,22103881,0x00000000,0,0,0,0x00000000,0x00000000,3,0,1,0,1
present,665,22135464,0x00000000,0,0,0,0x00000000,0x00000000,3,0,1,0,1
present,666,22169468,0x00000000,0,0,0,0x00000000,0x00000000,3,0,1,0,1
present,667,22201025,0x00000000,0,0,0,0x00000000,0x00000000,3,0,1,0,1
present,668,22235430,0x00000000,0,0,0,0x00000000,0x00000000,3,0,1,0,1
present,669,22270822,0x00000000,0,0,0,0x00000000,0x00000000,3,0,1,0,1
present,670,22303262,0x00000000,0,0,0,0x00000000,0x00000000,3,0,1,0,1
present,671,22335473,0x00000000,0,0,0,0x00000000,0x00000000,3,0,1,0,1
present,672,22368906,0x00000000,0,0,0,0x00000000,0x00000000,3,0,1,0,1
present,673,22401482,0x00000000,0,0,0,0x00000000,0x00000000,3,0,1,0,1
present,674,22435581,0x00000000,0,0,0,0x00000000,0x00000000,3,0,1,0,1
present,675,22468112,0x00000000,0,0,0,0x00000000,0x00000000,3,0,1,0,1
present,676,22501638,0x00000000,0,0,0,0x00000000,0x00000000,3,0,1,0,1
present,677,22535452,0x00000000,0,0,0,0x00000000,0x00000000,3,0,1,0,1
present,678,22568777,0x00000000,0,0,0,0x00000000,0x00000000,3,0,1,0,1
present,679,22601527,0x00000000,0,0,0,0x00000000,0x00000000,3,0,1,0,1
present,680,22634354,0x00000000,0,0,0,0x00000000,0x00000000,3,0,1,0,1
present,681,22670758,0x00000000,0,0,0,0x00000000,0x00000000,3,0,1,0,1
present,682,22704137,0x00000000,0,0,0,0x00000000,0x00000000,3,0,1,0,1
present,683,22736201,0x00000000,0,0,0,0x00000000,0x00000000,3,0,1,0,1
present,684,22768775,0x00000000,0,0,0,0x00000000,0x00000000,3,0,1,0,1
present,685,22802082,0x00000000,0,0,0,0x00000000,0x00000000,3,0,1,0,1
present,686,22837160,0x00000000,0,0,0,0x00000000,0x00000000,3,0,1,0,1
present,687,22870533,0x00000000,0,0,0,0x00000000,0x00000000,3,0,1,0,1
present,688,22902784,0x00000000,0,0,0,0x00000000,0x00000000,3,0,1,0,1
present,689,22935864,0x00000000,0,0,0,0x00000000,0x00000000,3,0,1,0,1
present,690,22970227,0x00000000,0,0,0,0x00000000,0x00000000,3,0,1,0,1
present,691,23001432,0x00000000,0,0,0,0x00000000,0x00000000,3,0,1,0,1
present,692,23036812,0x00000000,0,0,0,0x00000000,0x00000000,3,0,1,0,1
present,693,23070196,0x00000000,0,0,0,0x00000000,0x00000000,3,0,1,0,1
present,694,23100712,0x00000000,0,0,0,0x00000000,0x00000000,3,0,1,0,1
present,695,23134641,0x00000000,0,0,0,0x00000000,0x00000000,3,0,1,0,1
present,696,23170151,0x00000000,0,0,0,0x00000000,0x00000000,3,0,1,0,1
present,697,23202570,0x00000000,0,0,0,0x00000000,0x00000000,3,0,1,0,1
present,698,23235605,0x00000000,0,0,0,0x00000000,0x00000000,3,0,1,0,1
present,699,23266824,0x00000000,0,0,0,0x00000000,0x00000000,3,0,1,0,1
present,700,23300160,0x00000000,0,0,0,0x00000000,0x00000000,3,0,1,0,1
present,701,23336555,0x00000000,0,0,0,0x00000000,0x00000000,3,0,1,0,1
present,702,23368780,0x00000000,0,0,0,0x00000000,0x00000000,3,0,1,0,1
present,703,23402112,0x00000000,0,0,0,0x00000000,0x00000000,3,0,1,0,1
present,704,23435433,0x00000000,0,0,0,0x00000000,0x00000000,3,0,1,0,1
present,705,23468752,0x00000000,0,0,0,0x00000000,0x00000000,3,0,1,0,1
present,706,23502167,0x00000000,0,0,0,0x00000000,0x00000000,3,0,1,0,1
present,707,23537054,0x00000000,0,0,0,0x00000000,0x00000000,3,0,1,0,1
present,708,23570501,0x00000000,0,0,0,0x00000000,0x00000000,3,0,1,0,1
present,709,23602631,0x00000000,0,0,0,0x00000000,0x00000000,3,0,1,0,1
present,710,23635463,0x00000000,0,0,0,0x00000000,0x00000000,3,0,1,0,1
present,711,23669505,0x00000000,0,0,0,0x00000000,0x00000000,3,0,1,0,1
present,712,23703658,0x00000000,0,0,0,0x00000000,0x00000000,3,0,1,0,1
present,713,23736774,0x00000000,0,0,0,0x00000000,0x00000000,3,0,1,0,1
present,714,23769873,0x00000000,0,0,0,0x00000000,0x00000000,3,0,1,0,1
present,715,23803968,0x00000000,0,0,0,0x00000000,0x00000000,3,0,1,0,1
present,716,23835337,0x00000000,0,0,0,0x00000000,0x00000000,3,0,1,0,1
present,717,23868652,0x00000000,0,0,0,0x00000000,0x00000000,3,0,1,0,1
present,718,23902879,0x00000000,0,0,0,0x00000000,0x00000000,3,0,1,0,1
present,719,23936438,0x00000000,0,0,0,0x00000000,0x00000000,3,0,1,0,1
present,720,23968675,0x00000000,0,0,0,0x00000000,0x00000000,3,0,1,0,1
present,721,24003801,0x00000000,0,0,0,0x00000000,0x00000000,0,0,1,0,1
present,722,24036880,0x00000000,0,0,0,0x00000000,0x00000000,0,0,1,0,1
present,723,24069987,0x00000000,0,0,0,0x00000000,0x00000000,0,0,1,0,1
present,724,24103083,0x00000000,0,0,0,0x00000000,0x00000000,0,0,1,0,1
present,725,24135262,0x00000000,0,0,0,0x00000000,0x00000000,0,0,1,0,1
present,726,24170392,0x00000000,0,0,0,0x00000000,0x00000000,0,0,1,0,1
present,727,24203751,0x00000000,0,0,0,0x00000000,0x00000000,0,0,1,0,1
present,728,24234332,0x00000000,0,0,0,0x00000000,0x00000000,0,0,1,0,1
present,729,24270206,0x00000000,0,0,0,0x00000000,0x00000000,0,0,1,0,1
present,730,24302097,0x00000000,0,0,0,0x00000000,0x00000000,0,0,1,0,1
present,731,24334884,0x00000000,0,0,0,0x00000000,0x00000000,0,0,1,0,1
present,732,24367633,0x00000000,0,0,0,0x00000000,0x00000000,0,0,1,0,1
present,733,24404040,0x00000000,0,0,0,0x00000000,0x00000000,0,0,1,0,1
present,734,24435632,0x00000000,0,0,0,0x00000000,0x00000000,0,0,1,0,1
present,735,24468768,0x00000000,0,0,0,0x00000000,0x00000000,0,0,1,0,1
present,736,24501770,0x00000000,0,0,0,0x00000000,0x00000000,0,0,1,0,1
present,737,24537376,0x00000000,0,0,0,0x00000000,0x00000000,0,0,1,0,1
present,738,24569969,0x00000000,0,0,0,0x00000000,0x00000000,0,0,1,0,1
present,739,24601482,0x00000000,0,0,0,0x00000000,0x00000000,0,0,1,0,1
present,740,24635435,0x00000000,0,0,0,0x00000000,0x00000000,0,0,1,0,1
present,741,24670845,0x00000000,0,0,0,0x00000000,0x00000000,0,0,1,0,1
present,742,24703204,0x00000000,0,0,0,0x00000000,0x00000000,0,0,1,0,1
present,743,24735559,0x00000000,0,0,0,0x00000000,0x00000000,0,0,1,0,1
present,744,24768769,0x00000000,0,0,0,0x00000000,0x00000000,0,0,1,0,1
present,745,24804165,0x00000000,0,0,0,0x00000000,0x00000000,0,0,1,0,1
present,746,24836193,0x00000000,0,0,0,0x00000000,0x00000000,0,0,1,0,1
present,747,24868556,0x00000000,0,0,0,0x00000000,0x00000000,0,0,1,0,1
present,748,24902209,0x00000000,0,0,0,0x00000000,0x00000000,0,0,1,0,1
present,749,24935426,0x00000000,0,0,0,0x00000000,0x00000000,0,0,1,0,1
present,750,24970934,0x00000000,0,0,0,0x00000000,0x00000000,0,0,1,0,1
present,751,25002163,0x00000000,0,0,0,0x00000000,0x00000000,0,0,1,0,1
present,752,25035487,0x00000000,0,0,0,0x00000000,0x00000000,0,0,1,0,1
present,753,25069897,0x00000000,0,0,0,0x00000000,0x00000000,0,0,1,0,1
present,754,25102170,0x00000000,0,0,0,0x00000000,0x00000000,0,0,1,0,1
present,755,25135490,0x00000000,0,0,0,0x00000000,0x00000000,0,0,1,0,1
present,756,25168721,0x00000000,0,0,0,0x00000000,0x00000000,0,0,1,0,1
present,757,25202103,0x00000000,0,0,0,0x00000000,0x00000000,0,0,1,0,1
present,758,25235427,0x00000000,0,0,0,0x00000000,0x00000000,0,0,1,0,1
present,759,25270827,0x00000000,0,0,0,0x00000000,0x00000000,0,0,1,0,1
present,760,25303183,0x00000000,0,0,0,0x00000000,0x00000000,0,0,1,0,1
present,761,25336226,0x00000000,0,0,0,0x00000000,0x00000000,0,0,1,0,1
present,762,25370647,0x00000000,0,0,0,0x00000000,0x00000000,0,0,1,0,1
present,763,25404034,0x00000000,0,0,0,0x00000000,0x00000000,0,0,1,0,1
present,764,25435603,0x00000000,0,0,0,0x00000000,0x00000000,0,0,1,0,1
present,765,25470267,0x00000000,0,0,0,0x00000000,0x00000000,0,0,1,0,1
present,766,25502090,0x00000000,0,0,0,0x00000000,0x00000000,0,0,1,0,1
present,767,25534308,0x00000000,0,0,0,0x00000000,0x00000000,0,0,1,0,1
present,768,25568745,0x00000000,0,0,0,0x00000000,0x00000000,0,0,1,0,1
present,769,25604089,0x00000000,0,0,0,0x00000000,0x00000000,0,0,1,0,1
present,770,25634817,0x00000000,0,0,0,0x00000000,0x00000000,0,0,1,0,1
present,771,25668094,0x00000000,0,0,0,0x00000000,0x00000000,0,0,1,0,1
present,772,25700159,0x00000000,0,0,0,0x00000000,0x00000000,0,0,1,0,1
present,773,25736520,0x00000000,0,0,0,0x00000000,0x00000000,0,0,1,0,1
present,774,25767596,0x00000000,0,0,0,0x00000000,0x00000000,0,0,1,0,1
present,775,25800158,0x00000000,0,0,0,0x00000000,0x00000000,0,0,1,0,1
present,776,25836217,0x00000000,0,0,0,0x00000000,0x00000000,0,0,1,0,1
present,777,25869538,0x00000000,0,0,0,0x00000000,0x00000000,0,0,1,0,1
present,778,25902870,0x00000000,0,0,0,0x00000000,0x00000000,0,0,1,0,1
present,779,25936207,0x00000000,0,0,0,0x00000000,0x00000000,0,0,1,0,1
present,780,25970606,0x00000000,0,0,0,0x00000000,0x00000000,0,0,1,0,1
present,781,26002368,0x00000000,0,0,0,0x00000000,0x00000000,1,0,1,0,1
present,782,26035579,0x00000000,0,0,0,0x00000000,0x00000000,1,0,1,0,1
present,783,26069978,0x00000000,0,0,0,0x00000000,0x00000000,1,0,1,0,1
present,784,26102993,0x00000000,0,0,0,0x00000000,0x00000000,1,0,1,0,1
present,785,26135433,0x00000000,0,0,0,0x00000000,0x00000000,1,0,1,0,1
present,786,26170784,0x00000000,0,0,0,0x00000000,0x00000000,1,0,1,0,1
present,787,26202119,0x00000000,0,0,0,0x00000000,0x00000000,1,0,1,0,1
present,788,26235407,0x00000000,0,0,0,0x00000000,0x00000000,1,0,1,0,1
present,789,26269533,0x00000000,0,0,0,0x00000000,0x00000000,1,0,1,0,1
present,790,26302399,0x00000000,0,0,0,0x00000000,0x00000000,1,0,1,0,1
present,791,26333477,0x00000000,0,0,0,0x00000000,0x00000000,1,0,1,0,1
present,792,26368738,0x00000000,0,0,0,0x00000000,0x00000000,1,0,1,0,1
present,793,26402053,0x00000000,0,0,0,0x00000000,0x00000000,1,0,1,0,1
present,794,26434411,0x00000000,0,0,0,0x00000000,0x00000000,1,0,1,0,1
present,795,26468148,0x00000000,0,0,0,0x00000000,0x00000000,1,0,1,0,1
present,796,26501278,0x00000000,0,0,0,0x00000000,0x00000000,1,0,1,0,1
present,797,26535400,0x00000000,0,0,0,0x00000000,0x00000000,1,0,1,0,1
present,798,26570473,0x00000000,0,0,0,0x00000000,0x00000000,1,0,1,0,1
present,799,26603818,0x00000000,0,0,0,0x00000000,0x00000000,1,0,1,0,1
present,800,26635489,0x00000000,0,0,0,0x00000000,0x00000000,1,0,1,0,1
present,801,26669940,0x00000000,0,0,0,0x00000000,0x00000000,1,0,1,0,1
present,802,26703293,0x00000000,0,0,0,0x00000000,0x00000000,1,0,1,0,1
present,803,26736686,0x00000000,0,0,0,0x00000000,0x00000000,1,0,1,0,1
present,804,26769013,0x00000000,0,0,0,0x00000000,0x00000000,1,0,1,0,1
present,805,26800944,0x00000000,0,0,0,0x00000000,0x00000000,1,0,1,0,1
present,806,26835395,0x00000000,0,0,0,0x00000000,0x00000000,1,0,1,0,1
present,807,26869516,0x00000000,0,0,0,0x00000000,0x00000000,1,0,1,0,1
present,808,26900270,0x00000000,0,0,0,0x00000000,0x00000000,1,0,1,0,1
present,809,26936618,0x00000000,0,0,0,0x00000000,0x00000000,1,0,1,0,1
present,810,26968748,0x00000000,0,0,0,0x00000000,0x00000000,1,0,1,0,1
present,811,27003110,0x00000000,0,0,0,0x00000000,0x00000000,1,0,1,0,1
present,812,27035520,0x00000000,0,0,0,0x00000000,0x00000000,1,0,1,0,1
present,813,27067599,0x00000000,0,0,0,0x00000000,0x00000000,1,0,1,0,1
present,814,27102902,0x00000000,0,0,0,0x00000000,0x00000000,1,0,1,0,1
present,815,27135396,0x00000000,0,0,0,0x00000000,0x00000000,1,0,1,0,1
present,816,27175000,0x00000000,0,0,0,0x00000000,0x00000000,1,0,1,0,1
present,817,27202174,0x00000000,0,0,0,0x00000000,0x00000000,1,0,1,0,1
present,818,27235446,0x00000000,0,0,0,0x00000000,0x00000000,1,0,1,0,1
present,819,27267640,0x00000000,0,0,0,0x00000000,0x00000000,1,0,1,0,1
present,820,27304010,0x00000000,0,0,0,0x00000000,0x00000000,1,0,1,0,1
present,821,27335414,0x00000000,0,0,0,0x00000000,0x00000000,1,0,1,0,1
present,822,27370607,0x00000000,0,0,0,0x00000000,0x00000000,1,0,1,0,1
present,823,27403712,0x00000000,0,0,0,0x00000000,0x00000000,1,0,1,0,1
present,824,27436869,0x00000000,0,0,0,0x00000000,0x00000000,1,0,1,0,1
present,825,27467624,0x00000000,0,0,0,0x00000000,0x00000000,1,0,1,0,1
present,826,27502343,0x00000000,0,0,0,0x00000000,0x00000000,1,0,1,0,1
present,827,27536457,0x00000000,0,0,0,0x00000000,0x00000000,1,0,1,0,1
present,828,27568822,0x00000000,0,0,0,0x00000000,0x00000000,1,0,1,0,1
present,829,27600353,0x00000000,0,0,0,0x00000000,0x00000000,1,0,1,0,1
present,830,27635511,0x00000000,0,0,0,0x00000000,0x00000000,1,0,1,0,1
present,831,27670809,0x00000000,0,0,0,0x00000000,0x00000000,1,0,1,0,1
present,832,27702227,0x00000000,0,0,0,0x00000000,0x00000000,1,0,1,0,1
present,833,27736599,0x00000000,0,0,0,0x00000000,0x00000000,1,0,1,0,1
present,834,27767642,0x00000000,0,0,0,0x00000000,0x00000000,1,0,1,0,1
present,835,27800963,0x00000000,0,0,0,0x00000000,0x00000000,1,0,1,0,1
present,836,27835534,0x00000000,0,0,0,0x00000000,0x00000000,1,0,1,0,1
present,837,27867867,0x00000000,0,0,0,0x00000000,0x00000000,1,0,1,0,1
present,838,27902113,0x00000000,0,0,0,0x00000000,0x00000000,1,0,1,0,1
present,839,27935431,0x00000000,0,0,0,0x00000000,0x00000000,1,0,1,0,1
present,840,27968817,0x00000000,0,0,0,0x00000000,0x00000000,1,0,1,0,1
present,841,28002535,0x00000000,0,0,0,0x00000000,0x00000000,2,0,1,0,1
present,842,28035570,0x00000000,0,0,0,0x00000000,0x00000000,2,0,1,0,1
present,843,28068253,0x00000000,0,0,0,0x00000000,0x00000000,2,0,1,0,1
present,844,28102516,0x00000000,0,0,0,0x00000000,0x00000000,2,0,1,0,1
present,845,28137189,0x00000000,0,0,0,0x00000000,0x00000000,2,0,1,0,1
present,846,28168813,0x00000000,0,0,0,0x00000000,0x00000000,2,0,1,0,1
present,847,28204681,0x00000000,0,0,0,0x00000000,0x00000000,2,0,1,0,1
present,848,28237064,0x00000000,0,0,0,0x00000000,0x00000000,2,0,1,0,1
present,849,28268862,0x00000000,0,0,0,0x00000000,0x00000000,2,0,1,0,1
present,850,28302335,0x00000000,0,0,0,0x00000000,0x00000000,2,0,1,0,1
present,851,28335416,0x00000000,0,0,0,0x00000000,0x00000000,2,0,1,0,1
present,852,28370836,0x00000000,0,0,0,0x00000000,0x00000000,2,0,1,0,1
present,853,28403221,0x00000000,0,0,0,0x00000000,0x00000000,2,0,1,0,1
present,854,28435654,0x00000000,0,0,0,0x00000000,0x00000000,2,0,1,0,1
present,855,28468993,0x00000000,0,0,0,0x00000000,0x00000000,2,0,1,0,1
present,856,28501594,0x00000000,0,0,0,0x00000000,0x00000000,2,0,1,0,1
present,857,28533529,0x00000000,0,0,0,0x00000000,0x00000000,2,0,1,0,1
present,858,28567658,0x00000000,0,0,0,0x00000000,0x00000000,2,0,1,0,1
present,859,28603953,0x00000000,0,0,0,0x00000000,0x00000000,2,0,1,0,1
present,860,28636414,0x00000000,0,0,0,0x00000000,0x00000000,2,0,1,0,1
present,861,28668940,0x00000000,0,0,0,0x00000000,0x00000000,2,0,1,0,1
present,862,28702148,0x00000000,0,0,0,0x00000000,0x00000000,2,0,1,0,1
present,863,28736703,0x00000000,0,0,0,0x00000000,0x00000000,2,0,1,0,1
present,864,28767782,0x00000000,0,0,0,0x00000000,0x00000000,2,0,1,0,1
present,865,28804285,0x00000000,0,0,0,0x00000000,0x00000000,2,0,1,0,1
present,866,28836584,0x00000000,0,0,0,0x00000000,0x00000000,2,0,1,0,1
present,867,28868855,0x00000000,0,0,0,0x00000000,0x00000000,2,0,1,0,1
present,868,28903290,0x00000000,0,0,0,0x00000000,0x00000000,2,0,1,0,1
present,869,28935546,0x00000000,0,0,0,0x00000000,0x00000000,2,0,1,0,1
present,870,28968879,0x00000000,0,0,0,0x00000000,0x00000000,2,0,1,0,1
present,871,29002292,0x00000000,0,0,0,0x00000000,0x00000000,2,0,1,0,1
present,872,29036773,0x00000000,0,0,0,0x00000000,0x00000000,2,0,1,0,1
present,873,29067720,0x00000000,0,0,0,0x00000000,0x00000000,2,0,1,0,1
present,874,29103821,0x00000000,0,0,0,0x00000000,0x00000000,2,0,1,0,1
present,875,29134869,0x00000000,0,0,0,0x00000000,0x00000000,2,0,1,0,1
present,876,29168126,0x00000000,0,0,0,0x00000000,0x00000000,2,0,1,0,1
present,877,29202221,0x00000000,0,0,0,0x00000000,0x00000000,2,0,1,0,1
present,878,29235499,0x00000000,0,0,0,0x00000000,0x00000000,2,0,1,0,1
present,879,29267625,0x00000000,0,0,0,0x00000000,0x00000000,2,0,1,0,1
present,880,29302229,0x00000000,0,0,0,0x00000000,0x00000000,2,0,1,0,1
present,881,29334353,0x00000000,0,0,0,0x00000000,0x00000000,2,0,1,0,1
present,882,29368848,0x00000000,0,0,0,0x00000000,0x00000000,2,0,1,0,1
present,883,29402184,0x00000000,0,0,0,0x00000000,0x00000000,2,0,1,0,1
present,884,29435497,0x00000000,0,0,0,0x00000000,0x00000000,2,0,1,0,1
present,885,29468621,0x00000000,0,0,0,0x00000000,0x00000000,2,0,1,0,1
present,886,29503892,0x00000000,0,0,0,0x00000000,0x00000000,2,0,1,0,1
present,887,29535519,0x00000000,0,0,0,0x00000000,0x00000000,2,0,1,0,1
present,888,29568937,0x00000000,0,0,0,0x00000000,0x00000000,2,0,1,0,1
present,889,29603418,0x00000000,0,0,0,0x00000000,0x00000000,2,0,1,0,1
present,890,29636330,0x00000000,0,0,0,0x00000000,0x00000000,2,0,1,0,1
present,891,29670801,0x00000000,0,0,0,0x00000000,0x00000000,2,0,1,0,1
present,892,29702399,0x00000000,0,0,0,0x00000000,0x00000000,2,0,1,0,1
present,893,29733511,0x00000000,0,0,0,0x00000000,0x00000000,2,0,1,0,1
present,894,29768739,0x00000000,0,0,0,0x00000000,0x00000000,2,0,1,0,1
present,895,29802145,0x00000000,0,0,0,0x00000000,0x00000000,2,0,1,0,1
present,896,29836783,0x00000000,0,0,0,0x00000000,0x00000000,2,0,1,0,1
present,897,29870131,0x00000000,0,0,0,0x00000000,0x00000000,2,0,1,0,1
present,898,29902207,0x00000000,0,0,0,0x00000000,0x00000000,2,0,1,0,1
present,899,29934418,0x00000000,0,0,0,0x00000000,0x00000000,2,0,1,0,1
present,900,29968876,0x00000000,0,0,0,0x00000000,0x00000000,2,0,1,0,1
present,901,30000243,0x00000000,0,0,0,0x00000000,0x00000000,3,0,1,0,1
present,902,30035450,0x00000000,0,0,0,0x00000000,0x00000000,3,0,1,0,1
present,903,30068928,0x00000000,0,0,0,0x00000000,0x00000000,3,0,1,0,1
present,904,30100369,0x00000000,0,0,0,0x00000000,0x00000000,3,0,1,0,1
present,905,30135466,0x00000000,0,0,0,0x00000000,0x00000000,3,0,1,0,1
present,906,30168787,0x00000000,0,0,0,0x00000000,0x00000000,3,0,1,0,1
present,907,30201843,0x00000000,0,0,0,0x00000000,0x00000000,3,0,1,0,1
present,908,30237330,0x00000000,0,0,0,0x00000000,0x00000000,3,0,1,0,1
present,909,30268043,0x00000000,0,0,0,0x00000000,0x00000000,3,0,1,0,1
present,910,30303482,0x00000000,0,0,0,0x00000000,0x00000000,3,0,1,0,1
present,911,30336955,0x00000000,0,0,0,0x00000000,0x00000000,3,0,1,0,1
present,912,30370525,0x00000000,0,0,0,0x00000000,0x00000000,3,0,1,0,1
present,913,30402162,0x00000000,0,0,0,0x00000000,0x00000000,3,0,1,0,1
present,914,30434321,0x00000000,0,0,0,0x00000000,0x00000000,3,0,1,0,1
present,915,30468831,0x00000000,0,0,0,0x00000000,0x00000000,3,0,1,0,1
present,916,30502139,0x00000000,0,0,0,0x00000000,0x00000000,3,0,1,0,1
present,917,30535781,0x00000000,0,0,0,0x00000000,0x00000000,3,0,1,0,1
present,918,30568833,0x00000000,0,0,0,0x00000000,0x00000000,3,0,1,0,1
present,919,30602315,0x00000000,0,0,0,0x00000000,0x00000000,3,0,1,0,1
present,920,30635740,0x00000000,0,0,0,0x00000000,0x00000000,3,0,1,0,1
present,921,30669993,0x00000000,0,0,0,0x00000000,0x00000000,3,0,1,0,1
present,922,30703415,0x00000000,0,0,0,0x00000000,0x00000000,3,0,1,0,1
present,923,30735665,0x00000000,0,0,0,0x00000000,0x00000000,3,0,1,0,1
present,924,30770169,0x00000000,0,0,0,0x00000000,0x00000000,3,0,1,0,1
present,925,30802253,0x00000000,0,0,0,0x00000000,0x00000000,3,0,1,0,1
present,926,30833523,0x00000000,0,0,0,0x00000000,0x00000000,3,0,1,0,1
present,927,30869325,0x00000000,0,0,0,0x00000000,0x00000000,3,0,1,0,1
present,928,30902099,0x00000000,0,0,0,0x00000000,0x00000000,3,0,1,0,1
present,929,30935433,0x00000000,0,0,0,0x00000000,0x00000000,3,0,1,0,1
present,930,30968968,0x00000000,0,0,0,0x00000000,0x00000000,3,0,1,0,1
present,931,31002177,0x00000000,0,0,0,0x00000000,0x00000000,3,0,1,0,1
present,932,31036934,0x00000000,0,0,0,0x00000000,0x00000000,3,0,1,0,1
present,933,31069795,0x00000000,0,0,0,0x00000000,0x00000000,3,0,1,0,1
present,934,31104294,0x00000000,0,0,0,0x00000000,0x00000000,3,0,1,0,1
present,935,31134665,0x00000000,0,0,0,0x00000000,0x00000000,3,0,1,0,1
present,936,31167686,0x00000000,0,0,0,0x00000000,0x00000000,3,0,1,0,1
present,937,31201911,0x00000000,0,0,0,0x00000000,0x00000000,3,0,1,0,1
present,938,31236160,0x00000000,0,0,0,0x00000000,0x00000000,3,0,1,0,1
present,939,31270588,0x00000000,0,0,0,0x00000000,0x00000000,3,0,1,0,1
present,940,31302311,0x00000000,0,0,0,0x00000000,0x00000000,3,0,1,0,1
present,941,31336688,0x00000000,0,0,0,0x00000000,0x00000000,3,0,1,0,1
present,942,31368831,0x00000000,0,0,0,0x00000000,0x00000000,3,0,1,0,1
present,943,31404342,0x00000000,0,0,0,0x00000000,0x00000000,3,0,1,0,1
present,944,31435525,0x00000000,0,0,0,0x00000000,0x00000000,3,0,1,0,1
present,945,31468868,0x00000000,0,0,0,0x00000000,0x00000000,3,0,1,0,1
present,946,31502900,0x00000000,0,0,0,0x00000000,0x00000000,3,0,1,0,1
present,947,31537078,0x00000000,0,0,0,0x00000000,0x00000000,3,0,1,0,1
present,948,31568867,0x00000000,0,0,0,0x00000000,0x00000000,3,0,1,0,1
present,949,31603210,0x00000000,0,0,0,0x00000000,0x00000000,3,0,1,0,1
present,950,31635377,0x00000000,0,0,0,0x00000000,0x00000000,3,0,1,0,1
present,951,31670718,0x00000000,0,0,0,0x00000000,0x00000000,3,0,1,0,1
present,952,31701638,0x00000000,0,0,0,0x00000000,0x00000000,3,0,1,0,1
present,953,31737175,0x00000000,0,0,0,0x00000000,0x00000000,3,0,1,0,1
present,954,31768823,0x00000000,0,0,0,0x00000000,0x00000000,3,0,1,0,1
present,955,31802578,0x00000000,0,0,0,0x00000000,0x00000000,3,0,1,0,1
present,956,31835443,0x00000000,0,0,0,0x00000000,0x00000000,3,0,1,0,1
present,957,31868636,0x00000000,0,0,0,0x00000000,0x00000000,3,0,1,0,1
present,958,31902194,0x00000000,0,0,0,0x00000000,0x00000000,3,0,1,0,1
present,959,31935429,0x00000000,0,0,0,0x00000000,0x00000000,3,0,1,0,1
present,960,31970831,0x00000000,0,0,0,0x00000000,0x00000000,3,0,1,0,1
present,961,32003289,0x00000000,0,0,0,0x00000000,0x00000000,0,0,1,0,1
present,962,32033488,0x00000000,0,0,0,0x00000000,0x00000000,0,0,1,0,1
present,963,32068846,0x00000000,0,0,0,0x00000000,0x00000000,0,0,1,0,1
present,964,32101906,0x00000000,0,0,0,0x00000000,0x00000000,0,0,1,0,1
present,965,32135406,0x00000000,0,0,0,0x00000000,0x00000000,0,0,1,0,1
present,966,32168735,0x00000000,0,0,0,0x00000000,0x00000000,0,0,1,0,1
present,967,32202016,0x00000000,0,0,0,0x00000000,0x00000000,0,0,1,0,1
present,968,32235388,0x00000000,0,0,0,0x00000000,0x00000000,0,0,1,0,1
present,969,32268765,0x00000000,0,0,0,0x00000000,0x00000000,0,0,1,0,1
present,970,32304266,0x00000000,0,0,0,0x00000000,0x00000000,0,0,1,0,1
present,971,32334453,0x00000000,0,0,0,0x00000000,0x00000000,0,0,1,0,1
present,972,32369297,0x00000000,0,0,0,0x00000000,0x00000000,0,0,1,0,1
present,973,32403515,0x00000000,0,0,0,0x00000000,0x00000000,0,0,1,0,1
present,974,32435431,0x00000000,0,0,0,0x00000000,0x00000000,0,0,1,0,1
present,975,32468715,0x00000000,0,0,0,0x00000000,0x00000000,0,0,1,0,1
present,976,32502071,0x00000000,0,0,0,0x00000000,0x00000000,0,0,1,0,1
present,977,32537610,0x00000000,0,0,0,0x00000000,0x00000000,0,0,1,0,1
present,978,32569686,0x00000000,0,0,0,0x00000000,0x00000000,0,0,1,0,1
present,979,32604039,0x00000000,0,0,0,0x00000000,0x00000000,0,0,1,0,1
present,980,32637280,0x00000000,0,0,0,0x00000000,0x00000000,0,0,1,0,1
present,981,32670821,0x00000000,0,0,0,0x00000000,0x00000000,0,0,1,0,1
present,982,32700168,0x00000000,0,0,0,0x00000000,0x00000000,0,0,1,0,1
present,983,32735525,0x00000000,0,0,0,0x00000000,0x00000000,0,0,1,0,1
present,984,32768726,0x00000000,0,0,0,0x00000000,0x00000000,0,0,1,0,1
present,985,32803939,0x00000000,0,0,0,0x00000000,0x00000000,0,0,1,0,1
present,986,32836192,0x00000000,0,0,0,0x00000000,0x00000000,0,0,1,0,1
present,987,32870652,0x00000000,0,0,0,0x00000000,0x00000000,0,0,1,0,1
present,988,32904032,0x00000000,0,0,0,0x00000000,0x00000000,0,0,1,0,1
present,989,32935536,0x00000000,0,0,0,0x00000000,0x00000000,0,0,1,0,1
present,990,32969925,0x00000000,0,0,0,0x00000000,0x00000000,0,0,1,0,1
present,991,33001984,0x00000000,0,0,0,0x00000000,0x00000000,0,0,1,0,1
present,992,33034187,0x00000000,0,0,0,0x00000000,0x00000000,0,0,1,0,1
present,993,33066815,0x00000000,0,0,0,0x00000000,0x00000000,0,0,1,0,1
present,994,33104200,0x00000000,0,0,0,0x00000000,0x00000000,0,0,1,0,1
present,995,33135393,0x00000000,0,0,0,0x00000000,0x00000000,0,0,1,0,1
present,996,33168354,0x00000000,0,0,0,0x00000000,0x00000000,0,0,1,0,1
present,997,33202043,0x00000000,0,0,0,0x00000000,0x00000000,0,0,1,0,1
present,998,33235680,0x00000000,0,0,0,0x00000000,0x00000000,0,0,1,0,1
present,999,33270140,0x00000000,0,0,0,0x00000000,0x00000000,0,0,1,0,1
present,1000,33300152,0x00000000,0,0,0,0x00000000,0x00000000,0,0,1,0,1
present,1001,33333469,0x00000000,0,0,0,0x00000000,0x00000000,0,0,1,0,1
present,1002,33369446,0x00000000,0,0,0,0x00000000,0x00000000,0,0,1,0,1
present,1003,33401991,0x00000000,0,0,0,0x00000000,0x00000000,0,0,1,0,1
present,1004,33434171,0x00000000,0,0,0,0x00000000,0x00000000,0,0,1,0,1
present,1005,33468933,0x00000000,0,0,0,0x00000000,0x00000000,0,0,1,0,1
present,1006,33500835,0x00000000,0,0,0,0x00000000,0x00000000,0,0,1,0,1
present,1007,33534157,0x00000000,0,0,0,0x00000000,0x00000000,0,0,1,0,1
present,1008,33568627,0x00000000,0,0,0,0x00000000,0x00000000,0,0,1,0,1
present,1009,33600814,0x00000000,0,0,0,0x00000000,0x00000000,0,0,1,0,1
present,1010,33635319,0x00000000,0,0,0,0x00000000,0x00000000,0,0,1,0,1
present,1011,33668648,0x00000000,0,0,0,0x00000000,0x00000000,0,0,1,0,1
present,1012,33704094,0x00000000,0,0,0,0x00000000,0x00000000,0,0,1,0,1
present,1013,33735328,0x00000000,0,0,0,0x00000000,0x00000000,0,0,1,0,1
present,1014,33768641,0x00000000,0,0,0,0x00000000,0x00000000,0,0,1,0,1
present,1015,33803383,0x00000000,0,0,0,0x00000000,0x00000000,0,0,1,0,1
present,1016,33836760,0x00000000,0,0,0,0x00000000,0x00000000,0,0,1,0,1
present,1017,33867802,0x00000000,0,0,0,0x00000000,0x00000000,0,0,1,0,1
present,1018,33902781,0x00000000,0,0,0,0x00000000,0x00000000,0,0,1,0,1
present,1019,33934894,0x00000000,0,0,0,0x00000000,0x00000000,0,0,1,0,1
present,1020,33967494,0x00000000,0,0,0,0x00000000,0x00000000,0,0,1,0,1
present,1021,34003354,0x00000000,0,0,0,0x00000000,0x00000000,1,0,1,0,1
present,1022,34036812,0x00000000,0,0,0,0x00000000,0x00000000,1,0,1,0,1
present,1023,34068789,0x00000000,0,0,0,0x00000000,0x00000000,1,0,1,0,1
present,1024,34102188,0x00000000,0,0,0,0x00000000,0x00000000,1,0,1,0,1
present,1025,34135339,0x00000000,0,0,0,0x00000000,0x00000000,1,0,1,0,1
present,1026,34169448,0x00000000,0,0,0,0x00000000,0x00000000,1,0,1,0,1
present,1027,34201962,0x00000000,0,0,0,0x00000000,0x00000000,1,0,1,0,1
present,1028,34237365,0x00000000,0,0,0,0x00000000,0x00000000,1,0,1,0,1
present,1029,34270768,0x00000000,0,0,0,0x00000000,0x00000000,1,0,1,0,1
present,1030,34302008,0x00000000,0,0,0,0x00000000,0x00000000,1,0,1,0,1
present,1031,34335701,0x00000000,0,0,0,0x00000000,0x00000000,1,0,1,0,1
present,1032,34368160,0x00000000,0,0,0,0x00000000,0x00000000,1,0,1,0,1
present,1033,34402016,0x00000000,0,0,0,0x00000000,0x00000000,1,0,1,0,1
present,1034,34435313,0x00000000,0,0,0,0x00000000,0x00000000,1,0,1,0,1
present,1035,34468652,0x00000000,0,0,0,0x00000000,0x00000000,1,0,1,0,1
present,1036,34503605,0x00000000,0,0,0,0x00000000,0x00000000,1,0,1,0,1
present,1037,34536965,0x00000000,0,0,0,0x00000000,0x00000000,1,0,1,0,1
present,1038,34568621,0x00000000,0,0,0,0x00000000,0x00000000,1,0,1,0,1
present,1039,34600378,0x00000000,0,0,0,0x00000000,0x00000000,1,0,1,0,1
present,1040,34636120,0x00000000,0,0,0,0x00000000,0x00000000,1,0,1,0,1
present,1041,34667681,0x00000000,0,0,0,0x00000000,0x00000000,1,0,1,0,1
present,1042,34700811,0x00000000,0,0,0,0x00000000,0x00000000,1,0,1,0,1
present,1043,34734148,0x00000000,0,0,0,0x00000000,0x00000000,1,0,1,0,1
present,1044,34770243,0x00000000,0,0,0,0x00000000,0x00000000,1,0,1,0,1
present,1045,34802782,0x00000000,0,0,0,0x00000000,0x00000000,1,0,1,0,1
present,1046,34837167,0x00000000,0,0,0,0x00000000,0x00000000,1,0,1,0,1
present,1047,34870561,0x00000000,0,0,0,0x00000000,0x00000000,1,0,1,0,1
present,1048,34902082,0x00000000,0,0,0,0x00000000,0x00000000,1,0,1,0,1
present,1049,34934148,0x00000000,0,0,0,0x00000000,0x00000000,1,0,1,0,1
present,1050,34970542,0x00000000,0,0,0,0x00000000,0x00000000,1,0,1,0,1
present,1051,35001455,0x00000000,0,0,0,0x00000000,0x00000000,1,0,1,0,1
present,1052,35034967,0x00000000,0,0,0,0x00000000,0x00000000,1,0,1,0,1
present,1053,35066804,0x00000000,0,0,0,0x00000000,0x00000000,1,0,1,0,1
present,1054,35103165,0x00000000,0,0,0,0x00000000,0x00000000,1,0,1,0,1
present,1055,35135332,0x00000000,0,0,0,0x00000000,0x00000000,1,0,1,0,1
present,1056,35166871,0x00000000,0,0,0,0x00000000,0x00000000,1,0,1,0,1
present,1057,35201554,0x00000000,0,0,0,0x00000000,0x00000000,1,0,1,0,1
present,1058,35234195,0x00000000,0,0,0,0x00000000,0x00000000,1,0,1,0,1
present,1059,35268188,0x00000000,0,0,0,0x00000000,0x00000000,1,0,1,0,1
present,1060,35301991,0x00000000,0,0,0,0x00000000,0x00000000,1,0,1,0,1
present,1061,35335295,0x00000000,0,0,0,0x00000000,0x00000000,1,0,1,0,1
present,1062,35369574,0x00000000,0,0,0,0x00000000,0x00000000,1,0,1,0,1
present,1063,35402254,0x00000000,0,0,0,0x00000000,0x00000000,1,0,1,0,1
present,1064,35434733,0x00000000,0,0,0,0x00000000,0x00000000,1,0,1,0,1
present,1065,35468634,0x00000000,0,0,0,0x00000000,0x00000000,1,0,1,0,1
present,1066,35504062,0x00000000,0,0,0,0x00000000,0x00000000,1,0,1,0,1
present,1067,35536148,0x00000000,0,0,0,0x00000000,0x00000000,1,0,1,0,1
present,1068,35570548,0x00000000,0,0,0,0x00000000,0x00000000,1,0,1,0,1
present,1069,35600771,0x00000000,0,0,0,0x00000000,0x00000000,1,0,1,0,1
present,1070,35635600,0x00000000,0,0,0,0x00000000,0x00000000,1,0,1,0,1
present,1071,35669954,0x00000000,0,0,0,0x00000000,0x00000000,1,0,1,0,1
present,1072,35704217,0x00000000,0,0,0,0x00000000,0x00000000,1,0,1,0,1
present,1073,35734144,0x00000000,0,0,0,0x00000000,0x00000000,1,0,1,0,1
present,1074,35768986,0x00000000,0,0,0,0x00000000,0x00000000,1,0,1,0,1
present,1075,35802803,0x00000000,0,0,0,0x00000000,0x00000000,1,0,1,0,1
present,1076,35834092,0x00000000,0,0,0,0x00000000,0x00000000,1,0,1,0,1
present,1077,35868608,0x00000000,0,0,0,0x00000000,0x00000000,1,0,1,0,1
present,1078,35902020,0x00000000,0,0,0,0x00000000,0x00000000,1,0,1,0,1
present,1079,35934168,0x00000000,0,0,0,0x00000000,0x00000000,1,0,1,0,1
present,1080,35967479,0x00000000,0,0,0,0x00000000,0x00000000,1,0,1,0,1
present,1081,36003399,0x00000000,0,0,0,0x00000000,0x00000000,2,0,1,0,1
present,1082,36036114,0x00000000,0,0,0,0x00000000,0x00000000,2,0,1,0,1
present,1083,36068659,0x00000000,0,0,0,0x00000000,0x00000000,2,0,1,0,1
present,1084,36104425,0x00000000,0,0,0,0x00000000,0x00000000,2,0,1,0,1
present,1085,36135351,0x00000000,0,0,0,0x00000000,0x00000000,2,0,1,0,1
present,1086,36170834,0x00000000,0,0,0,0x00000000,0x00000000,2,0,1,0,1
present,1087,36203209,0x00000000,0,0,0,0x00000000,0x00000000,2,0,1,0,1
present,1088,36235334,0x00000000,0,0,0,0x00000000,0x00000000,2,0,1,0,1
present,1089,36268637,0x00000000,0,0,0,0x00000000,0x00000000,2,0,1,0,1
present,1090,36302790,0x00000000,0,0,0,0x00000000,0x00000000,2,0,1,0,1
present,1091,36337217,0x00000000,0,0,0,0x00000000,0x00000000,2,0,1,0,1
present,1092,36370595,0x00000000,0,0,0,0x00000000,0x00000000,2,0,1,0,1
present,1093,36401952,0x00000000,0,0,0,0x00000000,0x00000000,2,0,1,0,1
present,1094,36437363,0x00000000,0,0,0,0x00000000,0x00000000,2,0,1,0,1
present,1095,36466813,0x00000000,0,0,0,0x00000000,0x00000000,2,0,1,0,1
present,1096,36503190,0x00000000,0,0,0,0x00000000,0x00000000,2,0,1,0,1
present,1097,36535328,0x00000000,0,0,0,0x00000000,0x00000000,2,0,1,0,1
present,1098,36568610,0x00000000,0,0,0,0x00000000,0x00000000,2,0,1,0,1
present,1099,36601920,0x00000000,0,0,0,0x00000000,0x00000000,2,0,1,0,1
present,1100,36633471,0x00000000,0,0,0,0x00000000,0x00000000,2,0,1,0,1
present,1101,36668611,0x00000000,0,0,0,0x00000000,0x00000000,2,0,1,0,1
present,1102,36701964,0x00000000,0,0,0,0x00000000,0x00000000,2,0,1,0,1
present,1103,36735280,0x00000000,0,0,0,0x00000000,0x00000000,2,0,1,0,1
present,1104,36770112,0x00000000,0,0,0,0x00000000,0x00000000,2,0,1,0,1
present,1105,36803486,0x00000000,0,0,0,0x00000000,0x00000000,2,0,1,0,1
present,1106,36835281,0x00000000,0,0,0,0x00000000,0x00000000,2,0,1,0,1
present,1107,36868305,0x00000000,0,0,0,0x00000000,0x00000000,2,0,1,0,1
present,1108,36903909,0x00000000,0,0,0,0x00000000,0x00000000,2,0,1,0,1
present,1109,36937171,0x00000000,0,0,0,0x00000000,0x00000000,2,0,1,0,1
present,1110,36968625,0x00000000,0,0,0,0x00000000,0x00000000,2,0,1,0,1
present,1111,37003339,0x00000000,0,0,0,0x00000000,0x00000000,2,0,1,0,1
present,1112,37036761,0x00000000,0,0,0,0x00000000,0x00000000,2,0,1,0,1
present,1113,37067464,0x00000000,0,0,0,0x00000000,0x00000000,2,0,1,0,1
present,1114,37105407,0x00000000,0,0,0,0x00000000,0x00000000,2,0,1,0,1
present,1115,37134121,0x00000000,0,0,0,0x00000000,0x00000000,2,0,1,0,1
present,1116,37168773,0x00000000,0,0,0,0x00000000,0x00000000,2,0,1,0,1
present,1117,37202303,0x00000000,0,0,0,0x00000000,0x00000000,2,0,1,0,1
present,1118,37236049,0x00000000,0,0,0,0x00000000,0x00000000,2,0,1,0,1
present,1119,37270263,0x00000000,0,0,0,0x00000000,0x00000000,2,0,1,0,1
present,1120,37311511,0x00000000,0,0,0,0x00000000,0x00000000,2,0,1,0,1
present,1121,37343433,0x00000000,0,0,0,0x00000000,0x00000000,2,0,1,0,1
present,1122,37370720,0x00000000,0,0,0,0x00000000,0x00000000,2,0,1,0,1
present,1123,37401528,0x00000000,0,0,0,0x00000000,0x00000000,2,0,1,0,1
present,1124,37436916,0x00000000,0,0,0,0x00000000,0x00000000,2,0,1,0,1
present,1125,37468667,0x00000000,0,0,0,0x00000000,0x00000000,2,0,1,0,1
present,1126,37502071,0x00000000,0,0,0,0x00000000,0x00000000,2,0,1,0,1
present,1127,37537473,0x00000000,0,0,0,0x00000000,0x00000000,2,0,1,0,1
present,1128,37568595,0x00000000,0,0,0,0x00000000,0x00000000,2,0,1,0,1
present,1129,37600132,0x00000000,0,0,0,0x00000000,0x00000000,2,0,1,0,1
present,1130,37635607,0x00000000,0,0,0,0x00000000,0x00000000,2,0,1,0,1
present,1131,37668115,0x00000000,0,0,0,0x00000000,0x00000000,2,0,1,0,1
present,1132,37700826,0x00000000,0,0,0,0x00000000,0x00000000,2,0,1,0,1
present,1133,37734121,0x00000000,0,0,0,0x00000000,0x00000000,2,0,1,0,1
present,1134,37768600,0x00000000,0,0,0,0x00000000,0x00000000,2,0,1,0,1
present,1135,37802000,0x00000000,0,0,0,0x00000000,0x00000000,2,0,1,0,1
present,1136,37835852,0x00000000,0,0,0,0x00000000,0x00000000,2,0,1,0,1
present,1137,37869394,0x00000000,0,0,0,0x00000000,0x00000000,2,0,1,0,1
present,1138,37901941,0x00000000,0,0,0,0x00000000,0x00000000,2,0,1,0,1
present,1139,37934756,0x00000000,0,0,0,0x00000000,0x00000000,2,0,1,0,1
present,1140,37968629,0x00000000,0,0,0,0x00000000,0x00000000,2,0,1,0,1
present,1141,38000774,0x00000000,0,0,0,0x00000000,0x00000000,3,0,1,0,1
present,1142,38034137,0x00000000,0,0,0,0x00000000,0x00000000,3,0,1,0,1
present,1143,38068602,0x00000000,0,0,0,0x00000000,0x00000000,3,0,1,0,1
present,1144,38104519,0x00000000,0,0,0,0x00000000,0x00000000,3,0,1,0,1
present,1145,38135281,0x00000000,0,0,0,0x00000000,0x00000000,3,0,1,0,1
present,1146,38170721,0x00000000,0,0,0,0x00000000,0x00000000,3,0,1,0,1
present,1147,38202018,0x00000000,0,0,0,0x00000000,0x00000000,3,0,1,0,1
present,1148,38235331,0x00000000,0,0,0,0x00000000,0x00000000,3,0,1,0,1
present,1149,38268608,0x00000000,0,0,0,0x00000000,0x00000000,3,0,1,0,1
present,1150,38303989,0x00000000,0,0,0,0x00000000,0x00000000,3,0,1,0,1
present,1151,38337373,0x00000000,0,0,0,0x00000000,0x00000000,3,0,1,0,1
present,1152,38368607,0x00000000,0,0,0,0x00000000,0x00000000,3,0,1,0,1
present,1153,38401882,0x00000000,0,0,0,0x00000000,0x00000000,3,0,1,0,1
present,1154,38435797,0x00000000,0,0,0,0x00000000,0x00000000,3,0,1,0,1
present,1155,38468309,0x00000000,0,0,0,0x00000000,0x00000000,3,0,1,0,1
present,1156,38503694,0x00000000,0,0,0,0x00000000,0x00000000,3,0,1,0,1
present,1157,38537062,0x00000000,0,0,0,0x00000000,0x00000000,3,0,1,0,1
present,1158,38570425,0x00000000,0,0,0,0x00000000,0x00000000,3,0,1,0,1
present,1159,38601344,0x00000000,0,0,0,0x00000000,0x00000000,3,0,1,0,1
present,1160,38634121,0x00000000,0,0,0,0x00000000,0x00000000,3,0,1,0,1
present,1161,38670018,0x00000000,0,0,0,0x00000000,0x00000000,3,0,1,0,1
present,1162,38700775,0x00000000,0,0,0,0x00000000,0x00000000,3,0,1,0,1
present,1163,38734105,0x00000000,0,0,0,0x00000000,0x00000000,3,0,1,0,1
present,1164,38770502,0x00000000,0,0,0,0x00000000,0x00000000,3,0,1,0,1
present,1165,38800135,0x00000000,0,0,0,0x00000000,0x00000000,3,0,1,0,1
present,1166,38835299,0x00000000,0,0,0,0x00000000,0x00000000,3,0,1,0,1
present,1167,38867036,0x00000000,0,0,0,0x00000000,0x00000000,3,0,1,0,1
present,1168,38901918,0x00000000,0,0,0,0x00000000,0x00000000,3,0,1,0,1
present,1169,38936676,0x00000000,0,0,0,0x00000000,0x00000000,3,0,1,0,1
present,1170,38969426,0x00000000,0,0,0,0x00000000,0x00000000,3,0,1,0,1
present,1171,39000763,0x00000000,0,0,0,0x00000000,0x00000000,3,0,1,0,1
present,1172,39035240,0x00000000,0,0,0,0x00000000,0x00000000,3,0,1,0,1
present,1173,39068731,0x00000000,0,0,0,0x00000000,0x00000000,3,0,1,0,1
present,1174,39103662,0x00000000,0,0,0,0x00000000,0x00000000,3,0,1,0,1
present,1175,39135332,0x00000000,0,0,0,0x00000000,0x00000000,3,0,1,0,1
present,1176,39168814,0x00000000,0,0,0,0x00000000,0x00000000,3,0,1,0,1
present,1177,39201941,0x00000000,0,0,0,0x00000000,0x00000000,3,0,1,0,1
present,1178,39236523,0x00000000,0,0,0,0x00000000,0x00000000,3,0,1,0,1
present,1179,39267430,0x00000000,0,0,0,0x00000000,0x00000000,3,0,1,0,1
present,1180,39300775,0x00000000,0,0,0,0x00000000,0x00000000,3,0,1,0,1
present,1181,39336049,0x00000000,0,0,0,0x00000000,0x00000000,3,0,1,0,1
present,1182,39370449,0x00000000,0,0,0,0x00000000,0x00000000,3,0,1,0,1
present,1183,39400484,0x00000000,0,0,0,0x00000000,0x00000000,3,0,1,0,1
present,1184,39435277,0x00000000,0,0,0,0x00000000,0x00000000,3,0,1,0,1
present,1185,39467919,0x00000000,0,0,0,0x00000000,0x00000000,3,0,1,0,1
present,1186,39502735,0x00000000,0,0,0,0x00000000,0x00000000,3,0,1,0,1
present,1187,39537075,0x00000000,0,0,0,0x00000000,0x00000000,3,0,1,0,1
present,1188,39570657,0x00000000,0,0,0,0x00000000,0x00000000,3,0,1,0,1
present,1189,39603250,0x00000000,0,0,0,0x00000000,0x00000000,3,0,1,0,1
present,1190,39634372,0x00000000,0,0,0,0x00000000,0x00000000,3,0,1,0,1
present,1191,39667455,0x00000000,0,0,0,0x00000000,0x00000000,3,0,1,0,1
present,1192,39702272,0x00000000,0,0,0,0x00000000,0x00000000,3,0,1,0,1
present,1193,39735222,0x00000000,0,0,0,0x00000000,0x00000000,3,0,1,0,1
present,1194,39769479,0x00000000,0,0,0,0x00000000,0x00000000,3,0,1,0,1
present,1195,39802823,0x00000000,0,0,0,0x00000000,0x00000000,3,0,1,0,1
present,1196,39837205,0x00000000,0,0,0,0x00000000,0x00000000,3,0,1,0,1
present,1197,39870735,0x00000000,0,0,0,0x00000000,0x00000000,3,0,1,0,1
present,1198,39902051,0x00000000,0,0,0,0x00000000,0x00000000,3,0,1,0,1
present,1199,39937433,0x00000000,0,0,0,0x00000000,0x00000000,3,0,1,0,1
present,1200,39968575,0x00000000,0,0,0,0x00000000,0x00000000,3,0,1,0,1
present,1201,40003944,0x00000000,0,0,0,0x00000000,0x00000000,0,0,1,0,1
present,1202,40033482,0x00000000,0,0,0,0x00000000,0x00000000,0,0,1,0,1
present,1203,40068559,0x00000000,0,0,0,0x00000000,0x00000000,0,0,1,0,1
present,1204,40104754,0x00000000,0,0,0,0x00000000,0x00000000,0,0,1,0,1
present,1205,40133582,0x00000000,0,0,0,0x00000000,0x00000000,0,0,1,0,1
present,1206,40168620,0x00000000,0,0,0,0x00000000,0x00000000,0,0,1,0,1
present,1207,40204041,0x00000000,0,0,0,0x00000000,0x00000000,0,0,1,0,1
present,1208,40235288,0x00000000,0,0,0,0x00000000,0x00000000,0,0,1,0,1
present,1209,40268635,0x00000000,0,0,0,0x00000000,0x00000000,0,0,1,0,1
present,1210,40301808,0x00000000,0,0,0,0x00000000,0x00000000,0,0,1,0,1
present,1211,40334719,0x00000000,0,0,0,0x00000000,0x00000000,0,0,1,0,1
present,1212,40368420,0x00000000,0,0,0,0x00000000,0x00000000,0,0,1,0,1
present,1213,40400058,0x00000000,0,0,0,0x00000000,0x00000000,0,0,1,0,1
present,1214,40434593,0x00000000,0,0,0,0x00000000,0x00000000,0,0,1,0,1
present,1215,40469314,0x00000000,0,0,0,0x00000000,0x00000000,0,0,1,0,1
present,1216,40503498,0x00000000,0,0,0,0x00000000,0x00000000,0,0,1,0,1
present,1217,40536577,0x00000000,0,0,0,0x00000000,0x00000000,0,0,1,0,1
present,1218,40570641,0x00000000,0,0,0,0x00000000,0x00000000,0,0,1,0,1
present,1219,40603741,0x00000000,0,0,0,0x00000000,0x00000000,0,0,1,0,1
present,1220,40635121,0x00000000,0,0,0,0x00000000,0x00000000,0,0,1,0,1
present,1221,40667716,0x00000000,0,0,0,0x00000000,0x00000000,0,0,1,0,1
present,1222,40703344,0x00000000,0,0,0,0x00000000,0x00000000,0,0,1,0,1
present,1223,40736724,0x00000000,0,0,0,0x00000000,0x00000000,0,0,1,0,1
present,1224,40770108,0x00000000,0,0,0,0x00000000,0x00000000,0,0,1,0,1
present,1225,40801902,0x00000000,0,0,0,0x00000000,0x00000000,0,0,1,0,1
present,1226,40837651,0x00000000,0,0,0,0x00000000,0x00000000,0,0,1,0,1
present,1227,40868156,0x00000000,0,0,0,0x00000000,0x00000000,0,0,1,0,1
present,1228,40902046,0x00000000,0,0,0,0x00000000,0x00000000,0,0,1,0,1
present,1229,40935228,0x00000000,0,0,0,0x00000000,0x00000000,0,0,1,0,1
present,1230,40968659,0x00000000,0,0,0,0x00000000,0x00000000,0,0,1,0,1
present,1231,41001174,0x00000000,0,0,0,0x00000000,0x00000000,0,0,1,0,1
present,1232,41035278,0x00000000,0,0,0,0x00000000,0x00000000,0,0,1,0,1
present,1233,41070669,0x00000000,0,0,0,0x00000000,0x00000000,0,0,1,0,1
present,1234,41101649,0x00000000,0,0,0,0x00000000,0x00000000,0,0,1,0,1
present,1235,41135980,0x00000000,0,0,0,0x00000000,0x00000000,0,0,1,0,1
present,1236,41167911,0x00000000,0,0,0,0x00000000,0x00000000,0,0,1,0,1
present,1237,41203665,0x00000000,0,0,0,0x00000000,0x00000000,0,0,1,0,1
present,1238,41237047,0x00000000,0,0,0,0x00000000,0x00000000,0,0,1,0,1
present,1239,41270424,0x00000000,0,0,0,0x00000000,0x00000000,0,0,1,0,1
present,1240,41302409,0x00000000,0,0,0,0x00000000,0x00000000,0,0,1,0,1
present,1241,41334074,0x00000000,0,0,0,0x00000000,0x00000000,0,0,1,0,1
present,1242,41369877,0x00000000,0,0,0,0x00000000,0x00000000,0,0,1,0,1
present,1243,41400735,0x00000000,0,0,0,0x00000000,0x00000000,0,0,1,0,1
present,1244,41436829,0x00000000,0,0,0,0x00000000,0x00000000,0,0,1,0,1
present,1245,41467416,0x00000000,0,0,0,0x00000000,0x00000000,0,0,1,0,1
present,1246,41500774,0x00000000,0,0,0,0x00000000,0x00000000,0,0,1,0,1
present,1247,41535239,0x00000000,0,0,0,0x00000000,0x00000000,0,0,1,0,1
present,1248,41570608,0x00000000,0,0,0,0x00000000,0x00000000,0,0,1,0,1
present,1249,41601128,0x00000000,0,0,0,0x00000000,0x00000000,0,0,1,0,1
present,1250,41637467,0x00000000,0,0,0,0x00000000,0x00000000,0,0,1,0,1
present,1251,41670826,0x00000000,0,0,0,0x00000000,0x00000000,0,0,1,0,1
present,1252,41703200,0x00000000,0,0,0,0x00000000,0x00000000,0,0,1,0,1
present,1253,41735246,0x00000000,0,0,0,0x00000000,0x00000000,0,0,1,0,1
present,1254,41768527,0x00000000,0,0,0,0x00000000,0x00000000,0,0,1,0,1
present,1255,41803939,0x00000000,0,0,0,0x00000000,0x00000000,0,0,1,0,1
present,1256,41835217,0x00000000,0,0,0,0x00000000,0x00000000,0,0,1,0,1
present,1257,41867326,0x00000000,0,0,0,0x00000000,0x00000000,0,0,1,0,1
present,1258,41903712,0x00000000,0,0,0,0x00000000,0x00000000,0,0,1,0,1
present,1259,41935227,0x00000000,0,0,0,0x00000000,0x00000000,0,0,1,0,1
present,1260,41968550,0x00000000,0,0,0,0x00000000,0x00000000,0,0,1,0,1
present,1261,42001856,0x00000000,0,0,0,0x00000000,0x00000000,1,0,1,0,1
present,1262,42037225,0x00000000,0,0,0,0x00000000,0x00000000,1,0,1,0,1
present,1263,42068536,0x00000000,0,0,0,0x00000000,0x00000000,1,0,1,0,1
present,1264,42103930,0x00000000,0,0,0,0x00000000,0x00000000,1,0,1,0,1
present,1265,42133474,0x00000000,0,0,0,0x00000000,0x00000000,1,0,1,0,1
present,1266,42169458,0x00000000,0,0,0,0x00000000,0x00000000,1,0,1,0,1
present,1267,42202081,0x00000000,0,0,0,0x00000000,0x00000000,1,0,1,0,1
present,1268,42235267,0x00000000,0,0,0,0x00000000,0x00000000,1,0,1,0,1
present,1269,42268570,0x00000000,0,0,0,0x00000000,0x00000000,1,0,1,0,1
present,1270,42300758,0x00000000,0,0,0,0x00000000,0x00000000,1,0,1,0,1
present,1271,42334078,0x00000000,0,0,0,0x00000000,0x00000000,1,0,1,0,1
present,1272,42370646,0x00000000,0,0,0,0x00000000,0x00000000,1,0,1,0,1
present,1273,42402327,0x00000000,0,0,0,0x00000000,0x00000000,1,0,1,0,1
present,1274,42436706,0x00000000,0,0,0,0x00000000,0x00000000,1,0,1,0,1
present,1275,42468134,0x00000000,0,0,0,0x00000000,0x00000000,1,0,1,0,1
present,1276,42501214,0x00000000,0,0,0,0x00000000,0x00000000,1,0,1,0,1
present,1277,42535335,0x00000000,0,0,0,0x00000000,0x00000000,1,0,1,0,1
present,1278,42568607,0x00000000,0,0,0,0x00000000,0x00000000,1,0,1,0,1
present,1279,42600721,0x00000000,0,0,0,0x00000000,0x00000000,1,0,1,0,1
present,1280,42635208,0x00000000,0,0,0,0x00000000,0x00000000,1,0,1,0,1
present,1281,42669949,0x00000000,0,0,0,0x00000000,0x00000000,1,0,1,0,1
present,1282,42701849,0x00000000,0,0,0,0x00000000,0x00000000,1,0,1,0,1
present,1283,42735464,0x00000000,0,0,0,0x00000000,0x00000000,1,0,1,0,1
present,1284,42769187,0x00000000,0,0,0,0x00000000,0x00000000,1,0,1,0,1
present,1285,42801881,0x00000000,0,0,0,0x00000000,0x00000000,1,0,1,0,1
present,1286,42834808,0x00000000,0,0,0,0x00000000,0x00000000,1,0,1,0,1
present,1287,42870258,0x00000000,0,0,0,0x00000000,0x00000000,1,0,1,0,1
present,1288,42901883,0x00000000,0,0,0,0x00000000,0x00000000,1,0,1,0,1
present,1289,42935571,0x00000000,0,0,0,0x00000000,0x00000000,1,0,1,0,1
present,1290,42969435,0x00000000,0,0,0,0x00000000,0x00000000,1,0,1,0,1
present,1291,43001865,0x00000000,0,0,0,0x00000000,0x00000000,1,0,1,0,1
present,1292,43035205,0x00000000,0,0,0,0x00000000,0x00000000,1,0,1,0,1
present,1293,43070572,0x00000000,0,0,0,0x00000000,0x00000000,1,0,1,0,1
present,1294,43102507,0x00000000,0,0,0,0x00000000,0x00000000,1,0,1,0,1
present,1295,43135257,0x00000000,0,0,0,0x00000000,0x00000000,1,0,1,0,1
present,1296,43167491,0x00000000,0,0,0,0x00000000,0x00000000,1,0,1,0,1
present,1297,43201917,0x00000000,0,0,0,0x00000000,0x00000000,1,0,1,0,1
present,1298,43235187,0x00000000,0,0,0,0x00000000,0x00000000,1,0,1,0,1
present,1299,43270576,0x00000000,0,0,0,0x00000000,0x00000000,1,0,1,0,1
present,1300,43301290,0x00000000,0,0,0,0x00000000,0x00000000,1,0,1,0,1
present,1301,43336021,0x00000000,0,0,0,0x00000000,0x00000000,1,0,1,0,1
present,1302,43368912,0x00000000,0,0,0,0x00000000,0x00000000,1,0,1,0,1
present,1303,43401941,0x00000000,0,0,0,0x00000000,0x00000000,1,0,1,0,1
present,1304,43435200,0x00000000,0,0,0,0x00000000,0x00000000,1,0,1,0,1
present,1305,43468550,0x00000000,0,0,0,0x00000000,0x00000000,1,0,1,0,1
present,1306,43500699,0x00000000,0,0,0,0x00000000,0x00000000,1,0,1,0,1
present,1307,43535278,0x00000000,0,0,0,0x00000000,0x00000000,1,0,1,0,1
present,1308,43566803,0x00000000,0,0,0,0x00000000,0x00000000,1,0,1,0,1
present,1309,43604123,0x00000000,0,0,0,0x00000000,0x00000000,1,0,1,0,1
present,1310,43633974,0x00000000,0,0,0,0x00000000,0x00000000,1,0,1,0,1
present,1311,43668516,0x00000000,0,0,0,0x00000000,0x00000000,1,0,1,0,1
present,1312,43701867,0x00000000,0,0,0,0x00000000,0x00000000,1,0,1,0,1
present,1313,43735239,0x00000000,0,0,0,0x00000000,0x00000000,1,0,1,0,1
present,1314,43768588,0x00000000,0,0,0,0x00000000,0x00000000,1,0,1,0,1
present,1315,43801951,0x00000000,0,0,0,0x00000000,0x00000000,1,0,1,0,1
present,1316,43835279,0x00000000,0,0,0,0x00000000,0x00000000,1,0,1,0,1
present,1317,43869159,0x00000000,0,0,0,0x00000000,0x00000000,1,0,1,0,1
present,1318,43903533,0x00000000,0,0,0,0x00000000,0x00000000,1,0,1,0,1
present,1319,43936934,0x00000000,0,0,0,0x00000000,0x00000000,1,0,1,0,1
present,1320,43969335,0x00000000,0,0,0,0x00000000,0x00000000,1,0,1,0,1
present,1321,44001875,0x00000000,0,0,0,0x00000000,0x00000000,2,0,1,0,1
present,1322,44037163,0x00000000,0,0,0,0x00000000,0x00000000,2,0,1,0,1
present,1323,44068530,0x00000000,0,0,0,0x00000000,0x00000000,2,0,1,0,1
present,1324,44102132,0x00000000,0,0,0,0x00000000,0x00000000,2,0,1,0,1
present,1325,44134086,0x00000000,0,0,0,0x00000000,0x00000000,2,0,1,0,1
present,1326,44168529,0x00000000,0,0,0,0x00000000,0x00000000,2,0,1,0,1
present,1327,44201824,0x00000000,0,0,0,0x00000000,0x00000000,2,0,1,0,1
present,1328,44237229,0x00000000,0,0,0,0x00000000,0x00000000,2,0,1,0,1
present,1329,44270490,0x00000000,0,0,0,0x00000000,0x00000000,2,0,1,0,1
present,1330,44301437,0x00000000,0,0,0,0x00000000,0x00000000,2,0,1,0,1
present,1331,44336546,0x00000000,0,0,0,0x00000000,0x00000000,2,0,1,0,1
present,1332,44370739,0x00000000,0,0,0,0x00000000,0x00000000,2,0,1,0,1
present,1333,44401833,0x00000000,0,0,0,0x00000000,0x00000000,2,0,1,0,1
present,1334,44434057,0x00000000,0,0,0,0x00000000,0x00000000,2,0,1,0,1
present,1335,44468677,0x00000000,0,0,0,0x00000000,0x00000000,2,0,1,0,1
present,1336,44502877,0x00000000,0,0,0,0x00000000,0x00000000,2,0,1,0,1
present,1337,44534086,0x00000000,0,0,0,0x00000000,0x00000000,2,0,1,0,1
present,1338,44568995,0x00000000,0,0,0,0x00000000,0x00000000,2,0,1,0,1
present,1339,44601727,0x00000000,0,0,0,0x00000000,0x00000000,2,0,1,0,1
present,1340,44634019,0x00000000,0,0,0,0x00000000,0x00000000,2,0,1,0,1
present,1341,44668526,0x00000000,0,0,0,0x00000000,0x00000000,2,0,1,0,1
present,1342,44704029,0x00000000,0,0,0,0x00000000,0x00000000,2,0,1,0,1
present,1343,44737396,0x00000000,0,0,0,0x00000000,0x00000000,2,0,1,0,1
present,1344,44769348,0x00000000,0,0,0,0x00000000,0x00000000,2,0,1,0,1
present,1345,44801960,0x00000000,0,0,0,0x00000000,0x00000000,2,0,1,0,1
present,1346,44836180,0x00000000,0,0,0,0x00000000,0x00000000,2,0,1,0,1
present,1347,44870607,0x00000000,0,0,0,0x00000000,0x00000000,2,0,1,0,1
present,1348,44900197,0x00000000,0,0,0,0x00000000,0x00000000,2,0,1,0,1
present,1349,44935220,0x00000000,0,0,0,0x00000000,0x00000000,2,0,1,0,1
present,1350,44967109,0x00000000,0,0,0,0x00000000,0x00000000,2,0,1,0,1
present,1351,45002116,0x00000000,0,0,0,0x00000000,0x00000000,2,0,1,0,1
present,1352,45034887,0x00000000,0,0,0,0x00000000,0x00000000,2,0,1,0,1
present,1353,45070617,0x00000000,0,0,0,0x00000000,0x00000000,2,0,1,0,1
present,1354,45103266,0x00000000,0,0,0,0x00000000,0x00000000,2,0,1,0,1
present,1355,45133502,0x00000000,0,0,0,0x00000000,0x00000000,2,0,1,0,1
present,1356,45169905,0x00000000,0,0,0,0x00000000,0x00000000,2,0,1,0,1
present,1357,45203290,0x00000000,0,0,0,0x00000000,0x00000000,2,0,1,0,1
present,1358,45236663,0x00000000,0,0,0,0x00000000,0x00000000,2,0,1,0,1
present,1359,45268519,0x00000000,0,0,0,0x00000000,0x00000000,2,0,1,0,1
present,1360,45303333,0x00000000,0,0,0,0x00000000,0x00000000,2,0,1,0,1
present,1361,45336720,0x00000000,0,0,0,0x00000000,0x00000000,2,0,1,0,1
present,1362,45370124,0x00000000,0,0,0,0x00000000,0x00000000,2,0,1,0,1
present,1363,45401465,0x00000000,0,0,0,0x00000000,0x00000000,2,0,1,0,1
present,1364,45437075,0x00000000,0,0,0,0x00000000,0x00000000,2,0,1,0,1
present,1365,45468502,0x00000000,0,0,0,0x00000000,0x00000000,2,0,1,0,1
present,1366,45502632,0x00000000,0,0,0,0x00000000,0x00000000,2,0,1,0,1
present,1367,45535175,0x00000000,0,0,0,0x00000000,0x00000000,2,0,1,0,1
present,1368,45569924,0x00000000,0,0,0,0x00000000,0x00000000,2,0,1,0,1
present,1369,45603139,0x00000000,0,0,0,0x00000000,0x00000000,2,0,1,0,1
present,1370,45636544,0x00000000,0,0,0,0x00000000,0x00000000,2,0,1,0,1
present,1371,45668381,0x00000000,0,0,0,0x00000000,0x00000000,2,0,1,0,1
present,1372,45701716,0x00000000,0,0,0,0x00000000,0x00000000,2,0,1,0,1
present,1373,45735069,0x00000000,0,0,0,0x00000000,0x00000000,2,0,1,0,1
present,1374,45767659,0x00000000,0,0,0,0x00000000,0x00000000,2,0,1,0,1
present,1375,45800064,0x00000000,0,0,0,0x00000000,0x00000000,2,0,1,0,1
present,1376,45834671,0x00000000,0,0,0,0x00000000,0x00000000,2,0,1,0,1
present,1377,45869803,0x00000000,0,0,0,0x00000000,0x00000000,2,0,1,0,1
present,1378,45901780,0x00000000,0,0,0,0x00000000,0x00000000,2,0,1,0,1
present,1379,45934851,0x00000000,0,0,0,0x00000000,0x00000000,2,0,1,0,1
present,1380,45970218,0x00000000,0,0,0,0x00000000,0x00000000,2,0,1,0,1
present,1381,46002272,0x00000000,0,0,0,0x00000000,0x00000000,3,0,1,0,1
present,1382,46036431,0x00000000,0,0,0,0x00000000,0x00000000,3,0,1,0,1
present,1383,46070533,0x00000000,0,0,0,0x00000000,0x00000000,3,0,1,0,1
present,1384,46104074,0x00000000,0,0,0,0x00000000,0x00000000,3,0,1,0,1
present,1385,46137394,0x00000000,0,0,0,0x00000000,0x00000000,3,0,1,0,1
present,1386,46168517,0x00000000,0,0,0,0x00000000,0x00000000,3,0,1,0,1
present,1387,46202005,0x00000000,0,0,0,0x00000000,0x00000000,3,0,1,0,1
present,1388,46235172,0x00000000,0,0,0,0x00000000,0x00000000,3,0,1,0,1
present,1389,46270611,0x00000000,0,0,0,0x00000000,0x00000000,3,0,1,0,1
present,1390,46300176,0x00000000,0,0,0,0x00000000,0x00000000,3,0,1,0,1
present,1391,46334926,0x00000000,0,0,0,0x00000000,0x00000000,3,0,1,0,1
present,1392,46367973,0x00000000,0,0,0,0x00000000,0x00000000,3,0,1,0,1
present,1393,46401740,0x00000000,0,0,0,0x00000000,0x00000000,3,0,1,0,1
present,1394,46436484,0x00000000,0,0,0,0x00000000,0x00000000,3,0,1,0,1
present,1395,46468400,0x00000000,0,0,0,0x00000000,0x00000000,3,0,1,0,1
present,1396,46501579,0x00000000,0,0,0,0x00000000,0x00000000,3,0,1,0,1
present,1397,46536955,0x00000000,0,0,0,0x00000000,0x00000000,3,0,1,0,1
present,1398,46570367,0x00000000,0,0,0,0x00000000,0x00000000,3,0,1,0,1
present,1399,46603676,0x00000000,0,0,0,0x00000000,0x00000000,3,0,1,0,1
present,1400,46636987,0x00000000,0,0,0,0x00000000,0x00000000,3,0,1,0,1
present,1401,46670130,0x00000000,0,0,0,0x00000000,0x00000000,3,0,1,0,1
present,1402,46702760,0x00000000,0,0,0,0x00000000,0x00000000,3,0,1,0,1
present,1403,46735061,0x00000000,0,0,0,0x00000000,0x00000000,3,0,1,0,1
present,1404,46768399,0x00000000,0,0,0,0x00000000,0x00000000,3,0,1,0,1
present,1405,46803443,0x00000000,0,0,0,0x00000000,0x00000000,3,0,1,0,1
present,1406,46835181,0x00000000,0,0,0,0x00000000,0x00000000,3,0,1,0,1
present,1407,46867737,0x00000000,0,0,0,0x00000000,0x00000000,3,0,1,0,1
present,1408,46901756,0x00000000,0,0,0,0x00000000,0x00000000,3,0,1,0,1
present,1409,46936476,0x00000000,0,0,0,0x00000000,0x00000000,3,0,1,0,1
present,1410,46970622,0x00000000,0,0,0,0x00000000,0x00000000,3,0,1,0,1
present,1411,47003752,0x00000000,0,0,0,0x00000000,0x00000000,3,0,1,0,1
present,1412,47036508,0x00000000,0,0,0,0x00000000,0x00000000,3,0,1,0,1
present,1413,47068404,0x00000000,0,0,0,0x00000000,0x00000000,3,0,1,0,1
present,1414,47103719,0x00000000,0,0,0,0x00000000,0x00000000,3,0,1,0,1
present,1415,47137107,0x00000000,0,0,0,0x00000000,0x00000000,3,0,1,0,1
present,1416,47167928,0x00000000,0,0,0,0x00000000,0x00000000,3,0,1,0,1
present,1417,47200800,0x00000000,0,0,0,0x00000000,0x00000000,3,0,1,0,1
present,1418,47235146,0x00000000,0,0,0,0x00000000,0x00000000,3,0,1,0,1
present,1419,47270509,0x00000000,0,0,0,0x00000000,0x00000000,3,0,1,0,1
present,1420,47302637,0x00000000,0,0,0,0x00000000,0x00000000,3,0,1,0,1
present,1421,47334065,0x00000000,0,0,0,0x00000000,0x00000000,3,0,1,0,1
present,1422,47369002,0x00000000,0,0,0,0x00000000,0x00000000,3,0,1,0,1
present,1423,47401672,0x00000000,0,0,0,0x00000000,0x00000000,3,0,1,0,1
present,1424,47436978,0x00000000,0,0,0,0x00000000,0x00000000,3,0,1,0,1
present,1425,47467171,0x00000000,0,0,0,0x00000000,0x00000000,3,0,1,0,1
present,1426,47502775,0x00000000,0,0,0,0x00000000,0x00000000,3,0,1,0,1
present,1427,47535334,0x00000000,0,0,0,0x00000000,0x00000000,3,0,1,0,1
present,1428,47568509,0x00000000,0,0,0,0x00000000,0x00000000,3,0,1,0,1
present,1429,47603326,0x00000000,0,0,0,0x00000000,0x00000000,3,0,1,0,1
present,1430,47636696,0x00000000,0,0,0,0x00000000,0x00000000,3,0,1,0,1
present,1431,47670078,0x00000000,0,0,0,0x00000000,0x00000000,3,0,1,0,1
present,1432,47700810,0x00000000,0,0,0,0x00000000,0x00000000,3,0,1,0,1
present,1433,47734116,0x00000000,0,0,0,0x00000000,0x00000000,3,0,1,0,1
present,1434,47769868,0x00000000,0,0,0,0x00000000,0x00000000,3,0,1,0,1
present,1435,47803281,0x00000000,0,0,0,0x00000000,0x00000000,3,0,1,0,1
present,1436,47834134,0x00000000,0,0,0,0x00000000,0x00000000,3,0,1,0,1
present,1437,47870125,0x00000000,0,0,0,0x00000000,0x00000000,3,0,1,0,1
present,1438,47901819,0x00000000,0,0,0,0x00000000,0x00000000,3,0,1,0,1
present,1439,47934122,0x00000000,0,0,0,0x00000000,0x00000000,3,0,1,0,1
present,1440,47968495,0x00000000,0,0,0,0x00000000,0x00000000,3,0,1,0,1
present,1441,48001200,0x00000000,0,0,0,0x00000000,0x00000000,0,0,1,0,1
present,1442,48036634,0x00000000,0,0,0,0x00000000,0x00000000,0,0,1,0,1
present,1443,48067455,0x00000000,0,0,0,0x00000000,0x00000000,0,0,1,0,1
present,1444,48102721,0x00000000,0,0,0,0x00000000,0x00000000,0,0,1,0,1
present,1445,48135158,0x00000000,0,0,0,0x00000000,0x00000000,0,0,1,0,1
present,1446,48170568,0x00000000,0,0,0,0x00000000,0x00000000,0,0,1,0,1
present,1447,48203956,0x00000000,0,0,0,0x00000000,0x00000000,0,0,1,0,1
present,1448,48237368,0x00000000,0,0,0,0x00000000,0x00000000,0,0,1,0,1
present,1449,48270791,0x00000000,0,0,0,0x00000000,0x00000000,0,0,1,0,1
present,1450,48301788,0x00000000,0,0,0,0x00000000,0x00000000,0,0,1,0,1
present,1451,48334111,0x00000000,0,0,0,0x00000000,0x00000000,0,0,1,0,1
present,1452,48369077,0x00000000,0,0,0,0x00000000,0x00000000,0,0,1,0,1
present,1453,48400072,0x00000000,0,0,0,0x00000000,0x00000000,0,0,1,0,1
present,1454,48435013,0x00000000,0,0,0,0x00000000,0x00000000,0,0,1,0,1
present,1455,48468384,0x00000000,0,0,0,0x00000000,0x00000000,0,0,1,0,1
present,1456,48505502,0x00000000,0,0,0,0x00000000,0x00000000,0,0,1,0,1
present,1457,48533671,0x00000000,0,0,0,0x00000000,0x00000000,0,0,1,0,1
present,1458,48578310,0x00000000,0,0,0,0x00000000,0x00000000,0,0,1,0,1
present,1459,48600546,0x00000000,0,0,0,0x00000000,0x00000000,0,0,1,0,1
present,1460,48635045,0x00000000,0,0,0,0x00000000,0x00000000,0,0,1,0,1
present,1461,48669407,0x00000000,0,0,0,0x00000000,0x00000000,0,0,1,0,1
present,1462,48701661,0x00000000,0,0,0,0x00000000,0x00000000,0,0,1,0,1
present,1463,48736759,0x00000000,0,0,0,0x00000000,0x00000000,0,0,1,0,1
present,1464,48769857,0x00000000,0,0,0,0x00000000,0x00000000,0,0,1,0,1
present,1465,48803946,0x00000000,0,0,0,0x00000000,0x00000000,0,0,1,0,1
present,1466,48837017,0x00000000,0,0,0,0x00000000,0x00000000,0,0,1,0,1
present,1467,48871083,0x00000000,0,0,0,0x00000000,0x00000000,0,0,1,0,1
present,1468,48900093,0x00000000,0,0,0,0x00000000,0x00000000,0,0,1,0,1
present,1469,48936555,0x00000000,0,0,0,0x00000000,0x00000000,0,0,1,0,1
present,1470,48967467,0x00000000,0,0,0,0x00000000,0x00000000,0,0,1,0,1
present,1471,49001778,0x00000000,0,0,0,0x00000000,0x00000000,0,0,1,0,1
present,1472,49037169,0x00000000,0,0,0,0x00000000,0x00000000,0,0,1,0,1
present,1473,49068222,0x00000000,0,0,0,0x00000000,0x00000000,0,0,1,0,1
present,1474,49103015,0x00000000,0,0,0,0x00000000,0x00000000,0,0,1,0,1
present,1475,49135095,0x00000000,0,0,0,0x00000000,0x00000000,0,0,1,0,1
present,1476,49169853,0x00000000,0,0,0,0x00000000,0x00000000,0,0,1,0,1
present,1477,49201358,0x00000000,0,0,0,0x00000000,0x00000000,0,0,1,0,1
present,1478,49235314,0x00000000,0,0,0,0x00000000,0x00000000,0,0,1,0,1
present,1479,49268563,0x00000000,0,0,0,0x00000000,0x00000000,0,0,1,0,1
present,1480,49302586,0x00000000,0,0,0,0x00000000,0x00000000,0,0,1,0,1
present,1481,49336981,0x00000000,0,0,0,0x00000000,0x00000000,0,0,1,0,1
present,1482,49370403,0x00000000,0,0,0,0x00000000,0x00000000,0,0,1,0,1
present,1483,49403814,0x00000000,0,0,0,0x00000000,0x00000000,0,0,1,0,1
present,1484,49433505,0x00000000,0,0,0,0x00000000,0x00000000,0,0,1,0,1
present,1485,49466780,0x00000000,0,0,0,0x00000000,0x00000000,0,0,1,0,1
present,1486,49501755,0x00000000,0,0,0,0x00000000,0x00000000,0,0,1,0,1
present,1487,49536018,0x00000000,0,0,0,0x00000000,0x00000000,0,0,1,0,1
present,1488,49568833,0x00000000,0,0,0,0x00000000,0x00000000,0,0,1,0,1
present,1489,49601747,0x00000000,0,0,0,0x00000000,0x00000000,0,0,1,0,1
present,1490,49636129,0x00000000,0,0,0,0x00000000,0x00000000,0,0,1,0,1
present,1491,49668101,0x00000000,0,0,0,0x00000000,0x00000000,0,0,1,0,1
present,1492,49701801,0x00000000,0,0,0,0x00000000,0x00000000,0,0,1,0,1
present,1493,49737211,0x00000000,0,0,0,0x00000000,0x00000000,0,0,1,0,1
present,1494,49766967,0x00000000,0,0,0,0x00000000,0x00000000,0,0,1,0,1
present,1495,49802713,0x00000000,0,0,0,0x00000000,0x00000000,0,0,1,0,1
present,1496,49837094,0x00000000,0,0,0,0x00000000,0x00000000,0,0,1,0,1
present,1497,49868658,0x00000000,0,0,0,0x00000000,0x00000000,0,0,1,0,1
present,1498,49902764,0x00000000,0,0,0,0x00000000,0x00000000,0,0,1,0,1
present,1499,49937220,0x00000000,0,0,0,0x00000000,0x00000000,0,0,1,0,1
present,1500,49968484,0x00000000,0,0,0,0x00000000,0x00000000,0,0,1,0,1
present,1501,50003865,0x00000000,0,0,0,0x00000000,0x00000000,1,0,1,0,1
present,1502,50035130,0x00000000,0,0,0,0x00000000,0x00000000,1,0,1,0,1
present,1503,50070523,0x00000000,0,0,0,0x00000000,0x00000000,1,0,1,0,1
present,1504,50101721,0x00000000,0,0,0,0x00000000,0x00000000,1,0,1,0,1
present,1505,50135176,0x00000000,0,0,0,0x00000000,0x00000000,1,0,1,0,1
present,1506,50170794,0x00000000,0,0,0,0x00000000,0x00000000,1,0,1,0,1
present,1507,50203266,0x00000000,0,0,0,0x00000000,0x00000000,1,0,1,0,1
present,1508,50234269,0x00000000,0,0,0,0x00000000,0x00000000,1,0,1,0,1
present,1509,50267803,0x00000000,0,0,0,0x00000000,0x00000000,1,0,1,0,1
present,1510,50301758,0x00000000,0,0,0,0x00000000,0x00000000,1,0,1,0,1
present,1511,50337161,0x00000000,0,0,0,0x00000000,0x00000000,1,0,1,0,1
present,1512,50368438,0x00000000,0,0,0,0x00000000,0x00000000,1,0,1,0,1
present,1513,50400158,0x00000000,0,0,0,0x00000000,0x00000000,1,0,1,0,1
present,1514,50434156,0x00000000,0,0,0,0x00000000,0x00000000,1,0,1,0,1
present,1515,50468452,0x00000000,0,0,0,0x00000000,0x00000000,1,0,1,0,1
present,1516,50501815,0x00000000,0,0,0,0x00000000,0x00000000,1,0,1,0,1
present,1517,50533478,0x00000000,0,0,0,0x00000000,0x00000000,1,0,1,0,1
present,1518,50569276,0x00000000,0,0,0,0x00000000,0x00000000,1,0,1,0,1
present,1519,50600345,0x00000000,0,0,0,0x00000000,0x00000000,1,0,1,0,1
present,1520,50635093,0x00000000,0,0,0,0x00000000,0x00000000,1,0,1,0,1
present,1521,50670501,0x00000000,0,0,0,0x00000000,0x00000000,1,0,1,0,1
present,1522,50702520,0x00000000,0,0,0,0x00000000,0x00000000,1,0,1,0,1
present,1523,50735119,0x00000000,0,0,0,0x00000000,0x00000000,1,0,1,0,1
present,1524,50767598,0x00000000,0,0,0,0x00000000,0x00000000,1,0,1,0,1
present,1525,50802444,0x00000000,0,0,0,0x00000000,0x00000000,1,0,1,0,1
present,1526,50835121,0x00000000,0,0,0,0x00000000,0x00000000,1,0,1,0,1
present,1527,50870559,0x00000000,0,0,0,0x00000000,0x00000000,1,0,1,0,1
present,1528,50901856,0x00000000,0,0,0,0x00000000,0x00000000,1,0,1,0,1
present,1529,50935144,0x00000000,0,0,0,0x00000000,0x00000000,1,0,1,0,1
present,1530,50970300,0x00000000,0,0,0,0x00000000,0x00000000,1,0,1,0,1
present,1531,51002390,0x00000000,0,0,0,0x00000000,0x00000000,1,0,1,0,1
present,1532,51035394,0x00000000,0,0,0,0x00000000,0x00000000,1,0,1,0,1
present,1533,51068450,0x00000000,0,0,0,0x00000000,0x00000000,1,0,1,0,1
present,1534,51101939,0x00000000,0,0,0,0x00000000,0x00000000,1,0,1,0,1
present,1535,51134163,0x00000000,0,0,0,0x00000000,0x00000000,1,0,1,0,1
present,1536,51167962,0x00000000,0,0,0,0x00000000,0x00000000,1,0,1,0,1
present,1537,51203412,0x00000000,0,0,0,0x00000000,0x00000000,1,0,1,0,1
present,1538,51236901,0x00000000,0,0,0,0x00000000,0x00000000,1,0,1,0,1
present,1539,51269377,0x00000000,0,0,0,0x00000000,0x00000000,1,0,1,0,1
present,1540,51303754,0x00000000,0,0,0,0x00000000,0x00000000,1,0,1,0,1
present,1541,51334164,0x00000000,0,0,0,0x00000000,0x00000000,1,0,1,0,1
present,1542,51370522,0x00000000,0,0,0,0x00000000,0x00000000,1,0,1,0,1
present,1543,51401718,0x00000000,0,0,0,0x00000000,0x00000000,1,0,1,0,1
present,1544,51433395,0x00000000,0,0,0,0x00000000,0x00000000,1,0,1,0,1
present,1545,51468327,0x00000000,0,0,0,0x00000000,0x00000000,1,0,1,0,1
present,1546,51501670,0x00000000,0,0,0,0x00000000,0x00000000,1,0,1,0,1
present,1547,51536793,0x00000000,0,0,0,0x00000000,0x00000000,1,0,1,0,1
present,1548,51569956,0x00000000,0,0,0,0x00000000,0x00000000,1,0,1,0,1
present,1549,51601678,0x00000000,0,0,0,0x00000000,0x00000000,1,0,1,0,1
present,1550,51634984,0x00000000,0,0,0,0x00000000,0x00000000,1,0,1,0,1
present,1551,51669422,0x00000000,0,0,0,0x00000000,0x00000000,1,0,1,0,1
present,1552,51701708,0x00000000,0,0,0,0x00000000,0x00000000,1,0,1,0,1
present,1553,51736821,0x00000000,0,0,0,0x00000000,0x00000000,1,0,1,0,1
present,1554,51766705,0x00000000,0,0,0,0x00000000,0x00000000,1,0,1,0,1
present,1555,51801209,0x00000000,0,0,0,0x00000000,0x00000000,1,0,1,0,1
present,1556,51836214,0x00000000,0,0,0,0x00000000,0x00000000,1,0,1,0,1
present,1557,51869418,0x00000000,0,0,0,0x00000000,0x00000000,1,0,1,0,1
present,1558,51901642,0x00000000,0,0,0,0x00000000,0x00000000,1,0,1,0,1
present,1559,51934953,0x00000000,0,0,0,0x00000000,0x00000000,1,0,1,0,1
present,1560,51969380,0x00000000,0,0,0,0x00000000,0x00000000,1,0,1,0,1
present,1561,52001746,0x00000000,0,0,0,0x00000000,0x00000000,2,0,1,0,1
present,1562,52036123,0x00000000,0,0,0,0x00000000,0x00000000,2,0,1,0,1
present,1563,52069407,0x00000000,0,0,0,0x00000000,0x00000000,2,0,1,0,1
present,1564,52102483,0x00000000,0,0,0,0x00000000,0x00000000,2,0,1,0,1
present,1565,52133432,0x00000000,0,0,0,0x00000000,0x00000000,2,0,1,0,1
present,1566,52168294,0x00000000,0,0,0,0x00000000,0x00000000,2,0,1,0,1
present,1567,52201896,0x00000000,0,0,0,0x00000000,0x00000000,2,0,1,0,1
present,1568,52234979,0x00000000,0,0,0,0x00000000,0x00000000,2,0,1,0,1
present,1569,52268498,0x00000000,0,0,0,0x00000000,0x00000000,2,0,1,0,1
present,1570,52302800,0x00000000,0,0,0,0x00000000,0x00000000,2,0,1,0,1
present,1571,52334673,0x00000000,0,0,0,0x00000000,0x00000000,2,0,1,0,1
present,1572,52368333,0x00000000,0,0,0,0x00000000,0x00000000,2,0,1,0,1
present,1573,52403721,0x00000000,0,0,0,0x00000000,0x00000000,2,0,1,0,1
present,1574,52436249,0x00000000,0,0,0,0x00000000,0x00000000,2,0,1,0,1
present,1575,52467487,0x00000000,0,0,0,0x00000000,0x00000000,2,0,1,0,1
present,1576,52503878,0x00000000,0,0,0,0x00000000,0x00000000,2,0,1,0,1
present,1577,52537287,0x00000000,0,0,0,0x00000000,0x00000000,2,0,1,0,1
present,1578,52567467,0x00000000,0,0,0,0x00000000,0x00000000,2,0,1,0,1
present,1579,52603428,0x00000000,0,0,0,0x00000000,0x00000000,2,0,1,0,1
present,1580,52635087,0x00000000,0,0,0,0x00000000,0x00000000,2,0,1,0,1
present,1581,52668538,0x00000000,0,0,0,0x00000000,0x00000000,2,0,1,0,1
present,1582,52701773,0x00000000,0,0,0,0x00000000,0x00000000,2,0,1,0,1
present,1583,52737514,0x00000000,0,0,0,0x00000000,0x00000000,2,0,1,0,1
present,1584,52769916,0x00000000,0,0,0,0x00000000,0x00000000,2,0,1,0,1
present,1585,52803257,0x00000000,0,0,0,0x00000000,0x00000000,2,0,1,0,1
present,1586,52836627,0x00000000,0,0,0,0x00000000,0x00000000,2,0,1,0,1
present,1587,52868889,0x00000000,0,0,0,0x00000000,0x00000000,2,0,1,0,1
present,1588,52903247,0x00000000,0,0,0,0x00000000,0x00000000,2,0,1,0,1
present,1589,52934140,0x00000000,0,0,0,0x00000000,0x00000000,2,0,1,0,1
present,1590,52968621,0x00000000,0,0,0,0x00000000,0x00000000,2,0,1,0,1
present,1591,53003856,0x00000000,0,0,0,0x00000000,0x00000000,2,0,1,0,1
present,1592,53034027,0x00000000,0,0,0,0x00000000,0x00000000,2,0,1,0,1
present,1593,53069814,0x00000000,0,0,0,0x00000000,0x00000000,2,0,1,0,1
present,1594,53102789,0x00000000,0,0,0,0x00000000,0x00000000,2,0,1,0,1
present,1595,53135971,0x00000000,0,0,0,0x00000000,0x00000000,2,0,1,0,1
present,1596,53168420,0x00000000,0,0,0,0x00000000,0x00000000,2,0,1,0,1
present,1597,53203786,0x00000000,0,0,0,0x00000000,0x00000000,2,0,1,0,1
present,1598,53235071,0x00000000,0,0,0,0x00000000,0x00000000,2,0,1,0,1
present,1599,53267416,0x00000000,0,0,0,0x00000000,0x00000000,2,0,1,0,1
present,1600,53303158,0x00000000,0,0,0,0x00000000,0x00000000,2,0,1,0,1
present,1601,53336561,0x00000000,0,0,0,0x00000000,0x00000000,2,0,1,0,1
present,1602,53368469,0x00000000,0,0,0,0x00000000,0x00000000,2,0,1,0,1
present,1603,53403579,0x00000000,0,0,0,0x00000000,0x00000000,2,0,1,0,1
present,1604,53437568,0x00000000,0,0,0,0x00000000,0x00000000,2,0,1,0,0
present,1605,53469165,0x00000000,0,0,0,0x00000000,0x00000000,2,0,1,0,0
present,1606,53501613,0x00000000,0,0,0,0x00000000,0x00000000,2,0,1,0,0
present,1607,53534996,0x00000000,0,0,0,0x00000000,0x00000000,2,0,1,0,0
present,1608,53568277,0x00000000,0,0,0,0x00000000,0x00000000,2,0,1,0,0
present,1609,53601645,0x00000000,0,0,0,0x00000000,0x00000000,2,0,1,0,0
present,1610,53635764,0x00000000,0,0,0,0x00000000,0x00000000,2,0,1,0,0
present,1611,53669988,0x00000000,0,0,0,0x00000000,0x00000000,2,0,1,0,0
present,1612,53703123,0x00000000,0,0,0,0x00000000,0x00000000,2,0,1,0,0
present,1613,53737280,0x00000000,0,0,0,0x00000000,0x00000000,2,0,1,0,0
present,1614,53768335,0x00000000,0,0,0,0x00000000,0x00000000,2,0,1,0,0
present,1615,53800061,0x00000000,0,0,0,0x00000000,0x00000000,2,0,1,0,0
present,1616,53834338,0x00000000,0,0,0,0x00000000,0x00000000,2,0,1,0,0
present,1617,53867960,0x00000000,0,0,0,0x00000000,0x00000000,2,0,1,0,0
present,1618,53901974,0x00000000,0,0,0,0x00000000,0x00000000,2,0,1,0,0
present,1619,53934160,0x00000000,0,0,0,0x00000000,0x00000000,2,0,1,0,0
present,1620,53970283,0x00000000,0,0,0,0x00000000,0x00000000,2,0,1,0,0
present,1621,54003415,0x00000000,0,0,0,0x00000000,0x00000000,3,0,1,0,0
present,1622,54036554,0x00000000,0,0,0,0x00000000,0x00000000,3,0,1,0,0
present,1623,54068294,0x00000000,0,0,0,0x00000000,0x00000000,3,0,1,0,0
present,1624,54101601,0x00000000,0,0,0,0x00000000,0x00000000,3,0,1,0,0
present,1625,54136255,0x00000000,0,0,0,0x00000000,0x00000000,3,0,1,0,0
present,1626,54167378,0x00000000,0,0,0,0x00000000,0x00000000,3,0,1,0,0
present,1627,54200797,0x00000000,0,0,0,0x00000000,0x00000000,3,0,1,0,0
present,1628,54233402,0x00000000,0,0,0,0x00000000,0x00000000,3,0,1,0,0
present,1629,54270662,0x00000000,0,0,0,0x00000000,0x00000000,3,0,1,0,0
present,1630,54304065,0x00000000,0,0,0,0x00000000,0x00000000,3,0,1,0,0
present,1631,54335034,0x00000000,0,0,0,0x00000000,0x00000000,3,0,1,0,0
present,1632,54367389,0x00000000,0,0,0,0x00000000,0x00000000,3,0,1,0,0
present,1633,54401697,0x00000000,0,0,0,0x00000000,0x00000000,3,0,1,0,0
present,1634,54436796,0x00000000,0,0,0,0x00000000,0x00000000,3,0,1,0,0
present,1635,54468330,0x00000000,0,0,0,0x00000000,0x00000000,3,0,1,0,0
present,1636,54500673,0x00000000,0,0,0,0x00000000,0x00000000,3,0,1,0,0
present,1637,54534943,0x00000000,0,0,0,0x00000000,0x00000000,3,0,1,0,0
present,1638,54570106,0x00000000,0,0,0,0x00000000,0x00000000,3,0,1,0,0
present,1639,54601637,0x00000000,0,0,0,0x00000000,0x00000000,3,0,1,0,0
present,1640,54634314,0x00000000,0,0,0,0x00000000,0x00000000,3,0,1,0,0
present,1641,54670178,0x00000000,0,0,0,0x00000000,0x00000000,3,0,1,0,0
present,1642,54704073,0x00000000,0,0,0,0x00000000,0x00000000,3,0,1,0,0
present,1643,54735539,0x00000000,0,0,0,0x00000000,0x00000000,3,0,1,0,0
present,1644,54768321,0x00000000,0,0,0,0x00000000,0x00000000,3,0,1,0,0
present,1645,54802588,0x00000000,0,0,0,0x00000000,0x00000000,3,0,1,0,0
present,1646,54836799,0x00000000,0,0,0,0x00000000,0x00000000,3,0,1,0,0
present,1647,54869968,0x00000000,0,0,0,0x00000000,0x00000000,3,0,1,0,0
present,1648,54903228,0x00000000,0,0,0,0x00000000,0x00000000,3,0,1,0,0
present,1649,54934214,0x00000000,0,0,0,0x00000000,0x00000000,3,0,1,0,0
present,1650,54970399,0x00000000,0,0,0,0x00000000,0x00000000,3,0,1,0,0
present,1651,55003822,0x00000000,0,0,0,0x00000000,0x00000000,3,0,1,0,0
present,1652,55035146,0x00000000,0,0,0,0x00000000,0x00000000,3,0,1,0,0
present,1653,55069071,0x00000000,0,0,0,0x00000000,0x00000000,3,0,1,0,0
present,1654,55103624,0x00000000,0,0,0,0x00000000,0x00000000,3,0,1,0,0
present,1655,55137032,0x00000000,0,0,0,0x00000000,0x00000000,3,0,1,0,0
present,1656,55169057,0x00000000,0,0,0,0x00000000,0x00000000,3,0,1,0,0
present,1657,55200740,0x00000000,0,0,0,0x00000000,0x00000000,3,0,1,0,0
present,1658,55237065,0x00000000,0,0,0,0x00000000,0x00000000,3,0,1,0,0
present,1659,55268368,0x00000000,0,0,0,0x00000000,0x00000000,3,0,1,0,0
present,1660,55301787,0x00000000,0,0,0,0x00000000,0x00000000,3,0,1,0,0
present,1661,55334946,0x00000000,0,0,0,0x00000000,0x00000000,3,0,1,0,0
present,1662,55370212,0x00000000,0,0,0,0x00000000,0x00000000,3,0,1,0,0
present,1663,55401747,0x00000000,0,0,0,0x00000000,0x00000000,3,0,1,0,0
present,1664,55434071,0x00000000,0,0,0,0x00000000,0x00000000,3,0,1,0,0
present,1665,55467505,0x00000000,0,0,0,0x00000000,0x00000000,3,0,1,0,0
present,1666,55501712,0x00000000,0,0,0,0x00000000,0x00000000,3,0,1,0,0
present,1667,55535980,0x00000000,0,0,0,0x00000000,0x00000000,3,0,1,0,0
present,1668,55568416,0x00000000,0,0,0,0x00000000,0x00000000,3,0,1,0,0
present,1669,55601743,0x00000000,0,0,0,0x00000000,0x00000000,3,0,1,0,0
present,1670,55635012,0x00000000,0,0,0,0x00000000,0x00000000,3,0,1,0,0
present,1671,55668539,0x00000000,0,0,0,0x00000000,0x00000000,3,0,1,0,0
present,1672,55701733,0x00000000,0,0,0,0x00000000,0x00000000,3,0,1,0,0
present,1673,55735036,0x00000000,0,0,0,0x00000000,0x00000000,3,0,1,0,0
present,1674,55766711,0x00000000,0,0,0,0x00000000,0x00000000,3,0,1,0,0
present,1675,55803888,0x00000000,0,0,0,0x00000000,0x00000000,3,0,1,0,0
present,1676,55837151,0x00000000,0,0,0,0x00000000,0x00000000,3,0,1,0,0
present,1677,55870327,0x00000000,0,0,0,0x00000000,0x00000000,3,0,1,0,0
present,1678,55900085,0x00000000,0,0,0,0x00000000,0x00000000,3,0,1,0,0
present,1679,55934780,0x00000000,0,0,0,0x00000000,0x00000000,3,0,1,0,0
present,1680,55969957,0x00000000,0,0,0,0x00000000,0x00000000,3,0,1,0,0
present,1681,56003297,0x00000000,0,0,0,0x00000000,0x00000000,0,0,1,0,0
present,1682,56036646,0x00000000,0,0,0,0x00000000,0x00000000,0,0,1,0,0
present,1683,56068339,0x00000000,0,0,0,0x00000000,0x00000000,0,0,1,0,0
present,1684,56103652,0x00000000,0,0,0,0x00000000,0x00000000,0,0,1,0,0
present,1685,56137056,0x00000000,0,0,0,0x00000000,0x00000000,0,0,1,0,0
present,1686,56168370,0x00000000,0,0,0,0x00000000,0x00000000,0,0,1,0,0
present,1687,56200790,0x00000000,0,0,0,0x00000000,0x00000000,0,0,1,0,0
present,1688,56233974,0x00000000,0,0,0,0x00000000,0x00000000,0,0,1,0,0
present,1689,56270164,0x00000000,0,0,0,0x00000000,0x00000000,0,0,1,0,0
present,1690,56303351,0x00000000,0,0,0,0x00000000,0x00000000,0,0,1,0,0
present,1691,56333423,0x00000000,0,0,0,0x00000000,0x00000000,0,0,1,0,0
present,1692,56370730,0x00000000,0,0,0,0x00000000,0x00000000,0,0,1,0,0
present,1693,56404065,0x00000000,0,0,0,0x00000000,0x00000000,0,0,1,0,0
present,1694,56435049,0x00000000,0,0,0,0x00000000,0x00000000,0,0,1,0,0
present,1695,56468408,0x00000000,0,0,0,0x00000000,0x00000000,0,0,1,0,0
present,1696,56501795,0x00000000,0,0,0,0x00000000,0x00000000,0,0,1,0,0
present,1697,56537189,0x00000000,0,0,0,0x00000000,0x00000000,0,0,1,0,0
present,1698,56569323,0x00000000,0,0,0,0x00000000,0x00000000,0,0,1,0,0
present,1699,56603602,0x00000000,0,0,0,0x00000000,0x00000000,0,0,1,0,0
present,1700,56636770,0x00000000,0,0,0,0x00000000,0x00000000,0,0,1,0,0
present,1701,56669948,0x00000000,0,0,0,0x00000000,0x00000000,0,0,1,0,0
present,1702,56701677,0x00000000,0,0,0,0x00000000,0x00000000,0,0,1,0,0
present,1703,56734187,0x00000000,0,0,0,0x00000000,0x00000000,0,0,1,0,0
present,1704,56768615,0x00000000,0,0,0,0x00000000,0x00000000,0,0,1,0,0
present,1705,56801861,0x00000000,0,0,0,0x00000000,0x00000000,0,0,1,0,0
present,1706,56837422,0x00000000,0,0,0,0x00000000,0x00000000,0,0,1,0,0
present,1707,56868135,0x00000000,0,0,0,0x00000000,0x00000000,0,0,1,0,0
present,1708,56902079,0x00000000,0,0,0,0x00000000,0x00000000,0,0,1,0,0
present,1709,56935099,0x00000000,0,0,0,0x00000000,0x00000000,0,0,1,0,0
present,1710,56970480,0x00000000,0,0,0,0x00000000,0x00000000,0,0,1,0,0
present,1711,57001699,0x00000000,0,0,0,0x00000000,0x00000000,0,0,1,0,0
present,1712,57033449,0x00000000,0,0,0,0x00000000,0x00000000,0,0,1,0,0
present,1713,57067351,0x00000000,0,0,0,0x00000000,0x00000000,0,0,1,0,0
present,1714,57103359,0x00000000,0,0,0,0x00000000,0x00000000,0,0,1,0,0
present,1715,57134832,0x00000000,0,0,0,0x00000000,0x00000000,0,0,1,0,0
present,1716,57168356,0x00000000,0,0,0,0x00000000,0x00000000,0,0,1,0,0
present,1717,57201804,0x00000000,0,0,0,0x00000000,0x00000000,0,0,1,0,0
present,1718,57234154,0x00000000,0,0,0,0x00000000,0x00000000,0,0,1,0,0
present,1719,57269818,0x00000000,0,0,0,0x00000000,0x00000000,0,0,1,0,0
present,1720,57300679,0x00000000,0,0,0,0x00000000,0x00000000,0,0,1,0,0
present,1721,57334072,0x00000000,0,0,0,0x00000000,0x00000000,0,0,1,0,0
present,1722,57370484,0x00000000,0,0,0,0x00000000,0x00000000,0,0,1,0,0
present,1723,57403877,0x00000000,0,0,0,0x00000000,0x00000000,0,0,1,0,0
present,1724,57433477,0x00000000,0,0,0,0x00000000,0x00000000,0,0,1,0,0
present,1725,57469824,0x00000000,0,0,0,0x00000000,0x00000000,0,0,1,0,0
present,1726,57501676,0x00000000,0,0,0,0x00000000,0x00000000,0,0,1,0,0
present,1727,57536308,0x00000000,0,0,0,0x00000000,0x00000000,0,0,1,0,0
present,1728,57566702,0x00000000,0,0,0,0x00000000,0x00000000,0,0,1,0,0
present,1729,57601186,0x00000000,0,0,0,0x00000000,0x00000000,0,0,1,0,0
present,1730,57635493,0x00000000,0,0,0,0x00000000,0x00000000,0,0,1,0,0
present,1731,57669382,0x00000000,0,0,0,0x00000000,0x00000000,0,0,1,0,0
present,1732,57700659,0x00000000,0,0,0,0x00000000,0x00000000,0,0,1,0,0
present,1733,57733473,0x00000000,0,0,0,0x00000000,0x00000000,0,0,1,0,0
present,1734,57767315,0x00000000,0,0,0,0x00000000,0x00000000,0,0,1,0,0
present,1735,57802429,0x00000000,0,0,0,0x00000000,0x00000000,0,0,1,0,0
present,1736,57836834,0x00000000,0,0,0,0x00000000,0x00000000,0,0,1,0,0
present,1737,57868422,0x00000000,0,0,0,0x00000000,0x00000000,0,0,1,0,0
present,1738,57901010,0x00000000,0,0,0,0x00000000,0x00000000,0,0,1,0,0
present,1739,57937441,0x00000000,0,0,0,0x00000000,0x00000000,0,0,1,0,0
present,1740,57970831,0x00000000,0,0,0,0x00000000,0x00000000,0,0,1,0,0
present,1741,58001719,0x00000000,0,0,0,0x00000000,0x00000000,1,0,1,0,0
present,1742,58034097,0x00000000,0,0,0,0x00000000,0x00000000,1,0,1,0,0
present,1743,58068346,0x00000000,0,0,0,0x00000000,0x00000000,1,0,1,0,0
present,1744,58103400,0x00000000,0,0,0,0x00000000,0x00000000,1,0,1,0,0
present,1745,58135075,0x00000000,0,0,0,0x00000000,0x00000000,1,0,1,0,0
present,1746,58170243,0x00000000,0,0,0,0x00000000,0x00000000,1,0,1,0,0
present,1747,58201820,0x00000000,0,0,0,0x00000000,0x00000000,1,0,1,0,0
present,1748,58237332,0x00000000,0,0,0,0x00000000,0x00000000,1,0,1,0,0
present,1749,58268253,0x00000000,0,0,0,0x00000000,0x00000000,1,0,1,0,0
present,1750,58301681,0x00000000,0,0,0,0x00000000,0x00000000,1,0,1,0,0
present,1751,58334957,0x00000000,0,0,0,0x00000000,0x00000000,1,0,1,0,0
present,1752,58368319,0x00000000,0,0,0,0x00000000,0x00000000,1,0,1,0,0
present,1753,58401712,0x00000000,0,0,0,0x00000000,0x00000000,1,0,1,0,0
present,1754,58436790,0x00000000,0,0,0,0x00000000,0x00000000,1,0,1,0,0
present,1755,58468398,0x00000000,0,0,0,0x00000000,0x00000000,1,0,1,0,0
present,1756,58503732,0x00000000,0,0,0,0x00000000,0x00000000,1,0,1,0,0
present,1757,58534014,0x00000000,0,0,0,0x00000000,0x00000000,1,0,1,0,0
present,1758,58567776,0x00000000,0,0,0,0x00000000,0x00000000,1,0,1,0,0
present,1759,58601387,0x00000000,0,0,0,0x00000000,0x00000000,1,0,1,0,0
present,1760,58634020,0x00000000,0,0,0,0x00000000,0x00000000,1,0,1,0,0
present,1761,58670411,0x00000000,0,0,0,0x00000000,0x00000000,1,0,1,0,0
present,1762,58701588,0x00000000,0,0,0,0x00000000,0x00000000,1,0,1,0,0
present,1763,58734680,0x00000000,0,0,0,0x00000000,0x00000000,1,0,1,0,0
present,1764,58767639,0x00000000,0,0,0,0x00000000,0x00000000,1,0,1,0,0
present,1765,58804127,0x00000000,0,0,0,0x00000000,0x00000000,1,0,1,0,0
present,1766,58834609,0x00000000,0,0,0,0x00000000,0x00000000,1,0,1,0,0
present,1767,58870035,0x00000000,0,0,0,0x00000000,0x00000000,1,0,1,0,0
present,1768,58903470,0x00000000,0,0,0,0x00000000,0x00000000,1,0,1,0,0
present,1769,58942894,0x00000000,0,0,0,0x00000000,0x00000000,1,0,1,0,0
present,1770,58979686,0x00000000,0,0,0,0x00000000,0x00000000,1,0,1,0,1
present,1771,59001600,0x00000000,0,0,0,0x00000000,0x00000000,1,0,1,0,1
present,1772,59034882,0x00000000,0,0,0,0x00000000,0x00000000,1,0,1,0,1
present,1773,59070068,0x00000000,0,0,0,0x00000000,0x00000000,1,0,1,0,1
present,1774,59101765,0x00000000,0,0,0,0x00000000,0x00000000,1,0,1,0,1
present,1775,59137148,0x00000000,0,0,0,0x00000000,0x00000000,1,0,1,0,1
present,1776,59168374,0x00000000,0,0,0,0x00000000,0x00000000,1,0,1,0,1
present,1777,59201748,0x00000000,0,0,0,0x00000000,0x00000000,1,0,1,0,1
present,1778,59235060,0x00000000,0,0,0,0x00000000,0x00000000,1,0,1,0,1
present,1779,59268340,0x00000000,0,0,0,0x00000000,0x00000000,1,0,1,0,1
present,1780,59300453,0x00000000,0,0,0,0x00000000,0x00000000,1,0,1,0,1
present,1781,59336913,0x00000000,0,0,0,0x00000000,0x00000000,1,0,1,0,1
present,1782,59368268,0x00000000,0,0,0,0x00000000,0x00000000,1,0,1,0,1
present,1783,59403603,0x00000000,0,0,0,0x00000000,0x00000000,1,0,1,0,1
present,1784,59436846,0x00000000,0,0,0,0x00000000,0x00000000,1,0,1,0,1
present,1785,59468270,0x00000000,0,0,0,0x00000000,0x00000000,1,0,1,0,1
present,1786,59501551,0x00000000,0,0,0,0x00000000,0x00000000,1,0,1,0,1
present,1787,59533654,0x00000000,0,0,0,0x00000000,0x00000000,1,0,1,0,1
present,1788,59566899,0x00000000,0,0,0,0x00000000,0x00000000,1,0,1,0,1
present,1789,59602011,0x00000000,0,0,0,0x00000000,0x00000000,1,0,1,0,1
present,1790,59634301,0x00000000,0,0,0,0x00000000,0x00000000,1,0,1,0,1
present,1791,59670130,0x00000000,0,0,0,0x00000000,0x00000000,1,0,1,0,1
present,1792,59700738,0x00000000,0,0,0,0x00000000,0x00000000,1,0,1,0,1
present,1793,59734986,0x00000000,0,0,0,0x00000000,0x00000000,1,0,1,0,1
present,1794,59769560,0x00000000,0,0,0,0x00000000,0x00000000,1,0,1,0,1
present,1795,59802147,0x00000000,0,0,0,0x00000000,0x00000000,1,0,1,0,1
present,1796,59837432,0x00000000,0,0,0,0x00000000,0x00000000,1,0,1,0,1
present,1797,59870380,0x00000000,0,0,0,0x00000000,0x00000000,1,0,1,0,1
present,1798,59901864,0x00000000,0,0,0,0x00000000,0x00000000,1,0,1,0,1
present,1799,59937387,0x00000000,0,0,0,0x00000000,0x00000000,1,0,1,0,1
present,1800,59967699,0x00000000,0,0,0,0x00000000,0x00000000,1,0,1,0,1
present,1801,60001886,0x00000000,0,0,0,0x00000000,0x00000000,2,0,1,0,1
exit,1801,60036275,0x00000000,0,0
